condition,query,execution,operator_kind,duration_ms
paging,q1,1,GPU_SCAN,2911.1898330000004
paging,q1,1,GPU_SCAN,2720.607106
paging,q1,1,GPU_SCAN,2436.795107
paging,q1,1,HASH_GROUP_BY,758.9349580000002
paging,q1,1,HASH_GROUP_BY,739.2417710000001
paging,q1,1,HASH_GROUP_BY,683.580871
paging,q1,1,MERGE_GROUP_BY,1.347483
paging,q1,1,MERGE_GROUP_BY,1.183024
paging,q1,1,MERGE_GROUP_BY,2.709189
paging,q1,1,MERGE_SORT,0.912771
paging,q1,1,MERGE_SORT,1.4859
paging,q1,1,MERGE_SORT,2.914822
paging,q1,1,ORDER_BY,1.059113
paging,q1,1,ORDER_BY,0.539674
paging,q1,1,ORDER_BY,1.087064
paging,q1,1,PARTITION,0.35002099999999997
paging,q1,1,PARTITION,1.042863
paging,q1,1,PARTITION,0.5922330000000001
paging,q1,1,PROJECTION,175.74613599999995
paging,q1,1,PROJECTION,98.29912900000001
paging,q1,1,PROJECTION,76.84086300000001
paging,q1,1,RESULT_COLLECTOR,0.135098
paging,q1,1,RESULT_COLLECTOR,0.168316
paging,q1,1,RESULT_COLLECTOR,0.165474
paging,q1,1,SORT_PARTITION,1.630519
paging,q1,1,SORT_PARTITION,0.742275
paging,q1,1,SORT_PARTITION,0.532186
paging,q1,1,SORT_SAMPLE,0.606526
paging,q1,1,SORT_SAMPLE,0.326395
paging,q1,1,SORT_SAMPLE,0.243655
paging,q1,2,GPU_SCAN,2778.359788
paging,q1,2,GPU_SCAN,2772.2615029999997
paging,q1,2,GPU_SCAN,2782.7732969999997
paging,q1,2,HASH_GROUP_BY,774.583494
paging,q1,2,HASH_GROUP_BY,756.731432
paging,q1,2,HASH_GROUP_BY,722.6938150000001
paging,q1,2,MERGE_GROUP_BY,2.169677
paging,q1,2,MERGE_GROUP_BY,2.056216
paging,q1,2,MERGE_GROUP_BY,1.172242
paging,q1,2,MERGE_SORT,1.716567
paging,q1,2,MERGE_SORT,2.199024
paging,q1,2,MERGE_SORT,2.717379
paging,q1,2,ORDER_BY,0.89761
paging,q1,2,ORDER_BY,1.093714
paging,q1,2,ORDER_BY,0.814788
paging,q1,2,PARTITION,0.45155300000000004
paging,q1,2,PARTITION,0.5763350000000002
paging,q1,2,PARTITION,0.36312099999999997
paging,q1,2,PROJECTION,101.466105
paging,q1,2,PROJECTION,156.01340799999997
paging,q1,2,PROJECTION,108.50138400000002
paging,q1,2,RESULT_COLLECTOR,0.153381
paging,q1,2,RESULT_COLLECTOR,0.135894
paging,q1,2,RESULT_COLLECTOR,0.17584
paging,q1,2,SORT_PARTITION,0.520228
paging,q1,2,SORT_PARTITION,1.515717
paging,q1,2,SORT_PARTITION,0.634293
paging,q1,2,SORT_SAMPLE,0.236839
paging,q1,2,SORT_SAMPLE,0.570716
paging,q1,2,SORT_SAMPLE,0.272042
paging,q1,3,GPU_SCAN,3032.689691
paging,q1,3,GPU_SCAN,2735.2973460000003
paging,q1,3,GPU_SCAN,2898.2417069999997
paging,q1,3,HASH_GROUP_BY,912.082937
paging,q1,3,HASH_GROUP_BY,775.7071980000001
paging,q1,3,HASH_GROUP_BY,770.5881929999999
paging,q1,3,MERGE_GROUP_BY,2.840684
paging,q1,3,MERGE_GROUP_BY,1.165165
paging,q1,3,MERGE_GROUP_BY,1.142064
paging,q1,3,MERGE_SORT,1.755623
paging,q1,3,MERGE_SORT,0.842324
paging,q1,3,MERGE_SORT,2.670984
paging,q1,3,ORDER_BY,0.382383
paging,q1,3,ORDER_BY,0.426499
paging,q1,3,ORDER_BY,0.421946
paging,q1,3,PARTITION,0.652502
paging,q1,3,PARTITION,0.327794
paging,q1,3,PARTITION,0.449572
paging,q1,3,PROJECTION,142.17394099999999
paging,q1,3,PROJECTION,105.769978
paging,q1,3,PROJECTION,168.58248500000002
paging,q1,3,RESULT_COLLECTOR,0.14803
paging,q1,3,RESULT_COLLECTOR,0.165535
paging,q1,3,RESULT_COLLECTOR,0.177594
paging,q1,3,SORT_PARTITION,0.562166
paging,q1,3,SORT_PARTITION,0.532915
paging,q1,3,SORT_PARTITION,0.491658
paging,q1,3,SORT_SAMPLE,0.208043
paging,q1,3,SORT_SAMPLE,0.171356
paging,q1,3,SORT_SAMPLE,0.142551
paging,q1,4,GPU_SCAN,2975.440739
paging,q1,4,GPU_SCAN,2872.126794
paging,q1,4,GPU_SCAN,3008.6086779999996
paging,q1,4,HASH_GROUP_BY,842.7749369999999
paging,q1,4,HASH_GROUP_BY,795.405598
paging,q1,4,HASH_GROUP_BY,815.694165
paging,q1,4,MERGE_GROUP_BY,3.444792
paging,q1,4,MERGE_GROUP_BY,3.261131
paging,q1,4,MERGE_GROUP_BY,1.179071
paging,q1,4,MERGE_SORT,2.991021
paging,q1,4,MERGE_SORT,2.689109
paging,q1,4,MERGE_SORT,2.590714
paging,q1,4,ORDER_BY,0.671047
paging,q1,4,ORDER_BY,0.979365
paging,q1,4,ORDER_BY,1.052153
paging,q1,4,PARTITION,0.46422700000000006
paging,q1,4,PARTITION,1.8197870000000005
paging,q1,4,PARTITION,0.578456
paging,q1,4,PROJECTION,187.28067099999998
paging,q1,4,PROJECTION,136.62938799999998
paging,q1,4,PROJECTION,139.16557300000002
paging,q1,4,RESULT_COLLECTOR,0.191181
paging,q1,4,RESULT_COLLECTOR,0.163066
paging,q1,4,RESULT_COLLECTOR,0.22303
paging,q1,4,SORT_PARTITION,1.55857
paging,q1,4,SORT_PARTITION,1.396992
paging,q1,4,SORT_PARTITION,1.470534
paging,q1,4,SORT_SAMPLE,0.614664
paging,q1,4,SORT_SAMPLE,0.622218
paging,q1,4,SORT_SAMPLE,0.532509
paging,q1,5,GPU_SCAN,2931.9553690000002
paging,q1,5,GPU_SCAN,2850.6455109999997
paging,q1,5,GPU_SCAN,3054.318029
paging,q1,5,HASH_GROUP_BY,826.8744370000001
paging,q1,5,HASH_GROUP_BY,781.401621
paging,q1,5,HASH_GROUP_BY,829.9724539999999
paging,q1,5,MERGE_GROUP_BY,2.05907
paging,q1,5,MERGE_GROUP_BY,2.230292
paging,q1,5,MERGE_GROUP_BY,1.109889
paging,q1,5,MERGE_SORT,2.813225
paging,q1,5,MERGE_SORT,2.807448
paging,q1,5,MERGE_SORT,1.924837
paging,q1,5,ORDER_BY,0.822898
paging,q1,5,ORDER_BY,0.486762
paging,q1,5,ORDER_BY,0.650642
paging,q1,5,PARTITION,0.8557820000000002
paging,q1,5,PARTITION,0.6616919999999998
paging,q1,5,PARTITION,0.626686
paging,q1,5,PROJECTION,116.42467500000001
paging,q1,5,PROJECTION,133.31515900000002
paging,q1,5,PROJECTION,134.53282599999997
paging,q1,5,RESULT_COLLECTOR,0.168589
paging,q1,5,RESULT_COLLECTOR,0.140213
paging,q1,5,RESULT_COLLECTOR,0.17096
paging,q1,5,SORT_PARTITION,1.256905
paging,q1,5,SORT_PARTITION,1.49332
paging,q1,5,SORT_PARTITION,1.492527
paging,q1,5,SORT_SAMPLE,0.45708
paging,q1,5,SORT_SAMPLE,0.55976
paging,q1,5,SORT_SAMPLE,0.55645
paging,q2,1,CONCAT,0.584087
paging,q2,1,CONCAT,0.6187520000000001
paging,q2,1,CONCAT,0.3604260000000001
paging,q2,1,DYNAMIC_FILTER,4.415856
paging,q2,1,DYNAMIC_FILTER,4.429088
paging,q2,1,DYNAMIC_FILTER,4.487948
paging,q2,1,FILTER,0.547813
paging,q2,1,FILTER,0.599033
paging,q2,1,FILTER,0.531473
paging,q2,1,GPU_SCAN,256.655
paging,q2,1,GPU_SCAN,257.297825
paging,q2,1,GPU_SCAN,257.165877
paging,q2,1,HASH_GROUP_BY,0.418007
paging,q2,1,HASH_GROUP_BY,0.570952
paging,q2,1,HASH_GROUP_BY,0.330112
paging,q2,1,HASH_JOIN,7.243953
paging,q2,1,HASH_JOIN,10.186875000000002
paging,q2,1,HASH_JOIN,5.253559
paging,q2,1,LEFT_DELIM_JOIN,0.127572
paging,q2,1,LEFT_DELIM_JOIN,0.293935
paging,q2,1,LEFT_DELIM_JOIN,0.169861
paging,q2,1,MERGE_GROUP_BY,0.023131000000000002
paging,q2,1,MERGE_GROUP_BY,0.016471
paging,q2,1,MERGE_GROUP_BY,0.008966
paging,q2,1,MERGE_SORT,0.012982
paging,q2,1,MERGE_SORT,0.012509
paging,q2,1,MERGE_SORT,0.008568
paging,q2,1,ORDER_BY,1.1532
paging,q2,1,ORDER_BY,1.167027
paging,q2,1,ORDER_BY,1.152264
paging,q2,1,PARTITION,0.27446400000000004
paging,q2,1,PARTITION,0.4006579999999999
paging,q2,1,PARTITION,0.160421
paging,q2,1,PROJECTION,0.09254899999999999
paging,q2,1,PROJECTION,0.083364
paging,q2,1,PROJECTION,0.034441
paging,q2,1,RESULT_COLLECTOR,3.067207
paging,q2,1,RESULT_COLLECTOR,9.192323
paging,q2,1,RESULT_COLLECTOR,1.221657
paging,q2,1,SORT_PARTITION,0.006494
paging,q2,1,SORT_PARTITION,0.011376
paging,q2,1,SORT_PARTITION,0.007473
paging,q2,1,SORT_SAMPLE,0.010686
paging,q2,1,SORT_SAMPLE,0.012323
paging,q2,1,SORT_SAMPLE,0.011229
paging,q2,2,CONCAT,0.669078
paging,q2,2,CONCAT,0.979218
paging,q2,2,CONCAT,0.930417
paging,q2,2,DYNAMIC_FILTER,4.468211
paging,q2,2,DYNAMIC_FILTER,4.438839
paging,q2,2,DYNAMIC_FILTER,4.506246
paging,q2,2,FILTER,0.542492
paging,q2,2,FILTER,0.544409
paging,q2,2,FILTER,0.984996
paging,q2,2,GPU_SCAN,254.598063
paging,q2,2,GPU_SCAN,258.622553
paging,q2,2,GPU_SCAN,256.559861
paging,q2,2,HASH_GROUP_BY,0.326875
paging,q2,2,HASH_GROUP_BY,0.564938
paging,q2,2,HASH_GROUP_BY,0.713611
paging,q2,2,HASH_JOIN,8.499759999999998
paging,q2,2,HASH_JOIN,8.393255
paging,q2,2,HASH_JOIN,11.458336000000001
paging,q2,2,LEFT_DELIM_JOIN,0.152943
paging,q2,2,LEFT_DELIM_JOIN,0.258008
paging,q2,2,LEFT_DELIM_JOIN,0.117353
paging,q2,2,MERGE_GROUP_BY,0.014013
paging,q2,2,MERGE_GROUP_BY,0.013839
paging,q2,2,MERGE_GROUP_BY,0.01695
paging,q2,2,MERGE_SORT,0.032053
paging,q2,2,MERGE_SORT,0.01355
paging,q2,2,MERGE_SORT,0.009764
paging,q2,2,ORDER_BY,1.148685
paging,q2,2,ORDER_BY,1.138745
paging,q2,2,ORDER_BY,1.244506
paging,q2,2,PARTITION,0.24628500000000003
paging,q2,2,PARTITION,0.361975
paging,q2,2,PARTITION,0.546967
paging,q2,2,PROJECTION,0.051591
paging,q2,2,PROJECTION,0.09485299999999999
paging,q2,2,PROJECTION,0.11163999999999999
paging,q2,2,RESULT_COLLECTOR,1.573632
paging,q2,2,RESULT_COLLECTOR,3.578886
paging,q2,2,RESULT_COLLECTOR,1.286753
paging,q2,2,SORT_PARTITION,0.00886
paging,q2,2,SORT_PARTITION,0.009817
paging,q2,2,SORT_PARTITION,0.008814
paging,q2,2,SORT_SAMPLE,0.011065
paging,q2,2,SORT_SAMPLE,0.01364
paging,q2,2,SORT_SAMPLE,0.012646
paging,q2,3,CONCAT,0.739814
paging,q2,3,CONCAT,0.527318
paging,q2,3,CONCAT,0.5139509999999999
paging,q2,3,DYNAMIC_FILTER,4.48756
paging,q2,3,DYNAMIC_FILTER,4.477822
paging,q2,3,DYNAMIC_FILTER,4.444064
paging,q2,3,FILTER,0.541101
paging,q2,3,FILTER,0.548958
paging,q2,3,FILTER,0.529584
paging,q2,3,GPU_SCAN,254.075338
paging,q2,3,GPU_SCAN,260.006186
paging,q2,3,GPU_SCAN,257.421839
paging,q2,3,HASH_GROUP_BY,0.398537
paging,q2,3,HASH_GROUP_BY,0.322369
paging,q2,3,HASH_GROUP_BY,0.415915
paging,q2,3,HASH_JOIN,9.072147
paging,q2,3,HASH_JOIN,8.537799000000001
paging,q2,3,HASH_JOIN,6.1745470000000005
paging,q2,3,LEFT_DELIM_JOIN,0.229037
paging,q2,3,LEFT_DELIM_JOIN,0.13195
paging,q2,3,LEFT_DELIM_JOIN,0.128872
paging,q2,3,MERGE_GROUP_BY,0.012598999999999999
paging,q2,3,MERGE_GROUP_BY,0.012364
paging,q2,3,MERGE_GROUP_BY,0.017779
paging,q2,3,MERGE_SORT,0.01058
paging,q2,3,MERGE_SORT,0.010033
paging,q2,3,MERGE_SORT,0.011445
paging,q2,3,ORDER_BY,1.14919
paging,q2,3,ORDER_BY,1.164661
paging,q2,3,ORDER_BY,1.107121
paging,q2,3,PARTITION,0.43730800000000003
paging,q2,3,PARTITION,0.420755
paging,q2,3,PARTITION,0.349712
paging,q2,3,PROJECTION,0.042119000000000004
paging,q2,3,PROJECTION,0.041073
paging,q2,3,PROJECTION,0.052128999999999995
paging,q2,3,RESULT_COLLECTOR,1.298658
paging,q2,3,RESULT_COLLECTOR,1.202593
paging,q2,3,RESULT_COLLECTOR,1.218316
paging,q2,3,SORT_PARTITION,0.010179
paging,q2,3,SORT_PARTITION,0.011127
paging,q2,3,SORT_PARTITION,0.008388
paging,q2,3,SORT_SAMPLE,0.012849
paging,q2,3,SORT_SAMPLE,0.013057
paging,q2,3,SORT_SAMPLE,0.011952
paging,q2,4,CONCAT,1.5042980000000001
paging,q2,4,CONCAT,1.0554389999999998
paging,q2,4,CONCAT,0.492805
paging,q2,4,DYNAMIC_FILTER,4.759886
paging,q2,4,DYNAMIC_FILTER,4.6935400000000005
paging,q2,4,DYNAMIC_FILTER,4.398248000000001
paging,q2,4,FILTER,0.672336
paging,q2,4,FILTER,0.586765
paging,q2,4,FILTER,0.713018
paging,q2,4,GPU_SCAN,259.556477
paging,q2,4,GPU_SCAN,259.686919
paging,q2,4,GPU_SCAN,253.943487
paging,q2,4,HASH_GROUP_BY,0.629958
paging,q2,4,HASH_GROUP_BY,0.341814
paging,q2,4,HASH_GROUP_BY,0.57047
paging,q2,4,HASH_JOIN,8.392586000000001
paging,q2,4,HASH_JOIN,8.051053
paging,q2,4,HASH_JOIN,7.152037999999999
paging,q2,4,LEFT_DELIM_JOIN,0.256995
paging,q2,4,LEFT_DELIM_JOIN,0.17697
paging,q2,4,LEFT_DELIM_JOIN,0.178544
paging,q2,4,MERGE_GROUP_BY,0.01627
paging,q2,4,MERGE_GROUP_BY,0.023901000000000002
paging,q2,4,MERGE_GROUP_BY,0.022625
paging,q2,4,MERGE_SORT,0.015283
paging,q2,4,MERGE_SORT,0.011441
paging,q2,4,MERGE_SORT,0.009981
paging,q2,4,ORDER_BY,1.276478
paging,q2,4,ORDER_BY,1.159564
paging,q2,4,ORDER_BY,1.158422
paging,q2,4,PARTITION,0.564865
paging,q2,4,PARTITION,0.344109
paging,q2,4,PARTITION,0.227011
paging,q2,4,PROJECTION,0.079648
paging,q2,4,PROJECTION,0.036994
paging,q2,4,PROJECTION,0.058623999999999996
paging,q2,4,RESULT_COLLECTOR,1.736956
paging,q2,4,RESULT_COLLECTOR,1.2202
paging,q2,4,RESULT_COLLECTOR,1.261423
paging,q2,4,SORT_PARTITION,0.012035
paging,q2,4,SORT_PARTITION,0.007503
paging,q2,4,SORT_PARTITION,0.00666
paging,q2,4,SORT_SAMPLE,0.017821
paging,q2,4,SORT_SAMPLE,0.012355
paging,q2,4,SORT_SAMPLE,0.011988
paging,q2,5,CONCAT,0.85355
paging,q2,5,CONCAT,0.669672
paging,q2,5,CONCAT,0.756893
paging,q2,5,DYNAMIC_FILTER,4.487960999999999
paging,q2,5,DYNAMIC_FILTER,4.539283
paging,q2,5,DYNAMIC_FILTER,4.552067
paging,q2,5,FILTER,0.681113
paging,q2,5,FILTER,0.579777
paging,q2,5,FILTER,0.513578
paging,q2,5,GPU_SCAN,254.584247
paging,q2,5,GPU_SCAN,259.33439799999996
paging,q2,5,GPU_SCAN,258.22394
paging,q2,5,HASH_GROUP_BY,0.736879
paging,q2,5,HASH_GROUP_BY,0.390647
paging,q2,5,HASH_GROUP_BY,0.603903
paging,q2,5,HASH_JOIN,10.021728000000001
paging,q2,5,HASH_JOIN,5.922283
paging,q2,5,HASH_JOIN,10.046558999999998
paging,q2,5,LEFT_DELIM_JOIN,0.169307
paging,q2,5,LEFT_DELIM_JOIN,0.151249
paging,q2,5,LEFT_DELIM_JOIN,0.285496
paging,q2,5,MERGE_GROUP_BY,0.015102999999999998
paging,q2,5,MERGE_GROUP_BY,0.010575000000000001
paging,q2,5,MERGE_GROUP_BY,0.019131
paging,q2,5,MERGE_SORT,0.014421
paging,q2,5,MERGE_SORT,0.009078
paging,q2,5,MERGE_SORT,0.008979
paging,q2,5,ORDER_BY,1.203871
paging,q2,5,ORDER_BY,1.163369
paging,q2,5,ORDER_BY,1.117734
paging,q2,5,PARTITION,0.39849300000000004
paging,q2,5,PARTITION,0.194436
paging,q2,5,PARTITION,0.431345
paging,q2,5,PROJECTION,0.070185
paging,q2,5,PROJECTION,0.037356
paging,q2,5,PROJECTION,0.05824
paging,q2,5,RESULT_COLLECTOR,2.264868
paging,q2,5,RESULT_COLLECTOR,1.253171
paging,q2,5,RESULT_COLLECTOR,1.194463
paging,q2,5,SORT_PARTITION,0.013
paging,q2,5,SORT_PARTITION,0.008044
paging,q2,5,SORT_PARTITION,0.014856
paging,q2,5,SORT_SAMPLE,0.024049
paging,q2,5,SORT_SAMPLE,0.010645
paging,q2,5,SORT_SAMPLE,0.018922
paging,q3,1,CONCAT,3.689516
paging,q3,1,CONCAT,3.5367439999999997
paging,q3,1,CONCAT,3.571591
paging,q3,1,DYNAMIC_FILTER,14.364984999999999
paging,q3,1,DYNAMIC_FILTER,24.05956
paging,q3,1,DYNAMIC_FILTER,16.177426999999998
paging,q3,1,GPU_SCAN,2793.159797
paging,q3,1,GPU_SCAN,2669.598864
paging,q3,1,GPU_SCAN,2710.958179
paging,q3,1,HASH_GROUP_BY,0.92273
paging,q3,1,HASH_GROUP_BY,0.85818
paging,q3,1,HASH_GROUP_BY,0.894083
paging,q3,1,HASH_JOIN,5.935828
paging,q3,1,HASH_JOIN,6.175715
paging,q3,1,HASH_JOIN,6.464867
paging,q3,1,MERGE_GROUP_BY,0.010753
paging,q3,1,MERGE_GROUP_BY,0.049824
paging,q3,1,MERGE_GROUP_BY,0.057043
paging,q3,1,MERGE_SORT,0.258186
paging,q3,1,MERGE_SORT,0.338493
paging,q3,1,MERGE_SORT,0.180376
paging,q3,1,ORDER_BY,1.30594
paging,q3,1,ORDER_BY,1.33757
paging,q3,1,ORDER_BY,1.400883
paging,q3,1,PARTITION,0.14122
paging,q3,1,PARTITION,0.23188599999999998
paging,q3,1,PARTITION,0.3055010000000001
paging,q3,1,PROJECTION,0.18967
paging,q3,1,PROJECTION,0.289338
paging,q3,1,PROJECTION,0.20321899999999998
paging,q3,1,RESULT_COLLECTOR,7.17394
paging,q3,1,RESULT_COLLECTOR,4.38744
paging,q3,1,RESULT_COLLECTOR,3.672806
paging,q3,1,SORT_PARTITION,0.189353
paging,q3,1,SORT_PARTITION,0.190291
paging,q3,1,SORT_PARTITION,0.249903
paging,q3,1,SORT_SAMPLE,0.031156
paging,q3,1,SORT_SAMPLE,0.064173
paging,q3,1,SORT_SAMPLE,0.107646
paging,q3,2,CONCAT,3.3182300000000002
paging,q3,2,CONCAT,3.2114160000000003
paging,q3,2,CONCAT,3.218154
paging,q3,2,DYNAMIC_FILTER,15.002996
paging,q3,2,DYNAMIC_FILTER,37.128711
paging,q3,2,DYNAMIC_FILTER,10.462425000000001
paging,q3,2,GPU_SCAN,2621.4029819999996
paging,q3,2,GPU_SCAN,2559.7171850000004
paging,q3,2,GPU_SCAN,2496.901446
paging,q3,2,HASH_GROUP_BY,1.082663
paging,q3,2,HASH_GROUP_BY,0.877586
paging,q3,2,HASH_GROUP_BY,0.876034
paging,q3,2,HASH_JOIN,5.915189
paging,q3,2,HASH_JOIN,5.80605
paging,q3,2,HASH_JOIN,5.74615
paging,q3,2,MERGE_GROUP_BY,0.008298
paging,q3,2,MERGE_GROUP_BY,0.005786
paging,q3,2,MERGE_GROUP_BY,0.026012
paging,q3,2,MERGE_SORT,0.198431
paging,q3,2,MERGE_SORT,0.175716
paging,q3,2,MERGE_SORT,0.168333
paging,q3,2,ORDER_BY,1.36818
paging,q3,2,ORDER_BY,1.351327
paging,q3,2,ORDER_BY,1.323661
paging,q3,2,PARTITION,0.23727899999999996
paging,q3,2,PARTITION,0.092722
paging,q3,2,PARTITION,0.16658299999999998
paging,q3,2,PROJECTION,0.193659
paging,q3,2,PROJECTION,0.170342
paging,q3,2,PROJECTION,0.175303
paging,q3,2,RESULT_COLLECTOR,6.475172
paging,q3,2,RESULT_COLLECTOR,2.3353
paging,q3,2,RESULT_COLLECTOR,2.682779
paging,q3,2,SORT_PARTITION,0.244022
paging,q3,2,SORT_PARTITION,0.169555
paging,q3,2,SORT_PARTITION,0.180774
paging,q3,2,SORT_SAMPLE,0.102741
paging,q3,2,SORT_SAMPLE,0.024976
paging,q3,2,SORT_SAMPLE,0.036833
paging,q3,3,CONCAT,3.5599489999999996
paging,q3,3,CONCAT,3.703539
paging,q3,3,CONCAT,3.690061
paging,q3,3,DYNAMIC_FILTER,12.012105
paging,q3,3,DYNAMIC_FILTER,15.140406
paging,q3,3,DYNAMIC_FILTER,15.341179
paging,q3,3,GPU_SCAN,2713.1097239999995
paging,q3,3,GPU_SCAN,2743.178231
paging,q3,3,GPU_SCAN,2762.153341
paging,q3,3,HASH_GROUP_BY,0.818298
paging,q3,3,HASH_GROUP_BY,1.025922
paging,q3,3,HASH_GROUP_BY,0.837245
paging,q3,3,HASH_JOIN,5.9886040000000005
paging,q3,3,HASH_JOIN,6.074869
paging,q3,3,HASH_JOIN,5.811038
paging,q3,3,MERGE_GROUP_BY,0.017303
paging,q3,3,MERGE_GROUP_BY,0.026976
paging,q3,3,MERGE_GROUP_BY,0.022624
paging,q3,3,MERGE_SORT,0.476848
paging,q3,3,MERGE_SORT,0.195595
paging,q3,3,MERGE_SORT,0.222543
paging,q3,3,ORDER_BY,1.368823
paging,q3,3,ORDER_BY,1.345072
paging,q3,3,ORDER_BY,1.352596
paging,q3,3,PARTITION,0.25636
paging,q3,3,PARTITION,0.295179
paging,q3,3,PARTITION,0.24426599999999998
paging,q3,3,PROJECTION,0.193086
paging,q3,3,PROJECTION,0.231439
paging,q3,3,PROJECTION,0.191016
paging,q3,3,RESULT_COLLECTOR,2.50537
paging,q3,3,RESULT_COLLECTOR,4.209462
paging,q3,3,RESULT_COLLECTOR,2.891391
paging,q3,3,SORT_PARTITION,0.191281
paging,q3,3,SORT_PARTITION,0.204305
paging,q3,3,SORT_PARTITION,0.182814
paging,q3,3,SORT_SAMPLE,0.070818
paging,q3,3,SORT_SAMPLE,0.047017
paging,q3,3,SORT_SAMPLE,0.040303
paging,q3,4,CONCAT,3.727021
paging,q3,4,CONCAT,3.606834
paging,q3,4,CONCAT,3.7747880000000005
paging,q3,4,DYNAMIC_FILTER,20.869941999999995
paging,q3,4,DYNAMIC_FILTER,16.594866
paging,q3,4,DYNAMIC_FILTER,20.099978
paging,q3,4,GPU_SCAN,2733.384421
paging,q3,4,GPU_SCAN,2727.759397
paging,q3,4,GPU_SCAN,2747.865057
paging,q3,4,HASH_GROUP_BY,1.047792
paging,q3,4,HASH_GROUP_BY,0.916651
paging,q3,4,HASH_GROUP_BY,0.918284
paging,q3,4,HASH_JOIN,6.3705300000000005
paging,q3,4,HASH_JOIN,6.0744229999999995
paging,q3,4,HASH_JOIN,6.220366
paging,q3,4,MERGE_GROUP_BY,0.052434
paging,q3,4,MERGE_GROUP_BY,0.018015
paging,q3,4,MERGE_GROUP_BY,0.061453
paging,q3,4,MERGE_SORT,0.22439
paging,q3,4,MERGE_SORT,0.286595
paging,q3,4,MERGE_SORT,0.300731
paging,q3,4,ORDER_BY,1.348464
paging,q3,4,ORDER_BY,1.37309
paging,q3,4,ORDER_BY,1.490639
paging,q3,4,PARTITION,0.27206500000000006
paging,q3,4,PARTITION,0.18775200000000003
paging,q3,4,PARTITION,0.41099500000000005
paging,q3,4,PROJECTION,0.201977
paging,q3,4,PROJECTION,0.236659
paging,q3,4,PROJECTION,0.256369
paging,q3,4,RESULT_COLLECTOR,3.623165
paging,q3,4,RESULT_COLLECTOR,5.462101
paging,q3,4,RESULT_COLLECTOR,4.744053
paging,q3,4,SORT_PARTITION,0.197793
paging,q3,4,SORT_PARTITION,0.241936
paging,q3,4,SORT_PARTITION,0.224188
paging,q3,4,SORT_SAMPLE,0.043637
paging,q3,4,SORT_SAMPLE,0.065713
paging,q3,4,SORT_SAMPLE,0.054571
paging,q3,5,CONCAT,3.568816
paging,q3,5,CONCAT,3.6835509999999996
paging,q3,5,CONCAT,3.6922810000000004
paging,q3,5,DYNAMIC_FILTER,18.523692
paging,q3,5,DYNAMIC_FILTER,24.186756000000003
paging,q3,5,DYNAMIC_FILTER,18.157375
paging,q3,5,GPU_SCAN,2732.0905879999996
paging,q3,5,GPU_SCAN,2680.0787489999993
paging,q3,5,GPU_SCAN,2740.971345
paging,q3,5,HASH_GROUP_BY,0.865719
paging,q3,5,HASH_GROUP_BY,0.998622
paging,q3,5,HASH_GROUP_BY,1.139298
paging,q3,5,HASH_JOIN,6.100297
paging,q3,5,HASH_JOIN,5.9754950000000004
paging,q3,5,HASH_JOIN,6.146744
paging,q3,5,MERGE_GROUP_BY,0.022411
paging,q3,5,MERGE_GROUP_BY,0.023301
paging,q3,5,MERGE_GROUP_BY,0.006348
paging,q3,5,MERGE_SORT,0.196641
paging,q3,5,MERGE_SORT,0.291702
paging,q3,5,MERGE_SORT,0.219278
paging,q3,5,ORDER_BY,1.346316
paging,q3,5,ORDER_BY,1.350434
paging,q3,5,ORDER_BY,1.483375
paging,q3,5,PARTITION,0.173366
paging,q3,5,PARTITION,0.219132
paging,q3,5,PARTITION,0.176704
paging,q3,5,PROJECTION,0.251009
paging,q3,5,PROJECTION,0.219231
paging,q3,5,PROJECTION,0.269239
paging,q3,5,RESULT_COLLECTOR,4.234894
paging,q3,5,RESULT_COLLECTOR,3.937194
paging,q3,5,RESULT_COLLECTOR,2.437449
paging,q3,5,SORT_PARTITION,0.171518
paging,q3,5,SORT_PARTITION,0.203663
paging,q3,5,SORT_PARTITION,0.187209
paging,q3,5,SORT_SAMPLE,0.035158
paging,q3,5,SORT_SAMPLE,0.053546
paging,q3,5,SORT_SAMPLE,0.046516
paging,q4,1,CONCAT,1.191771
paging,q4,1,CONCAT,1.170983
paging,q4,1,CONCAT,1.25007
paging,q4,1,DYNAMIC_FILTER,13.928024
paging,q4,1,DYNAMIC_FILTER,12.800307
paging,q4,1,DYNAMIC_FILTER,20.478431
paging,q4,1,FILTER,10.999727
paging,q4,1,FILTER,4.891155
paging,q4,1,FILTER,4.892567
paging,q4,1,GPU_SCAN,1422.7768290000001
paging,q4,1,GPU_SCAN,1426.7805220000002
paging,q4,1,GPU_SCAN,1423.278506
paging,q4,1,HASH_GROUP_BY,7.840952
paging,q4,1,HASH_GROUP_BY,2.154409
paging,q4,1,HASH_GROUP_BY,1.741598
paging,q4,1,HASH_JOIN,4.6293120000000005
paging,q4,1,HASH_JOIN,4.937423
paging,q4,1,HASH_JOIN,5.105771000000001
paging,q4,1,LEFT_DELIM_JOIN,1.497032
paging,q4,1,LEFT_DELIM_JOIN,1.607804
paging,q4,1,LEFT_DELIM_JOIN,1.6730840000000002
paging,q4,1,MERGE_GROUP_BY,1.725501
paging,q4,1,MERGE_GROUP_BY,1.6997959999999999
paging,q4,1,MERGE_GROUP_BY,1.744113
paging,q4,1,MERGE_SORT,0.008915
paging,q4,1,MERGE_SORT,0.00858
paging,q4,1,MERGE_SORT,0.006554
paging,q4,1,ORDER_BY,0.186263
paging,q4,1,ORDER_BY,0.206065
paging,q4,1,ORDER_BY,0.170917
paging,q4,1,PARTITION,0.192879
paging,q4,1,PARTITION,0.18739799999999998
paging,q4,1,PARTITION,0.203759
paging,q4,1,PROJECTION,0.013816
paging,q4,1,PROJECTION,0.012824
paging,q4,1,PROJECTION,0.012118
paging,q4,1,RESULT_COLLECTOR,0.217849
paging,q4,1,RESULT_COLLECTOR,0.414784
paging,q4,1,RESULT_COLLECTOR,0.122404
paging,q4,1,SORT_PARTITION,0.006884
paging,q4,1,SORT_PARTITION,0.007433
paging,q4,1,SORT_PARTITION,0.006367
paging,q4,1,SORT_SAMPLE,0.007497
paging,q4,1,SORT_SAMPLE,0.012534
paging,q4,1,SORT_SAMPLE,0.010465
paging,q4,2,CONCAT,1.830216
paging,q4,2,CONCAT,1.341013
paging,q4,2,CONCAT,1.342631
paging,q4,2,DYNAMIC_FILTER,11.347577999999999
paging,q4,2,DYNAMIC_FILTER,10.253817999999999
paging,q4,2,DYNAMIC_FILTER,10.932784000000002
paging,q4,2,FILTER,3.9546019999999995
paging,q4,2,FILTER,4.107723
paging,q4,2,FILTER,1.9830809999999999
paging,q4,2,GPU_SCAN,1458.538626
paging,q4,2,GPU_SCAN,1457.089923
paging,q4,2,GPU_SCAN,1425.639501
paging,q4,2,HASH_GROUP_BY,1.894155
paging,q4,2,HASH_GROUP_BY,1.572383
paging,q4,2,HASH_GROUP_BY,1.942742
paging,q4,2,HASH_JOIN,5.004607
paging,q4,2,HASH_JOIN,4.736313
paging,q4,2,HASH_JOIN,5.108340999999999
paging,q4,2,LEFT_DELIM_JOIN,2.744168
paging,q4,2,LEFT_DELIM_JOIN,2.7654180000000004
paging,q4,2,LEFT_DELIM_JOIN,2.462182
paging,q4,2,MERGE_GROUP_BY,1.760731
paging,q4,2,MERGE_GROUP_BY,1.790833
paging,q4,2,MERGE_GROUP_BY,1.698738
paging,q4,2,MERGE_SORT,0.010006
paging,q4,2,MERGE_SORT,0.008367
paging,q4,2,MERGE_SORT,0.011062
paging,q4,2,ORDER_BY,0.264161
paging,q4,2,ORDER_BY,0.20997
paging,q4,2,ORDER_BY,0.164923
paging,q4,2,PARTITION,0.192373
paging,q4,2,PARTITION,0.28312999999999994
paging,q4,2,PARTITION,0.253671
paging,q4,2,PROJECTION,0.023426
paging,q4,2,PROJECTION,0.027588
paging,q4,2,PROJECTION,0.010602
paging,q4,2,RESULT_COLLECTOR,0.22775
paging,q4,2,RESULT_COLLECTOR,0.122311
paging,q4,2,RESULT_COLLECTOR,0.085232
paging,q4,2,SORT_PARTITION,0.014064
paging,q4,2,SORT_PARTITION,0.006467
paging,q4,2,SORT_PARTITION,0.005223
paging,q4,2,SORT_SAMPLE,0.014544
paging,q4,2,SORT_SAMPLE,0.011386
paging,q4,2,SORT_SAMPLE,0.009422
paging,q4,3,CONCAT,1.166085
paging,q4,3,CONCAT,1.101119
paging,q4,3,CONCAT,1.256305
paging,q4,3,DYNAMIC_FILTER,14.015619000000001
paging,q4,3,DYNAMIC_FILTER,13.437464
paging,q4,3,DYNAMIC_FILTER,12.758077
paging,q4,3,FILTER,2.738066
paging,q4,3,FILTER,3.86131
paging,q4,3,FILTER,3.8295600000000007
paging,q4,3,GPU_SCAN,1410.717187
paging,q4,3,GPU_SCAN,1395.855002
paging,q4,3,GPU_SCAN,1386.436017
paging,q4,3,HASH_GROUP_BY,1.565272
paging,q4,3,HASH_GROUP_BY,2.439318
paging,q4,3,HASH_GROUP_BY,1.547788
paging,q4,3,HASH_JOIN,4.536668000000001
paging,q4,3,HASH_JOIN,4.812307000000001
paging,q4,3,HASH_JOIN,4.501097
paging,q4,3,LEFT_DELIM_JOIN,1.966986
paging,q4,3,LEFT_DELIM_JOIN,2.487746
paging,q4,3,LEFT_DELIM_JOIN,2.489851
paging,q4,3,MERGE_GROUP_BY,1.688342
paging,q4,3,MERGE_GROUP_BY,1.670331
paging,q4,3,MERGE_GROUP_BY,1.7086810000000001
paging,q4,3,MERGE_SORT,0.00807
paging,q4,3,MERGE_SORT,0.006011
paging,q4,3,MERGE_SORT,0.005246
paging,q4,3,ORDER_BY,0.160143
paging,q4,3,ORDER_BY,0.155074
paging,q4,3,ORDER_BY,0.149727
paging,q4,3,PARTITION,0.128254
paging,q4,3,PARTITION,0.202956
paging,q4,3,PARTITION,0.181335
paging,q4,3,PROJECTION,0.01243
paging,q4,3,PROJECTION,0.010751
paging,q4,3,PROJECTION,0.011834
paging,q4,3,RESULT_COLLECTOR,0.094189
paging,q4,3,RESULT_COLLECTOR,0.108366
paging,q4,3,RESULT_COLLECTOR,0.082692
paging,q4,3,SORT_PARTITION,0.005397
paging,q4,3,SORT_PARTITION,0.005532
paging,q4,3,SORT_PARTITION,0.005175
paging,q4,3,SORT_SAMPLE,0.009159
paging,q4,3,SORT_SAMPLE,0.008662
paging,q4,3,SORT_SAMPLE,0.008003
paging,q4,4,CONCAT,1.0999729999999999
paging,q4,4,CONCAT,1.203878
paging,q4,4,CONCAT,1.308939
paging,q4,4,DYNAMIC_FILTER,12.605475
paging,q4,4,DYNAMIC_FILTER,14.943305
paging,q4,4,DYNAMIC_FILTER,11.809119
paging,q4,4,FILTER,2.733129
paging,q4,4,FILTER,5.564709
paging,q4,4,FILTER,5.833915000000001
paging,q4,4,GPU_SCAN,1402.0988049999999
paging,q4,4,GPU_SCAN,1439.1687399999998
paging,q4,4,GPU_SCAN,1426.532324
paging,q4,4,HASH_GROUP_BY,1.61324
paging,q4,4,HASH_GROUP_BY,1.723322
paging,q4,4,HASH_GROUP_BY,1.802415
paging,q4,4,HASH_JOIN,4.517809
paging,q4,4,HASH_JOIN,4.633909
paging,q4,4,HASH_JOIN,5.283858
paging,q4,4,LEFT_DELIM_JOIN,2.5829839999999997
paging,q4,4,LEFT_DELIM_JOIN,2.6164750000000003
paging,q4,4,LEFT_DELIM_JOIN,2.7891529999999998
paging,q4,4,MERGE_GROUP_BY,1.998387
paging,q4,4,MERGE_GROUP_BY,1.6798060000000001
paging,q4,4,MERGE_GROUP_BY,1.743911
paging,q4,4,MERGE_SORT,0.006405
paging,q4,4,MERGE_SORT,0.008293
paging,q4,4,MERGE_SORT,0.007945
paging,q4,4,ORDER_BY,0.161441
paging,q4,4,ORDER_BY,0.191894
paging,q4,4,ORDER_BY,0.197941
paging,q4,4,PARTITION,0.125275
paging,q4,4,PARTITION,0.300819
paging,q4,4,PARTITION,0.357209
paging,q4,4,PROJECTION,0.009904
paging,q4,4,PROJECTION,0.014503
paging,q4,4,PROJECTION,0.014529
paging,q4,4,RESULT_COLLECTOR,0.089376
paging,q4,4,RESULT_COLLECTOR,0.114917
paging,q4,4,RESULT_COLLECTOR,0.128859
paging,q4,4,SORT_PARTITION,0.004963
paging,q4,4,SORT_PARTITION,0.006487
paging,q4,4,SORT_PARTITION,0.007741
paging,q4,4,SORT_SAMPLE,0.00924
paging,q4,4,SORT_SAMPLE,0.010843
paging,q4,4,SORT_SAMPLE,0.012432
paging,q4,5,CONCAT,1.4454
paging,q4,5,CONCAT,1.188585
paging,q4,5,CONCAT,1.4810699999999999
paging,q4,5,DYNAMIC_FILTER,15.00685
paging,q4,5,DYNAMIC_FILTER,11.218989
paging,q4,5,DYNAMIC_FILTER,13.806114999999998
paging,q4,5,FILTER,5.335072
paging,q4,5,FILTER,5.038105
paging,q4,5,FILTER,5.537225
paging,q4,5,GPU_SCAN,1430.1294560000001
paging,q4,5,GPU_SCAN,1428.9824869999998
paging,q4,5,GPU_SCAN,1436.8822049999997
paging,q4,5,HASH_GROUP_BY,1.766589
paging,q4,5,HASH_GROUP_BY,1.678705
paging,q4,5,HASH_GROUP_BY,2.341779
paging,q4,5,HASH_JOIN,4.651791
paging,q4,5,HASH_JOIN,4.487011
paging,q4,5,HASH_JOIN,5.261422
paging,q4,5,LEFT_DELIM_JOIN,2.651974
paging,q4,5,LEFT_DELIM_JOIN,3.113085
paging,q4,5,LEFT_DELIM_JOIN,2.261646
paging,q4,5,MERGE_GROUP_BY,1.743787
paging,q4,5,MERGE_GROUP_BY,1.659895
paging,q4,5,MERGE_GROUP_BY,1.769806
paging,q4,5,MERGE_SORT,0.012215
paging,q4,5,MERGE_SORT,0.008942
paging,q4,5,MERGE_SORT,0.010123
paging,q4,5,ORDER_BY,0.198378
paging,q4,5,ORDER_BY,0.192826
paging,q4,5,ORDER_BY,0.19633
paging,q4,5,PARTITION,0.377715
paging,q4,5,PARTITION,0.236544
paging,q4,5,PARTITION,0.288598
paging,q4,5,PROJECTION,0.015004
paging,q4,5,PROJECTION,0.01701
paging,q4,5,PROJECTION,0.014797
paging,q4,5,RESULT_COLLECTOR,0.131405
paging,q4,5,RESULT_COLLECTOR,0.11351
paging,q4,5,RESULT_COLLECTOR,0.11926
paging,q4,5,SORT_PARTITION,0.007755
paging,q4,5,SORT_PARTITION,0.006417
paging,q4,5,SORT_PARTITION,0.007066
paging,q4,5,SORT_SAMPLE,0.010933
paging,q4,5,SORT_SAMPLE,0.011064
paging,q4,5,SORT_SAMPLE,0.012837
paging,q5,1,CONCAT,2.126042
paging,q5,1,CONCAT,1.8457189999999999
paging,q5,1,CONCAT,2.2093350000000003
paging,q5,1,DYNAMIC_FILTER,17.214520999999998
paging,q5,1,DYNAMIC_FILTER,16.84932
paging,q5,1,DYNAMIC_FILTER,20.757939
paging,q5,1,GPU_SCAN,3570.3251450000002
paging,q5,1,GPU_SCAN,3426.580861
paging,q5,1,GPU_SCAN,3429.485863000001
paging,q5,1,HASH_GROUP_BY,0.659457
paging,q5,1,HASH_GROUP_BY,0.858234
paging,q5,1,HASH_GROUP_BY,1.243535
paging,q5,1,HASH_JOIN,11.56428
paging,q5,1,HASH_JOIN,12.386811
paging,q5,1,HASH_JOIN,12.174546
paging,q5,1,MERGE_GROUP_BY,0.024286
paging,q5,1,MERGE_GROUP_BY,0.026674
paging,q5,1,MERGE_GROUP_BY,0.034343
paging,q5,1,MERGE_SORT,0.254189
paging,q5,1,MERGE_SORT,0.889301
paging,q5,1,MERGE_SORT,0.330505
paging,q5,1,ORDER_BY,0.346043
paging,q5,1,ORDER_BY,0.262636
paging,q5,1,ORDER_BY,0.342036
paging,q5,1,PARTITION,0.4861140000000001
paging,q5,1,PARTITION,0.7855079999999999
paging,q5,1,PARTITION,0.462737
paging,q5,1,PROJECTION,0.118453
paging,q5,1,PROJECTION,0.272473
paging,q5,1,PROJECTION,0.230881
paging,q5,1,RESULT_COLLECTOR,0.196305
paging,q5,1,RESULT_COLLECTOR,0.196793
paging,q5,1,RESULT_COLLECTOR,0.212716
paging,q5,1,SORT_PARTITION,0.362429
paging,q5,1,SORT_PARTITION,0.438343
paging,q5,1,SORT_PARTITION,0.347675
paging,q5,1,SORT_SAMPLE,0.045974
paging,q5,1,SORT_SAMPLE,0.107707
paging,q5,1,SORT_SAMPLE,0.042584
paging,q5,2,CONCAT,1.925824
paging,q5,2,CONCAT,2.038507
paging,q5,2,CONCAT,1.6606189999999998
paging,q5,2,DYNAMIC_FILTER,15.740611000000001
paging,q5,2,DYNAMIC_FILTER,17.844879
paging,q5,2,DYNAMIC_FILTER,14.715225
paging,q5,2,GPU_SCAN,3432.3012830000007
paging,q5,2,GPU_SCAN,3300.9191889999997
paging,q5,2,GPU_SCAN,3397.1629170000006
paging,q5,2,HASH_GROUP_BY,0.681733
paging,q5,2,HASH_GROUP_BY,0.530949
paging,q5,2,HASH_GROUP_BY,0.917494
paging,q5,2,HASH_JOIN,10.948789999999999
paging,q5,2,HASH_JOIN,10.298431
paging,q5,2,HASH_JOIN,10.792656000000001
paging,q5,2,MERGE_GROUP_BY,0.006926
paging,q5,2,MERGE_GROUP_BY,0.007617
paging,q5,2,MERGE_GROUP_BY,0.012205
paging,q5,2,MERGE_SORT,0.297333
paging,q5,2,MERGE_SORT,0.241785
paging,q5,2,MERGE_SORT,0.21114
paging,q5,2,ORDER_BY,0.207091
paging,q5,2,ORDER_BY,0.198398
paging,q5,2,ORDER_BY,0.352741
paging,q5,2,PARTITION,0.376812
paging,q5,2,PARTITION,0.33503800000000006
paging,q5,2,PARTITION,0.3570689999999999
paging,q5,2,PROJECTION,0.139023
paging,q5,2,PROJECTION,0.101107
paging,q5,2,PROJECTION,0.10264
paging,q5,2,RESULT_COLLECTOR,0.104859
paging,q5,2,RESULT_COLLECTOR,0.119547
paging,q5,2,RESULT_COLLECTOR,0.09608
paging,q5,2,SORT_PARTITION,0.464321
paging,q5,2,SORT_PARTITION,0.294305
paging,q5,2,SORT_PARTITION,0.287917
paging,q5,2,SORT_SAMPLE,0.047611
paging,q5,2,SORT_SAMPLE,0.03312
paging,q5,2,SORT_SAMPLE,0.029956
paging,q5,3,CONCAT,2.006904
paging,q5,3,CONCAT,1.7424930000000003
paging,q5,3,CONCAT,1.672048
paging,q5,3,DYNAMIC_FILTER,14.443886
paging,q5,3,DYNAMIC_FILTER,15.359575000000003
paging,q5,3,DYNAMIC_FILTER,14.039334000000002
paging,q5,3,GPU_SCAN,3435.0355539999996
paging,q5,3,GPU_SCAN,3398.7305069999993
paging,q5,3,GPU_SCAN,3417.6566549999993
paging,q5,3,HASH_GROUP_BY,0.69099
paging,q5,3,HASH_GROUP_BY,0.46194
paging,q5,3,HASH_GROUP_BY,0.952077
paging,q5,3,HASH_JOIN,11.506544
paging,q5,3,HASH_JOIN,10.139550999999999
paging,q5,3,HASH_JOIN,11.257406
paging,q5,3,MERGE_GROUP_BY,0.00728
paging,q5,3,MERGE_GROUP_BY,0.014074
paging,q5,3,MERGE_GROUP_BY,0.006895
paging,q5,3,MERGE_SORT,0.254412
paging,q5,3,MERGE_SORT,0.188779
paging,q5,3,MERGE_SORT,0.195376
paging,q5,3,ORDER_BY,0.184366
paging,q5,3,ORDER_BY,0.201205
paging,q5,3,ORDER_BY,0.201932
paging,q5,3,PARTITION,0.41384
paging,q5,3,PARTITION,0.319851
paging,q5,3,PARTITION,0.3888350000000001
paging,q5,3,PROJECTION,0.145858
paging,q5,3,PROJECTION,0.102055
paging,q5,3,PROJECTION,0.109372
paging,q5,3,RESULT_COLLECTOR,0.123233
paging,q5,3,RESULT_COLLECTOR,0.10251
paging,q5,3,RESULT_COLLECTOR,0.107664
paging,q5,3,SORT_PARTITION,0.514215
paging,q5,3,SORT_PARTITION,0.275655
paging,q5,3,SORT_PARTITION,0.271521
paging,q5,3,SORT_SAMPLE,0.049593
paging,q5,3,SORT_SAMPLE,0.029425
paging,q5,3,SORT_SAMPLE,0.030441
paging,q5,4,CONCAT,1.825633
paging,q5,4,CONCAT,1.6704450000000002
paging,q5,4,CONCAT,1.9959069999999999
paging,q5,4,DYNAMIC_FILTER,18.00394
paging,q5,4,DYNAMIC_FILTER,16.680355
paging,q5,4,DYNAMIC_FILTER,17.293768000000004
paging,q5,4,GPU_SCAN,3422.1903209999996
paging,q5,4,GPU_SCAN,3442.2926759999996
paging,q5,4,GPU_SCAN,3249.726274
paging,q5,4,HASH_GROUP_BY,0.518068
paging,q5,4,HASH_GROUP_BY,0.518261
paging,q5,4,HASH_GROUP_BY,1.091587
paging,q5,4,HASH_JOIN,11.523244
paging,q5,4,HASH_JOIN,9.971819
paging,q5,4,HASH_JOIN,10.801068
paging,q5,4,MERGE_GROUP_BY,0.023604
paging,q5,4,MERGE_GROUP_BY,0.008634
paging,q5,4,MERGE_GROUP_BY,0.011632
paging,q5,4,MERGE_SORT,0.285842
paging,q5,4,MERGE_SORT,0.344657
paging,q5,4,MERGE_SORT,0.420446
paging,q5,4,ORDER_BY,0.246282
paging,q5,4,ORDER_BY,0.202558
paging,q5,4,ORDER_BY,0.279359
paging,q5,4,PARTITION,0.395977
paging,q5,4,PARTITION,0.3598640000000001
paging,q5,4,PARTITION,0.567925
paging,q5,4,PROJECTION,0.111357
paging,q5,4,PROJECTION,0.110981
paging,q5,4,PROJECTION,0.123732
paging,q5,4,RESULT_COLLECTOR,0.150931
paging,q5,4,RESULT_COLLECTOR,0.129366
paging,q5,4,RESULT_COLLECTOR,0.151312
paging,q5,4,SORT_PARTITION,0.313878
paging,q5,4,SORT_PARTITION,0.287001
paging,q5,4,SORT_PARTITION,0.342507
paging,q5,4,SORT_SAMPLE,0.034523
paging,q5,4,SORT_SAMPLE,0.026882
paging,q5,4,SORT_SAMPLE,0.040648
paging,q5,5,CONCAT,2.2668010000000005
paging,q5,5,CONCAT,2.2689060000000003
paging,q5,5,CONCAT,1.67501
paging,q5,5,DYNAMIC_FILTER,17.984268
paging,q5,5,DYNAMIC_FILTER,16.266986999999997
paging,q5,5,DYNAMIC_FILTER,13.27964
paging,q5,5,GPU_SCAN,3375.8740380000013
paging,q5,5,GPU_SCAN,3222.0377790000002
paging,q5,5,GPU_SCAN,3543.197173
paging,q5,5,HASH_GROUP_BY,0.523734
paging,q5,5,HASH_GROUP_BY,0.478044
paging,q5,5,HASH_GROUP_BY,0.917025
paging,q5,5,HASH_JOIN,12.100385000000001
paging,q5,5,HASH_JOIN,11.718159000000002
paging,q5,5,HASH_JOIN,11.392012
paging,q5,5,MERGE_GROUP_BY,0.016515
paging,q5,5,MERGE_GROUP_BY,0.008989
paging,q5,5,MERGE_GROUP_BY,0.009892
paging,q5,5,MERGE_SORT,0.608325
paging,q5,5,MERGE_SORT,0.371699
paging,q5,5,MERGE_SORT,0.240882
paging,q5,5,ORDER_BY,0.282635
paging,q5,5,ORDER_BY,0.216425
paging,q5,5,ORDER_BY,0.228049
paging,q5,5,PARTITION,0.48010200000000003
paging,q5,5,PARTITION,0.47377800000000003
paging,q5,5,PARTITION,0.33987200000000006
paging,q5,5,PROJECTION,0.244263
paging,q5,5,PROJECTION,0.103507
paging,q5,5,PROJECTION,0.099817
paging,q5,5,RESULT_COLLECTOR,0.165678
paging,q5,5,RESULT_COLLECTOR,0.112316
paging,q5,5,RESULT_COLLECTOR,0.095502
paging,q5,5,SORT_PARTITION,0.260006
paging,q5,5,SORT_PARTITION,0.268588
paging,q5,5,SORT_PARTITION,0.361698
paging,q5,5,SORT_SAMPLE,0.029874
paging,q5,5,SORT_SAMPLE,0.027551
paging,q5,5,SORT_SAMPLE,0.037923
paging,q6,1,GPU_SCAN,1996.155291
paging,q6,1,GPU_SCAN,2010.032433
paging,q6,1,GPU_SCAN,2031.4147380000002
paging,q6,1,MERGE_AGGREGATE,0.510508
paging,q6,1,MERGE_AGGREGATE,0.230982
paging,q6,1,MERGE_AGGREGATE,0.219259
paging,q6,1,PROJECTION,3.30574
paging,q6,1,PROJECTION,3.472573
paging,q6,1,PROJECTION,3.134905
paging,q6,1,RESULT_COLLECTOR,0.088509
paging,q6,1,RESULT_COLLECTOR,0.090158
paging,q6,1,RESULT_COLLECTOR,0.089649
paging,q6,1,UNGROUPED_AGGREGATE,4.709415999999999
paging,q6,1,UNGROUPED_AGGREGATE,4.7402489999999995
paging,q6,1,UNGROUPED_AGGREGATE,3.793142
paging,q6,2,GPU_SCAN,1998.9257670000002
paging,q6,2,GPU_SCAN,1999.2889109999999
paging,q6,2,GPU_SCAN,2061.4119250000003
paging,q6,2,MERGE_AGGREGATE,0.71418
paging,q6,2,MERGE_AGGREGATE,0.199317
paging,q6,2,MERGE_AGGREGATE,0.197681
paging,q6,2,PROJECTION,1.950081
paging,q6,2,PROJECTION,1.942734
paging,q6,2,PROJECTION,2.339132
paging,q6,2,RESULT_COLLECTOR,0.072034
paging,q6,2,RESULT_COLLECTOR,0.065518
paging,q6,2,RESULT_COLLECTOR,0.118899
paging,q6,2,UNGROUPED_AGGREGATE,1.7495440000000002
paging,q6,2,UNGROUPED_AGGREGATE,2.309769
paging,q6,2,UNGROUPED_AGGREGATE,2.9179660000000003
paging,q6,3,GPU_SCAN,1986.884075
paging,q6,3,GPU_SCAN,1992.3758289999998
paging,q6,3,GPU_SCAN,1979.5035429999998
paging,q6,3,MERGE_AGGREGATE,0.169838
paging,q6,3,MERGE_AGGREGATE,0.166817
paging,q6,3,MERGE_AGGREGATE,0.719835
paging,q6,3,PROJECTION,2.1433999999999997
paging,q6,3,PROJECTION,2.774855
paging,q6,3,PROJECTION,11.616428
paging,q6,3,RESULT_COLLECTOR,0.068036
paging,q6,3,RESULT_COLLECTOR,0.072389
paging,q6,3,RESULT_COLLECTOR,0.066752
paging,q6,3,UNGROUPED_AGGREGATE,2.713882
paging,q6,3,UNGROUPED_AGGREGATE,2.8958480000000004
paging,q6,3,UNGROUPED_AGGREGATE,9.369584
paging,q6,4,GPU_SCAN,2022.60574
paging,q6,4,GPU_SCAN,2025.7170270000001
paging,q6,4,GPU_SCAN,2037.6156400000002
paging,q6,4,MERGE_AGGREGATE,0.83382
paging,q6,4,MERGE_AGGREGATE,0.783329
paging,q6,4,MERGE_AGGREGATE,0.454597
paging,q6,4,PROJECTION,4.398312
paging,q6,4,PROJECTION,4.034485
paging,q6,4,PROJECTION,3.536655
paging,q6,4,RESULT_COLLECTOR,0.108633
paging,q6,4,RESULT_COLLECTOR,0.089212
paging,q6,4,RESULT_COLLECTOR,0.074785
paging,q6,4,UNGROUPED_AGGREGATE,5.40823
paging,q6,4,UNGROUPED_AGGREGATE,4.468932000000001
paging,q6,4,UNGROUPED_AGGREGATE,3.3895090000000003
paging,q6,5,GPU_SCAN,2020.403677
paging,q6,5,GPU_SCAN,1997.6465520000002
paging,q6,5,GPU_SCAN,2115.2059090000002
paging,q6,5,MERGE_AGGREGATE,0.730139
paging,q6,5,MERGE_AGGREGATE,0.148418
paging,q6,5,MERGE_AGGREGATE,0.151464
paging,q6,5,PROJECTION,3.387271
paging,q6,5,PROJECTION,2.0551519999999996
paging,q6,5,PROJECTION,3.341799
paging,q6,5,RESULT_COLLECTOR,0.09961
paging,q6,5,RESULT_COLLECTOR,0.059516
paging,q6,5,RESULT_COLLECTOR,0.059228
paging,q6,5,UNGROUPED_AGGREGATE,4.957065999999999
paging,q6,5,UNGROUPED_AGGREGATE,2.8014219999999996
paging,q6,5,UNGROUPED_AGGREGATE,3.654175
paging,q7,1,CONCAT,3.411067
paging,q7,1,CONCAT,3.6586969999999996
paging,q7,1,CONCAT,3.5436949999999996
paging,q7,1,DYNAMIC_FILTER,13.104541999999999
paging,q7,1,DYNAMIC_FILTER,16.685997
paging,q7,1,DYNAMIC_FILTER,17.400873999999998
paging,q7,1,FILTER,1.295685
paging,q7,1,FILTER,1.633812
paging,q7,1,FILTER,1.389536
paging,q7,1,GPU_SCAN,3700.2581250000003
paging,q7,1,GPU_SCAN,3747.721391
paging,q7,1,GPU_SCAN,3756.5817379999994
paging,q7,1,HASH_GROUP_BY,1.47624
paging,q7,1,HASH_GROUP_BY,1.88761
paging,q7,1,HASH_GROUP_BY,0.725559
paging,q7,1,HASH_JOIN,12.177117
paging,q7,1,HASH_JOIN,13.270040999999999
paging,q7,1,HASH_JOIN,14.538396
paging,q7,1,MERGE_GROUP_BY,0.031108
paging,q7,1,MERGE_GROUP_BY,0.033984
paging,q7,1,MERGE_GROUP_BY,0.057774
paging,q7,1,MERGE_SORT,1.284486
paging,q7,1,MERGE_SORT,2.452902
paging,q7,1,MERGE_SORT,2.484836
paging,q7,1,ORDER_BY,0.427941
paging,q7,1,ORDER_BY,0.486066
paging,q7,1,ORDER_BY,1.143462
paging,q7,1,PARTITION,0.496112
paging,q7,1,PARTITION,0.580707
paging,q7,1,PARTITION,0.6043649999999999
paging,q7,1,PROJECTION,0.123319
paging,q7,1,PROJECTION,0.160056
paging,q7,1,PROJECTION,0.252118
paging,q7,1,RESULT_COLLECTOR,0.308678
paging,q7,1,RESULT_COLLECTOR,0.348412
paging,q7,1,RESULT_COLLECTOR,0.333761
paging,q7,1,SORT_PARTITION,0.722534
paging,q7,1,SORT_PARTITION,0.923736
paging,q7,1,SORT_PARTITION,0.961393
paging,q7,1,SORT_SAMPLE,0.148834
paging,q7,1,SORT_SAMPLE,0.164478
paging,q7,1,SORT_SAMPLE,0.330212
paging,q7,2,CONCAT,2.7642050000000005
paging,q7,2,CONCAT,2.729393
paging,q7,2,CONCAT,2.5332730000000003
paging,q7,2,DYNAMIC_FILTER,13.695235
paging,q7,2,DYNAMIC_FILTER,16.038452999999997
paging,q7,2,DYNAMIC_FILTER,13.045471000000001
paging,q7,2,FILTER,1.53106
paging,q7,2,FILTER,1.3365960000000001
paging,q7,2,FILTER,1.341065
paging,q7,2,GPU_SCAN,3752.737423
paging,q7,2,GPU_SCAN,3806.8703639999994
paging,q7,2,GPU_SCAN,3755.9758209999995
paging,q7,2,HASH_GROUP_BY,1.614896
paging,q7,2,HASH_GROUP_BY,1.48248
paging,q7,2,HASH_GROUP_BY,0.562786
paging,q7,2,HASH_JOIN,13.357706
paging,q7,2,HASH_JOIN,12.526368
paging,q7,2,HASH_JOIN,11.598974
paging,q7,2,MERGE_GROUP_BY,0.028625
paging,q7,2,MERGE_GROUP_BY,0.008907
paging,q7,2,MERGE_GROUP_BY,0.029618
paging,q7,2,MERGE_SORT,0.850454
paging,q7,2,MERGE_SORT,0.74958
paging,q7,2,MERGE_SORT,0.531471
paging,q7,2,ORDER_BY,0.614691
paging,q7,2,ORDER_BY,0.470524
paging,q7,2,ORDER_BY,0.455348
paging,q7,2,PARTITION,0.41710900000000006
paging,q7,2,PARTITION,0.41361900000000007
paging,q7,2,PARTITION,0.348832
paging,q7,2,PROJECTION,0.149902
paging,q7,2,PROJECTION,0.119234
paging,q7,2,PROJECTION,0.124586
paging,q7,2,RESULT_COLLECTOR,0.749478
paging,q7,2,RESULT_COLLECTOR,0.108258
paging,q7,2,RESULT_COLLECTOR,0.286471
paging,q7,2,SORT_PARTITION,0.817533
paging,q7,2,SORT_PARTITION,0.704963
paging,q7,2,SORT_PARTITION,0.599747
paging,q7,2,SORT_SAMPLE,0.189341
paging,q7,2,SORT_SAMPLE,0.152141
paging,q7,2,SORT_SAMPLE,0.151837
paging,q7,3,CONCAT,3.4680590000000002
paging,q7,3,CONCAT,2.8364179999999997
paging,q7,3,CONCAT,3.0236
paging,q7,3,DYNAMIC_FILTER,14.232071
paging,q7,3,DYNAMIC_FILTER,17.308837
paging,q7,3,DYNAMIC_FILTER,18.112285
paging,q7,3,FILTER,0.944286
paging,q7,3,FILTER,1.002886
paging,q7,3,FILTER,1.046818
paging,q7,3,GPU_SCAN,3779.5428739999998
paging,q7,3,GPU_SCAN,4174.089725999999
paging,q7,3,GPU_SCAN,3943.0079069999997
paging,q7,3,HASH_GROUP_BY,1.36991
paging,q7,3,HASH_GROUP_BY,1.526211
paging,q7,3,HASH_GROUP_BY,0.634794
paging,q7,3,HASH_JOIN,13.37959
paging,q7,3,HASH_JOIN,12.702698
paging,q7,3,HASH_JOIN,13.272934000000001
paging,q7,3,MERGE_GROUP_BY,0.025833
paging,q7,3,MERGE_GROUP_BY,0.031956
paging,q7,3,MERGE_GROUP_BY,0.010621
paging,q7,3,MERGE_SORT,1.895604
paging,q7,3,MERGE_SORT,1.935542
paging,q7,3,MERGE_SORT,1.990188
paging,q7,3,ORDER_BY,0.507051
paging,q7,3,ORDER_BY,0.481581
paging,q7,3,ORDER_BY,0.505171
paging,q7,3,PARTITION,0.47710900000000006
paging,q7,3,PARTITION,0.5782990000000001
paging,q7,3,PARTITION,0.5310950000000001
paging,q7,3,PROJECTION,0.125168
paging,q7,3,PROJECTION,0.135122
paging,q7,3,PROJECTION,0.146956
paging,q7,3,RESULT_COLLECTOR,0.2175
paging,q7,3,RESULT_COLLECTOR,0.324799
paging,q7,3,RESULT_COLLECTOR,0.171899
paging,q7,3,SORT_PARTITION,0.537573
paging,q7,3,SORT_PARTITION,0.642987
paging,q7,3,SORT_PARTITION,0.662673
paging,q7,3,SORT_SAMPLE,0.154273
paging,q7,3,SORT_SAMPLE,0.162487
paging,q7,3,SORT_SAMPLE,0.180034
paging,q7,4,CONCAT,2.9359429999999995
paging,q7,4,CONCAT,3.058455999999999
paging,q7,4,CONCAT,3.3372869999999994
paging,q7,4,DYNAMIC_FILTER,14.310205999999999
paging,q7,4,DYNAMIC_FILTER,16.092401
paging,q7,4,DYNAMIC_FILTER,18.473347
paging,q7,4,FILTER,1.41478
paging,q7,4,FILTER,1.429843
paging,q7,4,FILTER,1.6223670000000001
paging,q7,4,GPU_SCAN,3723.702418
paging,q7,4,GPU_SCAN,3753.147774
paging,q7,4,GPU_SCAN,4098.612864
paging,q7,4,HASH_GROUP_BY,1.362917
paging,q7,4,HASH_GROUP_BY,1.663714
paging,q7,4,HASH_GROUP_BY,0.715794
paging,q7,4,HASH_JOIN,12.815629000000001
paging,q7,4,HASH_JOIN,14.121054
paging,q7,4,HASH_JOIN,14.017177
paging,q7,4,MERGE_GROUP_BY,0.01086
paging,q7,4,MERGE_GROUP_BY,0.021028
paging,q7,4,MERGE_GROUP_BY,0.062343
paging,q7,4,MERGE_SORT,1.389585
paging,q7,4,MERGE_SORT,1.47458
paging,q7,4,MERGE_SORT,1.758978
paging,q7,4,ORDER_BY,0.429032
paging,q7,4,ORDER_BY,0.613592
paging,q7,4,ORDER_BY,0.605696
paging,q7,4,PARTITION,0.398455
paging,q7,4,PARTITION,0.5786040000000001
paging,q7,4,PARTITION,0.6595669999999999
paging,q7,4,PROJECTION,0.121695
paging,q7,4,PROJECTION,0.154957
paging,q7,4,PROJECTION,0.162301
paging,q7,4,RESULT_COLLECTOR,0.116972
paging,q7,4,RESULT_COLLECTOR,0.230753
paging,q7,4,RESULT_COLLECTOR,0.417834
paging,q7,4,SORT_PARTITION,0.525666
paging,q7,4,SORT_PARTITION,0.762394
paging,q7,4,SORT_PARTITION,0.956627
paging,q7,4,SORT_SAMPLE,0.1319
paging,q7,4,SORT_SAMPLE,0.200602
paging,q7,4,SORT_SAMPLE,0.343255
paging,q7,5,CONCAT,3.531413
paging,q7,5,CONCAT,3.172579
paging,q7,5,CONCAT,2.858577
paging,q7,5,DYNAMIC_FILTER,16.387085
paging,q7,5,DYNAMIC_FILTER,17.871274
paging,q7,5,DYNAMIC_FILTER,14.040322000000003
paging,q7,5,FILTER,1.484847
paging,q7,5,FILTER,1.720553
paging,q7,5,FILTER,1.002186
paging,q7,5,GPU_SCAN,3902.217436
paging,q7,5,GPU_SCAN,4017.4645969999997
paging,q7,5,GPU_SCAN,3592.880514000001
paging,q7,5,HASH_GROUP_BY,1.461773
paging,q7,5,HASH_GROUP_BY,1.666128
paging,q7,5,HASH_GROUP_BY,0.644824
paging,q7,5,HASH_JOIN,13.652747
paging,q7,5,HASH_JOIN,14.003423
paging,q7,5,HASH_JOIN,12.015235
paging,q7,5,MERGE_GROUP_BY,0.013853
paging,q7,5,MERGE_GROUP_BY,0.05815
paging,q7,5,MERGE_GROUP_BY,0.019379
paging,q7,5,MERGE_SORT,1.923524
paging,q7,5,MERGE_SORT,1.058937
paging,q7,5,MERGE_SORT,0.609114
paging,q7,5,ORDER_BY,0.532999
paging,q7,5,ORDER_BY,0.616546
paging,q7,5,ORDER_BY,0.470397
paging,q7,5,PARTITION,0.5949479999999999
paging,q7,5,PARTITION,0.4663030000000001
paging,q7,5,PARTITION,0.412526
paging,q7,5,PROJECTION,0.132374
paging,q7,5,PROJECTION,0.127795
paging,q7,5,PROJECTION,0.147917
paging,q7,5,RESULT_COLLECTOR,0.1485
paging,q7,5,RESULT_COLLECTOR,0.322784
paging,q7,5,RESULT_COLLECTOR,0.259007
paging,q7,5,SORT_PARTITION,0.577295
paging,q7,5,SORT_PARTITION,0.599907
paging,q7,5,SORT_PARTITION,0.688931
paging,q7,5,SORT_SAMPLE,0.15632
paging,q7,5,SORT_SAMPLE,0.221134
paging,q7,5,SORT_SAMPLE,0.166869
paging,q8,1,CONCAT,3.1645930000000004
paging,q8,1,CONCAT,3.440406
paging,q8,1,CONCAT,3.1169569999999993
paging,q8,1,DYNAMIC_FILTER,27.209693000000005
paging,q8,1,DYNAMIC_FILTER,20.026020000000003
paging,q8,1,DYNAMIC_FILTER,25.197612999999997
paging,q8,1,GPU_SCAN,4702.966505
paging,q8,1,GPU_SCAN,4365.175106999999
paging,q8,1,GPU_SCAN,4859.868008999999
paging,q8,1,HASH_GROUP_BY,0.398829
paging,q8,1,HASH_GROUP_BY,0.287149
paging,q8,1,HASH_GROUP_BY,0.479869
paging,q8,1,HASH_JOIN,15.302402
paging,q8,1,HASH_JOIN,15.155498000000001
paging,q8,1,HASH_JOIN,14.783757
paging,q8,1,MERGE_GROUP_BY,0.008983
paging,q8,1,MERGE_GROUP_BY,0.010265
paging,q8,1,MERGE_GROUP_BY,0.012091
paging,q8,1,MERGE_SORT,0.006199
paging,q8,1,MERGE_SORT,0.006091
paging,q8,1,MERGE_SORT,0.010082
paging,q8,1,ORDER_BY,0.140997
paging,q8,1,ORDER_BY,0.079187
paging,q8,1,ORDER_BY,0.077689
paging,q8,1,PARTITION,0.3589699999999999
paging,q8,1,PARTITION,0.363865
paging,q8,1,PARTITION,0.6079239999999999
paging,q8,1,PROJECTION,0.406163
paging,q8,1,PROJECTION,0.37584799999999996
paging,q8,1,PROJECTION,0.442191
paging,q8,1,RESULT_COLLECTOR,0.093487
paging,q8,1,RESULT_COLLECTOR,0.096627
paging,q8,1,RESULT_COLLECTOR,0.126358
paging,q8,1,SORT_PARTITION,0.005587
paging,q8,1,SORT_PARTITION,0.004924
paging,q8,1,SORT_PARTITION,0.006658
paging,q8,1,SORT_SAMPLE,0.009161
paging,q8,1,SORT_SAMPLE,0.007186
paging,q8,1,SORT_SAMPLE,0.010813
paging,q8,2,CONCAT,3.5032149999999995
paging,q8,2,CONCAT,3.4556229999999992
paging,q8,2,CONCAT,3.473713
paging,q8,2,DYNAMIC_FILTER,24.71907
paging,q8,2,DYNAMIC_FILTER,27.920320999999998
paging,q8,2,DYNAMIC_FILTER,28.286146000000002
paging,q8,2,GPU_SCAN,4791.045685
paging,q8,2,GPU_SCAN,4871.2367699999995
paging,q8,2,GPU_SCAN,4835.108075
paging,q8,2,HASH_GROUP_BY,0.334616
paging,q8,2,HASH_GROUP_BY,0.337278
paging,q8,2,HASH_GROUP_BY,0.320678
paging,q8,2,HASH_JOIN,15.259896000000001
paging,q8,2,HASH_JOIN,14.933543
paging,q8,2,HASH_JOIN,15.010637
paging,q8,2,MERGE_GROUP_BY,0.007574
paging,q8,2,MERGE_GROUP_BY,0.010085
paging,q8,2,MERGE_GROUP_BY,0.007859
paging,q8,2,MERGE_SORT,0.007714
paging,q8,2,MERGE_SORT,0.014343
paging,q8,2,MERGE_SORT,0.008121
paging,q8,2,ORDER_BY,0.090517
paging,q8,2,ORDER_BY,0.066598
paging,q8,2,ORDER_BY,0.064021
paging,q8,2,PARTITION,0.6614869999999999
paging,q8,2,PARTITION,0.5153650000000001
paging,q8,2,PARTITION,0.657518
paging,q8,2,PROJECTION,0.463781
paging,q8,2,PROJECTION,0.382738
paging,q8,2,PROJECTION,0.343145
paging,q8,2,RESULT_COLLECTOR,0.10483
paging,q8,2,RESULT_COLLECTOR,0.106299
paging,q8,2,RESULT_COLLECTOR,0.079395
paging,q8,2,SORT_PARTITION,0.007472
paging,q8,2,SORT_PARTITION,0.005307
paging,q8,2,SORT_PARTITION,0.005073
paging,q8,2,SORT_SAMPLE,0.009955
paging,q8,2,SORT_SAMPLE,0.008793
paging,q8,2,SORT_SAMPLE,0.007689
paging,q8,3,CONCAT,3.3792090000000004
paging,q8,3,CONCAT,3.0901689999999995
paging,q8,3,CONCAT,3.6747370000000004
paging,q8,3,DYNAMIC_FILTER,25.390334999999997
paging,q8,3,DYNAMIC_FILTER,22.189149999999998
paging,q8,3,DYNAMIC_FILTER,31.092335000000006
paging,q8,3,GPU_SCAN,4722.864154999999
paging,q8,3,GPU_SCAN,4869.787959
paging,q8,3,GPU_SCAN,4872.164805
paging,q8,3,HASH_GROUP_BY,0.328057
paging,q8,3,HASH_GROUP_BY,0.340214
paging,q8,3,HASH_GROUP_BY,0.493696
paging,q8,3,HASH_JOIN,14.655029
paging,q8,3,HASH_JOIN,14.529632000000001
paging,q8,3,HASH_JOIN,15.401724999999999
paging,q8,3,MERGE_GROUP_BY,0.018671
paging,q8,3,MERGE_GROUP_BY,0.009314
paging,q8,3,MERGE_GROUP_BY,0.008981
paging,q8,3,MERGE_SORT,0.007274
paging,q8,3,MERGE_SORT,0.008589
paging,q8,3,MERGE_SORT,0.007985
paging,q8,3,ORDER_BY,0.069531
paging,q8,3,ORDER_BY,0.063933
paging,q8,3,ORDER_BY,0.075165
paging,q8,3,PARTITION,0.46162299999999995
paging,q8,3,PARTITION,0.4534519999999999
paging,q8,3,PARTITION,0.5410870000000001
paging,q8,3,PROJECTION,0.45829600000000004
paging,q8,3,PROJECTION,0.356082
paging,q8,3,PROJECTION,0.43854800000000005
paging,q8,3,RESULT_COLLECTOR,0.201089
paging,q8,3,RESULT_COLLECTOR,0.09728
paging,q8,3,RESULT_COLLECTOR,0.124613
paging,q8,3,SORT_PARTITION,0.006753
paging,q8,3,SORT_PARTITION,0.00491
paging,q8,3,SORT_PARTITION,0.006138
paging,q8,3,SORT_SAMPLE,0.010757
paging,q8,3,SORT_SAMPLE,0.008233
paging,q8,3,SORT_SAMPLE,0.010544
paging,q8,4,CONCAT,3.2420370000000003
paging,q8,4,CONCAT,3.2468369999999998
paging,q8,4,CONCAT,3.4864180000000005
paging,q8,4,DYNAMIC_FILTER,26.717063000000003
paging,q8,4,DYNAMIC_FILTER,25.253266999999997
paging,q8,4,DYNAMIC_FILTER,34.10345000000001
paging,q8,4,GPU_SCAN,4789.155495
paging,q8,4,GPU_SCAN,4604.232113000001
paging,q8,4,GPU_SCAN,4818.79545
paging,q8,4,HASH_GROUP_BY,0.344347
paging,q8,4,HASH_GROUP_BY,0.336814
paging,q8,4,HASH_GROUP_BY,0.342659
paging,q8,4,HASH_JOIN,14.589014999999998
paging,q8,4,HASH_JOIN,14.686423999999999
paging,q8,4,HASH_JOIN,15.590622000000002
paging,q8,4,MERGE_GROUP_BY,0.011466
paging,q8,4,MERGE_GROUP_BY,0.007792
paging,q8,4,MERGE_GROUP_BY,0.008371
paging,q8,4,MERGE_SORT,0.00897
paging,q8,4,MERGE_SORT,0.009349
paging,q8,4,MERGE_SORT,0.009124
paging,q8,4,ORDER_BY,0.089264
paging,q8,4,ORDER_BY,0.07653
paging,q8,4,ORDER_BY,0.072793
paging,q8,4,PARTITION,0.584925
paging,q8,4,PARTITION,0.585891
paging,q8,4,PARTITION,0.53434
paging,q8,4,PROJECTION,0.517152
paging,q8,4,PROJECTION,0.42846700000000004
paging,q8,4,PROJECTION,0.46743500000000004
paging,q8,4,RESULT_COLLECTOR,0.169731
paging,q8,4,RESULT_COLLECTOR,0.099433
paging,q8,4,RESULT_COLLECTOR,0.10886
paging,q8,4,SORT_PARTITION,0.007987
paging,q8,4,SORT_PARTITION,0.005417
paging,q8,4,SORT_PARTITION,0.006035
paging,q8,4,SORT_SAMPLE,0.010371
paging,q8,4,SORT_SAMPLE,0.009346
paging,q8,4,SORT_SAMPLE,0.010569
paging,q8,5,CONCAT,3.7420380000000004
paging,q8,5,CONCAT,3.5746539999999998
paging,q8,5,CONCAT,3.3948430000000003
paging,q8,5,DYNAMIC_FILTER,32.375979
paging,q8,5,DYNAMIC_FILTER,32.945434999999996
paging,q8,5,DYNAMIC_FILTER,20.401351
paging,q8,5,GPU_SCAN,4883.251727
paging,q8,5,GPU_SCAN,4705.300929999999
paging,q8,5,GPU_SCAN,4732.473957000001
paging,q8,5,HASH_GROUP_BY,0.364391
paging,q8,5,HASH_GROUP_BY,0.334675
paging,q8,5,HASH_GROUP_BY,0.426133
paging,q8,5,HASH_JOIN,14.934259
paging,q8,5,HASH_JOIN,14.78886
paging,q8,5,HASH_JOIN,14.566245
paging,q8,5,MERGE_GROUP_BY,0.014616
paging,q8,5,MERGE_GROUP_BY,0.009729
paging,q8,5,MERGE_GROUP_BY,0.011579
paging,q8,5,MERGE_SORT,0.008026
paging,q8,5,MERGE_SORT,0.006912
paging,q8,5,MERGE_SORT,0.006477
paging,q8,5,ORDER_BY,0.094341
paging,q8,5,ORDER_BY,0.067492
paging,q8,5,ORDER_BY,0.060032
paging,q8,5,PARTITION,0.610287
paging,q8,5,PARTITION,0.46574299999999996
paging,q8,5,PARTITION,0.33033900000000005
paging,q8,5,PROJECTION,0.449102
paging,q8,5,PROJECTION,0.416199
paging,q8,5,PROJECTION,0.361019
paging,q8,5,RESULT_COLLECTOR,0.159602
paging,q8,5,RESULT_COLLECTOR,0.104789
paging,q8,5,RESULT_COLLECTOR,0.118283
paging,q8,5,SORT_PARTITION,0.007565
paging,q8,5,SORT_PARTITION,0.00603
paging,q8,5,SORT_PARTITION,0.005456
paging,q8,5,SORT_SAMPLE,0.012862
paging,q8,5,SORT_SAMPLE,0.010373
paging,q8,5,SORT_SAMPLE,0.008515
paging,q9,1,CONCAT,12.294716000000001
paging,q9,1,CONCAT,16.089851
paging,q9,1,CONCAT,14.879165
paging,q9,1,DYNAMIC_FILTER,33.42783
paging,q9,1,DYNAMIC_FILTER,32.28732500000001
paging,q9,1,DYNAMIC_FILTER,26.840212
paging,q9,1,GPU_SCAN,4831.921412000001
paging,q9,1,GPU_SCAN,4382.562199999999
paging,q9,1,GPU_SCAN,4349.345747999999
paging,q9,1,HASH_GROUP_BY,2.706617
paging,q9,1,HASH_GROUP_BY,2.715431
paging,q9,1,HASH_GROUP_BY,2.643432
paging,q9,1,HASH_JOIN,117.966702
paging,q9,1,HASH_JOIN,115.098789
paging,q9,1,HASH_JOIN,116.811354
paging,q9,1,MERGE_GROUP_BY,0.052973
paging,q9,1,MERGE_GROUP_BY,0.05845
paging,q9,1,MERGE_GROUP_BY,0.051958
paging,q9,1,MERGE_SORT,0.812929
paging,q9,1,MERGE_SORT,0.835867
paging,q9,1,MERGE_SORT,0.478625
paging,q9,1,ORDER_BY,0.651888
paging,q9,1,ORDER_BY,1.153087
paging,q9,1,ORDER_BY,1.145065
paging,q9,1,PARTITION,0.818735
paging,q9,1,PARTITION,0.9875109999999999
paging,q9,1,PARTITION,0.7255579999999997
paging,q9,1,PROJECTION,4.611418
paging,q9,1,PROJECTION,2.071291
paging,q9,1,PROJECTION,2.058012
paging,q9,1,RESULT_COLLECTOR,0.362488
paging,q9,1,RESULT_COLLECTOR,0.282292
paging,q9,1,RESULT_COLLECTOR,0.159177
paging,q9,1,SORT_PARTITION,0.334869
paging,q9,1,SORT_PARTITION,0.375967
paging,q9,1,SORT_PARTITION,0.350704
paging,q9,1,SORT_SAMPLE,0.09351
paging,q9,1,SORT_SAMPLE,0.202346
paging,q9,1,SORT_SAMPLE,0.156695
paging,q9,2,CONCAT,12.102095
paging,q9,2,CONCAT,12.368024
paging,q9,2,CONCAT,12.374761999999999
paging,q9,2,DYNAMIC_FILTER,35.49407999999999
paging,q9,2,DYNAMIC_FILTER,31.305047000000002
paging,q9,2,DYNAMIC_FILTER,40.761017
paging,q9,2,GPU_SCAN,4936.866544000003
paging,q9,2,GPU_SCAN,4542.292697
paging,q9,2,GPU_SCAN,4877.1723379999985
paging,q9,2,HASH_GROUP_BY,2.691248
paging,q9,2,HASH_GROUP_BY,2.704496
paging,q9,2,HASH_GROUP_BY,2.927261
paging,q9,2,HASH_JOIN,116.918533
paging,q9,2,HASH_JOIN,117.399482
paging,q9,2,HASH_JOIN,117.297981
paging,q9,2,MERGE_GROUP_BY,0.026668
paging,q9,2,MERGE_GROUP_BY,0.015526
paging,q9,2,MERGE_GROUP_BY,0.047005
paging,q9,2,MERGE_SORT,0.69601
paging,q9,2,MERGE_SORT,0.736206
paging,q9,2,MERGE_SORT,0.708739
paging,q9,2,ORDER_BY,1.098568
paging,q9,2,ORDER_BY,0.771219
paging,q9,2,ORDER_BY,1.197287
paging,q9,2,PARTITION,0.703778
paging,q9,2,PARTITION,0.7502740000000001
paging,q9,2,PARTITION,0.8437539999999999
paging,q9,2,PROJECTION,2.092751
paging,q9,2,PROJECTION,2.086068
paging,q9,2,PROJECTION,2.126423
paging,q9,2,RESULT_COLLECTOR,0.168909
paging,q9,2,RESULT_COLLECTOR,0.16717
paging,q9,2,RESULT_COLLECTOR,0.228011
paging,q9,2,SORT_PARTITION,0.382804
paging,q9,2,SORT_PARTITION,0.351282
paging,q9,2,SORT_PARTITION,0.814675
paging,q9,2,SORT_SAMPLE,0.236258
paging,q9,2,SORT_SAMPLE,0.106645
paging,q9,2,SORT_SAMPLE,0.421164
paging,q9,3,CONCAT,12.340200999999999
paging,q9,3,CONCAT,11.897507999999998
paging,q9,3,CONCAT,11.820969
paging,q9,3,DYNAMIC_FILTER,33.601608000000006
paging,q9,3,DYNAMIC_FILTER,31.989836000000004
paging,q9,3,DYNAMIC_FILTER,34.093672999999995
paging,q9,3,GPU_SCAN,4881.842228000001
paging,q9,3,GPU_SCAN,4877.752814000001
paging,q9,3,GPU_SCAN,4776.782898
paging,q9,3,HASH_GROUP_BY,2.695992
paging,q9,3,HASH_GROUP_BY,2.584019
paging,q9,3,HASH_GROUP_BY,2.654309
paging,q9,3,HASH_JOIN,118.20477199999999
paging,q9,3,HASH_JOIN,116.352825
paging,q9,3,HASH_JOIN,116.36338599999999
paging,q9,3,MERGE_GROUP_BY,0.052917
paging,q9,3,MERGE_GROUP_BY,0.043562
paging,q9,3,MERGE_GROUP_BY,0.053701
paging,q9,3,MERGE_SORT,0.569714
paging,q9,3,MERGE_SORT,0.811133
paging,q9,3,MERGE_SORT,0.213979
paging,q9,3,ORDER_BY,1.416824
paging,q9,3,ORDER_BY,1.281116
paging,q9,3,ORDER_BY,0.650749
paging,q9,3,PARTITION,0.7158559999999998
paging,q9,3,PARTITION,0.562805
paging,q9,3,PARTITION,0.7283449999999998
paging,q9,3,PROJECTION,2.067485
paging,q9,3,PROJECTION,2.073273
paging,q9,3,PROJECTION,2.064449
paging,q9,3,RESULT_COLLECTOR,0.299617
paging,q9,3,RESULT_COLLECTOR,0.271235
paging,q9,3,RESULT_COLLECTOR,0.266819
paging,q9,3,SORT_PARTITION,0.302909
paging,q9,3,SORT_PARTITION,0.319299
paging,q9,3,SORT_PARTITION,0.298802
paging,q9,3,SORT_SAMPLE,0.099704
paging,q9,3,SORT_SAMPLE,0.144957
paging,q9,3,SORT_SAMPLE,0.084914
paging,q9,4,CONCAT,12.076728
paging,q9,4,CONCAT,12.273831000000001
paging,q9,4,CONCAT,12.329384
paging,q9,4,DYNAMIC_FILTER,46.536575000000006
paging,q9,4,DYNAMIC_FILTER,41.124125
paging,q9,4,DYNAMIC_FILTER,35.73593599999999
paging,q9,4,GPU_SCAN,4948.902178
paging,q9,4,GPU_SCAN,4967.472014000001
paging,q9,4,GPU_SCAN,4700.988312999999
paging,q9,4,HASH_GROUP_BY,2.569687
paging,q9,4,HASH_GROUP_BY,2.958794
paging,q9,4,HASH_GROUP_BY,3.301083
paging,q9,4,HASH_JOIN,117.366997
paging,q9,4,HASH_JOIN,117.73031399999999
paging,q9,4,HASH_JOIN,117.500113
paging,q9,4,MERGE_GROUP_BY,0.061729
paging,q9,4,MERGE_GROUP_BY,0.029595
paging,q9,4,MERGE_GROUP_BY,0.092468
paging,q9,4,MERGE_SORT,0.774901
paging,q9,4,MERGE_SORT,0.762846
paging,q9,4,MERGE_SORT,0.28913
paging,q9,4,ORDER_BY,0.968453
paging,q9,4,ORDER_BY,0.763054
paging,q9,4,ORDER_BY,0.77374
paging,q9,4,PARTITION,0.6957460000000002
paging,q9,4,PARTITION,0.899549
paging,q9,4,PARTITION,0.96912
paging,q9,4,PROJECTION,2.066178
paging,q9,4,PROJECTION,2.101316
paging,q9,4,PROJECTION,2.199427
paging,q9,4,RESULT_COLLECTOR,0.248443
paging,q9,4,RESULT_COLLECTOR,0.169232
paging,q9,4,RESULT_COLLECTOR,0.299986
paging,q9,4,SORT_PARTITION,0.325881
paging,q9,4,SORT_PARTITION,0.439879
paging,q9,4,SORT_PARTITION,0.420198
paging,q9,4,SORT_SAMPLE,0.15489
paging,q9,4,SORT_SAMPLE,0.12155
paging,q9,4,SORT_SAMPLE,0.126404
paging,q9,5,CONCAT,12.264764
paging,q9,5,CONCAT,11.884995
paging,q9,5,CONCAT,12.102142
paging,q9,5,DYNAMIC_FILTER,36.55487500000001
paging,q9,5,DYNAMIC_FILTER,43.77976699999999
paging,q9,5,DYNAMIC_FILTER,32.439415
paging,q9,5,GPU_SCAN,4777.967077000003
paging,q9,5,GPU_SCAN,4781.405662000001
paging,q9,5,GPU_SCAN,4768.9598490000035
paging,q9,5,HASH_GROUP_BY,2.640588
paging,q9,5,HASH_GROUP_BY,2.697705
paging,q9,5,HASH_GROUP_BY,3.209252
paging,q9,5,HASH_JOIN,116.99719499999999
paging,q9,5,HASH_JOIN,117.44625300000001
paging,q9,5,HASH_JOIN,116.643789
paging,q9,5,MERGE_GROUP_BY,0.061679
paging,q9,5,MERGE_GROUP_BY,0.057164
paging,q9,5,MERGE_GROUP_BY,0.014904
paging,q9,5,MERGE_SORT,0.618268
paging,q9,5,MERGE_SORT,0.611203
paging,q9,5,MERGE_SORT,0.278583
paging,q9,5,ORDER_BY,0.626023
paging,q9,5,ORDER_BY,1.134767
paging,q9,5,ORDER_BY,0.659471
paging,q9,5,PARTITION,0.8294649999999998
paging,q9,5,PARTITION,0.6082420000000001
paging,q9,5,PARTITION,0.6957430000000001
paging,q9,5,PROJECTION,2.08588
paging,q9,5,PROJECTION,2.08626
paging,q9,5,PROJECTION,2.071694
paging,q9,5,RESULT_COLLECTOR,0.334655
paging,q9,5,RESULT_COLLECTOR,0.304377
paging,q9,5,RESULT_COLLECTOR,0.117796
paging,q9,5,SORT_PARTITION,0.401435
paging,q9,5,SORT_PARTITION,0.375515
paging,q9,5,SORT_PARTITION,0.339866
paging,q9,5,SORT_SAMPLE,0.202355
paging,q9,5,SORT_SAMPLE,0.192785
paging,q9,5,SORT_SAMPLE,0.106663
paging,q10,1,CONCAT,1.142453
paging,q10,1,CONCAT,1.4375100000000003
paging,q10,1,CONCAT,1.41708
paging,q10,1,DYNAMIC_FILTER,4.612619
paging,q10,1,DYNAMIC_FILTER,6.092822
paging,q10,1,DYNAMIC_FILTER,6.921657
paging,q10,1,GPU_SCAN,2303.4053519999998
paging,q10,1,GPU_SCAN,2537.5463389999995
paging,q10,1,GPU_SCAN,2542.5123820000003
paging,q10,1,HASH_GROUP_BY,17.139376
paging,q10,1,HASH_GROUP_BY,17.22756
paging,q10,1,HASH_GROUP_BY,17.28518
paging,q10,1,HASH_JOIN,26.609106
paging,q10,1,HASH_JOIN,27.237668
paging,q10,1,HASH_JOIN,26.990558
paging,q10,1,MERGE_GROUP_BY,0.018315
paging,q10,1,MERGE_GROUP_BY,0.06257
paging,q10,1,MERGE_GROUP_BY,0.068527
paging,q10,1,MERGE_SORT,10.808644
paging,q10,1,MERGE_SORT,10.595366
paging,q10,1,MERGE_SORT,11.022367
paging,q10,1,ORDER_BY,10.716245
paging,q10,1,ORDER_BY,5.054323
paging,q10,1,ORDER_BY,5.062297
paging,q10,1,PARTITION,0.291538
paging,q10,1,PARTITION,0.37861700000000004
paging,q10,1,PARTITION,0.25851
paging,q10,1,PROJECTION,5.549151
paging,q10,1,PROJECTION,0.397643
paging,q10,1,PROJECTION,0.415802
paging,q10,1,RESULT_COLLECTOR,155.492999
paging,q10,1,RESULT_COLLECTOR,152.046666
paging,q10,1,RESULT_COLLECTOR,149.50935
paging,q10,1,SORT_PARTITION,3.177346
paging,q10,1,SORT_PARTITION,3.238145
paging,q10,1,SORT_PARTITION,3.479427
paging,q10,1,SORT_SAMPLE,0.064498
paging,q10,1,SORT_SAMPLE,0.063827
paging,q10,1,SORT_SAMPLE,0.076585
paging,q10,2,CONCAT,1.5200460000000002
paging,q10,2,CONCAT,1.321788
paging,q10,2,CONCAT,1.5638079999999996
paging,q10,2,DYNAMIC_FILTER,5.554518000000001
paging,q10,2,DYNAMIC_FILTER,6.558123
paging,q10,2,DYNAMIC_FILTER,5.153786
paging,q10,2,GPU_SCAN,2340.421027
paging,q10,2,GPU_SCAN,2601.808491
paging,q10,2,GPU_SCAN,2410.5098949999992
paging,q10,2,HASH_GROUP_BY,17.220089
paging,q10,2,HASH_GROUP_BY,18.590181
paging,q10,2,HASH_GROUP_BY,17.152043
paging,q10,2,HASH_JOIN,27.391896
paging,q10,2,HASH_JOIN,27.164318
paging,q10,2,HASH_JOIN,27.415432
paging,q10,2,MERGE_GROUP_BY,0.039209
paging,q10,2,MERGE_GROUP_BY,0.079029
paging,q10,2,MERGE_GROUP_BY,0.090091
paging,q10,2,MERGE_SORT,12.801355
paging,q10,2,MERGE_SORT,11.978187
paging,q10,2,MERGE_SORT,10.756572
paging,q10,2,ORDER_BY,5.11824
paging,q10,2,ORDER_BY,5.342371
paging,q10,2,ORDER_BY,5.580022
paging,q10,2,PARTITION,0.47248
paging,q10,2,PARTITION,0.325087
paging,q10,2,PARTITION,0.43855500000000003
paging,q10,2,PROJECTION,0.439002
paging,q10,2,PROJECTION,0.43041300000000005
paging,q10,2,PROJECTION,0.501854
paging,q10,2,RESULT_COLLECTOR,167.525438
paging,q10,2,RESULT_COLLECTOR,140.884589
paging,q10,2,RESULT_COLLECTOR,190.709988
paging,q10,2,SORT_PARTITION,6.911996
paging,q10,2,SORT_PARTITION,5.18368
paging,q10,2,SORT_PARTITION,5.166625
paging,q10,2,SORT_SAMPLE,0.26606
paging,q10,2,SORT_SAMPLE,0.175549
paging,q10,2,SORT_SAMPLE,0.125919
paging,q10,3,CONCAT,1.13404
paging,q10,3,CONCAT,1.2159090000000001
paging,q10,3,CONCAT,1.528014
paging,q10,3,DYNAMIC_FILTER,5.016738
paging,q10,3,DYNAMIC_FILTER,6.461741000000001
paging,q10,3,DYNAMIC_FILTER,5.784300999999999
paging,q10,3,GPU_SCAN,2319.500645
paging,q10,3,GPU_SCAN,2699.022513
paging,q10,3,GPU_SCAN,2692.373036
paging,q10,3,HASH_GROUP_BY,16.869015
paging,q10,3,HASH_GROUP_BY,17.000526
paging,q10,3,HASH_GROUP_BY,17.375139
paging,q10,3,HASH_JOIN,25.969057
paging,q10,3,HASH_JOIN,27.278758
paging,q10,3,HASH_JOIN,27.55151
paging,q10,3,MERGE_GROUP_BY,0.022325
paging,q10,3,MERGE_GROUP_BY,0.020247
paging,q10,3,MERGE_GROUP_BY,0.017121
paging,q10,3,MERGE_SORT,10.741409
paging,q10,3,MERGE_SORT,10.645941
paging,q10,3,MERGE_SORT,10.682093
paging,q10,3,ORDER_BY,5.253465
paging,q10,3,ORDER_BY,5.25999
paging,q10,3,ORDER_BY,5.304972
paging,q10,3,PARTITION,0.3378420000000001
paging,q10,3,PARTITION,0.34660100000000005
paging,q10,3,PARTITION,0.19176100000000001
paging,q10,3,PROJECTION,0.46064499999999997
paging,q10,3,PROJECTION,0.45642
paging,q10,3,PROJECTION,0.428473
paging,q10,3,RESULT_COLLECTOR,129.254481
paging,q10,3,RESULT_COLLECTOR,127.059206
paging,q10,3,RESULT_COLLECTOR,142.584826
paging,q10,3,SORT_PARTITION,3.39805
paging,q10,3,SORT_PARTITION,3.207535
paging,q10,3,SORT_PARTITION,3.317261
paging,q10,3,SORT_SAMPLE,0.062929
paging,q10,3,SORT_SAMPLE,0.034807
paging,q10,3,SORT_SAMPLE,0.06635
paging,q10,4,CONCAT,1.4682229999999998
paging,q10,4,CONCAT,1.2810709999999998
paging,q10,4,CONCAT,1.1853330000000002
paging,q10,4,DYNAMIC_FILTER,5.674281
paging,q10,4,DYNAMIC_FILTER,5.446558999999999
paging,q10,4,DYNAMIC_FILTER,4.925076
paging,q10,4,GPU_SCAN,2441.644199
paging,q10,4,GPU_SCAN,2446.842084
paging,q10,4,GPU_SCAN,2463.459141
paging,q10,4,HASH_GROUP_BY,16.946208
paging,q10,4,HASH_GROUP_BY,16.766084
paging,q10,4,HASH_GROUP_BY,17.331206
paging,q10,4,HASH_JOIN,26.289579
paging,q10,4,HASH_JOIN,27.370418
paging,q10,4,HASH_JOIN,27.558116
paging,q10,4,MERGE_GROUP_BY,0.019031
paging,q10,4,MERGE_GROUP_BY,0.032581
paging,q10,4,MERGE_GROUP_BY,0.011017
paging,q10,4,MERGE_SORT,10.268469
paging,q10,4,MERGE_SORT,11.082554
paging,q10,4,MERGE_SORT,10.797002
paging,q10,4,ORDER_BY,5.023718
paging,q10,4,ORDER_BY,5.255194
paging,q10,4,ORDER_BY,5.024977
paging,q10,4,PARTITION,0.260283
paging,q10,4,PARTITION,0.43367900000000004
paging,q10,4,PARTITION,0.312459
paging,q10,4,PROJECTION,0.395542
paging,q10,4,PROJECTION,0.42510000000000003
paging,q10,4,PROJECTION,0.382538
paging,q10,4,RESULT_COLLECTOR,147.331748
paging,q10,4,RESULT_COLLECTOR,108.944329
paging,q10,4,RESULT_COLLECTOR,121.840051
paging,q10,4,SORT_PARTITION,3.224638
paging,q10,4,SORT_PARTITION,3.365168
paging,q10,4,SORT_PARTITION,3.411856
paging,q10,4,SORT_SAMPLE,0.040176
paging,q10,4,SORT_SAMPLE,0.061664
paging,q10,4,SORT_SAMPLE,0.026929
paging,q10,5,CONCAT,1.56411
paging,q10,5,CONCAT,1.9254160000000002
paging,q10,5,CONCAT,1.914444
paging,q10,5,DYNAMIC_FILTER,4.70209
paging,q10,5,DYNAMIC_FILTER,7.53614
paging,q10,5,DYNAMIC_FILTER,4.817010999999999
paging,q10,5,GPU_SCAN,2442.845421
paging,q10,5,GPU_SCAN,2701.801594
paging,q10,5,GPU_SCAN,2470.70179
paging,q10,5,HASH_GROUP_BY,16.844189
paging,q10,5,HASH_GROUP_BY,18.147627
paging,q10,5,HASH_GROUP_BY,17.074447
paging,q10,5,HASH_JOIN,26.711292999999998
paging,q10,5,HASH_JOIN,27.945792000000004
paging,q10,5,HASH_JOIN,27.612349000000002
paging,q10,5,MERGE_GROUP_BY,0.028608
paging,q10,5,MERGE_GROUP_BY,0.049144
paging,q10,5,MERGE_GROUP_BY,0.071777
paging,q10,5,MERGE_SORT,10.613913
paging,q10,5,MERGE_SORT,11.631025
paging,q10,5,MERGE_SORT,11.932786
paging,q10,5,ORDER_BY,5.089689
paging,q10,5,ORDER_BY,5.624378
paging,q10,5,ORDER_BY,5.356802
paging,q10,5,PARTITION,0.530386
paging,q10,5,PARTITION,0.449646
paging,q10,5,PARTITION,0.3758919999999999
paging,q10,5,PROJECTION,0.421044
paging,q10,5,PROJECTION,0.5126539999999999
paging,q10,5,PROJECTION,0.442605
paging,q10,5,RESULT_COLLECTOR,198.379498
paging,q10,5,RESULT_COLLECTOR,170.750173
paging,q10,5,RESULT_COLLECTOR,158.663405
paging,q10,5,SORT_PARTITION,3.672852
paging,q10,5,SORT_PARTITION,5.266415
paging,q10,5,SORT_PARTITION,3.685864
paging,q10,5,SORT_SAMPLE,0.099901
paging,q10,5,SORT_SAMPLE,0.2607
paging,q10,5,SORT_SAMPLE,0.090987
paging,q11,1,CONCAT,0.08656699999999999
paging,q11,1,CONCAT,5.736382999999999
paging,q11,1,CONCAT,6.175195
paging,q11,1,CTE,0.009783
paging,q11,1,CTE,0.009144
paging,q11,1,CTE,0.009426
paging,q11,1,DYNAMIC_FILTER,0.087294
paging,q11,1,DYNAMIC_FILTER,0.093699
paging,q11,1,DYNAMIC_FILTER,0.09758
paging,q11,1,GPU_SCAN,387.98273500000005
paging,q11,1,GPU_SCAN,15.332876
paging,q11,1,GPU_SCAN,16.620907000000003
paging,q11,1,HASH_GROUP_BY,1.080772
paging,q11,1,HASH_GROUP_BY,1.114596
paging,q11,1,HASH_GROUP_BY,1.180226
paging,q11,1,HASH_JOIN,14.422138
paging,q11,1,HASH_JOIN,14.800227
paging,q11,1,HASH_JOIN,14.382976
paging,q11,1,MERGE_AGGREGATE,0.020034999999999997
paging,q11,1,MERGE_AGGREGATE,0.028194999999999998
paging,q11,1,MERGE_AGGREGATE,0.020391
paging,q11,1,MERGE_GROUP_BY,0.008184
paging,q11,1,MERGE_GROUP_BY,0.006839
paging,q11,1,MERGE_GROUP_BY,0.009143
paging,q11,1,MERGE_SORT,0.006096
paging,q11,1,MERGE_SORT,0.005218
paging,q11,1,MERGE_SORT,0.006132
paging,q11,1,NESTED_LOOP_JOIN,0.264784
paging,q11,1,NESTED_LOOP_JOIN,0.209723
paging,q11,1,NESTED_LOOP_JOIN,0.212969
paging,q11,1,ORDER_BY,0.014336
paging,q11,1,ORDER_BY,0.011847
paging,q11,1,ORDER_BY,0.011518
paging,q11,1,PARTITION,0.067316
paging,q11,1,PARTITION,0.270721
paging,q11,1,PARTITION,0.38506099999999993
paging,q11,1,PROJECTION,1.0173110000000003
paging,q11,1,PROJECTION,0.926604
paging,q11,1,PROJECTION,0.935509
paging,q11,1,RESULT_COLLECTOR,0.004901
paging,q11,1,RESULT_COLLECTOR,0.004672
paging,q11,1,RESULT_COLLECTOR,0.005306
paging,q11,1,SORT_PARTITION,0.007489
paging,q11,1,SORT_PARTITION,0.005406
paging,q11,1,SORT_PARTITION,0.009814
paging,q11,1,SORT_SAMPLE,0.012878
paging,q11,1,SORT_SAMPLE,0.007093
paging,q11,1,SORT_SAMPLE,0.01615
paging,q11,1,UNGROUPED_AGGREGATE,0.744347
paging,q11,1,UNGROUPED_AGGREGATE,6.7367989999999995
paging,q11,1,UNGROUPED_AGGREGATE,6.735948
paging,q11,2,CONCAT,0.10165199999999998
paging,q11,2,CONCAT,0.19700600000000001
paging,q11,2,CONCAT,0.29514799999999997
paging,q11,2,CTE,0.009976
paging,q11,2,CTE,0.011278
paging,q11,2,CTE,0.032347
paging,q11,2,DYNAMIC_FILTER,0.083119
paging,q11,2,DYNAMIC_FILTER,0.10877
paging,q11,2,DYNAMIC_FILTER,0.121158
paging,q11,2,GPU_SCAN,368.265571
paging,q11,2,GPU_SCAN,375.369909
paging,q11,2,GPU_SCAN,368.690474
paging,q11,2,HASH_GROUP_BY,1.300476
paging,q11,2,HASH_GROUP_BY,1.317572
paging,q11,2,HASH_GROUP_BY,1.089641
paging,q11,2,HASH_JOIN,28.005345
paging,q11,2,HASH_JOIN,27.535242
paging,q11,2,HASH_JOIN,27.866875
paging,q11,2,MERGE_AGGREGATE,0.0157
paging,q11,2,MERGE_AGGREGATE,0.079681
paging,q11,2,MERGE_AGGREGATE,0.017693
paging,q11,2,MERGE_GROUP_BY,0.006968
paging,q11,2,MERGE_GROUP_BY,0.018351
paging,q11,2,MERGE_GROUP_BY,0.006124
paging,q11,2,MERGE_SORT,0.00776
paging,q11,2,MERGE_SORT,0.006409
paging,q11,2,MERGE_SORT,0.005978
paging,q11,2,NESTED_LOOP_JOIN,0.260097
paging,q11,2,NESTED_LOOP_JOIN,0.283386
paging,q11,2,NESTED_LOOP_JOIN,0.218347
paging,q11,2,ORDER_BY,0.013394
paging,q11,2,ORDER_BY,0.013822
paging,q11,2,ORDER_BY,0.011597
paging,q11,2,PARTITION,0.09687
paging,q11,2,PARTITION,0.241572
paging,q11,2,PARTITION,0.16895
paging,q11,2,PROJECTION,1.410702
paging,q11,2,PROJECTION,1.3508550000000001
paging,q11,2,PROJECTION,1.0875960000000002
paging,q11,2,RESULT_COLLECTOR,0.011728
paging,q11,2,RESULT_COLLECTOR,0.007912
paging,q11,2,RESULT_COLLECTOR,0.014474
paging,q11,2,SORT_PARTITION,0.00574
paging,q11,2,SORT_PARTITION,0.008747
paging,q11,2,SORT_PARTITION,0.007043
paging,q11,2,SORT_SAMPLE,0.014547
paging,q11,2,SORT_SAMPLE,0.008798
paging,q11,2,SORT_SAMPLE,0.008669
paging,q11,2,UNGROUPED_AGGREGATE,1.070286
paging,q11,2,UNGROUPED_AGGREGATE,1.260119
paging,q11,2,UNGROUPED_AGGREGATE,1.278391
paging,q11,3,CONCAT,0.11595699999999999
paging,q11,3,CONCAT,0.14333
paging,q11,3,CONCAT,0.09275800000000001
paging,q11,3,CTE,0.010132
paging,q11,3,CTE,0.00901
paging,q11,3,CTE,0.008966
paging,q11,3,DYNAMIC_FILTER,0.08797
paging,q11,3,DYNAMIC_FILTER,0.096993
paging,q11,3,DYNAMIC_FILTER,0.102233
paging,q11,3,GPU_SCAN,368.696489
paging,q11,3,GPU_SCAN,376.327362
paging,q11,3,GPU_SCAN,369.983332
paging,q11,3,HASH_GROUP_BY,1.229007
paging,q11,3,HASH_GROUP_BY,1.15897
paging,q11,3,HASH_GROUP_BY,1.278554
paging,q11,3,HASH_JOIN,27.475075
paging,q11,3,HASH_JOIN,27.40288
paging,q11,3,HASH_JOIN,30.045831
paging,q11,3,MERGE_AGGREGATE,0.0203
paging,q11,3,MERGE_AGGREGATE,0.077173
paging,q11,3,MERGE_AGGREGATE,0.01849
paging,q11,3,MERGE_GROUP_BY,0.027435
paging,q11,3,MERGE_GROUP_BY,0.029553
paging,q11,3,MERGE_GROUP_BY,0.0135
paging,q11,3,MERGE_SORT,0.006037
paging,q11,3,MERGE_SORT,0.00674
paging,q11,3,MERGE_SORT,0.006605
paging,q11,3,NESTED_LOOP_JOIN,0.267881
paging,q11,3,NESTED_LOOP_JOIN,0.232108
paging,q11,3,NESTED_LOOP_JOIN,0.332263
paging,q11,3,ORDER_BY,0.029834
paging,q11,3,ORDER_BY,0.013009
paging,q11,3,ORDER_BY,0.024314
paging,q11,3,PARTITION,0.07487400000000001
paging,q11,3,PARTITION,0.103062
paging,q11,3,PARTITION,0.124266
paging,q11,3,PROJECTION,1.043831
paging,q11,3,PROJECTION,1.1594049999999998
paging,q11,3,PROJECTION,1.010241
paging,q11,3,RESULT_COLLECTOR,0.022766
paging,q11,3,RESULT_COLLECTOR,0.026457
paging,q11,3,RESULT_COLLECTOR,0.005613
paging,q11,3,SORT_PARTITION,0.007327
paging,q11,3,SORT_PARTITION,0.025057
paging,q11,3,SORT_PARTITION,0.006996
paging,q11,3,SORT_SAMPLE,0.012325
paging,q11,3,SORT_SAMPLE,0.043412
paging,q11,3,SORT_SAMPLE,0.00941
paging,q11,3,UNGROUPED_AGGREGATE,0.8398730000000001
paging,q11,3,UNGROUPED_AGGREGATE,0.42655
paging,q11,3,UNGROUPED_AGGREGATE,0.494874
paging,q11,4,CONCAT,0.23348800000000003
paging,q11,4,CONCAT,0.43903200000000003
paging,q11,4,CONCAT,0.32725399999999993
paging,q11,4,CTE,0.031449
paging,q11,4,CTE,0.05638
paging,q11,4,CTE,0.033025
paging,q11,4,DYNAMIC_FILTER,0.08642
paging,q11,4,DYNAMIC_FILTER,0.14427
paging,q11,4,DYNAMIC_FILTER,0.13582
paging,q11,4,GPU_SCAN,374.13345400000003
paging,q11,4,GPU_SCAN,379.60773700000004
paging,q11,4,GPU_SCAN,380.452131
paging,q11,4,HASH_GROUP_BY,1.439079
paging,q11,4,HASH_GROUP_BY,1.284698
paging,q11,4,HASH_GROUP_BY,1.463489
paging,q11,4,HASH_JOIN,22.257873
paging,q11,4,HASH_JOIN,19.066031
paging,q11,4,HASH_JOIN,30.537463000000002
paging,q11,4,MERGE_AGGREGATE,0.099189
paging,q11,4,MERGE_AGGREGATE,0.060164
paging,q11,4,MERGE_AGGREGATE,0.028786
paging,q11,4,MERGE_GROUP_BY,0.027387
paging,q11,4,MERGE_GROUP_BY,0.013746
paging,q11,4,MERGE_GROUP_BY,0.011204
paging,q11,4,MERGE_SORT,0.008415
paging,q11,4,MERGE_SORT,0.008645
paging,q11,4,MERGE_SORT,0.025272
paging,q11,4,NESTED_LOOP_JOIN,0.599367
paging,q11,4,NESTED_LOOP_JOIN,0.496239
paging,q11,4,NESTED_LOOP_JOIN,0.384192
paging,q11,4,ORDER_BY,0.058682
paging,q11,4,ORDER_BY,0.019086
paging,q11,4,ORDER_BY,0.023096
paging,q11,4,PARTITION,0.185732
paging,q11,4,PARTITION,0.265358
paging,q11,4,PARTITION,0.300577
paging,q11,4,PROJECTION,3.911308
paging,q11,4,PROJECTION,3.66695
paging,q11,4,PROJECTION,1.763679
paging,q11,4,RESULT_COLLECTOR,0.010037
paging,q11,4,RESULT_COLLECTOR,0.008371
paging,q11,4,RESULT_COLLECTOR,0.007832
paging,q11,4,SORT_PARTITION,0.008559
paging,q11,4,SORT_PARTITION,0.010641
paging,q11,4,SORT_PARTITION,0.010376
paging,q11,4,SORT_SAMPLE,0.021531
paging,q11,4,SORT_SAMPLE,0.015928
paging,q11,4,SORT_SAMPLE,0.020345
paging,q11,4,UNGROUPED_AGGREGATE,6.435777
paging,q11,4,UNGROUPED_AGGREGATE,5.4208929999999995
paging,q11,4,UNGROUPED_AGGREGATE,1.944909
paging,q11,5,CONCAT,0.176094
paging,q11,5,CONCAT,0.157644
paging,q11,5,CONCAT,0.4904800000000001
paging,q11,5,CTE,0.025539
paging,q11,5,CTE,0.011889
paging,q11,5,CTE,0.038683
paging,q11,5,DYNAMIC_FILTER,0.28222
paging,q11,5,DYNAMIC_FILTER,0.104301
paging,q11,5,DYNAMIC_FILTER,0.125328
paging,q11,5,GPU_SCAN,369.378856
paging,q11,5,GPU_SCAN,370.48219900000004
paging,q11,5,GPU_SCAN,374.234476
paging,q11,5,HASH_GROUP_BY,1.133165
paging,q11,5,HASH_GROUP_BY,1.89085
paging,q11,5,HASH_GROUP_BY,1.551702
paging,q11,5,HASH_JOIN,18.815592000000002
paging,q11,5,HASH_JOIN,17.546064
paging,q11,5,HASH_JOIN,28.785864999999998
paging,q11,5,MERGE_AGGREGATE,0.020884
paging,q11,5,MERGE_AGGREGATE,0.064529
paging,q11,5,MERGE_AGGREGATE,0.096696
paging,q11,5,MERGE_GROUP_BY,0.007012
paging,q11,5,MERGE_GROUP_BY,0.007414
paging,q11,5,MERGE_GROUP_BY,0.029929
paging,q11,5,MERGE_SORT,0.006518
paging,q11,5,MERGE_SORT,0.006734
paging,q11,5,MERGE_SORT,0.00792
paging,q11,5,NESTED_LOOP_JOIN,0.270387
paging,q11,5,NESTED_LOOP_JOIN,0.465239
paging,q11,5,NESTED_LOOP_JOIN,0.358167
paging,q11,5,ORDER_BY,0.013141
paging,q11,5,ORDER_BY,0.023935
paging,q11,5,ORDER_BY,0.017984
paging,q11,5,PARTITION,0.197539
paging,q11,5,PARTITION,0.220728
paging,q11,5,PARTITION,0.40703999999999996
paging,q11,5,PROJECTION,2.995318
paging,q11,5,PROJECTION,3.998586
paging,q11,5,PROJECTION,2.162932
paging,q11,5,RESULT_COLLECTOR,0.005611
paging,q11,5,RESULT_COLLECTOR,0.011337
paging,q11,5,RESULT_COLLECTOR,0.011764
paging,q11,5,SORT_PARTITION,0.006206
paging,q11,5,SORT_PARTITION,0.006243
paging,q11,5,SORT_PARTITION,0.018392
paging,q11,5,SORT_SAMPLE,0.012735
paging,q11,5,SORT_SAMPLE,0.013094
paging,q11,5,SORT_SAMPLE,0.033482
paging,q11,5,UNGROUPED_AGGREGATE,0.5727329999999999
paging,q11,5,UNGROUPED_AGGREGATE,5.000171
paging,q11,5,UNGROUPED_AGGREGATE,1.544962
paging,q12,1,CONCAT,0.836462
paging,q12,1,CONCAT,0.858976
paging,q12,1,CONCAT,1.242985
paging,q12,1,DYNAMIC_FILTER,3.2019450000000003
paging,q12,1,DYNAMIC_FILTER,3.039288
paging,q12,1,DYNAMIC_FILTER,3.31794
paging,q12,1,FILTER,17.742196
paging,q12,1,FILTER,19.472558
paging,q12,1,FILTER,33.74920600000001
paging,q12,1,GPU_SCAN,2167.185212
paging,q12,1,GPU_SCAN,2211.418086
paging,q12,1,GPU_SCAN,2208.597434
paging,q12,1,HASH_GROUP_BY,1.797213
paging,q12,1,HASH_GROUP_BY,0.812943
paging,q12,1,HASH_GROUP_BY,0.81822
paging,q12,1,HASH_JOIN,1.228953
paging,q12,1,HASH_JOIN,1.252822
paging,q12,1,HASH_JOIN,1.245595
paging,q12,1,MERGE_GROUP_BY,0.029019
paging,q12,1,MERGE_GROUP_BY,0.029186
paging,q12,1,MERGE_GROUP_BY,0.007832
paging,q12,1,MERGE_SORT,0.006884
paging,q12,1,MERGE_SORT,0.006157
paging,q12,1,MERGE_SORT,0.008944
paging,q12,1,ORDER_BY,3.281856
paging,q12,1,ORDER_BY,0.158814
paging,q12,1,ORDER_BY,0.157981
paging,q12,1,PARTITION,0.298166
paging,q12,1,PARTITION,0.272184
paging,q12,1,PARTITION,0.37644
paging,q12,1,PROJECTION,5.412191
paging,q12,1,PROJECTION,0.371903
paging,q12,1,PROJECTION,0.374965
paging,q12,1,RESULT_COLLECTOR,0.603182
paging,q12,1,RESULT_COLLECTOR,0.325104
paging,q12,1,RESULT_COLLECTOR,0.114734
paging,q12,1,SORT_PARTITION,0.008814
paging,q12,1,SORT_PARTITION,0.005174
paging,q12,1,SORT_PARTITION,0.006222
paging,q12,1,SORT_SAMPLE,0.015187
paging,q12,1,SORT_SAMPLE,0.007822
paging,q12,1,SORT_SAMPLE,0.010924
paging,q12,2,CONCAT,0.9458920000000001
paging,q12,2,CONCAT,0.965961
paging,q12,2,CONCAT,1.623561
paging,q12,2,DYNAMIC_FILTER,3.3598470000000002
paging,q12,2,DYNAMIC_FILTER,3.702175
paging,q12,2,DYNAMIC_FILTER,2.747514
paging,q12,2,FILTER,34.491628
paging,q12,2,FILTER,24.600216
paging,q12,2,FILTER,28.407891999999997
paging,q12,2,GPU_SCAN,2257.8775610000002
paging,q12,2,GPU_SCAN,2133.572989
paging,q12,2,GPU_SCAN,2177.839671
paging,q12,2,HASH_GROUP_BY,0.90512
paging,q12,2,HASH_GROUP_BY,0.907496
paging,q12,2,HASH_GROUP_BY,0.993867
paging,q12,2,HASH_JOIN,1.328472
paging,q12,2,HASH_JOIN,1.385943
paging,q12,2,HASH_JOIN,1.734702
paging,q12,2,MERGE_GROUP_BY,0.032191
paging,q12,2,MERGE_GROUP_BY,0.010073
paging,q12,2,MERGE_GROUP_BY,0.010458
paging,q12,2,MERGE_SORT,0.302623
paging,q12,2,MERGE_SORT,0.417873
paging,q12,2,MERGE_SORT,0.315612
paging,q12,2,ORDER_BY,0.192355
paging,q12,2,ORDER_BY,0.34519
paging,q12,2,ORDER_BY,0.23941
paging,q12,2,PARTITION,0.39268700000000006
paging,q12,2,PARTITION,0.35366000000000003
paging,q12,2,PARTITION,0.8428000000000001
paging,q12,2,PROJECTION,0.455641
paging,q12,2,PROJECTION,0.47622
paging,q12,2,PROJECTION,0.568341
paging,q12,2,RESULT_COLLECTOR,0.318361
paging,q12,2,RESULT_COLLECTOR,0.248913
paging,q12,2,RESULT_COLLECTOR,0.156759
paging,q12,2,SORT_PARTITION,0.220348
paging,q12,2,SORT_PARTITION,0.250077
paging,q12,2,SORT_PARTITION,0.287837
paging,q12,2,SORT_SAMPLE,0.106843
paging,q12,2,SORT_SAMPLE,0.121894
paging,q12,2,SORT_SAMPLE,0.156519
paging,q12,3,CONCAT,1.238065
paging,q12,3,CONCAT,0.856359
paging,q12,3,CONCAT,1.0045629999999999
paging,q12,3,DYNAMIC_FILTER,3.017305
paging,q12,3,DYNAMIC_FILTER,3.1205480000000003
paging,q12,3,DYNAMIC_FILTER,3.131361
paging,q12,3,FILTER,18.048066000000002
paging,q12,3,FILTER,23.153102
paging,q12,3,FILTER,15.855021000000002
paging,q12,3,GPU_SCAN,2036.2943419999997
paging,q12,3,GPU_SCAN,2169.4473150000003
paging,q12,3,GPU_SCAN,2074.6148170000006
paging,q12,3,HASH_GROUP_BY,0.816399
paging,q12,3,HASH_GROUP_BY,0.837784
paging,q12,3,HASH_GROUP_BY,0.810292
paging,q12,3,HASH_JOIN,1.235108
paging,q12,3,HASH_JOIN,1.307748
paging,q12,3,HASH_JOIN,1.277783
paging,q12,3,MERGE_GROUP_BY,0.010476
paging,q12,3,MERGE_GROUP_BY,0.009047
paging,q12,3,MERGE_GROUP_BY,0.031445
paging,q12,3,MERGE_SORT,0.006721
paging,q12,3,MERGE_SORT,0.025328
paging,q12,3,MERGE_SORT,0.006239
paging,q12,3,ORDER_BY,0.199653
paging,q12,3,ORDER_BY,0.219965
paging,q12,3,ORDER_BY,0.181062
paging,q12,3,PARTITION,0.298708
paging,q12,3,PARTITION,0.3420649999999999
paging,q12,3,PARTITION,0.24387999999999999
paging,q12,3,PROJECTION,0.38134
paging,q12,3,PROJECTION,0.423519
paging,q12,3,PROJECTION,0.389515
paging,q12,3,RESULT_COLLECTOR,0.111208
paging,q12,3,RESULT_COLLECTOR,0.11935
paging,q12,3,RESULT_COLLECTOR,0.222261
paging,q12,3,SORT_PARTITION,0.004198
paging,q12,3,SORT_PARTITION,0.005671
paging,q12,3,SORT_PARTITION,0.005731
paging,q12,3,SORT_SAMPLE,0.008902
paging,q12,3,SORT_SAMPLE,0.009831
paging,q12,3,SORT_SAMPLE,0.009423
paging,q12,4,CONCAT,1.33563
paging,q12,4,CONCAT,0.8643240000000001
paging,q12,4,CONCAT,1.45206
paging,q12,4,DYNAMIC_FILTER,3.0199350000000003
paging,q12,4,DYNAMIC_FILTER,3.112553
paging,q12,4,DYNAMIC_FILTER,3.594622
paging,q12,4,FILTER,14.524719000000001
paging,q12,4,FILTER,26.386472
paging,q12,4,FILTER,35.409606
paging,q12,4,GPU_SCAN,2024.9132369999998
paging,q12,4,GPU_SCAN,2174.1818630000002
paging,q12,4,GPU_SCAN,2110.815494
paging,q12,4,HASH_GROUP_BY,0.847498
paging,q12,4,HASH_GROUP_BY,0.863701
paging,q12,4,HASH_GROUP_BY,0.818421
paging,q12,4,HASH_JOIN,1.257714
paging,q12,4,HASH_JOIN,1.300205
paging,q12,4,HASH_JOIN,1.274967
paging,q12,4,MERGE_GROUP_BY,0.038764
paging,q12,4,MERGE_GROUP_BY,0.009642
paging,q12,4,MERGE_GROUP_BY,0.053184
paging,q12,4,MERGE_SORT,0.008064
paging,q12,4,MERGE_SORT,0.024511
paging,q12,4,MERGE_SORT,0.006558
paging,q12,4,ORDER_BY,0.175976
paging,q12,4,ORDER_BY,0.162614
paging,q12,4,ORDER_BY,0.166675
paging,q12,4,PARTITION,0.633501
paging,q12,4,PARTITION,0.458472
paging,q12,4,PARTITION,0.352238
paging,q12,4,PROJECTION,0.393405
paging,q12,4,PROJECTION,0.406312
paging,q12,4,PROJECTION,0.401486
paging,q12,4,RESULT_COLLECTOR,0.221187
paging,q12,4,RESULT_COLLECTOR,0.107673
paging,q12,4,RESULT_COLLECTOR,0.262958
paging,q12,4,SORT_PARTITION,0.005452
paging,q12,4,SORT_PARTITION,0.006024
paging,q12,4,SORT_PARTITION,0.005375
paging,q12,4,SORT_SAMPLE,0.009416
paging,q12,4,SORT_SAMPLE,0.009177
paging,q12,4,SORT_SAMPLE,0.009319
paging,q12,5,CONCAT,0.894719
paging,q12,5,CONCAT,1.994256
paging,q12,5,CONCAT,1.0975139999999999
paging,q12,5,DYNAMIC_FILTER,3.060614
paging,q12,5,DYNAMIC_FILTER,3.247222
paging,q12,5,DYNAMIC_FILTER,3.3435310000000005
paging,q12,5,FILTER,26.412208
paging,q12,5,FILTER,39.763032
paging,q12,5,FILTER,28.364865000000005
paging,q12,5,GPU_SCAN,2056.7049970000003
paging,q12,5,GPU_SCAN,2269.842531999999
paging,q12,5,GPU_SCAN,2108.920126
paging,q12,5,HASH_GROUP_BY,0.789285
paging,q12,5,HASH_GROUP_BY,0.850326
paging,q12,5,HASH_GROUP_BY,0.918673
paging,q12,5,HASH_JOIN,1.255984
paging,q12,5,HASH_JOIN,1.378845
paging,q12,5,HASH_JOIN,1.35449
paging,q12,5,MERGE_GROUP_BY,0.019637
paging,q12,5,MERGE_GROUP_BY,0.021886
paging,q12,5,MERGE_GROUP_BY,0.010602
paging,q12,5,MERGE_SORT,0.023525
paging,q12,5,MERGE_SORT,0.024194
paging,q12,5,MERGE_SORT,0.009979
paging,q12,5,ORDER_BY,0.172211
paging,q12,5,ORDER_BY,0.286725
paging,q12,5,ORDER_BY,0.222992
paging,q12,5,PARTITION,0.457952
paging,q12,5,PARTITION,0.6050829999999999
paging,q12,5,PARTITION,0.49139399999999994
paging,q12,5,PROJECTION,0.386583
paging,q12,5,PROJECTION,0.463936
paging,q12,5,PROJECTION,0.449499
paging,q12,5,RESULT_COLLECTOR,0.231494
paging,q12,5,RESULT_COLLECTOR,0.252315
paging,q12,5,RESULT_COLLECTOR,0.142291
paging,q12,5,SORT_PARTITION,0.005329
paging,q12,5,SORT_PARTITION,0.006827
paging,q12,5,SORT_PARTITION,0.008406
paging,q12,5,SORT_SAMPLE,0.009356
paging,q12,5,SORT_SAMPLE,0.013085
paging,q12,5,SORT_SAMPLE,0.014575
paging,q13,1,CONCAT,13.38964
paging,q13,1,CONCAT,13.221562
paging,q13,1,CONCAT,13.288663999999999
paging,q13,1,GPU_SCAN,1168.7869660000001
paging,q13,1,GPU_SCAN,1121.662583
paging,q13,1,GPU_SCAN,1138.9861409999999
paging,q13,1,HASH_GROUP_BY,11.108689
paging,q13,1,HASH_GROUP_BY,11.255946
paging,q13,1,HASH_GROUP_BY,11.342724
paging,q13,1,HASH_JOIN,74.82648
paging,q13,1,HASH_JOIN,72.403724
paging,q13,1,HASH_JOIN,72.020089
paging,q13,1,MERGE_GROUP_BY,0.0361
paging,q13,1,MERGE_GROUP_BY,0.016396
paging,q13,1,MERGE_GROUP_BY,0.035824
paging,q13,1,MERGE_SORT,0.005316
paging,q13,1,MERGE_SORT,0.011838
paging,q13,1,MERGE_SORT,0.006025
paging,q13,1,ORDER_BY,0.206882
paging,q13,1,ORDER_BY,0.189537
paging,q13,1,ORDER_BY,0.208423
paging,q13,1,PARTITION,0.157625
paging,q13,1,PARTITION,0.14518
paging,q13,1,PARTITION,0.12621600000000002
paging,q13,1,PROJECTION,0.027905
paging,q13,1,PROJECTION,0.021755
paging,q13,1,PROJECTION,0.02216
paging,q13,1,RESULT_COLLECTOR,0.205087
paging,q13,1,RESULT_COLLECTOR,0.075117
paging,q13,1,RESULT_COLLECTOR,0.209211
paging,q13,1,SORT_PARTITION,0.007314
paging,q13,1,SORT_PARTITION,0.005814
paging,q13,1,SORT_PARTITION,0.007417
paging,q13,1,SORT_SAMPLE,0.005443
paging,q13,1,SORT_SAMPLE,0.005035
paging,q13,1,SORT_SAMPLE,0.00591
paging,q13,2,CONCAT,12.947538
paging,q13,2,CONCAT,13.402565
paging,q13,2,CONCAT,13.448062
paging,q13,2,GPU_SCAN,1165.193139
paging,q13,2,GPU_SCAN,1165.917137
paging,q13,2,GPU_SCAN,1154.18863
paging,q13,2,HASH_GROUP_BY,12.278642
paging,q13,2,HASH_GROUP_BY,12.085851
paging,q13,2,HASH_GROUP_BY,11.781752
paging,q13,2,HASH_JOIN,72.007521
paging,q13,2,HASH_JOIN,72.03588
paging,q13,2,HASH_JOIN,72.222944
paging,q13,2,MERGE_GROUP_BY,0.09995599999999999
paging,q13,2,MERGE_GROUP_BY,0.111161
paging,q13,2,MERGE_GROUP_BY,0.10972
paging,q13,2,MERGE_SORT,0.020889
paging,q13,2,MERGE_SORT,0.011302
paging,q13,2,MERGE_SORT,0.00843
paging,q13,2,ORDER_BY,0.474633
paging,q13,2,ORDER_BY,0.507995
paging,q13,2,ORDER_BY,0.445747
paging,q13,2,PARTITION,0.267615
paging,q13,2,PARTITION,0.213984
paging,q13,2,PARTITION,0.25624600000000003
paging,q13,2,PROJECTION,0.074517
paging,q13,2,PROJECTION,0.043056000000000004
paging,q13,2,PROJECTION,0.046222
paging,q13,2,RESULT_COLLECTOR,0.204838
paging,q13,2,RESULT_COLLECTOR,0.262382
paging,q13,2,RESULT_COLLECTOR,0.256538
paging,q13,2,SORT_PARTITION,0.01304
paging,q13,2,SORT_PARTITION,0.007386
paging,q13,2,SORT_PARTITION,0.008699
paging,q13,2,SORT_SAMPLE,0.014872
paging,q13,2,SORT_SAMPLE,0.011074
paging,q13,2,SORT_SAMPLE,0.008733
paging,q13,3,CONCAT,12.809458
paging,q13,3,CONCAT,12.951881
paging,q13,3,CONCAT,12.901715999999999
paging,q13,3,GPU_SCAN,1158.14507
paging,q13,3,GPU_SCAN,1162.239877
paging,q13,3,GPU_SCAN,1164.818203
paging,q13,3,HASH_GROUP_BY,11.622108999999998
paging,q13,3,HASH_GROUP_BY,11.211689
paging,q13,3,HASH_GROUP_BY,11.177921999999999
paging,q13,3,HASH_JOIN,72.353552
paging,q13,3,HASH_JOIN,72.375712
paging,q13,3,HASH_JOIN,72.24013
paging,q13,3,MERGE_GROUP_BY,0.057214
paging,q13,3,MERGE_GROUP_BY,0.010692
paging,q13,3,MERGE_GROUP_BY,0.056896
paging,q13,3,MERGE_SORT,0.008265
paging,q13,3,MERGE_SORT,0.00528
paging,q13,3,MERGE_SORT,0.00552
paging,q13,3,ORDER_BY,0.457344
paging,q13,3,ORDER_BY,0.191292
paging,q13,3,ORDER_BY,0.464414
paging,q13,3,PARTITION,0.18107199999999998
paging,q13,3,PARTITION,0.08261500000000001
paging,q13,3,PARTITION,0.109598
paging,q13,3,PROJECTION,0.027025
paging,q13,3,PROJECTION,0.025833000000000002
paging,q13,3,PROJECTION,0.028422
paging,q13,3,RESULT_COLLECTOR,0.087209
paging,q13,3,RESULT_COLLECTOR,0.069732
paging,q13,3,RESULT_COLLECTOR,0.092822
paging,q13,3,SORT_PARTITION,0.005189
paging,q13,3,SORT_PARTITION,0.004741
paging,q13,3,SORT_PARTITION,0.005206
paging,q13,3,SORT_SAMPLE,0.008887
paging,q13,3,SORT_SAMPLE,0.005739
paging,q13,3,SORT_SAMPLE,0.007514
paging,q13,4,CONCAT,12.820351
paging,q13,4,CONCAT,12.913777
paging,q13,4,CONCAT,12.940584000000001
paging,q13,4,GPU_SCAN,1166.9970429999998
paging,q13,4,GPU_SCAN,1170.11105
paging,q13,4,GPU_SCAN,1153.7478190000002
paging,q13,4,HASH_GROUP_BY,11.727744
paging,q13,4,HASH_GROUP_BY,11.659556
paging,q13,4,HASH_GROUP_BY,11.737637
paging,q13,4,HASH_JOIN,72.155597
paging,q13,4,HASH_JOIN,72.34798
paging,q13,4,HASH_JOIN,72.356661
paging,q13,4,MERGE_GROUP_BY,0.05369
paging,q13,4,MERGE_GROUP_BY,0.084643
paging,q13,4,MERGE_GROUP_BY,0.054970000000000005
paging,q13,4,MERGE_SORT,0.008073
paging,q13,4,MERGE_SORT,0.016013
paging,q13,4,MERGE_SORT,0.007008
paging,q13,4,ORDER_BY,0.211143
paging,q13,4,ORDER_BY,0.44237
paging,q13,4,ORDER_BY,0.335317
paging,q13,4,PARTITION,0.10242099999999998
paging,q13,4,PARTITION,0.17228799999999997
paging,q13,4,PARTITION,0.194698
paging,q13,4,PROJECTION,0.06762699999999999
paging,q13,4,PROJECTION,0.07363299999999999
paging,q13,4,PROJECTION,0.054247000000000004
paging,q13,4,RESULT_COLLECTOR,0.072569
paging,q13,4,RESULT_COLLECTOR,0.171817
paging,q13,4,RESULT_COLLECTOR,0.083586
paging,q13,4,SORT_PARTITION,0.006017
paging,q13,4,SORT_PARTITION,0.030654
paging,q13,4,SORT_PARTITION,0.021079
paging,q13,4,SORT_SAMPLE,0.008595
paging,q13,4,SORT_SAMPLE,0.035322
paging,q13,4,SORT_SAMPLE,0.023889
paging,q13,5,CONCAT,12.871585999999999
paging,q13,5,CONCAT,12.894942
paging,q13,5,CONCAT,12.921965
paging,q13,5,GPU_SCAN,1162.8858460000001
paging,q13,5,GPU_SCAN,1165.9920069999998
paging,q13,5,GPU_SCAN,1155.522747
paging,q13,5,HASH_GROUP_BY,11.757988999999998
paging,q13,5,HASH_GROUP_BY,11.14283
paging,q13,5,HASH_GROUP_BY,11.338562
paging,q13,5,HASH_JOIN,72.453362
paging,q13,5,HASH_JOIN,72.225737
paging,q13,5,HASH_JOIN,72.263451
paging,q13,5,MERGE_GROUP_BY,0.042435
paging,q13,5,MERGE_GROUP_BY,0.040914
paging,q13,5,MERGE_GROUP_BY,0.044977
paging,q13,5,MERGE_SORT,0.00719
paging,q13,5,MERGE_SORT,0.005859
paging,q13,5,MERGE_SORT,0.007469
paging,q13,5,ORDER_BY,0.259923
paging,q13,5,ORDER_BY,0.199008
paging,q13,5,ORDER_BY,0.206169
paging,q13,5,PARTITION,0.229576
paging,q13,5,PARTITION,0.18606
paging,q13,5,PARTITION,0.13859700000000003
paging,q13,5,PROJECTION,0.07907
paging,q13,5,PROJECTION,0.025172
paging,q13,5,PROJECTION,0.026834999999999998
paging,q13,5,RESULT_COLLECTOR,0.19884
paging,q13,5,RESULT_COLLECTOR,0.189555
paging,q13,5,RESULT_COLLECTOR,0.183693
paging,q13,5,SORT_PARTITION,0.006024
paging,q13,5,SORT_PARTITION,0.005784
paging,q13,5,SORT_PARTITION,0.006117
paging,q13,5,SORT_SAMPLE,0.010127
paging,q13,5,SORT_SAMPLE,0.005334
paging,q13,5,SORT_SAMPLE,0.012918
paging,q14,1,CONCAT,0.32110500000000003
paging,q14,1,CONCAT,4.449967
paging,q14,1,CONCAT,4.503299
paging,q14,1,GPU_SCAN,3084.299034
paging,q14,1,GPU_SCAN,2767.770697
paging,q14,1,GPU_SCAN,2760.779532
paging,q14,1,HASH_JOIN,6.393979
paging,q14,1,HASH_JOIN,6.302944
paging,q14,1,HASH_JOIN,6.319389
paging,q14,1,MERGE_AGGREGATE,0.009979
paging,q14,1,MERGE_AGGREGATE,0.011703
paging,q14,1,MERGE_AGGREGATE,0.022143
paging,q14,1,PARTITION,0.110636
paging,q14,1,PARTITION,0.192307
paging,q14,1,PARTITION,0.121143
paging,q14,1,PROJECTION,2.23312
paging,q14,1,PROJECTION,1.192915
paging,q14,1,PROJECTION,1.210354
paging,q14,1,RESULT_COLLECTOR,0.146276
paging,q14,1,RESULT_COLLECTOR,0.168796
paging,q14,1,RESULT_COLLECTOR,0.152197
paging,q14,1,UNGROUPED_AGGREGATE,0.555246
paging,q14,1,UNGROUPED_AGGREGATE,0.530129
paging,q14,1,UNGROUPED_AGGREGATE,0.52508
paging,q14,2,CONCAT,4.194463
paging,q14,2,CONCAT,4.1795
paging,q14,2,CONCAT,4.188916
paging,q14,2,GPU_SCAN,2798.720644
paging,q14,2,GPU_SCAN,2816.9295940000006
paging,q14,2,GPU_SCAN,2832.4263690000002
paging,q14,2,HASH_JOIN,6.525987
paging,q14,2,HASH_JOIN,6.630966
paging,q14,2,HASH_JOIN,6.336286
paging,q14,2,MERGE_AGGREGATE,0.020863
paging,q14,2,MERGE_AGGREGATE,0.048564
paging,q14,2,MERGE_AGGREGATE,0.024515
paging,q14,2,PARTITION,0.18651999999999996
paging,q14,2,PARTITION,0.16887
paging,q14,2,PARTITION,0.22717600000000004
paging,q14,2,PROJECTION,1.592333
paging,q14,2,PROJECTION,1.364589
paging,q14,2,PROJECTION,1.179598
paging,q14,2,RESULT_COLLECTOR,0.165706
paging,q14,2,RESULT_COLLECTOR,0.21968
paging,q14,2,RESULT_COLLECTOR,0.153345
paging,q14,2,UNGROUPED_AGGREGATE,0.563844
paging,q14,2,UNGROUPED_AGGREGATE,0.98177
paging,q14,2,UNGROUPED_AGGREGATE,0.536605
paging,q14,3,CONCAT,4.441186
paging,q14,3,CONCAT,4.047716
paging,q14,3,CONCAT,4.156837
paging,q14,3,GPU_SCAN,3103.8463510000006
paging,q14,3,GPU_SCAN,3097.2802810000003
paging,q14,3,GPU_SCAN,3132.2396510000003
paging,q14,3,HASH_JOIN,6.352352
paging,q14,3,HASH_JOIN,6.300051
paging,q14,3,HASH_JOIN,6.211896
paging,q14,3,MERGE_AGGREGATE,0.012774
paging,q14,3,MERGE_AGGREGATE,0.030487
paging,q14,3,MERGE_AGGREGATE,0.018239
paging,q14,3,PARTITION,0.146321
paging,q14,3,PARTITION,0.199015
paging,q14,3,PARTITION,0.18714399999999998
paging,q14,3,PROJECTION,0.86877
paging,q14,3,PROJECTION,1.295539
paging,q14,3,PROJECTION,0.901591
paging,q14,3,RESULT_COLLECTOR,0.076697
paging,q14,3,RESULT_COLLECTOR,0.176564
paging,q14,3,RESULT_COLLECTOR,0.091246
paging,q14,3,UNGROUPED_AGGREGATE,0.559766
paging,q14,3,UNGROUPED_AGGREGATE,0.589404
paging,q14,3,UNGROUPED_AGGREGATE,0.588336
paging,q14,4,CONCAT,3.9177660000000003
paging,q14,4,CONCAT,3.912039
paging,q14,4,CONCAT,4.4582180000000005
paging,q14,4,GPU_SCAN,3130.5938370000003
paging,q14,4,GPU_SCAN,3253.3275509999994
paging,q14,4,GPU_SCAN,3093.43405
paging,q14,4,HASH_JOIN,6.458386
paging,q14,4,HASH_JOIN,6.248586
paging,q14,4,HASH_JOIN,6.150565
paging,q14,4,MERGE_AGGREGATE,0.020377
paging,q14,4,MERGE_AGGREGATE,0.013
paging,q14,4,MERGE_AGGREGATE,0.016034
paging,q14,4,PARTITION,0.178148
paging,q14,4,PARTITION,0.115914
paging,q14,4,PARTITION,0.15737199999999998
paging,q14,4,PROJECTION,0.921296
paging,q14,4,PROJECTION,0.862766
paging,q14,4,PROJECTION,0.849099
paging,q14,4,RESULT_COLLECTOR,0.102736
paging,q14,4,RESULT_COLLECTOR,0.072345
paging,q14,4,RESULT_COLLECTOR,0.080376
paging,q14,4,UNGROUPED_AGGREGATE,0.610669
paging,q14,4,UNGROUPED_AGGREGATE,0.549264
paging,q14,4,UNGROUPED_AGGREGATE,0.552071
paging,q14,5,CONCAT,4.137713
paging,q14,5,CONCAT,4.287749
paging,q14,5,CONCAT,4.322644
paging,q14,5,GPU_SCAN,3093.171593
paging,q14,5,GPU_SCAN,3104.962351
paging,q14,5,GPU_SCAN,3080.360858
paging,q14,5,HASH_JOIN,6.378858
paging,q14,5,HASH_JOIN,6.532698
paging,q14,5,HASH_JOIN,6.461823
paging,q14,5,MERGE_AGGREGATE,0.012345
paging,q14,5,MERGE_AGGREGATE,0.014099
paging,q14,5,MERGE_AGGREGATE,0.012416
paging,q14,5,PARTITION,0.11043900000000001
paging,q14,5,PARTITION,0.189405
paging,q14,5,PARTITION,0.22252199999999997
paging,q14,5,PROJECTION,1.245658
paging,q14,5,PROJECTION,0.958208
paging,q14,5,PROJECTION,1.231946
paging,q14,5,RESULT_COLLECTOR,0.150823
paging,q14,5,RESULT_COLLECTOR,0.083297
paging,q14,5,RESULT_COLLECTOR,0.18301
paging,q14,5,UNGROUPED_AGGREGATE,0.562407
paging,q14,5,UNGROUPED_AGGREGATE,0.561559
paging,q14,5,UNGROUPED_AGGREGATE,0.603722
paging,q15,1,CONCAT,0.09269300000000001
paging,q15,1,CONCAT,0.030587999999999997
paging,q15,1,CONCAT,0.037874
paging,q15,1,CTE,0.006241
paging,q15,1,CTE,0.007063
paging,q15,1,CTE,0.029348
paging,q15,1,GPU_SCAN,2864.092543
paging,q15,1,GPU_SCAN,3054.1143330000004
paging,q15,1,GPU_SCAN,3019.207265
paging,q15,1,HASH_GROUP_BY,15.877431
paging,q15,1,HASH_GROUP_BY,11.058196
paging,q15,1,HASH_GROUP_BY,12.142083000000001
paging,q15,1,HASH_JOIN,4.167652
paging,q15,1,HASH_JOIN,0.9740989999999999
paging,q15,1,HASH_JOIN,1.3013409999999999
paging,q15,1,MERGE_AGGREGATE,0.07085
paging,q15,1,MERGE_AGGREGATE,0.029709
paging,q15,1,MERGE_AGGREGATE,0.041870000000000004
paging,q15,1,MERGE_GROUP_BY,2.746671
paging,q15,1,MERGE_GROUP_BY,2.077803
paging,q15,1,MERGE_GROUP_BY,2.078038
paging,q15,1,MERGE_SORT,0.034384
paging,q15,1,MERGE_SORT,0.010018
paging,q15,1,MERGE_SORT,0.016195
paging,q15,1,ORDER_BY,0.943674
paging,q15,1,ORDER_BY,0.260796
paging,q15,1,ORDER_BY,0.264345
paging,q15,1,PARTITION,0.4699310000000001
paging,q15,1,PARTITION,0.148661
paging,q15,1,PARTITION,0.218732
paging,q15,1,PROJECTION,7.847109000000001
paging,q15,1,PROJECTION,5.90583
paging,q15,1,PROJECTION,4.534783
paging,q15,1,RESULT_COLLECTOR,0.172658
paging,q15,1,RESULT_COLLECTOR,0.1292
paging,q15,1,RESULT_COLLECTOR,0.114741
paging,q15,1,SORT_PARTITION,1.438714
paging,q15,1,SORT_PARTITION,0.468535
paging,q15,1,SORT_PARTITION,0.447275
paging,q15,1,SORT_SAMPLE,0.225422
paging,q15,1,SORT_SAMPLE,0.042776
paging,q15,1,SORT_SAMPLE,0.048055
paging,q15,1,UNGROUPED_AGGREGATE,10.768082
paging,q15,1,UNGROUPED_AGGREGATE,0.323473
paging,q15,1,UNGROUPED_AGGREGATE,0.32160500000000003
paging,q15,2,CONCAT,0.11871999999999999
paging,q15,2,CONCAT,0.067568
paging,q15,2,CONCAT,0.109173
paging,q15,2,CTE,0.013799
paging,q15,2,CTE,0.054991
paging,q15,2,CTE,0.058735
paging,q15,2,GPU_SCAN,2842.908172
paging,q15,2,GPU_SCAN,2833.7448490000006
paging,q15,2,GPU_SCAN,2805.471119
paging,q15,2,HASH_GROUP_BY,12.501717
paging,q15,2,HASH_GROUP_BY,11.897901
paging,q15,2,HASH_GROUP_BY,14.547376
paging,q15,2,HASH_JOIN,2.60841
paging,q15,2,HASH_JOIN,2.076063
paging,q15,2,HASH_JOIN,1.4760659999999999
paging,q15,2,MERGE_AGGREGATE,0.049366
paging,q15,2,MERGE_AGGREGATE,0.078619
paging,q15,2,MERGE_AGGREGATE,0.128211
paging,q15,2,MERGE_GROUP_BY,2.537782
paging,q15,2,MERGE_GROUP_BY,2.113816
paging,q15,2,MERGE_GROUP_BY,2.108808
paging,q15,2,MERGE_SORT,0.021008
paging,q15,2,MERGE_SORT,0.012931
paging,q15,2,MERGE_SORT,0.040051
paging,q15,2,ORDER_BY,0.435074
paging,q15,2,ORDER_BY,0.324157
paging,q15,2,ORDER_BY,0.265044
paging,q15,2,PARTITION,0.558354
paging,q15,2,PARTITION,0.381926
paging,q15,2,PARTITION,0.38221299999999997
paging,q15,2,PROJECTION,5.882198000000001
paging,q15,2,PROJECTION,8.967901000000001
paging,q15,2,PROJECTION,6.072356
paging,q15,2,RESULT_COLLECTOR,0.205901
paging,q15,2,RESULT_COLLECTOR,0.206929
paging,q15,2,RESULT_COLLECTOR,0.165077
paging,q15,2,SORT_PARTITION,1.603721
paging,q15,2,SORT_PARTITION,0.640259
paging,q15,2,SORT_PARTITION,1.090568
paging,q15,2,SORT_SAMPLE,0.248318
paging,q15,2,SORT_SAMPLE,0.044895
paging,q15,2,SORT_SAMPLE,0.197181
paging,q15,2,UNGROUPED_AGGREGATE,0.8837440000000001
paging,q15,2,UNGROUPED_AGGREGATE,0.866768
paging,q15,2,UNGROUPED_AGGREGATE,0.758308
paging,q15,3,CONCAT,0.051038
paging,q15,3,CONCAT,0.040209
paging,q15,3,CONCAT,0.076003
paging,q15,3,CTE,0.043783
paging,q15,3,CTE,0.022661
paging,q15,3,CTE,0.007209
paging,q15,3,GPU_SCAN,3315.022794
paging,q15,3,GPU_SCAN,3102.5732270000003
paging,q15,3,GPU_SCAN,3293.040211
paging,q15,3,HASH_GROUP_BY,15.593796999999999
paging,q15,3,HASH_GROUP_BY,11.367034000000002
paging,q15,3,HASH_GROUP_BY,12.184033
paging,q15,3,HASH_JOIN,2.052811
paging,q15,3,HASH_JOIN,2.451084
paging,q15,3,HASH_JOIN,1.725558
paging,q15,3,MERGE_AGGREGATE,0.051107
paging,q15,3,MERGE_AGGREGATE,0.050458
paging,q15,3,MERGE_AGGREGATE,0.021516
paging,q15,3,MERGE_GROUP_BY,2.156829
paging,q15,3,MERGE_GROUP_BY,2.115319
paging,q15,3,MERGE_GROUP_BY,2.114428
paging,q15,3,MERGE_SORT,0.029435
paging,q15,3,MERGE_SORT,0.024621
paging,q15,3,MERGE_SORT,0.013861
paging,q15,3,ORDER_BY,0.814757
paging,q15,3,ORDER_BY,0.818983
paging,q15,3,ORDER_BY,0.275881
paging,q15,3,PARTITION,0.3994
paging,q15,3,PARTITION,0.336159
paging,q15,3,PARTITION,0.17263699999999998
paging,q15,3,PROJECTION,9.214642999999999
paging,q15,3,PROJECTION,7.934717
paging,q15,3,PROJECTION,8.706624
paging,q15,3,RESULT_COLLECTOR,0.159677
paging,q15,3,RESULT_COLLECTOR,0.157662
paging,q15,3,RESULT_COLLECTOR,0.206206
paging,q15,3,SORT_PARTITION,0.86537
paging,q15,3,SORT_PARTITION,0.493582
paging,q15,3,SORT_PARTITION,0.472443
paging,q15,3,SORT_SAMPLE,0.105058
paging,q15,3,SORT_SAMPLE,0.073838
paging,q15,3,SORT_SAMPLE,0.069058
paging,q15,3,UNGROUPED_AGGREGATE,0.378558
paging,q15,3,UNGROUPED_AGGREGATE,0.443988
paging,q15,3,UNGROUPED_AGGREGATE,0.32287699999999997
paging,q15,4,CONCAT,0.117837
paging,q15,4,CONCAT,0.071194
paging,q15,4,CONCAT,0.17308300000000001
paging,q15,4,CTE,0.029139
paging,q15,4,CTE,0.011716
paging,q15,4,CTE,0.008112
paging,q15,4,GPU_SCAN,3313.322005
paging,q15,4,GPU_SCAN,3084.187074
paging,q15,4,GPU_SCAN,3124.203223
paging,q15,4,HASH_GROUP_BY,17.634785
paging,q15,4,HASH_GROUP_BY,16.063622
paging,q15,4,HASH_GROUP_BY,13.547112000000002
paging,q15,4,HASH_JOIN,1.3408090000000001
paging,q15,4,HASH_JOIN,2.519818
paging,q15,4,HASH_JOIN,2.670137
paging,q15,4,MERGE_AGGREGATE,0.048846999999999995
paging,q15,4,MERGE_AGGREGATE,0.056763
paging,q15,4,MERGE_AGGREGATE,0.052379
paging,q15,4,MERGE_GROUP_BY,2.100431
paging,q15,4,MERGE_GROUP_BY,2.178703
paging,q15,4,MERGE_GROUP_BY,2.216112
paging,q15,4,MERGE_SORT,0.040102
paging,q15,4,MERGE_SORT,0.045001
paging,q15,4,MERGE_SORT,0.07551
paging,q15,4,ORDER_BY,0.247613
paging,q15,4,ORDER_BY,0.774963
paging,q15,4,ORDER_BY,0.856622
paging,q15,4,PARTITION,0.256156
paging,q15,4,PARTITION,0.386993
paging,q15,4,PARTITION,0.401785
paging,q15,4,PROJECTION,8.497807000000002
paging,q15,4,PROJECTION,8.159481000000001
paging,q15,4,PROJECTION,9.508843
paging,q15,4,RESULT_COLLECTOR,0.153833
paging,q15,4,RESULT_COLLECTOR,0.197863
paging,q15,4,RESULT_COLLECTOR,0.269978
paging,q15,4,SORT_PARTITION,1.508115
paging,q15,4,SORT_PARTITION,0.806108
paging,q15,4,SORT_PARTITION,1.729576
paging,q15,4,SORT_SAMPLE,0.251197
paging,q15,4,SORT_SAMPLE,0.115574
paging,q15,4,SORT_SAMPLE,0.325773
paging,q15,4,UNGROUPED_AGGREGATE,0.39142299999999997
paging,q15,4,UNGROUPED_AGGREGATE,0.41472600000000004
paging,q15,4,UNGROUPED_AGGREGATE,0.851915
paging,q15,5,CONCAT,0.09908
paging,q15,5,CONCAT,0.112442
paging,q15,5,CONCAT,0.09999
paging,q15,5,CTE,0.015468
paging,q15,5,CTE,0.027604
paging,q15,5,CTE,0.027622
paging,q15,5,GPU_SCAN,3208.706358
paging,q15,5,GPU_SCAN,3092.6090230000004
paging,q15,5,GPU_SCAN,3287.649469
paging,q15,5,HASH_GROUP_BY,16.846004
paging,q15,5,HASH_GROUP_BY,13.558985
paging,q15,5,HASH_GROUP_BY,15.451507
paging,q15,5,HASH_JOIN,0.9690920000000001
paging,q15,5,HASH_JOIN,1.3378770000000002
paging,q15,5,HASH_JOIN,1.371346
paging,q15,5,MERGE_AGGREGATE,0.032747
paging,q15,5,MERGE_AGGREGATE,0.048382
paging,q15,5,MERGE_AGGREGATE,0.058406
paging,q15,5,MERGE_GROUP_BY,2.381506
paging,q15,5,MERGE_GROUP_BY,2.717169
paging,q15,5,MERGE_GROUP_BY,2.182019
paging,q15,5,MERGE_SORT,0.019974
paging,q15,5,MERGE_SORT,0.018487
paging,q15,5,MERGE_SORT,0.037924
paging,q15,5,ORDER_BY,0.268456
paging,q15,5,ORDER_BY,0.292032
paging,q15,5,ORDER_BY,0.278429
paging,q15,5,PARTITION,0.31845200000000007
paging,q15,5,PARTITION,0.32545
paging,q15,5,PARTITION,0.23721799999999998
paging,q15,5,PROJECTION,10.061571999999998
paging,q15,5,PROJECTION,6.8649309999999995
paging,q15,5,PROJECTION,18.015483000000003
paging,q15,5,RESULT_COLLECTOR,0.168089
paging,q15,5,RESULT_COLLECTOR,0.195274
paging,q15,5,RESULT_COLLECTOR,0.14805
paging,q15,5,SORT_PARTITION,1.508457
paging,q15,5,SORT_PARTITION,0.620293
paging,q15,5,SORT_PARTITION,1.493528
paging,q15,5,SORT_SAMPLE,0.251462
paging,q15,5,SORT_SAMPLE,0.041147
paging,q15,5,SORT_SAMPLE,0.281812
paging,q15,5,UNGROUPED_AGGREGATE,0.5481849999999999
paging,q15,5,UNGROUPED_AGGREGATE,0.345555
paging,q15,5,UNGROUPED_AGGREGATE,0.405691
paging,q16,1,CONCAT,0.20329699999999998
paging,q16,1,CONCAT,0.123579
paging,q16,1,CONCAT,0.13224
paging,q16,1,DYNAMIC_FILTER,0.709105
paging,q16,1,DYNAMIC_FILTER,0.695937
paging,q16,1,DYNAMIC_FILTER,0.692913
paging,q16,1,FILTER,4.152581
paging,q16,1,FILTER,4.08552
paging,q16,1,FILTER,4.0913319999999995
paging,q16,1,GPU_SCAN,121.627383
paging,q16,1,GPU_SCAN,94.56062299999999
paging,q16,1,GPU_SCAN,94.04770099999999
paging,q16,1,HASH_GROUP_BY,56.716329
paging,q16,1,HASH_GROUP_BY,47.14851
paging,q16,1,HASH_GROUP_BY,47.286688
paging,q16,1,HASH_JOIN,6.017759
paging,q16,1,HASH_JOIN,5.366238
paging,q16,1,HASH_JOIN,5.383277
paging,q16,1,MERGE_GROUP_BY,1.088926
paging,q16,1,MERGE_GROUP_BY,0.394251
paging,q16,1,MERGE_GROUP_BY,0.384104
paging,q16,1,MERGE_SORT,0.010267
paging,q16,1,MERGE_SORT,0.007173
paging,q16,1,MERGE_SORT,0.006494
paging,q16,1,ORDER_BY,2.415259
paging,q16,1,ORDER_BY,2.371155
paging,q16,1,ORDER_BY,2.330219
paging,q16,1,PARTITION,0.11947300000000001
paging,q16,1,PARTITION,0.05565200000000001
paging,q16,1,PARTITION,0.076709
paging,q16,1,PROJECTION,0.017817
paging,q16,1,PROJECTION,0.013569
paging,q16,1,PROJECTION,0.020241
paging,q16,1,RESULT_COLLECTOR,0.732937
paging,q16,1,RESULT_COLLECTOR,1.176564
paging,q16,1,RESULT_COLLECTOR,0.696581
paging,q16,1,SORT_PARTITION,0.006221
paging,q16,1,SORT_PARTITION,0.005318
paging,q16,1,SORT_PARTITION,0.005431
paging,q16,1,SORT_SAMPLE,0.008422
paging,q16,1,SORT_SAMPLE,0.007573
paging,q16,1,SORT_SAMPLE,0.009365
paging,q16,2,CONCAT,0.275805
paging,q16,2,CONCAT,0.215551
paging,q16,2,CONCAT,0.19884200000000002
paging,q16,2,DYNAMIC_FILTER,0.699853
paging,q16,2,DYNAMIC_FILTER,0.694849
paging,q16,2,DYNAMIC_FILTER,0.698436
paging,q16,2,FILTER,4.083242
paging,q16,2,FILTER,4.114514
paging,q16,2,FILTER,4.094294
paging,q16,2,GPU_SCAN,121.22416199999999
paging,q16,2,GPU_SCAN,119.141528
paging,q16,2,GPU_SCAN,123.231048
paging,q16,2,HASH_GROUP_BY,46.783902
paging,q16,2,HASH_GROUP_BY,47.01064
paging,q16,2,HASH_GROUP_BY,46.907375
paging,q16,2,HASH_JOIN,6.077921
paging,q16,2,HASH_JOIN,6.448322
paging,q16,2,HASH_JOIN,5.455818
paging,q16,2,MERGE_GROUP_BY,1.054513
paging,q16,2,MERGE_GROUP_BY,0.419465
paging,q16,2,MERGE_GROUP_BY,0.401595
paging,q16,2,MERGE_SORT,0.006257
paging,q16,2,MERGE_SORT,0.006662
paging,q16,2,MERGE_SORT,0.034865
paging,q16,2,ORDER_BY,2.411778
paging,q16,2,ORDER_BY,2.689581
paging,q16,2,ORDER_BY,2.398351
paging,q16,2,PARTITION,0.094217
paging,q16,2,PARTITION,0.16832999999999998
paging,q16,2,PARTITION,0.172219
paging,q16,2,PROJECTION,0.013485
paging,q16,2,PROJECTION,0.01623
paging,q16,2,PROJECTION,0.014252
paging,q16,2,RESULT_COLLECTOR,1.028478
paging,q16,2,RESULT_COLLECTOR,0.733939
paging,q16,2,RESULT_COLLECTOR,0.642648
paging,q16,2,SORT_PARTITION,0.005455
paging,q16,2,SORT_PARTITION,0.006993
paging,q16,2,SORT_PARTITION,0.004709
paging,q16,2,SORT_SAMPLE,0.009088
paging,q16,2,SORT_SAMPLE,0.00779
paging,q16,2,SORT_SAMPLE,0.008222
paging,q16,3,CONCAT,0.14180600000000002
paging,q16,3,CONCAT,0.14593799999999998
paging,q16,3,CONCAT,0.166935
paging,q16,3,DYNAMIC_FILTER,0.690797
paging,q16,3,DYNAMIC_FILTER,0.698582
paging,q16,3,DYNAMIC_FILTER,0.693289
paging,q16,3,FILTER,4.099605
paging,q16,3,FILTER,4.092712
paging,q16,3,FILTER,4.141928
paging,q16,3,GPU_SCAN,118.435109
paging,q16,3,GPU_SCAN,117.26967399999998
paging,q16,3,GPU_SCAN,118.74148199999999
paging,q16,3,HASH_GROUP_BY,47.124706
paging,q16,3,HASH_GROUP_BY,47.089514
paging,q16,3,HASH_GROUP_BY,47.275955
paging,q16,3,HASH_JOIN,5.433843
paging,q16,3,HASH_JOIN,5.408559
paging,q16,3,HASH_JOIN,5.607574
paging,q16,3,MERGE_GROUP_BY,0.395798
paging,q16,3,MERGE_GROUP_BY,0.398414
paging,q16,3,MERGE_GROUP_BY,0.424625
paging,q16,3,MERGE_SORT,0.008756
paging,q16,3,MERGE_SORT,0.00736
paging,q16,3,MERGE_SORT,0.013597
paging,q16,3,ORDER_BY,2.327908
paging,q16,3,ORDER_BY,2.481196
paging,q16,3,ORDER_BY,2.675078
paging,q16,3,PARTITION,0.07641300000000001
paging,q16,3,PARTITION,0.068489
paging,q16,3,PARTITION,0.22824
paging,q16,3,PROJECTION,0.015121
paging,q16,3,PROJECTION,0.01327
paging,q16,3,PROJECTION,0.019801
paging,q16,3,RESULT_COLLECTOR,0.717049
paging,q16,3,RESULT_COLLECTOR,0.693685
paging,q16,3,RESULT_COLLECTOR,0.73135
paging,q16,3,SORT_PARTITION,0.005858
paging,q16,3,SORT_PARTITION,0.006628
paging,q16,3,SORT_PARTITION,0.007174
paging,q16,3,SORT_SAMPLE,0.008592
paging,q16,3,SORT_SAMPLE,0.007815
paging,q16,3,SORT_SAMPLE,0.010292
paging,q16,4,CONCAT,0.346495
paging,q16,4,CONCAT,0.34663900000000003
paging,q16,4,CONCAT,0.419969
paging,q16,4,DYNAMIC_FILTER,0.701442
paging,q16,4,DYNAMIC_FILTER,0.691539
paging,q16,4,DYNAMIC_FILTER,0.709145
paging,q16,4,FILTER,4.1074
paging,q16,4,FILTER,4.286094
paging,q16,4,FILTER,4.159726
paging,q16,4,GPU_SCAN,118.84672099999999
paging,q16,4,GPU_SCAN,119.01636700000002
paging,q16,4,GPU_SCAN,119.20461499999999
paging,q16,4,HASH_GROUP_BY,47.004167
paging,q16,4,HASH_GROUP_BY,47.087756
paging,q16,4,HASH_GROUP_BY,47.82587
paging,q16,4,HASH_JOIN,5.838982
paging,q16,4,HASH_JOIN,6.202227000000001
paging,q16,4,HASH_JOIN,6.168286
paging,q16,4,MERGE_GROUP_BY,1.174971
paging,q16,4,MERGE_GROUP_BY,1.248206
paging,q16,4,MERGE_GROUP_BY,1.326857
paging,q16,4,MERGE_SORT,0.014129
paging,q16,4,MERGE_SORT,0.008372
paging,q16,4,MERGE_SORT,0.024932
paging,q16,4,ORDER_BY,2.464732
paging,q16,4,ORDER_BY,2.496895
paging,q16,4,ORDER_BY,2.593261
paging,q16,4,PARTITION,0.190875
paging,q16,4,PARTITION,0.116845
paging,q16,4,PARTITION,0.24449600000000002
paging,q16,4,PROJECTION,0.015248
paging,q16,4,PROJECTION,0.013907
paging,q16,4,PROJECTION,0.016984
paging,q16,4,RESULT_COLLECTOR,0.884132
paging,q16,4,RESULT_COLLECTOR,0.659678
paging,q16,4,RESULT_COLLECTOR,1.020513
paging,q16,4,SORT_PARTITION,0.011527
paging,q16,4,SORT_PARTITION,0.008322
paging,q16,4,SORT_PARTITION,0.008082
paging,q16,4,SORT_SAMPLE,0.01714
paging,q16,4,SORT_SAMPLE,0.013662
paging,q16,4,SORT_SAMPLE,0.015029
paging,q16,5,CONCAT,0.242835
paging,q16,5,CONCAT,0.26464899999999997
paging,q16,5,CONCAT,0.33868000000000004
paging,q16,5,DYNAMIC_FILTER,0.700439
paging,q16,5,DYNAMIC_FILTER,0.710948
paging,q16,5,DYNAMIC_FILTER,0.700091
paging,q16,5,FILTER,4.523391
paging,q16,5,FILTER,4.139105
paging,q16,5,FILTER,4.154954
paging,q16,5,GPU_SCAN,118.917886
paging,q16,5,GPU_SCAN,118.86467300000001
paging,q16,5,GPU_SCAN,120.230401
paging,q16,5,HASH_GROUP_BY,47.493647
paging,q16,5,HASH_GROUP_BY,47.24215
paging,q16,5,HASH_GROUP_BY,47.158844
paging,q16,5,HASH_JOIN,6.191095000000001
paging,q16,5,HASH_JOIN,5.498436
paging,q16,5,HASH_JOIN,6.249872999999999
paging,q16,5,MERGE_GROUP_BY,1.213963
paging,q16,5,MERGE_GROUP_BY,0.5003
paging,q16,5,MERGE_GROUP_BY,1.19819
paging,q16,5,MERGE_SORT,0.009492
paging,q16,5,MERGE_SORT,0.061225
paging,q16,5,MERGE_SORT,0.007247
paging,q16,5,ORDER_BY,2.785241
paging,q16,5,ORDER_BY,2.405365
paging,q16,5,ORDER_BY,2.38701
paging,q16,5,PARTITION,0.27878000000000003
paging,q16,5,PARTITION,0.201032
paging,q16,5,PARTITION,0.108817
paging,q16,5,PROJECTION,0.052063
paging,q16,5,PROJECTION,0.0177
paging,q16,5,PROJECTION,0.015753
paging,q16,5,RESULT_COLLECTOR,1.343868
paging,q16,5,RESULT_COLLECTOR,0.786144
paging,q16,5,RESULT_COLLECTOR,0.990637
paging,q16,5,SORT_PARTITION,0.053764
paging,q16,5,SORT_PARTITION,0.005967
paging,q16,5,SORT_PARTITION,0.005505
paging,q16,5,SORT_SAMPLE,0.055959
paging,q16,5,SORT_SAMPLE,0.01004
paging,q16,5,SORT_SAMPLE,0.009437
paging,q17,1,CONCAT,0.49206
paging,q17,1,CONCAT,0.656454
paging,q17,1,DYNAMIC_FILTER,15.966304
paging,q17,1,DYNAMIC_FILTER,20.551217
paging,q17,1,FILTER,0.125828
paging,q17,1,FILTER,0.169923
paging,q17,1,GPU_SCAN,3751.27422
paging,q17,1,GPU_SCAN,3808.728257999999
paging,q17,1,HASH_GROUP_BY,7.338944
paging,q17,1,HASH_GROUP_BY,3.4983060000000004
paging,q17,1,HASH_JOIN,104.54826999999999
paging,q17,1,HASH_JOIN,74.55882100000001
paging,q17,1,LEFT_DELIM_JOIN,0.151966
paging,q17,1,LEFT_DELIM_JOIN,0.344682
paging,q17,1,MERGE_AGGREGATE,0.034117
paging,q17,1,MERGE_AGGREGATE,0.019563
paging,q17,1,MERGE_GROUP_BY,0.609506
paging,q17,1,MERGE_GROUP_BY,1.256642
paging,q17,1,PARTITION,0.44126499999999996
paging,q17,1,PARTITION,0.50488
paging,q17,1,PROJECTION,0.9034169999999999
paging,q17,1,PROJECTION,0.335894
paging,q17,1,RESULT_COLLECTOR,0.115611
paging,q17,1,RESULT_COLLECTOR,0.096965
paging,q17,1,UNGROUPED_AGGREGATE,0.18726
paging,q17,1,UNGROUPED_AGGREGATE,0.258655
paging,q17,2,CONCAT,0.680305
paging,q17,2,CONCAT,0.4873389999999999
paging,q17,2,DYNAMIC_FILTER,16.942011
paging,q17,2,DYNAMIC_FILTER,16.098366
paging,q17,2,FILTER,0.16322
paging,q17,2,FILTER,0.14516
paging,q17,2,GPU_SCAN,3405.2258339999994
paging,q17,2,GPU_SCAN,3400.9738650000004
paging,q17,2,HASH_GROUP_BY,11.883947999999998
paging,q17,2,HASH_GROUP_BY,3.813875
paging,q17,2,HASH_JOIN,65.515486
paging,q17,2,HASH_JOIN,96.562704
paging,q17,2,LEFT_DELIM_JOIN,0.294813
paging,q17,2,LEFT_DELIM_JOIN,0.279237
paging,q17,2,MERGE_AGGREGATE,0.025603
paging,q17,2,MERGE_AGGREGATE,0.03426
paging,q17,2,MERGE_GROUP_BY,0.5959979999999999
paging,q17,2,MERGE_GROUP_BY,0.514546
paging,q17,2,PARTITION,0.458099
paging,q17,2,PARTITION,0.386434
paging,q17,2,PROJECTION,0.570756
paging,q17,2,PROJECTION,0.30386799999999997
paging,q17,2,RESULT_COLLECTOR,0.079499
paging,q17,2,RESULT_COLLECTOR,0.065904
paging,q17,2,UNGROUPED_AGGREGATE,0.236205
paging,q17,2,UNGROUPED_AGGREGATE,0.22205
paging,q17,3,CONCAT,0.541644
paging,q17,3,CONCAT,0.573568
paging,q17,3,DYNAMIC_FILTER,17.832518
paging,q17,3,DYNAMIC_FILTER,19.764616
paging,q17,3,FILTER,0.137677
paging,q17,3,FILTER,0.127887
paging,q17,3,GPU_SCAN,3756.5827619999995
paging,q17,3,GPU_SCAN,3792.981933
paging,q17,3,HASH_GROUP_BY,3.205335
paging,q17,3,HASH_GROUP_BY,6.620547
paging,q17,3,HASH_JOIN,69.016316
paging,q17,3,HASH_JOIN,105.95493800000001
paging,q17,3,LEFT_DELIM_JOIN,0.158072
paging,q17,3,LEFT_DELIM_JOIN,0.320067
paging,q17,3,MERGE_AGGREGATE,0.023574
paging,q17,3,MERGE_AGGREGATE,0.015636
paging,q17,3,MERGE_GROUP_BY,0.734476
paging,q17,3,MERGE_GROUP_BY,0.78337
paging,q17,3,PARTITION,0.526117
paging,q17,3,PARTITION,0.5478609999999998
paging,q17,3,PROJECTION,1.6269390000000001
paging,q17,3,PROJECTION,0.40232500000000004
paging,q17,3,RESULT_COLLECTOR,0.136817
paging,q17,3,RESULT_COLLECTOR,0.110529
paging,q17,3,UNGROUPED_AGGREGATE,0.195882
paging,q17,3,UNGROUPED_AGGREGATE,0.184875
paging,q17,4,CONCAT,0.319486
paging,q17,4,CONCAT,0.5648920000000001
paging,q17,4,DYNAMIC_FILTER,19.207147
paging,q17,4,DYNAMIC_FILTER,16.998635
paging,q17,4,FILTER,0.146703
paging,q17,4,FILTER,0.134852
paging,q17,4,GPU_SCAN,3837.051151
paging,q17,4,GPU_SCAN,3736.8867459999997
paging,q17,4,HASH_GROUP_BY,5.543177
paging,q17,4,HASH_GROUP_BY,6.294069
paging,q17,4,HASH_JOIN,96.136038
paging,q17,4,HASH_JOIN,96.709413
paging,q17,4,LEFT_DELIM_JOIN,0.125948
paging,q17,4,LEFT_DELIM_JOIN,0.357937
paging,q17,4,MERGE_AGGREGATE,0.021952
paging,q17,4,MERGE_AGGREGATE,0.031325
paging,q17,4,MERGE_GROUP_BY,0.725985
paging,q17,4,MERGE_GROUP_BY,0.7823939999999999
paging,q17,4,PARTITION,0.9359940000000001
paging,q17,4,PARTITION,0.5032610000000001
paging,q17,4,PROJECTION,0.465221
paging,q17,4,PROJECTION,0.388314
paging,q17,4,RESULT_COLLECTOR,0.111418
paging,q17,4,RESULT_COLLECTOR,0.111192
paging,q17,4,UNGROUPED_AGGREGATE,0.194054
paging,q17,4,UNGROUPED_AGGREGATE,0.208304
paging,q17,5,CONCAT,0.34733
paging,q17,5,CONCAT,0.4796489999999999
paging,q17,5,DYNAMIC_FILTER,21.795696
paging,q17,5,DYNAMIC_FILTER,17.905099
paging,q17,5,FILTER,0.302081
paging,q17,5,FILTER,0.108522
paging,q17,5,GPU_SCAN,3926.6633509999997
paging,q17,5,GPU_SCAN,3736.98133
paging,q17,5,HASH_GROUP_BY,7.064981
paging,q17,5,HASH_GROUP_BY,2.786642
paging,q17,5,HASH_JOIN,105.970184
paging,q17,5,HASH_JOIN,104.476082
paging,q17,5,LEFT_DELIM_JOIN,0.162259
paging,q17,5,LEFT_DELIM_JOIN,0.175631
paging,q17,5,MERGE_AGGREGATE,0.038754
paging,q17,5,MERGE_AGGREGATE,0.036729
paging,q17,5,MERGE_GROUP_BY,0.6141
paging,q17,5,MERGE_GROUP_BY,0.5234810000000001
paging,q17,5,PARTITION,0.813645
paging,q17,5,PARTITION,0.505518
paging,q17,5,PROJECTION,0.480746
paging,q17,5,PROJECTION,0.242154
paging,q17,5,RESULT_COLLECTOR,0.105887
paging,q17,5,RESULT_COLLECTOR,0.074468
paging,q17,5,UNGROUPED_AGGREGATE,0.408365
paging,q17,5,UNGROUPED_AGGREGATE,0.150822
paging,q18,1,CONCAT,0.465797
paging,q18,1,CONCAT,3.103695
paging,q18,1,DYNAMIC_FILTER,20.604908
paging,q18,1,DYNAMIC_FILTER,22.153597
paging,q18,1,FILTER,2.947481
paging,q18,1,FILTER,3.145068
paging,q18,1,GPU_SCAN,2148.197813
paging,q18,1,GPU_SCAN,2156.8307910000003
paging,q18,1,HASH_GROUP_BY,94.144074
paging,q18,1,HASH_GROUP_BY,201.377289
paging,q18,1,HASH_JOIN,3.2717460000000003
paging,q18,1,HASH_JOIN,2.661053
paging,q18,1,MERGE_GROUP_BY,125.041197
paging,q18,1,MERGE_GROUP_BY,125.928497
paging,q18,1,MERGE_SORT,11.404902
paging,q18,1,MERGE_SORT,0.394434
paging,q18,1,ORDER_BY,0.377905
paging,q18,1,ORDER_BY,0.388814
paging,q18,1,PARTITION,49.678056999999995
paging,q18,1,PARTITION,33.61267600000001
paging,q18,1,PROJECTION,0.012033
paging,q18,1,PROJECTION,0.012936
paging,q18,1,RESULT_COLLECTOR,0.244605
paging,q18,1,RESULT_COLLECTOR,0.565463
paging,q18,1,SORT_PARTITION,3.285771
paging,q18,1,SORT_PARTITION,0.258733
paging,q18,1,SORT_SAMPLE,0.037599
paging,q18,1,SORT_SAMPLE,0.033948
paging,q18,2,CONCAT,0.402188
paging,q18,2,CONCAT,0.6381300000000001
paging,q18,2,DYNAMIC_FILTER,16.227887
paging,q18,2,DYNAMIC_FILTER,14.642342
paging,q18,2,FILTER,3.1611000000000002
paging,q18,2,FILTER,3.128393
paging,q18,2,GPU_SCAN,2241.7906319999997
paging,q18,2,GPU_SCAN,2288.478929
paging,q18,2,HASH_GROUP_BY,159.00482100000002
paging,q18,2,HASH_GROUP_BY,157.951807
paging,q18,2,HASH_JOIN,2.919802
paging,q18,2,HASH_JOIN,3.4340879999999996
paging,q18,2,MERGE_GROUP_BY,125.66699499999999
paging,q18,2,MERGE_GROUP_BY,125.897141
paging,q18,2,MERGE_SORT,1.290647
paging,q18,2,MERGE_SORT,0.569616
paging,q18,2,ORDER_BY,0.36184
paging,q18,2,ORDER_BY,0.530399
paging,q18,2,PARTITION,33.28662699999998
paging,q18,2,PARTITION,33.10938999999999
paging,q18,2,PROJECTION,0.013407
paging,q18,2,PROJECTION,0.014309
paging,q18,2,RESULT_COLLECTOR,0.223367
paging,q18,2,RESULT_COLLECTOR,0.301807
paging,q18,2,SORT_PARTITION,0.465701
paging,q18,2,SORT_PARTITION,0.717066
paging,q18,2,SORT_SAMPLE,0.034065
paging,q18,2,SORT_SAMPLE,0.045012
paging,q18,3,CONCAT,0.341596
paging,q18,3,CONCAT,0.537425
paging,q18,3,DYNAMIC_FILTER,18.995770999999998
paging,q18,3,DYNAMIC_FILTER,21.388986000000003
paging,q18,3,FILTER,3.056839
paging,q18,3,FILTER,3.198389
paging,q18,3,GPU_SCAN,2249.628577
paging,q18,3,GPU_SCAN,2213.306544
paging,q18,3,HASH_GROUP_BY,192.309026
paging,q18,3,HASH_GROUP_BY,200.48542900000004
paging,q18,3,HASH_JOIN,2.436178
paging,q18,3,HASH_JOIN,3.292024
paging,q18,3,MERGE_GROUP_BY,127.55110799999999
paging,q18,3,MERGE_GROUP_BY,125.725439
paging,q18,3,MERGE_SORT,0.485921
paging,q18,3,MERGE_SORT,0.416046
paging,q18,3,ORDER_BY,0.372799
paging,q18,3,ORDER_BY,0.374411
paging,q18,3,PARTITION,32.77506
paging,q18,3,PARTITION,34.062868
paging,q18,3,PROJECTION,0.011111
paging,q18,3,PROJECTION,0.012269
paging,q18,3,RESULT_COLLECTOR,0.285861
paging,q18,3,RESULT_COLLECTOR,0.384283
paging,q18,3,SORT_PARTITION,0.470934
paging,q18,3,SORT_PARTITION,0.451279
paging,q18,3,SORT_SAMPLE,0.032913
paging,q18,3,SORT_SAMPLE,0.034239
paging,q18,4,CONCAT,0.362369
paging,q18,4,CONCAT,0.465229
paging,q18,4,DYNAMIC_FILTER,22.759318
paging,q18,4,DYNAMIC_FILTER,20.157270999999998
paging,q18,4,FILTER,3.229249
paging,q18,4,FILTER,2.990919
paging,q18,4,GPU_SCAN,2238.4235300000005
paging,q18,4,GPU_SCAN,2220.170532
paging,q18,4,HASH_GROUP_BY,207.98904900000002
paging,q18,4,HASH_GROUP_BY,203.733073
paging,q18,4,HASH_JOIN,3.415184
paging,q18,4,HASH_JOIN,2.7808319999999997
paging,q18,4,MERGE_GROUP_BY,126.33243600000002
paging,q18,4,MERGE_GROUP_BY,125.45565300000001
paging,q18,4,MERGE_SORT,0.420541
paging,q18,4,MERGE_SORT,0.422027
paging,q18,4,ORDER_BY,0.441476
paging,q18,4,ORDER_BY,0.386628
paging,q18,4,PARTITION,32.953837
paging,q18,4,PARTITION,32.63170300000001
paging,q18,4,PROJECTION,0.027419
paging,q18,4,PROJECTION,0.013361
paging,q18,4,RESULT_COLLECTOR,0.153966
paging,q18,4,RESULT_COLLECTOR,0.347594
paging,q18,4,SORT_PARTITION,0.925506
paging,q18,4,SORT_PARTITION,0.468435
paging,q18,4,SORT_SAMPLE,0.064199
paging,q18,4,SORT_SAMPLE,0.041269
paging,q18,5,CONCAT,0.639023
paging,q18,5,CONCAT,0.433508
paging,q18,5,DYNAMIC_FILTER,23.168741
paging,q18,5,DYNAMIC_FILTER,22.06448
paging,q18,5,FILTER,3.047695
paging,q18,5,FILTER,3.164564
paging,q18,5,GPU_SCAN,2248.698111
paging,q18,5,GPU_SCAN,2218.6141949999997
paging,q18,5,HASH_GROUP_BY,206.099728
paging,q18,5,HASH_GROUP_BY,205.682081
paging,q18,5,HASH_JOIN,3.054362
paging,q18,5,HASH_JOIN,3.137609
paging,q18,5,MERGE_GROUP_BY,126.50961499999998
paging,q18,5,MERGE_GROUP_BY,125.66319399999999
paging,q18,5,MERGE_SORT,0.64488
paging,q18,5,MERGE_SORT,0.426768
paging,q18,5,ORDER_BY,0.376063
paging,q18,5,ORDER_BY,0.386964
paging,q18,5,PARTITION,34.390004999999995
paging,q18,5,PARTITION,32.939823999999994
paging,q18,5,PROJECTION,0.015821
paging,q18,5,PROJECTION,0.031111
paging,q18,5,RESULT_COLLECTOR,0.394872
paging,q18,5,RESULT_COLLECTOR,0.142981
paging,q18,5,SORT_PARTITION,0.614643
paging,q18,5,SORT_PARTITION,0.795211
paging,q18,5,SORT_SAMPLE,0.14019
paging,q18,5,SORT_SAMPLE,0.081044
paging,q19,1,CONCAT,1.901518
paging,q19,1,CONCAT,1.907998
paging,q19,1,DYNAMIC_FILTER,2.142888
paging,q19,1,DYNAMIC_FILTER,2.221067
paging,q19,1,FILTER,20.337837
paging,q19,1,FILTER,22.219644000000002
paging,q19,1,GPU_SCAN,3005.727171999999
paging,q19,1,GPU_SCAN,3054.984663
paging,q19,1,HASH_JOIN,12.619088
paging,q19,1,HASH_JOIN,12.500795
paging,q19,1,MERGE_AGGREGATE,0.03951
paging,q19,1,MERGE_AGGREGATE,0.026906
paging,q19,1,PARTITION,0.19856399999999996
paging,q19,1,PARTITION,0.46138900000000005
paging,q19,1,PROJECTION,0.074822
paging,q19,1,PROJECTION,0.086964
paging,q19,1,RESULT_COLLECTOR,0.256367
paging,q19,1,RESULT_COLLECTOR,0.181067
paging,q19,1,UNGROUPED_AGGREGATE,0.14519
paging,q19,1,UNGROUPED_AGGREGATE,0.166259
paging,q19,2,CONCAT,2.1252210000000002
paging,q19,2,CONCAT,1.896637
paging,q19,2,DYNAMIC_FILTER,2.156094
paging,q19,2,DYNAMIC_FILTER,2.150752
paging,q19,2,FILTER,21.221586
paging,q19,2,FILTER,21.927831000000005
paging,q19,2,GPU_SCAN,3055.3462329999998
paging,q19,2,GPU_SCAN,3015.1811220000004
paging,q19,2,HASH_JOIN,12.47866
paging,q19,2,HASH_JOIN,12.618015
paging,q19,2,MERGE_AGGREGATE,0.022565
paging,q19,2,MERGE_AGGREGATE,0.019629
paging,q19,2,PARTITION,0.5510710000000001
paging,q19,2,PARTITION,0.423013
paging,q19,2,PROJECTION,0.07959
paging,q19,2,PROJECTION,0.076384
paging,q19,2,RESULT_COLLECTOR,0.240213
paging,q19,2,RESULT_COLLECTOR,0.124403
paging,q19,2,UNGROUPED_AGGREGATE,0.147384
paging,q19,2,UNGROUPED_AGGREGATE,0.139728
paging,q19,3,CONCAT,1.9018840000000001
paging,q19,3,CONCAT,1.926555
paging,q19,3,DYNAMIC_FILTER,2.193859
paging,q19,3,DYNAMIC_FILTER,2.152944
paging,q19,3,FILTER,22.394355000000004
paging,q19,3,FILTER,30.600259
paging,q19,3,GPU_SCAN,3191.085783
paging,q19,3,GPU_SCAN,3220.0452399999995
paging,q19,3,HASH_JOIN,12.578138
paging,q19,3,HASH_JOIN,12.503343
paging,q19,3,MERGE_AGGREGATE,0.055863
paging,q19,3,MERGE_AGGREGATE,0.010377
paging,q19,3,PARTITION,0.256378
paging,q19,3,PARTITION,0.175288
paging,q19,3,PROJECTION,0.081242
paging,q19,3,PROJECTION,0.088016
paging,q19,3,RESULT_COLLECTOR,0.182739
paging,q19,3,RESULT_COLLECTOR,0.151088
paging,q19,3,UNGROUPED_AGGREGATE,0.145204
paging,q19,3,UNGROUPED_AGGREGATE,0.147244
paging,q19,4,CONCAT,1.885556
paging,q19,4,CONCAT,1.857264
paging,q19,4,DYNAMIC_FILTER,2.160168
paging,q19,4,DYNAMIC_FILTER,2.154331
paging,q19,4,FILTER,20.274091
paging,q19,4,FILTER,20.049059000000003
paging,q19,4,GPU_SCAN,3022.8283790000005
paging,q19,4,GPU_SCAN,3016.7749750000003
paging,q19,4,HASH_JOIN,12.723205
paging,q19,4,HASH_JOIN,12.50087
paging,q19,4,MERGE_AGGREGATE,0.048445
paging,q19,4,MERGE_AGGREGATE,0.015794
paging,q19,4,PARTITION,0.23055200000000006
paging,q19,4,PARTITION,0.18028299999999997
paging,q19,4,PROJECTION,0.093631
paging,q19,4,PROJECTION,0.073785
paging,q19,4,RESULT_COLLECTOR,0.20855
paging,q19,4,RESULT_COLLECTOR,0.20193
paging,q19,4,UNGROUPED_AGGREGATE,0.149148
paging,q19,4,UNGROUPED_AGGREGATE,0.133344
paging,q19,5,CONCAT,1.919955
paging,q19,5,CONCAT,1.899802
paging,q19,5,DYNAMIC_FILTER,2.205255
paging,q19,5,DYNAMIC_FILTER,2.173724
paging,q19,5,FILTER,23.227622
paging,q19,5,FILTER,20.201869000000002
paging,q19,5,GPU_SCAN,3152.235037
paging,q19,5,GPU_SCAN,3027.548209
paging,q19,5,HASH_JOIN,12.492006
paging,q19,5,HASH_JOIN,12.722003
paging,q19,5,MERGE_AGGREGATE,0.019836
paging,q19,5,MERGE_AGGREGATE,0.022082
paging,q19,5,PARTITION,0.257794
paging,q19,5,PARTITION,0.23902400000000004
paging,q19,5,PROJECTION,0.079938
paging,q19,5,PROJECTION,0.085059
paging,q19,5,RESULT_COLLECTOR,0.208157
paging,q19,5,RESULT_COLLECTOR,0.208565
paging,q19,5,UNGROUPED_AGGREGATE,0.155609
paging,q19,5,UNGROUPED_AGGREGATE,0.155467
paging,q20,1,CONCAT,0.488024
paging,q20,1,CONCAT,0.6810950000000001
paging,q20,1,DYNAMIC_FILTER,5.205856999999999
paging,q20,1,DYNAMIC_FILTER,5.743615
paging,q20,1,FILTER,0.286407
paging,q20,1,FILTER,0.210909
paging,q20,1,GPU_SCAN,2472.5457739999997
paging,q20,1,GPU_SCAN,2522.506809
paging,q20,1,HASH_GROUP_BY,0.654071
paging,q20,1,HASH_GROUP_BY,0.580679
paging,q20,1,HASH_JOIN,3.6888970000000003
paging,q20,1,HASH_JOIN,2.043918
paging,q20,1,LEFT_DELIM_JOIN,0.457773
paging,q20,1,LEFT_DELIM_JOIN,0.345267
paging,q20,1,MERGE_GROUP_BY,0.031766
paging,q20,1,MERGE_GROUP_BY,0.034631999999999996
paging,q20,1,MERGE_SORT,1.518089
paging,q20,1,MERGE_SORT,2.290295
paging,q20,1,ORDER_BY,3.221739
paging,q20,1,ORDER_BY,3.213429
paging,q20,1,PARTITION,0.286623
paging,q20,1,PARTITION,0.325056
paging,q20,1,PROJECTION,0.11582100000000001
paging,q20,1,PROJECTION,0.116648
paging,q20,1,RESULT_COLLECTOR,0.435717
paging,q20,1,RESULT_COLLECTOR,0.533911
paging,q20,1,SORT_PARTITION,0.670106
paging,q20,1,SORT_PARTITION,1.777608
paging,q20,1,SORT_SAMPLE,0.091897
paging,q20,1,SORT_SAMPLE,0.398305
paging,q20,2,CONCAT,0.48030000000000006
paging,q20,2,CONCAT,0.4136950000000001
paging,q20,2,DYNAMIC_FILTER,5.990787
paging,q20,2,DYNAMIC_FILTER,5.431289
paging,q20,2,FILTER,0.187542
paging,q20,2,FILTER,0.181021
paging,q20,2,GPU_SCAN,2565.502301
paging,q20,2,GPU_SCAN,2536.544134
paging,q20,2,HASH_GROUP_BY,0.534514
paging,q20,2,HASH_GROUP_BY,0.510733
paging,q20,2,HASH_JOIN,3.5248700000000004
paging,q20,2,HASH_JOIN,2.3340199999999998
paging,q20,2,LEFT_DELIM_JOIN,0.55876
paging,q20,2,LEFT_DELIM_JOIN,0.563079
paging,q20,2,MERGE_GROUP_BY,0.030981
paging,q20,2,MERGE_GROUP_BY,0.013766
paging,q20,2,MERGE_SORT,1.05678
paging,q20,2,MERGE_SORT,0.517249
paging,q20,2,ORDER_BY,3.133372
paging,q20,2,ORDER_BY,2.987014
paging,q20,2,PARTITION,0.296481
paging,q20,2,PARTITION,0.178537
paging,q20,2,PROJECTION,0.09659300000000001
paging,q20,2,PROJECTION,0.093858
paging,q20,2,RESULT_COLLECTOR,0.389206
paging,q20,2,RESULT_COLLECTOR,0.285605
paging,q20,2,SORT_PARTITION,0.447605
paging,q20,2,SORT_PARTITION,1.327879
paging,q20,2,SORT_SAMPLE,0.076652
paging,q20,2,SORT_SAMPLE,0.384923
paging,q20,3,CONCAT,0.41958599999999996
paging,q20,3,CONCAT,0.528608
paging,q20,3,DYNAMIC_FILTER,10.553234999999999
paging,q20,3,DYNAMIC_FILTER,9.337548
paging,q20,3,FILTER,0.22819
paging,q20,3,FILTER,0.206271
paging,q20,3,GPU_SCAN,2463.972776
paging,q20,3,GPU_SCAN,2475.079157
paging,q20,3,HASH_GROUP_BY,0.575913
paging,q20,3,HASH_GROUP_BY,0.54906
paging,q20,3,HASH_JOIN,2.293609
paging,q20,3,HASH_JOIN,2.9956899999999997
paging,q20,3,LEFT_DELIM_JOIN,0.36492
paging,q20,3,LEFT_DELIM_JOIN,0.341772
paging,q20,3,MERGE_GROUP_BY,0.016876
paging,q20,3,MERGE_GROUP_BY,0.054958
paging,q20,3,MERGE_SORT,0.538819
paging,q20,3,MERGE_SORT,1.103621
paging,q20,3,ORDER_BY,3.244303
paging,q20,3,ORDER_BY,3.210251
paging,q20,3,PARTITION,0.16797
paging,q20,3,PARTITION,0.33495800000000003
paging,q20,3,PROJECTION,0.129466
paging,q20,3,PROJECTION,0.100769
paging,q20,3,RESULT_COLLECTOR,0.320954
paging,q20,3,RESULT_COLLECTOR,0.369761
paging,q20,3,SORT_PARTITION,0.557842
paging,q20,3,SORT_PARTITION,0.758465
paging,q20,3,SORT_SAMPLE,0.095365
paging,q20,3,SORT_SAMPLE,0.238437
paging,q20,4,CONCAT,0.625935
paging,q20,4,CONCAT,1.2503469999999999
paging,q20,4,DYNAMIC_FILTER,7.9585539999999995
paging,q20,4,DYNAMIC_FILTER,11.242765
paging,q20,4,FILTER,0.227463
paging,q20,4,FILTER,0.217817
paging,q20,4,GPU_SCAN,2497.100127
paging,q20,4,GPU_SCAN,2475.0981030000003
paging,q20,4,HASH_GROUP_BY,0.629377
paging,q20,4,HASH_GROUP_BY,1.020139
paging,q20,4,HASH_JOIN,3.7464199999999996
paging,q20,4,HASH_JOIN,4.846752
paging,q20,4,LEFT_DELIM_JOIN,0.66539
paging,q20,4,LEFT_DELIM_JOIN,0.642746
paging,q20,4,MERGE_GROUP_BY,0.038806
paging,q20,4,MERGE_GROUP_BY,0.024815999999999998
paging,q20,4,MERGE_SORT,1.109562
paging,q20,4,MERGE_SORT,0.589904
paging,q20,4,ORDER_BY,3.212632
paging,q20,4,ORDER_BY,3.238206
paging,q20,4,PARTITION,0.37757199999999996
paging,q20,4,PARTITION,0.5071960000000001
paging,q20,4,PROJECTION,0.124305
paging,q20,4,PROJECTION,0.253421
paging,q20,4,RESULT_COLLECTOR,0.451338
paging,q20,4,RESULT_COLLECTOR,1.316517
paging,q20,4,SORT_PARTITION,0.689693
paging,q20,4,SORT_PARTITION,1.499044
paging,q20,4,SORT_SAMPLE,0.204163
paging,q20,4,SORT_SAMPLE,0.621449
paging,q20,5,CONCAT,0.971084
paging,q20,5,CONCAT,0.7150549999999999
paging,q20,5,DYNAMIC_FILTER,8.31316
paging,q20,5,DYNAMIC_FILTER,10.653953999999999
paging,q20,5,FILTER,0.229001
paging,q20,5,FILTER,0.267382
paging,q20,5,GPU_SCAN,2500.618046
paging,q20,5,GPU_SCAN,2467.1487500000003
paging,q20,5,HASH_GROUP_BY,0.590027
paging,q20,5,HASH_GROUP_BY,0.606749
paging,q20,5,HASH_JOIN,3.969304
paging,q20,5,HASH_JOIN,3.849301
paging,q20,5,LEFT_DELIM_JOIN,0.619123
paging,q20,5,LEFT_DELIM_JOIN,0.671446
paging,q20,5,MERGE_GROUP_BY,0.032119
paging,q20,5,MERGE_GROUP_BY,0.038812
paging,q20,5,MERGE_SORT,1.339134
paging,q20,5,MERGE_SORT,0.481917
paging,q20,5,ORDER_BY,3.584767
paging,q20,5,ORDER_BY,3.229968
paging,q20,5,PARTITION,0.528985
paging,q20,5,PARTITION,0.378381
paging,q20,5,PROJECTION,0.124943
paging,q20,5,PROJECTION,0.124448
paging,q20,5,RESULT_COLLECTOR,0.492505
paging,q20,5,RESULT_COLLECTOR,0.304913
paging,q20,5,SORT_PARTITION,1.299426
paging,q20,5,SORT_PARTITION,1.108851
paging,q20,5,SORT_SAMPLE,0.554579
paging,q20,5,SORT_SAMPLE,0.511763
paging,q21,1,CONCAT,46.965093
paging,q21,1,CONCAT,44.613775000000004
paging,q21,1,DYNAMIC_FILTER,49.932368999999994
paging,q21,1,DYNAMIC_FILTER,42.308177
paging,q21,1,FILTER,48.350299
paging,q21,1,FILTER,45.89456200000001
paging,q21,1,GPU_SCAN,6671.864587
paging,q21,1,GPU_SCAN,6461.557992000001
paging,q21,1,HASH_GROUP_BY,30.447475
paging,q21,1,HASH_GROUP_BY,0.58762
paging,q21,1,HASH_JOIN,686.0139150000001
paging,q21,1,HASH_JOIN,691.7347930000001
paging,q21,1,MERGE_GROUP_BY,3.6561120000000003
paging,q21,1,MERGE_GROUP_BY,3.124718
paging,q21,1,MERGE_SORT,0.009214
paging,q21,1,MERGE_SORT,0.03329
paging,q21,1,ORDER_BY,8.210461
paging,q21,1,ORDER_BY,1.973199
paging,q21,1,PARTITION,0.642079
paging,q21,1,PARTITION,0.9272000000000001
paging,q21,1,PROJECTION,0.238494
paging,q21,1,PROJECTION,0.690207
paging,q21,1,RESULT_COLLECTOR,1.295907
paging,q21,1,RESULT_COLLECTOR,1.832611
paging,q21,1,RIGHT_DELIM_JOIN,26.954627000000002
paging,q21,1,RIGHT_DELIM_JOIN,6.130124
paging,q21,1,SORT_PARTITION,0.029409
paging,q21,1,SORT_PARTITION,0.006003
paging,q21,1,SORT_SAMPLE,0.046226
paging,q21,1,SORT_SAMPLE,0.009134
paging,q21,2,CONCAT,58.191546
paging,q21,2,CONCAT,56.629709000000005
paging,q21,2,DYNAMIC_FILTER,36.967109
paging,q21,2,DYNAMIC_FILTER,34.87259199999998
paging,q21,2,FILTER,38.850443000000006
paging,q21,2,FILTER,43.91073399999999
paging,q21,2,GPU_SCAN,5234.397902000001
paging,q21,2,GPU_SCAN,5259.154174999999
paging,q21,2,HASH_GROUP_BY,0.764219
paging,q21,2,HASH_GROUP_BY,0.676431
paging,q21,2,HASH_JOIN,656.7538850000001
paging,q21,2,HASH_JOIN,696.7636019999999
paging,q21,2,MERGE_GROUP_BY,3.2069210000000004
paging,q21,2,MERGE_GROUP_BY,3.2456690000000004
paging,q21,2,MERGE_SORT,0.337448
paging,q21,2,MERGE_SORT,0.335097
paging,q21,2,ORDER_BY,1.927946
paging,q21,2,ORDER_BY,1.998132
paging,q21,2,PARTITION,0.7848970000000003
paging,q21,2,PARTITION,1.127133
paging,q21,2,PROJECTION,0.494529
paging,q21,2,PROJECTION,0.5708529999999999
paging,q21,2,RESULT_COLLECTOR,0.571836
paging,q21,2,RESULT_COLLECTOR,0.988622
paging,q21,2,RIGHT_DELIM_JOIN,6.582499
paging,q21,2,RIGHT_DELIM_JOIN,5.896952
paging,q21,2,SORT_PARTITION,0.195452
paging,q21,2,SORT_PARTITION,0.202671
paging,q21,2,SORT_SAMPLE,0.084589
paging,q21,2,SORT_SAMPLE,0.101173
paging,q21,3,CONCAT,55.742587
paging,q21,3,CONCAT,49.24407
paging,q21,3,DYNAMIC_FILTER,52.824018
paging,q21,3,DYNAMIC_FILTER,48.45460599999999
paging,q21,3,FILTER,48.455057000000004
paging,q21,3,FILTER,54.182147
paging,q21,3,GPU_SCAN,5515.548110999999
paging,q21,3,GPU_SCAN,5649.897331000001
paging,q21,3,HASH_GROUP_BY,0.951699
paging,q21,3,HASH_GROUP_BY,0.600447
paging,q21,3,HASH_JOIN,661.3795819999999
paging,q21,3,HASH_JOIN,693.040611
paging,q21,3,MERGE_GROUP_BY,3.518752
paging,q21,3,MERGE_GROUP_BY,3.127365
paging,q21,3,MERGE_SORT,0.299446
paging,q21,3,MERGE_SORT,0.318971
paging,q21,3,ORDER_BY,1.96199
paging,q21,3,ORDER_BY,1.950941
paging,q21,3,PARTITION,0.6281760000000001
paging,q21,3,PARTITION,0.7886419999999998
paging,q21,3,PROJECTION,0.421561
paging,q21,3,PROJECTION,0.444299
paging,q21,3,RESULT_COLLECTOR,0.363014
paging,q21,3,RESULT_COLLECTOR,0.319739
paging,q21,3,RIGHT_DELIM_JOIN,7.95653
paging,q21,3,RIGHT_DELIM_JOIN,5.744064
paging,q21,3,SORT_PARTITION,0.185247
paging,q21,3,SORT_PARTITION,0.188951
paging,q21,3,SORT_SAMPLE,0.088969
paging,q21,3,SORT_SAMPLE,0.095452
paging,q21,4,CONCAT,48.824459000000004
paging,q21,4,CONCAT,42.297597999999994
paging,q21,4,DYNAMIC_FILTER,40.880205999999994
paging,q21,4,DYNAMIC_FILTER,41.779016
paging,q21,4,FILTER,53.551649000000005
paging,q21,4,FILTER,40.058784
paging,q21,4,GPU_SCAN,6116.57431
paging,q21,4,GPU_SCAN,6083.967373
paging,q21,4,HASH_GROUP_BY,0.713086
paging,q21,4,HASH_GROUP_BY,0.647763
paging,q21,4,HASH_JOIN,626.6579460000002
paging,q21,4,HASH_JOIN,743.2679549999999
paging,q21,4,MERGE_GROUP_BY,3.814496
paging,q21,4,MERGE_GROUP_BY,3.4236109999999997
paging,q21,4,MERGE_SORT,0.007035
paging,q21,4,MERGE_SORT,0.008012
paging,q21,4,ORDER_BY,1.955353
paging,q21,4,ORDER_BY,1.976883
paging,q21,4,PARTITION,0.8301400000000002
paging,q21,4,PARTITION,1.013918
paging,q21,4,PROJECTION,0.184099
paging,q21,4,PROJECTION,0.294448
paging,q21,4,RESULT_COLLECTOR,1.020854
paging,q21,4,RESULT_COLLECTOR,0.310048
paging,q21,4,RIGHT_DELIM_JOIN,5.981782
paging,q21,4,RIGHT_DELIM_JOIN,7.601686
paging,q21,4,SORT_PARTITION,0.004863
paging,q21,4,SORT_PARTITION,0.005678
paging,q21,4,SORT_SAMPLE,0.008409
paging,q21,4,SORT_SAMPLE,0.009689
paging,q21,5,CONCAT,45.948942
paging,q21,5,CONCAT,49.47598399999999
paging,q21,5,DYNAMIC_FILTER,39.548658999999994
paging,q21,5,DYNAMIC_FILTER,42.385492000000006
paging,q21,5,FILTER,52.35537099999999
paging,q21,5,FILTER,51.142131
paging,q21,5,GPU_SCAN,6062.716025
paging,q21,5,GPU_SCAN,6097.315699
paging,q21,5,HASH_GROUP_BY,0.638811
paging,q21,5,HASH_GROUP_BY,1.119548
paging,q21,5,HASH_JOIN,693.9695789999998
paging,q21,5,HASH_JOIN,628.987129
paging,q21,5,MERGE_GROUP_BY,3.2812059999999996
paging,q21,5,MERGE_GROUP_BY,4.194503
paging,q21,5,MERGE_SORT,0.012511
paging,q21,5,MERGE_SORT,0.027792
paging,q21,5,ORDER_BY,2.029976
paging,q21,5,ORDER_BY,2.093796
paging,q21,5,PARTITION,1.209115
paging,q21,5,PARTITION,1.040023
paging,q21,5,PROJECTION,0.608372
paging,q21,5,PROJECTION,0.955742
paging,q21,5,RESULT_COLLECTOR,0.322205
paging,q21,5,RESULT_COLLECTOR,0.402615
paging,q21,5,RIGHT_DELIM_JOIN,5.6152619999999995
paging,q21,5,RIGHT_DELIM_JOIN,6.005308
paging,q21,5,SORT_PARTITION,0.005498
paging,q21,5,SORT_PARTITION,0.007901
paging,q21,5,SORT_SAMPLE,0.009451
paging,q21,5,SORT_SAMPLE,0.01374
paging,q22,1,CONCAT,0.128716
paging,q22,1,CONCAT,1.060867
paging,q22,1,GPU_SCAN,211.09731100000002
paging,q22,1,GPU_SCAN,131.406672
paging,q22,1,HASH_GROUP_BY,0.540318
paging,q22,1,HASH_GROUP_BY,0.468839
paging,q22,1,HASH_JOIN,17.892146
paging,q22,1,HASH_JOIN,15.059611
paging,q22,1,MERGE_AGGREGATE,3.123599
paging,q22,1,MERGE_AGGREGATE,0.309313
paging,q22,1,MERGE_GROUP_BY,0.011825
paging,q22,1,MERGE_GROUP_BY,0.038568
paging,q22,1,MERGE_SORT,0.007633
paging,q22,1,MERGE_SORT,0.006226
paging,q22,1,NESTED_LOOP_JOIN,7.044399
paging,q22,1,NESTED_LOOP_JOIN,0.557463
paging,q22,1,ORDER_BY,0.196575
paging,q22,1,ORDER_BY,0.156177
paging,q22,1,PARTITION,0.11524500000000001
paging,q22,1,PARTITION,0.31397400000000003
paging,q22,1,PROJECTION,3.066341
paging,q22,1,PROJECTION,0.347335
paging,q22,1,RESULT_COLLECTOR,0.09608
paging,q22,1,RESULT_COLLECTOR,0.284666
paging,q22,1,RIGHT_DELIM_JOIN,0.481625
paging,q22,1,RIGHT_DELIM_JOIN,0.451632
paging,q22,1,SORT_PARTITION,0.008589
paging,q22,1,SORT_PARTITION,0.005459
paging,q22,1,SORT_SAMPLE,0.017164
paging,q22,1,SORT_SAMPLE,0.007585
paging,q22,1,UNGROUPED_AGGREGATE,8.330296
paging,q22,1,UNGROUPED_AGGREGATE,0.388977
paging,q22,2,CONCAT,0.218932
paging,q22,2,CONCAT,0.20050799999999996
paging,q22,2,GPU_SCAN,213.879148
paging,q22,2,GPU_SCAN,212.655173
paging,q22,2,HASH_GROUP_BY,0.902445
paging,q22,2,HASH_GROUP_BY,0.614303
paging,q22,2,HASH_JOIN,18.512468000000002
paging,q22,2,HASH_JOIN,16.229549
paging,q22,2,MERGE_AGGREGATE,0.45238
paging,q22,2,MERGE_AGGREGATE,0.437779
paging,q22,2,MERGE_GROUP_BY,0.07512300000000001
paging,q22,2,MERGE_GROUP_BY,0.043755
paging,q22,2,MERGE_SORT,0.011315
paging,q22,2,MERGE_SORT,0.012367
paging,q22,2,NESTED_LOOP_JOIN,1.165685
paging,q22,2,NESTED_LOOP_JOIN,1.27486
paging,q22,2,ORDER_BY,0.300027
paging,q22,2,ORDER_BY,0.503549
paging,q22,2,PARTITION,0.239366
paging,q22,2,PARTITION,0.311977
paging,q22,2,PROJECTION,1.0389249999999999
paging,q22,2,PROJECTION,0.465639
paging,q22,2,RESULT_COLLECTOR,0.319526
paging,q22,2,RESULT_COLLECTOR,0.209459
paging,q22,2,RIGHT_DELIM_JOIN,0.468169
paging,q22,2,RIGHT_DELIM_JOIN,0.71881
paging,q22,2,SORT_PARTITION,0.016868
paging,q22,2,SORT_PARTITION,0.007421
paging,q22,2,SORT_SAMPLE,0.028801
paging,q22,2,SORT_SAMPLE,0.01122
paging,q22,2,UNGROUPED_AGGREGATE,0.611256
paging,q22,2,UNGROUPED_AGGREGATE,0.5370710000000001
paging,q22,3,CONCAT,0.16483799999999998
paging,q22,3,CONCAT,0.10687100000000001
paging,q22,3,GPU_SCAN,207.427909
paging,q22,3,GPU_SCAN,206.91199699999999
paging,q22,3,HASH_GROUP_BY,0.693893
paging,q22,3,HASH_GROUP_BY,0.39348
paging,q22,3,HASH_JOIN,17.966594
paging,q22,3,HASH_JOIN,15.999139
paging,q22,3,MERGE_AGGREGATE,0.355902
paging,q22,3,MERGE_AGGREGATE,0.32182
paging,q22,3,MERGE_GROUP_BY,0.022757
paging,q22,3,MERGE_GROUP_BY,0.037115
paging,q22,3,MERGE_SORT,0.006816
paging,q22,3,MERGE_SORT,0.005726
paging,q22,3,NESTED_LOOP_JOIN,1.040956
paging,q22,3,NESTED_LOOP_JOIN,0.524379
paging,q22,3,ORDER_BY,0.201068
paging,q22,3,ORDER_BY,0.145765
paging,q22,3,PARTITION,0.08886100000000001
paging,q22,3,PARTITION,0.157754
paging,q22,3,PROJECTION,0.496452
paging,q22,3,PROJECTION,0.325837
paging,q22,3,RESULT_COLLECTOR,0.088954
paging,q22,3,RESULT_COLLECTOR,0.249194
paging,q22,3,RIGHT_DELIM_JOIN,0.398719
paging,q22,3,RIGHT_DELIM_JOIN,0.35346
paging,q22,3,SORT_PARTITION,0.018013
paging,q22,3,SORT_PARTITION,0.004938
paging,q22,3,SORT_SAMPLE,0.026745
paging,q22,3,SORT_SAMPLE,0.007006
paging,q22,3,UNGROUPED_AGGREGATE,0.634252
paging,q22,3,UNGROUPED_AGGREGATE,0.35709599999999997
paging,q22,4,CONCAT,0.21108
paging,q22,4,CONCAT,0.13737
paging,q22,4,GPU_SCAN,213.415693
paging,q22,4,GPU_SCAN,210.96716400000003
paging,q22,4,HASH_GROUP_BY,0.47253
paging,q22,4,HASH_GROUP_BY,0.550633
paging,q22,4,HASH_JOIN,18.044534
paging,q22,4,HASH_JOIN,15.617034
paging,q22,4,MERGE_AGGREGATE,0.099601
paging,q22,4,MERGE_AGGREGATE,0.246809
paging,q22,4,MERGE_GROUP_BY,0.04178
paging,q22,4,MERGE_GROUP_BY,0.016534
paging,q22,4,MERGE_SORT,0.008178
paging,q22,4,MERGE_SORT,0.007779
paging,q22,4,NESTED_LOOP_JOIN,1.0909
paging,q22,4,NESTED_LOOP_JOIN,0.536188
paging,q22,4,ORDER_BY,0.28422
paging,q22,4,ORDER_BY,0.61564
paging,q22,4,PARTITION,0.15678200000000003
paging,q22,4,PARTITION,0.068567
paging,q22,4,PROJECTION,0.464801
paging,q22,4,PROJECTION,0.335003
paging,q22,4,RESULT_COLLECTOR,0.14211
paging,q22,4,RESULT_COLLECTOR,0.078749
paging,q22,4,RIGHT_DELIM_JOIN,0.456837
paging,q22,4,RIGHT_DELIM_JOIN,0.378537
paging,q22,4,SORT_PARTITION,0.008227
paging,q22,4,SORT_PARTITION,0.005255
paging,q22,4,SORT_SAMPLE,0.011454
paging,q22,4,SORT_SAMPLE,0.007956
paging,q22,4,UNGROUPED_AGGREGATE,0.8500639999999999
paging,q22,4,UNGROUPED_AGGREGATE,0.352587
paging,q22,5,CONCAT,0.22383999999999998
paging,q22,5,CONCAT,0.288616
paging,q22,5,GPU_SCAN,210.03999
paging,q22,5,GPU_SCAN,210.47067399999997
paging,q22,5,HASH_GROUP_BY,1.081584
paging,q22,5,HASH_GROUP_BY,1.306945
paging,q22,5,HASH_JOIN,18.533974
paging,q22,5,HASH_JOIN,16.82205
paging,q22,5,MERGE_AGGREGATE,0.134379
paging,q22,5,MERGE_AGGREGATE,0.477851
paging,q22,5,MERGE_GROUP_BY,0.052748
paging,q22,5,MERGE_GROUP_BY,0.084558
paging,q22,5,MERGE_SORT,0.052802
paging,q22,5,MERGE_SORT,0.056719
paging,q22,5,NESTED_LOOP_JOIN,1.254216
paging,q22,5,NESTED_LOOP_JOIN,1.875914
paging,q22,5,ORDER_BY,0.712214
paging,q22,5,ORDER_BY,0.709756
paging,q22,5,PARTITION,0.22320700000000002
paging,q22,5,PARTITION,0.277162
paging,q22,5,PROJECTION,0.894944
paging,q22,5,PROJECTION,0.863081
paging,q22,5,RESULT_COLLECTOR,0.372747
paging,q22,5,RESULT_COLLECTOR,0.342655
paging,q22,5,RIGHT_DELIM_JOIN,0.491325
paging,q22,5,RIGHT_DELIM_JOIN,0.586214
paging,q22,5,SORT_PARTITION,0.017042
paging,q22,5,SORT_PARTITION,0.015289
paging,q22,5,SORT_SAMPLE,0.02758
paging,q22,5,SORT_SAMPLE,0.026287
paging,q22,5,UNGROUPED_AGGREGATE,0.40323
paging,q22,5,UNGROUPED_AGGREGATE,0.920509
