condition,query,execution,operator_kind,duration_ms
cold_hot,q1,1,GPU_SCAN,5193.607728000001
cold_hot,q1,1,GPU_SCAN,4621.172745000001
cold_hot,q1,1,GPU_SCAN,4861.31187
cold_hot,q1,1,HASH_GROUP_BY,1489.170815
cold_hot,q1,1,HASH_GROUP_BY,1274.1516120000001
cold_hot,q1,1,HASH_GROUP_BY,1408.793108
cold_hot,q1,1,MERGE_GROUP_BY,7.81099
cold_hot,q1,1,MERGE_GROUP_BY,2.081005
cold_hot,q1,1,MERGE_GROUP_BY,1.294142
cold_hot,q1,1,MERGE_SORT,10.990413
cold_hot,q1,1,MERGE_SORT,1.605278
cold_hot,q1,1,MERGE_SORT,1.999004
cold_hot,q1,1,ORDER_BY,4.977476
cold_hot,q1,1,ORDER_BY,0.445001
cold_hot,q1,1,ORDER_BY,0.536274
cold_hot,q1,1,PARTITION,1.046223
cold_hot,q1,1,PARTITION,1.200206
cold_hot,q1,1,PARTITION,1.238723
cold_hot,q1,1,PROJECTION,297.266331
cold_hot,q1,1,PROJECTION,225.84242800000004
cold_hot,q1,1,PROJECTION,201.807339
cold_hot,q1,1,RESULT_COLLECTOR,0.712851
cold_hot,q1,1,RESULT_COLLECTOR,0.16981
cold_hot,q1,1,RESULT_COLLECTOR,0.137505
cold_hot,q1,1,SORT_PARTITION,6.079102
cold_hot,q1,1,SORT_PARTITION,0.6428
cold_hot,q1,1,SORT_PARTITION,0.671671
cold_hot,q1,1,SORT_SAMPLE,0.604709
cold_hot,q1,1,SORT_SAMPLE,0.282464
cold_hot,q1,1,SORT_SAMPLE,0.27526
cold_hot,q1,2,GPU_SCAN,4524.834770999999
cold_hot,q1,2,GPU_SCAN,4779.717043
cold_hot,q1,2,GPU_SCAN,4927.731113999999
cold_hot,q1,2,HASH_GROUP_BY,1294.7927919999997
cold_hot,q1,2,HASH_GROUP_BY,1353.9215409999997
cold_hot,q1,2,HASH_GROUP_BY,1333.2071910000004
cold_hot,q1,2,MERGE_GROUP_BY,2.797409
cold_hot,q1,2,MERGE_GROUP_BY,2.688303
cold_hot,q1,2,MERGE_GROUP_BY,2.974151
cold_hot,q1,2,MERGE_SORT,1.89074
cold_hot,q1,2,MERGE_SORT,0.875583
cold_hot,q1,2,MERGE_SORT,0.843219
cold_hot,q1,2,ORDER_BY,0.744777
cold_hot,q1,2,ORDER_BY,0.459308
cold_hot,q1,2,ORDER_BY,0.668857
cold_hot,q1,2,PARTITION,0.9451969999999998
cold_hot,q1,2,PARTITION,0.71942
cold_hot,q1,2,PARTITION,0.9250890000000002
cold_hot,q1,2,PROJECTION,177.533874
cold_hot,q1,2,PROJECTION,217.59945999999997
cold_hot,q1,2,PROJECTION,219.488546
cold_hot,q1,2,RESULT_COLLECTOR,0.151011
cold_hot,q1,2,RESULT_COLLECTOR,0.143423
cold_hot,q1,2,RESULT_COLLECTOR,0.137658
cold_hot,q1,2,SORT_PARTITION,0.528027
cold_hot,q1,2,SORT_PARTITION,1.258186
cold_hot,q1,2,SORT_PARTITION,0.983166
cold_hot,q1,2,SORT_SAMPLE,0.210731
cold_hot,q1,2,SORT_SAMPLE,0.48835
cold_hot,q1,2,SORT_SAMPLE,0.370442
cold_hot,q1,3,GPU_SCAN,4946.423519000001
cold_hot,q1,3,GPU_SCAN,4808.694780000001
cold_hot,q1,3,GPU_SCAN,4701.705942999999
cold_hot,q1,3,HASH_GROUP_BY,1497.936885
cold_hot,q1,3,HASH_GROUP_BY,1382.8718600000002
cold_hot,q1,3,HASH_GROUP_BY,1372.138505
cold_hot,q1,3,MERGE_GROUP_BY,2.709987
cold_hot,q1,3,MERGE_GROUP_BY,1.196732
cold_hot,q1,3,MERGE_GROUP_BY,1.215978
cold_hot,q1,3,MERGE_SORT,1.909669
cold_hot,q1,3,MERGE_SORT,1.688185
cold_hot,q1,3,MERGE_SORT,1.462835
cold_hot,q1,3,ORDER_BY,0.688028
cold_hot,q1,3,ORDER_BY,1.068399
cold_hot,q1,3,ORDER_BY,0.642603
cold_hot,q1,3,PARTITION,0.8990919999999998
cold_hot,q1,3,PARTITION,0.8088769999999998
cold_hot,q1,3,PARTITION,0.9264770000000001
cold_hot,q1,3,PROJECTION,197.665791
cold_hot,q1,3,PROJECTION,287.88068199999987
cold_hot,q1,3,PROJECTION,185.333099
cold_hot,q1,3,RESULT_COLLECTOR,0.166053
cold_hot,q1,3,RESULT_COLLECTOR,0.14671
cold_hot,q1,3,RESULT_COLLECTOR,0.182203
cold_hot,q1,3,SORT_PARTITION,0.497329
cold_hot,q1,3,SORT_PARTITION,1.044595
cold_hot,q1,3,SORT_PARTITION,1.042562
cold_hot,q1,3,SORT_SAMPLE,0.174947
cold_hot,q1,3,SORT_SAMPLE,0.561895
cold_hot,q1,3,SORT_SAMPLE,0.378585
cold_hot,q1,4,GPU_SCAN,4504.987273999999
cold_hot,q1,4,GPU_SCAN,4664.089956000001
cold_hot,q1,4,GPU_SCAN,4853.5003719999995
cold_hot,q1,4,HASH_GROUP_BY,1228.1188309999998
cold_hot,q1,4,HASH_GROUP_BY,1373.724809
cold_hot,q1,4,HASH_GROUP_BY,1319.9542010000002
cold_hot,q1,4,MERGE_GROUP_BY,1.918758
cold_hot,q1,4,MERGE_GROUP_BY,1.242732
cold_hot,q1,4,MERGE_GROUP_BY,1.190429
cold_hot,q1,4,MERGE_SORT,1.91216
cold_hot,q1,4,MERGE_SORT,1.976799
cold_hot,q1,4,MERGE_SORT,1.816567
cold_hot,q1,4,ORDER_BY,0.434972
cold_hot,q1,4,ORDER_BY,0.466701
cold_hot,q1,4,ORDER_BY,0.673417
cold_hot,q1,4,PARTITION,1.3454370000000002
cold_hot,q1,4,PARTITION,0.6803830000000002
cold_hot,q1,4,PARTITION,1.454575
cold_hot,q1,4,PROJECTION,219.27354999999997
cold_hot,q1,4,PROJECTION,208.372092
cold_hot,q1,4,PROJECTION,212.531586
cold_hot,q1,4,RESULT_COLLECTOR,0.184842
cold_hot,q1,4,RESULT_COLLECTOR,0.187063
cold_hot,q1,4,RESULT_COLLECTOR,0.164452
cold_hot,q1,4,SORT_PARTITION,1.575092
cold_hot,q1,4,SORT_PARTITION,0.996186
cold_hot,q1,4,SORT_PARTITION,0.961019
cold_hot,q1,4,SORT_SAMPLE,0.456944
cold_hot,q1,4,SORT_SAMPLE,0.389623
cold_hot,q1,4,SORT_SAMPLE,0.346141
cold_hot,q1,5,GPU_SCAN,4712.446295999999
cold_hot,q1,5,GPU_SCAN,4844.5315200000005
cold_hot,q1,5,GPU_SCAN,4946.062216
cold_hot,q1,5,HASH_GROUP_BY,1257.9542789999996
cold_hot,q1,5,HASH_GROUP_BY,1349.688648
cold_hot,q1,5,HASH_GROUP_BY,1360.651399
cold_hot,q1,5,MERGE_GROUP_BY,1.580818
cold_hot,q1,5,MERGE_GROUP_BY,2.091661
cold_hot,q1,5,MERGE_GROUP_BY,2.752557
cold_hot,q1,5,MERGE_SORT,2.294142
cold_hot,q1,5,MERGE_SORT,1.803932
cold_hot,q1,5,MERGE_SORT,1.567287
cold_hot,q1,5,ORDER_BY,0.444899
cold_hot,q1,5,ORDER_BY,0.428366
cold_hot,q1,5,ORDER_BY,0.522384
cold_hot,q1,5,PARTITION,0.9854819999999999
cold_hot,q1,5,PARTITION,1.084314
cold_hot,q1,5,PARTITION,1.459297
cold_hot,q1,5,PROJECTION,233.14943800000006
cold_hot,q1,5,PROJECTION,188.26564199999999
cold_hot,q1,5,PROJECTION,221.855243
cold_hot,q1,5,RESULT_COLLECTOR,0.165147
cold_hot,q1,5,RESULT_COLLECTOR,0.153313
cold_hot,q1,5,RESULT_COLLECTOR,0.158865
cold_hot,q1,5,SORT_PARTITION,0.723694
cold_hot,q1,5,SORT_PARTITION,0.860418
cold_hot,q1,5,SORT_PARTITION,0.757267
cold_hot,q1,5,SORT_SAMPLE,0.285335
cold_hot,q1,5,SORT_SAMPLE,0.345186
cold_hot,q1,5,SORT_SAMPLE,0.30757
cold_hot,q2,1,CONCAT,10.443473000000001
cold_hot,q2,1,CONCAT,4.757003000000001
cold_hot,q2,1,CONCAT,3.694604
cold_hot,q2,1,DYNAMIC_FILTER,8.78803
cold_hot,q2,1,DYNAMIC_FILTER,6.050512
cold_hot,q2,1,DYNAMIC_FILTER,5.872126000000001
cold_hot,q2,1,FILTER,4.020963
cold_hot,q2,1,FILTER,0.672743
cold_hot,q2,1,FILTER,0.883329
cold_hot,q2,1,GPU_SCAN,687.446144
cold_hot,q2,1,GPU_SCAN,689.182622
cold_hot,q2,1,GPU_SCAN,689.491211
cold_hot,q2,1,HASH_GROUP_BY,11.213547
cold_hot,q2,1,HASH_GROUP_BY,0.473113
cold_hot,q2,1,HASH_GROUP_BY,0.355693
cold_hot,q2,1,HASH_JOIN,16.766307
cold_hot,q2,1,HASH_JOIN,11.198018
cold_hot,q2,1,HASH_JOIN,8.972935
cold_hot,q2,1,LEFT_DELIM_JOIN,0.911732
cold_hot,q2,1,LEFT_DELIM_JOIN,0.370852
cold_hot,q2,1,LEFT_DELIM_JOIN,0.195358
cold_hot,q2,1,MERGE_GROUP_BY,0.020763999999999998
cold_hot,q2,1,MERGE_GROUP_BY,0.04831
cold_hot,q2,1,MERGE_GROUP_BY,0.019269
cold_hot,q2,1,MERGE_SORT,2.453157
cold_hot,q2,1,MERGE_SORT,1.661053
cold_hot,q2,1,MERGE_SORT,0.90566
cold_hot,q2,1,ORDER_BY,1.506163
cold_hot,q2,1,ORDER_BY,1.477125
cold_hot,q2,1,ORDER_BY,1.509441
cold_hot,q2,1,PARTITION,0.6182589999999999
cold_hot,q2,1,PARTITION,0.5929
cold_hot,q2,1,PARTITION,0.352414
cold_hot,q2,1,PROJECTION,0.062721
cold_hot,q2,1,PROJECTION,0.159474
cold_hot,q2,1,PROJECTION,0.079175
cold_hot,q2,1,RESULT_COLLECTOR,4.666968
cold_hot,q2,1,RESULT_COLLECTOR,3.59234
cold_hot,q2,1,RESULT_COLLECTOR,4.304774
cold_hot,q2,1,SORT_PARTITION,4.299957
cold_hot,q2,1,SORT_PARTITION,1.495308
cold_hot,q2,1,SORT_PARTITION,1.574468
cold_hot,q2,1,SORT_SAMPLE,0.664486
cold_hot,q2,1,SORT_SAMPLE,0.317407
cold_hot,q2,1,SORT_SAMPLE,0.239288
cold_hot,q2,2,CONCAT,4.084472
cold_hot,q2,2,CONCAT,4.234274999999999
cold_hot,q2,2,CONCAT,3.894925
cold_hot,q2,2,DYNAMIC_FILTER,8.633513
cold_hot,q2,2,DYNAMIC_FILTER,12.014372
cold_hot,q2,2,DYNAMIC_FILTER,10.804418
cold_hot,q2,2,FILTER,0.642969
cold_hot,q2,2,FILTER,0.695376
cold_hot,q2,2,FILTER,0.638695
cold_hot,q2,2,GPU_SCAN,680.5517419999999
cold_hot,q2,2,GPU_SCAN,682.834959
cold_hot,q2,2,GPU_SCAN,687.359864
cold_hot,q2,2,HASH_GROUP_BY,0.353623
cold_hot,q2,2,HASH_GROUP_BY,0.357414
cold_hot,q2,2,HASH_GROUP_BY,0.42209
cold_hot,q2,2,HASH_JOIN,8.901887
cold_hot,q2,2,HASH_JOIN,9.709408000000002
cold_hot,q2,2,HASH_JOIN,7.100916
cold_hot,q2,2,LEFT_DELIM_JOIN,0.167507
cold_hot,q2,2,LEFT_DELIM_JOIN,0.217171
cold_hot,q2,2,LEFT_DELIM_JOIN,0.166231
cold_hot,q2,2,MERGE_GROUP_BY,0.01616
cold_hot,q2,2,MERGE_GROUP_BY,0.029264
cold_hot,q2,2,MERGE_GROUP_BY,0.01601
cold_hot,q2,2,MERGE_SORT,0.915205
cold_hot,q2,2,MERGE_SORT,1.157997
cold_hot,q2,2,MERGE_SORT,1.114316
cold_hot,q2,2,ORDER_BY,1.324265
cold_hot,q2,2,ORDER_BY,1.43286
cold_hot,q2,2,ORDER_BY,1.317548
cold_hot,q2,2,PARTITION,0.4423080000000001
cold_hot,q2,2,PARTITION,0.604354
cold_hot,q2,2,PARTITION,0.335906
cold_hot,q2,2,PROJECTION,0.042779
cold_hot,q2,2,PROJECTION,0.0896
cold_hot,q2,2,PROJECTION,0.047534
cold_hot,q2,2,RESULT_COLLECTOR,4.884087
cold_hot,q2,2,RESULT_COLLECTOR,3.661628
cold_hot,q2,2,RESULT_COLLECTOR,2.549856
cold_hot,q2,2,SORT_PARTITION,1.549394
cold_hot,q2,2,SORT_PARTITION,1.468421
cold_hot,q2,2,SORT_PARTITION,1.374335
cold_hot,q2,2,SORT_SAMPLE,0.22022
cold_hot,q2,2,SORT_SAMPLE,0.245979
cold_hot,q2,2,SORT_SAMPLE,0.220406
cold_hot,q2,3,CONCAT,3.7632519999999996
cold_hot,q2,3,CONCAT,4.733412
cold_hot,q2,3,CONCAT,3.857306
cold_hot,q2,3,DYNAMIC_FILTER,8.59066
cold_hot,q2,3,DYNAMIC_FILTER,9.947375000000001
cold_hot,q2,3,DYNAMIC_FILTER,8.482152000000001
cold_hot,q2,3,FILTER,0.601791
cold_hot,q2,3,FILTER,0.718803
cold_hot,q2,3,FILTER,0.616682
cold_hot,q2,3,GPU_SCAN,682.8558330000001
cold_hot,q2,3,GPU_SCAN,692.516687
cold_hot,q2,3,GPU_SCAN,678.1734650000001
cold_hot,q2,3,HASH_GROUP_BY,0.401561
cold_hot,q2,3,HASH_GROUP_BY,0.620938
cold_hot,q2,3,HASH_GROUP_BY,0.384522
cold_hot,q2,3,HASH_JOIN,10.211686
cold_hot,q2,3,HASH_JOIN,10.930428000000001
cold_hot,q2,3,HASH_JOIN,9.232616
cold_hot,q2,3,LEFT_DELIM_JOIN,0.235132
cold_hot,q2,3,LEFT_DELIM_JOIN,0.162729
cold_hot,q2,3,LEFT_DELIM_JOIN,0.236627
cold_hot,q2,3,MERGE_GROUP_BY,0.0139
cold_hot,q2,3,MERGE_GROUP_BY,0.017152
cold_hot,q2,3,MERGE_GROUP_BY,0.013382000000000002
cold_hot,q2,3,MERGE_SORT,0.819338
cold_hot,q2,3,MERGE_SORT,1.183928
cold_hot,q2,3,MERGE_SORT,0.903151
cold_hot,q2,3,ORDER_BY,1.271902
cold_hot,q2,3,ORDER_BY,1.424795
cold_hot,q2,3,ORDER_BY,1.304269
cold_hot,q2,3,PARTITION,0.46181599999999995
cold_hot,q2,3,PARTITION,0.7183849999999999
cold_hot,q2,3,PARTITION,0.43481900000000007
cold_hot,q2,3,PROJECTION,0.040609
cold_hot,q2,3,PROJECTION,0.129002
cold_hot,q2,3,PROJECTION,0.077296
cold_hot,q2,3,RESULT_COLLECTOR,2.282972
cold_hot,q2,3,RESULT_COLLECTOR,5.18409
cold_hot,q2,3,RESULT_COLLECTOR,5.153614
cold_hot,q2,3,SORT_PARTITION,1.244887
cold_hot,q2,3,SORT_PARTITION,1.53133
cold_hot,q2,3,SORT_PARTITION,1.389236
cold_hot,q2,3,SORT_SAMPLE,0.205215
cold_hot,q2,3,SORT_SAMPLE,0.23554
cold_hot,q2,3,SORT_SAMPLE,0.166175
cold_hot,q2,4,CONCAT,4.154697
cold_hot,q2,4,CONCAT,4.068594
cold_hot,q2,4,CONCAT,3.9646630000000003
cold_hot,q2,4,DYNAMIC_FILTER,12.636707999999999
cold_hot,q2,4,DYNAMIC_FILTER,8.941454
cold_hot,q2,4,DYNAMIC_FILTER,8.673781
cold_hot,q2,4,FILTER,0.660386
cold_hot,q2,4,FILTER,0.57136
cold_hot,q2,4,FILTER,0.545972
cold_hot,q2,4,GPU_SCAN,688.592447
cold_hot,q2,4,GPU_SCAN,691.4856920000001
cold_hot,q2,4,GPU_SCAN,684.534978
cold_hot,q2,4,HASH_GROUP_BY,0.596858
cold_hot,q2,4,HASH_GROUP_BY,0.281545
cold_hot,q2,4,HASH_GROUP_BY,0.25487
cold_hot,q2,4,HASH_JOIN,8.610938
cold_hot,q2,4,HASH_JOIN,9.271294000000001
cold_hot,q2,4,HASH_JOIN,7.057148
cold_hot,q2,4,LEFT_DELIM_JOIN,0.270559
cold_hot,q2,4,LEFT_DELIM_JOIN,0.133781
cold_hot,q2,4,LEFT_DELIM_JOIN,0.123706
cold_hot,q2,4,MERGE_GROUP_BY,0.064709
cold_hot,q2,4,MERGE_GROUP_BY,0.01278
cold_hot,q2,4,MERGE_GROUP_BY,0.012017
cold_hot,q2,4,MERGE_SORT,1.406481
cold_hot,q2,4,MERGE_SORT,0.801325
cold_hot,q2,4,MERGE_SORT,0.853144
cold_hot,q2,4,ORDER_BY,1.353703
cold_hot,q2,4,ORDER_BY,1.394557
cold_hot,q2,4,ORDER_BY,1.246601
cold_hot,q2,4,PARTITION,0.6569949999999999
cold_hot,q2,4,PARTITION,0.44527599999999995
cold_hot,q2,4,PARTITION,0.38439499999999993
cold_hot,q2,4,PROJECTION,0.118619
cold_hot,q2,4,PROJECTION,0.039771
cold_hot,q2,4,PROJECTION,0.03451799999999999
cold_hot,q2,4,RESULT_COLLECTOR,8.426852
cold_hot,q2,4,RESULT_COLLECTOR,4.167954
cold_hot,q2,4,RESULT_COLLECTOR,2.178829
cold_hot,q2,4,SORT_PARTITION,2.612851
cold_hot,q2,4,SORT_PARTITION,1.147923
cold_hot,q2,4,SORT_PARTITION,1.086625
cold_hot,q2,4,SORT_SAMPLE,0.496786
cold_hot,q2,4,SORT_SAMPLE,0.177743
cold_hot,q2,4,SORT_SAMPLE,0.238433
cold_hot,q2,5,CONCAT,3.839777
cold_hot,q2,5,CONCAT,4.3679
cold_hot,q2,5,CONCAT,3.9892489999999996
cold_hot,q2,5,DYNAMIC_FILTER,12.136617000000001
cold_hot,q2,5,DYNAMIC_FILTER,5.826789
cold_hot,q2,5,DYNAMIC_FILTER,9.607979
cold_hot,q2,5,FILTER,0.665463
cold_hot,q2,5,FILTER,0.590771
cold_hot,q2,5,FILTER,0.604266
cold_hot,q2,5,GPU_SCAN,689.026544
cold_hot,q2,5,GPU_SCAN,697.992734
cold_hot,q2,5,GPU_SCAN,691.580059
cold_hot,q2,5,HASH_GROUP_BY,0.41345
cold_hot,q2,5,HASH_GROUP_BY,0.36564
cold_hot,q2,5,HASH_GROUP_BY,0.292711
cold_hot,q2,5,HASH_JOIN,9.058218
cold_hot,q2,5,HASH_JOIN,9.716127
cold_hot,q2,5,HASH_JOIN,9.340343
cold_hot,q2,5,LEFT_DELIM_JOIN,0.198633
cold_hot,q2,5,LEFT_DELIM_JOIN,0.182901
cold_hot,q2,5,LEFT_DELIM_JOIN,0.232008
cold_hot,q2,5,MERGE_GROUP_BY,0.014525
cold_hot,q2,5,MERGE_GROUP_BY,0.012652
cold_hot,q2,5,MERGE_GROUP_BY,0.012815
cold_hot,q2,5,MERGE_SORT,0.913648
cold_hot,q2,5,MERGE_SORT,0.869969
cold_hot,q2,5,MERGE_SORT,0.901668
cold_hot,q2,5,ORDER_BY,1.356601
cold_hot,q2,5,ORDER_BY,1.449355
cold_hot,q2,5,ORDER_BY,1.282336
cold_hot,q2,5,PARTITION,0.33185300000000006
cold_hot,q2,5,PARTITION,0.5457609999999998
cold_hot,q2,5,PARTITION,0.39855899999999994
cold_hot,q2,5,PROJECTION,0.08695
cold_hot,q2,5,PROJECTION,0.072516
cold_hot,q2,5,PROJECTION,0.038169999999999996
cold_hot,q2,5,RESULT_COLLECTOR,3.70504
cold_hot,q2,5,RESULT_COLLECTOR,33.473115
cold_hot,q2,5,RESULT_COLLECTOR,2.272802
cold_hot,q2,5,SORT_PARTITION,1.596827
cold_hot,q2,5,SORT_PARTITION,1.331015
cold_hot,q2,5,SORT_PARTITION,1.47109
cold_hot,q2,5,SORT_SAMPLE,0.189342
cold_hot,q2,5,SORT_SAMPLE,0.174156
cold_hot,q2,5,SORT_SAMPLE,0.189989
cold_hot,q3,1,CONCAT,5.937792
cold_hot,q3,1,CONCAT,5.486688
cold_hot,q3,1,CONCAT,5.348701
cold_hot,q3,1,DYNAMIC_FILTER,28.428780999999997
cold_hot,q3,1,DYNAMIC_FILTER,26.269115
cold_hot,q3,1,DYNAMIC_FILTER,38.779574000000004
cold_hot,q3,1,GPU_SCAN,5718.707732999999
cold_hot,q3,1,GPU_SCAN,5622.248221999999
cold_hot,q3,1,GPU_SCAN,5677.728455
cold_hot,q3,1,HASH_GROUP_BY,1.333632
cold_hot,q3,1,HASH_GROUP_BY,1.262617
cold_hot,q3,1,HASH_GROUP_BY,1.222208
cold_hot,q3,1,HASH_JOIN,10.320308
cold_hot,q3,1,HASH_JOIN,10.4483
cold_hot,q3,1,HASH_JOIN,10.310132
cold_hot,q3,1,MERGE_GROUP_BY,0.043788
cold_hot,q3,1,MERGE_GROUP_BY,0.008241
cold_hot,q3,1,MERGE_GROUP_BY,0.008704
cold_hot,q3,1,MERGE_SORT,0.227892
cold_hot,q3,1,MERGE_SORT,0.218953
cold_hot,q3,1,MERGE_SORT,0.236089
cold_hot,q3,1,ORDER_BY,2.450308
cold_hot,q3,1,ORDER_BY,2.417689
cold_hot,q3,1,ORDER_BY,2.406379
cold_hot,q3,1,PARTITION,0.23574900000000001
cold_hot,q3,1,PARTITION,0.19295800000000002
cold_hot,q3,1,PARTITION,0.311378
cold_hot,q3,1,PROJECTION,0.25072099999999997
cold_hot,q3,1,PROJECTION,0.238516
cold_hot,q3,1,PROJECTION,0.242973
cold_hot,q3,1,RESULT_COLLECTOR,12.538717
cold_hot,q3,1,RESULT_COLLECTOR,5.712772
cold_hot,q3,1,RESULT_COLLECTOR,5.790779
cold_hot,q3,1,SORT_PARTITION,0.211285
cold_hot,q3,1,SORT_PARTITION,0.210385
cold_hot,q3,1,SORT_PARTITION,0.210049
cold_hot,q3,1,SORT_SAMPLE,0.036422
cold_hot,q3,1,SORT_SAMPLE,0.037594
cold_hot,q3,1,SORT_SAMPLE,0.040081
cold_hot,q3,2,CONCAT,5.541595
cold_hot,q3,2,CONCAT,5.708939
cold_hot,q3,2,CONCAT,5.4879929999999995
cold_hot,q3,2,DYNAMIC_FILTER,24.559309000000006
cold_hot,q3,2,DYNAMIC_FILTER,34.990269
cold_hot,q3,2,DYNAMIC_FILTER,46.39293099999999
cold_hot,q3,2,GPU_SCAN,5620.034768
cold_hot,q3,2,GPU_SCAN,5584.2182680000005
cold_hot,q3,2,GPU_SCAN,5566.0959330000005
cold_hot,q3,2,HASH_GROUP_BY,1.232514
cold_hot,q3,2,HASH_GROUP_BY,1.302684
cold_hot,q3,2,HASH_GROUP_BY,1.319494
cold_hot,q3,2,HASH_JOIN,10.431776
cold_hot,q3,2,HASH_JOIN,10.431593
cold_hot,q3,2,HASH_JOIN,10.444838
cold_hot,q3,2,MERGE_GROUP_BY,0.007563
cold_hot,q3,2,MERGE_GROUP_BY,0.011975
cold_hot,q3,2,MERGE_GROUP_BY,0.011105
cold_hot,q3,2,MERGE_SORT,0.46522
cold_hot,q3,2,MERGE_SORT,0.213502
cold_hot,q3,2,MERGE_SORT,0.233104
cold_hot,q3,2,ORDER_BY,2.425972
cold_hot,q3,2,ORDER_BY,2.45048
cold_hot,q3,2,ORDER_BY,2.56965
cold_hot,q3,2,PARTITION,0.28684800000000005
cold_hot,q3,2,PARTITION,0.363849
cold_hot,q3,2,PARTITION,0.25265000000000004
cold_hot,q3,2,PROJECTION,0.22506
cold_hot,q3,2,PROJECTION,0.24014400000000002
cold_hot,q3,2,PROJECTION,0.263895
cold_hot,q3,2,RESULT_COLLECTOR,5.226505
cold_hot,q3,2,RESULT_COLLECTOR,10.872375
cold_hot,q3,2,RESULT_COLLECTOR,10.695948
cold_hot,q3,2,SORT_PARTITION,0.198525
cold_hot,q3,2,SORT_PARTITION,0.216295
cold_hot,q3,2,SORT_PARTITION,0.219816
cold_hot,q3,2,SORT_SAMPLE,0.031993
cold_hot,q3,2,SORT_SAMPLE,0.039611
cold_hot,q3,2,SORT_SAMPLE,0.044702
cold_hot,q3,3,CONCAT,5.167413
cold_hot,q3,3,CONCAT,5.306083
cold_hot,q3,3,CONCAT,5.554652
cold_hot,q3,3,DYNAMIC_FILTER,24.828798999999997
cold_hot,q3,3,DYNAMIC_FILTER,37.007650000000005
cold_hot,q3,3,DYNAMIC_FILTER,17.30294
cold_hot,q3,3,GPU_SCAN,5259.298838000001
cold_hot,q3,3,GPU_SCAN,5600.166003999999
cold_hot,q3,3,GPU_SCAN,5089.911712
cold_hot,q3,3,HASH_GROUP_BY,1.231603
cold_hot,q3,3,HASH_GROUP_BY,1.244535
cold_hot,q3,3,HASH_GROUP_BY,1.265072
cold_hot,q3,3,HASH_JOIN,10.184283
cold_hot,q3,3,HASH_JOIN,10.689004
cold_hot,q3,3,HASH_JOIN,10.278490000000001
cold_hot,q3,3,MERGE_GROUP_BY,0.007675
cold_hot,q3,3,MERGE_GROUP_BY,0.022409
cold_hot,q3,3,MERGE_GROUP_BY,0.027409
cold_hot,q3,3,MERGE_SORT,0.20118
cold_hot,q3,3,MERGE_SORT,0.447747
cold_hot,q3,3,MERGE_SORT,0.518846
cold_hot,q3,3,ORDER_BY,2.410455
cold_hot,q3,3,ORDER_BY,2.483124
cold_hot,q3,3,ORDER_BY,2.409723
cold_hot,q3,3,PARTITION,0.18164200000000003
cold_hot,q3,3,PARTITION,0.363142
cold_hot,q3,3,PARTITION,0.41808000000000006
cold_hot,q3,3,PROJECTION,0.219154
cold_hot,q3,3,PROJECTION,0.246558
cold_hot,q3,3,PROJECTION,0.24582700000000002
cold_hot,q3,3,RESULT_COLLECTOR,5.058396
cold_hot,q3,3,RESULT_COLLECTOR,7.831894
cold_hot,q3,3,RESULT_COLLECTOR,6.739449
cold_hot,q3,3,SORT_PARTITION,0.190207
cold_hot,q3,3,SORT_PARTITION,0.215416
cold_hot,q3,3,SORT_PARTITION,0.26032
cold_hot,q3,3,SORT_SAMPLE,0.03051
cold_hot,q3,3,SORT_SAMPLE,0.04643
cold_hot,q3,3,SORT_SAMPLE,0.118703
cold_hot,q3,4,CONCAT,5.425306
cold_hot,q3,4,CONCAT,5.248027
cold_hot,q3,4,CONCAT,5.203352
cold_hot,q3,4,DYNAMIC_FILTER,44.589297000000016
cold_hot,q3,4,DYNAMIC_FILTER,45.08989700000001
cold_hot,q3,4,DYNAMIC_FILTER,43.66097099999999
cold_hot,q3,4,GPU_SCAN,5564.150427
cold_hot,q3,4,GPU_SCAN,5415.182757999999
cold_hot,q3,4,GPU_SCAN,5595.023647
cold_hot,q3,4,HASH_GROUP_BY,1.462764
cold_hot,q3,4,HASH_GROUP_BY,1.310263
cold_hot,q3,4,HASH_GROUP_BY,1.292937
cold_hot,q3,4,HASH_JOIN,10.523539
cold_hot,q3,4,HASH_JOIN,10.60687
cold_hot,q3,4,HASH_JOIN,10.203990999999998
cold_hot,q3,4,MERGE_GROUP_BY,0.008939
cold_hot,q3,4,MERGE_GROUP_BY,0.050362
cold_hot,q3,4,MERGE_GROUP_BY,0.025393
cold_hot,q3,4,MERGE_SORT,0.504625
cold_hot,q3,4,MERGE_SORT,0.211522
cold_hot,q3,4,MERGE_SORT,0.24011
cold_hot,q3,4,ORDER_BY,2.648717
cold_hot,q3,4,ORDER_BY,2.529186
cold_hot,q3,4,ORDER_BY,2.397978
cold_hot,q3,4,PARTITION,0.252102
cold_hot,q3,4,PARTITION,0.20954
cold_hot,q3,4,PARTITION,0.3724550000000001
cold_hot,q3,4,PROJECTION,0.28243
cold_hot,q3,4,PROJECTION,0.235785
cold_hot,q3,4,PROJECTION,0.234643
cold_hot,q3,4,RESULT_COLLECTOR,10.528631
cold_hot,q3,4,RESULT_COLLECTOR,9.299002
cold_hot,q3,4,RESULT_COLLECTOR,6.331494
cold_hot,q3,4,SORT_PARTITION,0.210919
cold_hot,q3,4,SORT_PARTITION,0.202583
cold_hot,q3,4,SORT_PARTITION,0.212482
cold_hot,q3,4,SORT_SAMPLE,0.038236
cold_hot,q3,4,SORT_SAMPLE,0.036879
cold_hot,q3,4,SORT_SAMPLE,0.041052
cold_hot,q3,5,CONCAT,5.502734
cold_hot,q3,5,CONCAT,5.372181
cold_hot,q3,5,CONCAT,5.292739
cold_hot,q3,5,DYNAMIC_FILTER,22.526123999999996
cold_hot,q3,5,DYNAMIC_FILTER,34.876067000000006
cold_hot,q3,5,DYNAMIC_FILTER,54.866035
cold_hot,q3,5,GPU_SCAN,5073.540211
cold_hot,q3,5,GPU_SCAN,5653.309524
cold_hot,q3,5,GPU_SCAN,5626.17878
cold_hot,q3,5,HASH_GROUP_BY,1.29095
cold_hot,q3,5,HASH_GROUP_BY,1.442958
cold_hot,q3,5,HASH_GROUP_BY,1.267663
cold_hot,q3,5,HASH_JOIN,10.445060999999999
cold_hot,q3,5,HASH_JOIN,10.841451
cold_hot,q3,5,HASH_JOIN,10.451124
cold_hot,q3,5,MERGE_GROUP_BY,0.025485
cold_hot,q3,5,MERGE_GROUP_BY,0.011713
cold_hot,q3,5,MERGE_GROUP_BY,0.007952
cold_hot,q3,5,MERGE_SORT,0.444742
cold_hot,q3,5,MERGE_SORT,0.298353
cold_hot,q3,5,MERGE_SORT,0.335179
cold_hot,q3,5,ORDER_BY,2.414694
cold_hot,q3,5,ORDER_BY,2.523888
cold_hot,q3,5,ORDER_BY,2.512908
cold_hot,q3,5,PARTITION,0.32374300000000006
cold_hot,q3,5,PARTITION,0.25573
cold_hot,q3,5,PARTITION,0.24347899999999997
cold_hot,q3,5,PROJECTION,0.270774
cold_hot,q3,5,PROJECTION,0.35139600000000004
cold_hot,q3,5,PROJECTION,0.223305
cold_hot,q3,5,RESULT_COLLECTOR,5.511719
cold_hot,q3,5,RESULT_COLLECTOR,6.39328
cold_hot,q3,5,RESULT_COLLECTOR,4.193852
cold_hot,q3,5,SORT_PARTITION,0.224481
cold_hot,q3,5,SORT_PARTITION,0.226959
cold_hot,q3,5,SORT_PARTITION,0.208664
cold_hot,q3,5,SORT_SAMPLE,0.085938
cold_hot,q3,5,SORT_SAMPLE,0.043423
cold_hot,q3,5,SORT_SAMPLE,0.034162
cold_hot,q4,1,CONCAT,2.0237410000000002
cold_hot,q4,1,CONCAT,1.834349
cold_hot,q4,1,CONCAT,1.934822
cold_hot,q4,1,DYNAMIC_FILTER,30.745737000000002
cold_hot,q4,1,DYNAMIC_FILTER,41.281244
cold_hot,q4,1,DYNAMIC_FILTER,30.628945
cold_hot,q4,1,FILTER,7.5503979999999995
cold_hot,q4,1,FILTER,9.157012
cold_hot,q4,1,FILTER,8.246922
cold_hot,q4,1,GPU_SCAN,3177.417499999999
cold_hot,q4,1,GPU_SCAN,3099.897233
cold_hot,q4,1,GPU_SCAN,3178.743318
cold_hot,q4,1,HASH_GROUP_BY,10.312196
cold_hot,q4,1,HASH_GROUP_BY,2.026417
cold_hot,q4,1,HASH_GROUP_BY,2.195687
cold_hot,q4,1,HASH_JOIN,17.782511
cold_hot,q4,1,HASH_JOIN,7.465298
cold_hot,q4,1,HASH_JOIN,7.627134
cold_hot,q4,1,LEFT_DELIM_JOIN,3.870776
cold_hot,q4,1,LEFT_DELIM_JOIN,3.933911
cold_hot,q4,1,LEFT_DELIM_JOIN,7.635637999999999
cold_hot,q4,1,MERGE_GROUP_BY,2.937538
cold_hot,q4,1,MERGE_GROUP_BY,2.8112470000000003
cold_hot,q4,1,MERGE_GROUP_BY,2.926513
cold_hot,q4,1,MERGE_SORT,0.041242
cold_hot,q4,1,MERGE_SORT,0.010047
cold_hot,q4,1,MERGE_SORT,0.011046
cold_hot,q4,1,ORDER_BY,6.188288
cold_hot,q4,1,ORDER_BY,0.163957
cold_hot,q4,1,ORDER_BY,0.189804
cold_hot,q4,1,PARTITION,0.237297
cold_hot,q4,1,PARTITION,0.14063299999999998
cold_hot,q4,1,PARTITION,0.30760800000000005
cold_hot,q4,1,PROJECTION,0.011837
cold_hot,q4,1,PROJECTION,0.012532
cold_hot,q4,1,PROJECTION,0.014464
cold_hot,q4,1,RESULT_COLLECTOR,0.664109
cold_hot,q4,1,RESULT_COLLECTOR,0.193578
cold_hot,q4,1,RESULT_COLLECTOR,0.319203
cold_hot,q4,1,SORT_PARTITION,0.024301
cold_hot,q4,1,SORT_PARTITION,0.004785
cold_hot,q4,1,SORT_PARTITION,0.007844
cold_hot,q4,1,SORT_SAMPLE,0.03897
cold_hot,q4,1,SORT_SAMPLE,0.006542
cold_hot,q4,1,SORT_SAMPLE,0.011363
cold_hot,q4,2,CONCAT,2.168083
cold_hot,q4,2,CONCAT,1.803036
cold_hot,q4,2,CONCAT,2.187622
cold_hot,q4,2,DYNAMIC_FILTER,24.881169999999997
cold_hot,q4,2,DYNAMIC_FILTER,27.626079999999998
cold_hot,q4,2,DYNAMIC_FILTER,28.584077
cold_hot,q4,2,FILTER,8.010233
cold_hot,q4,2,FILTER,6.663485000000001
cold_hot,q4,2,FILTER,8.930437
cold_hot,q4,2,GPU_SCAN,2918.9462220000005
cold_hot,q4,2,GPU_SCAN,3148.8131539999995
cold_hot,q4,2,GPU_SCAN,3119.823901
cold_hot,q4,2,HASH_GROUP_BY,2.233749
cold_hot,q4,2,HASH_GROUP_BY,2.111283
cold_hot,q4,2,HASH_GROUP_BY,2.208333
cold_hot,q4,2,HASH_JOIN,7.837631
cold_hot,q4,2,HASH_JOIN,7.300225
cold_hot,q4,2,HASH_JOIN,7.771712
cold_hot,q4,2,LEFT_DELIM_JOIN,5.048912
cold_hot,q4,2,LEFT_DELIM_JOIN,6.632466
cold_hot,q4,2,LEFT_DELIM_JOIN,5.335347
cold_hot,q4,2,MERGE_GROUP_BY,3.071642
cold_hot,q4,2,MERGE_GROUP_BY,2.885241
cold_hot,q4,2,MERGE_GROUP_BY,3.038865
cold_hot,q4,2,MERGE_SORT,0.022579
cold_hot,q4,2,MERGE_SORT,0.00956
cold_hot,q4,2,MERGE_SORT,0.011801
cold_hot,q4,2,ORDER_BY,0.167129
cold_hot,q4,2,ORDER_BY,0.150856
cold_hot,q4,2,ORDER_BY,0.337046
cold_hot,q4,2,PARTITION,0.29858999999999997
cold_hot,q4,2,PARTITION,0.18702
cold_hot,q4,2,PARTITION,0.212668
cold_hot,q4,2,PROJECTION,0.011481
cold_hot,q4,2,PROJECTION,0.011833
cold_hot,q4,2,PROJECTION,0.012825
cold_hot,q4,2,RESULT_COLLECTOR,0.241346
cold_hot,q4,2,RESULT_COLLECTOR,0.105848
cold_hot,q4,2,RESULT_COLLECTOR,0.142405
cold_hot,q4,2,SORT_PARTITION,0.006707
cold_hot,q4,2,SORT_PARTITION,0.005878
cold_hot,q4,2,SORT_PARTITION,0.0058
cold_hot,q4,2,SORT_SAMPLE,0.012138
cold_hot,q4,2,SORT_SAMPLE,0.009327
cold_hot,q4,2,SORT_SAMPLE,0.009199
cold_hot,q4,3,CONCAT,2.1271310000000003
cold_hot,q4,3,CONCAT,2.069299
cold_hot,q4,3,CONCAT,2.154608
cold_hot,q4,3,DYNAMIC_FILTER,29.902589000000003
cold_hot,q4,3,DYNAMIC_FILTER,17.837685
cold_hot,q4,3,DYNAMIC_FILTER,31.574033999999997
cold_hot,q4,3,FILTER,7.499839000000001
cold_hot,q4,3,FILTER,5.641494999999999
cold_hot,q4,3,FILTER,8.247028
cold_hot,q4,3,GPU_SCAN,3103.262345
cold_hot,q4,3,GPU_SCAN,2725.3612339999995
cold_hot,q4,3,GPU_SCAN,3120.4069920000006
cold_hot,q4,3,HASH_GROUP_BY,2.309039
cold_hot,q4,3,HASH_GROUP_BY,2.089643
cold_hot,q4,3,HASH_GROUP_BY,2.422928
cold_hot,q4,3,HASH_JOIN,7.7623240000000004
cold_hot,q4,3,HASH_JOIN,7.800883000000001
cold_hot,q4,3,HASH_JOIN,7.887707000000001
cold_hot,q4,3,LEFT_DELIM_JOIN,5.363659
cold_hot,q4,3,LEFT_DELIM_JOIN,4.8528270000000004
cold_hot,q4,3,LEFT_DELIM_JOIN,6.135815
cold_hot,q4,3,MERGE_GROUP_BY,2.9132759999999998
cold_hot,q4,3,MERGE_GROUP_BY,2.7739570000000002
cold_hot,q4,3,MERGE_GROUP_BY,3.0464960000000003
cold_hot,q4,3,MERGE_SORT,0.026009
cold_hot,q4,3,MERGE_SORT,0.021271
cold_hot,q4,3,MERGE_SORT,0.060084
cold_hot,q4,3,ORDER_BY,0.406216
cold_hot,q4,3,ORDER_BY,0.167021
cold_hot,q4,3,ORDER_BY,0.267967
cold_hot,q4,3,PARTITION,0.309548
cold_hot,q4,3,PARTITION,0.358607
cold_hot,q4,3,PARTITION,0.39810799999999996
cold_hot,q4,3,PROJECTION,0.015514
cold_hot,q4,3,PROJECTION,0.018508
cold_hot,q4,3,PROJECTION,0.014323
cold_hot,q4,3,RESULT_COLLECTOR,0.149348
cold_hot,q4,3,RESULT_COLLECTOR,0.207025
cold_hot,q4,3,RESULT_COLLECTOR,0.339721
cold_hot,q4,3,SORT_PARTITION,0.007096
cold_hot,q4,3,SORT_PARTITION,0.006781
cold_hot,q4,3,SORT_PARTITION,0.007078
cold_hot,q4,3,SORT_SAMPLE,0.010956
cold_hot,q4,3,SORT_SAMPLE,0.008298
cold_hot,q4,3,SORT_SAMPLE,0.009429
cold_hot,q4,4,CONCAT,2.253862
cold_hot,q4,4,CONCAT,1.956773
cold_hot,q4,4,CONCAT,2.7519289999999996
cold_hot,q4,4,DYNAMIC_FILTER,35.997409000000005
cold_hot,q4,4,DYNAMIC_FILTER,32.31988
cold_hot,q4,4,DYNAMIC_FILTER,21.430203000000002
cold_hot,q4,4,FILTER,10.326619
cold_hot,q4,4,FILTER,7.5285709999999995
cold_hot,q4,4,FILTER,4.392434000000001
cold_hot,q4,4,GPU_SCAN,2924.896673
cold_hot,q4,4,GPU_SCAN,3099.2772999999993
cold_hot,q4,4,GPU_SCAN,2767.48615
cold_hot,q4,4,HASH_GROUP_BY,2.319338
cold_hot,q4,4,HASH_GROUP_BY,1.991316
cold_hot,q4,4,HASH_GROUP_BY,2.192605
cold_hot,q4,4,HASH_JOIN,7.752317
cold_hot,q4,4,HASH_JOIN,7.39358
cold_hot,q4,4,HASH_JOIN,8.056996999999999
cold_hot,q4,4,LEFT_DELIM_JOIN,6.225854
cold_hot,q4,4,LEFT_DELIM_JOIN,4.574547
cold_hot,q4,4,LEFT_DELIM_JOIN,4.37054
cold_hot,q4,4,MERGE_GROUP_BY,3.208391
cold_hot,q4,4,MERGE_GROUP_BY,2.778879
cold_hot,q4,4,MERGE_GROUP_BY,2.8735099999999996
cold_hot,q4,4,MERGE_SORT,0.055653
cold_hot,q4,4,MERGE_SORT,0.009655
cold_hot,q4,4,MERGE_SORT,0.028916
cold_hot,q4,4,ORDER_BY,0.217894
cold_hot,q4,4,ORDER_BY,0.15591
cold_hot,q4,4,ORDER_BY,0.181292
cold_hot,q4,4,PARTITION,0.25771
cold_hot,q4,4,PARTITION,0.196778
cold_hot,q4,4,PARTITION,0.325602
cold_hot,q4,4,PROJECTION,0.011522
cold_hot,q4,4,PROJECTION,0.011268
cold_hot,q4,4,PROJECTION,0.016296
cold_hot,q4,4,RESULT_COLLECTOR,0.315709
cold_hot,q4,4,RESULT_COLLECTOR,0.10931
cold_hot,q4,4,RESULT_COLLECTOR,0.162232
cold_hot,q4,4,SORT_PARTITION,0.005239
cold_hot,q4,4,SORT_PARTITION,0.007868
cold_hot,q4,4,SORT_PARTITION,0.006045
cold_hot,q4,4,SORT_SAMPLE,0.011761
cold_hot,q4,4,SORT_SAMPLE,0.006781
cold_hot,q4,4,SORT_SAMPLE,0.008778
cold_hot,q4,5,CONCAT,2.413367
cold_hot,q4,5,CONCAT,2.475792
cold_hot,q4,5,CONCAT,1.947911
cold_hot,q4,5,DYNAMIC_FILTER,25.266264000000003
cold_hot,q4,5,DYNAMIC_FILTER,26.341796
cold_hot,q4,5,DYNAMIC_FILTER,24.858228
cold_hot,q4,5,FILTER,5.739529
cold_hot,q4,5,FILTER,5.045731
cold_hot,q4,5,FILTER,5.363048999999999
cold_hot,q4,5,GPU_SCAN,2961.799792
cold_hot,q4,5,GPU_SCAN,2779.718041
cold_hot,q4,5,GPU_SCAN,2931.5186470000003
cold_hot,q4,5,HASH_GROUP_BY,2.249994
cold_hot,q4,5,HASH_GROUP_BY,2.073948
cold_hot,q4,5,HASH_GROUP_BY,2.206698
cold_hot,q4,5,HASH_JOIN,8.111509
cold_hot,q4,5,HASH_JOIN,7.3843250000000005
cold_hot,q4,5,HASH_JOIN,8.169554
cold_hot,q4,5,LEFT_DELIM_JOIN,5.21534
cold_hot,q4,5,LEFT_DELIM_JOIN,5.325667999999999
cold_hot,q4,5,LEFT_DELIM_JOIN,5.274797
cold_hot,q4,5,MERGE_GROUP_BY,2.901605
cold_hot,q4,5,MERGE_GROUP_BY,2.814542
cold_hot,q4,5,MERGE_GROUP_BY,3.077089
cold_hot,q4,5,MERGE_SORT,0.013653
cold_hot,q4,5,MERGE_SORT,0.00686
cold_hot,q4,5,MERGE_SORT,0.012574
cold_hot,q4,5,ORDER_BY,0.177707
cold_hot,q4,5,ORDER_BY,0.223501
cold_hot,q4,5,ORDER_BY,0.365827
cold_hot,q4,5,PARTITION,0.29169799999999996
cold_hot,q4,5,PARTITION,0.25965299999999997
cold_hot,q4,5,PARTITION,0.18555200000000005
cold_hot,q4,5,PROJECTION,0.015207
cold_hot,q4,5,PROJECTION,0.011055
cold_hot,q4,5,PROJECTION,0.014159
cold_hot,q4,5,RESULT_COLLECTOR,0.107057
cold_hot,q4,5,RESULT_COLLECTOR,0.303851
cold_hot,q4,5,RESULT_COLLECTOR,0.146483
cold_hot,q4,5,SORT_PARTITION,0.005446
cold_hot,q4,5,SORT_PARTITION,0.009743
cold_hot,q4,5,SORT_PARTITION,0.007586
cold_hot,q4,5,SORT_SAMPLE,0.008772
cold_hot,q4,5,SORT_SAMPLE,0.009747
cold_hot,q4,5,SORT_SAMPLE,0.015175
cold_hot,q5,1,CONCAT,2.4506249999999996
cold_hot,q5,1,CONCAT,3.096852
cold_hot,q5,1,CONCAT,3.407181
cold_hot,q5,1,DYNAMIC_FILTER,27.779534000000005
cold_hot,q5,1,DYNAMIC_FILTER,30.227898000000003
cold_hot,q5,1,DYNAMIC_FILTER,29.037959000000008
cold_hot,q5,1,GPU_SCAN,5632.1136240000005
cold_hot,q5,1,GPU_SCAN,5637.414347000002
cold_hot,q5,1,GPU_SCAN,5658.132352
cold_hot,q5,1,HASH_GROUP_BY,0.535363
cold_hot,q5,1,HASH_GROUP_BY,0.595652
cold_hot,q5,1,HASH_GROUP_BY,1.1962
cold_hot,q5,1,HASH_JOIN,16.906793999999998
cold_hot,q5,1,HASH_JOIN,17.015484999999998
cold_hot,q5,1,HASH_JOIN,16.908641
cold_hot,q5,1,MERGE_GROUP_BY,0.013193
cold_hot,q5,1,MERGE_GROUP_BY,0.007707
cold_hot,q5,1,MERGE_GROUP_BY,0.007208
cold_hot,q5,1,MERGE_SORT,0.187557
cold_hot,q5,1,MERGE_SORT,0.210843
cold_hot,q5,1,MERGE_SORT,0.602872
cold_hot,q5,1,ORDER_BY,0.198557
cold_hot,q5,1,ORDER_BY,0.19419
cold_hot,q5,1,ORDER_BY,0.162861
cold_hot,q5,1,PARTITION,0.45635699999999996
cold_hot,q5,1,PARTITION,0.7310760000000001
cold_hot,q5,1,PARTITION,0.58845
cold_hot,q5,1,PROJECTION,0.121473
cold_hot,q5,1,PROJECTION,0.118429
cold_hot,q5,1,PROJECTION,0.120865
cold_hot,q5,1,RESULT_COLLECTOR,0.140473
cold_hot,q5,1,RESULT_COLLECTOR,0.120963
cold_hot,q5,1,RESULT_COLLECTOR,0.123934
cold_hot,q5,1,SORT_PARTITION,0.261369
cold_hot,q5,1,SORT_PARTITION,0.329217
cold_hot,q5,1,SORT_PARTITION,0.310504
cold_hot,q5,1,SORT_SAMPLE,0.030117
cold_hot,q5,1,SORT_SAMPLE,0.034719
cold_hot,q5,1,SORT_SAMPLE,0.067431
cold_hot,q5,2,CONCAT,2.3335459999999997
cold_hot,q5,2,CONCAT,2.417382
cold_hot,q5,2,CONCAT,2.402149
cold_hot,q5,2,DYNAMIC_FILTER,30.420817000000003
cold_hot,q5,2,DYNAMIC_FILTER,26.371993000000003
cold_hot,q5,2,DYNAMIC_FILTER,26.979303
cold_hot,q5,2,GPU_SCAN,5643.469910000002
cold_hot,q5,2,GPU_SCAN,5611.223887000001
cold_hot,q5,2,GPU_SCAN,5618.0877660000015
cold_hot,q5,2,HASH_GROUP_BY,0.514972
cold_hot,q5,2,HASH_GROUP_BY,0.56054
cold_hot,q5,2,HASH_GROUP_BY,1.063979
cold_hot,q5,2,HASH_JOIN,16.363267999999998
cold_hot,q5,2,HASH_JOIN,17.46258
cold_hot,q5,2,HASH_JOIN,17.686332
cold_hot,q5,2,MERGE_GROUP_BY,0.008085
cold_hot,q5,2,MERGE_GROUP_BY,0.027341
cold_hot,q5,2,MERGE_GROUP_BY,0.027274
cold_hot,q5,2,MERGE_SORT,0.191514
cold_hot,q5,2,MERGE_SORT,0.204366
cold_hot,q5,2,MERGE_SORT,0.209351
cold_hot,q5,2,ORDER_BY,0.176121
cold_hot,q5,2,ORDER_BY,0.217624
cold_hot,q5,2,ORDER_BY,0.173761
cold_hot,q5,2,PARTITION,0.413243
cold_hot,q5,2,PARTITION,0.6916670000000001
cold_hot,q5,2,PARTITION,0.4480809999999999
cold_hot,q5,2,PROJECTION,0.114297
cold_hot,q5,2,PROJECTION,0.122519
cold_hot,q5,2,PROJECTION,0.115437
cold_hot,q5,2,RESULT_COLLECTOR,0.160708
cold_hot,q5,2,RESULT_COLLECTOR,0.335285
cold_hot,q5,2,RESULT_COLLECTOR,0.294135
cold_hot,q5,2,SORT_PARTITION,0.268559
cold_hot,q5,2,SORT_PARTITION,0.263022
cold_hot,q5,2,SORT_PARTITION,0.268727
cold_hot,q5,2,SORT_SAMPLE,0.034272
cold_hot,q5,2,SORT_SAMPLE,0.032547
cold_hot,q5,2,SORT_SAMPLE,0.034312
cold_hot,q5,3,CONCAT,3.0242720000000003
cold_hot,q5,3,CONCAT,3.181773
cold_hot,q5,3,CONCAT,2.9166800000000004
cold_hot,q5,3,DYNAMIC_FILTER,25.994206999999996
cold_hot,q5,3,DYNAMIC_FILTER,32.273451
cold_hot,q5,3,DYNAMIC_FILTER,29.438761999999997
cold_hot,q5,3,GPU_SCAN,5626.598617000001
cold_hot,q5,3,GPU_SCAN,5708.370222000001
cold_hot,q5,3,GPU_SCAN,5599.682776
cold_hot,q5,3,HASH_GROUP_BY,0.639917
cold_hot,q5,3,HASH_GROUP_BY,0.702641
cold_hot,q5,3,HASH_GROUP_BY,1.036855
cold_hot,q5,3,HASH_JOIN,17.755052
cold_hot,q5,3,HASH_JOIN,17.757552999999998
cold_hot,q5,3,HASH_JOIN,17.667848
cold_hot,q5,3,MERGE_GROUP_BY,0.027333
cold_hot,q5,3,MERGE_GROUP_BY,0.010728
cold_hot,q5,3,MERGE_GROUP_BY,0.013624
cold_hot,q5,3,MERGE_SORT,0.742072
cold_hot,q5,3,MERGE_SORT,0.837783
cold_hot,q5,3,MERGE_SORT,0.721583
cold_hot,q5,3,ORDER_BY,0.271391
cold_hot,q5,3,ORDER_BY,0.252253
cold_hot,q5,3,ORDER_BY,0.16699
cold_hot,q5,3,PARTITION,0.7706729999999999
cold_hot,q5,3,PARTITION,0.7071549999999999
cold_hot,q5,3,PARTITION,0.5534960000000001
cold_hot,q5,3,PROJECTION,0.139328
cold_hot,q5,3,PROJECTION,0.142222
cold_hot,q5,3,PROJECTION,0.11167
cold_hot,q5,3,RESULT_COLLECTOR,0.333105
cold_hot,q5,3,RESULT_COLLECTOR,0.220888
cold_hot,q5,3,RESULT_COLLECTOR,0.10672
cold_hot,q5,3,SORT_PARTITION,0.440307
cold_hot,q5,3,SORT_PARTITION,0.383229
cold_hot,q5,3,SORT_PARTITION,0.29724
cold_hot,q5,3,SORT_SAMPLE,0.128172
cold_hot,q5,3,SORT_SAMPLE,0.051434
cold_hot,q5,3,SORT_SAMPLE,0.0754
cold_hot,q5,4,CONCAT,2.463824
cold_hot,q5,4,CONCAT,2.9439900000000003
cold_hot,q5,4,CONCAT,3.05226
cold_hot,q5,4,DYNAMIC_FILTER,27.082977000000007
cold_hot,q5,4,DYNAMIC_FILTER,25.692982
cold_hot,q5,4,DYNAMIC_FILTER,24.429565000000007
cold_hot,q5,4,GPU_SCAN,5670.468035000001
cold_hot,q5,4,GPU_SCAN,5715.710814
cold_hot,q5,4,GPU_SCAN,5666.293271
cold_hot,q5,4,HASH_GROUP_BY,0.552654
cold_hot,q5,4,HASH_GROUP_BY,0.666803
cold_hot,q5,4,HASH_GROUP_BY,1.070146
cold_hot,q5,4,HASH_JOIN,17.124321000000002
cold_hot,q5,4,HASH_JOIN,17.051884
cold_hot,q5,4,HASH_JOIN,17.276626
cold_hot,q5,4,MERGE_GROUP_BY,0.025484
cold_hot,q5,4,MERGE_GROUP_BY,0.008663
cold_hot,q5,4,MERGE_GROUP_BY,0.006393
cold_hot,q5,4,MERGE_SORT,0.247481
cold_hot,q5,4,MERGE_SORT,0.272483
cold_hot,q5,4,MERGE_SORT,0.182276
cold_hot,q5,4,ORDER_BY,0.20356
cold_hot,q5,4,ORDER_BY,0.165293
cold_hot,q5,4,ORDER_BY,0.16937
cold_hot,q5,4,PARTITION,0.7738410000000002
cold_hot,q5,4,PARTITION,0.601955
cold_hot,q5,4,PARTITION,0.494281
cold_hot,q5,4,PROJECTION,0.120414
cold_hot,q5,4,PROJECTION,0.127663
cold_hot,q5,4,PROJECTION,0.119115
cold_hot,q5,4,RESULT_COLLECTOR,0.327572
cold_hot,q5,4,RESULT_COLLECTOR,0.124555
cold_hot,q5,4,RESULT_COLLECTOR,0.114165
cold_hot,q5,4,SORT_PARTITION,0.299605
cold_hot,q5,4,SORT_PARTITION,0.29092
cold_hot,q5,4,SORT_PARTITION,0.250145
cold_hot,q5,4,SORT_SAMPLE,0.033944
cold_hot,q5,4,SORT_SAMPLE,0.0292
cold_hot,q5,4,SORT_SAMPLE,0.030343
cold_hot,q5,5,CONCAT,2.9357830000000003
cold_hot,q5,5,CONCAT,2.895024
cold_hot,q5,5,CONCAT,2.969977
cold_hot,q5,5,DYNAMIC_FILTER,29.321382999999994
cold_hot,q5,5,DYNAMIC_FILTER,25.858064000000002
cold_hot,q5,5,DYNAMIC_FILTER,25.238891999999996
cold_hot,q5,5,GPU_SCAN,5732.188320000002
cold_hot,q5,5,GPU_SCAN,5685.872853000001
cold_hot,q5,5,GPU_SCAN,5646.91868
cold_hot,q5,5,HASH_GROUP_BY,0.515028
cold_hot,q5,5,HASH_GROUP_BY,0.531954
cold_hot,q5,5,HASH_GROUP_BY,1.189694
cold_hot,q5,5,HASH_JOIN,16.981218
cold_hot,q5,5,HASH_JOIN,16.744646
cold_hot,q5,5,HASH_JOIN,17.667859
cold_hot,q5,5,MERGE_GROUP_BY,0.042831
cold_hot,q5,5,MERGE_GROUP_BY,0.011217
cold_hot,q5,5,MERGE_GROUP_BY,0.041676
cold_hot,q5,5,MERGE_SORT,0.622863
cold_hot,q5,5,MERGE_SORT,0.401068
cold_hot,q5,5,MERGE_SORT,0.237503
cold_hot,q5,5,ORDER_BY,0.202792
cold_hot,q5,5,ORDER_BY,0.147827
cold_hot,q5,5,ORDER_BY,0.228119
cold_hot,q5,5,PARTITION,0.542987
cold_hot,q5,5,PARTITION,0.428457
cold_hot,q5,5,PARTITION,0.6001299999999998
cold_hot,q5,5,PROJECTION,0.11226
cold_hot,q5,5,PROJECTION,0.11498
cold_hot,q5,5,PROJECTION,0.126594
cold_hot,q5,5,RESULT_COLLECTOR,0.234267
cold_hot,q5,5,RESULT_COLLECTOR,0.109934
cold_hot,q5,5,RESULT_COLLECTOR,0.28448
cold_hot,q5,5,SORT_PARTITION,0.298732
cold_hot,q5,5,SORT_PARTITION,0.263892
cold_hot,q5,5,SORT_PARTITION,0.301598
cold_hot,q5,5,SORT_SAMPLE,0.060756
cold_hot,q5,5,SORT_SAMPLE,0.024474
cold_hot,q5,5,SORT_SAMPLE,0.035649
cold_hot,q6,1,GPU_SCAN,3751.863210000001
cold_hot,q6,1,GPU_SCAN,4063.0928480000002
cold_hot,q6,1,GPU_SCAN,3755.0509260000003
cold_hot,q6,1,MERGE_AGGREGATE,0.666101
cold_hot,q6,1,MERGE_AGGREGATE,0.340657
cold_hot,q6,1,MERGE_AGGREGATE,0.212079
cold_hot,q6,1,PROJECTION,17.802011000000004
cold_hot,q6,1,PROJECTION,14.58204
cold_hot,q6,1,PROJECTION,10.297204999999998
cold_hot,q6,1,RESULT_COLLECTOR,0.085285
cold_hot,q6,1,RESULT_COLLECTOR,0.125369
cold_hot,q6,1,RESULT_COLLECTOR,0.095739
cold_hot,q6,1,UNGROUPED_AGGREGATE,3.0675980000000003
cold_hot,q6,1,UNGROUPED_AGGREGATE,16.579906
cold_hot,q6,1,UNGROUPED_AGGREGATE,2.6364159999999996
cold_hot,q6,2,GPU_SCAN,3691.155463
cold_hot,q6,2,GPU_SCAN,3688.2058509999997
cold_hot,q6,2,GPU_SCAN,3726.965796
cold_hot,q6,2,MERGE_AGGREGATE,0.233295
cold_hot,q6,2,MERGE_AGGREGATE,0.298635
cold_hot,q6,2,MERGE_AGGREGATE,0.514699
cold_hot,q6,2,PROJECTION,2.300942
cold_hot,q6,2,PROJECTION,2.280614
cold_hot,q6,2,PROJECTION,2.7819350000000003
cold_hot,q6,2,RESULT_COLLECTOR,0.088026
cold_hot,q6,2,RESULT_COLLECTOR,0.092448
cold_hot,q6,2,RESULT_COLLECTOR,0.07802
cold_hot,q6,2,UNGROUPED_AGGREGATE,2.9371209999999994
cold_hot,q6,2,UNGROUPED_AGGREGATE,2.8344289999999996
cold_hot,q6,2,UNGROUPED_AGGREGATE,3.373577
cold_hot,q6,3,GPU_SCAN,3722.2746100000004
cold_hot,q6,3,GPU_SCAN,3849.5953280000003
cold_hot,q6,3,GPU_SCAN,3970.365445
cold_hot,q6,3,MERGE_AGGREGATE,0.301572
cold_hot,q6,3,MERGE_AGGREGATE,0.323372
cold_hot,q6,3,MERGE_AGGREGATE,0.409254
cold_hot,q6,3,PROJECTION,10.338494
cold_hot,q6,3,PROJECTION,3.5593320000000004
cold_hot,q6,3,PROJECTION,8.255614
cold_hot,q6,3,RESULT_COLLECTOR,0.099217
cold_hot,q6,3,RESULT_COLLECTOR,0.114729
cold_hot,q6,3,RESULT_COLLECTOR,0.104686
cold_hot,q6,3,UNGROUPED_AGGREGATE,3.8417709999999996
cold_hot,q6,3,UNGROUPED_AGGREGATE,13.719797
cold_hot,q6,3,UNGROUPED_AGGREGATE,8.740745
cold_hot,q6,4,GPU_SCAN,3730.905346
cold_hot,q6,4,GPU_SCAN,3734.127082
cold_hot,q6,4,GPU_SCAN,3791.2088099999996
cold_hot,q6,4,MERGE_AGGREGATE,0.292819
cold_hot,q6,4,MERGE_AGGREGATE,0.306611
cold_hot,q6,4,MERGE_AGGREGATE,0.213455
cold_hot,q6,4,PROJECTION,2.8528580000000003
cold_hot,q6,4,PROJECTION,2.428094
cold_hot,q6,4,PROJECTION,2.2655560000000006
cold_hot,q6,4,RESULT_COLLECTOR,0.094827
cold_hot,q6,4,RESULT_COLLECTOR,0.074201
cold_hot,q6,4,RESULT_COLLECTOR,0.066791
cold_hot,q6,4,UNGROUPED_AGGREGATE,3.9516409999999995
cold_hot,q6,4,UNGROUPED_AGGREGATE,2.7703349999999998
cold_hot,q6,4,UNGROUPED_AGGREGATE,2.6283069999999995
cold_hot,q6,5,GPU_SCAN,3759.4635209999997
cold_hot,q6,5,GPU_SCAN,3744.94464
cold_hot,q6,5,GPU_SCAN,4029.062468
cold_hot,q6,5,MERGE_AGGREGATE,0.237612
cold_hot,q6,5,MERGE_AGGREGATE,0.70829
cold_hot,q6,5,MERGE_AGGREGATE,0.160502
cold_hot,q6,5,PROJECTION,2.7428890000000004
cold_hot,q6,5,PROJECTION,7.601721
cold_hot,q6,5,PROJECTION,11.280599999999998
cold_hot,q6,5,RESULT_COLLECTOR,0.082068
cold_hot,q6,5,RESULT_COLLECTOR,0.077316
cold_hot,q6,5,RESULT_COLLECTOR,0.072302
cold_hot,q6,5,UNGROUPED_AGGREGATE,3.2157940000000003
cold_hot,q6,5,UNGROUPED_AGGREGATE,13.384189
cold_hot,q6,5,UNGROUPED_AGGREGATE,8.418415000000001
cold_hot,q7,1,CONCAT,4.687882000000001
cold_hot,q7,1,CONCAT,4.635144
cold_hot,q7,1,CONCAT,4.334656
cold_hot,q7,1,DYNAMIC_FILTER,32.355267999999995
cold_hot,q7,1,DYNAMIC_FILTER,35.132827999999996
cold_hot,q7,1,DYNAMIC_FILTER,31.96107
cold_hot,q7,1,FILTER,1.105812
cold_hot,q7,1,FILTER,1.040695
cold_hot,q7,1,FILTER,0.873645
cold_hot,q7,1,GPU_SCAN,6309.427312000001
cold_hot,q7,1,GPU_SCAN,6438.881093999999
cold_hot,q7,1,GPU_SCAN,6163.150400000001
cold_hot,q7,1,HASH_GROUP_BY,1.709067
cold_hot,q7,1,HASH_GROUP_BY,1.57179
cold_hot,q7,1,HASH_GROUP_BY,0.597642
cold_hot,q7,1,HASH_JOIN,20.815967999999998
cold_hot,q7,1,HASH_JOIN,20.354167
cold_hot,q7,1,HASH_JOIN,20.32786
cold_hot,q7,1,MERGE_GROUP_BY,0.026638
cold_hot,q7,1,MERGE_GROUP_BY,0.053335
cold_hot,q7,1,MERGE_GROUP_BY,0.008027
cold_hot,q7,1,MERGE_SORT,0.788787
cold_hot,q7,1,MERGE_SORT,0.683327
cold_hot,q7,1,MERGE_SORT,1.528051
cold_hot,q7,1,ORDER_BY,0.588099
cold_hot,q7,1,ORDER_BY,0.427142
cold_hot,q7,1,ORDER_BY,0.482722
cold_hot,q7,1,PARTITION,0.534095
cold_hot,q7,1,PARTITION,0.314339
cold_hot,q7,1,PARTITION,0.47959399999999996
cold_hot,q7,1,PROJECTION,0.151552
cold_hot,q7,1,PROJECTION,0.135116
cold_hot,q7,1,PROJECTION,0.131279
cold_hot,q7,1,RESULT_COLLECTOR,0.31165
cold_hot,q7,1,RESULT_COLLECTOR,0.120583
cold_hot,q7,1,RESULT_COLLECTOR,0.140951
cold_hot,q7,1,SORT_PARTITION,0.792913
cold_hot,q7,1,SORT_PARTITION,0.652548
cold_hot,q7,1,SORT_PARTITION,0.610362
cold_hot,q7,1,SORT_SAMPLE,0.281134
cold_hot,q7,1,SORT_SAMPLE,0.20015
cold_hot,q7,1,SORT_SAMPLE,0.138244
cold_hot,q7,2,CONCAT,5.1180710000000005
cold_hot,q7,2,CONCAT,4.522555999999999
cold_hot,q7,2,CONCAT,4.3576690000000005
cold_hot,q7,2,DYNAMIC_FILTER,31.931765
cold_hot,q7,2,DYNAMIC_FILTER,31.013544999999997
cold_hot,q7,2,DYNAMIC_FILTER,33.530762
cold_hot,q7,2,FILTER,1.025408
cold_hot,q7,2,FILTER,1.123308
cold_hot,q7,2,FILTER,1.35667
cold_hot,q7,2,GPU_SCAN,6336.284075
cold_hot,q7,2,GPU_SCAN,6201.150990000003
cold_hot,q7,2,GPU_SCAN,6307.792931999999
cold_hot,q7,2,HASH_GROUP_BY,1.574925
cold_hot,q7,2,HASH_GROUP_BY,1.8733
cold_hot,q7,2,HASH_GROUP_BY,0.622054
cold_hot,q7,2,HASH_JOIN,20.772113000000004
cold_hot,q7,2,HASH_JOIN,20.848765999999998
cold_hot,q7,2,HASH_JOIN,19.277893000000002
cold_hot,q7,2,MERGE_GROUP_BY,0.029301
cold_hot,q7,2,MERGE_GROUP_BY,0.014038
cold_hot,q7,2,MERGE_GROUP_BY,0.00903
cold_hot,q7,2,MERGE_SORT,0.768802
cold_hot,q7,2,MERGE_SORT,0.889154
cold_hot,q7,2,MERGE_SORT,1.856335
cold_hot,q7,2,ORDER_BY,0.461684
cold_hot,q7,2,ORDER_BY,0.544582
cold_hot,q7,2,ORDER_BY,0.439742
cold_hot,q7,2,PARTITION,0.6045200000000001
cold_hot,q7,2,PARTITION,0.4428120000000001
cold_hot,q7,2,PARTITION,0.4617609999999999
cold_hot,q7,2,PROJECTION,0.132998
cold_hot,q7,2,PROJECTION,0.159979
cold_hot,q7,2,PROJECTION,0.134639
cold_hot,q7,2,RESULT_COLLECTOR,0.337436
cold_hot,q7,2,RESULT_COLLECTOR,0.182299
cold_hot,q7,2,RESULT_COLLECTOR,0.12047
cold_hot,q7,2,SORT_PARTITION,0.656831
cold_hot,q7,2,SORT_PARTITION,0.794806
cold_hot,q7,2,SORT_PARTITION,0.695896
cold_hot,q7,2,SORT_SAMPLE,0.197907
cold_hot,q7,2,SORT_SAMPLE,0.166614
cold_hot,q7,2,SORT_SAMPLE,0.135352
cold_hot,q7,3,CONCAT,5.147763000000001
cold_hot,q7,3,CONCAT,4.7637030000000005
cold_hot,q7,3,CONCAT,4.615406
cold_hot,q7,3,DYNAMIC_FILTER,30.484423999999997
cold_hot,q7,3,DYNAMIC_FILTER,30.482629000000003
cold_hot,q7,3,DYNAMIC_FILTER,29.748679
cold_hot,q7,3,FILTER,1.063593
cold_hot,q7,3,FILTER,1.118336
cold_hot,q7,3,FILTER,1.125361
cold_hot,q7,3,GPU_SCAN,6153.754347000001
cold_hot,q7,3,GPU_SCAN,6166.026907
cold_hot,q7,3,GPU_SCAN,6175.399250999999
cold_hot,q7,3,HASH_GROUP_BY,1.726347
cold_hot,q7,3,HASH_GROUP_BY,2.162419
cold_hot,q7,3,HASH_GROUP_BY,0.721066
cold_hot,q7,3,HASH_JOIN,21.246952
cold_hot,q7,3,HASH_JOIN,21.755971999999996
cold_hot,q7,3,HASH_JOIN,19.557379
cold_hot,q7,3,MERGE_GROUP_BY,0.03278
cold_hot,q7,3,MERGE_GROUP_BY,0.00973
cold_hot,q7,3,MERGE_GROUP_BY,0.02922
cold_hot,q7,3,MERGE_SORT,1.347778
cold_hot,q7,3,MERGE_SORT,0.952036
cold_hot,q7,3,MERGE_SORT,0.899062
cold_hot,q7,3,ORDER_BY,0.583167
cold_hot,q7,3,ORDER_BY,0.60933
cold_hot,q7,3,ORDER_BY,0.470982
cold_hot,q7,3,PARTITION,0.6067049999999998
cold_hot,q7,3,PARTITION,0.515123
cold_hot,q7,3,PARTITION,0.527216
cold_hot,q7,3,PROJECTION,0.152187
cold_hot,q7,3,PROJECTION,0.181598
cold_hot,q7,3,PROJECTION,0.168416
cold_hot,q7,3,RESULT_COLLECTOR,0.332031
cold_hot,q7,3,RESULT_COLLECTOR,0.197551
cold_hot,q7,3,RESULT_COLLECTOR,0.349573
cold_hot,q7,3,SORT_PARTITION,0.788011
cold_hot,q7,3,SORT_PARTITION,1.024211
cold_hot,q7,3,SORT_PARTITION,0.872606
cold_hot,q7,3,SORT_SAMPLE,0.176835
cold_hot,q7,3,SORT_SAMPLE,0.346936
cold_hot,q7,3,SORT_SAMPLE,0.154735
cold_hot,q7,4,CONCAT,5.204302
cold_hot,q7,4,CONCAT,4.522351
cold_hot,q7,4,CONCAT,4.565133999999999
cold_hot,q7,4,DYNAMIC_FILTER,35.827234
cold_hot,q7,4,DYNAMIC_FILTER,32.990328999999996
cold_hot,q7,4,DYNAMIC_FILTER,31.184464
cold_hot,q7,4,FILTER,1.085005
cold_hot,q7,4,FILTER,1.1742720000000002
cold_hot,q7,4,FILTER,0.8996040000000001
cold_hot,q7,4,GPU_SCAN,6720.4927739999985
cold_hot,q7,4,GPU_SCAN,6508.500893000001
cold_hot,q7,4,GPU_SCAN,6249.957447000002
cold_hot,q7,4,HASH_GROUP_BY,2.175867
cold_hot,q7,4,HASH_GROUP_BY,1.66374
cold_hot,q7,4,HASH_GROUP_BY,0.588769
cold_hot,q7,4,HASH_JOIN,21.555152000000003
cold_hot,q7,4,HASH_JOIN,19.600849000000004
cold_hot,q7,4,HASH_JOIN,18.905673
cold_hot,q7,4,MERGE_GROUP_BY,0.024952
cold_hot,q7,4,MERGE_GROUP_BY,0.022651
cold_hot,q7,4,MERGE_GROUP_BY,0.007452
cold_hot,q7,4,MERGE_SORT,0.884755
cold_hot,q7,4,MERGE_SORT,2.076542
cold_hot,q7,4,MERGE_SORT,0.64971
cold_hot,q7,4,ORDER_BY,0.617214
cold_hot,q7,4,ORDER_BY,0.456872
cold_hot,q7,4,ORDER_BY,0.439679
cold_hot,q7,4,PARTITION,0.5717390000000001
cold_hot,q7,4,PARTITION,0.41606999999999983
cold_hot,q7,4,PARTITION,0.40174400000000005
cold_hot,q7,4,PROJECTION,0.161857
cold_hot,q7,4,PROJECTION,0.147637
cold_hot,q7,4,PROJECTION,0.133819
cold_hot,q7,4,RESULT_COLLECTOR,0.309848
cold_hot,q7,4,RESULT_COLLECTOR,0.147675
cold_hot,q7,4,RESULT_COLLECTOR,0.11701
cold_hot,q7,4,SORT_PARTITION,0.898581
cold_hot,q7,4,SORT_PARTITION,0.737463
cold_hot,q7,4,SORT_PARTITION,0.638122
cold_hot,q7,4,SORT_SAMPLE,0.331046
cold_hot,q7,4,SORT_SAMPLE,0.149352
cold_hot,q7,4,SORT_SAMPLE,0.135766
cold_hot,q7,5,CONCAT,5.455357
cold_hot,q7,5,CONCAT,4.531879
cold_hot,q7,5,CONCAT,5.199467
cold_hot,q7,5,DYNAMIC_FILTER,31.286788
cold_hot,q7,5,DYNAMIC_FILTER,32.186651000000005
cold_hot,q7,5,DYNAMIC_FILTER,32.864972
cold_hot,q7,5,FILTER,1.1185770000000002
cold_hot,q7,5,FILTER,1.144595
cold_hot,q7,5,FILTER,0.989076
cold_hot,q7,5,GPU_SCAN,6255.221908
cold_hot,q7,5,GPU_SCAN,6296.9826649999995
cold_hot,q7,5,GPU_SCAN,6241.459517
cold_hot,q7,5,HASH_GROUP_BY,1.739377
cold_hot,q7,5,HASH_GROUP_BY,1.611137
cold_hot,q7,5,HASH_GROUP_BY,0.614192
cold_hot,q7,5,HASH_JOIN,20.804541
cold_hot,q7,5,HASH_JOIN,19.787411
cold_hot,q7,5,HASH_JOIN,20.345017
cold_hot,q7,5,MERGE_GROUP_BY,0.027772
cold_hot,q7,5,MERGE_GROUP_BY,0.018539
cold_hot,q7,5,MERGE_GROUP_BY,0.026472
cold_hot,q7,5,MERGE_SORT,2.307652
cold_hot,q7,5,MERGE_SORT,2.283347
cold_hot,q7,5,MERGE_SORT,0.684535
cold_hot,q7,5,ORDER_BY,0.558873
cold_hot,q7,5,ORDER_BY,0.423968
cold_hot,q7,5,ORDER_BY,0.595638
cold_hot,q7,5,PARTITION,0.7460730000000001
cold_hot,q7,5,PARTITION,0.6287389999999999
cold_hot,q7,5,PARTITION,0.4109109999999999
cold_hot,q7,5,PROJECTION,0.154105
cold_hot,q7,5,PROJECTION,0.13323
cold_hot,q7,5,PROJECTION,0.13463
cold_hot,q7,5,RESULT_COLLECTOR,0.369661
cold_hot,q7,5,RESULT_COLLECTOR,0.225551
cold_hot,q7,5,RESULT_COLLECTOR,0.282082
cold_hot,q7,5,SORT_PARTITION,0.760908
cold_hot,q7,5,SORT_PARTITION,0.661278
cold_hot,q7,5,SORT_PARTITION,0.679766
cold_hot,q7,5,SORT_SAMPLE,0.258609
cold_hot,q7,5,SORT_SAMPLE,0.130669
cold_hot,q7,5,SORT_SAMPLE,0.141495
cold_hot,q8,1,CONCAT,19.426319000000003
cold_hot,q8,1,CONCAT,19.70336
cold_hot,q8,1,CONCAT,19.884933
cold_hot,q8,1,DYNAMIC_FILTER,52.92430999999999
cold_hot,q8,1,DYNAMIC_FILTER,57.88403200000001
cold_hot,q8,1,DYNAMIC_FILTER,49.489633999999995
cold_hot,q8,1,GPU_SCAN,8670.385368000001
cold_hot,q8,1,GPU_SCAN,8293.646385999999
cold_hot,q8,1,GPU_SCAN,8165.642807000003
cold_hot,q8,1,HASH_GROUP_BY,0.343945
cold_hot,q8,1,HASH_GROUP_BY,0.29154
cold_hot,q8,1,HASH_GROUP_BY,0.324302
cold_hot,q8,1,HASH_JOIN,26.401586000000005
cold_hot,q8,1,HASH_JOIN,33.55312299999999
cold_hot,q8,1,HASH_JOIN,24.728197999999995
cold_hot,q8,1,MERGE_GROUP_BY,0.020553
cold_hot,q8,1,MERGE_GROUP_BY,0.019614
cold_hot,q8,1,MERGE_GROUP_BY,0.02487
cold_hot,q8,1,MERGE_SORT,0.009739
cold_hot,q8,1,MERGE_SORT,0.012923
cold_hot,q8,1,MERGE_SORT,0.02089
cold_hot,q8,1,ORDER_BY,0.134084
cold_hot,q8,1,ORDER_BY,0.094363
cold_hot,q8,1,ORDER_BY,0.062634
cold_hot,q8,1,PARTITION,0.5301259999999999
cold_hot,q8,1,PARTITION,0.47657700000000003
cold_hot,q8,1,PARTITION,0.6384820000000001
cold_hot,q8,1,PROJECTION,0.49106500000000003
cold_hot,q8,1,PROJECTION,0.40116399999999997
cold_hot,q8,1,PROJECTION,0.383543
cold_hot,q8,1,RESULT_COLLECTOR,0.085848
cold_hot,q8,1,RESULT_COLLECTOR,0.18683
cold_hot,q8,1,RESULT_COLLECTOR,0.211258
cold_hot,q8,1,SORT_PARTITION,0.004806
cold_hot,q8,1,SORT_PARTITION,0.005929
cold_hot,q8,1,SORT_PARTITION,0.006087
cold_hot,q8,1,SORT_SAMPLE,0.007268
cold_hot,q8,1,SORT_SAMPLE,0.01395
cold_hot,q8,1,SORT_SAMPLE,0.00712
cold_hot,q8,2,CONCAT,19.898564999999998
cold_hot,q8,2,CONCAT,16.865735
cold_hot,q8,2,CONCAT,19.222997999999997
cold_hot,q8,2,DYNAMIC_FILTER,46.828896
cold_hot,q8,2,DYNAMIC_FILTER,42.503804
cold_hot,q8,2,DYNAMIC_FILTER,52.05537299999999
cold_hot,q8,2,GPU_SCAN,8252.302835999999
cold_hot,q8,2,GPU_SCAN,8114.757308000003
cold_hot,q8,2,GPU_SCAN,8377.664468
cold_hot,q8,2,HASH_GROUP_BY,0.319288
cold_hot,q8,2,HASH_GROUP_BY,0.4136
cold_hot,q8,2,HASH_GROUP_BY,0.494351
cold_hot,q8,2,HASH_JOIN,33.784259999999996
cold_hot,q8,2,HASH_JOIN,25.67574
cold_hot,q8,2,HASH_JOIN,34.973648
cold_hot,q8,2,MERGE_GROUP_BY,0.026096
cold_hot,q8,2,MERGE_GROUP_BY,0.006195
cold_hot,q8,2,MERGE_GROUP_BY,0.02767
cold_hot,q8,2,MERGE_SORT,0.00713
cold_hot,q8,2,MERGE_SORT,0.007799
cold_hot,q8,2,MERGE_SORT,0.012074
cold_hot,q8,2,ORDER_BY,0.062828
cold_hot,q8,2,ORDER_BY,0.055772
cold_hot,q8,2,ORDER_BY,0.082205
cold_hot,q8,2,PARTITION,0.5099420000000002
cold_hot,q8,2,PARTITION,0.4770570000000001
cold_hot,q8,2,PARTITION,0.8502249999999998
cold_hot,q8,2,PROJECTION,0.371273
cold_hot,q8,2,PROJECTION,0.329085
cold_hot,q8,2,PROJECTION,0.532386
cold_hot,q8,2,RESULT_COLLECTOR,0.203399
cold_hot,q8,2,RESULT_COLLECTOR,0.097957
cold_hot,q8,2,RESULT_COLLECTOR,0.281082
cold_hot,q8,2,SORT_PARTITION,0.005855
cold_hot,q8,2,SORT_PARTITION,0.004515
cold_hot,q8,2,SORT_PARTITION,0.007173
cold_hot,q8,2,SORT_SAMPLE,0.008299
cold_hot,q8,2,SORT_SAMPLE,0.005486
cold_hot,q8,2,SORT_SAMPLE,0.012481
cold_hot,q8,3,CONCAT,20.356095000000007
cold_hot,q8,3,CONCAT,20.117562999999997
cold_hot,q8,3,CONCAT,19.313108
cold_hot,q8,3,DYNAMIC_FILTER,52.78374099999999
cold_hot,q8,3,DYNAMIC_FILTER,49.30258800000001
cold_hot,q8,3,DYNAMIC_FILTER,54.227894
cold_hot,q8,3,GPU_SCAN,8481.846959
cold_hot,q8,3,GPU_SCAN,8190.530697000002
cold_hot,q8,3,GPU_SCAN,8318.060128000001
cold_hot,q8,3,HASH_GROUP_BY,0.508483
cold_hot,q8,3,HASH_GROUP_BY,0.300417
cold_hot,q8,3,HASH_GROUP_BY,0.301245
cold_hot,q8,3,HASH_JOIN,34.855413000000006
cold_hot,q8,3,HASH_JOIN,24.345957000000002
cold_hot,q8,3,HASH_JOIN,35.366144999999996
cold_hot,q8,3,MERGE_GROUP_BY,0.009118
cold_hot,q8,3,MERGE_GROUP_BY,0.019138
cold_hot,q8,3,MERGE_GROUP_BY,0.020757
cold_hot,q8,3,MERGE_SORT,0.009831
cold_hot,q8,3,MERGE_SORT,0.0209
cold_hot,q8,3,MERGE_SORT,0.007199
cold_hot,q8,3,ORDER_BY,0.068035
cold_hot,q8,3,ORDER_BY,0.068257
cold_hot,q8,3,ORDER_BY,0.083825
cold_hot,q8,3,PARTITION,0.7483690000000001
cold_hot,q8,3,PARTITION,0.641396
cold_hot,q8,3,PARTITION,0.843379
cold_hot,q8,3,PROJECTION,0.408303
cold_hot,q8,3,PROJECTION,0.35343
cold_hot,q8,3,PROJECTION,0.434149
cold_hot,q8,3,RESULT_COLLECTOR,0.119093
cold_hot,q8,3,RESULT_COLLECTOR,0.191561
cold_hot,q8,3,RESULT_COLLECTOR,0.091795
cold_hot,q8,3,SORT_PARTITION,0.010384
cold_hot,q8,3,SORT_PARTITION,0.005034
cold_hot,q8,3,SORT_PARTITION,0.005015
cold_hot,q8,3,SORT_SAMPLE,0.007364
cold_hot,q8,3,SORT_SAMPLE,0.007351
cold_hot,q8,3,SORT_SAMPLE,0.006928
cold_hot,q8,4,CONCAT,20.128671999999998
cold_hot,q8,4,CONCAT,19.440794999999994
cold_hot,q8,4,CONCAT,19.037550999999997
cold_hot,q8,4,DYNAMIC_FILTER,50.20401700000001
cold_hot,q8,4,DYNAMIC_FILTER,53.931672999999996
cold_hot,q8,4,DYNAMIC_FILTER,46.102150999999985
cold_hot,q8,4,GPU_SCAN,8392.472966
cold_hot,q8,4,GPU_SCAN,8429.165791
cold_hot,q8,4,GPU_SCAN,8400.395549000006
cold_hot,q8,4,HASH_GROUP_BY,0.377731
cold_hot,q8,4,HASH_GROUP_BY,0.330131
cold_hot,q8,4,HASH_GROUP_BY,0.341988
cold_hot,q8,4,HASH_JOIN,34.497516000000005
cold_hot,q8,4,HASH_JOIN,31.483163000000005
cold_hot,q8,4,HASH_JOIN,33.18849
cold_hot,q8,4,MERGE_GROUP_BY,0.036666
cold_hot,q8,4,MERGE_GROUP_BY,0.008686
cold_hot,q8,4,MERGE_GROUP_BY,0.020529
cold_hot,q8,4,MERGE_SORT,0.007535
cold_hot,q8,4,MERGE_SORT,0.0101
cold_hot,q8,4,MERGE_SORT,0.008509
cold_hot,q8,4,ORDER_BY,0.067155
cold_hot,q8,4,ORDER_BY,0.056467
cold_hot,q8,4,ORDER_BY,0.068369
cold_hot,q8,4,PARTITION,0.6689829999999999
cold_hot,q8,4,PARTITION,0.564885
cold_hot,q8,4,PARTITION,0.5672000000000001
cold_hot,q8,4,PROJECTION,0.38627700000000004
cold_hot,q8,4,PROJECTION,0.332703
cold_hot,q8,4,PROJECTION,0.357051
cold_hot,q8,4,RESULT_COLLECTOR,0.186433
cold_hot,q8,4,RESULT_COLLECTOR,0.094059
cold_hot,q8,4,RESULT_COLLECTOR,0.186179
cold_hot,q8,4,SORT_PARTITION,0.005802
cold_hot,q8,4,SORT_PARTITION,0.005169
cold_hot,q8,4,SORT_PARTITION,0.00662
cold_hot,q8,4,SORT_SAMPLE,0.008273
cold_hot,q8,4,SORT_SAMPLE,0.007238
cold_hot,q8,4,SORT_SAMPLE,0.009445
cold_hot,q8,5,CONCAT,20.116224
cold_hot,q8,5,CONCAT,19.530464000000002
cold_hot,q8,5,CONCAT,20.361348
cold_hot,q8,5,DYNAMIC_FILTER,51.15674799999999
cold_hot,q8,5,DYNAMIC_FILTER,46.146100000000004
cold_hot,q8,5,DYNAMIC_FILTER,54.34309700000001
cold_hot,q8,5,GPU_SCAN,8651.999951000002
cold_hot,q8,5,GPU_SCAN,8463.313324000002
cold_hot,q8,5,GPU_SCAN,8607.468334
cold_hot,q8,5,HASH_GROUP_BY,0.298872
cold_hot,q8,5,HASH_GROUP_BY,0.381573
cold_hot,q8,5,HASH_GROUP_BY,0.362273
cold_hot,q8,5,HASH_JOIN,24.385124
cold_hot,q8,5,HASH_JOIN,33.690413
cold_hot,q8,5,HASH_JOIN,25.498945
cold_hot,q8,5,MERGE_GROUP_BY,0.02133
cold_hot,q8,5,MERGE_GROUP_BY,0.010003
cold_hot,q8,5,MERGE_GROUP_BY,0.005339
cold_hot,q8,5,MERGE_SORT,0.049997
cold_hot,q8,5,MERGE_SORT,0.00834
cold_hot,q8,5,MERGE_SORT,0.005173
cold_hot,q8,5,ORDER_BY,0.059315
cold_hot,q8,5,ORDER_BY,0.061059
cold_hot,q8,5,ORDER_BY,0.073061
cold_hot,q8,5,PARTITION,0.5742950000000001
cold_hot,q8,5,PARTITION,0.48856000000000005
cold_hot,q8,5,PARTITION,0.6003700000000001
cold_hot,q8,5,PROJECTION,0.340279
cold_hot,q8,5,PROJECTION,0.35883
cold_hot,q8,5,PROJECTION,0.37829999999999997
cold_hot,q8,5,RESULT_COLLECTOR,0.216412
cold_hot,q8,5,RESULT_COLLECTOR,0.106632
cold_hot,q8,5,RESULT_COLLECTOR,0.082656
cold_hot,q8,5,SORT_PARTITION,0.005345
cold_hot,q8,5,SORT_PARTITION,0.005006
cold_hot,q8,5,SORT_PARTITION,0.004487
cold_hot,q8,5,SORT_SAMPLE,0.005759
cold_hot,q8,5,SORT_SAMPLE,0.008693
cold_hot,q8,5,SORT_SAMPLE,0.007372
cold_hot,q9,1,CONCAT,12.600663
cold_hot,q9,1,CONCAT,37.625855
cold_hot,q9,1,CONCAT,10.748249000000001
cold_hot,q9,1,DYNAMIC_FILTER,56.330957000000005
cold_hot,q9,1,DYNAMIC_FILTER,61.272816999999996
cold_hot,q9,1,DYNAMIC_FILTER,57.686181000000005
cold_hot,q9,1,GPU_SCAN,8576.42036
cold_hot,q9,1,GPU_SCAN,8525.725924
cold_hot,q9,1,GPU_SCAN,8550.770999
cold_hot,q9,1,HASH_GROUP_BY,19.136581999999997
cold_hot,q9,1,HASH_GROUP_BY,19.168781000000003
cold_hot,q9,1,HASH_GROUP_BY,14.326061
cold_hot,q9,1,HASH_JOIN,668.4358300000001
cold_hot,q9,1,HASH_JOIN,630.114599
cold_hot,q9,1,HASH_JOIN,777.0757659999999
cold_hot,q9,1,MERGE_GROUP_BY,0.458504
cold_hot,q9,1,MERGE_GROUP_BY,0.457219
cold_hot,q9,1,MERGE_GROUP_BY,0.491066
cold_hot,q9,1,MERGE_SORT,0.71696
cold_hot,q9,1,MERGE_SORT,0.210852
cold_hot,q9,1,MERGE_SORT,0.256106
cold_hot,q9,1,ORDER_BY,0.646181
cold_hot,q9,1,ORDER_BY,0.698807
cold_hot,q9,1,ORDER_BY,0.632665
cold_hot,q9,1,PARTITION,54.732969
cold_hot,q9,1,PARTITION,54.812903
cold_hot,q9,1,PARTITION,54.081520000000005
cold_hot,q9,1,PROJECTION,21.555894000000002
cold_hot,q9,1,PROJECTION,12.170247
cold_hot,q9,1,PROJECTION,12.15169
cold_hot,q9,1,RESULT_COLLECTOR,0.126071
cold_hot,q9,1,RESULT_COLLECTOR,0.14282
cold_hot,q9,1,RESULT_COLLECTOR,0.126741
cold_hot,q9,1,SORT_PARTITION,0.573791
cold_hot,q9,1,SORT_PARTITION,0.184513
cold_hot,q9,1,SORT_PARTITION,0.188071
cold_hot,q9,1,SORT_SAMPLE,0.425747
cold_hot,q9,1,SORT_SAMPLE,0.109894
cold_hot,q9,1,SORT_SAMPLE,0.146691
cold_hot,q9,2,CONCAT,10.628321000000001
cold_hot,q9,2,CONCAT,8.689242
cold_hot,q9,2,CONCAT,37.963606
cold_hot,q9,2,DYNAMIC_FILTER,49.881548
cold_hot,q9,2,DYNAMIC_FILTER,57.984275
cold_hot,q9,2,DYNAMIC_FILTER,55.83127000000001
cold_hot,q9,2,GPU_SCAN,8545.092882999998
cold_hot,q9,2,GPU_SCAN,8651.95498
cold_hot,q9,2,GPU_SCAN,8506.622053999998
cold_hot,q9,2,HASH_GROUP_BY,19.331453
cold_hot,q9,2,HASH_GROUP_BY,18.227726
cold_hot,q9,2,HASH_GROUP_BY,19.671400000000002
cold_hot,q9,2,HASH_JOIN,652.482442
cold_hot,q9,2,HASH_JOIN,649.6205019999999
cold_hot,q9,2,HASH_JOIN,636.3639069999999
cold_hot,q9,2,MERGE_GROUP_BY,0.525246
cold_hot,q9,2,MERGE_GROUP_BY,0.424693
cold_hot,q9,2,MERGE_GROUP_BY,0.476278
cold_hot,q9,2,MERGE_SORT,0.325884
cold_hot,q9,2,MERGE_SORT,0.734073
cold_hot,q9,2,MERGE_SORT,1.070359
cold_hot,q9,2,ORDER_BY,0.681631
cold_hot,q9,2,ORDER_BY,0.644673
cold_hot,q9,2,ORDER_BY,0.696115
cold_hot,q9,2,PARTITION,56.140602
cold_hot,q9,2,PARTITION,54.081202
cold_hot,q9,2,PARTITION,51.04598500000001
cold_hot,q9,2,PROJECTION,12.847120999999998
cold_hot,q9,2,PROJECTION,13.802081999999999
cold_hot,q9,2,PROJECTION,11.692879999999999
cold_hot,q9,2,RESULT_COLLECTOR,0.130176
cold_hot,q9,2,RESULT_COLLECTOR,0.120017
cold_hot,q9,2,RESULT_COLLECTOR,0.142264
cold_hot,q9,2,SORT_PARTITION,0.188449
cold_hot,q9,2,SORT_PARTITION,0.16967
cold_hot,q9,2,SORT_PARTITION,0.17546
cold_hot,q9,2,SORT_SAMPLE,0.107075
cold_hot,q9,2,SORT_SAMPLE,0.098661
cold_hot,q9,2,SORT_SAMPLE,0.088055
cold_hot,q9,3,CONCAT,38.29731
cold_hot,q9,3,CONCAT,15.421721999999999
cold_hot,q9,3,CONCAT,37.215748000000005
cold_hot,q9,3,DYNAMIC_FILTER,65.86898599999999
cold_hot,q9,3,DYNAMIC_FILTER,63.614836
cold_hot,q9,3,DYNAMIC_FILTER,58.374714999999995
cold_hot,q9,3,GPU_SCAN,8645.000753
cold_hot,q9,3,GPU_SCAN,8610.783089
cold_hot,q9,3,GPU_SCAN,8615.893849
cold_hot,q9,3,HASH_GROUP_BY,18.230612
cold_hot,q9,3,HASH_GROUP_BY,19.240161
cold_hot,q9,3,HASH_GROUP_BY,18.287171
cold_hot,q9,3,HASH_JOIN,629.581396
cold_hot,q9,3,HASH_JOIN,656.43525
cold_hot,q9,3,HASH_JOIN,631.141884
cold_hot,q9,3,MERGE_GROUP_BY,0.453857
cold_hot,q9,3,MERGE_GROUP_BY,0.441527
cold_hot,q9,3,MERGE_GROUP_BY,0.416423
cold_hot,q9,3,MERGE_SORT,0.228066
cold_hot,q9,3,MERGE_SORT,0.734602
cold_hot,q9,3,MERGE_SORT,0.229244
cold_hot,q9,3,ORDER_BY,0.646828
cold_hot,q9,3,ORDER_BY,0.731868
cold_hot,q9,3,ORDER_BY,0.630616
cold_hot,q9,3,PARTITION,54.020065999999986
cold_hot,q9,3,PARTITION,56.252361999999984
cold_hot,q9,3,PARTITION,53.248842
cold_hot,q9,3,PROJECTION,13.079431
cold_hot,q9,3,PROJECTION,11.652041
cold_hot,q9,3,PROJECTION,13.188115
cold_hot,q9,3,RESULT_COLLECTOR,0.118767
cold_hot,q9,3,RESULT_COLLECTOR,0.170087
cold_hot,q9,3,RESULT_COLLECTOR,0.13792
cold_hot,q9,3,SORT_PARTITION,0.189547
cold_hot,q9,3,SORT_PARTITION,0.489861
cold_hot,q9,3,SORT_PARTITION,0.167208
cold_hot,q9,3,SORT_SAMPLE,0.173396
cold_hot,q9,3,SORT_SAMPLE,0.390122
cold_hot,q9,3,SORT_SAMPLE,0.093946
cold_hot,q9,4,CONCAT,8.949394999999997
cold_hot,q9,4,CONCAT,27.226103000000002
cold_hot,q9,4,CONCAT,8.651467
cold_hot,q9,4,DYNAMIC_FILTER,50.692755999999996
cold_hot,q9,4,DYNAMIC_FILTER,73.23125100000001
cold_hot,q9,4,DYNAMIC_FILTER,55.91580000000001
cold_hot,q9,4,GPU_SCAN,8322.974206
cold_hot,q9,4,GPU_SCAN,8595.959542
cold_hot,q9,4,GPU_SCAN,8591.396428000002
cold_hot,q9,4,HASH_GROUP_BY,20.193942
cold_hot,q9,4,HASH_GROUP_BY,18.406706999999997
cold_hot,q9,4,HASH_GROUP_BY,20.836293
cold_hot,q9,4,HASH_JOIN,648.4947840000001
cold_hot,q9,4,HASH_JOIN,607.719682
cold_hot,q9,4,HASH_JOIN,648.747011
cold_hot,q9,4,MERGE_GROUP_BY,0.453968
cold_hot,q9,4,MERGE_GROUP_BY,0.540635
cold_hot,q9,4,MERGE_GROUP_BY,0.536633
cold_hot,q9,4,MERGE_SORT,0.306998
cold_hot,q9,4,MERGE_SORT,0.234814
cold_hot,q9,4,MERGE_SORT,0.698048
cold_hot,q9,4,ORDER_BY,0.665592
cold_hot,q9,4,ORDER_BY,0.642152
cold_hot,q9,4,ORDER_BY,0.736115
cold_hot,q9,4,PARTITION,55.255034
cold_hot,q9,4,PARTITION,54.149063999999996
cold_hot,q9,4,PARTITION,54.70100600000001
cold_hot,q9,4,PROJECTION,12.613929
cold_hot,q9,4,PROJECTION,13.108969
cold_hot,q9,4,PROJECTION,13.249807
cold_hot,q9,4,RESULT_COLLECTOR,0.158289
cold_hot,q9,4,RESULT_COLLECTOR,0.122314
cold_hot,q9,4,RESULT_COLLECTOR,0.138301
cold_hot,q9,4,SORT_PARTITION,0.193682
cold_hot,q9,4,SORT_PARTITION,0.180397
cold_hot,q9,4,SORT_PARTITION,0.2067
cold_hot,q9,4,SORT_SAMPLE,0.152574
cold_hot,q9,4,SORT_SAMPLE,0.093865
cold_hot,q9,4,SORT_SAMPLE,0.119249
cold_hot,q9,5,CONCAT,8.393756999999997
cold_hot,q9,5,CONCAT,38.346455999999996
cold_hot,q9,5,CONCAT,18.940914999999997
cold_hot,q9,5,DYNAMIC_FILTER,46.439107
cold_hot,q9,5,DYNAMIC_FILTER,62.45496999999999
cold_hot,q9,5,DYNAMIC_FILTER,65.91096800000001
cold_hot,q9,5,GPU_SCAN,8628.721336999999
cold_hot,q9,5,GPU_SCAN,8595.871888999998
cold_hot,q9,5,GPU_SCAN,8467.556375999999
cold_hot,q9,5,HASH_GROUP_BY,18.179239000000003
cold_hot,q9,5,HASH_GROUP_BY,18.795773
cold_hot,q9,5,HASH_GROUP_BY,18.791145
cold_hot,q9,5,HASH_JOIN,653.108148
cold_hot,q9,5,HASH_JOIN,634.6051439999999
cold_hot,q9,5,HASH_JOIN,664.292239
cold_hot,q9,5,MERGE_GROUP_BY,0.480796
cold_hot,q9,5,MERGE_GROUP_BY,0.431857
cold_hot,q9,5,MERGE_GROUP_BY,0.431747
cold_hot,q9,5,MERGE_SORT,0.21908
cold_hot,q9,5,MERGE_SORT,0.225642
cold_hot,q9,5,MERGE_SORT,0.277828
cold_hot,q9,5,ORDER_BY,0.644262
cold_hot,q9,5,ORDER_BY,0.669251
cold_hot,q9,5,ORDER_BY,0.689042
cold_hot,q9,5,PARTITION,52.976586000000005
cold_hot,q9,5,PARTITION,53.888825
cold_hot,q9,5,PARTITION,53.583797000000004
cold_hot,q9,5,PROJECTION,13.625569
cold_hot,q9,5,PROJECTION,11.984356
cold_hot,q9,5,PROJECTION,13.033802000000001
cold_hot,q9,5,RESULT_COLLECTOR,0.109262
cold_hot,q9,5,RESULT_COLLECTOR,0.169216
cold_hot,q9,5,RESULT_COLLECTOR,0.141985
cold_hot,q9,5,SORT_PARTITION,0.16831
cold_hot,q9,5,SORT_PARTITION,0.207863
cold_hot,q9,5,SORT_PARTITION,0.354076
cold_hot,q9,5,SORT_SAMPLE,0.079812
cold_hot,q9,5,SORT_SAMPLE,0.16473
cold_hot,q9,5,SORT_SAMPLE,0.085713
cold_hot,q10,1,CONCAT,2.6895320000000003
cold_hot,q10,1,CONCAT,1.846737
cold_hot,q10,1,CONCAT,1.877643
cold_hot,q10,1,DYNAMIC_FILTER,9.435283
cold_hot,q10,1,DYNAMIC_FILTER,17.646362000000003
cold_hot,q10,1,DYNAMIC_FILTER,14.287812000000002
cold_hot,q10,1,GPU_SCAN,4322.971737000001
cold_hot,q10,1,GPU_SCAN,5047.626837999999
cold_hot,q10,1,GPU_SCAN,5125.598404
cold_hot,q10,1,HASH_GROUP_BY,28.166913
cold_hot,q10,1,HASH_GROUP_BY,28.965919
cold_hot,q10,1,HASH_GROUP_BY,28.777661
cold_hot,q10,1,HASH_JOIN,42.869163
cold_hot,q10,1,HASH_JOIN,43.671052
cold_hot,q10,1,HASH_JOIN,43.698878
cold_hot,q10,1,MERGE_GROUP_BY,0.09329
cold_hot,q10,1,MERGE_GROUP_BY,0.077429
cold_hot,q10,1,MERGE_GROUP_BY,0.069699
cold_hot,q10,1,MERGE_SORT,15.588688
cold_hot,q10,1,MERGE_SORT,18.073947
cold_hot,q10,1,MERGE_SORT,16.740657
cold_hot,q10,1,ORDER_BY,9.289032
cold_hot,q10,1,ORDER_BY,9.158664
cold_hot,q10,1,ORDER_BY,9.195561
cold_hot,q10,1,PARTITION,0.28333600000000003
cold_hot,q10,1,PARTITION,0.344107
cold_hot,q10,1,PARTITION,0.4449330000000001
cold_hot,q10,1,PROJECTION,0.643305
cold_hot,q10,1,PROJECTION,0.665585
cold_hot,q10,1,PROJECTION,0.6832579999999999
cold_hot,q10,1,RESULT_COLLECTOR,248.89554
cold_hot,q10,1,RESULT_COLLECTOR,250.91938
cold_hot,q10,1,RESULT_COLLECTOR,229.568123
cold_hot,q10,1,SORT_PARTITION,5.797762
cold_hot,q10,1,SORT_PARTITION,6.655894
cold_hot,q10,1,SORT_PARTITION,5.709431
cold_hot,q10,1,SORT_SAMPLE,0.1975
cold_hot,q10,1,SORT_SAMPLE,0.238732
cold_hot,q10,1,SORT_SAMPLE,0.217797
cold_hot,q10,2,CONCAT,2.285552
cold_hot,q10,2,CONCAT,1.837876
cold_hot,q10,2,CONCAT,1.7768209999999998
cold_hot,q10,2,DYNAMIC_FILTER,8.495274
cold_hot,q10,2,DYNAMIC_FILTER,9.285084
cold_hot,q10,2,DYNAMIC_FILTER,13.948498999999998
cold_hot,q10,2,GPU_SCAN,4255.608763
cold_hot,q10,2,GPU_SCAN,4234.893658000001
cold_hot,q10,2,GPU_SCAN,5015.224002
cold_hot,q10,2,HASH_GROUP_BY,28.519139
cold_hot,q10,2,HASH_GROUP_BY,28.526468
cold_hot,q10,2,HASH_GROUP_BY,28.800398
cold_hot,q10,2,HASH_JOIN,42.318931000000006
cold_hot,q10,2,HASH_JOIN,43.241043000000005
cold_hot,q10,2,HASH_JOIN,43.799251
cold_hot,q10,2,MERGE_GROUP_BY,0.06667
cold_hot,q10,2,MERGE_GROUP_BY,0.022192
cold_hot,q10,2,MERGE_GROUP_BY,0.065865
cold_hot,q10,2,MERGE_SORT,15.27098
cold_hot,q10,2,MERGE_SORT,15.440603
cold_hot,q10,2,MERGE_SORT,15.407319
cold_hot,q10,2,ORDER_BY,8.816346
cold_hot,q10,2,ORDER_BY,9.068697
cold_hot,q10,2,ORDER_BY,9.138287
cold_hot,q10,2,PARTITION,0.21377899999999997
cold_hot,q10,2,PARTITION,0.516229
cold_hot,q10,2,PARTITION,0.374334
cold_hot,q10,2,PROJECTION,0.566277
cold_hot,q10,2,PROJECTION,0.639808
cold_hot,q10,2,PROJECTION,0.673719
cold_hot,q10,2,RESULT_COLLECTOR,244.745557
cold_hot,q10,2,RESULT_COLLECTOR,240.454231
cold_hot,q10,2,RESULT_COLLECTOR,222.033743
cold_hot,q10,2,SORT_PARTITION,4.219837
cold_hot,q10,2,SORT_PARTITION,4.713441
cold_hot,q10,2,SORT_PARTITION,4.481199
cold_hot,q10,2,SORT_SAMPLE,0.059616
cold_hot,q10,2,SORT_SAMPLE,0.072581
cold_hot,q10,2,SORT_SAMPLE,0.085811
cold_hot,q10,3,CONCAT,1.723738
cold_hot,q10,3,CONCAT,2.297258
cold_hot,q10,3,CONCAT,1.8126959999999999
cold_hot,q10,3,DYNAMIC_FILTER,15.048967000000001
cold_hot,q10,3,DYNAMIC_FILTER,9.349774999999998
cold_hot,q10,3,DYNAMIC_FILTER,9.051897
cold_hot,q10,3,GPU_SCAN,4981.648655000001
cold_hot,q10,3,GPU_SCAN,4260.997208
cold_hot,q10,3,GPU_SCAN,4268.076727
cold_hot,q10,3,HASH_GROUP_BY,28.787692
cold_hot,q10,3,HASH_GROUP_BY,28.741878
cold_hot,q10,3,HASH_GROUP_BY,28.795164
cold_hot,q10,3,HASH_JOIN,43.124539999999996
cold_hot,q10,3,HASH_JOIN,42.98289200000001
cold_hot,q10,3,HASH_JOIN,43.800639
cold_hot,q10,3,MERGE_GROUP_BY,0.067384
cold_hot,q10,3,MERGE_GROUP_BY,0.024525
cold_hot,q10,3,MERGE_GROUP_BY,0.070194
cold_hot,q10,3,MERGE_SORT,15.384982
cold_hot,q10,3,MERGE_SORT,16.834423
cold_hot,q10,3,MERGE_SORT,15.488696
cold_hot,q10,3,ORDER_BY,9.11862
cold_hot,q10,3,ORDER_BY,8.882613
cold_hot,q10,3,ORDER_BY,9.098709
cold_hot,q10,3,PARTITION,0.152004
cold_hot,q10,3,PARTITION,0.47013599999999994
cold_hot,q10,3,PARTITION,0.382448
cold_hot,q10,3,PROJECTION,0.667813
cold_hot,q10,3,PROJECTION,0.582109
cold_hot,q10,3,PROJECTION,0.649711
cold_hot,q10,3,RESULT_COLLECTOR,213.07607
cold_hot,q10,3,RESULT_COLLECTOR,244.950455
cold_hot,q10,3,RESULT_COLLECTOR,210.543301
cold_hot,q10,3,SORT_PARTITION,4.528598
cold_hot,q10,3,SORT_PARTITION,4.329319
cold_hot,q10,3,SORT_PARTITION,4.506751
cold_hot,q10,3,SORT_SAMPLE,0.070953
cold_hot,q10,3,SORT_SAMPLE,0.037405
cold_hot,q10,3,SORT_SAMPLE,0.075625
cold_hot,q10,4,CONCAT,2.3299630000000002
cold_hot,q10,4,CONCAT,2.1744220000000003
cold_hot,q10,4,CONCAT,2.3887029999999996
cold_hot,q10,4,DYNAMIC_FILTER,9.245432
cold_hot,q10,4,DYNAMIC_FILTER,10.179529
cold_hot,q10,4,DYNAMIC_FILTER,8.477747
cold_hot,q10,4,GPU_SCAN,4228.0051809999995
cold_hot,q10,4,GPU_SCAN,4570.057085000001
cold_hot,q10,4,GPU_SCAN,4314.804011
cold_hot,q10,4,HASH_GROUP_BY,28.457012
cold_hot,q10,4,HASH_GROUP_BY,28.705604
cold_hot,q10,4,HASH_GROUP_BY,28.566042
cold_hot,q10,4,HASH_JOIN,43.012984
cold_hot,q10,4,HASH_JOIN,43.113684
cold_hot,q10,4,HASH_JOIN,43.658603
cold_hot,q10,4,MERGE_GROUP_BY,0.094108
cold_hot,q10,4,MERGE_GROUP_BY,0.079538
cold_hot,q10,4,MERGE_GROUP_BY,0.038679
cold_hot,q10,4,MERGE_SORT,16.832853
cold_hot,q10,4,MERGE_SORT,15.659393
cold_hot,q10,4,MERGE_SORT,16.530355
cold_hot,q10,4,ORDER_BY,9.103034
cold_hot,q10,4,ORDER_BY,9.034508
cold_hot,q10,4,ORDER_BY,9.014834
cold_hot,q10,4,PARTITION,0.4556470000000001
cold_hot,q10,4,PARTITION,0.224073
cold_hot,q10,4,PARTITION,0.41454899999999995
cold_hot,q10,4,PROJECTION,0.6437470000000001
cold_hot,q10,4,PROJECTION,0.66202
cold_hot,q10,4,PROJECTION,0.6442619999999999
cold_hot,q10,4,RESULT_COLLECTOR,245.761459
cold_hot,q10,4,RESULT_COLLECTOR,249.603605
cold_hot,q10,4,RESULT_COLLECTOR,227.921443
cold_hot,q10,4,SORT_PARTITION,4.685625
cold_hot,q10,4,SORT_PARTITION,4.905776
cold_hot,q10,4,SORT_PARTITION,4.584198
cold_hot,q10,4,SORT_SAMPLE,0.091438
cold_hot,q10,4,SORT_SAMPLE,0.083433
cold_hot,q10,4,SORT_SAMPLE,0.081949
cold_hot,q10,5,CONCAT,1.9029940000000003
cold_hot,q10,5,CONCAT,2.127326
cold_hot,q10,5,CONCAT,1.7198100000000003
cold_hot,q10,5,DYNAMIC_FILTER,14.891098999999999
cold_hot,q10,5,DYNAMIC_FILTER,9.212984
cold_hot,q10,5,DYNAMIC_FILTER,11.528158
cold_hot,q10,5,GPU_SCAN,5038.91307
cold_hot,q10,5,GPU_SCAN,4325.255242
cold_hot,q10,5,GPU_SCAN,4959.0952099999995
cold_hot,q10,5,HASH_GROUP_BY,28.884117
cold_hot,q10,5,HASH_GROUP_BY,28.08266
cold_hot,q10,5,HASH_GROUP_BY,29.08666
cold_hot,q10,5,HASH_JOIN,42.830428999999995
cold_hot,q10,5,HASH_JOIN,43.162825
cold_hot,q10,5,HASH_JOIN,43.075098
cold_hot,q10,5,MERGE_GROUP_BY,0.091896
cold_hot,q10,5,MERGE_GROUP_BY,0.066833
cold_hot,q10,5,MERGE_GROUP_BY,0.019465
cold_hot,q10,5,MERGE_SORT,16.483395
cold_hot,q10,5,MERGE_SORT,15.322495
cold_hot,q10,5,MERGE_SORT,16.182483
cold_hot,q10,5,ORDER_BY,8.869138
cold_hot,q10,5,ORDER_BY,8.955021
cold_hot,q10,5,ORDER_BY,9.003099
cold_hot,q10,5,PARTITION,0.313606
cold_hot,q10,5,PARTITION,0.318256
cold_hot,q10,5,PARTITION,0.280517
cold_hot,q10,5,PROJECTION,0.589677
cold_hot,q10,5,PROJECTION,0.640373
cold_hot,q10,5,PROJECTION,0.6801
cold_hot,q10,5,RESULT_COLLECTOR,250.354587
cold_hot,q10,5,RESULT_COLLECTOR,253.114744
cold_hot,q10,5,RESULT_COLLECTOR,196.21391
cold_hot,q10,5,SORT_PARTITION,4.44567
cold_hot,q10,5,SORT_PARTITION,4.402324
cold_hot,q10,5,SORT_PARTITION,4.618703
cold_hot,q10,5,SORT_SAMPLE,0.032845
cold_hot,q10,5,SORT_SAMPLE,0.062437
cold_hot,q10,5,SORT_SAMPLE,0.071239
cold_hot,q11,1,CONCAT,0.30545199999999995
cold_hot,q11,1,CONCAT,0.36518300000000004
cold_hot,q11,1,CONCAT,0.287555
cold_hot,q11,1,CTE,0.026812
cold_hot,q11,1,CTE,0.010146
cold_hot,q11,1,CTE,0.011879
cold_hot,q11,1,DYNAMIC_FILTER,0.109488
cold_hot,q11,1,DYNAMIC_FILTER,0.120622
cold_hot,q11,1,DYNAMIC_FILTER,0.117281
cold_hot,q11,1,GPU_SCAN,1155.0513279999998
cold_hot,q11,1,GPU_SCAN,1156.221065
cold_hot,q11,1,GPU_SCAN,1193.75559
cold_hot,q11,1,HASH_GROUP_BY,2.7516410000000002
cold_hot,q11,1,HASH_GROUP_BY,2.827433
cold_hot,q11,1,HASH_GROUP_BY,2.2206970000000004
cold_hot,q11,1,HASH_JOIN,31.336561
cold_hot,q11,1,HASH_JOIN,51.582772
cold_hot,q11,1,HASH_JOIN,33.371924
cold_hot,q11,1,MERGE_AGGREGATE,0.326932
cold_hot,q11,1,MERGE_AGGREGATE,0.967724
cold_hot,q11,1,MERGE_AGGREGATE,0.330188
cold_hot,q11,1,MERGE_GROUP_BY,9.276905
cold_hot,q11,1,MERGE_GROUP_BY,2.600123
cold_hot,q11,1,MERGE_GROUP_BY,2.733943
cold_hot,q11,1,MERGE_SORT,0.024345
cold_hot,q11,1,MERGE_SORT,0.019696
cold_hot,q11,1,MERGE_SORT,0.008198
cold_hot,q11,1,NESTED_LOOP_JOIN,6.939077
cold_hot,q11,1,NESTED_LOOP_JOIN,0.430589
cold_hot,q11,1,NESTED_LOOP_JOIN,0.3443
cold_hot,q11,1,ORDER_BY,0.02042
cold_hot,q11,1,ORDER_BY,0.024104
cold_hot,q11,1,ORDER_BY,0.014429
cold_hot,q11,1,PARTITION,0.30161299999999996
cold_hot,q11,1,PARTITION,0.19730799999999998
cold_hot,q11,1,PARTITION,0.5468940000000001
cold_hot,q11,1,PROJECTION,8.409465
cold_hot,q11,1,PROJECTION,6.847022000000001
cold_hot,q11,1,PROJECTION,7.648872000000001
cold_hot,q11,1,RESULT_COLLECTOR,0.050724
cold_hot,q11,1,RESULT_COLLECTOR,0.010098
cold_hot,q11,1,RESULT_COLLECTOR,0.007165
cold_hot,q11,1,SORT_PARTITION,0.012497
cold_hot,q11,1,SORT_PARTITION,0.0073
cold_hot,q11,1,SORT_PARTITION,0.007763
cold_hot,q11,1,SORT_SAMPLE,0.030753
cold_hot,q11,1,SORT_SAMPLE,0.017914
cold_hot,q11,1,SORT_SAMPLE,0.013978
cold_hot,q11,1,UNGROUPED_AGGREGATE,14.079754999999999
cold_hot,q11,1,UNGROUPED_AGGREGATE,1.736099
cold_hot,q11,1,UNGROUPED_AGGREGATE,7.62285
cold_hot,q11,2,CONCAT,0.3320289999999999
cold_hot,q11,2,CONCAT,0.224041
cold_hot,q11,2,CONCAT,0.22071500000000005
cold_hot,q11,2,CTE,0.048561
cold_hot,q11,2,CTE,0.034523
cold_hot,q11,2,CTE,0.009625
cold_hot,q11,2,DYNAMIC_FILTER,0.10593
cold_hot,q11,2,DYNAMIC_FILTER,0.092574
cold_hot,q11,2,DYNAMIC_FILTER,0.092141
cold_hot,q11,2,GPU_SCAN,1142.08116
cold_hot,q11,2,GPU_SCAN,1125.087087
cold_hot,q11,2,GPU_SCAN,1167.061495
cold_hot,q11,2,HASH_GROUP_BY,11.031807
cold_hot,q11,2,HASH_GROUP_BY,10.289048
cold_hot,q11,2,HASH_GROUP_BY,10.922592
cold_hot,q11,2,HASH_JOIN,36.199054000000004
cold_hot,q11,2,HASH_JOIN,29.554142
cold_hot,q11,2,HASH_JOIN,35.544314
cold_hot,q11,2,MERGE_AGGREGATE,0.353641
cold_hot,q11,2,MERGE_AGGREGATE,5.582561
cold_hot,q11,2,MERGE_AGGREGATE,1.076652
cold_hot,q11,2,MERGE_GROUP_BY,2.975796
cold_hot,q11,2,MERGE_GROUP_BY,2.65624
cold_hot,q11,2,MERGE_GROUP_BY,2.988073
cold_hot,q11,2,MERGE_SORT,0.007003
cold_hot,q11,2,MERGE_SORT,0.016028
cold_hot,q11,2,MERGE_SORT,0.005666
cold_hot,q11,2,NESTED_LOOP_JOIN,0.314391
cold_hot,q11,2,NESTED_LOOP_JOIN,0.277813
cold_hot,q11,2,NESTED_LOOP_JOIN,0.251582
cold_hot,q11,2,ORDER_BY,0.015399
cold_hot,q11,2,ORDER_BY,0.017682
cold_hot,q11,2,ORDER_BY,0.011762
cold_hot,q11,2,PARTITION,0.21826900000000002
cold_hot,q11,2,PARTITION,0.20796499999999998
cold_hot,q11,2,PARTITION,0.19002699999999997
cold_hot,q11,2,PROJECTION,2.240108
cold_hot,q11,2,PROJECTION,5.365901999999999
cold_hot,q11,2,PROJECTION,2.418201
cold_hot,q11,2,RESULT_COLLECTOR,0.011646
cold_hot,q11,2,RESULT_COLLECTOR,0.005968
cold_hot,q11,2,RESULT_COLLECTOR,0.005382
cold_hot,q11,2,SORT_PARTITION,0.007696
cold_hot,q11,2,SORT_PARTITION,0.008952
cold_hot,q11,2,SORT_PARTITION,0.008032
cold_hot,q11,2,SORT_SAMPLE,0.013406
cold_hot,q11,2,SORT_SAMPLE,0.014239
cold_hot,q11,2,SORT_SAMPLE,0.011159
cold_hot,q11,2,UNGROUPED_AGGREGATE,7.218240999999999
cold_hot,q11,2,UNGROUPED_AGGREGATE,0.992413
cold_hot,q11,2,UNGROUPED_AGGREGATE,3.67094
cold_hot,q11,3,CONCAT,0.32435300000000006
cold_hot,q11,3,CONCAT,0.22638000000000003
cold_hot,q11,3,CONCAT,0.236274
cold_hot,q11,3,CTE,0.013892
cold_hot,q11,3,CTE,0.017767
cold_hot,q11,3,CTE,0.019018
cold_hot,q11,3,DYNAMIC_FILTER,0.101296
cold_hot,q11,3,DYNAMIC_FILTER,0.10009
cold_hot,q11,3,DYNAMIC_FILTER,0.129463
cold_hot,q11,3,GPU_SCAN,1146.455688
cold_hot,q11,3,GPU_SCAN,1166.250904
cold_hot,q11,3,GPU_SCAN,1180.072904
cold_hot,q11,3,HASH_GROUP_BY,10.487113999999998
cold_hot,q11,3,HASH_GROUP_BY,10.421947000000001
cold_hot,q11,3,HASH_GROUP_BY,2.133483
cold_hot,q11,3,HASH_JOIN,30.311708999999997
cold_hot,q11,3,HASH_JOIN,29.847819
cold_hot,q11,3,HASH_JOIN,37.901339
cold_hot,q11,3,MERGE_AGGREGATE,0.375933
cold_hot,q11,3,MERGE_AGGREGATE,5.368312
cold_hot,q11,3,MERGE_AGGREGATE,0.6392909999999999
cold_hot,q11,3,MERGE_GROUP_BY,2.725475
cold_hot,q11,3,MERGE_GROUP_BY,2.666257
cold_hot,q11,3,MERGE_GROUP_BY,2.710511
cold_hot,q11,3,MERGE_SORT,0.024265
cold_hot,q11,3,MERGE_SORT,0.018154
cold_hot,q11,3,MERGE_SORT,0.007269
cold_hot,q11,3,NESTED_LOOP_JOIN,0.462656
cold_hot,q11,3,NESTED_LOOP_JOIN,0.297791
cold_hot,q11,3,NESTED_LOOP_JOIN,0.2845
cold_hot,q11,3,ORDER_BY,0.044722
cold_hot,q11,3,ORDER_BY,0.015609
cold_hot,q11,3,ORDER_BY,0.013686
cold_hot,q11,3,PARTITION,0.25679599999999997
cold_hot,q11,3,PARTITION,0.242024
cold_hot,q11,3,PARTITION,0.19535200000000003
cold_hot,q11,3,PROJECTION,5.679011
cold_hot,q11,3,PROJECTION,5.842245
cold_hot,q11,3,PROJECTION,4.501148
cold_hot,q11,3,RESULT_COLLECTOR,0.052633
cold_hot,q11,3,RESULT_COLLECTOR,0.006792
cold_hot,q11,3,RESULT_COLLECTOR,0.012027
cold_hot,q11,3,SORT_PARTITION,0.008619
cold_hot,q11,3,SORT_PARTITION,0.010025
cold_hot,q11,3,SORT_PARTITION,0.008287
cold_hot,q11,3,SORT_SAMPLE,0.016625
cold_hot,q11,3,SORT_SAMPLE,0.019611
cold_hot,q11,3,SORT_SAMPLE,0.014442
cold_hot,q11,3,UNGROUPED_AGGREGATE,6.426205
cold_hot,q11,3,UNGROUPED_AGGREGATE,1.2602980000000001
cold_hot,q11,3,UNGROUPED_AGGREGATE,5.156846
cold_hot,q11,4,CONCAT,0.37327699999999997
cold_hot,q11,4,CONCAT,0.256517
cold_hot,q11,4,CONCAT,0.316371
cold_hot,q11,4,CTE,0.017134
cold_hot,q11,4,CTE,0.025194
cold_hot,q11,4,CTE,0.027701
cold_hot,q11,4,DYNAMIC_FILTER,0.125449
cold_hot,q11,4,DYNAMIC_FILTER,0.090217
cold_hot,q11,4,DYNAMIC_FILTER,0.108978
cold_hot,q11,4,GPU_SCAN,1160.464543
cold_hot,q11,4,GPU_SCAN,1150.497437
cold_hot,q11,4,GPU_SCAN,1180.052659
cold_hot,q11,4,HASH_GROUP_BY,11.204499
cold_hot,q11,4,HASH_GROUP_BY,10.398089
cold_hot,q11,4,HASH_GROUP_BY,4.9800819999999995
cold_hot,q11,4,HASH_JOIN,30.065342
cold_hot,q11,4,HASH_JOIN,33.012077
cold_hot,q11,4,HASH_JOIN,38.887321
cold_hot,q11,4,MERGE_AGGREGATE,6.006521
cold_hot,q11,4,MERGE_AGGREGATE,0.80279
cold_hot,q11,4,MERGE_AGGREGATE,3.892261
cold_hot,q11,4,MERGE_GROUP_BY,2.757172
cold_hot,q11,4,MERGE_GROUP_BY,2.840345
cold_hot,q11,4,MERGE_GROUP_BY,2.702988
cold_hot,q11,4,MERGE_SORT,0.030105
cold_hot,q11,4,MERGE_SORT,0.007768
cold_hot,q11,4,MERGE_SORT,0.007348
cold_hot,q11,4,NESTED_LOOP_JOIN,0.294263
cold_hot,q11,4,NESTED_LOOP_JOIN,0.292549
cold_hot,q11,4,NESTED_LOOP_JOIN,0.289492
cold_hot,q11,4,ORDER_BY,0.018058
cold_hot,q11,4,ORDER_BY,0.014924
cold_hot,q11,4,ORDER_BY,0.021723
cold_hot,q11,4,PARTITION,0.18618300000000004
cold_hot,q11,4,PARTITION,0.30524199999999996
cold_hot,q11,4,PARTITION,0.24506899999999998
cold_hot,q11,4,PROJECTION,7.857092
cold_hot,q11,4,PROJECTION,4.6657709999999994
cold_hot,q11,4,PROJECTION,1.7201680000000001
cold_hot,q11,4,RESULT_COLLECTOR,0.027138
cold_hot,q11,4,RESULT_COLLECTOR,0.00995
cold_hot,q11,4,RESULT_COLLECTOR,0.006982
cold_hot,q11,4,SORT_PARTITION,0.013898
cold_hot,q11,4,SORT_PARTITION,0.00739
cold_hot,q11,4,SORT_PARTITION,0.009483
cold_hot,q11,4,SORT_SAMPLE,0.029099
cold_hot,q11,4,SORT_SAMPLE,0.018198
cold_hot,q11,4,SORT_SAMPLE,0.016595
cold_hot,q11,4,UNGROUPED_AGGREGATE,1.111144
cold_hot,q11,4,UNGROUPED_AGGREGATE,5.399640000000001
cold_hot,q11,4,UNGROUPED_AGGREGATE,2.772582
cold_hot,q11,5,CONCAT,0.41131000000000006
cold_hot,q11,5,CONCAT,0.174432
cold_hot,q11,5,CONCAT,0.33582
cold_hot,q11,5,CTE,0.014043
cold_hot,q11,5,CTE,0.019621
cold_hot,q11,5,CTE,0.029369
cold_hot,q11,5,DYNAMIC_FILTER,0.100685
cold_hot,q11,5,DYNAMIC_FILTER,0.092543
cold_hot,q11,5,DYNAMIC_FILTER,0.10281
cold_hot,q11,5,GPU_SCAN,1152.411033
cold_hot,q11,5,GPU_SCAN,1179.669108
cold_hot,q11,5,GPU_SCAN,1130.903312
cold_hot,q11,5,HASH_GROUP_BY,2.370079
cold_hot,q11,5,HASH_GROUP_BY,2.278323
cold_hot,q11,5,HASH_GROUP_BY,5.0895410000000005
cold_hot,q11,5,HASH_JOIN,50.930125999999994
cold_hot,q11,5,HASH_JOIN,40.223953
cold_hot,q11,5,HASH_JOIN,39.630312
cold_hot,q11,5,MERGE_AGGREGATE,2.678943
cold_hot,q11,5,MERGE_AGGREGATE,2.399055
cold_hot,q11,5,MERGE_AGGREGATE,5.503882
cold_hot,q11,5,MERGE_GROUP_BY,2.935289
cold_hot,q11,5,MERGE_GROUP_BY,2.658398
cold_hot,q11,5,MERGE_GROUP_BY,2.675223
cold_hot,q11,5,MERGE_SORT,0.010459
cold_hot,q11,5,MERGE_SORT,0.008292
cold_hot,q11,5,MERGE_SORT,0.007198
cold_hot,q11,5,NESTED_LOOP_JOIN,0.313751
cold_hot,q11,5,NESTED_LOOP_JOIN,0.345278
cold_hot,q11,5,NESTED_LOOP_JOIN,0.369585
cold_hot,q11,5,ORDER_BY,0.015564
cold_hot,q11,5,ORDER_BY,0.02147
cold_hot,q11,5,ORDER_BY,0.019975
cold_hot,q11,5,PARTITION,0.22200300000000003
cold_hot,q11,5,PARTITION,0.149068
cold_hot,q11,5,PARTITION,0.134402
cold_hot,q11,5,PROJECTION,8.198045
cold_hot,q11,5,PROJECTION,2.246447
cold_hot,q11,5,PROJECTION,1.508473
cold_hot,q11,5,RESULT_COLLECTOR,0.006807
cold_hot,q11,5,RESULT_COLLECTOR,0.008
cold_hot,q11,5,RESULT_COLLECTOR,0.005839
cold_hot,q11,5,SORT_PARTITION,0.023614
cold_hot,q11,5,SORT_PARTITION,0.009101
cold_hot,q11,5,SORT_PARTITION,0.00578
cold_hot,q11,5,SORT_SAMPLE,0.047405
cold_hot,q11,5,SORT_SAMPLE,0.015544
cold_hot,q11,5,SORT_SAMPLE,0.016959
cold_hot,q11,5,UNGROUPED_AGGREGATE,1.729906
cold_hot,q11,5,UNGROUPED_AGGREGATE,1.024427
cold_hot,q11,5,UNGROUPED_AGGREGATE,1.125842
cold_hot,q12,1,CONCAT,1.202861
cold_hot,q12,1,CONCAT,1.684377
cold_hot,q12,1,CONCAT,1.751377
cold_hot,q12,1,DYNAMIC_FILTER,7.383616
cold_hot,q12,1,DYNAMIC_FILTER,8.533415
cold_hot,q12,1,DYNAMIC_FILTER,7.393694
cold_hot,q12,1,FILTER,57.549522999999986
cold_hot,q12,1,FILTER,63.44111600000001
cold_hot,q12,1,FILTER,45.60353
cold_hot,q12,1,GPU_SCAN,4103.556996999999
cold_hot,q12,1,GPU_SCAN,4196.154764999999
cold_hot,q12,1,GPU_SCAN,3948.7211400000006
cold_hot,q12,1,HASH_GROUP_BY,1.049318
cold_hot,q12,1,HASH_GROUP_BY,1.159464
cold_hot,q12,1,HASH_GROUP_BY,1.117024
cold_hot,q12,1,HASH_JOIN,1.97477
cold_hot,q12,1,HASH_JOIN,2.045183
cold_hot,q12,1,HASH_JOIN,2.070111
cold_hot,q12,1,MERGE_GROUP_BY,0.030329
cold_hot,q12,1,MERGE_GROUP_BY,0.044726
cold_hot,q12,1,MERGE_GROUP_BY,0.02624
cold_hot,q12,1,MERGE_SORT,0.187173
cold_hot,q12,1,MERGE_SORT,0.236614
cold_hot,q12,1,MERGE_SORT,0.701086
cold_hot,q12,1,ORDER_BY,0.154
cold_hot,q12,1,ORDER_BY,0.185673
cold_hot,q12,1,ORDER_BY,0.151855
cold_hot,q12,1,PARTITION,0.35268499999999997
cold_hot,q12,1,PARTITION,0.8242499999999998
cold_hot,q12,1,PARTITION,0.603648
cold_hot,q12,1,PROJECTION,0.530041
cold_hot,q12,1,PROJECTION,0.530444
cold_hot,q12,1,PROJECTION,0.508817
cold_hot,q12,1,RESULT_COLLECTOR,0.241822
cold_hot,q12,1,RESULT_COLLECTOR,0.24254
cold_hot,q12,1,RESULT_COLLECTOR,0.279371
cold_hot,q12,1,SORT_PARTITION,0.151876
cold_hot,q12,1,SORT_PARTITION,0.195529
cold_hot,q12,1,SORT_PARTITION,0.171207
cold_hot,q12,1,SORT_SAMPLE,0.067094
cold_hot,q12,1,SORT_SAMPLE,0.085909
cold_hot,q12,1,SORT_SAMPLE,0.083321
cold_hot,q12,2,CONCAT,1.490714
cold_hot,q12,2,CONCAT,2.476121
cold_hot,q12,2,CONCAT,1.512008
cold_hot,q12,2,DYNAMIC_FILTER,7.211084
cold_hot,q12,2,DYNAMIC_FILTER,4.159974
cold_hot,q12,2,DYNAMIC_FILTER,8.063314
cold_hot,q12,2,FILTER,68.753681
cold_hot,q12,2,FILTER,50.813849
cold_hot,q12,2,FILTER,30.990332
cold_hot,q12,2,GPU_SCAN,4121.5559490000005
cold_hot,q12,2,GPU_SCAN,3907.4579860000003
cold_hot,q12,2,GPU_SCAN,3753.460382999999
cold_hot,q12,2,HASH_GROUP_BY,1.100349
cold_hot,q12,2,HASH_GROUP_BY,1.261271
cold_hot,q12,2,HASH_GROUP_BY,1.082059
cold_hot,q12,2,HASH_JOIN,1.961139
cold_hot,q12,2,HASH_JOIN,2.428086
cold_hot,q12,2,HASH_JOIN,2.479116
cold_hot,q12,2,MERGE_GROUP_BY,0.024821
cold_hot,q12,2,MERGE_GROUP_BY,0.010761
cold_hot,q12,2,MERGE_GROUP_BY,0.031367
cold_hot,q12,2,MERGE_SORT,0.241686
cold_hot,q12,2,MERGE_SORT,0.226576
cold_hot,q12,2,MERGE_SORT,0.22066
cold_hot,q12,2,ORDER_BY,0.21725
cold_hot,q12,2,ORDER_BY,0.255146
cold_hot,q12,2,ORDER_BY,0.175012
cold_hot,q12,2,PARTITION,0.5753090000000001
cold_hot,q12,2,PARTITION,0.6723670000000002
cold_hot,q12,2,PARTITION,0.537568
cold_hot,q12,2,PROJECTION,0.497786
cold_hot,q12,2,PROJECTION,0.543759
cold_hot,q12,2,PROJECTION,0.509506
cold_hot,q12,2,RESULT_COLLECTOR,0.274989
cold_hot,q12,2,RESULT_COLLECTOR,0.180621
cold_hot,q12,2,RESULT_COLLECTOR,0.202888
cold_hot,q12,2,SORT_PARTITION,0.173945
cold_hot,q12,2,SORT_PARTITION,0.172008
cold_hot,q12,2,SORT_PARTITION,0.169506
cold_hot,q12,2,SORT_SAMPLE,0.077848
cold_hot,q12,2,SORT_SAMPLE,0.123839
cold_hot,q12,2,SORT_SAMPLE,0.083906
cold_hot,q12,3,CONCAT,1.792863
cold_hot,q12,3,CONCAT,1.323153
cold_hot,q12,3,CONCAT,1.379412
cold_hot,q12,3,DYNAMIC_FILTER,6.504832
cold_hot,q12,3,DYNAMIC_FILTER,8.894627
cold_hot,q12,3,DYNAMIC_FILTER,7.3315909999999995
cold_hot,q12,3,FILTER,55.69402899999999
cold_hot,q12,3,FILTER,38.701093
cold_hot,q12,3,FILTER,59.45418899999999
cold_hot,q12,3,GPU_SCAN,4020.3714360000004
cold_hot,q12,3,GPU_SCAN,3960.7641609999996
cold_hot,q12,3,GPU_SCAN,4114.643564
cold_hot,q12,3,HASH_GROUP_BY,1.15061
cold_hot,q12,3,HASH_GROUP_BY,1.6691
cold_hot,q12,3,HASH_GROUP_BY,1.329184
cold_hot,q12,3,HASH_JOIN,2.012835
cold_hot,q12,3,HASH_JOIN,2.006536
cold_hot,q12,3,HASH_JOIN,2.438167
cold_hot,q12,3,MERGE_GROUP_BY,0.027683
cold_hot,q12,3,MERGE_GROUP_BY,0.010427
cold_hot,q12,3,MERGE_GROUP_BY,0.011744
cold_hot,q12,3,MERGE_SORT,0.332639
cold_hot,q12,3,MERGE_SORT,0.68346
cold_hot,q12,3,MERGE_SORT,0.311153
cold_hot,q12,3,ORDER_BY,0.180984
cold_hot,q12,3,ORDER_BY,0.157035
cold_hot,q12,3,ORDER_BY,0.613431
cold_hot,q12,3,PARTITION,0.472088
cold_hot,q12,3,PARTITION,0.558789
cold_hot,q12,3,PARTITION,0.4670620000000001
cold_hot,q12,3,PROJECTION,0.523665
cold_hot,q12,3,PROJECTION,0.474128
cold_hot,q12,3,PROJECTION,0.675725
cold_hot,q12,3,RESULT_COLLECTOR,0.185961
cold_hot,q12,3,RESULT_COLLECTOR,0.132407
cold_hot,q12,3,RESULT_COLLECTOR,0.224226
cold_hot,q12,3,SORT_PARTITION,0.193988
cold_hot,q12,3,SORT_PARTITION,0.531715
cold_hot,q12,3,SORT_PARTITION,0.198346
cold_hot,q12,3,SORT_SAMPLE,0.085097
cold_hot,q12,3,SORT_SAMPLE,0.265703
cold_hot,q12,3,SORT_SAMPLE,0.108593
cold_hot,q12,4,CONCAT,1.779509
cold_hot,q12,4,CONCAT,1.2448519999999998
cold_hot,q12,4,CONCAT,1.4908510000000001
cold_hot,q12,4,DYNAMIC_FILTER,7.92304
cold_hot,q12,4,DYNAMIC_FILTER,6.557639
cold_hot,q12,4,DYNAMIC_FILTER,7.302868
cold_hot,q12,4,FILTER,46.82642100000001
cold_hot,q12,4,FILTER,45.374551000000004
cold_hot,q12,4,FILTER,53.18972800000001
cold_hot,q12,4,GPU_SCAN,3898.4106239999996
cold_hot,q12,4,GPU_SCAN,3965.1380579999995
cold_hot,q12,4,GPU_SCAN,4014.1922939999986
cold_hot,q12,4,HASH_GROUP_BY,1.119232
cold_hot,q12,4,HASH_GROUP_BY,1.110509
cold_hot,q12,4,HASH_GROUP_BY,1.220219
cold_hot,q12,4,HASH_JOIN,2.559009
cold_hot,q12,4,HASH_JOIN,2.023172
cold_hot,q12,4,HASH_JOIN,2.129253
cold_hot,q12,4,MERGE_GROUP_BY,0.018903
cold_hot,q12,4,MERGE_GROUP_BY,0.018898
cold_hot,q12,4,MERGE_GROUP_BY,0.01322
cold_hot,q12,4,MERGE_SORT,0.245428
cold_hot,q12,4,MERGE_SORT,0.200026
cold_hot,q12,4,MERGE_SORT,0.763255
cold_hot,q12,4,ORDER_BY,0.21924
cold_hot,q12,4,ORDER_BY,0.194263
cold_hot,q12,4,ORDER_BY,0.209932
cold_hot,q12,4,PARTITION,0.48747500000000005
cold_hot,q12,4,PARTITION,0.34211400000000003
cold_hot,q12,4,PARTITION,0.384873
cold_hot,q12,4,PROJECTION,0.722929
cold_hot,q12,4,PROJECTION,0.503962
cold_hot,q12,4,PROJECTION,0.573579
cold_hot,q12,4,RESULT_COLLECTOR,0.145016
cold_hot,q12,4,RESULT_COLLECTOR,0.103558
cold_hot,q12,4,RESULT_COLLECTOR,0.202139
cold_hot,q12,4,SORT_PARTITION,0.198559
cold_hot,q12,4,SORT_PARTITION,0.166032
cold_hot,q12,4,SORT_PARTITION,0.223825
cold_hot,q12,4,SORT_SAMPLE,0.168303
cold_hot,q12,4,SORT_SAMPLE,0.081705
cold_hot,q12,4,SORT_SAMPLE,0.105059
cold_hot,q12,5,CONCAT,1.258204
cold_hot,q12,5,CONCAT,1.267296
cold_hot,q12,5,CONCAT,1.291521
cold_hot,q12,5,DYNAMIC_FILTER,6.782419
cold_hot,q12,5,DYNAMIC_FILTER,8.014195999999998
cold_hot,q12,5,DYNAMIC_FILTER,7.234999999999999
cold_hot,q12,5,FILTER,64.01728
cold_hot,q12,5,FILTER,37.942482
cold_hot,q12,5,FILTER,41.054268
cold_hot,q12,5,GPU_SCAN,4114.248204
cold_hot,q12,5,GPU_SCAN,3871.6135089999993
cold_hot,q12,5,GPU_SCAN,3996.625228
cold_hot,q12,5,HASH_GROUP_BY,1.143591
cold_hot,q12,5,HASH_GROUP_BY,1.090299
cold_hot,q12,5,HASH_GROUP_BY,1.111377
cold_hot,q12,5,HASH_JOIN,1.992391
cold_hot,q12,5,HASH_JOIN,2.577297
cold_hot,q12,5,HASH_JOIN,2.025904
cold_hot,q12,5,MERGE_GROUP_BY,0.02585
cold_hot,q12,5,MERGE_GROUP_BY,0.009271
cold_hot,q12,5,MERGE_GROUP_BY,0.008229
cold_hot,q12,5,MERGE_SORT,0.309318
cold_hot,q12,5,MERGE_SORT,0.206906
cold_hot,q12,5,MERGE_SORT,0.182065
cold_hot,q12,5,ORDER_BY,0.226585
cold_hot,q12,5,ORDER_BY,0.204023
cold_hot,q12,5,ORDER_BY,0.15995
cold_hot,q12,5,PARTITION,0.556522
cold_hot,q12,5,PARTITION,0.26347399999999993
cold_hot,q12,5,PARTITION,0.2520589999999999
cold_hot,q12,5,PROJECTION,0.507898
cold_hot,q12,5,PROJECTION,0.840228
cold_hot,q12,5,PROJECTION,0.490079
cold_hot,q12,5,RESULT_COLLECTOR,0.339515
cold_hot,q12,5,RESULT_COLLECTOR,0.152737
cold_hot,q12,5,RESULT_COLLECTOR,0.108954
cold_hot,q12,5,SORT_PARTITION,0.166283
cold_hot,q12,5,SORT_PARTITION,0.155506
cold_hot,q12,5,SORT_PARTITION,0.157058
cold_hot,q12,5,SORT_SAMPLE,0.072195
cold_hot,q12,5,SORT_SAMPLE,0.070906
cold_hot,q12,5,SORT_SAMPLE,0.07128
cold_hot,q13,1,CONCAT,20.813266000000002
cold_hot,q13,1,CONCAT,20.775599
cold_hot,q13,1,CONCAT,20.796702
cold_hot,q13,1,GPU_SCAN,2058.440813
cold_hot,q13,1,GPU_SCAN,1998.192229
cold_hot,q13,1,GPU_SCAN,2023.5208010000001
cold_hot,q13,1,HASH_GROUP_BY,18.701149
cold_hot,q13,1,HASH_GROUP_BY,18.886055
cold_hot,q13,1,HASH_GROUP_BY,18.887516
cold_hot,q13,1,HASH_JOIN,120.80298
cold_hot,q13,1,HASH_JOIN,121.0966
cold_hot,q13,1,HASH_JOIN,120.8147
cold_hot,q13,1,MERGE_GROUP_BY,0.089993
cold_hot,q13,1,MERGE_GROUP_BY,0.111847
cold_hot,q13,1,MERGE_GROUP_BY,0.055942
cold_hot,q13,1,MERGE_SORT,0.006896
cold_hot,q13,1,MERGE_SORT,0.006678
cold_hot,q13,1,MERGE_SORT,0.006102
cold_hot,q13,1,ORDER_BY,0.301053
cold_hot,q13,1,ORDER_BY,0.46112
cold_hot,q13,1,ORDER_BY,0.298235
cold_hot,q13,1,PARTITION,0.19742200000000001
cold_hot,q13,1,PARTITION,0.136343
cold_hot,q13,1,PARTITION,0.388938
cold_hot,q13,1,PROJECTION,0.030738
cold_hot,q13,1,PROJECTION,0.052157999999999996
cold_hot,q13,1,PROJECTION,0.071285
cold_hot,q13,1,RESULT_COLLECTOR,0.149306
cold_hot,q13,1,RESULT_COLLECTOR,0.22136
cold_hot,q13,1,RESULT_COLLECTOR,0.077067
cold_hot,q13,1,SORT_PARTITION,0.00688
cold_hot,q13,1,SORT_PARTITION,0.005779
cold_hot,q13,1,SORT_PARTITION,0.014948
cold_hot,q13,1,SORT_SAMPLE,0.006162
cold_hot,q13,1,SORT_SAMPLE,0.008341
cold_hot,q13,1,SORT_SAMPLE,0.02275
cold_hot,q13,2,CONCAT,20.827476
cold_hot,q13,2,CONCAT,20.709956000000002
cold_hot,q13,2,CONCAT,20.86666
cold_hot,q13,2,GPU_SCAN,1992.836249
cold_hot,q13,2,GPU_SCAN,1993.197357
cold_hot,q13,2,GPU_SCAN,1992.3731940000002
cold_hot,q13,2,HASH_GROUP_BY,18.634629
cold_hot,q13,2,HASH_GROUP_BY,18.438339
cold_hot,q13,2,HASH_GROUP_BY,18.314278
cold_hot,q13,2,HASH_JOIN,120.741469
cold_hot,q13,2,HASH_JOIN,120.701573
cold_hot,q13,2,HASH_JOIN,120.621547
cold_hot,q13,2,MERGE_GROUP_BY,0.035625000000000004
cold_hot,q13,2,MERGE_GROUP_BY,0.028742
cold_hot,q13,2,MERGE_GROUP_BY,0.070894
cold_hot,q13,2,MERGE_SORT,0.005678
cold_hot,q13,2,MERGE_SORT,0.005425
cold_hot,q13,2,MERGE_SORT,0.005893
cold_hot,q13,2,ORDER_BY,0.186505
cold_hot,q13,2,ORDER_BY,0.284021
cold_hot,q13,2,ORDER_BY,0.399771
cold_hot,q13,2,PARTITION,0.16246900000000003
cold_hot,q13,2,PARTITION,0.06835
cold_hot,q13,2,PARTITION,0.172284
cold_hot,q13,2,PROJECTION,0.0283
cold_hot,q13,2,PROJECTION,0.028373000000000002
cold_hot,q13,2,PROJECTION,0.028407
cold_hot,q13,2,RESULT_COLLECTOR,0.213712
cold_hot,q13,2,RESULT_COLLECTOR,0.102465
cold_hot,q13,2,RESULT_COLLECTOR,0.170557
cold_hot,q13,2,SORT_PARTITION,0.005022
cold_hot,q13,2,SORT_PARTITION,0.006272
cold_hot,q13,2,SORT_PARTITION,0.004974
cold_hot,q13,2,SORT_SAMPLE,0.005959
cold_hot,q13,2,SORT_SAMPLE,0.005476
cold_hot,q13,2,SORT_SAMPLE,0.00818
cold_hot,q13,3,CONCAT,20.765552
cold_hot,q13,3,CONCAT,20.678428
cold_hot,q13,3,CONCAT,20.972063
cold_hot,q13,3,GPU_SCAN,2062.479107
cold_hot,q13,3,GPU_SCAN,1990.602186
cold_hot,q13,3,GPU_SCAN,2060.517551
cold_hot,q13,3,HASH_GROUP_BY,18.962447
cold_hot,q13,3,HASH_GROUP_BY,19.241059
cold_hot,q13,3,HASH_GROUP_BY,18.591444
cold_hot,q13,3,HASH_JOIN,120.889024
cold_hot,q13,3,HASH_JOIN,121.11176
cold_hot,q13,3,HASH_JOIN,120.624654
cold_hot,q13,3,MERGE_GROUP_BY,0.078683
cold_hot,q13,3,MERGE_GROUP_BY,0.072245
cold_hot,q13,3,MERGE_GROUP_BY,0.10738700000000001
cold_hot,q13,3,MERGE_SORT,0.00614
cold_hot,q13,3,MERGE_SORT,0.009695
cold_hot,q13,3,MERGE_SORT,0.010918
cold_hot,q13,3,ORDER_BY,0.389125
cold_hot,q13,3,ORDER_BY,0.252396
cold_hot,q13,3,ORDER_BY,0.432823
cold_hot,q13,3,PARTITION,0.141895
cold_hot,q13,3,PARTITION,0.18254199999999998
cold_hot,q13,3,PARTITION,0.11022399999999999
cold_hot,q13,3,PROJECTION,0.06642100000000001
cold_hot,q13,3,PROJECTION,0.09626200000000001
cold_hot,q13,3,PROJECTION,0.036193
cold_hot,q13,3,RESULT_COLLECTOR,0.07895
cold_hot,q13,3,RESULT_COLLECTOR,0.154457
cold_hot,q13,3,RESULT_COLLECTOR,0.175849
cold_hot,q13,3,SORT_PARTITION,0.010666
cold_hot,q13,3,SORT_PARTITION,0.013748
cold_hot,q13,3,SORT_PARTITION,0.010403
cold_hot,q13,3,SORT_SAMPLE,0.010485
cold_hot,q13,3,SORT_SAMPLE,0.013186
cold_hot,q13,3,SORT_SAMPLE,0.019372
cold_hot,q13,4,CONCAT,22.857349
cold_hot,q13,4,CONCAT,20.801351999999998
cold_hot,q13,4,CONCAT,20.662436
cold_hot,q13,4,GPU_SCAN,2078.185581
cold_hot,q13,4,GPU_SCAN,2061.901059
cold_hot,q13,4,GPU_SCAN,2008.7367219999999
cold_hot,q13,4,HASH_GROUP_BY,18.490856
cold_hot,q13,4,HASH_GROUP_BY,18.570679000000002
cold_hot,q13,4,HASH_GROUP_BY,18.45133
cold_hot,q13,4,HASH_JOIN,120.739647
cold_hot,q13,4,HASH_JOIN,121.092275
cold_hot,q13,4,HASH_JOIN,120.574311
cold_hot,q13,4,MERGE_GROUP_BY,0.022783
cold_hot,q13,4,MERGE_GROUP_BY,0.039525000000000005
cold_hot,q13,4,MERGE_GROUP_BY,0.036742
cold_hot,q13,4,MERGE_SORT,0.007054
cold_hot,q13,4,MERGE_SORT,0.005759
cold_hot,q13,4,MERGE_SORT,0.005087
cold_hot,q13,4,ORDER_BY,0.234369
cold_hot,q13,4,ORDER_BY,0.184198
cold_hot,q13,4,ORDER_BY,0.405482
cold_hot,q13,4,PARTITION,0.145099
cold_hot,q13,4,PARTITION,0.125648
cold_hot,q13,4,PARTITION,0.074647
cold_hot,q13,4,PROJECTION,0.035677
cold_hot,q13,4,PROJECTION,0.023787
cold_hot,q13,4,PROJECTION,0.029318
cold_hot,q13,4,RESULT_COLLECTOR,0.086605
cold_hot,q13,4,RESULT_COLLECTOR,0.180477
cold_hot,q13,4,RESULT_COLLECTOR,0.156661
cold_hot,q13,4,SORT_PARTITION,0.005568
cold_hot,q13,4,SORT_PARTITION,0.004751
cold_hot,q13,4,SORT_PARTITION,0.004648
cold_hot,q13,4,SORT_SAMPLE,0.007222
cold_hot,q13,4,SORT_SAMPLE,0.005297
cold_hot,q13,4,SORT_SAMPLE,0.007479
cold_hot,q13,5,CONCAT,20.63907
cold_hot,q13,5,CONCAT,20.765599
cold_hot,q13,5,CONCAT,20.732485999999998
cold_hot,q13,5,GPU_SCAN,2065.903758
cold_hot,q13,5,GPU_SCAN,2079.588629
cold_hot,q13,5,GPU_SCAN,2081.227221
cold_hot,q13,5,HASH_GROUP_BY,18.619676
cold_hot,q13,5,HASH_GROUP_BY,18.596031999999997
cold_hot,q13,5,HASH_GROUP_BY,18.602638
cold_hot,q13,5,HASH_JOIN,120.765188
cold_hot,q13,5,HASH_JOIN,120.649034
cold_hot,q13,5,HASH_JOIN,120.95893
cold_hot,q13,5,MERGE_GROUP_BY,0.064429
cold_hot,q13,5,MERGE_GROUP_BY,0.060877
cold_hot,q13,5,MERGE_GROUP_BY,0.068197
cold_hot,q13,5,MERGE_SORT,0.00651
cold_hot,q13,5,MERGE_SORT,0.005576
cold_hot,q13,5,MERGE_SORT,0.005673
cold_hot,q13,5,ORDER_BY,0.40003
cold_hot,q13,5,ORDER_BY,0.414412
cold_hot,q13,5,ORDER_BY,0.404342
cold_hot,q13,5,PARTITION,0.094572
cold_hot,q13,5,PARTITION,0.091524
cold_hot,q13,5,PARTITION,0.201764
cold_hot,q13,5,PROJECTION,0.028776999999999997
cold_hot,q13,5,PROJECTION,0.028647
cold_hot,q13,5,PROJECTION,0.032293
cold_hot,q13,5,RESULT_COLLECTOR,0.17779
cold_hot,q13,5,RESULT_COLLECTOR,0.173363
cold_hot,q13,5,RESULT_COLLECTOR,0.178042
cold_hot,q13,5,SORT_PARTITION,0.005675
cold_hot,q13,5,SORT_PARTITION,0.004794
cold_hot,q13,5,SORT_PARTITION,0.004361
cold_hot,q13,5,SORT_SAMPLE,0.007082
cold_hot,q13,5,SORT_SAMPLE,0.007133
cold_hot,q13,5,SORT_SAMPLE,0.007187
cold_hot,q14,1,CONCAT,0.432108
cold_hot,q14,1,CONCAT,0.570999
cold_hot,q14,1,CONCAT,0.376809
cold_hot,q14,1,GPU_SCAN,5204.638732
cold_hot,q14,1,GPU_SCAN,5164.036730000001
cold_hot,q14,1,GPU_SCAN,5145.025945
cold_hot,q14,1,HASH_JOIN,11.215709
cold_hot,q14,1,HASH_JOIN,11.342855
cold_hot,q14,1,HASH_JOIN,10.653485
cold_hot,q14,1,MERGE_AGGREGATE,0.09795
cold_hot,q14,1,MERGE_AGGREGATE,0.022773
cold_hot,q14,1,MERGE_AGGREGATE,0.01898
cold_hot,q14,1,PARTITION,0.178077
cold_hot,q14,1,PARTITION,0.15166100000000002
cold_hot,q14,1,PARTITION,0.12569400000000003
cold_hot,q14,1,PROJECTION,6.980329
cold_hot,q14,1,PROJECTION,1.595991
cold_hot,q14,1,PROJECTION,1.139498
cold_hot,q14,1,RESULT_COLLECTOR,0.226442
cold_hot,q14,1,RESULT_COLLECTOR,0.199857
cold_hot,q14,1,RESULT_COLLECTOR,0.082725
cold_hot,q14,1,UNGROUPED_AGGREGATE,0.755694
cold_hot,q14,1,UNGROUPED_AGGREGATE,0.740188
cold_hot,q14,1,UNGROUPED_AGGREGATE,0.682885
cold_hot,q14,2,CONCAT,0.389893
cold_hot,q14,2,CONCAT,0.43584199999999995
cold_hot,q14,2,CONCAT,0.372039
cold_hot,q14,2,GPU_SCAN,5278.681716
cold_hot,q14,2,GPU_SCAN,5141.712794
cold_hot,q14,2,GPU_SCAN,5146.468502999999
cold_hot,q14,2,HASH_JOIN,11.0686
cold_hot,q14,2,HASH_JOIN,11.035927
cold_hot,q14,2,HASH_JOIN,10.634883
cold_hot,q14,2,MERGE_AGGREGATE,0.022022
cold_hot,q14,2,MERGE_AGGREGATE,0.030071
cold_hot,q14,2,MERGE_AGGREGATE,0.007214
cold_hot,q14,2,PARTITION,0.11108599999999999
cold_hot,q14,2,PARTITION,0.164408
cold_hot,q14,2,PARTITION,0.126885
cold_hot,q14,2,PROJECTION,1.569553
cold_hot,q14,2,PROJECTION,1.367089
cold_hot,q14,2,PROJECTION,1.530858
cold_hot,q14,2,RESULT_COLLECTOR,0.18543
cold_hot,q14,2,RESULT_COLLECTOR,0.15224
cold_hot,q14,2,RESULT_COLLECTOR,0.166696
cold_hot,q14,2,UNGROUPED_AGGREGATE,0.744874
cold_hot,q14,2,UNGROUPED_AGGREGATE,0.722861
cold_hot,q14,2,UNGROUPED_AGGREGATE,0.746148
cold_hot,q14,3,CONCAT,0.445558
cold_hot,q14,3,CONCAT,0.453
cold_hot,q14,3,CONCAT,0.459584
cold_hot,q14,3,GPU_SCAN,5143.9133679999995
cold_hot,q14,3,GPU_SCAN,5136.503289000001
cold_hot,q14,3,GPU_SCAN,5137.204180000001
cold_hot,q14,3,HASH_JOIN,11.114963
cold_hot,q14,3,HASH_JOIN,11.023118
cold_hot,q14,3,HASH_JOIN,10.780053
cold_hot,q14,3,MERGE_AGGREGATE,0.050712
cold_hot,q14,3,MERGE_AGGREGATE,0.068467
cold_hot,q14,3,MERGE_AGGREGATE,0.067921
cold_hot,q14,3,PARTITION,0.15575500000000003
cold_hot,q14,3,PARTITION,0.10883999999999999
cold_hot,q14,3,PARTITION,0.154299
cold_hot,q14,3,PROJECTION,1.5852330000000001
cold_hot,q14,3,PROJECTION,1.4985739999999999
cold_hot,q14,3,PROJECTION,1.570884
cold_hot,q14,3,RESULT_COLLECTOR,0.227654
cold_hot,q14,3,RESULT_COLLECTOR,0.168743
cold_hot,q14,3,RESULT_COLLECTOR,0.202583
cold_hot,q14,3,UNGROUPED_AGGREGATE,0.747526
cold_hot,q14,3,UNGROUPED_AGGREGATE,0.760305
cold_hot,q14,3,UNGROUPED_AGGREGATE,0.731459
cold_hot,q14,4,CONCAT,0.546393
cold_hot,q14,4,CONCAT,0.42133
cold_hot,q14,4,CONCAT,0.402862
cold_hot,q14,4,GPU_SCAN,5326.466979999999
cold_hot,q14,4,GPU_SCAN,5340.037998999999
cold_hot,q14,4,GPU_SCAN,5233.093148
cold_hot,q14,4,HASH_JOIN,11.383186
cold_hot,q14,4,HASH_JOIN,10.911527
cold_hot,q14,4,HASH_JOIN,10.833406
cold_hot,q14,4,MERGE_AGGREGATE,0.0169
cold_hot,q14,4,MERGE_AGGREGATE,0.015612
cold_hot,q14,4,MERGE_AGGREGATE,0.067233
cold_hot,q14,4,PARTITION,0.18916
cold_hot,q14,4,PARTITION,0.13832099999999997
cold_hot,q14,4,PARTITION,0.16384800000000002
cold_hot,q14,4,PROJECTION,1.599855
cold_hot,q14,4,PROJECTION,1.1953799999999999
cold_hot,q14,4,PROJECTION,1.5653869999999999
cold_hot,q14,4,RESULT_COLLECTOR,0.198517
cold_hot,q14,4,RESULT_COLLECTOR,0.095312
cold_hot,q14,4,RESULT_COLLECTOR,0.199375
cold_hot,q14,4,UNGROUPED_AGGREGATE,0.763343
cold_hot,q14,4,UNGROUPED_AGGREGATE,0.693975
cold_hot,q14,4,UNGROUPED_AGGREGATE,0.729533
cold_hot,q14,5,CONCAT,0.45263299999999995
cold_hot,q14,5,CONCAT,0.369322
cold_hot,q14,5,CONCAT,0.399328
cold_hot,q14,5,GPU_SCAN,5183.799945
cold_hot,q14,5,GPU_SCAN,5383.6643859999995
cold_hot,q14,5,GPU_SCAN,5381.466918000001
cold_hot,q14,5,HASH_JOIN,11.193874
cold_hot,q14,5,HASH_JOIN,10.859897
cold_hot,q14,5,HASH_JOIN,10.699047
cold_hot,q14,5,MERGE_AGGREGATE,0.038202
cold_hot,q14,5,MERGE_AGGREGATE,0.058924
cold_hot,q14,5,MERGE_AGGREGATE,0.066554
cold_hot,q14,5,PARTITION,0.14871299999999996
cold_hot,q14,5,PARTITION,0.13895400000000002
cold_hot,q14,5,PARTITION,0.14583100000000002
cold_hot,q14,5,PROJECTION,1.600494
cold_hot,q14,5,PROJECTION,1.193157
cold_hot,q14,5,PROJECTION,1.329579
cold_hot,q14,5,RESULT_COLLECTOR,0.197036
cold_hot,q14,5,RESULT_COLLECTOR,0.097051
cold_hot,q14,5,RESULT_COLLECTOR,0.148073
cold_hot,q14,5,UNGROUPED_AGGREGATE,0.757437
cold_hot,q14,5,UNGROUPED_AGGREGATE,0.70263
cold_hot,q14,5,UNGROUPED_AGGREGATE,0.721676
cold_hot,q15,1,CONCAT,0.13261900000000001
cold_hot,q15,1,CONCAT,0.145382
cold_hot,q15,1,CONCAT,0.08579200000000001
cold_hot,q15,1,CTE,0.016788
cold_hot,q15,1,CTE,0.010126
cold_hot,q15,1,CTE,0.006274
cold_hot,q15,1,GPU_SCAN,5225.103249000001
cold_hot,q15,1,GPU_SCAN,5190.17026
cold_hot,q15,1,GPU_SCAN,5101.052973999999
cold_hot,q15,1,HASH_GROUP_BY,18.692683000000002
cold_hot,q15,1,HASH_GROUP_BY,22.767256999999997
cold_hot,q15,1,HASH_GROUP_BY,18.804432
cold_hot,q15,1,HASH_JOIN,3.7029069999999997
cold_hot,q15,1,HASH_JOIN,2.370636
cold_hot,q15,1,HASH_JOIN,1.984891
cold_hot,q15,1,MERGE_AGGREGATE,0.060984
cold_hot,q15,1,MERGE_AGGREGATE,0.053984000000000004
cold_hot,q15,1,MERGE_AGGREGATE,0.041079000000000004
cold_hot,q15,1,MERGE_GROUP_BY,4.852189
cold_hot,q15,1,MERGE_GROUP_BY,5.108088
cold_hot,q15,1,MERGE_GROUP_BY,4.857911
cold_hot,q15,1,MERGE_SORT,0.0616
cold_hot,q15,1,MERGE_SORT,0.041939
cold_hot,q15,1,MERGE_SORT,0.033573
cold_hot,q15,1,ORDER_BY,7.644207
cold_hot,q15,1,ORDER_BY,0.701615
cold_hot,q15,1,ORDER_BY,0.474215
cold_hot,q15,1,PARTITION,0.280667
cold_hot,q15,1,PARTITION,0.41003700000000004
cold_hot,q15,1,PARTITION,0.34080299999999997
cold_hot,q15,1,PROJECTION,9.810236
cold_hot,q15,1,PROJECTION,12.614264
cold_hot,q15,1,PROJECTION,11.406120000000001
cold_hot,q15,1,RESULT_COLLECTOR,0.421233
cold_hot,q15,1,RESULT_COLLECTOR,0.284954
cold_hot,q15,1,RESULT_COLLECTOR,0.121791
cold_hot,q15,1,SORT_PARTITION,1.402561
cold_hot,q15,1,SORT_PARTITION,1.465051
cold_hot,q15,1,SORT_PARTITION,0.525732
cold_hot,q15,1,SORT_SAMPLE,0.194918
cold_hot,q15,1,SORT_SAMPLE,0.24411
cold_hot,q15,1,SORT_SAMPLE,0.051569
cold_hot,q15,1,UNGROUPED_AGGREGATE,7.252541
cold_hot,q15,1,UNGROUPED_AGGREGATE,0.9944270000000001
cold_hot,q15,1,UNGROUPED_AGGREGATE,0.355728
cold_hot,q15,2,CONCAT,0.100842
cold_hot,q15,2,CONCAT,0.09794800000000001
cold_hot,q15,2,CONCAT,0.09753600000000001
cold_hot,q15,2,CTE,0.005165
cold_hot,q15,2,CTE,0.009067
cold_hot,q15,2,CTE,0.006952
cold_hot,q15,2,GPU_SCAN,5099.944385
cold_hot,q15,2,GPU_SCAN,5327.8974210000015
cold_hot,q15,2,GPU_SCAN,5110.853838999999
cold_hot,q15,2,HASH_GROUP_BY,18.511768
cold_hot,q15,2,HASH_GROUP_BY,27.114277000000005
cold_hot,q15,2,HASH_GROUP_BY,19.571453
cold_hot,q15,2,HASH_JOIN,1.822604
cold_hot,q15,2,HASH_JOIN,1.020852
cold_hot,q15,2,HASH_JOIN,2.095945
cold_hot,q15,2,MERGE_AGGREGATE,0.021745
cold_hot,q15,2,MERGE_AGGREGATE,0.027756
cold_hot,q15,2,MERGE_AGGREGATE,0.09718299999999999
cold_hot,q15,2,MERGE_GROUP_BY,5.486857
cold_hot,q15,2,MERGE_GROUP_BY,5.349693
cold_hot,q15,2,MERGE_GROUP_BY,4.791248
cold_hot,q15,2,MERGE_SORT,0.020081
cold_hot,q15,2,MERGE_SORT,0.031921
cold_hot,q15,2,MERGE_SORT,0.032001
cold_hot,q15,2,ORDER_BY,0.654089
cold_hot,q15,2,ORDER_BY,0.233564
cold_hot,q15,2,ORDER_BY,0.39762
cold_hot,q15,2,PARTITION,0.196384
cold_hot,q15,2,PARTITION,0.216298
cold_hot,q15,2,PARTITION,0.35238
cold_hot,q15,2,PROJECTION,9.406963999999999
cold_hot,q15,2,PROJECTION,9.191139
cold_hot,q15,2,PROJECTION,9.792043
cold_hot,q15,2,RESULT_COLLECTOR,0.175556
cold_hot,q15,2,RESULT_COLLECTOR,0.185587
cold_hot,q15,2,RESULT_COLLECTOR,0.191938
cold_hot,q15,2,SORT_PARTITION,1.423476
cold_hot,q15,2,SORT_PARTITION,1.404511
cold_hot,q15,2,SORT_PARTITION,1.199776
cold_hot,q15,2,SORT_SAMPLE,0.193053
cold_hot,q15,2,SORT_SAMPLE,0.24944
cold_hot,q15,2,SORT_SAMPLE,0.14238
cold_hot,q15,2,UNGROUPED_AGGREGATE,0.334627
cold_hot,q15,2,UNGROUPED_AGGREGATE,0.47316899999999995
cold_hot,q15,2,UNGROUPED_AGGREGATE,0.35069799999999995
cold_hot,q15,3,CONCAT,0.081388
cold_hot,q15,3,CONCAT,0.039487999999999995
cold_hot,q15,3,CONCAT,0.084884
cold_hot,q15,3,CTE,0.006564
cold_hot,q15,3,CTE,0.005516
cold_hot,q15,3,CTE,0.006163
cold_hot,q15,3,GPU_SCAN,5106.107193
cold_hot,q15,3,GPU_SCAN,5082.913575999999
cold_hot,q15,3,GPU_SCAN,5124.2123280000005
cold_hot,q15,3,HASH_GROUP_BY,20.020471
cold_hot,q15,3,HASH_GROUP_BY,19.086335
cold_hot,q15,3,HASH_GROUP_BY,19.561405000000004
cold_hot,q15,3,HASH_JOIN,1.6170099999999998
cold_hot,q15,3,HASH_JOIN,1.8319429999999999
cold_hot,q15,3,HASH_JOIN,1.283769
cold_hot,q15,3,MERGE_AGGREGATE,0.021528
cold_hot,q15,3,MERGE_AGGREGATE,0.02279
cold_hot,q15,3,MERGE_AGGREGATE,0.041574
cold_hot,q15,3,MERGE_GROUP_BY,4.798162
cold_hot,q15,3,MERGE_GROUP_BY,4.846525
cold_hot,q15,3,MERGE_GROUP_BY,4.801047
cold_hot,q15,3,MERGE_SORT,0.015354
cold_hot,q15,3,MERGE_SORT,0.037324
cold_hot,q15,3,MERGE_SORT,0.037829
cold_hot,q15,3,ORDER_BY,0.301574
cold_hot,q15,3,ORDER_BY,0.656857
cold_hot,q15,3,ORDER_BY,0.223765
cold_hot,q15,3,PARTITION,0.24399099999999999
cold_hot,q15,3,PARTITION,0.211775
cold_hot,q15,3,PARTITION,0.24459000000000006
cold_hot,q15,3,PROJECTION,6.389162
cold_hot,q15,3,PROJECTION,10.000756999999998
cold_hot,q15,3,PROJECTION,9.516789000000001
cold_hot,q15,3,RESULT_COLLECTOR,0.146922
cold_hot,q15,3,RESULT_COLLECTOR,0.181299
cold_hot,q15,3,RESULT_COLLECTOR,0.133038
cold_hot,q15,3,SORT_PARTITION,1.24629
cold_hot,q15,3,SORT_PARTITION,0.544962
cold_hot,q15,3,SORT_PARTITION,1.263147
cold_hot,q15,3,SORT_SAMPLE,0.194221
cold_hot,q15,3,SORT_SAMPLE,0.047233
cold_hot,q15,3,SORT_SAMPLE,0.194254
cold_hot,q15,3,UNGROUPED_AGGREGATE,0.347178
cold_hot,q15,3,UNGROUPED_AGGREGATE,0.5004219999999999
cold_hot,q15,3,UNGROUPED_AGGREGATE,0.334001
cold_hot,q15,4,CONCAT,0.092673
cold_hot,q15,4,CONCAT,0.08334000000000001
cold_hot,q15,4,CONCAT,0.098994
cold_hot,q15,4,CTE,0.008061
cold_hot,q15,4,CTE,0.015213
cold_hot,q15,4,CTE,0.011201
cold_hot,q15,4,GPU_SCAN,5108.418315000001
cold_hot,q15,4,GPU_SCAN,5127.7188
cold_hot,q15,4,GPU_SCAN,5206.295241999999
cold_hot,q15,4,HASH_GROUP_BY,18.862217
cold_hot,q15,4,HASH_GROUP_BY,21.619950000000003
cold_hot,q15,4,HASH_GROUP_BY,23.611266999999998
cold_hot,q15,4,HASH_JOIN,0.960913
cold_hot,q15,4,HASH_JOIN,2.211837
cold_hot,q15,4,HASH_JOIN,1.457745
cold_hot,q15,4,MERGE_AGGREGATE,0.017869
cold_hot,q15,4,MERGE_AGGREGATE,0.044867000000000004
cold_hot,q15,4,MERGE_AGGREGATE,0.084756
cold_hot,q15,4,MERGE_GROUP_BY,4.889608
cold_hot,q15,4,MERGE_GROUP_BY,4.874283
cold_hot,q15,4,MERGE_GROUP_BY,5.728819
cold_hot,q15,4,MERGE_SORT,0.063027
cold_hot,q15,4,MERGE_SORT,0.009744
cold_hot,q15,4,MERGE_SORT,0.063528
cold_hot,q15,4,ORDER_BY,0.224252
cold_hot,q15,4,ORDER_BY,0.684944
cold_hot,q15,4,ORDER_BY,0.244498
cold_hot,q15,4,PARTITION,0.211991
cold_hot,q15,4,PARTITION,0.27150300000000005
cold_hot,q15,4,PARTITION,0.40088
cold_hot,q15,4,PROJECTION,9.090704999999998
cold_hot,q15,4,PROJECTION,7.787926
cold_hot,q15,4,PROJECTION,10.489894999999997
cold_hot,q15,4,RESULT_COLLECTOR,0.142925
cold_hot,q15,4,RESULT_COLLECTOR,0.141122
cold_hot,q15,4,RESULT_COLLECTOR,0.171047
cold_hot,q15,4,SORT_PARTITION,0.99583
cold_hot,q15,4,SORT_PARTITION,1.48844
cold_hot,q15,4,SORT_PARTITION,1.393124
cold_hot,q15,4,SORT_SAMPLE,0.222451
cold_hot,q15,4,SORT_SAMPLE,0.195782
cold_hot,q15,4,SORT_SAMPLE,0.223304
cold_hot,q15,4,UNGROUPED_AGGREGATE,0.325773
cold_hot,q15,4,UNGROUPED_AGGREGATE,0.333982
cold_hot,q15,4,UNGROUPED_AGGREGATE,0.405235
cold_hot,q15,5,CONCAT,0.052686000000000004
cold_hot,q15,5,CONCAT,0.09607599999999998
cold_hot,q15,5,CONCAT,0.029976000000000003
cold_hot,q15,5,CTE,0.006845
cold_hot,q15,5,CTE,0.006105
cold_hot,q15,5,CTE,0.010079
cold_hot,q15,5,GPU_SCAN,5521.755701000001
cold_hot,q15,5,GPU_SCAN,5224.251612
cold_hot,q15,5,GPU_SCAN,5416.367298
cold_hot,q15,5,HASH_GROUP_BY,24.50108
cold_hot,q15,5,HASH_GROUP_BY,21.462064
cold_hot,q15,5,HASH_GROUP_BY,25.579626000000005
cold_hot,q15,5,HASH_JOIN,2.147525
cold_hot,q15,5,HASH_JOIN,2.10513
cold_hot,q15,5,HASH_JOIN,1.4467029999999999
cold_hot,q15,5,MERGE_AGGREGATE,0.041351
cold_hot,q15,5,MERGE_AGGREGATE,0.041852
cold_hot,q15,5,MERGE_AGGREGATE,0.046499
cold_hot,q15,5,MERGE_GROUP_BY,4.782192
cold_hot,q15,5,MERGE_GROUP_BY,4.777551
cold_hot,q15,5,MERGE_GROUP_BY,4.890687
cold_hot,q15,5,MERGE_SORT,0.037826
cold_hot,q15,5,MERGE_SORT,0.03377
cold_hot,q15,5,MERGE_SORT,0.040888
cold_hot,q15,5,ORDER_BY,0.298629
cold_hot,q15,5,ORDER_BY,0.313438
cold_hot,q15,5,ORDER_BY,0.233189
cold_hot,q15,5,PARTITION,0.28650000000000003
cold_hot,q15,5,PARTITION,0.291213
cold_hot,q15,5,PARTITION,0.22799
cold_hot,q15,5,PROJECTION,20.166262000000003
cold_hot,q15,5,PROJECTION,9.481807
cold_hot,q15,5,PROJECTION,15.048362000000001
cold_hot,q15,5,RESULT_COLLECTOR,0.173387
cold_hot,q15,5,RESULT_COLLECTOR,0.152391
cold_hot,q15,5,RESULT_COLLECTOR,0.172993
cold_hot,q15,5,SORT_PARTITION,1.274656
cold_hot,q15,5,SORT_PARTITION,0.774553
cold_hot,q15,5,SORT_PARTITION,0.530726
cold_hot,q15,5,SORT_SAMPLE,0.197957
cold_hot,q15,5,SORT_SAMPLE,0.122531
cold_hot,q15,5,SORT_SAMPLE,0.033022
cold_hot,q15,5,UNGROUPED_AGGREGATE,0.395871
cold_hot,q15,5,UNGROUPED_AGGREGATE,0.336679
cold_hot,q15,5,UNGROUPED_AGGREGATE,0.362342
cold_hot,q16,1,CONCAT,0.402066
cold_hot,q16,1,CONCAT,0.22832
cold_hot,q16,1,CONCAT,0.267841
cold_hot,q16,1,DYNAMIC_FILTER,1.105735
cold_hot,q16,1,DYNAMIC_FILTER,1.124465
cold_hot,q16,1,DYNAMIC_FILTER,1.126476
cold_hot,q16,1,FILTER,6.317652
cold_hot,q16,1,FILTER,6.592712000000001
cold_hot,q16,1,FILTER,6.328241
cold_hot,q16,1,GPU_SCAN,180.718152
cold_hot,q16,1,GPU_SCAN,186.682229
cold_hot,q16,1,GPU_SCAN,182.979525
cold_hot,q16,1,HASH_GROUP_BY,92.064302
cold_hot,q16,1,HASH_GROUP_BY,86.449623
cold_hot,q16,1,HASH_GROUP_BY,81.635056
cold_hot,q16,1,HASH_JOIN,8.870222
cold_hot,q16,1,HASH_JOIN,9.232757
cold_hot,q16,1,HASH_JOIN,9.211102
cold_hot,q16,1,MERGE_GROUP_BY,2.210821
cold_hot,q16,1,MERGE_GROUP_BY,1.102608
cold_hot,q16,1,MERGE_GROUP_BY,0.652424
cold_hot,q16,1,MERGE_SORT,0.011035
cold_hot,q16,1,MERGE_SORT,0.027675
cold_hot,q16,1,MERGE_SORT,0.014409
cold_hot,q16,1,ORDER_BY,2.400123
cold_hot,q16,1,ORDER_BY,2.802388
cold_hot,q16,1,ORDER_BY,2.897387
cold_hot,q16,1,PARTITION,0.21632
cold_hot,q16,1,PARTITION,0.260981
cold_hot,q16,1,PARTITION,0.266438
cold_hot,q16,1,PROJECTION,0.012858
cold_hot,q16,1,PROJECTION,0.011857
cold_hot,q16,1,PROJECTION,0.014918
cold_hot,q16,1,RESULT_COLLECTOR,0.784667
cold_hot,q16,1,RESULT_COLLECTOR,1.393491
cold_hot,q16,1,RESULT_COLLECTOR,1.001788
cold_hot,q16,1,SORT_PARTITION,0.005785
cold_hot,q16,1,SORT_PARTITION,0.006555
cold_hot,q16,1,SORT_PARTITION,0.015929
cold_hot,q16,1,SORT_SAMPLE,0.009828
cold_hot,q16,1,SORT_SAMPLE,0.01502
cold_hot,q16,1,SORT_SAMPLE,0.028297
cold_hot,q16,2,CONCAT,0.187894
cold_hot,q16,2,CONCAT,0.16374399999999997
cold_hot,q16,2,CONCAT,0.328406
cold_hot,q16,2,DYNAMIC_FILTER,1.104955
cold_hot,q16,2,DYNAMIC_FILTER,1.131556
cold_hot,q16,2,DYNAMIC_FILTER,1.111289
cold_hot,q16,2,FILTER,6.2772749999999995
cold_hot,q16,2,FILTER,6.644887
cold_hot,q16,2,FILTER,6.535387
cold_hot,q16,2,GPU_SCAN,180.817113
cold_hot,q16,2,GPU_SCAN,185.878538
cold_hot,q16,2,GPU_SCAN,182.22114299999998
cold_hot,q16,2,HASH_GROUP_BY,81.467746
cold_hot,q16,2,HASH_GROUP_BY,83.794677
cold_hot,q16,2,HASH_GROUP_BY,81.932945
cold_hot,q16,2,HASH_JOIN,8.651684
cold_hot,q16,2,HASH_JOIN,9.312536999999999
cold_hot,q16,2,HASH_JOIN,8.912892
cold_hot,q16,2,MERGE_GROUP_BY,0.397494
cold_hot,q16,2,MERGE_GROUP_BY,0.399663
cold_hot,q16,2,MERGE_GROUP_BY,0.402273
cold_hot,q16,2,MERGE_SORT,0.008446
cold_hot,q16,2,MERGE_SORT,0.006759
cold_hot,q16,2,MERGE_SORT,0.007419
cold_hot,q16,2,ORDER_BY,2.327895
cold_hot,q16,2,ORDER_BY,2.809305
cold_hot,q16,2,ORDER_BY,2.493505
cold_hot,q16,2,PARTITION,0.127635
cold_hot,q16,2,PARTITION,0.12154700000000002
cold_hot,q16,2,PARTITION,0.192042
cold_hot,q16,2,PROJECTION,0.013912
cold_hot,q16,2,PROJECTION,0.013571
cold_hot,q16,2,PROJECTION,0.012327
cold_hot,q16,2,RESULT_COLLECTOR,0.679641
cold_hot,q16,2,RESULT_COLLECTOR,0.735832
cold_hot,q16,2,RESULT_COLLECTOR,0.756732
cold_hot,q16,2,SORT_PARTITION,0.005975
cold_hot,q16,2,SORT_PARTITION,0.006048
cold_hot,q16,2,SORT_PARTITION,0.005928
cold_hot,q16,2,SORT_SAMPLE,0.009414
cold_hot,q16,2,SORT_SAMPLE,0.009222
cold_hot,q16,2,SORT_SAMPLE,0.010109
cold_hot,q16,3,CONCAT,0.3865530000000001
cold_hot,q16,3,CONCAT,0.31831600000000004
cold_hot,q16,3,CONCAT,0.20309
cold_hot,q16,3,DYNAMIC_FILTER,1.108342
cold_hot,q16,3,DYNAMIC_FILTER,1.128389
cold_hot,q16,3,DYNAMIC_FILTER,1.118135
cold_hot,q16,3,FILTER,6.353763
cold_hot,q16,3,FILTER,6.621288
cold_hot,q16,3,FILTER,6.508217
cold_hot,q16,3,GPU_SCAN,181.27085
cold_hot,q16,3,GPU_SCAN,184.69288
cold_hot,q16,3,GPU_SCAN,184.587175
cold_hot,q16,3,HASH_GROUP_BY,81.530371
cold_hot,q16,3,HASH_GROUP_BY,85.129839
cold_hot,q16,3,HASH_GROUP_BY,81.914254
cold_hot,q16,3,HASH_JOIN,8.771801
cold_hot,q16,3,HASH_JOIN,9.255914
cold_hot,q16,3,HASH_JOIN,8.816183
cold_hot,q16,3,MERGE_GROUP_BY,1.059376
cold_hot,q16,3,MERGE_GROUP_BY,1.101611
cold_hot,q16,3,MERGE_GROUP_BY,0.406277
cold_hot,q16,3,MERGE_SORT,0.014175
cold_hot,q16,3,MERGE_SORT,0.012027
cold_hot,q16,3,MERGE_SORT,0.009422
cold_hot,q16,3,ORDER_BY,2.872175
cold_hot,q16,3,ORDER_BY,2.565528
cold_hot,q16,3,ORDER_BY,2.715244
cold_hot,q16,3,PARTITION,0.12559
cold_hot,q16,3,PARTITION,0.210121
cold_hot,q16,3,PARTITION,0.231583
cold_hot,q16,3,PROJECTION,0.012731
cold_hot,q16,3,PROJECTION,0.013344
cold_hot,q16,3,PROJECTION,0.0113
cold_hot,q16,3,RESULT_COLLECTOR,1.035987
cold_hot,q16,3,RESULT_COLLECTOR,0.837442
cold_hot,q16,3,RESULT_COLLECTOR,0.681495
cold_hot,q16,3,SORT_PARTITION,0.009145
cold_hot,q16,3,SORT_PARTITION,0.008071
cold_hot,q16,3,SORT_PARTITION,0.004847
cold_hot,q16,3,SORT_SAMPLE,0.017058
cold_hot,q16,3,SORT_SAMPLE,0.013806
cold_hot,q16,3,SORT_SAMPLE,0.009429
cold_hot,q16,4,CONCAT,0.476617
cold_hot,q16,4,CONCAT,0.307162
cold_hot,q16,4,CONCAT,0.345811
cold_hot,q16,4,DYNAMIC_FILTER,1.14782
cold_hot,q16,4,DYNAMIC_FILTER,1.132833
cold_hot,q16,4,DYNAMIC_FILTER,1.110194
cold_hot,q16,4,FILTER,6.456364
cold_hot,q16,4,FILTER,6.611945
cold_hot,q16,4,FILTER,6.331802
cold_hot,q16,4,GPU_SCAN,183.773483
cold_hot,q16,4,GPU_SCAN,186.21343099999999
cold_hot,q16,4,GPU_SCAN,184.828233
cold_hot,q16,4,HASH_GROUP_BY,81.952831
cold_hot,q16,4,HASH_GROUP_BY,86.364505
cold_hot,q16,4,HASH_GROUP_BY,82.561023
cold_hot,q16,4,HASH_JOIN,9.276551
cold_hot,q16,4,HASH_JOIN,9.338337
cold_hot,q16,4,HASH_JOIN,8.734626
cold_hot,q16,4,MERGE_GROUP_BY,1.207268
cold_hot,q16,4,MERGE_GROUP_BY,0.425837
cold_hot,q16,4,MERGE_GROUP_BY,0.966015
cold_hot,q16,4,MERGE_SORT,0.034727
cold_hot,q16,4,MERGE_SORT,0.007066
cold_hot,q16,4,MERGE_SORT,0.009177
cold_hot,q16,4,ORDER_BY,2.903564
cold_hot,q16,4,ORDER_BY,2.448212
cold_hot,q16,4,ORDER_BY,2.350694
cold_hot,q16,4,PARTITION,0.310337
cold_hot,q16,4,PARTITION,0.228044
cold_hot,q16,4,PARTITION,0.15665199999999999
cold_hot,q16,4,PROJECTION,0.017791
cold_hot,q16,4,PROJECTION,0.012706
cold_hot,q16,4,PROJECTION,0.010702
cold_hot,q16,4,RESULT_COLLECTOR,1.21574
cold_hot,q16,4,RESULT_COLLECTOR,0.669744
cold_hot,q16,4,RESULT_COLLECTOR,0.683398
cold_hot,q16,4,SORT_PARTITION,0.010201
cold_hot,q16,4,SORT_PARTITION,0.005636
cold_hot,q16,4,SORT_PARTITION,0.007237
cold_hot,q16,4,SORT_SAMPLE,0.015926
cold_hot,q16,4,SORT_SAMPLE,0.007207
cold_hot,q16,4,SORT_SAMPLE,0.008774
cold_hot,q16,5,CONCAT,0.45060900000000004
cold_hot,q16,5,CONCAT,0.34328299999999995
cold_hot,q16,5,CONCAT,0.394218
cold_hot,q16,5,DYNAMIC_FILTER,1.145259
cold_hot,q16,5,DYNAMIC_FILTER,1.13704
cold_hot,q16,5,DYNAMIC_FILTER,1.119058
cold_hot,q16,5,FILTER,6.360242
cold_hot,q16,5,FILTER,6.6529799999999994
cold_hot,q16,5,FILTER,6.579226
cold_hot,q16,5,GPU_SCAN,185.309761
cold_hot,q16,5,GPU_SCAN,189.193002
cold_hot,q16,5,GPU_SCAN,182.448341
cold_hot,q16,5,HASH_GROUP_BY,81.652151
cold_hot,q16,5,HASH_GROUP_BY,86.376929
cold_hot,q16,5,HASH_GROUP_BY,81.922456
cold_hot,q16,5,HASH_JOIN,8.840807
cold_hot,q16,5,HASH_JOIN,9.361381
cold_hot,q16,5,HASH_JOIN,8.988781
cold_hot,q16,5,MERGE_GROUP_BY,1.117227
cold_hot,q16,5,MERGE_GROUP_BY,0.437431
cold_hot,q16,5,MERGE_GROUP_BY,1.090273
cold_hot,q16,5,MERGE_SORT,0.035907
cold_hot,q16,5,MERGE_SORT,0.008289
cold_hot,q16,5,MERGE_SORT,0.014759
cold_hot,q16,5,ORDER_BY,2.423248
cold_hot,q16,5,ORDER_BY,2.459149
cold_hot,q16,5,ORDER_BY,2.627354
cold_hot,q16,5,PARTITION,0.20684899999999998
cold_hot,q16,5,PARTITION,0.14336900000000002
cold_hot,q16,5,PARTITION,0.289311
cold_hot,q16,5,PROJECTION,0.01367
cold_hot,q16,5,PROJECTION,0.01372
cold_hot,q16,5,PROJECTION,0.015465
cold_hot,q16,5,RESULT_COLLECTOR,1.210628
cold_hot,q16,5,RESULT_COLLECTOR,0.818114
cold_hot,q16,5,RESULT_COLLECTOR,0.874613
cold_hot,q16,5,SORT_PARTITION,0.008327
cold_hot,q16,5,SORT_PARTITION,0.005565
cold_hot,q16,5,SORT_PARTITION,0.012071
cold_hot,q16,5,SORT_SAMPLE,0.011613
cold_hot,q16,5,SORT_SAMPLE,0.010609
cold_hot,q16,5,SORT_SAMPLE,0.017743
cold_hot,q17,1,CONCAT,0.434948
cold_hot,q17,1,CONCAT,0.5106090000000001
cold_hot,q17,1,DYNAMIC_FILTER,25.029441000000002
cold_hot,q17,1,DYNAMIC_FILTER,24.541125
cold_hot,q17,1,FILTER,0.114603
cold_hot,q17,1,FILTER,0.148955
cold_hot,q17,1,GPU_SCAN,6638.319038000001
cold_hot,q17,1,GPU_SCAN,6654.125557000001
cold_hot,q17,1,HASH_GROUP_BY,5.1572070000000005
cold_hot,q17,1,HASH_GROUP_BY,30.743018
cold_hot,q17,1,HASH_JOIN,128.299299
cold_hot,q17,1,HASH_JOIN,137.47329
cold_hot,q17,1,LEFT_DELIM_JOIN,0.258011
cold_hot,q17,1,LEFT_DELIM_JOIN,0.293109
cold_hot,q17,1,MERGE_AGGREGATE,0.010823
cold_hot,q17,1,MERGE_AGGREGATE,0.024488
cold_hot,q17,1,MERGE_GROUP_BY,1.1604729999999999
cold_hot,q17,1,MERGE_GROUP_BY,0.691809
cold_hot,q17,1,PARTITION,0.5009799999999999
cold_hot,q17,1,PARTITION,1.0196889999999998
cold_hot,q17,1,PROJECTION,0.516344
cold_hot,q17,1,PROJECTION,0.48581
cold_hot,q17,1,RESULT_COLLECTOR,0.094949
cold_hot,q17,1,RESULT_COLLECTOR,0.118788
cold_hot,q17,1,UNGROUPED_AGGREGATE,0.147874
cold_hot,q17,1,UNGROUPED_AGGREGATE,0.223307
cold_hot,q17,2,CONCAT,0.6086909999999999
cold_hot,q17,2,CONCAT,0.386459
cold_hot,q17,2,DYNAMIC_FILTER,26.210967
cold_hot,q17,2,DYNAMIC_FILTER,26.662405
cold_hot,q17,2,FILTER,0.118897
cold_hot,q17,2,FILTER,0.298388
cold_hot,q17,2,GPU_SCAN,6580.026725999999
cold_hot,q17,2,GPU_SCAN,6566.538763
cold_hot,q17,2,HASH_GROUP_BY,7.897765
cold_hot,q17,2,HASH_GROUP_BY,3.886443
cold_hot,q17,2,HASH_JOIN,189.72170299999996
cold_hot,q17,2,HASH_JOIN,93.829304
cold_hot,q17,2,LEFT_DELIM_JOIN,0.322184
cold_hot,q17,2,LEFT_DELIM_JOIN,0.37611
cold_hot,q17,2,MERGE_AGGREGATE,0.032244
cold_hot,q17,2,MERGE_AGGREGATE,0.026585
cold_hot,q17,2,MERGE_GROUP_BY,0.8961429999999999
cold_hot,q17,2,MERGE_GROUP_BY,0.671697
cold_hot,q17,2,PARTITION,0.4657789999999999
cold_hot,q17,2,PARTITION,0.6089
cold_hot,q17,2,PROJECTION,0.49985899999999994
cold_hot,q17,2,PROJECTION,0.563673
cold_hot,q17,2,RESULT_COLLECTOR,0.097512
cold_hot,q17,2,RESULT_COLLECTOR,0.092428
cold_hot,q17,2,UNGROUPED_AGGREGATE,0.143837
cold_hot,q17,2,UNGROUPED_AGGREGATE,0.453158
cold_hot,q17,3,CONCAT,0.308483
cold_hot,q17,3,CONCAT,0.32745399999999997
cold_hot,q17,3,DYNAMIC_FILTER,28.308531000000002
cold_hot,q17,3,DYNAMIC_FILTER,32.440811000000004
cold_hot,q17,3,FILTER,0.116829
cold_hot,q17,3,FILTER,0.112588
cold_hot,q17,3,GPU_SCAN,6557.5483300000005
cold_hot,q17,3,GPU_SCAN,6800.626324
cold_hot,q17,3,HASH_GROUP_BY,5.157065
cold_hot,q17,3,HASH_GROUP_BY,5.721532
cold_hot,q17,3,HASH_JOIN,127.69504299999998
cold_hot,q17,3,HASH_JOIN,129.33744
cold_hot,q17,3,LEFT_DELIM_JOIN,0.225094
cold_hot,q17,3,LEFT_DELIM_JOIN,0.181834
cold_hot,q17,3,MERGE_AGGREGATE,0.008705
cold_hot,q17,3,MERGE_AGGREGATE,0.030148
cold_hot,q17,3,MERGE_GROUP_BY,0.488741
cold_hot,q17,3,MERGE_GROUP_BY,1.272772
cold_hot,q17,3,PARTITION,0.538312
cold_hot,q17,3,PARTITION,0.478951
cold_hot,q17,3,PROJECTION,0.500799
cold_hot,q17,3,PROJECTION,0.431972
cold_hot,q17,3,RESULT_COLLECTOR,0.084714
cold_hot,q17,3,RESULT_COLLECTOR,0.080704
cold_hot,q17,3,UNGROUPED_AGGREGATE,0.150864
cold_hot,q17,3,UNGROUPED_AGGREGATE,0.150814
cold_hot,q17,4,CONCAT,0.46404
cold_hot,q17,4,CONCAT,0.404416
cold_hot,q17,4,DYNAMIC_FILTER,24.290103
cold_hot,q17,4,DYNAMIC_FILTER,26.780309999999997
cold_hot,q17,4,FILTER,0.285319
cold_hot,q17,4,FILTER,0.206682
cold_hot,q17,4,GPU_SCAN,6633.520413
cold_hot,q17,4,GPU_SCAN,6915.961528999999
cold_hot,q17,4,HASH_GROUP_BY,5.54454
cold_hot,q17,4,HASH_GROUP_BY,4.556967
cold_hot,q17,4,HASH_JOIN,130.114735
cold_hot,q17,4,HASH_JOIN,99.64517099999999
cold_hot,q17,4,LEFT_DELIM_JOIN,0.230472
cold_hot,q17,4,LEFT_DELIM_JOIN,0.188275
cold_hot,q17,4,MERGE_AGGREGATE,0.014949
cold_hot,q17,4,MERGE_AGGREGATE,0.019863
cold_hot,q17,4,MERGE_GROUP_BY,0.893744
cold_hot,q17,4,MERGE_GROUP_BY,0.503324
cold_hot,q17,4,PARTITION,0.551186
cold_hot,q17,4,PARTITION,0.4111309999999999
cold_hot,q17,4,PROJECTION,0.41554199999999997
cold_hot,q17,4,PROJECTION,1.022178
cold_hot,q17,4,RESULT_COLLECTOR,0.117325
cold_hot,q17,4,RESULT_COLLECTOR,0.085787
cold_hot,q17,4,UNGROUPED_AGGREGATE,0.410652
cold_hot,q17,4,UNGROUPED_AGGREGATE,0.299344
cold_hot,q17,5,CONCAT,0.444804
cold_hot,q17,5,CONCAT,0.344545
cold_hot,q17,5,DYNAMIC_FILTER,28.749061
cold_hot,q17,5,DYNAMIC_FILTER,30.887642000000003
cold_hot,q17,5,FILTER,0.29596
cold_hot,q17,5,FILTER,0.124735
cold_hot,q17,5,GPU_SCAN,6668.421375000001
cold_hot,q17,5,GPU_SCAN,6931.736843
cold_hot,q17,5,HASH_GROUP_BY,8.328297
cold_hot,q17,5,HASH_GROUP_BY,5.8986030000000005
cold_hot,q17,5,HASH_JOIN,128.87798999999998
cold_hot,q17,5,HASH_JOIN,128.389401
cold_hot,q17,5,LEFT_DELIM_JOIN,0.158012
cold_hot,q17,5,LEFT_DELIM_JOIN,0.295089
cold_hot,q17,5,MERGE_AGGREGATE,0.018066
cold_hot,q17,5,MERGE_AGGREGATE,0.038005
cold_hot,q17,5,MERGE_GROUP_BY,0.6057549999999999
cold_hot,q17,5,MERGE_GROUP_BY,1.028022
cold_hot,q17,5,PARTITION,0.5548169999999999
cold_hot,q17,5,PARTITION,0.6641199999999999
cold_hot,q17,5,PROJECTION,0.411972
cold_hot,q17,5,PROJECTION,0.408735
cold_hot,q17,5,RESULT_COLLECTOR,0.13454
cold_hot,q17,5,RESULT_COLLECTOR,0.115217
cold_hot,q17,5,UNGROUPED_AGGREGATE,0.440621
cold_hot,q17,5,UNGROUPED_AGGREGATE,0.190139
cold_hot,q18,1,CONCAT,0.8641540000000001
cold_hot,q18,1,CONCAT,0.8062050000000001
cold_hot,q18,1,DYNAMIC_FILTER,30.553822
cold_hot,q18,1,DYNAMIC_FILTER,37.360102
cold_hot,q18,1,FILTER,7.4074100000000005
cold_hot,q18,1,FILTER,7.836212
cold_hot,q18,1,GPU_SCAN,4187.210612999999
cold_hot,q18,1,GPU_SCAN,4163.440083
cold_hot,q18,1,HASH_GROUP_BY,249.384607
cold_hot,q18,1,HASH_GROUP_BY,266.500605
cold_hot,q18,1,HASH_JOIN,3.982955
cold_hot,q18,1,HASH_JOIN,4.660608
cold_hot,q18,1,MERGE_GROUP_BY,307.48866
cold_hot,q18,1,MERGE_GROUP_BY,307.77480499999996
cold_hot,q18,1,MERGE_SORT,0.423584
cold_hot,q18,1,MERGE_SORT,0.447397
cold_hot,q18,1,ORDER_BY,0.52341
cold_hot,q18,1,ORDER_BY,0.488886
cold_hot,q18,1,PARTITION,91.86991800000003
cold_hot,q18,1,PARTITION,59.733563000000004
cold_hot,q18,1,PROJECTION,0.012895
cold_hot,q18,1,PROJECTION,0.04153
cold_hot,q18,1,RESULT_COLLECTOR,0.210451
cold_hot,q18,1,RESULT_COLLECTOR,0.420771
cold_hot,q18,1,SORT_PARTITION,0.475198
cold_hot,q18,1,SORT_PARTITION,0.479008
cold_hot,q18,1,SORT_SAMPLE,0.046921
cold_hot,q18,1,SORT_SAMPLE,0.05607
cold_hot,q18,2,CONCAT,0.654917
cold_hot,q18,2,CONCAT,0.570769
cold_hot,q18,2,DYNAMIC_FILTER,31.619315999999998
cold_hot,q18,2,DYNAMIC_FILTER,30.700576
cold_hot,q18,2,FILTER,7.365828
cold_hot,q18,2,FILTER,7.255633
cold_hot,q18,2,GPU_SCAN,4167.642584
cold_hot,q18,2,GPU_SCAN,4085.6875329999993
cold_hot,q18,2,HASH_GROUP_BY,241.746928
cold_hot,q18,2,HASH_GROUP_BY,323.06778499999996
cold_hot,q18,2,HASH_JOIN,4.108732
cold_hot,q18,2,HASH_JOIN,4.596283000000001
cold_hot,q18,2,MERGE_GROUP_BY,307.24647600000003
cold_hot,q18,2,MERGE_GROUP_BY,307.858526
cold_hot,q18,2,MERGE_SORT,0.354109
cold_hot,q18,2,MERGE_SORT,0.428623
cold_hot,q18,2,ORDER_BY,0.357827
cold_hot,q18,2,ORDER_BY,0.608467
cold_hot,q18,2,PARTITION,60.56690699999999
cold_hot,q18,2,PARTITION,60.55756100000001
cold_hot,q18,2,PROJECTION,0.011488
cold_hot,q18,2,PROJECTION,0.040074
cold_hot,q18,2,RESULT_COLLECTOR,0.443271
cold_hot,q18,2,RESULT_COLLECTOR,0.351073
cold_hot,q18,2,SORT_PARTITION,0.390144
cold_hot,q18,2,SORT_PARTITION,0.440216
cold_hot,q18,2,SORT_SAMPLE,0.028338
cold_hot,q18,2,SORT_SAMPLE,0.04204
cold_hot,q18,3,CONCAT,0.884258
cold_hot,q18,3,CONCAT,0.99101
cold_hot,q18,3,DYNAMIC_FILTER,31.057999
cold_hot,q18,3,DYNAMIC_FILTER,28.324393
cold_hot,q18,3,FILTER,7.840811
cold_hot,q18,3,FILTER,7.531969999999999
cold_hot,q18,3,GPU_SCAN,4165.757157999999
cold_hot,q18,3,GPU_SCAN,4067.948876
cold_hot,q18,3,HASH_GROUP_BY,214.92584499999998
cold_hot,q18,3,HASH_GROUP_BY,319.112987
cold_hot,q18,3,HASH_JOIN,4.454867
cold_hot,q18,3,HASH_JOIN,4.415449000000001
cold_hot,q18,3,MERGE_GROUP_BY,309.494628
cold_hot,q18,3,MERGE_GROUP_BY,308.462777
cold_hot,q18,3,MERGE_SORT,0.48777
cold_hot,q18,3,MERGE_SORT,0.396022
cold_hot,q18,3,ORDER_BY,0.499859
cold_hot,q18,3,ORDER_BY,0.467165
cold_hot,q18,3,PARTITION,61.041442
cold_hot,q18,3,PARTITION,61.39846599999999
cold_hot,q18,3,PROJECTION,0.041682
cold_hot,q18,3,PROJECTION,0.02939
cold_hot,q18,3,RESULT_COLLECTOR,0.184264
cold_hot,q18,3,RESULT_COLLECTOR,0.30818
cold_hot,q18,3,SORT_PARTITION,0.53571
cold_hot,q18,3,SORT_PARTITION,0.437843
cold_hot,q18,3,SORT_SAMPLE,0.044697
cold_hot,q18,3,SORT_SAMPLE,0.040393
cold_hot,q18,4,CONCAT,1.029658
cold_hot,q18,4,CONCAT,0.6778770000000001
cold_hot,q18,4,DYNAMIC_FILTER,33.863695
cold_hot,q18,4,DYNAMIC_FILTER,28.763072000000005
cold_hot,q18,4,FILTER,7.409966
cold_hot,q18,4,FILTER,7.439988
cold_hot,q18,4,GPU_SCAN,4142.337993
cold_hot,q18,4,GPU_SCAN,4164.015647
cold_hot,q18,4,HASH_GROUP_BY,231.98014200000003
cold_hot,q18,4,HASH_GROUP_BY,232.59385900000004
cold_hot,q18,4,HASH_JOIN,5.051461
cold_hot,q18,4,HASH_JOIN,4.100605
cold_hot,q18,4,MERGE_GROUP_BY,308.98849
cold_hot,q18,4,MERGE_GROUP_BY,308.763777
cold_hot,q18,4,MERGE_SORT,0.533155
cold_hot,q18,4,MERGE_SORT,0.428193
cold_hot,q18,4,ORDER_BY,0.435023
cold_hot,q18,4,ORDER_BY,0.461591
cold_hot,q18,4,PARTITION,59.75579
cold_hot,q18,4,PARTITION,60.065348000000014
cold_hot,q18,4,PROJECTION,0.032827
cold_hot,q18,4,PROJECTION,0.028827
cold_hot,q18,4,RESULT_COLLECTOR,0.350076
cold_hot,q18,4,RESULT_COLLECTOR,0.332093
cold_hot,q18,4,SORT_PARTITION,0.955116
cold_hot,q18,4,SORT_PARTITION,0.982176
cold_hot,q18,4,SORT_SAMPLE,0.181153
cold_hot,q18,4,SORT_SAMPLE,0.078299
cold_hot,q18,5,CONCAT,0.399469
cold_hot,q18,5,CONCAT,0.886188
cold_hot,q18,5,DYNAMIC_FILTER,31.537017
cold_hot,q18,5,DYNAMIC_FILTER,26.219013
cold_hot,q18,5,FILTER,7.7192810000000005
cold_hot,q18,5,FILTER,7.783744
cold_hot,q18,5,GPU_SCAN,4142.7636760000005
cold_hot,q18,5,GPU_SCAN,4149.70478
cold_hot,q18,5,HASH_GROUP_BY,241.65663699999996
cold_hot,q18,5,HASH_GROUP_BY,314.634718
cold_hot,q18,5,HASH_JOIN,4.845453
cold_hot,q18,5,HASH_JOIN,4.55658
cold_hot,q18,5,MERGE_GROUP_BY,306.33504200000004
cold_hot,q18,5,MERGE_GROUP_BY,308.891226
cold_hot,q18,5,MERGE_SORT,0.368087
cold_hot,q18,5,MERGE_SORT,0.435199
cold_hot,q18,5,ORDER_BY,0.366754
cold_hot,q18,5,ORDER_BY,0.62027
cold_hot,q18,5,PARTITION,61.772695
cold_hot,q18,5,PARTITION,60.86095400000001
cold_hot,q18,5,PROJECTION,0.056231
cold_hot,q18,5,PROJECTION,0.034545
cold_hot,q18,5,RESULT_COLLECTOR,0.351432
cold_hot,q18,5,RESULT_COLLECTOR,0.388321
cold_hot,q18,5,SORT_PARTITION,0.653602
cold_hot,q18,5,SORT_PARTITION,0.423559
cold_hot,q18,5,SORT_SAMPLE,0.10408
cold_hot,q18,5,SORT_SAMPLE,0.049315
cold_hot,q19,1,CONCAT,3.673997
cold_hot,q19,1,CONCAT,3.618305
cold_hot,q19,1,DYNAMIC_FILTER,3.750341
cold_hot,q19,1,DYNAMIC_FILTER,3.756057
cold_hot,q19,1,FILTER,39.351765
cold_hot,q19,1,FILTER,34.759052000000004
cold_hot,q19,1,GPU_SCAN,5066.306232
cold_hot,q19,1,GPU_SCAN,5027.567045999999
cold_hot,q19,1,HASH_JOIN,21.480787
cold_hot,q19,1,HASH_JOIN,21.491743
cold_hot,q19,1,MERGE_AGGREGATE,0.06049
cold_hot,q19,1,MERGE_AGGREGATE,0.063171
cold_hot,q19,1,PARTITION,1.0944239999999998
cold_hot,q19,1,PARTITION,0.517459
cold_hot,q19,1,PROJECTION,0.090252
cold_hot,q19,1,PROJECTION,0.096474
cold_hot,q19,1,RESULT_COLLECTOR,0.236056
cold_hot,q19,1,RESULT_COLLECTOR,0.177911
cold_hot,q19,1,UNGROUPED_AGGREGATE,0.175854
cold_hot,q19,1,UNGROUPED_AGGREGATE,0.175328
cold_hot,q19,2,CONCAT,4.098787000000001
cold_hot,q19,2,CONCAT,4.091348
cold_hot,q19,2,DYNAMIC_FILTER,3.754175
cold_hot,q19,2,DYNAMIC_FILTER,3.777155
cold_hot,q19,2,FILTER,32.260982
cold_hot,q19,2,FILTER,30.947477
cold_hot,q19,2,GPU_SCAN,4967.879967
cold_hot,q19,2,GPU_SCAN,4963.980086999999
cold_hot,q19,2,HASH_JOIN,21.417596
cold_hot,q19,2,HASH_JOIN,21.521492
cold_hot,q19,2,MERGE_AGGREGATE,0.016013
cold_hot,q19,2,MERGE_AGGREGATE,0.021144
cold_hot,q19,2,PARTITION,0.5447800000000002
cold_hot,q19,2,PARTITION,0.5240490000000001
cold_hot,q19,2,PROJECTION,0.078816
cold_hot,q19,2,PROJECTION,0.080422
cold_hot,q19,2,RESULT_COLLECTOR,0.243476
cold_hot,q19,2,RESULT_COLLECTOR,0.30327
cold_hot,q19,2,UNGROUPED_AGGREGATE,0.15184
cold_hot,q19,2,UNGROUPED_AGGREGATE,0.147571
cold_hot,q19,3,CONCAT,3.560845
cold_hot,q19,3,CONCAT,3.5713790000000003
cold_hot,q19,3,DYNAMIC_FILTER,3.894058
cold_hot,q19,3,DYNAMIC_FILTER,3.844522
cold_hot,q19,3,FILTER,34.71234199999999
cold_hot,q19,3,FILTER,33.251991999999994
cold_hot,q19,3,GPU_SCAN,4928.12359
cold_hot,q19,3,GPU_SCAN,4958.158876
cold_hot,q19,3,HASH_JOIN,21.364642
cold_hot,q19,3,HASH_JOIN,21.302169
cold_hot,q19,3,MERGE_AGGREGATE,0.019305
cold_hot,q19,3,MERGE_AGGREGATE,0.057388
cold_hot,q19,3,PARTITION,0.638281
cold_hot,q19,3,PARTITION,0.52631
cold_hot,q19,3,PROJECTION,0.077442
cold_hot,q19,3,PROJECTION,0.084489
cold_hot,q19,3,RESULT_COLLECTOR,0.154474
cold_hot,q19,3,RESULT_COLLECTOR,0.240984
cold_hot,q19,3,UNGROUPED_AGGREGATE,0.147543
cold_hot,q19,3,UNGROUPED_AGGREGATE,0.171465
cold_hot,q19,4,CONCAT,3.5770690000000003
cold_hot,q19,4,CONCAT,4.106952
cold_hot,q19,4,DYNAMIC_FILTER,4.106917
cold_hot,q19,4,DYNAMIC_FILTER,3.800188
cold_hot,q19,4,FILTER,33.649621
cold_hot,q19,4,FILTER,31.158758999999996
cold_hot,q19,4,GPU_SCAN,5049.6599479999995
cold_hot,q19,4,GPU_SCAN,4993.875499000001
cold_hot,q19,4,HASH_JOIN,21.35781
cold_hot,q19,4,HASH_JOIN,21.517463
cold_hot,q19,4,MERGE_AGGREGATE,0.053764
cold_hot,q19,4,MERGE_AGGREGATE,0.055408
cold_hot,q19,4,PARTITION,0.4822539999999999
cold_hot,q19,4,PARTITION,0.631911
cold_hot,q19,4,PROJECTION,0.077205
cold_hot,q19,4,PROJECTION,0.078953
cold_hot,q19,4,RESULT_COLLECTOR,0.218703
cold_hot,q19,4,RESULT_COLLECTOR,0.292183
cold_hot,q19,4,UNGROUPED_AGGREGATE,0.146789
cold_hot,q19,4,UNGROUPED_AGGREGATE,0.146597
cold_hot,q19,5,CONCAT,3.9843159999999997
cold_hot,q19,5,CONCAT,3.946729
cold_hot,q19,5,DYNAMIC_FILTER,3.728188
cold_hot,q19,5,DYNAMIC_FILTER,3.74148
cold_hot,q19,5,FILTER,32.058738
cold_hot,q19,5,FILTER,32.073533999999995
cold_hot,q19,5,GPU_SCAN,5127.685821000001
cold_hot,q19,5,GPU_SCAN,5024.719455
cold_hot,q19,5,HASH_JOIN,21.339804
cold_hot,q19,5,HASH_JOIN,21.477353
cold_hot,q19,5,MERGE_AGGREGATE,0.055855
cold_hot,q19,5,MERGE_AGGREGATE,0.073411
cold_hot,q19,5,PARTITION,0.42950400000000005
cold_hot,q19,5,PARTITION,0.535429
cold_hot,q19,5,PROJECTION,0.07645
cold_hot,q19,5,PROJECTION,0.078404
cold_hot,q19,5,RESULT_COLLECTOR,0.212182
cold_hot,q19,5,RESULT_COLLECTOR,0.237012
cold_hot,q19,5,UNGROUPED_AGGREGATE,0.151819
cold_hot,q19,5,UNGROUPED_AGGREGATE,0.15599
cold_hot,q20,1,CONCAT,0.668327
cold_hot,q20,1,CONCAT,0.603062
cold_hot,q20,1,DYNAMIC_FILTER,7.061705000000001
cold_hot,q20,1,DYNAMIC_FILTER,6.83091
cold_hot,q20,1,FILTER,0.312132
cold_hot,q20,1,FILTER,0.245686
cold_hot,q20,1,GPU_SCAN,4858.943435
cold_hot,q20,1,GPU_SCAN,4856.597586
cold_hot,q20,1,HASH_GROUP_BY,0.659064
cold_hot,q20,1,HASH_GROUP_BY,0.724757
cold_hot,q20,1,HASH_JOIN,3.7146950000000003
cold_hot,q20,1,HASH_JOIN,2.936489
cold_hot,q20,1,LEFT_DELIM_JOIN,0.45889
cold_hot,q20,1,LEFT_DELIM_JOIN,0.643666
cold_hot,q20,1,MERGE_GROUP_BY,0.027701000000000003
cold_hot,q20,1,MERGE_GROUP_BY,0.043813000000000005
cold_hot,q20,1,MERGE_SORT,1.635808
cold_hot,q20,1,MERGE_SORT,0.719917
cold_hot,q20,1,ORDER_BY,3.140134
cold_hot,q20,1,ORDER_BY,3.494003
cold_hot,q20,1,PARTITION,0.33813699999999997
cold_hot,q20,1,PARTITION,0.397869
cold_hot,q20,1,PROJECTION,0.138137
cold_hot,q20,1,PROJECTION,0.120724
cold_hot,q20,1,RESULT_COLLECTOR,0.612247
cold_hot,q20,1,RESULT_COLLECTOR,0.453139
cold_hot,q20,1,SORT_PARTITION,1.777974
cold_hot,q20,1,SORT_PARTITION,0.658644
cold_hot,q20,1,SORT_SAMPLE,0.553301
cold_hot,q20,1,SORT_SAMPLE,0.083947
cold_hot,q20,2,CONCAT,0.7237229999999999
cold_hot,q20,2,CONCAT,0.816501
cold_hot,q20,2,DYNAMIC_FILTER,11.979644000000002
cold_hot,q20,2,DYNAMIC_FILTER,13.391369000000001
cold_hot,q20,2,FILTER,0.227799
cold_hot,q20,2,FILTER,0.230771
cold_hot,q20,2,GPU_SCAN,4936.076812
cold_hot,q20,2,GPU_SCAN,4791.8775669999995
cold_hot,q20,2,HASH_GROUP_BY,0.794929
cold_hot,q20,2,HASH_GROUP_BY,0.807879
cold_hot,q20,2,HASH_JOIN,3.8744140000000002
cold_hot,q20,2,HASH_JOIN,3.5622719999999997
cold_hot,q20,2,LEFT_DELIM_JOIN,0.653664
cold_hot,q20,2,LEFT_DELIM_JOIN,0.472405
cold_hot,q20,2,MERGE_GROUP_BY,0.016283
cold_hot,q20,2,MERGE_GROUP_BY,0.012671
cold_hot,q20,2,MERGE_SORT,0.756362
cold_hot,q20,2,MERGE_SORT,1.582444
cold_hot,q20,2,ORDER_BY,3.094892
cold_hot,q20,2,ORDER_BY,3.477354
cold_hot,q20,2,PARTITION,0.32072100000000003
cold_hot,q20,2,PARTITION,0.338597
cold_hot,q20,2,PROJECTION,0.124356
cold_hot,q20,2,PROJECTION,0.13899999999999998
cold_hot,q20,2,RESULT_COLLECTOR,0.619063
cold_hot,q20,2,RESULT_COLLECTOR,0.609959
cold_hot,q20,2,SORT_PARTITION,0.975843
cold_hot,q20,2,SORT_PARTITION,1.617703
cold_hot,q20,2,SORT_SAMPLE,0.15359
cold_hot,q20,2,SORT_SAMPLE,0.563008
cold_hot,q20,3,CONCAT,0.6215930000000002
cold_hot,q20,3,CONCAT,0.5932559999999999
cold_hot,q20,3,DYNAMIC_FILTER,6.4319560000000005
cold_hot,q20,3,DYNAMIC_FILTER,10.796555999999999
cold_hot,q20,3,FILTER,0.197636
cold_hot,q20,3,FILTER,0.287172
cold_hot,q20,3,GPU_SCAN,4756.019341
cold_hot,q20,3,GPU_SCAN,4837.509374
cold_hot,q20,3,HASH_GROUP_BY,0.656417
cold_hot,q20,3,HASH_GROUP_BY,0.836988
cold_hot,q20,3,HASH_JOIN,2.523621
cold_hot,q20,3,HASH_JOIN,4.023237
cold_hot,q20,3,LEFT_DELIM_JOIN,0.617891
cold_hot,q20,3,LEFT_DELIM_JOIN,0.651035
cold_hot,q20,3,MERGE_GROUP_BY,0.027077999999999998
cold_hot,q20,3,MERGE_GROUP_BY,0.053585
cold_hot,q20,3,MERGE_SORT,1.546318
cold_hot,q20,3,MERGE_SORT,0.862102
cold_hot,q20,3,ORDER_BY,3.037784
cold_hot,q20,3,ORDER_BY,3.475685
cold_hot,q20,3,PARTITION,0.22763000000000005
cold_hot,q20,3,PARTITION,0.5136580000000001
cold_hot,q20,3,PROJECTION,0.106516
cold_hot,q20,3,PROJECTION,0.137489
cold_hot,q20,3,RESULT_COLLECTOR,0.39392
cold_hot,q20,3,RESULT_COLLECTOR,0.612778
cold_hot,q20,3,SORT_PARTITION,0.555118
cold_hot,q20,3,SORT_PARTITION,1.407646
cold_hot,q20,3,SORT_SAMPLE,0.35458
cold_hot,q20,3,SORT_SAMPLE,0.48382
cold_hot,q20,4,CONCAT,0.42995900000000004
cold_hot,q20,4,CONCAT,0.6747789999999999
cold_hot,q20,4,DYNAMIC_FILTER,9.404696000000003
cold_hot,q20,4,DYNAMIC_FILTER,9.134829
cold_hot,q20,4,FILTER,0.194537
cold_hot,q20,4,FILTER,0.219788
cold_hot,q20,4,GPU_SCAN,4813.527915999999
cold_hot,q20,4,GPU_SCAN,4865.635904000001
cold_hot,q20,4,HASH_GROUP_BY,0.67461
cold_hot,q20,4,HASH_GROUP_BY,0.787716
cold_hot,q20,4,HASH_JOIN,2.113716
cold_hot,q20,4,HASH_JOIN,4.139144
cold_hot,q20,4,LEFT_DELIM_JOIN,0.438686
cold_hot,q20,4,LEFT_DELIM_JOIN,0.658775
cold_hot,q20,4,MERGE_GROUP_BY,0.027611999999999998
cold_hot,q20,4,MERGE_GROUP_BY,0.021557
cold_hot,q20,4,MERGE_SORT,1.616306
cold_hot,q20,4,MERGE_SORT,0.976303
cold_hot,q20,4,ORDER_BY,3.121816
cold_hot,q20,4,ORDER_BY,3.443027
cold_hot,q20,4,PARTITION,0.330068
cold_hot,q20,4,PARTITION,0.277174
cold_hot,q20,4,PROJECTION,0.111019
cold_hot,q20,4,PROJECTION,0.136969
cold_hot,q20,4,RESULT_COLLECTOR,0.396204
cold_hot,q20,4,RESULT_COLLECTOR,0.627002
cold_hot,q20,4,SORT_PARTITION,1.127727
cold_hot,q20,4,SORT_PARTITION,0.683294
cold_hot,q20,4,SORT_SAMPLE,0.428318
cold_hot,q20,4,SORT_SAMPLE,0.167987
cold_hot,q20,5,CONCAT,0.6013290000000001
cold_hot,q20,5,CONCAT,0.6293720000000002
cold_hot,q20,5,DYNAMIC_FILTER,6.280969
cold_hot,q20,5,DYNAMIC_FILTER,7.3163350000000005
cold_hot,q20,5,FILTER,0.192852
cold_hot,q20,5,FILTER,0.20126
cold_hot,q20,5,GPU_SCAN,4846.414821999999
cold_hot,q20,5,GPU_SCAN,5038.8685270000005
cold_hot,q20,5,HASH_GROUP_BY,0.67856
cold_hot,q20,5,HASH_GROUP_BY,0.657273
cold_hot,q20,5,HASH_JOIN,3.2259109999999995
cold_hot,q20,5,HASH_JOIN,3.6651409999999998
cold_hot,q20,5,LEFT_DELIM_JOIN,0.579358
cold_hot,q20,5,LEFT_DELIM_JOIN,0.577105
cold_hot,q20,5,MERGE_GROUP_BY,0.032133999999999996
cold_hot,q20,5,MERGE_GROUP_BY,0.027692
cold_hot,q20,5,MERGE_SORT,0.653784
cold_hot,q20,5,MERGE_SORT,1.66122
cold_hot,q20,5,ORDER_BY,3.098182
cold_hot,q20,5,ORDER_BY,3.456678
cold_hot,q20,5,PARTITION,0.30941
cold_hot,q20,5,PARTITION,0.30016600000000004
cold_hot,q20,5,PROJECTION,0.109335
cold_hot,q20,5,PROJECTION,0.114541
cold_hot,q20,5,RESULT_COLLECTOR,0.398798
cold_hot,q20,5,RESULT_COLLECTOR,0.559639
cold_hot,q20,5,SORT_PARTITION,1.229967
cold_hot,q20,5,SORT_PARTITION,1.334713
cold_hot,q20,5,SORT_SAMPLE,0.305595
cold_hot,q20,5,SORT_SAMPLE,0.404285
cold_hot,q21,1,CONCAT,97.44723999999997
cold_hot,q21,1,CONCAT,99.52748099999998
cold_hot,q21,1,DYNAMIC_FILTER,77.81864
cold_hot,q21,1,DYNAMIC_FILTER,78.84150899999999
cold_hot,q21,1,FILTER,99.87555599999999
cold_hot,q21,1,FILTER,76.724059
cold_hot,q21,1,GPU_SCAN,10992.076576
cold_hot,q21,1,GPU_SCAN,10930.045755
cold_hot,q21,1,HASH_GROUP_BY,1.764099
cold_hot,q21,1,HASH_GROUP_BY,0.71286
cold_hot,q21,1,HASH_JOIN,1425.507965
cold_hot,q21,1,HASH_JOIN,1390.4514850000003
cold_hot,q21,1,MERGE_GROUP_BY,5.812428
cold_hot,q21,1,MERGE_GROUP_BY,5.907431
cold_hot,q21,1,MERGE_SORT,0.438425
cold_hot,q21,1,MERGE_SORT,0.699943
cold_hot,q21,1,ORDER_BY,2.236791
cold_hot,q21,1,ORDER_BY,2.125076
cold_hot,q21,1,PARTITION,1.243056
cold_hot,q21,1,PARTITION,0.9979810000000001
cold_hot,q21,1,PROJECTION,0.33737400000000006
cold_hot,q21,1,PROJECTION,0.737807
cold_hot,q21,1,RESULT_COLLECTOR,0.876517
cold_hot,q21,1,RESULT_COLLECTOR,0.433999
cold_hot,q21,1,RIGHT_DELIM_JOIN,14.975681
cold_hot,q21,1,RIGHT_DELIM_JOIN,15.500487
cold_hot,q21,1,SORT_PARTITION,0.195109
cold_hot,q21,1,SORT_PARTITION,0.175745
cold_hot,q21,1,SORT_SAMPLE,0.094111
cold_hot,q21,1,SORT_SAMPLE,0.070818
cold_hot,q21,2,CONCAT,82.50115399999999
cold_hot,q21,2,CONCAT,86.91554000000001
cold_hot,q21,2,DYNAMIC_FILTER,66.196475
cold_hot,q21,2,DYNAMIC_FILTER,61.50043799999998
cold_hot,q21,2,FILTER,113.49675699999999
cold_hot,q21,2,FILTER,69.124221
cold_hot,q21,2,GPU_SCAN,10942.018968
cold_hot,q21,2,GPU_SCAN,10559.405151
cold_hot,q21,2,HASH_GROUP_BY,1.259263
cold_hot,q21,2,HASH_GROUP_BY,0.665157
cold_hot,q21,2,HASH_JOIN,1244.0817969999998
cold_hot,q21,2,HASH_JOIN,1307.8207910000003
cold_hot,q21,2,MERGE_GROUP_BY,6.512612000000001
cold_hot,q21,2,MERGE_GROUP_BY,5.886494
cold_hot,q21,2,MERGE_SORT,0.73404
cold_hot,q21,2,MERGE_SORT,0.253253
cold_hot,q21,2,ORDER_BY,2.30241
cold_hot,q21,2,ORDER_BY,2.170329
cold_hot,q21,2,PARTITION,0.7593589999999998
cold_hot,q21,2,PARTITION,0.7550139999999999
cold_hot,q21,2,PROJECTION,0.8521619999999999
cold_hot,q21,2,PROJECTION,0.9723540000000002
cold_hot,q21,2,RESULT_COLLECTOR,1.256414
cold_hot,q21,2,RESULT_COLLECTOR,0.477718
cold_hot,q21,2,RIGHT_DELIM_JOIN,13.167755
cold_hot,q21,2,RIGHT_DELIM_JOIN,13.177402
cold_hot,q21,2,SORT_PARTITION,0.191003
cold_hot,q21,2,SORT_PARTITION,0.197201
cold_hot,q21,2,SORT_SAMPLE,0.139627
cold_hot,q21,2,SORT_SAMPLE,0.156571
cold_hot,q21,3,CONCAT,149.51564999999997
cold_hot,q21,3,CONCAT,79.695815
cold_hot,q21,3,DYNAMIC_FILTER,69.01117699999998
cold_hot,q21,3,DYNAMIC_FILTER,69.070164
cold_hot,q21,3,FILTER,64.01998100000002
cold_hot,q21,3,FILTER,70.351638
cold_hot,q21,3,GPU_SCAN,10382.240328000005
cold_hot,q21,3,GPU_SCAN,11007.871313000003
cold_hot,q21,3,HASH_GROUP_BY,1.034578
cold_hot,q21,3,HASH_GROUP_BY,0.620511
cold_hot,q21,3,HASH_JOIN,1375.952596
cold_hot,q21,3,HASH_JOIN,1367.5613729999998
cold_hot,q21,3,MERGE_GROUP_BY,5.656515
cold_hot,q21,3,MERGE_GROUP_BY,5.8420049999999994
cold_hot,q21,3,MERGE_SORT,0.266701
cold_hot,q21,3,MERGE_SORT,0.301881
cold_hot,q21,3,ORDER_BY,2.17212
cold_hot,q21,3,ORDER_BY,2.151934
cold_hot,q21,3,PARTITION,1.0460859999999998
cold_hot,q21,3,PARTITION,0.7193910000000001
cold_hot,q21,3,PROJECTION,0.32768699999999995
cold_hot,q21,3,PROJECTION,0.90084
cold_hot,q21,3,RESULT_COLLECTOR,1.566428
cold_hot,q21,3,RESULT_COLLECTOR,0.379308
cold_hot,q21,3,RIGHT_DELIM_JOIN,16.107061
cold_hot,q21,3,RIGHT_DELIM_JOIN,15.750288
cold_hot,q21,3,SORT_PARTITION,0.182403
cold_hot,q21,3,SORT_PARTITION,0.178274
cold_hot,q21,3,SORT_SAMPLE,0.076273
cold_hot,q21,3,SORT_SAMPLE,0.079158
cold_hot,q21,4,CONCAT,92.65301
cold_hot,q21,4,CONCAT,88.416033
cold_hot,q21,4,DYNAMIC_FILTER,64.09030199999998
cold_hot,q21,4,DYNAMIC_FILTER,64.305848
cold_hot,q21,4,FILTER,65.97005899999999
cold_hot,q21,4,FILTER,73.030888
cold_hot,q21,4,GPU_SCAN,10960.218502
cold_hot,q21,4,GPU_SCAN,10969.024861
cold_hot,q21,4,HASH_GROUP_BY,1.190514
cold_hot,q21,4,HASH_GROUP_BY,0.617334
cold_hot,q21,4,HASH_JOIN,1319.4441029999998
cold_hot,q21,4,HASH_JOIN,1355.6476340000002
cold_hot,q21,4,MERGE_GROUP_BY,5.790066
cold_hot,q21,4,MERGE_GROUP_BY,5.752979000000001
cold_hot,q21,4,MERGE_SORT,0.272462
cold_hot,q21,4,MERGE_SORT,0.283027
cold_hot,q21,4,ORDER_BY,2.163326
cold_hot,q21,4,ORDER_BY,2.137668
cold_hot,q21,4,PARTITION,0.9908880000000001
cold_hot,q21,4,PARTITION,0.7680950000000001
cold_hot,q21,4,PROJECTION,0.513708
cold_hot,q21,4,PROJECTION,0.888258
cold_hot,q21,4,RESULT_COLLECTOR,0.406196
cold_hot,q21,4,RESULT_COLLECTOR,0.481681
cold_hot,q21,4,RIGHT_DELIM_JOIN,15.406121
cold_hot,q21,4,RIGHT_DELIM_JOIN,11.764667
cold_hot,q21,4,SORT_PARTITION,0.186585
cold_hot,q21,4,SORT_PARTITION,0.17913
cold_hot,q21,4,SORT_SAMPLE,0.119244
cold_hot,q21,4,SORT_SAMPLE,0.078738
cold_hot,q21,5,CONCAT,78.60317199999999
cold_hot,q21,5,CONCAT,79.408774
cold_hot,q21,5,DYNAMIC_FILTER,61.801699000000006
cold_hot,q21,5,DYNAMIC_FILTER,66.61873800000001
cold_hot,q21,5,FILTER,75.952242
cold_hot,q21,5,FILTER,72.760043
cold_hot,q21,5,GPU_SCAN,11049.188803000003
cold_hot,q21,5,GPU_SCAN,11070.777590999998
cold_hot,q21,5,HASH_GROUP_BY,1.186661
cold_hot,q21,5,HASH_GROUP_BY,0.994378
cold_hot,q21,5,HASH_JOIN,1292.401171
cold_hot,q21,5,HASH_JOIN,1296.003925
cold_hot,q21,5,MERGE_GROUP_BY,5.826992000000001
cold_hot,q21,5,MERGE_GROUP_BY,5.72127
cold_hot,q21,5,MERGE_SORT,0.266873
cold_hot,q21,5,MERGE_SORT,0.243615
cold_hot,q21,5,ORDER_BY,2.139584
cold_hot,q21,5,ORDER_BY,2.140386
cold_hot,q21,5,PARTITION,0.9418610000000001
cold_hot,q21,5,PARTITION,0.7383059999999999
cold_hot,q21,5,PROJECTION,0.50351
cold_hot,q21,5,PROJECTION,0.9013160000000001
cold_hot,q21,5,RESULT_COLLECTOR,1.292696
cold_hot,q21,5,RESULT_COLLECTOR,1.280967
cold_hot,q21,5,RIGHT_DELIM_JOIN,12.411867
cold_hot,q21,5,RIGHT_DELIM_JOIN,12.554677
cold_hot,q21,5,SORT_PARTITION,0.171257
cold_hot,q21,5,SORT_PARTITION,0.190538
cold_hot,q21,5,SORT_SAMPLE,0.070751
cold_hot,q21,5,SORT_SAMPLE,0.138489
cold_hot,q22,1,CONCAT,0.153506
cold_hot,q22,1,CONCAT,0.202826
cold_hot,q22,1,GPU_SCAN,302.899187
cold_hot,q22,1,GPU_SCAN,303.201027
cold_hot,q22,1,HASH_GROUP_BY,0.523935
cold_hot,q22,1,HASH_GROUP_BY,0.427593
cold_hot,q22,1,HASH_JOIN,29.833923
cold_hot,q22,1,HASH_JOIN,28.152895
cold_hot,q22,1,MERGE_AGGREGATE,0.14922
cold_hot,q22,1,MERGE_AGGREGATE,0.328597
cold_hot,q22,1,MERGE_GROUP_BY,0.042678
cold_hot,q22,1,MERGE_GROUP_BY,0.04796
cold_hot,q22,1,MERGE_SORT,0.013819
cold_hot,q22,1,MERGE_SORT,0.006254
cold_hot,q22,1,NESTED_LOOP_JOIN,2.264563
cold_hot,q22,1,NESTED_LOOP_JOIN,1.302268
cold_hot,q22,1,ORDER_BY,0.532756
cold_hot,q22,1,ORDER_BY,0.498489
cold_hot,q22,1,PARTITION,0.20374799999999998
cold_hot,q22,1,PARTITION,0.140565
cold_hot,q22,1,PROJECTION,0.352601
cold_hot,q22,1,PROJECTION,0.394014
cold_hot,q22,1,RESULT_COLLECTOR,0.518477
cold_hot,q22,1,RESULT_COLLECTOR,0.322454
cold_hot,q22,1,RIGHT_DELIM_JOIN,0.685291
cold_hot,q22,1,RIGHT_DELIM_JOIN,0.555573
cold_hot,q22,1,SORT_PARTITION,0.007416
cold_hot,q22,1,SORT_PARTITION,0.005218
cold_hot,q22,1,SORT_SAMPLE,0.007642
cold_hot,q22,1,SORT_SAMPLE,0.007806
cold_hot,q22,1,UNGROUPED_AGGREGATE,0.966263
cold_hot,q22,1,UNGROUPED_AGGREGATE,0.717057
cold_hot,q22,2,CONCAT,0.149368
cold_hot,q22,2,CONCAT,0.13513799999999998
cold_hot,q22,2,GPU_SCAN,299.600932
cold_hot,q22,2,GPU_SCAN,302.418024
cold_hot,q22,2,HASH_GROUP_BY,0.46953
cold_hot,q22,2,HASH_GROUP_BY,0.600592
cold_hot,q22,2,HASH_JOIN,29.202555
cold_hot,q22,2,HASH_JOIN,28.419196
cold_hot,q22,2,MERGE_AGGREGATE,0.293902
cold_hot,q22,2,MERGE_AGGREGATE,0.317697
cold_hot,q22,2,MERGE_GROUP_BY,0.011408999999999999
cold_hot,q22,2,MERGE_GROUP_BY,0.067089
cold_hot,q22,2,MERGE_SORT,0.006736
cold_hot,q22,2,MERGE_SORT,0.011819
cold_hot,q22,2,NESTED_LOOP_JOIN,0.889809
cold_hot,q22,2,NESTED_LOOP_JOIN,0.767059
cold_hot,q22,2,ORDER_BY,0.474264
cold_hot,q22,2,ORDER_BY,0.191936
cold_hot,q22,2,PARTITION,0.066785
cold_hot,q22,2,PARTITION,0.192366
cold_hot,q22,2,PROJECTION,0.336882
cold_hot,q22,2,PROJECTION,0.40214
cold_hot,q22,2,RESULT_COLLECTOR,0.100469
cold_hot,q22,2,RESULT_COLLECTOR,0.293728
cold_hot,q22,2,RIGHT_DELIM_JOIN,0.636675
cold_hot,q22,2,RIGHT_DELIM_JOIN,0.52755
cold_hot,q22,2,SORT_PARTITION,0.005745
cold_hot,q22,2,SORT_PARTITION,0.007217
cold_hot,q22,2,SORT_SAMPLE,0.006506
cold_hot,q22,2,SORT_SAMPLE,0.00856
cold_hot,q22,2,UNGROUPED_AGGREGATE,0.355789
cold_hot,q22,2,UNGROUPED_AGGREGATE,0.36763
cold_hot,q22,3,CONCAT,0.159036
cold_hot,q22,3,CONCAT,0.098056
cold_hot,q22,3,GPU_SCAN,301.78633
cold_hot,q22,3,GPU_SCAN,298.628198
cold_hot,q22,3,HASH_GROUP_BY,0.638325
cold_hot,q22,3,HASH_GROUP_BY,0.543699
cold_hot,q22,3,HASH_JOIN,29.604601
cold_hot,q22,3,HASH_JOIN,28.666178000000002
cold_hot,q22,3,MERGE_AGGREGATE,0.359296
cold_hot,q22,3,MERGE_AGGREGATE,0.343325
cold_hot,q22,3,MERGE_GROUP_BY,0.042309
cold_hot,q22,3,MERGE_GROUP_BY,0.029595999999999997
cold_hot,q22,3,MERGE_SORT,0.0091
cold_hot,q22,3,MERGE_SORT,0.041358
cold_hot,q22,3,NESTED_LOOP_JOIN,0.942982
cold_hot,q22,3,NESTED_LOOP_JOIN,0.973676
cold_hot,q22,3,ORDER_BY,0.214116
cold_hot,q22,3,ORDER_BY,0.513675
cold_hot,q22,3,PARTITION,0.193389
cold_hot,q22,3,PARTITION,0.15240099999999998
cold_hot,q22,3,PROJECTION,0.430829
cold_hot,q22,3,PROJECTION,0.6142770000000001
cold_hot,q22,3,RESULT_COLLECTOR,0.314204
cold_hot,q22,3,RESULT_COLLECTOR,0.090463
cold_hot,q22,3,RIGHT_DELIM_JOIN,0.671164
cold_hot,q22,3,RIGHT_DELIM_JOIN,0.656642
cold_hot,q22,3,SORT_PARTITION,0.007446
cold_hot,q22,3,SORT_PARTITION,0.005044
cold_hot,q22,3,SORT_SAMPLE,0.010054
cold_hot,q22,3,SORT_SAMPLE,0.008708
cold_hot,q22,3,UNGROUPED_AGGREGATE,0.386567
cold_hot,q22,3,UNGROUPED_AGGREGATE,0.31833500000000003
cold_hot,q22,4,CONCAT,0.10286299999999998
cold_hot,q22,4,CONCAT,0.208104
cold_hot,q22,4,GPU_SCAN,298.988257
cold_hot,q22,4,GPU_SCAN,303.472241
cold_hot,q22,4,HASH_GROUP_BY,0.529246
cold_hot,q22,4,HASH_GROUP_BY,0.650456
cold_hot,q22,4,HASH_JOIN,29.366287
cold_hot,q22,4,HASH_JOIN,28.093599
cold_hot,q22,4,MERGE_AGGREGATE,0.38133
cold_hot,q22,4,MERGE_AGGREGATE,0.390313
cold_hot,q22,4,MERGE_GROUP_BY,0.013853
cold_hot,q22,4,MERGE_GROUP_BY,0.041025000000000006
cold_hot,q22,4,MERGE_SORT,0.005948
cold_hot,q22,4,MERGE_SORT,0.011154
cold_hot,q22,4,NESTED_LOOP_JOIN,1.595324
cold_hot,q22,4,NESTED_LOOP_JOIN,2.126864
cold_hot,q22,4,ORDER_BY,0.195145
cold_hot,q22,4,ORDER_BY,0.612093
cold_hot,q22,4,PARTITION,0.172826
cold_hot,q22,4,PARTITION,0.177288
cold_hot,q22,4,PROJECTION,0.329677
cold_hot,q22,4,PROJECTION,0.51868
cold_hot,q22,4,RESULT_COLLECTOR,0.093367
cold_hot,q22,4,RESULT_COLLECTOR,0.144343
cold_hot,q22,4,RIGHT_DELIM_JOIN,0.730414
cold_hot,q22,4,RIGHT_DELIM_JOIN,0.580875
cold_hot,q22,4,SORT_PARTITION,0.004741
cold_hot,q22,4,SORT_PARTITION,0.007142
cold_hot,q22,4,SORT_SAMPLE,0.00853
cold_hot,q22,4,SORT_SAMPLE,0.010895
cold_hot,q22,4,UNGROUPED_AGGREGATE,0.366315
cold_hot,q22,4,UNGROUPED_AGGREGATE,0.886226
cold_hot,q22,5,CONCAT,0.149059
cold_hot,q22,5,CONCAT,0.194461
cold_hot,q22,5,GPU_SCAN,309.599893
cold_hot,q22,5,GPU_SCAN,301.84677600000003
cold_hot,q22,5,HASH_GROUP_BY,0.58135
cold_hot,q22,5,HASH_GROUP_BY,0.881022
cold_hot,q22,5,HASH_JOIN,28.949178
cold_hot,q22,5,HASH_JOIN,28.758498000000003
cold_hot,q22,5,MERGE_AGGREGATE,0.284883
cold_hot,q22,5,MERGE_AGGREGATE,0.251612
cold_hot,q22,5,MERGE_GROUP_BY,0.021553
cold_hot,q22,5,MERGE_GROUP_BY,0.07461899999999999
cold_hot,q22,5,MERGE_SORT,0.006497
cold_hot,q22,5,MERGE_SORT,0.010511
cold_hot,q22,5,NESTED_LOOP_JOIN,1.397638
cold_hot,q22,5,NESTED_LOOP_JOIN,0.977579
cold_hot,q22,5,ORDER_BY,0.544579
cold_hot,q22,5,ORDER_BY,0.544228
cold_hot,q22,5,PARTITION,0.118666
cold_hot,q22,5,PARTITION,0.183169
cold_hot,q22,5,PROJECTION,0.37927900000000003
cold_hot,q22,5,PROJECTION,0.707248
cold_hot,q22,5,RESULT_COLLECTOR,0.093105
cold_hot,q22,5,RESULT_COLLECTOR,0.21041
cold_hot,q22,5,RIGHT_DELIM_JOIN,0.623676
cold_hot,q22,5,RIGHT_DELIM_JOIN,0.54665
cold_hot,q22,5,SORT_PARTITION,0.004972
cold_hot,q22,5,SORT_PARTITION,0.011759
cold_hot,q22,5,SORT_SAMPLE,0.007086
cold_hot,q22,5,SORT_SAMPLE,0.020089
cold_hot,q22,5,UNGROUPED_AGGREGATE,0.744794
cold_hot,q22,5,UNGROUPED_AGGREGATE,0.591036
