condition,query,execution,operator_kind,duration_ms
paging,q1,1,GPU_SCAN,5174.729948999999
paging,q1,1,GPU_SCAN,4492.607247
paging,q1,1,GPU_SCAN,4921.236800000001
paging,q1,1,HASH_GROUP_BY,1529.6098359999999
paging,q1,1,HASH_GROUP_BY,1161.936997
paging,q1,1,HASH_GROUP_BY,1334.2104330000002
paging,q1,1,MERGE_GROUP_BY,9.877933
paging,q1,1,MERGE_GROUP_BY,2.325907
paging,q1,1,MERGE_GROUP_BY,1.121846
paging,q1,1,MERGE_SORT,11.266635
paging,q1,1,MERGE_SORT,0.840524
paging,q1,1,MERGE_SORT,1.528494
paging,q1,1,ORDER_BY,6.115421
paging,q1,1,ORDER_BY,0.710198
paging,q1,1,ORDER_BY,0.733144
paging,q1,1,PARTITION,1.115665
paging,q1,1,PARTITION,0.8228590000000001
paging,q1,1,PARTITION,0.9923589999999997
paging,q1,1,PROJECTION,214.53004600000006
paging,q1,1,PROJECTION,186.29915399999996
paging,q1,1,PROJECTION,224.923668
paging,q1,1,RESULT_COLLECTOR,0.632813
paging,q1,1,RESULT_COLLECTOR,0.253901
paging,q1,1,RESULT_COLLECTOR,0.239212
paging,q1,1,SORT_PARTITION,5.966166
paging,q1,1,SORT_PARTITION,1.104611
paging,q1,1,SORT_PARTITION,0.950151
paging,q1,1,SORT_SAMPLE,0.559959
paging,q1,1,SORT_SAMPLE,0.443047
paging,q1,1,SORT_SAMPLE,0.347308
paging,q1,2,GPU_SCAN,4615.685685999999
paging,q1,2,GPU_SCAN,4713.715031
paging,q1,2,GPU_SCAN,4598.318978
paging,q1,2,HASH_GROUP_BY,1328.047471
paging,q1,2,HASH_GROUP_BY,1310.1024849999997
paging,q1,2,HASH_GROUP_BY,1282.452167
paging,q1,2,MERGE_GROUP_BY,1.15403
paging,q1,2,MERGE_GROUP_BY,3.185107
paging,q1,2,MERGE_GROUP_BY,1.1879
paging,q1,2,MERGE_SORT,1.832192
paging,q1,2,MERGE_SORT,3.120045
paging,q1,2,MERGE_SORT,1.766987
paging,q1,2,ORDER_BY,0.971125
paging,q1,2,ORDER_BY,1.007377
paging,q1,2,ORDER_BY,0.394756
paging,q1,2,PARTITION,1.065512
paging,q1,2,PARTITION,0.875158
paging,q1,2,PARTITION,0.9024110000000002
paging,q1,2,PROJECTION,176.625435
paging,q1,2,PROJECTION,232.49054500000003
paging,q1,2,PROJECTION,236.85504400000002
paging,q1,2,RESULT_COLLECTOR,0.341912
paging,q1,2,RESULT_COLLECTOR,0.402583
paging,q1,2,RESULT_COLLECTOR,0.170159
paging,q1,2,SORT_PARTITION,0.954247
paging,q1,2,SORT_PARTITION,1.253603
paging,q1,2,SORT_PARTITION,0.51034
paging,q1,2,SORT_SAMPLE,0.347747
paging,q1,2,SORT_SAMPLE,0.589012
paging,q1,2,SORT_SAMPLE,0.13384
paging,q1,3,GPU_SCAN,4548.441059
paging,q1,3,GPU_SCAN,4632.342309000001
paging,q1,3,GPU_SCAN,4679.915411999999
paging,q1,3,HASH_GROUP_BY,1363.1164239999998
paging,q1,3,HASH_GROUP_BY,1327.0978340000001
paging,q1,3,HASH_GROUP_BY,1289.701508
paging,q1,3,MERGE_GROUP_BY,2.759965
paging,q1,3,MERGE_GROUP_BY,1.367378
paging,q1,3,MERGE_GROUP_BY,1.145242
paging,q1,3,MERGE_SORT,2.43855
paging,q1,3,MERGE_SORT,2.107208
paging,q1,3,MERGE_SORT,1.54911
paging,q1,3,ORDER_BY,0.565259
paging,q1,3,ORDER_BY,0.814083
paging,q1,3,ORDER_BY,0.64891
paging,q1,3,PARTITION,0.9892480000000001
paging,q1,3,PARTITION,0.8599599999999998
paging,q1,3,PARTITION,1.0184560000000002
paging,q1,3,PROJECTION,213.5303930000001
paging,q1,3,PROJECTION,191.274911
paging,q1,3,PROJECTION,284.23810100000003
paging,q1,3,RESULT_COLLECTOR,0.164794
paging,q1,3,RESULT_COLLECTOR,0.146699
paging,q1,3,RESULT_COLLECTOR,0.173163
paging,q1,3,SORT_PARTITION,0.859348
paging,q1,3,SORT_PARTITION,1.5402
paging,q1,3,SORT_PARTITION,0.51357
paging,q1,3,SORT_SAMPLE,0.335548
paging,q1,3,SORT_SAMPLE,0.467252
paging,q1,3,SORT_SAMPLE,0.200219
paging,q1,4,GPU_SCAN,4625.233792999999
paging,q1,4,GPU_SCAN,4665.073599000001
paging,q1,4,GPU_SCAN,4676.719091999999
paging,q1,4,HASH_GROUP_BY,1342.7017279999998
paging,q1,4,HASH_GROUP_BY,1300.2811649999999
paging,q1,4,HASH_GROUP_BY,1280.026245
paging,q1,4,MERGE_GROUP_BY,1.209696
paging,q1,4,MERGE_GROUP_BY,1.289339
paging,q1,4,MERGE_GROUP_BY,1.994083
paging,q1,4,MERGE_SORT,1.708247
paging,q1,4,MERGE_SORT,1.862817
paging,q1,4,MERGE_SORT,0.880169
paging,q1,4,ORDER_BY,0.392561
paging,q1,4,ORDER_BY,0.652982
paging,q1,4,ORDER_BY,0.464278
paging,q1,4,PARTITION,0.9913870000000001
paging,q1,4,PARTITION,1.191697
paging,q1,4,PARTITION,0.9960510000000002
paging,q1,4,PROJECTION,174.606407
paging,q1,4,PROJECTION,258.9357689999999
paging,q1,4,PROJECTION,238.12863200000004
paging,q1,4,RESULT_COLLECTOR,0.161445
paging,q1,4,RESULT_COLLECTOR,0.152149
paging,q1,4,RESULT_COLLECTOR,0.154289
paging,q1,4,SORT_PARTITION,0.86215
paging,q1,4,SORT_PARTITION,0.768502
paging,q1,4,SORT_PARTITION,0.941709
paging,q1,4,SORT_SAMPLE,0.577332
paging,q1,4,SORT_SAMPLE,0.29598
paging,q1,4,SORT_SAMPLE,0.372237
paging,q1,5,GPU_SCAN,4733.734671000001
paging,q1,5,GPU_SCAN,4557.10154
paging,q1,5,GPU_SCAN,4750.443276999999
paging,q1,5,HASH_GROUP_BY,1301.504348
paging,q1,5,HASH_GROUP_BY,1324.1316980000004
paging,q1,5,HASH_GROUP_BY,1319.5114290000004
paging,q1,5,MERGE_GROUP_BY,1.261674
paging,q1,5,MERGE_GROUP_BY,1.25774
paging,q1,5,MERGE_GROUP_BY,2.68177
paging,q1,5,MERGE_SORT,1.83179
paging,q1,5,MERGE_SORT,1.516889
paging,q1,5,MERGE_SORT,1.059648
paging,q1,5,ORDER_BY,0.613399
paging,q1,5,ORDER_BY,0.619454
paging,q1,5,ORDER_BY,0.484757
paging,q1,5,PARTITION,1.3524279999999995
paging,q1,5,PARTITION,0.735753
paging,q1,5,PARTITION,0.7534339999999999
paging,q1,5,PROJECTION,209.76429999999996
paging,q1,5,PROJECTION,193.61308800000006
paging,q1,5,PROJECTION,254.278167
paging,q1,5,RESULT_COLLECTOR,0.149303
paging,q1,5,RESULT_COLLECTOR,0.163938
paging,q1,5,RESULT_COLLECTOR,0.150904
paging,q1,5,SORT_PARTITION,0.939763
paging,q1,5,SORT_PARTITION,0.718551
paging,q1,5,SORT_PARTITION,0.579673
paging,q1,5,SORT_SAMPLE,0.34278
paging,q1,5,SORT_SAMPLE,0.27465
paging,q1,5,SORT_SAMPLE,0.160274
paging,q2,1,CONCAT,3.9496720000000005
paging,q2,1,CONCAT,3.983244
paging,q2,1,CONCAT,3.5132760000000003
paging,q2,1,DYNAMIC_FILTER,8.726299000000001
paging,q2,1,DYNAMIC_FILTER,10.706327
paging,q2,1,DYNAMIC_FILTER,8.461389
paging,q2,1,FILTER,0.584963
paging,q2,1,FILTER,0.611824
paging,q2,1,FILTER,0.560285
paging,q2,1,GPU_SCAN,685.860679
paging,q2,1,GPU_SCAN,698.122877
paging,q2,1,GPU_SCAN,683.1508259999999
paging,q2,1,HASH_GROUP_BY,0.408728
paging,q2,1,HASH_GROUP_BY,0.374318
paging,q2,1,HASH_GROUP_BY,0.30145
paging,q2,1,HASH_JOIN,7.837816000000001
paging,q2,1,HASH_JOIN,7.835038000000001
paging,q2,1,HASH_JOIN,7.36526
paging,q2,1,LEFT_DELIM_JOIN,0.17097
paging,q2,1,LEFT_DELIM_JOIN,0.21509
paging,q2,1,LEFT_DELIM_JOIN,0.180758
paging,q2,1,MERGE_GROUP_BY,0.011417
paging,q2,1,MERGE_GROUP_BY,0.022688
paging,q2,1,MERGE_GROUP_BY,0.010581
paging,q2,1,MERGE_SORT,0.930763
paging,q2,1,MERGE_SORT,1.891542
paging,q2,1,MERGE_SORT,0.7785
paging,q2,1,ORDER_BY,1.277395
paging,q2,1,ORDER_BY,1.353237
paging,q2,1,ORDER_BY,1.248046
paging,q2,1,PARTITION,0.39072700000000005
paging,q2,1,PARTITION,0.44251
paging,q2,1,PARTITION,0.200112
paging,q2,1,PROJECTION,0.08719299999999999
paging,q2,1,PROJECTION,0.0927
paging,q2,1,PROJECTION,0.035595
paging,q2,1,RESULT_COLLECTOR,6.254929
paging,q2,1,RESULT_COLLECTOR,5.408899
paging,q2,1,RESULT_COLLECTOR,3.849782
paging,q2,1,SORT_PARTITION,1.258416
paging,q2,1,SORT_PARTITION,1.404658
paging,q2,1,SORT_PARTITION,1.1577
paging,q2,1,SORT_SAMPLE,0.146961
paging,q2,1,SORT_SAMPLE,0.160216
paging,q2,1,SORT_SAMPLE,0.143259
paging,q2,2,CONCAT,3.6038169999999994
paging,q2,2,CONCAT,3.665136000000001
paging,q2,2,CONCAT,3.5604240000000003
paging,q2,2,DYNAMIC_FILTER,8.794297
paging,q2,2,DYNAMIC_FILTER,8.508405999999999
paging,q2,2,DYNAMIC_FILTER,12.253373
paging,q2,2,FILTER,0.582444
paging,q2,2,FILTER,0.574784
paging,q2,2,FILTER,0.593185
paging,q2,2,GPU_SCAN,672.2817660000001
paging,q2,2,GPU_SCAN,675.24639
paging,q2,2,GPU_SCAN,675.7285649999999
paging,q2,2,HASH_GROUP_BY,0.285893
paging,q2,2,HASH_GROUP_BY,0.37191
paging,q2,2,HASH_GROUP_BY,0.287554
paging,q2,2,HASH_JOIN,7.811378000000001
paging,q2,2,HASH_JOIN,6.612495
paging,q2,2,HASH_JOIN,7.471646
paging,q2,2,LEFT_DELIM_JOIN,0.168918
paging,q2,2,LEFT_DELIM_JOIN,0.150593
paging,q2,2,LEFT_DELIM_JOIN,0.129586
paging,q2,2,MERGE_GROUP_BY,0.011272
paging,q2,2,MERGE_GROUP_BY,0.010761
paging,q2,2,MERGE_GROUP_BY,0.039229999999999994
paging,q2,2,MERGE_SORT,1.546315
paging,q2,2,MERGE_SORT,1.530732
paging,q2,2,MERGE_SORT,1.631838
paging,q2,2,ORDER_BY,1.30225
paging,q2,2,ORDER_BY,1.323728
paging,q2,2,ORDER_BY,1.257049
paging,q2,2,PARTITION,0.286744
paging,q2,2,PARTITION,0.260325
paging,q2,2,PARTITION,0.486518
paging,q2,2,PROJECTION,0.04568
paging,q2,2,PROJECTION,0.058939000000000005
paging,q2,2,PROJECTION,0.09811199999999999
paging,q2,2,RESULT_COLLECTOR,2.261494
paging,q2,2,RESULT_COLLECTOR,1.904186
paging,q2,2,RESULT_COLLECTOR,3.110086
paging,q2,2,SORT_PARTITION,1.548265
paging,q2,2,SORT_PARTITION,1.534489
paging,q2,2,SORT_PARTITION,1.533421
paging,q2,2,SORT_SAMPLE,0.206497
paging,q2,2,SORT_SAMPLE,0.213857
paging,q2,2,SORT_SAMPLE,0.266406
paging,q2,3,CONCAT,3.673089
paging,q2,3,CONCAT,4.076858
paging,q2,3,CONCAT,3.629183
paging,q2,3,DYNAMIC_FILTER,8.537245
paging,q2,3,DYNAMIC_FILTER,10.207704
paging,q2,3,DYNAMIC_FILTER,11.184503000000001
paging,q2,3,FILTER,0.565516
paging,q2,3,FILTER,0.625245
paging,q2,3,FILTER,0.790374
paging,q2,3,GPU_SCAN,671.082748
paging,q2,3,GPU_SCAN,685.436149
paging,q2,3,GPU_SCAN,685.6025119999999
paging,q2,3,HASH_GROUP_BY,0.294242
paging,q2,3,HASH_GROUP_BY,0.39737
paging,q2,3,HASH_GROUP_BY,0.435271
paging,q2,3,HASH_JOIN,6.921265999999999
paging,q2,3,HASH_JOIN,7.3608839999999995
paging,q2,3,HASH_JOIN,8.919622
paging,q2,3,LEFT_DELIM_JOIN,0.172732
paging,q2,3,LEFT_DELIM_JOIN,0.131062
paging,q2,3,LEFT_DELIM_JOIN,0.138541
paging,q2,3,MERGE_GROUP_BY,0.011304
paging,q2,3,MERGE_GROUP_BY,0.013764
paging,q2,3,MERGE_GROUP_BY,0.025331
paging,q2,3,MERGE_SORT,1.965262
paging,q2,3,MERGE_SORT,1.981995
paging,q2,3,MERGE_SORT,1.751123
paging,q2,3,ORDER_BY,1.239296
paging,q2,3,ORDER_BY,1.346909
paging,q2,3,ORDER_BY,1.333134
paging,q2,3,PARTITION,0.3180730000000001
paging,q2,3,PARTITION,0.3719520000000001
paging,q2,3,PARTITION,0.37620899999999996
paging,q2,3,PROJECTION,0.040916
paging,q2,3,PROJECTION,0.048214
paging,q2,3,PROJECTION,0.053499
paging,q2,3,RESULT_COLLECTOR,2.922413
paging,q2,3,RESULT_COLLECTOR,2.242811
paging,q2,3,RESULT_COLLECTOR,3.677257
paging,q2,3,SORT_PARTITION,1.435409
paging,q2,3,SORT_PARTITION,1.663764
paging,q2,3,SORT_PARTITION,1.907564
paging,q2,3,SORT_SAMPLE,0.142044
paging,q2,3,SORT_SAMPLE,0.192804
paging,q2,3,SORT_SAMPLE,0.278521
paging,q2,4,CONCAT,3.498461
paging,q2,4,CONCAT,3.4315319999999994
paging,q2,4,CONCAT,3.9661289999999996
paging,q2,4,DYNAMIC_FILTER,11.007657
paging,q2,4,DYNAMIC_FILTER,11.170097
paging,q2,4,DYNAMIC_FILTER,8.830024
paging,q2,4,FILTER,0.547171
paging,q2,4,FILTER,0.549927
paging,q2,4,FILTER,0.549954
paging,q2,4,GPU_SCAN,671.477199
paging,q2,4,GPU_SCAN,675.334887
paging,q2,4,GPU_SCAN,679.7931150000001
paging,q2,4,HASH_GROUP_BY,0.321087
paging,q2,4,HASH_GROUP_BY,0.338817
paging,q2,4,HASH_GROUP_BY,0.312819
paging,q2,4,HASH_JOIN,8.971541
paging,q2,4,HASH_JOIN,6.338843999999999
paging,q2,4,HASH_JOIN,7.630045
paging,q2,4,LEFT_DELIM_JOIN,0.192123
paging,q2,4,LEFT_DELIM_JOIN,0.200653
paging,q2,4,LEFT_DELIM_JOIN,0.183635
paging,q2,4,MERGE_GROUP_BY,0.011754
paging,q2,4,MERGE_GROUP_BY,0.011967
paging,q2,4,MERGE_GROUP_BY,0.010029
paging,q2,4,MERGE_SORT,1.104195
paging,q2,4,MERGE_SORT,1.15377
paging,q2,4,MERGE_SORT,0.790114
paging,q2,4,ORDER_BY,1.291089
paging,q2,4,ORDER_BY,1.314274
paging,q2,4,ORDER_BY,1.241713
paging,q2,4,PARTITION,0.282417
paging,q2,4,PARTITION,0.24244200000000005
paging,q2,4,PARTITION,0.40519999999999995
paging,q2,4,PROJECTION,0.044117
paging,q2,4,PROJECTION,0.078554
paging,q2,4,PROJECTION,0.046498
paging,q2,4,RESULT_COLLECTOR,4.812366
paging,q2,4,RESULT_COLLECTOR,3.618264
paging,q2,4,RESULT_COLLECTOR,2.006225
paging,q2,4,SORT_PARTITION,1.919648
paging,q2,4,SORT_PARTITION,1.320679
paging,q2,4,SORT_PARTITION,1.28332
paging,q2,4,SORT_SAMPLE,0.257153
paging,q2,4,SORT_SAMPLE,0.1368
paging,q2,4,SORT_SAMPLE,0.135751
paging,q2,5,CONCAT,3.6973059999999998
paging,q2,5,CONCAT,4.7013750000000005
paging,q2,5,CONCAT,3.804674
paging,q2,5,DYNAMIC_FILTER,11.991897999999999
paging,q2,5,DYNAMIC_FILTER,8.948902
paging,q2,5,DYNAMIC_FILTER,11.443855000000001
paging,q2,5,FILTER,0.705385
paging,q2,5,FILTER,0.698429
paging,q2,5,FILTER,0.558569
paging,q2,5,GPU_SCAN,690.1925
paging,q2,5,GPU_SCAN,695.581244
paging,q2,5,GPU_SCAN,682.987216
paging,q2,5,HASH_GROUP_BY,0.656583
paging,q2,5,HASH_GROUP_BY,0.619974
paging,q2,5,HASH_GROUP_BY,0.352473
paging,q2,5,HASH_JOIN,7.879340999999999
paging,q2,5,HASH_JOIN,12.023501999999999
paging,q2,5,HASH_JOIN,7.521293
paging,q2,5,LEFT_DELIM_JOIN,0.152756
paging,q2,5,LEFT_DELIM_JOIN,0.310277
paging,q2,5,LEFT_DELIM_JOIN,0.231445
paging,q2,5,MERGE_GROUP_BY,0.035124999999999997
paging,q2,5,MERGE_GROUP_BY,0.035266
paging,q2,5,MERGE_GROUP_BY,0.021113
paging,q2,5,MERGE_SORT,0.937434
paging,q2,5,MERGE_SORT,0.939881
paging,q2,5,MERGE_SORT,0.788038
paging,q2,5,ORDER_BY,1.390438
paging,q2,5,ORDER_BY,1.713563
paging,q2,5,ORDER_BY,1.23458
paging,q2,5,PARTITION,0.3137149999999999
paging,q2,5,PARTITION,0.6861160000000002
paging,q2,5,PARTITION,0.36495500000000003
paging,q2,5,PROJECTION,0.133428
paging,q2,5,PROJECTION,0.132121
paging,q2,5,PROJECTION,0.039174
paging,q2,5,RESULT_COLLECTOR,4.221031
paging,q2,5,RESULT_COLLECTOR,4.658269
paging,q2,5,RESULT_COLLECTOR,2.102223
paging,q2,5,SORT_PARTITION,1.752926
paging,q2,5,SORT_PARTITION,1.899941
paging,q2,5,SORT_PARTITION,1.362454
paging,q2,5,SORT_SAMPLE,0.413792
paging,q2,5,SORT_SAMPLE,0.204342
paging,q2,5,SORT_SAMPLE,0.180572
paging,q3,1,CONCAT,6.0080670000000005
paging,q3,1,CONCAT,5.952407
paging,q3,1,CONCAT,6.129391
paging,q3,1,DYNAMIC_FILTER,37.516683
paging,q3,1,DYNAMIC_FILTER,30.199477
paging,q3,1,DYNAMIC_FILTER,24.627895000000002
paging,q3,1,GPU_SCAN,4602.53704
paging,q3,1,GPU_SCAN,4616.104613999999
paging,q3,1,GPU_SCAN,4406.223467
paging,q3,1,HASH_GROUP_BY,1.19118
paging,q3,1,HASH_GROUP_BY,1.290297
paging,q3,1,HASH_GROUP_BY,1.211385
paging,q3,1,HASH_JOIN,10.440672
paging,q3,1,HASH_JOIN,10.531967
paging,q3,1,HASH_JOIN,10.69209
paging,q3,1,MERGE_GROUP_BY,0.01456
paging,q3,1,MERGE_GROUP_BY,0.022819
paging,q3,1,MERGE_GROUP_BY,0.023526
paging,q3,1,MERGE_SORT,0.99147
paging,q3,1,MERGE_SORT,0.361292
paging,q3,1,MERGE_SORT,0.633446
paging,q3,1,ORDER_BY,2.453612
paging,q3,1,ORDER_BY,2.538869
paging,q3,1,ORDER_BY,2.375855
paging,q3,1,PARTITION,0.4442330000000001
paging,q3,1,PARTITION,0.325364
paging,q3,1,PARTITION,0.342327
paging,q3,1,PROJECTION,0.28467699999999996
paging,q3,1,PROJECTION,0.238806
paging,q3,1,PROJECTION,0.219326
paging,q3,1,RESULT_COLLECTOR,9.75983
paging,q3,1,RESULT_COLLECTOR,8.805493
paging,q3,1,RESULT_COLLECTOR,11.274777
paging,q3,1,SORT_PARTITION,0.236733
paging,q3,1,SORT_PARTITION,0.215767
paging,q3,1,SORT_PARTITION,0.20176
paging,q3,1,SORT_SAMPLE,0.073167
paging,q3,1,SORT_SAMPLE,0.036332
paging,q3,1,SORT_SAMPLE,0.026387
paging,q3,2,CONCAT,6.230418
paging,q3,2,CONCAT,5.932287
paging,q3,2,CONCAT,6.348478000000001
paging,q3,2,DYNAMIC_FILTER,38.67381099999999
paging,q3,2,DYNAMIC_FILTER,34.253277000000004
paging,q3,2,DYNAMIC_FILTER,25.961879
paging,q3,2,GPU_SCAN,4408.587361000001
paging,q3,2,GPU_SCAN,4554.627675
paging,q3,2,GPU_SCAN,4560.635196
paging,q3,2,HASH_GROUP_BY,1.233101
paging,q3,2,HASH_GROUP_BY,1.302367
paging,q3,2,HASH_GROUP_BY,1.302272
paging,q3,2,HASH_JOIN,10.246768
paging,q3,2,HASH_JOIN,10.623033
paging,q3,2,HASH_JOIN,10.395104
paging,q3,2,MERGE_GROUP_BY,0.028619
paging,q3,2,MERGE_GROUP_BY,0.022858
paging,q3,2,MERGE_GROUP_BY,0.012491
paging,q3,2,MERGE_SORT,0.349997
paging,q3,2,MERGE_SORT,0.344011
paging,q3,2,MERGE_SORT,0.394487
paging,q3,2,ORDER_BY,2.384402
paging,q3,2,ORDER_BY,2.548536
paging,q3,2,ORDER_BY,2.529574
paging,q3,2,PARTITION,0.38415200000000005
paging,q3,2,PARTITION,0.34624900000000003
paging,q3,2,PARTITION,0.393888
paging,q3,2,PROJECTION,0.229072
paging,q3,2,PROJECTION,0.236151
paging,q3,2,PROJECTION,0.23822000000000002
paging,q3,2,RESULT_COLLECTOR,6.136627
paging,q3,2,RESULT_COLLECTOR,4.216334
paging,q3,2,RESULT_COLLECTOR,4.394512
paging,q3,2,SORT_PARTITION,0.256411
paging,q3,2,SORT_PARTITION,0.237505
paging,q3,2,SORT_PARTITION,0.2047
paging,q3,2,SORT_SAMPLE,0.080648
paging,q3,2,SORT_SAMPLE,0.063498
paging,q3,2,SORT_SAMPLE,0.032179
paging,q3,3,CONCAT,5.362481
paging,q3,3,CONCAT,5.601305000000001
paging,q3,3,CONCAT,5.419655
paging,q3,3,DYNAMIC_FILTER,19.771675000000005
paging,q3,3,DYNAMIC_FILTER,20.316295999999998
paging,q3,3,DYNAMIC_FILTER,23.071777
paging,q3,3,GPU_SCAN,4144.923387
paging,q3,3,GPU_SCAN,4346.1869240000005
paging,q3,3,GPU_SCAN,4519.354239
paging,q3,3,HASH_GROUP_BY,1.2712
paging,q3,3,HASH_GROUP_BY,1.26965
paging,q3,3,HASH_GROUP_BY,1.411648
paging,q3,3,HASH_JOIN,10.257539000000001
paging,q3,3,HASH_JOIN,10.635983
paging,q3,3,HASH_JOIN,10.547263000000001
paging,q3,3,MERGE_GROUP_BY,0.060794
paging,q3,3,MERGE_GROUP_BY,0.025354
paging,q3,3,MERGE_GROUP_BY,0.02446
paging,q3,3,MERGE_SORT,1.028905
paging,q3,3,MERGE_SORT,0.492444
paging,q3,3,MERGE_SORT,0.445557
paging,q3,3,ORDER_BY,2.6659
paging,q3,3,ORDER_BY,2.402087
paging,q3,3,ORDER_BY,2.474281
paging,q3,3,PARTITION,0.8386129999999998
paging,q3,3,PARTITION,0.31529199999999996
paging,q3,3,PARTITION,0.22930399999999998
paging,q3,3,PROJECTION,0.299177
paging,q3,3,PROJECTION,0.220829
paging,q3,3,PROJECTION,0.24063600000000002
paging,q3,3,RESULT_COLLECTOR,9.269359
paging,q3,3,RESULT_COLLECTOR,5.575395
paging,q3,3,RESULT_COLLECTOR,5.700298
paging,q3,3,SORT_PARTITION,0.339239
paging,q3,3,SORT_PARTITION,0.213474
paging,q3,3,SORT_PARTITION,0.238069
paging,q3,3,SORT_SAMPLE,0.1098
paging,q3,3,SORT_SAMPLE,0.030513
paging,q3,3,SORT_SAMPLE,0.06727
paging,q3,4,CONCAT,5.48524
paging,q3,4,CONCAT,5.766852999999999
paging,q3,4,CONCAT,5.4979949999999995
paging,q3,4,DYNAMIC_FILTER,27.735090000000007
paging,q3,4,DYNAMIC_FILTER,30.978759
paging,q3,4,DYNAMIC_FILTER,24.465673000000002
paging,q3,4,GPU_SCAN,4792.676803
paging,q3,4,GPU_SCAN,4825.760337
paging,q3,4,GPU_SCAN,4506.494691
paging,q3,4,HASH_GROUP_BY,1.411335
paging,q3,4,HASH_GROUP_BY,1.284012
paging,q3,4,HASH_GROUP_BY,1.424643
paging,q3,4,HASH_JOIN,10.723339
paging,q3,4,HASH_JOIN,10.724125
paging,q3,4,HASH_JOIN,10.651197
paging,q3,4,MERGE_GROUP_BY,0.010277
paging,q3,4,MERGE_GROUP_BY,0.042711
paging,q3,4,MERGE_GROUP_BY,0.056954
paging,q3,4,MERGE_SORT,0.404169
paging,q3,4,MERGE_SORT,0.695614
paging,q3,4,MERGE_SORT,0.855005
paging,q3,4,ORDER_BY,2.412858
paging,q3,4,ORDER_BY,2.487502
paging,q3,4,ORDER_BY,2.429946
paging,q3,4,PARTITION,0.6456720000000001
paging,q3,4,PARTITION,0.25463399999999997
paging,q3,4,PARTITION,0.290005
paging,q3,4,PROJECTION,0.23746
paging,q3,4,PROJECTION,0.230458
paging,q3,4,PROJECTION,0.237028
paging,q3,4,RESULT_COLLECTOR,5.880573
paging,q3,4,RESULT_COLLECTOR,7.016629
paging,q3,4,RESULT_COLLECTOR,6.660622
paging,q3,4,SORT_PARTITION,0.231317
paging,q3,4,SORT_PARTITION,0.222659
paging,q3,4,SORT_PARTITION,0.240585
paging,q3,4,SORT_SAMPLE,0.064698
paging,q3,4,SORT_SAMPLE,0.061012
paging,q3,4,SORT_SAMPLE,0.040912
paging,q3,5,CONCAT,5.428708
paging,q3,5,CONCAT,5.403658000000001
paging,q3,5,CONCAT,5.4129380000000005
paging,q3,5,DYNAMIC_FILTER,33.908979
paging,q3,5,DYNAMIC_FILTER,21.682458
paging,q3,5,DYNAMIC_FILTER,26.527145
paging,q3,5,GPU_SCAN,4976.612994
paging,q3,5,GPU_SCAN,4830.430460999999
paging,q3,5,GPU_SCAN,5265.846578999999
paging,q3,5,HASH_GROUP_BY,1.239694
paging,q3,5,HASH_GROUP_BY,1.26699
paging,q3,5,HASH_GROUP_BY,1.345867
paging,q3,5,HASH_JOIN,10.142741000000001
paging,q3,5,HASH_JOIN,10.343902
paging,q3,5,HASH_JOIN,10.550739
paging,q3,5,MERGE_GROUP_BY,0.023065
paging,q3,5,MERGE_GROUP_BY,0.010042
paging,q3,5,MERGE_GROUP_BY,0.031364
paging,q3,5,MERGE_SORT,0.443007
paging,q3,5,MERGE_SORT,0.517573
paging,q3,5,MERGE_SORT,0.358893
paging,q3,5,ORDER_BY,2.369437
paging,q3,5,ORDER_BY,2.415185
paging,q3,5,ORDER_BY,2.670453
paging,q3,5,PARTITION,0.31017300000000003
paging,q3,5,PARTITION,0.35833000000000004
paging,q3,5,PARTITION,0.3314870000000001
paging,q3,5,PROJECTION,0.220627
paging,q3,5,PROJECTION,0.236538
paging,q3,5,PROJECTION,0.31167
paging,q3,5,RESULT_COLLECTOR,5.091574
paging,q3,5,RESULT_COLLECTOR,6.081896
paging,q3,5,RESULT_COLLECTOR,6.965113
paging,q3,5,SORT_PARTITION,0.225836
paging,q3,5,SORT_PARTITION,0.231454
paging,q3,5,SORT_PARTITION,0.304919
paging,q3,5,SORT_SAMPLE,0.067261
paging,q3,5,SORT_SAMPLE,0.033125
paging,q3,5,SORT_SAMPLE,0.127356
paging,q4,1,CONCAT,2.080035
paging,q4,1,CONCAT,2.154305
paging,q4,1,CONCAT,2.519278
paging,q4,1,DYNAMIC_FILTER,24.563661
paging,q4,1,DYNAMIC_FILTER,35.173448
paging,q4,1,DYNAMIC_FILTER,18.657376
paging,q4,1,FILTER,9.739349
paging,q4,1,FILTER,8.049505
paging,q4,1,FILTER,3.193015
paging,q4,1,GPU_SCAN,2439.572127
paging,q4,1,GPU_SCAN,2645.532512
paging,q4,1,GPU_SCAN,2084.9401799999996
paging,q4,1,HASH_GROUP_BY,2.275074
paging,q4,1,HASH_GROUP_BY,2.220418
paging,q4,1,HASH_GROUP_BY,2.374141
paging,q4,1,HASH_JOIN,7.688336
paging,q4,1,HASH_JOIN,7.463201
paging,q4,1,HASH_JOIN,8.079213
paging,q4,1,LEFT_DELIM_JOIN,2.790647
paging,q4,1,LEFT_DELIM_JOIN,2.742798
paging,q4,1,LEFT_DELIM_JOIN,2.796701
paging,q4,1,MERGE_GROUP_BY,2.958549
paging,q4,1,MERGE_GROUP_BY,2.811384
paging,q4,1,MERGE_GROUP_BY,2.9277409999999997
paging,q4,1,MERGE_SORT,0.222132
paging,q4,1,MERGE_SORT,0.325889
paging,q4,1,MERGE_SORT,1.222826
paging,q4,1,ORDER_BY,0.192499
paging,q4,1,ORDER_BY,0.191832
paging,q4,1,ORDER_BY,0.207328
paging,q4,1,PARTITION,0.4050909999999999
paging,q4,1,PARTITION,0.36114000000000007
paging,q4,1,PARTITION,0.45931
paging,q4,1,PROJECTION,0.013183
paging,q4,1,PROJECTION,0.03772
paging,q4,1,PROJECTION,0.011941
paging,q4,1,RESULT_COLLECTOR,0.321096
paging,q4,1,RESULT_COLLECTOR,0.263161
paging,q4,1,RESULT_COLLECTOR,0.229807
paging,q4,1,SORT_PARTITION,0.188306
paging,q4,1,SORT_PARTITION,0.205196
paging,q4,1,SORT_PARTITION,0.216598
paging,q4,1,SORT_SAMPLE,0.103221
paging,q4,1,SORT_SAMPLE,0.103019
paging,q4,1,SORT_SAMPLE,0.134411
paging,q4,2,CONCAT,2.021664
paging,q4,2,CONCAT,2.305822
paging,q4,2,CONCAT,1.956084
paging,q4,2,DYNAMIC_FILTER,22.580777
paging,q4,2,DYNAMIC_FILTER,19.955181999999997
paging,q4,2,DYNAMIC_FILTER,28.082986000000002
paging,q4,2,FILTER,4.21228
paging,q4,2,FILTER,4.307072
paging,q4,2,FILTER,4.127533000000001
paging,q4,2,GPU_SCAN,1938.191744
paging,q4,2,GPU_SCAN,2063.445179
paging,q4,2,GPU_SCAN,2663.4730409999997
paging,q4,2,HASH_GROUP_BY,2.230701
paging,q4,2,HASH_GROUP_BY,2.326339
paging,q4,2,HASH_GROUP_BY,2.073778
paging,q4,2,HASH_JOIN,7.6558980000000005
paging,q4,2,HASH_JOIN,7.580446
paging,q4,2,HASH_JOIN,7.566713
paging,q4,2,LEFT_DELIM_JOIN,3.417068
paging,q4,2,LEFT_DELIM_JOIN,3.3786419999999997
paging,q4,2,LEFT_DELIM_JOIN,4.7545090000000005
paging,q4,2,MERGE_GROUP_BY,2.9440410000000004
paging,q4,2,MERGE_GROUP_BY,2.797823
paging,q4,2,MERGE_GROUP_BY,3.105749
paging,q4,2,MERGE_SORT,1.246627
paging,q4,2,MERGE_SORT,0.893432
paging,q4,2,MERGE_SORT,0.758003
paging,q4,2,ORDER_BY,0.142971
paging,q4,2,ORDER_BY,0.285438
paging,q4,2,ORDER_BY,0.497942
paging,q4,2,PARTITION,0.441683
paging,q4,2,PARTITION,0.477603
paging,q4,2,PARTITION,0.235512
paging,q4,2,PROJECTION,0.011602
paging,q4,2,PROJECTION,0.016365
paging,q4,2,PROJECTION,0.010451
paging,q4,2,RESULT_COLLECTOR,0.25806
paging,q4,2,RESULT_COLLECTOR,0.392332
paging,q4,2,RESULT_COLLECTOR,0.24102
paging,q4,2,SORT_PARTITION,0.20253
paging,q4,2,SORT_PARTITION,0.267443
paging,q4,2,SORT_PARTITION,0.164452
paging,q4,2,SORT_SAMPLE,0.067186
paging,q4,2,SORT_SAMPLE,0.098261
paging,q4,2,SORT_SAMPLE,0.077237
paging,q4,3,CONCAT,2.397147
paging,q4,3,CONCAT,2.457439
paging,q4,3,CONCAT,2.123493
paging,q4,3,DYNAMIC_FILTER,25.289114
paging,q4,3,DYNAMIC_FILTER,22.584103
paging,q4,3,DYNAMIC_FILTER,26.462268
paging,q4,3,FILTER,8.845381
paging,q4,3,FILTER,7.088955000000001
paging,q4,3,FILTER,4.528804
paging,q4,3,GPU_SCAN,2399.410254
paging,q4,3,GPU_SCAN,2402.555547
paging,q4,3,GPU_SCAN,2214.6816739999995
paging,q4,3,HASH_GROUP_BY,2.225019
paging,q4,3,HASH_GROUP_BY,2.029274
paging,q4,3,HASH_GROUP_BY,2.218726
paging,q4,3,HASH_JOIN,8.103262
paging,q4,3,HASH_JOIN,7.778094
paging,q4,3,HASH_JOIN,7.897552
paging,q4,3,LEFT_DELIM_JOIN,4.530694
paging,q4,3,LEFT_DELIM_JOIN,5.080182
paging,q4,3,LEFT_DELIM_JOIN,4.861112
paging,q4,3,MERGE_GROUP_BY,3.1322319999999997
paging,q4,3,MERGE_GROUP_BY,3.0717980000000003
paging,q4,3,MERGE_GROUP_BY,2.9339410000000004
paging,q4,3,MERGE_SORT,1.214742
paging,q4,3,MERGE_SORT,0.963056
paging,q4,3,MERGE_SORT,1.254492
paging,q4,3,ORDER_BY,0.15219
paging,q4,3,ORDER_BY,0.163356
paging,q4,3,ORDER_BY,0.51613
paging,q4,3,PARTITION,0.2624
paging,q4,3,PARTITION,0.39365599999999995
paging,q4,3,PARTITION,0.339304
paging,q4,3,PROJECTION,0.01283
paging,q4,3,PROJECTION,0.013779
paging,q4,3,PROJECTION,0.013285
paging,q4,3,RESULT_COLLECTOR,0.136966
paging,q4,3,RESULT_COLLECTOR,0.133319
paging,q4,3,RESULT_COLLECTOR,0.233713
paging,q4,3,SORT_PARTITION,0.20864
paging,q4,3,SORT_PARTITION,0.198107
paging,q4,3,SORT_PARTITION,0.195388
paging,q4,3,SORT_SAMPLE,0.137976
paging,q4,3,SORT_SAMPLE,0.0869
paging,q4,3,SORT_SAMPLE,0.074453
paging,q4,4,CONCAT,2.02611
paging,q4,4,CONCAT,1.973471
paging,q4,4,CONCAT,2.014695
paging,q4,4,DYNAMIC_FILTER,23.373406
paging,q4,4,DYNAMIC_FILTER,24.920358
paging,q4,4,DYNAMIC_FILTER,28.082926
paging,q4,4,FILTER,4.289361
paging,q4,4,FILTER,5.889165
paging,q4,4,FILTER,5.721274
paging,q4,4,GPU_SCAN,2398.4689470000003
paging,q4,4,GPU_SCAN,2401.682032
paging,q4,4,GPU_SCAN,2432.865976
paging,q4,4,HASH_GROUP_BY,2.161995
paging,q4,4,HASH_GROUP_BY,2.324857
paging,q4,4,HASH_GROUP_BY,2.116864
paging,q4,4,HASH_JOIN,7.620193
paging,q4,4,HASH_JOIN,7.388543
paging,q4,4,HASH_JOIN,7.720297
paging,q4,4,LEFT_DELIM_JOIN,5.421234
paging,q4,4,LEFT_DELIM_JOIN,4.577527
paging,q4,4,LEFT_DELIM_JOIN,5.958184
paging,q4,4,MERGE_GROUP_BY,2.8971750000000003
paging,q4,4,MERGE_GROUP_BY,3.0688000000000004
paging,q4,4,MERGE_GROUP_BY,2.99164
paging,q4,4,MERGE_SORT,0.780467
paging,q4,4,MERGE_SORT,0.213751
paging,q4,4,MERGE_SORT,0.795352
paging,q4,4,ORDER_BY,0.16618
paging,q4,4,ORDER_BY,0.175632
paging,q4,4,ORDER_BY,0.165137
paging,q4,4,PARTITION,0.35311400000000004
paging,q4,4,PARTITION,0.22484900000000005
paging,q4,4,PARTITION,0.526475
paging,q4,4,PROJECTION,0.011724
paging,q4,4,PROJECTION,0.011825
paging,q4,4,PROJECTION,0.012301
paging,q4,4,RESULT_COLLECTOR,0.095818
paging,q4,4,RESULT_COLLECTOR,0.225537
paging,q4,4,RESULT_COLLECTOR,0.236022
paging,q4,4,SORT_PARTITION,0.169856
paging,q4,4,SORT_PARTITION,0.188029
paging,q4,4,SORT_PARTITION,0.175405
paging,q4,4,SORT_SAMPLE,0.081246
paging,q4,4,SORT_SAMPLE,0.104456
paging,q4,4,SORT_SAMPLE,0.089669
paging,q4,5,CONCAT,1.996733
paging,q4,5,CONCAT,2.045257
paging,q4,5,CONCAT,2.077239
paging,q4,5,DYNAMIC_FILTER,20.065947000000005
paging,q4,5,DYNAMIC_FILTER,25.175044999999997
paging,q4,5,DYNAMIC_FILTER,38.78899
paging,q4,5,FILTER,6.613195000000001
paging,q4,5,FILTER,8.75018
paging,q4,5,FILTER,12.051907
paging,q4,5,GPU_SCAN,2631.928472
paging,q4,5,GPU_SCAN,2600.215451
paging,q4,5,GPU_SCAN,2734.065926
paging,q4,5,HASH_GROUP_BY,2.436714
paging,q4,5,HASH_GROUP_BY,2.160563
paging,q4,5,HASH_GROUP_BY,3.257773
paging,q4,5,HASH_JOIN,7.861457
paging,q4,5,HASH_JOIN,7.468914
paging,q4,5,HASH_JOIN,8.163048
paging,q4,5,LEFT_DELIM_JOIN,8.659399
paging,q4,5,LEFT_DELIM_JOIN,5.879017
paging,q4,5,LEFT_DELIM_JOIN,4.606647
paging,q4,5,MERGE_GROUP_BY,3.0855509999999997
paging,q4,5,MERGE_GROUP_BY,2.8266069999999996
paging,q4,5,MERGE_GROUP_BY,3.1534560000000003
paging,q4,5,MERGE_SORT,0.76303
paging,q4,5,MERGE_SORT,0.803439
paging,q4,5,MERGE_SORT,0.678414
paging,q4,5,ORDER_BY,0.154303
paging,q4,5,ORDER_BY,0.184143
paging,q4,5,ORDER_BY,0.226561
paging,q4,5,PARTITION,0.3561039999999999
paging,q4,5,PARTITION,0.33768300000000007
paging,q4,5,PARTITION,0.5972860000000001
paging,q4,5,PROJECTION,0.011199
paging,q4,5,PROJECTION,0.014437
paging,q4,5,PROJECTION,0.02241
paging,q4,5,RESULT_COLLECTOR,0.285162
paging,q4,5,RESULT_COLLECTOR,0.281178
paging,q4,5,RESULT_COLLECTOR,0.339231
paging,q4,5,SORT_PARTITION,0.17329
paging,q4,5,SORT_PARTITION,0.195816
paging,q4,5,SORT_PARTITION,0.216317
paging,q4,5,SORT_SAMPLE,0.128794
paging,q4,5,SORT_SAMPLE,0.091251
paging,q4,5,SORT_SAMPLE,0.118756
paging,q5,1,CONCAT,2.4767429999999995
paging,q5,1,CONCAT,2.521521
paging,q5,1,CONCAT,2.640482
paging,q5,1,DYNAMIC_FILTER,31.432169000000002
paging,q5,1,DYNAMIC_FILTER,26.411566
paging,q5,1,DYNAMIC_FILTER,33.845186000000005
paging,q5,1,GPU_SCAN,5191.950021000001
paging,q5,1,GPU_SCAN,5361.577564
paging,q5,1,GPU_SCAN,5333.8226429999995
paging,q5,1,HASH_GROUP_BY,0.521289
paging,q5,1,HASH_GROUP_BY,0.541153
paging,q5,1,HASH_GROUP_BY,1.08791
paging,q5,1,HASH_JOIN,16.975757
paging,q5,1,HASH_JOIN,17.665684
paging,q5,1,HASH_JOIN,17.392818
paging,q5,1,MERGE_GROUP_BY,0.02881
paging,q5,1,MERGE_GROUP_BY,0.009071
paging,q5,1,MERGE_GROUP_BY,0.010164
paging,q5,1,MERGE_SORT,1.389472
paging,q5,1,MERGE_SORT,0.476971
paging,q5,1,MERGE_SORT,1.669925
paging,q5,1,ORDER_BY,0.178058
paging,q5,1,ORDER_BY,0.177987
paging,q5,1,ORDER_BY,0.182319
paging,q5,1,PARTITION,0.598875
paging,q5,1,PARTITION,0.42191
paging,q5,1,PARTITION,0.6024129999999999
paging,q5,1,PROJECTION,0.113
paging,q5,1,PROJECTION,0.110965
paging,q5,1,PROJECTION,0.113394
paging,q5,1,RESULT_COLLECTOR,0.323031
paging,q5,1,RESULT_COLLECTOR,0.17631
paging,q5,1,RESULT_COLLECTOR,0.135375
paging,q5,1,SORT_PARTITION,0.424361
paging,q5,1,SORT_PARTITION,0.41422
paging,q5,1,SORT_PARTITION,0.404535
paging,q5,1,SORT_SAMPLE,0.022997
paging,q5,1,SORT_SAMPLE,0.031537
paging,q5,1,SORT_SAMPLE,0.03028
paging,q5,2,CONCAT,2.583778
paging,q5,2,CONCAT,2.6287499999999997
paging,q5,2,CONCAT,2.598837
paging,q5,2,DYNAMIC_FILTER,31.706145000000006
paging,q5,2,DYNAMIC_FILTER,28.731588999999996
paging,q5,2,DYNAMIC_FILTER,28.451802
paging,q5,2,GPU_SCAN,5230.1173579999995
paging,q5,2,GPU_SCAN,5235.158097999999
paging,q5,2,GPU_SCAN,5209.602164999999
paging,q5,2,HASH_GROUP_BY,0.670639
paging,q5,2,HASH_GROUP_BY,0.517453
paging,q5,2,HASH_GROUP_BY,1.522279
paging,q5,2,HASH_JOIN,18.055673
paging,q5,2,HASH_JOIN,16.658659999999998
paging,q5,2,HASH_JOIN,16.841374
paging,q5,2,MERGE_GROUP_BY,0.013839
paging,q5,2,MERGE_GROUP_BY,0.007511
paging,q5,2,MERGE_GROUP_BY,0.052492
paging,q5,2,MERGE_SORT,0.475291
paging,q5,2,MERGE_SORT,0.699676
paging,q5,2,MERGE_SORT,1.342414
paging,q5,2,ORDER_BY,0.178598
paging,q5,2,ORDER_BY,0.18345
paging,q5,2,ORDER_BY,0.548016
paging,q5,2,PARTITION,0.43455700000000014
paging,q5,2,PARTITION,0.7361989999999999
paging,q5,2,PARTITION,0.5514680000000002
paging,q5,2,PROJECTION,0.186105
paging,q5,2,PROJECTION,0.112621
paging,q5,2,PROJECTION,0.155466
paging,q5,2,RESULT_COLLECTOR,0.150729
paging,q5,2,RESULT_COLLECTOR,0.127678
paging,q5,2,RESULT_COLLECTOR,0.306481
paging,q5,2,SORT_PARTITION,0.416374
paging,q5,2,SORT_PARTITION,0.414145
paging,q5,2,SORT_PARTITION,0.49072
paging,q5,2,SORT_SAMPLE,0.031054
paging,q5,2,SORT_SAMPLE,0.030436
paging,q5,2,SORT_SAMPLE,0.045966
paging,q5,3,CONCAT,2.332566
paging,q5,3,CONCAT,2.368465
paging,q5,3,CONCAT,2.547952
paging,q5,3,DYNAMIC_FILTER,28.415698
paging,q5,3,DYNAMIC_FILTER,27.686597
paging,q5,3,DYNAMIC_FILTER,31.297473000000004
paging,q5,3,GPU_SCAN,5455.578890999999
paging,q5,3,GPU_SCAN,5438.632108000001
paging,q5,3,GPU_SCAN,5655.147125000001
paging,q5,3,HASH_GROUP_BY,0.610693
paging,q5,3,HASH_GROUP_BY,0.530914
paging,q5,3,HASH_GROUP_BY,1.142491
paging,q5,3,HASH_JOIN,17.228051999999998
paging,q5,3,HASH_JOIN,16.076453
paging,q5,3,HASH_JOIN,16.609482
paging,q5,3,MERGE_GROUP_BY,0.021113
paging,q5,3,MERGE_GROUP_BY,0.014646
paging,q5,3,MERGE_GROUP_BY,0.016646
paging,q5,3,MERGE_SORT,0.483191
paging,q5,3,MERGE_SORT,1.674354
paging,q5,3,MERGE_SORT,0.625001
paging,q5,3,ORDER_BY,0.163047
paging,q5,3,ORDER_BY,0.153775
paging,q5,3,ORDER_BY,0.22317
paging,q5,3,PARTITION,0.6448059999999998
paging,q5,3,PARTITION,0.393783
paging,q5,3,PARTITION,0.5119929999999998
paging,q5,3,PROJECTION,0.214296
paging,q5,3,PROJECTION,0.11838
paging,q5,3,PROJECTION,0.136537
paging,q5,3,RESULT_COLLECTOR,0.112403
paging,q5,3,RESULT_COLLECTOR,0.17171
paging,q5,3,RESULT_COLLECTOR,0.230806
paging,q5,3,SORT_PARTITION,0.520964
paging,q5,3,SORT_PARTITION,0.440894
paging,q5,3,SORT_PARTITION,0.493483
paging,q5,3,SORT_SAMPLE,0.069764
paging,q5,3,SORT_SAMPLE,0.024044
paging,q5,3,SORT_SAMPLE,0.039559
paging,q5,4,CONCAT,3.0538220000000003
paging,q5,4,CONCAT,2.9238869999999997
paging,q5,4,CONCAT,3.1624669999999995
paging,q5,4,DYNAMIC_FILTER,28.126535999999998
paging,q5,4,DYNAMIC_FILTER,27.204508000000004
paging,q5,4,DYNAMIC_FILTER,26.965892
paging,q5,4,GPU_SCAN,5574.998218000001
paging,q5,4,GPU_SCAN,5548.5499180000015
paging,q5,4,GPU_SCAN,5605.744492
paging,q5,4,HASH_GROUP_BY,0.742296
paging,q5,4,HASH_GROUP_BY,0.654133
paging,q5,4,HASH_GROUP_BY,1.286128
paging,q5,4,HASH_JOIN,18.052248
paging,q5,4,HASH_JOIN,17.57735
paging,q5,4,HASH_JOIN,16.921276
paging,q5,4,MERGE_GROUP_BY,0.065368
paging,q5,4,MERGE_GROUP_BY,0.01708
paging,q5,4,MERGE_GROUP_BY,0.018153
paging,q5,4,MERGE_SORT,0.876543
paging,q5,4,MERGE_SORT,1.2868
paging,q5,4,MERGE_SORT,1.047576
paging,q5,4,ORDER_BY,0.346675
paging,q5,4,ORDER_BY,0.203299
paging,q5,4,ORDER_BY,0.192391
paging,q5,4,PARTITION,0.9076820000000002
paging,q5,4,PARTITION,0.8650669999999997
paging,q5,4,PARTITION,0.579811
paging,q5,4,PROJECTION,0.138349
paging,q5,4,PROJECTION,0.14009
paging,q5,4,PROJECTION,0.139821
paging,q5,4,RESULT_COLLECTOR,0.359483
paging,q5,4,RESULT_COLLECTOR,0.25957
paging,q5,4,RESULT_COLLECTOR,0.214444
paging,q5,4,SORT_PARTITION,0.478379
paging,q5,4,SORT_PARTITION,0.440904
paging,q5,4,SORT_PARTITION,0.454198
paging,q5,4,SORT_SAMPLE,0.052401
paging,q5,4,SORT_SAMPLE,0.031628
paging,q5,4,SORT_SAMPLE,0.032477
paging,q5,5,CONCAT,2.512716
paging,q5,5,CONCAT,2.379983
paging,q5,5,CONCAT,2.375167
paging,q5,5,DYNAMIC_FILTER,30.252613
paging,q5,5,DYNAMIC_FILTER,29.588988000000004
paging,q5,5,DYNAMIC_FILTER,28.858909999999998
paging,q5,5,GPU_SCAN,5817.479116999999
paging,q5,5,GPU_SCAN,5668.9024309999995
paging,q5,5,GPU_SCAN,5708.325632
paging,q5,5,HASH_GROUP_BY,0.527047
paging,q5,5,HASH_GROUP_BY,0.582513
paging,q5,5,HASH_GROUP_BY,1.089164
paging,q5,5,HASH_JOIN,16.397888000000002
paging,q5,5,HASH_JOIN,17.398911000000002
paging,q5,5,HASH_JOIN,17.367347000000002
paging,q5,5,MERGE_GROUP_BY,0.007764
paging,q5,5,MERGE_GROUP_BY,0.023566
paging,q5,5,MERGE_GROUP_BY,0.044046
paging,q5,5,MERGE_SORT,1.276227
paging,q5,5,MERGE_SORT,0.374207
paging,q5,5,MERGE_SORT,0.426569
paging,q5,5,ORDER_BY,0.172622
paging,q5,5,ORDER_BY,0.180835
paging,q5,5,ORDER_BY,0.180208
paging,q5,5,PARTITION,0.554269
paging,q5,5,PARTITION,0.4496650000000001
paging,q5,5,PARTITION,0.5523610000000001
paging,q5,5,PROJECTION,0.113276
paging,q5,5,PROJECTION,0.119163
paging,q5,5,PROJECTION,0.112478
paging,q5,5,RESULT_COLLECTOR,0.1435
paging,q5,5,RESULT_COLLECTOR,0.245933
paging,q5,5,RESULT_COLLECTOR,0.246401
paging,q5,5,SORT_PARTITION,0.386555
paging,q5,5,SORT_PARTITION,0.516677
paging,q5,5,SORT_PARTITION,0.38237
paging,q5,5,SORT_SAMPLE,0.067527
paging,q5,5,SORT_SAMPLE,0.071468
paging,q5,5,SORT_SAMPLE,0.068011
paging,q6,1,GPU_SCAN,3945.494356
paging,q6,1,GPU_SCAN,4011.9694899999995
paging,q6,1,GPU_SCAN,3777.119707
paging,q6,1,MERGE_AGGREGATE,0.174067
paging,q6,1,MERGE_AGGREGATE,0.702595
paging,q6,1,MERGE_AGGREGATE,0.152996
paging,q6,1,PROJECTION,2.4274309999999995
paging,q6,1,PROJECTION,2.717818
paging,q6,1,PROJECTION,3.232875
paging,q6,1,RESULT_COLLECTOR,0.070687
paging,q6,1,RESULT_COLLECTOR,0.103153
paging,q6,1,RESULT_COLLECTOR,0.088229
paging,q6,1,UNGROUPED_AGGREGATE,10.320965
paging,q6,1,UNGROUPED_AGGREGATE,3.5840359999999998
paging,q6,1,UNGROUPED_AGGREGATE,4.355922
paging,q6,2,GPU_SCAN,3286.700167
paging,q6,2,GPU_SCAN,3231.020634000001
paging,q6,2,GPU_SCAN,3138.175541
paging,q6,2,MERGE_AGGREGATE,0.754983
paging,q6,2,MERGE_AGGREGATE,0.245547
paging,q6,2,MERGE_AGGREGATE,0.732208
paging,q6,2,PROJECTION,3.753574
paging,q6,2,PROJECTION,9.485879
paging,q6,2,PROJECTION,9.722179000000002
paging,q6,2,RESULT_COLLECTOR,0.128735
paging,q6,2,RESULT_COLLECTOR,0.213342
paging,q6,2,RESULT_COLLECTOR,0.203363
paging,q6,2,UNGROUPED_AGGREGATE,5.051380999999999
paging,q6,2,UNGROUPED_AGGREGATE,14.891582999999999
paging,q6,2,UNGROUPED_AGGREGATE,3.080073
paging,q6,3,GPU_SCAN,3010.762724
paging,q6,3,GPU_SCAN,2863.10888
paging,q6,3,GPU_SCAN,2871.9523380000005
paging,q6,3,MERGE_AGGREGATE,0.986348
paging,q6,3,MERGE_AGGREGATE,0.742885
paging,q6,3,MERGE_AGGREGATE,0.262877
paging,q6,3,PROJECTION,22.911429
paging,q6,3,PROJECTION,2.364162
paging,q6,3,PROJECTION,2.805906
paging,q6,3,RESULT_COLLECTOR,0.202951
paging,q6,3,RESULT_COLLECTOR,0.200847
paging,q6,3,RESULT_COLLECTOR,0.214528
paging,q6,3,UNGROUPED_AGGREGATE,3.991501
paging,q6,3,UNGROUPED_AGGREGATE,3.627151
paging,q6,3,UNGROUPED_AGGREGATE,3.1235389999999996
paging,q6,4,GPU_SCAN,3220.037677
paging,q6,4,GPU_SCAN,3258.672726
paging,q6,4,GPU_SCAN,3225.278512
paging,q6,4,MERGE_AGGREGATE,0.186876
paging,q6,4,MERGE_AGGREGATE,0.752476
paging,q6,4,MERGE_AGGREGATE,0.718532
paging,q6,4,PROJECTION,3.8777450000000004
paging,q6,4,PROJECTION,3.2579779999999996
paging,q6,4,PROJECTION,3.3088140000000004
paging,q6,4,RESULT_COLLECTOR,0.083881
paging,q6,4,RESULT_COLLECTOR,0.075264
paging,q6,4,RESULT_COLLECTOR,0.074522
paging,q6,4,UNGROUPED_AGGREGATE,6.0538180000000015
paging,q6,4,UNGROUPED_AGGREGATE,3.9142159999999997
paging,q6,4,UNGROUPED_AGGREGATE,3.838133
paging,q6,5,GPU_SCAN,3271.8087
paging,q6,5,GPU_SCAN,3424.2471800000003
paging,q6,5,GPU_SCAN,3212.5666520000004
paging,q6,5,MERGE_AGGREGATE,0.263076
paging,q6,5,MERGE_AGGREGATE,0.76234
paging,q6,5,MERGE_AGGREGATE,0.762022
paging,q6,5,PROJECTION,4.870786000000001
paging,q6,5,PROJECTION,14.395345
paging,q6,5,PROJECTION,3.9610229999999995
paging,q6,5,RESULT_COLLECTOR,0.094225
paging,q6,5,RESULT_COLLECTOR,0.070016
paging,q6,5,RESULT_COLLECTOR,0.080932
paging,q6,5,UNGROUPED_AGGREGATE,4.8698
paging,q6,5,UNGROUPED_AGGREGATE,9.681695000000001
paging,q6,5,UNGROUPED_AGGREGATE,9.913525000000002
paging,q7,1,CONCAT,4.571527
paging,q7,1,CONCAT,4.926000999999999
paging,q7,1,DYNAMIC_FILTER,25.161811
paging,q7,1,DYNAMIC_FILTER,23.903111000000003
paging,q7,1,FILTER,1.9381810000000002
paging,q7,1,FILTER,1.488844
paging,q7,1,GPU_SCAN,5783.878135999999
paging,q7,1,GPU_SCAN,5748.819593
paging,q7,1,HASH_GROUP_BY,1.666343
paging,q7,1,HASH_GROUP_BY,1.833179
paging,q7,1,HASH_JOIN,20.381371
paging,q7,1,HASH_JOIN,20.433008
paging,q7,1,MERGE_GROUP_BY,0.013066
paging,q7,1,MERGE_GROUP_BY,0.058222
paging,q7,1,MERGE_SORT,1.485104
paging,q7,1,MERGE_SORT,2.695483
paging,q7,1,ORDER_BY,0.469446
paging,q7,1,ORDER_BY,1.057145
paging,q7,1,PARTITION,0.45217899999999983
paging,q7,1,PARTITION,0.529879
paging,q7,1,PROJECTION,0.144046
paging,q7,1,PROJECTION,0.140571
paging,q7,1,RESULT_COLLECTOR,11.719384
paging,q7,1,RESULT_COLLECTOR,0.322559
paging,q7,1,SORT_PARTITION,0.719406
paging,q7,1,SORT_PARTITION,0.721105
paging,q7,1,SORT_SAMPLE,0.141343
paging,q7,1,SORT_SAMPLE,0.2305
paging,q7,2,CONCAT,4.976791999999999
paging,q7,2,CONCAT,4.728445
paging,q7,2,DYNAMIC_FILTER,24.440197
paging,q7,2,DYNAMIC_FILTER,27.843033000000002
paging,q7,2,FILTER,1.6392769999999999
paging,q7,2,FILTER,1.581025
paging,q7,2,GPU_SCAN,5806.996119
paging,q7,2,GPU_SCAN,6196.183150999999
paging,q7,2,HASH_GROUP_BY,1.898664
paging,q7,2,HASH_GROUP_BY,1.76548
paging,q7,2,HASH_JOIN,21.570718999999997
paging,q7,2,HASH_JOIN,20.346148
paging,q7,2,MERGE_GROUP_BY,0.017268
paging,q7,2,MERGE_GROUP_BY,0.009485
paging,q7,2,MERGE_SORT,0.853602
paging,q7,2,MERGE_SORT,0.786648
paging,q7,2,ORDER_BY,0.57916
paging,q7,2,ORDER_BY,0.508253
paging,q7,2,PARTITION,0.530588
paging,q7,2,PARTITION,0.45874999999999994
paging,q7,2,PROJECTION,0.153585
paging,q7,2,PROJECTION,0.143328
paging,q7,2,RESULT_COLLECTOR,0.203647
paging,q7,2,RESULT_COLLECTOR,0.11617
paging,q7,2,SORT_PARTITION,0.848839
paging,q7,2,SORT_PARTITION,0.742229
paging,q7,2,SORT_SAMPLE,0.184311
paging,q7,2,SORT_SAMPLE,0.156582
paging,q7,3,CONCAT,4.668292000000001
paging,q7,3,CONCAT,4.536233
paging,q7,3,DYNAMIC_FILTER,33.448434000000006
paging,q7,3,DYNAMIC_FILTER,33.38244699999999
paging,q7,3,FILTER,1.596673
paging,q7,3,FILTER,1.747166
paging,q7,3,GPU_SCAN,5988.948348999998
paging,q7,3,GPU_SCAN,6281.708426000001
paging,q7,3,HASH_GROUP_BY,1.699758
paging,q7,3,HASH_GROUP_BY,1.618488
paging,q7,3,HASH_JOIN,20.88278
paging,q7,3,HASH_JOIN,21.041259
paging,q7,3,MERGE_GROUP_BY,0.022141
paging,q7,3,MERGE_GROUP_BY,0.009025
paging,q7,3,MERGE_SORT,0.869221
paging,q7,3,MERGE_SORT,1.696442
paging,q7,3,ORDER_BY,0.570057
paging,q7,3,ORDER_BY,0.560162
paging,q7,3,PARTITION,0.630317
paging,q7,3,PARTITION,0.46039399999999997
paging,q7,3,PROJECTION,0.148895
paging,q7,3,PROJECTION,0.134223
paging,q7,3,RESULT_COLLECTOR,0.189578
paging,q7,3,RESULT_COLLECTOR,0.119088
paging,q7,3,SORT_PARTITION,0.783119
paging,q7,3,SORT_PARTITION,0.691965
paging,q7,3,SORT_SAMPLE,0.177529
paging,q7,3,SORT_SAMPLE,0.144739
paging,q7,4,CONCAT,4.489806000000001
paging,q7,4,CONCAT,4.4191139999999995
paging,q7,4,DYNAMIC_FILTER,35.020435000000006
paging,q7,4,DYNAMIC_FILTER,32.94088200000001
paging,q7,4,FILTER,1.617475
paging,q7,4,FILTER,1.249669
paging,q7,4,GPU_SCAN,6014.256180999999
paging,q7,4,GPU_SCAN,6231.191729999999
paging,q7,4,HASH_GROUP_BY,1.701743
paging,q7,4,HASH_GROUP_BY,1.699772
paging,q7,4,HASH_JOIN,20.448368000000002
paging,q7,4,HASH_JOIN,19.655209999999997
paging,q7,4,MERGE_GROUP_BY,0.012001
paging,q7,4,MERGE_GROUP_BY,0.008913
paging,q7,4,MERGE_SORT,1.575869
paging,q7,4,MERGE_SORT,1.853933
paging,q7,4,ORDER_BY,0.440087
paging,q7,4,ORDER_BY,0.470225
paging,q7,4,PARTITION,0.4551309999999999
paging,q7,4,PARTITION,0.4489660000000001
paging,q7,4,PROJECTION,0.133813
paging,q7,4,PROJECTION,0.136293
paging,q7,4,RESULT_COLLECTOR,0.1844
paging,q7,4,RESULT_COLLECTOR,0.145532
paging,q7,4,SORT_PARTITION,0.684542
paging,q7,4,SORT_PARTITION,0.695838
paging,q7,4,SORT_SAMPLE,0.13924
paging,q7,4,SORT_SAMPLE,0.166761
paging,q7,5,CONCAT,4.701745
paging,q7,5,CONCAT,5.001332
paging,q7,5,DYNAMIC_FILTER,29.303810000000002
paging,q7,5,DYNAMIC_FILTER,31.755705999999996
paging,q7,5,FILTER,1.073953
paging,q7,5,FILTER,1.08156
paging,q7,5,GPU_SCAN,6248.288562000001
paging,q7,5,GPU_SCAN,6218.624697
paging,q7,5,HASH_GROUP_BY,1.812139
paging,q7,5,HASH_GROUP_BY,1.723631
paging,q7,5,HASH_JOIN,21.167517
paging,q7,5,HASH_JOIN,20.391404
paging,q7,5,MERGE_GROUP_BY,0.03273
paging,q7,5,MERGE_GROUP_BY,0.031238
paging,q7,5,MERGE_SORT,0.868458
paging,q7,5,MERGE_SORT,0.900395
paging,q7,5,ORDER_BY,0.620012
paging,q7,5,ORDER_BY,0.531802
paging,q7,5,PARTITION,0.5802970000000001
paging,q7,5,PARTITION,0.45021800000000006
paging,q7,5,PROJECTION,0.155589
paging,q7,5,PROJECTION,0.139178
paging,q7,5,RESULT_COLLECTOR,0.367133
paging,q7,5,RESULT_COLLECTOR,0.286451
paging,q7,5,SORT_PARTITION,0.840787
paging,q7,5,SORT_PARTITION,0.719711
paging,q7,5,SORT_SAMPLE,0.26767
paging,q7,5,SORT_SAMPLE,0.156369
paging,q8,1,CONCAT,19.377685
paging,q8,1,CONCAT,18.425810000000002
paging,q8,1,DYNAMIC_FILTER,42.00163699999999
paging,q8,1,DYNAMIC_FILTER,47.097761
paging,q8,1,GPU_SCAN,7777.893198000002
paging,q8,1,GPU_SCAN,7922.581535000001
paging,q8,1,HASH_GROUP_BY,0.35577
paging,q8,1,HASH_GROUP_BY,0.425886
paging,q8,1,HASH_JOIN,27.350457000000002
paging,q8,1,HASH_JOIN,24.941290000000002
paging,q8,1,MERGE_GROUP_BY,0.018998
paging,q8,1,MERGE_GROUP_BY,0.018283
paging,q8,1,MERGE_SORT,0.310721
paging,q8,1,MERGE_SORT,0.312167
paging,q8,1,ORDER_BY,0.232681
paging,q8,1,ORDER_BY,0.061489
paging,q8,1,PARTITION,0.7579139999999998
paging,q8,1,PARTITION,0.7290559999999997
paging,q8,1,PROJECTION,0.458241
paging,q8,1,PROJECTION,0.34782199999999996
paging,q8,1,RESULT_COLLECTOR,0.198761
paging,q8,1,RESULT_COLLECTOR,0.184162
paging,q8,1,SORT_PARTITION,0.132301
paging,q8,1,SORT_PARTITION,0.114598
paging,q8,1,SORT_SAMPLE,0.028567
paging,q8,1,SORT_SAMPLE,0.022675
paging,q8,2,CONCAT,19.327030000000004
paging,q8,2,CONCAT,16.532913
paging,q8,2,DYNAMIC_FILTER,46.01026400000002
paging,q8,2,DYNAMIC_FILTER,41.73023200000001
paging,q8,2,GPU_SCAN,7750.715867999998
paging,q8,2,GPU_SCAN,7764.6619089999995
paging,q8,2,HASH_GROUP_BY,0.438478
paging,q8,2,HASH_GROUP_BY,0.342091
paging,q8,2,HASH_JOIN,25.939073
paging,q8,2,HASH_JOIN,25.120469
paging,q8,2,MERGE_GROUP_BY,0.023822
paging,q8,2,MERGE_GROUP_BY,0.006227
paging,q8,2,MERGE_SORT,0.084751
paging,q8,2,MERGE_SORT,0.30665
paging,q8,2,ORDER_BY,0.081135
paging,q8,2,ORDER_BY,0.087515
paging,q8,2,PARTITION,0.43735700000000005
paging,q8,2,PARTITION,0.40259000000000006
paging,q8,2,PROJECTION,0.416978
paging,q8,2,PROJECTION,0.393598
paging,q8,2,RESULT_COLLECTOR,0.201264
paging,q8,2,RESULT_COLLECTOR,0.088001
paging,q8,2,SORT_PARTITION,0.114471
paging,q8,2,SORT_PARTITION,0.115367
paging,q8,2,SORT_SAMPLE,0.025718
paging,q8,2,SORT_SAMPLE,0.025472
paging,q8,3,CONCAT,19.385576
paging,q8,3,CONCAT,20.285722
paging,q8,3,DYNAMIC_FILTER,43.391279999999995
paging,q8,3,DYNAMIC_FILTER,45.68635
paging,q8,3,GPU_SCAN,7917.306051
paging,q8,3,GPU_SCAN,7977.9832000000015
paging,q8,3,HASH_GROUP_BY,0.423984
paging,q8,3,HASH_GROUP_BY,0.294138
paging,q8,3,HASH_JOIN,25.858502
paging,q8,3,HASH_JOIN,25.563805000000002
paging,q8,3,MERGE_GROUP_BY,0.049847
paging,q8,3,MERGE_GROUP_BY,0.011617
paging,q8,3,MERGE_SORT,0.072152
paging,q8,3,MERGE_SORT,0.248295
paging,q8,3,ORDER_BY,0.078899
paging,q8,3,ORDER_BY,0.05874
paging,q8,3,PARTITION,0.9498470000000002
paging,q8,3,PARTITION,0.6523080000000002
paging,q8,3,PROJECTION,0.43535
paging,q8,3,PROJECTION,0.355123
paging,q8,3,RESULT_COLLECTOR,0.199809
paging,q8,3,RESULT_COLLECTOR,0.104762
paging,q8,3,SORT_PARTITION,0.115581
paging,q8,3,SORT_PARTITION,0.105078
paging,q8,3,SORT_SAMPLE,0.022565
paging,q8,3,SORT_SAMPLE,0.022103
paging,q8,4,CONCAT,17.165204
paging,q8,4,CONCAT,16.259682
paging,q8,4,DYNAMIC_FILTER,43.96664000000001
paging,q8,4,DYNAMIC_FILTER,44.380973999999995
paging,q8,4,GPU_SCAN,8039.857683
paging,q8,4,GPU_SCAN,7950.223573
paging,q8,4,HASH_GROUP_BY,0.473115
paging,q8,4,HASH_GROUP_BY,0.359307
paging,q8,4,HASH_JOIN,27.017527999999995
paging,q8,4,HASH_JOIN,26.566057
paging,q8,4,MERGE_GROUP_BY,0.222146
paging,q8,4,MERGE_GROUP_BY,0.010876
paging,q8,4,MERGE_SORT,0.501201
paging,q8,4,MERGE_SORT,0.188773
paging,q8,4,ORDER_BY,0.105846
paging,q8,4,ORDER_BY,0.081693
paging,q8,4,PARTITION,0.8229730000000002
paging,q8,4,PARTITION,0.6220469999999999
paging,q8,4,PROJECTION,0.583069
paging,q8,4,PROJECTION,0.47633499999999995
paging,q8,4,RESULT_COLLECTOR,0.192701
paging,q8,4,RESULT_COLLECTOR,0.144828
paging,q8,4,SORT_PARTITION,0.237008
paging,q8,4,SORT_PARTITION,0.142595
paging,q8,4,SORT_SAMPLE,0.110589
paging,q8,4,SORT_SAMPLE,0.034572
paging,q8,5,CONCAT,22.304832999999995
paging,q8,5,CONCAT,19.363574
paging,q8,5,DYNAMIC_FILTER,52.004959
paging,q8,5,DYNAMIC_FILTER,53.755027999999996
paging,q8,5,GPU_SCAN,8615.747228999997
paging,q8,5,GPU_SCAN,8616.442136
paging,q8,5,HASH_GROUP_BY,0.286503
paging,q8,5,HASH_GROUP_BY,0.334033
paging,q8,5,HASH_JOIN,42.465849000000006
paging,q8,5,HASH_JOIN,23.554643000000002
paging,q8,5,MERGE_GROUP_BY,0.020063
paging,q8,5,MERGE_GROUP_BY,0.005471
paging,q8,5,MERGE_SORT,0.019583
paging,q8,5,MERGE_SORT,0.005477
paging,q8,5,ORDER_BY,0.056091
paging,q8,5,ORDER_BY,0.060215
paging,q8,5,PARTITION,0.545813
paging,q8,5,PARTITION,0.5074940000000001
paging,q8,5,PROJECTION,0.350191
paging,q8,5,PROJECTION,0.335056
paging,q8,5,RESULT_COLLECTOR,0.084279
paging,q8,5,RESULT_COLLECTOR,0.080866
paging,q8,5,SORT_PARTITION,0.005371
paging,q8,5,SORT_PARTITION,0.00461
paging,q8,5,SORT_SAMPLE,0.007882
paging,q8,5,SORT_SAMPLE,0.007722
paging,q9,1,CONCAT,9.456264999999998
paging,q9,1,CONCAT,18.627002
paging,q9,1,DYNAMIC_FILTER,64.11152299999999
paging,q9,1,DYNAMIC_FILTER,61.407182999999996
paging,q9,1,GPU_SCAN,8536.277843999998
paging,q9,1,GPU_SCAN,7517.597737999999
paging,q9,1,HASH_GROUP_BY,4.869692
paging,q9,1,HASH_GROUP_BY,5.087557
paging,q9,1,HASH_JOIN,472.858391
paging,q9,1,HASH_JOIN,564.774097
paging,q9,1,MERGE_GROUP_BY,0.431005
paging,q9,1,MERGE_GROUP_BY,0.53341
paging,q9,1,MERGE_SORT,0.378627
paging,q9,1,MERGE_SORT,0.981009
paging,q9,1,ORDER_BY,0.611634
paging,q9,1,ORDER_BY,0.636763
paging,q9,1,PARTITION,0.7586049999999999
paging,q9,1,PARTITION,1.0892079999999997
paging,q9,1,PROJECTION,7.740428
paging,q9,1,PROJECTION,3.489512
paging,q9,1,RESULT_COLLECTOR,0.121351
paging,q9,1,RESULT_COLLECTOR,0.136553
paging,q9,1,SORT_PARTITION,0.769921
paging,q9,1,SORT_PARTITION,0.229162
paging,q9,1,SORT_SAMPLE,0.440621
paging,q9,1,SORT_SAMPLE,0.091909
paging,q9,2,CONCAT,26.451259
paging,q9,2,CONCAT,77.88132800000001
paging,q9,2,DYNAMIC_FILTER,61.277085
paging,q9,2,DYNAMIC_FILTER,46.592335
paging,q9,2,GPU_SCAN,8027.006220999999
paging,q9,2,GPU_SCAN,7532.362971999999
paging,q9,2,HASH_GROUP_BY,9.201196
paging,q9,2,HASH_GROUP_BY,12.137858000000001
paging,q9,2,HASH_JOIN,361.031236
paging,q9,2,HASH_JOIN,414.416657
paging,q9,2,MERGE_GROUP_BY,0.511779
paging,q9,2,MERGE_GROUP_BY,0.44001
paging,q9,2,MERGE_SORT,1.908372
paging,q9,2,MERGE_SORT,2.220571
paging,q9,2,ORDER_BY,0.610855
paging,q9,2,ORDER_BY,0.682557
paging,q9,2,PARTITION,54.814083
paging,q9,2,PARTITION,52.19906000000001
paging,q9,2,PROJECTION,6.665061
paging,q9,2,PROJECTION,7.799874
paging,q9,2,RESULT_COLLECTOR,0.169542
paging,q9,2,RESULT_COLLECTOR,0.113634
paging,q9,2,SORT_PARTITION,0.344308
paging,q9,2,SORT_PARTITION,0.330446
paging,q9,2,SORT_SAMPLE,0.128511
paging,q9,2,SORT_SAMPLE,0.100199
paging,q9,3,CONCAT,10.587298
paging,q9,3,CONCAT,30.816137
paging,q9,3,DYNAMIC_FILTER,66.997979
paging,q9,3,DYNAMIC_FILTER,53.29846600000001
paging,q9,3,GPU_SCAN,8033.570329999998
paging,q9,3,GPU_SCAN,8239.195458
paging,q9,3,HASH_GROUP_BY,18.726727
paging,q9,3,HASH_GROUP_BY,18.197874000000002
paging,q9,3,HASH_JOIN,658.666531
paging,q9,3,HASH_JOIN,498.726221
paging,q9,3,MERGE_GROUP_BY,0.440499
paging,q9,3,MERGE_GROUP_BY,0.441893
paging,q9,3,MERGE_SORT,0.578206
paging,q9,3,MERGE_SORT,0.55268
paging,q9,3,ORDER_BY,0.65669
paging,q9,3,ORDER_BY,0.651889
paging,q9,3,PARTITION,54.38733699999999
paging,q9,3,PARTITION,53.936162
paging,q9,3,PROJECTION,13.079149000000001
paging,q9,3,PROJECTION,13.130191
paging,q9,3,RESULT_COLLECTOR,0.143254
paging,q9,3,RESULT_COLLECTOR,0.139774
paging,q9,3,SORT_PARTITION,0.269538
paging,q9,3,SORT_PARTITION,0.304104
paging,q9,3,SORT_SAMPLE,0.081748
paging,q9,3,SORT_SAMPLE,0.139421
paging,q9,4,CONCAT,9.603759999999998
paging,q9,4,CONCAT,31.583783999999998
paging,q9,4,DYNAMIC_FILTER,45.696066
paging,q9,4,DYNAMIC_FILTER,51.22483200000001
paging,q9,4,GPU_SCAN,8385.098624999999
paging,q9,4,GPU_SCAN,8225.644865999997
paging,q9,4,HASH_GROUP_BY,19.037857
paging,q9,4,HASH_GROUP_BY,18.585739
paging,q9,4,HASH_JOIN,644.9925539999999
paging,q9,4,HASH_JOIN,610.278289
paging,q9,4,MERGE_GROUP_BY,0.462115
paging,q9,4,MERGE_GROUP_BY,0.452409
paging,q9,4,MERGE_SORT,0.470704
paging,q9,4,MERGE_SORT,0.397062
paging,q9,4,ORDER_BY,0.670815
paging,q9,4,ORDER_BY,0.674813
paging,q9,4,PARTITION,53.197664
paging,q9,4,PARTITION,53.309497
paging,q9,4,PROJECTION,12.551530000000001
paging,q9,4,PROJECTION,13.019363
paging,q9,4,RESULT_COLLECTOR,0.151125
paging,q9,4,RESULT_COLLECTOR,0.118529
paging,q9,4,SORT_PARTITION,0.803138
paging,q9,4,SORT_PARTITION,0.245129
paging,q9,4,SORT_SAMPLE,0.460106
paging,q9,4,SORT_SAMPLE,0.107484
paging,q9,5,CONCAT,8.277223
paging,q9,5,CONCAT,9.009349999999998
paging,q9,5,DYNAMIC_FILTER,56.524770999999994
paging,q9,5,DYNAMIC_FILTER,57.159023
paging,q9,5,GPU_SCAN,8666.371978000001
paging,q9,5,GPU_SCAN,8518.870810999999
paging,q9,5,HASH_GROUP_BY,21.337488
paging,q9,5,HASH_GROUP_BY,20.286449
paging,q9,5,HASH_JOIN,645.408654
paging,q9,5,HASH_JOIN,653.0366150000001
paging,q9,5,MERGE_GROUP_BY,0.580354
paging,q9,5,MERGE_GROUP_BY,0.519012
paging,q9,5,MERGE_SORT,0.355405
paging,q9,5,MERGE_SORT,0.357537
paging,q9,5,ORDER_BY,0.670586
paging,q9,5,ORDER_BY,1.202524
paging,q9,5,PARTITION,54.58591099999999
paging,q9,5,PARTITION,58.410866000000006
paging,q9,5,PROJECTION,12.937066999999999
paging,q9,5,PROJECTION,13.257058
paging,q9,5,RESULT_COLLECTOR,0.173522
paging,q9,5,RESULT_COLLECTOR,0.162596
paging,q9,5,SORT_PARTITION,0.261537
paging,q9,5,SORT_PARTITION,0.222072
paging,q9,5,SORT_SAMPLE,0.235832
paging,q9,5,SORT_SAMPLE,0.12875
paging,q10,1,CONCAT,2.3515829999999998
paging,q10,1,CONCAT,2.3516730000000003
paging,q10,1,DYNAMIC_FILTER,11.251378
paging,q10,1,DYNAMIC_FILTER,9.680432999999999
paging,q10,1,GPU_SCAN,3453.8160270000003
paging,q10,1,GPU_SCAN,3459.7248910000008
paging,q10,1,HASH_GROUP_BY,30.023128
paging,q10,1,HASH_GROUP_BY,27.649801
paging,q10,1,HASH_JOIN,43.19335
paging,q10,1,HASH_JOIN,43.614228
paging,q10,1,MERGE_GROUP_BY,0.06609
paging,q10,1,MERGE_GROUP_BY,0.088609
paging,q10,1,MERGE_SORT,30.711021
paging,q10,1,MERGE_SORT,32.216854
paging,q10,1,ORDER_BY,9.405405
paging,q10,1,ORDER_BY,9.129699
paging,q10,1,PARTITION,0.337399
paging,q10,1,PARTITION,0.391253
paging,q10,1,PROJECTION,0.6872349999999999
paging,q10,1,PROJECTION,0.6248480000000001
paging,q10,1,RESULT_COLLECTOR,247.999464
paging,q10,1,RESULT_COLLECTOR,245.404824
paging,q10,1,SORT_PARTITION,9.596579
paging,q10,1,SORT_PARTITION,10.546533
paging,q10,1,SORT_SAMPLE,0.19582
paging,q10,1,SORT_SAMPLE,0.231266
paging,q10,2,CONCAT,1.9844760000000001
paging,q10,2,CONCAT,1.8833879999999998
paging,q10,2,DYNAMIC_FILTER,11.287903000000002
paging,q10,2,DYNAMIC_FILTER,11.681241
paging,q10,2,GPU_SCAN,3787.6894500000008
paging,q10,2,GPU_SCAN,3989.965221
paging,q10,2,HASH_GROUP_BY,28.55841
paging,q10,2,HASH_GROUP_BY,28.840549
paging,q10,2,HASH_JOIN,43.417868999999996
paging,q10,2,HASH_JOIN,43.352941
paging,q10,2,MERGE_GROUP_BY,0.0662
paging,q10,2,MERGE_GROUP_BY,0.020551
paging,q10,2,MERGE_SORT,25.596372
paging,q10,2,MERGE_SORT,25.545753
paging,q10,2,ORDER_BY,9.338699
paging,q10,2,ORDER_BY,9.081482
paging,q10,2,PARTITION,0.446447
paging,q10,2,PARTITION,0.32672500000000004
paging,q10,2,PROJECTION,0.685319
paging,q10,2,PROJECTION,0.6297860000000001
paging,q10,2,RESULT_COLLECTOR,229.261727
paging,q10,2,RESULT_COLLECTOR,242.132762
paging,q10,2,SORT_PARTITION,7.194776
paging,q10,2,SORT_PARTITION,7.810567
paging,q10,2,SORT_SAMPLE,0.031264
paging,q10,2,SORT_SAMPLE,0.060244
paging,q10,3,CONCAT,1.9776770000000001
paging,q10,3,CONCAT,2.519222
paging,q10,3,DYNAMIC_FILTER,11.388336
paging,q10,3,DYNAMIC_FILTER,13.179152000000002
paging,q10,3,GPU_SCAN,3970.48046
paging,q10,3,GPU_SCAN,4149.304624
paging,q10,3,HASH_GROUP_BY,28.562709
paging,q10,3,HASH_GROUP_BY,28.804414
paging,q10,3,HASH_JOIN,43.459128
paging,q10,3,HASH_JOIN,43.26414
paging,q10,3,MERGE_GROUP_BY,0.02994
paging,q10,3,MERGE_GROUP_BY,0.023049
paging,q10,3,MERGE_SORT,28.504642
paging,q10,3,MERGE_SORT,23.207677
paging,q10,3,ORDER_BY,9.117923
paging,q10,3,ORDER_BY,8.931591
paging,q10,3,PARTITION,0.5103699999999999
paging,q10,3,PARTITION,0.278014
paging,q10,3,PROJECTION,0.674817
paging,q10,3,PROJECTION,0.594754
paging,q10,3,RESULT_COLLECTOR,250.8483
paging,q10,3,RESULT_COLLECTOR,272.50136
paging,q10,3,SORT_PARTITION,7.57811
paging,q10,3,SORT_PARTITION,6.740454
paging,q10,3,SORT_SAMPLE,0.039492
paging,q10,3,SORT_SAMPLE,0.039935
paging,q10,4,CONCAT,1.7392100000000001
paging,q10,4,CONCAT,1.9783950000000001
paging,q10,4,DYNAMIC_FILTER,11.632468999999999
paging,q10,4,DYNAMIC_FILTER,9.516456
paging,q10,4,GPU_SCAN,4366.719317
paging,q10,4,GPU_SCAN,4115.522693
paging,q10,4,HASH_GROUP_BY,28.65465
paging,q10,4,HASH_GROUP_BY,28.737114
paging,q10,4,HASH_JOIN,42.789409
paging,q10,4,HASH_JOIN,43.573731
paging,q10,4,MERGE_GROUP_BY,0.038892
paging,q10,4,MERGE_GROUP_BY,0.023979
paging,q10,4,MERGE_SORT,21.004205
paging,q10,4,MERGE_SORT,22.666014
paging,q10,4,ORDER_BY,9.045338
paging,q10,4,ORDER_BY,8.911625
paging,q10,4,PARTITION,0.20366800000000002
paging,q10,4,PARTITION,0.316998
paging,q10,4,PROJECTION,0.617803
paging,q10,4,PROJECTION,0.601382
paging,q10,4,RESULT_COLLECTOR,220.602511
paging,q10,4,RESULT_COLLECTOR,219.951102
paging,q10,4,SORT_PARTITION,7.386157
paging,q10,4,SORT_PARTITION,6.321493
paging,q10,4,SORT_SAMPLE,0.197892
paging,q10,4,SORT_SAMPLE,0.074256
paging,q10,5,CONCAT,1.8385149999999997
paging,q10,5,CONCAT,1.9782140000000001
paging,q10,5,DYNAMIC_FILTER,12.380606999999998
paging,q10,5,DYNAMIC_FILTER,12.474879000000001
paging,q10,5,GPU_SCAN,4596.050894999999
paging,q10,5,GPU_SCAN,4667.090410999999
paging,q10,5,HASH_GROUP_BY,28.7742
paging,q10,5,HASH_GROUP_BY,28.7905
paging,q10,5,HASH_JOIN,42.449533
paging,q10,5,HASH_JOIN,44.021732
paging,q10,5,MERGE_GROUP_BY,0.027055
paging,q10,5,MERGE_GROUP_BY,0.068201
paging,q10,5,MERGE_SORT,18.19101
paging,q10,5,MERGE_SORT,18.464545
paging,q10,5,ORDER_BY,8.890979
paging,q10,5,ORDER_BY,8.909207
paging,q10,5,PARTITION,0.32967399999999997
paging,q10,5,PARTITION,0.3985949999999999
paging,q10,5,PROJECTION,0.59887
paging,q10,5,PROJECTION,0.5863069999999999
paging,q10,5,RESULT_COLLECTOR,243.367836
paging,q10,5,RESULT_COLLECTOR,221.470767
paging,q10,5,SORT_PARTITION,5.555469
paging,q10,5,SORT_PARTITION,4.95724
paging,q10,5,SORT_SAMPLE,0.035688
paging,q10,5,SORT_SAMPLE,0.03313
paging,q11,1,CONCAT,0.13755399999999998
paging,q11,1,CONCAT,5.0019149999999994
paging,q11,1,CTE,0.009635
paging,q11,1,CTE,0.010095
paging,q11,1,DYNAMIC_FILTER,0.100506
paging,q11,1,DYNAMIC_FILTER,0.113174
paging,q11,1,GPU_SCAN,1223.935496
paging,q11,1,GPU_SCAN,18.309038
paging,q11,1,HASH_GROUP_BY,2.029937
paging,q11,1,HASH_GROUP_BY,1.174601
paging,q11,1,HASH_JOIN,26.731576
paging,q11,1,HASH_JOIN,13.103389
paging,q11,1,MERGE_AGGREGATE,0.489751
paging,q11,1,MERGE_AGGREGATE,0.04472
paging,q11,1,MERGE_GROUP_BY,2.880581
paging,q11,1,MERGE_GROUP_BY,0.008559
paging,q11,1,MERGE_SORT,0.008609
paging,q11,1,MERGE_SORT,0.011689
paging,q11,1,NESTED_LOOP_JOIN,7.742246
paging,q11,1,NESTED_LOOP_JOIN,0.191654
paging,q11,1,ORDER_BY,0.017658
paging,q11,1,ORDER_BY,0.01151
paging,q11,1,PARTITION,0.10703899999999998
paging,q11,1,PARTITION,0.36818999999999996
paging,q11,1,PROJECTION,1.868124
paging,q11,1,PROJECTION,2.7651220000000003
paging,q11,1,RESULT_COLLECTOR,0.00659
paging,q11,1,RESULT_COLLECTOR,0.005979
paging,q11,1,SORT_PARTITION,0.005886
paging,q11,1,SORT_PARTITION,0.006306
paging,q11,1,SORT_SAMPLE,0.015903
paging,q11,1,SORT_SAMPLE,0.012625
paging,q11,1,UNGROUPED_AGGREGATE,1.5656400000000001
paging,q11,1,UNGROUPED_AGGREGATE,4.512072
paging,q11,2,CONCAT,0.271357
paging,q11,2,CONCAT,0.34153900000000004
paging,q11,2,CTE,0.016202
paging,q11,2,CTE,0.026625
paging,q11,2,DYNAMIC_FILTER,0.106988
paging,q11,2,DYNAMIC_FILTER,0.137181
paging,q11,2,GPU_SCAN,800.144003
paging,q11,2,GPU_SCAN,508.845911
paging,q11,2,HASH_GROUP_BY,11.298683
paging,q11,2,HASH_GROUP_BY,2.449561
paging,q11,2,HASH_JOIN,35.41978
paging,q11,2,HASH_JOIN,26.661853
paging,q11,2,MERGE_AGGREGATE,0.793239
paging,q11,2,MERGE_AGGREGATE,0.159344
paging,q11,2,MERGE_GROUP_BY,2.800552
paging,q11,2,MERGE_GROUP_BY,2.923797
paging,q11,2,MERGE_SORT,0.007818
paging,q11,2,MERGE_SORT,0.005557
paging,q11,2,NESTED_LOOP_JOIN,0.619257
paging,q11,2,NESTED_LOOP_JOIN,0.306263
paging,q11,2,ORDER_BY,0.0515
paging,q11,2,ORDER_BY,0.018149
paging,q11,2,PARTITION,0.20390800000000003
paging,q11,2,PARTITION,0.21953699999999998
paging,q11,2,PROJECTION,7.8488180000000005
paging,q11,2,PROJECTION,1.6007719999999999
paging,q11,2,RESULT_COLLECTOR,0.00757
paging,q11,2,RESULT_COLLECTOR,0.016869
paging,q11,2,SORT_PARTITION,0.006833
paging,q11,2,SORT_PARTITION,0.008264
paging,q11,2,SORT_SAMPLE,0.013212
paging,q11,2,SORT_SAMPLE,0.014526
paging,q11,2,UNGROUPED_AGGREGATE,1.079322
paging,q11,2,UNGROUPED_AGGREGATE,0.9679989999999999
paging,q11,3,CONCAT,0.176601
paging,q11,3,CONCAT,0.366979
paging,q11,3,CTE,0.020687
paging,q11,3,CTE,0.029253
paging,q11,3,DYNAMIC_FILTER,0.125753
paging,q11,3,DYNAMIC_FILTER,0.112124
paging,q11,3,GPU_SCAN,474.410569
paging,q11,3,GPU_SCAN,475.17686199999997
paging,q11,3,HASH_GROUP_BY,1.9523769999999998
paging,q11,3,HASH_GROUP_BY,2.035733
paging,q11,3,HASH_JOIN,26.003443
paging,q11,3,HASH_JOIN,26.297609
paging,q11,3,MERGE_AGGREGATE,0.26999599999999996
paging,q11,3,MERGE_AGGREGATE,0.613268
paging,q11,3,MERGE_GROUP_BY,3.13182
paging,q11,3,MERGE_GROUP_BY,3.066909
paging,q11,3,MERGE_SORT,0.005777
paging,q11,3,MERGE_SORT,0.006262
paging,q11,3,NESTED_LOOP_JOIN,0.292549
paging,q11,3,NESTED_LOOP_JOIN,0.280052
paging,q11,3,ORDER_BY,0.013486
paging,q11,3,ORDER_BY,0.013801
paging,q11,3,PARTITION,0.31812300000000004
paging,q11,3,PARTITION,0.307813
paging,q11,3,PROJECTION,1.007718
paging,q11,3,PROJECTION,1.0870849999999999
paging,q11,3,RESULT_COLLECTOR,0.004494
paging,q11,3,RESULT_COLLECTOR,0.02027
paging,q11,3,SORT_PARTITION,0.005133
paging,q11,3,SORT_PARTITION,0.005575
paging,q11,3,SORT_SAMPLE,0.012945
paging,q11,3,SORT_SAMPLE,0.013606
paging,q11,3,UNGROUPED_AGGREGATE,0.577028
paging,q11,3,UNGROUPED_AGGREGATE,0.613066
paging,q11,4,CONCAT,0.189809
paging,q11,4,CONCAT,0.43635699999999994
paging,q11,4,CTE,0.009264
paging,q11,4,CTE,0.028608
paging,q11,4,DYNAMIC_FILTER,0.106616
paging,q11,4,DYNAMIC_FILTER,0.138591
paging,q11,4,GPU_SCAN,656.274724
paging,q11,4,GPU_SCAN,772.9536229999999
paging,q11,4,HASH_GROUP_BY,2.1182090000000002
paging,q11,4,HASH_GROUP_BY,3.379362
paging,q11,4,HASH_JOIN,36.749233000000004
paging,q11,4,HASH_JOIN,38.087404
paging,q11,4,MERGE_AGGREGATE,0.934656
paging,q11,4,MERGE_AGGREGATE,0.302042
paging,q11,4,MERGE_GROUP_BY,2.832794
paging,q11,4,MERGE_GROUP_BY,2.751002
paging,q11,4,MERGE_SORT,0.006159
paging,q11,4,MERGE_SORT,0.005489
paging,q11,4,NESTED_LOOP_JOIN,0.29974
paging,q11,4,NESTED_LOOP_JOIN,0.500847
paging,q11,4,ORDER_BY,0.015749
paging,q11,4,ORDER_BY,0.034725
paging,q11,4,PARTITION,0.187656
paging,q11,4,PARTITION,0.163186
paging,q11,4,PROJECTION,7.0915170000000005
paging,q11,4,PROJECTION,1.3100720000000001
paging,q11,4,RESULT_COLLECTOR,0.00602
paging,q11,4,RESULT_COLLECTOR,0.004722
paging,q11,4,SORT_PARTITION,0.005875
paging,q11,4,SORT_PARTITION,0.010135
paging,q11,4,SORT_SAMPLE,0.014419
paging,q11,4,SORT_SAMPLE,0.020496
paging,q11,4,UNGROUPED_AGGREGATE,0.8459810000000001
paging,q11,4,UNGROUPED_AGGREGATE,0.595146
paging,q11,5,CONCAT,0.186804
paging,q11,5,CONCAT,0.531055
paging,q11,5,CTE,0.008804
paging,q11,5,CTE,0.017664
paging,q11,5,DYNAMIC_FILTER,0.101983
paging,q11,5,DYNAMIC_FILTER,0.115933
paging,q11,5,GPU_SCAN,766.086409
paging,q11,5,GPU_SCAN,773.888299
paging,q11,5,HASH_GROUP_BY,2.1403540000000003
paging,q11,5,HASH_GROUP_BY,2.0465969999999998
paging,q11,5,HASH_JOIN,25.919987
paging,q11,5,HASH_JOIN,26.336398
paging,q11,5,MERGE_AGGREGATE,0.63551
paging,q11,5,MERGE_AGGREGATE,0.35901900000000003
paging,q11,5,MERGE_GROUP_BY,3.093991
paging,q11,5,MERGE_GROUP_BY,2.940223
paging,q11,5,MERGE_SORT,0.006941
paging,q11,5,MERGE_SORT,0.010815
paging,q11,5,NESTED_LOOP_JOIN,0.298969
paging,q11,5,NESTED_LOOP_JOIN,0.434866
paging,q11,5,ORDER_BY,0.014489
paging,q11,5,ORDER_BY,0.02276
paging,q11,5,PARTITION,0.188441
paging,q11,5,PARTITION,0.29975
paging,q11,5,PROJECTION,1.124575
paging,q11,5,PROJECTION,1.167581
paging,q11,5,RESULT_COLLECTOR,0.006318
paging,q11,5,RESULT_COLLECTOR,0.007067
paging,q11,5,SORT_PARTITION,0.006629
paging,q11,5,SORT_PARTITION,0.011764
paging,q11,5,SORT_SAMPLE,0.014445
paging,q11,5,SORT_SAMPLE,0.024431
paging,q11,5,UNGROUPED_AGGREGATE,0.7258720000000001
paging,q11,5,UNGROUPED_AGGREGATE,0.669536
paging,q12,1,CONCAT,1.298377
paging,q12,1,CONCAT,1.253987
paging,q12,1,DYNAMIC_FILTER,5.586953
paging,q12,1,DYNAMIC_FILTER,5.311279
paging,q12,1,FILTER,32.764502
paging,q12,1,FILTER,26.401831999999995
paging,q12,1,GPU_SCAN,3447.0392709999996
paging,q12,1,GPU_SCAN,3630.4710979999995
paging,q12,1,HASH_GROUP_BY,1.10219
paging,q12,1,HASH_GROUP_BY,1.098764
paging,q12,1,HASH_JOIN,2.099968
paging,q12,1,HASH_JOIN,2.027021
paging,q12,1,MERGE_GROUP_BY,0.029792
paging,q12,1,MERGE_GROUP_BY,0.028009
paging,q12,1,MERGE_SORT,0.222715
paging,q12,1,MERGE_SORT,0.778155
paging,q12,1,ORDER_BY,0.176102
paging,q12,1,ORDER_BY,0.22303
paging,q12,1,PARTITION,0.5516220000000001
paging,q12,1,PARTITION,0.8962629999999999
paging,q12,1,PROJECTION,0.587789
paging,q12,1,PROJECTION,0.501658
paging,q12,1,RESULT_COLLECTOR,0.29927
paging,q12,1,RESULT_COLLECTOR,0.301583
paging,q12,1,SORT_PARTITION,0.187145
paging,q12,1,SORT_PARTITION,0.182709
paging,q12,1,SORT_SAMPLE,0.084688
paging,q12,1,SORT_SAMPLE,0.081
paging,q12,2,CONCAT,1.2227190000000001
paging,q12,2,CONCAT,1.775553
paging,q12,2,DYNAMIC_FILTER,5.817322
paging,q12,2,DYNAMIC_FILTER,6.053573
paging,q12,2,FILTER,54.78637200000001
paging,q12,2,FILTER,48.93895000000001
paging,q12,2,GPU_SCAN,3651.154633000001
paging,q12,2,GPU_SCAN,3604.147112999999
paging,q12,2,HASH_GROUP_BY,1.236657
paging,q12,2,HASH_GROUP_BY,1.286379
paging,q12,2,HASH_JOIN,2.011715
paging,q12,2,HASH_JOIN,2.024606
paging,q12,2,MERGE_GROUP_BY,0.025345
paging,q12,2,MERGE_GROUP_BY,0.056688
paging,q12,2,MERGE_SORT,1.125239
paging,q12,2,MERGE_SORT,0.196976
paging,q12,2,ORDER_BY,0.150811
paging,q12,2,ORDER_BY,0.176211
paging,q12,2,PARTITION,0.6626379999999998
paging,q12,2,PARTITION,0.5528959999999999
paging,q12,2,PROJECTION,0.49432
paging,q12,2,PROJECTION,0.512045
paging,q12,2,RESULT_COLLECTOR,0.280515
paging,q12,2,RESULT_COLLECTOR,0.354858
paging,q12,2,SORT_PARTITION,0.196812
paging,q12,2,SORT_PARTITION,0.181676
paging,q12,2,SORT_SAMPLE,0.140782
paging,q12,2,SORT_SAMPLE,0.073179
paging,q12,3,CONCAT,1.2580770000000001
paging,q12,3,CONCAT,1.318524
paging,q12,3,DYNAMIC_FILTER,8.774311
paging,q12,3,DYNAMIC_FILTER,8.576838
paging,q12,3,FILTER,45.969587
paging,q12,3,FILTER,31.77199
paging,q12,3,GPU_SCAN,3541.5283899999995
paging,q12,3,GPU_SCAN,3529.835352
paging,q12,3,HASH_GROUP_BY,1.194303
paging,q12,3,HASH_GROUP_BY,1.118264
paging,q12,3,HASH_JOIN,2.450458
paging,q12,3,HASH_JOIN,2.096559
paging,q12,3,MERGE_GROUP_BY,0.017347
paging,q12,3,MERGE_GROUP_BY,0.009329
paging,q12,3,MERGE_SORT,0.276319
paging,q12,3,MERGE_SORT,0.22704
paging,q12,3,ORDER_BY,0.214041
paging,q12,3,ORDER_BY,0.23665
paging,q12,3,PARTITION,0.36347
paging,q12,3,PARTITION,0.41703499999999993
paging,q12,3,PROJECTION,0.516935
paging,q12,3,PROJECTION,0.518347
paging,q12,3,RESULT_COLLECTOR,0.126706
paging,q12,3,RESULT_COLLECTOR,0.122643
paging,q12,3,SORT_PARTITION,0.177774
paging,q12,3,SORT_PARTITION,0.192088
paging,q12,3,SORT_SAMPLE,0.079709
paging,q12,3,SORT_SAMPLE,0.082471
paging,q12,4,CONCAT,2.166729
paging,q12,4,CONCAT,1.750313
paging,q12,4,DYNAMIC_FILTER,7.808707
paging,q12,4,DYNAMIC_FILTER,7.058506000000001
paging,q12,4,FILTER,42.76688
paging,q12,4,FILTER,46.49710999999999
paging,q12,4,GPU_SCAN,3760.3223399999997
paging,q12,4,GPU_SCAN,3898.616446
paging,q12,4,HASH_GROUP_BY,1.114722
paging,q12,4,HASH_GROUP_BY,1.262839
paging,q12,4,HASH_JOIN,2.492099
paging,q12,4,HASH_JOIN,2.428349
paging,q12,4,MERGE_GROUP_BY,0.053055
paging,q12,4,MERGE_GROUP_BY,0.029059
paging,q12,4,MERGE_SORT,0.270942
paging,q12,4,MERGE_SORT,0.27021
paging,q12,4,ORDER_BY,0.220095
paging,q12,4,ORDER_BY,0.204648
paging,q12,4,PARTITION,0.524881
paging,q12,4,PARTITION,0.312873
paging,q12,4,PROJECTION,0.52596
paging,q12,4,PROJECTION,0.615812
paging,q12,4,RESULT_COLLECTOR,0.24474
paging,q12,4,RESULT_COLLECTOR,0.282921
paging,q12,4,SORT_PARTITION,0.189601
paging,q12,4,SORT_PARTITION,0.181577
paging,q12,4,SORT_SAMPLE,0.092447
paging,q12,4,SORT_SAMPLE,0.104446
paging,q12,5,CONCAT,1.296614
paging,q12,5,CONCAT,2.534072
paging,q12,5,DYNAMIC_FILTER,9.344905
paging,q12,5,DYNAMIC_FILTER,9.665694
paging,q12,5,FILTER,65.55547800000001
paging,q12,5,FILTER,57.96711699999999
paging,q12,5,GPU_SCAN,4162.154989
paging,q12,5,GPU_SCAN,4163.775833999999
paging,q12,5,HASH_GROUP_BY,1.320213
paging,q12,5,HASH_GROUP_BY,1.225956
paging,q12,5,HASH_JOIN,2.077391
paging,q12,5,HASH_JOIN,2.299047
paging,q12,5,MERGE_GROUP_BY,0.060176
paging,q12,5,MERGE_GROUP_BY,0.011614
paging,q12,5,MERGE_SORT,0.877105
paging,q12,5,MERGE_SORT,0.293989
paging,q12,5,ORDER_BY,0.179029
paging,q12,5,ORDER_BY,0.535805
paging,q12,5,PARTITION,0.5914349999999998
paging,q12,5,PARTITION,0.518448
paging,q12,5,PROJECTION,0.55016
paging,q12,5,PROJECTION,0.596219
paging,q12,5,RESULT_COLLECTOR,0.356903
paging,q12,5,RESULT_COLLECTOR,0.181467
paging,q12,5,SORT_PARTITION,0.197754
paging,q12,5,SORT_PARTITION,0.226868
paging,q12,5,SORT_SAMPLE,0.090099
paging,q12,5,SORT_SAMPLE,0.11067
paging,q13,1,CONCAT,21.578557
paging,q13,1,CONCAT,22.162237
paging,q13,1,GPU_SCAN,1072.936014
paging,q13,1,GPU_SCAN,1019.7827719999999
paging,q13,1,HASH_GROUP_BY,18.682285
paging,q13,1,HASH_GROUP_BY,19.131138
paging,q13,1,HASH_JOIN,120.752061
paging,q13,1,HASH_JOIN,120.624707
paging,q13,1,MERGE_GROUP_BY,0.097451
paging,q13,1,MERGE_GROUP_BY,0.013021999999999999
paging,q13,1,MERGE_SORT,0.00626
paging,q13,1,MERGE_SORT,0.007057
paging,q13,1,ORDER_BY,0.459108
paging,q13,1,ORDER_BY,0.225662
paging,q13,1,PARTITION,0.17610800000000001
paging,q13,1,PARTITION,0.177516
paging,q13,1,PROJECTION,0.032932
paging,q13,1,PROJECTION,0.069035
paging,q13,1,RESULT_COLLECTOR,0.238963
paging,q13,1,RESULT_COLLECTOR,0.075417
paging,q13,1,SORT_PARTITION,0.00483
paging,q13,1,SORT_PARTITION,0.004629
paging,q13,1,SORT_SAMPLE,0.008976
paging,q13,1,SORT_SAMPLE,0.006415
paging,q13,2,CONCAT,21.990518
paging,q13,2,CONCAT,22.149542999999998
paging,q13,2,GPU_SCAN,1019.3790609999999
paging,q13,2,GPU_SCAN,1030.028596
paging,q13,2,HASH_GROUP_BY,18.376710000000003
paging,q13,2,HASH_GROUP_BY,18.43938
paging,q13,2,HASH_JOIN,121.940375
paging,q13,2,HASH_JOIN,121.948945
paging,q13,2,MERGE_GROUP_BY,0.054014
paging,q13,2,MERGE_GROUP_BY,0.069954
paging,q13,2,MERGE_SORT,0.006116
paging,q13,2,MERGE_SORT,0.00984
paging,q13,2,ORDER_BY,0.388233
paging,q13,2,ORDER_BY,0.404471
paging,q13,2,PARTITION,0.207062
paging,q13,2,PARTITION,0.14160399999999998
paging,q13,2,PROJECTION,0.024461999999999998
paging,q13,2,PROJECTION,0.024334
paging,q13,2,RESULT_COLLECTOR,0.0806
paging,q13,2,RESULT_COLLECTOR,0.106056
paging,q13,2,SORT_PARTITION,0.004988
paging,q13,2,SORT_PARTITION,0.009904
paging,q13,2,SORT_SAMPLE,0.005788
paging,q13,2,SORT_SAMPLE,0.009658
paging,q13,3,CONCAT,22.32048
paging,q13,3,CONCAT,22.355587
paging,q13,3,GPU_SCAN,1026.036586
paging,q13,3,GPU_SCAN,1023.1743979999999
paging,q13,3,HASH_GROUP_BY,18.487136
paging,q13,3,HASH_GROUP_BY,18.528698
paging,q13,3,HASH_JOIN,121.221321
paging,q13,3,HASH_JOIN,121.046891
paging,q13,3,MERGE_GROUP_BY,0.054345
paging,q13,3,MERGE_GROUP_BY,0.032987
paging,q13,3,MERGE_SORT,0.005849
paging,q13,3,MERGE_SORT,0.006488
paging,q13,3,ORDER_BY,0.400109
paging,q13,3,ORDER_BY,0.346016
paging,q13,3,PARTITION,0.21519000000000002
paging,q13,3,PARTITION,0.10900499999999999
paging,q13,3,PROJECTION,0.030850000000000002
paging,q13,3,PROJECTION,0.030962000000000003
paging,q13,3,RESULT_COLLECTOR,0.171002
paging,q13,3,RESULT_COLLECTOR,0.15781
paging,q13,3,SORT_PARTITION,0.00546
paging,q13,3,SORT_PARTITION,0.005651
paging,q13,3,SORT_SAMPLE,0.006805
paging,q13,3,SORT_SAMPLE,0.00817
paging,q13,4,CONCAT,21.91161
paging,q13,4,CONCAT,21.86956
paging,q13,4,GPU_SCAN,2001.983643
paging,q13,4,GPU_SCAN,1981.072822
paging,q13,4,HASH_GROUP_BY,18.824419
paging,q13,4,HASH_GROUP_BY,18.934852
paging,q13,4,HASH_JOIN,121.939099
paging,q13,4,HASH_JOIN,122.367157
paging,q13,4,MERGE_GROUP_BY,0.05455
paging,q13,4,MERGE_GROUP_BY,0.013271999999999999
paging,q13,4,MERGE_SORT,0.010142
paging,q13,4,MERGE_SORT,0.006894
paging,q13,4,ORDER_BY,0.218787
paging,q13,4,ORDER_BY,0.24602
paging,q13,4,PARTITION,0.226444
paging,q13,4,PARTITION,0.11373899999999999
paging,q13,4,PROJECTION,0.051960000000000006
paging,q13,4,PROJECTION,0.075201
paging,q13,4,RESULT_COLLECTOR,0.090454
paging,q13,4,RESULT_COLLECTOR,0.089632
paging,q13,4,SORT_PARTITION,0.006683
paging,q13,4,SORT_PARTITION,0.005604
paging,q13,4,SORT_SAMPLE,0.010126
paging,q13,4,SORT_SAMPLE,0.009835
paging,q13,5,CONCAT,21.933007
paging,q13,5,CONCAT,21.381049
paging,q13,5,GPU_SCAN,2041.599573
paging,q13,5,GPU_SCAN,1984.7590810000002
paging,q13,5,HASH_GROUP_BY,18.479351
paging,q13,5,HASH_GROUP_BY,18.793322
paging,q13,5,HASH_JOIN,120.717493
paging,q13,5,HASH_JOIN,120.935216
paging,q13,5,MERGE_GROUP_BY,0.054643
paging,q13,5,MERGE_GROUP_BY,0.042951
paging,q13,5,MERGE_SORT,0.006982
paging,q13,5,MERGE_SORT,0.004902
paging,q13,5,ORDER_BY,0.446883
paging,q13,5,ORDER_BY,0.196481
paging,q13,5,PARTITION,0.156478
paging,q13,5,PARTITION,0.246902
paging,q13,5,PROJECTION,0.021186
paging,q13,5,PROJECTION,0.029683
paging,q13,5,RESULT_COLLECTOR,0.080563
paging,q13,5,RESULT_COLLECTOR,0.190167
paging,q13,5,SORT_PARTITION,0.004839
paging,q13,5,SORT_PARTITION,0.00538
paging,q13,5,SORT_SAMPLE,0.007632
paging,q13,5,SORT_SAMPLE,0.006099
paging,q14,1,CONCAT,0.459109
paging,q14,1,CONCAT,6.2812410000000005
paging,q14,1,GPU_SCAN,5195.927274
paging,q14,1,GPU_SCAN,5396.115528000001
paging,q14,1,HASH_JOIN,11.2499
paging,q14,1,HASH_JOIN,10.651198
paging,q14,1,MERGE_AGGREGATE,0.021178
paging,q14,1,MERGE_AGGREGATE,0.057648
paging,q14,1,PARTITION,0.154131
paging,q14,1,PARTITION,0.346088
paging,q14,1,PROJECTION,8.463649
paging,q14,1,PROJECTION,1.162288
paging,q14,1,RESULT_COLLECTOR,0.092284
paging,q14,1,RESULT_COLLECTOR,0.074841
paging,q14,1,UNGROUPED_AGGREGATE,0.76323
paging,q14,1,UNGROUPED_AGGREGATE,0.703608
paging,q14,2,CONCAT,0.398135
paging,q14,2,CONCAT,0.484315
paging,q14,2,GPU_SCAN,5013.855116
paging,q14,2,GPU_SCAN,4679.796977999999
paging,q14,2,HASH_JOIN,11.080516
paging,q14,2,HASH_JOIN,10.883328
paging,q14,2,MERGE_AGGREGATE,0.053234
paging,q14,2,MERGE_AGGREGATE,0.023818
paging,q14,2,PARTITION,0.148887
paging,q14,2,PARTITION,0.18115
paging,q14,2,PROJECTION,1.551658
paging,q14,2,PROJECTION,1.396293
paging,q14,2,RESULT_COLLECTOR,0.16373
paging,q14,2,RESULT_COLLECTOR,0.104768
paging,q14,2,UNGROUPED_AGGREGATE,0.735396
paging,q14,2,UNGROUPED_AGGREGATE,0.759723
paging,q14,3,CONCAT,0.576882
paging,q14,3,CONCAT,0.429716
paging,q14,3,GPU_SCAN,5076.461924
paging,q14,3,GPU_SCAN,4966.976207999999
paging,q14,3,HASH_JOIN,11.194268
paging,q14,3,HASH_JOIN,10.877791
paging,q14,3,MERGE_AGGREGATE,0.067955
paging,q14,3,MERGE_AGGREGATE,0.059167
paging,q14,3,PARTITION,0.161858
paging,q14,3,PARTITION,0.16813899999999998
paging,q14,3,PROJECTION,1.2594649999999998
paging,q14,3,PROJECTION,1.5095720000000001
paging,q14,3,RESULT_COLLECTOR,0.111202
paging,q14,3,RESULT_COLLECTOR,0.161277
paging,q14,3,UNGROUPED_AGGREGATE,0.754029
paging,q14,3,UNGROUPED_AGGREGATE,0.701564
paging,q14,4,CONCAT,0.808871
paging,q14,4,CONCAT,0.44945999999999997
paging,q14,4,GPU_SCAN,4807.267774
paging,q14,4,GPU_SCAN,4672.52821
paging,q14,4,HASH_JOIN,11.267869
paging,q14,4,HASH_JOIN,10.939581
paging,q14,4,MERGE_AGGREGATE,0.025298
paging,q14,4,MERGE_AGGREGATE,0.020884
paging,q14,4,PARTITION,0.4617359999999999
paging,q14,4,PARTITION,0.088011
paging,q14,4,PROJECTION,1.6462379999999999
paging,q14,4,PROJECTION,1.239563
paging,q14,4,RESULT_COLLECTOR,0.192128
paging,q14,4,RESULT_COLLECTOR,0.107534
paging,q14,4,UNGROUPED_AGGREGATE,0.766465
paging,q14,4,UNGROUPED_AGGREGATE,0.718766
paging,q14,5,CONCAT,0.476343
paging,q14,5,CONCAT,0.401507
paging,q14,5,GPU_SCAN,4785.889100999999
paging,q14,5,GPU_SCAN,4806.470849
paging,q14,5,HASH_JOIN,11.236908
paging,q14,5,HASH_JOIN,10.923691
paging,q14,5,MERGE_AGGREGATE,0.068178
paging,q14,5,MERGE_AGGREGATE,0.058667
paging,q14,5,PARTITION,0.403033
paging,q14,5,PARTITION,0.13050000000000003
paging,q14,5,PROJECTION,1.6614109999999997
paging,q14,5,PROJECTION,1.532454
paging,q14,5,RESULT_COLLECTOR,0.19663
paging,q14,5,RESULT_COLLECTOR,0.161282
paging,q14,5,UNGROUPED_AGGREGATE,0.777743
paging,q14,5,UNGROUPED_AGGREGATE,0.710833
paging,q15,1,CONCAT,0.10222499999999998
paging,q15,1,CONCAT,0.038294999999999996
paging,q15,1,CTE,0.005962
paging,q15,1,CTE,0.008254
paging,q15,1,GPU_SCAN,5164.7845259999995
paging,q15,1,GPU_SCAN,5393.094003999999
paging,q15,1,HASH_GROUP_BY,27.325170000000004
paging,q15,1,HASH_GROUP_BY,20.594274000000006
paging,q15,1,HASH_JOIN,9.304266
paging,q15,1,HASH_JOIN,1.1201020000000002
paging,q15,1,MERGE_AGGREGATE,0.10922899999999999
paging,q15,1,MERGE_AGGREGATE,0.024623
paging,q15,1,MERGE_GROUP_BY,4.860518
paging,q15,1,MERGE_GROUP_BY,5.236322
paging,q15,1,MERGE_SORT,0.033882
paging,q15,1,MERGE_SORT,0.008866
paging,q15,1,ORDER_BY,7.964828
paging,q15,1,ORDER_BY,0.269797
paging,q15,1,PARTITION,0.33456400000000003
paging,q15,1,PARTITION,0.40217100000000006
paging,q15,1,PROJECTION,11.975142
paging,q15,1,PROJECTION,11.238083000000001
paging,q15,1,RESULT_COLLECTOR,0.308975
paging,q15,1,RESULT_COLLECTOR,0.201592
paging,q15,1,SORT_PARTITION,1.692216
paging,q15,1,SORT_PARTITION,0.576768
paging,q15,1,SORT_SAMPLE,0.212601
paging,q15,1,SORT_SAMPLE,0.041184
paging,q15,1,UNGROUPED_AGGREGATE,8.056284999999999
paging,q15,1,UNGROUPED_AGGREGATE,0.619273
paging,q15,2,CONCAT,0.063683
paging,q15,2,CONCAT,0.09838200000000001
paging,q15,2,CTE,0.02733
paging,q15,2,CTE,0.008259
paging,q15,2,GPU_SCAN,4641.820358
paging,q15,2,GPU_SCAN,4658.071781000001
paging,q15,2,HASH_GROUP_BY,20.856873000000004
paging,q15,2,HASH_GROUP_BY,21.767592
paging,q15,2,HASH_JOIN,1.884992
paging,q15,2,HASH_JOIN,1.997932
paging,q15,2,MERGE_AGGREGATE,0.04922
paging,q15,2,MERGE_AGGREGATE,0.0469
paging,q15,2,MERGE_GROUP_BY,4.887255
paging,q15,2,MERGE_GROUP_BY,4.992824
paging,q15,2,MERGE_SORT,0.024512
paging,q15,2,MERGE_SORT,0.039345
paging,q15,2,ORDER_BY,0.466664
paging,q15,2,ORDER_BY,0.580679
paging,q15,2,PARTITION,0.433028
paging,q15,2,PARTITION,0.36115600000000003
paging,q15,2,PROJECTION,11.067153000000001
paging,q15,2,PROJECTION,13.306117
paging,q15,2,RESULT_COLLECTOR,0.186799
paging,q15,2,RESULT_COLLECTOR,0.173666
paging,q15,2,SORT_PARTITION,1.313189
paging,q15,2,SORT_PARTITION,1.693879
paging,q15,2,SORT_SAMPLE,0.188291
paging,q15,2,SORT_SAMPLE,0.254407
paging,q15,2,UNGROUPED_AGGREGATE,0.9203790000000001
paging,q15,2,UNGROUPED_AGGREGATE,0.4567
paging,q15,3,CONCAT,0.081927
paging,q15,3,CONCAT,0.038098999999999994
paging,q15,3,CTE,0.006171
paging,q15,3,CTE,0.0088
paging,q15,3,GPU_SCAN,4619.150755
paging,q15,3,GPU_SCAN,4634.696096
paging,q15,3,HASH_GROUP_BY,18.710435999999998
paging,q15,3,HASH_GROUP_BY,18.104233
paging,q15,3,HASH_JOIN,2.009003
paging,q15,3,HASH_JOIN,2.174505
paging,q15,3,MERGE_AGGREGATE,0.025512
paging,q15,3,MERGE_AGGREGATE,0.04832
paging,q15,3,MERGE_GROUP_BY,5.283621
paging,q15,3,MERGE_GROUP_BY,5.092553
paging,q15,3,MERGE_SORT,0.037724
paging,q15,3,MERGE_SORT,0.041761
paging,q15,3,ORDER_BY,0.677514
paging,q15,3,ORDER_BY,0.501614
paging,q15,3,PARTITION,0.224273
paging,q15,3,PARTITION,0.39971300000000004
paging,q15,3,PROJECTION,12.049277
paging,q15,3,PROJECTION,15.805275
paging,q15,3,RESULT_COLLECTOR,0.146123
paging,q15,3,RESULT_COLLECTOR,0.171753
paging,q15,3,SORT_PARTITION,1.828468
paging,q15,3,SORT_PARTITION,0.76274
paging,q15,3,SORT_SAMPLE,0.227086
paging,q15,3,SORT_SAMPLE,0.082341
paging,q15,3,UNGROUPED_AGGREGATE,0.322815
paging,q15,3,UNGROUPED_AGGREGATE,0.49781
paging,q15,4,CONCAT,0.092056
paging,q15,4,CONCAT,0.047957
paging,q15,4,CTE,0.00592
paging,q15,4,CTE,0.008167
paging,q15,4,GPU_SCAN,4656.406036
paging,q15,4,GPU_SCAN,4660.586385
paging,q15,4,HASH_GROUP_BY,21.502644
paging,q15,4,HASH_GROUP_BY,21.854786
paging,q15,4,HASH_JOIN,2.460544
paging,q15,4,HASH_JOIN,1.19699
paging,q15,4,MERGE_AGGREGATE,0.049517000000000005
paging,q15,4,MERGE_AGGREGATE,0.037474
paging,q15,4,MERGE_GROUP_BY,4.790773
paging,q15,4,MERGE_GROUP_BY,4.876524
paging,q15,4,MERGE_SORT,0.038946
paging,q15,4,MERGE_SORT,0.051244
paging,q15,4,ORDER_BY,0.67531
paging,q15,4,ORDER_BY,0.240743
paging,q15,4,PARTITION,0.27792900000000004
paging,q15,4,PARTITION,0.29883
paging,q15,4,PROJECTION,6.336442
paging,q15,4,PROJECTION,6.468474000000001
paging,q15,4,RESULT_COLLECTOR,0.146865
paging,q15,4,RESULT_COLLECTOR,0.260478
paging,q15,4,SORT_PARTITION,0.985992
paging,q15,4,SORT_PARTITION,1.411901
paging,q15,4,SORT_SAMPLE,0.235888
paging,q15,4,SORT_SAMPLE,0.248608
paging,q15,4,UNGROUPED_AGGREGATE,0.348816
paging,q15,4,UNGROUPED_AGGREGATE,0.386629
paging,q15,5,CONCAT,0.161634
paging,q15,5,CONCAT,0.092095
paging,q15,5,CTE,0.061672
paging,q15,5,CTE,0.025773
paging,q15,5,GPU_SCAN,4688.298076
paging,q15,5,GPU_SCAN,4701.223083000001
paging,q15,5,HASH_GROUP_BY,24.725946
paging,q15,5,HASH_GROUP_BY,25.820782
paging,q15,5,HASH_JOIN,1.594066
paging,q15,5,HASH_JOIN,1.880566
paging,q15,5,MERGE_AGGREGATE,0.149363
paging,q15,5,MERGE_AGGREGATE,0.050628
paging,q15,5,MERGE_GROUP_BY,4.887033
paging,q15,5,MERGE_GROUP_BY,5.282412
paging,q15,5,MERGE_SORT,0.07725
paging,q15,5,MERGE_SORT,0.014682
paging,q15,5,ORDER_BY,0.273475
paging,q15,5,ORDER_BY,0.320456
paging,q15,5,PARTITION,0.548583
paging,q15,5,PARTITION,0.46504799999999996
paging,q15,5,PROJECTION,11.317015
paging,q15,5,PROJECTION,11.361397
paging,q15,5,RESULT_COLLECTOR,0.287638
paging,q15,5,RESULT_COLLECTOR,0.186014
paging,q15,5,SORT_PARTITION,1.231766
paging,q15,5,SORT_PARTITION,0.87002
paging,q15,5,SORT_SAMPLE,0.236507
paging,q15,5,SORT_SAMPLE,0.069359
paging,q15,5,UNGROUPED_AGGREGATE,0.870225
paging,q15,5,UNGROUPED_AGGREGATE,0.7764500000000001
paging,q16,1,CONCAT,0.46255599999999997
paging,q16,1,CONCAT,0.236676
paging,q16,1,DYNAMIC_FILTER,1.299012
paging,q16,1,DYNAMIC_FILTER,1.141872
paging,q16,1,FILTER,20.905006
paging,q16,1,FILTER,6.344505
paging,q16,1,GPU_SCAN,194.78774399999998
paging,q16,1,GPU_SCAN,160.05247
paging,q16,1,HASH_GROUP_BY,103.666424
paging,q16,1,HASH_GROUP_BY,82.779866
paging,q16,1,HASH_JOIN,23.28076
paging,q16,1,HASH_JOIN,8.864117
paging,q16,1,MERGE_GROUP_BY,2.768582
paging,q16,1,MERGE_GROUP_BY,0.596684
paging,q16,1,MERGE_SORT,0.008518
paging,q16,1,MERGE_SORT,0.010914
paging,q16,1,ORDER_BY,2.790037
paging,q16,1,ORDER_BY,2.551725
paging,q16,1,PARTITION,0.300273
paging,q16,1,PARTITION,0.20431799999999997
paging,q16,1,PROJECTION,0.019378
paging,q16,1,PROJECTION,0.017173
paging,q16,1,RESULT_COLLECTOR,1.375683
paging,q16,1,RESULT_COLLECTOR,1.340007
paging,q16,1,SORT_PARTITION,0.031624
paging,q16,1,SORT_PARTITION,0.007107
paging,q16,1,SORT_SAMPLE,0.051051
paging,q16,1,SORT_SAMPLE,0.012307
paging,q16,2,CONCAT,0.35870699999999994
paging,q16,2,CONCAT,0.22475499999999998
paging,q16,2,DYNAMIC_FILTER,1.113215
paging,q16,2,DYNAMIC_FILTER,1.12079
paging,q16,2,FILTER,6.342219999999999
paging,q16,2,FILTER,6.358797
paging,q16,2,GPU_SCAN,181.217064
paging,q16,2,GPU_SCAN,179.727734
paging,q16,2,HASH_GROUP_BY,81.343725
paging,q16,2,HASH_GROUP_BY,81.40714
paging,q16,2,HASH_JOIN,8.766048999999999
paging,q16,2,HASH_JOIN,9.062883
paging,q16,2,MERGE_GROUP_BY,1.193026
paging,q16,2,MERGE_GROUP_BY,0.443714
paging,q16,2,MERGE_SORT,0.00772
paging,q16,2,MERGE_SORT,0.010616
paging,q16,2,ORDER_BY,2.441269
paging,q16,2,ORDER_BY,2.906983
paging,q16,2,PARTITION,0.112175
paging,q16,2,PARTITION,0.147015
paging,q16,2,PROJECTION,0.016152
paging,q16,2,PROJECTION,0.014174
paging,q16,2,RESULT_COLLECTOR,0.918031
paging,q16,2,RESULT_COLLECTOR,0.796604
paging,q16,2,SORT_PARTITION,0.006328
paging,q16,2,SORT_PARTITION,0.007715
paging,q16,2,SORT_SAMPLE,0.010222
paging,q16,2,SORT_SAMPLE,0.013891
paging,q16,3,CONCAT,0.377198
paging,q16,3,CONCAT,0.32436399999999993
paging,q16,3,DYNAMIC_FILTER,1.146501
paging,q16,3,DYNAMIC_FILTER,1.129029
paging,q16,3,FILTER,6.409273
paging,q16,3,FILTER,6.368126999999999
paging,q16,3,GPU_SCAN,183.906729
paging,q16,3,GPU_SCAN,181.773609
paging,q16,3,HASH_GROUP_BY,81.484017
paging,q16,3,HASH_GROUP_BY,81.9901
paging,q16,3,HASH_JOIN,9.012868000000001
paging,q16,3,HASH_JOIN,9.220664
paging,q16,3,MERGE_GROUP_BY,1.274946
paging,q16,3,MERGE_GROUP_BY,0.482592
paging,q16,3,MERGE_SORT,0.006986
paging,q16,3,MERGE_SORT,0.007787
paging,q16,3,ORDER_BY,2.459627
paging,q16,3,ORDER_BY,2.402868
paging,q16,3,PARTITION,0.201175
paging,q16,3,PARTITION,0.216544
paging,q16,3,PROJECTION,0.017899
paging,q16,3,PROJECTION,0.017941
paging,q16,3,RESULT_COLLECTOR,0.994512
paging,q16,3,RESULT_COLLECTOR,0.782447
paging,q16,3,SORT_PARTITION,0.006126
paging,q16,3,SORT_PARTITION,0.00569
paging,q16,3,SORT_SAMPLE,0.01079
paging,q16,3,SORT_SAMPLE,0.012753
paging,q16,4,CONCAT,0.145617
paging,q16,4,CONCAT,0.138042
paging,q16,4,DYNAMIC_FILTER,1.114871
paging,q16,4,DYNAMIC_FILTER,1.111864
paging,q16,4,FILTER,6.305614
paging,q16,4,FILTER,6.290136
paging,q16,4,GPU_SCAN,179.755798
paging,q16,4,GPU_SCAN,179.70490800000002
paging,q16,4,HASH_GROUP_BY,81.169359
paging,q16,4,HASH_GROUP_BY,81.262417
paging,q16,4,HASH_JOIN,8.390503
paging,q16,4,HASH_JOIN,8.320628000000001
paging,q16,4,MERGE_GROUP_BY,0.473837
paging,q16,4,MERGE_GROUP_BY,0.453644
paging,q16,4,MERGE_SORT,0.017472
paging,q16,4,MERGE_SORT,0.00737
paging,q16,4,ORDER_BY,2.313438
paging,q16,4,ORDER_BY,2.397279
paging,q16,4,PARTITION,0.0697
paging,q16,4,PARTITION,0.065457
paging,q16,4,PROJECTION,0.018319
paging,q16,4,PROJECTION,0.014872
paging,q16,4,RESULT_COLLECTOR,0.70068
paging,q16,4,RESULT_COLLECTOR,2.746906
paging,q16,4,SORT_PARTITION,0.007443
paging,q16,4,SORT_PARTITION,0.004953
paging,q16,4,SORT_SAMPLE,0.008808
paging,q16,4,SORT_SAMPLE,0.008496
paging,q16,5,CONCAT,0.217912
paging,q16,5,CONCAT,0.425716
paging,q16,5,DYNAMIC_FILTER,1.157858
paging,q16,5,DYNAMIC_FILTER,1.156017
paging,q16,5,FILTER,6.461492
paging,q16,5,FILTER,6.386649
paging,q16,5,GPU_SCAN,185.003279
paging,q16,5,GPU_SCAN,182.331038
paging,q16,5,HASH_GROUP_BY,81.581688
paging,q16,5,HASH_GROUP_BY,81.686144
paging,q16,5,HASH_JOIN,8.513759
paging,q16,5,HASH_JOIN,8.83036
paging,q16,5,MERGE_GROUP_BY,0.500064
paging,q16,5,MERGE_GROUP_BY,1.225422
paging,q16,5,MERGE_SORT,0.033885
paging,q16,5,MERGE_SORT,0.008276
paging,q16,5,ORDER_BY,2.318994
paging,q16,5,ORDER_BY,2.50176
paging,q16,5,PARTITION,0.24293900000000002
paging,q16,5,PARTITION,0.150899
paging,q16,5,PROJECTION,0.015968
paging,q16,5,PROJECTION,0.015259
paging,q16,5,RESULT_COLLECTOR,0.783993
paging,q16,5,RESULT_COLLECTOR,1.036544
paging,q16,5,SORT_PARTITION,0.005734
paging,q16,5,SORT_PARTITION,0.006857
paging,q16,5,SORT_SAMPLE,0.008804
paging,q16,5,SORT_SAMPLE,0.009391
paging,q17,1,CONCAT,4.833922
paging,q17,1,CONCAT,0.5298700000000001
paging,q17,1,DYNAMIC_FILTER,25.784647000000003
paging,q17,1,DYNAMIC_FILTER,31.329936000000004
paging,q17,1,FILTER,0.11841
paging,q17,1,FILTER,0.21493
paging,q17,1,GPU_SCAN,6713.682052999999
paging,q17,1,GPU_SCAN,6946.2496980000005
paging,q17,1,HASH_GROUP_BY,5.2233
paging,q17,1,HASH_GROUP_BY,11.169887000000001
paging,q17,1,HASH_JOIN,133.66540400000002
paging,q17,1,HASH_JOIN,156.75598300000001
paging,q17,1,LEFT_DELIM_JOIN,1.046179
paging,q17,1,LEFT_DELIM_JOIN,0.206062
paging,q17,1,MERGE_AGGREGATE,0.02802
paging,q17,1,MERGE_AGGREGATE,0.016526
paging,q17,1,MERGE_GROUP_BY,0.5744440000000001
paging,q17,1,MERGE_GROUP_BY,0.5423819999999999
paging,q17,1,PARTITION,0.6005160000000002
paging,q17,1,PARTITION,0.5096200000000001
paging,q17,1,PROJECTION,0.645335
paging,q17,1,PROJECTION,0.609101
paging,q17,1,RESULT_COLLECTOR,0.1766
paging,q17,1,RESULT_COLLECTOR,0.096606
paging,q17,1,UNGROUPED_AGGREGATE,0.151885
paging,q17,1,UNGROUPED_AGGREGATE,0.328275
paging,q17,2,CONCAT,0.6152839999999999
paging,q17,2,CONCAT,0.44802300000000006
paging,q17,2,DYNAMIC_FILTER,27.167240999999994
paging,q17,2,DYNAMIC_FILTER,27.452292000000003
paging,q17,2,FILTER,0.241074
paging,q17,2,FILTER,0.115391
paging,q17,2,GPU_SCAN,6034.722925
paging,q17,2,GPU_SCAN,6091.7763190000005
paging,q17,2,HASH_GROUP_BY,4.21894
paging,q17,2,HASH_GROUP_BY,3.810354
paging,q17,2,HASH_JOIN,101.42325400000001
paging,q17,2,HASH_JOIN,128.323156
paging,q17,2,LEFT_DELIM_JOIN,0.188715
paging,q17,2,LEFT_DELIM_JOIN,0.208352
paging,q17,2,MERGE_AGGREGATE,0.016782
paging,q17,2,MERGE_AGGREGATE,0.028364
paging,q17,2,MERGE_GROUP_BY,0.568766
paging,q17,2,MERGE_GROUP_BY,0.491508
paging,q17,2,PARTITION,0.6257839999999999
paging,q17,2,PARTITION,0.48064499999999993
paging,q17,2,PROJECTION,0.545625
paging,q17,2,PROJECTION,0.252893
paging,q17,2,RESULT_COLLECTOR,0.083628
paging,q17,2,RESULT_COLLECTOR,0.078406
paging,q17,2,UNGROUPED_AGGREGATE,0.329996
paging,q17,2,UNGROUPED_AGGREGATE,0.150292
paging,q17,3,CONCAT,0.390186
paging,q17,3,CONCAT,0.372617
paging,q17,3,DYNAMIC_FILTER,31.421818000000002
paging,q17,3,DYNAMIC_FILTER,26.588532
paging,q17,3,FILTER,0.308816
paging,q17,3,FILTER,0.119016
paging,q17,3,GPU_SCAN,6104.879583
paging,q17,3,GPU_SCAN,5957.324062
paging,q17,3,HASH_GROUP_BY,14.026079000000001
paging,q17,3,HASH_GROUP_BY,5.820887
paging,q17,3,HASH_JOIN,105.821257
paging,q17,3,HASH_JOIN,198.585344
paging,q17,3,LEFT_DELIM_JOIN,0.20574
paging,q17,3,LEFT_DELIM_JOIN,0.427909
paging,q17,3,MERGE_AGGREGATE,0.031735
paging,q17,3,MERGE_AGGREGATE,0.014156
paging,q17,3,MERGE_GROUP_BY,0.5911
paging,q17,3,MERGE_GROUP_BY,0.597804
paging,q17,3,PARTITION,0.40731199999999995
paging,q17,3,PARTITION,0.336704
paging,q17,3,PROJECTION,0.315975
paging,q17,3,PROJECTION,0.41871499999999995
paging,q17,3,RESULT_COLLECTOR,0.087097
paging,q17,3,RESULT_COLLECTOR,0.087054
paging,q17,3,UNGROUPED_AGGREGATE,0.394694
paging,q17,3,UNGROUPED_AGGREGATE,0.146862
paging,q17,4,CONCAT,0.37456399999999995
paging,q17,4,CONCAT,0.49247799999999997
paging,q17,4,DYNAMIC_FILTER,32.353031
paging,q17,4,DYNAMIC_FILTER,30.165335000000006
paging,q17,4,FILTER,0.152577
paging,q17,4,FILTER,0.120329
paging,q17,4,GPU_SCAN,6286.916742
paging,q17,4,GPU_SCAN,6107.611546000001
paging,q17,4,HASH_GROUP_BY,30.671723999999998
paging,q17,4,HASH_GROUP_BY,30.140983000000002
paging,q17,4,HASH_JOIN,172.10294299999995
paging,q17,4,HASH_JOIN,161.18931
paging,q17,4,LEFT_DELIM_JOIN,0.241328
paging,q17,4,LEFT_DELIM_JOIN,0.202472
paging,q17,4,MERGE_AGGREGATE,0.012295
paging,q17,4,MERGE_AGGREGATE,0.016799
paging,q17,4,MERGE_GROUP_BY,1.4322979999999998
paging,q17,4,MERGE_GROUP_BY,1.1773099999999999
paging,q17,4,PARTITION,0.748725
paging,q17,4,PARTITION,0.44853499999999996
paging,q17,4,PROJECTION,8.185089
paging,q17,4,PROJECTION,0.37175199999999997
paging,q17,4,RESULT_COLLECTOR,0.108752
paging,q17,4,RESULT_COLLECTOR,0.080561
paging,q17,4,UNGROUPED_AGGREGATE,0.198712
paging,q17,4,UNGROUPED_AGGREGATE,0.148364
paging,q17,5,CONCAT,0.40032700000000004
paging,q17,5,CONCAT,0.497516
paging,q17,5,DYNAMIC_FILTER,28.598721
paging,q17,5,DYNAMIC_FILTER,26.779991000000003
paging,q17,5,FILTER,0.208121
paging,q17,5,FILTER,0.311899
paging,q17,5,GPU_SCAN,6245.472197
paging,q17,5,GPU_SCAN,6022.850138000001
paging,q17,5,HASH_GROUP_BY,34.771947
paging,q17,5,HASH_GROUP_BY,26.529372
paging,q17,5,HASH_JOIN,176.98164099999997
paging,q17,5,HASH_JOIN,183.540086
paging,q17,5,LEFT_DELIM_JOIN,0.258009
paging,q17,5,LEFT_DELIM_JOIN,0.198864
paging,q17,5,MERGE_AGGREGATE,0.019733
paging,q17,5,MERGE_AGGREGATE,0.028458
paging,q17,5,MERGE_GROUP_BY,1.024854
paging,q17,5,MERGE_GROUP_BY,0.536239
paging,q17,5,PARTITION,0.6947550000000001
paging,q17,5,PARTITION,0.392608
paging,q17,5,PROJECTION,22.003698
paging,q17,5,PROJECTION,0.448944
paging,q17,5,RESULT_COLLECTOR,0.106143
paging,q17,5,RESULT_COLLECTOR,0.081558
paging,q17,5,UNGROUPED_AGGREGATE,0.310809
paging,q17,5,UNGROUPED_AGGREGATE,0.453531
paging,q18,1,CONCAT,0.52378
paging,q18,1,CONCAT,4.571447999999999
paging,q18,1,DYNAMIC_FILTER,33.476755
paging,q18,1,DYNAMIC_FILTER,24.813653999999996
paging,q18,1,FILTER,7.167917000000001
paging,q18,1,FILTER,7.316852000000001
paging,q18,1,GPU_SCAN,3228.9599030000004
paging,q18,1,GPU_SCAN,3370.9887120000008
paging,q18,1,HASH_GROUP_BY,139.24223299999997
paging,q18,1,HASH_GROUP_BY,335.163403
paging,q18,1,HASH_JOIN,4.637611
paging,q18,1,HASH_JOIN,4.043654
paging,q18,1,MERGE_GROUP_BY,308.62465000000003
paging,q18,1,MERGE_GROUP_BY,307.50392899999997
paging,q18,1,MERGE_SORT,0.983582
paging,q18,1,MERGE_SORT,0.998935
paging,q18,1,ORDER_BY,0.410286
paging,q18,1,ORDER_BY,0.41371
paging,q18,1,PARTITION,78.52843100000001
paging,q18,1,PARTITION,60.306483999999976
paging,q18,1,PROJECTION,0.014397
paging,q18,1,PROJECTION,0.016944
paging,q18,1,RESULT_COLLECTOR,0.17791
paging,q18,1,RESULT_COLLECTOR,0.151487
paging,q18,1,SORT_PARTITION,0.750411
paging,q18,1,SORT_PARTITION,0.435862
paging,q18,1,SORT_SAMPLE,0.040149
paging,q18,1,SORT_SAMPLE,0.029881
paging,q18,2,CONCAT,4.922215
paging,q18,2,CONCAT,4.402039
paging,q18,2,DYNAMIC_FILTER,33.25876699999999
paging,q18,2,DYNAMIC_FILTER,35.157776999999996
paging,q18,2,FILTER,7.168661
paging,q18,2,FILTER,7.444001
paging,q18,2,GPU_SCAN,3166.194056
paging,q18,2,GPU_SCAN,3239.076216000001
paging,q18,2,HASH_GROUP_BY,234.98043099999998
paging,q18,2,HASH_GROUP_BY,203.25238799999997
paging,q18,2,HASH_JOIN,4.320251
paging,q18,2,HASH_JOIN,4.151236
paging,q18,2,MERGE_GROUP_BY,307.5049
paging,q18,2,MERGE_GROUP_BY,308.2655639999999
paging,q18,2,MERGE_SORT,1.035464
paging,q18,2,MERGE_SORT,2.411689
paging,q18,2,ORDER_BY,0.714616
paging,q18,2,ORDER_BY,0.509349
paging,q18,2,PARTITION,60.09266299999999
paging,q18,2,PARTITION,59.425188000000006
paging,q18,2,PROJECTION,0.013322
paging,q18,2,PROJECTION,0.013095
paging,q18,2,RESULT_COLLECTOR,0.150527
paging,q18,2,RESULT_COLLECTOR,0.383216
paging,q18,2,SORT_PARTITION,0.490474
paging,q18,2,SORT_PARTITION,0.528127
paging,q18,2,SORT_SAMPLE,0.032805
paging,q18,2,SORT_SAMPLE,0.035919
paging,q18,3,CONCAT,4.241772
paging,q18,3,CONCAT,4.21284
paging,q18,3,DYNAMIC_FILTER,26.041962
paging,q18,3,DYNAMIC_FILTER,27.573261
paging,q18,3,FILTER,7.487591
paging,q18,3,FILTER,7.3781300000000005
paging,q18,3,GPU_SCAN,3320.122292
paging,q18,3,GPU_SCAN,3198.042359
paging,q18,3,HASH_GROUP_BY,235.268833
paging,q18,3,HASH_GROUP_BY,270.421517
paging,q18,3,HASH_JOIN,3.830678
paging,q18,3,HASH_JOIN,4.654399
paging,q18,3,MERGE_GROUP_BY,307.22450899999995
paging,q18,3,MERGE_GROUP_BY,308.004842
paging,q18,3,MERGE_SORT,0.887262
paging,q18,3,MERGE_SORT,0.940087
paging,q18,3,ORDER_BY,0.393876
paging,q18,3,ORDER_BY,0.406202
paging,q18,3,PARTITION,59.62719100000001
paging,q18,3,PARTITION,59.363127999999996
paging,q18,3,PROJECTION,0.01118
paging,q18,3,PROJECTION,0.01609
paging,q18,3,RESULT_COLLECTOR,0.154065
paging,q18,3,RESULT_COLLECTOR,0.160074
paging,q18,3,SORT_PARTITION,0.408602
paging,q18,3,SORT_PARTITION,0.452006
paging,q18,3,SORT_SAMPLE,0.0312
paging,q18,3,SORT_SAMPLE,0.038891
paging,q18,4,CONCAT,4.619783
paging,q18,4,CONCAT,4.562886
paging,q18,4,DYNAMIC_FILTER,34.99967
paging,q18,4,DYNAMIC_FILTER,29.057492000000003
paging,q18,4,FILTER,7.474434
paging,q18,4,FILTER,7.692212999999999
paging,q18,4,GPU_SCAN,3398.5988339999994
paging,q18,4,GPU_SCAN,3303.4944149999997
paging,q18,4,HASH_GROUP_BY,344.522767
paging,q18,4,HASH_GROUP_BY,256.010462
paging,q18,4,HASH_JOIN,4.717981
paging,q18,4,HASH_JOIN,4.598472
paging,q18,4,MERGE_GROUP_BY,308.514118
paging,q18,4,MERGE_GROUP_BY,308.205516
paging,q18,4,MERGE_SORT,0.818483
paging,q18,4,MERGE_SORT,0.79433
paging,q18,4,ORDER_BY,0.446725
paging,q18,4,ORDER_BY,0.47428
paging,q18,4,PARTITION,60.87643399999999
paging,q18,4,PARTITION,60.753161999999996
paging,q18,4,PROJECTION,0.03354
paging,q18,4,PROJECTION,0.024182
paging,q18,4,RESULT_COLLECTOR,0.163575
paging,q18,4,RESULT_COLLECTOR,0.192597
paging,q18,4,SORT_PARTITION,0.4522
paging,q18,4,SORT_PARTITION,0.451591
paging,q18,4,SORT_SAMPLE,0.04122
paging,q18,4,SORT_SAMPLE,0.043457
paging,q18,5,CONCAT,4.7486
paging,q18,5,CONCAT,4.485567
paging,q18,5,DYNAMIC_FILTER,32.061944000000004
paging,q18,5,DYNAMIC_FILTER,28.510683
paging,q18,5,FILTER,7.243812
paging,q18,5,FILTER,7.67426
paging,q18,5,GPU_SCAN,3359.3309330000006
paging,q18,5,GPU_SCAN,3392.562929
paging,q18,5,HASH_GROUP_BY,278.58044900000004
paging,q18,5,HASH_GROUP_BY,268.279898
paging,q18,5,HASH_JOIN,5.320457
paging,q18,5,HASH_JOIN,4.4911010000000005
paging,q18,5,MERGE_GROUP_BY,308.96422
paging,q18,5,MERGE_GROUP_BY,307.79220300000003
paging,q18,5,MERGE_SORT,0.711265
paging,q18,5,MERGE_SORT,0.55958
paging,q18,5,ORDER_BY,0.511499
paging,q18,5,ORDER_BY,0.45015
paging,q18,5,PARTITION,59.97295899999999
paging,q18,5,PARTITION,61.043834000000004
paging,q18,5,PROJECTION,0.039674
paging,q18,5,PROJECTION,0.011148
paging,q18,5,RESULT_COLLECTOR,0.311457
paging,q18,5,RESULT_COLLECTOR,0.340358
paging,q18,5,SORT_PARTITION,0.56789
paging,q18,5,SORT_PARTITION,0.318699
paging,q18,5,SORT_SAMPLE,0.106485
paging,q18,5,SORT_SAMPLE,0.030465
paging,q19,1,CONCAT,4.245455
paging,q19,1,CONCAT,4.133626
paging,q19,1,DYNAMIC_FILTER,3.78355
paging,q19,1,DYNAMIC_FILTER,3.770467
paging,q19,1,FILTER,34.578001
paging,q19,1,FILTER,33.236115999999996
paging,q19,1,GPU_SCAN,5021.643260999999
paging,q19,1,GPU_SCAN,5101.362249000001
paging,q19,1,HASH_JOIN,21.526273
paging,q19,1,HASH_JOIN,21.437023
paging,q19,1,MERGE_AGGREGATE,0.018189
paging,q19,1,MERGE_AGGREGATE,0.059847
paging,q19,1,PARTITION,1.425118
paging,q19,1,PARTITION,0.7643440000000001
paging,q19,1,PROJECTION,0.078024
paging,q19,1,PROJECTION,0.088379
paging,q19,1,RESULT_COLLECTOR,0.205554
paging,q19,1,RESULT_COLLECTOR,0.237467
paging,q19,1,UNGROUPED_AGGREGATE,0.1454
paging,q19,1,UNGROUPED_AGGREGATE,0.175413
paging,q19,2,CONCAT,3.652553
paging,q19,2,CONCAT,3.588946
paging,q19,2,DYNAMIC_FILTER,3.735692
paging,q19,2,DYNAMIC_FILTER,3.746221
paging,q19,2,FILTER,37.173828999999984
paging,q19,2,FILTER,32.884139
paging,q19,2,GPU_SCAN,4997.645071999999
paging,q19,2,GPU_SCAN,5032.882245
paging,q19,2,HASH_JOIN,21.423952
paging,q19,2,HASH_JOIN,21.398506
paging,q19,2,MERGE_AGGREGATE,0.056199
paging,q19,2,MERGE_AGGREGATE,0.05861
paging,q19,2,PARTITION,0.294227
paging,q19,2,PARTITION,0.33599500000000004
paging,q19,2,PROJECTION,0.081316
paging,q19,2,PROJECTION,0.082994
paging,q19,2,RESULT_COLLECTOR,0.090044
paging,q19,2,RESULT_COLLECTOR,0.1032
paging,q19,2,UNGROUPED_AGGREGATE,0.152079
paging,q19,2,UNGROUPED_AGGREGATE,0.153092
paging,q19,3,CONCAT,3.6850690000000004
paging,q19,3,CONCAT,3.599805
paging,q19,3,DYNAMIC_FILTER,3.74622
paging,q19,3,DYNAMIC_FILTER,3.760672
paging,q19,3,FILTER,33.17167899999999
paging,q19,3,FILTER,32.014838999999995
paging,q19,3,GPU_SCAN,4808.848344
paging,q19,3,GPU_SCAN,4878.600109
paging,q19,3,HASH_JOIN,21.394824
paging,q19,3,HASH_JOIN,21.797369
paging,q19,3,MERGE_AGGREGATE,0.058298
paging,q19,3,MERGE_AGGREGATE,0.060204
paging,q19,3,PARTITION,0.32631899999999997
paging,q19,3,PARTITION,0.38639099999999993
paging,q19,3,PROJECTION,0.083075
paging,q19,3,PROJECTION,0.083993
paging,q19,3,RESULT_COLLECTOR,0.226587
paging,q19,3,RESULT_COLLECTOR,0.182992
paging,q19,3,UNGROUPED_AGGREGATE,0.155143
paging,q19,3,UNGROUPED_AGGREGATE,0.154447
paging,q19,4,CONCAT,3.8844250000000002
paging,q19,4,CONCAT,3.6437559999999998
paging,q19,4,DYNAMIC_FILTER,3.718602
paging,q19,4,DYNAMIC_FILTER,3.749497
paging,q19,4,FILTER,34.70946
paging,q19,4,FILTER,33.510398
paging,q19,4,GPU_SCAN,4857.502014999999
paging,q19,4,GPU_SCAN,4815.792447
paging,q19,4,HASH_JOIN,21.293965
paging,q19,4,HASH_JOIN,21.201524
paging,q19,4,MERGE_AGGREGATE,0.059417
paging,q19,4,MERGE_AGGREGATE,0.023104
paging,q19,4,PARTITION,0.298285
paging,q19,4,PARTITION,0.30124199999999995
paging,q19,4,PROJECTION,0.076886
paging,q19,4,PROJECTION,0.086706
paging,q19,4,RESULT_COLLECTOR,0.209721
paging,q19,4,RESULT_COLLECTOR,0.096155
paging,q19,4,UNGROUPED_AGGREGATE,0.13957
paging,q19,4,UNGROUPED_AGGREGATE,0.154433
paging,q19,5,CONCAT,3.7701219999999998
paging,q19,5,CONCAT,3.647427
paging,q19,5,DYNAMIC_FILTER,3.815828
paging,q19,5,DYNAMIC_FILTER,3.822501
paging,q19,5,FILTER,37.779636
paging,q19,5,FILTER,33.02649900000001
paging,q19,5,GPU_SCAN,4818.701866
paging,q19,5,GPU_SCAN,4904.331322000001
paging,q19,5,HASH_JOIN,21.659231
paging,q19,5,HASH_JOIN,21.540367
paging,q19,5,MERGE_AGGREGATE,0.036535
paging,q19,5,MERGE_AGGREGATE,0.073234
paging,q19,5,PARTITION,0.7856130000000001
paging,q19,5,PARTITION,0.802733
paging,q19,5,PROJECTION,0.119631
paging,q19,5,PROJECTION,0.105923
paging,q19,5,RESULT_COLLECTOR,0.246861
paging,q19,5,RESULT_COLLECTOR,0.277
paging,q19,5,UNGROUPED_AGGREGATE,0.207885
paging,q19,5,UNGROUPED_AGGREGATE,0.197639
paging,q20,1,CONCAT,1.6095689999999998
paging,q20,1,CONCAT,1.0697969999999999
paging,q20,1,DYNAMIC_FILTER,10.969053
paging,q20,1,DYNAMIC_FILTER,10.424534000000001
paging,q20,1,FILTER,0.334974
paging,q20,1,FILTER,0.208469
paging,q20,1,GPU_SCAN,4401.477226000001
paging,q20,1,GPU_SCAN,4493.866190999999
paging,q20,1,HASH_GROUP_BY,0.979038
paging,q20,1,HASH_GROUP_BY,0.728459
paging,q20,1,HASH_JOIN,3.5374260000000004
paging,q20,1,HASH_JOIN,2.558963
paging,q20,1,LEFT_DELIM_JOIN,0.73112
paging,q20,1,LEFT_DELIM_JOIN,0.690648
paging,q20,1,MERGE_GROUP_BY,0.042115
paging,q20,1,MERGE_GROUP_BY,0.054756
paging,q20,1,MERGE_SORT,1.794821
paging,q20,1,MERGE_SORT,1.759635
paging,q20,1,ORDER_BY,7.27287
paging,q20,1,ORDER_BY,3.473763
paging,q20,1,PARTITION,0.49641399999999997
paging,q20,1,PARTITION,0.388745
paging,q20,1,PROJECTION,0.186116
paging,q20,1,PROJECTION,0.413012
paging,q20,1,RESULT_COLLECTOR,0.508552
paging,q20,1,RESULT_COLLECTOR,0.393838
paging,q20,1,SORT_PARTITION,1.567822
paging,q20,1,SORT_PARTITION,1.602264
paging,q20,1,SORT_SAMPLE,0.603946
paging,q20,1,SORT_SAMPLE,0.426196
paging,q20,2,CONCAT,0.73434
paging,q20,2,CONCAT,0.7734309999999999
paging,q20,2,DYNAMIC_FILTER,5.535355000000001
paging,q20,2,DYNAMIC_FILTER,5.989494
paging,q20,2,FILTER,0.257482
paging,q20,2,FILTER,0.240328
paging,q20,2,GPU_SCAN,3842.754967
paging,q20,2,GPU_SCAN,3868.7563710000004
paging,q20,2,HASH_GROUP_BY,1.07146
paging,q20,2,HASH_GROUP_BY,0.964912
paging,q20,2,HASH_JOIN,3.9877149999999997
paging,q20,2,HASH_JOIN,3.502143
paging,q20,2,LEFT_DELIM_JOIN,0.69617
paging,q20,2,LEFT_DELIM_JOIN,0.461915
paging,q20,2,MERGE_GROUP_BY,0.019775
paging,q20,2,MERGE_GROUP_BY,0.026383
paging,q20,2,MERGE_SORT,1.991846
paging,q20,2,MERGE_SORT,3.727661
paging,q20,2,ORDER_BY,3.362221
paging,q20,2,ORDER_BY,3.402329
paging,q20,2,PARTITION,0.343708
paging,q20,2,PARTITION,0.33765000000000006
paging,q20,2,PROJECTION,0.14910099999999998
paging,q20,2,PROJECTION,0.143389
paging,q20,2,RESULT_COLLECTOR,0.461945
paging,q20,2,RESULT_COLLECTOR,1.370563
paging,q20,2,SORT_PARTITION,2.584618
paging,q20,2,SORT_PARTITION,1.047527
paging,q20,2,SORT_SAMPLE,0.305837
paging,q20,2,SORT_SAMPLE,0.367007
paging,q20,3,CONCAT,0.5121039999999999
paging,q20,3,CONCAT,0.551372
paging,q20,3,DYNAMIC_FILTER,7.660202999999999
paging,q20,3,DYNAMIC_FILTER,6.841929
paging,q20,3,FILTER,0.219581
paging,q20,3,FILTER,0.213055
paging,q20,3,GPU_SCAN,4431.94735
paging,q20,3,GPU_SCAN,4353.090464
paging,q20,3,HASH_GROUP_BY,0.731255
paging,q20,3,HASH_GROUP_BY,0.736165
paging,q20,3,HASH_JOIN,2.572485
paging,q20,3,HASH_JOIN,2.28324
paging,q20,3,LEFT_DELIM_JOIN,0.462463
paging,q20,3,LEFT_DELIM_JOIN,0.459277
paging,q20,3,MERGE_GROUP_BY,0.030124
paging,q20,3,MERGE_GROUP_BY,0.011793
paging,q20,3,MERGE_SORT,1.638451
paging,q20,3,MERGE_SORT,1.755982
paging,q20,3,ORDER_BY,3.391643
paging,q20,3,ORDER_BY,3.440448
paging,q20,3,PARTITION,0.327294
paging,q20,3,PARTITION,0.206898
paging,q20,3,PROJECTION,0.116795
paging,q20,3,PROJECTION,0.109502
paging,q20,3,RESULT_COLLECTOR,0.513987
paging,q20,3,RESULT_COLLECTOR,0.390276
paging,q20,3,SORT_PARTITION,2.247985
paging,q20,3,SORT_PARTITION,0.916708
paging,q20,3,SORT_SAMPLE,0.315259
paging,q20,3,SORT_SAMPLE,0.141533
paging,q20,4,CONCAT,0.841333
paging,q20,4,CONCAT,0.712002
paging,q20,4,DYNAMIC_FILTER,9.934411
paging,q20,4,DYNAMIC_FILTER,10.474131
paging,q20,4,FILTER,0.237735
paging,q20,4,FILTER,0.680551
paging,q20,4,GPU_SCAN,4074.919319
paging,q20,4,GPU_SCAN,4033.097541
paging,q20,4,HASH_GROUP_BY,0.800043
paging,q20,4,HASH_GROUP_BY,0.815596
paging,q20,4,HASH_JOIN,3.6801500000000003
paging,q20,4,HASH_JOIN,4.2750449999999995
paging,q20,4,LEFT_DELIM_JOIN,0.516696
paging,q20,4,LEFT_DELIM_JOIN,0.759655
paging,q20,4,MERGE_GROUP_BY,0.049446000000000004
paging,q20,4,MERGE_GROUP_BY,0.054758
paging,q20,4,MERGE_SORT,2.035121
paging,q20,4,MERGE_SORT,2.257609
paging,q20,4,ORDER_BY,3.315811
paging,q20,4,ORDER_BY,3.474942
paging,q20,4,PARTITION,0.5067799999999999
paging,q20,4,PARTITION,0.5038030000000001
paging,q20,4,PROJECTION,0.143607
paging,q20,4,PROJECTION,0.13816900000000001
paging,q20,4,RESULT_COLLECTOR,0.814513
paging,q20,4,RESULT_COLLECTOR,0.408035
paging,q20,4,SORT_PARTITION,2.062177
paging,q20,4,SORT_PARTITION,2.15146
paging,q20,4,SORT_SAMPLE,0.498086
paging,q20,4,SORT_SAMPLE,0.423154
paging,q20,5,CONCAT,0.703066
paging,q20,5,CONCAT,0.8119219999999998
paging,q20,5,DYNAMIC_FILTER,7.309635
paging,q20,5,DYNAMIC_FILTER,10.365046999999999
paging,q20,5,FILTER,0.205902
paging,q20,5,FILTER,0.227453
paging,q20,5,GPU_SCAN,4096.854584999999
paging,q20,5,GPU_SCAN,4148.161444
paging,q20,5,HASH_GROUP_BY,0.715778
paging,q20,5,HASH_GROUP_BY,0.936387
paging,q20,5,HASH_JOIN,3.807431
paging,q20,5,HASH_JOIN,3.2108740000000004
paging,q20,5,LEFT_DELIM_JOIN,0.678314
paging,q20,5,LEFT_DELIM_JOIN,0.756682
paging,q20,5,MERGE_GROUP_BY,0.039051
paging,q20,5,MERGE_GROUP_BY,0.12071599999999999
paging,q20,5,MERGE_SORT,2.559994
paging,q20,5,MERGE_SORT,2.672031
paging,q20,5,ORDER_BY,3.44681
paging,q20,5,ORDER_BY,3.472006
paging,q20,5,PARTITION,0.35658100000000004
paging,q20,5,PARTITION,0.5368240000000001
paging,q20,5,PROJECTION,0.113544
paging,q20,5,PROJECTION,0.186656
paging,q20,5,RESULT_COLLECTOR,0.598944
paging,q20,5,RESULT_COLLECTOR,0.554182
paging,q20,5,SORT_PARTITION,1.04046
paging,q20,5,SORT_PARTITION,1.155655
paging,q20,5,SORT_SAMPLE,0.298867
paging,q20,5,SORT_SAMPLE,0.25808
paging,q21,1,CONCAT,87.55681000000001
paging,q21,1,CONCAT,70.004593
paging,q21,1,DYNAMIC_FILTER,69.64576899999999
paging,q21,1,DYNAMIC_FILTER,75.57588399999997
paging,q21,1,FILTER,72.34211600000002
paging,q21,1,FILTER,70.933718
paging,q21,1,GPU_SCAN,10048.147103
paging,q21,1,GPU_SCAN,9841.443836999999
paging,q21,1,HASH_GROUP_BY,1.259535
paging,q21,1,HASH_GROUP_BY,0.635426
paging,q21,1,HASH_JOIN,1360.752388
paging,q21,1,HASH_JOIN,1305.9234999999999
paging,q21,1,MERGE_GROUP_BY,6.034696
paging,q21,1,MERGE_GROUP_BY,5.813438
paging,q21,1,MERGE_SORT,0.317945
paging,q21,1,MERGE_SORT,0.305628
paging,q21,1,ORDER_BY,2.23366
paging,q21,1,ORDER_BY,2.182352
paging,q21,1,PARTITION,0.9690120000000003
paging,q21,1,PARTITION,0.9333120000000001
paging,q21,1,PROJECTION,1.634908
paging,q21,1,PROJECTION,0.43747899999999995
paging,q21,1,RESULT_COLLECTOR,0.507095
paging,q21,1,RESULT_COLLECTOR,1.354594
paging,q21,1,RIGHT_DELIM_JOIN,15.595104999999998
paging,q21,1,RIGHT_DELIM_JOIN,12.67025
paging,q21,1,SORT_PARTITION,0.196662
paging,q21,1,SORT_PARTITION,0.188868
paging,q21,1,SORT_SAMPLE,0.088723
paging,q21,1,SORT_SAMPLE,0.089791
paging,q21,2,CONCAT,112.30206200000003
paging,q21,2,CONCAT,113.959042
paging,q21,2,DYNAMIC_FILTER,64.374232
paging,q21,2,DYNAMIC_FILTER,75.24016200000001
paging,q21,2,FILTER,60.54178099999999
paging,q21,2,FILTER,65.263486
paging,q21,2,GPU_SCAN,7334.258697
paging,q21,2,GPU_SCAN,6589.438265999999
paging,q21,2,HASH_GROUP_BY,1.402455
paging,q21,2,HASH_GROUP_BY,0.673387
paging,q21,2,HASH_JOIN,599.5243540000001
paging,q21,2,HASH_JOIN,669.4537029999998
paging,q21,2,MERGE_GROUP_BY,5.618565
paging,q21,2,MERGE_GROUP_BY,5.839278
paging,q21,2,MERGE_SORT,1.697837
paging,q21,2,MERGE_SORT,0.944881
paging,q21,2,ORDER_BY,2.435934
paging,q21,2,ORDER_BY,2.34575
paging,q21,2,PARTITION,1.4098970000000002
paging,q21,2,PARTITION,1.2933489999999999
paging,q21,2,PROJECTION,0.503403
paging,q21,2,PROJECTION,0.5270969999999999
paging,q21,2,RESULT_COLLECTOR,0.536765
paging,q21,2,RESULT_COLLECTOR,0.421034
paging,q21,2,RIGHT_DELIM_JOIN,12.623926999999998
paging,q21,2,RIGHT_DELIM_JOIN,15.887099000000001
paging,q21,2,SORT_PARTITION,0.852627
paging,q21,2,SORT_PARTITION,0.340235
paging,q21,2,SORT_SAMPLE,0.432503
paging,q21,2,SORT_SAMPLE,0.14058
paging,q21,3,CONCAT,73.939637
paging,q21,3,CONCAT,74.827098
paging,q21,3,DYNAMIC_FILTER,70.332034
paging,q21,3,DYNAMIC_FILTER,64.78998599999997
paging,q21,3,FILTER,75.56810899999999
paging,q21,3,FILTER,66.681405
paging,q21,3,GPU_SCAN,10189.999219000001
paging,q21,3,GPU_SCAN,9855.517769999997
paging,q21,3,HASH_GROUP_BY,1.112544
paging,q21,3,HASH_GROUP_BY,0.715236
paging,q21,3,HASH_JOIN,1104.7271799999999
paging,q21,3,HASH_JOIN,1104.2932729999998
paging,q21,3,MERGE_GROUP_BY,5.994586999999999
paging,q21,3,MERGE_GROUP_BY,5.892092000000001
paging,q21,3,MERGE_SORT,0.484489
paging,q21,3,MERGE_SORT,0.591052
paging,q21,3,ORDER_BY,2.180959
paging,q21,3,ORDER_BY,2.158291
paging,q21,3,PARTITION,1.0833019999999995
paging,q21,3,PARTITION,0.8593150000000002
paging,q21,3,PROJECTION,2.09754
paging,q21,3,PROJECTION,0.638627
paging,q21,3,RESULT_COLLECTOR,0.446128
paging,q21,3,RESULT_COLLECTOR,0.505473
paging,q21,3,RIGHT_DELIM_JOIN,13.257309
paging,q21,3,RIGHT_DELIM_JOIN,13.098142
paging,q21,3,SORT_PARTITION,0.238075
paging,q21,3,SORT_PARTITION,0.266334
paging,q21,3,SORT_SAMPLE,0.095345
paging,q21,3,SORT_SAMPLE,0.083004
paging,q21,4,CONCAT,89.32733
paging,q21,4,CONCAT,76.46018600000002
paging,q21,4,DYNAMIC_FILTER,69.83858599999998
paging,q21,4,DYNAMIC_FILTER,66.744031
paging,q21,4,FILTER,67.97716799999999
paging,q21,4,FILTER,78.53692000000001
paging,q21,4,GPU_SCAN,9895.287868000001
paging,q21,4,GPU_SCAN,9894.235324
paging,q21,4,HASH_GROUP_BY,1.152351
paging,q21,4,HASH_GROUP_BY,0.660245
paging,q21,4,HASH_JOIN,1311.028731
paging,q21,4,HASH_JOIN,1345.4193870000001
paging,q21,4,MERGE_GROUP_BY,5.957358
paging,q21,4,MERGE_GROUP_BY,5.991707
paging,q21,4,MERGE_SORT,0.789315
paging,q21,4,MERGE_SORT,0.512384
paging,q21,4,ORDER_BY,2.178099
paging,q21,4,ORDER_BY,2.175767
paging,q21,4,PARTITION,0.613919
paging,q21,4,PARTITION,0.9046659999999997
paging,q21,4,PROJECTION,0.6167389999999999
paging,q21,4,PROJECTION,1.307945
paging,q21,4,RESULT_COLLECTOR,1.330973
paging,q21,4,RESULT_COLLECTOR,0.399103
paging,q21,4,RIGHT_DELIM_JOIN,12.902688999999999
paging,q21,4,RIGHT_DELIM_JOIN,13.360636999999999
paging,q21,4,SORT_PARTITION,0.228599
paging,q21,4,SORT_PARTITION,0.233942
paging,q21,4,SORT_SAMPLE,0.083996
paging,q21,4,SORT_SAMPLE,0.090328
paging,q21,5,CONCAT,97.70655300000001
paging,q21,5,CONCAT,125.78345100000001
paging,q21,5,DYNAMIC_FILTER,64.77918100000004
paging,q21,5,DYNAMIC_FILTER,84.46574599999998
paging,q21,5,FILTER,87.23769700000001
paging,q21,5,FILTER,87.863471
paging,q21,5,GPU_SCAN,10204.142183
paging,q21,5,GPU_SCAN,10248.545136999997
paging,q21,5,HASH_GROUP_BY,1.541388
paging,q21,5,HASH_GROUP_BY,0.804387
paging,q21,5,HASH_JOIN,1339.7506719999997
paging,q21,5,HASH_JOIN,1423.4985960000001
paging,q21,5,MERGE_GROUP_BY,6.233344000000001
paging,q21,5,MERGE_GROUP_BY,6.055111
paging,q21,5,MERGE_SORT,0.31924
paging,q21,5,MERGE_SORT,0.302439
paging,q21,5,ORDER_BY,2.205518
paging,q21,5,ORDER_BY,2.2108
paging,q21,5,PARTITION,1.277964
paging,q21,5,PARTITION,0.852764
paging,q21,5,PROJECTION,1.08883
paging,q21,5,PROJECTION,1.213388
paging,q21,5,RESULT_COLLECTOR,0.914371
paging,q21,5,RESULT_COLLECTOR,1.331626
paging,q21,5,RIGHT_DELIM_JOIN,12.604298
paging,q21,5,RIGHT_DELIM_JOIN,15.684158
paging,q21,5,SORT_PARTITION,0.236329
paging,q21,5,SORT_PARTITION,0.194492
paging,q21,5,SORT_SAMPLE,0.124229
paging,q21,5,SORT_SAMPLE,0.09064
paging,q22,1,CONCAT,0.05205599999999999
paging,q22,1,CONCAT,1.756555
paging,q22,1,GPU_SCAN,306.326754
paging,q22,1,GPU_SCAN,182.050247
paging,q22,1,HASH_GROUP_BY,0.568507
paging,q22,1,HASH_GROUP_BY,0.557814
paging,q22,1,HASH_JOIN,29.222080000000002
paging,q22,1,HASH_JOIN,27.170538999999998
paging,q22,1,MERGE_AGGREGATE,0.195059
paging,q22,1,MERGE_AGGREGATE,0.300232
paging,q22,1,MERGE_GROUP_BY,0.011621
paging,q22,1,MERGE_GROUP_BY,0.06037000000000001
paging,q22,1,MERGE_SORT,0.007277
paging,q22,1,MERGE_SORT,0.015575
paging,q22,1,NESTED_LOOP_JOIN,1.242502
paging,q22,1,NESTED_LOOP_JOIN,0.81529
paging,q22,1,ORDER_BY,0.161445
paging,q22,1,ORDER_BY,0.52671
paging,q22,1,PARTITION,0.10880400000000001
paging,q22,1,PARTITION,0.4254349999999999
paging,q22,1,PROJECTION,0.353305
paging,q22,1,PROJECTION,0.41409
paging,q22,1,RESULT_COLLECTOR,0.099636
paging,q22,1,RESULT_COLLECTOR,0.330173
paging,q22,1,RIGHT_DELIM_JOIN,0.640199
paging,q22,1,RIGHT_DELIM_JOIN,0.521291
paging,q22,1,SORT_PARTITION,0.004989
paging,q22,1,SORT_PARTITION,0.007611
paging,q22,1,SORT_SAMPLE,0.005868
paging,q22,1,SORT_SAMPLE,0.014729
paging,q22,1,UNGROUPED_AGGREGATE,0.406958
paging,q22,1,UNGROUPED_AGGREGATE,0.610754
paging,q22,2,CONCAT,0.052047
paging,q22,2,CONCAT,0.09924300000000001
paging,q22,2,GPU_SCAN,299.121062
paging,q22,2,GPU_SCAN,299.30073
paging,q22,2,HASH_GROUP_BY,0.568369
paging,q22,2,HASH_GROUP_BY,0.637376
paging,q22,2,HASH_JOIN,29.538552
paging,q22,2,HASH_JOIN,29.002207
paging,q22,2,MERGE_AGGREGATE,0.059381
paging,q22,2,MERGE_AGGREGATE,0.058050000000000004
paging,q22,2,MERGE_GROUP_BY,0.015788999999999997
paging,q22,2,MERGE_GROUP_BY,0.013607
paging,q22,2,MERGE_SORT,0.006626
paging,q22,2,MERGE_SORT,0.019166
paging,q22,2,NESTED_LOOP_JOIN,1.204677
paging,q22,2,NESTED_LOOP_JOIN,0.753648
paging,q22,2,ORDER_BY,0.204969
paging,q22,2,ORDER_BY,0.167345
paging,q22,2,PARTITION,0.116377
paging,q22,2,PARTITION,0.099436
paging,q22,2,PROJECTION,0.362501
paging,q22,2,PROJECTION,0.715586
paging,q22,2,RESULT_COLLECTOR,0.09112
paging,q22,2,RESULT_COLLECTOR,0.114725
paging,q22,2,RIGHT_DELIM_JOIN,0.699548
paging,q22,2,RIGHT_DELIM_JOIN,0.519929
paging,q22,2,SORT_PARTITION,0.005015
paging,q22,2,SORT_PARTITION,0.005983
paging,q22,2,SORT_SAMPLE,0.008945
paging,q22,2,SORT_SAMPLE,0.010426
paging,q22,2,UNGROUPED_AGGREGATE,0.328217
paging,q22,2,UNGROUPED_AGGREGATE,0.30704200000000004
paging,q22,3,CONCAT,0.26285000000000003
paging,q22,3,CONCAT,0.14178700000000002
paging,q22,3,GPU_SCAN,299.083055
paging,q22,3,GPU_SCAN,299.23398
paging,q22,3,HASH_GROUP_BY,0.591632
paging,q22,3,HASH_GROUP_BY,0.557127
paging,q22,3,HASH_JOIN,29.450477
paging,q22,3,HASH_JOIN,28.961938
paging,q22,3,MERGE_AGGREGATE,0.290069
paging,q22,3,MERGE_AGGREGATE,0.332102
paging,q22,3,MERGE_GROUP_BY,0.062338000000000005
paging,q22,3,MERGE_GROUP_BY,0.032634
paging,q22,3,MERGE_SORT,0.005212
paging,q22,3,MERGE_SORT,0.009081
paging,q22,3,NESTED_LOOP_JOIN,1.380158
paging,q22,3,NESTED_LOOP_JOIN,1.2747
paging,q22,3,ORDER_BY,0.438359
paging,q22,3,ORDER_BY,0.209802
paging,q22,3,PARTITION,0.187871
paging,q22,3,PARTITION,0.21463400000000002
paging,q22,3,PROJECTION,0.346407
paging,q22,3,PROJECTION,0.708961
paging,q22,3,RESULT_COLLECTOR,0.228543
paging,q22,3,RESULT_COLLECTOR,0.097022
paging,q22,3,RIGHT_DELIM_JOIN,0.644691
paging,q22,3,RIGHT_DELIM_JOIN,0.581307
paging,q22,3,SORT_PARTITION,0.005253
paging,q22,3,SORT_PARTITION,0.005191
paging,q22,3,SORT_SAMPLE,0.007736
paging,q22,3,SORT_SAMPLE,0.00952
paging,q22,3,UNGROUPED_AGGREGATE,0.686855
paging,q22,3,UNGROUPED_AGGREGATE,0.7156530000000001
paging,q22,4,CONCAT,0.127607
paging,q22,4,CONCAT,0.10525899999999999
paging,q22,4,GPU_SCAN,300.928158
paging,q22,4,GPU_SCAN,301.45684
paging,q22,4,HASH_GROUP_BY,0.610811
paging,q22,4,HASH_GROUP_BY,0.525098
paging,q22,4,HASH_JOIN,29.634535
paging,q22,4,HASH_JOIN,28.531697
paging,q22,4,MERGE_AGGREGATE,0.34135699999999997
paging,q22,4,MERGE_AGGREGATE,0.105502
paging,q22,4,MERGE_GROUP_BY,0.04381
paging,q22,4,MERGE_GROUP_BY,0.014257
paging,q22,4,MERGE_SORT,0.010711
paging,q22,4,MERGE_SORT,0.00781
paging,q22,4,NESTED_LOOP_JOIN,0.98894
paging,q22,4,NESTED_LOOP_JOIN,0.794551
paging,q22,4,ORDER_BY,0.175635
paging,q22,4,ORDER_BY,0.181416
paging,q22,4,PARTITION,0.20373599999999997
paging,q22,4,PARTITION,0.09886500000000001
paging,q22,4,PROJECTION,0.414277
paging,q22,4,PROJECTION,0.382959
paging,q22,4,RESULT_COLLECTOR,0.285618
paging,q22,4,RESULT_COLLECTOR,0.095588
paging,q22,4,RIGHT_DELIM_JOIN,0.675437
paging,q22,4,RIGHT_DELIM_JOIN,0.553105
paging,q22,4,SORT_PARTITION,0.006727
paging,q22,4,SORT_PARTITION,0.006316
paging,q22,4,SORT_SAMPLE,0.010328
paging,q22,4,SORT_SAMPLE,0.009904
paging,q22,4,UNGROUPED_AGGREGATE,0.813136
paging,q22,4,UNGROUPED_AGGREGATE,0.39593100000000003
paging,q22,5,CONCAT,0.196962
paging,q22,5,CONCAT,0.06569
paging,q22,5,GPU_SCAN,303.42056199999996
paging,q22,5,GPU_SCAN,301.89461
paging,q22,5,HASH_GROUP_BY,0.662452
paging,q22,5,HASH_GROUP_BY,0.489125
paging,q22,5,HASH_JOIN,30.218175
paging,q22,5,HASH_JOIN,28.090839
paging,q22,5,MERGE_AGGREGATE,0.12499299999999999
paging,q22,5,MERGE_AGGREGATE,0.070006
paging,q22,5,MERGE_GROUP_BY,0.0392
paging,q22,5,MERGE_GROUP_BY,0.019167
paging,q22,5,MERGE_SORT,0.013391
paging,q22,5,MERGE_SORT,0.005553
paging,q22,5,NESTED_LOOP_JOIN,1.451308
paging,q22,5,NESTED_LOOP_JOIN,0.866706
paging,q22,5,ORDER_BY,0.348807
paging,q22,5,ORDER_BY,0.201181
paging,q22,5,PARTITION,0.27681
paging,q22,5,PARTITION,0.10333700000000001
paging,q22,5,PROJECTION,0.6721820000000001
paging,q22,5,PROJECTION,0.338684
paging,q22,5,RESULT_COLLECTOR,0.129
paging,q22,5,RESULT_COLLECTOR,0.088213
paging,q22,5,RIGHT_DELIM_JOIN,0.803707
paging,q22,5,RIGHT_DELIM_JOIN,0.541082
paging,q22,5,SORT_PARTITION,0.006631
paging,q22,5,SORT_PARTITION,0.005477
paging,q22,5,SORT_SAMPLE,0.011545
paging,q22,5,SORT_SAMPLE,0.00798
paging,q22,5,UNGROUPED_AGGREGATE,0.44626299999999997
paging,q22,5,UNGROUPED_AGGREGATE,0.46038599999999996
