[2026-07-08 16:08:04.742] [info] [sirius_context.cpp:957] Loaded Sirius configuration from file: /home/dy1013/sirius_multi-gpu/experiment/fixed_page_runs/page_filter_q12_check/configs/sirius_1gpu.yaml
[2026-07-08 16:08:04.763] [info] [telemetry_context.cpp:78] Telemetry context initialized (engine=siriusDB)
[2026-07-08 16:08:04.763] [info] [sirius_context.cpp:296] SiriusContext: topology summary — 1 GPU(s), 1 NUMA node(s), host='hicys76'
[2026-07-08 16:08:04.763] [info] [sirius_context.cpp:301]   GPU 0: NVIDIA RTX A5000 (numa=0, pci=00000000:16:00.0)
[2026-07-08 16:08:04.949] [warning] [sirius_context.cpp:311] SiriusContext: disk memory space is not configured; spilling GPU or HOST data to disk is disabled. If queries run out of GPU/HOST memory, downgrades to disk will not be possible.
[2026-07-08 16:08:04.949] [info] [sirius_context.cpp:323] SiriusContext: 1 host memory space(s) created for 1 NUMA node(s)
[2026-07-08 16:08:04.949] [info] [sirius_context.cpp:386] SiriusContext: skipping peer-access enable loop (num_gpus=1); single-GPU host has no pairs to enable
[2026-07-08 16:08:04.972] [info] [sirius_context.cpp:436] SiriusContext: cuDF pinned memory resource configured (NUMA-aware, max slab 8192 B, fallback node=0)
[2026-07-08 16:08:04.976] [info] [sirius_context.cpp:918] Connection opened.
[2026-07-08 16:08:04.976] [info] [sirius_context.cpp:931] Extension loaded: sirius
[2026-07-08 16:08:04.976] [info] [sirius_context.cpp:217] QueryEnd
[2026-07-08 16:08:04.985] [info] [:] [host_pool] HOST:0 QueryEnd allocated=67108864 bytes peak=67108864 bytes free_blocks=448
[2026-07-08 16:08:04.985] [info] [:] [gpu_pool] GPU:0 QueryEnd allocated=0 bytes peak=0 bytes reserved=0 bytes
[2026-07-08 16:08:04.985] [info] [:] [host_pool] HOST:0 QueryBegin allocated=67108864 bytes peak=67108864 bytes free_blocks=448
[2026-07-08 16:08:04.985] [info] [:] [gpu_pool] GPU:0 QueryBegin allocated=0 bytes peak=0 bytes reserved=0 bytes
[2026-07-08 16:08:04.985] [info] [sirius_context.cpp:201] QueryBegin: SQL: SET gpu_execution = true;
[2026-07-08 16:08:04.986] [info] [sirius_context.cpp:217] QueryEnd
[2026-07-08 16:08:04.995] [info] [:] [host_pool] HOST:0 QueryEnd allocated=67108864 bytes peak=67108864 bytes free_blocks=448
[2026-07-08 16:08:04.995] [info] [:] [gpu_pool] GPU:0 QueryEnd allocated=0 bytes peak=0 bytes reserved=0 bytes
[2026-07-08 16:08:04.996] [info] [:] [host_pool] HOST:0 QueryBegin allocated=67108864 bytes peak=67108864 bytes free_blocks=448
[2026-07-08 16:08:04.996] [info] [:] [gpu_pool] GPU:0 QueryBegin allocated=0 bytes peak=0 bytes reserved=0 bytes
[2026-07-08 16:08:04.996] [info] [sirius_context.cpp:201] QueryBegin: SQL: select l.l_shipmode, sum(case when o.o_orderpriority = '1-URGENT' or o.o_orderpriority = '2-HIGH' then 1 else 0 end) as high_line_count, sum(case when o.o_orderpriority <> '1-URGENT' and o.o_orderpriority <> '2-HIGH' then 1 else 0 end) as low_line_count from orders o, lineitem l where o.o_orderkey = l.l_orderkey and l.l_shipmode in ('TRUCK', 'REG AIR') and l.l_commitdate < l.l_receiptdate and l.l_shipdate < l.l_commitdate and l.l_receiptdate >= date '1994-01-01' and l.l_receiptdate < date '1995-01-01' group by l.l_shipmode order by l.l_shipmode
[2026-07-08 16:08:05.326] [info] [sirius_plan_get.cpp:267] [sirius_plan_get] LogicalGet has dynamic_filters attached (channel key=0x573048aa7020).
[2026-07-08 16:08:05.326] [info] [sirius_plan_comparison_join.cpp:601] [sirius_plan_comparison_join] Wired hash join with 1 dynamic-filter probe target(s) (build est 600037902 rows).
[2026-07-08 16:08:05.350] [info] [sirius_context.cpp:865] Transparent execution: Sirius physical plan generated successfully
[2026-07-08 16:08:05.365] [info] [sirius_context.cpp:877] Transparent execution: physical plan replaced with GPU operator
[2026-07-08 16:08:05.365] [info] [physical_sirius_execution.cpp:97] Transparent GPU execution: executing query
[2026-07-08 16:08:05.428] [info] [sirius_plan_get.cpp:267] [sirius_plan_get] LogicalGet has dynamic_filters attached (channel key=0x573048aa7020).
[2026-07-08 16:08:05.428] [info] [sirius_plan_comparison_join.cpp:601] [sirius_plan_comparison_join] Wired hash join with 1 dynamic-filter probe target(s) (build est 600037902 rows).
[2026-07-08 16:08:05.428] [info] [sirius_engine.cpp:375] Query Plan:
=== Pipeline Overview ===
Pipeline #0: GPU_SCAN (id=15) -> FILTER (id=9)
  Output: -> PARTITION [port: default, barrier: FULL]
Pipeline #1: PARTITION (id=17)
  Input: <- Pipeline #0 [on: PARTITION (id=17), port: default, barrier: FULL]
  Dependencies: Pipeline #0
  Output: -> CONCAT [port: default, barrier: PARTIAL]
Pipeline #2: CONCAT (id=16)
  Input: <- Pipeline #1 [on: CONCAT (id=16), port: default, barrier: PARTIAL]
  Dependencies: Pipeline #1
  Output: -> HASH_JOIN [port: build, barrier: FULL]
Pipeline #3: GPU_SCAN (id=18) -> DYNAMIC_FILTER (id=19)
  Output: -> PARTITION [port: default, barrier: PARTIAL]
Pipeline #4: PARTITION (id=21)
  Input: <- Pipeline #3 [on: PARTITION (id=21), port: default, barrier: PARTIAL]
  Dependencies: Pipeline #3
  Output: -> CONCAT [port: default, barrier: PARTIAL]
Pipeline #5: CONCAT (id=20)
  Input: <- Pipeline #4 [on: CONCAT (id=20), port: default, barrier: PARTIAL]
  Dependencies: Pipeline #4
  Output: -> HASH_JOIN [port: default, barrier: FULL]
Pipeline #6: HASH_JOIN (id=10) -> PROJECTION (id=11) -> HASH_GROUP_BY (id=12)
  Input: <- Pipeline #5 [on: HASH_JOIN (id=10), port: default, barrier: FULL]
  Input: <- Pipeline #2 [on: HASH_JOIN (id=10), port: build, barrier: FULL]
  Dependencies: Pipeline #2, Pipeline #5
  Output: -> PARTITION [port: default, barrier: FULL]
Pipeline #7: PARTITION (id=22)
  Input: <- Pipeline #6 [on: PARTITION (id=22), port: default, barrier: FULL]
  Dependencies: Pipeline #6
  Output: -> MERGE_GROUP_BY [port: default, barrier: FULL]
Pipeline #8: MERGE_GROUP_BY (id=23)
  Input: <- Pipeline #7 [on: MERGE_GROUP_BY (id=23), port: default, barrier: FULL]
  Dependencies: Pipeline #7
  Output: -> ORDER_BY [port: default, barrier: FULL]
Pipeline #9: ORDER_BY (id=13)
  Input: <- Pipeline #8 [on: ORDER_BY (id=13), port: default, barrier: FULL]
  Dependencies: Pipeline #8
  Output: -> SORT_SAMPLE [port: default, barrier: PIPELINE]
Pipeline #10: SORT_SAMPLE (id=24) -> SORT_PARTITION (id=25)
  Input: <- Pipeline #9 [on: SORT_SAMPLE (id=24), port: default, barrier: PIPELINE]
  Dependencies: Pipeline #9
  Output: -> MERGE_SORT [port: default, barrier: FULL]
Pipeline #11: MERGE_SORT (id=26)
  Input: <- Pipeline #10 [on: MERGE_SORT (id=26), port: default, barrier: FULL]
  Dependencies: Pipeline #10
  Output: -> RESULT_COLLECTOR [port: default, barrier: FULL]
Pipeline #12: RESULT_COLLECTOR (id=14)
  Input: <- Pipeline #11 [on: RESULT_COLLECTOR (id=14), port: default, barrier: FULL]
  Dependencies: Pipeline #11

=== Query Plan DAG ===
┌──────────────────────────┐                            
│ Pipeline #12             │                            
│ RESULT_COLLECTOR (id=14) │                            
│ Input(#11): FULL         │                            
└────────────┬─────────────┘                            
             │                                          
┌──────────────────────────┐                            
│ Pipeline #11             │                            
│ MERGE_SORT (id=26)       │                            
│ Input(#10): FULL         │                            
└────────────┬─────────────┘                            
             │                                          
┌──────────────────────────┐                            
│ Pipeline #10             │                            
│ SORT_PARTITION (id=25)   │                            
│ SORT_SAMPLE (id=24)      │                            
│ Input(#9): PIPELINE      │                            
└────────────┬─────────────┘                            
             │                                          
┌──────────────────────────┐                            
│ Pipeline #9              │                            
│ ORDER_BY (id=13)         │                            
│ Input(#8): FULL          │                            
└────────────┬─────────────┘                            
             │                                          
┌──────────────────────────┐                            
│ Pipeline #8              │                            
│ MERGE_GROUP_BY (id=23)   │                            
│ Input(#7): FULL          │                            
└────────────┬─────────────┘                            
             │                                          
┌──────────────────────────┐                            
│ Pipeline #7              │                            
│ PARTITION (id=22)        │                            
│ Input(#6): FULL          │                            
└────────────┬─────────────┘                            
             │                                          
┌──────────────────────────┐                            
│ Pipeline #6              │                            
│ HASH_GROUP_BY (id=12)    │                            
│ PROJECTION (id=11)       │                            
│ HASH_JOIN (id=10)        │                            
│   type: INNER            │                            
│ Input(#5): FULL          │                            
│ Input(#2): FULL          │                            
└────────────┬─────────────┘                            
             ┌───────────────────────────┐              
             │                           │              
┌──────────────────────────┐┌──────────────────────────┐
│ Pipeline #2              ││ Pipeline #5              │
│ CONCAT (id=16)           ││ CONCAT (id=20)           │
│ Input(#1): PARTIAL       ││ Input(#4): PARTIAL       │
└────────────┬─────────────┘└────────────┬─────────────┘
             │                           │              
┌──────────────────────────┐┌──────────────────────────┐
│ Pipeline #1              ││ Pipeline #4              │
│ PARTITION (id=17)        ││ PARTITION (id=21)        │
│ Input(#0): FULL          ││ Input(#3): PARTIAL       │
└────────────┬─────────────┘└────────────┬─────────────┘
             │                           │              
┌──────────────────────────┐┌──────────────────────────┐
│ Pipeline #0              ││ Pipeline #3              │
│ FILTER (id=9)            ││ DYNAMIC_FILTER (id=19)   │
│ GPU_SCAN (id=15)         ││ GPU_SCAN (id=18)         │
└──────────────────────────┘└──────────────────────────┘

[2026-07-08 16:08:05.587] [info] [parquet_gpu_ingestible.cpp:232] [coalesce-debug] parquet_batch_coalescer emit #1: 1 slice(s), acc_bytes=535436089, cap=536870912
[2026-07-08 16:08:05.587] [info] [parquet_gpu_ingestible.cpp:232] [coalesce-debug] parquet_batch_coalescer emit #2: 1 slice(s), acc_bytes=534003400, cap=536870912
[2026-07-08 16:08:05.587] [info] [parquet_gpu_ingestible.cpp:232] [coalesce-debug] parquet_batch_coalescer emit #3: 1 slice(s), acc_bytes=534010221, cap=536870912
[2026-07-08 16:08:05.587] [info] [parquet_gpu_ingestible.cpp:232] [coalesce-debug] parquet_batch_coalescer emit #4: 1 slice(s), acc_bytes=534012907, cap=536870912
[2026-07-08 16:08:05.587] [info] [parquet_gpu_ingestible.cpp:232] [coalesce-debug] parquet_batch_coalescer emit #5: 1 slice(s), acc_bytes=535548935, cap=536870912
[2026-07-08 16:08:05.587] [info] [parquet_gpu_ingestible.cpp:232] [coalesce-debug] parquet_batch_coalescer emit #6: 1 slice(s), acc_bytes=535704849, cap=536870912
[2026-07-08 16:08:05.587] [info] [parquet_gpu_ingestible.cpp:232] [coalesce-debug] parquet_batch_coalescer emit #7: 1 slice(s), acc_bytes=535702297, cap=536870912
[2026-07-08 16:08:05.587] [info] [parquet_gpu_ingestible.cpp:232] [coalesce-debug] parquet_batch_coalescer emit #8: 1 slice(s), acc_bytes=535704936, cap=536870912
[2026-07-08 16:08:05.587] [info] [parquet_gpu_ingestible.cpp:232] [coalesce-debug] parquet_batch_coalescer emit #9: 1 slice(s), acc_bytes=535700947, cap=536870912
[2026-07-08 16:08:05.587] [info] [parquet_gpu_ingestible.cpp:232] [coalesce-debug] parquet_batch_coalescer emit #10: 1 slice(s), acc_bytes=535695564, cap=536870912
[2026-07-08 16:08:05.587] [info] [parquet_gpu_ingestible.cpp:232] [coalesce-debug] parquet_batch_coalescer emit #11: 1 slice(s), acc_bytes=535692301, cap=536870912
[2026-07-08 16:08:05.587] [info] [parquet_gpu_ingestible.cpp:232] [coalesce-debug] parquet_batch_coalescer emit #12: 1 slice(s), acc_bytes=535707119, cap=536870912
[2026-07-08 16:08:05.587] [info] [parquet_gpu_ingestible.cpp:232] [coalesce-debug] parquet_batch_coalescer emit #13: 1 slice(s), acc_bytes=535689980, cap=536870912
[2026-07-08 16:08:05.587] [info] [parquet_gpu_ingestible.cpp:232] [coalesce-debug] parquet_batch_coalescer emit #14: 1 slice(s), acc_bytes=535718432, cap=536870912
[2026-07-08 16:08:05.587] [info] [parquet_gpu_ingestible.cpp:232] [coalesce-debug] parquet_batch_coalescer emit #15: 1 slice(s), acc_bytes=535730034, cap=536870912
[2026-07-08 16:08:05.587] [info] [parquet_gpu_ingestible.cpp:232] [coalesce-debug] parquet_batch_coalescer emit #16: 1 slice(s), acc_bytes=535714170, cap=536870912
[2026-07-08 16:08:05.587] [info] [parquet_gpu_ingestible.cpp:232] [coalesce-debug] parquet_batch_coalescer emit #17: 1 slice(s), acc_bytes=535700862, cap=536870912
[2026-07-08 16:08:05.587] [info] [parquet_gpu_ingestible.cpp:232] [coalesce-debug] parquet_batch_coalescer emit #18: 1 slice(s), acc_bytes=535696305, cap=536870912
[2026-07-08 16:08:05.587] [info] [parquet_gpu_ingestible.cpp:232] [coalesce-debug] parquet_batch_coalescer emit #19: 1 slice(s), acc_bytes=535696174, cap=536870912
[2026-07-08 16:08:05.587] [info] [parquet_gpu_ingestible.cpp:232] [coalesce-debug] parquet_batch_coalescer emit #20: 1 slice(s), acc_bytes=535700220, cap=536870912
[2026-07-08 16:08:05.587] [info] [parquet_gpu_ingestible.cpp:232] [coalesce-debug] parquet_batch_coalescer emit #21: 1 slice(s), acc_bytes=535713245, cap=536870912
[2026-07-08 16:08:05.587] [info] [parquet_gpu_ingestible.cpp:232] [coalesce-debug] parquet_batch_coalescer emit #22: 1 slice(s), acc_bytes=535708324, cap=536870912
[2026-07-08 16:08:05.587] [info] [parquet_gpu_ingestible.cpp:232] [coalesce-debug] parquet_batch_coalescer emit #23: 1 slice(s), acc_bytes=535700366, cap=536870912
[2026-07-08 16:08:05.587] [info] [parquet_gpu_ingestible.cpp:232] [coalesce-debug] parquet_batch_coalescer emit #24: 1 slice(s), acc_bytes=535705941, cap=536870912
[2026-07-08 16:08:05.587] [info] [parquet_gpu_ingestible.cpp:232] [coalesce-debug] parquet_batch_coalescer emit #25: 1 slice(s), acc_bytes=535709161, cap=536870912
[2026-07-08 16:08:05.587] [info] [parquet_gpu_ingestible.cpp:232] [coalesce-debug] parquet_batch_coalescer emit #26: 1 slice(s), acc_bytes=535693261, cap=536870912
[2026-07-08 16:08:05.587] [info] [parquet_gpu_ingestible.cpp:232] [coalesce-debug] parquet_batch_coalescer emit #27: 1 slice(s), acc_bytes=535702199, cap=536870912
[2026-07-08 16:08:05.587] [info] [parquet_gpu_ingestible.cpp:232] [coalesce-debug] parquet_batch_coalescer emit #28: 1 slice(s), acc_bytes=535108465, cap=536870912
[2026-07-08 16:08:05.588] [info] [load_balancing_scan_batch_coalescer.cpp:96] [coalesce-debug] load_balancer emit pipeline=0 -> preferred GPU 0
[2026-07-08 16:08:05.748] [info] [load_balancing_scan_batch_coalescer.cpp:96] [coalesce-debug] load_balancer emit pipeline=0 -> preferred GPU 0
[2026-07-08 16:08:05.800] [info] [task_scheduler.cpp:462] [mgpu-audit] pipeline_task dispatched to GPU 0 task_id=0
[2026-07-08 16:08:05.800] [info] [task_scheduler.cpp:464] [locality-audit] dispatch task_id=0 preferred_device=0 actual_gpu=0
[2026-07-08 16:08:06.038] [info] [load_balancing_scan_batch_coalescer.cpp:96] [coalesce-debug] load_balancer emit pipeline=0 -> preferred GPU 0
[2026-07-08 16:08:06.090] [info] [task_scheduler.cpp:462] [mgpu-audit] pipeline_task dispatched to GPU 0 task_id=1
[2026-07-08 16:08:06.090] [info] [task_scheduler.cpp:464] [locality-audit] dispatch task_id=1 preferred_device=0 actual_gpu=0
[2026-07-08 16:08:06.232] [info] [gpu_pipeline_task.cpp:321] [stage-audit] pipeline_id=0 task_id=0 operator_id=15 operator_name=GPU_SCAN stage_kind=SCAN operator_type=94 input_type=GPU_SCAN output_type=PIPELINEABLE actual_gpu=0 pipeline_operator_count=2 input_batches=0 input_rows=0 input_columns=0 input_bytes=0 output_batches=1 output_rows=3165348 output_columns=5 output_bytes=91512059 byte_ratio=0.000000 row_ratio=0.000000 duration_us=379031
[2026-07-08 16:08:06.238] [info] [gpu_pipeline_task.cpp:321] [stage-audit] pipeline_id=0 task_id=0 operator_id=9 operator_name=FILTER stage_kind=FILTER operator_type=12 input_type=PIPELINEABLE output_type=PIPELINEABLE actual_gpu=0 pipeline_operator_count=2 input_batches=1 input_rows=3165348 input_columns=5 input_bytes=91512059 output_batches=1 output_rows=111373 output_columns=2 output_bytes=2032335 byte_ratio=0.022208 row_ratio=0.035185 duration_us=5410
[2026-07-08 16:08:06.337] [info] [load_balancing_scan_batch_coalescer.cpp:96] [coalesce-debug] load_balancer emit pipeline=0 -> preferred GPU 0
[2026-07-08 16:08:06.361] [info] [task_scheduler.cpp:462] [mgpu-audit] pipeline_task dispatched to GPU 0 task_id=2
[2026-07-08 16:08:06.361] [info] [task_scheduler.cpp:464] [locality-audit] dispatch task_id=2 preferred_device=0 actual_gpu=0
[2026-07-08 16:08:06.557] [info] [gpu_pipeline_task.cpp:321] [stage-audit] pipeline_id=0 task_id=1 operator_id=15 operator_name=GPU_SCAN stage_kind=SCAN operator_type=94 input_type=GPU_SCAN output_type=PIPELINEABLE actual_gpu=0 pipeline_operator_count=2 input_batches=0 input_rows=0 input_columns=0 input_bytes=0 output_batches=1 output_rows=3151262 output_columns=5 output_bytes=91105742 byte_ratio=0.000000 row_ratio=0.000000 duration_us=266912
[2026-07-08 16:08:06.557] [info] [gpu_pipeline_task.cpp:321] [stage-audit] pipeline_id=0 task_id=1 operator_id=9 operator_name=FILTER stage_kind=FILTER operator_type=12 input_type=PIPELINEABLE output_type=PIPELINEABLE actual_gpu=0 pipeline_operator_count=2 input_batches=1 input_rows=3151262 input_columns=5 input_bytes=91105742 output_batches=1 output_rows=111660 output_columns=2 output_bytes=2037886 byte_ratio=0.022368 row_ratio=0.035433 duration_us=753
[2026-07-08 16:08:06.620] [info] [load_balancing_scan_batch_coalescer.cpp:96] [coalesce-debug] load_balancer emit pipeline=0 -> preferred GPU 0
[2026-07-08 16:08:06.643] [info] [task_scheduler.cpp:462] [mgpu-audit] pipeline_task dispatched to GPU 0 task_id=3
[2026-07-08 16:08:06.643] [info] [task_scheduler.cpp:464] [locality-audit] dispatch task_id=3 preferred_device=0 actual_gpu=0
[2026-07-08 16:08:06.689] [info] [gpu_pipeline_task.cpp:321] [stage-audit] pipeline_id=0 task_id=2 operator_id=15 operator_name=GPU_SCAN stage_kind=SCAN operator_type=94 input_type=GPU_SCAN output_type=PIPELINEABLE actual_gpu=0 pipeline_operator_count=2 input_batches=0 input_rows=0 input_columns=0 input_bytes=0 output_batches=1 output_rows=3151920 output_columns=5 output_bytes=91123134 byte_ratio=0.000000 row_ratio=0.000000 duration_us=278768
[2026-07-08 16:08:06.689] [info] [gpu_pipeline_task.cpp:321] [stage-audit] pipeline_id=0 task_id=2 operator_id=9 operator_name=FILTER stage_kind=FILTER operator_type=12 input_type=PIPELINEABLE output_type=PIPELINEABLE actual_gpu=0 pipeline_operator_count=2 input_batches=1 input_rows=3151920 input_columns=5 input_bytes=91123134 output_batches=1 output_rows=109599 output_columns=2 output_bytes=2000609 byte_ratio=0.021955 row_ratio=0.034772 duration_us=753
[2026-07-08 16:08:06.887] [info] [load_balancing_scan_batch_coalescer.cpp:96] [coalesce-debug] load_balancer emit pipeline=0 -> preferred GPU 0
[2026-07-08 16:08:06.962] [info] [gpu_pipeline_task.cpp:321] [stage-audit] pipeline_id=0 task_id=3 operator_id=15 operator_name=GPU_SCAN stage_kind=SCAN operator_type=94 input_type=GPU_SCAN output_type=PIPELINEABLE actual_gpu=0 pipeline_operator_count=2 input_batches=0 input_rows=0 input_columns=0 input_bytes=0 output_batches=1 output_rows=3151828 output_columns=5 output_bytes=91119929 byte_ratio=0.000000 row_ratio=0.000000 duration_us=272663
[2026-07-08 16:08:06.963] [info] [gpu_pipeline_task.cpp:321] [stage-audit] pipeline_id=0 task_id=3 operator_id=9 operator_name=FILTER stage_kind=FILTER operator_type=12 input_type=PIPELINEABLE output_type=PIPELINEABLE actual_gpu=0 pipeline_operator_count=2 input_batches=1 input_rows=3151828 input_columns=5 input_bytes=91119929 output_batches=1 output_rows=111061 output_columns=2 output_bytes=2026779 byte_ratio=0.022243 row_ratio=0.035237 duration_us=699
[2026-07-08 16:08:07.152] [info] [load_balancing_scan_batch_coalescer.cpp:96] [coalesce-debug] load_balancer emit pipeline=0 -> preferred GPU 0
[2026-07-08 16:08:07.424] [info] [load_balancing_scan_batch_coalescer.cpp:96] [coalesce-debug] load_balancer emit pipeline=0 -> preferred GPU 0
[2026-07-08 16:08:07.687] [info] [load_balancing_scan_batch_coalescer.cpp:96] [coalesce-debug] load_balancer emit pipeline=0 -> preferred GPU 0
[2026-07-08 16:08:07.894] [info] [load_balancing_scan_batch_coalescer.cpp:96] [coalesce-debug] load_balancer emit pipeline=0 -> preferred GPU 0
[2026-07-08 16:08:08.119] [info] [load_balancing_scan_batch_coalescer.cpp:96] [coalesce-debug] load_balancer emit pipeline=0 -> preferred GPU 0
[2026-07-08 16:08:08.280] [info] [load_balancing_scan_batch_coalescer.cpp:96] [coalesce-debug] load_balancer emit pipeline=0 -> preferred GPU 0
[2026-07-08 16:08:08.443] [info] [load_balancing_scan_batch_coalescer.cpp:96] [coalesce-debug] load_balancer emit pipeline=0 -> preferred GPU 0
[2026-07-08 16:08:08.617] [info] [load_balancing_scan_batch_coalescer.cpp:96] [coalesce-debug] load_balancer emit pipeline=0 -> preferred GPU 0
[2026-07-08 16:08:08.812] [info] [load_balancing_scan_batch_coalescer.cpp:96] [coalesce-debug] load_balancer emit pipeline=0 -> preferred GPU 0
[2026-07-08 16:08:08.986] [info] [load_balancing_scan_batch_coalescer.cpp:96] [coalesce-debug] load_balancer emit pipeline=0 -> preferred GPU 0
[2026-07-08 16:08:09.156] [info] [load_balancing_scan_batch_coalescer.cpp:96] [coalesce-debug] load_balancer emit pipeline=0 -> preferred GPU 0
[2026-07-08 16:08:09.327] [info] [load_balancing_scan_batch_coalescer.cpp:96] [coalesce-debug] load_balancer emit pipeline=0 -> preferred GPU 0
[2026-07-08 16:08:09.496] [info] [load_balancing_scan_batch_coalescer.cpp:96] [coalesce-debug] load_balancer emit pipeline=0 -> preferred GPU 0
[2026-07-08 16:08:09.672] [info] [load_balancing_scan_batch_coalescer.cpp:96] [coalesce-debug] load_balancer emit pipeline=0 -> preferred GPU 0
[2026-07-08 16:08:09.824] [info] [load_balancing_scan_batch_coalescer.cpp:96] [coalesce-debug] load_balancer emit pipeline=0 -> preferred GPU 0
[2026-07-08 16:08:09.976] [info] [load_balancing_scan_batch_coalescer.cpp:96] [coalesce-debug] load_balancer emit pipeline=0 -> preferred GPU 0
[2026-07-08 16:08:10.143] [info] [load_balancing_scan_batch_coalescer.cpp:96] [coalesce-debug] load_balancer emit pipeline=0 -> preferred GPU 0
[2026-07-08 16:08:10.310] [info] [load_balancing_scan_batch_coalescer.cpp:96] [coalesce-debug] load_balancer emit pipeline=0 -> preferred GPU 0
[2026-07-08 16:08:10.479] [info] [load_balancing_scan_batch_coalescer.cpp:96] [coalesce-debug] load_balancer emit pipeline=0 -> preferred GPU 0
[2026-07-08 16:08:10.646] [info] [load_balancing_scan_batch_coalescer.cpp:96] [coalesce-debug] load_balancer emit pipeline=0 -> preferred GPU 0
[2026-07-08 16:08:10.812] [info] [load_balancing_scan_batch_coalescer.cpp:96] [coalesce-debug] load_balancer emit pipeline=0 -> preferred GPU 0
[2026-07-08 16:08:10.978] [info] [load_balancing_scan_batch_coalescer.cpp:96] [coalesce-debug] load_balancer emit pipeline=0 -> preferred GPU 0
[2026-07-08 16:08:11.145] [info] [parquet_gpu_ingestible.cpp:232] [coalesce-debug] parquet_batch_coalescer emit #29: 1 slice(s), acc_bytes=10397433, cap=536870912
[2026-07-08 16:08:11.145] [info] [load_balancing_scan_batch_coalescer.cpp:96] [coalesce-debug] load_balancer emit pipeline=0 -> preferred GPU 0
[2026-07-08 16:08:11.313] [info] [parquet_gpu_ingestible.cpp:232] [coalesce-debug] parquet_batch_coalescer emit #1: 1 slice(s), acc_bytes=535792172, cap=536870912
[2026-07-08 16:08:11.313] [info] [parquet_gpu_ingestible.cpp:232] [coalesce-debug] parquet_batch_coalescer emit #2: 1 slice(s), acc_bytes=536716992, cap=536870912
[2026-07-08 16:08:11.313] [info] [parquet_gpu_ingestible.cpp:232] [coalesce-debug] parquet_batch_coalescer emit #3: 1 slice(s), acc_bytes=536718830, cap=536870912
[2026-07-08 16:08:11.313] [info] [load_balancing_scan_batch_coalescer.cpp:96] [coalesce-debug] load_balancer emit pipeline=3 -> preferred GPU 0
[2026-07-08 16:08:11.328] [info] [task_scheduler.cpp:462] [mgpu-audit] pipeline_task dispatched to GPU 0 task_id=4
[2026-07-08 16:08:11.328] [info] [task_scheduler.cpp:464] [locality-audit] dispatch task_id=4 preferred_device=0 actual_gpu=0
[2026-07-08 16:08:11.328] [info] [task_scheduler.cpp:462] [mgpu-audit] pipeline_task dispatched to GPU 0 task_id=5
[2026-07-08 16:08:11.328] [info] [task_scheduler.cpp:464] [locality-audit] dispatch task_id=5 preferred_device=0 actual_gpu=0
[2026-07-08 16:08:11.328] [info] [task_scheduler.cpp:462] [mgpu-audit] pipeline_task dispatched to GPU 0 task_id=6
[2026-07-08 16:08:11.328] [info] [task_scheduler.cpp:464] [locality-audit] dispatch task_id=6 preferred_device=0 actual_gpu=0
[2026-07-08 16:08:11.328] [info] [task_scheduler.cpp:462] [mgpu-audit] pipeline_task dispatched to GPU 0 task_id=7
[2026-07-08 16:08:11.328] [info] [task_scheduler.cpp:464] [locality-audit] dispatch task_id=7 preferred_device=0 actual_gpu=0
[2026-07-08 16:08:11.361] [info] [load_balancing_scan_batch_coalescer.cpp:96] [coalesce-debug] load_balancer emit pipeline=3 -> preferred GPU 0
[2026-07-08 16:08:11.422] [info] [load_balancing_scan_batch_coalescer.cpp:96] [coalesce-debug] load_balancer emit pipeline=3 -> preferred GPU 0
[2026-07-08 16:08:11.485] [info] [parquet_gpu_ingestible.cpp:232] [coalesce-debug] parquet_batch_coalescer emit #4: 1 slice(s), acc_bytes=285267347, cap=536870912
[2026-07-08 16:08:11.485] [info] [load_balancing_scan_batch_coalescer.cpp:96] [coalesce-debug] load_balancer emit pipeline=3 -> preferred GPU 0
[2026-07-08 16:08:11.668] [info] [gpu_pipeline_task.cpp:321] [stage-audit] pipeline_id=0 task_id=6 operator_id=15 operator_name=GPU_SCAN stage_kind=SCAN operator_type=94 input_type=GPU_SCAN output_type=PIPELINEABLE actual_gpu=0 pipeline_operator_count=2 input_batches=0 input_rows=0 input_columns=0 input_bytes=0 output_batches=1 output_rows=3168166 output_columns=5 output_bytes=91592668 byte_ratio=0.000000 row_ratio=0.000000 duration_us=325656
[2026-07-08 16:08:11.670] [info] [gpu_pipeline_task.cpp:321] [stage-audit] pipeline_id=0 task_id=6 operator_id=9 operator_name=FILTER stage_kind=FILTER operator_type=12 input_type=PIPELINEABLE output_type=PIPELINEABLE actual_gpu=0 pipeline_operator_count=2 input_batches=1 input_rows=3168166 input_columns=5 input_bytes=91592668 output_batches=1 output_rows=111346 output_columns=2 output_bytes=2032834 byte_ratio=0.022194 row_ratio=0.035145 duration_us=1543
[2026-07-08 16:08:11.670] [info] [task_scheduler.cpp:462] [mgpu-audit] pipeline_task dispatched to GPU 0 task_id=8
[2026-07-08 16:08:11.671] [info] [task_scheduler.cpp:464] [locality-audit] dispatch task_id=8 preferred_device=0 actual_gpu=0
[2026-07-08 16:08:11.734] [info] [gpu_pipeline_task.cpp:321] [stage-audit] pipeline_id=0 task_id=7 operator_id=15 operator_name=GPU_SCAN stage_kind=SCAN operator_type=94 input_type=GPU_SCAN output_type=PIPELINEABLE actual_gpu=0 pipeline_operator_count=2 input_batches=0 input_rows=0 input_columns=0 input_bytes=0 output_batches=1 output_rows=3162750 output_columns=5 output_bytes=91441186 byte_ratio=0.000000 row_ratio=0.000000 duration_us=391650
[2026-07-08 16:08:11.736] [info] [gpu_pipeline_task.cpp:321] [stage-audit] pipeline_id=0 task_id=4 operator_id=15 operator_name=GPU_SCAN stage_kind=SCAN operator_type=94 input_type=GPU_SCAN output_type=PIPELINEABLE actual_gpu=0 pipeline_operator_count=2 input_batches=0 input_rows=0 input_columns=0 input_bytes=0 output_batches=1 output_rows=3162275 output_columns=5 output_bytes=91422644 byte_ratio=0.000000 row_ratio=0.000000 duration_us=393444
[2026-07-08 16:08:11.737] [info] [gpu_pipeline_task.cpp:321] [stage-audit] pipeline_id=0 task_id=5 operator_id=15 operator_name=GPU_SCAN stage_kind=SCAN operator_type=94 input_type=GPU_SCAN output_type=PIPELINEABLE actual_gpu=0 pipeline_operator_count=2 input_batches=0 input_rows=0 input_columns=0 input_bytes=0 output_batches=1 output_rows=3162082 output_columns=5 output_bytes=91418579 byte_ratio=0.000000 row_ratio=0.000000 duration_us=394837
[2026-07-08 16:08:11.743] [info] [gpu_pipeline_task.cpp:321] [stage-audit] pipeline_id=0 task_id=4 operator_id=9 operator_name=FILTER stage_kind=FILTER operator_type=12 input_type=PIPELINEABLE output_type=PIPELINEABLE actual_gpu=0 pipeline_operator_count=2 input_batches=1 input_rows=3162275 input_columns=5 input_bytes=91422644 output_batches=1 output_rows=111653 output_columns=2 output_bytes=2037725 byte_ratio=0.022289 row_ratio=0.035308 duration_us=6814
[2026-07-08 16:08:11.743] [info] [task_scheduler.cpp:462] [mgpu-audit] pipeline_task dispatched to GPU 0 task_id=9
[2026-07-08 16:08:11.743] [info] [task_scheduler.cpp:464] [locality-audit] dispatch task_id=9 preferred_device=0 actual_gpu=0
[2026-07-08 16:08:11.744] [info] [gpu_pipeline_task.cpp:321] [stage-audit] pipeline_id=0 task_id=7 operator_id=9 operator_name=FILTER stage_kind=FILTER operator_type=12 input_type=PIPELINEABLE output_type=PIPELINEABLE actual_gpu=0 pipeline_operator_count=2 input_batches=1 input_rows=3162750 input_columns=5 input_bytes=91441186 output_batches=1 output_rows=111531 output_columns=2 output_bytes=2035931 byte_ratio=0.022265 row_ratio=0.035264 duration_us=9548
[2026-07-08 16:08:11.744] [info] [gpu_pipeline_task.cpp:321] [stage-audit] pipeline_id=0 task_id=5 operator_id=9 operator_name=FILTER stage_kind=FILTER operator_type=12 input_type=PIPELINEABLE output_type=PIPELINEABLE actual_gpu=0 pipeline_operator_count=2 input_batches=1 input_rows=3162082 input_columns=5 input_bytes=91418579 output_batches=1 output_rows=110630 output_columns=2 output_bytes=2019344 byte_ratio=0.022089 row_ratio=0.034986 duration_us=6538
[2026-07-08 16:08:11.744] [info] [task_scheduler.cpp:462] [mgpu-audit] pipeline_task dispatched to GPU 0 task_id=10
[2026-07-08 16:08:11.744] [info] [task_scheduler.cpp:464] [locality-audit] dispatch task_id=10 preferred_device=0 actual_gpu=0
[2026-07-08 16:08:11.772] [info] [task_scheduler.cpp:462] [mgpu-audit] pipeline_task dispatched to GPU 0 task_id=11
[2026-07-08 16:08:11.772] [info] [task_scheduler.cpp:464] [locality-audit] dispatch task_id=11 preferred_device=0 actual_gpu=0
[2026-07-08 16:08:12.159] [info] [gpu_pipeline_task.cpp:321] [stage-audit] pipeline_id=0 task_id=8 operator_id=15 operator_name=GPU_SCAN stage_kind=SCAN operator_type=94 input_type=GPU_SCAN output_type=PIPELINEABLE actual_gpu=0 pipeline_operator_count=2 input_batches=0 input_rows=0 input_columns=0 input_bytes=0 output_batches=1 output_rows=3161562 output_columns=5 output_bytes=91399246 byte_ratio=0.000000 row_ratio=0.000000 duration_us=373098
[2026-07-08 16:08:12.160] [info] [gpu_pipeline_task.cpp:321] [stage-audit] pipeline_id=0 task_id=8 operator_id=9 operator_name=FILTER stage_kind=FILTER operator_type=12 input_type=PIPELINEABLE output_type=PIPELINEABLE actual_gpu=0 pipeline_operator_count=2 input_batches=1 input_rows=3161562 input_columns=5 input_bytes=91399246 output_batches=1 output_rows=110885 output_columns=2 output_bytes=2023331 byte_ratio=0.022137 row_ratio=0.035073 duration_us=1180
[2026-07-08 16:08:12.161] [info] [task_scheduler.cpp:462] [mgpu-audit] pipeline_task dispatched to GPU 0 task_id=12
[2026-07-08 16:08:12.161] [info] [task_scheduler.cpp:464] [locality-audit] dispatch task_id=12 preferred_device=0 actual_gpu=0
[2026-07-08 16:08:12.216] [info] [gpu_pipeline_task.cpp:321] [stage-audit] pipeline_id=0 task_id=10 operator_id=15 operator_name=GPU_SCAN stage_kind=SCAN operator_type=94 input_type=GPU_SCAN output_type=PIPELINEABLE actual_gpu=0 pipeline_operator_count=2 input_batches=0 input_rows=0 input_columns=0 input_bytes=0 output_batches=1 output_rows=3162017 output_columns=5 output_bytes=91410401 byte_ratio=0.000000 row_ratio=0.000000 duration_us=373339
[2026-07-08 16:08:12.218] [info] [gpu_pipeline_task.cpp:321] [stage-audit] pipeline_id=0 task_id=11 operator_id=15 operator_name=GPU_SCAN stage_kind=SCAN operator_type=94 input_type=GPU_SCAN output_type=PIPELINEABLE actual_gpu=0 pipeline_operator_count=2 input_batches=0 input_rows=0 input_columns=0 input_bytes=0 output_batches=1 output_rows=3173451 output_columns=5 output_bytes=91751253 byte_ratio=0.000000 row_ratio=0.000000 duration_us=388212
[2026-07-08 16:08:12.220] [info] [gpu_pipeline_task.cpp:321] [stage-audit] pipeline_id=0 task_id=9 operator_id=15 operator_name=GPU_SCAN stage_kind=SCAN operator_type=94 input_type=GPU_SCAN output_type=PIPELINEABLE actual_gpu=0 pipeline_operator_count=2 input_batches=0 input_rows=0 input_columns=0 input_bytes=0 output_batches=1 output_rows=3168484 output_columns=5 output_bytes=91606294 byte_ratio=0.000000 row_ratio=0.000000 duration_us=383949
[2026-07-08 16:08:12.221] [info] [gpu_pipeline_task.cpp:321] [stage-audit] pipeline_id=0 task_id=10 operator_id=9 operator_name=FILTER stage_kind=FILTER operator_type=12 input_type=PIPELINEABLE output_type=PIPELINEABLE actual_gpu=0 pipeline_operator_count=2 input_batches=1 input_rows=3162017 input_columns=5 input_bytes=91410401 output_batches=1 output_rows=111089 output_columns=2 output_bytes=2027399 byte_ratio=0.022179 row_ratio=0.035132 duration_us=4028
[2026-07-08 16:08:12.221] [info] [task_scheduler.cpp:462] [mgpu-audit] pipeline_task dispatched to GPU 0 task_id=13
[2026-07-08 16:08:12.221] [info] [task_scheduler.cpp:464] [locality-audit] dispatch task_id=13 preferred_device=0 actual_gpu=0
[2026-07-08 16:08:12.226] [info] [gpu_pipeline_task.cpp:321] [stage-audit] pipeline_id=0 task_id=11 operator_id=9 operator_name=FILTER stage_kind=FILTER operator_type=12 input_type=PIPELINEABLE output_type=PIPELINEABLE actual_gpu=0 pipeline_operator_count=2 input_batches=1 input_rows=3173451 input_columns=5 input_bytes=91751253 output_batches=1 output_rows=111659 output_columns=2 output_bytes=2037327 byte_ratio=0.022205 row_ratio=0.035185 duration_us=8228
[2026-07-08 16:08:12.235] [info] [task_scheduler.cpp:462] [mgpu-audit] pipeline_task dispatched to GPU 0 task_id=14
[2026-07-08 16:08:12.235] [info] [task_scheduler.cpp:464] [locality-audit] dispatch task_id=14 preferred_device=0 actual_gpu=0
[2026-07-08 16:08:12.237] [info] [gpu_pipeline_task.cpp:321] [stage-audit] pipeline_id=0 task_id=9 operator_id=9 operator_name=FILTER stage_kind=FILTER operator_type=12 input_type=PIPELINEABLE output_type=PIPELINEABLE actual_gpu=0 pipeline_operator_count=2 input_batches=1 input_rows=3168484 input_columns=5 input_bytes=91606294 output_batches=1 output_rows=110949 output_columns=2 output_bytes=2024239 byte_ratio=0.022097 row_ratio=0.035016 duration_us=16606
[2026-07-08 16:08:12.254] [info] [task_scheduler.cpp:462] [mgpu-audit] pipeline_task dispatched to GPU 0 task_id=15
[2026-07-08 16:08:12.254] [info] [task_scheduler.cpp:464] [locality-audit] dispatch task_id=15 preferred_device=0 actual_gpu=0
[2026-07-08 16:08:12.628] [info] [gpu_pipeline_task.cpp:321] [stage-audit] pipeline_id=0 task_id=12 operator_id=15 operator_name=GPU_SCAN stage_kind=SCAN operator_type=94 input_type=GPU_SCAN output_type=PIPELINEABLE actual_gpu=0 pipeline_operator_count=2 input_batches=0 input_rows=0 input_columns=0 input_bytes=0 output_batches=1 output_rows=3165752 output_columns=5 output_bytes=91526388 byte_ratio=0.000000 row_ratio=0.000000 duration_us=368313
[2026-07-08 16:08:12.630] [info] [gpu_pipeline_task.cpp:321] [stage-audit] pipeline_id=0 task_id=12 operator_id=9 operator_name=FILTER stage_kind=FILTER operator_type=12 input_type=PIPELINEABLE output_type=PIPELINEABLE actual_gpu=0 pipeline_operator_count=2 input_batches=1 input_rows=3165752 input_columns=5 input_bytes=91526388 output_batches=1 output_rows=111476 output_columns=2 output_bytes=2035098 byte_ratio=0.022235 row_ratio=0.035213 duration_us=1254
[2026-07-08 16:08:12.630] [info] [task_scheduler.cpp:462] [mgpu-audit] pipeline_task dispatched to GPU 0 task_id=16
[2026-07-08 16:08:12.630] [info] [task_scheduler.cpp:464] [locality-audit] dispatch task_id=16 preferred_device=0 actual_gpu=0
[2026-07-08 16:08:12.681] [info] [gpu_pipeline_task.cpp:321] [stage-audit] pipeline_id=0 task_id=14 operator_id=15 operator_name=GPU_SCAN stage_kind=SCAN operator_type=94 input_type=GPU_SCAN output_type=PIPELINEABLE actual_gpu=0 pipeline_operator_count=2 input_batches=0 input_rows=0 input_columns=0 input_bytes=0 output_batches=1 output_rows=3162701 output_columns=5 output_bytes=91437523 byte_ratio=0.000000 row_ratio=0.000000 duration_us=380244
[2026-07-08 16:08:12.683] [info] [gpu_pipeline_task.cpp:321] [stage-audit] pipeline_id=0 task_id=13 operator_id=15 operator_name=GPU_SCAN stage_kind=SCAN operator_type=94 input_type=GPU_SCAN output_type=PIPELINEABLE actual_gpu=0 pipeline_operator_count=2 input_batches=0 input_rows=0 input_columns=0 input_bytes=0 output_batches=1 output_rows=3167255 output_columns=5 output_bytes=91565256 byte_ratio=0.000000 row_ratio=0.000000 duration_us=368567
[2026-07-08 16:08:12.683] [info] [gpu_pipeline_task.cpp:321] [stage-audit] pipeline_id=0 task_id=15 operator_id=15 operator_name=GPU_SCAN stage_kind=SCAN operator_type=94 input_type=GPU_SCAN output_type=PIPELINEABLE actual_gpu=0 pipeline_operator_count=2 input_batches=0 input_rows=0 input_columns=0 input_bytes=0 output_batches=1 output_rows=3164538 output_columns=5 output_bytes=91490794 byte_ratio=0.000000 row_ratio=0.000000 duration_us=384403
[2026-07-08 16:08:12.685] [info] [gpu_pipeline_task.cpp:321] [stage-audit] pipeline_id=0 task_id=14 operator_id=9 operator_name=FILTER stage_kind=FILTER operator_type=12 input_type=PIPELINEABLE output_type=PIPELINEABLE actual_gpu=0 pipeline_operator_count=2 input_batches=1 input_rows=3162701 input_columns=5 input_bytes=91437523 output_batches=1 output_rows=111584 output_columns=2 output_bytes=2036646 byte_ratio=0.022274 row_ratio=0.035281 duration_us=3952
[2026-07-08 16:08:12.685] [info] [task_scheduler.cpp:462] [mgpu-audit] pipeline_task dispatched to GPU 0 task_id=17
[2026-07-08 16:08:12.685] [info] [task_scheduler.cpp:464] [locality-audit] dispatch task_id=17 preferred_device=0 actual_gpu=0
[2026-07-08 16:08:12.685] [info] [gpu_pipeline_task.cpp:321] [stage-audit] pipeline_id=0 task_id=13 operator_id=9 operator_name=FILTER stage_kind=FILTER operator_type=12 input_type=PIPELINEABLE output_type=PIPELINEABLE actual_gpu=0 pipeline_operator_count=2 input_batches=1 input_rows=3167255 input_columns=5 input_bytes=91565256 output_batches=1 output_rows=111202 output_columns=2 output_bytes=2029222 byte_ratio=0.022161 row_ratio=0.035110 duration_us=2431
[2026-07-08 16:08:12.685] [info] [gpu_pipeline_task.cpp:321] [stage-audit] pipeline_id=0 task_id=15 operator_id=9 operator_name=FILTER stage_kind=FILTER operator_type=12 input_type=PIPELINEABLE output_type=PIPELINEABLE actual_gpu=0 pipeline_operator_count=2 input_batches=1 input_rows=3164538 input_columns=5 input_bytes=91490794 output_batches=1 output_rows=110892 output_columns=2 output_bytes=2023560 byte_ratio=0.022118 row_ratio=0.035042 duration_us=1890
[2026-07-08 16:08:12.685] [info] [task_scheduler.cpp:462] [mgpu-audit] pipeline_task dispatched to GPU 0 task_id=18
[2026-07-08 16:08:12.685] [info] [task_scheduler.cpp:464] [locality-audit] dispatch task_id=18 preferred_device=0 actual_gpu=0
[2026-07-08 16:08:12.686] [info] [task_scheduler.cpp:462] [mgpu-audit] pipeline_task dispatched to GPU 0 task_id=19
[2026-07-08 16:08:12.686] [info] [task_scheduler.cpp:464] [locality-audit] dispatch task_id=19 preferred_device=0 actual_gpu=0
[2026-07-08 16:08:13.102] [info] [gpu_pipeline_task.cpp:321] [stage-audit] pipeline_id=0 task_id=16 operator_id=15 operator_name=GPU_SCAN stage_kind=SCAN operator_type=94 input_type=GPU_SCAN output_type=PIPELINEABLE actual_gpu=0 pipeline_operator_count=2 input_batches=0 input_rows=0 input_columns=0 input_bytes=0 output_batches=1 output_rows=3167268 output_columns=5 output_bytes=91566826 byte_ratio=0.000000 row_ratio=0.000000 duration_us=382942
[2026-07-08 16:08:13.104] [info] [gpu_pipeline_task.cpp:321] [stage-audit] pipeline_id=0 task_id=16 operator_id=9 operator_name=FILTER stage_kind=FILTER operator_type=12 input_type=PIPELINEABLE output_type=PIPELINEABLE actual_gpu=0 pipeline_operator_count=2 input_batches=1 input_rows=3167268 input_columns=5 input_bytes=91566826 output_batches=1 output_rows=111799 output_columns=2 output_bytes=2039789 byte_ratio=0.022277 row_ratio=0.035298 duration_us=1644
[2026-07-08 16:08:13.104] [info] [task_scheduler.cpp:462] [mgpu-audit] pipeline_task dispatched to GPU 0 task_id=20
[2026-07-08 16:08:13.104] [info] [task_scheduler.cpp:464] [locality-audit] dispatch task_id=20 preferred_device=0 actual_gpu=0
[2026-07-08 16:08:13.163] [info] [gpu_pipeline_task.cpp:321] [stage-audit] pipeline_id=0 task_id=18 operator_id=15 operator_name=GPU_SCAN stage_kind=SCAN operator_type=94 input_type=GPU_SCAN output_type=PIPELINEABLE actual_gpu=0 pipeline_operator_count=2 input_batches=0 input_rows=0 input_columns=0 input_bytes=0 output_batches=1 output_rows=3161580 output_columns=5 output_bytes=91403491 byte_ratio=0.000000 row_ratio=0.000000 duration_us=398834
[2026-07-08 16:08:13.163] [info] [gpu_pipeline_task.cpp:321] [stage-audit] pipeline_id=0 task_id=17 operator_id=15 operator_name=GPU_SCAN stage_kind=SCAN operator_type=94 input_type=GPU_SCAN output_type=PIPELINEABLE actual_gpu=0 pipeline_operator_count=2 input_batches=0 input_rows=0 input_columns=0 input_bytes=0 output_batches=1 output_rows=3167994 output_columns=5 output_bytes=91587391 byte_ratio=0.000000 row_ratio=0.000000 duration_us=388842
[2026-07-08 16:08:13.167] [info] [gpu_pipeline_task.cpp:321] [stage-audit] pipeline_id=0 task_id=19 operator_id=15 operator_name=GPU_SCAN stage_kind=SCAN operator_type=94 input_type=GPU_SCAN output_type=PIPELINEABLE actual_gpu=0 pipeline_operator_count=2 input_batches=0 input_rows=0 input_columns=0 input_bytes=0 output_batches=1 output_rows=3165462 output_columns=5 output_bytes=91517396 byte_ratio=0.000000 row_ratio=0.000000 duration_us=404874
[2026-07-08 16:08:13.170] [info] [gpu_pipeline_task.cpp:321] [stage-audit] pipeline_id=0 task_id=18 operator_id=9 operator_name=FILTER stage_kind=FILTER operator_type=12 input_type=PIPELINEABLE output_type=PIPELINEABLE actual_gpu=0 pipeline_operator_count=2 input_batches=1 input_rows=3161580 input_columns=5 input_bytes=91403491 output_batches=1 output_rows=111211 output_columns=2 output_bytes=2029303 byte_ratio=0.022202 row_ratio=0.035176 duration_us=6734
[2026-07-08 16:08:13.170] [info] [task_scheduler.cpp:462] [mgpu-audit] pipeline_task dispatched to GPU 0 task_id=21
[2026-07-08 16:08:13.170] [info] [task_scheduler.cpp:464] [locality-audit] dispatch task_id=21 preferred_device=0 actual_gpu=0
[2026-07-08 16:08:13.170] [info] [gpu_pipeline_task.cpp:321] [stage-audit] pipeline_id=0 task_id=17 operator_id=9 operator_name=FILTER stage_kind=FILTER operator_type=12 input_type=PIPELINEABLE output_type=PIPELINEABLE actual_gpu=0 pipeline_operator_count=2 input_batches=1 input_rows=3167994 input_columns=5 input_bytes=91587391 output_batches=1 output_rows=111624 output_columns=2 output_bytes=2037528 byte_ratio=0.022247 row_ratio=0.035235 duration_us=6825
[2026-07-08 16:08:13.213] [info] [task_scheduler.cpp:462] [mgpu-audit] pipeline_task dispatched to GPU 0 task_id=22
[2026-07-08 16:08:13.213] [info] [task_scheduler.cpp:464] [locality-audit] dispatch task_id=22 preferred_device=0 actual_gpu=0
[2026-07-08 16:08:13.214] [info] [gpu_pipeline_task.cpp:321] [stage-audit] pipeline_id=0 task_id=19 operator_id=9 operator_name=FILTER stage_kind=FILTER operator_type=12 input_type=PIPELINEABLE output_type=PIPELINEABLE actual_gpu=0 pipeline_operator_count=2 input_batches=1 input_rows=3165462 input_columns=5 input_bytes=91517396 output_batches=1 output_rows=111141 output_columns=2 output_bytes=2028377 byte_ratio=0.022164 row_ratio=0.035111 duration_us=47117
[2026-07-08 16:08:13.215] [info] [task_scheduler.cpp:462] [mgpu-audit] pipeline_task dispatched to GPU 0 task_id=23
[2026-07-08 16:08:13.215] [info] [task_scheduler.cpp:464] [locality-audit] dispatch task_id=23 preferred_device=0 actual_gpu=0
[2026-07-08 16:08:13.561] [info] [gpu_pipeline_task.cpp:321] [stage-audit] pipeline_id=0 task_id=20 operator_id=15 operator_name=GPU_SCAN stage_kind=SCAN operator_type=94 input_type=GPU_SCAN output_type=PIPELINEABLE actual_gpu=0 pipeline_operator_count=2 input_batches=0 input_rows=0 input_columns=0 input_bytes=0 output_batches=1 output_rows=3160915 output_columns=5 output_bytes=91388606 byte_ratio=0.000000 row_ratio=0.000000 duration_us=338603
[2026-07-08 16:08:13.563] [info] [gpu_pipeline_task.cpp:321] [stage-audit] pipeline_id=0 task_id=20 operator_id=9 operator_name=FILTER stage_kind=FILTER operator_type=12 input_type=PIPELINEABLE output_type=PIPELINEABLE actual_gpu=0 pipeline_operator_count=2 input_batches=1 input_rows=3160915 input_columns=5 input_bytes=91388606 output_batches=1 output_rows=111466 output_columns=2 output_bytes=2034778 byte_ratio=0.022265 row_ratio=0.035264 duration_us=1034
[2026-07-08 16:08:13.563] [info] [task_scheduler.cpp:462] [mgpu-audit] pipeline_task dispatched to GPU 0 task_id=24
[2026-07-08 16:08:13.563] [info] [task_scheduler.cpp:464] [locality-audit] dispatch task_id=24 preferred_device=0 actual_gpu=0
[2026-07-08 16:08:13.603] [info] [gpu_pipeline_task.cpp:321] [stage-audit] pipeline_id=0 task_id=21 operator_id=15 operator_name=GPU_SCAN stage_kind=SCAN operator_type=94 input_type=GPU_SCAN output_type=PIPELINEABLE actual_gpu=0 pipeline_operator_count=2 input_batches=0 input_rows=0 input_columns=0 input_bytes=0 output_batches=1 output_rows=3164908 output_columns=5 output_bytes=91502358 byte_ratio=0.000000 row_ratio=0.000000 duration_us=339423
[2026-07-08 16:08:13.604] [info] [gpu_pipeline_task.cpp:321] [stage-audit] pipeline_id=0 task_id=22 operator_id=15 operator_name=GPU_SCAN stage_kind=SCAN operator_type=94 input_type=GPU_SCAN output_type=PIPELINEABLE actual_gpu=0 pipeline_operator_count=2 input_batches=0 input_rows=0 input_columns=0 input_bytes=0 output_batches=1 output_rows=3169827 output_columns=5 output_bytes=91641583 byte_ratio=0.000000 row_ratio=0.000000 duration_us=372555
[2026-07-08 16:08:13.605] [info] [gpu_pipeline_task.cpp:321] [stage-audit] pipeline_id=0 task_id=23 operator_id=15 operator_name=GPU_SCAN stage_kind=SCAN operator_type=94 input_type=GPU_SCAN output_type=PIPELINEABLE actual_gpu=0 pipeline_operator_count=2 input_batches=0 input_rows=0 input_columns=0 input_bytes=0 output_batches=1 output_rows=3163796 output_columns=5 output_bytes=91468203 byte_ratio=0.000000 row_ratio=0.000000 duration_us=373777
[2026-07-08 16:08:13.606] [info] [gpu_pipeline_task.cpp:321] [stage-audit] pipeline_id=0 task_id=21 operator_id=9 operator_name=FILTER stage_kind=FILTER operator_type=12 input_type=PIPELINEABLE output_type=PIPELINEABLE actual_gpu=0 pipeline_operator_count=2 input_batches=1 input_rows=3164908 input_columns=5 input_bytes=91502358 output_batches=1 output_rows=111445 output_columns=2 output_bytes=2034033 byte_ratio=0.022229 row_ratio=0.035213 duration_us=3387
[2026-07-08 16:08:13.607] [info] [gpu_pipeline_task.cpp:321] [stage-audit] pipeline_id=0 task_id=22 operator_id=9 operator_name=FILTER stage_kind=FILTER operator_type=12 input_type=PIPELINEABLE output_type=PIPELINEABLE actual_gpu=0 pipeline_operator_count=2 input_batches=1 input_rows=3169827 input_columns=5 input_bytes=91641583 output_batches=1 output_rows=111380 output_columns=2 output_bytes=2032770 byte_ratio=0.022182 row_ratio=0.035138 duration_us=3767
[2026-07-08 16:08:13.607] [info] [task_scheduler.cpp:462] [mgpu-audit] pipeline_task dispatched to GPU 0 task_id=25
[2026-07-08 16:08:13.607] [info] [task_scheduler.cpp:464] [locality-audit] dispatch task_id=25 preferred_device=0 actual_gpu=0
[2026-07-08 16:08:13.612] [info] [task_scheduler.cpp:462] [mgpu-audit] pipeline_task dispatched to GPU 0 task_id=26
[2026-07-08 16:08:13.612] [info] [task_scheduler.cpp:464] [locality-audit] dispatch task_id=26 preferred_device=0 actual_gpu=0
[2026-07-08 16:08:13.612] [info] [gpu_pipeline_task.cpp:321] [stage-audit] pipeline_id=0 task_id=23 operator_id=9 operator_name=FILTER stage_kind=FILTER operator_type=12 input_type=PIPELINEABLE output_type=PIPELINEABLE actual_gpu=0 pipeline_operator_count=2 input_batches=1 input_rows=3163796 input_columns=5 input_bytes=91468203 output_batches=1 output_rows=111448 output_columns=2 output_bytes=2034164 byte_ratio=0.022239 row_ratio=0.035226 duration_us=6694
[2026-07-08 16:08:13.617] [info] [task_scheduler.cpp:462] [mgpu-audit] pipeline_task dispatched to GPU 0 task_id=27
[2026-07-08 16:08:13.617] [info] [task_scheduler.cpp:464] [locality-audit] dispatch task_id=27 preferred_device=0 actual_gpu=0
[2026-07-08 16:08:14.037] [info] [gpu_pipeline_task.cpp:321] [stage-audit] pipeline_id=0 task_id=24 operator_id=15 operator_name=GPU_SCAN stage_kind=SCAN operator_type=94 input_type=GPU_SCAN output_type=PIPELINEABLE actual_gpu=0 pipeline_operator_count=2 input_batches=0 input_rows=0 input_columns=0 input_bytes=0 output_batches=1 output_rows=3162917 output_columns=5 output_bytes=91445250 byte_ratio=0.000000 row_ratio=0.000000 duration_us=359080
[2026-07-08 16:08:14.038] [info] [gpu_pipeline_task.cpp:321] [stage-audit] pipeline_id=0 task_id=24 operator_id=9 operator_name=FILTER stage_kind=FILTER operator_type=12 input_type=PIPELINEABLE output_type=PIPELINEABLE actual_gpu=0 pipeline_operator_count=2 input_batches=1 input_rows=3162917 input_columns=5 input_bytes=91445250 output_batches=1 output_rows=110960 output_columns=2 output_bytes=2025436 byte_ratio=0.022149 row_ratio=0.035082 duration_us=776
[2026-07-08 16:08:14.039] [info] [task_scheduler.cpp:462] [mgpu-audit] pipeline_task dispatched to GPU 0 task_id=28
[2026-07-08 16:08:14.039] [info] [task_scheduler.cpp:464] [locality-audit] dispatch task_id=28 preferred_device=0 actual_gpu=0
[2026-07-08 16:08:14.088] [info] [gpu_pipeline_task.cpp:321] [stage-audit] pipeline_id=0 task_id=27 operator_id=15 operator_name=GPU_SCAN stage_kind=SCAN operator_type=94 input_type=GPU_SCAN output_type=PIPELINEABLE actual_gpu=0 pipeline_operator_count=2 input_batches=0 input_rows=0 input_columns=0 input_bytes=0 output_batches=1 output_rows=3157825 output_columns=5 output_bytes=91297659 byte_ratio=0.000000 row_ratio=0.000000 duration_us=408474
[2026-07-08 16:08:14.089] [info] [gpu_pipeline_task.cpp:321] [stage-audit] pipeline_id=0 task_id=26 operator_id=15 operator_name=GPU_SCAN stage_kind=SCAN operator_type=94 input_type=GPU_SCAN output_type=PIPELINEABLE actual_gpu=0 pipeline_operator_count=2 input_batches=0 input_rows=0 input_columns=0 input_bytes=0 output_batches=1 output_rows=3161321 output_columns=5 output_bytes=91393746 byte_ratio=0.000000 row_ratio=0.000000 duration_us=402173
[2026-07-08 16:08:14.091] [info] [gpu_pipeline_task.cpp:321] [stage-audit] pipeline_id=0 task_id=25 operator_id=15 operator_name=GPU_SCAN stage_kind=SCAN operator_type=94 input_type=GPU_SCAN output_type=PIPELINEABLE actual_gpu=0 pipeline_operator_count=2 input_batches=0 input_rows=0 input_columns=0 input_bytes=0 output_batches=1 output_rows=3164581 output_columns=5 output_bytes=91492028 byte_ratio=0.000000 row_ratio=0.000000 duration_us=391543
[2026-07-08 16:08:14.092] [info] [gpu_pipeline_task.cpp:321] [stage-audit] pipeline_id=0 task_id=27 operator_id=9 operator_name=FILTER stage_kind=FILTER operator_type=12 input_type=PIPELINEABLE output_type=PIPELINEABLE actual_gpu=0 pipeline_operator_count=2 input_batches=1 input_rows=3157825 input_columns=5 input_bytes=91297659 output_batches=1 output_rows=110981 output_columns=2 output_bytes=2025353 byte_ratio=0.022184 row_ratio=0.035145 duration_us=3181
[2026-07-08 16:08:14.093] [info] [gpu_pipeline_task.cpp:321] [stage-audit] pipeline_id=0 task_id=25 operator_id=9 operator_name=FILTER stage_kind=FILTER operator_type=12 input_type=PIPELINEABLE output_type=PIPELINEABLE actual_gpu=0 pipeline_operator_count=2 input_batches=1 input_rows=3164581 input_columns=5 input_bytes=91492028 output_batches=1 output_rows=111067 output_columns=2 output_bytes=2027441 byte_ratio=0.022160 row_ratio=0.035097 duration_us=1850
[2026-07-08 16:08:14.093] [info] [gpu_pipeline_task.cpp:321] [stage-audit] pipeline_id=0 task_id=26 operator_id=9 operator_name=FILTER stage_kind=FILTER operator_type=12 input_type=PIPELINEABLE output_type=PIPELINEABLE actual_gpu=0 pipeline_operator_count=2 input_batches=1 input_rows=3161321 input_columns=5 input_bytes=91393746 output_batches=1 output_rows=111084 output_columns=2 output_bytes=2027604 byte_ratio=0.022185 row_ratio=0.035138 duration_us=3645
[2026-07-08 16:08:14.315] [info] [gpu_pipeline_task.cpp:321] [stage-audit] pipeline_id=0 task_id=28 operator_id=15 operator_name=GPU_SCAN stage_kind=SCAN operator_type=94 input_type=GPU_SCAN output_type=PIPELINEABLE actual_gpu=0 pipeline_operator_count=2 input_batches=0 input_rows=0 input_columns=0 input_bytes=0 output_batches=1 output_rows=60550 output_columns=5 output_bytes=1751236 byte_ratio=0.000000 row_ratio=0.000000 duration_us=179764
[2026-07-08 16:08:14.316] [info] [gpu_pipeline_task.cpp:321] [stage-audit] pipeline_id=0 task_id=28 operator_id=9 operator_name=FILTER stage_kind=FILTER operator_type=12 input_type=PIPELINEABLE output_type=PIPELINEABLE actual_gpu=0 pipeline_operator_count=2 input_batches=1 input_rows=60550 input_columns=5 input_bytes=1751236 output_batches=1 output_rows=2088 output_columns=2 output_bytes=38246 byte_ratio=0.021839 row_ratio=0.034484 duration_us=770
[2026-07-08 16:08:14.316] [info] [task_creator.cpp:363] [locality-audit] task_create operator_id=17 input_bytes=2032335 local_bytes=2032335 gpu_source_bytes=2032335 host_source_bytes=0 disk_source_bytes=0 gpu_sources=1 host_sources=0 preferred_device=0
[2026-07-08 16:08:14.317] [info] [task_creator.cpp:363] [locality-audit] task_create operator_id=17 input_bytes=2037886 local_bytes=2037886 gpu_source_bytes=2037886 host_source_bytes=0 disk_source_bytes=0 gpu_sources=1 host_sources=0 preferred_device=0
[2026-07-08 16:08:14.317] [info] [task_scheduler.cpp:462] [mgpu-audit] pipeline_task dispatched to GPU 0 task_id=29
[2026-07-08 16:08:14.317] [info] [task_scheduler.cpp:464] [locality-audit] dispatch task_id=29 preferred_device=0 actual_gpu=0
[2026-07-08 16:08:14.317] [info] [task_creator.cpp:363] [locality-audit] task_create operator_id=17 input_bytes=2000609 local_bytes=2000609 gpu_source_bytes=2000609 host_source_bytes=0 disk_source_bytes=0 gpu_sources=1 host_sources=0 preferred_device=0
[2026-07-08 16:08:14.317] [info] [task_creator.cpp:363] [locality-audit] task_create operator_id=17 input_bytes=2026779 local_bytes=2026779 gpu_source_bytes=2026779 host_source_bytes=0 disk_source_bytes=0 gpu_sources=1 host_sources=0 preferred_device=0
[2026-07-08 16:08:14.317] [info] [task_creator.cpp:363] [locality-audit] task_create operator_id=17 input_bytes=2032834 local_bytes=2032834 gpu_source_bytes=2032834 host_source_bytes=0 disk_source_bytes=0 gpu_sources=1 host_sources=0 preferred_device=0
[2026-07-08 16:08:14.317] [info] [task_creator.cpp:363] [locality-audit] task_create operator_id=17 input_bytes=2037725 local_bytes=2037725 gpu_source_bytes=2037725 host_source_bytes=0 disk_source_bytes=0 gpu_sources=1 host_sources=0 preferred_device=0
[2026-07-08 16:08:14.317] [info] [task_creator.cpp:363] [locality-audit] task_create operator_id=17 input_bytes=2035931 local_bytes=2035931 gpu_source_bytes=2035931 host_source_bytes=0 disk_source_bytes=0 gpu_sources=1 host_sources=0 preferred_device=0
[2026-07-08 16:08:14.317] [info] [task_creator.cpp:363] [locality-audit] task_create operator_id=17 input_bytes=2019344 local_bytes=2019344 gpu_source_bytes=2019344 host_source_bytes=0 disk_source_bytes=0 gpu_sources=1 host_sources=0 preferred_device=0
[2026-07-08 16:08:14.317] [info] [task_creator.cpp:363] [locality-audit] task_create operator_id=17 input_bytes=2023331 local_bytes=2023331 gpu_source_bytes=2023331 host_source_bytes=0 disk_source_bytes=0 gpu_sources=1 host_sources=0 preferred_device=0
[2026-07-08 16:08:14.317] [info] [task_creator.cpp:363] [locality-audit] task_create operator_id=17 input_bytes=2027399 local_bytes=2027399 gpu_source_bytes=2027399 host_source_bytes=0 disk_source_bytes=0 gpu_sources=1 host_sources=0 preferred_device=0
[2026-07-08 16:08:14.317] [info] [task_creator.cpp:363] [locality-audit] task_create operator_id=17 input_bytes=2037327 local_bytes=2037327 gpu_source_bytes=2037327 host_source_bytes=0 disk_source_bytes=0 gpu_sources=1 host_sources=0 preferred_device=0
[2026-07-08 16:08:14.317] [info] [task_creator.cpp:363] [locality-audit] task_create operator_id=17 input_bytes=2024239 local_bytes=2024239 gpu_source_bytes=2024239 host_source_bytes=0 disk_source_bytes=0 gpu_sources=1 host_sources=0 preferred_device=0
[2026-07-08 16:08:14.317] [info] [task_scheduler.cpp:462] [mgpu-audit] pipeline_task dispatched to GPU 0 task_id=30
[2026-07-08 16:08:14.317] [info] [task_creator.cpp:363] [locality-audit] task_create operator_id=17 input_bytes=2035098 local_bytes=2035098 gpu_source_bytes=2035098 host_source_bytes=0 disk_source_bytes=0 gpu_sources=1 host_sources=0 preferred_device=0
[2026-07-08 16:08:14.317] [info] [task_scheduler.cpp:464] [locality-audit] dispatch task_id=30 preferred_device=0 actual_gpu=0
[2026-07-08 16:08:14.317] [info] [task_creator.cpp:363] [locality-audit] task_create operator_id=17 input_bytes=2036646 local_bytes=2036646 gpu_source_bytes=2036646 host_source_bytes=0 disk_source_bytes=0 gpu_sources=1 host_sources=0 preferred_device=0
[2026-07-08 16:08:14.317] [info] [task_creator.cpp:363] [locality-audit] task_create operator_id=17 input_bytes=2029222 local_bytes=2029222 gpu_source_bytes=2029222 host_source_bytes=0 disk_source_bytes=0 gpu_sources=1 host_sources=0 preferred_device=0
[2026-07-08 16:08:14.317] [info] [task_scheduler.cpp:462] [mgpu-audit] pipeline_task dispatched to GPU 0 task_id=31
[2026-07-08 16:08:14.317] [info] [task_scheduler.cpp:464] [locality-audit] dispatch task_id=31 preferred_device=0 actual_gpu=0
[2026-07-08 16:08:14.317] [info] [task_creator.cpp:363] [locality-audit] task_create operator_id=17 input_bytes=2023560 local_bytes=2023560 gpu_source_bytes=2023560 host_source_bytes=0 disk_source_bytes=0 gpu_sources=1 host_sources=0 preferred_device=0
[2026-07-08 16:08:14.317] [info] [task_creator.cpp:363] [locality-audit] task_create operator_id=17 input_bytes=2039789 local_bytes=2039789 gpu_source_bytes=2039789 host_source_bytes=0 disk_source_bytes=0 gpu_sources=1 host_sources=0 preferred_device=0
[2026-07-08 16:08:14.317] [info] [task_creator.cpp:363] [locality-audit] task_create operator_id=17 input_bytes=2029303 local_bytes=2029303 gpu_source_bytes=2029303 host_source_bytes=0 disk_source_bytes=0 gpu_sources=1 host_sources=0 preferred_device=0
[2026-07-08 16:08:14.317] [info] [task_creator.cpp:363] [locality-audit] task_create operator_id=17 input_bytes=2037528 local_bytes=2037528 gpu_source_bytes=2037528 host_source_bytes=0 disk_source_bytes=0 gpu_sources=1 host_sources=0 preferred_device=0
[2026-07-08 16:08:14.317] [info] [task_creator.cpp:363] [locality-audit] task_create operator_id=17 input_bytes=2028377 local_bytes=2028377 gpu_source_bytes=2028377 host_source_bytes=0 disk_source_bytes=0 gpu_sources=1 host_sources=0 preferred_device=0
[2026-07-08 16:08:14.317] [info] [task_scheduler.cpp:462] [mgpu-audit] pipeline_task dispatched to GPU 0 task_id=32
[2026-07-08 16:08:14.317] [info] [task_scheduler.cpp:464] [locality-audit] dispatch task_id=32 preferred_device=0 actual_gpu=0
[2026-07-08 16:08:14.317] [info] [task_creator.cpp:363] [locality-audit] task_create operator_id=17 input_bytes=2034778 local_bytes=2034778 gpu_source_bytes=2034778 host_source_bytes=0 disk_source_bytes=0 gpu_sources=1 host_sources=0 preferred_device=0
[2026-07-08 16:08:14.317] [info] [task_creator.cpp:363] [locality-audit] task_create operator_id=17 input_bytes=2034033 local_bytes=2034033 gpu_source_bytes=2034033 host_source_bytes=0 disk_source_bytes=0 gpu_sources=1 host_sources=0 preferred_device=0
[2026-07-08 16:08:14.317] [info] [task_creator.cpp:363] [locality-audit] task_create operator_id=17 input_bytes=2032770 local_bytes=2032770 gpu_source_bytes=2032770 host_source_bytes=0 disk_source_bytes=0 gpu_sources=1 host_sources=0 preferred_device=0
[2026-07-08 16:08:14.317] [info] [gpu_pipeline_task.cpp:188] [locality-audit] prepare_before pipeline_id=1 task_id=29 preferred_device=0 actual_gpu=0 target_tier=GPU target_device=0 input_bytes=2032335 local_bytes=2032335 remote_gpu_bytes=0 host_bytes=0 disk_bytes=0 batch_count=1
[2026-07-08 16:08:14.317] [info] [gpu_pipeline_task.cpp:188] [locality-audit] prepare_before pipeline_id=1 task_id=31 preferred_device=0 actual_gpu=0 target_tier=GPU target_device=0 input_bytes=2000609 local_bytes=2000609 remote_gpu_bytes=0 host_bytes=0 disk_bytes=0 batch_count=1
[2026-07-08 16:08:14.317] [info] [task_creator.cpp:363] [locality-audit] task_create operator_id=17 input_bytes=2034164 local_bytes=2034164 gpu_source_bytes=2034164 host_source_bytes=0 disk_source_bytes=0 gpu_sources=1 host_sources=0 preferred_device=0
[2026-07-08 16:08:14.317] [info] [gpu_pipeline_task.cpp:188] [locality-audit] prepare_after pipeline_id=1 task_id=31 preferred_device=0 actual_gpu=0 target_tier=GPU target_device=0 input_bytes=2000609 local_bytes=2000609 remote_gpu_bytes=0 host_bytes=0 disk_bytes=0 batch_count=1
[2026-07-08 16:08:14.317] [info] [gpu_pipeline_task.cpp:188] [locality-audit] prepare_before pipeline_id=1 task_id=30 preferred_device=0 actual_gpu=0 target_tier=GPU target_device=0 input_bytes=2037886 local_bytes=2037886 remote_gpu_bytes=0 host_bytes=0 disk_bytes=0 batch_count=1
[2026-07-08 16:08:14.317] [info] [gpu_pipeline_task.cpp:188] [locality-audit] prepare_before pipeline_id=1 task_id=32 preferred_device=0 actual_gpu=0 target_tier=GPU target_device=0 input_bytes=2026779 local_bytes=2026779 remote_gpu_bytes=0 host_bytes=0 disk_bytes=0 batch_count=1
[2026-07-08 16:08:14.317] [info] [gpu_pipeline_task.cpp:321] [stage-audit] pipeline_id=1 task_id=31 operator_id=17 operator_name=PARTITION stage_kind=PARTITION operator_type=82 input_type=PIPELINEABLE output_type=PIPELINEABLE actual_gpu=0 pipeline_operator_count=1 input_batches=1 input_rows=109599 input_columns=2 input_bytes=2000609 output_batches=1 output_rows=109599 output_columns=2 output_bytes=2000609 byte_ratio=1.000000 row_ratio=1.000000 duration_us=1
[2026-07-08 16:08:14.317] [info] [task_creator.cpp:363] [locality-audit] task_create operator_id=17 input_bytes=2025436 local_bytes=2025436 gpu_source_bytes=2025436 host_source_bytes=0 disk_source_bytes=0 gpu_sources=1 host_sources=0 preferred_device=0
[2026-07-08 16:08:14.317] [info] [gpu_pipeline_task.cpp:188] [locality-audit] prepare_after pipeline_id=1 task_id=29 preferred_device=0 actual_gpu=0 target_tier=GPU target_device=0 input_bytes=2032335 local_bytes=2032335 remote_gpu_bytes=0 host_bytes=0 disk_bytes=0 batch_count=1
[2026-07-08 16:08:14.317] [info] [task_creator.cpp:363] [locality-audit] task_create operator_id=17 input_bytes=2025353 local_bytes=2025353 gpu_source_bytes=2025353 host_source_bytes=0 disk_source_bytes=0 gpu_sources=1 host_sources=0 preferred_device=0
[2026-07-08 16:08:14.317] [info] [task_scheduler.cpp:462] [mgpu-audit] pipeline_task dispatched to GPU 0 task_id=33
[2026-07-08 16:08:14.317] [info] [task_scheduler.cpp:464] [locality-audit] dispatch task_id=33 preferred_device=0 actual_gpu=0
[2026-07-08 16:08:14.317] [info] [task_creator.cpp:363] [locality-audit] task_create operator_id=17 input_bytes=2027441 local_bytes=2027441 gpu_source_bytes=2027441 host_source_bytes=0 disk_source_bytes=0 gpu_sources=1 host_sources=0 preferred_device=0
[2026-07-08 16:08:14.317] [info] [task_creator.cpp:363] [locality-audit] task_create operator_id=17 input_bytes=2027604 local_bytes=2027604 gpu_source_bytes=2027604 host_source_bytes=0 disk_source_bytes=0 gpu_sources=1 host_sources=0 preferred_device=0
[2026-07-08 16:08:14.317] [info] [gpu_pipeline_task.cpp:188] [locality-audit] prepare_after pipeline_id=1 task_id=30 preferred_device=0 actual_gpu=0 target_tier=GPU target_device=0 input_bytes=2037886 local_bytes=2037886 remote_gpu_bytes=0 host_bytes=0 disk_bytes=0 batch_count=1
[2026-07-08 16:08:14.317] [info] [gpu_pipeline_task.cpp:321] [stage-audit] pipeline_id=1 task_id=29 operator_id=17 operator_name=PARTITION stage_kind=PARTITION operator_type=82 input_type=PIPELINEABLE output_type=PIPELINEABLE actual_gpu=0 pipeline_operator_count=1 input_batches=1 input_rows=111373 input_columns=2 input_bytes=2032335 output_batches=1 output_rows=111373 output_columns=2 output_bytes=2032335 byte_ratio=1.000000 row_ratio=1.000000 duration_us=11
[2026-07-08 16:08:14.317] [info] [task_creator.cpp:363] [locality-audit] task_create operator_id=17 input_bytes=38246 local_bytes=38246 gpu_source_bytes=38246 host_source_bytes=0 disk_source_bytes=0 gpu_sources=1 host_sources=0 preferred_device=0
[2026-07-08 16:08:14.317] [info] [gpu_pipeline_task.cpp:188] [locality-audit] prepare_after pipeline_id=1 task_id=32 preferred_device=0 actual_gpu=0 target_tier=GPU target_device=0 input_bytes=2026779 local_bytes=2026779 remote_gpu_bytes=0 host_bytes=0 disk_bytes=0 batch_count=1
[2026-07-08 16:08:14.317] [info] [gpu_pipeline_task.cpp:188] [locality-audit] prepare_before pipeline_id=1 task_id=33 preferred_device=0 actual_gpu=0 target_tier=GPU target_device=0 input_bytes=2032834 local_bytes=2032834 remote_gpu_bytes=0 host_bytes=0 disk_bytes=0 batch_count=1
[2026-07-08 16:08:14.317] [info] [gpu_pipeline_task.cpp:321] [stage-audit] pipeline_id=1 task_id=30 operator_id=17 operator_name=PARTITION stage_kind=PARTITION operator_type=82 input_type=PIPELINEABLE output_type=PIPELINEABLE actual_gpu=0 pipeline_operator_count=1 input_batches=1 input_rows=111660 input_columns=2 input_bytes=2037886 output_batches=1 output_rows=111660 output_columns=2 output_bytes=2037886 byte_ratio=1.000000 row_ratio=1.000000 duration_us=32
[2026-07-08 16:08:14.317] [info] [gpu_pipeline_task.cpp:188] [locality-audit] prepare_after pipeline_id=1 task_id=33 preferred_device=0 actual_gpu=0 target_tier=GPU target_device=0 input_bytes=2032834 local_bytes=2032834 remote_gpu_bytes=0 host_bytes=0 disk_bytes=0 batch_count=1
[2026-07-08 16:08:14.317] [info] [task_scheduler.cpp:462] [mgpu-audit] pipeline_task dispatched to GPU 0 task_id=34
[2026-07-08 16:08:14.317] [info] [task_scheduler.cpp:464] [locality-audit] dispatch task_id=34 preferred_device=0 actual_gpu=0
[2026-07-08 16:08:14.317] [info] [gpu_pipeline_task.cpp:321] [stage-audit] pipeline_id=1 task_id=32 operator_id=17 operator_name=PARTITION stage_kind=PARTITION operator_type=82 input_type=PIPELINEABLE output_type=PIPELINEABLE actual_gpu=0 pipeline_operator_count=1 input_batches=1 input_rows=111061 input_columns=2 input_bytes=2026779 output_batches=1 output_rows=111061 output_columns=2 output_bytes=2026779 byte_ratio=1.000000 row_ratio=1.000000 duration_us=10
[2026-07-08 16:08:14.317] [info] [gpu_pipeline_task.cpp:321] [stage-audit] pipeline_id=1 task_id=33 operator_id=17 operator_name=PARTITION stage_kind=PARTITION operator_type=82 input_type=PIPELINEABLE output_type=PIPELINEABLE actual_gpu=0 pipeline_operator_count=1 input_batches=1 input_rows=111346 input_columns=2 input_bytes=2032834 output_batches=1 output_rows=111346 output_columns=2 output_bytes=2032834 byte_ratio=1.000000 row_ratio=1.000000 duration_us=4
[2026-07-08 16:08:14.317] [info] [gpu_pipeline_task.cpp:188] [locality-audit] prepare_before pipeline_id=1 task_id=34 preferred_device=0 actual_gpu=0 target_tier=GPU target_device=0 input_bytes=2037725 local_bytes=2037725 remote_gpu_bytes=0 host_bytes=0 disk_bytes=0 batch_count=1
[2026-07-08 16:08:14.317] [info] [gpu_pipeline_task.cpp:188] [locality-audit] prepare_after pipeline_id=1 task_id=34 preferred_device=0 actual_gpu=0 target_tier=GPU target_device=0 input_bytes=2037725 local_bytes=2037725 remote_gpu_bytes=0 host_bytes=0 disk_bytes=0 batch_count=1
[2026-07-08 16:08:14.317] [info] [gpu_pipeline_task.cpp:321] [stage-audit] pipeline_id=1 task_id=34 operator_id=17 operator_name=PARTITION stage_kind=PARTITION operator_type=82 input_type=PIPELINEABLE output_type=PIPELINEABLE actual_gpu=0 pipeline_operator_count=1 input_batches=1 input_rows=111653 input_columns=2 input_bytes=2037725 output_batches=1 output_rows=111653 output_columns=2 output_bytes=2037725 byte_ratio=1.000000 row_ratio=1.000000 duration_us=3
[2026-07-08 16:08:14.317] [info] [task_scheduler.cpp:462] [mgpu-audit] pipeline_task dispatched to GPU 0 task_id=35
[2026-07-08 16:08:14.317] [info] [task_scheduler.cpp:464] [locality-audit] dispatch task_id=35 preferred_device=0 actual_gpu=0
[2026-07-08 16:08:14.317] [info] [task_scheduler.cpp:462] [mgpu-audit] pipeline_task dispatched to GPU 0 task_id=36
[2026-07-08 16:08:14.317] [info] [task_scheduler.cpp:464] [locality-audit] dispatch task_id=36 preferred_device=0 actual_gpu=0
[2026-07-08 16:08:14.317] [info] [gpu_pipeline_task.cpp:188] [locality-audit] prepare_before pipeline_id=1 task_id=35 preferred_device=0 actual_gpu=0 target_tier=GPU target_device=0 input_bytes=2035931 local_bytes=2035931 remote_gpu_bytes=0 host_bytes=0 disk_bytes=0 batch_count=1
[2026-07-08 16:08:14.317] [info] [gpu_pipeline_task.cpp:188] [locality-audit] prepare_after pipeline_id=1 task_id=35 preferred_device=0 actual_gpu=0 target_tier=GPU target_device=0 input_bytes=2035931 local_bytes=2035931 remote_gpu_bytes=0 host_bytes=0 disk_bytes=0 batch_count=1
[2026-07-08 16:08:14.317] [info] [task_scheduler.cpp:462] [mgpu-audit] pipeline_task dispatched to GPU 0 task_id=37
[2026-07-08 16:08:14.317] [info] [task_scheduler.cpp:464] [locality-audit] dispatch task_id=37 preferred_device=0 actual_gpu=0
[2026-07-08 16:08:14.317] [info] [gpu_pipeline_task.cpp:188] [locality-audit] prepare_before pipeline_id=1 task_id=36 preferred_device=0 actual_gpu=0 target_tier=GPU target_device=0 input_bytes=2019344 local_bytes=2019344 remote_gpu_bytes=0 host_bytes=0 disk_bytes=0 batch_count=1
[2026-07-08 16:08:14.317] [info] [gpu_pipeline_task.cpp:321] [stage-audit] pipeline_id=1 task_id=35 operator_id=17 operator_name=PARTITION stage_kind=PARTITION operator_type=82 input_type=PIPELINEABLE output_type=PIPELINEABLE actual_gpu=0 pipeline_operator_count=1 input_batches=1 input_rows=111531 input_columns=2 input_bytes=2035931 output_batches=1 output_rows=111531 output_columns=2 output_bytes=2035931 byte_ratio=1.000000 row_ratio=1.000000 duration_us=5
[2026-07-08 16:08:14.317] [info] [task_scheduler.cpp:462] [mgpu-audit] pipeline_task dispatched to GPU 0 task_id=38
[2026-07-08 16:08:14.317] [info] [task_scheduler.cpp:464] [locality-audit] dispatch task_id=38 preferred_device=0 actual_gpu=0
[2026-07-08 16:08:14.317] [info] [gpu_pipeline_task.cpp:188] [locality-audit] prepare_before pipeline_id=1 task_id=37 preferred_device=0 actual_gpu=0 target_tier=GPU target_device=0 input_bytes=2023331 local_bytes=2023331 remote_gpu_bytes=0 host_bytes=0 disk_bytes=0 batch_count=1
[2026-07-08 16:08:14.317] [info] [gpu_pipeline_task.cpp:188] [locality-audit] prepare_after pipeline_id=1 task_id=36 preferred_device=0 actual_gpu=0 target_tier=GPU target_device=0 input_bytes=2019344 local_bytes=2019344 remote_gpu_bytes=0 host_bytes=0 disk_bytes=0 batch_count=1
[2026-07-08 16:08:14.317] [info] [gpu_pipeline_task.cpp:188] [locality-audit] prepare_after pipeline_id=1 task_id=37 preferred_device=0 actual_gpu=0 target_tier=GPU target_device=0 input_bytes=2023331 local_bytes=2023331 remote_gpu_bytes=0 host_bytes=0 disk_bytes=0 batch_count=1
[2026-07-08 16:08:14.317] [info] [gpu_pipeline_task.cpp:321] [stage-audit] pipeline_id=1 task_id=37 operator_id=17 operator_name=PARTITION stage_kind=PARTITION operator_type=82 input_type=PIPELINEABLE output_type=PIPELINEABLE actual_gpu=0 pipeline_operator_count=1 input_batches=1 input_rows=110885 input_columns=2 input_bytes=2023331 output_batches=1 output_rows=110885 output_columns=2 output_bytes=2023331 byte_ratio=1.000000 row_ratio=1.000000 duration_us=1
[2026-07-08 16:08:14.317] [info] [task_scheduler.cpp:462] [mgpu-audit] pipeline_task dispatched to GPU 0 task_id=39
[2026-07-08 16:08:14.317] [info] [gpu_pipeline_task.cpp:321] [stage-audit] pipeline_id=1 task_id=36 operator_id=17 operator_name=PARTITION stage_kind=PARTITION operator_type=82 input_type=PIPELINEABLE output_type=PIPELINEABLE actual_gpu=0 pipeline_operator_count=1 input_batches=1 input_rows=110630 input_columns=2 input_bytes=2019344 output_batches=1 output_rows=110630 output_columns=2 output_bytes=2019344 byte_ratio=1.000000 row_ratio=1.000000 duration_us=5
[2026-07-08 16:08:14.317] [info] [task_scheduler.cpp:464] [locality-audit] dispatch task_id=39 preferred_device=0 actual_gpu=0
[2026-07-08 16:08:14.317] [info] [gpu_pipeline_task.cpp:188] [locality-audit] prepare_before pipeline_id=1 task_id=38 preferred_device=0 actual_gpu=0 target_tier=GPU target_device=0 input_bytes=2027399 local_bytes=2027399 remote_gpu_bytes=0 host_bytes=0 disk_bytes=0 batch_count=1
[2026-07-08 16:08:14.317] [info] [task_scheduler.cpp:462] [mgpu-audit] pipeline_task dispatched to GPU 0 task_id=40
[2026-07-08 16:08:14.318] [info] [task_scheduler.cpp:464] [locality-audit] dispatch task_id=40 preferred_device=0 actual_gpu=0
[2026-07-08 16:08:14.318] [info] [gpu_pipeline_task.cpp:188] [locality-audit] prepare_after pipeline_id=1 task_id=38 preferred_device=0 actual_gpu=0 target_tier=GPU target_device=0 input_bytes=2027399 local_bytes=2027399 remote_gpu_bytes=0 host_bytes=0 disk_bytes=0 batch_count=1
[2026-07-08 16:08:14.317] [info] [gpu_pipeline_task.cpp:188] [locality-audit] prepare_before pipeline_id=1 task_id=39 preferred_device=0 actual_gpu=0 target_tier=GPU target_device=0 input_bytes=2037327 local_bytes=2037327 remote_gpu_bytes=0 host_bytes=0 disk_bytes=0 batch_count=1
[2026-07-08 16:08:14.318] [info] [gpu_pipeline_task.cpp:321] [stage-audit] pipeline_id=1 task_id=38 operator_id=17 operator_name=PARTITION stage_kind=PARTITION operator_type=82 input_type=PIPELINEABLE output_type=PIPELINEABLE actual_gpu=0 pipeline_operator_count=1 input_batches=1 input_rows=111089 input_columns=2 input_bytes=2027399 output_batches=1 output_rows=111089 output_columns=2 output_bytes=2027399 byte_ratio=1.000000 row_ratio=1.000000 duration_us=4
[2026-07-08 16:08:14.318] [info] [task_scheduler.cpp:462] [mgpu-audit] pipeline_task dispatched to GPU 0 task_id=41
[2026-07-08 16:08:14.318] [info] [gpu_pipeline_task.cpp:188] [locality-audit] prepare_before pipeline_id=1 task_id=40 preferred_device=0 actual_gpu=0 target_tier=GPU target_device=0 input_bytes=2024239 local_bytes=2024239 remote_gpu_bytes=0 host_bytes=0 disk_bytes=0 batch_count=1
[2026-07-08 16:08:14.318] [info] [gpu_pipeline_task.cpp:188] [locality-audit] prepare_after pipeline_id=1 task_id=39 preferred_device=0 actual_gpu=0 target_tier=GPU target_device=0 input_bytes=2037327 local_bytes=2037327 remote_gpu_bytes=0 host_bytes=0 disk_bytes=0 batch_count=1
[2026-07-08 16:08:14.318] [info] [gpu_pipeline_task.cpp:188] [locality-audit] prepare_after pipeline_id=1 task_id=40 preferred_device=0 actual_gpu=0 target_tier=GPU target_device=0 input_bytes=2024239 local_bytes=2024239 remote_gpu_bytes=0 host_bytes=0 disk_bytes=0 batch_count=1
[2026-07-08 16:08:14.318] [info] [gpu_pipeline_task.cpp:321] [stage-audit] pipeline_id=1 task_id=40 operator_id=17 operator_name=PARTITION stage_kind=PARTITION operator_type=82 input_type=PIPELINEABLE output_type=PIPELINEABLE actual_gpu=0 pipeline_operator_count=1 input_batches=1 input_rows=110949 input_columns=2 input_bytes=2024239 output_batches=1 output_rows=110949 output_columns=2 output_bytes=2024239 byte_ratio=1.000000 row_ratio=1.000000 duration_us=1
[2026-07-08 16:08:14.318] [info] [task_scheduler.cpp:464] [locality-audit] dispatch task_id=41 preferred_device=0 actual_gpu=0
[2026-07-08 16:08:14.318] [info] [gpu_pipeline_task.cpp:321] [stage-audit] pipeline_id=1 task_id=39 operator_id=17 operator_name=PARTITION stage_kind=PARTITION operator_type=82 input_type=PIPELINEABLE output_type=PIPELINEABLE actual_gpu=0 pipeline_operator_count=1 input_batches=1 input_rows=111659 input_columns=2 input_bytes=2037327 output_batches=1 output_rows=111659 output_columns=2 output_bytes=2037327 byte_ratio=1.000000 row_ratio=1.000000 duration_us=5
[2026-07-08 16:08:14.318] [info] [task_scheduler.cpp:462] [mgpu-audit] pipeline_task dispatched to GPU 0 task_id=42
[2026-07-08 16:08:14.318] [info] [task_scheduler.cpp:464] [locality-audit] dispatch task_id=42 preferred_device=0 actual_gpu=0
[2026-07-08 16:08:14.318] [info] [gpu_pipeline_task.cpp:188] [locality-audit] prepare_before pipeline_id=1 task_id=41 preferred_device=0 actual_gpu=0 target_tier=GPU target_device=0 input_bytes=2035098 local_bytes=2035098 remote_gpu_bytes=0 host_bytes=0 disk_bytes=0 batch_count=1
[2026-07-08 16:08:14.318] [info] [task_scheduler.cpp:462] [mgpu-audit] pipeline_task dispatched to GPU 0 task_id=43
[2026-07-08 16:08:14.318] [info] [task_scheduler.cpp:464] [locality-audit] dispatch task_id=43 preferred_device=0 actual_gpu=0
[2026-07-08 16:08:14.318] [info] [gpu_pipeline_task.cpp:188] [locality-audit] prepare_after pipeline_id=1 task_id=41 preferred_device=0 actual_gpu=0 target_tier=GPU target_device=0 input_bytes=2035098 local_bytes=2035098 remote_gpu_bytes=0 host_bytes=0 disk_bytes=0 batch_count=1
[2026-07-08 16:08:14.318] [info] [gpu_pipeline_task.cpp:188] [locality-audit] prepare_before pipeline_id=1 task_id=42 preferred_device=0 actual_gpu=0 target_tier=GPU target_device=0 input_bytes=2036646 local_bytes=2036646 remote_gpu_bytes=0 host_bytes=0 disk_bytes=0 batch_count=1
[2026-07-08 16:08:14.318] [info] [task_scheduler.cpp:462] [mgpu-audit] pipeline_task dispatched to GPU 0 task_id=44
[2026-07-08 16:08:14.318] [info] [task_scheduler.cpp:464] [locality-audit] dispatch task_id=44 preferred_device=0 actual_gpu=0
[2026-07-08 16:08:14.318] [info] [gpu_pipeline_task.cpp:321] [stage-audit] pipeline_id=1 task_id=41 operator_id=17 operator_name=PARTITION stage_kind=PARTITION operator_type=82 input_type=PIPELINEABLE output_type=PIPELINEABLE actual_gpu=0 pipeline_operator_count=1 input_batches=1 input_rows=111476 input_columns=2 input_bytes=2035098 output_batches=1 output_rows=111476 output_columns=2 output_bytes=2035098 byte_ratio=1.000000 row_ratio=1.000000 duration_us=5
[2026-07-08 16:08:14.318] [info] [gpu_pipeline_task.cpp:188] [locality-audit] prepare_after pipeline_id=1 task_id=42 preferred_device=0 actual_gpu=0 target_tier=GPU target_device=0 input_bytes=2036646 local_bytes=2036646 remote_gpu_bytes=0 host_bytes=0 disk_bytes=0 batch_count=1
[2026-07-08 16:08:14.318] [info] [gpu_pipeline_task.cpp:188] [locality-audit] prepare_before pipeline_id=1 task_id=43 preferred_device=0 actual_gpu=0 target_tier=GPU target_device=0 input_bytes=2029222 local_bytes=2029222 remote_gpu_bytes=0 host_bytes=0 disk_bytes=0 batch_count=1
[2026-07-08 16:08:14.318] [info] [gpu_pipeline_task.cpp:188] [locality-audit] prepare_after pipeline_id=1 task_id=43 preferred_device=0 actual_gpu=0 target_tier=GPU target_device=0 input_bytes=2029222 local_bytes=2029222 remote_gpu_bytes=0 host_bytes=0 disk_bytes=0 batch_count=1
[2026-07-08 16:08:14.318] [info] [gpu_pipeline_task.cpp:321] [stage-audit] pipeline_id=1 task_id=43 operator_id=17 operator_name=PARTITION stage_kind=PARTITION operator_type=82 input_type=PIPELINEABLE output_type=PIPELINEABLE actual_gpu=0 pipeline_operator_count=1 input_batches=1 input_rows=111202 input_columns=2 input_bytes=2029222 output_batches=1 output_rows=111202 output_columns=2 output_bytes=2029222 byte_ratio=1.000000 row_ratio=1.000000 duration_us=1
[2026-07-08 16:08:14.318] [info] [task_scheduler.cpp:462] [mgpu-audit] pipeline_task dispatched to GPU 0 task_id=45
[2026-07-08 16:08:14.318] [info] [gpu_pipeline_task.cpp:321] [stage-audit] pipeline_id=1 task_id=42 operator_id=17 operator_name=PARTITION stage_kind=PARTITION operator_type=82 input_type=PIPELINEABLE output_type=PIPELINEABLE actual_gpu=0 pipeline_operator_count=1 input_batches=1 input_rows=111584 input_columns=2 input_bytes=2036646 output_batches=1 output_rows=111584 output_columns=2 output_bytes=2036646 byte_ratio=1.000000 row_ratio=1.000000 duration_us=4
[2026-07-08 16:08:14.318] [info] [task_scheduler.cpp:464] [locality-audit] dispatch task_id=45 preferred_device=0 actual_gpu=0
[2026-07-08 16:08:14.318] [info] [gpu_pipeline_task.cpp:188] [locality-audit] prepare_before pipeline_id=1 task_id=44 preferred_device=0 actual_gpu=0 target_tier=GPU target_device=0 input_bytes=2023560 local_bytes=2023560 remote_gpu_bytes=0 host_bytes=0 disk_bytes=0 batch_count=1
[2026-07-08 16:08:14.318] [info] [gpu_pipeline_task.cpp:188] [locality-audit] prepare_after pipeline_id=1 task_id=44 preferred_device=0 actual_gpu=0 target_tier=GPU target_device=0 input_bytes=2023560 local_bytes=2023560 remote_gpu_bytes=0 host_bytes=0 disk_bytes=0 batch_count=1
[2026-07-08 16:08:14.318] [info] [task_scheduler.cpp:462] [mgpu-audit] pipeline_task dispatched to GPU 0 task_id=46
[2026-07-08 16:08:14.318] [info] [task_scheduler.cpp:464] [locality-audit] dispatch task_id=46 preferred_device=0 actual_gpu=0
[2026-07-08 16:08:14.318] [info] [gpu_pipeline_task.cpp:321] [stage-audit] pipeline_id=1 task_id=44 operator_id=17 operator_name=PARTITION stage_kind=PARTITION operator_type=82 input_type=PIPELINEABLE output_type=PIPELINEABLE actual_gpu=0 pipeline_operator_count=1 input_batches=1 input_rows=110892 input_columns=2 input_bytes=2023560 output_batches=1 output_rows=110892 output_columns=2 output_bytes=2023560 byte_ratio=1.000000 row_ratio=1.000000 duration_us=4
[2026-07-08 16:08:14.318] [info] [gpu_pipeline_task.cpp:188] [locality-audit] prepare_before pipeline_id=1 task_id=45 preferred_device=0 actual_gpu=0 target_tier=GPU target_device=0 input_bytes=2039789 local_bytes=2039789 remote_gpu_bytes=0 host_bytes=0 disk_bytes=0 batch_count=1
[2026-07-08 16:08:14.318] [info] [task_scheduler.cpp:462] [mgpu-audit] pipeline_task dispatched to GPU 0 task_id=47
[2026-07-08 16:08:14.318] [info] [task_scheduler.cpp:464] [locality-audit] dispatch task_id=47 preferred_device=0 actual_gpu=0
[2026-07-08 16:08:14.318] [info] [gpu_pipeline_task.cpp:188] [locality-audit] prepare_before pipeline_id=1 task_id=46 preferred_device=0 actual_gpu=0 target_tier=GPU target_device=0 input_bytes=2029303 local_bytes=2029303 remote_gpu_bytes=0 host_bytes=0 disk_bytes=0 batch_count=1
[2026-07-08 16:08:14.318] [info] [gpu_pipeline_task.cpp:188] [locality-audit] prepare_after pipeline_id=1 task_id=45 preferred_device=0 actual_gpu=0 target_tier=GPU target_device=0 input_bytes=2039789 local_bytes=2039789 remote_gpu_bytes=0 host_bytes=0 disk_bytes=0 batch_count=1
[2026-07-08 16:08:14.318] [info] [gpu_pipeline_task.cpp:188] [locality-audit] prepare_after pipeline_id=1 task_id=46 preferred_device=0 actual_gpu=0 target_tier=GPU target_device=0 input_bytes=2029303 local_bytes=2029303 remote_gpu_bytes=0 host_bytes=0 disk_bytes=0 batch_count=1
[2026-07-08 16:08:14.318] [info] [gpu_pipeline_task.cpp:321] [stage-audit] pipeline_id=1 task_id=46 operator_id=17 operator_name=PARTITION stage_kind=PARTITION operator_type=82 input_type=PIPELINEABLE output_type=PIPELINEABLE actual_gpu=0 pipeline_operator_count=1 input_batches=1 input_rows=111211 input_columns=2 input_bytes=2029303 output_batches=1 output_rows=111211 output_columns=2 output_bytes=2029303 byte_ratio=1.000000 row_ratio=1.000000 duration_us=1
[2026-07-08 16:08:14.318] [info] [gpu_pipeline_task.cpp:321] [stage-audit] pipeline_id=1 task_id=45 operator_id=17 operator_name=PARTITION stage_kind=PARTITION operator_type=82 input_type=PIPELINEABLE output_type=PIPELINEABLE actual_gpu=0 pipeline_operator_count=1 input_batches=1 input_rows=111799 input_columns=2 input_bytes=2039789 output_batches=1 output_rows=111799 output_columns=2 output_bytes=2039789 byte_ratio=1.000000 row_ratio=1.000000 duration_us=4
[2026-07-08 16:08:14.318] [info] [gpu_pipeline_task.cpp:188] [locality-audit] prepare_before pipeline_id=1 task_id=47 preferred_device=0 actual_gpu=0 target_tier=GPU target_device=0 input_bytes=2037528 local_bytes=2037528 remote_gpu_bytes=0 host_bytes=0 disk_bytes=0 batch_count=1
[2026-07-08 16:08:14.318] [info] [gpu_pipeline_task.cpp:188] [locality-audit] prepare_after pipeline_id=1 task_id=47 preferred_device=0 actual_gpu=0 target_tier=GPU target_device=0 input_bytes=2037528 local_bytes=2037528 remote_gpu_bytes=0 host_bytes=0 disk_bytes=0 batch_count=1
[2026-07-08 16:08:14.318] [info] [gpu_pipeline_task.cpp:321] [stage-audit] pipeline_id=1 task_id=47 operator_id=17 operator_name=PARTITION stage_kind=PARTITION operator_type=82 input_type=PIPELINEABLE output_type=PIPELINEABLE actual_gpu=0 pipeline_operator_count=1 input_batches=1 input_rows=111624 input_columns=2 input_bytes=2037528 output_batches=1 output_rows=111624 output_columns=2 output_bytes=2037528 byte_ratio=1.000000 row_ratio=1.000000 duration_us=1
[2026-07-08 16:08:14.318] [info] [task_scheduler.cpp:462] [mgpu-audit] pipeline_task dispatched to GPU 0 task_id=48
[2026-07-08 16:08:14.318] [info] [task_scheduler.cpp:464] [locality-audit] dispatch task_id=48 preferred_device=0 actual_gpu=0
[2026-07-08 16:08:14.318] [info] [task_scheduler.cpp:462] [mgpu-audit] pipeline_task dispatched to GPU 0 task_id=49
[2026-07-08 16:08:14.318] [info] [task_scheduler.cpp:464] [locality-audit] dispatch task_id=49 preferred_device=0 actual_gpu=0
[2026-07-08 16:08:14.318] [info] [gpu_pipeline_task.cpp:188] [locality-audit] prepare_before pipeline_id=1 task_id=48 preferred_device=0 actual_gpu=0 target_tier=GPU target_device=0 input_bytes=2028377 local_bytes=2028377 remote_gpu_bytes=0 host_bytes=0 disk_bytes=0 batch_count=1
[2026-07-08 16:08:14.318] [info] [gpu_pipeline_task.cpp:188] [locality-audit] prepare_after pipeline_id=1 task_id=48 preferred_device=0 actual_gpu=0 target_tier=GPU target_device=0 input_bytes=2028377 local_bytes=2028377 remote_gpu_bytes=0 host_bytes=0 disk_bytes=0 batch_count=1
[2026-07-08 16:08:14.318] [info] [task_scheduler.cpp:462] [mgpu-audit] pipeline_task dispatched to GPU 0 task_id=50
[2026-07-08 16:08:14.318] [info] [task_scheduler.cpp:464] [locality-audit] dispatch task_id=50 preferred_device=0 actual_gpu=0
[2026-07-08 16:08:14.318] [info] [gpu_pipeline_task.cpp:188] [locality-audit] prepare_before pipeline_id=1 task_id=49 preferred_device=0 actual_gpu=0 target_tier=GPU target_device=0 input_bytes=2034778 local_bytes=2034778 remote_gpu_bytes=0 host_bytes=0 disk_bytes=0 batch_count=1
[2026-07-08 16:08:14.318] [info] [gpu_pipeline_task.cpp:321] [stage-audit] pipeline_id=1 task_id=48 operator_id=17 operator_name=PARTITION stage_kind=PARTITION operator_type=82 input_type=PIPELINEABLE output_type=PIPELINEABLE actual_gpu=0 pipeline_operator_count=1 input_batches=1 input_rows=111141 input_columns=2 input_bytes=2028377 output_batches=1 output_rows=111141 output_columns=2 output_bytes=2028377 byte_ratio=1.000000 row_ratio=1.000000 duration_us=4
[2026-07-08 16:08:14.318] [info] [task_scheduler.cpp:462] [mgpu-audit] pipeline_task dispatched to GPU 0 task_id=51
[2026-07-08 16:08:14.318] [info] [task_scheduler.cpp:464] [locality-audit] dispatch task_id=51 preferred_device=0 actual_gpu=0
[2026-07-08 16:08:14.318] [info] [gpu_pipeline_task.cpp:188] [locality-audit] prepare_before pipeline_id=1 task_id=50 preferred_device=0 actual_gpu=0 target_tier=GPU target_device=0 input_bytes=2034033 local_bytes=2034033 remote_gpu_bytes=0 host_bytes=0 disk_bytes=0 batch_count=1
[2026-07-08 16:08:14.318] [info] [gpu_pipeline_task.cpp:188] [locality-audit] prepare_after pipeline_id=1 task_id=50 preferred_device=0 actual_gpu=0 target_tier=GPU target_device=0 input_bytes=2034033 local_bytes=2034033 remote_gpu_bytes=0 host_bytes=0 disk_bytes=0 batch_count=1
[2026-07-08 16:08:14.318] [info] [gpu_pipeline_task.cpp:188] [locality-audit] prepare_after pipeline_id=1 task_id=49 preferred_device=0 actual_gpu=0 target_tier=GPU target_device=0 input_bytes=2034778 local_bytes=2034778 remote_gpu_bytes=0 host_bytes=0 disk_bytes=0 batch_count=1
[2026-07-08 16:08:14.318] [info] [gpu_pipeline_task.cpp:321] [stage-audit] pipeline_id=1 task_id=50 operator_id=17 operator_name=PARTITION stage_kind=PARTITION operator_type=82 input_type=PIPELINEABLE output_type=PIPELINEABLE actual_gpu=0 pipeline_operator_count=1 input_batches=1 input_rows=111445 input_columns=2 input_bytes=2034033 output_batches=1 output_rows=111445 output_columns=2 output_bytes=2034033 byte_ratio=1.000000 row_ratio=1.000000 duration_us=1
[2026-07-08 16:08:14.318] [info] [task_scheduler.cpp:462] [mgpu-audit] pipeline_task dispatched to GPU 0 task_id=52
[2026-07-08 16:08:14.318] [info] [gpu_pipeline_task.cpp:188] [locality-audit] prepare_before pipeline_id=1 task_id=51 preferred_device=0 actual_gpu=0 target_tier=GPU target_device=0 input_bytes=2032770 local_bytes=2032770 remote_gpu_bytes=0 host_bytes=0 disk_bytes=0 batch_count=1
[2026-07-08 16:08:14.318] [info] [task_scheduler.cpp:464] [locality-audit] dispatch task_id=52 preferred_device=0 actual_gpu=0
[2026-07-08 16:08:14.318] [info] [gpu_pipeline_task.cpp:188] [locality-audit] prepare_after pipeline_id=1 task_id=51 preferred_device=0 actual_gpu=0 target_tier=GPU target_device=0 input_bytes=2032770 local_bytes=2032770 remote_gpu_bytes=0 host_bytes=0 disk_bytes=0 batch_count=1
[2026-07-08 16:08:14.318] [info] [gpu_pipeline_task.cpp:321] [stage-audit] pipeline_id=1 task_id=51 operator_id=17 operator_name=PARTITION stage_kind=PARTITION operator_type=82 input_type=PIPELINEABLE output_type=PIPELINEABLE actual_gpu=0 pipeline_operator_count=1 input_batches=1 input_rows=111380 input_columns=2 input_bytes=2032770 output_batches=1 output_rows=111380 output_columns=2 output_bytes=2032770 byte_ratio=1.000000 row_ratio=1.000000 duration_us=1
[2026-07-08 16:08:14.318] [info] [gpu_pipeline_task.cpp:321] [stage-audit] pipeline_id=1 task_id=49 operator_id=17 operator_name=PARTITION stage_kind=PARTITION operator_type=82 input_type=PIPELINEABLE output_type=PIPELINEABLE actual_gpu=0 pipeline_operator_count=1 input_batches=1 input_rows=111466 input_columns=2 input_bytes=2034778 output_batches=1 output_rows=111466 output_columns=2 output_bytes=2034778 byte_ratio=1.000000 row_ratio=1.000000 duration_us=5
[2026-07-08 16:08:14.318] [info] [gpu_pipeline_task.cpp:188] [locality-audit] prepare_before pipeline_id=1 task_id=52 preferred_device=0 actual_gpu=0 target_tier=GPU target_device=0 input_bytes=2034164 local_bytes=2034164 remote_gpu_bytes=0 host_bytes=0 disk_bytes=0 batch_count=1
[2026-07-08 16:08:14.318] [info] [gpu_pipeline_task.cpp:188] [locality-audit] prepare_after pipeline_id=1 task_id=52 preferred_device=0 actual_gpu=0 target_tier=GPU target_device=0 input_bytes=2034164 local_bytes=2034164 remote_gpu_bytes=0 host_bytes=0 disk_bytes=0 batch_count=1
[2026-07-08 16:08:14.318] [info] [task_scheduler.cpp:462] [mgpu-audit] pipeline_task dispatched to GPU 0 task_id=53
[2026-07-08 16:08:14.318] [info] [task_scheduler.cpp:464] [locality-audit] dispatch task_id=53 preferred_device=0 actual_gpu=0
[2026-07-08 16:08:14.318] [info] [gpu_pipeline_task.cpp:321] [stage-audit] pipeline_id=1 task_id=52 operator_id=17 operator_name=PARTITION stage_kind=PARTITION operator_type=82 input_type=PIPELINEABLE output_type=PIPELINEABLE actual_gpu=0 pipeline_operator_count=1 input_batches=1 input_rows=111448 input_columns=2 input_bytes=2034164 output_batches=1 output_rows=111448 output_columns=2 output_bytes=2034164 byte_ratio=1.000000 row_ratio=1.000000 duration_us=4
[2026-07-08 16:08:14.318] [info] [task_scheduler.cpp:462] [mgpu-audit] pipeline_task dispatched to GPU 0 task_id=54
[2026-07-08 16:08:14.318] [info] [task_scheduler.cpp:464] [locality-audit] dispatch task_id=54 preferred_device=0 actual_gpu=0
[2026-07-08 16:08:14.318] [info] [gpu_pipeline_task.cpp:188] [locality-audit] prepare_before pipeline_id=1 task_id=53 preferred_device=0 actual_gpu=0 target_tier=GPU target_device=0 input_bytes=2025436 local_bytes=2025436 remote_gpu_bytes=0 host_bytes=0 disk_bytes=0 batch_count=1
[2026-07-08 16:08:14.318] [info] [gpu_pipeline_task.cpp:188] [locality-audit] prepare_after pipeline_id=1 task_id=53 preferred_device=0 actual_gpu=0 target_tier=GPU target_device=0 input_bytes=2025436 local_bytes=2025436 remote_gpu_bytes=0 host_bytes=0 disk_bytes=0 batch_count=1
[2026-07-08 16:08:14.318] [info] [task_scheduler.cpp:462] [mgpu-audit] pipeline_task dispatched to GPU 0 task_id=55
[2026-07-08 16:08:14.318] [info] [task_scheduler.cpp:464] [locality-audit] dispatch task_id=55 preferred_device=0 actual_gpu=0
[2026-07-08 16:08:14.318] [info] [gpu_pipeline_task.cpp:188] [locality-audit] prepare_before pipeline_id=1 task_id=54 preferred_device=0 actual_gpu=0 target_tier=GPU target_device=0 input_bytes=2025353 local_bytes=2025353 remote_gpu_bytes=0 host_bytes=0 disk_bytes=0 batch_count=1
[2026-07-08 16:08:14.318] [info] [gpu_pipeline_task.cpp:188] [locality-audit] prepare_after pipeline_id=1 task_id=54 preferred_device=0 actual_gpu=0 target_tier=GPU target_device=0 input_bytes=2025353 local_bytes=2025353 remote_gpu_bytes=0 host_bytes=0 disk_bytes=0 batch_count=1
[2026-07-08 16:08:14.318] [info] [gpu_pipeline_task.cpp:321] [stage-audit] pipeline_id=1 task_id=54 operator_id=17 operator_name=PARTITION stage_kind=PARTITION operator_type=82 input_type=PIPELINEABLE output_type=PIPELINEABLE actual_gpu=0 pipeline_operator_count=1 input_batches=1 input_rows=110981 input_columns=2 input_bytes=2025353 output_batches=1 output_rows=110981 output_columns=2 output_bytes=2025353 byte_ratio=1.000000 row_ratio=1.000000 duration_us=1
[2026-07-08 16:08:14.318] [info] [task_scheduler.cpp:462] [mgpu-audit] pipeline_task dispatched to GPU 0 task_id=56
[2026-07-08 16:08:14.318] [info] [task_scheduler.cpp:464] [locality-audit] dispatch task_id=56 preferred_device=0 actual_gpu=0
[2026-07-08 16:08:14.318] [info] [gpu_pipeline_task.cpp:321] [stage-audit] pipeline_id=1 task_id=53 operator_id=17 operator_name=PARTITION stage_kind=PARTITION operator_type=82 input_type=PIPELINEABLE output_type=PIPELINEABLE actual_gpu=0 pipeline_operator_count=1 input_batches=1 input_rows=110960 input_columns=2 input_bytes=2025436 output_batches=1 output_rows=110960 output_columns=2 output_bytes=2025436 byte_ratio=1.000000 row_ratio=1.000000 duration_us=6
[2026-07-08 16:08:14.318] [info] [gpu_pipeline_task.cpp:188] [locality-audit] prepare_before pipeline_id=1 task_id=55 preferred_device=0 actual_gpu=0 target_tier=GPU target_device=0 input_bytes=2027441 local_bytes=2027441 remote_gpu_bytes=0 host_bytes=0 disk_bytes=0 batch_count=1
[2026-07-08 16:08:14.318] [info] [task_scheduler.cpp:462] [mgpu-audit] pipeline_task dispatched to GPU 0 task_id=57
[2026-07-08 16:08:14.318] [info] [task_scheduler.cpp:464] [locality-audit] dispatch task_id=57 preferred_device=0 actual_gpu=0
[2026-07-08 16:08:14.318] [info] [gpu_pipeline_task.cpp:188] [locality-audit] prepare_after pipeline_id=1 task_id=55 preferred_device=0 actual_gpu=0 target_tier=GPU target_device=0 input_bytes=2027441 local_bytes=2027441 remote_gpu_bytes=0 host_bytes=0 disk_bytes=0 batch_count=1
[2026-07-08 16:08:14.318] [info] [gpu_pipeline_task.cpp:188] [locality-audit] prepare_before pipeline_id=1 task_id=56 preferred_device=0 actual_gpu=0 target_tier=GPU target_device=0 input_bytes=2027604 local_bytes=2027604 remote_gpu_bytes=0 host_bytes=0 disk_bytes=0 batch_count=1
[2026-07-08 16:08:14.318] [info] [gpu_pipeline_task.cpp:188] [locality-audit] prepare_after pipeline_id=1 task_id=56 preferred_device=0 actual_gpu=0 target_tier=GPU target_device=0 input_bytes=2027604 local_bytes=2027604 remote_gpu_bytes=0 host_bytes=0 disk_bytes=0 batch_count=1
[2026-07-08 16:08:14.318] [info] [gpu_pipeline_task.cpp:321] [stage-audit] pipeline_id=1 task_id=55 operator_id=17 operator_name=PARTITION stage_kind=PARTITION operator_type=82 input_type=PIPELINEABLE output_type=PIPELINEABLE actual_gpu=0 pipeline_operator_count=1 input_batches=1 input_rows=111067 input_columns=2 input_bytes=2027441 output_batches=1 output_rows=111067 output_columns=2 output_bytes=2027441 byte_ratio=1.000000 row_ratio=1.000000 duration_us=4
[2026-07-08 16:08:14.318] [info] [gpu_pipeline_task.cpp:188] [locality-audit] prepare_before pipeline_id=1 task_id=57 preferred_device=0 actual_gpu=0 target_tier=GPU target_device=0 input_bytes=38246 local_bytes=38246 remote_gpu_bytes=0 host_bytes=0 disk_bytes=0 batch_count=1
[2026-07-08 16:08:14.318] [info] [gpu_pipeline_task.cpp:188] [locality-audit] prepare_after pipeline_id=1 task_id=57 preferred_device=0 actual_gpu=0 target_tier=GPU target_device=0 input_bytes=38246 local_bytes=38246 remote_gpu_bytes=0 host_bytes=0 disk_bytes=0 batch_count=1
[2026-07-08 16:08:14.318] [info] [gpu_pipeline_task.cpp:321] [stage-audit] pipeline_id=1 task_id=57 operator_id=17 operator_name=PARTITION stage_kind=PARTITION operator_type=82 input_type=PIPELINEABLE output_type=PIPELINEABLE actual_gpu=0 pipeline_operator_count=1 input_batches=1 input_rows=2088 input_columns=2 input_bytes=38246 output_batches=1 output_rows=2088 output_columns=2 output_bytes=38246 byte_ratio=1.000000 row_ratio=1.000000 duration_us=1
[2026-07-08 16:08:14.318] [info] [gpu_pipeline_task.cpp:321] [stage-audit] pipeline_id=1 task_id=56 operator_id=17 operator_name=PARTITION stage_kind=PARTITION operator_type=82 input_type=PIPELINEABLE output_type=PIPELINEABLE actual_gpu=0 pipeline_operator_count=1 input_batches=1 input_rows=111084 input_columns=2 input_bytes=2027604 output_batches=1 output_rows=111084 output_columns=2 output_bytes=2027604 byte_ratio=1.000000 row_ratio=1.000000 duration_us=4
[2026-07-08 16:08:14.318] [info] [task_scheduler.cpp:462] [mgpu-audit] pipeline_task dispatched to GPU 0 task_id=58
[2026-07-08 16:08:14.318] [info] [task_scheduler.cpp:464] [locality-audit] dispatch task_id=58 preferred_device=0 actual_gpu=0
[2026-07-08 16:08:14.319] [info] [gpu_pipeline_task.cpp:188] [locality-audit] prepare_before pipeline_id=2 task_id=58 preferred_device=0 actual_gpu=0 target_tier=GPU target_device=0 input_bytes=56875087 local_bytes=56875087 remote_gpu_bytes=0 host_bytes=0 disk_bytes=0 batch_count=29
[2026-07-08 16:08:14.319] [info] [gpu_pipeline_task.cpp:188] [locality-audit] prepare_after pipeline_id=2 task_id=58 preferred_device=0 actual_gpu=0 target_tier=GPU target_device=0 input_bytes=56875087 local_bytes=56875087 remote_gpu_bytes=0 host_bytes=0 disk_bytes=0 batch_count=29
[2026-07-08 16:08:14.322] [info] [gpu_pipeline_task.cpp:321] [stage-audit] pipeline_id=2 task_id=58 operator_id=16 operator_name=CONCAT stage_kind=CONCAT operator_type=83 input_type=PARTITIONED output_type=PARTITIONED actual_gpu=0 pipeline_operator_count=1 input_batches=29 input_rows=3116283 input_columns=58 input_bytes=56875087 output_batches=1 output_rows=3116283 output_columns=2 output_bytes=56094047 byte_ratio=0.986267 row_ratio=1.000000 duration_us=3093
[2026-07-08 16:08:14.326] [info] [dynamic_filter_publisher.cpp:330] [sirius_physical_hash_join] Pushed 1 dynamic filter(s) across 1 active target(s) of 1 wired target(s) (3116283 build rows, 1 keys).
[2026-07-08 16:08:14.334] [info] [task_scheduler.cpp:462] [mgpu-audit] pipeline_task dispatched to GPU 0 task_id=59
[2026-07-08 16:08:14.334] [info] [task_scheduler.cpp:464] [locality-audit] dispatch task_id=59 preferred_device=0 actual_gpu=0
[2026-07-08 16:08:14.345] [info] [task_scheduler.cpp:462] [mgpu-audit] pipeline_task dispatched to GPU 0 task_id=60
[2026-07-08 16:08:14.345] [info] [task_scheduler.cpp:464] [locality-audit] dispatch task_id=60 preferred_device=0 actual_gpu=0
[2026-07-08 16:08:14.464] [info] [gpu_pipeline_task.cpp:321] [stage-audit] pipeline_id=3 task_id=59 operator_id=18 operator_name=GPU_SCAN stage_kind=SCAN operator_type=94 input_type=GPU_SCAN output_type=PIPELINEABLE actual_gpu=0 pipeline_operator_count=2 input_batches=0 input_rows=0 input_columns=0 input_bytes=0 output_batches=1 output_rows=42422236 output_columns=2 output_bytes=876052424 byte_ratio=0.000000 row_ratio=0.000000 duration_us=113163
[2026-07-08 16:08:14.468] [info] [gpu_pipeline_task.cpp:321] [stage-audit] pipeline_id=3 task_id=59 operator_id=19 operator_name=DYNAMIC_FILTER stage_kind=OTHER operator_type=95 input_type=PIPELINEABLE output_type=PIPELINEABLE actual_gpu=0 pipeline_operator_count=2 input_batches=1 input_rows=42422236 input_columns=2 input_bytes=876052424 output_batches=1 output_rows=866426 output_columns=2 output_bytes=17890601 byte_ratio=0.020422 row_ratio=0.020424 duration_us=3369
[2026-07-08 16:08:14.468] [info] [task_creator.cpp:363] [locality-audit] task_create operator_id=21 input_bytes=17890601 local_bytes=17890601 gpu_source_bytes=17890601 host_source_bytes=0 disk_source_bytes=0 gpu_sources=1 host_sources=0 preferred_device=0
[2026-07-08 16:08:14.468] [info] [task_scheduler.cpp:462] [mgpu-audit] pipeline_task dispatched to GPU 0 task_id=61
[2026-07-08 16:08:14.468] [info] [task_scheduler.cpp:464] [locality-audit] dispatch task_id=61 preferred_device=0 actual_gpu=0
[2026-07-08 16:08:14.468] [info] [task_scheduler.cpp:462] [mgpu-audit] pipeline_task dispatched to GPU 0 task_id=62
[2026-07-08 16:08:14.468] [info] [task_scheduler.cpp:464] [locality-audit] dispatch task_id=62 preferred_device=0 actual_gpu=0
[2026-07-08 16:08:14.670] [info] [gpu_pipeline_task.cpp:321] [stage-audit] pipeline_id=3 task_id=61 operator_id=18 operator_name=GPU_SCAN stage_kind=SCAN operator_type=94 input_type=GPU_SCAN output_type=PIPELINEABLE actual_gpu=0 pipeline_operator_count=2 input_batches=0 input_rows=0 input_columns=0 input_bytes=0 output_batches=1 output_rows=42495694 output_columns=2 output_bytes=877562334 byte_ratio=0.000000 row_ratio=0.000000 duration_us=196531
[2026-07-08 16:08:14.671] [info] [gpu_pipeline_task.cpp:321] [stage-audit] pipeline_id=3 task_id=60 operator_id=18 operator_name=GPU_SCAN stage_kind=SCAN operator_type=94 input_type=GPU_SCAN output_type=PIPELINEABLE actual_gpu=0 pipeline_operator_count=2 input_batches=0 input_rows=0 input_columns=0 input_bytes=0 output_batches=1 output_rows=42495508 output_columns=2 output_bytes=877522770 byte_ratio=0.000000 row_ratio=0.000000 duration_us=198134
[2026-07-08 16:08:14.677] [info] [gpu_pipeline_task.cpp:321] [stage-audit] pipeline_id=3 task_id=60 operator_id=19 operator_name=DYNAMIC_FILTER stage_kind=OTHER operator_type=95 input_type=PIPELINEABLE output_type=PIPELINEABLE actual_gpu=0 pipeline_operator_count=2 input_batches=1 input_rows=42495508 input_columns=2 input_bytes=877522770 output_batches=1 output_rows=867049 output_columns=2 output_bytes=17902823 byte_ratio=0.020402 row_ratio=0.020403 duration_us=5901
[2026-07-08 16:08:14.677] [info] [gpu_pipeline_task.cpp:321] [stage-audit] pipeline_id=3 task_id=61 operator_id=19 operator_name=DYNAMIC_FILTER stage_kind=OTHER operator_type=95 input_type=PIPELINEABLE output_type=PIPELINEABLE actual_gpu=0 pipeline_operator_count=2 input_batches=1 input_rows=42495694 input_columns=2 input_bytes=877562334 output_batches=1 output_rows=869235 output_columns=2 output_bytes=17949430 byte_ratio=0.020454 row_ratio=0.020455 duration_us=6542
[2026-07-08 16:08:14.677] [info] [task_creator.cpp:363] [locality-audit] task_create operator_id=21 input_bytes=17902823 local_bytes=17902823 gpu_source_bytes=17902823 host_source_bytes=0 disk_source_bytes=0 gpu_sources=1 host_sources=0 preferred_device=0
[2026-07-08 16:08:14.677] [info] [task_creator.cpp:363] [locality-audit] task_create operator_id=21 input_bytes=17949430 local_bytes=17949430 gpu_source_bytes=17949430 host_source_bytes=0 disk_source_bytes=0 gpu_sources=1 host_sources=0 preferred_device=0
[2026-07-08 16:08:14.677] [info] [task_scheduler.cpp:462] [mgpu-audit] pipeline_task dispatched to GPU 0 task_id=63
[2026-07-08 16:08:14.677] [info] [task_scheduler.cpp:464] [locality-audit] dispatch task_id=63 preferred_device=0 actual_gpu=0
[2026-07-08 16:08:14.677] [info] [gpu_pipeline_task.cpp:188] [locality-audit] prepare_before pipeline_id=4 task_id=63 preferred_device=0 actual_gpu=0 target_tier=GPU target_device=0 input_bytes=17890601 local_bytes=17890601 remote_gpu_bytes=0 host_bytes=0 disk_bytes=0 batch_count=1
[2026-07-08 16:08:14.677] [info] [gpu_pipeline_task.cpp:188] [locality-audit] prepare_after pipeline_id=4 task_id=63 preferred_device=0 actual_gpu=0 target_tier=GPU target_device=0 input_bytes=17890601 local_bytes=17890601 remote_gpu_bytes=0 host_bytes=0 disk_bytes=0 batch_count=1
[2026-07-08 16:08:14.677] [info] [gpu_pipeline_task.cpp:321] [stage-audit] pipeline_id=4 task_id=63 operator_id=21 operator_name=PARTITION stage_kind=PARTITION operator_type=82 input_type=PIPELINEABLE output_type=PIPELINEABLE actual_gpu=0 pipeline_operator_count=1 input_batches=1 input_rows=866426 input_columns=2 input_bytes=17890601 output_batches=1 output_rows=866426 output_columns=2 output_bytes=17890601 byte_ratio=1.000000 row_ratio=1.000000 duration_us=1
[2026-07-08 16:08:14.677] [info] [task_scheduler.cpp:462] [mgpu-audit] pipeline_task dispatched to GPU 0 task_id=64
[2026-07-08 16:08:14.677] [info] [task_scheduler.cpp:464] [locality-audit] dispatch task_id=64 preferred_device=0 actual_gpu=0
[2026-07-08 16:08:14.677] [info] [gpu_pipeline_task.cpp:188] [locality-audit] prepare_before pipeline_id=4 task_id=64 preferred_device=0 actual_gpu=0 target_tier=GPU target_device=0 input_bytes=17902823 local_bytes=17902823 remote_gpu_bytes=0 host_bytes=0 disk_bytes=0 batch_count=1
[2026-07-08 16:08:14.677] [info] [gpu_pipeline_task.cpp:188] [locality-audit] prepare_after pipeline_id=4 task_id=64 preferred_device=0 actual_gpu=0 target_tier=GPU target_device=0 input_bytes=17902823 local_bytes=17902823 remote_gpu_bytes=0 host_bytes=0 disk_bytes=0 batch_count=1
[2026-07-08 16:08:14.677] [info] [gpu_pipeline_task.cpp:321] [stage-audit] pipeline_id=4 task_id=64 operator_id=21 operator_name=PARTITION stage_kind=PARTITION operator_type=82 input_type=PIPELINEABLE output_type=PIPELINEABLE actual_gpu=0 pipeline_operator_count=1 input_batches=1 input_rows=867049 input_columns=2 input_bytes=17902823 output_batches=1 output_rows=867049 output_columns=2 output_bytes=17902823 byte_ratio=1.000000 row_ratio=1.000000 duration_us=1
[2026-07-08 16:08:14.677] [info] [task_scheduler.cpp:462] [mgpu-audit] pipeline_task dispatched to GPU 0 task_id=65
[2026-07-08 16:08:14.677] [info] [task_scheduler.cpp:464] [locality-audit] dispatch task_id=65 preferred_device=0 actual_gpu=0
[2026-07-08 16:08:14.677] [info] [gpu_pipeline_task.cpp:188] [locality-audit] prepare_before pipeline_id=4 task_id=65 preferred_device=0 actual_gpu=0 target_tier=GPU target_device=0 input_bytes=17949430 local_bytes=17949430 remote_gpu_bytes=0 host_bytes=0 disk_bytes=0 batch_count=1
[2026-07-08 16:08:14.678] [info] [gpu_pipeline_task.cpp:188] [locality-audit] prepare_after pipeline_id=4 task_id=65 preferred_device=0 actual_gpu=0 target_tier=GPU target_device=0 input_bytes=17949430 local_bytes=17949430 remote_gpu_bytes=0 host_bytes=0 disk_bytes=0 batch_count=1
[2026-07-08 16:08:14.678] [info] [gpu_pipeline_task.cpp:321] [stage-audit] pipeline_id=4 task_id=65 operator_id=21 operator_name=PARTITION stage_kind=PARTITION operator_type=82 input_type=PIPELINEABLE output_type=PIPELINEABLE actual_gpu=0 pipeline_operator_count=1 input_batches=1 input_rows=869235 input_columns=2 input_bytes=17949430 output_batches=1 output_rows=869235 output_columns=2 output_bytes=17949430 byte_ratio=1.000000 row_ratio=1.000000 duration_us=2
[2026-07-08 16:08:14.757] [info] [gpu_pipeline_task.cpp:321] [stage-audit] pipeline_id=3 task_id=62 operator_id=18 operator_name=GPU_SCAN stage_kind=SCAN operator_type=94 input_type=GPU_SCAN output_type=PIPELINEABLE actual_gpu=0 pipeline_operator_count=2 input_batches=0 input_rows=0 input_columns=0 input_bytes=0 output_batches=1 output_rows=22586562 output_columns=2 output_bytes=466387580 byte_ratio=0.000000 row_ratio=0.000000 duration_us=78092
[2026-07-08 16:08:14.758] [info] [gpu_pipeline_task.cpp:321] [stage-audit] pipeline_id=3 task_id=62 operator_id=19 operator_name=DYNAMIC_FILTER stage_kind=OTHER operator_type=95 input_type=PIPELINEABLE output_type=PIPELINEABLE actual_gpu=0 pipeline_operator_count=2 input_batches=1 input_rows=22586562 input_columns=2 input_bytes=466387580 output_batches=1 output_rows=460715 output_columns=2 output_bytes=9515234 byte_ratio=0.020402 row_ratio=0.020398 duration_us=1177
[2026-07-08 16:08:14.758] [info] [task_creator.cpp:363] [locality-audit] task_create operator_id=21 input_bytes=9515234 local_bytes=9515234 gpu_source_bytes=9515234 host_source_bytes=0 disk_source_bytes=0 gpu_sources=1 host_sources=0 preferred_device=0
[2026-07-08 16:08:14.758] [info] [task_scheduler.cpp:462] [mgpu-audit] pipeline_task dispatched to GPU 0 task_id=66
[2026-07-08 16:08:14.758] [info] [task_scheduler.cpp:464] [locality-audit] dispatch task_id=66 preferred_device=0 actual_gpu=0
[2026-07-08 16:08:14.758] [info] [gpu_pipeline_task.cpp:188] [locality-audit] prepare_before pipeline_id=4 task_id=66 preferred_device=0 actual_gpu=0 target_tier=GPU target_device=0 input_bytes=9515234 local_bytes=9515234 remote_gpu_bytes=0 host_bytes=0 disk_bytes=0 batch_count=1
[2026-07-08 16:08:14.758] [info] [gpu_pipeline_task.cpp:188] [locality-audit] prepare_after pipeline_id=4 task_id=66 preferred_device=0 actual_gpu=0 target_tier=GPU target_device=0 input_bytes=9515234 local_bytes=9515234 remote_gpu_bytes=0 host_bytes=0 disk_bytes=0 batch_count=1
[2026-07-08 16:08:14.758] [info] [gpu_pipeline_task.cpp:321] [stage-audit] pipeline_id=4 task_id=66 operator_id=21 operator_name=PARTITION stage_kind=PARTITION operator_type=82 input_type=PIPELINEABLE output_type=PIPELINEABLE actual_gpu=0 pipeline_operator_count=1 input_batches=1 input_rows=460715 input_columns=2 input_bytes=9515234 output_batches=1 output_rows=460715 output_columns=2 output_bytes=9515234 byte_ratio=1.000000 row_ratio=1.000000 duration_us=1
[2026-07-08 16:08:14.759] [info] [task_scheduler.cpp:462] [mgpu-audit] pipeline_task dispatched to GPU 0 task_id=67
[2026-07-08 16:08:14.759] [info] [task_scheduler.cpp:464] [locality-audit] dispatch task_id=67 preferred_device=0 actual_gpu=0
[2026-07-08 16:08:14.759] [info] [gpu_pipeline_task.cpp:188] [locality-audit] prepare_before pipeline_id=5 task_id=67 preferred_device=0 actual_gpu=0 target_tier=GPU target_device=0 input_bytes=63258088 local_bytes=63258088 remote_gpu_bytes=0 host_bytes=0 disk_bytes=0 batch_count=4
[2026-07-08 16:08:14.759] [info] [gpu_pipeline_task.cpp:188] [locality-audit] prepare_after pipeline_id=5 task_id=67 preferred_device=0 actual_gpu=0 target_tier=GPU target_device=0 input_bytes=63258088 local_bytes=63258088 remote_gpu_bytes=0 host_bytes=0 disk_bytes=0 batch_count=4
[2026-07-08 16:08:14.761] [info] [gpu_pipeline_task.cpp:321] [stage-audit] pipeline_id=5 task_id=67 operator_id=20 operator_name=CONCAT stage_kind=CONCAT operator_type=83 input_type=PARTITIONED output_type=PARTITIONED actual_gpu=0 pipeline_operator_count=1 input_batches=4 input_rows=3063425 input_columns=8 input_bytes=63258088 output_batches=1 output_rows=3063425 output_columns=2 output_bytes=62491996 byte_ratio=0.987889 row_ratio=1.000000 duration_us=2364
[2026-07-08 16:08:14.761] [info] [task_scheduler.cpp:462] [mgpu-audit] pipeline_task dispatched to GPU 0 task_id=68
[2026-07-08 16:08:14.761] [info] [task_scheduler.cpp:464] [locality-audit] dispatch task_id=68 preferred_device=0 actual_gpu=0
[2026-07-08 16:08:14.761] [info] [gpu_pipeline_task.cpp:188] [locality-audit] prepare_before pipeline_id=6 task_id=68 preferred_device=0 actual_gpu=0 target_tier=GPU target_device=0 input_bytes=118586043 local_bytes=118586043 remote_gpu_bytes=0 host_bytes=0 disk_bytes=0 batch_count=2
[2026-07-08 16:08:14.762] [info] [gpu_pipeline_task.cpp:188] [locality-audit] prepare_after pipeline_id=6 task_id=68 preferred_device=0 actual_gpu=0 target_tier=GPU target_device=0 input_bytes=118586043 local_bytes=118586043 remote_gpu_bytes=0 host_bytes=0 disk_bytes=0 batch_count=2
[2026-07-08 16:08:14.770] [info] [gpu_pipeline_task.cpp:321] [stage-audit] pipeline_id=6 task_id=68 operator_id=10 operator_name=HASH_JOIN stage_kind=JOIN operator_type=33 input_type=PARTITIONED output_type=PIPELINEABLE actual_gpu=0 pipeline_operator_count=3 input_batches=2 input_rows=6179708 input_columns=4 input_bytes=118586043 output_batches=1 output_rows=3116283 output_columns=2 output_bytes=69801429 byte_ratio=0.588614 row_ratio=0.504277 duration_us=8279
[2026-07-08 16:08:14.773] [info] [gpu_pipeline_task.cpp:321] [stage-audit] pipeline_id=6 task_id=68 operator_id=11 operator_name=PROJECTION stage_kind=PROJECTION operator_type=13 input_type=PIPELINEABLE output_type=PIPELINEABLE actual_gpu=0 pipeline_operator_count=3 input_batches=1 input_rows=3116283 input_columns=2 input_bytes=69801429 output_batches=1 output_rows=3116283 output_columns=3 output_bytes=59830978 byte_ratio=0.857160 row_ratio=1.000000 duration_us=3509
[2026-07-08 16:08:14.783] [info] [gpu_pipeline_task.cpp:321] [stage-audit] pipeline_id=6 task_id=68 operator_id=12 operator_name=HASH_GROUP_BY stage_kind=AGGREGATE operator_type=9 input_type=PIPELINEABLE output_type=PIPELINEABLE actual_gpu=0 pipeline_operator_count=3 input_batches=1 input_rows=3116283 input_columns=3 input_bytes=59830978 output_batches=1 output_rows=2 output_columns=3 output_bytes=56 byte_ratio=0.000001 row_ratio=0.000001 duration_us=9991
[2026-07-08 16:08:14.784] [info] [task_creator.cpp:363] [locality-audit] task_create operator_id=22 input_bytes=56 local_bytes=56 gpu_source_bytes=56 host_source_bytes=0 disk_source_bytes=0 gpu_sources=1 host_sources=0 preferred_device=0
[2026-07-08 16:08:14.784] [info] [task_scheduler.cpp:462] [mgpu-audit] pipeline_task dispatched to GPU 0 task_id=69
[2026-07-08 16:08:14.784] [info] [task_scheduler.cpp:464] [locality-audit] dispatch task_id=69 preferred_device=0 actual_gpu=0
[2026-07-08 16:08:14.784] [info] [gpu_pipeline_task.cpp:188] [locality-audit] prepare_before pipeline_id=7 task_id=69 preferred_device=0 actual_gpu=0 target_tier=GPU target_device=0 input_bytes=56 local_bytes=56 remote_gpu_bytes=0 host_bytes=0 disk_bytes=0 batch_count=1
[2026-07-08 16:08:14.784] [info] [gpu_pipeline_task.cpp:188] [locality-audit] prepare_after pipeline_id=7 task_id=69 preferred_device=0 actual_gpu=0 target_tier=GPU target_device=0 input_bytes=56 local_bytes=56 remote_gpu_bytes=0 host_bytes=0 disk_bytes=0 batch_count=1
[2026-07-08 16:08:14.784] [info] [gpu_pipeline_task.cpp:321] [stage-audit] pipeline_id=7 task_id=69 operator_id=22 operator_name=PARTITION stage_kind=PARTITION operator_type=82 input_type=PIPELINEABLE output_type=PIPELINEABLE actual_gpu=0 pipeline_operator_count=1 input_batches=1 input_rows=2 input_columns=3 input_bytes=56 output_batches=1 output_rows=2 output_columns=3 output_bytes=56 byte_ratio=1.000000 row_ratio=1.000000 duration_us=10
[2026-07-08 16:08:14.785] [info] [task_scheduler.cpp:462] [mgpu-audit] pipeline_task dispatched to GPU 0 task_id=70
[2026-07-08 16:08:14.785] [info] [task_scheduler.cpp:464] [locality-audit] dispatch task_id=70 preferred_device=0 actual_gpu=0
[2026-07-08 16:08:14.785] [info] [gpu_pipeline_task.cpp:188] [locality-audit] prepare_before pipeline_id=8 task_id=70 preferred_device=0 actual_gpu=0 target_tier=GPU target_device=0 input_bytes=56 local_bytes=56 remote_gpu_bytes=0 host_bytes=0 disk_bytes=0 batch_count=1
[2026-07-08 16:08:14.785] [info] [gpu_pipeline_task.cpp:188] [locality-audit] prepare_after pipeline_id=8 task_id=70 preferred_device=0 actual_gpu=0 target_tier=GPU target_device=0 input_bytes=56 local_bytes=56 remote_gpu_bytes=0 host_bytes=0 disk_bytes=0 batch_count=1
[2026-07-08 16:08:14.785] [info] [gpu_pipeline_task.cpp:321] [stage-audit] pipeline_id=8 task_id=70 operator_id=23 operator_name=MERGE_GROUP_BY stage_kind=AGGREGATE operator_type=85 input_type=PARTITIONED output_type=PIPELINEABLE actual_gpu=0 pipeline_operator_count=1 input_batches=1 input_rows=2 input_columns=3 input_bytes=56 output_batches=1 output_rows=2 output_columns=3 output_bytes=56 byte_ratio=1.000000 row_ratio=1.000000 duration_us=10
[2026-07-08 16:08:14.785] [info] [task_creator.cpp:363] [locality-audit] task_create operator_id=13 input_bytes=56 local_bytes=56 gpu_source_bytes=56 host_source_bytes=0 disk_source_bytes=0 gpu_sources=1 host_sources=0 preferred_device=0
[2026-07-08 16:08:14.785] [info] [task_scheduler.cpp:462] [mgpu-audit] pipeline_task dispatched to GPU 0 task_id=71
[2026-07-08 16:08:14.785] [info] [task_scheduler.cpp:464] [locality-audit] dispatch task_id=71 preferred_device=0 actual_gpu=0
[2026-07-08 16:08:14.785] [info] [gpu_pipeline_task.cpp:188] [locality-audit] prepare_before pipeline_id=9 task_id=71 preferred_device=0 actual_gpu=0 target_tier=GPU target_device=0 input_bytes=56 local_bytes=56 remote_gpu_bytes=0 host_bytes=0 disk_bytes=0 batch_count=1
[2026-07-08 16:08:14.786] [info] [gpu_pipeline_task.cpp:188] [locality-audit] prepare_after pipeline_id=9 task_id=71 preferred_device=0 actual_gpu=0 target_tier=GPU target_device=0 input_bytes=56 local_bytes=56 remote_gpu_bytes=0 host_bytes=0 disk_bytes=0 batch_count=1
[2026-07-08 16:08:14.789] [info] [gpu_pipeline_task.cpp:321] [stage-audit] pipeline_id=9 task_id=71 operator_id=13 operator_name=ORDER_BY stage_kind=SORT operator_type=1 input_type=PIPELINEABLE output_type=PIPELINEABLE actual_gpu=0 pipeline_operator_count=1 input_batches=1 input_rows=2 input_columns=3 input_bytes=56 output_batches=1 output_rows=2 output_columns=3 output_bytes=56 byte_ratio=1.000000 row_ratio=1.000000 duration_us=3582
[2026-07-08 16:08:14.789] [info] [task_creator.cpp:363] [locality-audit] task_create operator_id=24 input_bytes=56 local_bytes=56 gpu_source_bytes=56 host_source_bytes=0 disk_source_bytes=0 gpu_sources=1 host_sources=0 preferred_device=0
[2026-07-08 16:08:14.790] [info] [task_scheduler.cpp:462] [mgpu-audit] pipeline_task dispatched to GPU 0 task_id=72
[2026-07-08 16:08:14.790] [info] [task_scheduler.cpp:464] [locality-audit] dispatch task_id=72 preferred_device=0 actual_gpu=0
[2026-07-08 16:08:14.790] [info] [gpu_pipeline_task.cpp:188] [locality-audit] prepare_before pipeline_id=10 task_id=72 preferred_device=0 actual_gpu=0 target_tier=GPU target_device=0 input_bytes=56 local_bytes=56 remote_gpu_bytes=0 host_bytes=0 disk_bytes=0 batch_count=1
[2026-07-08 16:08:14.790] [info] [gpu_pipeline_task.cpp:188] [locality-audit] prepare_after pipeline_id=10 task_id=72 preferred_device=0 actual_gpu=0 target_tier=GPU target_device=0 input_bytes=56 local_bytes=56 remote_gpu_bytes=0 host_bytes=0 disk_bytes=0 batch_count=1
[2026-07-08 16:08:14.790] [info] [gpu_pipeline_task.cpp:321] [stage-audit] pipeline_id=10 task_id=72 operator_id=24 operator_name=SORT_SAMPLE stage_kind=SORT operator_type=89 input_type=PIPELINEABLE output_type=PIPELINEABLE actual_gpu=0 pipeline_operator_count=2 input_batches=1 input_rows=2 input_columns=3 input_bytes=56 output_batches=1 output_rows=2 output_columns=3 output_bytes=56 byte_ratio=1.000000 row_ratio=1.000000 duration_us=114
[2026-07-08 16:08:14.792] [info] [gpu_pipeline_task.cpp:321] [stage-audit] pipeline_id=10 task_id=72 operator_id=25 operator_name=SORT_PARTITION stage_kind=SORT operator_type=88 input_type=PIPELINEABLE output_type=PIPELINEABLE actual_gpu=0 pipeline_operator_count=2 input_batches=1 input_rows=2 input_columns=3 input_bytes=56 output_batches=2 output_rows=2 output_columns=6 output_bytes=60 byte_ratio=1.071429 row_ratio=1.000000 duration_us=2059
[2026-07-08 16:08:14.792] [info] [task_creator.cpp:363] [locality-audit] task_create operator_id=26 input_bytes=60 local_bytes=60 gpu_source_bytes=60 host_source_bytes=0 disk_source_bytes=0 gpu_sources=1 host_sources=0 preferred_device=0
[2026-07-08 16:08:14.792] [info] [task_scheduler.cpp:462] [mgpu-audit] pipeline_task dispatched to GPU 0 task_id=73
[2026-07-08 16:08:14.792] [info] [task_scheduler.cpp:464] [locality-audit] dispatch task_id=73 preferred_device=0 actual_gpu=0
[2026-07-08 16:08:14.792] [info] [gpu_pipeline_task.cpp:188] [locality-audit] prepare_before pipeline_id=11 task_id=73 preferred_device=0 actual_gpu=0 target_tier=GPU target_device=0 input_bytes=60 local_bytes=60 remote_gpu_bytes=0 host_bytes=0 disk_bytes=0 batch_count=2
[2026-07-08 16:08:14.792] [info] [gpu_pipeline_task.cpp:188] [locality-audit] prepare_after pipeline_id=11 task_id=73 preferred_device=0 actual_gpu=0 target_tier=GPU target_device=0 input_bytes=60 local_bytes=60 remote_gpu_bytes=0 host_bytes=0 disk_bytes=0 batch_count=2
[2026-07-08 16:08:14.799] [info] [gpu_pipeline_task.cpp:321] [stage-audit] pipeline_id=11 task_id=73 operator_id=26 operator_name=MERGE_SORT stage_kind=SORT operator_type=84 input_type=PIPELINEABLE output_type=PIPELINEABLE actual_gpu=0 pipeline_operator_count=1 input_batches=2 input_rows=2 input_columns=6 input_bytes=60 output_batches=1 output_rows=2 output_columns=3 output_bytes=56 byte_ratio=0.933333 row_ratio=1.000000 duration_us=6630
[2026-07-08 16:08:14.799] [info] [task_creator.cpp:363] [locality-audit] task_create operator_id=14 input_bytes=56 local_bytes=56 gpu_source_bytes=56 host_source_bytes=0 disk_source_bytes=0 gpu_sources=1 host_sources=0 preferred_device=0
[2026-07-08 16:08:14.799] [info] [task_scheduler.cpp:462] [mgpu-audit] pipeline_task dispatched to GPU 0 task_id=74
[2026-07-08 16:08:14.799] [info] [task_scheduler.cpp:464] [locality-audit] dispatch task_id=74 preferred_device=0 actual_gpu=0
[2026-07-08 16:08:14.799] [info] [gpu_pipeline_task.cpp:188] [locality-audit] prepare_before pipeline_id=12 task_id=74 preferred_device=0 actual_gpu=0 target_tier=GPU target_device=0 input_bytes=56 local_bytes=56 remote_gpu_bytes=0 host_bytes=0 disk_bytes=0 batch_count=1
[2026-07-08 16:08:14.799] [info] [gpu_pipeline_task.cpp:188] [locality-audit] prepare_after pipeline_id=12 task_id=74 preferred_device=0 actual_gpu=0 target_tier=GPU target_device=0 input_bytes=56 local_bytes=56 remote_gpu_bytes=0 host_bytes=0 disk_bytes=0 batch_count=1
[2026-07-08 16:08:14.800] [info] [gpu_pipeline_task.cpp:321] [stage-audit] pipeline_id=12 task_id=74 operator_id=14 operator_name=RESULT_COLLECTOR stage_kind=RESULT operator_type=76 input_type=PIPELINEABLE output_type=PIPELINEABLE actual_gpu=0 pipeline_operator_count=1 input_batches=1 input_rows=2 input_columns=3 input_bytes=56 output_batches=1 output_rows=2 output_columns=3 output_bytes=56 byte_ratio=1.000000 row_ratio=1.000000 duration_us=10
[2026-07-08 16:08:14.820] [info] [gpu_pipeline_executor.cpp:118] GPU Pipeline Executor: task queue interrupted, stopping manager loop
[2026-07-08 16:08:14.831] [info] [physical_sirius_execution.cpp:165] Transparent GPU execution: query completed
[2026-07-08 16:08:14.845] [info] [sirius_context.cpp:217] QueryEnd
[2026-07-08 16:08:14.855] [info] [:] [host_pool] HOST:0 QueryEnd allocated=72351744 bytes peak=73400320 bytes free_blocks=443
[2026-07-08 16:08:14.855] [info] [:] [gpu_pool] GPU:0 QueryEnd allocated=0 bytes peak=5878742437 bytes reserved=0 bytes
[2026-07-08 16:08:14.856] [info] [:] [host_pool] HOST:0 QueryBegin allocated=72351744 bytes peak=73400320 bytes free_blocks=443
[2026-07-08 16:08:14.856] [info] [:] [gpu_pool] GPU:0 QueryBegin allocated=0 bytes peak=5878742437 bytes reserved=0 bytes
[2026-07-08 16:08:14.856] [info] [sirius_context.cpp:201] QueryBegin: SQL: SET gpu_execution = true;
[2026-07-08 16:08:14.856] [info] [sirius_context.cpp:217] QueryEnd
[2026-07-08 16:08:14.866] [info] [:] [host_pool] HOST:0 QueryEnd allocated=72351744 bytes peak=73400320 bytes free_blocks=443
[2026-07-08 16:08:14.866] [info] [:] [gpu_pool] GPU:0 QueryEnd allocated=0 bytes peak=5878742437 bytes reserved=0 bytes
[2026-07-08 16:08:14.866] [info] [:] [host_pool] HOST:0 QueryBegin allocated=72351744 bytes peak=73400320 bytes free_blocks=443
[2026-07-08 16:08:14.866] [info] [:] [gpu_pool] GPU:0 QueryBegin allocated=0 bytes peak=5878742437 bytes reserved=0 bytes
[2026-07-08 16:08:14.866] [info] [sirius_context.cpp:201] QueryBegin: SQL: select l.l_shipmode, sum(case when o.o_orderpriority = '1-URGENT' or o.o_orderpriority = '2-HIGH' then 1 else 0 end) as high_line_count, sum(case when o.o_orderpriority <> '1-URGENT' and o.o_orderpriority <> '2-HIGH' then 1 else 0 end) as low_line_count from orders o, lineitem l where o.o_orderkey = l.l_orderkey and l.l_shipmode in ('TRUCK', 'REG AIR') and l.l_commitdate < l.l_receiptdate and l.l_shipdate < l.l_commitdate and l.l_receiptdate >= date '1994-01-01' and l.l_receiptdate < date '1995-01-01' group by l.l_shipmode order by l.l_shipmode
[2026-07-08 16:08:15.106] [info] [sirius_plan_get.cpp:267] [sirius_plan_get] LogicalGet has dynamic_filters attached (channel key=0x573046fdb260).
[2026-07-08 16:08:15.106] [info] [sirius_plan_comparison_join.cpp:601] [sirius_plan_comparison_join] Wired hash join with 1 dynamic-filter probe target(s) (build est 600037902 rows).
[2026-07-08 16:08:15.118] [info] [sirius_context.cpp:865] Transparent execution: Sirius physical plan generated successfully
[2026-07-08 16:08:15.131] [info] [sirius_context.cpp:877] Transparent execution: physical plan replaced with GPU operator
[2026-07-08 16:08:15.131] [info] [physical_sirius_execution.cpp:97] Transparent GPU execution: executing query
[2026-07-08 16:08:15.184] [info] [sirius_plan_get.cpp:267] [sirius_plan_get] LogicalGet has dynamic_filters attached (channel key=0x573046fdb260).
[2026-07-08 16:08:15.184] [info] [sirius_plan_comparison_join.cpp:601] [sirius_plan_comparison_join] Wired hash join with 1 dynamic-filter probe target(s) (build est 600037902 rows).
[2026-07-08 16:08:15.185] [info] [sirius_engine.cpp:375] Query Plan:
=== Pipeline Overview ===
Pipeline #0: GPU_SCAN (id=15) -> FILTER (id=9)
  Output: -> PARTITION [port: default, barrier: FULL]
Pipeline #1: PARTITION (id=17)
  Input: <- Pipeline #0 [on: PARTITION (id=17), port: default, barrier: FULL]
  Dependencies: Pipeline #0
  Output: -> CONCAT [port: default, barrier: PARTIAL]
Pipeline #2: CONCAT (id=16)
  Input: <- Pipeline #1 [on: CONCAT (id=16), port: default, barrier: PARTIAL]
  Dependencies: Pipeline #1
  Output: -> HASH_JOIN [port: build, barrier: FULL]
Pipeline #3: GPU_SCAN (id=18) -> DYNAMIC_FILTER (id=19)
  Output: -> PARTITION [port: default, barrier: PARTIAL]
Pipeline #4: PARTITION (id=21)
  Input: <- Pipeline #3 [on: PARTITION (id=21), port: default, barrier: PARTIAL]
  Dependencies: Pipeline #3
  Output: -> CONCAT [port: default, barrier: PARTIAL]
Pipeline #5: CONCAT (id=20)
  Input: <- Pipeline #4 [on: CONCAT (id=20), port: default, barrier: PARTIAL]
  Dependencies: Pipeline #4
  Output: -> HASH_JOIN [port: default, barrier: FULL]
Pipeline #6: HASH_JOIN (id=10) -> PROJECTION (id=11) -> HASH_GROUP_BY (id=12)
  Input: <- Pipeline #5 [on: HASH_JOIN (id=10), port: default, barrier: FULL]
  Input: <- Pipeline #2 [on: HASH_JOIN (id=10), port: build, barrier: FULL]
  Dependencies: Pipeline #2, Pipeline #5
  Output: -> PARTITION [port: default, barrier: FULL]
Pipeline #7: PARTITION (id=22)
  Input: <- Pipeline #6 [on: PARTITION (id=22), port: default, barrier: FULL]
  Dependencies: Pipeline #6
  Output: -> MERGE_GROUP_BY [port: default, barrier: FULL]
Pipeline #8: MERGE_GROUP_BY (id=23)
  Input: <- Pipeline #7 [on: MERGE_GROUP_BY (id=23), port: default, barrier: FULL]
  Dependencies: Pipeline #7
  Output: -> ORDER_BY [port: default, barrier: FULL]
Pipeline #9: ORDER_BY (id=13)
  Input: <- Pipeline #8 [on: ORDER_BY (id=13), port: default, barrier: FULL]
  Dependencies: Pipeline #8
  Output: -> SORT_SAMPLE [port: default, barrier: PIPELINE]
Pipeline #10: SORT_SAMPLE (id=24) -> SORT_PARTITION (id=25)
  Input: <- Pipeline #9 [on: SORT_SAMPLE (id=24), port: default, barrier: PIPELINE]
  Dependencies: Pipeline #9
  Output: -> MERGE_SORT [port: default, barrier: FULL]
Pipeline #11: MERGE_SORT (id=26)
  Input: <- Pipeline #10 [on: MERGE_SORT (id=26), port: default, barrier: FULL]
  Dependencies: Pipeline #10
  Output: -> RESULT_COLLECTOR [port: default, barrier: FULL]
Pipeline #12: RESULT_COLLECTOR (id=14)
  Input: <- Pipeline #11 [on: RESULT_COLLECTOR (id=14), port: default, barrier: FULL]
  Dependencies: Pipeline #11

=== Query Plan DAG ===
┌──────────────────────────┐                            
│ Pipeline #12             │                            
│ RESULT_COLLECTOR (id=14) │                            
│ Input(#11): FULL         │                            
└────────────┬─────────────┘                            
             │                                          
┌──────────────────────────┐                            
│ Pipeline #11             │                            
│ MERGE_SORT (id=26)       │                            
│ Input(#10): FULL         │                            
└────────────┬─────────────┘                            
             │                                          
┌──────────────────────────┐                            
│ Pipeline #10             │                            
│ SORT_PARTITION (id=25)   │                            
│ SORT_SAMPLE (id=24)      │                            
│ Input(#9): PIPELINE      │                            
└────────────┬─────────────┘                            
             │                                          
┌──────────────────────────┐                            
│ Pipeline #9              │                            
│ ORDER_BY (id=13)         │                            
│ Input(#8): FULL          │                            
└────────────┬─────────────┘                            
             │                                          
┌──────────────────────────┐                            
│ Pipeline #8              │                            
│ MERGE_GROUP_BY (id=23)   │                            
│ Input(#7): FULL          │                            
└────────────┬─────────────┘                            
             │                                          
┌──────────────────────────┐                            
│ Pipeline #7              │                            
│ PARTITION (id=22)        │                            
│ Input(#6): FULL          │                            
└────────────┬─────────────┘                            
             │                                          
┌──────────────────────────┐                            
│ Pipeline #6              │                            
│ HASH_GROUP_BY (id=12)    │                            
│ PROJECTION (id=11)       │                            
│ HASH_JOIN (id=10)        │                            
│   type: INNER            │                            
│ Input(#5): FULL          │                            
│ Input(#2): FULL          │                            
└────────────┬─────────────┘                            
             ┌───────────────────────────┐              
             │                           │              
┌──────────────────────────┐┌──────────────────────────┐
│ Pipeline #2              ││ Pipeline #5              │
│ CONCAT (id=16)           ││ CONCAT (id=20)           │
│ Input(#1): PARTIAL       ││ Input(#4): PARTIAL       │
└────────────┬─────────────┘└────────────┬─────────────┘
             │                           │              
┌──────────────────────────┐┌──────────────────────────┐
│ Pipeline #1              ││ Pipeline #4              │
│ PARTITION (id=17)        ││ PARTITION (id=21)        │
│ Input(#0): FULL          ││ Input(#3): PARTIAL       │
└────────────┬─────────────┘└────────────┬─────────────┘
             │                           │              
┌──────────────────────────┐┌──────────────────────────┐
│ Pipeline #0              ││ Pipeline #3              │
│ FILTER (id=9)            ││ DYNAMIC_FILTER (id=19)   │
│ GPU_SCAN (id=15)         ││ GPU_SCAN (id=18)         │
└──────────────────────────┘└──────────────────────────┘

[2026-07-08 16:08:15.232] [info] [parquet_gpu_ingestible.cpp:232] [coalesce-debug] parquet_batch_coalescer emit #1: 1 slice(s), acc_bytes=535436089, cap=536870912
[2026-07-08 16:08:15.232] [info] [parquet_gpu_ingestible.cpp:232] [coalesce-debug] parquet_batch_coalescer emit #2: 1 slice(s), acc_bytes=534003400, cap=536870912
[2026-07-08 16:08:15.232] [info] [parquet_gpu_ingestible.cpp:232] [coalesce-debug] parquet_batch_coalescer emit #3: 1 slice(s), acc_bytes=534010221, cap=536870912
[2026-07-08 16:08:15.232] [info] [parquet_gpu_ingestible.cpp:232] [coalesce-debug] parquet_batch_coalescer emit #4: 1 slice(s), acc_bytes=534012907, cap=536870912
[2026-07-08 16:08:15.232] [info] [parquet_gpu_ingestible.cpp:232] [coalesce-debug] parquet_batch_coalescer emit #5: 1 slice(s), acc_bytes=535548935, cap=536870912
[2026-07-08 16:08:15.232] [info] [parquet_gpu_ingestible.cpp:232] [coalesce-debug] parquet_batch_coalescer emit #6: 1 slice(s), acc_bytes=535704849, cap=536870912
[2026-07-08 16:08:15.232] [info] [parquet_gpu_ingestible.cpp:232] [coalesce-debug] parquet_batch_coalescer emit #7: 1 slice(s), acc_bytes=535702297, cap=536870912
[2026-07-08 16:08:15.232] [info] [parquet_gpu_ingestible.cpp:232] [coalesce-debug] parquet_batch_coalescer emit #8: 1 slice(s), acc_bytes=535704936, cap=536870912
[2026-07-08 16:08:15.232] [info] [parquet_gpu_ingestible.cpp:232] [coalesce-debug] parquet_batch_coalescer emit #9: 1 slice(s), acc_bytes=535700947, cap=536870912
[2026-07-08 16:08:15.232] [info] [parquet_gpu_ingestible.cpp:232] [coalesce-debug] parquet_batch_coalescer emit #10: 1 slice(s), acc_bytes=535695564, cap=536870912
[2026-07-08 16:08:15.232] [info] [parquet_gpu_ingestible.cpp:232] [coalesce-debug] parquet_batch_coalescer emit #11: 1 slice(s), acc_bytes=535692301, cap=536870912
[2026-07-08 16:08:15.232] [info] [parquet_gpu_ingestible.cpp:232] [coalesce-debug] parquet_batch_coalescer emit #12: 1 slice(s), acc_bytes=535707119, cap=536870912
[2026-07-08 16:08:15.232] [info] [parquet_gpu_ingestible.cpp:232] [coalesce-debug] parquet_batch_coalescer emit #13: 1 slice(s), acc_bytes=535689980, cap=536870912
[2026-07-08 16:08:15.232] [info] [parquet_gpu_ingestible.cpp:232] [coalesce-debug] parquet_batch_coalescer emit #14: 1 slice(s), acc_bytes=535718432, cap=536870912
[2026-07-08 16:08:15.232] [info] [parquet_gpu_ingestible.cpp:232] [coalesce-debug] parquet_batch_coalescer emit #15: 1 slice(s), acc_bytes=535730034, cap=536870912
[2026-07-08 16:08:15.232] [info] [parquet_gpu_ingestible.cpp:232] [coalesce-debug] parquet_batch_coalescer emit #16: 1 slice(s), acc_bytes=535714170, cap=536870912
[2026-07-08 16:08:15.232] [info] [parquet_gpu_ingestible.cpp:232] [coalesce-debug] parquet_batch_coalescer emit #17: 1 slice(s), acc_bytes=535700862, cap=536870912
[2026-07-08 16:08:15.232] [info] [parquet_gpu_ingestible.cpp:232] [coalesce-debug] parquet_batch_coalescer emit #18: 1 slice(s), acc_bytes=535696305, cap=536870912
[2026-07-08 16:08:15.232] [info] [parquet_gpu_ingestible.cpp:232] [coalesce-debug] parquet_batch_coalescer emit #19: 1 slice(s), acc_bytes=535696174, cap=536870912
[2026-07-08 16:08:15.232] [info] [parquet_gpu_ingestible.cpp:232] [coalesce-debug] parquet_batch_coalescer emit #20: 1 slice(s), acc_bytes=535700220, cap=536870912
[2026-07-08 16:08:15.232] [info] [parquet_gpu_ingestible.cpp:232] [coalesce-debug] parquet_batch_coalescer emit #21: 1 slice(s), acc_bytes=535713245, cap=536870912
[2026-07-08 16:08:15.232] [info] [parquet_gpu_ingestible.cpp:232] [coalesce-debug] parquet_batch_coalescer emit #22: 1 slice(s), acc_bytes=535708324, cap=536870912
[2026-07-08 16:08:15.232] [info] [parquet_gpu_ingestible.cpp:232] [coalesce-debug] parquet_batch_coalescer emit #23: 1 slice(s), acc_bytes=535700366, cap=536870912
[2026-07-08 16:08:15.232] [info] [parquet_gpu_ingestible.cpp:232] [coalesce-debug] parquet_batch_coalescer emit #24: 1 slice(s), acc_bytes=535705941, cap=536870912
[2026-07-08 16:08:15.232] [info] [parquet_gpu_ingestible.cpp:232] [coalesce-debug] parquet_batch_coalescer emit #25: 1 slice(s), acc_bytes=535709161, cap=536870912
[2026-07-08 16:08:15.232] [info] [parquet_gpu_ingestible.cpp:232] [coalesce-debug] parquet_batch_coalescer emit #26: 1 slice(s), acc_bytes=535693261, cap=536870912
[2026-07-08 16:08:15.232] [info] [parquet_gpu_ingestible.cpp:232] [coalesce-debug] parquet_batch_coalescer emit #27: 1 slice(s), acc_bytes=535702199, cap=536870912
[2026-07-08 16:08:15.232] [info] [parquet_gpu_ingestible.cpp:232] [coalesce-debug] parquet_batch_coalescer emit #28: 1 slice(s), acc_bytes=535108465, cap=536870912
[2026-07-08 16:08:15.233] [info] [load_balancing_scan_batch_coalescer.cpp:96] [coalesce-debug] load_balancer emit pipeline=0 -> preferred GPU 0
[2026-07-08 16:08:15.330] [info] [load_balancing_scan_batch_coalescer.cpp:96] [coalesce-debug] load_balancer emit pipeline=0 -> preferred GPU 0
[2026-07-08 16:08:15.398] [info] [task_scheduler.cpp:462] [mgpu-audit] pipeline_task dispatched to GPU 0 task_id=75
[2026-07-08 16:08:15.398] [info] [task_scheduler.cpp:464] [locality-audit] dispatch task_id=75 preferred_device=0 actual_gpu=0
[2026-07-08 16:08:15.479] [info] [load_balancing_scan_batch_coalescer.cpp:96] [coalesce-debug] load_balancer emit pipeline=0 -> preferred GPU 0
[2026-07-08 16:08:15.494] [info] [task_scheduler.cpp:462] [mgpu-audit] pipeline_task dispatched to GPU 0 task_id=76
[2026-07-08 16:08:15.494] [info] [task_scheduler.cpp:464] [locality-audit] dispatch task_id=76 preferred_device=0 actual_gpu=0
[2026-07-08 16:08:15.632] [info] [load_balancing_scan_batch_coalescer.cpp:96] [coalesce-debug] load_balancer emit pipeline=0 -> preferred GPU 0
[2026-07-08 16:08:15.644] [info] [gpu_pipeline_task.cpp:321] [stage-audit] pipeline_id=0 task_id=75 operator_id=15 operator_name=GPU_SCAN stage_kind=SCAN operator_type=94 input_type=GPU_SCAN output_type=PIPELINEABLE actual_gpu=0 pipeline_operator_count=2 input_batches=0 input_rows=0 input_columns=0 input_bytes=0 output_batches=1 output_rows=3165348 output_columns=5 output_bytes=91512059 byte_ratio=0.000000 row_ratio=0.000000 duration_us=203017
[2026-07-08 16:08:15.645] [info] [gpu_pipeline_task.cpp:321] [stage-audit] pipeline_id=0 task_id=75 operator_id=9 operator_name=FILTER stage_kind=FILTER operator_type=12 input_type=PIPELINEABLE output_type=PIPELINEABLE actual_gpu=0 pipeline_operator_count=2 input_batches=1 input_rows=3165348 input_columns=5 input_bytes=91512059 output_batches=1 output_rows=111373 output_columns=2 output_bytes=2032335 byte_ratio=0.022208 row_ratio=0.035185 duration_us=1075
[2026-07-08 16:08:15.675] [info] [task_scheduler.cpp:462] [mgpu-audit] pipeline_task dispatched to GPU 0 task_id=77
[2026-07-08 16:08:15.675] [info] [task_scheduler.cpp:464] [locality-audit] dispatch task_id=77 preferred_device=0 actual_gpu=0
[2026-07-08 16:08:15.813] [info] [load_balancing_scan_batch_coalescer.cpp:96] [coalesce-debug] load_balancer emit pipeline=0 -> preferred GPU 0
[2026-07-08 16:08:15.828] [info] [task_scheduler.cpp:462] [mgpu-audit] pipeline_task dispatched to GPU 0 task_id=78
[2026-07-08 16:08:15.828] [info] [task_scheduler.cpp:464] [locality-audit] dispatch task_id=78 preferred_device=0 actual_gpu=0
[2026-07-08 16:08:15.961] [info] [gpu_pipeline_task.cpp:321] [stage-audit] pipeline_id=0 task_id=77 operator_id=15 operator_name=GPU_SCAN stage_kind=SCAN operator_type=94 input_type=GPU_SCAN output_type=PIPELINEABLE actual_gpu=0 pipeline_operator_count=2 input_batches=0 input_rows=0 input_columns=0 input_bytes=0 output_batches=1 output_rows=3151920 output_columns=5 output_bytes=91123134 byte_ratio=0.000000 row_ratio=0.000000 duration_us=251525
[2026-07-08 16:08:15.963] [info] [gpu_pipeline_task.cpp:321] [stage-audit] pipeline_id=0 task_id=76 operator_id=15 operator_name=GPU_SCAN stage_kind=SCAN operator_type=94 input_type=GPU_SCAN output_type=PIPELINEABLE actual_gpu=0 pipeline_operator_count=2 input_batches=0 input_rows=0 input_columns=0 input_bytes=0 output_batches=1 output_rows=3151262 output_columns=5 output_bytes=91105742 byte_ratio=0.000000 row_ratio=0.000000 duration_us=277465
[2026-07-08 16:08:15.963] [info] [gpu_pipeline_task.cpp:321] [stage-audit] pipeline_id=0 task_id=77 operator_id=9 operator_name=FILTER stage_kind=FILTER operator_type=12 input_type=PIPELINEABLE output_type=PIPELINEABLE actual_gpu=0 pipeline_operator_count=2 input_batches=1 input_rows=3151920 input_columns=5 input_bytes=91123134 output_batches=1 output_rows=109599 output_columns=2 output_bytes=2000609 byte_ratio=0.021955 row_ratio=0.034772 duration_us=2519
[2026-07-08 16:08:15.963] [info] [gpu_pipeline_task.cpp:321] [stage-audit] pipeline_id=0 task_id=76 operator_id=9 operator_name=FILTER stage_kind=FILTER operator_type=12 input_type=PIPELINEABLE output_type=PIPELINEABLE actual_gpu=0 pipeline_operator_count=2 input_batches=1 input_rows=3151262 input_columns=5 input_bytes=91105742 output_batches=1 output_rows=111660 output_columns=2 output_bytes=2037886 byte_ratio=0.022368 row_ratio=0.035433 duration_us=859
[2026-07-08 16:08:15.996] [info] [load_balancing_scan_batch_coalescer.cpp:96] [coalesce-debug] load_balancer emit pipeline=0 -> preferred GPU 0
[2026-07-08 16:08:16.011] [info] [task_scheduler.cpp:462] [mgpu-audit] pipeline_task dispatched to GPU 0 task_id=79
[2026-07-08 16:08:16.011] [info] [task_scheduler.cpp:464] [locality-audit] dispatch task_id=79 preferred_device=0 actual_gpu=0
[2026-07-08 16:08:16.172] [info] [load_balancing_scan_batch_coalescer.cpp:96] [coalesce-debug] load_balancer emit pipeline=0 -> preferred GPU 0
[2026-07-08 16:08:16.196] [info] [gpu_pipeline_task.cpp:321] [stage-audit] pipeline_id=0 task_id=78 operator_id=15 operator_name=GPU_SCAN stage_kind=SCAN operator_type=94 input_type=GPU_SCAN output_type=PIPELINEABLE actual_gpu=0 pipeline_operator_count=2 input_batches=0 input_rows=0 input_columns=0 input_bytes=0 output_batches=1 output_rows=3151828 output_columns=5 output_bytes=91119929 byte_ratio=0.000000 row_ratio=0.000000 duration_us=198686
[2026-07-08 16:08:16.197] [info] [gpu_pipeline_task.cpp:321] [stage-audit] pipeline_id=0 task_id=78 operator_id=9 operator_name=FILTER stage_kind=FILTER operator_type=12 input_type=PIPELINEABLE output_type=PIPELINEABLE actual_gpu=0 pipeline_operator_count=2 input_batches=1 input_rows=3151828 input_columns=5 input_bytes=91119929 output_batches=1 output_rows=111061 output_columns=2 output_bytes=2026779 byte_ratio=0.022243 row_ratio=0.035237 duration_us=692
[2026-07-08 16:08:16.346] [info] [load_balancing_scan_batch_coalescer.cpp:96] [coalesce-debug] load_balancer emit pipeline=0 -> preferred GPU 0
[2026-07-08 16:08:16.515] [info] [load_balancing_scan_batch_coalescer.cpp:96] [coalesce-debug] load_balancer emit pipeline=0 -> preferred GPU 0
[2026-07-08 16:08:16.681] [info] [load_balancing_scan_batch_coalescer.cpp:96] [coalesce-debug] load_balancer emit pipeline=0 -> preferred GPU 0
[2026-07-08 16:08:16.864] [info] [load_balancing_scan_batch_coalescer.cpp:96] [coalesce-debug] load_balancer emit pipeline=0 -> preferred GPU 0
[2026-07-08 16:08:17.036] [info] [load_balancing_scan_batch_coalescer.cpp:96] [coalesce-debug] load_balancer emit pipeline=0 -> preferred GPU 0
[2026-07-08 16:08:17.210] [info] [load_balancing_scan_batch_coalescer.cpp:96] [coalesce-debug] load_balancer emit pipeline=0 -> preferred GPU 0
[2026-07-08 16:08:17.383] [info] [load_balancing_scan_batch_coalescer.cpp:96] [coalesce-debug] load_balancer emit pipeline=0 -> preferred GPU 0
[2026-07-08 16:08:17.553] [info] [load_balancing_scan_batch_coalescer.cpp:96] [coalesce-debug] load_balancer emit pipeline=0 -> preferred GPU 0
[2026-07-08 16:08:17.722] [info] [load_balancing_scan_batch_coalescer.cpp:96] [coalesce-debug] load_balancer emit pipeline=0 -> preferred GPU 0
[2026-07-08 16:08:17.937] [info] [load_balancing_scan_batch_coalescer.cpp:96] [coalesce-debug] load_balancer emit pipeline=0 -> preferred GPU 0
[2026-07-08 16:08:18.193] [info] [load_balancing_scan_batch_coalescer.cpp:96] [coalesce-debug] load_balancer emit pipeline=0 -> preferred GPU 0
[2026-07-08 16:08:18.482] [info] [load_balancing_scan_batch_coalescer.cpp:96] [coalesce-debug] load_balancer emit pipeline=0 -> preferred GPU 0
[2026-07-08 16:08:18.744] [info] [load_balancing_scan_batch_coalescer.cpp:96] [coalesce-debug] load_balancer emit pipeline=0 -> preferred GPU 0
[2026-07-08 16:08:18.927] [info] [load_balancing_scan_batch_coalescer.cpp:96] [coalesce-debug] load_balancer emit pipeline=0 -> preferred GPU 0
[2026-07-08 16:08:19.100] [info] [load_balancing_scan_batch_coalescer.cpp:96] [coalesce-debug] load_balancer emit pipeline=0 -> preferred GPU 0
[2026-07-08 16:08:19.274] [info] [load_balancing_scan_batch_coalescer.cpp:96] [coalesce-debug] load_balancer emit pipeline=0 -> preferred GPU 0
[2026-07-08 16:08:19.443] [info] [load_balancing_scan_batch_coalescer.cpp:96] [coalesce-debug] load_balancer emit pipeline=0 -> preferred GPU 0
[2026-07-08 16:08:19.617] [info] [load_balancing_scan_batch_coalescer.cpp:96] [coalesce-debug] load_balancer emit pipeline=0 -> preferred GPU 0
[2026-07-08 16:08:19.788] [info] [load_balancing_scan_batch_coalescer.cpp:96] [coalesce-debug] load_balancer emit pipeline=0 -> preferred GPU 0
[2026-07-08 16:08:19.965] [info] [load_balancing_scan_batch_coalescer.cpp:96] [coalesce-debug] load_balancer emit pipeline=0 -> preferred GPU 0
[2026-07-08 16:08:20.139] [info] [load_balancing_scan_batch_coalescer.cpp:96] [coalesce-debug] load_balancer emit pipeline=0 -> preferred GPU 0
[2026-07-08 16:08:20.306] [info] [parquet_gpu_ingestible.cpp:232] [coalesce-debug] parquet_batch_coalescer emit #29: 1 slice(s), acc_bytes=10397433, cap=536870912
[2026-07-08 16:08:20.306] [info] [load_balancing_scan_batch_coalescer.cpp:96] [coalesce-debug] load_balancer emit pipeline=0 -> preferred GPU 0
[2026-07-08 16:08:20.478] [info] [parquet_gpu_ingestible.cpp:232] [coalesce-debug] parquet_batch_coalescer emit #1: 1 slice(s), acc_bytes=535792172, cap=536870912
[2026-07-08 16:08:20.478] [info] [parquet_gpu_ingestible.cpp:232] [coalesce-debug] parquet_batch_coalescer emit #2: 1 slice(s), acc_bytes=536716992, cap=536870912
[2026-07-08 16:08:20.478] [info] [parquet_gpu_ingestible.cpp:232] [coalesce-debug] parquet_batch_coalescer emit #3: 1 slice(s), acc_bytes=536718830, cap=536870912
[2026-07-08 16:08:20.478] [info] [load_balancing_scan_batch_coalescer.cpp:96] [coalesce-debug] load_balancer emit pipeline=3 -> preferred GPU 0
[2026-07-08 16:08:20.491] [info] [task_scheduler.cpp:462] [mgpu-audit] pipeline_task dispatched to GPU 0 task_id=80
[2026-07-08 16:08:20.491] [info] [task_scheduler.cpp:464] [locality-audit] dispatch task_id=80 preferred_device=0 actual_gpu=0
[2026-07-08 16:08:20.491] [info] [task_scheduler.cpp:462] [mgpu-audit] pipeline_task dispatched to GPU 0 task_id=81
[2026-07-08 16:08:20.491] [info] [task_scheduler.cpp:464] [locality-audit] dispatch task_id=81 preferred_device=0 actual_gpu=0
[2026-07-08 16:08:20.491] [info] [task_scheduler.cpp:462] [mgpu-audit] pipeline_task dispatched to GPU 0 task_id=82
[2026-07-08 16:08:20.491] [info] [task_scheduler.cpp:464] [locality-audit] dispatch task_id=82 preferred_device=0 actual_gpu=0
[2026-07-08 16:08:20.492] [info] [task_scheduler.cpp:462] [mgpu-audit] pipeline_task dispatched to GPU 0 task_id=83
[2026-07-08 16:08:20.492] [info] [task_scheduler.cpp:464] [locality-audit] dispatch task_id=83 preferred_device=0 actual_gpu=0
[2026-07-08 16:08:20.527] [info] [load_balancing_scan_batch_coalescer.cpp:96] [coalesce-debug] load_balancer emit pipeline=3 -> preferred GPU 0
[2026-07-08 16:08:20.588] [info] [load_balancing_scan_batch_coalescer.cpp:96] [coalesce-debug] load_balancer emit pipeline=3 -> preferred GPU 0
[2026-07-08 16:08:20.643] [info] [parquet_gpu_ingestible.cpp:232] [coalesce-debug] parquet_batch_coalescer emit #4: 1 slice(s), acc_bytes=285267347, cap=536870912
[2026-07-08 16:08:20.643] [info] [load_balancing_scan_batch_coalescer.cpp:96] [coalesce-debug] load_balancer emit pipeline=3 -> preferred GPU 0
[2026-07-08 16:08:20.843] [info] [gpu_pipeline_task.cpp:321] [stage-audit] pipeline_id=0 task_id=80 operator_id=15 operator_name=GPU_SCAN stage_kind=SCAN operator_type=94 input_type=GPU_SCAN output_type=PIPELINEABLE actual_gpu=0 pipeline_operator_count=2 input_batches=0 input_rows=0 input_columns=0 input_bytes=0 output_batches=1 output_rows=3162082 output_columns=5 output_bytes=91418579 byte_ratio=0.000000 row_ratio=0.000000 duration_us=336451
[2026-07-08 16:08:20.844] [info] [gpu_pipeline_task.cpp:321] [stage-audit] pipeline_id=0 task_id=80 operator_id=9 operator_name=FILTER stage_kind=FILTER operator_type=12 input_type=PIPELINEABLE output_type=PIPELINEABLE actual_gpu=0 pipeline_operator_count=2 input_batches=1 input_rows=3162082 input_columns=5 input_bytes=91418579 output_batches=1 output_rows=110630 output_columns=2 output_bytes=2019344 byte_ratio=0.022089 row_ratio=0.034986 duration_us=673
[2026-07-08 16:08:20.844] [info] [task_scheduler.cpp:462] [mgpu-audit] pipeline_task dispatched to GPU 0 task_id=84
[2026-07-08 16:08:20.844] [info] [task_scheduler.cpp:464] [locality-audit] dispatch task_id=84 preferred_device=0 actual_gpu=0
[2026-07-08 16:08:20.894] [info] [gpu_pipeline_task.cpp:321] [stage-audit] pipeline_id=0 task_id=82 operator_id=15 operator_name=GPU_SCAN stage_kind=SCAN operator_type=94 input_type=GPU_SCAN output_type=PIPELINEABLE actual_gpu=0 pipeline_operator_count=2 input_batches=0 input_rows=0 input_columns=0 input_bytes=0 output_batches=1 output_rows=3162750 output_columns=5 output_bytes=91441186 byte_ratio=0.000000 row_ratio=0.000000 duration_us=387633
[2026-07-08 16:08:20.895] [info] [gpu_pipeline_task.cpp:321] [stage-audit] pipeline_id=0 task_id=81 operator_id=15 operator_name=GPU_SCAN stage_kind=SCAN operator_type=94 input_type=GPU_SCAN output_type=PIPELINEABLE actual_gpu=0 pipeline_operator_count=2 input_batches=0 input_rows=0 input_columns=0 input_bytes=0 output_batches=1 output_rows=3168166 output_columns=5 output_bytes=91592668 byte_ratio=0.000000 row_ratio=0.000000 duration_us=387899
[2026-07-08 16:08:20.898] [info] [gpu_pipeline_task.cpp:321] [stage-audit] pipeline_id=0 task_id=82 operator_id=9 operator_name=FILTER stage_kind=FILTER operator_type=12 input_type=PIPELINEABLE output_type=PIPELINEABLE actual_gpu=0 pipeline_operator_count=2 input_batches=1 input_rows=3162750 input_columns=5 input_bytes=91441186 output_batches=1 output_rows=111531 output_columns=2 output_bytes=2035931 byte_ratio=0.022265 row_ratio=0.035264 duration_us=3727
[2026-07-08 16:08:20.898] [info] [task_scheduler.cpp:462] [mgpu-audit] pipeline_task dispatched to GPU 0 task_id=85
[2026-07-08 16:08:20.898] [info] [task_scheduler.cpp:464] [locality-audit] dispatch task_id=85 preferred_device=0 actual_gpu=0
[2026-07-08 16:08:20.919] [info] [gpu_pipeline_task.cpp:321] [stage-audit] pipeline_id=0 task_id=79 operator_id=15 operator_name=GPU_SCAN stage_kind=SCAN operator_type=94 input_type=GPU_SCAN output_type=PIPELINEABLE actual_gpu=0 pipeline_operator_count=2 input_batches=0 input_rows=0 input_columns=0 input_bytes=0 output_batches=1 output_rows=3162275 output_columns=5 output_bytes=91422644 byte_ratio=0.000000 row_ratio=0.000000 duration_us=411804
[2026-07-08 16:08:20.931] [info] [gpu_pipeline_task.cpp:321] [stage-audit] pipeline_id=0 task_id=81 operator_id=9 operator_name=FILTER stage_kind=FILTER operator_type=12 input_type=PIPELINEABLE output_type=PIPELINEABLE actual_gpu=0 pipeline_operator_count=2 input_batches=1 input_rows=3168166 input_columns=5 input_bytes=91592668 output_batches=1 output_rows=111346 output_columns=2 output_bytes=2032834 byte_ratio=0.022194 row_ratio=0.035145 duration_us=36519
[2026-07-08 16:08:20.931] [info] [task_scheduler.cpp:462] [mgpu-audit] pipeline_task dispatched to GPU 0 task_id=86
[2026-07-08 16:08:20.931] [info] [task_scheduler.cpp:464] [locality-audit] dispatch task_id=86 preferred_device=0 actual_gpu=0
[2026-07-08 16:08:20.932] [info] [gpu_pipeline_task.cpp:321] [stage-audit] pipeline_id=0 task_id=79 operator_id=9 operator_name=FILTER stage_kind=FILTER operator_type=12 input_type=PIPELINEABLE output_type=PIPELINEABLE actual_gpu=0 pipeline_operator_count=2 input_batches=1 input_rows=3162275 input_columns=5 input_bytes=91422644 output_batches=1 output_rows=111653 output_columns=2 output_bytes=2037725 byte_ratio=0.022289 row_ratio=0.035308 duration_us=12610
[2026-07-08 16:08:20.932] [info] [task_scheduler.cpp:462] [mgpu-audit] pipeline_task dispatched to GPU 0 task_id=87
[2026-07-08 16:08:20.932] [info] [task_scheduler.cpp:464] [locality-audit] dispatch task_id=87 preferred_device=0 actual_gpu=0
[2026-07-08 16:08:21.264] [info] [gpu_pipeline_task.cpp:321] [stage-audit] pipeline_id=0 task_id=83 operator_id=15 operator_name=GPU_SCAN stage_kind=SCAN operator_type=94 input_type=GPU_SCAN output_type=PIPELINEABLE actual_gpu=0 pipeline_operator_count=2 input_batches=0 input_rows=0 input_columns=0 input_bytes=0 output_batches=1 output_rows=3161562 output_columns=5 output_bytes=91399246 byte_ratio=0.000000 row_ratio=0.000000 duration_us=342407
[2026-07-08 16:08:21.266] [info] [gpu_pipeline_task.cpp:321] [stage-audit] pipeline_id=0 task_id=83 operator_id=9 operator_name=FILTER stage_kind=FILTER operator_type=12 input_type=PIPELINEABLE output_type=PIPELINEABLE actual_gpu=0 pipeline_operator_count=2 input_batches=1 input_rows=3161562 input_columns=5 input_bytes=91399246 output_batches=1 output_rows=110885 output_columns=2 output_bytes=2023331 byte_ratio=0.022137 row_ratio=0.035073 duration_us=2177
[2026-07-08 16:08:21.266] [info] [task_scheduler.cpp:462] [mgpu-audit] pipeline_task dispatched to GPU 0 task_id=88
[2026-07-08 16:08:21.266] [info] [task_scheduler.cpp:464] [locality-audit] dispatch task_id=88 preferred_device=0 actual_gpu=0
[2026-07-08 16:08:21.332] [info] [gpu_pipeline_task.cpp:321] [stage-audit] pipeline_id=0 task_id=86 operator_id=15 operator_name=GPU_SCAN stage_kind=SCAN operator_type=94 input_type=GPU_SCAN output_type=PIPELINEABLE actual_gpu=0 pipeline_operator_count=2 input_batches=0 input_rows=0 input_columns=0 input_bytes=0 output_batches=1 output_rows=3173451 output_columns=5 output_bytes=91751253 byte_ratio=0.000000 row_ratio=0.000000 duration_us=381902
[2026-07-08 16:08:21.334] [info] [gpu_pipeline_task.cpp:321] [stage-audit] pipeline_id=0 task_id=85 operator_id=15 operator_name=GPU_SCAN stage_kind=SCAN operator_type=94 input_type=GPU_SCAN output_type=PIPELINEABLE actual_gpu=0 pipeline_operator_count=2 input_batches=0 input_rows=0 input_columns=0 input_bytes=0 output_batches=1 output_rows=3162017 output_columns=5 output_bytes=91410401 byte_ratio=0.000000 row_ratio=0.000000 duration_us=381811
[2026-07-08 16:08:21.336] [info] [gpu_pipeline_task.cpp:321] [stage-audit] pipeline_id=0 task_id=84 operator_id=15 operator_name=GPU_SCAN stage_kind=SCAN operator_type=94 input_type=GPU_SCAN output_type=PIPELINEABLE actual_gpu=0 pipeline_operator_count=2 input_batches=0 input_rows=0 input_columns=0 input_bytes=0 output_batches=1 output_rows=3168484 output_columns=5 output_bytes=91606294 byte_ratio=0.000000 row_ratio=0.000000 duration_us=363632
[2026-07-08 16:08:21.337] [info] [gpu_pipeline_task.cpp:321] [stage-audit] pipeline_id=0 task_id=86 operator_id=9 operator_name=FILTER stage_kind=FILTER operator_type=12 input_type=PIPELINEABLE output_type=PIPELINEABLE actual_gpu=0 pipeline_operator_count=2 input_batches=1 input_rows=3173451 input_columns=5 input_bytes=91751253 output_batches=1 output_rows=111659 output_columns=2 output_bytes=2037327 byte_ratio=0.022205 row_ratio=0.035185 duration_us=4558
[2026-07-08 16:08:21.338] [info] [task_scheduler.cpp:462] [mgpu-audit] pipeline_task dispatched to GPU 0 task_id=89
[2026-07-08 16:08:21.338] [info] [task_scheduler.cpp:464] [locality-audit] dispatch task_id=89 preferred_device=0 actual_gpu=0
[2026-07-08 16:08:21.338] [info] [gpu_pipeline_task.cpp:321] [stage-audit] pipeline_id=0 task_id=85 operator_id=9 operator_name=FILTER stage_kind=FILTER operator_type=12 input_type=PIPELINEABLE output_type=PIPELINEABLE actual_gpu=0 pipeline_operator_count=2 input_batches=1 input_rows=3162017 input_columns=5 input_bytes=91410401 output_batches=1 output_rows=111089 output_columns=2 output_bytes=2027399 byte_ratio=0.022179 row_ratio=0.035132 duration_us=4617
[2026-07-08 16:08:21.338] [info] [gpu_pipeline_task.cpp:321] [stage-audit] pipeline_id=0 task_id=84 operator_id=9 operator_name=FILTER stage_kind=FILTER operator_type=12 input_type=PIPELINEABLE output_type=PIPELINEABLE actual_gpu=0 pipeline_operator_count=2 input_batches=1 input_rows=3168484 input_columns=5 input_bytes=91606294 output_batches=1 output_rows=110949 output_columns=2 output_bytes=2024239 byte_ratio=0.022097 row_ratio=0.035016 duration_us=2307
[2026-07-08 16:08:21.342] [info] [task_scheduler.cpp:462] [mgpu-audit] pipeline_task dispatched to GPU 0 task_id=90
[2026-07-08 16:08:21.342] [info] [task_scheduler.cpp:464] [locality-audit] dispatch task_id=90 preferred_device=0 actual_gpu=0
[2026-07-08 16:08:21.342] [info] [task_scheduler.cpp:462] [mgpu-audit] pipeline_task dispatched to GPU 0 task_id=91
[2026-07-08 16:08:21.342] [info] [task_scheduler.cpp:464] [locality-audit] dispatch task_id=91 preferred_device=0 actual_gpu=0
[2026-07-08 16:08:21.700] [info] [gpu_pipeline_task.cpp:321] [stage-audit] pipeline_id=0 task_id=87 operator_id=15 operator_name=GPU_SCAN stage_kind=SCAN operator_type=94 input_type=GPU_SCAN output_type=PIPELINEABLE actual_gpu=0 pipeline_operator_count=2 input_batches=0 input_rows=0 input_columns=0 input_bytes=0 output_batches=1 output_rows=3165752 output_columns=5 output_bytes=91526388 byte_ratio=0.000000 row_ratio=0.000000 duration_us=350926
[2026-07-08 16:08:21.701] [info] [gpu_pipeline_task.cpp:321] [stage-audit] pipeline_id=0 task_id=87 operator_id=9 operator_name=FILTER stage_kind=FILTER operator_type=12 input_type=PIPELINEABLE output_type=PIPELINEABLE actual_gpu=0 pipeline_operator_count=2 input_batches=1 input_rows=3165752 input_columns=5 input_bytes=91526388 output_batches=1 output_rows=111476 output_columns=2 output_bytes=2035098 byte_ratio=0.022235 row_ratio=0.035213 duration_us=708
[2026-07-08 16:08:21.701] [info] [task_scheduler.cpp:462] [mgpu-audit] pipeline_task dispatched to GPU 0 task_id=92
[2026-07-08 16:08:21.701] [info] [task_scheduler.cpp:464] [locality-audit] dispatch task_id=92 preferred_device=0 actual_gpu=0
[2026-07-08 16:08:21.769] [info] [gpu_pipeline_task.cpp:321] [stage-audit] pipeline_id=0 task_id=89 operator_id=15 operator_name=GPU_SCAN stage_kind=SCAN operator_type=94 input_type=GPU_SCAN output_type=PIPELINEABLE actual_gpu=0 pipeline_operator_count=2 input_batches=0 input_rows=0 input_columns=0 input_bytes=0 output_batches=1 output_rows=3162701 output_columns=5 output_bytes=91437523 byte_ratio=0.000000 row_ratio=0.000000 duration_us=364195
[2026-07-08 16:08:21.773] [info] [gpu_pipeline_task.cpp:321] [stage-audit] pipeline_id=0 task_id=90 operator_id=15 operator_name=GPU_SCAN stage_kind=SCAN operator_type=94 input_type=GPU_SCAN output_type=PIPELINEABLE actual_gpu=0 pipeline_operator_count=2 input_batches=0 input_rows=0 input_columns=0 input_bytes=0 output_batches=1 output_rows=3164538 output_columns=5 output_bytes=91490794 byte_ratio=0.000000 row_ratio=0.000000 duration_us=357458
[2026-07-08 16:08:21.774] [info] [gpu_pipeline_task.cpp:321] [stage-audit] pipeline_id=0 task_id=89 operator_id=9 operator_name=FILTER stage_kind=FILTER operator_type=12 input_type=PIPELINEABLE output_type=PIPELINEABLE actual_gpu=0 pipeline_operator_count=2 input_batches=1 input_rows=3162701 input_columns=5 input_bytes=91437523 output_batches=1 output_rows=111584 output_columns=2 output_bytes=2036646 byte_ratio=0.022274 row_ratio=0.035281 duration_us=4893
[2026-07-08 16:08:21.774] [info] [gpu_pipeline_task.cpp:321] [stage-audit] pipeline_id=0 task_id=90 operator_id=9 operator_name=FILTER stage_kind=FILTER operator_type=12 input_type=PIPELINEABLE output_type=PIPELINEABLE actual_gpu=0 pipeline_operator_count=2 input_batches=1 input_rows=3164538 input_columns=5 input_bytes=91490794 output_batches=1 output_rows=110892 output_columns=2 output_bytes=2023560 byte_ratio=0.022118 row_ratio=0.035042 duration_us=1750
[2026-07-08 16:08:21.775] [info] [task_scheduler.cpp:462] [mgpu-audit] pipeline_task dispatched to GPU 0 task_id=93
[2026-07-08 16:08:21.775] [info] [task_scheduler.cpp:464] [locality-audit] dispatch task_id=93 preferred_device=0 actual_gpu=0
[2026-07-08 16:08:21.779] [info] [gpu_pipeline_task.cpp:321] [stage-audit] pipeline_id=0 task_id=88 operator_id=15 operator_name=GPU_SCAN stage_kind=SCAN operator_type=94 input_type=GPU_SCAN output_type=PIPELINEABLE actual_gpu=0 pipeline_operator_count=2 input_batches=0 input_rows=0 input_columns=0 input_bytes=0 output_batches=1 output_rows=3167255 output_columns=5 output_bytes=91565256 byte_ratio=0.000000 row_ratio=0.000000 duration_us=374591
[2026-07-08 16:08:21.779] [info] [task_scheduler.cpp:462] [mgpu-audit] pipeline_task dispatched to GPU 0 task_id=94
[2026-07-08 16:08:21.779] [info] [task_scheduler.cpp:464] [locality-audit] dispatch task_id=94 preferred_device=0 actual_gpu=0
[2026-07-08 16:08:21.780] [info] [gpu_pipeline_task.cpp:321] [stage-audit] pipeline_id=0 task_id=88 operator_id=9 operator_name=FILTER stage_kind=FILTER operator_type=12 input_type=PIPELINEABLE output_type=PIPELINEABLE actual_gpu=0 pipeline_operator_count=2 input_batches=1 input_rows=3167255 input_columns=5 input_bytes=91565256 output_batches=1 output_rows=111202 output_columns=2 output_bytes=2029222 byte_ratio=0.022161 row_ratio=0.035110 duration_us=966
[2026-07-08 16:08:21.784] [info] [task_scheduler.cpp:462] [mgpu-audit] pipeline_task dispatched to GPU 0 task_id=95
[2026-07-08 16:08:21.784] [info] [task_scheduler.cpp:464] [locality-audit] dispatch task_id=95 preferred_device=0 actual_gpu=0
[2026-07-08 16:08:22.141] [info] [gpu_pipeline_task.cpp:321] [stage-audit] pipeline_id=0 task_id=91 operator_id=15 operator_name=GPU_SCAN stage_kind=SCAN operator_type=94 input_type=GPU_SCAN output_type=PIPELINEABLE actual_gpu=0 pipeline_operator_count=2 input_batches=0 input_rows=0 input_columns=0 input_bytes=0 output_batches=1 output_rows=3167268 output_columns=5 output_bytes=91566826 byte_ratio=0.000000 row_ratio=0.000000 duration_us=365846
[2026-07-08 16:08:22.141] [info] [gpu_pipeline_task.cpp:321] [stage-audit] pipeline_id=0 task_id=91 operator_id=9 operator_name=FILTER stage_kind=FILTER operator_type=12 input_type=PIPELINEABLE output_type=PIPELINEABLE actual_gpu=0 pipeline_operator_count=2 input_batches=1 input_rows=3167268 input_columns=5 input_bytes=91566826 output_batches=1 output_rows=111799 output_columns=2 output_bytes=2039789 byte_ratio=0.022277 row_ratio=0.035298 duration_us=689
[2026-07-08 16:08:22.142] [info] [task_scheduler.cpp:462] [mgpu-audit] pipeline_task dispatched to GPU 0 task_id=96
[2026-07-08 16:08:22.142] [info] [task_scheduler.cpp:464] [locality-audit] dispatch task_id=96 preferred_device=0 actual_gpu=0
[2026-07-08 16:08:22.215] [info] [gpu_pipeline_task.cpp:321] [stage-audit] pipeline_id=0 task_id=94 operator_id=15 operator_name=GPU_SCAN stage_kind=SCAN operator_type=94 input_type=GPU_SCAN output_type=PIPELINEABLE actual_gpu=0 pipeline_operator_count=2 input_batches=0 input_rows=0 input_columns=0 input_bytes=0 output_batches=1 output_rows=3165462 output_columns=5 output_bytes=91517396 byte_ratio=0.000000 row_ratio=0.000000 duration_us=357243
[2026-07-08 16:08:22.216] [info] [gpu_pipeline_task.cpp:321] [stage-audit] pipeline_id=0 task_id=93 operator_id=15 operator_name=GPU_SCAN stage_kind=SCAN operator_type=94 input_type=GPU_SCAN output_type=PIPELINEABLE actual_gpu=0 pipeline_operator_count=2 input_batches=0 input_rows=0 input_columns=0 input_bytes=0 output_batches=1 output_rows=3161580 output_columns=5 output_bytes=91403491 byte_ratio=0.000000 row_ratio=0.000000 duration_us=366753
[2026-07-08 16:08:22.216] [info] [gpu_pipeline_task.cpp:321] [stage-audit] pipeline_id=0 task_id=92 operator_id=15 operator_name=GPU_SCAN stage_kind=SCAN operator_type=94 input_type=GPU_SCAN output_type=PIPELINEABLE actual_gpu=0 pipeline_operator_count=2 input_batches=0 input_rows=0 input_columns=0 input_bytes=0 output_batches=1 output_rows=3167994 output_columns=5 output_bytes=91587391 byte_ratio=0.000000 row_ratio=0.000000 duration_us=355649
[2026-07-08 16:08:22.222] [info] [gpu_pipeline_task.cpp:321] [stage-audit] pipeline_id=0 task_id=94 operator_id=9 operator_name=FILTER stage_kind=FILTER operator_type=12 input_type=PIPELINEABLE output_type=PIPELINEABLE actual_gpu=0 pipeline_operator_count=2 input_batches=1 input_rows=3165462 input_columns=5 input_bytes=91517396 output_batches=1 output_rows=111141 output_columns=2 output_bytes=2028377 byte_ratio=0.022164 row_ratio=0.035111 duration_us=7806
[2026-07-08 16:08:22.223] [info] [task_scheduler.cpp:462] [mgpu-audit] pipeline_task dispatched to GPU 0 task_id=97
[2026-07-08 16:08:22.223] [info] [task_scheduler.cpp:464] [locality-audit] dispatch task_id=97 preferred_device=0 actual_gpu=0
[2026-07-08 16:08:22.223] [info] [gpu_pipeline_task.cpp:321] [stage-audit] pipeline_id=0 task_id=93 operator_id=9 operator_name=FILTER stage_kind=FILTER operator_type=12 input_type=PIPELINEABLE output_type=PIPELINEABLE actual_gpu=0 pipeline_operator_count=2 input_batches=1 input_rows=3161580 input_columns=5 input_bytes=91403491 output_batches=1 output_rows=111211 output_columns=2 output_bytes=2029303 byte_ratio=0.022202 row_ratio=0.035176 duration_us=6339
[2026-07-08 16:08:22.224] [info] [gpu_pipeline_task.cpp:321] [stage-audit] pipeline_id=0 task_id=92 operator_id=9 operator_name=FILTER stage_kind=FILTER operator_type=12 input_type=PIPELINEABLE output_type=PIPELINEABLE actual_gpu=0 pipeline_operator_count=2 input_batches=1 input_rows=3167994 input_columns=5 input_bytes=91587391 output_batches=1 output_rows=111624 output_columns=2 output_bytes=2037528 byte_ratio=0.022247 row_ratio=0.035235 duration_us=7220
[2026-07-08 16:08:22.231] [info] [task_scheduler.cpp:462] [mgpu-audit] pipeline_task dispatched to GPU 0 task_id=98
[2026-07-08 16:08:22.231] [info] [task_scheduler.cpp:464] [locality-audit] dispatch task_id=98 preferred_device=0 actual_gpu=0
[2026-07-08 16:08:22.233] [info] [task_scheduler.cpp:462] [mgpu-audit] pipeline_task dispatched to GPU 0 task_id=99
[2026-07-08 16:08:22.233] [info] [task_scheduler.cpp:464] [locality-audit] dispatch task_id=99 preferred_device=0 actual_gpu=0
[2026-07-08 16:08:22.596] [info] [gpu_pipeline_task.cpp:321] [stage-audit] pipeline_id=0 task_id=95 operator_id=15 operator_name=GPU_SCAN stage_kind=SCAN operator_type=94 input_type=GPU_SCAN output_type=PIPELINEABLE actual_gpu=0 pipeline_operator_count=2 input_batches=0 input_rows=0 input_columns=0 input_bytes=0 output_batches=1 output_rows=3160915 output_columns=5 output_bytes=91388606 byte_ratio=0.000000 row_ratio=0.000000 duration_us=366624
[2026-07-08 16:08:22.598] [info] [gpu_pipeline_task.cpp:321] [stage-audit] pipeline_id=0 task_id=95 operator_id=9 operator_name=FILTER stage_kind=FILTER operator_type=12 input_type=PIPELINEABLE output_type=PIPELINEABLE actual_gpu=0 pipeline_operator_count=2 input_batches=1 input_rows=3160915 input_columns=5 input_bytes=91388606 output_batches=1 output_rows=111466 output_columns=2 output_bytes=2034778 byte_ratio=0.022265 row_ratio=0.035264 duration_us=1251
[2026-07-08 16:08:22.598] [info] [task_scheduler.cpp:462] [mgpu-audit] pipeline_task dispatched to GPU 0 task_id=100
[2026-07-08 16:08:22.598] [info] [task_scheduler.cpp:464] [locality-audit] dispatch task_id=100 preferred_device=0 actual_gpu=0
[2026-07-08 16:08:22.669] [info] [gpu_pipeline_task.cpp:321] [stage-audit] pipeline_id=0 task_id=96 operator_id=15 operator_name=GPU_SCAN stage_kind=SCAN operator_type=94 input_type=GPU_SCAN output_type=PIPELINEABLE actual_gpu=0 pipeline_operator_count=2 input_batches=0 input_rows=0 input_columns=0 input_bytes=0 output_batches=1 output_rows=3164908 output_columns=5 output_bytes=91502358 byte_ratio=0.000000 row_ratio=0.000000 duration_us=366434
[2026-07-08 16:08:22.671] [info] [gpu_pipeline_task.cpp:321] [stage-audit] pipeline_id=0 task_id=97 operator_id=15 operator_name=GPU_SCAN stage_kind=SCAN operator_type=94 input_type=GPU_SCAN output_type=PIPELINEABLE actual_gpu=0 pipeline_operator_count=2 input_batches=0 input_rows=0 input_columns=0 input_bytes=0 output_batches=1 output_rows=3169827 output_columns=5 output_bytes=91641583 byte_ratio=0.000000 row_ratio=0.000000 duration_us=363790
[2026-07-08 16:08:22.671] [info] [gpu_pipeline_task.cpp:321] [stage-audit] pipeline_id=0 task_id=98 operator_id=15 operator_name=GPU_SCAN stage_kind=SCAN operator_type=94 input_type=GPU_SCAN output_type=PIPELINEABLE actual_gpu=0 pipeline_operator_count=2 input_batches=0 input_rows=0 input_columns=0 input_bytes=0 output_batches=1 output_rows=3163796 output_columns=5 output_bytes=91468203 byte_ratio=0.000000 row_ratio=0.000000 duration_us=378380
[2026-07-08 16:08:22.673] [info] [gpu_pipeline_task.cpp:321] [stage-audit] pipeline_id=0 task_id=96 operator_id=9 operator_name=FILTER stage_kind=FILTER operator_type=12 input_type=PIPELINEABLE output_type=PIPELINEABLE actual_gpu=0 pipeline_operator_count=2 input_batches=1 input_rows=3164908 input_columns=5 input_bytes=91502358 output_batches=1 output_rows=111445 output_columns=2 output_bytes=2034033 byte_ratio=0.022229 row_ratio=0.035213 duration_us=4133
[2026-07-08 16:08:22.673] [info] [gpu_pipeline_task.cpp:321] [stage-audit] pipeline_id=0 task_id=98 operator_id=9 operator_name=FILTER stage_kind=FILTER operator_type=12 input_type=PIPELINEABLE output_type=PIPELINEABLE actual_gpu=0 pipeline_operator_count=2 input_batches=1 input_rows=3163796 input_columns=5 input_bytes=91468203 output_batches=1 output_rows=111448 output_columns=2 output_bytes=2034164 byte_ratio=0.022239 row_ratio=0.035226 duration_us=1993
[2026-07-08 16:08:22.673] [info] [gpu_pipeline_task.cpp:321] [stage-audit] pipeline_id=0 task_id=97 operator_id=9 operator_name=FILTER stage_kind=FILTER operator_type=12 input_type=PIPELINEABLE output_type=PIPELINEABLE actual_gpu=0 pipeline_operator_count=2 input_batches=1 input_rows=3169827 input_columns=5 input_bytes=91641583 output_batches=1 output_rows=111380 output_columns=2 output_bytes=2032770 byte_ratio=0.022182 row_ratio=0.035138 duration_us=2068
[2026-07-08 16:08:22.673] [info] [task_scheduler.cpp:462] [mgpu-audit] pipeline_task dispatched to GPU 0 task_id=101
[2026-07-08 16:08:22.673] [info] [task_scheduler.cpp:464] [locality-audit] dispatch task_id=101 preferred_device=0 actual_gpu=0
[2026-07-08 16:08:22.674] [info] [task_scheduler.cpp:462] [mgpu-audit] pipeline_task dispatched to GPU 0 task_id=102
[2026-07-08 16:08:22.674] [info] [task_scheduler.cpp:464] [locality-audit] dispatch task_id=102 preferred_device=0 actual_gpu=0
[2026-07-08 16:08:22.674] [info] [task_scheduler.cpp:462] [mgpu-audit] pipeline_task dispatched to GPU 0 task_id=103
[2026-07-08 16:08:22.674] [info] [task_scheduler.cpp:464] [locality-audit] dispatch task_id=103 preferred_device=0 actual_gpu=0
[2026-07-08 16:08:23.074] [info] [gpu_pipeline_task.cpp:321] [stage-audit] pipeline_id=0 task_id=99 operator_id=15 operator_name=GPU_SCAN stage_kind=SCAN operator_type=94 input_type=GPU_SCAN output_type=PIPELINEABLE actual_gpu=0 pipeline_operator_count=2 input_batches=0 input_rows=0 input_columns=0 input_bytes=0 output_batches=1 output_rows=3162917 output_columns=5 output_bytes=91445250 byte_ratio=0.000000 row_ratio=0.000000 duration_us=384183
[2026-07-08 16:08:23.076] [info] [gpu_pipeline_task.cpp:321] [stage-audit] pipeline_id=0 task_id=99 operator_id=9 operator_name=FILTER stage_kind=FILTER operator_type=12 input_type=PIPELINEABLE output_type=PIPELINEABLE actual_gpu=0 pipeline_operator_count=2 input_batches=1 input_rows=3162917 input_columns=5 input_bytes=91445250 output_batches=1 output_rows=110960 output_columns=2 output_bytes=2025436 byte_ratio=0.022149 row_ratio=0.035082 duration_us=1152
[2026-07-08 16:08:23.146] [info] [gpu_pipeline_task.cpp:321] [stage-audit] pipeline_id=0 task_id=102 operator_id=15 operator_name=GPU_SCAN stage_kind=SCAN operator_type=94 input_type=GPU_SCAN output_type=PIPELINEABLE actual_gpu=0 pipeline_operator_count=2 input_batches=0 input_rows=0 input_columns=0 input_bytes=0 output_batches=1 output_rows=3157825 output_columns=5 output_bytes=91297659 byte_ratio=0.000000 row_ratio=0.000000 duration_us=387130
[2026-07-08 16:08:23.146] [info] [gpu_pipeline_task.cpp:321] [stage-audit] pipeline_id=0 task_id=101 operator_id=15 operator_name=GPU_SCAN stage_kind=SCAN operator_type=94 input_type=GPU_SCAN output_type=PIPELINEABLE actual_gpu=0 pipeline_operator_count=2 input_batches=0 input_rows=0 input_columns=0 input_bytes=0 output_batches=1 output_rows=3161321 output_columns=5 output_bytes=91393746 byte_ratio=0.000000 row_ratio=0.000000 duration_us=390422
[2026-07-08 16:08:23.149] [info] [gpu_pipeline_task.cpp:321] [stage-audit] pipeline_id=0 task_id=100 operator_id=15 operator_name=GPU_SCAN stage_kind=SCAN operator_type=94 input_type=GPU_SCAN output_type=PIPELINEABLE actual_gpu=0 pipeline_operator_count=2 input_batches=0 input_rows=0 input_columns=0 input_bytes=0 output_batches=1 output_rows=3164581 output_columns=5 output_bytes=91492028 byte_ratio=0.000000 row_ratio=0.000000 duration_us=391856
[2026-07-08 16:08:23.149] [info] [gpu_pipeline_task.cpp:321] [stage-audit] pipeline_id=0 task_id=101 operator_id=9 operator_name=FILTER stage_kind=FILTER operator_type=12 input_type=PIPELINEABLE output_type=PIPELINEABLE actual_gpu=0 pipeline_operator_count=2 input_batches=1 input_rows=3161321 input_columns=5 input_bytes=91393746 output_batches=1 output_rows=111084 output_columns=2 output_bytes=2027604 byte_ratio=0.022185 row_ratio=0.035138 duration_us=2731
[2026-07-08 16:08:23.149] [info] [gpu_pipeline_task.cpp:321] [stage-audit] pipeline_id=0 task_id=102 operator_id=9 operator_name=FILTER stage_kind=FILTER operator_type=12 input_type=PIPELINEABLE output_type=PIPELINEABLE actual_gpu=0 pipeline_operator_count=2 input_batches=1 input_rows=3157825 input_columns=5 input_bytes=91297659 output_batches=1 output_rows=110981 output_columns=2 output_bytes=2025353 byte_ratio=0.022184 row_ratio=0.035145 duration_us=3022
[2026-07-08 16:08:23.150] [info] [gpu_pipeline_task.cpp:321] [stage-audit] pipeline_id=0 task_id=100 operator_id=9 operator_name=FILTER stage_kind=FILTER operator_type=12 input_type=PIPELINEABLE output_type=PIPELINEABLE actual_gpu=0 pipeline_operator_count=2 input_batches=1 input_rows=3164581 input_columns=5 input_bytes=91492028 output_batches=1 output_rows=111067 output_columns=2 output_bytes=2027441 byte_ratio=0.022160 row_ratio=0.035097 duration_us=1268
[2026-07-08 16:08:23.399] [info] [gpu_pipeline_task.cpp:321] [stage-audit] pipeline_id=0 task_id=103 operator_id=15 operator_name=GPU_SCAN stage_kind=SCAN operator_type=94 input_type=GPU_SCAN output_type=PIPELINEABLE actual_gpu=0 pipeline_operator_count=2 input_batches=0 input_rows=0 input_columns=0 input_bytes=0 output_batches=1 output_rows=60550 output_columns=5 output_bytes=1751236 byte_ratio=0.000000 row_ratio=0.000000 duration_us=208572
[2026-07-08 16:08:23.400] [info] [gpu_pipeline_task.cpp:321] [stage-audit] pipeline_id=0 task_id=103 operator_id=9 operator_name=FILTER stage_kind=FILTER operator_type=12 input_type=PIPELINEABLE output_type=PIPELINEABLE actual_gpu=0 pipeline_operator_count=2 input_batches=1 input_rows=60550 input_columns=5 input_bytes=1751236 output_batches=1 output_rows=2088 output_columns=2 output_bytes=38246 byte_ratio=0.021839 row_ratio=0.034484 duration_us=204
[2026-07-08 16:08:23.400] [info] [task_creator.cpp:363] [locality-audit] task_create operator_id=17 input_bytes=2032335 local_bytes=2032335 gpu_source_bytes=2032335 host_source_bytes=0 disk_source_bytes=0 gpu_sources=1 host_sources=0 preferred_device=0
[2026-07-08 16:08:23.400] [info] [task_creator.cpp:363] [locality-audit] task_create operator_id=17 input_bytes=2000609 local_bytes=2000609 gpu_source_bytes=2000609 host_source_bytes=0 disk_source_bytes=0 gpu_sources=1 host_sources=0 preferred_device=0
[2026-07-08 16:08:23.400] [info] [task_creator.cpp:363] [locality-audit] task_create operator_id=17 input_bytes=2037886 local_bytes=2037886 gpu_source_bytes=2037886 host_source_bytes=0 disk_source_bytes=0 gpu_sources=1 host_sources=0 preferred_device=0
[2026-07-08 16:08:23.400] [info] [task_creator.cpp:363] [locality-audit] task_create operator_id=17 input_bytes=2026779 local_bytes=2026779 gpu_source_bytes=2026779 host_source_bytes=0 disk_source_bytes=0 gpu_sources=1 host_sources=0 preferred_device=0
[2026-07-08 16:08:23.400] [info] [task_creator.cpp:363] [locality-audit] task_create operator_id=17 input_bytes=2019344 local_bytes=2019344 gpu_source_bytes=2019344 host_source_bytes=0 disk_source_bytes=0 gpu_sources=1 host_sources=0 preferred_device=0
[2026-07-08 16:08:23.400] [info] [task_creator.cpp:363] [locality-audit] task_create operator_id=17 input_bytes=2035931 local_bytes=2035931 gpu_source_bytes=2035931 host_source_bytes=0 disk_source_bytes=0 gpu_sources=1 host_sources=0 preferred_device=0
[2026-07-08 16:08:23.400] [info] [task_creator.cpp:363] [locality-audit] task_create operator_id=17 input_bytes=2032834 local_bytes=2032834 gpu_source_bytes=2032834 host_source_bytes=0 disk_source_bytes=0 gpu_sources=1 host_sources=0 preferred_device=0
[2026-07-08 16:08:23.400] [info] [task_creator.cpp:363] [locality-audit] task_create operator_id=17 input_bytes=2037725 local_bytes=2037725 gpu_source_bytes=2037725 host_source_bytes=0 disk_source_bytes=0 gpu_sources=1 host_sources=0 preferred_device=0
[2026-07-08 16:08:23.400] [info] [task_creator.cpp:363] [locality-audit] task_create operator_id=17 input_bytes=2023331 local_bytes=2023331 gpu_source_bytes=2023331 host_source_bytes=0 disk_source_bytes=0 gpu_sources=1 host_sources=0 preferred_device=0
[2026-07-08 16:08:23.400] [info] [task_creator.cpp:363] [locality-audit] task_create operator_id=17 input_bytes=2037327 local_bytes=2037327 gpu_source_bytes=2037327 host_source_bytes=0 disk_source_bytes=0 gpu_sources=1 host_sources=0 preferred_device=0
[2026-07-08 16:08:23.400] [info] [task_creator.cpp:363] [locality-audit] task_create operator_id=17 input_bytes=2024239 local_bytes=2024239 gpu_source_bytes=2024239 host_source_bytes=0 disk_source_bytes=0 gpu_sources=1 host_sources=0 preferred_device=0
[2026-07-08 16:08:23.400] [info] [task_creator.cpp:363] [locality-audit] task_create operator_id=17 input_bytes=2027399 local_bytes=2027399 gpu_source_bytes=2027399 host_source_bytes=0 disk_source_bytes=0 gpu_sources=1 host_sources=0 preferred_device=0
[2026-07-08 16:08:23.400] [info] [task_creator.cpp:363] [locality-audit] task_create operator_id=17 input_bytes=2035098 local_bytes=2035098 gpu_source_bytes=2035098 host_source_bytes=0 disk_source_bytes=0 gpu_sources=1 host_sources=0 preferred_device=0
[2026-07-08 16:08:23.400] [info] [task_scheduler.cpp:462] [mgpu-audit] pipeline_task dispatched to GPU 0 task_id=104
[2026-07-08 16:08:23.400] [info] [task_scheduler.cpp:464] [locality-audit] dispatch task_id=104 preferred_device=0 actual_gpu=0
[2026-07-08 16:08:23.400] [info] [task_creator.cpp:363] [locality-audit] task_create operator_id=17 input_bytes=2023560 local_bytes=2023560 gpu_source_bytes=2023560 host_source_bytes=0 disk_source_bytes=0 gpu_sources=1 host_sources=0 preferred_device=0
[2026-07-08 16:08:23.400] [info] [task_scheduler.cpp:462] [mgpu-audit] pipeline_task dispatched to GPU 0 task_id=105
[2026-07-08 16:08:23.400] [info] [task_scheduler.cpp:464] [locality-audit] dispatch task_id=105 preferred_device=0 actual_gpu=0
[2026-07-08 16:08:23.400] [info] [task_creator.cpp:363] [locality-audit] task_create operator_id=17 input_bytes=2036646 local_bytes=2036646 gpu_source_bytes=2036646 host_source_bytes=0 disk_source_bytes=0 gpu_sources=1 host_sources=0 preferred_device=0
[2026-07-08 16:08:23.400] [info] [task_creator.cpp:363] [locality-audit] task_create operator_id=17 input_bytes=2029222 local_bytes=2029222 gpu_source_bytes=2029222 host_source_bytes=0 disk_source_bytes=0 gpu_sources=1 host_sources=0 preferred_device=0
[2026-07-08 16:08:23.400] [info] [task_creator.cpp:363] [locality-audit] task_create operator_id=17 input_bytes=2039789 local_bytes=2039789 gpu_source_bytes=2039789 host_source_bytes=0 disk_source_bytes=0 gpu_sources=1 host_sources=0 preferred_device=0
[2026-07-08 16:08:23.400] [info] [task_creator.cpp:363] [locality-audit] task_create operator_id=17 input_bytes=2028377 local_bytes=2028377 gpu_source_bytes=2028377 host_source_bytes=0 disk_source_bytes=0 gpu_sources=1 host_sources=0 preferred_device=0
[2026-07-08 16:08:23.400] [info] [task_scheduler.cpp:462] [mgpu-audit] pipeline_task dispatched to GPU 0 task_id=106
[2026-07-08 16:08:23.400] [info] [task_scheduler.cpp:464] [locality-audit] dispatch task_id=106 preferred_device=0 actual_gpu=0
[2026-07-08 16:08:23.400] [info] [task_creator.cpp:363] [locality-audit] task_create operator_id=17 input_bytes=2037528 local_bytes=2037528 gpu_source_bytes=2037528 host_source_bytes=0 disk_source_bytes=0 gpu_sources=1 host_sources=0 preferred_device=0
[2026-07-08 16:08:23.400] [info] [task_creator.cpp:363] [locality-audit] task_create operator_id=17 input_bytes=2029303 local_bytes=2029303 gpu_source_bytes=2029303 host_source_bytes=0 disk_source_bytes=0 gpu_sources=1 host_sources=0 preferred_device=0
[2026-07-08 16:08:23.400] [info] [task_scheduler.cpp:462] [mgpu-audit] pipeline_task dispatched to GPU 0 task_id=107
[2026-07-08 16:08:23.400] [info] [task_creator.cpp:363] [locality-audit] task_create operator_id=17 input_bytes=2034778 local_bytes=2034778 gpu_source_bytes=2034778 host_source_bytes=0 disk_source_bytes=0 gpu_sources=1 host_sources=0 preferred_device=0
[2026-07-08 16:08:23.400] [info] [task_scheduler.cpp:464] [locality-audit] dispatch task_id=107 preferred_device=0 actual_gpu=0
[2026-07-08 16:08:23.400] [info] [task_scheduler.cpp:462] [mgpu-audit] pipeline_task dispatched to GPU 0 task_id=108
[2026-07-08 16:08:23.400] [info] [task_scheduler.cpp:464] [locality-audit] dispatch task_id=108 preferred_device=0 actual_gpu=0
[2026-07-08 16:08:23.400] [info] [task_creator.cpp:363] [locality-audit] task_create operator_id=17 input_bytes=2034033 local_bytes=2034033 gpu_source_bytes=2034033 host_source_bytes=0 disk_source_bytes=0 gpu_sources=1 host_sources=0 preferred_device=0
[2026-07-08 16:08:23.400] [info] [gpu_pipeline_task.cpp:188] [locality-audit] prepare_before pipeline_id=1 task_id=106 preferred_device=0 actual_gpu=0 target_tier=GPU target_device=0 input_bytes=2037886 local_bytes=2037886 remote_gpu_bytes=0 host_bytes=0 disk_bytes=0 batch_count=1
[2026-07-08 16:08:23.400] [info] [task_creator.cpp:363] [locality-audit] task_create operator_id=17 input_bytes=2034164 local_bytes=2034164 gpu_source_bytes=2034164 host_source_bytes=0 disk_source_bytes=0 gpu_sources=1 host_sources=0 preferred_device=0
[2026-07-08 16:08:23.400] [info] [gpu_pipeline_task.cpp:188] [locality-audit] prepare_before pipeline_id=1 task_id=105 preferred_device=0 actual_gpu=0 target_tier=GPU target_device=0 input_bytes=2000609 local_bytes=2000609 remote_gpu_bytes=0 host_bytes=0 disk_bytes=0 batch_count=1
[2026-07-08 16:08:23.400] [info] [task_creator.cpp:363] [locality-audit] task_create operator_id=17 input_bytes=2032770 local_bytes=2032770 gpu_source_bytes=2032770 host_source_bytes=0 disk_source_bytes=0 gpu_sources=1 host_sources=0 preferred_device=0
[2026-07-08 16:08:23.400] [info] [gpu_pipeline_task.cpp:188] [locality-audit] prepare_after pipeline_id=1 task_id=106 preferred_device=0 actual_gpu=0 target_tier=GPU target_device=0 input_bytes=2037886 local_bytes=2037886 remote_gpu_bytes=0 host_bytes=0 disk_bytes=0 batch_count=1
[2026-07-08 16:08:23.400] [info] [gpu_pipeline_task.cpp:188] [locality-audit] prepare_before pipeline_id=1 task_id=104 preferred_device=0 actual_gpu=0 target_tier=GPU target_device=0 input_bytes=2032335 local_bytes=2032335 remote_gpu_bytes=0 host_bytes=0 disk_bytes=0 batch_count=1
[2026-07-08 16:08:23.400] [info] [gpu_pipeline_task.cpp:321] [stage-audit] pipeline_id=1 task_id=106 operator_id=17 operator_name=PARTITION stage_kind=PARTITION operator_type=82 input_type=PIPELINEABLE output_type=PIPELINEABLE actual_gpu=0 pipeline_operator_count=1 input_batches=1 input_rows=111660 input_columns=2 input_bytes=2037886 output_batches=1 output_rows=111660 output_columns=2 output_bytes=2037886 byte_ratio=1.000000 row_ratio=1.000000 duration_us=4
[2026-07-08 16:08:23.400] [info] [gpu_pipeline_task.cpp:188] [locality-audit] prepare_before pipeline_id=1 task_id=107 preferred_device=0 actual_gpu=0 target_tier=GPU target_device=0 input_bytes=2026779 local_bytes=2026779 remote_gpu_bytes=0 host_bytes=0 disk_bytes=0 batch_count=1
[2026-07-08 16:08:23.400] [info] [task_creator.cpp:363] [locality-audit] task_create operator_id=17 input_bytes=2025436 local_bytes=2025436 gpu_source_bytes=2025436 host_source_bytes=0 disk_source_bytes=0 gpu_sources=1 host_sources=0 preferred_device=0
[2026-07-08 16:08:23.401] [info] [task_scheduler.cpp:462] [mgpu-audit] pipeline_task dispatched to GPU 0 task_id=109
[2026-07-08 16:08:23.401] [info] [task_scheduler.cpp:464] [locality-audit] dispatch task_id=109 preferred_device=0 actual_gpu=0
[2026-07-08 16:08:23.401] [info] [task_creator.cpp:363] [locality-audit] task_create operator_id=17 input_bytes=2027604 local_bytes=2027604 gpu_source_bytes=2027604 host_source_bytes=0 disk_source_bytes=0 gpu_sources=1 host_sources=0 preferred_device=0
[2026-07-08 16:08:23.401] [info] [gpu_pipeline_task.cpp:188] [locality-audit] prepare_before pipeline_id=1 task_id=108 preferred_device=0 actual_gpu=0 target_tier=GPU target_device=0 input_bytes=2019344 local_bytes=2019344 remote_gpu_bytes=0 host_bytes=0 disk_bytes=0 batch_count=1
[2026-07-08 16:08:23.401] [info] [task_creator.cpp:363] [locality-audit] task_create operator_id=17 input_bytes=2025353 local_bytes=2025353 gpu_source_bytes=2025353 host_source_bytes=0 disk_source_bytes=0 gpu_sources=1 host_sources=0 preferred_device=0
[2026-07-08 16:08:23.401] [info] [task_creator.cpp:363] [locality-audit] task_create operator_id=17 input_bytes=2027441 local_bytes=2027441 gpu_source_bytes=2027441 host_source_bytes=0 disk_source_bytes=0 gpu_sources=1 host_sources=0 preferred_device=0
[2026-07-08 16:08:23.401] [info] [task_creator.cpp:363] [locality-audit] task_create operator_id=17 input_bytes=38246 local_bytes=38246 gpu_source_bytes=38246 host_source_bytes=0 disk_source_bytes=0 gpu_sources=1 host_sources=0 preferred_device=0
[2026-07-08 16:08:23.401] [info] [gpu_pipeline_task.cpp:188] [locality-audit] prepare_after pipeline_id=1 task_id=107 preferred_device=0 actual_gpu=0 target_tier=GPU target_device=0 input_bytes=2026779 local_bytes=2026779 remote_gpu_bytes=0 host_bytes=0 disk_bytes=0 batch_count=1
[2026-07-08 16:08:23.401] [info] [gpu_pipeline_task.cpp:188] [locality-audit] prepare_after pipeline_id=1 task_id=108 preferred_device=0 actual_gpu=0 target_tier=GPU target_device=0 input_bytes=2019344 local_bytes=2019344 remote_gpu_bytes=0 host_bytes=0 disk_bytes=0 batch_count=1
[2026-07-08 16:08:23.401] [info] [gpu_pipeline_task.cpp:188] [locality-audit] prepare_after pipeline_id=1 task_id=105 preferred_device=0 actual_gpu=0 target_tier=GPU target_device=0 input_bytes=2000609 local_bytes=2000609 remote_gpu_bytes=0 host_bytes=0 disk_bytes=0 batch_count=1
[2026-07-08 16:08:23.401] [info] [gpu_pipeline_task.cpp:188] [locality-audit] prepare_after pipeline_id=1 task_id=104 preferred_device=0 actual_gpu=0 target_tier=GPU target_device=0 input_bytes=2032335 local_bytes=2032335 remote_gpu_bytes=0 host_bytes=0 disk_bytes=0 batch_count=1
[2026-07-08 16:08:23.401] [info] [gpu_pipeline_task.cpp:321] [stage-audit] pipeline_id=1 task_id=108 operator_id=17 operator_name=PARTITION stage_kind=PARTITION operator_type=82 input_type=PIPELINEABLE output_type=PIPELINEABLE actual_gpu=0 pipeline_operator_count=1 input_batches=1 input_rows=110630 input_columns=2 input_bytes=2019344 output_batches=1 output_rows=110630 output_columns=2 output_bytes=2019344 byte_ratio=1.000000 row_ratio=1.000000 duration_us=2
[2026-07-08 16:08:23.401] [info] [gpu_pipeline_task.cpp:321] [stage-audit] pipeline_id=1 task_id=107 operator_id=17 operator_name=PARTITION stage_kind=PARTITION operator_type=82 input_type=PIPELINEABLE output_type=PIPELINEABLE actual_gpu=0 pipeline_operator_count=1 input_batches=1 input_rows=111061 input_columns=2 input_bytes=2026779 output_batches=1 output_rows=111061 output_columns=2 output_bytes=2026779 byte_ratio=1.000000 row_ratio=1.000000 duration_us=49
[2026-07-08 16:08:23.401] [info] [task_scheduler.cpp:462] [mgpu-audit] pipeline_task dispatched to GPU 0 task_id=110
[2026-07-08 16:08:23.401] [info] [task_scheduler.cpp:464] [locality-audit] dispatch task_id=110 preferred_device=0 actual_gpu=0
[2026-07-08 16:08:23.401] [info] [gpu_pipeline_task.cpp:188] [locality-audit] prepare_before pipeline_id=1 task_id=109 preferred_device=0 actual_gpu=0 target_tier=GPU target_device=0 input_bytes=2035931 local_bytes=2035931 remote_gpu_bytes=0 host_bytes=0 disk_bytes=0 batch_count=1
[2026-07-08 16:08:23.401] [info] [gpu_pipeline_task.cpp:321] [stage-audit] pipeline_id=1 task_id=104 operator_id=17 operator_name=PARTITION stage_kind=PARTITION operator_type=82 input_type=PIPELINEABLE output_type=PIPELINEABLE actual_gpu=0 pipeline_operator_count=1 input_batches=1 input_rows=111373 input_columns=2 input_bytes=2032335 output_batches=1 output_rows=111373 output_columns=2 output_bytes=2032335 byte_ratio=1.000000 row_ratio=1.000000 duration_us=9
[2026-07-08 16:08:23.401] [info] [task_scheduler.cpp:462] [mgpu-audit] pipeline_task dispatched to GPU 0 task_id=111
[2026-07-08 16:08:23.401] [info] [gpu_pipeline_task.cpp:188] [locality-audit] prepare_after pipeline_id=1 task_id=109 preferred_device=0 actual_gpu=0 target_tier=GPU target_device=0 input_bytes=2035931 local_bytes=2035931 remote_gpu_bytes=0 host_bytes=0 disk_bytes=0 batch_count=1
[2026-07-08 16:08:23.401] [info] [task_scheduler.cpp:464] [locality-audit] dispatch task_id=111 preferred_device=0 actual_gpu=0
[2026-07-08 16:08:23.401] [info] [gpu_pipeline_task.cpp:321] [stage-audit] pipeline_id=1 task_id=109 operator_id=17 operator_name=PARTITION stage_kind=PARTITION operator_type=82 input_type=PIPELINEABLE output_type=PIPELINEABLE actual_gpu=0 pipeline_operator_count=1 input_batches=1 input_rows=111531 input_columns=2 input_bytes=2035931 output_batches=1 output_rows=111531 output_columns=2 output_bytes=2035931 byte_ratio=1.000000 row_ratio=1.000000 duration_us=1
[2026-07-08 16:08:23.401] [info] [gpu_pipeline_task.cpp:321] [stage-audit] pipeline_id=1 task_id=105 operator_id=17 operator_name=PARTITION stage_kind=PARTITION operator_type=82 input_type=PIPELINEABLE output_type=PIPELINEABLE actual_gpu=0 pipeline_operator_count=1 input_batches=1 input_rows=109599 input_columns=2 input_bytes=2000609 output_batches=1 output_rows=109599 output_columns=2 output_bytes=2000609 byte_ratio=1.000000 row_ratio=1.000000 duration_us=17
[2026-07-08 16:08:23.401] [info] [gpu_pipeline_task.cpp:188] [locality-audit] prepare_before pipeline_id=1 task_id=110 preferred_device=0 actual_gpu=0 target_tier=GPU target_device=0 input_bytes=2032834 local_bytes=2032834 remote_gpu_bytes=0 host_bytes=0 disk_bytes=0 batch_count=1
[2026-07-08 16:08:23.401] [info] [gpu_pipeline_task.cpp:188] [locality-audit] prepare_after pipeline_id=1 task_id=110 preferred_device=0 actual_gpu=0 target_tier=GPU target_device=0 input_bytes=2032834 local_bytes=2032834 remote_gpu_bytes=0 host_bytes=0 disk_bytes=0 batch_count=1
[2026-07-08 16:08:23.401] [info] [task_scheduler.cpp:462] [mgpu-audit] pipeline_task dispatched to GPU 0 task_id=112
[2026-07-08 16:08:23.401] [info] [gpu_pipeline_task.cpp:321] [stage-audit] pipeline_id=1 task_id=110 operator_id=17 operator_name=PARTITION stage_kind=PARTITION operator_type=82 input_type=PIPELINEABLE output_type=PIPELINEABLE actual_gpu=0 pipeline_operator_count=1 input_batches=1 input_rows=111346 input_columns=2 input_bytes=2032834 output_batches=1 output_rows=111346 output_columns=2 output_bytes=2032834 byte_ratio=1.000000 row_ratio=1.000000 duration_us=1
[2026-07-08 16:08:23.401] [info] [task_scheduler.cpp:464] [locality-audit] dispatch task_id=112 preferred_device=0 actual_gpu=0
[2026-07-08 16:08:23.401] [info] [gpu_pipeline_task.cpp:188] [locality-audit] prepare_before pipeline_id=1 task_id=111 preferred_device=0 actual_gpu=0 target_tier=GPU target_device=0 input_bytes=2037725 local_bytes=2037725 remote_gpu_bytes=0 host_bytes=0 disk_bytes=0 batch_count=1
[2026-07-08 16:08:23.401] [info] [task_scheduler.cpp:462] [mgpu-audit] pipeline_task dispatched to GPU 0 task_id=113
[2026-07-08 16:08:23.401] [info] [task_scheduler.cpp:464] [locality-audit] dispatch task_id=113 preferred_device=0 actual_gpu=0
[2026-07-08 16:08:23.401] [info] [gpu_pipeline_task.cpp:188] [locality-audit] prepare_after pipeline_id=1 task_id=111 preferred_device=0 actual_gpu=0 target_tier=GPU target_device=0 input_bytes=2037725 local_bytes=2037725 remote_gpu_bytes=0 host_bytes=0 disk_bytes=0 batch_count=1
[2026-07-08 16:08:23.401] [info] [gpu_pipeline_task.cpp:321] [stage-audit] pipeline_id=1 task_id=111 operator_id=17 operator_name=PARTITION stage_kind=PARTITION operator_type=82 input_type=PIPELINEABLE output_type=PIPELINEABLE actual_gpu=0 pipeline_operator_count=1 input_batches=1 input_rows=111653 input_columns=2 input_bytes=2037725 output_batches=1 output_rows=111653 output_columns=2 output_bytes=2037725 byte_ratio=1.000000 row_ratio=1.000000 duration_us=1
[2026-07-08 16:08:23.401] [info] [task_scheduler.cpp:462] [mgpu-audit] pipeline_task dispatched to GPU 0 task_id=114
[2026-07-08 16:08:23.401] [info] [task_scheduler.cpp:464] [locality-audit] dispatch task_id=114 preferred_device=0 actual_gpu=0
[2026-07-08 16:08:23.401] [info] [gpu_pipeline_task.cpp:188] [locality-audit] prepare_before pipeline_id=1 task_id=112 preferred_device=0 actual_gpu=0 target_tier=GPU target_device=0 input_bytes=2023331 local_bytes=2023331 remote_gpu_bytes=0 host_bytes=0 disk_bytes=0 batch_count=1
[2026-07-08 16:08:23.401] [info] [gpu_pipeline_task.cpp:188] [locality-audit] prepare_after pipeline_id=1 task_id=112 preferred_device=0 actual_gpu=0 target_tier=GPU target_device=0 input_bytes=2023331 local_bytes=2023331 remote_gpu_bytes=0 host_bytes=0 disk_bytes=0 batch_count=1
[2026-07-08 16:08:23.401] [info] [task_scheduler.cpp:462] [mgpu-audit] pipeline_task dispatched to GPU 0 task_id=115
[2026-07-08 16:08:23.401] [info] [task_scheduler.cpp:464] [locality-audit] dispatch task_id=115 preferred_device=0 actual_gpu=0
[2026-07-08 16:08:23.401] [info] [gpu_pipeline_task.cpp:321] [stage-audit] pipeline_id=1 task_id=112 operator_id=17 operator_name=PARTITION stage_kind=PARTITION operator_type=82 input_type=PIPELINEABLE output_type=PIPELINEABLE actual_gpu=0 pipeline_operator_count=1 input_batches=1 input_rows=110885 input_columns=2 input_bytes=2023331 output_batches=1 output_rows=110885 output_columns=2 output_bytes=2023331 byte_ratio=1.000000 row_ratio=1.000000 duration_us=1
[2026-07-08 16:08:23.401] [info] [gpu_pipeline_task.cpp:188] [locality-audit] prepare_before pipeline_id=1 task_id=113 preferred_device=0 actual_gpu=0 target_tier=GPU target_device=0 input_bytes=2037327 local_bytes=2037327 remote_gpu_bytes=0 host_bytes=0 disk_bytes=0 batch_count=1
[2026-07-08 16:08:23.401] [info] [task_scheduler.cpp:462] [mgpu-audit] pipeline_task dispatched to GPU 0 task_id=116
[2026-07-08 16:08:23.401] [info] [task_scheduler.cpp:464] [locality-audit] dispatch task_id=116 preferred_device=0 actual_gpu=0
[2026-07-08 16:08:23.401] [info] [gpu_pipeline_task.cpp:188] [locality-audit] prepare_after pipeline_id=1 task_id=113 preferred_device=0 actual_gpu=0 target_tier=GPU target_device=0 input_bytes=2037327 local_bytes=2037327 remote_gpu_bytes=0 host_bytes=0 disk_bytes=0 batch_count=1
[2026-07-08 16:08:23.401] [info] [task_scheduler.cpp:462] [mgpu-audit] pipeline_task dispatched to GPU 0 task_id=117
[2026-07-08 16:08:23.401] [info] [task_scheduler.cpp:464] [locality-audit] dispatch task_id=117 preferred_device=0 actual_gpu=0
[2026-07-08 16:08:23.401] [info] [gpu_pipeline_task.cpp:188] [locality-audit] prepare_before pipeline_id=1 task_id=114 preferred_device=0 actual_gpu=0 target_tier=GPU target_device=0 input_bytes=2024239 local_bytes=2024239 remote_gpu_bytes=0 host_bytes=0 disk_bytes=0 batch_count=1
[2026-07-08 16:08:23.401] [info] [gpu_pipeline_task.cpp:321] [stage-audit] pipeline_id=1 task_id=113 operator_id=17 operator_name=PARTITION stage_kind=PARTITION operator_type=82 input_type=PIPELINEABLE output_type=PIPELINEABLE actual_gpu=0 pipeline_operator_count=1 input_batches=1 input_rows=111659 input_columns=2 input_bytes=2037327 output_batches=1 output_rows=111659 output_columns=2 output_bytes=2037327 byte_ratio=1.000000 row_ratio=1.000000 duration_us=4
[2026-07-08 16:08:23.401] [info] [gpu_pipeline_task.cpp:188] [locality-audit] prepare_before pipeline_id=1 task_id=115 preferred_device=0 actual_gpu=0 target_tier=GPU target_device=0 input_bytes=2027399 local_bytes=2027399 remote_gpu_bytes=0 host_bytes=0 disk_bytes=0 batch_count=1
[2026-07-08 16:08:23.401] [info] [gpu_pipeline_task.cpp:188] [locality-audit] prepare_after pipeline_id=1 task_id=115 preferred_device=0 actual_gpu=0 target_tier=GPU target_device=0 input_bytes=2027399 local_bytes=2027399 remote_gpu_bytes=0 host_bytes=0 disk_bytes=0 batch_count=1
[2026-07-08 16:08:23.401] [info] [gpu_pipeline_task.cpp:188] [locality-audit] prepare_before pipeline_id=1 task_id=116 preferred_device=0 actual_gpu=0 target_tier=GPU target_device=0 input_bytes=2035098 local_bytes=2035098 remote_gpu_bytes=0 host_bytes=0 disk_bytes=0 batch_count=1
[2026-07-08 16:08:23.401] [info] [gpu_pipeline_task.cpp:321] [stage-audit] pipeline_id=1 task_id=115 operator_id=17 operator_name=PARTITION stage_kind=PARTITION operator_type=82 input_type=PIPELINEABLE output_type=PIPELINEABLE actual_gpu=0 pipeline_operator_count=1 input_batches=1 input_rows=111089 input_columns=2 input_bytes=2027399 output_batches=1 output_rows=111089 output_columns=2 output_bytes=2027399 byte_ratio=1.000000 row_ratio=1.000000 duration_us=1
[2026-07-08 16:08:23.401] [info] [gpu_pipeline_task.cpp:188] [locality-audit] prepare_after pipeline_id=1 task_id=116 preferred_device=0 actual_gpu=0 target_tier=GPU target_device=0 input_bytes=2035098 local_bytes=2035098 remote_gpu_bytes=0 host_bytes=0 disk_bytes=0 batch_count=1
[2026-07-08 16:08:23.401] [info] [gpu_pipeline_task.cpp:188] [locality-audit] prepare_after pipeline_id=1 task_id=114 preferred_device=0 actual_gpu=0 target_tier=GPU target_device=0 input_bytes=2024239 local_bytes=2024239 remote_gpu_bytes=0 host_bytes=0 disk_bytes=0 batch_count=1
[2026-07-08 16:08:23.401] [info] [gpu_pipeline_task.cpp:321] [stage-audit] pipeline_id=1 task_id=116 operator_id=17 operator_name=PARTITION stage_kind=PARTITION operator_type=82 input_type=PIPELINEABLE output_type=PIPELINEABLE actual_gpu=0 pipeline_operator_count=1 input_batches=1 input_rows=111476 input_columns=2 input_bytes=2035098 output_batches=1 output_rows=111476 output_columns=2 output_bytes=2035098 byte_ratio=1.000000 row_ratio=1.000000 duration_us=1
[2026-07-08 16:08:23.401] [info] [gpu_pipeline_task.cpp:188] [locality-audit] prepare_before pipeline_id=1 task_id=117 preferred_device=0 actual_gpu=0 target_tier=GPU target_device=0 input_bytes=2023560 local_bytes=2023560 remote_gpu_bytes=0 host_bytes=0 disk_bytes=0 batch_count=1
[2026-07-08 16:08:23.401] [info] [gpu_pipeline_task.cpp:188] [locality-audit] prepare_after pipeline_id=1 task_id=117 preferred_device=0 actual_gpu=0 target_tier=GPU target_device=0 input_bytes=2023560 local_bytes=2023560 remote_gpu_bytes=0 host_bytes=0 disk_bytes=0 batch_count=1
[2026-07-08 16:08:23.401] [info] [task_scheduler.cpp:462] [mgpu-audit] pipeline_task dispatched to GPU 0 task_id=118
[2026-07-08 16:08:23.401] [info] [gpu_pipeline_task.cpp:321] [stage-audit] pipeline_id=1 task_id=117 operator_id=17 operator_name=PARTITION stage_kind=PARTITION operator_type=82 input_type=PIPELINEABLE output_type=PIPELINEABLE actual_gpu=0 pipeline_operator_count=1 input_batches=1 input_rows=110892 input_columns=2 input_bytes=2023560 output_batches=1 output_rows=110892 output_columns=2 output_bytes=2023560 byte_ratio=1.000000 row_ratio=1.000000 duration_us=1
[2026-07-08 16:08:23.401] [info] [task_scheduler.cpp:464] [locality-audit] dispatch task_id=118 preferred_device=0 actual_gpu=0
[2026-07-08 16:08:23.401] [info] [gpu_pipeline_task.cpp:321] [stage-audit] pipeline_id=1 task_id=114 operator_id=17 operator_name=PARTITION stage_kind=PARTITION operator_type=82 input_type=PIPELINEABLE output_type=PIPELINEABLE actual_gpu=0 pipeline_operator_count=1 input_batches=1 input_rows=110949 input_columns=2 input_bytes=2024239 output_batches=1 output_rows=110949 output_columns=2 output_bytes=2024239 byte_ratio=1.000000 row_ratio=1.000000 duration_us=9
[2026-07-08 16:08:23.401] [info] [task_scheduler.cpp:462] [mgpu-audit] pipeline_task dispatched to GPU 0 task_id=119
[2026-07-08 16:08:23.401] [info] [task_scheduler.cpp:464] [locality-audit] dispatch task_id=119 preferred_device=0 actual_gpu=0
[2026-07-08 16:08:23.401] [info] [task_scheduler.cpp:462] [mgpu-audit] pipeline_task dispatched to GPU 0 task_id=120
[2026-07-08 16:08:23.401] [info] [task_scheduler.cpp:464] [locality-audit] dispatch task_id=120 preferred_device=0 actual_gpu=0
[2026-07-08 16:08:23.401] [info] [task_scheduler.cpp:462] [mgpu-audit] pipeline_task dispatched to GPU 0 task_id=121
[2026-07-08 16:08:23.401] [info] [task_scheduler.cpp:464] [locality-audit] dispatch task_id=121 preferred_device=0 actual_gpu=0
[2026-07-08 16:08:23.401] [info] [gpu_pipeline_task.cpp:188] [locality-audit] prepare_before pipeline_id=1 task_id=118 preferred_device=0 actual_gpu=0 target_tier=GPU target_device=0 input_bytes=2036646 local_bytes=2036646 remote_gpu_bytes=0 host_bytes=0 disk_bytes=0 batch_count=1
[2026-07-08 16:08:23.401] [info] [task_scheduler.cpp:462] [mgpu-audit] pipeline_task dispatched to GPU 0 task_id=122
[2026-07-08 16:08:23.401] [info] [task_scheduler.cpp:464] [locality-audit] dispatch task_id=122 preferred_device=0 actual_gpu=0
[2026-07-08 16:08:23.401] [info] [gpu_pipeline_task.cpp:188] [locality-audit] prepare_before pipeline_id=1 task_id=119 preferred_device=0 actual_gpu=0 target_tier=GPU target_device=0 input_bytes=2029222 local_bytes=2029222 remote_gpu_bytes=0 host_bytes=0 disk_bytes=0 batch_count=1
[2026-07-08 16:08:23.401] [info] [gpu_pipeline_task.cpp:188] [locality-audit] prepare_before pipeline_id=1 task_id=120 preferred_device=0 actual_gpu=0 target_tier=GPU target_device=0 input_bytes=2039789 local_bytes=2039789 remote_gpu_bytes=0 host_bytes=0 disk_bytes=0 batch_count=1
[2026-07-08 16:08:23.401] [info] [gpu_pipeline_task.cpp:188] [locality-audit] prepare_before pipeline_id=1 task_id=121 preferred_device=0 actual_gpu=0 target_tier=GPU target_device=0 input_bytes=2028377 local_bytes=2028377 remote_gpu_bytes=0 host_bytes=0 disk_bytes=0 batch_count=1
[2026-07-08 16:08:23.401] [info] [gpu_pipeline_task.cpp:188] [locality-audit] prepare_after pipeline_id=1 task_id=120 preferred_device=0 actual_gpu=0 target_tier=GPU target_device=0 input_bytes=2039789 local_bytes=2039789 remote_gpu_bytes=0 host_bytes=0 disk_bytes=0 batch_count=1
[2026-07-08 16:08:23.401] [info] [gpu_pipeline_task.cpp:188] [locality-audit] prepare_after pipeline_id=1 task_id=119 preferred_device=0 actual_gpu=0 target_tier=GPU target_device=0 input_bytes=2029222 local_bytes=2029222 remote_gpu_bytes=0 host_bytes=0 disk_bytes=0 batch_count=1
[2026-07-08 16:08:23.401] [info] [gpu_pipeline_task.cpp:188] [locality-audit] prepare_after pipeline_id=1 task_id=118 preferred_device=0 actual_gpu=0 target_tier=GPU target_device=0 input_bytes=2036646 local_bytes=2036646 remote_gpu_bytes=0 host_bytes=0 disk_bytes=0 batch_count=1
[2026-07-08 16:08:23.401] [info] [gpu_pipeline_task.cpp:321] [stage-audit] pipeline_id=1 task_id=119 operator_id=17 operator_name=PARTITION stage_kind=PARTITION operator_type=82 input_type=PIPELINEABLE output_type=PIPELINEABLE actual_gpu=0 pipeline_operator_count=1 input_batches=1 input_rows=111202 input_columns=2 input_bytes=2029222 output_batches=1 output_rows=111202 output_columns=2 output_bytes=2029222 byte_ratio=1.000000 row_ratio=1.000000 duration_us=4
[2026-07-08 16:08:23.401] [info] [gpu_pipeline_task.cpp:188] [locality-audit] prepare_after pipeline_id=1 task_id=121 preferred_device=0 actual_gpu=0 target_tier=GPU target_device=0 input_bytes=2028377 local_bytes=2028377 remote_gpu_bytes=0 host_bytes=0 disk_bytes=0 batch_count=1
[2026-07-08 16:08:23.401] [info] [gpu_pipeline_task.cpp:321] [stage-audit] pipeline_id=1 task_id=120 operator_id=17 operator_name=PARTITION stage_kind=PARTITION operator_type=82 input_type=PIPELINEABLE output_type=PIPELINEABLE actual_gpu=0 pipeline_operator_count=1 input_batches=1 input_rows=111799 input_columns=2 input_bytes=2039789 output_batches=1 output_rows=111799 output_columns=2 output_bytes=2039789 byte_ratio=1.000000 row_ratio=1.000000 duration_us=2
[2026-07-08 16:08:23.401] [info] [gpu_pipeline_task.cpp:321] [stage-audit] pipeline_id=1 task_id=121 operator_id=17 operator_name=PARTITION stage_kind=PARTITION operator_type=82 input_type=PIPELINEABLE output_type=PIPELINEABLE actual_gpu=0 pipeline_operator_count=1 input_batches=1 input_rows=111141 input_columns=2 input_bytes=2028377 output_batches=1 output_rows=111141 output_columns=2 output_bytes=2028377 byte_ratio=1.000000 row_ratio=1.000000 duration_us=2
[2026-07-08 16:08:23.401] [info] [gpu_pipeline_task.cpp:321] [stage-audit] pipeline_id=1 task_id=118 operator_id=17 operator_name=PARTITION stage_kind=PARTITION operator_type=82 input_type=PIPELINEABLE output_type=PIPELINEABLE actual_gpu=0 pipeline_operator_count=1 input_batches=1 input_rows=111584 input_columns=2 input_bytes=2036646 output_batches=1 output_rows=111584 output_columns=2 output_bytes=2036646 byte_ratio=1.000000 row_ratio=1.000000 duration_us=9
[2026-07-08 16:08:23.401] [info] [task_scheduler.cpp:462] [mgpu-audit] pipeline_task dispatched to GPU 0 task_id=123
[2026-07-08 16:08:23.401] [info] [task_scheduler.cpp:464] [locality-audit] dispatch task_id=123 preferred_device=0 actual_gpu=0
[2026-07-08 16:08:23.401] [info] [gpu_pipeline_task.cpp:188] [locality-audit] prepare_before pipeline_id=1 task_id=122 preferred_device=0 actual_gpu=0 target_tier=GPU target_device=0 input_bytes=2037528 local_bytes=2037528 remote_gpu_bytes=0 host_bytes=0 disk_bytes=0 batch_count=1
[2026-07-08 16:08:23.401] [info] [task_scheduler.cpp:462] [mgpu-audit] pipeline_task dispatched to GPU 0 task_id=124
[2026-07-08 16:08:23.401] [info] [task_scheduler.cpp:464] [locality-audit] dispatch task_id=124 preferred_device=0 actual_gpu=0
[2026-07-08 16:08:23.401] [info] [gpu_pipeline_task.cpp:188] [locality-audit] prepare_after pipeline_id=1 task_id=122 preferred_device=0 actual_gpu=0 target_tier=GPU target_device=0 input_bytes=2037528 local_bytes=2037528 remote_gpu_bytes=0 host_bytes=0 disk_bytes=0 batch_count=1
[2026-07-08 16:08:23.401] [info] [gpu_pipeline_task.cpp:321] [stage-audit] pipeline_id=1 task_id=122 operator_id=17 operator_name=PARTITION stage_kind=PARTITION operator_type=82 input_type=PIPELINEABLE output_type=PIPELINEABLE actual_gpu=0 pipeline_operator_count=1 input_batches=1 input_rows=111624 input_columns=2 input_bytes=2037528 output_batches=1 output_rows=111624 output_columns=2 output_bytes=2037528 byte_ratio=1.000000 row_ratio=1.000000 duration_us=1
[2026-07-08 16:08:23.401] [info] [task_scheduler.cpp:462] [mgpu-audit] pipeline_task dispatched to GPU 0 task_id=125
[2026-07-08 16:08:23.401] [info] [task_scheduler.cpp:464] [locality-audit] dispatch task_id=125 preferred_device=0 actual_gpu=0
[2026-07-08 16:08:23.401] [info] [gpu_pipeline_task.cpp:188] [locality-audit] prepare_before pipeline_id=1 task_id=123 preferred_device=0 actual_gpu=0 target_tier=GPU target_device=0 input_bytes=2029303 local_bytes=2029303 remote_gpu_bytes=0 host_bytes=0 disk_bytes=0 batch_count=1
[2026-07-08 16:08:23.401] [info] [task_scheduler.cpp:462] [mgpu-audit] pipeline_task dispatched to GPU 0 task_id=126
[2026-07-08 16:08:23.401] [info] [task_scheduler.cpp:464] [locality-audit] dispatch task_id=126 preferred_device=0 actual_gpu=0
[2026-07-08 16:08:23.401] [info] [gpu_pipeline_task.cpp:188] [locality-audit] prepare_after pipeline_id=1 task_id=123 preferred_device=0 actual_gpu=0 target_tier=GPU target_device=0 input_bytes=2029303 local_bytes=2029303 remote_gpu_bytes=0 host_bytes=0 disk_bytes=0 batch_count=1
[2026-07-08 16:08:23.401] [info] [task_scheduler.cpp:462] [mgpu-audit] pipeline_task dispatched to GPU 0 task_id=127
[2026-07-08 16:08:23.401] [info] [task_scheduler.cpp:464] [locality-audit] dispatch task_id=127 preferred_device=0 actual_gpu=0
[2026-07-08 16:08:23.401] [info] [gpu_pipeline_task.cpp:188] [locality-audit] prepare_before pipeline_id=1 task_id=124 preferred_device=0 actual_gpu=0 target_tier=GPU target_device=0 input_bytes=2034778 local_bytes=2034778 remote_gpu_bytes=0 host_bytes=0 disk_bytes=0 batch_count=1
[2026-07-08 16:08:23.401] [info] [gpu_pipeline_task.cpp:321] [stage-audit] pipeline_id=1 task_id=123 operator_id=17 operator_name=PARTITION stage_kind=PARTITION operator_type=82 input_type=PIPELINEABLE output_type=PIPELINEABLE actual_gpu=0 pipeline_operator_count=1 input_batches=1 input_rows=111211 input_columns=2 input_bytes=2029303 output_batches=1 output_rows=111211 output_columns=2 output_bytes=2029303 byte_ratio=1.000000 row_ratio=1.000000 duration_us=1
[2026-07-08 16:08:23.401] [info] [gpu_pipeline_task.cpp:188] [locality-audit] prepare_after pipeline_id=1 task_id=124 preferred_device=0 actual_gpu=0 target_tier=GPU target_device=0 input_bytes=2034778 local_bytes=2034778 remote_gpu_bytes=0 host_bytes=0 disk_bytes=0 batch_count=1
[2026-07-08 16:08:23.401] [info] [gpu_pipeline_task.cpp:188] [locality-audit] prepare_before pipeline_id=1 task_id=125 preferred_device=0 actual_gpu=0 target_tier=GPU target_device=0 input_bytes=2034033 local_bytes=2034033 remote_gpu_bytes=0 host_bytes=0 disk_bytes=0 batch_count=1
[2026-07-08 16:08:23.401] [info] [gpu_pipeline_task.cpp:321] [stage-audit] pipeline_id=1 task_id=124 operator_id=17 operator_name=PARTITION stage_kind=PARTITION operator_type=82 input_type=PIPELINEABLE output_type=PIPELINEABLE actual_gpu=0 pipeline_operator_count=1 input_batches=1 input_rows=111466 input_columns=2 input_bytes=2034778 output_batches=1 output_rows=111466 output_columns=2 output_bytes=2034778 byte_ratio=1.000000 row_ratio=1.000000 duration_us=1
[2026-07-08 16:08:23.401] [info] [gpu_pipeline_task.cpp:188] [locality-audit] prepare_before pipeline_id=1 task_id=126 preferred_device=0 actual_gpu=0 target_tier=GPU target_device=0 input_bytes=2034164 local_bytes=2034164 remote_gpu_bytes=0 host_bytes=0 disk_bytes=0 batch_count=1
[2026-07-08 16:08:23.401] [info] [gpu_pipeline_task.cpp:188] [locality-audit] prepare_after pipeline_id=1 task_id=125 preferred_device=0 actual_gpu=0 target_tier=GPU target_device=0 input_bytes=2034033 local_bytes=2034033 remote_gpu_bytes=0 host_bytes=0 disk_bytes=0 batch_count=1
[2026-07-08 16:08:23.401] [info] [gpu_pipeline_task.cpp:188] [locality-audit] prepare_after pipeline_id=1 task_id=126 preferred_device=0 actual_gpu=0 target_tier=GPU target_device=0 input_bytes=2034164 local_bytes=2034164 remote_gpu_bytes=0 host_bytes=0 disk_bytes=0 batch_count=1
[2026-07-08 16:08:23.401] [info] [task_scheduler.cpp:462] [mgpu-audit] pipeline_task dispatched to GPU 0 task_id=128
[2026-07-08 16:08:23.401] [info] [task_scheduler.cpp:464] [locality-audit] dispatch task_id=128 preferred_device=0 actual_gpu=0
[2026-07-08 16:08:23.401] [info] [gpu_pipeline_task.cpp:188] [locality-audit] prepare_before pipeline_id=1 task_id=127 preferred_device=0 actual_gpu=0 target_tier=GPU target_device=0 input_bytes=2032770 local_bytes=2032770 remote_gpu_bytes=0 host_bytes=0 disk_bytes=0 batch_count=1
[2026-07-08 16:08:23.401] [info] [task_scheduler.cpp:462] [mgpu-audit] pipeline_task dispatched to GPU 0 task_id=129
[2026-07-08 16:08:23.401] [info] [gpu_pipeline_task.cpp:188] [locality-audit] prepare_after pipeline_id=1 task_id=127 preferred_device=0 actual_gpu=0 target_tier=GPU target_device=0 input_bytes=2032770 local_bytes=2032770 remote_gpu_bytes=0 host_bytes=0 disk_bytes=0 batch_count=1
[2026-07-08 16:08:23.401] [info] [task_scheduler.cpp:464] [locality-audit] dispatch task_id=129 preferred_device=0 actual_gpu=0
[2026-07-08 16:08:23.401] [info] [gpu_pipeline_task.cpp:321] [stage-audit] pipeline_id=1 task_id=127 operator_id=17 operator_name=PARTITION stage_kind=PARTITION operator_type=82 input_type=PIPELINEABLE output_type=PIPELINEABLE actual_gpu=0 pipeline_operator_count=1 input_batches=1 input_rows=111380 input_columns=2 input_bytes=2032770 output_batches=1 output_rows=111380 output_columns=2 output_bytes=2032770 byte_ratio=1.000000 row_ratio=1.000000 duration_us=1
[2026-07-08 16:08:23.401] [info] [gpu_pipeline_task.cpp:188] [locality-audit] prepare_before pipeline_id=1 task_id=128 preferred_device=0 actual_gpu=0 target_tier=GPU target_device=0 input_bytes=2025436 local_bytes=2025436 remote_gpu_bytes=0 host_bytes=0 disk_bytes=0 batch_count=1
[2026-07-08 16:08:23.401] [info] [gpu_pipeline_task.cpp:321] [stage-audit] pipeline_id=1 task_id=126 operator_id=17 operator_name=PARTITION stage_kind=PARTITION operator_type=82 input_type=PIPELINEABLE output_type=PIPELINEABLE actual_gpu=0 pipeline_operator_count=1 input_batches=1 input_rows=111448 input_columns=2 input_bytes=2034164 output_batches=1 output_rows=111448 output_columns=2 output_bytes=2034164 byte_ratio=1.000000 row_ratio=1.000000 duration_us=5
[2026-07-08 16:08:23.401] [info] [gpu_pipeline_task.cpp:188] [locality-audit] prepare_after pipeline_id=1 task_id=128 preferred_device=0 actual_gpu=0 target_tier=GPU target_device=0 input_bytes=2025436 local_bytes=2025436 remote_gpu_bytes=0 host_bytes=0 disk_bytes=0 batch_count=1
[2026-07-08 16:08:23.401] [info] [task_scheduler.cpp:462] [mgpu-audit] pipeline_task dispatched to GPU 0 task_id=130
[2026-07-08 16:08:23.401] [info] [gpu_pipeline_task.cpp:321] [stage-audit] pipeline_id=1 task_id=128 operator_id=17 operator_name=PARTITION stage_kind=PARTITION operator_type=82 input_type=PIPELINEABLE output_type=PIPELINEABLE actual_gpu=0 pipeline_operator_count=1 input_batches=1 input_rows=110960 input_columns=2 input_bytes=2025436 output_batches=1 output_rows=110960 output_columns=2 output_bytes=2025436 byte_ratio=1.000000 row_ratio=1.000000 duration_us=1
[2026-07-08 16:08:23.401] [info] [task_scheduler.cpp:464] [locality-audit] dispatch task_id=130 preferred_device=0 actual_gpu=0
[2026-07-08 16:08:23.401] [info] [gpu_pipeline_task.cpp:321] [stage-audit] pipeline_id=1 task_id=125 operator_id=17 operator_name=PARTITION stage_kind=PARTITION operator_type=82 input_type=PIPELINEABLE output_type=PIPELINEABLE actual_gpu=0 pipeline_operator_count=1 input_batches=1 input_rows=111445 input_columns=2 input_bytes=2034033 output_batches=1 output_rows=111445 output_columns=2 output_bytes=2034033 byte_ratio=1.000000 row_ratio=1.000000 duration_us=9
[2026-07-08 16:08:23.401] [info] [task_scheduler.cpp:462] [mgpu-audit] pipeline_task dispatched to GPU 0 task_id=131
[2026-07-08 16:08:23.401] [info] [task_scheduler.cpp:464] [locality-audit] dispatch task_id=131 preferred_device=0 actual_gpu=0
[2026-07-08 16:08:23.401] [info] [gpu_pipeline_task.cpp:188] [locality-audit] prepare_before pipeline_id=1 task_id=129 preferred_device=0 actual_gpu=0 target_tier=GPU target_device=0 input_bytes=2027604 local_bytes=2027604 remote_gpu_bytes=0 host_bytes=0 disk_bytes=0 batch_count=1
[2026-07-08 16:08:23.401] [info] [task_scheduler.cpp:462] [mgpu-audit] pipeline_task dispatched to GPU 0 task_id=132
[2026-07-08 16:08:23.401] [info] [task_scheduler.cpp:464] [locality-audit] dispatch task_id=132 preferred_device=0 actual_gpu=0
[2026-07-08 16:08:23.401] [info] [gpu_pipeline_task.cpp:188] [locality-audit] prepare_after pipeline_id=1 task_id=129 preferred_device=0 actual_gpu=0 target_tier=GPU target_device=0 input_bytes=2027604 local_bytes=2027604 remote_gpu_bytes=0 host_bytes=0 disk_bytes=0 batch_count=1
[2026-07-08 16:08:23.401] [info] [gpu_pipeline_task.cpp:188] [locality-audit] prepare_before pipeline_id=1 task_id=130 preferred_device=0 actual_gpu=0 target_tier=GPU target_device=0 input_bytes=2025353 local_bytes=2025353 remote_gpu_bytes=0 host_bytes=0 disk_bytes=0 batch_count=1
[2026-07-08 16:08:23.401] [info] [gpu_pipeline_task.cpp:188] [locality-audit] prepare_before pipeline_id=1 task_id=131 preferred_device=0 actual_gpu=0 target_tier=GPU target_device=0 input_bytes=2027441 local_bytes=2027441 remote_gpu_bytes=0 host_bytes=0 disk_bytes=0 batch_count=1
[2026-07-08 16:08:23.401] [info] [gpu_pipeline_task.cpp:188] [locality-audit] prepare_after pipeline_id=1 task_id=130 preferred_device=0 actual_gpu=0 target_tier=GPU target_device=0 input_bytes=2025353 local_bytes=2025353 remote_gpu_bytes=0 host_bytes=0 disk_bytes=0 batch_count=1
[2026-07-08 16:08:23.401] [info] [gpu_pipeline_task.cpp:188] [locality-audit] prepare_after pipeline_id=1 task_id=131 preferred_device=0 actual_gpu=0 target_tier=GPU target_device=0 input_bytes=2027441 local_bytes=2027441 remote_gpu_bytes=0 host_bytes=0 disk_bytes=0 batch_count=1
[2026-07-08 16:08:23.401] [info] [gpu_pipeline_task.cpp:321] [stage-audit] pipeline_id=1 task_id=130 operator_id=17 operator_name=PARTITION stage_kind=PARTITION operator_type=82 input_type=PIPELINEABLE output_type=PIPELINEABLE actual_gpu=0 pipeline_operator_count=1 input_batches=1 input_rows=110981 input_columns=2 input_bytes=2025353 output_batches=1 output_rows=110981 output_columns=2 output_bytes=2025353 byte_ratio=1.000000 row_ratio=1.000000 duration_us=1
[2026-07-08 16:08:23.401] [info] [gpu_pipeline_task.cpp:321] [stage-audit] pipeline_id=1 task_id=129 operator_id=17 operator_name=PARTITION stage_kind=PARTITION operator_type=82 input_type=PIPELINEABLE output_type=PIPELINEABLE actual_gpu=0 pipeline_operator_count=1 input_batches=1 input_rows=111084 input_columns=2 input_bytes=2027604 output_batches=1 output_rows=111084 output_columns=2 output_bytes=2027604 byte_ratio=1.000000 row_ratio=1.000000 duration_us=3
[2026-07-08 16:08:23.401] [info] [gpu_pipeline_task.cpp:321] [stage-audit] pipeline_id=1 task_id=131 operator_id=17 operator_name=PARTITION stage_kind=PARTITION operator_type=82 input_type=PIPELINEABLE output_type=PIPELINEABLE actual_gpu=0 pipeline_operator_count=1 input_batches=1 input_rows=111067 input_columns=2 input_bytes=2027441 output_batches=1 output_rows=111067 output_columns=2 output_bytes=2027441 byte_ratio=1.000000 row_ratio=1.000000 duration_us=1
[2026-07-08 16:08:23.401] [info] [gpu_pipeline_task.cpp:188] [locality-audit] prepare_before pipeline_id=1 task_id=132 preferred_device=0 actual_gpu=0 target_tier=GPU target_device=0 input_bytes=38246 local_bytes=38246 remote_gpu_bytes=0 host_bytes=0 disk_bytes=0 batch_count=1
[2026-07-08 16:08:23.401] [info] [gpu_pipeline_task.cpp:188] [locality-audit] prepare_after pipeline_id=1 task_id=132 preferred_device=0 actual_gpu=0 target_tier=GPU target_device=0 input_bytes=38246 local_bytes=38246 remote_gpu_bytes=0 host_bytes=0 disk_bytes=0 batch_count=1
[2026-07-08 16:08:23.401] [info] [gpu_pipeline_task.cpp:321] [stage-audit] pipeline_id=1 task_id=132 operator_id=17 operator_name=PARTITION stage_kind=PARTITION operator_type=82 input_type=PIPELINEABLE output_type=PIPELINEABLE actual_gpu=0 pipeline_operator_count=1 input_batches=1 input_rows=2088 input_columns=2 input_bytes=38246 output_batches=1 output_rows=2088 output_columns=2 output_bytes=38246 byte_ratio=1.000000 row_ratio=1.000000 duration_us=1
[2026-07-08 16:08:23.402] [info] [task_scheduler.cpp:462] [mgpu-audit] pipeline_task dispatched to GPU 0 task_id=133
[2026-07-08 16:08:23.402] [info] [task_scheduler.cpp:464] [locality-audit] dispatch task_id=133 preferred_device=0 actual_gpu=0
[2026-07-08 16:08:23.402] [info] [gpu_pipeline_task.cpp:188] [locality-audit] prepare_before pipeline_id=2 task_id=133 preferred_device=0 actual_gpu=0 target_tier=GPU target_device=0 input_bytes=56875087 local_bytes=56875087 remote_gpu_bytes=0 host_bytes=0 disk_bytes=0 batch_count=29
[2026-07-08 16:08:23.402] [info] [gpu_pipeline_task.cpp:188] [locality-audit] prepare_after pipeline_id=2 task_id=133 preferred_device=0 actual_gpu=0 target_tier=GPU target_device=0 input_bytes=56875087 local_bytes=56875087 remote_gpu_bytes=0 host_bytes=0 disk_bytes=0 batch_count=29
[2026-07-08 16:08:23.405] [info] [gpu_pipeline_task.cpp:321] [stage-audit] pipeline_id=2 task_id=133 operator_id=16 operator_name=CONCAT stage_kind=CONCAT operator_type=83 input_type=PARTITIONED output_type=PARTITIONED actual_gpu=0 pipeline_operator_count=1 input_batches=29 input_rows=3116283 input_columns=58 input_bytes=56875087 output_batches=1 output_rows=3116283 output_columns=2 output_bytes=56094047 byte_ratio=0.986267 row_ratio=1.000000 duration_us=2874
[2026-07-08 16:08:23.405] [info] [dynamic_filter_publisher.cpp:330] [sirius_physical_hash_join] Pushed 1 dynamic filter(s) across 1 active target(s) of 1 wired target(s) (3116283 build rows, 1 keys).
[2026-07-08 16:08:23.410] [info] [task_scheduler.cpp:462] [mgpu-audit] pipeline_task dispatched to GPU 0 task_id=134
[2026-07-08 16:08:23.410] [info] [task_scheduler.cpp:464] [locality-audit] dispatch task_id=134 preferred_device=0 actual_gpu=0
[2026-07-08 16:08:23.421] [info] [task_scheduler.cpp:462] [mgpu-audit] pipeline_task dispatched to GPU 0 task_id=135
[2026-07-08 16:08:23.421] [info] [task_scheduler.cpp:464] [locality-audit] dispatch task_id=135 preferred_device=0 actual_gpu=0
[2026-07-08 16:08:23.436] [info] [task_scheduler.cpp:462] [mgpu-audit] pipeline_task dispatched to GPU 0 task_id=136
[2026-07-08 16:08:23.436] [info] [task_scheduler.cpp:464] [locality-audit] dispatch task_id=136 preferred_device=0 actual_gpu=0
[2026-07-08 16:08:23.528] [info] [gpu_pipeline_task.cpp:321] [stage-audit] pipeline_id=3 task_id=134 operator_id=18 operator_name=GPU_SCAN stage_kind=SCAN operator_type=94 input_type=GPU_SCAN output_type=PIPELINEABLE actual_gpu=0 pipeline_operator_count=2 input_batches=0 input_rows=0 input_columns=0 input_bytes=0 output_batches=1 output_rows=42422236 output_columns=2 output_bytes=876052424 byte_ratio=0.000000 row_ratio=0.000000 duration_us=113767
[2026-07-08 16:08:23.530] [info] [gpu_pipeline_task.cpp:321] [stage-audit] pipeline_id=3 task_id=134 operator_id=19 operator_name=DYNAMIC_FILTER stage_kind=OTHER operator_type=95 input_type=PIPELINEABLE output_type=PIPELINEABLE actual_gpu=0 pipeline_operator_count=2 input_batches=1 input_rows=42422236 input_columns=2 input_bytes=876052424 output_batches=1 output_rows=866426 output_columns=2 output_bytes=17890601 byte_ratio=0.020422 row_ratio=0.020424 duration_us=2225
[2026-07-08 16:08:23.530] [info] [task_scheduler.cpp:462] [mgpu-audit] pipeline_task dispatched to GPU 0 task_id=137
[2026-07-08 16:08:23.530] [info] [task_scheduler.cpp:464] [locality-audit] dispatch task_id=137 preferred_device=0 actual_gpu=0
[2026-07-08 16:08:23.530] [info] [task_creator.cpp:363] [locality-audit] task_create operator_id=21 input_bytes=17890601 local_bytes=17890601 gpu_source_bytes=17890601 host_source_bytes=0 disk_source_bytes=0 gpu_sources=1 host_sources=0 preferred_device=0
[2026-07-08 16:08:23.531] [info] [task_scheduler.cpp:462] [mgpu-audit] pipeline_task dispatched to GPU 0 task_id=138
[2026-07-08 16:08:23.531] [info] [task_scheduler.cpp:464] [locality-audit] dispatch task_id=138 preferred_device=0 actual_gpu=0
[2026-07-08 16:08:23.733] [info] [gpu_pipeline_task.cpp:321] [stage-audit] pipeline_id=3 task_id=136 operator_id=18 operator_name=GPU_SCAN stage_kind=SCAN operator_type=94 input_type=GPU_SCAN output_type=PIPELINEABLE actual_gpu=0 pipeline_operator_count=2 input_batches=0 input_rows=0 input_columns=0 input_bytes=0 output_batches=1 output_rows=42495694 output_columns=2 output_bytes=877562334 byte_ratio=0.000000 row_ratio=0.000000 duration_us=198398
[2026-07-08 16:08:23.733] [info] [gpu_pipeline_task.cpp:321] [stage-audit] pipeline_id=3 task_id=135 operator_id=18 operator_name=GPU_SCAN stage_kind=SCAN operator_type=94 input_type=GPU_SCAN output_type=PIPELINEABLE actual_gpu=0 pipeline_operator_count=2 input_batches=0 input_rows=0 input_columns=0 input_bytes=0 output_batches=1 output_rows=42495508 output_columns=2 output_bytes=877522770 byte_ratio=0.000000 row_ratio=0.000000 duration_us=198888
[2026-07-08 16:08:23.737] [info] [gpu_pipeline_task.cpp:321] [stage-audit] pipeline_id=3 task_id=136 operator_id=19 operator_name=DYNAMIC_FILTER stage_kind=OTHER operator_type=95 input_type=PIPELINEABLE output_type=PIPELINEABLE actual_gpu=0 pipeline_operator_count=2 input_batches=1 input_rows=42495694 input_columns=2 input_bytes=877562334 output_batches=1 output_rows=869235 output_columns=2 output_bytes=17949430 byte_ratio=0.020454 row_ratio=0.020455 duration_us=4163
[2026-07-08 16:08:23.737] [info] [gpu_pipeline_task.cpp:321] [stage-audit] pipeline_id=3 task_id=135 operator_id=19 operator_name=DYNAMIC_FILTER stage_kind=OTHER operator_type=95 input_type=PIPELINEABLE output_type=PIPELINEABLE actual_gpu=0 pipeline_operator_count=2 input_batches=1 input_rows=42495508 input_columns=2 input_bytes=877522770 output_batches=1 output_rows=867049 output_columns=2 output_bytes=17902823 byte_ratio=0.020402 row_ratio=0.020403 duration_us=3806
[2026-07-08 16:08:23.737] [info] [gpu_pipeline_task.cpp:188] [locality-audit] prepare_before pipeline_id=4 task_id=138 preferred_device=0 actual_gpu=0 target_tier=GPU target_device=0 input_bytes=17890601 local_bytes=17890601 remote_gpu_bytes=0 host_bytes=0 disk_bytes=0 batch_count=1
[2026-07-08 16:08:23.737] [info] [gpu_pipeline_task.cpp:188] [locality-audit] prepare_after pipeline_id=4 task_id=138 preferred_device=0 actual_gpu=0 target_tier=GPU target_device=0 input_bytes=17890601 local_bytes=17890601 remote_gpu_bytes=0 host_bytes=0 disk_bytes=0 batch_count=1
[2026-07-08 16:08:23.737] [info] [gpu_pipeline_task.cpp:321] [stage-audit] pipeline_id=4 task_id=138 operator_id=21 operator_name=PARTITION stage_kind=PARTITION operator_type=82 input_type=PIPELINEABLE output_type=PIPELINEABLE actual_gpu=0 pipeline_operator_count=1 input_batches=1 input_rows=866426 input_columns=2 input_bytes=17890601 output_batches=1 output_rows=866426 output_columns=2 output_bytes=17890601 byte_ratio=1.000000 row_ratio=1.000000 duration_us=1
[2026-07-08 16:08:23.737] [info] [task_creator.cpp:363] [locality-audit] task_create operator_id=21 input_bytes=17949430 local_bytes=17949430 gpu_source_bytes=17949430 host_source_bytes=0 disk_source_bytes=0 gpu_sources=1 host_sources=0 preferred_device=0
[2026-07-08 16:08:23.737] [info] [task_creator.cpp:363] [locality-audit] task_create operator_id=21 input_bytes=17902823 local_bytes=17902823 gpu_source_bytes=17902823 host_source_bytes=0 disk_source_bytes=0 gpu_sources=1 host_sources=0 preferred_device=0
[2026-07-08 16:08:23.737] [info] [task_scheduler.cpp:462] [mgpu-audit] pipeline_task dispatched to GPU 0 task_id=139
[2026-07-08 16:08:23.737] [info] [task_scheduler.cpp:464] [locality-audit] dispatch task_id=139 preferred_device=0 actual_gpu=0
[2026-07-08 16:08:23.738] [info] [task_scheduler.cpp:462] [mgpu-audit] pipeline_task dispatched to GPU 0 task_id=140
[2026-07-08 16:08:23.738] [info] [task_scheduler.cpp:464] [locality-audit] dispatch task_id=140 preferred_device=0 actual_gpu=0
[2026-07-08 16:08:23.738] [info] [gpu_pipeline_task.cpp:188] [locality-audit] prepare_before pipeline_id=4 task_id=140 preferred_device=0 actual_gpu=0 target_tier=GPU target_device=0 input_bytes=17902823 local_bytes=17902823 remote_gpu_bytes=0 host_bytes=0 disk_bytes=0 batch_count=1
[2026-07-08 16:08:23.738] [info] [gpu_pipeline_task.cpp:188] [locality-audit] prepare_before pipeline_id=4 task_id=139 preferred_device=0 actual_gpu=0 target_tier=GPU target_device=0 input_bytes=17949430 local_bytes=17949430 remote_gpu_bytes=0 host_bytes=0 disk_bytes=0 batch_count=1
[2026-07-08 16:08:23.738] [info] [gpu_pipeline_task.cpp:188] [locality-audit] prepare_after pipeline_id=4 task_id=140 preferred_device=0 actual_gpu=0 target_tier=GPU target_device=0 input_bytes=17902823 local_bytes=17902823 remote_gpu_bytes=0 host_bytes=0 disk_bytes=0 batch_count=1
[2026-07-08 16:08:23.738] [info] [gpu_pipeline_task.cpp:321] [stage-audit] pipeline_id=4 task_id=140 operator_id=21 operator_name=PARTITION stage_kind=PARTITION operator_type=82 input_type=PIPELINEABLE output_type=PIPELINEABLE actual_gpu=0 pipeline_operator_count=1 input_batches=1 input_rows=867049 input_columns=2 input_bytes=17902823 output_batches=1 output_rows=867049 output_columns=2 output_bytes=17902823 byte_ratio=1.000000 row_ratio=1.000000 duration_us=1
[2026-07-08 16:08:23.738] [info] [gpu_pipeline_task.cpp:188] [locality-audit] prepare_after pipeline_id=4 task_id=139 preferred_device=0 actual_gpu=0 target_tier=GPU target_device=0 input_bytes=17949430 local_bytes=17949430 remote_gpu_bytes=0 host_bytes=0 disk_bytes=0 batch_count=1
[2026-07-08 16:08:23.738] [info] [gpu_pipeline_task.cpp:321] [stage-audit] pipeline_id=4 task_id=139 operator_id=21 operator_name=PARTITION stage_kind=PARTITION operator_type=82 input_type=PIPELINEABLE output_type=PIPELINEABLE actual_gpu=0 pipeline_operator_count=1 input_batches=1 input_rows=869235 input_columns=2 input_bytes=17949430 output_batches=1 output_rows=869235 output_columns=2 output_bytes=17949430 byte_ratio=1.000000 row_ratio=1.000000 duration_us=3
[2026-07-08 16:08:23.813] [info] [gpu_pipeline_task.cpp:321] [stage-audit] pipeline_id=3 task_id=137 operator_id=18 operator_name=GPU_SCAN stage_kind=SCAN operator_type=94 input_type=GPU_SCAN output_type=PIPELINEABLE actual_gpu=0 pipeline_operator_count=2 input_batches=0 input_rows=0 input_columns=0 input_bytes=0 output_batches=1 output_rows=22586562 output_columns=2 output_bytes=466387580 byte_ratio=0.000000 row_ratio=0.000000 duration_us=73923
[2026-07-08 16:08:23.815] [info] [gpu_pipeline_task.cpp:321] [stage-audit] pipeline_id=3 task_id=137 operator_id=19 operator_name=DYNAMIC_FILTER stage_kind=OTHER operator_type=95 input_type=PIPELINEABLE output_type=PIPELINEABLE actual_gpu=0 pipeline_operator_count=2 input_batches=1 input_rows=22586562 input_columns=2 input_bytes=466387580 output_batches=1 output_rows=460715 output_columns=2 output_bytes=9515234 byte_ratio=0.020402 row_ratio=0.020398 duration_us=1659
[2026-07-08 16:08:23.815] [info] [task_creator.cpp:363] [locality-audit] task_create operator_id=21 input_bytes=9515234 local_bytes=9515234 gpu_source_bytes=9515234 host_source_bytes=0 disk_source_bytes=0 gpu_sources=1 host_sources=0 preferred_device=0
[2026-07-08 16:08:23.815] [info] [task_scheduler.cpp:462] [mgpu-audit] pipeline_task dispatched to GPU 0 task_id=141
[2026-07-08 16:08:23.815] [info] [task_scheduler.cpp:464] [locality-audit] dispatch task_id=141 preferred_device=0 actual_gpu=0
[2026-07-08 16:08:23.815] [info] [gpu_pipeline_task.cpp:188] [locality-audit] prepare_before pipeline_id=4 task_id=141 preferred_device=0 actual_gpu=0 target_tier=GPU target_device=0 input_bytes=9515234 local_bytes=9515234 remote_gpu_bytes=0 host_bytes=0 disk_bytes=0 batch_count=1
[2026-07-08 16:08:23.815] [info] [gpu_pipeline_task.cpp:188] [locality-audit] prepare_after pipeline_id=4 task_id=141 preferred_device=0 actual_gpu=0 target_tier=GPU target_device=0 input_bytes=9515234 local_bytes=9515234 remote_gpu_bytes=0 host_bytes=0 disk_bytes=0 batch_count=1
[2026-07-08 16:08:23.815] [info] [gpu_pipeline_task.cpp:321] [stage-audit] pipeline_id=4 task_id=141 operator_id=21 operator_name=PARTITION stage_kind=PARTITION operator_type=82 input_type=PIPELINEABLE output_type=PIPELINEABLE actual_gpu=0 pipeline_operator_count=1 input_batches=1 input_rows=460715 input_columns=2 input_bytes=9515234 output_batches=1 output_rows=460715 output_columns=2 output_bytes=9515234 byte_ratio=1.000000 row_ratio=1.000000 duration_us=3
[2026-07-08 16:08:23.816] [info] [task_scheduler.cpp:462] [mgpu-audit] pipeline_task dispatched to GPU 0 task_id=142
[2026-07-08 16:08:23.816] [info] [task_scheduler.cpp:464] [locality-audit] dispatch task_id=142 preferred_device=0 actual_gpu=0
[2026-07-08 16:08:23.816] [info] [gpu_pipeline_task.cpp:188] [locality-audit] prepare_before pipeline_id=5 task_id=142 preferred_device=0 actual_gpu=0 target_tier=GPU target_device=0 input_bytes=63258088 local_bytes=63258088 remote_gpu_bytes=0 host_bytes=0 disk_bytes=0 batch_count=4
[2026-07-08 16:08:23.816] [info] [gpu_pipeline_task.cpp:188] [locality-audit] prepare_after pipeline_id=5 task_id=142 preferred_device=0 actual_gpu=0 target_tier=GPU target_device=0 input_bytes=63258088 local_bytes=63258088 remote_gpu_bytes=0 host_bytes=0 disk_bytes=0 batch_count=4
[2026-07-08 16:08:23.818] [info] [gpu_pipeline_task.cpp:321] [stage-audit] pipeline_id=5 task_id=142 operator_id=20 operator_name=CONCAT stage_kind=CONCAT operator_type=83 input_type=PARTITIONED output_type=PARTITIONED actual_gpu=0 pipeline_operator_count=1 input_batches=4 input_rows=3063425 input_columns=8 input_bytes=63258088 output_batches=1 output_rows=3063425 output_columns=2 output_bytes=62491996 byte_ratio=0.987889 row_ratio=1.000000 duration_us=1852
[2026-07-08 16:08:23.818] [info] [task_scheduler.cpp:462] [mgpu-audit] pipeline_task dispatched to GPU 0 task_id=143
[2026-07-08 16:08:23.818] [info] [task_scheduler.cpp:464] [locality-audit] dispatch task_id=143 preferred_device=0 actual_gpu=0
[2026-07-08 16:08:23.818] [info] [gpu_pipeline_task.cpp:188] [locality-audit] prepare_before pipeline_id=6 task_id=143 preferred_device=0 actual_gpu=0 target_tier=GPU target_device=0 input_bytes=118586043 local_bytes=118586043 remote_gpu_bytes=0 host_bytes=0 disk_bytes=0 batch_count=2
[2026-07-08 16:08:23.818] [info] [gpu_pipeline_task.cpp:188] [locality-audit] prepare_after pipeline_id=6 task_id=143 preferred_device=0 actual_gpu=0 target_tier=GPU target_device=0 input_bytes=118586043 local_bytes=118586043 remote_gpu_bytes=0 host_bytes=0 disk_bytes=0 batch_count=2
[2026-07-08 16:08:23.822] [info] [gpu_pipeline_task.cpp:321] [stage-audit] pipeline_id=6 task_id=143 operator_id=10 operator_name=HASH_JOIN stage_kind=JOIN operator_type=33 input_type=PARTITIONED output_type=PIPELINEABLE actual_gpu=0 pipeline_operator_count=3 input_batches=2 input_rows=6179708 input_columns=4 input_bytes=118586043 output_batches=1 output_rows=3116283 output_columns=2 output_bytes=69801429 byte_ratio=0.588614 row_ratio=0.504277 duration_us=4187
[2026-07-08 16:08:23.823] [info] [gpu_pipeline_task.cpp:321] [stage-audit] pipeline_id=6 task_id=143 operator_id=11 operator_name=PROJECTION stage_kind=PROJECTION operator_type=13 input_type=PIPELINEABLE output_type=PIPELINEABLE actual_gpu=0 pipeline_operator_count=3 input_batches=1 input_rows=3116283 input_columns=2 input_bytes=69801429 output_batches=1 output_rows=3116283 output_columns=3 output_bytes=59830978 byte_ratio=0.857160 row_ratio=1.000000 duration_us=810
[2026-07-08 16:08:23.825] [info] [gpu_pipeline_task.cpp:321] [stage-audit] pipeline_id=6 task_id=143 operator_id=12 operator_name=HASH_GROUP_BY stage_kind=AGGREGATE operator_type=9 input_type=PIPELINEABLE output_type=PIPELINEABLE actual_gpu=0 pipeline_operator_count=3 input_batches=1 input_rows=3116283 input_columns=3 input_bytes=59830978 output_batches=1 output_rows=2 output_columns=3 output_bytes=56 byte_ratio=0.000001 row_ratio=0.000001 duration_us=1947
[2026-07-08 16:08:23.825] [info] [task_creator.cpp:363] [locality-audit] task_create operator_id=22 input_bytes=56 local_bytes=56 gpu_source_bytes=56 host_source_bytes=0 disk_source_bytes=0 gpu_sources=1 host_sources=0 preferred_device=0
[2026-07-08 16:08:23.825] [info] [task_scheduler.cpp:462] [mgpu-audit] pipeline_task dispatched to GPU 0 task_id=144
[2026-07-08 16:08:23.825] [info] [task_scheduler.cpp:464] [locality-audit] dispatch task_id=144 preferred_device=0 actual_gpu=0
[2026-07-08 16:08:23.825] [info] [gpu_pipeline_task.cpp:188] [locality-audit] prepare_before pipeline_id=7 task_id=144 preferred_device=0 actual_gpu=0 target_tier=GPU target_device=0 input_bytes=56 local_bytes=56 remote_gpu_bytes=0 host_bytes=0 disk_bytes=0 batch_count=1
[2026-07-08 16:08:23.825] [info] [gpu_pipeline_task.cpp:188] [locality-audit] prepare_after pipeline_id=7 task_id=144 preferred_device=0 actual_gpu=0 target_tier=GPU target_device=0 input_bytes=56 local_bytes=56 remote_gpu_bytes=0 host_bytes=0 disk_bytes=0 batch_count=1
[2026-07-08 16:08:23.825] [info] [gpu_pipeline_task.cpp:321] [stage-audit] pipeline_id=7 task_id=144 operator_id=22 operator_name=PARTITION stage_kind=PARTITION operator_type=82 input_type=PIPELINEABLE output_type=PIPELINEABLE actual_gpu=0 pipeline_operator_count=1 input_batches=1 input_rows=2 input_columns=3 input_bytes=56 output_batches=1 output_rows=2 output_columns=3 output_bytes=56 byte_ratio=1.000000 row_ratio=1.000000 duration_us=4
[2026-07-08 16:08:23.825] [info] [task_scheduler.cpp:462] [mgpu-audit] pipeline_task dispatched to GPU 0 task_id=145
[2026-07-08 16:08:23.825] [info] [task_scheduler.cpp:464] [locality-audit] dispatch task_id=145 preferred_device=0 actual_gpu=0
[2026-07-08 16:08:23.825] [info] [gpu_pipeline_task.cpp:188] [locality-audit] prepare_before pipeline_id=8 task_id=145 preferred_device=0 actual_gpu=0 target_tier=GPU target_device=0 input_bytes=56 local_bytes=56 remote_gpu_bytes=0 host_bytes=0 disk_bytes=0 batch_count=1
[2026-07-08 16:08:23.825] [info] [gpu_pipeline_task.cpp:188] [locality-audit] prepare_after pipeline_id=8 task_id=145 preferred_device=0 actual_gpu=0 target_tier=GPU target_device=0 input_bytes=56 local_bytes=56 remote_gpu_bytes=0 host_bytes=0 disk_bytes=0 batch_count=1
[2026-07-08 16:08:23.825] [info] [gpu_pipeline_task.cpp:321] [stage-audit] pipeline_id=8 task_id=145 operator_id=23 operator_name=MERGE_GROUP_BY stage_kind=AGGREGATE operator_type=85 input_type=PARTITIONED output_type=PIPELINEABLE actual_gpu=0 pipeline_operator_count=1 input_batches=1 input_rows=2 input_columns=3 input_bytes=56 output_batches=1 output_rows=2 output_columns=3 output_bytes=56 byte_ratio=1.000000 row_ratio=1.000000 duration_us=6
[2026-07-08 16:08:23.826] [info] [task_creator.cpp:363] [locality-audit] task_create operator_id=13 input_bytes=56 local_bytes=56 gpu_source_bytes=56 host_source_bytes=0 disk_source_bytes=0 gpu_sources=1 host_sources=0 preferred_device=0
[2026-07-08 16:08:23.826] [info] [task_scheduler.cpp:462] [mgpu-audit] pipeline_task dispatched to GPU 0 task_id=146
[2026-07-08 16:08:23.826] [info] [task_scheduler.cpp:464] [locality-audit] dispatch task_id=146 preferred_device=0 actual_gpu=0
[2026-07-08 16:08:23.826] [info] [gpu_pipeline_task.cpp:188] [locality-audit] prepare_before pipeline_id=9 task_id=146 preferred_device=0 actual_gpu=0 target_tier=GPU target_device=0 input_bytes=56 local_bytes=56 remote_gpu_bytes=0 host_bytes=0 disk_bytes=0 batch_count=1
[2026-07-08 16:08:23.826] [info] [gpu_pipeline_task.cpp:188] [locality-audit] prepare_after pipeline_id=9 task_id=146 preferred_device=0 actual_gpu=0 target_tier=GPU target_device=0 input_bytes=56 local_bytes=56 remote_gpu_bytes=0 host_bytes=0 disk_bytes=0 batch_count=1
[2026-07-08 16:08:23.826] [info] [gpu_pipeline_task.cpp:321] [stage-audit] pipeline_id=9 task_id=146 operator_id=13 operator_name=ORDER_BY stage_kind=SORT operator_type=1 input_type=PIPELINEABLE output_type=PIPELINEABLE actual_gpu=0 pipeline_operator_count=1 input_batches=1 input_rows=2 input_columns=3 input_bytes=56 output_batches=1 output_rows=2 output_columns=3 output_bytes=56 byte_ratio=1.000000 row_ratio=1.000000 duration_us=141
[2026-07-08 16:08:23.826] [info] [task_creator.cpp:363] [locality-audit] task_create operator_id=24 input_bytes=56 local_bytes=56 gpu_source_bytes=56 host_source_bytes=0 disk_source_bytes=0 gpu_sources=1 host_sources=0 preferred_device=0
[2026-07-08 16:08:23.826] [info] [task_scheduler.cpp:462] [mgpu-audit] pipeline_task dispatched to GPU 0 task_id=147
[2026-07-08 16:08:23.826] [info] [task_scheduler.cpp:464] [locality-audit] dispatch task_id=147 preferred_device=0 actual_gpu=0
[2026-07-08 16:08:23.826] [info] [gpu_pipeline_task.cpp:188] [locality-audit] prepare_before pipeline_id=10 task_id=147 preferred_device=0 actual_gpu=0 target_tier=GPU target_device=0 input_bytes=56 local_bytes=56 remote_gpu_bytes=0 host_bytes=0 disk_bytes=0 batch_count=1
[2026-07-08 16:08:23.826] [info] [gpu_pipeline_task.cpp:188] [locality-audit] prepare_after pipeline_id=10 task_id=147 preferred_device=0 actual_gpu=0 target_tier=GPU target_device=0 input_bytes=56 local_bytes=56 remote_gpu_bytes=0 host_bytes=0 disk_bytes=0 batch_count=1
[2026-07-08 16:08:23.826] [info] [gpu_pipeline_task.cpp:321] [stage-audit] pipeline_id=10 task_id=147 operator_id=24 operator_name=SORT_SAMPLE stage_kind=SORT operator_type=89 input_type=PIPELINEABLE output_type=PIPELINEABLE actual_gpu=0 pipeline_operator_count=2 input_batches=1 input_rows=2 input_columns=3 input_bytes=56 output_batches=1 output_rows=2 output_columns=3 output_bytes=56 byte_ratio=1.000000 row_ratio=1.000000 duration_us=63
[2026-07-08 16:08:23.826] [info] [gpu_pipeline_task.cpp:321] [stage-audit] pipeline_id=10 task_id=147 operator_id=25 operator_name=SORT_PARTITION stage_kind=SORT operator_type=88 input_type=PIPELINEABLE output_type=PIPELINEABLE actual_gpu=0 pipeline_operator_count=2 input_batches=1 input_rows=2 input_columns=3 input_bytes=56 output_batches=2 output_rows=2 output_columns=6 output_bytes=60 byte_ratio=1.071429 row_ratio=1.000000 duration_us=159
[2026-07-08 16:08:23.826] [info] [task_creator.cpp:363] [locality-audit] task_create operator_id=26 input_bytes=60 local_bytes=60 gpu_source_bytes=60 host_source_bytes=0 disk_source_bytes=0 gpu_sources=1 host_sources=0 preferred_device=0
[2026-07-08 16:08:23.826] [info] [task_scheduler.cpp:462] [mgpu-audit] pipeline_task dispatched to GPU 0 task_id=148
[2026-07-08 16:08:23.826] [info] [task_scheduler.cpp:464] [locality-audit] dispatch task_id=148 preferred_device=0 actual_gpu=0
[2026-07-08 16:08:23.826] [info] [gpu_pipeline_task.cpp:188] [locality-audit] prepare_before pipeline_id=11 task_id=148 preferred_device=0 actual_gpu=0 target_tier=GPU target_device=0 input_bytes=60 local_bytes=60 remote_gpu_bytes=0 host_bytes=0 disk_bytes=0 batch_count=2
[2026-07-08 16:08:23.826] [info] [gpu_pipeline_task.cpp:188] [locality-audit] prepare_after pipeline_id=11 task_id=148 preferred_device=0 actual_gpu=0 target_tier=GPU target_device=0 input_bytes=60 local_bytes=60 remote_gpu_bytes=0 host_bytes=0 disk_bytes=0 batch_count=2
[2026-07-08 16:08:23.827] [info] [gpu_pipeline_task.cpp:321] [stage-audit] pipeline_id=11 task_id=148 operator_id=26 operator_name=MERGE_SORT stage_kind=SORT operator_type=84 input_type=PIPELINEABLE output_type=PIPELINEABLE actual_gpu=0 pipeline_operator_count=1 input_batches=2 input_rows=2 input_columns=6 input_bytes=60 output_batches=1 output_rows=2 output_columns=3 output_bytes=56 byte_ratio=0.933333 row_ratio=1.000000 duration_us=315
[2026-07-08 16:08:23.827] [info] [task_creator.cpp:363] [locality-audit] task_create operator_id=14 input_bytes=56 local_bytes=56 gpu_source_bytes=56 host_source_bytes=0 disk_source_bytes=0 gpu_sources=1 host_sources=0 preferred_device=0
[2026-07-08 16:08:23.827] [info] [task_scheduler.cpp:462] [mgpu-audit] pipeline_task dispatched to GPU 0 task_id=149
[2026-07-08 16:08:23.827] [info] [task_scheduler.cpp:464] [locality-audit] dispatch task_id=149 preferred_device=0 actual_gpu=0
[2026-07-08 16:08:23.827] [info] [gpu_pipeline_task.cpp:188] [locality-audit] prepare_before pipeline_id=12 task_id=149 preferred_device=0 actual_gpu=0 target_tier=GPU target_device=0 input_bytes=56 local_bytes=56 remote_gpu_bytes=0 host_bytes=0 disk_bytes=0 batch_count=1
[2026-07-08 16:08:23.827] [info] [gpu_pipeline_task.cpp:188] [locality-audit] prepare_after pipeline_id=12 task_id=149 preferred_device=0 actual_gpu=0 target_tier=GPU target_device=0 input_bytes=56 local_bytes=56 remote_gpu_bytes=0 host_bytes=0 disk_bytes=0 batch_count=1
[2026-07-08 16:08:23.827] [info] [gpu_pipeline_task.cpp:321] [stage-audit] pipeline_id=12 task_id=149 operator_id=14 operator_name=RESULT_COLLECTOR stage_kind=RESULT operator_type=76 input_type=PIPELINEABLE output_type=PIPELINEABLE actual_gpu=0 pipeline_operator_count=1 input_batches=1 input_rows=2 input_columns=3 input_bytes=56 output_batches=1 output_rows=2 output_columns=3 output_bytes=56 byte_ratio=1.000000 row_ratio=1.000000 duration_us=5
[2026-07-08 16:08:23.848] [info] [gpu_pipeline_executor.cpp:118] GPU Pipeline Executor: task queue interrupted, stopping manager loop
[2026-07-08 16:08:23.861] [info] [physical_sirius_execution.cpp:165] Transparent GPU execution: query completed
[2026-07-08 16:08:23.876] [info] [sirius_context.cpp:217] QueryEnd
[2026-07-08 16:08:23.884] [info] [:] [host_pool] HOST:0 QueryEnd allocated=72351744 bytes peak=73400320 bytes free_blocks=443
[2026-07-08 16:08:23.884] [info] [:] [gpu_pool] GPU:0 QueryEnd allocated=0 bytes peak=5878742437 bytes reserved=0 bytes
[2026-07-08 16:08:23.885] [info] [:] [host_pool] HOST:0 QueryBegin allocated=72351744 bytes peak=73400320 bytes free_blocks=443
[2026-07-08 16:08:23.885] [info] [:] [gpu_pool] GPU:0 QueryBegin allocated=0 bytes peak=5878742437 bytes reserved=0 bytes
[2026-07-08 16:08:23.885] [info] [sirius_context.cpp:201] QueryBegin: SQL: SET gpu_execution = true;
[2026-07-08 16:08:23.885] [info] [sirius_context.cpp:217] QueryEnd
[2026-07-08 16:08:23.894] [info] [:] [host_pool] HOST:0 QueryEnd allocated=72351744 bytes peak=73400320 bytes free_blocks=443
[2026-07-08 16:08:23.894] [info] [:] [gpu_pool] GPU:0 QueryEnd allocated=0 bytes peak=5878742437 bytes reserved=0 bytes
[2026-07-08 16:08:23.895] [info] [:] [host_pool] HOST:0 QueryBegin allocated=72351744 bytes peak=73400320 bytes free_blocks=443
[2026-07-08 16:08:23.895] [info] [:] [gpu_pool] GPU:0 QueryBegin allocated=0 bytes peak=5878742437 bytes reserved=0 bytes
[2026-07-08 16:08:23.895] [info] [sirius_context.cpp:201] QueryBegin: SQL: select l.l_shipmode, sum(case when o.o_orderpriority = '1-URGENT' or o.o_orderpriority = '2-HIGH' then 1 else 0 end) as high_line_count, sum(case when o.o_orderpriority <> '1-URGENT' and o.o_orderpriority <> '2-HIGH' then 1 else 0 end) as low_line_count from orders o, lineitem l where o.o_orderkey = l.l_orderkey and l.l_shipmode in ('TRUCK', 'REG AIR') and l.l_commitdate < l.l_receiptdate and l.l_shipdate < l.l_commitdate and l.l_receiptdate >= date '1994-01-01' and l.l_receiptdate < date '1995-01-01' group by l.l_shipmode order by l.l_shipmode
[2026-07-08 16:08:24.132] [info] [sirius_plan_get.cpp:267] [sirius_plan_get] LogicalGet has dynamic_filters attached (channel key=0x573047ebd780).
[2026-07-08 16:08:24.132] [info] [sirius_plan_comparison_join.cpp:601] [sirius_plan_comparison_join] Wired hash join with 1 dynamic-filter probe target(s) (build est 600037902 rows).
[2026-07-08 16:08:24.142] [info] [sirius_context.cpp:865] Transparent execution: Sirius physical plan generated successfully
[2026-07-08 16:08:24.154] [info] [sirius_context.cpp:877] Transparent execution: physical plan replaced with GPU operator
[2026-07-08 16:08:24.154] [info] [physical_sirius_execution.cpp:97] Transparent GPU execution: executing query
[2026-07-08 16:08:24.207] [info] [sirius_plan_get.cpp:267] [sirius_plan_get] LogicalGet has dynamic_filters attached (channel key=0x573047ebd780).
[2026-07-08 16:08:24.207] [info] [sirius_plan_comparison_join.cpp:601] [sirius_plan_comparison_join] Wired hash join with 1 dynamic-filter probe target(s) (build est 600037902 rows).
[2026-07-08 16:08:24.207] [info] [sirius_engine.cpp:375] Query Plan:
=== Pipeline Overview ===
Pipeline #0: GPU_SCAN (id=15) -> FILTER (id=9)
  Output: -> PARTITION [port: default, barrier: FULL]
Pipeline #1: PARTITION (id=17)
  Input: <- Pipeline #0 [on: PARTITION (id=17), port: default, barrier: FULL]
  Dependencies: Pipeline #0
  Output: -> CONCAT [port: default, barrier: PARTIAL]
Pipeline #2: CONCAT (id=16)
  Input: <- Pipeline #1 [on: CONCAT (id=16), port: default, barrier: PARTIAL]
  Dependencies: Pipeline #1
  Output: -> HASH_JOIN [port: build, barrier: FULL]
Pipeline #3: GPU_SCAN (id=18) -> DYNAMIC_FILTER (id=19)
  Output: -> PARTITION [port: default, barrier: PARTIAL]
Pipeline #4: PARTITION (id=21)
  Input: <- Pipeline #3 [on: PARTITION (id=21), port: default, barrier: PARTIAL]
  Dependencies: Pipeline #3
  Output: -> CONCAT [port: default, barrier: PARTIAL]
Pipeline #5: CONCAT (id=20)
  Input: <- Pipeline #4 [on: CONCAT (id=20), port: default, barrier: PARTIAL]
  Dependencies: Pipeline #4
  Output: -> HASH_JOIN [port: default, barrier: FULL]
Pipeline #6: HASH_JOIN (id=10) -> PROJECTION (id=11) -> HASH_GROUP_BY (id=12)
  Input: <- Pipeline #5 [on: HASH_JOIN (id=10), port: default, barrier: FULL]
  Input: <- Pipeline #2 [on: HASH_JOIN (id=10), port: build, barrier: FULL]
  Dependencies: Pipeline #2, Pipeline #5
  Output: -> PARTITION [port: default, barrier: FULL]
Pipeline #7: PARTITION (id=22)
  Input: <- Pipeline #6 [on: PARTITION (id=22), port: default, barrier: FULL]
  Dependencies: Pipeline #6
  Output: -> MERGE_GROUP_BY [port: default, barrier: FULL]
Pipeline #8: MERGE_GROUP_BY (id=23)
  Input: <- Pipeline #7 [on: MERGE_GROUP_BY (id=23), port: default, barrier: FULL]
  Dependencies: Pipeline #7
  Output: -> ORDER_BY [port: default, barrier: FULL]
Pipeline #9: ORDER_BY (id=13)
  Input: <- Pipeline #8 [on: ORDER_BY (id=13), port: default, barrier: FULL]
  Dependencies: Pipeline #8
  Output: -> SORT_SAMPLE [port: default, barrier: PIPELINE]
Pipeline #10: SORT_SAMPLE (id=24) -> SORT_PARTITION (id=25)
  Input: <- Pipeline #9 [on: SORT_SAMPLE (id=24), port: default, barrier: PIPELINE]
  Dependencies: Pipeline #9
  Output: -> MERGE_SORT [port: default, barrier: FULL]
Pipeline #11: MERGE_SORT (id=26)
  Input: <- Pipeline #10 [on: MERGE_SORT (id=26), port: default, barrier: FULL]
  Dependencies: Pipeline #10
  Output: -> RESULT_COLLECTOR [port: default, barrier: FULL]
Pipeline #12: RESULT_COLLECTOR (id=14)
  Input: <- Pipeline #11 [on: RESULT_COLLECTOR (id=14), port: default, barrier: FULL]
  Dependencies: Pipeline #11

=== Query Plan DAG ===
┌──────────────────────────┐                            
│ Pipeline #12             │                            
│ RESULT_COLLECTOR (id=14) │                            
│ Input(#11): FULL         │                            
└────────────┬─────────────┘                            
             │                                          
┌──────────────────────────┐                            
│ Pipeline #11             │                            
│ MERGE_SORT (id=26)       │                            
│ Input(#10): FULL         │                            
└────────────┬─────────────┘                            
             │                                          
┌──────────────────────────┐                            
│ Pipeline #10             │                            
│ SORT_PARTITION (id=25)   │                            
│ SORT_SAMPLE (id=24)      │                            
│ Input(#9): PIPELINE      │                            
└────────────┬─────────────┘                            
             │                                          
┌──────────────────────────┐                            
│ Pipeline #9              │                            
│ ORDER_BY (id=13)         │                            
│ Input(#8): FULL          │                            
└────────────┬─────────────┘                            
             │                                          
┌──────────────────────────┐                            
│ Pipeline #8              │                            
│ MERGE_GROUP_BY (id=23)   │                            
│ Input(#7): FULL          │                            
└────────────┬─────────────┘                            
             │                                          
┌──────────────────────────┐                            
│ Pipeline #7              │                            
│ PARTITION (id=22)        │                            
│ Input(#6): FULL          │                            
└────────────┬─────────────┘                            
             │                                          
┌──────────────────────────┐                            
│ Pipeline #6              │                            
│ HASH_GROUP_BY (id=12)    │                            
│ PROJECTION (id=11)       │                            
│ HASH_JOIN (id=10)        │                            
│   type: INNER            │                            
│ Input(#5): FULL          │                            
│ Input(#2): FULL          │                            
└────────────┬─────────────┘                            
             ┌───────────────────────────┐              
             │                           │              
┌──────────────────────────┐┌──────────────────────────┐
│ Pipeline #2              ││ Pipeline #5              │
│ CONCAT (id=16)           ││ CONCAT (id=20)           │
│ Input(#1): PARTIAL       ││ Input(#4): PARTIAL       │
└────────────┬─────────────┘└────────────┬─────────────┘
             │                           │              
┌──────────────────────────┐┌──────────────────────────┐
│ Pipeline #1              ││ Pipeline #4              │
│ PARTITION (id=17)        ││ PARTITION (id=21)        │
│ Input(#0): FULL          ││ Input(#3): PARTIAL       │
└────────────┬─────────────┘└────────────┬─────────────┘
             │                           │              
┌──────────────────────────┐┌──────────────────────────┐
│ Pipeline #0              ││ Pipeline #3              │
│ FILTER (id=9)            ││ DYNAMIC_FILTER (id=19)   │
│ GPU_SCAN (id=15)         ││ GPU_SCAN (id=18)         │
└──────────────────────────┘└──────────────────────────┘

[2026-07-08 16:08:24.229] [info] [parquet_gpu_ingestible.cpp:232] [coalesce-debug] parquet_batch_coalescer emit #1: 1 slice(s), acc_bytes=535436089, cap=536870912
[2026-07-08 16:08:24.229] [info] [parquet_gpu_ingestible.cpp:232] [coalesce-debug] parquet_batch_coalescer emit #2: 1 slice(s), acc_bytes=534003400, cap=536870912
[2026-07-08 16:08:24.229] [info] [parquet_gpu_ingestible.cpp:232] [coalesce-debug] parquet_batch_coalescer emit #3: 1 slice(s), acc_bytes=534010221, cap=536870912
[2026-07-08 16:08:24.229] [info] [parquet_gpu_ingestible.cpp:232] [coalesce-debug] parquet_batch_coalescer emit #4: 1 slice(s), acc_bytes=534012907, cap=536870912
[2026-07-08 16:08:24.229] [info] [parquet_gpu_ingestible.cpp:232] [coalesce-debug] parquet_batch_coalescer emit #5: 1 slice(s), acc_bytes=535548935, cap=536870912
[2026-07-08 16:08:24.229] [info] [parquet_gpu_ingestible.cpp:232] [coalesce-debug] parquet_batch_coalescer emit #6: 1 slice(s), acc_bytes=535704849, cap=536870912
[2026-07-08 16:08:24.229] [info] [parquet_gpu_ingestible.cpp:232] [coalesce-debug] parquet_batch_coalescer emit #7: 1 slice(s), acc_bytes=535702297, cap=536870912
[2026-07-08 16:08:24.229] [info] [parquet_gpu_ingestible.cpp:232] [coalesce-debug] parquet_batch_coalescer emit #8: 1 slice(s), acc_bytes=535704936, cap=536870912
[2026-07-08 16:08:24.229] [info] [parquet_gpu_ingestible.cpp:232] [coalesce-debug] parquet_batch_coalescer emit #9: 1 slice(s), acc_bytes=535700947, cap=536870912
[2026-07-08 16:08:24.229] [info] [parquet_gpu_ingestible.cpp:232] [coalesce-debug] parquet_batch_coalescer emit #10: 1 slice(s), acc_bytes=535695564, cap=536870912
[2026-07-08 16:08:24.229] [info] [parquet_gpu_ingestible.cpp:232] [coalesce-debug] parquet_batch_coalescer emit #11: 1 slice(s), acc_bytes=535692301, cap=536870912
[2026-07-08 16:08:24.229] [info] [parquet_gpu_ingestible.cpp:232] [coalesce-debug] parquet_batch_coalescer emit #12: 1 slice(s), acc_bytes=535707119, cap=536870912
[2026-07-08 16:08:24.229] [info] [parquet_gpu_ingestible.cpp:232] [coalesce-debug] parquet_batch_coalescer emit #13: 1 slice(s), acc_bytes=535689980, cap=536870912
[2026-07-08 16:08:24.229] [info] [parquet_gpu_ingestible.cpp:232] [coalesce-debug] parquet_batch_coalescer emit #14: 1 slice(s), acc_bytes=535718432, cap=536870912
[2026-07-08 16:08:24.229] [info] [parquet_gpu_ingestible.cpp:232] [coalesce-debug] parquet_batch_coalescer emit #15: 1 slice(s), acc_bytes=535730034, cap=536870912
[2026-07-08 16:08:24.229] [info] [parquet_gpu_ingestible.cpp:232] [coalesce-debug] parquet_batch_coalescer emit #16: 1 slice(s), acc_bytes=535714170, cap=536870912
[2026-07-08 16:08:24.229] [info] [parquet_gpu_ingestible.cpp:232] [coalesce-debug] parquet_batch_coalescer emit #17: 1 slice(s), acc_bytes=535700862, cap=536870912
[2026-07-08 16:08:24.230] [info] [parquet_gpu_ingestible.cpp:232] [coalesce-debug] parquet_batch_coalescer emit #18: 1 slice(s), acc_bytes=535696305, cap=536870912
[2026-07-08 16:08:24.230] [info] [parquet_gpu_ingestible.cpp:232] [coalesce-debug] parquet_batch_coalescer emit #19: 1 slice(s), acc_bytes=535696174, cap=536870912
[2026-07-08 16:08:24.230] [info] [parquet_gpu_ingestible.cpp:232] [coalesce-debug] parquet_batch_coalescer emit #20: 1 slice(s), acc_bytes=535700220, cap=536870912
[2026-07-08 16:08:24.230] [info] [parquet_gpu_ingestible.cpp:232] [coalesce-debug] parquet_batch_coalescer emit #21: 1 slice(s), acc_bytes=535713245, cap=536870912
[2026-07-08 16:08:24.230] [info] [parquet_gpu_ingestible.cpp:232] [coalesce-debug] parquet_batch_coalescer emit #22: 1 slice(s), acc_bytes=535708324, cap=536870912
[2026-07-08 16:08:24.230] [info] [parquet_gpu_ingestible.cpp:232] [coalesce-debug] parquet_batch_coalescer emit #23: 1 slice(s), acc_bytes=535700366, cap=536870912
[2026-07-08 16:08:24.230] [info] [parquet_gpu_ingestible.cpp:232] [coalesce-debug] parquet_batch_coalescer emit #24: 1 slice(s), acc_bytes=535705941, cap=536870912
[2026-07-08 16:08:24.230] [info] [parquet_gpu_ingestible.cpp:232] [coalesce-debug] parquet_batch_coalescer emit #25: 1 slice(s), acc_bytes=535709161, cap=536870912
[2026-07-08 16:08:24.230] [info] [parquet_gpu_ingestible.cpp:232] [coalesce-debug] parquet_batch_coalescer emit #26: 1 slice(s), acc_bytes=535693261, cap=536870912
[2026-07-08 16:08:24.230] [info] [parquet_gpu_ingestible.cpp:232] [coalesce-debug] parquet_batch_coalescer emit #27: 1 slice(s), acc_bytes=535702199, cap=536870912
[2026-07-08 16:08:24.230] [info] [parquet_gpu_ingestible.cpp:232] [coalesce-debug] parquet_batch_coalescer emit #28: 1 slice(s), acc_bytes=535108465, cap=536870912
[2026-07-08 16:08:24.231] [info] [load_balancing_scan_batch_coalescer.cpp:96] [coalesce-debug] load_balancer emit pipeline=0 -> preferred GPU 0
[2026-07-08 16:08:24.334] [info] [load_balancing_scan_batch_coalescer.cpp:96] [coalesce-debug] load_balancer emit pipeline=0 -> preferred GPU 0
[2026-07-08 16:08:24.408] [info] [task_scheduler.cpp:462] [mgpu-audit] pipeline_task dispatched to GPU 0 task_id=150
[2026-07-08 16:08:24.408] [info] [task_scheduler.cpp:464] [locality-audit] dispatch task_id=150 preferred_device=0 actual_gpu=0
[2026-07-08 16:08:24.489] [info] [load_balancing_scan_batch_coalescer.cpp:96] [coalesce-debug] load_balancer emit pipeline=0 -> preferred GPU 0
[2026-07-08 16:08:24.503] [info] [task_scheduler.cpp:462] [mgpu-audit] pipeline_task dispatched to GPU 0 task_id=151
[2026-07-08 16:08:24.503] [info] [task_scheduler.cpp:464] [locality-audit] dispatch task_id=151 preferred_device=0 actual_gpu=0
[2026-07-08 16:08:24.621] [info] [gpu_pipeline_task.cpp:321] [stage-audit] pipeline_id=0 task_id=150 operator_id=15 operator_name=GPU_SCAN stage_kind=SCAN operator_type=94 input_type=GPU_SCAN output_type=PIPELINEABLE actual_gpu=0 pipeline_operator_count=2 input_batches=0 input_rows=0 input_columns=0 input_bytes=0 output_batches=1 output_rows=3165348 output_columns=5 output_bytes=91512059 byte_ratio=0.000000 row_ratio=0.000000 duration_us=180341
[2026-07-08 16:08:24.623] [info] [gpu_pipeline_task.cpp:321] [stage-audit] pipeline_id=0 task_id=150 operator_id=9 operator_name=FILTER stage_kind=FILTER operator_type=12 input_type=PIPELINEABLE output_type=PIPELINEABLE actual_gpu=0 pipeline_operator_count=2 input_batches=1 input_rows=3165348 input_columns=5 input_bytes=91512059 output_batches=1 output_rows=111373 output_columns=2 output_bytes=2032335 byte_ratio=0.022208 row_ratio=0.035185 duration_us=1692
[2026-07-08 16:08:24.643] [info] [load_balancing_scan_batch_coalescer.cpp:96] [coalesce-debug] load_balancer emit pipeline=0 -> preferred GPU 0
[2026-07-08 16:08:24.664] [info] [task_scheduler.cpp:462] [mgpu-audit] pipeline_task dispatched to GPU 0 task_id=152
[2026-07-08 16:08:24.664] [info] [task_scheduler.cpp:464] [locality-audit] dispatch task_id=152 preferred_device=0 actual_gpu=0
[2026-07-08 16:08:24.761] [info] [load_balancing_scan_batch_coalescer.cpp:96] [coalesce-debug] load_balancer emit pipeline=0 -> preferred GPU 0
[2026-07-08 16:08:24.777] [info] [task_scheduler.cpp:462] [mgpu-audit] pipeline_task dispatched to GPU 0 task_id=153
[2026-07-08 16:08:24.777] [info] [task_scheduler.cpp:464] [locality-audit] dispatch task_id=153 preferred_device=0 actual_gpu=0
[2026-07-08 16:08:24.929] [info] [gpu_pipeline_task.cpp:321] [stage-audit] pipeline_id=0 task_id=151 operator_id=15 operator_name=GPU_SCAN stage_kind=SCAN operator_type=94 input_type=GPU_SCAN output_type=PIPELINEABLE actual_gpu=0 pipeline_operator_count=2 input_batches=0 input_rows=0 input_columns=0 input_bytes=0 output_batches=1 output_rows=3151262 output_columns=5 output_bytes=91105742 byte_ratio=0.000000 row_ratio=0.000000 duration_us=268611
[2026-07-08 16:08:24.930] [info] [gpu_pipeline_task.cpp:321] [stage-audit] pipeline_id=0 task_id=152 operator_id=15 operator_name=GPU_SCAN stage_kind=SCAN operator_type=94 input_type=GPU_SCAN output_type=PIPELINEABLE actual_gpu=0 pipeline_operator_count=2 input_batches=0 input_rows=0 input_columns=0 input_bytes=0 output_batches=1 output_rows=3151920 output_columns=5 output_bytes=91123134 byte_ratio=0.000000 row_ratio=0.000000 duration_us=230105
[2026-07-08 16:08:24.931] [info] [gpu_pipeline_task.cpp:321] [stage-audit] pipeline_id=0 task_id=151 operator_id=9 operator_name=FILTER stage_kind=FILTER operator_type=12 input_type=PIPELINEABLE output_type=PIPELINEABLE actual_gpu=0 pipeline_operator_count=2 input_batches=1 input_rows=3151262 input_columns=5 input_bytes=91105742 output_batches=1 output_rows=111660 output_columns=2 output_bytes=2037886 byte_ratio=0.022368 row_ratio=0.035433 duration_us=2094
[2026-07-08 16:08:24.932] [info] [gpu_pipeline_task.cpp:321] [stage-audit] pipeline_id=0 task_id=152 operator_id=9 operator_name=FILTER stage_kind=FILTER operator_type=12 input_type=PIPELINEABLE output_type=PIPELINEABLE actual_gpu=0 pipeline_operator_count=2 input_batches=1 input_rows=3151920 input_columns=5 input_bytes=91123134 output_batches=1 output_rows=109599 output_columns=2 output_bytes=2000609 byte_ratio=0.021955 row_ratio=0.034772 duration_us=1614
[2026-07-08 16:08:24.938] [info] [load_balancing_scan_batch_coalescer.cpp:96] [coalesce-debug] load_balancer emit pipeline=0 -> preferred GPU 0
[2026-07-08 16:08:24.951] [info] [task_scheduler.cpp:462] [mgpu-audit] pipeline_task dispatched to GPU 0 task_id=154
[2026-07-08 16:08:24.951] [info] [task_scheduler.cpp:464] [locality-audit] dispatch task_id=154 preferred_device=0 actual_gpu=0
[2026-07-08 16:08:25.118] [info] [load_balancing_scan_batch_coalescer.cpp:96] [coalesce-debug] load_balancer emit pipeline=0 -> preferred GPU 0
[2026-07-08 16:08:25.133] [info] [task_scheduler.cpp:462] [mgpu-audit] pipeline_task dispatched to GPU 0 task_id=155
[2026-07-08 16:08:25.133] [info] [task_scheduler.cpp:464] [locality-audit] dispatch task_id=155 preferred_device=0 actual_gpu=0
[2026-07-08 16:08:25.173] [info] [gpu_pipeline_task.cpp:321] [stage-audit] pipeline_id=0 task_id=153 operator_id=15 operator_name=GPU_SCAN stage_kind=SCAN operator_type=94 input_type=GPU_SCAN output_type=PIPELINEABLE actual_gpu=0 pipeline_operator_count=2 input_batches=0 input_rows=0 input_columns=0 input_bytes=0 output_batches=1 output_rows=3151828 output_columns=5 output_bytes=91119929 byte_ratio=0.000000 row_ratio=0.000000 duration_us=203858
[2026-07-08 16:08:25.173] [info] [gpu_pipeline_task.cpp:321] [stage-audit] pipeline_id=0 task_id=153 operator_id=9 operator_name=FILTER stage_kind=FILTER operator_type=12 input_type=PIPELINEABLE output_type=PIPELINEABLE actual_gpu=0 pipeline_operator_count=2 input_batches=1 input_rows=3151828 input_columns=5 input_bytes=91119929 output_batches=1 output_rows=111061 output_columns=2 output_bytes=2026779 byte_ratio=0.022243 row_ratio=0.035237 duration_us=760
[2026-07-08 16:08:25.297] [info] [load_balancing_scan_batch_coalescer.cpp:96] [coalesce-debug] load_balancer emit pipeline=0 -> preferred GPU 0
[2026-07-08 16:08:25.466] [info] [load_balancing_scan_batch_coalescer.cpp:96] [coalesce-debug] load_balancer emit pipeline=0 -> preferred GPU 0
[2026-07-08 16:08:25.661] [info] [load_balancing_scan_batch_coalescer.cpp:96] [coalesce-debug] load_balancer emit pipeline=0 -> preferred GPU 0
[2026-07-08 16:08:25.834] [info] [load_balancing_scan_batch_coalescer.cpp:96] [coalesce-debug] load_balancer emit pipeline=0 -> preferred GPU 0
[2026-07-08 16:08:26.009] [info] [load_balancing_scan_batch_coalescer.cpp:96] [coalesce-debug] load_balancer emit pipeline=0 -> preferred GPU 0
[2026-07-08 16:08:26.185] [info] [load_balancing_scan_batch_coalescer.cpp:96] [coalesce-debug] load_balancer emit pipeline=0 -> preferred GPU 0
[2026-07-08 16:08:26.361] [info] [load_balancing_scan_batch_coalescer.cpp:96] [coalesce-debug] load_balancer emit pipeline=0 -> preferred GPU 0
[2026-07-08 16:08:26.526] [info] [load_balancing_scan_batch_coalescer.cpp:96] [coalesce-debug] load_balancer emit pipeline=0 -> preferred GPU 0
[2026-07-08 16:08:26.704] [info] [load_balancing_scan_batch_coalescer.cpp:96] [coalesce-debug] load_balancer emit pipeline=0 -> preferred GPU 0
[2026-07-08 16:08:26.841] [info] [load_balancing_scan_batch_coalescer.cpp:96] [coalesce-debug] load_balancer emit pipeline=0 -> preferred GPU 0
[2026-07-08 16:08:27.019] [info] [load_balancing_scan_batch_coalescer.cpp:96] [coalesce-debug] load_balancer emit pipeline=0 -> preferred GPU 0
[2026-07-08 16:08:27.195] [info] [load_balancing_scan_batch_coalescer.cpp:96] [coalesce-debug] load_balancer emit pipeline=0 -> preferred GPU 0
[2026-07-08 16:08:27.374] [info] [load_balancing_scan_batch_coalescer.cpp:96] [coalesce-debug] load_balancer emit pipeline=0 -> preferred GPU 0
[2026-07-08 16:08:27.533] [info] [load_balancing_scan_batch_coalescer.cpp:96] [coalesce-debug] load_balancer emit pipeline=0 -> preferred GPU 0
[2026-07-08 16:08:27.710] [info] [load_balancing_scan_batch_coalescer.cpp:96] [coalesce-debug] load_balancer emit pipeline=0 -> preferred GPU 0
[2026-07-08 16:08:27.888] [info] [load_balancing_scan_batch_coalescer.cpp:96] [coalesce-debug] load_balancer emit pipeline=0 -> preferred GPU 0
[2026-07-08 16:08:28.066] [info] [load_balancing_scan_batch_coalescer.cpp:96] [coalesce-debug] load_balancer emit pipeline=0 -> preferred GPU 0
[2026-07-08 16:08:28.237] [info] [load_balancing_scan_batch_coalescer.cpp:96] [coalesce-debug] load_balancer emit pipeline=0 -> preferred GPU 0
[2026-07-08 16:08:28.417] [info] [load_balancing_scan_batch_coalescer.cpp:96] [coalesce-debug] load_balancer emit pipeline=0 -> preferred GPU 0
[2026-07-08 16:08:28.598] [info] [load_balancing_scan_batch_coalescer.cpp:96] [coalesce-debug] load_balancer emit pipeline=0 -> preferred GPU 0
[2026-07-08 16:08:28.762] [info] [load_balancing_scan_batch_coalescer.cpp:96] [coalesce-debug] load_balancer emit pipeline=0 -> preferred GPU 0
[2026-07-08 16:08:28.942] [info] [parquet_gpu_ingestible.cpp:232] [coalesce-debug] parquet_batch_coalescer emit #29: 1 slice(s), acc_bytes=10397433, cap=536870912
[2026-07-08 16:08:28.942] [info] [load_balancing_scan_batch_coalescer.cpp:96] [coalesce-debug] load_balancer emit pipeline=0 -> preferred GPU 0
[2026-07-08 16:08:29.123] [info] [parquet_gpu_ingestible.cpp:232] [coalesce-debug] parquet_batch_coalescer emit #1: 1 slice(s), acc_bytes=535792172, cap=536870912
[2026-07-08 16:08:29.123] [info] [parquet_gpu_ingestible.cpp:232] [coalesce-debug] parquet_batch_coalescer emit #2: 1 slice(s), acc_bytes=536716992, cap=536870912
[2026-07-08 16:08:29.123] [info] [parquet_gpu_ingestible.cpp:232] [coalesce-debug] parquet_batch_coalescer emit #3: 1 slice(s), acc_bytes=536718830, cap=536870912
[2026-07-08 16:08:29.123] [info] [load_balancing_scan_batch_coalescer.cpp:96] [coalesce-debug] load_balancer emit pipeline=3 -> preferred GPU 0
[2026-07-08 16:08:29.138] [info] [task_scheduler.cpp:462] [mgpu-audit] pipeline_task dispatched to GPU 0 task_id=156
[2026-07-08 16:08:29.138] [info] [task_scheduler.cpp:464] [locality-audit] dispatch task_id=156 preferred_device=0 actual_gpu=0
[2026-07-08 16:08:29.138] [info] [task_scheduler.cpp:462] [mgpu-audit] pipeline_task dispatched to GPU 0 task_id=157
[2026-07-08 16:08:29.138] [info] [task_scheduler.cpp:464] [locality-audit] dispatch task_id=157 preferred_device=0 actual_gpu=0
[2026-07-08 16:08:29.138] [info] [task_scheduler.cpp:462] [mgpu-audit] pipeline_task dispatched to GPU 0 task_id=158
[2026-07-08 16:08:29.138] [info] [task_scheduler.cpp:464] [locality-audit] dispatch task_id=158 preferred_device=0 actual_gpu=0
[2026-07-08 16:08:29.138] [info] [task_scheduler.cpp:462] [mgpu-audit] pipeline_task dispatched to GPU 0 task_id=159
[2026-07-08 16:08:29.138] [info] [task_scheduler.cpp:464] [locality-audit] dispatch task_id=159 preferred_device=0 actual_gpu=0
[2026-07-08 16:08:29.173] [info] [load_balancing_scan_batch_coalescer.cpp:96] [coalesce-debug] load_balancer emit pipeline=3 -> preferred GPU 0
[2026-07-08 16:08:29.232] [info] [load_balancing_scan_batch_coalescer.cpp:96] [coalesce-debug] load_balancer emit pipeline=3 -> preferred GPU 0
[2026-07-08 16:08:29.298] [info] [parquet_gpu_ingestible.cpp:232] [coalesce-debug] parquet_batch_coalescer emit #4: 1 slice(s), acc_bytes=285267347, cap=536870912
[2026-07-08 16:08:29.299] [info] [load_balancing_scan_batch_coalescer.cpp:96] [coalesce-debug] load_balancer emit pipeline=3 -> preferred GPU 0
[2026-07-08 16:08:29.485] [info] [gpu_pipeline_task.cpp:321] [stage-audit] pipeline_id=0 task_id=156 operator_id=15 operator_name=GPU_SCAN stage_kind=SCAN operator_type=94 input_type=GPU_SCAN output_type=PIPELINEABLE actual_gpu=0 pipeline_operator_count=2 input_batches=0 input_rows=0 input_columns=0 input_bytes=0 output_batches=1 output_rows=3168166 output_columns=5 output_bytes=91592668 byte_ratio=0.000000 row_ratio=0.000000 duration_us=332443
[2026-07-08 16:08:29.486] [info] [gpu_pipeline_task.cpp:321] [stage-audit] pipeline_id=0 task_id=156 operator_id=9 operator_name=FILTER stage_kind=FILTER operator_type=12 input_type=PIPELINEABLE output_type=PIPELINEABLE actual_gpu=0 pipeline_operator_count=2 input_batches=1 input_rows=3168166 input_columns=5 input_bytes=91592668 output_batches=1 output_rows=111346 output_columns=2 output_bytes=2032834 byte_ratio=0.022194 row_ratio=0.035145 duration_us=725
[2026-07-08 16:08:29.486] [info] [task_scheduler.cpp:462] [mgpu-audit] pipeline_task dispatched to GPU 0 task_id=160
[2026-07-08 16:08:29.486] [info] [task_scheduler.cpp:464] [locality-audit] dispatch task_id=160 preferred_device=0 actual_gpu=0
[2026-07-08 16:08:29.546] [info] [gpu_pipeline_task.cpp:321] [stage-audit] pipeline_id=0 task_id=154 operator_id=15 operator_name=GPU_SCAN stage_kind=SCAN operator_type=94 input_type=GPU_SCAN output_type=PIPELINEABLE actual_gpu=0 pipeline_operator_count=2 input_batches=0 input_rows=0 input_columns=0 input_bytes=0 output_batches=1 output_rows=3162275 output_columns=5 output_bytes=91422644 byte_ratio=0.000000 row_ratio=0.000000 duration_us=393407
[2026-07-08 16:08:29.547] [info] [gpu_pipeline_task.cpp:321] [stage-audit] pipeline_id=0 task_id=155 operator_id=15 operator_name=GPU_SCAN stage_kind=SCAN operator_type=94 input_type=GPU_SCAN output_type=PIPELINEABLE actual_gpu=0 pipeline_operator_count=2 input_batches=0 input_rows=0 input_columns=0 input_bytes=0 output_batches=1 output_rows=3162082 output_columns=5 output_bytes=91418579 byte_ratio=0.000000 row_ratio=0.000000 duration_us=394018
[2026-07-08 16:08:29.548] [info] [gpu_pipeline_task.cpp:321] [stage-audit] pipeline_id=0 task_id=157 operator_id=15 operator_name=GPU_SCAN stage_kind=SCAN operator_type=94 input_type=GPU_SCAN output_type=PIPELINEABLE actual_gpu=0 pipeline_operator_count=2 input_batches=0 input_rows=0 input_columns=0 input_bytes=0 output_batches=1 output_rows=3162750 output_columns=5 output_bytes=91441186 byte_ratio=0.000000 row_ratio=0.000000 duration_us=373844
[2026-07-08 16:08:29.549] [info] [gpu_pipeline_task.cpp:321] [stage-audit] pipeline_id=0 task_id=154 operator_id=9 operator_name=FILTER stage_kind=FILTER operator_type=12 input_type=PIPELINEABLE output_type=PIPELINEABLE actual_gpu=0 pipeline_operator_count=2 input_batches=1 input_rows=3162275 input_columns=5 input_bytes=91422644 output_batches=1 output_rows=111653 output_columns=2 output_bytes=2037725 byte_ratio=0.022289 row_ratio=0.035308 duration_us=3131
[2026-07-08 16:08:29.549] [info] [gpu_pipeline_task.cpp:321] [stage-audit] pipeline_id=0 task_id=157 operator_id=9 operator_name=FILTER stage_kind=FILTER operator_type=12 input_type=PIPELINEABLE output_type=PIPELINEABLE actual_gpu=0 pipeline_operator_count=2 input_batches=1 input_rows=3162750 input_columns=5 input_bytes=91441186 output_batches=1 output_rows=111531 output_columns=2 output_bytes=2035931 byte_ratio=0.022265 row_ratio=0.035264 duration_us=1382
[2026-07-08 16:08:29.550] [info] [task_scheduler.cpp:462] [mgpu-audit] pipeline_task dispatched to GPU 0 task_id=161
[2026-07-08 16:08:29.550] [info] [task_scheduler.cpp:464] [locality-audit] dispatch task_id=161 preferred_device=0 actual_gpu=0
[2026-07-08 16:08:29.550] [info] [task_scheduler.cpp:462] [mgpu-audit] pipeline_task dispatched to GPU 0 task_id=162
[2026-07-08 16:08:29.550] [info] [task_scheduler.cpp:464] [locality-audit] dispatch task_id=162 preferred_device=0 actual_gpu=0
[2026-07-08 16:08:29.553] [info] [gpu_pipeline_task.cpp:321] [stage-audit] pipeline_id=0 task_id=155 operator_id=9 operator_name=FILTER stage_kind=FILTER operator_type=12 input_type=PIPELINEABLE output_type=PIPELINEABLE actual_gpu=0 pipeline_operator_count=2 input_batches=1 input_rows=3162082 input_columns=5 input_bytes=91418579 output_batches=1 output_rows=110630 output_columns=2 output_bytes=2019344 byte_ratio=0.022089 row_ratio=0.034986 duration_us=5555
[2026-07-08 16:08:29.553] [info] [task_scheduler.cpp:462] [mgpu-audit] pipeline_task dispatched to GPU 0 task_id=163
[2026-07-08 16:08:29.553] [info] [task_scheduler.cpp:464] [locality-audit] dispatch task_id=163 preferred_device=0 actual_gpu=0
[2026-07-08 16:08:29.790] [info] [gpu_pipeline_task.cpp:321] [stage-audit] pipeline_id=0 task_id=158 operator_id=15 operator_name=GPU_SCAN stage_kind=SCAN operator_type=94 input_type=GPU_SCAN output_type=PIPELINEABLE actual_gpu=0 pipeline_operator_count=2 input_batches=0 input_rows=0 input_columns=0 input_bytes=0 output_batches=1 output_rows=3161562 output_columns=5 output_bytes=91399246 byte_ratio=0.000000 row_ratio=0.000000 duration_us=230996
[2026-07-08 16:08:29.791] [info] [gpu_pipeline_task.cpp:321] [stage-audit] pipeline_id=0 task_id=158 operator_id=9 operator_name=FILTER stage_kind=FILTER operator_type=12 input_type=PIPELINEABLE output_type=PIPELINEABLE actual_gpu=0 pipeline_operator_count=2 input_batches=1 input_rows=3161562 input_columns=5 input_bytes=91399246 output_batches=1 output_rows=110885 output_columns=2 output_bytes=2023331 byte_ratio=0.022137 row_ratio=0.035073 duration_us=892
[2026-07-08 16:08:29.792] [info] [task_scheduler.cpp:462] [mgpu-audit] pipeline_task dispatched to GPU 0 task_id=164
[2026-07-08 16:08:29.792] [info] [task_scheduler.cpp:464] [locality-audit] dispatch task_id=164 preferred_device=0 actual_gpu=0
[2026-07-08 16:08:29.969] [info] [gpu_pipeline_task.cpp:321] [stage-audit] pipeline_id=0 task_id=160 operator_id=15 operator_name=GPU_SCAN stage_kind=SCAN operator_type=94 input_type=GPU_SCAN output_type=PIPELINEABLE actual_gpu=0 pipeline_operator_count=2 input_batches=0 input_rows=0 input_columns=0 input_bytes=0 output_batches=1 output_rows=3162017 output_columns=5 output_bytes=91410401 byte_ratio=0.000000 row_ratio=0.000000 duration_us=351828
[2026-07-08 16:08:29.972] [info] [gpu_pipeline_task.cpp:321] [stage-audit] pipeline_id=0 task_id=161 operator_id=15 operator_name=GPU_SCAN stage_kind=SCAN operator_type=94 input_type=GPU_SCAN output_type=PIPELINEABLE actual_gpu=0 pipeline_operator_count=2 input_batches=0 input_rows=0 input_columns=0 input_bytes=0 output_batches=1 output_rows=3173451 output_columns=5 output_bytes=91751253 byte_ratio=0.000000 row_ratio=0.000000 duration_us=351909
[2026-07-08 16:08:29.977] [info] [gpu_pipeline_task.cpp:321] [stage-audit] pipeline_id=0 task_id=159 operator_id=15 operator_name=GPU_SCAN stage_kind=SCAN operator_type=94 input_type=GPU_SCAN output_type=PIPELINEABLE actual_gpu=0 pipeline_operator_count=2 input_batches=0 input_rows=0 input_columns=0 input_bytes=0 output_batches=1 output_rows=3168484 output_columns=5 output_bytes=91606294 byte_ratio=0.000000 row_ratio=0.000000 duration_us=356870
[2026-07-08 16:08:29.978] [info] [gpu_pipeline_task.cpp:321] [stage-audit] pipeline_id=0 task_id=161 operator_id=9 operator_name=FILTER stage_kind=FILTER operator_type=12 input_type=PIPELINEABLE output_type=PIPELINEABLE actual_gpu=0 pipeline_operator_count=2 input_batches=1 input_rows=3173451 input_columns=5 input_bytes=91751253 output_batches=1 output_rows=111659 output_columns=2 output_bytes=2037327 byte_ratio=0.022205 row_ratio=0.035185 duration_us=5709
[2026-07-08 16:08:29.978] [info] [gpu_pipeline_task.cpp:321] [stage-audit] pipeline_id=0 task_id=160 operator_id=9 operator_name=FILTER stage_kind=FILTER operator_type=12 input_type=PIPELINEABLE output_type=PIPELINEABLE actual_gpu=0 pipeline_operator_count=2 input_batches=1 input_rows=3162017 input_columns=5 input_bytes=91410401 output_batches=1 output_rows=111089 output_columns=2 output_bytes=2027399 byte_ratio=0.022179 row_ratio=0.035132 duration_us=8745
[2026-07-08 16:08:29.978] [info] [task_scheduler.cpp:462] [mgpu-audit] pipeline_task dispatched to GPU 0 task_id=165
[2026-07-08 16:08:29.978] [info] [task_scheduler.cpp:464] [locality-audit] dispatch task_id=165 preferred_device=0 actual_gpu=0
[2026-07-08 16:08:29.989] [info] [task_scheduler.cpp:462] [mgpu-audit] pipeline_task dispatched to GPU 0 task_id=166
[2026-07-08 16:08:29.989] [info] [task_scheduler.cpp:464] [locality-audit] dispatch task_id=166 preferred_device=0 actual_gpu=0
[2026-07-08 16:08:29.990] [info] [gpu_pipeline_task.cpp:321] [stage-audit] pipeline_id=0 task_id=159 operator_id=9 operator_name=FILTER stage_kind=FILTER operator_type=12 input_type=PIPELINEABLE output_type=PIPELINEABLE actual_gpu=0 pipeline_operator_count=2 input_batches=1 input_rows=3168484 input_columns=5 input_bytes=91606294 output_batches=1 output_rows=110949 output_columns=2 output_bytes=2024239 byte_ratio=0.022097 row_ratio=0.035016 duration_us=12704
[2026-07-08 16:08:30.007] [info] [task_scheduler.cpp:462] [mgpu-audit] pipeline_task dispatched to GPU 0 task_id=167
[2026-07-08 16:08:30.007] [info] [task_scheduler.cpp:464] [locality-audit] dispatch task_id=167 preferred_device=0 actual_gpu=0
[2026-07-08 16:08:30.104] [info] [gpu_pipeline_task.cpp:321] [stage-audit] pipeline_id=0 task_id=162 operator_id=15 operator_name=GPU_SCAN stage_kind=SCAN operator_type=94 input_type=GPU_SCAN output_type=PIPELINEABLE actual_gpu=0 pipeline_operator_count=2 input_batches=0 input_rows=0 input_columns=0 input_bytes=0 output_batches=1 output_rows=3165752 output_columns=5 output_bytes=91526388 byte_ratio=0.000000 row_ratio=0.000000 duration_us=240003
[2026-07-08 16:08:30.105] [info] [gpu_pipeline_task.cpp:321] [stage-audit] pipeline_id=0 task_id=162 operator_id=9 operator_name=FILTER stage_kind=FILTER operator_type=12 input_type=PIPELINEABLE output_type=PIPELINEABLE actual_gpu=0 pipeline_operator_count=2 input_batches=1 input_rows=3165752 input_columns=5 input_bytes=91526388 output_batches=1 output_rows=111476 output_columns=2 output_bytes=2035098 byte_ratio=0.022235 row_ratio=0.035213 duration_us=862
[2026-07-08 16:08:30.105] [info] [task_scheduler.cpp:462] [mgpu-audit] pipeline_task dispatched to GPU 0 task_id=168
[2026-07-08 16:08:30.105] [info] [task_scheduler.cpp:464] [locality-audit] dispatch task_id=168 preferred_device=0 actual_gpu=0
[2026-07-08 16:08:30.406] [info] [gpu_pipeline_task.cpp:321] [stage-audit] pipeline_id=0 task_id=164 operator_id=15 operator_name=GPU_SCAN stage_kind=SCAN operator_type=94 input_type=GPU_SCAN output_type=PIPELINEABLE actual_gpu=0 pipeline_operator_count=2 input_batches=0 input_rows=0 input_columns=0 input_bytes=0 output_batches=1 output_rows=3162701 output_columns=5 output_bytes=91437523 byte_ratio=0.000000 row_ratio=0.000000 duration_us=356485
[2026-07-08 16:08:30.408] [info] [gpu_pipeline_task.cpp:321] [stage-audit] pipeline_id=0 task_id=163 operator_id=15 operator_name=GPU_SCAN stage_kind=SCAN operator_type=94 input_type=GPU_SCAN output_type=PIPELINEABLE actual_gpu=0 pipeline_operator_count=2 input_batches=0 input_rows=0 input_columns=0 input_bytes=0 output_batches=1 output_rows=3167255 output_columns=5 output_bytes=91565256 byte_ratio=0.000000 row_ratio=0.000000 duration_us=356552
[2026-07-08 16:08:30.408] [info] [gpu_pipeline_task.cpp:321] [stage-audit] pipeline_id=0 task_id=165 operator_id=15 operator_name=GPU_SCAN stage_kind=SCAN operator_type=94 input_type=GPU_SCAN output_type=PIPELINEABLE actual_gpu=0 pipeline_operator_count=2 input_batches=0 input_rows=0 input_columns=0 input_bytes=0 output_batches=1 output_rows=3164538 output_columns=5 output_bytes=91490794 byte_ratio=0.000000 row_ratio=0.000000 duration_us=355335
[2026-07-08 16:08:30.409] [info] [gpu_pipeline_task.cpp:321] [stage-audit] pipeline_id=0 task_id=164 operator_id=9 operator_name=FILTER stage_kind=FILTER operator_type=12 input_type=PIPELINEABLE output_type=PIPELINEABLE actual_gpu=0 pipeline_operator_count=2 input_batches=1 input_rows=3162701 input_columns=5 input_bytes=91437523 output_batches=1 output_rows=111584 output_columns=2 output_bytes=2036646 byte_ratio=0.022274 row_ratio=0.035281 duration_us=2491
[2026-07-08 16:08:30.409] [info] [task_scheduler.cpp:462] [mgpu-audit] pipeline_task dispatched to GPU 0 task_id=169
[2026-07-08 16:08:30.409] [info] [task_scheduler.cpp:464] [locality-audit] dispatch task_id=169 preferred_device=0 actual_gpu=0
[2026-07-08 16:08:30.410] [info] [gpu_pipeline_task.cpp:321] [stage-audit] pipeline_id=0 task_id=163 operator_id=9 operator_name=FILTER stage_kind=FILTER operator_type=12 input_type=PIPELINEABLE output_type=PIPELINEABLE actual_gpu=0 pipeline_operator_count=2 input_batches=1 input_rows=3167255 input_columns=5 input_bytes=91565256 output_batches=1 output_rows=111202 output_columns=2 output_bytes=2029222 byte_ratio=0.022161 row_ratio=0.035110 duration_us=1595
[2026-07-08 16:08:30.410] [info] [gpu_pipeline_task.cpp:321] [stage-audit] pipeline_id=0 task_id=165 operator_id=9 operator_name=FILTER stage_kind=FILTER operator_type=12 input_type=PIPELINEABLE output_type=PIPELINEABLE actual_gpu=0 pipeline_operator_count=2 input_batches=1 input_rows=3164538 input_columns=5 input_bytes=91490794 output_batches=1 output_rows=110892 output_columns=2 output_bytes=2023560 byte_ratio=0.022118 row_ratio=0.035042 duration_us=1477
[2026-07-08 16:08:30.414] [info] [task_scheduler.cpp:462] [mgpu-audit] pipeline_task dispatched to GPU 0 task_id=170
[2026-07-08 16:08:30.414] [info] [task_scheduler.cpp:464] [locality-audit] dispatch task_id=170 preferred_device=0 actual_gpu=0
[2026-07-08 16:08:30.414] [info] [task_scheduler.cpp:462] [mgpu-audit] pipeline_task dispatched to GPU 0 task_id=171
[2026-07-08 16:08:30.414] [info] [task_scheduler.cpp:464] [locality-audit] dispatch task_id=171 preferred_device=0 actual_gpu=0
[2026-07-08 16:08:30.444] [info] [gpu_pipeline_task.cpp:321] [stage-audit] pipeline_id=0 task_id=166 operator_id=15 operator_name=GPU_SCAN stage_kind=SCAN operator_type=94 input_type=GPU_SCAN output_type=PIPELINEABLE actual_gpu=0 pipeline_operator_count=2 input_batches=0 input_rows=0 input_columns=0 input_bytes=0 output_batches=1 output_rows=3167268 output_columns=5 output_bytes=91566826 byte_ratio=0.000000 row_ratio=0.000000 duration_us=249155
[2026-07-08 16:08:30.446] [info] [gpu_pipeline_task.cpp:321] [stage-audit] pipeline_id=0 task_id=166 operator_id=9 operator_name=FILTER stage_kind=FILTER operator_type=12 input_type=PIPELINEABLE output_type=PIPELINEABLE actual_gpu=0 pipeline_operator_count=2 input_batches=1 input_rows=3167268 input_columns=5 input_bytes=91566826 output_batches=1 output_rows=111799 output_columns=2 output_bytes=2039789 byte_ratio=0.022277 row_ratio=0.035298 duration_us=1487
[2026-07-08 16:08:30.446] [info] [task_scheduler.cpp:462] [mgpu-audit] pipeline_task dispatched to GPU 0 task_id=172
[2026-07-08 16:08:30.446] [info] [task_scheduler.cpp:464] [locality-audit] dispatch task_id=172 preferred_device=0 actual_gpu=0
[2026-07-08 16:08:30.856] [info] [gpu_pipeline_task.cpp:321] [stage-audit] pipeline_id=0 task_id=170 operator_id=15 operator_name=GPU_SCAN stage_kind=SCAN operator_type=94 input_type=GPU_SCAN output_type=PIPELINEABLE actual_gpu=0 pipeline_operator_count=2 input_batches=0 input_rows=0 input_columns=0 input_bytes=0 output_batches=1 output_rows=3160915 output_columns=5 output_bytes=91388606 byte_ratio=0.000000 row_ratio=0.000000 duration_us=322023
[2026-07-08 16:08:30.857] [info] [gpu_pipeline_task.cpp:321] [stage-audit] pipeline_id=0 task_id=170 operator_id=9 operator_name=FILTER stage_kind=FILTER operator_type=12 input_type=PIPELINEABLE output_type=PIPELINEABLE actual_gpu=0 pipeline_operator_count=2 input_batches=1 input_rows=3160915 input_columns=5 input_bytes=91388606 output_batches=1 output_rows=111466 output_columns=2 output_bytes=2034778 byte_ratio=0.022265 row_ratio=0.035264 duration_us=712
[2026-07-08 16:08:30.857] [info] [task_scheduler.cpp:462] [mgpu-audit] pipeline_task dispatched to GPU 0 task_id=173
[2026-07-08 16:08:30.857] [info] [task_scheduler.cpp:464] [locality-audit] dispatch task_id=173 preferred_device=0 actual_gpu=0
[2026-07-08 16:08:30.905] [info] [gpu_pipeline_task.cpp:321] [stage-audit] pipeline_id=0 task_id=167 operator_id=15 operator_name=GPU_SCAN stage_kind=SCAN operator_type=94 input_type=GPU_SCAN output_type=PIPELINEABLE actual_gpu=0 pipeline_operator_count=2 input_batches=0 input_rows=0 input_columns=0 input_bytes=0 output_batches=1 output_rows=3167994 output_columns=5 output_bytes=91587391 byte_ratio=0.000000 row_ratio=0.000000 duration_us=416063
[2026-07-08 16:08:30.905] [info] [gpu_pipeline_task.cpp:321] [stage-audit] pipeline_id=0 task_id=169 operator_id=15 operator_name=GPU_SCAN stage_kind=SCAN operator_type=94 input_type=GPU_SCAN output_type=PIPELINEABLE actual_gpu=0 pipeline_operator_count=2 input_batches=0 input_rows=0 input_columns=0 input_bytes=0 output_batches=1 output_rows=3165462 output_columns=5 output_bytes=91517396 byte_ratio=0.000000 row_ratio=0.000000 duration_us=408846
[2026-07-08 16:08:30.907] [info] [gpu_pipeline_task.cpp:321] [stage-audit] pipeline_id=0 task_id=168 operator_id=15 operator_name=GPU_SCAN stage_kind=SCAN operator_type=94 input_type=GPU_SCAN output_type=PIPELINEABLE actual_gpu=0 pipeline_operator_count=2 input_batches=0 input_rows=0 input_columns=0 input_bytes=0 output_batches=1 output_rows=3161580 output_columns=5 output_bytes=91403491 byte_ratio=0.000000 row_ratio=0.000000 duration_us=421091
[2026-07-08 16:08:30.908] [info] [gpu_pipeline_task.cpp:321] [stage-audit] pipeline_id=0 task_id=169 operator_id=9 operator_name=FILTER stage_kind=FILTER operator_type=12 input_type=PIPELINEABLE output_type=PIPELINEABLE actual_gpu=0 pipeline_operator_count=2 input_batches=1 input_rows=3165462 input_columns=5 input_bytes=91517396 output_batches=1 output_rows=111141 output_columns=2 output_bytes=2028377 byte_ratio=0.022164 row_ratio=0.035111 duration_us=3152
[2026-07-08 16:08:30.908] [info] [gpu_pipeline_task.cpp:321] [stage-audit] pipeline_id=0 task_id=167 operator_id=9 operator_name=FILTER stage_kind=FILTER operator_type=12 input_type=PIPELINEABLE output_type=PIPELINEABLE actual_gpu=0 pipeline_operator_count=2 input_batches=1 input_rows=3167994 input_columns=5 input_bytes=91587391 output_batches=1 output_rows=111624 output_columns=2 output_bytes=2037528 byte_ratio=0.022247 row_ratio=0.035235 duration_us=3559
[2026-07-08 16:08:30.909] [info] [gpu_pipeline_task.cpp:321] [stage-audit] pipeline_id=0 task_id=168 operator_id=9 operator_name=FILTER stage_kind=FILTER operator_type=12 input_type=PIPELINEABLE output_type=PIPELINEABLE actual_gpu=0 pipeline_operator_count=2 input_batches=1 input_rows=3161580 input_columns=5 input_bytes=91403491 output_batches=1 output_rows=111211 output_columns=2 output_bytes=2029303 byte_ratio=0.022202 row_ratio=0.035176 duration_us=1683
[2026-07-08 16:08:30.909] [info] [task_scheduler.cpp:462] [mgpu-audit] pipeline_task dispatched to GPU 0 task_id=174
[2026-07-08 16:08:30.909] [info] [task_scheduler.cpp:464] [locality-audit] dispatch task_id=174 preferred_device=0 actual_gpu=0
[2026-07-08 16:08:30.909] [info] [task_scheduler.cpp:462] [mgpu-audit] pipeline_task dispatched to GPU 0 task_id=175
[2026-07-08 16:08:30.909] [info] [task_scheduler.cpp:464] [locality-audit] dispatch task_id=175 preferred_device=0 actual_gpu=0
[2026-07-08 16:08:30.909] [info] [task_scheduler.cpp:462] [mgpu-audit] pipeline_task dispatched to GPU 0 task_id=176
[2026-07-08 16:08:30.909] [info] [task_scheduler.cpp:464] [locality-audit] dispatch task_id=176 preferred_device=0 actual_gpu=0
[2026-07-08 16:08:31.317] [info] [gpu_pipeline_task.cpp:321] [stage-audit] pipeline_id=0 task_id=171 operator_id=15 operator_name=GPU_SCAN stage_kind=SCAN operator_type=94 input_type=GPU_SCAN output_type=PIPELINEABLE actual_gpu=0 pipeline_operator_count=2 input_batches=0 input_rows=0 input_columns=0 input_bytes=0 output_batches=1 output_rows=3164908 output_columns=5 output_bytes=91502358 byte_ratio=0.000000 row_ratio=0.000000 duration_us=369110
[2026-07-08 16:08:31.317] [info] [gpu_pipeline_task.cpp:321] [stage-audit] pipeline_id=0 task_id=171 operator_id=9 operator_name=FILTER stage_kind=FILTER operator_type=12 input_type=PIPELINEABLE output_type=PIPELINEABLE actual_gpu=0 pipeline_operator_count=2 input_batches=1 input_rows=3164908 input_columns=5 input_bytes=91502358 output_batches=1 output_rows=111445 output_columns=2 output_bytes=2034033 byte_ratio=0.022229 row_ratio=0.035213 duration_us=760
[2026-07-08 16:08:31.318] [info] [task_scheduler.cpp:462] [mgpu-audit] pipeline_task dispatched to GPU 0 task_id=177
[2026-07-08 16:08:31.318] [info] [task_scheduler.cpp:464] [locality-audit] dispatch task_id=177 preferred_device=0 actual_gpu=0
[2026-07-08 16:08:31.386] [info] [gpu_pipeline_task.cpp:321] [stage-audit] pipeline_id=0 task_id=172 operator_id=15 operator_name=GPU_SCAN stage_kind=SCAN operator_type=94 input_type=GPU_SCAN output_type=PIPELINEABLE actual_gpu=0 pipeline_operator_count=2 input_batches=0 input_rows=0 input_columns=0 input_bytes=0 output_batches=1 output_rows=3169827 output_columns=5 output_bytes=91641583 byte_ratio=0.000000 row_ratio=0.000000 duration_us=393412
[2026-07-08 16:08:31.386] [info] [gpu_pipeline_task.cpp:321] [stage-audit] pipeline_id=0 task_id=173 operator_id=15 operator_name=GPU_SCAN stage_kind=SCAN operator_type=94 input_type=GPU_SCAN output_type=PIPELINEABLE actual_gpu=0 pipeline_operator_count=2 input_batches=0 input_rows=0 input_columns=0 input_bytes=0 output_batches=1 output_rows=3163796 output_columns=5 output_bytes=91468203 byte_ratio=0.000000 row_ratio=0.000000 duration_us=395149
[2026-07-08 16:08:31.390] [info] [gpu_pipeline_task.cpp:321] [stage-audit] pipeline_id=0 task_id=173 operator_id=9 operator_name=FILTER stage_kind=FILTER operator_type=12 input_type=PIPELINEABLE output_type=PIPELINEABLE actual_gpu=0 pipeline_operator_count=2 input_batches=1 input_rows=3163796 input_columns=5 input_bytes=91468203 output_batches=1 output_rows=111448 output_columns=2 output_bytes=2034164 byte_ratio=0.022239 row_ratio=0.035226 duration_us=3955
[2026-07-08 16:08:31.390] [info] [gpu_pipeline_task.cpp:321] [stage-audit] pipeline_id=0 task_id=172 operator_id=9 operator_name=FILTER stage_kind=FILTER operator_type=12 input_type=PIPELINEABLE output_type=PIPELINEABLE actual_gpu=0 pipeline_operator_count=2 input_batches=1 input_rows=3169827 input_columns=5 input_bytes=91641583 output_batches=1 output_rows=111380 output_columns=2 output_bytes=2032770 byte_ratio=0.022182 row_ratio=0.035138 duration_us=4475
[2026-07-08 16:08:31.390] [info] [task_scheduler.cpp:462] [mgpu-audit] pipeline_task dispatched to GPU 0 task_id=178
[2026-07-08 16:08:31.390] [info] [task_scheduler.cpp:464] [locality-audit] dispatch task_id=178 preferred_device=0 actual_gpu=0
[2026-07-08 16:08:31.399] [info] [gpu_pipeline_task.cpp:321] [stage-audit] pipeline_id=0 task_id=174 operator_id=15 operator_name=GPU_SCAN stage_kind=SCAN operator_type=94 input_type=GPU_SCAN output_type=PIPELINEABLE actual_gpu=0 pipeline_operator_count=2 input_batches=0 input_rows=0 input_columns=0 input_bytes=0 output_batches=1 output_rows=3162917 output_columns=5 output_bytes=91445250 byte_ratio=0.000000 row_ratio=0.000000 duration_us=405045
[2026-07-08 16:08:31.400] [info] [gpu_pipeline_task.cpp:321] [stage-audit] pipeline_id=0 task_id=174 operator_id=9 operator_name=FILTER stage_kind=FILTER operator_type=12 input_type=PIPELINEABLE output_type=PIPELINEABLE actual_gpu=0 pipeline_operator_count=2 input_batches=1 input_rows=3162917 input_columns=5 input_bytes=91445250 output_batches=1 output_rows=110960 output_columns=2 output_bytes=2025436 byte_ratio=0.022149 row_ratio=0.035082 duration_us=1229
[2026-07-08 16:08:31.737] [info] [gpu_pipeline_task.cpp:321] [stage-audit] pipeline_id=0 task_id=175 operator_id=15 operator_name=GPU_SCAN stage_kind=SCAN operator_type=94 input_type=GPU_SCAN output_type=PIPELINEABLE actual_gpu=0 pipeline_operator_count=2 input_batches=0 input_rows=0 input_columns=0 input_bytes=0 output_batches=1 output_rows=3164581 output_columns=5 output_bytes=91492028 byte_ratio=0.000000 row_ratio=0.000000 duration_us=325626
[2026-07-08 16:08:31.738] [info] [gpu_pipeline_task.cpp:321] [stage-audit] pipeline_id=0 task_id=175 operator_id=9 operator_name=FILTER stage_kind=FILTER operator_type=12 input_type=PIPELINEABLE output_type=PIPELINEABLE actual_gpu=0 pipeline_operator_count=2 input_batches=1 input_rows=3164581 input_columns=5 input_bytes=91492028 output_batches=1 output_rows=111067 output_columns=2 output_bytes=2027441 byte_ratio=0.022160 row_ratio=0.035097 duration_us=812
[2026-07-08 16:08:31.785] [info] [gpu_pipeline_task.cpp:321] [stage-audit] pipeline_id=0 task_id=178 operator_id=15 operator_name=GPU_SCAN stage_kind=SCAN operator_type=94 input_type=GPU_SCAN output_type=PIPELINEABLE actual_gpu=0 pipeline_operator_count=2 input_batches=0 input_rows=0 input_columns=0 input_bytes=0 output_batches=1 output_rows=60550 output_columns=5 output_bytes=1751236 byte_ratio=0.000000 row_ratio=0.000000 duration_us=297395
[2026-07-08 16:08:31.790] [info] [gpu_pipeline_task.cpp:321] [stage-audit] pipeline_id=0 task_id=178 operator_id=9 operator_name=FILTER stage_kind=FILTER operator_type=12 input_type=PIPELINEABLE output_type=PIPELINEABLE actual_gpu=0 pipeline_operator_count=2 input_batches=1 input_rows=60550 input_columns=5 input_bytes=1751236 output_batches=1 output_rows=2088 output_columns=2 output_bytes=38246 byte_ratio=0.021839 row_ratio=0.034484 duration_us=4502
[2026-07-08 16:08:31.805] [info] [gpu_pipeline_task.cpp:321] [stage-audit] pipeline_id=0 task_id=177 operator_id=15 operator_name=GPU_SCAN stage_kind=SCAN operator_type=94 input_type=GPU_SCAN output_type=PIPELINEABLE actual_gpu=0 pipeline_operator_count=2 input_batches=0 input_rows=0 input_columns=0 input_bytes=0 output_batches=1 output_rows=3157825 output_columns=5 output_bytes=91297659 byte_ratio=0.000000 row_ratio=0.000000 duration_us=331284
[2026-07-08 16:08:31.806] [info] [gpu_pipeline_task.cpp:321] [stage-audit] pipeline_id=0 task_id=176 operator_id=15 operator_name=GPU_SCAN stage_kind=SCAN operator_type=94 input_type=GPU_SCAN output_type=PIPELINEABLE actual_gpu=0 pipeline_operator_count=2 input_batches=0 input_rows=0 input_columns=0 input_bytes=0 output_batches=1 output_rows=3161321 output_columns=5 output_bytes=91393746 byte_ratio=0.000000 row_ratio=0.000000 duration_us=322634
[2026-07-08 16:08:31.807] [info] [gpu_pipeline_task.cpp:321] [stage-audit] pipeline_id=0 task_id=177 operator_id=9 operator_name=FILTER stage_kind=FILTER operator_type=12 input_type=PIPELINEABLE output_type=PIPELINEABLE actual_gpu=0 pipeline_operator_count=2 input_batches=1 input_rows=3157825 input_columns=5 input_bytes=91297659 output_batches=1 output_rows=110981 output_columns=2 output_bytes=2025353 byte_ratio=0.022184 row_ratio=0.035145 duration_us=1782
[2026-07-08 16:08:31.808] [info] [gpu_pipeline_task.cpp:321] [stage-audit] pipeline_id=0 task_id=176 operator_id=9 operator_name=FILTER stage_kind=FILTER operator_type=12 input_type=PIPELINEABLE output_type=PIPELINEABLE actual_gpu=0 pipeline_operator_count=2 input_batches=1 input_rows=3161321 input_columns=5 input_bytes=91393746 output_batches=1 output_rows=111084 output_columns=2 output_bytes=2027604 byte_ratio=0.022185 row_ratio=0.035138 duration_us=1486
[2026-07-08 16:08:31.808] [info] [task_creator.cpp:363] [locality-audit] task_create operator_id=17 input_bytes=2032335 local_bytes=2032335 gpu_source_bytes=2032335 host_source_bytes=0 disk_source_bytes=0 gpu_sources=1 host_sources=0 preferred_device=0
[2026-07-08 16:08:31.808] [info] [task_creator.cpp:363] [locality-audit] task_create operator_id=17 input_bytes=2037886 local_bytes=2037886 gpu_source_bytes=2037886 host_source_bytes=0 disk_source_bytes=0 gpu_sources=1 host_sources=0 preferred_device=0
[2026-07-08 16:08:31.808] [info] [task_scheduler.cpp:462] [mgpu-audit] pipeline_task dispatched to GPU 0 task_id=179
[2026-07-08 16:08:31.808] [info] [task_scheduler.cpp:464] [locality-audit] dispatch task_id=179 preferred_device=0 actual_gpu=0
[2026-07-08 16:08:31.808] [info] [task_creator.cpp:363] [locality-audit] task_create operator_id=17 input_bytes=2000609 local_bytes=2000609 gpu_source_bytes=2000609 host_source_bytes=0 disk_source_bytes=0 gpu_sources=1 host_sources=0 preferred_device=0
[2026-07-08 16:08:31.808] [info] [task_scheduler.cpp:462] [mgpu-audit] pipeline_task dispatched to GPU 0 task_id=180
[2026-07-08 16:08:31.809] [info] [task_scheduler.cpp:464] [locality-audit] dispatch task_id=180 preferred_device=0 actual_gpu=0
[2026-07-08 16:08:31.809] [info] [task_creator.cpp:363] [locality-audit] task_create operator_id=17 input_bytes=2026779 local_bytes=2026779 gpu_source_bytes=2026779 host_source_bytes=0 disk_source_bytes=0 gpu_sources=1 host_sources=0 preferred_device=0
[2026-07-08 16:08:31.809] [info] [task_scheduler.cpp:462] [mgpu-audit] pipeline_task dispatched to GPU 0 task_id=181
[2026-07-08 16:08:31.809] [info] [task_scheduler.cpp:464] [locality-audit] dispatch task_id=181 preferred_device=0 actual_gpu=0
[2026-07-08 16:08:31.809] [info] [task_creator.cpp:363] [locality-audit] task_create operator_id=17 input_bytes=2032834 local_bytes=2032834 gpu_source_bytes=2032834 host_source_bytes=0 disk_source_bytes=0 gpu_sources=1 host_sources=0 preferred_device=0
[2026-07-08 16:08:31.809] [info] [task_creator.cpp:363] [locality-audit] task_create operator_id=17 input_bytes=2037725 local_bytes=2037725 gpu_source_bytes=2037725 host_source_bytes=0 disk_source_bytes=0 gpu_sources=1 host_sources=0 preferred_device=0
[2026-07-08 16:08:31.809] [info] [task_creator.cpp:363] [locality-audit] task_create operator_id=17 input_bytes=2035931 local_bytes=2035931 gpu_source_bytes=2035931 host_source_bytes=0 disk_source_bytes=0 gpu_sources=1 host_sources=0 preferred_device=0
[2026-07-08 16:08:31.809] [info] [task_scheduler.cpp:462] [mgpu-audit] pipeline_task dispatched to GPU 0 task_id=182
[2026-07-08 16:08:31.809] [info] [task_creator.cpp:363] [locality-audit] task_create operator_id=17 input_bytes=2019344 local_bytes=2019344 gpu_source_bytes=2019344 host_source_bytes=0 disk_source_bytes=0 gpu_sources=1 host_sources=0 preferred_device=0
[2026-07-08 16:08:31.809] [info] [task_scheduler.cpp:464] [locality-audit] dispatch task_id=182 preferred_device=0 actual_gpu=0
[2026-07-08 16:08:31.809] [info] [gpu_pipeline_task.cpp:188] [locality-audit] prepare_before pipeline_id=1 task_id=180 preferred_device=0 actual_gpu=0 target_tier=GPU target_device=0 input_bytes=2037886 local_bytes=2037886 remote_gpu_bytes=0 host_bytes=0 disk_bytes=0 batch_count=1
[2026-07-08 16:08:31.809] [info] [task_scheduler.cpp:462] [mgpu-audit] pipeline_task dispatched to GPU 0 task_id=183
[2026-07-08 16:08:31.809] [info] [gpu_pipeline_task.cpp:188] [locality-audit] prepare_before pipeline_id=1 task_id=179 preferred_device=0 actual_gpu=0 target_tier=GPU target_device=0 input_bytes=2032335 local_bytes=2032335 remote_gpu_bytes=0 host_bytes=0 disk_bytes=0 batch_count=1
[2026-07-08 16:08:31.809] [info] [gpu_pipeline_task.cpp:188] [locality-audit] prepare_before pipeline_id=1 task_id=181 preferred_device=0 actual_gpu=0 target_tier=GPU target_device=0 input_bytes=2000609 local_bytes=2000609 remote_gpu_bytes=0 host_bytes=0 disk_bytes=0 batch_count=1
[2026-07-08 16:08:31.809] [info] [task_scheduler.cpp:464] [locality-audit] dispatch task_id=183 preferred_device=0 actual_gpu=0
[2026-07-08 16:08:31.809] [info] [task_scheduler.cpp:462] [mgpu-audit] pipeline_task dispatched to GPU 0 task_id=184
[2026-07-08 16:08:31.809] [info] [task_scheduler.cpp:464] [locality-audit] dispatch task_id=184 preferred_device=0 actual_gpu=0
[2026-07-08 16:08:31.809] [info] [task_creator.cpp:363] [locality-audit] task_create operator_id=17 input_bytes=2023331 local_bytes=2023331 gpu_source_bytes=2023331 host_source_bytes=0 disk_source_bytes=0 gpu_sources=1 host_sources=0 preferred_device=0
[2026-07-08 16:08:31.809] [info] [task_creator.cpp:363] [locality-audit] task_create operator_id=17 input_bytes=2037327 local_bytes=2037327 gpu_source_bytes=2037327 host_source_bytes=0 disk_source_bytes=0 gpu_sources=1 host_sources=0 preferred_device=0
[2026-07-08 16:08:31.809] [info] [task_creator.cpp:363] [locality-audit] task_create operator_id=17 input_bytes=2027399 local_bytes=2027399 gpu_source_bytes=2027399 host_source_bytes=0 disk_source_bytes=0 gpu_sources=1 host_sources=0 preferred_device=0
[2026-07-08 16:08:31.809] [info] [task_creator.cpp:363] [locality-audit] task_create operator_id=17 input_bytes=2024239 local_bytes=2024239 gpu_source_bytes=2024239 host_source_bytes=0 disk_source_bytes=0 gpu_sources=1 host_sources=0 preferred_device=0
[2026-07-08 16:08:31.809] [info] [gpu_pipeline_task.cpp:188] [locality-audit] prepare_before pipeline_id=1 task_id=182 preferred_device=0 actual_gpu=0 target_tier=GPU target_device=0 input_bytes=2026779 local_bytes=2026779 remote_gpu_bytes=0 host_bytes=0 disk_bytes=0 batch_count=1
[2026-07-08 16:08:31.809] [info] [task_creator.cpp:363] [locality-audit] task_create operator_id=17 input_bytes=2035098 local_bytes=2035098 gpu_source_bytes=2035098 host_source_bytes=0 disk_source_bytes=0 gpu_sources=1 host_sources=0 preferred_device=0
[2026-07-08 16:08:31.809] [info] [task_creator.cpp:363] [locality-audit] task_create operator_id=17 input_bytes=2036646 local_bytes=2036646 gpu_source_bytes=2036646 host_source_bytes=0 disk_source_bytes=0 gpu_sources=1 host_sources=0 preferred_device=0
[2026-07-08 16:08:31.809] [info] [task_creator.cpp:363] [locality-audit] task_create operator_id=17 input_bytes=2023560 local_bytes=2023560 gpu_source_bytes=2023560 host_source_bytes=0 disk_source_bytes=0 gpu_sources=1 host_sources=0 preferred_device=0
[2026-07-08 16:08:31.809] [info] [task_creator.cpp:363] [locality-audit] task_create operator_id=17 input_bytes=2029222 local_bytes=2029222 gpu_source_bytes=2029222 host_source_bytes=0 disk_source_bytes=0 gpu_sources=1 host_sources=0 preferred_device=0
[2026-07-08 16:08:31.809] [info] [task_creator.cpp:363] [locality-audit] task_create operator_id=17 input_bytes=2039789 local_bytes=2039789 gpu_source_bytes=2039789 host_source_bytes=0 disk_source_bytes=0 gpu_sources=1 host_sources=0 preferred_device=0
[2026-07-08 16:08:31.809] [info] [task_creator.cpp:363] [locality-audit] task_create operator_id=17 input_bytes=2034778 local_bytes=2034778 gpu_source_bytes=2034778 host_source_bytes=0 disk_source_bytes=0 gpu_sources=1 host_sources=0 preferred_device=0
[2026-07-08 16:08:31.809] [info] [task_creator.cpp:363] [locality-audit] task_create operator_id=17 input_bytes=2037528 local_bytes=2037528 gpu_source_bytes=2037528 host_source_bytes=0 disk_source_bytes=0 gpu_sources=1 host_sources=0 preferred_device=0
[2026-07-08 16:08:31.809] [info] [task_creator.cpp:363] [locality-audit] task_create operator_id=17 input_bytes=2028377 local_bytes=2028377 gpu_source_bytes=2028377 host_source_bytes=0 disk_source_bytes=0 gpu_sources=1 host_sources=0 preferred_device=0
[2026-07-08 16:08:31.809] [info] [task_creator.cpp:363] [locality-audit] task_create operator_id=17 input_bytes=2029303 local_bytes=2029303 gpu_source_bytes=2029303 host_source_bytes=0 disk_source_bytes=0 gpu_sources=1 host_sources=0 preferred_device=0
[2026-07-08 16:08:31.809] [info] [task_creator.cpp:363] [locality-audit] task_create operator_id=17 input_bytes=2034033 local_bytes=2034033 gpu_source_bytes=2034033 host_source_bytes=0 disk_source_bytes=0 gpu_sources=1 host_sources=0 preferred_device=0
[2026-07-08 16:08:31.809] [info] [task_creator.cpp:363] [locality-audit] task_create operator_id=17 input_bytes=2034164 local_bytes=2034164 gpu_source_bytes=2034164 host_source_bytes=0 disk_source_bytes=0 gpu_sources=1 host_sources=0 preferred_device=0
[2026-07-08 16:08:31.809] [info] [task_creator.cpp:363] [locality-audit] task_create operator_id=17 input_bytes=2032770 local_bytes=2032770 gpu_source_bytes=2032770 host_source_bytes=0 disk_source_bytes=0 gpu_sources=1 host_sources=0 preferred_device=0
[2026-07-08 16:08:31.809] [info] [task_creator.cpp:363] [locality-audit] task_create operator_id=17 input_bytes=2025436 local_bytes=2025436 gpu_source_bytes=2025436 host_source_bytes=0 disk_source_bytes=0 gpu_sources=1 host_sources=0 preferred_device=0
[2026-07-08 16:08:31.809] [info] [task_creator.cpp:363] [locality-audit] task_create operator_id=17 input_bytes=2027441 local_bytes=2027441 gpu_source_bytes=2027441 host_source_bytes=0 disk_source_bytes=0 gpu_sources=1 host_sources=0 preferred_device=0
[2026-07-08 16:08:31.809] [info] [task_creator.cpp:363] [locality-audit] task_create operator_id=17 input_bytes=38246 local_bytes=38246 gpu_source_bytes=38246 host_source_bytes=0 disk_source_bytes=0 gpu_sources=1 host_sources=0 preferred_device=0
[2026-07-08 16:08:31.809] [info] [task_creator.cpp:363] [locality-audit] task_create operator_id=17 input_bytes=2025353 local_bytes=2025353 gpu_source_bytes=2025353 host_source_bytes=0 disk_source_bytes=0 gpu_sources=1 host_sources=0 preferred_device=0
[2026-07-08 16:08:31.809] [info] [task_creator.cpp:363] [locality-audit] task_create operator_id=17 input_bytes=2027604 local_bytes=2027604 gpu_source_bytes=2027604 host_source_bytes=0 disk_source_bytes=0 gpu_sources=1 host_sources=0 preferred_device=0
[2026-07-08 16:08:31.810] [info] [gpu_pipeline_task.cpp:188] [locality-audit] prepare_after pipeline_id=1 task_id=180 preferred_device=0 actual_gpu=0 target_tier=GPU target_device=0 input_bytes=2037886 local_bytes=2037886 remote_gpu_bytes=0 host_bytes=0 disk_bytes=0 batch_count=1
[2026-07-08 16:08:31.811] [info] [gpu_pipeline_task.cpp:188] [locality-audit] prepare_after pipeline_id=1 task_id=181 preferred_device=0 actual_gpu=0 target_tier=GPU target_device=0 input_bytes=2000609 local_bytes=2000609 remote_gpu_bytes=0 host_bytes=0 disk_bytes=0 batch_count=1
[2026-07-08 16:08:31.811] [info] [gpu_pipeline_task.cpp:188] [locality-audit] prepare_after pipeline_id=1 task_id=179 preferred_device=0 actual_gpu=0 target_tier=GPU target_device=0 input_bytes=2032335 local_bytes=2032335 remote_gpu_bytes=0 host_bytes=0 disk_bytes=0 batch_count=1
[2026-07-08 16:08:31.811] [info] [gpu_pipeline_task.cpp:321] [stage-audit] pipeline_id=1 task_id=180 operator_id=17 operator_name=PARTITION stage_kind=PARTITION operator_type=82 input_type=PIPELINEABLE output_type=PIPELINEABLE actual_gpu=0 pipeline_operator_count=1 input_batches=1 input_rows=111660 input_columns=2 input_bytes=2037886 output_batches=1 output_rows=111660 output_columns=2 output_bytes=2037886 byte_ratio=1.000000 row_ratio=1.000000 duration_us=362
[2026-07-08 16:08:31.811] [info] [gpu_pipeline_task.cpp:188] [locality-audit] prepare_after pipeline_id=1 task_id=182 preferred_device=0 actual_gpu=0 target_tier=GPU target_device=0 input_bytes=2026779 local_bytes=2026779 remote_gpu_bytes=0 host_bytes=0 disk_bytes=0 batch_count=1
[2026-07-08 16:08:31.811] [info] [gpu_pipeline_task.cpp:321] [stage-audit] pipeline_id=1 task_id=181 operator_id=17 operator_name=PARTITION stage_kind=PARTITION operator_type=82 input_type=PIPELINEABLE output_type=PIPELINEABLE actual_gpu=0 pipeline_operator_count=1 input_batches=1 input_rows=109599 input_columns=2 input_bytes=2000609 output_batches=1 output_rows=109599 output_columns=2 output_bytes=2000609 byte_ratio=1.000000 row_ratio=1.000000 duration_us=136
[2026-07-08 16:08:31.811] [info] [gpu_pipeline_task.cpp:321] [stage-audit] pipeline_id=1 task_id=179 operator_id=17 operator_name=PARTITION stage_kind=PARTITION operator_type=82 input_type=PIPELINEABLE output_type=PIPELINEABLE actual_gpu=0 pipeline_operator_count=1 input_batches=1 input_rows=111373 input_columns=2 input_bytes=2032335 output_batches=1 output_rows=111373 output_columns=2 output_bytes=2032335 byte_ratio=1.000000 row_ratio=1.000000 duration_us=56
[2026-07-08 16:08:31.811] [info] [gpu_pipeline_task.cpp:321] [stage-audit] pipeline_id=1 task_id=182 operator_id=17 operator_name=PARTITION stage_kind=PARTITION operator_type=82 input_type=PIPELINEABLE output_type=PIPELINEABLE actual_gpu=0 pipeline_operator_count=1 input_batches=1 input_rows=111061 input_columns=2 input_bytes=2026779 output_batches=1 output_rows=111061 output_columns=2 output_bytes=2026779 byte_ratio=1.000000 row_ratio=1.000000 duration_us=12
[2026-07-08 16:08:31.811] [info] [task_scheduler.cpp:462] [mgpu-audit] pipeline_task dispatched to GPU 0 task_id=185
[2026-07-08 16:08:31.811] [info] [task_scheduler.cpp:464] [locality-audit] dispatch task_id=185 preferred_device=0 actual_gpu=0
[2026-07-08 16:08:31.811] [info] [gpu_pipeline_task.cpp:188] [locality-audit] prepare_before pipeline_id=1 task_id=183 preferred_device=0 actual_gpu=0 target_tier=GPU target_device=0 input_bytes=2032834 local_bytes=2032834 remote_gpu_bytes=0 host_bytes=0 disk_bytes=0 batch_count=1
[2026-07-08 16:08:31.811] [info] [gpu_pipeline_task.cpp:188] [locality-audit] prepare_after pipeline_id=1 task_id=183 preferred_device=0 actual_gpu=0 target_tier=GPU target_device=0 input_bytes=2032834 local_bytes=2032834 remote_gpu_bytes=0 host_bytes=0 disk_bytes=0 batch_count=1
[2026-07-08 16:08:31.811] [info] [gpu_pipeline_task.cpp:188] [locality-audit] prepare_before pipeline_id=1 task_id=184 preferred_device=0 actual_gpu=0 target_tier=GPU target_device=0 input_bytes=2037725 local_bytes=2037725 remote_gpu_bytes=0 host_bytes=0 disk_bytes=0 batch_count=1
[2026-07-08 16:08:31.811] [info] [task_scheduler.cpp:462] [mgpu-audit] pipeline_task dispatched to GPU 0 task_id=186
[2026-07-08 16:08:31.811] [info] [task_scheduler.cpp:464] [locality-audit] dispatch task_id=186 preferred_device=0 actual_gpu=0
[2026-07-08 16:08:31.811] [info] [task_scheduler.cpp:462] [mgpu-audit] pipeline_task dispatched to GPU 0 task_id=187
[2026-07-08 16:08:31.811] [info] [gpu_pipeline_task.cpp:321] [stage-audit] pipeline_id=1 task_id=183 operator_id=17 operator_name=PARTITION stage_kind=PARTITION operator_type=82 input_type=PIPELINEABLE output_type=PIPELINEABLE actual_gpu=0 pipeline_operator_count=1 input_batches=1 input_rows=111346 input_columns=2 input_bytes=2032834 output_batches=1 output_rows=111346 output_columns=2 output_bytes=2032834 byte_ratio=1.000000 row_ratio=1.000000 duration_us=1
[2026-07-08 16:08:31.811] [info] [task_scheduler.cpp:464] [locality-audit] dispatch task_id=187 preferred_device=0 actual_gpu=0
[2026-07-08 16:08:31.811] [info] [gpu_pipeline_task.cpp:188] [locality-audit] prepare_after pipeline_id=1 task_id=184 preferred_device=0 actual_gpu=0 target_tier=GPU target_device=0 input_bytes=2037725 local_bytes=2037725 remote_gpu_bytes=0 host_bytes=0 disk_bytes=0 batch_count=1
[2026-07-08 16:08:31.811] [info] [gpu_pipeline_task.cpp:188] [locality-audit] prepare_before pipeline_id=1 task_id=185 preferred_device=0 actual_gpu=0 target_tier=GPU target_device=0 input_bytes=2035931 local_bytes=2035931 remote_gpu_bytes=0 host_bytes=0 disk_bytes=0 batch_count=1
[2026-07-08 16:08:31.811] [info] [task_scheduler.cpp:462] [mgpu-audit] pipeline_task dispatched to GPU 0 task_id=188
[2026-07-08 16:08:31.811] [info] [task_scheduler.cpp:464] [locality-audit] dispatch task_id=188 preferred_device=0 actual_gpu=0
[2026-07-08 16:08:31.811] [info] [gpu_pipeline_task.cpp:188] [locality-audit] prepare_after pipeline_id=1 task_id=185 preferred_device=0 actual_gpu=0 target_tier=GPU target_device=0 input_bytes=2035931 local_bytes=2035931 remote_gpu_bytes=0 host_bytes=0 disk_bytes=0 batch_count=1
[2026-07-08 16:08:31.811] [info] [task_scheduler.cpp:462] [mgpu-audit] pipeline_task dispatched to GPU 0 task_id=189
[2026-07-08 16:08:31.811] [info] [gpu_pipeline_task.cpp:321] [stage-audit] pipeline_id=1 task_id=185 operator_id=17 operator_name=PARTITION stage_kind=PARTITION operator_type=82 input_type=PIPELINEABLE output_type=PIPELINEABLE actual_gpu=0 pipeline_operator_count=1 input_batches=1 input_rows=111531 input_columns=2 input_bytes=2035931 output_batches=1 output_rows=111531 output_columns=2 output_bytes=2035931 byte_ratio=1.000000 row_ratio=1.000000 duration_us=2
[2026-07-08 16:08:31.811] [info] [gpu_pipeline_task.cpp:188] [locality-audit] prepare_before pipeline_id=1 task_id=186 preferred_device=0 actual_gpu=0 target_tier=GPU target_device=0 input_bytes=2019344 local_bytes=2019344 remote_gpu_bytes=0 host_bytes=0 disk_bytes=0 batch_count=1
[2026-07-08 16:08:31.811] [info] [task_scheduler.cpp:464] [locality-audit] dispatch task_id=189 preferred_device=0 actual_gpu=0
[2026-07-08 16:08:31.811] [info] [gpu_pipeline_task.cpp:188] [locality-audit] prepare_after pipeline_id=1 task_id=186 preferred_device=0 actual_gpu=0 target_tier=GPU target_device=0 input_bytes=2019344 local_bytes=2019344 remote_gpu_bytes=0 host_bytes=0 disk_bytes=0 batch_count=1
[2026-07-08 16:08:31.811] [info] [task_scheduler.cpp:462] [mgpu-audit] pipeline_task dispatched to GPU 0 task_id=190
[2026-07-08 16:08:31.811] [info] [task_scheduler.cpp:464] [locality-audit] dispatch task_id=190 preferred_device=0 actual_gpu=0
[2026-07-08 16:08:31.811] [info] [gpu_pipeline_task.cpp:321] [stage-audit] pipeline_id=1 task_id=186 operator_id=17 operator_name=PARTITION stage_kind=PARTITION operator_type=82 input_type=PIPELINEABLE output_type=PIPELINEABLE actual_gpu=0 pipeline_operator_count=1 input_batches=1 input_rows=110630 input_columns=2 input_bytes=2019344 output_batches=1 output_rows=110630 output_columns=2 output_bytes=2019344 byte_ratio=1.000000 row_ratio=1.000000 duration_us=1
[2026-07-08 16:08:31.811] [info] [gpu_pipeline_task.cpp:188] [locality-audit] prepare_before pipeline_id=1 task_id=188 preferred_device=0 actual_gpu=0 target_tier=GPU target_device=0 input_bytes=2037327 local_bytes=2037327 remote_gpu_bytes=0 host_bytes=0 disk_bytes=0 batch_count=1
[2026-07-08 16:08:31.811] [info] [gpu_pipeline_task.cpp:188] [locality-audit] prepare_before pipeline_id=1 task_id=187 preferred_device=0 actual_gpu=0 target_tier=GPU target_device=0 input_bytes=2023331 local_bytes=2023331 remote_gpu_bytes=0 host_bytes=0 disk_bytes=0 batch_count=1
[2026-07-08 16:08:31.811] [info] [gpu_pipeline_task.cpp:188] [locality-audit] prepare_after pipeline_id=1 task_id=187 preferred_device=0 actual_gpu=0 target_tier=GPU target_device=0 input_bytes=2023331 local_bytes=2023331 remote_gpu_bytes=0 host_bytes=0 disk_bytes=0 batch_count=1
[2026-07-08 16:08:31.811] [info] [gpu_pipeline_task.cpp:321] [stage-audit] pipeline_id=1 task_id=184 operator_id=17 operator_name=PARTITION stage_kind=PARTITION operator_type=82 input_type=PIPELINEABLE output_type=PIPELINEABLE actual_gpu=0 pipeline_operator_count=1 input_batches=1 input_rows=111653 input_columns=2 input_bytes=2037725 output_batches=1 output_rows=111653 output_columns=2 output_bytes=2037725 byte_ratio=1.000000 row_ratio=1.000000 duration_us=6
[2026-07-08 16:08:31.811] [info] [gpu_pipeline_task.cpp:321] [stage-audit] pipeline_id=1 task_id=187 operator_id=17 operator_name=PARTITION stage_kind=PARTITION operator_type=82 input_type=PIPELINEABLE output_type=PIPELINEABLE actual_gpu=0 pipeline_operator_count=1 input_batches=1 input_rows=110885 input_columns=2 input_bytes=2023331 output_batches=1 output_rows=110885 output_columns=2 output_bytes=2023331 byte_ratio=1.000000 row_ratio=1.000000 duration_us=1
[2026-07-08 16:08:31.811] [info] [gpu_pipeline_task.cpp:188] [locality-audit] prepare_after pipeline_id=1 task_id=188 preferred_device=0 actual_gpu=0 target_tier=GPU target_device=0 input_bytes=2037327 local_bytes=2037327 remote_gpu_bytes=0 host_bytes=0 disk_bytes=0 batch_count=1
[2026-07-08 16:08:31.811] [info] [task_scheduler.cpp:462] [mgpu-audit] pipeline_task dispatched to GPU 0 task_id=191
[2026-07-08 16:08:31.811] [info] [task_scheduler.cpp:464] [locality-audit] dispatch task_id=191 preferred_device=0 actual_gpu=0
[2026-07-08 16:08:31.811] [info] [gpu_pipeline_task.cpp:321] [stage-audit] pipeline_id=1 task_id=188 operator_id=17 operator_name=PARTITION stage_kind=PARTITION operator_type=82 input_type=PIPELINEABLE output_type=PIPELINEABLE actual_gpu=0 pipeline_operator_count=1 input_batches=1 input_rows=111659 input_columns=2 input_bytes=2037327 output_batches=1 output_rows=111659 output_columns=2 output_bytes=2037327 byte_ratio=1.000000 row_ratio=1.000000 duration_us=5
[2026-07-08 16:08:31.811] [info] [task_scheduler.cpp:462] [mgpu-audit] pipeline_task dispatched to GPU 0 task_id=192
[2026-07-08 16:08:31.811] [info] [task_scheduler.cpp:464] [locality-audit] dispatch task_id=192 preferred_device=0 actual_gpu=0
[2026-07-08 16:08:31.811] [info] [gpu_pipeline_task.cpp:188] [locality-audit] prepare_before pipeline_id=1 task_id=190 preferred_device=0 actual_gpu=0 target_tier=GPU target_device=0 input_bytes=2024239 local_bytes=2024239 remote_gpu_bytes=0 host_bytes=0 disk_bytes=0 batch_count=1
[2026-07-08 16:08:31.811] [info] [gpu_pipeline_task.cpp:188] [locality-audit] prepare_before pipeline_id=1 task_id=189 preferred_device=0 actual_gpu=0 target_tier=GPU target_device=0 input_bytes=2027399 local_bytes=2027399 remote_gpu_bytes=0 host_bytes=0 disk_bytes=0 batch_count=1
[2026-07-08 16:08:31.811] [info] [gpu_pipeline_task.cpp:188] [locality-audit] prepare_after pipeline_id=1 task_id=189 preferred_device=0 actual_gpu=0 target_tier=GPU target_device=0 input_bytes=2027399 local_bytes=2027399 remote_gpu_bytes=0 host_bytes=0 disk_bytes=0 batch_count=1
[2026-07-08 16:08:31.811] [info] [gpu_pipeline_task.cpp:188] [locality-audit] prepare_after pipeline_id=1 task_id=190 preferred_device=0 actual_gpu=0 target_tier=GPU target_device=0 input_bytes=2024239 local_bytes=2024239 remote_gpu_bytes=0 host_bytes=0 disk_bytes=0 batch_count=1
[2026-07-08 16:08:31.811] [info] [gpu_pipeline_task.cpp:321] [stage-audit] pipeline_id=1 task_id=189 operator_id=17 operator_name=PARTITION stage_kind=PARTITION operator_type=82 input_type=PIPELINEABLE output_type=PIPELINEABLE actual_gpu=0 pipeline_operator_count=1 input_batches=1 input_rows=111089 input_columns=2 input_bytes=2027399 output_batches=1 output_rows=111089 output_columns=2 output_bytes=2027399 byte_ratio=1.000000 row_ratio=1.000000 duration_us=2
[2026-07-08 16:08:31.811] [info] [gpu_pipeline_task.cpp:321] [stage-audit] pipeline_id=1 task_id=190 operator_id=17 operator_name=PARTITION stage_kind=PARTITION operator_type=82 input_type=PIPELINEABLE output_type=PIPELINEABLE actual_gpu=0 pipeline_operator_count=1 input_batches=1 input_rows=110949 input_columns=2 input_bytes=2024239 output_batches=1 output_rows=110949 output_columns=2 output_bytes=2024239 byte_ratio=1.000000 row_ratio=1.000000 duration_us=6
[2026-07-08 16:08:31.811] [info] [task_scheduler.cpp:462] [mgpu-audit] pipeline_task dispatched to GPU 0 task_id=193
[2026-07-08 16:08:31.811] [info] [task_scheduler.cpp:464] [locality-audit] dispatch task_id=193 preferred_device=0 actual_gpu=0
[2026-07-08 16:08:31.811] [info] [task_scheduler.cpp:462] [mgpu-audit] pipeline_task dispatched to GPU 0 task_id=194
[2026-07-08 16:08:31.811] [info] [task_scheduler.cpp:464] [locality-audit] dispatch task_id=194 preferred_device=0 actual_gpu=0
[2026-07-08 16:08:31.811] [info] [gpu_pipeline_task.cpp:188] [locality-audit] prepare_before pipeline_id=1 task_id=191 preferred_device=0 actual_gpu=0 target_tier=GPU target_device=0 input_bytes=2035098 local_bytes=2035098 remote_gpu_bytes=0 host_bytes=0 disk_bytes=0 batch_count=1
[2026-07-08 16:08:31.811] [info] [task_scheduler.cpp:462] [mgpu-audit] pipeline_task dispatched to GPU 0 task_id=195
[2026-07-08 16:08:31.811] [info] [task_scheduler.cpp:464] [locality-audit] dispatch task_id=195 preferred_device=0 actual_gpu=0
[2026-07-08 16:08:31.811] [info] [task_scheduler.cpp:462] [mgpu-audit] pipeline_task dispatched to GPU 0 task_id=196
[2026-07-08 16:08:31.811] [info] [task_scheduler.cpp:464] [locality-audit] dispatch task_id=196 preferred_device=0 actual_gpu=0
[2026-07-08 16:08:31.811] [info] [gpu_pipeline_task.cpp:188] [locality-audit] prepare_after pipeline_id=1 task_id=191 preferred_device=0 actual_gpu=0 target_tier=GPU target_device=0 input_bytes=2035098 local_bytes=2035098 remote_gpu_bytes=0 host_bytes=0 disk_bytes=0 batch_count=1
[2026-07-08 16:08:31.811] [info] [gpu_pipeline_task.cpp:321] [stage-audit] pipeline_id=1 task_id=191 operator_id=17 operator_name=PARTITION stage_kind=PARTITION operator_type=82 input_type=PIPELINEABLE output_type=PIPELINEABLE actual_gpu=0 pipeline_operator_count=1 input_batches=1 input_rows=111476 input_columns=2 input_bytes=2035098 output_batches=1 output_rows=111476 output_columns=2 output_bytes=2035098 byte_ratio=1.000000 row_ratio=1.000000 duration_us=1
[2026-07-08 16:08:31.811] [info] [gpu_pipeline_task.cpp:188] [locality-audit] prepare_before pipeline_id=1 task_id=192 preferred_device=0 actual_gpu=0 target_tier=GPU target_device=0 input_bytes=2036646 local_bytes=2036646 remote_gpu_bytes=0 host_bytes=0 disk_bytes=0 batch_count=1
[2026-07-08 16:08:31.811] [info] [gpu_pipeline_task.cpp:188] [locality-audit] prepare_before pipeline_id=1 task_id=194 preferred_device=0 actual_gpu=0 target_tier=GPU target_device=0 input_bytes=2029222 local_bytes=2029222 remote_gpu_bytes=0 host_bytes=0 disk_bytes=0 batch_count=1
[2026-07-08 16:08:31.811] [info] [gpu_pipeline_task.cpp:188] [locality-audit] prepare_after pipeline_id=1 task_id=194 preferred_device=0 actual_gpu=0 target_tier=GPU target_device=0 input_bytes=2029222 local_bytes=2029222 remote_gpu_bytes=0 host_bytes=0 disk_bytes=0 batch_count=1
[2026-07-08 16:08:31.811] [info] [gpu_pipeline_task.cpp:188] [locality-audit] prepare_before pipeline_id=1 task_id=193 preferred_device=0 actual_gpu=0 target_tier=GPU target_device=0 input_bytes=2023560 local_bytes=2023560 remote_gpu_bytes=0 host_bytes=0 disk_bytes=0 batch_count=1
[2026-07-08 16:08:31.811] [info] [gpu_pipeline_task.cpp:188] [locality-audit] prepare_after pipeline_id=1 task_id=192 preferred_device=0 actual_gpu=0 target_tier=GPU target_device=0 input_bytes=2036646 local_bytes=2036646 remote_gpu_bytes=0 host_bytes=0 disk_bytes=0 batch_count=1
[2026-07-08 16:08:31.811] [info] [gpu_pipeline_task.cpp:321] [stage-audit] pipeline_id=1 task_id=194 operator_id=17 operator_name=PARTITION stage_kind=PARTITION operator_type=82 input_type=PIPELINEABLE output_type=PIPELINEABLE actual_gpu=0 pipeline_operator_count=1 input_batches=1 input_rows=111202 input_columns=2 input_bytes=2029222 output_batches=1 output_rows=111202 output_columns=2 output_bytes=2029222 byte_ratio=1.000000 row_ratio=1.000000 duration_us=1
[2026-07-08 16:08:31.811] [info] [task_scheduler.cpp:462] [mgpu-audit] pipeline_task dispatched to GPU 0 task_id=197
[2026-07-08 16:08:31.811] [info] [gpu_pipeline_task.cpp:188] [locality-audit] prepare_before pipeline_id=1 task_id=195 preferred_device=0 actual_gpu=0 target_tier=GPU target_device=0 input_bytes=2039789 local_bytes=2039789 remote_gpu_bytes=0 host_bytes=0 disk_bytes=0 batch_count=1
[2026-07-08 16:08:31.811] [info] [task_scheduler.cpp:464] [locality-audit] dispatch task_id=197 preferred_device=0 actual_gpu=0
[2026-07-08 16:08:31.811] [info] [task_scheduler.cpp:462] [mgpu-audit] pipeline_task dispatched to GPU 0 task_id=198
[2026-07-08 16:08:31.811] [info] [task_scheduler.cpp:464] [locality-audit] dispatch task_id=198 preferred_device=0 actual_gpu=0
[2026-07-08 16:08:31.811] [info] [gpu_pipeline_task.cpp:188] [locality-audit] prepare_after pipeline_id=1 task_id=195 preferred_device=0 actual_gpu=0 target_tier=GPU target_device=0 input_bytes=2039789 local_bytes=2039789 remote_gpu_bytes=0 host_bytes=0 disk_bytes=0 batch_count=1
[2026-07-08 16:08:31.811] [info] [gpu_pipeline_task.cpp:188] [locality-audit] prepare_after pipeline_id=1 task_id=193 preferred_device=0 actual_gpu=0 target_tier=GPU target_device=0 input_bytes=2023560 local_bytes=2023560 remote_gpu_bytes=0 host_bytes=0 disk_bytes=0 batch_count=1
[2026-07-08 16:08:31.811] [info] [gpu_pipeline_task.cpp:321] [stage-audit] pipeline_id=1 task_id=195 operator_id=17 operator_name=PARTITION stage_kind=PARTITION operator_type=82 input_type=PIPELINEABLE output_type=PIPELINEABLE actual_gpu=0 pipeline_operator_count=1 input_batches=1 input_rows=111799 input_columns=2 input_bytes=2039789 output_batches=1 output_rows=111799 output_columns=2 output_bytes=2039789 byte_ratio=1.000000 row_ratio=1.000000 duration_us=1
[2026-07-08 16:08:31.811] [info] [gpu_pipeline_task.cpp:321] [stage-audit] pipeline_id=1 task_id=192 operator_id=17 operator_name=PARTITION stage_kind=PARTITION operator_type=82 input_type=PIPELINEABLE output_type=PIPELINEABLE actual_gpu=0 pipeline_operator_count=1 input_batches=1 input_rows=111584 input_columns=2 input_bytes=2036646 output_batches=1 output_rows=111584 output_columns=2 output_bytes=2036646 byte_ratio=1.000000 row_ratio=1.000000 duration_us=6
[2026-07-08 16:08:31.811] [info] [gpu_pipeline_task.cpp:188] [locality-audit] prepare_before pipeline_id=1 task_id=196 preferred_device=0 actual_gpu=0 target_tier=GPU target_device=0 input_bytes=2034778 local_bytes=2034778 remote_gpu_bytes=0 host_bytes=0 disk_bytes=0 batch_count=1
[2026-07-08 16:08:31.811] [info] [task_scheduler.cpp:462] [mgpu-audit] pipeline_task dispatched to GPU 0 task_id=199
[2026-07-08 16:08:31.811] [info] [gpu_pipeline_task.cpp:188] [locality-audit] prepare_after pipeline_id=1 task_id=196 preferred_device=0 actual_gpu=0 target_tier=GPU target_device=0 input_bytes=2034778 local_bytes=2034778 remote_gpu_bytes=0 host_bytes=0 disk_bytes=0 batch_count=1
[2026-07-08 16:08:31.811] [info] [task_scheduler.cpp:464] [locality-audit] dispatch task_id=199 preferred_device=0 actual_gpu=0
[2026-07-08 16:08:31.811] [info] [gpu_pipeline_task.cpp:321] [stage-audit] pipeline_id=1 task_id=196 operator_id=17 operator_name=PARTITION stage_kind=PARTITION operator_type=82 input_type=PIPELINEABLE output_type=PIPELINEABLE actual_gpu=0 pipeline_operator_count=1 input_batches=1 input_rows=111466 input_columns=2 input_bytes=2034778 output_batches=1 output_rows=111466 output_columns=2 output_bytes=2034778 byte_ratio=1.000000 row_ratio=1.000000 duration_us=1
[2026-07-08 16:08:31.811] [info] [gpu_pipeline_task.cpp:188] [locality-audit] prepare_before pipeline_id=1 task_id=197 preferred_device=0 actual_gpu=0 target_tier=GPU target_device=0 input_bytes=2037528 local_bytes=2037528 remote_gpu_bytes=0 host_bytes=0 disk_bytes=0 batch_count=1
[2026-07-08 16:08:31.811] [info] [gpu_pipeline_task.cpp:188] [locality-audit] prepare_after pipeline_id=1 task_id=197 preferred_device=0 actual_gpu=0 target_tier=GPU target_device=0 input_bytes=2037528 local_bytes=2037528 remote_gpu_bytes=0 host_bytes=0 disk_bytes=0 batch_count=1
[2026-07-08 16:08:31.811] [info] [gpu_pipeline_task.cpp:321] [stage-audit] pipeline_id=1 task_id=193 operator_id=17 operator_name=PARTITION stage_kind=PARTITION operator_type=82 input_type=PIPELINEABLE output_type=PIPELINEABLE actual_gpu=0 pipeline_operator_count=1 input_batches=1 input_rows=110892 input_columns=2 input_bytes=2023560 output_batches=1 output_rows=110892 output_columns=2 output_bytes=2023560 byte_ratio=1.000000 row_ratio=1.000000 duration_us=6
[2026-07-08 16:08:31.811] [info] [gpu_pipeline_task.cpp:321] [stage-audit] pipeline_id=1 task_id=197 operator_id=17 operator_name=PARTITION stage_kind=PARTITION operator_type=82 input_type=PIPELINEABLE output_type=PIPELINEABLE actual_gpu=0 pipeline_operator_count=1 input_batches=1 input_rows=111624 input_columns=2 input_bytes=2037528 output_batches=1 output_rows=111624 output_columns=2 output_bytes=2037528 byte_ratio=1.000000 row_ratio=1.000000 duration_us=1
[2026-07-08 16:08:31.811] [info] [task_scheduler.cpp:462] [mgpu-audit] pipeline_task dispatched to GPU 0 task_id=200
[2026-07-08 16:08:31.811] [info] [task_scheduler.cpp:464] [locality-audit] dispatch task_id=200 preferred_device=0 actual_gpu=0
[2026-07-08 16:08:31.811] [info] [task_scheduler.cpp:462] [mgpu-audit] pipeline_task dispatched to GPU 0 task_id=201
[2026-07-08 16:08:31.811] [info] [task_scheduler.cpp:464] [locality-audit] dispatch task_id=201 preferred_device=0 actual_gpu=0
[2026-07-08 16:08:31.811] [info] [task_scheduler.cpp:462] [mgpu-audit] pipeline_task dispatched to GPU 0 task_id=202
[2026-07-08 16:08:31.811] [info] [task_scheduler.cpp:464] [locality-audit] dispatch task_id=202 preferred_device=0 actual_gpu=0
[2026-07-08 16:08:31.811] [info] [gpu_pipeline_task.cpp:188] [locality-audit] prepare_before pipeline_id=1 task_id=198 preferred_device=0 actual_gpu=0 target_tier=GPU target_device=0 input_bytes=2028377 local_bytes=2028377 remote_gpu_bytes=0 host_bytes=0 disk_bytes=0 batch_count=1
[2026-07-08 16:08:31.811] [info] [gpu_pipeline_task.cpp:188] [locality-audit] prepare_before pipeline_id=1 task_id=200 preferred_device=0 actual_gpu=0 target_tier=GPU target_device=0 input_bytes=2034033 local_bytes=2034033 remote_gpu_bytes=0 host_bytes=0 disk_bytes=0 batch_count=1
[2026-07-08 16:08:31.811] [info] [gpu_pipeline_task.cpp:188] [locality-audit] prepare_after pipeline_id=1 task_id=200 preferred_device=0 actual_gpu=0 target_tier=GPU target_device=0 input_bytes=2034033 local_bytes=2034033 remote_gpu_bytes=0 host_bytes=0 disk_bytes=0 batch_count=1
[2026-07-08 16:08:31.811] [info] [gpu_pipeline_task.cpp:188] [locality-audit] prepare_before pipeline_id=1 task_id=199 preferred_device=0 actual_gpu=0 target_tier=GPU target_device=0 input_bytes=2029303 local_bytes=2029303 remote_gpu_bytes=0 host_bytes=0 disk_bytes=0 batch_count=1
[2026-07-08 16:08:31.811] [info] [gpu_pipeline_task.cpp:321] [stage-audit] pipeline_id=1 task_id=200 operator_id=17 operator_name=PARTITION stage_kind=PARTITION operator_type=82 input_type=PIPELINEABLE output_type=PIPELINEABLE actual_gpu=0 pipeline_operator_count=1 input_batches=1 input_rows=111445 input_columns=2 input_bytes=2034033 output_batches=1 output_rows=111445 output_columns=2 output_bytes=2034033 byte_ratio=1.000000 row_ratio=1.000000 duration_us=1
[2026-07-08 16:08:31.811] [info] [task_scheduler.cpp:462] [mgpu-audit] pipeline_task dispatched to GPU 0 task_id=203
[2026-07-08 16:08:31.811] [info] [task_scheduler.cpp:464] [locality-audit] dispatch task_id=203 preferred_device=0 actual_gpu=0
[2026-07-08 16:08:31.811] [info] [gpu_pipeline_task.cpp:188] [locality-audit] prepare_before pipeline_id=1 task_id=201 preferred_device=0 actual_gpu=0 target_tier=GPU target_device=0 input_bytes=2034164 local_bytes=2034164 remote_gpu_bytes=0 host_bytes=0 disk_bytes=0 batch_count=1
[2026-07-08 16:08:31.811] [info] [gpu_pipeline_task.cpp:188] [locality-audit] prepare_after pipeline_id=1 task_id=199 preferred_device=0 actual_gpu=0 target_tier=GPU target_device=0 input_bytes=2029303 local_bytes=2029303 remote_gpu_bytes=0 host_bytes=0 disk_bytes=0 batch_count=1
[2026-07-08 16:08:31.811] [info] [gpu_pipeline_task.cpp:188] [locality-audit] prepare_after pipeline_id=1 task_id=201 preferred_device=0 actual_gpu=0 target_tier=GPU target_device=0 input_bytes=2034164 local_bytes=2034164 remote_gpu_bytes=0 host_bytes=0 disk_bytes=0 batch_count=1
[2026-07-08 16:08:31.811] [info] [task_scheduler.cpp:462] [mgpu-audit] pipeline_task dispatched to GPU 0 task_id=204
[2026-07-08 16:08:31.811] [info] [gpu_pipeline_task.cpp:188] [locality-audit] prepare_after pipeline_id=1 task_id=198 preferred_device=0 actual_gpu=0 target_tier=GPU target_device=0 input_bytes=2028377 local_bytes=2028377 remote_gpu_bytes=0 host_bytes=0 disk_bytes=0 batch_count=1
[2026-07-08 16:08:31.812] [info] [gpu_pipeline_task.cpp:321] [stage-audit] pipeline_id=1 task_id=201 operator_id=17 operator_name=PARTITION stage_kind=PARTITION operator_type=82 input_type=PIPELINEABLE output_type=PIPELINEABLE actual_gpu=0 pipeline_operator_count=1 input_batches=1 input_rows=111448 input_columns=2 input_bytes=2034164 output_batches=1 output_rows=111448 output_columns=2 output_bytes=2034164 byte_ratio=1.000000 row_ratio=1.000000 duration_us=1
[2026-07-08 16:08:31.811] [info] [task_scheduler.cpp:464] [locality-audit] dispatch task_id=204 preferred_device=0 actual_gpu=0
[2026-07-08 16:08:31.812] [info] [gpu_pipeline_task.cpp:188] [locality-audit] prepare_before pipeline_id=1 task_id=202 preferred_device=0 actual_gpu=0 target_tier=GPU target_device=0 input_bytes=2032770 local_bytes=2032770 remote_gpu_bytes=0 host_bytes=0 disk_bytes=0 batch_count=1
[2026-07-08 16:08:31.812] [info] [gpu_pipeline_task.cpp:188] [locality-audit] prepare_after pipeline_id=1 task_id=202 preferred_device=0 actual_gpu=0 target_tier=GPU target_device=0 input_bytes=2032770 local_bytes=2032770 remote_gpu_bytes=0 host_bytes=0 disk_bytes=0 batch_count=1
[2026-07-08 16:08:31.812] [info] [gpu_pipeline_task.cpp:321] [stage-audit] pipeline_id=1 task_id=199 operator_id=17 operator_name=PARTITION stage_kind=PARTITION operator_type=82 input_type=PIPELINEABLE output_type=PIPELINEABLE actual_gpu=0 pipeline_operator_count=1 input_batches=1 input_rows=111211 input_columns=2 input_bytes=2029303 output_batches=1 output_rows=111211 output_columns=2 output_bytes=2029303 byte_ratio=1.000000 row_ratio=1.000000 duration_us=5
[2026-07-08 16:08:31.812] [info] [gpu_pipeline_task.cpp:321] [stage-audit] pipeline_id=1 task_id=202 operator_id=17 operator_name=PARTITION stage_kind=PARTITION operator_type=82 input_type=PIPELINEABLE output_type=PIPELINEABLE actual_gpu=0 pipeline_operator_count=1 input_batches=1 input_rows=111380 input_columns=2 input_bytes=2032770 output_batches=1 output_rows=111380 output_columns=2 output_bytes=2032770 byte_ratio=1.000000 row_ratio=1.000000 duration_us=2
[2026-07-08 16:08:31.812] [info] [gpu_pipeline_task.cpp:321] [stage-audit] pipeline_id=1 task_id=198 operator_id=17 operator_name=PARTITION stage_kind=PARTITION operator_type=82 input_type=PIPELINEABLE output_type=PIPELINEABLE actual_gpu=0 pipeline_operator_count=1 input_batches=1 input_rows=111141 input_columns=2 input_bytes=2028377 output_batches=1 output_rows=111141 output_columns=2 output_bytes=2028377 byte_ratio=1.000000 row_ratio=1.000000 duration_us=6
[2026-07-08 16:08:31.812] [info] [task_scheduler.cpp:462] [mgpu-audit] pipeline_task dispatched to GPU 0 task_id=205
[2026-07-08 16:08:31.812] [info] [task_scheduler.cpp:464] [locality-audit] dispatch task_id=205 preferred_device=0 actual_gpu=0
[2026-07-08 16:08:31.812] [info] [task_scheduler.cpp:462] [mgpu-audit] pipeline_task dispatched to GPU 0 task_id=206
[2026-07-08 16:08:31.812] [info] [task_scheduler.cpp:464] [locality-audit] dispatch task_id=206 preferred_device=0 actual_gpu=0
[2026-07-08 16:08:31.812] [info] [task_scheduler.cpp:462] [mgpu-audit] pipeline_task dispatched to GPU 0 task_id=207
[2026-07-08 16:08:31.812] [info] [task_scheduler.cpp:464] [locality-audit] dispatch task_id=207 preferred_device=0 actual_gpu=0
[2026-07-08 16:08:31.812] [info] [gpu_pipeline_task.cpp:188] [locality-audit] prepare_before pipeline_id=1 task_id=203 preferred_device=0 actual_gpu=0 target_tier=GPU target_device=0 input_bytes=2025436 local_bytes=2025436 remote_gpu_bytes=0 host_bytes=0 disk_bytes=0 batch_count=1
[2026-07-08 16:08:31.812] [info] [gpu_pipeline_task.cpp:188] [locality-audit] prepare_before pipeline_id=1 task_id=205 preferred_device=0 actual_gpu=0 target_tier=GPU target_device=0 input_bytes=38246 local_bytes=38246 remote_gpu_bytes=0 host_bytes=0 disk_bytes=0 batch_count=1
[2026-07-08 16:08:31.812] [info] [gpu_pipeline_task.cpp:188] [locality-audit] prepare_before pipeline_id=1 task_id=204 preferred_device=0 actual_gpu=0 target_tier=GPU target_device=0 input_bytes=2027441 local_bytes=2027441 remote_gpu_bytes=0 host_bytes=0 disk_bytes=0 batch_count=1
[2026-07-08 16:08:31.812] [info] [gpu_pipeline_task.cpp:188] [locality-audit] prepare_after pipeline_id=1 task_id=205 preferred_device=0 actual_gpu=0 target_tier=GPU target_device=0 input_bytes=38246 local_bytes=38246 remote_gpu_bytes=0 host_bytes=0 disk_bytes=0 batch_count=1
[2026-07-08 16:08:31.812] [info] [gpu_pipeline_task.cpp:188] [locality-audit] prepare_before pipeline_id=1 task_id=206 preferred_device=0 actual_gpu=0 target_tier=GPU target_device=0 input_bytes=2025353 local_bytes=2025353 remote_gpu_bytes=0 host_bytes=0 disk_bytes=0 batch_count=1
[2026-07-08 16:08:31.812] [info] [gpu_pipeline_task.cpp:188] [locality-audit] prepare_after pipeline_id=1 task_id=203 preferred_device=0 actual_gpu=0 target_tier=GPU target_device=0 input_bytes=2025436 local_bytes=2025436 remote_gpu_bytes=0 host_bytes=0 disk_bytes=0 batch_count=1
[2026-07-08 16:08:31.812] [info] [gpu_pipeline_task.cpp:188] [locality-audit] prepare_after pipeline_id=1 task_id=206 preferred_device=0 actual_gpu=0 target_tier=GPU target_device=0 input_bytes=2025353 local_bytes=2025353 remote_gpu_bytes=0 host_bytes=0 disk_bytes=0 batch_count=1
[2026-07-08 16:08:31.812] [info] [gpu_pipeline_task.cpp:188] [locality-audit] prepare_after pipeline_id=1 task_id=204 preferred_device=0 actual_gpu=0 target_tier=GPU target_device=0 input_bytes=2027441 local_bytes=2027441 remote_gpu_bytes=0 host_bytes=0 disk_bytes=0 batch_count=1
[2026-07-08 16:08:31.812] [info] [gpu_pipeline_task.cpp:321] [stage-audit] pipeline_id=1 task_id=205 operator_id=17 operator_name=PARTITION stage_kind=PARTITION operator_type=82 input_type=PIPELINEABLE output_type=PIPELINEABLE actual_gpu=0 pipeline_operator_count=1 input_batches=1 input_rows=2088 input_columns=2 input_bytes=38246 output_batches=1 output_rows=2088 output_columns=2 output_bytes=38246 byte_ratio=1.000000 row_ratio=1.000000 duration_us=2
[2026-07-08 16:08:31.812] [info] [gpu_pipeline_task.cpp:321] [stage-audit] pipeline_id=1 task_id=206 operator_id=17 operator_name=PARTITION stage_kind=PARTITION operator_type=82 input_type=PIPELINEABLE output_type=PIPELINEABLE actual_gpu=0 pipeline_operator_count=1 input_batches=1 input_rows=110981 input_columns=2 input_bytes=2025353 output_batches=1 output_rows=110981 output_columns=2 output_bytes=2025353 byte_ratio=1.000000 row_ratio=1.000000 duration_us=3
[2026-07-08 16:08:31.812] [info] [gpu_pipeline_task.cpp:321] [stage-audit] pipeline_id=1 task_id=204 operator_id=17 operator_name=PARTITION stage_kind=PARTITION operator_type=82 input_type=PIPELINEABLE output_type=PIPELINEABLE actual_gpu=0 pipeline_operator_count=1 input_batches=1 input_rows=111067 input_columns=2 input_bytes=2027441 output_batches=1 output_rows=111067 output_columns=2 output_bytes=2027441 byte_ratio=1.000000 row_ratio=1.000000 duration_us=5
[2026-07-08 16:08:31.812] [info] [gpu_pipeline_task.cpp:321] [stage-audit] pipeline_id=1 task_id=203 operator_id=17 operator_name=PARTITION stage_kind=PARTITION operator_type=82 input_type=PIPELINEABLE output_type=PIPELINEABLE actual_gpu=0 pipeline_operator_count=1 input_batches=1 input_rows=110960 input_columns=2 input_bytes=2025436 output_batches=1 output_rows=110960 output_columns=2 output_bytes=2025436 byte_ratio=1.000000 row_ratio=1.000000 duration_us=6
[2026-07-08 16:08:31.812] [info] [gpu_pipeline_task.cpp:188] [locality-audit] prepare_before pipeline_id=1 task_id=207 preferred_device=0 actual_gpu=0 target_tier=GPU target_device=0 input_bytes=2027604 local_bytes=2027604 remote_gpu_bytes=0 host_bytes=0 disk_bytes=0 batch_count=1
[2026-07-08 16:08:31.812] [info] [gpu_pipeline_task.cpp:188] [locality-audit] prepare_after pipeline_id=1 task_id=207 preferred_device=0 actual_gpu=0 target_tier=GPU target_device=0 input_bytes=2027604 local_bytes=2027604 remote_gpu_bytes=0 host_bytes=0 disk_bytes=0 batch_count=1
[2026-07-08 16:08:31.812] [info] [gpu_pipeline_task.cpp:321] [stage-audit] pipeline_id=1 task_id=207 operator_id=17 operator_name=PARTITION stage_kind=PARTITION operator_type=82 input_type=PIPELINEABLE output_type=PIPELINEABLE actual_gpu=0 pipeline_operator_count=1 input_batches=1 input_rows=111084 input_columns=2 input_bytes=2027604 output_batches=1 output_rows=111084 output_columns=2 output_bytes=2027604 byte_ratio=1.000000 row_ratio=1.000000 duration_us=5
[2026-07-08 16:08:31.812] [info] [task_scheduler.cpp:462] [mgpu-audit] pipeline_task dispatched to GPU 0 task_id=208
[2026-07-08 16:08:31.812] [info] [task_scheduler.cpp:464] [locality-audit] dispatch task_id=208 preferred_device=0 actual_gpu=0
[2026-07-08 16:08:31.812] [info] [gpu_pipeline_task.cpp:188] [locality-audit] prepare_before pipeline_id=2 task_id=208 preferred_device=0 actual_gpu=0 target_tier=GPU target_device=0 input_bytes=56875087 local_bytes=56875087 remote_gpu_bytes=0 host_bytes=0 disk_bytes=0 batch_count=29
[2026-07-08 16:08:31.812] [info] [gpu_pipeline_task.cpp:188] [locality-audit] prepare_after pipeline_id=2 task_id=208 preferred_device=0 actual_gpu=0 target_tier=GPU target_device=0 input_bytes=56875087 local_bytes=56875087 remote_gpu_bytes=0 host_bytes=0 disk_bytes=0 batch_count=29
[2026-07-08 16:08:31.824] [info] [gpu_pipeline_task.cpp:321] [stage-audit] pipeline_id=2 task_id=208 operator_id=16 operator_name=CONCAT stage_kind=CONCAT operator_type=83 input_type=PARTITIONED output_type=PARTITIONED actual_gpu=0 pipeline_operator_count=1 input_batches=29 input_rows=3116283 input_columns=58 input_bytes=56875087 output_batches=1 output_rows=3116283 output_columns=2 output_bytes=56094047 byte_ratio=0.986267 row_ratio=1.000000 duration_us=11531
[2026-07-08 16:08:31.824] [info] [dynamic_filter_publisher.cpp:330] [sirius_physical_hash_join] Pushed 1 dynamic filter(s) across 1 active target(s) of 1 wired target(s) (3116283 build rows, 1 keys).
[2026-07-08 16:08:31.837] [info] [task_scheduler.cpp:462] [mgpu-audit] pipeline_task dispatched to GPU 0 task_id=209
[2026-07-08 16:08:31.837] [info] [task_scheduler.cpp:464] [locality-audit] dispatch task_id=209 preferred_device=0 actual_gpu=0
[2026-07-08 16:08:31.847] [info] [task_scheduler.cpp:462] [mgpu-audit] pipeline_task dispatched to GPU 0 task_id=210
[2026-07-08 16:08:31.847] [info] [task_scheduler.cpp:464] [locality-audit] dispatch task_id=210 preferred_device=0 actual_gpu=0
[2026-07-08 16:08:31.859] [info] [task_scheduler.cpp:462] [mgpu-audit] pipeline_task dispatched to GPU 0 task_id=211
[2026-07-08 16:08:31.859] [info] [task_scheduler.cpp:464] [locality-audit] dispatch task_id=211 preferred_device=0 actual_gpu=0
[2026-07-08 16:08:31.871] [info] [task_scheduler.cpp:462] [mgpu-audit] pipeline_task dispatched to GPU 0 task_id=212
[2026-07-08 16:08:31.871] [info] [task_scheduler.cpp:464] [locality-audit] dispatch task_id=212 preferred_device=0 actual_gpu=0
[2026-07-08 16:08:31.991] [info] [gpu_pipeline_task.cpp:321] [stage-audit] pipeline_id=3 task_id=209 operator_id=18 operator_name=GPU_SCAN stage_kind=SCAN operator_type=94 input_type=GPU_SCAN output_type=PIPELINEABLE actual_gpu=0 pipeline_operator_count=2 input_batches=0 input_rows=0 input_columns=0 input_bytes=0 output_batches=1 output_rows=42422236 output_columns=2 output_bytes=876052424 byte_ratio=0.000000 row_ratio=0.000000 duration_us=130024
[2026-07-08 16:08:31.994] [info] [gpu_pipeline_task.cpp:321] [stage-audit] pipeline_id=3 task_id=209 operator_id=19 operator_name=DYNAMIC_FILTER stage_kind=OTHER operator_type=95 input_type=PIPELINEABLE output_type=PIPELINEABLE actual_gpu=0 pipeline_operator_count=2 input_batches=1 input_rows=42422236 input_columns=2 input_bytes=876052424 output_batches=1 output_rows=866426 output_columns=2 output_bytes=17890601 byte_ratio=0.020422 row_ratio=0.020424 duration_us=2443
[2026-07-08 16:08:31.994] [info] [task_creator.cpp:363] [locality-audit] task_create operator_id=21 input_bytes=17890601 local_bytes=17890601 gpu_source_bytes=17890601 host_source_bytes=0 disk_source_bytes=0 gpu_sources=1 host_sources=0 preferred_device=0
[2026-07-08 16:08:31.994] [info] [task_scheduler.cpp:462] [mgpu-audit] pipeline_task dispatched to GPU 0 task_id=213
[2026-07-08 16:08:31.994] [info] [task_scheduler.cpp:464] [locality-audit] dispatch task_id=213 preferred_device=0 actual_gpu=0
[2026-07-08 16:08:32.197] [info] [gpu_pipeline_task.cpp:321] [stage-audit] pipeline_id=3 task_id=211 operator_id=18 operator_name=GPU_SCAN stage_kind=SCAN operator_type=94 input_type=GPU_SCAN output_type=PIPELINEABLE actual_gpu=0 pipeline_operator_count=2 input_batches=0 input_rows=0 input_columns=0 input_bytes=0 output_batches=1 output_rows=42495694 output_columns=2 output_bytes=877562334 byte_ratio=0.000000 row_ratio=0.000000 duration_us=198073
[2026-07-08 16:08:32.198] [info] [gpu_pipeline_task.cpp:321] [stage-audit] pipeline_id=3 task_id=210 operator_id=18 operator_name=GPU_SCAN stage_kind=SCAN operator_type=94 input_type=GPU_SCAN output_type=PIPELINEABLE actual_gpu=0 pipeline_operator_count=2 input_batches=0 input_rows=0 input_columns=0 input_bytes=0 output_batches=1 output_rows=42495508 output_columns=2 output_bytes=877522770 byte_ratio=0.000000 row_ratio=0.000000 duration_us=198566
[2026-07-08 16:08:32.204] [info] [gpu_pipeline_task.cpp:321] [stage-audit] pipeline_id=3 task_id=210 operator_id=19 operator_name=DYNAMIC_FILTER stage_kind=OTHER operator_type=95 input_type=PIPELINEABLE output_type=PIPELINEABLE actual_gpu=0 pipeline_operator_count=2 input_batches=1 input_rows=42495508 input_columns=2 input_bytes=877522770 output_batches=1 output_rows=867049 output_columns=2 output_bytes=17902823 byte_ratio=0.020402 row_ratio=0.020403 duration_us=6041
[2026-07-08 16:08:32.204] [info] [gpu_pipeline_task.cpp:321] [stage-audit] pipeline_id=3 task_id=211 operator_id=19 operator_name=DYNAMIC_FILTER stage_kind=OTHER operator_type=95 input_type=PIPELINEABLE output_type=PIPELINEABLE actual_gpu=0 pipeline_operator_count=2 input_batches=1 input_rows=42495694 input_columns=2 input_bytes=877562334 output_batches=1 output_rows=869235 output_columns=2 output_bytes=17949430 byte_ratio=0.020454 row_ratio=0.020455 duration_us=6564
[2026-07-08 16:08:32.204] [info] [gpu_pipeline_task.cpp:188] [locality-audit] prepare_before pipeline_id=4 task_id=213 preferred_device=0 actual_gpu=0 target_tier=GPU target_device=0 input_bytes=17890601 local_bytes=17890601 remote_gpu_bytes=0 host_bytes=0 disk_bytes=0 batch_count=1
[2026-07-08 16:08:32.204] [info] [gpu_pipeline_task.cpp:188] [locality-audit] prepare_after pipeline_id=4 task_id=213 preferred_device=0 actual_gpu=0 target_tier=GPU target_device=0 input_bytes=17890601 local_bytes=17890601 remote_gpu_bytes=0 host_bytes=0 disk_bytes=0 batch_count=1
[2026-07-08 16:08:32.204] [info] [gpu_pipeline_task.cpp:321] [stage-audit] pipeline_id=4 task_id=213 operator_id=21 operator_name=PARTITION stage_kind=PARTITION operator_type=82 input_type=PIPELINEABLE output_type=PIPELINEABLE actual_gpu=0 pipeline_operator_count=1 input_batches=1 input_rows=866426 input_columns=2 input_bytes=17890601 output_batches=1 output_rows=866426 output_columns=2 output_bytes=17890601 byte_ratio=1.000000 row_ratio=1.000000 duration_us=3
[2026-07-08 16:08:32.204] [info] [task_creator.cpp:363] [locality-audit] task_create operator_id=21 input_bytes=17902823 local_bytes=17902823 gpu_source_bytes=17902823 host_source_bytes=0 disk_source_bytes=0 gpu_sources=1 host_sources=0 preferred_device=0
[2026-07-08 16:08:32.204] [info] [task_creator.cpp:363] [locality-audit] task_create operator_id=21 input_bytes=17949430 local_bytes=17949430 gpu_source_bytes=17949430 host_source_bytes=0 disk_source_bytes=0 gpu_sources=1 host_sources=0 preferred_device=0
[2026-07-08 16:08:32.204] [info] [task_scheduler.cpp:462] [mgpu-audit] pipeline_task dispatched to GPU 0 task_id=214
[2026-07-08 16:08:32.204] [info] [task_scheduler.cpp:464] [locality-audit] dispatch task_id=214 preferred_device=0 actual_gpu=0
[2026-07-08 16:08:32.204] [info] [task_scheduler.cpp:462] [mgpu-audit] pipeline_task dispatched to GPU 0 task_id=215
[2026-07-08 16:08:32.204] [info] [task_scheduler.cpp:464] [locality-audit] dispatch task_id=215 preferred_device=0 actual_gpu=0
[2026-07-08 16:08:32.204] [info] [gpu_pipeline_task.cpp:188] [locality-audit] prepare_before pipeline_id=4 task_id=214 preferred_device=0 actual_gpu=0 target_tier=GPU target_device=0 input_bytes=17902823 local_bytes=17902823 remote_gpu_bytes=0 host_bytes=0 disk_bytes=0 batch_count=1
[2026-07-08 16:08:32.204] [info] [gpu_pipeline_task.cpp:188] [locality-audit] prepare_after pipeline_id=4 task_id=214 preferred_device=0 actual_gpu=0 target_tier=GPU target_device=0 input_bytes=17902823 local_bytes=17902823 remote_gpu_bytes=0 host_bytes=0 disk_bytes=0 batch_count=1
[2026-07-08 16:08:32.204] [info] [gpu_pipeline_task.cpp:188] [locality-audit] prepare_before pipeline_id=4 task_id=215 preferred_device=0 actual_gpu=0 target_tier=GPU target_device=0 input_bytes=17949430 local_bytes=17949430 remote_gpu_bytes=0 host_bytes=0 disk_bytes=0 batch_count=1
[2026-07-08 16:08:32.204] [info] [gpu_pipeline_task.cpp:188] [locality-audit] prepare_after pipeline_id=4 task_id=215 preferred_device=0 actual_gpu=0 target_tier=GPU target_device=0 input_bytes=17949430 local_bytes=17949430 remote_gpu_bytes=0 host_bytes=0 disk_bytes=0 batch_count=1
[2026-07-08 16:08:32.204] [info] [gpu_pipeline_task.cpp:321] [stage-audit] pipeline_id=4 task_id=215 operator_id=21 operator_name=PARTITION stage_kind=PARTITION operator_type=82 input_type=PIPELINEABLE output_type=PIPELINEABLE actual_gpu=0 pipeline_operator_count=1 input_batches=1 input_rows=869235 input_columns=2 input_bytes=17949430 output_batches=1 output_rows=869235 output_columns=2 output_bytes=17949430 byte_ratio=1.000000 row_ratio=1.000000 duration_us=4
[2026-07-08 16:08:32.204] [info] [gpu_pipeline_task.cpp:321] [stage-audit] pipeline_id=4 task_id=214 operator_id=21 operator_name=PARTITION stage_kind=PARTITION operator_type=82 input_type=PIPELINEABLE output_type=PIPELINEABLE actual_gpu=0 pipeline_operator_count=1 input_batches=1 input_rows=867049 input_columns=2 input_bytes=17902823 output_batches=1 output_rows=867049 output_columns=2 output_bytes=17902823 byte_ratio=1.000000 row_ratio=1.000000 duration_us=52
[2026-07-08 16:08:32.284] [info] [gpu_pipeline_task.cpp:321] [stage-audit] pipeline_id=3 task_id=212 operator_id=18 operator_name=GPU_SCAN stage_kind=SCAN operator_type=94 input_type=GPU_SCAN output_type=PIPELINEABLE actual_gpu=0 pipeline_operator_count=2 input_batches=0 input_rows=0 input_columns=0 input_bytes=0 output_batches=1 output_rows=22586562 output_columns=2 output_bytes=466387580 byte_ratio=0.000000 row_ratio=0.000000 duration_us=77847
[2026-07-08 16:08:32.285] [info] [gpu_pipeline_task.cpp:321] [stage-audit] pipeline_id=3 task_id=212 operator_id=19 operator_name=DYNAMIC_FILTER stage_kind=OTHER operator_type=95 input_type=PIPELINEABLE output_type=PIPELINEABLE actual_gpu=0 pipeline_operator_count=2 input_batches=1 input_rows=22586562 input_columns=2 input_bytes=466387580 output_batches=1 output_rows=460715 output_columns=2 output_bytes=9515234 byte_ratio=0.020402 row_ratio=0.020398 duration_us=1186
[2026-07-08 16:08:32.285] [info] [task_creator.cpp:363] [locality-audit] task_create operator_id=21 input_bytes=9515234 local_bytes=9515234 gpu_source_bytes=9515234 host_source_bytes=0 disk_source_bytes=0 gpu_sources=1 host_sources=0 preferred_device=0
[2026-07-08 16:08:32.285] [info] [task_scheduler.cpp:462] [mgpu-audit] pipeline_task dispatched to GPU 0 task_id=216
[2026-07-08 16:08:32.285] [info] [task_scheduler.cpp:464] [locality-audit] dispatch task_id=216 preferred_device=0 actual_gpu=0
[2026-07-08 16:08:32.285] [info] [gpu_pipeline_task.cpp:188] [locality-audit] prepare_before pipeline_id=4 task_id=216 preferred_device=0 actual_gpu=0 target_tier=GPU target_device=0 input_bytes=9515234 local_bytes=9515234 remote_gpu_bytes=0 host_bytes=0 disk_bytes=0 batch_count=1
[2026-07-08 16:08:32.285] [info] [gpu_pipeline_task.cpp:188] [locality-audit] prepare_after pipeline_id=4 task_id=216 preferred_device=0 actual_gpu=0 target_tier=GPU target_device=0 input_bytes=9515234 local_bytes=9515234 remote_gpu_bytes=0 host_bytes=0 disk_bytes=0 batch_count=1
[2026-07-08 16:08:32.285] [info] [gpu_pipeline_task.cpp:321] [stage-audit] pipeline_id=4 task_id=216 operator_id=21 operator_name=PARTITION stage_kind=PARTITION operator_type=82 input_type=PIPELINEABLE output_type=PIPELINEABLE actual_gpu=0 pipeline_operator_count=1 input_batches=1 input_rows=460715 input_columns=2 input_bytes=9515234 output_batches=1 output_rows=460715 output_columns=2 output_bytes=9515234 byte_ratio=1.000000 row_ratio=1.000000 duration_us=2
[2026-07-08 16:08:32.286] [info] [task_scheduler.cpp:462] [mgpu-audit] pipeline_task dispatched to GPU 0 task_id=217
[2026-07-08 16:08:32.286] [info] [task_scheduler.cpp:464] [locality-audit] dispatch task_id=217 preferred_device=0 actual_gpu=0
[2026-07-08 16:08:32.286] [info] [gpu_pipeline_task.cpp:188] [locality-audit] prepare_before pipeline_id=5 task_id=217 preferred_device=0 actual_gpu=0 target_tier=GPU target_device=0 input_bytes=63258088 local_bytes=63258088 remote_gpu_bytes=0 host_bytes=0 disk_bytes=0 batch_count=4
[2026-07-08 16:08:32.286] [info] [gpu_pipeline_task.cpp:188] [locality-audit] prepare_after pipeline_id=5 task_id=217 preferred_device=0 actual_gpu=0 target_tier=GPU target_device=0 input_bytes=63258088 local_bytes=63258088 remote_gpu_bytes=0 host_bytes=0 disk_bytes=0 batch_count=4
[2026-07-08 16:08:32.288] [info] [gpu_pipeline_task.cpp:321] [stage-audit] pipeline_id=5 task_id=217 operator_id=20 operator_name=CONCAT stage_kind=CONCAT operator_type=83 input_type=PARTITIONED output_type=PARTITIONED actual_gpu=0 pipeline_operator_count=1 input_batches=4 input_rows=3063425 input_columns=8 input_bytes=63258088 output_batches=1 output_rows=3063425 output_columns=2 output_bytes=62491996 byte_ratio=0.987889 row_ratio=1.000000 duration_us=2125
[2026-07-08 16:08:32.289] [info] [task_scheduler.cpp:462] [mgpu-audit] pipeline_task dispatched to GPU 0 task_id=218
[2026-07-08 16:08:32.289] [info] [task_scheduler.cpp:464] [locality-audit] dispatch task_id=218 preferred_device=0 actual_gpu=0
[2026-07-08 16:08:32.289] [info] [gpu_pipeline_task.cpp:188] [locality-audit] prepare_before pipeline_id=6 task_id=218 preferred_device=0 actual_gpu=0 target_tier=GPU target_device=0 input_bytes=118586043 local_bytes=118586043 remote_gpu_bytes=0 host_bytes=0 disk_bytes=0 batch_count=2
[2026-07-08 16:08:32.289] [info] [gpu_pipeline_task.cpp:188] [locality-audit] prepare_after pipeline_id=6 task_id=218 preferred_device=0 actual_gpu=0 target_tier=GPU target_device=0 input_bytes=118586043 local_bytes=118586043 remote_gpu_bytes=0 host_bytes=0 disk_bytes=0 batch_count=2
[2026-07-08 16:08:32.294] [info] [gpu_pipeline_task.cpp:321] [stage-audit] pipeline_id=6 task_id=218 operator_id=10 operator_name=HASH_JOIN stage_kind=JOIN operator_type=33 input_type=PARTITIONED output_type=PIPELINEABLE actual_gpu=0 pipeline_operator_count=3 input_batches=2 input_rows=6179708 input_columns=4 input_bytes=118586043 output_batches=1 output_rows=3116283 output_columns=2 output_bytes=69801429 byte_ratio=0.588614 row_ratio=0.504277 duration_us=4462
[2026-07-08 16:08:32.294] [info] [gpu_pipeline_task.cpp:321] [stage-audit] pipeline_id=6 task_id=218 operator_id=11 operator_name=PROJECTION stage_kind=PROJECTION operator_type=13 input_type=PIPELINEABLE output_type=PIPELINEABLE actual_gpu=0 pipeline_operator_count=3 input_batches=1 input_rows=3116283 input_columns=2 input_bytes=69801429 output_batches=1 output_rows=3116283 output_columns=3 output_bytes=59830978 byte_ratio=0.857160 row_ratio=1.000000 duration_us=866
[2026-07-08 16:08:32.296] [info] [gpu_pipeline_task.cpp:321] [stage-audit] pipeline_id=6 task_id=218 operator_id=12 operator_name=HASH_GROUP_BY stage_kind=AGGREGATE operator_type=9 input_type=PIPELINEABLE output_type=PIPELINEABLE actual_gpu=0 pipeline_operator_count=3 input_batches=1 input_rows=3116283 input_columns=3 input_bytes=59830978 output_batches=1 output_rows=2 output_columns=3 output_bytes=56 byte_ratio=0.000001 row_ratio=0.000001 duration_us=1932
[2026-07-08 16:08:32.297] [info] [task_creator.cpp:363] [locality-audit] task_create operator_id=22 input_bytes=56 local_bytes=56 gpu_source_bytes=56 host_source_bytes=0 disk_source_bytes=0 gpu_sources=1 host_sources=0 preferred_device=0
[2026-07-08 16:08:32.297] [info] [task_scheduler.cpp:462] [mgpu-audit] pipeline_task dispatched to GPU 0 task_id=219
[2026-07-08 16:08:32.297] [info] [task_scheduler.cpp:464] [locality-audit] dispatch task_id=219 preferred_device=0 actual_gpu=0
[2026-07-08 16:08:32.297] [info] [gpu_pipeline_task.cpp:188] [locality-audit] prepare_before pipeline_id=7 task_id=219 preferred_device=0 actual_gpu=0 target_tier=GPU target_device=0 input_bytes=56 local_bytes=56 remote_gpu_bytes=0 host_bytes=0 disk_bytes=0 batch_count=1
[2026-07-08 16:08:32.297] [info] [gpu_pipeline_task.cpp:188] [locality-audit] prepare_after pipeline_id=7 task_id=219 preferred_device=0 actual_gpu=0 target_tier=GPU target_device=0 input_bytes=56 local_bytes=56 remote_gpu_bytes=0 host_bytes=0 disk_bytes=0 batch_count=1
[2026-07-08 16:08:32.297] [info] [gpu_pipeline_task.cpp:321] [stage-audit] pipeline_id=7 task_id=219 operator_id=22 operator_name=PARTITION stage_kind=PARTITION operator_type=82 input_type=PIPELINEABLE output_type=PIPELINEABLE actual_gpu=0 pipeline_operator_count=1 input_batches=1 input_rows=2 input_columns=3 input_bytes=56 output_batches=1 output_rows=2 output_columns=3 output_bytes=56 byte_ratio=1.000000 row_ratio=1.000000 duration_us=5
[2026-07-08 16:08:32.297] [info] [task_scheduler.cpp:462] [mgpu-audit] pipeline_task dispatched to GPU 0 task_id=220
[2026-07-08 16:08:32.297] [info] [task_scheduler.cpp:464] [locality-audit] dispatch task_id=220 preferred_device=0 actual_gpu=0
[2026-07-08 16:08:32.297] [info] [gpu_pipeline_task.cpp:188] [locality-audit] prepare_before pipeline_id=8 task_id=220 preferred_device=0 actual_gpu=0 target_tier=GPU target_device=0 input_bytes=56 local_bytes=56 remote_gpu_bytes=0 host_bytes=0 disk_bytes=0 batch_count=1
[2026-07-08 16:08:32.297] [info] [gpu_pipeline_task.cpp:188] [locality-audit] prepare_after pipeline_id=8 task_id=220 preferred_device=0 actual_gpu=0 target_tier=GPU target_device=0 input_bytes=56 local_bytes=56 remote_gpu_bytes=0 host_bytes=0 disk_bytes=0 batch_count=1
[2026-07-08 16:08:32.297] [info] [gpu_pipeline_task.cpp:321] [stage-audit] pipeline_id=8 task_id=220 operator_id=23 operator_name=MERGE_GROUP_BY stage_kind=AGGREGATE operator_type=85 input_type=PARTITIONED output_type=PIPELINEABLE actual_gpu=0 pipeline_operator_count=1 input_batches=1 input_rows=2 input_columns=3 input_bytes=56 output_batches=1 output_rows=2 output_columns=3 output_bytes=56 byte_ratio=1.000000 row_ratio=1.000000 duration_us=5
[2026-07-08 16:08:32.298] [info] [task_creator.cpp:363] [locality-audit] task_create operator_id=13 input_bytes=56 local_bytes=56 gpu_source_bytes=56 host_source_bytes=0 disk_source_bytes=0 gpu_sources=1 host_sources=0 preferred_device=0
[2026-07-08 16:08:32.298] [info] [task_scheduler.cpp:462] [mgpu-audit] pipeline_task dispatched to GPU 0 task_id=221
[2026-07-08 16:08:32.298] [info] [task_scheduler.cpp:464] [locality-audit] dispatch task_id=221 preferred_device=0 actual_gpu=0
[2026-07-08 16:08:32.298] [info] [gpu_pipeline_task.cpp:188] [locality-audit] prepare_before pipeline_id=9 task_id=221 preferred_device=0 actual_gpu=0 target_tier=GPU target_device=0 input_bytes=56 local_bytes=56 remote_gpu_bytes=0 host_bytes=0 disk_bytes=0 batch_count=1
[2026-07-08 16:08:32.298] [info] [gpu_pipeline_task.cpp:188] [locality-audit] prepare_after pipeline_id=9 task_id=221 preferred_device=0 actual_gpu=0 target_tier=GPU target_device=0 input_bytes=56 local_bytes=56 remote_gpu_bytes=0 host_bytes=0 disk_bytes=0 batch_count=1
[2026-07-08 16:08:32.298] [info] [gpu_pipeline_task.cpp:321] [stage-audit] pipeline_id=9 task_id=221 operator_id=13 operator_name=ORDER_BY stage_kind=SORT operator_type=1 input_type=PIPELINEABLE output_type=PIPELINEABLE actual_gpu=0 pipeline_operator_count=1 input_batches=1 input_rows=2 input_columns=3 input_bytes=56 output_batches=1 output_rows=2 output_columns=3 output_bytes=56 byte_ratio=1.000000 row_ratio=1.000000 duration_us=222
[2026-07-08 16:08:32.298] [info] [task_creator.cpp:363] [locality-audit] task_create operator_id=24 input_bytes=56 local_bytes=56 gpu_source_bytes=56 host_source_bytes=0 disk_source_bytes=0 gpu_sources=1 host_sources=0 preferred_device=0
[2026-07-08 16:08:32.298] [info] [task_scheduler.cpp:462] [mgpu-audit] pipeline_task dispatched to GPU 0 task_id=222
[2026-07-08 16:08:32.298] [info] [task_scheduler.cpp:464] [locality-audit] dispatch task_id=222 preferred_device=0 actual_gpu=0
[2026-07-08 16:08:32.298] [info] [gpu_pipeline_task.cpp:188] [locality-audit] prepare_before pipeline_id=10 task_id=222 preferred_device=0 actual_gpu=0 target_tier=GPU target_device=0 input_bytes=56 local_bytes=56 remote_gpu_bytes=0 host_bytes=0 disk_bytes=0 batch_count=1
[2026-07-08 16:08:32.299] [info] [gpu_pipeline_task.cpp:188] [locality-audit] prepare_after pipeline_id=10 task_id=222 preferred_device=0 actual_gpu=0 target_tier=GPU target_device=0 input_bytes=56 local_bytes=56 remote_gpu_bytes=0 host_bytes=0 disk_bytes=0 batch_count=1
[2026-07-08 16:08:32.299] [info] [gpu_pipeline_task.cpp:321] [stage-audit] pipeline_id=10 task_id=222 operator_id=24 operator_name=SORT_SAMPLE stage_kind=SORT operator_type=89 input_type=PIPELINEABLE output_type=PIPELINEABLE actual_gpu=0 pipeline_operator_count=2 input_batches=1 input_rows=2 input_columns=3 input_bytes=56 output_batches=1 output_rows=2 output_columns=3 output_bytes=56 byte_ratio=1.000000 row_ratio=1.000000 duration_us=84
[2026-07-08 16:08:32.299] [info] [gpu_pipeline_task.cpp:321] [stage-audit] pipeline_id=10 task_id=222 operator_id=25 operator_name=SORT_PARTITION stage_kind=SORT operator_type=88 input_type=PIPELINEABLE output_type=PIPELINEABLE actual_gpu=0 pipeline_operator_count=2 input_batches=1 input_rows=2 input_columns=3 input_bytes=56 output_batches=2 output_rows=2 output_columns=6 output_bytes=60 byte_ratio=1.071429 row_ratio=1.000000 duration_us=180
[2026-07-08 16:08:32.299] [info] [task_creator.cpp:363] [locality-audit] task_create operator_id=26 input_bytes=60 local_bytes=60 gpu_source_bytes=60 host_source_bytes=0 disk_source_bytes=0 gpu_sources=1 host_sources=0 preferred_device=0
[2026-07-08 16:08:32.299] [info] [task_scheduler.cpp:462] [mgpu-audit] pipeline_task dispatched to GPU 0 task_id=223
[2026-07-08 16:08:32.299] [info] [task_scheduler.cpp:464] [locality-audit] dispatch task_id=223 preferred_device=0 actual_gpu=0
[2026-07-08 16:08:32.299] [info] [gpu_pipeline_task.cpp:188] [locality-audit] prepare_before pipeline_id=11 task_id=223 preferred_device=0 actual_gpu=0 target_tier=GPU target_device=0 input_bytes=60 local_bytes=60 remote_gpu_bytes=0 host_bytes=0 disk_bytes=0 batch_count=2
[2026-07-08 16:08:32.299] [info] [gpu_pipeline_task.cpp:188] [locality-audit] prepare_after pipeline_id=11 task_id=223 preferred_device=0 actual_gpu=0 target_tier=GPU target_device=0 input_bytes=60 local_bytes=60 remote_gpu_bytes=0 host_bytes=0 disk_bytes=0 batch_count=2
[2026-07-08 16:08:32.300] [info] [gpu_pipeline_task.cpp:321] [stage-audit] pipeline_id=11 task_id=223 operator_id=26 operator_name=MERGE_SORT stage_kind=SORT operator_type=84 input_type=PIPELINEABLE output_type=PIPELINEABLE actual_gpu=0 pipeline_operator_count=1 input_batches=2 input_rows=2 input_columns=6 input_bytes=60 output_batches=1 output_rows=2 output_columns=3 output_bytes=56 byte_ratio=0.933333 row_ratio=1.000000 duration_us=390
[2026-07-08 16:08:32.300] [info] [task_creator.cpp:363] [locality-audit] task_create operator_id=14 input_bytes=56 local_bytes=56 gpu_source_bytes=56 host_source_bytes=0 disk_source_bytes=0 gpu_sources=1 host_sources=0 preferred_device=0
[2026-07-08 16:08:32.300] [info] [task_scheduler.cpp:462] [mgpu-audit] pipeline_task dispatched to GPU 0 task_id=224
[2026-07-08 16:08:32.300] [info] [task_scheduler.cpp:464] [locality-audit] dispatch task_id=224 preferred_device=0 actual_gpu=0
[2026-07-08 16:08:32.300] [info] [gpu_pipeline_task.cpp:188] [locality-audit] prepare_before pipeline_id=12 task_id=224 preferred_device=0 actual_gpu=0 target_tier=GPU target_device=0 input_bytes=56 local_bytes=56 remote_gpu_bytes=0 host_bytes=0 disk_bytes=0 batch_count=1
[2026-07-08 16:08:32.300] [info] [gpu_pipeline_task.cpp:188] [locality-audit] prepare_after pipeline_id=12 task_id=224 preferred_device=0 actual_gpu=0 target_tier=GPU target_device=0 input_bytes=56 local_bytes=56 remote_gpu_bytes=0 host_bytes=0 disk_bytes=0 batch_count=1
[2026-07-08 16:08:32.300] [info] [gpu_pipeline_task.cpp:321] [stage-audit] pipeline_id=12 task_id=224 operator_id=14 operator_name=RESULT_COLLECTOR stage_kind=RESULT operator_type=76 input_type=PIPELINEABLE output_type=PIPELINEABLE actual_gpu=0 pipeline_operator_count=1 input_batches=1 input_rows=2 input_columns=3 input_bytes=56 output_batches=1 output_rows=2 output_columns=3 output_bytes=56 byte_ratio=1.000000 row_ratio=1.000000 duration_us=3
[2026-07-08 16:08:32.321] [info] [gpu_pipeline_executor.cpp:118] GPU Pipeline Executor: task queue interrupted, stopping manager loop
[2026-07-08 16:08:32.340] [info] [physical_sirius_execution.cpp:165] Transparent GPU execution: query completed
[2026-07-08 16:08:32.362] [info] [sirius_context.cpp:217] QueryEnd
[2026-07-08 16:08:32.368] [info] [:] [host_pool] HOST:0 QueryEnd allocated=72351744 bytes peak=73400320 bytes free_blocks=443
[2026-07-08 16:08:32.368] [info] [:] [gpu_pool] GPU:0 QueryEnd allocated=0 bytes peak=5878742437 bytes reserved=0 bytes
[2026-07-08 16:08:32.368] [info] [sirius_context.cpp:924] Connection closed.
[2026-07-08 16:08:32.412] [info] [task_scheduler.cpp:368] Task request channel closed, exiting management event loop.
[2026-07-08 16:08:32.412] [info] [gpu_pipeline_executor.cpp:118] GPU Pipeline Executor: task queue interrupted, stopping manager loop
