query,condition,series,execution,included_in_series,total_ms,stage_total_work_ms,stage_total_wall_ms,stage_task_count,scan_work_ms,scan_wall_ms,scan_input_gb,scan_output_gb,scan_task_count,filter_work_ms,filter_wall_ms,filter_input_gb,filter_output_gb,filter_task_count,projection_work_ms,projection_wall_ms,projection_input_gb,projection_output_gb,projection_task_count,join_work_ms,join_wall_ms,join_input_gb,join_output_gb,join_task_count,partition_work_ms,partition_wall_ms,partition_input_gb,partition_output_gb,partition_task_count,concat_work_ms,concat_wall_ms,concat_input_gb,concat_output_gb,concat_task_count,aggregate_work_ms,aggregate_wall_ms,aggregate_input_gb,aggregate_output_gb,aggregate_task_count,sort_work_ms,sort_wall_ms,sort_input_gb,sort_output_gb,sort_task_count,result_work_ms,result_wall_ms,result_input_gb,result_output_gb,result_task_count,other_work_ms,other_wall_ms,other_input_gb,other_output_gb,other_task_count,top_operator_work_ms
q1,cold_hot,cold,1,1,11227.112036984181,17216.851,4020.096923828125,241,15416.216999999999,3883.501953125,0.0,13.496004772,47,0.0,0.0,0.0,0.0,0,193.682,176.682373046875,29.557039416,32.122069288,94,0.0,0.0,0.0,0.0,0,0.31500000000000017,0.075927734375,3.3088e-05,3.3088e-05,47,0.0,0.0,0.0,0.0,0,1588.0260000000005,1123.986572265625,16.061067732,3.352e-05,48,18.6,18.599853515625,1.752e-06,1.752e-06,4,0.011,0.010986328125,4.32e-07,4.32e-07,1,0.0,0.0,0.0,0.0,0,GPU_SCAN:15416.217;HASH_GROUP_BY:1583.635;PROJECTION:193.682;MERGE_SORT:8.803;ORDER_BY:6.311;MERGE_GROUP_BY:4.391;SORT_PARTITION:3.161;SORT_SAMPLE:0.325
q1,cold_hot,hot,2,1,10414.165950001916,17027.376,3562.533203125,241,15296.082999999999,3510.4521484375,0.0,13.496004772,47,0.0,0.0,0.0,0.0,0,144.26600000000002,138.64404296875,29.557039416,32.122069288,94,0.0,0.0,0.0,0.0,0,1.188999999999999,0.26513671875,3.3088e-05,3.3088e-05,47,0.0,0.0,0.0,0.0,0,1580.971,1129.1015625,16.061067732,3.352e-05,48,4.865,4.346923828125,1.752e-06,1.752e-06,4,0.002,0.001953125,4.32e-07,4.32e-07,1,0.0,0.0,0.0,0.0,0,GPU_SCAN:15296.083;HASH_GROUP_BY:1579.230;PROJECTION:144.266;MERGE_SORT:1.754;MERGE_GROUP_BY:1.741;SORT_PARTITION:1.518;PARTITION:1.189;ORDER_BY:1.014
q1,cold_hot,hot,3,1,10613.658123009373,16256.230999999998,3506.620849609375,241,14523.014999999998,3470.64501953125,0.0,13.496004772,47,0.0,0.0,0.0,0.0,0,111.58099999999999,96.955322265625,29.557039416,32.122069288,94,0.0,0.0,0.0,0.0,0,0.9010000000000001,0.259033203125,3.3088e-05,3.3088e-05,47,0.0,0.0,0.0,0.0,0,1614.9209999999998,1116.443115234375,16.061067732,3.352e-05,48,5.811,5.258056640625,1.752e-06,1.752e-06,4,0.002,0.001953125,4.32e-07,4.32e-07,1,0.0,0.0,0.0,0.0,0,GPU_SCAN:14523.015;HASH_GROUP_BY:1613.688;PROJECTION:111.581;MERGE_SORT:2.731;SORT_PARTITION:1.553;MERGE_GROUP_BY:1.233;ORDER_BY:0.924;PARTITION:0.901
q1,cold_hot,hot,4,1,9797.746244992595,14893.798999999997,4963.656982421875,241,13261.882999999998,4753.091796875,0.0,13.496004772,47,0.0,0.0,0.0,0.0,0,106.91300000000003,96.549560546875,29.557039416,32.122069288,94,0.0,0.0,0.0,0.0,0,0.6310000000000002,0.203857421875,3.3088e-05,3.3088e-05,47,0.0,0.0,0.0,0.0,0,1519.5319999999997,1176.010498046875,16.061067732,3.352e-05,48,4.83,4.2919921875,1.752e-06,1.752e-06,4,0.01,0.010009765625,4.32e-07,4.32e-07,1,0.0,0.0,0.0,0.0,0,GPU_SCAN:13261.883;HASH_GROUP_BY:1518.222;PROJECTION:106.913;MERGE_SORT:1.587;SORT_PARTITION:1.447;MERGE_GROUP_BY:1.310;ORDER_BY:1.258;PARTITION:0.631
q1,cold_hot,hot,5,1,9865.705331001664,16625.803,3688.298828125,241,14869.89,3593.553955078125,0.0,13.496004772,47,0.0,0.0,0.0,0.0,0,110.21600000000001,92.822265625,29.557039416,32.122069288,94,0.0,0.0,0.0,0.0,0,0.6100000000000002,0.344970703125,3.3088e-05,3.3088e-05,47,0.0,0.0,0.0,0.0,0,1641.7540000000004,1083.90576171875,16.061067732,3.352e-05,48,3.33,3.0859375,1.752e-06,1.752e-06,4,0.003,0.0029296875,4.32e-07,4.32e-07,1,0.0,0.0,0.0,0.0,0,GPU_SCAN:14869.890;HASH_GROUP_BY:1640.363;PROJECTION:110.216;MERGE_SORT:1.502;MERGE_GROUP_BY:1.391;ORDER_BY:0.994;PARTITION:0.610;SORT_PARTITION:0.590
q11,cold_hot,cold,1,1,1221.6127249994315,2898.9350000000004,945.076171875,91,2688.0190000000002,867.63330078125,0.0,4.562251076,11,0.0,0.0,0.0,0.0,0,26.739,23.31591796875,0.23506596,0.129345888,12,97.588,64.041015625,4.62420764,0.235721808,11,21.673000000000005,6.464111328125,4.696989088,4.696611872,21,1.97,1.9658203125,4.62420764,4.62420764,15,61.589,49.315673828125,0.201750192,0.145185808,14,0.019000000000000003,0.010986328125,0.0,0.0,4,0.002,0.001953125,0.0,0.0,1,1.3359999999999999,1.3359375,0.012906,0.00114654,2,GPU_SCAN:2688.019;HASH_JOIN:90.957;HASH_GROUP_BY:29.064;PROJECTION:26.739;PARTITION:21.673;MERGE_GROUP_BY:17.454;UNGROUPED_AGGREGATE:14.668;NESTED_LOOP_JOIN:6.631
q11,cold_hot,hot,2,1,1132.9296499898192,1970.8169999999998,893.5361328125,91,1884.5969999999998,832.8740234375,0.0,4.562251076,11,0.0,0.0,0.0,0.0,0,4.957999999999999,4.9580078125,0.23506596,0.129345888,12,51.791000000000004,51.791259765625,4.62420764,0.235721808,11,3.157,1.502685546875,4.696989088,4.696611872,21,1.6929999999999998,1.6884765625,4.62420764,4.62420764,15,24.510000000000005,24.290771484375,0.201750192,0.145185808,14,0.017,0.011962890625,0.0,0.0,4,0.001,0.0009765625,0.0,0.0,1,0.093,0.093017578125,0.012906,0.00114654,2,GPU_SCAN:1884.597;HASH_JOIN:51.420;HASH_GROUP_BY:14.046;UNGROUPED_AGGREGATE:5.629;PROJECTION:4.958;MERGE_GROUP_BY:4.581;PARTITION:3.157;CONCAT:1.693
q11,cold_hot,hot,3,1,1122.6958139741328,1986.7869999999998,893.685546875,91,1894.0919999999999,834.18408203125,0.0,4.562251076,11,0.0,0.0,0.0,0.0,0,3.4139999999999997,2.561279296875,0.23506596,0.129345888,12,65.23799999999999,50.1669921875,4.62420764,0.235721808,11,2.882,1.4990234375,4.696989088,4.696611872,21,1.723,1.70947265625,4.62420764,4.62420764,15,19.298999999999996,16.71337890625,0.201750192,0.145185808,14,0.039,0.0341796875,0.0,0.0,4,0.001,0.0009765625,0.0,0.0,1,0.099,0.098876953125,0.012906,0.00114654,2,GPU_SCAN:1894.092;HASH_JOIN:64.560;HASH_GROUP_BY:12.238;MERGE_GROUP_BY:4.678;PROJECTION:3.414;PARTITION:2.882;UNGROUPED_AGGREGATE:2.126;CONCAT:1.723
q11,cold_hot,hot,4,1,1151.6088639909867,1992.1569999999997,903.080810546875,91,1907.5569999999998,839.833984375,0.0,4.562251076,11,0.0,0.0,0.0,0.0,0,6.252999999999999,6.18310546875,0.23506596,0.129345888,12,61.45499999999999,49.668212890625,4.62420764,0.235721808,11,3.077,1.439697265625,4.696989088,4.696611872,21,1.7169999999999999,1.698974609375,4.62420764,4.62420764,15,11.947999999999999,11.093994140625,0.201750192,0.145185808,14,0.056999999999999995,0.050048828125,0.0,0.0,4,0.001,0.0009765625,0.0,0.0,1,0.09200000000000001,0.092041015625,0.012906,0.00114654,2,GPU_SCAN:1907.557;HASH_JOIN:60.766;PROJECTION:6.253;HASH_GROUP_BY:5.298;MERGE_GROUP_BY:4.809;PARTITION:3.077;CONCAT:1.717;UNGROUPED_AGGREGATE:1.640
q11,cold_hot,hot,5,1,1152.939157007495,1990.662,902.51611328125,91,1908.505,840.262939453125,0.0,4.562251076,11,0.0,0.0,0.0,0.0,0,3.2570000000000006,2.7080078125,0.23506596,0.129345888,12,59.934000000000005,49.465087890625,4.62420764,0.235721808,11,5.093,1.77197265625,4.696989088,4.696611872,21,1.688,1.677734375,4.62420764,4.62420764,15,12.078999999999999,11.101318359375,0.201750192,0.145185808,14,0.015000000000000001,0.007080078125,0.0,0.0,4,0.002,0.001953125,0.0,0.0,1,0.089,0.0888671875,0.012906,0.00114654,2,GPU_SCAN:1908.505;HASH_JOIN:59.371;HASH_GROUP_BY:5.180;PARTITION:5.093;MERGE_GROUP_BY:5.033;PROJECTION:3.257;CONCAT:1.688;UNGROUPED_AGGREGATE:1.617
q12,cold_hot,cold,1,1,7943.676304013934,11898.537,3533.031005859375,147,10898.975,3373.015869140625,0.0,5.659903977,33,34.712999999999994,29.319580078125,2.562378869,0.056875087,29,46.427,6.8740234375,0.070191309,0.060025916,8,243.63099999999997,31.240966796875,3.303151248,0.070191309,8,558.508,109.315185546875,3.154400643,3.135261383,41,2.869999999999999,2.849853515625,3.135260935,3.134869095,10,104.53899999999999,14.493896484375,0.060026364,5.04e-07,9,8.863,8.60009765625,2.28e-07,2.28e-07,4,0.002,0.001953125,5.6e-08,5.6e-08,1,0.009000000000000001,0.0087890625,3.097525108,3.097525108,4,GPU_SCAN:10898.975;PARTITION:558.508;HASH_JOIN:243.631;HASH_GROUP_BY:104.122;PROJECTION:46.427;FILTER:34.713;MERGE_SORT:5.186;CONCAT:2.870
q12,cold_hot,hot,2,1,7318.688165018102,12005.468999999996,3338.580810546875,147,11476.676999999996,3241.95703125,0.0,5.659903977,33,37.150999999999996,28.422119140625,2.562378869,0.056875087,29,17.211,2.971923828125,0.070191309,0.060025916,8,226.356,29.10009765625,3.303151248,0.070191309,8,230.568,76.921875,3.154400643,3.135261383,41,0.895,0.888671875,3.135260935,3.134869095,10,15.624999999999996,3.822021484375,0.060026364,5.04e-07,9,0.9790000000000001,0.7080078125,2.28e-07,2.28e-07,4,0.001,0.0009765625,5.6e-08,5.6e-08,1,0.006,0.005859375,3.097525108,3.097525108,4,GPU_SCAN:11476.677;PARTITION:230.568;HASH_JOIN:226.356;FILTER:37.151;PROJECTION:17.211;HASH_GROUP_BY:15.188;CONCAT:0.895;MERGE_SORT:0.520
q12,cold_hot,hot,3,1,7257.100130984327,10977.820999999996,3080.367919921875,147,10516.456999999997,2984.405029296875,0.0,5.659903977,33,31.959000000000007,28.963134765625,2.562378869,0.056875087,29,20.03,4.742919921875,0.070191309,0.060025916,8,226.886,29.06494140625,3.303151248,0.070191309,8,152.54099999999997,61.5810546875,3.154400643,3.135261383,41,14.600000000000001,14.5888671875,3.135260935,3.134869095,10,14.739999999999998,3.05712890625,0.060026364,5.04e-07,9,0.599,0.34912109375,2.28e-07,2.28e-07,4,0.001,0.0009765625,5.6e-08,5.6e-08,1,0.008,0.0078125,3.097525108,3.097525108,4,GPU_SCAN:10516.457;HASH_JOIN:226.886;PARTITION:152.541;FILTER:31.959;PROJECTION:20.030;CONCAT:14.600;HASH_GROUP_BY:14.293;MERGE_GROUP_BY:0.447
q12,cold_hot,hot,4,1,6987.716322008055,11197.821,3304.27392578125,147,10638.994,3196.657958984375,0.0,5.659903977,33,40.300000000000004,37.71533203125,2.562378869,0.056875087,29,18.809,3.238037109375,0.070191309,0.060025916,8,223.983,28.27587890625,3.303151248,0.070191309,8,261.494,83.34814453125,3.154400643,3.135261383,41,0.9470000000000001,0.5107421875,3.135260935,3.134869095,10,12.661999999999999,2.907958984375,0.060026364,5.04e-07,9,0.6240000000000001,0.366943359375,2.28e-07,2.28e-07,4,0.001,0.0009765625,5.6e-08,5.6e-08,1,0.007,0.0048828125,3.097525108,3.097525108,4,GPU_SCAN:10638.994;PARTITION:261.494;HASH_JOIN:223.983;FILTER:40.300;PROJECTION:18.809;HASH_GROUP_BY:12.215;CONCAT:0.947;MERGE_GROUP_BY:0.447
q12,cold_hot,hot,5,1,6639.970374002587,10157.130000000003,3758.733154296875,147,9663.724000000002,3667.8720703125,0.0,5.659903977,33,34.07,28.0185546875,2.562378869,0.056875087,29,17.058,4.968994140625,0.070191309,0.060025916,8,221.468,29.930908203125,3.303151248,0.070191309,8,204.301,66.441162109375,3.154400643,3.135261383,41,2.4659999999999993,2.418212890625,3.135260935,3.134869095,10,13.348000000000003,4.740966796875,0.060026364,5.04e-07,9,0.687,0.385009765625,2.28e-07,2.28e-07,4,0.001,0.0009765625,5.6e-08,5.6e-08,1,0.007,0.0068359375,3.097525108,3.097525108,4,GPU_SCAN:9663.724;HASH_JOIN:221.468;PARTITION:204.301;FILTER:34.070;PROJECTION:17.058;HASH_GROUP_BY:12.929;CONCAT:2.466;MERGE_GROUP_BY:0.419
q13,cold_hot,cold,1,1,2730.3086209867615,4447.0289999999995,2446.208984375,38,4003.883,2205.82080078125,0.0,2.533088752,6,0.0,0.0,0.0,0.0,0,0.056,0.042724609375,2.7132936,2.5932936,4,260.17,130.924072265625,2.494117808,2.4732936,2,37.935,30.89306640625,2.773090176,2.734119232,10,10.695,10.695068359375,2.494117808,2.494117808,4,121.96499999999999,62.837890625,2.833295024,0.480002144,7,12.324,12.114990234375,2.88e-06,2.88e-06,4,0.001,0.0009765625,7.2e-07,7.2e-07,1,0.0,0.0,0.0,0.0,0,GPU_SCAN:4003.883;HASH_JOIN:260.170;HASH_GROUP_BY:99.501;PARTITION:37.935;MERGE_GROUP_BY:22.464;CONCAT:10.695;MERGE_SORT:5.170;ORDER_BY:4.259
q13,cold_hot,hot,2,1,2497.3310939967632,4250.59,2318.915771484375,38,3907.865,2140.874267578125,0.0,2.533088752,6,0.0,0.0,0.0,0.0,0,0.048,0.043701171875,2.7132936,2.5932936,4,246.05700000000002,123.882080078125,2.494117808,2.4732936,2,27.810999999999996,21.467041015625,2.773090176,2.734119232,10,7.252,7.252197265625,2.494117808,2.494117808,4,61.07299999999999,30.830078125,2.833295024,0.480002144,7,0.482,0.214111328125,2.88e-06,2.88e-06,4,0.002,0.001953125,7.2e-07,7.2e-07,1,0.0,0.0,0.0,0.0,0,GPU_SCAN:3907.865;HASH_JOIN:246.057;HASH_GROUP_BY:38.835;PARTITION:27.811;MERGE_GROUP_BY:22.238;CONCAT:7.252;ORDER_BY:0.214;SORT_PARTITION:0.118
q13,cold_hot,hot,3,1,2468.823785020504,4219.051,2299.493896484375,38,3876.3440000000005,2125.31103515625,0.0,2.533088752,6,0.0,0.0,0.0,0.0,0,0.054000000000000006,0.042724609375,2.7132936,2.5932936,4,246.358,124.031982421875,2.494117808,2.4732936,2,27.419,21.153076171875,2.773090176,2.734119232,10,7.2170000000000005,7.216796875,2.494117808,2.494117808,4,61.214,30.970947265625,2.833295024,0.480002144,7,0.444,0.219970703125,2.88e-06,2.88e-06,4,0.001,0.0009765625,7.2e-07,7.2e-07,1,0.0,0.0,0.0,0.0,0,GPU_SCAN:3876.344;HASH_JOIN:246.358;HASH_GROUP_BY:38.994;PARTITION:27.419;MERGE_GROUP_BY:22.220;CONCAT:7.217;ORDER_BY:0.220;SORT_PARTITION:0.104
q13,cold_hot,hot,4,1,2487.8120540233795,4250.867,2317.2158203125,38,3908.7690000000002,2143.763916015625,0.0,2.533088752,6,0.0,0.0,0.0,0.0,0,0.048,0.0478515625,2.7132936,2.5932936,4,246.187,123.85205078125,2.494117808,2.4732936,2,27.002000000000006,20.85302734375,2.773090176,2.734119232,10,7.246,7.245849609375,2.494117808,2.494117808,4,61.22799999999999,33.30517578125,2.833295024,0.480002144,7,0.386,0.255126953125,2.88e-06,2.88e-06,4,0.001,0.0009765625,7.2e-07,7.2e-07,1,0.0,0.0,0.0,0.0,0,GPU_SCAN:3908.769;HASH_JOIN:246.187;HASH_GROUP_BY:38.801;PARTITION:27.002;MERGE_GROUP_BY:22.427;CONCAT:7.246;ORDER_BY:0.186;SORT_PARTITION:0.105
q13,cold_hot,hot,5,1,2489.063489018008,4251.919,2316.325927734375,38,3908.603,2140.68701171875,0.0,2.533088752,6,0.0,0.0,0.0,0.0,0,0.035,0.01806640625,2.7132936,2.5932936,4,245.765,122.904052734375,2.494117808,2.4732936,2,28.303000000000004,21.8037109375,2.773090176,2.734119232,10,7.233,7.23291015625,2.494117808,2.494117808,4,61.558,32.009033203125,2.833295024,0.480002144,7,0.421,0.220947265625,2.88e-06,2.88e-06,4,0.001,0.0009765625,7.2e-07,7.2e-07,1,0.0,0.0,0.0,0.0,0,GPU_SCAN:3908.603;HASH_JOIN:245.765;HASH_GROUP_BY:39.164;PARTITION:28.303;MERGE_GROUP_BY:22.394;CONCAT:7.233;ORDER_BY:0.221;SORT_PARTITION:0.104
q15,cold_hot,cold,1,1,7320.3451320005115,14779.988,3719.84130859375,147,14503.956,3644.919921875,0.0,0.637806644,29,0.0,0.0,0.0,0.0,0,38.94200000000001,37.947021484375,0.583309449,0.388873065,33,8.644,8.64404296875,0.102372528,3.37e-07,3,71.061,28.59619140625,0.478603396,0.476528784,33,0.641,0.635009765625,0.102372528,0.102372528,6,151.95600000000005,125.944091796875,0.76302908,0.40010592,35,4.761,4.5439453125,1.188e-06,1.188e-06,5,0.009,0.009033203125,2.97e-07,2.97e-07,1,0.018,0.009033203125,0.024,0.024,2,GPU_SCAN:14503.956;HASH_GROUP_BY:101.516;PARTITION:71.061;PROJECTION:38.942;UNGROUPED_AGGREGATE:30.997;MERGE_GROUP_BY:18.780;HASH_JOIN:8.644;ORDER_BY:3.949
q15,cold_hot,hot,2,1,7296.27527698176,15077.477999999996,3736.441650390625,147,14783.026999999996,3667.465087890625,0.0,0.637806644,29,0.0,0.0,0.0,0.0,0,22.51299999999999,21.310302734375,0.583309449,0.388873065,33,1.457,1.327880859375,0.102372528,3.37e-07,3,212.237,45.80078125,0.478603396,0.476528784,33,0.685,0.6787109375,0.102372528,0.102372528,6,56.49899999999998,47.080078125,0.76302908,0.40010592,35,1.044,1.028076171875,1.188e-06,1.188e-06,5,0.002,0.001953125,2.97e-07,2.97e-07,1,0.013999999999999999,0.010986328125,0.024,0.024,2,GPU_SCAN:14783.027;PARTITION:212.237;HASH_GROUP_BY:39.767;PROJECTION:22.513;MERGE_GROUP_BY:14.571;UNGROUPED_AGGREGATE:1.504;HASH_JOIN:1.457;CONCAT:0.685
q15,cold_hot,hot,3,1,7230.2082310197875,14703.036999999998,3661.13232421875,147,14538.831999999999,3627.364990234375,0.0,0.637806644,29,0.0,0.0,0.0,0.0,0,20.512999999999998,20.49267578125,0.583309449,0.388873065,33,1.6989999999999998,1.698974609375,0.102372528,3.37e-07,3,78.576,15.178955078125,0.478603396,0.476528784,33,0.676,0.67333984375,0.102372528,0.102372528,6,61.714,54.18505859375,0.76302908,0.40010592,35,0.941,0.486083984375,1.188e-06,1.188e-06,5,0.005,0.0048828125,2.97e-07,2.97e-07,1,0.081,0.070068359375,0.024,0.024,2,GPU_SCAN:14538.832;PARTITION:78.576;HASH_GROUP_BY:41.314;PROJECTION:20.513;MERGE_GROUP_BY:19.360;HASH_JOIN:1.699;CONCAT:0.676;UNGROUPED_AGGREGATE:0.674
q15,cold_hot,hot,4,1,7208.2407679990865,15023.257000000001,3711.59228515625,147,14666.086000000001,3647.06005859375,0.0,0.637806644,29,0.0,0.0,0.0,0.0,0,18.893,18.875732421875,0.583309449,0.388873065,33,1.4409999999999998,1.441162109375,0.102372528,3.37e-07,3,272.6069999999999,49.745849609375,0.478603396,0.476528784,33,0.655,0.651123046875,0.102372528,0.102372528,6,62.91700000000001,53.160400390625,0.76302908,0.40010592,35,0.643,0.432861328125,1.188e-06,1.188e-06,5,0.005,0.0048828125,2.97e-07,2.97e-07,1,0.01,0.006103515625,0.024,0.024,2,GPU_SCAN:14666.086;PARTITION:272.607;HASH_GROUP_BY:48.120;PROJECTION:18.893;MERGE_GROUP_BY:13.705;HASH_JOIN:1.441;UNGROUPED_AGGREGATE:0.797;CONCAT:0.655
q15,cold_hot,hot,5,1,7152.46456200839,14672.611,3774.27880859375,147,14510.329000000002,3742.059814453125,0.0,0.637806644,29,0.0,0.0,0.0,0.0,0,22.794000000000004,21.291015625,0.583309449,0.388873065,33,1.495,1.4951171875,0.102372528,3.37e-07,3,83.82399999999998,18.564208984375,0.478603396,0.476528784,33,0.673,0.672119140625,0.102372528,0.102372528,6,52.59499999999999,43.434326171875,0.76302908,0.40010592,35,0.885,0.3759765625,1.188e-06,1.188e-06,5,0.005,0.0048828125,2.97e-07,2.97e-07,1,0.011,0.006103515625,0.024,0.024,2,GPU_SCAN:14510.329;PARTITION:83.824;HASH_GROUP_BY:37.571;PROJECTION:22.794;MERGE_GROUP_BY:13.816;HASH_JOIN:1.495;UNGROUPED_AGGREGATE:0.707;CONCAT:0.673
q16,cold_hot,cold,1,1,1053.545157017652,1289.417,808.385498046875,49,648.2929999999999,469.235107421875,0.0,2.212363936,5,25.838,25.837890625,1.5035954,0.7250956,3,0.02,0.02001953125,0.579077902,0.579077902,2,106.245,46.258056640625,2.14990746,1.172335784,6,35.912000000000006,30.1572265625,2.124618546,2.10387605,11,31.127000000000002,31.127197265625,2.00637937,2.004632282,9,421.55,219.239990234375,0.676574582,0.098851104,4,20.421,18.319091796875,0.00541832,0.005418312,5,0.008,0.008056640625,0.001354568,0.001354568,1,0.003,0.0029296875,1.300000128,1.300000128,3,GPU_SCAN:648.293;HASH_GROUP_BY:379.440;HASH_JOIN:106.245;MERGE_GROUP_BY:42.110;PARTITION:35.912;CONCAT:31.127;FILTER:25.838;SORT_SAMPLE:12.019
q16,cold_hot,hot,2,1,841.073244024301,1103.937,708.450439453125,49,664.563,459.925048828125,0.0,2.212363936,5,17.560000000000002,17.56005859375,1.5035954,0.7250956,3,0.016,0.01611328125,0.579077902,0.579077902,2,68.382,25.720947265625,2.14990746,1.172335784,6,20.189,13.474853515625,2.124618546,2.10387605,11,30.809,30.807861328125,2.00637937,2.004632282,9,296.348,184.75,0.676574582,0.098851104,4,6.065000000000001,4.077880859375,0.00541832,0.005418312,5,0.001,0.0009765625,0.001354568,0.001354568,1,0.004,0.00390625,1.300000128,1.300000128,3,GPU_SCAN:664.563;HASH_GROUP_BY:276.500;HASH_JOIN:68.382;CONCAT:30.809;PARTITION:20.189;MERGE_GROUP_BY:19.848;FILTER:17.560;ORDER_BY:4.188
q16,cold_hot,hot,3,1,830.5503400042653,932.333,686.094970703125,49,602.562,425.401123046875,0.0,2.212363936,5,12.367,12.366943359375,1.502632712,0.724133296,3,0.014,0.01416015625,0.578115598,0.578115598,2,62.391000000000005,19.691162109375,2.148944772,1.171373096,6,19.866,14.912109375,2.124611917,2.103869421,11,34.339,34.337890625,2.00637937,2.003669594,9,195.212,188.93994140625,0.675605649,0.098844475,4,5.571,4.183837890625,0.00541832,0.005418312,5,0.001,0.0009765625,0.001354568,0.001354568,1,0.01,0.009033203125,1.300000128,1.300000128,3,GPU_SCAN:602.562;HASH_GROUP_BY:175.906;HASH_JOIN:62.391;CONCAT:34.339;PARTITION:19.866;MERGE_GROUP_BY:19.306;FILTER:12.367;ORDER_BY:3.708
q16,cold_hot,hot,4,1,821.0780700028408,1035.676,679.676513671875,49,599.5179999999999,425.913818359375,0.0,2.212363936,5,17.527,17.52685546875,1.5035954,0.7250956,3,0.015,0.01513671875,0.579077902,0.579077902,2,68.78699999999999,26.724853515625,2.14990746,1.172335784,6,21.734,16.156005859375,2.124618546,2.10387605,11,30.804999999999996,30.802734375,2.00637937,2.004632282,9,289.9750000000001,185.43896484375,0.676574582,0.098851104,4,7.3020000000000005,5.301025390625,0.00541832,0.005418312,5,0.009,0.009033203125,0.001354568,0.001354568,1,0.004,0.00390625,1.300000128,1.300000128,3,GPU_SCAN:599.518;HASH_GROUP_BY:270.416;HASH_JOIN:68.787;CONCAT:30.805;PARTITION:21.734;MERGE_GROUP_BY:19.559;FILTER:17.527;ORDER_BY:3.872
q16,cold_hot,hot,5,1,830.8245720108971,923.576,685.436767578125,49,598.885,424.162109375,0.0,2.212363936,5,12.993,12.992919921875,1.503596296,0.725096496,3,0.014,0.01416015625,0.579078798,0.579078796,2,63.389,20.7119140625,2.149908356,1.17233668,6,21.929000000000002,15.029052734375,2.124618298,2.103875802,11,33.476,33.31494140625,2.00637937,2.004633178,9,185.861,180.2060546875,0.676575228,0.098850856,4,7.023000000000001,5.699951171875,0.00541832,0.005418312,5,0.002,0.001953125,0.001354568,0.001354568,1,0.004,0.00390625,1.300000128,1.300000128,3,GPU_SCAN:598.885;HASH_GROUP_BY:166.244;HASH_JOIN:63.389;CONCAT:33.476;PARTITION:21.929;MERGE_GROUP_BY:19.617;FILTER:12.993;ORDER_BY:4.226
q17,cold_hot,cold,1,1,11714.690271008294,23600.720000000005,5923.76513671875,239,23206.938000000006,5609.719970703125,0.0,24.376706952,48,0.58,0.580078125,0.014555352,0.000433832,1,4.829,4.815185546875,0.01495292,0.01012628,21,234.454,216.5693359375,9.80450588,0.067951152,22,0.4140000000000002,0.197265625,9.793888756,9.793888756,71,5.904,5.850830078125,9.785352952,9.785123896,24,106.42599999999999,105.783203125,0.018774852,0.008856908,23,0.0,0.0,0.0,0.0,0,0.006,0.006103515625,8e-09,8e-09,1,41.169,37.433349609375,14.625926544,0.014708952,28,GPU_SCAN:23206.938;HASH_JOIN:234.452;HASH_GROUP_BY:93.111;DYNAMIC_FILTER:41.169;MERGE_GROUP_BY:9.298;CONCAT:5.904;PROJECTION:4.829;UNGROUPED_AGGREGATE:3.996
q17,cold_hot,hot,2,1,11272.765138972318,22911.393000000004,6143.22802734375,239,22674.160000000003,5969.07421875,0.0,24.376706952,48,0.194,0.194091796875,0.014555352,0.000433832,1,0.7710000000000001,0.764892578125,0.01495292,0.01012628,21,181.238,164.275390625,9.80450588,0.067951152,22,0.5430000000000001,0.3544921875,9.793888756,9.793888756,71,0.25700000000000006,0.247314453125,9.785352952,9.785123896,24,10.703000000000001,10.0810546875,0.018774852,0.008856908,23,0.0,0.0,0.0,0.0,0,0.003,0.0029296875,8e-09,8e-09,1,43.524,35.879150390625,14.625926544,0.014708952,28,GPU_SCAN:22674.160;HASH_JOIN:181.233;DYNAMIC_FILTER:43.524;HASH_GROUP_BY:9.388;MERGE_GROUP_BY:1.033;PROJECTION:0.771;PARTITION:0.543;UNGROUPED_AGGREGATE:0.267
q17,cold_hot,hot,3,1,10603.51737999008,22815.895,6037.91015625,239,22589.144,5869.31689453125,0.0,24.376706952,48,0.148,0.14794921875,0.014555352,0.000433832,1,0.5660000000000001,0.564697265625,0.01495292,0.01012628,21,159.244,159.2373046875,9.80450588,0.067951152,22,0.3460000000000002,0.14306640625,9.793888756,9.793888756,71,0.24800000000000008,0.22509765625,9.785352952,9.785123896,24,17.856,17.83544921875,0.018774852,0.008856908,23,0.0,0.0,0.0,0.0,0,0.005,0.0048828125,8e-09,8e-09,1,48.337999999999994,38.232421875,14.625926544,0.014708952,28,GPU_SCAN:22589.144;HASH_JOIN:159.237;DYNAMIC_FILTER:48.338;HASH_GROUP_BY:16.743;MERGE_GROUP_BY:0.893;PROJECTION:0.566;PARTITION:0.346;CONCAT:0.248
q17,cold_hot,hot,4,1,10797.400702984305,23351.812,5715.077880859375,239,23140.826,5549.079833984375,0.0,24.376706952,48,0.125,0.125,0.014555352,0.000433832,1,0.645,0.643310546875,0.01495292,0.01012628,21,158.43800000000002,158.438232421875,9.80450588,0.067951152,22,0.5580000000000002,0.35546875,9.793888756,9.793888756,71,0.7350000000000001,0.673583984375,9.785352952,9.785123896,24,11.541,11.0791015625,0.018774852,0.008856908,23,0.0,0.0,0.0,0.0,0,0.003,0.0029296875,8e-09,8e-09,1,38.940999999999995,36.229248046875,14.625926544,0.014708952,28,GPU_SCAN:23140.826;HASH_JOIN:158.430;DYNAMIC_FILTER:38.941;HASH_GROUP_BY:10.732;CONCAT:0.735;MERGE_GROUP_BY:0.651;PROJECTION:0.645;PARTITION:0.558
q17,cold_hot,hot,5,1,10886.667771992506,22975.340000000004,6079.637451171875,239,22758.134000000005,5905.859130859375,0.0,24.376706952,48,0.125,0.125,0.014555352,0.000433832,1,9.017,9.015869140625,0.01495292,0.01012628,21,158.41699999999997,158.198974609375,9.80450588,0.067951152,22,0.41300000000000026,0.1787109375,9.793888756,9.793888756,71,0.3240000000000001,0.276611328125,9.785352952,9.785123896,24,12.077,12.061767578125,0.018774852,0.008856908,23,0.0,0.0,0.0,0.0,0,0.001,0.0009765625,8e-09,8e-09,1,36.831999999999994,34.54833984375,14.625926544,0.014708952,28,GPU_SCAN:22758.134;HASH_JOIN:158.409;DYNAMIC_FILTER:36.832;HASH_GROUP_BY:11.291;PROJECTION:9.017;MERGE_GROUP_BY:0.628;PARTITION:0.413;CONCAT:0.324
q18,cold_hot,cold,1,1,8563.473683985649,13658.810999999998,4713.248291015625,183,12280.068999999998,4412.207275390625,0.0,24.229985988,48,42.705000000000005,7.925048828125,3.6,5.1184e-05,6,0.028,0.028076171875,0.002597592,0.002597592,1,20.283,12.970947265625,0.453321032,0.00309754,4,277.1429999999998,46.9697265625,4.074386584,4.05376118,58,1.1760000000000002,1.176025390625,0.453338572,0.453321032,8,972.511,486.915283203125,13.353637512,7.219595344,27,0.0,0.0,0.0,0.0,0,0.009,0.009033203125,6.604e-06,6.604e-06,1,64.88700000000001,63.880615234375,14.026047532,0.000925568,30,GPU_SCAN:12280.069;MERGE_GROUP_BY:589.033;HASH_GROUP_BY:383.478;PARTITION:277.143;DYNAMIC_FILTER:58.499;FILTER:42.705;HASH_JOIN:20.283;TOP_N:5.475
q18,cold_hot,hot,2,1,8188.284147996455,13526.612000000003,4537.880615234375,183,12213.891000000003,4322.189697265625,0.0,24.229985988,48,16.586,3.48095703125,3.6,5.1184e-05,6,0.01,0.010009765625,0.002597592,0.002597592,1,5.515,4.112060546875,0.453321032,0.00309754,4,158.61599999999999,31.988525390625,4.074386584,4.05376118,58,0.548,0.5478515625,0.453338572,0.453321032,8,1094.814,425.591064453125,13.353637512,7.219595344,27,0.0,0.0,0.0,0.0,0,0.006,0.006103515625,6.604e-06,6.604e-06,1,36.626000000000005,33.768798828125,14.026047532,0.000925568,30,GPU_SCAN:12213.891;MERGE_GROUP_BY:685.635;HASH_GROUP_BY:409.179;PARTITION:158.616;DYNAMIC_FILTER:35.555;FILTER:16.586;HASH_JOIN:5.515;TOP_N:0.627
q18,cold_hot,hot,3,1,7989.894263999304,13333.456000000002,4506.7421875,183,12029.699000000002,4281.042724609375,0.0,24.229985988,48,15.433000000000002,3.489013671875,3.6,5.1184e-05,6,0.039,0.0390625,0.002597592,0.002597592,1,6.83,4.10888671875,0.453321032,0.00309754,4,180.9220000000001,32.94873046875,4.074386584,4.05376118,58,0.492,0.4921875,0.453338572,0.453321032,8,1065.431,413.889892578125,13.353637512,7.219595344,27,0.0,0.0,0.0,0.0,0,0.002,0.001953125,6.604e-06,6.604e-06,1,34.608000000000004,31.150146484375,14.026047532,0.000925568,30,GPU_SCAN:12029.699;MERGE_GROUP_BY:690.520;HASH_GROUP_BY:374.911;PARTITION:180.922;DYNAMIC_FILTER:33.578;FILTER:15.433;HASH_JOIN:6.830;TOP_N:0.586
q18,cold_hot,hot,4,1,8111.433972982923,13369.381000000001,4710.3388671875,183,12074.433,4511.72314453125,0.0,24.229985988,48,14.863,3.385009765625,3.6,5.1184e-05,6,0.024,0.02392578125,0.002597592,0.002597592,1,6.158,3.626953125,0.453321032,0.00309754,4,190.37000000000003,34.761474609375,4.074386584,4.05376118,58,0.8460000000000001,0.8369140625,0.453338572,0.453321032,8,1043.5610000000001,430.828369140625,13.353637512,7.219595344,27,0.0,0.0,0.0,0.0,0,0.005,0.0048828125,6.604e-06,6.604e-06,1,39.121,36.0283203125,14.026047532,0.000925568,30,GPU_SCAN:12074.433;MERGE_GROUP_BY:693.249;HASH_GROUP_BY:350.312;PARTITION:190.370;DYNAMIC_FILTER:37.609;FILTER:14.863;HASH_JOIN:6.158;MERGE_TOP_N:0.896
q18,cold_hot,hot,5,1,7694.823094992898,13445.638,4453.766357421875,183,12140.926000000001,4230.966064453125,0.0,24.229985988,48,15.726,2.823974609375,3.6,5.1184e-05,6,0.007,0.007080078125,0.002597592,0.002597592,1,5.863,3.55712890625,0.453321032,0.00309754,4,143.99,28.441162109375,4.074386584,4.05376118,58,0.603,0.593994140625,0.453338572,0.453321032,8,1103.0690000000002,415.557861328125,13.353637512,7.219595344,27,0.0,0.0,0.0,0.0,0,0.002,0.001953125,6.604e-06,6.604e-06,1,35.452,33.9091796875,14.026047532,0.000925568,30,GPU_SCAN:12140.926;MERGE_GROUP_BY:679.286;HASH_GROUP_BY:423.783;PARTITION:143.990;DYNAMIC_FILTER:34.496;FILTER:15.726;HASH_JOIN:5.863;CONCAT:0.603
q19,cold_hot,cold,1,1,10423.782186000608,16066.646999999999,4244.49072265625,143,15673.231,4129.666015625,0.0,6.85815243,43,55.85400000000001,45.903076171875,7.247373105,0.696729632,44,5.859,3.862060546875,0.00018096,9.048e-05,2,71.507,35.800048828125,1.402320073,1.110713796,2,239.81600000000003,55.52587890625,1.418041793,1.402320073,43,3.868,1.968994140625,1.402320073,1.402320073,4,16.509,8.680908203125,9.0512e-05,4.8e-08,3,0.0,0.0,0.0,0.0,0,0.001,0.0009765625,1.6e-08,1.6e-08,1,0.002,0.001953125,0.721493121,0.721493121,1,GPU_SCAN:15673.231;PARTITION:239.816;HASH_JOIN:71.507;FILTER:55.854;UNGROUPED_AGGREGATE:15.921;PROJECTION:5.859;CONCAT:3.868;MERGE_AGGREGATE:0.588
q19,cold_hot,hot,2,1,10471.150722994935,16513.918,4269.8486328125,143,16093.460000000003,4164.6298828125,0.0,6.85815243,43,64.416,49.4013671875,7.247373105,0.696729632,44,0.158,0.157958984375,0.00018096,9.048e-05,2,61.903999999999996,31.12890625,1.402320073,1.110713796,2,290.79600000000005,60.404052734375,1.418041793,1.402320073,43,2.4130000000000003,2.207763671875,1.402320073,1.402320073,4,0.7669999999999999,0.76708984375,9.0512e-05,4.8e-08,3,0.0,0.0,0.0,0.0,0,0.003,0.0029296875,1.6e-08,1.6e-08,1,0.001,0.0009765625,0.721493121,0.721493121,1,GPU_SCAN:16093.460;PARTITION:290.796;FILTER:64.416;HASH_JOIN:61.904;CONCAT:2.413;MERGE_AGGREGATE:0.478;UNGROUPED_AGGREGATE:0.289;PROJECTION:0.158
q19,cold_hot,hot,3,1,10332.73740397999,16349.926999999998,4268.431884765625,143,16114.507999999998,4190.91015625,0.0,6.85815243,43,52.157000000000004,42.840576171875,7.247373105,0.696729632,44,0.16299999999999998,0.1630859375,0.00018096,9.048e-05,2,61.876999999999995,30.988037109375,1.402320073,1.110713796,2,118.011,32.85888671875,1.418041793,1.402320073,43,2.412,2.221923828125,1.402320073,1.402320073,4,0.787,0.787109375,9.0512e-05,4.8e-08,3,0.0,0.0,0.0,0.0,0,0.01,0.010009765625,1.6e-08,1.6e-08,1,0.002,0.001953125,0.721493121,0.721493121,1,GPU_SCAN:16114.508;PARTITION:118.011;HASH_JOIN:61.877;FILTER:52.157;CONCAT:2.412;MERGE_AGGREGATE:0.511;UNGROUPED_AGGREGATE:0.276;PROJECTION:0.163
q19,cold_hot,hot,4,1,10594.764759007376,17627.267,4486.64404296875,143,17326.853,4413.962158203125,0.0,6.85815243,43,150.61199999999997,121.080078125,7.247373105,0.696729632,44,0.14300000000000002,0.14306640625,0.00018096,9.048e-05,2,62.02,31.035888671875,1.402320073,1.110713796,2,84.451,28.296875,1.418041793,1.402320073,43,2.3939999999999997,2.39404296875,1.402320073,1.402320073,4,0.783,0.782958984375,9.0512e-05,4.8e-08,3,0.0,0.0,0.0,0.0,0,0.01,0.010009765625,1.6e-08,1.6e-08,1,0.001,0.0009765625,0.721493121,0.721493121,1,GPU_SCAN:17326.853;FILTER:150.612;PARTITION:84.451;HASH_JOIN:62.020;CONCAT:2.394;MERGE_AGGREGATE:0.497;UNGROUPED_AGGREGATE:0.286;PROJECTION:0.143
q19,cold_hot,hot,5,1,10437.771074008197,15692.046000000004,4194.41552734375,143,15489.952000000005,4124.84716796875,0.0,6.85815243,43,57.334999999999994,45.586669921875,7.247373105,0.696729632,44,0.151,0.075927734375,0.00018096,9.048e-05,2,61.759,30.89697265625,1.402320073,1.110713796,2,79.66799999999998,24.752197265625,1.418041793,1.402320073,43,2.428,2.22607421875,1.402320073,1.402320073,4,0.736,0.611083984375,9.0512e-05,4.8e-08,3,0.0,0.0,0.0,0.0,0,0.01,0.010009765625,1.6e-08,1.6e-08,1,0.007,0.007080078125,0.721493121,0.721493121,1,GPU_SCAN:15489.952;PARTITION:79.668;HASH_JOIN:61.759;FILTER:57.335;CONCAT:2.428;MERGE_AGGREGATE:0.456;UNGROUPED_AGGREGATE:0.280;PROJECTION:0.151
q2,cold_hot,cold,1,1,1273.350739007583,1787.874,1063.7001953125,91,1708.537,991.18701171875,0.0,4.071724511,15,3.373,3.373046875,0.012853599,0.008715824,1,0.065,0.06494140625,0.011559776,0.01050555,3,22.502,22.5009765625,0.498147054,0.089259145,10,0.17500000000000004,0.16943359375,0.493003119,0.493003119,26,9.748,9.74072265625,0.491857623,0.485816535,18,17.81,17.81005859375,0.002175528,0.001905192,3,0.0,0.0,0.0,0.0,0,0.004,0.00390625,1.831e-05,1.831e-05,1,25.660000000000004,23.02978515625,4.078354325,0.426653658,14,GPU_SCAN:1708.537;HASH_JOIN:22.501;HASH_GROUP_BY:17.798;DYNAMIC_FILTER:17.727;CONCAT:9.748;TOP_N:5.755;FILTER:3.373;MERGE_TOP_N:2.178
q2,cold_hot,hot,2,1,1152.552586980164,1700.3519999999999,981.824462890625,91,1658.772,945.73388671875,0.0,4.071724511,15,0.581,0.5810546875,0.012853599,0.008715824,1,0.06699999999999999,0.06689453125,0.011559776,0.01050555,3,10.906999999999998,10.90576171875,0.498147054,0.089259145,10,0.15300000000000002,0.145751953125,0.493003119,0.493003119,26,9.744,9.743408203125,0.491857623,0.485816535,18,0.576,0.575927734375,0.002175528,0.001905192,3,0.0,0.0,0.0,0.0,0,0.002,0.001953125,1.831e-05,1.831e-05,1,19.549999999999997,18.28515625,4.078354325,0.426653658,14,GPU_SCAN:1658.772;DYNAMIC_FILTER:15.490;HASH_JOIN:10.906;CONCAT:9.744;MERGE_TOP_N:2.086;TOP_N:1.974;FILTER:0.581;HASH_GROUP_BY:0.573
q2,cold_hot,hot,3,1,1132.826037995983,1698.6960000000001,982.75634765625,91,1659.9940000000001,949.205810546875,0.0,4.071724511,15,0.599,0.59912109375,0.012853599,0.008715824,1,0.06699999999999999,0.067138671875,0.011559776,0.01050555,3,10.086,10.08544921875,0.498147054,0.089259145,10,0.14200000000000002,0.135498046875,0.493003119,0.493003119,26,9.714,9.70556640625,0.491857623,0.485816535,18,0.5730000000000001,0.572998046875,0.002175528,0.001905192,3,0.0,0.0,0.0,0.0,0,0.001,0.0009765625,1.831e-05,1.831e-05,1,17.52,16.30712890625,4.078354325,0.426653658,14,GPU_SCAN:1659.994;DYNAMIC_FILTER:14.281;HASH_JOIN:10.085;CONCAT:9.714;TOP_N:2.045;MERGE_TOP_N:1.194;FILTER:0.599;HASH_GROUP_BY:0.561
q2,cold_hot,hot,4,1,1163.405643979786,1716.444,990.2431640625,91,1675.676,955.33203125,0.0,4.071724511,15,0.683,0.68310546875,0.012853599,0.008715824,1,0.057,0.05712890625,0.011559776,0.01050555,3,11.499999999999998,11.498046875,0.498147054,0.089259145,10,0.20800000000000005,0.1982421875,0.493003119,0.493003119,26,9.783,9.78076171875,0.491857623,0.485816535,18,0.477,0.47705078125,0.002175528,0.001905192,3,0.0,0.0,0.0,0.0,0,0.002,0.001953125,1.831e-05,1.831e-05,1,18.058,17.02197265625,4.078354325,0.426653658,14,GPU_SCAN:1675.676;DYNAMIC_FILTER:13.526;HASH_JOIN:11.498;CONCAT:9.783;MERGE_TOP_N:2.403;TOP_N:2.129;FILTER:0.683;HASH_GROUP_BY:0.469
q2,cold_hot,hot,5,1,1175.0150290026795,1737.415,1004.613037109375,91,1696.3809999999999,972.0390625,0.0,4.071724511,15,0.686,0.68603515625,0.012853599,0.008715824,1,0.043000000000000003,0.04296875,0.011559776,0.01050555,3,11.323,11.3212890625,0.498147054,0.089259145,10,0.12700000000000003,0.117919921875,0.493003119,0.493003119,26,9.747000000000002,9.746826171875,0.491857623,0.485816535,18,0.47400000000000003,0.47412109375,0.002175528,0.001905192,3,0.0,0.0,0.0,0.0,0,0.002,0.001953125,1.831e-05,1.831e-05,1,18.632,17.3212890625,4.078354325,0.426653658,14,GPU_SCAN:1696.381;DYNAMIC_FILTER:15.141;HASH_JOIN:11.321;CONCAT:9.747;TOP_N:2.205;MERGE_TOP_N:1.286;FILTER:0.686;HASH_GROUP_BY:0.456
q20,cold_hot,cold,1,1,7350.800192012684,17105.074000000004,4352.980224609375,137,16997.084000000003,4266.397705078125,0.0,4.233933196,35,2.7,2.699951171875,0.027977152,0.004746304,1,5.988,5.988037109375,0.05872528,0.04284464,2,23.323,23.322021484375,0.131048738,0.112912926,6,0.18800000000000003,0.16259765625,0.143807106,0.143807106,42,15.224000000000002,15.22412109375,0.110849282,0.110147522,10,15.72,15.72021484375,0.056778784,0.051981504,3,23.35,23.26416015625,0.003630004,0.003625524,4,0.001,0.0009765625,0.000902771,0.000902771,1,21.496000000000006,20.899658203125,4.232164096,0.047950347,33,GPU_SCAN:16997.084;HASH_JOIN:23.322;DYNAMIC_FILTER:21.496;HASH_GROUP_BY:15.705;CONCAT:15.224;MERGE_SORT:10.086;SORT_PARTITION:6.495;ORDER_BY:6.386
q20,cold_hot,hot,2,1,7170.141292997869,16902.314,4073.41259765625,137,16850.806999999997,4036.863037109375,0.0,4.233933196,35,0.263,0.262939453125,0.027977152,0.004746304,1,0.291,0.291015625,0.05872528,0.04284464,2,4.857,4.849853515625,0.13104869,0.112912926,6,0.16800000000000004,0.1494140625,0.143807058,0.143807058,42,15.812999999999999,15.81103515625,0.110849234,0.110147474,10,1.252,1.251953125,0.056778784,0.051981504,3,12.07,12.0478515625,0.003630004,0.003625524,4,0.006,0.006103515625,0.000902771,0.000902771,1,16.787000000000003,15.69970703125,4.232164096,0.047950299,33,GPU_SCAN:16850.807;DYNAMIC_FILTER:16.787;CONCAT:15.813;HASH_JOIN:4.850;ORDER_BY:4.098;MERGE_SORT:4.022;SORT_PARTITION:3.564;HASH_GROUP_BY:1.240
q20,cold_hot,hot,3,1,6760.248631995637,15991.452000000001,4185.395263671875,137,15939.266000000001,4148.55126953125,0.0,4.233933196,35,0.266,0.26611328125,0.027977152,0.004746304,1,0.153,0.153076171875,0.05872528,0.04284464,2,4.0249999999999995,4.022216796875,0.13104869,0.112912926,6,0.2370000000000001,0.179443359375,0.143807058,0.143807058,42,20.434999999999995,20.432861328125,0.110849234,0.110147474,10,1.224,1.214111328125,0.056778784,0.051981504,3,9.718,9.61376953125,0.003630004,0.003625524,4,0.005,0.0048828125,0.000902771,0.000902771,1,16.122999999999998,15.369873046875,4.232164096,0.047950299,33,GPU_SCAN:15939.266;CONCAT:20.435;DYNAMIC_FILTER:16.123;HASH_JOIN:4.022;MERGE_SORT:3.973;ORDER_BY:3.680;SORT_PARTITION:1.961;HASH_GROUP_BY:1.206
q20,cold_hot,hot,4,1,7288.02189900307,17115.456,4104.626220703125,137,17072.76,4076.35009765625,0.0,4.233933196,35,0.338,0.337890625,0.027977152,0.004746304,1,0.28900000000000003,0.2890625,0.05872528,0.04284464,2,5.12,5.117919921875,0.131048738,0.112912926,6,0.27700000000000014,0.1953125,0.143807106,0.143807106,42,6.959999999999999,6.9580078125,0.110849282,0.110147522,10,1.5059999999999998,1.5009765625,0.056778784,0.051981504,3,11.391,11.1640625,0.003630004,0.003625524,4,0.003,0.0029296875,0.000902771,0.000902771,1,16.811999999999998,16.552001953125,4.232164096,0.047950347,33,GPU_SCAN:17072.760;DYNAMIC_FILTER:16.812;CONCAT:6.960;HASH_JOIN:5.118;MERGE_SORT:4.481;ORDER_BY:3.706;SORT_PARTITION:2.977;HASH_GROUP_BY:1.498
q20,cold_hot,hot,5,1,7208.085752994521,16863.502,4063.0185546875,137,16824.948,4042.169921875,0.0,4.233933196,35,0.27,0.27001953125,0.027977152,0.004746304,1,0.331,0.330810546875,0.05872528,0.04284464,2,5.1209999999999996,5.117919921875,0.131048642,0.112912926,6,0.2020000000000001,0.179931640625,0.14380701,0.14380701,42,0.804,0.802734375,0.110849186,0.110147426,10,1.4769999999999999,1.476806640625,0.056778784,0.051981504,3,9.904,9.7587890625,0.003630004,0.003625524,4,0.001,0.0009765625,0.000902771,0.000902771,1,20.444,19.361328125,4.232164096,0.047950251,33,GPU_SCAN:16824.948;DYNAMIC_FILTER:20.444;HASH_JOIN:5.118;MERGE_SORT:4.077;ORDER_BY:3.682;SORT_PARTITION:2.053;HASH_GROUP_BY:1.470;CONCAT:0.804
q21,cold_hot,cold,1,1,17759.05414801673,37300.53700000001,10245.809814453125,602,31742.218000000015,9134.12890625,0.0,39.78057004,80,171.24299999999997,133.48681640625,29.401863328,12.329088832,56,1.4269999999999998,1.178466796875,0.764587552,0.764587552,44,3819.8679999999986,728.76513671875,36.99754362,6.26997437,95,802.2499999999992,429.33251953125,28.30142229,27.95167765,166,700.4819999999995,550.730224609375,28.26733368,28.2664152,94,48.76100000000001,32.44287109375,0.241757888,0.234227592,7,0.0,0.0,0.0,0.0,0,0.008,0.008056640625,3.004e-06,3.004e-06,1,14.279999999999994,14.264892578125,29.437443698,29.40324716,59,GPU_SCAN:31742.218;HASH_JOIN:3819.762;PARTITION:802.250;CONCAT:700.482;FILTER:171.243;HASH_GROUP_BY:25.431;MERGE_GROUP_BY:23.330;TOP_N:7.395
q21,cold_hot,hot,2,1,16676.044295018073,36010.363,9842.547607421875,604,30587.412999999997,8794.421875,0.0,39.78057004,80,142.79100000000003,116.486328125,29.401863328,12.329088832,56,2.6339999999999995,1.8603515625,0.764587552,0.764587552,44,3726.7819999999997,668.907958984375,36.4172303,6.269974386,97,932.4559999999999,484.60498046875,28.30142229,27.95167765,166,593.1139999999999,466.004150390625,28.26733376,28.2664152,94,21.351000000000003,15.533935546875,0.241757888,0.234227592,7,0.0,0.0,0.0,0.0,0,0.002,0.001953125,3.004e-06,3.004e-06,1,3.8200000000000003,3.805908203125,29.437443698,29.40324716,59,GPU_SCAN:30587.413;HASH_JOIN:3726.525;PARTITION:932.456;CONCAT:593.114;FILTER:142.791;MERGE_GROUP_BY:19.867;TOP_N:2.724;PROJECTION:2.634
q21,cold_hot,hot,3,1,16629.616997990524,36542.83,9946.2236328125,622,31225.718,8904.52587890625,0.0,39.78057004,80,152.52899999999997,120.677490234375,29.401863328,12.329088832,56,1.126,0.84912109375,0.764587552,0.764587552,46,3768.693000000001,712.47314453125,37.119262112,6.26997465,103,846.6240000000001,432.124267578125,28.301422354,27.95167765,171,522.524,441.48681640625,28.267333896,28.2664152,99,22.02,16.858154296875,0.241757888,0.234227592,7,0.0,0.0,0.0,0.0,0,0.004,0.00390625,3.004e-06,3.004e-06,1,3.5920000000000005,3.576416015625,29.437443698,29.40324716,59,GPU_SCAN:31225.718;HASH_JOIN:3768.492;PARTITION:846.624;CONCAT:522.524;FILTER:152.529;MERGE_GROUP_BY:20.561;TOP_N:2.479;HASH_GROUP_BY:1.459
q21,cold_hot,hot,4,1,16662.15866699349,36999.028,10504.140625,610,31430.171000000002,9297.640869140625,0.0,39.78057004,80,199.86200000000005,158.69580078125,29.401863328,12.329088832,56,1.2519999999999991,0.804443359375,0.764587552,0.764587552,45,3854.6729999999993,700.5322265625,37.054149208,6.269974378,98,859.4269999999998,456.404052734375,28.30142229,27.95167765,168,628.215,520.630859375,28.26733356,28.2664152,96,21.378,16.30078125,0.241757888,0.234227592,7,0.0,0.0,0.0,0.0,0,0.004,0.00390625,3.004e-06,3.004e-06,1,4.045999999999999,4.031005859375,29.437443698,29.40324716,59,GPU_SCAN:31430.171;HASH_JOIN:3854.433;PARTITION:859.427;CONCAT:628.215;FILTER:199.862;MERGE_GROUP_BY:19.997;TOP_N:2.909;HASH_GROUP_BY:1.381
q21,cold_hot,hot,5,1,17146.514872991247,36877.36599999999,10208.267822265625,610,31119.907999999985,8881.021484375,0.0,39.78057004,80,149.31699999999998,111.426025390625,29.401863328,12.329088832,56,2.054999999999999,1.584716796875,0.764587552,0.764587552,44,3836.2239999999993,686.31201171875,37.001810572,6.269974898,99,1061.2410000000002,545.757080078125,28.301422418,27.95167765,168,682.9209999999998,478.394287109375,28.267333696,28.2664152,96,22.147000000000002,16.69970703125,0.241757888,0.234227592,7,0.0,0.0,0.0,0.0,0,0.006,0.006103515625,3.004e-06,3.004e-06,1,3.547,3.53271484375,29.437443698,29.40324716,59,GPU_SCAN:31119.908;HASH_JOIN:3836.005;PARTITION:1061.241;CONCAT:682.921;FILTER:149.317;MERGE_GROUP_BY:20.829;TOP_N:2.500;PROJECTION:2.055
q3,cold_hot,cold,1,1,7977.041795995319,12547.738999999998,4812.331787109375,251,11236.410999999998,4471.739990234375,0.0,9.649443544,36,0.0,0.0,0.0,0.0,0,21.951,10.111083984375,0.132013472,0.10806872,28,505.27000000000004,107.93212890625,12.667871064,0.450307352,27,285.8379999999999,147.5068359375,8.60141084,8.479196184,63,249.597,150.88330078125,8.44296172,8.43557484,30,228.98400000000007,72.806884765625,0.10806872,0.072468928,28,0.0,0.0,0.0,0.0,0,0.002,0.001953125,3.2e-07,3.2e-07,1,19.68600000000001,14.7060546875,9.661303456,8.1862738,38,GPU_SCAN:11236.411;HASH_JOIN:505.270;PARTITION:285.838;CONCAT:249.597;HASH_GROUP_BY:225.741;PROJECTION:21.951;TOP_N:10.130;DYNAMIC_FILTER:9.264
q3,cold_hot,hot,2,1,7501.132025005063,11986.227,4528.755126953125,251,10799.769,4229.9111328125,0.0,9.649443544,36,0.0,0.0,0.0,0.0,0,27.955,17.3486328125,0.132013472,0.10806872,28,398.389,100.9248046875,12.667871064,0.450307352,27,380.30699999999996,209.46142578125,8.60141084,8.479196184,63,189.985,163.576416015625,8.44296172,8.43557484,30,176.59500000000003,74.35009765625,0.10806872,0.072468928,28,0.0,0.0,0.0,0.0,0,0.001,0.0009765625,3.2e-07,3.2e-07,1,13.225999999999999,9.89697265625,9.661303456,8.1862738,38,GPU_SCAN:10799.769;HASH_JOIN:398.389;PARTITION:380.307;CONCAT:189.985;HASH_GROUP_BY:174.061;PROJECTION:27.955;DYNAMIC_FILTER:7.921;TOP_N:5.016
q3,cold_hot,hot,3,1,8283.064014976844,12603.957999999997,4771.61865234375,251,11433.114999999996,4460.051513671875,0.0,9.649443544,36,0.0,0.0,0.0,0.0,0,30.688,23.705322265625,0.132013472,0.10806872,28,453.22700000000003,101.700927734375,12.667871064,0.450307352,27,272.3570000000001,151.738037109375,8.60141084,8.479196184,63,267.84900000000005,155.046630859375,8.44296172,8.43557484,30,132.70900000000003,73.061279296875,0.10806872,0.072468928,28,0.0,0.0,0.0,0.0,0,0.001,0.0009765625,3.2e-07,3.2e-07,1,14.012000000000015,10.271240234375,9.661303456,8.1862738,38,GPU_SCAN:11433.115;HASH_JOIN:453.227;PARTITION:272.357;CONCAT:267.849;HASH_GROUP_BY:130.195;PROJECTION:30.688;DYNAMIC_FILTER:8.696;TOP_N:5.022
q3,cold_hot,hot,4,1,7813.869645004161,11992.261999999993,4502.881591796875,261,10820.211999999994,4224.5439453125,0.0,9.649443544,36,0.0,0.0,0.0,0.0,0,12.142,9.037353515625,0.132013472,0.10806872,30,579.074,106.838134765625,13.020562416,0.450307352,29,254.23600000000005,127.904541015625,8.60141084,8.479196184,65,226.68199999999996,138.28369140625,8.44296172,8.43557484,32,86.95900000000002,55.5302734375,0.10806872,0.072468928,30,0.0,0.0,0.0,0.0,0,0.002,0.001953125,3.2e-07,3.2e-07,1,12.954999999999995,10.156494140625,9.661303456,8.1862738,38,GPU_SCAN:10820.212;HASH_JOIN:579.074;PARTITION:254.236;CONCAT:226.682;HASH_GROUP_BY:84.370;PROJECTION:12.142;DYNAMIC_FILTER:7.616;TOP_N:5.050
q3,cold_hot,hot,5,1,8146.855975006474,12388.877999999997,4640.76611328125,251,11152.676999999996,4308.509033203125,0.0,9.649443544,36,0.0,0.0,0.0,0.0,0,25.053999999999995,14.15771484375,0.132013472,0.10806872,28,476.23800000000006,99.8251953125,12.667871064,0.450307352,27,306.312,164.903564453125,8.60141084,8.479196184,63,276.79,158.19921875,8.44296172,8.43557484,30,137.751,55.81787109375,0.10806872,0.072468928,28,0.0,0.0,0.0,0.0,0,0.002,0.001953125,3.2e-07,3.2e-07,1,14.05400000000001,10.818603515625,9.661303456,8.1862738,38,GPU_SCAN:11152.677;HASH_JOIN:476.238;PARTITION:306.312;CONCAT:276.790;HASH_GROUP_BY:135.116;PROJECTION:25.054;DYNAMIC_FILTER:8.763;TOP_N:5.005
q4,cold_hot,cold,1,1,4700.060197006678,9137.989,2336.36572265625,154,8450.609,2195.616943359375,0.0,9.944133518,23,77.34299999999999,63.8408203125,9.82562256,3.082271952,19,0.189,0.10107421875,0.23233184,0.11616592,10,416.483,68.852783203125,3.616152524,0.41610123,16,86.19100000000002,46.900146484375,3.409485826,3.360630546,41,44.486,27.9189453125,3.314720726,3.314003134,16,41.761,23.2099609375,0.111168252,0.045909926,5,10.993,10.65478515625,4.4e-07,4.4e-07,4,0.009,0.009033203125,1.06e-07,1.06e-07,1,9.924999999999999,9.92236328125,9.82562256,9.82562256,19,GPU_SCAN:8450.609;HASH_JOIN:416.477;PARTITION:86.191;FILTER:77.343;CONCAT:44.486;HASH_GROUP_BY:33.621;DYNAMIC_FILTER:9.925;MERGE_GROUP_BY:8.140
q4,cold_hot,hot,2,1,4457.313263992546,8060.777,2303.58642578125,154,7525.192,2216.275146484375,0.0,9.944133518,23,44.605999999999995,40.65771484375,9.82562256,3.082271952,19,0.17400000000000002,0.0849609375,0.23233184,0.11616592,10,363.9429999999999,58.512939453125,3.616152524,0.41610123,16,100.68400000000003,79.23779296875,3.409485826,3.360630546,41,13.354000000000001,12.56884765625,3.314720726,3.314003134,16,11.096999999999998,6.76318359375,0.111168252,0.045909926,5,1.6589999999999998,1.317138671875,4.4e-07,4.4e-07,4,0.001,0.0009765625,1.06e-07,1.06e-07,1,0.06700000000000003,0.066162109375,9.82562256,9.82562256,19,GPU_SCAN:7525.192;HASH_JOIN:363.936;PARTITION:100.684;FILTER:44.606;CONCAT:13.354;MERGE_GROUP_BY:6.564;HASH_GROUP_BY:4.533;MERGE_SORT:0.841
q4,cold_hot,hot,3,1,4597.368863993324,8431.069000000001,2431.580810546875,154,7833.959000000001,2344.9931640625,0.0,9.944133518,23,88.469,76.5517578125,9.82562256,3.082271952,19,0.16200000000000003,0.06884765625,0.23233184,0.11616592,10,367.857,60.803955078125,3.616152524,0.41610123,16,114.55199999999998,93.8916015625,3.409485826,3.360630546,41,13.443999999999997,12.557861328125,3.314720726,3.314003134,16,11.471,7.0498046875,0.111168252,0.045909926,5,1.094,0.825927734375,4.4e-07,4.4e-07,4,0.002,0.001953125,1.06e-07,1.06e-07,1,0.059000000000000004,0.04541015625,9.82562256,9.82562256,19,GPU_SCAN:7833.959;HASH_JOIN:367.851;PARTITION:114.552;FILTER:88.469;CONCAT:13.444;MERGE_GROUP_BY:6.662;HASH_GROUP_BY:4.809;MERGE_SORT:0.552
q4,cold_hot,hot,4,1,4498.048998997547,8581.159999999998,2358.19580078125,154,8037.832999999998,2266.936767578125,0.0,9.944133518,23,39.814,36.06640625,9.82562256,3.082271952,19,0.186,0.048828125,0.23233184,0.11616592,10,381.529,60.412841796875,3.616152524,0.41610123,16,91.81199999999997,73.221923828125,3.409485826,3.360630546,41,17.012,16.247314453125,3.314720726,3.314003134,16,11.507,7.14892578125,0.111168252,0.045909926,5,1.4180000000000001,1.14697265625,4.4e-07,4.4e-07,4,0.001,0.0009765625,1.06e-07,1.06e-07,1,0.048000000000000015,0.045166015625,9.82562256,9.82562256,19,GPU_SCAN:8037.833;HASH_JOIN:381.523;PARTITION:91.812;FILTER:39.814;CONCAT:17.012;MERGE_GROUP_BY:6.772;HASH_GROUP_BY:4.735;MERGE_SORT:0.880
q4,cold_hot,hot,5,1,4521.353613003157,6659.400000000001,2901.8818359375,154,6114.2480000000005,2770.97509765625,0.0,9.944133518,23,37.58800000000001,33.398193359375,9.82562256,3.082271952,19,0.11599999999999999,0.06591796875,0.23233184,0.11616592,10,390.36999999999995,61.40283203125,3.616152524,0.41610123,16,76.95599999999997,58.698486328125,3.409485826,3.360630546,41,27.665000000000003,26.882080078125,3.314720726,3.314003134,16,11.132000000000001,6.8291015625,0.111168252,0.045909926,5,1.275,1.192138671875,4.4e-07,4.4e-07,4,0.002,0.001953125,1.06e-07,1.06e-07,1,0.048000000000000015,0.04541015625,9.82562256,9.82562256,19,GPU_SCAN:6114.248;HASH_JOIN:390.363;PARTITION:76.956;FILTER:37.588;CONCAT:27.665;MERGE_GROUP_BY:6.529;HASH_GROUP_BY:4.603;MERGE_SORT:0.731
q5,cold_hot,cold,1,1,14589.030944975093,17395.162000000004,6295.57421875,308,16311.424000000003,5588.993896484375,0.0,20.067101205,46,0.0,0.0,0.0,0.0,0,5.418,5.417724609375,0.029407665,0.014611793,3,402.5640000000001,225.18505859375,23.216689492,0.940063693,51,232.25299999999996,174.234619140625,20.830740156,20.524276168,97,398.04699999999997,325.927978515625,20.524275736,20.523706796,58,26.472,19.426025390625,0.014612225,5.76e-07,4,16.133000000000003,16.078857421875,5.92e-07,5.92e-07,4,0.003,0.0029296875,1.44e-07,1.44e-07,1,2.8479999999999928,2.839599609375,20.054851025,19.907833516,44,GPU_SCAN:16311.424;HASH_JOIN:402.564;CONCAT:398.047;PARTITION:232.253;HASH_GROUP_BY:25.631;MERGE_SORT:8.723;ORDER_BY:5.428;PROJECTION:5.418
q5,cold_hot,hot,2,1,12078.114311996615,15841.498000000003,5902.90283203125,326,14986.388000000003,5342.99560546875,0.0,20.067101205,46,0.0,0.0,0.0,0.0,0,0.314,0.31396484375,0.029407537,0.014611793,3,327.2519999999999,177.8037109375,23.598795732,0.940063589,57,206.21999999999994,195.00439453125,20.832727792,20.526263804,103,314.59799999999996,284.824951171875,20.526263372,20.523706796,64,3.999,3.9990234375,0.014612225,5.76e-07,4,1.292,1.259033203125,5.92e-07,5.92e-07,4,0.001,0.0009765625,1.44e-07,1.44e-07,1,1.4339999999999986,1.430419921875,20.054851025,19.907833516,44,GPU_SCAN:14986.388;HASH_JOIN:327.252;CONCAT:314.598;PARTITION:206.220;HASH_GROUP_BY:3.553;DYNAMIC_FILTER:1.434;MERGE_SORT:0.728;MERGE_GROUP_BY:0.446
q5,cold_hot,hot,3,1,11884.05950597371,15724.648000000003,5867.135986328125,319,14828.379000000003,5235.196044921875,0.0,20.067101205,46,0.0,0.0,0.0,0.0,0,0.697,0.697021484375,0.029407669,0.014611797,4,315.99500000000006,192.9150390625,23.344059975,0.940063705,54,200.33400000000012,174.11572265625,20.831730796,20.525266808,100,368.64499999999987,326.6875,20.525266232,20.5237068,61,6.248,6.248291015625,0.014612373,7.2e-07,5,3.172,3.02587890625,5.92e-07,5.92e-07,4,0.001,0.0009765625,1.44e-07,1.44e-07,1,1.176999999999999,1.170166015625,20.054851025,19.907833516,44,GPU_SCAN:14828.379;CONCAT:368.645;HASH_JOIN:315.995;PARTITION:200.334;HASH_GROUP_BY:5.739;MERGE_SORT:1.967;DYNAMIC_FILTER:1.177;SORT_PARTITION:0.899
q5,cold_hot,hot,4,1,11125.760824012104,16002.148999999998,5942.899658203125,317,15137.213999999998,5345.934814453125,0.0,20.067101205,46,0.0,0.0,0.0,0.0,0,0.381,0.381103515625,0.029407665,0.014611793,3,283.9130000000002,142.593017578125,23.407742612,0.940063705,54,219.07899999999995,202.823486328125,20.830740168,20.52427618,100,352.059,311.078857421875,20.524275748,20.523706796,61,5.764,5.76416015625,0.014612225,5.76e-07,4,2.45,2.366943359375,5.92e-07,5.92e-07,4,0.002,0.001953125,1.44e-07,1.44e-07,1,1.2869999999999995,1.2734375,20.054851025,19.907833516,44,GPU_SCAN:15137.214;CONCAT:352.059;HASH_JOIN:283.913;PARTITION:219.079;HASH_GROUP_BY:5.109;MERGE_SORT:1.765;DYNAMIC_FILTER:1.287;MERGE_GROUP_BY:0.655
q5,cold_hot,hot,5,1,12251.181917003123,16311.969,5980.03662109375,325,15465.421999999999,5372.550537109375,0.0,20.067101205,46,0.0,0.0,0.0,0.0,0,0.437,0.436767578125,0.029407669,0.014611797,4,315.9470000000001,178.86865234375,23.471425257,0.940063713,56,188.047,174.109375,20.833719108,20.52725512,102,332.26300000000003,312.342041015625,20.527254544,20.5237068,63,6.117,6.11669921875,0.014612373,7.2e-07,5,2.6660000000000004,2.46875,5.92e-07,5.92e-07,4,0.002,0.001953125,1.44e-07,1.44e-07,1,1.0679999999999994,1.06201171875,20.054851025,19.907833516,44,GPU_SCAN:15465.422;CONCAT:332.263;HASH_JOIN:315.947;PARTITION:188.047;HASH_GROUP_BY:5.623;MERGE_SORT:1.203;DYNAMIC_FILTER:1.068;SORT_PARTITION:0.993
q6,cold_hot,cold,1,1,4922.6490809815,9588.848,2569.869873046875,59,9516.292,2567.616943359375,0.0,0.185661344,19,0.0,0.0,0.0,0.0,0,21.509,17.206787109375,0.185661344,0.092830672,19,0.0,0.0,0.0,0.0,0,0.0,0.0,0.0,0.0,0,0.0,0.0,0.0,0.0,0,51.04399999999999,50.22314453125,0.092830976,3.2e-07,20,0.0,0.0,0.0,0.0,0,0.003,0.0029296875,1.6e-08,1.6e-08,1,0.0,0.0,0.0,0.0,0,GPU_SCAN:9516.292;UNGROUPED_AGGREGATE:50.106;PROJECTION:21.509;MERGE_AGGREGATE:0.938;RESULT_COLLECTOR:0.003
q6,cold_hot,hot,2,1,4297.297705023084,8693.284,2767.62890625,59,8677.815,2764.677978515625,0.0,0.185661344,19,0.0,0.0,0.0,0.0,0,7.029,6.67041015625,0.185661344,0.092830672,19,0.0,0.0,0.0,0.0,0,0.0,0.0,0.0,0.0,0,0.0,0.0,0.0,0.0,0,8.438,7.52685546875,0.092830976,3.2e-07,20,0.0,0.0,0.0,0.0,0,0.002,0.001953125,1.6e-08,1.6e-08,1,0.0,0.0,0.0,0.0,0,GPU_SCAN:8677.815;UNGROUPED_AGGREGATE:8.195;PROJECTION:7.029;MERGE_AGGREGATE:0.243;RESULT_COLLECTOR:0.002
q6,cold_hot,hot,3,1,4781.648831005441,8639.38,2717.22802734375,59,8615.845,2715.68408203125,0.0,0.185661344,19,0.0,0.0,0.0,0.0,0,10.226999999999999,9.98974609375,0.185661344,0.092830672,19,0.0,0.0,0.0,0.0,0,0.0,0.0,0.0,0.0,0,0.0,0.0,0.0,0.0,0,13.294999999999998,11.88330078125,0.092830976,3.2e-07,20,0.0,0.0,0.0,0.0,0,0.013,0.012939453125,1.6e-08,1.6e-08,1,0.0,0.0,0.0,0.0,0,GPU_SCAN:8615.845;UNGROUPED_AGGREGATE:12.739;PROJECTION:10.227;MERGE_AGGREGATE:0.556;RESULT_COLLECTOR:0.013
q6,cold_hot,hot,4,1,4845.630789990537,8855.664,2788.241943359375,59,8832.959,2786.843994140625,0.0,0.185661344,19,0.0,0.0,0.0,0.0,0,8.578,8.247314453125,0.185661344,0.092830672,19,0.0,0.0,0.0,0.0,0,0.0,0.0,0.0,0.0,0,0.0,0.0,0.0,0.0,0,14.123000000000003,13.610107421875,0.092830976,3.2e-07,20,0.0,0.0,0.0,0.0,0,0.004,0.00390625,1.6e-08,1.6e-08,1,0.0,0.0,0.0,0.0,0,GPU_SCAN:8832.959;UNGROUPED_AGGREGATE:13.557;PROJECTION:8.578;MERGE_AGGREGATE:0.566;RESULT_COLLECTOR:0.004
q6,cold_hot,hot,5,1,4934.974692994729,8322.651,2769.940673828125,59,8308.722,2768.52685546875,0.0,0.185661344,19,0.0,0.0,0.0,0.0,0,6.925,6.924560546875,0.185661344,0.092830672,19,0.0,0.0,0.0,0.0,0,0.0,0.0,0.0,0.0,0,0.0,0.0,0.0,0.0,0,6.993,6.99267578125,0.092830976,3.2e-07,20,0.0,0.0,0.0,0.0,0,0.011,0.010986328125,1.6e-08,1.6e-08,1,0.0,0.0,0.0,0.0,0,GPU_SCAN:8308.722;PROJECTION:6.925;UNGROUPED_AGGREGATE:6.754;MERGE_AGGREGATE:0.239;RESULT_COLLECTOR:0.011
q7,cold_hot,cold,1,1,11433.06643300457,23587.576000000005,5357.355224609375,204,23085.924000000003,5147.06494140625,0.0,9.310288914,51,9.025,9.025390625,0.05389605,0.026963988,4,9.17,9.170166015625,0.026963656,0.024626744,2,289.04800000000006,74.8701171875,5.367398037,1.281357137,11,71.45000000000002,31.891845703125,4.215200033,4.177699749,62,60.291000000000004,50.02685546875,4.177699141,4.167148085,17,22.418,22.418212890625,0.024627352,8.16e-07,3,16.649,16.2578125,8.56e-07,8.56e-07,4,0.004,0.00390625,2.08e-07,2.08e-07,1,23.596999999999998,23.214111328125,9.310287896,2.987736988,49,GPU_SCAN:23085.924;HASH_JOIN:289.048;PARTITION:71.450;CONCAT:60.291;DYNAMIC_FILTER:23.597;HASH_GROUP_BY:16.225;PROJECTION:9.170;FILTER:9.025
q7,cold_hot,hot,2,1,11749.49622398708,24062.128999999994,5284.009521484375,204,23555.027999999995,5087.734619140625,0.0,9.310288914,51,1.504,1.504150390625,0.053880114,0.026955988,4,0.26,0.260009765625,0.026955656,0.024618744,2,283.29400000000004,65.306396484375,5.367197717,1.281341201,11,115.52300000000001,77.1103515625,4.215200033,4.177699749,62,53.911,43.697509765625,4.177699141,4.166947765,17,3.67,3.669921875,0.024619352,8.16e-07,3,4.954000000000001,4.579833984375,8.56e-07,8.56e-07,4,0.002,0.001953125,2.08e-07,2.08e-07,1,43.983000000000004,29.765869140625,9.310287896,2.987736988,49,GPU_SCAN:23555.028;HASH_JOIN:283.294;PARTITION:115.523;CONCAT:53.911;DYNAMIC_FILTER:43.983;HASH_GROUP_BY:2.918;MERGE_SORT:2.286;FILTER:1.504
q7,cold_hot,hot,3,1,11077.957980975043,22836.227999999992,5223.203369140625,204,22399.46999999999,5082.1591796875,0.0,9.310288914,51,1.958,1.9580078125,0.05388005,0.026955988,4,0.344,0.343994140625,0.026955656,0.024618744,2,282.50399999999996,65.756103515625,5.367196693,1.281341137,11,64.687,27.166259765625,4.215200033,4.177699749,62,53.12700000000001,42.8359375,4.177699141,4.166946741,17,5.779999999999999,5.780029296875,0.024619352,8.16e-07,3,3.375,2.802978515625,8.56e-07,8.56e-07,4,0.002,0.001953125,2.08e-07,2.08e-07,1,24.981,24.56005859375,9.310287896,2.987736988,49,GPU_SCAN:22399.470;HASH_JOIN:282.504;PARTITION:64.687;CONCAT:53.127;DYNAMIC_FILTER:24.981;HASH_GROUP_BY:3.508;MERGE_GROUP_BY:2.272;FILTER:1.958
q7,cold_hot,hot,4,1,11335.543780995067,22673.149999999998,4995.56298828125,204,22240.102,4857.102294921875,0.0,9.310288914,51,1.677,1.677001953125,0.053888946,0.02696034,4,0.245,0.2451171875,0.026960008,0.024623096,2,282.13899999999995,64.89599609375,5.367307221,1.281349969,11,63.513000000000034,24.470947265625,4.215199969,4.177699685,62,53.09299999999999,42.8876953125,4.177699077,4.167057269,17,3.932,3.93212890625,0.024623704,8.16e-07,3,4.574,4.319091796875,8.56e-07,8.56e-07,4,0.002,0.001953125,2.08e-07,2.08e-07,1,23.873,22.862548828125,9.310287896,2.987736988,49,GPU_SCAN:22240.102;HASH_JOIN:282.139;PARTITION:63.513;CONCAT:53.093;DYNAMIC_FILTER:23.873;HASH_GROUP_BY:3.205;MERGE_SORT:2.255;FILTER:1.677
q7,cold_hot,hot,5,1,11407.971290987916,23887.174999999996,5216.37744140625,204,23448.141999999996,5075.709716796875,0.0,9.310288914,51,1.493,1.492919921875,0.053888946,0.02696034,4,0.242,0.241943359375,0.026960008,0.024623096,2,282.41700000000003,64.7021484375,5.367307221,1.281350033,11,69.175,26.907470703125,4.215200033,4.177699749,62,52.939,42.7666015625,4.177699141,4.167057269,17,5.194000000000001,5.194091796875,0.024623704,8.16e-07,3,4.925000000000001,4.804931640625,8.56e-07,8.56e-07,4,0.003,0.0029296875,2.08e-07,2.08e-07,1,22.644999999999996,21.51806640625,9.310287896,2.987736988,49,GPU_SCAN:23448.142;HASH_JOIN:282.417;PARTITION:69.175;CONCAT:52.939;DYNAMIC_FILTER:22.645;HASH_GROUP_BY:4.448;MERGE_SORT:2.246;FILTER:1.493
q8,cold_hot,cold,1,1,18913.44929698971,21939.985999999997,8301.087646484375,399,20719.971999999998,7587.96533203125,0.0,25.502214985,58,0.0,0.0,0.0,0.0,0,18.541000000000004,18.541015625,0.01417739,0.012427647,3,452.69400000000013,277.146484375,33.50763303,1.6545411,70,249.537,220.243896484375,27.00220063,26.608952694,128,469.1160000000001,417.01025390625,26.608952614,26.608922022,79,11.298,11.298095703125,0.0058244,1.6e-07,2,16.038,16.037841796875,1.28e-07,1.28e-07,4,0.01,0.010009765625,3.2e-08,3.2e-08,1,2.7799999999999923,2.7666015625,25.488881144,25.341899624,54,GPU_SCAN:20719.972;CONCAT:469.116;HASH_JOIN:452.694;PARTITION:249.537;PROJECTION:18.541;HASH_GROUP_BY:11.287;ORDER_BY:6.055;MERGE_SORT:5.065
q8,cold_hot,hot,2,1,15882.600426004501,21093.529,8049.152099609375,399,19989.541,7433.27734375,0.0,25.502214985,58,0.0,0.0,0.0,0.0,0,0.391,0.258056640625,0.01417739,0.012427647,3,377.0059999999999,254.071533203125,33.63529707,1.6545411,70,263.3669999999995,205.695556640625,27.00220063,26.608952694,128,461.46599999999995,410.434326171875,26.608952614,26.608922022,79,0.4,0.39990234375,0.0058244,1.6e-07,2,0.279,0.10693359375,1.28e-07,1.28e-07,4,0.001,0.0009765625,3.2e-08,3.2e-08,1,1.077999999999999,1.068115234375,25.488881144,25.341899624,54,GPU_SCAN:19989.541;CONCAT:461.466;HASH_JOIN:377.006;PARTITION:263.367;DYNAMIC_FILTER:1.078;HASH_GROUP_BY:0.399;PROJECTION:0.391;SORT_PARTITION:0.107
q8,cold_hot,hot,3,1,15170.038450014545,20113.809000000005,7648.93798828125,393,18991.352000000006,6999.056396484375,0.0,25.502214985,58,0.0,0.0,0.0,0.0,0,0.41700000000000004,0.278076171875,0.01417739,0.012427647,3,380.62899999999996,245.2587890625,33.635483718,1.654540972,68,286.5699999999992,239.322509765625,27.002200502,26.608952566,126,453.2230000000001,393.553466796875,26.608952486,26.608922022,77,0.382,0.375,0.0058244,1.6e-07,2,0.298,0.171142578125,1.28e-07,1.28e-07,4,0.01,0.010009765625,3.2e-08,3.2e-08,1,0.928,0.918701171875,25.488881144,25.341899624,54,GPU_SCAN:18991.352;CONCAT:453.223;HASH_JOIN:380.629;PARTITION:286.570;DYNAMIC_FILTER:0.928;PROJECTION:0.417;HASH_GROUP_BY:0.375;SORT_PARTITION:0.111
q8,cold_hot,hot,4,1,15646.000426000683,20891.26,7876.019287109375,417,19761.333,7221.980712890625,0.0,25.502214985,58,0.0,0.0,0.0,0.0,0,0.41500000000000004,0.414794921875,0.01417739,0.012427647,3,394.41099999999994,274.99462890625,34.274363862,1.654541036,76,337.8369999999995,301.347412109375,27.002200566,26.60895263,134,395.39300000000003,361.57568359375,26.60895255,26.608922022,85,0.571,0.571044921875,0.0058244,1.6e-07,2,0.332,0.219970703125,1.28e-07,1.28e-07,4,0.003,0.0029296875,3.2e-08,3.2e-08,1,0.9650000000000001,0.95166015625,25.488881144,25.341899624,54,GPU_SCAN:19761.333;CONCAT:395.393;HASH_JOIN:394.411;PARTITION:337.837;DYNAMIC_FILTER:0.965;HASH_GROUP_BY:0.568;PROJECTION:0.415;SORT_PARTITION:0.140
q8,cold_hot,hot,5,1,15131.83364798897,20230.599000000006,7683.600830078125,408,19048.470000000005,6936.8828125,0.0,25.502214985,58,0.0,0.0,0.0,0.0,0,0.937,0.937255859375,0.01417739,0.012427647,3,371.83999999999986,250.8583984375,34.146513174,1.6545411,73,409.0589999999994,360.2138671875,27.00220063,26.608952694,131,398.32000000000005,376.66357421875,26.608952614,26.608922022,82,0.723,0.720947265625,0.0058244,1.6e-07,2,0.304,0.1669921875,1.28e-07,1.28e-07,4,0.002,0.001953125,3.2e-08,3.2e-08,1,0.9440000000000001,0.935302734375,25.488881144,25.341899624,54,GPU_SCAN:19048.470;PARTITION:409.059;CONCAT:398.320;HASH_JOIN:371.840;DYNAMIC_FILTER:0.944;PROJECTION:0.937;HASH_GROUP_BY:0.721;SORT_PARTITION:0.114
q9,cold_hot,cold,1,1,14759.03986999765,31679.370000000003,6627.562744140625,302,30281.314000000002,6191.220947265625,0.0,33.060436829,66,0.0,0.0,0.0,0.0,0,70.478,16.617919921875,1.535423115,0.883679355,10,737.7829999999999,275.087890625,14.196257858,7.40345804,26,213.37400000000002,83.99658203125,11.302148144,11.230574512,92,174.72899999999998,115.95068359375,11.230512762,11.198236562,37,128.90300000000002,32.233154296875,0.883741105,6.7893e-05,11,17.531,17.531005859375,2.4608e-05,2.4608e-05,4,0.011,0.010986328125,6.143e-06,6.143e-06,1,55.247,46.770751953125,29.25186,1.62547464,55,GPU_SCAN:30281.314;HASH_JOIN:737.783;PARTITION:213.374;CONCAT:174.729;HASH_GROUP_BY:127.387;PROJECTION:70.478;DYNAMIC_FILTER:55.247;MERGE_SORT:7.812
q9,cold_hot,hot,2,1,14782.715023000492,30806.18500000001,6997.508544921875,305,29695.77600000001,6639.672119140625,0.0,33.060436829,66,0.0,0.0,0.0,0.0,0,18.365000000000002,7.224853515625,1.535423051,0.883679291,10,665.1820000000001,248.046630859375,14.196716994,7.403830072,27,186.64499999999992,76.339599609375,11.30252024,11.230574512,93,154.30900000000003,98.89111328125,11.230512762,11.198695698,38,27.363999999999997,10.594970703125,0.883741041,6.7893e-05,11,5.251,4.8310546875,2.4608e-05,2.4608e-05,4,0.002,0.001953125,6.143e-06,6.143e-06,1,53.291000000000004,45.810791015625,29.25186,1.62547464,55,GPU_SCAN:29695.776;HASH_JOIN:665.182;PARTITION:186.645;CONCAT:154.309;DYNAMIC_FILTER:53.291;HASH_GROUP_BY:26.821;PROJECTION:18.365;MERGE_SORT:2.636
q9,cold_hot,hot,3,1,14551.140091993148,30278.397999999994,6562.026611328125,305,29087.862999999994,6204.738037109375,0.0,33.060436829,66,0.0,0.0,0.0,0.0,0,17.881,5.73291015625,1.535423115,0.883679355,10,716.899,278.4169921875,14.197171778,7.404201976,27,185.142,75.478759765625,11.30289208,11.230574512,93,153.29699999999997,98.33447265625,11.230512762,11.199150482,38,32.205,12.23486328125,0.883741105,6.7893e-05,11,3.313,3.163818359375,2.4608e-05,2.4608e-05,4,0.002,0.001953125,6.143e-06,6.143e-06,1,81.79599999999999,53.422607421875,29.25186,1.62547464,55,GPU_SCAN:29087.863;HASH_JOIN:716.899;PARTITION:185.142;CONCAT:153.297;DYNAMIC_FILTER:81.796;HASH_GROUP_BY:31.536;PROJECTION:17.881;MERGE_SORT:1.554
q9,cold_hot,hot,4,1,14577.273392002098,30415.871999999996,6749.539306640625,302,29248.463999999996,6375.1669921875,0.0,33.060436829,66,0.0,0.0,0.0,0.0,0,17.284999999999997,6.69189453125,1.535423115,0.883679355,10,678.691,250.120361328125,14.196257858,7.403457976,26,182.51699999999988,74.9404296875,11.30214808,11.230574512,92,150.641,97.138427734375,11.230512762,11.198236562,37,51.955,25.28125,0.883741105,6.7893e-05,11,2.766,2.214111328125,2.4608e-05,2.4608e-05,4,0.002,0.001953125,6.143e-06,6.143e-06,1,83.55100000000002,63.25732421875,29.25186,1.62547464,55,GPU_SCAN:29248.464;HASH_JOIN:678.691;PARTITION:182.517;CONCAT:150.641;DYNAMIC_FILTER:83.551;HASH_GROUP_BY:51.459;PROJECTION:17.285;MERGE_SORT:1.440
q9,cold_hot,hot,5,1,14698.335588996997,31981.127000000008,6720.419677734375,302,30868.497000000007,6365.6171875,0.0,33.060436829,66,0.0,0.0,0.0,0.0,0,17.184,6.547119140625,1.535423115,0.883679355,10,676.31,247.975830078125,14.196714434,7.403829816,26,181.57000000000002,76.437744140625,11.30251992,11.230574512,92,139.02200000000002,92.365234375,11.230512762,11.198693138,37,40.88700000000001,24.332763671875,0.883741105,6.7893e-05,11,2.835,2.73291015625,2.4608e-05,2.4608e-05,4,0.002,0.001953125,6.143e-06,6.143e-06,1,54.82,47.376220703125,29.25186,1.62547464,55,GPU_SCAN:30868.497;HASH_JOIN:676.310;PARTITION:181.570;CONCAT:139.022;DYNAMIC_FILTER:54.820;HASH_GROUP_BY:40.370;PROJECTION:17.184;MERGE_SORT:1.564
q1,paging,,1,0,10032.978175993776,16634.869,3566.9072265625,241,14922.428,3429.175048828125,0.0,13.496004772,47,0.0,0.0,0.0,0.0,0,144.28400000000002,135.326416015625,29.557039416,32.122069288,94,0.0,0.0,0.0,0.0,0,0.6210000000000002,0.1171875,3.3088e-05,3.3088e-05,47,0.0,0.0,0.0,0.0,0,1548.6750000000002,1099.671630859375,16.061067732,3.352e-05,48,18.85,18.85009765625,1.752e-06,1.752e-06,4,0.011,0.010986328125,4.32e-07,4.32e-07,1,0.0,0.0,0.0,0.0,0,GPU_SCAN:14922.428;HASH_GROUP_BY:1544.170;PROJECTION:144.284;ORDER_BY:7.405;MERGE_SORT:7.333;MERGE_GROUP_BY:4.505;SORT_PARTITION:3.655;PARTITION:0.621
q1,paging,paging,2,1,10533.787947992096,16668.384,3519.3232421875,241,15087.685,3449.6630859375,0.0,13.496004772,47,0.0,0.0,0.0,0.0,0,113.61800000000002,103.549072265625,29.557039416,32.122069288,94,0.0,0.0,0.0,0.0,0,3.3359999999999994,1.608154296875,3.3088e-05,3.3088e-05,47,0.0,0.0,0.0,0.0,0,1461.48,1007.35302734375,16.061067732,3.352e-05,48,2.263,1.98486328125,1.752e-06,1.752e-06,4,0.002,0.001953125,4.32e-07,4.32e-07,1,0.0,0.0,0.0,0.0,0,GPU_SCAN:15087.685;HASH_GROUP_BY:1460.171;PROJECTION:113.618;PARTITION:3.336;MERGE_GROUP_BY:1.309;MERGE_SORT:0.961;SORT_PARTITION:0.583;ORDER_BY:0.441
q1,paging,paging,3,1,10512.87809299538,16493.968,3534.536376953125,241,14926.849,3485.47900390625,0.0,13.496004772,47,0.0,0.0,0.0,0.0,0,149.94900000000004,138.737060546875,29.557039416,32.122069288,94,0.0,0.0,0.0,0.0,0,0.7880000000000003,0.2099609375,3.3088e-05,3.3088e-05,47,0.0,0.0,0.0,0.0,0,1412.0870000000007,1082.333740234375,16.061067732,3.352e-05,48,4.292999999999999,4.293212890625,1.752e-06,1.752e-06,4,0.002,0.001953125,4.32e-07,4.32e-07,1,0.0,0.0,0.0,0.0,0,GPU_SCAN:14926.849;HASH_GROUP_BY:1409.735;PROJECTION:149.949;MERGE_GROUP_BY:2.352;SORT_PARTITION:1.468;MERGE_SORT:1.246;ORDER_BY:1.016;PARTITION:0.788
q1,paging,paging,4,1,10457.95354997972,16869.632,3572.4951171875,241,15129.061000000002,3530.0859375,0.0,13.496004772,47,0.0,0.0,0.0,0.0,0,143.54000000000008,119.123046875,29.557039416,32.122069288,94,0.0,0.0,0.0,0.0,0,0.5080000000000002,0.10205078125,3.3088e-05,3.3088e-05,47,0.0,0.0,0.0,0.0,0,1592.5459999999998,1038.384033203125,16.061067732,3.352e-05,48,3.974,3.7529296875,1.752e-06,1.752e-06,4,0.003,0.0029296875,4.32e-07,4.32e-07,1,0.0,0.0,0.0,0.0,0,GPU_SCAN:15129.061;HASH_GROUP_BY:1591.268;PROJECTION:143.540;MERGE_SORT:1.699;ORDER_BY:1.573;MERGE_GROUP_BY:1.278;PARTITION:0.508;SORT_PARTITION:0.481
q1,paging,paging,5,1,9976.20526299579,15474.942000000001,4105.083251953125,241,13769.127,4022.578857421875,0.0,13.496004772,47,0.0,0.0,0.0,0.0,0,156.81799999999996,142.413330078125,29.557039416,32.122069288,94,0.0,0.0,0.0,0.0,0,0.7760000000000002,0.270263671875,3.3088e-05,3.3088e-05,47,0.0,0.0,0.0,0.0,0,1544.424,1171.41748046875,16.061067732,3.352e-05,48,3.794,3.4150390625,1.752e-06,1.752e-06,4,0.003,0.0029296875,4.32e-07,4.32e-07,1,0.0,0.0,0.0,0.0,0,GPU_SCAN:13769.127;HASH_GROUP_BY:1543.152;PROJECTION:156.818;MERGE_SORT:2.487;MERGE_GROUP_BY:1.272;PARTITION:0.776;SORT_PARTITION:0.479;ORDER_BY:0.449
q10,paging,,1,0,11012.785854982212,14472.45,4893.985107421875,217,13188.724,4523.8505859375,0.0,6.21277012,40,0.0,0.0,0.0,0.0,0,20.575999999999997,3.7900390625,2.912341488,2.820520637,8,480.992,155.666015625,10.136451881,5.067702654,26,316.52599999999995,103.954833984375,10.067959332,9.780803036,66,107.82400000000001,66.244140625,9.044111313,9.034734233,31,340.66300000000007,73.01904296875,2.820520843,1.473383126,8,0.0,0.0,0.0,0.0,0,0.001,0.0009765625,3.713e-06,3.713e-06,1,17.144,9.80224609375,6.856235257,6.119547453,37,GPU_SCAN:13188.724;HASH_JOIN:480.992;PARTITION:316.526;HASH_GROUP_BY:299.768;CONCAT:107.824;MERGE_GROUP_BY:40.895;PROJECTION:20.576;TOP_N:15.160
q10,paging,paging,2,1,10854.084291000618,14053.920999999998,4417.96630859375,227,12909.896999999999,4183.985107421875,0.0,6.21277012,40,0.0,0.0,0.0,0.0,0,3.451,1.44384765625,2.915049368,2.823228507,10,450.371,98.239990234375,10.460711593,5.070410534,28,317.21,135.4453125,10.068960492,9.781721196,68,62.649,62.11083984375,9.044111313,9.038273793,33,302.66499999999996,56.39990234375,2.824146873,1.474300286,10,0.0,0.0,0.0,0.0,0,0.002,0.001953125,3.713e-06,3.713e-06,1,7.676,6.69970703125,6.856235257,6.119547453,37,GPU_SCAN:12909.897;HASH_JOIN:450.371;PARTITION:317.210;HASH_GROUP_BY:260.702;CONCAT:62.649;MERGE_GROUP_BY:41.963;TOP_N:4.516;PROJECTION:3.451
q10,paging,paging,3,1,10744.417312991573,14294.315999999999,4550.25341796875,211,13235.231,4295.530029296875,0.0,6.21277012,40,0.0,0.0,0.0,0.0,0,3.634,1.766845703125,2.912341488,2.820520627,8,376.75399999999996,95.68408203125,10.089982329,5.067702654,24,318.41599999999994,162.041748046875,10.028232172,9.780803036,64,118.541,81.059814453125,9.089440529,9.080063449,29,235.85,55.737060546875,2.820520833,1.473383126,8,0.0,0.0,0.0,0.0,0,0.012,0.011962890625,3.713e-06,3.713e-06,1,5.878,4.5732421875,6.856235257,6.119547453,37,GPU_SCAN:13235.231;HASH_JOIN:376.754;PARTITION:318.416;HASH_GROUP_BY:194.936;CONCAT:118.541;MERGE_GROUP_BY:40.914;TOP_N:3.875;PROJECTION:3.634
q10,paging,paging,4,1,10802.910494996468,14676.932,4618.65283203125,215,13524.309000000001,4367.78564453125,0.0,6.21277012,40,0.0,0.0,0.0,0.0,0,3.8199999999999994,0.698974609375,2.914100888,2.822280027,10,406.09200000000004,97.25,10.275943081,5.069462054,24,363.04200000000003,140.383056640625,10.028828372,9.781399596,64,75.632,73.734375,9.089440529,9.082360449,29,298.21599999999995,56.10595703125,2.822876793,1.473979326,10,0.0,0.0,0.0,0.0,0,0.011,0.010986328125,3.713e-06,3.713e-06,1,5.8100000000000005,3.436767578125,6.856235257,6.119547453,37,GPU_SCAN:13524.309;HASH_JOIN:406.092;PARTITION:363.042;HASH_GROUP_BY:256.731;CONCAT:75.632;MERGE_GROUP_BY:41.485;TOP_N:4.443;PROJECTION:3.820
q10,paging,paging,5,1,10945.147388993064,14015.698999999999,4507.480712890625,221,12805.339999999998,4236.45068359375,0.0,6.21277012,40,0.0,0.0,0.0,0.0,0,4.936999999999999,0.8701171875,2.915049688,2.823228827,10,432.244,99.283935546875,10.323654233,5.070410854,26,403.6979999999999,170.842041015625,10.142432012,9.781720876,66,64.44200000000001,62.8369140625,9.044111313,9.038272833,31,295.53999999999996,53.91015625,2.824146873,1.474300606,10,0.0,0.0,0.0,0.0,0,0.009,0.009033203125,3.713e-06,3.713e-06,1,9.489,6.684326171875,6.856235257,6.119547453,37,GPU_SCAN:12805.340;HASH_JOIN:432.244;PARTITION:403.698;HASH_GROUP_BY:254.617;CONCAT:64.442;MERGE_GROUP_BY:40.923;TOP_N:5.601;PROJECTION:4.937
q11,paging,,1,0,1329.071040992858,3161.6919999999996,1057.082275390625,91,2898.9519999999998,974.522216796875,0.0,4.562251076,11,0.0,0.0,0.0,0.0,0,25.006999999999998,23.109619140625,0.23506596,0.129345888,12,112.62599999999999,71.206787109375,4.62420764,0.235721808,11,38.485,10.744384765625,4.696989088,4.696611872,21,1.773,1.769775390625,4.62420764,4.62420764,15,82.943,70.8447265625,0.201750192,0.145185808,14,0.027000000000000003,0.02099609375,0.0,0.0,4,0.004,0.00390625,0.0,0.0,1,1.875,1.875,0.012906,0.00114654,2,GPU_SCAN:2898.952;HASH_JOIN:104.320;PARTITION:38.485;HASH_GROUP_BY:33.809;MERGE_GROUP_BY:33.570;PROJECTION:25.007;UNGROUPED_AGGREGATE:14.771;NESTED_LOOP_JOIN:8.306
q11,paging,paging,2,1,1976.9360460049938,2292.153,1509.724853515625,91,2167.901,1436.472900390625,0.0,4.562251076,11,0.0,0.0,0.0,0.0,0,3.248,2.56787109375,0.23506596,0.129345888,12,61.867,51.363037109375,4.62420764,0.235721808,11,6.952000000000002,2.7998046875,4.696989088,4.696611872,21,1.778,1.762451171875,4.62420764,4.62420764,15,50.26499999999999,30.349609375,0.201750192,0.145185808,14,0.014,0.006103515625,0.0,0.0,4,0.001,0.0009765625,0.0,0.0,1,0.127,0.127197265625,0.012906,0.00114654,2,GPU_SCAN:2167.901;HASH_JOIN:61.508;UNGROUPED_AGGREGATE:36.846;PARTITION:6.952;HASH_GROUP_BY:6.187;MERGE_GROUP_BY:5.368;PROJECTION:3.248;MERGE_AGGREGATE:1.864
q11,paging,paging,3,1,1184.5200199750252,1787.58,1004.844482421875,91,1712.984,953.24365234375,0.0,4.562251076,11,0.0,0.0,0.0,0.0,0,3.8430000000000004,3.843017578125,0.23506596,0.129345888,12,51.53,51.52978515625,4.62420764,0.235721808,11,5.462999999999999,2.081787109375,4.696989088,4.696611872,21,1.73,1.728515625,4.62420764,4.62420764,15,11.911,11.60400390625,0.201750192,0.145185808,14,0.015000000000000001,0.007080078125,0.0,0.0,4,0.001,0.0009765625,0.0,0.0,1,0.10300000000000001,0.10302734375,0.012906,0.00114654,2,GPU_SCAN:1712.984;HASH_JOIN:50.942;HASH_GROUP_BY:5.587;PARTITION:5.463;MERGE_GROUP_BY:4.681;PROJECTION:3.843;CONCAT:1.730;UNGROUPED_AGGREGATE:1.386
q11,paging,paging,4,1,1357.9995679901913,1847.544,1054.19677734375,91,1709.817,952.078369140625,0.0,4.562251076,11,0.0,0.0,0.0,0.0,0,3.1550000000000007,2.723388671875,0.23506596,0.129345888,12,62.351,50.064453125,4.62420764,0.235721808,11,5.002000000000001,1.644775390625,4.696989088,4.696611872,21,1.72,1.708740234375,4.62420764,4.62420764,15,65.37799999999999,64.470703125,0.201750192,0.145185808,14,0.031,0.01806640625,0.0,0.0,4,0.001,0.0009765625,0.0,0.0,1,0.089,0.0888671875,0.012906,0.00114654,2,GPU_SCAN:1709.817;HASH_JOIN:61.817;UNGROUPED_AGGREGATE:45.731;HASH_GROUP_BY:14.114;PARTITION:5.002;MERGE_GROUP_BY:4.845;PROJECTION:3.155;CONCAT:1.720
q11,paging,paging,5,1,1410.1183180173393,1847.333,1039.64013671875,91,1732.727,945.410888671875,0.0,4.562251076,11,0.0,0.0,0.0,0.0,0,2.995,2.994873046875,0.23506596,0.129345888,12,50.251,50.250732421875,4.62420764,0.235721808,11,4.319000000000001,2.49755859375,4.696989088,4.696611872,21,1.702,1.698486328125,4.62420764,4.62420764,15,55.22099999999999,53.659423828125,0.201750192,0.145185808,14,0.018000000000000002,0.01513671875,0.0,0.0,4,0.001,0.0009765625,0.0,0.0,1,0.099,0.098876953125,0.012906,0.00114654,2,GPU_SCAN:1732.727;HASH_JOIN:49.842;UNGROUPED_AGGREGATE:33.855;HASH_GROUP_BY:15.632;MERGE_GROUP_BY:4.934;PARTITION:4.319;PROJECTION:2.995;CONCAT:1.702
q12,paging,,1,0,7580.9934810095,12007.437000000002,3331.909423828125,147,11253.055000000002,3197.532958984375,0.0,5.659903977,33,40.559999999999995,32.6650390625,2.562378869,0.056875087,29,42.593,6.35791015625,0.070191309,0.060025916,8,247.597,32.31396484375,3.303151248,0.070191309,8,323.164,81.43310546875,3.154400643,3.135261383,41,2.750999999999999,2.5986328125,3.135260935,3.134869095,10,88.82399999999998,12.60498046875,0.060026364,5.04e-07,9,8.884,8.659912109375,2.28e-07,2.28e-07,4,0.002,0.001953125,5.6e-08,5.6e-08,1,0.007,0.0048828125,3.097525108,3.097525108,4,GPU_SCAN:11253.055;PARTITION:323.164;HASH_JOIN:247.597;HASH_GROUP_BY:88.386;PROJECTION:42.593;FILTER:40.560;MERGE_SORT:5.141;CONCAT:2.751
q12,paging,paging,2,1,7131.323440000415,11076.57,3124.9248046875,147,10592.530999999999,3035.022216796875,0.0,5.659903977,33,28.826000000000004,26.803955078125,2.562378869,0.056875087,29,15.993,2.694091796875,0.070191309,0.060025916,8,224.373,28.26904296875,3.303151248,0.070191309,8,197.871,70.18994140625,3.154400643,3.135261383,41,0.937,0.49169921875,3.135260935,3.134869095,10,15.392000000000001,3.056884765625,0.060026364,5.04e-07,9,0.639,0.39404296875,2.28e-07,2.28e-07,4,0.001,0.0009765625,5.6e-08,5.6e-08,1,0.007,0.0068359375,3.097525108,3.097525108,4,GPU_SCAN:10592.531;HASH_JOIN:224.373;PARTITION:197.871;FILTER:28.826;PROJECTION:15.993;HASH_GROUP_BY:14.984;CONCAT:0.937;MERGE_GROUP_BY:0.408
q12,paging,paging,3,1,6986.061638017418,11264.140000000001,3257.940185546875,147,10760.755000000001,3165.61083984375,0.0,5.659903977,33,56.595,46.237548828125,2.562378869,0.056875087,29,18.205000000000002,4.22802734375,0.070191309,0.060025916,8,227.915,29.906982421875,3.303151248,0.070191309,8,184.65100000000004,68.28271484375,3.154400643,3.135261383,41,0.9640000000000001,0.504638671875,3.135260935,3.134869095,10,14.406,3.27001953125,0.060026364,5.04e-07,9,0.633,0.367919921875,2.28e-07,2.28e-07,4,0.001,0.0009765625,5.6e-08,5.6e-08,1,0.015,0.014892578125,3.097525108,3.097525108,4,GPU_SCAN:10760.755;HASH_JOIN:227.915;PARTITION:184.651;FILTER:56.595;PROJECTION:18.205;HASH_GROUP_BY:13.969;CONCAT:0.964;MERGE_GROUP_BY:0.437
q12,paging,paging,4,1,7286.1568669904955,10902.230000000001,3203.12109375,147,10448.035000000002,3117.954833984375,0.0,5.659903977,33,28.166999999999998,28.009033203125,2.562378869,0.056875087,29,18.778000000000002,4.26806640625,0.070191309,0.060025916,8,222.076,29.1650390625,3.303151248,0.070191309,8,166.52199999999993,64.669189453125,3.154400643,3.135261383,41,0.9550000000000001,0.489013671875,3.135260935,3.134869095,10,16.994,3.6669921875,0.060026364,5.04e-07,9,0.6960000000000001,0.4150390625,2.28e-07,2.28e-07,4,0.002,0.001953125,5.6e-08,5.6e-08,1,0.005,0.00390625,3.097525108,3.097525108,4,GPU_SCAN:10448.035;HASH_JOIN:222.076;PARTITION:166.522;FILTER:28.167;PROJECTION:18.778;HASH_GROUP_BY:16.558;CONCAT:0.955;MERGE_GROUP_BY:0.436
q12,paging,paging,5,1,7350.791480974294,11697.021000000006,3329.287841796875,147,11236.794000000005,3232.698974609375,0.0,5.659903977,33,29.012999999999995,24.79638671875,2.562378869,0.056875087,29,17.935,3.52001953125,0.070191309,0.060025916,8,225.264,29.5029296875,3.303151248,0.070191309,8,154.24899999999994,58.54296875,3.154400643,3.135261383,41,19.542999999999996,19.453857421875,3.135260935,3.134869095,10,13.596999999999998,3.932861328125,0.060026364,5.04e-07,9,0.617,0.196044921875,2.28e-07,2.28e-07,4,0.001,0.0009765625,5.6e-08,5.6e-08,1,0.008,0.0078125,3.097525108,3.097525108,4,GPU_SCAN:11236.794;HASH_JOIN:225.264;PARTITION:154.249;FILTER:29.013;CONCAT:19.543;PROJECTION:17.935;HASH_GROUP_BY:13.155;MERGE_GROUP_BY:0.442
q13,paging,,1,0,2846.9589249871206,4543.479,2513.015869140625,38,4090.117,2270.840087890625,0.0,2.533088752,6,0.0,0.0,0.0,0.0,0,0.044,0.029052734375,2.7132936,2.5932936,4,251.08,125.778076171875,2.494117808,2.4732936,2,45.847,26.2099609375,2.773090176,2.734119232,10,8.66,8.659912109375,2.494117808,2.494117808,4,132.755,70.041748046875,2.833295024,0.480002144,7,14.966999999999999,14.927001953125,2.88e-06,2.88e-06,4,0.009,0.009033203125,7.2e-07,7.2e-07,1,0.0,0.0,0.0,0.0,0,GPU_SCAN:4090.117;HASH_JOIN:251.080;HASH_GROUP_BY:110.011;PARTITION:45.847;MERGE_GROUP_BY:22.744;CONCAT:8.660;MERGE_SORT:6.082;ORDER_BY:5.078
q13,paging,paging,2,1,2574.9975630023982,4344.719,2374.718017578125,38,3991.728,2197.32080078125,0.0,2.533088752,6,0.0,0.0,0.0,0.0,0,0.061,0.0458984375,2.7132936,2.5932936,4,246.144,123.964111328125,2.494117808,2.4732936,2,35.813,19.279052734375,2.773090176,2.734119232,10,7.1419999999999995,7.141845703125,2.494117808,2.494117808,4,63.254999999999995,32.133056640625,2.833295024,0.480002144,7,0.5720000000000001,0.401123046875,2.88e-06,2.88e-06,4,0.004,0.00390625,7.2e-07,7.2e-07,1,0.0,0.0,0.0,0.0,0,GPU_SCAN:3991.728;HASH_JOIN:246.144;HASH_GROUP_BY:40.253;PARTITION:35.813;MERGE_GROUP_BY:23.002;CONCAT:7.142;ORDER_BY:0.245;MERGE_SORT:0.156
q13,paging,paging,3,1,2566.0785759973805,4361.985000000001,2376.977294921875,38,4008.581,2201.711181640625,0.0,2.533088752,6,0.0,0.0,0.0,0.0,0,0.069,0.05517578125,2.7132936,2.5932936,4,245.29500000000002,123.25,2.494117808,2.4732936,2,37.13699999999999,19.452880859375,2.773090176,2.734119232,10,7.183,7.182861328125,2.494117808,2.494117808,4,63.09199999999999,32.378173828125,2.833295024,0.480002144,7,0.626,0.258056640625,2.88e-06,2.88e-06,4,0.002,0.001953125,7.2e-07,7.2e-07,1,0.0,0.0,0.0,0.0,0,GPU_SCAN:4008.581;HASH_JOIN:245.295;HASH_GROUP_BY:39.843;PARTITION:37.137;MERGE_GROUP_BY:23.249;CONCAT:7.183;ORDER_BY:0.258;MERGE_SORT:0.193
q13,paging,paging,4,1,2567.2676469839644,4358.776,2376.56494140625,38,4002.7929999999997,2199.357666015625,0.0,2.533088752,6,0.0,0.0,0.0,0.0,0,0.079,0.048095703125,2.7132936,2.5932936,4,245.024,123.06689453125,2.494117808,2.4732936,2,38.605000000000004,19.533935546875,2.773090176,2.734119232,10,7.842,7.84228515625,2.494117808,2.494117808,4,63.605000000000004,33.881103515625,2.833295024,0.480002144,7,0.8240000000000001,0.77001953125,2.88e-06,2.88e-06,4,0.004,0.00390625,7.2e-07,7.2e-07,1,0.0,0.0,0.0,0.0,0,GPU_SCAN:4002.793;HASH_JOIN:245.024;HASH_GROUP_BY:40.593;PARTITION:38.605;MERGE_GROUP_BY:23.012;CONCAT:7.842;ORDER_BY:0.417;MERGE_SORT:0.191
q13,paging,paging,5,1,2556.4858579891734,4339.813000000001,2365.362548828125,38,3983.6080000000006,2193.587646484375,0.0,2.533088752,6,0.0,0.0,0.0,0.0,0,0.057999999999999996,0.031005859375,2.7132936,2.5932936,4,245.914,123.012939453125,2.494117808,2.4732936,2,39.53,24.23779296875,2.773090176,2.734119232,10,7.16,7.159912109375,2.494117808,2.494117808,4,62.908,33.698974609375,2.833295024,0.480002144,7,0.634,0.525146484375,2.88e-06,2.88e-06,4,0.001,0.0009765625,7.2e-07,7.2e-07,1,0.0,0.0,0.0,0.0,0,GPU_SCAN:3983.608;HASH_JOIN:245.914;HASH_GROUP_BY:39.917;PARTITION:39.530;MERGE_GROUP_BY:22.991;CONCAT:7.160;ORDER_BY:0.220;SORT_PARTITION:0.185
q14,paging,,1,0,7176.280595973367,16581.612999999998,3839.661865234375,71,16451.113999999998,3764.225830078125,0.0,0.845551358,29,0.0,0.0,0.0,0.0,0,19.447,11.14501953125,0.31502632,0.123765688,3,30.82,15.966064453125,0.840147778,0.315026288,2,43.215,40.58984375,0.845551358,0.840147778,29,10.360999999999999,10.328125,0.840147778,0.840147778,4,26.654,13.723876953125,0.123765744,9.6e-08,3,0.0,0.0,0.0,0.0,0,0.002,0.001953125,8e-09,8e-09,1,0.0,0.0,0.0,0.0,0,GPU_SCAN:16451.114;PARTITION:43.215;HASH_JOIN:30.820;UNGROUPED_AGGREGATE:25.881;PROJECTION:19.447;CONCAT:10.361;MERGE_AGGREGATE:0.773;RESULT_COLLECTOR:0.002
q14,paging,paging,2,1,7483.136889990419,15662.489,3708.18017578125,71,15603.778,3671.01806640625,0.0,0.845551358,29,0.0,0.0,0.0,0.0,0,2.926,1.80810546875,0.31502632,0.123765688,3,20.132,10.0849609375,0.840147778,0.315026288,2,20.8,17.547119140625,0.845551358,0.840147778,29,12.424999999999999,12.0029296875,0.840147778,0.840147778,4,2.427,2.42724609375,0.123765744,9.6e-08,3,0.0,0.0,0.0,0.0,0,0.001,0.0009765625,8e-09,8e-09,1,0.0,0.0,0.0,0.0,0,GPU_SCAN:15603.778;PARTITION:20.800;HASH_JOIN:20.132;CONCAT:12.425;PROJECTION:2.926;UNGROUPED_AGGREGATE:1.452;MERGE_AGGREGATE:0.975;RESULT_COLLECTOR:0.001
q14,paging,paging,3,1,7424.027526023565,15543.349,3725.35986328125,71,15497.768,3699.7158203125,0.0,0.845551358,29,0.0,0.0,0.0,0.0,0,2.7209999999999996,1.61181640625,0.31502632,0.123765688,3,19.997,10.001953125,0.840147778,0.315026288,2,19.419,16.554931640625,0.845551358,0.840147778,29,0.958,0.9580078125,0.840147778,0.840147778,4,2.48,1.72509765625,0.123765744,9.6e-08,3,0.0,0.0,0.0,0.0,0,0.006,0.006103515625,8e-09,8e-09,1,0.0,0.0,0.0,0.0,0,GPU_SCAN:15497.768;HASH_JOIN:19.997;PARTITION:19.419;PROJECTION:2.721;UNGROUPED_AGGREGATE:1.534;CONCAT:0.958;MERGE_AGGREGATE:0.946;RESULT_COLLECTOR:0.006
q14,paging,paging,4,1,7342.012147011701,14798.836000000001,3860.1162109375,71,14745.802000000001,3833.308837890625,0.0,0.845551358,29,0.0,0.0,0.0,0.0,0,2.702,1.6171875,0.31502632,0.123765688,3,20.43,10.2490234375,0.840147778,0.315026288,2,25.740999999999996,21.84912109375,0.845551358,0.840147778,29,0.9019999999999999,0.47216796875,0.840147778,0.840147778,4,3.252,2.421142578125,0.123765744,9.6e-08,3,0.0,0.0,0.0,0.0,0,0.007,0.007080078125,8e-09,8e-09,1,0.0,0.0,0.0,0.0,0,GPU_SCAN:14745.802;PARTITION:25.741;HASH_JOIN:20.430;PROJECTION:2.702;UNGROUPED_AGGREGATE:2.037;MERGE_AGGREGATE:1.215;CONCAT:0.902;RESULT_COLLECTOR:0.007
q14,paging,paging,5,1,7266.431019001175,14975.098000000002,3788.291015625,71,14917.619000000002,3757.8740234375,0.0,0.845551358,29,0.0,0.0,0.0,0.0,0,2.6530000000000005,2.578857421875,0.31502632,0.123765688,3,20.34,11.028076171875,0.840147778,0.315026288,2,27.075,24.421875,0.845551358,0.840147778,29,4.888000000000001,4.467041015625,0.840147778,0.840147778,4,2.5149999999999997,2.4599609375,0.123765744,9.6e-08,3,0.0,0.0,0.0,0.0,0,0.008,0.008056640625,8e-09,8e-09,1,0.0,0.0,0.0,0.0,0,GPU_SCAN:14917.619;PARTITION:27.075;HASH_JOIN:20.340;CONCAT:4.888;PROJECTION:2.653;UNGROUPED_AGGREGATE:1.460;MERGE_AGGREGATE:1.055;RESULT_COLLECTOR:0.008
q15,paging,,1,0,7387.322354014032,15616.663,3828.721435546875,147,15345.218,3768.032958984375,0.0,0.637806644,29,0.0,0.0,0.0,0.0,0,39.397999999999996,39.387939453125,0.583309449,0.388873065,33,8.126999999999999,8.052978515625,0.102372528,3.37e-07,3,49.676,22.370361328125,0.478603396,0.476528784,33,0.635,0.634033203125,0.102372528,0.102372528,6,168.47499999999997,152.188232421875,0.76302908,0.40010592,35,5.11,5.10498046875,1.188e-06,1.188e-06,5,0.002,0.001953125,2.97e-07,2.97e-07,1,0.022,0.011962890625,0.024,0.024,2,GPU_SCAN:15345.218;HASH_GROUP_BY:132.150;PARTITION:49.676;PROJECTION:39.398;UNGROUPED_AGGREGATE:19.686;MERGE_GROUP_BY:15.983;HASH_JOIN:8.127;ORDER_BY:3.844
q15,paging,paging,2,1,7302.905154007021,15542.167999999998,3838.94287109375,147,15258.066999999997,3787.27197265625,0.0,0.637806644,29,0.0,0.0,0.0,0.0,0,14.049,14.01123046875,0.583309449,0.388873065,33,1.7480000000000002,1.748046875,0.102372528,3.37e-07,3,208.01,36.419677734375,0.478603396,0.476528784,33,0.683,0.68212890625,0.102372528,0.102372528,6,58.558,50.404541015625,0.76302908,0.40010592,35,0.983,0.7138671875,1.188e-06,1.188e-06,5,0.005,0.0048828125,2.97e-07,2.97e-07,1,0.065,0.053955078125,0.024,0.024,2,GPU_SCAN:15258.067;PARTITION:208.010;HASH_GROUP_BY:42.728;PROJECTION:14.049;MERGE_GROUP_BY:13.767;HASH_JOIN:1.748;UNGROUPED_AGGREGATE:1.356;MERGE_AGGREGATE:0.707
q15,paging,paging,3,1,7462.43425301509,15482.568999999998,3704.62890625,147,15214.257999999998,3649.6767578125,0.0,0.637806644,29,0.0,0.0,0.0,0.0,0,11.864000000000003,11.85009765625,0.583309449,0.388873065,33,1.524,1.524169921875,0.102372528,3.37e-07,3,172.54099999999994,42.032958984375,0.478603396,0.476528784,33,0.656,0.65478515625,0.102372528,0.102372528,6,80.93900000000001,73.63916015625,0.76302908,0.40010592,35,0.7749999999999999,0.512939453125,1.188e-06,1.188e-06,5,0.004,0.00390625,2.97e-07,2.97e-07,1,0.008,0.0048828125,0.024,0.024,2,GPU_SCAN:15214.258;PARTITION:172.541;HASH_GROUP_BY:66.311;MERGE_GROUP_BY:13.622;PROJECTION:11.864;HASH_JOIN:1.524;UNGROUPED_AGGREGATE:0.721;CONCAT:0.656
q15,paging,paging,4,1,7083.91690600547,13458.212999999996,3810.347412109375,147,13342.807999999995,3787.47607421875,0.0,0.637806644,29,0.0,0.0,0.0,0.0,0,12.934999999999997,12.90625,0.583309449,0.388873065,33,1.434,1.43408203125,0.102372528,3.37e-07,3,43.48499999999999,9.738037109375,0.478603396,0.476528784,33,0.657,0.655029296875,0.102372528,0.102372528,6,56.174,49.50048828125,0.76302908,0.40010592,35,0.6890000000000001,0.489013671875,1.188e-06,1.188e-06,5,0.009,0.009033203125,2.97e-07,2.97e-07,1,0.022,0.01904296875,0.024,0.024,2,GPU_SCAN:13342.808;PARTITION:43.485;HASH_GROUP_BY:40.580;MERGE_GROUP_BY:14.084;PROJECTION:12.935;HASH_JOIN:1.434;UNGROUPED_AGGREGATE:1.268;CONCAT:0.657
q15,paging,paging,5,1,6641.1957970121875,11505.539000000002,4523.81787109375,147,11261.798000000003,4472.530029296875,0.0,0.637806644,29,0.0,0.0,0.0,0.0,0,16.114,16.10205078125,0.583309449,0.388873065,33,1.842,1.842041015625,0.102372528,3.37e-07,3,171.109,33.154052734375,0.478603396,0.476528784,33,0.669,0.666748046875,0.102372528,0.102372528,6,53.11000000000001,45.93896484375,0.76302908,0.40010592,35,0.882,0.6708984375,1.188e-06,1.188e-06,5,0.002,0.001953125,2.97e-07,2.97e-07,1,0.013,0.012939453125,0.024,0.024,2,GPU_SCAN:11261.798;PARTITION:171.109;HASH_GROUP_BY:36.964;PROJECTION:16.114;MERGE_GROUP_BY:14.205;HASH_JOIN:1.842;UNGROUPED_AGGREGATE:1.415;CONCAT:0.669
q16,paging,,1,0,1103.1787329993676,1114.098,827.7314453125,49,670.807,480.845947265625,0.0,2.212363936,5,24.63,24.630126953125,1.5035954,0.7250956,3,0.016,0.01611328125,0.579077902,0.579077902,2,97.10499999999999,36.171875,2.14990746,1.172335784,6,33.945,29.138916015625,2.124618546,2.10387605,11,32.701,32.699951171875,2.00637937,2.004632282,9,237.53,222.387939453125,0.676574582,0.098851104,4,17.359,15.52880859375,0.00541832,0.005418312,5,0.002,0.001953125,0.001354568,0.001354568,1,0.003,0.0029296875,1.300000128,1.300000128,3,GPU_SCAN:670.807;HASH_GROUP_BY:193.893;HASH_JOIN:97.105;MERGE_GROUP_BY:43.637;PARTITION:33.945;CONCAT:32.701;FILTER:24.630;SORT_SAMPLE:8.217
q16,paging,paging,2,1,902.4802900094073,974.437,716.917724609375,49,645.989,455.199951171875,0.0,2.212363936,5,12.448,12.4482421875,1.502633224,0.724133808,3,0.019,0.01904296875,0.57811611,0.578116108,2,61.852999999999994,20.183837890625,2.148945284,1.171373608,6,20.374000000000002,19.72802734375,2.124611761,2.103869265,11,34.325,34.323974609375,2.00637937,2.003670106,9,192.56300000000002,187.016845703125,0.675606003,0.098844319,4,6.862000000000001,4.949951171875,0.005418336,0.005418328,5,0.001,0.0009765625,0.001354568,0.001354568,1,0.003,0.0029296875,1.300000128,1.300000128,3,GPU_SCAN:645.989;HASH_GROUP_BY:173.075;HASH_JOIN:61.853;CONCAT:34.325;PARTITION:20.374;MERGE_GROUP_BY:19.488;FILTER:12.448;ORDER_BY:4.031
q16,paging,paging,3,1,881.7743399995379,964.0069999999998,711.5810546875,49,631.9039999999999,447.447998046875,0.0,2.212363936,5,12.812999999999999,12.813232421875,1.502633224,0.724133808,3,0.018000000000000002,0.01806640625,0.57811611,0.578116108,2,63.407,20.78515625,2.148945284,1.171373608,6,19.735999999999997,18.48681640625,2.124611761,2.103869265,11,36.419000000000004,36.4189453125,2.00637937,2.003670106,9,191.68499999999997,186.823974609375,0.675606003,0.098844319,4,8.021,5.926025390625,0.005418336,0.005418328,5,0.001,0.0009765625,0.001354568,0.001354568,1,0.003,0.0029296875,1.300000128,1.300000128,3,GPU_SCAN:631.904;HASH_GROUP_BY:171.975;HASH_JOIN:63.407;CONCAT:36.419;PARTITION:19.736;MERGE_GROUP_BY:19.710;FILTER:12.813;ORDER_BY:4.369
q16,paging,paging,4,1,861.9401180185378,973.8159999999999,695.7216796875,49,628.1489999999999,444.635986328125,0.0,2.212363936,5,12.81,12.81005859375,1.503246088,0.724746288,3,0.025,0.025146484375,0.57872859,0.57872859,2,72.09400000000001,28.228759765625,2.1970873,1.171986728,6,28.013,19.393798828125,2.124617346,2.10387485,11,26.693,22.23193359375,2.006379626,2.00428297,9,195.97899999999998,187.549072265625,0.676223814,0.098849648,4,10.039,7.804931640625,0.005418336,0.005418328,5,0.01,0.010009765625,0.001354568,0.001354568,1,0.004,0.00390625,1.300000128,1.300000128,3,GPU_SCAN:628.149;HASH_GROUP_BY:175.104;HASH_JOIN:72.094;PARTITION:28.013;CONCAT:26.693;MERGE_GROUP_BY:20.875;FILTER:12.810;ORDER_BY:4.588
q16,paging,paging,5,1,893.1850410008337,953.9159999999999,705.664794921875,49,632.559,445.942138671875,0.0,2.212363936,5,12.620999999999999,12.62109375,1.502633224,0.724133808,3,0.019,0.01904296875,0.57811611,0.578116108,2,49.158,21.4189453125,2.196474436,1.171373608,6,20.688000000000002,19.050048828125,2.124611761,2.103869265,11,35.339999999999996,35.337646484375,2.00637937,2.003670106,9,192.77700000000002,186.26416015625,0.675606003,0.098844319,4,10.74,9.353759765625,0.005418352,0.005418344,5,0.009,0.009033203125,0.001354568,0.001354568,1,0.005,0.0048828125,1.300000128,1.300000128,3,GPU_SCAN:632.559;HASH_GROUP_BY:172.414;HASH_JOIN:49.158;CONCAT:35.340;PARTITION:20.688;MERGE_GROUP_BY:20.363;FILTER:12.621;ORDER_BY:4.390
q17,paging,,1,0,13742.176204017596,18735.939000000002,7371.1826171875,239,17973.968,6819.27294921875,0.0,24.376706952,48,0.585,0.5849609375,0.014555352,0.000433832,1,2.093,2.091796875,0.01495292,0.01012628,21,167.185,167.18408203125,9.80450588,0.067951152,22,0.3860000000000002,0.229248046875,9.793888756,9.793888756,71,1.0949999999999995,1.093994140625,9.785352952,9.785123896,24,552.3939999999999,445.5380859375,0.018774852,0.008856908,23,0.0,0.0,0.0,0.0,0,0.006,0.006103515625,8e-09,8e-09,1,38.22700000000001,38.227294921875,14.625926544,0.014708952,28,GPU_SCAN:17973.968;HASH_GROUP_BY:536.557;HASH_JOIN:167.184;DYNAMIC_FILTER:38.227;MERGE_GROUP_BY:9.966;UNGROUPED_AGGREGATE:5.850;PROJECTION:2.093;CONCAT:1.095
q17,paging,paging,2,1,12183.120857022004,17125.584000000003,7314.368896484375,239,16331.929000000004,6827.572265625,0.0,24.376706952,48,0.194,0.194091796875,0.014555352,0.000433832,1,0.45500000000000007,0.454345703125,0.01495292,0.01012628,21,158.84200000000004,158.83544921875,9.80450588,0.067951152,22,0.3120000000000001,0.15966796875,9.793888756,9.793888756,71,0.266,0.264892578125,9.785352952,9.785123896,24,585.1320000000001,388.424560546875,0.018774852,0.008856908,23,0.0,0.0,0.0,0.0,0,0.001,0.0009765625,8e-09,8e-09,1,48.453,48.45361328125,14.625926544,0.014708952,28,GPU_SCAN:16331.929;HASH_GROUP_BY:584.222;HASH_JOIN:158.835;DYNAMIC_FILTER:48.453;MERGE_GROUP_BY:0.629;PROJECTION:0.455;PARTITION:0.312;CONCAT:0.266
q17,paging,paging,3,1,12227.157447981881,17200.399,7319.901123046875,239,16625.779000000002,6898.423828125,0.0,24.376706952,48,0.134,0.134033203125,0.014555352,0.000433832,1,0.375,0.37451171875,0.01495292,0.01012628,21,159.15099999999998,159.14794921875,9.80450588,0.067951152,22,0.27700000000000014,0.143798828125,9.793888756,9.793888756,71,0.26,0.2587890625,9.785352952,9.785123896,24,382.284,320.45458984375,0.018774852,0.008856908,23,0.0,0.0,0.0,0.0,0,0.002,0.001953125,8e-09,8e-09,1,32.137,32.13671875,14.625926544,0.014708952,28,GPU_SCAN:16625.779;HASH_GROUP_BY:381.460;HASH_JOIN:159.148;DYNAMIC_FILTER:32.137;MERGE_GROUP_BY:0.672;PROJECTION:0.375;PARTITION:0.277;CONCAT:0.260
q17,paging,paging,4,1,12245.136126992293,16657.74,7754.206298828125,239,16050.974,7390.820068359375,0.0,24.376706952,48,0.124,0.1240234375,0.014555352,0.000433832,1,1.5069999999999997,1.505615234375,0.01495292,0.01012628,21,164.084,157.629150390625,9.80450588,0.067951152,22,0.30300000000000016,0.180908203125,9.793888756,9.793888756,71,0.26500000000000007,0.243896484375,9.785352952,9.785123896,24,408.39699999999993,270.099365234375,0.018774852,0.008856908,23,0.0,0.0,0.0,0.0,0,0.002,0.001953125,8e-09,8e-09,1,32.083999999999996,32.083984375,14.625926544,0.014708952,28,GPU_SCAN:16050.974;HASH_GROUP_BY:407.615;HASH_JOIN:164.082;DYNAMIC_FILTER:32.084;PROJECTION:1.507;MERGE_GROUP_BY:0.630;PARTITION:0.303;CONCAT:0.265
q17,paging,paging,5,1,12739.846322016092,17424.461000000007,7800.150146484375,239,16928.279000000006,7511.64697265625,0.0,24.376706952,48,0.126,0.1259765625,0.014555352,0.000433832,1,0.5210000000000001,0.520751953125,0.01495292,0.01012628,21,159.76399999999998,159.755126953125,9.80450588,0.067951152,22,0.39900000000000024,0.185791015625,9.793888756,9.793888756,71,0.2760000000000001,0.272705078125,9.785352952,9.785123896,24,289.775,240.72998046875,0.018774852,0.008856908,23,0.0,0.0,0.0,0.0,0,0.003,0.0029296875,8e-09,8e-09,1,45.318,45.318115234375,14.625926544,0.014708952,28,GPU_SCAN:16928.279;HASH_GROUP_BY:288.875;HASH_JOIN:159.755;DYNAMIC_FILTER:45.318;MERGE_GROUP_BY:0.700;PROJECTION:0.521;PARTITION:0.399;CONCAT:0.276
q19,paging,,1,0,10491.570778016467,16465.516,4332.02001953125,143,16196.464999999998,4234.0869140625,0.0,6.85815243,43,61.527,47.240234375,7.247373105,0.696729632,44,5.492,3.04296875,0.00018096,9.048e-05,2,72.452,36.4150390625,1.402320073,1.110713796,2,108.73,37.465087890625,1.418041793,1.402320073,43,3.3819999999999997,1.847900390625,1.402320073,1.402320073,4,17.457,9.1669921875,9.0512e-05,4.8e-08,3,0.0,0.0,0.0,0.0,0,0.01,0.010009765625,1.6e-08,1.6e-08,1,0.001,0.0009765625,0.721493121,0.721493121,1,GPU_SCAN:16196.465;PARTITION:108.730;HASH_JOIN:72.452;FILTER:61.527;UNGROUPED_AGGREGATE:16.820;PROJECTION:5.492;CONCAT:3.382;MERGE_AGGREGATE:0.637
q19,paging,paging,2,1,10447.247353993589,16729.745,4407.48193359375,143,16481.462,4327.927978515625,0.0,6.85815243,43,66.303,53.13671875,7.247373105,0.696729632,44,0.155,0.155029296875,0.00018096,9.048e-05,2,62.254999999999995,31.22607421875,1.402320073,1.110713796,2,115.22400000000002,33.580078125,1.418041793,1.402320073,43,3.556,3.555908203125,1.402320073,1.402320073,4,0.786,0.651123046875,9.0512e-05,4.8e-08,3,0.0,0.0,0.0,0.0,0,0.003,0.0029296875,1.6e-08,1.6e-08,1,0.001,0.0009765625,0.721493121,0.721493121,1,GPU_SCAN:16481.462;PARTITION:115.224;FILTER:66.303;HASH_JOIN:62.255;CONCAT:3.556;MERGE_AGGREGATE:0.510;UNGROUPED_AGGREGATE:0.276;PROJECTION:0.155
q19,paging,paging,3,1,9941.712175001157,16096.609999999997,4265.5947265625,143,15838.084999999997,4183.98388671875,0.0,6.85815243,43,99.49699999999999,89.45458984375,7.247373105,0.696729632,44,0.423,0.2890625,0.00018096,9.048e-05,2,62.189,31.095947265625,1.402320073,1.110713796,2,92.84700000000004,37.72412109375,1.418041793,1.402320073,43,2.4229999999999996,1.23876953125,1.402320073,1.402320073,4,1.134,0.905029296875,9.0512e-05,4.8e-08,3,0.0,0.0,0.0,0.0,0,0.011,0.010986328125,1.6e-08,1.6e-08,1,0.001,0.0009765625,0.721493121,0.721493121,1,GPU_SCAN:15838.085;FILTER:99.497;PARTITION:92.847;HASH_JOIN:62.189;CONCAT:2.423;UNGROUPED_AGGREGATE:0.631;MERGE_AGGREGATE:0.503;PROJECTION:0.423
q19,paging,paging,4,1,10393.379296001513,16687.317,4633.18212890625,143,16481.482,4565.490966796875,0.0,6.85815243,43,62.638999999999996,46.0703125,7.247373105,0.696729632,44,0.238,0.118896484375,0.00018096,9.048e-05,2,62.266999999999996,31.26611328125,1.402320073,1.110713796,2,77.51,24.056884765625,1.418041793,1.402320073,43,2.67,2.369140625,1.402320073,1.402320073,4,0.498,0.3330078125,9.0512e-05,4.8e-08,3,0.0,0.0,0.0,0.0,0,0.012,0.011962890625,1.6e-08,1.6e-08,1,0.001,0.0009765625,0.721493121,0.721493121,1,GPU_SCAN:16481.482;PARTITION:77.510;FILTER:62.639;HASH_JOIN:62.267;CONCAT:2.670;UNGROUPED_AGGREGATE:0.335;PROJECTION:0.238;MERGE_AGGREGATE:0.163
q19,paging,paging,5,1,10272.573778987862,16790.14500000001,4451.90283203125,143,16510.67700000001,4373.370849609375,0.0,6.85815243,43,63.91799999999999,47.962646484375,7.247373105,0.696729632,44,0.14800000000000002,0.14794921875,0.00018096,9.048e-05,2,62.068,31.260986328125,1.402320073,1.110713796,2,150.15200000000002,33.677001953125,1.418041793,1.402320073,43,2.4050000000000002,2.197998046875,1.402320073,1.402320073,4,0.767,0.76708984375,9.0512e-05,4.8e-08,3,0.0,0.0,0.0,0.0,0,0.009,0.009033203125,1.6e-08,1.6e-08,1,0.001,0.0009765625,0.721493121,0.721493121,1,GPU_SCAN:16510.677;PARTITION:150.152;FILTER:63.918;HASH_JOIN:62.068;CONCAT:2.405;MERGE_AGGREGATE:0.500;UNGROUPED_AGGREGATE:0.267;PROJECTION:0.148
q2,paging,,1,0,1303.2440539973322,1846.1389999999997,1108.1591796875,91,1767.5589999999997,1036.975341796875,0.0,4.071724511,15,3.708,3.7080078125,0.012853599,0.008715824,1,0.03,0.030029296875,0.011559776,0.01050555,3,23.868000000000002,23.71826171875,0.498147054,0.089259145,10,0.17700000000000005,0.17626953125,0.493003119,0.493003119,26,9.741999999999999,9.74072265625,0.491857623,0.485816535,18,20.781,20.781005859375,0.002175528,0.001905192,3,0.0,0.0,0.0,0.0,0,0.002,0.001953125,1.831e-05,1.831e-05,1,20.272,20.272216796875,4.078354325,0.426653658,14,GPU_SCAN:1767.559;HASH_JOIN:23.862;HASH_GROUP_BY:20.769;DYNAMIC_FILTER:12.408;CONCAT:9.742;TOP_N:5.652;FILTER:3.708;MERGE_TOP_N:2.212
q2,paging,paging,2,1,1224.7515480266884,1784.37,1039.7294921875,91,1746.04,1009.30908203125,0.0,4.071724511,15,0.62,0.6201171875,0.012853599,0.008715824,1,0.06699999999999999,0.06689453125,0.011559776,0.01050555,3,12.392999999999999,12.39306640625,0.504023478,0.089259145,10,0.18500000000000003,0.17236328125,0.494548191,0.494548191,26,9.847,9.846923828125,0.493402695,0.487361607,18,0.791,0.791015625,0.002175528,0.001905192,3,0.0,0.0,0.0,0.0,0,0.001,0.0009765625,1.831e-05,1.831e-05,1,14.425999999999998,14.142578125,4.078354325,0.426653658,14,GPU_SCAN:1746.040;HASH_JOIN:12.387;DYNAMIC_FILTER:10.915;CONCAT:9.847;TOP_N:2.228;MERGE_TOP_N:1.283;HASH_GROUP_BY:0.769;FILTER:0.620
q2,paging,paging,3,1,1204.0578709857073,1777.7469999999998,1028.80126953125,91,1740.6209999999999,999.1318359375,0.0,4.071724511,15,0.606,0.60595703125,0.012853599,0.008715824,1,0.051000000000000004,0.051025390625,0.011559776,0.01050555,3,9.733,9.73193359375,0.504023478,0.089259145,10,0.17300000000000004,0.15625,0.494548191,0.494548191,26,9.733,9.732421875,0.493402695,0.487361607,18,0.842,0.842041015625,0.002175528,0.001905192,3,0.0,0.0,0.0,0.0,0,0.003,0.0029296875,1.831e-05,1.831e-05,1,15.985,15.985107421875,4.078354325,0.426653658,14,GPU_SCAN:1740.621;DYNAMIC_FILTER:11.026;CONCAT:9.733;HASH_JOIN:9.732;MERGE_TOP_N:2.941;TOP_N:2.018;HASH_GROUP_BY:0.826;FILTER:0.606
q2,paging,paging,4,1,1182.7889909909572,1766.347,1024.224853515625,91,1730.614,997.2001953125,0.0,4.071724511,15,0.663,0.6630859375,0.012853599,0.008715824,1,0.069,0.06884765625,0.011559776,0.01050555,3,10.492,10.489990234375,0.504023478,0.089259145,10,0.14,0.135498046875,0.494548191,0.494548191,26,9.828000000000001,9.827392578125,0.493402695,0.487361607,18,0.334,0.334228515625,0.002175528,0.001905192,3,0.0,0.0,0.0,0.0,0,0.002,0.001953125,1.831e-05,1.831e-05,1,14.205000000000002,14.205322265625,4.078354325,0.426653658,14,GPU_SCAN:1730.614;DYNAMIC_FILTER:10.867;HASH_JOIN:10.490;CONCAT:9.828;TOP_N:2.064;MERGE_TOP_N:1.274;FILTER:0.663;HASH_GROUP_BY:0.319
q2,paging,paging,5,1,1192.598193010781,1764.211,1024.22119140625,91,1727.86,996.496826171875,0.0,4.071724511,15,0.652,0.652099609375,0.012853599,0.008715824,1,0.048999999999999995,0.049072265625,0.011559776,0.01050555,3,9.958,9.956298828125,0.504023478,0.089259145,10,0.14900000000000002,0.13134765625,0.494548191,0.494548191,26,9.819999999999999,9.81982421875,0.493402695,0.487361607,18,0.34400000000000003,0.3330078125,0.002175528,0.001905192,3,0.0,0.0,0.0,0.0,0,0.002,0.001953125,1.831e-05,1.831e-05,1,15.377,15.047119140625,4.078354325,0.426653658,14,GPU_SCAN:1727.860;DYNAMIC_FILTER:10.967;HASH_JOIN:9.956;CONCAT:9.820;MERGE_TOP_N:2.330;TOP_N:2.080;FILTER:0.652;HASH_GROUP_BY:0.331
q20,paging,,1,0,7571.577996015549,14826.176,4914.20751953125,137,14746.15,4848.22412109375,0.0,4.233933196,35,1.524,1.52392578125,0.027977152,0.004746304,1,1.813,1.81298828125,0.05872528,0.04284464,2,24.098000000000003,24.096923828125,0.131048738,0.112912926,6,0.22600000000000012,0.1845703125,0.143807106,0.143807106,42,1.723,1.720947265625,0.110849282,0.110147522,10,15.148,15.14794921875,0.056778784,0.051981504,3,21.666,21.579833984375,0.003629796,0.003625316,4,0.01,0.010009765625,0.000902771,0.000902771,1,13.818,13.818115234375,4.232164096,0.047950347,33,GPU_SCAN:14746.150;HASH_JOIN:24.097;HASH_GROUP_BY:15.134;DYNAMIC_FILTER:13.818;MERGE_SORT:11.722;ORDER_BY:5.378;SORT_PARTITION:4.480;PROJECTION:1.813
q20,paging,paging,2,1,8798.45922999084,11001.288,5769.928955078125,137,10960.414,5739.947509765625,0.0,4.233933196,35,0.264,0.263916015625,0.027977152,0.004746304,1,0.388,0.387939453125,0.05872528,0.04284464,2,5.315,5.31396484375,0.131048738,0.112912926,6,0.34900000000000014,0.218017578125,0.143807106,0.143807106,42,1.0749999999999997,1.06884765625,0.110849282,0.110147522,10,1.716,1.712890625,0.056778784,0.051981504,3,19.1,18.881103515625,0.003629276,0.003624796,4,0.01,0.010009765625,0.000902771,0.000902771,1,12.657,12.656982421875,4.232164096,0.047950347,33,GPU_SCAN:10960.414;DYNAMIC_FILTER:12.657;MERGE_SORT:9.777;SORT_PARTITION:5.402;HASH_JOIN:5.314;ORDER_BY:3.702;HASH_GROUP_BY:1.709;CONCAT:1.075
q20,paging,paging,3,1,9072.62763401377,10915.067000000001,5744.764404296875,137,10875.995,5715.05810546875,0.0,4.233933196,35,0.312,0.31201171875,0.027977152,0.004746304,1,0.303,0.302978515625,0.05872528,0.04284464,2,5.421,5.418701171875,0.13104869,0.112912926,6,0.43500000000000016,0.271728515625,0.143807058,0.143807058,42,0.877,0.870849609375,0.110849234,0.110147474,10,1.4539999999999997,1.453857421875,0.056778784,0.051981504,3,20.442999999999998,20.048095703125,0.003629412,0.003624932,4,0.011,0.010986328125,0.000902771,0.000902771,1,9.816000000000004,9.8154296875,4.232164096,0.047950299,33,GPU_SCAN:10875.995;MERGE_SORT:10.225;DYNAMIC_FILTER:9.816;SORT_PARTITION:6.371;HASH_JOIN:5.419;ORDER_BY:3.677;HASH_GROUP_BY:1.440;CONCAT:0.877
q20,paging,paging,4,1,9221.113605017308,11046.067,5801.05078125,137,11007.824999999999,5773.505126953125,0.0,4.233933196,35,0.321,0.321044921875,0.027977152,0.004746304,1,0.373,0.373046875,0.05872528,0.04284464,2,5.161,5.156005859375,0.13104869,0.112912926,6,0.6400000000000001,0.354736328125,0.143807058,0.143807058,42,0.888,0.8857421875,0.110849234,0.110147474,10,1.456,1.4560546875,0.056778784,0.051981504,3,19.226,19.06201171875,0.003629412,0.003624932,4,0.004,0.00390625,0.000902771,0.000902771,1,10.173,10.17333984375,4.232164096,0.047950299,33,GPU_SCAN:11007.825;MERGE_SORT:10.569;DYNAMIC_FILTER:10.173;HASH_JOIN:5.156;SORT_PARTITION:4.796;ORDER_BY:3.697;HASH_GROUP_BY:1.440;CONCAT:0.888
q20,paging,paging,5,1,8796.465541992802,10914.314,5727.82177734375,137,10874.659,5696.85693359375,0.0,4.233933196,35,0.287,0.287109375,0.027977152,0.004746304,1,0.424,0.424072265625,0.05872528,0.04284464,2,4.988,4.98388671875,0.131048738,0.112912926,6,0.4030000000000001,0.244384765625,0.143807106,0.143807106,42,0.8380000000000001,0.837890625,0.110849282,0.110147522,10,1.24,1.239990234375,0.056778784,0.051981504,3,21.661,21.43115234375,0.003629412,0.003624932,4,0.011,0.010986328125,0.000902771,0.000902771,1,9.803,9.802978515625,4.232164096,0.047950347,33,GPU_SCAN:10874.659;MERGE_SORT:11.924;DYNAMIC_FILTER:9.803;SORT_PARTITION:5.768;HASH_JOIN:4.984;ORDER_BY:3.739;HASH_GROUP_BY:1.224;CONCAT:0.838
q3,paging,,1,0,9259.938415983925,11001.224999999997,5604.20947265625,251,10397.535999999996,5183.88818359375,0.0,9.649443544,36,0.0,0.0,0.0,0.0,0,22.275,22.0107421875,0.132013472,0.10806872,28,214.564,165.5859375,12.667871064,0.450307352,27,129.837,94.583984375,8.60141084,8.479196184,63,139.766,130.48291015625,8.44296172,8.43557484,30,80.77900000000001,68.495849609375,0.10806872,0.072468928,28,0.0,0.0,0.0,0.0,0,0.001,0.0009765625,3.2e-07,3.2e-07,1,16.466999999999995,12.02685546875,9.661303456,8.1862738,38,GPU_SCAN:10397.536;HASH_JOIN:214.564;CONCAT:139.766;PARTITION:129.837;HASH_GROUP_BY:77.476;PROJECTION:22.275;TOP_N:10.136;DYNAMIC_FILTER:6.047
q3,paging,paging,2,1,8329.477716004476,10048.564,5696.583251953125,251,9512.02,5335.88671875,0.0,9.649443544,36,0.0,0.0,0.0,0.0,0,10.843000000000002,8.9345703125,0.132013472,0.10806872,28,212.91299999999995,156.71630859375,12.667871064,0.450307352,27,128.39099999999996,92.058837890625,8.60141084,8.479196184,63,143.108,129.098388671875,8.44296172,8.43557484,30,30.308,22.42822265625,0.10806872,0.072468928,28,0.0,0.0,0.0,0.0,0,0.004,0.00390625,3.2e-07,3.2e-07,1,10.976999999999995,8.5693359375,9.661303456,8.1862738,38,GPU_SCAN:9512.020;HASH_JOIN:212.913;CONCAT:143.108;PARTITION:128.391;HASH_GROUP_BY:27.804;PROJECTION:10.843;DYNAMIC_FILTER:5.805;TOP_N:4.888
q3,paging,paging,3,1,9380.893997993553,10416.787000000004,5740.340576171875,251,9876.918000000003,5371.43505859375,0.0,9.649443544,36,0.0,0.0,0.0,0.0,0,13.608000000000002,13.6005859375,0.132013472,0.10806872,28,197.72000000000003,142.830322265625,12.667871064,0.450307352,27,130.76300000000003,95.878662109375,8.60141084,8.479196184,63,141.292,134.9833984375,8.44296172,8.43557484,30,45.520999999999994,35.856689453125,0.10806872,0.072468928,28,0.0,0.0,0.0,0.0,0,0.007,0.007080078125,3.2e-07,3.2e-07,1,10.957999999999997,9.232666015625,9.661303456,8.1862738,38,GPU_SCAN:9876.918;HASH_JOIN:197.720;CONCAT:141.292;PARTITION:130.763;HASH_GROUP_BY:42.827;PROJECTION:13.608;DYNAMIC_FILTER:5.836;TOP_N:4.843
q3,paging,paging,4,1,9195.206362986937,9856.143,5521.76123046875,251,9310.67,5160.382568359375,0.0,9.649443544,36,0.0,0.0,0.0,0.0,0,15.218999999999998,14.7294921875,0.132013472,0.10806872,28,216.881,150.81982421875,12.667871064,0.450307352,27,127.49,79.180419921875,8.60141084,8.479196184,63,144.25199999999998,123.67041015625,8.44296172,8.43557484,30,30.602999999999998,26.98486328125,0.10806872,0.072468928,28,0.0,0.0,0.0,0.0,0,0.002,0.001953125,3.2e-07,3.2e-07,1,11.025999999999998,8.59521484375,9.661303456,8.1862738,38,GPU_SCAN:9310.670;HASH_JOIN:216.881;CONCAT:144.252;PARTITION:127.490;HASH_GROUP_BY:28.063;PROJECTION:15.219;DYNAMIC_FILTER:5.833;TOP_N:4.892
q3,paging,paging,5,1,9428.748309001094,10239.328999999998,5715.92041015625,251,9692.833999999997,5317.533935546875,0.0,9.649443544,36,0.0,0.0,0.0,0.0,0,15.05,14.684814453125,0.132013472,0.10806872,28,189.05799999999996,154.307373046875,12.667871064,0.450307352,27,127.207,87.14794921875,8.60141084,8.479196184,63,160.659,145.603271484375,8.44296172,8.43557484,30,43.06099999999998,35.330322265625,0.10806872,0.072468928,28,0.0,0.0,0.0,0.0,0,0.001,0.0009765625,3.2e-07,3.2e-07,1,11.458999999999994,9.61279296875,9.661303456,8.1862738,38,GPU_SCAN:9692.834;HASH_JOIN:189.058;CONCAT:160.659;PARTITION:127.207;HASH_GROUP_BY:40.386;PROJECTION:15.050;DYNAMIC_FILTER:6.208;TOP_N:4.958
q4,paging,,1,0,6057.894696015865,7387.185999999999,3479.308837890625,154,6929.602999999999,3268.281982421875,0.0,9.944133518,23,46.909,46.90869140625,9.82562256,3.082271952,19,1.1529999999999996,0.58544921875,0.23233184,0.11616592,10,231.075,125.853271484375,3.616152524,0.41610123,16,95.877,54.99853515625,3.432440646,3.360630546,41,15.758000000000001,13.863037109375,3.314720726,3.314003134,16,38.593,19.60693359375,0.111168252,0.045909926,5,11.776,11.68798828125,4.4e-07,4.4e-07,4,0.001,0.0009765625,1.06e-07,1.06e-07,1,16.441,16.440673828125,9.82562256,9.82562256,19,GPU_SCAN:6929.603;HASH_JOIN:231.066;PARTITION:95.877;FILTER:46.909;HASH_GROUP_BY:31.427;DYNAMIC_FILTER:16.441;CONCAT:15.758;MERGE_GROUP_BY:7.166
q4,paging,paging,2,1,5097.443117003422,5950.458,3418.744384765625,154,5665.538,3265.92626953125,0.0,9.944133518,23,47.441,47.441162109375,9.82562256,3.082271952,19,0.04200000000000001,0.036376953125,0.23233184,0.11616592,10,119.88399999999999,90.51513671875,3.616152524,0.41610123,16,85.678,64.55712890625,3.432440646,3.360630546,41,14.708,13.562744140625,3.314720726,3.314003134,16,11.115,6.883056640625,0.111168252,0.045909926,5,1.458,1.22900390625,4.4e-07,4.4e-07,4,0.002,0.001953125,1.06e-07,1.06e-07,1,4.591999999999999,4.59130859375,9.82562256,9.82562256,19,GPU_SCAN:5665.538;HASH_JOIN:119.877;PARTITION:85.678;FILTER:47.441;CONCAT:14.708;MERGE_GROUP_BY:6.724;DYNAMIC_FILTER:4.592;HASH_GROUP_BY:4.391
q4,paging,paging,3,1,5668.539378006244,6013.26,3359.235595703125,154,5684.233,3223.07080078125,0.0,9.944133518,23,45.541,45.540771484375,9.82562256,3.082271952,19,7.870999999999999,3.944580078125,0.23233184,0.11616592,10,180.50499999999997,73.98583984375,3.616152524,0.41610123,16,67.51900000000002,49.985107421875,3.432440646,3.360630546,41,14.605999999999998,13.43359375,3.314720726,3.314003134,16,11.520999999999999,7.887939453125,0.111168252,0.045909926,5,1.404,1.31982421875,4.4e-07,4.4e-07,4,0.002,0.001953125,1.06e-07,1.06e-07,1,0.058000000000000024,0.057373046875,9.82562256,9.82562256,19,GPU_SCAN:5684.233;HASH_JOIN:180.496;PARTITION:67.519;FILTER:45.541;CONCAT:14.606;PROJECTION:7.871;MERGE_GROUP_BY:6.712;HASH_GROUP_BY:4.809
q4,paging,paging,4,1,5629.082869010745,6424.776000000001,3396.83203125,154,6046.14,3262.099853515625,0.0,9.944133518,23,69.68099999999998,69.681396484375,9.82562256,3.082271952,19,0.105,0.079345703125,0.23233184,0.11616592,10,190.90600000000003,73.471923828125,3.616152524,0.41610123,16,68.12399999999998,48.113037109375,3.432440646,3.360630546,41,14.17,12.36865234375,3.314720726,3.314003134,16,11.132000000000001,6.861083984375,0.111168252,0.045909926,5,1.295,1.050048828125,4.4e-07,4.4e-07,4,0.002,0.001953125,1.06e-07,1.06e-07,1,23.22099999999999,23.219970703125,9.82562256,9.82562256,19,GPU_SCAN:6046.140;HASH_JOIN:190.899;FILTER:69.681;PARTITION:68.124;DYNAMIC_FILTER:23.221;CONCAT:14.170;MERGE_GROUP_BY:6.624;HASH_GROUP_BY:4.508
q4,paging,paging,5,1,5703.831593011273,6501.643000000001,3469.07080078125,154,6105.676000000001,3338.30712890625,0.0,9.944133518,23,48.808,48.807861328125,9.82562256,3.082271952,19,0.155,0.1259765625,0.23233184,0.11616592,10,224.97799999999998,68.5537109375,3.616152524,0.41610123,16,63.684000000000005,48.31787109375,3.432440646,3.360630546,41,16.784,15.65185546875,3.314720726,3.314003134,16,11.102,5.85791015625,0.111168252,0.045909926,5,1.29,1.195068359375,4.4e-07,4.4e-07,4,0.002,0.001953125,1.06e-07,1.06e-07,1,29.16399999999999,29.163330078125,9.82562256,9.82562256,19,GPU_SCAN:6105.676;HASH_JOIN:224.969;PARTITION:63.684;FILTER:48.808;DYNAMIC_FILTER:29.164;CONCAT:16.784;MERGE_GROUP_BY:6.584;HASH_GROUP_BY:4.518
q5,paging,,1,0,16158.471328002634,14508.731,8423.507568359375,336,13688.863,7754.423828125,0.0,20.067101205,46,0.0,0.0,0.0,0.0,0,4.423,4.423095703125,0.029407801,0.014611801,5,241.393,231.299072265625,23.59879574,0.940063853,59,190.05500000000015,160.731201171875,20.830740468,20.52427648,105,294.50100000000015,289.94775390625,20.52427576,20.523706804,66,45.160000000000004,22.77294921875,0.014612521,8.64e-07,6,16.165,15.886962890625,5.92e-07,5.92e-07,4,0.004,0.00390625,1.44e-07,1.44e-07,1,28.166999999999984,28.1650390625,20.054851025,19.907833516,44,GPU_SCAN:13688.863;CONCAT:294.501;HASH_JOIN:241.393;PARTITION:190.055;HASH_GROUP_BY:44.305;DYNAMIC_FILTER:28.167;MERGE_SORT:6.295;ORDER_BY:5.592
q5,paging,paging,2,1,13355.711662006797,13190.442999999996,7624.9033203125,328,12436.544999999996,6957.684814453125,0.0,20.067101205,46,0.0,0.0,0.0,0.0,0,0.45299999999999996,0.453125,0.029407669,0.014611797,4,244.52799999999996,222.50244140625,23.547107499,0.940063717,57,180.41299999999998,176.80517578125,20.83074032,20.524276332,103,308.66100000000006,294.98095703125,20.524275756,20.5237068,64,6.163,5.658935546875,0.014612373,7.2e-07,5,2.306,2.183837890625,5.92e-07,5.92e-07,4,0.004,0.00390625,1.44e-07,1.44e-07,1,11.370000000000008,11.367919921875,20.054851025,19.907833516,44,GPU_SCAN:12436.545;CONCAT:308.661;HASH_JOIN:244.528;PARTITION:180.413;DYNAMIC_FILTER:11.370;HASH_GROUP_BY:4.715;MERGE_GROUP_BY:1.448;MERGE_SORT:1.303
q5,paging,paging,3,1,14109.451328986324,13849.015000000001,7770.005615234375,311,13069.743,7129.87646484375,0.0,20.067101205,46,0.0,0.0,0.0,0.0,0,0.381,0.381103515625,0.029407537,0.014611793,3,229.77000000000004,207.885498046875,23.292371734,0.940063569,52,178.741,126.694580078125,20.83074016,20.524276172,98,349.29600000000005,332.9189453125,20.52427574,20.523706796,59,5.24,5.23974609375,0.014612225,5.76e-07,4,1.545,1.47900390625,5.92e-07,5.92e-07,4,0.001,0.0009765625,1.44e-07,1.44e-07,1,14.298000000000012,14.296142578125,20.054851025,19.907833516,44,GPU_SCAN:13069.743;CONCAT:349.296;HASH_JOIN:229.770;PARTITION:178.741;DYNAMIC_FILTER:14.298;HASH_GROUP_BY:4.777;MERGE_SORT:1.026;MERGE_GROUP_BY:0.463
q5,paging,paging,4,1,13263.47570301732,13270.759999999997,7577.46875,335,12517.201999999997,6955.2255859375,0.0,20.067101205,46,0.0,0.0,0.0,0.0,0,0.63,0.6298828125,0.029407805,0.014611805,6,235.37899999999996,207.04931640625,23.483424866,0.940063849,58,180.30299999999986,171.136474609375,20.831733708,20.52526972,104,320.08200000000005,286.193115234375,20.525268856,20.523706808,65,13.033,13.03271484375,0.014612669,1.008e-06,7,3.09,2.809814453125,5.92e-07,5.92e-07,4,0.001,0.0009765625,1.44e-07,1.44e-07,1,1.0399999999999998,1.0380859375,20.054851025,19.907833516,44,GPU_SCAN:12517.202;CONCAT:320.082;HASH_JOIN:235.379;PARTITION:180.303;HASH_GROUP_BY:12.521;MERGE_SORT:2.169;DYNAMIC_FILTER:1.040;SORT_PARTITION:0.649
q5,paging,paging,5,1,13902.299172012135,13589.188999999997,7722.52978515625,325,12850.532999999996,7079.2958984375,0.0,20.067101205,46,0.0,0.0,0.0,0.0,0,0.6589999999999999,0.44921875,0.029407669,0.014611797,4,229.42199999999997,179.48681640625,23.483424858,0.940063713,56,180.57300000000012,177.7294921875,20.830740316,20.524276328,102,317.28000000000003,312.22900390625,20.524275752,20.5237068,63,6.941999999999999,5.964111328125,0.014612373,7.2e-07,5,2.327,2.260986328125,5.92e-07,5.92e-07,4,0.003,0.0029296875,1.44e-07,1.44e-07,1,1.4499999999999997,1.447998046875,20.054851025,19.907833516,44,GPU_SCAN:12850.533;CONCAT:317.280;HASH_JOIN:229.422;PARTITION:180.573;HASH_GROUP_BY:5.681;MERGE_SORT:1.740;DYNAMIC_FILTER:1.450;MERGE_GROUP_BY:1.261
q6,paging,,1,0,4893.309266015422,8497.157,2669.56396484375,59,8432.813999999998,2667.85595703125,0.0,0.185661344,19,0.0,0.0,0.0,0.0,0,16.473,16.47314453125,0.185661344,0.092830672,19,0.0,0.0,0.0,0.0,0,0.0,0.0,0.0,0.0,0,0.0,0.0,0.0,0.0,0,47.86799999999999,47.867919921875,0.092830976,3.2e-07,20,0.0,0.0,0.0,0.0,0,0.002,0.001953125,1.6e-08,1.6e-08,1,0.0,0.0,0.0,0.0,0,GPU_SCAN:8432.814;UNGROUPED_AGGREGATE:46.367;PROJECTION:16.473;MERGE_AGGREGATE:1.501;RESULT_COLLECTOR:0.002
q6,paging,paging,2,1,4923.8963759853505,8944.872,2808.8271484375,59,8919.866,2794.77099609375,0.0,0.185661344,19,0.0,0.0,0.0,0.0,0,17.392,17.3916015625,0.185661344,0.092830672,19,0.0,0.0,0.0,0.0,0,0.0,0.0,0.0,0.0,0,0.0,0.0,0.0,0.0,0,7.604,7.603759765625,0.092830976,3.2e-07,20,0.0,0.0,0.0,0.0,0,0.01,0.010009765625,1.6e-08,1.6e-08,1,0.0,0.0,0.0,0.0,0,GPU_SCAN:8919.866;PROJECTION:17.392;UNGROUPED_AGGREGATE:7.074;MERGE_AGGREGATE:0.530;RESULT_COLLECTOR:0.010
q6,paging,paging,3,1,5041.461538989097,7511.700000000001,2920.785888671875,59,7498.134000000001,2919.259033203125,0.0,0.185661344,19,0.0,0.0,0.0,0.0,0,5.542000000000001,5.542236328125,0.185661344,0.092830672,19,0.0,0.0,0.0,0.0,0,0.0,0.0,0.0,0.0,0,0.0,0.0,0.0,0.0,0,8.019,8.0185546875,0.092830976,3.2e-07,20,0.0,0.0,0.0,0.0,0,0.005,0.0048828125,1.6e-08,1.6e-08,1,0.0,0.0,0.0,0.0,0,GPU_SCAN:7498.134;UNGROUPED_AGGREGATE:7.456;PROJECTION:5.542;MERGE_AGGREGATE:0.563;RESULT_COLLECTOR:0.005
q6,paging,paging,4,1,4809.279394015903,7362.587,2783.658935546875,59,7351.642000000001,2783.150146484375,0.0,0.185661344,19,0.0,0.0,0.0,0.0,0,4.281,4.28173828125,0.185661344,0.092830672,19,0.0,0.0,0.0,0.0,0,0.0,0.0,0.0,0.0,0,0.0,0.0,0.0,0.0,0,6.651000000000001,6.65087890625,0.092830976,3.2e-07,20,0.0,0.0,0.0,0.0,0,0.013,0.012939453125,1.6e-08,1.6e-08,1,0.0,0.0,0.0,0.0,0,GPU_SCAN:7351.642;UNGROUPED_AGGREGATE:6.461;PROJECTION:4.281;MERGE_AGGREGATE:0.190;RESULT_COLLECTOR:0.013
q6,paging,paging,5,1,5024.329968000529,8108.7310000000025,2762.430908203125,59,8079.7490000000025,2750.48193359375,0.0,0.185661344,19,0.0,0.0,0.0,0.0,0,9.71,9.53173828125,0.185661344,0.092830672,19,0.0,0.0,0.0,0.0,0,0.0,0.0,0.0,0.0,0,0.0,0.0,0.0,0.0,0,19.259999999999998,19.259765625,0.092830976,3.2e-07,20,0.0,0.0,0.0,0.0,0,0.012,0.011962890625,1.6e-08,1.6e-08,1,0.0,0.0,0.0,0.0,0,GPU_SCAN:8079.749;MERGE_AGGREGATE:11.246;PROJECTION:9.710;UNGROUPED_AGGREGATE:8.014;RESULT_COLLECTOR:0.012
q7,paging,,1,0,13193.632030015578,18702.25299999999,6111.324951171875,204,18399.77599999999,5917.05908203125,0.0,9.310288914,51,10.261000000000001,10.26123046875,0.053888946,0.02696034,4,4.295,4.294921875,0.026960008,0.024623096,2,117.411,75.84375,5.552389385,1.281350033,11,35.175,35.0146484375,4.257250341,4.219750057,62,53.331999999999994,53.327880859375,4.219749449,4.176999889,17,21.98,21.97998046875,0.024623704,8.16e-07,3,17.028000000000002,16.998046875,8.56e-07,8.56e-07,4,0.01,0.010009765625,2.08e-07,2.08e-07,1,42.985,42.984619140625,9.310287896,2.987736988,49,GPU_SCAN:18399.776;HASH_JOIN:117.411;CONCAT:53.332;DYNAMIC_FILTER:42.985;PARTITION:35.175;HASH_GROUP_BY:15.646;FILTER:10.261;MERGE_SORT:7.437
q7,paging,paging,2,1,12449.702259997139,12868.216000000004,7279.272705078125,204,12646.921000000004,7135.135986328125,0.0,9.310288914,51,1.98,1.979736328125,0.053888946,0.02696034,4,0.245,0.244873046875,0.026960008,0.024623096,2,109.79200000000002,89.123046875,5.552709705,1.281349969,11,34.089999999999996,33.923095703125,4.250824353,4.213324069,62,52.098000000000006,43.974853515625,4.213323461,4.176999889,17,3.95,3.949951171875,0.024623704,8.16e-07,3,2.826,2.557861328125,8.56e-07,8.56e-07,4,0.002,0.001953125,2.08e-07,2.08e-07,1,16.312,16.3125,9.310287896,2.987736988,49,GPU_SCAN:12646.921;HASH_JOIN:109.792;CONCAT:52.098;PARTITION:34.090;DYNAMIC_FILTER:16.312;HASH_GROUP_BY:2.868;FILTER:1.980;MERGE_GROUP_BY:1.082
q7,paging,paging,3,1,13899.559835001128,13446.941,7589.54638671875,204,13221.481000000002,7420.5302734375,0.0,9.310288914,51,1.501,1.5009765625,0.053888946,0.02696034,4,0.249,0.2490234375,0.026960008,0.024623096,2,113.54599999999999,93.553955078125,5.721750625,1.281350033,11,34.172000000000004,34.075439453125,4.419843353,4.382343069,62,51.02,51.017333984375,4.382342461,4.346040809,17,4.984,4.98388671875,0.024623704,8.16e-07,3,3.802,3.65478515625,8.56e-07,8.56e-07,4,0.01,0.010009765625,2.08e-07,2.08e-07,1,16.17599999999999,16.176513671875,9.310287896,3.156777908,49,GPU_SCAN:13221.481;HASH_JOIN:113.546;CONCAT:51.020;PARTITION:34.172;DYNAMIC_FILTER:16.176;HASH_GROUP_BY:3.188;MERGE_GROUP_BY:1.796;FILTER:1.501
q7,paging,paging,4,1,13841.159645002335,13481.069000000005,7587.2177734375,204,13258.751000000006,7443.190185546875,0.0,9.310288914,51,1.7169999999999999,1.717041015625,0.053896178,0.026964052,4,0.24,0.239990234375,0.02696372,0.024626808,2,110.56100000000002,78.16796875,5.555710109,1.281357265,11,32.24200000000001,32.10693359375,4.257250341,4.219750057,62,50.441,50.440673828125,4.219749449,4.180000293,17,4.787,4.787109375,0.024627416,8.16e-07,3,5.412000000000001,5.323974609375,8.56e-07,8.56e-07,4,0.002,0.001953125,2.08e-07,2.08e-07,1,16.916,16.916015625,9.310287896,2.987736988,49,GPU_SCAN:13258.751;HASH_JOIN:110.561;CONCAT:50.441;PARTITION:32.242;DYNAMIC_FILTER:16.916;HASH_GROUP_BY:3.013;MERGE_SORT:2.611;MERGE_GROUP_BY:1.774
q7,paging,paging,5,1,13991.116074001184,13842.798999999997,7775.5947265625,204,13623.369999999997,7620.224365234375,0.0,9.310288914,51,1.651,1.651123046875,0.053896114,0.026964116,4,0.238,0.238037109375,0.026963784,0.024626872,2,110.45699999999998,89.56103515625,5.555687649,1.281357137,11,32.67500000000001,31.08935546875,4.257228521,4.219728237,62,48.88,48.879638671875,4.219727629,4.179977833,17,3.9789999999999996,3.97900390625,0.02462748,8.16e-07,3,4.313,3.993896484375,8.56e-07,8.56e-07,4,0.002,0.001953125,2.08e-07,2.08e-07,1,17.233999999999998,17.23388671875,9.310287896,2.987736988,49,GPU_SCAN:13623.370;HASH_JOIN:110.457;CONCAT:48.880;PARTITION:32.675;DYNAMIC_FILTER:17.234;HASH_GROUP_BY:3.095;FILTER:1.651;MERGE_SORT:1.442
q8,paging,,1,0,21090.292767999927,18605.759000000002,10317.4384765625,402,17564.621000000003,9404.497314453125,0.0,25.502214985,58,0.0,0.0,0.0,0.0,0,18.660999999999998,18.6611328125,0.01417739,0.012427647,3,348.98699999999997,294.61376953125,34.018662486,1.654541036,71,232.48699999999985,223.286376953125,27.002200566,26.60895263,129,393.5510000000001,385.71484375,26.60895255,26.608922022,80,12.049,12.048828125,0.0058244,1.6e-07,2,16.074,16.0478515625,1.28e-07,1.28e-07,4,0.002,0.001953125,3.2e-08,3.2e-08,1,19.326999999999977,19.3251953125,25.488881144,25.341899624,54,GPU_SCAN:17564.621;CONCAT:393.551;HASH_JOIN:348.987;PARTITION:232.487;DYNAMIC_FILTER:19.327;PROJECTION:18.661;HASH_GROUP_BY:12.046;MERGE_SORT:6.828
q8,paging,paging,2,1,18136.44182999269,18115.007999999998,9885.705322265625,408,17147.713999999996,9093.905029296875,0.0,25.502214985,58,0.0,0.0,0.0,0.0,0,0.472,0.339111328125,0.01417739,0.012427647,3,332.4819999999999,275.899658203125,34.146326526,1.654540972,73,225.82600000000005,215.453125,27.002200502,26.608952566,131,382.3220000000001,338.9404296875,26.608952486,26.608922022,82,0.379,0.37890625,0.0058244,1.6e-07,2,0.324,0.194091796875,1.28e-07,1.28e-07,4,0.001,0.0009765625,3.2e-08,3.2e-08,1,25.488000000000007,25.485595703125,25.488881144,25.341899624,54,GPU_SCAN:17147.714;CONCAT:382.322;HASH_JOIN:332.482;PARTITION:225.826;DYNAMIC_FILTER:25.488;PROJECTION:0.472;HASH_GROUP_BY:0.377;SORT_PARTITION:0.115
q8,paging,paging,3,1,17752.082071994664,17851.184,9857.233642578125,408,16861.843,9069.295654296875,0.0,25.502214985,58,0.0,0.0,0.0,0.0,0,0.509,0.346923828125,0.01417739,0.012427647,3,338.78499999999985,267.707275390625,34.018662486,1.6545411,73,236.83400000000012,217.806396484375,27.00220063,26.608952694,131,397.0470000000001,351.376708984375,26.608952614,26.608922022,82,0.512,0.5048828125,0.0058244,1.6e-07,2,0.457,0.3291015625,1.28e-07,1.28e-07,4,0.006,0.006103515625,3.2e-08,3.2e-08,1,15.191000000000011,15.1884765625,25.488881144,25.341899624,54,GPU_SCAN:16861.843;CONCAT:397.047;HASH_JOIN:338.785;PARTITION:236.834;DYNAMIC_FILTER:15.191;PROJECTION:0.509;HASH_GROUP_BY:0.505;SORT_PARTITION:0.196
q8,paging,paging,4,1,17857.34285300714,17081.512000000002,9673.757568359375,393,16089.313000000002,8824.130126953125,0.0,25.502214985,58,0.0,0.0,0.0,0.0,0,0.385,0.25,0.01417739,0.012427647,3,319.3579999999999,279.025146484375,33.507446382,1.654541036,68,222.97499999999985,215.75048828125,27.002200566,26.60895263,126,438.54500000000013,384.455322265625,26.60895255,26.608922022,77,0.458,0.450927734375,0.0058244,1.6e-07,2,0.367,0.202880859375,1.28e-07,1.28e-07,4,0.006,0.006103515625,3.2e-08,3.2e-08,1,10.105000000000018,10.10205078125,25.488881144,25.341899624,54,GPU_SCAN:16089.313;CONCAT:438.545;HASH_JOIN:319.358;PARTITION:222.975;DYNAMIC_FILTER:10.105;HASH_GROUP_BY:0.451;PROJECTION:0.385;SORT_PARTITION:0.146
q8,paging,paging,5,1,17800.140573002864,18037.994,10034.061279296875,399,17046.766,9204.37841796875,0.0,25.502214985,58,0.0,0.0,0.0,0.0,0,0.439,0.305908203125,0.01417739,0.012427647,3,338.19599999999986,290.220947265625,33.89062515,1.654540908,70,230.81300000000002,219.773193359375,27.002200438,26.608952502,128,408.4199999999999,361.598876953125,26.608952422,26.608922022,79,0.416,0.408935546875,0.0058244,1.6e-07,2,0.376,0.230224609375,1.28e-07,1.28e-07,4,0.006,0.006103515625,3.2e-08,3.2e-08,1,12.562000000000003,12.55908203125,25.488881144,25.341899624,54,GPU_SCAN:17046.766;CONCAT:408.420;HASH_JOIN:338.196;PARTITION:230.813;DYNAMIC_FILTER:12.562;PROJECTION:0.439;HASH_GROUP_BY:0.409;SORT_PARTITION:0.162
q16,pin_table,,1,0,619.574782991549,670.24,382.43994140625,49,33.362,29.194091796875,0.0,2.212363936,5,26.197,26.197021484375,1.502632712,0.724133296,3,0.016,0.01611328125,0.578115598,0.578115598,2,96.112,35.447998046875,2.148944772,1.171373096,6,40.731,22.169921875,2.124611917,2.103869421,11,36.874,36.873046875,2.00637937,2.003669594,9,416.731,238.8369140625,0.675605649,0.098844475,4,20.184,17.862060546875,0.005418336,0.005418328,5,0.001,0.0009765625,0.001354568,0.001354568,1,0.032,0.02587890625,1.300000128,1.300000128,3,HASH_GROUP_BY:374.633;HASH_JOIN:96.112;MERGE_GROUP_BY:42.098;PARTITION:40.731;CONCAT:36.874;GPU_SCAN:33.362;FILTER:26.197;SORT_SAMPLE:10.595
q16,pin_table,pin_table,2,1,448.96089599933475,344.058,276.830078125,49,18.506,15.74609375,0.0,2.212363936,5,13.143999999999998,13.14404296875,1.503596296,0.725096496,3,0.056,0.05615234375,0.579078798,0.579078796,2,62.036,20.2978515625,2.149908356,1.17233668,6,26.008999999999997,12.864990234375,2.124618298,2.103875802,11,30.966,30.9560546875,2.00637937,2.004633178,9,185.71200000000002,180.18603515625,0.676575228,0.098850856,4,7.6080000000000005,6.094970703125,0.005418336,0.005418328,5,0.007,0.007080078125,0.001354568,0.001354568,1,0.014,0.012939453125,1.300000128,1.300000128,3,HASH_GROUP_BY:166.497;HASH_JOIN:62.036;CONCAT:30.966;PARTITION:26.009;MERGE_GROUP_BY:19.215;GPU_SCAN:18.506;FILTER:13.144;ORDER_BY:3.832
q16,pin_table,pin_table,3,1,426.2186620035209,338.762,268.169677734375,49,19.080000000000002,16.109130859375,0.0,2.212363936,5,12.216999999999999,12.217041015625,1.503246472,0.724746672,3,0.013000000000000001,0.01318359375,0.578728974,0.578728972,2,61.853,20.06591796875,2.149558532,1.171987112,6,26.52,13.301025390625,2.124617266,2.10387477,11,26.114000000000004,22.662841796875,2.006379626,2.004283354,9,184.328,179.06005859375,0.676224116,0.098849568,4,8.626,6.81591796875,0.005418336,0.005418328,5,0.008,0.008056640625,0.001354568,0.001354568,1,0.003,0.001953125,1.300000128,1.300000128,3,HASH_GROUP_BY:165.204;HASH_JOIN:61.853;PARTITION:26.520;CONCAT:26.114;MERGE_GROUP_BY:19.124;GPU_SCAN:19.080;FILTER:12.217;ORDER_BY:3.830
q16,pin_table,pin_table,4,1,436.80823099566624,340.821,273.512451171875,49,18.787000000000003,15.6318359375,0.0,2.212363936,5,12.215,12.21484375,1.503246472,0.724746672,3,0.012,0.01220703125,0.578728974,0.578728972,2,62.119,19.94384765625,2.149558532,1.171987112,6,26.698000000000004,14.06982421875,2.124617266,2.10387477,11,25.679000000000002,25.677978515625,2.006379626,2.004283354,9,184.671,178.44921875,0.676224116,0.098849568,4,10.631,9.309814453125,0.005418336,0.005418328,5,0.002,0.001953125,0.001354568,0.001354568,1,0.007,0.00390625,1.300000128,1.300000128,3,HASH_GROUP_BY:165.391;HASH_JOIN:62.119;PARTITION:26.698;CONCAT:25.679;MERGE_GROUP_BY:19.280;GPU_SCAN:18.787;FILTER:12.215;ORDER_BY:4.268
q16,pin_table,pin_table,5,1,446.7195070174057,346.699,277.11181640625,49,19.331,16.044189453125,0.0,2.212363936,5,12.229000000000001,12.229248046875,1.503596296,0.725096496,3,0.013000000000000001,0.01318359375,0.579078798,0.579078796,2,61.413,19.616943359375,2.149908356,1.17233668,6,29.166999999999998,14.23193359375,2.124618298,2.103875802,11,30.927,30.923828125,2.00637937,2.004633178,9,185.406,180.030029296875,0.676575228,0.098850856,4,8.198999999999998,6.031982421875,0.005418336,0.005418328,5,0.002,0.001953125,0.001354568,0.001354568,1,0.012,0.007080078125,1.300000128,1.300000128,3,HASH_GROUP_BY:165.919;HASH_JOIN:61.413;CONCAT:30.927;PARTITION:29.167;MERGE_GROUP_BY:19.487;GPU_SCAN:19.331;FILTER:12.229;ORDER_BY:4.238
q2,pin_table,,1,0,242.9545689956285,127.991,93.91796875,91,42.684999999999995,26.740478515625,0.0,4.071724511,15,1.586,1.5859375,0.012853599,0.008715824,1,0.056,0.05615234375,0.011559776,0.01050555,3,23.128,23.126953125,0.498147054,0.089259145,10,0.129,0.106689453125,0.493003119,0.493003119,26,8.767999999999999,8.767578125,0.491857623,0.485816535,18,16.73,16.72998046875,0.002175528,0.001905192,3,0.0,0.0,0.0,0.0,0,0.007,0.007080078125,1.831e-05,1.831e-05,1,34.90200000000001,18.85986328125,4.078354325,0.426653658,14,GPU_SCAN:42.685;DYNAMIC_FILTER:26.112;HASH_JOIN:23.127;HASH_GROUP_BY:16.719;CONCAT:8.768;TOP_N:6.203;MERGE_TOP_N:2.587;FILTER:1.586
q2,pin_table,pin_table,2,1,152.14031201321632,74.912,39.998046875,91,27.814,11.7939453125,0.0,4.071724511,15,0.69,0.68994140625,0.012853599,0.008715824,1,0.064,0.06396484375,0.011559776,0.01050555,3,9.725000000000001,9.72412109375,0.498147054,0.089259145,10,0.07000000000000002,0.060546875,0.493003119,0.493003119,26,8.707,8.69873046875,0.491857623,0.485816535,18,0.71,0.7099609375,0.002175528,0.001905192,3,0.0,0.0,0.0,0.0,0,0.001,0.0009765625,1.831e-05,1.831e-05,1,27.131,12.685791015625,4.078354325,0.426653658,14,GPU_SCAN:27.814;DYNAMIC_FILTER:23.707;HASH_JOIN:9.724;CONCAT:8.707;TOP_N:2.083;MERGE_TOP_N:1.341;HASH_GROUP_BY:0.704;FILTER:0.690
q2,pin_table,pin_table,3,1,162.36257800483145,74.467,40.076904296875,91,27.155,11.630859375,0.0,4.071724511,15,0.605,0.60498046875,0.012853599,0.008715824,1,0.042,0.0419921875,0.011559776,0.01050555,3,9.419,9.418212890625,0.498147054,0.089259145,10,0.10200000000000001,0.091552734375,0.493003119,0.493003119,26,8.686000000000002,8.681396484375,0.491857623,0.485816535,18,0.55,0.5498046875,0.002175528,0.001905192,3,0.0,0.0,0.0,0.0,0,0.001,0.0009765625,1.831e-05,1.831e-05,1,27.907,13.099853515625,4.078354325,0.426653658,14,GPU_SCAN:27.155;DYNAMIC_FILTER:23.734;HASH_JOIN:9.418;CONCAT:8.686;TOP_N:2.148;MERGE_TOP_N:2.025;FILTER:0.605;HASH_GROUP_BY:0.544
q2,pin_table,pin_table,4,1,161.99426099774428,76.498,40.562255859375,91,27.687,12.092041015625,0.0,4.071724511,15,0.586,0.5859375,0.012853599,0.008715824,1,0.055,0.054931640625,0.011559776,0.01050555,3,10.427,10.426025390625,0.498147054,0.089259145,10,0.09900000000000003,0.086669921875,0.493003119,0.493003119,26,8.722000000000001,8.718505859375,0.491857623,0.485816535,18,0.47400000000000003,0.473876953125,0.002175528,0.001905192,3,0.0,0.0,0.0,0.0,0,0.001,0.0009765625,1.831e-05,1.831e-05,1,28.447,13.1279296875,4.078354325,0.426653658,14,GPU_SCAN:27.687;DYNAMIC_FILTER:24.290;HASH_JOIN:10.426;CONCAT:8.722;MERGE_TOP_N:2.095;TOP_N:2.062;FILTER:0.586;HASH_GROUP_BY:0.467
q2,pin_table,pin_table,5,1,162.12158600683324,76.42,40.60498046875,91,28.083999999999996,11.72509765625,0.0,4.071724511,15,0.597,0.596923828125,0.012853599,0.008715824,1,0.034,0.033935546875,0.011559776,0.01050555,3,10.02,10.01904296875,0.498147054,0.089259145,10,0.08600000000000003,0.07861328125,0.493003119,0.493003119,26,8.709999999999997,8.70458984375,0.491857623,0.485816535,18,0.587,0.5869140625,0.002175528,0.001905192,3,0.0,0.0,0.0,0.0,0,0.001,0.0009765625,1.831e-05,1.831e-05,1,28.301000000000005,13.330322265625,4.078354325,0.426653658,14,GPU_SCAN:28.084;DYNAMIC_FILTER:24.120;HASH_JOIN:10.019;CONCAT:8.710;TOP_N:2.091;MERGE_TOP_N:2.090;FILTER:0.597;HASH_GROUP_BY:0.577
q22,pin_table,,1,0,505.8128209784627,356.13000000000005,212.310546875,57,47.269000000000005,27.318115234375,0.0,1.398348354,7,0.0,0.0,0.0,0.0,0,12.888,12.630859375,0.325230576,0.164127176,6,166.40200000000002,118.46630859375,1.69799128,0.489361654,7,60.101,58.8310546875,1.553092078,1.55070379,13,8.815,8.81005859375,1.617500905,1.615925733,10,46.24000000000001,31.273193359375,0.055188388,0.015268722,9,14.413,14.343994140625,8.64e-07,8.64e-07,4,0.002,0.001953125,2.14e-07,2.14e-07,1,0.0,0.0,0.0,0.0,0,HASH_JOIN:155.097;PARTITION:60.101;GPU_SCAN:47.269;UNGROUPED_AGGREGATE:17.273;HASH_GROUP_BY:17.089;PROJECTION:12.888;MERGE_AGGREGATE:11.415;NESTED_LOOP_JOIN:11.297
q22,pin_table,pin_table,2,1,262.8878599789459,153.434,112.53955078125,57,22.795,16.119873046875,0.0,1.398348354,7,0.0,0.0,0.0,0.0,0,2.321,2.05078125,0.325230576,0.164127176,6,74.026,71.5126953125,1.69799128,0.489361654,7,37.815999999999995,37.806884765625,1.553092078,1.55070379,13,6.799999999999999,6.796875,1.617500905,1.615925733,10,8.254,7.583740234375,0.055188388,0.015268722,9,1.42,1.333984375,8.64e-07,8.64e-07,4,0.002,0.001953125,2.14e-07,2.14e-07,1,0.0,0.0,0.0,0.0,0,HASH_JOIN:71.960;PARTITION:37.816;GPU_SCAN:22.795;CONCAT:6.800;MERGE_AGGREGATE:3.650;UNGROUPED_AGGREGATE:2.768;PROJECTION:2.321;NESTED_LOOP_JOIN:2.065
q22,pin_table,pin_table,3,1,242.89843798032962,143.68200000000002,104.942138671875,57,20.921,16.1181640625,0.0,1.398348354,7,0.0,0.0,0.0,0.0,0,0.627,0.36767578125,0.325230576,0.164127176,6,73.69200000000001,70.1611328125,1.69799128,0.489361654,7,36.984,36.980712890625,1.553092078,1.55070379,13,6.919,6.917724609375,1.617500905,1.615925733,10,2.9989999999999997,2.3857421875,0.055188388,0.015268722,9,1.539,1.291015625,8.64e-07,8.64e-07,4,0.001,0.0009765625,2.14e-07,2.14e-07,1,0.0,0.0,0.0,0.0,0,HASH_JOIN:71.689;PARTITION:36.984;GPU_SCAN:20.921;CONCAT:6.919;NESTED_LOOP_JOIN:1.997;HASH_GROUP_BY:1.232;UNGROUPED_AGGREGATE:1.134;MERGE_SORT:0.839
q22,pin_table,pin_table,4,1,263.4102330193855,142.109,104.202880859375,57,20.598999999999997,15.23779296875,0.0,1.398348354,7,0.0,0.0,0.0,0.0,0,0.704,0.431640625,0.325230576,0.164127176,6,73.54400000000001,70.00927734375,1.69799128,0.489361654,7,36.386,36.373779296875,1.553092078,1.55070379,13,6.912999999999999,6.911865234375,1.617500905,1.615925733,10,2.6229999999999998,1.975830078125,0.055188388,0.015268722,9,1.339,1.131103515625,8.64e-07,8.64e-07,4,0.001,0.0009765625,2.14e-07,2.14e-07,1,0.0,0.0,0.0,0.0,0,HASH_JOIN:71.850;PARTITION:36.386;GPU_SCAN:20.599;CONCAT:6.913;NESTED_LOOP_JOIN:1.693;HASH_GROUP_BY:1.139;MERGE_SORT:0.947;UNGROUPED_AGGREGATE:0.803
q22,pin_table,pin_table,5,1,263.3028540003579,143.212,104.512939453125,57,20.567999999999998,15.125,0.0,1.398348354,7,0.0,0.0,0.0,0.0,0,0.628,0.36865234375,0.325230576,0.164127176,6,74.15499999999999,71.517822265625,1.69799128,0.489361654,7,36.492,36.48583984375,1.553092078,1.55070379,13,6.923,6.9150390625,1.617500905,1.615925733,10,3.7109999999999994,2.923095703125,0.055188388,0.015268722,9,0.73,0.47705078125,8.64e-07,8.64e-07,4,0.005,0.0048828125,2.14e-07,2.14e-07,1,0.0,0.0,0.0,0.0,0,HASH_JOIN:72.201;PARTITION:36.492;GPU_SCAN:20.568;CONCAT:6.923;NESTED_LOOP_JOIN:1.953;HASH_GROUP_BY:1.231;MERGE_GROUP_BY:1.135;UNGROUPED_AGGREGATE:1.087
