condition,query,event,relative_ms,device,resident_bytes,resident_gib,resident_pages,evicted_bytes,evicted_pages,source_log
paging,q2,page_directory,411.0,,200,1.862645149230957e-07,2,0,0,experiment/fixed_page_runs/allq_5x_7gb_fixed/paging/q2/log_dir/sirius_2026-07-09.log
paging,q2,page_directory,439.0,,12000000,0.011175870895385742,2,0,0,experiment/fixed_page_runs/allq_5x_7gb_fixed/paging/q2/log_dir/sirius_2026-07-09.log
paging,q2,page_directory,896.0,,526777176,0.49059947580099106,33,0,0,experiment/fixed_page_runs/allq_5x_7gb_fixed/paging/q2/log_dir/sirius_2026-07-09.log
paging,q2,page_directory,903.0,,1053655200,0.9812928736209869,66,0,0,experiment/fixed_page_runs/allq_5x_7gb_fixed/paging/q2/log_dir/sirius_2026-07-09.log
paging,q2,page_directory,1083.0,,1393560816,1.2978546470403671,87,0,0,experiment/fixed_page_runs/allq_5x_7gb_fixed/paging/q2/log_dir/sirius_2026-07-09.log
paging,q2,page_directory,1090.0,,1920000000,1.7881393432617188,120,0,0,experiment/fixed_page_runs/allq_5x_7gb_fixed/paging/q2/log_dir/sirius_2026-07-09.log
paging,q2,page_directory,1320.0,,2446777176,2.27873881906271,153,0,0,experiment/fixed_page_runs/allq_5x_7gb_fixed/paging/q2/log_dir/sirius_2026-07-09.log
paging,q2,page_directory,1327.0,,2973655200,2.7694322168827057,186,0,0,experiment/fixed_page_runs/allq_5x_7gb_fixed/paging/q2/log_dir/sirius_2026-07-09.log
paging,q2,page_directory,1514.0,,3313560816,3.085993990302086,207,0,0,experiment/fixed_page_runs/allq_5x_7gb_fixed/paging/q2/log_dir/sirius_2026-07-09.log
paging,q2,page_directory,1521.0,,3840000000,3.5762786865234375,240,0,0,experiment/fixed_page_runs/allq_5x_7gb_fixed/paging/q2/log_dir/sirius_2026-07-09.log
paging,q3,page_directory,1063.0,,256430400,0.238819420337677,18,0,0,experiment/fixed_page_runs/allq_5x_7gb_fixed/paging/q3/log_dir/sirius_2026-07-09.log
paging,q3,page_directory,1072.0,,513393720,0.4781351611018181,36,0,0,experiment/fixed_page_runs/allq_5x_7gb_fixed/paging/q3/log_dir/sirius_2026-07-09.log
paging,q3,page_directory,1317.0,,769803120,0.7169350236654282,54,0,0,experiment/fixed_page_runs/allq_5x_7gb_fixed/paging/q3/log_dir/sirius_2026-07-09.log
paging,q3,page_directory,1321.0,,1026159024,0.9556850641965866,72,0,0,experiment/fixed_page_runs/allq_5x_7gb_fixed/paging/q3/log_dir/sirius_2026-07-09.log
paging,q3,page_directory,1651.0,,1282540992,1.1944593787193298,90,0,0,experiment/fixed_page_runs/allq_5x_7gb_fixed/paging/q3/log_dir/sirius_2026-07-09.log
paging,q3,page_directory,1659.0,,1538881008,1.4331946223974228,108,0,0,experiment/fixed_page_runs/allq_5x_7gb_fixed/paging/q3/log_dir/sirius_2026-07-09.log
paging,q3,page_directory,1663.0,,1763944272,1.642801120877266,124,0,0,experiment/fixed_page_runs/allq_5x_7gb_fixed/paging/q3/log_dir/sirius_2026-07-09.log
paging,q3,page_directory,2109.0,,329130956,0.3065270893275738,21,0,0,experiment/fixed_page_runs/allq_5x_7gb_fixed/paging/q3/log_dir/sirius_2026-07-09.log
paging,q3,page_directory,2144.0,,657241256,0.6121036186814308,42,0,0,experiment/fixed_page_runs/allq_5x_7gb_fixed/paging/q3/log_dir/sirius_2026-07-09.log
paging,q3,page_directory,2500.0,,986435380,0.9186895377933979,63,0,0,experiment/fixed_page_runs/allq_5x_7gb_fixed/paging/q3/log_dir/sirius_2026-07-09.log
paging,q3,page_directory,2521.0,,1315407828,1.2250690050423145,84,0,0,experiment/fixed_page_runs/allq_5x_7gb_fixed/paging/q3/log_dir/sirius_2026-07-09.log
paging,q3,page_directory,2946.0,,1643756884,1.5308678932487965,105,0,0,experiment/fixed_page_runs/allq_5x_7gb_fixed/paging/q3/log_dir/sirius_2026-07-09.log
paging,q3,page_directory,3009.0,,1972132232,1.8366912677884102,126,0,0,experiment/fixed_page_runs/allq_5x_7gb_fixed/paging/q3/log_dir/sirius_2026-07-09.log
paging,q3,page_directory,3025.0,,2300715956,2.142708707600832,147,0,0,experiment/fixed_page_runs/allq_5x_7gb_fixed/paging/q3/log_dir/sirius_2026-07-09.log
paging,q3,page_directory,3049.0,,2629191068,2.4486249946057796,168,0,0,experiment/fixed_page_runs/allq_5x_7gb_fixed/paging/q3/log_dir/sirius_2026-07-09.log
paging,q3,page_directory,3860.0,,2957619560,2.7544978633522987,189,0,0,experiment/fixed_page_runs/allq_5x_7gb_fixed/paging/q3/log_dir/sirius_2026-07-09.log
paging,q3,page_directory,3880.0,,3286010504,3.060335762798786,210,0,0,experiment/fixed_page_runs/allq_5x_7gb_fixed/paging/q3/log_dir/sirius_2026-07-09.log
paging,q3,page_directory,4116.0,,3614300620,3.3660797588527203,231,0,0,experiment/fixed_page_runs/allq_5x_7gb_fixed/paging/q3/log_dir/sirius_2026-07-09.log
paging,q3,page_directory,4638.0,,3942698872,3.671924464404583,252,0,0,experiment/fixed_page_runs/allq_5x_7gb_fixed/paging/q3/log_dir/sirius_2026-07-09.log
paging,q3,page_directory,4901.0,,4270901768,3.977587230503559,273,0,0,experiment/fixed_page_runs/allq_5x_7gb_fixed/paging/q3/log_dir/sirius_2026-07-09.log
paging,q3,page_directory,5703.0,,4599278488,4.283411882817745,294,0,0,experiment/fixed_page_runs/allq_5x_7gb_fixed/paging/q3/log_dir/sirius_2026-07-09.log
paging,q3,page_directory,5955.0,,4927699056,4.589277371764183,315,0,0,experiment/fixed_page_runs/allq_5x_7gb_fixed/paging/q3/log_dir/sirius_2026-07-09.log
paging,q3,page_directory,6271.0,,5255966492,4.895000245422125,336,0,0,experiment/fixed_page_runs/allq_5x_7gb_fixed/paging/q3/log_dir/sirius_2026-07-09.log
paging,q3,page_directory,6292.0,,5584350324,5.200831521302462,357,0,0,experiment/fixed_page_runs/allq_5x_7gb_fixed/paging/q3/log_dir/sirius_2026-07-09.log
paging,q3,page_budget,6991.0,1,4292575272,3.997772254049778,,315461328,20,experiment/fixed_page_runs/allq_5x_7gb_fixed/paging/q3/log_dir/sirius_2026-07-09.log
paging,q3,page_directory,6991.0,,5597145848,5.212748281657696,358,0,20,experiment/fixed_page_runs/allq_5x_7gb_fixed/paging/q3/log_dir/sirius_2026-07-09.log
paging,q3,page_directory,7011.0,,5925793608,5.518825359642506,379,0,20,experiment/fixed_page_runs/allq_5x_7gb_fixed/paging/q3/log_dir/sirius_2026-07-09.log
paging,q3,page_directory,7323.0,,6254162796,5.82464299723506,400,0,20,experiment/fixed_page_runs/allq_5x_7gb_fixed/paging/q3/log_dir/sirius_2026-07-09.log
paging,q3,page_budget,7341.0,1,4289193236,3.9946224875748158,,331787064,21,experiment/fixed_page_runs/allq_5x_7gb_fixed/paging/q3/log_dir/sirius_2026-07-09.log
paging,q3,page_directory,7341.0,,6250780760,5.8214932307600975,400,0,41,experiment/fixed_page_runs/allq_5x_7gb_fixed/paging/q3/log_dir/sirius_2026-07-09.log
paging,q3,page_budget,7832.0,1,4292637240,3.9978299662470818,,324893824,21,experiment/fixed_page_runs/allq_5x_7gb_fixed/paging/q3/log_dir/sirius_2026-07-09.log
paging,q3,page_directory,7832.0,,6254224764,5.8247007094323635,400,0,62,experiment/fixed_page_runs/allq_5x_7gb_fixed/paging/q3/log_dir/sirius_2026-07-09.log
paging,q3,page_directory,7852.0,,6582528152,6.130457065999508,421,0,62,experiment/fixed_page_runs/allq_5x_7gb_fixed/paging/q3/log_dir/sirius_2026-07-09.log
paging,q3,page_budget,8026.0,1,4284862192,3.990588888525963,,127342104,8,experiment/fixed_page_runs/allq_5x_7gb_fixed/paging/q3/log_dir/sirius_2026-07-09.log
paging,q3,page_directory,8026.0,,6574753104,6.123215988278389,424,0,70,experiment/fixed_page_runs/allq_5x_7gb_fixed/paging/q3/log_dir/sirius_2026-07-09.log
paging,q3,page_budget,8223.0,0,4288483184,3.993961200118065,,93745800,6,experiment/fixed_page_runs/allq_5x_7gb_fixed/paging/q3/log_dir/sirius_2026-07-09.log
paging,q3,page_directory,8223.0,,6809401104,6.341748967766762,439,0,76,experiment/fixed_page_runs/allq_5x_7gb_fixed/paging/q3/log_dir/sirius_2026-07-09.log
paging,q3,page_budget,8479.0,0,4284844568,3.990572474896908,,332054872,21,experiment/fixed_page_runs/allq_5x_7gb_fixed/paging/q3/log_dir/sirius_2026-07-09.log
paging,q3,page_directory,8479.0,,6805762488,6.338360242545605,439,0,97,experiment/fixed_page_runs/allq_5x_7gb_fixed/paging/q3/log_dir/sirius_2026-07-09.log
paging,q3,page_budget,8819.0,0,4288325780,3.99381460621953,,325039568,21,experiment/fixed_page_runs/allq_5x_7gb_fixed/paging/q3/log_dir/sirius_2026-07-09.log
paging,q3,page_directory,8819.0,,6809243700,6.341602373868227,439,0,118,experiment/fixed_page_runs/allq_5x_7gb_fixed/paging/q3/log_dir/sirius_2026-07-09.log
paging,q3,page_budget,9066.0,0,4284974360,3.9906933531165123,,331779184,21,experiment/fixed_page_runs/allq_5x_7gb_fixed/paging/q3/log_dir/sirius_2026-07-09.log
paging,q3,page_directory,9066.0,,6805892280,6.338481120765209,439,0,139,experiment/fixed_page_runs/allq_5x_7gb_fixed/paging/q3/log_dir/sirius_2026-07-09.log
paging,q3,page_budget,10994.0,1,4280646644,3.9866628535091877,,332325848,22,experiment/fixed_page_runs/allq_5x_7gb_fixed/paging/q3/log_dir/sirius_2026-07-09.log
paging,q3,page_directory,10994.0,,6801676732,6.334555085748434,438,0,161,experiment/fixed_page_runs/allq_5x_7gb_fixed/paging/q3/log_dir/sirius_2026-07-09.log
paging,q3,page_budget,11138.0,0,4288866748,3.9943184219300747,,325238568,21,experiment/fixed_page_runs/allq_5x_7gb_fixed/paging/q3/log_dir/sirius_2026-07-09.log
paging,q3,page_directory,11138.0,,6805569120,6.3381801545619965,438,0,182,experiment/fixed_page_runs/allq_5x_7gb_fixed/paging/q3/log_dir/sirius_2026-07-09.log
paging,q3,page_budget,11299.0,1,4284051716,3.9898340739309788,,325567376,21,experiment/fixed_page_runs/allq_5x_7gb_fixed/paging/q3/log_dir/sirius_2026-07-09.log
paging,q3,page_directory,11299.0,,6808974192,6.3413513749837875,438,0,203,experiment/fixed_page_runs/allq_5x_7gb_fixed/paging/q3/log_dir/sirius_2026-07-09.log
paging,q3,page_budget,11439.0,0,4285935832,3.991588793694973,,332125040,21,experiment/fixed_page_runs/allq_5x_7gb_fixed/paging/q3/log_dir/sirius_2026-07-09.log
paging,q3,page_directory,11439.0,,6806043276,6.338621746748686,438,0,224,experiment/fixed_page_runs/allq_5x_7gb_fixed/paging/q3/log_dir/sirius_2026-07-09.log
paging,q3,page_budget,11621.0,1,4280764488,3.9867726042866707,,331870952,21,experiment/fixed_page_runs/allq_5x_7gb_fixed/paging/q3/log_dir/sirius_2026-07-09.log
paging,q3,page_directory,11621.0,,6802756048,6.335560277104378,438,0,245,experiment/fixed_page_runs/allq_5x_7gb_fixed/paging/q3/log_dir/sirius_2026-07-09.log
paging,q3,page_budget,11810.0,0,4289264220,3.9946885965764523,,325046960,21,experiment/fixed_page_runs/allq_5x_7gb_fixed/paging/q3/log_dir/sirius_2026-07-09.log
paging,q3,page_directory,11810.0,,6806084436,6.338660079985857,438,0,266,experiment/fixed_page_runs/allq_5x_7gb_fixed/paging/q3/log_dir/sirius_2026-07-09.log
paging,q3,page_budget,12005.0,1,4284323712,3.990087389945984,,324915888,21,experiment/fixed_page_runs/allq_5x_7gb_fixed/paging/q3/log_dir/sirius_2026-07-09.log
paging,q3,page_directory,12005.0,,6809643660,6.34197486564517,438,0,287,experiment/fixed_page_runs/allq_5x_7gb_fixed/paging/q3/log_dir/sirius_2026-07-09.log
paging,q3,page_budget,12189.0,0,4285821740,3.99148253723979,,331791536,21,experiment/fixed_page_runs/allq_5x_7gb_fixed/paging/q3/log_dir/sirius_2026-07-09.log
paging,q3,page_directory,12189.0,,6806201180,6.338768806308508,438,0,308,experiment/fixed_page_runs/allq_5x_7gb_fixed/paging/q3/log_dir/sirius_2026-07-09.log
paging,q3,page_budget,15777.0,0,4289225072,3.994652137160301,,325025160,21,experiment/fixed_page_runs/allq_5x_7gb_fixed/paging/q3/log_dir/sirius_2026-07-09.log
paging,q3,page_directory,15777.0,,6809604512,6.341938406229019,438,0,329,experiment/fixed_page_runs/allq_5x_7gb_fixed/paging/q3/log_dir/sirius_2026-07-09.log
paging,q3,page_budget,15793.0,1,4280931880,3.9869285002350807,,331782776,21,experiment/fixed_page_runs/allq_5x_7gb_fixed/paging/q3/log_dir/sirius_2026-07-09.log
paging,q3,page_directory,15793.0,,6806212680,6.338779516518116,438,0,350,experiment/fixed_page_runs/allq_5x_7gb_fixed/paging/q3/log_dir/sirius_2026-07-09.log
paging,q3,page_budget,16116.0,1,4284389840,3.990148976445198,,324918760,21,experiment/fixed_page_runs/allq_5x_7gb_fixed/paging/q3/log_dir/sirius_2026-07-09.log
paging,q3,page_directory,16116.0,,6809670640,6.341999992728233,438,0,371,experiment/fixed_page_runs/allq_5x_7gb_fixed/paging/q3/log_dir/sirius_2026-07-09.log
paging,q3,page_budget,16138.0,0,4285726348,3.9913936965167522,,331788840,21,experiment/fixed_page_runs/allq_5x_7gb_fixed/paging/q3/log_dir/sirius_2026-07-09.log
paging,q3,page_directory,16138.0,,6806171916,6.338741552084684,438,0,392,experiment/fixed_page_runs/allq_5x_7gb_fixed/paging/q3/log_dir/sirius_2026-07-09.log
paging,q3,page_budget,16474.0,0,4288891176,3.9943411722779274,,325233424,21,experiment/fixed_page_runs/allq_5x_7gb_fixed/paging/q3/log_dir/sirius_2026-07-09.log
paging,q3,page_directory,16474.0,,6809336744,6.3416890278458595,438,0,413,experiment/fixed_page_runs/allq_5x_7gb_fixed/paging/q3/log_dir/sirius_2026-07-09.log
paging,q3,page_budget,16494.0,1,4280272560,3.9863144606351852,,332501112,22,experiment/fixed_page_runs/allq_5x_7gb_fixed/paging/q3/log_dir/sirius_2026-07-09.log
paging,q3,page_directory,16494.0,,6805219464,6.337854512035847,437,0,435,experiment/fixed_page_runs/allq_5x_7gb_fixed/paging/q3/log_dir/sirius_2026-07-09.log
paging,q3,page_budget,16812.0,0,4285113176,3.99082263559103,,331980896,21,experiment/fixed_page_runs/allq_5x_7gb_fixed/paging/q3/log_dir/sirius_2026-07-09.log
paging,q3,page_directory,16812.0,,6801441464,6.334335975348949,437,0,456,experiment/fixed_page_runs/allq_5x_7gb_fixed/paging/q3/log_dir/sirius_2026-07-09.log
paging,q3,page_budget,16831.0,1,4293735432,3.998852737247944,,315184888,20,experiment/fixed_page_runs/allq_5x_7gb_fixed/paging/q3/log_dir/sirius_2026-07-09.log
paging,q3,page_directory,16832.0,,6814904336,6.346874251961708,438,0,476,experiment/fixed_page_runs/allq_5x_7gb_fixed/paging/q3/log_dir/sirius_2026-07-09.log
paging,q3,page_budget,17147.0,1,4280367428,3.986402813345194,,341737192,22,experiment/fixed_page_runs/allq_5x_7gb_fixed/paging/q3/log_dir/sirius_2026-07-09.log
paging,q3,page_directory,17147.0,,6801536332,6.334424328058958,437,0,498,experiment/fixed_page_runs/allq_5x_7gb_fixed/paging/q3/log_dir/sirius_2026-07-09.log
paging,q3,page_budget,17167.0,0,4288583040,3.9940541982650757,,324950704,21,experiment/fixed_page_runs/allq_5x_7gb_fixed/paging/q3/log_dir/sirius_2026-07-09.log
paging,q3,page_directory,17168.0,,6805006196,6.337655890733004,437,0,519,experiment/fixed_page_runs/allq_5x_7gb_fixed/paging/q3/log_dir/sirius_2026-07-09.log
paging,q3,page_budget,17491.0,1,4293596288,3.9987231492996216,,315074528,20,experiment/fixed_page_runs/allq_5x_7gb_fixed/paging/q3/log_dir/sirius_2026-07-09.log
paging,q3,page_directory,17491.0,,6818235056,6.349976226687431,438,0,539,experiment/fixed_page_runs/allq_5x_7gb_fixed/paging/q3/log_dir/sirius_2026-07-09.log
paging,q3,page_budget,17510.0,0,4285127804,3.9908362589776516,,331722672,21,experiment/fixed_page_runs/allq_5x_7gb_fixed/paging/q3/log_dir/sirius_2026-07-09.log
paging,q3,page_directory,17510.0,,6814779820,6.346758287400007,438,0,560,experiment/fixed_page_runs/allq_5x_7gb_fixed/paging/q3/log_dir/sirius_2026-07-09.log
paging,q3,page_budget,17820.0,0,4288515816,3.9939915910363197,,324868840,21,experiment/fixed_page_runs/allq_5x_7gb_fixed/paging/q3/log_dir/sirius_2026-07-09.log
paging,q3,page_directory,17821.0,,6818167832,6.349913619458675,438,0,581,experiment/fixed_page_runs/allq_5x_7gb_fixed/paging/q3/log_dir/sirius_2026-07-09.log
paging,q3,page_budget,17842.0,1,4279367844,3.9854718782007694,,342622244,23,experiment/fixed_page_runs/allq_5x_7gb_fixed/paging/q3/log_dir/sirius_2026-07-09.log
paging,q3,page_directory,17842.0,,6948993144,6.471754185855389,446,0,594,experiment/fixed_page_runs/allq_5x_7gb_fixed/paging/q3/log_dir/sirius_2026-07-09.log
paging,q3,page_budget,18144.0,1,4288569708,3.994041781872511,,319214392,21,experiment/fixed_page_runs/allq_5x_7gb_fixed/paging/q3/log_dir/sirius_2026-07-09.log
paging,q3,page_directory,18144.0,,6978928336,6.499633505940437,448,0,613,experiment/fixed_page_runs/allq_5x_7gb_fixed/paging/q3/log_dir/sirius_2026-07-09.log
paging,q3,page_budget,18167.0,0,4284279984,3.990046665072441,,332640860,22,experiment/fixed_page_runs/allq_5x_7gb_fixed/paging/q3/log_dir/sirius_2026-07-09.log
paging,q3,page_directory,18167.0,,7102896132,6.615087512880564,456,0,626,experiment/fixed_page_runs/allq_5x_7gb_fixed/paging/q3/log_dir/sirius_2026-07-09.log
paging,q3,page_budget,18477.0,1,4284977216,3.9906960129737854,,332113272,21,experiment/fixed_page_runs/allq_5x_7gb_fixed/paging/q3/log_dir/sirius_2026-07-09.log
paging,q3,page_directory,18477.0,,7099303640,6.611741743981838,456,0,647,experiment/fixed_page_runs/allq_5x_7gb_fixed/paging/q3/log_dir/sirius_2026-07-09.log
paging,q3,page_budget,18498.0,0,4280918748,3.986916270107031,,331699064,21,experiment/fixed_page_runs/allq_5x_7gb_fixed/paging/q3/log_dir/sirius_2026-07-09.log
paging,q3,page_directory,18498.0,,7095942404,6.608611349016428,456,0,668,experiment/fixed_page_runs/allq_5x_7gb_fixed/paging/q3/log_dir/sirius_2026-07-09.log
paging,q3,page_budget,18638.0,0,4288501292,3.993978064507246,,111984512,9,experiment/fixed_page_runs/allq_5x_7gb_fixed/paging/q3/log_dir/sirius_2026-07-09.log
paging,q3,page_directory,18638.0,,7103524948,6.615673143416643,458,0,677,experiment/fixed_page_runs/allq_5x_7gb_fixed/paging/q3/log_dir/sirius_2026-07-09.log
paging,q3,page_budget,18740.0,1,4288428076,3.993909876793623,,324976904,21,experiment/fixed_page_runs/allq_5x_7gb_fixed/paging/q3/log_dir/sirius_2026-07-09.log
paging,q3,page_directory,18740.0,,7106975808,6.618887007236481,458,0,698,experiment/fixed_page_runs/allq_5x_7gb_fixed/paging/q3/log_dir/sirius_2026-07-09.log
paging,q3,page_budget,20407.0,0,4280907764,3.9869060404598713,,264023928,17,experiment/fixed_page_runs/allq_5x_7gb_fixed/paging/q3/log_dir/sirius_2026-07-09.log
paging,q3,page_directory,20407.0,,1683645560,1.568017117679119,118,0,24,experiment/fixed_page_runs/allq_5x_7gb_fixed/paging/q3/log_dir/sirius_2026-07-09.log
paging,q3,page_budget,20412.0,1,4281375856,3.987341985106468,,264015540,17,experiment/fixed_page_runs/allq_5x_7gb_fixed/paging/q3/log_dir/sirius_2026-07-09.log
paging,q3,page_directory,20412.0,,1897781660,1.7674469016492367,133,0,27,experiment/fixed_page_runs/allq_5x_7gb_fixed/paging/q3/log_dir/sirius_2026-07-09.log
paging,q3,page_budget,20656.0,1,4290628232,3.9959589317440987,,247103528,16,experiment/fixed_page_runs/allq_5x_7gb_fixed/paging/q3/log_dir/sirius_2026-07-09.log
paging,q3,page_directory,20656.0,,2111411580,1.9664052687585354,148,0,30,experiment/fixed_page_runs/allq_5x_7gb_fixed/paging/q3/log_dir/sirius_2026-07-09.log
paging,q3,page_budget,20661.0,0,4290157144,3.995520196855068,,247160020,16,experiment/fixed_page_runs/allq_5x_7gb_fixed/paging/q3/log_dir/sirius_2026-07-09.log
paging,q3,page_directory,20661.0,,2325086080,2.1654051542282104,163,0,33,experiment/fixed_page_runs/allq_5x_7gb_fixed/paging/q3/log_dir/sirius_2026-07-09.log
paging,q3,page_budget,20903.0,1,4289940960,3.9953188598155975,,257027288,17,experiment/fixed_page_runs/allq_5x_7gb_fixed/paging/q3/log_dir/sirius_2026-07-09.log
paging,q3,page_directory,20903.0,,2538702760,2.3643511906266212,178,0,36,experiment/fixed_page_runs/allq_5x_7gb_fixed/paging/q3/log_dir/sirius_2026-07-09.log
paging,q3,page_budget,20908.0,0,4289374568,3.994791366159916,,257164544,17,experiment/fixed_page_runs/allq_5x_7gb_fixed/paging/q3/log_dir/sirius_2026-07-09.log
paging,q3,page_directory,20908.0,,2752354400,2.5633297860622406,193,0,39,experiment/fixed_page_runs/allq_5x_7gb_fixed/paging/q3/log_dir/sirius_2026-07-09.log
paging,q3,page_budget,21037.0,1,4289852864,3.995236814022064,,225151360,15,experiment/fixed_page_runs/allq_5x_7gb_fixed/paging/q3/log_dir/sirius_2026-07-09.log
paging,q3,page_directory,21037.0,,2939907120,2.7380018681287766,206,0,42,experiment/fixed_page_runs/allq_5x_7gb_fixed/paging/q3/log_dir/sirius_2026-07-09.log
paging,q3,page_budget,21406.0,0,4285860652,3.9915187768638134,,331624216,21,experiment/fixed_page_runs/allq_5x_7gb_fixed/paging/q3/log_dir/sirius_2026-07-09.log
paging,q3,page_directory,21407.0,,5635806396,5.248753722757101,364,0,813,experiment/fixed_page_runs/allq_5x_7gb_fixed/paging/q3/log_dir/sirius_2026-07-09.log
paging,q3,page_budget,21489.0,1,4286223956,3.9918571300804615,,332759864,22,experiment/fixed_page_runs/allq_5x_7gb_fixed/paging/q3/log_dir/sirius_2026-07-09.log
paging,q3,page_directory,21490.0,,5632177488,5.245374038815498,363,0,835,experiment/fixed_page_runs/allq_5x_7gb_fixed/paging/q3/log_dir/sirius_2026-07-09.log
paging,q3,page_budget,21684.0,0,4289520476,3.994927253574133,,325312624,21,experiment/fixed_page_runs/allq_5x_7gb_fixed/paging/q3/log_dir/sirius_2026-07-09.log
paging,q3,page_directory,21684.0,,5635837312,5.248782515525818,363,0,856,experiment/fixed_page_runs/allq_5x_7gb_fixed/paging/q3/log_dir/sirius_2026-07-09.log
paging,q3,page_budget,21790.0,1,4282983376,3.988839104771614,,332434704,21,experiment/fixed_page_runs/allq_5x_7gb_fixed/paging/q3/log_dir/sirius_2026-07-09.log
paging,q3,page_directory,21791.0,,5632596732,5.24576449021697,363,0,877,experiment/fixed_page_runs/allq_5x_7gb_fixed/paging/q3/log_dir/sirius_2026-07-09.log
paging,q3,page_budget,21994.0,0,4286147344,3.991785779595375,,331956856,21,experiment/fixed_page_runs/allq_5x_7gb_fixed/paging/q3/log_dir/sirius_2026-07-09.log
paging,q3,page_directory,21995.0,,5629223600,5.242623016238213,363,0,898,experiment/fixed_page_runs/allq_5x_7gb_fixed/paging/q3/log_dir/sirius_2026-07-09.log
paging,q3,page_budget,22085.0,1,4286316220,3.991943057626486,,325042504,21,experiment/fixed_page_runs/allq_5x_7gb_fixed/paging/q3/log_dir/sirius_2026-07-09.log
paging,q3,page_directory,22085.0,,5632556444,5.245726969093084,363,0,919,experiment/fixed_page_runs/allq_5x_7gb_fixed/paging/q3/log_dir/sirius_2026-07-09.log
paging,q3,page_budget,22371.0,1,4282879612,3.9887424670159817,,331785664,21,experiment/fixed_page_runs/allq_5x_7gb_fixed/paging/q3/log_dir/sirius_2026-07-09.log
paging,q3,page_directory,22371.0,,5629119836,5.24252637848258,363,0,940,experiment/fixed_page_runs/allq_5x_7gb_fixed/paging/q3/log_dir/sirius_2026-07-09.log
paging,q3,page_budget,22390.0,0,4289380120,3.99479653686285,,325242336,21,experiment/fixed_page_runs/allq_5x_7gb_fixed/paging/q3/log_dir/sirius_2026-07-09.log
paging,q3,page_directory,22390.0,,5632352612,5.245537135750055,363,0,961,experiment/fixed_page_runs/allq_5x_7gb_fixed/paging/q3/log_dir/sirius_2026-07-09.log
paging,q3,page_budget,25212.0,0,4285731984,3.9913989454507828,,332039080,21,experiment/fixed_page_runs/allq_5x_7gb_fixed/paging/q3/log_dir/sirius_2026-07-09.log
paging,q3,page_directory,25212.0,,5628704476,5.242139544337988,363,0,982,experiment/fixed_page_runs/allq_5x_7gb_fixed/paging/q3/log_dir/sirius_2026-07-09.log
paging,q3,page_budget,25228.0,1,4286320456,3.991947002708912,,324987648,21,experiment/fixed_page_runs/allq_5x_7gb_fixed/paging/q3/log_dir/sirius_2026-07-09.log
paging,q3,page_directory,25228.0,,5632145320,5.245344080030918,363,0,1003,experiment/fixed_page_runs/allq_5x_7gb_fixed/paging/q3/log_dir/sirius_2026-07-09.log
paging,q3,page_budget,25569.0,1,4282785212,3.988654550164938,,331825360,21,experiment/fixed_page_runs/allq_5x_7gb_fixed/paging/q3/log_dir/sirius_2026-07-09.log
paging,q3,page_directory,25569.0,,5628610076,5.242051627486944,363,0,1024,experiment/fixed_page_runs/allq_5x_7gb_fixed/paging/q3/log_dir/sirius_2026-07-09.log
paging,q3,page_budget,25587.0,0,4289160968,3.994592435657978,,324947736,21,experiment/fixed_page_runs/allq_5x_7gb_fixed/paging/q3/log_dir/sirius_2026-07-09.log
paging,q3,page_directory,25587.0,,5632039060,5.2452451176941395,363,0,1045,experiment/fixed_page_runs/allq_5x_7gb_fixed/paging/q3/log_dir/sirius_2026-07-09.log
paging,q3,page_budget,25879.0,1,4286238232,3.9918704256415367,,324945232,21,experiment/fixed_page_runs/allq_5x_7gb_fixed/paging/q3/log_dir/sirius_2026-07-09.log
paging,q3,page_directory,25879.0,,5635492080,5.248460993170738,363,0,1066,experiment/fixed_page_runs/allq_5x_7gb_fixed/paging/q3/log_dir/sirius_2026-07-09.log
paging,q3,page_budget,25903.0,0,4285728536,3.9913957342505455,,331816264,21,experiment/fixed_page_runs/allq_5x_7gb_fixed/paging/q3/log_dir/sirius_2026-07-09.log
paging,q3,page_directory,25903.0,,5632059648,5.245264291763306,363,0,1087,experiment/fixed_page_runs/allq_5x_7gb_fixed/paging/q3/log_dir/sirius_2026-07-09.log
paging,q3,page_budget,26216.0,1,4282738168,3.9886107370257378,,331702960,21,experiment/fixed_page_runs/allq_5x_7gb_fixed/paging/q3/log_dir/sirius_2026-07-09.log
paging,q3,page_directory,26216.0,,5628559584,5.242004603147507,363,0,1108,experiment/fixed_page_runs/allq_5x_7gb_fixed/paging/q3/log_dir/sirius_2026-07-09.log
paging,q3,page_budget,26235.0,0,4289283976,3.9947069957852364,,325092320,21,experiment/fixed_page_runs/allq_5x_7gb_fixed/paging/q3/log_dir/sirius_2026-07-09.log
paging,q3,page_directory,26235.0,,5632115024,5.245315864682198,363,0,1129,experiment/fixed_page_runs/allq_5x_7gb_fixed/paging/q3/log_dir/sirius_2026-07-09.log
paging,q3,page_budget,26554.0,0,4285909724,3.991564478725195,,331743440,21,experiment/fixed_page_runs/allq_5x_7gb_fixed/paging/q3/log_dir/sirius_2026-07-09.log
paging,q3,page_directory,26554.0,,5628740772,5.242173347622156,363,0,1150,experiment/fixed_page_runs/allq_5x_7gb_fixed/paging/q3/log_dir/sirius_2026-07-09.log
paging,q3,page_budget,26572.0,1,4286125192,3.991765148937702,,325033544,21,experiment/fixed_page_runs/allq_5x_7gb_fixed/paging/q3/log_dir/sirius_2026-07-09.log
paging,q3,page_directory,26572.0,,5632127796,5.245327759534121,363,0,1171,experiment/fixed_page_runs/allq_5x_7gb_fixed/paging/q3/log_dir/sirius_2026-07-09.log
paging,q3,page_budget,26913.0,0,4289317680,3.994738385081291,,324895432,21,experiment/fixed_page_runs/allq_5x_7gb_fixed/paging/q3/log_dir/sirius_2026-07-09.log
paging,q3,page_directory,26913.0,,5635535752,5.248501665890217,363,0,1192,experiment/fixed_page_runs/allq_5x_7gb_fixed/paging/q3/log_dir/sirius_2026-07-09.log
paging,q3,page_budget,26933.0,1,4282643084,3.988522183150053,,331749544,21,experiment/fixed_page_runs/allq_5x_7gb_fixed/paging/q3/log_dir/sirius_2026-07-09.log
paging,q3,page_directory,26933.0,,5632053644,5.245258700102568,363,0,1213,experiment/fixed_page_runs/allq_5x_7gb_fixed/paging/q3/log_dir/sirius_2026-07-09.log
paging,q3,page_budget,27236.0,1,4285563360,3.991241902112961,,325336576,21,experiment/fixed_page_runs/allq_5x_7gb_fixed/paging/q3/log_dir/sirius_2026-07-09.log
paging,q3,page_directory,27236.0,,5634973920,5.2479784190654755,363,0,1234,experiment/fixed_page_runs/allq_5x_7gb_fixed/paging/q3/log_dir/sirius_2026-07-09.log
paging,q3,page_budget,27255.0,0,4285938560,3.9915913343429565,,331772920,21,experiment/fixed_page_runs/allq_5x_7gb_fixed/paging/q3/log_dir/sirius_2026-07-09.log
paging,q3,page_directory,27255.0,,5631594800,5.244831368327141,363,0,1255,experiment/fixed_page_runs/allq_5x_7gb_fixed/paging/q3/log_dir/sirius_2026-07-09.log
paging,q3,page_budget,27564.0,0,4289379216,3.9947956949472427,,324975600,21,experiment/fixed_page_runs/allq_5x_7gb_fixed/paging/q3/log_dir/sirius_2026-07-09.log
paging,q3,page_directory,27564.0,,5635035456,5.248035728931427,363,0,1276,experiment/fixed_page_runs/allq_5x_7gb_fixed/paging/q3/log_dir/sirius_2026-07-09.log
paging,q3,page_budget,27585.0,1,4282155196,3.988067802041769,,331813192,21,experiment/fixed_page_runs/allq_5x_7gb_fixed/paging/q3/log_dir/sirius_2026-07-09.log
paging,q3,page_directory,27585.0,,5631627292,5.244861628860235,363,0,1297,experiment/fixed_page_runs/allq_5x_7gb_fixed/paging/q3/log_dir/sirius_2026-07-09.log
paging,q3,page_budget,27889.0,1,4285552328,3.9912316277623177,,324940696,21,experiment/fixed_page_runs/allq_5x_7gb_fixed/paging/q3/log_dir/sirius_2026-07-09.log
paging,q3,page_directory,27889.0,,5635024424,5.248025454580784,363,0,1318,experiment/fixed_page_runs/allq_5x_7gb_fixed/paging/q3/log_dir/sirius_2026-07-09.log
paging,q3,page_budget,27909.0,0,4285488804,3.991172466427088,,332411192,22,experiment/fixed_page_runs/allq_5x_7gb_fixed/paging/q3/log_dir/sirius_2026-07-09.log
paging,q3,page_directory,27909.0,,5631134012,5.244402226060629,362,0,1340,experiment/fixed_page_runs/allq_5x_7gb_fixed/paging/q3/log_dir/sirius_2026-07-09.log
paging,q3,page_budget,28091.0,1,4286463704,3.9920804128050804,,118655680,9,experiment/fixed_page_runs/allq_5x_7gb_fixed/paging/q3/log_dir/sirius_2026-07-09.log
paging,q3,page_directory,28091.0,,5632045388,5.245251011103392,364,0,1349,experiment/fixed_page_runs/allq_5x_7gb_fixed/paging/q3/log_dir/sirius_2026-07-09.log
paging,q3,page_budget,28192.0,0,4281919784,3.9878485575318336,,331996784,21,experiment/fixed_page_runs/allq_5x_7gb_fixed/paging/q3/log_dir/sirius_2026-07-09.log
paging,q3,page_directory,28192.0,,5628476368,5.2419271022081375,364,0,1370,experiment/fixed_page_runs/allq_5x_7gb_fixed/paging/q3/log_dir/sirius_2026-07-09.log
paging,q3,page_budget,29853.0,0,4291103472,3.996401533484459,,247246712,16,experiment/fixed_page_runs/allq_5x_7gb_fixed/paging/q3/log_dir/sirius_2026-07-09.log
paging,q3,page_directory,29853.0,,3153599120,2.9370180517435074,221,0,45,experiment/fixed_page_runs/allq_5x_7gb_fixed/paging/q3/log_dir/sirius_2026-07-09.log
paging,q3,page_budget,29857.0,1,4286311164,3.9919383488595486,,257115860,17,experiment/fixed_page_runs/allq_5x_7gb_fixed/paging/q3/log_dir/sirius_2026-07-09.log
paging,q3,page_directory,29857.0,,3367735220,3.136447835713625,236,0,48,experiment/fixed_page_runs/allq_5x_7gb_fixed/paging/q3/log_dir/sirius_2026-07-09.log
paging,q3,page_budget,30095.0,0,4290414980,3.9957603253424168,,257097892,17,experiment/fixed_page_runs/allq_5x_7gb_fixed/paging/q3/log_dir/sirius_2026-07-09.log
paging,q3,page_directory,30095.0,,3581409720,3.3354477211833,251,0,51,experiment/fixed_page_runs/allq_5x_7gb_fixed/paging/q3/log_dir/sirius_2026-07-09.log
paging,q3,page_budget,30099.0,1,4278761508,3.9849071837961674,,263905560,17,experiment/fixed_page_runs/allq_5x_7gb_fixed/paging/q3/log_dir/sirius_2026-07-09.log
paging,q3,page_directory,30100.0,,3795039640,3.5344060882925987,266,0,54,experiment/fixed_page_runs/allq_5x_7gb_fixed/paging/q3/log_dir/sirius_2026-07-09.log
paging,q3,page_budget,30343.0,1,4287983292,3.993495639413595,,247118232,16,experiment/fixed_page_runs/allq_5x_7gb_fixed/paging/q3/log_dir/sirius_2026-07-09.log
paging,q3,page_directory,30343.0,,4008656320,3.7333521246910095,281,0,57,experiment/fixed_page_runs/allq_5x_7gb_fixed/paging/q3/log_dir/sirius_2026-07-09.log
paging,q3,page_budget,30347.0,0,4282793060,3.9886618591845036,,264003888,17,experiment/fixed_page_runs/allq_5x_7gb_fixed/paging/q3/log_dir/sirius_2026-07-09.log
paging,q3,page_directory,30347.0,,4222307960,3.932330720126629,296,0,60,experiment/fixed_page_runs/allq_5x_7gb_fixed/paging/q3/log_dir/sirius_2026-07-09.log
paging,q3,page_budget,30477.0,1,4278685964,3.9848368279635906,,234360592,17,experiment/fixed_page_runs/allq_5x_7gb_fixed/paging/q3/log_dir/sirius_2026-07-09.log
paging,q3,page_directory,30477.0,,4290651808,3.995980888605118,301,0,71,experiment/fixed_page_runs/allq_5x_7gb_fixed/paging/q3/log_dir/sirius_2026-07-09.log
paging,q3,page_budget,30929.0,1,4292150240,3.997376412153244,,315666680,20,experiment/fixed_page_runs/allq_5x_7gb_fixed/paging/q3/log_dir/sirius_2026-07-09.log
paging,q3,page_directory,30930.0,,4317845924,4.02130738273263,279,0,1476,experiment/fixed_page_runs/allq_5x_7gb_fixed/paging/q3/log_dir/sirius_2026-07-09.log
paging,q3,page_budget,30954.0,0,4286115640,3.9917562529444695,,324787720,21,experiment/fixed_page_runs/allq_5x_7gb_fixed/paging/q3/log_dir/sirius_2026-07-09.log
paging,q3,page_directory,30954.0,,4321168504,4.024401776492596,279,0,1497,experiment/fixed_page_runs/allq_5x_7gb_fixed/paging/q3/log_dir/sirius_2026-07-09.log
paging,q3,page_budget,31328.0,0,4282938968,3.9887977465987206,,332149120,21,experiment/fixed_page_runs/allq_5x_7gb_fixed/paging/q3/log_dir/sirius_2026-07-09.log
paging,q3,page_directory,31328.0,,4317991832,4.021443270146847,279,0,1518,experiment/fixed_page_runs/allq_5x_7gb_fixed/paging/q3/log_dir/sirius_2026-07-09.log
paging,q3,page_budget,31332.0,1,4287280436,3.9928410537540913,,334063928,22,experiment/fixed_page_runs/allq_5x_7gb_fixed/paging/q3/log_dir/sirius_2026-07-09.log
paging,q3,page_directory,31332.0,,4365019564,4.0652412585914135,282,0,1536,experiment/fixed_page_runs/allq_5x_7gb_fixed/paging/q3/log_dir/sirius_2026-07-09.log
paging,q3,page_budget,31691.0,1,4283859552,3.9896551072597504,,331796232,21,experiment/fixed_page_runs/allq_5x_7gb_fixed/paging/q3/log_dir/sirius_2026-07-09.log
paging,q3,page_directory,31691.0,,4411930328,4.108930312097073,285,0,1554,experiment/fixed_page_runs/allq_5x_7gb_fixed/paging/q3/log_dir/sirius_2026-07-09.log
paging,q3,page_budget,31718.0,0,4286392628,3.992014218121767,,325130064,21,experiment/fixed_page_runs/allq_5x_7gb_fixed/paging/q3/log_dir/sirius_2026-07-09.log
paging,q3,page_directory,31718.0,,4415383988,4.112146783620119,285,0,1575,experiment/fixed_page_runs/allq_5x_7gb_fixed/paging/q3/log_dir/sirius_2026-07-09.log
paging,q3,page_budget,32050.0,1,4278874320,3.985012248158455,,333334288,22,experiment/fixed_page_runs/allq_5x_7gb_fixed/paging/q3/log_dir/sirius_2026-07-09.log
paging,q3,page_directory,32050.0,,4462290996,4.155832339078188,288,0,1593,experiment/fixed_page_runs/allq_5x_7gb_fixed/paging/q3/log_dir/sirius_2026-07-09.log
paging,q3,page_budget,32078.0,0,4283090228,3.988938618451357,,331777512,21,experiment/fixed_page_runs/allq_5x_7gb_fixed/paging/q3/log_dir/sirius_2026-07-09.log
paging,q3,page_directory,32078.0,,4458988596,4.152756739407778,288,0,1614,experiment/fixed_page_runs/allq_5x_7gb_fixed/paging/q3/log_dir/sirius_2026-07-09.log
paging,q3,page_budget,33532.0,1,4284326020,3.990089539438486,,322976792,21,experiment/fixed_page_runs/allq_5x_7gb_fixed/paging/q3/log_dir/sirius_2026-07-09.log
paging,q3,page_directory,33532.0,,4505906952,4.196452863514423,291,0,1632,experiment/fixed_page_runs/allq_5x_7gb_fixed/paging/q3/log_dir/sirius_2026-07-09.log
paging,q3,page_budget,33558.0,0,4286287660,3.991916459053755,,325193512,21,experiment/fixed_page_runs/allq_5x_7gb_fixed/paging/q3/log_dir/sirius_2026-07-09.log
paging,q3,page_directory,33558.0,,4509104384,4.199430704116821,291,0,1653,experiment/fixed_page_runs/allq_5x_7gb_fixed/paging/q3/log_dir/sirius_2026-07-09.log
paging,q3,page_budget,33793.0,1,4280892960,3.9868922531604767,,331723176,21,experiment/fixed_page_runs/allq_5x_7gb_fixed/paging/q3/log_dir/sirius_2026-07-09.log
paging,q3,page_directory,33793.0,,4556002972,4.243108417838812,294,0,1671,experiment/fixed_page_runs/allq_5x_7gb_fixed/paging/q3/log_dir/sirius_2026-07-09.log
paging,q3,page_budget,34062.0,1,4292484204,3.997687440365553,,316807008,21,experiment/fixed_page_runs/allq_5x_7gb_fixed/paging/q3/log_dir/sirius_2026-07-09.log
paging,q3,page_directory,34062.0,,4602917008,4.286800518631935,297,0,1689,experiment/fixed_page_runs/allq_5x_7gb_fixed/paging/q3/log_dir/sirius_2026-07-09.log
paging,q3,page_budget,34330.0,1,4289038684,3.994478549808264,,331648416,21,experiment/fixed_page_runs/allq_5x_7gb_fixed/paging/q3/log_dir/sirius_2026-07-09.log
paging,q3,page_directory,34330.0,,4649803136,4.330466628074646,300,0,1707,experiment/fixed_page_runs/allq_5x_7gb_fixed/paging/q3/log_dir/sirius_2026-07-09.log
paging,q3,page_budget,34981.0,1,4284058372,3.9898402728140354,,333400880,22,experiment/fixed_page_runs/allq_5x_7gb_fixed/paging/q3/log_dir/sirius_2026-07-09.log
paging,q3,page_directory,34981.0,,4696720360,4.374161697924137,303,0,1725,experiment/fixed_page_runs/allq_5x_7gb_fixed/paging/q3/log_dir/sirius_2026-07-09.log
paging,q3,page_budget,35005.0,0,4282838860,3.988704513758421,,331825520,21,experiment/fixed_page_runs/allq_5x_7gb_fixed/paging/q3/log_dir/sirius_2026-07-09.log
paging,q3,page_directory,35005.0,,4693271560,4.370949752628803,303,0,1746,experiment/fixed_page_runs/allq_5x_7gb_fixed/paging/q3/log_dir/sirius_2026-07-09.log
paging,q3,page_budget,35315.0,1,4280622072,3.9866399690508842,,331703736,21,experiment/fixed_page_runs/allq_5x_7gb_fixed/paging/q3/log_dir/sirius_2026-07-09.log
paging,q3,page_directory,35315.0,,4740166908,4.414624448865652,306,0,1764,experiment/fixed_page_runs/allq_5x_7gb_fixed/paging/q3/log_dir/sirius_2026-07-09.log
paging,q3,page_budget,35334.0,0,4286258532,3.9918893314898014,,324964160,21,experiment/fixed_page_runs/allq_5x_7gb_fixed/paging/q3/log_dir/sirius_2026-07-09.log
paging,q3,page_directory,35334.0,,4743586580,4.4178092665970325,306,0,1785,experiment/fixed_page_runs/allq_5x_7gb_fixed/paging/q3/log_dir/sirius_2026-07-09.log
paging,q3,page_budget,35604.0,0,4282951972,3.988809857517481,,331954320,21,experiment/fixed_page_runs/allq_5x_7gb_fixed/paging/q3/log_dir/sirius_2026-07-09.log
paging,q3,page_directory,35604.0,,4740280020,4.414729792624712,306,0,1806,experiment/fixed_page_runs/allq_5x_7gb_fixed/paging/q3/log_dir/sirius_2026-07-09.log
paging,q3,page_budget,35710.0,1,4292400884,3.997609842568636,,316478040,21,experiment/fixed_page_runs/allq_5x_7gb_fixed/paging/q3/log_dir/sirius_2026-07-09.log
paging,q3,page_directory,35710.0,,4787173856,4.458403080701828,309,0,1824,experiment/fixed_page_runs/allq_5x_7gb_fixed/paging/q3/log_dir/sirius_2026-07-09.log
paging,q3,page_budget,35884.0,0,4286294144,3.9919224977493286,,325027016,21,experiment/fixed_page_runs/allq_5x_7gb_fixed/paging/q3/log_dir/sirius_2026-07-09.log
paging,q3,page_directory,35884.0,,4790516028,4.461515720933676,309,0,1845,experiment/fixed_page_runs/allq_5x_7gb_fixed/paging/q3/log_dir/sirius_2026-07-09.log
paging,q3,page_budget,35983.0,1,4281072016,3.987059012055397,,339733896,22,experiment/fixed_page_runs/allq_5x_7gb_fixed/paging/q3/log_dir/sirius_2026-07-09.log
paging,q3,page_directory,35984.0,,4837431032,4.505208723247051,312,0,1863,experiment/fixed_page_runs/allq_5x_7gb_fixed/paging/q3/log_dir/sirius_2026-07-09.log
paging,q3,page_budget,36149.0,0,4282862980,3.9887269772589207,,331734552,21,experiment/fixed_page_runs/allq_5x_7gb_fixed/paging/q3/log_dir/sirius_2026-07-09.log
paging,q3,page_directory,36149.0,,4884331516,4.548888202756643,315,0,1881,experiment/fixed_page_runs/allq_5x_7gb_fixed/paging/q3/log_dir/sirius_2026-07-09.log
paging,q3,page_budget,36259.0,1,4294422988,3.999493073672056,,314986856,20,experiment/fixed_page_runs/allq_5x_7gb_fixed/paging/q3/log_dir/sirius_2026-07-09.log
paging,q3,page_directory,36259.0,,4931236920,4.5925722643733025,318,0,1899,experiment/fixed_page_runs/allq_5x_7gb_fixed/paging/q3/log_dir/sirius_2026-07-09.log
paging,q3,page_budget,36537.0,1,4294726780,3.999776002019644,,119263264,10,experiment/fixed_page_runs/allq_5x_7gb_fixed/paging/q3/log_dir/sirius_2026-07-09.log
paging,q3,page_directory,36538.0,,4948317928,4.60848019272089,320,0,1908,experiment/fixed_page_runs/allq_5x_7gb_fixed/paging/q3/log_dir/sirius_2026-07-09.log
paging,q3,page_budget,36549.0,0,4294631228,3.999687012284994,,316625552,21,experiment/fixed_page_runs/allq_5x_7gb_fixed/paging/q3/log_dir/sirius_2026-07-09.log
paging,q3,page_directory,36549.0,,4995231328,4.652171701192856,323,0,1926,experiment/fixed_page_runs/allq_5x_7gb_fixed/paging/q3/log_dir/sirius_2026-07-09.log
paging,q3,page_budget,36818.0,0,4291216188,3.9965065084397793,,331831296,21,experiment/fixed_page_runs/allq_5x_7gb_fixed/paging/q3/log_dir/sirius_2026-07-09.log
paging,q3,page_directory,36818.0,,5042147936,4.695866197347641,326,0,1944,experiment/fixed_page_runs/allq_5x_7gb_fixed/paging/q3/log_dir/sirius_2026-07-09.log
paging,q3,page_budget,37070.0,0,4286232360,3.9918649569153786,,333504608,22,experiment/fixed_page_runs/allq_5x_7gb_fixed/paging/q3/log_dir/sirius_2026-07-09.log
paging,q3,page_directory,37070.0,,5089079476,4.73957460001111,329,0,1962,experiment/fixed_page_runs/allq_5x_7gb_fixed/paging/q3/log_dir/sirius_2026-07-09.log
paging,q3,page_budget,37340.0,0,4282818964,3.9886859841644764,,331841160,21,experiment/fixed_page_runs/allq_5x_7gb_fixed/paging/q3/log_dir/sirius_2026-07-09.log
paging,q3,page_directory,37341.0,,5135997728,4.783270627260208,332,0,1980,experiment/fixed_page_runs/allq_5x_7gb_fixed/paging/q3/log_dir/sirius_2026-07-09.log
paging,q3,page_budget,38937.0,1,4285864232,3.9915221109986305,,265825868,19,experiment/fixed_page_runs/allq_5x_7gb_fixed/paging/q3/log_dir/sirius_2026-07-09.log
paging,q3,page_directory,38937.0,,3432685468,3.196937467902899,242,0,148,experiment/fixed_page_runs/allq_5x_7gb_fixed/paging/q3/log_dir/sirius_2026-07-09.log
paging,q3,page_budget,38941.0,0,4290435356,3.995779301971197,,248814008,18,experiment/fixed_page_runs/allq_5x_7gb_fixed/paging/q3/log_dir/sirius_2026-07-09.log
paging,q3,page_directory,38941.0,,3440301860,3.2040307857096195,242,0,166,experiment/fixed_page_runs/allq_5x_7gb_fixed/paging/q3/log_dir/sirius_2026-07-09.log
paging,q3,page_budget,39179.0,0,4282840752,3.988706275820732,,264004004,18,experiment/fixed_page_runs/allq_5x_7gb_fixed/paging/q3/log_dir/sirius_2026-07-09.log
paging,q3,page_directory,39179.0,,3432707256,3.1969577595591545,242,0,184,experiment/fixed_page_runs/allq_5x_7gb_fixed/paging/q3/log_dir/sirius_2026-07-09.log
paging,q3,page_budget,39184.0,1,4288486976,3.993964731693268,,253733160,17,experiment/fixed_page_runs/allq_5x_7gb_fixed/paging/q3/log_dir/sirius_2026-07-09.log
paging,q3,page_directory,39184.0,,3435330000,3.199400380253792,243,0,201,experiment/fixed_page_runs/allq_5x_7gb_fixed/paging/q3/log_dir/sirius_2026-07-09.log
paging,q3,page_budget,39431.0,0,4290416784,3.9957620054483414,,248805936,18,experiment/fixed_page_runs/allq_5x_7gb_fixed/paging/q3/log_dir/sirius_2026-07-09.log
paging,q3,page_directory,39431.0,,3442906032,3.206456109881401,243,0,219,experiment/fixed_page_runs/allq_5x_7gb_fixed/paging/q3/log_dir/sirius_2026-07-09.log
paging,q3,page_budget,39435.0,1,4279105008,3.985227093100548,,265721984,19,experiment/fixed_page_runs/allq_5x_7gb_fixed/paging/q3/log_dir/sirius_2026-07-09.log
paging,q3,page_directory,39435.0,,3433524064,3.197718471288681,242,0,238,experiment/fixed_page_runs/allq_5x_7gb_fixed/paging/q3/log_dir/sirius_2026-07-09.log
paging,q3,page_budget,39565.0,1,4289407456,3.99482199549675,,214760816,15,experiment/fixed_page_runs/allq_5x_7gb_fixed/paging/q3/log_dir/sirius_2026-07-09.log
paging,q3,page_directory,39565.0,,3443826512,3.207313373684883,243,0,253,experiment/fixed_page_runs/allq_5x_7gb_fixed/paging/q3/log_dir/sirius_2026-07-09.log
paging,q3,page_budget,39926.0,0,4286958036,3.9925407953560352,,331569048,21,experiment/fixed_page_runs/allq_5x_7gb_fixed/paging/q3/log_dir/sirius_2026-07-09.log
paging,q3,page_directory,39926.0,,5182870628,4.826924417167902,335,0,1998,experiment/fixed_page_runs/allq_5x_7gb_fixed/paging/q3/log_dir/sirius_2026-07-09.log
paging,q3,page_budget,39997.0,1,4284533924,3.990283165127039,,334004488,22,experiment/fixed_page_runs/allq_5x_7gb_fixed/paging/q3/log_dir/sirius_2026-07-09.log
paging,q3,page_directory,39997.0,,5229889336,4.870714001357555,338,0,2016,experiment/fixed_page_runs/allq_5x_7gb_fixed/paging/q3/log_dir/sirius_2026-07-09.log
paging,q3,page_budget,40228.0,0,4282038732,3.987959336489439,,333891752,22,experiment/fixed_page_runs/allq_5x_7gb_fixed/paging/q3/log_dir/sirius_2026-07-09.log
paging,q3,page_directory,40228.0,,5276885400,4.914482496678829,341,0,2034,experiment/fixed_page_runs/allq_5x_7gb_fixed/paging/q3/log_dir/sirius_2026-07-09.log
paging,q3,page_budget,40306.0,1,4290095000,3.9954623207449913,,323633048,21,experiment/fixed_page_runs/allq_5x_7gb_fixed/paging/q3/log_dir/sirius_2026-07-09.log
paging,q3,page_directory,40307.0,,5323913132,4.958280485123396,344,0,2052,experiment/fixed_page_runs/allq_5x_7gb_fixed/paging/q3/log_dir/sirius_2026-07-09.log
paging,q3,page_budget,40516.0,0,4278647616,3.9848011136054993,,331974840,21,experiment/fixed_page_runs/allq_5x_7gb_fixed/paging/q3/log_dir/sirius_2026-07-09.log
paging,q3,page_directory,40516.0,,5370853664,5.001997262239456,347,0,2070,experiment/fixed_page_runs/allq_5x_7gb_fixed/paging/q3/log_dir/sirius_2026-07-09.log
paging,q3,page_budget,40589.0,1,4286674116,3.9922763742506504,,331796232,21,experiment/fixed_page_runs/allq_5x_7gb_fixed/paging/q3/log_dir/sirius_2026-07-09.log
paging,q3,page_directory,40589.0,,5417764428,5.045686315745115,350,0,2088,experiment/fixed_page_runs/allq_5x_7gb_fixed/paging/q3/log_dir/sirius_2026-07-09.log
paging,q3,page_budget,40811.0,0,4290443624,3.995787002146244,,316679104,21,experiment/fixed_page_runs/allq_5x_7gb_fixed/paging/q3/log_dir/sirius_2026-07-09.log
paging,q3,page_directory,40811.0,,5464689444,5.089388642460108,353,0,2106,experiment/fixed_page_runs/allq_5x_7gb_fixed/paging/q3/log_dir/sirius_2026-07-09.log
paging,q3,page_budget,40882.0,1,4281481116,3.9874400161206722,,333542056,22,experiment/fixed_page_runs/allq_5x_7gb_fixed/paging/q3/log_dir/sirius_2026-07-09.log
paging,q3,page_directory,40882.0,,5511596452,5.133074197918177,356,0,2124,experiment/fixed_page_runs/allq_5x_7gb_fixed/paging/q3/log_dir/sirius_2026-07-09.log
paging,q3,page_budget,41546.0,0,4287024968,3.9926031306385994,,331809600,21,experiment/fixed_page_runs/allq_5x_7gb_fixed/paging/q3/log_dir/sirius_2026-07-09.log
paging,q3,page_directory,41546.0,,5558509444,5.176765326410532,359,0,2142,experiment/fixed_page_runs/allq_5x_7gb_fixed/paging/q3/log_dir/sirius_2026-07-09.log
paging,q3,page_budget,41574.0,1,4294845040,3.999886140227318,,315064568,20,experiment/fixed_page_runs/allq_5x_7gb_fixed/paging/q3/log_dir/sirius_2026-07-09.log
paging,q3,page_directory,41574.0,,5605427800,5.220461450517178,362,0,2160,experiment/fixed_page_runs/allq_5x_7gb_fixed/paging/q3/log_dir/sirius_2026-07-09.log
paging,q3,page_budget,41893.0,0,4282013560,3.987935893237591,,333388128,22,experiment/fixed_page_runs/allq_5x_7gb_fixed/paging/q3/log_dir/sirius_2026-07-09.log
paging,q3,page_directory,41893.0,,5652338760,5.264150686562061,365,0,2178,experiment/fixed_page_runs/allq_5x_7gb_fixed/paging/q3/log_dir/sirius_2026-07-09.log
paging,q3,page_budget,41910.0,1,4289846092,3.995230507105589,,333289064,22,experiment/fixed_page_runs/allq_5x_7gb_fixed/paging/q3/log_dir/sirius_2026-07-09.log
paging,q3,page_directory,41910.0,,5699237348,5.307828400284052,368,0,2196,experiment/fixed_page_runs/allq_5x_7gb_fixed/paging/q3/log_dir/sirius_2026-07-09.log
paging,q3,page_budget,42247.0,1,4286428480,3.992047607898712,,331815864,21,experiment/fixed_page_runs/allq_5x_7gb_fixed/paging/q3/log_dir/sirius_2026-07-09.log
paging,q3,page_directory,42248.0,,5746151384,5.351520501077175,371,0,2214,experiment/fixed_page_runs/allq_5x_7gb_fixed/paging/q3/log_dir/sirius_2026-07-09.log
paging,q3,page_budget,42271.0,0,4293787384,3.9989011213183403,,316610008,21,experiment/fixed_page_runs/allq_5x_7gb_fixed/paging/q3/log_dir/sirius_2026-07-09.log
paging,q3,page_directory,42271.0,,5793063360,5.395210683345795,374,0,2232,experiment/fixed_page_runs/allq_5x_7gb_fixed/paging/q3/log_dir/sirius_2026-07-09.log
paging,q3,page_budget,42703.0,1,4281422368,3.9873853027820587,,333209008,22,experiment/fixed_page_runs/allq_5x_7gb_fixed/paging/q3/log_dir/sirius_2026-07-09.log
paging,q3,page_directory,42703.0,,5839949488,5.4388767927885056,377,0,2250,experiment/fixed_page_runs/allq_5x_7gb_fixed/paging/q3/log_dir/sirius_2026-07-09.log
paging,q3,page_budget,42727.0,0,4290405416,3.995751418173313,,332029728,21,experiment/fixed_page_runs/allq_5x_7gb_fixed/paging/q3/log_dir/sirius_2026-07-09.log
paging,q3,page_directory,42727.0,,5886899168,5.482602089643478,380,0,2268,experiment/fixed_page_runs/allq_5x_7gb_fixed/paging/q3/log_dir/sirius_2026-07-09.log
paging,q3,page_budget,44065.0,0,4285409076,3.991098213940859,,333365528,22,experiment/fixed_page_runs/allq_5x_7gb_fixed/paging/q3/log_dir/sirius_2026-07-09.log
paging,q3,page_directory,44065.0,,5933809052,5.526290323585272,383,0,2286,experiment/fixed_page_runs/allq_5x_7gb_fixed/paging/q3/log_dir/sirius_2026-07-09.log
paging,q3,page_budget,44091.0,1,4294785160,3.99983037263155,,315057776,20,experiment/fixed_page_runs/allq_5x_7gb_fixed/paging/q3/log_dir/sirius_2026-07-09.log
paging,q3,page_directory,44091.0,,5980726276,5.569985393434763,386,0,2304,experiment/fixed_page_runs/allq_5x_7gb_fixed/paging/q3/log_dir/sirius_2026-07-09.log
paging,q3,page_budget,44416.0,0,4281977912,3.987902693450451,,331734552,21,experiment/fixed_page_runs/allq_5x_7gb_fixed/paging/q3/log_dir/sirius_2026-07-09.log
paging,q3,page_directory,44416.0,,6027626760,5.613664872944355,389,0,2322,experiment/fixed_page_runs/allq_5x_7gb_fixed/paging/q3/log_dir/sirius_2026-07-09.log
paging,q3,page_budget,44435.0,1,4283436636,3.9892612360417843,,339615960,22,experiment/fixed_page_runs/allq_5x_7gb_fixed/paging/q3/log_dir/sirius_2026-07-09.log
paging,q3,page_directory,44436.0,,6074522108,5.657339569181204,392,0,2340,experiment/fixed_page_runs/allq_5x_7gb_fixed/paging/q3/log_dir/sirius_2026-07-09.log
paging,q3,page_budget,44759.0,0,4293746160,3.9988627284765244,,316625552,21,experiment/fixed_page_runs/allq_5x_7gb_fixed/paging/q3/log_dir/sirius_2026-07-09.log
paging,q3,page_directory,44759.0,,6121435508,5.70103107765317,395,0,2358,experiment/fixed_page_runs/allq_5x_7gb_fixed/paging/q3/log_dir/sirius_2026-07-09.log
paging,q3,page_budget,44778.0,1,4278230464,3.9844126105308533,,333463024,22,experiment/fixed_page_runs/allq_5x_7gb_fixed/paging/q3/log_dir/sirius_2026-07-09.log
paging,q3,page_directory,44778.0,,6168329344,5.744704365730286,398,0,2376,experiment/fixed_page_runs/allq_5x_7gb_fixed/paging/q3/log_dir/sirius_2026-07-09.log
paging,q3,page_budget,45086.0,1,4291591036,3.9968556128442287,,315044456,20,experiment/fixed_page_runs/allq_5x_7gb_fixed/paging/q3/log_dir/sirius_2026-07-09.log
paging,q3,page_directory,45087.0,,6215244348,5.788397368043661,401,0,2394,experiment/fixed_page_runs/allq_5x_7gb_fixed/paging/q3/log_dir/sirius_2026-07-09.log
paging,q3,page_budget,45111.0,0,4290331120,3.9956822246313095,,331831296,21,experiment/fixed_page_runs/allq_5x_7gb_fixed/paging/q3/log_dir/sirius_2026-07-09.log
paging,q3,page_directory,45111.0,,6262160956,5.832091864198446,404,0,2412,experiment/fixed_page_runs/allq_5x_7gb_fixed/paging/q3/log_dir/sirius_2026-07-09.log
paging,q3,page_budget,45422.0,0,4285347292,3.991040673106909,,333504608,22,experiment/fixed_page_runs/allq_5x_7gb_fixed/paging/q3/log_dir/sirius_2026-07-09.log
paging,q3,page_directory,45422.0,,6309092496,5.875800266861916,407,0,2430,experiment/fixed_page_runs/allq_5x_7gb_fixed/paging/q3/log_dir/sirius_2026-07-09.log
paging,q3,page_budget,45435.0,1,4286598904,3.9922063276171684,,333329960,22,experiment/fixed_page_runs/allq_5x_7gb_fixed/paging/q3/log_dir/sirius_2026-07-09.log
paging,q3,page_directory,45435.0,,6355997900,5.919484328478575,410,0,2448,experiment/fixed_page_runs/allq_5x_7gb_fixed/paging/q3/log_dir/sirius_2026-07-09.log
paging,q3,page_budget,45694.0,1,4286902696,3.992489255964756,,119263264,10,experiment/fixed_page_runs/allq_5x_7gb_fixed/paging/q3/log_dir/sirius_2026-07-09.log
paging,q3,page_directory,45694.0,,6373078908,5.935392256826162,412,0,2457,experiment/fixed_page_runs/allq_5x_7gb_fixed/paging/q3/log_dir/sirius_2026-07-09.log
paging,q3,page_budget,45702.0,0,4281933896,3.9878617003560066,,331841160,21,experiment/fixed_page_runs/allq_5x_7gb_fixed/paging/q3/log_dir/sirius_2026-07-09.log
paging,q3,page_directory,45703.0,,6419997160,5.97908828407526,415,0,2475,experiment/fixed_page_runs/allq_5x_7gb_fixed/paging/q3/log_dir/sirius_2026-07-09.log
paging,q4,page_directory,1588.0,,524320752,0.4883117526769638,32,0,0,experiment/fixed_page_runs/allq_5x_7gb_fixed/paging/q4/log_dir/sirius_2026-07-09.log
paging,q4,page_directory,1650.0,,1047718160,0.9757635742425919,64,0,0,experiment/fixed_page_runs/allq_5x_7gb_fixed/paging/q4/log_dir/sirius_2026-07-09.log
paging,q4,page_directory,1878.0,,1571126624,1.4632256925106049,96,0,0,experiment/fixed_page_runs/allq_5x_7gb_fixed/paging/q4/log_dir/sirius_2026-07-09.log
paging,q4,page_directory,1933.0,,2095007728,1.9511279910802841,128,0,0,experiment/fixed_page_runs/allq_5x_7gb_fixed/paging/q4/log_dir/sirius_2026-07-09.log
paging,q4,page_directory,2361.0,,2619141376,2.439265489578247,160,0,0,experiment/fixed_page_runs/allq_5x_7gb_fixed/paging/q4/log_dir/sirius_2026-07-09.log
paging,q4,page_directory,2376.0,,3143267072,2.9273955821990967,192,0,0,experiment/fixed_page_runs/allq_5x_7gb_fixed/paging/q4/log_dir/sirius_2026-07-09.log
paging,q4,page_directory,2385.0,,3667402672,3.4155348986387253,224,0,0,experiment/fixed_page_runs/allq_5x_7gb_fixed/paging/q4/log_dir/sirius_2026-07-09.log
paging,q4,page_directory,2395.0,,4191531168,3.903667598962784,256,0,0,experiment/fixed_page_runs/allq_5x_7gb_fixed/paging/q4/log_dir/sirius_2026-07-09.log
paging,q4,page_directory,4409.0,,4715676608,4.391816079616547,288,0,0,experiment/fixed_page_runs/allq_5x_7gb_fixed/paging/q4/log_dir/sirius_2026-07-09.log
paging,q4,page_directory,4443.0,,5239811888,4.879955098032951,320,0,0,experiment/fixed_page_runs/allq_5x_7gb_fixed/paging/q4/log_dir/sirius_2026-07-09.log
paging,q4,page_directory,4469.0,,5763935824,5.36808355152607,352,0,0,experiment/fixed_page_runs/allq_5x_7gb_fixed/paging/q4/log_dir/sirius_2026-07-09.log
paging,q4,page_directory,4481.0,,6288088976,5.856239214539528,384,0,0,experiment/fixed_page_runs/allq_5x_7gb_fixed/paging/q4/log_dir/sirius_2026-07-09.log
paging,q4,page_directory,4770.0,,6812232816,6.344386205077171,416,0,0,experiment/fixed_page_runs/allq_5x_7gb_fixed/paging/q4/log_dir/sirius_2026-07-09.log
paging,q4,page_directory,4792.0,,7336363168,6.832520633935928,448,0,0,experiment/fixed_page_runs/allq_5x_7gb_fixed/paging/q4/log_dir/sirius_2026-07-09.log
paging,q4,page_directory,5121.0,,7860499520,7.320660650730133,480,0,0,experiment/fixed_page_runs/allq_5x_7gb_fixed/paging/q4/log_dir/sirius_2026-07-09.log
paging,q4,page_directory,5346.0,,8384643712,7.808807969093323,512,0,0,experiment/fixed_page_runs/allq_5x_7gb_fixed/paging/q4/log_dir/sirius_2026-07-09.log
paging,q4,page_budget,5601.0,1,4286775328,3.9923706352710724,,429470864,26,experiment/fixed_page_runs/allq_5x_7gb_fixed/paging/q4/log_dir/sirius_2026-07-09.log
paging,q4,page_directory,5601.0,,8479314000,7.896976545453072,518,0,26,experiment/fixed_page_runs/allq_5x_7gb_fixed/paging/q4/log_dir/sirius_2026-07-09.log
paging,q4,page_budget,5783.0,0,4286735336,3.9923333898186684,,429932536,26,experiment/fixed_page_runs/allq_5x_7gb_fixed/paging/q4/log_dir/sirius_2026-07-09.log
paging,q4,page_directory,5783.0,,8573510664,7.984704025089741,524,0,52,experiment/fixed_page_runs/allq_5x_7gb_fixed/paging/q4/log_dir/sirius_2026-07-09.log
paging,q4,page_budget,5960.0,0,4293386768,3.998528018593788,,161040936,10,experiment/fixed_page_runs/allq_5x_7gb_fixed/paging/q4/log_dir/sirius_2026-07-09.log
paging,q4,page_directory,5960.0,,8580162096,7.9908986538648605,525,0,62,experiment/fixed_page_runs/allq_5x_7gb_fixed/paging/q4/log_dir/sirius_2026-07-09.log
paging,q4,page_budget,7617.0,0,4293580424,3.998708374798298,,524127096,32,experiment/fixed_page_runs/allq_5x_7gb_fixed/paging/q4/log_dir/sirius_2026-07-09.log
paging,q4,page_directory,7617.0,,8580355752,7.99107901006937,525,0,94,experiment/fixed_page_runs/allq_5x_7gb_fixed/paging/q4/log_dir/sirius_2026-07-09.log
paging,q4,page_budget,7689.0,1,4286165360,3.9918025583028793,,524007376,32,experiment/fixed_page_runs/allq_5x_7gb_fixed/paging/q4/log_dir/sirius_2026-07-09.log
paging,q4,page_directory,7690.0,,8579745784,7.990510933101177,525,0,126,experiment/fixed_page_runs/allq_5x_7gb_fixed/paging/q4/log_dir/sirius_2026-07-09.log
paging,q4,page_budget,7902.0,0,4292848528,3.998026743531227,,524140360,32,experiment/fixed_page_runs/allq_5x_7gb_fixed/paging/q4/log_dir/sirius_2026-07-09.log
paging,q4,page_directory,7902.0,,8579013888,7.9898293018341064,525,0,158,experiment/fixed_page_runs/allq_5x_7gb_fixed/paging/q4/log_dir/sirius_2026-07-09.log
paging,q4,page_budget,7968.0,1,4285916696,3.991570971906185,,524129768,32,experiment/fixed_page_runs/allq_5x_7gb_fixed/paging/q4/log_dir/sirius_2026-07-09.log
paging,q4,page_directory,7968.0,,8578765224,7.989597715437412,525,0,190,experiment/fixed_page_runs/allq_5x_7gb_fixed/paging/q4/log_dir/sirius_2026-07-09.log
paging,q4,page_budget,8170.0,0,4292839752,3.9980185702443123,,524137272,32,experiment/fixed_page_runs/allq_5x_7gb_fixed/paging/q4/log_dir/sirius_2026-07-09.log
paging,q4,page_directory,8171.0,,8578756448,7.989589542150497,525,0,222,experiment/fixed_page_runs/allq_5x_7gb_fixed/paging/q4/log_dir/sirius_2026-07-09.log
paging,q4,page_budget,8235.0,1,4285903800,3.991558961570263,,524148496,32,experiment/fixed_page_runs/allq_5x_7gb_fixed/paging/q4/log_dir/sirius_2026-07-09.log
paging,q4,page_directory,8235.0,,8578743552,7.989577531814575,525,0,254,experiment/fixed_page_runs/allq_5x_7gb_fixed/paging/q4/log_dir/sirius_2026-07-09.log
paging,q4,page_budget,8457.0,0,4286505288,3.9921191409230232,,530460160,32,experiment/fixed_page_runs/allq_5x_7gb_fixed/paging/q4/log_dir/sirius_2026-07-09.log
paging,q4,page_directory,8457.0,,8572409088,7.983678102493286,525,0,286,experiment/fixed_page_runs/allq_5x_7gb_fixed/paging/q4/log_dir/sirius_2026-07-09.log
paging,q4,page_budget,8528.0,1,4285898696,3.991554208099842,,524138752,32,experiment/fixed_page_runs/allq_5x_7gb_fixed/paging/q4/log_dir/sirius_2026-07-09.log
paging,q4,page_directory,8528.0,,8572403984,7.983673349022865,525,0,318,experiment/fixed_page_runs/allq_5x_7gb_fixed/paging/q4/log_dir/sirius_2026-07-09.log
paging,q4,page_budget,10568.0,1,4286412592,3.9920328110456467,,523639256,32,experiment/fixed_page_runs/allq_5x_7gb_fixed/paging/q4/log_dir/sirius_2026-07-09.log
paging,q4,page_directory,10568.0,,8572917880,7.98415195196867,525,0,350,experiment/fixed_page_runs/allq_5x_7gb_fixed/paging/q4/log_dir/sirius_2026-07-09.log
paging,q4,page_budget,10588.0,0,4286775960,3.9923712238669395,,523864608,32,experiment/fixed_page_runs/allq_5x_7gb_fixed/paging/q4/log_dir/sirius_2026-07-09.log
paging,q4,page_directory,10588.0,,8573188552,7.984404034912586,525,0,382,experiment/fixed_page_runs/allq_5x_7gb_fixed/paging/q4/log_dir/sirius_2026-07-09.log
paging,q4,page_budget,10902.0,0,4286794304,3.9923883080482483,,524127096,32,experiment/fixed_page_runs/allq_5x_7gb_fixed/paging/q4/log_dir/sirius_2026-07-09.log
paging,q4,page_directory,10902.0,,8573206896,7.984421119093895,525,0,414,experiment/fixed_page_runs/allq_5x_7gb_fixed/paging/q4/log_dir/sirius_2026-07-09.log
paging,q4,page_budget,10929.0,1,4286401904,3.992022857069969,,524134624,32,experiment/fixed_page_runs/allq_5x_7gb_fixed/paging/q4/log_dir/sirius_2026-07-09.log
paging,q4,page_directory,10929.0,,8573196208,7.9844111651182175,525,0,446,experiment/fixed_page_runs/allq_5x_7gb_fixed/paging/q4/log_dir/sirius_2026-07-09.log
paging,q4,page_budget,11232.0,1,4286407200,3.9920277893543243,,524138544,32,experiment/fixed_page_runs/allq_5x_7gb_fixed/paging/q4/log_dir/sirius_2026-07-09.log
paging,q4,page_directory,11233.0,,8573201504,7.984416097402573,525,0,478,experiment/fixed_page_runs/allq_5x_7gb_fixed/paging/q4/log_dir/sirius_2026-07-09.log
paging,q4,page_budget,11253.0,0,4286784296,3.9923789873719215,,524140360,32,experiment/fixed_page_runs/allq_5x_7gb_fixed/paging/q4/log_dir/sirius_2026-07-09.log
paging,q4,page_directory,11253.0,,8573191496,7.984406776726246,525,0,510,experiment/fixed_page_runs/allq_5x_7gb_fixed/paging/q4/log_dir/sirius_2026-07-09.log
paging,q4,page_budget,11547.0,1,4289771832,3.995161347091198,,520771720,32,experiment/fixed_page_runs/allq_5x_7gb_fixed/paging/q4/log_dir/sirius_2026-07-09.log
paging,q4,page_directory,11547.0,,8576556128,7.9875403344631195,525,0,542,experiment/fixed_page_runs/allq_5x_7gb_fixed/paging/q4/log_dir/sirius_2026-07-09.log
paging,q4,page_budget,11567.0,0,4289928756,3.995307493954897,,520999732,32,experiment/fixed_page_runs/allq_5x_7gb_fixed/paging/q4/log_dir/sirius_2026-07-09.log
paging,q4,page_directory,11567.0,,8579700588,7.990468841046095,525,0,574,experiment/fixed_page_runs/allq_5x_7gb_fixed/paging/q4/log_dir/sirius_2026-07-09.log
paging,q4,page_budget,11878.0,0,4290109816,3.995476119220257,,523948140,32,experiment/fixed_page_runs/allq_5x_7gb_fixed/paging/q4/log_dir/sirius_2026-07-09.log
paging,q4,page_directory,11878.0,,8579881648,7.990637466311455,525,0,606,experiment/fixed_page_runs/allq_5x_7gb_fixed/paging/q4/log_dir/sirius_2026-07-09.log
paging,q4,page_budget,11898.0,1,4289838720,3.995223641395569,,524074264,32,experiment/fixed_page_runs/allq_5x_7gb_fixed/paging/q4/log_dir/sirius_2026-07-09.log
paging,q4,page_directory,11898.0,,8579948536,7.990699760615826,525,0,638,experiment/fixed_page_runs/allq_5x_7gb_fixed/paging/q4/log_dir/sirius_2026-07-09.log
paging,q4,page_budget,12072.0,0,4293255524,3.9984057880938053,,164546660,10,experiment/fixed_page_runs/allq_5x_7gb_fixed/paging/q4/log_dir/sirius_2026-07-09.log
paging,q4,page_directory,12072.0,,8583094244,7.993629429489374,526,0,648,experiment/fixed_page_runs/allq_5x_7gb_fixed/paging/q4/log_dir/sirius_2026-07-09.log
paging,q4,page_budget,13595.0,0,4293345720,3.9984897896647453,,524230556,32,experiment/fixed_page_runs/allq_5x_7gb_fixed/paging/q4/log_dir/sirius_2026-07-09.log
paging,q4,page_directory,13595.0,,8583184440,7.993713431060314,526,0,680,experiment/fixed_page_runs/allq_5x_7gb_fixed/paging/q4/log_dir/sirius_2026-07-09.log
paging,q4,page_budget,13659.0,1,4289472540,3.994882609695196,,523763588,32,experiment/fixed_page_runs/allq_5x_7gb_fixed/paging/q4/log_dir/sirius_2026-07-09.log
paging,q4,page_directory,13660.0,,8582818260,7.9933723993599415,526,0,712,experiment/fixed_page_runs/allq_5x_7gb_fixed/paging/q4/log_dir/sirius_2026-07-09.log
paging,q4,page_budget,13874.0,0,4292981316,3.998150411993265,,523772868,32,experiment/fixed_page_runs/allq_5x_7gb_fixed/paging/q4/log_dir/sirius_2026-07-09.log
paging,q4,page_directory,13874.0,,8582453856,7.993033021688461,526,0,744,experiment/fixed_page_runs/allq_5x_7gb_fixed/paging/q4/log_dir/sirius_2026-07-09.log
paging,q4,page_budget,13944.0,1,4289338844,3.9947580955922604,,524014800,32,experiment/fixed_page_runs/allq_5x_7gb_fixed/paging/q4/log_dir/sirius_2026-07-09.log
paging,q4,page_directory,13944.0,,8582320160,7.9929085075855255,526,0,776,experiment/fixed_page_runs/allq_5x_7gb_fixed/paging/q4/log_dir/sirius_2026-07-09.log
paging,q4,page_budget,14213.0,1,4289337268,3.9947566278278828,,524137176,32,experiment/fixed_page_runs/allq_5x_7gb_fixed/paging/q4/log_dir/sirius_2026-07-09.log
paging,q4,page_directory,14213.0,,8582318584,7.992907039821148,526,0,808,experiment/fixed_page_runs/allq_5x_7gb_fixed/paging/q4/log_dir/sirius_2026-07-09.log
paging,q4,page_budget,14239.0,0,4284564416,3.990311563014984,,532545396,33,experiment/fixed_page_runs/allq_5x_7gb_fixed/paging/q4/log_dir/sirius_2026-07-09.log
paging,q4,page_directory,14239.0,,8573901684,7.985068190842867,525,0,841,experiment/fixed_page_runs/allq_5x_7gb_fixed/paging/q4/log_dir/sirius_2026-07-09.log
paging,q4,page_budget,14562.0,0,4284743024,3.990477904677391,,523947088,32,experiment/fixed_page_runs/allq_5x_7gb_fixed/paging/q4/log_dir/sirius_2026-07-09.log
paging,q4,page_directory,14562.0,,8574080292,7.985234532505274,525,0,873,experiment/fixed_page_runs/allq_5x_7gb_fixed/paging/q4/log_dir/sirius_2026-07-09.log
paging,q4,page_budget,14587.0,1,4289584464,3.9949868470430374,,523886452,32,experiment/fixed_page_runs/allq_5x_7gb_fixed/paging/q4/log_dir/sirius_2026-07-09.log
paging,q4,page_directory,14587.0,,8574327488,7.9854647517204285,525,0,905,experiment/fixed_page_runs/allq_5x_7gb_fixed/paging/q4/log_dir/sirius_2026-07-09.log
paging,q4,page_budget,16347.0,1,4289593728,3.9949954748153687,,524143888,32,experiment/fixed_page_runs/allq_5x_7gb_fixed/paging/q4/log_dir/sirius_2026-07-09.log
paging,q4,page_directory,16347.0,,8574336752,7.98547337949276,525,0,937,experiment/fixed_page_runs/allq_5x_7gb_fixed/paging/q4/log_dir/sirius_2026-07-09.log
paging,q4,page_budget,16367.0,0,4284745420,3.99048013612628,,524132884,32,experiment/fixed_page_runs/allq_5x_7gb_fixed/paging/q4/log_dir/sirius_2026-07-09.log
paging,q4,page_directory,16367.0,,8574339148,7.9854756109416485,525,0,969,experiment/fixed_page_runs/allq_5x_7gb_fixed/paging/q4/log_dir/sirius_2026-07-09.log
paging,q4,page_budget,16679.0,1,4289586424,3.9949886724352837,,524131240,32,experiment/fixed_page_runs/allq_5x_7gb_fixed/paging/q4/log_dir/sirius_2026-07-09.log
paging,q4,page_directory,16679.0,,8574331844,7.9854688085615635,525,0,1001,experiment/fixed_page_runs/allq_5x_7gb_fixed/paging/q4/log_dir/sirius_2026-07-09.log
paging,q4,page_budget,16699.0,0,4284749192,3.9904836490750313,,524141668,32,experiment/fixed_page_runs/allq_5x_7gb_fixed/paging/q4/log_dir/sirius_2026-07-09.log
paging,q4,page_directory,16699.0,,8574335616,7.985472321510315,525,0,1033,experiment/fixed_page_runs/allq_5x_7gb_fixed/paging/q4/log_dir/sirius_2026-07-09.log
paging,q4,page_budget,17008.0,0,4284746020,3.9904806949198246,,524133524,32,experiment/fixed_page_runs/allq_5x_7gb_fixed/paging/q4/log_dir/sirius_2026-07-09.log
paging,q4,page_directory,17009.0,,8574332444,7.985469367355108,525,0,1065,experiment/fixed_page_runs/allq_5x_7gb_fixed/paging/q4/log_dir/sirius_2026-07-09.log
paging,q4,page_budget,17026.0,1,4289588296,3.9949904158711433,,524141968,32,experiment/fixed_page_runs/allq_5x_7gb_fixed/paging/q4/log_dir/sirius_2026-07-09.log
paging,q4,page_directory,17026.0,,8574334316,7.985471110790968,525,0,1097,experiment/fixed_page_runs/allq_5x_7gb_fixed/paging/q4/log_dir/sirius_2026-07-09.log
paging,q4,page_budget,17352.0,1,4289771832,3.995161347091198,,523952816,32,experiment/fixed_page_runs/allq_5x_7gb_fixed/paging/q4/log_dir/sirius_2026-07-09.log
paging,q4,page_directory,17352.0,,8574517852,7.985642042011023,525,0,1129,experiment/fixed_page_runs/allq_5x_7gb_fixed/paging/q4/log_dir/sirius_2026-07-09.log
paging,q4,page_budget,17371.0,0,4289928756,3.995307493954897,,518961456,32,experiment/fixed_page_runs/allq_5x_7gb_fixed/paging/q4/log_dir/sirius_2026-07-09.log
paging,q4,page_directory,17371.0,,8579700588,7.990468841046095,525,0,1161,experiment/fixed_page_runs/allq_5x_7gb_fixed/paging/q4/log_dir/sirius_2026-07-09.log
paging,q4,page_budget,17645.0,1,4289838232,3.9952231869101524,,524074752,32,experiment/fixed_page_runs/allq_5x_7gb_fixed/paging/q4/log_dir/sirius_2026-07-09.log
paging,q4,page_directory,17645.0,,8579766988,7.990530680865049,525,0,1193,experiment/fixed_page_runs/allq_5x_7gb_fixed/paging/q4/log_dir/sirius_2026-07-09.log
paging,q4,page_budget,17667.0,0,4290109116,3.9954754672944546,,523948840,32,experiment/fixed_page_runs/allq_5x_7gb_fixed/paging/q4/log_dir/sirius_2026-07-09.log
paging,q4,page_directory,17667.0,,8579947348,7.990698654204607,525,0,1225,experiment/fixed_page_runs/allq_5x_7gb_fixed/paging/q4/log_dir/sirius_2026-07-09.log
paging,q4,page_budget,17861.0,0,4293255524,3.9984057880938053,,164545960,10,experiment/fixed_page_runs/allq_5x_7gb_fixed/paging/q4/log_dir/sirius_2026-07-09.log
paging,q4,page_directory,17861.0,,8583093756,7.993628975003958,526,0,1235,experiment/fixed_page_runs/allq_5x_7gb_fixed/paging/q4/log_dir/sirius_2026-07-09.log
paging,q4,page_budget,19420.0,1,4289465236,3.994875807315111,,523770404,32,experiment/fixed_page_runs/allq_5x_7gb_fixed/paging/q4/log_dir/sirius_2026-07-09.log
paging,q4,page_directory,19420.0,,8582720760,7.9932815954089165,526,0,1267,experiment/fixed_page_runs/allq_5x_7gb_fixed/paging/q4/log_dir/sirius_2026-07-09.log
paging,q4,page_budget,19439.0,0,4293345720,3.9984897896647453,,524230556,32,experiment/fixed_page_runs/allq_5x_7gb_fixed/paging/q4/log_dir/sirius_2026-07-09.log
paging,q4,page_directory,19439.0,,8582810956,7.9933655969798565,526,0,1299,experiment/fixed_page_runs/allq_5x_7gb_fixed/paging/q4/log_dir/sirius_2026-07-09.log
paging,q4,page_budget,19768.0,1,4289338844,3.9947580955922604,,524007496,32,experiment/fixed_page_runs/allq_5x_7gb_fixed/paging/q4/log_dir/sirius_2026-07-09.log
paging,q4,page_directory,19768.0,,8582684564,7.993247885257006,526,0,1331,experiment/fixed_page_runs/allq_5x_7gb_fixed/paging/q4/log_dir/sirius_2026-07-09.log
paging,q4,page_budget,19793.0,0,4292981316,3.998150411993265,,523772868,32,experiment/fixed_page_runs/allq_5x_7gb_fixed/paging/q4/log_dir/sirius_2026-07-09.log
paging,q4,page_directory,19793.0,,8582320160,7.9929085075855255,526,0,1363,experiment/fixed_page_runs/allq_5x_7gb_fixed/paging/q4/log_dir/sirius_2026-07-09.log
paging,q4,page_budget,20115.0,1,4289337268,3.9947566278278828,,524137176,32,experiment/fixed_page_runs/allq_5x_7gb_fixed/paging/q4/log_dir/sirius_2026-07-09.log
paging,q4,page_directory,20115.0,,8582318584,7.992907039821148,526,0,1395,experiment/fixed_page_runs/allq_5x_7gb_fixed/paging/q4/log_dir/sirius_2026-07-09.log
paging,q4,page_budget,20137.0,0,4284564416,3.990311563014984,,532545396,33,experiment/fixed_page_runs/allq_5x_7gb_fixed/paging/q4/log_dir/sirius_2026-07-09.log
paging,q4,page_directory,20137.0,,8573901684,7.985068190842867,525,0,1428,experiment/fixed_page_runs/allq_5x_7gb_fixed/paging/q4/log_dir/sirius_2026-07-09.log
paging,q4,page_budget,20456.0,0,4284743024,3.990477904677391,,523947088,32,experiment/fixed_page_runs/allq_5x_7gb_fixed/paging/q4/log_dir/sirius_2026-07-09.log
paging,q4,page_directory,20456.0,,8574080292,7.985234532505274,525,0,1460,experiment/fixed_page_runs/allq_5x_7gb_fixed/paging/q4/log_dir/sirius_2026-07-09.log
paging,q4,page_budget,20475.0,1,4289584464,3.9949868470430374,,523886452,32,experiment/fixed_page_runs/allq_5x_7gb_fixed/paging/q4/log_dir/sirius_2026-07-09.log
paging,q4,page_directory,20475.0,,8574327488,7.9854647517204285,525,0,1492,experiment/fixed_page_runs/allq_5x_7gb_fixed/paging/q4/log_dir/sirius_2026-07-09.log
paging,q4,page_budget,22207.0,1,4289593728,3.9949954748153687,,524143888,32,experiment/fixed_page_runs/allq_5x_7gb_fixed/paging/q4/log_dir/sirius_2026-07-09.log
paging,q4,page_directory,22207.0,,8574336752,7.98547337949276,525,0,1524,experiment/fixed_page_runs/allq_5x_7gb_fixed/paging/q4/log_dir/sirius_2026-07-09.log
paging,q4,page_budget,22225.0,0,4284745420,3.99048013612628,,524132884,32,experiment/fixed_page_runs/allq_5x_7gb_fixed/paging/q4/log_dir/sirius_2026-07-09.log
paging,q4,page_directory,22225.0,,8574339148,7.9854756109416485,525,0,1556,experiment/fixed_page_runs/allq_5x_7gb_fixed/paging/q4/log_dir/sirius_2026-07-09.log
paging,q4,page_budget,22546.0,1,4289586424,3.9949886724352837,,524131240,32,experiment/fixed_page_runs/allq_5x_7gb_fixed/paging/q4/log_dir/sirius_2026-07-09.log
paging,q4,page_directory,22547.0,,8574331844,7.9854688085615635,525,0,1588,experiment/fixed_page_runs/allq_5x_7gb_fixed/paging/q4/log_dir/sirius_2026-07-09.log
paging,q4,page_budget,22567.0,0,4284701592,3.9904393181204796,,524189268,32,experiment/fixed_page_runs/allq_5x_7gb_fixed/paging/q4/log_dir/sirius_2026-07-09.log
paging,q4,page_directory,22567.0,,8574288016,7.985427990555763,525,0,1620,experiment/fixed_page_runs/allq_5x_7gb_fixed/paging/q4/log_dir/sirius_2026-07-09.log
paging,q4,page_budget,22864.0,0,4284882064,3.9906073957681656,,523949880,32,experiment/fixed_page_runs/allq_5x_7gb_fixed/paging/q4/log_dir/sirius_2026-07-09.log
paging,q4,page_directory,22865.0,,8574468488,7.985596068203449,525,0,1652,experiment/fixed_page_runs/allq_5x_7gb_fixed/paging/q4/log_dir/sirius_2026-07-09.log
paging,q4,page_budget,22879.0,1,4289773032,3.9951624646782875,,523957232,32,experiment/fixed_page_runs/allq_5x_7gb_fixed/paging/q4/log_dir/sirius_2026-07-09.log
paging,q4,page_directory,22879.0,,8574655096,7.985769860446453,525,0,1684,experiment/fixed_page_runs/allq_5x_7gb_fixed/paging/q4/log_dir/sirius_2026-07-09.log
paging,q4,page_budget,23188.0,0,4284886688,3.9906117022037506,,524139568,32,experiment/fixed_page_runs/allq_5x_7gb_fixed/paging/q4/log_dir/sirius_2026-07-09.log
paging,q4,page_directory,23188.0,,8574659720,7.985774166882038,525,0,1716,experiment/fixed_page_runs/allq_5x_7gb_fixed/paging/q4/log_dir/sirius_2026-07-09.log
paging,q4,page_budget,23205.0,1,4289836844,3.995221894234419,,524072540,32,experiment/fixed_page_runs/allq_5x_7gb_fixed/paging/q4/log_dir/sirius_2026-07-09.log
paging,q4,page_directory,23205.0,,8574723532,7.9858335964381695,525,0,1748,experiment/fixed_page_runs/allq_5x_7gb_fixed/paging/q4/log_dir/sirius_2026-07-09.log
paging,q4,page_budget,23498.0,0,4284886864,3.9906118661165237,,524129024,32,experiment/fixed_page_runs/allq_5x_7gb_fixed/paging/q4/log_dir/sirius_2026-07-09.log
paging,q4,page_directory,23498.0,,8574723708,7.985833760350943,525,0,1780,experiment/fixed_page_runs/allq_5x_7gb_fixed/paging/q4/log_dir/sirius_2026-07-09.log
paging,q4,page_budget,23517.0,1,4289838720,3.995223641395569,,524139276,32,experiment/fixed_page_runs/allq_5x_7gb_fixed/paging/q4/log_dir/sirius_2026-07-09.log
paging,q4,page_directory,23517.0,,8574725584,7.985835507512093,525,0,1812,experiment/fixed_page_runs/allq_5x_7gb_fixed/paging/q4/log_dir/sirius_2026-07-09.log
paging,q4,page_budget,23692.0,0,4293255524,3.9984057880938053,,159323708,10,experiment/fixed_page_runs/allq_5x_7gb_fixed/paging/q4/log_dir/sirius_2026-07-09.log
paging,q4,page_directory,23692.0,,8583094244,7.993629429489374,526,0,1822,experiment/fixed_page_runs/allq_5x_7gb_fixed/paging/q4/log_dir/sirius_2026-07-09.log
paging,q4,page_budget,25206.0,0,4293299352,3.9984466060996056,,524276924,32,experiment/fixed_page_runs/allq_5x_7gb_fixed/paging/q4/log_dir/sirius_2026-07-09.log
paging,q4,page_directory,25206.0,,8583138072,7.993670247495174,526,0,1854,experiment/fixed_page_runs/allq_5x_7gb_fixed/paging/q4/log_dir/sirius_2026-07-09.log
paging,q4,page_budget,25276.0,1,4289654172,3.9950517676770687,,523581956,32,experiment/fixed_page_runs/allq_5x_7gb_fixed/paging/q4/log_dir/sirius_2026-07-09.log
paging,q4,page_directory,25276.0,,8582953524,7.993498373776674,526,0,1886,experiment/fixed_page_runs/allq_5x_7gb_fixed/paging/q4/log_dir/sirius_2026-07-09.log
paging,q4,page_budget,25485.0,0,4293117648,3.9982773810625076,,523590168,32,experiment/fixed_page_runs/allq_5x_7gb_fixed/paging/q4/log_dir/sirius_2026-07-09.log
paging,q4,page_directory,25485.0,,8582771820,7.993329148739576,526,0,1918,experiment/fixed_page_runs/allq_5x_7gb_fixed/paging/q4/log_dir/sirius_2026-07-09.log
paging,q4,page_budget,25548.0,1,4289593464,3.994995228946209,,523941812,32,experiment/fixed_page_runs/allq_5x_7gb_fixed/paging/q4/log_dir/sirius_2026-07-09.log
paging,q4,page_directory,25548.0,,8582711112,7.993272610008717,526,0,1950,experiment/fixed_page_runs/allq_5x_7gb_fixed/paging/q4/log_dir/sirius_2026-07-09.log
paging,q4,page_budget,25769.0,0,4293117184,3.998276948928833,,524128960,32,experiment/fixed_page_runs/allq_5x_7gb_fixed/paging/q4/log_dir/sirius_2026-07-09.log
paging,q4,page_directory,25769.0,,8582710648,7.993272177875042,526,0,1982,experiment/fixed_page_runs/allq_5x_7gb_fixed/paging/q4/log_dir/sirius_2026-07-09.log
paging,q4,page_budget,25816.0,1,4289589076,3.9949911423027515,,524139988,32,experiment/fixed_page_runs/allq_5x_7gb_fixed/paging/q4/log_dir/sirius_2026-07-09.log
paging,q4,page_directory,25816.0,,8582706260,7.9932680912315845,526,0,2014,experiment/fixed_page_runs/allq_5x_7gb_fixed/paging/q4/log_dir/sirius_2026-07-09.log
paging,q4,page_budget,26051.0,0,4293112560,3.998272642493248,,524130320,32,experiment/fixed_page_runs/allq_5x_7gb_fixed/paging/q4/log_dir/sirius_2026-07-09.log
paging,q4,page_directory,26051.0,,8582701636,7.9932637847959995,526,0,2046,experiment/fixed_page_runs/allq_5x_7gb_fixed/paging/q4/log_dir/sirius_2026-07-09.log
paging,q4,page_budget,26165.0,1,4289586528,3.9949887692928314,,524136196,32,experiment/fixed_page_runs/allq_5x_7gb_fixed/paging/q4/log_dir/sirius_2026-07-09.log
paging,q4,page_directory,26165.0,,8582699088,7.993261411786079,526,0,2078,experiment/fixed_page_runs/allq_5x_7gb_fixed/paging/q4/log_dir/sirius_2026-07-09.log
paging,q4,page_budget,28111.0,0,4284745420,3.99048013612628,,532502420,33,experiment/fixed_page_runs/allq_5x_7gb_fixed/paging/q4/log_dir/sirius_2026-07-09.log
paging,q4,page_directory,28111.0,,8574331948,7.985468905419111,525,0,2111,experiment/fixed_page_runs/allq_5x_7gb_fixed/paging/q4/log_dir/sirius_2026-07-09.log
paging,q4,page_budget,28129.0,1,4289590728,3.994992680847645,,524148952,32,experiment/fixed_page_runs/allq_5x_7gb_fixed/paging/q4/log_dir/sirius_2026-07-09.log
paging,q4,page_directory,28130.0,,8574336148,7.985472816973925,525,0,2143,experiment/fixed_page_runs/allq_5x_7gb_fixed/paging/q4/log_dir/sirius_2026-07-09.log
paging,q4,page_budget,28432.0,1,4289586424,3.9949886724352837,,524128240,32,experiment/fixed_page_runs/allq_5x_7gb_fixed/paging/q4/log_dir/sirius_2026-07-09.log
paging,q4,page_directory,28433.0,,8574331844,7.9854688085615635,525,0,2175,experiment/fixed_page_runs/allq_5x_7gb_fixed/paging/q4/log_dir/sirius_2026-07-09.log
paging,q4,page_budget,28451.0,0,4284701592,3.9904393181204796,,524189268,32,experiment/fixed_page_runs/allq_5x_7gb_fixed/paging/q4/log_dir/sirius_2026-07-09.log
paging,q4,page_directory,28451.0,,8574288016,7.985427990555763,525,0,2207,experiment/fixed_page_runs/allq_5x_7gb_fixed/paging/q4/log_dir/sirius_2026-07-09.log
paging,q4,page_budget,28739.0,0,4284882064,3.9906073957681656,,523949880,32,experiment/fixed_page_runs/allq_5x_7gb_fixed/paging/q4/log_dir/sirius_2026-07-09.log
paging,q4,page_directory,28739.0,,8574468488,7.985596068203449,525,0,2239,experiment/fixed_page_runs/allq_5x_7gb_fixed/paging/q4/log_dir/sirius_2026-07-09.log
paging,q4,page_budget,28758.0,1,4289773032,3.9951624646782875,,523957232,32,experiment/fixed_page_runs/allq_5x_7gb_fixed/paging/q4/log_dir/sirius_2026-07-09.log
paging,q4,page_directory,28758.0,,8574655096,7.985769860446453,525,0,2271,experiment/fixed_page_runs/allq_5x_7gb_fixed/paging/q4/log_dir/sirius_2026-07-09.log
paging,q4,page_budget,29065.0,1,4289836844,3.995221894234419,,524072540,32,experiment/fixed_page_runs/allq_5x_7gb_fixed/paging/q4/log_dir/sirius_2026-07-09.log
paging,q4,page_directory,29065.0,,8574718908,7.9858292900025845,525,0,2303,experiment/fixed_page_runs/allq_5x_7gb_fixed/paging/q4/log_dir/sirius_2026-07-09.log
paging,q4,page_budget,29082.0,0,4284885988,3.9906110502779484,,524140268,32,experiment/fixed_page_runs/allq_5x_7gb_fixed/paging/q4/log_dir/sirius_2026-07-09.log
paging,q4,page_directory,29082.0,,8574722832,7.985832944512367,525,0,2335,experiment/fixed_page_runs/allq_5x_7gb_fixed/paging/q4/log_dir/sirius_2026-07-09.log
paging,q4,page_budget,29381.0,0,4284886864,3.9906118661165237,,524128324,32,experiment/fixed_page_runs/allq_5x_7gb_fixed/paging/q4/log_dir/sirius_2026-07-09.log
paging,q4,page_directory,29381.0,,8574723708,7.985833760350943,525,0,2367,experiment/fixed_page_runs/allq_5x_7gb_fixed/paging/q4/log_dir/sirius_2026-07-09.log
paging,q4,page_budget,29395.0,1,4289838232,3.9952231869101524,,524139764,32,experiment/fixed_page_runs/allq_5x_7gb_fixed/paging/q4/log_dir/sirius_2026-07-09.log
paging,q4,page_directory,29395.0,,8574725096,7.985835053026676,525,0,2399,experiment/fixed_page_runs/allq_5x_7gb_fixed/paging/q4/log_dir/sirius_2026-07-09.log
paging,q4,page_budget,29567.0,0,4293255524,3.9984057880938053,,159323708,10,experiment/fixed_page_runs/allq_5x_7gb_fixed/paging/q4/log_dir/sirius_2026-07-09.log
paging,q4,page_directory,29567.0,,8583093756,7.993628975003958,526,0,2409,experiment/fixed_page_runs/allq_5x_7gb_fixed/paging/q4/log_dir/sirius_2026-07-09.log
paging,q5,page_directory,798.0,,180000000,0.16763806343078613,12,0,0,experiment/fixed_page_runs/allq_5x_7gb_fixed/paging/q5/log_dir/sirius_2026-07-09.log
paging,q5,page_directory,1160.0,,99948520,0.09308431297540665,8,0,0,experiment/fixed_page_runs/allq_5x_7gb_fixed/paging/q5/log_dir/sirius_2026-07-09.log
paging,q5,page_directory,1164.0,,200129660,0.18638527020812035,16,0,0,experiment/fixed_page_runs/allq_5x_7gb_fixed/paging/q5/log_dir/sirius_2026-07-09.log
paging,q5,page_directory,1578.0,,300332500,0.2797064371407032,24,0,0,experiment/fixed_page_runs/allq_5x_7gb_fixed/paging/q5/log_dir/sirius_2026-07-09.log
paging,q5,page_directory,1585.0,,355079000,0.3306930884718895,29,0,0,experiment/fixed_page_runs/allq_5x_7gb_fixed/paging/q5/log_dir/sirius_2026-07-09.log
paging,q5,page_directory,1589.0,,455216300,0.42395321652293205,37,0,0,experiment/fixed_page_runs/allq_5x_7gb_fixed/paging/q5/log_dir/sirius_2026-07-09.log
paging,q5,page_directory,1924.0,,527213152,0.4910055100917816,32,0,0,experiment/fixed_page_runs/allq_5x_7gb_fixed/paging/q5/log_dir/sirius_2026-07-09.log
paging,q5,page_directory,2003.0,,1052592192,0.9803028702735901,64,0,0,experiment/fixed_page_runs/allq_5x_7gb_fixed/paging/q5/log_dir/sirius_2026-07-09.log
paging,q5,page_directory,2216.0,,1577954784,1.4695849120616913,96,0,0,experiment/fixed_page_runs/allq_5x_7gb_fixed/paging/q5/log_dir/sirius_2026-07-09.log
paging,q5,page_directory,2288.0,,2103335072,1.9588834345340729,128,0,0,experiment/fixed_page_runs/allq_5x_7gb_fixed/paging/q5/log_dir/sirius_2026-07-09.log
paging,q5,page_directory,2699.0,,2629471680,2.4488863348960876,160,0,0,experiment/fixed_page_runs/allq_5x_7gb_fixed/paging/q5/log_dir/sirius_2026-07-09.log
paging,q5,page_directory,2737.0,,3154848928,2.9381820261478424,192,0,0,experiment/fixed_page_runs/allq_5x_7gb_fixed/paging/q5/log_dir/sirius_2026-07-09.log
paging,q5,page_directory,2762.0,,3680554144,3.4277831614017487,224,0,0,experiment/fixed_page_runs/allq_5x_7gb_fixed/paging/q5/log_dir/sirius_2026-07-09.log
paging,q5,page_directory,2775.0,,4205947328,3.9170936942100525,256,0,0,experiment/fixed_page_runs/allq_5x_7gb_fixed/paging/q5/log_dir/sirius_2026-07-09.log
paging,q5,page_directory,7483.0,,4732059808,4.407074123620987,288,0,0,experiment/fixed_page_runs/allq_5x_7gb_fixed/paging/q5/log_dir/sirius_2026-07-09.log
paging,q5,page_directory,7515.0,,5258195232,4.897075921297073,320,0,0,experiment/fixed_page_runs/allq_5x_7gb_fixed/paging/q5/log_dir/sirius_2026-07-09.log
paging,q5,page_directory,8298.0,,5784346848,5.387092798948288,352,0,0,experiment/fixed_page_runs/allq_5x_7gb_fixed/paging/q5/log_dir/sirius_2026-07-09.log
paging,q5,page_directory,8544.0,,6310458304,5.877072274684906,384,0,0,experiment/fixed_page_runs/allq_5x_7gb_fixed/paging/q5/log_dir/sirius_2026-07-09.log
paging,q5,page_directory,9387.0,,6836583680,6.367064714431763,416,0,0,experiment/fixed_page_runs/allq_5x_7gb_fixed/paging/q5/log_dir/sirius_2026-07-09.log
paging,q5,page_directory,9416.0,,7362699712,6.857048451900482,448,0,0,experiment/fixed_page_runs/allq_5x_7gb_fixed/paging/q5/log_dir/sirius_2026-07-09.log
paging,q5,page_budget,9424.0,1,4280853384,3.9868553951382637,,182134936,11,experiment/fixed_page_runs/allq_5x_7gb_fixed/paging/q5/log_dir/sirius_2026-07-09.log
paging,q5,page_directory,9424.0,,7706683720,7.1774085238575935,469,0,11,experiment/fixed_page_runs/allq_5x_7gb_fixed/paging/q5/log_dir/sirius_2026-07-09.log
paging,q5,page_budget,9688.0,0,4290931140,3.9962410368025303,,296244264,18,experiment/fixed_page_runs/allq_5x_7gb_fixed/paging/q5/log_dir/sirius_2026-07-09.log
paging,q5,page_directory,9688.0,,7936568224,7.391505151987076,483,0,29,experiment/fixed_page_runs/allq_5x_7gb_fixed/paging/q5/log_dir/sirius_2026-07-09.log
paging,q5,page_budget,9954.0,1,4281322648,3.987292431294918,,525649104,32,experiment/fixed_page_runs/allq_5x_7gb_fixed/paging/q5/log_dir/sirius_2026-07-09.log
paging,q5,page_directory,9954.0,,7937037488,7.39194218814373,483,0,61,experiment/fixed_page_runs/allq_5x_7gb_fixed/paging/q5/log_dir/sirius_2026-07-09.log
paging,q5,page_budget,10102.0,0,4291128796,3.9964251182973385,,525944488,32,experiment/fixed_page_runs/allq_5x_7gb_fixed/paging/q5/log_dir/sirius_2026-07-09.log
paging,q5,page_directory,10103.0,,7937235144,7.392126269638538,483,0,93,experiment/fixed_page_runs/allq_5x_7gb_fixed/paging/q5/log_dir/sirius_2026-07-09.log
paging,q5,page_budget,10356.0,1,4281346672,3.9873148053884506,,526116200,32,experiment/fixed_page_runs/allq_5x_7gb_fixed/paging/q5/log_dir/sirius_2026-07-09.log
paging,q5,page_directory,10356.0,,7937259168,7.392148643732071,483,0,125,experiment/fixed_page_runs/allq_5x_7gb_fixed/paging/q5/log_dir/sirius_2026-07-09.log
paging,q5,page_budget,10504.0,0,4291144828,3.9964400492608547,,526137440,32,experiment/fixed_page_runs/allq_5x_7gb_fixed/paging/q5/log_dir/sirius_2026-07-09.log
paging,q5,page_directory,10504.0,,7937275200,7.392163574695587,483,0,157,experiment/fixed_page_runs/allq_5x_7gb_fixed/paging/q5/log_dir/sirius_2026-07-09.log
paging,q5,page_budget,10751.0,1,4281274192,3.9872473031282425,,526214496,32,experiment/fixed_page_runs/allq_5x_7gb_fixed/paging/q5/log_dir/sirius_2026-07-09.log
paging,q5,page_directory,10751.0,,7937202720,7.392096072435379,483,0,189,experiment/fixed_page_runs/allq_5x_7gb_fixed/paging/q5/log_dir/sirius_2026-07-09.log
paging,q5,page_budget,11041.0,0,4291524164,3.996793333441019,,525758424,32,experiment/fixed_page_runs/allq_5x_7gb_fixed/paging/q5/log_dir/sirius_2026-07-09.log
paging,q5,page_directory,11041.0,,7937582056,7.392449356615543,483,0,221,experiment/fixed_page_runs/allq_5x_7gb_fixed/paging/q5/log_dir/sirius_2026-07-09.log
paging,q5,page_budget,11141.0,1,4281547528,3.9875018671154976,,525835720,32,experiment/fixed_page_runs/allq_5x_7gb_fixed/paging/q5/log_dir/sirius_2026-07-09.log
paging,q5,page_directory,11141.0,,7937855392,7.3927039206027985,483,0,253,experiment/fixed_page_runs/allq_5x_7gb_fixed/paging/q5/log_dir/sirius_2026-07-09.log
paging,q5,page_budget,11304.0,0,4291702436,3.996959362179041,,525939872,32,experiment/fixed_page_runs/allq_5x_7gb_fixed/paging/q5/log_dir/sirius_2026-07-09.log
paging,q5,page_directory,11304.0,,7938033664,7.39286994934082,483,0,285,experiment/fixed_page_runs/allq_5x_7gb_fixed/paging/q5/log_dir/sirius_2026-07-09.log
paging,q5,page_budget,11518.0,1,4281555672,3.9875094518065453,,526118192,32,experiment/fixed_page_runs/allq_5x_7gb_fixed/paging/q5/log_dir/sirius_2026-07-09.log
paging,q5,page_directory,11518.0,,7938041808,7.392877534031868,483,0,317,experiment/fixed_page_runs/allq_5x_7gb_fixed/paging/q5/log_dir/sirius_2026-07-09.log
paging,q5,page_budget,11710.0,0,4291692164,3.9969497956335545,,526128672,32,experiment/fixed_page_runs/allq_5x_7gb_fixed/paging/q5/log_dir/sirius_2026-07-09.log
paging,q5,page_directory,11710.0,,7938031536,7.3928679674863815,483,0,349,experiment/fixed_page_runs/allq_5x_7gb_fixed/paging/q5/log_dir/sirius_2026-07-09.log
paging,q5,page_budget,11904.0,1,4281561504,3.9875148832798004,,526135480,32,experiment/fixed_page_runs/allq_5x_7gb_fixed/paging/q5/log_dir/sirius_2026-07-09.log
paging,q5,page_directory,11904.0,,7938037368,7.392873398959637,483,0,381,experiment/fixed_page_runs/allq_5x_7gb_fixed/paging/q5/log_dir/sirius_2026-07-09.log
paging,q5,page_budget,12120.0,0,4291696692,3.9969540126621723,,526137968,32,experiment/fixed_page_runs/allq_5x_7gb_fixed/paging/q5/log_dir/sirius_2026-07-09.log
paging,q5,page_directory,12121.0,,7938041896,7.3928776159882545,483,0,413,experiment/fixed_page_runs/allq_5x_7gb_fixed/paging/q5/log_dir/sirius_2026-07-09.log
paging,q5,page_budget,12366.0,1,4281560040,3.987513519823551,,526125080,32,experiment/fixed_page_runs/allq_5x_7gb_fixed/paging/q5/log_dir/sirius_2026-07-09.log
paging,q5,page_directory,12366.0,,7938040432,7.392876252532005,483,0,445,experiment/fixed_page_runs/allq_5x_7gb_fixed/paging/q5/log_dir/sirius_2026-07-09.log
paging,q5,page_budget,12624.0,0,4291699980,3.9969570748507977,,526133736,32,experiment/fixed_page_runs/allq_5x_7gb_fixed/paging/q5/log_dir/sirius_2026-07-09.log
paging,q5,page_directory,12624.0,,7971598152,7.424129314720631,485,0,475,experiment/fixed_page_runs/allq_5x_7gb_fixed/paging/q5/log_dir/sirius_2026-07-09.log
paging,q5,page_budget,12763.0,1,4281293624,3.9872654005885124,,526401968,32,experiment/fixed_page_runs/allq_5x_7gb_fixed/paging/q5/log_dir/sirius_2026-07-09.log
paging,q5,page_directory,12763.0,,7971331736,7.423881195485592,485,0,507,experiment/fixed_page_runs/allq_5x_7gb_fixed/paging/q5/log_dir/sirius_2026-07-09.log
paging,q5,page_budget,12997.0,0,4290874652,3.9961884282529354,,526946832,33,experiment/fixed_page_runs/allq_5x_7gb_fixed/paging/q5/log_dir/sirius_2026-07-09.log
paging,q5,page_directory,12997.0,,8116951976,7.559500612318516,494,0,530,experiment/fixed_page_runs/allq_5x_7gb_fixed/paging/q5/log_dir/sirius_2026-07-09.log
paging,q5,page_budget,13160.0,1,4281591152,3.9875424951314926,,525831432,32,experiment/fixed_page_runs/allq_5x_7gb_fixed/paging/q5/log_dir/sirius_2026-07-09.log
paging,q5,page_directory,13160.0,,8117249504,7.559777706861496,494,0,562,experiment/fixed_page_runs/allq_5x_7gb_fixed/paging/q5/log_dir/sirius_2026-07-09.log
paging,q5,page_budget,13373.0,0,4291241668,3.9965302385389805,,525746680,32,experiment/fixed_page_runs/allq_5x_7gb_fixed/paging/q5/log_dir/sirius_2026-07-09.log
paging,q5,page_directory,13373.0,,8117616520,7.560119517147541,494,0,594,experiment/fixed_page_runs/allq_5x_7gb_fixed/paging/q5/log_dir/sirius_2026-07-09.log
paging,q5,page_budget,13548.0,1,4281775128,3.98771383613348,,525948280,32,experiment/fixed_page_runs/allq_5x_7gb_fixed/paging/q5/log_dir/sirius_2026-07-09.log
paging,q5,page_directory,13548.0,,8117800496,7.5602908581495285,494,0,626,experiment/fixed_page_runs/allq_5x_7gb_fixed/paging/q5/log_dir/sirius_2026-07-09.log
paging,q5,page_budget,13632.0,0,4291433252,3.9967086650431156,,525948512,32,experiment/fixed_page_runs/allq_5x_7gb_fixed/paging/q5/log_dir/sirius_2026-07-09.log
paging,q5,page_directory,13632.0,,8117992080,7.560469284653664,494,0,658,experiment/fixed_page_runs/allq_5x_7gb_fixed/paging/q5/log_dir/sirius_2026-07-09.log
paging,q5,page_budget,13863.0,1,4282068768,3.98798730969429,,263349368,16,experiment/fixed_page_runs/allq_5x_7gb_fixed/paging/q5/log_dir/sirius_2026-07-09.log
paging,q5,page_directory,13863.0,,8118285720,7.560742758214474,494,0,674,experiment/fixed_page_runs/allq_5x_7gb_fixed/paging/q5/log_dir/sirius_2026-07-09.log
paging,q5,page_directory,16218.0,,12000000,0.011175870895385742,2,0,0,experiment/fixed_page_runs/allq_5x_7gb_fixed/paging/q5/log_dir/sirius_2026-07-09.log
paging,q5,page_budget,16763.0,0,4289345644,3.9947644285857677,,194087608,13,experiment/fixed_page_runs/allq_5x_7gb_fixed/paging/q5/log_dir/sirius_2026-07-09.log
paging,q5,page_directory,16763.0,,0,0.0,0,0,24,experiment/fixed_page_runs/allq_5x_7gb_fixed/paging/q5/log_dir/sirius_2026-07-09.log
paging,q5,page_budget,17177.0,1,4282616600,3.988497518002987,,526665320,32,experiment/fixed_page_runs/allq_5x_7gb_fixed/paging/q5/log_dir/sirius_2026-07-09.log
paging,q5,page_directory,17178.0,,8104745944,7.548132859170437,493,0,707,experiment/fixed_page_runs/allq_5x_7gb_fixed/paging/q5/log_dir/sirius_2026-07-09.log
paging,q5,page_budget,17331.0,0,4288965916,3.994410779327154,,525758768,32,experiment/fixed_page_runs/allq_5x_7gb_fixed/paging/q5/log_dir/sirius_2026-07-09.log
paging,q5,page_directory,17331.0,,8104366216,7.547779209911823,493,0,739,experiment/fixed_page_runs/allq_5x_7gb_fixed/paging/q5/log_dir/sirius_2026-07-09.log
paging,q5,page_budget,17547.0,1,4282233248,3.988140493631363,,525745944,32,experiment/fixed_page_runs/allq_5x_7gb_fixed/paging/q5/log_dir/sirius_2026-07-09.log
paging,q5,page_directory,17547.0,,8103982864,7.547422185540199,493,0,771,experiment/fixed_page_runs/allq_5x_7gb_fixed/paging/q5/log_dir/sirius_2026-07-09.log
paging,q5,page_budget,17694.0,0,4288588332,3.9940591268241405,,525757872,32,experiment/fixed_page_runs/allq_5x_7gb_fixed/paging/q5/log_dir/sirius_2026-07-09.log
paging,q5,page_directory,17694.0,,8103605280,7.547070533037186,493,0,803,experiment/fixed_page_runs/allq_5x_7gb_fixed/paging/q5/log_dir/sirius_2026-07-09.log
paging,q5,page_budget,17867.0,1,4281867072,3.9877994656562805,,525759360,32,experiment/fixed_page_runs/allq_5x_7gb_fixed/paging/q5/log_dir/sirius_2026-07-09.log
paging,q5,page_directory,17867.0,,8103239104,7.546729505062103,493,0,835,experiment/fixed_page_runs/allq_5x_7gb_fixed/paging/q5/log_dir/sirius_2026-07-09.log
paging,q5,page_budget,18037.0,0,4288204148,3.9937013275921345,,525761432,32,experiment/fixed_page_runs/allq_5x_7gb_fixed/paging/q5/log_dir/sirius_2026-07-09.log
paging,q5,page_directory,18037.0,,8102854920,7.546371705830097,493,0,867,experiment/fixed_page_runs/allq_5x_7gb_fixed/paging/q5/log_dir/sirius_2026-07-09.log
paging,q5,page_budget,18219.0,1,4281652768,3.98759987950325,,525919520,32,experiment/fixed_page_runs/allq_5x_7gb_fixed/paging/q5/log_dir/sirius_2026-07-09.log
paging,q5,page_directory,18219.0,,8102640616,7.546172119677067,493,0,899,experiment/fixed_page_runs/allq_5x_7gb_fixed/paging/q5/log_dir/sirius_2026-07-09.log
paging,q5,page_budget,18402.0,0,4288213316,3.9937098659574986,,526127440,32,experiment/fixed_page_runs/allq_5x_7gb_fixed/paging/q5/log_dir/sirius_2026-07-09.log
paging,q5,page_directory,18403.0,,8102649784,7.546180658042431,493,0,931,experiment/fixed_page_runs/allq_5x_7gb_fixed/paging/q5/log_dir/sirius_2026-07-09.log
paging,q5,page_budget,19000.0,1,4281655688,3.987602598965168,,526132504,32,experiment/fixed_page_runs/allq_5x_7gb_fixed/paging/q5/log_dir/sirius_2026-07-09.log
paging,q5,page_directory,19001.0,,8102652704,7.546183377504349,493,0,963,experiment/fixed_page_runs/allq_5x_7gb_fixed/paging/q5/log_dir/sirius_2026-07-09.log
paging,q5,page_budget,19033.0,0,4288199676,3.993697162717581,,526126120,32,experiment/fixed_page_runs/allq_5x_7gb_fixed/paging/q5/log_dir/sirius_2026-07-09.log
paging,q5,page_directory,19033.0,,8102639064,7.546170674264431,493,0,995,experiment/fixed_page_runs/allq_5x_7gb_fixed/paging/q5/log_dir/sirius_2026-07-09.log
paging,q5,page_budget,19274.0,1,4281646112,3.9875936806201935,,526121032,32,experiment/fixed_page_runs/allq_5x_7gb_fixed/paging/q5/log_dir/sirius_2026-07-09.log
paging,q5,page_directory,19274.0,,8102629488,7.5461617559194565,493,0,1027,experiment/fixed_page_runs/allq_5x_7gb_fixed/paging/q5/log_dir/sirius_2026-07-09.log
paging,q5,page_budget,19509.0,0,4288216684,3.99371300265193,,526134608,32,experiment/fixed_page_runs/allq_5x_7gb_fixed/paging/q5/log_dir/sirius_2026-07-09.log
paging,q5,page_directory,19509.0,,8102646496,7.5461775958538055,493,0,1059,experiment/fixed_page_runs/allq_5x_7gb_fixed/paging/q5/log_dir/sirius_2026-07-09.log
paging,q5,page_budget,19820.0,0,4288399588,3.9938833452761173,,525942472,32,experiment/fixed_page_runs/allq_5x_7gb_fixed/paging/q5/log_dir/sirius_2026-07-09.log
paging,q5,page_directory,19820.0,,8102829400,7.546347938477993,493,0,1091,experiment/fixed_page_runs/allq_5x_7gb_fixed/paging/q5/log_dir/sirius_2026-07-09.log
paging,q5,page_budget,19846.0,1,4279881224,3.9859500005841255,,527880920,32,experiment/fixed_page_runs/allq_5x_7gb_fixed/paging/q5/log_dir/sirius_2026-07-09.log
paging,q5,page_directory,19846.0,,8101064512,7.544704258441925,493,0,1123,experiment/fixed_page_runs/allq_5x_7gb_fixed/paging/q5/log_dir/sirius_2026-07-09.log
paging,q5,page_budget,20167.0,0,4288774588,3.994232591241598,,525753768,32,experiment/fixed_page_runs/allq_5x_7gb_fixed/paging/q5/log_dir/sirius_2026-07-09.log
paging,q5,page_directory,20167.0,,8101439512,7.545053504407406,493,0,1155,experiment/fixed_page_runs/allq_5x_7gb_fixed/paging/q5/log_dir/sirius_2026-07-09.log
paging,q5,page_budget,20190.0,1,4280251752,3.9862950816750526,,525748416,32,experiment/fixed_page_runs/allq_5x_7gb_fixed/paging/q5/log_dir/sirius_2026-07-09.log
paging,q5,page_directory,20190.0,,8101810040,7.545398585498333,493,0,1187,experiment/fixed_page_runs/allq_5x_7gb_fixed/paging/q5/log_dir/sirius_2026-07-09.log
paging,q5,page_budget,21214.0,1,4280350776,3.9863873049616814,,526019344,32,experiment/fixed_page_runs/allq_5x_7gb_fixed/paging/q5/log_dir/sirius_2026-07-09.log
paging,q5,page_directory,21214.0,,8101909064,7.545490808784962,493,0,1219,experiment/fixed_page_runs/allq_5x_7gb_fixed/paging/q5/log_dir/sirius_2026-07-09.log
paging,q5,page_budget,21243.0,0,4288783388,3.9942407868802547,,526133344,32,experiment/fixed_page_runs/allq_5x_7gb_fixed/paging/q5/log_dir/sirius_2026-07-09.log
paging,q5,page_directory,21243.0,,8101917864,7.545499004423618,493,0,1251,experiment/fixed_page_runs/allq_5x_7gb_fixed/paging/q5/log_dir/sirius_2026-07-09.log
paging,q5,page_budget,21487.0,1,4280364016,3.9863996356725693,,526126984,32,experiment/fixed_page_runs/allq_5x_7gb_fixed/paging/q5/log_dir/sirius_2026-07-09.log
paging,q5,page_directory,21487.0,,8101931104,7.545511335134506,493,0,1283,experiment/fixed_page_runs/allq_5x_7gb_fixed/paging/q5/log_dir/sirius_2026-07-09.log
paging,q5,page_budget,23718.0,1,4280375696,3.986410513520241,,526130336,32,experiment/fixed_page_runs/allq_5x_7gb_fixed/paging/q5/log_dir/sirius_2026-07-09.log
paging,q5,page_directory,23719.0,,8101942784,7.545522212982178,493,0,1315,experiment/fixed_page_runs/allq_5x_7gb_fixed/paging/q5/log_dir/sirius_2026-07-09.log
paging,q5,page_budget,23737.0,0,4288790876,3.9942477606236935,,526145984,32,experiment/fixed_page_runs/allq_5x_7gb_fixed/paging/q5/log_dir/sirius_2026-07-09.log
paging,q5,page_directory,23737.0,,8101950272,7.5455291867256165,493,0,1347,experiment/fixed_page_runs/allq_5x_7gb_fixed/paging/q5/log_dir/sirius_2026-07-09.log
paging,q5,page_budget,24071.0,1,4280359664,3.9863955825567245,,526125088,32,experiment/fixed_page_runs/allq_5x_7gb_fixed/paging/q5/log_dir/sirius_2026-07-09.log
paging,q5,page_directory,24071.0,,8101934240,7.5455142557621,493,0,1379,experiment/fixed_page_runs/allq_5x_7gb_fixed/paging/q5/log_dir/sirius_2026-07-09.log
paging,q5,page_budget,24097.0,0,4288792028,3.9942488335072994,,526136608,32,experiment/fixed_page_runs/allq_5x_7gb_fixed/paging/q5/log_dir/sirius_2026-07-09.log
paging,q5,page_directory,24097.0,,8101935392,7.545515328645706,493,0,1411,experiment/fixed_page_runs/allq_5x_7gb_fixed/paging/q5/log_dir/sirius_2026-07-09.log
paging,q5,page_budget,24419.0,1,4280363984,3.986399605870247,,526122016,32,experiment/fixed_page_runs/allq_5x_7gb_fixed/paging/q5/log_dir/sirius_2026-07-09.log
paging,q5,page_directory,24419.0,,8101939712,7.5455193519592285,493,0,1443,experiment/fixed_page_runs/allq_5x_7gb_fixed/paging/q5/log_dir/sirius_2026-07-09.log
paging,q5,page_budget,24437.0,0,4288778292,3.9942360408604145,,526131880,32,experiment/fixed_page_runs/allq_5x_7gb_fixed/paging/q5/log_dir/sirius_2026-07-09.log
paging,q5,page_directory,24437.0,,8101925976,7.545506559312344,493,0,1475,experiment/fixed_page_runs/allq_5x_7gb_fixed/paging/q5/log_dir/sirius_2026-07-09.log
paging,q5,page_budget,24768.0,1,4280096024,3.986150048673153,,526409272,32,experiment/fixed_page_runs/allq_5x_7gb_fixed/paging/q5/log_dir/sirius_2026-07-09.log
paging,q5,page_directory,24769.0,,8101658016,7.54525700211525,493,0,1507,experiment/fixed_page_runs/allq_5x_7gb_fixed/paging/q5/log_dir/sirius_2026-07-09.log
paging,q5,page_budget,24791.0,0,4288778356,3.9942361004650593,,526118336,32,experiment/fixed_page_runs/allq_5x_7gb_fixed/paging/q5/log_dir/sirius_2026-07-09.log
paging,q5,page_directory,24791.0,,8101658080,7.545257061719894,493,0,1539,experiment/fixed_page_runs/allq_5x_7gb_fixed/paging/q5/log_dir/sirius_2026-07-09.log
paging,q5,page_budget,25126.0,0,4288969220,3.9944138564169407,,525951632,32,experiment/fixed_page_runs/allq_5x_7gb_fixed/paging/q5/log_dir/sirius_2026-07-09.log
paging,q5,page_directory,25126.0,,8101848944,7.545434817671776,493,0,1571,experiment/fixed_page_runs/allq_5x_7gb_fixed/paging/q5/log_dir/sirius_2026-07-09.log
paging,q5,page_budget,25148.0,1,4280286280,3.986327238380909,,525933360,32,experiment/fixed_page_runs/allq_5x_7gb_fixed/paging/q5/log_dir/sirius_2026-07-09.log
paging,q5,page_directory,25148.0,,8102039200,7.545612007379532,493,0,1603,experiment/fixed_page_runs/allq_5x_7gb_fixed/paging/q5/log_dir/sirius_2026-07-09.log
paging,q5,page_budget,25473.0,1,4280393864,3.9864274337887764,,526027968,32,experiment/fixed_page_runs/allq_5x_7gb_fixed/paging/q5/log_dir/sirius_2026-07-09.log
paging,q5,page_directory,25474.0,,8102146784,7.545712202787399,493,0,1635,experiment/fixed_page_runs/allq_5x_7gb_fixed/paging/q5/log_dir/sirius_2026-07-09.log
paging,q5,page_budget,25496.0,0,4289158404,3.9945900477468967,,525947840,32,experiment/fixed_page_runs/allq_5x_7gb_fixed/paging/q5/log_dir/sirius_2026-07-09.log
paging,q5,page_directory,25496.0,,8102335968,7.545888394117355,493,0,1667,experiment/fixed_page_runs/allq_5x_7gb_fixed/paging/q5/log_dir/sirius_2026-07-09.log
paging,q5,page_budget,25823.0,1,4280577808,3.9865987449884415,,525945016,32,experiment/fixed_page_runs/allq_5x_7gb_fixed/paging/q5/log_dir/sirius_2026-07-09.log
paging,q5,page_directory,25823.0,,8102519912,7.54605970531702,493,0,1699,experiment/fixed_page_runs/allq_5x_7gb_fixed/paging/q5/log_dir/sirius_2026-07-09.log
paging,q5,page_budget,25844.0,0,4289154628,3.994586531072855,,526125280,32,experiment/fixed_page_runs/allq_5x_7gb_fixed/paging/q5/log_dir/sirius_2026-07-09.log
paging,q5,page_directory,25844.0,,8102516136,7.546056188642979,493,0,1731,experiment/fixed_page_runs/allq_5x_7gb_fixed/paging/q5/log_dir/sirius_2026-07-09.log
paging,q5,page_budget,26168.0,0,4289338740,3.9947579987347126,,525929584,32,experiment/fixed_page_runs/allq_5x_7gb_fixed/paging/q5/log_dir/sirius_2026-07-09.log
paging,q5,page_directory,26168.0,,8102700248,7.546227656304836,493,0,1763,experiment/fixed_page_runs/allq_5x_7gb_fixed/paging/q5/log_dir/sirius_2026-07-09.log
paging,q5,page_budget,26194.0,1,4280577016,3.9865980073809624,,526133048,32,experiment/fixed_page_runs/allq_5x_7gb_fixed/paging/q5/log_dir/sirius_2026-07-09.log
paging,q5,page_directory,26194.0,,8102699456,7.546226918697357,493,0,1795,experiment/fixed_page_runs/allq_5x_7gb_fixed/paging/q5/log_dir/sirius_2026-07-09.log
paging,q5,page_budget,26454.0,1,4282068768,3.98798730969429,,262151256,16,experiment/fixed_page_runs/allq_5x_7gb_fixed/paging/q5/log_dir/sirius_2026-07-09.log
paging,q5,page_directory,26454.0,,8104191208,7.547616221010685,493,0,1811,experiment/fixed_page_runs/allq_5x_7gb_fixed/paging/q5/log_dir/sirius_2026-07-09.log
paging,q5,page_budget,26469.0,0,4289345644,3.9947644285857677,,526133192,32,experiment/fixed_page_runs/allq_5x_7gb_fixed/paging/q5/log_dir/sirius_2026-07-09.log
paging,q5,page_directory,26470.0,,8104198112,7.54762265086174,493,0,1843,experiment/fixed_page_runs/allq_5x_7gb_fixed/paging/q5/log_dir/sirius_2026-07-09.log
paging,q5,page_budget,29080.0,0,4289345644,3.9947644285857677,,180000000,12,experiment/fixed_page_runs/allq_5x_7gb_fixed/paging/q5/log_dir/sirius_2026-07-09.log
paging,q5,page_directory,29080.0,,0,0.0,0,0,36,experiment/fixed_page_runs/allq_5x_7gb_fixed/paging/q5/log_dir/sirius_2026-07-09.log
paging,q5,page_budget,29512.0,1,4282343048,3.9882427528500557,,526938872,32,experiment/fixed_page_runs/allq_5x_7gb_fixed/paging/q5/log_dir/sirius_2026-07-09.log
paging,q5,page_directory,29512.0,,8104472392,7.547878094017506,493,0,1875,experiment/fixed_page_runs/allq_5x_7gb_fixed/paging/q5/log_dir/sirius_2026-07-09.log
paging,q5,page_budget,29651.0,0,4289152500,3.994584549218416,,525572184,32,experiment/fixed_page_runs/allq_5x_7gb_fixed/paging/q5/log_dir/sirius_2026-07-09.log
paging,q5,page_directory,29651.0,,8104279248,7.547698214650154,493,0,1907,experiment/fixed_page_runs/allq_5x_7gb_fixed/paging/q5/log_dir/sirius_2026-07-09.log
paging,q5,page_budget,29835.0,1,4282153960,3.988066650927067,,525551680,32,experiment/fixed_page_runs/allq_5x_7gb_fixed/paging/q5/log_dir/sirius_2026-07-09.log
paging,q5,page_directory,29835.0,,8104090160,7.547522112727165,493,0,1939,experiment/fixed_page_runs/allq_5x_7gb_fixed/paging/q5/log_dir/sirius_2026-07-09.log
paging,q5,page_budget,30001.0,0,4288966228,3.9944110698997974,,525566560,32,experiment/fixed_page_runs/allq_5x_7gb_fixed/paging/q5/log_dir/sirius_2026-07-09.log
paging,q5,page_directory,30001.0,,8103903888,7.5473486334085464,493,0,1971,experiment/fixed_page_runs/allq_5x_7gb_fixed/paging/q5/log_dir/sirius_2026-07-09.log
paging,q5,page_budget,30149.0,1,4281972664,3.9878978058695793,,525574480,32,experiment/fixed_page_runs/allq_5x_7gb_fixed/paging/q5/log_dir/sirius_2026-07-09.log
paging,q5,page_directory,30150.0,,8103722592,7.547179788351059,493,0,2003,experiment/fixed_page_runs/allq_5x_7gb_fixed/paging/q5/log_dir/sirius_2026-07-09.log
paging,q5,page_budget,30322.0,0,4288778348,3.9942360930144787,,525565128,32,experiment/fixed_page_runs/allq_5x_7gb_fixed/paging/q5/log_dir/sirius_2026-07-09.log
paging,q5,page_directory,30322.0,,8103534712,7.54700481146574,493,0,2035,experiment/fixed_page_runs/allq_5x_7gb_fixed/paging/q5/log_dir/sirius_2026-07-09.log
paging,q5,page_budget,30502.0,1,4281863912,3.9877965226769447,,525813968,32,experiment/fixed_page_runs/allq_5x_7gb_fixed/paging/q5/log_dir/sirius_2026-07-09.log
paging,q5,page_directory,30502.0,,8103425960,7.546903528273106,493,0,2067,experiment/fixed_page_runs/allq_5x_7gb_fixed/paging/q5/log_dir/sirius_2026-07-09.log
paging,q5,page_budget,30678.0,0,4288776964,3.9942348040640354,,526137992,32,experiment/fixed_page_runs/allq_5x_7gb_fixed/paging/q5/log_dir/sirius_2026-07-09.log
paging,q5,page_directory,30678.0,,8103424576,7.546902239322662,493,0,2099,experiment/fixed_page_runs/allq_5x_7gb_fixed/paging/q5/log_dir/sirius_2026-07-09.log
paging,q5,page_budget,31577.0,0,4288766716,3.9942252598702908,,526122728,32,experiment/fixed_page_runs/allq_5x_7gb_fixed/paging/q5/log_dir/sirius_2026-07-09.log
paging,q5,page_directory,31577.0,,8103414328,7.546892695128918,493,0,2131,experiment/fixed_page_runs/allq_5x_7gb_fixed/paging/q5/log_dir/sirius_2026-07-09.log
paging,q5,page_budget,31599.0,1,4281862264,3.9877949878573418,,526137072,32,experiment/fixed_page_runs/allq_5x_7gb_fixed/paging/q5/log_dir/sirius_2026-07-09.log
paging,q5,page_directory,31599.0,,8103412680,7.546891160309315,493,0,2163,experiment/fixed_page_runs/allq_5x_7gb_fixed/paging/q5/log_dir/sirius_2026-07-09.log
paging,q5,page_budget,31863.0,0,4288770180,3.9942284859716892,,526148152,32,experiment/fixed_page_runs/allq_5x_7gb_fixed/paging/q5/log_dir/sirius_2026-07-09.log
paging,q5,page_directory,31863.0,,8103416144,7.546894386410713,493,0,2195,experiment/fixed_page_runs/allq_5x_7gb_fixed/paging/q5/log_dir/sirius_2026-07-09.log
paging,q5,page_budget,32324.0,0,4288771988,3.994230169802904,,526123568,32,experiment/fixed_page_runs/allq_5x_7gb_fixed/paging/q5/log_dir/sirius_2026-07-09.log
paging,q5,page_directory,32325.0,,8103417952,7.546896070241928,493,0,2227,experiment/fixed_page_runs/allq_5x_7gb_fixed/paging/q5/log_dir/sirius_2026-07-09.log
paging,q5,page_budget,35519.0,0,4288774580,3.9942325837910175,,526126176,32,experiment/fixed_page_runs/allq_5x_7gb_fixed/paging/q5/log_dir/sirius_2026-07-09.log
paging,q5,page_directory,35519.0,,8103420544,7.5468984842300415,493,0,2259,experiment/fixed_page_runs/allq_5x_7gb_fixed/paging/q5/log_dir/sirius_2026-07-09.log
paging,q5,page_budget,35539.0,1,4281862864,3.9877955466508865,,526110856,32,experiment/fixed_page_runs/allq_5x_7gb_fixed/paging/q5/log_dir/sirius_2026-07-09.log
paging,q5,page_directory,35539.0,,8103421144,7.546899043023586,493,0,2291,experiment/fixed_page_runs/allq_5x_7gb_fixed/paging/q5/log_dir/sirius_2026-07-09.log
paging,q5,page_budget,35863.0,1,4281860288,3.9877931475639343,,526118608,32,experiment/fixed_page_runs/allq_5x_7gb_fixed/paging/q5/log_dir/sirius_2026-07-09.log
paging,q5,page_directory,35863.0,,8103418568,7.546896643936634,493,0,2323,experiment/fixed_page_runs/allq_5x_7gb_fixed/paging/q5/log_dir/sirius_2026-07-09.log
paging,q5,page_budget,35886.0,0,4288774492,3.994232501834631,,526142232,32,experiment/fixed_page_runs/allq_5x_7gb_fixed/paging/q5/log_dir/sirius_2026-07-09.log
paging,q5,page_directory,35886.0,,8103418480,7.5468965619802475,493,0,2355,experiment/fixed_page_runs/allq_5x_7gb_fixed/paging/q5/log_dir/sirius_2026-07-09.log
paging,q5,page_budget,36173.0,0,4288778604,3.994236331433058,,526149360,32,experiment/fixed_page_runs/allq_5x_7gb_fixed/paging/q5/log_dir/sirius_2026-07-09.log
paging,q5,page_directory,36173.0,,8103422592,7.546900391578674,493,0,2387,experiment/fixed_page_runs/allq_5x_7gb_fixed/paging/q5/log_dir/sirius_2026-07-09.log
paging,q5,page_budget,36335.0,1,4281854696,3.987787939608097,,526124536,32,experiment/fixed_page_runs/allq_5x_7gb_fixed/paging/q5/log_dir/sirius_2026-07-09.log
paging,q5,page_directory,36336.0,,8103417000,7.546895183622837,493,0,2419,experiment/fixed_page_runs/allq_5x_7gb_fixed/paging/q5/log_dir/sirius_2026-07-09.log
paging,q5,page_budget,36451.0,0,4288782668,3.994240116328001,,526133696,32,experiment/fixed_page_runs/allq_5x_7gb_fixed/paging/q5/log_dir/sirius_2026-07-09.log
paging,q5,page_directory,36451.0,,8103421064,7.54689896851778,493,0,2451,experiment/fixed_page_runs/allq_5x_7gb_fixed/paging/q5/log_dir/sirius_2026-07-09.log
paging,q5,page_budget,36616.0,1,4281853384,3.987786717712879,,526119680,32,experiment/fixed_page_runs/allq_5x_7gb_fixed/paging/q5/log_dir/sirius_2026-07-09.log
paging,q5,page_directory,36616.0,,8103419752,7.546897746622562,493,0,2483,experiment/fixed_page_runs/allq_5x_7gb_fixed/paging/q5/log_dir/sirius_2026-07-09.log
paging,q5,page_budget,36728.0,0,4288783780,3.994241151958704,,526117032,32,experiment/fixed_page_runs/allq_5x_7gb_fixed/paging/q5/log_dir/sirius_2026-07-09.log
paging,q5,page_directory,36728.0,,8103420864,7.546898782253265,493,0,2515,experiment/fixed_page_runs/allq_5x_7gb_fixed/paging/q5/log_dir/sirius_2026-07-09.log
paging,q5,page_budget,36867.0,1,4281854552,3.9877878054976463,,526139056,32,experiment/fixed_page_runs/allq_5x_7gb_fixed/paging/q5/log_dir/sirius_2026-07-09.log
paging,q5,page_directory,36867.0,,8103422032,7.5468998700380325,493,0,2547,experiment/fixed_page_runs/allq_5x_7gb_fixed/paging/q5/log_dir/sirius_2026-07-09.log
paging,q5,page_budget,36999.0,0,4288778356,3.9942361004650593,,526123824,32,experiment/fixed_page_runs/allq_5x_7gb_fixed/paging/q5/log_dir/sirius_2026-07-09.log
paging,q5,page_directory,36999.0,,8103416608,7.546894818544388,493,0,2579,experiment/fixed_page_runs/allq_5x_7gb_fixed/paging/q5/log_dir/sirius_2026-07-09.log
paging,q5,page_budget,37173.0,1,4281857816,3.98779084533453,,526138752,32,experiment/fixed_page_runs/allq_5x_7gb_fixed/paging/q5/log_dir/sirius_2026-07-09.log
paging,q5,page_directory,37174.0,,8103419872,7.546897858381271,493,0,2611,experiment/fixed_page_runs/allq_5x_7gb_fixed/paging/q5/log_dir/sirius_2026-07-09.log
paging,q5,page_budget,37256.0,0,4288969220,3.9944138564169407,,525951632,32,experiment/fixed_page_runs/allq_5x_7gb_fixed/paging/q5/log_dir/sirius_2026-07-09.log
paging,q5,page_directory,37256.0,,8103610736,7.547075614333153,493,0,2643,experiment/fixed_page_runs/allq_5x_7gb_fixed/paging/q5/log_dir/sirius_2026-07-09.log
paging,q5,page_budget,37417.0,1,4281852016,3.987785443663597,,526114856,32,experiment/fixed_page_runs/allq_5x_7gb_fixed/paging/q5/log_dir/sirius_2026-07-09.log
paging,q5,page_directory,37417.0,,8103604936,7.54707021266222,493,0,2675,experiment/fixed_page_runs/allq_5x_7gb_fixed/paging/q5/log_dir/sirius_2026-07-09.log
paging,q5,page_budget,37521.0,0,4289158404,3.9945900477468967,,525947840,32,experiment/fixed_page_runs/allq_5x_7gb_fixed/paging/q5/log_dir/sirius_2026-07-09.log
paging,q5,page_directory,37521.0,,8103794120,7.547246403992176,493,0,2707,experiment/fixed_page_runs/allq_5x_7gb_fixed/paging/q5/log_dir/sirius_2026-07-09.log
paging,q5,page_budget,37788.0,1,4280363984,3.986399605870247,,527614368,32,experiment/fixed_page_runs/allq_5x_7gb_fixed/paging/q5/log_dir/sirius_2026-07-09.log
paging,q5,page_directory,37788.0,,8102306088,7.545860566198826,493,0,2739,experiment/fixed_page_runs/allq_5x_7gb_fixed/paging/q5/log_dir/sirius_2026-07-09.log
paging,q5,page_budget,37807.0,0,4289344468,3.99476333335042,,525935440,32,experiment/fixed_page_runs/allq_5x_7gb_fixed/paging/q5/log_dir/sirius_2026-07-09.log
paging,q5,page_directory,37807.0,,8102492152,7.546033851802349,493,0,2771,experiment/fixed_page_runs/allq_5x_7gb_fixed/paging/q5/log_dir/sirius_2026-07-09.log
paging,q5,page_budget,38143.0,1,4280096024,3.986150048673153,,526409272,32,experiment/fixed_page_runs/allq_5x_7gb_fixed/paging/q5/log_dir/sirius_2026-07-09.log
paging,q5,page_directory,38143.0,,8102224192,7.545784294605255,493,0,2803,experiment/fixed_page_runs/allq_5x_7gb_fixed/paging/q5/log_dir/sirius_2026-07-09.log
paging,q5,page_budget,38159.0,0,4289338740,3.9947579987347126,,526119424,32,experiment/fixed_page_runs/allq_5x_7gb_fixed/paging/q5/log_dir/sirius_2026-07-09.log
paging,q5,page_directory,38159.0,,8102218464,7.545778959989548,493,0,2835,experiment/fixed_page_runs/allq_5x_7gb_fixed/paging/q5/log_dir/sirius_2026-07-09.log
paging,q5,page_budget,38508.0,1,4280286280,3.986327238380909,,525933360,32,experiment/fixed_page_runs/allq_5x_7gb_fixed/paging/q5/log_dir/sirius_2026-07-09.log
paging,q5,page_directory,38508.0,,8102408720,7.545956149697304,493,0,2867,experiment/fixed_page_runs/allq_5x_7gb_fixed/paging/q5/log_dir/sirius_2026-07-09.log
paging,q5,page_budget,38529.0,0,4289345644,3.9947644285857677,,526133192,32,experiment/fixed_page_runs/allq_5x_7gb_fixed/paging/q5/log_dir/sirius_2026-07-09.log
paging,q5,page_directory,38529.0,,8102415624,7.545962579548359,493,0,2899,experiment/fixed_page_runs/allq_5x_7gb_fixed/paging/q5/log_dir/sirius_2026-07-09.log
paging,q5,page_budget,38770.0,1,4280471872,3.986500084400177,,525949960,32,experiment/fixed_page_runs/allq_5x_7gb_fixed/paging/q5/log_dir/sirius_2026-07-09.log
paging,q5,page_directory,38770.0,,8102601216,7.546135425567627,493,0,2931,experiment/fixed_page_runs/allq_5x_7gb_fixed/paging/q5/log_dir/sirius_2026-07-09.log
paging,q5,page_budget,39049.0,1,4280577808,3.9865987449884415,,526023024,32,experiment/fixed_page_runs/allq_5x_7gb_fixed/paging/q5/log_dir/sirius_2026-07-09.log
paging,q5,page_directory,39049.0,,8102707152,7.546234086155891,493,0,2963,experiment/fixed_page_runs/allq_5x_7gb_fixed/paging/q5/log_dir/sirius_2026-07-09.log
paging,q5,page_budget,39300.0,1,4280577016,3.9865980073809624,,526133048,32,experiment/fixed_page_runs/allq_5x_7gb_fixed/paging/q5/log_dir/sirius_2026-07-09.log
paging,q5,page_directory,39300.0,,8102706360,7.546233348548412,493,0,2995,experiment/fixed_page_runs/allq_5x_7gb_fixed/paging/q5/log_dir/sirius_2026-07-09.log
paging,q5,page_budget,39558.0,1,4282068768,3.98798730969429,,262151256,16,experiment/fixed_page_runs/allq_5x_7gb_fixed/paging/q5/log_dir/sirius_2026-07-09.log
paging,q5,page_directory,39558.0,,8104198112,7.54762265086174,493,0,3011,experiment/fixed_page_runs/allq_5x_7gb_fixed/paging/q5/log_dir/sirius_2026-07-09.log
paging,q5,page_budget,42183.0,0,4289345644,3.9947644285857677,,180000000,12,experiment/fixed_page_runs/allq_5x_7gb_fixed/paging/q5/log_dir/sirius_2026-07-09.log
paging,q5,page_directory,42183.0,,0,0.0,0,0,48,experiment/fixed_page_runs/allq_5x_7gb_fixed/paging/q5/log_dir/sirius_2026-07-09.log
paging,q5,page_budget,42639.0,1,4282343048,3.9882427528500557,,526938872,32,experiment/fixed_page_runs/allq_5x_7gb_fixed/paging/q5/log_dir/sirius_2026-07-09.log
paging,q5,page_directory,42639.0,,8104472392,7.547878094017506,493,0,3043,experiment/fixed_page_runs/allq_5x_7gb_fixed/paging/q5/log_dir/sirius_2026-07-09.log
paging,q5,page_budget,42735.0,0,4289152500,3.994584549218416,,525572184,32,experiment/fixed_page_runs/allq_5x_7gb_fixed/paging/q5/log_dir/sirius_2026-07-09.log
paging,q5,page_directory,42735.0,,8104279248,7.547698214650154,493,0,3075,experiment/fixed_page_runs/allq_5x_7gb_fixed/paging/q5/log_dir/sirius_2026-07-09.log
paging,q5,page_budget,42959.0,1,4282153960,3.988066650927067,,525551680,32,experiment/fixed_page_runs/allq_5x_7gb_fixed/paging/q5/log_dir/sirius_2026-07-09.log
paging,q5,page_directory,42959.0,,8104090160,7.547522112727165,493,0,3107,experiment/fixed_page_runs/allq_5x_7gb_fixed/paging/q5/log_dir/sirius_2026-07-09.log
paging,q5,page_budget,43101.0,0,4288966228,3.9944110698997974,,525566560,32,experiment/fixed_page_runs/allq_5x_7gb_fixed/paging/q5/log_dir/sirius_2026-07-09.log
paging,q5,page_directory,43102.0,,8103903888,7.5473486334085464,493,0,3139,experiment/fixed_page_runs/allq_5x_7gb_fixed/paging/q5/log_dir/sirius_2026-07-09.log
paging,q5,page_budget,43285.0,1,4281972664,3.9878978058695793,,525574480,32,experiment/fixed_page_runs/allq_5x_7gb_fixed/paging/q5/log_dir/sirius_2026-07-09.log
paging,q5,page_directory,43285.0,,8103722592,7.547179788351059,493,0,3171,experiment/fixed_page_runs/allq_5x_7gb_fixed/paging/q5/log_dir/sirius_2026-07-09.log
paging,q5,page_budget,43455.0,0,4288778348,3.9942360930144787,,525565128,32,experiment/fixed_page_runs/allq_5x_7gb_fixed/paging/q5/log_dir/sirius_2026-07-09.log
paging,q5,page_directory,43455.0,,8103534712,7.54700481146574,493,0,3203,experiment/fixed_page_runs/allq_5x_7gb_fixed/paging/q5/log_dir/sirius_2026-07-09.log
paging,q5,page_budget,43616.0,1,4281863912,3.9877965226769447,,525813968,32,experiment/fixed_page_runs/allq_5x_7gb_fixed/paging/q5/log_dir/sirius_2026-07-09.log
paging,q5,page_directory,43616.0,,8103425960,7.546903528273106,493,0,3235,experiment/fixed_page_runs/allq_5x_7gb_fixed/paging/q5/log_dir/sirius_2026-07-09.log
paging,q5,page_budget,43799.0,0,4288776964,3.9942348040640354,,526137992,32,experiment/fixed_page_runs/allq_5x_7gb_fixed/paging/q5/log_dir/sirius_2026-07-09.log
paging,q5,page_directory,43799.0,,8103424576,7.546902239322662,493,0,3267,experiment/fixed_page_runs/allq_5x_7gb_fixed/paging/q5/log_dir/sirius_2026-07-09.log
paging,q5,page_budget,47923.0,0,4288766716,3.9942252598702908,,526122728,32,experiment/fixed_page_runs/allq_5x_7gb_fixed/paging/q5/log_dir/sirius_2026-07-09.log
paging,q5,page_directory,47923.0,,8103414328,7.546892695128918,493,0,3299,experiment/fixed_page_runs/allq_5x_7gb_fixed/paging/q5/log_dir/sirius_2026-07-09.log
paging,q5,page_budget,47949.0,1,4281862264,3.9877949878573418,,526137072,32,experiment/fixed_page_runs/allq_5x_7gb_fixed/paging/q5/log_dir/sirius_2026-07-09.log
paging,q5,page_directory,47949.0,,8103412680,7.546891160309315,493,0,3331,experiment/fixed_page_runs/allq_5x_7gb_fixed/paging/q5/log_dir/sirius_2026-07-09.log
paging,q5,page_budget,48283.0,0,4288770180,3.9942284859716892,,526148152,32,experiment/fixed_page_runs/allq_5x_7gb_fixed/paging/q5/log_dir/sirius_2026-07-09.log
paging,q5,page_directory,48283.0,,8103416144,7.546894386410713,493,0,3363,experiment/fixed_page_runs/allq_5x_7gb_fixed/paging/q5/log_dir/sirius_2026-07-09.log
paging,q5,page_budget,48306.0,1,4281862864,3.9877955466508865,,526110856,32,experiment/fixed_page_runs/allq_5x_7gb_fixed/paging/q5/log_dir/sirius_2026-07-09.log
paging,q5,page_directory,48306.0,,8103416744,7.546894945204258,493,0,3395,experiment/fixed_page_runs/allq_5x_7gb_fixed/paging/q5/log_dir/sirius_2026-07-09.log
paging,q5,page_budget,48650.0,0,4288771988,3.994230169802904,,526123568,32,experiment/fixed_page_runs/allq_5x_7gb_fixed/paging/q5/log_dir/sirius_2026-07-09.log
paging,q5,page_directory,48650.0,,8103418552,7.546896629035473,493,0,3427,experiment/fixed_page_runs/allq_5x_7gb_fixed/paging/q5/log_dir/sirius_2026-07-09.log
paging,q5,page_budget,48671.0,1,4281860288,3.9877931475639343,,526118608,32,experiment/fixed_page_runs/allq_5x_7gb_fixed/paging/q5/log_dir/sirius_2026-07-09.log
paging,q5,page_directory,48671.0,,8103415976,7.546894229948521,493,0,3459,experiment/fixed_page_runs/allq_5x_7gb_fixed/paging/q5/log_dir/sirius_2026-07-09.log
paging,q5,page_budget,49008.0,0,4288774580,3.9942325837910175,,526126176,32,experiment/fixed_page_runs/allq_5x_7gb_fixed/paging/q5/log_dir/sirius_2026-07-09.log
paging,q5,page_directory,49008.0,,8103418568,7.546896643936634,493,0,3491,experiment/fixed_page_runs/allq_5x_7gb_fixed/paging/q5/log_dir/sirius_2026-07-09.log
paging,q5,page_budget,49031.0,1,4281854696,3.987787939608097,,526124536,32,experiment/fixed_page_runs/allq_5x_7gb_fixed/paging/q5/log_dir/sirius_2026-07-09.log
paging,q5,page_directory,49031.0,,8103412976,7.546891435980797,493,0,3523,experiment/fixed_page_runs/allq_5x_7gb_fixed/paging/q5/log_dir/sirius_2026-07-09.log
paging,q5,page_budget,49379.0,1,4281853384,3.987786717712879,,526119680,32,experiment/fixed_page_runs/allq_5x_7gb_fixed/paging/q5/log_dir/sirius_2026-07-09.log
paging,q5,page_directory,49379.0,,8103411664,7.546890214085579,493,0,3555,experiment/fixed_page_runs/allq_5x_7gb_fixed/paging/q5/log_dir/sirius_2026-07-09.log
paging,q5,page_budget,49398.0,0,4288774492,3.994232501834631,,526142232,32,experiment/fixed_page_runs/allq_5x_7gb_fixed/paging/q5/log_dir/sirius_2026-07-09.log
paging,q5,page_directory,49398.0,,8103411576,7.546890132129192,493,0,3587,experiment/fixed_page_runs/allq_5x_7gb_fixed/paging/q5/log_dir/sirius_2026-07-09.log
paging,q5,page_budget,49732.0,1,4281854552,3.9877878054976463,,526139056,32,experiment/fixed_page_runs/allq_5x_7gb_fixed/paging/q5/log_dir/sirius_2026-07-09.log
paging,q5,page_directory,49732.0,,8103412744,7.5468912199139595,493,0,3619,experiment/fixed_page_runs/allq_5x_7gb_fixed/paging/q5/log_dir/sirius_2026-07-09.log
paging,q5,page_budget,49751.0,0,4288778604,3.994236331433058,,526149360,32,experiment/fixed_page_runs/allq_5x_7gb_fixed/paging/q5/log_dir/sirius_2026-07-09.log
paging,q5,page_directory,49751.0,,8103416856,7.546895049512386,493,0,3651,experiment/fixed_page_runs/allq_5x_7gb_fixed/paging/q5/log_dir/sirius_2026-07-09.log
paging,q5,page_budget,50088.0,0,4288782668,3.994240116328001,,526133696,32,experiment/fixed_page_runs/allq_5x_7gb_fixed/paging/q5/log_dir/sirius_2026-07-09.log
paging,q5,page_directory,50088.0,,8103420920,7.54689883440733,493,0,3683,experiment/fixed_page_runs/allq_5x_7gb_fixed/paging/q5/log_dir/sirius_2026-07-09.log
paging,q5,page_budget,50106.0,1,4281857816,3.98779084533453,,526138752,32,experiment/fixed_page_runs/allq_5x_7gb_fixed/paging/q5/log_dir/sirius_2026-07-09.log
paging,q5,page_directory,50106.0,,8103424184,7.546901874244213,493,0,3715,experiment/fixed_page_runs/allq_5x_7gb_fixed/paging/q5/log_dir/sirius_2026-07-09.log
paging,q5,page_budget,50409.0,1,4281852016,3.987785443663597,,526114856,32,experiment/fixed_page_runs/allq_5x_7gb_fixed/paging/q5/log_dir/sirius_2026-07-09.log
paging,q5,page_directory,50409.0,,8103418384,7.54689647257328,493,0,3747,experiment/fixed_page_runs/allq_5x_7gb_fixed/paging/q5/log_dir/sirius_2026-07-09.log
paging,q5,page_budget,50432.0,0,4288783780,3.994241151958704,,526117032,32,experiment/fixed_page_runs/allq_5x_7gb_fixed/paging/q5/log_dir/sirius_2026-07-09.log
paging,q5,page_directory,50432.0,,8103419496,7.546897508203983,493,0,3779,experiment/fixed_page_runs/allq_5x_7gb_fixed/paging/q5/log_dir/sirius_2026-07-09.log
paging,q5,page_budget,50758.0,0,4288778356,3.9942361004650593,,526123824,32,experiment/fixed_page_runs/allq_5x_7gb_fixed/paging/q5/log_dir/sirius_2026-07-09.log
paging,q5,page_directory,50758.0,,8103414072,7.546892456710339,493,0,3811,experiment/fixed_page_runs/allq_5x_7gb_fixed/paging/q5/log_dir/sirius_2026-07-09.log
paging,q5,page_budget,50783.0,1,4280363984,3.986399605870247,,527614368,32,experiment/fixed_page_runs/allq_5x_7gb_fixed/paging/q5/log_dir/sirius_2026-07-09.log
paging,q5,page_directory,50783.0,,8101926040,7.545506618916988,493,0,3843,experiment/fixed_page_runs/allq_5x_7gb_fixed/paging/q5/log_dir/sirius_2026-07-09.log
paging,q5,page_budget,51104.0,1,4280096024,3.986150048673153,,526409272,32,experiment/fixed_page_runs/allq_5x_7gb_fixed/paging/q5/log_dir/sirius_2026-07-09.log
paging,q5,page_directory,51104.0,,8101658080,7.545257061719894,493,0,3875,experiment/fixed_page_runs/allq_5x_7gb_fixed/paging/q5/log_dir/sirius_2026-07-09.log
paging,q5,page_budget,51119.0,0,4288969220,3.9944138564169407,,525951632,32,experiment/fixed_page_runs/allq_5x_7gb_fixed/paging/q5/log_dir/sirius_2026-07-09.log
paging,q5,page_directory,51119.0,,8101848944,7.545434817671776,493,0,3907,experiment/fixed_page_runs/allq_5x_7gb_fixed/paging/q5/log_dir/sirius_2026-07-09.log
paging,q5,page_budget,51435.0,0,4289158404,3.9945900477468967,,525947840,32,experiment/fixed_page_runs/allq_5x_7gb_fixed/paging/q5/log_dir/sirius_2026-07-09.log
paging,q5,page_directory,51436.0,,8102038128,7.545611009001732,493,0,3939,experiment/fixed_page_runs/allq_5x_7gb_fixed/paging/q5/log_dir/sirius_2026-07-09.log
paging,q5,page_budget,51458.0,1,4280286280,3.986327238380909,,525933360,32,experiment/fixed_page_runs/allq_5x_7gb_fixed/paging/q5/log_dir/sirius_2026-07-09.log
paging,q5,page_directory,51458.0,,8102228384,7.545788198709488,493,0,3971,experiment/fixed_page_runs/allq_5x_7gb_fixed/paging/q5/log_dir/sirius_2026-07-09.log
paging,q5,page_budget,51764.0,1,4280471872,3.986500084400177,,525949960,32,experiment/fixed_page_runs/allq_5x_7gb_fixed/paging/q5/log_dir/sirius_2026-07-09.log
paging,q5,page_directory,51764.0,,8102413976,7.545961044728756,493,0,4003,experiment/fixed_page_runs/allq_5x_7gb_fixed/paging/q5/log_dir/sirius_2026-07-09.log
paging,q5,page_budget,51899.0,0,4289344468,3.99476333335042,,525935440,32,experiment/fixed_page_runs/allq_5x_7gb_fixed/paging/q5/log_dir/sirius_2026-07-09.log
paging,q5,page_directory,51900.0,,8102600040,7.546134330332279,493,0,4035,experiment/fixed_page_runs/allq_5x_7gb_fixed/paging/q5/log_dir/sirius_2026-07-09.log
paging,q5,page_budget,52255.0,1,4280577808,3.9865987449884415,,526023024,32,experiment/fixed_page_runs/allq_5x_7gb_fixed/paging/q5/log_dir/sirius_2026-07-09.log
paging,q5,page_directory,52255.0,,8102705976,7.546232990920544,493,0,4067,experiment/fixed_page_runs/allq_5x_7gb_fixed/paging/q5/log_dir/sirius_2026-07-09.log
paging,q5,page_budget,52277.0,0,4289338740,3.9947579987347126,,526119424,32,experiment/fixed_page_runs/allq_5x_7gb_fixed/paging/q5/log_dir/sirius_2026-07-09.log
paging,q5,page_directory,52277.0,,8102700248,7.546227656304836,493,0,4099,experiment/fixed_page_runs/allq_5x_7gb_fixed/paging/q5/log_dir/sirius_2026-07-09.log
paging,q5,page_budget,52609.0,0,4289345644,3.9947644285857677,,526133192,32,experiment/fixed_page_runs/allq_5x_7gb_fixed/paging/q5/log_dir/sirius_2026-07-09.log
paging,q5,page_directory,52609.0,,8102707152,7.546234086155891,493,0,4131,experiment/fixed_page_runs/allq_5x_7gb_fixed/paging/q5/log_dir/sirius_2026-07-09.log
paging,q5,page_budget,52631.0,1,4280577016,3.9865980073809624,,526133048,32,experiment/fixed_page_runs/allq_5x_7gb_fixed/paging/q5/log_dir/sirius_2026-07-09.log
paging,q5,page_directory,52631.0,,8102706360,7.546233348548412,493,0,4163,experiment/fixed_page_runs/allq_5x_7gb_fixed/paging/q5/log_dir/sirius_2026-07-09.log
paging,q5,page_budget,52844.0,1,4282068768,3.98798730969429,,262151256,16,experiment/fixed_page_runs/allq_5x_7gb_fixed/paging/q5/log_dir/sirius_2026-07-09.log
paging,q5,page_directory,52845.0,,8104198112,7.54762265086174,493,0,4179,experiment/fixed_page_runs/allq_5x_7gb_fixed/paging/q5/log_dir/sirius_2026-07-09.log
paging,q5,page_budget,55494.0,0,4289345644,3.9947644285857677,,180000000,12,experiment/fixed_page_runs/allq_5x_7gb_fixed/paging/q5/log_dir/sirius_2026-07-09.log
paging,q5,page_directory,55494.0,,0,0.0,0,0,60,experiment/fixed_page_runs/allq_5x_7gb_fixed/paging/q5/log_dir/sirius_2026-07-09.log
paging,q5,page_budget,55936.0,1,4282343048,3.9882427528500557,,526938872,32,experiment/fixed_page_runs/allq_5x_7gb_fixed/paging/q5/log_dir/sirius_2026-07-09.log
paging,q5,page_directory,55936.0,,8104472392,7.547878094017506,493,0,4211,experiment/fixed_page_runs/allq_5x_7gb_fixed/paging/q5/log_dir/sirius_2026-07-09.log
paging,q5,page_budget,56052.0,0,4289152500,3.994584549218416,,525572184,32,experiment/fixed_page_runs/allq_5x_7gb_fixed/paging/q5/log_dir/sirius_2026-07-09.log
paging,q5,page_directory,56052.0,,8104279248,7.547698214650154,493,0,4243,experiment/fixed_page_runs/allq_5x_7gb_fixed/paging/q5/log_dir/sirius_2026-07-09.log
paging,q5,page_budget,56272.0,1,4282153960,3.988066650927067,,525551680,32,experiment/fixed_page_runs/allq_5x_7gb_fixed/paging/q5/log_dir/sirius_2026-07-09.log
paging,q5,page_directory,56272.0,,8104090160,7.547522112727165,493,0,4275,experiment/fixed_page_runs/allq_5x_7gb_fixed/paging/q5/log_dir/sirius_2026-07-09.log
paging,q5,page_budget,56421.0,0,4288966228,3.9944110698997974,,525566560,32,experiment/fixed_page_runs/allq_5x_7gb_fixed/paging/q5/log_dir/sirius_2026-07-09.log
paging,q5,page_directory,56422.0,,8103903888,7.5473486334085464,493,0,4307,experiment/fixed_page_runs/allq_5x_7gb_fixed/paging/q5/log_dir/sirius_2026-07-09.log
paging,q5,page_budget,56596.0,1,4281972664,3.9878978058695793,,525574480,32,experiment/fixed_page_runs/allq_5x_7gb_fixed/paging/q5/log_dir/sirius_2026-07-09.log
paging,q5,page_directory,56596.0,,8103722592,7.547179788351059,493,0,4339,experiment/fixed_page_runs/allq_5x_7gb_fixed/paging/q5/log_dir/sirius_2026-07-09.log
paging,q5,page_budget,56787.0,0,4288778348,3.9942360930144787,,525565128,32,experiment/fixed_page_runs/allq_5x_7gb_fixed/paging/q5/log_dir/sirius_2026-07-09.log
paging,q5,page_directory,56787.0,,8103534712,7.54700481146574,493,0,4371,experiment/fixed_page_runs/allq_5x_7gb_fixed/paging/q5/log_dir/sirius_2026-07-09.log
paging,q5,page_budget,56968.0,1,4281863912,3.9877965226769447,,525813968,32,experiment/fixed_page_runs/allq_5x_7gb_fixed/paging/q5/log_dir/sirius_2026-07-09.log
paging,q5,page_directory,56968.0,,8103425960,7.546903528273106,493,0,4403,experiment/fixed_page_runs/allq_5x_7gb_fixed/paging/q5/log_dir/sirius_2026-07-09.log
paging,q5,page_budget,57165.0,0,4288776964,3.9942348040640354,,526137992,32,experiment/fixed_page_runs/allq_5x_7gb_fixed/paging/q5/log_dir/sirius_2026-07-09.log
paging,q5,page_directory,57165.0,,8103424576,7.546902239322662,493,0,4435,experiment/fixed_page_runs/allq_5x_7gb_fixed/paging/q5/log_dir/sirius_2026-07-09.log
paging,q5,page_budget,62250.0,0,4288766716,3.9942252598702908,,526122728,32,experiment/fixed_page_runs/allq_5x_7gb_fixed/paging/q5/log_dir/sirius_2026-07-09.log
paging,q5,page_directory,62251.0,,8103414328,7.546892695128918,493,0,4467,experiment/fixed_page_runs/allq_5x_7gb_fixed/paging/q5/log_dir/sirius_2026-07-09.log
paging,q5,page_budget,62273.0,1,4281862264,3.9877949878573418,,526137072,32,experiment/fixed_page_runs/allq_5x_7gb_fixed/paging/q5/log_dir/sirius_2026-07-09.log
paging,q5,page_directory,62273.0,,8103412680,7.546891160309315,493,0,4499,experiment/fixed_page_runs/allq_5x_7gb_fixed/paging/q5/log_dir/sirius_2026-07-09.log
paging,q5,page_budget,62608.0,0,4288770180,3.9942284859716892,,526148152,32,experiment/fixed_page_runs/allq_5x_7gb_fixed/paging/q5/log_dir/sirius_2026-07-09.log
paging,q5,page_directory,62608.0,,8103416144,7.546894386410713,493,0,4531,experiment/fixed_page_runs/allq_5x_7gb_fixed/paging/q5/log_dir/sirius_2026-07-09.log
paging,q5,page_budget,62630.0,1,4281862864,3.9877955466508865,,526110856,32,experiment/fixed_page_runs/allq_5x_7gb_fixed/paging/q5/log_dir/sirius_2026-07-09.log
paging,q5,page_directory,62630.0,,8103416744,7.546894945204258,493,0,4563,experiment/fixed_page_runs/allq_5x_7gb_fixed/paging/q5/log_dir/sirius_2026-07-09.log
paging,q5,page_budget,62966.0,1,4281860288,3.9877931475639343,,526118608,32,experiment/fixed_page_runs/allq_5x_7gb_fixed/paging/q5/log_dir/sirius_2026-07-09.log
paging,q5,page_directory,62966.0,,8103414168,7.546892546117306,493,0,4595,experiment/fixed_page_runs/allq_5x_7gb_fixed/paging/q5/log_dir/sirius_2026-07-09.log
paging,q5,page_budget,62980.0,0,4288771988,3.994230169802904,,526123568,32,experiment/fixed_page_runs/allq_5x_7gb_fixed/paging/q5/log_dir/sirius_2026-07-09.log
paging,q5,page_directory,62980.0,,8103415976,7.546894229948521,493,0,4627,experiment/fixed_page_runs/allq_5x_7gb_fixed/paging/q5/log_dir/sirius_2026-07-09.log
paging,q5,page_budget,63336.0,0,4288774580,3.9942325837910175,,526126176,32,experiment/fixed_page_runs/allq_5x_7gb_fixed/paging/q5/log_dir/sirius_2026-07-09.log
paging,q5,page_directory,63336.0,,8103418568,7.546896643936634,493,0,4659,experiment/fixed_page_runs/allq_5x_7gb_fixed/paging/q5/log_dir/sirius_2026-07-09.log
paging,q5,page_budget,63354.0,1,4281854696,3.987787939608097,,526124536,32,experiment/fixed_page_runs/allq_5x_7gb_fixed/paging/q5/log_dir/sirius_2026-07-09.log
paging,q5,page_directory,63354.0,,8103412976,7.546891435980797,493,0,4691,experiment/fixed_page_runs/allq_5x_7gb_fixed/paging/q5/log_dir/sirius_2026-07-09.log
paging,q5,page_budget,63676.0,0,4288774492,3.994232501834631,,526142232,32,experiment/fixed_page_runs/allq_5x_7gb_fixed/paging/q5/log_dir/sirius_2026-07-09.log
paging,q5,page_directory,63676.0,,8103412888,7.54689135402441,493,0,4723,experiment/fixed_page_runs/allq_5x_7gb_fixed/paging/q5/log_dir/sirius_2026-07-09.log
paging,q5,page_budget,63702.0,1,4281853384,3.987786717712879,,526119680,32,experiment/fixed_page_runs/allq_5x_7gb_fixed/paging/q5/log_dir/sirius_2026-07-09.log
paging,q5,page_directory,63702.0,,8103411576,7.546890132129192,493,0,4755,experiment/fixed_page_runs/allq_5x_7gb_fixed/paging/q5/log_dir/sirius_2026-07-09.log
paging,q5,page_budget,64025.0,0,4288778604,3.994236331433058,,526149360,32,experiment/fixed_page_runs/allq_5x_7gb_fixed/paging/q5/log_dir/sirius_2026-07-09.log
paging,q5,page_directory,64025.0,,8103415688,7.546893961727619,493,0,4787,experiment/fixed_page_runs/allq_5x_7gb_fixed/paging/q5/log_dir/sirius_2026-07-09.log
paging,q5,page_budget,64046.0,1,4281854552,3.9877878054976463,,526139056,32,experiment/fixed_page_runs/allq_5x_7gb_fixed/paging/q5/log_dir/sirius_2026-07-09.log
paging,q5,page_directory,64046.0,,8103416856,7.546895049512386,493,0,4819,experiment/fixed_page_runs/allq_5x_7gb_fixed/paging/q5/log_dir/sirius_2026-07-09.log
paging,q5,page_budget,64357.0,0,4288782668,3.994240116328001,,526133696,32,experiment/fixed_page_runs/allq_5x_7gb_fixed/paging/q5/log_dir/sirius_2026-07-09.log
paging,q5,page_directory,64357.0,,8103420920,7.54689883440733,493,0,4851,experiment/fixed_page_runs/allq_5x_7gb_fixed/paging/q5/log_dir/sirius_2026-07-09.log
paging,q5,page_budget,64379.0,1,4281857816,3.98779084533453,,526138752,32,experiment/fixed_page_runs/allq_5x_7gb_fixed/paging/q5/log_dir/sirius_2026-07-09.log
paging,q5,page_directory,64379.0,,8103424184,7.546901874244213,493,0,4883,experiment/fixed_page_runs/allq_5x_7gb_fixed/paging/q5/log_dir/sirius_2026-07-09.log
paging,q5,page_budget,64725.0,1,4281852016,3.987785443663597,,526114856,32,experiment/fixed_page_runs/allq_5x_7gb_fixed/paging/q5/log_dir/sirius_2026-07-09.log
paging,q5,page_directory,64725.0,,8103418384,7.54689647257328,493,0,4915,experiment/fixed_page_runs/allq_5x_7gb_fixed/paging/q5/log_dir/sirius_2026-07-09.log
paging,q5,page_budget,64745.0,0,4288783780,3.994241151958704,,526117032,32,experiment/fixed_page_runs/allq_5x_7gb_fixed/paging/q5/log_dir/sirius_2026-07-09.log
paging,q5,page_directory,64745.0,,8103419496,7.546897508203983,493,0,4947,experiment/fixed_page_runs/allq_5x_7gb_fixed/paging/q5/log_dir/sirius_2026-07-09.log
paging,q5,page_budget,65077.0,0,4288778356,3.9942361004650593,,526123824,32,experiment/fixed_page_runs/allq_5x_7gb_fixed/paging/q5/log_dir/sirius_2026-07-09.log
paging,q5,page_directory,65077.0,,8103414072,7.546892456710339,493,0,4979,experiment/fixed_page_runs/allq_5x_7gb_fixed/paging/q5/log_dir/sirius_2026-07-09.log
paging,q5,page_budget,65106.0,1,4280363984,3.986399605870247,,527614368,32,experiment/fixed_page_runs/allq_5x_7gb_fixed/paging/q5/log_dir/sirius_2026-07-09.log
paging,q5,page_directory,65106.0,,8101926040,7.545506618916988,493,0,5011,experiment/fixed_page_runs/allq_5x_7gb_fixed/paging/q5/log_dir/sirius_2026-07-09.log
paging,q5,page_budget,65438.0,1,4280096024,3.986150048673153,,526409272,32,experiment/fixed_page_runs/allq_5x_7gb_fixed/paging/q5/log_dir/sirius_2026-07-09.log
paging,q5,page_directory,65438.0,,8101658080,7.545257061719894,493,0,5043,experiment/fixed_page_runs/allq_5x_7gb_fixed/paging/q5/log_dir/sirius_2026-07-09.log
paging,q5,page_budget,65465.0,0,4288969220,3.9944138564169407,,525951632,32,experiment/fixed_page_runs/allq_5x_7gb_fixed/paging/q5/log_dir/sirius_2026-07-09.log
paging,q5,page_directory,65465.0,,8101848944,7.545434817671776,493,0,5075,experiment/fixed_page_runs/allq_5x_7gb_fixed/paging/q5/log_dir/sirius_2026-07-09.log
paging,q5,page_budget,65820.0,1,4280286280,3.986327238380909,,525933360,32,experiment/fixed_page_runs/allq_5x_7gb_fixed/paging/q5/log_dir/sirius_2026-07-09.log
paging,q5,page_directory,65820.0,,8102039200,7.545612007379532,493,0,5107,experiment/fixed_page_runs/allq_5x_7gb_fixed/paging/q5/log_dir/sirius_2026-07-09.log
paging,q5,page_budget,65844.0,0,4289158404,3.9945900477468967,,525947840,32,experiment/fixed_page_runs/allq_5x_7gb_fixed/paging/q5/log_dir/sirius_2026-07-09.log
paging,q5,page_directory,65844.0,,8102228384,7.545788198709488,493,0,5139,experiment/fixed_page_runs/allq_5x_7gb_fixed/paging/q5/log_dir/sirius_2026-07-09.log
paging,q5,page_budget,66183.0,0,4289344468,3.99476333335042,,525935440,32,experiment/fixed_page_runs/allq_5x_7gb_fixed/paging/q5/log_dir/sirius_2026-07-09.log
paging,q5,page_directory,66183.0,,8102414448,7.545961484313011,493,0,5171,experiment/fixed_page_runs/allq_5x_7gb_fixed/paging/q5/log_dir/sirius_2026-07-09.log
paging,q5,page_budget,66206.0,1,4280471872,3.986500084400177,,525949960,32,experiment/fixed_page_runs/allq_5x_7gb_fixed/paging/q5/log_dir/sirius_2026-07-09.log
paging,q5,page_directory,66206.0,,8102600040,7.546134330332279,493,0,5203,experiment/fixed_page_runs/allq_5x_7gb_fixed/paging/q5/log_dir/sirius_2026-07-09.log
paging,q5,page_budget,66527.0,0,4289338740,3.9947579987347126,,526119424,32,experiment/fixed_page_runs/allq_5x_7gb_fixed/paging/q5/log_dir/sirius_2026-07-09.log
paging,q5,page_directory,66527.0,,8102594312,7.546128995716572,493,0,5235,experiment/fixed_page_runs/allq_5x_7gb_fixed/paging/q5/log_dir/sirius_2026-07-09.log
paging,q5,page_budget,66560.0,1,4280577808,3.9865987449884415,,526023024,32,experiment/fixed_page_runs/allq_5x_7gb_fixed/paging/q5/log_dir/sirius_2026-07-09.log
paging,q5,page_directory,66560.0,,8102700248,7.546227656304836,493,0,5267,experiment/fixed_page_runs/allq_5x_7gb_fixed/paging/q5/log_dir/sirius_2026-07-09.log
paging,q5,page_budget,66903.0,0,4289345644,3.9947644285857677,,526133192,32,experiment/fixed_page_runs/allq_5x_7gb_fixed/paging/q5/log_dir/sirius_2026-07-09.log
paging,q5,page_directory,66903.0,,8102707152,7.546234086155891,493,0,5299,experiment/fixed_page_runs/allq_5x_7gb_fixed/paging/q5/log_dir/sirius_2026-07-09.log
paging,q5,page_budget,66930.0,1,4280577016,3.9865980073809624,,526133048,32,experiment/fixed_page_runs/allq_5x_7gb_fixed/paging/q5/log_dir/sirius_2026-07-09.log
paging,q5,page_directory,66930.0,,8102706360,7.546233348548412,493,0,5331,experiment/fixed_page_runs/allq_5x_7gb_fixed/paging/q5/log_dir/sirius_2026-07-09.log
paging,q5,page_budget,67154.0,1,4282068768,3.98798730969429,,262151256,16,experiment/fixed_page_runs/allq_5x_7gb_fixed/paging/q5/log_dir/sirius_2026-07-09.log
paging,q5,page_directory,67154.0,,8104198112,7.54762265086174,493,0,5347,experiment/fixed_page_runs/allq_5x_7gb_fixed/paging/q5/log_dir/sirius_2026-07-09.log
paging,q6,page_directory,1174.0,,17577588,0.01637040451169014,4,0,0,experiment/fixed_page_runs/allq_5x_7gb_fixed/paging/q6/log_dir/sirius_2026-07-09.log
paging,q6,page_directory,1265.0,,35225596,0.0328063927590847,8,0,0,experiment/fixed_page_runs/allq_5x_7gb_fixed/paging/q6/log_dir/sirius_2026-07-09.log
paging,q6,page_directory,1617.0,,52843000,0.04921387881040573,12,0,0,experiment/fixed_page_runs/allq_5x_7gb_fixed/paging/q6/log_dir/sirius_2026-07-09.log
paging,q6,page_directory,1618.0,,70435344,0.0655980259180069,16,0,0,experiment/fixed_page_runs/allq_5x_7gb_fixed/paging/q6/log_dir/sirius_2026-07-09.log
paging,q6,page_directory,2124.0,,87990448,0.08194749057292938,20,0,0,experiment/fixed_page_runs/allq_5x_7gb_fixed/paging/q6/log_dir/sirius_2026-07-09.log
paging,q6,page_directory,2138.0,,105562940,0.09831314906477928,24,0,0,experiment/fixed_page_runs/allq_5x_7gb_fixed/paging/q6/log_dir/sirius_2026-07-09.log
paging,q6,page_directory,2139.0,,123195744,0.11473497748374939,28,0,0,experiment/fixed_page_runs/allq_5x_7gb_fixed/paging/q6/log_dir/sirius_2026-07-09.log
paging,q6,page_directory,2245.0,,140769076,0.13110141828656197,32,0,0,experiment/fixed_page_runs/allq_5x_7gb_fixed/paging/q6/log_dir/sirius_2026-07-09.log
paging,q6,page_directory,4421.0,,158389560,0.1475117728114128,36,0,0,experiment/fixed_page_runs/allq_5x_7gb_fixed/paging/q6/log_dir/sirius_2026-07-09.log
paging,q6,page_directory,4522.0,,175965776,0.16388089954853058,40,0,0,experiment/fixed_page_runs/allq_5x_7gb_fixed/paging/q6/log_dir/sirius_2026-07-09.log
paging,q6,page_directory,4622.0,,193505004,0.18021557852625847,44,0,0,experiment/fixed_page_runs/allq_5x_7gb_fixed/paging/q6/log_dir/sirius_2026-07-09.log
paging,q6,page_directory,4705.0,,211123220,0.19662382081151009,48,0,0,experiment/fixed_page_runs/allq_5x_7gb_fixed/paging/q6/log_dir/sirius_2026-07-09.log
paging,q6,page_directory,5004.0,,228713660,0.21300619468092918,52,0,0,experiment/fixed_page_runs/allq_5x_7gb_fixed/paging/q6/log_dir/sirius_2026-07-09.log
paging,q6,page_directory,5023.0,,246302140,0.22938674315810204,56,0,0,experiment/fixed_page_runs/allq_5x_7gb_fixed/paging/q6/log_dir/sirius_2026-07-09.log
paging,q6,page_directory,5059.0,,263900420,0.24577641859650612,60,0,0,experiment/fixed_page_runs/allq_5x_7gb_fixed/paging/q6/log_dir/sirius_2026-07-09.log
paging,q6,page_directory,5110.0,,281449392,0.26212017238140106,64,0,0,experiment/fixed_page_runs/allq_5x_7gb_fixed/paging/q6/log_dir/sirius_2026-07-09.log
paging,q6,page_directory,5125.0,,299096560,0.27855537831783295,68,0,0,experiment/fixed_page_runs/allq_5x_7gb_fixed/paging/q6/log_dir/sirius_2026-07-09.log
paging,q6,page_directory,5127.0,,316698144,0.29494813084602356,72,0,0,experiment/fixed_page_runs/allq_5x_7gb_fixed/paging/q6/log_dir/sirius_2026-07-09.log
paging,q6,page_directory,5197.0,,319906776,0.29793640226125717,76,0,0,experiment/fixed_page_runs/allq_5x_7gb_fixed/paging/q6/log_dir/sirius_2026-07-09.log
paging,q7,page_directory,807.0,,12000000,0.011175870895385742,2,0,0,experiment/fixed_page_runs/allq_5x_7gb_fixed/paging/q7/log_dir/sirius_2026-07-09.log
paging,q7,page_directory,1212.0,,159895080,0.1489138975739479,14,0,0,experiment/fixed_page_runs/allq_5x_7gb_fixed/paging/q7/log_dir/sirius_2026-07-09.log
paging,q7,page_directory,1331.0,,319231656,0.29730764776468277,28,0,0,experiment/fixed_page_runs/allq_5x_7gb_fixed/paging/q7/log_dir/sirius_2026-07-09.log
paging,q7,page_directory,1495.0,,478678356,0.4458039589226246,42,0,0,experiment/fixed_page_runs/allq_5x_7gb_fixed/paging/q7/log_dir/sirius_2026-07-09.log
paging,q7,page_directory,1655.0,,638054352,0.5942344218492508,56,0,0,experiment/fixed_page_runs/allq_5x_7gb_fixed/paging/q7/log_dir/sirius_2026-07-09.log
paging,q7,page_directory,1816.0,,797232600,0.7424807175993919,70,0,0,experiment/fixed_page_runs/allq_5x_7gb_fixed/paging/q7/log_dir/sirius_2026-07-09.log
paging,q7,page_directory,1995.0,,956653704,0.8909531906247139,84,0,0,experiment/fixed_page_runs/allq_5x_7gb_fixed/paging/q7/log_dir/sirius_2026-07-09.log
paging,q7,page_directory,2178.0,,1116204912,1.0395468324422836,98,0,0,experiment/fixed_page_runs/allq_5x_7gb_fixed/paging/q7/log_dir/sirius_2026-07-09.log
paging,q7,page_directory,2363.0,,1275533208,1.1879328712821007,112,0,0,experiment/fixed_page_runs/allq_5x_7gb_fixed/paging/q7/log_dir/sirius_2026-07-09.log
paging,q7,page_directory,8419.0,,1435122072,1.3365615829825401,126,0,0,experiment/fixed_page_runs/allq_5x_7gb_fixed/paging/q7/log_dir/sirius_2026-07-09.log
paging,q7,page_directory,8495.0,,1594336068,1.4848411716520786,140,0,0,experiment/fixed_page_runs/allq_5x_7gb_fixed/paging/q7/log_dir/sirius_2026-07-09.log
paging,q7,page_directory,8564.0,,1753771428,1.6333269216120243,154,0,0,experiment/fixed_page_runs/allq_5x_7gb_fixed/paging/q7/log_dir/sirius_2026-07-09.log
paging,q7,page_directory,8884.0,,1913216508,1.7818217240273952,168,0,0,experiment/fixed_page_runs/allq_5x_7gb_fixed/paging/q7/log_dir/sirius_2026-07-09.log
paging,q7,page_directory,8909.0,,2072505132,1.9301708154380322,182,0,0,experiment/fixed_page_runs/allq_5x_7gb_fixed/paging/q7/log_dir/sirius_2026-07-09.log
paging,q7,page_directory,8922.0,,2231702676,2.078435081988573,196,0,0,experiment/fixed_page_runs/allq_5x_7gb_fixed/paging/q7/log_dir/sirius_2026-07-09.log
paging,q7,page_directory,8924.0,,2391208308,2.226986277848482,210,0,0,experiment/fixed_page_runs/allq_5x_7gb_fixed/paging/q7/log_dir/sirius_2026-07-09.log
paging,q7,page_directory,8927.0,,2550523284,2.3753599114716053,224,0,0,experiment/fixed_page_runs/allq_5x_7gb_fixed/paging/q7/log_dir/sirius_2026-07-09.log
paging,q7,page_directory,8932.0,,2710023552,2.523906111717224,238,0,0,experiment/fixed_page_runs/allq_5x_7gb_fixed/paging/q7/log_dir/sirius_2026-07-09.log
paging,q7,page_directory,9336.0,,2869376292,2.672314915806055,252,0,0,experiment/fixed_page_runs/allq_5x_7gb_fixed/paging/q7/log_dir/sirius_2026-07-09.log
paging,q7,page_directory,9396.0,,3028590396,2.8205946050584316,266,0,0,experiment/fixed_page_runs/allq_5x_7gb_fixed/paging/q7/log_dir/sirius_2026-07-09.log
paging,q7,page_directory,9456.0,,3187718856,2.968794532120228,280,0,0,experiment/fixed_page_runs/allq_5x_7gb_fixed/paging/q7/log_dir/sirius_2026-07-09.log
paging,q7,page_directory,9531.0,,3347227908,3.117348913103342,294,0,0,experiment/fixed_page_runs/allq_5x_7gb_fixed/paging/q7/log_dir/sirius_2026-07-09.log
paging,q7,page_directory,9605.0,,3506852412,3.266010817140341,308,0,0,experiment/fixed_page_runs/allq_5x_7gb_fixed/paging/q7/log_dir/sirius_2026-07-09.log
paging,q7,page_directory,9615.0,,3666424284,3.4146237038075924,322,0,0,experiment/fixed_page_runs/allq_5x_7gb_fixed/paging/q7/log_dir/sirius_2026-07-09.log
paging,q7,page_directory,9633.0,,3825625824,3.5628916919231415,336,0,0,experiment/fixed_page_runs/allq_5x_7gb_fixed/paging/q7/log_dir/sirius_2026-07-09.log
paging,q7,page_directory,9753.0,,3984991704,3.711312733590603,350,0,0,experiment/fixed_page_runs/allq_5x_7gb_fixed/paging/q7/log_dir/sirius_2026-07-09.log
paging,q7,page_directory,9986.0,,4144369716,3.8597450740635395,364,0,0,experiment/fixed_page_runs/allq_5x_7gb_fixed/paging/q7/log_dir/sirius_2026-07-09.log
paging,q7,page_directory,10059.0,,4304010384,4.008422031998634,378,0,0,experiment/fixed_page_runs/allq_5x_7gb_fixed/paging/q7/log_dir/sirius_2026-07-09.log
paging,q7,page_directory,10070.0,,4463441820,4.156904127448797,392,0,0,experiment/fixed_page_runs/allq_5x_7gb_fixed/paging/q7/log_dir/sirius_2026-07-09.log
paging,q7,page_directory,10090.0,,4622728896,4.305251777172089,406,0,0,experiment/fixed_page_runs/allq_5x_7gb_fixed/paging/q7/log_dir/sirius_2026-07-09.log
paging,q7,page_directory,10209.0,,4782216420,4.4537861086428165,420,0,0,experiment/fixed_page_runs/allq_5x_7gb_fixed/paging/q7/log_dir/sirius_2026-07-09.log
paging,q7,page_directory,10512.0,,4941523512,4.6021523997187614,434,0,0,experiment/fixed_page_runs/allq_5x_7gb_fixed/paging/q7/log_dir/sirius_2026-07-09.log
paging,q7,page_directory,10556.0,,5100867468,4.750553023070097,448,0,0,experiment/fixed_page_runs/allq_5x_7gb_fixed/paging/q7/log_dir/sirius_2026-07-09.log
paging,q7,page_directory,10573.0,,5259942936,4.898703597486019,462,0,0,experiment/fixed_page_runs/allq_5x_7gb_fixed/paging/q7/log_dir/sirius_2026-07-09.log
paging,q7,page_directory,10576.0,,5419181520,5.047006085515022,476,0,0,experiment/fixed_page_runs/allq_5x_7gb_fixed/paging/q7/log_dir/sirius_2026-07-09.log
paging,q7,page_directory,10919.0,,5578811496,5.195673085749149,490,0,0,experiment/fixed_page_runs/allq_5x_7gb_fixed/paging/q7/log_dir/sirius_2026-07-09.log
paging,q7,page_directory,10995.0,,5738358564,5.34426287189126,504,0,0,experiment/fixed_page_runs/allq_5x_7gb_fixed/paging/q7/log_dir/sirius_2026-07-09.log
paging,q7,page_directory,11009.0,,5897780856,5.492736451327801,518,0,0,experiment/fixed_page_runs/allq_5x_7gb_fixed/paging/q7/log_dir/sirius_2026-07-09.log
paging,q7,page_directory,11040.0,,6057184140,5.641192328184843,532,0,0,experiment/fixed_page_runs/allq_5x_7gb_fixed/paging/q7/log_dir/sirius_2026-07-09.log
paging,q7,page_directory,11332.0,,6084604908,5.666729908436537,537,0,0,experiment/fixed_page_runs/allq_5x_7gb_fixed/paging/q7/log_dir/sirius_2026-07-09.log
paging,q7,page_directory,11337.0,,6244023528,5.815200068056583,551,0,0,experiment/fixed_page_runs/allq_5x_7gb_fixed/paging/q7/log_dir/sirius_2026-07-09.log
paging,q7,page_directory,11346.0,,6403604940,5.963821839541197,565,0,0,experiment/fixed_page_runs/allq_5x_7gb_fixed/paging/q7/log_dir/sirius_2026-07-09.log
paging,q7,page_directory,11552.0,,6562842840,6.112123690545559,579,0,0,experiment/fixed_page_runs/allq_5x_7gb_fixed/paging/q7/log_dir/sirius_2026-07-09.log
paging,q7,page_directory,12016.0,,526998336,0.490805447101593,32,0,0,experiment/fixed_page_runs/allq_5x_7gb_fixed/paging/q7/log_dir/sirius_2026-07-09.log
paging,q7,page_directory,12023.0,,1055175200,0.9827084839344025,64,0,0,experiment/fixed_page_runs/allq_5x_7gb_fixed/paging/q7/log_dir/sirius_2026-07-09.log
paging,q7,page_directory,12307.0,,1583357264,1.4746163636446,96,0,0,experiment/fixed_page_runs/allq_5x_7gb_fixed/paging/q7/log_dir/sirius_2026-07-09.log
paging,q7,page_budget,12316.0,0,4279356392,3.985461212694645,,123115000,10,experiment/fixed_page_runs/allq_5x_7gb_fixed/paging/q7/log_dir/sirius_2026-07-09.log
paging,q7,page_directory,12316.0,,2111538224,1.966523215174675,128,0,0,experiment/fixed_page_runs/allq_5x_7gb_fixed/paging/q7/log_dir/sirius_2026-07-09.log
paging,q7,page_budget,12868.0,0,4284503344,3.990254685282707,,283314824,24,experiment/fixed_page_runs/allq_5x_7gb_fixed/paging/q7/log_dir/sirius_2026-07-09.log
paging,q7,page_directory,12868.0,,2400000000,2.2351741790771484,146,0,0,experiment/fixed_page_runs/allq_5x_7gb_fixed/paging/q7/log_dir/sirius_2026-07-09.log
paging,q7,page_directory,13318.0,,180000000,0.16763806343078613,12,0,0,experiment/fixed_page_runs/allq_5x_7gb_fixed/paging/q7/log_dir/sirius_2026-07-09.log
paging,q7,page_budget,14345.0,1,4288199640,3.993697129189968,,335605112,28,experiment/fixed_page_runs/allq_5x_7gb_fixed/paging/q7/log_dir/sirius_2026-07-09.log
paging,q7,page_directory,14345.0,,5980702984,5.569963701069355,531,0,62,experiment/fixed_page_runs/allq_5x_7gb_fixed/paging/q7/log_dir/sirius_2026-07-09.log
paging,q7,page_budget,14485.0,0,4285349872,3.9910430759191513,,158490048,13,experiment/fixed_page_runs/allq_5x_7gb_fixed/paging/q7/log_dir/sirius_2026-07-09.log
paging,q7,page_directory,14486.0,,5981549512,5.570752091705799,532,0,75,experiment/fixed_page_runs/allq_5x_7gb_fixed/paging/q7/log_dir/sirius_2026-07-09.log
paging,q7,page_budget,14655.0,1,4289174036,3.994604606181383,,158472304,13,experiment/fixed_page_runs/allq_5x_7gb_fixed/paging/q7/log_dir/sirius_2026-07-09.log
paging,q7,page_directory,14655.0,,5982523908,5.571659568697214,533,0,88,experiment/fixed_page_runs/allq_5x_7gb_fixed/paging/q7/log_dir/sirius_2026-07-09.log
paging,q7,page_budget,14816.0,0,4284412036,3.9901696480810642,,160313832,14,experiment/fixed_page_runs/allq_5x_7gb_fixed/paging/q7/log_dir/sirius_2026-07-09.log
paging,q7,page_directory,14816.0,,5981586072,5.570786140859127,533,0,102,experiment/fixed_page_runs/allq_5x_7gb_fixed/paging/q7/log_dir/sirius_2026-07-09.log
paging,q7,page_budget,14981.0,1,4288064644,3.9935714043676853,,160287640,14,experiment/fixed_page_runs/allq_5x_7gb_fixed/paging/q7/log_dir/sirius_2026-07-09.log
paging,q7,page_directory,14982.0,,5980476680,5.569752939045429,533,0,116,experiment/fixed_page_runs/allq_5x_7gb_fixed/paging/q7/log_dir/sirius_2026-07-09.log
paging,q7,page_budget,15171.0,0,4285417796,3.9911063350737095,,158415344,13,experiment/fixed_page_runs/allq_5x_7gb_fixed/paging/q7/log_dir/sirius_2026-07-09.log
paging,q7,page_directory,15171.0,,5981482440,5.5706896260380745,534,0,129,experiment/fixed_page_runs/allq_5x_7gb_fixed/paging/q7/log_dir/sirius_2026-07-09.log
paging,q7,page_budget,15354.0,1,4282894804,3.9887566156685352,,164721048,14,experiment/fixed_page_runs/allq_5x_7gb_fixed/paging/q7/log_dir/sirius_2026-07-09.log
paging,q7,page_directory,15354.0,,5976312600,5.565874837338924,534,0,143,experiment/fixed_page_runs/allq_5x_7gb_fixed/paging/q7/log_dir/sirius_2026-07-09.log
paging,q7,page_budget,15531.0,0,4284323412,3.9900871105492115,,160422680,14,experiment/fixed_page_runs/allq_5x_7gb_fixed/paging/q7/log_dir/sirius_2026-07-09.log
paging,q7,page_directory,15531.0,,5975218216,5.564855612814426,534,0,157,experiment/fixed_page_runs/allq_5x_7gb_fixed/paging/q7/log_dir/sirius_2026-07-09.log
paging,q7,page_budget,21642.0,1,4281929884,3.9878579638898373,,160279896,14,experiment/fixed_page_runs/allq_5x_7gb_fixed/paging/q7/log_dir/sirius_2026-07-09.log
paging,q7,page_directory,21643.0,,5974253296,5.5639569610357285,534,0,171,experiment/fixed_page_runs/allq_5x_7gb_fixed/paging/q7/log_dir/sirius_2026-07-09.log
paging,q7,page_budget,21661.0,0,4285397588,3.9910875149071217,,158370904,13,experiment/fixed_page_runs/allq_5x_7gb_fixed/paging/q7/log_dir/sirius_2026-07-09.log
paging,q7,page_directory,21661.0,,5975327472,5.564957365393639,535,0,184,experiment/fixed_page_runs/allq_5x_7gb_fixed/paging/q7/log_dir/sirius_2026-07-09.log
paging,q7,page_budget,21974.0,0,4284601924,3.990346495062113,,160384528,14,experiment/fixed_page_runs/allq_5x_7gb_fixed/paging/q7/log_dir/sirius_2026-07-09.log
paging,q7,page_directory,21974.0,,5974531808,5.56421634554863,535,0,198,experiment/fixed_page_runs/allq_5x_7gb_fixed/paging/q7/log_dir/sirius_2026-07-09.log
paging,q7,page_budget,21992.0,1,4282688384,3.988564372062683,,158455496,13,experiment/fixed_page_runs/allq_5x_7gb_fixed/paging/q7/log_dir/sirius_2026-07-09.log
paging,q7,page_directory,21992.0,,5975290308,5.564922753721476,536,0,211,experiment/fixed_page_runs/allq_5x_7gb_fixed/paging/q7/log_dir/sirius_2026-07-09.log
paging,q7,page_budget,22297.0,0,4285558828,3.9912376813590527,,158478456,13,experiment/fixed_page_runs/allq_5x_7gb_fixed/paging/q7/log_dir/sirius_2026-07-09.log
paging,q7,page_directory,22298.0,,5976247212,5.5658139400184155,537,0,224,experiment/fixed_page_runs/allq_5x_7gb_fixed/paging/q7/log_dir/sirius_2026-07-09.log
paging,q7,page_budget,22312.0,1,4281815876,3.9877517856657505,,160372776,14,experiment/fixed_page_runs/allq_5x_7gb_fixed/paging/q7/log_dir/sirius_2026-07-09.log
paging,q7,page_directory,22313.0,,5975374704,5.565001353621483,537,0,238,experiment/fixed_page_runs/allq_5x_7gb_fixed/paging/q7/log_dir/sirius_2026-07-09.log
paging,q7,page_budget,22618.0,1,4282578524,3.988462056964636,,158434896,13,experiment/fixed_page_runs/allq_5x_7gb_fixed/paging/q7/log_dir/sirius_2026-07-09.log
paging,q7,page_directory,22618.0,,5976137352,5.565711624920368,538,0,251,experiment/fixed_page_runs/allq_5x_7gb_fixed/paging/q7/log_dir/sirius_2026-07-09.log
paging,q7,page_budget,22631.0,0,4284575740,3.990322109311819,,160271712,14,experiment/fixed_page_runs/allq_5x_7gb_fixed/paging/q7/log_dir/sirius_2026-07-09.log
paging,q7,page_directory,22631.0,,5975154264,5.564796052873135,538,0,265,experiment/fixed_page_runs/allq_5x_7gb_fixed/paging/q7/log_dir/sirius_2026-07-09.log
paging,q7,page_budget,22956.0,0,4285590996,3.991267640143633,,158490376,13,experiment/fixed_page_runs/allq_5x_7gb_fixed/paging/q7/log_dir/sirius_2026-07-09.log
paging,q7,page_directory,22956.0,,5976169520,5.565741583704948,539,0,278,experiment/fixed_page_runs/allq_5x_7gb_fixed/paging/q7/log_dir/sirius_2026-07-09.log
paging,q7,page_budget,22975.0,1,4281546380,3.987500797957182,,160246248,14,experiment/fixed_page_runs/allq_5x_7gb_fixed/paging/q7/log_dir/sirius_2026-07-09.log
paging,q7,page_directory,22975.0,,5975137376,5.5647803246974945,539,0,292,experiment/fixed_page_runs/allq_5x_7gb_fixed/paging/q7/log_dir/sirius_2026-07-09.log
paging,q7,page_budget,23277.0,1,4293134000,3.9982926100492477,,147765120,13,experiment/fixed_page_runs/allq_5x_7gb_fixed/paging/q7/log_dir/sirius_2026-07-09.log
paging,q7,page_directory,23277.0,,5986724996,5.57557213678956,540,0,305,experiment/fixed_page_runs/allq_5x_7gb_fixed/paging/q7/log_dir/sirius_2026-07-09.log
paging,q7,page_budget,23292.0,0,4284772592,3.9905054420232773,,160327456,14,experiment/fixed_page_runs/allq_5x_7gb_fixed/paging/q7/log_dir/sirius_2026-07-09.log
paging,q7,page_directory,23292.0,,5985906592,5.574809938669205,540,0,319,experiment/fixed_page_runs/allq_5x_7gb_fixed/paging/q7/log_dir/sirius_2026-07-09.log
paging,q7,page_budget,23586.0,1,4293752828,3.998868938535452,,158582712,13,experiment/fixed_page_runs/allq_5x_7gb_fixed/paging/q7/log_dir/sirius_2026-07-09.log
paging,q7,page_directory,23587.0,,5986525420,5.575386267155409,541,0,332,experiment/fixed_page_runs/allq_5x_7gb_fixed/paging/q7/log_dir/sirius_2026-07-09.log
paging,q7,page_budget,23598.0,0,4285821256,3.991482086479664,,158575840,13,experiment/fixed_page_runs/allq_5x_7gb_fixed/paging/q7/log_dir/sirius_2026-07-09.log
paging,q7,page_directory,23598.0,,5987574084,5.576362911611795,542,0,345,experiment/fixed_page_runs/allq_5x_7gb_fixed/paging/q7/log_dir/sirius_2026-07-09.log
paging,q7,page_budget,23924.0,0,4284603316,3.9903477914631367,,160346400,14,experiment/fixed_page_runs/allq_5x_7gb_fixed/paging/q7/log_dir/sirius_2026-07-09.log
paging,q7,page_directory,23924.0,,5986356144,5.575228616595268,542,0,359,experiment/fixed_page_runs/allq_5x_7gb_fixed/paging/q7/log_dir/sirius_2026-07-09.log
paging,q7,page_budget,23937.0,1,4293028516,3.998194370418787,,160296184,14,experiment/fixed_page_runs/allq_5x_7gb_fixed/paging/q7/log_dir/sirius_2026-07-09.log
paging,q7,page_directory,23937.0,,5985631832,5.574554048478603,542,0,373,experiment/fixed_page_runs/allq_5x_7gb_fixed/paging/q7/log_dir/sirius_2026-07-09.log
paging,q7,page_budget,24252.0,0,4285468580,3.9911536313593388,,158500616,13,experiment/fixed_page_runs/allq_5x_7gb_fixed/paging/q7/log_dir/sirius_2026-07-09.log
paging,q7,page_directory,24252.0,,5986497096,5.5753598883748055,543,0,386,experiment/fixed_page_runs/allq_5x_7gb_fixed/paging/q7/log_dir/sirius_2026-07-09.log
paging,q7,page_budget,24264.0,1,4294009328,3.9991078227758408,,158397200,13,experiment/fixed_page_runs/allq_5x_7gb_fixed/paging/q7/log_dir/sirius_2026-07-09.log
paging,q7,page_directory,24264.0,,5987477908,5.576273340731859,544,0,399,experiment/fixed_page_runs/allq_5x_7gb_fixed/paging/q7/log_dir/sirius_2026-07-09.log
paging,q7,page_budget,24582.0,1,4293283916,3.998432230204344,,160366080,14,experiment/fixed_page_runs/allq_5x_7gb_fixed/paging/q7/log_dir/sirius_2026-07-09.log
paging,q7,page_directory,24582.0,,5986752496,5.575597748160362,544,0,413,experiment/fixed_page_runs/allq_5x_7gb_fixed/paging/q7/log_dir/sirius_2026-07-09.log
paging,q7,page_budget,24600.0,0,4284557448,3.990305073559284,,160342568,14,experiment/fixed_page_runs/allq_5x_7gb_fixed/paging/q7/log_dir/sirius_2026-07-09.log
paging,q7,page_directory,24600.0,,5985841364,5.574749190360308,544,0,427,experiment/fixed_page_runs/allq_5x_7gb_fixed/paging/q7/log_dir/sirius_2026-07-09.log
paging,q7,page_budget,24907.0,0,4285514932,3.9911968000233173,,158329592,13,experiment/fixed_page_runs/allq_5x_7gb_fixed/paging/q7/log_dir/sirius_2026-07-09.log
paging,q7,page_directory,24907.0,,5986798848,5.575640916824341,545,0,440,experiment/fixed_page_runs/allq_5x_7gb_fixed/paging/q7/log_dir/sirius_2026-07-09.log
paging,q7,page_budget,24924.0,1,4279303528,3.9854119792580605,,173467912,13,experiment/fixed_page_runs/allq_5x_7gb_fixed/paging/q7/log_dir/sirius_2026-07-09.log
paging,q7,page_directory,24924.0,,6056704540,5.6407456658780575,551,0,448,experiment/fixed_page_runs/allq_5x_7gb_fixed/paging/q7/log_dir/sirius_2026-07-09.log
paging,q7,page_budget,25230.0,1,4281323840,3.987293541431427,,157218272,12,experiment/fixed_page_runs/allq_5x_7gb_fixed/paging/q7/log_dir/sirius_2026-07-09.log
paging,q7,page_directory,25231.0,,6145170420,5.7231359370052814,559,0,454,experiment/fixed_page_runs/allq_5x_7gb_fixed/paging/q7/log_dir/sirius_2026-07-09.log
paging,q7,page_budget,25245.0,0,4284557016,3.990304671227932,,160301872,14,experiment/fixed_page_runs/allq_5x_7gb_fixed/paging/q7/log_dir/sirius_2026-07-09.log
paging,q7,page_directory,25245.0,,6144212504,5.722243808209896,559,0,468,experiment/fixed_page_runs/allq_5x_7gb_fixed/paging/q7/log_dir/sirius_2026-07-09.log
paging,q7,page_budget,25576.0,1,4291068188,3.996368672698736,,149331120,12,experiment/fixed_page_runs/allq_5x_7gb_fixed/paging/q7/log_dir/sirius_2026-07-09.log
paging,q7,page_directory,25576.0,,6163625204,5.740323293954134,562,0,479,experiment/fixed_page_runs/allq_5x_7gb_fixed/paging/q7/log_dir/sirius_2026-07-09.log
paging,q7,page_budget,25587.0,0,4285442412,3.9911292605102062,,158421696,13,experiment/fixed_page_runs/allq_5x_7gb_fixed/paging/q7/log_dir/sirius_2026-07-09.log
paging,q7,page_directory,25587.0,,6164510600,5.741147883236408,563,0,492,experiment/fixed_page_runs/allq_5x_7gb_fixed/paging/q7/log_dir/sirius_2026-07-09.log
paging,q7,page_budget,25905.0,0,4284505848,3.990257017314434,,160339848,14,experiment/fixed_page_runs/allq_5x_7gb_fixed/paging/q7/log_dir/sirius_2026-07-09.log
paging,q7,page_directory,25906.0,,6163574036,5.740275640040636,563,0,506,experiment/fixed_page_runs/allq_5x_7gb_fixed/paging/q7/log_dir/sirius_2026-07-09.log
paging,q7,page_budget,25922.0,1,4290278636,3.9956333450973034,,160419528,14,experiment/fixed_page_runs/allq_5x_7gb_fixed/paging/q7/log_dir/sirius_2026-07-09.log
paging,q7,page_directory,25923.0,,6162784484,5.739540312439203,563,0,520,experiment/fixed_page_runs/allq_5x_7gb_fixed/paging/q7/log_dir/sirius_2026-07-09.log
paging,q7,page_budget,26223.0,1,4291244408,3.996532790362835,,158581296,13,experiment/fixed_page_runs/allq_5x_7gb_fixed/paging/q7/log_dir/sirius_2026-07-09.log
paging,q7,page_directory,26223.0,,6163750256,5.740439757704735,564,0,533,experiment/fixed_page_runs/allq_5x_7gb_fixed/paging/q7/log_dir/sirius_2026-07-09.log
paging,q7,page_budget,26240.0,0,4285504796,3.991187360137701,,158423344,13,experiment/fixed_page_runs/allq_5x_7gb_fixed/paging/q7/log_dir/sirius_2026-07-09.log
paging,q7,page_directory,26240.0,,6164749204,5.741370100528002,565,0,546,experiment/fixed_page_runs/allq_5x_7gb_fixed/paging/q7/log_dir/sirius_2026-07-09.log
paging,q7,page_budget,26548.0,1,4290312116,3.9956645257771015,,160350912,14,experiment/fixed_page_runs/allq_5x_7gb_fixed/paging/q7/log_dir/sirius_2026-07-09.log
paging,q7,page_directory,26548.0,,6163816912,5.740501835942268,565,0,560,experiment/fixed_page_runs/allq_5x_7gb_fixed/paging/q7/log_dir/sirius_2026-07-09.log
paging,q7,page_budget,26561.0,0,4284623768,3.9903668388724327,,160462440,14,experiment/fixed_page_runs/allq_5x_7gb_fixed/paging/q7/log_dir/sirius_2026-07-09.log
paging,q7,page_directory,26561.0,,6162935884,5.739681314677,565,0,574,experiment/fixed_page_runs/allq_5x_7gb_fixed/paging/q7/log_dir/sirius_2026-07-09.log
paging,q7,page_budget,26812.0,0,4283080312,3.988929383456707,,28964224,3,experiment/fixed_page_runs/allq_5x_7gb_fixed/paging/q7/log_dir/sirius_2026-07-09.log
paging,q7,page_directory,26812.0,,6161392428,5.738243859261274,567,0,577,experiment/fixed_page_runs/allq_5x_7gb_fixed/paging/q7/log_dir/sirius_2026-07-09.log
paging,q7,page_budget,26818.0,1,4291192064,3.9964840412139893,,158357952,13,experiment/fixed_page_runs/allq_5x_7gb_fixed/paging/q7/log_dir/sirius_2026-07-09.log
paging,q7,page_directory,26818.0,,6162272376,5.739063374698162,568,0,590,experiment/fixed_page_runs/allq_5x_7gb_fixed/paging/q7/log_dir/sirius_2026-07-09.log
paging,q7,page_budget,28201.0,1,4290483920,3.9958245307207108,,160603224,14,experiment/fixed_page_runs/allq_5x_7gb_fixed/paging/q7/log_dir/sirius_2026-07-09.log
paging,q7,page_directory,28202.0,,6161564232,5.738403864204884,568,0,604,experiment/fixed_page_runs/allq_5x_7gb_fixed/paging/q7/log_dir/sirius_2026-07-09.log
paging,q7,page_budget,28342.0,0,4282157160,3.9880696311593056,,160259728,14,experiment/fixed_page_runs/allq_5x_7gb_fixed/paging/q7/log_dir/sirius_2026-07-09.log
paging,q7,page_directory,28342.0,,6160641080,5.737544111907482,568,0,618,experiment/fixed_page_runs/allq_5x_7gb_fixed/paging/q7/log_dir/sirius_2026-07-09.log
paging,q7,page_budget,28522.0,1,4291489500,3.9967610500752926,,158441120,13,experiment/fixed_page_runs/allq_5x_7gb_fixed/paging/q7/log_dir/sirius_2026-07-09.log
paging,q7,page_directory,28522.0,,6161646660,5.738480631262064,569,0,631,experiment/fixed_page_runs/allq_5x_7gb_fixed/paging/q7/log_dir/sirius_2026-07-09.log
paging,q7,page_budget,28663.0,0,4283078364,3.9889275692403316,,158454792,13,experiment/fixed_page_runs/allq_5x_7gb_fixed/paging/q7/log_dir/sirius_2026-07-09.log
paging,q7,page_directory,28663.0,,6162567864,5.73933856934309,570,0,644,experiment/fixed_page_runs/allq_5x_7gb_fixed/paging/q7/log_dir/sirius_2026-07-09.log
paging,q7,page_budget,28835.0,1,4284345676,3.9901078455150127,,166322072,15,experiment/fixed_page_runs/allq_5x_7gb_fixed/paging/q7/log_dir/sirius_2026-07-09.log
paging,q7,page_directory,28835.0,,6155424040,5.73268536478281,569,0,659,experiment/fixed_page_runs/allq_5x_7gb_fixed/paging/q7/log_dir/sirius_2026-07-09.log
paging,q7,page_budget,29014.0,0,4282120140,3.9880351535975933,,160379328,14,experiment/fixed_page_runs/allq_5x_7gb_fixed/paging/q7/log_dir/sirius_2026-07-09.log
paging,q7,page_directory,29014.0,,6154465816,5.731792949140072,569,0,673,experiment/fixed_page_runs/allq_5x_7gb_fixed/paging/q7/log_dir/sirius_2026-07-09.log
paging,q7,page_budget,29205.0,1,4285213244,3.9909158311784267,,158683640,13,experiment/fixed_page_runs/allq_5x_7gb_fixed/paging/q7/log_dir/sirius_2026-07-09.log
paging,q7,page_directory,29205.0,,6155333384,5.732600934803486,570,0,686,experiment/fixed_page_runs/allq_5x_7gb_fixed/paging/q7/log_dir/sirius_2026-07-09.log
paging,q7,page_budget,29365.0,0,4283031092,3.9888835437595844,,158417344,13,experiment/fixed_page_runs/allq_5x_7gb_fixed/paging/q7/log_dir/sirius_2026-07-09.log
paging,q7,page_directory,29365.0,,6156244336,5.733449324965477,571,0,699,experiment/fixed_page_runs/allq_5x_7gb_fixed/paging/q7/log_dir/sirius_2026-07-09.log
paging,q7,page_budget,33658.0,1,4284237412,3.9900070168077946,,160290808,14,experiment/fixed_page_runs/allq_5x_7gb_fixed/paging/q7/log_dir/sirius_2026-07-09.log
paging,q7,page_directory,33658.0,,6155268504,5.732540510594845,571,0,713,experiment/fixed_page_runs/allq_5x_7gb_fixed/paging/q7/log_dir/sirius_2026-07-09.log
paging,q7,page_budget,33679.0,0,4282024644,3.987946216017008,,160451528,14,experiment/fixed_page_runs/allq_5x_7gb_fixed/paging/q7/log_dir/sirius_2026-07-09.log
paging,q7,page_directory,33679.0,,6154262056,5.731603182852268,571,0,727,experiment/fixed_page_runs/allq_5x_7gb_fixed/paging/q7/log_dir/sirius_2026-07-09.log
paging,q7,page_budget,33889.0,1,4285128200,3.990836627781391,,158323208,13,experiment/fixed_page_runs/allq_5x_7gb_fixed/paging/q7/log_dir/sirius_2026-07-09.log
paging,q7,page_directory,33889.0,,6155152844,5.732432793825865,572,0,740,experiment/fixed_page_runs/allq_5x_7gb_fixed/paging/q7/log_dir/sirius_2026-07-09.log
paging,q7,page_budget,34145.0,1,4284314028,3.9900783710181713,,160314440,14,experiment/fixed_page_runs/allq_5x_7gb_fixed/paging/q7/log_dir/sirius_2026-07-09.log
paging,q7,page_directory,34145.0,,6154338672,5.731674537062645,572,0,754,experiment/fixed_page_runs/allq_5x_7gb_fixed/paging/q7/log_dir/sirius_2026-07-09.log
paging,q7,page_budget,35203.0,0,4283131388,3.988976951688528,,158482120,13,experiment/fixed_page_runs/allq_5x_7gb_fixed/paging/q7/log_dir/sirius_2026-07-09.log
paging,q7,page_directory,35203.0,,6155445416,5.732705272734165,573,0,767,experiment/fixed_page_runs/allq_5x_7gb_fixed/paging/q7/log_dir/sirius_2026-07-09.log
paging,q7,page_budget,35214.0,1,4285190052,3.9908942319452763,,158321520,13,experiment/fixed_page_runs/allq_5x_7gb_fixed/paging/q7/log_dir/sirius_2026-07-09.log
paging,q7,page_directory,35214.0,,6156321440,5.73352113366127,574,0,780,experiment/fixed_page_runs/allq_5x_7gb_fixed/paging/q7/log_dir/sirius_2026-07-09.log
paging,q7,page_budget,35488.0,1,4284066092,3.9898474626243114,,160338064,14,experiment/fixed_page_runs/allq_5x_7gb_fixed/paging/q7/log_dir/sirius_2026-07-09.log
paging,q7,page_directory,35488.0,,6155197480,5.732474364340305,574,0,794,experiment/fixed_page_runs/allq_5x_7gb_fixed/paging/q7/log_dir/sirius_2026-07-09.log
paging,q7,page_budget,35494.0,0,4282247700,3.9881539531052113,,160319048,14,experiment/fixed_page_runs/allq_5x_7gb_fixed/paging/q7/log_dir/sirius_2026-07-09.log
paging,q7,page_directory,35494.0,,6154313792,5.7316513657569885,574,0,808,experiment/fixed_page_runs/allq_5x_7gb_fixed/paging/q7/log_dir/sirius_2026-07-09.log
paging,q7,page_budget,35821.0,1,4284990152,3.9907080605626106,,158428680,13,experiment/fixed_page_runs/allq_5x_7gb_fixed/paging/q7/log_dir/sirius_2026-07-09.log
paging,q7,page_directory,35821.0,,6155237852,5.732511963695288,575,0,821,experiment/fixed_page_runs/allq_5x_7gb_fixed/paging/q7/log_dir/sirius_2026-07-09.log
paging,q7,page_budget,35842.0,0,4283139636,3.9889846332371235,,158396688,13,experiment/fixed_page_runs/allq_5x_7gb_fixed/paging/q7/log_dir/sirius_2026-07-09.log
paging,q7,page_directory,35842.0,,6156129788,5.7333426438272,576,0,834,experiment/fixed_page_runs/allq_5x_7gb_fixed/paging/q7/log_dir/sirius_2026-07-09.log
paging,q7,page_budget,36155.0,0,4294770660,3.999816868454218,,147874608,13,experiment/fixed_page_runs/allq_5x_7gb_fixed/paging/q7/log_dir/sirius_2026-07-09.log
paging,q7,page_directory,36156.0,,6167760812,5.744174879044294,577,0,847,experiment/fixed_page_runs/allq_5x_7gb_fixed/paging/q7/log_dir/sirius_2026-07-09.log
paging,q7,page_budget,36168.0,1,4283934332,3.98972475156188,,160257360,14,experiment/fixed_page_runs/allq_5x_7gb_fixed/paging/q7/log_dir/sirius_2026-07-09.log
paging,q7,page_directory,36168.0,,6166704992,5.743191570043564,577,0,861,experiment/fixed_page_runs/allq_5x_7gb_fixed/paging/q7/log_dir/sirius_2026-07-09.log
paging,q7,page_budget,36457.0,1,4284995596,3.990713130682707,,158510608,13,experiment/fixed_page_runs/allq_5x_7gb_fixed/paging/q7/log_dir/sirius_2026-07-09.log
paging,q7,page_directory,36457.0,,6167766256,5.744179949164391,578,0,874,experiment/fixed_page_runs/allq_5x_7gb_fixed/paging/q7/log_dir/sirius_2026-07-09.log
paging,q7,page_budget,36477.0,0,4293912088,3.999017260968685,,160367624,14,experiment/fixed_page_runs/allq_5x_7gb_fixed/paging/q7/log_dir/sirius_2026-07-09.log
paging,q7,page_directory,36477.0,,6166907684,5.743380341678858,578,0,888,experiment/fixed_page_runs/allq_5x_7gb_fixed/paging/q7/log_dir/sirius_2026-07-09.log
paging,q7,page_budget,36776.0,1,4283978368,3.989765763282776,,160395240,14,experiment/fixed_page_runs/allq_5x_7gb_fixed/paging/q7/log_dir/sirius_2026-07-09.log
paging,q7,page_directory,36776.0,,6165890456,5.742432974278927,578,0,902,experiment/fixed_page_runs/allq_5x_7gb_fixed/paging/q7/log_dir/sirius_2026-07-09.log
paging,q7,page_budget,36787.0,0,4293066864,3.9982300847768784,,160469728,14,experiment/fixed_page_runs/allq_5x_7gb_fixed/paging/q7/log_dir/sirius_2026-07-09.log
paging,q7,page_directory,36787.0,,6165045232,5.74164579808712,578,0,916,experiment/fixed_page_runs/allq_5x_7gb_fixed/paging/q7/log_dir/sirius_2026-07-09.log
paging,q7,page_budget,37106.0,1,4285031260,3.990746345371008,,158587776,13,experiment/fixed_page_runs/allq_5x_7gb_fixed/paging/q7/log_dir/sirius_2026-07-09.log
paging,q7,page_directory,37107.0,,6166098124,5.742626380175352,579,0,929,experiment/fixed_page_runs/allq_5x_7gb_fixed/paging/q7/log_dir/sirius_2026-07-09.log
paging,q7,page_budget,37118.0,0,4293866796,3.9989750795066357,,158328528,13,experiment/fixed_page_runs/allq_5x_7gb_fixed/paging/q7/log_dir/sirius_2026-07-09.log
paging,q7,page_directory,37118.0,,6166898056,5.743371374905109,580,0,942,experiment/fixed_page_runs/allq_5x_7gb_fixed/paging/q7/log_dir/sirius_2026-07-09.log
paging,q7,page_budget,37442.0,1,4284210032,3.9899815171957016,,160308752,14,experiment/fixed_page_runs/allq_5x_7gb_fixed/paging/q7/log_dir/sirius_2026-07-09.log
paging,q7,page_directory,37442.0,,6166076828,5.742606546729803,580,0,956,experiment/fixed_page_runs/allq_5x_7gb_fixed/paging/q7/log_dir/sirius_2026-07-09.log
paging,q7,page_budget,37456.0,0,4294734028,3.9997827522456646,,158498648,13,experiment/fixed_page_runs/allq_5x_7gb_fixed/paging/q7/log_dir/sirius_2026-07-09.log
paging,q7,page_directory,37456.0,,6166944060,5.743414219468832,581,0,969,experiment/fixed_page_runs/allq_5x_7gb_fixed/paging/q7/log_dir/sirius_2026-07-09.log
paging,q7,page_budget,37771.0,0,4293835632,3.9989460557699203,,160329832,14,experiment/fixed_page_runs/allq_5x_7gb_fixed/paging/q7/log_dir/sirius_2026-07-09.log
paging,q7,page_directory,37771.0,,6166045664,5.742577522993088,581,0,983,experiment/fixed_page_runs/allq_5x_7gb_fixed/paging/q7/log_dir/sirius_2026-07-09.log
paging,q7,page_budget,37791.0,1,4285106064,3.9908160120248795,,158342552,13,experiment/fixed_page_runs/allq_5x_7gb_fixed/paging/q7/log_dir/sirius_2026-07-09.log
paging,q7,page_directory,37792.0,,6166941696,5.743412017822266,582,0,996,experiment/fixed_page_runs/allq_5x_7gb_fixed/paging/q7/log_dir/sirius_2026-07-09.log
paging,q7,page_budget,38100.0,1,4284002668,3.989788394421339,,160178864,14,experiment/fixed_page_runs/allq_5x_7gb_fixed/paging/q7/log_dir/sirius_2026-07-09.log
paging,q7,page_directory,38100.0,,6165838300,5.742384400218725,582,0,1010,experiment/fixed_page_runs/allq_5x_7gb_fixed/paging/q7/log_dir/sirius_2026-07-09.log
paging,q7,page_budget,38115.0,0,4294724900,3.9997742511332035,,158397808,13,experiment/fixed_page_runs/allq_5x_7gb_fixed/paging/q7/log_dir/sirius_2026-07-09.log
paging,q7,page_directory,38115.0,,6166727568,5.743212595582008,583,0,1023,experiment/fixed_page_runs/allq_5x_7gb_fixed/paging/q7/log_dir/sirius_2026-07-09.log
paging,q7,page_budget,38430.0,0,4293651928,3.998774968087673,,160416928,14,experiment/fixed_page_runs/allq_5x_7gb_fixed/paging/q7/log_dir/sirius_2026-07-09.log
paging,q7,page_directory,38430.0,,6165654596,5.742213312536478,583,0,1037,experiment/fixed_page_runs/allq_5x_7gb_fixed/paging/q7/log_dir/sirius_2026-07-09.log
paging,q7,page_budget,38444.0,1,4284991396,3.9907092191278934,,158641248,13,experiment/fixed_page_runs/allq_5x_7gb_fixed/paging/q7/log_dir/sirius_2026-07-09.log
paging,q7,page_directory,38444.0,,6166643324,5.7431341372430325,584,0,1050,experiment/fixed_page_runs/allq_5x_7gb_fixed/paging/q7/log_dir/sirius_2026-07-09.log
paging,q7,page_budget,38778.0,1,4284196088,3.989968530833721,,160342376,14,experiment/fixed_page_runs/allq_5x_7gb_fixed/paging/q7/log_dir/sirius_2026-07-09.log
paging,q7,page_directory,38778.0,,6165848016,5.74239344894886,584,0,1064,experiment/fixed_page_runs/allq_5x_7gb_fixed/paging/q7/log_dir/sirius_2026-07-09.log
paging,q7,page_budget,38788.0,0,4294604132,3.9996617771685123,,158354888,13,experiment/fixed_page_runs/allq_5x_7gb_fixed/paging/q7/log_dir/sirius_2026-07-09.log
paging,q7,page_directory,38788.0,,6166800220,5.743280258029699,585,0,1077,experiment/fixed_page_runs/allq_5x_7gb_fixed/paging/q7/log_dir/sirius_2026-07-09.log
paging,q7,page_budget,39105.0,0,4293679064,3.998800240457058,,160328352,14,experiment/fixed_page_runs/allq_5x_7gb_fixed/paging/q7/log_dir/sirius_2026-07-09.log
paging,q7,page_directory,39105.0,,6165875152,5.742418721318245,585,0,1091,experiment/fixed_page_runs/allq_5x_7gb_fixed/paging/q7/log_dir/sirius_2026-07-09.log
paging,q7,page_budget,39115.0,1,4285103508,3.9908136315643787,,158511200,13,experiment/fixed_page_runs/allq_5x_7gb_fixed/paging/q7/log_dir/sirius_2026-07-09.log
paging,q7,page_directory,39116.0,,6166782572,5.7432638220489025,586,0,1104,experiment/fixed_page_runs/allq_5x_7gb_fixed/paging/q7/log_dir/sirius_2026-07-09.log
paging,q7,page_budget,39420.0,1,4284135008,3.9899116456508636,,160206400,14,experiment/fixed_page_runs/allq_5x_7gb_fixed/paging/q7/log_dir/sirius_2026-07-09.log
paging,q7,page_directory,39420.0,,6165814072,5.742361836135387,586,0,1118,experiment/fixed_page_runs/allq_5x_7gb_fixed/paging/q7/log_dir/sirius_2026-07-09.log
paging,q7,page_budget,39434.0,0,4294665380,3.9997188188135624,,158435976,13,experiment/fixed_page_runs/allq_5x_7gb_fixed/paging/q7/log_dir/sirius_2026-07-09.log
paging,q7,page_directory,39434.0,,6166800388,5.743280414491892,587,0,1131,experiment/fixed_page_runs/allq_5x_7gb_fixed/paging/q7/log_dir/sirius_2026-07-09.log
paging,q7,page_budget,39673.0,0,4293788568,3.9989022240042686,,160458224,14,experiment/fixed_page_runs/allq_5x_7gb_fixed/paging/q7/log_dir/sirius_2026-07-09.log
paging,q7,page_directory,39673.0,,6165923576,5.742463819682598,587,0,1145,experiment/fixed_page_runs/allq_5x_7gb_fixed/paging/q7/log_dir/sirius_2026-07-09.log
paging,q7,page_budget,39858.0,0,4286151608,3.991789750754833,,35057728,4,experiment/fixed_page_runs/allq_5x_7gb_fixed/paging/q7/log_dir/sirius_2026-07-09.log
paging,q7,page_directory,39858.0,,6158286616,5.735351346433163,588,0,1149,experiment/fixed_page_runs/allq_5x_7gb_fixed/paging/q7/log_dir/sirius_2026-07-09.log
paging,q7,page_budget,40280.0,0,4286151608,3.991789750754833,,180000000,12,experiment/fixed_page_runs/allq_5x_7gb_fixed/paging/q7/log_dir/sirius_2026-07-09.log
paging,q7,page_directory,40280.0,,0,0.0,0,0,24,experiment/fixed_page_runs/allq_5x_7gb_fixed/paging/q7/log_dir/sirius_2026-07-09.log
paging,q7,page_budget,41228.0,1,4285229240,3.9909307286143303,,158800848,13,experiment/fixed_page_runs/allq_5x_7gb_fixed/paging/q7/log_dir/sirius_2026-07-09.log
paging,q7,page_directory,41228.0,,6159380848,5.736370429396629,589,0,1162,experiment/fixed_page_runs/allq_5x_7gb_fixed/paging/q7/log_dir/sirius_2026-07-09.log
paging,q7,page_budget,41354.0,0,4285248384,3.9909485578536987,,160239800,14,experiment/fixed_page_runs/allq_5x_7gb_fixed/paging/q7/log_dir/sirius_2026-07-09.log
paging,q7,page_directory,41354.0,,6158477624,5.735529236495495,589,0,1176,experiment/fixed_page_runs/allq_5x_7gb_fixed/paging/q7/log_dir/sirius_2026-07-09.log
paging,q7,page_budget,41523.0,1,4284284876,3.990051221102476,,160391064,14,experiment/fixed_page_runs/allq_5x_7gb_fixed/paging/q7/log_dir/sirius_2026-07-09.log
paging,q7,page_directory,41523.0,,6157533260,5.734649728983641,589,0,1190,experiment/fixed_page_runs/allq_5x_7gb_fixed/paging/q7/log_dir/sirius_2026-07-09.log
paging,q7,page_budget,41676.0,0,4286136084,3.991775292903185,,158488296,13,experiment/fixed_page_runs/allq_5x_7gb_fixed/paging/q7/log_dir/sirius_2026-07-09.log
paging,q7,page_directory,41676.0,,6158420960,5.735476464033127,590,0,1203,experiment/fixed_page_runs/allq_5x_7gb_fixed/paging/q7/log_dir/sirius_2026-07-09.log
paging,q7,page_budget,41844.0,1,4285136996,3.9908448196947575,,158326128,13,experiment/fixed_page_runs/allq_5x_7gb_fixed/paging/q7/log_dir/sirius_2026-07-09.log
paging,q7,page_directory,41844.0,,6159273080,5.736270062625408,591,0,1216,experiment/fixed_page_runs/allq_5x_7gb_fixed/paging/q7/log_dir/sirius_2026-07-09.log
paging,q7,page_budget,42015.0,0,4285258212,3.990957710891962,,160298976,14,experiment/fixed_page_runs/allq_5x_7gb_fixed/paging/q7/log_dir/sirius_2026-07-09.log
paging,q7,page_directory,42015.0,,6158395208,5.735452480614185,591,0,1230,experiment/fixed_page_runs/allq_5x_7gb_fixed/paging/q7/log_dir/sirius_2026-07-09.log
paging,q7,page_budget,42194.0,1,4284268236,3.9900357238948345,,160419968,14,experiment/fixed_page_runs/allq_5x_7gb_fixed/paging/q7/log_dir/sirius_2026-07-09.log
paging,q7,page_directory,42194.0,,6157526448,5.734643384814262,591,0,1244,experiment/fixed_page_runs/allq_5x_7gb_fixed/paging/q7/log_dir/sirius_2026-07-09.log
paging,q7,page_budget,42393.0,0,4286114724,3.991755399852991,,158471784,13,experiment/fixed_page_runs/allq_5x_7gb_fixed/paging/q7/log_dir/sirius_2026-07-09.log
paging,q7,page_directory,42393.0,,6158382960,5.735441073775291,592,0,1257,experiment/fixed_page_runs/allq_5x_7gb_fixed/paging/q7/log_dir/sirius_2026-07-09.log
paging,q7,page_budget,44800.0,0,4285248524,3.990948688238859,,160311280,14,experiment/fixed_page_runs/allq_5x_7gb_fixed/paging/q7/log_dir/sirius_2026-07-09.log
paging,q7,page_directory,44800.0,,6157516760,5.7346343621611595,592,0,1271,experiment/fixed_page_runs/allq_5x_7gb_fixed/paging/q7/log_dir/sirius_2026-07-09.log
paging,q7,page_budget,48298.0,1,4285150316,3.9908572249114513,,158432896,13,experiment/fixed_page_runs/allq_5x_7gb_fixed/paging/q7/log_dir/sirius_2026-07-09.log
paging,q7,page_directory,48298.0,,6158398840,5.735455863177776,593,0,1284,experiment/fixed_page_runs/allq_5x_7gb_fixed/paging/q7/log_dir/sirius_2026-07-09.log
paging,q7,page_budget,48310.0,0,4286281244,3.991910483688116,,158556144,13,experiment/fixed_page_runs/allq_5x_7gb_fixed/paging/q7/log_dir/sirius_2026-07-09.log
paging,q7,page_directory,48310.0,,6159431560,5.736417658627033,594,0,1297,experiment/fixed_page_runs/allq_5x_7gb_fixed/paging/q7/log_dir/sirius_2026-07-09.log
paging,q7,page_budget,48637.0,0,4285275348,3.9909736700356007,,160441256,14,experiment/fixed_page_runs/allq_5x_7gb_fixed/paging/q7/log_dir/sirius_2026-07-09.log
paging,q7,page_directory,48638.0,,6158425664,5.735480844974518,594,0,1311,experiment/fixed_page_runs/allq_5x_7gb_fixed/paging/q7/log_dir/sirius_2026-07-09.log
paging,q7,page_budget,48653.0,1,4284190528,3.9899633526802063,,160173784,14,experiment/fixed_page_runs/allq_5x_7gb_fixed/paging/q7/log_dir/sirius_2026-07-09.log
paging,q7,page_directory,48653.0,,6157465876,5.734586972743273,594,0,1325,experiment/fixed_page_runs/allq_5x_7gb_fixed/paging/q7/log_dir/sirius_2026-07-09.log
paging,q7,page_budget,48953.0,0,4286167980,3.991804998368025,,158395992,13,experiment/fixed_page_runs/allq_5x_7gb_fixed/paging/q7/log_dir/sirius_2026-07-09.log
paging,q7,page_directory,48953.0,,6158358508,5.735418301075697,595,0,1338,experiment/fixed_page_runs/allq_5x_7gb_fixed/paging/q7/log_dir/sirius_2026-07-09.log
paging,q7,page_budget,48970.0,1,4285107956,3.9908177740871906,,158582840,13,experiment/fixed_page_runs/allq_5x_7gb_fixed/paging/q7/log_dir/sirius_2026-07-09.log
paging,q7,page_directory,48970.0,,6159275936,5.736272722482681,596,0,1351,experiment/fixed_page_runs/allq_5x_7gb_fixed/paging/q7/log_dir/sirius_2026-07-09.log
paging,q7,page_budget,49294.0,1,4284107172,3.9898857213556767,,160198328,14,experiment/fixed_page_runs/allq_5x_7gb_fixed/paging/q7/log_dir/sirius_2026-07-09.log
paging,q7,page_directory,49294.0,,6158275152,5.735340669751167,596,0,1365,experiment/fixed_page_runs/allq_5x_7gb_fixed/paging/q7/log_dir/sirius_2026-07-09.log
paging,q7,page_budget,49303.0,0,4285319412,3.9910147078335285,,160354200,14,experiment/fixed_page_runs/allq_5x_7gb_fixed/paging/q7/log_dir/sirius_2026-07-09.log
paging,q7,page_directory,49304.0,,6157426584,5.734550379216671,596,0,1379,experiment/fixed_page_runs/allq_5x_7gb_fixed/paging/q7/log_dir/sirius_2026-07-09.log
paging,q7,page_budget,49627.0,1,4285004196,3.9907211400568485,,158317080,13,experiment/fixed_page_runs/allq_5x_7gb_fixed/paging/q7/log_dir/sirius_2026-07-09.log
paging,q7,page_directory,49627.0,,6158323608,5.735385797917843,597,0,1392,experiment/fixed_page_runs/allq_5x_7gb_fixed/paging/q7/log_dir/sirius_2026-07-09.log
paging,q7,page_budget,49646.0,0,4286294992,3.991923287510872,,158533472,13,experiment/fixed_page_runs/allq_5x_7gb_fixed/paging/q7/log_dir/sirius_2026-07-09.log
paging,q7,page_directory,49646.0,,6159299188,5.736294377595186,598,0,1405,experiment/fixed_page_runs/allq_5x_7gb_fixed/paging/q7/log_dir/sirius_2026-07-09.log
paging,q7,page_budget,49947.0,0,4285447176,3.9911336973309517,,160472320,14,experiment/fixed_page_runs/allq_5x_7gb_fixed/paging/q7/log_dir/sirius_2026-07-09.log
paging,q7,page_directory,49947.0,,6158451372,5.735504787415266,598,0,1419,experiment/fixed_page_runs/allq_5x_7gb_fixed/paging/q7/log_dir/sirius_2026-07-09.log
paging,q7,page_budget,49954.0,1,4284087648,3.98986753821373,,160269288,14,experiment/fixed_page_runs/allq_5x_7gb_fixed/paging/q7/log_dir/sirius_2026-07-09.log
paging,q7,page_directory,49954.0,,6157534824,5.734651185572147,598,0,1433,experiment/fixed_page_runs/allq_5x_7gb_fixed/paging/q7/log_dir/sirius_2026-07-09.log
paging,q7,page_budget,50267.0,1,4284950436,3.990671072155237,,158338752,13,experiment/fixed_page_runs/allq_5x_7gb_fixed/paging/q7/log_dir/sirius_2026-07-09.log
paging,q7,page_directory,50267.0,,6158397612,5.735454719513655,599,0,1446,experiment/fixed_page_runs/allq_5x_7gb_fixed/paging/q7/log_dir/sirius_2026-07-09.log
paging,q7,page_budget,50286.0,0,4286280540,3.9919098280370235,,158295096,13,experiment/fixed_page_runs/allq_5x_7gb_fixed/paging/q7/log_dir/sirius_2026-07-09.log
paging,q7,page_directory,50286.0,,6159230976,5.736230850219727,600,0,1459,experiment/fixed_page_runs/allq_5x_7gb_fixed/paging/q7/log_dir/sirius_2026-07-09.log
paging,q7,page_budget,50591.0,1,4294716500,3.9997664280235767,,149805808,14,experiment/fixed_page_runs/allq_5x_7gb_fixed/paging/q7/log_dir/sirius_2026-07-09.log
paging,q7,page_directory,50592.0,,6168997040,5.745326206088066,600,0,1473,experiment/fixed_page_runs/allq_5x_7gb_fixed/paging/q7/log_dir/sirius_2026-07-09.log
paging,q7,page_budget,50606.0,0,4285285444,3.990983072668314,,160360976,14,experiment/fixed_page_runs/allq_5x_7gb_fixed/paging/q7/log_dir/sirius_2026-07-09.log
paging,q7,page_directory,50606.0,,6168001944,5.7443994507193565,600,0,1487,experiment/fixed_page_runs/allq_5x_7gb_fixed/paging/q7/log_dir/sirius_2026-07-09.log
paging,q7,page_budget,50920.0,0,4286254568,3.9918856397271156,,158462312,13,experiment/fixed_page_runs/allq_5x_7gb_fixed/paging/q7/log_dir/sirius_2026-07-09.log
paging,q7,page_directory,50920.0,,6168971068,5.745302017778158,601,0,1500,experiment/fixed_page_runs/allq_5x_7gb_fixed/paging/q7/log_dir/sirius_2026-07-09.log
paging,q7,page_budget,50931.0,1,4278755832,3.984901897609234,,175338680,14,experiment/fixed_page_runs/allq_5x_7gb_fixed/paging/q7/log_dir/sirius_2026-07-09.log
paging,q7,page_directory,50931.0,,6153010400,5.730437487363815,601,0,1514,experiment/fixed_page_runs/allq_5x_7gb_fixed/paging/q7/log_dir/sirius_2026-07-09.log
paging,q7,page_budget,51230.0,0,4285235324,3.9909363947808743,,160306320,14,experiment/fixed_page_runs/allq_5x_7gb_fixed/paging/q7/log_dir/sirius_2026-07-09.log
paging,q7,page_directory,51231.0,,6151991156,5.729488242417574,601,0,1528,experiment/fixed_page_runs/allq_5x_7gb_fixed/paging/q7/log_dir/sirius_2026-07-09.log
paging,q7,page_budget,51243.0,1,4294718276,3.9997680820524693,,143678224,13,experiment/fixed_page_runs/allq_5x_7gb_fixed/paging/q7/log_dir/sirius_2026-07-09.log
paging,q7,page_directory,51243.0,,6167953600,5.744354426860809,602,0,1541,experiment/fixed_page_runs/allq_5x_7gb_fixed/paging/q7/log_dir/sirius_2026-07-09.log
paging,q7,page_budget,51542.0,1,4278870528,3.985008716583252,,175335272,14,experiment/fixed_page_runs/allq_5x_7gb_fixed/paging/q7/log_dir/sirius_2026-07-09.log
paging,q7,page_directory,51542.0,,6152105852,5.729595061391592,602,0,1555,experiment/fixed_page_runs/allq_5x_7gb_fixed/paging/q7/log_dir/sirius_2026-07-09.log
paging,q7,page_budget,51555.0,0,4286100648,3.991742290556431,,158478632,13,experiment/fixed_page_runs/allq_5x_7gb_fixed/paging/q7/log_dir/sirius_2026-07-09.log
paging,q7,page_directory,51556.0,,6152971176,5.730400957167149,603,0,1568,experiment/fixed_page_runs/allq_5x_7gb_fixed/paging/q7/log_dir/sirius_2026-07-09.log
paging,q7,page_budget,51856.0,0,4285203708,3.990906950086355,,160204032,14,experiment/fixed_page_runs/allq_5x_7gb_fixed/paging/q7/log_dir/sirius_2026-07-09.log
paging,q7,page_directory,51856.0,,6152074236,5.729565616697073,603,0,1582,experiment/fixed_page_runs/allq_5x_7gb_fixed/paging/q7/log_dir/sirius_2026-07-09.log
paging,q7,page_budget,51871.0,1,4294720272,3.999769940972328,,143388840,13,experiment/fixed_page_runs/allq_5x_7gb_fixed/paging/q7/log_dir/sirius_2026-07-09.log
paging,q7,page_directory,51872.0,,6167923980,5.744326841086149,604,0,1595,experiment/fixed_page_runs/allq_5x_7gb_fixed/paging/q7/log_dir/sirius_2026-07-09.log
paging,q7,page_budget,52183.0,0,4286131712,3.9917712211608887,,158475280,13,experiment/fixed_page_runs/allq_5x_7gb_fixed/paging/q7/log_dir/sirius_2026-07-09.log
paging,q7,page_directory,52184.0,,6168851984,5.745191112160683,605,0,1608,experiment/fixed_page_runs/allq_5x_7gb_fixed/paging/q7/log_dir/sirius_2026-07-09.log
paging,q7,page_budget,52200.0,1,4278746492,3.984893199056387,,175049248,14,experiment/fixed_page_runs/allq_5x_7gb_fixed/paging/q7/log_dir/sirius_2026-07-09.log
paging,q7,page_directory,52200.0,,6152878204,5.730314370244741,605,0,1622,experiment/fixed_page_runs/allq_5x_7gb_fixed/paging/q7/log_dir/sirius_2026-07-09.log
paging,q7,page_budget,52531.0,1,4294752772,3.999800208956003,,143623696,13,experiment/fixed_page_runs/allq_5x_7gb_fixed/paging/q7/log_dir/sirius_2026-07-09.log
paging,q7,page_directory,52531.0,,6168884484,5.745221380144358,606,0,1635,experiment/fixed_page_runs/allq_5x_7gb_fixed/paging/q7/log_dir/sirius_2026-07-09.log
paging,q7,page_budget,52550.0,0,4285242796,3.990943353623152,,160311208,14,experiment/fixed_page_runs/allq_5x_7gb_fixed/paging/q7/log_dir/sirius_2026-07-09.log
paging,q7,page_directory,52551.0,,6167995568,5.744393512606621,606,0,1649,experiment/fixed_page_runs/allq_5x_7gb_fixed/paging/q7/log_dir/sirius_2026-07-09.log
paging,q7,page_budget,52863.0,0,4286257808,3.9918886572122574,,158566400,13,experiment/fixed_page_runs/allq_5x_7gb_fixed/paging/q7/log_dir/sirius_2026-07-09.log
paging,q7,page_directory,52863.0,,6169010580,5.745338816195726,607,0,1662,experiment/fixed_page_runs/allq_5x_7gb_fixed/paging/q7/log_dir/sirius_2026-07-09.log
paging,q7,page_budget,52877.0,1,4278968976,3.9851004034280777,,175330864,14,experiment/fixed_page_runs/allq_5x_7gb_fixed/paging/q7/log_dir/sirius_2026-07-09.log
paging,q7,page_directory,52877.0,,6153226784,5.730639010667801,607,0,1676,experiment/fixed_page_runs/allq_5x_7gb_fixed/paging/q7/log_dir/sirius_2026-07-09.log
paging,q7,page_budget,53116.0,0,4293529544,3.9986609891057014,,20149032,4,experiment/fixed_page_runs/allq_5x_7gb_fixed/paging/q7/log_dir/sirius_2026-07-09.log
paging,q7,page_directory,53116.0,,6160498520,5.737411342561245,608,0,1680,experiment/fixed_page_runs/allq_5x_7gb_fixed/paging/q7/log_dir/sirius_2026-07-09.log
paging,q7,page_budget,53124.0,1,4294824412,3.9998669289052486,,143563184,13,experiment/fixed_page_runs/allq_5x_7gb_fixed/paging/q7/log_dir/sirius_2026-07-09.log
paging,q7,page_directory,53124.0,,6176353956,5.752177868038416,609,0,1693,experiment/fixed_page_runs/allq_5x_7gb_fixed/paging/q7/log_dir/sirius_2026-07-09.log
paging,q7,page_budget,53366.0,1,4278931944,3.9850659146904945,,175130368,14,experiment/fixed_page_runs/allq_5x_7gb_fixed/paging/q7/log_dir/sirius_2026-07-09.log
paging,q7,page_directory,53366.0,,6160461488,5.737376853823662,609,0,1707,experiment/fixed_page_runs/allq_5x_7gb_fixed/paging/q7/log_dir/sirius_2026-07-09.log
paging,q7,page_budget,53749.0,0,4293529544,3.9986609891057014,,180000000,12,experiment/fixed_page_runs/allq_5x_7gb_fixed/paging/q7/log_dir/sirius_2026-07-09.log
paging,q7,page_directory,53749.0,,0,0.0,0,0,36,experiment/fixed_page_runs/allq_5x_7gb_fixed/paging/q7/log_dir/sirius_2026-07-09.log
paging,q7,page_budget,54592.0,1,4294867360,3.9999069273471832,,143959664,13,experiment/fixed_page_runs/allq_5x_7gb_fixed/paging/q7/log_dir/sirius_2026-07-09.log
paging,q7,page_directory,54592.0,,6176396904,5.7522178664803505,610,0,1720,experiment/fixed_page_runs/allq_5x_7gb_fixed/paging/q7/log_dir/sirius_2026-07-09.log
paging,q7,page_budget,54809.0,0,4294437344,3.9995064437389374,,158428776,13,experiment/fixed_page_runs/allq_5x_7gb_fixed/paging/q7/log_dir/sirius_2026-07-09.log
paging,q7,page_directory,54809.0,,6177304704,5.753063321113586,611,0,1733,experiment/fixed_page_runs/allq_5x_7gb_fixed/paging/q7/log_dir/sirius_2026-07-09.log
paging,q7,page_budget,54994.0,1,4279075476,3.9851995892822742,,175238584,14,experiment/fixed_page_runs/allq_5x_7gb_fixed/paging/q7/log_dir/sirius_2026-07-09.log
paging,q7,page_directory,54994.0,,6161512820,5.7383559830486774,611,0,1747,experiment/fixed_page_runs/allq_5x_7gb_fixed/paging/q7/log_dir/sirius_2026-07-09.log
paging,q7,page_budget,55136.0,0,4289229420,3.9946561865508556,,164583920,14,experiment/fixed_page_runs/allq_5x_7gb_fixed/paging/q7/log_dir/sirius_2026-07-09.log
paging,q7,page_directory,55136.0,,6156304896,5.733505725860596,611,0,1761,experiment/fixed_page_runs/allq_5x_7gb_fixed/paging/q7/log_dir/sirius_2026-07-09.log
paging,q7,page_budget,55281.0,1,4294865892,3.9999055601656437,,143387832,13,experiment/fixed_page_runs/allq_5x_7gb_fixed/paging/q7/log_dir/sirius_2026-07-09.log
paging,q7,page_directory,55281.0,,6172095312,5.748211696743965,612,0,1774,experiment/fixed_page_runs/allq_5x_7gb_fixed/paging/q7/log_dir/sirius_2026-07-09.log
paging,q7,page_budget,55500.0,0,4288321988,3.993811074644327,,160328536,14,experiment/fixed_page_runs/allq_5x_7gb_fixed/paging/q7/log_dir/sirius_2026-07-09.log
paging,q7,page_directory,55500.0,,6171187880,5.747366584837437,612,0,1788,experiment/fixed_page_runs/allq_5x_7gb_fixed/paging/q7/log_dir/sirius_2026-07-09.log
paging,q7,page_budget,55675.0,1,4279040292,3.985166821628809,,175376808,14,experiment/fixed_page_runs/allq_5x_7gb_fixed/paging/q7/log_dir/sirius_2026-07-09.log
paging,q7,page_directory,55675.0,,6155362280,5.732627846300602,612,0,1802,experiment/fixed_page_runs/allq_5x_7gb_fixed/paging/q7/log_dir/sirius_2026-07-09.log
paging,q7,page_budget,55854.0,0,4289227292,3.994654204696417,,158422992,13,experiment/fixed_page_runs/allq_5x_7gb_fixed/paging/q7/log_dir/sirius_2026-07-09.log
paging,q7,page_directory,55854.0,,6156267584,5.733470976352692,613,0,1815,experiment/fixed_page_runs/allq_5x_7gb_fixed/paging/q7/log_dir/sirius_2026-07-09.log
paging,q7,page_budget,61642.0,0,4288314340,3.9938039518892765,,160358032,14,experiment/fixed_page_runs/allq_5x_7gb_fixed/paging/q7/log_dir/sirius_2026-07-09.log
paging,q7,page_directory,61642.0,,6155354632,5.732620723545551,613,0,1829,experiment/fixed_page_runs/allq_5x_7gb_fixed/paging/q7/log_dir/sirius_2026-07-09.log
paging,q7,page_budget,61654.0,1,4294887156,3.9999253638088703,,143468112,13,experiment/fixed_page_runs/allq_5x_7gb_fixed/paging/q7/log_dir/sirius_2026-07-09.log
paging,q7,page_directory,61655.0,,6171201496,5.747379265725613,614,0,1842,experiment/fixed_page_runs/allq_5x_7gb_fixed/paging/q7/log_dir/sirius_2026-07-09.log
paging,q7,page_budget,61948.0,0,4289269220,3.9946932531893253,,158633984,13,experiment/fixed_page_runs/allq_5x_7gb_fixed/paging/q7/log_dir/sirius_2026-07-09.log
paging,q7,page_directory,61948.0,,6172156376,5.7482685670256615,615,0,1855,experiment/fixed_page_runs/allq_5x_7gb_fixed/paging/q7/log_dir/sirius_2026-07-09.log
paging,q7,page_budget,61957.0,1,4278871816,3.985009916126728,,175229336,14,experiment/fixed_page_runs/allq_5x_7gb_fixed/paging/q7/log_dir/sirius_2026-07-09.log
paging,q7,page_directory,61957.0,,6156141036,5.733353119343519,615,0,1869,experiment/fixed_page_runs/allq_5x_7gb_fixed/paging/q7/log_dir/sirius_2026-07-09.log
paging,q7,page_budget,62267.0,1,4294787460,3.9998325146734715,,143584624,13,experiment/fixed_page_runs/allq_5x_7gb_fixed/paging/q7/log_dir/sirius_2026-07-09.log
paging,q7,page_directory,62267.0,,6172056680,5.748175717890263,616,0,1882,experiment/fixed_page_runs/allq_5x_7gb_fixed/paging/q7/log_dir/sirius_2026-07-09.log
paging,q7,page_budget,62279.0,0,4288364004,3.993850205093622,,160340576,14,experiment/fixed_page_runs/allq_5x_7gb_fixed/paging/q7/log_dir/sirius_2026-07-09.log
paging,q7,page_directory,62279.0,,6171151464,5.7473326697945595,616,0,1896,experiment/fixed_page_runs/allq_5x_7gb_fixed/paging/q7/log_dir/sirius_2026-07-09.log
paging,q7,page_budget,62593.0,0,4289237300,3.9946635253727436,,158415328,13,experiment/fixed_page_runs/allq_5x_7gb_fixed/paging/q7/log_dir/sirius_2026-07-09.log
paging,q7,page_directory,62593.0,,6172024760,5.748145990073681,617,0,1909,experiment/fixed_page_runs/allq_5x_7gb_fixed/paging/q7/log_dir/sirius_2026-07-09.log
paging,q7,page_budget,62603.0,1,4278843052,3.984983127564192,,175141952,14,experiment/fixed_page_runs/allq_5x_7gb_fixed/paging/q7/log_dir/sirius_2026-07-09.log
paging,q7,page_directory,62603.0,,6156080352,5.733296602964401,617,0,1923,experiment/fixed_page_runs/allq_5x_7gb_fixed/paging/q7/log_dir/sirius_2026-07-09.log
paging,q7,page_budget,62918.0,1,4294684636,3.999736752361059,,143372520,13,experiment/fixed_page_runs/allq_5x_7gb_fixed/paging/q7/log_dir/sirius_2026-07-09.log
paging,q7,page_directory,62919.0,,6171921936,5.748050227761269,618,0,1936,experiment/fixed_page_runs/allq_5x_7gb_fixed/paging/q7/log_dir/sirius_2026-07-09.log
paging,q7,page_budget,62937.0,0,4288264492,3.993757527321577,,160478440,14,experiment/fixed_page_runs/allq_5x_7gb_fixed/paging/q7/log_dir/sirius_2026-07-09.log
paging,q7,page_directory,62937.0,,6170949128,5.747144229710102,618,0,1950,experiment/fixed_page_runs/allq_5x_7gb_fixed/paging/q7/log_dir/sirius_2026-07-09.log
paging,q7,page_budget,63249.0,1,4278803280,3.984946087002754,,175234096,14,experiment/fixed_page_runs/allq_5x_7gb_fixed/paging/q7/log_dir/sirius_2026-07-09.log
paging,q7,page_directory,63250.0,,6155067772,5.732353564351797,618,0,1964,experiment/fixed_page_runs/allq_5x_7gb_fixed/paging/q7/log_dir/sirius_2026-07-09.log
paging,q7,page_budget,63261.0,0,4289295080,3.994717337191105,,158478464,13,experiment/fixed_page_runs/allq_5x_7gb_fixed/paging/q7/log_dir/sirius_2026-07-09.log
paging,q7,page_directory,63262.0,,6156098360,5.733313374221325,619,0,1977,experiment/fixed_page_runs/allq_5x_7gb_fixed/paging/q7/log_dir/sirius_2026-07-09.log
paging,q7,page_budget,63541.0,1,4294666748,3.9997200928628445,,143338072,13,experiment/fixed_page_runs/allq_5x_7gb_fixed/paging/q7/log_dir/sirius_2026-07-09.log
paging,q7,page_directory,63541.0,,6171961828,5.748087380081415,620,0,1990,experiment/fixed_page_runs/allq_5x_7gb_fixed/paging/q7/log_dir/sirius_2026-07-09.log
paging,q7,page_budget,63554.0,0,4288436616,3.99391783028841,,160482968,14,experiment/fixed_page_runs/allq_5x_7gb_fixed/paging/q7/log_dir/sirius_2026-07-09.log
paging,q7,page_directory,63555.0,,6171103364,5.7472878731787205,620,0,2004,experiment/fixed_page_runs/allq_5x_7gb_fixed/paging/q7/log_dir/sirius_2026-07-09.log
paging,q7,page_budget,63845.0,0,4289305092,3.994726661592722,,158259984,13,experiment/fixed_page_runs/allq_5x_7gb_fixed/paging/q7/log_dir/sirius_2026-07-09.log
paging,q7,page_directory,63845.0,,6171971840,5.748096704483032,621,0,2017,experiment/fixed_page_runs/allq_5x_7gb_fixed/paging/q7/log_dir/sirius_2026-07-09.log
paging,q7,page_budget,63857.0,1,4278891220,3.985027987509966,,175347400,14,experiment/fixed_page_runs/allq_5x_7gb_fixed/paging/q7/log_dir/sirius_2026-07-09.log
paging,q7,page_directory,63857.0,,6156196312,5.733404599130154,621,0,2031,experiment/fixed_page_runs/allq_5x_7gb_fixed/paging/q7/log_dir/sirius_2026-07-09.log
paging,q7,page_budget,64174.0,0,4288392924,3.99387713894248,,160278048,14,experiment/fixed_page_runs/allq_5x_7gb_fixed/paging/q7/log_dir/sirius_2026-07-09.log
paging,q7,page_directory,64174.0,,6155284144,5.732555076479912,621,0,2045,experiment/fixed_page_runs/allq_5x_7gb_fixed/paging/q7/log_dir/sirius_2026-07-09.log
paging,q7,page_budget,64184.0,1,4294733120,3.999781906604767,,143536112,13,experiment/fixed_page_runs/allq_5x_7gb_fixed/paging/q7/log_dir/sirius_2026-07-09.log
paging,q7,page_directory,64184.0,,6171126044,5.747308995574713,622,0,2058,experiment/fixed_page_runs/allq_5x_7gb_fixed/paging/q7/log_dir/sirius_2026-07-09.log
paging,q7,page_budget,64501.0,0,4289336568,3.9947559759020805,,158487792,13,experiment/fixed_page_runs/allq_5x_7gb_fixed/paging/q7/log_dir/sirius_2026-07-09.log
paging,q7,page_directory,64501.0,,6172069688,5.748187832534313,623,0,2071,experiment/fixed_page_runs/allq_5x_7gb_fixed/paging/q7/log_dir/sirius_2026-07-09.log
paging,q7,page_budget,64520.0,1,4278974908,3.9851059280335903,,175398880,14,experiment/fixed_page_runs/allq_5x_7gb_fixed/paging/q7/log_dir/sirius_2026-07-09.log
paging,q7,page_directory,64520.0,,6156311476,5.733511853963137,623,0,2085,experiment/fixed_page_runs/allq_5x_7gb_fixed/paging/q7/log_dir/sirius_2026-07-09.log
paging,q7,page_budget,64831.0,0,4282226260,3.9881339855492115,,166397384,15,experiment/fixed_page_runs/allq_5x_7gb_fixed/paging/q7/log_dir/sirius_2026-07-09.log
paging,q7,page_directory,64831.0,,6149201168,5.726889863610268,622,0,2100,experiment/fixed_page_runs/allq_5x_7gb_fixed/paging/q7/log_dir/sirius_2026-07-09.log
paging,q7,page_budget,64841.0,1,4294774472,3.9998204186558723,,143687960,13,experiment/fixed_page_runs/allq_5x_7gb_fixed/paging/q7/log_dir/sirius_2026-07-09.log
paging,q7,page_directory,64842.0,,6165000732,5.74160435423255,623,0,2113,experiment/fixed_page_runs/allq_5x_7gb_fixed/paging/q7/log_dir/sirius_2026-07-09.log
paging,q7,page_budget,65156.0,1,4278913216,3.985048472881317,,175099840,14,experiment/fixed_page_runs/allq_5x_7gb_fixed/paging/q7/log_dir/sirius_2026-07-09.log
paging,q7,page_directory,65156.0,,6149139476,5.7268324084579945,623,0,2127,experiment/fixed_page_runs/allq_5x_7gb_fixed/paging/q7/log_dir/sirius_2026-07-09.log
paging,q7,page_budget,65167.0,0,4283155568,3.9889994710683823,,158414648,13,experiment/fixed_page_runs/allq_5x_7gb_fixed/paging/q7/log_dir/sirius_2026-07-09.log
paging,q7,page_directory,65167.0,,6150068784,5.727697893977165,624,0,2140,experiment/fixed_page_runs/allq_5x_7gb_fixed/paging/q7/log_dir/sirius_2026-07-09.log
paging,q7,page_budget,65468.0,0,4282191348,3.9881014712154865,,160271312,14,experiment/fixed_page_runs/allq_5x_7gb_fixed/paging/q7/log_dir/sirius_2026-07-09.log
paging,q7,page_directory,65469.0,,6149104564,5.7267998941242695,624,0,2154,experiment/fixed_page_runs/allq_5x_7gb_fixed/paging/q7/log_dir/sirius_2026-07-09.log
paging,q7,page_budget,65485.0,1,4294669372,3.9997225366532803,,143319312,13,experiment/fixed_page_runs/allq_5x_7gb_fixed/paging/q7/log_dir/sirius_2026-07-09.log
paging,q7,page_directory,65486.0,,6164860720,5.741473957896233,625,0,2167,experiment/fixed_page_runs/allq_5x_7gb_fixed/paging/q7/log_dir/sirius_2026-07-09.log
paging,q7,page_budget,65779.0,0,4283142272,3.98898708820343,,158452360,13,experiment/fixed_page_runs/allq_5x_7gb_fixed/paging/q7/log_dir/sirius_2026-07-09.log
paging,q7,page_directory,65779.0,,6165811644,5.742359574884176,626,0,2180,experiment/fixed_page_runs/allq_5x_7gb_fixed/paging/q7/log_dir/sirius_2026-07-09.log
paging,q7,page_budget,65788.0,1,4278870028,3.9850082509219646,,175429320,14,experiment/fixed_page_runs/allq_5x_7gb_fixed/paging/q7/log_dir/sirius_2026-07-09.log
paging,q7,page_directory,65788.0,,6150012300,5.727645289152861,626,0,2194,experiment/fixed_page_runs/allq_5x_7gb_fixed/paging/q7/log_dir/sirius_2026-07-09.log
paging,q7,page_budget,66061.0,1,4294794256,3.9998388439416885,,143622840,13,experiment/fixed_page_runs/allq_5x_7gb_fixed/paging/q7/log_dir/sirius_2026-07-09.log
paging,q7,page_directory,66061.0,,6165936528,5.7424758821725845,627,0,2207,experiment/fixed_page_runs/allq_5x_7gb_fixed/paging/q7/log_dir/sirius_2026-07-09.log
paging,q7,page_budget,66068.0,0,4282163820,3.9880758337676525,,160400744,14,experiment/fixed_page_runs/allq_5x_7gb_fixed/paging/q7/log_dir/sirius_2026-07-09.log
paging,q7,page_directory,66068.0,,6164958076,5.741564627736807,627,0,2221,experiment/fixed_page_runs/allq_5x_7gb_fixed/paging/q7/log_dir/sirius_2026-07-09.log
paging,q7,page_budget,66387.0,0,4283150328,3.9889945909380913,,158594904,13,experiment/fixed_page_runs/allq_5x_7gb_fixed/paging/q7/log_dir/sirius_2026-07-09.log
paging,q7,page_directory,66387.0,,6165944584,5.742483384907246,628,0,2234,experiment/fixed_page_runs/allq_5x_7gb_fixed/paging/q7/log_dir/sirius_2026-07-09.log
paging,q7,page_budget,66399.0,1,4278847124,3.9849869199097157,,175365752,14,experiment/fixed_page_runs/allq_5x_7gb_fixed/paging/q7/log_dir/sirius_2026-07-09.log
paging,q7,page_directory,66399.0,,6149997452,5.727631460875273,628,0,2248,experiment/fixed_page_runs/allq_5x_7gb_fixed/paging/q7/log_dir/sirius_2026-07-09.log
paging,q7,page_budget,66526.0,0,4292290584,3.997507117688656,,18280512,3,experiment/fixed_page_runs/allq_5x_7gb_fixed/paging/q7/log_dir/sirius_2026-07-09.log
paging,q7,page_directory,66526.0,,6159137708,5.736143987625837,630,0,2251,experiment/fixed_page_runs/allq_5x_7gb_fixed/paging/q7/log_dir/sirius_2026-07-09.log
paging,q7,page_budget,66620.0,1,4294675312,3.9997280687093735,,143409712,13,experiment/fixed_page_runs/allq_5x_7gb_fixed/paging/q7/log_dir/sirius_2026-07-09.log
paging,q7,page_directory,66620.0,,6174965896,5.750885136425495,631,0,2264,experiment/fixed_page_runs/allq_5x_7gb_fixed/paging/q7/log_dir/sirius_2026-07-09.log
paging,q7,page_budget,66974.0,0,4292290584,3.997507117688656,,180000000,12,experiment/fixed_page_runs/allq_5x_7gb_fixed/paging/q7/log_dir/sirius_2026-07-09.log
paging,q7,page_directory,66974.0,,0,0.0,0,0,48,experiment/fixed_page_runs/allq_5x_7gb_fixed/paging/q7/log_dir/sirius_2026-07-09.log
paging,q8,page_directory,730.0,,200,1.862645149230957e-07,2,0,0,experiment/fixed_page_runs/allq_5x_7gb_fixed/paging/q8/log_dir/sirius_2026-07-09.log
paging,q8,page_directory,794.0,,180000000,0.16763806343078613,12,0,0,experiment/fixed_page_runs/allq_5x_7gb_fixed/paging/q8/log_dir/sirius_2026-07-09.log
paging,q8,page_directory,1090.0,,159744760,0.1487739011645317,10,0,0,experiment/fixed_page_runs/allq_5x_7gb_fixed/paging/q8/log_dir/sirius_2026-07-09.log
paging,q8,page_directory,1094.0,,319189420,0.2972683124244213,20,0,0,experiment/fixed_page_runs/allq_5x_7gb_fixed/paging/q8/log_dir/sirius_2026-07-09.log
paging,q8,page_directory,1372.0,,478620860,0.4457504115998745,30,0,0,experiment/fixed_page_runs/allq_5x_7gb_fixed/paging/q8/log_dir/sirius_2026-07-09.log
paging,q8,page_directory,1375.0,,638077680,0.5942561477422714,40,0,0,experiment/fixed_page_runs/allq_5x_7gb_fixed/paging/q8/log_dir/sirius_2026-07-09.log
paging,q8,page_directory,1609.0,,752087040,0.7004356384277344,48,0,0,experiment/fixed_page_runs/allq_5x_7gb_fixed/paging/q8/log_dir/sirius_2026-07-09.log
paging,q8,page_directory,1613.0,,911492480,0.8488935232162476,58,0,0,experiment/fixed_page_runs/allq_5x_7gb_fixed/paging/q8/log_dir/sirius_2026-07-09.log
paging,q8,page_directory,2086.0,,525697920,0.48959434032440186,35,0,0,experiment/fixed_page_runs/allq_5x_7gb_fixed/paging/q8/log_dir/sirius_2026-07-09.log
paging,q8,page_directory,2111.0,,1054042520,0.981653593480587,70,0,0,experiment/fixed_page_runs/allq_5x_7gb_fixed/paging/q8/log_dir/sirius_2026-07-09.log
paging,q8,page_directory,2668.0,,1582380920,1.4737070724368095,105,0,0,experiment/fixed_page_runs/allq_5x_7gb_fixed/paging/q8/log_dir/sirius_2026-07-09.log
paging,q8,page_directory,2690.0,,2110716720,1.965758129954338,140,0,0,experiment/fixed_page_runs/allq_5x_7gb_fixed/paging/q8/log_dir/sirius_2026-07-09.log
paging,q8,page_directory,3155.0,,2639065680,2.4578214436769485,175,0,0,experiment/fixed_page_runs/allq_5x_7gb_fixed/paging/q8/log_dir/sirius_2026-07-09.log
paging,q8,page_directory,3229.0,,3164440360,2.9471147432923317,210,0,0,experiment/fixed_page_runs/allq_5x_7gb_fixed/paging/q8/log_dir/sirius_2026-07-09.log
paging,q8,page_directory,3260.0,,3692767640,3.4391578659415245,245,0,0,experiment/fixed_page_runs/allq_5x_7gb_fixed/paging/q8/log_dir/sirius_2026-07-09.log
paging,q8,page_directory,3269.0,,4221103680,3.931209146976471,280,0,0,experiment/fixed_page_runs/allq_5x_7gb_fixed/paging/q8/log_dir/sirius_2026-07-09.log
paging,q8,page_directory,5138.0,,4749220720,4.423056468367577,315,0,0,experiment/fixed_page_runs/allq_5x_7gb_fixed/paging/q8/log_dir/sirius_2026-07-09.log
paging,q8,page_directory,5160.0,,5277366400,4.914930462837219,350,0,0,experiment/fixed_page_runs/allq_5x_7gb_fixed/paging/q8/log_dir/sirius_2026-07-09.log
paging,q8,page_directory,6507.0,,5805477360,5.406772121787071,385,0,0,experiment/fixed_page_runs/allq_5x_7gb_fixed/paging/q8/log_dir/sirius_2026-07-09.log
paging,q8,page_directory,6568.0,,6333582800,5.898608639836311,420,0,0,experiment/fixed_page_runs/allq_5x_7gb_fixed/paging/q8/log_dir/sirius_2026-07-09.log
paging,q8,page_directory,6599.0,,6861702200,6.390458159148693,455,0,0,experiment/fixed_page_runs/allq_5x_7gb_fixed/paging/q8/log_dir/sirius_2026-07-09.log
paging,q8,page_budget,6609.0,0,4291196584,3.9964882507920265,,16777216,1,experiment/fixed_page_runs/allq_5x_7gb_fixed/paging/q8/log_dir/sirius_2026-07-09.log
paging,q8,page_directory,6609.0,,7373051864,6.866689644753933,489,0,1,experiment/fixed_page_runs/allq_5x_7gb_fixed/paging/q8/log_dir/sirius_2026-07-09.log
paging,q8,page_budget,7374.0,1,4283798312,3.989598073065281,,417669168,27,experiment/fixed_page_runs/allq_5x_7gb_fixed/paging/q8/log_dir/sirius_2026-07-09.log
paging,q8,page_directory,7374.0,,7483502216,6.969554550945759,497,0,28,experiment/fixed_page_runs/allq_5x_7gb_fixed/paging/q8/log_dir/sirius_2026-07-09.log
paging,q8,page_budget,7396.0,0,4291559528,3.9968262687325478,,527763336,35,experiment/fixed_page_runs/allq_5x_7gb_fixed/paging/q8/log_dir/sirius_2026-07-09.log
paging,q8,page_directory,7396.0,,7483865160,6.96989256888628,497,0,63,experiment/fixed_page_runs/allq_5x_7gb_fixed/paging/q8/log_dir/sirius_2026-07-09.log
paging,q8,page_budget,9229.0,0,4292029208,3.997263692319393,,527635040,35,experiment/fixed_page_runs/allq_5x_7gb_fixed/paging/q8/log_dir/sirius_2026-07-09.log
paging,q8,page_directory,9229.0,,7484334840,6.9703299924731255,497,0,98,experiment/fixed_page_runs/allq_5x_7gb_fixed/paging/q8/log_dir/sirius_2026-07-09.log
paging,q8,page_budget,9252.0,1,4284353576,3.990115202963352,,527571256,35,experiment/fixed_page_runs/allq_5x_7gb_fixed/paging/q8/log_dir/sirius_2026-07-09.log
paging,q8,page_directory,9252.0,,7484890104,6.970847122371197,497,0,133,experiment/fixed_page_runs/allq_5x_7gb_fixed/paging/q8/log_dir/sirius_2026-07-09.log
paging,q8,page_budget,9501.0,0,4291901168,3.9971444457769394,,528247680,35,experiment/fixed_page_runs/allq_5x_7gb_fixed/paging/q8/log_dir/sirius_2026-07-09.log
paging,q8,page_directory,9501.0,,7484762064,6.970727875828743,497,0,168,experiment/fixed_page_runs/allq_5x_7gb_fixed/paging/q8/log_dir/sirius_2026-07-09.log
paging,q8,page_budget,9743.0,1,4284210528,3.9899819791316986,,528253208,35,experiment/fixed_page_runs/allq_5x_7gb_fixed/paging/q8/log_dir/sirius_2026-07-09.log
paging,q8,page_directory,9743.0,,7484619016,6.970594651997089,497,0,203,experiment/fixed_page_runs/allq_5x_7gb_fixed/paging/q8/log_dir/sirius_2026-07-09.log
paging,q8,page_budget,10055.0,0,4291899024,3.9971424490213394,,528118784,35,experiment/fixed_page_runs/allq_5x_7gb_fixed/paging/q8/log_dir/sirius_2026-07-09.log
paging,q8,page_directory,10055.0,,7484616872,6.970592655241489,497,0,238,experiment/fixed_page_runs/allq_5x_7gb_fixed/paging/q8/log_dir/sirius_2026-07-09.log
paging,q8,page_budget,10144.0,1,4284767336,3.990500546991825,,527573392,35,experiment/fixed_page_runs/allq_5x_7gb_fixed/paging/q8/log_dir/sirius_2026-07-09.log
paging,q8,page_directory,10144.0,,7485173680,6.971111223101616,497,0,273,experiment/fixed_page_runs/allq_5x_7gb_fixed/paging/q8/log_dir/sirius_2026-07-09.log
paging,q8,page_budget,10349.0,0,4294309960,3.9993878081440926,,525724024,35,experiment/fixed_page_runs/allq_5x_7gb_fixed/paging/q8/log_dir/sirius_2026-07-09.log
paging,q8,page_directory,10349.0,,7607584616,7.0851152911782265,505,0,300,experiment/fixed_page_runs/allq_5x_7gb_fixed/paging/q8/log_dir/sirius_2026-07-09.log
paging,q8,page_budget,10598.0,1,4284793960,3.9905253425240517,,528128256,35,experiment/fixed_page_runs/allq_5x_7gb_fixed/paging/q8/log_dir/sirius_2026-07-09.log
paging,q8,page_directory,10598.0,,7607611240,7.085140086710453,505,0,335,experiment/fixed_page_runs/allq_5x_7gb_fixed/paging/q8/log_dir/sirius_2026-07-09.log
paging,q8,page_budget,11080.0,0,4290046648,3.9954172894358635,,532389312,35,experiment/fixed_page_runs/allq_5x_7gb_fixed/paging/q8/log_dir/sirius_2026-07-09.log
paging,q8,page_directory,11080.0,,7663347928,7.137048922479153,509,0,366,experiment/fixed_page_runs/allq_5x_7gb_fixed/paging/q8/log_dir/sirius_2026-07-09.log
paging,q8,page_budget,11092.0,1,4284716208,3.99045293033123,,528226592,35,experiment/fixed_page_runs/allq_5x_7gb_fixed/paging/q8/log_dir/sirius_2026-07-09.log
paging,q8,page_directory,11092.0,,7663270176,7.136976510286331,509,0,401,experiment/fixed_page_runs/allq_5x_7gb_fixed/paging/q8/log_dir/sirius_2026-07-09.log
paging,q8,page_budget,11356.0,0,4289959312,3.995335951447487,,528201896,35,experiment/fixed_page_runs/allq_5x_7gb_fixed/paging/q8/log_dir/sirius_2026-07-09.log
paging,q8,page_directory,11356.0,,7663182840,7.136895172297955,509,0,436,experiment/fixed_page_runs/allq_5x_7gb_fixed/paging/q8/log_dir/sirius_2026-07-09.log
paging,q8,page_budget,11497.0,1,4285220104,3.9909222200512886,,527625704,35,experiment/fixed_page_runs/allq_5x_7gb_fixed/paging/q8/log_dir/sirius_2026-07-09.log
paging,q8,page_directory,11497.0,,7663686736,7.137364462018013,509,0,471,experiment/fixed_page_runs/allq_5x_7gb_fixed/paging/q8/log_dir/sirius_2026-07-09.log
paging,q8,page_budget,11849.0,1,4285211432,3.9909141436219215,,528106192,35,experiment/fixed_page_runs/allq_5x_7gb_fixed/paging/q8/log_dir/sirius_2026-07-09.log
paging,q8,page_directory,11849.0,,7663678064,7.137356385588646,509,0,506,experiment/fixed_page_runs/allq_5x_7gb_fixed/paging/q8/log_dir/sirius_2026-07-09.log
paging,q8,page_budget,11866.0,0,4289945520,3.995323106646538,,528114992,35,experiment/fixed_page_runs/allq_5x_7gb_fixed/paging/q8/log_dir/sirius_2026-07-09.log
paging,q8,page_directory,11866.0,,7663664272,7.137343540787697,509,0,541,experiment/fixed_page_runs/allq_5x_7gb_fixed/paging/q8/log_dir/sirius_2026-07-09.log
paging,q8,page_budget,12742.0,1,4285208760,3.990911655128002,,528120512,35,experiment/fixed_page_runs/allq_5x_7gb_fixed/paging/q8/log_dir/sirius_2026-07-09.log
paging,q8,page_directory,12742.0,,7663661600,7.1373410522937775,509,0,576,experiment/fixed_page_runs/allq_5x_7gb_fixed/paging/q8/log_dir/sirius_2026-07-09.log
paging,q8,page_budget,12769.0,0,4289957312,3.9953340888023376,,528121528,35,experiment/fixed_page_runs/allq_5x_7gb_fixed/paging/q8/log_dir/sirius_2026-07-09.log
paging,q8,page_directory,12769.0,,7663673392,7.137352034449577,509,0,611,experiment/fixed_page_runs/allq_5x_7gb_fixed/paging/q8/log_dir/sirius_2026-07-09.log
paging,q8,page_budget,13007.0,1,4285201608,3.9909049943089485,,528139672,35,experiment/fixed_page_runs/allq_5x_7gb_fixed/paging/q8/log_dir/sirius_2026-07-09.log
paging,q8,page_directory,13008.0,,7663666240,7.137345373630524,509,0,646,experiment/fixed_page_runs/allq_5x_7gb_fixed/paging/q8/log_dir/sirius_2026-07-09.log
paging,q8,page_budget,13179.0,0,4289954808,3.995331756770611,,528123504,35,experiment/fixed_page_runs/allq_5x_7gb_fixed/paging/q8/log_dir/sirius_2026-07-09.log
paging,q8,page_directory,13179.0,,7663663736,7.137343041598797,509,0,681,experiment/fixed_page_runs/allq_5x_7gb_fixed/paging/q8/log_dir/sirius_2026-07-09.log
paging,q8,page_budget,13413.0,1,4285210848,3.990913599729538,,528122120,35,experiment/fixed_page_runs/allq_5x_7gb_fixed/paging/q8/log_dir/sirius_2026-07-09.log
paging,q8,page_directory,13413.0,,7663672976,7.137351647019386,509,0,716,experiment/fixed_page_runs/allq_5x_7gb_fixed/paging/q8/log_dir/sirius_2026-07-09.log
paging,q8,page_budget,13588.0,0,4289955944,3.9953328147530556,,528119264,35,experiment/fixed_page_runs/allq_5x_7gb_fixed/paging/q8/log_dir/sirius_2026-07-09.log
paging,q8,page_directory,13588.0,,7663674112,7.137352705001831,509,0,751,experiment/fixed_page_runs/allq_5x_7gb_fixed/paging/q8/log_dir/sirius_2026-07-09.log
paging,q8,page_budget,13881.0,1,4285171576,3.9908770248293877,,528179072,35,experiment/fixed_page_runs/allq_5x_7gb_fixed/paging/q8/log_dir/sirius_2026-07-09.log
paging,q8,page_directory,13881.0,,7663634840,7.137316130101681,509,0,786,experiment/fixed_page_runs/allq_5x_7gb_fixed/paging/q8/log_dir/sirius_2026-07-09.log
paging,q8,page_budget,13896.0,0,4290435928,3.99577983468771,,527629136,35,experiment/fixed_page_runs/allq_5x_7gb_fixed/paging/q8/log_dir/sirius_2026-07-09.log
paging,q8,page_directory,13896.0,,7664114824,7.137763150036335,509,0,821,experiment/fixed_page_runs/allq_5x_7gb_fixed/paging/q8/log_dir/sirius_2026-07-09.log
paging,q8,page_budget,14670.0,0,4290350312,3.9957000985741615,,528204416,35,experiment/fixed_page_runs/allq_5x_7gb_fixed/paging/q8/log_dir/sirius_2026-07-09.log
paging,q8,page_directory,14670.0,,7664029208,7.137683413922787,509,0,856,experiment/fixed_page_runs/allq_5x_7gb_fixed/paging/q8/log_dir/sirius_2026-07-09.log
paging,q8,page_budget,14688.0,1,4285085984,3.990797311067581,,528213992,35,experiment/fixed_page_runs/allq_5x_7gb_fixed/paging/q8/log_dir/sirius_2026-07-09.log
paging,q8,page_directory,14688.0,,7663943616,7.13760370016098,509,0,891,experiment/fixed_page_runs/allq_5x_7gb_fixed/paging/q8/log_dir/sirius_2026-07-09.log
paging,q8,page_budget,14945.0,0,4290304560,3.9956574887037277,,528157912,35,experiment/fixed_page_runs/allq_5x_7gb_fixed/paging/q8/log_dir/sirius_2026-07-09.log
paging,q8,page_directory,14945.0,,7663897864,7.137561090290546,509,0,926,experiment/fixed_page_runs/allq_5x_7gb_fixed/paging/q8/log_dir/sirius_2026-07-09.log
paging,q8,page_budget,15190.0,1,4285626792,3.991300977766514,,527571392,35,experiment/fixed_page_runs/allq_5x_7gb_fixed/paging/q8/log_dir/sirius_2026-07-09.log
paging,q8,page_directory,15190.0,,7664438672,7.138064756989479,509,0,961,experiment/fixed_page_runs/allq_5x_7gb_fixed/paging/q8/log_dir/sirius_2026-07-09.log
paging,q8,page_budget,15443.0,0,4290302104,3.9956552013754845,,528119456,35,experiment/fixed_page_runs/allq_5x_7gb_fixed/paging/q8/log_dir/sirius_2026-07-09.log
paging,q8,page_directory,15443.0,,7664436216,7.138062469661236,509,0,996,experiment/fixed_page_runs/allq_5x_7gb_fixed/paging/q8/log_dir/sirius_2026-07-09.log
paging,q8,page_budget,15592.0,1,4285634456,3.9913081154227257,,528119696,35,experiment/fixed_page_runs/allq_5x_7gb_fixed/paging/q8/log_dir/sirius_2026-07-09.log
paging,q8,page_directory,15592.0,,7664443880,7.138069607317448,509,0,1031,experiment/fixed_page_runs/allq_5x_7gb_fixed/paging/q8/log_dir/sirius_2026-07-09.log
paging,q8,page_budget,15876.0,1,4292736600,3.9979225024580956,,232769936,15,experiment/fixed_page_runs/allq_5x_7gb_fixed/paging/q8/log_dir/sirius_2026-07-09.log
paging,q8,page_directory,15877.0,,7671546024,7.1446839943528175,509,0,1046,experiment/fixed_page_runs/allq_5x_7gb_fixed/paging/q8/log_dir/sirius_2026-07-09.log
paging,q8,page_budget,15896.0,0,4290308864,3.995661497116089,,528125640,35,experiment/fixed_page_runs/allq_5x_7gb_fixed/paging/q8/log_dir/sirius_2026-07-09.log
paging,q8,page_directory,15896.0,,7671552784,7.144690290093422,509,0,1081,experiment/fixed_page_runs/allq_5x_7gb_fixed/paging/q8/log_dir/sirius_2026-07-09.log
paging,q8,page_directory,18915.0,,12000000,0.011175870895385742,2,0,0,experiment/fixed_page_runs/allq_5x_7gb_fixed/paging/q8/log_dir/sirius_2026-07-09.log
paging,q8,page_budget,19458.0,1,4287959384,3.9934733733534813,,196777216,13,experiment/fixed_page_runs/allq_5x_7gb_fixed/paging/q8/log_dir/sirius_2026-07-09.log
paging,q8,page_directory,19458.0,,0,0.0,0,0,24,experiment/fixed_page_runs/allq_5x_7gb_fixed/paging/q8/log_dir/sirius_2026-07-09.log
paging,q8,page_budget,19909.0,0,4289340776,3.9947598949074745,,526666008,35,experiment/fixed_page_runs/allq_5x_7gb_fixed/paging/q8/log_dir/sirius_2026-07-09.log
paging,q8,page_directory,19909.0,,7653807480,7.128163687884808,508,0,1117,experiment/fixed_page_runs/allq_5x_7gb_fixed/paging/q8/log_dir/sirius_2026-07-09.log
paging,q8,page_budget,20031.0,1,4288049888,3.9935576617717743,,528254096,35,experiment/fixed_page_runs/allq_5x_7gb_fixed/paging/q8/log_dir/sirius_2026-07-09.log
paging,q8,page_directory,20031.0,,7653897984,7.128247976303101,508,0,1152,experiment/fixed_page_runs/allq_5x_7gb_fixed/paging/q8/log_dir/sirius_2026-07-09.log
paging,q8,page_budget,20212.0,0,4289423944,3.99483735114336,,528255232,35,experiment/fixed_page_runs/allq_5x_7gb_fixed/paging/q8/log_dir/sirius_2026-07-09.log
paging,q8,page_directory,20213.0,,7653981152,7.128325432538986,508,0,1187,experiment/fixed_page_runs/allq_5x_7gb_fixed/paging/q8/log_dir/sirius_2026-07-09.log
paging,q8,page_budget,20385.0,1,4288127192,3.9936296567320824,,528258496,35,experiment/fixed_page_runs/allq_5x_7gb_fixed/paging/q8/log_dir/sirius_2026-07-09.log
paging,q8,page_directory,20385.0,,7654058456,7.128397427499294,508,0,1222,experiment/fixed_page_runs/allq_5x_7gb_fixed/paging/q8/log_dir/sirius_2026-07-09.log
paging,q8,page_budget,20583.0,0,4289511704,3.9949190840125084,,528239520,35,experiment/fixed_page_runs/allq_5x_7gb_fixed/paging/q8/log_dir/sirius_2026-07-09.log
paging,q8,page_directory,20583.0,,7654146216,7.1284791603684425,508,0,1257,experiment/fixed_page_runs/allq_5x_7gb_fixed/paging/q8/log_dir/sirius_2026-07-09.log
paging,q8,page_budget,20742.0,1,4288211088,3.9937077909708023,,528265064,35,experiment/fixed_page_runs/allq_5x_7gb_fixed/paging/q8/log_dir/sirius_2026-07-09.log
paging,q8,page_directory,20742.0,,7654230112,7.1285572946071625,508,0,1292,experiment/fixed_page_runs/allq_5x_7gb_fixed/paging/q8/log_dir/sirius_2026-07-09.log
paging,q8,page_budget,20930.0,0,4289595256,3.9949968978762627,,528252488,35,experiment/fixed_page_runs/allq_5x_7gb_fixed/paging/q8/log_dir/sirius_2026-07-09.log
paging,q8,page_directory,20930.0,,7654313664,7.128635108470917,508,0,1327,experiment/fixed_page_runs/allq_5x_7gb_fixed/paging/q8/log_dir/sirius_2026-07-09.log
paging,q8,page_budget,21127.0,1,4287117888,3.9926896691322327,,526467880,35,experiment/fixed_page_runs/allq_5x_7gb_fixed/paging/q8/log_dir/sirius_2026-07-09.log
paging,q8,page_directory,21128.0,,7653220464,7.127616986632347,508,0,1362,experiment/fixed_page_runs/allq_5x_7gb_fixed/paging/q8/log_dir/sirius_2026-07-09.log
paging,q8,page_budget,21318.0,0,4289596168,3.9949977472424507,,528116128,35,experiment/fixed_page_runs/allq_5x_7gb_fixed/paging/q8/log_dir/sirius_2026-07-09.log
paging,q8,page_directory,21318.0,,7653221376,7.127617835998535,508,0,1397,experiment/fixed_page_runs/allq_5x_7gb_fixed/paging/q8/log_dir/sirius_2026-07-09.log
paging,q8,page_budget,27904.0,0,4289597736,3.9949992075562477,,528117832,35,experiment/fixed_page_runs/allq_5x_7gb_fixed/paging/q8/log_dir/sirius_2026-07-09.log
paging,q8,page_directory,27904.0,,7653222944,7.127619296312332,508,0,1432,experiment/fixed_page_runs/allq_5x_7gb_fixed/paging/q8/log_dir/sirius_2026-07-09.log
paging,q8,page_budget,27923.0,1,4287123384,3.9926947876811028,,528140184,35,experiment/fixed_page_runs/allq_5x_7gb_fixed/paging/q8/log_dir/sirius_2026-07-09.log
paging,q8,page_directory,27923.0,,7653228440,7.127624414861202,508,0,1467,experiment/fixed_page_runs/allq_5x_7gb_fixed/paging/q8/log_dir/sirius_2026-07-09.log
paging,q8,page_budget,28267.0,1,4287114128,3.992686167359352,,528120216,35,experiment/fixed_page_runs/allq_5x_7gb_fixed/paging/q8/log_dir/sirius_2026-07-09.log
paging,q8,page_directory,28267.0,,7653219184,7.127615794539452,508,0,1502,experiment/fixed_page_runs/allq_5x_7gb_fixed/paging/q8/log_dir/sirius_2026-07-09.log
paging,q8,page_budget,28286.0,0,4289598608,3.9950000196695328,,528126008,35,experiment/fixed_page_runs/allq_5x_7gb_fixed/paging/q8/log_dir/sirius_2026-07-09.log
paging,q8,page_directory,28286.0,,7653220056,7.127616606652737,508,0,1537,experiment/fixed_page_runs/allq_5x_7gb_fixed/paging/q8/log_dir/sirius_2026-07-09.log
paging,q8,page_budget,28671.0,1,4289465624,3.99487616866827,,525753944,35,experiment/fixed_page_runs/allq_5x_7gb_fixed/paging/q8/log_dir/sirius_2026-07-09.log
paging,q8,page_directory,28671.0,,7655571552,7.129806607961655,508,0,1572,experiment/fixed_page_runs/allq_5x_7gb_fixed/paging/q8/log_dir/sirius_2026-07-09.log
paging,q8,page_budget,28688.0,0,4290041856,3.995412826538086,,527683032,35,experiment/fixed_page_runs/allq_5x_7gb_fixed/paging/q8/log_dir/sirius_2026-07-09.log
paging,q8,page_directory,28688.0,,7656014800,7.130219414830208,508,0,1607,experiment/fixed_page_runs/allq_5x_7gb_fixed/paging/q8/log_dir/sirius_2026-07-09.log
paging,q8,page_budget,29044.0,0,4289951080,3.9953282848000526,,528195496,35,experiment/fixed_page_runs/allq_5x_7gb_fixed/paging/q8/log_dir/sirius_2026-07-09.log
paging,q8,page_directory,29044.0,,7655924024,7.1301348730921745,508,0,1642,experiment/fixed_page_runs/allq_5x_7gb_fixed/paging/q8/log_dir/sirius_2026-07-09.log
paging,q8,page_budget,29070.0,1,4289377352,3.9947939589619637,,528207792,35,experiment/fixed_page_runs/allq_5x_7gb_fixed/paging/q8/log_dir/sirius_2026-07-09.log
paging,q8,page_directory,29070.0,,7655835752,7.130052663385868,508,0,1677,experiment/fixed_page_runs/allq_5x_7gb_fixed/paging/q8/log_dir/sirius_2026-07-09.log
paging,q8,page_budget,29447.0,0,4289951648,3.995328813791275,,528119072,35,experiment/fixed_page_runs/allq_5x_7gb_fixed/paging/q8/log_dir/sirius_2026-07-09.log
paging,q8,page_directory,29447.0,,7655836320,7.1300531923770905,508,0,1712,experiment/fixed_page_runs/allq_5x_7gb_fixed/paging/q8/log_dir/sirius_2026-07-09.log
paging,q8,page_budget,29467.0,1,4289883232,3.99526509642601,,527620640,35,experiment/fixed_page_runs/allq_5x_7gb_fixed/paging/q8/log_dir/sirius_2026-07-09.log
paging,q8,page_directory,29467.0,,7656342200,7.130524329841137,508,0,1747,experiment/fixed_page_runs/allq_5x_7gb_fixed/paging/q8/log_dir/sirius_2026-07-09.log
paging,q8,page_budget,29810.0,1,4289875968,3.995258331298828,,528117424,35,experiment/fixed_page_runs/allq_5x_7gb_fixed/paging/q8/log_dir/sirius_2026-07-09.log
paging,q8,page_directory,29810.0,,7656334936,7.130517564713955,508,0,1782,experiment/fixed_page_runs/allq_5x_7gb_fixed/paging/q8/log_dir/sirius_2026-07-09.log
paging,q8,page_budget,29831.0,0,4289947672,3.9953251108527184,,528120616,35,experiment/fixed_page_runs/allq_5x_7gb_fixed/paging/q8/log_dir/sirius_2026-07-09.log
paging,q8,page_directory,29831.0,,7656330960,7.130513861775398,508,0,1817,experiment/fixed_page_runs/allq_5x_7gb_fixed/paging/q8/log_dir/sirius_2026-07-09.log
paging,q8,page_budget,30195.0,0,4289956784,3.9953335970640182,,528125848,35,experiment/fixed_page_runs/allq_5x_7gb_fixed/paging/q8/log_dir/sirius_2026-07-09.log
paging,q8,page_directory,30195.0,,7656340072,7.130522347986698,508,0,1852,experiment/fixed_page_runs/allq_5x_7gb_fixed/paging/q8/log_dir/sirius_2026-07-09.log
paging,q8,page_budget,30213.0,1,4289883056,3.995264932513237,,528123112,35,experiment/fixed_page_runs/allq_5x_7gb_fixed/paging/q8/log_dir/sirius_2026-07-09.log
paging,q8,page_directory,30213.0,,7656347160,7.130528949201107,508,0,1887,experiment/fixed_page_runs/allq_5x_7gb_fixed/paging/q8/log_dir/sirius_2026-07-09.log
paging,q8,page_budget,30547.0,1,4289897672,3.9952785447239876,,528140264,35,experiment/fixed_page_runs/allq_5x_7gb_fixed/paging/q8/log_dir/sirius_2026-07-09.log
paging,q8,page_directory,30547.0,,7656361776,7.130542561411858,508,0,1922,experiment/fixed_page_runs/allq_5x_7gb_fixed/paging/q8/log_dir/sirius_2026-07-09.log
paging,q8,page_budget,30570.0,0,4289956864,3.995333671569824,,528125920,35,experiment/fixed_page_runs/allq_5x_7gb_fixed/paging/q8/log_dir/sirius_2026-07-09.log
paging,q8,page_directory,30570.0,,7656361856,7.130542635917664,508,0,1957,experiment/fixed_page_runs/allq_5x_7gb_fixed/paging/q8/log_dir/sirius_2026-07-09.log
paging,q8,page_budget,30922.0,0,4289954576,3.9953315407037735,,528116848,35,experiment/fixed_page_runs/allq_5x_7gb_fixed/paging/q8/log_dir/sirius_2026-07-09.log
paging,q8,page_directory,30922.0,,7656359568,7.130540505051613,508,0,1992,experiment/fixed_page_runs/allq_5x_7gb_fixed/paging/q8/log_dir/sirius_2026-07-09.log
paging,q8,page_budget,30944.0,1,4289900192,3.9952808916568756,,528146320,35,experiment/fixed_page_runs/allq_5x_7gb_fixed/paging/q8/log_dir/sirius_2026-07-09.log
paging,q8,page_directory,30944.0,,7656362088,7.130542851984501,508,0,2027,experiment/fixed_page_runs/allq_5x_7gb_fixed/paging/q8/log_dir/sirius_2026-07-09.log
paging,q8,page_budget,31285.0,0,4290435232,3.995779186487198,,527620544,35,experiment/fixed_page_runs/allq_5x_7gb_fixed/paging/q8/log_dir/sirius_2026-07-09.log
paging,q8,page_directory,31285.0,,7656842744,7.130990497767925,508,0,2062,experiment/fixed_page_runs/allq_5x_7gb_fixed/paging/q8/log_dir/sirius_2026-07-09.log
paging,q8,page_budget,31301.0,1,4289896344,3.9952773079276085,,528133448,35,experiment/fixed_page_runs/allq_5x_7gb_fixed/paging/q8/log_dir/sirius_2026-07-09.log
paging,q8,page_directory,31301.0,,7656838896,7.130986914038658,508,0,2097,experiment/fixed_page_runs/allq_5x_7gb_fixed/paging/q8/log_dir/sirius_2026-07-09.log
paging,q8,page_budget,31637.0,1,4289846928,3.9952312856912613,,528146936,35,experiment/fixed_page_runs/allq_5x_7gb_fixed/paging/q8/log_dir/sirius_2026-07-09.log
paging,q8,page_directory,31637.0,,7656789480,7.130940891802311,508,0,2132,experiment/fixed_page_runs/allq_5x_7gb_fixed/paging/q8/log_dir/sirius_2026-07-09.log
paging,q8,page_budget,31665.0,0,4290394216,3.9957409873604774,,528174336,35,experiment/fixed_page_runs/allq_5x_7gb_fixed/paging/q8/log_dir/sirius_2026-07-09.log
paging,q8,page_directory,31665.0,,7656748464,7.1309026926755905,508,0,2167,experiment/fixed_page_runs/allq_5x_7gb_fixed/paging/q8/log_dir/sirius_2026-07-09.log
paging,q8,page_budget,32028.0,1,4289803336,3.9951906874775887,,528161432,35,experiment/fixed_page_runs/allq_5x_7gb_fixed/paging/q8/log_dir/sirius_2026-07-09.log
paging,q8,page_directory,32028.0,,7656704872,7.130862094461918,508,0,2202,experiment/fixed_page_runs/allq_5x_7gb_fixed/paging/q8/log_dir/sirius_2026-07-09.log
paging,q8,page_budget,32043.0,0,4290352960,3.995702564716339,,528162256,35,experiment/fixed_page_runs/allq_5x_7gb_fixed/paging/q8/log_dir/sirius_2026-07-09.log
paging,q8,page_directory,32043.0,,7656663616,7.1308236718177795,508,0,2237,experiment/fixed_page_runs/allq_5x_7gb_fixed/paging/q8/log_dir/sirius_2026-07-09.log
paging,q8,page_budget,32377.0,0,4290309832,3.995662398636341,,528163528,35,experiment/fixed_page_runs/allq_5x_7gb_fixed/paging/q8/log_dir/sirius_2026-07-09.log
paging,q8,page_directory,32377.0,,7656620488,7.1307835057377815,508,0,2272,experiment/fixed_page_runs/allq_5x_7gb_fixed/paging/q8/log_dir/sirius_2026-07-09.log
paging,q8,page_budget,32399.0,1,4289760048,3.9951503723859787,,528175808,35,experiment/fixed_page_runs/allq_5x_7gb_fixed/paging/q8/log_dir/sirius_2026-07-09.log
paging,q8,page_directory,32399.0,,7656577200,7.130743190646172,508,0,2307,experiment/fixed_page_runs/allq_5x_7gb_fixed/paging/q8/log_dir/sirius_2026-07-09.log
paging,q8,page_budget,32764.0,0,4290308248,3.995660923421383,,528110704,35,experiment/fixed_page_runs/allq_5x_7gb_fixed/paging/q8/log_dir/sirius_2026-07-09.log
paging,q8,page_directory,32764.0,,7656575616,7.130741715431213,508,0,2342,experiment/fixed_page_runs/allq_5x_7gb_fixed/paging/q8/log_dir/sirius_2026-07-09.log
paging,q8,page_budget,32782.0,1,4290311384,3.995663844048977,,527580024,35,experiment/fixed_page_runs/allq_5x_7gb_fixed/paging/q8/log_dir/sirius_2026-07-09.log
paging,q8,page_directory,32782.0,,7657126952,7.131255187094212,508,0,2377,experiment/fixed_page_runs/allq_5x_7gb_fixed/paging/q8/log_dir/sirius_2026-07-09.log
paging,q8,page_budget,33116.0,1,4290310208,3.995662748813629,,528140976,35,experiment/fixed_page_runs/allq_5x_7gb_fixed/paging/q8/log_dir/sirius_2026-07-09.log
paging,q8,page_directory,33116.0,,7657125776,7.131254091858864,508,0,2412,experiment/fixed_page_runs/allq_5x_7gb_fixed/paging/q8/log_dir/sirius_2026-07-09.log
paging,q8,page_budget,33139.0,0,4290308128,3.995660811662674,,528118920,35,experiment/fixed_page_runs/allq_5x_7gb_fixed/paging/q8/log_dir/sirius_2026-07-09.log
paging,q8,page_directory,33139.0,,7657125656,7.131253980100155,508,0,2447,experiment/fixed_page_runs/allq_5x_7gb_fixed/paging/q8/log_dir/sirius_2026-07-09.log
paging,q8,page_budget,33503.0,1,4290313696,3.9956659972667694,,528124912,35,experiment/fixed_page_runs/allq_5x_7gb_fixed/paging/q8/log_dir/sirius_2026-07-09.log
paging,q8,page_directory,33503.0,,7657129144,7.131257228553295,508,0,2482,experiment/fixed_page_runs/allq_5x_7gb_fixed/paging/q8/log_dir/sirius_2026-07-09.log
paging,q8,page_budget,33517.0,0,4290305184,3.9956580698490143,,528115104,35,experiment/fixed_page_runs/allq_5x_7gb_fixed/paging/q8/log_dir/sirius_2026-07-09.log
paging,q8,page_directory,33517.0,,7657126200,7.1312544867396355,508,0,2517,experiment/fixed_page_runs/allq_5x_7gb_fixed/paging/q8/log_dir/sirius_2026-07-09.log
paging,q8,page_budget,33854.0,1,4290315048,3.9956672564148903,,528110848,35,experiment/fixed_page_runs/allq_5x_7gb_fixed/paging/q8/log_dir/sirius_2026-07-09.log
paging,q8,page_directory,33855.0,,7657127552,7.131255745887756,508,0,2552,experiment/fixed_page_runs/allq_5x_7gb_fixed/paging/q8/log_dir/sirius_2026-07-09.log
paging,q8,page_budget,33873.0,0,4290303328,3.995656341314316,,528118856,35,experiment/fixed_page_runs/allq_5x_7gb_fixed/paging/q8/log_dir/sirius_2026-07-09.log
paging,q8,page_directory,33873.0,,7657125696,7.131254017353058,508,0,2587,experiment/fixed_page_runs/allq_5x_7gb_fixed/paging/q8/log_dir/sirius_2026-07-09.log
paging,q8,page_budget,34246.0,0,4290308864,3.995661497116089,,528126864,35,experiment/fixed_page_runs/allq_5x_7gb_fixed/paging/q8/log_dir/sirius_2026-07-09.log
paging,q8,page_directory,34246.0,,7657131232,7.131259173154831,508,0,2622,experiment/fixed_page_runs/allq_5x_7gb_fixed/paging/q8/log_dir/sirius_2026-07-09.log
paging,q8,page_budget,34266.0,1,4290316616,3.9956687167286873,,528125792,35,experiment/fixed_page_runs/allq_5x_7gb_fixed/paging/q8/log_dir/sirius_2026-07-09.log
paging,q8,page_directory,34267.0,,7657132800,7.131260633468628,508,0,2657,experiment/fixed_page_runs/allq_5x_7gb_fixed/paging/q8/log_dir/sirius_2026-07-09.log
paging,q8,page_budget,34472.0,1,4287959384,3.9934733733534813,,242229312,15,experiment/fixed_page_runs/allq_5x_7gb_fixed/paging/q8/log_dir/sirius_2026-07-09.log
paging,q8,page_directory,34472.0,,7654775568,7.129065290093422,508,0,2672,experiment/fixed_page_runs/allq_5x_7gb_fixed/paging/q8/log_dir/sirius_2026-07-09.log
paging,q8,page_budget,38020.0,1,4287959384,3.9934733733534813,,180000000,12,experiment/fixed_page_runs/allq_5x_7gb_fixed/paging/q8/log_dir/sirius_2026-07-09.log
paging,q8,page_directory,38020.0,,0,0.0,0,0,36,experiment/fixed_page_runs/allq_5x_7gb_fixed/paging/q8/log_dir/sirius_2026-07-09.log
paging,q8,page_budget,38477.0,0,4289824520,3.9952104166150093,,526182264,35,experiment/fixed_page_runs/allq_5x_7gb_fixed/paging/q8/log_dir/sirius_2026-07-09.log
paging,q8,page_directory,38477.0,,7654291224,7.128614209592342,508,0,2707,experiment/fixed_page_runs/allq_5x_7gb_fixed/paging/q8/log_dir/sirius_2026-07-09.log
paging,q8,page_budget,38581.0,1,4288003000,3.9935139939188957,,528300984,35,experiment/fixed_page_runs/allq_5x_7gb_fixed/paging/q8/log_dir/sirius_2026-07-09.log
paging,q8,page_directory,38581.0,,7654334840,7.128654830157757,508,0,2742,experiment/fixed_page_runs/allq_5x_7gb_fixed/paging/q8/log_dir/sirius_2026-07-09.log
paging,q8,page_budget,38792.0,0,4289868872,3.9952517226338387,,528294048,35,experiment/fixed_page_runs/allq_5x_7gb_fixed/paging/q8/log_dir/sirius_2026-07-09.log
paging,q8,page_directory,38793.0,,7654379192,7.128696136176586,508,0,2777,experiment/fixed_page_runs/allq_5x_7gb_fixed/paging/q8/log_dir/sirius_2026-07-09.log
paging,q8,page_budget,38922.0,1,4288048128,3.993556022644043,,528290672,35,experiment/fixed_page_runs/allq_5x_7gb_fixed/paging/q8/log_dir/sirius_2026-07-09.log
paging,q8,page_directory,38922.0,,7654424320,7.128738164901733,508,0,2812,experiment/fixed_page_runs/allq_5x_7gb_fixed/paging/q8/log_dir/sirius_2026-07-09.log
paging,q8,page_budget,39109.0,0,4289907336,3.9952875450253487,,528288816,35,experiment/fixed_page_runs/allq_5x_7gb_fixed/paging/q8/log_dir/sirius_2026-07-09.log
paging,q8,page_directory,39109.0,,7654462784,7.128773987293243,508,0,2847,experiment/fixed_page_runs/allq_5x_7gb_fixed/paging/q8/log_dir/sirius_2026-07-09.log
paging,q8,page_budget,39288.0,1,4288091880,3.9935967698693275,,528305208,35,experiment/fixed_page_runs/allq_5x_7gb_fixed/paging/q8/log_dir/sirius_2026-07-09.log
paging,q8,page_directory,39289.0,,7654506536,7.128814734518528,508,0,2882,experiment/fixed_page_runs/allq_5x_7gb_fixed/paging/q8/log_dir/sirius_2026-07-09.log
paging,q8,page_budget,39483.0,0,4289949344,3.995326668024063,,528294032,35,experiment/fixed_page_runs/allq_5x_7gb_fixed/paging/q8/log_dir/sirius_2026-07-09.log
paging,q8,page_directory,39483.0,,7654548544,7.128853857517242,508,0,2917,experiment/fixed_page_runs/allq_5x_7gb_fixed/paging/q8/log_dir/sirius_2026-07-09.log
paging,q8,page_budget,39675.0,1,4287535840,3.9930789172649384,,525930720,35,experiment/fixed_page_runs/allq_5x_7gb_fixed/paging/q8/log_dir/sirius_2026-07-09.log
paging,q8,page_directory,39675.0,,7653992504,7.128336004912853,508,0,2952,experiment/fixed_page_runs/allq_5x_7gb_fixed/paging/q8/log_dir/sirius_2026-07-09.log
paging,q8,page_budget,46434.0,1,4287535208,3.993078328669071,,528146312,35,experiment/fixed_page_runs/allq_5x_7gb_fixed/paging/q8/log_dir/sirius_2026-07-09.log
paging,q8,page_directory,46435.0,,7653991872,7.128335416316986,508,0,2987,experiment/fixed_page_runs/allq_5x_7gb_fixed/paging/q8/log_dir/sirius_2026-07-09.log
paging,q8,page_budget,46449.0,0,4289949840,3.99532712996006,,528116544,35,experiment/fixed_page_runs/allq_5x_7gb_fixed/paging/q8/log_dir/sirius_2026-07-09.log
paging,q8,page_directory,46449.0,,7653992368,7.128335878252983,508,0,3022,experiment/fixed_page_runs/allq_5x_7gb_fixed/paging/q8/log_dir/sirius_2026-07-09.log
paging,q8,page_budget,46792.0,0,4289953480,3.9953305199742317,,528115760,35,experiment/fixed_page_runs/allq_5x_7gb_fixed/paging/q8/log_dir/sirius_2026-07-09.log
paging,q8,page_directory,46792.0,,7653996008,7.128339268267155,508,0,3057,experiment/fixed_page_runs/allq_5x_7gb_fixed/paging/q8/log_dir/sirius_2026-07-09.log
paging,q8,page_budget,46809.0,1,4287531480,3.993074856698513,,528114688,35,experiment/fixed_page_runs/allq_5x_7gb_fixed/paging/q8/log_dir/sirius_2026-07-09.log
paging,q8,page_directory,46809.0,,7653992280,7.1283357962965965,508,0,3092,experiment/fixed_page_runs/allq_5x_7gb_fixed/paging/q8/log_dir/sirius_2026-07-09.log
paging,q8,page_budget,47123.0,0,4289952192,3.9953293204307556,,528128168,35,experiment/fixed_page_runs/allq_5x_7gb_fixed/paging/q8/log_dir/sirius_2026-07-09.log
paging,q8,page_directory,47124.0,,7653990992,7.12833459675312,508,0,3127,experiment/fixed_page_runs/allq_5x_7gb_fixed/paging/q8/log_dir/sirius_2026-07-09.log
paging,q8,page_budget,47138.0,1,4287533064,3.993076331913471,,528103856,35,experiment/fixed_page_runs/allq_5x_7gb_fixed/paging/q8/log_dir/sirius_2026-07-09.log
paging,q8,page_directory,47138.0,,7653992576,7.128336071968079,508,0,3162,experiment/fixed_page_runs/allq_5x_7gb_fixed/paging/q8/log_dir/sirius_2026-07-09.log
paging,q8,page_budget,47460.0,0,4289953248,3.9953303039073944,,528125224,35,experiment/fixed_page_runs/allq_5x_7gb_fixed/paging/q8/log_dir/sirius_2026-07-09.log
paging,q8,page_directory,47460.0,,7653993632,7.128337055444717,508,0,3197,experiment/fixed_page_runs/allq_5x_7gb_fixed/paging/q8/log_dir/sirius_2026-07-09.log
paging,q8,page_budget,47482.0,1,4287533400,3.9930766448378563,,528119184,35,experiment/fixed_page_runs/allq_5x_7gb_fixed/paging/q8/log_dir/sirius_2026-07-09.log
paging,q8,page_directory,47482.0,,7653993968,7.1283373683691025,508,0,3232,experiment/fixed_page_runs/allq_5x_7gb_fixed/paging/q8/log_dir/sirius_2026-07-09.log
paging,q8,page_budget,47830.0,1,4287532200,3.9930755272507668,,528127720,35,experiment/fixed_page_runs/allq_5x_7gb_fixed/paging/q8/log_dir/sirius_2026-07-09.log
paging,q8,page_directory,47830.0,,7653992768,7.128336250782013,508,0,3267,experiment/fixed_page_runs/allq_5x_7gb_fixed/paging/q8/log_dir/sirius_2026-07-09.log
paging,q8,page_budget,47844.0,0,4289950112,3.9953273832798004,,528107856,35,experiment/fixed_page_runs/allq_5x_7gb_fixed/paging/q8/log_dir/sirius_2026-07-09.log
paging,q8,page_directory,47844.0,,7653989632,7.128333330154419,508,0,3302,experiment/fixed_page_runs/allq_5x_7gb_fixed/paging/q8/log_dir/sirius_2026-07-09.log
paging,q8,page_budget,48215.0,0,4289952216,3.9953293427824974,,528117536,35,experiment/fixed_page_runs/allq_5x_7gb_fixed/paging/q8/log_dir/sirius_2026-07-09.log
paging,q8,page_directory,48215.0,,7653991736,7.128335289657116,508,0,3337,experiment/fixed_page_runs/allq_5x_7gb_fixed/paging/q8/log_dir/sirius_2026-07-09.log
paging,q8,page_budget,48235.0,1,4287527960,3.9930715784430504,,528114400,35,experiment/fixed_page_runs/allq_5x_7gb_fixed/paging/q8/log_dir/sirius_2026-07-09.log
paging,q8,page_directory,48235.0,,7653987496,7.1283313408494,508,0,3372,experiment/fixed_page_runs/allq_5x_7gb_fixed/paging/q8/log_dir/sirius_2026-07-09.log
paging,q8,page_budget,48592.0,1,4287526040,3.993069790303707,,528132120,35,experiment/fixed_page_runs/allq_5x_7gb_fixed/paging/q8/log_dir/sirius_2026-07-09.log
paging,q8,page_directory,48592.0,,7653985576,7.128329552710056,508,0,3407,experiment/fixed_page_runs/allq_5x_7gb_fixed/paging/q8/log_dir/sirius_2026-07-09.log
paging,q8,page_budget,48609.0,0,4289951784,3.995328940451145,,528117072,35,experiment/fixed_page_runs/allq_5x_7gb_fixed/paging/q8/log_dir/sirius_2026-07-09.log
paging,q8,page_directory,48610.0,,7653985144,7.128329150378704,508,0,3442,experiment/fixed_page_runs/allq_5x_7gb_fixed/paging/q8/log_dir/sirius_2026-07-09.log
paging,q8,page_budget,48968.0,0,4289956344,3.9953331872820854,,528130400,35,experiment/fixed_page_runs/allq_5x_7gb_fixed/paging/q8/log_dir/sirius_2026-07-09.log
paging,q8,page_directory,48968.0,,7653989704,7.128333397209644,508,0,3477,experiment/fixed_page_runs/allq_5x_7gb_fixed/paging/q8/log_dir/sirius_2026-07-09.log
paging,q8,page_budget,48991.0,1,4287531336,3.9930747225880623,,528149584,35,experiment/fixed_page_runs/allq_5x_7gb_fixed/paging/q8/log_dir/sirius_2026-07-09.log
paging,q8,page_directory,48991.0,,7653995000,7.1283383294939995,508,0,3512,experiment/fixed_page_runs/allq_5x_7gb_fixed/paging/q8/log_dir/sirius_2026-07-09.log
paging,q8,page_budget,49321.0,0,4289958144,3.9953348636627197,,528124200,35,experiment/fixed_page_runs/allq_5x_7gb_fixed/paging/q8/log_dir/sirius_2026-07-09.log
paging,q8,page_directory,49322.0,,7653996800,7.128340005874634,508,0,3547,experiment/fixed_page_runs/allq_5x_7gb_fixed/paging/q8/log_dir/sirius_2026-07-09.log
paging,q8,page_budget,49342.0,1,4287538664,3.993081547319889,,528141512,35,experiment/fixed_page_runs/allq_5x_7gb_fixed/paging/q8/log_dir/sirius_2026-07-09.log
paging,q8,page_directory,49343.0,,7654004128,7.128346830606461,508,0,3582,experiment/fixed_page_runs/allq_5x_7gb_fixed/paging/q8/log_dir/sirius_2026-07-09.log
paging,q8,page_budget,49707.0,0,4289954576,3.9953315407037735,,528118128,35,experiment/fixed_page_runs/allq_5x_7gb_fixed/paging/q8/log_dir/sirius_2026-07-09.log
paging,q8,page_directory,49707.0,,7654000560,7.128343507647514,508,0,3617,experiment/fixed_page_runs/allq_5x_7gb_fixed/paging/q8/log_dir/sirius_2026-07-09.log
paging,q8,page_budget,49722.0,1,4289896344,3.9952773079276085,,525771920,35,experiment/fixed_page_runs/allq_5x_7gb_fixed/paging/q8/log_dir/sirius_2026-07-09.log
paging,q8,page_directory,49722.0,,7656358240,7.130539268255234,508,0,3652,experiment/fixed_page_runs/allq_5x_7gb_fixed/paging/q8/log_dir/sirius_2026-07-09.log
paging,q8,page_budget,50046.0,1,4289846928,3.9952312856912613,,528146936,35,experiment/fixed_page_runs/allq_5x_7gb_fixed/paging/q8/log_dir/sirius_2026-07-09.log
paging,q8,page_directory,50046.0,,7656308824,7.130493246018887,508,0,3687,experiment/fixed_page_runs/allq_5x_7gb_fixed/paging/q8/log_dir/sirius_2026-07-09.log
paging,q8,page_budget,50066.0,0,4290435232,3.995779186487198,,527620544,35,experiment/fixed_page_runs/allq_5x_7gb_fixed/paging/q8/log_dir/sirius_2026-07-09.log
paging,q8,page_directory,50066.0,,7656789480,7.130940891802311,508,0,3722,experiment/fixed_page_runs/allq_5x_7gb_fixed/paging/q8/log_dir/sirius_2026-07-09.log
paging,q8,page_budget,50422.0,0,4290394216,3.9957409873604774,,528174336,35,experiment/fixed_page_runs/allq_5x_7gb_fixed/paging/q8/log_dir/sirius_2026-07-09.log
paging,q8,page_directory,50422.0,,7656748464,7.1309026926755905,508,0,3757,experiment/fixed_page_runs/allq_5x_7gb_fixed/paging/q8/log_dir/sirius_2026-07-09.log
paging,q8,page_budget,50439.0,1,4289803336,3.9951906874775887,,528161432,35,experiment/fixed_page_runs/allq_5x_7gb_fixed/paging/q8/log_dir/sirius_2026-07-09.log
paging,q8,page_directory,50439.0,,7656704872,7.130862094461918,508,0,3792,experiment/fixed_page_runs/allq_5x_7gb_fixed/paging/q8/log_dir/sirius_2026-07-09.log
paging,q8,page_budget,50782.0,0,4290352960,3.995702564716339,,528162256,35,experiment/fixed_page_runs/allq_5x_7gb_fixed/paging/q8/log_dir/sirius_2026-07-09.log
paging,q8,page_directory,50782.0,,7656663616,7.1308236718177795,508,0,3827,experiment/fixed_page_runs/allq_5x_7gb_fixed/paging/q8/log_dir/sirius_2026-07-09.log
paging,q8,page_budget,50807.0,1,4289760048,3.9951503723859787,,528175808,35,experiment/fixed_page_runs/allq_5x_7gb_fixed/paging/q8/log_dir/sirius_2026-07-09.log
paging,q8,page_directory,50807.0,,7656620328,7.13078335672617,508,0,3862,experiment/fixed_page_runs/allq_5x_7gb_fixed/paging/q8/log_dir/sirius_2026-07-09.log
paging,q8,page_budget,51184.0,0,4290309832,3.995662398636341,,528163528,35,experiment/fixed_page_runs/allq_5x_7gb_fixed/paging/q8/log_dir/sirius_2026-07-09.log
paging,q8,page_directory,51184.0,,7656577200,7.130743190646172,508,0,3897,experiment/fixed_page_runs/allq_5x_7gb_fixed/paging/q8/log_dir/sirius_2026-07-09.log
paging,q8,page_budget,51200.0,1,4290311384,3.995663844048977,,527580024,35,experiment/fixed_page_runs/allq_5x_7gb_fixed/paging/q8/log_dir/sirius_2026-07-09.log
paging,q8,page_directory,51200.0,,7657128536,7.13125666230917,508,0,3932,experiment/fixed_page_runs/allq_5x_7gb_fixed/paging/q8/log_dir/sirius_2026-07-09.log
paging,q8,page_budget,51540.0,1,4290310208,3.995662748813629,,528140976,35,experiment/fixed_page_runs/allq_5x_7gb_fixed/paging/q8/log_dir/sirius_2026-07-09.log
paging,q8,page_directory,51540.0,,7657127360,7.131255567073822,508,0,3967,experiment/fixed_page_runs/allq_5x_7gb_fixed/paging/q8/log_dir/sirius_2026-07-09.log
paging,q8,page_budget,51556.0,0,4290308248,3.995660923421383,,528110704,35,experiment/fixed_page_runs/allq_5x_7gb_fixed/paging/q8/log_dir/sirius_2026-07-09.log
paging,q8,page_directory,51556.0,,7657125776,7.131254091858864,508,0,4002,experiment/fixed_page_runs/allq_5x_7gb_fixed/paging/q8/log_dir/sirius_2026-07-09.log
paging,q8,page_budget,51908.0,0,4290308128,3.995660811662674,,528118920,35,experiment/fixed_page_runs/allq_5x_7gb_fixed/paging/q8/log_dir/sirius_2026-07-09.log
paging,q8,page_directory,51908.0,,7657125656,7.131253980100155,508,0,4037,experiment/fixed_page_runs/allq_5x_7gb_fixed/paging/q8/log_dir/sirius_2026-07-09.log
paging,q8,page_budget,51927.0,1,4290313696,3.9956659972667694,,528124912,35,experiment/fixed_page_runs/allq_5x_7gb_fixed/paging/q8/log_dir/sirius_2026-07-09.log
paging,q8,page_directory,51927.0,,7657129144,7.131257228553295,508,0,4072,experiment/fixed_page_runs/allq_5x_7gb_fixed/paging/q8/log_dir/sirius_2026-07-09.log
paging,q8,page_budget,52260.0,1,4290315048,3.9956672564148903,,528110848,35,experiment/fixed_page_runs/allq_5x_7gb_fixed/paging/q8/log_dir/sirius_2026-07-09.log
paging,q8,page_directory,52260.0,,7657130496,7.131258487701416,508,0,4107,experiment/fixed_page_runs/allq_5x_7gb_fixed/paging/q8/log_dir/sirius_2026-07-09.log
paging,q8,page_budget,52282.0,0,4290305184,3.9956580698490143,,528115104,35,experiment/fixed_page_runs/allq_5x_7gb_fixed/paging/q8/log_dir/sirius_2026-07-09.log
paging,q8,page_directory,52282.0,,7657127552,7.131255745887756,508,0,4142,experiment/fixed_page_runs/allq_5x_7gb_fixed/paging/q8/log_dir/sirius_2026-07-09.log
paging,q8,page_budget,52602.0,0,4290303328,3.995656341314316,,528118856,35,experiment/fixed_page_runs/allq_5x_7gb_fixed/paging/q8/log_dir/sirius_2026-07-09.log
paging,q8,page_directory,52602.0,,7657125696,7.131254017353058,508,0,4177,experiment/fixed_page_runs/allq_5x_7gb_fixed/paging/q8/log_dir/sirius_2026-07-09.log
paging,q8,page_budget,52624.0,1,4290316616,3.9956687167286873,,528125792,35,experiment/fixed_page_runs/allq_5x_7gb_fixed/paging/q8/log_dir/sirius_2026-07-09.log
paging,q8,page_directory,52624.0,,7657127264,7.131255477666855,508,0,4212,experiment/fixed_page_runs/allq_5x_7gb_fixed/paging/q8/log_dir/sirius_2026-07-09.log
paging,q8,page_budget,52916.0,1,4287959384,3.9934733733534813,,242229312,15,experiment/fixed_page_runs/allq_5x_7gb_fixed/paging/q8/log_dir/sirius_2026-07-09.log
paging,q8,page_directory,52916.0,,7654770032,7.129060134291649,508,0,4227,experiment/fixed_page_runs/allq_5x_7gb_fixed/paging/q8/log_dir/sirius_2026-07-09.log
paging,q8,page_budget,52936.0,0,4290308864,3.995661497116089,,528126864,35,experiment/fixed_page_runs/allq_5x_7gb_fixed/paging/q8/log_dir/sirius_2026-07-09.log
paging,q8,page_directory,52936.0,,7654775568,7.129065290093422,508,0,4262,experiment/fixed_page_runs/allq_5x_7gb_fixed/paging/q8/log_dir/sirius_2026-07-09.log
paging,q8,page_budget,56432.0,1,4287959384,3.9934733733534813,,180000000,12,experiment/fixed_page_runs/allq_5x_7gb_fixed/paging/q8/log_dir/sirius_2026-07-09.log
paging,q8,page_directory,56432.0,,0,0.0,0,0,48,experiment/fixed_page_runs/allq_5x_7gb_fixed/paging/q8/log_dir/sirius_2026-07-09.log
paging,q8,page_budget,56914.0,0,4289824520,3.9952104166150093,,526182264,35,experiment/fixed_page_runs/allq_5x_7gb_fixed/paging/q8/log_dir/sirius_2026-07-09.log
paging,q8,page_directory,56914.0,,7654291224,7.128614209592342,508,0,4297,experiment/fixed_page_runs/allq_5x_7gb_fixed/paging/q8/log_dir/sirius_2026-07-09.log
paging,q8,page_budget,57045.0,1,4288003000,3.9935139939188957,,528300984,35,experiment/fixed_page_runs/allq_5x_7gb_fixed/paging/q8/log_dir/sirius_2026-07-09.log
paging,q8,page_directory,57045.0,,7654334840,7.128654830157757,508,0,4332,experiment/fixed_page_runs/allq_5x_7gb_fixed/paging/q8/log_dir/sirius_2026-07-09.log
paging,q8,page_budget,57248.0,0,4289868872,3.9952517226338387,,528294048,35,experiment/fixed_page_runs/allq_5x_7gb_fixed/paging/q8/log_dir/sirius_2026-07-09.log
paging,q8,page_directory,57248.0,,7654379192,7.128696136176586,508,0,4367,experiment/fixed_page_runs/allq_5x_7gb_fixed/paging/q8/log_dir/sirius_2026-07-09.log
paging,q8,page_budget,57400.0,1,4288048128,3.993556022644043,,528290672,35,experiment/fixed_page_runs/allq_5x_7gb_fixed/paging/q8/log_dir/sirius_2026-07-09.log
paging,q8,page_directory,57401.0,,7654424320,7.128738164901733,508,0,4402,experiment/fixed_page_runs/allq_5x_7gb_fixed/paging/q8/log_dir/sirius_2026-07-09.log
paging,q8,page_budget,57570.0,0,4289907336,3.9952875450253487,,528288816,35,experiment/fixed_page_runs/allq_5x_7gb_fixed/paging/q8/log_dir/sirius_2026-07-09.log
paging,q8,page_directory,57570.0,,7654462784,7.128773987293243,508,0,4437,experiment/fixed_page_runs/allq_5x_7gb_fixed/paging/q8/log_dir/sirius_2026-07-09.log
paging,q8,page_budget,57742.0,1,4288091880,3.9935967698693275,,528305208,35,experiment/fixed_page_runs/allq_5x_7gb_fixed/paging/q8/log_dir/sirius_2026-07-09.log
paging,q8,page_directory,57742.0,,7654506536,7.128814734518528,508,0,4472,experiment/fixed_page_runs/allq_5x_7gb_fixed/paging/q8/log_dir/sirius_2026-07-09.log
paging,q8,page_budget,57934.0,0,4289949344,3.995326668024063,,528294032,35,experiment/fixed_page_runs/allq_5x_7gb_fixed/paging/q8/log_dir/sirius_2026-07-09.log
paging,q8,page_directory,57934.0,,7654548544,7.128853857517242,508,0,4507,experiment/fixed_page_runs/allq_5x_7gb_fixed/paging/q8/log_dir/sirius_2026-07-09.log
paging,q8,page_budget,58100.0,1,4287535840,3.9930789172649384,,525930720,35,experiment/fixed_page_runs/allq_5x_7gb_fixed/paging/q8/log_dir/sirius_2026-07-09.log
paging,q8,page_directory,58100.0,,7653992504,7.128336004912853,508,0,4542,experiment/fixed_page_runs/allq_5x_7gb_fixed/paging/q8/log_dir/sirius_2026-07-09.log
paging,q8,page_budget,59054.0,0,4289949840,3.99532712996006,,528116544,35,experiment/fixed_page_runs/allq_5x_7gb_fixed/paging/q8/log_dir/sirius_2026-07-09.log
paging,q8,page_directory,59055.0,,7653993000,7.12833646684885,508,0,4577,experiment/fixed_page_runs/allq_5x_7gb_fixed/paging/q8/log_dir/sirius_2026-07-09.log
paging,q8,page_budget,59082.0,1,4287535208,3.993078328669071,,528146312,35,experiment/fixed_page_runs/allq_5x_7gb_fixed/paging/q8/log_dir/sirius_2026-07-09.log
paging,q8,page_directory,59082.0,,7653992368,7.128335878252983,508,0,4612,experiment/fixed_page_runs/allq_5x_7gb_fixed/paging/q8/log_dir/sirius_2026-07-09.log
paging,q8,page_budget,59432.0,0,4289953480,3.9953305199742317,,528115760,35,experiment/fixed_page_runs/allq_5x_7gb_fixed/paging/q8/log_dir/sirius_2026-07-09.log
paging,q8,page_directory,59433.0,,7653996008,7.128339268267155,508,0,4647,experiment/fixed_page_runs/allq_5x_7gb_fixed/paging/q8/log_dir/sirius_2026-07-09.log
paging,q8,page_budget,59458.0,1,4287531480,3.993074856698513,,528114688,35,experiment/fixed_page_runs/allq_5x_7gb_fixed/paging/q8/log_dir/sirius_2026-07-09.log
paging,q8,page_directory,59459.0,,7653992280,7.1283357962965965,508,0,4682,experiment/fixed_page_runs/allq_5x_7gb_fixed/paging/q8/log_dir/sirius_2026-07-09.log
paging,q8,page_budget,59725.0,0,4289952192,3.9953293204307556,,528128168,35,experiment/fixed_page_runs/allq_5x_7gb_fixed/paging/q8/log_dir/sirius_2026-07-09.log
paging,q8,page_directory,59725.0,,7653990992,7.12833459675312,508,0,4717,experiment/fixed_page_runs/allq_5x_7gb_fixed/paging/q8/log_dir/sirius_2026-07-09.log
paging,q8,page_budget,59894.0,1,4287533064,3.993076331913471,,528103856,35,experiment/fixed_page_runs/allq_5x_7gb_fixed/paging/q8/log_dir/sirius_2026-07-09.log
paging,q8,page_directory,59894.0,,7653992576,7.128336071968079,508,0,4752,experiment/fixed_page_runs/allq_5x_7gb_fixed/paging/q8/log_dir/sirius_2026-07-09.log
paging,q8,page_budget,60180.0,1,4287533400,3.9930766448378563,,528119184,35,experiment/fixed_page_runs/allq_5x_7gb_fixed/paging/q8/log_dir/sirius_2026-07-09.log
paging,q8,page_directory,60180.0,,7653992912,7.128336384892464,508,0,4787,experiment/fixed_page_runs/allq_5x_7gb_fixed/paging/q8/log_dir/sirius_2026-07-09.log
paging,q8,page_budget,60265.0,0,4289953248,3.9953303039073944,,528125224,35,experiment/fixed_page_runs/allq_5x_7gb_fixed/paging/q8/log_dir/sirius_2026-07-09.log
paging,q8,page_directory,60265.0,,7653993968,7.1283373683691025,508,0,4822,experiment/fixed_page_runs/allq_5x_7gb_fixed/paging/q8/log_dir/sirius_2026-07-09.log
paging,q8,page_budget,64614.0,0,4289950112,3.9953273832798004,,528107856,35,experiment/fixed_page_runs/allq_5x_7gb_fixed/paging/q8/log_dir/sirius_2026-07-09.log
paging,q8,page_directory,64614.0,,7653990832,7.1283344477415085,508,0,4857,experiment/fixed_page_runs/allq_5x_7gb_fixed/paging/q8/log_dir/sirius_2026-07-09.log
paging,q8,page_budget,64633.0,1,4287532200,3.9930755272507668,,528127720,35,experiment/fixed_page_runs/allq_5x_7gb_fixed/paging/q8/log_dir/sirius_2026-07-09.log
paging,q8,page_directory,64633.0,,7653989632,7.128333330154419,508,0,4892,experiment/fixed_page_runs/allq_5x_7gb_fixed/paging/q8/log_dir/sirius_2026-07-09.log
paging,q8,page_budget,64999.0,0,4289952216,3.9953293427824974,,528117536,35,experiment/fixed_page_runs/allq_5x_7gb_fixed/paging/q8/log_dir/sirius_2026-07-09.log
paging,q8,page_directory,64999.0,,7653991736,7.128335289657116,508,0,4927,experiment/fixed_page_runs/allq_5x_7gb_fixed/paging/q8/log_dir/sirius_2026-07-09.log
paging,q8,page_budget,65019.0,1,4287527960,3.9930715784430504,,528114400,35,experiment/fixed_page_runs/allq_5x_7gb_fixed/paging/q8/log_dir/sirius_2026-07-09.log
paging,q8,page_directory,65019.0,,7653987496,7.1283313408494,508,0,4962,experiment/fixed_page_runs/allq_5x_7gb_fixed/paging/q8/log_dir/sirius_2026-07-09.log
paging,q8,page_budget,65376.0,0,4289951784,3.995328940451145,,528117072,35,experiment/fixed_page_runs/allq_5x_7gb_fixed/paging/q8/log_dir/sirius_2026-07-09.log
paging,q8,page_directory,65376.0,,7653987064,7.128330938518047,508,0,4997,experiment/fixed_page_runs/allq_5x_7gb_fixed/paging/q8/log_dir/sirius_2026-07-09.log
paging,q8,page_budget,65397.0,1,4287526040,3.993069790303707,,528132120,35,experiment/fixed_page_runs/allq_5x_7gb_fixed/paging/q8/log_dir/sirius_2026-07-09.log
paging,q8,page_directory,65397.0,,7653985144,7.128329150378704,508,0,5032,experiment/fixed_page_runs/allq_5x_7gb_fixed/paging/q8/log_dir/sirius_2026-07-09.log
paging,q8,page_budget,65751.0,0,4289956344,3.9953331872820854,,528130400,35,experiment/fixed_page_runs/allq_5x_7gb_fixed/paging/q8/log_dir/sirius_2026-07-09.log
paging,q8,page_directory,65751.0,,7653989704,7.128333397209644,508,0,5067,experiment/fixed_page_runs/allq_5x_7gb_fixed/paging/q8/log_dir/sirius_2026-07-09.log
paging,q8,page_budget,65770.0,1,4287531336,3.9930747225880623,,528149584,35,experiment/fixed_page_runs/allq_5x_7gb_fixed/paging/q8/log_dir/sirius_2026-07-09.log
paging,q8,page_directory,65770.0,,7653995000,7.1283383294939995,508,0,5102,experiment/fixed_page_runs/allq_5x_7gb_fixed/paging/q8/log_dir/sirius_2026-07-09.log
paging,q8,page_budget,66128.0,0,4289958144,3.9953348636627197,,528124200,35,experiment/fixed_page_runs/allq_5x_7gb_fixed/paging/q8/log_dir/sirius_2026-07-09.log
paging,q8,page_directory,66128.0,,7653996800,7.128340005874634,508,0,5137,experiment/fixed_page_runs/allq_5x_7gb_fixed/paging/q8/log_dir/sirius_2026-07-09.log
paging,q8,page_budget,66150.0,1,4287538664,3.993081547319889,,528141512,35,experiment/fixed_page_runs/allq_5x_7gb_fixed/paging/q8/log_dir/sirius_2026-07-09.log
paging,q8,page_directory,66150.0,,7654004128,7.128346830606461,508,0,5172,experiment/fixed_page_runs/allq_5x_7gb_fixed/paging/q8/log_dir/sirius_2026-07-09.log
paging,q8,page_budget,66513.0,1,4289896344,3.9952773079276085,,525771920,35,experiment/fixed_page_runs/allq_5x_7gb_fixed/paging/q8/log_dir/sirius_2026-07-09.log
paging,q8,page_directory,66513.0,,7656361808,7.13054259121418,508,0,5207,experiment/fixed_page_runs/allq_5x_7gb_fixed/paging/q8/log_dir/sirius_2026-07-09.log
paging,q8,page_budget,66536.0,0,4289954576,3.9953315407037735,,528118128,35,experiment/fixed_page_runs/allq_5x_7gb_fixed/paging/q8/log_dir/sirius_2026-07-09.log
paging,q8,page_directory,66536.0,,7656358240,7.130539268255234,508,0,5242,experiment/fixed_page_runs/allq_5x_7gb_fixed/paging/q8/log_dir/sirius_2026-07-09.log
paging,q8,page_budget,66903.0,0,4290435232,3.995779186487198,,527620544,35,experiment/fixed_page_runs/allq_5x_7gb_fixed/paging/q8/log_dir/sirius_2026-07-09.log
paging,q8,page_directory,66903.0,,7656838896,7.130986914038658,508,0,5277,experiment/fixed_page_runs/allq_5x_7gb_fixed/paging/q8/log_dir/sirius_2026-07-09.log
paging,q8,page_budget,66922.0,1,4289846928,3.9952312856912613,,528146936,35,experiment/fixed_page_runs/allq_5x_7gb_fixed/paging/q8/log_dir/sirius_2026-07-09.log
paging,q8,page_directory,66922.0,,7656789480,7.130940891802311,508,0,5312,experiment/fixed_page_runs/allq_5x_7gb_fixed/paging/q8/log_dir/sirius_2026-07-09.log
paging,q8,page_budget,67263.0,0,4290394216,3.9957409873604774,,528174336,35,experiment/fixed_page_runs/allq_5x_7gb_fixed/paging/q8/log_dir/sirius_2026-07-09.log
paging,q8,page_directory,67263.0,,7656748464,7.1309026926755905,508,0,5347,experiment/fixed_page_runs/allq_5x_7gb_fixed/paging/q8/log_dir/sirius_2026-07-09.log
paging,q8,page_budget,67289.0,1,4289803336,3.9951906874775887,,528161432,35,experiment/fixed_page_runs/allq_5x_7gb_fixed/paging/q8/log_dir/sirius_2026-07-09.log
paging,q8,page_directory,67289.0,,7656704872,7.130862094461918,508,0,5382,experiment/fixed_page_runs/allq_5x_7gb_fixed/paging/q8/log_dir/sirius_2026-07-09.log
paging,q8,page_budget,67635.0,0,4290352960,3.995702564716339,,528162256,35,experiment/fixed_page_runs/allq_5x_7gb_fixed/paging/q8/log_dir/sirius_2026-07-09.log
paging,q8,page_directory,67635.0,,7656663616,7.1308236718177795,508,0,5417,experiment/fixed_page_runs/allq_5x_7gb_fixed/paging/q8/log_dir/sirius_2026-07-09.log
paging,q8,page_budget,67653.0,1,4289760048,3.9951503723859787,,528175808,35,experiment/fixed_page_runs/allq_5x_7gb_fixed/paging/q8/log_dir/sirius_2026-07-09.log
paging,q8,page_directory,67654.0,,7656620328,7.13078335672617,508,0,5452,experiment/fixed_page_runs/allq_5x_7gb_fixed/paging/q8/log_dir/sirius_2026-07-09.log
paging,q8,page_budget,68007.0,0,4290309832,3.995662398636341,,528163528,35,experiment/fixed_page_runs/allq_5x_7gb_fixed/paging/q8/log_dir/sirius_2026-07-09.log
paging,q8,page_directory,68007.0,,7656577200,7.130743190646172,508,0,5487,experiment/fixed_page_runs/allq_5x_7gb_fixed/paging/q8/log_dir/sirius_2026-07-09.log
paging,q8,page_budget,68030.0,1,4290311384,3.995663844048977,,527580024,35,experiment/fixed_page_runs/allq_5x_7gb_fixed/paging/q8/log_dir/sirius_2026-07-09.log
paging,q8,page_directory,68030.0,,7657128536,7.13125666230917,508,0,5522,experiment/fixed_page_runs/allq_5x_7gb_fixed/paging/q8/log_dir/sirius_2026-07-09.log
paging,q8,page_budget,68242.0,0,4290308248,3.995660923421383,,528110704,35,experiment/fixed_page_runs/allq_5x_7gb_fixed/paging/q8/log_dir/sirius_2026-07-09.log
paging,q8,page_directory,68243.0,,7657126952,7.131255187094212,508,0,5557,experiment/fixed_page_runs/allq_5x_7gb_fixed/paging/q8/log_dir/sirius_2026-07-09.log
paging,q8,page_budget,68360.0,1,4290310208,3.995662748813629,,528140976,35,experiment/fixed_page_runs/allq_5x_7gb_fixed/paging/q8/log_dir/sirius_2026-07-09.log
paging,q8,page_directory,68361.0,,7657125776,7.131254091858864,508,0,5592,experiment/fixed_page_runs/allq_5x_7gb_fixed/paging/q8/log_dir/sirius_2026-07-09.log
paging,q8,page_budget,68551.0,0,4290308128,3.995660811662674,,528118920,35,experiment/fixed_page_runs/allq_5x_7gb_fixed/paging/q8/log_dir/sirius_2026-07-09.log
paging,q8,page_directory,68551.0,,7657125656,7.131253980100155,508,0,5627,experiment/fixed_page_runs/allq_5x_7gb_fixed/paging/q8/log_dir/sirius_2026-07-09.log
paging,q8,page_budget,68637.0,1,4290313696,3.9956659972667694,,528124912,35,experiment/fixed_page_runs/allq_5x_7gb_fixed/paging/q8/log_dir/sirius_2026-07-09.log
paging,q8,page_directory,68638.0,,7657129144,7.131257228553295,508,0,5662,experiment/fixed_page_runs/allq_5x_7gb_fixed/paging/q8/log_dir/sirius_2026-07-09.log
paging,q8,page_budget,68857.0,0,4290305184,3.9956580698490143,,528115104,35,experiment/fixed_page_runs/allq_5x_7gb_fixed/paging/q8/log_dir/sirius_2026-07-09.log
paging,q8,page_directory,68857.0,,7657126200,7.1312544867396355,508,0,5697,experiment/fixed_page_runs/allq_5x_7gb_fixed/paging/q8/log_dir/sirius_2026-07-09.log
paging,q8,page_budget,68934.0,1,4290315048,3.9956672564148903,,528110848,35,experiment/fixed_page_runs/allq_5x_7gb_fixed/paging/q8/log_dir/sirius_2026-07-09.log
paging,q8,page_directory,68935.0,,7657127552,7.131255745887756,508,0,5732,experiment/fixed_page_runs/allq_5x_7gb_fixed/paging/q8/log_dir/sirius_2026-07-09.log
paging,q8,page_budget,69236.0,0,4290303328,3.995656341314316,,528118856,35,experiment/fixed_page_runs/allq_5x_7gb_fixed/paging/q8/log_dir/sirius_2026-07-09.log
paging,q8,page_directory,69236.0,,7657125696,7.131254017353058,508,0,5767,experiment/fixed_page_runs/allq_5x_7gb_fixed/paging/q8/log_dir/sirius_2026-07-09.log
paging,q8,page_budget,69257.0,1,4290316616,3.9956687167286873,,528125792,35,experiment/fixed_page_runs/allq_5x_7gb_fixed/paging/q8/log_dir/sirius_2026-07-09.log
paging,q8,page_directory,69257.0,,7657127264,7.131255477666855,508,0,5802,experiment/fixed_page_runs/allq_5x_7gb_fixed/paging/q8/log_dir/sirius_2026-07-09.log
paging,q8,page_budget,69562.0,1,4287959384,3.9934733733534813,,242229312,15,experiment/fixed_page_runs/allq_5x_7gb_fixed/paging/q8/log_dir/sirius_2026-07-09.log
paging,q8,page_directory,69563.0,,7654770032,7.129060134291649,508,0,5817,experiment/fixed_page_runs/allq_5x_7gb_fixed/paging/q8/log_dir/sirius_2026-07-09.log
paging,q8,page_budget,69594.0,0,4290308864,3.995661497116089,,528126864,35,experiment/fixed_page_runs/allq_5x_7gb_fixed/paging/q8/log_dir/sirius_2026-07-09.log
paging,q8,page_directory,69594.0,,7654775568,7.129065290093422,508,0,5852,experiment/fixed_page_runs/allq_5x_7gb_fixed/paging/q8/log_dir/sirius_2026-07-09.log
paging,q8,page_budget,73027.0,1,4287959384,3.9934733733534813,,180000000,12,experiment/fixed_page_runs/allq_5x_7gb_fixed/paging/q8/log_dir/sirius_2026-07-09.log
paging,q8,page_directory,73027.0,,0,0.0,0,0,60,experiment/fixed_page_runs/allq_5x_7gb_fixed/paging/q8/log_dir/sirius_2026-07-09.log
paging,q8,page_budget,73418.0,0,4289824520,3.9952104166150093,,526182264,35,experiment/fixed_page_runs/allq_5x_7gb_fixed/paging/q8/log_dir/sirius_2026-07-09.log
paging,q8,page_directory,73418.0,,7654291224,7.128614209592342,508,0,5887,experiment/fixed_page_runs/allq_5x_7gb_fixed/paging/q8/log_dir/sirius_2026-07-09.log
paging,q8,page_budget,73575.0,1,4288003000,3.9935139939188957,,528300984,35,experiment/fixed_page_runs/allq_5x_7gb_fixed/paging/q8/log_dir/sirius_2026-07-09.log
paging,q8,page_directory,73575.0,,7654334840,7.128654830157757,508,0,5922,experiment/fixed_page_runs/allq_5x_7gb_fixed/paging/q8/log_dir/sirius_2026-07-09.log
paging,q8,page_budget,73778.0,0,4289868872,3.9952517226338387,,528294048,35,experiment/fixed_page_runs/allq_5x_7gb_fixed/paging/q8/log_dir/sirius_2026-07-09.log
paging,q8,page_directory,73778.0,,7654379192,7.128696136176586,508,0,5957,experiment/fixed_page_runs/allq_5x_7gb_fixed/paging/q8/log_dir/sirius_2026-07-09.log
paging,q8,page_budget,73937.0,1,4288048128,3.993556022644043,,528290672,35,experiment/fixed_page_runs/allq_5x_7gb_fixed/paging/q8/log_dir/sirius_2026-07-09.log
paging,q8,page_directory,73938.0,,7654424320,7.128738164901733,508,0,5992,experiment/fixed_page_runs/allq_5x_7gb_fixed/paging/q8/log_dir/sirius_2026-07-09.log
paging,q8,page_budget,74097.0,0,4289907336,3.9952875450253487,,528288816,35,experiment/fixed_page_runs/allq_5x_7gb_fixed/paging/q8/log_dir/sirius_2026-07-09.log
paging,q8,page_directory,74097.0,,7654462784,7.128773987293243,508,0,6027,experiment/fixed_page_runs/allq_5x_7gb_fixed/paging/q8/log_dir/sirius_2026-07-09.log
paging,q8,page_budget,74298.0,1,4288091880,3.9935967698693275,,528305208,35,experiment/fixed_page_runs/allq_5x_7gb_fixed/paging/q8/log_dir/sirius_2026-07-09.log
paging,q8,page_directory,74298.0,,7654506536,7.128814734518528,508,0,6062,experiment/fixed_page_runs/allq_5x_7gb_fixed/paging/q8/log_dir/sirius_2026-07-09.log
paging,q8,page_budget,74477.0,0,4289949344,3.995326668024063,,528294032,35,experiment/fixed_page_runs/allq_5x_7gb_fixed/paging/q8/log_dir/sirius_2026-07-09.log
paging,q8,page_directory,74477.0,,7654548544,7.128853857517242,508,0,6097,experiment/fixed_page_runs/allq_5x_7gb_fixed/paging/q8/log_dir/sirius_2026-07-09.log
paging,q8,page_budget,74650.0,1,4287535840,3.9930789172649384,,525930720,35,experiment/fixed_page_runs/allq_5x_7gb_fixed/paging/q8/log_dir/sirius_2026-07-09.log
paging,q8,page_directory,74650.0,,7653992504,7.128336004912853,508,0,6132,experiment/fixed_page_runs/allq_5x_7gb_fixed/paging/q8/log_dir/sirius_2026-07-09.log
paging,q8,page_budget,80102.0,0,4289949840,3.99532712996006,,528116544,35,experiment/fixed_page_runs/allq_5x_7gb_fixed/paging/q8/log_dir/sirius_2026-07-09.log
paging,q8,page_directory,80103.0,,7653993000,7.12833646684885,508,0,6167,experiment/fixed_page_runs/allq_5x_7gb_fixed/paging/q8/log_dir/sirius_2026-07-09.log
paging,q8,page_budget,80128.0,1,4287535208,3.993078328669071,,528146312,35,experiment/fixed_page_runs/allq_5x_7gb_fixed/paging/q8/log_dir/sirius_2026-07-09.log
paging,q8,page_directory,80128.0,,7653992368,7.128335878252983,508,0,6202,experiment/fixed_page_runs/allq_5x_7gb_fixed/paging/q8/log_dir/sirius_2026-07-09.log
paging,q8,page_budget,80390.0,0,4289953480,3.9953305199742317,,528115760,35,experiment/fixed_page_runs/allq_5x_7gb_fixed/paging/q8/log_dir/sirius_2026-07-09.log
paging,q8,page_directory,80390.0,,7653996008,7.128339268267155,508,0,6237,experiment/fixed_page_runs/allq_5x_7gb_fixed/paging/q8/log_dir/sirius_2026-07-09.log
paging,q8,page_budget,80666.0,0,4289952192,3.9953293204307556,,528128168,35,experiment/fixed_page_runs/allq_5x_7gb_fixed/paging/q8/log_dir/sirius_2026-07-09.log
paging,q8,page_directory,80667.0,,7653994720,7.128338068723679,508,0,6272,experiment/fixed_page_runs/allq_5x_7gb_fixed/paging/q8/log_dir/sirius_2026-07-09.log
paging,q8,page_budget,81195.0,0,4289953248,3.9953303039073944,,528125224,35,experiment/fixed_page_runs/allq_5x_7gb_fixed/paging/q8/log_dir/sirius_2026-07-09.log
paging,q8,page_directory,81196.0,,7653995776,7.128339052200317,508,0,6307,experiment/fixed_page_runs/allq_5x_7gb_fixed/paging/q8/log_dir/sirius_2026-07-09.log
paging,q8,page_budget,81213.0,1,4287531480,3.993074856698513,,528114688,35,experiment/fixed_page_runs/allq_5x_7gb_fixed/paging/q8/log_dir/sirius_2026-07-09.log
paging,q8,page_directory,81213.0,,7653992048,7.128335580229759,508,0,6342,experiment/fixed_page_runs/allq_5x_7gb_fixed/paging/q8/log_dir/sirius_2026-07-09.log
paging,q8,page_budget,81551.0,1,4287533064,3.993076331913471,,528103856,35,experiment/fixed_page_runs/allq_5x_7gb_fixed/paging/q8/log_dir/sirius_2026-07-09.log
paging,q8,page_directory,81552.0,,7653993632,7.128337055444717,508,0,6377,experiment/fixed_page_runs/allq_5x_7gb_fixed/paging/q8/log_dir/sirius_2026-07-09.log
paging,q8,page_budget,81570.0,0,4289950112,3.9953273832798004,,528107856,35,experiment/fixed_page_runs/allq_5x_7gb_fixed/paging/q8/log_dir/sirius_2026-07-09.log
paging,q8,page_directory,81570.0,,7653990496,7.128334134817123,508,0,6412,experiment/fixed_page_runs/allq_5x_7gb_fixed/paging/q8/log_dir/sirius_2026-07-09.log
paging,q8,page_budget,81926.0,1,4287533400,3.9930766448378563,,528119184,35,experiment/fixed_page_runs/allq_5x_7gb_fixed/paging/q8/log_dir/sirius_2026-07-09.log
paging,q8,page_directory,81927.0,,7653990832,7.1283344477415085,508,0,6447,experiment/fixed_page_runs/allq_5x_7gb_fixed/paging/q8/log_dir/sirius_2026-07-09.log
paging,q8,page_budget,81944.0,0,4289952216,3.9953293427824974,,528117536,35,experiment/fixed_page_runs/allq_5x_7gb_fixed/paging/q8/log_dir/sirius_2026-07-09.log
paging,q8,page_directory,81944.0,,7653992936,7.1283364072442055,508,0,6482,experiment/fixed_page_runs/allq_5x_7gb_fixed/paging/q8/log_dir/sirius_2026-07-09.log
paging,q8,page_budget,82298.0,0,4289951784,3.995328940451145,,528117072,35,experiment/fixed_page_runs/allq_5x_7gb_fixed/paging/q8/log_dir/sirius_2026-07-09.log
paging,q8,page_directory,82298.0,,7653992504,7.128336004912853,508,0,6517,experiment/fixed_page_runs/allq_5x_7gb_fixed/paging/q8/log_dir/sirius_2026-07-09.log
paging,q8,page_budget,82320.0,1,4287532200,3.9930755272507668,,528127720,35,experiment/fixed_page_runs/allq_5x_7gb_fixed/paging/q8/log_dir/sirius_2026-07-09.log
paging,q8,page_directory,82320.0,,7653991304,7.128334887325764,508,0,6552,experiment/fixed_page_runs/allq_5x_7gb_fixed/paging/q8/log_dir/sirius_2026-07-09.log
paging,q8,page_budget,82667.0,0,4289956344,3.9953331872820854,,528130400,35,experiment/fixed_page_runs/allq_5x_7gb_fixed/paging/q8/log_dir/sirius_2026-07-09.log
paging,q8,page_directory,82667.0,,7653995864,7.128339134156704,508,0,6587,experiment/fixed_page_runs/allq_5x_7gb_fixed/paging/q8/log_dir/sirius_2026-07-09.log
paging,q8,page_budget,82687.0,1,4287527960,3.9930715784430504,,528114400,35,experiment/fixed_page_runs/allq_5x_7gb_fixed/paging/q8/log_dir/sirius_2026-07-09.log
paging,q8,page_directory,82687.0,,7653991624,7.128335185348988,508,0,6622,experiment/fixed_page_runs/allq_5x_7gb_fixed/paging/q8/log_dir/sirius_2026-07-09.log
paging,q8,page_budget,83033.0,0,4289958144,3.9953348636627197,,528124200,35,experiment/fixed_page_runs/allq_5x_7gb_fixed/paging/q8/log_dir/sirius_2026-07-09.log
paging,q8,page_directory,83033.0,,7653993424,7.128336861729622,508,0,6657,experiment/fixed_page_runs/allq_5x_7gb_fixed/paging/q8/log_dir/sirius_2026-07-09.log
paging,q8,page_budget,83053.0,1,4287526040,3.993069790303707,,528132120,35,experiment/fixed_page_runs/allq_5x_7gb_fixed/paging/q8/log_dir/sirius_2026-07-09.log
paging,q8,page_directory,83053.0,,7653991504,7.128335073590279,508,0,6692,experiment/fixed_page_runs/allq_5x_7gb_fixed/paging/q8/log_dir/sirius_2026-07-09.log
paging,q8,page_budget,83384.0,0,4289954576,3.9953315407037735,,528118128,35,experiment/fixed_page_runs/allq_5x_7gb_fixed/paging/q8/log_dir/sirius_2026-07-09.log
paging,q8,page_directory,83384.0,,7653987936,7.128331750631332,508,0,6727,experiment/fixed_page_runs/allq_5x_7gb_fixed/paging/q8/log_dir/sirius_2026-07-09.log
paging,q8,page_budget,83399.0,1,4287531336,3.9930747225880623,,528149584,35,experiment/fixed_page_runs/allq_5x_7gb_fixed/paging/q8/log_dir/sirius_2026-07-09.log
paging,q8,page_directory,83399.0,,7653993232,7.128336682915688,508,0,6762,experiment/fixed_page_runs/allq_5x_7gb_fixed/paging/q8/log_dir/sirius_2026-07-09.log
paging,q8,page_budget,83747.0,0,4290435232,3.995779186487198,,527620544,35,experiment/fixed_page_runs/allq_5x_7gb_fixed/paging/q8/log_dir/sirius_2026-07-09.log
paging,q8,page_directory,83747.0,,7654473888,7.128784328699112,508,0,6797,experiment/fixed_page_runs/allq_5x_7gb_fixed/paging/q8/log_dir/sirius_2026-07-09.log
paging,q8,page_budget,83763.0,1,4287538664,3.993081547319889,,528141512,35,experiment/fixed_page_runs/allq_5x_7gb_fixed/paging/q8/log_dir/sirius_2026-07-09.log
paging,q8,page_directory,83763.0,,7654481216,7.128791153430939,508,0,6832,experiment/fixed_page_runs/allq_5x_7gb_fixed/paging/q8/log_dir/sirius_2026-07-09.log
paging,q8,page_budget,84112.0,1,4289896344,3.9952773079276085,,525771920,35,experiment/fixed_page_runs/allq_5x_7gb_fixed/paging/q8/log_dir/sirius_2026-07-09.log
paging,q8,page_directory,84112.0,,7656838896,7.130986914038658,508,0,6867,experiment/fixed_page_runs/allq_5x_7gb_fixed/paging/q8/log_dir/sirius_2026-07-09.log
paging,q8,page_budget,84134.0,0,4290394216,3.9957409873604774,,528174336,35,experiment/fixed_page_runs/allq_5x_7gb_fixed/paging/q8/log_dir/sirius_2026-07-09.log
paging,q8,page_directory,84134.0,,7656797880,7.130948714911938,508,0,6902,experiment/fixed_page_runs/allq_5x_7gb_fixed/paging/q8/log_dir/sirius_2026-07-09.log
paging,q8,page_budget,84477.0,1,4289846928,3.9952312856912613,,528146936,35,experiment/fixed_page_runs/allq_5x_7gb_fixed/paging/q8/log_dir/sirius_2026-07-09.log
paging,q8,page_directory,84477.0,,7656748464,7.1309026926755905,508,0,6937,experiment/fixed_page_runs/allq_5x_7gb_fixed/paging/q8/log_dir/sirius_2026-07-09.log
paging,q8,page_budget,84496.0,0,4290352960,3.995702564716339,,528162256,35,experiment/fixed_page_runs/allq_5x_7gb_fixed/paging/q8/log_dir/sirius_2026-07-09.log
paging,q8,page_directory,84496.0,,7656707208,7.130864270031452,508,0,6972,experiment/fixed_page_runs/allq_5x_7gb_fixed/paging/q8/log_dir/sirius_2026-07-09.log
paging,q8,page_budget,84853.0,0,4290309832,3.995662398636341,,528163528,35,experiment/fixed_page_runs/allq_5x_7gb_fixed/paging/q8/log_dir/sirius_2026-07-09.log
paging,q8,page_directory,84854.0,,7656664080,7.130824103951454,508,0,7007,experiment/fixed_page_runs/allq_5x_7gb_fixed/paging/q8/log_dir/sirius_2026-07-09.log
paging,q8,page_budget,84876.0,1,4289803336,3.9951906874775887,,528161432,35,experiment/fixed_page_runs/allq_5x_7gb_fixed/paging/q8/log_dir/sirius_2026-07-09.log
paging,q8,page_directory,84876.0,,7656620488,7.1307835057377815,508,0,7042,experiment/fixed_page_runs/allq_5x_7gb_fixed/paging/q8/log_dir/sirius_2026-07-09.log
paging,q8,page_budget,85237.0,0,4290308248,3.995660923421383,,528110704,35,experiment/fixed_page_runs/allq_5x_7gb_fixed/paging/q8/log_dir/sirius_2026-07-09.log
paging,q8,page_directory,85237.0,,7656618904,7.130782030522823,508,0,7077,experiment/fixed_page_runs/allq_5x_7gb_fixed/paging/q8/log_dir/sirius_2026-07-09.log
paging,q8,page_budget,85255.0,1,4289760048,3.9951503723859787,,528175808,35,experiment/fixed_page_runs/allq_5x_7gb_fixed/paging/q8/log_dir/sirius_2026-07-09.log
paging,q8,page_directory,85255.0,,7656575616,7.130741715431213,508,0,7112,experiment/fixed_page_runs/allq_5x_7gb_fixed/paging/q8/log_dir/sirius_2026-07-09.log
paging,q8,page_budget,85607.0,1,4290311384,3.995663844048977,,527580024,35,experiment/fixed_page_runs/allq_5x_7gb_fixed/paging/q8/log_dir/sirius_2026-07-09.log
paging,q8,page_directory,85607.0,,7657126952,7.131255187094212,508,0,7147,experiment/fixed_page_runs/allq_5x_7gb_fixed/paging/q8/log_dir/sirius_2026-07-09.log
paging,q8,page_budget,85625.0,0,4290308128,3.995660811662674,,528118920,35,experiment/fixed_page_runs/allq_5x_7gb_fixed/paging/q8/log_dir/sirius_2026-07-09.log
paging,q8,page_directory,85625.0,,7657126832,7.131255075335503,508,0,7182,experiment/fixed_page_runs/allq_5x_7gb_fixed/paging/q8/log_dir/sirius_2026-07-09.log
paging,q8,page_budget,85962.0,0,4290305184,3.9956580698490143,,528115104,35,experiment/fixed_page_runs/allq_5x_7gb_fixed/paging/q8/log_dir/sirius_2026-07-09.log
paging,q8,page_directory,85962.0,,7657123888,7.131252333521843,508,0,7217,experiment/fixed_page_runs/allq_5x_7gb_fixed/paging/q8/log_dir/sirius_2026-07-09.log
paging,q8,page_budget,85990.0,1,4290310208,3.995662748813629,,528140976,35,experiment/fixed_page_runs/allq_5x_7gb_fixed/paging/q8/log_dir/sirius_2026-07-09.log
paging,q8,page_directory,85991.0,,7657122712,7.131251238286495,508,0,7252,experiment/fixed_page_runs/allq_5x_7gb_fixed/paging/q8/log_dir/sirius_2026-07-09.log
paging,q8,page_budget,86341.0,1,4290313696,3.9956659972667694,,528124912,35,experiment/fixed_page_runs/allq_5x_7gb_fixed/paging/q8/log_dir/sirius_2026-07-09.log
paging,q8,page_directory,86342.0,,7657126200,7.1312544867396355,508,0,7287,experiment/fixed_page_runs/allq_5x_7gb_fixed/paging/q8/log_dir/sirius_2026-07-09.log
paging,q8,page_budget,86361.0,0,4290303328,3.995656341314316,,528118856,35,experiment/fixed_page_runs/allq_5x_7gb_fixed/paging/q8/log_dir/sirius_2026-07-09.log
paging,q8,page_directory,86361.0,,7657124344,7.131252758204937,508,0,7322,experiment/fixed_page_runs/allq_5x_7gb_fixed/paging/q8/log_dir/sirius_2026-07-09.log
paging,q8,page_budget,86732.0,1,4290315048,3.9956672564148903,,528110848,35,experiment/fixed_page_runs/allq_5x_7gb_fixed/paging/q8/log_dir/sirius_2026-07-09.log
paging,q8,page_directory,86732.0,,7657125696,7.131254017353058,508,0,7357,experiment/fixed_page_runs/allq_5x_7gb_fixed/paging/q8/log_dir/sirius_2026-07-09.log
paging,q8,page_budget,86751.0,0,4290308864,3.995661497116089,,528126864,35,experiment/fixed_page_runs/allq_5x_7gb_fixed/paging/q8/log_dir/sirius_2026-07-09.log
paging,q8,page_directory,86751.0,,7657131232,7.131259173154831,508,0,7392,experiment/fixed_page_runs/allq_5x_7gb_fixed/paging/q8/log_dir/sirius_2026-07-09.log
paging,q8,page_budget,86992.0,1,4290316616,3.9956687167286873,,528125792,35,experiment/fixed_page_runs/allq_5x_7gb_fixed/paging/q8/log_dir/sirius_2026-07-09.log
paging,q8,page_directory,86993.0,,7657132800,7.131260633468628,508,0,7427,experiment/fixed_page_runs/allq_5x_7gb_fixed/paging/q8/log_dir/sirius_2026-07-09.log
paging,q8,page_budget,87248.0,1,4287959384,3.9934733733534813,,242229312,15,experiment/fixed_page_runs/allq_5x_7gb_fixed/paging/q8/log_dir/sirius_2026-07-09.log
paging,q8,page_directory,87248.0,,7654775568,7.129065290093422,508,0,7442,experiment/fixed_page_runs/allq_5x_7gb_fixed/paging/q8/log_dir/sirius_2026-07-09.log
paging,q9,page_directory,1299.0,,524184096,0.48818448185920715,36,0,0,experiment/fixed_page_runs/allq_5x_7gb_fixed/paging/q9/log_dir/sirius_2026-07-09.log
paging,q9,page_directory,1355.0,,1051526208,0.9793100953102112,72,0,0,experiment/fixed_page_runs/allq_5x_7gb_fixed/paging/q9/log_dir/sirius_2026-07-09.log
paging,q9,page_directory,1658.0,,1578850032,1.4704186767339706,108,0,0,experiment/fixed_page_runs/allq_5x_7gb_fixed/paging/q9/log_dir/sirius_2026-07-09.log
paging,q9,page_directory,1683.0,,2106212112,1.9615628868341446,144,0,0,experiment/fixed_page_runs/allq_5x_7gb_fixed/paging/q9/log_dir/sirius_2026-07-09.log
paging,q9,page_directory,2048.0,,2633564400,2.452697977423668,180,0,0,experiment/fixed_page_runs/allq_5x_7gb_fixed/paging/q9/log_dir/sirius_2026-07-09.log
paging,q9,page_directory,2079.0,,3160928544,2.943844109773636,216,0,0,experiment/fixed_page_runs/allq_5x_7gb_fixed/paging/q9/log_dir/sirius_2026-07-09.log
paging,q9,page_directory,2135.0,,3688304352,3.435001105070114,252,0,0,experiment/fixed_page_runs/allq_5x_7gb_fixed/paging/q9/log_dir/sirius_2026-07-09.log
paging,q9,page_directory,2347.0,,4215635040,3.9261160790920258,288,0,0,experiment/fixed_page_runs/allq_5x_7gb_fixed/paging/q9/log_dir/sirius_2026-07-09.log
paging,q9,page_directory,10123.0,,4741761408,4.4161094427108765,324,0,0,experiment/fixed_page_runs/allq_5x_7gb_fixed/paging/q9/log_dir/sirius_2026-07-09.log
paging,q9,page_directory,10194.0,,5267872704,4.906088769435883,360,0,0,experiment/fixed_page_runs/allq_5x_7gb_fixed/paging/q9/log_dir/sirius_2026-07-09.log
paging,q9,page_directory,10269.0,,5795249952,5.397247105836868,396,0,0,experiment/fixed_page_runs/allq_5x_7gb_fixed/paging/q9/log_dir/sirius_2026-07-09.log
paging,q9,page_directory,10302.0,,6321371040,5.887235552072525,432,0,0,experiment/fixed_page_runs/allq_5x_7gb_fixed/paging/q9/log_dir/sirius_2026-07-09.log
paging,q9,page_directory,10329.0,,6846969648,6.376737400889397,468,0,0,experiment/fixed_page_runs/allq_5x_7gb_fixed/paging/q9/log_dir/sirius_2026-07-09.log
paging,q9,page_directory,10336.0,,7373127648,6.866760224103928,504,0,0,experiment/fixed_page_runs/allq_5x_7gb_fixed/paging/q9/log_dir/sirius_2026-07-09.log
paging,q9,page_directory,10612.0,,7899236928,7.356737673282623,540,0,0,experiment/fixed_page_runs/allq_5x_7gb_fixed/paging/q9/log_dir/sirius_2026-07-09.log
paging,q9,page_directory,10640.0,,8425363104,7.84673085808754,576,0,0,experiment/fixed_page_runs/allq_5x_7gb_fixed/paging/q9/log_dir/sirius_2026-07-09.log
paging,q9,page_budget,10949.0,0,4283454856,3.989278204739094,,456023096,31,experiment/fixed_page_runs/allq_5x_7gb_fixed/paging/q9/log_dir/sirius_2026-07-09.log
paging,q9,page_directory,10949.0,,8495476792,7.912029318511486,581,0,31,experiment/fixed_page_runs/allq_5x_7gb_fixed/paging/q9/log_dir/sirius_2026-07-09.log
paging,q9,page_budget,10967.0,1,4282640488,3.9885197654366493,,455510120,31,experiment/fixed_page_runs/allq_5x_7gb_fixed/paging/q9/log_dir/sirius_2026-07-09.log
paging,q9,page_directory,10967.0,,8566095344,7.977797970175743,586,0,62,experiment/fixed_page_runs/allq_5x_7gb_fixed/paging/q9/log_dir/sirius_2026-07-09.log
paging,q9,page_budget,11280.0,1,4282753768,3.9886252656579018,,526010112,36,experiment/fixed_page_runs/allq_5x_7gb_fixed/paging/q9/log_dir/sirius_2026-07-09.log
paging,q9,page_directory,11281.0,,8566208624,7.9779034703969955,586,0,98,experiment/fixed_page_runs/allq_5x_7gb_fixed/paging/q9/log_dir/sirius_2026-07-09.log
paging,q9,page_budget,11304.0,0,4283334712,3.989166311919689,,526244928,36,experiment/fixed_page_runs/allq_5x_7gb_fixed/paging/q9/log_dir/sirius_2026-07-09.log
paging,q9,page_directory,11304.0,,8566088480,7.977791577577591,586,0,134,experiment/fixed_page_runs/allq_5x_7gb_fixed/paging/q9/log_dir/sirius_2026-07-09.log
paging,q9,page_budget,11606.0,0,4282818016,3.9886851012706757,,526643016,36,experiment/fixed_page_runs/allq_5x_7gb_fixed/paging/q9/log_dir/sirius_2026-07-09.log
paging,q9,page_directory,11606.0,,8565571784,7.977310366928577,586,0,170,experiment/fixed_page_runs/allq_5x_7gb_fixed/paging/q9/log_dir/sirius_2026-07-09.log
paging,q9,page_budget,11626.0,1,4281929032,3.9878571704030037,,526953168,36,experiment/fixed_page_runs/allq_5x_7gb_fixed/paging/q9/log_dir/sirius_2026-07-09.log
paging,q9,page_directory,11626.0,,8564747048,7.976542271673679,586,0,206,experiment/fixed_page_runs/allq_5x_7gb_fixed/paging/q9/log_dir/sirius_2026-07-09.log
paging,q9,page_budget,11948.0,0,4282805088,3.988673061132431,,526128448,36,experiment/fixed_page_runs/allq_5x_7gb_fixed/paging/q9/log_dir/sirius_2026-07-09.log
paging,q9,page_directory,11949.0,,8564734120,7.976530231535435,586,0,242,experiment/fixed_page_runs/allq_5x_7gb_fixed/paging/q9/log_dir/sirius_2026-07-09.log
paging,q9,page_budget,11969.0,1,4281937312,3.9878648817539215,,526127208,36,experiment/fixed_page_runs/allq_5x_7gb_fixed/paging/q9/log_dir/sirius_2026-07-09.log
paging,q9,page_directory,11969.0,,8564742400,7.9765379428863525,586,0,278,experiment/fixed_page_runs/allq_5x_7gb_fixed/paging/q9/log_dir/sirius_2026-07-09.log
paging,q9,page_budget,12288.0,1,4281836760,3.9877712354063988,,526211176,36,experiment/fixed_page_runs/allq_5x_7gb_fixed/paging/q9/log_dir/sirius_2026-07-09.log
paging,q9,page_directory,12288.0,,8564641848,7.97644429653883,586,0,314,experiment/fixed_page_runs/allq_5x_7gb_fixed/paging/q9/log_dir/sirius_2026-07-09.log
paging,q9,page_budget,12316.0,0,4282216280,3.988124690949917,,526739032,36,experiment/fixed_page_runs/allq_5x_7gb_fixed/paging/q9/log_dir/sirius_2026-07-09.log
paging,q9,page_directory,12316.0,,8564053040,7.975895926356316,586,0,350,experiment/fixed_page_runs/allq_5x_7gb_fixed/paging/q9/log_dir/sirius_2026-07-09.log
paging,q9,page_budget,12517.0,1,4281426152,3.987388826906681,,526541056,36,experiment/fixed_page_runs/allq_5x_7gb_fixed/paging/q9/log_dir/sirius_2026-07-09.log
paging,q9,page_directory,12517.0,,8563642432,7.975513517856598,586,0,386,experiment/fixed_page_runs/allq_5x_7gb_fixed/paging/q9/log_dir/sirius_2026-07-09.log
paging,q9,page_budget,12591.0,0,4282108904,3.988024689257145,,526249728,36,experiment/fixed_page_runs/allq_5x_7gb_fixed/paging/q9/log_dir/sirius_2026-07-09.log
paging,q9,page_directory,12591.0,,8563535056,7.975413516163826,586,0,422,experiment/fixed_page_runs/allq_5x_7gb_fixed/paging/q9/log_dir/sirius_2026-07-09.log
paging,q9,page_budget,12755.0,1,4281451680,3.987412601709366,,526139432,36,experiment/fixed_page_runs/allq_5x_7gb_fixed/paging/q9/log_dir/sirius_2026-07-09.log
paging,q9,page_directory,12756.0,,8563560584,7.975437290966511,586,0,458,experiment/fixed_page_runs/allq_5x_7gb_fixed/paging/q9/log_dir/sirius_2026-07-09.log
paging,q9,page_budget,12833.0,0,4282112720,3.9880282431840897,,526126200,36,experiment/fixed_page_runs/allq_5x_7gb_fixed/paging/q9/log_dir/sirius_2026-07-09.log
paging,q9,page_directory,12833.0,,8563564400,7.9754408448934555,586,0,494,experiment/fixed_page_runs/allq_5x_7gb_fixed/paging/q9/log_dir/sirius_2026-07-09.log
paging,q9,page_budget,13017.0,1,4281459848,3.9874202087521553,,526139464,36,experiment/fixed_page_runs/allq_5x_7gb_fixed/paging/q9/log_dir/sirius_2026-07-09.log
paging,q9,page_directory,13017.0,,8563572568,7.975448451936245,586,0,530,experiment/fixed_page_runs/allq_5x_7gb_fixed/paging/q9/log_dir/sirius_2026-07-09.log
paging,q9,page_budget,13094.0,0,4282114896,3.988030269742012,,526135616,36,experiment/fixed_page_runs/allq_5x_7gb_fixed/paging/q9/log_dir/sirius_2026-07-09.log
paging,q9,page_directory,13094.0,,8563574744,7.975450478494167,586,0,566,experiment/fixed_page_runs/allq_5x_7gb_fixed/paging/q9/log_dir/sirius_2026-07-09.log
paging,q9,page_budget,13355.0,1,4281578048,3.987530291080475,,526016136,36,experiment/fixed_page_runs/allq_5x_7gb_fixed/paging/q9/log_dir/sirius_2026-07-09.log
paging,q9,page_directory,13355.0,,8563692944,7.975560560822487,586,0,602,experiment/fixed_page_runs/allq_5x_7gb_fixed/paging/q9/log_dir/sirius_2026-07-09.log
paging,q9,page_budget,13374.0,0,4281714728,3.9876575842499733,,526534408,36,experiment/fixed_page_runs/allq_5x_7gb_fixed/paging/q9/log_dir/sirius_2026-07-09.log
paging,q9,page_directory,13374.0,,8563292776,7.975187875330448,586,0,638,experiment/fixed_page_runs/allq_5x_7gb_fixed/paging/q9/log_dir/sirius_2026-07-09.log
paging,q9,page_budget,13691.0,0,4281297064,3.987268604338169,,526518784,36,experiment/fixed_page_runs/allq_5x_7gb_fixed/paging/q9/log_dir/sirius_2026-07-09.log
paging,q9,page_directory,13691.0,,8562875112,7.974798895418644,586,0,674,experiment/fixed_page_runs/allq_5x_7gb_fixed/paging/q9/log_dir/sirius_2026-07-09.log
paging,q9,page_budget,13706.0,1,4281154120,3.9871354773640633,,526526488,36,experiment/fixed_page_runs/allq_5x_7gb_fixed/paging/q9/log_dir/sirius_2026-07-09.log
paging,q9,page_directory,13706.0,,8562451184,7.974404081702232,586,0,710,experiment/fixed_page_runs/allq_5x_7gb_fixed/paging/q9/log_dir/sirius_2026-07-09.log
paging,q9,page_budget,14021.0,1,4280950440,3.9869457855820656,,526337824,36,experiment/fixed_page_runs/allq_5x_7gb_fixed/paging/q9/log_dir/sirius_2026-07-09.log
paging,q9,page_directory,14021.0,,8562247504,7.974214389920235,586,0,746,experiment/fixed_page_runs/allq_5x_7gb_fixed/paging/q9/log_dir/sirius_2026-07-09.log
paging,q9,page_budget,14043.0,0,4281385048,3.987350545823574,,526043280,36,experiment/fixed_page_runs/allq_5x_7gb_fixed/paging/q9/log_dir/sirius_2026-07-09.log
paging,q9,page_directory,14043.0,,8562335488,7.97429633140564,586,0,782,experiment/fixed_page_runs/allq_5x_7gb_fixed/paging/q9/log_dir/sirius_2026-07-09.log
paging,q9,page_budget,14354.0,0,4281395128,3.987359933555126,,526139376,36,experiment/fixed_page_runs/allq_5x_7gb_fixed/paging/q9/log_dir/sirius_2026-07-09.log
paging,q9,page_directory,14354.0,,8562345568,7.974305719137192,586,0,818,experiment/fixed_page_runs/allq_5x_7gb_fixed/paging/q9/log_dir/sirius_2026-07-09.log
paging,q9,page_budget,14372.0,1,4280939672,3.986935757100582,,526116064,36,experiment/fixed_page_runs/allq_5x_7gb_fixed/paging/q9/log_dir/sirius_2026-07-09.log
paging,q9,page_directory,14372.0,,8562334800,7.974295690655708,586,0,854,experiment/fixed_page_runs/allq_5x_7gb_fixed/paging/q9/log_dir/sirius_2026-07-09.log
paging,q9,page_budget,14688.0,1,4280947152,3.9869427233934402,,526133000,36,experiment/fixed_page_runs/allq_5x_7gb_fixed/paging/q9/log_dir/sirius_2026-07-09.log
paging,q9,page_directory,14688.0,,8562342280,7.974302656948566,586,0,890,experiment/fixed_page_runs/allq_5x_7gb_fixed/paging/q9/log_dir/sirius_2026-07-09.log
paging,q9,page_budget,14711.0,0,4281395648,3.987360417842865,,526136552,36,experiment/fixed_page_runs/allq_5x_7gb_fixed/paging/q9/log_dir/sirius_2026-07-09.log
paging,q9,page_directory,14711.0,,8562342800,7.974303141236305,586,0,926,experiment/fixed_page_runs/allq_5x_7gb_fixed/paging/q9/log_dir/sirius_2026-07-09.log
paging,q9,page_budget,15009.0,0,4281389736,3.987354911863804,,526128104,36,experiment/fixed_page_runs/allq_5x_7gb_fixed/paging/q9/log_dir/sirius_2026-07-09.log
paging,q9,page_directory,15010.0,,8562336888,7.974297635257244,586,0,962,experiment/fixed_page_runs/allq_5x_7gb_fixed/paging/q9/log_dir/sirius_2026-07-09.log
paging,q9,page_budget,15034.0,1,4280938488,3.986934654414654,,526140312,36,experiment/fixed_page_runs/allq_5x_7gb_fixed/paging/q9/log_dir/sirius_2026-07-09.log
paging,q9,page_directory,15034.0,,8562328224,7.974289566278458,586,0,998,experiment/fixed_page_runs/allq_5x_7gb_fixed/paging/q9/log_dir/sirius_2026-07-09.log
paging,q9,page_budget,15362.0,0,4281389664,3.9873548448085785,,526127208,36,experiment/fixed_page_runs/allq_5x_7gb_fixed/paging/q9/log_dir/sirius_2026-07-09.log
paging,q9,page_directory,15362.0,,8562328152,7.974289499223232,586,0,1034,experiment/fixed_page_runs/allq_5x_7gb_fixed/paging/q9/log_dir/sirius_2026-07-09.log
paging,q9,page_budget,15384.0,1,4280949544,3.9869449511170387,,526125056,36,experiment/fixed_page_runs/allq_5x_7gb_fixed/paging/q9/log_dir/sirius_2026-07-09.log
paging,q9,page_directory,15384.0,,8562339208,7.974299795925617,586,0,1070,experiment/fixed_page_runs/allq_5x_7gb_fixed/paging/q9/log_dir/sirius_2026-07-09.log
paging,q9,page_budget,15698.0,0,4281388112,3.9873533993959427,,526127248,36,experiment/fixed_page_runs/allq_5x_7gb_fixed/paging/q9/log_dir/sirius_2026-07-09.log
paging,q9,page_directory,15698.0,,8562337656,7.974298350512981,586,0,1106,experiment/fixed_page_runs/allq_5x_7gb_fixed/paging/q9/log_dir/sirius_2026-07-09.log
paging,q9,page_budget,15716.0,1,4280947208,3.9869427755475044,,526133744,36,experiment/fixed_page_runs/allq_5x_7gb_fixed/paging/q9/log_dir/sirius_2026-07-09.log
paging,q9,page_directory,15716.0,,8562335320,7.974296174943447,586,0,1142,experiment/fixed_page_runs/allq_5x_7gb_fixed/paging/q9/log_dir/sirius_2026-07-09.log
paging,q9,page_budget,16013.0,1,4281268320,3.9872418344020844,,525799976,36,experiment/fixed_page_runs/allq_5x_7gb_fixed/paging/q9/log_dir/sirius_2026-07-09.log
paging,q9,page_directory,16014.0,,8562656432,7.974595233798027,586,0,1178,experiment/fixed_page_runs/allq_5x_7gb_fixed/paging/q9/log_dir/sirius_2026-07-09.log
paging,q9,page_budget,16034.0,0,4281186080,3.987165242433548,,526329840,36,experiment/fixed_page_runs/allq_5x_7gb_fixed/paging/q9/log_dir/sirius_2026-07-09.log
paging,q9,page_directory,16034.0,,8562454400,7.974407076835632,586,0,1214,experiment/fixed_page_runs/allq_5x_7gb_fixed/paging/q9/log_dir/sirius_2026-07-09.log
paging,q9,page_budget,16337.0,0,4280782776,3.9867896363139153,,526531448,36,experiment/fixed_page_runs/allq_5x_7gb_fixed/paging/q9/log_dir/sirius_2026-07-09.log
paging,q9,page_directory,16337.0,,8562051096,7.974031470716,586,0,1250,experiment/fixed_page_runs/allq_5x_7gb_fixed/paging/q9/log_dir/sirius_2026-07-09.log
paging,q9,page_budget,16357.0,1,4280851912,3.986854024231434,,526530296,36,experiment/fixed_page_runs/allq_5x_7gb_fixed/paging/q9/log_dir/sirius_2026-07-09.log
paging,q9,page_directory,16357.0,,8561634688,7.973643660545349,586,0,1286,experiment/fixed_page_runs/allq_5x_7gb_fixed/paging/q9/log_dir/sirius_2026-07-09.log
paging,q9,page_budget,16686.0,0,4280586632,3.98660696297884,,526336240,36,experiment/fixed_page_runs/allq_5x_7gb_fixed/paging/q9/log_dir/sirius_2026-07-09.log
paging,q9,page_directory,16686.0,,8561438544,7.973460987210274,586,0,1322,experiment/fixed_page_runs/allq_5x_7gb_fixed/paging/q9/log_dir/sirius_2026-07-09.log
paging,q9,page_budget,16714.0,1,4280651256,3.986667148768902,,526342240,36,experiment/fixed_page_runs/allq_5x_7gb_fixed/paging/q9/log_dir/sirius_2026-07-09.log
paging,q9,page_directory,16714.0,,8561237888,7.973274111747742,586,0,1358,experiment/fixed_page_runs/allq_5x_7gb_fixed/paging/q9/log_dir/sirius_2026-07-09.log
paging,q9,page_budget,16939.0,1,4287035944,3.9926133528351784,,377121296,24,experiment/fixed_page_runs/allq_5x_7gb_fixed/paging/q9/log_dir/sirius_2026-07-09.log
paging,q9,page_directory,16939.0,,8567622576,7.979220315814018,586,0,1382,experiment/fixed_page_runs/allq_5x_7gb_fixed/paging/q9/log_dir/sirius_2026-07-09.log
paging,q9,page_directory,17062.0,,524725848,0.48868902772665024,32,0,0,experiment/fixed_page_runs/allq_5x_7gb_fixed/paging/q9/log_dir/sirius_2026-07-09.log
paging,q9,page_budget,17215.0,1,4286236312,3.9918686375021935,,526127208,36,experiment/fixed_page_runs/allq_5x_7gb_fixed/paging/q9/log_dir/sirius_2026-07-09.log
paging,q9,page_budget,17216.0,0,4279270184,3.9853809252381325,,526042296,36,experiment/fixed_page_runs/allq_5x_7gb_fixed/paging/q9/log_dir/sirius_2026-07-09.log
paging,q9,page_directory,17216.0,,1050053424,0.9779384583234787,64,0,0,experiment/fixed_page_runs/allq_5x_7gb_fixed/paging/q9/log_dir/sirius_2026-07-09.log
paging,q9,page_budget,17336.0,0,4278773660,3.984918501228094,,225709272,15,experiment/fixed_page_runs/allq_5x_7gb_fixed/paging/q9/log_dir/sirius_2026-07-09.log
paging,q9,page_directory,17336.0,,1275266172,1.1876841746270657,78,0,0,experiment/fixed_page_runs/allq_5x_7gb_fixed/paging/q9/log_dir/sirius_2026-07-09.log
paging,q9,page_budget,17544.0,1,4284838380,3.990566711872816,,526131760,36,experiment/fixed_page_runs/allq_5x_7gb_fixed/paging/q9/log_dir/sirius_2026-07-09.log
paging,q9,page_directory,17544.0,,1800000000,1.6763806343078613,110,0,0,experiment/fixed_page_runs/allq_5x_7gb_fixed/paging/q9/log_dir/sirius_2026-07-09.log
paging,q9,page_directory,18212.0,,12000000,0.011175870895385742,2,0,0,experiment/fixed_page_runs/allq_5x_7gb_fixed/paging/q9/log_dir/sirius_2026-07-09.log
paging,q9,page_directory,18426.0,,526878024,0.4906933978199959,33,0,0,experiment/fixed_page_runs/allq_5x_7gb_fixed/paging/q9/log_dir/sirius_2026-07-09.log
paging,q9,page_budget,18434.0,1,4285271236,3.990969840437174,,526344320,35,experiment/fixed_page_runs/allq_5x_7gb_fixed/paging/q9/log_dir/sirius_2026-07-09.log
paging,q9,page_budget,18434.0,0,4291268276,3.996555019170046,,526383408,35,experiment/fixed_page_runs/allq_5x_7gb_fixed/paging/q9/log_dir/sirius_2026-07-09.log
paging,q9,page_directory,18434.0,,702436800,0.654195249080658,44,0,22,experiment/fixed_page_runs/allq_5x_7gb_fixed/paging/q9/log_dir/sirius_2026-07-09.log
paging,q9,page_budget,18623.0,0,4288362812,3.9938490949571133,,342811080,23,experiment/fixed_page_runs/allq_5x_7gb_fixed/paging/q9/log_dir/sirius_2026-07-09.log
paging,q9,page_directory,18623.0,,929040544,0.8652364313602448,58,0,29,experiment/fixed_page_runs/allq_5x_7gb_fixed/paging/q9/log_dir/sirius_2026-07-09.log
paging,q9,page_budget,18629.0,1,4285480276,3.9911645241081715,,526230144,35,experiment/fixed_page_runs/allq_5x_7gb_fixed/paging/q9/log_dir/sirius_2026-07-09.log
paging,q9,page_directory,18630.0,,1280000000,1.1920928955078125,80,0,40,experiment/fixed_page_runs/allq_5x_7gb_fixed/paging/q9/log_dir/sirius_2026-07-09.log
paging,q9,page_budget,20866.0,0,4287714300,3.9932451210916042,,524832608,36,experiment/fixed_page_runs/allq_5x_7gb_fixed/paging/q9/log_dir/sirius_2026-07-09.log
paging,q9,page_directory,20866.0,,5481194576,5.104760244488716,375,0,1629,experiment/fixed_page_runs/allq_5x_7gb_fixed/paging/q9/log_dir/sirius_2026-07-09.log
paging,q9,page_budget,20945.0,1,4292875836,3.9980521760880947,,519946552,35,experiment/fixed_page_runs/allq_5x_7gb_fixed/paging/q9/log_dir/sirius_2026-07-09.log
paging,q9,page_directory,20945.0,,5488590136,5.111647896468639,376,0,1664,experiment/fixed_page_runs/allq_5x_7gb_fixed/paging/q9/log_dir/sirius_2026-07-09.log
paging,q9,page_budget,21152.0,0,4288126188,3.9936287216842175,,526950192,36,experiment/fixed_page_runs/allq_5x_7gb_fixed/paging/q9/log_dir/sirius_2026-07-09.log
paging,q9,page_directory,21152.0,,5489002024,5.112031497061253,376,0,1700,experiment/fixed_page_runs/allq_5x_7gb_fixed/paging/q9/log_dir/sirius_2026-07-09.log
paging,q9,page_budget,21228.0,1,4292872788,3.9980493374168873,,527326872,36,experiment/fixed_page_runs/allq_5x_7gb_fixed/paging/q9/log_dir/sirius_2026-07-09.log
paging,q9,page_directory,21228.0,,5488998976,5.112028658390045,376,0,1736,experiment/fixed_page_runs/allq_5x_7gb_fixed/paging/q9/log_dir/sirius_2026-07-09.log
paging,q9,page_budget,21432.0,0,4288538244,3.994012478739023,,526952088,36,experiment/fixed_page_runs/allq_5x_7gb_fixed/paging/q9/log_dir/sirius_2026-07-09.log
paging,q9,page_directory,21432.0,,5489411032,5.112412415444851,376,0,1772,experiment/fixed_page_runs/allq_5x_7gb_fixed/paging/q9/log_dir/sirius_2026-07-09.log
paging,q9,page_budget,21544.0,1,4293400820,3.9985411055386066,,526824256,36,experiment/fixed_page_runs/allq_5x_7gb_fixed/paging/q9/log_dir/sirius_2026-07-09.log
paging,q9,page_directory,21544.0,,5489939064,5.11290418356657,376,0,1808,experiment/fixed_page_runs/allq_5x_7gb_fixed/paging/q9/log_dir/sirius_2026-07-09.log
paging,q9,page_budget,21712.0,0,4289276148,3.9946997053921223,,526637904,36,experiment/fixed_page_runs/allq_5x_7gb_fixed/paging/q9/log_dir/sirius_2026-07-09.log
paging,q9,page_directory,21712.0,,5490676968,5.113591410219669,376,0,1844,experiment/fixed_page_runs/allq_5x_7gb_fixed/paging/q9/log_dir/sirius_2026-07-09.log
paging,q9,page_budget,21891.0,1,4293395588,3.9985362328588963,,527335920,36,experiment/fixed_page_runs/allq_5x_7gb_fixed/paging/q9/log_dir/sirius_2026-07-09.log
paging,q9,page_directory,21891.0,,5490671736,5.113586537539959,376,0,1880,experiment/fixed_page_runs/allq_5x_7gb_fixed/paging/q9/log_dir/sirius_2026-07-09.log
paging,q9,page_budget,29448.0,0,4289280860,3.994704093784094,,527372536,36,experiment/fixed_page_runs/allq_5x_7gb_fixed/paging/q9/log_dir/sirius_2026-07-09.log
paging,q9,page_directory,29448.0,,5490676448,5.1135909259319305,376,0,1916,experiment/fixed_page_runs/allq_5x_7gb_fixed/paging/q9/log_dir/sirius_2026-07-09.log
paging,q9,page_budget,29466.0,1,4293101332,3.99826218560338,,525892864,36,experiment/fixed_page_runs/allq_5x_7gb_fixed/paging/q9/log_dir/sirius_2026-07-09.log
paging,q9,page_directory,29466.0,,5490382192,5.1133168786764145,376,0,1952,experiment/fixed_page_runs/allq_5x_7gb_fixed/paging/q9/log_dir/sirius_2026-07-09.log
paging,q9,page_budget,29786.0,0,4288859116,3.9943113140761852,,526533040,36,experiment/fixed_page_runs/allq_5x_7gb_fixed/paging/q9/log_dir/sirius_2026-07-09.log
paging,q9,page_directory,29786.0,,5489960448,5.112924098968506,376,0,1988,experiment/fixed_page_runs/allq_5x_7gb_fixed/paging/q9/log_dir/sirius_2026-07-09.log
paging,q9,page_budget,29810.0,1,4292898364,3.9980731569230556,,526360968,36,experiment/fixed_page_runs/allq_5x_7gb_fixed/paging/q9/log_dir/sirius_2026-07-09.log
paging,q9,page_directory,29810.0,,5489757480,5.112735070288181,376,0,2024,experiment/fixed_page_runs/allq_5x_7gb_fixed/paging/q9/log_dir/sirius_2026-07-09.log
paging,q9,page_budget,30126.0,1,4292900876,3.998075496405363,,526123856,36,experiment/fixed_page_runs/allq_5x_7gb_fixed/paging/q9/log_dir/sirius_2026-07-09.log
paging,q9,page_directory,30126.0,,5489759992,5.112737409770489,376,0,2060,experiment/fixed_page_runs/allq_5x_7gb_fixed/paging/q9/log_dir/sirius_2026-07-09.log
paging,q9,page_budget,30149.0,0,4288860748,3.994312833994627,,526119456,36,experiment/fixed_page_runs/allq_5x_7gb_fixed/paging/q9/log_dir/sirius_2026-07-09.log
paging,q9,page_directory,30149.0,,5489761624,5.1127389296889305,376,0,2096,experiment/fixed_page_runs/allq_5x_7gb_fixed/paging/q9/log_dir/sirius_2026-07-09.log
paging,q9,page_budget,30475.0,1,4292689548,3.9978786818683147,,526320608,36,experiment/fixed_page_runs/allq_5x_7gb_fixed/paging/q9/log_dir/sirius_2026-07-09.log
paging,q9,page_directory,30475.0,,5489550296,5.112542115151882,376,0,2132,experiment/fixed_page_runs/allq_5x_7gb_fixed/paging/q9/log_dir/sirius_2026-07-09.log
paging,q9,page_budget,30495.0,0,4288658092,3.9941240958869457,,526328832,36,experiment/fixed_page_runs/allq_5x_7gb_fixed/paging/q9/log_dir/sirius_2026-07-09.log
paging,q9,page_directory,30496.0,,5489347640,5.112353377044201,376,0,2168,experiment/fixed_page_runs/allq_5x_7gb_fixed/paging/q9/log_dir/sirius_2026-07-09.log
paging,q9,page_budget,30809.0,1,4292692164,3.99788111820817,,526134168,36,experiment/fixed_page_runs/allq_5x_7gb_fixed/paging/q9/log_dir/sirius_2026-07-09.log
paging,q9,page_directory,30809.0,,5489350256,5.112355813384056,376,0,2204,experiment/fixed_page_runs/allq_5x_7gb_fixed/paging/q9/log_dir/sirius_2026-07-09.log
paging,q9,page_budget,30827.0,0,4288458900,3.993938583880663,,526327864,36,experiment/fixed_page_runs/allq_5x_7gb_fixed/paging/q9/log_dir/sirius_2026-07-09.log
paging,q9,page_directory,30827.0,,5489151064,5.112170301377773,376,0,2240,experiment/fixed_page_runs/allq_5x_7gb_fixed/paging/q9/log_dir/sirius_2026-07-09.log
paging,q9,page_budget,31138.0,0,4288254084,3.9937478341162205,,526328208,36,experiment/fixed_page_runs/allq_5x_7gb_fixed/paging/q9/log_dir/sirius_2026-07-09.log
paging,q9,page_directory,31138.0,,5488946248,5.111979551613331,376,0,2276,experiment/fixed_page_runs/allq_5x_7gb_fixed/paging/q9/log_dir/sirius_2026-07-09.log
paging,q9,page_budget,31162.0,1,4292691932,3.9978809021413326,,526125016,36,experiment/fixed_page_runs/allq_5x_7gb_fixed/paging/q9/log_dir/sirius_2026-07-09.log
paging,q9,page_directory,31162.0,,5488946016,5.1119793355464935,376,0,2312,experiment/fixed_page_runs/allq_5x_7gb_fixed/paging/q9/log_dir/sirius_2026-07-09.log
paging,q9,page_budget,31473.0,0,4288053708,3.9935612194240093,,526328808,36,experiment/fixed_page_runs/allq_5x_7gb_fixed/paging/q9/log_dir/sirius_2026-07-09.log
paging,q9,page_directory,31473.0,,5488745640,5.111792720854282,376,0,2348,experiment/fixed_page_runs/allq_5x_7gb_fixed/paging/q9/log_dir/sirius_2026-07-09.log
paging,q9,page_budget,31493.0,1,4292691540,3.9978805370628834,,526126712,36,experiment/fixed_page_runs/allq_5x_7gb_fixed/paging/q9/log_dir/sirius_2026-07-09.log
paging,q9,page_directory,31493.0,,5488745248,5.111792355775833,376,0,2384,experiment/fixed_page_runs/allq_5x_7gb_fixed/paging/q9/log_dir/sirius_2026-07-09.log
paging,q9,page_budget,31837.0,0,4288055228,3.9935626350343227,,526133968,36,experiment/fixed_page_runs/allq_5x_7gb_fixed/paging/q9/log_dir/sirius_2026-07-09.log
paging,q9,page_directory,31838.0,,5488746768,5.1117937713861465,376,0,2420,experiment/fixed_page_runs/allq_5x_7gb_fixed/paging/q9/log_dir/sirius_2026-07-09.log
paging,q9,page_budget,31859.0,1,4292690228,3.9978793151676655,,526116832,36,experiment/fixed_page_runs/allq_5x_7gb_fixed/paging/q9/log_dir/sirius_2026-07-09.log
paging,q9,page_directory,31859.0,,5488745456,5.111792549490929,376,0,2456,experiment/fixed_page_runs/allq_5x_7gb_fixed/paging/q9/log_dir/sirius_2026-07-09.log
paging,q9,page_budget,32189.0,0,4288140564,3.99364211037755,,526025288,36,experiment/fixed_page_runs/allq_5x_7gb_fixed/paging/q9/log_dir/sirius_2026-07-09.log
paging,q9,page_directory,32189.0,,5488830792,5.111872024834156,376,0,2492,experiment/fixed_page_runs/allq_5x_7gb_fixed/paging/q9/log_dir/sirius_2026-07-09.log
paging,q9,page_budget,32212.0,1,4292693860,3.9978826977312565,,526146592,36,experiment/fixed_page_runs/allq_5x_7gb_fixed/paging/q9/log_dir/sirius_2026-07-09.log
paging,q9,page_directory,32212.0,,5488834424,5.111875407397747,376,0,2528,experiment/fixed_page_runs/allq_5x_7gb_fixed/paging/q9/log_dir/sirius_2026-07-09.log
paging,q9,page_budget,32511.0,1,4292695004,3.997883763164282,,526141208,36,experiment/fixed_page_runs/allq_5x_7gb_fixed/paging/q9/log_dir/sirius_2026-07-09.log
paging,q9,page_directory,32511.0,,5488835568,5.111876472830772,376,0,2564,experiment/fixed_page_runs/allq_5x_7gb_fixed/paging/q9/log_dir/sirius_2026-07-09.log
paging,q9,page_budget,32530.0,0,4288135972,3.9936378337442875,,526135040,36,experiment/fixed_page_runs/allq_5x_7gb_fixed/paging/q9/log_dir/sirius_2026-07-09.log
paging,q9,page_directory,32530.0,,5488830976,5.11187219619751,376,0,2600,experiment/fixed_page_runs/allq_5x_7gb_fixed/paging/q9/log_dir/sirius_2026-07-09.log
paging,q9,page_budget,32837.0,1,4292698236,3.997886773198843,,526126784,36,experiment/fixed_page_runs/allq_5x_7gb_fixed/paging/q9/log_dir/sirius_2026-07-09.log
paging,q9,page_directory,32837.0,,5488834208,5.111875206232071,376,0,2636,experiment/fixed_page_runs/allq_5x_7gb_fixed/paging/q9/log_dir/sirius_2026-07-09.log
paging,q9,page_budget,32858.0,0,4288145252,3.99364647641778,,526155680,36,experiment/fixed_page_runs/allq_5x_7gb_fixed/paging/q9/log_dir/sirius_2026-07-09.log
paging,q9,page_directory,32858.0,,5488843488,5.111883848905563,376,0,2672,experiment/fixed_page_runs/allq_5x_7gb_fixed/paging/q9/log_dir/sirius_2026-07-09.log
paging,q9,page_budget,33173.0,1,4292699460,3.9978879131376743,,526136568,36,experiment/fixed_page_runs/allq_5x_7gb_fixed/paging/q9/log_dir/sirius_2026-07-09.log
paging,q9,page_directory,33174.0,,5488844712,5.111884988844395,376,0,2708,experiment/fixed_page_runs/allq_5x_7gb_fixed/paging/q9/log_dir/sirius_2026-07-09.log
paging,q9,page_budget,33199.0,0,4288147060,3.993648160248995,,526145824,36,experiment/fixed_page_runs/allq_5x_7gb_fixed/paging/q9/log_dir/sirius_2026-07-09.log
paging,q9,page_directory,33199.0,,5488846520,5.11188667267561,376,0,2744,experiment/fixed_page_runs/allq_5x_7gb_fixed/paging/q9/log_dir/sirius_2026-07-09.log
paging,q9,page_budget,33537.0,0,4288148652,3.9936496429145336,,526132744,36,experiment/fixed_page_runs/allq_5x_7gb_fixed/paging/q9/log_dir/sirius_2026-07-09.log
paging,q9,page_directory,33537.0,,5488848112,5.111888155341148,376,0,2780,experiment/fixed_page_runs/allq_5x_7gb_fixed/paging/q9/log_dir/sirius_2026-07-09.log
paging,q9,page_budget,33557.0,1,4292694340,3.9978831447660923,,526139360,36,experiment/fixed_page_runs/allq_5x_7gb_fixed/paging/q9/log_dir/sirius_2026-07-09.log
paging,q9,page_directory,33558.0,,5488842992,5.111883386969566,376,0,2816,experiment/fixed_page_runs/allq_5x_7gb_fixed/paging/q9/log_dir/sirius_2026-07-09.log
paging,q9,page_budget,33867.0,0,4288144692,3.993645954877138,,526106520,36,experiment/fixed_page_runs/allq_5x_7gb_fixed/paging/q9/log_dir/sirius_2026-07-09.log
paging,q9,page_directory,33867.0,,5488839032,5.111879698932171,376,0,2852,experiment/fixed_page_runs/allq_5x_7gb_fixed/paging/q9/log_dir/sirius_2026-07-09.log
paging,q9,page_budget,33890.0,1,4292686588,3.997875925153494,,526108872,36,experiment/fixed_page_runs/allq_5x_7gb_fixed/paging/q9/log_dir/sirius_2026-07-09.log
paging,q9,page_directory,33890.0,,5488831280,5.1118724793195724,376,0,2888,experiment/fixed_page_runs/allq_5x_7gb_fixed/paging/q9/log_dir/sirius_2026-07-09.log
paging,q9,page_budget,34208.0,1,4292686076,3.9978754483163357,,526131776,36,experiment/fixed_page_runs/allq_5x_7gb_fixed/paging/q9/log_dir/sirius_2026-07-09.log
paging,q9,page_directory,34208.0,,5488830768,5.111872002482414,376,0,2924,experiment/fixed_page_runs/allq_5x_7gb_fixed/paging/q9/log_dir/sirius_2026-07-09.log
paging,q9,page_budget,34230.0,0,4288147796,3.9936488457024097,,526131040,36,experiment/fixed_page_runs/allq_5x_7gb_fixed/paging/q9/log_dir/sirius_2026-07-09.log
paging,q9,page_directory,34230.0,,5488833872,5.111874893307686,376,0,2960,experiment/fixed_page_runs/allq_5x_7gb_fixed/paging/q9/log_dir/sirius_2026-07-09.log
paging,q9,page_budget,34558.0,0,4288140308,3.993641871958971,,526112784,36,experiment/fixed_page_runs/allq_5x_7gb_fixed/paging/q9/log_dir/sirius_2026-07-09.log
paging,q9,page_directory,34558.0,,5488826384,5.111867919564247,376,0,2996,experiment/fixed_page_runs/allq_5x_7gb_fixed/paging/q9/log_dir/sirius_2026-07-09.log
paging,q9,page_budget,34573.0,1,4292693892,3.997882727533579,,526141640,36,experiment/fixed_page_runs/allq_5x_7gb_fixed/paging/q9/log_dir/sirius_2026-07-09.log
paging,q9,page_directory,34573.0,,5488834200,5.11187519878149,376,0,3032,experiment/fixed_page_runs/allq_5x_7gb_fixed/paging/q9/log_dir/sirius_2026-07-09.log
paging,q9,page_budget,34889.0,1,4292694380,3.9978831820189953,,526136584,36,experiment/fixed_page_runs/allq_5x_7gb_fixed/paging/q9/log_dir/sirius_2026-07-09.log
paging,q9,page_directory,34889.0,,5488834688,5.111875653266907,376,0,3068,experiment/fixed_page_runs/allq_5x_7gb_fixed/paging/q9/log_dir/sirius_2026-07-09.log
paging,q9,page_budget,34913.0,0,4288139996,3.9936415813863277,,526140792,36,experiment/fixed_page_runs/allq_5x_7gb_fixed/paging/q9/log_dir/sirius_2026-07-09.log
paging,q9,page_directory,34913.0,,5488834376,5.1118753626942635,376,0,3104,experiment/fixed_page_runs/allq_5x_7gb_fixed/paging/q9/log_dir/sirius_2026-07-09.log
paging,q9,page_budget,35196.0,0,4288140268,3.993641834706068,,526131376,36,experiment/fixed_page_runs/allq_5x_7gb_fixed/paging/q9/log_dir/sirius_2026-07-09.log
paging,q9,page_directory,35196.0,,5488834648,5.111875616014004,376,0,3140,experiment/fixed_page_runs/allq_5x_7gb_fixed/paging/q9/log_dir/sirius_2026-07-09.log
paging,q9,page_budget,35218.0,1,4292697196,3.9978858046233654,,526119376,36,experiment/fixed_page_runs/allq_5x_7gb_fixed/paging/q9/log_dir/sirius_2026-07-09.log
paging,q9,page_directory,35218.0,,5488837464,5.111878238618374,376,0,3176,experiment/fixed_page_runs/allq_5x_7gb_fixed/paging/q9/log_dir/sirius_2026-07-09.log
paging,q9,page_budget,35498.0,1,4292694972,3.9978837333619595,,526129360,36,experiment/fixed_page_runs/allq_5x_7gb_fixed/paging/q9/log_dir/sirius_2026-07-09.log
paging,q9,page_directory,35498.0,,5488835240,5.111876167356968,376,0,3212,experiment/fixed_page_runs/allq_5x_7gb_fixed/paging/q9/log_dir/sirius_2026-07-09.log
paging,q9,page_budget,35526.0,0,4288139988,3.993641573935747,,526136392,36,experiment/fixed_page_runs/allq_5x_7gb_fixed/paging/q9/log_dir/sirius_2026-07-09.log
paging,q9,page_directory,35526.0,,5488834960,5.111875906586647,376,0,3248,experiment/fixed_page_runs/allq_5x_7gb_fixed/paging/q9/log_dir/sirius_2026-07-09.log
paging,q9,page_budget,35842.0,1,4292693980,3.9978828094899654,,526126688,36,experiment/fixed_page_runs/allq_5x_7gb_fixed/paging/q9/log_dir/sirius_2026-07-09.log
paging,q9,page_directory,35843.0,,5488833968,5.111874982714653,376,0,3284,experiment/fixed_page_runs/allq_5x_7gb_fixed/paging/q9/log_dir/sirius_2026-07-09.log
paging,q9,page_budget,35859.0,0,4288139516,3.993641134351492,,526131880,36,experiment/fixed_page_runs/allq_5x_7gb_fixed/paging/q9/log_dir/sirius_2026-07-09.log
paging,q9,page_directory,35859.0,,5488833496,5.111874543130398,376,0,3320,experiment/fixed_page_runs/allq_5x_7gb_fixed/paging/q9/log_dir/sirius_2026-07-09.log
paging,q9,page_budget,36188.0,1,4292692596,3.997881520539522,,526129192,36,experiment/fixed_page_runs/allq_5x_7gb_fixed/paging/q9/log_dir/sirius_2026-07-09.log
paging,q9,page_directory,36188.0,,5488832112,5.1118732541799545,376,0,3356,experiment/fixed_page_runs/allq_5x_7gb_fixed/paging/q9/log_dir/sirius_2026-07-09.log
paging,q9,page_budget,36209.0,0,4288142844,3.9936442337930202,,526117760,36,experiment/fixed_page_runs/allq_5x_7gb_fixed/paging/q9/log_dir/sirius_2026-07-09.log
paging,q9,page_directory,36209.0,,5488835440,5.111876353621483,376,0,3392,experiment/fixed_page_runs/allq_5x_7gb_fixed/paging/q9/log_dir/sirius_2026-07-09.log
paging,q9,page_budget,36523.0,0,4288139948,3.993641536682844,,526116784,36,experiment/fixed_page_runs/allq_5x_7gb_fixed/paging/q9/log_dir/sirius_2026-07-09.log
paging,q9,page_directory,36523.0,,5488832544,5.111873656511307,376,0,3428,experiment/fixed_page_runs/allq_5x_7gb_fixed/paging/q9/log_dir/sirius_2026-07-09.log
paging,q9,page_budget,36542.0,1,4292692052,3.9978810139000416,,526128688,36,experiment/fixed_page_runs/allq_5x_7gb_fixed/paging/q9/log_dir/sirius_2026-07-09.log
paging,q9,page_directory,36542.0,,5488832000,5.111873149871826,376,0,3464,experiment/fixed_page_runs/allq_5x_7gb_fixed/paging/q9/log_dir/sirius_2026-07-09.log
paging,q9,page_budget,36870.0,0,4288138636,3.9936403147876263,,526142896,36,experiment/fixed_page_runs/allq_5x_7gb_fixed/paging/q9/log_dir/sirius_2026-07-09.log
paging,q9,page_directory,36870.0,,5488830688,5.111871927976608,376,0,3500,experiment/fixed_page_runs/allq_5x_7gb_fixed/paging/q9/log_dir/sirius_2026-07-09.log
paging,q9,page_budget,36893.0,1,4292695220,3.997883964329958,,526136928,36,experiment/fixed_page_runs/allq_5x_7gb_fixed/paging/q9/log_dir/sirius_2026-07-09.log
paging,q9,page_directory,36893.0,,5488833856,5.111874878406525,376,0,3536,experiment/fixed_page_runs/allq_5x_7gb_fixed/paging/q9/log_dir/sirius_2026-07-09.log
paging,q9,page_budget,37108.0,0,4281144004,3.9871260561048985,,390500616,25,experiment/fixed_page_runs/allq_5x_7gb_fixed/paging/q9/log_dir/sirius_2026-07-09.log
paging,q9,page_directory,37108.0,,5481839224,5.105360619723797,375,0,3561,experiment/fixed_page_runs/allq_5x_7gb_fixed/paging/q9/log_dir/sirius_2026-07-09.log
paging,q9,page_budget,38255.0,0,4281578316,3.987530540674925,,526342864,35,experiment/fixed_page_runs/allq_5x_7gb_fixed/paging/q9/log_dir/sirius_2026-07-09.log
paging,q9,page_directory,38255.0,,1631184784,1.5191592127084732,102,0,51,experiment/fixed_page_runs/allq_5x_7gb_fixed/paging/q9/log_dir/sirius_2026-07-09.log
paging,q9,page_budget,38262.0,1,4279207652,3.9853226877748966,,540365592,36,experiment/fixed_page_runs/allq_5x_7gb_fixed/paging/q9/log_dir/sirius_2026-07-09.log
paging,q9,page_directory,38262.0,,1982436800,1.8462881445884705,124,0,62,experiment/fixed_page_runs/allq_5x_7gb_fixed/paging/q9/log_dir/sirius_2026-07-09.log
paging,q9,page_budget,38455.0,1,4279699252,3.9857805259525776,,339414016,22,experiment/fixed_page_runs/allq_5x_7gb_fixed/paging/q9/log_dir/sirius_2026-07-09.log
paging,q9,page_directory,38456.0,,2209040544,2.0573293268680573,138,0,69,experiment/fixed_page_runs/allq_5x_7gb_fixed/paging/q9/log_dir/sirius_2026-07-09.log
paging,q9,page_budget,38462.0,0,4281902036,3.9878320284187794,,526115464,35,experiment/fixed_page_runs/allq_5x_7gb_fixed/paging/q9/log_dir/sirius_2026-07-09.log
paging,q9,page_directory,38462.0,,2560000000,2.384185791015625,160,0,80,experiment/fixed_page_runs/allq_5x_7gb_fixed/paging/q9/log_dir/sirius_2026-07-09.log
paging,q10,page_directory,6442.0,,25268740,0.023533347994089127,3,0,0,experiment/fixed_page_runs/allq_5x_7gb_fixed/paging/q10/log_dir/sirius_2026-07-09.log
paging,q10,page_directory,6785.0,,50449620,0.04698486998677254,6,0,0,experiment/fixed_page_runs/allq_5x_7gb_fixed/paging/q10/log_dir/sirius_2026-07-09.log
paging,q10,page_directory,6786.0,,75689920,0.0704917311668396,9,0,0,experiment/fixed_page_runs/allq_5x_7gb_fixed/paging/q10/log_dir/sirius_2026-07-09.log
paging,q10,page_directory,7055.0,,89481280,0.08333593606948853,12,0,0,experiment/fixed_page_runs/allq_5x_7gb_fixed/paging/q10/log_dir/sirius_2026-07-09.log
paging,q10,page_directory,7057.0,,114748460,0.10686783120036125,15,0,0,experiment/fixed_page_runs/allq_5x_7gb_fixed/paging/q10/log_dir/sirius_2026-07-09.log
paging,q11,page_directory,413.0,,12000000,0.011175870895385742,2,0,0,experiment/fixed_page_runs/allq_5x_7gb_fixed/paging/q11/log_dir/sirius_2026-07-09.log
paging,q11,page_directory,628.0,,526777176,0.49059947580099106,33,0,0,experiment/fixed_page_runs/allq_5x_7gb_fixed/paging/q11/log_dir/sirius_2026-07-09.log
paging,q11,page_directory,635.0,,524743264,0.48870524764060974,32,0,0,experiment/fixed_page_runs/allq_5x_7gb_fixed/paging/q11/log_dir/sirius_2026-07-09.log
paging,q11,page_directory,830.0,,1049722592,0.9776303470134735,64,0,0,experiment/fixed_page_runs/allq_5x_7gb_fixed/paging/q11/log_dir/sirius_2026-07-09.log
paging,q11,page_directory,836.0,,526878024,0.4906933978199959,33,0,0,experiment/fixed_page_runs/allq_5x_7gb_fixed/paging/q11/log_dir/sirius_2026-07-09.log
paging,q11,page_directory,1108.0,,524691232,0.48865678906440735,32,0,0,experiment/fixed_page_runs/allq_5x_7gb_fixed/paging/q11/log_dir/sirius_2026-07-09.log
paging,q11,page_directory,1169.0,,1053137760,0.9808109700679779,64,0,0,experiment/fixed_page_runs/allq_5x_7gb_fixed/paging/q11/log_dir/sirius_2026-07-09.log
paging,q11,page_directory,1178.0,,339905616,0.3165617734193802,21,0,0,experiment/fixed_page_runs/allq_5x_7gb_fixed/paging/q11/log_dir/sirius_2026-07-09.log
paging,q11,page_directory,1192.0,,457139648,0.4257444739341736,28,0,0,experiment/fixed_page_runs/allq_5x_7gb_fixed/paging/q11/log_dir/sirius_2026-07-09.log
paging,q11,page_directory,1303.0,,526439184,0.4902846962213516,33,0,0,experiment/fixed_page_runs/allq_5x_7gb_fixed/paging/q11/log_dir/sirius_2026-07-09.log
paging,q11,page_directory,1873.0,,524979328,0.48892509937286377,32,0,0,experiment/fixed_page_runs/allq_5x_7gb_fixed/paging/q11/log_dir/sirius_2026-07-09.log
paging,q11,page_directory,1880.0,,1049722592,0.9776303470134735,64,0,0,experiment/fixed_page_runs/allq_5x_7gb_fixed/paging/q11/log_dir/sirius_2026-07-09.log
paging,q11,page_directory,2075.0,,1574413824,1.4662871360778809,96,0,0,experiment/fixed_page_runs/allq_5x_7gb_fixed/paging/q11/log_dir/sirius_2026-07-09.log
paging,q11,page_directory,2083.0,,2102860352,1.9584413170814514,128,0,0,experiment/fixed_page_runs/allq_5x_7gb_fixed/paging/q11/log_dir/sirius_2026-07-09.log
paging,q11,page_directory,2245.0,,2560000000,2.384185791015625,156,0,0,experiment/fixed_page_runs/allq_5x_7gb_fixed/paging/q11/log_dir/sirius_2026-07-09.log
paging,q13,page_directory,424.0,,120000000,0.11175870895385742,8,0,0,experiment/fixed_page_runs/allq_5x_7gb_fixed/paging/q13/log_dir/sirius_2026-07-09.log
paging,q14,page_directory,1134.0,,7906976,0.007363945245742798,4,0,0,experiment/fixed_page_runs/allq_5x_7gb_fixed/paging/q14/log_dir/sirius_2026-07-09.log
paging,q14,page_directory,1222.0,,15828568,0.014741502702236176,8,0,0,experiment/fixed_page_runs/allq_5x_7gb_fixed/paging/q14/log_dir/sirius_2026-07-09.log
paging,q14,page_directory,1546.0,,23747108,0.022116217762231827,12,0,0,experiment/fixed_page_runs/allq_5x_7gb_fixed/paging/q14/log_dir/sirius_2026-07-09.log
paging,q14,page_directory,1550.0,,31700928,0.029523789882659912,16,0,0,experiment/fixed_page_runs/allq_5x_7gb_fixed/paging/q14/log_dir/sirius_2026-07-09.log
paging,q14,page_directory,1955.0,,39611348,0.036890942603349686,20,0,0,experiment/fixed_page_runs/allq_5x_7gb_fixed/paging/q14/log_dir/sirius_2026-07-09.log
paging,q14,page_directory,1958.0,,47539996,0.04427507147192955,24,0,0,experiment/fixed_page_runs/allq_5x_7gb_fixed/paging/q14/log_dir/sirius_2026-07-09.log
paging,q14,page_directory,2060.0,,55455820,0.051647257059812546,28,0,0,experiment/fixed_page_runs/allq_5x_7gb_fixed/paging/q14/log_dir/sirius_2026-07-09.log
paging,q14,page_directory,2228.0,,63379260,0.05902653560042381,32,0,0,experiment/fixed_page_runs/allq_5x_7gb_fixed/paging/q14/log_dir/sirius_2026-07-09.log
paging,q14,page_directory,5812.0,,71321992,0.06642378121614456,36,0,0,experiment/fixed_page_runs/allq_5x_7gb_fixed/paging/q14/log_dir/sirius_2026-07-09.log
paging,q14,page_directory,5915.0,,79254700,0.07381169125437737,40,0,0,experiment/fixed_page_runs/allq_5x_7gb_fixed/paging/q14/log_dir/sirius_2026-07-09.log
paging,q14,page_directory,6016.0,,87162544,0.08117644488811493,44,0,0,experiment/fixed_page_runs/allq_5x_7gb_fixed/paging/q14/log_dir/sirius_2026-07-09.log
paging,q14,page_directory,6119.0,,95097772,0.08856670185923576,48,0,0,experiment/fixed_page_runs/allq_5x_7gb_fixed/paging/q14/log_dir/sirius_2026-07-09.log
paging,q14,page_directory,6394.0,,103006820,0.09593257680535316,52,0,0,experiment/fixed_page_runs/allq_5x_7gb_fixed/paging/q14/log_dir/sirius_2026-07-09.log
paging,q14,page_directory,6396.0,,110933228,0.10331461951136589,56,0,0,experiment/fixed_page_runs/allq_5x_7gb_fixed/paging/q14/log_dir/sirius_2026-07-09.log
paging,q14,page_directory,6503.0,,118837320,0.1106758788228035,60,0,0,experiment/fixed_page_runs/allq_5x_7gb_fixed/paging/q14/log_dir/sirius_2026-07-09.log
paging,q14,page_directory,6553.0,,126756056,0.11805077642202377,64,0,0,experiment/fixed_page_runs/allq_5x_7gb_fixed/paging/q14/log_dir/sirius_2026-07-09.log
paging,q14,page_directory,6564.0,,134671068,0.12542220577597618,68,0,0,experiment/fixed_page_runs/allq_5x_7gb_fixed/paging/q14/log_dir/sirius_2026-07-09.log
paging,q14,page_directory,6566.0,,142605428,0.13281165435910225,72,0,0,experiment/fixed_page_runs/allq_5x_7gb_fixed/paging/q14/log_dir/sirius_2026-07-09.log
paging,q14,page_directory,6945.0,,150488492,0.14015332981944084,76,0,0,experiment/fixed_page_runs/allq_5x_7gb_fixed/paging/q14/log_dir/sirius_2026-07-09.log
paging,q14,page_directory,6985.0,,158390008,0.14751219004392624,80,0,0,experiment/fixed_page_runs/allq_5x_7gb_fixed/paging/q14/log_dir/sirius_2026-07-09.log
paging,q14,page_directory,7088.0,,166286680,0.1548665389418602,84,0,0,experiment/fixed_page_runs/allq_5x_7gb_fixed/paging/q14/log_dir/sirius_2026-07-09.log
paging,q14,page_directory,7228.0,,169159620,0.157542172819376,88,0,0,experiment/fixed_page_runs/allq_5x_7gb_fixed/paging/q14/log_dir/sirius_2026-07-09.log
paging,q14,page_directory,7294.0,,177087512,0.16492559760808945,92,0,0,experiment/fixed_page_runs/allq_5x_7gb_fixed/paging/q14/log_dir/sirius_2026-07-09.log
paging,q14,page_directory,7398.0,,184966768,0.1722637265920639,96,0,0,experiment/fixed_page_runs/allq_5x_7gb_fixed/paging/q14/log_dir/sirius_2026-07-09.log
paging,q14,page_directory,7446.0,,192857728,0.17961275577545166,100,0,0,experiment/fixed_page_runs/allq_5x_7gb_fixed/paging/q14/log_dir/sirius_2026-07-09.log
paging,q14,page_directory,7456.0,,200771732,0.18698324635624886,104,0,0,experiment/fixed_page_runs/allq_5x_7gb_fixed/paging/q14/log_dir/sirius_2026-07-09.log
paging,q14,page_directory,7462.0,,208691672,0.19435926526784897,108,0,0,experiment/fixed_page_runs/allq_5x_7gb_fixed/paging/q14/log_dir/sirius_2026-07-09.log
paging,q14,page_directory,7575.0,,216589940,0.20171510055661201,112,0,0,experiment/fixed_page_runs/allq_5x_7gb_fixed/paging/q14/log_dir/sirius_2026-07-09.log
paging,q15,page_directory,1084.0,,23491804,0.021878447383642197,4,0,0,experiment/fixed_page_runs/allq_5x_7gb_fixed/paging/q15/log_dir/sirius_2026-07-09.log
paging,q15,page_directory,1208.0,,47009144,0.043780677020549774,8,0,0,experiment/fixed_page_runs/allq_5x_7gb_fixed/paging/q15/log_dir/sirius_2026-07-09.log
paging,q15,page_directory,1548.0,,70624288,0.06577399373054504,12,0,0,experiment/fixed_page_runs/allq_5x_7gb_fixed/paging/q15/log_dir/sirius_2026-07-09.log
paging,q15,page_directory,1549.0,,94140760,0.08767541497945786,16,0,0,experiment/fixed_page_runs/allq_5x_7gb_fixed/paging/q15/log_dir/sirius_2026-07-09.log
paging,q15,page_directory,1676.0,,117678288,0.10959644615650177,20,0,0,experiment/fixed_page_runs/allq_5x_7gb_fixed/paging/q15/log_dir/sirius_2026-07-09.log
paging,q15,page_directory,1856.0,,141121540,0.13142967596650124,24,0,0,experiment/fixed_page_runs/allq_5x_7gb_fixed/paging/q15/log_dir/sirius_2026-07-09.log
paging,q15,page_directory,2039.0,,164528868,0.15322944894433022,28,0,0,experiment/fixed_page_runs/allq_5x_7gb_fixed/paging/q15/log_dir/sirius_2026-07-09.log
paging,q15,page_directory,2211.0,,188020504,0.17510773986577988,32,0,0,experiment/fixed_page_runs/allq_5x_7gb_fixed/paging/q15/log_dir/sirius_2026-07-09.log
paging,q15,page_directory,5637.0,,211453984,0.1969318687915802,36,0,0,experiment/fixed_page_runs/allq_5x_7gb_fixed/paging/q15/log_dir/sirius_2026-07-09.log
paging,q15,page_directory,5730.0,,234843980,0.21871550008654594,40,0,0,experiment/fixed_page_runs/allq_5x_7gb_fixed/paging/q15/log_dir/sirius_2026-07-09.log
paging,q15,page_directory,5837.0,,258285440,0.2405470609664917,44,0,0,experiment/fixed_page_runs/allq_5x_7gb_fixed/paging/q15/log_dir/sirius_2026-07-09.log
paging,q15,page_directory,6126.0,,281748908,0.2623991183936596,48,0,0,experiment/fixed_page_runs/allq_5x_7gb_fixed/paging/q15/log_dir/sirius_2026-07-09.log
paging,q15,page_directory,6148.0,,305207448,0.2842465862631798,52,0,0,experiment/fixed_page_runs/allq_5x_7gb_fixed/paging/q15/log_dir/sirius_2026-07-09.log
paging,q15,page_directory,6152.0,,328646528,0.30607593059539795,56,0,0,experiment/fixed_page_runs/allq_5x_7gb_fixed/paging/q15/log_dir/sirius_2026-07-09.log
paging,q15,page_directory,6228.0,,352078216,0.32789839059114456,60,0,0,experiment/fixed_page_runs/allq_5x_7gb_fixed/paging/q15/log_dir/sirius_2026-07-09.log
paging,q15,page_directory,6241.0,,375617004,0.3498205952346325,64,0,0,experiment/fixed_page_runs/allq_5x_7gb_fixed/paging/q15/log_dir/sirius_2026-07-09.log
paging,q15,page_directory,6251.0,,399093464,0.3716847524046898,68,0,0,experiment/fixed_page_runs/allq_5x_7gb_fixed/paging/q15/log_dir/sirius_2026-07-09.log
paging,q15,page_directory,6657.0,,422522296,0.3935045525431633,72,0,0,experiment/fixed_page_runs/allq_5x_7gb_fixed/paging/q15/log_dir/sirius_2026-07-09.log
paging,q15,page_directory,6731.0,,446038348,0.4154055826365948,76,0,0,experiment/fixed_page_runs/allq_5x_7gb_fixed/paging/q15/log_dir/sirius_2026-07-09.log
paging,q15,page_directory,6822.0,,469515424,0.43727031350135803,80,0,0,experiment/fixed_page_runs/allq_5x_7gb_fixed/paging/q15/log_dir/sirius_2026-07-09.log
paging,q15,page_directory,6901.0,,493060344,0.4591982290148735,84,0,0,experiment/fixed_page_runs/allq_5x_7gb_fixed/paging/q15/log_dir/sirius_2026-07-09.log
paging,q15,page_directory,7011.0,,516548676,0.48107344284653664,88,0,0,experiment/fixed_page_runs/allq_5x_7gb_fixed/paging/q15/log_dir/sirius_2026-07-09.log
paging,q15,page_directory,7096.0,,540024912,0.5029373914003372,92,0,0,experiment/fixed_page_runs/allq_5x_7gb_fixed/paging/q15/log_dir/sirius_2026-07-09.log
paging,q15,page_directory,7200.0,,563450692,0.524754349142313,96,0,0,experiment/fixed_page_runs/allq_5x_7gb_fixed/paging/q15/log_dir/sirius_2026-07-09.log
paging,q15,page_directory,7255.0,,572048260,0.5327614583075047,100,0,0,experiment/fixed_page_runs/allq_5x_7gb_fixed/paging/q15/log_dir/sirius_2026-07-09.log
paging,q15,page_directory,7259.0,,595532840,0.5546331778168678,104,0,0,experiment/fixed_page_runs/allq_5x_7gb_fixed/paging/q15/log_dir/sirius_2026-07-09.log
paging,q15,page_directory,7265.0,,619004568,0.576492927968502,108,0,0,experiment/fixed_page_runs/allq_5x_7gb_fixed/paging/q15/log_dir/sirius_2026-07-09.log
paging,q15,page_directory,7365.0,,642485396,0.5983611531555653,112,0,0,experiment/fixed_page_runs/allq_5x_7gb_fixed/paging/q15/log_dir/sirius_2026-07-09.log
paging,q16,page_directory,679.0,,526827376,0.49064622819423676,32,0,0,experiment/fixed_page_runs/allq_5x_7gb_fixed/paging/q16/log_dir/sirius_2026-07-09.log
paging,q16,page_directory,687.0,,1055362336,0.9828827679157257,64,0,0,experiment/fixed_page_runs/allq_5x_7gb_fixed/paging/q16/log_dir/sirius_2026-07-09.log
paging,q16,page_directory,746.0,,1280000000,1.1920928955078125,78,0,0,experiment/fixed_page_runs/allq_5x_7gb_fixed/paging/q16/log_dir/sirius_2026-07-09.log
paging,q17,page_directory,1499.0,,525763104,0.4896550476551056,33,0,0,experiment/fixed_page_runs/allq_5x_7gb_fixed/paging/q17/log_dir/sirius_2026-07-09.log
paging,q17,page_directory,1574.0,,1053106056,0.9807814434170723,66,0,0,experiment/fixed_page_runs/allq_5x_7gb_fixed/paging/q17/log_dir/sirius_2026-07-09.log
paging,q17,page_directory,1800.0,,1580464272,1.471922054886818,99,0,0,experiment/fixed_page_runs/allq_5x_7gb_fixed/paging/q17/log_dir/sirius_2026-07-09.log
paging,q17,page_directory,1893.0,,2107817520,1.9630580395460129,132,0,0,experiment/fixed_page_runs/allq_5x_7gb_fixed/paging/q17/log_dir/sirius_2026-07-09.log
paging,q17,page_directory,2103.0,,2634305448,2.4533881321549416,165,0,0,experiment/fixed_page_runs/allq_5x_7gb_fixed/paging/q17/log_dir/sirius_2026-07-09.log
paging,q17,page_directory,2222.0,,3160440096,2.94338920712471,198,0,0,experiment/fixed_page_runs/allq_5x_7gb_fixed/paging/q17/log_dir/sirius_2026-07-09.log
paging,q17,page_directory,2398.0,,3686563824,3.433380112051964,231,0,0,experiment/fixed_page_runs/allq_5x_7gb_fixed/paging/q17/log_dir/sirius_2026-07-09.log
paging,q17,page_directory,2589.0,,4212681552,3.92336542904377,264,0,0,experiment/fixed_page_runs/allq_5x_7gb_fixed/paging/q17/log_dir/sirius_2026-07-09.log
paging,q17,page_directory,3457.0,,4738807056,4.413357987999916,297,0,0,experiment/fixed_page_runs/allq_5x_7gb_fixed/paging/q17/log_dir/sirius_2026-07-09.log
paging,q17,page_directory,3549.0,,5264934432,4.903352290391922,330,0,0,experiment/fixed_page_runs/allq_5x_7gb_fixed/paging/q17/log_dir/sirius_2026-07-09.log
paging,q17,page_directory,3641.0,,5791058520,5.393343530595303,363,0,0,experiment/fixed_page_runs/allq_5x_7gb_fixed/paging/q17/log_dir/sirius_2026-07-09.log
paging,q17,page_directory,3731.0,,6317194920,5.883346237242222,396,0,0,experiment/fixed_page_runs/allq_5x_7gb_fixed/paging/q17/log_dir/sirius_2026-07-09.log
paging,q17,page_directory,3765.0,,6843325344,6.373343378305435,429,0,0,experiment/fixed_page_runs/allq_5x_7gb_fixed/paging/q17/log_dir/sirius_2026-07-09.log
paging,q17,page_directory,3774.0,,7369458072,6.86334266513586,462,0,0,experiment/fixed_page_runs/allq_5x_7gb_fixed/paging/q17/log_dir/sirius_2026-07-09.log
paging,q17,page_directory,4029.0,,7895600784,7.353351250290871,495,0,0,experiment/fixed_page_runs/allq_5x_7gb_fixed/paging/q17/log_dir/sirius_2026-07-09.log
paging,q17,page_budget,6010.0,0,4285350424,3.9910435900092125,,452228696,28,experiment/fixed_page_runs/allq_5x_7gb_fixed/paging/q17/log_dir/sirius_2026-07-09.log
paging,q17,page_directory,6010.0,,7969473928,7.422150976955891,500,0,28,experiment/fixed_page_runs/allq_5x_7gb_fixed/paging/q17/log_dir/sirius_2026-07-09.log
paging,q17,page_directory,6034.0,,8495621416,7.912164010107517,533,0,28,experiment/fixed_page_runs/allq_5x_7gb_fixed/paging/q17/log_dir/sirius_2026-07-09.log
paging,q17,page_budget,6381.0,1,4284701544,3.990439273416996,,451703736,28,experiment/fixed_page_runs/allq_5x_7gb_fixed/paging/q17/log_dir/sirius_2026-07-09.log
paging,q17,page_directory,6382.0,,8570051968,7.9814828634262085,538,0,56,experiment/fixed_page_runs/allq_5x_7gb_fixed/paging/q17/log_dir/sirius_2026-07-09.log
paging,q17,page_budget,6405.0,0,4285351840,3.991044908761978,,526125960,33,experiment/fixed_page_runs/allq_5x_7gb_fixed/paging/q17/log_dir/sirius_2026-07-09.log
paging,q17,page_directory,6405.0,,8570053384,7.981484182178974,538,0,89,experiment/fixed_page_runs/allq_5x_7gb_fixed/paging/q17/log_dir/sirius_2026-07-09.log
paging,q17,page_budget,6768.0,0,4285344360,3.99103794246912,,526134400,33,experiment/fixed_page_runs/allq_5x_7gb_fixed/paging/q17/log_dir/sirius_2026-07-09.log
paging,q17,page_directory,6768.0,,8570045904,7.981477215886116,538,0,122,experiment/fixed_page_runs/allq_5x_7gb_fixed/paging/q17/log_dir/sirius_2026-07-09.log
paging,q17,page_budget,6798.0,1,4284587904,3.9903334379196167,,526246344,33,experiment/fixed_page_runs/allq_5x_7gb_fixed/paging/q17/log_dir/sirius_2026-07-09.log
paging,q17,page_directory,6798.0,,8569932264,7.981371380388737,538,0,155,experiment/fixed_page_runs/allq_5x_7gb_fixed/paging/q17/log_dir/sirius_2026-07-09.log
paging,q17,page_budget,7143.0,1,4284589800,3.990335203707218,,526136880,33,experiment/fixed_page_runs/allq_5x_7gb_fixed/paging/q17/log_dir/sirius_2026-07-09.log
paging,q17,page_directory,7143.0,,8569934160,7.981373146176338,538,0,188,experiment/fixed_page_runs/allq_5x_7gb_fixed/paging/q17/log_dir/sirius_2026-07-09.log
paging,q17,page_budget,7169.0,0,4285354200,3.9910471066832542,,526118712,33,experiment/fixed_page_runs/allq_5x_7gb_fixed/paging/q17/log_dir/sirius_2026-07-09.log
paging,q17,page_directory,7169.0,,8569944000,7.981382310390472,538,0,221,experiment/fixed_page_runs/allq_5x_7gb_fixed/paging/q17/log_dir/sirius_2026-07-09.log
paging,q17,page_budget,7515.0,0,4284944376,3.990665428340435,,526530840,33,experiment/fixed_page_runs/allq_5x_7gb_fixed/paging/q17/log_dir/sirius_2026-07-09.log
paging,q17,page_directory,7516.0,,8569534176,7.981000632047653,538,0,254,experiment/fixed_page_runs/allq_5x_7gb_fixed/paging/q17/log_dir/sirius_2026-07-09.log
paging,q17,page_budget,7535.0,1,4284586168,3.990331821143627,,526135256,33,experiment/fixed_page_runs/allq_5x_7gb_fixed/paging/q17/log_dir/sirius_2026-07-09.log
paging,q17,page_directory,7535.0,,8569530544,7.980997249484062,538,0,287,experiment/fixed_page_runs/allq_5x_7gb_fixed/paging/q17/log_dir/sirius_2026-07-09.log
paging,q17,page_budget,7830.0,0,4287326936,3.992884360253811,,189370432,12,experiment/fixed_page_runs/allq_5x_7gb_fixed/paging/q17/log_dir/sirius_2026-07-09.log
paging,q17,page_directory,7831.0,,8571913104,7.983216181397438,538,0,299,experiment/fixed_page_runs/allq_5x_7gb_fixed/paging/q17/log_dir/sirius_2026-07-09.log
paging,q17,page_budget,7844.0,1,4284704224,3.990441769361496,,526006392,33,experiment/fixed_page_runs/allq_5x_7gb_fixed/paging/q17/log_dir/sirius_2026-07-09.log
paging,q17,page_directory,7844.0,,8572031160,7.983326129615307,538,0,332,experiment/fixed_page_runs/allq_5x_7gb_fixed/paging/q17/log_dir/sirius_2026-07-09.log
paging,q17,page_budget,8119.0,1,4284182736,3.989956095814705,,526662328,33,experiment/fixed_page_runs/allq_5x_7gb_fixed/paging/q17/log_dir/sirius_2026-07-09.log
paging,q17,page_directory,8120.0,,8571509672,7.982840456068516,538,0,365,experiment/fixed_page_runs/allq_5x_7gb_fixed/paging/q17/log_dir/sirius_2026-07-09.log
paging,q17,page_directory,8430.0,,528270480,0.49199022352695465,32,0,0,experiment/fixed_page_runs/allq_5x_7gb_fixed/paging/q17/log_dir/sirius_2026-07-09.log
paging,q17,page_directory,8508.0,,1055617600,0.9831205010414124,64,0,0,experiment/fixed_page_runs/allq_5x_7gb_fixed/paging/q17/log_dir/sirius_2026-07-09.log
paging,q17,page_directory,8641.0,,1582979200,1.4742642641067505,96,0,0,experiment/fixed_page_runs/allq_5x_7gb_fixed/paging/q17/log_dir/sirius_2026-07-09.log
paging,q17,page_directory,8761.0,,2110946560,1.9659721851348877,128,0,0,experiment/fixed_page_runs/allq_5x_7gb_fixed/paging/q17/log_dir/sirius_2026-07-09.log
paging,q17,page_directory,9147.0,,2639065680,2.4578214436769485,160,0,0,experiment/fixed_page_runs/allq_5x_7gb_fixed/paging/q17/log_dir/sirius_2026-07-09.log
paging,q17,page_directory,9171.0,,3167184544,2.9496704638004303,192,0,0,experiment/fixed_page_runs/allq_5x_7gb_fixed/paging/q17/log_dir/sirius_2026-07-09.log
paging,q17,page_directory,9182.0,,3695297904,3.4415143579244614,224,0,0,experiment/fixed_page_runs/allq_5x_7gb_fixed/paging/q17/log_dir/sirius_2026-07-09.log
paging,q17,page_directory,9189.0,,4223414368,3.933361142873764,256,0,0,experiment/fixed_page_runs/allq_5x_7gb_fixed/paging/q17/log_dir/sirius_2026-07-09.log
paging,q17,page_directory,10010.0,,4751556880,4.42523218691349,288,0,0,experiment/fixed_page_runs/allq_5x_7gb_fixed/paging/q17/log_dir/sirius_2026-07-09.log
paging,q17,page_directory,10031.0,,5279679440,4.917084649205208,320,0,0,experiment/fixed_page_runs/allq_5x_7gb_fixed/paging/q17/log_dir/sirius_2026-07-09.log
paging,q17,page_directory,11238.0,,5807811216,5.408945694565773,352,0,0,experiment/fixed_page_runs/allq_5x_7gb_fixed/paging/q17/log_dir/sirius_2026-07-09.log
paging,q17,page_directory,11301.0,,6335921232,5.900786474347115,384,0,0,experiment/fixed_page_runs/allq_5x_7gb_fixed/paging/q17/log_dir/sirius_2026-07-09.log
paging,q17,page_directory,11321.0,,6864039488,6.392634928226471,416,0,0,experiment/fixed_page_runs/allq_5x_7gb_fixed/paging/q17/log_dir/sirius_2026-07-09.log
paging,q17,page_directory,11334.0,,7392166160,6.884491220116615,448,0,0,experiment/fixed_page_runs/allq_5x_7gb_fixed/paging/q17/log_dir/sirius_2026-07-09.log
paging,q17,page_directory,12280.0,,7920295136,7.376349657773972,480,0,0,experiment/fixed_page_runs/allq_5x_7gb_fixed/paging/q17/log_dir/sirius_2026-07-09.log
paging,q17,page_directory,12298.0,,8448417152,7.8682016134262085,512,0,0,experiment/fixed_page_runs/allq_5x_7gb_fixed/paging/q17/log_dir/sirius_2026-07-09.log
paging,q17,page_budget,12830.0,1,4286745808,3.9923431426286697,,33554432,2,experiment/fixed_page_runs/allq_5x_7gb_fixed/paging/q17/log_dir/sirius_2026-07-09.log
paging,q17,page_directory,12830.0,,8510811552,7.9263109266757965,516,0,2,experiment/fixed_page_runs/allq_5x_7gb_fixed/paging/q17/log_dir/sirius_2026-07-09.log
paging,q17,page_budget,12846.0,0,4287192008,3.992758698761463,,465000152,28,experiment/fixed_page_runs/allq_5x_7gb_fixed/paging/q17/log_dir/sirius_2026-07-09.log
paging,q17,page_directory,12846.0,,8573937816,7.985101841390133,520,0,30,experiment/fixed_page_runs/allq_5x_7gb_fixed/paging/q17/log_dir/sirius_2026-07-09.log
paging,q17,page_budget,12868.0,1,4287043800,3.9926206693053246,,527816040,32,experiment/fixed_page_runs/allq_5x_7gb_fixed/paging/q17/log_dir/sirius_2026-07-09.log
paging,q17,page_directory,12868.0,,8574235808,7.985379368066788,520,0,62,experiment/fixed_page_runs/allq_5x_7gb_fixed/paging/q17/log_dir/sirius_2026-07-09.log
paging,q17,page_directory,15470.0,,525763104,0.4896550476551056,33,0,0,experiment/fixed_page_runs/allq_5x_7gb_fixed/paging/q17/log_dir/sirius_2026-07-09.log
paging,q17,page_directory,15592.0,,1053106056,0.9807814434170723,66,0,0,experiment/fixed_page_runs/allq_5x_7gb_fixed/paging/q17/log_dir/sirius_2026-07-09.log
paging,q17,page_directory,15769.0,,1580464272,1.471922054886818,99,0,0,experiment/fixed_page_runs/allq_5x_7gb_fixed/paging/q17/log_dir/sirius_2026-07-09.log
paging,q17,page_directory,15908.0,,2107817520,1.9630580395460129,132,0,0,experiment/fixed_page_runs/allq_5x_7gb_fixed/paging/q17/log_dir/sirius_2026-07-09.log
paging,q17,page_directory,16028.0,,2634305448,2.4533881321549416,165,0,0,experiment/fixed_page_runs/allq_5x_7gb_fixed/paging/q17/log_dir/sirius_2026-07-09.log
paging,q17,page_directory,16246.0,,3160440096,2.94338920712471,198,0,0,experiment/fixed_page_runs/allq_5x_7gb_fixed/paging/q17/log_dir/sirius_2026-07-09.log
paging,q17,page_directory,16421.0,,3686563824,3.433380112051964,231,0,0,experiment/fixed_page_runs/allq_5x_7gb_fixed/paging/q17/log_dir/sirius_2026-07-09.log
paging,q17,page_directory,16586.0,,4212681552,3.92336542904377,264,0,0,experiment/fixed_page_runs/allq_5x_7gb_fixed/paging/q17/log_dir/sirius_2026-07-09.log
paging,q17,page_directory,20046.0,,4738805640,4.41335666924715,297,0,0,experiment/fixed_page_runs/allq_5x_7gb_fixed/paging/q17/log_dir/sirius_2026-07-09.log
paging,q17,page_directory,20138.0,,5264936064,4.903353810310364,330,0,0,experiment/fixed_page_runs/allq_5x_7gb_fixed/paging/q17/log_dir/sirius_2026-07-09.log
paging,q17,page_directory,20214.0,,5791072464,5.393356516957283,363,0,0,experiment/fixed_page_runs/allq_5x_7gb_fixed/paging/q17/log_dir/sirius_2026-07-09.log
paging,q17,page_directory,20311.0,,6317197968,5.883349075913429,396,0,0,experiment/fixed_page_runs/allq_5x_7gb_fixed/paging/q17/log_dir/sirius_2026-07-09.log
paging,q17,page_directory,20338.0,,6843325344,6.373343378305435,429,0,0,experiment/fixed_page_runs/allq_5x_7gb_fixed/paging/q17/log_dir/sirius_2026-07-09.log
paging,q17,page_directory,20348.0,,7369458072,6.86334266513586,462,0,0,experiment/fixed_page_runs/allq_5x_7gb_fixed/paging/q17/log_dir/sirius_2026-07-09.log
paging,q17,page_directory,20490.0,,7895600784,7.353351250290871,495,0,0,experiment/fixed_page_runs/allq_5x_7gb_fixed/paging/q17/log_dir/sirius_2026-07-09.log
paging,q17,page_directory,20627.0,,8421748272,7.843364283442497,528,0,0,experiment/fixed_page_runs/allq_5x_7gb_fixed/paging/q17/log_dir/sirius_2026-07-09.log
paging,q17,page_budget,20773.0,0,4285350424,3.9910435900092125,,452228696,28,experiment/fixed_page_runs/allq_5x_7gb_fixed/paging/q17/log_dir/sirius_2026-07-09.log
paging,q17,page_directory,20773.0,,8495621416,7.912164010107517,533,0,28,experiment/fixed_page_runs/allq_5x_7gb_fixed/paging/q17/log_dir/sirius_2026-07-09.log
paging,q17,page_budget,20902.0,1,4284701544,3.990439273416996,,451703736,28,experiment/fixed_page_runs/allq_5x_7gb_fixed/paging/q17/log_dir/sirius_2026-07-09.log
paging,q17,page_directory,20902.0,,8570051968,7.9814828634262085,538,0,56,experiment/fixed_page_runs/allq_5x_7gb_fixed/paging/q17/log_dir/sirius_2026-07-09.log
paging,q17,page_budget,21047.0,0,4285352312,3.9910453483462334,,526125488,33,experiment/fixed_page_runs/allq_5x_7gb_fixed/paging/q17/log_dir/sirius_2026-07-09.log
paging,q17,page_directory,21047.0,,8570053856,7.981484621763229,538,0,89,experiment/fixed_page_runs/allq_5x_7gb_fixed/paging/q17/log_dir/sirius_2026-07-09.log
paging,q17,page_budget,21179.0,1,4284586888,3.990332491695881,,526247360,33,experiment/fixed_page_runs/allq_5x_7gb_fixed/paging/q17/log_dir/sirius_2026-07-09.log
paging,q17,page_directory,21179.0,,8569939200,7.981377840042114,538,0,122,experiment/fixed_page_runs/allq_5x_7gb_fixed/paging/q17/log_dir/sirius_2026-07-09.log
paging,q17,page_budget,21328.0,0,4285344360,3.99103794246912,,526134872,33,experiment/fixed_page_runs/allq_5x_7gb_fixed/paging/q17/log_dir/sirius_2026-07-09.log
paging,q17,page_directory,21328.0,,8569931248,7.981370434165001,538,0,155,experiment/fixed_page_runs/allq_5x_7gb_fixed/paging/q17/log_dir/sirius_2026-07-09.log
paging,q17,page_budget,21449.0,1,4284589800,3.990335203707218,,526135864,33,experiment/fixed_page_runs/allq_5x_7gb_fixed/paging/q17/log_dir/sirius_2026-07-09.log
paging,q17,page_directory,21449.0,,8569934160,7.981373146176338,538,0,188,experiment/fixed_page_runs/allq_5x_7gb_fixed/paging/q17/log_dir/sirius_2026-07-09.log
paging,q17,page_budget,21598.0,0,4285354200,3.9910471066832542,,526118712,33,experiment/fixed_page_runs/allq_5x_7gb_fixed/paging/q17/log_dir/sirius_2026-07-09.log
paging,q17,page_directory,21598.0,,8569944000,7.981382310390472,538,0,221,experiment/fixed_page_runs/allq_5x_7gb_fixed/paging/q17/log_dir/sirius_2026-07-09.log
paging,q17,page_budget,21727.0,1,4284586168,3.990331821143627,,526135256,33,experiment/fixed_page_runs/allq_5x_7gb_fixed/paging/q17/log_dir/sirius_2026-07-09.log
paging,q17,page_directory,21728.0,,8569940368,7.981378927826881,538,0,254,experiment/fixed_page_runs/allq_5x_7gb_fixed/paging/q17/log_dir/sirius_2026-07-09.log
paging,q17,page_budget,21875.0,0,4284944376,3.990665428340435,,526530840,33,experiment/fixed_page_runs/allq_5x_7gb_fixed/paging/q17/log_dir/sirius_2026-07-09.log
paging,q17,page_directory,21876.0,,8569530544,7.980997249484062,538,0,287,experiment/fixed_page_runs/allq_5x_7gb_fixed/paging/q17/log_dir/sirius_2026-07-09.log
paging,q17,page_budget,21991.0,1,4284704224,3.990441769361496,,526006392,33,experiment/fixed_page_runs/allq_5x_7gb_fixed/paging/q17/log_dir/sirius_2026-07-09.log
paging,q17,page_directory,21991.0,,8569648600,7.981107197701931,538,0,320,experiment/fixed_page_runs/allq_5x_7gb_fixed/paging/q17/log_dir/sirius_2026-07-09.log
paging,q17,page_budget,22079.0,0,4287326936,3.992884360253811,,189370432,12,experiment/fixed_page_runs/allq_5x_7gb_fixed/paging/q17/log_dir/sirius_2026-07-09.log
paging,q17,page_directory,22079.0,,8572031160,7.983326129615307,538,0,332,experiment/fixed_page_runs/allq_5x_7gb_fixed/paging/q17/log_dir/sirius_2026-07-09.log
paging,q17,page_budget,22263.0,1,4284182736,3.989956095814705,,526662328,33,experiment/fixed_page_runs/allq_5x_7gb_fixed/paging/q17/log_dir/sirius_2026-07-09.log
paging,q17,page_directory,22263.0,,8571509672,7.982840456068516,538,0,365,experiment/fixed_page_runs/allq_5x_7gb_fixed/paging/q17/log_dir/sirius_2026-07-09.log
paging,q17,page_directory,22681.0,,527347120,0.4911302775144577,32,0,0,experiment/fixed_page_runs/allq_5x_7gb_fixed/paging/q17/log_dir/sirius_2026-07-09.log
paging,q17,page_directory,22690.0,,1055617600,0.9831205010414124,64,0,0,experiment/fixed_page_runs/allq_5x_7gb_fixed/paging/q17/log_dir/sirius_2026-07-09.log
paging,q17,page_directory,23021.0,,1582979200,1.4742642641067505,96,0,0,experiment/fixed_page_runs/allq_5x_7gb_fixed/paging/q17/log_dir/sirius_2026-07-09.log
paging,q17,page_directory,23044.0,,2110946560,1.9659721851348877,128,0,0,experiment/fixed_page_runs/allq_5x_7gb_fixed/paging/q17/log_dir/sirius_2026-07-09.log
paging,q17,page_directory,23450.0,,2639065424,2.4578212052583694,160,0,0,experiment/fixed_page_runs/allq_5x_7gb_fixed/paging/q17/log_dir/sirius_2026-07-09.log
paging,q17,page_directory,23532.0,,3167184544,2.9496704638004303,192,0,0,experiment/fixed_page_runs/allq_5x_7gb_fixed/paging/q17/log_dir/sirius_2026-07-09.log
paging,q17,page_directory,23560.0,,3695297904,3.4415143579244614,224,0,0,experiment/fixed_page_runs/allq_5x_7gb_fixed/paging/q17/log_dir/sirius_2026-07-09.log
paging,q17,page_directory,23566.0,,4223414368,3.933361142873764,256,0,0,experiment/fixed_page_runs/allq_5x_7gb_fixed/paging/q17/log_dir/sirius_2026-07-09.log
paging,q17,page_directory,24129.0,,4751556880,4.42523218691349,288,0,0,experiment/fixed_page_runs/allq_5x_7gb_fixed/paging/q17/log_dir/sirius_2026-07-09.log
paging,q17,page_directory,24148.0,,5279679440,4.917084649205208,320,0,0,experiment/fixed_page_runs/allq_5x_7gb_fixed/paging/q17/log_dir/sirius_2026-07-09.log
paging,q17,page_directory,24670.0,,5807811216,5.408945694565773,352,0,0,experiment/fixed_page_runs/allq_5x_7gb_fixed/paging/q17/log_dir/sirius_2026-07-09.log
paging,q17,page_directory,24740.0,,6335921232,5.900786474347115,384,0,0,experiment/fixed_page_runs/allq_5x_7gb_fixed/paging/q17/log_dir/sirius_2026-07-09.log
paging,q17,page_directory,24772.0,,6864039488,6.392634928226471,416,0,0,experiment/fixed_page_runs/allq_5x_7gb_fixed/paging/q17/log_dir/sirius_2026-07-09.log
paging,q17,page_directory,24779.0,,7392166160,6.884491220116615,448,0,0,experiment/fixed_page_runs/allq_5x_7gb_fixed/paging/q17/log_dir/sirius_2026-07-09.log
paging,q17,page_directory,25124.0,,7920295136,7.376349657773972,480,0,0,experiment/fixed_page_runs/allq_5x_7gb_fixed/paging/q17/log_dir/sirius_2026-07-09.log
paging,q17,page_directory,25147.0,,8448417152,7.8682016134262085,512,0,0,experiment/fixed_page_runs/allq_5x_7gb_fixed/paging/q17/log_dir/sirius_2026-07-09.log
paging,q17,page_budget,25492.0,1,4287003608,3.9925832375884056,,465461832,28,experiment/fixed_page_runs/allq_5x_7gb_fixed/paging/q17/log_dir/sirius_2026-07-09.log
paging,q17,page_directory,25492.0,,8511069352,7.926551021635532,516,0,28,experiment/fixed_page_runs/allq_5x_7gb_fixed/paging/q17/log_dir/sirius_2026-07-09.log
paging,q17,page_budget,25499.0,0,4287192008,3.992758698761463,,465000152,28,experiment/fixed_page_runs/allq_5x_7gb_fixed/paging/q17/log_dir/sirius_2026-07-09.log
paging,q17,page_directory,25499.0,,8574195616,7.985341936349869,520,0,56,experiment/fixed_page_runs/allq_5x_7gb_fixed/paging/q17/log_dir/sirius_2026-07-09.log
paging,q17,page_budget,25673.0,1,4287043800,3.9926206693053246,,95908640,6,experiment/fixed_page_runs/allq_5x_7gb_fixed/paging/q17/log_dir/sirius_2026-07-09.log
paging,q17,page_directory,25673.0,,8574235808,7.985379368066788,520,0,62,experiment/fixed_page_runs/allq_5x_7gb_fixed/paging/q17/log_dir/sirius_2026-07-09.log
paging,q17,page_directory,27824.0,,525763104,0.4896550476551056,33,0,0,experiment/fixed_page_runs/allq_5x_7gb_fixed/paging/q17/log_dir/sirius_2026-07-09.log
paging,q17,page_directory,27948.0,,1053106056,0.9807814434170723,66,0,0,experiment/fixed_page_runs/allq_5x_7gb_fixed/paging/q17/log_dir/sirius_2026-07-09.log
paging,q17,page_directory,28133.0,,1580464272,1.471922054886818,99,0,0,experiment/fixed_page_runs/allq_5x_7gb_fixed/paging/q17/log_dir/sirius_2026-07-09.log
paging,q17,page_directory,28284.0,,2107817520,1.9630580395460129,132,0,0,experiment/fixed_page_runs/allq_5x_7gb_fixed/paging/q17/log_dir/sirius_2026-07-09.log
paging,q17,page_directory,28466.0,,2634305448,2.4533881321549416,165,0,0,experiment/fixed_page_runs/allq_5x_7gb_fixed/paging/q17/log_dir/sirius_2026-07-09.log
paging,q17,page_directory,28646.0,,3160440096,2.94338920712471,198,0,0,experiment/fixed_page_runs/allq_5x_7gb_fixed/paging/q17/log_dir/sirius_2026-07-09.log
paging,q17,page_directory,28811.0,,3686563824,3.433380112051964,231,0,0,experiment/fixed_page_runs/allq_5x_7gb_fixed/paging/q17/log_dir/sirius_2026-07-09.log
paging,q17,page_directory,28964.0,,4212681552,3.92336542904377,264,0,0,experiment/fixed_page_runs/allq_5x_7gb_fixed/paging/q17/log_dir/sirius_2026-07-09.log
paging,q17,page_directory,32608.0,,4738805640,4.41335666924715,297,0,0,experiment/fixed_page_runs/allq_5x_7gb_fixed/paging/q17/log_dir/sirius_2026-07-09.log
paging,q17,page_directory,32700.0,,5264938368,4.903355956077576,330,0,0,experiment/fixed_page_runs/allq_5x_7gb_fixed/paging/q17/log_dir/sirius_2026-07-09.log
paging,q17,page_directory,32794.0,,5791065744,5.393350258469582,363,0,0,experiment/fixed_page_runs/allq_5x_7gb_fixed/paging/q17/log_dir/sirius_2026-07-09.log
paging,q17,page_directory,32881.0,,6317196168,5.883347399532795,396,0,0,experiment/fixed_page_runs/allq_5x_7gb_fixed/paging/q17/log_dir/sirius_2026-07-09.log
paging,q17,page_directory,32905.0,,6843321672,6.373339958488941,429,0,0,experiment/fixed_page_runs/allq_5x_7gb_fixed/paging/q17/log_dir/sirius_2026-07-09.log
paging,q17,page_directory,32931.0,,7369458072,6.86334266513586,462,0,0,experiment/fixed_page_runs/allq_5x_7gb_fixed/paging/q17/log_dir/sirius_2026-07-09.log
paging,q17,page_directory,33060.0,,7895605560,7.353355698287487,495,0,0,experiment/fixed_page_runs/allq_5x_7gb_fixed/paging/q17/log_dir/sirius_2026-07-09.log
paging,q17,page_directory,33185.0,,8421748272,7.843364283442497,528,0,0,experiment/fixed_page_runs/allq_5x_7gb_fixed/paging/q17/log_dir/sirius_2026-07-09.log
paging,q17,page_budget,33343.0,1,4284701544,3.990439273416996,,451703736,28,experiment/fixed_page_runs/allq_5x_7gb_fixed/paging/q17/log_dir/sirius_2026-07-09.log
paging,q17,page_directory,33343.0,,8496178824,7.9126831367611885,533,0,28,experiment/fixed_page_runs/allq_5x_7gb_fixed/paging/q17/log_dir/sirius_2026-07-09.log
paging,q17,page_budget,33452.0,0,4285350424,3.9910435900092125,,452228696,28,experiment/fixed_page_runs/allq_5x_7gb_fixed/paging/q17/log_dir/sirius_2026-07-09.log
paging,q17,page_directory,33452.0,,8570051968,7.9814828634262085,538,0,56,experiment/fixed_page_runs/allq_5x_7gb_fixed/paging/q17/log_dir/sirius_2026-07-09.log
paging,q17,page_budget,33607.0,1,4284586120,3.9903317764401436,,526248128,33,experiment/fixed_page_runs/allq_5x_7gb_fixed/paging/q17/log_dir/sirius_2026-07-09.log
paging,q17,page_directory,33607.0,,8569936544,7.981375366449356,538,0,89,experiment/fixed_page_runs/allq_5x_7gb_fixed/paging/q17/log_dir/sirius_2026-07-09.log
paging,q17,page_budget,33731.0,0,4285352312,3.9910453483462334,,526125488,33,experiment/fixed_page_runs/allq_5x_7gb_fixed/paging/q17/log_dir/sirius_2026-07-09.log
paging,q17,page_directory,33731.0,,8569938432,7.981377124786377,538,0,122,experiment/fixed_page_runs/allq_5x_7gb_fixed/paging/q17/log_dir/sirius_2026-07-09.log
paging,q17,page_budget,33888.0,1,4284589800,3.990335203707218,,526135096,33,experiment/fixed_page_runs/allq_5x_7gb_fixed/paging/q17/log_dir/sirius_2026-07-09.log
paging,q17,page_directory,33888.0,,8569942112,7.9813805520534515,538,0,155,experiment/fixed_page_runs/allq_5x_7gb_fixed/paging/q17/log_dir/sirius_2026-07-09.log
paging,q17,page_budget,34015.0,0,4285344360,3.99103794246912,,526134872,33,experiment/fixed_page_runs/allq_5x_7gb_fixed/paging/q17/log_dir/sirius_2026-07-09.log
paging,q17,page_directory,34015.0,,8569934160,7.981373146176338,538,0,188,experiment/fixed_page_runs/allq_5x_7gb_fixed/paging/q17/log_dir/sirius_2026-07-09.log
paging,q17,page_budget,34159.0,1,4284586168,3.990331821143627,,526135256,33,experiment/fixed_page_runs/allq_5x_7gb_fixed/paging/q17/log_dir/sirius_2026-07-09.log
paging,q17,page_directory,34159.0,,8569930528,7.981369763612747,538,0,221,experiment/fixed_page_runs/allq_5x_7gb_fixed/paging/q17/log_dir/sirius_2026-07-09.log
paging,q17,page_budget,34283.0,0,4285354200,3.9910471066832542,,526118712,33,experiment/fixed_page_runs/allq_5x_7gb_fixed/paging/q17/log_dir/sirius_2026-07-09.log
paging,q17,page_directory,34283.0,,8569940368,7.981378927826881,538,0,254,experiment/fixed_page_runs/allq_5x_7gb_fixed/paging/q17/log_dir/sirius_2026-07-09.log
paging,q17,page_budget,34448.0,1,4284704224,3.990441769361496,,526006392,33,experiment/fixed_page_runs/allq_5x_7gb_fixed/paging/q17/log_dir/sirius_2026-07-09.log
paging,q17,page_directory,34448.0,,8570058424,7.98148887604475,538,0,287,experiment/fixed_page_runs/allq_5x_7gb_fixed/paging/q17/log_dir/sirius_2026-07-09.log
paging,q17,page_budget,34572.0,0,4284944376,3.990665428340435,,526530840,33,experiment/fixed_page_runs/allq_5x_7gb_fixed/paging/q17/log_dir/sirius_2026-07-09.log
paging,q17,page_directory,34573.0,,8569648600,7.981107197701931,538,0,320,experiment/fixed_page_runs/allq_5x_7gb_fixed/paging/q17/log_dir/sirius_2026-07-09.log
paging,q17,page_budget,34715.0,1,4284182736,3.989956095814705,,526662328,33,experiment/fixed_page_runs/allq_5x_7gb_fixed/paging/q17/log_dir/sirius_2026-07-09.log
paging,q17,page_directory,34715.0,,8569127112,7.98062152415514,538,0,353,experiment/fixed_page_runs/allq_5x_7gb_fixed/paging/q17/log_dir/sirius_2026-07-09.log
paging,q17,page_budget,34773.0,0,4287326936,3.992884360253811,,189370432,12,experiment/fixed_page_runs/allq_5x_7gb_fixed/paging/q17/log_dir/sirius_2026-07-09.log
paging,q17,page_directory,34773.0,,8571509672,7.982840456068516,538,0,365,experiment/fixed_page_runs/allq_5x_7gb_fixed/paging/q17/log_dir/sirius_2026-07-09.log
paging,q17,page_directory,35065.0,,528270480,0.49199022352695465,32,0,0,experiment/fixed_page_runs/allq_5x_7gb_fixed/paging/q17/log_dir/sirius_2026-07-09.log
paging,q17,page_directory,35161.0,,1055617600,0.9831205010414124,64,0,0,experiment/fixed_page_runs/allq_5x_7gb_fixed/paging/q17/log_dir/sirius_2026-07-09.log
paging,q17,page_directory,35325.0,,1582979200,1.4742642641067505,96,0,0,experiment/fixed_page_runs/allq_5x_7gb_fixed/paging/q17/log_dir/sirius_2026-07-09.log
paging,q17,page_directory,35435.0,,2110946560,1.9659721851348877,128,0,0,experiment/fixed_page_runs/allq_5x_7gb_fixed/paging/q17/log_dir/sirius_2026-07-09.log
paging,q17,page_directory,35735.0,,2639063024,2.4578189700841904,160,0,0,experiment/fixed_page_runs/allq_5x_7gb_fixed/paging/q17/log_dir/sirius_2026-07-09.log
paging,q17,page_directory,35812.0,,3167176384,2.9496628642082214,192,0,0,experiment/fixed_page_runs/allq_5x_7gb_fixed/paging/q17/log_dir/sirius_2026-07-09.log
paging,q17,page_directory,35836.0,,3695295504,3.4415121227502823,224,0,0,experiment/fixed_page_runs/allq_5x_7gb_fixed/paging/q17/log_dir/sirius_2026-07-09.log
paging,q17,page_directory,35852.0,,4223414368,3.933361142873764,256,0,0,experiment/fixed_page_runs/allq_5x_7gb_fixed/paging/q17/log_dir/sirius_2026-07-09.log
paging,q17,page_directory,36619.0,,4751536928,4.425213605165482,288,0,0,experiment/fixed_page_runs/allq_5x_7gb_fixed/paging/q17/log_dir/sirius_2026-07-09.log
paging,q17,page_directory,36645.0,,5279679440,4.917084649205208,320,0,0,experiment/fixed_page_runs/allq_5x_7gb_fixed/paging/q17/log_dir/sirius_2026-07-09.log
paging,q17,page_directory,37162.0,,5807789456,5.408925428986549,352,0,0,experiment/fixed_page_runs/allq_5x_7gb_fixed/paging/q17/log_dir/sirius_2026-07-09.log
paging,q17,page_directory,37233.0,,6335921232,5.900786474347115,384,0,0,experiment/fixed_page_runs/allq_5x_7gb_fixed/paging/q17/log_dir/sirius_2026-07-09.log
paging,q17,page_directory,37262.0,,6864047904,6.392642766237259,416,0,0,experiment/fixed_page_runs/allq_5x_7gb_fixed/paging/q17/log_dir/sirius_2026-07-09.log
paging,q17,page_directory,37268.0,,7392166160,6.884491220116615,448,0,0,experiment/fixed_page_runs/allq_5x_7gb_fixed/paging/q17/log_dir/sirius_2026-07-09.log
paging,q17,page_directory,37610.0,,7920288176,7.376343175768852,480,0,0,experiment/fixed_page_runs/allq_5x_7gb_fixed/paging/q17/log_dir/sirius_2026-07-09.log
paging,q17,page_directory,37631.0,,8448417152,7.8682016134262085,512,0,0,experiment/fixed_page_runs/allq_5x_7gb_fixed/paging/q17/log_dir/sirius_2026-07-09.log
paging,q17,page_budget,37972.0,1,4286745808,3.9923431426286697,,33554432,2,experiment/fixed_page_runs/allq_5x_7gb_fixed/paging/q17/log_dir/sirius_2026-07-09.log
paging,q17,page_directory,37972.0,,8510811552,7.9263109266757965,516,0,2,experiment/fixed_page_runs/allq_5x_7gb_fixed/paging/q17/log_dir/sirius_2026-07-09.log
paging,q17,page_budget,38003.0,0,4287192008,3.992758698761463,,465000152,28,experiment/fixed_page_runs/allq_5x_7gb_fixed/paging/q17/log_dir/sirius_2026-07-09.log
paging,q17,page_directory,38003.0,,8573937816,7.985101841390133,520,0,30,experiment/fixed_page_runs/allq_5x_7gb_fixed/paging/q17/log_dir/sirius_2026-07-09.log
paging,q17,page_budget,38011.0,1,4287043800,3.9926206693053246,,527816040,32,experiment/fixed_page_runs/allq_5x_7gb_fixed/paging/q17/log_dir/sirius_2026-07-09.log
paging,q17,page_directory,38011.0,,8574235808,7.985379368066788,520,0,62,experiment/fixed_page_runs/allq_5x_7gb_fixed/paging/q17/log_dir/sirius_2026-07-09.log
paging,q17,page_directory,40307.0,,525763104,0.4896550476551056,33,0,0,experiment/fixed_page_runs/allq_5x_7gb_fixed/paging/q17/log_dir/sirius_2026-07-09.log
paging,q17,page_directory,40408.0,,1053106056,0.9807814434170723,66,0,0,experiment/fixed_page_runs/allq_5x_7gb_fixed/paging/q17/log_dir/sirius_2026-07-09.log
paging,q17,page_directory,40612.0,,1580464272,1.471922054886818,99,0,0,experiment/fixed_page_runs/allq_5x_7gb_fixed/paging/q17/log_dir/sirius_2026-07-09.log
paging,q17,page_directory,40730.0,,2107817520,1.9630580395460129,132,0,0,experiment/fixed_page_runs/allq_5x_7gb_fixed/paging/q17/log_dir/sirius_2026-07-09.log
paging,q17,page_directory,40908.0,,2634305448,2.4533881321549416,165,0,0,experiment/fixed_page_runs/allq_5x_7gb_fixed/paging/q17/log_dir/sirius_2026-07-09.log
paging,q17,page_directory,41102.0,,3160440096,2.94338920712471,198,0,0,experiment/fixed_page_runs/allq_5x_7gb_fixed/paging/q17/log_dir/sirius_2026-07-09.log
paging,q17,page_directory,41258.0,,3686563824,3.433380112051964,231,0,0,experiment/fixed_page_runs/allq_5x_7gb_fixed/paging/q17/log_dir/sirius_2026-07-09.log
paging,q17,page_directory,41406.0,,4212681552,3.92336542904377,264,0,0,experiment/fixed_page_runs/allq_5x_7gb_fixed/paging/q17/log_dir/sirius_2026-07-09.log
paging,q17,page_directory,44879.0,,4738807056,4.413357987999916,297,0,0,experiment/fixed_page_runs/allq_5x_7gb_fixed/paging/q17/log_dir/sirius_2026-07-09.log
paging,q17,page_directory,44955.0,,5264939784,4.903357274830341,330,0,0,experiment/fixed_page_runs/allq_5x_7gb_fixed/paging/q17/log_dir/sirius_2026-07-09.log
paging,q17,page_directory,45049.0,,5791070208,5.393354415893555,363,0,0,experiment/fixed_page_runs/allq_5x_7gb_fixed/paging/q17/log_dir/sirius_2026-07-09.log
paging,q17,page_directory,45144.0,,6317197584,5.883348718285561,396,0,0,experiment/fixed_page_runs/allq_5x_7gb_fixed/paging/q17/log_dir/sirius_2026-07-09.log
paging,q17,page_directory,45168.0,,6843333984,6.37335142493248,429,0,0,experiment/fixed_page_runs/allq_5x_7gb_fixed/paging/q17/log_dir/sirius_2026-07-09.log
paging,q17,page_directory,45190.0,,7369458072,6.86334266513586,462,0,0,experiment/fixed_page_runs/allq_5x_7gb_fixed/paging/q17/log_dir/sirius_2026-07-09.log
paging,q17,page_directory,45327.0,,7895605560,7.353355698287487,495,0,0,experiment/fixed_page_runs/allq_5x_7gb_fixed/paging/q17/log_dir/sirius_2026-07-09.log
paging,q17,page_directory,45468.0,,8421748272,7.843364283442497,528,0,0,experiment/fixed_page_runs/allq_5x_7gb_fixed/paging/q17/log_dir/sirius_2026-07-09.log
paging,q17,page_budget,45610.0,1,4284701544,3.990439273416996,,451703736,28,experiment/fixed_page_runs/allq_5x_7gb_fixed/paging/q17/log_dir/sirius_2026-07-09.log
paging,q17,page_directory,45610.0,,8496178824,7.9126831367611885,533,0,28,experiment/fixed_page_runs/allq_5x_7gb_fixed/paging/q17/log_dir/sirius_2026-07-09.log
paging,q17,page_budget,45751.0,0,4285350424,3.9910435900092125,,452228696,28,experiment/fixed_page_runs/allq_5x_7gb_fixed/paging/q17/log_dir/sirius_2026-07-09.log
paging,q17,page_directory,45751.0,,8570051968,7.9814828634262085,538,0,56,experiment/fixed_page_runs/allq_5x_7gb_fixed/paging/q17/log_dir/sirius_2026-07-09.log
paging,q17,page_budget,45873.0,1,4284586120,3.9903317764401436,,526248128,33,experiment/fixed_page_runs/allq_5x_7gb_fixed/paging/q17/log_dir/sirius_2026-07-09.log
paging,q17,page_directory,45873.0,,8569936544,7.981375366449356,538,0,89,experiment/fixed_page_runs/allq_5x_7gb_fixed/paging/q17/log_dir/sirius_2026-07-09.log
paging,q17,page_budget,46029.0,0,4285351840,3.991044908761978,,526125960,33,experiment/fixed_page_runs/allq_5x_7gb_fixed/paging/q17/log_dir/sirius_2026-07-09.log
paging,q17,page_directory,46029.0,,8569937960,7.981376685202122,538,0,122,experiment/fixed_page_runs/allq_5x_7gb_fixed/paging/q17/log_dir/sirius_2026-07-09.log
paging,q17,page_budget,46177.0,1,4284589800,3.990335203707218,,526135096,33,experiment/fixed_page_runs/allq_5x_7gb_fixed/paging/q17/log_dir/sirius_2026-07-09.log
paging,q17,page_directory,46177.0,,8569941640,7.981380112469196,538,0,155,experiment/fixed_page_runs/allq_5x_7gb_fixed/paging/q17/log_dir/sirius_2026-07-09.log
paging,q17,page_budget,46305.0,0,4285344360,3.99103794246912,,526134400,33,experiment/fixed_page_runs/allq_5x_7gb_fixed/paging/q17/log_dir/sirius_2026-07-09.log
paging,q17,page_directory,46305.0,,8569934160,7.981373146176338,538,0,188,experiment/fixed_page_runs/allq_5x_7gb_fixed/paging/q17/log_dir/sirius_2026-07-09.log
paging,q17,page_budget,46458.0,1,4284586168,3.990331821143627,,526135256,33,experiment/fixed_page_runs/allq_5x_7gb_fixed/paging/q17/log_dir/sirius_2026-07-09.log
paging,q17,page_directory,46458.0,,8569930528,7.981369763612747,538,0,221,experiment/fixed_page_runs/allq_5x_7gb_fixed/paging/q17/log_dir/sirius_2026-07-09.log
paging,q17,page_budget,46542.0,0,4285354200,3.9910471066832542,,526118712,33,experiment/fixed_page_runs/allq_5x_7gb_fixed/paging/q17/log_dir/sirius_2026-07-09.log
paging,q17,page_directory,46542.0,,8569940368,7.981378927826881,538,0,254,experiment/fixed_page_runs/allq_5x_7gb_fixed/paging/q17/log_dir/sirius_2026-07-09.log
paging,q17,page_budget,46742.0,1,4284704224,3.990441769361496,,526006392,33,experiment/fixed_page_runs/allq_5x_7gb_fixed/paging/q17/log_dir/sirius_2026-07-09.log
paging,q17,page_directory,46742.0,,8570058424,7.98148887604475,538,0,287,experiment/fixed_page_runs/allq_5x_7gb_fixed/paging/q17/log_dir/sirius_2026-07-09.log
paging,q17,page_budget,46835.0,0,4284944376,3.990665428340435,,526530840,33,experiment/fixed_page_runs/allq_5x_7gb_fixed/paging/q17/log_dir/sirius_2026-07-09.log
paging,q17,page_directory,46835.0,,8569648600,7.981107197701931,538,0,320,experiment/fixed_page_runs/allq_5x_7gb_fixed/paging/q17/log_dir/sirius_2026-07-09.log
paging,q17,page_budget,47015.0,1,4284182736,3.989956095814705,,526662328,33,experiment/fixed_page_runs/allq_5x_7gb_fixed/paging/q17/log_dir/sirius_2026-07-09.log
paging,q17,page_directory,47016.0,,8569127112,7.98062152415514,538,0,353,experiment/fixed_page_runs/allq_5x_7gb_fixed/paging/q17/log_dir/sirius_2026-07-09.log
paging,q17,page_budget,47038.0,0,4287326936,3.992884360253811,,189370432,12,experiment/fixed_page_runs/allq_5x_7gb_fixed/paging/q17/log_dir/sirius_2026-07-09.log
paging,q17,page_directory,47038.0,,8571509672,7.982840456068516,538,0,365,experiment/fixed_page_runs/allq_5x_7gb_fixed/paging/q17/log_dir/sirius_2026-07-09.log
paging,q17,page_directory,47413.0,,527347120,0.4911302775144577,32,0,0,experiment/fixed_page_runs/allq_5x_7gb_fixed/paging/q17/log_dir/sirius_2026-07-09.log
paging,q17,page_directory,47436.0,,1055617600,0.9831205010414124,64,0,0,experiment/fixed_page_runs/allq_5x_7gb_fixed/paging/q17/log_dir/sirius_2026-07-09.log
paging,q17,page_directory,47767.0,,1582979200,1.4742642641067505,96,0,0,experiment/fixed_page_runs/allq_5x_7gb_fixed/paging/q17/log_dir/sirius_2026-07-09.log
paging,q17,page_directory,47797.0,,2110946560,1.9659721851348877,128,0,0,experiment/fixed_page_runs/allq_5x_7gb_fixed/paging/q17/log_dir/sirius_2026-07-09.log
paging,q17,page_directory,48194.0,,2639065680,2.4578214436769485,160,0,0,experiment/fixed_page_runs/allq_5x_7gb_fixed/paging/q17/log_dir/sirius_2026-07-09.log
paging,q17,page_directory,48275.0,,3167184544,2.9496704638004303,192,0,0,experiment/fixed_page_runs/allq_5x_7gb_fixed/paging/q17/log_dir/sirius_2026-07-09.log
paging,q17,page_directory,48309.0,,3695297904,3.4415143579244614,224,0,0,experiment/fixed_page_runs/allq_5x_7gb_fixed/paging/q17/log_dir/sirius_2026-07-09.log
paging,q17,page_directory,48318.0,,4223414368,3.933361142873764,256,0,0,experiment/fixed_page_runs/allq_5x_7gb_fixed/paging/q17/log_dir/sirius_2026-07-09.log
paging,q17,page_directory,48928.0,,4751556880,4.42523218691349,288,0,0,experiment/fixed_page_runs/allq_5x_7gb_fixed/paging/q17/log_dir/sirius_2026-07-09.log
paging,q17,page_directory,48958.0,,5279679440,4.917084649205208,320,0,0,experiment/fixed_page_runs/allq_5x_7gb_fixed/paging/q17/log_dir/sirius_2026-07-09.log
paging,q17,page_directory,49450.0,,5807789456,5.408925428986549,352,0,0,experiment/fixed_page_runs/allq_5x_7gb_fixed/paging/q17/log_dir/sirius_2026-07-09.log
paging,q17,page_directory,49534.0,,6335921232,5.900786474347115,384,0,0,experiment/fixed_page_runs/allq_5x_7gb_fixed/paging/q17/log_dir/sirius_2026-07-09.log
paging,q17,page_directory,49560.0,,6864039488,6.392634928226471,416,0,0,experiment/fixed_page_runs/allq_5x_7gb_fixed/paging/q17/log_dir/sirius_2026-07-09.log
paging,q17,page_directory,49571.0,,7392166160,6.884491220116615,448,0,0,experiment/fixed_page_runs/allq_5x_7gb_fixed/paging/q17/log_dir/sirius_2026-07-09.log
paging,q17,page_directory,49893.0,,7920288176,7.376343175768852,480,0,0,experiment/fixed_page_runs/allq_5x_7gb_fixed/paging/q17/log_dir/sirius_2026-07-09.log
paging,q17,page_directory,49920.0,,8448417152,7.8682016134262085,512,0,0,experiment/fixed_page_runs/allq_5x_7gb_fixed/paging/q17/log_dir/sirius_2026-07-09.log
paging,q17,page_budget,50285.0,1,4286745808,3.9923431426286697,,33554432,2,experiment/fixed_page_runs/allq_5x_7gb_fixed/paging/q17/log_dir/sirius_2026-07-09.log
paging,q17,page_directory,50285.0,,8510811552,7.9263109266757965,516,0,2,experiment/fixed_page_runs/allq_5x_7gb_fixed/paging/q17/log_dir/sirius_2026-07-09.log
paging,q17,page_budget,50291.0,0,4287192008,3.992758698761463,,465000152,28,experiment/fixed_page_runs/allq_5x_7gb_fixed/paging/q17/log_dir/sirius_2026-07-09.log
paging,q17,page_directory,50291.0,,8573937816,7.985101841390133,520,0,30,experiment/fixed_page_runs/allq_5x_7gb_fixed/paging/q17/log_dir/sirius_2026-07-09.log
paging,q17,page_budget,50298.0,1,4287043800,3.9926206693053246,,527816040,32,experiment/fixed_page_runs/allq_5x_7gb_fixed/paging/q17/log_dir/sirius_2026-07-09.log
paging,q17,page_directory,50298.0,,8574235808,7.985379368066788,520,0,62,experiment/fixed_page_runs/allq_5x_7gb_fixed/paging/q17/log_dir/sirius_2026-07-09.log
paging,q17,page_directory,52570.0,,525763104,0.4896550476551056,33,0,0,experiment/fixed_page_runs/allq_5x_7gb_fixed/paging/q17/log_dir/sirius_2026-07-09.log
paging,q17,page_directory,52702.0,,1053106056,0.9807814434170723,66,0,0,experiment/fixed_page_runs/allq_5x_7gb_fixed/paging/q17/log_dir/sirius_2026-07-09.log
paging,q17,page_directory,52870.0,,1580464272,1.471922054886818,99,0,0,experiment/fixed_page_runs/allq_5x_7gb_fixed/paging/q17/log_dir/sirius_2026-07-09.log
paging,q17,page_directory,53006.0,,2107817520,1.9630580395460129,132,0,0,experiment/fixed_page_runs/allq_5x_7gb_fixed/paging/q17/log_dir/sirius_2026-07-09.log
paging,q17,page_directory,53182.0,,2634305448,2.4533881321549416,165,0,0,experiment/fixed_page_runs/allq_5x_7gb_fixed/paging/q17/log_dir/sirius_2026-07-09.log
paging,q17,page_directory,53353.0,,3160440096,2.94338920712471,198,0,0,experiment/fixed_page_runs/allq_5x_7gb_fixed/paging/q17/log_dir/sirius_2026-07-09.log
paging,q17,page_directory,53525.0,,3686563824,3.433380112051964,231,0,0,experiment/fixed_page_runs/allq_5x_7gb_fixed/paging/q17/log_dir/sirius_2026-07-09.log
paging,q17,page_directory,53705.0,,4212681552,3.92336542904377,264,0,0,experiment/fixed_page_runs/allq_5x_7gb_fixed/paging/q17/log_dir/sirius_2026-07-09.log
paging,q17,page_directory,57145.0,,4738814280,4.413364715874195,297,0,0,experiment/fixed_page_runs/allq_5x_7gb_fixed/paging/q17/log_dir/sirius_2026-07-09.log
paging,q17,page_directory,57235.0,,5264938368,4.903355956077576,330,0,0,experiment/fixed_page_runs/allq_5x_7gb_fixed/paging/q17/log_dir/sirius_2026-07-09.log
paging,q17,page_directory,57323.0,,5791068792,5.393353097140789,363,0,0,experiment/fixed_page_runs/allq_5x_7gb_fixed/paging/q17/log_dir/sirius_2026-07-09.log
paging,q17,page_directory,57393.0,,6317196168,5.883347399532795,396,0,0,experiment/fixed_page_runs/allq_5x_7gb_fixed/paging/q17/log_dir/sirius_2026-07-09.log
paging,q17,page_directory,57416.0,,6843321672,6.373339958488941,429,0,0,experiment/fixed_page_runs/allq_5x_7gb_fixed/paging/q17/log_dir/sirius_2026-07-09.log
paging,q17,page_directory,57431.0,,7369458072,6.86334266513586,462,0,0,experiment/fixed_page_runs/allq_5x_7gb_fixed/paging/q17/log_dir/sirius_2026-07-09.log
paging,q17,page_directory,57610.0,,7895605560,7.353355698287487,495,0,0,experiment/fixed_page_runs/allq_5x_7gb_fixed/paging/q17/log_dir/sirius_2026-07-09.log
paging,q17,page_directory,57708.0,,8421748272,7.843364283442497,528,0,0,experiment/fixed_page_runs/allq_5x_7gb_fixed/paging/q17/log_dir/sirius_2026-07-09.log
paging,q17,page_budget,57891.0,1,4284701544,3.990439273416996,,451703736,28,experiment/fixed_page_runs/allq_5x_7gb_fixed/paging/q17/log_dir/sirius_2026-07-09.log
paging,q17,page_directory,57892.0,,8496178824,7.9126831367611885,533,0,28,experiment/fixed_page_runs/allq_5x_7gb_fixed/paging/q17/log_dir/sirius_2026-07-09.log
paging,q17,page_budget,57989.0,0,4285350424,3.9910435900092125,,452228696,28,experiment/fixed_page_runs/allq_5x_7gb_fixed/paging/q17/log_dir/sirius_2026-07-09.log
paging,q17,page_directory,57989.0,,8570051968,7.9814828634262085,538,0,56,experiment/fixed_page_runs/allq_5x_7gb_fixed/paging/q17/log_dir/sirius_2026-07-09.log
paging,q17,page_budget,58182.0,1,4284586120,3.9903317764401436,,526248128,33,experiment/fixed_page_runs/allq_5x_7gb_fixed/paging/q17/log_dir/sirius_2026-07-09.log
paging,q17,page_directory,58182.0,,8569936544,7.981375366449356,538,0,89,experiment/fixed_page_runs/allq_5x_7gb_fixed/paging/q17/log_dir/sirius_2026-07-09.log
paging,q17,page_budget,58279.0,0,4285352312,3.9910453483462334,,526125488,33,experiment/fixed_page_runs/allq_5x_7gb_fixed/paging/q17/log_dir/sirius_2026-07-09.log
paging,q17,page_directory,58279.0,,8569938432,7.981377124786377,538,0,122,experiment/fixed_page_runs/allq_5x_7gb_fixed/paging/q17/log_dir/sirius_2026-07-09.log
paging,q17,page_budget,58465.0,1,4284589800,3.990335203707218,,526135096,33,experiment/fixed_page_runs/allq_5x_7gb_fixed/paging/q17/log_dir/sirius_2026-07-09.log
paging,q17,page_directory,58465.0,,8569942112,7.9813805520534515,538,0,155,experiment/fixed_page_runs/allq_5x_7gb_fixed/paging/q17/log_dir/sirius_2026-07-09.log
paging,q17,page_budget,58560.0,0,4285344360,3.99103794246912,,526134872,33,experiment/fixed_page_runs/allq_5x_7gb_fixed/paging/q17/log_dir/sirius_2026-07-09.log
paging,q17,page_directory,58560.0,,8569934160,7.981373146176338,538,0,188,experiment/fixed_page_runs/allq_5x_7gb_fixed/paging/q17/log_dir/sirius_2026-07-09.log
paging,q17,page_budget,58740.0,1,4284586168,3.990331821143627,,526135256,33,experiment/fixed_page_runs/allq_5x_7gb_fixed/paging/q17/log_dir/sirius_2026-07-09.log
paging,q17,page_directory,58740.0,,8569930528,7.981369763612747,538,0,221,experiment/fixed_page_runs/allq_5x_7gb_fixed/paging/q17/log_dir/sirius_2026-07-09.log
paging,q17,page_budget,58835.0,0,4285354200,3.9910471066832542,,526118712,33,experiment/fixed_page_runs/allq_5x_7gb_fixed/paging/q17/log_dir/sirius_2026-07-09.log
paging,q17,page_directory,58835.0,,8569940368,7.981378927826881,538,0,254,experiment/fixed_page_runs/allq_5x_7gb_fixed/paging/q17/log_dir/sirius_2026-07-09.log
paging,q17,page_budget,59039.0,1,4284704224,3.990441769361496,,526006392,33,experiment/fixed_page_runs/allq_5x_7gb_fixed/paging/q17/log_dir/sirius_2026-07-09.log
paging,q17,page_directory,59039.0,,8570058424,7.98148887604475,538,0,287,experiment/fixed_page_runs/allq_5x_7gb_fixed/paging/q17/log_dir/sirius_2026-07-09.log
paging,q17,page_budget,59182.0,0,4284944376,3.990665428340435,,526530840,33,experiment/fixed_page_runs/allq_5x_7gb_fixed/paging/q17/log_dir/sirius_2026-07-09.log
paging,q17,page_directory,59182.0,,8569648600,7.981107197701931,538,0,320,experiment/fixed_page_runs/allq_5x_7gb_fixed/paging/q17/log_dir/sirius_2026-07-09.log
paging,q17,page_budget,59314.0,1,4284182736,3.989956095814705,,526662328,33,experiment/fixed_page_runs/allq_5x_7gb_fixed/paging/q17/log_dir/sirius_2026-07-09.log
paging,q17,page_directory,59314.0,,8569127112,7.98062152415514,538,0,353,experiment/fixed_page_runs/allq_5x_7gb_fixed/paging/q17/log_dir/sirius_2026-07-09.log
paging,q17,page_budget,59390.0,0,4287326936,3.992884360253811,,189370432,12,experiment/fixed_page_runs/allq_5x_7gb_fixed/paging/q17/log_dir/sirius_2026-07-09.log
paging,q17,page_directory,59390.0,,8571509672,7.982840456068516,538,0,365,experiment/fixed_page_runs/allq_5x_7gb_fixed/paging/q17/log_dir/sirius_2026-07-09.log
paging,q17,page_directory,59802.0,,527347120,0.4911302775144577,32,0,0,experiment/fixed_page_runs/allq_5x_7gb_fixed/paging/q17/log_dir/sirius_2026-07-09.log
paging,q17,page_directory,59825.0,,1055617600,0.9831205010414124,64,0,0,experiment/fixed_page_runs/allq_5x_7gb_fixed/paging/q17/log_dir/sirius_2026-07-09.log
paging,q17,page_directory,60162.0,,1582979200,1.4742642641067505,96,0,0,experiment/fixed_page_runs/allq_5x_7gb_fixed/paging/q17/log_dir/sirius_2026-07-09.log
paging,q17,page_directory,60190.0,,2110946560,1.9659721851348877,128,0,0,experiment/fixed_page_runs/allq_5x_7gb_fixed/paging/q17/log_dir/sirius_2026-07-09.log
paging,q17,page_directory,60612.0,,2639065680,2.4578214436769485,160,0,0,experiment/fixed_page_runs/allq_5x_7gb_fixed/paging/q17/log_dir/sirius_2026-07-09.log
paging,q17,page_directory,60676.0,,3167184544,2.9496704638004303,192,0,0,experiment/fixed_page_runs/allq_5x_7gb_fixed/paging/q17/log_dir/sirius_2026-07-09.log
paging,q17,page_directory,60703.0,,3695301008,3.441517248749733,224,0,0,experiment/fixed_page_runs/allq_5x_7gb_fixed/paging/q17/log_dir/sirius_2026-07-09.log
paging,q17,page_directory,60714.0,,4223414368,3.933361142873764,256,0,0,experiment/fixed_page_runs/allq_5x_7gb_fixed/paging/q17/log_dir/sirius_2026-07-09.log
paging,q17,page_directory,61303.0,,4751556880,4.42523218691349,288,0,0,experiment/fixed_page_runs/allq_5x_7gb_fixed/paging/q17/log_dir/sirius_2026-07-09.log
paging,q17,page_directory,61325.0,,5279679440,4.917084649205208,320,0,0,experiment/fixed_page_runs/allq_5x_7gb_fixed/paging/q17/log_dir/sirius_2026-07-09.log
paging,q17,page_directory,61820.0,,5807789456,5.408925428986549,352,0,0,experiment/fixed_page_runs/allq_5x_7gb_fixed/paging/q17/log_dir/sirius_2026-07-09.log
paging,q17,page_directory,61884.0,,6335921232,5.900786474347115,384,0,0,experiment/fixed_page_runs/allq_5x_7gb_fixed/paging/q17/log_dir/sirius_2026-07-09.log
paging,q17,page_directory,61913.0,,6864047904,6.392642766237259,416,0,0,experiment/fixed_page_runs/allq_5x_7gb_fixed/paging/q17/log_dir/sirius_2026-07-09.log
paging,q17,page_directory,61921.0,,7392166160,6.884491220116615,448,0,0,experiment/fixed_page_runs/allq_5x_7gb_fixed/paging/q17/log_dir/sirius_2026-07-09.log
paging,q17,page_directory,62266.0,,7920288176,7.376343175768852,480,0,0,experiment/fixed_page_runs/allq_5x_7gb_fixed/paging/q17/log_dir/sirius_2026-07-09.log
paging,q17,page_directory,62289.0,,8448417152,7.8682016134262085,512,0,0,experiment/fixed_page_runs/allq_5x_7gb_fixed/paging/q17/log_dir/sirius_2026-07-09.log
paging,q17,page_budget,62621.0,1,4286745808,3.9923431426286697,,33554432,2,experiment/fixed_page_runs/allq_5x_7gb_fixed/paging/q17/log_dir/sirius_2026-07-09.log
paging,q17,page_directory,62621.0,,8510811552,7.9263109266757965,516,0,2,experiment/fixed_page_runs/allq_5x_7gb_fixed/paging/q17/log_dir/sirius_2026-07-09.log
paging,q17,page_budget,62646.0,0,4287192008,3.992758698761463,,465000152,28,experiment/fixed_page_runs/allq_5x_7gb_fixed/paging/q17/log_dir/sirius_2026-07-09.log
paging,q17,page_directory,62646.0,,8573937816,7.985101841390133,520,0,30,experiment/fixed_page_runs/allq_5x_7gb_fixed/paging/q17/log_dir/sirius_2026-07-09.log
paging,q17,page_budget,62656.0,1,4287043800,3.9926206693053246,,527816040,32,experiment/fixed_page_runs/allq_5x_7gb_fixed/paging/q17/log_dir/sirius_2026-07-09.log
paging,q17,page_directory,62657.0,,8574235808,7.985379368066788,520,0,62,experiment/fixed_page_runs/allq_5x_7gb_fixed/paging/q17/log_dir/sirius_2026-07-09.log
paging,q18,page_directory,1379.0,,528270480,0.49199022352695465,32,0,0,experiment/fixed_page_runs/allq_5x_7gb_fixed/paging/q18/log_dir/sirius_2026-07-09.log
paging,q18,page_directory,1460.0,,1055617600,0.9831205010414124,64,0,0,experiment/fixed_page_runs/allq_5x_7gb_fixed/paging/q18/log_dir/sirius_2026-07-09.log
paging,q18,page_directory,1671.0,,1582979200,1.4742642641067505,96,0,0,experiment/fixed_page_runs/allq_5x_7gb_fixed/paging/q18/log_dir/sirius_2026-07-09.log
paging,q18,page_directory,1729.0,,2110946560,1.9659721851348877,128,0,0,experiment/fixed_page_runs/allq_5x_7gb_fixed/paging/q18/log_dir/sirius_2026-07-09.log
paging,q18,page_directory,1922.0,,2639063024,2.4578189700841904,160,0,0,experiment/fixed_page_runs/allq_5x_7gb_fixed/paging/q18/log_dir/sirius_2026-07-09.log
paging,q18,page_directory,2039.0,,3167182144,2.949668228626251,192,0,0,experiment/fixed_page_runs/allq_5x_7gb_fixed/paging/q18/log_dir/sirius_2026-07-09.log
paging,q18,page_directory,2230.0,,3695295504,3.4415121227502823,224,0,0,experiment/fixed_page_runs/allq_5x_7gb_fixed/paging/q18/log_dir/sirius_2026-07-09.log
paging,q18,page_directory,2411.0,,4223414368,3.933361142873764,256,0,0,experiment/fixed_page_runs/allq_5x_7gb_fixed/paging/q18/log_dir/sirius_2026-07-09.log
paging,q18,page_directory,4358.0,,4751536928,4.425213605165482,288,0,0,experiment/fixed_page_runs/allq_5x_7gb_fixed/paging/q18/log_dir/sirius_2026-07-09.log
paging,q18,page_directory,4380.0,,5279679440,4.917084649205208,320,0,0,experiment/fixed_page_runs/allq_5x_7gb_fixed/paging/q18/log_dir/sirius_2026-07-09.log
paging,q18,page_directory,4634.0,,5807789456,5.408925428986549,352,0,0,experiment/fixed_page_runs/allq_5x_7gb_fixed/paging/q18/log_dir/sirius_2026-07-09.log
paging,q18,page_directory,4661.0,,6335916128,5.900781720876694,384,0,0,experiment/fixed_page_runs/allq_5x_7gb_fixed/paging/q18/log_dir/sirius_2026-07-09.log
paging,q18,page_directory,5168.0,,6864034384,6.39263017475605,416,0,0,experiment/fixed_page_runs/allq_5x_7gb_fixed/paging/q18/log_dir/sirius_2026-07-09.log
paging,q18,page_directory,5190.0,,7392166160,6.884491220116615,448,0,0,experiment/fixed_page_runs/allq_5x_7gb_fixed/paging/q18/log_dir/sirius_2026-07-09.log
paging,q18,page_directory,5687.0,,7920288176,7.376343175768852,480,0,0,experiment/fixed_page_runs/allq_5x_7gb_fixed/paging/q18/log_dir/sirius_2026-07-09.log
paging,q18,page_directory,5712.0,,8448417152,7.8682016134262085,512,0,0,experiment/fixed_page_runs/allq_5x_7gb_fixed/paging/q18/log_dir/sirius_2026-07-09.log
paging,q18,page_budget,6033.0,0,4287003608,3.9925832375884056,,465461832,28,experiment/fixed_page_runs/allq_5x_7gb_fixed/paging/q18/log_dir/sirius_2026-07-09.log
paging,q18,page_directory,6033.0,,8511069352,7.926551021635532,516,0,28,experiment/fixed_page_runs/allq_5x_7gb_fixed/paging/q18/log_dir/sirius_2026-07-09.log
paging,q18,page_budget,6051.0,1,4287192008,3.992758698761463,,465000152,28,experiment/fixed_page_runs/allq_5x_7gb_fixed/paging/q18/log_dir/sirius_2026-07-09.log
paging,q18,page_directory,6051.0,,8574195616,7.985341936349869,520,0,56,experiment/fixed_page_runs/allq_5x_7gb_fixed/paging/q18/log_dir/sirius_2026-07-09.log
paging,q18,page_budget,6258.0,0,4287043800,3.9926206693053246,,95908640,6,experiment/fixed_page_runs/allq_5x_7gb_fixed/paging/q18/log_dir/sirius_2026-07-09.log
paging,q18,page_directory,6258.0,,8574235808,7.985379368066788,520,0,62,experiment/fixed_page_runs/allq_5x_7gb_fixed/paging/q18/log_dir/sirius_2026-07-09.log
paging,q20,page_directory,1087.0,,526878024,0.4906933978199959,33,0,0,experiment/fixed_page_runs/allq_5x_7gb_fixed/paging/q20/log_dir/sirius_2026-07-09.log
paging,q20,page_directory,1095.0,,1053655200,0.9812928736209869,66,0,0,experiment/fixed_page_runs/allq_5x_7gb_fixed/paging/q20/log_dir/sirius_2026-07-09.log
paging,q20,page_directory,1245.0,,1393560816,1.2978546470403671,87,0,0,experiment/fixed_page_runs/allq_5x_7gb_fixed/paging/q20/log_dir/sirius_2026-07-09.log
paging,q20,page_directory,1252.0,,1920000000,1.7881393432617188,120,0,0,experiment/fixed_page_runs/allq_5x_7gb_fixed/paging/q20/log_dir/sirius_2026-07-09.log
paging,q20,page_directory,1733.0,,93203236,0.08680227771401405,7,0,0,experiment/fixed_page_runs/allq_5x_7gb_fixed/paging/q20/log_dir/sirius_2026-07-09.log
paging,q20,page_directory,1737.0,,186592784,0.17377807199954987,14,0,0,experiment/fixed_page_runs/allq_5x_7gb_fixed/paging/q20/log_dir/sirius_2026-07-09.log
paging,q20,page_directory,2156.0,,279881504,0.26065996289253235,21,0,0,experiment/fixed_page_runs/allq_5x_7gb_fixed/paging/q20/log_dir/sirius_2026-07-09.log
paging,q20,page_directory,2160.0,,373296700,0.3476596437394619,28,0,0,experiment/fixed_page_runs/allq_5x_7gb_fixed/paging/q20/log_dir/sirius_2026-07-09.log
paging,q20,page_directory,2769.0,,466282992,0.43425987660884857,35,0,0,experiment/fixed_page_runs/allq_5x_7gb_fixed/paging/q20/log_dir/sirius_2026-07-09.log
paging,q20,page_directory,2794.0,,559392624,0.5209749788045883,42,0,0,experiment/fixed_page_runs/allq_5x_7gb_fixed/paging/q20/log_dir/sirius_2026-07-09.log
paging,q20,page_directory,2889.0,,652577436,0.6077600978314877,49,0,0,experiment/fixed_page_runs/allq_5x_7gb_fixed/paging/q20/log_dir/sirius_2026-07-09.log
paging,q20,page_directory,2903.0,,745695804,0.6944833360612392,56,0,0,experiment/fixed_page_runs/allq_5x_7gb_fixed/paging/q20/log_dir/sirius_2026-07-09.log
paging,q20,page_directory,2914.0,,838820612,0.7812125720083714,63,0,0,experiment/fixed_page_runs/allq_5x_7gb_fixed/paging/q20/log_dir/sirius_2026-07-09.log
paging,q20,page_directory,3012.0,,931967316,0.8679622001945972,70,0,0,experiment/fixed_page_runs/allq_5x_7gb_fixed/paging/q20/log_dir/sirius_2026-07-09.log
paging,q20,page_directory,3193.0,,1024999444,0.954605121165514,77,0,0,experiment/fixed_page_runs/allq_5x_7gb_fixed/paging/q20/log_dir/sirius_2026-07-09.log
paging,q20,page_directory,6043.0,,1118027372,1.0412441305816174,84,0,0,experiment/fixed_page_runs/allq_5x_7gb_fixed/paging/q20/log_dir/sirius_2026-07-09.log
paging,q20,page_directory,6141.0,,1211048888,1.1278771683573723,91,0,0,experiment/fixed_page_runs/allq_5x_7gb_fixed/paging/q20/log_dir/sirius_2026-07-09.log
paging,q20,page_directory,6154.0,,1304202928,1.2146336287260056,98,0,0,experiment/fixed_page_runs/allq_5x_7gb_fixed/paging/q20/log_dir/sirius_2026-07-09.log
paging,q20,page_directory,6166.0,,1397387180,1.301418226212263,105,0,0,experiment/fixed_page_runs/allq_5x_7gb_fixed/paging/q20/log_dir/sirius_2026-07-09.log
paging,q20,page_directory,6543.0,,1490457976,1.388097159564495,112,0,0,experiment/fixed_page_runs/allq_5x_7gb_fixed/paging/q20/log_dir/sirius_2026-07-09.log
paging,q20,page_directory,6649.0,,1583534652,1.4747815690934658,119,0,0,experiment/fixed_page_runs/allq_5x_7gb_fixed/paging/q20/log_dir/sirius_2026-07-09.log
paging,q20,page_directory,6664.0,,1676415580,1.5612836740911007,126,0,0,experiment/fixed_page_runs/allq_5x_7gb_fixed/paging/q20/log_dir/sirius_2026-07-09.log
paging,q20,page_directory,6706.0,,1769531260,1.6480044089257717,133,0,0,experiment/fixed_page_runs/allq_5x_7gb_fixed/paging/q20/log_dir/sirius_2026-07-09.log
paging,q20,page_directory,7095.0,,1862581784,1.734664462506771,140,0,0,experiment/fixed_page_runs/allq_5x_7gb_fixed/paging/q20/log_dir/sirius_2026-07-09.log
paging,q20,page_directory,7167.0,,1955760044,1.8214434795081615,147,0,0,experiment/fixed_page_runs/allq_5x_7gb_fixed/paging/q20/log_dir/sirius_2026-07-09.log
paging,q20,page_directory,7182.0,,2048969720,1.9082517549395561,154,0,0,experiment/fixed_page_runs/allq_5x_7gb_fixed/paging/q20/log_dir/sirius_2026-07-09.log
paging,q20,page_directory,7198.0,,2142130200,1.99501421302557,161,0,0,experiment/fixed_page_runs/allq_5x_7gb_fixed/paging/q20/log_dir/sirius_2026-07-09.log
paging,q20,page_directory,7590.0,,2235196208,2.0816886872053146,168,0,0,experiment/fixed_page_runs/allq_5x_7gb_fixed/paging/q20/log_dir/sirius_2026-07-09.log
paging,q20,page_directory,7621.0,,2269210188,2.113366674631834,172,0,0,experiment/fixed_page_runs/allq_5x_7gb_fixed/paging/q20/log_dir/sirius_2026-07-09.log
paging,q20,page_directory,7644.0,,2362334464,2.2000954151153564,179,0,0,experiment/fixed_page_runs/allq_5x_7gb_fixed/paging/q20/log_dir/sirius_2026-07-09.log
paging,q20,page_directory,7662.0,,2455472432,2.2868369072675705,186,0,0,experiment/fixed_page_runs/allq_5x_7gb_fixed/paging/q20/log_dir/sirius_2026-07-09.log
paging,q20,page_directory,7905.0,,2548618492,2.3735859356820583,193,0,0,experiment/fixed_page_runs/allq_5x_7gb_fixed/paging/q20/log_dir/sirius_2026-07-09.log
paging,q21,page_directory,2184.0,,525763104,0.4896550476551056,34,0,0,experiment/fixed_page_runs/allq_5x_7gb_fixed/paging/q21/log_dir/sirius_2026-07-09.log
paging,q21,page_directory,2194.0,,1050144192,0.9780229926109314,68,0,0,experiment/fixed_page_runs/allq_5x_7gb_fixed/paging/q21/log_dir/sirius_2026-07-09.log
paging,q21,page_directory,2555.0,,1574540160,1.4664047956466675,102,0,0,experiment/fixed_page_runs/allq_5x_7gb_fixed/paging/q21/log_dir/sirius_2026-07-09.log
paging,q21,page_directory,2578.0,,2098929744,1.9547806531190872,136,0,0,experiment/fixed_page_runs/allq_5x_7gb_fixed/paging/q21/log_dir/sirius_2026-07-09.log
paging,q21,page_directory,3021.0,,2622085776,2.442007675766945,170,0,0,experiment/fixed_page_runs/allq_5x_7gb_fixed/paging/q21/log_dir/sirius_2026-07-09.log
paging,q21,page_directory,3096.0,,3145213056,2.929207921028137,204,0,0,experiment/fixed_page_runs/allq_5x_7gb_fixed/paging/q21/log_dir/sirius_2026-07-09.log
paging,q21,page_directory,3127.0,,3668627784,3.4166758731007576,238,0,0,experiment/fixed_page_runs/allq_5x_7gb_fixed/paging/q21/log_dir/sirius_2026-07-09.log
paging,q21,page_directory,3136.0,,4191764400,3.9038848131895065,272,0,0,experiment/fixed_page_runs/allq_5x_7gb_fixed/paging/q21/log_dir/sirius_2026-07-09.log
paging,q21,page_directory,6307.0,,4714907736,4.391100011765957,306,0,0,experiment/fixed_page_runs/allq_5x_7gb_fixed/paging/q21/log_dir/sirius_2026-07-09.log
paging,q21,page_directory,6327.0,,5238032952,4.878298334777355,340,0,0,experiment/fixed_page_runs/allq_5x_7gb_fixed/paging/q21/log_dir/sirius_2026-07-09.log
paging,q21,page_directory,6643.0,,5761169808,5.365507498383522,374,0,0,experiment/fixed_page_runs/allq_5x_7gb_fixed/paging/q21/log_dir/sirius_2026-07-09.log
paging,q21,page_directory,6671.0,,6284307216,5.85271717607975,408,0,0,experiment/fixed_page_runs/allq_5x_7gb_fixed/paging/q21/log_dir/sirius_2026-07-09.log
paging,q21,page_directory,7296.0,,6807443280,6.339925602078438,442,0,0,experiment/fixed_page_runs/allq_5x_7gb_fixed/paging/q21/log_dir/sirius_2026-07-09.log
paging,q21,page_directory,7314.0,,7330588440,6.827142499387264,476,0,0,experiment/fixed_page_runs/allq_5x_7gb_fixed/paging/q21/log_dir/sirius_2026-07-09.log
paging,q21,page_directory,8032.0,,7853747136,7.314372003078461,510,0,0,experiment/fixed_page_runs/allq_5x_7gb_fixed/paging/q21/log_dir/sirius_2026-07-09.log
paging,q21,page_directory,8049.0,,8376903288,7.801599137485027,544,0,0,experiment/fixed_page_runs/allq_5x_7gb_fixed/paging/q21/log_dir/sirius_2026-07-09.log
paging,q21,page_budget,8388.0,0,4294036992,3.999133586883545,,416699088,26,experiment/fixed_page_runs/allq_5x_7gb_fixed/paging/q21/log_dir/sirius_2026-07-09.log
paging,q21,page_directory,8388.0,,8483322912,7.9007101356983185,552,0,26,experiment/fixed_page_runs/allq_5x_7gb_fixed/paging/q21/log_dir/sirius_2026-07-09.log
paging,q21,page_budget,8414.0,1,4278488736,3.9846531450748444,,433939104,27,experiment/fixed_page_runs/allq_5x_7gb_fixed/paging/q21/log_dir/sirius_2026-07-09.log
paging,q21,page_directory,8414.0,,8572525728,7.983786731958389,559,0,53,experiment/fixed_page_runs/allq_5x_7gb_fixed/paging/q21/log_dir/sirius_2026-07-09.log
paging,q21,page_budget,8883.0,1,4278394128,3.984565034508705,,523231560,33,experiment/fixed_page_runs/allq_5x_7gb_fixed/paging/q21/log_dir/sirius_2026-07-09.log
paging,q21,page_directory,8883.0,,8572431120,7.98369862139225,560,0,86,experiment/fixed_page_runs/allq_5x_7gb_fixed/paging/q21/log_dir/sirius_2026-07-09.log
paging,q21,page_budget,8901.0,0,4294036952,3.999133549630642,,523136176,33,experiment/fixed_page_runs/allq_5x_7gb_fixed/paging/q21/log_dir/sirius_2026-07-09.log
paging,q21,page_directory,8901.0,,8572431080,7.983698584139347,561,0,119,experiment/fixed_page_runs/allq_5x_7gb_fixed/paging/q21/log_dir/sirius_2026-07-09.log
paging,q21,page_budget,9262.0,0,4294033296,3.999130144715309,,523146056,33,experiment/fixed_page_runs/allq_5x_7gb_fixed/paging/q21/log_dir/sirius_2026-07-09.log
paging,q21,page_directory,9262.0,,8572427424,7.983695179224014,562,0,152,experiment/fixed_page_runs/allq_5x_7gb_fixed/paging/q21/log_dir/sirius_2026-07-09.log
paging,q21,page_budget,9283.0,1,4278406416,3.984576478600502,,523144056,33,experiment/fixed_page_runs/allq_5x_7gb_fixed/paging/q21/log_dir/sirius_2026-07-09.log
paging,q21,page_directory,9283.0,,8572439712,7.983706623315811,563,0,185,experiment/fixed_page_runs/allq_5x_7gb_fixed/paging/q21/log_dir/sirius_2026-07-09.log
paging,q21,page_budget,9696.0,1,4278403000,3.984573297202587,,523145072,33,experiment/fixed_page_runs/allq_5x_7gb_fixed/paging/q21/log_dir/sirius_2026-07-09.log
paging,q21,page_directory,9696.0,,8572436296,7.983703441917896,564,0,218,experiment/fixed_page_runs/allq_5x_7gb_fixed/paging/q21/log_dir/sirius_2026-07-09.log
paging,q21,page_budget,9715.0,0,4294043760,3.99913989007473,,523132416,33,experiment/fixed_page_runs/allq_5x_7gb_fixed/paging/q21/log_dir/sirius_2026-07-09.log
paging,q21,page_directory,9715.0,,8572446760,7.983713187277317,565,0,251,experiment/fixed_page_runs/allq_5x_7gb_fixed/paging/q21/log_dir/sirius_2026-07-09.log
paging,q21,page_budget,10242.0,1,4294298416,3.999377056956291,,507234264,32,experiment/fixed_page_runs/allq_5x_7gb_fixed/paging/q21/log_dir/sirius_2026-07-09.log
paging,q21,page_directory,10242.0,,8588342176,7.998516947031021,567,0,283,experiment/fixed_page_runs/allq_5x_7gb_fixed/paging/q21/log_dir/sirius_2026-07-09.log
paging,q21,page_budget,10263.0,0,4293626096,3.9987509101629257,,523553152,33,experiment/fixed_page_runs/allq_5x_7gb_fixed/paging/q21/log_dir/sirius_2026-07-09.log
paging,q21,page_directory,10263.0,,8587924512,7.998127967119217,568,0,316,experiment/fixed_page_runs/allq_5x_7gb_fixed/paging/q21/log_dir/sirius_2026-07-09.log
paging,q21,page_budget,10561.0,0,4281705264,3.987648770213127,,281400200,18,experiment/fixed_page_runs/allq_5x_7gb_fixed/paging/q21/log_dir/sirius_2026-07-09.log
paging,q21,page_directory,10561.0,,8576003680,7.987025827169418,568,0,334,experiment/fixed_page_runs/allq_5x_7gb_fixed/paging/q21/log_dir/sirius_2026-07-09.log
paging,q21,page_budget,10590.0,1,4293791400,3.9989048615098,,523651840,33,experiment/fixed_page_runs/allq_5x_7gb_fixed/paging/q21/log_dir/sirius_2026-07-09.log
paging,q21,page_directory,10590.0,,8575496664,7.986553631722927,569,0,367,experiment/fixed_page_runs/allq_5x_7gb_fixed/paging/q21/log_dir/sirius_2026-07-09.log
paging,q21,page_directory,12797.0,,528270480,0.49199022352695465,32,0,0,experiment/fixed_page_runs/allq_5x_7gb_fixed/paging/q21/log_dir/sirius_2026-07-09.log
paging,q21,page_directory,12817.0,,1055617600,0.9831205010414124,64,0,0,experiment/fixed_page_runs/allq_5x_7gb_fixed/paging/q21/log_dir/sirius_2026-07-09.log
paging,q21,page_directory,13138.0,,1582979200,1.4742642641067505,96,0,0,experiment/fixed_page_runs/allq_5x_7gb_fixed/paging/q21/log_dir/sirius_2026-07-09.log
paging,q21,page_directory,13160.0,,2110946560,1.9659721851348877,128,0,0,experiment/fixed_page_runs/allq_5x_7gb_fixed/paging/q21/log_dir/sirius_2026-07-09.log
paging,q21,page_directory,13552.0,,2639059920,2.4578160792589188,160,0,0,experiment/fixed_page_runs/allq_5x_7gb_fixed/paging/q21/log_dir/sirius_2026-07-09.log
paging,q21,page_directory,13640.0,,3167176384,2.9496628642082214,192,0,0,experiment/fixed_page_runs/allq_5x_7gb_fixed/paging/q21/log_dir/sirius_2026-07-09.log
paging,q21,page_directory,13669.0,,3695295504,3.4415121227502823,224,0,0,experiment/fixed_page_runs/allq_5x_7gb_fixed/paging/q21/log_dir/sirius_2026-07-09.log
paging,q21,page_directory,13678.0,,4223414368,3.933361142873764,256,0,0,experiment/fixed_page_runs/allq_5x_7gb_fixed/paging/q21/log_dir/sirius_2026-07-09.log
paging,q21,page_directory,14342.0,,4751556880,4.42523218691349,288,0,0,experiment/fixed_page_runs/allq_5x_7gb_fixed/paging/q21/log_dir/sirius_2026-07-09.log
paging,q21,page_directory,14369.0,,5279679440,4.917084649205208,320,0,0,experiment/fixed_page_runs/allq_5x_7gb_fixed/paging/q21/log_dir/sirius_2026-07-09.log
paging,q21,page_directory,14890.0,,5807806112,5.408940941095352,352,0,0,experiment/fixed_page_runs/allq_5x_7gb_fixed/paging/q21/log_dir/sirius_2026-07-09.log
paging,q21,page_directory,14957.0,,6335924368,5.900789394974709,384,0,0,experiment/fixed_page_runs/allq_5x_7gb_fixed/paging/q21/log_dir/sirius_2026-07-09.log
paging,q21,page_directory,14986.0,,6864056144,6.392650440335274,416,0,0,experiment/fixed_page_runs/allq_5x_7gb_fixed/paging/q21/log_dir/sirius_2026-07-09.log
paging,q21,page_directory,15000.0,,7392166160,6.884491220116615,448,0,0,experiment/fixed_page_runs/allq_5x_7gb_fixed/paging/q21/log_dir/sirius_2026-07-09.log
paging,q21,page_directory,15547.0,,7920288176,7.376343175768852,480,0,0,experiment/fixed_page_runs/allq_5x_7gb_fixed/paging/q21/log_dir/sirius_2026-07-09.log
paging,q21,page_directory,15562.0,,8448417152,7.8682016134262085,512,0,0,experiment/fixed_page_runs/allq_5x_7gb_fixed/paging/q21/log_dir/sirius_2026-07-09.log
paging,q21,page_budget,16138.0,1,4286745808,3.9923431426286697,,33554432,2,experiment/fixed_page_runs/allq_5x_7gb_fixed/paging/q21/log_dir/sirius_2026-07-09.log
paging,q21,page_directory,16138.0,,8510811552,7.9263109266757965,516,0,2,experiment/fixed_page_runs/allq_5x_7gb_fixed/paging/q21/log_dir/sirius_2026-07-09.log
paging,q21,page_budget,16145.0,0,4287192008,3.992758698761463,,465000152,28,experiment/fixed_page_runs/allq_5x_7gb_fixed/paging/q21/log_dir/sirius_2026-07-09.log
paging,q21,page_directory,16145.0,,8573937816,7.985101841390133,520,0,30,experiment/fixed_page_runs/allq_5x_7gb_fixed/paging/q21/log_dir/sirius_2026-07-09.log
paging,q21,page_budget,16156.0,1,4287043800,3.9926206693053246,,527816040,32,experiment/fixed_page_runs/allq_5x_7gb_fixed/paging/q21/log_dir/sirius_2026-07-09.log
paging,q21,page_directory,16156.0,,8574235808,7.985379368066788,520,0,62,experiment/fixed_page_runs/allq_5x_7gb_fixed/paging/q21/log_dir/sirius_2026-07-09.log
paging,q21,page_directory,18032.0,,525763104,0.4896550476551056,34,0,0,experiment/fixed_page_runs/allq_5x_7gb_fixed/paging/q21/log_dir/sirius_2026-07-09.log
paging,q21,page_directory,18111.0,,1050144192,0.9780229926109314,68,0,0,experiment/fixed_page_runs/allq_5x_7gb_fixed/paging/q21/log_dir/sirius_2026-07-09.log
paging,q21,page_directory,18296.0,,1574540160,1.4664047956466675,102,0,0,experiment/fixed_page_runs/allq_5x_7gb_fixed/paging/q21/log_dir/sirius_2026-07-09.log
paging,q21,page_directory,18377.0,,2098929744,1.9547806531190872,136,0,0,experiment/fixed_page_runs/allq_5x_7gb_fixed/paging/q21/log_dir/sirius_2026-07-09.log
paging,q21,page_directory,18696.0,,2622066360,2.441989593207836,170,0,0,experiment/fixed_page_runs/allq_5x_7gb_fixed/paging/q21/log_dir/sirius_2026-07-09.log
paging,q21,page_directory,18764.0,,3145481088,2.9294575452804565,204,0,0,experiment/fixed_page_runs/allq_5x_7gb_fixed/paging/q21/log_dir/sirius_2026-07-09.log
paging,q21,page_directory,18791.0,,3668637120,3.416684567928314,238,0,0,experiment/fixed_page_runs/allq_5x_7gb_fixed/paging/q21/log_dir/sirius_2026-07-09.log
paging,q21,page_directory,18803.0,,4191764400,3.9038848131895065,272,0,0,experiment/fixed_page_runs/allq_5x_7gb_fixed/paging/q21/log_dir/sirius_2026-07-09.log
paging,q21,page_directory,20418.0,,4714901808,4.391094490885735,306,0,0,experiment/fixed_page_runs/allq_5x_7gb_fixed/paging/q21/log_dir/sirius_2026-07-09.log
paging,q21,page_directory,20490.0,,5238045144,4.878309689462185,340,0,0,experiment/fixed_page_runs/allq_5x_7gb_fixed/paging/q21/log_dir/sirius_2026-07-09.log
paging,q21,page_directory,20525.0,,5761170360,5.365508012473583,374,0,0,experiment/fixed_page_runs/allq_5x_7gb_fixed/paging/q21/log_dir/sirius_2026-07-09.log
paging,q21,page_directory,20536.0,,6284307216,5.85271717607975,408,0,0,experiment/fixed_page_runs/allq_5x_7gb_fixed/paging/q21/log_dir/sirius_2026-07-09.log
paging,q21,page_directory,20717.0,,6807443280,6.339925602078438,442,0,0,experiment/fixed_page_runs/allq_5x_7gb_fixed/paging/q21/log_dir/sirius_2026-07-09.log
paging,q21,page_directory,20794.0,,7330588440,6.827142499387264,476,0,0,experiment/fixed_page_runs/allq_5x_7gb_fixed/paging/q21/log_dir/sirius_2026-07-09.log
paging,q21,page_directory,21040.0,,7853747136,7.314372003078461,510,0,0,experiment/fixed_page_runs/allq_5x_7gb_fixed/paging/q21/log_dir/sirius_2026-07-09.log
paging,q21,page_directory,21123.0,,8376903288,7.801599137485027,544,0,0,experiment/fixed_page_runs/allq_5x_7gb_fixed/paging/q21/log_dir/sirius_2026-07-09.log
paging,q21,page_budget,21384.0,0,4278488736,3.9846531450748444,,433939104,27,experiment/fixed_page_runs/allq_5x_7gb_fixed/paging/q21/log_dir/sirius_2026-07-09.log
paging,q21,page_directory,21384.0,,8466106104,7.884675733745098,551,0,27,experiment/fixed_page_runs/allq_5x_7gb_fixed/paging/q21/log_dir/sirius_2026-07-09.log
paging,q21,page_budget,21399.0,1,4294036992,3.999133586883545,,416699088,26,experiment/fixed_page_runs/allq_5x_7gb_fixed/paging/q21/log_dir/sirius_2026-07-09.log
paging,q21,page_directory,21399.0,,8572525728,7.983786731958389,559,0,53,experiment/fixed_page_runs/allq_5x_7gb_fixed/paging/q21/log_dir/sirius_2026-07-09.log
paging,q21,page_budget,21744.0,0,4278396104,3.9845668748021126,,523229584,33,experiment/fixed_page_runs/allq_5x_7gb_fixed/paging/q21/log_dir/sirius_2026-07-09.log
paging,q21,page_directory,21744.0,,8572433096,7.9837004616856575,560,0,86,experiment/fixed_page_runs/allq_5x_7gb_fixed/paging/q21/log_dir/sirius_2026-07-09.log
paging,q21,page_budget,21761.0,1,4294036952,3.999133549630642,,523136176,33,experiment/fixed_page_runs/allq_5x_7gb_fixed/paging/q21/log_dir/sirius_2026-07-09.log
paging,q21,page_directory,21761.0,,8572433056,7.9837004244327545,561,0,119,experiment/fixed_page_runs/allq_5x_7gb_fixed/paging/q21/log_dir/sirius_2026-07-09.log
paging,q21,page_budget,22102.0,0,4278406416,3.984576478600502,,523146032,33,experiment/fixed_page_runs/allq_5x_7gb_fixed/paging/q21/log_dir/sirius_2026-07-09.log
paging,q21,page_directory,22103.0,,8572443368,7.983710028231144,562,0,152,experiment/fixed_page_runs/allq_5x_7gb_fixed/paging/q21/log_dir/sirius_2026-07-09.log
paging,q21,page_budget,22121.0,1,4294033296,3.999130144715309,,523146056,33,experiment/fixed_page_runs/allq_5x_7gb_fixed/paging/q21/log_dir/sirius_2026-07-09.log
paging,q21,page_directory,22121.0,,8572439712,7.983706623315811,563,0,185,experiment/fixed_page_runs/allq_5x_7gb_fixed/paging/q21/log_dir/sirius_2026-07-09.log
paging,q21,page_budget,22442.0,0,4278403000,3.984573297202587,,523145072,33,experiment/fixed_page_runs/allq_5x_7gb_fixed/paging/q21/log_dir/sirius_2026-07-09.log
paging,q21,page_directory,22442.0,,8572436296,7.983703441917896,564,0,218,experiment/fixed_page_runs/allq_5x_7gb_fixed/paging/q21/log_dir/sirius_2026-07-09.log
paging,q21,page_budget,22457.0,1,4294043760,3.99913989007473,,523132416,33,experiment/fixed_page_runs/allq_5x_7gb_fixed/paging/q21/log_dir/sirius_2026-07-09.log
paging,q21,page_directory,22457.0,,8572446760,7.983713187277317,565,0,251,experiment/fixed_page_runs/allq_5x_7gb_fixed/paging/q21/log_dir/sirius_2026-07-09.log
paging,q21,page_budget,22799.0,1,4293626096,3.9987509101629257,,523553152,33,experiment/fixed_page_runs/allq_5x_7gb_fixed/paging/q21/log_dir/sirius_2026-07-09.log
paging,q21,page_directory,22800.0,,8572029096,7.983324207365513,566,0,284,experiment/fixed_page_runs/allq_5x_7gb_fixed/paging/q21/log_dir/sirius_2026-07-09.log
paging,q21,page_budget,22818.0,0,4294298416,3.999377056956291,,507234264,32,experiment/fixed_page_runs/allq_5x_7gb_fixed/paging/q21/log_dir/sirius_2026-07-09.log
paging,q21,page_directory,22818.0,,8587924512,7.998127967119217,568,0,316,experiment/fixed_page_runs/allq_5x_7gb_fixed/paging/q21/log_dir/sirius_2026-07-09.log
paging,q21,page_budget,23120.0,1,4281705264,3.987648770213127,,281400200,18,experiment/fixed_page_runs/allq_5x_7gb_fixed/paging/q21/log_dir/sirius_2026-07-09.log
paging,q21,page_directory,23121.0,,8576003680,7.987025827169418,568,0,334,experiment/fixed_page_runs/allq_5x_7gb_fixed/paging/q21/log_dir/sirius_2026-07-09.log
paging,q21,page_budget,23145.0,0,4293884104,3.998991198837757,,523559136,33,experiment/fixed_page_runs/allq_5x_7gb_fixed/paging/q21/log_dir/sirius_2026-07-09.log
paging,q21,page_directory,23145.0,,8575589368,7.986639969050884,569,0,367,experiment/fixed_page_runs/allq_5x_7gb_fixed/paging/q21/log_dir/sirius_2026-07-09.log
paging,q22,page_directory,1205.0,,528181512,0.49190736562013626,32,0,0,experiment/fixed_page_runs/allq_5x_7gb_fixed/paging/q22/log_dir/sirius_2026-07-09.log
paging,q22,page_directory,1209.0,,671429360,0.625317320227623,41,0,0,experiment/fixed_page_runs/allq_5x_7gb_fixed/paging/q22/log_dir/sirius_2026-07-09.log
paging,q22,page_directory,1223.0,,1200000000,1.1175870895385742,73,0,0,experiment/fixed_page_runs/allq_5x_7gb_fixed/paging/q22/log_dir/sirius_2026-07-09.log
pin_table,q2,page_directory,213.0,,200,1.862645149230957e-07,2,0,0,experiment/fixed_page_runs/allq_5x_7gb_fixed/pin_table/q2/log_dir/sirius_2026-07-09.log
pin_table,q2,page_directory,300.0,,240000000,0.22351741790771484,15,0,0,experiment/fixed_page_runs/allq_5x_7gb_fixed/pin_table/q2/log_dir/sirius_2026-07-09.log
pin_table,q2,page_directory,739.0,,1920000000,1.7881393432617188,120,0,0,experiment/fixed_page_runs/allq_5x_7gb_fixed/pin_table/q2/log_dir/sirius_2026-07-09.log
pin_table,q2,page_directory,760.0,,20,1.862645149230957e-08,1,0,0,experiment/fixed_page_runs/allq_5x_7gb_fixed/pin_table/q2/log_dir/sirius_2026-07-09.log
pin_table,q2,page_directory,902.0,,20000000,0.01862645149230957,3,0,0,experiment/fixed_page_runs/allq_5x_7gb_fixed/pin_table/q2/log_dir/sirius_2026-07-09.log
pin_table,q3,page_directory,258.0,,120000000,0.11175870895385742,8,0,0,experiment/fixed_page_runs/allq_5x_7gb_fixed/pin_table/q3/log_dir/sirius_2026-07-09.log
pin_table,q4,page_directory,3354.0,,9600606432,8.941261500120163,587,0,0,experiment/fixed_page_runs/allq_5x_7gb_fixed/pin_table/q4/log_dir/sirius_2026-07-09.log
pin_table,q5,page_directory,264.0,,180000000,0.16763806343078613,12,0,0,experiment/fixed_page_runs/allq_5x_7gb_fixed/pin_table/q5/log_dir/sirius_2026-07-09.log
pin_table,q7,page_directory,264.0,,180000000,0.16763806343078613,12,0,0,experiment/fixed_page_runs/allq_5x_7gb_fixed/pin_table/q7/log_dir/sirius_2026-07-09.log
pin_table,q8,page_directory,268.0,,180000000,0.16763806343078613,12,0,0,experiment/fixed_page_runs/allq_5x_7gb_fixed/pin_table/q8/log_dir/sirius_2026-07-09.log
pin_table,q10,page_directory,1416.0,,300000000,0.27939677238464355,28,0,0,experiment/fixed_page_runs/allq_5x_7gb_fixed/pin_table/q10/log_dir/sirius_2026-07-09.log
pin_table,q11,page_directory,234.0,,100,9.313225746154785e-08,1,0,0,experiment/fixed_page_runs/allq_5x_7gb_fixed/pin_table/q11/log_dir/sirius_2026-07-09.log
pin_table,q11,page_directory,753.0,,2560000000,2.384185791015625,156,0,0,experiment/fixed_page_runs/allq_5x_7gb_fixed/pin_table/q11/log_dir/sirius_2026-07-09.log
pin_table,q11,page_directory,780.0,,12000000,0.011175870895385742,2,0,0,experiment/fixed_page_runs/allq_5x_7gb_fixed/pin_table/q11/log_dir/sirius_2026-07-09.log
pin_table,q13,page_directory,250.0,,120000000,0.11175870895385742,8,0,0,experiment/fixed_page_runs/allq_5x_7gb_fixed/pin_table/q13/log_dir/sirius_2026-07-09.log
pin_table,q13,page_directory,3823.0,,2400000000,2.2351741790771484,166,0,0,experiment/fixed_page_runs/allq_5x_7gb_fixed/pin_table/q13/log_dir/sirius_2026-07-09.log
pin_table,q16,page_directory,297.0,,240000000,0.22351741790771484,15,0,0,experiment/fixed_page_runs/allq_5x_7gb_fixed/pin_table/q16/log_dir/sirius_2026-07-09.log
pin_table,q16,page_directory,591.0,,1280000000,1.1920928955078125,78,0,0,experiment/fixed_page_runs/allq_5x_7gb_fixed/pin_table/q16/log_dir/sirius_2026-07-09.log
pin_table,q16,page_directory,707.0,,8000000,0.007450580596923828,1,0,0,experiment/fixed_page_runs/allq_5x_7gb_fixed/pin_table/q16/log_dir/sirius_2026-07-09.log
pin_table,q18,page_directory,306.0,,120000000,0.11175870895385742,8,0,0,experiment/fixed_page_runs/allq_5x_7gb_fixed/pin_table/q18/log_dir/sirius_2026-07-09.log
pin_table,q18,page_directory,2708.0,,9600606432,8.941261500120163,582,0,0,experiment/fixed_page_runs/allq_5x_7gb_fixed/pin_table/q18/log_dir/sirius_2026-07-09.log
pin_table,q22,page_directory,431.0,,240000000,0.22351741790771484,16,0,0,experiment/fixed_page_runs/allq_5x_7gb_fixed/pin_table/q22/log_dir/sirius_2026-07-09.log
pin_table,q22,page_directory,847.0,,1200000000,1.1175870895385742,73,0,0,experiment/fixed_page_runs/allq_5x_7gb_fixed/pin_table/q22/log_dir/sirius_2026-07-09.log
