condition,query,execution,operator_kind,duration_ms
cold_hot,q1,1,GPU_SCAN,4774.606295
cold_hot,q1,1,HASH_GROUP_BY,726.980658
cold_hot,q1,1,MERGE_GROUP_BY,6.328796
cold_hot,q1,1,MERGE_SORT,12.416737
cold_hot,q1,1,ORDER_BY,6.228178
cold_hot,q1,1,PARTITION,1.3751540000000002
cold_hot,q1,1,PROJECTION,162.123895
cold_hot,q1,1,RESULT_COLLECTOR,0.404208
cold_hot,q1,1,SORT_PARTITION,5.822741
cold_hot,q1,1,SORT_SAMPLE,0.674958
cold_hot,q1,2,GPU_SCAN,4827.081964999999
cold_hot,q1,2,HASH_GROUP_BY,720.7247909999998
cold_hot,q1,2,MERGE_GROUP_BY,1.995246
cold_hot,q1,2,MERGE_SORT,2.503612
cold_hot,q1,2,ORDER_BY,0.919819
cold_hot,q1,2,PARTITION,0.846166
cold_hot,q1,2,PROJECTION,153.16632699999997
cold_hot,q1,2,RESULT_COLLECTOR,0.211899
cold_hot,q1,2,SORT_PARTITION,0.551509
cold_hot,q1,2,SORT_SAMPLE,0.184752
cold_hot,q1,3,GPU_SCAN,4747.462568
cold_hot,q1,3,HASH_GROUP_BY,686.6533620000001
cold_hot,q1,3,MERGE_GROUP_BY,1.260927
cold_hot,q1,3,MERGE_SORT,2.704654
cold_hot,q1,3,ORDER_BY,0.451743
cold_hot,q1,3,PARTITION,0.783369
cold_hot,q1,3,PROJECTION,133.23410299999995
cold_hot,q1,3,RESULT_COLLECTOR,0.176875
cold_hot,q1,3,SORT_PARTITION,0.987921
cold_hot,q1,3,SORT_SAMPLE,0.389978
cold_hot,q1,4,GPU_SCAN,4460.323854
cold_hot,q1,4,HASH_GROUP_BY,651.6704029999997
cold_hot,q1,4,MERGE_GROUP_BY,1.188067
cold_hot,q1,4,MERGE_SORT,2.875847
cold_hot,q1,4,ORDER_BY,0.804923
cold_hot,q1,4,PARTITION,0.6070100000000002
cold_hot,q1,4,PROJECTION,102.41824000000001
cold_hot,q1,4,RESULT_COLLECTOR,0.199158
cold_hot,q1,4,SORT_PARTITION,1.008101
cold_hot,q1,4,SORT_SAMPLE,0.41481
cold_hot,q1,5,GPU_SCAN,4787.818167
cold_hot,q1,5,HASH_GROUP_BY,723.592098
cold_hot,q1,5,MERGE_GROUP_BY,1.332872
cold_hot,q1,5,MERGE_SORT,1.563089
cold_hot,q1,5,ORDER_BY,1.217878
cold_hot,q1,5,PARTITION,1.2840900000000002
cold_hot,q1,5,PROJECTION,121.244158
cold_hot,q1,5,RESULT_COLLECTOR,0.162549
cold_hot,q1,5,SORT_PARTITION,0.785738
cold_hot,q1,5,SORT_SAMPLE,0.360812
cold_hot,q1,6,GPU_SCAN,4521.348713
cold_hot,q1,6,HASH_GROUP_BY,648.5053160000001
cold_hot,q1,6,MERGE_GROUP_BY,1.218507
cold_hot,q1,6,MERGE_SORT,0.861323
cold_hot,q1,6,ORDER_BY,0.72923
cold_hot,q1,6,PARTITION,0.47926399999999997
cold_hot,q1,6,PROJECTION,119.53556100000002
cold_hot,q1,6,RESULT_COLLECTOR,0.184285
cold_hot,q1,6,SORT_PARTITION,0.508863
cold_hot,q1,6,SORT_SAMPLE,0.171948
cold_hot,q1,7,GPU_SCAN,4424.484659000001
cold_hot,q1,7,HASH_GROUP_BY,638.298105
cold_hot,q1,7,MERGE_GROUP_BY,1.373747
cold_hot,q1,7,MERGE_SORT,1.371859
cold_hot,q1,7,ORDER_BY,0.615943
cold_hot,q1,7,PARTITION,1.4251910000000003
cold_hot,q1,7,PROJECTION,122.64312699999999
cold_hot,q1,7,RESULT_COLLECTOR,0.165091
cold_hot,q1,7,SORT_PARTITION,0.857378
cold_hot,q1,7,SORT_SAMPLE,0.345189
cold_hot,q1,8,GPU_SCAN,4705.826625
cold_hot,q1,8,HASH_GROUP_BY,692.7070380000001
cold_hot,q1,8,MERGE_GROUP_BY,1.196059
cold_hot,q1,8,MERGE_SORT,1.349988
cold_hot,q1,8,ORDER_BY,0.641067
cold_hot,q1,8,PARTITION,0.841783
cold_hot,q1,8,PROJECTION,124.96435700000002
cold_hot,q1,8,RESULT_COLLECTOR,0.167096
cold_hot,q1,8,SORT_PARTITION,1.185218
cold_hot,q1,8,SORT_SAMPLE,0.440154
cold_hot,q1,9,GPU_SCAN,4547.7694599999995
cold_hot,q1,9,HASH_GROUP_BY,661.165853
cold_hot,q1,9,MERGE_GROUP_BY,1.354394
cold_hot,q1,9,MERGE_SORT,1.320413
cold_hot,q1,9,ORDER_BY,0.824988
cold_hot,q1,9,PARTITION,1.1059010000000005
cold_hot,q1,9,PROJECTION,130.597741
cold_hot,q1,9,RESULT_COLLECTOR,0.155695
cold_hot,q1,9,SORT_PARTITION,0.589177
cold_hot,q1,9,SORT_SAMPLE,0.21449
cold_hot,q1,10,GPU_SCAN,4795.1513079999995
cold_hot,q1,10,HASH_GROUP_BY,747.5531429999999
cold_hot,q1,10,MERGE_GROUP_BY,3.100157
cold_hot,q1,10,MERGE_SORT,1.4917
cold_hot,q1,10,ORDER_BY,0.426975
cold_hot,q1,10,PARTITION,1.5075100000000006
cold_hot,q1,10,PROJECTION,133.1527
cold_hot,q1,10,RESULT_COLLECTOR,0.138323
cold_hot,q1,10,SORT_PARTITION,0.597457
cold_hot,q1,10,SORT_SAMPLE,0.183657
cold_hot,q2,1,CONCAT,4.3878070000000005
cold_hot,q2,1,DYNAMIC_FILTER,11.663241999999999
cold_hot,q2,1,FILTER,0.723936
cold_hot,q2,1,GPU_SCAN,700.092065
cold_hot,q2,1,HASH_GROUP_BY,0.61159
cold_hot,q2,1,HASH_JOIN,9.670418
cold_hot,q2,1,LEFT_DELIM_JOIN,0.689933
cold_hot,q2,1,MERGE_GROUP_BY,0.042951
cold_hot,q2,1,MERGE_TOP_N,2.639308
cold_hot,q2,1,PARTITION,0.596194
cold_hot,q2,1,PROJECTION,0.128711
cold_hot,q2,1,RESULT_COLLECTOR,0.361274
cold_hot,q2,1,TOP_N,2.571107
cold_hot,q2,2,CONCAT,4.528489
cold_hot,q2,2,DYNAMIC_FILTER,8.856398
cold_hot,q2,2,FILTER,0.686084
cold_hot,q2,2,GPU_SCAN,688.898777
cold_hot,q2,2,HASH_GROUP_BY,0.351916
cold_hot,q2,2,HASH_JOIN,11.270123000000002
cold_hot,q2,2,LEFT_DELIM_JOIN,0.196943
cold_hot,q2,2,MERGE_GROUP_BY,0.022946
cold_hot,q2,2,MERGE_TOP_N,1.500443
cold_hot,q2,2,PARTITION,0.6491640000000001
cold_hot,q2,2,PROJECTION,0.06274199999999999
cold_hot,q2,2,RESULT_COLLECTOR,0.340835
cold_hot,q2,2,TOP_N,2.113096
cold_hot,q2,3,CONCAT,4.58374
cold_hot,q2,3,DYNAMIC_FILTER,6.102418999999999
cold_hot,q2,3,FILTER,0.653298
cold_hot,q2,3,GPU_SCAN,688.2159649999999
cold_hot,q2,3,HASH_GROUP_BY,0.415008
cold_hot,q2,3,HASH_JOIN,10.886212
cold_hot,q2,3,LEFT_DELIM_JOIN,0.284884
cold_hot,q2,3,MERGE_GROUP_BY,0.016478
cold_hot,q2,3,MERGE_TOP_N,1.488647
cold_hot,q2,3,PARTITION,0.5780820000000002
cold_hot,q2,3,PROJECTION,0.041904
cold_hot,q2,3,RESULT_COLLECTOR,0.211718
cold_hot,q2,3,TOP_N,2.194667
cold_hot,q2,4,CONCAT,3.6666380000000003
cold_hot,q2,4,DYNAMIC_FILTER,8.855451
cold_hot,q2,4,FILTER,0.582495
cold_hot,q2,4,GPU_SCAN,676.034863
cold_hot,q2,4,HASH_GROUP_BY,0.34358
cold_hot,q2,4,HASH_JOIN,6.833187000000001
cold_hot,q2,4,LEFT_DELIM_JOIN,0.168891
cold_hot,q2,4,MERGE_GROUP_BY,0.011293000000000001
cold_hot,q2,4,MERGE_TOP_N,1.301429
cold_hot,q2,4,PARTITION,0.43574099999999993
cold_hot,q2,4,PROJECTION,0.041244
cold_hot,q2,4,RESULT_COLLECTOR,0.288319
cold_hot,q2,4,TOP_N,1.940851
cold_hot,q2,5,CONCAT,3.9433109999999996
cold_hot,q2,5,DYNAMIC_FILTER,11.083911
cold_hot,q2,5,FILTER,0.64642
cold_hot,q2,5,GPU_SCAN,693.410382
cold_hot,q2,5,HASH_GROUP_BY,0.423152
cold_hot,q2,5,HASH_JOIN,8.531115999999999
cold_hot,q2,5,LEFT_DELIM_JOIN,0.235822
cold_hot,q2,5,MERGE_GROUP_BY,0.044965000000000005
cold_hot,q2,5,MERGE_TOP_N,1.341841
cold_hot,q2,5,PARTITION,0.592155
cold_hot,q2,5,PROJECTION,0.120574
cold_hot,q2,5,RESULT_COLLECTOR,0.324277
cold_hot,q2,5,TOP_N,2.207294
cold_hot,q2,6,CONCAT,4.447691
cold_hot,q2,6,DYNAMIC_FILTER,10.658262
cold_hot,q2,6,FILTER,0.612661
cold_hot,q2,6,GPU_SCAN,694.34997
cold_hot,q2,6,HASH_GROUP_BY,0.427127
cold_hot,q2,6,HASH_JOIN,9.180636
cold_hot,q2,6,LEFT_DELIM_JOIN,0.285085
cold_hot,q2,6,MERGE_GROUP_BY,0.019776000000000002
cold_hot,q2,6,MERGE_TOP_N,1.313954
cold_hot,q2,6,PARTITION,0.6021789999999998
cold_hot,q2,6,PROJECTION,0.045474
cold_hot,q2,6,RESULT_COLLECTOR,0.343426
cold_hot,q2,6,TOP_N,2.04014
cold_hot,q2,7,CONCAT,4.341931
cold_hot,q2,7,DYNAMIC_FILTER,8.915924
cold_hot,q2,7,FILTER,0.828722
cold_hot,q2,7,GPU_SCAN,681.687584
cold_hot,q2,7,HASH_GROUP_BY,0.448712
cold_hot,q2,7,HASH_JOIN,12.234612
cold_hot,q2,7,LEFT_DELIM_JOIN,0.162349
cold_hot,q2,7,MERGE_GROUP_BY,0.04222
cold_hot,q2,7,MERGE_TOP_N,1.889897
cold_hot,q2,7,PARTITION,0.7162499999999998
cold_hot,q2,7,PROJECTION,0.13081099999999998
cold_hot,q2,7,RESULT_COLLECTOR,0.354916
cold_hot,q2,7,TOP_N,2.347493
cold_hot,q2,8,CONCAT,3.8785259999999995
cold_hot,q2,8,DYNAMIC_FILTER,10.951742
cold_hot,q2,8,FILTER,1.338925
cold_hot,q2,8,GPU_SCAN,684.730312
cold_hot,q2,8,HASH_GROUP_BY,0.460951
cold_hot,q2,8,HASH_JOIN,9.856942
cold_hot,q2,8,LEFT_DELIM_JOIN,0.116646
cold_hot,q2,8,MERGE_GROUP_BY,0.028337
cold_hot,q2,8,MERGE_TOP_N,1.51916
cold_hot,q2,8,PARTITION,0.4707930000000001
cold_hot,q2,8,PROJECTION,0.11740400000000001
cold_hot,q2,8,RESULT_COLLECTOR,0.232114
cold_hot,q2,8,TOP_N,2.10349
cold_hot,q2,9,CONCAT,4.236233
cold_hot,q2,9,DYNAMIC_FILTER,11.146980999999998
cold_hot,q2,9,FILTER,0.613633
cold_hot,q2,9,GPU_SCAN,688.345067
cold_hot,q2,9,HASH_GROUP_BY,0.444017
cold_hot,q2,9,HASH_JOIN,8.571499000000001
cold_hot,q2,9,LEFT_DELIM_JOIN,0.335202
cold_hot,q2,9,MERGE_GROUP_BY,0.039234000000000005
cold_hot,q2,9,MERGE_TOP_N,1.429184
cold_hot,q2,9,PARTITION,0.496629
cold_hot,q2,9,PROJECTION,0.06790600000000001
cold_hot,q2,9,RESULT_COLLECTOR,0.212996
cold_hot,q2,9,TOP_N,1.991181
cold_hot,q2,10,CONCAT,3.8509539999999998
cold_hot,q2,10,DYNAMIC_FILTER,9.295781999999999
cold_hot,q2,10,FILTER,0.639175
cold_hot,q2,10,GPU_SCAN,688.332392
cold_hot,q2,10,HASH_GROUP_BY,0.316901
cold_hot,q2,10,HASH_JOIN,9.643105
cold_hot,q2,10,LEFT_DELIM_JOIN,0.271687
cold_hot,q2,10,MERGE_GROUP_BY,0.035628
cold_hot,q2,10,MERGE_TOP_N,1.320051
cold_hot,q2,10,PARTITION,0.45101700000000006
cold_hot,q2,10,PROJECTION,0.092638
cold_hot,q2,10,RESULT_COLLECTOR,0.257412
cold_hot,q2,10,TOP_N,1.994299
cold_hot,q3,1,CONCAT,6.002224
cold_hot,q3,1,DYNAMIC_FILTER,23.127883999999998
cold_hot,q3,1,GPU_SCAN,5044.099311
cold_hot,q3,1,HASH_GROUP_BY,13.292465
cold_hot,q3,1,HASH_JOIN,10.43242
cold_hot,q3,1,MERGE_GROUP_BY,0.02527
cold_hot,q3,1,MERGE_TOP_N,0.343784
cold_hot,q3,1,PARTITION,0.38420699999999997
cold_hot,q3,1,PROJECTION,0.321785
cold_hot,q3,1,RESULT_COLLECTOR,0.347798
cold_hot,q3,1,TOP_N,2.684068
cold_hot,q3,2,CONCAT,5.765823
cold_hot,q3,2,DYNAMIC_FILTER,38.09370199999999
cold_hot,q3,2,GPU_SCAN,5454.997872000002
cold_hot,q3,2,HASH_GROUP_BY,1.259393
cold_hot,q3,2,HASH_JOIN,10.254303
cold_hot,q3,2,MERGE_GROUP_BY,0.012793
cold_hot,q3,2,MERGE_TOP_N,0.318419
cold_hot,q3,2,PARTITION,0.314549
cold_hot,q3,2,PROJECTION,0.239924
cold_hot,q3,2,RESULT_COLLECTOR,0.141858
cold_hot,q3,2,TOP_N,2.491134
cold_hot,q3,3,CONCAT,5.489757
cold_hot,q3,3,DYNAMIC_FILTER,40.283018999999996
cold_hot,q3,3,GPU_SCAN,5553.142101
cold_hot,q3,3,HASH_GROUP_BY,1.304965
cold_hot,q3,3,HASH_JOIN,10.68956
cold_hot,q3,3,MERGE_GROUP_BY,0.007546
cold_hot,q3,3,MERGE_TOP_N,0.243498
cold_hot,q3,3,PARTITION,0.322983
cold_hot,q3,3,PROJECTION,0.23951799999999998
cold_hot,q3,3,RESULT_COLLECTOR,0.126957
cold_hot,q3,3,TOP_N,2.439597
cold_hot,q3,4,CONCAT,5.604232
cold_hot,q3,4,DYNAMIC_FILTER,40.716602
cold_hot,q3,4,GPU_SCAN,5540.419512
cold_hot,q3,4,HASH_GROUP_BY,1.262163
cold_hot,q3,4,HASH_JOIN,10.282534
cold_hot,q3,4,MERGE_GROUP_BY,0.010178
cold_hot,q3,4,MERGE_TOP_N,0.342969
cold_hot,q3,4,PARTITION,0.228468
cold_hot,q3,4,PROJECTION,0.24065699999999998
cold_hot,q3,4,RESULT_COLLECTOR,0.14581
cold_hot,q3,4,TOP_N,2.489099
cold_hot,q3,5,CONCAT,5.269658000000001
cold_hot,q3,5,DYNAMIC_FILTER,37.008716
cold_hot,q3,5,GPU_SCAN,5379.006195000001
cold_hot,q3,5,HASH_GROUP_BY,1.262615
cold_hot,q3,5,HASH_JOIN,10.514042
cold_hot,q3,5,MERGE_GROUP_BY,0.013336
cold_hot,q3,5,MERGE_TOP_N,0.242443
cold_hot,q3,5,PARTITION,0.2904200000000001
cold_hot,q3,5,PROJECTION,0.229171
cold_hot,q3,5,RESULT_COLLECTOR,0.108946
cold_hot,q3,5,TOP_N,2.436554
cold_hot,q3,6,CONCAT,5.382145
cold_hot,q3,6,DYNAMIC_FILTER,36.23990499999999
cold_hot,q3,6,GPU_SCAN,5576.093446
cold_hot,q3,6,HASH_GROUP_BY,1.422266
cold_hot,q3,6,HASH_JOIN,10.419411
cold_hot,q3,6,MERGE_GROUP_BY,0.011732
cold_hot,q3,6,MERGE_TOP_N,0.248722
cold_hot,q3,6,PARTITION,0.35435300000000003
cold_hot,q3,6,PROJECTION,0.235813
cold_hot,q3,6,RESULT_COLLECTOR,0.144555
cold_hot,q3,6,TOP_N,2.490839
cold_hot,q3,7,CONCAT,5.509249
cold_hot,q3,7,DYNAMIC_FILTER,46.70325
cold_hot,q3,7,GPU_SCAN,5593.922715
cold_hot,q3,7,HASH_GROUP_BY,1.298107
cold_hot,q3,7,HASH_JOIN,10.339147
cold_hot,q3,7,MERGE_GROUP_BY,0.022031
cold_hot,q3,7,MERGE_TOP_N,0.307473
cold_hot,q3,7,PARTITION,0.39594699999999994
cold_hot,q3,7,PROJECTION,0.245975
cold_hot,q3,7,RESULT_COLLECTOR,0.122809
cold_hot,q3,7,TOP_N,2.492725
cold_hot,q3,8,CONCAT,6.0802689999999995
cold_hot,q3,8,DYNAMIC_FILTER,19.077548999999998
cold_hot,q3,8,GPU_SCAN,5089.793726
cold_hot,q3,8,HASH_GROUP_BY,1.226434
cold_hot,q3,8,HASH_JOIN,10.880543
cold_hot,q3,8,MERGE_GROUP_BY,0.063203
cold_hot,q3,8,MERGE_TOP_N,0.387097
cold_hot,q3,8,PARTITION,0.35802100000000003
cold_hot,q3,8,PROJECTION,0.31087699999999996
cold_hot,q3,8,RESULT_COLLECTOR,0.198468
cold_hot,q3,8,TOP_N,2.634436
cold_hot,q3,9,CONCAT,5.419336
cold_hot,q3,9,DYNAMIC_FILTER,55.083023999999995
cold_hot,q3,9,GPU_SCAN,5558.073072999999
cold_hot,q3,9,HASH_GROUP_BY,1.256003
cold_hot,q3,9,HASH_JOIN,10.516402
cold_hot,q3,9,MERGE_GROUP_BY,0.020518
cold_hot,q3,9,MERGE_TOP_N,0.222398
cold_hot,q3,9,PARTITION,0.29516
cold_hot,q3,9,PROJECTION,0.254691
cold_hot,q3,9,RESULT_COLLECTOR,0.107972
cold_hot,q3,9,TOP_N,2.603419
cold_hot,q3,10,CONCAT,5.625607
cold_hot,q3,10,DYNAMIC_FILTER,27.339678000000003
cold_hot,q3,10,GPU_SCAN,5712.644034999999
cold_hot,q3,10,HASH_GROUP_BY,1.454616
cold_hot,q3,10,HASH_JOIN,10.470134
cold_hot,q3,10,MERGE_GROUP_BY,0.007542
cold_hot,q3,10,MERGE_TOP_N,0.318002
cold_hot,q3,10,PARTITION,0.263417
cold_hot,q3,10,PROJECTION,0.24889499999999998
cold_hot,q3,10,RESULT_COLLECTOR,0.12623
cold_hot,q3,10,TOP_N,2.536472
cold_hot,q4,1,CONCAT,2.6027970000000002
cold_hot,q4,1,DYNAMIC_FILTER,29.449694
cold_hot,q4,1,FILTER,9.952258
cold_hot,q4,1,GPU_SCAN,2781.5695309999996
cold_hot,q4,1,HASH_GROUP_BY,2.739288
cold_hot,q4,1,HASH_JOIN,8.735679000000001
cold_hot,q4,1,LEFT_DELIM_JOIN,10.036184
cold_hot,q4,1,MERGE_GROUP_BY,3.081856
cold_hot,q4,1,MERGE_SORT,0.023104
cold_hot,q4,1,ORDER_BY,6.174858
cold_hot,q4,1,PARTITION,0.43672700000000003
cold_hot,q4,1,PROJECTION,0.023583
cold_hot,q4,1,RESULT_COLLECTOR,0.480149
cold_hot,q4,1,SORT_PARTITION,0.032054
cold_hot,q4,1,SORT_SAMPLE,0.054375
cold_hot,q4,2,CONCAT,2.399833
cold_hot,q4,2,DYNAMIC_FILTER,18.44854
cold_hot,q4,2,FILTER,11.938667
cold_hot,q4,2,GPU_SCAN,2747.4029819999996
cold_hot,q4,2,HASH_GROUP_BY,2.435037
cold_hot,q4,2,HASH_JOIN,8.236644
cold_hot,q4,2,LEFT_DELIM_JOIN,3.8550940000000002
cold_hot,q4,2,MERGE_GROUP_BY,2.886854
cold_hot,q4,2,MERGE_SORT,0.023701
cold_hot,q4,2,ORDER_BY,0.408826
cold_hot,q4,2,PARTITION,0.342462
cold_hot,q4,2,PROJECTION,0.011255
cold_hot,q4,2,RESULT_COLLECTOR,0.193856
cold_hot,q4,2,SORT_PARTITION,0.005129
cold_hot,q4,2,SORT_SAMPLE,0.008437
cold_hot,q4,3,CONCAT,2.3283
cold_hot,q4,3,DYNAMIC_FILTER,24.807396999999995
cold_hot,q4,3,FILTER,5.457654
cold_hot,q4,3,GPU_SCAN,2955.8150899999996
cold_hot,q4,3,HASH_GROUP_BY,2.309696
cold_hot,q4,3,HASH_JOIN,8.004548
cold_hot,q4,3,LEFT_DELIM_JOIN,5.2196940000000005
cold_hot,q4,3,MERGE_GROUP_BY,3.143434
cold_hot,q4,3,MERGE_SORT,0.006552
cold_hot,q4,3,ORDER_BY,0.155118
cold_hot,q4,3,PARTITION,0.303171
cold_hot,q4,3,PROJECTION,0.013133
cold_hot,q4,3,RESULT_COLLECTOR,0.114197
cold_hot,q4,3,SORT_PARTITION,0.010576
cold_hot,q4,3,SORT_SAMPLE,0.018027
cold_hot,q4,4,CONCAT,2.4424390000000002
cold_hot,q4,4,DYNAMIC_FILTER,25.081896000000004
cold_hot,q4,4,FILTER,10.049339
cold_hot,q4,4,GPU_SCAN,2783.953817
cold_hot,q4,4,HASH_GROUP_BY,2.353551
cold_hot,q4,4,HASH_JOIN,7.943467
cold_hot,q4,4,LEFT_DELIM_JOIN,5.551553
cold_hot,q4,4,MERGE_GROUP_BY,3.089696
cold_hot,q4,4,MERGE_SORT,0.007998
cold_hot,q4,4,ORDER_BY,0.300638
cold_hot,q4,4,PARTITION,0.429801
cold_hot,q4,4,PROJECTION,0.01753
cold_hot,q4,4,RESULT_COLLECTOR,0.279664
cold_hot,q4,4,SORT_PARTITION,0.006811
cold_hot,q4,4,SORT_SAMPLE,0.009659
cold_hot,q4,5,CONCAT,2.01541
cold_hot,q4,5,DYNAMIC_FILTER,32.655356
cold_hot,q4,5,FILTER,9.017589999999998
cold_hot,q4,5,GPU_SCAN,3130.8272620000007
cold_hot,q4,5,HASH_GROUP_BY,2.16709
cold_hot,q4,5,HASH_JOIN,7.683795
cold_hot,q4,5,LEFT_DELIM_JOIN,7.6863090000000005
cold_hot,q4,5,MERGE_GROUP_BY,2.888407
cold_hot,q4,5,MERGE_SORT,0.011816
cold_hot,q4,5,ORDER_BY,0.177008
cold_hot,q4,5,PARTITION,0.526084
cold_hot,q4,5,PROJECTION,0.016167
cold_hot,q4,5,RESULT_COLLECTOR,0.131469
cold_hot,q4,5,SORT_PARTITION,0.010409
cold_hot,q4,5,SORT_SAMPLE,0.011772
cold_hot,q4,6,CONCAT,2.89612
cold_hot,q4,6,DYNAMIC_FILTER,30.571925000000004
cold_hot,q4,6,FILTER,3.26718
cold_hot,q4,6,GPU_SCAN,2775.481005
cold_hot,q4,6,HASH_GROUP_BY,2.304721
cold_hot,q4,6,HASH_JOIN,7.958633000000001
cold_hot,q4,6,LEFT_DELIM_JOIN,6.265439
cold_hot,q4,6,MERGE_GROUP_BY,2.879786
cold_hot,q4,6,MERGE_SORT,0.05277
cold_hot,q4,6,ORDER_BY,0.485792
cold_hot,q4,6,PARTITION,0.357294
cold_hot,q4,6,PROJECTION,0.012747
cold_hot,q4,6,RESULT_COLLECTOR,0.151787
cold_hot,q4,6,SORT_PARTITION,0.00728
cold_hot,q4,6,SORT_SAMPLE,0.014604
cold_hot,q4,7,CONCAT,2.8183930000000004
cold_hot,q4,7,DYNAMIC_FILTER,21.382907
cold_hot,q4,7,FILTER,6.687544
cold_hot,q4,7,GPU_SCAN,2915.240428
cold_hot,q4,7,HASH_GROUP_BY,2.181158
cold_hot,q4,7,HASH_JOIN,7.8103110000000004
cold_hot,q4,7,LEFT_DELIM_JOIN,6.093254
cold_hot,q4,7,MERGE_GROUP_BY,3.005954
cold_hot,q4,7,MERGE_SORT,0.008596
cold_hot,q4,7,ORDER_BY,0.187198
cold_hot,q4,7,PARTITION,0.474292
cold_hot,q4,7,PROJECTION,0.016967
cold_hot,q4,7,RESULT_COLLECTOR,0.295267
cold_hot,q4,7,SORT_PARTITION,0.007955
cold_hot,q4,7,SORT_SAMPLE,0.01084
cold_hot,q4,8,CONCAT,2.258485
cold_hot,q4,8,DYNAMIC_FILTER,22.790154
cold_hot,q4,8,FILTER,8.440850999999999
cold_hot,q4,8,GPU_SCAN,2960.132637
cold_hot,q4,8,HASH_GROUP_BY,2.341028
cold_hot,q4,8,HASH_JOIN,8.485088000000001
cold_hot,q4,8,LEFT_DELIM_JOIN,8.198617
cold_hot,q4,8,MERGE_GROUP_BY,3.130011
cold_hot,q4,8,MERGE_SORT,0.085157
cold_hot,q4,8,ORDER_BY,0.595458
cold_hot,q4,8,PARTITION,0.7488480000000001
cold_hot,q4,8,PROJECTION,0.032471
cold_hot,q4,8,RESULT_COLLECTOR,0.364293
cold_hot,q4,8,SORT_PARTITION,0.013048
cold_hot,q4,8,SORT_SAMPLE,0.026272
cold_hot,q4,9,CONCAT,2.400938
cold_hot,q4,9,DYNAMIC_FILTER,29.109223
cold_hot,q4,9,FILTER,7.765681999999999
cold_hot,q4,9,GPU_SCAN,3087.2260319999996
cold_hot,q4,9,HASH_GROUP_BY,2.207877
cold_hot,q4,9,HASH_JOIN,7.684571
cold_hot,q4,9,LEFT_DELIM_JOIN,5.330307
cold_hot,q4,9,MERGE_GROUP_BY,3.142339
cold_hot,q4,9,MERGE_SORT,0.010772
cold_hot,q4,9,ORDER_BY,0.201512
cold_hot,q4,9,PARTITION,0.22664800000000002
cold_hot,q4,9,PROJECTION,0.014149
cold_hot,q4,9,RESULT_COLLECTOR,0.143241
cold_hot,q4,9,SORT_PARTITION,0.00723
cold_hot,q4,9,SORT_SAMPLE,0.009105
cold_hot,q4,10,CONCAT,3.050834
cold_hot,q4,10,DYNAMIC_FILTER,33.358001
cold_hot,q4,10,FILTER,8.185488
cold_hot,q4,10,GPU_SCAN,2928.6228260000003
cold_hot,q4,10,HASH_GROUP_BY,2.521265
cold_hot,q4,10,HASH_JOIN,8.271567
cold_hot,q4,10,LEFT_DELIM_JOIN,5.712131
cold_hot,q4,10,MERGE_GROUP_BY,2.9662479999999998
cold_hot,q4,10,MERGE_SORT,0.035125
cold_hot,q4,10,ORDER_BY,0.24329
cold_hot,q4,10,PARTITION,0.46824199999999994
cold_hot,q4,10,PROJECTION,0.019242
cold_hot,q4,10,RESULT_COLLECTOR,0.323761
cold_hot,q4,10,SORT_PARTITION,0.007863
cold_hot,q4,10,SORT_SAMPLE,0.010092
cold_hot,q5,1,CONCAT,2.9494499999999997
cold_hot,q5,1,DYNAMIC_FILTER,31.943843000000005
cold_hot,q5,1,GPU_SCAN,5668.867622000001
cold_hot,q5,1,HASH_GROUP_BY,1.555013
cold_hot,q5,1,HASH_JOIN,17.375521
cold_hot,q5,1,MERGE_GROUP_BY,0.063781
cold_hot,q5,1,MERGE_SORT,0.317828
cold_hot,q5,1,ORDER_BY,0.404024
cold_hot,q5,1,PARTITION,0.836527
cold_hot,q5,1,PROJECTION,0.173328
cold_hot,q5,1,RESULT_COLLECTOR,0.387125
cold_hot,q5,1,SORT_PARTITION,0.427646
cold_hot,q5,1,SORT_SAMPLE,0.115963
cold_hot,q5,2,CONCAT,3.194096
cold_hot,q5,2,DYNAMIC_FILTER,31.795745
cold_hot,q5,2,GPU_SCAN,5654.431195999999
cold_hot,q5,2,HASH_GROUP_BY,1.055554
cold_hot,q5,2,HASH_JOIN,16.777267
cold_hot,q5,2,MERGE_GROUP_BY,0.024267
cold_hot,q5,2,MERGE_SORT,0.658443
cold_hot,q5,2,ORDER_BY,0.140363
cold_hot,q5,2,PARTITION,0.4028649999999999
cold_hot,q5,2,PROJECTION,0.111941
cold_hot,q5,2,RESULT_COLLECTOR,0.246573
cold_hot,q5,2,SORT_PARTITION,0.247102
cold_hot,q5,2,SORT_SAMPLE,0.021706
cold_hot,q5,3,CONCAT,2.8877450000000002
cold_hot,q5,3,DYNAMIC_FILTER,29.097524999999994
cold_hot,q5,3,GPU_SCAN,5651.936513000001
cold_hot,q5,3,HASH_GROUP_BY,1.052599
cold_hot,q5,3,HASH_JOIN,17.019379
cold_hot,q5,3,MERGE_GROUP_BY,0.011307
cold_hot,q5,3,MERGE_SORT,0.62488
cold_hot,q5,3,ORDER_BY,0.161625
cold_hot,q5,3,PARTITION,0.36138799999999993
cold_hot,q5,3,PROJECTION,0.108971
cold_hot,q5,3,RESULT_COLLECTOR,0.147791
cold_hot,q5,3,SORT_PARTITION,0.270619
cold_hot,q5,3,SORT_SAMPLE,0.02414
cold_hot,q5,4,CONCAT,3.384032
cold_hot,q5,4,DYNAMIC_FILTER,26.031218000000003
cold_hot,q5,4,GPU_SCAN,5660.774166
cold_hot,q5,4,HASH_GROUP_BY,1.335401
cold_hot,q5,4,HASH_JOIN,17.823383
cold_hot,q5,4,MERGE_GROUP_BY,0.030059
cold_hot,q5,4,MERGE_SORT,0.211317
cold_hot,q5,4,ORDER_BY,0.276347
cold_hot,q5,4,PARTITION,0.6131779999999999
cold_hot,q5,4,PROJECTION,0.128433
cold_hot,q5,4,RESULT_COLLECTOR,0.348623
cold_hot,q5,4,SORT_PARTITION,0.338122
cold_hot,q5,4,SORT_SAMPLE,0.041516
cold_hot,q5,5,CONCAT,2.789945
cold_hot,q5,5,DYNAMIC_FILTER,29.899895
cold_hot,q5,5,GPU_SCAN,5680.387256000001
cold_hot,q5,5,HASH_GROUP_BY,1.19223
cold_hot,q5,5,HASH_JOIN,17.645223
cold_hot,q5,5,MERGE_GROUP_BY,0.045665
cold_hot,q5,5,MERGE_SORT,0.269126
cold_hot,q5,5,ORDER_BY,0.190679
cold_hot,q5,5,PARTITION,0.707479
cold_hot,q5,5,PROJECTION,0.122829
cold_hot,q5,5,RESULT_COLLECTOR,0.314941
cold_hot,q5,5,SORT_PARTITION,0.366918
cold_hot,q5,5,SORT_SAMPLE,0.088667
cold_hot,q5,6,CONCAT,2.8564320000000003
cold_hot,q5,6,DYNAMIC_FILTER,26.605861
cold_hot,q5,6,GPU_SCAN,5692.182589999999
cold_hot,q5,6,HASH_GROUP_BY,1.252225
cold_hot,q5,6,HASH_JOIN,17.129576
cold_hot,q5,6,MERGE_GROUP_BY,0.007128
cold_hot,q5,6,MERGE_SORT,0.704757
cold_hot,q5,6,ORDER_BY,0.157835
cold_hot,q5,6,PARTITION,0.44923799999999997
cold_hot,q5,6,PROJECTION,0.111191
cold_hot,q5,6,RESULT_COLLECTOR,0.112667
cold_hot,q5,6,SORT_PARTITION,0.253565
cold_hot,q5,6,SORT_SAMPLE,0.02674
cold_hot,q5,7,CONCAT,3.1815930000000003
cold_hot,q5,7,DYNAMIC_FILTER,28.719025
cold_hot,q5,7,GPU_SCAN,5674.436987000001
cold_hot,q5,7,HASH_GROUP_BY,1.446768
cold_hot,q5,7,HASH_JOIN,17.344953
cold_hot,q5,7,MERGE_GROUP_BY,0.00856
cold_hot,q5,7,MERGE_SORT,0.378135
cold_hot,q5,7,ORDER_BY,0.18135
cold_hot,q5,7,PARTITION,0.683228
cold_hot,q5,7,PROJECTION,0.135024
cold_hot,q5,7,RESULT_COLLECTOR,0.383631
cold_hot,q5,7,SORT_PARTITION,0.463503
cold_hot,q5,7,SORT_SAMPLE,0.026564
cold_hot,q5,8,CONCAT,3.337252
cold_hot,q5,8,DYNAMIC_FILTER,28.415939999999996
cold_hot,q5,8,GPU_SCAN,5730.78184
cold_hot,q5,8,HASH_GROUP_BY,1.267193
cold_hot,q5,8,HASH_JOIN,17.159708
cold_hot,q5,8,MERGE_GROUP_BY,0.009505
cold_hot,q5,8,MERGE_SORT,0.714525
cold_hot,q5,8,ORDER_BY,0.238796
cold_hot,q5,8,PARTITION,0.625978
cold_hot,q5,8,PROJECTION,0.123361
cold_hot,q5,8,RESULT_COLLECTOR,0.124449
cold_hot,q5,8,SORT_PARTITION,0.321552
cold_hot,q5,8,SORT_SAMPLE,0.038393
cold_hot,q5,9,CONCAT,2.788177
cold_hot,q5,9,DYNAMIC_FILTER,29.212208000000004
cold_hot,q5,9,GPU_SCAN,5708.420878999998
cold_hot,q5,9,HASH_GROUP_BY,1.090271
cold_hot,q5,9,HASH_JOIN,17.451621
cold_hot,q5,9,MERGE_GROUP_BY,0.025756
cold_hot,q5,9,MERGE_SORT,0.207393
cold_hot,q5,9,ORDER_BY,0.184504
cold_hot,q5,9,PARTITION,0.7118420000000002
cold_hot,q5,9,PROJECTION,0.110632
cold_hot,q5,9,RESULT_COLLECTOR,0.218227
cold_hot,q5,9,SORT_PARTITION,0.260075
cold_hot,q5,9,SORT_SAMPLE,0.029483
cold_hot,q5,10,CONCAT,2.685061
cold_hot,q5,10,DYNAMIC_FILTER,29.406394999999996
cold_hot,q5,10,GPU_SCAN,5565.031098
cold_hot,q5,10,HASH_GROUP_BY,1.069374
cold_hot,q5,10,HASH_JOIN,17.275661
cold_hot,q5,10,MERGE_GROUP_BY,0.005517
cold_hot,q5,10,MERGE_SORT,0.185218
cold_hot,q5,10,ORDER_BY,0.138732
cold_hot,q5,10,PARTITION,0.486147
cold_hot,q5,10,PROJECTION,0.110404
cold_hot,q5,10,RESULT_COLLECTOR,0.098997
cold_hot,q5,10,SORT_PARTITION,0.25963
cold_hot,q5,10,SORT_SAMPLE,0.021086
cold_hot,q6,1,GPU_SCAN,3749.306796
cold_hot,q6,1,MERGE_AGGREGATE,0.287445
cold_hot,q6,1,PROJECTION,3.9729380000000005
cold_hot,q6,1,RESULT_COLLECTOR,0.139496
cold_hot,q6,1,UNGROUPED_AGGREGATE,5.210202000000001
cold_hot,q6,2,GPU_SCAN,3743.112319
cold_hot,q6,2,MERGE_AGGREGATE,0.290726
cold_hot,q6,2,PROJECTION,2.508802
cold_hot,q6,2,RESULT_COLLECTOR,0.09856
cold_hot,q6,2,UNGROUPED_AGGREGATE,9.887688
cold_hot,q6,3,GPU_SCAN,3801.8368539999997
cold_hot,q6,3,MERGE_AGGREGATE,0.751825
cold_hot,q6,3,PROJECTION,7.029189
cold_hot,q6,3,RESULT_COLLECTOR,0.131187
cold_hot,q6,3,UNGROUPED_AGGREGATE,3.8024430000000002
cold_hot,q6,4,GPU_SCAN,3925.6188030000003
cold_hot,q6,4,MERGE_AGGREGATE,0.937725
cold_hot,q6,4,PROJECTION,6.476505
cold_hot,q6,4,RESULT_COLLECTOR,0.087794
cold_hot,q6,4,UNGROUPED_AGGREGATE,8.073772
cold_hot,q6,5,GPU_SCAN,3728.334894
cold_hot,q6,5,MERGE_AGGREGATE,0.368903
cold_hot,q6,5,PROJECTION,3.6443619999999997
cold_hot,q6,5,RESULT_COLLECTOR,0.113498
cold_hot,q6,5,UNGROUPED_AGGREGATE,10.409915999999999
cold_hot,q6,6,GPU_SCAN,3745.996958
cold_hot,q6,6,MERGE_AGGREGATE,0.281695
cold_hot,q6,6,PROJECTION,2.5169180000000004
cold_hot,q6,6,RESULT_COLLECTOR,0.083311
cold_hot,q6,6,UNGROUPED_AGGREGATE,10.744651000000001
cold_hot,q6,7,GPU_SCAN,3808.4041999999995
cold_hot,q6,7,MERGE_AGGREGATE,0.26641
cold_hot,q6,7,PROJECTION,7.599714
cold_hot,q6,7,RESULT_COLLECTOR,0.085989
cold_hot,q6,7,UNGROUPED_AGGREGATE,5.791929999999999
cold_hot,q6,8,GPU_SCAN,4012.322849
cold_hot,q6,8,MERGE_AGGREGATE,0.220843
cold_hot,q6,8,PROJECTION,6.575421
cold_hot,q6,8,RESULT_COLLECTOR,0.078952
cold_hot,q6,8,UNGROUPED_AGGREGATE,7.230391999999999
cold_hot,q6,9,GPU_SCAN,3722.772795
cold_hot,q6,9,MERGE_AGGREGATE,0.35608
cold_hot,q6,9,PROJECTION,3.8042120000000006
cold_hot,q6,9,RESULT_COLLECTOR,0.111585
cold_hot,q6,9,UNGROUPED_AGGREGATE,9.851735999999999
cold_hot,q6,10,GPU_SCAN,3749.0914889999995
cold_hot,q6,10,MERGE_AGGREGATE,0.993143
cold_hot,q6,10,PROJECTION,2.317735
cold_hot,q6,10,RESULT_COLLECTOR,0.106422
cold_hot,q6,10,UNGROUPED_AGGREGATE,9.552961000000002
cold_hot,q7,1,CONCAT,5.293889000000001
cold_hot,q7,1,DYNAMIC_FILTER,37.234685999999996
cold_hot,q7,1,FILTER,1.119272
cold_hot,q7,1,GPU_SCAN,6276.230771
cold_hot,q7,1,HASH_GROUP_BY,2.133287
cold_hot,q7,1,HASH_JOIN,20.96361
cold_hot,q7,1,MERGE_GROUP_BY,0.030003
cold_hot,q7,1,MERGE_SORT,0.89222
cold_hot,q7,1,ORDER_BY,0.53499
cold_hot,q7,1,PARTITION,0.626123
cold_hot,q7,1,PROJECTION,0.166448
cold_hot,q7,1,RESULT_COLLECTOR,0.258773
cold_hot,q7,1,SORT_PARTITION,0.892209
cold_hot,q7,1,SORT_SAMPLE,0.317621
cold_hot,q7,2,CONCAT,5.596989000000001
cold_hot,q7,2,DYNAMIC_FILTER,33.55599699999999
cold_hot,q7,2,FILTER,1.051927
cold_hot,q7,2,GPU_SCAN,6222.652342000001
cold_hot,q7,2,HASH_GROUP_BY,1.815495
cold_hot,q7,2,HASH_JOIN,20.334069
cold_hot,q7,2,MERGE_GROUP_BY,0.032539
cold_hot,q7,2,MERGE_SORT,0.874702
cold_hot,q7,2,ORDER_BY,0.523633
cold_hot,q7,2,PARTITION,0.6458519999999999
cold_hot,q7,2,PROJECTION,0.149886
cold_hot,q7,2,RESULT_COLLECTOR,0.42073
cold_hot,q7,2,SORT_PARTITION,0.824947
cold_hot,q7,2,SORT_SAMPLE,0.272599
cold_hot,q7,3,CONCAT,5.47762
cold_hot,q7,3,DYNAMIC_FILTER,31.300037999999997
cold_hot,q7,3,FILTER,1.156237
cold_hot,q7,3,GPU_SCAN,6247.485242
cold_hot,q7,3,HASH_GROUP_BY,1.876919
cold_hot,q7,3,HASH_JOIN,21.069018
cold_hot,q7,3,MERGE_GROUP_BY,0.027474
cold_hot,q7,3,MERGE_SORT,2.218298
cold_hot,q7,3,ORDER_BY,0.558522
cold_hot,q7,3,PARTITION,0.7403839999999999
cold_hot,q7,3,PROJECTION,0.156544
cold_hot,q7,3,RESULT_COLLECTOR,0.157106
cold_hot,q7,3,SORT_PARTITION,0.843644
cold_hot,q7,3,SORT_SAMPLE,0.266512
cold_hot,q7,4,CONCAT,4.703577
cold_hot,q7,4,DYNAMIC_FILTER,41.29723499999999
cold_hot,q7,4,FILTER,1.34071
cold_hot,q7,4,GPU_SCAN,7134.764906000001
cold_hot,q7,4,HASH_GROUP_BY,2.097312
cold_hot,q7,4,HASH_JOIN,21.128522999999994
cold_hot,q7,4,MERGE_GROUP_BY,0.070298
cold_hot,q7,4,MERGE_SORT,0.903095
cold_hot,q7,4,ORDER_BY,1.178887
cold_hot,q7,4,PARTITION,0.514903
cold_hot,q7,4,PROJECTION,0.17263
cold_hot,q7,4,RESULT_COLLECTOR,0.441066
cold_hot,q7,4,SORT_PARTITION,0.972227
cold_hot,q7,4,SORT_SAMPLE,0.346955
cold_hot,q7,5,CONCAT,5.3195179999999995
cold_hot,q7,5,DYNAMIC_FILTER,36.470143
cold_hot,q7,5,FILTER,1.144676
cold_hot,q7,5,GPU_SCAN,6375.822016000001
cold_hot,q7,5,HASH_GROUP_BY,1.797375
cold_hot,q7,5,HASH_JOIN,20.350986999999996
cold_hot,q7,5,MERGE_GROUP_BY,0.030132
cold_hot,q7,5,MERGE_SORT,0.847048
cold_hot,q7,5,ORDER_BY,0.485966
cold_hot,q7,5,PARTITION,0.581161
cold_hot,q7,5,PROJECTION,0.157596
cold_hot,q7,5,RESULT_COLLECTOR,0.207842
cold_hot,q7,5,SORT_PARTITION,0.784513
cold_hot,q7,5,SORT_SAMPLE,0.161196
cold_hot,q7,6,CONCAT,5.069182
cold_hot,q7,6,DYNAMIC_FILTER,32.428416
cold_hot,q7,6,FILTER,1.109858
cold_hot,q7,6,GPU_SCAN,6504.707564000001
cold_hot,q7,6,HASH_GROUP_BY,1.502395
cold_hot,q7,6,HASH_JOIN,19.980452
cold_hot,q7,6,MERGE_GROUP_BY,0.011495
cold_hot,q7,6,MERGE_SORT,0.647966
cold_hot,q7,6,ORDER_BY,0.424873
cold_hot,q7,6,PARTITION,0.38747099999999995
cold_hot,q7,6,PROJECTION,0.135719
cold_hot,q7,6,RESULT_COLLECTOR,0.113393
cold_hot,q7,6,SORT_PARTITION,0.638969
cold_hot,q7,6,SORT_SAMPLE,0.132556
cold_hot,q7,7,CONCAT,4.962913
cold_hot,q7,7,DYNAMIC_FILTER,34.573769999999996
cold_hot,q7,7,FILTER,1.1238130000000002
cold_hot,q7,7,GPU_SCAN,6230.430762999999
cold_hot,q7,7,HASH_GROUP_BY,1.685196
cold_hot,q7,7,HASH_JOIN,21.64048
cold_hot,q7,7,MERGE_GROUP_BY,0.032808
cold_hot,q7,7,MERGE_SORT,0.984446
cold_hot,q7,7,ORDER_BY,0.542656
cold_hot,q7,7,PARTITION,0.6751689999999999
cold_hot,q7,7,PROJECTION,0.157337
cold_hot,q7,7,RESULT_COLLECTOR,0.338842
cold_hot,q7,7,SORT_PARTITION,0.766824
cold_hot,q7,7,SORT_SAMPLE,0.171701
cold_hot,q7,8,CONCAT,5.566496
cold_hot,q7,8,DYNAMIC_FILTER,32.62751900000001
cold_hot,q7,8,FILTER,1.0973169999999999
cold_hot,q7,8,GPU_SCAN,6704.212404000001
cold_hot,q7,8,HASH_GROUP_BY,2.069683
cold_hot,q7,8,HASH_JOIN,21.07635
cold_hot,q7,8,MERGE_GROUP_BY,0.016052
cold_hot,q7,8,MERGE_SORT,1.827666
cold_hot,q7,8,ORDER_BY,0.768895
cold_hot,q7,8,PARTITION,0.5610970000000002
cold_hot,q7,8,PROJECTION,0.162214
cold_hot,q7,8,RESULT_COLLECTOR,0.194447
cold_hot,q7,8,SORT_PARTITION,0.826901
cold_hot,q7,8,SORT_SAMPLE,0.184173
cold_hot,q7,9,CONCAT,4.9208680000000005
cold_hot,q7,9,DYNAMIC_FILTER,33.495101
cold_hot,q7,9,FILTER,1.000981
cold_hot,q7,9,GPU_SCAN,6210.322520000001
cold_hot,q7,9,HASH_GROUP_BY,1.515227
cold_hot,q7,9,HASH_JOIN,20.103066
cold_hot,q7,9,MERGE_GROUP_BY,0.007171
cold_hot,q7,9,MERGE_SORT,0.634859
cold_hot,q7,9,ORDER_BY,0.953162
cold_hot,q7,9,PARTITION,0.405228
cold_hot,q7,9,PROJECTION,0.13351
cold_hot,q7,9,RESULT_COLLECTOR,0.110203
cold_hot,q7,9,SORT_PARTITION,0.610392
cold_hot,q7,9,SORT_SAMPLE,0.133077
cold_hot,q7,10,CONCAT,4.708606
cold_hot,q7,10,DYNAMIC_FILTER,32.76688599999999
cold_hot,q7,10,FILTER,1.20451
cold_hot,q7,10,GPU_SCAN,6519.788831999999
cold_hot,q7,10,HASH_GROUP_BY,1.674785
cold_hot,q7,10,HASH_JOIN,20.421026
cold_hot,q7,10,MERGE_GROUP_BY,0.031935
cold_hot,q7,10,MERGE_SORT,1.222821
cold_hot,q7,10,ORDER_BY,0.5943
cold_hot,q7,10,PARTITION,0.526111
cold_hot,q7,10,PROJECTION,0.168923
cold_hot,q7,10,RESULT_COLLECTOR,0.334
cold_hot,q7,10,SORT_PARTITION,0.773873
cold_hot,q7,10,SORT_SAMPLE,0.196377
cold_hot,q8,1,CONCAT,30.169745000000002
cold_hot,q8,1,DYNAMIC_FILTER,50.86657300000001
cold_hot,q8,1,GPU_SCAN,8204.917999999998
cold_hot,q8,1,HASH_GROUP_BY,18.054388
cold_hot,q8,1,HASH_JOIN,31.056975
cold_hot,q8,1,MERGE_GROUP_BY,0.060032
cold_hot,q8,1,MERGE_SORT,0.06
cold_hot,q8,1,ORDER_BY,7.728287
cold_hot,q8,1,PARTITION,0.9771290000000001
cold_hot,q8,1,PROJECTION,34.647422999999996
cold_hot,q8,1,RESULT_COLLECTOR,0.584233
cold_hot,q8,1,SORT_PARTITION,0.010947
cold_hot,q8,1,SORT_SAMPLE,0.021216
cold_hot,q8,2,CONCAT,18.500955
cold_hot,q8,2,DYNAMIC_FILTER,59.25891799999999
cold_hot,q8,2,GPU_SCAN,8416.75174
cold_hot,q8,2,HASH_GROUP_BY,0.546073
cold_hot,q8,2,HASH_JOIN,33.404012
cold_hot,q8,2,MERGE_GROUP_BY,0.052646
cold_hot,q8,2,MERGE_SORT,0.020067
cold_hot,q8,2,ORDER_BY,0.073067
cold_hot,q8,2,PARTITION,0.886394
cold_hot,q8,2,PROJECTION,0.509058
cold_hot,q8,2,RESULT_COLLECTOR,0.226645
cold_hot,q8,2,SORT_PARTITION,0.007514
cold_hot,q8,2,SORT_SAMPLE,0.012889
cold_hot,q8,3,CONCAT,20.390764000000004
cold_hot,q8,3,DYNAMIC_FILTER,52.58853399999999
cold_hot,q8,3,GPU_SCAN,8623.375015000001
cold_hot,q8,3,HASH_GROUP_BY,0.390849
cold_hot,q8,3,HASH_JOIN,35.262732
cold_hot,q8,3,MERGE_GROUP_BY,0.008202
cold_hot,q8,3,MERGE_SORT,0.011426
cold_hot,q8,3,ORDER_BY,0.067497
cold_hot,q8,3,PARTITION,0.682135
cold_hot,q8,3,PROJECTION,0.393772
cold_hot,q8,3,RESULT_COLLECTOR,0.108066
cold_hot,q8,3,SORT_PARTITION,0.006241
cold_hot,q8,3,SORT_SAMPLE,0.00696
cold_hot,q8,4,CONCAT,18.913256000000004
cold_hot,q8,4,DYNAMIC_FILTER,45.017857
cold_hot,q8,4,GPU_SCAN,8282.273715
cold_hot,q8,4,HASH_GROUP_BY,0.369216
cold_hot,q8,4,HASH_JOIN,34.010997
cold_hot,q8,4,MERGE_GROUP_BY,0.007907
cold_hot,q8,4,MERGE_SORT,0.009918
cold_hot,q8,4,ORDER_BY,0.106517
cold_hot,q8,4,PARTITION,0.45510599999999996
cold_hot,q8,4,PROJECTION,0.5590350000000001
cold_hot,q8,4,RESULT_COLLECTOR,0.109782
cold_hot,q8,4,SORT_PARTITION,0.005716
cold_hot,q8,4,SORT_SAMPLE,0.008745
cold_hot,q8,5,CONCAT,20.620006
cold_hot,q8,5,DYNAMIC_FILTER,56.75417
cold_hot,q8,5,GPU_SCAN,8612.682946999998
cold_hot,q8,5,HASH_GROUP_BY,0.339824
cold_hot,q8,5,HASH_JOIN,35.60098
cold_hot,q8,5,MERGE_GROUP_BY,0.052899
cold_hot,q8,5,MERGE_SORT,0.011646
cold_hot,q8,5,ORDER_BY,0.105216
cold_hot,q8,5,PARTITION,0.7484759999999999
cold_hot,q8,5,PROJECTION,0.572376
cold_hot,q8,5,RESULT_COLLECTOR,0.248024
cold_hot,q8,5,SORT_PARTITION,0.005819
cold_hot,q8,5,SORT_SAMPLE,0.011006
cold_hot,q8,6,CONCAT,21.383485
cold_hot,q8,6,DYNAMIC_FILTER,50.13947599999999
cold_hot,q8,6,GPU_SCAN,8188.2516989999995
cold_hot,q8,6,HASH_GROUP_BY,0.358991
cold_hot,q8,6,HASH_JOIN,25.564809999999994
cold_hot,q8,6,MERGE_GROUP_BY,0.027338
cold_hot,q8,6,MERGE_SORT,0.010106
cold_hot,q8,6,ORDER_BY,0.101377
cold_hot,q8,6,PARTITION,0.9991500000000002
cold_hot,q8,6,PROJECTION,0.488272
cold_hot,q8,6,RESULT_COLLECTOR,0.221839
cold_hot,q8,6,SORT_PARTITION,0.007531
cold_hot,q8,6,SORT_SAMPLE,0.011418
cold_hot,q8,7,CONCAT,25.902159
cold_hot,q8,7,DYNAMIC_FILTER,57.167453
cold_hot,q8,7,GPU_SCAN,8579.773279999998
cold_hot,q8,7,HASH_GROUP_BY,0.476041
cold_hot,q8,7,HASH_JOIN,37.689768
cold_hot,q8,7,MERGE_GROUP_BY,0.024105
cold_hot,q8,7,MERGE_SORT,0.015959
cold_hot,q8,7,ORDER_BY,0.10746
cold_hot,q8,7,PARTITION,0.9079880000000005
cold_hot,q8,7,PROJECTION,0.46985599999999994
cold_hot,q8,7,RESULT_COLLECTOR,0.245976
cold_hot,q8,7,SORT_PARTITION,0.006003
cold_hot,q8,7,SORT_SAMPLE,0.013552
cold_hot,q8,8,CONCAT,21.177504
cold_hot,q8,8,DYNAMIC_FILTER,49.011151000000005
cold_hot,q8,8,GPU_SCAN,8091.733425000003
cold_hot,q8,8,HASH_GROUP_BY,0.411379
cold_hot,q8,8,HASH_JOIN,25.398633
cold_hot,q8,8,MERGE_GROUP_BY,0.024066
cold_hot,q8,8,MERGE_SORT,0.037234
cold_hot,q8,8,ORDER_BY,0.071413
cold_hot,q8,8,PARTITION,0.7291879999999997
cold_hot,q8,8,PROJECTION,0.437001
cold_hot,q8,8,RESULT_COLLECTOR,0.216219
cold_hot,q8,8,SORT_PARTITION,0.00935
cold_hot,q8,8,SORT_SAMPLE,0.007826
cold_hot,q8,9,CONCAT,18.898187
cold_hot,q8,9,DYNAMIC_FILTER,53.43727900000001
cold_hot,q8,9,GPU_SCAN,8370.037719
cold_hot,q8,9,HASH_GROUP_BY,0.474308
cold_hot,q8,9,HASH_JOIN,33.466461
cold_hot,q8,9,MERGE_GROUP_BY,0.062315
cold_hot,q8,9,MERGE_SORT,0.056087
cold_hot,q8,9,ORDER_BY,0.168455
cold_hot,q8,9,PARTITION,1.1730029999999998
cold_hot,q8,9,PROJECTION,0.70814
cold_hot,q8,9,RESULT_COLLECTOR,0.301381
cold_hot,q8,9,SORT_PARTITION,0.00678
cold_hot,q8,9,SORT_SAMPLE,0.008044
cold_hot,q8,10,CONCAT,20.301151
cold_hot,q8,10,DYNAMIC_FILTER,44.69586200000001
cold_hot,q8,10,GPU_SCAN,8584.771419999997
cold_hot,q8,10,HASH_GROUP_BY,0.368363
cold_hot,q8,10,HASH_JOIN,33.23467599999999
cold_hot,q8,10,MERGE_GROUP_BY,0.010232
cold_hot,q8,10,MERGE_SORT,0.00834
cold_hot,q8,10,ORDER_BY,0.128442
cold_hot,q8,10,PARTITION,0.784
cold_hot,q8,10,PROJECTION,0.615606
cold_hot,q8,10,RESULT_COLLECTOR,0.150821
cold_hot,q8,10,SORT_PARTITION,0.006368
cold_hot,q8,10,SORT_SAMPLE,0.011221
cold_hot,q9,1,CONCAT,14.150855000000002
cold_hot,q9,1,DYNAMIC_FILTER,56.660191999999995
cold_hot,q9,1,GPU_SCAN,8583.171392
cold_hot,q9,1,HASH_GROUP_BY,18.237021
cold_hot,q9,1,HASH_JOIN,653.839026
cold_hot,q9,1,MERGE_GROUP_BY,0.568863
cold_hot,q9,1,MERGE_SORT,0.382347
cold_hot,q9,1,ORDER_BY,0.99258
cold_hot,q9,1,PARTITION,76.033162
cold_hot,q9,1,PROJECTION,11.267059
cold_hot,q9,1,RESULT_COLLECTOR,0.292249
cold_hot,q9,1,SORT_PARTITION,0.290241
cold_hot,q9,1,SORT_SAMPLE,0.247532
cold_hot,q9,2,CONCAT,26.480887000000003
cold_hot,q9,2,DYNAMIC_FILTER,55.776690999999985
cold_hot,q9,2,GPU_SCAN,8683.76816
cold_hot,q9,2,HASH_GROUP_BY,17.844721
cold_hot,q9,2,HASH_JOIN,613.5063379999999
cold_hot,q9,2,MERGE_GROUP_BY,0.426715
cold_hot,q9,2,MERGE_SORT,0.220087
cold_hot,q9,2,ORDER_BY,0.633121
cold_hot,q9,2,PARTITION,52.45614799999999
cold_hot,q9,2,PROJECTION,13.025805
cold_hot,q9,2,RESULT_COLLECTOR,0.143937
cold_hot,q9,2,SORT_PARTITION,0.176547
cold_hot,q9,2,SORT_SAMPLE,0.089849
cold_hot,q9,3,CONCAT,10.851898999999998
cold_hot,q9,3,DYNAMIC_FILTER,54.718205999999995
cold_hot,q9,3,GPU_SCAN,8658.26122
cold_hot,q9,3,HASH_GROUP_BY,18.746124000000002
cold_hot,q9,3,HASH_JOIN,669.632935
cold_hot,q9,3,MERGE_GROUP_BY,0.486641
cold_hot,q9,3,MERGE_SORT,0.813217
cold_hot,q9,3,ORDER_BY,0.654745
cold_hot,q9,3,PARTITION,55.51716299999999
cold_hot,q9,3,PROJECTION,13.094259
cold_hot,q9,3,RESULT_COLLECTOR,0.167157
cold_hot,q9,3,SORT_PARTITION,0.190845
cold_hot,q9,3,SORT_SAMPLE,0.212055
cold_hot,q9,4,CONCAT,11.587644
cold_hot,q9,4,DYNAMIC_FILTER,58.35805900000001
cold_hot,q9,4,GPU_SCAN,8525.026344999998
cold_hot,q9,4,HASH_GROUP_BY,19.255586
cold_hot,q9,4,HASH_JOIN,644.9115009999999
cold_hot,q9,4,MERGE_GROUP_BY,0.53788
cold_hot,q9,4,MERGE_SORT,0.355405
cold_hot,q9,4,ORDER_BY,0.639559
cold_hot,q9,4,PARTITION,53.498573
cold_hot,q9,4,PROJECTION,12.704972000000001
cold_hot,q9,4,RESULT_COLLECTOR,0.131367
cold_hot,q9,4,SORT_PARTITION,0.194097
cold_hot,q9,4,SORT_SAMPLE,0.097215
cold_hot,q9,5,CONCAT,8.532675
cold_hot,q9,5,DYNAMIC_FILTER,55.578454
cold_hot,q9,5,GPU_SCAN,8297.009116
cold_hot,q9,5,HASH_GROUP_BY,19.968899
cold_hot,q9,5,HASH_JOIN,646.3149460000001
cold_hot,q9,5,MERGE_GROUP_BY,0.421646
cold_hot,q9,5,MERGE_SORT,0.279982
cold_hot,q9,5,ORDER_BY,0.637365
cold_hot,q9,5,PARTITION,54.92989899999999
cold_hot,q9,5,PROJECTION,13.829635
cold_hot,q9,5,RESULT_COLLECTOR,0.141543
cold_hot,q9,5,SORT_PARTITION,0.183603
cold_hot,q9,5,SORT_SAMPLE,0.096977
cold_hot,q9,6,CONCAT,16.098747
cold_hot,q9,6,DYNAMIC_FILTER,57.916785
cold_hot,q9,6,GPU_SCAN,8684.753653000003
cold_hot,q9,6,HASH_GROUP_BY,18.969642
cold_hot,q9,6,HASH_JOIN,666.5029310000001
cold_hot,q9,6,MERGE_GROUP_BY,0.456162
cold_hot,q9,6,MERGE_SORT,0.272047
cold_hot,q9,6,ORDER_BY,0.638406
cold_hot,q9,6,PARTITION,52.89486200000001
cold_hot,q9,6,PROJECTION,12.958429
cold_hot,q9,6,RESULT_COLLECTOR,0.147321
cold_hot,q9,6,SORT_PARTITION,0.17383
cold_hot,q9,6,SORT_SAMPLE,0.087058
cold_hot,q9,7,CONCAT,37.621707
cold_hot,q9,7,DYNAMIC_FILTER,53.579539
cold_hot,q9,7,GPU_SCAN,8575.451930000001
cold_hot,q9,7,HASH_GROUP_BY,17.824997
cold_hot,q9,7,HASH_JOIN,629.4516080000001
cold_hot,q9,7,MERGE_GROUP_BY,0.440746
cold_hot,q9,7,MERGE_SORT,0.256315
cold_hot,q9,7,ORDER_BY,0.637686
cold_hot,q9,7,PARTITION,52.012375000000006
cold_hot,q9,7,PROJECTION,12.526869
cold_hot,q9,7,RESULT_COLLECTOR,0.1154
cold_hot,q9,7,SORT_PARTITION,0.189636
cold_hot,q9,7,SORT_SAMPLE,0.1523
cold_hot,q9,8,CONCAT,9.078247000000001
cold_hot,q9,8,DYNAMIC_FILTER,51.41200999999999
cold_hot,q9,8,GPU_SCAN,8571.167247000003
cold_hot,q9,8,HASH_GROUP_BY,19.866160999999998
cold_hot,q9,8,HASH_JOIN,646.4288519999999
cold_hot,q9,8,MERGE_GROUP_BY,1.453324
cold_hot,q9,8,MERGE_SORT,0.281846
cold_hot,q9,8,ORDER_BY,0.718338
cold_hot,q9,8,PARTITION,55.789965
cold_hot,q9,8,PROJECTION,13.118322000000003
cold_hot,q9,8,RESULT_COLLECTOR,0.141223
cold_hot,q9,8,SORT_PARTITION,0.188721
cold_hot,q9,8,SORT_SAMPLE,0.097662
cold_hot,q9,9,CONCAT,37.42087
cold_hot,q9,9,DYNAMIC_FILTER,57.949722
cold_hot,q9,9,GPU_SCAN,8653.382190999999
cold_hot,q9,9,HASH_GROUP_BY,20.641442
cold_hot,q9,9,HASH_JOIN,636.0020430000001
cold_hot,q9,9,MERGE_GROUP_BY,0.620162
cold_hot,q9,9,MERGE_SORT,0.252332
cold_hot,q9,9,ORDER_BY,0.675573
cold_hot,q9,9,PARTITION,56.407573
cold_hot,q9,9,PROJECTION,12.447793
cold_hot,q9,9,RESULT_COLLECTOR,0.141124
cold_hot,q9,9,SORT_PARTITION,0.198202
cold_hot,q9,9,SORT_SAMPLE,0.100584
cold_hot,q9,10,CONCAT,9.62088
cold_hot,q9,10,DYNAMIC_FILTER,60.777353999999995
cold_hot,q9,10,GPU_SCAN,8626.849885000001
cold_hot,q9,10,HASH_GROUP_BY,19.740514
cold_hot,q9,10,HASH_JOIN,650.2225549999999
cold_hot,q9,10,MERGE_GROUP_BY,0.43533
cold_hot,q9,10,MERGE_SORT,0.723734
cold_hot,q9,10,ORDER_BY,0.660909
cold_hot,q9,10,PARTITION,54.77634499999999
cold_hot,q9,10,PROJECTION,12.711952000000002
cold_hot,q9,10,RESULT_COLLECTOR,0.13257
cold_hot,q9,10,SORT_PARTITION,0.176242
cold_hot,q9,10,SORT_SAMPLE,0.087728
cold_hot,q10,1,CONCAT,2.4749339999999997
cold_hot,q10,1,DYNAMIC_FILTER,12.736597999999999
cold_hot,q10,1,GPU_SCAN,4790.144902
cold_hot,q10,1,HASH_GROUP_BY,31.046543
cold_hot,q10,1,HASH_JOIN,42.947632
cold_hot,q10,1,MERGE_GROUP_BY,0.08
cold_hot,q10,1,MERGE_TOP_N,4.575293
cold_hot,q10,1,PARTITION,0.50384
cold_hot,q10,1,PROJECTION,0.688153
cold_hot,q10,1,RESULT_COLLECTOR,0.803712
cold_hot,q10,1,TOP_N,6.823334
cold_hot,q10,2,CONCAT,1.9583460000000001
cold_hot,q10,2,DYNAMIC_FILTER,14.404853
cold_hot,q10,2,GPU_SCAN,5032.519016
cold_hot,q10,2,HASH_GROUP_BY,28.392113
cold_hot,q10,2,HASH_JOIN,43.185773999999995
cold_hot,q10,2,MERGE_GROUP_BY,0.034434
cold_hot,q10,2,MERGE_TOP_N,1.115673
cold_hot,q10,2,PARTITION,0.313519
cold_hot,q10,2,PROJECTION,0.6080139999999999
cold_hot,q10,2,RESULT_COLLECTOR,0.881611
cold_hot,q10,2,TOP_N,1.582413
cold_hot,q10,3,CONCAT,2.428444
cold_hot,q10,3,DYNAMIC_FILTER,13.222148000000002
cold_hot,q10,3,GPU_SCAN,4779.772727000001
cold_hot,q10,3,HASH_GROUP_BY,28.344951
cold_hot,q10,3,HASH_JOIN,42.743939
cold_hot,q10,3,MERGE_GROUP_BY,0.071365
cold_hot,q10,3,MERGE_TOP_N,1.224589
cold_hot,q10,3,PARTITION,0.641223
cold_hot,q10,3,PROJECTION,0.676918
cold_hot,q10,3,RESULT_COLLECTOR,0.686714
cold_hot,q10,3,TOP_N,2.964889
cold_hot,q10,4,CONCAT,1.8173279999999998
cold_hot,q10,4,DYNAMIC_FILTER,8.679865
cold_hot,q10,4,GPU_SCAN,4277.20659
cold_hot,q10,4,HASH_GROUP_BY,27.972089
cold_hot,q10,4,HASH_JOIN,42.198779
cold_hot,q10,4,MERGE_GROUP_BY,0.010832
cold_hot,q10,4,MERGE_TOP_N,1.060956
cold_hot,q10,4,PARTITION,0.237772
cold_hot,q10,4,PROJECTION,0.576352
cold_hot,q10,4,RESULT_COLLECTOR,0.223491
cold_hot,q10,4,TOP_N,1.444946
cold_hot,q10,5,CONCAT,2.044111
cold_hot,q10,5,DYNAMIC_FILTER,13.108473999999996
cold_hot,q10,5,GPU_SCAN,4574.4997840000015
cold_hot,q10,5,HASH_GROUP_BY,28.877708
cold_hot,q10,5,HASH_JOIN,43.46455
cold_hot,q10,5,MERGE_GROUP_BY,0.037788
cold_hot,q10,5,MERGE_TOP_N,1.421744
cold_hot,q10,5,PARTITION,0.4544619999999999
cold_hot,q10,5,PROJECTION,0.689135
cold_hot,q10,5,RESULT_COLLECTOR,0.971733
cold_hot,q10,5,TOP_N,2.999353
cold_hot,q10,6,CONCAT,2.409982
cold_hot,q10,6,DYNAMIC_FILTER,13.346032999999998
cold_hot,q10,6,GPU_SCAN,4768.042691000001
cold_hot,q10,6,HASH_GROUP_BY,28.653842
cold_hot,q10,6,HASH_JOIN,43.079668
cold_hot,q10,6,MERGE_GROUP_BY,0.068655
cold_hot,q10,6,MERGE_TOP_N,1.104682
cold_hot,q10,6,PARTITION,0.26827399999999996
cold_hot,q10,6,PROJECTION,0.643867
cold_hot,q10,6,RESULT_COLLECTOR,0.16496
cold_hot,q10,6,TOP_N,3.16158
cold_hot,q10,7,CONCAT,1.880752
cold_hot,q10,7,DYNAMIC_FILTER,15.286565
cold_hot,q10,7,GPU_SCAN,5063.9318729999995
cold_hot,q10,7,HASH_GROUP_BY,29.375948
cold_hot,q10,7,HASH_JOIN,42.961518999999996
cold_hot,q10,7,MERGE_GROUP_BY,0.080439
cold_hot,q10,7,MERGE_TOP_N,1.382268
cold_hot,q10,7,PARTITION,0.3266679999999999
cold_hot,q10,7,PROJECTION,0.6732849999999999
cold_hot,q10,7,RESULT_COLLECTOR,0.336134
cold_hot,q10,7,TOP_N,3.035574
cold_hot,q10,8,CONCAT,1.9751319999999999
cold_hot,q10,8,DYNAMIC_FILTER,15.014995
cold_hot,q10,8,GPU_SCAN,5041.093425
cold_hot,q10,8,HASH_GROUP_BY,29.07635
cold_hot,q10,8,HASH_JOIN,42.978994
cold_hot,q10,8,MERGE_GROUP_BY,0.079739
cold_hot,q10,8,MERGE_TOP_N,1.35073
cold_hot,q10,8,PARTITION,0.45561300000000005
cold_hot,q10,8,PROJECTION,0.661529
cold_hot,q10,8,RESULT_COLLECTOR,0.525699
cold_hot,q10,8,TOP_N,2.011655
cold_hot,q10,9,CONCAT,2.052292
cold_hot,q10,9,DYNAMIC_FILTER,11.059353
cold_hot,q10,9,GPU_SCAN,5054.054595
cold_hot,q10,9,HASH_GROUP_BY,28.904678
cold_hot,q10,9,HASH_JOIN,42.857772
cold_hot,q10,9,MERGE_GROUP_BY,0.071832
cold_hot,q10,9,MERGE_TOP_N,1.179756
cold_hot,q10,9,PARTITION,0.6735769999999999
cold_hot,q10,9,PROJECTION,0.670761
cold_hot,q10,9,RESULT_COLLECTOR,0.187386
cold_hot,q10,9,TOP_N,2.36239
cold_hot,q10,10,CONCAT,2.0656220000000003
cold_hot,q10,10,DYNAMIC_FILTER,15.236982000000001
cold_hot,q10,10,GPU_SCAN,5017.635988
cold_hot,q10,10,HASH_GROUP_BY,28.721075
cold_hot,q10,10,HASH_JOIN,43.737408
cold_hot,q10,10,MERGE_GROUP_BY,0.029374
cold_hot,q10,10,MERGE_TOP_N,1.334985
cold_hot,q10,10,PARTITION,0.250005
cold_hot,q10,10,PROJECTION,0.677427
cold_hot,q10,10,RESULT_COLLECTOR,0.85528
cold_hot,q10,10,TOP_N,3.007287
cold_hot,q11,1,CONCAT,0.4904070000000001
cold_hot,q11,1,CTE,0.031673
cold_hot,q11,1,DYNAMIC_FILTER,0.137048
cold_hot,q11,1,GPU_SCAN,1114.259217
cold_hot,q11,1,HASH_GROUP_BY,2.791798
cold_hot,q11,1,HASH_JOIN,45.715669
cold_hot,q11,1,MERGE_AGGREGATE,0.83503
cold_hot,q11,1,MERGE_GROUP_BY,2.984878
cold_hot,q11,1,MERGE_SORT,0.059497
cold_hot,q11,1,NESTED_LOOP_JOIN,6.422865
cold_hot,q11,1,ORDER_BY,0.023379
cold_hot,q11,1,PARTITION,0.347756
cold_hot,q11,1,PROJECTION,3.054761
cold_hot,q11,1,RESULT_COLLECTOR,0.017306
cold_hot,q11,1,SORT_PARTITION,0.007851
cold_hot,q11,1,SORT_SAMPLE,0.019863
cold_hot,q11,1,UNGROUPED_AGGREGATE,1.599329
cold_hot,q11,2,CONCAT,0.40442700000000004
cold_hot,q11,2,CTE,0.01072
cold_hot,q11,2,DYNAMIC_FILTER,0.12447
cold_hot,q11,2,GPU_SCAN,1146.671666
cold_hot,q11,2,HASH_GROUP_BY,5.232373
cold_hot,q11,2,HASH_JOIN,38.402550000000005
cold_hot,q11,2,MERGE_AGGREGATE,4.035222999999999
cold_hot,q11,2,MERGE_GROUP_BY,2.778736
cold_hot,q11,2,MERGE_SORT,0.007594
cold_hot,q11,2,NESTED_LOOP_JOIN,0.305666
cold_hot,q11,2,ORDER_BY,0.015797
cold_hot,q11,2,PARTITION,0.260114
cold_hot,q11,2,PROJECTION,1.7630299999999997
cold_hot,q11,2,RESULT_COLLECTOR,0.010647
cold_hot,q11,2,SORT_PARTITION,0.010034
cold_hot,q11,2,SORT_SAMPLE,0.022206
cold_hot,q11,2,UNGROUPED_AGGREGATE,3.1934000000000005
cold_hot,q11,3,CONCAT,0.40538699999999994
cold_hot,q11,3,CTE,0.037058
cold_hot,q11,3,DYNAMIC_FILTER,0.123024
cold_hot,q11,3,GPU_SCAN,1137.979526
cold_hot,q11,3,HASH_GROUP_BY,4.788837
cold_hot,q11,3,HASH_JOIN,37.538986
cold_hot,q11,3,MERGE_AGGREGATE,3.613055
cold_hot,q11,3,MERGE_GROUP_BY,2.650024
cold_hot,q11,3,MERGE_SORT,0.006319
cold_hot,q11,3,NESTED_LOOP_JOIN,0.299533
cold_hot,q11,3,ORDER_BY,0.018133
cold_hot,q11,3,PARTITION,0.233124
cold_hot,q11,3,PROJECTION,2.5780010000000004
cold_hot,q11,3,RESULT_COLLECTOR,0.007991
cold_hot,q11,3,SORT_PARTITION,0.009001
cold_hot,q11,3,SORT_SAMPLE,0.040918
cold_hot,q11,3,UNGROUPED_AGGREGATE,3.084067
cold_hot,q11,4,CONCAT,0.359833
cold_hot,q11,4,CTE,0.020834
cold_hot,q11,4,DYNAMIC_FILTER,0.117862
cold_hot,q11,4,GPU_SCAN,1121.209184
cold_hot,q11,4,HASH_GROUP_BY,10.153584
cold_hot,q11,4,HASH_JOIN,33.163185
cold_hot,q11,4,MERGE_AGGREGATE,5.111259
cold_hot,q11,4,MERGE_GROUP_BY,2.689598
cold_hot,q11,4,MERGE_SORT,0.028778
cold_hot,q11,4,NESTED_LOOP_JOIN,0.28288
cold_hot,q11,4,ORDER_BY,0.014383
cold_hot,q11,4,PARTITION,0.218847
cold_hot,q11,4,PROJECTION,1.6754110000000002
cold_hot,q11,4,RESULT_COLLECTOR,0.004847
cold_hot,q11,4,SORT_PARTITION,0.010544
cold_hot,q11,4,SORT_SAMPLE,0.019087
cold_hot,q11,4,UNGROUPED_AGGREGATE,0.8780769999999999
cold_hot,q11,5,CONCAT,0.27747099999999997
cold_hot,q11,5,CTE,0.015893
cold_hot,q11,5,DYNAMIC_FILTER,0.140146
cold_hot,q11,5,GPU_SCAN,1151.656889
cold_hot,q11,5,HASH_GROUP_BY,10.296962
cold_hot,q11,5,HASH_JOIN,32.071985
cold_hot,q11,5,MERGE_AGGREGATE,5.100122
cold_hot,q11,5,MERGE_GROUP_BY,2.612736
cold_hot,q11,5,MERGE_SORT,0.021172
cold_hot,q11,5,NESTED_LOOP_JOIN,0.297084
cold_hot,q11,5,ORDER_BY,0.013738
cold_hot,q11,5,PARTITION,0.244874
cold_hot,q11,5,PROJECTION,1.3871120000000001
cold_hot,q11,5,RESULT_COLLECTOR,0.006538
cold_hot,q11,5,SORT_PARTITION,0.01002
cold_hot,q11,5,SORT_SAMPLE,0.026105
cold_hot,q11,5,UNGROUPED_AGGREGATE,1.0816249999999998
cold_hot,q11,6,CONCAT,0.300946
cold_hot,q11,6,CTE,0.010538
cold_hot,q11,6,DYNAMIC_FILTER,0.108183
cold_hot,q11,6,GPU_SCAN,1141.167324
cold_hot,q11,6,HASH_GROUP_BY,4.9386790000000005
cold_hot,q11,6,HASH_JOIN,37.538272
cold_hot,q11,6,MERGE_AGGREGATE,5.406896
cold_hot,q11,6,MERGE_GROUP_BY,2.883565
cold_hot,q11,6,MERGE_SORT,0.012672
cold_hot,q11,6,NESTED_LOOP_JOIN,0.400288
cold_hot,q11,6,ORDER_BY,0.02051
cold_hot,q11,6,PARTITION,0.22708100000000003
cold_hot,q11,6,PROJECTION,2.0723759999999998
cold_hot,q11,6,RESULT_COLLECTOR,0.006409
cold_hot,q11,6,SORT_PARTITION,0.013812
cold_hot,q11,6,SORT_SAMPLE,0.027468
cold_hot,q11,6,UNGROUPED_AGGREGATE,1.515647
cold_hot,q11,7,CONCAT,0.22951799999999997
cold_hot,q11,7,CTE,0.01114
cold_hot,q11,7,DYNAMIC_FILTER,0.11905
cold_hot,q11,7,GPU_SCAN,1148.168007
cold_hot,q11,7,HASH_GROUP_BY,5.212726
cold_hot,q11,7,HASH_JOIN,38.639427000000005
cold_hot,q11,7,MERGE_AGGREGATE,5.795891
cold_hot,q11,7,MERGE_GROUP_BY,2.742459
cold_hot,q11,7,MERGE_SORT,0.011296
cold_hot,q11,7,NESTED_LOOP_JOIN,0.305553
cold_hot,q11,7,ORDER_BY,0.024434
cold_hot,q11,7,PARTITION,0.255465
cold_hot,q11,7,PROJECTION,2.612048
cold_hot,q11,7,RESULT_COLLECTOR,0.006627
cold_hot,q11,7,SORT_PARTITION,0.010138
cold_hot,q11,7,SORT_SAMPLE,0.015848
cold_hot,q11,7,UNGROUPED_AGGREGATE,1.022649
cold_hot,q11,8,CONCAT,0.40585199999999994
cold_hot,q11,8,CTE,0.030926
cold_hot,q11,8,DYNAMIC_FILTER,0.093652
cold_hot,q11,8,GPU_SCAN,1119.966762
cold_hot,q11,8,HASH_GROUP_BY,10.131747
cold_hot,q11,8,HASH_JOIN,39.156051
cold_hot,q11,8,MERGE_AGGREGATE,0.597086
cold_hot,q11,8,MERGE_GROUP_BY,2.622154
cold_hot,q11,8,MERGE_SORT,0.011616
cold_hot,q11,8,NESTED_LOOP_JOIN,0.265451
cold_hot,q11,8,ORDER_BY,0.011746
cold_hot,q11,8,PARTITION,0.20266
cold_hot,q11,8,PROJECTION,7.419273
cold_hot,q11,8,RESULT_COLLECTOR,0.004847
cold_hot,q11,8,SORT_PARTITION,0.004937
cold_hot,q11,8,SORT_SAMPLE,0.01111
cold_hot,q11,8,UNGROUPED_AGGREGATE,0.8374759999999999
cold_hot,q11,9,CONCAT,0.187669
cold_hot,q11,9,CTE,0.012847
cold_hot,q11,9,DYNAMIC_FILTER,0.1117
cold_hot,q11,9,GPU_SCAN,1171.87204
cold_hot,q11,9,HASH_GROUP_BY,10.367170999999999
cold_hot,q11,9,HASH_JOIN,32.17871
cold_hot,q11,9,MERGE_AGGREGATE,3.094422
cold_hot,q11,9,MERGE_GROUP_BY,2.721768
cold_hot,q11,9,MERGE_SORT,0.007566
cold_hot,q11,9,NESTED_LOOP_JOIN,0.279985
cold_hot,q11,9,ORDER_BY,0.012891
cold_hot,q11,9,PARTITION,0.138489
cold_hot,q11,9,PROJECTION,1.485466
cold_hot,q11,9,RESULT_COLLECTOR,0.007652
cold_hot,q11,9,SORT_PARTITION,0.01001
cold_hot,q11,9,SORT_SAMPLE,0.01558
cold_hot,q11,9,UNGROUPED_AGGREGATE,2.524773
cold_hot,q11,10,CONCAT,0.36681100000000005
cold_hot,q11,10,CTE,0.040784
cold_hot,q11,10,DYNAMIC_FILTER,0.148543
cold_hot,q11,10,GPU_SCAN,1121.243346
cold_hot,q11,10,HASH_GROUP_BY,10.221516
cold_hot,q11,10,HASH_JOIN,32.944096
cold_hot,q11,10,MERGE_AGGREGATE,0.628521
cold_hot,q11,10,MERGE_GROUP_BY,2.819029
cold_hot,q11,10,MERGE_SORT,0.007083
cold_hot,q11,10,NESTED_LOOP_JOIN,0.293393
cold_hot,q11,10,ORDER_BY,0.014199
cold_hot,q11,10,PARTITION,0.22780499999999998
cold_hot,q11,10,PROJECTION,2.346806
cold_hot,q11,10,RESULT_COLLECTOR,0.008453
cold_hot,q11,10,SORT_PARTITION,0.007442
cold_hot,q11,10,SORT_SAMPLE,0.01739
cold_hot,q11,10,UNGROUPED_AGGREGATE,7.542887
cold_hot,q12,1,CONCAT,1.389166
cold_hot,q12,1,DYNAMIC_FILTER,8.19711
cold_hot,q12,1,FILTER,52.892861999999994
cold_hot,q12,1,GPU_SCAN,4081.2665819999997
cold_hot,q12,1,HASH_GROUP_BY,1.283999
cold_hot,q12,1,HASH_JOIN,2.505302
cold_hot,q12,1,MERGE_GROUP_BY,0.011221
cold_hot,q12,1,MERGE_SORT,0.828058
cold_hot,q12,1,ORDER_BY,0.201578
cold_hot,q12,1,PARTITION,0.518028
cold_hot,q12,1,PROJECTION,0.671242
cold_hot,q12,1,RESULT_COLLECTOR,0.39506
cold_hot,q12,1,SORT_PARTITION,0.241638
cold_hot,q12,1,SORT_SAMPLE,0.215096
cold_hot,q12,2,CONCAT,1.329984
cold_hot,q12,2,DYNAMIC_FILTER,7.04854
cold_hot,q12,2,FILTER,37.828281000000004
cold_hot,q12,2,GPU_SCAN,4028.199061000001
cold_hot,q12,2,HASH_GROUP_BY,1.073547
cold_hot,q12,2,HASH_JOIN,2.043046
cold_hot,q12,2,MERGE_GROUP_BY,0.00774
cold_hot,q12,2,MERGE_SORT,0.193889
cold_hot,q12,2,ORDER_BY,0.137708
cold_hot,q12,2,PARTITION,0.348296
cold_hot,q12,2,PROJECTION,0.485319
cold_hot,q12,2,RESULT_COLLECTOR,0.128978
cold_hot,q12,2,SORT_PARTITION,0.162809
cold_hot,q12,2,SORT_SAMPLE,0.069252
cold_hot,q12,3,CONCAT,2.516698
cold_hot,q12,3,DYNAMIC_FILTER,4.309625
cold_hot,q12,3,FILTER,46.099003999999994
cold_hot,q12,3,GPU_SCAN,4010.631774
cold_hot,q12,3,HASH_GROUP_BY,1.09768
cold_hot,q12,3,HASH_JOIN,2.129417
cold_hot,q12,3,MERGE_GROUP_BY,0.010546
cold_hot,q12,3,MERGE_SORT,0.21043
cold_hot,q12,3,ORDER_BY,0.185028
cold_hot,q12,3,PARTITION,0.349714
cold_hot,q12,3,PROJECTION,0.503368
cold_hot,q12,3,RESULT_COLLECTOR,0.131513
cold_hot,q12,3,SORT_PARTITION,0.174954
cold_hot,q12,3,SORT_SAMPLE,0.07904
cold_hot,q12,4,CONCAT,1.573001
cold_hot,q12,4,DYNAMIC_FILTER,15.961644
cold_hot,q12,4,FILTER,48.05799499999999
cold_hot,q12,4,GPU_SCAN,4093.509148
cold_hot,q12,4,HASH_GROUP_BY,1.189287
cold_hot,q12,4,HASH_JOIN,2.184974
cold_hot,q12,4,MERGE_GROUP_BY,0.011636
cold_hot,q12,4,MERGE_SORT,0.253597
cold_hot,q12,4,ORDER_BY,0.19531
cold_hot,q12,4,PARTITION,0.4727369999999999
cold_hot,q12,4,PROJECTION,0.557339
cold_hot,q12,4,RESULT_COLLECTOR,0.183417
cold_hot,q12,4,SORT_PARTITION,0.192586
cold_hot,q12,4,SORT_SAMPLE,0.084287
cold_hot,q12,5,CONCAT,1.50434
cold_hot,q12,5,DYNAMIC_FILTER,7.4222529999999995
cold_hot,q12,5,FILTER,55.554086000000005
cold_hot,q12,5,GPU_SCAN,4052.5716820000007
cold_hot,q12,5,HASH_GROUP_BY,1.158924
cold_hot,q12,5,HASH_JOIN,2.092122
cold_hot,q12,5,MERGE_GROUP_BY,0.00965
cold_hot,q12,5,MERGE_SORT,0.233674
cold_hot,q12,5,ORDER_BY,0.157479
cold_hot,q12,5,PARTITION,0.6138360000000002
cold_hot,q12,5,PROJECTION,0.520025
cold_hot,q12,5,RESULT_COLLECTOR,0.173097
cold_hot,q12,5,SORT_PARTITION,0.180916
cold_hot,q12,5,SORT_SAMPLE,0.0736
cold_hot,q12,6,CONCAT,1.293499
cold_hot,q12,6,DYNAMIC_FILTER,7.17183
cold_hot,q12,6,FILTER,27.178064999999997
cold_hot,q12,6,GPU_SCAN,3875.2880310000005
cold_hot,q12,6,HASH_GROUP_BY,1.049182
cold_hot,q12,6,HASH_JOIN,1.985729
cold_hot,q12,6,MERGE_GROUP_BY,0.015032
cold_hot,q12,6,MERGE_SORT,0.209839
cold_hot,q12,6,ORDER_BY,0.141442
cold_hot,q12,6,PARTITION,0.27669099999999996
cold_hot,q12,6,PROJECTION,0.474482
cold_hot,q12,6,RESULT_COLLECTOR,0.18467
cold_hot,q12,6,SORT_PARTITION,0.1564
cold_hot,q12,6,SORT_SAMPLE,0.06552
cold_hot,q12,7,CONCAT,1.451816
cold_hot,q12,7,DYNAMIC_FILTER,7.092428
cold_hot,q12,7,FILTER,46.786699999999996
cold_hot,q12,7,GPU_SCAN,4092.9684879999995
cold_hot,q12,7,HASH_GROUP_BY,1.169093
cold_hot,q12,7,HASH_JOIN,2.209242
cold_hot,q12,7,MERGE_GROUP_BY,0.064293
cold_hot,q12,7,MERGE_SORT,0.267981
cold_hot,q12,7,ORDER_BY,0.275959
cold_hot,q12,7,PARTITION,0.4593020000000001
cold_hot,q12,7,PROJECTION,0.550915
cold_hot,q12,7,RESULT_COLLECTOR,0.322493
cold_hot,q12,7,SORT_PARTITION,0.195849
cold_hot,q12,7,SORT_SAMPLE,0.086363
cold_hot,q12,8,CONCAT,1.895143
cold_hot,q12,8,DYNAMIC_FILTER,5.924390000000001
cold_hot,q12,8,FILTER,43.508987999999995
cold_hot,q12,8,GPU_SCAN,3938.440127000001
cold_hot,q12,8,HASH_GROUP_BY,1.179567
cold_hot,q12,8,HASH_JOIN,2.117078
cold_hot,q12,8,MERGE_GROUP_BY,0.014047
cold_hot,q12,8,MERGE_SORT,0.247506
cold_hot,q12,8,ORDER_BY,0.220658
cold_hot,q12,8,PARTITION,0.450996
cold_hot,q12,8,PROJECTION,0.573791
cold_hot,q12,8,RESULT_COLLECTOR,0.203273
cold_hot,q12,8,SORT_PARTITION,0.209638
cold_hot,q12,8,SORT_SAMPLE,0.090632
cold_hot,q12,9,CONCAT,1.464499
cold_hot,q12,9,DYNAMIC_FILTER,7.260231
cold_hot,q12,9,FILTER,46.389779
cold_hot,q12,9,GPU_SCAN,4051.9585039999984
cold_hot,q12,9,HASH_GROUP_BY,1.284697
cold_hot,q12,9,HASH_JOIN,2.041918
cold_hot,q12,9,MERGE_GROUP_BY,0.027723
cold_hot,q12,9,MERGE_SORT,0.254173
cold_hot,q12,9,ORDER_BY,0.163365
cold_hot,q12,9,PARTITION,0.8130179999999999
cold_hot,q12,9,PROJECTION,0.527421
cold_hot,q12,9,RESULT_COLLECTOR,0.27181
cold_hot,q12,9,SORT_PARTITION,0.19026
cold_hot,q12,9,SORT_SAMPLE,0.074109
cold_hot,q12,10,CONCAT,2.109531
cold_hot,q12,10,DYNAMIC_FILTER,8.012248
cold_hot,q12,10,FILTER,48.96377500000001
cold_hot,q12,10,GPU_SCAN,4064.1116219999994
cold_hot,q12,10,HASH_GROUP_BY,1.070513
cold_hot,q12,10,HASH_JOIN,2.609408
cold_hot,q12,10,MERGE_GROUP_BY,0.010823
cold_hot,q12,10,MERGE_SORT,0.191764
cold_hot,q12,10,ORDER_BY,0.152332
cold_hot,q12,10,PARTITION,0.4687200000000001
cold_hot,q12,10,PROJECTION,0.840047
cold_hot,q12,10,RESULT_COLLECTOR,0.11969
cold_hot,q12,10,SORT_PARTITION,0.152736
cold_hot,q12,10,SORT_SAMPLE,0.069667
cold_hot,q13,1,CONCAT,22.334403
cold_hot,q13,1,GPU_SCAN,2071.084035
cold_hot,q13,1,HASH_GROUP_BY,19.121983
cold_hot,q13,1,HASH_JOIN,120.752564
cold_hot,q13,1,MERGE_GROUP_BY,0.049765000000000004
cold_hot,q13,1,MERGE_SORT,0.014057
cold_hot,q13,1,ORDER_BY,0.247922
cold_hot,q13,1,PARTITION,0.19150199999999998
cold_hot,q13,1,PROJECTION,0.073429
cold_hot,q13,1,RESULT_COLLECTOR,0.178727
cold_hot,q13,1,SORT_PARTITION,0.013199
cold_hot,q13,1,SORT_SAMPLE,0.014362
cold_hot,q13,2,CONCAT,20.215998000000003
cold_hot,q13,2,GPU_SCAN,2052.121523
cold_hot,q13,2,HASH_GROUP_BY,18.96882
cold_hot,q13,2,HASH_JOIN,120.898002
cold_hot,q13,2,MERGE_GROUP_BY,0.082398
cold_hot,q13,2,MERGE_SORT,0.007841
cold_hot,q13,2,ORDER_BY,0.281569
cold_hot,q13,2,PARTITION,0.206838
cold_hot,q13,2,PROJECTION,0.050584
cold_hot,q13,2,RESULT_COLLECTOR,0.29058
cold_hot,q13,2,SORT_PARTITION,0.009399
cold_hot,q13,2,SORT_SAMPLE,0.008915
cold_hot,q13,3,CONCAT,20.770806
cold_hot,q13,3,GPU_SCAN,1989.8446629999999
cold_hot,q13,3,HASH_GROUP_BY,18.204549
cold_hot,q13,3,HASH_JOIN,120.85562
cold_hot,q13,3,MERGE_GROUP_BY,0.062165
cold_hot,q13,3,MERGE_SORT,0.007324
cold_hot,q13,3,ORDER_BY,0.399647
cold_hot,q13,3,PARTITION,0.12185900000000001
cold_hot,q13,3,PROJECTION,0.035351999999999995
cold_hot,q13,3,RESULT_COLLECTOR,0.070304
cold_hot,q13,3,SORT_PARTITION,0.004254
cold_hot,q13,3,SORT_SAMPLE,0.007385
cold_hot,q13,4,CONCAT,20.5529
cold_hot,q13,4,GPU_SCAN,2010.2678700000001
cold_hot,q13,4,HASH_GROUP_BY,18.368385
cold_hot,q13,4,HASH_JOIN,121.008163
cold_hot,q13,4,MERGE_GROUP_BY,0.11357199999999999
cold_hot,q13,4,MERGE_SORT,0.00637
cold_hot,q13,4,ORDER_BY,0.402705
cold_hot,q13,4,PARTITION,0.13217099999999998
cold_hot,q13,4,PROJECTION,0.033903
cold_hot,q13,4,RESULT_COLLECTOR,0.154129
cold_hot,q13,4,SORT_PARTITION,0.005206
cold_hot,q13,4,SORT_SAMPLE,0.00981
cold_hot,q13,5,CONCAT,20.650553000000002
cold_hot,q13,5,GPU_SCAN,1994.1132579999999
cold_hot,q13,5,HASH_GROUP_BY,18.265185000000002
cold_hot,q13,5,HASH_JOIN,120.8475
cold_hot,q13,5,MERGE_GROUP_BY,0.051803
cold_hot,q13,5,MERGE_SORT,0.044033
cold_hot,q13,5,ORDER_BY,0.402135
cold_hot,q13,5,PARTITION,0.087951
cold_hot,q13,5,PROJECTION,0.022181
cold_hot,q13,5,RESULT_COLLECTOR,0.069328
cold_hot,q13,5,SORT_PARTITION,0.004482
cold_hot,q13,5,SORT_SAMPLE,0.008568
cold_hot,q13,6,CONCAT,20.834941
cold_hot,q13,6,GPU_SCAN,2062.602652
cold_hot,q13,6,HASH_GROUP_BY,19.201785
cold_hot,q13,6,HASH_JOIN,121.124835
cold_hot,q13,6,MERGE_GROUP_BY,0.035966
cold_hot,q13,6,MERGE_SORT,0.008735
cold_hot,q13,6,ORDER_BY,0.21459
cold_hot,q13,6,PARTITION,0.12079400000000001
cold_hot,q13,6,PROJECTION,0.041838
cold_hot,q13,6,RESULT_COLLECTOR,0.150396
cold_hot,q13,6,SORT_PARTITION,0.006353
cold_hot,q13,6,SORT_SAMPLE,0.0088
cold_hot,q13,7,CONCAT,20.709001
cold_hot,q13,7,GPU_SCAN,1996.5882270000002
cold_hot,q13,7,HASH_GROUP_BY,18.373917
cold_hot,q13,7,HASH_JOIN,120.783409
cold_hot,q13,7,MERGE_GROUP_BY,0.038139
cold_hot,q13,7,MERGE_SORT,0.005478
cold_hot,q13,7,ORDER_BY,0.442017
cold_hot,q13,7,PARTITION,0.095425
cold_hot,q13,7,PROJECTION,0.028009
cold_hot,q13,7,RESULT_COLLECTOR,0.154597
cold_hot,q13,7,SORT_PARTITION,0.005075
cold_hot,q13,7,SORT_SAMPLE,0.007245
cold_hot,q13,8,CONCAT,21.383374
cold_hot,q13,8,GPU_SCAN,2005.8785790000002
cold_hot,q13,8,HASH_GROUP_BY,18.788616
cold_hot,q13,8,HASH_JOIN,120.925315
cold_hot,q13,8,MERGE_GROUP_BY,0.081123
cold_hot,q13,8,MERGE_SORT,0.007308
cold_hot,q13,8,ORDER_BY,0.29748
cold_hot,q13,8,PARTITION,0.235427
cold_hot,q13,8,PROJECTION,0.043325
cold_hot,q13,8,RESULT_COLLECTOR,0.244082
cold_hot,q13,8,SORT_PARTITION,0.009191
cold_hot,q13,8,SORT_SAMPLE,0.009141
cold_hot,q13,9,CONCAT,20.729173
cold_hot,q13,9,GPU_SCAN,2006.845465
cold_hot,q13,9,HASH_GROUP_BY,18.475934000000002
cold_hot,q13,9,HASH_JOIN,120.604448
cold_hot,q13,9,MERGE_GROUP_BY,0.018882
cold_hot,q13,9,MERGE_SORT,0.005745
cold_hot,q13,9,ORDER_BY,0.188735
cold_hot,q13,9,PARTITION,0.12640300000000002
cold_hot,q13,9,PROJECTION,0.021623999999999997
cold_hot,q13,9,RESULT_COLLECTOR,0.063379
cold_hot,q13,9,SORT_PARTITION,0.004986
cold_hot,q13,9,SORT_SAMPLE,0.005608
cold_hot,q13,10,CONCAT,20.888725
cold_hot,q13,10,GPU_SCAN,2000.3228990000002
cold_hot,q13,10,HASH_GROUP_BY,18.537837000000003
cold_hot,q13,10,HASH_JOIN,120.877951
cold_hot,q13,10,MERGE_GROUP_BY,0.039369
cold_hot,q13,10,MERGE_SORT,0.006241
cold_hot,q13,10,ORDER_BY,0.390078
cold_hot,q13,10,PARTITION,0.106706
cold_hot,q13,10,PROJECTION,0.032961000000000004
cold_hot,q13,10,RESULT_COLLECTOR,0.19811
cold_hot,q13,10,SORT_PARTITION,0.005717
cold_hot,q13,10,SORT_SAMPLE,0.011492
cold_hot,q14,1,CONCAT,0.45963800000000005
cold_hot,q14,1,GPU_SCAN,5162.553575
cold_hot,q14,1,HASH_JOIN,11.166842
cold_hot,q14,1,MERGE_AGGREGATE,0.07925
cold_hot,q14,1,PARTITION,0.149258
cold_hot,q14,1,PROJECTION,1.726794
cold_hot,q14,1,RESULT_COLLECTOR,0.342484
cold_hot,q14,1,UNGROUPED_AGGREGATE,8.172656
cold_hot,q14,2,CONCAT,0.427852
cold_hot,q14,2,GPU_SCAN,5131.251080999999
cold_hot,q14,2,HASH_JOIN,11.111693
cold_hot,q14,2,MERGE_AGGREGATE,0.038457
cold_hot,q14,2,PARTITION,0.163443
cold_hot,q14,2,PROJECTION,1.230468
cold_hot,q14,2,RESULT_COLLECTOR,0.10456
cold_hot,q14,2,UNGROUPED_AGGREGATE,0.724242
cold_hot,q14,3,CONCAT,0.541443
cold_hot,q14,3,GPU_SCAN,5177.633567
cold_hot,q14,3,HASH_JOIN,11.226424
cold_hot,q14,3,MERGE_AGGREGATE,0.030786
cold_hot,q14,3,PARTITION,0.17472100000000002
cold_hot,q14,3,PROJECTION,1.369624
cold_hot,q14,3,RESULT_COLLECTOR,0.124738
cold_hot,q14,3,UNGROUPED_AGGREGATE,0.748569
cold_hot,q14,4,CONCAT,0.560926
cold_hot,q14,4,GPU_SCAN,5276.4326759999985
cold_hot,q14,4,HASH_JOIN,11.102452
cold_hot,q14,4,MERGE_AGGREGATE,0.079151
cold_hot,q14,4,PARTITION,0.15314999999999995
cold_hot,q14,4,PROJECTION,1.5411380000000001
cold_hot,q14,4,RESULT_COLLECTOR,0.170337
cold_hot,q14,4,UNGROUPED_AGGREGATE,0.701582
cold_hot,q14,5,CONCAT,0.5814220000000001
cold_hot,q14,5,GPU_SCAN,5143.019962
cold_hot,q14,5,HASH_JOIN,11.272474
cold_hot,q14,5,MERGE_AGGREGATE,0.036604
cold_hot,q14,5,PARTITION,0.18967799999999999
cold_hot,q14,5,PROJECTION,1.700518
cold_hot,q14,5,RESULT_COLLECTOR,0.194059
cold_hot,q14,5,UNGROUPED_AGGREGATE,0.779342
cold_hot,q14,6,CONCAT,0.528416
cold_hot,q14,6,GPU_SCAN,5143.721251
cold_hot,q14,6,HASH_JOIN,11.128036
cold_hot,q14,6,MERGE_AGGREGATE,0.087057
cold_hot,q14,6,PARTITION,0.19655699999999998
cold_hot,q14,6,PROJECTION,1.5997460000000001
cold_hot,q14,6,RESULT_COLLECTOR,0.172767
cold_hot,q14,6,UNGROUPED_AGGREGATE,0.725152
cold_hot,q14,7,CONCAT,0.504848
cold_hot,q14,7,GPU_SCAN,5178.555382999999
cold_hot,q14,7,HASH_JOIN,11.229649
cold_hot,q14,7,MERGE_AGGREGATE,0.026065
cold_hot,q14,7,PARTITION,0.3639199999999999
cold_hot,q14,7,PROJECTION,1.633245
cold_hot,q14,7,RESULT_COLLECTOR,0.182471
cold_hot,q14,7,UNGROUPED_AGGREGATE,0.761009
cold_hot,q14,8,CONCAT,0.523676
cold_hot,q14,8,GPU_SCAN,5159.136679
cold_hot,q14,8,HASH_JOIN,11.091918
cold_hot,q14,8,MERGE_AGGREGATE,0.0361
cold_hot,q14,8,PARTITION,0.147925
cold_hot,q14,8,PROJECTION,1.162358
cold_hot,q14,8,RESULT_COLLECTOR,0.085605
cold_hot,q14,8,UNGROUPED_AGGREGATE,0.736722
cold_hot,q14,9,CONCAT,0.512101
cold_hot,q14,9,GPU_SCAN,5162.124441
cold_hot,q14,9,HASH_JOIN,11.142714
cold_hot,q14,9,MERGE_AGGREGATE,0.062559
cold_hot,q14,9,PARTITION,0.16639500000000002
cold_hot,q14,9,PROJECTION,1.6224440000000002
cold_hot,q14,9,RESULT_COLLECTOR,0.187827
cold_hot,q14,9,UNGROUPED_AGGREGATE,0.748438
cold_hot,q14,10,CONCAT,0.605565
cold_hot,q14,10,GPU_SCAN,5176.580209000001
cold_hot,q14,10,HASH_JOIN,11.290552
cold_hot,q14,10,MERGE_AGGREGATE,0.024909
cold_hot,q14,10,PARTITION,0.17089300000000002
cold_hot,q14,10,PROJECTION,1.221326
cold_hot,q14,10,RESULT_COLLECTOR,0.103461
cold_hot,q14,10,UNGROUPED_AGGREGATE,0.778191
cold_hot,q15,1,CONCAT,0.146618
cold_hot,q15,1,CTE,0.026882
cold_hot,q15,1,GPU_SCAN,5196.1406
cold_hot,q15,1,HASH_GROUP_BY,24.152828999999997
cold_hot,q15,1,HASH_JOIN,4.889385
cold_hot,q15,1,MERGE_AGGREGATE,0.11632800000000001
cold_hot,q15,1,MERGE_GROUP_BY,5.15351
cold_hot,q15,1,MERGE_SORT,0.037139
cold_hot,q15,1,ORDER_BY,0.49002
cold_hot,q15,1,PARTITION,0.49718399999999996
cold_hot,q15,1,PROJECTION,16.600565
cold_hot,q15,1,RESULT_COLLECTOR,0.601563
cold_hot,q15,1,SORT_PARTITION,0.015209
cold_hot,q15,1,SORT_SAMPLE,0.032653
cold_hot,q15,1,UNGROUPED_AGGREGATE,12.092275
cold_hot,q15,2,CONCAT,0.10951999999999999
cold_hot,q15,2,CTE,0.009602
cold_hot,q15,2,GPU_SCAN,5189.878072999999
cold_hot,q15,2,HASH_GROUP_BY,22.117004
cold_hot,q15,2,HASH_JOIN,1.157133
cold_hot,q15,2,MERGE_AGGREGATE,0.064288
cold_hot,q15,2,MERGE_GROUP_BY,4.984735
cold_hot,q15,2,MERGE_SORT,0.01577
cold_hot,q15,2,ORDER_BY,0.262063
cold_hot,q15,2,PARTITION,0.29582600000000003
cold_hot,q15,2,PROJECTION,11.416708000000002
cold_hot,q15,2,RESULT_COLLECTOR,0.177674
cold_hot,q15,2,SORT_PARTITION,0.013879
cold_hot,q15,2,SORT_SAMPLE,0.024316
cold_hot,q15,2,UNGROUPED_AGGREGATE,0.8930089999999999
cold_hot,q15,3,CONCAT,0.129851
cold_hot,q15,3,CTE,0.054681
cold_hot,q15,3,GPU_SCAN,4904.204683999999
cold_hot,q15,3,HASH_GROUP_BY,19.596960999999997
cold_hot,q15,3,HASH_JOIN,1.4752990000000001
cold_hot,q15,3,MERGE_AGGREGATE,0.079509
cold_hot,q15,3,MERGE_GROUP_BY,5.167303
cold_hot,q15,3,MERGE_SORT,0.012763
cold_hot,q15,3,ORDER_BY,0.394533
cold_hot,q15,3,PARTITION,0.3499069999999999
cold_hot,q15,3,PROJECTION,8.764859999999999
cold_hot,q15,3,RESULT_COLLECTOR,0.478299
cold_hot,q15,3,SORT_PARTITION,0.013163
cold_hot,q15,3,SORT_SAMPLE,0.020776
cold_hot,q15,3,UNGROUPED_AGGREGATE,0.77894
cold_hot,q15,4,CONCAT,0.056831999999999994
cold_hot,q15,4,CTE,0.022865
cold_hot,q15,4,GPU_SCAN,5548.639089000001
cold_hot,q15,4,HASH_GROUP_BY,35.301322000000006
cold_hot,q15,4,HASH_JOIN,0.961193
cold_hot,q15,4,MERGE_AGGREGATE,0.036526
cold_hot,q15,4,MERGE_GROUP_BY,4.966475
cold_hot,q15,4,MERGE_SORT,0.009989
cold_hot,q15,4,ORDER_BY,0.254465
cold_hot,q15,4,PARTITION,0.27336599999999994
cold_hot,q15,4,PROJECTION,31.413417000000003
cold_hot,q15,4,RESULT_COLLECTOR,0.293922
cold_hot,q15,4,SORT_PARTITION,0.009096
cold_hot,q15,4,SORT_SAMPLE,0.010395
cold_hot,q15,4,UNGROUPED_AGGREGATE,0.474024
cold_hot,q15,5,CONCAT,0.09785899999999999
cold_hot,q15,5,CTE,0.007846
cold_hot,q15,5,GPU_SCAN,5150.113246
cold_hot,q15,5,HASH_GROUP_BY,25.63781
cold_hot,q15,5,HASH_JOIN,1.118105
cold_hot,q15,5,MERGE_AGGREGATE,0.033866
cold_hot,q15,5,MERGE_GROUP_BY,5.019335
cold_hot,q15,5,MERGE_SORT,0.013575
cold_hot,q15,5,ORDER_BY,0.261175
cold_hot,q15,5,PARTITION,0.361087
cold_hot,q15,5,PROJECTION,18.152151
cold_hot,q15,5,RESULT_COLLECTOR,0.279156
cold_hot,q15,5,SORT_PARTITION,0.008969
cold_hot,q15,5,SORT_SAMPLE,0.014907
cold_hot,q15,5,UNGROUPED_AGGREGATE,0.418716
cold_hot,q15,6,CONCAT,0.059019
cold_hot,q15,6,CTE,0.029643
cold_hot,q15,6,GPU_SCAN,5359.986055999999
cold_hot,q15,6,HASH_GROUP_BY,23.015861999999995
cold_hot,q15,6,HASH_JOIN,0.9659800000000001
cold_hot,q15,6,MERGE_AGGREGATE,0.040878
cold_hot,q15,6,MERGE_GROUP_BY,4.964125
cold_hot,q15,6,MERGE_SORT,0.012345
cold_hot,q15,6,ORDER_BY,0.241582
cold_hot,q15,6,PARTITION,0.24704200000000004
cold_hot,q15,6,PROJECTION,11.581687000000002
cold_hot,q15,6,RESULT_COLLECTOR,0.583167
cold_hot,q15,6,SORT_PARTITION,0.007855
cold_hot,q15,6,SORT_SAMPLE,0.011375
cold_hot,q15,6,UNGROUPED_AGGREGATE,0.37335799999999997
cold_hot,q15,7,CONCAT,0.101448
cold_hot,q15,7,CTE,0.009531
cold_hot,q15,7,GPU_SCAN,5384.679308000001
cold_hot,q15,7,HASH_GROUP_BY,26.910667
cold_hot,q15,7,HASH_JOIN,1.052826
cold_hot,q15,7,MERGE_AGGREGATE,0.034794
cold_hot,q15,7,MERGE_GROUP_BY,5.761199
cold_hot,q15,7,MERGE_SORT,0.012331
cold_hot,q15,7,ORDER_BY,0.247254
cold_hot,q15,7,PARTITION,0.412943
cold_hot,q15,7,PROJECTION,29.994521999999996
cold_hot,q15,7,RESULT_COLLECTOR,0.289206
cold_hot,q15,7,SORT_PARTITION,0.00975
cold_hot,q15,7,SORT_SAMPLE,0.015498
cold_hot,q15,7,UNGROUPED_AGGREGATE,0.40504700000000005
cold_hot,q15,8,CONCAT,0.102199
cold_hot,q15,8,CTE,0.022841
cold_hot,q15,8,GPU_SCAN,5150.239378
cold_hot,q15,8,HASH_GROUP_BY,18.193632
cold_hot,q15,8,HASH_JOIN,0.9960230000000001
cold_hot,q15,8,MERGE_AGGREGATE,0.044786
cold_hot,q15,8,MERGE_GROUP_BY,4.964345
cold_hot,q15,8,MERGE_SORT,0.010796
cold_hot,q15,8,ORDER_BY,0.235851
cold_hot,q15,8,PARTITION,0.28078699999999995
cold_hot,q15,8,PROJECTION,11.450035000000003
cold_hot,q15,8,RESULT_COLLECTOR,0.58477
cold_hot,q15,8,SORT_PARTITION,0.007439
cold_hot,q15,8,SORT_SAMPLE,0.013655
cold_hot,q15,8,UNGROUPED_AGGREGATE,0.34778299999999995
cold_hot,q15,9,CONCAT,0.034887999999999995
cold_hot,q15,9,CTE,0.004957
cold_hot,q15,9,GPU_SCAN,5151.3351410000005
cold_hot,q15,9,HASH_GROUP_BY,20.768741
cold_hot,q15,9,HASH_JOIN,1.3175979999999998
cold_hot,q15,9,MERGE_AGGREGATE,0.070371
cold_hot,q15,9,MERGE_GROUP_BY,4.924297
cold_hot,q15,9,MERGE_SORT,0.011035
cold_hot,q15,9,ORDER_BY,0.236428
cold_hot,q15,9,PARTITION,0.24687100000000006
cold_hot,q15,9,PROJECTION,10.257493
cold_hot,q15,9,RESULT_COLLECTOR,0.195224
cold_hot,q15,9,SORT_PARTITION,0.026075
cold_hot,q15,9,SORT_SAMPLE,0.037625
cold_hot,q15,9,UNGROUPED_AGGREGATE,0.336963
cold_hot,q15,10,CONCAT,0.126774
cold_hot,q15,10,CTE,0.009583
cold_hot,q15,10,GPU_SCAN,5448.367913
cold_hot,q15,10,HASH_GROUP_BY,28.305808
cold_hot,q15,10,HASH_JOIN,1.645766
cold_hot,q15,10,MERGE_AGGREGATE,0.05450100000000001
cold_hot,q15,10,MERGE_GROUP_BY,5.075994
cold_hot,q15,10,MERGE_SORT,0.013887
cold_hot,q15,10,ORDER_BY,0.447132
cold_hot,q15,10,PARTITION,0.4755209999999999
cold_hot,q15,10,PROJECTION,13.704638999999998
cold_hot,q15,10,RESULT_COLLECTOR,0.359369
cold_hot,q15,10,SORT_PARTITION,0.039807
cold_hot,q15,10,SORT_SAMPLE,0.02712
cold_hot,q15,10,UNGROUPED_AGGREGATE,0.633541
cold_hot,q16,1,CONCAT,0.464962
cold_hot,q16,1,DYNAMIC_FILTER,1.126473
cold_hot,q16,1,FILTER,20.583028
cold_hot,q16,1,GPU_SCAN,186.72645999999997
cold_hot,q16,1,HASH_GROUP_BY,107.324963
cold_hot,q16,1,HASH_JOIN,21.437958000000002
cold_hot,q16,1,MERGE_GROUP_BY,2.42339
cold_hot,q16,1,MERGE_SORT,0.073045
cold_hot,q16,1,ORDER_BY,2.285123
cold_hot,q16,1,PARTITION,0.35995499999999997
cold_hot,q16,1,PROJECTION,0.021857
cold_hot,q16,1,RESULT_COLLECTOR,1.756653
cold_hot,q16,1,SORT_PARTITION,0.007844
cold_hot,q16,1,SORT_SAMPLE,0.014417
cold_hot,q16,2,CONCAT,0.48358300000000004
cold_hot,q16,2,DYNAMIC_FILTER,1.121278
cold_hot,q16,2,FILTER,7.110469
cold_hot,q16,2,GPU_SCAN,182.394
cold_hot,q16,2,HASH_GROUP_BY,81.256272
cold_hot,q16,2,HASH_JOIN,9.603336
cold_hot,q16,2,MERGE_GROUP_BY,1.147462
cold_hot,q16,2,MERGE_SORT,0.031245
cold_hot,q16,2,ORDER_BY,2.771875
cold_hot,q16,2,PARTITION,0.327347
cold_hot,q16,2,PROJECTION,0.019188
cold_hot,q16,2,RESULT_COLLECTOR,1.883899
cold_hot,q16,2,SORT_PARTITION,0.013757
cold_hot,q16,2,SORT_SAMPLE,0.023934
cold_hot,q16,3,CONCAT,0.489478
cold_hot,q16,3,DYNAMIC_FILTER,1.12162
cold_hot,q16,3,FILTER,6.348884
cold_hot,q16,3,GPU_SCAN,181.35584
cold_hot,q16,3,HASH_GROUP_BY,81.008875
cold_hot,q16,3,HASH_JOIN,8.847641
cold_hot,q16,3,MERGE_GROUP_BY,1.21813
cold_hot,q16,3,MERGE_SORT,0.145096
cold_hot,q16,3,ORDER_BY,2.460202
cold_hot,q16,3,PARTITION,0.195573
cold_hot,q16,3,PROJECTION,0.017076
cold_hot,q16,3,RESULT_COLLECTOR,1.041249
cold_hot,q16,3,SORT_PARTITION,0.006914
cold_hot,q16,3,SORT_SAMPLE,0.012613
cold_hot,q16,4,CONCAT,0.39890200000000003
cold_hot,q16,4,DYNAMIC_FILTER,1.118652
cold_hot,q16,4,FILTER,6.351117
cold_hot,q16,4,GPU_SCAN,181.997369
cold_hot,q16,4,HASH_GROUP_BY,81.198446
cold_hot,q16,4,HASH_JOIN,9.206868
cold_hot,q16,4,MERGE_GROUP_BY,1.083644
cold_hot,q16,4,MERGE_SORT,0.02425
cold_hot,q16,4,ORDER_BY,2.688483
cold_hot,q16,4,PARTITION,0.359541
cold_hot,q16,4,PROJECTION,0.013322
cold_hot,q16,4,RESULT_COLLECTOR,1.715957
cold_hot,q16,4,SORT_PARTITION,0.00936
cold_hot,q16,4,SORT_SAMPLE,0.018832
cold_hot,q16,5,CONCAT,0.412417
cold_hot,q16,5,DYNAMIC_FILTER,1.106278
cold_hot,q16,5,FILTER,6.410303000000001
cold_hot,q16,5,GPU_SCAN,181.13978600000002
cold_hot,q16,5,HASH_GROUP_BY,81.197099
cold_hot,q16,5,HASH_JOIN,8.663802
cold_hot,q16,5,MERGE_GROUP_BY,1.092168
cold_hot,q16,5,MERGE_SORT,0.009818
cold_hot,q16,5,ORDER_BY,2.389474
cold_hot,q16,5,PARTITION,0.123757
cold_hot,q16,5,PROJECTION,0.017838
cold_hot,q16,5,RESULT_COLLECTOR,1.956576
cold_hot,q16,5,SORT_PARTITION,0.007943
cold_hot,q16,5,SORT_SAMPLE,0.011027
cold_hot,q16,6,CONCAT,0.33831500000000003
cold_hot,q16,6,DYNAMIC_FILTER,1.143016
cold_hot,q16,6,FILTER,6.481884
cold_hot,q16,6,GPU_SCAN,183.643853
cold_hot,q16,6,HASH_GROUP_BY,82.12015
cold_hot,q16,6,HASH_JOIN,9.314911
cold_hot,q16,6,MERGE_GROUP_BY,1.227388
cold_hot,q16,6,MERGE_SORT,0.014092
cold_hot,q16,6,ORDER_BY,2.526633
cold_hot,q16,6,PARTITION,0.321135
cold_hot,q16,6,PROJECTION,0.015981
cold_hot,q16,6,RESULT_COLLECTOR,1.48571
cold_hot,q16,6,SORT_PARTITION,0.009254
cold_hot,q16,6,SORT_SAMPLE,0.017303
cold_hot,q16,7,CONCAT,0.315137
cold_hot,q16,7,DYNAMIC_FILTER,1.153753
cold_hot,q16,7,FILTER,6.874162
cold_hot,q16,7,GPU_SCAN,184.12877999999998
cold_hot,q16,7,HASH_GROUP_BY,81.841942
cold_hot,q16,7,HASH_JOIN,9.067888
cold_hot,q16,7,MERGE_GROUP_BY,0.970991
cold_hot,q16,7,MERGE_SORT,0.028017
cold_hot,q16,7,ORDER_BY,2.469884
cold_hot,q16,7,PARTITION,0.282284
cold_hot,q16,7,PROJECTION,0.015211
cold_hot,q16,7,RESULT_COLLECTOR,1.253052
cold_hot,q16,7,SORT_PARTITION,0.005969
cold_hot,q16,7,SORT_SAMPLE,0.013686
cold_hot,q16,8,CONCAT,0.43822
cold_hot,q16,8,DYNAMIC_FILTER,1.129647
cold_hot,q16,8,FILTER,6.399233000000001
cold_hot,q16,8,GPU_SCAN,182.229738
cold_hot,q16,8,HASH_GROUP_BY,82.271761
cold_hot,q16,8,HASH_JOIN,9.142574
cold_hot,q16,8,MERGE_GROUP_BY,1.278054
cold_hot,q16,8,MERGE_SORT,0.073753
cold_hot,q16,8,ORDER_BY,2.557962
cold_hot,q16,8,PARTITION,0.27789400000000003
cold_hot,q16,8,PROJECTION,0.016396
cold_hot,q16,8,RESULT_COLLECTOR,1.634508
cold_hot,q16,8,SORT_PARTITION,0.017023
cold_hot,q16,8,SORT_SAMPLE,0.030115
cold_hot,q16,9,CONCAT,0.415197
cold_hot,q16,9,DYNAMIC_FILTER,1.104358
cold_hot,q16,9,FILTER,6.288519
cold_hot,q16,9,GPU_SCAN,182.884279
cold_hot,q16,9,HASH_GROUP_BY,81.953766
cold_hot,q16,9,HASH_JOIN,8.726
cold_hot,q16,9,MERGE_GROUP_BY,1.058697
cold_hot,q16,9,MERGE_SORT,0.040821
cold_hot,q16,9,ORDER_BY,2.678705
cold_hot,q16,9,PARTITION,0.246678
cold_hot,q16,9,PROJECTION,0.011824
cold_hot,q16,9,RESULT_COLLECTOR,1.15488
cold_hot,q16,9,SORT_PARTITION,0.022154
cold_hot,q16,9,SORT_SAMPLE,0.034277
cold_hot,q16,10,CONCAT,0.429935
cold_hot,q16,10,DYNAMIC_FILTER,1.12543
cold_hot,q16,10,FILTER,6.3545370000000005
cold_hot,q16,10,GPU_SCAN,182.111429
cold_hot,q16,10,HASH_GROUP_BY,81.893473
cold_hot,q16,10,HASH_JOIN,9.017834
cold_hot,q16,10,MERGE_GROUP_BY,0.590803
cold_hot,q16,10,MERGE_SORT,0.034739
cold_hot,q16,10,ORDER_BY,2.81555
cold_hot,q16,10,PARTITION,0.267889
cold_hot,q16,10,PROJECTION,0.016668
cold_hot,q16,10,RESULT_COLLECTOR,0.961355
cold_hot,q16,10,SORT_PARTITION,0.007886
cold_hot,q16,10,SORT_SAMPLE,0.0149
cold_hot,q17,1,CONCAT,0.532447
cold_hot,q17,1,DYNAMIC_FILTER,26.919176
cold_hot,q17,1,FILTER,0.311528
cold_hot,q17,1,GPU_SCAN,6602.730873999999
cold_hot,q17,1,HASH_GROUP_BY,6.759221
cold_hot,q17,1,HASH_JOIN,94.29251699999999
cold_hot,q17,1,LEFT_DELIM_JOIN,0.166617
cold_hot,q17,1,MERGE_AGGREGATE,0.020952
cold_hot,q17,1,MERGE_GROUP_BY,1.519625
cold_hot,q17,1,PARTITION,1.3877629999999999
cold_hot,q17,1,PROJECTION,0.636396
cold_hot,q17,1,RESULT_COLLECTOR,0.138142
cold_hot,q17,1,UNGROUPED_AGGREGATE,0.430884
cold_hot,q17,2,CONCAT,0.6142730000000001
cold_hot,q17,2,DYNAMIC_FILTER,19.974176
cold_hot,q17,2,FILTER,0.302141
cold_hot,q17,2,GPU_SCAN,6682.793529999998
cold_hot,q17,2,HASH_GROUP_BY,5.178046
cold_hot,q17,2,HASH_JOIN,137.471
cold_hot,q17,2,LEFT_DELIM_JOIN,0.196974
cold_hot,q17,2,MERGE_AGGREGATE,0.032869
cold_hot,q17,2,MERGE_GROUP_BY,1.532777
cold_hot,q17,2,PARTITION,0.632271
cold_hot,q17,2,PROJECTION,0.667681
cold_hot,q17,2,RESULT_COLLECTOR,0.086979
cold_hot,q17,2,UNGROUPED_AGGREGATE,0.413918
cold_hot,q17,3,CONCAT,0.4712019999999999
cold_hot,q17,3,DYNAMIC_FILTER,27.052484
cold_hot,q17,3,FILTER,0.190829
cold_hot,q17,3,GPU_SCAN,6615.957853000001
cold_hot,q17,3,HASH_GROUP_BY,5.651515999999999
cold_hot,q17,3,HASH_JOIN,182.69806599999998
cold_hot,q17,3,LEFT_DELIM_JOIN,0.188497
cold_hot,q17,3,MERGE_AGGREGATE,0.012473
cold_hot,q17,3,MERGE_GROUP_BY,0.509785
cold_hot,q17,3,PARTITION,0.385776
cold_hot,q17,3,PROJECTION,0.37932000000000005
cold_hot,q17,3,RESULT_COLLECTOR,0.079715
cold_hot,q17,3,UNGROUPED_AGGREGATE,0.273779
cold_hot,q17,4,CONCAT,0.6078709999999998
cold_hot,q17,4,DYNAMIC_FILTER,26.111340000000002
cold_hot,q17,4,FILTER,0.140822
cold_hot,q17,4,GPU_SCAN,6641.129051
cold_hot,q17,4,HASH_GROUP_BY,4.9638100000000005
cold_hot,q17,4,HASH_JOIN,95.68267999999999
cold_hot,q17,4,LEFT_DELIM_JOIN,0.208181
cold_hot,q17,4,MERGE_AGGREGATE,0.031452
cold_hot,q17,4,MERGE_GROUP_BY,1.622875
cold_hot,q17,4,PARTITION,0.680899
cold_hot,q17,4,PROJECTION,0.6543209999999999
cold_hot,q17,4,RESULT_COLLECTOR,0.137105
cold_hot,q17,4,UNGROUPED_AGGREGATE,0.20853
cold_hot,q17,5,CONCAT,0.435702
cold_hot,q17,5,DYNAMIC_FILTER,21.816462
cold_hot,q17,5,FILTER,0.142042
cold_hot,q17,5,GPU_SCAN,6628.35016
cold_hot,q17,5,HASH_GROUP_BY,5.815153
cold_hot,q17,5,HASH_JOIN,184.54388400000002
cold_hot,q17,5,LEFT_DELIM_JOIN,0.41838
cold_hot,q17,5,MERGE_AGGREGATE,0.014547
cold_hot,q17,5,MERGE_GROUP_BY,0.665586
cold_hot,q17,5,PARTITION,0.5299080000000002
cold_hot,q17,5,PROJECTION,0.39267599999999997
cold_hot,q17,5,RESULT_COLLECTOR,0.08808
cold_hot,q17,5,UNGROUPED_AGGREGATE,0.212651
cold_hot,q17,6,CONCAT,0.5332709999999999
cold_hot,q17,6,DYNAMIC_FILTER,29.901794
cold_hot,q17,6,FILTER,0.128309
cold_hot,q17,6,GPU_SCAN,6774.867018999999
cold_hot,q17,6,HASH_GROUP_BY,4.494813
cold_hot,q17,6,HASH_JOIN,128.798423
cold_hot,q17,6,LEFT_DELIM_JOIN,0.197051
cold_hot,q17,6,MERGE_AGGREGATE,0.033877
cold_hot,q17,6,MERGE_GROUP_BY,0.721062
cold_hot,q17,6,PARTITION,0.46662
cold_hot,q17,6,PROJECTION,0.6272949999999999
cold_hot,q17,6,RESULT_COLLECTOR,0.097217
cold_hot,q17,6,UNGROUPED_AGGREGATE,0.167373
cold_hot,q17,7,CONCAT,0.488197
cold_hot,q17,7,DYNAMIC_FILTER,26.635063
cold_hot,q17,7,FILTER,0.333226
cold_hot,q17,7,GPU_SCAN,6591.329502999999
cold_hot,q17,7,HASH_GROUP_BY,7.858251
cold_hot,q17,7,HASH_JOIN,129.64268
cold_hot,q17,7,LEFT_DELIM_JOIN,0.278792
cold_hot,q17,7,MERGE_AGGREGATE,0.027395
cold_hot,q17,7,MERGE_GROUP_BY,0.639969
cold_hot,q17,7,PARTITION,0.775102
cold_hot,q17,7,PROJECTION,0.7394149999999999
cold_hot,q17,7,RESULT_COLLECTOR,0.111375
cold_hot,q17,7,UNGROUPED_AGGREGATE,0.471618
cold_hot,q17,8,CONCAT,0.973252
cold_hot,q17,8,DYNAMIC_FILTER,31.526629000000003
cold_hot,q17,8,FILTER,0.111298
cold_hot,q17,8,GPU_SCAN,6384.291178999999
cold_hot,q17,8,HASH_GROUP_BY,3.2478859999999994
cold_hot,q17,8,HASH_JOIN,98.851443
cold_hot,q17,8,LEFT_DELIM_JOIN,0.313566
cold_hot,q17,8,MERGE_AGGREGATE,0.026833
cold_hot,q17,8,MERGE_GROUP_BY,1.416828
cold_hot,q17,8,PARTITION,0.761217
cold_hot,q17,8,PROJECTION,0.8856540000000002
cold_hot,q17,8,RESULT_COLLECTOR,0.087064
cold_hot,q17,8,UNGROUPED_AGGREGATE,0.143096
cold_hot,q17,9,CONCAT,0.6335829999999998
cold_hot,q17,9,DYNAMIC_FILTER,23.980688
cold_hot,q17,9,FILTER,0.127825
cold_hot,q17,9,GPU_SCAN,6677.726301999999
cold_hot,q17,9,HASH_GROUP_BY,37.409856
cold_hot,q17,9,HASH_JOIN,132.94428
cold_hot,q17,9,LEFT_DELIM_JOIN,0.245258
cold_hot,q17,9,MERGE_AGGREGATE,0.028219
cold_hot,q17,9,MERGE_GROUP_BY,0.659158
cold_hot,q17,9,PARTITION,0.5444710000000001
cold_hot,q17,9,PROJECTION,0.461283
cold_hot,q17,9,RESULT_COLLECTOR,0.109387
cold_hot,q17,9,UNGROUPED_AGGREGATE,0.17866
cold_hot,q17,10,CONCAT,0.296915
cold_hot,q17,10,DYNAMIC_FILTER,25.896441
cold_hot,q17,10,FILTER,0.151722
cold_hot,q17,10,GPU_SCAN,6633.168601000001
cold_hot,q17,10,HASH_GROUP_BY,19.01613
cold_hot,q17,10,HASH_JOIN,139.112626
cold_hot,q17,10,LEFT_DELIM_JOIN,0.173931
cold_hot,q17,10,MERGE_AGGREGATE,0.034956
cold_hot,q17,10,MERGE_GROUP_BY,0.73449
cold_hot,q17,10,PARTITION,0.6394080000000001
cold_hot,q17,10,PROJECTION,0.619381
cold_hot,q17,10,RESULT_COLLECTOR,0.130078
cold_hot,q17,10,UNGROUPED_AGGREGATE,0.223869
cold_hot,q18,1,CONCAT,1.2463920000000002
cold_hot,q18,1,DYNAMIC_FILTER,23.755562000000005
cold_hot,q18,1,FILTER,7.292479
cold_hot,q18,1,GPU_SCAN,4233.935742
cold_hot,q18,1,HASH_GROUP_BY,219.46996999999996
cold_hot,q18,1,HASH_JOIN,5.0905130000000005
cold_hot,q18,1,MERGE_GROUP_BY,307.51228000000003
cold_hot,q18,1,MERGE_TOP_N,0.64196
cold_hot,q18,1,PARTITION,62.119129
cold_hot,q18,1,PROJECTION,0.047691
cold_hot,q18,1,RESULT_COLLECTOR,0.267033
cold_hot,q18,1,TOP_N,1.283779
cold_hot,q18,2,CONCAT,0.536496
cold_hot,q18,2,DYNAMIC_FILTER,29.9883
cold_hot,q18,2,FILTER,7.857311000000001
cold_hot,q18,2,GPU_SCAN,4135.038129000001
cold_hot,q18,2,HASH_GROUP_BY,286.48902799999996
cold_hot,q18,2,HASH_JOIN,4.126912
cold_hot,q18,2,MERGE_GROUP_BY,306.398507
cold_hot,q18,2,MERGE_TOP_N,0.334632
cold_hot,q18,2,PARTITION,60.47395900000001
cold_hot,q18,2,PROJECTION,0.012515
cold_hot,q18,2,RESULT_COLLECTOR,0.234421
cold_hot,q18,2,TOP_N,0.600135
cold_hot,q18,3,CONCAT,0.6530480000000001
cold_hot,q18,3,DYNAMIC_FILTER,26.264032000000004
cold_hot,q18,3,FILTER,7.2315830000000005
cold_hot,q18,3,GPU_SCAN,4108.498579
cold_hot,q18,3,HASH_GROUP_BY,275.45952
cold_hot,q18,3,HASH_JOIN,4.356292
cold_hot,q18,3,MERGE_GROUP_BY,304.08541799999995
cold_hot,q18,3,MERGE_TOP_N,0.422743
cold_hot,q18,3,PARTITION,60.44565000000001
cold_hot,q18,3,PROJECTION,0.041082
cold_hot,q18,3,RESULT_COLLECTOR,0.170635
cold_hot,q18,3,TOP_N,0.62533
cold_hot,q18,4,CONCAT,1.0029979999999998
cold_hot,q18,4,DYNAMIC_FILTER,28.093408999999998
cold_hot,q18,4,FILTER,7.383462
cold_hot,q18,4,GPU_SCAN,4143.781075
cold_hot,q18,4,HASH_GROUP_BY,287.09453600000006
cold_hot,q18,4,HASH_JOIN,5.046348
cold_hot,q18,4,MERGE_GROUP_BY,306.49704099999997
cold_hot,q18,4,MERGE_TOP_N,0.459447
cold_hot,q18,4,PARTITION,60.904807999999996
cold_hot,q18,4,PROJECTION,0.036362
cold_hot,q18,4,RESULT_COLLECTOR,0.177591
cold_hot,q18,4,TOP_N,0.991514
cold_hot,q18,5,CONCAT,1.035635
cold_hot,q18,5,DYNAMIC_FILTER,29.691518999999996
cold_hot,q18,5,FILTER,7.654388
cold_hot,q18,5,GPU_SCAN,4191.840427000001
cold_hot,q18,5,HASH_GROUP_BY,223.95405699999998
cold_hot,q18,5,HASH_JOIN,4.0038339999999994
cold_hot,q18,5,MERGE_GROUP_BY,308.63878500000004
cold_hot,q18,5,MERGE_TOP_N,0.446968
cold_hot,q18,5,PARTITION,59.84900400000001
cold_hot,q18,5,PROJECTION,0.015699
cold_hot,q18,5,RESULT_COLLECTOR,0.301624
cold_hot,q18,5,TOP_N,0.96825
cold_hot,q18,6,CONCAT,0.52501
cold_hot,q18,6,DYNAMIC_FILTER,30.764003000000006
cold_hot,q18,6,FILTER,7.333856000000001
cold_hot,q18,6,GPU_SCAN,4106.097693999999
cold_hot,q18,6,HASH_GROUP_BY,316.63954600000005
cold_hot,q18,6,HASH_JOIN,4.369154
cold_hot,q18,6,MERGE_GROUP_BY,308.85543
cold_hot,q18,6,MERGE_TOP_N,0.451397
cold_hot,q18,6,PARTITION,60.762470999999984
cold_hot,q18,6,PROJECTION,0.039672
cold_hot,q18,6,RESULT_COLLECTOR,0.190421
cold_hot,q18,6,TOP_N,0.659528
cold_hot,q18,7,CONCAT,1.225501
cold_hot,q18,7,DYNAMIC_FILTER,31.012705000000004
cold_hot,q18,7,FILTER,6.918273999999999
cold_hot,q18,7,GPU_SCAN,4000.3117990000005
cold_hot,q18,7,HASH_GROUP_BY,194.641558
cold_hot,q18,7,HASH_JOIN,3.94114
cold_hot,q18,7,MERGE_GROUP_BY,306.417146
cold_hot,q18,7,MERGE_TOP_N,0.433159
cold_hot,q18,7,PARTITION,61.632301000000005
cold_hot,q18,7,PROJECTION,0.015602
cold_hot,q18,7,RESULT_COLLECTOR,0.274896
cold_hot,q18,7,TOP_N,1.042106
cold_hot,q18,8,CONCAT,1.134516
cold_hot,q18,8,DYNAMIC_FILTER,38.383535
cold_hot,q18,8,FILTER,8.096649000000001
cold_hot,q18,8,GPU_SCAN,4191.2823419999995
cold_hot,q18,8,HASH_GROUP_BY,245.263572
cold_hot,q18,8,HASH_JOIN,4.50672
cold_hot,q18,8,MERGE_GROUP_BY,308.953717
cold_hot,q18,8,MERGE_TOP_N,0.46197
cold_hot,q18,8,PARTITION,62.84080000000001
cold_hot,q18,8,PROJECTION,0.042702
cold_hot,q18,8,RESULT_COLLECTOR,0.290734
cold_hot,q18,8,TOP_N,0.906408
cold_hot,q18,9,CONCAT,1.23543
cold_hot,q18,9,DYNAMIC_FILTER,39.97639399999999
cold_hot,q18,9,FILTER,6.914714
cold_hot,q18,9,GPU_SCAN,4229.484637999999
cold_hot,q18,9,HASH_GROUP_BY,255.165569
cold_hot,q18,9,HASH_JOIN,5.189947
cold_hot,q18,9,MERGE_GROUP_BY,307.504093
cold_hot,q18,9,MERGE_TOP_N,0.651101
cold_hot,q18,9,PARTITION,62.298967999999995
cold_hot,q18,9,PROJECTION,0.031975
cold_hot,q18,9,RESULT_COLLECTOR,0.412384
cold_hot,q18,9,TOP_N,0.839083
cold_hot,q18,10,CONCAT,0.9418660000000001
cold_hot,q18,10,DYNAMIC_FILTER,29.053684
cold_hot,q18,10,FILTER,7.43594
cold_hot,q18,10,GPU_SCAN,4179.8631669999995
cold_hot,q18,10,HASH_GROUP_BY,228.362021
cold_hot,q18,10,HASH_JOIN,4.565015
cold_hot,q18,10,MERGE_GROUP_BY,307.42927099999997
cold_hot,q18,10,MERGE_TOP_N,0.394152
cold_hot,q18,10,PARTITION,60.94345700000001
cold_hot,q18,10,PROJECTION,0.041449
cold_hot,q18,10,RESULT_COLLECTOR,0.63199
cold_hot,q18,10,TOP_N,0.979121
cold_hot,q19,1,CONCAT,3.7342690000000003
cold_hot,q19,1,DYNAMIC_FILTER,4.146052
cold_hot,q19,1,FILTER,38.124979
cold_hot,q19,1,GPU_SCAN,5134.924583
cold_hot,q19,1,HASH_JOIN,21.521859
cold_hot,q19,1,MERGE_AGGREGATE,0.071393
cold_hot,q19,1,PARTITION,0.940023
cold_hot,q19,1,PROJECTION,0.10078
cold_hot,q19,1,RESULT_COLLECTOR,0.467385
cold_hot,q19,1,UNGROUPED_AGGREGATE,0.196042
cold_hot,q19,2,CONCAT,3.60027
cold_hot,q19,2,DYNAMIC_FILTER,3.776701
cold_hot,q19,2,FILTER,34.739093
cold_hot,q19,2,GPU_SCAN,4968.303515999999
cold_hot,q19,2,HASH_JOIN,21.59186
cold_hot,q19,2,MERGE_AGGREGATE,0.066292
cold_hot,q19,2,PARTITION,0.8150590000000002
cold_hot,q19,2,PROJECTION,0.087124
cold_hot,q19,2,RESULT_COLLECTOR,0.091952
cold_hot,q19,2,UNGROUPED_AGGREGATE,0.157762
cold_hot,q19,3,CONCAT,3.681061
cold_hot,q19,3,DYNAMIC_FILTER,3.729667
cold_hot,q19,3,FILTER,34.598563
cold_hot,q19,3,GPU_SCAN,4968.171815
cold_hot,q19,3,HASH_JOIN,21.31621
cold_hot,q19,3,MERGE_AGGREGATE,0.068553
cold_hot,q19,3,PARTITION,0.8126869999999999
cold_hot,q19,3,PROJECTION,0.076601
cold_hot,q19,3,RESULT_COLLECTOR,0.248782
cold_hot,q19,3,UNGROUPED_AGGREGATE,0.150246
cold_hot,q19,4,CONCAT,3.61485
cold_hot,q19,4,DYNAMIC_FILTER,3.732965
cold_hot,q19,4,FILTER,35.231618999999995
cold_hot,q19,4,GPU_SCAN,5026.7161449999985
cold_hot,q19,4,HASH_JOIN,21.210862
cold_hot,q19,4,MERGE_AGGREGATE,0.023494
cold_hot,q19,4,PARTITION,0.8673080000000003
cold_hot,q19,4,PROJECTION,0.084092
cold_hot,q19,4,RESULT_COLLECTOR,0.244002
cold_hot,q19,4,UNGROUPED_AGGREGATE,0.165785
cold_hot,q19,5,CONCAT,4.486212
cold_hot,q19,5,DYNAMIC_FILTER,3.769291
cold_hot,q19,5,FILTER,35.107257000000004
cold_hot,q19,5,GPU_SCAN,5060.367522
cold_hot,q19,5,HASH_JOIN,21.498092
cold_hot,q19,5,MERGE_AGGREGATE,0.070327
cold_hot,q19,5,PARTITION,0.8872059999999999
cold_hot,q19,5,PROJECTION,0.107292
cold_hot,q19,5,RESULT_COLLECTOR,0.279387
cold_hot,q19,5,UNGROUPED_AGGREGATE,0.20436
cold_hot,q19,6,CONCAT,3.6023650000000003
cold_hot,q19,6,DYNAMIC_FILTER,3.840054
cold_hot,q19,6,FILTER,34.778803999999994
cold_hot,q19,6,GPU_SCAN,5068.339585
cold_hot,q19,6,HASH_JOIN,21.315067
cold_hot,q19,6,MERGE_AGGREGATE,0.038898
cold_hot,q19,6,PARTITION,0.7963410000000002
cold_hot,q19,6,PROJECTION,0.100412
cold_hot,q19,6,RESULT_COLLECTOR,0.263173
cold_hot,q19,6,UNGROUPED_AGGREGATE,0.191536
cold_hot,q19,7,CONCAT,3.712173
cold_hot,q19,7,DYNAMIC_FILTER,3.801287
cold_hot,q19,7,FILTER,42.47984600000001
cold_hot,q19,7,GPU_SCAN,5055.954021
cold_hot,q19,7,HASH_JOIN,21.462467
cold_hot,q19,7,MERGE_AGGREGATE,0.072027
cold_hot,q19,7,PARTITION,0.508879
cold_hot,q19,7,PROJECTION,0.098472
cold_hot,q19,7,RESULT_COLLECTOR,0.273578
cold_hot,q19,7,UNGROUPED_AGGREGATE,0.194986
cold_hot,q19,8,CONCAT,3.97886
cold_hot,q19,8,DYNAMIC_FILTER,3.801532
cold_hot,q19,8,FILTER,39.500423
cold_hot,q19,8,GPU_SCAN,4971.3816560000005
cold_hot,q19,8,HASH_JOIN,21.457074
cold_hot,q19,8,MERGE_AGGREGATE,0.080828
cold_hot,q19,8,PARTITION,0.653143
cold_hot,q19,8,PROJECTION,0.173675
cold_hot,q19,8,RESULT_COLLECTOR,0.184309
cold_hot,q19,8,UNGROUPED_AGGREGATE,0.266577
cold_hot,q19,9,CONCAT,4.032734
cold_hot,q19,9,DYNAMIC_FILTER,3.869086
cold_hot,q19,9,FILTER,36.03871800000001
cold_hot,q19,9,GPU_SCAN,5054.550719999999
cold_hot,q19,9,HASH_JOIN,21.632593
cold_hot,q19,9,MERGE_AGGREGATE,0.103531
cold_hot,q19,9,PARTITION,0.6572680000000001
cold_hot,q19,9,PROJECTION,0.095004
cold_hot,q19,9,RESULT_COLLECTOR,0.213668
cold_hot,q19,9,UNGROUPED_AGGREGATE,0.185917
cold_hot,q19,10,CONCAT,3.5930259999999996
cold_hot,q19,10,DYNAMIC_FILTER,4.357358
cold_hot,q19,10,FILTER,35.65101
cold_hot,q19,10,GPU_SCAN,5105.019745
cold_hot,q19,10,HASH_JOIN,21.306322
cold_hot,q19,10,MERGE_AGGREGATE,0.027085
cold_hot,q19,10,PARTITION,0.4169509999999999
cold_hot,q19,10,PROJECTION,0.085804
cold_hot,q19,10,RESULT_COLLECTOR,0.247132
cold_hot,q19,10,UNGROUPED_AGGREGATE,0.163426
cold_hot,q20,1,CONCAT,1.069406
cold_hot,q20,1,DYNAMIC_FILTER,9.425095
cold_hot,q20,1,FILTER,0.376794
cold_hot,q20,1,GPU_SCAN,4888.941508
cold_hot,q20,1,HASH_GROUP_BY,0.96057
cold_hot,q20,1,HASH_JOIN,7.699781
cold_hot,q20,1,LEFT_DELIM_JOIN,0.724837
cold_hot,q20,1,MERGE_GROUP_BY,0.016642
cold_hot,q20,1,MERGE_SORT,1.908398
cold_hot,q20,1,ORDER_BY,3.07936
cold_hot,q20,1,PARTITION,0.49614100000000005
cold_hot,q20,1,PROJECTION,0.151688
cold_hot,q20,1,RESULT_COLLECTOR,1.689677
cold_hot,q20,1,SORT_PARTITION,1.509691
cold_hot,q20,1,SORT_SAMPLE,0.468509
cold_hot,q20,2,CONCAT,0.7564269999999998
cold_hot,q20,2,DYNAMIC_FILTER,8.958148000000001
cold_hot,q20,2,FILTER,0.220378
cold_hot,q20,2,GPU_SCAN,4807.125677999999
cold_hot,q20,2,HASH_GROUP_BY,0.736532
cold_hot,q20,2,HASH_JOIN,2.929485
cold_hot,q20,2,LEFT_DELIM_JOIN,0.689636
cold_hot,q20,2,MERGE_GROUP_BY,0.045953999999999995
cold_hot,q20,2,MERGE_SORT,1.662167
cold_hot,q20,2,ORDER_BY,3.124621
cold_hot,q20,2,PARTITION,0.38938700000000004
cold_hot,q20,2,PROJECTION,0.17171299999999998
cold_hot,q20,2,RESULT_COLLECTOR,0.506455
cold_hot,q20,2,SORT_PARTITION,1.437957
cold_hot,q20,2,SORT_SAMPLE,0.431238
cold_hot,q20,3,CONCAT,0.72978
cold_hot,q20,3,DYNAMIC_FILTER,6.163717
cold_hot,q20,3,FILTER,0.197979
cold_hot,q20,3,GPU_SCAN,4809.380803
cold_hot,q20,3,HASH_GROUP_BY,0.664708
cold_hot,q20,3,HASH_JOIN,3.0236919999999996
cold_hot,q20,3,LEFT_DELIM_JOIN,0.450314
cold_hot,q20,3,MERGE_GROUP_BY,0.028191
cold_hot,q20,3,MERGE_SORT,1.68628
cold_hot,q20,3,ORDER_BY,3.051381
cold_hot,q20,3,PARTITION,0.3764449999999999
cold_hot,q20,3,PROJECTION,0.111793
cold_hot,q20,3,RESULT_COLLECTOR,1.059224
cold_hot,q20,3,SORT_PARTITION,0.812663
cold_hot,q20,3,SORT_SAMPLE,0.210231
cold_hot,q20,4,CONCAT,0.645608
cold_hot,q20,4,DYNAMIC_FILTER,6.692392000000001
cold_hot,q20,4,FILTER,0.225665
cold_hot,q20,4,GPU_SCAN,4905.046685
cold_hot,q20,4,HASH_GROUP_BY,0.757162
cold_hot,q20,4,HASH_JOIN,2.5081789999999997
cold_hot,q20,4,LEFT_DELIM_JOIN,0.528787
cold_hot,q20,4,MERGE_GROUP_BY,0.101249
cold_hot,q20,4,MERGE_SORT,1.411569
cold_hot,q20,4,ORDER_BY,3.128726
cold_hot,q20,4,PARTITION,0.35953100000000004
cold_hot,q20,4,PROJECTION,0.204687
cold_hot,q20,4,RESULT_COLLECTOR,0.737688
cold_hot,q20,4,SORT_PARTITION,1.280056
cold_hot,q20,4,SORT_SAMPLE,0.318197
cold_hot,q20,5,CONCAT,0.933998
cold_hot,q20,5,DYNAMIC_FILTER,7.0499469999999995
cold_hot,q20,5,FILTER,0.227818
cold_hot,q20,5,GPU_SCAN,4820.1559720000005
cold_hot,q20,5,HASH_GROUP_BY,0.700542
cold_hot,q20,5,HASH_JOIN,4.011774
cold_hot,q20,5,LEFT_DELIM_JOIN,0.7037
cold_hot,q20,5,MERGE_GROUP_BY,0.10964399999999999
cold_hot,q20,5,MERGE_SORT,1.807295
cold_hot,q20,5,ORDER_BY,3.103945
cold_hot,q20,5,PARTITION,0.4142680000000001
cold_hot,q20,5,PROJECTION,0.137073
cold_hot,q20,5,RESULT_COLLECTOR,0.631681
cold_hot,q20,5,SORT_PARTITION,0.940686
cold_hot,q20,5,SORT_SAMPLE,0.243022
cold_hot,q20,6,CONCAT,0.648705
cold_hot,q20,6,DYNAMIC_FILTER,13.947598
cold_hot,q20,6,FILTER,0.239178
cold_hot,q20,6,GPU_SCAN,4955.299077000001
cold_hot,q20,6,HASH_GROUP_BY,0.74863
cold_hot,q20,6,HASH_JOIN,3.733949
cold_hot,q20,6,LEFT_DELIM_JOIN,0.658841
cold_hot,q20,6,MERGE_GROUP_BY,0.050081
cold_hot,q20,6,MERGE_SORT,0.83799
cold_hot,q20,6,ORDER_BY,3.117191
cold_hot,q20,6,PARTITION,0.32759600000000005
cold_hot,q20,6,PROJECTION,0.133229
cold_hot,q20,6,RESULT_COLLECTOR,0.773676
cold_hot,q20,6,SORT_PARTITION,1.529597
cold_hot,q20,6,SORT_SAMPLE,0.459747
cold_hot,q20,7,CONCAT,0.9338019999999999
cold_hot,q20,7,DYNAMIC_FILTER,11.154245
cold_hot,q20,7,FILTER,0.237356
cold_hot,q20,7,GPU_SCAN,4937.859923000001
cold_hot,q20,7,HASH_GROUP_BY,0.690531
cold_hot,q20,7,HASH_JOIN,2.814591
cold_hot,q20,7,LEFT_DELIM_JOIN,1.136183
cold_hot,q20,7,MERGE_GROUP_BY,0.072854
cold_hot,q20,7,MERGE_SORT,1.653571
cold_hot,q20,7,ORDER_BY,3.080634
cold_hot,q20,7,PARTITION,0.350108
cold_hot,q20,7,PROJECTION,0.134685
cold_hot,q20,7,RESULT_COLLECTOR,0.513534
cold_hot,q20,7,SORT_PARTITION,0.767435
cold_hot,q20,7,SORT_SAMPLE,0.202885
cold_hot,q20,8,CONCAT,0.6162199999999999
cold_hot,q20,8,DYNAMIC_FILTER,9.618058
cold_hot,q20,8,FILTER,0.193424
cold_hot,q20,8,GPU_SCAN,4872.490100999999
cold_hot,q20,8,HASH_GROUP_BY,0.684899
cold_hot,q20,8,HASH_JOIN,3.652895
cold_hot,q20,8,LEFT_DELIM_JOIN,0.710279
cold_hot,q20,8,MERGE_GROUP_BY,0.043942999999999996
cold_hot,q20,8,MERGE_SORT,1.651645
cold_hot,q20,8,ORDER_BY,3.090863
cold_hot,q20,8,PARTITION,0.5254779999999999
cold_hot,q20,8,PROJECTION,0.107254
cold_hot,q20,8,RESULT_COLLECTOR,0.768671
cold_hot,q20,8,SORT_PARTITION,1.293101
cold_hot,q20,8,SORT_SAMPLE,0.440476
cold_hot,q20,9,CONCAT,0.665766
cold_hot,q20,9,DYNAMIC_FILTER,7.705243
cold_hot,q20,9,FILTER,0.211558
cold_hot,q20,9,GPU_SCAN,4787.134317999999
cold_hot,q20,9,HASH_GROUP_BY,0.713222
cold_hot,q20,9,HASH_JOIN,2.80964
cold_hot,q20,9,LEFT_DELIM_JOIN,0.686374
cold_hot,q20,9,MERGE_GROUP_BY,0.028187999999999998
cold_hot,q20,9,MERGE_SORT,0.690823
cold_hot,q20,9,ORDER_BY,3.157595
cold_hot,q20,9,PARTITION,0.30405899999999997
cold_hot,q20,9,PROJECTION,0.121394
cold_hot,q20,9,RESULT_COLLECTOR,0.447779
cold_hot,q20,9,SORT_PARTITION,1.312647
cold_hot,q20,9,SORT_SAMPLE,0.300591
cold_hot,q20,10,CONCAT,0.631254
cold_hot,q20,10,DYNAMIC_FILTER,7.744813999999999
cold_hot,q20,10,FILTER,0.358496
cold_hot,q20,10,GPU_SCAN,4893.501586
cold_hot,q20,10,HASH_GROUP_BY,0.877966
cold_hot,q20,10,HASH_JOIN,2.791527
cold_hot,q20,10,LEFT_DELIM_JOIN,0.474328
cold_hot,q20,10,MERGE_GROUP_BY,0.029726000000000002
cold_hot,q20,10,MERGE_SORT,1.037509
cold_hot,q20,10,ORDER_BY,3.115475
cold_hot,q20,10,PARTITION,0.24862299999999996
cold_hot,q20,10,PROJECTION,0.127595
cold_hot,q20,10,RESULT_COLLECTOR,0.37994
cold_hot,q20,10,SORT_PARTITION,1.143588
cold_hot,q20,10,SORT_SAMPLE,0.449044
cold_hot,q21,1,CONCAT,136.72962500000003
cold_hot,q21,1,DYNAMIC_FILTER,74.06903899999999
cold_hot,q21,1,FILTER,71.43684700000001
cold_hot,q21,1,GPU_SCAN,10451.728312999996
cold_hot,q21,1,HASH_GROUP_BY,1.652293
cold_hot,q21,1,HASH_JOIN,1230.16566
cold_hot,q21,1,MERGE_GROUP_BY,5.502199
cold_hot,q21,1,MERGE_TOP_N,0.63488
cold_hot,q21,1,PARTITION,1.3653259999999998
cold_hot,q21,1,PROJECTION,0.6823079999999999
cold_hot,q21,1,RESULT_COLLECTOR,0.220601
cold_hot,q21,1,RIGHT_DELIM_JOIN,14.462836
cold_hot,q21,1,TOP_N,2.323419
cold_hot,q21,2,CONCAT,74.163641
cold_hot,q21,2,DYNAMIC_FILTER,64.43862900000002
cold_hot,q21,2,FILTER,86.675301
cold_hot,q21,2,GPU_SCAN,10979.425247999998
cold_hot,q21,2,HASH_GROUP_BY,1.810949
cold_hot,q21,2,HASH_JOIN,1227.0103169999998
cold_hot,q21,2,MERGE_GROUP_BY,5.7003710000000005
cold_hot,q21,2,MERGE_TOP_N,0.622863
cold_hot,q21,2,PARTITION,1.2281509999999998
cold_hot,q21,2,PROJECTION,1.0371930000000003
cold_hot,q21,2,RESULT_COLLECTOR,0.115225
cold_hot,q21,2,RIGHT_DELIM_JOIN,12.763845
cold_hot,q21,2,TOP_N,2.15431
cold_hot,q21,3,CONCAT,86.787021
cold_hot,q21,3,DYNAMIC_FILTER,67.78523600000003
cold_hot,q21,3,FILTER,61.37507600000001
cold_hot,q21,3,GPU_SCAN,10860.041898
cold_hot,q21,3,HASH_GROUP_BY,1.219698
cold_hot,q21,3,HASH_JOIN,1270.0131760000002
cold_hot,q21,3,MERGE_GROUP_BY,5.62121
cold_hot,q21,3,MERGE_TOP_N,0.582135
cold_hot,q21,3,PARTITION,0.724386
cold_hot,q21,3,PROJECTION,0.6277399999999999
cold_hot,q21,3,RESULT_COLLECTOR,0.153583
cold_hot,q21,3,RIGHT_DELIM_JOIN,15.746327
cold_hot,q21,3,TOP_N,2.151486
cold_hot,q21,4,CONCAT,86.241379
cold_hot,q21,4,DYNAMIC_FILTER,91.40855499999998
cold_hot,q21,4,FILTER,97.867917
cold_hot,q21,4,GPU_SCAN,11096.734163000005
cold_hot,q21,4,HASH_GROUP_BY,1.322273
cold_hot,q21,4,HASH_JOIN,1258.9630400000003
cold_hot,q21,4,MERGE_GROUP_BY,5.724719
cold_hot,q21,4,MERGE_TOP_N,0.605881
cold_hot,q21,4,PARTITION,1.016789
cold_hot,q21,4,PROJECTION,1.1746360000000002
cold_hot,q21,4,RESULT_COLLECTOR,0.299823
cold_hot,q21,4,RIGHT_DELIM_JOIN,13.302697
cold_hot,q21,4,TOP_N,2.155019
cold_hot,q21,5,CONCAT,84.320094
cold_hot,q21,5,DYNAMIC_FILTER,114.15830799999999
cold_hot,q21,5,FILTER,169.78052899999994
cold_hot,q21,5,GPU_SCAN,11114.739060999998
cold_hot,q21,5,HASH_GROUP_BY,1.226058
cold_hot,q21,5,HASH_JOIN,1238.8622749999997
cold_hot,q21,5,MERGE_GROUP_BY,5.759227999999999
cold_hot,q21,5,MERGE_TOP_N,0.699295
cold_hot,q21,5,PARTITION,0.8670500000000001
cold_hot,q21,5,PROJECTION,1.0726229999999999
cold_hot,q21,5,RESULT_COLLECTOR,0.272426
cold_hot,q21,5,RIGHT_DELIM_JOIN,12.550038
cold_hot,q21,5,TOP_N,2.19034
cold_hot,q21,6,CONCAT,97.622463
cold_hot,q21,6,DYNAMIC_FILTER,78.07642700000002
cold_hot,q21,6,FILTER,191.00302
cold_hot,q21,6,GPU_SCAN,11083.023488000004
cold_hot,q21,6,HASH_GROUP_BY,1.371685
cold_hot,q21,6,HASH_JOIN,1330.7979419999997
cold_hot,q21,6,MERGE_GROUP_BY,5.604909999999999
cold_hot,q21,6,MERGE_TOP_N,0.644641
cold_hot,q21,6,PARTITION,0.9061679999999998
cold_hot,q21,6,PROJECTION,0.7842589999999999
cold_hot,q21,6,RESULT_COLLECTOR,0.348782
cold_hot,q21,6,RIGHT_DELIM_JOIN,12.80902
cold_hot,q21,6,TOP_N,2.313347
cold_hot,q21,7,CONCAT,75.26671400000001
cold_hot,q21,7,DYNAMIC_FILTER,68.701979
cold_hot,q21,7,FILTER,69.969836
cold_hot,q21,7,GPU_SCAN,10669.445137
cold_hot,q21,7,HASH_GROUP_BY,1.245804
cold_hot,q21,7,HASH_JOIN,1283.080322
cold_hot,q21,7,MERGE_GROUP_BY,5.905309
cold_hot,q21,7,MERGE_TOP_N,0.610727
cold_hot,q21,7,PARTITION,0.9077450000000001
cold_hot,q21,7,PROJECTION,1.396889
cold_hot,q21,7,RESULT_COLLECTOR,0.100081
cold_hot,q21,7,RIGHT_DELIM_JOIN,13.007656999999998
cold_hot,q21,7,TOP_N,2.186014
cold_hot,q21,8,CONCAT,77.313344
cold_hot,q21,8,DYNAMIC_FILTER,63.527049
cold_hot,q21,8,FILTER,79.65030000000002
cold_hot,q21,8,GPU_SCAN,11117.696706999997
cold_hot,q21,8,HASH_GROUP_BY,1.374388
cold_hot,q21,8,HASH_JOIN,1313.9096740000002
cold_hot,q21,8,MERGE_GROUP_BY,5.746791
cold_hot,q21,8,MERGE_TOP_N,0.622917
cold_hot,q21,8,PARTITION,0.8922390000000001
cold_hot,q21,8,PROJECTION,1.066364
cold_hot,q21,8,RESULT_COLLECTOR,0.14948
cold_hot,q21,8,RIGHT_DELIM_JOIN,12.274558
cold_hot,q21,8,TOP_N,2.242926
cold_hot,q21,9,CONCAT,156.568066
cold_hot,q21,9,DYNAMIC_FILTER,71.597633
cold_hot,q21,9,FILTER,219.06055900000004
cold_hot,q21,9,GPU_SCAN,10824.339613000004
cold_hot,q21,9,HASH_GROUP_BY,1.072519
cold_hot,q21,9,HASH_JOIN,1346.2869950000002
cold_hot,q21,9,MERGE_GROUP_BY,6.049981
cold_hot,q21,9,MERGE_TOP_N,0.61887
cold_hot,q21,9,PARTITION,0.8953989999999998
cold_hot,q21,9,PROJECTION,0.8033209999999998
cold_hot,q21,9,RESULT_COLLECTOR,0.102566
cold_hot,q21,9,RIGHT_DELIM_JOIN,12.725589000000001
cold_hot,q21,9,TOP_N,2.212332
cold_hot,q21,10,CONCAT,153.314821
cold_hot,q21,10,DYNAMIC_FILTER,70.30888399999999
cold_hot,q21,10,FILTER,68.85977799999998
cold_hot,q21,10,GPU_SCAN,10448.955690999997
cold_hot,q21,10,HASH_GROUP_BY,1.147963
cold_hot,q21,10,HASH_JOIN,1264.3094529999998
cold_hot,q21,10,MERGE_GROUP_BY,5.883953
cold_hot,q21,10,MERGE_TOP_N,0.666576
cold_hot,q21,10,PARTITION,1.1157620000000004
cold_hot,q21,10,PROJECTION,1.365469
cold_hot,q21,10,RESULT_COLLECTOR,0.290506
cold_hot,q21,10,RIGHT_DELIM_JOIN,12.995611
cold_hot,q21,10,TOP_N,2.183668
cold_hot,q22,1,CONCAT,0.36749299999999996
cold_hot,q22,1,GPU_SCAN,304.86573400000003
cold_hot,q22,1,HASH_GROUP_BY,0.68983
cold_hot,q22,1,HASH_JOIN,33.560545
cold_hot,q22,1,MERGE_AGGREGATE,0.703056
cold_hot,q22,1,MERGE_GROUP_BY,0.07465300000000001
cold_hot,q22,1,MERGE_SORT,0.032791
cold_hot,q22,1,NESTED_LOOP_JOIN,2.461128
cold_hot,q22,1,ORDER_BY,0.64647
cold_hot,q22,1,PARTITION,0.276625
cold_hot,q22,1,PROJECTION,0.604108
cold_hot,q22,1,RESULT_COLLECTOR,0.647984
cold_hot,q22,1,RIGHT_DELIM_JOIN,1.02302
cold_hot,q22,1,SORT_PARTITION,0.016541
cold_hot,q22,1,SORT_SAMPLE,0.029449
cold_hot,q22,1,UNGROUPED_AGGREGATE,0.703714
cold_hot,q22,2,CONCAT,0.10393
cold_hot,q22,2,GPU_SCAN,299.37947299999996
cold_hot,q22,2,HASH_GROUP_BY,0.495347
cold_hot,q22,2,HASH_JOIN,31.401834
cold_hot,q22,2,MERGE_AGGREGATE,0.136007
cold_hot,q22,2,MERGE_GROUP_BY,0.028294
cold_hot,q22,2,MERGE_SORT,0.005226
cold_hot,q22,2,NESTED_LOOP_JOIN,0.99667
cold_hot,q22,2,ORDER_BY,0.497053
cold_hot,q22,2,PARTITION,0.058912000000000006
cold_hot,q22,2,PROJECTION,0.36084499999999997
cold_hot,q22,2,RESULT_COLLECTOR,0.096775
cold_hot,q22,2,RIGHT_DELIM_JOIN,0.739337
cold_hot,q22,2,SORT_PARTITION,0.00525
cold_hot,q22,2,SORT_SAMPLE,0.007902
cold_hot,q22,2,UNGROUPED_AGGREGATE,0.405172
cold_hot,q22,3,CONCAT,0.103033
cold_hot,q22,3,GPU_SCAN,307.145489
cold_hot,q22,3,HASH_GROUP_BY,0.541568
cold_hot,q22,3,HASH_JOIN,33.13864
cold_hot,q22,3,MERGE_AGGREGATE,0.117607
cold_hot,q22,3,MERGE_GROUP_BY,0.032581
cold_hot,q22,3,MERGE_SORT,0.008011
cold_hot,q22,3,NESTED_LOOP_JOIN,1.915582
cold_hot,q22,3,ORDER_BY,0.52362
cold_hot,q22,3,PARTITION,0.10868500000000002
cold_hot,q22,3,PROJECTION,0.411072
cold_hot,q22,3,RESULT_COLLECTOR,0.099988
cold_hot,q22,3,RIGHT_DELIM_JOIN,0.770402
cold_hot,q22,3,SORT_PARTITION,0.007359
cold_hot,q22,3,SORT_SAMPLE,0.007784
cold_hot,q22,3,UNGROUPED_AGGREGATE,0.7604089999999999
cold_hot,q22,4,CONCAT,0.157727
cold_hot,q22,4,GPU_SCAN,300.208625
cold_hot,q22,4,HASH_GROUP_BY,0.557402
cold_hot,q22,4,HASH_JOIN,31.703597000000002
cold_hot,q22,4,MERGE_AGGREGATE,0.5311
cold_hot,q22,4,MERGE_GROUP_BY,0.057743
cold_hot,q22,4,MERGE_SORT,0.005427
cold_hot,q22,4,NESTED_LOOP_JOIN,1.443861
cold_hot,q22,4,ORDER_BY,0.50772
cold_hot,q22,4,PARTITION,0.136446
cold_hot,q22,4,PROJECTION,0.38362799999999997
cold_hot,q22,4,RESULT_COLLECTOR,0.201911
cold_hot,q22,4,RIGHT_DELIM_JOIN,0.825816
cold_hot,q22,4,SORT_PARTITION,0.005445
cold_hot,q22,4,SORT_SAMPLE,0.007426
cold_hot,q22,4,UNGROUPED_AGGREGATE,0.786794
cold_hot,q22,5,CONCAT,0.17871800000000002
cold_hot,q22,5,GPU_SCAN,302.553771
cold_hot,q22,5,HASH_GROUP_BY,0.696852
cold_hot,q22,5,HASH_JOIN,32.041988
cold_hot,q22,5,MERGE_AGGREGATE,0.362895
cold_hot,q22,5,MERGE_GROUP_BY,0.047785
cold_hot,q22,5,MERGE_SORT,0.011114
cold_hot,q22,5,NESTED_LOOP_JOIN,1.690173
cold_hot,q22,5,ORDER_BY,0.569977
cold_hot,q22,5,PARTITION,0.130116
cold_hot,q22,5,PROJECTION,0.434365
cold_hot,q22,5,RESULT_COLLECTOR,0.233863
cold_hot,q22,5,RIGHT_DELIM_JOIN,0.86044
cold_hot,q22,5,SORT_PARTITION,0.015008
cold_hot,q22,5,SORT_SAMPLE,0.027065
cold_hot,q22,5,UNGROUPED_AGGREGATE,0.6895100000000001
cold_hot,q22,6,CONCAT,0.224333
cold_hot,q22,6,GPU_SCAN,303.217995
cold_hot,q22,6,HASH_GROUP_BY,0.820908
cold_hot,q22,6,HASH_JOIN,32.402225
cold_hot,q22,6,MERGE_AGGREGATE,0.413922
cold_hot,q22,6,MERGE_GROUP_BY,0.044267
cold_hot,q22,6,MERGE_SORT,0.008129
cold_hot,q22,6,NESTED_LOOP_JOIN,1.53843
cold_hot,q22,6,ORDER_BY,0.278793
cold_hot,q22,6,PARTITION,0.218896
cold_hot,q22,6,PROJECTION,0.571302
cold_hot,q22,6,RESULT_COLLECTOR,0.289824
cold_hot,q22,6,RIGHT_DELIM_JOIN,0.804337
cold_hot,q22,6,SORT_PARTITION,0.006826
cold_hot,q22,6,SORT_SAMPLE,0.012489
cold_hot,q22,6,UNGROUPED_AGGREGATE,0.7318469999999999
cold_hot,q22,7,CONCAT,0.24220500000000003
cold_hot,q22,7,GPU_SCAN,303.52255
cold_hot,q22,7,HASH_GROUP_BY,0.668596
cold_hot,q22,7,HASH_JOIN,32.454918
cold_hot,q22,7,MERGE_AGGREGATE,0.140279
cold_hot,q22,7,MERGE_GROUP_BY,0.048656
cold_hot,q22,7,MERGE_SORT,0.011414
cold_hot,q22,7,NESTED_LOOP_JOIN,1.512902
cold_hot,q22,7,ORDER_BY,0.610488
cold_hot,q22,7,PARTITION,0.235874
cold_hot,q22,7,PROJECTION,0.507897
cold_hot,q22,7,RESULT_COLLECTOR,0.13727
cold_hot,q22,7,RIGHT_DELIM_JOIN,0.892282
cold_hot,q22,7,SORT_PARTITION,0.007618
cold_hot,q22,7,SORT_SAMPLE,0.012163
cold_hot,q22,7,UNGROUPED_AGGREGATE,0.930564
cold_hot,q22,8,CONCAT,0.20889200000000002
cold_hot,q22,8,GPU_SCAN,302.28675899999996
cold_hot,q22,8,HASH_GROUP_BY,0.639374
cold_hot,q22,8,HASH_JOIN,32.725588
cold_hot,q22,8,MERGE_AGGREGATE,0.38568600000000003
cold_hot,q22,8,MERGE_GROUP_BY,0.069918
cold_hot,q22,8,MERGE_SORT,0.008229
cold_hot,q22,8,NESTED_LOOP_JOIN,1.003974
cold_hot,q22,8,ORDER_BY,0.192803
cold_hot,q22,8,PARTITION,0.24962900000000002
cold_hot,q22,8,PROJECTION,0.448288
cold_hot,q22,8,RESULT_COLLECTOR,0.277631
cold_hot,q22,8,RIGHT_DELIM_JOIN,0.780628
cold_hot,q22,8,SORT_PARTITION,0.005562
cold_hot,q22,8,SORT_SAMPLE,0.007232
cold_hot,q22,8,UNGROUPED_AGGREGATE,0.898428
cold_hot,q22,9,CONCAT,0.199306
cold_hot,q22,9,GPU_SCAN,304.56728599999997
cold_hot,q22,9,HASH_GROUP_BY,0.697596
cold_hot,q22,9,HASH_JOIN,31.923772
cold_hot,q22,9,MERGE_AGGREGATE,0.344849
cold_hot,q22,9,MERGE_GROUP_BY,0.019707
cold_hot,q22,9,MERGE_SORT,0.008258
cold_hot,q22,9,NESTED_LOOP_JOIN,1.740276
cold_hot,q22,9,ORDER_BY,0.176784
cold_hot,q22,9,PARTITION,0.16689800000000002
cold_hot,q22,9,PROJECTION,0.404616
cold_hot,q22,9,RESULT_COLLECTOR,0.107971
cold_hot,q22,9,RIGHT_DELIM_JOIN,0.909265
cold_hot,q22,9,SORT_PARTITION,0.006855
cold_hot,q22,9,SORT_SAMPLE,0.010388
cold_hot,q22,9,UNGROUPED_AGGREGATE,0.421562
cold_hot,q22,10,CONCAT,0.07148700000000001
cold_hot,q22,10,GPU_SCAN,302.192415
cold_hot,q22,10,HASH_GROUP_BY,0.574487
cold_hot,q22,10,HASH_JOIN,31.778079
cold_hot,q22,10,MERGE_AGGREGATE,0.36773
cold_hot,q22,10,MERGE_GROUP_BY,0.013493
cold_hot,q22,10,MERGE_SORT,0.005983
cold_hot,q22,10,NESTED_LOOP_JOIN,0.979036
cold_hot,q22,10,ORDER_BY,0.154899
cold_hot,q22,10,PARTITION,0.109745
cold_hot,q22,10,PROJECTION,0.407055
cold_hot,q22,10,RESULT_COLLECTOR,0.089432
cold_hot,q22,10,RIGHT_DELIM_JOIN,0.758321
cold_hot,q22,10,SORT_PARTITION,0.005734
cold_hot,q22,10,SORT_SAMPLE,0.005594
cold_hot,q22,10,UNGROUPED_AGGREGATE,0.722649
