[2026-07-01 08:02:11.843] [warning] [sirius_config.cpp:459] sirius_config: use_sirius_datasource was false but 4 GPUs are configured; the sirius datasource is required for multi-GPU IO routing. Overriding use_sirius_datasource to true.
[2026-07-01 08:02:11.843] [info] [sirius_context.cpp:1046] Loaded Sirius configuration from file: /home/dy1013/sirius_multi-gpu/tpch_pair_scan_audit_runs/pair_scan_20260701_051923/configs/sirius_4gpu.yaml
[2026-07-01 08:02:11.847] [info] [telemetry_context.cpp:67] Telemetry context initialized (engine=siriusDB)
[2026-07-01 08:02:11.847] [info] [sirius_context.cpp:337] SiriusContext: topology summary — 4 GPU(s), 1 NUMA node(s), host='hicys76'
[2026-07-01 08:02:11.847] [info] [sirius_context.cpp:342]   GPU 0: NVIDIA RTX A5000 (numa=0, pci=00000000:16:00.0)
[2026-07-01 08:02:11.847] [info] [sirius_context.cpp:342]   GPU 1: NVIDIA RTX A5000 (numa=0, pci=00000000:34:00.0)
[2026-07-01 08:02:11.847] [info] [sirius_context.cpp:342]   GPU 2: NVIDIA RTX A5000 (numa=0, pci=00000000:AC:00.0)
[2026-07-01 08:02:11.847] [info] [sirius_context.cpp:342]   GPU 3: NVIDIA RTX A5000 (numa=0, pci=00000000:CA:00.0)
[2026-07-01 08:02:12.061] [warning] [sirius_context.cpp:352] SiriusContext: disk memory space is not configured; spilling GPU or HOST data to disk is disabled. If queries run out of GPU/HOST memory, downgrades to disk will not be possible.
[2026-07-01 08:02:12.061] [info] [sirius_context.cpp:364] SiriusContext: 1 host memory space(s) created for 1 NUMA node(s)
[2026-07-01 08:02:12.064] [info] [sirius_context.cpp:417] SiriusContext: P2P enabled 0 -> 1
[2026-07-01 08:02:12.066] [info] [sirius_context.cpp:417] SiriusContext: P2P enabled 0 -> 2
[2026-07-01 08:02:12.068] [info] [sirius_context.cpp:417] SiriusContext: P2P enabled 0 -> 3
[2026-07-01 08:02:12.068] [info] [sirius_context.cpp:417] SiriusContext: P2P enabled 1 -> 0
[2026-07-01 08:02:12.070] [info] [sirius_context.cpp:417] SiriusContext: P2P enabled 1 -> 2
[2026-07-01 08:02:12.072] [info] [sirius_context.cpp:417] SiriusContext: P2P enabled 1 -> 3
[2026-07-01 08:02:12.072] [info] [sirius_context.cpp:417] SiriusContext: P2P enabled 2 -> 0
[2026-07-01 08:02:12.072] [info] [sirius_context.cpp:417] SiriusContext: P2P enabled 2 -> 1
[2026-07-01 08:02:12.074] [info] [sirius_context.cpp:417] SiriusContext: P2P enabled 2 -> 3
[2026-07-01 08:02:12.074] [info] [sirius_context.cpp:417] SiriusContext: P2P enabled 3 -> 0
[2026-07-01 08:02:12.074] [info] [sirius_context.cpp:417] SiriusContext: P2P enabled 3 -> 1
[2026-07-01 08:02:12.074] [info] [sirius_context.cpp:417] SiriusContext: P2P enabled 3 -> 2
[2026-07-01 08:02:12.102] [info] [sirius_context.cpp:477] SiriusContext: cuDF pinned memory resource configured (NUMA-aware, max slab 8192 B, fallback node=0)
[2026-07-01 08:02:12.336] [info] [sirius_context.cpp:1007] Connection opened.
[2026-07-01 08:02:12.336] [info] [sirius_context.cpp:1020] Extension loaded: sirius
[2026-07-01 08:02:12.337] [info] [sirius_context.cpp:258] QueryEnd
[2026-07-01 08:02:12.344] [info] [:] [host_pool] HOST:0 QueryEnd allocated=0 bytes peak=0 bytes free_blocks=512
[2026-07-01 08:02:12.344] [info] [:] [gpu_pool] GPU:0 QueryEnd allocated=0 bytes peak=0 bytes reserved=0 bytes
[2026-07-01 08:02:12.344] [info] [:] [gpu_pool] GPU:1 QueryEnd allocated=0 bytes peak=0 bytes reserved=0 bytes
[2026-07-01 08:02:12.344] [info] [:] [gpu_pool] GPU:2 QueryEnd allocated=0 bytes peak=0 bytes reserved=0 bytes
[2026-07-01 08:02:12.344] [info] [:] [gpu_pool] GPU:3 QueryEnd allocated=0 bytes peak=0 bytes reserved=0 bytes
[2026-07-01 08:02:12.345] [info] [:] [host_pool] HOST:0 QueryBegin allocated=0 bytes peak=0 bytes free_blocks=512
[2026-07-01 08:02:12.345] [info] [:] [gpu_pool] GPU:0 QueryBegin allocated=0 bytes peak=0 bytes reserved=0 bytes
[2026-07-01 08:02:12.345] [info] [:] [gpu_pool] GPU:1 QueryBegin allocated=0 bytes peak=0 bytes reserved=0 bytes
[2026-07-01 08:02:12.345] [info] [:] [gpu_pool] GPU:2 QueryBegin allocated=0 bytes peak=0 bytes reserved=0 bytes
[2026-07-01 08:02:12.345] [info] [:] [gpu_pool] GPU:3 QueryBegin allocated=0 bytes peak=0 bytes reserved=0 bytes
[2026-07-01 08:02:12.345] [info] [sirius_context.cpp:242] QueryBegin: SQL: SET gpu_execution = true;
[2026-07-01 08:02:12.345] [info] [sirius_context.cpp:258] QueryEnd
[2026-07-01 08:02:12.355] [info] [:] [host_pool] HOST:0 QueryEnd allocated=0 bytes peak=0 bytes free_blocks=512
[2026-07-01 08:02:12.355] [info] [:] [gpu_pool] GPU:0 QueryEnd allocated=0 bytes peak=0 bytes reserved=0 bytes
[2026-07-01 08:02:12.355] [info] [:] [gpu_pool] GPU:1 QueryEnd allocated=0 bytes peak=0 bytes reserved=0 bytes
[2026-07-01 08:02:12.355] [info] [:] [gpu_pool] GPU:2 QueryEnd allocated=0 bytes peak=0 bytes reserved=0 bytes
[2026-07-01 08:02:12.355] [info] [:] [gpu_pool] GPU:3 QueryEnd allocated=0 bytes peak=0 bytes reserved=0 bytes
[2026-07-01 08:02:12.355] [info] [:] [host_pool] HOST:0 QueryBegin allocated=0 bytes peak=0 bytes free_blocks=512
[2026-07-01 08:02:12.355] [info] [:] [gpu_pool] GPU:0 QueryBegin allocated=0 bytes peak=0 bytes reserved=0 bytes
[2026-07-01 08:02:12.355] [info] [:] [gpu_pool] GPU:1 QueryBegin allocated=0 bytes peak=0 bytes reserved=0 bytes
[2026-07-01 08:02:12.355] [info] [:] [gpu_pool] GPU:2 QueryBegin allocated=0 bytes peak=0 bytes reserved=0 bytes
[2026-07-01 08:02:12.355] [info] [:] [gpu_pool] GPU:3 QueryBegin allocated=0 bytes peak=0 bytes reserved=0 bytes
[2026-07-01 08:02:12.355] [info] [sirius_context.cpp:242] QueryBegin: SQL: select s.s_name, s.s_address from supplier s, nation n where s.s_suppkey in ( select ps.ps_suppkey from partsupp ps where ps. ps_partkey in ( select p.p_partkey from part p where p.p_name like 'antique%' ) and ps.ps_availqty > ( select 0.5 * sum(l.l_quantity) from lineitem l where l.l_partkey = ps.ps_partkey and l.l_suppkey = ps.ps_suppkey and l.l_shipdate >= date '1993-01-01' and l.l_shipdate < date '1994-01-01' ) ) and s.s_nationkey = n.n_nationkey and n.n_name = 'KENYA' order by s.s_name
[2026-07-01 08:02:12.641] [info] [sirius_context.cpp:954] Transparent execution: Sirius physical plan generated successfully
[2026-07-01 08:02:12.655] [info] [sirius_context.cpp:966] Transparent execution: physical plan replaced with GPU operator
[2026-07-01 08:02:12.655] [info] [physical_sirius_execution.cpp:96] Transparent GPU execution: executing query
[2026-07-01 08:02:12.709] [info] [sirius_engine.cpp:400] Query Plan:
=== Pipeline Overview ===
Pipeline #0: GPU_SCAN (id=45)
  Output: -> PARTITION [port: default, barrier: FULL]
Pipeline #1: PARTITION (id=47)
  Input: <- Pipeline #0 [on: PARTITION (id=47), port: default, barrier: FULL]
  Dependencies: Pipeline #0
  Output: -> CONCAT [port: default, barrier: PARTIAL]
Pipeline #2: CONCAT (id=46)
  Input: <- Pipeline #1 [on: CONCAT (id=46), port: default, barrier: PARTIAL]
  Dependencies: Pipeline #1
  Output: -> HASH_JOIN [port: build, barrier: FULL]
Pipeline #3: GPU_SCAN (id=48)
  Output: -> PARTITION [port: default, barrier: PARTIAL]
Pipeline #4: PARTITION (id=50)
  Input: <- Pipeline #3 [on: PARTITION (id=50), port: default, barrier: PARTIAL]
  Dependencies: Pipeline #3
  Output: -> CONCAT [port: default, barrier: PARTIAL]
Pipeline #5: CONCAT (id=49)
  Input: <- Pipeline #4 [on: CONCAT (id=49), port: default, barrier: PARTIAL]
  Dependencies: Pipeline #4
  Output: -> HASH_JOIN [port: default, barrier: FULL]
Pipeline #6: HASH_JOIN (id=24) -> LEFT_DELIM_JOIN (id=34)
  Input: <- Pipeline #5 [on: HASH_JOIN (id=24), port: default, barrier: FULL]
  Input: <- Pipeline #2 [on: HASH_JOIN (id=24), port: build, barrier: FULL]
  Dependencies: Pipeline #2, Pipeline #5
Pipeline #7: PARTITION (id=51)
  Input: <- Pipeline #6 [on: PARTITION (id=51), port: default, barrier: FULL]
  Dependencies: Pipeline #6
  Output: -> MERGE_GROUP_BY [port: default, barrier: FULL]
Pipeline #8: MERGE_GROUP_BY (id=52)
  Input: <- Pipeline #7 [on: MERGE_GROUP_BY (id=52), port: default, barrier: FULL]
  Dependencies: Pipeline #7
  Output: -> PARTITION [port: default, barrier: FULL]
Pipeline #9: GPU_SCAN (id=53)
  Output: -> PARTITION [port: default, barrier: FULL]
Pipeline #10: PARTITION (id=55)
  Input: <- Pipeline #9 [on: PARTITION (id=55), port: default, barrier: FULL]
  Dependencies: Pipeline #9
  Output: -> CONCAT [port: default, barrier: PARTIAL]
Pipeline #11: CONCAT (id=54)
  Input: <- Pipeline #10 [on: CONCAT (id=54), port: default, barrier: PARTIAL]
  Dependencies: Pipeline #10
  Output: -> HASH_JOIN [port: build, barrier: FULL]
Pipeline #12: GPU_SCAN (id=56)
  Output: -> PARTITION [port: default, barrier: PARTIAL]
Pipeline #13: PARTITION (id=58)
  Input: <- Pipeline #12 [on: PARTITION (id=58), port: default, barrier: PARTIAL]
  Dependencies: Pipeline #12
  Output: -> CONCAT [port: default, barrier: PARTIAL]
Pipeline #14: CONCAT (id=57)
  Input: <- Pipeline #13 [on: CONCAT (id=57), port: default, barrier: PARTIAL]
  Dependencies: Pipeline #13
  Output: -> HASH_JOIN [port: default, barrier: FULL]
Pipeline #15: HASH_JOIN (id=41)
  Input: <- Pipeline #14 [on: HASH_JOIN (id=41), port: default, barrier: FULL]
  Input: <- Pipeline #11 [on: HASH_JOIN (id=41), port: build, barrier: FULL]
  Dependencies: Pipeline #11, Pipeline #14
  Output: -> PARTITION [port: default, barrier: FULL]
Pipeline #16: PARTITION (id=60)
  Input: <- Pipeline #15 [on: PARTITION (id=60), port: default, barrier: FULL]
  Dependencies: Pipeline #15
  Output: -> CONCAT [port: default, barrier: PARTIAL]
Pipeline #17: CONCAT (id=59)
  Input: <- Pipeline #16 [on: CONCAT (id=59), port: default, barrier: PARTIAL]
  Dependencies: Pipeline #16
  Output: -> HASH_JOIN [port: build, barrier: FULL]
Pipeline #18: PARTITION (id=62)
  Input: <- Pipeline #8 [on: PARTITION (id=62), port: default, barrier: FULL]
  Dependencies: Pipeline #8
  Output: -> CONCAT [port: default, barrier: PARTIAL]
Pipeline #19: CONCAT (id=61)
  Input: <- Pipeline #18 [on: CONCAT (id=61), port: default, barrier: PARTIAL]
  Dependencies: Pipeline #18
  Output: -> HASH_JOIN [port: build, barrier: FULL]
Pipeline #20: GPU_SCAN (id=63)
  Output: -> PARTITION [port: default, barrier: PARTIAL]
Pipeline #21: PARTITION (id=65)
  Input: <- Pipeline #20 [on: PARTITION (id=65), port: default, barrier: PARTIAL]
  Dependencies: Pipeline #20
  Output: -> CONCAT [port: default, barrier: PARTIAL]
Pipeline #22: CONCAT (id=64)
  Input: <- Pipeline #21 [on: CONCAT (id=64), port: default, barrier: PARTIAL]
  Dependencies: Pipeline #21
  Output: -> HASH_JOIN [port: default, barrier: FULL]
Pipeline #23: HASH_JOIN (id=27) -> PROJECTION (id=30) -> HASH_GROUP_BY (id=31)
  Input: <- Pipeline #22 [on: HASH_JOIN (id=27), port: default, barrier: FULL]
  Input: <- Pipeline #19 [on: HASH_JOIN (id=27), port: build, barrier: FULL]
  Dependencies: Pipeline #19, Pipeline #22
  Output: -> PARTITION [port: default, barrier: FULL]
Pipeline #24: PARTITION (id=66)
  Input: <- Pipeline #23 [on: PARTITION (id=66), port: default, barrier: FULL]
  Dependencies: Pipeline #23
  Output: -> MERGE_GROUP_BY [port: default, barrier: FULL]
Pipeline #25: MERGE_GROUP_BY (id=67)
  Input: <- Pipeline #24 [on: MERGE_GROUP_BY (id=67), port: default, barrier: FULL]
  Dependencies: Pipeline #24
  Output: -> PROJECTION [port: default, barrier: FULL]
Pipeline #26: PROJECTION (id=32)
  Input: <- Pipeline #25 [on: PROJECTION (id=32), port: default, barrier: FULL]
  Dependencies: Pipeline #25
  Output: -> PARTITION [port: default, barrier: FULL]
Pipeline #27: PARTITION (id=69)
  Input: <- Pipeline #26 [on: PARTITION (id=69), port: default, barrier: FULL]
  Dependencies: Pipeline #26
  Output: -> CONCAT [port: default, barrier: PARTIAL]
Pipeline #28: CONCAT (id=68)
  Input: <- Pipeline #27 [on: CONCAT (id=68), port: default, barrier: PARTIAL]
  Dependencies: Pipeline #27
  Output: -> HASH_JOIN [port: build, barrier: FULL]
Pipeline #29: PARTITION (id=71)
  Input: <- Pipeline #6 [on: PARTITION (id=71), port: default, barrier: PARTIAL]
  Dependencies: Pipeline #6
  Output: -> CONCAT [port: default, barrier: PARTIAL]
Pipeline #30: CONCAT (id=70)
  Input: <- Pipeline #29 [on: CONCAT (id=70), port: default, barrier: PARTIAL]
  Dependencies: Pipeline #29
  Output: -> HASH_JOIN [port: default, barrier: FULL]
Pipeline #31: HASH_JOIN (id=33) -> FILTER (id=37) -> PROJECTION (id=38)
  Input: <- Pipeline #30 [on: HASH_JOIN (id=33), port: default, barrier: FULL]
  Input: <- Pipeline #28 [on: HASH_JOIN (id=33), port: build, barrier: FULL]
  Dependencies: Pipeline #28, Pipeline #30
  Output: -> PARTITION [port: default, barrier: PARTIAL]
Pipeline #32: PARTITION (id=73)
  Input: <- Pipeline #31 [on: PARTITION (id=73), port: default, barrier: PARTIAL]
  Dependencies: Pipeline #31
  Output: -> CONCAT [port: default, barrier: PARTIAL]
Pipeline #33: CONCAT (id=72)
  Input: <- Pipeline #32 [on: CONCAT (id=72), port: default, barrier: PARTIAL]
  Dependencies: Pipeline #32
  Output: -> HASH_JOIN [port: default, barrier: FULL]
Pipeline #34: HASH_JOIN (id=42) -> ORDER_BY (id=43)
  Input: <- Pipeline #33 [on: HASH_JOIN (id=42), port: default, barrier: FULL]
  Input: <- Pipeline #17 [on: HASH_JOIN (id=42), port: build, barrier: FULL]
  Dependencies: Pipeline #17, Pipeline #33
  Output: -> SORT_SAMPLE [port: default, barrier: PIPELINE]
Pipeline #35: SORT_SAMPLE (id=74) -> SORT_PARTITION (id=75)
  Input: <- Pipeline #34 [on: SORT_SAMPLE (id=74), port: default, barrier: PIPELINE]
  Dependencies: Pipeline #34
  Output: -> MERGE_SORT [port: default, barrier: FULL]
Pipeline #36: MERGE_SORT (id=76)
  Input: <- Pipeline #35 [on: MERGE_SORT (id=76), port: default, barrier: FULL]
  Dependencies: Pipeline #35
  Output: -> RESULT_COLLECTOR [port: default, barrier: FULL]
Pipeline #37: RESULT_COLLECTOR (id=44)
  Input: <- Pipeline #36 [on: RESULT_COLLECTOR (id=44), port: default, barrier: FULL]
  Dependencies: Pipeline #36

=== Query Plan DAG ===
┌──────────────────────────┐                                                                                                                                            
│ Pipeline #37             │                                                                                                                                            
│ RESULT_COLLECTOR (id=44) │                                                                                                                                            
│ Input(#36): FULL         │                                                                                                                                            
└────────────┬─────────────┘                                                                                                                                            
             │                                                                                                                                                          
┌──────────────────────────┐                                                                                                                                            
│ Pipeline #36             │                                                                                                                                            
│ MERGE_SORT (id=76)       │                                                                                                                                            
│ Input(#35): FULL         │                                                                                                                                            
└────────────┬─────────────┘                                                                                                                                            
             │                                                                                                                                                          
┌──────────────────────────┐                                                                                                                                            
│ Pipeline #35             │                                                                                                                                            
│ SORT_PARTITION (id=75)   │                                                                                                                                            
│ SORT_SAMPLE (id=74)      │                                                                                                                                            
│ Input(#34): PIPELINE     │                                                                                                                                            
└────────────┬─────────────┘                                                                                                                                            
             │                                                                                                                                                          
┌──────────────────────────┐                                                                                                                                            
│ Pipeline #34             │                                                                                                                                            
│ ORDER_BY (id=43)         │                                                                                                                                            
│ HASH_JOIN (id=42)        │                                                                                                                                            
│   type: RIGHT_SEMI       │                                                                                                                                            
│ Input(#33): FULL         │                                                                                                                                            
│ Input(#17): FULL         │                                                                                                                                            
└────────────┬─────────────┘                                                                                                                                            
             ┌───────────────────────────────────────────────────────┐                                                                                                  
             │                                                       │                                                                                                  
┌──────────────────────────┐                            ┌──────────────────────────┐                                                                                    
│ Pipeline #17             │                            │ Pipeline #33             │                                                                                    
│ CONCAT (id=59)           │                            │ CONCAT (id=72)           │                                                                                    
│ Input(#16): PARTIAL      │                            │ Input(#32): PARTIAL      │                                                                                    
└────────────┬─────────────┘                            └────────────┬─────────────┘                                                                                    
             │                                                       │                                                                                                  
┌──────────────────────────┐                            ┌──────────────────────────┐                                                                                    
│ Pipeline #16             │                            │ Pipeline #32             │                                                                                    
│ PARTITION (id=60)        │                            │ PARTITION (id=73)        │                                                                                    
│ Input(#15): FULL         │                            │ Input(#31): PARTIAL      │                                                                                    
└────────────┬─────────────┘                            └────────────┬─────────────┘                                                                                    
             │                                                       │                                                                                                  
┌──────────────────────────┐                            ┌──────────────────────────┐                                                                                    
│ Pipeline #15             │                            │ Pipeline #31             │                                                                                    
│ HASH_JOIN (id=41)        │                            │ PROJECTION (id=38)       │                                                                                    
│   type: INNER            │                            │ FILTER (id=37)           │                                                                                    
│ Input(#14): FULL         │                            │ HASH_JOIN (id=33)        │                                                                                    
│ Input(#11): FULL         │                            │   type: LEFT             │                                                                                    
│                          │                            │ Input(#30): FULL         │                                                                                    
│                          │                            │ Input(#28): FULL         │                                                                                    
└────────────┬─────────────┘                            └────────────┬─────────────┘                                                                                    
             ┌───────────────────────────┐                           ┌───────────────────────────────────────────────────────────────────────────────────┐              
             │                           │                           │                                                                                   │              
┌──────────────────────────┐┌──────────────────────────┐┌──────────────────────────┐                                                        ┌──────────────────────────┐
│ Pipeline #11             ││ Pipeline #14             ││ Pipeline #28             │                                                        │ Pipeline #30             │
│ CONCAT (id=54)           ││ CONCAT (id=57)           ││ CONCAT (id=68)           │                                                        │ CONCAT (id=70)           │
│ Input(#10): PARTIAL      ││ Input(#13): PARTIAL      ││ Input(#27): PARTIAL      │                                                        │ Input(#29): PARTIAL      │
└────────────┬─────────────┘└────────────┬─────────────┘└────────────┬─────────────┘                                                        └────────────┬─────────────┘
             │                           │                           │                                                                                   │              
┌──────────────────────────┐┌──────────────────────────┐┌──────────────────────────┐                                                        ┌──────────────────────────┐
│ Pipeline #10             ││ Pipeline #13             ││ Pipeline #27             │                                                        │ Pipeline #29             │
│ PARTITION (id=55)        ││ PARTITION (id=58)        ││ PARTITION (id=69)        │                                                        │ PARTITION (id=71)        │
│ Input(#9): FULL          ││ Input(#12): PARTIAL      ││ Input(#26): FULL         │                                                        │ Input(#6): PARTIAL       │
└────────────┬─────────────┘└────────────┬─────────────┘└────────────┬─────────────┘                                                        └────────────┬─────────────┘
             │                           │                           │                                                                                   │              
┌──────────────────────────┐┌──────────────────────────┐┌──────────────────────────┐                                                        ┌──────────────────────────┐
│ Pipeline #9              ││ Pipeline #12             ││ Pipeline #26             │                                                        │ (-> Pipeline #6)         │
│ GPU_SCAN (id=53)         ││ GPU_SCAN (id=56)         ││ PROJECTION (id=32)       │                                                        │                          │
│                          ││                          ││ Input(#25): FULL         │                                                        │                          │
└──────────────────────────┘└──────────────────────────┘└────────────┬─────────────┘                                                        └────────────┬─────────────┘
                                                                     │                                                                                                  
                                                        ┌──────────────────────────┐                                                                                    
                                                        │ Pipeline #25             │                                                                                    
                                                        │ MERGE_GROUP_BY (id=67)   │                                                                                    
                                                        │ Input(#24): FULL         │                                                                                    
                                                        └────────────┬─────────────┘                                                                                    
                                                                     │                                                                                                  
                                                        ┌──────────────────────────┐                                                                                    
                                                        │ Pipeline #24             │                                                                                    
                                                        │ PARTITION (id=66)        │                                                                                    
                                                        │ Input(#23): FULL         │                                                                                    
                                                        └────────────┬─────────────┘                                                                                    
                                                                     │                                                                                                  
                                                        ┌──────────────────────────┐                                                                                    
                                                        │ Pipeline #23             │                                                                                    
                                                        │ HASH_GROUP_BY (id=31)    │                                                                                    
                                                        │ PROJECTION (id=30)       │                                                                                    
                                                        │ HASH_JOIN (id=27)        │                                                                                    
                                                        │   type: INNER            │                                                                                    
                                                        │ Input(#22): FULL         │                                                                                    
                                                        │ Input(#19): FULL         │                                                                                    
                                                        └────────────┬─────────────┘                                                                                    
                                                                     ┌───────────────────────────────────────────────────────┐                                          
                                                                     │                                                       │                                          
                                                        ┌──────────────────────────┐                            ┌──────────────────────────┐                            
                                                        │ Pipeline #19             │                            │ Pipeline #22             │                            
                                                        │ CONCAT (id=61)           │                            │ CONCAT (id=64)           │                            
                                                        │ Input(#18): PARTIAL      │                            │ Input(#21): PARTIAL      │                            
                                                        └────────────┬─────────────┘                            └────────────┬─────────────┘                            
                                                                     │                                                       │                                          
                                                        ┌──────────────────────────┐                            ┌──────────────────────────┐                            
                                                        │ Pipeline #18             │                            │ Pipeline #21             │                            
                                                        │ PARTITION (id=62)        │                            │ PARTITION (id=65)        │                            
                                                        │ Input(#8): FULL          │                            │ Input(#20): PARTIAL      │                            
                                                        └────────────┬─────────────┘                            └────────────┬─────────────┘                            
                                                                     │                                                       │                                          
                                                        ┌──────────────────────────┐                            ┌──────────────────────────┐                            
                                                        │ Pipeline #8              │                            │ Pipeline #20             │                            
                                                        │ MERGE_GROUP_BY (id=52)   │                            │ GPU_SCAN (id=63)         │                            
                                                        │ Input(#7): FULL          │                            │                          │                            
                                                        └────────────┬─────────────┘                            └──────────────────────────┘                            
                                                                     │                                                                                                  
                                                        ┌──────────────────────────┐                                                                                    
                                                        │ Pipeline #7              │                                                                                    
                                                        │ PARTITION (id=51)        │                                                                                    
                                                        │ Input(#6): FULL          │                                                                                    
                                                        └────────────┬─────────────┘                                                                                    
                                                                     │                                                                                                  
                                                        ┌──────────────────────────┐                                                                                    
                                                        │ Pipeline #6              │                                                                                    
                                                        │ LEFT_DELIM_JOIN (id=34)  │                                                                                    
                                                        │ HASH_JOIN (id=24)        │                                                                                    
                                                        │   type: SEMI             │                                                                                    
                                                        │ Input(#5): FULL          │                                                                                    
                                                        │ Input(#2): FULL          │                                                                                    
                                                        └────────────┬─────────────┘                                                                                    
                                                                     ┌───────────────────────────┐                                                                      
                                                                     │                           │                                                                      
                                                        ┌──────────────────────────┐┌──────────────────────────┐                                                        
                                                        │ Pipeline #2              ││ Pipeline #5              │                                                        
                                                        │ CONCAT (id=46)           ││ CONCAT (id=49)           │                                                        
                                                        │ Input(#1): PARTIAL       ││ Input(#4): PARTIAL       │                                                        
                                                        └────────────┬─────────────┘└────────────┬─────────────┘                                                        
                                                                     │                           │                                                                      
                                                        ┌──────────────────────────┐┌──────────────────────────┐                                                        
                                                        │ Pipeline #1              ││ Pipeline #4              │                                                        
                                                        │ PARTITION (id=47)        ││ PARTITION (id=50)        │                                                        
                                                        │ Input(#0): FULL          ││ Input(#3): PARTIAL       │                                                        
                                                        └────────────┬─────────────┘└────────────┬─────────────┘                                                        
                                                                     │                           │                                                                      
                                                        ┌──────────────────────────┐┌──────────────────────────┐                                                        
                                                        │ Pipeline #0              ││ Pipeline #3              │                                                        
                                                        │ GPU_SCAN (id=45)         ││ GPU_SCAN (id=48)         │                                                        
                                                        └──────────────────────────┘└──────────────────────────┘                                                        

[2026-07-01 08:02:12.722] [info] [task_scheduler.cpp:367] [mgpu-audit] pipeline_task dispatched to GPU 1 task_id=0
[2026-07-01 08:02:12.722] [info] [task_scheduler.cpp:369] [locality-audit] dispatch task_id=0 preferred_device=1 actual_gpu=1
[2026-07-01 08:02:12.959] [info] [parquet_gpu_ingestible.cpp:696] [scan-audit] parquet_materialize target_gpu=1 files=/mnt/nvme/dataset/part.parquet columns=p_partkey,p_name row_groups=0,1,2,3,4,5,6,7,8,9,10,11,12,13,14,15,16,17,18,19,20,21,22,23,24,25,26,27,28,29,30,31,32,33,34,35,36,37,38,39,40,41,42,43,44,45,46,47,48,49,50,51,52,53,54,55,56,57,58,59,60,61,62,63,64,65,66,67,68,69,70,71,72,73,74,75,76,77,78,79,80,81,82,83,84,85,86,87,88,89,90,91,92,93,94,95,96,97,98,99,100,101,102,103,104,105,106,107,108,109,110,111,112,113,114,115,116,117,118,119,120,121,122,123,124,125,126,127,128,129,130,131,132,133,134,135,136,137,138,139,140,141,142,143,144,145,146,147,148,149,150,151,152,153,154,155,156,157,158,159,160,161,162 compressed_bytes=347228863 uncompressed_bytes=160005053 column_bytes=p_partkey:80056131:160005053,p_name:267172732:734989263 output_rows=217721 output_columns=2 split_count=1 duration_us=233949
[2026-07-01 08:02:12.959] [info] [gpu_pipeline_task.cpp:311] [stage-audit] pipeline_id=0 task_id=0 operator_id=45 operator_name=GPU_SCAN stage_kind=SCAN operator_type=94 input_type=GPU_SCAN output_type=PIPELINEABLE actual_gpu=1 pipeline_operator_count=1 input_batches=0 input_rows=0 input_columns=0 input_bytes=0 output_batches=1 output_rows=217721 output_columns=1 output_bytes=1769032 byte_ratio=0.000000 row_ratio=0.000000 duration_us=236214
[2026-07-01 08:02:12.959] [info] [task_creator.cpp:352] [locality-audit] task_create operator_id=47 input_bytes=1769032 local_bytes=1769032 gpu_source_bytes=1769032 host_source_bytes=0 disk_source_bytes=0 gpu_sources=1 host_sources=0 preferred_device=1
[2026-07-01 08:02:12.959] [info] [task_scheduler.cpp:367] [mgpu-audit] pipeline_task dispatched to GPU 1 task_id=1
[2026-07-01 08:02:12.959] [info] [task_scheduler.cpp:369] [locality-audit] dispatch task_id=1 preferred_device=1 actual_gpu=1
[2026-07-01 08:02:12.960] [info] [gpu_pipeline_task.cpp:182] [locality-audit] prepare_before pipeline_id=1 task_id=1 preferred_device=1 actual_gpu=1 target_tier=GPU target_device=1 input_bytes=1769032 local_bytes=1769032 remote_gpu_bytes=0 host_bytes=0 disk_bytes=0 batch_count=1
[2026-07-01 08:02:12.960] [info] [gpu_pipeline_task.cpp:182] [locality-audit] prepare_after pipeline_id=1 task_id=1 preferred_device=1 actual_gpu=1 target_tier=GPU target_device=1 input_bytes=1769032 local_bytes=1769032 remote_gpu_bytes=0 host_bytes=0 disk_bytes=0 batch_count=1
[2026-07-01 08:02:12.960] [info] [gpu_pipeline_task.cpp:311] [stage-audit] pipeline_id=1 task_id=1 operator_id=47 operator_name=PARTITION stage_kind=PARTITION operator_type=82 input_type=PIPELINEABLE output_type=PIPELINEABLE actual_gpu=1 pipeline_operator_count=1 input_batches=1 input_rows=217721 input_columns=1 input_bytes=1769032 output_batches=1 output_rows=217721 output_columns=1 output_bytes=1769032 byte_ratio=1.000000 row_ratio=1.000000 duration_us=1
[2026-07-01 08:02:12.960] [info] [task_scheduler.cpp:367] [mgpu-audit] pipeline_task dispatched to GPU 0 task_id=2
[2026-07-01 08:02:12.960] [info] [task_scheduler.cpp:369] [locality-audit] dispatch task_id=2 preferred_device=0 actual_gpu=0
[2026-07-01 08:02:12.960] [info] [gpu_pipeline_task.cpp:182] [locality-audit] prepare_before pipeline_id=2 task_id=2 preferred_device=0 actual_gpu=0 target_tier=GPU target_device=0 input_bytes=1769032 local_bytes=0 remote_gpu_bytes=1769032 host_bytes=0 disk_bytes=0 batch_count=1
[2026-07-01 08:02:13.595] [info] [gpu_pipeline_task.cpp:182] [locality-audit] prepare_after pipeline_id=2 task_id=2 preferred_device=0 actual_gpu=0 target_tier=GPU target_device=0 input_bytes=1769032 local_bytes=1769032 remote_gpu_bytes=0 host_bytes=0 disk_bytes=0 batch_count=1
[2026-07-01 08:02:13.595] [info] [gpu_pipeline_task.cpp:311] [stage-audit] pipeline_id=2 task_id=2 operator_id=46 operator_name=CONCAT stage_kind=CONCAT operator_type=83 input_type=PARTITIONED output_type=PARTITIONED actual_gpu=0 pipeline_operator_count=1 input_batches=1 input_rows=217721 input_columns=1 input_bytes=1769032 output_batches=1 output_rows=217721 output_columns=1 output_bytes=1769032 byte_ratio=1.000000 row_ratio=1.000000 duration_us=2
[2026-07-01 08:02:13.595] [info] [task_scheduler.cpp:367] [mgpu-audit] pipeline_task dispatched to GPU 2 task_id=4
[2026-07-01 08:02:13.595] [info] [task_scheduler.cpp:369] [locality-audit] dispatch task_id=4 preferred_device=2 actual_gpu=2
[2026-07-01 08:02:13.595] [info] [task_scheduler.cpp:367] [mgpu-audit] pipeline_task dispatched to GPU 3 task_id=5
[2026-07-01 08:02:13.595] [info] [task_scheduler.cpp:369] [locality-audit] dispatch task_id=5 preferred_device=3 actual_gpu=3
[2026-07-01 08:02:13.595] [info] [task_scheduler.cpp:367] [mgpu-audit] pipeline_task dispatched to GPU 1 task_id=3
[2026-07-01 08:02:13.595] [info] [task_scheduler.cpp:369] [locality-audit] dispatch task_id=3 preferred_device=1 actual_gpu=1
[2026-07-01 08:02:13.855] [info] [parquet_gpu_ingestible.cpp:696] [scan-audit] parquet_materialize target_gpu=3 files=/mnt/nvme/dataset/partsupp.parquet columns=ps_partkey,ps_suppkey,ps_availqty row_groups=472,473,474,475,476,477,478,479,480,481,482,483,484,485,486,487,488,489,490,491,492,493,494,495,496,497,498,499,500,501,502,503,504,505,506,507,508,509,510,511,512,513,514,515,516,517,518,519,520,521,522,523,524,525,526,527,528,529,530,531,532,533,534,535,536,537,538,539,540,541,542,543,544,545,546,547,548,549,550,551,552,553,554,555,556,557,558,559,560,561,562,563,564,565,566,567,568,569,570,571,572,573,574,575,576,577,578,579,580,581,582,583,584,585,586,587,588,589,590,591,592,593,594,595,596,597,598,599,600,601,602,603,604,605,606,607,608,609,610,611,612,613,614,615,616,617,618,619,620,621,622,623,624,625,626,627,628,629,630,631,632,633,634,635,636,637,638,639,640,641,642,643,644,645,646,647,648,649 compressed_bytes=170969850 uncompressed_bytes=401333107 column_bytes=ps_partkey:38248006:174432916,ps_suppkey:87347992:174432916,ps_availqty:45373852:52467275 output_rows=21803425 output_columns=3 split_count=1 duration_us=256470
[2026-07-01 08:02:13.855] [info] [gpu_pipeline_task.cpp:311] [stage-audit] pipeline_id=3 task_id=5 operator_id=48 operator_name=GPU_SCAN stage_kind=SCAN operator_type=94 input_type=GPU_SCAN output_type=PIPELINEABLE actual_gpu=3 pipeline_operator_count=1 input_batches=0 input_rows=0 input_columns=0 input_bytes=0 output_batches=1 output_rows=21803425 output_columns=3 output_bytes=531458520 byte_ratio=0.000000 row_ratio=0.000000 duration_us=259475
[2026-07-01 08:02:13.855] [info] [task_creator.cpp:352] [locality-audit] task_create operator_id=50 input_bytes=531458520 local_bytes=531458520 gpu_source_bytes=531458520 host_source_bytes=0 disk_source_bytes=0 gpu_sources=1 host_sources=0 preferred_device=3
[2026-07-01 08:02:13.855] [info] [task_scheduler.cpp:367] [mgpu-audit] pipeline_task dispatched to GPU 3 task_id=6
[2026-07-01 08:02:13.855] [info] [task_scheduler.cpp:369] [locality-audit] dispatch task_id=6 preferred_device=3 actual_gpu=3
[2026-07-01 08:02:13.856] [info] [gpu_pipeline_task.cpp:182] [locality-audit] prepare_before pipeline_id=4 task_id=6 preferred_device=3 actual_gpu=3 target_tier=GPU target_device=3 input_bytes=531458520 local_bytes=531458520 remote_gpu_bytes=0 host_bytes=0 disk_bytes=0 batch_count=1
[2026-07-01 08:02:13.856] [info] [gpu_pipeline_task.cpp:182] [locality-audit] prepare_after pipeline_id=4 task_id=6 preferred_device=3 actual_gpu=3 target_tier=GPU target_device=3 input_bytes=531458520 local_bytes=531458520 remote_gpu_bytes=0 host_bytes=0 disk_bytes=0 batch_count=1
[2026-07-01 08:02:13.856] [info] [gpu_pipeline_task.cpp:311] [stage-audit] pipeline_id=4 task_id=6 operator_id=50 operator_name=PARTITION stage_kind=PARTITION operator_type=82 input_type=PIPELINEABLE output_type=PIPELINEABLE actual_gpu=3 pipeline_operator_count=1 input_batches=1 input_rows=21803425 input_columns=3 input_bytes=531458520 output_batches=1 output_rows=21803425 output_columns=3 output_bytes=531458520 byte_ratio=1.000000 row_ratio=1.000000 duration_us=7
[2026-07-01 08:02:13.894] [info] [parquet_gpu_ingestible.cpp:696] [scan-audit] parquet_materialize target_gpu=1 files=/mnt/nvme/dataset/partsupp.parquet columns=ps_partkey,ps_suppkey,ps_availqty row_groups=0,1,2,3,4,5,6,7,8,9,10,11,12,13,14,15,16,17,18,19,20,21,22,23,24,25,26,27,28,29,30,31,32,33,34,35,36,37,38,39,40,41,42,43,44,45,46,47,48,49,50,51,52,53,54,55,56,57,58,59,60,61,62,63,64,65,66,67,68,69,70,71,72,73,74,75,76,77,78,79,80,81,82,83,84,85,86,87,88,89,90,91,92,93,94,95,96,97,98,99,100,101,102,103,104,105,106,107,108,109,110,111,112,113,114,115,116,117,118,119,120,121,122,123,124,125,126,127,128,129,130,131,132,133,134,135,136,137,138,139,140,141,142,143,144,145,146,147,148,149,150,151,152,153,154,155,156,157,158,159,160,161,162,163,164,165,166,167,168,169,170,171,172,173,174,175,176,177,178,179,180,181,182,183,184,185,186,187,188,189,190,191,192,193,194,195,196,197,198,199,200,201,202,203,204,205,206,207,208,209,210,211,212,213,214,215,216,217,218,219,220,221,222,223,224,225,226,227,228,229,230,231,232,233,234,235 compressed_bytes=228169468 uncompressed_bytes=535621371 column_bytes=ps_partkey:51037783:232833932,ps_suppkey:116592405:232833932,ps_availqty:60539280:69953507 output_rows=29103327 output_columns=3 split_count=1 duration_us=293934
[2026-07-01 08:02:13.894] [info] [gpu_pipeline_task.cpp:311] [stage-audit] pipeline_id=3 task_id=3 operator_id=48 operator_name=GPU_SCAN stage_kind=SCAN operator_type=94 input_type=GPU_SCAN output_type=PIPELINEABLE actual_gpu=1 pipeline_operator_count=1 input_batches=0 input_rows=0 input_columns=0 input_bytes=0 output_batches=1 output_rows=29103327 output_columns=3 output_bytes=709393704 byte_ratio=0.000000 row_ratio=0.000000 duration_us=298730
[2026-07-01 08:02:13.895] [info] [task_creator.cpp:352] [locality-audit] task_create operator_id=50 input_bytes=709393704 local_bytes=709393704 gpu_source_bytes=709393704 host_source_bytes=0 disk_source_bytes=0 gpu_sources=1 host_sources=0 preferred_device=1
[2026-07-01 08:02:13.895] [info] [task_scheduler.cpp:367] [mgpu-audit] pipeline_task dispatched to GPU 1 task_id=7
[2026-07-01 08:02:13.895] [info] [task_scheduler.cpp:369] [locality-audit] dispatch task_id=7 preferred_device=1 actual_gpu=1
[2026-07-01 08:02:13.895] [info] [gpu_pipeline_task.cpp:182] [locality-audit] prepare_before pipeline_id=4 task_id=7 preferred_device=1 actual_gpu=1 target_tier=GPU target_device=1 input_bytes=709393704 local_bytes=709393704 remote_gpu_bytes=0 host_bytes=0 disk_bytes=0 batch_count=1
[2026-07-01 08:02:13.895] [info] [gpu_pipeline_task.cpp:182] [locality-audit] prepare_after pipeline_id=4 task_id=7 preferred_device=1 actual_gpu=1 target_tier=GPU target_device=1 input_bytes=709393704 local_bytes=709393704 remote_gpu_bytes=0 host_bytes=0 disk_bytes=0 batch_count=1
[2026-07-01 08:02:13.895] [info] [gpu_pipeline_task.cpp:311] [stage-audit] pipeline_id=4 task_id=7 operator_id=50 operator_name=PARTITION stage_kind=PARTITION operator_type=82 input_type=PIPELINEABLE output_type=PIPELINEABLE actual_gpu=1 pipeline_operator_count=1 input_batches=1 input_rows=29103327 input_columns=3 input_bytes=709393704 output_batches=1 output_rows=29103327 output_columns=3 output_bytes=709393704 byte_ratio=1.000000 row_ratio=1.000000 duration_us=1
[2026-07-01 08:02:13.895] [info] [task_scheduler.cpp:367] [mgpu-audit] pipeline_task dispatched to GPU 0 task_id=8
[2026-07-01 08:02:13.895] [info] [task_scheduler.cpp:369] [locality-audit] dispatch task_id=8 preferred_device=0 actual_gpu=0
[2026-07-01 08:02:13.895] [info] [task_scheduler.cpp:367] [mgpu-audit] pipeline_task dispatched to GPU 0 task_id=9
[2026-07-01 08:02:13.895] [info] [task_scheduler.cpp:369] [locality-audit] dispatch task_id=9 preferred_device=0 actual_gpu=0
[2026-07-01 08:02:13.895] [info] [gpu_pipeline_task.cpp:182] [locality-audit] prepare_before pipeline_id=5 task_id=9 preferred_device=0 actual_gpu=0 target_tier=GPU target_device=0 input_bytes=709393704 local_bytes=0 remote_gpu_bytes=709393704 host_bytes=0 disk_bytes=0 batch_count=1
[2026-07-01 08:02:13.895] [info] [gpu_pipeline_task.cpp:182] [locality-audit] prepare_before pipeline_id=5 task_id=8 preferred_device=0 actual_gpu=0 target_tier=GPU target_device=0 input_bytes=531458520 local_bytes=0 remote_gpu_bytes=531458520 host_bytes=0 disk_bytes=0 batch_count=1
[2026-07-01 08:02:13.914] [info] [parquet_gpu_ingestible.cpp:696] [scan-audit] parquet_materialize target_gpu=2 files=/mnt/nvme/dataset/partsupp.parquet columns=ps_partkey,ps_suppkey,ps_availqty row_groups=236,237,238,239,240,241,242,243,244,245,246,247,248,249,250,251,252,253,254,255,256,257,258,259,260,261,262,263,264,265,266,267,268,269,270,271,272,273,274,275,276,277,278,279,280,281,282,283,284,285,286,287,288,289,290,291,292,293,294,295,296,297,298,299,300,301,302,303,304,305,306,307,308,309,310,311,312,313,314,315,316,317,318,319,320,321,322,323,324,325,326,327,328,329,330,331,332,333,334,335,336,337,338,339,340,341,342,343,344,345,346,347,348,349,350,351,352,353,354,355,356,357,358,359,360,361,362,363,364,365,366,367,368,369,370,371,372,373,374,375,376,377,378,379,380,381,382,383,384,385,386,387,388,389,390,391,392,393,394,395,396,397,398,399,400,401,402,403,404,405,406,407,408,409,410,411,412,413,414,415,416,417,418,419,420,421,422,423,424,425,426,427,428,429,430,431,432,433,434,435,436,437,438,439,440,441,442,443,444,445,446,447,448,449,450,451,452,453,454,455,456,457,458,459,460,461,462,463,464,465,466,467,468,469,470,471 compressed_bytes=228094031 uncompressed_bytes=535443502 column_bytes=ps_partkey:51019278:232753300,ps_suppkey:116551980:232753300,ps_availqty:60522773:69936902 output_rows=29093248 output_columns=3 split_count=1 duration_us=313577
[2026-07-01 08:02:13.914] [info] [gpu_pipeline_task.cpp:311] [stage-audit] pipeline_id=3 task_id=4 operator_id=48 operator_name=GPU_SCAN stage_kind=SCAN operator_type=94 input_type=GPU_SCAN output_type=PIPELINEABLE actual_gpu=2 pipeline_operator_count=1 input_batches=0 input_rows=0 input_columns=0 input_bytes=0 output_batches=1 output_rows=29093248 output_columns=3 output_bytes=709147968 byte_ratio=0.000000 row_ratio=0.000000 duration_us=318299
[2026-07-01 08:02:13.915] [info] [task_creator.cpp:352] [locality-audit] task_create operator_id=50 input_bytes=709147968 local_bytes=709147968 gpu_source_bytes=709147968 host_source_bytes=0 disk_source_bytes=0 gpu_sources=1 host_sources=0 preferred_device=2
[2026-07-01 08:02:13.915] [info] [task_scheduler.cpp:367] [mgpu-audit] pipeline_task dispatched to GPU 2 task_id=10
[2026-07-01 08:02:13.915] [info] [task_scheduler.cpp:369] [locality-audit] dispatch task_id=10 preferred_device=2 actual_gpu=2
[2026-07-01 08:02:13.915] [info] [gpu_pipeline_task.cpp:182] [locality-audit] prepare_before pipeline_id=4 task_id=10 preferred_device=2 actual_gpu=2 target_tier=GPU target_device=2 input_bytes=709147968 local_bytes=709147968 remote_gpu_bytes=0 host_bytes=0 disk_bytes=0 batch_count=1
[2026-07-01 08:02:13.915] [info] [gpu_pipeline_task.cpp:182] [locality-audit] prepare_after pipeline_id=4 task_id=10 preferred_device=2 actual_gpu=2 target_tier=GPU target_device=2 input_bytes=709147968 local_bytes=709147968 remote_gpu_bytes=0 host_bytes=0 disk_bytes=0 batch_count=1
[2026-07-01 08:02:13.915] [info] [gpu_pipeline_task.cpp:311] [stage-audit] pipeline_id=4 task_id=10 operator_id=50 operator_name=PARTITION stage_kind=PARTITION operator_type=82 input_type=PIPELINEABLE output_type=PIPELINEABLE actual_gpu=2 pipeline_operator_count=1 input_batches=1 input_rows=29093248 input_columns=3 input_bytes=709147968 output_batches=1 output_rows=29093248 output_columns=3 output_bytes=709147968 byte_ratio=1.000000 row_ratio=1.000000 duration_us=1
[2026-07-01 08:02:13.915] [info] [task_scheduler.cpp:367] [mgpu-audit] pipeline_task dispatched to GPU 0 task_id=11
[2026-07-01 08:02:13.915] [info] [task_scheduler.cpp:369] [locality-audit] dispatch task_id=11 preferred_device=0 actual_gpu=0
[2026-07-01 08:02:13.916] [info] [gpu_pipeline_task.cpp:182] [locality-audit] prepare_before pipeline_id=5 task_id=11 preferred_device=0 actual_gpu=0 target_tier=GPU target_device=0 input_bytes=709147968 local_bytes=0 remote_gpu_bytes=709147968 host_bytes=0 disk_bytes=0 batch_count=1
[2026-07-01 08:02:13.945] [info] [gpu_pipeline_task.cpp:182] [locality-audit] prepare_after pipeline_id=5 task_id=9 preferred_device=0 actual_gpu=0 target_tier=GPU target_device=0 input_bytes=709393704 local_bytes=709393704 remote_gpu_bytes=0 host_bytes=0 disk_bytes=0 batch_count=1
[2026-07-01 08:02:13.945] [info] [gpu_pipeline_task.cpp:311] [stage-audit] pipeline_id=5 task_id=9 operator_id=49 operator_name=CONCAT stage_kind=CONCAT operator_type=83 input_type=PARTITIONED output_type=PARTITIONED actual_gpu=0 pipeline_operator_count=1 input_batches=1 input_rows=29103327 input_columns=3 input_bytes=709393704 output_batches=1 output_rows=29103327 output_columns=3 output_bytes=709393704 byte_ratio=1.000000 row_ratio=1.000000 duration_us=1
[2026-07-01 08:02:13.953] [info] [gpu_pipeline_task.cpp:182] [locality-audit] prepare_after pipeline_id=5 task_id=8 preferred_device=0 actual_gpu=0 target_tier=GPU target_device=0 input_bytes=531458520 local_bytes=531458520 remote_gpu_bytes=0 host_bytes=0 disk_bytes=0 batch_count=1
[2026-07-01 08:02:13.953] [info] [gpu_pipeline_task.cpp:311] [stage-audit] pipeline_id=5 task_id=8 operator_id=49 operator_name=CONCAT stage_kind=CONCAT operator_type=83 input_type=PARTITIONED output_type=PARTITIONED actual_gpu=0 pipeline_operator_count=1 input_batches=1 input_rows=21803425 input_columns=3 input_bytes=531458520 output_batches=1 output_rows=21803425 output_columns=3 output_bytes=531458520 byte_ratio=1.000000 row_ratio=1.000000 duration_us=1
[2026-07-01 08:02:13.985] [info] [gpu_pipeline_task.cpp:182] [locality-audit] prepare_after pipeline_id=5 task_id=11 preferred_device=0 actual_gpu=0 target_tier=GPU target_device=0 input_bytes=709147968 local_bytes=709147968 remote_gpu_bytes=0 host_bytes=0 disk_bytes=0 batch_count=1
[2026-07-01 08:02:13.985] [info] [gpu_pipeline_task.cpp:311] [stage-audit] pipeline_id=5 task_id=11 operator_id=49 operator_name=CONCAT stage_kind=CONCAT operator_type=83 input_type=PARTITIONED output_type=PARTITIONED actual_gpu=0 pipeline_operator_count=1 input_batches=1 input_rows=29093248 input_columns=3 input_bytes=709147968 output_batches=1 output_rows=29093248 output_columns=3 output_bytes=709147968 byte_ratio=1.000000 row_ratio=1.000000 duration_us=2
[2026-07-01 08:02:13.985] [info] [task_scheduler.cpp:367] [mgpu-audit] pipeline_task dispatched to GPU 0 task_id=12
[2026-07-01 08:02:13.985] [info] [task_scheduler.cpp:369] [locality-audit] dispatch task_id=12 preferred_device=0 actual_gpu=0
[2026-07-01 08:02:13.985] [info] [task_scheduler.cpp:367] [mgpu-audit] pipeline_task dispatched to GPU 0 task_id=13
[2026-07-01 08:02:13.985] [info] [task_scheduler.cpp:369] [locality-audit] dispatch task_id=13 preferred_device=0 actual_gpu=0
[2026-07-01 08:02:13.985] [info] [task_scheduler.cpp:367] [mgpu-audit] pipeline_task dispatched to GPU 0 task_id=14
[2026-07-01 08:02:13.985] [info] [task_scheduler.cpp:369] [locality-audit] dispatch task_id=14 preferred_device=0 actual_gpu=0
[2026-07-01 08:02:13.985] [info] [gpu_pipeline_task.cpp:182] [locality-audit] prepare_before pipeline_id=6 task_id=12 preferred_device=0 actual_gpu=0 target_tier=GPU target_device=0 input_bytes=711162736 local_bytes=711162736 remote_gpu_bytes=0 host_bytes=0 disk_bytes=0 batch_count=2
[2026-07-01 08:02:13.985] [info] [gpu_pipeline_task.cpp:182] [locality-audit] prepare_before pipeline_id=6 task_id=13 preferred_device=0 actual_gpu=0 target_tier=GPU target_device=0 input_bytes=533227552 local_bytes=533227552 remote_gpu_bytes=0 host_bytes=0 disk_bytes=0 batch_count=2
[2026-07-01 08:02:13.985] [info] [gpu_pipeline_task.cpp:182] [locality-audit] prepare_after pipeline_id=6 task_id=13 preferred_device=0 actual_gpu=0 target_tier=GPU target_device=0 input_bytes=533227552 local_bytes=533227552 remote_gpu_bytes=0 host_bytes=0 disk_bytes=0 batch_count=2
[2026-07-01 08:02:13.985] [info] [gpu_pipeline_task.cpp:182] [locality-audit] prepare_after pipeline_id=6 task_id=12 preferred_device=0 actual_gpu=0 target_tier=GPU target_device=0 input_bytes=711162736 local_bytes=711162736 remote_gpu_bytes=0 host_bytes=0 disk_bytes=0 batch_count=2
[2026-07-01 08:02:13.985] [info] [gpu_pipeline_task.cpp:182] [locality-audit] prepare_before pipeline_id=6 task_id=14 preferred_device=0 actual_gpu=0 target_tier=GPU target_device=0 input_bytes=710917000 local_bytes=710917000 remote_gpu_bytes=0 host_bytes=0 disk_bytes=0 batch_count=2
[2026-07-01 08:02:13.985] [info] [gpu_pipeline_task.cpp:182] [locality-audit] prepare_after pipeline_id=6 task_id=14 preferred_device=0 actual_gpu=0 target_tier=GPU target_device=0 input_bytes=710917000 local_bytes=710917000 remote_gpu_bytes=0 host_bytes=0 disk_bytes=0 batch_count=2
[2026-07-01 08:02:14.005] [info] [gpu_pipeline_task.cpp:311] [stage-audit] pipeline_id=6 task_id=14 operator_id=24 operator_name=HASH_JOIN stage_kind=JOIN operator_type=33 input_type=PARTITIONED output_type=PIPELINEABLE actual_gpu=0 pipeline_operator_count=2 input_batches=2 input_rows=29310969 input_columns=4 input_bytes=710917000 output_batches=1 output_rows=316668 output_columns=3 output_bytes=7718880 byte_ratio=0.010858 row_ratio=0.010804 duration_us=19413
[2026-07-01 08:02:14.005] [info] [gpu_pipeline_task.cpp:311] [stage-audit] pipeline_id=6 task_id=13 operator_id=24 operator_name=HASH_JOIN stage_kind=JOIN operator_type=33 input_type=PARTITIONED output_type=PIPELINEABLE actual_gpu=0 pipeline_operator_count=2 input_batches=2 input_rows=22021146 input_columns=4 input_bytes=533227552 output_batches=1 output_rows=236728 output_columns=3 output_bytes=5770368 byte_ratio=0.010822 row_ratio=0.010750 duration_us=19521
[2026-07-01 08:02:14.005] [info] [gpu_pipeline_task.cpp:311] [stage-audit] pipeline_id=6 task_id=14 operator_id=34 operator_name=LEFT_DELIM_JOIN stage_kind=JOIN operator_type=37 input_type=PIPELINEABLE output_type=PIPELINEABLE actual_gpu=0 pipeline_operator_count=2 input_batches=1 input_rows=316668 input_columns=3 input_bytes=7718880 output_batches=1 output_rows=316668 output_columns=3 output_bytes=7718880 byte_ratio=1.000000 row_ratio=1.000000 duration_us=1
[2026-07-01 08:02:14.005] [info] [gpu_pipeline_task.cpp:311] [stage-audit] pipeline_id=6 task_id=13 operator_id=34 operator_name=LEFT_DELIM_JOIN stage_kind=JOIN operator_type=37 input_type=PIPELINEABLE output_type=PIPELINEABLE actual_gpu=0 pipeline_operator_count=2 input_batches=1 input_rows=236728 input_columns=3 input_bytes=5770368 output_batches=1 output_rows=236728 output_columns=3 output_bytes=5770368 byte_ratio=1.000000 row_ratio=1.000000 duration_us=1
[2026-07-01 08:02:14.005] [warning] [gpu_pipeline_task.cpp:81] gpu_pipeline_task: operator 'LEFT_DELIM_JOIN' (id=34) output batch 0 column 2 datatype mismatch: got int64_t, expected numeric::decimal128
[2026-07-01 08:02:14.005] [warning] [gpu_pipeline_task.cpp:81] gpu_pipeline_task: operator 'LEFT_DELIM_JOIN' (id=34) output batch 0 column 2 datatype mismatch: got int64_t, expected numeric::decimal128
[2026-07-01 08:02:14.005] [info] [gpu_pipeline_task.cpp:311] [stage-audit] pipeline_id=6 task_id=12 operator_id=24 operator_name=HASH_JOIN stage_kind=JOIN operator_type=33 input_type=PARTITIONED output_type=PIPELINEABLE actual_gpu=0 pipeline_operator_count=2 input_batches=2 input_rows=29321048 input_columns=4 input_bytes=711162736 output_batches=1 output_rows=317488 output_columns=3 output_bytes=7738944 byte_ratio=0.010882 row_ratio=0.010828 duration_us=19659
[2026-07-01 08:02:14.005] [info] [gpu_pipeline_task.cpp:311] [stage-audit] pipeline_id=6 task_id=12 operator_id=34 operator_name=LEFT_DELIM_JOIN stage_kind=JOIN operator_type=37 input_type=PIPELINEABLE output_type=PIPELINEABLE actual_gpu=0 pipeline_operator_count=2 input_batches=1 input_rows=317488 input_columns=3 input_bytes=7738944 output_batches=1 output_rows=317488 output_columns=3 output_bytes=7738944 byte_ratio=1.000000 row_ratio=1.000000 duration_us=1
[2026-07-01 08:02:14.005] [warning] [gpu_pipeline_task.cpp:81] gpu_pipeline_task: operator 'LEFT_DELIM_JOIN' (id=34) output batch 0 column 2 datatype mismatch: got int64_t, expected numeric::decimal128
[2026-07-01 08:02:14.014] [info] [task_creator.cpp:352] [locality-audit] task_create operator_id=51 input_bytes=5159296 local_bytes=5159296 gpu_source_bytes=5159296 host_source_bytes=0 disk_source_bytes=0 gpu_sources=1 host_sources=0 preferred_device=0
[2026-07-01 08:02:14.014] [info] [task_creator.cpp:352] [locality-audit] task_create operator_id=51 input_bytes=3846912 local_bytes=3846912 gpu_source_bytes=3846912 host_source_bytes=0 disk_source_bytes=0 gpu_sources=1 host_sources=0 preferred_device=0
[2026-07-01 08:02:14.014] [info] [task_creator.cpp:352] [locality-audit] task_create operator_id=51 input_bytes=5145920 local_bytes=5145920 gpu_source_bytes=5145920 host_source_bytes=0 disk_source_bytes=0 gpu_sources=1 host_sources=0 preferred_device=0
[2026-07-01 08:02:14.014] [info] [task_scheduler.cpp:367] [mgpu-audit] pipeline_task dispatched to GPU 0 task_id=15
[2026-07-01 08:02:14.014] [info] [task_scheduler.cpp:369] [locality-audit] dispatch task_id=15 preferred_device=0 actual_gpu=0
[2026-07-01 08:02:14.015] [info] [task_scheduler.cpp:367] [mgpu-audit] pipeline_task dispatched to GPU 0 task_id=16
[2026-07-01 08:02:14.015] [info] [task_scheduler.cpp:369] [locality-audit] dispatch task_id=16 preferred_device=0 actual_gpu=0
[2026-07-01 08:02:14.015] [info] [gpu_pipeline_task.cpp:182] [locality-audit] prepare_before pipeline_id=7 task_id=15 preferred_device=0 actual_gpu=0 target_tier=GPU target_device=0 input_bytes=5159296 local_bytes=5159296 remote_gpu_bytes=0 host_bytes=0 disk_bytes=0 batch_count=1
[2026-07-01 08:02:14.015] [info] [gpu_pipeline_task.cpp:182] [locality-audit] prepare_after pipeline_id=7 task_id=15 preferred_device=0 actual_gpu=0 target_tier=GPU target_device=0 input_bytes=5159296 local_bytes=5159296 remote_gpu_bytes=0 host_bytes=0 disk_bytes=0 batch_count=1
[2026-07-01 08:02:14.015] [info] [gpu_pipeline_task.cpp:311] [stage-audit] pipeline_id=7 task_id=15 operator_id=51 operator_name=PARTITION stage_kind=PARTITION operator_type=82 input_type=PIPELINEABLE output_type=PIPELINEABLE actual_gpu=0 pipeline_operator_count=1 input_batches=1 input_rows=317488 input_columns=2 input_bytes=5159296 output_batches=1 output_rows=317488 output_columns=2 output_bytes=5159296 byte_ratio=1.000000 row_ratio=1.000000 duration_us=1
[2026-07-01 08:02:14.015] [info] [task_scheduler.cpp:367] [mgpu-audit] pipeline_task dispatched to GPU 0 task_id=17
[2026-07-01 08:02:14.015] [info] [task_scheduler.cpp:369] [locality-audit] dispatch task_id=17 preferred_device=0 actual_gpu=0
[2026-07-01 08:02:14.015] [info] [gpu_pipeline_task.cpp:182] [locality-audit] prepare_before pipeline_id=7 task_id=16 preferred_device=0 actual_gpu=0 target_tier=GPU target_device=0 input_bytes=3846912 local_bytes=3846912 remote_gpu_bytes=0 host_bytes=0 disk_bytes=0 batch_count=1
[2026-07-01 08:02:14.015] [info] [gpu_pipeline_task.cpp:182] [locality-audit] prepare_before pipeline_id=7 task_id=17 preferred_device=0 actual_gpu=0 target_tier=GPU target_device=0 input_bytes=5145920 local_bytes=5145920 remote_gpu_bytes=0 host_bytes=0 disk_bytes=0 batch_count=1
[2026-07-01 08:02:14.015] [info] [gpu_pipeline_task.cpp:182] [locality-audit] prepare_after pipeline_id=7 task_id=16 preferred_device=0 actual_gpu=0 target_tier=GPU target_device=0 input_bytes=3846912 local_bytes=3846912 remote_gpu_bytes=0 host_bytes=0 disk_bytes=0 batch_count=1
[2026-07-01 08:02:14.015] [info] [gpu_pipeline_task.cpp:182] [locality-audit] prepare_after pipeline_id=7 task_id=17 preferred_device=0 actual_gpu=0 target_tier=GPU target_device=0 input_bytes=5145920 local_bytes=5145920 remote_gpu_bytes=0 host_bytes=0 disk_bytes=0 batch_count=1
[2026-07-01 08:02:14.015] [info] [gpu_pipeline_task.cpp:311] [stage-audit] pipeline_id=7 task_id=17 operator_id=51 operator_name=PARTITION stage_kind=PARTITION operator_type=82 input_type=PIPELINEABLE output_type=PIPELINEABLE actual_gpu=0 pipeline_operator_count=1 input_batches=1 input_rows=316668 input_columns=2 input_bytes=5145920 output_batches=1 output_rows=316668 output_columns=2 output_bytes=5145920 byte_ratio=1.000000 row_ratio=1.000000 duration_us=1
[2026-07-01 08:02:14.015] [info] [gpu_pipeline_task.cpp:311] [stage-audit] pipeline_id=7 task_id=16 operator_id=51 operator_name=PARTITION stage_kind=PARTITION operator_type=82 input_type=PIPELINEABLE output_type=PIPELINEABLE actual_gpu=0 pipeline_operator_count=1 input_batches=1 input_rows=236728 input_columns=2 input_bytes=3846912 output_batches=1 output_rows=236728 output_columns=2 output_bytes=3846912 byte_ratio=1.000000 row_ratio=1.000000 duration_us=9
[2026-07-01 08:02:14.015] [info] [task_scheduler.cpp:367] [mgpu-audit] pipeline_task dispatched to GPU 0 task_id=18
[2026-07-01 08:02:14.015] [info] [task_scheduler.cpp:369] [locality-audit] dispatch task_id=18 preferred_device=0 actual_gpu=0
[2026-07-01 08:02:14.015] [info] [gpu_pipeline_task.cpp:182] [locality-audit] prepare_before pipeline_id=8 task_id=18 preferred_device=0 actual_gpu=0 target_tier=GPU target_device=0 input_bytes=14152128 local_bytes=14152128 remote_gpu_bytes=0 host_bytes=0 disk_bytes=0 batch_count=3
[2026-07-01 08:02:14.015] [info] [gpu_pipeline_task.cpp:182] [locality-audit] prepare_after pipeline_id=8 task_id=18 preferred_device=0 actual_gpu=0 target_tier=GPU target_device=0 input_bytes=14152128 local_bytes=14152128 remote_gpu_bytes=0 host_bytes=0 disk_bytes=0 batch_count=3
[2026-07-01 08:02:14.017] [info] [gpu_pipeline_task.cpp:311] [stage-audit] pipeline_id=8 task_id=18 operator_id=52 operator_name=MERGE_GROUP_BY stage_kind=AGGREGATE operator_type=85 input_type=PARTITIONED output_type=PIPELINEABLE actual_gpu=0 pipeline_operator_count=1 input_batches=3 input_rows=870884 input_columns=6 input_bytes=14152128 output_batches=1 output_rows=870884 output_columns=2 output_bytes=13934144 byte_ratio=0.984597 row_ratio=1.000000 duration_us=1955
[2026-07-01 08:02:14.017] [info] [task_creator.cpp:352] [locality-audit] task_create operator_id=62 input_bytes=13934144 local_bytes=13934144 gpu_source_bytes=13934144 host_source_bytes=0 disk_source_bytes=0 gpu_sources=1 host_sources=0 preferred_device=0
[2026-07-01 08:02:14.017] [info] [task_scheduler.cpp:367] [mgpu-audit] pipeline_task dispatched to GPU 0 task_id=19
[2026-07-01 08:02:14.017] [info] [task_scheduler.cpp:369] [locality-audit] dispatch task_id=19 preferred_device=0 actual_gpu=0
[2026-07-01 08:02:14.017] [info] [gpu_pipeline_task.cpp:182] [locality-audit] prepare_before pipeline_id=18 task_id=19 preferred_device=0 actual_gpu=0 target_tier=GPU target_device=0 input_bytes=13934144 local_bytes=13934144 remote_gpu_bytes=0 host_bytes=0 disk_bytes=0 batch_count=1
[2026-07-01 08:02:14.017] [info] [gpu_pipeline_task.cpp:182] [locality-audit] prepare_after pipeline_id=18 task_id=19 preferred_device=0 actual_gpu=0 target_tier=GPU target_device=0 input_bytes=13934144 local_bytes=13934144 remote_gpu_bytes=0 host_bytes=0 disk_bytes=0 batch_count=1
[2026-07-01 08:02:14.017] [info] [gpu_pipeline_task.cpp:311] [stage-audit] pipeline_id=18 task_id=19 operator_id=62 operator_name=PARTITION stage_kind=PARTITION operator_type=82 input_type=PIPELINEABLE output_type=PIPELINEABLE actual_gpu=0 pipeline_operator_count=1 input_batches=1 input_rows=870884 input_columns=2 input_bytes=13934144 output_batches=1 output_rows=870884 output_columns=2 output_bytes=13934144 byte_ratio=1.000000 row_ratio=1.000000 duration_us=0
[2026-07-01 08:02:14.017] [info] [task_scheduler.cpp:367] [mgpu-audit] pipeline_task dispatched to GPU 0 task_id=20
[2026-07-01 08:02:14.017] [info] [task_scheduler.cpp:369] [locality-audit] dispatch task_id=20 preferred_device=0 actual_gpu=0
[2026-07-01 08:02:14.017] [info] [gpu_pipeline_task.cpp:182] [locality-audit] prepare_before pipeline_id=19 task_id=20 preferred_device=0 actual_gpu=0 target_tier=GPU target_device=0 input_bytes=13934144 local_bytes=13934144 remote_gpu_bytes=0 host_bytes=0 disk_bytes=0 batch_count=1
[2026-07-01 08:02:14.017] [info] [gpu_pipeline_task.cpp:182] [locality-audit] prepare_after pipeline_id=19 task_id=20 preferred_device=0 actual_gpu=0 target_tier=GPU target_device=0 input_bytes=13934144 local_bytes=13934144 remote_gpu_bytes=0 host_bytes=0 disk_bytes=0 batch_count=1
[2026-07-01 08:02:14.017] [info] [gpu_pipeline_task.cpp:311] [stage-audit] pipeline_id=19 task_id=20 operator_id=61 operator_name=CONCAT stage_kind=CONCAT operator_type=83 input_type=PARTITIONED output_type=PARTITIONED actual_gpu=0 pipeline_operator_count=1 input_batches=1 input_rows=870884 input_columns=2 input_bytes=13934144 output_batches=1 output_rows=870884 output_columns=2 output_bytes=13934144 byte_ratio=1.000000 row_ratio=1.000000 duration_us=1
[2026-07-01 08:02:14.017] [info] [task_scheduler.cpp:367] [mgpu-audit] pipeline_task dispatched to GPU 3 task_id=22
[2026-07-01 08:02:14.017] [info] [task_scheduler.cpp:369] [locality-audit] dispatch task_id=22 preferred_device=3 actual_gpu=3
[2026-07-01 08:02:14.017] [info] [task_scheduler.cpp:367] [mgpu-audit] pipeline_task dispatched to GPU 1 task_id=24
[2026-07-01 08:02:14.017] [info] [task_scheduler.cpp:369] [locality-audit] dispatch task_id=24 preferred_device=1 actual_gpu=1
[2026-07-01 08:02:14.017] [info] [task_scheduler.cpp:367] [mgpu-audit] pipeline_task dispatched to GPU 2 task_id=21
[2026-07-01 08:02:14.017] [info] [task_scheduler.cpp:369] [locality-audit] dispatch task_id=21 preferred_device=2 actual_gpu=2
[2026-07-01 08:02:14.017] [info] [task_scheduler.cpp:367] [mgpu-audit] pipeline_task dispatched to GPU 0 task_id=23
[2026-07-01 08:02:14.017] [info] [task_scheduler.cpp:369] [locality-audit] dispatch task_id=23 preferred_device=0 actual_gpu=0
[2026-07-01 08:02:14.017] [info] [task_scheduler.cpp:367] [mgpu-audit] pipeline_task dispatched to GPU 1 task_id=28
[2026-07-01 08:02:14.017] [info] [task_scheduler.cpp:369] [locality-audit] dispatch task_id=28 preferred_device=1 actual_gpu=1
[2026-07-01 08:02:14.017] [info] [task_scheduler.cpp:367] [mgpu-audit] pipeline_task dispatched to GPU 0 task_id=27
[2026-07-01 08:02:14.017] [info] [task_scheduler.cpp:369] [locality-audit] dispatch task_id=27 preferred_device=0 actual_gpu=0
[2026-07-01 08:02:14.017] [info] [task_scheduler.cpp:367] [mgpu-audit] pipeline_task dispatched to GPU 0 task_id=31
[2026-07-01 08:02:14.017] [info] [task_scheduler.cpp:369] [locality-audit] dispatch task_id=31 preferred_device=0 actual_gpu=0
[2026-07-01 08:02:14.017] [info] [task_scheduler.cpp:367] [mgpu-audit] pipeline_task dispatched to GPU 1 task_id=32
[2026-07-01 08:02:14.017] [info] [task_scheduler.cpp:369] [locality-audit] dispatch task_id=32 preferred_device=1 actual_gpu=1
[2026-07-01 08:02:14.017] [info] [task_scheduler.cpp:367] [mgpu-audit] pipeline_task dispatched to GPU 0 task_id=35
[2026-07-01 08:02:14.017] [info] [task_scheduler.cpp:369] [locality-audit] dispatch task_id=35 preferred_device=0 actual_gpu=0
[2026-07-01 08:02:14.017] [info] [task_scheduler.cpp:367] [mgpu-audit] pipeline_task dispatched to GPU 1 task_id=36
[2026-07-01 08:02:14.017] [info] [task_scheduler.cpp:369] [locality-audit] dispatch task_id=36 preferred_device=1 actual_gpu=1
[2026-07-01 08:02:14.017] [info] [task_scheduler.cpp:367] [mgpu-audit] pipeline_task dispatched to GPU 3 task_id=26
[2026-07-01 08:02:14.017] [info] [task_scheduler.cpp:369] [locality-audit] dispatch task_id=26 preferred_device=3 actual_gpu=3
[2026-07-01 08:02:14.017] [info] [task_scheduler.cpp:367] [mgpu-audit] pipeline_task dispatched to GPU 3 task_id=30
[2026-07-01 08:02:14.017] [info] [task_scheduler.cpp:369] [locality-audit] dispatch task_id=30 preferred_device=3 actual_gpu=3
[2026-07-01 08:02:14.017] [info] [task_scheduler.cpp:367] [mgpu-audit] pipeline_task dispatched to GPU 2 task_id=25
[2026-07-01 08:02:14.017] [info] [task_scheduler.cpp:369] [locality-audit] dispatch task_id=25 preferred_device=2 actual_gpu=2
[2026-07-01 08:02:14.017] [info] [task_scheduler.cpp:367] [mgpu-audit] pipeline_task dispatched to GPU 3 task_id=34
[2026-07-01 08:02:14.017] [info] [task_scheduler.cpp:369] [locality-audit] dispatch task_id=34 preferred_device=3 actual_gpu=3
[2026-07-01 08:02:14.017] [info] [task_scheduler.cpp:367] [mgpu-audit] pipeline_task dispatched to GPU 2 task_id=29
[2026-07-01 08:02:14.017] [info] [task_scheduler.cpp:369] [locality-audit] dispatch task_id=29 preferred_device=2 actual_gpu=2
[2026-07-01 08:02:14.017] [info] [task_scheduler.cpp:367] [mgpu-audit] pipeline_task dispatched to GPU 2 task_id=33
[2026-07-01 08:02:14.017] [info] [task_scheduler.cpp:369] [locality-audit] dispatch task_id=33 preferred_device=2 actual_gpu=2
[2026-07-01 08:02:14.517] [info] [parquet_gpu_ingestible.cpp:696] [scan-audit] parquet_materialize target_gpu=3 files=/mnt/nvme/dataset/lineitem.parquet columns=l_partkey,l_suppkey,l_quantity,l_shipdate row_groups=2319,2320,2321,2322,2323,2324,2325,2326,2327,2328,2329,2330,2331,2332,2333,2334,2335,2336,2337,2338,2339,2340,2341,2342,2343,2344,2345,2346,2347,2348,2349,2350,2351,2352,2353,2354,2355,2356,2357,2358,2359,2360,2361,2362,2363,2364,2365,2366,2367,2368,2369,2370,2371,2372,2373,2374,2375,2376,2377,2378,2379,2380,2381,2382,2383,2384,2385,2386,2387,2388,2389,2390,2391,2392,2393,2394,2395,2396,2397,2398,2399,2400,2401,2402,2403,2404,2405,2406,2407,2408,2409,2410,2411,2412,2413,2414,2415,2416,2417,2418,2419,2420,2421,2422,2423,2424,2425,2426,2427,2428,2429,2430,2431,2432,2433,2434,2435,2436,2437,2438,2439,2440,2441,2442,2443,2444,2445,2446,2447,2448,2449,2450,2451,2452,2453,2454,2455,2456,2457,2458,2459,2460,2461,2462,2463,2464,2465,2466,2467,2468,2469,2470,2471,2472,2473,2474,2475,2476,2477,2478,2479,2480,2481,2482,2483,2484,2485,2486,2487,2488,2489,2490,2491,2492,2493,2494,2495,2496,2497,2498,2499,2500,2501,2502,2503,2504,2505,2506,2507,2508,2509,2510,2511,2512,2513,2514,2515,2516,2517,2518,2519,2520,2521,2522,2523,2524,2525,2526,2527,2528,2529,2530,2531,2532,2533,2534,2535,2536,2537,2538,2539,2540,2541,2542,2543,2544,2545,2546,2547,2548,2549,2550,2551,2552,2553,2554,2555,2556,2557,2558,2559,2560,2561,2562,2563,2564,2565,2566,2567,2568,2569,2570,2571,2572,2573,2574,2575 compressed_bytes=407259805 uncompressed_bytes=536475995 column_bytes=l_partkey:174278214:256103583,l_suppkey:157959532:256103583,l_quantity:24229122:24268829,l_shipdate:50792937:50788468 output_rows=4853394 output_columns=4 split_count=1 duration_us=388086
[2026-07-01 08:02:14.517] [info] [gpu_pipeline_task.cpp:311] [stage-audit] pipeline_id=20 task_id=30 operator_id=63 operator_name=GPU_SCAN stage_kind=SCAN operator_type=94 input_type=GPU_SCAN output_type=PIPELINEABLE actual_gpu=3 pipeline_operator_count=1 input_batches=0 input_rows=0 input_columns=0 input_bytes=0 output_batches=1 output_rows=4853394 output_columns=3 output_bytes=118301616 byte_ratio=0.000000 row_ratio=0.000000 duration_us=499468
[2026-07-01 08:02:14.517] [info] [task_creator.cpp:352] [locality-audit] task_create operator_id=65 input_bytes=118301616 local_bytes=118301616 gpu_source_bytes=118301616 host_source_bytes=0 disk_source_bytes=0 gpu_sources=1 host_sources=0 preferred_device=3
[2026-07-01 08:02:14.517] [info] [task_scheduler.cpp:367] [mgpu-audit] pipeline_task dispatched to GPU 3 task_id=38
[2026-07-01 08:02:14.517] [info] [task_scheduler.cpp:369] [locality-audit] dispatch task_id=38 preferred_device=3 actual_gpu=3
[2026-07-01 08:02:14.521] [info] [parquet_gpu_ingestible.cpp:696] [scan-audit] parquet_materialize target_gpu=2 files=/mnt/nvme/dataset/lineitem.parquet columns=l_partkey,l_suppkey,l_quantity,l_shipdate row_groups=2062,2063,2064,2065,2066,2067,2068,2069,2070,2071,2072,2073,2074,2075,2076,2077,2078,2079,2080,2081,2082,2083,2084,2085,2086,2087,2088,2089,2090,2091,2092,2093,2094,2095,2096,2097,2098,2099,2100,2101,2102,2103,2104,2105,2106,2107,2108,2109,2110,2111,2112,2113,2114,2115,2116,2117,2118,2119,2120,2121,2122,2123,2124,2125,2126,2127,2128,2129,2130,2131,2132,2133,2134,2135,2136,2137,2138,2139,2140,2141,2142,2143,2144,2145,2146,2147,2148,2149,2150,2151,2152,2153,2154,2155,2156,2157,2158,2159,2160,2161,2162,2163,2164,2165,2166,2167,2168,2169,2170,2171,2172,2173,2174,2175,2176,2177,2178,2179,2180,2181,2182,2183,2184,2185,2186,2187,2188,2189,2190,2191,2192,2193,2194,2195,2196,2197,2198,2199,2200,2201,2202,2203,2204,2205,2206,2207,2208,2209,2210,2211,2212,2213,2214,2215,2216,2217,2218,2219,2220,2221,2222,2223,2224,2225,2226,2227,2228,2229,2230,2231,2232,2233,2234,2235,2236,2237,2238,2239,2240,2241,2242,2243,2244,2245,2246,2247,2248,2249,2250,2251,2252,2253,2254,2255,2256,2257,2258,2259,2260,2261,2262,2263,2264,2265,2266,2267,2268,2269,2270,2271,2272,2273,2274,2275,2276,2277,2278,2279,2280,2281,2282,2283,2284,2285,2286,2287,2288,2289,2290,2291,2292,2293,2294,2295,2296,2297,2298,2299,2300,2301,2302,2303,2304,2305,2306,2307,2308,2309,2310,2311,2312,2313,2314,2315,2316,2317,2318 compressed_bytes=407249533 uncompressed_bytes=536457563 column_bytes=l_partkey:174272912:256094367,l_suppkey:157954683:256094367,l_quantity:24229135:24268829,l_shipdate:50792803:50788324 output_rows=4852206 output_columns=4 split_count=1 duration_us=390960
[2026-07-01 08:02:14.521] [info] [gpu_pipeline_task.cpp:311] [stage-audit] pipeline_id=20 task_id=29 operator_id=63 operator_name=GPU_SCAN stage_kind=SCAN operator_type=94 input_type=GPU_SCAN output_type=PIPELINEABLE actual_gpu=2 pipeline_operator_count=1 input_batches=0 input_rows=0 input_columns=0 input_bytes=0 output_batches=1 output_rows=4852206 output_columns=3 output_bytes=118272528 byte_ratio=0.000000 row_ratio=0.000000 duration_us=503804
[2026-07-01 08:02:14.521] [info] [task_scheduler.cpp:367] [mgpu-audit] pipeline_task dispatched to GPU 2 task_id=37
[2026-07-01 08:02:14.521] [info] [task_scheduler.cpp:369] [locality-audit] dispatch task_id=37 preferred_device=2 actual_gpu=2
[2026-07-01 08:02:14.521] [info] [task_creator.cpp:352] [locality-audit] task_create operator_id=65 input_bytes=118272528 local_bytes=118272528 gpu_source_bytes=118272528 host_source_bytes=0 disk_source_bytes=0 gpu_sources=1 host_sources=0 preferred_device=2
[2026-07-01 08:02:15.771] [info] [parquet_gpu_ingestible.cpp:696] [scan-audit] parquet_materialize target_gpu=3 files=/mnt/nvme/dataset/lineitem.parquet columns=l_partkey,l_suppkey,l_quantity,l_shipdate row_groups=1291,1292,1293,1294,1295,1296,1297,1298,1299,1300,1301,1302,1303,1304,1305,1306,1307,1308,1309,1310,1311,1312,1313,1314,1315,1316,1317,1318,1319,1320,1321,1322,1323,1324,1325,1326,1327,1328,1329,1330,1331,1332,1333,1334,1335,1336,1337,1338,1339,1340,1341,1342,1343,1344,1345,1346,1347,1348,1349,1350,1351,1352,1353,1354,1355,1356,1357,1358,1359,1360,1361,1362,1363,1364,1365,1366,1367,1368,1369,1370,1371,1372,1373,1374,1375,1376,1377,1378,1379,1380,1381,1382,1383,1384,1385,1386,1387,1388,1389,1390,1391,1392,1393,1394,1395,1396,1397,1398,1399,1400,1401,1402,1403,1404,1405,1406,1407,1408,1409,1410,1411,1412,1413,1414,1415,1416,1417,1418,1419,1420,1421,1422,1423,1424,1425,1426,1427,1428,1429,1430,1431,1432,1433,1434,1435,1436,1437,1438,1439,1440,1441,1442,1443,1444,1445,1446,1447,1448,1449,1450,1451,1452,1453,1454,1455,1456,1457,1458,1459,1460,1461,1462,1463,1464,1465,1466,1467,1468,1469,1470,1471,1472,1473,1474,1475,1476,1477,1478,1479,1480,1481,1482,1483,1484,1485,1486,1487,1488,1489,1490,1491,1492,1493,1494,1495,1496,1497,1498,1499,1500,1501,1502,1503,1504,1505,1506,1507,1508,1509,1510,1511,1512,1513,1514,1515,1516,1517,1518,1519,1520,1521,1522,1523,1524,1525,1526,1527,1528,1529,1530,1531,1532,1533,1534,1535,1536,1537,1538,1539,1540,1541,1542,1543,1544,1545,1546,1547 compressed_bytes=407252313 uncompressed_bytes=536458268 column_bytes=l_partkey:174274587:256094815,l_suppkey:157956330:256094815,l_quantity:24228951:24268638,l_shipdate:50792445:50787939 output_rows=4857384 output_columns=4 split_count=1 duration_us=1638821
[2026-07-01 08:02:15.771] [info] [gpu_pipeline_task.cpp:311] [stage-audit] pipeline_id=20 task_id=26 operator_id=63 operator_name=GPU_SCAN stage_kind=SCAN operator_type=94 input_type=GPU_SCAN output_type=PIPELINEABLE actual_gpu=3 pipeline_operator_count=1 input_batches=0 input_rows=0 input_columns=0 input_bytes=0 output_batches=1 output_rows=4857384 output_columns=3 output_bytes=118398912 byte_ratio=0.000000 row_ratio=0.000000 duration_us=1753970
[2026-07-01 08:02:15.771] [info] [task_creator.cpp:352] [locality-audit] task_create operator_id=65 input_bytes=118398912 local_bytes=118398912 gpu_source_bytes=118398912 host_source_bytes=0 disk_source_bytes=0 gpu_sources=1 host_sources=0 preferred_device=3
[2026-07-01 08:02:15.771] [info] [task_scheduler.cpp:367] [mgpu-audit] pipeline_task dispatched to GPU 3 task_id=40
[2026-07-01 08:02:15.771] [info] [task_scheduler.cpp:369] [locality-audit] dispatch task_id=40 preferred_device=3 actual_gpu=3
[2026-07-01 08:02:15.772] [info] [gpu_pipeline_task.cpp:182] [locality-audit] prepare_before pipeline_id=21 task_id=40 preferred_device=3 actual_gpu=3 target_tier=GPU target_device=3 input_bytes=118301616 local_bytes=118301616 remote_gpu_bytes=0 host_bytes=0 disk_bytes=0 batch_count=1
[2026-07-01 08:02:15.772] [info] [gpu_pipeline_task.cpp:182] [locality-audit] prepare_after pipeline_id=21 task_id=40 preferred_device=3 actual_gpu=3 target_tier=GPU target_device=3 input_bytes=118301616 local_bytes=118301616 remote_gpu_bytes=0 host_bytes=0 disk_bytes=0 batch_count=1
[2026-07-01 08:02:15.772] [info] [gpu_pipeline_task.cpp:311] [stage-audit] pipeline_id=21 task_id=40 operator_id=65 operator_name=PARTITION stage_kind=PARTITION operator_type=82 input_type=PIPELINEABLE output_type=PIPELINEABLE actual_gpu=3 pipeline_operator_count=1 input_batches=1 input_rows=4853394 input_columns=3 input_bytes=118301616 output_batches=1 output_rows=4853394 output_columns=3 output_bytes=118301616 byte_ratio=1.000000 row_ratio=1.000000 duration_us=2
[2026-07-01 08:02:15.772] [info] [task_scheduler.cpp:367] [mgpu-audit] pipeline_task dispatched to GPU 3 task_id=42
[2026-07-01 08:02:15.772] [info] [task_scheduler.cpp:369] [locality-audit] dispatch task_id=42 preferred_device=3 actual_gpu=3
[2026-07-01 08:02:15.772] [info] [gpu_pipeline_task.cpp:182] [locality-audit] prepare_before pipeline_id=21 task_id=42 preferred_device=3 actual_gpu=3 target_tier=GPU target_device=3 input_bytes=118398912 local_bytes=118398912 remote_gpu_bytes=0 host_bytes=0 disk_bytes=0 batch_count=1
[2026-07-01 08:02:15.772] [info] [gpu_pipeline_task.cpp:182] [locality-audit] prepare_after pipeline_id=21 task_id=42 preferred_device=3 actual_gpu=3 target_tier=GPU target_device=3 input_bytes=118398912 local_bytes=118398912 remote_gpu_bytes=0 host_bytes=0 disk_bytes=0 batch_count=1
[2026-07-01 08:02:15.772] [info] [gpu_pipeline_task.cpp:311] [stage-audit] pipeline_id=21 task_id=42 operator_id=65 operator_name=PARTITION stage_kind=PARTITION operator_type=82 input_type=PIPELINEABLE output_type=PIPELINEABLE actual_gpu=3 pipeline_operator_count=1 input_batches=1 input_rows=4857384 input_columns=3 input_bytes=118398912 output_batches=1 output_rows=4857384 output_columns=3 output_bytes=118398912 byte_ratio=1.000000 row_ratio=1.000000 duration_us=1
[2026-07-01 08:02:15.808] [info] [parquet_gpu_ingestible.cpp:696] [scan-audit] parquet_materialize target_gpu=0 files=/mnt/nvme/dataset/lineitem.parquet columns=l_partkey,l_suppkey,l_quantity,l_shipdate row_groups=518,519,520,521,522,523,524,525,526,527,528,529,530,531,532,533,534,535,536,537,538,539,540,541,542,543,544,545,546,547,548,549,550,551,552,553,554,555,556,557,558,559,560,561,562,563,564,565,566,567,568,569,570,571,572,573,574,575,576,577,578,579,580,581,582,583,584,585,586,587,588,589,590,591,592,593,594,595,596,597,598,599,600,601,602,603,604,605,606,607,608,609,610,611,612,613,614,615,616,617,618,619,620,621,622,623,624,625,626,627,628,629,630,631,632,633,634,635,636,637,638,639,640,641,642,643,644,645,646,647,648,649,650,651,652,653,654,655,656,657,658,659,660,661,662,663,664,665,666,667,668,669,670,671,672,673,674,675,676,677,678,679,680,681,682,683,684,685,686,687,688,689,690,691,692,693,694,695,696,697,698,699,700,701,702,703,704,705,706,707,708,709,710,711,712,713,714,715,716,717,718,719,720,721,722,723,724,725,726,727,728,729,730,731,732,733,734,735,736,737,738,739,740,741,742,743,744,745,746,747,748,749,750,751,752,753,754,755,756,757,758,759,760,761,762,763,764,765,766,767,768,769,770,771,772,773,774,775,776 compressed_bytes=406835050 uncompressed_bytes=535822332 column_bytes=l_partkey:174063177:255782381,l_suppkey:157765344:255782381,l_quantity:24217577:24257570,l_shipdate:50788952:50784464 output_rows=4851054 output_columns=4 split_count=1 duration_us=1676683
[2026-07-01 08:02:15.808] [info] [gpu_pipeline_task.cpp:311] [stage-audit] pipeline_id=20 task_id=23 operator_id=63 operator_name=GPU_SCAN stage_kind=SCAN operator_type=94 input_type=GPU_SCAN output_type=PIPELINEABLE actual_gpu=0 pipeline_operator_count=1 input_batches=0 input_rows=0 input_columns=0 input_bytes=0 output_batches=1 output_rows=4851054 output_columns=3 output_bytes=118244496 byte_ratio=0.000000 row_ratio=0.000000 duration_us=1791135
[2026-07-01 08:02:15.808] [info] [task_scheduler.cpp:367] [mgpu-audit] pipeline_task dispatched to GPU 0 task_id=39
[2026-07-01 08:02:15.808] [info] [task_scheduler.cpp:369] [locality-audit] dispatch task_id=39 preferred_device=0 actual_gpu=0
[2026-07-01 08:02:15.808] [info] [task_creator.cpp:352] [locality-audit] task_create operator_id=65 input_bytes=118244496 local_bytes=118244496 gpu_source_bytes=118244496 host_source_bytes=0 disk_source_bytes=0 gpu_sources=1 host_sources=0 preferred_device=0
[2026-07-01 08:02:15.824] [info] [parquet_gpu_ingestible.cpp:696] [scan-audit] parquet_materialize target_gpu=3 files=/mnt/nvme/dataset/lineitem.parquet columns=l_partkey,l_suppkey,l_quantity,l_shipdate row_groups=259,260,261,262,263,264,265,266,267,268,269,270,271,272,273,274,275,276,277,278,279,280,281,282,283,284,285,286,287,288,289,290,291,292,293,294,295,296,297,298,299,300,301,302,303,304,305,306,307,308,309,310,311,312,313,314,315,316,317,318,319,320,321,322,323,324,325,326,327,328,329,330,331,332,333,334,335,336,337,338,339,340,341,342,343,344,345,346,347,348,349,350,351,352,353,354,355,356,357,358,359,360,361,362,363,364,365,366,367,368,369,370,371,372,373,374,375,376,377,378,379,380,381,382,383,384,385,386,387,388,389,390,391,392,393,394,395,396,397,398,399,400,401,402,403,404,405,406,407,408,409,410,411,412,413,414,415,416,417,418,419,420,421,422,423,424,425,426,427,428,429,430,431,432,433,434,435,436,437,438,439,440,441,442,443,444,445,446,447,448,449,450,451,452,453,454,455,456,457,458,459,460,461,462,463,464,465,466,467,468,469,470,471,472,473,474,475,476,477,478,479,480,481,482,483,484,485,486,487,488,489,490,491,492,493,494,495,496,497,498,499,500,501,502,503,504,505,506,507,508,509,510,511,512,513,514,515,516,517 compressed_bytes=406827904 uncompressed_bytes=535819381 column_bytes=l_partkey:174060635:255781197,l_suppkey:157762564:255781197,l_quantity:24216992:24256987,l_shipdate:50787713:50783217 output_rows=4849026 output_columns=4 split_count=1 duration_us=1692651
[2026-07-01 08:02:15.824] [info] [gpu_pipeline_task.cpp:311] [stage-audit] pipeline_id=20 task_id=22 operator_id=63 operator_name=GPU_SCAN stage_kind=SCAN operator_type=94 input_type=GPU_SCAN output_type=PIPELINEABLE actual_gpu=3 pipeline_operator_count=1 input_batches=0 input_rows=0 input_columns=0 input_bytes=0 output_batches=1 output_rows=4849026 output_columns=3 output_bytes=118195056 byte_ratio=0.000000 row_ratio=0.000000 duration_us=1806801
[2026-07-01 08:02:15.824] [info] [task_creator.cpp:352] [locality-audit] task_create operator_id=65 input_bytes=118195056 local_bytes=118195056 gpu_source_bytes=118195056 host_source_bytes=0 disk_source_bytes=0 gpu_sources=1 host_sources=0 preferred_device=3
[2026-07-01 08:02:15.824] [info] [task_scheduler.cpp:367] [mgpu-audit] pipeline_task dispatched to GPU 3 task_id=44
[2026-07-01 08:02:15.824] [info] [task_scheduler.cpp:369] [locality-audit] dispatch task_id=44 preferred_device=3 actual_gpu=3
[2026-07-01 08:02:15.824] [info] [gpu_pipeline_task.cpp:182] [locality-audit] prepare_before pipeline_id=21 task_id=44 preferred_device=3 actual_gpu=3 target_tier=GPU target_device=3 input_bytes=118195056 local_bytes=118195056 remote_gpu_bytes=0 host_bytes=0 disk_bytes=0 batch_count=1
[2026-07-01 08:02:15.824] [info] [gpu_pipeline_task.cpp:182] [locality-audit] prepare_after pipeline_id=21 task_id=44 preferred_device=3 actual_gpu=3 target_tier=GPU target_device=3 input_bytes=118195056 local_bytes=118195056 remote_gpu_bytes=0 host_bytes=0 disk_bytes=0 batch_count=1
[2026-07-01 08:02:15.824] [info] [gpu_pipeline_task.cpp:311] [stage-audit] pipeline_id=21 task_id=44 operator_id=65 operator_name=PARTITION stage_kind=PARTITION operator_type=82 input_type=PIPELINEABLE output_type=PIPELINEABLE actual_gpu=3 pipeline_operator_count=1 input_batches=1 input_rows=4849026 input_columns=3 input_bytes=118195056 output_batches=1 output_rows=4849026 output_columns=3 output_bytes=118195056 byte_ratio=1.000000 row_ratio=1.000000 duration_us=2
[2026-07-01 08:02:15.853] [info] [parquet_gpu_ingestible.cpp:696] [scan-audit] parquet_materialize target_gpu=2 files=/mnt/nvme/dataset/lineitem.parquet columns=l_partkey,l_suppkey,l_quantity,l_shipdate row_groups=0,1,2,3,4,5,6,7,8,9,10,11,12,13,14,15,16,17,18,19,20,21,22,23,24,25,26,27,28,29,30,31,32,33,34,35,36,37,38,39,40,41,42,43,44,45,46,47,48,49,50,51,52,53,54,55,56,57,58,59,60,61,62,63,64,65,66,67,68,69,70,71,72,73,74,75,76,77,78,79,80,81,82,83,84,85,86,87,88,89,90,91,92,93,94,95,96,97,98,99,100,101,102,103,104,105,106,107,108,109,110,111,112,113,114,115,116,117,118,119,120,121,122,123,124,125,126,127,128,129,130,131,132,133,134,135,136,137,138,139,140,141,142,143,144,145,146,147,148,149,150,151,152,153,154,155,156,157,158,159,160,161,162,163,164,165,166,167,168,169,170,171,172,173,174,175,176,177,178,179,180,181,182,183,184,185,186,187,188,189,190,191,192,193,194,195,196,197,198,199,200,201,202,203,204,205,206,207,208,209,210,211,212,213,214,215,216,217,218,219,220,221,222,223,224,225,226,227,228,229,230,231,232,233,234,235,236,237,238,239,240,241,242,243,244,245,246,247,248,249,250,251,252,253,254,255,256,257,258 compressed_bytes=407538123 uncompressed_bytes=536780673 column_bytes=l_partkey:174377453:256243701,l_suppkey:158047344:256243701,l_quantity:24253286:24293271,l_shipdate:50860040:50855498 output_rows=4869366 output_columns=4 split_count=1 duration_us=1720844
[2026-07-01 08:02:15.853] [info] [gpu_pipeline_task.cpp:311] [stage-audit] pipeline_id=20 task_id=21 operator_id=63 operator_name=GPU_SCAN stage_kind=SCAN operator_type=94 input_type=GPU_SCAN output_type=PIPELINEABLE actual_gpu=2 pipeline_operator_count=1 input_batches=0 input_rows=0 input_columns=0 input_bytes=0 output_batches=1 output_rows=4869366 output_columns=3 output_bytes=118690896 byte_ratio=0.000000 row_ratio=0.000000 duration_us=1835392
[2026-07-01 08:02:15.853] [info] [task_scheduler.cpp:367] [mgpu-audit] pipeline_task dispatched to GPU 2 task_id=41
[2026-07-01 08:02:15.853] [info] [task_scheduler.cpp:369] [locality-audit] dispatch task_id=41 preferred_device=2 actual_gpu=2
[2026-07-01 08:02:15.853] [info] [task_creator.cpp:352] [locality-audit] task_create operator_id=65 input_bytes=118690896 local_bytes=118690896 gpu_source_bytes=118690896 host_source_bytes=0 disk_source_bytes=0 gpu_sources=1 host_sources=0 preferred_device=2
[2026-07-01 08:02:15.853] [info] [gpu_pipeline_task.cpp:182] [locality-audit] prepare_before pipeline_id=21 task_id=41 preferred_device=2 actual_gpu=2 target_tier=GPU target_device=2 input_bytes=118272528 local_bytes=118272528 remote_gpu_bytes=0 host_bytes=0 disk_bytes=0 batch_count=1
[2026-07-01 08:02:15.853] [info] [gpu_pipeline_task.cpp:182] [locality-audit] prepare_after pipeline_id=21 task_id=41 preferred_device=2 actual_gpu=2 target_tier=GPU target_device=2 input_bytes=118272528 local_bytes=118272528 remote_gpu_bytes=0 host_bytes=0 disk_bytes=0 batch_count=1
[2026-07-01 08:02:15.853] [info] [gpu_pipeline_task.cpp:311] [stage-audit] pipeline_id=21 task_id=41 operator_id=65 operator_name=PARTITION stage_kind=PARTITION operator_type=82 input_type=PIPELINEABLE output_type=PIPELINEABLE actual_gpu=2 pipeline_operator_count=1 input_batches=1 input_rows=4852206 input_columns=3 input_bytes=118272528 output_batches=1 output_rows=4852206 output_columns=3 output_bytes=118272528 byte_ratio=1.000000 row_ratio=1.000000 duration_us=1
[2026-07-01 08:02:15.853] [info] [task_scheduler.cpp:367] [mgpu-audit] pipeline_task dispatched to GPU 2 task_id=45
[2026-07-01 08:02:15.853] [info] [task_scheduler.cpp:369] [locality-audit] dispatch task_id=45 preferred_device=2 actual_gpu=2
[2026-07-01 08:02:15.853] [info] [gpu_pipeline_task.cpp:182] [locality-audit] prepare_before pipeline_id=21 task_id=45 preferred_device=2 actual_gpu=2 target_tier=GPU target_device=2 input_bytes=118690896 local_bytes=118690896 remote_gpu_bytes=0 host_bytes=0 disk_bytes=0 batch_count=1
[2026-07-01 08:02:15.853] [info] [gpu_pipeline_task.cpp:182] [locality-audit] prepare_after pipeline_id=21 task_id=45 preferred_device=2 actual_gpu=2 target_tier=GPU target_device=2 input_bytes=118690896 local_bytes=118690896 remote_gpu_bytes=0 host_bytes=0 disk_bytes=0 batch_count=1
[2026-07-01 08:02:15.853] [info] [gpu_pipeline_task.cpp:311] [stage-audit] pipeline_id=21 task_id=45 operator_id=65 operator_name=PARTITION stage_kind=PARTITION operator_type=82 input_type=PIPELINEABLE output_type=PIPELINEABLE actual_gpu=2 pipeline_operator_count=1 input_batches=1 input_rows=4869366 input_columns=3 input_bytes=118690896 output_batches=1 output_rows=4869366 output_columns=3 output_bytes=118690896 byte_ratio=1.000000 row_ratio=1.000000 duration_us=1
[2026-07-01 08:02:15.995] [info] [parquet_gpu_ingestible.cpp:696] [scan-audit] parquet_materialize target_gpu=2 files=/mnt/nvme/dataset/lineitem.parquet columns=l_partkey,l_suppkey,l_quantity,l_shipdate row_groups=1034,1035,1036,1037,1038,1039,1040,1041,1042,1043,1044,1045,1046,1047,1048,1049,1050,1051,1052,1053,1054,1055,1056,1057,1058,1059,1060,1061,1062,1063,1064,1065,1066,1067,1068,1069,1070,1071,1072,1073,1074,1075,1076,1077,1078,1079,1080,1081,1082,1083,1084,1085,1086,1087,1088,1089,1090,1091,1092,1093,1094,1095,1096,1097,1098,1099,1100,1101,1102,1103,1104,1105,1106,1107,1108,1109,1110,1111,1112,1113,1114,1115,1116,1117,1118,1119,1120,1121,1122,1123,1124,1125,1126,1127,1128,1129,1130,1131,1132,1133,1134,1135,1136,1137,1138,1139,1140,1141,1142,1143,1144,1145,1146,1147,1148,1149,1150,1151,1152,1153,1154,1155,1156,1157,1158,1159,1160,1161,1162,1163,1164,1165,1166,1167,1168,1169,1170,1171,1172,1173,1174,1175,1176,1177,1178,1179,1180,1181,1182,1183,1184,1185,1186,1187,1188,1189,1190,1191,1192,1193,1194,1195,1196,1197,1198,1199,1200,1201,1202,1203,1204,1205,1206,1207,1208,1209,1210,1211,1212,1213,1214,1215,1216,1217,1218,1219,1220,1221,1222,1223,1224,1225,1226,1227,1228,1229,1230,1231,1232,1233,1234,1235,1236,1237,1238,1239,1240,1241,1242,1243,1244,1245,1246,1247,1248,1249,1250,1251,1252,1253,1254,1255,1256,1257,1258,1259,1260,1261,1262,1263,1264,1265,1266,1267,1268,1269,1270,1271,1272,1273,1274,1275,1276,1277,1278,1279,1280,1281,1282,1283,1284,1285,1286,1287,1288,1289,1290 compressed_bytes=407256622 uncompressed_bytes=536466187 column_bytes=l_partkey:174276832:256098679,l_suppkey:157957793:256098679,l_quantity:24229206:24268829,l_shipdate:50792791:50788348 output_rows=4850504 output_columns=4 split_count=1 duration_us=1863145
[2026-07-01 08:02:15.995] [info] [gpu_pipeline_task.cpp:311] [stage-audit] pipeline_id=20 task_id=25 operator_id=63 operator_name=GPU_SCAN stage_kind=SCAN operator_type=94 input_type=GPU_SCAN output_type=PIPELINEABLE actual_gpu=2 pipeline_operator_count=1 input_batches=0 input_rows=0 input_columns=0 input_bytes=0 output_batches=1 output_rows=4850504 output_columns=3 output_bytes=118231104 byte_ratio=0.000000 row_ratio=0.000000 duration_us=1977515
[2026-07-01 08:02:15.995] [info] [task_creator.cpp:352] [locality-audit] task_create operator_id=65 input_bytes=118231104 local_bytes=118231104 gpu_source_bytes=118231104 host_source_bytes=0 disk_source_bytes=0 gpu_sources=1 host_sources=0 preferred_device=2
[2026-07-01 08:02:15.995] [info] [task_scheduler.cpp:367] [mgpu-audit] pipeline_task dispatched to GPU 2 task_id=48
[2026-07-01 08:02:15.995] [info] [task_scheduler.cpp:369] [locality-audit] dispatch task_id=48 preferred_device=2 actual_gpu=2
[2026-07-01 08:02:15.995] [info] [gpu_pipeline_task.cpp:182] [locality-audit] prepare_before pipeline_id=21 task_id=48 preferred_device=2 actual_gpu=2 target_tier=GPU target_device=2 input_bytes=118231104 local_bytes=118231104 remote_gpu_bytes=0 host_bytes=0 disk_bytes=0 batch_count=1
[2026-07-01 08:02:15.995] [info] [gpu_pipeline_task.cpp:182] [locality-audit] prepare_after pipeline_id=21 task_id=48 preferred_device=2 actual_gpu=2 target_tier=GPU target_device=2 input_bytes=118231104 local_bytes=118231104 remote_gpu_bytes=0 host_bytes=0 disk_bytes=0 batch_count=1
[2026-07-01 08:02:15.995] [info] [gpu_pipeline_task.cpp:311] [stage-audit] pipeline_id=21 task_id=48 operator_id=65 operator_name=PARTITION stage_kind=PARTITION operator_type=82 input_type=PIPELINEABLE output_type=PIPELINEABLE actual_gpu=2 pipeline_operator_count=1 input_batches=1 input_rows=4850504 input_columns=3 input_bytes=118231104 output_batches=1 output_rows=4850504 output_columns=3 output_bytes=118231104 byte_ratio=1.000000 row_ratio=1.000000 duration_us=2
[2026-07-01 08:02:16.021] [info] [parquet_gpu_ingestible.cpp:696] [scan-audit] parquet_materialize target_gpu=1 files=/mnt/nvme/dataset/lineitem.parquet columns=l_partkey,l_suppkey,l_quantity,l_shipdate row_groups=1805,1806,1807,1808,1809,1810,1811,1812,1813,1814,1815,1816,1817,1818,1819,1820,1821,1822,1823,1824,1825,1826,1827,1828,1829,1830,1831,1832,1833,1834,1835,1836,1837,1838,1839,1840,1841,1842,1843,1844,1845,1846,1847,1848,1849,1850,1851,1852,1853,1854,1855,1856,1857,1858,1859,1860,1861,1862,1863,1864,1865,1866,1867,1868,1869,1870,1871,1872,1873,1874,1875,1876,1877,1878,1879,1880,1881,1882,1883,1884,1885,1886,1887,1888,1889,1890,1891,1892,1893,1894,1895,1896,1897,1898,1899,1900,1901,1902,1903,1904,1905,1906,1907,1908,1909,1910,1911,1912,1913,1914,1915,1916,1917,1918,1919,1920,1921,1922,1923,1924,1925,1926,1927,1928,1929,1930,1931,1932,1933,1934,1935,1936,1937,1938,1939,1940,1941,1942,1943,1944,1945,1946,1947,1948,1949,1950,1951,1952,1953,1954,1955,1956,1957,1958,1959,1960,1961,1962,1963,1964,1965,1966,1967,1968,1969,1970,1971,1972,1973,1974,1975,1976,1977,1978,1979,1980,1981,1982,1983,1984,1985,1986,1987,1988,1989,1990,1991,1992,1993,1994,1995,1996,1997,1998,1999,2000,2001,2002,2003,2004,2005,2006,2007,2008,2009,2010,2011,2012,2013,2014,2015,2016,2017,2018,2019,2020,2021,2022,2023,2024,2025,2026,2027,2028,2029,2030,2031,2032,2033,2034,2035,2036,2037,2038,2039,2040,2041,2042,2043,2044,2045,2046,2047,2048,2049,2050,2051,2052,2053,2054,2055,2056,2057,2058,2059,2060,2061 compressed_bytes=407254872 uncompressed_bytes=536469471 column_bytes=l_partkey:174274242:256100319,l_suppkey:157958362:256100319,l_quantity:24229197:24268833,l_shipdate:50793071:50788568 output_rows=4850748 output_columns=4 split_count=1 duration_us=1889516
[2026-07-01 08:02:16.021] [info] [gpu_pipeline_task.cpp:311] [stage-audit] pipeline_id=20 task_id=28 operator_id=63 operator_name=GPU_SCAN stage_kind=SCAN operator_type=94 input_type=GPU_SCAN output_type=PIPELINEABLE actual_gpu=1 pipeline_operator_count=1 input_batches=0 input_rows=0 input_columns=0 input_bytes=0 output_batches=1 output_rows=4850748 output_columns=3 output_bytes=118237152 byte_ratio=0.000000 row_ratio=0.000000 duration_us=2004226
[2026-07-01 08:02:16.022] [info] [task_creator.cpp:352] [locality-audit] task_create operator_id=65 input_bytes=118237152 local_bytes=118237152 gpu_source_bytes=118237152 host_source_bytes=0 disk_source_bytes=0 gpu_sources=1 host_sources=0 preferred_device=1
[2026-07-01 08:02:16.022] [info] [task_scheduler.cpp:367] [mgpu-audit] pipeline_task dispatched to GPU 1 task_id=49
[2026-07-01 08:02:16.022] [info] [task_scheduler.cpp:369] [locality-audit] dispatch task_id=49 preferred_device=1 actual_gpu=1
[2026-07-01 08:02:16.022] [info] [gpu_pipeline_task.cpp:182] [locality-audit] prepare_before pipeline_id=21 task_id=49 preferred_device=1 actual_gpu=1 target_tier=GPU target_device=1 input_bytes=118237152 local_bytes=118237152 remote_gpu_bytes=0 host_bytes=0 disk_bytes=0 batch_count=1
[2026-07-01 08:02:16.022] [info] [gpu_pipeline_task.cpp:182] [locality-audit] prepare_after pipeline_id=21 task_id=49 preferred_device=1 actual_gpu=1 target_tier=GPU target_device=1 input_bytes=118237152 local_bytes=118237152 remote_gpu_bytes=0 host_bytes=0 disk_bytes=0 batch_count=1
[2026-07-01 08:02:16.022] [info] [gpu_pipeline_task.cpp:311] [stage-audit] pipeline_id=21 task_id=49 operator_id=65 operator_name=PARTITION stage_kind=PARTITION operator_type=82 input_type=PIPELINEABLE output_type=PIPELINEABLE actual_gpu=1 pipeline_operator_count=1 input_batches=1 input_rows=4850748 input_columns=3 input_bytes=118237152 output_batches=1 output_rows=4850748 output_columns=3 output_bytes=118237152 byte_ratio=1.000000 row_ratio=1.000000 duration_us=1
[2026-07-01 08:02:16.195] [info] [parquet_gpu_ingestible.cpp:696] [scan-audit] parquet_materialize target_gpu=0 files=/mnt/nvme/dataset/lineitem.parquet columns=l_partkey,l_suppkey,l_quantity,l_shipdate row_groups=1548,1549,1550,1551,1552,1553,1554,1555,1556,1557,1558,1559,1560,1561,1562,1563,1564,1565,1566,1567,1568,1569,1570,1571,1572,1573,1574,1575,1576,1577,1578,1579,1580,1581,1582,1583,1584,1585,1586,1587,1588,1589,1590,1591,1592,1593,1594,1595,1596,1597,1598,1599,1600,1601,1602,1603,1604,1605,1606,1607,1608,1609,1610,1611,1612,1613,1614,1615,1616,1617,1618,1619,1620,1621,1622,1623,1624,1625,1626,1627,1628,1629,1630,1631,1632,1633,1634,1635,1636,1637,1638,1639,1640,1641,1642,1643,1644,1645,1646,1647,1648,1649,1650,1651,1652,1653,1654,1655,1656,1657,1658,1659,1660,1661,1662,1663,1664,1665,1666,1667,1668,1669,1670,1671,1672,1673,1674,1675,1676,1677,1678,1679,1680,1681,1682,1683,1684,1685,1686,1687,1688,1689,1690,1691,1692,1693,1694,1695,1696,1697,1698,1699,1700,1701,1702,1703,1704,1705,1706,1707,1708,1709,1710,1711,1712,1713,1714,1715,1716,1717,1718,1719,1720,1721,1722,1723,1724,1725,1726,1727,1728,1729,1730,1731,1732,1733,1734,1735,1736,1737,1738,1739,1740,1741,1742,1743,1744,1745,1746,1747,1748,1749,1750,1751,1752,1753,1754,1755,1756,1757,1758,1759,1760,1761,1762,1763,1764,1765,1766,1767,1768,1769,1770,1771,1772,1773,1774,1775,1776,1777,1778,1779,1780,1781,1782,1783,1784,1785,1786,1787,1788,1789,1790,1791,1792,1793,1794,1795,1796,1797,1798,1799,1800,1801,1802,1803,1804 compressed_bytes=407243998 uncompressed_bytes=536453613 column_bytes=l_partkey:174268073:256092391,l_suppkey:157953942:256092391,l_quantity:24229153:24268831,l_shipdate:50792830:50788368 output_rows=4855760 output_columns=4 split_count=1 duration_us=2063271
[2026-07-01 08:02:16.195] [info] [gpu_pipeline_task.cpp:311] [stage-audit] pipeline_id=20 task_id=27 operator_id=63 operator_name=GPU_SCAN stage_kind=SCAN operator_type=94 input_type=GPU_SCAN output_type=PIPELINEABLE actual_gpu=0 pipeline_operator_count=1 input_batches=0 input_rows=0 input_columns=0 input_bytes=0 output_batches=1 output_rows=4855760 output_columns=3 output_bytes=118359168 byte_ratio=0.000000 row_ratio=0.000000 duration_us=2177962
[2026-07-01 08:02:16.195] [info] [task_creator.cpp:352] [locality-audit] task_create operator_id=65 input_bytes=118359168 local_bytes=118359168 gpu_source_bytes=118359168 host_source_bytes=0 disk_source_bytes=0 gpu_sources=1 host_sources=0 preferred_device=0
[2026-07-01 08:02:16.195] [info] [task_scheduler.cpp:367] [mgpu-audit] pipeline_task dispatched to GPU 0 task_id=43
[2026-07-01 08:02:16.195] [info] [task_scheduler.cpp:369] [locality-audit] dispatch task_id=43 preferred_device=0 actual_gpu=0
[2026-07-01 08:02:16.195] [info] [gpu_pipeline_task.cpp:182] [locality-audit] prepare_before pipeline_id=21 task_id=43 preferred_device=0 actual_gpu=0 target_tier=GPU target_device=0 input_bytes=118244496 local_bytes=118244496 remote_gpu_bytes=0 host_bytes=0 disk_bytes=0 batch_count=1
[2026-07-01 08:02:16.195] [info] [gpu_pipeline_task.cpp:182] [locality-audit] prepare_after pipeline_id=21 task_id=43 preferred_device=0 actual_gpu=0 target_tier=GPU target_device=0 input_bytes=118244496 local_bytes=118244496 remote_gpu_bytes=0 host_bytes=0 disk_bytes=0 batch_count=1
[2026-07-01 08:02:16.195] [info] [gpu_pipeline_task.cpp:311] [stage-audit] pipeline_id=21 task_id=43 operator_id=65 operator_name=PARTITION stage_kind=PARTITION operator_type=82 input_type=PIPELINEABLE output_type=PIPELINEABLE actual_gpu=0 pipeline_operator_count=1 input_batches=1 input_rows=4851054 input_columns=3 input_bytes=118244496 output_batches=1 output_rows=4851054 output_columns=3 output_bytes=118244496 byte_ratio=1.000000 row_ratio=1.000000 duration_us=1
[2026-07-01 08:02:16.195] [info] [task_scheduler.cpp:367] [mgpu-audit] pipeline_task dispatched to GPU 0 task_id=46
[2026-07-01 08:02:16.195] [info] [task_scheduler.cpp:369] [locality-audit] dispatch task_id=46 preferred_device=0 actual_gpu=0
[2026-07-01 08:02:16.195] [info] [gpu_pipeline_task.cpp:182] [locality-audit] prepare_before pipeline_id=22 task_id=46 preferred_device=0 actual_gpu=0 target_tier=GPU target_device=0 input_bytes=473168112 local_bytes=0 remote_gpu_bytes=473168112 host_bytes=0 disk_bytes=0 batch_count=4
[2026-07-01 08:02:16.231] [info] [gpu_pipeline_task.cpp:182] [locality-audit] prepare_after pipeline_id=22 task_id=46 preferred_device=0 actual_gpu=0 target_tier=GPU target_device=0 input_bytes=473168112 local_bytes=473168112 remote_gpu_bytes=0 host_bytes=0 disk_bytes=0 batch_count=4
[2026-07-01 08:02:16.243] [info] [gpu_pipeline_task.cpp:311] [stage-audit] pipeline_id=22 task_id=46 operator_id=64 operator_name=CONCAT stage_kind=CONCAT operator_type=83 input_type=PARTITIONED output_type=PARTITIONED actual_gpu=0 pipeline_operator_count=1 input_batches=4 input_rows=19412010 input_columns=12 input_bytes=473168112 output_batches=1 output_rows=19412010 output_columns=3 output_bytes=465888240 byte_ratio=0.984615 row_ratio=1.000000 duration_us=11608
[2026-07-01 08:02:16.243] [info] [task_scheduler.cpp:367] [mgpu-audit] pipeline_task dispatched to GPU 0 task_id=47
[2026-07-01 08:02:16.243] [info] [task_scheduler.cpp:369] [locality-audit] dispatch task_id=47 preferred_device=0 actual_gpu=0
[2026-07-01 08:02:16.243] [info] [task_scheduler.cpp:367] [mgpu-audit] pipeline_task dispatched to GPU 3 task_id=51
[2026-07-01 08:02:16.243] [info] [task_scheduler.cpp:369] [locality-audit] dispatch task_id=51 preferred_device=3 actual_gpu=3
[2026-07-01 08:02:16.243] [info] [gpu_pipeline_task.cpp:182] [locality-audit] prepare_before pipeline_id=22 task_id=47 preferred_device=0 actual_gpu=0 target_tier=GPU target_device=0 input_bytes=118690896 local_bytes=0 remote_gpu_bytes=118690896 host_bytes=0 disk_bytes=0 batch_count=1
[2026-07-01 08:02:16.243] [info] [gpu_pipeline_task.cpp:182] [locality-audit] prepare_before pipeline_id=23 task_id=51 preferred_device=3 actual_gpu=3 target_tier=GPU target_device=3 input_bytes=479822384 local_bytes=0 remote_gpu_bytes=479822384 host_bytes=0 disk_bytes=0 batch_count=2
[2026-07-01 08:02:16.250] [info] [gpu_pipeline_task.cpp:182] [locality-audit] prepare_after pipeline_id=22 task_id=47 preferred_device=0 actual_gpu=0 target_tier=GPU target_device=0 input_bytes=118690896 local_bytes=118690896 remote_gpu_bytes=0 host_bytes=0 disk_bytes=0 batch_count=1
[2026-07-01 08:02:16.250] [info] [gpu_pipeline_task.cpp:311] [stage-audit] pipeline_id=22 task_id=47 operator_id=64 operator_name=CONCAT stage_kind=CONCAT operator_type=83 input_type=PARTITIONED output_type=PARTITIONED actual_gpu=0 pipeline_operator_count=1 input_batches=1 input_rows=4869366 input_columns=3 input_bytes=118690896 output_batches=1 output_rows=4869366 output_columns=3 output_bytes=118690896 byte_ratio=1.000000 row_ratio=1.000000 duration_us=1
[2026-07-01 08:02:16.250] [info] [task_scheduler.cpp:367] [mgpu-audit] pipeline_task dispatched to GPU 0 task_id=50
[2026-07-01 08:02:16.250] [info] [task_scheduler.cpp:369] [locality-audit] dispatch task_id=50 preferred_device=0 actual_gpu=0
[2026-07-01 08:02:16.250] [info] [gpu_pipeline_task.cpp:182] [locality-audit] prepare_before pipeline_id=21 task_id=50 preferred_device=0 actual_gpu=0 target_tier=GPU target_device=0 input_bytes=118359168 local_bytes=118359168 remote_gpu_bytes=0 host_bytes=0 disk_bytes=0 batch_count=1
[2026-07-01 08:02:16.250] [info] [gpu_pipeline_task.cpp:182] [locality-audit] prepare_after pipeline_id=21 task_id=50 preferred_device=0 actual_gpu=0 target_tier=GPU target_device=0 input_bytes=118359168 local_bytes=118359168 remote_gpu_bytes=0 host_bytes=0 disk_bytes=0 batch_count=1
[2026-07-01 08:02:16.250] [info] [gpu_pipeline_task.cpp:311] [stage-audit] pipeline_id=21 task_id=50 operator_id=65 operator_name=PARTITION stage_kind=PARTITION operator_type=82 input_type=PIPELINEABLE output_type=PIPELINEABLE actual_gpu=0 pipeline_operator_count=1 input_batches=1 input_rows=4855760 input_columns=3 input_bytes=118359168 output_batches=1 output_rows=4855760 output_columns=3 output_bytes=118359168 byte_ratio=1.000000 row_ratio=1.000000 duration_us=3
[2026-07-01 08:02:16.267] [info] [gpu_pipeline_task.cpp:182] [locality-audit] prepare_after pipeline_id=23 task_id=51 preferred_device=3 actual_gpu=3 target_tier=GPU target_device=3 input_bytes=479822384 local_bytes=479822384 remote_gpu_bytes=0 host_bytes=0 disk_bytes=0 batch_count=2
[2026-07-01 08:02:16.281] [info] [gpu_pipeline_task.cpp:311] [stage-audit] pipeline_id=23 task_id=51 operator_id=27 operator_name=HASH_JOIN stage_kind=JOIN operator_type=33 input_type=PARTITIONED output_type=PIPELINEABLE actual_gpu=3 pipeline_operator_count=3 input_batches=2 input_rows=20282894 input_columns=5 input_bytes=479822384 output_batches=1 output_rows=211339 output_columns=5 output_bytes=8453560 byte_ratio=0.017618 row_ratio=0.010420 duration_us=13907
[2026-07-01 08:02:16.281] [info] [gpu_pipeline_task.cpp:311] [stage-audit] pipeline_id=23 task_id=51 operator_id=30 operator_name=PROJECTION stage_kind=PROJECTION operator_type=13 input_type=PIPELINEABLE output_type=PIPELINEABLE actual_gpu=3 pipeline_operator_count=3 input_batches=1 input_rows=211339 input_columns=5 input_bytes=8453560 output_batches=1 output_rows=211339 output_columns=3 output_bytes=5072136 byte_ratio=0.600000 row_ratio=1.000000 duration_us=165
[2026-07-01 08:02:16.302] [info] [gpu_pipeline_task.cpp:311] [stage-audit] pipeline_id=23 task_id=51 operator_id=31 operator_name=HASH_GROUP_BY stage_kind=AGGREGATE operator_type=9 input_type=PIPELINEABLE output_type=PIPELINEABLE actual_gpu=3 pipeline_operator_count=3 input_batches=1 input_rows=211339 input_columns=3 input_bytes=5072136 output_batches=1 output_rows=187886 output_columns=3 output_bytes=6012352 byte_ratio=1.185369 row_ratio=0.889027 duration_us=20307
[2026-07-01 08:02:16.302] [info] [task_scheduler.cpp:367] [mgpu-audit] pipeline_task dispatched to GPU 3 task_id=52
[2026-07-01 08:02:16.302] [info] [task_scheduler.cpp:369] [locality-audit] dispatch task_id=52 preferred_device=3 actual_gpu=3
[2026-07-01 08:02:16.302] [info] [gpu_pipeline_task.cpp:182] [locality-audit] prepare_before pipeline_id=23 task_id=52 preferred_device=3 actual_gpu=3 target_tier=GPU target_device=3 input_bytes=118690896 local_bytes=0 remote_gpu_bytes=118690896 host_bytes=0 disk_bytes=0 batch_count=1
[2026-07-01 08:02:16.308] [info] [gpu_pipeline_task.cpp:182] [locality-audit] prepare_after pipeline_id=23 task_id=52 preferred_device=3 actual_gpu=3 target_tier=GPU target_device=3 input_bytes=118690896 local_bytes=118690896 remote_gpu_bytes=0 host_bytes=0 disk_bytes=0 batch_count=1
[2026-07-01 08:02:16.310] [info] [gpu_pipeline_task.cpp:311] [stage-audit] pipeline_id=23 task_id=52 operator_id=27 operator_name=HASH_JOIN stage_kind=JOIN operator_type=33 input_type=PARTITIONED output_type=PIPELINEABLE actual_gpu=3 pipeline_operator_count=3 input_batches=1 input_rows=4869366 input_columns=3 input_bytes=118690896 output_batches=1 output_rows=53278 output_columns=5 output_bytes=2151280 byte_ratio=0.018125 row_ratio=0.010941 duration_us=2088
[2026-07-01 08:02:16.310] [info] [gpu_pipeline_task.cpp:311] [stage-audit] pipeline_id=23 task_id=52 operator_id=30 operator_name=PROJECTION stage_kind=PROJECTION operator_type=13 input_type=PIPELINEABLE output_type=PIPELINEABLE actual_gpu=3 pipeline_operator_count=3 input_batches=1 input_rows=53278 input_columns=5 input_bytes=2151280 output_batches=1 output_rows=53278 output_columns=3 output_bytes=1298832 byte_ratio=0.603748 row_ratio=1.000000 duration_us=72
[2026-07-01 08:02:16.311] [info] [gpu_pipeline_task.cpp:311] [stage-audit] pipeline_id=23 task_id=52 operator_id=31 operator_name=HASH_GROUP_BY stage_kind=AGGREGATE operator_type=9 input_type=PIPELINEABLE output_type=PIPELINEABLE actual_gpu=3 pipeline_operator_count=3 input_batches=1 input_rows=53278 input_columns=3 input_bytes=1298832 output_batches=1 output_rows=51647 output_columns=3 output_bytes=1665632 byte_ratio=1.282408 row_ratio=0.969387 duration_us=640
[2026-07-01 08:02:16.363] [info] [parquet_gpu_ingestible.cpp:696] [scan-audit] parquet_materialize target_gpu=1 files=/mnt/nvme/dataset/lineitem.parquet columns=l_partkey,l_suppkey,l_quantity,l_shipdate row_groups=2833,2834,2835,2836,2837,2838,2839,2840,2841,2842,2843,2844,2845,2846,2847,2848,2849,2850,2851,2852,2853,2854,2855,2856,2857,2858,2859,2860,2861,2862,2863,2864,2865,2866,2867,2868,2869,2870,2871,2872,2873,2874,2875,2876,2877,2878,2879,2880,2881,2882,2883,2884,2885,2886,2887,2888,2889,2890,2891,2892,2893,2894,2895,2896,2897,2898,2899,2900,2901,2902,2903,2904,2905,2906,2907,2908,2909,2910,2911,2912,2913,2914,2915,2916,2917,2918,2919,2920,2921,2922,2923,2924,2925,2926,2927,2928,2929,2930,2931,2932,2933,2934,2935,2936,2937,2938,2939,2940,2941,2942,2943,2944,2945,2946,2947,2948,2949,2950,2951,2952,2953,2954,2955,2956,2957,2958,2959,2960,2961,2962,2963,2964,2965,2966,2967,2968,2969,2970,2971,2972,2973,2974,2975,2976,2977,2978,2979,2980,2981,2982,2983,2984,2985,2986,2987,2988,2989,2990,2991,2992,2993,2994,2995,2996,2997,2998,2999,3000,3001,3002,3003,3004,3005,3006,3007,3008,3009,3010,3011,3012,3013,3014,3015,3016,3017,3018,3019,3020,3021,3022,3023,3024,3025,3026,3027,3028,3029,3030,3031,3032,3033,3034,3035,3036,3037,3038,3039,3040,3041,3042,3043,3044,3045,3046,3047,3048,3049,3050,3051,3052,3053,3054,3055,3056,3057,3058,3059,3060,3061,3062,3063,3064,3065,3066,3067,3068,3069,3070,3071,3072,3073,3074,3075,3076,3077,3078,3079,3080,3081,3082,3083,3084,3085,3086,3087,3088,3089 compressed_bytes=407254774 uncompressed_bytes=536465758 column_bytes=l_partkey:174274994:256098367,l_suppkey:157957020:256098367,l_quantity:24229366:24269024,l_shipdate:50793394:50788929 output_rows=4856099 output_columns=4 split_count=1 duration_us=2233259
[2026-07-01 08:02:16.363] [info] [gpu_pipeline_task.cpp:311] [stage-audit] pipeline_id=20 task_id=32 operator_id=63 operator_name=GPU_SCAN stage_kind=SCAN operator_type=94 input_type=GPU_SCAN output_type=PIPELINEABLE actual_gpu=1 pipeline_operator_count=1 input_batches=0 input_rows=0 input_columns=0 input_bytes=0 output_batches=1 output_rows=4856099 output_columns=3 output_bytes=118367496 byte_ratio=0.000000 row_ratio=0.000000 duration_us=2345860
[2026-07-01 08:02:16.363] [info] [task_creator.cpp:352] [locality-audit] task_create operator_id=65 input_bytes=118367496 local_bytes=118367496 gpu_source_bytes=118367496 host_source_bytes=0 disk_source_bytes=0 gpu_sources=1 host_sources=0 preferred_device=1
[2026-07-01 08:02:16.363] [info] [task_scheduler.cpp:367] [mgpu-audit] pipeline_task dispatched to GPU 1 task_id=53
[2026-07-01 08:02:16.363] [info] [task_scheduler.cpp:369] [locality-audit] dispatch task_id=53 preferred_device=1 actual_gpu=1
[2026-07-01 08:02:16.363] [info] [gpu_pipeline_task.cpp:182] [locality-audit] prepare_before pipeline_id=21 task_id=53 preferred_device=1 actual_gpu=1 target_tier=GPU target_device=1 input_bytes=118367496 local_bytes=118367496 remote_gpu_bytes=0 host_bytes=0 disk_bytes=0 batch_count=1
[2026-07-01 08:02:16.363] [info] [gpu_pipeline_task.cpp:182] [locality-audit] prepare_after pipeline_id=21 task_id=53 preferred_device=1 actual_gpu=1 target_tier=GPU target_device=1 input_bytes=118367496 local_bytes=118367496 remote_gpu_bytes=0 host_bytes=0 disk_bytes=0 batch_count=1
[2026-07-01 08:02:16.363] [info] [gpu_pipeline_task.cpp:311] [stage-audit] pipeline_id=21 task_id=53 operator_id=65 operator_name=PARTITION stage_kind=PARTITION operator_type=82 input_type=PIPELINEABLE output_type=PIPELINEABLE actual_gpu=1 pipeline_operator_count=1 input_batches=1 input_rows=4856099 input_columns=3 input_bytes=118367496 output_batches=1 output_rows=4856099 output_columns=3 output_bytes=118367496 byte_ratio=1.000000 row_ratio=1.000000 duration_us=3
[2026-07-01 08:02:16.363] [info] [task_scheduler.cpp:367] [mgpu-audit] pipeline_task dispatched to GPU 0 task_id=54
[2026-07-01 08:02:16.363] [info] [task_scheduler.cpp:369] [locality-audit] dispatch task_id=54 preferred_device=0 actual_gpu=0
[2026-07-01 08:02:16.364] [info] [gpu_pipeline_task.cpp:182] [locality-audit] prepare_before pipeline_id=22 task_id=54 preferred_device=0 actual_gpu=0 target_tier=GPU target_device=0 input_bytes=473071920 local_bytes=236603664 remote_gpu_bytes=236468256 host_bytes=0 disk_bytes=0 batch_count=4
[2026-07-01 08:02:16.377] [info] [parquet_gpu_ingestible.cpp:696] [scan-audit] parquet_materialize target_gpu=0 files=/mnt/nvme/dataset/lineitem.parquet columns=l_partkey,l_suppkey,l_quantity,l_shipdate row_groups=2576,2577,2578,2579,2580,2581,2582,2583,2584,2585,2586,2587,2588,2589,2590,2591,2592,2593,2594,2595,2596,2597,2598,2599,2600,2601,2602,2603,2604,2605,2606,2607,2608,2609,2610,2611,2612,2613,2614,2615,2616,2617,2618,2619,2620,2621,2622,2623,2624,2625,2626,2627,2628,2629,2630,2631,2632,2633,2634,2635,2636,2637,2638,2639,2640,2641,2642,2643,2644,2645,2646,2647,2648,2649,2650,2651,2652,2653,2654,2655,2656,2657,2658,2659,2660,2661,2662,2663,2664,2665,2666,2667,2668,2669,2670,2671,2672,2673,2674,2675,2676,2677,2678,2679,2680,2681,2682,2683,2684,2685,2686,2687,2688,2689,2690,2691,2692,2693,2694,2695,2696,2697,2698,2699,2700,2701,2702,2703,2704,2705,2706,2707,2708,2709,2710,2711,2712,2713,2714,2715,2716,2717,2718,2719,2720,2721,2722,2723,2724,2725,2726,2727,2728,2729,2730,2731,2732,2733,2734,2735,2736,2737,2738,2739,2740,2741,2742,2743,2744,2745,2746,2747,2748,2749,2750,2751,2752,2753,2754,2755,2756,2757,2758,2759,2760,2761,2762,2763,2764,2765,2766,2767,2768,2769,2770,2771,2772,2773,2774,2775,2776,2777,2778,2779,2780,2781,2782,2783,2784,2785,2786,2787,2788,2789,2790,2791,2792,2793,2794,2795,2796,2797,2798,2799,2800,2801,2802,2803,2804,2805,2806,2807,2808,2809,2810,2811,2812,2813,2814,2815,2816,2817,2818,2819,2820,2821,2822,2823,2824,2825,2826,2827,2828,2829,2830,2831,2832 compressed_bytes=407260000 uncompressed_bytes=536471055 column_bytes=l_partkey:174276560:256101111,l_suppkey:157961169:256101111,l_quantity:24229241:24268833,l_shipdate:50793030:50788560 output_rows=4854012 output_columns=4 split_count=1 duration_us=2246073
[2026-07-01 08:02:16.378] [info] [gpu_pipeline_task.cpp:311] [stage-audit] pipeline_id=20 task_id=31 operator_id=63 operator_name=GPU_SCAN stage_kind=SCAN operator_type=94 input_type=GPU_SCAN output_type=PIPELINEABLE actual_gpu=0 pipeline_operator_count=1 input_batches=0 input_rows=0 input_columns=0 input_bytes=0 output_batches=1 output_rows=4854012 output_columns=3 output_bytes=118316640 byte_ratio=0.000000 row_ratio=0.000000 duration_us=2360395
[2026-07-01 08:02:16.378] [info] [task_scheduler.cpp:367] [mgpu-audit] pipeline_task dispatched to GPU 0 task_id=55
[2026-07-01 08:02:16.378] [info] [task_scheduler.cpp:369] [locality-audit] dispatch task_id=55 preferred_device=0 actual_gpu=0
[2026-07-01 08:02:16.378] [info] [gpu_pipeline_task.cpp:182] [locality-audit] prepare_before pipeline_id=22 task_id=55 preferred_device=0 actual_gpu=0 target_tier=GPU target_device=0 input_bytes=118367496 local_bytes=0 remote_gpu_bytes=118367496 host_bytes=0 disk_bytes=0 batch_count=1
[2026-07-01 08:02:16.378] [info] [task_creator.cpp:352] [locality-audit] task_create operator_id=65 input_bytes=118316640 local_bytes=118316640 gpu_source_bytes=118316640 host_source_bytes=0 disk_source_bytes=0 gpu_sources=1 host_sources=0 preferred_device=0
[2026-07-01 08:02:16.391] [info] [gpu_pipeline_task.cpp:182] [locality-audit] prepare_after pipeline_id=22 task_id=54 preferred_device=0 actual_gpu=0 target_tier=GPU target_device=0 input_bytes=473071920 local_bytes=473071920 remote_gpu_bytes=0 host_bytes=0 disk_bytes=0 batch_count=4
[2026-07-01 08:02:16.404] [info] [gpu_pipeline_task.cpp:182] [locality-audit] prepare_after pipeline_id=22 task_id=55 preferred_device=0 actual_gpu=0 target_tier=GPU target_device=0 input_bytes=118367496 local_bytes=118367496 remote_gpu_bytes=0 host_bytes=0 disk_bytes=0 batch_count=1
[2026-07-01 08:02:16.404] [info] [parquet_gpu_ingestible.cpp:696] [scan-audit] parquet_materialize target_gpu=1 files=/mnt/nvme/dataset/lineitem.parquet columns=l_partkey,l_suppkey,l_quantity,l_shipdate row_groups=777,778,779,780,781,782,783,784,785,786,787,788,789,790,791,792,793,794,795,796,797,798,799,800,801,802,803,804,805,806,807,808,809,810,811,812,813,814,815,816,817,818,819,820,821,822,823,824,825,826,827,828,829,830,831,832,833,834,835,836,837,838,839,840,841,842,843,844,845,846,847,848,849,850,851,852,853,854,855,856,857,858,859,860,861,862,863,864,865,866,867,868,869,870,871,872,873,874,875,876,877,878,879,880,881,882,883,884,885,886,887,888,889,890,891,892,893,894,895,896,897,898,899,900,901,902,903,904,905,906,907,908,909,910,911,912,913,914,915,916,917,918,919,920,921,922,923,924,925,926,927,928,929,930,931,932,933,934,935,936,937,938,939,940,941,942,943,944,945,946,947,948,949,950,951,952,953,954,955,956,957,958,959,960,961,962,963,964,965,966,967,968,969,970,971,972,973,974,975,976,977,978,979,980,981,982,983,984,985,986,987,988,989,990,991,992,993,994,995,996,997,998,999,1000,1001,1002,1003,1004,1005,1006,1007,1008,1009,1010,1011,1012,1013,1014,1015,1016,1017,1018,1019,1020,1021,1022,1023,1024,1025,1026,1027,1028,1029,1030,1031,1032,1033 compressed_bytes=406803891 uncompressed_bytes=535861767 column_bytes=l_partkey:174079199:255809399,l_suppkey:157780157:255809399,l_quantity:24203277:24242969,l_shipdate:50741258:50736774 output_rows=4849699 output_columns=4 split_count=1 duration_us=2273361
[2026-07-01 08:02:16.404] [info] [gpu_pipeline_task.cpp:311] [stage-audit] pipeline_id=22 task_id=55 operator_id=64 operator_name=CONCAT stage_kind=CONCAT operator_type=83 input_type=PARTITIONED output_type=PARTITIONED actual_gpu=0 pipeline_operator_count=1 input_batches=1 input_rows=4856099 input_columns=3 input_bytes=118367496 output_batches=1 output_rows=4856099 output_columns=3 output_bytes=118367496 byte_ratio=1.000000 row_ratio=1.000000 duration_us=5
[2026-07-01 08:02:16.404] [info] [gpu_pipeline_task.cpp:311] [stage-audit] pipeline_id=20 task_id=24 operator_id=63 operator_name=GPU_SCAN stage_kind=SCAN operator_type=94 input_type=GPU_SCAN output_type=PIPELINEABLE actual_gpu=1 pipeline_operator_count=1 input_batches=0 input_rows=0 input_columns=0 input_bytes=0 output_batches=1 output_rows=4849699 output_columns=3 output_bytes=118211592 byte_ratio=0.000000 row_ratio=0.000000 duration_us=2386963
[2026-07-01 08:02:16.404] [info] [task_scheduler.cpp:367] [mgpu-audit] pipeline_task dispatched to GPU 0 task_id=56
[2026-07-01 08:02:16.404] [info] [task_scheduler.cpp:369] [locality-audit] dispatch task_id=56 preferred_device=0 actual_gpu=0
[2026-07-01 08:02:16.404] [info] [task_scheduler.cpp:367] [mgpu-audit] pipeline_task dispatched to GPU 3 task_id=57
[2026-07-01 08:02:16.404] [info] [task_scheduler.cpp:369] [locality-audit] dispatch task_id=57 preferred_device=3 actual_gpu=3
[2026-07-01 08:02:16.404] [info] [gpu_pipeline_task.cpp:182] [locality-audit] prepare_before pipeline_id=21 task_id=56 preferred_device=0 actual_gpu=0 target_tier=GPU target_device=0 input_bytes=118316640 local_bytes=118316640 remote_gpu_bytes=0 host_bytes=0 disk_bytes=0 batch_count=1
[2026-07-01 08:02:16.404] [info] [gpu_pipeline_task.cpp:182] [locality-audit] prepare_after pipeline_id=21 task_id=56 preferred_device=0 actual_gpu=0 target_tier=GPU target_device=0 input_bytes=118316640 local_bytes=118316640 remote_gpu_bytes=0 host_bytes=0 disk_bytes=0 batch_count=1
[2026-07-01 08:02:16.404] [info] [task_creator.cpp:352] [locality-audit] task_create operator_id=65 input_bytes=118211592 local_bytes=118211592 gpu_source_bytes=118211592 host_source_bytes=0 disk_source_bytes=0 gpu_sources=1 host_sources=0 preferred_device=1
[2026-07-01 08:02:16.404] [info] [gpu_pipeline_task.cpp:311] [stage-audit] pipeline_id=21 task_id=56 operator_id=65 operator_name=PARTITION stage_kind=PARTITION operator_type=82 input_type=PIPELINEABLE output_type=PIPELINEABLE actual_gpu=0 pipeline_operator_count=1 input_batches=1 input_rows=4854012 input_columns=3 input_bytes=118316640 output_batches=1 output_rows=4854012 output_columns=3 output_bytes=118316640 byte_ratio=1.000000 row_ratio=1.000000 duration_us=4
[2026-07-01 08:02:16.404] [info] [task_scheduler.cpp:367] [mgpu-audit] pipeline_task dispatched to GPU 1 task_id=58
[2026-07-01 08:02:16.404] [info] [gpu_pipeline_task.cpp:182] [locality-audit] prepare_before pipeline_id=23 task_id=57 preferred_device=3 actual_gpu=3 target_tier=GPU target_device=3 input_bytes=118367496 local_bytes=0 remote_gpu_bytes=118367496 host_bytes=0 disk_bytes=0 batch_count=1
[2026-07-01 08:02:16.404] [info] [task_scheduler.cpp:369] [locality-audit] dispatch task_id=58 preferred_device=1 actual_gpu=1
[2026-07-01 08:02:16.404] [info] [gpu_pipeline_task.cpp:182] [locality-audit] prepare_before pipeline_id=21 task_id=58 preferred_device=1 actual_gpu=1 target_tier=GPU target_device=1 input_bytes=118211592 local_bytes=118211592 remote_gpu_bytes=0 host_bytes=0 disk_bytes=0 batch_count=1
[2026-07-01 08:02:16.404] [info] [gpu_pipeline_task.cpp:182] [locality-audit] prepare_after pipeline_id=21 task_id=58 preferred_device=1 actual_gpu=1 target_tier=GPU target_device=1 input_bytes=118211592 local_bytes=118211592 remote_gpu_bytes=0 host_bytes=0 disk_bytes=0 batch_count=1
[2026-07-01 08:02:16.404] [info] [gpu_pipeline_task.cpp:311] [stage-audit] pipeline_id=21 task_id=58 operator_id=65 operator_name=PARTITION stage_kind=PARTITION operator_type=82 input_type=PIPELINEABLE output_type=PIPELINEABLE actual_gpu=1 pipeline_operator_count=1 input_batches=1 input_rows=4849699 input_columns=3 input_bytes=118211592 output_batches=1 output_rows=4849699 output_columns=3 output_bytes=118211592 byte_ratio=1.000000 row_ratio=1.000000 duration_us=2
[2026-07-01 08:02:16.414] [info] [gpu_pipeline_task.cpp:311] [stage-audit] pipeline_id=22 task_id=54 operator_id=64 operator_name=CONCAT stage_kind=CONCAT operator_type=83 input_type=PARTITIONED output_type=PARTITIONED actual_gpu=0 pipeline_operator_count=1 input_batches=4 input_rows=19408066 input_columns=12 input_bytes=473071920 output_batches=1 output_rows=19408066 output_columns=3 output_bytes=465793584 byte_ratio=0.984615 row_ratio=1.000000 duration_us=22617
[2026-07-01 08:02:16.414] [info] [task_scheduler.cpp:367] [mgpu-audit] pipeline_task dispatched to GPU 3 task_id=59
[2026-07-01 08:02:16.414] [info] [task_scheduler.cpp:369] [locality-audit] dispatch task_id=59 preferred_device=3 actual_gpu=3
[2026-07-01 08:02:16.414] [info] [gpu_pipeline_task.cpp:182] [locality-audit] prepare_before pipeline_id=23 task_id=59 preferred_device=3 actual_gpu=3 target_tier=GPU target_device=3 input_bytes=465793584 local_bytes=0 remote_gpu_bytes=465793584 host_bytes=0 disk_bytes=0 batch_count=1
[2026-07-01 08:02:16.438] [info] [gpu_pipeline_task.cpp:182] [locality-audit] prepare_after pipeline_id=23 task_id=59 preferred_device=3 actual_gpu=3 target_tier=GPU target_device=3 input_bytes=465793584 local_bytes=465793584 remote_gpu_bytes=0 host_bytes=0 disk_bytes=0 batch_count=1
[2026-07-01 08:02:16.442] [info] [gpu_pipeline_task.cpp:182] [locality-audit] prepare_after pipeline_id=23 task_id=57 preferred_device=3 actual_gpu=3 target_tier=GPU target_device=3 input_bytes=118367496 local_bytes=118367496 remote_gpu_bytes=0 host_bytes=0 disk_bytes=0 batch_count=1
[2026-07-01 08:02:16.446] [info] [gpu_pipeline_task.cpp:311] [stage-audit] pipeline_id=23 task_id=59 operator_id=27 operator_name=HASH_JOIN stage_kind=JOIN operator_type=33 input_type=PARTITIONED output_type=PIPELINEABLE actual_gpu=3 pipeline_operator_count=3 input_batches=1 input_rows=19408066 input_columns=3 input_bytes=465793584 output_batches=1 output_rows=211997 output_columns=5 output_bytes=8479880 byte_ratio=0.018205 row_ratio=0.010923 duration_us=8119
[2026-07-01 08:02:16.447] [info] [gpu_pipeline_task.cpp:311] [stage-audit] pipeline_id=23 task_id=59 operator_id=30 operator_name=PROJECTION stage_kind=PROJECTION operator_type=13 input_type=PIPELINEABLE output_type=PIPELINEABLE actual_gpu=3 pipeline_operator_count=3 input_batches=1 input_rows=211997 input_columns=5 input_bytes=8479880 output_batches=1 output_rows=211997 output_columns=3 output_bytes=5087928 byte_ratio=0.600000 row_ratio=1.000000 duration_us=690
[2026-07-01 08:02:16.449] [info] [gpu_pipeline_task.cpp:311] [stage-audit] pipeline_id=23 task_id=57 operator_id=27 operator_name=HASH_JOIN stage_kind=JOIN operator_type=33 input_type=PARTITIONED output_type=PIPELINEABLE actual_gpu=3 pipeline_operator_count=3 input_batches=1 input_rows=4856099 input_columns=3 input_bytes=118367496 output_batches=1 output_rows=53543 output_columns=5 output_bytes=2161880 byte_ratio=0.018264 row_ratio=0.011026 duration_us=6872
[2026-07-01 08:02:16.449] [info] [gpu_pipeline_task.cpp:311] [stage-audit] pipeline_id=23 task_id=57 operator_id=30 operator_name=PROJECTION stage_kind=PROJECTION operator_type=13 input_type=PIPELINEABLE output_type=PIPELINEABLE actual_gpu=3 pipeline_operator_count=3 input_batches=1 input_rows=53543 input_columns=5 input_bytes=2161880 output_batches=1 output_rows=53543 output_columns=3 output_bytes=1305192 byte_ratio=0.603730 row_ratio=1.000000 duration_us=267
[2026-07-01 08:02:16.450] [info] [gpu_pipeline_task.cpp:311] [stage-audit] pipeline_id=23 task_id=59 operator_id=31 operator_name=HASH_GROUP_BY stage_kind=AGGREGATE operator_type=9 input_type=PIPELINEABLE output_type=PIPELINEABLE actual_gpu=3 pipeline_operator_count=3 input_batches=1 input_rows=211997 input_columns=3 input_bytes=5087928 output_batches=1 output_rows=188249 output_columns=3 output_bytes=6023968 byte_ratio=1.183973 row_ratio=0.887980 duration_us=2874
[2026-07-01 08:02:16.451] [info] [gpu_pipeline_task.cpp:311] [stage-audit] pipeline_id=23 task_id=57 operator_id=31 operator_name=HASH_GROUP_BY stage_kind=AGGREGATE operator_type=9 input_type=PIPELINEABLE output_type=PIPELINEABLE actual_gpu=3 pipeline_operator_count=3 input_batches=1 input_rows=53543 input_columns=3 input_bytes=1305192 output_batches=1 output_rows=51959 output_columns=3 output_bytes=1675744 byte_ratio=1.283906 row_ratio=0.970416 duration_us=1612
[2026-07-01 08:02:16.485] [info] [parquet_gpu_ingestible.cpp:696] [scan-audit] parquet_materialize target_gpu=3 files=/mnt/nvme/dataset/lineitem.parquet columns=l_partkey,l_suppkey,l_quantity,l_shipdate row_groups=3347,3348,3349,3350,3351,3352,3353,3354,3355,3356,3357,3358,3359,3360,3361,3362,3363,3364,3365,3366,3367,3368,3369,3370,3371,3372,3373,3374,3375,3376,3377,3378,3379,3380,3381,3382,3383,3384,3385,3386,3387,3388,3389,3390,3391,3392,3393,3394,3395,3396,3397,3398,3399,3400,3401,3402,3403,3404,3405,3406,3407,3408,3409,3410,3411,3412,3413,3414,3415,3416,3417,3418,3419,3420,3421,3422,3423,3424,3425,3426,3427,3428,3429,3430,3431,3432,3433,3434,3435,3436,3437,3438,3439,3440,3441,3442,3443,3444,3445,3446,3447,3448,3449,3450,3451,3452,3453,3454,3455,3456,3457,3458,3459,3460,3461,3462,3463,3464,3465,3466,3467,3468,3469,3470,3471,3472,3473,3474,3475,3476,3477,3478,3479,3480,3481,3482,3483,3484,3485,3486,3487,3488,3489,3490,3491,3492,3493,3494,3495,3496,3497,3498,3499,3500,3501,3502,3503,3504,3505,3506,3507,3508,3509,3510,3511,3512,3513,3514,3515,3516,3517,3518,3519,3520,3521,3522,3523,3524,3525,3526,3527,3528,3529,3530,3531,3532,3533,3534,3535,3536,3537,3538,3539,3540,3541,3542,3543,3544,3545,3546,3547,3548,3549,3550,3551,3552,3553,3554,3555,3556,3557,3558,3559,3560,3561,3562,3563,3564,3565,3566,3567,3568,3569,3570,3571,3572,3573,3574,3575,3576,3577,3578,3579,3580,3581,3582,3583,3584,3585,3586,3587,3588,3589,3590,3591,3592,3593,3594,3595,3596,3597,3598,3599,3600,3601,3602,3603 compressed_bytes=407254047 uncompressed_bytes=536466155 column_bytes=l_partkey:174274789:256098663,l_suppkey:157957225:256098663,l_quantity:24229133:24268829,l_shipdate:50792900:50788444 output_rows=4857378 output_columns=4 split_count=1 duration_us=1912571
[2026-07-01 08:02:16.485] [info] [gpu_pipeline_task.cpp:311] [stage-audit] pipeline_id=20 task_id=34 operator_id=63 operator_name=GPU_SCAN stage_kind=SCAN operator_type=94 input_type=GPU_SCAN output_type=PIPELINEABLE actual_gpu=3 pipeline_operator_count=1 input_batches=0 input_rows=0 input_columns=0 input_bytes=0 output_batches=1 output_rows=4857378 output_columns=3 output_bytes=118398768 byte_ratio=0.000000 row_ratio=0.000000 duration_us=1968451
[2026-07-01 08:02:16.486] [info] [task_creator.cpp:352] [locality-audit] task_create operator_id=65 input_bytes=118398768 local_bytes=118398768 gpu_source_bytes=118398768 host_source_bytes=0 disk_source_bytes=0 gpu_sources=1 host_sources=0 preferred_device=3
[2026-07-01 08:02:16.486] [info] [task_scheduler.cpp:367] [mgpu-audit] pipeline_task dispatched to GPU 3 task_id=60
[2026-07-01 08:02:16.486] [info] [task_scheduler.cpp:369] [locality-audit] dispatch task_id=60 preferred_device=3 actual_gpu=3
[2026-07-01 08:02:16.486] [info] [gpu_pipeline_task.cpp:182] [locality-audit] prepare_before pipeline_id=21 task_id=60 preferred_device=3 actual_gpu=3 target_tier=GPU target_device=3 input_bytes=118398768 local_bytes=118398768 remote_gpu_bytes=0 host_bytes=0 disk_bytes=0 batch_count=1
[2026-07-01 08:02:16.486] [info] [gpu_pipeline_task.cpp:182] [locality-audit] prepare_after pipeline_id=21 task_id=60 preferred_device=3 actual_gpu=3 target_tier=GPU target_device=3 input_bytes=118398768 local_bytes=118398768 remote_gpu_bytes=0 host_bytes=0 disk_bytes=0 batch_count=1
[2026-07-01 08:02:16.486] [info] [gpu_pipeline_task.cpp:311] [stage-audit] pipeline_id=21 task_id=60 operator_id=65 operator_name=PARTITION stage_kind=PARTITION operator_type=82 input_type=PIPELINEABLE output_type=PIPELINEABLE actual_gpu=3 pipeline_operator_count=1 input_batches=1 input_rows=4857378 input_columns=3 input_bytes=118398768 output_batches=1 output_rows=4857378 output_columns=3 output_bytes=118398768 byte_ratio=1.000000 row_ratio=1.000000 duration_us=2
[2026-07-01 08:02:16.653] [info] [parquet_gpu_ingestible.cpp:696] [scan-audit] parquet_materialize target_gpu=2 files=/mnt/nvme/dataset/lineitem.parquet columns=l_partkey,l_suppkey,l_quantity,l_shipdate row_groups=4118,4119,4120,4121,4122,4123,4124,4125,4126,4127,4128,4129,4130,4131,4132,4133,4134,4135,4136,4137,4138,4139,4140,4141,4142,4143,4144,4145,4146,4147,4148,4149,4150,4151,4152,4153,4154,4155,4156,4157,4158,4159,4160,4161,4162,4163,4164,4165,4166,4167,4168,4169,4170,4171,4172,4173,4174,4175,4176,4177,4178,4179,4180,4181,4182,4183,4184,4185,4186,4187,4188,4189,4190,4191,4192,4193,4194,4195,4196,4197,4198,4199,4200,4201,4202,4203,4204,4205,4206,4207,4208,4209,4210,4211,4212,4213,4214,4215,4216,4217,4218,4219,4220,4221,4222,4223,4224,4225,4226,4227,4228,4229,4230,4231,4232,4233,4234,4235,4236,4237,4238,4239,4240,4241,4242,4243,4244,4245,4246,4247,4248,4249,4250,4251,4252,4253,4254,4255,4256,4257,4258,4259,4260,4261,4262,4263,4264,4265,4266,4267,4268,4269,4270,4271,4272,4273,4274,4275,4276,4277,4278,4279,4280,4281,4282,4283,4284,4285,4286,4287,4288,4289,4290,4291,4292,4293,4294,4295,4296,4297,4298,4299,4300,4301,4302,4303,4304,4305,4306,4307,4308,4309,4310,4311,4312,4313,4314,4315,4316,4317,4318,4319,4320,4321,4322,4323,4324,4325,4326,4327,4328,4329,4330,4331,4332,4333,4334,4335,4336,4337,4338,4339,4340,4341,4342,4343,4344,4345,4346,4347,4348,4349,4350,4351,4352,4353,4354,4355,4356,4357,4358,4359,4360,4361,4362,4363,4364,4365,4366,4367,4368,4369,4370,4371,4372,4373,4374 compressed_bytes=407248829 uncompressed_bytes=536459773 column_bytes=l_partkey:174272917:256095471,l_suppkey:157954009:256095471,l_quantity:24229157:24268831,l_shipdate:50792746:50788260 output_rows=4862010 output_columns=4 split_count=1 duration_us=2068834
[2026-07-01 08:02:16.653] [info] [gpu_pipeline_task.cpp:311] [stage-audit] pipeline_id=20 task_id=37 operator_id=63 operator_name=GPU_SCAN stage_kind=SCAN operator_type=94 input_type=GPU_SCAN output_type=PIPELINEABLE actual_gpu=2 pipeline_operator_count=1 input_batches=0 input_rows=0 input_columns=0 input_bytes=0 output_batches=1 output_rows=4862010 output_columns=3 output_bytes=118511664 byte_ratio=0.000000 row_ratio=0.000000 duration_us=2131874
[2026-07-01 08:02:16.653] [info] [task_creator.cpp:352] [locality-audit] task_create operator_id=65 input_bytes=118511664 local_bytes=118511664 gpu_source_bytes=118511664 host_source_bytes=0 disk_source_bytes=0 gpu_sources=1 host_sources=0 preferred_device=2
[2026-07-01 08:02:16.653] [info] [task_scheduler.cpp:367] [mgpu-audit] pipeline_task dispatched to GPU 2 task_id=61
[2026-07-01 08:02:16.654] [info] [task_scheduler.cpp:369] [locality-audit] dispatch task_id=61 preferred_device=2 actual_gpu=2
[2026-07-01 08:02:16.654] [info] [gpu_pipeline_task.cpp:182] [locality-audit] prepare_before pipeline_id=21 task_id=61 preferred_device=2 actual_gpu=2 target_tier=GPU target_device=2 input_bytes=118511664 local_bytes=118511664 remote_gpu_bytes=0 host_bytes=0 disk_bytes=0 batch_count=1
[2026-07-01 08:02:16.654] [info] [gpu_pipeline_task.cpp:182] [locality-audit] prepare_after pipeline_id=21 task_id=61 preferred_device=2 actual_gpu=2 target_tier=GPU target_device=2 input_bytes=118511664 local_bytes=118511664 remote_gpu_bytes=0 host_bytes=0 disk_bytes=0 batch_count=1
[2026-07-01 08:02:16.654] [info] [gpu_pipeline_task.cpp:311] [stage-audit] pipeline_id=21 task_id=61 operator_id=65 operator_name=PARTITION stage_kind=PARTITION operator_type=82 input_type=PIPELINEABLE output_type=PIPELINEABLE actual_gpu=2 pipeline_operator_count=1 input_batches=1 input_rows=4862010 input_columns=3 input_bytes=118511664 output_batches=1 output_rows=4862010 output_columns=3 output_bytes=118511664 byte_ratio=1.000000 row_ratio=1.000000 duration_us=5
[2026-07-01 08:02:16.934] [info] [parquet_gpu_ingestible.cpp:696] [scan-audit] parquet_materialize target_gpu=3 files=/mnt/nvme/dataset/lineitem.parquet columns=l_partkey,l_suppkey,l_quantity,l_shipdate row_groups=4375,4376,4377,4378,4379,4380,4381,4382,4383,4384,4385,4386,4387,4388,4389,4390,4391,4392,4393,4394,4395,4396,4397,4398,4399,4400,4401,4402,4403,4404,4405,4406,4407,4408,4409,4410,4411,4412,4413,4414,4415,4416,4417,4418,4419,4420,4421,4422,4423,4424,4425,4426,4427,4428,4429,4430,4431,4432,4433,4434,4435,4436,4437,4438,4439,4440,4441,4442,4443,4444,4445,4446,4447,4448,4449,4450,4451,4452,4453,4454,4455,4456,4457,4458,4459,4460,4461,4462,4463,4464,4465,4466,4467,4468,4469,4470,4471,4472,4473,4474,4475,4476,4477,4478,4479,4480,4481,4482,4483,4484,4485,4486,4487,4488,4489,4490,4491,4492,4493,4494,4495,4496,4497,4498,4499,4500,4501,4502,4503,4504,4505,4506,4507,4508,4509,4510,4511,4512,4513,4514,4515,4516,4517,4518,4519,4520,4521,4522,4523,4524,4525,4526,4527,4528,4529,4530,4531,4532,4533,4534,4535,4536,4537,4538,4539,4540,4541,4542,4543,4544,4545,4546,4547,4548,4549,4550,4551,4552,4553,4554,4555,4556,4557,4558,4559,4560,4561,4562,4563,4564,4565,4566,4567,4568,4569,4570,4571,4572,4573,4574,4575,4576,4577,4578,4579,4580,4581,4582,4583,4584,4585,4586,4587,4588,4589,4590,4591,4592,4593,4594,4595,4596,4597,4598,4599,4600,4601,4602,4603,4604,4605,4606,4607,4608,4609,4610,4611,4612,4613,4614,4615,4616,4617,4618,4619,4620,4621,4622,4623,4624,4625,4626,4627,4628,4629,4630,4631 compressed_bytes=407246164 uncompressed_bytes=536454714 column_bytes=l_partkey:174269942:256093039,l_suppkey:157954753:256093039,l_quantity:24228949:24268636,l_shipdate:50792520:50788047 output_rows=4856001 output_columns=4 split_count=1 duration_us=2348429
[2026-07-01 08:02:16.935] [info] [gpu_pipeline_task.cpp:311] [stage-audit] pipeline_id=20 task_id=38 operator_id=63 operator_name=GPU_SCAN stage_kind=SCAN operator_type=94 input_type=GPU_SCAN output_type=PIPELINEABLE actual_gpu=3 pipeline_operator_count=1 input_batches=0 input_rows=0 input_columns=0 input_bytes=0 output_batches=1 output_rows=4856001 output_columns=3 output_bytes=118365144 byte_ratio=0.000000 row_ratio=0.000000 duration_us=2417826
[2026-07-01 08:02:16.935] [info] [task_creator.cpp:352] [locality-audit] task_create operator_id=65 input_bytes=118365144 local_bytes=118365144 gpu_source_bytes=118365144 host_source_bytes=0 disk_source_bytes=0 gpu_sources=1 host_sources=0 preferred_device=3
[2026-07-01 08:02:16.935] [info] [task_scheduler.cpp:367] [mgpu-audit] pipeline_task dispatched to GPU 3 task_id=62
[2026-07-01 08:02:16.935] [info] [task_scheduler.cpp:369] [locality-audit] dispatch task_id=62 preferred_device=3 actual_gpu=3
[2026-07-01 08:02:16.935] [info] [parquet_gpu_ingestible.cpp:696] [scan-audit] parquet_materialize target_gpu=2 files=/mnt/nvme/dataset/lineitem.parquet columns=l_partkey,l_suppkey,l_quantity,l_shipdate row_groups=3090,3091,3092,3093,3094,3095,3096,3097,3098,3099,3100,3101,3102,3103,3104,3105,3106,3107,3108,3109,3110,3111,3112,3113,3114,3115,3116,3117,3118,3119,3120,3121,3122,3123,3124,3125,3126,3127,3128,3129,3130,3131,3132,3133,3134,3135,3136,3137,3138,3139,3140,3141,3142,3143,3144,3145,3146,3147,3148,3149,3150,3151,3152,3153,3154,3155,3156,3157,3158,3159,3160,3161,3162,3163,3164,3165,3166,3167,3168,3169,3170,3171,3172,3173,3174,3175,3176,3177,3178,3179,3180,3181,3182,3183,3184,3185,3186,3187,3188,3189,3190,3191,3192,3193,3194,3195,3196,3197,3198,3199,3200,3201,3202,3203,3204,3205,3206,3207,3208,3209,3210,3211,3212,3213,3214,3215,3216,3217,3218,3219,3220,3221,3222,3223,3224,3225,3226,3227,3228,3229,3230,3231,3232,3233,3234,3235,3236,3237,3238,3239,3240,3241,3242,3243,3244,3245,3246,3247,3248,3249,3250,3251,3252,3253,3254,3255,3256,3257,3258,3259,3260,3261,3262,3263,3264,3265,3266,3267,3268,3269,3270,3271,3272,3273,3274,3275,3276,3277,3278,3279,3280,3281,3282,3283,3284,3285,3286,3287,3288,3289,3290,3291,3292,3293,3294,3295,3296,3297,3298,3299,3300,3301,3302,3303,3304,3305,3306,3307,3308,3309,3310,3311,3312,3313,3314,3315,3316,3317,3318,3319,3320,3321,3322,3323,3324,3325,3326,3327,3328,3329,3330,3331,3332,3333,3334,3335,3336,3337,3338,3339,3340,3341,3342,3343,3344,3345,3346 compressed_bytes=407246496 uncompressed_bytes=536452378 column_bytes=l_partkey:174269616:256091871,l_suppkey:157955479:256091871,l_quantity:24228966:24268636,l_shipdate:50792435:50787967 output_rows=4853129 output_columns=4 split_count=1 duration_us=2350050
[2026-07-01 08:02:16.935] [info] [gpu_pipeline_task.cpp:182] [locality-audit] prepare_before pipeline_id=21 task_id=62 preferred_device=3 actual_gpu=3 target_tier=GPU target_device=3 input_bytes=118365144 local_bytes=118365144 remote_gpu_bytes=0 host_bytes=0 disk_bytes=0 batch_count=1
[2026-07-01 08:02:16.935] [info] [gpu_pipeline_task.cpp:182] [locality-audit] prepare_after pipeline_id=21 task_id=62 preferred_device=3 actual_gpu=3 target_tier=GPU target_device=3 input_bytes=118365144 local_bytes=118365144 remote_gpu_bytes=0 host_bytes=0 disk_bytes=0 batch_count=1
[2026-07-01 08:02:16.935] [info] [gpu_pipeline_task.cpp:311] [stage-audit] pipeline_id=21 task_id=62 operator_id=65 operator_name=PARTITION stage_kind=PARTITION operator_type=82 input_type=PIPELINEABLE output_type=PIPELINEABLE actual_gpu=3 pipeline_operator_count=1 input_batches=1 input_rows=4856001 input_columns=3 input_bytes=118365144 output_batches=1 output_rows=4856001 output_columns=3 output_bytes=118365144 byte_ratio=1.000000 row_ratio=1.000000 duration_us=2
[2026-07-01 08:02:16.935] [info] [gpu_pipeline_task.cpp:311] [stage-audit] pipeline_id=20 task_id=33 operator_id=63 operator_name=GPU_SCAN stage_kind=SCAN operator_type=94 input_type=GPU_SCAN output_type=PIPELINEABLE actual_gpu=2 pipeline_operator_count=1 input_batches=0 input_rows=0 input_columns=0 input_bytes=0 output_batches=1 output_rows=4853129 output_columns=3 output_bytes=118295064 byte_ratio=0.000000 row_ratio=0.000000 duration_us=2414018
[2026-07-01 08:02:16.935] [info] [task_scheduler.cpp:367] [mgpu-audit] pipeline_task dispatched to GPU 0 task_id=63
[2026-07-01 08:02:16.935] [info] [task_scheduler.cpp:369] [locality-audit] dispatch task_id=63 preferred_device=0 actual_gpu=0
[2026-07-01 08:02:16.935] [info] [task_scheduler.cpp:367] [mgpu-audit] pipeline_task dispatched to GPU 0 task_id=64
[2026-07-01 08:02:16.935] [info] [task_scheduler.cpp:369] [locality-audit] dispatch task_id=64 preferred_device=0 actual_gpu=0
[2026-07-01 08:02:16.935] [info] [gpu_pipeline_task.cpp:182] [locality-audit] prepare_before pipeline_id=22 task_id=63 preferred_device=0 actual_gpu=0 target_tier=GPU target_device=0 input_bytes=473438664 local_bytes=118316640 remote_gpu_bytes=355122024 host_bytes=0 disk_bytes=0 batch_count=4
[2026-07-01 08:02:16.935] [info] [task_creator.cpp:352] [locality-audit] task_create operator_id=65 input_bytes=118295064 local_bytes=118295064 gpu_source_bytes=118295064 host_source_bytes=0 disk_source_bytes=0 gpu_sources=1 host_sources=0 preferred_device=2
[2026-07-01 08:02:16.935] [info] [task_scheduler.cpp:367] [mgpu-audit] pipeline_task dispatched to GPU 2 task_id=65
[2026-07-01 08:02:16.935] [info] [task_scheduler.cpp:369] [locality-audit] dispatch task_id=65 preferred_device=2 actual_gpu=2
[2026-07-01 08:02:16.935] [info] [gpu_pipeline_task.cpp:182] [locality-audit] prepare_before pipeline_id=22 task_id=64 preferred_device=0 actual_gpu=0 target_tier=GPU target_device=0 input_bytes=118365144 local_bytes=0 remote_gpu_bytes=118365144 host_bytes=0 disk_bytes=0 batch_count=1
[2026-07-01 08:02:16.935] [info] [gpu_pipeline_task.cpp:182] [locality-audit] prepare_before pipeline_id=21 task_id=65 preferred_device=2 actual_gpu=2 target_tier=GPU target_device=2 input_bytes=118295064 local_bytes=118295064 remote_gpu_bytes=0 host_bytes=0 disk_bytes=0 batch_count=1
[2026-07-01 08:02:16.936] [info] [gpu_pipeline_task.cpp:182] [locality-audit] prepare_after pipeline_id=21 task_id=65 preferred_device=2 actual_gpu=2 target_tier=GPU target_device=2 input_bytes=118295064 local_bytes=118295064 remote_gpu_bytes=0 host_bytes=0 disk_bytes=0 batch_count=1
[2026-07-01 08:02:16.936] [info] [gpu_pipeline_task.cpp:311] [stage-audit] pipeline_id=21 task_id=65 operator_id=65 operator_name=PARTITION stage_kind=PARTITION operator_type=82 input_type=PIPELINEABLE output_type=PIPELINEABLE actual_gpu=2 pipeline_operator_count=1 input_batches=1 input_rows=4853129 input_columns=3 input_bytes=118295064 output_batches=1 output_rows=4853129 output_columns=3 output_bytes=118295064 byte_ratio=1.000000 row_ratio=1.000000 duration_us=8
[2026-07-01 08:02:16.947] [info] [gpu_pipeline_task.cpp:182] [locality-audit] prepare_after pipeline_id=22 task_id=64 preferred_device=0 actual_gpu=0 target_tier=GPU target_device=0 input_bytes=118365144 local_bytes=118365144 remote_gpu_bytes=0 host_bytes=0 disk_bytes=0 batch_count=1
[2026-07-01 08:02:16.947] [info] [gpu_pipeline_task.cpp:311] [stage-audit] pipeline_id=22 task_id=64 operator_id=64 operator_name=CONCAT stage_kind=CONCAT operator_type=83 input_type=PARTITIONED output_type=PARTITIONED actual_gpu=0 pipeline_operator_count=1 input_batches=1 input_rows=4856001 input_columns=3 input_bytes=118365144 output_batches=1 output_rows=4856001 output_columns=3 output_bytes=118365144 byte_ratio=1.000000 row_ratio=1.000000 duration_us=2
[2026-07-01 08:02:16.947] [info] [task_scheduler.cpp:367] [mgpu-audit] pipeline_task dispatched to GPU 3 task_id=66
[2026-07-01 08:02:16.947] [info] [task_scheduler.cpp:369] [locality-audit] dispatch task_id=66 preferred_device=3 actual_gpu=3
[2026-07-01 08:02:16.948] [info] [gpu_pipeline_task.cpp:182] [locality-audit] prepare_before pipeline_id=23 task_id=66 preferred_device=3 actual_gpu=3 target_tier=GPU target_device=3 input_bytes=118365144 local_bytes=0 remote_gpu_bytes=118365144 host_bytes=0 disk_bytes=0 batch_count=1
[2026-07-01 08:02:16.954] [info] [gpu_pipeline_task.cpp:182] [locality-audit] prepare_after pipeline_id=23 task_id=66 preferred_device=3 actual_gpu=3 target_tier=GPU target_device=3 input_bytes=118365144 local_bytes=118365144 remote_gpu_bytes=0 host_bytes=0 disk_bytes=0 batch_count=1
[2026-07-01 08:02:16.960] [info] [gpu_pipeline_task.cpp:182] [locality-audit] prepare_after pipeline_id=22 task_id=63 preferred_device=0 actual_gpu=0 target_tier=GPU target_device=0 input_bytes=473438664 local_bytes=473438664 remote_gpu_bytes=0 host_bytes=0 disk_bytes=0 batch_count=4
[2026-07-01 08:02:16.966] [info] [gpu_pipeline_task.cpp:311] [stage-audit] pipeline_id=23 task_id=66 operator_id=27 operator_name=HASH_JOIN stage_kind=JOIN operator_type=33 input_type=PARTITIONED output_type=PIPELINEABLE actual_gpu=3 pipeline_operator_count=3 input_batches=1 input_rows=4856001 input_columns=3 input_bytes=118365144 output_batches=1 output_rows=53114 output_columns=5 output_bytes=2144528 byte_ratio=0.018118 row_ratio=0.010938 duration_us=12187
[2026-07-01 08:02:16.967] [info] [gpu_pipeline_task.cpp:311] [stage-audit] pipeline_id=23 task_id=66 operator_id=30 operator_name=PROJECTION stage_kind=PROJECTION operator_type=13 input_type=PIPELINEABLE output_type=PIPELINEABLE actual_gpu=3 pipeline_operator_count=3 input_batches=1 input_rows=53114 input_columns=5 input_bytes=2144528 output_batches=1 output_rows=53114 output_columns=3 output_bytes=1294704 byte_ratio=0.603724 row_ratio=1.000000 duration_us=229
[2026-07-01 08:02:16.968] [info] [gpu_pipeline_task.cpp:311] [stage-audit] pipeline_id=23 task_id=66 operator_id=31 operator_name=HASH_GROUP_BY stage_kind=AGGREGATE operator_type=9 input_type=PIPELINEABLE output_type=PIPELINEABLE actual_gpu=3 pipeline_operator_count=3 input_batches=1 input_rows=53114 input_columns=3 input_bytes=1294704 output_batches=1 output_rows=51538 output_columns=3 output_bytes=1662144 byte_ratio=1.283802 row_ratio=0.970328 duration_us=1644
[2026-07-01 08:02:16.971] [info] [gpu_pipeline_task.cpp:311] [stage-audit] pipeline_id=22 task_id=63 operator_id=64 operator_name=CONCAT stage_kind=CONCAT operator_type=83 input_type=PARTITIONED output_type=PARTITIONED actual_gpu=0 pipeline_operator_count=1 input_batches=4 input_rows=19423099 input_columns=12 input_bytes=473438664 output_batches=1 output_rows=19423099 output_columns=3 output_bytes=466154376 byte_ratio=0.984614 row_ratio=1.000000 duration_us=10375
[2026-07-01 08:02:16.971] [info] [task_scheduler.cpp:367] [mgpu-audit] pipeline_task dispatched to GPU 3 task_id=67
[2026-07-01 08:02:16.971] [info] [task_scheduler.cpp:369] [locality-audit] dispatch task_id=67 preferred_device=3 actual_gpu=3
[2026-07-01 08:02:16.971] [info] [gpu_pipeline_task.cpp:182] [locality-audit] prepare_before pipeline_id=23 task_id=67 preferred_device=3 actual_gpu=3 target_tier=GPU target_device=3 input_bytes=466154376 local_bytes=0 remote_gpu_bytes=466154376 host_bytes=0 disk_bytes=0 batch_count=1
[2026-07-01 08:02:16.993] [info] [gpu_pipeline_task.cpp:182] [locality-audit] prepare_after pipeline_id=23 task_id=67 preferred_device=3 actual_gpu=3 target_tier=GPU target_device=3 input_bytes=466154376 local_bytes=466154376 remote_gpu_bytes=0 host_bytes=0 disk_bytes=0 batch_count=1
[2026-07-01 08:02:16.999] [info] [gpu_pipeline_task.cpp:311] [stage-audit] pipeline_id=23 task_id=67 operator_id=27 operator_name=HASH_JOIN stage_kind=JOIN operator_type=33 input_type=PARTITIONED output_type=PIPELINEABLE actual_gpu=3 pipeline_operator_count=3 input_batches=1 input_rows=19423099 input_columns=3 input_bytes=466154376 output_batches=1 output_rows=211094 output_columns=5 output_bytes=8443760 byte_ratio=0.018114 row_ratio=0.010868 duration_us=6650
[2026-07-01 08:02:16.999] [info] [gpu_pipeline_task.cpp:311] [stage-audit] pipeline_id=23 task_id=67 operator_id=30 operator_name=PROJECTION stage_kind=PROJECTION operator_type=13 input_type=PIPELINEABLE output_type=PIPELINEABLE actual_gpu=3 pipeline_operator_count=3 input_batches=1 input_rows=211094 input_columns=5 input_bytes=8443760 output_batches=1 output_rows=211094 output_columns=3 output_bytes=5066256 byte_ratio=0.600000 row_ratio=1.000000 duration_us=69
[2026-07-01 08:02:17.001] [info] [gpu_pipeline_task.cpp:311] [stage-audit] pipeline_id=23 task_id=67 operator_id=31 operator_name=HASH_GROUP_BY stage_kind=AGGREGATE operator_type=9 input_type=PIPELINEABLE output_type=PIPELINEABLE actual_gpu=3 pipeline_operator_count=3 input_batches=1 input_rows=211094 input_columns=3 input_bytes=5066256 output_batches=1 output_rows=187697 output_columns=3 output_bytes=6006304 byte_ratio=1.185551 row_ratio=0.889163 duration_us=1574
[2026-07-01 08:02:17.046] [info] [parquet_gpu_ingestible.cpp:696] [scan-audit] parquet_materialize target_gpu=0 files=/mnt/nvme/dataset/lineitem.parquet columns=l_partkey,l_suppkey,l_quantity,l_shipdate row_groups=3604,3605,3606,3607,3608,3609,3610,3611,3612,3613,3614,3615,3616,3617,3618,3619,3620,3621,3622,3623,3624,3625,3626,3627,3628,3629,3630,3631,3632,3633,3634,3635,3636,3637,3638,3639,3640,3641,3642,3643,3644,3645,3646,3647,3648,3649,3650,3651,3652,3653,3654,3655,3656,3657,3658,3659,3660,3661,3662,3663,3664,3665,3666,3667,3668,3669,3670,3671,3672,3673,3674,3675,3676,3677,3678,3679,3680,3681,3682,3683,3684,3685,3686,3687,3688,3689,3690,3691,3692,3693,3694,3695,3696,3697,3698,3699,3700,3701,3702,3703,3704,3705,3706,3707,3708,3709,3710,3711,3712,3713,3714,3715,3716,3717,3718,3719,3720,3721,3722,3723,3724,3725,3726,3727,3728,3729,3730,3731,3732,3733,3734,3735,3736,3737,3738,3739,3740,3741,3742,3743,3744,3745,3746,3747,3748,3749,3750,3751,3752,3753,3754,3755,3756,3757,3758,3759,3760,3761,3762,3763,3764,3765,3766,3767,3768,3769,3770,3771,3772,3773,3774,3775,3776,3777,3778,3779,3780,3781,3782,3783,3784,3785,3786,3787,3788,3789,3790,3791,3792,3793,3794,3795,3796,3797,3798,3799,3800,3801,3802,3803,3804,3805,3806,3807,3808,3809,3810,3811,3812,3813,3814,3815,3816,3817,3818,3819,3820,3821,3822,3823,3824,3825,3826,3827,3828,3829,3830,3831,3832,3833,3834,3835,3836,3837,3838,3839,3840,3841,3842,3843,3844,3845,3846,3847,3848,3849,3850,3851,3852,3853,3854,3855,3856,3857,3858,3859,3860 compressed_bytes=407260824 uncompressed_bytes=536470283 column_bytes=l_partkey:174276424:256100727,l_suppkey:157962200:256100727,l_quantity:24229162:24268829,l_shipdate:50793038:50788564 output_rows=4857812 output_columns=4 split_count=1 duration_us=1197153
[2026-07-01 08:02:17.046] [info] [gpu_pipeline_task.cpp:311] [stage-audit] pipeline_id=20 task_id=35 operator_id=63 operator_name=GPU_SCAN stage_kind=SCAN operator_type=94 input_type=GPU_SCAN output_type=PIPELINEABLE actual_gpu=0 pipeline_operator_count=1 input_batches=0 input_rows=0 input_columns=0 input_bytes=0 output_batches=1 output_rows=4857812 output_columns=3 output_bytes=118409184 byte_ratio=0.000000 row_ratio=0.000000 duration_us=1238036
[2026-07-01 08:02:17.046] [info] [task_creator.cpp:352] [locality-audit] task_create operator_id=65 input_bytes=118409184 local_bytes=118409184 gpu_source_bytes=118409184 host_source_bytes=0 disk_source_bytes=0 gpu_sources=1 host_sources=0 preferred_device=0
[2026-07-01 08:02:17.046] [info] [task_scheduler.cpp:367] [mgpu-audit] pipeline_task dispatched to GPU 0 task_id=68
[2026-07-01 08:02:17.046] [info] [task_scheduler.cpp:369] [locality-audit] dispatch task_id=68 preferred_device=0 actual_gpu=0
[2026-07-01 08:02:17.046] [info] [gpu_pipeline_task.cpp:182] [locality-audit] prepare_before pipeline_id=21 task_id=68 preferred_device=0 actual_gpu=0 target_tier=GPU target_device=0 input_bytes=118409184 local_bytes=118409184 remote_gpu_bytes=0 host_bytes=0 disk_bytes=0 batch_count=1
[2026-07-01 08:02:17.046] [info] [gpu_pipeline_task.cpp:182] [locality-audit] prepare_after pipeline_id=21 task_id=68 preferred_device=0 actual_gpu=0 target_tier=GPU target_device=0 input_bytes=118409184 local_bytes=118409184 remote_gpu_bytes=0 host_bytes=0 disk_bytes=0 batch_count=1
[2026-07-01 08:02:17.046] [info] [gpu_pipeline_task.cpp:311] [stage-audit] pipeline_id=21 task_id=68 operator_id=65 operator_name=PARTITION stage_kind=PARTITION operator_type=82 input_type=PIPELINEABLE output_type=PIPELINEABLE actual_gpu=0 pipeline_operator_count=1 input_batches=1 input_rows=4857812 input_columns=3 input_bytes=118409184 output_batches=1 output_rows=4857812 output_columns=3 output_bytes=118409184 byte_ratio=1.000000 row_ratio=1.000000 duration_us=1
[2026-07-01 08:02:17.104] [info] [parquet_gpu_ingestible.cpp:696] [scan-audit] parquet_materialize target_gpu=0 files=/mnt/nvme/dataset/lineitem.parquet columns=l_partkey,l_suppkey,l_quantity,l_shipdate row_groups=4632,4633,4634,4635,4636,4637,4638,4639,4640,4641,4642,4643,4644,4645,4646,4647,4648,4649,4650,4651,4652,4653,4654,4655,4656,4657,4658,4659,4660,4661,4662,4663,4664,4665,4666,4667,4668,4669,4670,4671,4672,4673,4674,4675,4676,4677,4678,4679,4680,4681,4682,4683,4684,4685,4686,4687,4688,4689,4690,4691,4692,4693,4694,4695,4696,4697,4698,4699,4700,4701,4702,4703,4704,4705,4706,4707,4708,4709,4710,4711,4712,4713,4714,4715,4716,4717,4718,4719,4720,4721,4722,4723,4724,4725,4726,4727,4728,4729,4730,4731,4732,4733,4734,4735,4736,4737,4738,4739,4740,4741,4742,4743,4744,4745,4746,4747,4748,4749,4750,4751,4752,4753,4754,4755,4756,4757,4758,4759,4760,4761,4762,4763,4764,4765,4766,4767,4768,4769,4770,4771,4772,4773,4774,4775,4776,4777,4778,4779,4780,4781,4782,4783,4784,4785,4786,4787,4788,4789,4790,4791,4792,4793,4794,4795,4796,4797,4798,4799,4800,4801,4802,4803,4804,4805,4806,4807,4808,4809,4810,4811,4812,4813,4814,4815,4816,4817,4818,4819,4820,4821,4822,4823,4824 compressed_bytes=304492598 uncompressed_bytes=401095273 column_bytes=l_partkey:130296975:191475575,l_suppkey:118099078:191475575,l_quantity:18114302:18144123,l_shipdate:37982243:37978874 output_rows=3632716 output_columns=4 split_count=1 duration_us=1233502
[2026-07-01 08:02:17.104] [info] [gpu_pipeline_task.cpp:311] [stage-audit] pipeline_id=20 task_id=39 operator_id=63 operator_name=GPU_SCAN stage_kind=SCAN operator_type=94 input_type=GPU_SCAN output_type=PIPELINEABLE actual_gpu=0 pipeline_operator_count=1 input_batches=0 input_rows=0 input_columns=0 input_bytes=0 output_batches=1 output_rows=3632716 output_columns=3 output_bytes=88547616 byte_ratio=0.000000 row_ratio=0.000000 duration_us=1295175
[2026-07-01 08:02:17.104] [info] [task_creator.cpp:352] [locality-audit] task_create operator_id=65 input_bytes=88547616 local_bytes=88547616 gpu_source_bytes=88547616 host_source_bytes=0 disk_source_bytes=0 gpu_sources=1 host_sources=0 preferred_device=0
[2026-07-01 08:02:17.104] [info] [task_scheduler.cpp:367] [mgpu-audit] pipeline_task dispatched to GPU 0 task_id=69
[2026-07-01 08:02:17.104] [info] [task_scheduler.cpp:369] [locality-audit] dispatch task_id=69 preferred_device=0 actual_gpu=0
[2026-07-01 08:02:17.104] [info] [gpu_pipeline_task.cpp:182] [locality-audit] prepare_before pipeline_id=21 task_id=69 preferred_device=0 actual_gpu=0 target_tier=GPU target_device=0 input_bytes=88547616 local_bytes=88547616 remote_gpu_bytes=0 host_bytes=0 disk_bytes=0 batch_count=1
[2026-07-01 08:02:17.104] [info] [gpu_pipeline_task.cpp:182] [locality-audit] prepare_after pipeline_id=21 task_id=69 preferred_device=0 actual_gpu=0 target_tier=GPU target_device=0 input_bytes=88547616 local_bytes=88547616 remote_gpu_bytes=0 host_bytes=0 disk_bytes=0 batch_count=1
[2026-07-01 08:02:17.104] [info] [gpu_pipeline_task.cpp:311] [stage-audit] pipeline_id=21 task_id=69 operator_id=65 operator_name=PARTITION stage_kind=PARTITION operator_type=82 input_type=PIPELINEABLE output_type=PIPELINEABLE actual_gpu=0 pipeline_operator_count=1 input_batches=1 input_rows=3632716 input_columns=3 input_bytes=88547616 output_batches=1 output_rows=3632716 output_columns=3 output_bytes=88547616 byte_ratio=1.000000 row_ratio=1.000000 duration_us=13
[2026-07-01 08:02:17.173] [info] [parquet_gpu_ingestible.cpp:696] [scan-audit] parquet_materialize target_gpu=1 files=/mnt/nvme/dataset/lineitem.parquet columns=l_partkey,l_suppkey,l_quantity,l_shipdate row_groups=3861,3862,3863,3864,3865,3866,3867,3868,3869,3870,3871,3872,3873,3874,3875,3876,3877,3878,3879,3880,3881,3882,3883,3884,3885,3886,3887,3888,3889,3890,3891,3892,3893,3894,3895,3896,3897,3898,3899,3900,3901,3902,3903,3904,3905,3906,3907,3908,3909,3910,3911,3912,3913,3914,3915,3916,3917,3918,3919,3920,3921,3922,3923,3924,3925,3926,3927,3928,3929,3930,3931,3932,3933,3934,3935,3936,3937,3938,3939,3940,3941,3942,3943,3944,3945,3946,3947,3948,3949,3950,3951,3952,3953,3954,3955,3956,3957,3958,3959,3960,3961,3962,3963,3964,3965,3966,3967,3968,3969,3970,3971,3972,3973,3974,3975,3976,3977,3978,3979,3980,3981,3982,3983,3984,3985,3986,3987,3988,3989,3990,3991,3992,3993,3994,3995,3996,3997,3998,3999,4000,4001,4002,4003,4004,4005,4006,4007,4008,4009,4010,4011,4012,4013,4014,4015,4016,4017,4018,4019,4020,4021,4022,4023,4024,4025,4026,4027,4028,4029,4030,4031,4032,4033,4034,4035,4036,4037,4038,4039,4040,4041,4042,4043,4044,4045,4046,4047,4048,4049,4050,4051,4052,4053,4054,4055,4056,4057,4058,4059,4060,4061,4062,4063,4064,4065,4066,4067,4068,4069,4070,4071,4072,4073,4074,4075,4076,4077,4078,4079,4080,4081,4082,4083,4084,4085,4086,4087,4088,4089,4090,4091,4092,4093,4094,4095,4096,4097,4098,4099,4100,4101,4102,4103,4104,4105,4106,4107,4108,4109,4110,4111,4112,4113,4114,4115,4116,4117 compressed_bytes=407250114 uncompressed_bytes=536463101 column_bytes=l_partkey:174272129:256097135,l_suppkey:157956107:256097135,l_quantity:24229156:24268831,l_shipdate:50792722:50788248 output_rows=4853791 output_columns=4 split_count=1 duration_us=1103565
[2026-07-01 08:02:17.173] [info] [gpu_pipeline_task.cpp:311] [stage-audit] pipeline_id=20 task_id=36 operator_id=63 operator_name=GPU_SCAN stage_kind=SCAN operator_type=94 input_type=GPU_SCAN output_type=PIPELINEABLE actual_gpu=1 pipeline_operator_count=1 input_batches=0 input_rows=0 input_columns=0 input_bytes=0 output_batches=1 output_rows=4853791 output_columns=3 output_bytes=118311336 byte_ratio=0.000000 row_ratio=0.000000 duration_us=1150943
[2026-07-01 08:02:17.193] [info] [task_creator.cpp:352] [locality-audit] task_create operator_id=65 input_bytes=118311336 local_bytes=118311336 gpu_source_bytes=118311336 host_source_bytes=0 disk_source_bytes=0 gpu_sources=1 host_sources=0 preferred_device=1
[2026-07-01 08:02:17.193] [info] [task_scheduler.cpp:367] [mgpu-audit] pipeline_task dispatched to GPU 1 task_id=70
[2026-07-01 08:02:17.193] [info] [task_scheduler.cpp:369] [locality-audit] dispatch task_id=70 preferred_device=1 actual_gpu=1
[2026-07-01 08:02:17.193] [info] [gpu_pipeline_task.cpp:182] [locality-audit] prepare_before pipeline_id=21 task_id=70 preferred_device=1 actual_gpu=1 target_tier=GPU target_device=1 input_bytes=118311336 local_bytes=118311336 remote_gpu_bytes=0 host_bytes=0 disk_bytes=0 batch_count=1
[2026-07-01 08:02:17.193] [info] [gpu_pipeline_task.cpp:182] [locality-audit] prepare_after pipeline_id=21 task_id=70 preferred_device=1 actual_gpu=1 target_tier=GPU target_device=1 input_bytes=118311336 local_bytes=118311336 remote_gpu_bytes=0 host_bytes=0 disk_bytes=0 batch_count=1
[2026-07-01 08:02:17.193] [info] [gpu_pipeline_task.cpp:311] [stage-audit] pipeline_id=21 task_id=70 operator_id=65 operator_name=PARTITION stage_kind=PARTITION operator_type=82 input_type=PIPELINEABLE output_type=PIPELINEABLE actual_gpu=1 pipeline_operator_count=1 input_batches=1 input_rows=4853791 input_columns=3 input_bytes=118311336 output_batches=1 output_rows=4853791 output_columns=3 output_bytes=118311336 byte_ratio=1.000000 row_ratio=1.000000 duration_us=11
[2026-07-01 08:02:17.193] [info] [task_scheduler.cpp:367] [mgpu-audit] pipeline_task dispatched to GPU 0 task_id=71
[2026-07-01 08:02:17.193] [info] [task_scheduler.cpp:369] [locality-audit] dispatch task_id=71 preferred_device=0 actual_gpu=0
[2026-07-01 08:02:17.193] [info] [gpu_pipeline_task.cpp:182] [locality-audit] prepare_before pipeline_id=22 task_id=71 preferred_device=0 actual_gpu=0 target_tier=GPU target_device=0 input_bytes=443563200 local_bytes=206956800 remote_gpu_bytes=236606400 host_bytes=0 disk_bytes=0 batch_count=4
[2026-07-01 08:02:17.205] [info] [gpu_pipeline_task.cpp:182] [locality-audit] prepare_after pipeline_id=22 task_id=71 preferred_device=0 actual_gpu=0 target_tier=GPU target_device=0 input_bytes=443563200 local_bytes=443563200 remote_gpu_bytes=0 host_bytes=0 disk_bytes=0 batch_count=4
[2026-07-01 08:02:17.215] [info] [gpu_pipeline_task.cpp:311] [stage-audit] pipeline_id=22 task_id=71 operator_id=64 operator_name=CONCAT stage_kind=CONCAT operator_type=83 input_type=PARTITIONED output_type=PARTITIONED actual_gpu=0 pipeline_operator_count=1 input_batches=4 input_rows=18197448 input_columns=12 input_bytes=443563200 output_batches=1 output_rows=18197448 output_columns=3 output_bytes=436738752 byte_ratio=0.984614 row_ratio=1.000000 duration_us=9663
[2026-07-01 08:02:17.215] [info] [task_scheduler.cpp:367] [mgpu-audit] pipeline_task dispatched to GPU 3 task_id=72
[2026-07-01 08:02:17.215] [info] [task_scheduler.cpp:369] [locality-audit] dispatch task_id=72 preferred_device=3 actual_gpu=3
[2026-07-01 08:02:17.215] [info] [gpu_pipeline_task.cpp:182] [locality-audit] prepare_before pipeline_id=23 task_id=72 preferred_device=3 actual_gpu=3 target_tier=GPU target_device=3 input_bytes=436738752 local_bytes=0 remote_gpu_bytes=436738752 host_bytes=0 disk_bytes=0 batch_count=1
[2026-07-01 08:02:17.235] [info] [gpu_pipeline_task.cpp:182] [locality-audit] prepare_after pipeline_id=23 task_id=72 preferred_device=3 actual_gpu=3 target_tier=GPU target_device=3 input_bytes=436738752 local_bytes=436738752 remote_gpu_bytes=0 host_bytes=0 disk_bytes=0 batch_count=1
[2026-07-01 08:02:17.241] [info] [gpu_pipeline_task.cpp:311] [stage-audit] pipeline_id=23 task_id=72 operator_id=27 operator_name=HASH_JOIN stage_kind=JOIN operator_type=33 input_type=PARTITIONED output_type=PIPELINEABLE actual_gpu=3 pipeline_operator_count=3 input_batches=1 input_rows=18197448 input_columns=3 input_bytes=436738752 output_batches=1 output_rows=198175 output_columns=5 output_bytes=7927000 byte_ratio=0.018150 row_ratio=0.010890 duration_us=6275
[2026-07-01 08:02:17.241] [info] [gpu_pipeline_task.cpp:311] [stage-audit] pipeline_id=23 task_id=72 operator_id=30 operator_name=PROJECTION stage_kind=PROJECTION operator_type=13 input_type=PIPELINEABLE output_type=PIPELINEABLE actual_gpu=3 pipeline_operator_count=3 input_batches=1 input_rows=198175 input_columns=5 input_bytes=7927000 output_batches=1 output_rows=198175 output_columns=3 output_bytes=4756200 byte_ratio=0.600000 row_ratio=1.000000 duration_us=63
[2026-07-01 08:02:17.243] [info] [gpu_pipeline_task.cpp:311] [stage-audit] pipeline_id=23 task_id=72 operator_id=31 operator_name=HASH_GROUP_BY stage_kind=AGGREGATE operator_type=9 input_type=PIPELINEABLE output_type=PIPELINEABLE actual_gpu=3 pipeline_operator_count=3 input_batches=1 input_rows=198175 input_columns=3 input_bytes=4756200 output_batches=1 output_rows=177446 output_columns=3 output_bytes=5678272 byte_ratio=1.193867 row_ratio=0.895401 duration_us=1630
[2026-07-01 08:02:17.244] [info] [task_creator.cpp:352] [locality-audit] task_create operator_id=66 input_bytes=6012352 local_bytes=6012352 gpu_source_bytes=6012352 host_source_bytes=0 disk_source_bytes=0 gpu_sources=1 host_sources=0 preferred_device=3
[2026-07-01 08:02:17.244] [info] [task_creator.cpp:352] [locality-audit] task_create operator_id=66 input_bytes=1665632 local_bytes=1665632 gpu_source_bytes=1665632 host_source_bytes=0 disk_source_bytes=0 gpu_sources=1 host_sources=0 preferred_device=3
[2026-07-01 08:02:17.244] [info] [task_scheduler.cpp:367] [mgpu-audit] pipeline_task dispatched to GPU 3 task_id=73
[2026-07-01 08:02:17.244] [info] [task_scheduler.cpp:369] [locality-audit] dispatch task_id=73 preferred_device=3 actual_gpu=3
[2026-07-01 08:02:17.244] [info] [task_creator.cpp:352] [locality-audit] task_create operator_id=66 input_bytes=6023968 local_bytes=6023968 gpu_source_bytes=6023968 host_source_bytes=0 disk_source_bytes=0 gpu_sources=1 host_sources=0 preferred_device=3
[2026-07-01 08:02:17.244] [info] [task_creator.cpp:352] [locality-audit] task_create operator_id=66 input_bytes=1675744 local_bytes=1675744 gpu_source_bytes=1675744 host_source_bytes=0 disk_source_bytes=0 gpu_sources=1 host_sources=0 preferred_device=3
[2026-07-01 08:02:17.244] [info] [task_creator.cpp:352] [locality-audit] task_create operator_id=66 input_bytes=1662144 local_bytes=1662144 gpu_source_bytes=1662144 host_source_bytes=0 disk_source_bytes=0 gpu_sources=1 host_sources=0 preferred_device=3
[2026-07-01 08:02:17.244] [info] [task_creator.cpp:352] [locality-audit] task_create operator_id=66 input_bytes=6006304 local_bytes=6006304 gpu_source_bytes=6006304 host_source_bytes=0 disk_source_bytes=0 gpu_sources=1 host_sources=0 preferred_device=3
[2026-07-01 08:02:17.244] [info] [task_creator.cpp:352] [locality-audit] task_create operator_id=66 input_bytes=5678272 local_bytes=5678272 gpu_source_bytes=5678272 host_source_bytes=0 disk_source_bytes=0 gpu_sources=1 host_sources=0 preferred_device=3
[2026-07-01 08:02:17.244] [info] [task_scheduler.cpp:367] [mgpu-audit] pipeline_task dispatched to GPU 3 task_id=74
[2026-07-01 08:02:17.244] [info] [task_scheduler.cpp:369] [locality-audit] dispatch task_id=74 preferred_device=3 actual_gpu=3
[2026-07-01 08:02:17.244] [info] [task_scheduler.cpp:367] [mgpu-audit] pipeline_task dispatched to GPU 3 task_id=75
[2026-07-01 08:02:17.244] [info] [task_scheduler.cpp:369] [locality-audit] dispatch task_id=75 preferred_device=3 actual_gpu=3
[2026-07-01 08:02:17.244] [info] [gpu_pipeline_task.cpp:182] [locality-audit] prepare_before pipeline_id=24 task_id=73 preferred_device=3 actual_gpu=3 target_tier=GPU target_device=3 input_bytes=6012352 local_bytes=6012352 remote_gpu_bytes=0 host_bytes=0 disk_bytes=0 batch_count=1
[2026-07-01 08:02:17.244] [info] [gpu_pipeline_task.cpp:182] [locality-audit] prepare_after pipeline_id=24 task_id=73 preferred_device=3 actual_gpu=3 target_tier=GPU target_device=3 input_bytes=6012352 local_bytes=6012352 remote_gpu_bytes=0 host_bytes=0 disk_bytes=0 batch_count=1
[2026-07-01 08:02:17.244] [info] [gpu_pipeline_task.cpp:311] [stage-audit] pipeline_id=24 task_id=73 operator_id=66 operator_name=PARTITION stage_kind=PARTITION operator_type=82 input_type=PIPELINEABLE output_type=PIPELINEABLE actual_gpu=3 pipeline_operator_count=1 input_batches=1 input_rows=187886 input_columns=3 input_bytes=6012352 output_batches=1 output_rows=187886 output_columns=3 output_bytes=6012352 byte_ratio=1.000000 row_ratio=1.000000 duration_us=3
[2026-07-01 08:02:17.244] [info] [gpu_pipeline_task.cpp:182] [locality-audit] prepare_before pipeline_id=24 task_id=75 preferred_device=3 actual_gpu=3 target_tier=GPU target_device=3 input_bytes=6023968 local_bytes=6023968 remote_gpu_bytes=0 host_bytes=0 disk_bytes=0 batch_count=1
[2026-07-01 08:02:17.244] [info] [gpu_pipeline_task.cpp:182] [locality-audit] prepare_after pipeline_id=24 task_id=75 preferred_device=3 actual_gpu=3 target_tier=GPU target_device=3 input_bytes=6023968 local_bytes=6023968 remote_gpu_bytes=0 host_bytes=0 disk_bytes=0 batch_count=1
[2026-07-01 08:02:17.244] [info] [gpu_pipeline_task.cpp:182] [locality-audit] prepare_before pipeline_id=24 task_id=74 preferred_device=3 actual_gpu=3 target_tier=GPU target_device=3 input_bytes=1665632 local_bytes=1665632 remote_gpu_bytes=0 host_bytes=0 disk_bytes=0 batch_count=1
[2026-07-01 08:02:17.244] [info] [gpu_pipeline_task.cpp:311] [stage-audit] pipeline_id=24 task_id=75 operator_id=66 operator_name=PARTITION stage_kind=PARTITION operator_type=82 input_type=PIPELINEABLE output_type=PIPELINEABLE actual_gpu=3 pipeline_operator_count=1 input_batches=1 input_rows=188249 input_columns=3 input_bytes=6023968 output_batches=1 output_rows=188249 output_columns=3 output_bytes=6023968 byte_ratio=1.000000 row_ratio=1.000000 duration_us=2
[2026-07-01 08:02:17.244] [info] [task_scheduler.cpp:367] [mgpu-audit] pipeline_task dispatched to GPU 3 task_id=76
[2026-07-01 08:02:17.244] [info] [task_scheduler.cpp:369] [locality-audit] dispatch task_id=76 preferred_device=3 actual_gpu=3
[2026-07-01 08:02:17.244] [info] [task_scheduler.cpp:367] [mgpu-audit] pipeline_task dispatched to GPU 3 task_id=77
[2026-07-01 08:02:17.244] [info] [task_scheduler.cpp:369] [locality-audit] dispatch task_id=77 preferred_device=3 actual_gpu=3
[2026-07-01 08:02:17.244] [info] [gpu_pipeline_task.cpp:182] [locality-audit] prepare_before pipeline_id=24 task_id=76 preferred_device=3 actual_gpu=3 target_tier=GPU target_device=3 input_bytes=1675744 local_bytes=1675744 remote_gpu_bytes=0 host_bytes=0 disk_bytes=0 batch_count=1
[2026-07-01 08:02:17.244] [info] [gpu_pipeline_task.cpp:182] [locality-audit] prepare_after pipeline_id=24 task_id=74 preferred_device=3 actual_gpu=3 target_tier=GPU target_device=3 input_bytes=1665632 local_bytes=1665632 remote_gpu_bytes=0 host_bytes=0 disk_bytes=0 batch_count=1
[2026-07-01 08:02:17.244] [info] [task_scheduler.cpp:367] [mgpu-audit] pipeline_task dispatched to GPU 3 task_id=78
[2026-07-01 08:02:17.244] [info] [task_scheduler.cpp:369] [locality-audit] dispatch task_id=78 preferred_device=3 actual_gpu=3
[2026-07-01 08:02:17.244] [info] [gpu_pipeline_task.cpp:182] [locality-audit] prepare_after pipeline_id=24 task_id=76 preferred_device=3 actual_gpu=3 target_tier=GPU target_device=3 input_bytes=1675744 local_bytes=1675744 remote_gpu_bytes=0 host_bytes=0 disk_bytes=0 batch_count=1
[2026-07-01 08:02:17.244] [info] [gpu_pipeline_task.cpp:311] [stage-audit] pipeline_id=24 task_id=76 operator_id=66 operator_name=PARTITION stage_kind=PARTITION operator_type=82 input_type=PIPELINEABLE output_type=PIPELINEABLE actual_gpu=3 pipeline_operator_count=1 input_batches=1 input_rows=51959 input_columns=3 input_bytes=1675744 output_batches=1 output_rows=51959 output_columns=3 output_bytes=1675744 byte_ratio=1.000000 row_ratio=1.000000 duration_us=2
[2026-07-01 08:02:17.244] [info] [gpu_pipeline_task.cpp:182] [locality-audit] prepare_before pipeline_id=24 task_id=77 preferred_device=3 actual_gpu=3 target_tier=GPU target_device=3 input_bytes=1662144 local_bytes=1662144 remote_gpu_bytes=0 host_bytes=0 disk_bytes=0 batch_count=1
[2026-07-01 08:02:17.244] [info] [gpu_pipeline_task.cpp:182] [locality-audit] prepare_before pipeline_id=24 task_id=78 preferred_device=3 actual_gpu=3 target_tier=GPU target_device=3 input_bytes=6006304 local_bytes=6006304 remote_gpu_bytes=0 host_bytes=0 disk_bytes=0 batch_count=1
[2026-07-01 08:02:17.244] [info] [gpu_pipeline_task.cpp:182] [locality-audit] prepare_after pipeline_id=24 task_id=78 preferred_device=3 actual_gpu=3 target_tier=GPU target_device=3 input_bytes=6006304 local_bytes=6006304 remote_gpu_bytes=0 host_bytes=0 disk_bytes=0 batch_count=1
[2026-07-01 08:02:17.244] [info] [gpu_pipeline_task.cpp:311] [stage-audit] pipeline_id=24 task_id=78 operator_id=66 operator_name=PARTITION stage_kind=PARTITION operator_type=82 input_type=PIPELINEABLE output_type=PIPELINEABLE actual_gpu=3 pipeline_operator_count=1 input_batches=1 input_rows=187697 input_columns=3 input_bytes=6006304 output_batches=1 output_rows=187697 output_columns=3 output_bytes=6006304 byte_ratio=1.000000 row_ratio=1.000000 duration_us=1
[2026-07-01 08:02:17.244] [info] [gpu_pipeline_task.cpp:311] [stage-audit] pipeline_id=24 task_id=74 operator_id=66 operator_name=PARTITION stage_kind=PARTITION operator_type=82 input_type=PIPELINEABLE output_type=PIPELINEABLE actual_gpu=3 pipeline_operator_count=1 input_batches=1 input_rows=51647 input_columns=3 input_bytes=1665632 output_batches=1 output_rows=51647 output_columns=3 output_bytes=1665632 byte_ratio=1.000000 row_ratio=1.000000 duration_us=10
[2026-07-01 08:02:17.244] [info] [gpu_pipeline_task.cpp:182] [locality-audit] prepare_after pipeline_id=24 task_id=77 preferred_device=3 actual_gpu=3 target_tier=GPU target_device=3 input_bytes=1662144 local_bytes=1662144 remote_gpu_bytes=0 host_bytes=0 disk_bytes=0 batch_count=1
[2026-07-01 08:02:17.244] [info] [task_scheduler.cpp:367] [mgpu-audit] pipeline_task dispatched to GPU 3 task_id=79
[2026-07-01 08:02:17.244] [info] [task_scheduler.cpp:369] [locality-audit] dispatch task_id=79 preferred_device=3 actual_gpu=3
[2026-07-01 08:02:17.244] [info] [gpu_pipeline_task.cpp:311] [stage-audit] pipeline_id=24 task_id=77 operator_id=66 operator_name=PARTITION stage_kind=PARTITION operator_type=82 input_type=PIPELINEABLE output_type=PIPELINEABLE actual_gpu=3 pipeline_operator_count=1 input_batches=1 input_rows=51538 input_columns=3 input_bytes=1662144 output_batches=1 output_rows=51538 output_columns=3 output_bytes=1662144 byte_ratio=1.000000 row_ratio=1.000000 duration_us=9
[2026-07-01 08:02:17.244] [info] [gpu_pipeline_task.cpp:182] [locality-audit] prepare_before pipeline_id=24 task_id=79 preferred_device=3 actual_gpu=3 target_tier=GPU target_device=3 input_bytes=5678272 local_bytes=5678272 remote_gpu_bytes=0 host_bytes=0 disk_bytes=0 batch_count=1
[2026-07-01 08:02:17.244] [info] [gpu_pipeline_task.cpp:182] [locality-audit] prepare_after pipeline_id=24 task_id=79 preferred_device=3 actual_gpu=3 target_tier=GPU target_device=3 input_bytes=5678272 local_bytes=5678272 remote_gpu_bytes=0 host_bytes=0 disk_bytes=0 batch_count=1
[2026-07-01 08:02:17.244] [info] [gpu_pipeline_task.cpp:311] [stage-audit] pipeline_id=24 task_id=79 operator_id=66 operator_name=PARTITION stage_kind=PARTITION operator_type=82 input_type=PIPELINEABLE output_type=PIPELINEABLE actual_gpu=3 pipeline_operator_count=1 input_batches=1 input_rows=177446 input_columns=3 input_bytes=5678272 output_batches=1 output_rows=177446 output_columns=3 output_bytes=5678272 byte_ratio=1.000000 row_ratio=1.000000 duration_us=1
[2026-07-01 08:02:17.244] [info] [task_scheduler.cpp:367] [mgpu-audit] pipeline_task dispatched to GPU 0 task_id=80
[2026-07-01 08:02:17.244] [info] [task_scheduler.cpp:369] [locality-audit] dispatch task_id=80 preferred_device=0 actual_gpu=0
[2026-07-01 08:02:17.244] [info] [gpu_pipeline_task.cpp:182] [locality-audit] prepare_before pipeline_id=25 task_id=80 preferred_device=0 actual_gpu=0 target_tier=GPU target_device=0 input_bytes=28724416 local_bytes=0 remote_gpu_bytes=28724416 host_bytes=0 disk_bytes=0 batch_count=7
[2026-07-01 08:02:17.247] [info] [gpu_pipeline_task.cpp:182] [locality-audit] prepare_after pipeline_id=25 task_id=80 preferred_device=0 actual_gpu=0 target_tier=GPU target_device=0 input_bytes=28724416 local_bytes=28724416 remote_gpu_bytes=0 host_bytes=0 disk_bytes=0 batch_count=7
[2026-07-01 08:02:17.261] [info] [gpu_pipeline_task.cpp:311] [stage-audit] pipeline_id=25 task_id=80 operator_id=67 operator_name=MERGE_GROUP_BY stage_kind=AGGREGATE operator_type=85 input_type=PARTITIONED output_type=PIPELINEABLE actual_gpu=0 pipeline_operator_count=1 input_batches=7 input_rows=896422 input_columns=21 input_bytes=28724416 output_batches=1 output_rows=594490 output_columns=3 output_bytes=19023680 byte_ratio=0.662283 row_ratio=0.663181 duration_us=13916
[2026-07-01 08:02:17.261] [info] [task_creator.cpp:352] [locality-audit] task_create operator_id=32 input_bytes=19023680 local_bytes=19023680 gpu_source_bytes=19023680 host_source_bytes=0 disk_source_bytes=0 gpu_sources=1 host_sources=0 preferred_device=0
[2026-07-01 08:02:17.262] [info] [task_scheduler.cpp:367] [mgpu-audit] pipeline_task dispatched to GPU 0 task_id=81
[2026-07-01 08:02:17.262] [info] [task_scheduler.cpp:369] [locality-audit] dispatch task_id=81 preferred_device=0 actual_gpu=0
[2026-07-01 08:02:17.262] [info] [gpu_pipeline_task.cpp:182] [locality-audit] prepare_before pipeline_id=26 task_id=81 preferred_device=0 actual_gpu=0 target_tier=GPU target_device=0 input_bytes=19023680 local_bytes=19023680 remote_gpu_bytes=0 host_bytes=0 disk_bytes=0 batch_count=1
[2026-07-01 08:02:17.262] [info] [gpu_pipeline_task.cpp:182] [locality-audit] prepare_after pipeline_id=26 task_id=81 preferred_device=0 actual_gpu=0 target_tier=GPU target_device=0 input_bytes=19023680 local_bytes=19023680 remote_gpu_bytes=0 host_bytes=0 disk_bytes=0 batch_count=1
[2026-07-01 08:02:17.266] [info] [gpu_pipeline_task.cpp:311] [stage-audit] pipeline_id=26 task_id=81 operator_id=32 operator_name=PROJECTION stage_kind=PROJECTION operator_type=13 input_type=PIPELINEABLE output_type=PIPELINEABLE actual_gpu=0 pipeline_operator_count=1 input_batches=1 input_rows=594490 input_columns=3 input_bytes=19023680 output_batches=1 output_rows=594490 output_columns=3 output_bytes=19023680 byte_ratio=1.000000 row_ratio=1.000000 duration_us=3839
[2026-07-01 08:02:17.266] [info] [task_creator.cpp:352] [locality-audit] task_create operator_id=69 input_bytes=19023680 local_bytes=19023680 gpu_source_bytes=19023680 host_source_bytes=0 disk_source_bytes=0 gpu_sources=1 host_sources=0 preferred_device=0
[2026-07-01 08:02:17.266] [info] [task_scheduler.cpp:367] [mgpu-audit] pipeline_task dispatched to GPU 0 task_id=82
[2026-07-01 08:02:17.266] [info] [task_scheduler.cpp:369] [locality-audit] dispatch task_id=82 preferred_device=0 actual_gpu=0
[2026-07-01 08:02:17.266] [info] [gpu_pipeline_task.cpp:182] [locality-audit] prepare_before pipeline_id=27 task_id=82 preferred_device=0 actual_gpu=0 target_tier=GPU target_device=0 input_bytes=19023680 local_bytes=19023680 remote_gpu_bytes=0 host_bytes=0 disk_bytes=0 batch_count=1
[2026-07-01 08:02:17.266] [info] [gpu_pipeline_task.cpp:182] [locality-audit] prepare_after pipeline_id=27 task_id=82 preferred_device=0 actual_gpu=0 target_tier=GPU target_device=0 input_bytes=19023680 local_bytes=19023680 remote_gpu_bytes=0 host_bytes=0 disk_bytes=0 batch_count=1
[2026-07-01 08:02:17.266] [info] [gpu_pipeline_task.cpp:311] [stage-audit] pipeline_id=27 task_id=82 operator_id=69 operator_name=PARTITION stage_kind=PARTITION operator_type=82 input_type=PIPELINEABLE output_type=PIPELINEABLE actual_gpu=0 pipeline_operator_count=1 input_batches=1 input_rows=594490 input_columns=3 input_bytes=19023680 output_batches=1 output_rows=594490 output_columns=3 output_bytes=19023680 byte_ratio=1.000000 row_ratio=1.000000 duration_us=3
[2026-07-01 08:02:17.266] [info] [task_scheduler.cpp:367] [mgpu-audit] pipeline_task dispatched to GPU 0 task_id=83
[2026-07-01 08:02:17.266] [info] [task_scheduler.cpp:369] [locality-audit] dispatch task_id=83 preferred_device=0 actual_gpu=0
[2026-07-01 08:02:17.267] [info] [gpu_pipeline_task.cpp:182] [locality-audit] prepare_before pipeline_id=28 task_id=83 preferred_device=0 actual_gpu=0 target_tier=GPU target_device=0 input_bytes=19023680 local_bytes=19023680 remote_gpu_bytes=0 host_bytes=0 disk_bytes=0 batch_count=1
[2026-07-01 08:02:17.267] [info] [gpu_pipeline_task.cpp:182] [locality-audit] prepare_after pipeline_id=28 task_id=83 preferred_device=0 actual_gpu=0 target_tier=GPU target_device=0 input_bytes=19023680 local_bytes=19023680 remote_gpu_bytes=0 host_bytes=0 disk_bytes=0 batch_count=1
[2026-07-01 08:02:17.267] [info] [gpu_pipeline_task.cpp:311] [stage-audit] pipeline_id=28 task_id=83 operator_id=68 operator_name=CONCAT stage_kind=CONCAT operator_type=83 input_type=PARTITIONED output_type=PARTITIONED actual_gpu=0 pipeline_operator_count=1 input_batches=1 input_rows=594490 input_columns=3 input_bytes=19023680 output_batches=1 output_rows=594490 output_columns=3 output_bytes=19023680 byte_ratio=1.000000 row_ratio=1.000000 duration_us=5
[2026-07-01 08:02:17.267] [info] [task_creator.cpp:352] [locality-audit] task_create operator_id=71 input_bytes=7738944 local_bytes=7738944 gpu_source_bytes=7738944 host_source_bytes=0 disk_source_bytes=0 gpu_sources=1 host_sources=0 preferred_device=0
[2026-07-01 08:02:17.267] [info] [task_creator.cpp:352] [locality-audit] task_create operator_id=71 input_bytes=5770368 local_bytes=5770368 gpu_source_bytes=5770368 host_source_bytes=0 disk_source_bytes=0 gpu_sources=1 host_sources=0 preferred_device=0
[2026-07-01 08:02:17.267] [info] [task_scheduler.cpp:367] [mgpu-audit] pipeline_task dispatched to GPU 0 task_id=84
[2026-07-01 08:02:17.267] [info] [task_scheduler.cpp:369] [locality-audit] dispatch task_id=84 preferred_device=0 actual_gpu=0
[2026-07-01 08:02:17.267] [info] [task_creator.cpp:352] [locality-audit] task_create operator_id=71 input_bytes=7718880 local_bytes=7718880 gpu_source_bytes=7718880 host_source_bytes=0 disk_source_bytes=0 gpu_sources=1 host_sources=0 preferred_device=0
[2026-07-01 08:02:17.267] [info] [task_scheduler.cpp:367] [mgpu-audit] pipeline_task dispatched to GPU 0 task_id=85
[2026-07-01 08:02:17.267] [info] [task_scheduler.cpp:369] [locality-audit] dispatch task_id=85 preferred_device=0 actual_gpu=0
[2026-07-01 08:02:17.267] [info] [gpu_pipeline_task.cpp:182] [locality-audit] prepare_before pipeline_id=29 task_id=84 preferred_device=0 actual_gpu=0 target_tier=GPU target_device=0 input_bytes=7738944 local_bytes=7738944 remote_gpu_bytes=0 host_bytes=0 disk_bytes=0 batch_count=1
[2026-07-01 08:02:17.267] [info] [gpu_pipeline_task.cpp:182] [locality-audit] prepare_after pipeline_id=29 task_id=84 preferred_device=0 actual_gpu=0 target_tier=GPU target_device=0 input_bytes=7738944 local_bytes=7738944 remote_gpu_bytes=0 host_bytes=0 disk_bytes=0 batch_count=1
[2026-07-01 08:02:17.267] [info] [task_scheduler.cpp:367] [mgpu-audit] pipeline_task dispatched to GPU 0 task_id=86
[2026-07-01 08:02:17.267] [info] [task_scheduler.cpp:369] [locality-audit] dispatch task_id=86 preferred_device=0 actual_gpu=0
[2026-07-01 08:02:17.267] [info] [gpu_pipeline_task.cpp:182] [locality-audit] prepare_before pipeline_id=29 task_id=85 preferred_device=0 actual_gpu=0 target_tier=GPU target_device=0 input_bytes=5770368 local_bytes=5770368 remote_gpu_bytes=0 host_bytes=0 disk_bytes=0 batch_count=1
[2026-07-01 08:02:17.267] [info] [gpu_pipeline_task.cpp:311] [stage-audit] pipeline_id=29 task_id=84 operator_id=71 operator_name=PARTITION stage_kind=PARTITION operator_type=82 input_type=PIPELINEABLE output_type=PIPELINEABLE actual_gpu=0 pipeline_operator_count=1 input_batches=1 input_rows=317488 input_columns=3 input_bytes=7738944 output_batches=1 output_rows=317488 output_columns=3 output_bytes=7738944 byte_ratio=1.000000 row_ratio=1.000000 duration_us=2
[2026-07-01 08:02:17.267] [info] [gpu_pipeline_task.cpp:182] [locality-audit] prepare_after pipeline_id=29 task_id=85 preferred_device=0 actual_gpu=0 target_tier=GPU target_device=0 input_bytes=5770368 local_bytes=5770368 remote_gpu_bytes=0 host_bytes=0 disk_bytes=0 batch_count=1
[2026-07-01 08:02:17.267] [info] [gpu_pipeline_task.cpp:182] [locality-audit] prepare_before pipeline_id=29 task_id=86 preferred_device=0 actual_gpu=0 target_tier=GPU target_device=0 input_bytes=7718880 local_bytes=7718880 remote_gpu_bytes=0 host_bytes=0 disk_bytes=0 batch_count=1
[2026-07-01 08:02:17.267] [info] [gpu_pipeline_task.cpp:311] [stage-audit] pipeline_id=29 task_id=85 operator_id=71 operator_name=PARTITION stage_kind=PARTITION operator_type=82 input_type=PIPELINEABLE output_type=PIPELINEABLE actual_gpu=0 pipeline_operator_count=1 input_batches=1 input_rows=236728 input_columns=3 input_bytes=5770368 output_batches=1 output_rows=236728 output_columns=3 output_bytes=5770368 byte_ratio=1.000000 row_ratio=1.000000 duration_us=3
[2026-07-01 08:02:17.267] [info] [gpu_pipeline_task.cpp:182] [locality-audit] prepare_after pipeline_id=29 task_id=86 preferred_device=0 actual_gpu=0 target_tier=GPU target_device=0 input_bytes=7718880 local_bytes=7718880 remote_gpu_bytes=0 host_bytes=0 disk_bytes=0 batch_count=1
[2026-07-01 08:02:17.267] [info] [gpu_pipeline_task.cpp:311] [stage-audit] pipeline_id=29 task_id=86 operator_id=71 operator_name=PARTITION stage_kind=PARTITION operator_type=82 input_type=PIPELINEABLE output_type=PIPELINEABLE actual_gpu=0 pipeline_operator_count=1 input_batches=1 input_rows=316668 input_columns=3 input_bytes=7718880 output_batches=1 output_rows=316668 output_columns=3 output_bytes=7718880 byte_ratio=1.000000 row_ratio=1.000000 duration_us=2
[2026-07-01 08:02:17.267] [info] [task_scheduler.cpp:367] [mgpu-audit] pipeline_task dispatched to GPU 0 task_id=87
[2026-07-01 08:02:17.267] [info] [task_scheduler.cpp:369] [locality-audit] dispatch task_id=87 preferred_device=0 actual_gpu=0
[2026-07-01 08:02:17.267] [info] [gpu_pipeline_task.cpp:182] [locality-audit] prepare_before pipeline_id=30 task_id=87 preferred_device=0 actual_gpu=0 target_tier=GPU target_device=0 input_bytes=21228192 local_bytes=21228192 remote_gpu_bytes=0 host_bytes=0 disk_bytes=0 batch_count=3
[2026-07-01 08:02:17.267] [info] [gpu_pipeline_task.cpp:182] [locality-audit] prepare_after pipeline_id=30 task_id=87 preferred_device=0 actual_gpu=0 target_tier=GPU target_device=0 input_bytes=21228192 local_bytes=21228192 remote_gpu_bytes=0 host_bytes=0 disk_bytes=0 batch_count=3
[2026-07-01 08:02:17.268] [info] [gpu_pipeline_task.cpp:311] [stage-audit] pipeline_id=30 task_id=87 operator_id=70 operator_name=CONCAT stage_kind=CONCAT operator_type=83 input_type=PARTITIONED output_type=PARTITIONED actual_gpu=0 pipeline_operator_count=1 input_batches=3 input_rows=870884 input_columns=9 input_bytes=21228192 output_batches=1 output_rows=870884 output_columns=3 output_bytes=20901216 byte_ratio=0.984597 row_ratio=1.000000 duration_us=502
[2026-07-01 08:02:17.268] [info] [task_scheduler.cpp:367] [mgpu-audit] pipeline_task dispatched to GPU 1 task_id=88
[2026-07-01 08:02:17.268] [info] [task_scheduler.cpp:369] [locality-audit] dispatch task_id=88 preferred_device=1 actual_gpu=1
[2026-07-01 08:02:17.268] [info] [gpu_pipeline_task.cpp:182] [locality-audit] prepare_before pipeline_id=31 task_id=88 preferred_device=1 actual_gpu=1 target_tier=GPU target_device=1 input_bytes=39924896 local_bytes=0 remote_gpu_bytes=39924896 host_bytes=0 disk_bytes=0 batch_count=2
[2026-07-01 08:02:17.272] [info] [gpu_pipeline_task.cpp:182] [locality-audit] prepare_after pipeline_id=31 task_id=88 preferred_device=1 actual_gpu=1 target_tier=GPU target_device=1 input_bytes=39924896 local_bytes=39924896 remote_gpu_bytes=0 host_bytes=0 disk_bytes=0 batch_count=2
[2026-07-01 08:02:17.276] [info] [gpu_pipeline_task.cpp:311] [stage-audit] pipeline_id=31 task_id=88 operator_id=33 operator_name=HASH_JOIN stage_kind=JOIN operator_type=33 input_type=PARTITIONED output_type=PIPELINEABLE actual_gpu=1 pipeline_operator_count=3 input_batches=2 input_rows=1465374 input_columns=6 input_bytes=39924896 output_batches=1 output_rows=870884 output_columns=3 output_bytes=27977152 byte_ratio=0.700745 row_ratio=0.594308 duration_us=3897
[2026-07-01 08:02:17.280] [info] [gpu_pipeline_task.cpp:311] [stage-audit] pipeline_id=31 task_id=88 operator_id=37 operator_name=FILTER stage_kind=FILTER operator_type=12 input_type=PIPELINEABLE output_type=PIPELINEABLE actual_gpu=1 pipeline_operator_count=3 input_batches=1 input_rows=870884 input_columns=3 input_bytes=27977152 output_batches=1 output_rows=593288 output_columns=3 output_bytes=19059392 byte_ratio=0.681248 row_ratio=0.681248 duration_us=3974
[2026-07-01 08:02:17.280] [info] [gpu_pipeline_task.cpp:311] [stage-audit] pipeline_id=31 task_id=88 operator_id=38 operator_name=PROJECTION stage_kind=PROJECTION operator_type=13 input_type=PIPELINEABLE output_type=PIPELINEABLE actual_gpu=1 pipeline_operator_count=3 input_batches=1 input_rows=593288 input_columns=3 input_bytes=19059392 output_batches=1 output_rows=593288 output_columns=1 output_bytes=4746304 byte_ratio=0.249027 row_ratio=1.000000 duration_us=46
[2026-07-01 08:02:17.280] [info] [task_scheduler.cpp:367] [mgpu-audit] pipeline_task dispatched to GPU 0 task_id=89
[2026-07-01 08:02:17.280] [info] [task_scheduler.cpp:369] [locality-audit] dispatch task_id=89 preferred_device=0 actual_gpu=0
[2026-07-01 08:02:17.282] [warning] [:] uring_reactor: device short read, retrying tail. slot=0 file_off=0 io_size=4096 bytes_read=2437 this_rd=2437
[2026-07-01 08:02:17.286] [info] [parquet_gpu_ingestible.cpp:696] [scan-audit] parquet_materialize target_gpu=0 files=/mnt/nvme/dataset/nation.parquet columns=n_nationkey,n_name row_groups=0 compressed_bytes=398 uncompressed_bytes=125 column_bytes=n_nationkey:125:125,n_name:273:302 output_rows=1 output_columns=2 split_count=1 duration_us=4842
[2026-07-01 08:02:17.286] [info] [gpu_pipeline_task.cpp:311] [stage-audit] pipeline_id=9 task_id=89 operator_id=53 operator_name=GPU_SCAN stage_kind=SCAN operator_type=94 input_type=GPU_SCAN output_type=PIPELINEABLE actual_gpu=0 pipeline_operator_count=1 input_batches=0 input_rows=0 input_columns=0 input_bytes=0 output_batches=1 output_rows=1 output_columns=1 output_bytes=68 byte_ratio=0.000000 row_ratio=0.000000 duration_us=4940
[2026-07-01 08:02:17.286] [info] [task_creator.cpp:352] [locality-audit] task_create operator_id=55 input_bytes=68 local_bytes=68 gpu_source_bytes=68 host_source_bytes=0 disk_source_bytes=0 gpu_sources=1 host_sources=0 preferred_device=0
[2026-07-01 08:02:17.286] [info] [task_scheduler.cpp:367] [mgpu-audit] pipeline_task dispatched to GPU 0 task_id=90
[2026-07-01 08:02:17.286] [info] [task_scheduler.cpp:369] [locality-audit] dispatch task_id=90 preferred_device=0 actual_gpu=0
[2026-07-01 08:02:17.286] [info] [gpu_pipeline_task.cpp:182] [locality-audit] prepare_before pipeline_id=10 task_id=90 preferred_device=0 actual_gpu=0 target_tier=GPU target_device=0 input_bytes=68 local_bytes=68 remote_gpu_bytes=0 host_bytes=0 disk_bytes=0 batch_count=1
[2026-07-01 08:02:17.286] [info] [gpu_pipeline_task.cpp:182] [locality-audit] prepare_after pipeline_id=10 task_id=90 preferred_device=0 actual_gpu=0 target_tier=GPU target_device=0 input_bytes=68 local_bytes=68 remote_gpu_bytes=0 host_bytes=0 disk_bytes=0 batch_count=1
[2026-07-01 08:02:17.286] [info] [gpu_pipeline_task.cpp:311] [stage-audit] pipeline_id=10 task_id=90 operator_id=55 operator_name=PARTITION stage_kind=PARTITION operator_type=82 input_type=PIPELINEABLE output_type=PIPELINEABLE actual_gpu=0 pipeline_operator_count=1 input_batches=1 input_rows=1 input_columns=1 input_bytes=68 output_batches=1 output_rows=1 output_columns=1 output_bytes=68 byte_ratio=1.000000 row_ratio=1.000000 duration_us=12
[2026-07-01 08:02:17.287] [info] [task_scheduler.cpp:367] [mgpu-audit] pipeline_task dispatched to GPU 0 task_id=91
[2026-07-01 08:02:17.287] [info] [task_scheduler.cpp:369] [locality-audit] dispatch task_id=91 preferred_device=0 actual_gpu=0
[2026-07-01 08:02:17.287] [info] [gpu_pipeline_task.cpp:182] [locality-audit] prepare_before pipeline_id=11 task_id=91 preferred_device=0 actual_gpu=0 target_tier=GPU target_device=0 input_bytes=68 local_bytes=68 remote_gpu_bytes=0 host_bytes=0 disk_bytes=0 batch_count=1
[2026-07-01 08:02:17.287] [info] [gpu_pipeline_task.cpp:182] [locality-audit] prepare_after pipeline_id=11 task_id=91 preferred_device=0 actual_gpu=0 target_tier=GPU target_device=0 input_bytes=68 local_bytes=68 remote_gpu_bytes=0 host_bytes=0 disk_bytes=0 batch_count=1
[2026-07-01 08:02:17.287] [info] [gpu_pipeline_task.cpp:311] [stage-audit] pipeline_id=11 task_id=91 operator_id=54 operator_name=CONCAT stage_kind=CONCAT operator_type=83 input_type=PARTITIONED output_type=PARTITIONED actual_gpu=0 pipeline_operator_count=1 input_batches=1 input_rows=1 input_columns=1 input_bytes=68 output_batches=1 output_rows=1 output_columns=1 output_bytes=68 byte_ratio=1.000000 row_ratio=1.000000 duration_us=9
[2026-07-01 08:02:17.287] [info] [task_scheduler.cpp:367] [mgpu-audit] pipeline_task dispatched to GPU 0 task_id=92
[2026-07-01 08:02:17.287] [info] [task_scheduler.cpp:369] [locality-audit] dispatch task_id=92 preferred_device=0 actual_gpu=0
[2026-07-01 08:02:17.355] [info] [parquet_gpu_ingestible.cpp:696] [scan-audit] parquet_materialize target_gpu=0 files=/mnt/nvme/dataset/supplier.parquet columns=s_suppkey,s_name,s_address,s_nationkey row_groups=0,1,2,3,4,5,6,7,8 compressed_bytes=38169662 uncompressed_bytes=59628813 column_bytes=s_suppkey:4003346:8000279,s_name:4966554:22000287,s_address:28569005:28997575,s_nationkey:630757:630672 output_rows=1000000 output_columns=4 split_count=1 duration_us=66989
[2026-07-01 08:02:17.355] [info] [gpu_pipeline_task.cpp:311] [stage-audit] pipeline_id=12 task_id=92 operator_id=56 operator_name=GPU_SCAN stage_kind=SCAN operator_type=94 input_type=GPU_SCAN output_type=PIPELINEABLE actual_gpu=0 pipeline_operator_count=1 input_batches=0 input_rows=0 input_columns=0 input_bytes=0 output_batches=1 output_rows=1000000 output_columns=4 output_bytes=63497512 byte_ratio=0.000000 row_ratio=0.000000 duration_us=67125
[2026-07-01 08:02:17.355] [info] [task_creator.cpp:352] [locality-audit] task_create operator_id=58 input_bytes=63497512 local_bytes=63497512 gpu_source_bytes=63497512 host_source_bytes=0 disk_source_bytes=0 gpu_sources=1 host_sources=0 preferred_device=0
[2026-07-01 08:02:17.355] [info] [task_scheduler.cpp:367] [mgpu-audit] pipeline_task dispatched to GPU 0 task_id=93
[2026-07-01 08:02:17.355] [info] [task_scheduler.cpp:369] [locality-audit] dispatch task_id=93 preferred_device=0 actual_gpu=0
[2026-07-01 08:02:17.355] [info] [gpu_pipeline_task.cpp:182] [locality-audit] prepare_before pipeline_id=13 task_id=93 preferred_device=0 actual_gpu=0 target_tier=GPU target_device=0 input_bytes=63497512 local_bytes=63497512 remote_gpu_bytes=0 host_bytes=0 disk_bytes=0 batch_count=1
[2026-07-01 08:02:17.355] [info] [gpu_pipeline_task.cpp:182] [locality-audit] prepare_after pipeline_id=13 task_id=93 preferred_device=0 actual_gpu=0 target_tier=GPU target_device=0 input_bytes=63497512 local_bytes=63497512 remote_gpu_bytes=0 host_bytes=0 disk_bytes=0 batch_count=1
[2026-07-01 08:02:17.355] [info] [gpu_pipeline_task.cpp:311] [stage-audit] pipeline_id=13 task_id=93 operator_id=58 operator_name=PARTITION stage_kind=PARTITION operator_type=82 input_type=PIPELINEABLE output_type=PIPELINEABLE actual_gpu=0 pipeline_operator_count=1 input_batches=1 input_rows=1000000 input_columns=4 input_bytes=63497512 output_batches=1 output_rows=1000000 output_columns=4 output_bytes=63497512 byte_ratio=1.000000 row_ratio=1.000000 duration_us=14
[2026-07-01 08:02:17.355] [info] [task_scheduler.cpp:367] [mgpu-audit] pipeline_task dispatched to GPU 0 task_id=94
[2026-07-01 08:02:17.355] [info] [task_scheduler.cpp:369] [locality-audit] dispatch task_id=94 preferred_device=0 actual_gpu=0
[2026-07-01 08:02:17.356] [info] [gpu_pipeline_task.cpp:182] [locality-audit] prepare_before pipeline_id=14 task_id=94 preferred_device=0 actual_gpu=0 target_tier=GPU target_device=0 input_bytes=63497512 local_bytes=63497512 remote_gpu_bytes=0 host_bytes=0 disk_bytes=0 batch_count=1
[2026-07-01 08:02:17.356] [info] [gpu_pipeline_task.cpp:182] [locality-audit] prepare_after pipeline_id=14 task_id=94 preferred_device=0 actual_gpu=0 target_tier=GPU target_device=0 input_bytes=63497512 local_bytes=63497512 remote_gpu_bytes=0 host_bytes=0 disk_bytes=0 batch_count=1
[2026-07-01 08:02:17.356] [info] [gpu_pipeline_task.cpp:311] [stage-audit] pipeline_id=14 task_id=94 operator_id=57 operator_name=CONCAT stage_kind=CONCAT operator_type=83 input_type=PARTITIONED output_type=PARTITIONED actual_gpu=0 pipeline_operator_count=1 input_batches=1 input_rows=1000000 input_columns=4 input_bytes=63497512 output_batches=1 output_rows=1000000 output_columns=4 output_bytes=63497512 byte_ratio=1.000000 row_ratio=1.000000 duration_us=3
[2026-07-01 08:02:17.356] [info] [task_scheduler.cpp:367] [mgpu-audit] pipeline_task dispatched to GPU 1 task_id=95
[2026-07-01 08:02:17.356] [info] [task_scheduler.cpp:369] [locality-audit] dispatch task_id=95 preferred_device=1 actual_gpu=1
[2026-07-01 08:02:17.356] [info] [gpu_pipeline_task.cpp:182] [locality-audit] prepare_before pipeline_id=15 task_id=95 preferred_device=1 actual_gpu=1 target_tier=GPU target_device=1 input_bytes=63497580 local_bytes=0 remote_gpu_bytes=63497580 host_bytes=0 disk_bytes=0 batch_count=2
[2026-07-01 08:02:17.362] [info] [gpu_pipeline_task.cpp:182] [locality-audit] prepare_after pipeline_id=15 task_id=95 preferred_device=1 actual_gpu=1 target_tier=GPU target_device=1 input_bytes=63497580 local_bytes=63497580 remote_gpu_bytes=0 host_bytes=0 disk_bytes=0 batch_count=2
[2026-07-01 08:02:17.363] [info] [gpu_pipeline_task.cpp:311] [stage-audit] pipeline_id=15 task_id=95 operator_id=41 operator_name=HASH_JOIN stage_kind=JOIN operator_type=33 input_type=PARTITIONED output_type=PIPELINEABLE actual_gpu=1 pipeline_operator_count=1 input_batches=2 input_rows=1000001 input_columns=5 input_bytes=63497580 output_batches=1 output_rows=39739 output_columns=4 output_bytes=2524491 byte_ratio=0.039757 row_ratio=0.039739 duration_us=1495
[2026-07-01 08:02:17.364] [info] [task_creator.cpp:352] [locality-audit] task_create operator_id=60 input_bytes=2524491 local_bytes=2524491 gpu_source_bytes=2524491 host_source_bytes=0 disk_source_bytes=0 gpu_sources=1 host_sources=0 preferred_device=1
[2026-07-01 08:02:17.364] [info] [task_scheduler.cpp:367] [mgpu-audit] pipeline_task dispatched to GPU 1 task_id=96
[2026-07-01 08:02:17.364] [info] [task_scheduler.cpp:369] [locality-audit] dispatch task_id=96 preferred_device=1 actual_gpu=1
[2026-07-01 08:02:17.364] [info] [gpu_pipeline_task.cpp:182] [locality-audit] prepare_before pipeline_id=16 task_id=96 preferred_device=1 actual_gpu=1 target_tier=GPU target_device=1 input_bytes=2524491 local_bytes=2524491 remote_gpu_bytes=0 host_bytes=0 disk_bytes=0 batch_count=1
[2026-07-01 08:02:17.364] [info] [gpu_pipeline_task.cpp:182] [locality-audit] prepare_after pipeline_id=16 task_id=96 preferred_device=1 actual_gpu=1 target_tier=GPU target_device=1 input_bytes=2524491 local_bytes=2524491 remote_gpu_bytes=0 host_bytes=0 disk_bytes=0 batch_count=1
[2026-07-01 08:02:17.364] [info] [gpu_pipeline_task.cpp:311] [stage-audit] pipeline_id=16 task_id=96 operator_id=60 operator_name=PARTITION stage_kind=PARTITION operator_type=82 input_type=PIPELINEABLE output_type=PIPELINEABLE actual_gpu=1 pipeline_operator_count=1 input_batches=1 input_rows=39739 input_columns=4 input_bytes=2524491 output_batches=1 output_rows=39739 output_columns=4 output_bytes=2524491 byte_ratio=1.000000 row_ratio=1.000000 duration_us=2
[2026-07-01 08:02:17.364] [info] [task_scheduler.cpp:367] [mgpu-audit] pipeline_task dispatched to GPU 0 task_id=97
[2026-07-01 08:02:17.364] [info] [task_scheduler.cpp:369] [locality-audit] dispatch task_id=97 preferred_device=0 actual_gpu=0
[2026-07-01 08:02:17.364] [info] [gpu_pipeline_task.cpp:182] [locality-audit] prepare_before pipeline_id=17 task_id=97 preferred_device=0 actual_gpu=0 target_tier=GPU target_device=0 input_bytes=2524491 local_bytes=0 remote_gpu_bytes=2524491 host_bytes=0 disk_bytes=0 batch_count=1
[2026-07-01 08:02:17.365] [info] [gpu_pipeline_task.cpp:182] [locality-audit] prepare_after pipeline_id=17 task_id=97 preferred_device=0 actual_gpu=0 target_tier=GPU target_device=0 input_bytes=2524491 local_bytes=2524491 remote_gpu_bytes=0 host_bytes=0 disk_bytes=0 batch_count=1
[2026-07-01 08:02:17.365] [info] [gpu_pipeline_task.cpp:311] [stage-audit] pipeline_id=17 task_id=97 operator_id=59 operator_name=CONCAT stage_kind=CONCAT operator_type=83 input_type=PARTITIONED output_type=PARTITIONED actual_gpu=0 pipeline_operator_count=1 input_batches=1 input_rows=39739 input_columns=4 input_bytes=2524491 output_batches=1 output_rows=39739 output_columns=4 output_bytes=2524491 byte_ratio=1.000000 row_ratio=1.000000 duration_us=9
[2026-07-01 08:02:17.365] [info] [task_creator.cpp:352] [locality-audit] task_create operator_id=73 input_bytes=4746304 local_bytes=4746304 gpu_source_bytes=4746304 host_source_bytes=0 disk_source_bytes=0 gpu_sources=1 host_sources=0 preferred_device=1
[2026-07-01 08:02:17.365] [info] [task_scheduler.cpp:367] [mgpu-audit] pipeline_task dispatched to GPU 1 task_id=98
[2026-07-01 08:02:17.365] [info] [task_scheduler.cpp:369] [locality-audit] dispatch task_id=98 preferred_device=1 actual_gpu=1
[2026-07-01 08:02:17.365] [info] [gpu_pipeline_task.cpp:182] [locality-audit] prepare_before pipeline_id=32 task_id=98 preferred_device=1 actual_gpu=1 target_tier=GPU target_device=1 input_bytes=4746304 local_bytes=4746304 remote_gpu_bytes=0 host_bytes=0 disk_bytes=0 batch_count=1
[2026-07-01 08:02:17.365] [info] [gpu_pipeline_task.cpp:182] [locality-audit] prepare_after pipeline_id=32 task_id=98 preferred_device=1 actual_gpu=1 target_tier=GPU target_device=1 input_bytes=4746304 local_bytes=4746304 remote_gpu_bytes=0 host_bytes=0 disk_bytes=0 batch_count=1
[2026-07-01 08:02:17.365] [info] [gpu_pipeline_task.cpp:311] [stage-audit] pipeline_id=32 task_id=98 operator_id=73 operator_name=PARTITION stage_kind=PARTITION operator_type=82 input_type=PIPELINEABLE output_type=PIPELINEABLE actual_gpu=1 pipeline_operator_count=1 input_batches=1 input_rows=593288 input_columns=1 input_bytes=4746304 output_batches=1 output_rows=593288 output_columns=1 output_bytes=4746304 byte_ratio=1.000000 row_ratio=1.000000 duration_us=10
[2026-07-01 08:02:17.365] [info] [task_scheduler.cpp:367] [mgpu-audit] pipeline_task dispatched to GPU 0 task_id=99
[2026-07-01 08:02:17.365] [info] [task_scheduler.cpp:369] [locality-audit] dispatch task_id=99 preferred_device=0 actual_gpu=0
[2026-07-01 08:02:17.365] [info] [gpu_pipeline_task.cpp:182] [locality-audit] prepare_before pipeline_id=33 task_id=99 preferred_device=0 actual_gpu=0 target_tier=GPU target_device=0 input_bytes=4746304 local_bytes=0 remote_gpu_bytes=4746304 host_bytes=0 disk_bytes=0 batch_count=1
[2026-07-01 08:02:17.366] [info] [gpu_pipeline_task.cpp:182] [locality-audit] prepare_after pipeline_id=33 task_id=99 preferred_device=0 actual_gpu=0 target_tier=GPU target_device=0 input_bytes=4746304 local_bytes=4746304 remote_gpu_bytes=0 host_bytes=0 disk_bytes=0 batch_count=1
[2026-07-01 08:02:17.366] [info] [gpu_pipeline_task.cpp:311] [stage-audit] pipeline_id=33 task_id=99 operator_id=72 operator_name=CONCAT stage_kind=CONCAT operator_type=83 input_type=PARTITIONED output_type=PARTITIONED actual_gpu=0 pipeline_operator_count=1 input_batches=1 input_rows=593288 input_columns=1 input_bytes=4746304 output_batches=1 output_rows=593288 output_columns=1 output_bytes=4746304 byte_ratio=1.000000 row_ratio=1.000000 duration_us=2
[2026-07-01 08:02:17.366] [info] [task_scheduler.cpp:367] [mgpu-audit] pipeline_task dispatched to GPU 0 task_id=100
[2026-07-01 08:02:17.366] [info] [task_scheduler.cpp:369] [locality-audit] dispatch task_id=100 preferred_device=0 actual_gpu=0
[2026-07-01 08:02:17.366] [info] [gpu_pipeline_task.cpp:182] [locality-audit] prepare_before pipeline_id=34 task_id=100 preferred_device=0 actual_gpu=0 target_tier=GPU target_device=0 input_bytes=7270795 local_bytes=7270795 remote_gpu_bytes=0 host_bytes=0 disk_bytes=0 batch_count=2
[2026-07-01 08:02:17.366] [info] [gpu_pipeline_task.cpp:182] [locality-audit] prepare_after pipeline_id=34 task_id=100 preferred_device=0 actual_gpu=0 target_tier=GPU target_device=0 input_bytes=7270795 local_bytes=7270795 remote_gpu_bytes=0 host_bytes=0 disk_bytes=0 batch_count=2
[2026-07-01 08:02:17.368] [info] [gpu_pipeline_task.cpp:311] [stage-audit] pipeline_id=34 task_id=100 operator_id=42 operator_name=HASH_JOIN stage_kind=JOIN operator_type=33 input_type=PARTITIONED output_type=PIPELINEABLE actual_gpu=0 pipeline_operator_count=2 input_batches=2 input_rows=633027 input_columns=5 input_bytes=7270795 output_batches=1 output_rows=17690 output_columns=2 output_bytes=907251 byte_ratio=0.124780 row_ratio=0.027945 duration_us=2392
[2026-07-01 08:02:17.374] [info] [gpu_pipeline_task.cpp:311] [stage-audit] pipeline_id=34 task_id=100 operator_id=43 operator_name=ORDER_BY stage_kind=SORT operator_type=1 input_type=PIPELINEABLE output_type=PIPELINEABLE actual_gpu=0 pipeline_operator_count=2 input_batches=1 input_rows=17690 input_columns=2 input_bytes=907251 output_batches=1 output_rows=17690 output_columns=2 output_bytes=907251 byte_ratio=1.000000 row_ratio=1.000000 duration_us=5774
[2026-07-01 08:02:17.374] [info] [task_creator.cpp:352] [locality-audit] task_create operator_id=74 input_bytes=907251 local_bytes=907251 gpu_source_bytes=907251 host_source_bytes=0 disk_source_bytes=0 gpu_sources=1 host_sources=0 preferred_device=0
[2026-07-01 08:02:17.374] [info] [task_scheduler.cpp:367] [mgpu-audit] pipeline_task dispatched to GPU 0 task_id=101
[2026-07-01 08:02:17.374] [info] [task_scheduler.cpp:369] [locality-audit] dispatch task_id=101 preferred_device=0 actual_gpu=0
[2026-07-01 08:02:17.374] [info] [gpu_pipeline_task.cpp:182] [locality-audit] prepare_before pipeline_id=35 task_id=101 preferred_device=0 actual_gpu=0 target_tier=GPU target_device=0 input_bytes=907251 local_bytes=907251 remote_gpu_bytes=0 host_bytes=0 disk_bytes=0 batch_count=1
[2026-07-01 08:02:17.374] [info] [gpu_pipeline_task.cpp:182] [locality-audit] prepare_after pipeline_id=35 task_id=101 preferred_device=0 actual_gpu=0 target_tier=GPU target_device=0 input_bytes=907251 local_bytes=907251 remote_gpu_bytes=0 host_bytes=0 disk_bytes=0 batch_count=1
[2026-07-01 08:02:17.375] [info] [gpu_pipeline_task.cpp:311] [stage-audit] pipeline_id=35 task_id=101 operator_id=74 operator_name=SORT_SAMPLE stage_kind=SORT operator_type=89 input_type=PIPELINEABLE output_type=PIPELINEABLE actual_gpu=0 pipeline_operator_count=2 input_batches=1 input_rows=17690 input_columns=2 input_bytes=907251 output_batches=1 output_rows=17690 output_columns=2 output_bytes=907251 byte_ratio=1.000000 row_ratio=1.000000 duration_us=440
[2026-07-01 08:02:17.382] [info] [gpu_pipeline_task.cpp:311] [stage-audit] pipeline_id=35 task_id=101 operator_id=75 operator_name=SORT_PARTITION stage_kind=SORT operator_type=88 input_type=PIPELINEABLE output_type=PIPELINEABLE actual_gpu=0 pipeline_operator_count=2 input_batches=1 input_rows=17690 input_columns=2 input_bytes=907251 output_batches=5 output_rows=17690 output_columns=10 output_bytes=907283 byte_ratio=1.000035 row_ratio=1.000000 duration_us=7725
[2026-07-01 08:02:17.383] [info] [task_creator.cpp:352] [locality-audit] task_create operator_id=76 input_bytes=907283 local_bytes=907283 gpu_source_bytes=907283 host_source_bytes=0 disk_source_bytes=0 gpu_sources=1 host_sources=0 preferred_device=0
[2026-07-01 08:02:17.383] [info] [task_scheduler.cpp:367] [mgpu-audit] pipeline_task dispatched to GPU 0 task_id=102
[2026-07-01 08:02:17.383] [info] [task_scheduler.cpp:369] [locality-audit] dispatch task_id=102 preferred_device=0 actual_gpu=0
[2026-07-01 08:02:17.383] [info] [gpu_pipeline_task.cpp:182] [locality-audit] prepare_before pipeline_id=36 task_id=102 preferred_device=0 actual_gpu=0 target_tier=GPU target_device=0 input_bytes=907283 local_bytes=907283 remote_gpu_bytes=0 host_bytes=0 disk_bytes=0 batch_count=5
[2026-07-01 08:02:17.383] [info] [gpu_pipeline_task.cpp:182] [locality-audit] prepare_after pipeline_id=36 task_id=102 preferred_device=0 actual_gpu=0 target_tier=GPU target_device=0 input_bytes=907283 local_bytes=907283 remote_gpu_bytes=0 host_bytes=0 disk_bytes=0 batch_count=5
[2026-07-01 08:02:17.392] [info] [gpu_pipeline_task.cpp:311] [stage-audit] pipeline_id=36 task_id=102 operator_id=76 operator_name=MERGE_SORT stage_kind=SORT operator_type=84 input_type=PIPELINEABLE output_type=PIPELINEABLE actual_gpu=0 pipeline_operator_count=1 input_batches=5 input_rows=17690 input_columns=10 input_bytes=907283 output_batches=1 output_rows=17690 output_columns=2 output_bytes=902771 byte_ratio=0.995027 row_ratio=1.000000 duration_us=8799
[2026-07-01 08:02:17.392] [info] [task_creator.cpp:352] [locality-audit] task_create operator_id=44 input_bytes=902771 local_bytes=902771 gpu_source_bytes=902771 host_source_bytes=0 disk_source_bytes=0 gpu_sources=1 host_sources=0 preferred_device=0
[2026-07-01 08:02:17.392] [info] [task_scheduler.cpp:367] [mgpu-audit] pipeline_task dispatched to GPU 0 task_id=103
[2026-07-01 08:02:17.392] [info] [task_scheduler.cpp:369] [locality-audit] dispatch task_id=103 preferred_device=0 actual_gpu=0
[2026-07-01 08:02:17.392] [info] [gpu_pipeline_task.cpp:182] [locality-audit] prepare_before pipeline_id=37 task_id=103 preferred_device=0 actual_gpu=0 target_tier=GPU target_device=0 input_bytes=902771 local_bytes=902771 remote_gpu_bytes=0 host_bytes=0 disk_bytes=0 batch_count=1
[2026-07-01 08:02:17.392] [info] [gpu_pipeline_task.cpp:182] [locality-audit] prepare_after pipeline_id=37 task_id=103 preferred_device=0 actual_gpu=0 target_tier=GPU target_device=0 input_bytes=902771 local_bytes=902771 remote_gpu_bytes=0 host_bytes=0 disk_bytes=0 batch_count=1
[2026-07-01 08:02:17.392] [info] [gpu_pipeline_task.cpp:311] [stage-audit] pipeline_id=37 task_id=103 operator_id=44 operator_name=RESULT_COLLECTOR stage_kind=RESULT operator_type=76 input_type=PIPELINEABLE output_type=PIPELINEABLE actual_gpu=0 pipeline_operator_count=1 input_batches=1 input_rows=17690 input_columns=2 input_bytes=902771 output_batches=1 output_rows=17690 output_columns=2 output_bytes=902771 byte_ratio=1.000000 row_ratio=1.000000 duration_us=8
[2026-07-01 08:02:17.412] [info] [gpu_pipeline_executor.cpp:118] GPU Pipeline Executor: task queue interrupted, stopping manager loop
[2026-07-01 08:02:17.412] [info] [gpu_pipeline_executor.cpp:118] GPU Pipeline Executor: task queue interrupted, stopping manager loop
[2026-07-01 08:02:17.413] [info] [gpu_pipeline_executor.cpp:118] GPU Pipeline Executor: task queue interrupted, stopping manager loop
[2026-07-01 08:02:17.413] [info] [gpu_pipeline_executor.cpp:118] GPU Pipeline Executor: task queue interrupted, stopping manager loop
[2026-07-01 08:02:17.424] [info] [physical_sirius_execution.cpp:160] Transparent GPU execution: query completed
[2026-07-01 08:02:17.444] [info] [sirius_context.cpp:258] QueryEnd
[2026-07-01 08:02:17.461] [info] [:] [host_pool] HOST:0 QueryEnd allocated=5242880 bytes peak=30408704 bytes free_blocks=507
[2026-07-01 08:02:17.461] [info] [:] [gpu_pool] GPU:0 QueryEnd allocated=0 bytes peak=14277114458 bytes reserved=0 bytes
[2026-07-01 08:02:17.461] [info] [:] [gpu_pool] GPU:1 QueryEnd allocated=0 bytes peak=12988562448 bytes reserved=0 bytes
[2026-07-01 08:02:17.461] [info] [:] [gpu_pool] GPU:2 QueryEnd allocated=0 bytes peak=14665712383 bytes reserved=0 bytes
[2026-07-01 08:02:17.461] [info] [:] [gpu_pool] GPU:3 QueryEnd allocated=0 bytes peak=14658095389 bytes reserved=0 bytes
[2026-07-01 08:02:17.470] [info] [:] [host_pool] HOST:0 QueryBegin allocated=5242880 bytes peak=30408704 bytes free_blocks=507
[2026-07-01 08:02:17.470] [info] [:] [gpu_pool] GPU:0 QueryBegin allocated=0 bytes peak=14277114458 bytes reserved=0 bytes
[2026-07-01 08:02:17.470] [info] [:] [gpu_pool] GPU:1 QueryBegin allocated=0 bytes peak=12988562448 bytes reserved=0 bytes
[2026-07-01 08:02:17.470] [info] [:] [gpu_pool] GPU:2 QueryBegin allocated=0 bytes peak=14665712383 bytes reserved=0 bytes
[2026-07-01 08:02:17.470] [info] [:] [gpu_pool] GPU:3 QueryBegin allocated=0 bytes peak=14658095389 bytes reserved=0 bytes
[2026-07-01 08:02:17.470] [info] [sirius_context.cpp:242] QueryBegin: SQL: SET gpu_execution = true;
[2026-07-01 08:02:17.470] [info] [sirius_context.cpp:258] QueryEnd
[2026-07-01 08:02:17.491] [info] [:] [host_pool] HOST:0 QueryEnd allocated=5242880 bytes peak=30408704 bytes free_blocks=507
[2026-07-01 08:02:17.491] [info] [:] [gpu_pool] GPU:0 QueryEnd allocated=0 bytes peak=14277114458 bytes reserved=0 bytes
[2026-07-01 08:02:17.491] [info] [:] [gpu_pool] GPU:1 QueryEnd allocated=0 bytes peak=12988562448 bytes reserved=0 bytes
[2026-07-01 08:02:17.491] [info] [:] [gpu_pool] GPU:2 QueryEnd allocated=0 bytes peak=14665712383 bytes reserved=0 bytes
[2026-07-01 08:02:17.491] [info] [:] [gpu_pool] GPU:3 QueryEnd allocated=0 bytes peak=14658095389 bytes reserved=0 bytes
[2026-07-01 08:02:17.491] [info] [:] [host_pool] HOST:0 QueryBegin allocated=5242880 bytes peak=30408704 bytes free_blocks=507
[2026-07-01 08:02:17.491] [info] [:] [gpu_pool] GPU:0 QueryBegin allocated=0 bytes peak=14277114458 bytes reserved=0 bytes
[2026-07-01 08:02:17.491] [info] [:] [gpu_pool] GPU:1 QueryBegin allocated=0 bytes peak=12988562448 bytes reserved=0 bytes
[2026-07-01 08:02:17.491] [info] [:] [gpu_pool] GPU:2 QueryBegin allocated=0 bytes peak=14665712383 bytes reserved=0 bytes
[2026-07-01 08:02:17.491] [info] [:] [gpu_pool] GPU:3 QueryBegin allocated=0 bytes peak=14658095389 bytes reserved=0 bytes
[2026-07-01 08:02:17.491] [info] [sirius_context.cpp:242] QueryBegin: SQL: select supp_nation, cust_nation, l_year, sum(volume) as revenue from ( select n1.n_name as supp_nation, n2.n_name as cust_nation, extract(year from l.l_shipdate) as l_year, l.l_extendedprice * (1 - l.l_discount) as volume from supplier s, lineitem l, orders o, customer c, nation n1, nation n2 where s.s_suppkey = l.l_suppkey and o.o_orderkey = l.l_orderkey and c.c_custkey = o.o_custkey and s.s_nationkey = n1.n_nationkey and c.c_nationkey = n2.n_nationkey and ( (n1.n_name = 'EGYPT' and n2.n_name = 'UNITED STATES') or (n1.n_name = 'UNITED STATES' and n2.n_name = 'EGYPT') ) and l.l_shipdate between date '1995-01-01' and date '1996-12-31' ) as shipping group by supp_nation, cust_nation, l_year order by supp_nation, cust_nation, l_year
[2026-07-01 08:02:17.734] [info] [sirius_context.cpp:954] Transparent execution: Sirius physical plan generated successfully
[2026-07-01 08:02:17.747] [info] [sirius_context.cpp:966] Transparent execution: physical plan replaced with GPU operator
[2026-07-01 08:02:17.747] [info] [physical_sirius_execution.cpp:96] Transparent GPU execution: executing query
[2026-07-01 08:02:17.810] [info] [sirius_engine.cpp:400] Query Plan:
=== Pipeline Overview ===
Pipeline #0: GPU_SCAN (id=35) -> FILTER (id=21)
  Output: -> PARTITION [port: default, barrier: FULL]
Pipeline #1: PARTITION (id=37)
  Input: <- Pipeline #0 [on: PARTITION (id=37), port: default, barrier: FULL]
  Dependencies: Pipeline #0
  Output: -> CONCAT [port: default, barrier: PARTIAL]
Pipeline #2: CONCAT (id=36)
  Input: <- Pipeline #1 [on: CONCAT (id=36), port: default, barrier: PARTIAL]
  Dependencies: Pipeline #1
  Output: -> HASH_JOIN [port: build, barrier: FULL]
Pipeline #3: GPU_SCAN (id=38)
  Output: -> PARTITION [port: default, barrier: PARTIAL]
Pipeline #4: PARTITION (id=40)
  Input: <- Pipeline #3 [on: PARTITION (id=40), port: default, barrier: PARTIAL]
  Dependencies: Pipeline #3
  Output: -> CONCAT [port: default, barrier: PARTIAL]
Pipeline #5: CONCAT (id=39)
  Input: <- Pipeline #4 [on: CONCAT (id=39), port: default, barrier: PARTIAL]
  Dependencies: Pipeline #4
  Output: -> HASH_JOIN [port: default, barrier: FULL]
Pipeline #6: HASH_JOIN (id=22)
  Input: <- Pipeline #5 [on: HASH_JOIN (id=22), port: default, barrier: FULL]
  Input: <- Pipeline #2 [on: HASH_JOIN (id=22), port: build, barrier: FULL]
  Dependencies: Pipeline #2, Pipeline #5
  Output: -> PARTITION [port: default, barrier: FULL]
Pipeline #7: PARTITION (id=42)
  Input: <- Pipeline #6 [on: PARTITION (id=42), port: default, barrier: FULL]
  Dependencies: Pipeline #6
  Output: -> CONCAT [port: default, barrier: PARTIAL]
Pipeline #8: CONCAT (id=41)
  Input: <- Pipeline #7 [on: CONCAT (id=41), port: default, barrier: PARTIAL]
  Dependencies: Pipeline #7
  Output: -> HASH_JOIN [port: build, barrier: FULL]
Pipeline #9: GPU_SCAN (id=43)
  Output: -> PARTITION [port: default, barrier: PARTIAL]
Pipeline #10: PARTITION (id=45)
  Input: <- Pipeline #9 [on: PARTITION (id=45), port: default, barrier: PARTIAL]
  Dependencies: Pipeline #9
  Output: -> CONCAT [port: default, barrier: PARTIAL]
Pipeline #11: CONCAT (id=44)
  Input: <- Pipeline #10 [on: CONCAT (id=44), port: default, barrier: PARTIAL]
  Dependencies: Pipeline #10
  Output: -> HASH_JOIN [port: default, barrier: FULL]
Pipeline #12: HASH_JOIN (id=23)
  Input: <- Pipeline #11 [on: HASH_JOIN (id=23), port: default, barrier: FULL]
  Input: <- Pipeline #8 [on: HASH_JOIN (id=23), port: build, barrier: FULL]
  Dependencies: Pipeline #8, Pipeline #11
  Output: -> PARTITION [port: default, barrier: FULL]
Pipeline #13: PARTITION (id=47)
  Input: <- Pipeline #12 [on: PARTITION (id=47), port: default, barrier: FULL]
  Dependencies: Pipeline #12
  Output: -> CONCAT [port: default, barrier: PARTIAL]
Pipeline #14: CONCAT (id=46)
  Input: <- Pipeline #13 [on: CONCAT (id=46), port: default, barrier: PARTIAL]
  Dependencies: Pipeline #13
  Output: -> HASH_JOIN [port: build, barrier: FULL]
Pipeline #15: GPU_SCAN (id=48) -> FILTER (id=27)
  Output: -> PARTITION [port: default, barrier: FULL]
Pipeline #16: PARTITION (id=50)
  Input: <- Pipeline #15 [on: PARTITION (id=50), port: default, barrier: FULL]
  Dependencies: Pipeline #15
  Output: -> CONCAT [port: default, barrier: PARTIAL]
Pipeline #17: CONCAT (id=49)
  Input: <- Pipeline #16 [on: CONCAT (id=49), port: default, barrier: PARTIAL]
  Dependencies: Pipeline #16
  Output: -> HASH_JOIN [port: build, barrier: FULL]
Pipeline #18: GPU_SCAN (id=51)
  Output: -> PARTITION [port: default, barrier: PARTIAL]
Pipeline #19: PARTITION (id=53)
  Input: <- Pipeline #18 [on: PARTITION (id=53), port: default, barrier: PARTIAL]
  Dependencies: Pipeline #18
  Output: -> CONCAT [port: default, barrier: PARTIAL]
Pipeline #20: CONCAT (id=52)
  Input: <- Pipeline #19 [on: CONCAT (id=52), port: default, barrier: PARTIAL]
  Dependencies: Pipeline #19
  Output: -> HASH_JOIN [port: default, barrier: FULL]
Pipeline #21: HASH_JOIN (id=28)
  Input: <- Pipeline #20 [on: HASH_JOIN (id=28), port: default, barrier: FULL]
  Input: <- Pipeline #17 [on: HASH_JOIN (id=28), port: build, barrier: FULL]
  Dependencies: Pipeline #17, Pipeline #20
  Output: -> PARTITION [port: default, barrier: FULL]
Pipeline #22: PARTITION (id=55)
  Input: <- Pipeline #21 [on: PARTITION (id=55), port: default, barrier: FULL]
  Dependencies: Pipeline #21
  Output: -> CONCAT [port: default, barrier: PARTIAL]
Pipeline #23: CONCAT (id=54)
  Input: <- Pipeline #22 [on: CONCAT (id=54), port: default, barrier: PARTIAL]
  Dependencies: Pipeline #22
  Output: -> HASH_JOIN [port: build, barrier: FULL]
Pipeline #24: GPU_SCAN (id=56)
  Output: -> PARTITION [port: default, barrier: PARTIAL]
Pipeline #25: PARTITION (id=58)
  Input: <- Pipeline #24 [on: PARTITION (id=58), port: default, barrier: PARTIAL]
  Dependencies: Pipeline #24
  Output: -> CONCAT [port: default, barrier: PARTIAL]
Pipeline #26: CONCAT (id=57)
  Input: <- Pipeline #25 [on: CONCAT (id=57), port: default, barrier: PARTIAL]
  Dependencies: Pipeline #25
  Output: -> HASH_JOIN [port: default, barrier: FULL]
Pipeline #27: HASH_JOIN (id=24)
  Input: <- Pipeline #26 [on: HASH_JOIN (id=24), port: default, barrier: FULL]
  Input: <- Pipeline #14 [on: HASH_JOIN (id=24), port: build, barrier: FULL]
  Dependencies: Pipeline #14, Pipeline #26
  Output: -> PARTITION [port: default, barrier: PARTIAL]
Pipeline #28: PARTITION (id=60)
  Input: <- Pipeline #27 [on: PARTITION (id=60), port: default, barrier: PARTIAL]
  Dependencies: Pipeline #27
  Output: -> CONCAT [port: default, barrier: PARTIAL]
Pipeline #29: CONCAT (id=59)
  Input: <- Pipeline #28 [on: CONCAT (id=59), port: default, barrier: PARTIAL]
  Dependencies: Pipeline #28
  Output: -> HASH_JOIN [port: default, barrier: FULL]
Pipeline #30: HASH_JOIN (id=29) -> FILTER (id=30) -> PROJECTION (id=31) -> HASH_GROUP_BY (id=32)
  Input: <- Pipeline #29 [on: HASH_JOIN (id=29), port: default, barrier: FULL]
  Input: <- Pipeline #23 [on: HASH_JOIN (id=29), port: build, barrier: FULL]
  Dependencies: Pipeline #23, Pipeline #29
  Output: -> PARTITION [port: default, barrier: FULL]
Pipeline #31: PARTITION (id=61)
  Input: <- Pipeline #30 [on: PARTITION (id=61), port: default, barrier: FULL]
  Dependencies: Pipeline #30
  Output: -> MERGE_GROUP_BY [port: default, barrier: FULL]
Pipeline #32: MERGE_GROUP_BY (id=62)
  Input: <- Pipeline #31 [on: MERGE_GROUP_BY (id=62), port: default, barrier: FULL]
  Dependencies: Pipeline #31
  Output: -> ORDER_BY [port: default, barrier: FULL]
Pipeline #33: ORDER_BY (id=33)
  Input: <- Pipeline #32 [on: ORDER_BY (id=33), port: default, barrier: FULL]
  Dependencies: Pipeline #32
  Output: -> SORT_SAMPLE [port: default, barrier: PIPELINE]
Pipeline #34: SORT_SAMPLE (id=63) -> SORT_PARTITION (id=64)
  Input: <- Pipeline #33 [on: SORT_SAMPLE (id=63), port: default, barrier: PIPELINE]
  Dependencies: Pipeline #33
  Output: -> MERGE_SORT [port: default, barrier: FULL]
Pipeline #35: MERGE_SORT (id=65)
  Input: <- Pipeline #34 [on: MERGE_SORT (id=65), port: default, barrier: FULL]
  Dependencies: Pipeline #34
  Output: -> RESULT_COLLECTOR [port: default, barrier: FULL]
Pipeline #36: RESULT_COLLECTOR (id=34)
  Input: <- Pipeline #35 [on: RESULT_COLLECTOR (id=34), port: default, barrier: FULL]
  Dependencies: Pipeline #35

=== Query Plan DAG ===
┌──────────────────────────┐                                                                                                                                            
│ Pipeline #36             │                                                                                                                                            
│ RESULT_COLLECTOR (id=34) │                                                                                                                                            
│ Input(#35): FULL         │                                                                                                                                            
└────────────┬─────────────┘                                                                                                                                            
             │                                                                                                                                                          
┌──────────────────────────┐                                                                                                                                            
│ Pipeline #35             │                                                                                                                                            
│ MERGE_SORT (id=65)       │                                                                                                                                            
│ Input(#34): FULL         │                                                                                                                                            
└────────────┬─────────────┘                                                                                                                                            
             │                                                                                                                                                          
┌──────────────────────────┐                                                                                                                                            
│ Pipeline #34             │                                                                                                                                            
│ SORT_PARTITION (id=64)   │                                                                                                                                            
│ SORT_SAMPLE (id=63)      │                                                                                                                                            
│ Input(#33): PIPELINE     │                                                                                                                                            
└────────────┬─────────────┘                                                                                                                                            
             │                                                                                                                                                          
┌──────────────────────────┐                                                                                                                                            
│ Pipeline #33             │                                                                                                                                            
│ ORDER_BY (id=33)         │                                                                                                                                            
│ Input(#32): FULL         │                                                                                                                                            
└────────────┬─────────────┘                                                                                                                                            
             │                                                                                                                                                          
┌──────────────────────────┐                                                                                                                                            
│ Pipeline #32             │                                                                                                                                            
│ MERGE_GROUP_BY (id=62)   │                                                                                                                                            
│ Input(#31): FULL         │                                                                                                                                            
└────────────┬─────────────┘                                                                                                                                            
             │                                                                                                                                                          
┌──────────────────────────┐                                                                                                                                            
│ Pipeline #31             │                                                                                                                                            
│ PARTITION (id=61)        │                                                                                                                                            
│ Input(#30): FULL         │                                                                                                                                            
└────────────┬─────────────┘                                                                                                                                            
             │                                                                                                                                                          
┌──────────────────────────┐                                                                                                                                            
│ Pipeline #30             │                                                                                                                                            
│ HASH_GROUP_BY (id=32)    │                                                                                                                                            
│ PROJECTION (id=31)       │                                                                                                                                            
│ FILTER (id=30)           │                                                                                                                                            
│ HASH_JOIN (id=29)        │                                                                                                                                            
│   type: INNER            │                                                                                                                                            
│ Input(#29): FULL         │                                                                                                                                            
│ Input(#23): FULL         │                                                                                                                                            
└────────────┬─────────────┘                                                                                                                                            
             ┌───────────────────────────────────────────────────────┐                                                                                                  
             │                                                       │                                                                                                  
┌──────────────────────────┐                            ┌──────────────────────────┐                                                                                    
│ Pipeline #23             │                            │ Pipeline #29             │                                                                                    
│ CONCAT (id=54)           │                            │ CONCAT (id=59)           │                                                                                    
│ Input(#22): PARTIAL      │                            │ Input(#28): PARTIAL      │                                                                                    
└────────────┬─────────────┘                            └────────────┬─────────────┘                                                                                    
             │                                                       │                                                                                                  
┌──────────────────────────┐                            ┌──────────────────────────┐                                                                                    
│ Pipeline #22             │                            │ Pipeline #28             │                                                                                    
│ PARTITION (id=55)        │                            │ PARTITION (id=60)        │                                                                                    
│ Input(#21): FULL         │                            │ Input(#27): PARTIAL      │                                                                                    
└────────────┬─────────────┘                            └────────────┬─────────────┘                                                                                    
             │                                                       │                                                                                                  
┌──────────────────────────┐                            ┌──────────────────────────┐                                                                                    
│ Pipeline #21             │                            │ Pipeline #27             │                                                                                    
│ HASH_JOIN (id=28)        │                            │ HASH_JOIN (id=24)        │                                                                                    
│   type: INNER            │                            │   type: INNER            │                                                                                    
│ Input(#20): FULL         │                            │ Input(#26): FULL         │                                                                                    
│ Input(#17): FULL         │                            │ Input(#14): FULL         │                                                                                    
└────────────┬─────────────┘                            └────────────┬─────────────┘                                                                                    
             ┌───────────────────────────┐                           ┌───────────────────────────────────────────────────────────────────────────────────┐              
             │                           │                           │                                                                                   │              
┌──────────────────────────┐┌──────────────────────────┐┌──────────────────────────┐                                                        ┌──────────────────────────┐
│ Pipeline #17             ││ Pipeline #20             ││ Pipeline #14             │                                                        │ Pipeline #26             │
│ CONCAT (id=49)           ││ CONCAT (id=52)           ││ CONCAT (id=46)           │                                                        │ CONCAT (id=57)           │
│ Input(#16): PARTIAL      ││ Input(#19): PARTIAL      ││ Input(#13): PARTIAL      │                                                        │ Input(#25): PARTIAL      │
└────────────┬─────────────┘└────────────┬─────────────┘└────────────┬─────────────┘                                                        └────────────┬─────────────┘
             │                           │                           │                                                                                   │              
┌──────────────────────────┐┌──────────────────────────┐┌──────────────────────────┐                                                        ┌──────────────────────────┐
│ Pipeline #16             ││ Pipeline #19             ││ Pipeline #13             │                                                        │ Pipeline #25             │
│ PARTITION (id=50)        ││ PARTITION (id=53)        ││ PARTITION (id=47)        │                                                        │ PARTITION (id=58)        │
│ Input(#15): FULL         ││ Input(#18): PARTIAL      ││ Input(#12): FULL         │                                                        │ Input(#24): PARTIAL      │
└────────────┬─────────────┘└────────────┬─────────────┘└────────────┬─────────────┘                                                        └────────────┬─────────────┘
             │                           │                           │                                                                                   │              
┌──────────────────────────┐┌──────────────────────────┐┌──────────────────────────┐                                                        ┌──────────────────────────┐
│ Pipeline #15             ││ Pipeline #18             ││ Pipeline #12             │                                                        │ Pipeline #24             │
│ FILTER (id=27)           ││ GPU_SCAN (id=51)         ││ HASH_JOIN (id=23)        │                                                        │ GPU_SCAN (id=56)         │
│ GPU_SCAN (id=48)         ││                          ││   type: INNER            │                                                        │                          │
│                          ││                          ││ Input(#11): FULL         │                                                        │                          │
│                          ││                          ││ Input(#8): FULL          │                                                        │                          │
└──────────────────────────┘└──────────────────────────┘└────────────┬─────────────┘                                                        └──────────────────────────┘
                                                                     ┌───────────────────────────────────────────────────────┐                                          
                                                                     │                                                       │                                          
                                                        ┌──────────────────────────┐                            ┌──────────────────────────┐                            
                                                        │ Pipeline #8              │                            │ Pipeline #11             │                            
                                                        │ CONCAT (id=41)           │                            │ CONCAT (id=44)           │                            
                                                        │ Input(#7): PARTIAL       │                            │ Input(#10): PARTIAL      │                            
                                                        └────────────┬─────────────┘                            └────────────┬─────────────┘                            
                                                                     │                                                       │                                          
                                                        ┌──────────────────────────┐                            ┌──────────────────────────┐                            
                                                        │ Pipeline #7              │                            │ Pipeline #10             │                            
                                                        │ PARTITION (id=42)        │                            │ PARTITION (id=45)        │                            
                                                        │ Input(#6): FULL          │                            │ Input(#9): PARTIAL       │                            
                                                        └────────────┬─────────────┘                            └────────────┬─────────────┘                            
                                                                     │                                                       │                                          
                                                        ┌──────────────────────────┐                            ┌──────────────────────────┐                            
                                                        │ Pipeline #6              │                            │ Pipeline #9              │                            
                                                        │ HASH_JOIN (id=22)        │                            │ GPU_SCAN (id=43)         │                            
                                                        │   type: INNER            │                            │                          │                            
                                                        │ Input(#5): FULL          │                            │                          │                            
                                                        │ Input(#2): FULL          │                            │                          │                            
                                                        └────────────┬─────────────┘                            └──────────────────────────┘                            
                                                                     ┌───────────────────────────┐                                                                      
                                                                     │                           │                                                                      
                                                        ┌──────────────────────────┐┌──────────────────────────┐                                                        
                                                        │ Pipeline #2              ││ Pipeline #5              │                                                        
                                                        │ CONCAT (id=36)           ││ CONCAT (id=39)           │                                                        
                                                        │ Input(#1): PARTIAL       ││ Input(#4): PARTIAL       │                                                        
                                                        └────────────┬─────────────┘└────────────┬─────────────┘                                                        
                                                                     │                           │                                                                      
                                                        ┌──────────────────────────┐┌──────────────────────────┐                                                        
                                                        │ Pipeline #1              ││ Pipeline #4              │                                                        
                                                        │ PARTITION (id=37)        ││ PARTITION (id=40)        │                                                        
                                                        │ Input(#0): FULL          ││ Input(#3): PARTIAL       │                                                        
                                                        └────────────┬─────────────┘└────────────┬─────────────┘                                                        
                                                                     │                           │                                                                      
                                                        ┌──────────────────────────┐┌──────────────────────────┐                                                        
                                                        │ Pipeline #0              ││ Pipeline #3              │                                                        
                                                        │ FILTER (id=21)           ││ GPU_SCAN (id=38)         │                                                        
                                                        │ GPU_SCAN (id=35)         ││                          │                                                        
                                                        └──────────────────────────┘└──────────────────────────┘                                                        

[2026-07-01 08:02:17.810] [info] [task_scheduler.cpp:367] [mgpu-audit] pipeline_task dispatched to GPU 0 task_id=104
[2026-07-01 08:02:17.810] [info] [task_scheduler.cpp:369] [locality-audit] dispatch task_id=104 preferred_device=0 actual_gpu=0
[2026-07-01 08:02:17.811] [warning] [:] uring_reactor: device short read, retrying tail. slot=0 file_off=0 io_size=4096 bytes_read=2437 this_rd=2437
[2026-07-01 08:02:17.814] [info] [parquet_gpu_ingestible.cpp:696] [scan-audit] parquet_materialize target_gpu=0 files=/mnt/nvme/dataset/nation.parquet columns=n_nationkey,n_name row_groups=0 compressed_bytes=398 uncompressed_bytes=427 column_bytes=n_nationkey:125:125,n_name:273:302 output_rows=25 output_columns=2 split_count=1 duration_us=3629
[2026-07-01 08:02:17.814] [info] [gpu_pipeline_task.cpp:311] [stage-audit] pipeline_id=0 task_id=104 operator_id=35 operator_name=GPU_SCAN stage_kind=SCAN operator_type=94 input_type=GPU_SCAN output_type=PIPELINEABLE actual_gpu=0 pipeline_operator_count=2 input_batches=0 input_rows=0 input_columns=0 input_bytes=0 output_batches=1 output_rows=25 output_columns=2 output_bytes=509 byte_ratio=0.000000 row_ratio=0.000000 duration_us=3664
[2026-07-01 08:02:17.815] [info] [gpu_pipeline_task.cpp:311] [stage-audit] pipeline_id=0 task_id=104 operator_id=21 operator_name=FILTER stage_kind=FILTER operator_type=12 input_type=PIPELINEABLE output_type=PIPELINEABLE actual_gpu=0 pipeline_operator_count=2 input_batches=1 input_rows=25 input_columns=2 input_bytes=509 output_batches=1 output_rows=2 output_columns=2 output_bytes=166 byte_ratio=0.326130 row_ratio=0.080000 duration_us=1059
[2026-07-01 08:02:17.816] [info] [task_creator.cpp:352] [locality-audit] task_create operator_id=37 input_bytes=166 local_bytes=166 gpu_source_bytes=166 host_source_bytes=0 disk_source_bytes=0 gpu_sources=1 host_sources=0 preferred_device=0
[2026-07-01 08:02:17.816] [info] [task_scheduler.cpp:367] [mgpu-audit] pipeline_task dispatched to GPU 0 task_id=105
[2026-07-01 08:02:17.816] [info] [task_scheduler.cpp:369] [locality-audit] dispatch task_id=105 preferred_device=0 actual_gpu=0
[2026-07-01 08:02:17.816] [info] [gpu_pipeline_task.cpp:182] [locality-audit] prepare_before pipeline_id=1 task_id=105 preferred_device=0 actual_gpu=0 target_tier=GPU target_device=0 input_bytes=166 local_bytes=166 remote_gpu_bytes=0 host_bytes=0 disk_bytes=0 batch_count=1
[2026-07-01 08:02:17.816] [info] [gpu_pipeline_task.cpp:182] [locality-audit] prepare_after pipeline_id=1 task_id=105 preferred_device=0 actual_gpu=0 target_tier=GPU target_device=0 input_bytes=166 local_bytes=166 remote_gpu_bytes=0 host_bytes=0 disk_bytes=0 batch_count=1
[2026-07-01 08:02:17.816] [info] [gpu_pipeline_task.cpp:311] [stage-audit] pipeline_id=1 task_id=105 operator_id=37 operator_name=PARTITION stage_kind=PARTITION operator_type=82 input_type=PIPELINEABLE output_type=PIPELINEABLE actual_gpu=0 pipeline_operator_count=1 input_batches=1 input_rows=2 input_columns=2 input_bytes=166 output_batches=1 output_rows=2 output_columns=2 output_bytes=166 byte_ratio=1.000000 row_ratio=1.000000 duration_us=11
[2026-07-01 08:02:17.816] [info] [task_scheduler.cpp:367] [mgpu-audit] pipeline_task dispatched to GPU 0 task_id=106
[2026-07-01 08:02:17.816] [info] [task_scheduler.cpp:369] [locality-audit] dispatch task_id=106 preferred_device=0 actual_gpu=0
[2026-07-01 08:02:17.816] [info] [gpu_pipeline_task.cpp:182] [locality-audit] prepare_before pipeline_id=2 task_id=106 preferred_device=0 actual_gpu=0 target_tier=GPU target_device=0 input_bytes=166 local_bytes=166 remote_gpu_bytes=0 host_bytes=0 disk_bytes=0 batch_count=1
[2026-07-01 08:02:17.816] [info] [gpu_pipeline_task.cpp:182] [locality-audit] prepare_after pipeline_id=2 task_id=106 preferred_device=0 actual_gpu=0 target_tier=GPU target_device=0 input_bytes=166 local_bytes=166 remote_gpu_bytes=0 host_bytes=0 disk_bytes=0 batch_count=1
[2026-07-01 08:02:17.816] [info] [gpu_pipeline_task.cpp:311] [stage-audit] pipeline_id=2 task_id=106 operator_id=36 operator_name=CONCAT stage_kind=CONCAT operator_type=83 input_type=PARTITIONED output_type=PARTITIONED actual_gpu=0 pipeline_operator_count=1 input_batches=1 input_rows=2 input_columns=2 input_bytes=166 output_batches=1 output_rows=2 output_columns=2 output_bytes=166 byte_ratio=1.000000 row_ratio=1.000000 duration_us=11
[2026-07-01 08:02:17.816] [info] [task_scheduler.cpp:367] [mgpu-audit] pipeline_task dispatched to GPU 2 task_id=107
[2026-07-01 08:02:17.816] [info] [task_scheduler.cpp:369] [locality-audit] dispatch task_id=107 preferred_device=2 actual_gpu=2
[2026-07-01 08:02:17.832] [info] [parquet_gpu_ingestible.cpp:696] [scan-audit] parquet_materialize target_gpu=2 files=/mnt/nvme/dataset/supplier.parquet columns=s_suppkey,s_nationkey row_groups=0,1,2,3,4,5,6,7,8 compressed_bytes=4634103 uncompressed_bytes=8630951 column_bytes=s_suppkey:4003346:8000279,s_nationkey:630757:630672 output_rows=1000000 output_columns=2 split_count=1 duration_us=15408
[2026-07-01 08:02:17.832] [info] [gpu_pipeline_task.cpp:311] [stage-audit] pipeline_id=3 task_id=107 operator_id=38 operator_name=GPU_SCAN stage_kind=SCAN operator_type=94 input_type=GPU_SCAN output_type=PIPELINEABLE actual_gpu=2 pipeline_operator_count=1 input_batches=0 input_rows=0 input_columns=0 input_bytes=0 output_batches=1 output_rows=1000000 output_columns=2 output_bytes=12250112 byte_ratio=0.000000 row_ratio=0.000000 duration_us=15481
[2026-07-01 08:02:17.832] [info] [task_creator.cpp:352] [locality-audit] task_create operator_id=40 input_bytes=12250112 local_bytes=12250112 gpu_source_bytes=12250112 host_source_bytes=0 disk_source_bytes=0 gpu_sources=1 host_sources=0 preferred_device=2
[2026-07-01 08:02:17.832] [info] [task_scheduler.cpp:367] [mgpu-audit] pipeline_task dispatched to GPU 2 task_id=108
[2026-07-01 08:02:17.832] [info] [task_scheduler.cpp:369] [locality-audit] dispatch task_id=108 preferred_device=2 actual_gpu=2
[2026-07-01 08:02:17.832] [info] [gpu_pipeline_task.cpp:182] [locality-audit] prepare_before pipeline_id=4 task_id=108 preferred_device=2 actual_gpu=2 target_tier=GPU target_device=2 input_bytes=12250112 local_bytes=12250112 remote_gpu_bytes=0 host_bytes=0 disk_bytes=0 batch_count=1
[2026-07-01 08:02:17.832] [info] [gpu_pipeline_task.cpp:182] [locality-audit] prepare_after pipeline_id=4 task_id=108 preferred_device=2 actual_gpu=2 target_tier=GPU target_device=2 input_bytes=12250112 local_bytes=12250112 remote_gpu_bytes=0 host_bytes=0 disk_bytes=0 batch_count=1
[2026-07-01 08:02:17.832] [info] [gpu_pipeline_task.cpp:311] [stage-audit] pipeline_id=4 task_id=108 operator_id=40 operator_name=PARTITION stage_kind=PARTITION operator_type=82 input_type=PIPELINEABLE output_type=PIPELINEABLE actual_gpu=2 pipeline_operator_count=1 input_batches=1 input_rows=1000000 input_columns=2 input_bytes=12250112 output_batches=1 output_rows=1000000 output_columns=2 output_bytes=12250112 byte_ratio=1.000000 row_ratio=1.000000 duration_us=10
[2026-07-01 08:02:17.832] [info] [task_scheduler.cpp:367] [mgpu-audit] pipeline_task dispatched to GPU 0 task_id=109
[2026-07-01 08:02:17.832] [info] [task_scheduler.cpp:369] [locality-audit] dispatch task_id=109 preferred_device=0 actual_gpu=0
[2026-07-01 08:02:17.833] [info] [gpu_pipeline_task.cpp:182] [locality-audit] prepare_before pipeline_id=5 task_id=109 preferred_device=0 actual_gpu=0 target_tier=GPU target_device=0 input_bytes=12250112 local_bytes=0 remote_gpu_bytes=12250112 host_bytes=0 disk_bytes=0 batch_count=1
[2026-07-01 08:02:17.833] [info] [gpu_pipeline_task.cpp:182] [locality-audit] prepare_after pipeline_id=5 task_id=109 preferred_device=0 actual_gpu=0 target_tier=GPU target_device=0 input_bytes=12250112 local_bytes=12250112 remote_gpu_bytes=0 host_bytes=0 disk_bytes=0 batch_count=1
[2026-07-01 08:02:17.833] [info] [gpu_pipeline_task.cpp:311] [stage-audit] pipeline_id=5 task_id=109 operator_id=39 operator_name=CONCAT stage_kind=CONCAT operator_type=83 input_type=PARTITIONED output_type=PARTITIONED actual_gpu=0 pipeline_operator_count=1 input_batches=1 input_rows=1000000 input_columns=2 input_bytes=12250112 output_batches=1 output_rows=1000000 output_columns=2 output_bytes=12250112 byte_ratio=1.000000 row_ratio=1.000000 duration_us=3
[2026-07-01 08:02:17.833] [info] [task_scheduler.cpp:367] [mgpu-audit] pipeline_task dispatched to GPU 2 task_id=110
[2026-07-01 08:02:17.834] [info] [task_scheduler.cpp:369] [locality-audit] dispatch task_id=110 preferred_device=2 actual_gpu=2
[2026-07-01 08:02:17.834] [info] [gpu_pipeline_task.cpp:182] [locality-audit] prepare_before pipeline_id=6 task_id=110 preferred_device=2 actual_gpu=2 target_tier=GPU target_device=2 input_bytes=12250278 local_bytes=0 remote_gpu_bytes=12250278 host_bytes=0 disk_bytes=0 batch_count=2
[2026-07-01 08:02:17.835] [info] [gpu_pipeline_task.cpp:182] [locality-audit] prepare_after pipeline_id=6 task_id=110 preferred_device=2 actual_gpu=2 target_tier=GPU target_device=2 input_bytes=12250278 local_bytes=12250278 remote_gpu_bytes=0 host_bytes=0 disk_bytes=0 batch_count=2
[2026-07-01 08:02:17.837] [info] [gpu_pipeline_task.cpp:311] [stage-audit] pipeline_id=6 task_id=110 operator_id=22 operator_name=HASH_JOIN stage_kind=JOIN operator_type=33 input_type=PARTITIONED output_type=PIPELINEABLE actual_gpu=2 pipeline_operator_count=1 input_batches=2 input_rows=1000002 input_columns=4 input_bytes=12250278 output_batches=1 output_rows=80079 output_columns=2 output_bytes=1701371 byte_ratio=0.138884 row_ratio=0.080079 duration_us=2139
[2026-07-01 08:02:17.837] [info] [task_creator.cpp:352] [locality-audit] task_create operator_id=42 input_bytes=1701371 local_bytes=1701371 gpu_source_bytes=1701371 host_source_bytes=0 disk_source_bytes=0 gpu_sources=1 host_sources=0 preferred_device=2
[2026-07-01 08:02:17.837] [info] [task_scheduler.cpp:367] [mgpu-audit] pipeline_task dispatched to GPU 2 task_id=111
[2026-07-01 08:02:17.837] [info] [task_scheduler.cpp:369] [locality-audit] dispatch task_id=111 preferred_device=2 actual_gpu=2
[2026-07-01 08:02:17.837] [info] [gpu_pipeline_task.cpp:182] [locality-audit] prepare_before pipeline_id=7 task_id=111 preferred_device=2 actual_gpu=2 target_tier=GPU target_device=2 input_bytes=1701371 local_bytes=1701371 remote_gpu_bytes=0 host_bytes=0 disk_bytes=0 batch_count=1
[2026-07-01 08:02:17.837] [info] [gpu_pipeline_task.cpp:182] [locality-audit] prepare_after pipeline_id=7 task_id=111 preferred_device=2 actual_gpu=2 target_tier=GPU target_device=2 input_bytes=1701371 local_bytes=1701371 remote_gpu_bytes=0 host_bytes=0 disk_bytes=0 batch_count=1
[2026-07-01 08:02:17.837] [info] [gpu_pipeline_task.cpp:311] [stage-audit] pipeline_id=7 task_id=111 operator_id=42 operator_name=PARTITION stage_kind=PARTITION operator_type=82 input_type=PIPELINEABLE output_type=PIPELINEABLE actual_gpu=2 pipeline_operator_count=1 input_batches=1 input_rows=80079 input_columns=2 input_bytes=1701371 output_batches=1 output_rows=80079 output_columns=2 output_bytes=1701371 byte_ratio=1.000000 row_ratio=1.000000 duration_us=2
[2026-07-01 08:02:17.837] [info] [task_scheduler.cpp:367] [mgpu-audit] pipeline_task dispatched to GPU 0 task_id=112
[2026-07-01 08:02:17.837] [info] [task_scheduler.cpp:369] [locality-audit] dispatch task_id=112 preferred_device=0 actual_gpu=0
[2026-07-01 08:02:17.837] [info] [gpu_pipeline_task.cpp:182] [locality-audit] prepare_before pipeline_id=8 task_id=112 preferred_device=0 actual_gpu=0 target_tier=GPU target_device=0 input_bytes=1701371 local_bytes=0 remote_gpu_bytes=1701371 host_bytes=0 disk_bytes=0 batch_count=1
[2026-07-01 08:02:17.837] [info] [gpu_pipeline_task.cpp:182] [locality-audit] prepare_after pipeline_id=8 task_id=112 preferred_device=0 actual_gpu=0 target_tier=GPU target_device=0 input_bytes=1701371 local_bytes=1701371 remote_gpu_bytes=0 host_bytes=0 disk_bytes=0 batch_count=1
[2026-07-01 08:02:17.837] [info] [gpu_pipeline_task.cpp:311] [stage-audit] pipeline_id=8 task_id=112 operator_id=41 operator_name=CONCAT stage_kind=CONCAT operator_type=83 input_type=PARTITIONED output_type=PARTITIONED actual_gpu=0 pipeline_operator_count=1 input_batches=1 input_rows=80079 input_columns=2 input_bytes=1701371 output_batches=1 output_rows=80079 output_columns=2 output_bytes=1701371 byte_ratio=1.000000 row_ratio=1.000000 duration_us=1
[2026-07-01 08:02:17.906] [info] [task_scheduler.cpp:367] [mgpu-audit] pipeline_task dispatched to GPU 3 task_id=115
[2026-07-01 08:02:17.906] [info] [task_scheduler.cpp:369] [locality-audit] dispatch task_id=115 preferred_device=3 actual_gpu=3
[2026-07-01 08:02:17.906] [info] [task_scheduler.cpp:367] [mgpu-audit] pipeline_task dispatched to GPU 1 task_id=113
[2026-07-01 08:02:17.906] [info] [task_scheduler.cpp:369] [locality-audit] dispatch task_id=113 preferred_device=1 actual_gpu=1
[2026-07-01 08:02:17.906] [info] [task_scheduler.cpp:367] [mgpu-audit] pipeline_task dispatched to GPU 3 task_id=119
[2026-07-01 08:02:17.906] [info] [task_scheduler.cpp:369] [locality-audit] dispatch task_id=119 preferred_device=3 actual_gpu=3
[2026-07-01 08:02:17.906] [info] [task_scheduler.cpp:367] [mgpu-audit] pipeline_task dispatched to GPU 1 task_id=117
[2026-07-01 08:02:17.906] [info] [task_scheduler.cpp:369] [locality-audit] dispatch task_id=117 preferred_device=1 actual_gpu=1
[2026-07-01 08:02:17.906] [info] [task_scheduler.cpp:367] [mgpu-audit] pipeline_task dispatched to GPU 0 task_id=116
[2026-07-01 08:02:17.906] [info] [task_scheduler.cpp:369] [locality-audit] dispatch task_id=116 preferred_device=0 actual_gpu=0
[2026-07-01 08:02:17.907] [info] [task_scheduler.cpp:367] [mgpu-audit] pipeline_task dispatched to GPU 2 task_id=114
[2026-07-01 08:02:17.907] [info] [task_scheduler.cpp:369] [locality-audit] dispatch task_id=114 preferred_device=2 actual_gpu=2
[2026-07-01 08:02:17.907] [info] [task_scheduler.cpp:367] [mgpu-audit] pipeline_task dispatched to GPU 2 task_id=118
[2026-07-01 08:02:17.907] [info] [task_scheduler.cpp:369] [locality-audit] dispatch task_id=118 preferred_device=2 actual_gpu=2
[2026-07-01 08:02:17.907] [info] [task_scheduler.cpp:367] [mgpu-audit] pipeline_task dispatched to GPU 0 task_id=120
[2026-07-01 08:02:17.907] [info] [task_scheduler.cpp:369] [locality-audit] dispatch task_id=120 preferred_device=0 actual_gpu=0
[2026-07-01 08:02:17.907] [info] [task_scheduler.cpp:367] [mgpu-audit] pipeline_task dispatched to GPU 3 task_id=123
[2026-07-01 08:02:17.907] [info] [task_scheduler.cpp:369] [locality-audit] dispatch task_id=123 preferred_device=3 actual_gpu=3
[2026-07-01 08:02:17.907] [info] [task_scheduler.cpp:367] [mgpu-audit] pipeline_task dispatched to GPU 0 task_id=124
[2026-07-01 08:02:17.907] [info] [task_scheduler.cpp:369] [locality-audit] dispatch task_id=124 preferred_device=0 actual_gpu=0
[2026-07-01 08:02:17.907] [info] [task_scheduler.cpp:367] [mgpu-audit] pipeline_task dispatched to GPU 0 task_id=128
[2026-07-01 08:02:17.907] [info] [task_scheduler.cpp:369] [locality-audit] dispatch task_id=128 preferred_device=0 actual_gpu=0
[2026-07-01 08:02:17.907] [info] [task_scheduler.cpp:367] [mgpu-audit] pipeline_task dispatched to GPU 3 task_id=127
[2026-07-01 08:02:17.907] [info] [task_scheduler.cpp:369] [locality-audit] dispatch task_id=127 preferred_device=3 actual_gpu=3
[2026-07-01 08:02:17.907] [info] [task_scheduler.cpp:367] [mgpu-audit] pipeline_task dispatched to GPU 1 task_id=121
[2026-07-01 08:02:17.907] [info] [task_scheduler.cpp:369] [locality-audit] dispatch task_id=121 preferred_device=1 actual_gpu=1
[2026-07-01 08:02:17.907] [info] [task_scheduler.cpp:367] [mgpu-audit] pipeline_task dispatched to GPU 3 task_id=131
[2026-07-01 08:02:17.907] [info] [task_scheduler.cpp:369] [locality-audit] dispatch task_id=131 preferred_device=3 actual_gpu=3
[2026-07-01 08:02:17.907] [info] [task_scheduler.cpp:367] [mgpu-audit] pipeline_task dispatched to GPU 0 task_id=132
[2026-07-01 08:02:17.907] [info] [task_scheduler.cpp:369] [locality-audit] dispatch task_id=132 preferred_device=0 actual_gpu=0
[2026-07-01 08:02:17.907] [info] [task_scheduler.cpp:367] [mgpu-audit] pipeline_task dispatched to GPU 1 task_id=125
[2026-07-01 08:02:17.907] [info] [task_scheduler.cpp:369] [locality-audit] dispatch task_id=125 preferred_device=1 actual_gpu=1
[2026-07-01 08:02:17.907] [info] [task_scheduler.cpp:367] [mgpu-audit] pipeline_task dispatched to GPU 1 task_id=129
[2026-07-01 08:02:17.907] [info] [task_scheduler.cpp:369] [locality-audit] dispatch task_id=129 preferred_device=1 actual_gpu=1
[2026-07-01 08:02:17.907] [info] [task_scheduler.cpp:367] [mgpu-audit] pipeline_task dispatched to GPU 2 task_id=122
[2026-07-01 08:02:17.907] [info] [task_scheduler.cpp:369] [locality-audit] dispatch task_id=122 preferred_device=2 actual_gpu=2
[2026-07-01 08:02:17.907] [info] [task_scheduler.cpp:367] [mgpu-audit] pipeline_task dispatched to GPU 2 task_id=126
[2026-07-01 08:02:17.907] [info] [task_scheduler.cpp:369] [locality-audit] dispatch task_id=126 preferred_device=2 actual_gpu=2
[2026-07-01 08:02:17.907] [info] [task_scheduler.cpp:367] [mgpu-audit] pipeline_task dispatched to GPU 2 task_id=130
[2026-07-01 08:02:17.907] [info] [task_scheduler.cpp:369] [locality-audit] dispatch task_id=130 preferred_device=2 actual_gpu=2
[2026-07-01 08:02:18.382] [info] [parquet_gpu_ingestible.cpp:696] [scan-audit] parquet_materialize target_gpu=2 files=/mnt/nvme/dataset/lineitem.parquet columns=l_orderkey,l_suppkey,l_extendedprice,l_discount,l_shipdate row_groups=1490,1491,1492,1493,1494,1495,1496,1497,1498,1499,1500,1501,1502,1503,1504,1505,1506,1507,1508,1509,1510,1511,1512,1513,1514,1515,1516,1517,1518,1519,1520,1521,1522,1523,1524,1525,1526,1527,1528,1529,1530,1531,1532,1533,1534,1535,1536,1537,1538,1539,1540,1541,1542,1543,1544,1545,1546,1547,1548,1549,1550,1551,1552,1553,1554,1555,1556,1557,1558,1559,1560,1561,1562,1563,1564,1565,1566,1567,1568,1569,1570,1571,1572,1573,1574,1575,1576,1577,1578,1579,1580,1581,1582,1583,1584,1585,1586,1587,1588,1589,1590,1591,1592,1593,1594,1595,1596,1597,1598,1599,1600,1601,1602,1603,1604,1605,1606,1607,1608,1609,1610,1611,1612,1613,1614,1615,1616,1617,1618,1619,1620,1621,1622,1623,1624,1625,1626,1627,1628,1629,1630,1631,1632,1633,1634,1635,1636,1637,1638,1639,1640,1641,1642,1643,1644,1645,1646,1647,1648,1649,1650,1651,1652,1653,1654 compressed_bytes=282679828 uncompressed_bytes=536259165 column_bytes=l_orderkey:32035204:164421555,l_suppkey:101413029:164421555,l_extendedprice:106238898:164421555,l_discount:10382579:10387265,l_shipdate:32610118:32607235 output_rows=6246800 output_columns=5 split_count=1 duration_us=457958
[2026-07-01 08:02:18.383] [info] [gpu_pipeline_task.cpp:311] [stage-audit] pipeline_id=9 task_id=122 operator_id=43 operator_name=GPU_SCAN stage_kind=SCAN operator_type=94 input_type=GPU_SCAN output_type=PIPELINEABLE actual_gpu=2 pipeline_operator_count=1 input_batches=0 input_rows=0 input_columns=0 input_bytes=0 output_batches=1 output_rows=6246800 output_columns=5 output_bytes=228789120 byte_ratio=0.000000 row_ratio=0.000000 duration_us=475952
[2026-07-01 08:02:18.383] [info] [task_scheduler.cpp:367] [mgpu-audit] pipeline_task dispatched to GPU 2 task_id=134
[2026-07-01 08:02:18.383] [info] [task_scheduler.cpp:369] [locality-audit] dispatch task_id=134 preferred_device=2 actual_gpu=2
[2026-07-01 08:02:18.383] [info] [task_creator.cpp:352] [locality-audit] task_create operator_id=45 input_bytes=228789120 local_bytes=228789120 gpu_source_bytes=228789120 host_source_bytes=0 disk_source_bytes=0 gpu_sources=1 host_sources=0 preferred_device=2
[2026-07-01 08:02:18.399] [info] [parquet_gpu_ingestible.cpp:696] [scan-audit] parquet_materialize target_gpu=2 files=/mnt/nvme/dataset/lineitem.parquet columns=l_orderkey,l_suppkey,l_extendedprice,l_discount,l_shipdate row_groups=166,167,168,169,170,171,172,173,174,175,176,177,178,179,180,181,182,183,184,185,186,187,188,189,190,191,192,193,194,195,196,197,198,199,200,201,202,203,204,205,206,207,208,209,210,211,212,213,214,215,216,217,218,219,220,221,222,223,224,225,226,227,228,229,230,231,232,233,234,235,236,237,238,239,240,241,242,243,244,245,246,247,248,249,250,251,252,253,254,255,256,257,258,259,260,261,262,263,264,265,266,267,268,269,270,271,272,273,274,275,276,277,278,279,280,281,282,283,284,285,286,287,288,289,290,291,292,293,294,295,296,297,298,299,300,301,302,303,304,305,306,307,308,309,310,311,312,313,314,315,316,317,318,319,320,321,322,323,324,325,326,327,328,329,330,331 compressed_bytes=281904441 uncompressed_bytes=534730189 column_bytes=l_orderkey:31944697:163938882,l_suppkey:101116945:163938882,l_extendedprice:105931099:163938882,l_discount:10359522:10364276,l_shipdate:32552178:32549267 output_rows=6231827 output_columns=5 split_count=1 duration_us=475229
[2026-07-01 08:02:18.399] [info] [gpu_pipeline_task.cpp:311] [stage-audit] pipeline_id=9 task_id=114 operator_id=43 operator_name=GPU_SCAN stage_kind=SCAN operator_type=94 input_type=GPU_SCAN output_type=PIPELINEABLE actual_gpu=2 pipeline_operator_count=1 input_batches=0 input_rows=0 input_columns=0 input_bytes=0 output_batches=1 output_rows=6231827 output_columns=5 output_bytes=228240812 byte_ratio=0.000000 row_ratio=0.000000 duration_us=492247
[2026-07-01 08:02:18.399] [info] [task_creator.cpp:352] [locality-audit] task_create operator_id=45 input_bytes=228240812 local_bytes=228240812 gpu_source_bytes=228240812 host_source_bytes=0 disk_source_bytes=0 gpu_sources=1 host_sources=0 preferred_device=2
[2026-07-01 08:02:18.399] [info] [task_scheduler.cpp:367] [mgpu-audit] pipeline_task dispatched to GPU 2 task_id=138
[2026-07-01 08:02:18.399] [info] [task_scheduler.cpp:369] [locality-audit] dispatch task_id=138 preferred_device=2 actual_gpu=2
[2026-07-01 08:02:18.631] [info] [parquet_gpu_ingestible.cpp:696] [scan-audit] parquet_materialize target_gpu=1 files=/mnt/nvme/dataset/lineitem.parquet columns=l_orderkey,l_suppkey,l_extendedprice,l_discount,l_shipdate row_groups=1325,1326,1327,1328,1329,1330,1331,1332,1333,1334,1335,1336,1337,1338,1339,1340,1341,1342,1343,1344,1345,1346,1347,1348,1349,1350,1351,1352,1353,1354,1355,1356,1357,1358,1359,1360,1361,1362,1363,1364,1365,1366,1367,1368,1369,1370,1371,1372,1373,1374,1375,1376,1377,1378,1379,1380,1381,1382,1383,1384,1385,1386,1387,1388,1389,1390,1391,1392,1393,1394,1395,1396,1397,1398,1399,1400,1401,1402,1403,1404,1405,1406,1407,1408,1409,1410,1411,1412,1413,1414,1415,1416,1417,1418,1419,1420,1421,1422,1423,1424,1425,1426,1427,1428,1429,1430,1431,1432,1433,1434,1435,1436,1437,1438,1439,1440,1441,1442,1443,1444,1445,1446,1447,1448,1449,1450,1451,1452,1453,1454,1455,1456,1457,1458,1459,1460,1461,1462,1463,1464,1465,1466,1467,1468,1469,1470,1471,1472,1473,1474,1475,1476,1477,1478,1479,1480,1481,1482,1483,1484,1485,1486,1487,1488,1489 compressed_bytes=282676096 uncompressed_bytes=536243053 column_bytes=l_orderkey:32036949:164416203,l_suppkey:101410542:164416203,l_extendedprice:106235961:164416203,l_discount:10382577:10387269,l_shipdate:32610067:32607175 output_rows=6249054 output_columns=5 split_count=1 duration_us=707533
[2026-07-01 08:02:18.632] [info] [gpu_pipeline_task.cpp:311] [stage-audit] pipeline_id=9 task_id=121 operator_id=43 operator_name=GPU_SCAN stage_kind=SCAN operator_type=94 input_type=GPU_SCAN output_type=PIPELINEABLE actual_gpu=1 pipeline_operator_count=1 input_batches=0 input_rows=0 input_columns=0 input_bytes=0 output_batches=1 output_rows=6249054 output_columns=5 output_bytes=228871864 byte_ratio=0.000000 row_ratio=0.000000 duration_us=724629
[2026-07-01 08:02:18.632] [info] [task_creator.cpp:352] [locality-audit] task_create operator_id=45 input_bytes=228871864 local_bytes=228871864 gpu_source_bytes=228871864 host_source_bytes=0 disk_source_bytes=0 gpu_sources=1 host_sources=0 preferred_device=1
[2026-07-01 08:02:18.632] [info] [task_scheduler.cpp:367] [mgpu-audit] pipeline_task dispatched to GPU 1 task_id=133
[2026-07-01 08:02:18.632] [info] [task_scheduler.cpp:369] [locality-audit] dispatch task_id=133 preferred_device=1 actual_gpu=1
[2026-07-01 08:02:18.947] [info] [parquet_gpu_ingestible.cpp:696] [scan-audit] parquet_materialize target_gpu=1 files=/mnt/nvme/dataset/lineitem.parquet columns=l_orderkey,l_suppkey,l_extendedprice,l_discount,l_shipdate row_groups=664,665,666,667,668,669,670,671,672,673,674,675,676,677,678,679,680,681,682,683,684,685,686,687,688,689,690,691,692,693,694,695,696,697,698,699,700,701,702,703,704,705,706,707,708,709,710,711,712,713,714,715,716,717,718,719,720,721,722,723,724,725,726,727,728,729,730,731,732,733,734,735,736,737,738,739,740,741,742,743,744,745,746,747,748,749,750,751,752,753,754,755,756,757,758,759,760,761,762,763,764,765,766,767,768,769,770,771,772,773,774,775,776,777,778,779,780,781,782,783,784,785,786,787,788,789,790,791,792,793,794,795,796,797,798,799,800,801,802,803,804,805,806,807,808,809,810,811,812,813,814,815,816,817,818,819,820,821,822,823,824,825,826,827,828,829 compressed_bytes=282198043 uncompressed_bytes=535298645 column_bytes=l_orderkey:31977247:164115106,l_suppkey:101226377:164115106,l_extendedprice:106042912:164115106,l_discount:10369652:10374358,l_shipdate:32581855:32578969 output_rows=6233242 output_columns=5 split_count=1 duration_us=1020816
[2026-07-01 08:02:18.947] [info] [gpu_pipeline_task.cpp:311] [stage-audit] pipeline_id=9 task_id=117 operator_id=43 operator_name=GPU_SCAN stage_kind=SCAN operator_type=94 input_type=GPU_SCAN output_type=PIPELINEABLE actual_gpu=1 pipeline_operator_count=1 input_batches=0 input_rows=0 input_columns=0 input_bytes=0 output_batches=1 output_rows=6233242 output_columns=5 output_bytes=228292712 byte_ratio=0.000000 row_ratio=0.000000 duration_us=1040125
[2026-07-01 08:02:18.947] [info] [task_creator.cpp:352] [locality-audit] task_create operator_id=45 input_bytes=228292712 local_bytes=228292712 gpu_source_bytes=228292712 host_source_bytes=0 disk_source_bytes=0 gpu_sources=1 host_sources=0 preferred_device=1
[2026-07-01 08:02:18.947] [info] [task_scheduler.cpp:367] [mgpu-audit] pipeline_task dispatched to GPU 1 task_id=137
[2026-07-01 08:02:18.947] [info] [task_scheduler.cpp:369] [locality-audit] dispatch task_id=137 preferred_device=1 actual_gpu=1
[2026-07-01 08:02:19.045] [info] [parquet_gpu_ingestible.cpp:696] [scan-audit] parquet_materialize target_gpu=0 files=/mnt/nvme/dataset/lineitem.parquet columns=l_orderkey,l_suppkey,l_extendedprice,l_discount,l_shipdate row_groups=1160,1161,1162,1163,1164,1165,1166,1167,1168,1169,1170,1171,1172,1173,1174,1175,1176,1177,1178,1179,1180,1181,1182,1183,1184,1185,1186,1187,1188,1189,1190,1191,1192,1193,1194,1195,1196,1197,1198,1199,1200,1201,1202,1203,1204,1205,1206,1207,1208,1209,1210,1211,1212,1213,1214,1215,1216,1217,1218,1219,1220,1221,1222,1223,1224,1225,1226,1227,1228,1229,1230,1231,1232,1233,1234,1235,1236,1237,1238,1239,1240,1241,1242,1243,1244,1245,1246,1247,1248,1249,1250,1251,1252,1253,1254,1255,1256,1257,1258,1259,1260,1261,1262,1263,1264,1265,1266,1267,1268,1269,1270,1271,1272,1273,1274,1275,1276,1277,1278,1279,1280,1281,1282,1283,1284,1285,1286,1287,1288,1289,1290,1291,1292,1293,1294,1295,1296,1297,1298,1299,1300,1301,1302,1303,1304,1305,1306,1307,1308,1309,1310,1311,1312,1313,1314,1315,1316,1317,1318,1319,1320,1321,1322,1323,1324 compressed_bytes=282682337 uncompressed_bytes=536255741 column_bytes=l_orderkey:32039113:164420603,l_suppkey:101410924:164420603,l_extendedprice:106240233:164420603,l_discount:10382417:10387134,l_shipdate:32609650:32606798 output_rows=6242087 output_columns=5 split_count=1 duration_us=1121589
[2026-07-01 08:02:19.045] [info] [gpu_pipeline_task.cpp:311] [stage-audit] pipeline_id=9 task_id=120 operator_id=43 operator_name=GPU_SCAN stage_kind=SCAN operator_type=94 input_type=GPU_SCAN output_type=PIPELINEABLE actual_gpu=0 pipeline_operator_count=1 input_batches=0 input_rows=0 input_columns=0 input_bytes=0 output_batches=1 output_rows=6242087 output_columns=5 output_bytes=228616572 byte_ratio=0.000000 row_ratio=0.000000 duration_us=1138599
[2026-07-01 08:02:19.045] [info] [task_scheduler.cpp:367] [mgpu-audit] pipeline_task dispatched to GPU 0 task_id=136
[2026-07-01 08:02:19.045] [info] [task_scheduler.cpp:369] [locality-audit] dispatch task_id=136 preferred_device=0 actual_gpu=0
[2026-07-01 08:02:19.045] [info] [task_creator.cpp:352] [locality-audit] task_create operator_id=45 input_bytes=228616572 local_bytes=228616572 gpu_source_bytes=228616572 host_source_bytes=0 disk_source_bytes=0 gpu_sources=1 host_sources=0 preferred_device=0
[2026-07-01 08:02:19.227] [info] [parquet_gpu_ingestible.cpp:696] [scan-audit] parquet_materialize target_gpu=3 files=/mnt/nvme/dataset/lineitem.parquet columns=l_orderkey,l_suppkey,l_extendedprice,l_discount,l_shipdate row_groups=995,996,997,998,999,1000,1001,1002,1003,1004,1005,1006,1007,1008,1009,1010,1011,1012,1013,1014,1015,1016,1017,1018,1019,1020,1021,1022,1023,1024,1025,1026,1027,1028,1029,1030,1031,1032,1033,1034,1035,1036,1037,1038,1039,1040,1041,1042,1043,1044,1045,1046,1047,1048,1049,1050,1051,1052,1053,1054,1055,1056,1057,1058,1059,1060,1061,1062,1063,1064,1065,1066,1067,1068,1069,1070,1071,1072,1073,1074,1075,1076,1077,1078,1079,1080,1081,1082,1083,1084,1085,1086,1087,1088,1089,1090,1091,1092,1093,1094,1095,1096,1097,1098,1099,1100,1101,1102,1103,1104,1105,1106,1107,1108,1109,1110,1111,1112,1113,1114,1115,1116,1117,1118,1119,1120,1121,1122,1123,1124,1125,1126,1127,1128,1129,1130,1131,1132,1133,1134,1135,1136,1137,1138,1139,1140,1141,1142,1143,1144,1145,1146,1147,1148,1149,1150,1151,1152,1153,1154,1155,1156,1157,1158,1159 compressed_bytes=282676941 uncompressed_bytes=536256573 column_bytes=l_orderkey:32033352:164420659,l_suppkey:101412849:164420659,l_extendedprice:106237992:164420659,l_discount:10382552:10387257,l_shipdate:32610196:32607339 output_rows=6239292 output_columns=5 split_count=1 duration_us=1302881
[2026-07-01 08:02:19.227] [info] [gpu_pipeline_task.cpp:311] [stage-audit] pipeline_id=9 task_id=119 operator_id=43 operator_name=GPU_SCAN stage_kind=SCAN operator_type=94 input_type=GPU_SCAN output_type=PIPELINEABLE actual_gpu=3 pipeline_operator_count=1 input_batches=0 input_rows=0 input_columns=0 input_bytes=0 output_batches=1 output_rows=6239292 output_columns=5 output_bytes=228514352 byte_ratio=0.000000 row_ratio=0.000000 duration_us=1319912
[2026-07-01 08:02:19.227] [info] [task_creator.cpp:352] [locality-audit] task_create operator_id=45 input_bytes=228514352 local_bytes=228514352 gpu_source_bytes=228514352 host_source_bytes=0 disk_source_bytes=0 gpu_sources=1 host_sources=0 preferred_device=3
[2026-07-01 08:02:19.227] [info] [task_scheduler.cpp:367] [mgpu-audit] pipeline_task dispatched to GPU 3 task_id=135
[2026-07-01 08:02:19.227] [info] [task_scheduler.cpp:369] [locality-audit] dispatch task_id=135 preferred_device=3 actual_gpu=3
[2026-07-01 08:02:19.229] [info] [parquet_gpu_ingestible.cpp:696] [scan-audit] parquet_materialize target_gpu=2 files=/mnt/nvme/dataset/lineitem.parquet columns=l_orderkey,l_suppkey,l_extendedprice,l_discount,l_shipdate row_groups=830,831,832,833,834,835,836,837,838,839,840,841,842,843,844,845,846,847,848,849,850,851,852,853,854,855,856,857,858,859,860,861,862,863,864,865,866,867,868,869,870,871,872,873,874,875,876,877,878,879,880,881,882,883,884,885,886,887,888,889,890,891,892,893,894,895,896,897,898,899,900,901,902,903,904,905,906,907,908,909,910,911,912,913,914,915,916,917,918,919,920,921,922,923,924,925,926,927,928,929,930,931,932,933,934,935,936,937,938,939,940,941,942,943,944,945,946,947,948,949,950,951,952,953,954,955,956,957,958,959,960,961,962,963,964,965,966,967,968,969,970,971,972,973,974,975,976,977,978,979,980,981,982,983,984,985,986,987,988,989,990,991,992,993,994 compressed_bytes=282677312 uncompressed_bytes=536266249 column_bytes=l_orderkey:32027732:164423923,l_suppkey:101414690:164423923,l_extendedprice:106242202:164423923,l_discount:10382602:10387281,l_shipdate:32610086:32607199 output_rows=6244962 output_columns=5 split_count=1 duration_us=1301770
[2026-07-01 08:02:19.229] [info] [gpu_pipeline_task.cpp:311] [stage-audit] pipeline_id=9 task_id=118 operator_id=43 operator_name=GPU_SCAN stage_kind=SCAN operator_type=94 input_type=GPU_SCAN output_type=PIPELINEABLE actual_gpu=2 pipeline_operator_count=1 input_batches=0 input_rows=0 input_columns=0 input_bytes=0 output_batches=1 output_rows=6244962 output_columns=5 output_bytes=228721992 byte_ratio=0.000000 row_ratio=0.000000 duration_us=1322304
[2026-07-01 08:02:19.229] [info] [task_creator.cpp:352] [locality-audit] task_create operator_id=45 input_bytes=228721992 local_bytes=228721992 gpu_source_bytes=228721992 host_source_bytes=0 disk_source_bytes=0 gpu_sources=1 host_sources=0 preferred_device=2
[2026-07-01 08:02:19.229] [info] [task_scheduler.cpp:367] [mgpu-audit] pipeline_task dispatched to GPU 2 task_id=142
[2026-07-01 08:02:19.229] [info] [task_scheduler.cpp:369] [locality-audit] dispatch task_id=142 preferred_device=2 actual_gpu=2
[2026-07-01 08:02:19.271] [info] [parquet_gpu_ingestible.cpp:696] [scan-audit] parquet_materialize target_gpu=3 files=/mnt/nvme/dataset/lineitem.parquet columns=l_orderkey,l_suppkey,l_extendedprice,l_discount,l_shipdate row_groups=1655,1656,1657,1658,1659,1660,1661,1662,1663,1664,1665,1666,1667,1668,1669,1670,1671,1672,1673,1674,1675,1676,1677,1678,1679,1680,1681,1682,1683,1684,1685,1686,1687,1688,1689,1690,1691,1692,1693,1694,1695,1696,1697,1698,1699,1700,1701,1702,1703,1704,1705,1706,1707,1708,1709,1710,1711,1712,1713,1714,1715,1716,1717,1718,1719,1720,1721,1722,1723,1724,1725,1726,1727,1728,1729,1730,1731,1732,1733,1734,1735,1736,1737,1738,1739,1740,1741,1742,1743,1744,1745,1746,1747,1748,1749,1750,1751,1752,1753,1754,1755,1756,1757,1758,1759,1760,1761,1762,1763,1764,1765,1766,1767,1768,1769,1770,1771,1772,1773,1774,1775,1776,1777,1778,1779,1780,1781,1782,1783,1784,1785,1786,1787,1788,1789,1790,1791,1792,1793,1794,1795,1796,1797,1798,1799,1800,1801,1802,1803,1804,1805,1806,1807,1808,1809,1810,1811,1812,1813,1814,1815,1816,1817,1818,1819 compressed_bytes=282670601 uncompressed_bytes=536247171 column_bytes=l_orderkey:32030900:164417395,l_suppkey:101409521:164417395,l_extendedprice:106237029:164417395,l_discount:10382670:10387366,l_shipdate:32610481:32607620 output_rows=6235793 output_columns=5 split_count=1 duration_us=1343513
[2026-07-01 08:02:19.271] [info] [gpu_pipeline_task.cpp:311] [stage-audit] pipeline_id=9 task_id=123 operator_id=43 operator_name=GPU_SCAN stage_kind=SCAN operator_type=94 input_type=GPU_SCAN output_type=PIPELINEABLE actual_gpu=3 pipeline_operator_count=1 input_batches=0 input_rows=0 input_columns=0 input_bytes=0 output_batches=1 output_rows=6235793 output_columns=5 output_bytes=228386148 byte_ratio=0.000000 row_ratio=0.000000 duration_us=1364166
[2026-07-01 08:02:19.271] [info] [task_creator.cpp:352] [locality-audit] task_create operator_id=45 input_bytes=228386148 local_bytes=228386148 gpu_source_bytes=228386148 host_source_bytes=0 disk_source_bytes=0 gpu_sources=1 host_sources=0 preferred_device=3
[2026-07-01 08:02:19.271] [info] [task_scheduler.cpp:367] [mgpu-audit] pipeline_task dispatched to GPU 3 task_id=139
[2026-07-01 08:02:19.271] [info] [task_scheduler.cpp:369] [locality-audit] dispatch task_id=139 preferred_device=3 actual_gpu=3
[2026-07-01 08:02:19.379] [info] [parquet_gpu_ingestible.cpp:696] [scan-audit] parquet_materialize target_gpu=0 files=/mnt/nvme/dataset/lineitem.parquet columns=l_orderkey,l_suppkey,l_extendedprice,l_discount,l_shipdate row_groups=498,499,500,501,502,503,504,505,506,507,508,509,510,511,512,513,514,515,516,517,518,519,520,521,522,523,524,525,526,527,528,529,530,531,532,533,534,535,536,537,538,539,540,541,542,543,544,545,546,547,548,549,550,551,552,553,554,555,556,557,558,559,560,561,562,563,564,565,566,567,568,569,570,571,572,573,574,575,576,577,578,579,580,581,582,583,584,585,586,587,588,589,590,591,592,593,594,595,596,597,598,599,600,601,602,603,604,605,606,607,608,609,610,611,612,613,614,615,616,617,618,619,620,621,622,623,624,625,626,627,628,629,630,631,632,633,634,635,636,637,638,639,640,641,642,643,644,645,646,647,648,649,650,651,652,653,654,655,656,657,658,659,660,661,662,663 compressed_bytes=281905504 uncompressed_bytes=534739488 column_bytes=l_orderkey:31942409:163941706,l_suppkey:101117548:163941706,l_extendedprice:105933037:163941706,l_discount:10359694:10364425,l_shipdate:32552816:32549945 output_rows=6224554 output_columns=5 split_count=1 duration_us=1444836
[2026-07-01 08:02:19.379] [info] [gpu_pipeline_task.cpp:311] [stage-audit] pipeline_id=9 task_id=116 operator_id=43 operator_name=GPU_SCAN stage_kind=SCAN operator_type=94 input_type=GPU_SCAN output_type=PIPELINEABLE actual_gpu=0 pipeline_operator_count=1 input_batches=0 input_rows=0 input_columns=0 input_bytes=0 output_batches=1 output_rows=6224554 output_columns=5 output_bytes=227974504 byte_ratio=0.000000 row_ratio=0.000000 duration_us=1472453
[2026-07-01 08:02:19.379] [info] [task_scheduler.cpp:367] [mgpu-audit] pipeline_task dispatched to GPU 0 task_id=140
[2026-07-01 08:02:19.379] [info] [task_scheduler.cpp:369] [locality-audit] dispatch task_id=140 preferred_device=0 actual_gpu=0
[2026-07-01 08:02:19.379] [info] [task_creator.cpp:352] [locality-audit] task_create operator_id=45 input_bytes=227974504 local_bytes=227974504 gpu_source_bytes=227974504 host_source_bytes=0 disk_source_bytes=0 gpu_sources=1 host_sources=0 preferred_device=0
[2026-07-01 08:02:19.674] [info] [parquet_gpu_ingestible.cpp:696] [scan-audit] parquet_materialize target_gpu=0 files=/mnt/nvme/dataset/lineitem.parquet columns=l_orderkey,l_suppkey,l_extendedprice,l_discount,l_shipdate row_groups=1820,1821,1822,1823,1824,1825,1826,1827,1828,1829,1830,1831,1832,1833,1834,1835,1836,1837,1838,1839,1840,1841,1842,1843,1844,1845,1846,1847,1848,1849,1850,1851,1852,1853,1854,1855,1856,1857,1858,1859,1860,1861,1862,1863,1864,1865,1866,1867,1868,1869,1870,1871,1872,1873,1874,1875,1876,1877,1878,1879,1880,1881,1882,1883,1884,1885,1886,1887,1888,1889,1890,1891,1892,1893,1894,1895,1896,1897,1898,1899,1900,1901,1902,1903,1904,1905,1906,1907,1908,1909,1910,1911,1912,1913,1914,1915,1916,1917,1918,1919,1920,1921,1922,1923,1924,1925,1926,1927,1928,1929,1930,1931,1932,1933,1934,1935,1936,1937,1938,1939,1940,1941,1942,1943,1944,1945,1946,1947,1948,1949,1950,1951,1952,1953,1954,1955,1956,1957,1958,1959,1960,1961,1962,1963,1964,1965,1966,1967,1968,1969,1970,1971,1972,1973,1974,1975,1976,1977,1978,1979,1980,1981,1982,1983,1984 compressed_bytes=282678416 uncompressed_bytes=536250893 column_bytes=l_orderkey:32038062:164418923,l_suppkey:101410906:164418923,l_extendedprice:106237120:164418923,l_discount:10382462:10387150,l_shipdate:32609866:32606974 output_rows=6236020 output_columns=5 split_count=1 duration_us=1740374
[2026-07-01 08:02:19.674] [info] [gpu_pipeline_task.cpp:311] [stage-audit] pipeline_id=9 task_id=124 operator_id=43 operator_name=GPU_SCAN stage_kind=SCAN operator_type=94 input_type=GPU_SCAN output_type=PIPELINEABLE actual_gpu=0 pipeline_operator_count=1 input_batches=0 input_rows=0 input_columns=0 input_bytes=0 output_batches=1 output_rows=6236020 output_columns=5 output_bytes=228394320 byte_ratio=0.000000 row_ratio=0.000000 duration_us=1767199
[2026-07-01 08:02:19.674] [info] [task_scheduler.cpp:367] [mgpu-audit] pipeline_task dispatched to GPU 0 task_id=147
[2026-07-01 08:02:19.674] [info] [task_scheduler.cpp:369] [locality-audit] dispatch task_id=147 preferred_device=0 actual_gpu=0
[2026-07-01 08:02:19.674] [info] [task_creator.cpp:352] [locality-audit] task_create operator_id=45 input_bytes=228394320 local_bytes=228394320 gpu_source_bytes=228394320 host_source_bytes=0 disk_source_bytes=0 gpu_sources=1 host_sources=0 preferred_device=0
[2026-07-01 08:02:19.679] [info] [parquet_gpu_ingestible.cpp:696] [scan-audit] parquet_materialize target_gpu=1 files=/mnt/nvme/dataset/lineitem.parquet columns=l_orderkey,l_suppkey,l_extendedprice,l_discount,l_shipdate row_groups=0,1,2,3,4,5,6,7,8,9,10,11,12,13,14,15,16,17,18,19,20,21,22,23,24,25,26,27,28,29,30,31,32,33,34,35,36,37,38,39,40,41,42,43,44,45,46,47,48,49,50,51,52,53,54,55,56,57,58,59,60,61,62,63,64,65,66,67,68,69,70,71,72,73,74,75,76,77,78,79,80,81,82,83,84,85,86,87,88,89,90,91,92,93,94,95,96,97,98,99,100,101,102,103,104,105,106,107,108,109,110,111,112,113,114,115,116,117,118,119,120,121,122,123,124,125,126,127,128,129,130,131,132,133,134,135,136,137,138,139,140,141,142,143,144,145,146,147,148,149,150,151,152,153,154,155,156,157,158,159,160,161,162,163,164,165 compressed_bytes=282658961 uncompressed_bytes=536198291 column_bytes=l_orderkey:32034006:164397066,l_suppkey:101397377:164397066,l_extendedprice:106222282:164397066,l_discount:10383214:10387915,l_shipdate:32622082:32619178 output_rows=6240750 output_columns=5 split_count=1 duration_us=1737458
[2026-07-01 08:02:19.679] [info] [gpu_pipeline_task.cpp:311] [stage-audit] pipeline_id=9 task_id=113 operator_id=43 operator_name=GPU_SCAN stage_kind=SCAN operator_type=94 input_type=GPU_SCAN output_type=PIPELINEABLE actual_gpu=1 pipeline_operator_count=1 input_batches=0 input_rows=0 input_columns=0 input_bytes=0 output_batches=1 output_rows=6240750 output_columns=5 output_bytes=228567480 byte_ratio=0.000000 row_ratio=0.000000 duration_us=1772492
[2026-07-01 08:02:19.679] [info] [task_creator.cpp:352] [locality-audit] task_create operator_id=45 input_bytes=228567480 local_bytes=228567480 gpu_source_bytes=228567480 host_source_bytes=0 disk_source_bytes=0 gpu_sources=1 host_sources=0 preferred_device=1
[2026-07-01 08:02:19.679] [info] [task_scheduler.cpp:367] [mgpu-audit] pipeline_task dispatched to GPU 1 task_id=141
[2026-07-01 08:02:19.680] [info] [task_scheduler.cpp:369] [locality-audit] dispatch task_id=141 preferred_device=1 actual_gpu=1
[2026-07-01 08:02:19.777] [info] [parquet_gpu_ingestible.cpp:696] [scan-audit] parquet_materialize target_gpu=3 files=/mnt/nvme/dataset/lineitem.parquet columns=l_orderkey,l_suppkey,l_extendedprice,l_discount,l_shipdate row_groups=332,333,334,335,336,337,338,339,340,341,342,343,344,345,346,347,348,349,350,351,352,353,354,355,356,357,358,359,360,361,362,363,364,365,366,367,368,369,370,371,372,373,374,375,376,377,378,379,380,381,382,383,384,385,386,387,388,389,390,391,392,393,394,395,396,397,398,399,400,401,402,403,404,405,406,407,408,409,410,411,412,413,414,415,416,417,418,419,420,421,422,423,424,425,426,427,428,429,430,431,432,433,434,435,436,437,438,439,440,441,442,443,444,445,446,447,448,449,450,451,452,453,454,455,456,457,458,459,460,461,462,463,464,465,466,467,468,469,470,471,472,473,474,475,476,477,478,479,480,481,482,483,484,485,486,487,488,489,490,491,492,493,494,495,496,497 compressed_bytes=281909098 uncompressed_bytes=534726288 column_bytes=l_orderkey:31955097:163937858,l_suppkey:101113633:163937858,l_extendedprice:105929504:163937858,l_discount:10359586:10364312,l_shipdate:32551278:32548402 output_rows=6227263 output_columns=5 split_count=1 duration_us=1822807
[2026-07-01 08:02:19.777] [info] [gpu_pipeline_task.cpp:311] [stage-audit] pipeline_id=9 task_id=115 operator_id=43 operator_name=GPU_SCAN stage_kind=SCAN operator_type=94 input_type=GPU_SCAN output_type=PIPELINEABLE actual_gpu=3 pipeline_operator_count=1 input_batches=0 input_rows=0 input_columns=0 input_bytes=0 output_batches=1 output_rows=6227263 output_columns=5 output_bytes=228073628 byte_ratio=0.000000 row_ratio=0.000000 duration_us=1870103
[2026-07-01 08:02:19.777] [info] [task_creator.cpp:352] [locality-audit] task_create operator_id=45 input_bytes=228073628 local_bytes=228073628 gpu_source_bytes=228073628 host_source_bytes=0 disk_source_bytes=0 gpu_sources=1 host_sources=0 preferred_device=3
[2026-07-01 08:02:19.777] [info] [task_scheduler.cpp:367] [mgpu-audit] pipeline_task dispatched to GPU 3 task_id=148
[2026-07-01 08:02:19.777] [info] [task_scheduler.cpp:369] [locality-audit] dispatch task_id=148 preferred_device=3 actual_gpu=3
[2026-07-01 08:02:19.864] [info] [parquet_gpu_ingestible.cpp:696] [scan-audit] parquet_materialize target_gpu=2 files=/mnt/nvme/dataset/lineitem.parquet columns=l_orderkey,l_suppkey,l_extendedprice,l_discount,l_shipdate row_groups=2810,2811,2812,2813,2814,2815,2816,2817,2818,2819,2820,2821,2822,2823,2824,2825,2826,2827,2828,2829,2830,2831,2832,2833,2834,2835,2836,2837,2838,2839,2840,2841,2842,2843,2844,2845,2846,2847,2848,2849,2850,2851,2852,2853,2854,2855,2856,2857,2858,2859,2860,2861,2862,2863,2864,2865,2866,2867,2868,2869,2870,2871,2872,2873,2874,2875,2876,2877,2878,2879,2880,2881,2882,2883,2884,2885,2886,2887,2888,2889,2890,2891,2892,2893,2894,2895,2896,2897,2898,2899,2900,2901,2902,2903,2904,2905,2906,2907,2908,2909,2910,2911,2912,2913,2914,2915,2916,2917,2918,2919,2920,2921,2922,2923,2924,2925,2926,2927,2928,2929,2930,2931,2932,2933,2934,2935,2936,2937,2938,2939,2940,2941,2942,2943,2944,2945,2946,2947,2948,2949,2950,2951,2952,2953,2954,2955,2956,2957,2958,2959,2960,2961,2962,2963,2964,2965,2966,2967,2968,2969,2970,2971,2972,2973,2974 compressed_bytes=282681639 uncompressed_bytes=536262613 column_bytes=l_orderkey:32036566:164422683,l_suppkey:101412297:164422683,l_extendedprice:106240029:164422683,l_discount:10382545:10387245,l_shipdate:32610202:32607319 output_rows=6242534 output_columns=5 split_count=1 duration_us=1465217
[2026-07-01 08:02:19.864] [info] [gpu_pipeline_task.cpp:311] [stage-audit] pipeline_id=9 task_id=130 operator_id=43 operator_name=GPU_SCAN stage_kind=SCAN operator_type=94 input_type=GPU_SCAN output_type=PIPELINEABLE actual_gpu=2 pipeline_operator_count=1 input_batches=0 input_rows=0 input_columns=0 input_bytes=0 output_batches=1 output_rows=6242534 output_columns=5 output_bytes=228632984 byte_ratio=0.000000 row_ratio=0.000000 duration_us=1481355
[2026-07-01 08:02:19.865] [info] [task_scheduler.cpp:367] [mgpu-audit] pipeline_task dispatched to GPU 2 task_id=143
[2026-07-01 08:02:19.865] [info] [task_scheduler.cpp:369] [locality-audit] dispatch task_id=143 preferred_device=2 actual_gpu=2
[2026-07-01 08:02:19.865] [info] [task_creator.cpp:352] [locality-audit] task_create operator_id=45 input_bytes=228632984 local_bytes=228632984 gpu_source_bytes=228632984 host_source_bytes=0 disk_source_bytes=0 gpu_sources=1 host_sources=0 preferred_device=2
[2026-07-01 08:02:20.016] [info] [parquet_gpu_ingestible.cpp:696] [scan-audit] parquet_materialize target_gpu=2 files=/mnt/nvme/dataset/lineitem.parquet columns=l_orderkey,l_suppkey,l_extendedprice,l_discount,l_shipdate row_groups=2150,2151,2152,2153,2154,2155,2156,2157,2158,2159,2160,2161,2162,2163,2164,2165,2166,2167,2168,2169,2170,2171,2172,2173,2174,2175,2176,2177,2178,2179,2180,2181,2182,2183,2184,2185,2186,2187,2188,2189,2190,2191,2192,2193,2194,2195,2196,2197,2198,2199,2200,2201,2202,2203,2204,2205,2206,2207,2208,2209,2210,2211,2212,2213,2214,2215,2216,2217,2218,2219,2220,2221,2222,2223,2224,2225,2226,2227,2228,2229,2230,2231,2232,2233,2234,2235,2236,2237,2238,2239,2240,2241,2242,2243,2244,2245,2246,2247,2248,2249,2250,2251,2252,2253,2254,2255,2256,2257,2258,2259,2260,2261,2262,2263,2264,2265,2266,2267,2268,2269,2270,2271,2272,2273,2274,2275,2276,2277,2278,2279,2280,2281,2282,2283,2284,2285,2286,2287,2288,2289,2290,2291,2292,2293,2294,2295,2296,2297,2298,2299,2300,2301,2302,2303,2304,2305,2306,2307,2308,2309,2310,2311,2312,2313,2314 compressed_bytes=282678960 uncompressed_bytes=536253533 column_bytes=l_orderkey:32037237:164419707,l_suppkey:101411876:164419707,l_extendedprice:106237266:164419707,l_discount:10382544:10387245,l_shipdate:32610037:32607167 output_rows=6250090 output_columns=5 split_count=1 duration_us=1571321
[2026-07-01 08:02:20.017] [info] [gpu_pipeline_task.cpp:311] [stage-audit] pipeline_id=9 task_id=126 operator_id=43 operator_name=GPU_SCAN stage_kind=SCAN operator_type=94 input_type=GPU_SCAN output_type=PIPELINEABLE actual_gpu=2 pipeline_operator_count=1 input_batches=0 input_rows=0 input_columns=0 input_bytes=0 output_batches=1 output_rows=6250090 output_columns=5 output_bytes=228909800 byte_ratio=0.000000 row_ratio=0.000000 duration_us=1633458
[2026-07-01 08:02:20.017] [info] [task_creator.cpp:352] [locality-audit] task_create operator_id=45 input_bytes=228909800 local_bytes=228909800 gpu_source_bytes=228909800 host_source_bytes=0 disk_source_bytes=0 gpu_sources=1 host_sources=0 preferred_device=2
[2026-07-01 08:02:20.017] [info] [task_scheduler.cpp:367] [mgpu-audit] pipeline_task dispatched to GPU 2 task_id=144
[2026-07-01 08:02:20.017] [info] [task_scheduler.cpp:369] [locality-audit] dispatch task_id=144 preferred_device=2 actual_gpu=2
[2026-07-01 08:02:20.017] [info] [gpu_pipeline_task.cpp:182] [locality-audit] prepare_before pipeline_id=10 task_id=143 preferred_device=2 actual_gpu=2 target_tier=GPU target_device=2 input_bytes=228789120 local_bytes=228789120 remote_gpu_bytes=0 host_bytes=0 disk_bytes=0 batch_count=1
[2026-07-01 08:02:20.017] [info] [gpu_pipeline_task.cpp:182] [locality-audit] prepare_after pipeline_id=10 task_id=143 preferred_device=2 actual_gpu=2 target_tier=GPU target_device=2 input_bytes=228789120 local_bytes=228789120 remote_gpu_bytes=0 host_bytes=0 disk_bytes=0 batch_count=1
[2026-07-01 08:02:20.017] [info] [gpu_pipeline_task.cpp:311] [stage-audit] pipeline_id=10 task_id=143 operator_id=45 operator_name=PARTITION stage_kind=PARTITION operator_type=82 input_type=PIPELINEABLE output_type=PIPELINEABLE actual_gpu=2 pipeline_operator_count=1 input_batches=1 input_rows=6246800 input_columns=5 input_bytes=228789120 output_batches=1 output_rows=6246800 output_columns=5 output_bytes=228789120 byte_ratio=1.000000 row_ratio=1.000000 duration_us=14
[2026-07-01 08:02:20.017] [info] [gpu_pipeline_task.cpp:182] [locality-audit] prepare_before pipeline_id=10 task_id=144 preferred_device=2 actual_gpu=2 target_tier=GPU target_device=2 input_bytes=228240812 local_bytes=228240812 remote_gpu_bytes=0 host_bytes=0 disk_bytes=0 batch_count=1
[2026-07-01 08:02:20.017] [info] [gpu_pipeline_task.cpp:182] [locality-audit] prepare_after pipeline_id=10 task_id=144 preferred_device=2 actual_gpu=2 target_tier=GPU target_device=2 input_bytes=228240812 local_bytes=228240812 remote_gpu_bytes=0 host_bytes=0 disk_bytes=0 batch_count=1
[2026-07-01 08:02:20.017] [info] [task_scheduler.cpp:367] [mgpu-audit] pipeline_task dispatched to GPU 2 task_id=149
[2026-07-01 08:02:20.017] [info] [task_scheduler.cpp:369] [locality-audit] dispatch task_id=149 preferred_device=2 actual_gpu=2
[2026-07-01 08:02:20.017] [info] [gpu_pipeline_task.cpp:311] [stage-audit] pipeline_id=10 task_id=144 operator_id=45 operator_name=PARTITION stage_kind=PARTITION operator_type=82 input_type=PIPELINEABLE output_type=PIPELINEABLE actual_gpu=2 pipeline_operator_count=1 input_batches=1 input_rows=6231827 input_columns=5 input_bytes=228240812 output_batches=1 output_rows=6231827 output_columns=5 output_bytes=228240812 byte_ratio=1.000000 row_ratio=1.000000 duration_us=34
[2026-07-01 08:02:20.017] [info] [task_scheduler.cpp:367] [mgpu-audit] pipeline_task dispatched to GPU 2 task_id=155
[2026-07-01 08:02:20.017] [info] [task_scheduler.cpp:369] [locality-audit] dispatch task_id=155 preferred_device=2 actual_gpu=2
[2026-07-01 08:02:20.017] [info] [gpu_pipeline_task.cpp:182] [locality-audit] prepare_before pipeline_id=10 task_id=149 preferred_device=2 actual_gpu=2 target_tier=GPU target_device=2 input_bytes=228721992 local_bytes=228721992 remote_gpu_bytes=0 host_bytes=0 disk_bytes=0 batch_count=1
[2026-07-01 08:02:20.018] [info] [gpu_pipeline_task.cpp:182] [locality-audit] prepare_after pipeline_id=10 task_id=149 preferred_device=2 actual_gpu=2 target_tier=GPU target_device=2 input_bytes=228721992 local_bytes=228721992 remote_gpu_bytes=0 host_bytes=0 disk_bytes=0 batch_count=1
[2026-07-01 08:02:20.018] [info] [gpu_pipeline_task.cpp:311] [stage-audit] pipeline_id=10 task_id=149 operator_id=45 operator_name=PARTITION stage_kind=PARTITION operator_type=82 input_type=PIPELINEABLE output_type=PIPELINEABLE actual_gpu=2 pipeline_operator_count=1 input_batches=1 input_rows=6244962 input_columns=5 input_bytes=228721992 output_batches=1 output_rows=6244962 output_columns=5 output_bytes=228721992 byte_ratio=1.000000 row_ratio=1.000000 duration_us=14
[2026-07-01 08:02:20.018] [info] [task_scheduler.cpp:367] [mgpu-audit] pipeline_task dispatched to GPU 2 task_id=156
[2026-07-01 08:02:20.018] [info] [task_scheduler.cpp:369] [locality-audit] dispatch task_id=156 preferred_device=2 actual_gpu=2
[2026-07-01 08:02:20.018] [info] [gpu_pipeline_task.cpp:182] [locality-audit] prepare_before pipeline_id=10 task_id=155 preferred_device=2 actual_gpu=2 target_tier=GPU target_device=2 input_bytes=228632984 local_bytes=228632984 remote_gpu_bytes=0 host_bytes=0 disk_bytes=0 batch_count=1
[2026-07-01 08:02:20.018] [info] [gpu_pipeline_task.cpp:182] [locality-audit] prepare_after pipeline_id=10 task_id=155 preferred_device=2 actual_gpu=2 target_tier=GPU target_device=2 input_bytes=228632984 local_bytes=228632984 remote_gpu_bytes=0 host_bytes=0 disk_bytes=0 batch_count=1
[2026-07-01 08:02:20.018] [info] [gpu_pipeline_task.cpp:311] [stage-audit] pipeline_id=10 task_id=155 operator_id=45 operator_name=PARTITION stage_kind=PARTITION operator_type=82 input_type=PIPELINEABLE output_type=PIPELINEABLE actual_gpu=2 pipeline_operator_count=1 input_batches=1 input_rows=6242534 input_columns=5 input_bytes=228632984 output_batches=1 output_rows=6242534 output_columns=5 output_bytes=228632984 byte_ratio=1.000000 row_ratio=1.000000 duration_us=10
[2026-07-01 08:02:20.018] [info] [gpu_pipeline_task.cpp:182] [locality-audit] prepare_before pipeline_id=10 task_id=156 preferred_device=2 actual_gpu=2 target_tier=GPU target_device=2 input_bytes=228909800 local_bytes=228909800 remote_gpu_bytes=0 host_bytes=0 disk_bytes=0 batch_count=1
[2026-07-01 08:02:20.018] [info] [gpu_pipeline_task.cpp:182] [locality-audit] prepare_after pipeline_id=10 task_id=156 preferred_device=2 actual_gpu=2 target_tier=GPU target_device=2 input_bytes=228909800 local_bytes=228909800 remote_gpu_bytes=0 host_bytes=0 disk_bytes=0 batch_count=1
[2026-07-01 08:02:20.018] [info] [gpu_pipeline_task.cpp:311] [stage-audit] pipeline_id=10 task_id=156 operator_id=45 operator_name=PARTITION stage_kind=PARTITION operator_type=82 input_type=PIPELINEABLE output_type=PIPELINEABLE actual_gpu=2 pipeline_operator_count=1 input_batches=1 input_rows=6250090 input_columns=5 input_bytes=228909800 output_batches=1 output_rows=6250090 output_columns=5 output_bytes=228909800 byte_ratio=1.000000 row_ratio=1.000000 duration_us=10
[2026-07-01 08:02:20.123] [info] [parquet_gpu_ingestible.cpp:696] [scan-audit] parquet_materialize target_gpu=2 files=/mnt/nvme/dataset/lineitem.parquet columns=l_orderkey,l_suppkey,l_extendedprice,l_discount,l_shipdate row_groups=3470,3471,3472,3473,3474,3475,3476,3477,3478,3479,3480,3481,3482,3483,3484,3485,3486,3487,3488,3489,3490,3491,3492,3493,3494,3495,3496,3497,3498,3499,3500,3501,3502,3503,3504,3505,3506,3507,3508,3509,3510,3511,3512,3513,3514,3515,3516,3517,3518,3519,3520,3521,3522,3523,3524,3525,3526,3527,3528,3529,3530,3531,3532,3533,3534,3535,3536,3537,3538,3539,3540,3541,3542,3543,3544,3545,3546,3547,3548,3549,3550,3551,3552,3553,3554,3555,3556,3557,3558,3559,3560,3561,3562,3563,3564,3565,3566,3567,3568,3569,3570,3571,3572,3573,3574,3575,3576,3577,3578,3579,3580,3581,3582,3583,3584,3585,3586,3587,3588,3589,3590,3591,3592,3593,3594,3595,3596,3597,3598,3599,3600,3601,3602,3603,3604,3605,3606,3607,3608,3609,3610,3611,3612,3613,3614,3615,3616,3617,3618,3619,3620,3621,3622,3623,3624,3625,3626,3627,3628,3629,3630,3631,3632,3633,3634 compressed_bytes=282685234 uncompressed_bytes=536260395 column_bytes=l_orderkey:32038061:164421771,l_suppkey:101413505:164421771,l_extendedprice:106240422:164421771,l_discount:10382658:10387358,l_shipdate:32610588:32607724 output_rows=6237899 output_columns=5 split_count=1 duration_us=1658865
[2026-07-01 08:02:20.123] [info] [gpu_pipeline_task.cpp:311] [stage-audit] pipeline_id=9 task_id=134 operator_id=43 operator_name=GPU_SCAN stage_kind=SCAN operator_type=94 input_type=GPU_SCAN output_type=PIPELINEABLE actual_gpu=2 pipeline_operator_count=1 input_batches=0 input_rows=0 input_columns=0 input_bytes=0 output_batches=1 output_rows=6237899 output_columns=5 output_bytes=228463244 byte_ratio=0.000000 row_ratio=0.000000 duration_us=1723238
[2026-07-01 08:02:20.123] [info] [task_creator.cpp:352] [locality-audit] task_create operator_id=45 input_bytes=228463244 local_bytes=228463244 gpu_source_bytes=228463244 host_source_bytes=0 disk_source_bytes=0 gpu_sources=1 host_sources=0 preferred_device=2
[2026-07-01 08:02:20.123] [info] [task_scheduler.cpp:367] [mgpu-audit] pipeline_task dispatched to GPU 2 task_id=159
[2026-07-01 08:02:20.123] [info] [task_scheduler.cpp:369] [locality-audit] dispatch task_id=159 preferred_device=2 actual_gpu=2
[2026-07-01 08:02:20.123] [info] [gpu_pipeline_task.cpp:182] [locality-audit] prepare_before pipeline_id=10 task_id=159 preferred_device=2 actual_gpu=2 target_tier=GPU target_device=2 input_bytes=228463244 local_bytes=228463244 remote_gpu_bytes=0 host_bytes=0 disk_bytes=0 batch_count=1
[2026-07-01 08:02:20.123] [info] [gpu_pipeline_task.cpp:182] [locality-audit] prepare_after pipeline_id=10 task_id=159 preferred_device=2 actual_gpu=2 target_tier=GPU target_device=2 input_bytes=228463244 local_bytes=228463244 remote_gpu_bytes=0 host_bytes=0 disk_bytes=0 batch_count=1
[2026-07-01 08:02:20.123] [info] [gpu_pipeline_task.cpp:311] [stage-audit] pipeline_id=10 task_id=159 operator_id=45 operator_name=PARTITION stage_kind=PARTITION operator_type=82 input_type=PIPELINEABLE output_type=PIPELINEABLE actual_gpu=2 pipeline_operator_count=1 input_batches=1 input_rows=6237899 input_columns=5 input_bytes=228463244 output_batches=1 output_rows=6237899 output_columns=5 output_bytes=228463244 byte_ratio=1.000000 row_ratio=1.000000 duration_us=3
[2026-07-01 08:02:20.246] [info] [parquet_gpu_ingestible.cpp:696] [scan-audit] parquet_materialize target_gpu=1 files=/mnt/nvme/dataset/lineitem.parquet columns=l_orderkey,l_suppkey,l_extendedprice,l_discount,l_shipdate row_groups=1985,1986,1987,1988,1989,1990,1991,1992,1993,1994,1995,1996,1997,1998,1999,2000,2001,2002,2003,2004,2005,2006,2007,2008,2009,2010,2011,2012,2013,2014,2015,2016,2017,2018,2019,2020,2021,2022,2023,2024,2025,2026,2027,2028,2029,2030,2031,2032,2033,2034,2035,2036,2037,2038,2039,2040,2041,2042,2043,2044,2045,2046,2047,2048,2049,2050,2051,2052,2053,2054,2055,2056,2057,2058,2059,2060,2061,2062,2063,2064,2065,2066,2067,2068,2069,2070,2071,2072,2073,2074,2075,2076,2077,2078,2079,2080,2081,2082,2083,2084,2085,2086,2087,2088,2089,2090,2091,2092,2093,2094,2095,2096,2097,2098,2099,2100,2101,2102,2103,2104,2105,2106,2107,2108,2109,2110,2111,2112,2113,2114,2115,2116,2117,2118,2119,2120,2121,2122,2123,2124,2125,2126,2127,2128,2129,2130,2131,2132,2133,2134,2135,2136,2137,2138,2139,2140,2141,2142,2143,2144,2145,2146,2147,2148,2149 compressed_bytes=282681324 uncompressed_bytes=536259591 column_bytes=l_orderkey:32037883:164421515,l_suppkey:101411800:164421515,l_extendedprice:106238403:164421515,l_discount:10382676:10387370,l_shipdate:32610562:32607676 output_rows=6246755 output_columns=5 split_count=1 duration_us=1599157
[2026-07-01 08:02:20.246] [info] [gpu_pipeline_task.cpp:311] [stage-audit] pipeline_id=9 task_id=125 operator_id=43 operator_name=GPU_SCAN stage_kind=SCAN operator_type=94 input_type=GPU_SCAN output_type=PIPELINEABLE actual_gpu=1 pipeline_operator_count=1 input_batches=0 input_rows=0 input_columns=0 input_bytes=0 output_batches=1 output_rows=6246755 output_columns=5 output_bytes=228787500 byte_ratio=0.000000 row_ratio=0.000000 duration_us=1614023
[2026-07-01 08:02:20.246] [info] [task_creator.cpp:352] [locality-audit] task_create operator_id=45 input_bytes=228787500 local_bytes=228787500 gpu_source_bytes=228787500 host_source_bytes=0 disk_source_bytes=0 gpu_sources=1 host_sources=0 preferred_device=1
[2026-07-01 08:02:20.246] [info] [task_scheduler.cpp:367] [mgpu-audit] pipeline_task dispatched to GPU 1 task_id=145
[2026-07-01 08:02:20.246] [info] [task_scheduler.cpp:369] [locality-audit] dispatch task_id=145 preferred_device=1 actual_gpu=1
[2026-07-01 08:02:20.352] [info] [parquet_gpu_ingestible.cpp:696] [scan-audit] parquet_materialize target_gpu=1 files=/mnt/nvme/dataset/lineitem.parquet columns=l_orderkey,l_suppkey,l_extendedprice,l_discount,l_shipdate row_groups=2645,2646,2647,2648,2649,2650,2651,2652,2653,2654,2655,2656,2657,2658,2659,2660,2661,2662,2663,2664,2665,2666,2667,2668,2669,2670,2671,2672,2673,2674,2675,2676,2677,2678,2679,2680,2681,2682,2683,2684,2685,2686,2687,2688,2689,2690,2691,2692,2693,2694,2695,2696,2697,2698,2699,2700,2701,2702,2703,2704,2705,2706,2707,2708,2709,2710,2711,2712,2713,2714,2715,2716,2717,2718,2719,2720,2721,2722,2723,2724,2725,2726,2727,2728,2729,2730,2731,2732,2733,2734,2735,2736,2737,2738,2739,2740,2741,2742,2743,2744,2745,2746,2747,2748,2749,2750,2751,2752,2753,2754,2755,2756,2757,2758,2759,2760,2761,2762,2763,2764,2765,2766,2767,2768,2769,2770,2771,2772,2773,2774,2775,2776,2777,2778,2779,2780,2781,2782,2783,2784,2785,2786,2787,2788,2789,2790,2791,2792,2793,2794,2795,2796,2797,2798,2799,2800,2801,2802,2803,2804,2805,2806,2807,2808,2809 compressed_bytes=282691135 uncompressed_bytes=536264755 column_bytes=l_orderkey:32041347:164423395,l_suppkey:101416426:164423395,l_extendedprice:106240600:164423395,l_discount:10382563:10387239,l_shipdate:32610199:32607331 output_rows=6237250 output_columns=5 split_count=1 duration_us=1650156
[2026-07-01 08:02:20.352] [info] [gpu_pipeline_task.cpp:311] [stage-audit] pipeline_id=9 task_id=129 operator_id=43 operator_name=GPU_SCAN stage_kind=SCAN operator_type=94 input_type=GPU_SCAN output_type=PIPELINEABLE actual_gpu=1 pipeline_operator_count=1 input_batches=0 input_rows=0 input_columns=0 input_bytes=0 output_batches=1 output_rows=6237250 output_columns=5 output_bytes=228439560 byte_ratio=0.000000 row_ratio=0.000000 duration_us=1719897
[2026-07-01 08:02:20.352] [info] [gpu_pipeline_task.cpp:182] [locality-audit] prepare_before pipeline_id=10 task_id=145 preferred_device=1 actual_gpu=1 target_tier=GPU target_device=1 input_bytes=228871864 local_bytes=228871864 remote_gpu_bytes=0 host_bytes=0 disk_bytes=0 batch_count=1
[2026-07-01 08:02:20.352] [info] [task_scheduler.cpp:367] [mgpu-audit] pipeline_task dispatched to GPU 1 task_id=146
[2026-07-01 08:02:20.352] [info] [task_scheduler.cpp:369] [locality-audit] dispatch task_id=146 preferred_device=1 actual_gpu=1
[2026-07-01 08:02:20.352] [info] [task_creator.cpp:352] [locality-audit] task_create operator_id=45 input_bytes=228439560 local_bytes=228439560 gpu_source_bytes=228439560 host_source_bytes=0 disk_source_bytes=0 gpu_sources=1 host_sources=0 preferred_device=1
[2026-07-01 08:02:20.352] [info] [gpu_pipeline_task.cpp:182] [locality-audit] prepare_after pipeline_id=10 task_id=145 preferred_device=1 actual_gpu=1 target_tier=GPU target_device=1 input_bytes=228871864 local_bytes=228871864 remote_gpu_bytes=0 host_bytes=0 disk_bytes=0 batch_count=1
[2026-07-01 08:02:20.352] [info] [gpu_pipeline_task.cpp:311] [stage-audit] pipeline_id=10 task_id=145 operator_id=45 operator_name=PARTITION stage_kind=PARTITION operator_type=82 input_type=PIPELINEABLE output_type=PIPELINEABLE actual_gpu=1 pipeline_operator_count=1 input_batches=1 input_rows=6249054 input_columns=5 input_bytes=228871864 output_batches=1 output_rows=6249054 output_columns=5 output_bytes=228871864 byte_ratio=1.000000 row_ratio=1.000000 duration_us=11
[2026-07-01 08:02:20.352] [info] [task_scheduler.cpp:367] [mgpu-audit] pipeline_task dispatched to GPU 1 task_id=153
[2026-07-01 08:02:20.352] [info] [task_scheduler.cpp:369] [locality-audit] dispatch task_id=153 preferred_device=1 actual_gpu=1
[2026-07-01 08:02:20.352] [info] [gpu_pipeline_task.cpp:182] [locality-audit] prepare_before pipeline_id=10 task_id=146 preferred_device=1 actual_gpu=1 target_tier=GPU target_device=1 input_bytes=228292712 local_bytes=228292712 remote_gpu_bytes=0 host_bytes=0 disk_bytes=0 batch_count=1
[2026-07-01 08:02:20.352] [info] [gpu_pipeline_task.cpp:182] [locality-audit] prepare_after pipeline_id=10 task_id=146 preferred_device=1 actual_gpu=1 target_tier=GPU target_device=1 input_bytes=228292712 local_bytes=228292712 remote_gpu_bytes=0 host_bytes=0 disk_bytes=0 batch_count=1
[2026-07-01 08:02:20.352] [info] [gpu_pipeline_task.cpp:311] [stage-audit] pipeline_id=10 task_id=146 operator_id=45 operator_name=PARTITION stage_kind=PARTITION operator_type=82 input_type=PIPELINEABLE output_type=PIPELINEABLE actual_gpu=1 pipeline_operator_count=1 input_batches=1 input_rows=6233242 input_columns=5 input_bytes=228292712 output_batches=1 output_rows=6233242 output_columns=5 output_bytes=228292712 byte_ratio=1.000000 row_ratio=1.000000 duration_us=8
[2026-07-01 08:02:20.352] [info] [gpu_pipeline_task.cpp:182] [locality-audit] prepare_before pipeline_id=10 task_id=153 preferred_device=1 actual_gpu=1 target_tier=GPU target_device=1 input_bytes=228567480 local_bytes=228567480 remote_gpu_bytes=0 host_bytes=0 disk_bytes=0 batch_count=1
[2026-07-01 08:02:20.352] [info] [task_scheduler.cpp:367] [mgpu-audit] pipeline_task dispatched to GPU 1 task_id=162
[2026-07-01 08:02:20.352] [info] [task_scheduler.cpp:369] [locality-audit] dispatch task_id=162 preferred_device=1 actual_gpu=1
[2026-07-01 08:02:20.352] [info] [gpu_pipeline_task.cpp:182] [locality-audit] prepare_after pipeline_id=10 task_id=153 preferred_device=1 actual_gpu=1 target_tier=GPU target_device=1 input_bytes=228567480 local_bytes=228567480 remote_gpu_bytes=0 host_bytes=0 disk_bytes=0 batch_count=1
[2026-07-01 08:02:20.352] [info] [gpu_pipeline_task.cpp:311] [stage-audit] pipeline_id=10 task_id=153 operator_id=45 operator_name=PARTITION stage_kind=PARTITION operator_type=82 input_type=PIPELINEABLE output_type=PIPELINEABLE actual_gpu=1 pipeline_operator_count=1 input_batches=1 input_rows=6240750 input_columns=5 input_bytes=228567480 output_batches=1 output_rows=6240750 output_columns=5 output_bytes=228567480 byte_ratio=1.000000 row_ratio=1.000000 duration_us=7
[2026-07-01 08:02:20.352] [info] [task_scheduler.cpp:367] [mgpu-audit] pipeline_task dispatched to GPU 1 task_id=163
[2026-07-01 08:02:20.352] [info] [task_scheduler.cpp:369] [locality-audit] dispatch task_id=163 preferred_device=1 actual_gpu=1
[2026-07-01 08:02:20.352] [info] [gpu_pipeline_task.cpp:182] [locality-audit] prepare_before pipeline_id=10 task_id=162 preferred_device=1 actual_gpu=1 target_tier=GPU target_device=1 input_bytes=228787500 local_bytes=228787500 remote_gpu_bytes=0 host_bytes=0 disk_bytes=0 batch_count=1
[2026-07-01 08:02:20.352] [info] [gpu_pipeline_task.cpp:182] [locality-audit] prepare_after pipeline_id=10 task_id=162 preferred_device=1 actual_gpu=1 target_tier=GPU target_device=1 input_bytes=228787500 local_bytes=228787500 remote_gpu_bytes=0 host_bytes=0 disk_bytes=0 batch_count=1
[2026-07-01 08:02:20.352] [info] [gpu_pipeline_task.cpp:311] [stage-audit] pipeline_id=10 task_id=162 operator_id=45 operator_name=PARTITION stage_kind=PARTITION operator_type=82 input_type=PIPELINEABLE output_type=PIPELINEABLE actual_gpu=1 pipeline_operator_count=1 input_batches=1 input_rows=6246755 input_columns=5 input_bytes=228787500 output_batches=1 output_rows=6246755 output_columns=5 output_bytes=228787500 byte_ratio=1.000000 row_ratio=1.000000 duration_us=8
[2026-07-01 08:02:20.352] [info] [gpu_pipeline_task.cpp:182] [locality-audit] prepare_before pipeline_id=10 task_id=163 preferred_device=1 actual_gpu=1 target_tier=GPU target_device=1 input_bytes=228439560 local_bytes=228439560 remote_gpu_bytes=0 host_bytes=0 disk_bytes=0 batch_count=1
[2026-07-01 08:02:20.352] [info] [gpu_pipeline_task.cpp:182] [locality-audit] prepare_after pipeline_id=10 task_id=163 preferred_device=1 actual_gpu=1 target_tier=GPU target_device=1 input_bytes=228439560 local_bytes=228439560 remote_gpu_bytes=0 host_bytes=0 disk_bytes=0 batch_count=1
[2026-07-01 08:02:20.353] [info] [gpu_pipeline_task.cpp:311] [stage-audit] pipeline_id=10 task_id=163 operator_id=45 operator_name=PARTITION stage_kind=PARTITION operator_type=82 input_type=PIPELINEABLE output_type=PIPELINEABLE actual_gpu=1 pipeline_operator_count=1 input_batches=1 input_rows=6237250 input_columns=5 input_bytes=228439560 output_batches=1 output_rows=6237250 output_columns=5 output_bytes=228439560 byte_ratio=1.000000 row_ratio=1.000000 duration_us=8
[2026-07-01 08:02:20.503] [info] [parquet_gpu_ingestible.cpp:696] [scan-audit] parquet_materialize target_gpu=1 files=/mnt/nvme/dataset/lineitem.parquet columns=l_orderkey,l_suppkey,l_extendedprice,l_discount,l_shipdate row_groups=3305,3306,3307,3308,3309,3310,3311,3312,3313,3314,3315,3316,3317,3318,3319,3320,3321,3322,3323,3324,3325,3326,3327,3328,3329,3330,3331,3332,3333,3334,3335,3336,3337,3338,3339,3340,3341,3342,3343,3344,3345,3346,3347,3348,3349,3350,3351,3352,3353,3354,3355,3356,3357,3358,3359,3360,3361,3362,3363,3364,3365,3366,3367,3368,3369,3370,3371,3372,3373,3374,3375,3376,3377,3378,3379,3380,3381,3382,3383,3384,3385,3386,3387,3388,3389,3390,3391,3392,3393,3394,3395,3396,3397,3398,3399,3400,3401,3402,3403,3404,3405,3406,3407,3408,3409,3410,3411,3412,3413,3414,3415,3416,3417,3418,3419,3420,3421,3422,3423,3424,3425,3426,3427,3428,3429,3430,3431,3432,3433,3434,3435,3436,3437,3438,3439,3440,3441,3442,3443,3444,3445,3446,3447,3448,3449,3450,3451,3452,3453,3454,3455,3456,3457,3458,3459,3460,3461,3462,3463,3464,3465,3466,3467,3468,3469 compressed_bytes=282678861 uncompressed_bytes=536255271 column_bytes=l_orderkey:32038337:164420459,l_suppkey:101412261:164420459,l_extendedprice:106236233:164420459,l_discount:10382406:10387120,l_shipdate:32609624:32606774 output_rows=6246126 output_columns=5 split_count=1 duration_us=1486239
[2026-07-01 08:02:20.503] [info] [gpu_pipeline_task.cpp:311] [stage-audit] pipeline_id=9 task_id=133 operator_id=43 operator_name=GPU_SCAN stage_kind=SCAN operator_type=94 input_type=GPU_SCAN output_type=PIPELINEABLE actual_gpu=1 pipeline_operator_count=1 input_batches=0 input_rows=0 input_columns=0 input_bytes=0 output_batches=1 output_rows=6246126 output_columns=5 output_bytes=228764536 byte_ratio=0.000000 row_ratio=0.000000 duration_us=1556362
[2026-07-01 08:02:20.504] [info] [task_creator.cpp:352] [locality-audit] task_create operator_id=45 input_bytes=228764536 local_bytes=228764536 gpu_source_bytes=228764536 host_source_bytes=0 disk_source_bytes=0 gpu_sources=1 host_sources=0 preferred_device=1
[2026-07-01 08:02:20.504] [info] [task_scheduler.cpp:367] [mgpu-audit] pipeline_task dispatched to GPU 1 task_id=166
[2026-07-01 08:02:20.504] [info] [task_scheduler.cpp:369] [locality-audit] dispatch task_id=166 preferred_device=1 actual_gpu=1
[2026-07-01 08:02:20.504] [info] [gpu_pipeline_task.cpp:182] [locality-audit] prepare_before pipeline_id=10 task_id=166 preferred_device=1 actual_gpu=1 target_tier=GPU target_device=1 input_bytes=228764536 local_bytes=228764536 remote_gpu_bytes=0 host_bytes=0 disk_bytes=0 batch_count=1
[2026-07-01 08:02:20.504] [info] [gpu_pipeline_task.cpp:182] [locality-audit] prepare_after pipeline_id=10 task_id=166 preferred_device=1 actual_gpu=1 target_tier=GPU target_device=1 input_bytes=228764536 local_bytes=228764536 remote_gpu_bytes=0 host_bytes=0 disk_bytes=0 batch_count=1
[2026-07-01 08:02:20.504] [info] [gpu_pipeline_task.cpp:311] [stage-audit] pipeline_id=10 task_id=166 operator_id=45 operator_name=PARTITION stage_kind=PARTITION operator_type=82 input_type=PIPELINEABLE output_type=PIPELINEABLE actual_gpu=1 pipeline_operator_count=1 input_batches=1 input_rows=6246126 input_columns=5 input_bytes=228764536 output_batches=1 output_rows=6246126 output_columns=5 output_bytes=228764536 byte_ratio=1.000000 row_ratio=1.000000 duration_us=4
[2026-07-01 08:02:20.594] [info] [parquet_gpu_ingestible.cpp:696] [scan-audit] parquet_materialize target_gpu=0 files=/mnt/nvme/dataset/lineitem.parquet columns=l_orderkey,l_suppkey,l_extendedprice,l_discount,l_shipdate row_groups=3140,3141,3142,3143,3144,3145,3146,3147,3148,3149,3150,3151,3152,3153,3154,3155,3156,3157,3158,3159,3160,3161,3162,3163,3164,3165,3166,3167,3168,3169,3170,3171,3172,3173,3174,3175,3176,3177,3178,3179,3180,3181,3182,3183,3184,3185,3186,3187,3188,3189,3190,3191,3192,3193,3194,3195,3196,3197,3198,3199,3200,3201,3202,3203,3204,3205,3206,3207,3208,3209,3210,3211,3212,3213,3214,3215,3216,3217,3218,3219,3220,3221,3222,3223,3224,3225,3226,3227,3228,3229,3230,3231,3232,3233,3234,3235,3236,3237,3238,3239,3240,3241,3242,3243,3244,3245,3246,3247,3248,3249,3250,3251,3252,3253,3254,3255,3256,3257,3258,3259,3260,3261,3262,3263,3264,3265,3266,3267,3268,3269,3270,3271,3272,3273,3274,3275,3276,3277,3278,3279,3280,3281,3282,3283,3284,3285,3286,3287,3288,3289,3290,3291,3292,3293,3294,3295,3296,3297,3298,3299,3300,3301,3302,3303,3304 compressed_bytes=282678394 uncompressed_bytes=536252499 column_bytes=l_orderkey:32035355:164419315,l_suppkey:101412125:164419315,l_extendedprice:106238196:164419315,l_discount:10382575:10387275,l_shipdate:32610143:32607279 output_rows=6247238 output_columns=5 split_count=1 duration_us=1528360
[2026-07-01 08:02:20.594] [info] [gpu_pipeline_task.cpp:311] [stage-audit] pipeline_id=9 task_id=132 operator_id=43 operator_name=GPU_SCAN stage_kind=SCAN operator_type=94 input_type=GPU_SCAN output_type=PIPELINEABLE actual_gpu=0 pipeline_operator_count=1 input_batches=0 input_rows=0 input_columns=0 input_bytes=0 output_batches=1 output_rows=6247238 output_columns=5 output_bytes=228805208 byte_ratio=0.000000 row_ratio=0.000000 duration_us=1548225
[2026-07-01 08:02:20.594] [info] [task_creator.cpp:352] [locality-audit] task_create operator_id=45 input_bytes=228805208 local_bytes=228805208 gpu_source_bytes=228805208 host_source_bytes=0 disk_source_bytes=0 gpu_sources=1 host_sources=0 preferred_device=0
[2026-07-01 08:02:20.594] [info] [task_scheduler.cpp:367] [mgpu-audit] pipeline_task dispatched to GPU 0 task_id=151
[2026-07-01 08:02:20.594] [info] [task_scheduler.cpp:369] [locality-audit] dispatch task_id=151 preferred_device=0 actual_gpu=0
[2026-07-01 08:02:20.594] [info] [gpu_pipeline_task.cpp:182] [locality-audit] prepare_before pipeline_id=10 task_id=147 preferred_device=0 actual_gpu=0 target_tier=GPU target_device=0 input_bytes=228616572 local_bytes=228616572 remote_gpu_bytes=0 host_bytes=0 disk_bytes=0 batch_count=1
[2026-07-01 08:02:20.594] [info] [gpu_pipeline_task.cpp:182] [locality-audit] prepare_after pipeline_id=10 task_id=147 preferred_device=0 actual_gpu=0 target_tier=GPU target_device=0 input_bytes=228616572 local_bytes=228616572 remote_gpu_bytes=0 host_bytes=0 disk_bytes=0 batch_count=1
[2026-07-01 08:02:20.594] [info] [gpu_pipeline_task.cpp:311] [stage-audit] pipeline_id=10 task_id=147 operator_id=45 operator_name=PARTITION stage_kind=PARTITION operator_type=82 input_type=PIPELINEABLE output_type=PIPELINEABLE actual_gpu=0 pipeline_operator_count=1 input_batches=1 input_rows=6242087 input_columns=5 input_bytes=228616572 output_batches=1 output_rows=6242087 output_columns=5 output_bytes=228616572 byte_ratio=1.000000 row_ratio=1.000000 duration_us=5
[2026-07-01 08:02:20.594] [info] [task_scheduler.cpp:367] [mgpu-audit] pipeline_task dispatched to GPU 0 task_id=152
[2026-07-01 08:02:20.594] [info] [task_scheduler.cpp:369] [locality-audit] dispatch task_id=152 preferred_device=0 actual_gpu=0
[2026-07-01 08:02:20.594] [info] [gpu_pipeline_task.cpp:182] [locality-audit] prepare_before pipeline_id=10 task_id=151 preferred_device=0 actual_gpu=0 target_tier=GPU target_device=0 input_bytes=227974504 local_bytes=227974504 remote_gpu_bytes=0 host_bytes=0 disk_bytes=0 batch_count=1
[2026-07-01 08:02:20.594] [info] [gpu_pipeline_task.cpp:182] [locality-audit] prepare_after pipeline_id=10 task_id=151 preferred_device=0 actual_gpu=0 target_tier=GPU target_device=0 input_bytes=227974504 local_bytes=227974504 remote_gpu_bytes=0 host_bytes=0 disk_bytes=0 batch_count=1
[2026-07-01 08:02:20.594] [info] [gpu_pipeline_task.cpp:311] [stage-audit] pipeline_id=10 task_id=151 operator_id=45 operator_name=PARTITION stage_kind=PARTITION operator_type=82 input_type=PIPELINEABLE output_type=PIPELINEABLE actual_gpu=0 pipeline_operator_count=1 input_batches=1 input_rows=6224554 input_columns=5 input_bytes=227974504 output_batches=1 output_rows=6224554 output_columns=5 output_bytes=227974504 byte_ratio=1.000000 row_ratio=1.000000 duration_us=3
[2026-07-01 08:02:20.594] [info] [task_scheduler.cpp:367] [mgpu-audit] pipeline_task dispatched to GPU 0 task_id=157
[2026-07-01 08:02:20.594] [info] [task_scheduler.cpp:369] [locality-audit] dispatch task_id=157 preferred_device=0 actual_gpu=0
[2026-07-01 08:02:20.594] [info] [gpu_pipeline_task.cpp:182] [locality-audit] prepare_before pipeline_id=10 task_id=152 preferred_device=0 actual_gpu=0 target_tier=GPU target_device=0 input_bytes=228394320 local_bytes=228394320 remote_gpu_bytes=0 host_bytes=0 disk_bytes=0 batch_count=1
[2026-07-01 08:02:20.594] [info] [gpu_pipeline_task.cpp:182] [locality-audit] prepare_after pipeline_id=10 task_id=152 preferred_device=0 actual_gpu=0 target_tier=GPU target_device=0 input_bytes=228394320 local_bytes=228394320 remote_gpu_bytes=0 host_bytes=0 disk_bytes=0 batch_count=1
[2026-07-01 08:02:20.594] [info] [gpu_pipeline_task.cpp:311] [stage-audit] pipeline_id=10 task_id=152 operator_id=45 operator_name=PARTITION stage_kind=PARTITION operator_type=82 input_type=PIPELINEABLE output_type=PIPELINEABLE actual_gpu=0 pipeline_operator_count=1 input_batches=1 input_rows=6236020 input_columns=5 input_bytes=228394320 output_batches=1 output_rows=6236020 output_columns=5 output_bytes=228394320 byte_ratio=1.000000 row_ratio=1.000000 duration_us=2
[2026-07-01 08:02:20.594] [info] [task_scheduler.cpp:367] [mgpu-audit] pipeline_task dispatched to GPU 0 task_id=158
[2026-07-01 08:02:20.594] [info] [task_scheduler.cpp:369] [locality-audit] dispatch task_id=158 preferred_device=0 actual_gpu=0
[2026-07-01 08:02:20.594] [info] [gpu_pipeline_task.cpp:182] [locality-audit] prepare_before pipeline_id=11 task_id=157 preferred_device=0 actual_gpu=0 target_tier=GPU target_device=0 input_bytes=457029932 local_bytes=0 remote_gpu_bytes=457029932 host_bytes=0 disk_bytes=0 batch_count=2
[2026-07-01 08:02:20.630] [info] [gpu_pipeline_task.cpp:182] [locality-audit] prepare_after pipeline_id=11 task_id=157 preferred_device=0 actual_gpu=0 target_tier=GPU target_device=0 input_bytes=457029932 local_bytes=457029932 remote_gpu_bytes=0 host_bytes=0 disk_bytes=0 batch_count=2
[2026-07-01 08:02:20.641] [info] [gpu_pipeline_task.cpp:311] [stage-audit] pipeline_id=11 task_id=157 operator_id=44 operator_name=CONCAT stage_kind=CONCAT operator_type=83 input_type=PARTITIONED output_type=PARTITIONED actual_gpu=0 pipeline_operator_count=1 input_batches=2 input_rows=12478627 input_columns=10 input_bytes=457029932 output_batches=1 output_rows=12478627 output_columns=5 output_bytes=449230572 byte_ratio=0.982935 row_ratio=1.000000 duration_us=11162
[2026-07-01 08:02:20.641] [info] [task_scheduler.cpp:367] [mgpu-audit] pipeline_task dispatched to GPU 0 task_id=160
[2026-07-01 08:02:20.641] [info] [task_scheduler.cpp:369] [locality-audit] dispatch task_id=160 preferred_device=0 actual_gpu=0
[2026-07-01 08:02:20.641] [info] [gpu_pipeline_task.cpp:182] [locality-audit] prepare_before pipeline_id=11 task_id=158 preferred_device=0 actual_gpu=0 target_tier=GPU target_device=0 input_bytes=228721992 local_bytes=0 remote_gpu_bytes=228721992 host_bytes=0 disk_bytes=0 batch_count=1
[2026-07-01 08:02:20.653] [info] [gpu_pipeline_task.cpp:182] [locality-audit] prepare_after pipeline_id=11 task_id=158 preferred_device=0 actual_gpu=0 target_tier=GPU target_device=0 input_bytes=228721992 local_bytes=228721992 remote_gpu_bytes=0 host_bytes=0 disk_bytes=0 batch_count=1
[2026-07-01 08:02:20.653] [info] [gpu_pipeline_task.cpp:311] [stage-audit] pipeline_id=11 task_id=158 operator_id=44 operator_name=CONCAT stage_kind=CONCAT operator_type=83 input_type=PARTITIONED output_type=PARTITIONED actual_gpu=0 pipeline_operator_count=1 input_batches=1 input_rows=6244962 input_columns=5 input_bytes=228721992 output_batches=1 output_rows=6244962 output_columns=5 output_bytes=228721992 byte_ratio=1.000000 row_ratio=1.000000 duration_us=2
[2026-07-01 08:02:20.653] [info] [task_scheduler.cpp:367] [mgpu-audit] pipeline_task dispatched to GPU 0 task_id=161
[2026-07-01 08:02:20.653] [info] [gpu_pipeline_task.cpp:182] [locality-audit] prepare_before pipeline_id=11 task_id=160 preferred_device=0 actual_gpu=0 target_tier=GPU target_device=0 input_bytes=457542784 local_bytes=0 remote_gpu_bytes=457542784 host_bytes=0 disk_bytes=0 batch_count=2
[2026-07-01 08:02:20.653] [info] [task_scheduler.cpp:369] [locality-audit] dispatch task_id=161 preferred_device=0 actual_gpu=0
[2026-07-01 08:02:20.675] [info] [gpu_pipeline_task.cpp:182] [locality-audit] prepare_after pipeline_id=11 task_id=160 preferred_device=0 actual_gpu=0 target_tier=GPU target_device=0 input_bytes=457542784 local_bytes=457542784 remote_gpu_bytes=0 host_bytes=0 disk_bytes=0 batch_count=2
[2026-07-01 08:02:20.686] [info] [gpu_pipeline_task.cpp:311] [stage-audit] pipeline_id=11 task_id=160 operator_id=44 operator_name=CONCAT stage_kind=CONCAT operator_type=83 input_type=PARTITIONED output_type=PARTITIONED actual_gpu=0 pipeline_operator_count=1 input_batches=2 input_rows=12492624 input_columns=10 input_bytes=457542784 output_batches=1 output_rows=12492624 output_columns=5 output_bytes=449734464 byte_ratio=0.982934 row_ratio=1.000000 duration_us=11205
[2026-07-01 08:02:20.686] [info] [task_scheduler.cpp:367] [mgpu-audit] pipeline_task dispatched to GPU 0 task_id=164
[2026-07-01 08:02:20.686] [info] [task_scheduler.cpp:369] [locality-audit] dispatch task_id=164 preferred_device=0 actual_gpu=0
[2026-07-01 08:02:20.686] [info] [gpu_pipeline_task.cpp:182] [locality-audit] prepare_before pipeline_id=11 task_id=161 preferred_device=0 actual_gpu=0 target_tier=GPU target_device=0 input_bytes=228463244 local_bytes=0 remote_gpu_bytes=228463244 host_bytes=0 disk_bytes=0 batch_count=1
[2026-07-01 08:02:20.698] [info] [gpu_pipeline_task.cpp:182] [locality-audit] prepare_after pipeline_id=11 task_id=161 preferred_device=0 actual_gpu=0 target_tier=GPU target_device=0 input_bytes=228463244 local_bytes=228463244 remote_gpu_bytes=0 host_bytes=0 disk_bytes=0 batch_count=1
[2026-07-01 08:02:20.698] [info] [gpu_pipeline_task.cpp:311] [stage-audit] pipeline_id=11 task_id=161 operator_id=44 operator_name=CONCAT stage_kind=CONCAT operator_type=83 input_type=PARTITIONED output_type=PARTITIONED actual_gpu=0 pipeline_operator_count=1 input_batches=1 input_rows=6237899 input_columns=5 input_bytes=228463244 output_batches=1 output_rows=6237899 output_columns=5 output_bytes=228463244 byte_ratio=1.000000 row_ratio=1.000000 duration_us=3
[2026-07-01 08:02:20.698] [info] [task_scheduler.cpp:367] [mgpu-audit] pipeline_task dispatched to GPU 0 task_id=165
[2026-07-01 08:02:20.698] [info] [task_scheduler.cpp:369] [locality-audit] dispatch task_id=165 preferred_device=0 actual_gpu=0
[2026-07-01 08:02:20.698] [info] [gpu_pipeline_task.cpp:182] [locality-audit] prepare_before pipeline_id=11 task_id=164 preferred_device=0 actual_gpu=0 target_tier=GPU target_device=0 input_bytes=457164576 local_bytes=0 remote_gpu_bytes=457164576 host_bytes=0 disk_bytes=0 batch_count=2
[2026-07-01 08:02:20.724] [info] [gpu_pipeline_task.cpp:182] [locality-audit] prepare_after pipeline_id=11 task_id=164 preferred_device=0 actual_gpu=0 target_tier=GPU target_device=0 input_bytes=457164576 local_bytes=457164576 remote_gpu_bytes=0 host_bytes=0 disk_bytes=0 batch_count=2
[2026-07-01 08:02:20.736] [info] [gpu_pipeline_task.cpp:311] [stage-audit] pipeline_id=11 task_id=164 operator_id=44 operator_name=CONCAT stage_kind=CONCAT operator_type=83 input_type=PARTITIONED output_type=PARTITIONED actual_gpu=0 pipeline_operator_count=1 input_batches=2 input_rows=12482296 input_columns=10 input_bytes=457164576 output_batches=1 output_rows=12482296 output_columns=5 output_bytes=449362656 byte_ratio=0.982934 row_ratio=1.000000 duration_us=11199
[2026-07-01 08:02:20.741] [info] [parquet_gpu_ingestible.cpp:696] [scan-audit] parquet_materialize target_gpu=0 files=/mnt/nvme/dataset/lineitem.parquet columns=l_orderkey,l_suppkey,l_extendedprice,l_discount,l_shipdate row_groups=2480,2481,2482,2483,2484,2485,2486,2487,2488,2489,2490,2491,2492,2493,2494,2495,2496,2497,2498,2499,2500,2501,2502,2503,2504,2505,2506,2507,2508,2509,2510,2511,2512,2513,2514,2515,2516,2517,2518,2519,2520,2521,2522,2523,2524,2525,2526,2527,2528,2529,2530,2531,2532,2533,2534,2535,2536,2537,2538,2539,2540,2541,2542,2543,2544,2545,2546,2547,2548,2549,2550,2551,2552,2553,2554,2555,2556,2557,2558,2559,2560,2561,2562,2563,2564,2565,2566,2567,2568,2569,2570,2571,2572,2573,2574,2575,2576,2577,2578,2579,2580,2581,2582,2583,2584,2585,2586,2587,2588,2589,2590,2591,2592,2593,2594,2595,2596,2597,2598,2599,2600,2601,2602,2603,2604,2605,2606,2607,2608,2609,2610,2611,2612,2613,2614,2615,2616,2617,2618,2619,2620,2621,2622,2623,2624,2625,2626,2627,2628,2629,2630,2631,2632,2633,2634,2635,2636,2637,2638,2639,2640,2641,2642,2643,2644 compressed_bytes=282694638 uncompressed_bytes=536282899 column_bytes=l_orderkey:32038072:164429091,l_suppkey:101417162:164429091,l_extendedprice:106245580:164429091,l_discount:10382835:10387509,l_shipdate:32610989:32608117 output_rows=6253966 output_columns=5 split_count=1 duration_us=1625049
[2026-07-01 08:02:20.741] [info] [gpu_pipeline_task.cpp:311] [stage-audit] pipeline_id=9 task_id=128 operator_id=43 operator_name=GPU_SCAN stage_kind=SCAN operator_type=94 input_type=GPU_SCAN output_type=PIPELINEABLE actual_gpu=0 pipeline_operator_count=1 input_batches=0 input_rows=0 input_columns=0 input_bytes=0 output_batches=1 output_rows=6253966 output_columns=5 output_bytes=229051576 byte_ratio=0.000000 row_ratio=0.000000 duration_us=1695305
[2026-07-01 08:02:20.741] [info] [task_scheduler.cpp:367] [mgpu-audit] pipeline_task dispatched to GPU 0 task_id=167
[2026-07-01 08:02:20.741] [info] [task_scheduler.cpp:369] [locality-audit] dispatch task_id=167 preferred_device=0 actual_gpu=0
[2026-07-01 08:02:20.741] [info] [gpu_pipeline_task.cpp:182] [locality-audit] prepare_before pipeline_id=11 task_id=165 preferred_device=0 actual_gpu=0 target_tier=GPU target_device=0 input_bytes=228567480 local_bytes=0 remote_gpu_bytes=228567480 host_bytes=0 disk_bytes=0 batch_count=1
[2026-07-01 08:02:20.741] [info] [task_scheduler.cpp:367] [mgpu-audit] pipeline_task dispatched to GPU 0 task_id=168
[2026-07-01 08:02:20.741] [info] [task_scheduler.cpp:369] [locality-audit] dispatch task_id=168 preferred_device=0 actual_gpu=0
[2026-07-01 08:02:20.741] [info] [task_creator.cpp:352] [locality-audit] task_create operator_id=45 input_bytes=229051576 local_bytes=229051576 gpu_source_bytes=229051576 host_source_bytes=0 disk_source_bytes=0 gpu_sources=1 host_sources=0 preferred_device=0
[2026-07-01 08:02:20.741] [info] [gpu_pipeline_task.cpp:182] [locality-audit] prepare_before pipeline_id=11 task_id=167 preferred_device=0 actual_gpu=0 target_tier=GPU target_device=0 input_bytes=457227060 local_bytes=0 remote_gpu_bytes=457227060 host_bytes=0 disk_bytes=0 batch_count=2
[2026-07-01 08:02:20.778] [info] [parquet_gpu_ingestible.cpp:696] [scan-audit] parquet_materialize target_gpu=3 files=/mnt/nvme/dataset/lineitem.parquet columns=l_orderkey,l_suppkey,l_extendedprice,l_discount,l_shipdate row_groups=2315,2316,2317,2318,2319,2320,2321,2322,2323,2324,2325,2326,2327,2328,2329,2330,2331,2332,2333,2334,2335,2336,2337,2338,2339,2340,2341,2342,2343,2344,2345,2346,2347,2348,2349,2350,2351,2352,2353,2354,2355,2356,2357,2358,2359,2360,2361,2362,2363,2364,2365,2366,2367,2368,2369,2370,2371,2372,2373,2374,2375,2376,2377,2378,2379,2380,2381,2382,2383,2384,2385,2386,2387,2388,2389,2390,2391,2392,2393,2394,2395,2396,2397,2398,2399,2400,2401,2402,2403,2404,2405,2406,2407,2408,2409,2410,2411,2412,2413,2414,2415,2416,2417,2418,2419,2420,2421,2422,2423,2424,2425,2426,2427,2428,2429,2430,2431,2432,2433,2434,2435,2436,2437,2438,2439,2440,2441,2442,2443,2444,2445,2446,2447,2448,2449,2450,2451,2452,2453,2454,2455,2456,2457,2458,2459,2460,2461,2462,2463,2464,2465,2466,2467,2468,2469,2470,2471,2472,2473,2474,2475,2476,2477,2478,2479 compressed_bytes=282679398 uncompressed_bytes=536257006 column_bytes=l_orderkey:32039262:164420867,l_suppkey:101410844:164420867,l_extendedprice:106236710:164420867,l_discount:10382446:10387146,l_shipdate:32610136:32607259 output_rows=6239240 output_columns=5 split_count=1 duration_us=1533725
[2026-07-01 08:02:20.778] [info] [gpu_pipeline_task.cpp:311] [stage-audit] pipeline_id=9 task_id=127 operator_id=43 operator_name=GPU_SCAN stage_kind=SCAN operator_type=94 input_type=GPU_SCAN output_type=PIPELINEABLE actual_gpu=3 pipeline_operator_count=1 input_batches=0 input_rows=0 input_columns=0 input_bytes=0 output_batches=1 output_rows=6239240 output_columns=5 output_bytes=228512480 byte_ratio=0.000000 row_ratio=0.000000 duration_us=1550845
[2026-07-01 08:02:20.778] [info] [task_scheduler.cpp:367] [mgpu-audit] pipeline_task dispatched to GPU 3 task_id=150
[2026-07-01 08:02:20.778] [info] [task_scheduler.cpp:369] [locality-audit] dispatch task_id=150 preferred_device=3 actual_gpu=3
[2026-07-01 08:02:20.778] [info] [task_creator.cpp:352] [locality-audit] task_create operator_id=45 input_bytes=228512480 local_bytes=228512480 gpu_source_bytes=228512480 host_source_bytes=0 disk_source_bytes=0 gpu_sources=1 host_sources=0 preferred_device=3
[2026-07-01 08:02:20.778] [info] [gpu_pipeline_task.cpp:182] [locality-audit] prepare_before pipeline_id=10 task_id=148 preferred_device=3 actual_gpu=3 target_tier=GPU target_device=3 input_bytes=228514352 local_bytes=228514352 remote_gpu_bytes=0 host_bytes=0 disk_bytes=0 batch_count=1
[2026-07-01 08:02:20.778] [info] [gpu_pipeline_task.cpp:182] [locality-audit] prepare_after pipeline_id=10 task_id=148 preferred_device=3 actual_gpu=3 target_tier=GPU target_device=3 input_bytes=228514352 local_bytes=228514352 remote_gpu_bytes=0 host_bytes=0 disk_bytes=0 batch_count=1
[2026-07-01 08:02:20.778] [info] [gpu_pipeline_task.cpp:311] [stage-audit] pipeline_id=10 task_id=148 operator_id=45 operator_name=PARTITION stage_kind=PARTITION operator_type=82 input_type=PIPELINEABLE output_type=PIPELINEABLE actual_gpu=3 pipeline_operator_count=1 input_batches=1 input_rows=6239292 input_columns=5 input_bytes=228514352 output_batches=1 output_rows=6239292 output_columns=5 output_bytes=228514352 byte_ratio=1.000000 row_ratio=1.000000 duration_us=6
[2026-07-01 08:02:20.778] [info] [task_scheduler.cpp:367] [mgpu-audit] pipeline_task dispatched to GPU 3 task_id=154
[2026-07-01 08:02:20.778] [info] [task_scheduler.cpp:369] [locality-audit] dispatch task_id=154 preferred_device=3 actual_gpu=3
[2026-07-01 08:02:20.778] [info] [gpu_pipeline_task.cpp:182] [locality-audit] prepare_before pipeline_id=10 task_id=150 preferred_device=3 actual_gpu=3 target_tier=GPU target_device=3 input_bytes=228386148 local_bytes=228386148 remote_gpu_bytes=0 host_bytes=0 disk_bytes=0 batch_count=1
[2026-07-01 08:02:20.778] [info] [gpu_pipeline_task.cpp:182] [locality-audit] prepare_after pipeline_id=10 task_id=150 preferred_device=3 actual_gpu=3 target_tier=GPU target_device=3 input_bytes=228386148 local_bytes=228386148 remote_gpu_bytes=0 host_bytes=0 disk_bytes=0 batch_count=1
[2026-07-01 08:02:20.778] [info] [gpu_pipeline_task.cpp:311] [stage-audit] pipeline_id=10 task_id=150 operator_id=45 operator_name=PARTITION stage_kind=PARTITION operator_type=82 input_type=PIPELINEABLE output_type=PIPELINEABLE actual_gpu=3 pipeline_operator_count=1 input_batches=1 input_rows=6235793 input_columns=5 input_bytes=228386148 output_batches=1 output_rows=6235793 output_columns=5 output_bytes=228386148 byte_ratio=1.000000 row_ratio=1.000000 duration_us=9
[2026-07-01 08:02:20.778] [info] [gpu_pipeline_task.cpp:182] [locality-audit] prepare_before pipeline_id=10 task_id=154 preferred_device=3 actual_gpu=3 target_tier=GPU target_device=3 input_bytes=228073628 local_bytes=228073628 remote_gpu_bytes=0 host_bytes=0 disk_bytes=0 batch_count=1
[2026-07-01 08:02:20.778] [info] [task_scheduler.cpp:367] [mgpu-audit] pipeline_task dispatched to GPU 3 task_id=172
[2026-07-01 08:02:20.778] [info] [task_scheduler.cpp:369] [locality-audit] dispatch task_id=172 preferred_device=3 actual_gpu=3
[2026-07-01 08:02:20.778] [info] [gpu_pipeline_task.cpp:182] [locality-audit] prepare_after pipeline_id=10 task_id=154 preferred_device=3 actual_gpu=3 target_tier=GPU target_device=3 input_bytes=228073628 local_bytes=228073628 remote_gpu_bytes=0 host_bytes=0 disk_bytes=0 batch_count=1
[2026-07-01 08:02:20.778] [info] [gpu_pipeline_task.cpp:311] [stage-audit] pipeline_id=10 task_id=154 operator_id=45 operator_name=PARTITION stage_kind=PARTITION operator_type=82 input_type=PIPELINEABLE output_type=PIPELINEABLE actual_gpu=3 pipeline_operator_count=1 input_batches=1 input_rows=6227263 input_columns=5 input_bytes=228073628 output_batches=1 output_rows=6227263 output_columns=5 output_bytes=228073628 byte_ratio=1.000000 row_ratio=1.000000 duration_us=16
[2026-07-01 08:02:20.778] [info] [task_scheduler.cpp:367] [mgpu-audit] pipeline_task dispatched to GPU 3 task_id=174
[2026-07-01 08:02:20.778] [info] [task_scheduler.cpp:369] [locality-audit] dispatch task_id=174 preferred_device=3 actual_gpu=3
[2026-07-01 08:02:20.778] [info] [gpu_pipeline_task.cpp:182] [locality-audit] prepare_before pipeline_id=12 task_id=172 preferred_device=3 actual_gpu=3 target_tier=GPU target_device=3 input_bytes=450931943 local_bytes=0 remote_gpu_bytes=450931943 host_bytes=0 disk_bytes=0 batch_count=2
[2026-07-01 08:02:20.800] [info] [gpu_pipeline_task.cpp:182] [locality-audit] prepare_after pipeline_id=11 task_id=165 preferred_device=0 actual_gpu=0 target_tier=GPU target_device=0 input_bytes=228567480 local_bytes=228567480 remote_gpu_bytes=0 host_bytes=0 disk_bytes=0 batch_count=1
[2026-07-01 08:02:20.800] [info] [gpu_pipeline_task.cpp:311] [stage-audit] pipeline_id=11 task_id=165 operator_id=44 operator_name=CONCAT stage_kind=CONCAT operator_type=83 input_type=PARTITIONED output_type=PARTITIONED actual_gpu=0 pipeline_operator_count=1 input_batches=1 input_rows=6240750 input_columns=5 input_bytes=228567480 output_batches=1 output_rows=6240750 output_columns=5 output_bytes=228567480 byte_ratio=1.000000 row_ratio=1.000000 duration_us=5
[2026-07-01 08:02:20.800] [info] [task_scheduler.cpp:367] [mgpu-audit] pipeline_task dispatched to GPU 0 task_id=169
[2026-07-01 08:02:20.800] [info] [task_scheduler.cpp:369] [locality-audit] dispatch task_id=169 preferred_device=0 actual_gpu=0
[2026-07-01 08:02:20.800] [info] [gpu_pipeline_task.cpp:182] [locality-audit] prepare_before pipeline_id=11 task_id=168 preferred_device=0 actual_gpu=0 target_tier=GPU target_device=0 input_bytes=228764536 local_bytes=0 remote_gpu_bytes=228764536 host_bytes=0 disk_bytes=0 batch_count=1
[2026-07-01 08:02:20.802] [info] [gpu_pipeline_task.cpp:182] [locality-audit] prepare_after pipeline_id=11 task_id=167 preferred_device=0 actual_gpu=0 target_tier=GPU target_device=0 input_bytes=457227060 local_bytes=457227060 remote_gpu_bytes=0 host_bytes=0 disk_bytes=0 batch_count=2
[2026-07-01 08:02:20.812] [info] [gpu_pipeline_task.cpp:182] [locality-audit] prepare_after pipeline_id=11 task_id=168 preferred_device=0 actual_gpu=0 target_tier=GPU target_device=0 input_bytes=228764536 local_bytes=228764536 remote_gpu_bytes=0 host_bytes=0 disk_bytes=0 batch_count=1
[2026-07-01 08:02:20.812] [info] [gpu_pipeline_task.cpp:311] [stage-audit] pipeline_id=11 task_id=168 operator_id=44 operator_name=CONCAT stage_kind=CONCAT operator_type=83 input_type=PARTITIONED output_type=PARTITIONED actual_gpu=0 pipeline_operator_count=1 input_batches=1 input_rows=6246126 input_columns=5 input_bytes=228764536 output_batches=1 output_rows=6246126 output_columns=5 output_bytes=228764536 byte_ratio=1.000000 row_ratio=1.000000 duration_us=2
[2026-07-01 08:02:20.812] [info] [task_scheduler.cpp:367] [mgpu-audit] pipeline_task dispatched to GPU 0 task_id=170
[2026-07-01 08:02:20.812] [info] [task_scheduler.cpp:369] [locality-audit] dispatch task_id=170 preferred_device=0 actual_gpu=0
[2026-07-01 08:02:20.812] [info] [gpu_pipeline_task.cpp:311] [stage-audit] pipeline_id=11 task_id=167 operator_id=44 operator_name=CONCAT stage_kind=CONCAT operator_type=83 input_type=PARTITIONED output_type=PARTITIONED actual_gpu=0 pipeline_operator_count=1 input_batches=2 input_rows=12484005 input_columns=10 input_bytes=457227060 output_batches=1 output_rows=12484005 output_columns=5 output_bytes=449424180 byte_ratio=0.982934 row_ratio=1.000000 duration_us=10297
[2026-07-01 08:02:20.812] [info] [gpu_pipeline_task.cpp:182] [locality-audit] prepare_before pipeline_id=10 task_id=169 preferred_device=0 actual_gpu=0 target_tier=GPU target_device=0 input_bytes=228805208 local_bytes=228805208 remote_gpu_bytes=0 host_bytes=0 disk_bytes=0 batch_count=1
[2026-07-01 08:02:20.812] [info] [gpu_pipeline_task.cpp:182] [locality-audit] prepare_after pipeline_id=10 task_id=169 preferred_device=0 actual_gpu=0 target_tier=GPU target_device=0 input_bytes=228805208 local_bytes=228805208 remote_gpu_bytes=0 host_bytes=0 disk_bytes=0 batch_count=1
[2026-07-01 08:02:20.812] [info] [task_scheduler.cpp:367] [mgpu-audit] pipeline_task dispatched to GPU 0 task_id=171
[2026-07-01 08:02:20.812] [info] [task_scheduler.cpp:369] [locality-audit] dispatch task_id=171 preferred_device=0 actual_gpu=0
[2026-07-01 08:02:20.812] [info] [gpu_pipeline_task.cpp:311] [stage-audit] pipeline_id=10 task_id=169 operator_id=45 operator_name=PARTITION stage_kind=PARTITION operator_type=82 input_type=PIPELINEABLE output_type=PIPELINEABLE actual_gpu=0 pipeline_operator_count=1 input_batches=1 input_rows=6247238 input_columns=5 input_bytes=228805208 output_batches=1 output_rows=6247238 output_columns=5 output_bytes=228805208 byte_ratio=1.000000 row_ratio=1.000000 duration_us=4
[2026-07-01 08:02:20.812] [info] [gpu_pipeline_task.cpp:182] [locality-audit] prepare_before pipeline_id=11 task_id=170 preferred_device=0 actual_gpu=0 target_tier=GPU target_device=0 input_bytes=456591076 local_bytes=456591076 remote_gpu_bytes=0 host_bytes=0 disk_bytes=0 batch_count=2
[2026-07-01 08:02:20.812] [info] [gpu_pipeline_task.cpp:182] [locality-audit] prepare_after pipeline_id=11 task_id=170 preferred_device=0 actual_gpu=0 target_tier=GPU target_device=0 input_bytes=456591076 local_bytes=456591076 remote_gpu_bytes=0 host_bytes=0 disk_bytes=0 batch_count=2
[2026-07-01 08:02:20.812] [info] [task_scheduler.cpp:367] [mgpu-audit] pipeline_task dispatched to GPU 0 task_id=173
[2026-07-01 08:02:20.812] [info] [task_scheduler.cpp:369] [locality-audit] dispatch task_id=173 preferred_device=0 actual_gpu=0
[2026-07-01 08:02:20.812] [info] [gpu_pipeline_task.cpp:182] [locality-audit] prepare_before pipeline_id=11 task_id=171 preferred_device=0 actual_gpu=0 target_tier=GPU target_device=0 input_bytes=228394320 local_bytes=228394320 remote_gpu_bytes=0 host_bytes=0 disk_bytes=0 batch_count=1
[2026-07-01 08:02:20.812] [info] [gpu_pipeline_task.cpp:182] [locality-audit] prepare_after pipeline_id=11 task_id=171 preferred_device=0 actual_gpu=0 target_tier=GPU target_device=0 input_bytes=228394320 local_bytes=228394320 remote_gpu_bytes=0 host_bytes=0 disk_bytes=0 batch_count=1
[2026-07-01 08:02:20.812] [info] [gpu_pipeline_task.cpp:311] [stage-audit] pipeline_id=11 task_id=171 operator_id=44 operator_name=CONCAT stage_kind=CONCAT operator_type=83 input_type=PARTITIONED output_type=PARTITIONED actual_gpu=0 pipeline_operator_count=1 input_batches=1 input_rows=6236020 input_columns=5 input_bytes=228394320 output_batches=1 output_rows=6236020 output_columns=5 output_bytes=228394320 byte_ratio=1.000000 row_ratio=1.000000 duration_us=3
[2026-07-01 08:02:20.812] [info] [task_scheduler.cpp:367] [mgpu-audit] pipeline_task dispatched to GPU 0 task_id=175
[2026-07-01 08:02:20.812] [info] [task_scheduler.cpp:369] [locality-audit] dispatch task_id=175 preferred_device=0 actual_gpu=0
[2026-07-01 08:02:20.812] [info] [gpu_pipeline_task.cpp:182] [locality-audit] prepare_before pipeline_id=10 task_id=173 preferred_device=0 actual_gpu=0 target_tier=GPU target_device=0 input_bytes=229051576 local_bytes=229051576 remote_gpu_bytes=0 host_bytes=0 disk_bytes=0 batch_count=1
[2026-07-01 08:02:20.812] [info] [gpu_pipeline_task.cpp:182] [locality-audit] prepare_after pipeline_id=10 task_id=173 preferred_device=0 actual_gpu=0 target_tier=GPU target_device=0 input_bytes=229051576 local_bytes=229051576 remote_gpu_bytes=0 host_bytes=0 disk_bytes=0 batch_count=1
[2026-07-01 08:02:20.812] [info] [gpu_pipeline_task.cpp:311] [stage-audit] pipeline_id=10 task_id=173 operator_id=45 operator_name=PARTITION stage_kind=PARTITION operator_type=82 input_type=PIPELINEABLE output_type=PIPELINEABLE actual_gpu=0 pipeline_operator_count=1 input_batches=1 input_rows=6253966 input_columns=5 input_bytes=229051576 output_batches=1 output_rows=6253966 output_columns=5 output_bytes=229051576 byte_ratio=1.000000 row_ratio=1.000000 duration_us=1
[2026-07-01 08:02:20.812] [info] [task_scheduler.cpp:367] [mgpu-audit] pipeline_task dispatched to GPU 0 task_id=176
[2026-07-01 08:02:20.812] [info] [task_scheduler.cpp:369] [locality-audit] dispatch task_id=176 preferred_device=0 actual_gpu=0
[2026-07-01 08:02:20.812] [info] [gpu_pipeline_task.cpp:182] [locality-audit] prepare_before pipeline_id=11 task_id=175 preferred_device=0 actual_gpu=0 target_tier=GPU target_device=0 input_bytes=456900500 local_bytes=0 remote_gpu_bytes=456900500 host_bytes=0 disk_bytes=0 batch_count=2
[2026-07-01 08:02:20.822] [info] [gpu_pipeline_task.cpp:311] [stage-audit] pipeline_id=11 task_id=170 operator_id=44 operator_name=CONCAT stage_kind=CONCAT operator_type=83 input_type=PARTITIONED output_type=PARTITIONED actual_gpu=0 pipeline_operator_count=1 input_batches=2 input_rows=12466641 input_columns=10 input_bytes=456591076 output_batches=1 output_rows=12466641 output_columns=5 output_bytes=448799076 byte_ratio=0.982934 row_ratio=1.000000 duration_us=9942
[2026-07-01 08:02:20.836] [info] [gpu_pipeline_task.cpp:182] [locality-audit] prepare_before pipeline_id=11 task_id=176 preferred_device=0 actual_gpu=0 target_tier=GPU target_device=0 input_bytes=228073628 local_bytes=0 remote_gpu_bytes=228073628 host_bytes=0 disk_bytes=0 batch_count=1
[2026-07-01 08:02:20.837] [info] [gpu_pipeline_task.cpp:182] [locality-audit] prepare_after pipeline_id=12 task_id=172 preferred_device=3 actual_gpu=3 target_tier=GPU target_device=3 input_bytes=450931943 local_bytes=450931943 remote_gpu_bytes=0 host_bytes=0 disk_bytes=0 batch_count=2
[2026-07-01 08:02:20.857] [info] [gpu_pipeline_task.cpp:182] [locality-audit] prepare_after pipeline_id=11 task_id=176 preferred_device=0 actual_gpu=0 target_tier=GPU target_device=0 input_bytes=228073628 local_bytes=228073628 remote_gpu_bytes=0 host_bytes=0 disk_bytes=0 batch_count=1
[2026-07-01 08:02:20.857] [info] [gpu_pipeline_task.cpp:311] [stage-audit] pipeline_id=11 task_id=176 operator_id=44 operator_name=CONCAT stage_kind=CONCAT operator_type=83 input_type=PARTITIONED output_type=PARTITIONED actual_gpu=0 pipeline_operator_count=1 input_batches=1 input_rows=6227263 input_columns=5 input_bytes=228073628 output_batches=1 output_rows=6227263 output_columns=5 output_bytes=228073628 byte_ratio=1.000000 row_ratio=1.000000 duration_us=2
[2026-07-01 08:02:20.862] [info] [parquet_gpu_ingestible.cpp:696] [scan-audit] parquet_materialize target_gpu=2 files=/mnt/nvme/dataset/lineitem.parquet columns=l_orderkey,l_suppkey,l_extendedprice,l_discount,l_shipdate row_groups=4130,4131,4132,4133,4134,4135,4136,4137,4138,4139,4140,4141,4142,4143,4144,4145,4146,4147,4148,4149,4150,4151,4152,4153,4154,4155,4156,4157,4158,4159,4160,4161,4162,4163,4164,4165,4166,4167,4168,4169,4170,4171,4172,4173,4174,4175,4176,4177,4178,4179,4180,4181,4182,4183,4184,4185,4186,4187,4188,4189,4190,4191,4192,4193,4194,4195,4196,4197,4198,4199,4200,4201,4202,4203,4204,4205,4206,4207,4208,4209,4210,4211,4212,4213,4214,4215,4216,4217,4218,4219,4220,4221,4222,4223,4224,4225,4226,4227,4228,4229,4230,4231,4232,4233,4234,4235,4236,4237,4238,4239,4240,4241,4242,4243,4244,4245,4246,4247,4248,4249,4250,4251,4252,4253,4254,4255,4256,4257,4258,4259,4260,4261,4262,4263,4264,4265,4266,4267,4268,4269,4270,4271,4272,4273,4274,4275,4276,4277,4278,4279,4280,4281,4282,4283,4284,4285,4286,4287,4288,4289,4290,4291,4292,4293,4294 compressed_bytes=282681213 uncompressed_bytes=536263412 column_bytes=l_orderkey:32037281:164422891,l_suppkey:101411989:164422891,l_extendedprice:106239050:164422891,l_discount:10382505:10387223,l_shipdate:32610388:32607516 output_rows=6250570 output_columns=5 split_count=1 duration_us=1566699
[2026-07-01 08:02:20.862] [info] [gpu_pipeline_task.cpp:311] [stage-audit] pipeline_id=9 task_id=138 operator_id=43 operator_name=GPU_SCAN stage_kind=SCAN operator_type=94 input_type=GPU_SCAN output_type=PIPELINEABLE actual_gpu=2 pipeline_operator_count=1 input_batches=0 input_rows=0 input_columns=0 input_bytes=0 output_batches=1 output_rows=6250570 output_columns=5 output_bytes=228927400 byte_ratio=0.000000 row_ratio=0.000000 duration_us=1632269
[2026-07-01 08:02:20.865] [info] [task_creator.cpp:352] [locality-audit] task_create operator_id=45 input_bytes=228927400 local_bytes=228927400 gpu_source_bytes=228927400 host_source_bytes=0 disk_source_bytes=0 gpu_sources=1 host_sources=0 preferred_device=2
[2026-07-01 08:02:20.865] [info] [task_scheduler.cpp:367] [mgpu-audit] pipeline_task dispatched to GPU 2 task_id=178
[2026-07-01 08:02:20.865] [info] [task_scheduler.cpp:369] [locality-audit] dispatch task_id=178 preferred_device=2 actual_gpu=2
[2026-07-01 08:02:20.865] [info] [gpu_pipeline_task.cpp:182] [locality-audit] prepare_before pipeline_id=10 task_id=178 preferred_device=2 actual_gpu=2 target_tier=GPU target_device=2 input_bytes=228927400 local_bytes=228927400 remote_gpu_bytes=0 host_bytes=0 disk_bytes=0 batch_count=1
[2026-07-01 08:02:20.865] [info] [gpu_pipeline_task.cpp:182] [locality-audit] prepare_after pipeline_id=10 task_id=178 preferred_device=2 actual_gpu=2 target_tier=GPU target_device=2 input_bytes=228927400 local_bytes=228927400 remote_gpu_bytes=0 host_bytes=0 disk_bytes=0 batch_count=1
[2026-07-01 08:02:20.865] [info] [gpu_pipeline_task.cpp:311] [stage-audit] pipeline_id=10 task_id=178 operator_id=45 operator_name=PARTITION stage_kind=PARTITION operator_type=82 input_type=PIPELINEABLE output_type=PIPELINEABLE actual_gpu=2 pipeline_operator_count=1 input_batches=1 input_rows=6250570 input_columns=5 input_bytes=228927400 output_batches=1 output_rows=6250570 output_columns=5 output_bytes=228927400 byte_ratio=1.000000 row_ratio=1.000000 duration_us=2
[2026-07-01 08:02:20.865] [info] [task_scheduler.cpp:367] [mgpu-audit] pipeline_task dispatched to GPU 0 task_id=188
[2026-07-01 08:02:20.865] [info] [task_scheduler.cpp:369] [locality-audit] dispatch task_id=188 preferred_device=0 actual_gpu=0
[2026-07-01 08:02:20.865] [info] [task_scheduler.cpp:367] [mgpu-audit] pipeline_task dispatched to GPU 0 task_id=189
[2026-07-01 08:02:20.865] [info] [task_scheduler.cpp:369] [locality-audit] dispatch task_id=189 preferred_device=0 actual_gpu=0
[2026-07-01 08:02:20.865] [info] [gpu_pipeline_task.cpp:182] [locality-audit] prepare_before pipeline_id=11 task_id=188 preferred_device=0 actual_gpu=0 target_tier=GPU target_device=0 input_bytes=457856784 local_bytes=457856784 remote_gpu_bytes=0 host_bytes=0 disk_bytes=0 batch_count=2
[2026-07-01 08:02:20.865] [info] [gpu_pipeline_task.cpp:182] [locality-audit] prepare_after pipeline_id=11 task_id=188 preferred_device=0 actual_gpu=0 target_tier=GPU target_device=0 input_bytes=457856784 local_bytes=457856784 remote_gpu_bytes=0 host_bytes=0 disk_bytes=0 batch_count=2
[2026-07-01 08:02:20.869] [info] [gpu_pipeline_task.cpp:182] [locality-audit] prepare_after pipeline_id=11 task_id=175 preferred_device=0 actual_gpu=0 target_tier=GPU target_device=0 input_bytes=456900500 local_bytes=456900500 remote_gpu_bytes=0 host_bytes=0 disk_bytes=0 batch_count=2
[2026-07-01 08:02:20.874] [info] [gpu_pipeline_task.cpp:311] [stage-audit] pipeline_id=12 task_id=172 operator_id=23 operator_name=HASH_JOIN stage_kind=JOIN operator_type=33 input_type=PARTITIONED output_type=PIPELINEABLE actual_gpu=3 pipeline_operator_count=1 input_batches=2 input_rows=12558706 input_columns=7 input_bytes=450931943 output_batches=1 output_rows=997977 output_columns=5 output_bytes=41032849 byte_ratio=0.090996 row_ratio=0.079465 duration_us=37612
[2026-07-01 08:02:20.874] [info] [task_scheduler.cpp:367] [mgpu-audit] pipeline_task dispatched to GPU 3 task_id=177
[2026-07-01 08:02:20.874] [info] [gpu_pipeline_task.cpp:182] [locality-audit] prepare_before pipeline_id=10 task_id=174 preferred_device=3 actual_gpu=3 target_tier=GPU target_device=3 input_bytes=228512480 local_bytes=228512480 remote_gpu_bytes=0 host_bytes=0 disk_bytes=0 batch_count=1
[2026-07-01 08:02:20.874] [info] [task_scheduler.cpp:369] [locality-audit] dispatch task_id=177 preferred_device=3 actual_gpu=3
[2026-07-01 08:02:20.874] [info] [gpu_pipeline_task.cpp:182] [locality-audit] prepare_after pipeline_id=10 task_id=174 preferred_device=3 actual_gpu=3 target_tier=GPU target_device=3 input_bytes=228512480 local_bytes=228512480 remote_gpu_bytes=0 host_bytes=0 disk_bytes=0 batch_count=1
[2026-07-01 08:02:20.875] [info] [gpu_pipeline_task.cpp:311] [stage-audit] pipeline_id=10 task_id=174 operator_id=45 operator_name=PARTITION stage_kind=PARTITION operator_type=82 input_type=PIPELINEABLE output_type=PIPELINEABLE actual_gpu=3 pipeline_operator_count=1 input_batches=1 input_rows=6239240 input_columns=5 input_bytes=228512480 output_batches=1 output_rows=6239240 output_columns=5 output_bytes=228512480 byte_ratio=1.000000 row_ratio=1.000000 duration_us=2
[2026-07-01 08:02:20.875] [info] [task_scheduler.cpp:367] [mgpu-audit] pipeline_task dispatched to GPU 3 task_id=179
[2026-07-01 08:02:20.875] [info] [task_scheduler.cpp:369] [locality-audit] dispatch task_id=179 preferred_device=3 actual_gpu=3
[2026-07-01 08:02:20.875] [info] [gpu_pipeline_task.cpp:182] [locality-audit] prepare_before pipeline_id=12 task_id=177 preferred_device=3 actual_gpu=3 target_tier=GPU target_device=3 input_bytes=228721992 local_bytes=0 remote_gpu_bytes=228721992 host_bytes=0 disk_bytes=0 batch_count=1
[2026-07-01 08:02:20.875] [info] [gpu_pipeline_task.cpp:311] [stage-audit] pipeline_id=11 task_id=188 operator_id=44 operator_name=CONCAT stage_kind=CONCAT operator_type=83 input_type=PARTITIONED output_type=PARTITIONED actual_gpu=0 pipeline_operator_count=1 input_batches=2 input_rows=12501204 input_columns=10 input_bytes=457856784 output_batches=1 output_rows=12501204 output_columns=5 output_bytes=450043344 byte_ratio=0.982935 row_ratio=1.000000 duration_us=10105
[2026-07-01 08:02:20.876] [info] [gpu_pipeline_task.cpp:182] [locality-audit] prepare_before pipeline_id=11 task_id=189 preferred_device=0 actual_gpu=0 target_tier=GPU target_device=0 input_bytes=228927400 local_bytes=0 remote_gpu_bytes=228927400 host_bytes=0 disk_bytes=0 batch_count=1
[2026-07-01 08:02:20.886] [info] [gpu_pipeline_task.cpp:311] [stage-audit] pipeline_id=11 task_id=175 operator_id=44 operator_name=CONCAT stage_kind=CONCAT operator_type=83 input_type=PARTITIONED output_type=PARTITIONED actual_gpu=0 pipeline_operator_count=1 input_batches=2 input_rows=12475085 input_columns=10 input_bytes=456900500 output_batches=1 output_rows=12475085 output_columns=5 output_bytes=449103060 byte_ratio=0.982934 row_ratio=1.000000 duration_us=16931
[2026-07-01 08:02:20.888] [info] [gpu_pipeline_task.cpp:182] [locality-audit] prepare_after pipeline_id=11 task_id=189 preferred_device=0 actual_gpu=0 target_tier=GPU target_device=0 input_bytes=228927400 local_bytes=228927400 remote_gpu_bytes=0 host_bytes=0 disk_bytes=0 batch_count=1
[2026-07-01 08:02:20.888] [info] [gpu_pipeline_task.cpp:311] [stage-audit] pipeline_id=11 task_id=189 operator_id=44 operator_name=CONCAT stage_kind=CONCAT operator_type=83 input_type=PARTITIONED output_type=PARTITIONED actual_gpu=0 pipeline_operator_count=1 input_batches=1 input_rows=6250570 input_columns=5 input_bytes=228927400 output_batches=1 output_rows=6250570 output_columns=5 output_bytes=228927400 byte_ratio=1.000000 row_ratio=1.000000 duration_us=3
[2026-07-01 08:02:20.906] [info] [gpu_pipeline_task.cpp:182] [locality-audit] prepare_after pipeline_id=12 task_id=177 preferred_device=3 actual_gpu=3 target_tier=GPU target_device=3 input_bytes=228721992 local_bytes=228721992 remote_gpu_bytes=0 host_bytes=0 disk_bytes=0 batch_count=1
[2026-07-01 08:02:20.909] [info] [gpu_pipeline_task.cpp:311] [stage-audit] pipeline_id=12 task_id=177 operator_id=23 operator_name=HASH_JOIN stage_kind=JOIN operator_type=33 input_type=PARTITIONED output_type=PIPELINEABLE actual_gpu=3 pipeline_operator_count=1 input_batches=1 input_rows=6244962 input_columns=5 input_bytes=228721992 output_batches=1 output_rows=499915 output_columns=5 output_bytes=20801995 byte_ratio=0.090949 row_ratio=0.080051 duration_us=3533
[2026-07-01 08:02:20.909] [info] [task_scheduler.cpp:367] [mgpu-audit] pipeline_task dispatched to GPU 3 task_id=180
[2026-07-01 08:02:20.909] [info] [task_scheduler.cpp:369] [locality-audit] dispatch task_id=180 preferred_device=3 actual_gpu=3
[2026-07-01 08:02:20.909] [info] [gpu_pipeline_task.cpp:182] [locality-audit] prepare_before pipeline_id=12 task_id=179 preferred_device=3 actual_gpu=3 target_tier=GPU target_device=3 input_bytes=449734464 local_bytes=0 remote_gpu_bytes=449734464 host_bytes=0 disk_bytes=0 batch_count=1
[2026-07-01 08:02:20.930] [info] [gpu_pipeline_task.cpp:182] [locality-audit] prepare_after pipeline_id=12 task_id=179 preferred_device=3 actual_gpu=3 target_tier=GPU target_device=3 input_bytes=449734464 local_bytes=449734464 remote_gpu_bytes=0 host_bytes=0 disk_bytes=0 batch_count=1
[2026-07-01 08:02:20.938] [info] [gpu_pipeline_task.cpp:311] [stage-audit] pipeline_id=12 task_id=179 operator_id=23 operator_name=HASH_JOIN stage_kind=JOIN operator_type=33 input_type=PARTITIONED output_type=PIPELINEABLE actual_gpu=3 pipeline_operator_count=1 input_batches=1 input_rows=12492624 input_columns=5 input_bytes=449734464 output_batches=1 output_rows=1001660 output_columns=5 output_bytes=41191880 byte_ratio=0.091592 row_ratio=0.080180 duration_us=7109
[2026-07-01 08:02:20.938] [info] [task_scheduler.cpp:367] [mgpu-audit] pipeline_task dispatched to GPU 3 task_id=181
[2026-07-01 08:02:20.938] [info] [task_scheduler.cpp:369] [locality-audit] dispatch task_id=181 preferred_device=3 actual_gpu=3
[2026-07-01 08:02:20.938] [info] [gpu_pipeline_task.cpp:182] [locality-audit] prepare_before pipeline_id=12 task_id=180 preferred_device=3 actual_gpu=3 target_tier=GPU target_device=3 input_bytes=228463244 local_bytes=0 remote_gpu_bytes=228463244 host_bytes=0 disk_bytes=0 batch_count=1
[2026-07-01 08:02:20.974] [info] [parquet_gpu_ingestible.cpp:696] [scan-audit] parquet_materialize target_gpu=3 files=/mnt/nvme/dataset/lineitem.parquet columns=l_orderkey,l_suppkey,l_extendedprice,l_discount,l_shipdate row_groups=2975,2976,2977,2978,2979,2980,2981,2982,2983,2984,2985,2986,2987,2988,2989,2990,2991,2992,2993,2994,2995,2996,2997,2998,2999,3000,3001,3002,3003,3004,3005,3006,3007,3008,3009,3010,3011,3012,3013,3014,3015,3016,3017,3018,3019,3020,3021,3022,3023,3024,3025,3026,3027,3028,3029,3030,3031,3032,3033,3034,3035,3036,3037,3038,3039,3040,3041,3042,3043,3044,3045,3046,3047,3048,3049,3050,3051,3052,3053,3054,3055,3056,3057,3058,3059,3060,3061,3062,3063,3064,3065,3066,3067,3068,3069,3070,3071,3072,3073,3074,3075,3076,3077,3078,3079,3080,3081,3082,3083,3084,3085,3086,3087,3088,3089,3090,3091,3092,3093,3094,3095,3096,3097,3098,3099,3100,3101,3102,3103,3104,3105,3106,3107,3108,3109,3110,3111,3112,3113,3114,3115,3116,3117,3118,3119,3120,3121,3122,3123,3124,3125,3126,3127,3128,3129,3130,3131,3132,3133,3134,3135,3136,3137,3138,3139 compressed_bytes=282664983 uncompressed_bytes=536234131 column_bytes=l_orderkey:32029399:164413139,l_suppkey:101408272:164413139,l_extendedprice:106234418:164413139,l_discount:10382617:10387295,l_shipdate:32610277:32607419 output_rows=6247914 output_columns=5 split_count=1 duration_us=1683103
[2026-07-01 08:02:20.974] [info] [gpu_pipeline_task.cpp:182] [locality-audit] prepare_after pipeline_id=12 task_id=180 preferred_device=3 actual_gpu=3 target_tier=GPU target_device=3 input_bytes=228463244 local_bytes=228463244 remote_gpu_bytes=0 host_bytes=0 disk_bytes=0 batch_count=1
[2026-07-01 08:02:20.974] [info] [gpu_pipeline_task.cpp:311] [stage-audit] pipeline_id=9 task_id=131 operator_id=43 operator_name=GPU_SCAN stage_kind=SCAN operator_type=94 input_type=GPU_SCAN output_type=PIPELINEABLE actual_gpu=3 pipeline_operator_count=1 input_batches=0 input_rows=0 input_columns=0 input_bytes=0 output_batches=1 output_rows=6247914 output_columns=5 output_bytes=228829864 byte_ratio=0.000000 row_ratio=0.000000 duration_us=1747501
[2026-07-01 08:02:20.975] [info] [task_scheduler.cpp:367] [mgpu-audit] pipeline_task dispatched to GPU 3 task_id=182
[2026-07-01 08:02:20.975] [info] [task_scheduler.cpp:369] [locality-audit] dispatch task_id=182 preferred_device=3 actual_gpu=3
[2026-07-01 08:02:20.975] [info] [task_creator.cpp:352] [locality-audit] task_create operator_id=45 input_bytes=228829864 local_bytes=228829864 gpu_source_bytes=228829864 host_source_bytes=0 disk_source_bytes=0 gpu_sources=1 host_sources=0 preferred_device=3
[2026-07-01 08:02:20.975] [info] [gpu_pipeline_task.cpp:182] [locality-audit] prepare_before pipeline_id=12 task_id=181 preferred_device=3 actual_gpu=3 target_tier=GPU target_device=3 input_bytes=449362656 local_bytes=0 remote_gpu_bytes=449362656 host_bytes=0 disk_bytes=0 batch_count=1
[2026-07-01 08:02:20.987] [info] [parquet_gpu_ingestible.cpp:696] [scan-audit] parquet_materialize target_gpu=1 files=/mnt/nvme/dataset/lineitem.parquet columns=l_orderkey,l_suppkey,l_extendedprice,l_discount,l_shipdate row_groups=3965,3966,3967,3968,3969,3970,3971,3972,3973,3974,3975,3976,3977,3978,3979,3980,3981,3982,3983,3984,3985,3986,3987,3988,3989,3990,3991,3992,3993,3994,3995,3996,3997,3998,3999,4000,4001,4002,4003,4004,4005,4006,4007,4008,4009,4010,4011,4012,4013,4014,4015,4016,4017,4018,4019,4020,4021,4022,4023,4024,4025,4026,4027,4028,4029,4030,4031,4032,4033,4034,4035,4036,4037,4038,4039,4040,4041,4042,4043,4044,4045,4046,4047,4048,4049,4050,4051,4052,4053,4054,4055,4056,4057,4058,4059,4060,4061,4062,4063,4064,4065,4066,4067,4068,4069,4070,4071,4072,4073,4074,4075,4076,4077,4078,4079,4080,4081,4082,4083,4084,4085,4086,4087,4088,4089,4090,4091,4092,4093,4094,4095,4096,4097,4098,4099,4100,4101,4102,4103,4104,4105,4106,4107,4108,4109,4110,4111,4112,4113,4114,4115,4116,4117,4118,4119,4120,4121,4122,4123,4124,4125,4126,4127,4128,4129 compressed_bytes=282682182 uncompressed_bytes=536251881 column_bytes=l_orderkey:32040254:164419187,l_suppkey:101411188:164419187,l_extendedprice:106238233:164419187,l_discount:10382548:10387237,l_shipdate:32609959:32607083 output_rows=6250581 output_columns=5 split_count=1 duration_us=1246181
[2026-07-01 08:02:20.987] [info] [gpu_pipeline_task.cpp:311] [stage-audit] pipeline_id=9 task_id=137 operator_id=43 operator_name=GPU_SCAN stage_kind=SCAN operator_type=94 input_type=GPU_SCAN output_type=PIPELINEABLE actual_gpu=1 pipeline_operator_count=1 input_batches=0 input_rows=0 input_columns=0 input_bytes=0 output_batches=1 output_rows=6250581 output_columns=5 output_bytes=228927796 byte_ratio=0.000000 row_ratio=0.000000 duration_us=1307768
[2026-07-01 08:02:20.987] [info] [task_creator.cpp:352] [locality-audit] task_create operator_id=45 input_bytes=228927796 local_bytes=228927796 gpu_source_bytes=228927796 host_source_bytes=0 disk_source_bytes=0 gpu_sources=1 host_sources=0 preferred_device=1
[2026-07-01 08:02:20.987] [info] [task_scheduler.cpp:367] [mgpu-audit] pipeline_task dispatched to GPU 1 task_id=194
[2026-07-01 08:02:20.987] [info] [task_scheduler.cpp:369] [locality-audit] dispatch task_id=194 preferred_device=1 actual_gpu=1
[2026-07-01 08:02:20.988] [info] [gpu_pipeline_task.cpp:182] [locality-audit] prepare_before pipeline_id=10 task_id=194 preferred_device=1 actual_gpu=1 target_tier=GPU target_device=1 input_bytes=228927796 local_bytes=228927796 remote_gpu_bytes=0 host_bytes=0 disk_bytes=0 batch_count=1
[2026-07-01 08:02:20.988] [info] [gpu_pipeline_task.cpp:182] [locality-audit] prepare_after pipeline_id=10 task_id=194 preferred_device=1 actual_gpu=1 target_tier=GPU target_device=1 input_bytes=228927796 local_bytes=228927796 remote_gpu_bytes=0 host_bytes=0 disk_bytes=0 batch_count=1
[2026-07-01 08:02:20.988] [info] [gpu_pipeline_task.cpp:311] [stage-audit] pipeline_id=10 task_id=194 operator_id=45 operator_name=PARTITION stage_kind=PARTITION operator_type=82 input_type=PIPELINEABLE output_type=PIPELINEABLE actual_gpu=1 pipeline_operator_count=1 input_batches=1 input_rows=6250581 input_columns=5 input_bytes=228927796 output_batches=1 output_rows=6250581 output_columns=5 output_bytes=228927796 byte_ratio=1.000000 row_ratio=1.000000 duration_us=4
[2026-07-01 08:02:21.008] [info] [gpu_pipeline_task.cpp:182] [locality-audit] prepare_after pipeline_id=12 task_id=181 preferred_device=3 actual_gpu=3 target_tier=GPU target_device=3 input_bytes=449362656 local_bytes=449362656 remote_gpu_bytes=0 host_bytes=0 disk_bytes=0 batch_count=1
[2026-07-01 08:02:21.015] [info] [gpu_pipeline_task.cpp:311] [stage-audit] pipeline_id=12 task_id=180 operator_id=23 operator_name=HASH_JOIN stage_kind=JOIN operator_type=33 input_type=PARTITIONED output_type=PIPELINEABLE actual_gpu=3 pipeline_operator_count=1 input_batches=1 input_rows=6237899 input_columns=5 input_bytes=228463244 output_batches=1 output_rows=500389 output_columns=5 output_bytes=20828501 byte_ratio=0.091168 row_ratio=0.080218 duration_us=40250
[2026-07-01 08:02:21.015] [info] [task_scheduler.cpp:367] [mgpu-audit] pipeline_task dispatched to GPU 3 task_id=183
[2026-07-01 08:02:21.015] [info] [task_scheduler.cpp:369] [locality-audit] dispatch task_id=183 preferred_device=3 actual_gpu=3
[2026-07-01 08:02:21.015] [info] [gpu_pipeline_task.cpp:182] [locality-audit] prepare_before pipeline_id=12 task_id=182 preferred_device=3 actual_gpu=3 target_tier=GPU target_device=3 input_bytes=228567480 local_bytes=0 remote_gpu_bytes=228567480 host_bytes=0 disk_bytes=0 batch_count=1
[2026-07-01 08:02:21.023] [info] [gpu_pipeline_task.cpp:311] [stage-audit] pipeline_id=12 task_id=181 operator_id=23 operator_name=HASH_JOIN stage_kind=JOIN operator_type=33 input_type=PARTITIONED output_type=PIPELINEABLE actual_gpu=3 pipeline_operator_count=1 input_batches=1 input_rows=12482296 input_columns=5 input_bytes=449362656 output_batches=1 output_rows=999361 output_columns=5 output_bytes=41096105 byte_ratio=0.091454 row_ratio=0.080062 duration_us=14866
[2026-07-01 08:02:21.023] [info] [task_scheduler.cpp:367] [mgpu-audit] pipeline_task dispatched to GPU 3 task_id=184
[2026-07-01 08:02:21.023] [info] [task_scheduler.cpp:369] [locality-audit] dispatch task_id=184 preferred_device=3 actual_gpu=3
[2026-07-01 08:02:21.023] [info] [gpu_pipeline_task.cpp:182] [locality-audit] prepare_before pipeline_id=12 task_id=183 preferred_device=3 actual_gpu=3 target_tier=GPU target_device=3 input_bytes=228764536 local_bytes=0 remote_gpu_bytes=228764536 host_bytes=0 disk_bytes=0 batch_count=1
[2026-07-01 08:02:21.027] [info] [gpu_pipeline_task.cpp:182] [locality-audit] prepare_after pipeline_id=12 task_id=182 preferred_device=3 actual_gpu=3 target_tier=GPU target_device=3 input_bytes=228567480 local_bytes=228567480 remote_gpu_bytes=0 host_bytes=0 disk_bytes=0 batch_count=1
[2026-07-01 08:02:21.044] [info] [gpu_pipeline_task.cpp:182] [locality-audit] prepare_after pipeline_id=12 task_id=183 preferred_device=3 actual_gpu=3 target_tier=GPU target_device=3 input_bytes=228764536 local_bytes=228764536 remote_gpu_bytes=0 host_bytes=0 disk_bytes=0 batch_count=1
[2026-07-01 08:02:21.048] [info] [parquet_gpu_ingestible.cpp:696] [scan-audit] parquet_materialize target_gpu=0 files=/mnt/nvme/dataset/lineitem.parquet columns=l_orderkey,l_suppkey,l_extendedprice,l_discount,l_shipdate row_groups=3800,3801,3802,3803,3804,3805,3806,3807,3808,3809,3810,3811,3812,3813,3814,3815,3816,3817,3818,3819,3820,3821,3822,3823,3824,3825,3826,3827,3828,3829,3830,3831,3832,3833,3834,3835,3836,3837,3838,3839,3840,3841,3842,3843,3844,3845,3846,3847,3848,3849,3850,3851,3852,3853,3854,3855,3856,3857,3858,3859,3860,3861,3862,3863,3864,3865,3866,3867,3868,3869,3870,3871,3872,3873,3874,3875,3876,3877,3878,3879,3880,3881,3882,3883,3884,3885,3886,3887,3888,3889,3890,3891,3892,3893,3894,3895,3896,3897,3898,3899,3900,3901,3902,3903,3904,3905,3906,3907,3908,3909,3910,3911,3912,3913,3914,3915,3916,3917,3918,3919,3920,3921,3922,3923,3924,3925,3926,3927,3928,3929,3930,3931,3932,3933,3934,3935,3936,3937,3938,3939,3940,3941,3942,3943,3944,3945,3946,3947,3948,3949,3950,3951,3952,3953,3954,3955,3956,3957,3958,3959,3960,3961,3962,3963,3964 compressed_bytes=282677592 uncompressed_bytes=536253209 column_bytes=l_orderkey:32037320:164419579,l_suppkey:101410070:164419579,l_extendedprice:106237525:164419579,l_discount:10382584:10387265,l_shipdate:32610093:32607207 output_rows=6236466 output_columns=5 split_count=1 duration_us=1606367
[2026-07-01 08:02:21.049] [info] [gpu_pipeline_task.cpp:311] [stage-audit] pipeline_id=9 task_id=136 operator_id=43 operator_name=GPU_SCAN stage_kind=SCAN operator_type=94 input_type=GPU_SCAN output_type=PIPELINEABLE actual_gpu=0 pipeline_operator_count=1 input_batches=0 input_rows=0 input_columns=0 input_bytes=0 output_batches=1 output_rows=6236466 output_columns=5 output_bytes=228410696 byte_ratio=0.000000 row_ratio=0.000000 duration_us=1669242
[2026-07-01 08:02:21.049] [info] [task_creator.cpp:352] [locality-audit] task_create operator_id=45 input_bytes=228410696 local_bytes=228410696 gpu_source_bytes=228410696 host_source_bytes=0 disk_source_bytes=0 gpu_sources=1 host_sources=0 preferred_device=0
[2026-07-01 08:02:21.049] [info] [task_scheduler.cpp:367] [mgpu-audit] pipeline_task dispatched to GPU 0 task_id=195
[2026-07-01 08:02:21.049] [info] [task_scheduler.cpp:369] [locality-audit] dispatch task_id=195 preferred_device=0 actual_gpu=0
[2026-07-01 08:02:21.049] [info] [gpu_pipeline_task.cpp:182] [locality-audit] prepare_before pipeline_id=10 task_id=195 preferred_device=0 actual_gpu=0 target_tier=GPU target_device=0 input_bytes=228410696 local_bytes=228410696 remote_gpu_bytes=0 host_bytes=0 disk_bytes=0 batch_count=1
[2026-07-01 08:02:21.049] [info] [gpu_pipeline_task.cpp:182] [locality-audit] prepare_after pipeline_id=10 task_id=195 preferred_device=0 actual_gpu=0 target_tier=GPU target_device=0 input_bytes=228410696 local_bytes=228410696 remote_gpu_bytes=0 host_bytes=0 disk_bytes=0 batch_count=1
[2026-07-01 08:02:21.049] [info] [gpu_pipeline_task.cpp:311] [stage-audit] pipeline_id=10 task_id=195 operator_id=45 operator_name=PARTITION stage_kind=PARTITION operator_type=82 input_type=PIPELINEABLE output_type=PIPELINEABLE actual_gpu=0 pipeline_operator_count=1 input_batches=1 input_rows=6236466 input_columns=5 input_bytes=228410696 output_batches=1 output_rows=6236466 output_columns=5 output_bytes=228410696 byte_ratio=1.000000 row_ratio=1.000000 duration_us=11
[2026-07-01 08:02:21.049] [info] [task_scheduler.cpp:367] [mgpu-audit] pipeline_task dispatched to GPU 0 task_id=196
[2026-07-01 08:02:21.049] [info] [task_scheduler.cpp:369] [locality-audit] dispatch task_id=196 preferred_device=0 actual_gpu=0
[2026-07-01 08:02:21.049] [info] [task_scheduler.cpp:367] [mgpu-audit] pipeline_task dispatched to GPU 0 task_id=197
[2026-07-01 08:02:21.049] [info] [task_scheduler.cpp:369] [locality-audit] dispatch task_id=197 preferred_device=0 actual_gpu=0
[2026-07-01 08:02:21.049] [info] [gpu_pipeline_task.cpp:182] [locality-audit] prepare_before pipeline_id=11 task_id=196 preferred_device=0 actual_gpu=0 target_tier=GPU target_device=0 input_bytes=457440276 local_bytes=0 remote_gpu_bytes=457440276 host_bytes=0 disk_bytes=0 batch_count=2
[2026-07-01 08:02:21.049] [info] [gpu_pipeline_task.cpp:182] [locality-audit] prepare_before pipeline_id=11 task_id=197 preferred_device=0 actual_gpu=0 target_tier=GPU target_device=0 input_bytes=228410696 local_bytes=228410696 remote_gpu_bytes=0 host_bytes=0 disk_bytes=0 batch_count=1
[2026-07-01 08:02:21.049] [info] [gpu_pipeline_task.cpp:182] [locality-audit] prepare_after pipeline_id=11 task_id=197 preferred_device=0 actual_gpu=0 target_tier=GPU target_device=0 input_bytes=228410696 local_bytes=228410696 remote_gpu_bytes=0 host_bytes=0 disk_bytes=0 batch_count=1
[2026-07-01 08:02:21.049] [info] [gpu_pipeline_task.cpp:311] [stage-audit] pipeline_id=11 task_id=197 operator_id=44 operator_name=CONCAT stage_kind=CONCAT operator_type=83 input_type=PARTITIONED output_type=PARTITIONED actual_gpu=0 pipeline_operator_count=1 input_batches=1 input_rows=6236466 input_columns=5 input_bytes=228410696 output_batches=1 output_rows=6236466 output_columns=5 output_bytes=228410696 byte_ratio=1.000000 row_ratio=1.000000 duration_us=8
[2026-07-01 08:02:21.051] [info] [gpu_pipeline_task.cpp:311] [stage-audit] pipeline_id=12 task_id=182 operator_id=23 operator_name=HASH_JOIN stage_kind=JOIN operator_type=33 input_type=PARTITIONED output_type=PIPELINEABLE actual_gpu=3 pipeline_operator_count=1 input_batches=1 input_rows=6240750 input_columns=5 input_bytes=228567480 output_batches=1 output_rows=499150 output_columns=5 output_bytes=20767282 byte_ratio=0.090858 row_ratio=0.079982 duration_us=24405
[2026-07-01 08:02:21.057] [info] [task_scheduler.cpp:367] [mgpu-audit] pipeline_task dispatched to GPU 3 task_id=185
[2026-07-01 08:02:21.057] [info] [task_scheduler.cpp:369] [locality-audit] dispatch task_id=185 preferred_device=3 actual_gpu=3
[2026-07-01 08:02:21.057] [info] [gpu_pipeline_task.cpp:182] [locality-audit] prepare_before pipeline_id=12 task_id=184 preferred_device=3 actual_gpu=3 target_tier=GPU target_device=3 input_bytes=449424180 local_bytes=0 remote_gpu_bytes=449424180 host_bytes=0 disk_bytes=0 batch_count=1
[2026-07-01 08:02:21.083] [info] [gpu_pipeline_task.cpp:182] [locality-audit] prepare_after pipeline_id=12 task_id=184 preferred_device=3 actual_gpu=3 target_tier=GPU target_device=3 input_bytes=449424180 local_bytes=449424180 remote_gpu_bytes=0 host_bytes=0 disk_bytes=0 batch_count=1
[2026-07-01 08:02:21.091] [info] [parquet_gpu_ingestible.cpp:696] [scan-audit] parquet_materialize target_gpu=2 files=/mnt/nvme/dataset/lineitem.parquet columns=l_orderkey,l_suppkey,l_extendedprice,l_discount,l_shipdate row_groups=4790,4791,4792,4793,4794,4795,4796,4797,4798,4799,4800,4801,4802,4803,4804,4805,4806,4807,4808,4809,4810,4811,4812,4813,4814,4815,4816,4817,4818,4819,4820,4821,4822,4823,4824 compressed_bytes=58507256 uncompressed_bytes=110987951 column_bytes=l_orderkey:6630247:34028061,l_suppkey:20988264:34028061,l_extendedprice:21985363:34028061,l_discount:2148090:2149087,l_shipdate:6755292:6754681 output_rows=1291030 output_columns=5 split_count=1 duration_us=1160192
[2026-07-01 08:02:21.091] [info] [gpu_pipeline_task.cpp:311] [stage-audit] pipeline_id=9 task_id=142 operator_id=43 operator_name=GPU_SCAN stage_kind=SCAN operator_type=94 input_type=GPU_SCAN output_type=PIPELINEABLE actual_gpu=2 pipeline_operator_count=1 input_batches=0 input_rows=0 input_columns=0 input_bytes=0 output_batches=1 output_rows=1291030 output_columns=5 output_bytes=47284120 byte_ratio=0.000000 row_ratio=0.000000 duration_us=1226091
[2026-07-01 08:02:21.091] [info] [task_creator.cpp:352] [locality-audit] task_create operator_id=45 input_bytes=47284120 local_bytes=47284120 gpu_source_bytes=47284120 host_source_bytes=0 disk_source_bytes=0 gpu_sources=1 host_sources=0 preferred_device=2
[2026-07-01 08:02:21.091] [info] [task_scheduler.cpp:367] [mgpu-audit] pipeline_task dispatched to GPU 2 task_id=199
[2026-07-01 08:02:21.091] [info] [task_scheduler.cpp:369] [locality-audit] dispatch task_id=199 preferred_device=2 actual_gpu=2
[2026-07-01 08:02:21.091] [info] [gpu_pipeline_task.cpp:182] [locality-audit] prepare_before pipeline_id=10 task_id=199 preferred_device=2 actual_gpu=2 target_tier=GPU target_device=2 input_bytes=47284120 local_bytes=47284120 remote_gpu_bytes=0 host_bytes=0 disk_bytes=0 batch_count=1
[2026-07-01 08:02:21.091] [info] [gpu_pipeline_task.cpp:182] [locality-audit] prepare_after pipeline_id=10 task_id=199 preferred_device=2 actual_gpu=2 target_tier=GPU target_device=2 input_bytes=47284120 local_bytes=47284120 remote_gpu_bytes=0 host_bytes=0 disk_bytes=0 batch_count=1
[2026-07-01 08:02:21.091] [info] [gpu_pipeline_task.cpp:311] [stage-audit] pipeline_id=10 task_id=199 operator_id=45 operator_name=PARTITION stage_kind=PARTITION operator_type=82 input_type=PIPELINEABLE output_type=PIPELINEABLE actual_gpu=2 pipeline_operator_count=1 input_batches=1 input_rows=1291030 input_columns=5 input_bytes=47284120 output_batches=1 output_rows=1291030 output_columns=5 output_bytes=47284120 byte_ratio=1.000000 row_ratio=1.000000 duration_us=3
[2026-07-01 08:02:21.093] [info] [gpu_pipeline_task.cpp:311] [stage-audit] pipeline_id=12 task_id=183 operator_id=23 operator_name=HASH_JOIN stage_kind=JOIN operator_type=33 input_type=PARTITIONED output_type=PIPELINEABLE actual_gpu=3 pipeline_operator_count=1 input_batches=1 input_rows=6246126 input_columns=5 input_bytes=228764536 output_batches=1 output_rows=500282 output_columns=5 output_bytes=20825086 byte_ratio=0.091033 row_ratio=0.080095 duration_us=49280
[2026-07-01 08:02:21.095] [info] [task_scheduler.cpp:367] [mgpu-audit] pipeline_task dispatched to GPU 3 task_id=186
[2026-07-01 08:02:21.095] [info] [task_scheduler.cpp:369] [locality-audit] dispatch task_id=186 preferred_device=3 actual_gpu=3
[2026-07-01 08:02:21.095] [info] [gpu_pipeline_task.cpp:182] [locality-audit] prepare_before pipeline_id=12 task_id=185 preferred_device=3 actual_gpu=3 target_tier=GPU target_device=3 input_bytes=228394320 local_bytes=0 remote_gpu_bytes=228394320 host_bytes=0 disk_bytes=0 batch_count=1
[2026-07-01 08:02:21.095] [info] [parquet_gpu_ingestible.cpp:696] [scan-audit] parquet_materialize target_gpu=3 files=/mnt/nvme/dataset/lineitem.parquet columns=l_orderkey,l_suppkey,l_extendedprice,l_discount,l_shipdate row_groups=3635,3636,3637,3638,3639,3640,3641,3642,3643,3644,3645,3646,3647,3648,3649,3650,3651,3652,3653,3654,3655,3656,3657,3658,3659,3660,3661,3662,3663,3664,3665,3666,3667,3668,3669,3670,3671,3672,3673,3674,3675,3676,3677,3678,3679,3680,3681,3682,3683,3684,3685,3686,3687,3688,3689,3690,3691,3692,3693,3694,3695,3696,3697,3698,3699,3700,3701,3702,3703,3704,3705,3706,3707,3708,3709,3710,3711,3712,3713,3714,3715,3716,3717,3718,3719,3720,3721,3722,3723,3724,3725,3726,3727,3728,3729,3730,3731,3732,3733,3734,3735,3736,3737,3738,3739,3740,3741,3742,3743,3744,3745,3746,3747,3748,3749,3750,3751,3752,3753,3754,3755,3756,3757,3758,3759,3760,3761,3762,3763,3764,3765,3766,3767,3768,3769,3770,3771,3772,3773,3774,3775,3776,3777,3778,3779,3780,3781,3782,3783,3784,3785,3786,3787,3788,3789,3790,3791,3792,3793,3794,3795,3796,3797,3798,3799 compressed_bytes=282691285 uncompressed_bytes=536267717 column_bytes=l_orderkey:32039186:164424355,l_suppkey:101417057:164424355,l_extendedprice:106242212:164424355,l_discount:10382545:10387233,l_shipdate:32610285:32607419 output_rows=6237871 output_columns=5 split_count=1 duration_us=1759190
[2026-07-01 08:02:21.095] [info] [gpu_pipeline_task.cpp:311] [stage-audit] pipeline_id=9 task_id=135 operator_id=43 operator_name=GPU_SCAN stage_kind=SCAN operator_type=94 input_type=GPU_SCAN output_type=PIPELINEABLE actual_gpu=3 pipeline_operator_count=1 input_batches=0 input_rows=0 input_columns=0 input_bytes=0 output_batches=1 output_rows=6237871 output_columns=5 output_bytes=228462236 byte_ratio=0.000000 row_ratio=0.000000 duration_us=1823883
[2026-07-01 08:02:21.095] [info] [task_scheduler.cpp:367] [mgpu-audit] pipeline_task dispatched to GPU 3 task_id=187
[2026-07-01 08:02:21.095] [info] [task_scheduler.cpp:369] [locality-audit] dispatch task_id=187 preferred_device=3 actual_gpu=3
[2026-07-01 08:02:21.095] [info] [gpu_pipeline_task.cpp:182] [locality-audit] prepare_before pipeline_id=12 task_id=186 preferred_device=3 actual_gpu=3 target_tier=GPU target_device=3 input_bytes=448799076 local_bytes=0 remote_gpu_bytes=448799076 host_bytes=0 disk_bytes=0 batch_count=1
[2026-07-01 08:02:21.095] [info] [task_creator.cpp:352] [locality-audit] task_create operator_id=45 input_bytes=228462236 local_bytes=228462236 gpu_source_bytes=228462236 host_source_bytes=0 disk_source_bytes=0 gpu_sources=1 host_sources=0 preferred_device=3
[2026-07-01 08:02:21.097] [info] [gpu_pipeline_task.cpp:311] [stage-audit] pipeline_id=12 task_id=184 operator_id=23 operator_name=HASH_JOIN stage_kind=JOIN operator_type=33 input_type=PARTITIONED output_type=PIPELINEABLE actual_gpu=3 pipeline_operator_count=1 input_batches=1 input_rows=12484005 input_columns=5 input_bytes=449424180 output_batches=1 output_rows=1001042 output_columns=5 output_bytes=41160238 byte_ratio=0.091584 row_ratio=0.080186 duration_us=13453
[2026-07-01 08:02:21.097] [info] [task_scheduler.cpp:367] [mgpu-audit] pipeline_task dispatched to GPU 3 task_id=190
[2026-07-01 08:02:21.097] [info] [task_scheduler.cpp:369] [locality-audit] dispatch task_id=190 preferred_device=3 actual_gpu=3
[2026-07-01 08:02:21.097] [info] [gpu_pipeline_task.cpp:182] [locality-audit] prepare_before pipeline_id=12 task_id=187 preferred_device=3 actual_gpu=3 target_tier=GPU target_device=3 input_bytes=228073628 local_bytes=0 remote_gpu_bytes=228073628 host_bytes=0 disk_bytes=0 batch_count=1
[2026-07-01 08:02:21.127] [info] [parquet_gpu_ingestible.cpp:696] [scan-audit] parquet_materialize target_gpu=1 files=/mnt/nvme/dataset/lineitem.parquet columns=l_orderkey,l_suppkey,l_extendedprice,l_discount,l_shipdate row_groups=4625,4626,4627,4628,4629,4630,4631,4632,4633,4634,4635,4636,4637,4638,4639,4640,4641,4642,4643,4644,4645,4646,4647,4648,4649,4650,4651,4652,4653,4654,4655,4656,4657,4658,4659,4660,4661,4662,4663,4664,4665,4666,4667,4668,4669,4670,4671,4672,4673,4674,4675,4676,4677,4678,4679,4680,4681,4682,4683,4684,4685,4686,4687,4688,4689,4690,4691,4692,4693,4694,4695,4696,4697,4698,4699,4700,4701,4702,4703,4704,4705,4706,4707,4708,4709,4710,4711,4712,4713,4714,4715,4716,4717,4718,4719,4720,4721,4722,4723,4724,4725,4726,4727,4728,4729,4730,4731,4732,4733,4734,4735,4736,4737,4738,4739,4740,4741,4742,4743,4744,4745,4746,4747,4748,4749,4750,4751,4752,4753,4754,4755,4756,4757,4758,4759,4760,4761,4762,4763,4764,4765,4766,4767,4768,4769,4770,4771,4772,4773,4774,4775,4776,4777,4778,4779,4780,4781,4782,4783,4784,4785,4786,4787,4788,4789 compressed_bytes=282691033 uncompressed_bytes=536254553 column_bytes=l_orderkey:32046242:164420011,l_suppkey:101411597:164420011,l_extendedprice:106240470:164420011,l_discount:10382590:10387265,l_shipdate:32610134:32607255 output_rows=6244572 output_columns=5 split_count=1 duration_us=813641
[2026-07-01 08:02:21.127] [info] [gpu_pipeline_task.cpp:311] [stage-audit] pipeline_id=9 task_id=141 operator_id=43 operator_name=GPU_SCAN stage_kind=SCAN operator_type=94 input_type=GPU_SCAN output_type=PIPELINEABLE actual_gpu=1 pipeline_operator_count=1 input_batches=0 input_rows=0 input_columns=0 input_bytes=0 output_batches=1 output_rows=6244572 output_columns=5 output_bytes=228707632 byte_ratio=0.000000 row_ratio=0.000000 duration_us=881301
[2026-07-01 08:02:21.127] [info] [task_creator.cpp:352] [locality-audit] task_create operator_id=45 input_bytes=228707632 local_bytes=228707632 gpu_source_bytes=228707632 host_source_bytes=0 disk_source_bytes=0 gpu_sources=1 host_sources=0 preferred_device=1
[2026-07-01 08:02:21.127] [info] [task_scheduler.cpp:367] [mgpu-audit] pipeline_task dispatched to GPU 1 task_id=201
[2026-07-01 08:02:21.127] [info] [task_scheduler.cpp:369] [locality-audit] dispatch task_id=201 preferred_device=1 actual_gpu=1
[2026-07-01 08:02:21.127] [info] [gpu_pipeline_task.cpp:182] [locality-audit] prepare_before pipeline_id=10 task_id=201 preferred_device=1 actual_gpu=1 target_tier=GPU target_device=1 input_bytes=228707632 local_bytes=228707632 remote_gpu_bytes=0 host_bytes=0 disk_bytes=0 batch_count=1
[2026-07-01 08:02:21.128] [info] [gpu_pipeline_task.cpp:182] [locality-audit] prepare_after pipeline_id=10 task_id=201 preferred_device=1 actual_gpu=1 target_tier=GPU target_device=1 input_bytes=228707632 local_bytes=228707632 remote_gpu_bytes=0 host_bytes=0 disk_bytes=0 batch_count=1
[2026-07-01 08:02:21.128] [info] [gpu_pipeline_task.cpp:311] [stage-audit] pipeline_id=10 task_id=201 operator_id=45 operator_name=PARTITION stage_kind=PARTITION operator_type=82 input_type=PIPELINEABLE output_type=PIPELINEABLE actual_gpu=1 pipeline_operator_count=1 input_batches=1 input_rows=6244572 input_columns=5 input_bytes=228707632 output_batches=1 output_rows=6244572 output_columns=5 output_bytes=228707632 byte_ratio=1.000000 row_ratio=1.000000 duration_us=5
[2026-07-01 08:02:21.129] [info] [gpu_pipeline_task.cpp:182] [locality-audit] prepare_after pipeline_id=11 task_id=196 preferred_device=0 actual_gpu=0 target_tier=GPU target_device=0 input_bytes=457440276 local_bytes=457440276 remote_gpu_bytes=0 host_bytes=0 disk_bytes=0 batch_count=2
[2026-07-01 08:02:21.139] [info] [gpu_pipeline_task.cpp:311] [stage-audit] pipeline_id=11 task_id=196 operator_id=44 operator_name=CONCAT stage_kind=CONCAT operator_type=83 input_type=PARTITIONED output_type=PARTITIONED actual_gpu=0 pipeline_operator_count=1 input_batches=2 input_rows=12489821 input_columns=10 input_bytes=457440276 output_batches=1 output_rows=12489821 output_columns=5 output_bytes=449633556 byte_ratio=0.982934 row_ratio=1.000000 duration_us=9975
[2026-07-01 08:02:21.154] [info] [gpu_pipeline_task.cpp:182] [locality-audit] prepare_after pipeline_id=12 task_id=186 preferred_device=3 actual_gpu=3 target_tier=GPU target_device=3 input_bytes=448799076 local_bytes=448799076 remote_gpu_bytes=0 host_bytes=0 disk_bytes=0 batch_count=1
[2026-07-01 08:02:21.154] [info] [gpu_pipeline_task.cpp:182] [locality-audit] prepare_after pipeline_id=12 task_id=185 preferred_device=3 actual_gpu=3 target_tier=GPU target_device=3 input_bytes=228394320 local_bytes=228394320 remote_gpu_bytes=0 host_bytes=0 disk_bytes=0 batch_count=1
[2026-07-01 08:02:21.154] [info] [gpu_pipeline_task.cpp:182] [locality-audit] prepare_after pipeline_id=12 task_id=187 preferred_device=3 actual_gpu=3 target_tier=GPU target_device=3 input_bytes=228073628 local_bytes=228073628 remote_gpu_bytes=0 host_bytes=0 disk_bytes=0 batch_count=1
[2026-07-01 08:02:21.167] [info] [gpu_pipeline_task.cpp:311] [stage-audit] pipeline_id=12 task_id=187 operator_id=23 operator_name=HASH_JOIN stage_kind=JOIN operator_type=33 input_type=PARTITIONED output_type=PIPELINEABLE actual_gpu=3 pipeline_operator_count=1 input_batches=1 input_rows=6227263 input_columns=5 input_bytes=228073628 output_batches=1 output_rows=498806 output_columns=5 output_bytes=20763050 byte_ratio=0.091037 row_ratio=0.080100 duration_us=12891
[2026-07-01 08:02:21.167] [info] [task_scheduler.cpp:367] [mgpu-audit] pipeline_task dispatched to GPU 3 task_id=191
[2026-07-01 08:02:21.167] [info] [task_scheduler.cpp:369] [locality-audit] dispatch task_id=191 preferred_device=3 actual_gpu=3
[2026-07-01 08:02:21.167] [info] [gpu_pipeline_task.cpp:182] [locality-audit] prepare_before pipeline_id=12 task_id=190 preferred_device=3 actual_gpu=3 target_tier=GPU target_device=3 input_bytes=450043344 local_bytes=0 remote_gpu_bytes=450043344 host_bytes=0 disk_bytes=0 batch_count=1
[2026-07-01 08:02:21.167] [info] [gpu_pipeline_task.cpp:311] [stage-audit] pipeline_id=12 task_id=185 operator_id=23 operator_name=HASH_JOIN stage_kind=JOIN operator_type=33 input_type=PARTITIONED output_type=PIPELINEABLE actual_gpu=3 pipeline_operator_count=1 input_batches=1 input_rows=6236020 input_columns=5 input_bytes=228394320 output_batches=1 output_rows=498031 output_columns=5 output_bytes=20725919 byte_ratio=0.090746 row_ratio=0.079864 duration_us=13234
[2026-07-01 08:02:21.167] [info] [gpu_pipeline_task.cpp:311] [stage-audit] pipeline_id=12 task_id=186 operator_id=23 operator_name=HASH_JOIN stage_kind=JOIN operator_type=33 input_type=PARTITIONED output_type=PIPELINEABLE actual_gpu=3 pipeline_operator_count=1 input_batches=1 input_rows=12466641 input_columns=5 input_bytes=448799076 output_batches=1 output_rows=997031 output_columns=5 output_bytes=40995431 byte_ratio=0.091345 row_ratio=0.079976 duration_us=13245
[2026-07-01 08:02:21.168] [info] [task_scheduler.cpp:367] [mgpu-audit] pipeline_task dispatched to GPU 3 task_id=192
[2026-07-01 08:02:21.168] [info] [task_scheduler.cpp:369] [locality-audit] dispatch task_id=192 preferred_device=3 actual_gpu=3
[2026-07-01 08:02:21.168] [info] [gpu_pipeline_task.cpp:182] [locality-audit] prepare_before pipeline_id=12 task_id=191 preferred_device=3 actual_gpu=3 target_tier=GPU target_device=3 input_bytes=449103060 local_bytes=0 remote_gpu_bytes=449103060 host_bytes=0 disk_bytes=0 batch_count=1
[2026-07-01 08:02:21.168] [info] [task_scheduler.cpp:367] [mgpu-audit] pipeline_task dispatched to GPU 3 task_id=193
[2026-07-01 08:02:21.168] [info] [task_scheduler.cpp:369] [locality-audit] dispatch task_id=193 preferred_device=3 actual_gpu=3
[2026-07-01 08:02:21.168] [info] [gpu_pipeline_task.cpp:182] [locality-audit] prepare_before pipeline_id=12 task_id=192 preferred_device=3 actual_gpu=3 target_tier=GPU target_device=3 input_bytes=228927400 local_bytes=0 remote_gpu_bytes=228927400 host_bytes=0 disk_bytes=0 batch_count=1
[2026-07-01 08:02:21.168] [info] [parquet_gpu_ingestible.cpp:696] [scan-audit] parquet_materialize target_gpu=0 files=/mnt/nvme/dataset/lineitem.parquet columns=l_orderkey,l_suppkey,l_extendedprice,l_discount,l_shipdate row_groups=4460,4461,4462,4463,4464,4465,4466,4467,4468,4469,4470,4471,4472,4473,4474,4475,4476,4477,4478,4479,4480,4481,4482,4483,4484,4485,4486,4487,4488,4489,4490,4491,4492,4493,4494,4495,4496,4497,4498,4499,4500,4501,4502,4503,4504,4505,4506,4507,4508,4509,4510,4511,4512,4513,4514,4515,4516,4517,4518,4519,4520,4521,4522,4523,4524,4525,4526,4527,4528,4529,4530,4531,4532,4533,4534,4535,4536,4537,4538,4539,4540,4541,4542,4543,4544,4545,4546,4547,4548,4549,4550,4551,4552,4553,4554,4555,4556,4557,4558,4559,4560,4561,4562,4563,4564,4565,4566,4567,4568,4569,4570,4571,4572,4573,4574,4575,4576,4577,4578,4579,4580,4581,4582,4583,4584,4585,4586,4587,4588,4589,4590,4591,4592,4593,4594,4595,4596,4597,4598,4599,4600,4601,4602,4603,4604,4605,4606,4607,4608,4609,4610,4611,4612,4613,4614,4615,4616,4617,4618,4619,4620,4621,4622,4623,4624 compressed_bytes=282669041 uncompressed_bytes=536253937 column_bytes=l_orderkey:32025775:164419827,l_suppkey:101411959:164419827,l_extendedprice:106238620:164419827,l_discount:10382600:10387237,l_shipdate:32610087:32607219 output_rows=6245021 output_columns=5 split_count=1 duration_us=1426423
[2026-07-01 08:02:21.198] [info] [gpu_pipeline_task.cpp:311] [stage-audit] pipeline_id=9 task_id=140 operator_id=43 operator_name=GPU_SCAN stage_kind=SCAN operator_type=94 input_type=GPU_SCAN output_type=PIPELINEABLE actual_gpu=0 pipeline_operator_count=1 input_batches=0 input_rows=0 input_columns=0 input_bytes=0 output_batches=1 output_rows=6245021 output_columns=5 output_bytes=228724116 byte_ratio=0.000000 row_ratio=0.000000 duration_us=1524345
[2026-07-01 08:02:21.199] [info] [task_creator.cpp:352] [locality-audit] task_create operator_id=45 input_bytes=228724116 local_bytes=228724116 gpu_source_bytes=228724116 host_source_bytes=0 disk_source_bytes=0 gpu_sources=1 host_sources=0 preferred_device=0
[2026-07-01 08:02:21.199] [info] [task_scheduler.cpp:367] [mgpu-audit] pipeline_task dispatched to GPU 0 task_id=203
[2026-07-01 08:02:21.199] [info] [task_scheduler.cpp:369] [locality-audit] dispatch task_id=203 preferred_device=0 actual_gpu=0
[2026-07-01 08:02:21.199] [info] [gpu_pipeline_task.cpp:182] [locality-audit] prepare_before pipeline_id=10 task_id=203 preferred_device=0 actual_gpu=0 target_tier=GPU target_device=0 input_bytes=228724116 local_bytes=228724116 remote_gpu_bytes=0 host_bytes=0 disk_bytes=0 batch_count=1
[2026-07-01 08:02:21.199] [info] [gpu_pipeline_task.cpp:182] [locality-audit] prepare_after pipeline_id=10 task_id=203 preferred_device=0 actual_gpu=0 target_tier=GPU target_device=0 input_bytes=228724116 local_bytes=228724116 remote_gpu_bytes=0 host_bytes=0 disk_bytes=0 batch_count=1
[2026-07-01 08:02:21.199] [info] [gpu_pipeline_task.cpp:311] [stage-audit] pipeline_id=10 task_id=203 operator_id=45 operator_name=PARTITION stage_kind=PARTITION operator_type=82 input_type=PIPELINEABLE output_type=PIPELINEABLE actual_gpu=0 pipeline_operator_count=1 input_batches=1 input_rows=6245021 input_columns=5 input_bytes=228724116 output_batches=1 output_rows=6245021 output_columns=5 output_bytes=228724116 byte_ratio=1.000000 row_ratio=1.000000 duration_us=11
[2026-07-01 08:02:21.215] [info] [gpu_pipeline_task.cpp:182] [locality-audit] prepare_after pipeline_id=12 task_id=190 preferred_device=3 actual_gpu=3 target_tier=GPU target_device=3 input_bytes=450043344 local_bytes=450043344 remote_gpu_bytes=0 host_bytes=0 disk_bytes=0 batch_count=1
[2026-07-01 08:02:21.215] [info] [gpu_pipeline_task.cpp:182] [locality-audit] prepare_after pipeline_id=12 task_id=191 preferred_device=3 actual_gpu=3 target_tier=GPU target_device=3 input_bytes=449103060 local_bytes=449103060 remote_gpu_bytes=0 host_bytes=0 disk_bytes=0 batch_count=1
[2026-07-01 08:02:21.221] [info] [gpu_pipeline_task.cpp:182] [locality-audit] prepare_after pipeline_id=12 task_id=192 preferred_device=3 actual_gpu=3 target_tier=GPU target_device=3 input_bytes=228927400 local_bytes=228927400 remote_gpu_bytes=0 host_bytes=0 disk_bytes=0 batch_count=1
[2026-07-01 08:02:21.227] [info] [gpu_pipeline_task.cpp:311] [stage-audit] pipeline_id=12 task_id=190 operator_id=23 operator_name=HASH_JOIN stage_kind=JOIN operator_type=33 input_type=PARTITIONED output_type=PIPELINEABLE actual_gpu=3 pipeline_operator_count=1 input_batches=1 input_rows=12501204 input_columns=5 input_bytes=450043344 output_batches=1 output_rows=1000586 output_columns=5 output_bytes=41138598 byte_ratio=0.091410 row_ratio=0.080039 duration_us=11686
[2026-07-01 08:02:21.227] [info] [task_scheduler.cpp:367] [mgpu-audit] pipeline_task dispatched to GPU 3 task_id=198
[2026-07-01 08:02:21.227] [info] [task_scheduler.cpp:369] [locality-audit] dispatch task_id=198 preferred_device=3 actual_gpu=3
[2026-07-01 08:02:21.227] [info] [gpu_pipeline_task.cpp:182] [locality-audit] prepare_before pipeline_id=10 task_id=193 preferred_device=3 actual_gpu=3 target_tier=GPU target_device=3 input_bytes=228829864 local_bytes=228829864 remote_gpu_bytes=0 host_bytes=0 disk_bytes=0 batch_count=1
[2026-07-01 08:02:21.227] [info] [gpu_pipeline_task.cpp:182] [locality-audit] prepare_after pipeline_id=10 task_id=193 preferred_device=3 actual_gpu=3 target_tier=GPU target_device=3 input_bytes=228829864 local_bytes=228829864 remote_gpu_bytes=0 host_bytes=0 disk_bytes=0 batch_count=1
[2026-07-01 08:02:21.227] [info] [gpu_pipeline_task.cpp:311] [stage-audit] pipeline_id=10 task_id=193 operator_id=45 operator_name=PARTITION stage_kind=PARTITION operator_type=82 input_type=PIPELINEABLE output_type=PIPELINEABLE actual_gpu=3 pipeline_operator_count=1 input_batches=1 input_rows=6247914 input_columns=5 input_bytes=228829864 output_batches=1 output_rows=6247914 output_columns=5 output_bytes=228829864 byte_ratio=1.000000 row_ratio=1.000000 duration_us=1
[2026-07-01 08:02:21.227] [info] [task_scheduler.cpp:367] [mgpu-audit] pipeline_task dispatched to GPU 3 task_id=200
[2026-07-01 08:02:21.227] [info] [task_scheduler.cpp:369] [locality-audit] dispatch task_id=200 preferred_device=3 actual_gpu=3
[2026-07-01 08:02:21.227] [info] [gpu_pipeline_task.cpp:182] [locality-audit] prepare_before pipeline_id=12 task_id=198 preferred_device=3 actual_gpu=3 target_tier=GPU target_device=3 input_bytes=228410696 local_bytes=0 remote_gpu_bytes=228410696 host_bytes=0 disk_bytes=0 batch_count=1
[2026-07-01 08:02:21.227] [info] [task_scheduler.cpp:367] [mgpu-audit] pipeline_task dispatched to GPU 0 task_id=204
[2026-07-01 08:02:21.227] [info] [task_scheduler.cpp:369] [locality-audit] dispatch task_id=204 preferred_device=0 actual_gpu=0
[2026-07-01 08:02:21.227] [info] [task_scheduler.cpp:367] [mgpu-audit] pipeline_task dispatched to GPU 0 task_id=205
[2026-07-01 08:02:21.227] [info] [task_scheduler.cpp:369] [locality-audit] dispatch task_id=205 preferred_device=0 actual_gpu=0
[2026-07-01 08:02:21.227] [info] [gpu_pipeline_task.cpp:182] [locality-audit] prepare_before pipeline_id=11 task_id=204 preferred_device=0 actual_gpu=0 target_tier=GPU target_device=0 input_bytes=504715868 local_bytes=228724116 remote_gpu_bytes=275991752 host_bytes=0 disk_bytes=0 batch_count=3
[2026-07-01 08:02:21.227] [info] [gpu_pipeline_task.cpp:182] [locality-audit] prepare_before pipeline_id=11 task_id=205 preferred_device=0 actual_gpu=0 target_tier=GPU target_device=0 input_bytes=228829864 local_bytes=0 remote_gpu_bytes=228829864 host_bytes=0 disk_bytes=0 batch_count=1
[2026-07-01 08:02:21.231] [info] [gpu_pipeline_task.cpp:311] [stage-audit] pipeline_id=12 task_id=191 operator_id=23 operator_name=HASH_JOIN stage_kind=JOIN operator_type=33 input_type=PARTITIONED output_type=PIPELINEABLE actual_gpu=3 pipeline_operator_count=1 input_batches=1 input_rows=12475085 input_columns=5 input_bytes=449103060 output_batches=1 output_rows=1000138 output_columns=5 output_bytes=41121886 byte_ratio=0.091564 row_ratio=0.080171 duration_us=15989
[2026-07-01 08:02:21.232] [info] [task_scheduler.cpp:367] [mgpu-audit] pipeline_task dispatched to GPU 3 task_id=202
[2026-07-01 08:02:21.232] [info] [task_scheduler.cpp:369] [locality-audit] dispatch task_id=202 preferred_device=3 actual_gpu=3
[2026-07-01 08:02:21.232] [info] [gpu_pipeline_task.cpp:182] [locality-audit] prepare_before pipeline_id=10 task_id=200 preferred_device=3 actual_gpu=3 target_tier=GPU target_device=3 input_bytes=228462236 local_bytes=228462236 remote_gpu_bytes=0 host_bytes=0 disk_bytes=0 batch_count=1
[2026-07-01 08:02:21.232] [info] [gpu_pipeline_task.cpp:182] [locality-audit] prepare_after pipeline_id=10 task_id=200 preferred_device=3 actual_gpu=3 target_tier=GPU target_device=3 input_bytes=228462236 local_bytes=228462236 remote_gpu_bytes=0 host_bytes=0 disk_bytes=0 batch_count=1
[2026-07-01 08:02:21.232] [info] [gpu_pipeline_task.cpp:311] [stage-audit] pipeline_id=10 task_id=200 operator_id=45 operator_name=PARTITION stage_kind=PARTITION operator_type=82 input_type=PIPELINEABLE output_type=PIPELINEABLE actual_gpu=3 pipeline_operator_count=1 input_batches=1 input_rows=6237871 input_columns=5 input_bytes=228462236 output_batches=1 output_rows=6237871 output_columns=5 output_bytes=228462236 byte_ratio=1.000000 row_ratio=1.000000 duration_us=3
[2026-07-01 08:02:21.232] [info] [gpu_pipeline_task.cpp:182] [locality-audit] prepare_before pipeline_id=12 task_id=202 preferred_device=3 actual_gpu=3 target_tier=GPU target_device=3 input_bytes=449633556 local_bytes=0 remote_gpu_bytes=449633556 host_bytes=0 disk_bytes=0 batch_count=1
[2026-07-01 08:02:21.238] [info] [gpu_pipeline_task.cpp:311] [stage-audit] pipeline_id=12 task_id=192 operator_id=23 operator_name=HASH_JOIN stage_kind=JOIN operator_type=33 input_type=PARTITIONED output_type=PIPELINEABLE actual_gpu=3 pipeline_operator_count=1 input_batches=1 input_rows=6250570 input_columns=5 input_bytes=228927400 output_batches=1 output_rows=501158 output_columns=5 output_bytes=20860570 byte_ratio=0.091123 row_ratio=0.080178 duration_us=17462
[2026-07-01 08:02:21.256] [info] [gpu_pipeline_task.cpp:182] [locality-audit] prepare_after pipeline_id=11 task_id=204 preferred_device=0 actual_gpu=0 target_tier=GPU target_device=0 input_bytes=504715868 local_bytes=504715868 remote_gpu_bytes=0 host_bytes=0 disk_bytes=0 batch_count=3
[2026-07-01 08:02:21.267] [info] [gpu_pipeline_task.cpp:311] [stage-audit] pipeline_id=11 task_id=204 operator_id=44 operator_name=CONCAT stage_kind=CONCAT operator_type=83 input_type=PARTITIONED output_type=PARTITIONED actual_gpu=0 pipeline_operator_count=1 input_batches=3 input_rows=13780623 input_columns=15 input_bytes=504715868 output_batches=1 output_rows=13780623 output_columns=5 output_bytes=496102428 byte_ratio=0.982934 row_ratio=1.000000 duration_us=11053
[2026-07-01 08:02:21.275] [info] [gpu_pipeline_task.cpp:182] [locality-audit] prepare_after pipeline_id=12 task_id=202 preferred_device=3 actual_gpu=3 target_tier=GPU target_device=3 input_bytes=449633556 local_bytes=449633556 remote_gpu_bytes=0 host_bytes=0 disk_bytes=0 batch_count=1
[2026-07-01 08:02:21.275] [info] [task_scheduler.cpp:367] [mgpu-audit] pipeline_task dispatched to GPU 3 task_id=206
[2026-07-01 08:02:21.275] [info] [task_scheduler.cpp:369] [locality-audit] dispatch task_id=206 preferred_device=3 actual_gpu=3
[2026-07-01 08:02:21.275] [info] [gpu_pipeline_task.cpp:182] [locality-audit] prepare_before pipeline_id=12 task_id=206 preferred_device=3 actual_gpu=3 target_tier=GPU target_device=3 input_bytes=496102428 local_bytes=0 remote_gpu_bytes=496102428 host_bytes=0 disk_bytes=0 batch_count=1
[2026-07-01 08:02:21.282] [info] [gpu_pipeline_task.cpp:182] [locality-audit] prepare_after pipeline_id=12 task_id=198 preferred_device=3 actual_gpu=3 target_tier=GPU target_device=3 input_bytes=228410696 local_bytes=228410696 remote_gpu_bytes=0 host_bytes=0 disk_bytes=0 batch_count=1
[2026-07-01 08:02:21.282] [info] [gpu_pipeline_task.cpp:182] [locality-audit] prepare_after pipeline_id=11 task_id=205 preferred_device=0 actual_gpu=0 target_tier=GPU target_device=0 input_bytes=228829864 local_bytes=228829864 remote_gpu_bytes=0 host_bytes=0 disk_bytes=0 batch_count=1
[2026-07-01 08:02:21.282] [info] [gpu_pipeline_task.cpp:311] [stage-audit] pipeline_id=11 task_id=205 operator_id=44 operator_name=CONCAT stage_kind=CONCAT operator_type=83 input_type=PARTITIONED output_type=PARTITIONED actual_gpu=0 pipeline_operator_count=1 input_batches=1 input_rows=6247914 input_columns=5 input_bytes=228829864 output_batches=1 output_rows=6247914 output_columns=5 output_bytes=228829864 byte_ratio=1.000000 row_ratio=1.000000 duration_us=5
[2026-07-01 08:02:21.282] [info] [task_scheduler.cpp:367] [mgpu-audit] pipeline_task dispatched to GPU 3 task_id=207
[2026-07-01 08:02:21.282] [info] [task_scheduler.cpp:369] [locality-audit] dispatch task_id=207 preferred_device=3 actual_gpu=3
[2026-07-01 08:02:21.302] [info] [gpu_pipeline_task.cpp:182] [locality-audit] prepare_after pipeline_id=12 task_id=206 preferred_device=3 actual_gpu=3 target_tier=GPU target_device=3 input_bytes=496102428 local_bytes=496102428 remote_gpu_bytes=0 host_bytes=0 disk_bytes=0 batch_count=1
[2026-07-01 08:02:21.313] [info] [gpu_pipeline_task.cpp:311] [stage-audit] pipeline_id=12 task_id=202 operator_id=23 operator_name=HASH_JOIN stage_kind=JOIN operator_type=33 input_type=PARTITIONED output_type=PIPELINEABLE actual_gpu=3 pipeline_operator_count=1 input_batches=1 input_rows=12489821 input_columns=5 input_bytes=449633556 output_batches=1 output_rows=1000287 output_columns=5 output_bytes=41131775 byte_ratio=0.091478 row_ratio=0.080088 duration_us=38521
[2026-07-01 08:02:21.314] [info] [gpu_pipeline_task.cpp:182] [locality-audit] prepare_before pipeline_id=12 task_id=207 preferred_device=3 actual_gpu=3 target_tier=GPU target_device=3 input_bytes=228829864 local_bytes=0 remote_gpu_bytes=228829864 host_bytes=0 disk_bytes=0 batch_count=1
[2026-07-01 08:02:21.319] [info] [gpu_pipeline_task.cpp:311] [stage-audit] pipeline_id=12 task_id=206 operator_id=23 operator_name=HASH_JOIN stage_kind=JOIN operator_type=33 input_type=PARTITIONED output_type=PIPELINEABLE actual_gpu=3 pipeline_operator_count=1 input_batches=1 input_rows=13780623 input_columns=5 input_bytes=496102428 output_batches=1 output_rows=1101842 output_columns=5 output_bytes=45305286 byte_ratio=0.091322 row_ratio=0.079956 duration_us=17553
[2026-07-01 08:02:21.321] [info] [gpu_pipeline_task.cpp:311] [stage-audit] pipeline_id=12 task_id=198 operator_id=23 operator_name=HASH_JOIN stage_kind=JOIN operator_type=33 input_type=PARTITIONED output_type=PIPELINEABLE actual_gpu=3 pipeline_operator_count=1 input_batches=1 input_rows=6236466 input_columns=5 input_bytes=228410696 output_batches=1 output_rows=499050 output_columns=5 output_bytes=20771806 byte_ratio=0.090941 row_ratio=0.080021 duration_us=39246
[2026-07-01 08:02:21.328] [info] [parquet_gpu_ingestible.cpp:696] [scan-audit] parquet_materialize target_gpu=3 files=/mnt/nvme/dataset/lineitem.parquet columns=l_orderkey,l_suppkey,l_extendedprice,l_discount,l_shipdate row_groups=4295,4296,4297,4298,4299,4300,4301,4302,4303,4304,4305,4306,4307,4308,4309,4310,4311,4312,4313,4314,4315,4316,4317,4318,4319,4320,4321,4322,4323,4324,4325,4326,4327,4328,4329,4330,4331,4332,4333,4334,4335,4336,4337,4338,4339,4340,4341,4342,4343,4344,4345,4346,4347,4348,4349,4350,4351,4352,4353,4354,4355,4356,4357,4358,4359,4360,4361,4362,4363,4364,4365,4366,4367,4368,4369,4370,4371,4372,4373,4374,4375,4376,4377,4378,4379,4380,4381,4382,4383,4384,4385,4386,4387,4388,4389,4390,4391,4392,4393,4394,4395,4396,4397,4398,4399,4400,4401,4402,4403,4404,4405,4406,4407,4408,4409,4410,4411,4412,4413,4414,4415,4416,4417,4418,4419,4420,4421,4422,4423,4424,4425,4426,4427,4428,4429,4430,4431,4432,4433,4434,4435,4436,4437,4438,4439,4440,4441,4442,4443,4444,4445,4446,4447,4448,4449,4450,4451,4452,4453,4454,4455,4456,4457,4458,4459 compressed_bytes=282676937 uncompressed_bytes=536245737 column_bytes=l_orderkey:32036843:164417059,l_suppkey:101410058:164417059,l_extendedprice:106237265:164417059,l_discount:10382571:10387245,l_shipdate:32610200:32607315 output_rows=6244423 output_columns=5 split_count=1 duration_us=1484361
[2026-07-01 08:02:21.328] [info] [gpu_pipeline_task.cpp:311] [stage-audit] pipeline_id=9 task_id=139 operator_id=43 operator_name=GPU_SCAN stage_kind=SCAN operator_type=94 input_type=GPU_SCAN output_type=PIPELINEABLE actual_gpu=3 pipeline_operator_count=1 input_batches=0 input_rows=0 input_columns=0 input_bytes=0 output_batches=1 output_rows=6244423 output_columns=5 output_bytes=228702268 byte_ratio=0.000000 row_ratio=0.000000 duration_us=1550769
[2026-07-01 08:02:21.334] [info] [gpu_pipeline_task.cpp:182] [locality-audit] prepare_after pipeline_id=12 task_id=207 preferred_device=3 actual_gpu=3 target_tier=GPU target_device=3 input_bytes=228829864 local_bytes=228829864 remote_gpu_bytes=0 host_bytes=0 disk_bytes=0 batch_count=1
[2026-07-01 08:02:21.337] [info] [gpu_pipeline_task.cpp:311] [stage-audit] pipeline_id=12 task_id=207 operator_id=23 operator_name=HASH_JOIN stage_kind=JOIN operator_type=33 input_type=PARTITIONED output_type=PIPELINEABLE actual_gpu=3 pipeline_operator_count=1 input_batches=1 input_rows=6247914 input_columns=5 input_bytes=228829864 output_batches=1 output_rows=500016 output_columns=5 output_bytes=20812044 byte_ratio=0.090950 row_ratio=0.080029 duration_us=2857
[2026-07-01 08:02:21.344] [info] [task_creator.cpp:352] [locality-audit] task_create operator_id=45 input_bytes=228702268 local_bytes=228702268 gpu_source_bytes=228702268 host_source_bytes=0 disk_source_bytes=0 gpu_sources=1 host_sources=0 preferred_device=3
[2026-07-01 08:02:21.344] [info] [task_scheduler.cpp:367] [mgpu-audit] pipeline_task dispatched to GPU 3 task_id=208
[2026-07-01 08:02:21.344] [info] [task_scheduler.cpp:369] [locality-audit] dispatch task_id=208 preferred_device=3 actual_gpu=3
[2026-07-01 08:02:21.344] [info] [gpu_pipeline_task.cpp:182] [locality-audit] prepare_before pipeline_id=10 task_id=208 preferred_device=3 actual_gpu=3 target_tier=GPU target_device=3 input_bytes=228702268 local_bytes=228702268 remote_gpu_bytes=0 host_bytes=0 disk_bytes=0 batch_count=1
[2026-07-01 08:02:21.344] [info] [gpu_pipeline_task.cpp:182] [locality-audit] prepare_after pipeline_id=10 task_id=208 preferred_device=3 actual_gpu=3 target_tier=GPU target_device=3 input_bytes=228702268 local_bytes=228702268 remote_gpu_bytes=0 host_bytes=0 disk_bytes=0 batch_count=1
[2026-07-01 08:02:21.344] [info] [gpu_pipeline_task.cpp:311] [stage-audit] pipeline_id=10 task_id=208 operator_id=45 operator_name=PARTITION stage_kind=PARTITION operator_type=82 input_type=PIPELINEABLE output_type=PIPELINEABLE actual_gpu=3 pipeline_operator_count=1 input_batches=1 input_rows=6244423 input_columns=5 input_bytes=228702268 output_batches=1 output_rows=6244423 output_columns=5 output_bytes=228702268 byte_ratio=1.000000 row_ratio=1.000000 duration_us=3
[2026-07-01 08:02:21.344] [info] [task_scheduler.cpp:367] [mgpu-audit] pipeline_task dispatched to GPU 0 task_id=209
[2026-07-01 08:02:21.344] [info] [task_scheduler.cpp:369] [locality-audit] dispatch task_id=209 preferred_device=0 actual_gpu=0
[2026-07-01 08:02:21.344] [info] [gpu_pipeline_task.cpp:182] [locality-audit] prepare_before pipeline_id=11 task_id=209 preferred_device=0 actual_gpu=0 target_tier=GPU target_device=0 input_bytes=457164504 local_bytes=0 remote_gpu_bytes=457164504 host_bytes=0 disk_bytes=0 batch_count=2
[2026-07-01 08:02:21.366] [info] [gpu_pipeline_task.cpp:182] [locality-audit] prepare_after pipeline_id=11 task_id=209 preferred_device=0 actual_gpu=0 target_tier=GPU target_device=0 input_bytes=457164504 local_bytes=457164504 remote_gpu_bytes=0 host_bytes=0 disk_bytes=0 batch_count=2
[2026-07-01 08:02:21.376] [info] [gpu_pipeline_task.cpp:311] [stage-audit] pipeline_id=11 task_id=209 operator_id=44 operator_name=CONCAT stage_kind=CONCAT operator_type=83 input_type=PARTITIONED output_type=PARTITIONED actual_gpu=0 pipeline_operator_count=1 input_batches=2 input_rows=12482294 input_columns=10 input_bytes=457164504 output_batches=1 output_rows=12482294 output_columns=5 output_bytes=449362584 byte_ratio=0.982934 row_ratio=1.000000 duration_us=9926
[2026-07-01 08:02:21.376] [info] [task_scheduler.cpp:367] [mgpu-audit] pipeline_task dispatched to GPU 3 task_id=210
[2026-07-01 08:02:21.376] [info] [task_scheduler.cpp:369] [locality-audit] dispatch task_id=210 preferred_device=3 actual_gpu=3
[2026-07-01 08:02:21.377] [info] [gpu_pipeline_task.cpp:182] [locality-audit] prepare_before pipeline_id=12 task_id=210 preferred_device=3 actual_gpu=3 target_tier=GPU target_device=3 input_bytes=449362584 local_bytes=0 remote_gpu_bytes=449362584 host_bytes=0 disk_bytes=0 batch_count=1
[2026-07-01 08:02:21.398] [info] [gpu_pipeline_task.cpp:182] [locality-audit] prepare_after pipeline_id=12 task_id=210 preferred_device=3 actual_gpu=3 target_tier=GPU target_device=3 input_bytes=449362584 local_bytes=449362584 remote_gpu_bytes=0 host_bytes=0 disk_bytes=0 batch_count=1
[2026-07-01 08:02:21.402] [info] [gpu_pipeline_task.cpp:311] [stage-audit] pipeline_id=12 task_id=210 operator_id=23 operator_name=HASH_JOIN stage_kind=JOIN operator_type=33 input_type=PARTITIONED output_type=PIPELINEABLE actual_gpu=3 pipeline_operator_count=1 input_batches=1 input_rows=12482294 input_columns=5 input_bytes=449362584 output_batches=1 output_rows=998239 output_columns=5 output_bytes=41044855 byte_ratio=0.091340 row_ratio=0.079972 duration_us=4500
[2026-07-01 08:02:21.403] [info] [task_creator.cpp:352] [locality-audit] task_create operator_id=47 input_bytes=41032849 local_bytes=41032849 gpu_source_bytes=41032849 host_source_bytes=0 disk_source_bytes=0 gpu_sources=1 host_sources=0 preferred_device=3
[2026-07-01 08:02:21.403] [info] [task_creator.cpp:352] [locality-audit] task_create operator_id=47 input_bytes=20801995 local_bytes=20801995 gpu_source_bytes=20801995 host_source_bytes=0 disk_source_bytes=0 gpu_sources=1 host_sources=0 preferred_device=3
[2026-07-01 08:02:21.403] [info] [task_scheduler.cpp:367] [mgpu-audit] pipeline_task dispatched to GPU 3 task_id=211
[2026-07-01 08:02:21.403] [info] [task_scheduler.cpp:369] [locality-audit] dispatch task_id=211 preferred_device=3 actual_gpu=3
[2026-07-01 08:02:21.403] [info] [task_creator.cpp:352] [locality-audit] task_create operator_id=47 input_bytes=41191880 local_bytes=41191880 gpu_source_bytes=41191880 host_source_bytes=0 disk_source_bytes=0 gpu_sources=1 host_sources=0 preferred_device=3
[2026-07-01 08:02:21.403] [info] [task_scheduler.cpp:367] [mgpu-audit] pipeline_task dispatched to GPU 3 task_id=212
[2026-07-01 08:02:21.403] [info] [task_scheduler.cpp:369] [locality-audit] dispatch task_id=212 preferred_device=3 actual_gpu=3
[2026-07-01 08:02:21.403] [info] [task_creator.cpp:352] [locality-audit] task_create operator_id=47 input_bytes=20828501 local_bytes=20828501 gpu_source_bytes=20828501 host_source_bytes=0 disk_source_bytes=0 gpu_sources=1 host_sources=0 preferred_device=3
[2026-07-01 08:02:21.403] [info] [task_creator.cpp:352] [locality-audit] task_create operator_id=47 input_bytes=41096105 local_bytes=41096105 gpu_source_bytes=41096105 host_source_bytes=0 disk_source_bytes=0 gpu_sources=1 host_sources=0 preferred_device=3
[2026-07-01 08:02:21.403] [info] [task_creator.cpp:352] [locality-audit] task_create operator_id=47 input_bytes=20767282 local_bytes=20767282 gpu_source_bytes=20767282 host_source_bytes=0 disk_source_bytes=0 gpu_sources=1 host_sources=0 preferred_device=3
[2026-07-01 08:02:21.403] [info] [task_creator.cpp:352] [locality-audit] task_create operator_id=47 input_bytes=20825086 local_bytes=20825086 gpu_source_bytes=20825086 host_source_bytes=0 disk_source_bytes=0 gpu_sources=1 host_sources=0 preferred_device=3
[2026-07-01 08:02:21.403] [info] [task_creator.cpp:352] [locality-audit] task_create operator_id=47 input_bytes=41160238 local_bytes=41160238 gpu_source_bytes=41160238 host_source_bytes=0 disk_source_bytes=0 gpu_sources=1 host_sources=0 preferred_device=3
[2026-07-01 08:02:21.403] [info] [task_creator.cpp:352] [locality-audit] task_create operator_id=47 input_bytes=20763050 local_bytes=20763050 gpu_source_bytes=20763050 host_source_bytes=0 disk_source_bytes=0 gpu_sources=1 host_sources=0 preferred_device=3
[2026-07-01 08:02:21.403] [info] [task_creator.cpp:352] [locality-audit] task_create operator_id=47 input_bytes=20725919 local_bytes=20725919 gpu_source_bytes=20725919 host_source_bytes=0 disk_source_bytes=0 gpu_sources=1 host_sources=0 preferred_device=3
[2026-07-01 08:02:21.403] [info] [task_creator.cpp:352] [locality-audit] task_create operator_id=47 input_bytes=40995431 local_bytes=40995431 gpu_source_bytes=40995431 host_source_bytes=0 disk_source_bytes=0 gpu_sources=1 host_sources=0 preferred_device=3
[2026-07-01 08:02:21.403] [info] [task_creator.cpp:352] [locality-audit] task_create operator_id=47 input_bytes=41138598 local_bytes=41138598 gpu_source_bytes=41138598 host_source_bytes=0 disk_source_bytes=0 gpu_sources=1 host_sources=0 preferred_device=3
[2026-07-01 08:02:21.403] [info] [task_creator.cpp:352] [locality-audit] task_create operator_id=47 input_bytes=41121886 local_bytes=41121886 gpu_source_bytes=41121886 host_source_bytes=0 disk_source_bytes=0 gpu_sources=1 host_sources=0 preferred_device=3
[2026-07-01 08:02:21.403] [info] [task_scheduler.cpp:367] [mgpu-audit] pipeline_task dispatched to GPU 3 task_id=213
[2026-07-01 08:02:21.403] [info] [task_scheduler.cpp:369] [locality-audit] dispatch task_id=213 preferred_device=3 actual_gpu=3
[2026-07-01 08:02:21.403] [info] [task_creator.cpp:352] [locality-audit] task_create operator_id=47 input_bytes=20860570 local_bytes=20860570 gpu_source_bytes=20860570 host_source_bytes=0 disk_source_bytes=0 gpu_sources=1 host_sources=0 preferred_device=3
[2026-07-01 08:02:21.403] [info] [gpu_pipeline_task.cpp:182] [locality-audit] prepare_before pipeline_id=13 task_id=211 preferred_device=3 actual_gpu=3 target_tier=GPU target_device=3 input_bytes=41032849 local_bytes=41032849 remote_gpu_bytes=0 host_bytes=0 disk_bytes=0 batch_count=1
[2026-07-01 08:02:21.403] [info] [task_scheduler.cpp:367] [mgpu-audit] pipeline_task dispatched to GPU 3 task_id=214
[2026-07-01 08:02:21.403] [info] [task_scheduler.cpp:369] [locality-audit] dispatch task_id=214 preferred_device=3 actual_gpu=3
[2026-07-01 08:02:21.403] [info] [gpu_pipeline_task.cpp:182] [locality-audit] prepare_after pipeline_id=13 task_id=211 preferred_device=3 actual_gpu=3 target_tier=GPU target_device=3 input_bytes=41032849 local_bytes=41032849 remote_gpu_bytes=0 host_bytes=0 disk_bytes=0 batch_count=1
[2026-07-01 08:02:21.403] [info] [task_creator.cpp:352] [locality-audit] task_create operator_id=47 input_bytes=41131775 local_bytes=41131775 gpu_source_bytes=41131775 host_source_bytes=0 disk_source_bytes=0 gpu_sources=1 host_sources=0 preferred_device=3
[2026-07-01 08:02:21.403] [info] [gpu_pipeline_task.cpp:182] [locality-audit] prepare_before pipeline_id=13 task_id=212 preferred_device=3 actual_gpu=3 target_tier=GPU target_device=3 input_bytes=20801995 local_bytes=20801995 remote_gpu_bytes=0 host_bytes=0 disk_bytes=0 batch_count=1
[2026-07-01 08:02:21.403] [info] [task_scheduler.cpp:367] [mgpu-audit] pipeline_task dispatched to GPU 3 task_id=215
[2026-07-01 08:02:21.403] [info] [task_scheduler.cpp:369] [locality-audit] dispatch task_id=215 preferred_device=3 actual_gpu=3
[2026-07-01 08:02:21.403] [info] [task_creator.cpp:352] [locality-audit] task_create operator_id=47 input_bytes=45305286 local_bytes=45305286 gpu_source_bytes=45305286 host_source_bytes=0 disk_source_bytes=0 gpu_sources=1 host_sources=0 preferred_device=3
[2026-07-01 08:02:21.403] [info] [gpu_pipeline_task.cpp:182] [locality-audit] prepare_before pipeline_id=13 task_id=214 preferred_device=3 actual_gpu=3 target_tier=GPU target_device=3 input_bytes=20828501 local_bytes=20828501 remote_gpu_bytes=0 host_bytes=0 disk_bytes=0 batch_count=1
[2026-07-01 08:02:21.403] [info] [task_creator.cpp:352] [locality-audit] task_create operator_id=47 input_bytes=20771806 local_bytes=20771806 gpu_source_bytes=20771806 host_source_bytes=0 disk_source_bytes=0 gpu_sources=1 host_sources=0 preferred_device=3
[2026-07-01 08:02:21.403] [info] [gpu_pipeline_task.cpp:182] [locality-audit] prepare_before pipeline_id=13 task_id=213 preferred_device=3 actual_gpu=3 target_tier=GPU target_device=3 input_bytes=41191880 local_bytes=41191880 remote_gpu_bytes=0 host_bytes=0 disk_bytes=0 batch_count=1
[2026-07-01 08:02:21.403] [info] [task_creator.cpp:352] [locality-audit] task_create operator_id=47 input_bytes=20812044 local_bytes=20812044 gpu_source_bytes=20812044 host_source_bytes=0 disk_source_bytes=0 gpu_sources=1 host_sources=0 preferred_device=3
[2026-07-01 08:02:21.403] [info] [gpu_pipeline_task.cpp:182] [locality-audit] prepare_after pipeline_id=13 task_id=212 preferred_device=3 actual_gpu=3 target_tier=GPU target_device=3 input_bytes=20801995 local_bytes=20801995 remote_gpu_bytes=0 host_bytes=0 disk_bytes=0 batch_count=1
[2026-07-01 08:02:21.403] [info] [task_creator.cpp:352] [locality-audit] task_create operator_id=47 input_bytes=41044855 local_bytes=41044855 gpu_source_bytes=41044855 host_source_bytes=0 disk_source_bytes=0 gpu_sources=1 host_sources=0 preferred_device=3
[2026-07-01 08:02:21.403] [info] [gpu_pipeline_task.cpp:182] [locality-audit] prepare_after pipeline_id=13 task_id=213 preferred_device=3 actual_gpu=3 target_tier=GPU target_device=3 input_bytes=41191880 local_bytes=41191880 remote_gpu_bytes=0 host_bytes=0 disk_bytes=0 batch_count=1
[2026-07-01 08:02:21.403] [info] [gpu_pipeline_task.cpp:182] [locality-audit] prepare_after pipeline_id=13 task_id=214 preferred_device=3 actual_gpu=3 target_tier=GPU target_device=3 input_bytes=20828501 local_bytes=20828501 remote_gpu_bytes=0 host_bytes=0 disk_bytes=0 batch_count=1
[2026-07-01 08:02:21.419] [info] [gpu_pipeline_task.cpp:311] [stage-audit] pipeline_id=13 task_id=214 operator_id=47 operator_name=PARTITION stage_kind=PARTITION operator_type=82 input_type=PIPELINEABLE output_type=PIPELINEABLE actual_gpu=3 pipeline_operator_count=1 input_batches=1 input_rows=500389 input_columns=5 input_bytes=20828501 output_batches=4 output_rows=500389 output_columns=20 output_bytes=20578209 byte_ratio=0.987983 row_ratio=1.000000 duration_us=15988
[2026-07-01 08:02:21.419] [info] [gpu_pipeline_task.cpp:311] [stage-audit] pipeline_id=13 task_id=212 operator_id=47 operator_name=PARTITION stage_kind=PARTITION operator_type=82 input_type=PIPELINEABLE output_type=PIPELINEABLE actual_gpu=3 pipeline_operator_count=1 input_batches=1 input_rows=499915 input_columns=5 input_bytes=20801995 output_batches=4 output_rows=499915 output_columns=20 output_bytes=20552023 byte_ratio=0.987983 row_ratio=1.000000 duration_us=16118
[2026-07-01 08:02:21.419] [info] [gpu_pipeline_task.cpp:311] [stage-audit] pipeline_id=13 task_id=211 operator_id=47 operator_name=PARTITION stage_kind=PARTITION operator_type=82 input_type=PIPELINEABLE output_type=PIPELINEABLE actual_gpu=3 pipeline_operator_count=1 input_batches=1 input_rows=997977 input_columns=5 input_bytes=41032849 output_batches=4 output_rows=997977 output_columns=20 output_bytes=41032925 byte_ratio=1.000002 row_ratio=1.000000 duration_us=16265
[2026-07-01 08:02:21.420] [info] [task_scheduler.cpp:367] [mgpu-audit] pipeline_task dispatched to GPU 3 task_id=216
[2026-07-01 08:02:21.420] [info] [task_scheduler.cpp:369] [locality-audit] dispatch task_id=216 preferred_device=3 actual_gpu=3
[2026-07-01 08:02:21.420] [info] [gpu_pipeline_task.cpp:311] [stage-audit] pipeline_id=13 task_id=213 operator_id=47 operator_name=PARTITION stage_kind=PARTITION operator_type=82 input_type=PIPELINEABLE output_type=PIPELINEABLE actual_gpu=3 pipeline_operator_count=1 input_batches=1 input_rows=1001660 input_columns=5 input_bytes=41191880 output_batches=4 output_rows=1001660 output_columns=20 output_bytes=41191956 byte_ratio=1.000002 row_ratio=1.000000 duration_us=16267
[2026-07-01 08:02:21.420] [info] [gpu_pipeline_task.cpp:182] [locality-audit] prepare_before pipeline_id=13 task_id=215 preferred_device=3 actual_gpu=3 target_tier=GPU target_device=3 input_bytes=41096105 local_bytes=41096105 remote_gpu_bytes=0 host_bytes=0 disk_bytes=0 batch_count=1
[2026-07-01 08:02:21.420] [info] [task_scheduler.cpp:367] [mgpu-audit] pipeline_task dispatched to GPU 3 task_id=217
[2026-07-01 08:02:21.420] [info] [task_scheduler.cpp:369] [locality-audit] dispatch task_id=217 preferred_device=3 actual_gpu=3
[2026-07-01 08:02:21.420] [info] [gpu_pipeline_task.cpp:182] [locality-audit] prepare_before pipeline_id=13 task_id=216 preferred_device=3 actual_gpu=3 target_tier=GPU target_device=3 input_bytes=20767282 local_bytes=20767282 remote_gpu_bytes=0 host_bytes=0 disk_bytes=0 batch_count=1
[2026-07-01 08:02:21.420] [info] [task_scheduler.cpp:367] [mgpu-audit] pipeline_task dispatched to GPU 3 task_id=218
[2026-07-01 08:02:21.420] [info] [task_scheduler.cpp:369] [locality-audit] dispatch task_id=218 preferred_device=3 actual_gpu=3
[2026-07-01 08:02:21.420] [info] [gpu_pipeline_task.cpp:182] [locality-audit] prepare_after pipeline_id=13 task_id=215 preferred_device=3 actual_gpu=3 target_tier=GPU target_device=3 input_bytes=41096105 local_bytes=41096105 remote_gpu_bytes=0 host_bytes=0 disk_bytes=0 batch_count=1
[2026-07-01 08:02:21.420] [info] [gpu_pipeline_task.cpp:182] [locality-audit] prepare_before pipeline_id=13 task_id=217 preferred_device=3 actual_gpu=3 target_tier=GPU target_device=3 input_bytes=20825086 local_bytes=20825086 remote_gpu_bytes=0 host_bytes=0 disk_bytes=0 batch_count=1
[2026-07-01 08:02:21.420] [info] [gpu_pipeline_task.cpp:182] [locality-audit] prepare_after pipeline_id=13 task_id=216 preferred_device=3 actual_gpu=3 target_tier=GPU target_device=3 input_bytes=20767282 local_bytes=20767282 remote_gpu_bytes=0 host_bytes=0 disk_bytes=0 batch_count=1
[2026-07-01 08:02:21.420] [info] [gpu_pipeline_task.cpp:182] [locality-audit] prepare_after pipeline_id=13 task_id=217 preferred_device=3 actual_gpu=3 target_tier=GPU target_device=3 input_bytes=20825086 local_bytes=20825086 remote_gpu_bytes=0 host_bytes=0 disk_bytes=0 batch_count=1
[2026-07-01 08:02:21.420] [info] [task_scheduler.cpp:367] [mgpu-audit] pipeline_task dispatched to GPU 3 task_id=219
[2026-07-01 08:02:21.420] [info] [task_scheduler.cpp:369] [locality-audit] dispatch task_id=219 preferred_device=3 actual_gpu=3
[2026-07-01 08:02:21.420] [info] [gpu_pipeline_task.cpp:182] [locality-audit] prepare_before pipeline_id=13 task_id=218 preferred_device=3 actual_gpu=3 target_tier=GPU target_device=3 input_bytes=41160238 local_bytes=41160238 remote_gpu_bytes=0 host_bytes=0 disk_bytes=0 batch_count=1
[2026-07-01 08:02:21.420] [info] [gpu_pipeline_task.cpp:182] [locality-audit] prepare_after pipeline_id=13 task_id=218 preferred_device=3 actual_gpu=3 target_tier=GPU target_device=3 input_bytes=41160238 local_bytes=41160238 remote_gpu_bytes=0 host_bytes=0 disk_bytes=0 batch_count=1
[2026-07-01 08:02:21.429] [info] [gpu_pipeline_task.cpp:311] [stage-audit] pipeline_id=13 task_id=216 operator_id=47 operator_name=PARTITION stage_kind=PARTITION operator_type=82 input_type=PIPELINEABLE output_type=PIPELINEABLE actual_gpu=3 pipeline_operator_count=1 input_batches=1 input_rows=499150 input_columns=5 input_bytes=20767282 output_batches=4 output_rows=499150 output_columns=20 output_bytes=20517822 byte_ratio=0.987988 row_ratio=1.000000 duration_us=9453
[2026-07-01 08:02:21.430] [info] [task_scheduler.cpp:367] [mgpu-audit] pipeline_task dispatched to GPU 3 task_id=220
[2026-07-01 08:02:21.430] [info] [task_scheduler.cpp:369] [locality-audit] dispatch task_id=220 preferred_device=3 actual_gpu=3
[2026-07-01 08:02:21.430] [info] [gpu_pipeline_task.cpp:182] [locality-audit] prepare_before pipeline_id=13 task_id=219 preferred_device=3 actual_gpu=3 target_tier=GPU target_device=3 input_bytes=20763050 local_bytes=20763050 remote_gpu_bytes=0 host_bytes=0 disk_bytes=0 batch_count=1
[2026-07-01 08:02:21.430] [info] [gpu_pipeline_task.cpp:182] [locality-audit] prepare_after pipeline_id=13 task_id=219 preferred_device=3 actual_gpu=3 target_tier=GPU target_device=3 input_bytes=20763050 local_bytes=20763050 remote_gpu_bytes=0 host_bytes=0 disk_bytes=0 batch_count=1
[2026-07-01 08:02:21.430] [info] [gpu_pipeline_task.cpp:311] [stage-audit] pipeline_id=13 task_id=218 operator_id=47 operator_name=PARTITION stage_kind=PARTITION operator_type=82 input_type=PIPELINEABLE output_type=PIPELINEABLE actual_gpu=3 pipeline_operator_count=1 input_batches=1 input_rows=1001042 input_columns=5 input_bytes=41160238 output_batches=4 output_rows=1001042 output_columns=20 output_bytes=41160314 byte_ratio=1.000002 row_ratio=1.000000 duration_us=10105
[2026-07-01 08:02:21.430] [info] [gpu_pipeline_task.cpp:311] [stage-audit] pipeline_id=13 task_id=217 operator_id=47 operator_name=PARTITION stage_kind=PARTITION operator_type=82 input_type=PIPELINEABLE output_type=PIPELINEABLE actual_gpu=3 pipeline_operator_count=1 input_batches=1 input_rows=500282 input_columns=5 input_bytes=20825086 output_batches=4 output_rows=500282 output_columns=20 output_bytes=20574794 byte_ratio=0.987981 row_ratio=1.000000 duration_us=10239
[2026-07-01 08:02:21.430] [info] [gpu_pipeline_task.cpp:311] [stage-audit] pipeline_id=13 task_id=215 operator_id=47 operator_name=PARTITION stage_kind=PARTITION operator_type=82 input_type=PIPELINEABLE output_type=PIPELINEABLE actual_gpu=3 pipeline_operator_count=1 input_batches=1 input_rows=999361 input_columns=5 input_bytes=41096105 output_batches=4 output_rows=999361 output_columns=20 output_bytes=41096245 byte_ratio=1.000003 row_ratio=1.000000 duration_us=10324
[2026-07-01 08:02:21.430] [info] [task_scheduler.cpp:367] [mgpu-audit] pipeline_task dispatched to GPU 3 task_id=221
[2026-07-01 08:02:21.430] [info] [task_scheduler.cpp:369] [locality-audit] dispatch task_id=221 preferred_device=3 actual_gpu=3
[2026-07-01 08:02:21.430] [info] [task_scheduler.cpp:367] [mgpu-audit] pipeline_task dispatched to GPU 3 task_id=222
[2026-07-01 08:02:21.430] [info] [gpu_pipeline_task.cpp:182] [locality-audit] prepare_before pipeline_id=13 task_id=220 preferred_device=3 actual_gpu=3 target_tier=GPU target_device=3 input_bytes=20725919 local_bytes=20725919 remote_gpu_bytes=0 host_bytes=0 disk_bytes=0 batch_count=1
[2026-07-01 08:02:21.430] [info] [task_scheduler.cpp:369] [locality-audit] dispatch task_id=222 preferred_device=3 actual_gpu=3
[2026-07-01 08:02:21.430] [info] [gpu_pipeline_task.cpp:182] [locality-audit] prepare_before pipeline_id=13 task_id=221 preferred_device=3 actual_gpu=3 target_tier=GPU target_device=3 input_bytes=40995431 local_bytes=40995431 remote_gpu_bytes=0 host_bytes=0 disk_bytes=0 batch_count=1
[2026-07-01 08:02:21.430] [info] [task_scheduler.cpp:367] [mgpu-audit] pipeline_task dispatched to GPU 3 task_id=223
[2026-07-01 08:02:21.430] [info] [task_scheduler.cpp:369] [locality-audit] dispatch task_id=223 preferred_device=3 actual_gpu=3
[2026-07-01 08:02:21.430] [info] [gpu_pipeline_task.cpp:182] [locality-audit] prepare_after pipeline_id=13 task_id=220 preferred_device=3 actual_gpu=3 target_tier=GPU target_device=3 input_bytes=20725919 local_bytes=20725919 remote_gpu_bytes=0 host_bytes=0 disk_bytes=0 batch_count=1
[2026-07-01 08:02:21.430] [info] [gpu_pipeline_task.cpp:182] [locality-audit] prepare_before pipeline_id=13 task_id=222 preferred_device=3 actual_gpu=3 target_tier=GPU target_device=3 input_bytes=41138598 local_bytes=41138598 remote_gpu_bytes=0 host_bytes=0 disk_bytes=0 batch_count=1
[2026-07-01 08:02:21.430] [info] [gpu_pipeline_task.cpp:182] [locality-audit] prepare_after pipeline_id=13 task_id=221 preferred_device=3 actual_gpu=3 target_tier=GPU target_device=3 input_bytes=40995431 local_bytes=40995431 remote_gpu_bytes=0 host_bytes=0 disk_bytes=0 batch_count=1
[2026-07-01 08:02:21.430] [info] [gpu_pipeline_task.cpp:182] [locality-audit] prepare_after pipeline_id=13 task_id=222 preferred_device=3 actual_gpu=3 target_tier=GPU target_device=3 input_bytes=41138598 local_bytes=41138598 remote_gpu_bytes=0 host_bytes=0 disk_bytes=0 batch_count=1
[2026-07-01 08:02:21.441] [info] [gpu_pipeline_task.cpp:311] [stage-audit] pipeline_id=13 task_id=222 operator_id=47 operator_name=PARTITION stage_kind=PARTITION operator_type=82 input_type=PIPELINEABLE output_type=PIPELINEABLE actual_gpu=3 pipeline_operator_count=1 input_batches=1 input_rows=1000586 input_columns=5 input_bytes=41138598 output_batches=4 output_rows=1000586 output_columns=20 output_bytes=41138674 byte_ratio=1.000002 row_ratio=1.000000 duration_us=10598
[2026-07-01 08:02:21.441] [info] [gpu_pipeline_task.cpp:311] [stage-audit] pipeline_id=13 task_id=221 operator_id=47 operator_name=PARTITION stage_kind=PARTITION operator_type=82 input_type=PIPELINEABLE output_type=PIPELINEABLE actual_gpu=3 pipeline_operator_count=1 input_batches=1 input_rows=997031 input_columns=5 input_bytes=40995431 output_batches=4 output_rows=997031 output_columns=20 output_bytes=40995507 byte_ratio=1.000002 row_ratio=1.000000 duration_us=10689
[2026-07-01 08:02:21.441] [info] [gpu_pipeline_task.cpp:182] [locality-audit] prepare_before pipeline_id=13 task_id=223 preferred_device=3 actual_gpu=3 target_tier=GPU target_device=3 input_bytes=41121886 local_bytes=41121886 remote_gpu_bytes=0 host_bytes=0 disk_bytes=0 batch_count=1
[2026-07-01 08:02:21.441] [info] [gpu_pipeline_task.cpp:182] [locality-audit] prepare_after pipeline_id=13 task_id=223 preferred_device=3 actual_gpu=3 target_tier=GPU target_device=3 input_bytes=41121886 local_bytes=41121886 remote_gpu_bytes=0 host_bytes=0 disk_bytes=0 batch_count=1
[2026-07-01 08:02:21.441] [info] [gpu_pipeline_task.cpp:311] [stage-audit] pipeline_id=13 task_id=219 operator_id=47 operator_name=PARTITION stage_kind=PARTITION operator_type=82 input_type=PIPELINEABLE output_type=PIPELINEABLE actual_gpu=3 pipeline_operator_count=1 input_batches=1 input_rows=498806 input_columns=5 input_bytes=20763050 output_batches=4 output_rows=498806 output_columns=20 output_bytes=20513526 byte_ratio=0.987982 row_ratio=1.000000 duration_us=11334
[2026-07-01 08:02:21.441] [info] [task_scheduler.cpp:367] [mgpu-audit] pipeline_task dispatched to GPU 3 task_id=224
[2026-07-01 08:02:21.441] [info] [task_scheduler.cpp:369] [locality-audit] dispatch task_id=224 preferred_device=3 actual_gpu=3
[2026-07-01 08:02:21.441] [info] [task_scheduler.cpp:367] [mgpu-audit] pipeline_task dispatched to GPU 3 task_id=225
[2026-07-01 08:02:21.441] [info] [task_scheduler.cpp:369] [locality-audit] dispatch task_id=225 preferred_device=3 actual_gpu=3
[2026-07-01 08:02:21.441] [info] [gpu_pipeline_task.cpp:182] [locality-audit] prepare_before pipeline_id=13 task_id=224 preferred_device=3 actual_gpu=3 target_tier=GPU target_device=3 input_bytes=20860570 local_bytes=20860570 remote_gpu_bytes=0 host_bytes=0 disk_bytes=0 batch_count=1
[2026-07-01 08:02:21.441] [info] [gpu_pipeline_task.cpp:182] [locality-audit] prepare_after pipeline_id=13 task_id=224 preferred_device=3 actual_gpu=3 target_tier=GPU target_device=3 input_bytes=20860570 local_bytes=20860570 remote_gpu_bytes=0 host_bytes=0 disk_bytes=0 batch_count=1
[2026-07-01 08:02:21.441] [info] [gpu_pipeline_task.cpp:311] [stage-audit] pipeline_id=13 task_id=220 operator_id=47 operator_name=PARTITION stage_kind=PARTITION operator_type=82 input_type=PIPELINEABLE output_type=PIPELINEABLE actual_gpu=3 pipeline_operator_count=1 input_batches=1 input_rows=498031 input_columns=5 input_bytes=20725919 output_batches=4 output_rows=498031 output_columns=20 output_bytes=20476971 byte_ratio=0.987989 row_ratio=1.000000 duration_us=11143
[2026-07-01 08:02:21.441] [info] [task_scheduler.cpp:367] [mgpu-audit] pipeline_task dispatched to GPU 3 task_id=226
[2026-07-01 08:02:21.441] [info] [task_scheduler.cpp:369] [locality-audit] dispatch task_id=226 preferred_device=3 actual_gpu=3
[2026-07-01 08:02:21.441] [info] [task_scheduler.cpp:367] [mgpu-audit] pipeline_task dispatched to GPU 3 task_id=227
[2026-07-01 08:02:21.441] [info] [task_scheduler.cpp:369] [locality-audit] dispatch task_id=227 preferred_device=3 actual_gpu=3
[2026-07-01 08:02:21.441] [info] [gpu_pipeline_task.cpp:182] [locality-audit] prepare_before pipeline_id=13 task_id=225 preferred_device=3 actual_gpu=3 target_tier=GPU target_device=3 input_bytes=41131775 local_bytes=41131775 remote_gpu_bytes=0 host_bytes=0 disk_bytes=0 batch_count=1
[2026-07-01 08:02:21.441] [info] [gpu_pipeline_task.cpp:182] [locality-audit] prepare_before pipeline_id=13 task_id=226 preferred_device=3 actual_gpu=3 target_tier=GPU target_device=3 input_bytes=45305286 local_bytes=45305286 remote_gpu_bytes=0 host_bytes=0 disk_bytes=0 batch_count=1
[2026-07-01 08:02:21.442] [info] [gpu_pipeline_task.cpp:182] [locality-audit] prepare_after pipeline_id=13 task_id=225 preferred_device=3 actual_gpu=3 target_tier=GPU target_device=3 input_bytes=41131775 local_bytes=41131775 remote_gpu_bytes=0 host_bytes=0 disk_bytes=0 batch_count=1
[2026-07-01 08:02:21.442] [info] [gpu_pipeline_task.cpp:182] [locality-audit] prepare_after pipeline_id=13 task_id=226 preferred_device=3 actual_gpu=3 target_tier=GPU target_device=3 input_bytes=45305286 local_bytes=45305286 remote_gpu_bytes=0 host_bytes=0 disk_bytes=0 batch_count=1
[2026-07-01 08:02:21.452] [info] [gpu_pipeline_task.cpp:311] [stage-audit] pipeline_id=13 task_id=225 operator_id=47 operator_name=PARTITION stage_kind=PARTITION operator_type=82 input_type=PIPELINEABLE output_type=PIPELINEABLE actual_gpu=3 pipeline_operator_count=1 input_batches=1 input_rows=1000287 input_columns=5 input_bytes=41131775 output_batches=4 output_rows=1000287 output_columns=20 output_bytes=41131851 byte_ratio=1.000002 row_ratio=1.000000 duration_us=10841
[2026-07-01 08:02:21.452] [info] [gpu_pipeline_task.cpp:311] [stage-audit] pipeline_id=13 task_id=223 operator_id=47 operator_name=PARTITION stage_kind=PARTITION operator_type=82 input_type=PIPELINEABLE output_type=PIPELINEABLE actual_gpu=3 pipeline_operator_count=1 input_batches=1 input_rows=1000138 input_columns=5 input_bytes=41121886 output_batches=4 output_rows=1000138 output_columns=20 output_bytes=41121962 byte_ratio=1.000002 row_ratio=1.000000 duration_us=11306
[2026-07-01 08:02:21.452] [info] [gpu_pipeline_task.cpp:311] [stage-audit] pipeline_id=13 task_id=226 operator_id=47 operator_name=PARTITION stage_kind=PARTITION operator_type=82 input_type=PIPELINEABLE output_type=PIPELINEABLE actual_gpu=3 pipeline_operator_count=1 input_batches=1 input_rows=1101842 input_columns=5 input_bytes=45305286 output_batches=4 output_rows=1101842 output_columns=20 output_bytes=45305362 byte_ratio=1.000002 row_ratio=1.000000 duration_us=10920
[2026-07-01 08:02:21.453] [info] [gpu_pipeline_task.cpp:311] [stage-audit] pipeline_id=13 task_id=224 operator_id=47 operator_name=PARTITION stage_kind=PARTITION operator_type=82 input_type=PIPELINEABLE output_type=PIPELINEABLE actual_gpu=3 pipeline_operator_count=1 input_batches=1 input_rows=501158 input_columns=5 input_bytes=20860570 output_batches=4 output_rows=501158 output_columns=20 output_bytes=20610086 byte_ratio=0.987992 row_ratio=1.000000 duration_us=11389
[2026-07-01 08:02:21.453] [info] [gpu_pipeline_task.cpp:182] [locality-audit] prepare_before pipeline_id=13 task_id=227 preferred_device=3 actual_gpu=3 target_tier=GPU target_device=3 input_bytes=20771806 local_bytes=20771806 remote_gpu_bytes=0 host_bytes=0 disk_bytes=0 batch_count=1
[2026-07-01 08:02:21.453] [info] [gpu_pipeline_task.cpp:182] [locality-audit] prepare_after pipeline_id=13 task_id=227 preferred_device=3 actual_gpu=3 target_tier=GPU target_device=3 input_bytes=20771806 local_bytes=20771806 remote_gpu_bytes=0 host_bytes=0 disk_bytes=0 batch_count=1
[2026-07-01 08:02:21.453] [info] [task_scheduler.cpp:367] [mgpu-audit] pipeline_task dispatched to GPU 3 task_id=228
[2026-07-01 08:02:21.453] [info] [task_scheduler.cpp:369] [locality-audit] dispatch task_id=228 preferred_device=3 actual_gpu=3
[2026-07-01 08:02:21.453] [info] [task_scheduler.cpp:367] [mgpu-audit] pipeline_task dispatched to GPU 3 task_id=229
[2026-07-01 08:02:21.453] [info] [task_scheduler.cpp:369] [locality-audit] dispatch task_id=229 preferred_device=3 actual_gpu=3
[2026-07-01 08:02:21.453] [info] [gpu_pipeline_task.cpp:182] [locality-audit] prepare_before pipeline_id=13 task_id=228 preferred_device=3 actual_gpu=3 target_tier=GPU target_device=3 input_bytes=20812044 local_bytes=20812044 remote_gpu_bytes=0 host_bytes=0 disk_bytes=0 batch_count=1
[2026-07-01 08:02:21.453] [info] [gpu_pipeline_task.cpp:182] [locality-audit] prepare_before pipeline_id=13 task_id=229 preferred_device=3 actual_gpu=3 target_tier=GPU target_device=3 input_bytes=41044855 local_bytes=41044855 remote_gpu_bytes=0 host_bytes=0 disk_bytes=0 batch_count=1
[2026-07-01 08:02:21.453] [info] [gpu_pipeline_task.cpp:182] [locality-audit] prepare_after pipeline_id=13 task_id=228 preferred_device=3 actual_gpu=3 target_tier=GPU target_device=3 input_bytes=20812044 local_bytes=20812044 remote_gpu_bytes=0 host_bytes=0 disk_bytes=0 batch_count=1
[2026-07-01 08:02:21.453] [info] [gpu_pipeline_task.cpp:182] [locality-audit] prepare_after pipeline_id=13 task_id=229 preferred_device=3 actual_gpu=3 target_tier=GPU target_device=3 input_bytes=41044855 local_bytes=41044855 remote_gpu_bytes=0 host_bytes=0 disk_bytes=0 batch_count=1
[2026-07-01 08:02:21.461] [info] [gpu_pipeline_task.cpp:311] [stage-audit] pipeline_id=13 task_id=227 operator_id=47 operator_name=PARTITION stage_kind=PARTITION operator_type=82 input_type=PIPELINEABLE output_type=PIPELINEABLE actual_gpu=3 pipeline_operator_count=1 input_batches=1 input_rows=499050 input_columns=5 input_bytes=20771806 output_batches=4 output_rows=499050 output_columns=20 output_bytes=20522346 byte_ratio=0.987990 row_ratio=1.000000 duration_us=8139
[2026-07-01 08:02:21.461] [info] [gpu_pipeline_task.cpp:311] [stage-audit] pipeline_id=13 task_id=229 operator_id=47 operator_name=PARTITION stage_kind=PARTITION operator_type=82 input_type=PIPELINEABLE output_type=PIPELINEABLE actual_gpu=3 pipeline_operator_count=1 input_batches=1 input_rows=998239 input_columns=5 input_bytes=41044855 output_batches=4 output_rows=998239 output_columns=20 output_bytes=41044931 byte_ratio=1.000002 row_ratio=1.000000 duration_us=8005
[2026-07-01 08:02:21.461] [info] [gpu_pipeline_task.cpp:311] [stage-audit] pipeline_id=13 task_id=228 operator_id=47 operator_name=PARTITION stage_kind=PARTITION operator_type=82 input_type=PIPELINEABLE output_type=PIPELINEABLE actual_gpu=3 pipeline_operator_count=1 input_batches=1 input_rows=500016 input_columns=5 input_bytes=20812044 output_batches=4 output_rows=500016 output_columns=20 output_bytes=20562008 byte_ratio=0.987986 row_ratio=1.000000 duration_us=8198
[2026-07-01 08:02:21.461] [info] [task_scheduler.cpp:367] [mgpu-audit] pipeline_task dispatched to GPU 0 task_id=230
[2026-07-01 08:02:21.461] [info] [task_scheduler.cpp:369] [locality-audit] dispatch task_id=230 preferred_device=0 actual_gpu=0
[2026-07-01 08:02:21.461] [info] [task_scheduler.cpp:367] [mgpu-audit] pipeline_task dispatched to GPU 1 task_id=231
[2026-07-01 08:02:21.461] [info] [task_scheduler.cpp:369] [locality-audit] dispatch task_id=231 preferred_device=1 actual_gpu=1
[2026-07-01 08:02:21.461] [info] [gpu_pipeline_task.cpp:182] [locality-audit] prepare_before pipeline_id=14 task_id=230 preferred_device=0 actual_gpu=0 target_tier=GPU target_device=0 input_bytes=149971843 local_bytes=0 remote_gpu_bytes=149971843 host_bytes=0 disk_bytes=0 batch_count=19
[2026-07-01 08:02:21.461] [info] [task_scheduler.cpp:367] [mgpu-audit] pipeline_task dispatched to GPU 2 task_id=232
[2026-07-01 08:02:21.461] [info] [task_scheduler.cpp:369] [locality-audit] dispatch task_id=232 preferred_device=2 actual_gpu=2
[2026-07-01 08:02:21.461] [info] [gpu_pipeline_task.cpp:182] [locality-audit] prepare_before pipeline_id=14 task_id=231 preferred_device=1 actual_gpu=1 target_tier=GPU target_device=1 input_bytes=150013500 local_bytes=0 remote_gpu_bytes=150013500 host_bytes=0 disk_bytes=0 batch_count=19
[2026-07-01 08:02:21.461] [info] [task_scheduler.cpp:367] [mgpu-audit] pipeline_task dispatched to GPU 3 task_id=233
[2026-07-01 08:02:21.461] [info] [task_scheduler.cpp:369] [locality-audit] dispatch task_id=233 preferred_device=3 actual_gpu=3
[2026-07-01 08:02:21.462] [info] [gpu_pipeline_task.cpp:182] [locality-audit] prepare_before pipeline_id=14 task_id=233 preferred_device=3 actual_gpu=3 target_tier=GPU target_device=3 input_bytes=150147158 local_bytes=150147158 remote_gpu_bytes=0 host_bytes=0 disk_bytes=0 batch_count=19
[2026-07-01 08:02:21.462] [info] [gpu_pipeline_task.cpp:182] [locality-audit] prepare_before pipeline_id=14 task_id=232 preferred_device=2 actual_gpu=2 target_tier=GPU target_device=2 input_bytes=149995011 local_bytes=0 remote_gpu_bytes=149995011 host_bytes=0 disk_bytes=0 batch_count=19
[2026-07-01 08:02:21.462] [info] [gpu_pipeline_task.cpp:182] [locality-audit] prepare_after pipeline_id=14 task_id=233 preferred_device=3 actual_gpu=3 target_tier=GPU target_device=3 input_bytes=150147158 local_bytes=150147158 remote_gpu_bytes=0 host_bytes=0 disk_bytes=0 batch_count=19
[2026-07-01 08:02:21.476] [info] [gpu_pipeline_task.cpp:311] [stage-audit] pipeline_id=14 task_id=233 operator_id=46 operator_name=CONCAT stage_kind=CONCAT operator_type=83 input_type=PARTITIONED output_type=PARTITIONED actual_gpu=3 pipeline_operator_count=1 input_batches=19 input_rows=3651386 input_columns=95 input_bytes=150147158 output_batches=1 output_rows=3651386 output_columns=5 output_bytes=149690126 byte_ratio=0.996956 row_ratio=1.000000 duration_us=14010
[2026-07-01 08:02:21.492] [info] [gpu_pipeline_task.cpp:182] [locality-audit] prepare_after pipeline_id=14 task_id=230 preferred_device=0 actual_gpu=0 target_tier=GPU target_device=0 input_bytes=149971843 local_bytes=149971843 remote_gpu_bytes=0 host_bytes=0 disk_bytes=0 batch_count=19
[2026-07-01 08:02:21.492] [info] [gpu_pipeline_task.cpp:182] [locality-audit] prepare_after pipeline_id=14 task_id=231 preferred_device=1 actual_gpu=1 target_tier=GPU target_device=1 input_bytes=150013500 local_bytes=150013500 remote_gpu_bytes=0 host_bytes=0 disk_bytes=0 batch_count=19
[2026-07-01 08:02:21.492] [info] [gpu_pipeline_task.cpp:182] [locality-audit] prepare_after pipeline_id=14 task_id=232 preferred_device=2 actual_gpu=2 target_tier=GPU target_device=2 input_bytes=149995011 local_bytes=149995011 remote_gpu_bytes=0 host_bytes=0 disk_bytes=0 batch_count=19
[2026-07-01 08:02:21.501] [info] [gpu_pipeline_task.cpp:311] [stage-audit] pipeline_id=14 task_id=230 operator_id=46 operator_name=CONCAT stage_kind=CONCAT operator_type=83 input_type=PARTITIONED output_type=PARTITIONED actual_gpu=0 pipeline_operator_count=1 input_batches=19 input_rows=3647355 input_columns=95 input_bytes=149971843 output_batches=1 output_rows=3647355 output_columns=5 output_bytes=149515195 byte_ratio=0.996955 row_ratio=1.000000 duration_us=8944
[2026-07-01 08:02:21.502] [info] [gpu_pipeline_task.cpp:311] [stage-audit] pipeline_id=14 task_id=231 operator_id=46 operator_name=CONCAT stage_kind=CONCAT operator_type=83 input_type=PARTITIONED output_type=PARTITIONED actual_gpu=1 pipeline_operator_count=1 input_batches=19 input_rows=3648168 input_columns=95 input_bytes=150013500 output_batches=1 output_rows=3648168 output_columns=5 output_bytes=149556916 byte_ratio=0.996956 row_ratio=1.000000 duration_us=10011
[2026-07-01 08:02:21.503] [info] [gpu_pipeline_task.cpp:311] [stage-audit] pipeline_id=14 task_id=232 operator_id=46 operator_name=CONCAT stage_kind=CONCAT operator_type=83 input_type=PARTITIONED output_type=PARTITIONED actual_gpu=2 pipeline_operator_count=1 input_batches=19 input_rows=3648051 input_columns=95 input_bytes=149995011 output_batches=1 output_rows=3648051 output_columns=5 output_bytes=149538363 byte_ratio=0.996956 row_ratio=1.000000 duration_us=10169
[2026-07-01 08:02:21.503] [info] [task_scheduler.cpp:367] [mgpu-audit] pipeline_task dispatched to GPU 2 task_id=236
[2026-07-01 08:02:21.503] [info] [task_scheduler.cpp:369] [locality-audit] dispatch task_id=236 preferred_device=2 actual_gpu=2
[2026-07-01 08:02:21.503] [info] [task_scheduler.cpp:367] [mgpu-audit] pipeline_task dispatched to GPU 1 task_id=235
[2026-07-01 08:02:21.503] [info] [task_scheduler.cpp:369] [locality-audit] dispatch task_id=235 preferred_device=1 actual_gpu=1
[2026-07-01 08:02:21.503] [info] [task_scheduler.cpp:367] [mgpu-audit] pipeline_task dispatched to GPU 0 task_id=234
[2026-07-01 08:02:21.503] [info] [task_scheduler.cpp:369] [locality-audit] dispatch task_id=234 preferred_device=0 actual_gpu=0
[2026-07-01 08:02:21.503] [info] [task_scheduler.cpp:367] [mgpu-audit] pipeline_task dispatched to GPU 3 task_id=237
[2026-07-01 08:02:21.503] [info] [task_scheduler.cpp:369] [locality-audit] dispatch task_id=237 preferred_device=3 actual_gpu=3
[2026-07-01 08:02:21.503] [info] [task_scheduler.cpp:367] [mgpu-audit] pipeline_task dispatched to GPU 0 task_id=238
[2026-07-01 08:02:21.503] [info] [task_scheduler.cpp:369] [locality-audit] dispatch task_id=238 preferred_device=0 actual_gpu=0
[2026-07-01 08:02:21.975] [info] [parquet_gpu_ingestible.cpp:696] [scan-audit] parquet_materialize target_gpu=1 files=/mnt/nvme/dataset/orders.parquet columns=o_orderkey,o_custkey row_groups=272,273,274,275,276,277,278,279,280,281,282,283,284,285,286,287,288,289,290,291,292,293,294,295,296,297,298,299,300,301,302,303,304,305,306,307,308,309,310,311,312,313,314,315,316,317,318,319,320,321,322,323,324,325,326,327,328,329,330,331,332,333,334,335,336,337,338,339,340,341,342,343,344,345,346,347,348,349,350,351,352,353,354,355,356,357,358,359,360,361,362,363,364,365,366,367,368,369,370,371,372,373,374,375,376,377,378,379,380,381,382,383,384,385,386,387,388,389,390,391,392,393,394,395,396,397,398,399,400,401,402,403,404,405,406,407,408,409,410,411,412,413,414,415,416,417,418,419,420,421,422,423,424,425,426,427,428,429,430,431,432,433,434,435,436,437,438,439,440,441,442,443,444,445,446,447,448,449,450,451,452,453,454,455,456,457,458,459,460,461,462,463,464,465,466,467,468,469,470,471,472,473,474,475,476,477,478,479,480,481,482,483,484,485,486,487,488,489,490,491,492,493,494,495,496,497,498,499,500,501,502,503,504,505,506,507,508,509,510,511,512,513,514,515,516,517,518,519,520,521,522,523,524,525,526,527,528,529,530,531,532,533,534,535,536,537,538,539,540,541,542,543 compressed_bytes=312544739 uncompressed_bytes=536082432 column_bytes=o_orderkey:133603776:268041216,o_custkey:178940963:268041216 output_rows=33504098 output_columns=2 split_count=1 duration_us=469021
[2026-07-01 08:02:21.975] [info] [gpu_pipeline_task.cpp:311] [stage-audit] pipeline_id=24 task_id=235 operator_id=56 operator_name=GPU_SCAN stage_kind=SCAN operator_type=94 input_type=GPU_SCAN output_type=PIPELINEABLE actual_gpu=1 pipeline_operator_count=1 input_batches=0 input_rows=0 input_columns=0 input_bytes=0 output_batches=1 output_rows=33504098 output_columns=2 output_bytes=544441632 byte_ratio=0.000000 row_ratio=0.000000 duration_us=471787
[2026-07-01 08:02:21.975] [info] [task_creator.cpp:352] [locality-audit] task_create operator_id=58 input_bytes=544441632 local_bytes=544441632 gpu_source_bytes=544441632 host_source_bytes=0 disk_source_bytes=0 gpu_sources=1 host_sources=0 preferred_device=1
[2026-07-01 08:02:21.975] [info] [task_scheduler.cpp:367] [mgpu-audit] pipeline_task dispatched to GPU 1 task_id=239
[2026-07-01 08:02:21.975] [info] [task_scheduler.cpp:369] [locality-audit] dispatch task_id=239 preferred_device=1 actual_gpu=1
[2026-07-01 08:02:21.975] [info] [gpu_pipeline_task.cpp:182] [locality-audit] prepare_before pipeline_id=25 task_id=239 preferred_device=1 actual_gpu=1 target_tier=GPU target_device=1 input_bytes=544441632 local_bytes=544441632 remote_gpu_bytes=0 host_bytes=0 disk_bytes=0 batch_count=1
[2026-07-01 08:02:21.976] [info] [gpu_pipeline_task.cpp:182] [locality-audit] prepare_after pipeline_id=25 task_id=239 preferred_device=1 actual_gpu=1 target_tier=GPU target_device=1 input_bytes=544441632 local_bytes=544441632 remote_gpu_bytes=0 host_bytes=0 disk_bytes=0 batch_count=1
[2026-07-01 08:02:21.992] [info] [gpu_pipeline_task.cpp:311] [stage-audit] pipeline_id=25 task_id=239 operator_id=58 operator_name=PARTITION stage_kind=PARTITION operator_type=82 input_type=PIPELINEABLE output_type=PIPELINEABLE actual_gpu=1 pipeline_operator_count=1 input_batches=1 input_rows=33504098 input_columns=2 input_bytes=544441632 output_batches=4 output_rows=33504098 output_columns=8 output_bytes=536065568 byte_ratio=0.984615 row_ratio=1.000000 duration_us=16788
[2026-07-01 08:02:22.055] [info] [parquet_gpu_ingestible.cpp:696] [scan-audit] parquet_materialize target_gpu=0 files=/mnt/nvme/dataset/orders.parquet columns=o_orderkey,o_custkey row_groups=1088,1089,1090,1091,1092,1093,1094,1095,1096,1097,1098,1099,1100,1101,1102,1103,1104,1105,1106,1107,1108,1109,1110,1111,1112,1113,1114,1115,1116,1117,1118,1119,1120,1121,1122,1123,1124,1125,1126,1127,1128,1129,1130,1131,1132,1133,1134,1135,1136,1137,1138,1139,1140,1141,1142,1143,1144,1145,1146,1147,1148,1149,1150,1151,1152,1153,1154,1155,1156,1157,1158,1159,1160,1161,1162,1163,1164,1165,1166,1167,1168,1169,1170,1171,1172,1173,1174,1175,1176,1177,1178,1179,1180,1181,1182,1183,1184,1185,1186,1187,1188,1189,1190,1191,1192,1193,1194,1195,1196,1197,1198,1199,1200,1201,1202,1203,1204,1205,1206,1207,1208,1209,1210,1211,1212,1213,1214,1215,1216,1217 compressed_bytes=148645964 uncompressed_bytes=254961436 column_bytes=o_orderkey:63543005:127480718,o_custkey:85102959:127480718 output_rows=15934586 output_columns=2 split_count=1 duration_us=548258
[2026-07-01 08:02:22.055] [info] [gpu_pipeline_task.cpp:311] [stage-audit] pipeline_id=24 task_id=238 operator_id=56 operator_name=GPU_SCAN stage_kind=SCAN operator_type=94 input_type=GPU_SCAN output_type=PIPELINEABLE actual_gpu=0 pipeline_operator_count=1 input_batches=0 input_rows=0 input_columns=0 input_bytes=0 output_batches=1 output_rows=15934586 output_columns=2 output_bytes=258937120 byte_ratio=0.000000 row_ratio=0.000000 duration_us=552017
[2026-07-01 08:02:22.055] [info] [task_creator.cpp:352] [locality-audit] task_create operator_id=58 input_bytes=258937120 local_bytes=258937120 gpu_source_bytes=258937120 host_source_bytes=0 disk_source_bytes=0 gpu_sources=1 host_sources=0 preferred_device=0
[2026-07-01 08:02:22.055] [info] [task_scheduler.cpp:367] [mgpu-audit] pipeline_task dispatched to GPU 0 task_id=240
[2026-07-01 08:02:22.055] [info] [task_scheduler.cpp:369] [locality-audit] dispatch task_id=240 preferred_device=0 actual_gpu=0
[2026-07-01 08:02:22.055] [info] [gpu_pipeline_task.cpp:182] [locality-audit] prepare_before pipeline_id=25 task_id=240 preferred_device=0 actual_gpu=0 target_tier=GPU target_device=0 input_bytes=258937120 local_bytes=258937120 remote_gpu_bytes=0 host_bytes=0 disk_bytes=0 batch_count=1
[2026-07-01 08:02:22.056] [info] [gpu_pipeline_task.cpp:182] [locality-audit] prepare_after pipeline_id=25 task_id=240 preferred_device=0 actual_gpu=0 target_tier=GPU target_device=0 input_bytes=258937120 local_bytes=258937120 remote_gpu_bytes=0 host_bytes=0 disk_bytes=0 batch_count=1
[2026-07-01 08:02:22.063] [info] [gpu_pipeline_task.cpp:311] [stage-audit] pipeline_id=25 task_id=240 operator_id=58 operator_name=PARTITION stage_kind=PARTITION operator_type=82 input_type=PIPELINEABLE output_type=PIPELINEABLE actual_gpu=0 pipeline_operator_count=1 input_batches=1 input_rows=15934586 input_columns=2 input_bytes=258937120 output_batches=4 output_rows=15934586 output_columns=8 output_bytes=254953376 byte_ratio=0.984615 row_ratio=1.000000 duration_us=6985
[2026-07-01 08:02:22.077] [info] [parquet_gpu_ingestible.cpp:696] [scan-audit] parquet_materialize target_gpu=3 files=/mnt/nvme/dataset/orders.parquet columns=o_orderkey,o_custkey row_groups=816,817,818,819,820,821,822,823,824,825,826,827,828,829,830,831,832,833,834,835,836,837,838,839,840,841,842,843,844,845,846,847,848,849,850,851,852,853,854,855,856,857,858,859,860,861,862,863,864,865,866,867,868,869,870,871,872,873,874,875,876,877,878,879,880,881,882,883,884,885,886,887,888,889,890,891,892,893,894,895,896,897,898,899,900,901,902,903,904,905,906,907,908,909,910,911,912,913,914,915,916,917,918,919,920,921,922,923,924,925,926,927,928,929,930,931,932,933,934,935,936,937,938,939,940,941,942,943,944,945,946,947,948,949,950,951,952,953,954,955,956,957,958,959,960,961,962,963,964,965,966,967,968,969,970,971,972,973,974,975,976,977,978,979,980,981,982,983,984,985,986,987,988,989,990,991,992,993,994,995,996,997,998,999,1000,1001,1002,1003,1004,1005,1006,1007,1008,1009,1010,1011,1012,1013,1014,1015,1016,1017,1018,1019,1020,1021,1022,1023,1024,1025,1026,1027,1028,1029,1030,1031,1032,1033,1034,1035,1036,1037,1038,1039,1040,1041,1042,1043,1044,1045,1046,1047,1048,1049,1050,1051,1052,1053,1054,1055,1056,1057,1058,1059,1060,1061,1062,1063,1064,1065,1066,1067,1068,1069,1070,1071,1072,1073,1074,1075,1076,1077,1078,1079,1080,1081,1082,1083,1084,1085,1086,1087 compressed_bytes=312546659 uncompressed_bytes=536097600 column_bytes=o_orderkey:133606440:268048800,o_custkey:178940219:268048800 output_rows=33505046 output_columns=2 split_count=1 duration_us=569994
[2026-07-01 08:02:22.077] [info] [gpu_pipeline_task.cpp:311] [stage-audit] pipeline_id=24 task_id=237 operator_id=56 operator_name=GPU_SCAN stage_kind=SCAN operator_type=94 input_type=GPU_SCAN output_type=PIPELINEABLE actual_gpu=3 pipeline_operator_count=1 input_batches=0 input_rows=0 input_columns=0 input_bytes=0 output_batches=1 output_rows=33505046 output_columns=2 output_bytes=544457056 byte_ratio=0.000000 row_ratio=0.000000 duration_us=573323
[2026-07-01 08:02:22.077] [info] [task_creator.cpp:352] [locality-audit] task_create operator_id=58 input_bytes=544457056 local_bytes=544457056 gpu_source_bytes=544457056 host_source_bytes=0 disk_source_bytes=0 gpu_sources=1 host_sources=0 preferred_device=3
[2026-07-01 08:02:22.077] [info] [task_scheduler.cpp:367] [mgpu-audit] pipeline_task dispatched to GPU 3 task_id=241
[2026-07-01 08:02:22.077] [info] [task_scheduler.cpp:369] [locality-audit] dispatch task_id=241 preferred_device=3 actual_gpu=3
[2026-07-01 08:02:22.077] [info] [gpu_pipeline_task.cpp:182] [locality-audit] prepare_before pipeline_id=25 task_id=241 preferred_device=3 actual_gpu=3 target_tier=GPU target_device=3 input_bytes=544457056 local_bytes=544457056 remote_gpu_bytes=0 host_bytes=0 disk_bytes=0 batch_count=1
[2026-07-01 08:02:22.078] [info] [gpu_pipeline_task.cpp:182] [locality-audit] prepare_after pipeline_id=25 task_id=241 preferred_device=3 actual_gpu=3 target_tier=GPU target_device=3 input_bytes=544457056 local_bytes=544457056 remote_gpu_bytes=0 host_bytes=0 disk_bytes=0 batch_count=1
[2026-07-01 08:02:22.086] [info] [parquet_gpu_ingestible.cpp:696] [scan-audit] parquet_materialize target_gpu=2 files=/mnt/nvme/dataset/orders.parquet columns=o_orderkey,o_custkey row_groups=544,545,546,547,548,549,550,551,552,553,554,555,556,557,558,559,560,561,562,563,564,565,566,567,568,569,570,571,572,573,574,575,576,577,578,579,580,581,582,583,584,585,586,587,588,589,590,591,592,593,594,595,596,597,598,599,600,601,602,603,604,605,606,607,608,609,610,611,612,613,614,615,616,617,618,619,620,621,622,623,624,625,626,627,628,629,630,631,632,633,634,635,636,637,638,639,640,641,642,643,644,645,646,647,648,649,650,651,652,653,654,655,656,657,658,659,660,661,662,663,664,665,666,667,668,669,670,671,672,673,674,675,676,677,678,679,680,681,682,683,684,685,686,687,688,689,690,691,692,693,694,695,696,697,698,699,700,701,702,703,704,705,706,707,708,709,710,711,712,713,714,715,716,717,718,719,720,721,722,723,724,725,726,727,728,729,730,731,732,733,734,735,736,737,738,739,740,741,742,743,744,745,746,747,748,749,750,751,752,753,754,755,756,757,758,759,760,761,762,763,764,765,766,767,768,769,770,771,772,773,774,775,776,777,778,779,780,781,782,783,784,785,786,787,788,789,790,791,792,793,794,795,796,797,798,799,800,801,802,803,804,805,806,807,808,809,810,811,812,813,814,815 compressed_bytes=312534295 uncompressed_bytes=536075072 column_bytes=o_orderkey:133602436:268037536,o_custkey:178931859:268037536 output_rows=33503638 output_columns=2 split_count=1 duration_us=580976
[2026-07-01 08:02:22.086] [info] [gpu_pipeline_task.cpp:311] [stage-audit] pipeline_id=24 task_id=236 operator_id=56 operator_name=GPU_SCAN stage_kind=SCAN operator_type=94 input_type=GPU_SCAN output_type=PIPELINEABLE actual_gpu=2 pipeline_operator_count=1 input_batches=0 input_rows=0 input_columns=0 input_bytes=0 output_batches=1 output_rows=33503638 output_columns=2 output_bytes=544434144 byte_ratio=0.000000 row_ratio=0.000000 duration_us=583217
[2026-07-01 08:02:22.087] [info] [task_creator.cpp:352] [locality-audit] task_create operator_id=58 input_bytes=544434144 local_bytes=544434144 gpu_source_bytes=544434144 host_source_bytes=0 disk_source_bytes=0 gpu_sources=1 host_sources=0 preferred_device=2
[2026-07-01 08:02:22.087] [info] [task_scheduler.cpp:367] [mgpu-audit] pipeline_task dispatched to GPU 2 task_id=242
[2026-07-01 08:02:22.087] [info] [task_scheduler.cpp:369] [locality-audit] dispatch task_id=242 preferred_device=2 actual_gpu=2
[2026-07-01 08:02:22.087] [info] [gpu_pipeline_task.cpp:182] [locality-audit] prepare_before pipeline_id=25 task_id=242 preferred_device=2 actual_gpu=2 target_tier=GPU target_device=2 input_bytes=544434144 local_bytes=544434144 remote_gpu_bytes=0 host_bytes=0 disk_bytes=0 batch_count=1
[2026-07-01 08:02:22.087] [info] [gpu_pipeline_task.cpp:182] [locality-audit] prepare_after pipeline_id=25 task_id=242 preferred_device=2 actual_gpu=2 target_tier=GPU target_device=2 input_bytes=544434144 local_bytes=544434144 remote_gpu_bytes=0 host_bytes=0 disk_bytes=0 batch_count=1
[2026-07-01 08:02:22.098] [info] [gpu_pipeline_task.cpp:311] [stage-audit] pipeline_id=25 task_id=241 operator_id=58 operator_name=PARTITION stage_kind=PARTITION operator_type=82 input_type=PIPELINEABLE output_type=PIPELINEABLE actual_gpu=3 pipeline_operator_count=1 input_batches=1 input_rows=33505046 input_columns=2 input_bytes=544457056 output_batches=4 output_rows=33505046 output_columns=8 output_bytes=536080736 byte_ratio=0.984615 row_ratio=1.000000 duration_us=20041
[2026-07-01 08:02:22.104] [info] [parquet_gpu_ingestible.cpp:696] [scan-audit] parquet_materialize target_gpu=0 files=/mnt/nvme/dataset/orders.parquet columns=o_orderkey,o_custkey row_groups=0,1,2,3,4,5,6,7,8,9,10,11,12,13,14,15,16,17,18,19,20,21,22,23,24,25,26,27,28,29,30,31,32,33,34,35,36,37,38,39,40,41,42,43,44,45,46,47,48,49,50,51,52,53,54,55,56,57,58,59,60,61,62,63,64,65,66,67,68,69,70,71,72,73,74,75,76,77,78,79,80,81,82,83,84,85,86,87,88,89,90,91,92,93,94,95,96,97,98,99,100,101,102,103,104,105,106,107,108,109,110,111,112,113,114,115,116,117,118,119,120,121,122,123,124,125,126,127,128,129,130,131,132,133,134,135,136,137,138,139,140,141,142,143,144,145,146,147,148,149,150,151,152,153,154,155,156,157,158,159,160,161,162,163,164,165,166,167,168,169,170,171,172,173,174,175,176,177,178,179,180,181,182,183,184,185,186,187,188,189,190,191,192,193,194,195,196,197,198,199,200,201,202,203,204,205,206,207,208,209,210,211,212,213,214,215,216,217,218,219,220,221,222,223,224,225,226,227,228,229,230,231,232,233,234,235,236,237,238,239,240,241,242,243,244,245,246,247,248,249,250,251,252,253,254,255,256,257,258,259,260,261,262,263,264,265,266,267,268,269,270,271 compressed_bytes=312995264 uncompressed_bytes=536858976 column_bytes=o_orderkey:133796967:268429488,o_custkey:179198297:268429488 output_rows=33552632 output_columns=2 split_count=1 duration_us=598575
[2026-07-01 08:02:22.104] [info] [gpu_pipeline_task.cpp:311] [stage-audit] pipeline_id=24 task_id=234 operator_id=56 operator_name=GPU_SCAN stage_kind=SCAN operator_type=94 input_type=GPU_SCAN output_type=PIPELINEABLE actual_gpu=0 pipeline_operator_count=1 input_batches=0 input_rows=0 input_columns=0 input_bytes=0 output_batches=1 output_rows=33552632 output_columns=2 output_bytes=545230336 byte_ratio=0.000000 row_ratio=0.000000 duration_us=600722
[2026-07-01 08:02:22.107] [info] [task_creator.cpp:352] [locality-audit] task_create operator_id=58 input_bytes=545230336 local_bytes=545230336 gpu_source_bytes=545230336 host_source_bytes=0 disk_source_bytes=0 gpu_sources=1 host_sources=0 preferred_device=0
[2026-07-01 08:02:22.107] [info] [task_scheduler.cpp:367] [mgpu-audit] pipeline_task dispatched to GPU 0 task_id=243
[2026-07-01 08:02:22.107] [info] [task_scheduler.cpp:369] [locality-audit] dispatch task_id=243 preferred_device=0 actual_gpu=0
[2026-07-01 08:02:22.107] [info] [gpu_pipeline_task.cpp:182] [locality-audit] prepare_before pipeline_id=25 task_id=243 preferred_device=0 actual_gpu=0 target_tier=GPU target_device=0 input_bytes=545230336 local_bytes=545230336 remote_gpu_bytes=0 host_bytes=0 disk_bytes=0 batch_count=1
[2026-07-01 08:02:22.107] [info] [gpu_pipeline_task.cpp:182] [locality-audit] prepare_after pipeline_id=25 task_id=243 preferred_device=0 actual_gpu=0 target_tier=GPU target_device=0 input_bytes=545230336 local_bytes=545230336 remote_gpu_bytes=0 host_bytes=0 disk_bytes=0 batch_count=1
[2026-07-01 08:02:22.109] [info] [gpu_pipeline_task.cpp:311] [stage-audit] pipeline_id=25 task_id=242 operator_id=58 operator_name=PARTITION stage_kind=PARTITION operator_type=82 input_type=PIPELINEABLE output_type=PIPELINEABLE actual_gpu=2 pipeline_operator_count=1 input_batches=1 input_rows=33503638 input_columns=2 input_bytes=544434144 output_batches=4 output_rows=33503638 output_columns=8 output_bytes=536058208 byte_ratio=0.984615 row_ratio=1.000000 duration_us=22075
[2026-07-01 08:02:22.120] [info] [gpu_pipeline_task.cpp:311] [stage-audit] pipeline_id=25 task_id=243 operator_id=58 operator_name=PARTITION stage_kind=PARTITION operator_type=82 input_type=PIPELINEABLE output_type=PIPELINEABLE actual_gpu=0 pipeline_operator_count=1 input_batches=1 input_rows=33552632 input_columns=2 input_bytes=545230336 output_batches=4 output_rows=33552632 output_columns=8 output_bytes=536842112 byte_ratio=0.984615 row_ratio=1.000000 duration_us=12483
[2026-07-01 08:02:22.120] [info] [task_scheduler.cpp:367] [mgpu-audit] pipeline_task dispatched to GPU 1 task_id=246
[2026-07-01 08:02:22.120] [info] [task_scheduler.cpp:369] [locality-audit] dispatch task_id=246 preferred_device=1 actual_gpu=1
[2026-07-01 08:02:22.120] [info] [task_scheduler.cpp:367] [mgpu-audit] pipeline_task dispatched to GPU 2 task_id=248
[2026-07-01 08:02:22.120] [info] [task_scheduler.cpp:369] [locality-audit] dispatch task_id=248 preferred_device=2 actual_gpu=2
[2026-07-01 08:02:22.120] [info] [task_scheduler.cpp:367] [mgpu-audit] pipeline_task dispatched to GPU 3 task_id=250
[2026-07-01 08:02:22.120] [info] [task_scheduler.cpp:369] [locality-audit] dispatch task_id=250 preferred_device=3 actual_gpu=3
[2026-07-01 08:02:22.120] [info] [task_scheduler.cpp:367] [mgpu-audit] pipeline_task dispatched to GPU 1 task_id=247
[2026-07-01 08:02:22.120] [info] [task_scheduler.cpp:369] [locality-audit] dispatch task_id=247 preferred_device=1 actual_gpu=1
[2026-07-01 08:02:22.120] [info] [task_scheduler.cpp:367] [mgpu-audit] pipeline_task dispatched to GPU 0 task_id=244
[2026-07-01 08:02:22.120] [info] [task_scheduler.cpp:369] [locality-audit] dispatch task_id=244 preferred_device=0 actual_gpu=0
[2026-07-01 08:02:22.120] [info] [task_scheduler.cpp:367] [mgpu-audit] pipeline_task dispatched to GPU 3 task_id=251
[2026-07-01 08:02:22.120] [info] [task_scheduler.cpp:369] [locality-audit] dispatch task_id=251 preferred_device=3 actual_gpu=3
[2026-07-01 08:02:22.120] [info] [task_scheduler.cpp:367] [mgpu-audit] pipeline_task dispatched to GPU 2 task_id=249
[2026-07-01 08:02:22.120] [info] [task_scheduler.cpp:369] [locality-audit] dispatch task_id=249 preferred_device=2 actual_gpu=2
[2026-07-01 08:02:22.120] [info] [task_scheduler.cpp:367] [mgpu-audit] pipeline_task dispatched to GPU 0 task_id=245
[2026-07-01 08:02:22.120] [info] [task_scheduler.cpp:369] [locality-audit] dispatch task_id=245 preferred_device=0 actual_gpu=0
[2026-07-01 08:02:22.120] [info] [gpu_pipeline_task.cpp:182] [locality-audit] prepare_before pipeline_id=26 task_id=246 preferred_device=1 actual_gpu=1 target_tier=GPU target_device=1 input_bytes=465717136 local_bytes=133977152 remote_gpu_bytes=331739984 host_bytes=0 disk_bytes=0 batch_count=4
[2026-07-01 08:02:22.120] [info] [gpu_pipeline_task.cpp:182] [locality-audit] prepare_before pipeline_id=26 task_id=247 preferred_device=1 actual_gpu=1 target_tier=GPU target_device=1 input_bytes=134214464 local_bytes=0 remote_gpu_bytes=134214464 host_bytes=0 disk_bytes=0 batch_count=1
[2026-07-01 08:02:22.120] [info] [gpu_pipeline_task.cpp:182] [locality-audit] prepare_before pipeline_id=26 task_id=244 preferred_device=0 actual_gpu=0 target_tier=GPU target_device=0 input_bytes=465818016 local_bytes=63727760 remote_gpu_bytes=402090256 host_bytes=0 disk_bytes=0 batch_count=4
[2026-07-01 08:02:22.120] [info] [gpu_pipeline_task.cpp:182] [locality-audit] prepare_before pipeline_id=26 task_id=248 preferred_device=2 actual_gpu=2 target_tier=GPU target_device=2 input_bytes=465654400 local_bytes=133957968 remote_gpu_bytes=331696432 host_bytes=0 disk_bytes=0 batch_count=4
[2026-07-01 08:02:22.120] [info] [gpu_pipeline_task.cpp:182] [locality-audit] prepare_before pipeline_id=26 task_id=249 preferred_device=2 actual_gpu=2 target_tier=GPU target_device=2 input_bytes=134237344 local_bytes=0 remote_gpu_bytes=134237344 host_bytes=0 disk_bytes=0 batch_count=1
[2026-07-01 08:02:22.120] [info] [gpu_pipeline_task.cpp:182] [locality-audit] prepare_before pipeline_id=26 task_id=245 preferred_device=0 actual_gpu=0 target_tier=GPU target_device=0 input_bytes=134157232 local_bytes=134157232 remote_gpu_bytes=0 host_bytes=0 disk_bytes=0 batch_count=1
[2026-07-01 08:02:22.120] [info] [gpu_pipeline_task.cpp:182] [locality-audit] prepare_after pipeline_id=26 task_id=245 preferred_device=0 actual_gpu=0 target_tier=GPU target_device=0 input_bytes=134157232 local_bytes=134157232 remote_gpu_bytes=0 host_bytes=0 disk_bytes=0 batch_count=1
[2026-07-01 08:02:22.120] [info] [gpu_pipeline_task.cpp:311] [stage-audit] pipeline_id=26 task_id=245 operator_id=57 operator_name=CONCAT stage_kind=CONCAT operator_type=83 input_type=PARTITIONED output_type=PARTITIONED actual_gpu=0 pipeline_operator_count=1 input_batches=1 input_rows=8384827 input_columns=2 input_bytes=134157232 output_batches=1 output_rows=8384827 output_columns=2 output_bytes=134157232 byte_ratio=1.000000 row_ratio=1.000000 duration_us=3
[2026-07-01 08:02:22.120] [info] [gpu_pipeline_task.cpp:182] [locality-audit] prepare_before pipeline_id=26 task_id=250 preferred_device=3 actual_gpu=3 target_tier=GPU target_device=3 input_bytes=465968336 local_bytes=134104608 remote_gpu_bytes=331863728 host_bytes=0 disk_bytes=0 batch_count=4
[2026-07-01 08:02:22.121] [info] [gpu_pipeline_task.cpp:182] [locality-audit] prepare_before pipeline_id=26 task_id=251 preferred_device=3 actual_gpu=3 target_tier=GPU target_device=3 input_bytes=134233072 local_bytes=0 remote_gpu_bytes=134233072 host_bytes=0 disk_bytes=0 batch_count=1
[2026-07-01 08:02:22.139] [info] [gpu_pipeline_task.cpp:182] [locality-audit] prepare_after pipeline_id=26 task_id=251 preferred_device=3 actual_gpu=3 target_tier=GPU target_device=3 input_bytes=134233072 local_bytes=134233072 remote_gpu_bytes=0 host_bytes=0 disk_bytes=0 batch_count=1
[2026-07-01 08:02:22.139] [info] [gpu_pipeline_task.cpp:311] [stage-audit] pipeline_id=26 task_id=251 operator_id=57 operator_name=CONCAT stage_kind=CONCAT operator_type=83 input_type=PARTITIONED output_type=PARTITIONED actual_gpu=3 pipeline_operator_count=1 input_batches=1 input_rows=8389567 input_columns=2 input_bytes=134233072 output_batches=1 output_rows=8389567 output_columns=2 output_bytes=134233072 byte_ratio=1.000000 row_ratio=1.000000 duration_us=2
[2026-07-01 08:02:22.140] [info] [gpu_pipeline_task.cpp:182] [locality-audit] prepare_after pipeline_id=26 task_id=247 preferred_device=1 actual_gpu=1 target_tier=GPU target_device=1 input_bytes=134214464 local_bytes=134214464 remote_gpu_bytes=0 host_bytes=0 disk_bytes=0 batch_count=1
[2026-07-01 08:02:22.140] [info] [gpu_pipeline_task.cpp:311] [stage-audit] pipeline_id=26 task_id=247 operator_id=57 operator_name=CONCAT stage_kind=CONCAT operator_type=83 input_type=PARTITIONED output_type=PARTITIONED actual_gpu=1 pipeline_operator_count=1 input_batches=1 input_rows=8388404 input_columns=2 input_bytes=134214464 output_batches=1 output_rows=8388404 output_columns=2 output_bytes=134214464 byte_ratio=1.000000 row_ratio=1.000000 duration_us=2
[2026-07-01 08:02:22.143] [info] [gpu_pipeline_task.cpp:182] [locality-audit] prepare_after pipeline_id=26 task_id=249 preferred_device=2 actual_gpu=2 target_tier=GPU target_device=2 input_bytes=134237344 local_bytes=134237344 remote_gpu_bytes=0 host_bytes=0 disk_bytes=0 batch_count=1
[2026-07-01 08:02:22.143] [info] [gpu_pipeline_task.cpp:311] [stage-audit] pipeline_id=26 task_id=249 operator_id=57 operator_name=CONCAT stage_kind=CONCAT operator_type=83 input_type=PARTITIONED output_type=PARTITIONED actual_gpu=2 pipeline_operator_count=1 input_batches=1 input_rows=8389834 input_columns=2 input_bytes=134237344 output_batches=1 output_rows=8389834 output_columns=2 output_bytes=134237344 byte_ratio=1.000000 row_ratio=1.000000 duration_us=2
[2026-07-01 08:02:22.147] [info] [gpu_pipeline_task.cpp:182] [locality-audit] prepare_after pipeline_id=26 task_id=246 preferred_device=1 actual_gpu=1 target_tier=GPU target_device=1 input_bytes=465717136 local_bytes=465717136 remote_gpu_bytes=0 host_bytes=0 disk_bytes=0 batch_count=4
[2026-07-01 08:02:22.154] [info] [gpu_pipeline_task.cpp:182] [locality-audit] prepare_after pipeline_id=26 task_id=244 preferred_device=0 actual_gpu=0 target_tier=GPU target_device=0 input_bytes=465818016 local_bytes=465818016 remote_gpu_bytes=0 host_bytes=0 disk_bytes=0 batch_count=4
[2026-07-01 08:02:22.156] [info] [gpu_pipeline_task.cpp:182] [locality-audit] prepare_after pipeline_id=26 task_id=248 preferred_device=2 actual_gpu=2 target_tier=GPU target_device=2 input_bytes=465654400 local_bytes=465654400 remote_gpu_bytes=0 host_bytes=0 disk_bytes=0 batch_count=4
[2026-07-01 08:02:22.159] [info] [gpu_pipeline_task.cpp:311] [stage-audit] pipeline_id=26 task_id=246 operator_id=57 operator_name=CONCAT stage_kind=CONCAT operator_type=83 input_type=PARTITIONED output_type=PARTITIONED actual_gpu=1 pipeline_operator_count=1 input_batches=4 input_rows=29107321 input_columns=8 input_bytes=465717136 output_batches=1 output_rows=29107321 output_columns=2 output_bytes=465717136 byte_ratio=1.000000 row_ratio=1.000000 duration_us=11655
[2026-07-01 08:02:22.164] [info] [gpu_pipeline_task.cpp:311] [stage-audit] pipeline_id=26 task_id=244 operator_id=57 operator_name=CONCAT stage_kind=CONCAT operator_type=83 input_type=PARTITIONED output_type=PARTITIONED actual_gpu=0 pipeline_operator_count=1 input_batches=4 input_rows=29113626 input_columns=8 input_bytes=465818016 output_batches=1 output_rows=29113626 output_columns=2 output_bytes=465818016 byte_ratio=1.000000 row_ratio=1.000000 duration_us=10289
[2026-07-01 08:02:22.168] [info] [gpu_pipeline_task.cpp:311] [stage-audit] pipeline_id=26 task_id=248 operator_id=57 operator_name=CONCAT stage_kind=CONCAT operator_type=83 input_type=PARTITIONED output_type=PARTITIONED actual_gpu=2 pipeline_operator_count=1 input_batches=4 input_rows=29103400 input_columns=8 input_bytes=465654400 output_batches=1 output_rows=29103400 output_columns=2 output_bytes=465654400 byte_ratio=1.000000 row_ratio=1.000000 duration_us=11576
[2026-07-01 08:02:22.174] [info] [gpu_pipeline_task.cpp:182] [locality-audit] prepare_after pipeline_id=26 task_id=250 preferred_device=3 actual_gpu=3 target_tier=GPU target_device=3 input_bytes=465968336 local_bytes=465968336 remote_gpu_bytes=0 host_bytes=0 disk_bytes=0 batch_count=4
[2026-07-01 08:02:22.185] [info] [gpu_pipeline_task.cpp:311] [stage-audit] pipeline_id=26 task_id=250 operator_id=57 operator_name=CONCAT stage_kind=CONCAT operator_type=83 input_type=PARTITIONED output_type=PARTITIONED actual_gpu=3 pipeline_operator_count=1 input_batches=4 input_rows=29123021 input_columns=8 input_bytes=465968336 output_batches=1 output_rows=29123021 output_columns=2 output_bytes=465968336 byte_ratio=1.000000 row_ratio=1.000000 duration_us=10482
[2026-07-01 08:02:22.185] [info] [task_scheduler.cpp:367] [mgpu-audit] pipeline_task dispatched to GPU 0 task_id=252
[2026-07-01 08:02:22.185] [info] [task_scheduler.cpp:369] [locality-audit] dispatch task_id=252 preferred_device=0 actual_gpu=0
[2026-07-01 08:02:22.185] [info] [task_scheduler.cpp:367] [mgpu-audit] pipeline_task dispatched to GPU 0 task_id=253
[2026-07-01 08:02:22.185] [info] [task_scheduler.cpp:369] [locality-audit] dispatch task_id=253 preferred_device=0 actual_gpu=0
[2026-07-01 08:02:22.185] [info] [task_scheduler.cpp:367] [mgpu-audit] pipeline_task dispatched to GPU 1 task_id=254
[2026-07-01 08:02:22.185] [info] [task_scheduler.cpp:369] [locality-audit] dispatch task_id=254 preferred_device=1 actual_gpu=1
[2026-07-01 08:02:22.185] [info] [task_scheduler.cpp:367] [mgpu-audit] pipeline_task dispatched to GPU 1 task_id=255
[2026-07-01 08:02:22.185] [info] [task_scheduler.cpp:369] [locality-audit] dispatch task_id=255 preferred_device=1 actual_gpu=1
[2026-07-01 08:02:22.185] [info] [task_scheduler.cpp:367] [mgpu-audit] pipeline_task dispatched to GPU 2 task_id=256
[2026-07-01 08:02:22.185] [info] [task_scheduler.cpp:369] [locality-audit] dispatch task_id=256 preferred_device=2 actual_gpu=2
[2026-07-01 08:02:22.185] [info] [task_scheduler.cpp:367] [mgpu-audit] pipeline_task dispatched to GPU 2 task_id=257
[2026-07-01 08:02:22.185] [info] [task_scheduler.cpp:369] [locality-audit] dispatch task_id=257 preferred_device=2 actual_gpu=2
[2026-07-01 08:02:22.185] [info] [task_scheduler.cpp:367] [mgpu-audit] pipeline_task dispatched to GPU 3 task_id=258
[2026-07-01 08:02:22.185] [info] [task_scheduler.cpp:369] [locality-audit] dispatch task_id=258 preferred_device=3 actual_gpu=3
[2026-07-01 08:02:22.185] [info] [task_scheduler.cpp:367] [mgpu-audit] pipeline_task dispatched to GPU 3 task_id=259
[2026-07-01 08:02:22.185] [info] [task_scheduler.cpp:369] [locality-audit] dispatch task_id=259 preferred_device=3 actual_gpu=3
[2026-07-01 08:02:22.185] [info] [gpu_pipeline_task.cpp:182] [locality-audit] prepare_before pipeline_id=27 task_id=252 preferred_device=0 actual_gpu=0 target_tier=GPU target_device=0 input_bytes=283672427 local_bytes=283672427 remote_gpu_bytes=0 host_bytes=0 disk_bytes=0 batch_count=2
[2026-07-01 08:02:22.185] [info] [gpu_pipeline_task.cpp:182] [locality-audit] prepare_before pipeline_id=27 task_id=253 preferred_device=0 actual_gpu=0 target_tier=GPU target_device=0 input_bytes=615333211 local_bytes=615333211 remote_gpu_bytes=0 host_bytes=0 disk_bytes=0 batch_count=2
[2026-07-01 08:02:22.185] [info] [gpu_pipeline_task.cpp:182] [locality-audit] prepare_after pipeline_id=27 task_id=252 preferred_device=0 actual_gpu=0 target_tier=GPU target_device=0 input_bytes=283672427 local_bytes=283672427 remote_gpu_bytes=0 host_bytes=0 disk_bytes=0 batch_count=2
[2026-07-01 08:02:22.185] [info] [gpu_pipeline_task.cpp:182] [locality-audit] prepare_before pipeline_id=27 task_id=254 preferred_device=1 actual_gpu=1 target_tier=GPU target_device=1 input_bytes=283771380 local_bytes=283771380 remote_gpu_bytes=0 host_bytes=0 disk_bytes=0 batch_count=2
[2026-07-01 08:02:22.185] [info] [gpu_pipeline_task.cpp:182] [locality-audit] prepare_before pipeline_id=27 task_id=257 preferred_device=2 actual_gpu=2 target_tier=GPU target_device=2 input_bytes=615192763 local_bytes=615192763 remote_gpu_bytes=0 host_bytes=0 disk_bytes=0 batch_count=2
[2026-07-01 08:02:22.185] [info] [gpu_pipeline_task.cpp:182] [locality-audit] prepare_before pipeline_id=27 task_id=258 preferred_device=3 actual_gpu=3 target_tier=GPU target_device=3 input_bytes=283923198 local_bytes=283923198 remote_gpu_bytes=0 host_bytes=0 disk_bytes=0 batch_count=2
[2026-07-01 08:02:22.185] [info] [gpu_pipeline_task.cpp:182] [locality-audit] prepare_before pipeline_id=27 task_id=256 preferred_device=2 actual_gpu=2 target_tier=GPU target_device=2 input_bytes=283775707 local_bytes=283775707 remote_gpu_bytes=0 host_bytes=0 disk_bytes=0 batch_count=2
[2026-07-01 08:02:22.185] [info] [gpu_pipeline_task.cpp:182] [locality-audit] prepare_after pipeline_id=27 task_id=254 preferred_device=1 actual_gpu=1 target_tier=GPU target_device=1 input_bytes=283771380 local_bytes=283771380 remote_gpu_bytes=0 host_bytes=0 disk_bytes=0 batch_count=2
[2026-07-01 08:02:22.185] [info] [gpu_pipeline_task.cpp:182] [locality-audit] prepare_before pipeline_id=27 task_id=255 preferred_device=1 actual_gpu=1 target_tier=GPU target_device=1 input_bytes=615274052 local_bytes=615274052 remote_gpu_bytes=0 host_bytes=0 disk_bytes=0 batch_count=2
[2026-07-01 08:02:22.185] [info] [gpu_pipeline_task.cpp:182] [locality-audit] prepare_before pipeline_id=27 task_id=259 preferred_device=3 actual_gpu=3 target_tier=GPU target_device=3 input_bytes=615658462 local_bytes=615658462 remote_gpu_bytes=0 host_bytes=0 disk_bytes=0 batch_count=2
[2026-07-01 08:02:22.185] [info] [gpu_pipeline_task.cpp:182] [locality-audit] prepare_after pipeline_id=27 task_id=253 preferred_device=0 actual_gpu=0 target_tier=GPU target_device=0 input_bytes=615333211 local_bytes=615333211 remote_gpu_bytes=0 host_bytes=0 disk_bytes=0 batch_count=2
[2026-07-01 08:02:22.185] [info] [gpu_pipeline_task.cpp:182] [locality-audit] prepare_after pipeline_id=27 task_id=257 preferred_device=2 actual_gpu=2 target_tier=GPU target_device=2 input_bytes=615192763 local_bytes=615192763 remote_gpu_bytes=0 host_bytes=0 disk_bytes=0 batch_count=2
[2026-07-01 08:02:22.185] [info] [gpu_pipeline_task.cpp:182] [locality-audit] prepare_after pipeline_id=27 task_id=256 preferred_device=2 actual_gpu=2 target_tier=GPU target_device=2 input_bytes=283775707 local_bytes=283775707 remote_gpu_bytes=0 host_bytes=0 disk_bytes=0 batch_count=2
[2026-07-01 08:02:22.185] [info] [gpu_pipeline_task.cpp:182] [locality-audit] prepare_after pipeline_id=27 task_id=259 preferred_device=3 actual_gpu=3 target_tier=GPU target_device=3 input_bytes=615658462 local_bytes=615658462 remote_gpu_bytes=0 host_bytes=0 disk_bytes=0 batch_count=2
[2026-07-01 08:02:22.185] [info] [gpu_pipeline_task.cpp:182] [locality-audit] prepare_after pipeline_id=27 task_id=258 preferred_device=3 actual_gpu=3 target_tier=GPU target_device=3 input_bytes=283923198 local_bytes=283923198 remote_gpu_bytes=0 host_bytes=0 disk_bytes=0 batch_count=2
[2026-07-01 08:02:22.185] [info] [gpu_pipeline_task.cpp:182] [locality-audit] prepare_after pipeline_id=27 task_id=255 preferred_device=1 actual_gpu=1 target_tier=GPU target_device=1 input_bytes=615274052 local_bytes=615274052 remote_gpu_bytes=0 host_bytes=0 disk_bytes=0 batch_count=2
[2026-07-01 08:02:22.218] [info] [gpu_pipeline_task.cpp:311] [stage-audit] pipeline_id=27 task_id=259 operator_id=24 operator_name=HASH_JOIN stage_kind=JOIN operator_type=33 input_type=PARTITIONED output_type=PIPELINEABLE actual_gpu=3 pipeline_operator_count=1 input_batches=2 input_rows=32774407 input_columns=7 input_bytes=615658462 output_batches=1 output_rows=2835552 output_columns=5 output_bytes=116240508 byte_ratio=0.188807 row_ratio=0.086517 duration_us=32491
[2026-07-01 08:02:22.218] [info] [task_scheduler.cpp:367] [mgpu-audit] pipeline_task dispatched to GPU 1 task_id=260
[2026-07-01 08:02:22.218] [info] [task_scheduler.cpp:369] [locality-audit] dispatch task_id=260 preferred_device=1 actual_gpu=1
[2026-07-01 08:02:22.218] [info] [gpu_pipeline_task.cpp:311] [stage-audit] pipeline_id=27 task_id=252 operator_id=24 operator_name=HASH_JOIN stage_kind=JOIN operator_type=33 input_type=PARTITIONED output_type=PIPELINEABLE actual_gpu=0 pipeline_operator_count=1 input_batches=2 input_rows=12032182 input_columns=7 input_bytes=283672427 output_batches=1 output_rows=815447 output_columns=5 output_bytes=33418863 byte_ratio=0.117808 row_ratio=0.067772 duration_us=33087
[2026-07-01 08:02:22.219] [info] [gpu_pipeline_task.cpp:311] [stage-audit] pipeline_id=27 task_id=254 operator_id=24 operator_name=HASH_JOIN stage_kind=JOIN operator_type=33 input_type=PARTITIONED output_type=PIPELINEABLE actual_gpu=1 pipeline_operator_count=1 input_batches=2 input_rows=12036572 input_columns=7 input_bytes=283771380 output_batches=1 output_rows=816402 output_columns=5 output_bytes=33463982 byte_ratio=0.117926 row_ratio=0.067827 duration_us=33210
[2026-07-01 08:02:22.219] [info] [gpu_pipeline_task.cpp:311] [stage-audit] pipeline_id=27 task_id=258 operator_id=24 operator_name=HASH_JOIN stage_kind=JOIN operator_type=33 input_type=PARTITIONED output_type=PIPELINEABLE actual_gpu=3 pipeline_operator_count=1 input_batches=2 input_rows=12040953 input_columns=7 input_bytes=283923198 output_batches=1 output_rows=815834 output_columns=5 output_bytes=33449622 byte_ratio=0.117812 row_ratio=0.067755 duration_us=33828
[2026-07-01 08:02:22.220] [warning] [:] uring_reactor: device short read, retrying tail. slot=0 file_off=0 io_size=4096 bytes_read=2437 this_rd=2437
[2026-07-01 08:02:22.220] [info] [gpu_pipeline_task.cpp:311] [stage-audit] pipeline_id=27 task_id=255 operator_id=24 operator_name=HASH_JOIN stage_kind=JOIN operator_type=33 input_type=PARTITIONED output_type=PIPELINEABLE actual_gpu=1 pipeline_operator_count=1 input_batches=2 input_rows=32755489 input_columns=7 input_bytes=615274052 output_batches=1 output_rows=2831766 output_columns=5 output_bytes=116092938 byte_ratio=0.188685 row_ratio=0.086452 duration_us=34658
[2026-07-01 08:02:22.220] [info] [gpu_pipeline_task.cpp:311] [stage-audit] pipeline_id=27 task_id=253 operator_id=24 operator_name=HASH_JOIN stage_kind=JOIN operator_type=33 input_type=PARTITIONED output_type=PIPELINEABLE actual_gpu=0 pipeline_operator_count=1 input_batches=2 input_rows=32760981 input_columns=7 input_bytes=615333211 output_batches=1 output_rows=2831908 output_columns=5 output_bytes=116096336 byte_ratio=0.188672 row_ratio=0.086441 duration_us=34983
[2026-07-01 08:02:22.220] [info] [gpu_pipeline_task.cpp:311] [stage-audit] pipeline_id=27 task_id=257 operator_id=24 operator_name=HASH_JOIN stage_kind=JOIN operator_type=33 input_type=PARTITIONED output_type=PIPELINEABLE actual_gpu=2 pipeline_operator_count=1 input_batches=2 input_rows=32751451 input_columns=7 input_bytes=615192763 output_batches=1 output_rows=2832207 output_columns=5 output_bytes=116095399 byte_ratio=0.188714 row_ratio=0.086476 duration_us=35071
[2026-07-01 08:02:22.222] [info] [gpu_pipeline_task.cpp:311] [stage-audit] pipeline_id=27 task_id=256 operator_id=24 operator_name=HASH_JOIN stage_kind=JOIN operator_type=33 input_type=PARTITIONED output_type=PIPELINEABLE actual_gpu=2 pipeline_operator_count=1 input_batches=2 input_rows=12037885 input_columns=7 input_bytes=283775707 output_batches=1 output_rows=815844 output_columns=5 output_bytes=33442968 byte_ratio=0.117850 row_ratio=0.067773 duration_us=36273
[2026-07-01 08:02:22.225] [info] [parquet_gpu_ingestible.cpp:696] [scan-audit] parquet_materialize target_gpu=1 files=/mnt/nvme/dataset/nation.parquet columns=n_nationkey,n_name row_groups=0 compressed_bytes=398 uncompressed_bytes=427 column_bytes=n_nationkey:125:125,n_name:273:302 output_rows=25 output_columns=2 split_count=1 duration_us=6954
[2026-07-01 08:02:22.225] [info] [gpu_pipeline_task.cpp:311] [stage-audit] pipeline_id=15 task_id=260 operator_id=48 operator_name=GPU_SCAN stage_kind=SCAN operator_type=94 input_type=GPU_SCAN output_type=PIPELINEABLE actual_gpu=1 pipeline_operator_count=2 input_batches=0 input_rows=0 input_columns=0 input_bytes=0 output_batches=1 output_rows=25 output_columns=2 output_bytes=509 byte_ratio=0.000000 row_ratio=0.000000 duration_us=6996
[2026-07-01 08:02:22.227] [info] [gpu_pipeline_task.cpp:311] [stage-audit] pipeline_id=15 task_id=260 operator_id=27 operator_name=FILTER stage_kind=FILTER operator_type=12 input_type=PIPELINEABLE output_type=PIPELINEABLE actual_gpu=1 pipeline_operator_count=2 input_batches=1 input_rows=25 input_columns=2 input_bytes=509 output_batches=1 output_rows=2 output_columns=2 output_bytes=166 byte_ratio=0.326130 row_ratio=0.080000 duration_us=1955
[2026-07-01 08:02:22.227] [info] [task_creator.cpp:352] [locality-audit] task_create operator_id=50 input_bytes=166 local_bytes=166 gpu_source_bytes=166 host_source_bytes=0 disk_source_bytes=0 gpu_sources=1 host_sources=0 preferred_device=1
[2026-07-01 08:02:22.228] [info] [task_scheduler.cpp:367] [mgpu-audit] pipeline_task dispatched to GPU 1 task_id=261
[2026-07-01 08:02:22.228] [info] [task_scheduler.cpp:369] [locality-audit] dispatch task_id=261 preferred_device=1 actual_gpu=1
[2026-07-01 08:02:22.228] [info] [gpu_pipeline_task.cpp:182] [locality-audit] prepare_before pipeline_id=16 task_id=261 preferred_device=1 actual_gpu=1 target_tier=GPU target_device=1 input_bytes=166 local_bytes=166 remote_gpu_bytes=0 host_bytes=0 disk_bytes=0 batch_count=1
[2026-07-01 08:02:22.228] [info] [gpu_pipeline_task.cpp:182] [locality-audit] prepare_after pipeline_id=16 task_id=261 preferred_device=1 actual_gpu=1 target_tier=GPU target_device=1 input_bytes=166 local_bytes=166 remote_gpu_bytes=0 host_bytes=0 disk_bytes=0 batch_count=1
[2026-07-01 08:02:22.228] [info] [gpu_pipeline_task.cpp:311] [stage-audit] pipeline_id=16 task_id=261 operator_id=50 operator_name=PARTITION stage_kind=PARTITION operator_type=82 input_type=PIPELINEABLE output_type=PIPELINEABLE actual_gpu=1 pipeline_operator_count=1 input_batches=1 input_rows=2 input_columns=2 input_bytes=166 output_batches=1 output_rows=2 output_columns=2 output_bytes=166 byte_ratio=1.000000 row_ratio=1.000000 duration_us=9
[2026-07-01 08:02:22.228] [info] [task_scheduler.cpp:367] [mgpu-audit] pipeline_task dispatched to GPU 0 task_id=262
[2026-07-01 08:02:22.228] [info] [task_scheduler.cpp:369] [locality-audit] dispatch task_id=262 preferred_device=0 actual_gpu=0
[2026-07-01 08:02:22.228] [info] [gpu_pipeline_task.cpp:182] [locality-audit] prepare_before pipeline_id=17 task_id=262 preferred_device=0 actual_gpu=0 target_tier=GPU target_device=0 input_bytes=166 local_bytes=0 remote_gpu_bytes=166 host_bytes=0 disk_bytes=0 batch_count=1
[2026-07-01 08:02:22.228] [info] [gpu_pipeline_task.cpp:182] [locality-audit] prepare_after pipeline_id=17 task_id=262 preferred_device=0 actual_gpu=0 target_tier=GPU target_device=0 input_bytes=166 local_bytes=166 remote_gpu_bytes=0 host_bytes=0 disk_bytes=0 batch_count=1
[2026-07-01 08:02:22.228] [info] [gpu_pipeline_task.cpp:311] [stage-audit] pipeline_id=17 task_id=262 operator_id=49 operator_name=CONCAT stage_kind=CONCAT operator_type=83 input_type=PARTITIONED output_type=PARTITIONED actual_gpu=0 pipeline_operator_count=1 input_batches=1 input_rows=2 input_columns=2 input_bytes=166 output_batches=1 output_rows=2 output_columns=2 output_bytes=166 byte_ratio=1.000000 row_ratio=1.000000 duration_us=2
[2026-07-01 08:02:22.228] [info] [task_scheduler.cpp:367] [mgpu-audit] pipeline_task dispatched to GPU 3 task_id=263
[2026-07-01 08:02:22.228] [info] [task_scheduler.cpp:369] [locality-audit] dispatch task_id=263 preferred_device=3 actual_gpu=3
[2026-07-01 08:02:22.287] [info] [parquet_gpu_ingestible.cpp:696] [scan-audit] parquet_materialize target_gpu=3 files=/mnt/nvme/dataset/customer.parquet columns=c_custkey,c_nationkey row_groups=0,1,2,3,4,5,6,7,8,9,10,11,12,13,14,15,16,17,18,19,20,21,22,23,24,25,26,27,28,29,30,31,32,33,34,35,36,37,38,39,40,41,42,43,44,45,46,47,48,49,50,51,52,53,54,55,56,57,58,59,60,61,62,63,64,65,66,67,68,69,70,71,72,73,74,75,76,77,78,79,80,81,82,83,84,85,86,87,88,89,90,91,92,93,94,95,96,97,98,99,100,101,102,103,104,105,106,107,108,109,110,111,112,113,114,115,116,117,118,119,120,121 compressed_bytes=69499698 uncompressed_bytes=129460031 column_bytes=c_custkey:60042225:120003782,c_nationkey:9457473:9456249 output_rows=15000000 output_columns=2 split_count=1 duration_us=58094
[2026-07-01 08:02:22.287] [info] [gpu_pipeline_task.cpp:311] [stage-audit] pipeline_id=18 task_id=263 operator_id=51 operator_name=GPU_SCAN stage_kind=SCAN operator_type=94 input_type=GPU_SCAN output_type=PIPELINEABLE actual_gpu=3 pipeline_operator_count=1 input_batches=0 input_rows=0 input_columns=0 input_bytes=0 output_batches=1 output_rows=15000000 output_columns=2 output_bytes=183750016 byte_ratio=0.000000 row_ratio=0.000000 duration_us=58385
[2026-07-01 08:02:22.287] [info] [task_creator.cpp:352] [locality-audit] task_create operator_id=53 input_bytes=183750016 local_bytes=183750016 gpu_source_bytes=183750016 host_source_bytes=0 disk_source_bytes=0 gpu_sources=1 host_sources=0 preferred_device=3
[2026-07-01 08:02:22.287] [info] [task_scheduler.cpp:367] [mgpu-audit] pipeline_task dispatched to GPU 3 task_id=264
[2026-07-01 08:02:22.287] [info] [task_scheduler.cpp:369] [locality-audit] dispatch task_id=264 preferred_device=3 actual_gpu=3
[2026-07-01 08:02:22.287] [info] [gpu_pipeline_task.cpp:182] [locality-audit] prepare_before pipeline_id=19 task_id=264 preferred_device=3 actual_gpu=3 target_tier=GPU target_device=3 input_bytes=183750016 local_bytes=183750016 remote_gpu_bytes=0 host_bytes=0 disk_bytes=0 batch_count=1
[2026-07-01 08:02:22.288] [info] [gpu_pipeline_task.cpp:182] [locality-audit] prepare_after pipeline_id=19 task_id=264 preferred_device=3 actual_gpu=3 target_tier=GPU target_device=3 input_bytes=183750016 local_bytes=183750016 remote_gpu_bytes=0 host_bytes=0 disk_bytes=0 batch_count=1
[2026-07-01 08:02:22.288] [info] [gpu_pipeline_task.cpp:311] [stage-audit] pipeline_id=19 task_id=264 operator_id=53 operator_name=PARTITION stage_kind=PARTITION operator_type=82 input_type=PIPELINEABLE output_type=PIPELINEABLE actual_gpu=3 pipeline_operator_count=1 input_batches=1 input_rows=15000000 input_columns=2 input_bytes=183750016 output_batches=1 output_rows=15000000 output_columns=2 output_bytes=183750016 byte_ratio=1.000000 row_ratio=1.000000 duration_us=16
[2026-07-01 08:02:22.288] [info] [task_scheduler.cpp:367] [mgpu-audit] pipeline_task dispatched to GPU 0 task_id=265
[2026-07-01 08:02:22.288] [info] [task_scheduler.cpp:369] [locality-audit] dispatch task_id=265 preferred_device=0 actual_gpu=0
[2026-07-01 08:02:22.288] [info] [gpu_pipeline_task.cpp:182] [locality-audit] prepare_before pipeline_id=20 task_id=265 preferred_device=0 actual_gpu=0 target_tier=GPU target_device=0 input_bytes=183750016 local_bytes=0 remote_gpu_bytes=183750016 host_bytes=0 disk_bytes=0 batch_count=1
[2026-07-01 08:02:22.297] [info] [gpu_pipeline_task.cpp:182] [locality-audit] prepare_after pipeline_id=20 task_id=265 preferred_device=0 actual_gpu=0 target_tier=GPU target_device=0 input_bytes=183750016 local_bytes=183750016 remote_gpu_bytes=0 host_bytes=0 disk_bytes=0 batch_count=1
[2026-07-01 08:02:22.297] [info] [gpu_pipeline_task.cpp:311] [stage-audit] pipeline_id=20 task_id=265 operator_id=52 operator_name=CONCAT stage_kind=CONCAT operator_type=83 input_type=PARTITIONED output_type=PARTITIONED actual_gpu=0 pipeline_operator_count=1 input_batches=1 input_rows=15000000 input_columns=2 input_bytes=183750016 output_batches=1 output_rows=15000000 output_columns=2 output_bytes=183750016 byte_ratio=1.000000 row_ratio=1.000000 duration_us=2
[2026-07-01 08:02:22.297] [info] [task_scheduler.cpp:367] [mgpu-audit] pipeline_task dispatched to GPU 0 task_id=266
[2026-07-01 08:02:22.297] [info] [task_scheduler.cpp:369] [locality-audit] dispatch task_id=266 preferred_device=0 actual_gpu=0
[2026-07-01 08:02:22.297] [info] [gpu_pipeline_task.cpp:182] [locality-audit] prepare_before pipeline_id=21 task_id=266 preferred_device=0 actual_gpu=0 target_tier=GPU target_device=0 input_bytes=183750182 local_bytes=183750182 remote_gpu_bytes=0 host_bytes=0 disk_bytes=0 batch_count=2
[2026-07-01 08:02:22.297] [info] [gpu_pipeline_task.cpp:182] [locality-audit] prepare_after pipeline_id=21 task_id=266 preferred_device=0 actual_gpu=0 target_tier=GPU target_device=0 input_bytes=183750182 local_bytes=183750182 remote_gpu_bytes=0 host_bytes=0 disk_bytes=0 batch_count=2
[2026-07-01 08:02:22.303] [info] [gpu_pipeline_task.cpp:311] [stage-audit] pipeline_id=21 task_id=266 operator_id=28 operator_name=HASH_JOIN stage_kind=JOIN operator_type=33 input_type=PARTITIONED output_type=PIPELINEABLE actual_gpu=0 pipeline_operator_count=1 input_batches=2 input_rows=15000002 input_columns=4 input_bytes=183750182 output_batches=1 output_rows=1200734 output_columns=2 output_bytes=25510578 byte_ratio=0.138833 row_ratio=0.080049 duration_us=5593
[2026-07-01 08:02:22.303] [info] [task_creator.cpp:352] [locality-audit] task_create operator_id=55 input_bytes=25510578 local_bytes=25510578 gpu_source_bytes=25510578 host_source_bytes=0 disk_source_bytes=0 gpu_sources=1 host_sources=0 preferred_device=0
[2026-07-01 08:02:22.303] [info] [task_scheduler.cpp:367] [mgpu-audit] pipeline_task dispatched to GPU 0 task_id=267
[2026-07-01 08:02:22.303] [info] [task_scheduler.cpp:369] [locality-audit] dispatch task_id=267 preferred_device=0 actual_gpu=0
[2026-07-01 08:02:22.303] [info] [gpu_pipeline_task.cpp:182] [locality-audit] prepare_before pipeline_id=22 task_id=267 preferred_device=0 actual_gpu=0 target_tier=GPU target_device=0 input_bytes=25510578 local_bytes=25510578 remote_gpu_bytes=0 host_bytes=0 disk_bytes=0 batch_count=1
[2026-07-01 08:02:22.303] [info] [gpu_pipeline_task.cpp:182] [locality-audit] prepare_after pipeline_id=22 task_id=267 preferred_device=0 actual_gpu=0 target_tier=GPU target_device=0 input_bytes=25510578 local_bytes=25510578 remote_gpu_bytes=0 host_bytes=0 disk_bytes=0 batch_count=1
[2026-07-01 08:02:22.303] [info] [gpu_pipeline_task.cpp:311] [stage-audit] pipeline_id=22 task_id=267 operator_id=55 operator_name=PARTITION stage_kind=PARTITION operator_type=82 input_type=PIPELINEABLE output_type=PIPELINEABLE actual_gpu=0 pipeline_operator_count=1 input_batches=1 input_rows=1200734 input_columns=2 input_bytes=25510578 output_batches=1 output_rows=1200734 output_columns=2 output_bytes=25510578 byte_ratio=1.000000 row_ratio=1.000000 duration_us=2
[2026-07-01 08:02:22.303] [info] [task_scheduler.cpp:367] [mgpu-audit] pipeline_task dispatched to GPU 0 task_id=268
[2026-07-01 08:02:22.303] [info] [task_scheduler.cpp:369] [locality-audit] dispatch task_id=268 preferred_device=0 actual_gpu=0
[2026-07-01 08:02:22.303] [info] [gpu_pipeline_task.cpp:182] [locality-audit] prepare_before pipeline_id=23 task_id=268 preferred_device=0 actual_gpu=0 target_tier=GPU target_device=0 input_bytes=25510578 local_bytes=25510578 remote_gpu_bytes=0 host_bytes=0 disk_bytes=0 batch_count=1
[2026-07-01 08:02:22.303] [info] [gpu_pipeline_task.cpp:182] [locality-audit] prepare_after pipeline_id=23 task_id=268 preferred_device=0 actual_gpu=0 target_tier=GPU target_device=0 input_bytes=25510578 local_bytes=25510578 remote_gpu_bytes=0 host_bytes=0 disk_bytes=0 batch_count=1
[2026-07-01 08:02:22.303] [info] [gpu_pipeline_task.cpp:311] [stage-audit] pipeline_id=23 task_id=268 operator_id=54 operator_name=CONCAT stage_kind=CONCAT operator_type=83 input_type=PARTITIONED output_type=PARTITIONED actual_gpu=0 pipeline_operator_count=1 input_batches=1 input_rows=1200734 input_columns=2 input_bytes=25510578 output_batches=1 output_rows=1200734 output_columns=2 output_bytes=25510578 byte_ratio=1.000000 row_ratio=1.000000 duration_us=4
[2026-07-01 08:02:22.303] [info] [task_creator.cpp:352] [locality-audit] task_create operator_id=60 input_bytes=116240508 local_bytes=116240508 gpu_source_bytes=116240508 host_source_bytes=0 disk_source_bytes=0 gpu_sources=1 host_sources=0 preferred_device=3
[2026-07-01 08:02:22.303] [info] [task_creator.cpp:352] [locality-audit] task_create operator_id=60 input_bytes=33418863 local_bytes=33418863 gpu_source_bytes=33418863 host_source_bytes=0 disk_source_bytes=0 gpu_sources=1 host_sources=0 preferred_device=0
[2026-07-01 08:02:22.303] [info] [task_scheduler.cpp:367] [mgpu-audit] pipeline_task dispatched to GPU 3 task_id=269
[2026-07-01 08:02:22.303] [info] [task_scheduler.cpp:369] [locality-audit] dispatch task_id=269 preferred_device=3 actual_gpu=3
[2026-07-01 08:02:22.303] [info] [task_creator.cpp:352] [locality-audit] task_create operator_id=60 input_bytes=33463982 local_bytes=33463982 gpu_source_bytes=33463982 host_source_bytes=0 disk_source_bytes=0 gpu_sources=1 host_sources=0 preferred_device=1
[2026-07-01 08:02:22.303] [info] [task_scheduler.cpp:367] [mgpu-audit] pipeline_task dispatched to GPU 0 task_id=270
[2026-07-01 08:02:22.303] [info] [task_scheduler.cpp:369] [locality-audit] dispatch task_id=270 preferred_device=0 actual_gpu=0
[2026-07-01 08:02:22.303] [info] [task_creator.cpp:352] [locality-audit] task_create operator_id=60 input_bytes=33449622 local_bytes=33449622 gpu_source_bytes=33449622 host_source_bytes=0 disk_source_bytes=0 gpu_sources=1 host_sources=0 preferred_device=3
[2026-07-01 08:02:22.303] [info] [task_scheduler.cpp:367] [mgpu-audit] pipeline_task dispatched to GPU 1 task_id=271
[2026-07-01 08:02:22.304] [info] [task_scheduler.cpp:369] [locality-audit] dispatch task_id=271 preferred_device=1 actual_gpu=1
[2026-07-01 08:02:22.304] [info] [task_scheduler.cpp:367] [mgpu-audit] pipeline_task dispatched to GPU 3 task_id=272
[2026-07-01 08:02:22.304] [info] [task_scheduler.cpp:369] [locality-audit] dispatch task_id=272 preferred_device=3 actual_gpu=3
[2026-07-01 08:02:22.304] [info] [task_creator.cpp:352] [locality-audit] task_create operator_id=60 input_bytes=116092938 local_bytes=116092938 gpu_source_bytes=116092938 host_source_bytes=0 disk_source_bytes=0 gpu_sources=1 host_sources=0 preferred_device=1
[2026-07-01 08:02:22.304] [info] [gpu_pipeline_task.cpp:182] [locality-audit] prepare_before pipeline_id=28 task_id=270 preferred_device=0 actual_gpu=0 target_tier=GPU target_device=0 input_bytes=33418863 local_bytes=33418863 remote_gpu_bytes=0 host_bytes=0 disk_bytes=0 batch_count=1
[2026-07-01 08:02:22.304] [info] [task_scheduler.cpp:367] [mgpu-audit] pipeline_task dispatched to GPU 1 task_id=273
[2026-07-01 08:02:22.304] [info] [task_creator.cpp:352] [locality-audit] task_create operator_id=60 input_bytes=116096336 local_bytes=116096336 gpu_source_bytes=116096336 host_source_bytes=0 disk_source_bytes=0 gpu_sources=1 host_sources=0 preferred_device=0
[2026-07-01 08:02:22.304] [info] [gpu_pipeline_task.cpp:182] [locality-audit] prepare_before pipeline_id=28 task_id=269 preferred_device=3 actual_gpu=3 target_tier=GPU target_device=3 input_bytes=116240508 local_bytes=116240508 remote_gpu_bytes=0 host_bytes=0 disk_bytes=0 batch_count=1
[2026-07-01 08:02:22.304] [info] [gpu_pipeline_task.cpp:182] [locality-audit] prepare_before pipeline_id=28 task_id=272 preferred_device=3 actual_gpu=3 target_tier=GPU target_device=3 input_bytes=33449622 local_bytes=33449622 remote_gpu_bytes=0 host_bytes=0 disk_bytes=0 batch_count=1
[2026-07-01 08:02:22.304] [info] [task_scheduler.cpp:369] [locality-audit] dispatch task_id=273 preferred_device=1 actual_gpu=1
[2026-07-01 08:02:22.304] [info] [task_creator.cpp:352] [locality-audit] task_create operator_id=60 input_bytes=116095399 local_bytes=116095399 gpu_source_bytes=116095399 host_source_bytes=0 disk_source_bytes=0 gpu_sources=1 host_sources=0 preferred_device=2
[2026-07-01 08:02:22.304] [info] [task_scheduler.cpp:367] [mgpu-audit] pipeline_task dispatched to GPU 0 task_id=274
[2026-07-01 08:02:22.304] [info] [gpu_pipeline_task.cpp:182] [locality-audit] prepare_after pipeline_id=28 task_id=270 preferred_device=0 actual_gpu=0 target_tier=GPU target_device=0 input_bytes=33418863 local_bytes=33418863 remote_gpu_bytes=0 host_bytes=0 disk_bytes=0 batch_count=1
[2026-07-01 08:02:22.304] [info] [task_scheduler.cpp:369] [locality-audit] dispatch task_id=274 preferred_device=0 actual_gpu=0
[2026-07-01 08:02:22.304] [info] [task_creator.cpp:352] [locality-audit] task_create operator_id=60 input_bytes=33442968 local_bytes=33442968 gpu_source_bytes=33442968 host_source_bytes=0 disk_source_bytes=0 gpu_sources=1 host_sources=0 preferred_device=2
[2026-07-01 08:02:22.304] [info] [task_scheduler.cpp:367] [mgpu-audit] pipeline_task dispatched to GPU 2 task_id=275
[2026-07-01 08:02:22.304] [info] [task_scheduler.cpp:369] [locality-audit] dispatch task_id=275 preferred_device=2 actual_gpu=2
[2026-07-01 08:02:22.304] [info] [task_scheduler.cpp:367] [mgpu-audit] pipeline_task dispatched to GPU 2 task_id=276
[2026-07-01 08:02:22.304] [info] [task_scheduler.cpp:369] [locality-audit] dispatch task_id=276 preferred_device=2 actual_gpu=2
[2026-07-01 08:02:22.304] [info] [gpu_pipeline_task.cpp:182] [locality-audit] prepare_before pipeline_id=28 task_id=274 preferred_device=0 actual_gpu=0 target_tier=GPU target_device=0 input_bytes=116096336 local_bytes=116096336 remote_gpu_bytes=0 host_bytes=0 disk_bytes=0 batch_count=1
[2026-07-01 08:02:22.304] [info] [gpu_pipeline_task.cpp:182] [locality-audit] prepare_after pipeline_id=28 task_id=272 preferred_device=3 actual_gpu=3 target_tier=GPU target_device=3 input_bytes=33449622 local_bytes=33449622 remote_gpu_bytes=0 host_bytes=0 disk_bytes=0 batch_count=1
[2026-07-01 08:02:22.304] [info] [gpu_pipeline_task.cpp:311] [stage-audit] pipeline_id=28 task_id=270 operator_id=60 operator_name=PARTITION stage_kind=PARTITION operator_type=82 input_type=PIPELINEABLE output_type=PIPELINEABLE actual_gpu=0 pipeline_operator_count=1 input_batches=1 input_rows=815447 input_columns=5 input_bytes=33418863 output_batches=1 output_rows=815447 output_columns=5 output_bytes=33418863 byte_ratio=1.000000 row_ratio=1.000000 duration_us=27
[2026-07-01 08:02:22.304] [info] [gpu_pipeline_task.cpp:182] [locality-audit] prepare_after pipeline_id=28 task_id=274 preferred_device=0 actual_gpu=0 target_tier=GPU target_device=0 input_bytes=116096336 local_bytes=116096336 remote_gpu_bytes=0 host_bytes=0 disk_bytes=0 batch_count=1
[2026-07-01 08:02:22.304] [info] [gpu_pipeline_task.cpp:182] [locality-audit] prepare_before pipeline_id=28 task_id=273 preferred_device=1 actual_gpu=1 target_tier=GPU target_device=1 input_bytes=116092938 local_bytes=116092938 remote_gpu_bytes=0 host_bytes=0 disk_bytes=0 batch_count=1
[2026-07-01 08:02:22.304] [info] [gpu_pipeline_task.cpp:182] [locality-audit] prepare_before pipeline_id=28 task_id=271 preferred_device=1 actual_gpu=1 target_tier=GPU target_device=1 input_bytes=33463982 local_bytes=33463982 remote_gpu_bytes=0 host_bytes=0 disk_bytes=0 batch_count=1
[2026-07-01 08:02:22.304] [info] [gpu_pipeline_task.cpp:182] [locality-audit] prepare_after pipeline_id=28 task_id=269 preferred_device=3 actual_gpu=3 target_tier=GPU target_device=3 input_bytes=116240508 local_bytes=116240508 remote_gpu_bytes=0 host_bytes=0 disk_bytes=0 batch_count=1
[2026-07-01 08:02:22.304] [info] [gpu_pipeline_task.cpp:311] [stage-audit] pipeline_id=28 task_id=272 operator_id=60 operator_name=PARTITION stage_kind=PARTITION operator_type=82 input_type=PIPELINEABLE output_type=PIPELINEABLE actual_gpu=3 pipeline_operator_count=1 input_batches=1 input_rows=815834 input_columns=5 input_bytes=33449622 output_batches=1 output_rows=815834 output_columns=5 output_bytes=33449622 byte_ratio=1.000000 row_ratio=1.000000 duration_us=4
[2026-07-01 08:02:22.304] [info] [gpu_pipeline_task.cpp:311] [stage-audit] pipeline_id=28 task_id=274 operator_id=60 operator_name=PARTITION stage_kind=PARTITION operator_type=82 input_type=PIPELINEABLE output_type=PIPELINEABLE actual_gpu=0 pipeline_operator_count=1 input_batches=1 input_rows=2831908 input_columns=5 input_bytes=116096336 output_batches=1 output_rows=2831908 output_columns=5 output_bytes=116096336 byte_ratio=1.000000 row_ratio=1.000000 duration_us=3
[2026-07-01 08:02:22.304] [info] [gpu_pipeline_task.cpp:182] [locality-audit] prepare_before pipeline_id=28 task_id=276 preferred_device=2 actual_gpu=2 target_tier=GPU target_device=2 input_bytes=33442968 local_bytes=33442968 remote_gpu_bytes=0 host_bytes=0 disk_bytes=0 batch_count=1
[2026-07-01 08:02:22.304] [info] [gpu_pipeline_task.cpp:182] [locality-audit] prepare_before pipeline_id=28 task_id=275 preferred_device=2 actual_gpu=2 target_tier=GPU target_device=2 input_bytes=116095399 local_bytes=116095399 remote_gpu_bytes=0 host_bytes=0 disk_bytes=0 batch_count=1
[2026-07-01 08:02:22.304] [info] [gpu_pipeline_task.cpp:182] [locality-audit] prepare_after pipeline_id=28 task_id=275 preferred_device=2 actual_gpu=2 target_tier=GPU target_device=2 input_bytes=116095399 local_bytes=116095399 remote_gpu_bytes=0 host_bytes=0 disk_bytes=0 batch_count=1
[2026-07-01 08:02:22.304] [info] [gpu_pipeline_task.cpp:182] [locality-audit] prepare_after pipeline_id=28 task_id=271 preferred_device=1 actual_gpu=1 target_tier=GPU target_device=1 input_bytes=33463982 local_bytes=33463982 remote_gpu_bytes=0 host_bytes=0 disk_bytes=0 batch_count=1
[2026-07-01 08:02:22.304] [info] [gpu_pipeline_task.cpp:311] [stage-audit] pipeline_id=28 task_id=275 operator_id=60 operator_name=PARTITION stage_kind=PARTITION operator_type=82 input_type=PIPELINEABLE output_type=PIPELINEABLE actual_gpu=2 pipeline_operator_count=1 input_batches=1 input_rows=2832207 input_columns=5 input_bytes=116095399 output_batches=1 output_rows=2832207 output_columns=5 output_bytes=116095399 byte_ratio=1.000000 row_ratio=1.000000 duration_us=2
[2026-07-01 08:02:22.304] [info] [gpu_pipeline_task.cpp:182] [locality-audit] prepare_after pipeline_id=28 task_id=273 preferred_device=1 actual_gpu=1 target_tier=GPU target_device=1 input_bytes=116092938 local_bytes=116092938 remote_gpu_bytes=0 host_bytes=0 disk_bytes=0 batch_count=1
[2026-07-01 08:02:22.304] [info] [gpu_pipeline_task.cpp:182] [locality-audit] prepare_after pipeline_id=28 task_id=276 preferred_device=2 actual_gpu=2 target_tier=GPU target_device=2 input_bytes=33442968 local_bytes=33442968 remote_gpu_bytes=0 host_bytes=0 disk_bytes=0 batch_count=1
[2026-07-01 08:02:22.304] [info] [gpu_pipeline_task.cpp:311] [stage-audit] pipeline_id=28 task_id=271 operator_id=60 operator_name=PARTITION stage_kind=PARTITION operator_type=82 input_type=PIPELINEABLE output_type=PIPELINEABLE actual_gpu=1 pipeline_operator_count=1 input_batches=1 input_rows=816402 input_columns=5 input_bytes=33463982 output_batches=1 output_rows=816402 output_columns=5 output_bytes=33463982 byte_ratio=1.000000 row_ratio=1.000000 duration_us=10
[2026-07-01 08:02:22.304] [info] [gpu_pipeline_task.cpp:311] [stage-audit] pipeline_id=28 task_id=269 operator_id=60 operator_name=PARTITION stage_kind=PARTITION operator_type=82 input_type=PIPELINEABLE output_type=PIPELINEABLE actual_gpu=3 pipeline_operator_count=1 input_batches=1 input_rows=2835552 input_columns=5 input_bytes=116240508 output_batches=1 output_rows=2835552 output_columns=5 output_bytes=116240508 byte_ratio=1.000000 row_ratio=1.000000 duration_us=55
[2026-07-01 08:02:22.304] [info] [gpu_pipeline_task.cpp:311] [stage-audit] pipeline_id=28 task_id=276 operator_id=60 operator_name=PARTITION stage_kind=PARTITION operator_type=82 input_type=PIPELINEABLE output_type=PIPELINEABLE actual_gpu=2 pipeline_operator_count=1 input_batches=1 input_rows=815844 input_columns=5 input_bytes=33442968 output_batches=1 output_rows=815844 output_columns=5 output_bytes=33442968 byte_ratio=1.000000 row_ratio=1.000000 duration_us=4
[2026-07-01 08:02:22.304] [info] [gpu_pipeline_task.cpp:311] [stage-audit] pipeline_id=28 task_id=273 operator_id=60 operator_name=PARTITION stage_kind=PARTITION operator_type=82 input_type=PIPELINEABLE output_type=PIPELINEABLE actual_gpu=1 pipeline_operator_count=1 input_batches=1 input_rows=2831766 input_columns=5 input_bytes=116092938 output_batches=1 output_rows=2831766 output_columns=5 output_bytes=116092938 byte_ratio=1.000000 row_ratio=1.000000 duration_us=14
[2026-07-01 08:02:22.304] [info] [task_scheduler.cpp:367] [mgpu-audit] pipeline_task dispatched to GPU 0 task_id=277
[2026-07-01 08:02:22.304] [info] [task_scheduler.cpp:369] [locality-audit] dispatch task_id=277 preferred_device=0 actual_gpu=0
[2026-07-01 08:02:22.304] [info] [task_scheduler.cpp:367] [mgpu-audit] pipeline_task dispatched to GPU 0 task_id=278
[2026-07-01 08:02:22.304] [info] [task_scheduler.cpp:369] [locality-audit] dispatch task_id=278 preferred_device=0 actual_gpu=0
[2026-07-01 08:02:22.304] [info] [gpu_pipeline_task.cpp:182] [locality-audit] prepare_before pipeline_id=29 task_id=277 preferred_device=0 actual_gpu=0 target_tier=GPU target_device=0 input_bytes=482207678 local_bytes=149515199 remote_gpu_bytes=332692479 host_bytes=0 disk_bytes=0 batch_count=7
[2026-07-01 08:02:22.304] [info] [gpu_pipeline_task.cpp:182] [locality-audit] prepare_before pipeline_id=29 task_id=278 preferred_device=0 actual_gpu=0 target_tier=GPU target_device=0 input_bytes=116092938 local_bytes=0 remote_gpu_bytes=116092938 host_bytes=0 disk_bytes=0 batch_count=1
[2026-07-01 08:02:22.311] [info] [gpu_pipeline_task.cpp:182] [locality-audit] prepare_after pipeline_id=29 task_id=278 preferred_device=0 actual_gpu=0 target_tier=GPU target_device=0 input_bytes=116092938 local_bytes=116092938 remote_gpu_bytes=0 host_bytes=0 disk_bytes=0 batch_count=1
[2026-07-01 08:02:22.311] [info] [gpu_pipeline_task.cpp:311] [stage-audit] pipeline_id=29 task_id=278 operator_id=59 operator_name=CONCAT stage_kind=CONCAT operator_type=83 input_type=PARTITIONED output_type=PARTITIONED actual_gpu=0 pipeline_operator_count=1 input_batches=1 input_rows=2831766 input_columns=5 input_bytes=116092938 output_batches=1 output_rows=2831766 output_columns=5 output_bytes=116092938 byte_ratio=1.000000 row_ratio=1.000000 duration_us=1
[2026-07-01 08:02:22.311] [info] [task_scheduler.cpp:367] [mgpu-audit] pipeline_task dispatched to GPU 1 task_id=279
[2026-07-01 08:02:22.311] [info] [task_scheduler.cpp:369] [locality-audit] dispatch task_id=279 preferred_device=1 actual_gpu=1
[2026-07-01 08:02:22.311] [info] [gpu_pipeline_task.cpp:182] [locality-audit] prepare_before pipeline_id=30 task_id=279 preferred_device=1 actual_gpu=1 target_tier=GPU target_device=1 input_bytes=141603516 local_bytes=0 remote_gpu_bytes=141603516 host_bytes=0 disk_bytes=0 batch_count=2
[2026-07-01 08:02:22.326] [info] [gpu_pipeline_task.cpp:182] [locality-audit] prepare_after pipeline_id=30 task_id=279 preferred_device=1 actual_gpu=1 target_tier=GPU target_device=1 input_bytes=141603516 local_bytes=141603516 remote_gpu_bytes=0 host_bytes=0 disk_bytes=0 batch_count=2
[2026-07-01 08:02:22.327] [info] [gpu_pipeline_task.cpp:182] [locality-audit] prepare_after pipeline_id=29 task_id=277 preferred_device=0 actual_gpu=0 target_tier=GPU target_device=0 input_bytes=482207678 local_bytes=482207678 remote_gpu_bytes=0 host_bytes=0 disk_bytes=0 batch_count=7
[2026-07-01 08:02:22.328] [info] [gpu_pipeline_task.cpp:311] [stage-audit] pipeline_id=30 task_id=279 operator_id=29 operator_name=HASH_JOIN stage_kind=JOIN operator_type=33 input_type=PARTITIONED output_type=PIPELINEABLE actual_gpu=1 pipeline_operator_count=4 input_batches=2 input_rows=4032500 input_columns=7 input_bytes=141603516 output_batches=1 output_rows=225977 output_columns=5 output_bytes=10420862 byte_ratio=0.073592 row_ratio=0.056039 duration_us=2818
[2026-07-01 08:02:22.329] [info] [gpu_pipeline_task.cpp:311] [stage-audit] pipeline_id=30 task_id=279 operator_id=30 operator_name=FILTER stage_kind=FILTER operator_type=12 input_type=PIPELINEABLE output_type=PIPELINEABLE actual_gpu=1 pipeline_operator_count=4 input_batches=1 input_rows=225977 input_columns=5 input_bytes=10420862 output_batches=1 output_rows=112778 output_columns=5 output_bytes=5201940 byte_ratio=0.499185 row_ratio=0.499068 duration_us=729
[2026-07-01 08:02:22.333] [info] [gpu_pipeline_task.cpp:311] [stage-audit] pipeline_id=29 task_id=277 operator_id=59 operator_name=CONCAT stage_kind=CONCAT operator_type=83 input_type=PARTITIONED output_type=PARTITIONED actual_gpu=0 pipeline_operator_count=1 input_batches=7 input_rows=11763194 input_columns=35 input_bytes=482207678 output_batches=1 output_rows=11763194 output_columns=5 output_bytes=482207654 byte_ratio=1.000000 row_ratio=1.000000 duration_us=6085
[2026-07-01 08:02:22.333] [info] [gpu_pipeline_task.cpp:311] [stage-audit] pipeline_id=30 task_id=279 operator_id=31 operator_name=PROJECTION stage_kind=PROJECTION operator_type=13 input_type=PIPELINEABLE output_type=PIPELINEABLE actual_gpu=1 pipeline_operator_count=4 input_batches=1 input_rows=112778 input_columns=5 input_bytes=5201940 output_batches=1 output_rows=112778 output_columns=4 output_bytes=4750828 byte_ratio=0.913280 row_ratio=1.000000 duration_us=3807
[2026-07-01 08:02:22.333] [info] [task_scheduler.cpp:367] [mgpu-audit] pipeline_task dispatched to GPU 1 task_id=280
[2026-07-01 08:02:22.333] [info] [task_scheduler.cpp:369] [locality-audit] dispatch task_id=280 preferred_device=1 actual_gpu=1
[2026-07-01 08:02:22.333] [info] [gpu_pipeline_task.cpp:182] [locality-audit] prepare_before pipeline_id=30 task_id=280 preferred_device=1 actual_gpu=1 target_tier=GPU target_device=1 input_bytes=482207654 local_bytes=0 remote_gpu_bytes=482207654 host_bytes=0 disk_bytes=0 batch_count=1
[2026-07-01 08:02:22.365] [info] [gpu_pipeline_task.cpp:311] [stage-audit] pipeline_id=30 task_id=279 operator_id=32 operator_name=HASH_GROUP_BY stage_kind=AGGREGATE operator_type=9 input_type=PIPELINEABLE output_type=PIPELINEABLE actual_gpu=1 pipeline_operator_count=4 input_batches=1 input_rows=112778 input_columns=4 input_bytes=4750828 output_batches=1 output_rows=4 output_columns=4 output_bytes=272 byte_ratio=0.000057 row_ratio=0.000035 duration_us=32267
[2026-07-01 08:02:22.378] [info] [gpu_pipeline_task.cpp:182] [locality-audit] prepare_after pipeline_id=30 task_id=280 preferred_device=1 actual_gpu=1 target_tier=GPU target_device=1 input_bytes=482207654 local_bytes=482207654 remote_gpu_bytes=0 host_bytes=0 disk_bytes=0 batch_count=1
[2026-07-01 08:02:22.384] [info] [gpu_pipeline_task.cpp:311] [stage-audit] pipeline_id=30 task_id=280 operator_id=29 operator_name=HASH_JOIN stage_kind=JOIN operator_type=33 input_type=PARTITIONED output_type=PIPELINEABLE actual_gpu=1 pipeline_operator_count=4 input_batches=1 input_rows=11763194 input_columns=5 input_bytes=482207654 output_batches=1 output_rows=941883 output_columns=5 output_bytes=43442106 byte_ratio=0.090090 row_ratio=0.080070 duration_us=5352
[2026-07-01 08:02:22.385] [info] [gpu_pipeline_task.cpp:311] [stage-audit] pipeline_id=30 task_id=280 operator_id=30 operator_name=FILTER stage_kind=FILTER operator_type=12 input_type=PIPELINEABLE output_type=PIPELINEABLE actual_gpu=1 pipeline_operator_count=4 input_batches=1 input_rows=941883 input_columns=5 input_bytes=43442106 output_batches=1 output_rows=471450 output_columns=5 output_bytes=21745652 byte_ratio=0.500566 row_ratio=0.500540 duration_us=1112
[2026-07-01 08:02:22.385] [info] [gpu_pipeline_task.cpp:311] [stage-audit] pipeline_id=30 task_id=280 operator_id=31 operator_name=PROJECTION stage_kind=PROJECTION operator_type=13 input_type=PIPELINEABLE output_type=PIPELINEABLE actual_gpu=1 pipeline_operator_count=4 input_batches=1 input_rows=471450 input_columns=5 input_bytes=21745652 output_batches=1 output_rows=471450 output_columns=4 output_bytes=19859852 byte_ratio=0.913279 row_ratio=1.000000 duration_us=341
[2026-07-01 08:02:22.389] [info] [gpu_pipeline_task.cpp:311] [stage-audit] pipeline_id=30 task_id=280 operator_id=32 operator_name=HASH_GROUP_BY stage_kind=AGGREGATE operator_type=9 input_type=PIPELINEABLE output_type=PIPELINEABLE actual_gpu=1 pipeline_operator_count=4 input_batches=1 input_rows=471450 input_columns=4 input_bytes=19859852 output_batches=1 output_rows=4 output_columns=4 output_bytes=272 byte_ratio=0.000014 row_ratio=0.000008 duration_us=3380
[2026-07-01 08:02:22.390] [info] [task_creator.cpp:352] [locality-audit] task_create operator_id=61 input_bytes=272 local_bytes=272 gpu_source_bytes=272 host_source_bytes=0 disk_source_bytes=0 gpu_sources=1 host_sources=0 preferred_device=1
[2026-07-01 08:02:22.390] [info] [task_creator.cpp:352] [locality-audit] task_create operator_id=61 input_bytes=272 local_bytes=272 gpu_source_bytes=272 host_source_bytes=0 disk_source_bytes=0 gpu_sources=1 host_sources=0 preferred_device=1
[2026-07-01 08:02:22.390] [info] [task_scheduler.cpp:367] [mgpu-audit] pipeline_task dispatched to GPU 1 task_id=281
[2026-07-01 08:02:22.390] [info] [task_scheduler.cpp:369] [locality-audit] dispatch task_id=281 preferred_device=1 actual_gpu=1
[2026-07-01 08:02:22.390] [info] [task_scheduler.cpp:367] [mgpu-audit] pipeline_task dispatched to GPU 1 task_id=282
[2026-07-01 08:02:22.390] [info] [task_scheduler.cpp:369] [locality-audit] dispatch task_id=282 preferred_device=1 actual_gpu=1
[2026-07-01 08:02:22.390] [info] [gpu_pipeline_task.cpp:182] [locality-audit] prepare_before pipeline_id=31 task_id=281 preferred_device=1 actual_gpu=1 target_tier=GPU target_device=1 input_bytes=272 local_bytes=272 remote_gpu_bytes=0 host_bytes=0 disk_bytes=0 batch_count=1
[2026-07-01 08:02:22.390] [info] [gpu_pipeline_task.cpp:182] [locality-audit] prepare_before pipeline_id=31 task_id=282 preferred_device=1 actual_gpu=1 target_tier=GPU target_device=1 input_bytes=272 local_bytes=272 remote_gpu_bytes=0 host_bytes=0 disk_bytes=0 batch_count=1
[2026-07-01 08:02:22.390] [info] [gpu_pipeline_task.cpp:182] [locality-audit] prepare_after pipeline_id=31 task_id=281 preferred_device=1 actual_gpu=1 target_tier=GPU target_device=1 input_bytes=272 local_bytes=272 remote_gpu_bytes=0 host_bytes=0 disk_bytes=0 batch_count=1
[2026-07-01 08:02:22.390] [info] [gpu_pipeline_task.cpp:182] [locality-audit] prepare_after pipeline_id=31 task_id=282 preferred_device=1 actual_gpu=1 target_tier=GPU target_device=1 input_bytes=272 local_bytes=272 remote_gpu_bytes=0 host_bytes=0 disk_bytes=0 batch_count=1
[2026-07-01 08:02:22.390] [info] [gpu_pipeline_task.cpp:311] [stage-audit] pipeline_id=31 task_id=281 operator_id=61 operator_name=PARTITION stage_kind=PARTITION operator_type=82 input_type=PIPELINEABLE output_type=PIPELINEABLE actual_gpu=1 pipeline_operator_count=1 input_batches=1 input_rows=4 input_columns=4 input_bytes=272 output_batches=1 output_rows=4 output_columns=4 output_bytes=272 byte_ratio=1.000000 row_ratio=1.000000 duration_us=11
[2026-07-01 08:02:22.390] [info] [gpu_pipeline_task.cpp:311] [stage-audit] pipeline_id=31 task_id=282 operator_id=61 operator_name=PARTITION stage_kind=PARTITION operator_type=82 input_type=PIPELINEABLE output_type=PIPELINEABLE actual_gpu=1 pipeline_operator_count=1 input_batches=1 input_rows=4 input_columns=4 input_bytes=272 output_batches=1 output_rows=4 output_columns=4 output_bytes=272 byte_ratio=1.000000 row_ratio=1.000000 duration_us=15
[2026-07-01 08:02:22.390] [info] [task_scheduler.cpp:367] [mgpu-audit] pipeline_task dispatched to GPU 0 task_id=283
[2026-07-01 08:02:22.390] [info] [task_scheduler.cpp:369] [locality-audit] dispatch task_id=283 preferred_device=0 actual_gpu=0
[2026-07-01 08:02:22.390] [info] [gpu_pipeline_task.cpp:182] [locality-audit] prepare_before pipeline_id=32 task_id=283 preferred_device=0 actual_gpu=0 target_tier=GPU target_device=0 input_bytes=544 local_bytes=0 remote_gpu_bytes=544 host_bytes=0 disk_bytes=0 batch_count=2
[2026-07-01 08:02:22.391] [info] [gpu_pipeline_task.cpp:182] [locality-audit] prepare_after pipeline_id=32 task_id=283 preferred_device=0 actual_gpu=0 target_tier=GPU target_device=0 input_bytes=544 local_bytes=544 remote_gpu_bytes=0 host_bytes=0 disk_bytes=0 batch_count=2
[2026-07-01 08:02:22.397] [info] [gpu_pipeline_task.cpp:311] [stage-audit] pipeline_id=32 task_id=283 operator_id=62 operator_name=MERGE_GROUP_BY stage_kind=AGGREGATE operator_type=85 input_type=PARTITIONED output_type=PIPELINEABLE actual_gpu=0 pipeline_operator_count=1 input_batches=2 input_rows=8 input_columns=8 input_bytes=544 output_batches=1 output_rows=4 output_columns=4 output_bytes=208 byte_ratio=0.382353 row_ratio=0.500000 duration_us=6113
[2026-07-01 08:02:22.398] [info] [task_creator.cpp:352] [locality-audit] task_create operator_id=33 input_bytes=208 local_bytes=208 gpu_source_bytes=208 host_source_bytes=0 disk_source_bytes=0 gpu_sources=1 host_sources=0 preferred_device=0
[2026-07-01 08:02:22.398] [info] [task_scheduler.cpp:367] [mgpu-audit] pipeline_task dispatched to GPU 0 task_id=284
[2026-07-01 08:02:22.398] [info] [task_scheduler.cpp:369] [locality-audit] dispatch task_id=284 preferred_device=0 actual_gpu=0
[2026-07-01 08:02:22.398] [info] [gpu_pipeline_task.cpp:182] [locality-audit] prepare_before pipeline_id=33 task_id=284 preferred_device=0 actual_gpu=0 target_tier=GPU target_device=0 input_bytes=208 local_bytes=208 remote_gpu_bytes=0 host_bytes=0 disk_bytes=0 batch_count=1
[2026-07-01 08:02:22.398] [info] [gpu_pipeline_task.cpp:182] [locality-audit] prepare_after pipeline_id=33 task_id=284 preferred_device=0 actual_gpu=0 target_tier=GPU target_device=0 input_bytes=208 local_bytes=208 remote_gpu_bytes=0 host_bytes=0 disk_bytes=0 batch_count=1
[2026-07-01 08:02:22.404] [info] [gpu_pipeline_task.cpp:311] [stage-audit] pipeline_id=33 task_id=284 operator_id=33 operator_name=ORDER_BY stage_kind=SORT operator_type=1 input_type=PIPELINEABLE output_type=PIPELINEABLE actual_gpu=0 pipeline_operator_count=1 input_batches=1 input_rows=4 input_columns=4 input_bytes=208 output_batches=1 output_rows=4 output_columns=4 output_bytes=208 byte_ratio=1.000000 row_ratio=1.000000 duration_us=6430
[2026-07-01 08:02:22.404] [info] [task_creator.cpp:352] [locality-audit] task_create operator_id=63 input_bytes=208 local_bytes=208 gpu_source_bytes=208 host_source_bytes=0 disk_source_bytes=0 gpu_sources=1 host_sources=0 preferred_device=0
[2026-07-01 08:02:22.405] [info] [task_scheduler.cpp:367] [mgpu-audit] pipeline_task dispatched to GPU 0 task_id=285
[2026-07-01 08:02:22.405] [info] [task_scheduler.cpp:369] [locality-audit] dispatch task_id=285 preferred_device=0 actual_gpu=0
[2026-07-01 08:02:22.405] [info] [gpu_pipeline_task.cpp:182] [locality-audit] prepare_before pipeline_id=34 task_id=285 preferred_device=0 actual_gpu=0 target_tier=GPU target_device=0 input_bytes=208 local_bytes=208 remote_gpu_bytes=0 host_bytes=0 disk_bytes=0 batch_count=1
[2026-07-01 08:02:22.405] [info] [gpu_pipeline_task.cpp:182] [locality-audit] prepare_after pipeline_id=34 task_id=285 preferred_device=0 actual_gpu=0 target_tier=GPU target_device=0 input_bytes=208 local_bytes=208 remote_gpu_bytes=0 host_bytes=0 disk_bytes=0 batch_count=1
[2026-07-01 08:02:22.408] [info] [gpu_pipeline_task.cpp:311] [stage-audit] pipeline_id=34 task_id=285 operator_id=63 operator_name=SORT_SAMPLE stage_kind=SORT operator_type=89 input_type=PIPELINEABLE output_type=PIPELINEABLE actual_gpu=0 pipeline_operator_count=2 input_batches=1 input_rows=4 input_columns=4 input_bytes=208 output_batches=1 output_rows=4 output_columns=4 output_bytes=208 byte_ratio=1.000000 row_ratio=1.000000 duration_us=2996
[2026-07-01 08:02:22.409] [info] [gpu_pipeline_task.cpp:311] [stage-audit] pipeline_id=34 task_id=285 operator_id=64 operator_name=SORT_PARTITION stage_kind=SORT operator_type=88 input_type=PIPELINEABLE output_type=PIPELINEABLE actual_gpu=0 pipeline_operator_count=2 input_batches=1 input_rows=4 input_columns=4 input_bytes=208 output_batches=4 output_rows=4 output_columns=16 output_bytes=232 byte_ratio=1.115385 row_ratio=1.000000 duration_us=1370
[2026-07-01 08:02:22.410] [info] [task_creator.cpp:352] [locality-audit] task_create operator_id=65 input_bytes=232 local_bytes=232 gpu_source_bytes=232 host_source_bytes=0 disk_source_bytes=0 gpu_sources=1 host_sources=0 preferred_device=0
[2026-07-01 08:02:22.410] [info] [task_scheduler.cpp:367] [mgpu-audit] pipeline_task dispatched to GPU 0 task_id=286
[2026-07-01 08:02:22.410] [info] [task_scheduler.cpp:369] [locality-audit] dispatch task_id=286 preferred_device=0 actual_gpu=0
[2026-07-01 08:02:22.410] [info] [gpu_pipeline_task.cpp:182] [locality-audit] prepare_before pipeline_id=35 task_id=286 preferred_device=0 actual_gpu=0 target_tier=GPU target_device=0 input_bytes=232 local_bytes=232 remote_gpu_bytes=0 host_bytes=0 disk_bytes=0 batch_count=4
[2026-07-01 08:02:22.410] [info] [gpu_pipeline_task.cpp:182] [locality-audit] prepare_after pipeline_id=35 task_id=286 preferred_device=0 actual_gpu=0 target_tier=GPU target_device=0 input_bytes=232 local_bytes=232 remote_gpu_bytes=0 host_bytes=0 disk_bytes=0 batch_count=4
[2026-07-01 08:02:22.414] [info] [gpu_pipeline_task.cpp:311] [stage-audit] pipeline_id=35 task_id=286 operator_id=65 operator_name=MERGE_SORT stage_kind=SORT operator_type=84 input_type=PIPELINEABLE output_type=PIPELINEABLE actual_gpu=0 pipeline_operator_count=1 input_batches=4 input_rows=4 input_columns=16 input_bytes=232 output_batches=1 output_rows=4 output_columns=4 output_bytes=208 byte_ratio=0.896552 row_ratio=1.000000 duration_us=3892
[2026-07-01 08:02:22.414] [info] [task_creator.cpp:352] [locality-audit] task_create operator_id=34 input_bytes=208 local_bytes=208 gpu_source_bytes=208 host_source_bytes=0 disk_source_bytes=0 gpu_sources=1 host_sources=0 preferred_device=0
[2026-07-01 08:02:22.414] [info] [task_scheduler.cpp:367] [mgpu-audit] pipeline_task dispatched to GPU 0 task_id=287
[2026-07-01 08:02:22.414] [info] [task_scheduler.cpp:369] [locality-audit] dispatch task_id=287 preferred_device=0 actual_gpu=0
[2026-07-01 08:02:22.414] [info] [gpu_pipeline_task.cpp:182] [locality-audit] prepare_before pipeline_id=36 task_id=287 preferred_device=0 actual_gpu=0 target_tier=GPU target_device=0 input_bytes=208 local_bytes=208 remote_gpu_bytes=0 host_bytes=0 disk_bytes=0 batch_count=1
[2026-07-01 08:02:22.414] [info] [gpu_pipeline_task.cpp:182] [locality-audit] prepare_after pipeline_id=36 task_id=287 preferred_device=0 actual_gpu=0 target_tier=GPU target_device=0 input_bytes=208 local_bytes=208 remote_gpu_bytes=0 host_bytes=0 disk_bytes=0 batch_count=1
[2026-07-01 08:02:22.415] [info] [gpu_pipeline_task.cpp:311] [stage-audit] pipeline_id=36 task_id=287 operator_id=34 operator_name=RESULT_COLLECTOR stage_kind=RESULT operator_type=76 input_type=PIPELINEABLE output_type=PIPELINEABLE actual_gpu=0 pipeline_operator_count=1 input_batches=1 input_rows=4 input_columns=4 input_bytes=208 output_batches=1 output_rows=4 output_columns=4 output_bytes=208 byte_ratio=1.000000 row_ratio=1.000000 duration_us=9
[2026-07-01 08:02:22.435] [info] [gpu_pipeline_executor.cpp:118] GPU Pipeline Executor: task queue interrupted, stopping manager loop
[2026-07-01 08:02:22.435] [info] [gpu_pipeline_executor.cpp:118] GPU Pipeline Executor: task queue interrupted, stopping manager loop
[2026-07-01 08:02:22.435] [info] [gpu_pipeline_executor.cpp:118] GPU Pipeline Executor: task queue interrupted, stopping manager loop
[2026-07-01 08:02:22.436] [info] [gpu_pipeline_executor.cpp:118] GPU Pipeline Executor: task queue interrupted, stopping manager loop
[2026-07-01 08:02:22.448] [info] [physical_sirius_execution.cpp:160] Transparent GPU execution: query completed
[2026-07-01 08:02:22.462] [info] [sirius_context.cpp:258] QueryEnd
[2026-07-01 08:02:22.493] [info] [:] [host_pool] HOST:0 QueryEnd allocated=5242880 bytes peak=111149056 bytes free_blocks=507
[2026-07-01 08:02:22.493] [info] [:] [gpu_pool] GPU:0 QueryEnd allocated=0 bytes peak=14626747671 bytes reserved=0 bytes
[2026-07-01 08:02:22.493] [info] [:] [gpu_pool] GPU:1 QueryEnd allocated=0 bytes peak=14629281627 bytes reserved=0 bytes
[2026-07-01 08:02:22.493] [info] [:] [gpu_pool] GPU:2 QueryEnd allocated=0 bytes peak=14665712383 bytes reserved=0 bytes
[2026-07-01 08:02:22.493] [info] [:] [gpu_pool] GPU:3 QueryEnd allocated=0 bytes peak=14658095389 bytes reserved=0 bytes
[2026-07-01 08:02:22.494] [info] [sirius_context.cpp:1013] Connection closed.
[2026-07-01 08:02:22.507] [info] [task_scheduler.cpp:295] Task request channel closed, exiting management event loop.
[2026-07-01 08:02:22.507] [info] [gpu_pipeline_executor.cpp:118] GPU Pipeline Executor: task queue interrupted, stopping manager loop
[2026-07-01 08:02:22.507] [info] [gpu_pipeline_executor.cpp:118] GPU Pipeline Executor: task queue interrupted, stopping manager loop
[2026-07-01 08:02:22.508] [info] [gpu_pipeline_executor.cpp:118] GPU Pipeline Executor: task queue interrupted, stopping manager loop
[2026-07-01 08:02:22.508] [info] [gpu_pipeline_executor.cpp:118] GPU Pipeline Executor: task queue interrupted, stopping manager loop
