condition,query,execution,operator_kind,duration_ms
paging,q1,1,GPU_SCAN,3219.315279
paging,q1,1,GPU_SCAN,2962.759314
paging,q1,1,GPU_SCAN,2769.0033840000006
paging,q1,1,HASH_GROUP_BY,932.1083219999998
paging,q1,1,HASH_GROUP_BY,864.5218300000001
paging,q1,1,HASH_GROUP_BY,785.009668
paging,q1,1,MERGE_GROUP_BY,5.715701
paging,q1,1,MERGE_GROUP_BY,1.171952
paging,q1,1,MERGE_GROUP_BY,1.195799
paging,q1,1,MERGE_SORT,11.014995
paging,q1,1,MERGE_SORT,1.833515
paging,q1,1,MERGE_SORT,1.138075
paging,q1,1,ORDER_BY,7.636424
paging,q1,1,ORDER_BY,0.470298
paging,q1,1,ORDER_BY,1.01383
paging,q1,1,PARTITION,0.8564510000000003
paging,q1,1,PARTITION,0.449987
paging,q1,1,PARTITION,0.7519919999999997
paging,q1,1,PROJECTION,146.61472500000002
paging,q1,1,PROJECTION,153.416937
paging,q1,1,PROJECTION,96.17449599999999
paging,q1,1,RESULT_COLLECTOR,0.23227
paging,q1,1,RESULT_COLLECTOR,0.125433
paging,q1,1,RESULT_COLLECTOR,0.26414
paging,q1,1,SORT_PARTITION,5.736625
paging,q1,1,SORT_PARTITION,0.923116
paging,q1,1,SORT_PARTITION,1.161215
paging,q1,1,SORT_SAMPLE,0.545294
paging,q1,1,SORT_SAMPLE,0.54871
paging,q1,1,SORT_SAMPLE,0.572743
paging,q1,2,GPU_SCAN,2783.5816900000004
paging,q1,2,GPU_SCAN,2745.8553320000005
paging,q1,2,GPU_SCAN,2830.197881
paging,q1,2,HASH_GROUP_BY,748.529955
paging,q1,2,HASH_GROUP_BY,816.8867480000001
paging,q1,2,HASH_GROUP_BY,756.3691099999998
paging,q1,2,MERGE_GROUP_BY,1.191289
paging,q1,2,MERGE_GROUP_BY,1.093114
paging,q1,2,MERGE_GROUP_BY,1.384863
paging,q1,2,MERGE_SORT,2.71161
paging,q1,2,MERGE_SORT,1.511357
paging,q1,2,MERGE_SORT,0.865887
paging,q1,2,ORDER_BY,0.612645
paging,q1,2,ORDER_BY,0.418599
paging,q1,2,ORDER_BY,0.867703
paging,q1,2,PARTITION,0.6644909999999999
paging,q1,2,PARTITION,0.41907400000000006
paging,q1,2,PARTITION,0.7978640000000001
paging,q1,2,PROJECTION,102.38910299999998
paging,q1,2,PROJECTION,125.088719
paging,q1,2,PROJECTION,159.63766699999996
paging,q1,2,RESULT_COLLECTOR,0.152085
paging,q1,2,RESULT_COLLECTOR,0.163686
paging,q1,2,RESULT_COLLECTOR,0.119233
paging,q1,2,SORT_PARTITION,1.37324
paging,q1,2,SORT_PARTITION,1.497056
paging,q1,2,SORT_PARTITION,1.197228
paging,q1,2,SORT_SAMPLE,0.51185
paging,q1,2,SORT_SAMPLE,0.54009
paging,q1,2,SORT_SAMPLE,0.48113
paging,q1,3,GPU_SCAN,2777.788109
paging,q1,3,GPU_SCAN,2673.959993
paging,q1,3,GPU_SCAN,2543.458151
paging,q1,3,HASH_GROUP_BY,756.6276489999999
paging,q1,3,HASH_GROUP_BY,716.0581400000001
paging,q1,3,HASH_GROUP_BY,667.5677099999999
paging,q1,3,MERGE_GROUP_BY,1.159525
paging,q1,3,MERGE_GROUP_BY,1.230129
paging,q1,3,MERGE_GROUP_BY,1.911371
paging,q1,3,MERGE_SORT,1.165578
paging,q1,3,MERGE_SORT,2.47233
paging,q1,3,MERGE_SORT,2.976925
paging,q1,3,ORDER_BY,1.07347
paging,q1,3,ORDER_BY,0.423436
paging,q1,3,ORDER_BY,0.884326
paging,q1,3,PARTITION,0.48078800000000005
paging,q1,3,PARTITION,0.47000699999999995
paging,q1,3,PARTITION,0.5754499999999999
paging,q1,3,PROJECTION,173.496846
paging,q1,3,PROJECTION,89.55806600000001
paging,q1,3,PROJECTION,114.587351
paging,q1,3,RESULT_COLLECTOR,0.168965
paging,q1,3,RESULT_COLLECTOR,0.137205
paging,q1,3,RESULT_COLLECTOR,0.439856
paging,q1,3,SORT_PARTITION,1.378279
paging,q1,3,SORT_PARTITION,1.04895
paging,q1,3,SORT_PARTITION,0.563377
paging,q1,3,SORT_SAMPLE,0.486372
paging,q1,3,SORT_SAMPLE,0.581113
paging,q1,3,SORT_SAMPLE,0.222487
paging,q1,4,GPU_SCAN,2847.597442
paging,q1,4,GPU_SCAN,2507.041327
paging,q1,4,GPU_SCAN,2768.9511119999997
paging,q1,4,HASH_GROUP_BY,758.8609080000001
paging,q1,4,HASH_GROUP_BY,739.416078
paging,q1,4,HASH_GROUP_BY,796.968105
paging,q1,4,MERGE_GROUP_BY,2.009974
paging,q1,4,MERGE_GROUP_BY,2.88392
paging,q1,4,MERGE_GROUP_BY,2.258843
paging,q1,4,MERGE_SORT,2.107631
paging,q1,4,MERGE_SORT,3.02597
paging,q1,4,MERGE_SORT,1.549363
paging,q1,4,ORDER_BY,0.724182
paging,q1,4,ORDER_BY,0.424306
paging,q1,4,ORDER_BY,0.466529
paging,q1,4,PARTITION,0.799994
paging,q1,4,PARTITION,0.620898
paging,q1,4,PARTITION,0.6934199999999999
paging,q1,4,PROJECTION,111.24705099999998
paging,q1,4,PROJECTION,105.58342999999999
paging,q1,4,PROJECTION,115.659653
paging,q1,4,RESULT_COLLECTOR,0.133726
paging,q1,4,RESULT_COLLECTOR,0.156979
paging,q1,4,RESULT_COLLECTOR,0.182881
paging,q1,4,SORT_PARTITION,0.654806
paging,q1,4,SORT_PARTITION,1.283907
paging,q1,4,SORT_PARTITION,0.913544
paging,q1,4,SORT_SAMPLE,0.258911
paging,q1,4,SORT_SAMPLE,0.444228
paging,q1,4,SORT_SAMPLE,0.339587
paging,q1,5,GPU_SCAN,2262.9542660000006
paging,q1,5,GPU_SCAN,2169.397903
paging,q1,5,GPU_SCAN,2253.1821280000004
paging,q1,5,HASH_GROUP_BY,701.1715649999999
paging,q1,5,HASH_GROUP_BY,655.2762579999999
paging,q1,5,HASH_GROUP_BY,710.9778920000001
paging,q1,5,MERGE_GROUP_BY,1.94307
paging,q1,5,MERGE_GROUP_BY,1.172059
paging,q1,5,MERGE_GROUP_BY,2.344433
paging,q1,5,MERGE_SORT,1.78402
paging,q1,5,MERGE_SORT,0.880021
paging,q1,5,MERGE_SORT,2.125393
paging,q1,5,ORDER_BY,0.463829
paging,q1,5,ORDER_BY,0.729361
paging,q1,5,ORDER_BY,0.455454
paging,q1,5,PARTITION,1.0321939999999998
paging,q1,5,PARTITION,0.413786
paging,q1,5,PARTITION,0.7104100000000001
paging,q1,5,PROJECTION,99.98513799999998
paging,q1,5,PROJECTION,119.26401199999997
paging,q1,5,PROJECTION,96.389899
paging,q1,5,RESULT_COLLECTOR,0.40885
paging,q1,5,RESULT_COLLECTOR,0.162262
paging,q1,5,RESULT_COLLECTOR,0.183196
paging,q1,5,SORT_PARTITION,0.859587
paging,q1,5,SORT_PARTITION,1.216804
paging,q1,5,SORT_PARTITION,1.283755
paging,q1,5,SORT_SAMPLE,0.334801
paging,q1,5,SORT_SAMPLE,0.63584
paging,q1,5,SORT_SAMPLE,0.405154
paging,q2,1,CONCAT,0.8348999999999999
paging,q2,1,CONCAT,0.907693
paging,q2,1,CONCAT,1.2084940000000004
paging,q2,1,DYNAMIC_FILTER,4.513142
paging,q2,1,DYNAMIC_FILTER,4.585768
paging,q2,1,DYNAMIC_FILTER,3.8502330000000002
paging,q2,1,FILTER,0.603696
paging,q2,1,FILTER,0.544662
paging,q2,1,FILTER,0.766628
paging,q2,1,GPU_SCAN,261.283041
paging,q2,1,GPU_SCAN,261.114174
paging,q2,1,GPU_SCAN,259.62681
paging,q2,1,HASH_GROUP_BY,0.55846
paging,q2,1,HASH_GROUP_BY,0.384013
paging,q2,1,HASH_GROUP_BY,0.695859
paging,q2,1,HASH_JOIN,9.255679
paging,q2,1,HASH_JOIN,9.183996999999998
paging,q2,1,HASH_JOIN,9.070229
paging,q2,1,LEFT_DELIM_JOIN,0.395984
paging,q2,1,LEFT_DELIM_JOIN,0.325591
paging,q2,1,LEFT_DELIM_JOIN,0.171048
paging,q2,1,MERGE_GROUP_BY,0.022934000000000003
paging,q2,1,MERGE_GROUP_BY,0.014487
paging,q2,1,MERGE_GROUP_BY,0.012282
paging,q2,1,MERGE_SORT,0.011991
paging,q2,1,MERGE_SORT,0.011079
paging,q2,1,MERGE_SORT,0.015541
paging,q2,1,ORDER_BY,1.210766
paging,q2,1,ORDER_BY,1.153226
paging,q2,1,ORDER_BY,2.324168
paging,q2,1,PARTITION,0.3247210000000001
paging,q2,1,PARTITION,0.3383170000000001
paging,q2,1,PARTITION,0.48620500000000005
paging,q2,1,PROJECTION,0.068777
paging,q2,1,PROJECTION,0.072679
paging,q2,1,PROJECTION,0.05657500000000001
paging,q2,1,RESULT_COLLECTOR,2.215926
paging,q2,1,RESULT_COLLECTOR,3.462785
paging,q2,1,RESULT_COLLECTOR,3.626255
paging,q2,1,SORT_PARTITION,0.008028
paging,q2,1,SORT_PARTITION,0.008796
paging,q2,1,SORT_PARTITION,0.016274
paging,q2,1,SORT_SAMPLE,0.012229
paging,q2,1,SORT_SAMPLE,0.01037
paging,q2,1,SORT_SAMPLE,0.029623
paging,q2,2,CONCAT,0.789934
paging,q2,2,CONCAT,0.5497900000000001
paging,q2,2,CONCAT,0.329977
paging,q2,2,DYNAMIC_FILTER,4.484541999999999
paging,q2,2,DYNAMIC_FILTER,4.4195530000000005
paging,q2,2,DYNAMIC_FILTER,4.406345
paging,q2,2,FILTER,0.57051
paging,q2,2,FILTER,0.581996
paging,q2,2,FILTER,0.552774
paging,q2,2,GPU_SCAN,263.51502600000003
paging,q2,2,GPU_SCAN,260.211675
paging,q2,2,GPU_SCAN,260.479443
paging,q2,2,HASH_GROUP_BY,0.358506
paging,q2,2,HASH_GROUP_BY,0.335692
paging,q2,2,HASH_GROUP_BY,0.352058
paging,q2,2,HASH_JOIN,5.556951
paging,q2,2,HASH_JOIN,6.767791
paging,q2,2,HASH_JOIN,5.615561999999999
paging,q2,2,LEFT_DELIM_JOIN,0.205821
paging,q2,2,LEFT_DELIM_JOIN,0.170848
paging,q2,2,LEFT_DELIM_JOIN,0.232186
paging,q2,2,MERGE_GROUP_BY,0.010933
paging,q2,2,MERGE_GROUP_BY,0.016284
paging,q2,2,MERGE_GROUP_BY,0.011077
paging,q2,2,MERGE_SORT,0.811053
paging,q2,2,MERGE_SORT,0.881845
paging,q2,2,MERGE_SORT,0.794175
paging,q2,2,ORDER_BY,1.200292
paging,q2,2,ORDER_BY,1.158578
paging,q2,2,ORDER_BY,1.134307
paging,q2,2,PARTITION,0.25107599999999997
paging,q2,2,PARTITION,0.252414
paging,q2,2,PARTITION,0.18975400000000006
paging,q2,2,PROJECTION,0.07502500000000001
paging,q2,2,PROJECTION,0.040164000000000005
paging,q2,2,PROJECTION,0.037625000000000006
paging,q2,2,RESULT_COLLECTOR,4.582436
paging,q2,2,RESULT_COLLECTOR,1.377416
paging,q2,2,RESULT_COLLECTOR,1.1849
paging,q2,2,SORT_PARTITION,1.303202
paging,q2,2,SORT_PARTITION,1.221894
paging,q2,2,SORT_PARTITION,1.28498
paging,q2,2,SORT_SAMPLE,0.143494
paging,q2,2,SORT_SAMPLE,0.145802
paging,q2,2,SORT_SAMPLE,0.13849
paging,q2,3,CONCAT,0.635466
paging,q2,3,CONCAT,1.2302529999999998
paging,q2,3,CONCAT,1.3334709999999999
paging,q2,3,DYNAMIC_FILTER,4.473881
paging,q2,3,DYNAMIC_FILTER,4.525302
paging,q2,3,DYNAMIC_FILTER,4.636846
paging,q2,3,FILTER,0.649904
paging,q2,3,FILTER,0.714573
paging,q2,3,FILTER,0.619833
paging,q2,3,GPU_SCAN,264.061893
paging,q2,3,GPU_SCAN,269.50129
paging,q2,3,GPU_SCAN,267.105404
paging,q2,3,HASH_GROUP_BY,0.630751
paging,q2,3,HASH_GROUP_BY,0.689342
paging,q2,3,HASH_GROUP_BY,0.859
paging,q2,3,HASH_JOIN,8.777777
paging,q2,3,HASH_JOIN,10.813675
paging,q2,3,HASH_JOIN,13.668745
paging,q2,3,LEFT_DELIM_JOIN,0.273416
paging,q2,3,LEFT_DELIM_JOIN,0.150777
paging,q2,3,LEFT_DELIM_JOIN,0.231094
paging,q2,3,MERGE_GROUP_BY,0.014438
paging,q2,3,MERGE_GROUP_BY,0.017485
paging,q2,3,MERGE_GROUP_BY,0.016176
paging,q2,3,MERGE_SORT,1.020666
paging,q2,3,MERGE_SORT,0.879288
paging,q2,3,MERGE_SORT,1.267758
paging,q2,3,ORDER_BY,1.223753
paging,q2,3,ORDER_BY,1.223585
paging,q2,3,ORDER_BY,1.22148
paging,q2,3,PARTITION,0.35102999999999995
paging,q2,3,PARTITION,0.44006100000000004
paging,q2,3,PARTITION,0.6829709999999999
paging,q2,3,PROJECTION,0.068216
paging,q2,3,PROJECTION,0.100406
paging,q2,3,PROJECTION,0.09070700000000001
paging,q2,3,RESULT_COLLECTOR,1.367961
paging,q2,3,RESULT_COLLECTOR,2.178945
paging,q2,3,RESULT_COLLECTOR,1.470062
paging,q2,3,SORT_PARTITION,1.282336
paging,q2,3,SORT_PARTITION,2.158924
paging,q2,3,SORT_PARTITION,1.903527
paging,q2,3,SORT_SAMPLE,0.207113
paging,q2,3,SORT_SAMPLE,0.274049
paging,q2,3,SORT_SAMPLE,0.388288
paging,q2,4,CONCAT,0.8122019999999998
paging,q2,4,CONCAT,1.172342
paging,q2,4,CONCAT,0.7593550000000001
paging,q2,4,DYNAMIC_FILTER,4.651342
paging,q2,4,DYNAMIC_FILTER,4.680892999999999
paging,q2,4,DYNAMIC_FILTER,4.440748
paging,q2,4,FILTER,0.651368
paging,q2,4,FILTER,0.610047
paging,q2,4,FILTER,0.569923
paging,q2,4,GPU_SCAN,260.94784
paging,q2,4,GPU_SCAN,267.06329600000004
paging,q2,4,GPU_SCAN,256.327444
paging,q2,4,HASH_GROUP_BY,0.452216
paging,q2,4,HASH_GROUP_BY,0.443175
paging,q2,4,HASH_GROUP_BY,0.640642
paging,q2,4,HASH_JOIN,7.395977
paging,q2,4,HASH_JOIN,7.681051000000001
paging,q2,4,HASH_JOIN,9.121941000000001
paging,q2,4,LEFT_DELIM_JOIN,0.274405
paging,q2,4,LEFT_DELIM_JOIN,0.165045
paging,q2,4,LEFT_DELIM_JOIN,0.162603
paging,q2,4,MERGE_GROUP_BY,0.019414
paging,q2,4,MERGE_GROUP_BY,0.013632
paging,q2,4,MERGE_GROUP_BY,0.021384
paging,q2,4,MERGE_SORT,0.981759
paging,q2,4,MERGE_SORT,0.832191
paging,q2,4,MERGE_SORT,0.837603
paging,q2,4,ORDER_BY,1.237716
paging,q2,4,ORDER_BY,1.185735
paging,q2,4,ORDER_BY,1.177361
paging,q2,4,PARTITION,0.337194
paging,q2,4,PARTITION,0.382777
paging,q2,4,PARTITION,0.25034199999999995
paging,q2,4,PROJECTION,0.06134
paging,q2,4,PROJECTION,0.05885
paging,q2,4,PROJECTION,0.069833
paging,q2,4,RESULT_COLLECTOR,1.858177
paging,q2,4,RESULT_COLLECTOR,1.515599
paging,q2,4,RESULT_COLLECTOR,1.364931
paging,q2,4,SORT_PARTITION,1.365945
paging,q2,4,SORT_PARTITION,1.313451
paging,q2,4,SORT_PARTITION,1.23139
paging,q2,4,SORT_SAMPLE,0.182869
paging,q2,4,SORT_SAMPLE,0.154948
paging,q2,4,SORT_SAMPLE,0.236432
paging,q2,5,CONCAT,0.9371989999999998
paging,q2,5,CONCAT,1.207352
paging,q2,5,CONCAT,1.3530009999999997
paging,q2,5,DYNAMIC_FILTER,4.443239
paging,q2,5,DYNAMIC_FILTER,4.516021
paging,q2,5,DYNAMIC_FILTER,4.664824
paging,q2,5,FILTER,0.560071
paging,q2,5,FILTER,0.661923
paging,q2,5,FILTER,0.97267
paging,q2,5,GPU_SCAN,256.998386
paging,q2,5,GPU_SCAN,259.68971899999997
paging,q2,5,GPU_SCAN,263.030235
paging,q2,5,HASH_GROUP_BY,0.419669
paging,q2,5,HASH_GROUP_BY,0.629822
paging,q2,5,HASH_GROUP_BY,0.561356
paging,q2,5,HASH_JOIN,9.56966
paging,q2,5,HASH_JOIN,12.590156
paging,q2,5,HASH_JOIN,11.034049
paging,q2,5,LEFT_DELIM_JOIN,0.271936
paging,q2,5,LEFT_DELIM_JOIN,0.345004
paging,q2,5,LEFT_DELIM_JOIN,0.293153
paging,q2,5,MERGE_GROUP_BY,0.013222
paging,q2,5,MERGE_GROUP_BY,0.015984
paging,q2,5,MERGE_GROUP_BY,0.033662000000000004
paging,q2,5,MERGE_SORT,0.917109
paging,q2,5,MERGE_SORT,1.160426
paging,q2,5,MERGE_SORT,0.908127
paging,q2,5,ORDER_BY,1.169828
paging,q2,5,ORDER_BY,1.266857
paging,q2,5,ORDER_BY,1.262501
paging,q2,5,PARTITION,0.422552
paging,q2,5,PARTITION,0.51949
paging,q2,5,PARTITION,0.442121
paging,q2,5,PROJECTION,0.07057000000000001
paging,q2,5,PROJECTION,0.11229099999999999
paging,q2,5,PROJECTION,0.083097
paging,q2,5,RESULT_COLLECTOR,2.748791
paging,q2,5,RESULT_COLLECTOR,27.153209
paging,q2,5,RESULT_COLLECTOR,1.958882
paging,q2,5,SORT_PARTITION,1.283438
paging,q2,5,SORT_PARTITION,1.380966
paging,q2,5,SORT_PARTITION,1.51777
paging,q2,5,SORT_SAMPLE,0.139307
paging,q2,5,SORT_SAMPLE,0.194865
paging,q2,5,SORT_SAMPLE,0.359388
paging,q3,1,CONCAT,3.28451
paging,q3,1,CONCAT,2.9120419999999996
paging,q3,1,CONCAT,3.0855499999999996
paging,q3,1,DYNAMIC_FILTER,18.924939999999996
paging,q3,1,DYNAMIC_FILTER,24.348411
paging,q3,1,DYNAMIC_FILTER,21.424246
paging,q3,1,GPU_SCAN,2510.677519
paging,q3,1,GPU_SCAN,2499.87307
paging,q3,1,GPU_SCAN,2554.169457
paging,q3,1,HASH_GROUP_BY,1.018449
paging,q3,1,HASH_GROUP_BY,0.887066
paging,q3,1,HASH_GROUP_BY,0.880102
paging,q3,1,HASH_JOIN,5.766087000000001
paging,q3,1,HASH_JOIN,5.745421
paging,q3,1,HASH_JOIN,5.802424
paging,q3,1,MERGE_GROUP_BY,0.054341
paging,q3,1,MERGE_GROUP_BY,0.022962
paging,q3,1,MERGE_GROUP_BY,0.028239
paging,q3,1,MERGE_SORT,0.202969
paging,q3,1,MERGE_SORT,0.170778
paging,q3,1,MERGE_SORT,0.516039
paging,q3,1,ORDER_BY,1.326929
paging,q3,1,ORDER_BY,1.300888
paging,q3,1,ORDER_BY,1.319564
paging,q3,1,PARTITION,0.24629900000000002
paging,q3,1,PARTITION,0.134229
paging,q3,1,PARTITION,0.338958
paging,q3,1,PROJECTION,0.178064
paging,q3,1,PROJECTION,0.17066800000000001
paging,q3,1,PROJECTION,0.187378
paging,q3,1,RESULT_COLLECTOR,6.027286
paging,q3,1,RESULT_COLLECTOR,8.0536
paging,q3,1,RESULT_COLLECTOR,4.199878
paging,q3,1,SORT_PARTITION,0.178774
paging,q3,1,SORT_PARTITION,0.176225
paging,q3,1,SORT_PARTITION,0.196152
paging,q3,1,SORT_SAMPLE,0.031512
paging,q3,1,SORT_SAMPLE,0.030215
paging,q3,1,SORT_SAMPLE,0.040407
paging,q3,2,CONCAT,3.168861
paging,q3,2,CONCAT,3.211611
paging,q3,2,CONCAT,2.96892
paging,q3,2,DYNAMIC_FILTER,10.916476999999999
paging,q3,2,DYNAMIC_FILTER,10.804585999999999
paging,q3,2,DYNAMIC_FILTER,13.981413
paging,q3,2,GPU_SCAN,2403.929351
paging,q3,2,GPU_SCAN,2499.1492200000002
paging,q3,2,GPU_SCAN,2597.513723
paging,q3,2,HASH_GROUP_BY,0.881332
paging,q3,2,HASH_GROUP_BY,1.162623
paging,q3,2,HASH_GROUP_BY,0.854956
paging,q3,2,HASH_JOIN,5.964506
paging,q3,2,HASH_JOIN,6.110604
paging,q3,2,HASH_JOIN,5.757026
paging,q3,2,MERGE_GROUP_BY,0.006682
paging,q3,2,MERGE_GROUP_BY,0.025746
paging,q3,2,MERGE_GROUP_BY,0.023304
paging,q3,2,MERGE_SORT,0.160208
paging,q3,2,MERGE_SORT,0.166555
paging,q3,2,MERGE_SORT,0.478403
paging,q3,2,ORDER_BY,1.308126
paging,q3,2,ORDER_BY,1.323096
paging,q3,2,ORDER_BY,1.321861
paging,q3,2,PARTITION,0.17854099999999998
paging,q3,2,PARTITION,0.31051899999999993
paging,q3,2,PARTITION,0.31354200000000004
paging,q3,2,PROJECTION,0.197277
paging,q3,2,PROJECTION,0.26785
paging,q3,2,PROJECTION,0.179447
paging,q3,2,RESULT_COLLECTOR,2.587894
paging,q3,2,RESULT_COLLECTOR,3.55872
paging,q3,2,RESULT_COLLECTOR,3.980426
paging,q3,2,SORT_PARTITION,0.246784
paging,q3,2,SORT_PARTITION,0.210715
paging,q3,2,SORT_PARTITION,0.178618
paging,q3,2,SORT_SAMPLE,0.058354
paging,q3,2,SORT_SAMPLE,0.049713
paging,q3,2,SORT_SAMPLE,0.039776
paging,q3,3,CONCAT,2.9918390000000006
paging,q3,3,CONCAT,3.4320249999999994
paging,q3,3,CONCAT,3.0919840000000005
paging,q3,3,DYNAMIC_FILTER,11.234926999999999
paging,q3,3,DYNAMIC_FILTER,8.288223
paging,q3,3,DYNAMIC_FILTER,7.321359
paging,q3,3,GPU_SCAN,2207.5562609999997
paging,q3,3,GPU_SCAN,2025.2397139999998
paging,q3,3,GPU_SCAN,2121.074801
paging,q3,3,HASH_GROUP_BY,1.092864
paging,q3,3,HASH_GROUP_BY,0.808121
paging,q3,3,HASH_GROUP_BY,0.866264
paging,q3,3,HASH_JOIN,6.16916
paging,q3,3,HASH_JOIN,6.412568
paging,q3,3,HASH_JOIN,6.080735000000001
paging,q3,3,MERGE_GROUP_BY,0.026571
paging,q3,3,MERGE_GROUP_BY,0.027294
paging,q3,3,MERGE_GROUP_BY,0.021527
paging,q3,3,MERGE_SORT,0.327501
paging,q3,3,MERGE_SORT,0.300176
paging,q3,3,MERGE_SORT,0.716988
paging,q3,3,ORDER_BY,1.377449
paging,q3,3,ORDER_BY,1.364648
paging,q3,3,ORDER_BY,1.373271
paging,q3,3,PARTITION,0.258312
paging,q3,3,PARTITION,0.325037
paging,q3,3,PARTITION,0.25775000000000003
paging,q3,3,PROJECTION,0.211622
paging,q3,3,PROJECTION,0.19406099999999998
paging,q3,3,PROJECTION,0.194802
paging,q3,3,RESULT_COLLECTOR,3.953301
paging,q3,3,RESULT_COLLECTOR,2.324632
paging,q3,3,RESULT_COLLECTOR,3.628661
paging,q3,3,SORT_PARTITION,0.240173
paging,q3,3,SORT_PARTITION,0.183495
paging,q3,3,SORT_PARTITION,0.203372
paging,q3,3,SORT_SAMPLE,0.055124
paging,q3,3,SORT_SAMPLE,0.031511
paging,q3,3,SORT_SAMPLE,0.035355
paging,q3,4,CONCAT,3.4115960000000003
paging,q3,4,CONCAT,3.791799
paging,q3,4,CONCAT,3.580285
paging,q3,4,DYNAMIC_FILTER,10.444911
paging,q3,4,DYNAMIC_FILTER,10.183592
paging,q3,4,DYNAMIC_FILTER,11.143177999999999
paging,q3,4,GPU_SCAN,1938.570818
paging,q3,4,GPU_SCAN,1963.3366380000002
paging,q3,4,GPU_SCAN,1935.1302389999998
paging,q3,4,HASH_GROUP_BY,0.859388
paging,q3,4,HASH_GROUP_BY,1.087616
paging,q3,4,HASH_GROUP_BY,1.121876
paging,q3,4,HASH_JOIN,6.004061
paging,q3,4,HASH_JOIN,6.288277
paging,q3,4,HASH_JOIN,5.940085
paging,q3,4,MERGE_GROUP_BY,0.050169
paging,q3,4,MERGE_GROUP_BY,0.028611
paging,q3,4,MERGE_GROUP_BY,0.023258
paging,q3,4,MERGE_SORT,0.487774
paging,q3,4,MERGE_SORT,0.318921
paging,q3,4,MERGE_SORT,0.758819
paging,q3,4,ORDER_BY,1.34939
paging,q3,4,ORDER_BY,1.459432
paging,q3,4,ORDER_BY,1.460826
paging,q3,4,PARTITION,0.316628
paging,q3,4,PARTITION,0.280598
paging,q3,4,PARTITION,0.353078
paging,q3,4,PROJECTION,0.260065
paging,q3,4,PROJECTION,0.312102
paging,q3,4,PROJECTION,0.213003
paging,q3,4,RESULT_COLLECTOR,4.239408
paging,q3,4,RESULT_COLLECTOR,4.260681
paging,q3,4,RESULT_COLLECTOR,4.265105
paging,q3,4,SORT_PARTITION,0.196966
paging,q3,4,SORT_PARTITION,0.188578
paging,q3,4,SORT_PARTITION,0.258647
paging,q3,4,SORT_SAMPLE,0.031252
paging,q3,4,SORT_SAMPLE,0.032846
paging,q3,4,SORT_SAMPLE,0.095367
paging,q3,5,CONCAT,3.5909009999999997
paging,q3,5,CONCAT,3.288615
paging,q3,5,CONCAT,3.910589
paging,q3,5,DYNAMIC_FILTER,7.717660999999999
paging,q3,5,DYNAMIC_FILTER,9.038565000000002
paging,q3,5,DYNAMIC_FILTER,7.979861
paging,q3,5,GPU_SCAN,2185.1454
paging,q3,5,GPU_SCAN,2032.25818
paging,q3,5,GPU_SCAN,2218.376361
paging,q3,5,HASH_GROUP_BY,1.116527
paging,q3,5,HASH_GROUP_BY,0.895824
paging,q3,5,HASH_GROUP_BY,1.24834
paging,q3,5,HASH_JOIN,6.192914
paging,q3,5,HASH_JOIN,6.326563
paging,q3,5,HASH_JOIN,6.585924
paging,q3,5,MERGE_GROUP_BY,0.031493
paging,q3,5,MERGE_GROUP_BY,0.022667
paging,q3,5,MERGE_GROUP_BY,0.024436
paging,q3,5,MERGE_SORT,0.480613
paging,q3,5,MERGE_SORT,0.286403
paging,q3,5,MERGE_SORT,0.334464
paging,q3,5,ORDER_BY,1.550702
paging,q3,5,ORDER_BY,1.33762
paging,q3,5,ORDER_BY,1.460921
paging,q3,5,PARTITION,0.28088399999999997
paging,q3,5,PARTITION,0.292104
paging,q3,5,PARTITION,0.31301099999999993
paging,q3,5,PROJECTION,0.33382100000000003
paging,q3,5,PROJECTION,0.220087
paging,q3,5,PROJECTION,0.25687899999999997
paging,q3,5,RESULT_COLLECTOR,3.51221
paging,q3,5,RESULT_COLLECTOR,3.41021
paging,q3,5,RESULT_COLLECTOR,2.923953
paging,q3,5,SORT_PARTITION,0.187494
paging,q3,5,SORT_PARTITION,0.190714
paging,q3,5,SORT_PARTITION,0.277532
paging,q3,5,SORT_SAMPLE,0.033656
paging,q3,5,SORT_SAMPLE,0.047718
paging,q3,5,SORT_SAMPLE,0.056422
paging,q4,1,CONCAT,1.21493
paging,q4,1,CONCAT,1.14336
paging,q4,1,CONCAT,1.274619
paging,q4,1,DYNAMIC_FILTER,13.758523
paging,q4,1,DYNAMIC_FILTER,13.435638
paging,q4,1,DYNAMIC_FILTER,10.548238
paging,q4,1,FILTER,11.784695
paging,q4,1,FILTER,4.5348939999999995
paging,q4,1,FILTER,3.0313380000000003
paging,q4,1,GPU_SCAN,1423.827606
paging,q4,1,GPU_SCAN,1452.799626
paging,q4,1,GPU_SCAN,1435.710592
paging,q4,1,HASH_GROUP_BY,2.413279
paging,q4,1,HASH_GROUP_BY,1.623126
paging,q4,1,HASH_GROUP_BY,1.74575
paging,q4,1,HASH_JOIN,4.984961
paging,q4,1,HASH_JOIN,4.437120999999999
paging,q4,1,HASH_JOIN,4.6813270000000005
paging,q4,1,LEFT_DELIM_JOIN,1.545166
paging,q4,1,LEFT_DELIM_JOIN,1.597329
paging,q4,1,LEFT_DELIM_JOIN,1.5863930000000002
paging,q4,1,MERGE_GROUP_BY,1.912836
paging,q4,1,MERGE_GROUP_BY,1.7235230000000001
paging,q4,1,MERGE_GROUP_BY,1.766035
paging,q4,1,MERGE_SORT,0.061331
paging,q4,1,MERGE_SORT,0.011642
paging,q4,1,MERGE_SORT,0.021541
paging,q4,1,ORDER_BY,0.199229
paging,q4,1,ORDER_BY,0.192404
paging,q4,1,ORDER_BY,0.162908
paging,q4,1,PARTITION,0.31039799999999995
paging,q4,1,PARTITION,0.288837
paging,q4,1,PARTITION,0.192279
paging,q4,1,PROJECTION,0.013523
paging,q4,1,PROJECTION,0.013706
paging,q4,1,PROJECTION,0.010827
paging,q4,1,RESULT_COLLECTOR,0.154917
paging,q4,1,RESULT_COLLECTOR,0.142064
paging,q4,1,RESULT_COLLECTOR,0.275502
paging,q4,1,SORT_PARTITION,0.00658
paging,q4,1,SORT_PARTITION,0.00714
paging,q4,1,SORT_PARTITION,0.006173
paging,q4,1,SORT_SAMPLE,0.012723
paging,q4,1,SORT_SAMPLE,0.012735
paging,q4,1,SORT_SAMPLE,0.00906
paging,q4,2,CONCAT,1.14555
paging,q4,2,CONCAT,1.1396039999999998
paging,q4,2,CONCAT,1.192206
paging,q4,2,DYNAMIC_FILTER,9.868300999999999
paging,q4,2,DYNAMIC_FILTER,11.131083
paging,q4,2,DYNAMIC_FILTER,8.680707
paging,q4,2,FILTER,2.512908
paging,q4,2,FILTER,7.979567
paging,q4,2,FILTER,7.771900999999999
paging,q4,2,GPU_SCAN,1437.340426
paging,q4,2,GPU_SCAN,1379.804544
paging,q4,2,GPU_SCAN,1413.359403
paging,q4,2,HASH_GROUP_BY,1.587164
paging,q4,2,HASH_GROUP_BY,1.641531
paging,q4,2,HASH_GROUP_BY,1.515283
paging,q4,2,HASH_JOIN,4.561501
paging,q4,2,HASH_JOIN,4.42894
paging,q4,2,HASH_JOIN,4.775195
paging,q4,2,LEFT_DELIM_JOIN,2.626657
paging,q4,2,LEFT_DELIM_JOIN,2.389614
paging,q4,2,LEFT_DELIM_JOIN,1.595157
paging,q4,2,MERGE_GROUP_BY,1.717654
paging,q4,2,MERGE_GROUP_BY,1.8493039999999998
paging,q4,2,MERGE_GROUP_BY,1.753222
paging,q4,2,MERGE_SORT,0.207336
paging,q4,2,MERGE_SORT,0.011926
paging,q4,2,MERGE_SORT,0.250409
paging,q4,2,ORDER_BY,0.204917
paging,q4,2,ORDER_BY,0.17703
paging,q4,2,ORDER_BY,0.162135
paging,q4,2,PARTITION,0.14194600000000002
paging,q4,2,PARTITION,0.285503
paging,q4,2,PARTITION,0.28771699999999995
paging,q4,2,PROJECTION,0.013539
paging,q4,2,PROJECTION,0.01319
paging,q4,2,PROJECTION,0.012327
paging,q4,2,RESULT_COLLECTOR,0.08525
paging,q4,2,RESULT_COLLECTOR,0.113425
paging,q4,2,RESULT_COLLECTOR,0.07655
paging,q4,2,SORT_PARTITION,0.184285
paging,q4,2,SORT_PARTITION,0.006782
paging,q4,2,SORT_PARTITION,0.167272
paging,q4,2,SORT_SAMPLE,0.11807
paging,q4,2,SORT_SAMPLE,0.011052
paging,q4,2,SORT_SAMPLE,0.083378
paging,q4,3,CONCAT,1.117391
paging,q4,3,CONCAT,1.810659
paging,q4,3,CONCAT,1.388713
paging,q4,3,DYNAMIC_FILTER,10.356531
paging,q4,3,DYNAMIC_FILTER,15.652122000000002
paging,q4,3,DYNAMIC_FILTER,11.644032
paging,q4,3,FILTER,1.970191
paging,q4,3,FILTER,3.8574970000000004
paging,q4,3,FILTER,3.4160530000000002
paging,q4,3,GPU_SCAN,1038.985355
paging,q4,3,GPU_SCAN,1052.852046
paging,q4,3,GPU_SCAN,1078.1114550000002
paging,q4,3,HASH_GROUP_BY,1.728692
paging,q4,3,HASH_GROUP_BY,2.529722
paging,q4,3,HASH_GROUP_BY,2.105218
paging,q4,3,HASH_JOIN,5.045994
paging,q4,3,HASH_JOIN,4.926049000000001
paging,q4,3,HASH_JOIN,5.205564
paging,q4,3,LEFT_DELIM_JOIN,1.4432019999999999
paging,q4,3,LEFT_DELIM_JOIN,1.3926129999999999
paging,q4,3,LEFT_DELIM_JOIN,1.67319
paging,q4,3,MERGE_GROUP_BY,1.737719
paging,q4,3,MERGE_GROUP_BY,1.75949
paging,q4,3,MERGE_GROUP_BY,2.001729
paging,q4,3,MERGE_SORT,0.281302
paging,q4,3,MERGE_SORT,0.339023
paging,q4,3,MERGE_SORT,0.360916
paging,q4,3,ORDER_BY,0.558598
paging,q4,3,ORDER_BY,0.244751
paging,q4,3,ORDER_BY,0.203128
paging,q4,3,PARTITION,0.20416299999999996
paging,q4,3,PARTITION,0.363751
paging,q4,3,PARTITION,0.42571000000000003
paging,q4,3,PROJECTION,0.015951
paging,q4,3,PROJECTION,0.016626
paging,q4,3,PROJECTION,0.013805
paging,q4,3,RESULT_COLLECTOR,0.0929
paging,q4,3,RESULT_COLLECTOR,0.23486
paging,q4,3,RESULT_COLLECTOR,0.12963
paging,q4,3,SORT_PARTITION,0.159959
paging,q4,3,SORT_PARTITION,0.208963
paging,q4,3,SORT_PARTITION,0.210822
paging,q4,3,SORT_SAMPLE,0.076787
paging,q4,3,SORT_SAMPLE,0.114525
paging,q4,3,SORT_SAMPLE,0.108029
paging,q4,4,CONCAT,1.315909
paging,q4,4,CONCAT,1.286817
paging,q4,4,CONCAT,1.152714
paging,q4,4,DYNAMIC_FILTER,9.095482
paging,q4,4,DYNAMIC_FILTER,9.411112
paging,q4,4,DYNAMIC_FILTER,10.007992
paging,q4,4,FILTER,2.410186
paging,q4,4,FILTER,2.0579009999999998
paging,q4,4,FILTER,2.915418
paging,q4,4,GPU_SCAN,1193.228697
paging,q4,4,GPU_SCAN,1166.218971
paging,q4,4,GPU_SCAN,1177.486821
paging,q4,4,HASH_GROUP_BY,1.755871
paging,q4,4,HASH_GROUP_BY,1.772224
paging,q4,4,HASH_GROUP_BY,1.83016
paging,q4,4,HASH_JOIN,4.7052130000000005
paging,q4,4,HASH_JOIN,4.651142999999999
paging,q4,4,HASH_JOIN,4.96106
paging,q4,4,LEFT_DELIM_JOIN,1.566692
paging,q4,4,LEFT_DELIM_JOIN,1.523083
paging,q4,4,LEFT_DELIM_JOIN,1.445201
paging,q4,4,MERGE_GROUP_BY,1.980706
paging,q4,4,MERGE_GROUP_BY,1.993873
paging,q4,4,MERGE_GROUP_BY,1.733262
paging,q4,4,MERGE_SORT,0.25091
paging,q4,4,MERGE_SORT,0.261513
paging,q4,4,MERGE_SORT,0.20763
paging,q4,4,ORDER_BY,0.19085
paging,q4,4,ORDER_BY,0.209098
paging,q4,4,ORDER_BY,0.154576
paging,q4,4,PARTITION,0.254274
paging,q4,4,PARTITION,0.279982
paging,q4,4,PARTITION,0.16164000000000003
paging,q4,4,PROJECTION,0.014069
paging,q4,4,PROJECTION,0.010367
paging,q4,4,PROJECTION,0.011739
paging,q4,4,RESULT_COLLECTOR,0.109838
paging,q4,4,RESULT_COLLECTOR,0.074228
paging,q4,4,RESULT_COLLECTOR,0.078511
paging,q4,4,SORT_PARTITION,0.194157
paging,q4,4,SORT_PARTITION,0.244707
paging,q4,4,SORT_PARTITION,0.163799
paging,q4,4,SORT_SAMPLE,0.102049
paging,q4,4,SORT_SAMPLE,0.121474
paging,q4,4,SORT_SAMPLE,0.081426
paging,q4,5,CONCAT,1.1244580000000002
paging,q4,5,CONCAT,1.16051
paging,q4,5,CONCAT,1.287196
paging,q4,5,DYNAMIC_FILTER,13.115448
paging,q4,5,DYNAMIC_FILTER,10.851502
paging,q4,5,DYNAMIC_FILTER,11.720574
paging,q4,5,FILTER,2.2577190000000003
paging,q4,5,FILTER,2.93546
paging,q4,5,FILTER,2.508482
paging,q4,5,GPU_SCAN,1033.7157789999999
paging,q4,5,GPU_SCAN,1046.250525
paging,q4,5,GPU_SCAN,1052.967687
paging,q4,5,HASH_GROUP_BY,1.69177
paging,q4,5,HASH_GROUP_BY,3.121854
paging,q4,5,HASH_GROUP_BY,3.14034
paging,q4,5,HASH_JOIN,4.5257760000000005
paging,q4,5,HASH_JOIN,4.901792
paging,q4,5,HASH_JOIN,5.116207
paging,q4,5,LEFT_DELIM_JOIN,1.604605
paging,q4,5,LEFT_DELIM_JOIN,1.520592
paging,q4,5,LEFT_DELIM_JOIN,1.643685
paging,q4,5,MERGE_GROUP_BY,2.001326
paging,q4,5,MERGE_GROUP_BY,1.904099
paging,q4,5,MERGE_GROUP_BY,1.71715
paging,q4,5,MERGE_SORT,0.187434
paging,q4,5,MERGE_SORT,0.301571
paging,q4,5,MERGE_SORT,0.257393
paging,q4,5,ORDER_BY,0.149903
paging,q4,5,ORDER_BY,0.192308
paging,q4,5,ORDER_BY,0.1666
paging,q4,5,PARTITION,0.12522999999999998
paging,q4,5,PARTITION,0.278603
paging,q4,5,PARTITION,0.20704099999999998
paging,q4,5,PROJECTION,0.010853
paging,q4,5,PROJECTION,0.014035
paging,q4,5,PROJECTION,0.010326
paging,q4,5,RESULT_COLLECTOR,0.096316
paging,q4,5,RESULT_COLLECTOR,0.118669
paging,q4,5,RESULT_COLLECTOR,0.091063
paging,q4,5,SORT_PARTITION,0.159174
paging,q4,5,SORT_PARTITION,0.491313
paging,q4,5,SORT_PARTITION,0.465017
paging,q4,5,SORT_SAMPLE,0.080625
paging,q4,5,SORT_SAMPLE,0.258566
paging,q4,5,SORT_SAMPLE,0.243311
paging,q5,1,CONCAT,1.779749
paging,q5,1,CONCAT,1.8887369999999997
paging,q5,1,CONCAT,2.1382179999999997
paging,q5,1,DYNAMIC_FILTER,13.931769999999998
paging,q5,1,DYNAMIC_FILTER,19.289824999999997
paging,q5,1,DYNAMIC_FILTER,17.254970999999998
paging,q5,1,GPU_SCAN,3384.9201899999994
paging,q5,1,GPU_SCAN,3393.2708429999993
paging,q5,1,GPU_SCAN,3303.125632
paging,q5,1,HASH_GROUP_BY,0.535855
paging,q5,1,HASH_GROUP_BY,0.590488
paging,q5,1,HASH_GROUP_BY,1.149964
paging,q5,1,HASH_JOIN,11.035337
paging,q5,1,HASH_JOIN,10.885488000000002
paging,q5,1,HASH_JOIN,10.593817
paging,q5,1,MERGE_GROUP_BY,0.027429
paging,q5,1,MERGE_GROUP_BY,0.013775
paging,q5,1,MERGE_GROUP_BY,0.01048
paging,q5,1,MERGE_SORT,0.661781
paging,q5,1,MERGE_SORT,0.551627
paging,q5,1,MERGE_SORT,0.807355
paging,q5,1,ORDER_BY,0.259901
paging,q5,1,ORDER_BY,0.160753
paging,q5,1,ORDER_BY,0.192053
paging,q5,1,PARTITION,0.48646799999999996
paging,q5,1,PARTITION,0.46282499999999993
paging,q5,1,PARTITION,0.3940749999999999
paging,q5,1,PROJECTION,0.105298
paging,q5,1,PROJECTION,0.115629
paging,q5,1,PROJECTION,0.118993
paging,q5,1,RESULT_COLLECTOR,0.275883
paging,q5,1,RESULT_COLLECTOR,0.325761
paging,q5,1,RESULT_COLLECTOR,0.110299
paging,q5,1,SORT_PARTITION,0.303852
paging,q5,1,SORT_PARTITION,0.34969
paging,q5,1,SORT_PARTITION,0.291784
paging,q5,1,SORT_SAMPLE,0.033274
paging,q5,1,SORT_SAMPLE,0.026394
paging,q5,1,SORT_SAMPLE,0.030598
paging,q5,2,CONCAT,1.8115539999999999
paging,q5,2,CONCAT,2.0421659999999995
paging,q5,2,CONCAT,2.357172
paging,q5,2,DYNAMIC_FILTER,14.553793999999998
paging,q5,2,DYNAMIC_FILTER,15.31841
paging,q5,2,DYNAMIC_FILTER,19.492345
paging,q5,2,GPU_SCAN,3196.2783409999997
paging,q5,2,GPU_SCAN,3362.2390370000003
paging,q5,2,GPU_SCAN,3355.280468
paging,q5,2,HASH_GROUP_BY,0.729611
paging,q5,2,HASH_GROUP_BY,0.483989
paging,q5,2,HASH_GROUP_BY,1.417
paging,q5,2,HASH_JOIN,10.970604999999999
paging,q5,2,HASH_JOIN,10.838218
paging,q5,2,HASH_JOIN,12.143286999999999
paging,q5,2,MERGE_GROUP_BY,0.008157
paging,q5,2,MERGE_GROUP_BY,0.007396
paging,q5,2,MERGE_GROUP_BY,0.026312
paging,q5,2,MERGE_SORT,0.216599
paging,q5,2,MERGE_SORT,0.930822
paging,q5,2,MERGE_SORT,1.15122
paging,q5,2,ORDER_BY,0.177492
paging,q5,2,ORDER_BY,0.184129
paging,q5,2,ORDER_BY,0.204181
paging,q5,2,PARTITION,0.3790179999999999
paging,q5,2,PARTITION,0.497611
paging,q5,2,PARTITION,0.506041
paging,q5,2,PROJECTION,0.167325
paging,q5,2,PROJECTION,0.235857
paging,q5,2,PROJECTION,0.208693
paging,q5,2,RESULT_COLLECTOR,0.111137
paging,q5,2,RESULT_COLLECTOR,0.09962
paging,q5,2,RESULT_COLLECTOR,0.401098
paging,q5,2,SORT_PARTITION,0.29167
paging,q5,2,SORT_PARTITION,0.366578
paging,q5,2,SORT_PARTITION,0.3775
paging,q5,2,SORT_SAMPLE,0.041002
paging,q5,2,SORT_SAMPLE,0.02984
paging,q5,2,SORT_SAMPLE,0.036207
paging,q5,3,CONCAT,2.0359529999999997
paging,q5,3,CONCAT,2.0363040000000003
paging,q5,3,CONCAT,2.133469
paging,q5,3,DYNAMIC_FILTER,16.526258000000002
paging,q5,3,DYNAMIC_FILTER,13.760477000000002
paging,q5,3,DYNAMIC_FILTER,16.212343999999998
paging,q5,3,GPU_SCAN,3068.293404
paging,q5,3,GPU_SCAN,3016.0612089999995
paging,q5,3,GPU_SCAN,3158.2715780000003
paging,q5,3,HASH_GROUP_BY,0.6003
paging,q5,3,HASH_GROUP_BY,0.881039
paging,q5,3,HASH_GROUP_BY,1.329608
paging,q5,3,HASH_JOIN,11.658764
paging,q5,3,HASH_JOIN,11.045178
paging,q5,3,HASH_JOIN,11.075581999999999
paging,q5,3,MERGE_GROUP_BY,0.010258
paging,q5,3,MERGE_GROUP_BY,0.006698
paging,q5,3,MERGE_GROUP_BY,0.009217
paging,q5,3,MERGE_SORT,0.393606
paging,q5,3,MERGE_SORT,0.694701
paging,q5,3,MERGE_SORT,0.461121
paging,q5,3,ORDER_BY,0.160075
paging,q5,3,ORDER_BY,0.171185
paging,q5,3,ORDER_BY,0.525478
paging,q5,3,PARTITION,0.41340200000000005
paging,q5,3,PARTITION,0.40004599999999996
paging,q5,3,PARTITION,0.46645499999999995
paging,q5,3,PROJECTION,0.110764
paging,q5,3,PROJECTION,0.236426
paging,q5,3,PROJECTION,0.158386
paging,q5,3,RESULT_COLLECTOR,0.122985
paging,q5,3,RESULT_COLLECTOR,0.107881
paging,q5,3,RESULT_COLLECTOR,0.091026
paging,q5,3,SORT_PARTITION,0.412509
paging,q5,3,SORT_PARTITION,0.33922
paging,q5,3,SORT_PARTITION,0.327281
paging,q5,3,SORT_SAMPLE,0.029332
paging,q5,3,SORT_SAMPLE,0.030482
paging,q5,3,SORT_SAMPLE,0.029634
paging,q5,4,CONCAT,2.2410799999999997
paging,q5,4,CONCAT,2.0623370000000003
paging,q5,4,CONCAT,1.6549629999999997
paging,q5,4,DYNAMIC_FILTER,13.601467
paging,q5,4,DYNAMIC_FILTER,13.405248000000002
paging,q5,4,DYNAMIC_FILTER,11.956247
paging,q5,4,GPU_SCAN,3035.4237239999998
paging,q5,4,GPU_SCAN,2996.0931330000003
paging,q5,4,GPU_SCAN,2974.077688999999
paging,q5,4,HASH_GROUP_BY,0.535776
paging,q5,4,HASH_GROUP_BY,1.079269
paging,q5,4,HASH_GROUP_BY,1.27742
paging,q5,4,HASH_JOIN,12.401968
paging,q5,4,HASH_JOIN,12.163426000000001
paging,q5,4,HASH_JOIN,11.520547
paging,q5,4,MERGE_GROUP_BY,0.03368
paging,q5,4,MERGE_GROUP_BY,0.044627
paging,q5,4,MERGE_GROUP_BY,0.009543
paging,q5,4,MERGE_SORT,1.393591
paging,q5,4,MERGE_SORT,1.667593
paging,q5,4,MERGE_SORT,0.444662
paging,q5,4,ORDER_BY,0.516795
paging,q5,4,ORDER_BY,0.377536
paging,q5,4,ORDER_BY,0.218896
paging,q5,4,PARTITION,0.574534
paging,q5,4,PARTITION,0.8062129999999998
paging,q5,4,PARTITION,0.41148300000000004
paging,q5,4,PROJECTION,0.135728
paging,q5,4,PROJECTION,0.223017
paging,q5,4,PROJECTION,0.118954
paging,q5,4,RESULT_COLLECTOR,0.21922
paging,q5,4,RESULT_COLLECTOR,0.242678
paging,q5,4,RESULT_COLLECTOR,0.08841
paging,q5,4,SORT_PARTITION,0.488031
paging,q5,4,SORT_PARTITION,0.552022
paging,q5,4,SORT_PARTITION,0.520521
paging,q5,4,SORT_SAMPLE,0.084934
paging,q5,4,SORT_SAMPLE,0.030819
paging,q5,4,SORT_SAMPLE,0.03937
paging,q5,5,CONCAT,2.2294270000000003
paging,q5,5,CONCAT,1.727107
paging,q5,5,CONCAT,2.4681859999999998
paging,q5,5,DYNAMIC_FILTER,14.390034
paging,q5,5,DYNAMIC_FILTER,14.913553000000002
paging,q5,5,DYNAMIC_FILTER,21.370278000000003
paging,q5,5,GPU_SCAN,3100.545677
paging,q5,5,GPU_SCAN,3134.3839380000004
paging,q5,5,GPU_SCAN,3134.7660440000004
paging,q5,5,HASH_GROUP_BY,0.929816
paging,q5,5,HASH_GROUP_BY,0.54367
paging,q5,5,HASH_GROUP_BY,1.205021
paging,q5,5,HASH_JOIN,12.024675
paging,q5,5,HASH_JOIN,10.16885
paging,q5,5,HASH_JOIN,12.505901999999999
paging,q5,5,MERGE_GROUP_BY,0.008285
paging,q5,5,MERGE_GROUP_BY,0.008191
paging,q5,5,MERGE_GROUP_BY,0.007968
paging,q5,5,MERGE_SORT,1.069435
paging,q5,5,MERGE_SORT,0.9402
paging,q5,5,MERGE_SORT,0.405588
paging,q5,5,ORDER_BY,0.534243
paging,q5,5,ORDER_BY,0.2015
paging,q5,5,ORDER_BY,0.337226
paging,q5,5,PARTITION,0.48735399999999995
paging,q5,5,PARTITION,0.3995289999999999
paging,q5,5,PARTITION,0.568663
paging,q5,5,PROJECTION,0.255543
paging,q5,5,PROJECTION,0.110833
paging,q5,5,PROJECTION,0.116442
paging,q5,5,RESULT_COLLECTOR,0.137942
paging,q5,5,RESULT_COLLECTOR,0.112814
paging,q5,5,RESULT_COLLECTOR,0.111109
paging,q5,5,SORT_PARTITION,0.468871
paging,q5,5,SORT_PARTITION,0.397457
paging,q5,5,SORT_PARTITION,0.717238
paging,q5,5,SORT_SAMPLE,0.055227
paging,q5,5,SORT_SAMPLE,0.032517
paging,q5,5,SORT_SAMPLE,0.088058
paging,q6,1,GPU_SCAN,2059.777274
paging,q6,1,GPU_SCAN,2041.754616
paging,q6,1,GPU_SCAN,2049.7544159999998
paging,q6,1,MERGE_AGGREGATE,0.776998
paging,q6,1,MERGE_AGGREGATE,0.192481
paging,q6,1,MERGE_AGGREGATE,0.215552
paging,q6,1,PROJECTION,14.260967999999998
paging,q6,1,PROJECTION,1.2511569999999999
paging,q6,1,PROJECTION,1.369419
paging,q6,1,RESULT_COLLECTOR,0.141057
paging,q6,1,RESULT_COLLECTOR,0.252243
paging,q6,1,RESULT_COLLECTOR,0.179339
paging,q6,1,UNGROUPED_AGGREGATE,9.922389999999998
paging,q6,1,UNGROUPED_AGGREGATE,1.455229
paging,q6,1,UNGROUPED_AGGREGATE,1.5817670000000001
paging,q6,2,GPU_SCAN,1998.0240359999998
paging,q6,2,GPU_SCAN,2006.0904969999997
paging,q6,2,GPU_SCAN,1994.6327589999999
paging,q6,2,MERGE_AGGREGATE,0.165246
paging,q6,2,MERGE_AGGREGATE,0.142096
paging,q6,2,MERGE_AGGREGATE,0.189558
paging,q6,2,PROJECTION,1.956537
paging,q6,2,PROJECTION,1.691059
paging,q6,2,PROJECTION,2.592345
paging,q6,2,RESULT_COLLECTOR,0.069475
paging,q6,2,RESULT_COLLECTOR,0.057224
paging,q6,2,RESULT_COLLECTOR,0.07031
paging,q6,2,UNGROUPED_AGGREGATE,2.224036
paging,q6,2,UNGROUPED_AGGREGATE,1.946323
paging,q6,2,UNGROUPED_AGGREGATE,5.549534
paging,q6,3,GPU_SCAN,2000.156826
paging,q6,3,GPU_SCAN,2024.540636
paging,q6,3,GPU_SCAN,1985.840356
paging,q6,3,MERGE_AGGREGATE,0.188046
paging,q6,3,MERGE_AGGREGATE,0.19624
paging,q6,3,MERGE_AGGREGATE,0.146595
paging,q6,3,PROJECTION,2.5143009999999997
paging,q6,3,PROJECTION,1.860945
paging,q6,3,PROJECTION,1.386678
paging,q6,3,RESULT_COLLECTOR,0.110038
paging,q6,3,RESULT_COLLECTOR,0.079377
paging,q6,3,RESULT_COLLECTOR,0.060343
paging,q6,3,UNGROUPED_AGGREGATE,2.340761
paging,q6,3,UNGROUPED_AGGREGATE,2.534729
paging,q6,3,UNGROUPED_AGGREGATE,1.7118670000000002
paging,q6,4,GPU_SCAN,1561.814231
paging,q6,4,GPU_SCAN,1554.790893
paging,q6,4,GPU_SCAN,1551.271767
paging,q6,4,MERGE_AGGREGATE,0.185253
paging,q6,4,MERGE_AGGREGATE,0.208633
paging,q6,4,MERGE_AGGREGATE,0.151069
paging,q6,4,PROJECTION,2.3016210000000004
paging,q6,4,PROJECTION,2.961525
paging,q6,4,PROJECTION,1.600889
paging,q6,4,RESULT_COLLECTOR,0.093555
paging,q6,4,RESULT_COLLECTOR,0.079158
paging,q6,4,RESULT_COLLECTOR,0.059073
paging,q6,4,UNGROUPED_AGGREGATE,2.963997
paging,q6,4,UNGROUPED_AGGREGATE,2.777819
paging,q6,4,UNGROUPED_AGGREGATE,2.359771
paging,q6,5,GPU_SCAN,1124.095773
paging,q6,5,GPU_SCAN,1128.130942
paging,q6,5,GPU_SCAN,1121.841356
paging,q6,5,MERGE_AGGREGATE,0.211459
paging,q6,5,MERGE_AGGREGATE,0.31434
paging,q6,5,MERGE_AGGREGATE,0.181596
paging,q6,5,PROJECTION,1.3753379999999997
paging,q6,5,PROJECTION,1.507923
paging,q6,5,PROJECTION,1.338835
paging,q6,5,RESULT_COLLECTOR,0.093566
paging,q6,5,RESULT_COLLECTOR,0.234173
paging,q6,5,RESULT_COLLECTOR,0.077065
paging,q6,5,UNGROUPED_AGGREGATE,1.9511060000000002
paging,q6,5,UNGROUPED_AGGREGATE,2.123081
paging,q6,5,UNGROUPED_AGGREGATE,1.667661
paging,q7,1,CONCAT,3.7752179999999997
paging,q7,1,CONCAT,2.714141
paging,q7,1,CONCAT,3.671615
paging,q7,1,DYNAMIC_FILTER,14.968407000000003
paging,q7,1,DYNAMIC_FILTER,16.721916
paging,q7,1,DYNAMIC_FILTER,13.981811
paging,q7,1,FILTER,1.881758
paging,q7,1,FILTER,1.764321
paging,q7,1,FILTER,1.257761
paging,q7,1,GPU_SCAN,3847.045462
paging,q7,1,GPU_SCAN,4027.0345389999998
paging,q7,1,GPU_SCAN,3714.164020999999
paging,q7,1,HASH_GROUP_BY,1.778764
paging,q7,1,HASH_GROUP_BY,1.728682
paging,q7,1,HASH_GROUP_BY,0.660136
paging,q7,1,HASH_JOIN,13.250441
paging,q7,1,HASH_JOIN,13.124458
paging,q7,1,HASH_JOIN,12.691204
paging,q7,1,MERGE_GROUP_BY,0.122608
paging,q7,1,MERGE_GROUP_BY,0.031537
paging,q7,1,MERGE_GROUP_BY,0.006752
paging,q7,1,MERGE_SORT,2.745014
paging,q7,1,MERGE_SORT,2.82114
paging,q7,1,MERGE_SORT,0.718277
paging,q7,1,ORDER_BY,0.481409
paging,q7,1,ORDER_BY,0.580207
paging,q7,1,ORDER_BY,0.452324
paging,q7,1,PARTITION,0.5721909999999999
paging,q7,1,PARTITION,0.5636650000000001
paging,q7,1,PARTITION,0.31224300000000005
paging,q7,1,PROJECTION,0.126632
paging,q7,1,PROJECTION,0.149103
paging,q7,1,PROJECTION,0.119776
paging,q7,1,RESULT_COLLECTOR,0.314632
paging,q7,1,RESULT_COLLECTOR,0.347228
paging,q7,1,RESULT_COLLECTOR,0.106673
paging,q7,1,SORT_PARTITION,0.740126
paging,q7,1,SORT_PARTITION,0.888091
paging,q7,1,SORT_PARTITION,0.703507
paging,q7,1,SORT_SAMPLE,0.161301
paging,q7,1,SORT_SAMPLE,0.188621
paging,q7,1,SORT_SAMPLE,0.145984
paging,q7,2,CONCAT,2.905009
paging,q7,2,CONCAT,3.6413300000000004
paging,q7,2,CONCAT,2.7016739999999997
paging,q7,2,DYNAMIC_FILTER,16.078766
paging,q7,2,DYNAMIC_FILTER,15.948011999999999
paging,q7,2,DYNAMIC_FILTER,17.093124
paging,q7,2,FILTER,1.8541930000000002
paging,q7,2,FILTER,1.194864
paging,q7,2,FILTER,1.2138360000000001
paging,q7,2,GPU_SCAN,3961.4706160000005
paging,q7,2,GPU_SCAN,3738.1073840000004
paging,q7,2,GPU_SCAN,3995.0231589999994
paging,q7,2,HASH_GROUP_BY,1.656541
paging,q7,2,HASH_GROUP_BY,1.74038
paging,q7,2,HASH_GROUP_BY,0.836039
paging,q7,2,HASH_JOIN,14.083374999999998
paging,q7,2,HASH_JOIN,12.527741
paging,q7,2,HASH_JOIN,12.492585
paging,q7,2,MERGE_GROUP_BY,0.026949
paging,q7,2,MERGE_GROUP_BY,0.034028
paging,q7,2,MERGE_GROUP_BY,0.029906
paging,q7,2,MERGE_SORT,2.849119
paging,q7,2,MERGE_SORT,1.798979
paging,q7,2,MERGE_SORT,0.774833
paging,q7,2,ORDER_BY,0.472069
paging,q7,2,ORDER_BY,0.518104
paging,q7,2,ORDER_BY,0.439106
paging,q7,2,PARTITION,0.437966
paging,q7,2,PARTITION,0.49066500000000013
paging,q7,2,PARTITION,0.43958
paging,q7,2,PROJECTION,0.147308
paging,q7,2,PROJECTION,0.162249
paging,q7,2,PROJECTION,0.204939
paging,q7,2,RESULT_COLLECTOR,0.315818
paging,q7,2,RESULT_COLLECTOR,0.348985
paging,q7,2,RESULT_COLLECTOR,0.309875
paging,q7,2,SORT_PARTITION,0.873336
paging,q7,2,SORT_PARTITION,0.954582
paging,q7,2,SORT_PARTITION,0.710475
paging,q7,2,SORT_SAMPLE,0.163526
paging,q7,2,SORT_SAMPLE,0.182382
paging,q7,2,SORT_SAMPLE,0.150215
paging,q7,3,CONCAT,2.6335669999999998
paging,q7,3,CONCAT,3.1458559999999998
paging,q7,3,CONCAT,2.823872
paging,q7,3,DYNAMIC_FILTER,16.212275
paging,q7,3,DYNAMIC_FILTER,12.278590000000001
paging,q7,3,DYNAMIC_FILTER,14.706638
paging,q7,3,FILTER,1.493047
paging,q7,3,FILTER,1.484235
paging,q7,3,FILTER,1.32776
paging,q7,3,GPU_SCAN,4017.0752859999993
paging,q7,3,GPU_SCAN,3495.485622999999
paging,q7,3,GPU_SCAN,3644.0308550000004
paging,q7,3,HASH_GROUP_BY,1.679071
paging,q7,3,HASH_GROUP_BY,1.632069
paging,q7,3,HASH_GROUP_BY,0.574993
paging,q7,3,HASH_JOIN,12.433286999999998
paging,q7,3,HASH_JOIN,12.746165000000001
paging,q7,3,HASH_JOIN,12.211674
paging,q7,3,MERGE_GROUP_BY,0.030203
paging,q7,3,MERGE_GROUP_BY,0.008278
paging,q7,3,MERGE_GROUP_BY,0.006566
paging,q7,3,MERGE_SORT,2.795354
paging,q7,3,MERGE_SORT,1.815782
paging,q7,3,MERGE_SORT,1.494028
paging,q7,3,ORDER_BY,0.477568
paging,q7,3,ORDER_BY,0.440187
paging,q7,3,ORDER_BY,0.414101
paging,q7,3,PARTITION,0.445621
paging,q7,3,PARTITION,0.460525
paging,q7,3,PARTITION,0.450378
paging,q7,3,PROJECTION,0.147394
paging,q7,3,PROJECTION,0.125416
paging,q7,3,PROJECTION,0.121851
paging,q7,3,RESULT_COLLECTOR,0.344126
paging,q7,3,RESULT_COLLECTOR,0.123708
paging,q7,3,RESULT_COLLECTOR,0.114178
paging,q7,3,SORT_PARTITION,0.876905
paging,q7,3,SORT_PARTITION,0.750898
paging,q7,3,SORT_PARTITION,0.699896
paging,q7,3,SORT_SAMPLE,0.164925
paging,q7,3,SORT_SAMPLE,0.14655
paging,q7,3,SORT_SAMPLE,0.143071
paging,q7,4,CONCAT,2.8387650000000004
paging,q7,4,CONCAT,2.753785
paging,q7,4,CONCAT,2.9375229999999997
paging,q7,4,DYNAMIC_FILTER,14.204799
paging,q7,4,DYNAMIC_FILTER,12.619526000000002
paging,q7,4,DYNAMIC_FILTER,15.654572000000002
paging,q7,4,FILTER,1.3475640000000002
paging,q7,4,FILTER,1.734891
paging,q7,4,FILTER,1.315817
paging,q7,4,GPU_SCAN,3625.4402510000004
paging,q7,4,GPU_SCAN,3505.6586159999997
paging,q7,4,GPU_SCAN,3782.1666020000002
paging,q7,4,HASH_GROUP_BY,1.525395
paging,q7,4,HASH_GROUP_BY,1.850674
paging,q7,4,HASH_GROUP_BY,0.583304
paging,q7,4,HASH_JOIN,12.087308
paging,q7,4,HASH_JOIN,13.229769000000001
paging,q7,4,HASH_JOIN,12.784082000000001
paging,q7,4,MERGE_GROUP_BY,0.029304
paging,q7,4,MERGE_GROUP_BY,0.00836
paging,q7,4,MERGE_GROUP_BY,0.011415
paging,q7,4,MERGE_SORT,0.833345
paging,q7,4,MERGE_SORT,0.750639
paging,q7,4,MERGE_SORT,0.697626
paging,q7,4,ORDER_BY,0.430929
paging,q7,4,ORDER_BY,0.432764
paging,q7,4,ORDER_BY,0.465344
paging,q7,4,PARTITION,0.385386
paging,q7,4,PARTITION,0.333913
paging,q7,4,PARTITION,0.44548000000000004
paging,q7,4,PROJECTION,0.123151
paging,q7,4,PROJECTION,0.246423
paging,q7,4,PROJECTION,0.124464
paging,q7,4,RESULT_COLLECTOR,0.308277
paging,q7,4,RESULT_COLLECTOR,0.108145
paging,q7,4,RESULT_COLLECTOR,0.137942
paging,q7,4,SORT_PARTITION,0.726366
paging,q7,4,SORT_PARTITION,0.70223
paging,q7,4,SORT_PARTITION,0.687392
paging,q7,4,SORT_SAMPLE,0.137252
paging,q7,4,SORT_SAMPLE,0.14888
paging,q7,4,SORT_SAMPLE,0.155112
paging,q7,5,CONCAT,3.6563339999999998
paging,q7,5,CONCAT,2.591297
paging,q7,5,CONCAT,3.6178690000000002
paging,q7,5,DYNAMIC_FILTER,13.029048999999999
paging,q7,5,DYNAMIC_FILTER,13.418714
paging,q7,5,DYNAMIC_FILTER,14.255057000000003
paging,q7,5,FILTER,1.440819
paging,q7,5,FILTER,1.296821
paging,q7,5,FILTER,1.4552690000000001
paging,q7,5,GPU_SCAN,3403.5684190000015
paging,q7,5,GPU_SCAN,3548.9677340000003
paging,q7,5,GPU_SCAN,3451.430223
paging,q7,5,HASH_GROUP_BY,1.666569
paging,q7,5,HASH_GROUP_BY,1.523293
paging,q7,5,HASH_GROUP_BY,0.664399
paging,q7,5,HASH_JOIN,14.057570000000002
paging,q7,5,HASH_JOIN,13.328759999999999
paging,q7,5,HASH_JOIN,13.309094000000002
paging,q7,5,MERGE_GROUP_BY,0.03352
paging,q7,5,MERGE_GROUP_BY,0.012704
paging,q7,5,MERGE_GROUP_BY,0.034077
paging,q7,5,MERGE_SORT,0.880187
paging,q7,5,MERGE_SORT,1.03753
paging,q7,5,MERGE_SORT,2.70402
paging,q7,5,ORDER_BY,1.067524
paging,q7,5,ORDER_BY,0.485393
paging,q7,5,ORDER_BY,0.571288
paging,q7,5,PARTITION,0.6582079999999999
paging,q7,5,PARTITION,0.40824900000000014
paging,q7,5,PARTITION,0.606904
paging,q7,5,PROJECTION,0.13926
paging,q7,5,PROJECTION,0.122422
paging,q7,5,PROJECTION,0.141399
paging,q7,5,RESULT_COLLECTOR,0.326535
paging,q7,5,RESULT_COLLECTOR,0.129023
paging,q7,5,RESULT_COLLECTOR,0.306241
paging,q7,5,SORT_PARTITION,1.491484
paging,q7,5,SORT_PARTITION,0.73963
paging,q7,5,SORT_PARTITION,0.894545
paging,q7,5,SORT_SAMPLE,0.283069
paging,q7,5,SORT_SAMPLE,0.147515
paging,q7,5,SORT_SAMPLE,0.169426
paging,q8,1,CONCAT,3.0249200000000003
paging,q8,1,CONCAT,3.273300999999999
paging,q8,1,CONCAT,4.292287999999999
paging,q8,1,DYNAMIC_FILTER,23.581276000000003
paging,q8,1,DYNAMIC_FILTER,30.867169000000004
paging,q8,1,DYNAMIC_FILTER,40.367659
paging,q8,1,GPU_SCAN,4399.9638780000005
paging,q8,1,GPU_SCAN,4860.232826
paging,q8,1,GPU_SCAN,4526.293877
paging,q8,1,HASH_GROUP_BY,0.424155
paging,q8,1,HASH_GROUP_BY,0.290755
paging,q8,1,HASH_GROUP_BY,0.411648
paging,q8,1,HASH_JOIN,15.303263999999999
paging,q8,1,HASH_JOIN,15.681507000000002
paging,q8,1,HASH_JOIN,16.602174
paging,q8,1,MERGE_GROUP_BY,0.008127
paging,q8,1,MERGE_GROUP_BY,0.023532
paging,q8,1,MERGE_GROUP_BY,0.0133
paging,q8,1,MERGE_SORT,0.012176
paging,q8,1,MERGE_SORT,0.018718
paging,q8,1,MERGE_SORT,0.024525
paging,q8,1,ORDER_BY,0.11176
paging,q8,1,ORDER_BY,0.075082
paging,q8,1,ORDER_BY,0.079562
paging,q8,1,PARTITION,0.358461
paging,q8,1,PARTITION,0.431963
paging,q8,1,PARTITION,0.777468
paging,q8,1,PROJECTION,0.359737
paging,q8,1,PROJECTION,0.39096400000000003
paging,q8,1,PROJECTION,0.49079199999999995
paging,q8,1,RESULT_COLLECTOR,0.102244
paging,q8,1,RESULT_COLLECTOR,0.190962
paging,q8,1,RESULT_COLLECTOR,0.124904
paging,q8,1,SORT_PARTITION,0.005467
paging,q8,1,SORT_PARTITION,0.005269
paging,q8,1,SORT_PARTITION,0.006651
paging,q8,1,SORT_SAMPLE,0.00857
paging,q8,1,SORT_SAMPLE,0.008697
paging,q8,1,SORT_SAMPLE,0.012079
paging,q8,2,CONCAT,3.028678
paging,q8,2,CONCAT,4.107114
paging,q8,2,CONCAT,4.017129
paging,q8,2,DYNAMIC_FILTER,25.728754999999996
paging,q8,2,DYNAMIC_FILTER,24.791355000000003
paging,q8,2,DYNAMIC_FILTER,21.342716999999997
paging,q8,2,GPU_SCAN,4647.574407000001
paging,q8,2,GPU_SCAN,4604.516057
paging,q8,2,GPU_SCAN,4497.938938
paging,q8,2,HASH_GROUP_BY,0.296831
paging,q8,2,HASH_GROUP_BY,0.433317
paging,q8,2,HASH_GROUP_BY,0.283837
paging,q8,2,HASH_JOIN,14.968992000000002
paging,q8,2,HASH_JOIN,16.464861
paging,q8,2,HASH_JOIN,15.43358
paging,q8,2,MERGE_GROUP_BY,0.010897
paging,q8,2,MERGE_GROUP_BY,0.015534
paging,q8,2,MERGE_GROUP_BY,0.023749
paging,q8,2,MERGE_SORT,0.007162
paging,q8,2,MERGE_SORT,0.019867
paging,q8,2,MERGE_SORT,0.006569
paging,q8,2,ORDER_BY,0.077172
paging,q8,2,ORDER_BY,0.068911
paging,q8,2,ORDER_BY,0.072269
paging,q8,2,PARTITION,0.41694400000000004
paging,q8,2,PARTITION,0.6804629999999999
paging,q8,2,PARTITION,0.6228540000000001
paging,q8,2,PROJECTION,0.429434
paging,q8,2,PROJECTION,0.404779
paging,q8,2,PROJECTION,0.378583
paging,q8,2,RESULT_COLLECTOR,0.091753
paging,q8,2,RESULT_COLLECTOR,0.170401
paging,q8,2,RESULT_COLLECTOR,0.178416
paging,q8,2,SORT_PARTITION,0.006539
paging,q8,2,SORT_PARTITION,0.007848
paging,q8,2,SORT_PARTITION,0.006358
paging,q8,2,SORT_SAMPLE,0.008989
paging,q8,2,SORT_SAMPLE,0.009634
paging,q8,2,SORT_SAMPLE,0.007273
paging,q8,3,CONCAT,3.5903490000000007
paging,q8,3,CONCAT,3.255499
paging,q8,3,CONCAT,3.4546229999999998
paging,q8,3,DYNAMIC_FILTER,21.83172
paging,q8,3,DYNAMIC_FILTER,24.793136
paging,q8,3,DYNAMIC_FILTER,25.092688000000003
paging,q8,3,GPU_SCAN,4528.908702999999
paging,q8,3,GPU_SCAN,4454.257046
paging,q8,3,GPU_SCAN,4421.923487000002
paging,q8,3,HASH_GROUP_BY,0.322037
paging,q8,3,HASH_GROUP_BY,0.303553
paging,q8,3,HASH_GROUP_BY,0.305449
paging,q8,3,HASH_JOIN,14.667925000000002
paging,q8,3,HASH_JOIN,14.941967
paging,q8,3,HASH_JOIN,16.360480000000003
paging,q8,3,MERGE_GROUP_BY,0.010742
paging,q8,3,MERGE_GROUP_BY,0.023971
paging,q8,3,MERGE_GROUP_BY,0.019518
paging,q8,3,MERGE_SORT,0.011423
paging,q8,3,MERGE_SORT,0.005613
paging,q8,3,MERGE_SORT,0.005097
paging,q8,3,ORDER_BY,0.059181
paging,q8,3,ORDER_BY,0.069028
paging,q8,3,ORDER_BY,0.065736
paging,q8,3,PARTITION,0.41231599999999996
paging,q8,3,PARTITION,0.54528
paging,q8,3,PARTITION,0.556133
paging,q8,3,PROJECTION,0.3527
paging,q8,3,PROJECTION,0.42229800000000006
paging,q8,3,PROJECTION,0.468331
paging,q8,3,RESULT_COLLECTOR,0.111603
paging,q8,3,RESULT_COLLECTOR,0.201559
paging,q8,3,RESULT_COLLECTOR,0.181933
paging,q8,3,SORT_PARTITION,0.0051
paging,q8,3,SORT_PARTITION,0.005111
paging,q8,3,SORT_PARTITION,0.004633
paging,q8,3,SORT_SAMPLE,0.008016
paging,q8,3,SORT_SAMPLE,0.009593
paging,q8,3,SORT_SAMPLE,0.008951
paging,q8,4,CONCAT,3.223339
paging,q8,4,CONCAT,3.9781299999999997
paging,q8,4,CONCAT,3.392393000000001
paging,q8,4,DYNAMIC_FILTER,22.310321
paging,q8,4,DYNAMIC_FILTER,20.856258
paging,q8,4,DYNAMIC_FILTER,19.284598
paging,q8,4,GPU_SCAN,4260.373089
paging,q8,4,GPU_SCAN,4113.214228
paging,q8,4,GPU_SCAN,4240.360695000001
paging,q8,4,HASH_GROUP_BY,0.398987
paging,q8,4,HASH_GROUP_BY,0.435716
paging,q8,4,HASH_GROUP_BY,0.410755
paging,q8,4,HASH_JOIN,15.633092
paging,q8,4,HASH_JOIN,16.401704
paging,q8,4,HASH_JOIN,14.80393
paging,q8,4,MERGE_GROUP_BY,0.008198
paging,q8,4,MERGE_GROUP_BY,0.007659
paging,q8,4,MERGE_GROUP_BY,0.020726
paging,q8,4,MERGE_SORT,0.106121
paging,q8,4,MERGE_SORT,0.285259
paging,q8,4,MERGE_SORT,0.074061
paging,q8,4,ORDER_BY,0.06173
paging,q8,4,ORDER_BY,0.063863
paging,q8,4,ORDER_BY,0.060604
paging,q8,4,PARTITION,0.4347389999999999
paging,q8,4,PARTITION,0.579305
paging,q8,4,PARTITION,0.45037
paging,q8,4,PROJECTION,0.332644
paging,q8,4,PROJECTION,0.355061
paging,q8,4,PROJECTION,0.342492
paging,q8,4,RESULT_COLLECTOR,0.082928
paging,q8,4,RESULT_COLLECTOR,0.083077
paging,q8,4,RESULT_COLLECTOR,0.173933
paging,q8,4,SORT_PARTITION,0.111821
paging,q8,4,SORT_PARTITION,0.119594
paging,q8,4,SORT_PARTITION,0.119365
paging,q8,4,SORT_SAMPLE,0.024595
paging,q8,4,SORT_SAMPLE,0.026565
paging,q8,4,SORT_SAMPLE,0.026956
paging,q8,5,CONCAT,4.021776999999999
paging,q8,5,CONCAT,3.9890190000000008
paging,q8,5,CONCAT,3.472616
paging,q8,5,DYNAMIC_FILTER,24.286711999999994
paging,q8,5,DYNAMIC_FILTER,25.945446999999998
paging,q8,5,DYNAMIC_FILTER,31.503000999999998
paging,q8,5,GPU_SCAN,4271.247183
paging,q8,5,GPU_SCAN,4366.687554000001
paging,q8,5,GPU_SCAN,4452.110601
paging,q8,5,HASH_GROUP_BY,0.369862
paging,q8,5,HASH_GROUP_BY,0.282454
paging,q8,5,HASH_GROUP_BY,0.411809
paging,q8,5,HASH_JOIN,16.095249
paging,q8,5,HASH_JOIN,14.920465000000002
paging,q8,5,HASH_JOIN,16.435268
paging,q8,5,MERGE_GROUP_BY,0.009641
paging,q8,5,MERGE_GROUP_BY,0.025821
paging,q8,5,MERGE_GROUP_BY,0.029145
paging,q8,5,MERGE_SORT,0.164546
paging,q8,5,MERGE_SORT,0.211899
paging,q8,5,MERGE_SORT,0.159418
paging,q8,5,ORDER_BY,0.058986
paging,q8,5,ORDER_BY,0.058459
paging,q8,5,ORDER_BY,0.079314
paging,q8,5,PARTITION,0.5308780000000002
paging,q8,5,PARTITION,0.6279929999999998
paging,q8,5,PARTITION,0.480182
paging,q8,5,PROJECTION,0.35053599999999996
paging,q8,5,PROJECTION,0.35363900000000004
paging,q8,5,PROJECTION,0.391984
paging,q8,5,RESULT_COLLECTOR,0.106379
paging,q8,5,RESULT_COLLECTOR,0.186093
paging,q8,5,RESULT_COLLECTOR,0.168998
paging,q8,5,SORT_PARTITION,0.106856
paging,q8,5,SORT_PARTITION,0.118697
paging,q8,5,SORT_PARTITION,0.123046
paging,q8,5,SORT_SAMPLE,0.020775
paging,q8,5,SORT_SAMPLE,0.021042
paging,q8,5,SORT_SAMPLE,0.028027
paging,q9,1,CONCAT,12.399269
paging,q9,1,CONCAT,14.010642
paging,q9,1,CONCAT,15.65041
paging,q9,1,DYNAMIC_FILTER,37.635749000000004
paging,q9,1,DYNAMIC_FILTER,32.863034999999996
paging,q9,1,DYNAMIC_FILTER,32.706782000000004
paging,q9,1,GPU_SCAN,5025.572144
paging,q9,1,GPU_SCAN,4680.4810929999985
paging,q9,1,GPU_SCAN,4617.672334000002
paging,q9,1,HASH_GROUP_BY,2.657662
paging,q9,1,HASH_GROUP_BY,2.607391
paging,q9,1,HASH_GROUP_BY,2.72471
paging,q9,1,HASH_JOIN,118.254805
paging,q9,1,HASH_JOIN,116.74313799999999
paging,q9,1,HASH_JOIN,115.418687
paging,q9,1,MERGE_GROUP_BY,0.053562
paging,q9,1,MERGE_GROUP_BY,0.015291
paging,q9,1,MERGE_GROUP_BY,0.022893
paging,q9,1,MERGE_SORT,0.208902
paging,q9,1,MERGE_SORT,0.636438
paging,q9,1,MERGE_SORT,0.77695
paging,q9,1,ORDER_BY,0.648705
paging,q9,1,ORDER_BY,1.047352
paging,q9,1,ORDER_BY,1.122554
paging,q9,1,PARTITION,0.9570040000000002
paging,q9,1,PARTITION,0.6890289999999998
paging,q9,1,PARTITION,1.2474759999999996
paging,q9,1,PROJECTION,4.562704
paging,q9,1,PROJECTION,2.06774
paging,q9,1,PROJECTION,2.077218
paging,q9,1,RESULT_COLLECTOR,0.316959
paging,q9,1,RESULT_COLLECTOR,0.128568
paging,q9,1,RESULT_COLLECTOR,0.192092
paging,q9,1,SORT_PARTITION,0.282503
paging,q9,1,SORT_PARTITION,0.307829
paging,q9,1,SORT_PARTITION,0.348733
paging,q9,1,SORT_SAMPLE,0.092181
paging,q9,1,SORT_SAMPLE,0.144024
paging,q9,1,SORT_SAMPLE,0.225631
paging,q9,2,CONCAT,12.054369000000001
paging,q9,2,CONCAT,14.937005
paging,q9,2,CONCAT,14.037606
paging,q9,2,DYNAMIC_FILTER,38.40621599999999
paging,q9,2,DYNAMIC_FILTER,29.96996
paging,q9,2,DYNAMIC_FILTER,32.381253
paging,q9,2,GPU_SCAN,4657.1794740000005
paging,q9,2,GPU_SCAN,4420.564668999997
paging,q9,2,GPU_SCAN,4231.146269000001
paging,q9,2,HASH_GROUP_BY,2.622409
paging,q9,2,HASH_GROUP_BY,2.77939
paging,q9,2,HASH_GROUP_BY,2.616069
paging,q9,2,HASH_JOIN,117.82513900000001
paging,q9,2,HASH_JOIN,116.24050600000001
paging,q9,2,HASH_JOIN,116.578947
paging,q9,2,MERGE_GROUP_BY,0.039355
paging,q9,2,MERGE_GROUP_BY,0.058068
paging,q9,2,MERGE_GROUP_BY,0.052919
paging,q9,2,MERGE_SORT,0.79007
paging,q9,2,MERGE_SORT,0.875192
paging,q9,2,MERGE_SORT,0.795004
paging,q9,2,ORDER_BY,0.662019
paging,q9,2,ORDER_BY,1.105679
paging,q9,2,ORDER_BY,0.890459
paging,q9,2,PARTITION,0.751293
paging,q9,2,PARTITION,1.1793200000000001
paging,q9,2,PARTITION,0.835207
paging,q9,2,PROJECTION,2.068994
paging,q9,2,PROJECTION,2.084077
paging,q9,2,PROJECTION,2.073095
paging,q9,2,RESULT_COLLECTOR,0.264426
paging,q9,2,RESULT_COLLECTOR,0.284727
paging,q9,2,RESULT_COLLECTOR,0.264665
paging,q9,2,SORT_PARTITION,0.331073
paging,q9,2,SORT_PARTITION,0.374921
paging,q9,2,SORT_PARTITION,1.017134
paging,q9,2,SORT_SAMPLE,0.095463
paging,q9,2,SORT_SAMPLE,0.196679
paging,q9,2,SORT_SAMPLE,0.494247
paging,q9,3,CONCAT,12.280194
paging,q9,3,CONCAT,15.551208999999998
paging,q9,3,CONCAT,14.112382
paging,q9,3,DYNAMIC_FILTER,33.388662
paging,q9,3,DYNAMIC_FILTER,30.053136000000002
paging,q9,3,DYNAMIC_FILTER,32.445113
paging,q9,3,GPU_SCAN,4611.494193999999
paging,q9,3,GPU_SCAN,4427.885613000002
paging,q9,3,GPU_SCAN,4412.74604
paging,q9,3,HASH_GROUP_BY,2.594236
paging,q9,3,HASH_GROUP_BY,2.653005
paging,q9,3,HASH_GROUP_BY,2.647716
paging,q9,3,HASH_JOIN,118.045771
paging,q9,3,HASH_JOIN,114.080221
paging,q9,3,HASH_JOIN,116.13628499999999
paging,q9,3,MERGE_GROUP_BY,0.015407
paging,q9,3,MERGE_GROUP_BY,0.056341
paging,q9,3,MERGE_GROUP_BY,0.021123
paging,q9,3,MERGE_SORT,1.035863
paging,q9,3,MERGE_SORT,0.973086
paging,q9,3,MERGE_SORT,1.30553
paging,q9,3,ORDER_BY,1.069207
paging,q9,3,ORDER_BY,0.700979
paging,q9,3,ORDER_BY,1.096995
paging,q9,3,PARTITION,0.8179019999999997
paging,q9,3,PARTITION,1.041899
paging,q9,3,PARTITION,0.8463670000000002
paging,q9,3,PROJECTION,2.064189
paging,q9,3,PROJECTION,2.073273
paging,q9,3,PROJECTION,2.077008
paging,q9,3,RESULT_COLLECTOR,0.107359
paging,q9,3,RESULT_COLLECTOR,0.317959
paging,q9,3,RESULT_COLLECTOR,0.229934
paging,q9,3,SORT_PARTITION,0.369131
paging,q9,3,SORT_PARTITION,0.404097
paging,q9,3,SORT_PARTITION,0.411649
paging,q9,3,SORT_SAMPLE,0.143301
paging,q9,3,SORT_SAMPLE,0.131443
paging,q9,3,SORT_SAMPLE,0.168734
paging,q9,4,CONCAT,11.874455000000001
paging,q9,4,CONCAT,14.085867
paging,q9,4,CONCAT,14.325468
paging,q9,4,DYNAMIC_FILTER,36.206769
paging,q9,4,DYNAMIC_FILTER,26.154355
paging,q9,4,DYNAMIC_FILTER,26.766315000000006
paging,q9,4,GPU_SCAN,4617.458119999999
paging,q9,4,GPU_SCAN,4392.045918000002
paging,q9,4,GPU_SCAN,4249.811968999999
paging,q9,4,HASH_GROUP_BY,2.612455
paging,q9,4,HASH_GROUP_BY,2.762105
paging,q9,4,HASH_GROUP_BY,2.605941
paging,q9,4,HASH_JOIN,116.54869500000001
paging,q9,4,HASH_JOIN,117.10151900000002
paging,q9,4,HASH_JOIN,116.729595
paging,q9,4,MERGE_GROUP_BY,0.030236
paging,q9,4,MERGE_GROUP_BY,0.034101
paging,q9,4,MERGE_GROUP_BY,0.017105
paging,q9,4,MERGE_SORT,0.434225
paging,q9,4,MERGE_SORT,0.463211
paging,q9,4,MERGE_SORT,1.040366
paging,q9,4,ORDER_BY,1.191667
paging,q9,4,ORDER_BY,0.927422
paging,q9,4,ORDER_BY,0.963434
paging,q9,4,PARTITION,0.5843139999999999
paging,q9,4,PARTITION,0.869368
paging,q9,4,PARTITION,0.7949849999999999
paging,q9,4,PROJECTION,2.076194
paging,q9,4,PROJECTION,2.104932
paging,q9,4,PROJECTION,2.063605
paging,q9,4,RESULT_COLLECTOR,0.310019
paging,q9,4,RESULT_COLLECTOR,0.178121
paging,q9,4,RESULT_COLLECTOR,0.116997
paging,q9,4,SORT_PARTITION,0.414961
paging,q9,4,SORT_PARTITION,0.495898
paging,q9,4,SORT_PARTITION,0.389629
paging,q9,4,SORT_SAMPLE,0.18923
paging,q9,4,SORT_SAMPLE,0.219503
paging,q9,4,SORT_SAMPLE,0.149424
paging,q9,5,CONCAT,11.959862999999999
paging,q9,5,CONCAT,15.544456
paging,q9,5,CONCAT,15.025243999999999
paging,q9,5,DYNAMIC_FILTER,39.14007200000001
paging,q9,5,DYNAMIC_FILTER,42.853623
paging,q9,5,DYNAMIC_FILTER,36.007331
paging,q9,5,GPU_SCAN,4611.402181000002
paging,q9,5,GPU_SCAN,4278.480470999998
paging,q9,5,GPU_SCAN,4426.606126000001
paging,q9,5,HASH_GROUP_BY,2.626214
paging,q9,5,HASH_GROUP_BY,2.627495
paging,q9,5,HASH_GROUP_BY,2.61315
paging,q9,5,HASH_JOIN,115.84120899999999
paging,q9,5,HASH_JOIN,114.62702300000001
paging,q9,5,HASH_JOIN,116.067447
paging,q9,5,MERGE_GROUP_BY,0.044421
paging,q9,5,MERGE_GROUP_BY,0.053018
paging,q9,5,MERGE_GROUP_BY,0.05331
paging,q9,5,MERGE_SORT,1.039698
paging,q9,5,MERGE_SORT,1.173278
paging,q9,5,MERGE_SORT,1.526268
paging,q9,5,ORDER_BY,0.650064
paging,q9,5,ORDER_BY,1.072366
paging,q9,5,ORDER_BY,1.033104
paging,q9,5,PARTITION,0.47396800000000006
paging,q9,5,PARTITION,0.9312449999999998
paging,q9,5,PARTITION,0.7409790000000002
paging,q9,5,PROJECTION,2.060321
paging,q9,5,PROJECTION,2.067195
paging,q9,5,PROJECTION,2.065225
paging,q9,5,RESULT_COLLECTOR,0.213028
paging,q9,5,RESULT_COLLECTOR,0.283003
paging,q9,5,RESULT_COLLECTOR,0.251164
paging,q9,5,SORT_PARTITION,0.356392
paging,q9,5,SORT_PARTITION,0.363881
paging,q9,5,SORT_PARTITION,0.390871
paging,q9,5,SORT_SAMPLE,0.085568
paging,q9,5,SORT_SAMPLE,0.149581
paging,q9,5,SORT_SAMPLE,0.155501
paging,q10,1,CONCAT,1.2443950000000001
paging,q10,1,CONCAT,1.2810469999999998
paging,q10,1,CONCAT,1.2294880000000001
paging,q10,1,DYNAMIC_FILTER,6.327343
paging,q10,1,DYNAMIC_FILTER,6.003808
paging,q10,1,DYNAMIC_FILTER,7.010131000000001
paging,q10,1,GPU_SCAN,2576.4795550000003
paging,q10,1,GPU_SCAN,2434.752858
paging,q10,1,GPU_SCAN,2619.216646
paging,q10,1,HASH_GROUP_BY,18.461088
paging,q10,1,HASH_GROUP_BY,17.251124
paging,q10,1,HASH_GROUP_BY,17.212216
paging,q10,1,HASH_JOIN,26.220283000000002
paging,q10,1,HASH_JOIN,26.775484
paging,q10,1,HASH_JOIN,26.873599
paging,q10,1,MERGE_GROUP_BY,0.074507
paging,q10,1,MERGE_GROUP_BY,0.063199
paging,q10,1,MERGE_GROUP_BY,0.072159
paging,q10,1,MERGE_SORT,10.953957
paging,q10,1,MERGE_SORT,12.153698
paging,q10,1,MERGE_SORT,11.834444
paging,q10,1,ORDER_BY,5.133052
paging,q10,1,ORDER_BY,5.25839
paging,q10,1,ORDER_BY,5.134178
paging,q10,1,PARTITION,0.26120000000000004
paging,q10,1,PARTITION,0.547127
paging,q10,1,PARTITION,0.4134849999999999
paging,q10,1,PROJECTION,0.391891
paging,q10,1,PROJECTION,0.442167
paging,q10,1,PROJECTION,0.41538800000000003
paging,q10,1,RESULT_COLLECTOR,156.814149
paging,q10,1,RESULT_COLLECTOR,118.721233
paging,q10,1,RESULT_COLLECTOR,160.633086
paging,q10,1,SORT_PARTITION,3.596775
paging,q10,1,SORT_PARTITION,4.662369
paging,q10,1,SORT_PARTITION,3.806621
paging,q10,1,SORT_SAMPLE,0.064963
paging,q10,1,SORT_SAMPLE,0.160024
paging,q10,1,SORT_SAMPLE,0.085896
paging,q10,2,CONCAT,1.184696
paging,q10,2,CONCAT,1.2317749999999998
paging,q10,2,CONCAT,1.2501909999999998
paging,q10,2,DYNAMIC_FILTER,8.679765000000002
paging,q10,2,DYNAMIC_FILTER,6.791745
paging,q10,2,DYNAMIC_FILTER,7.344723
paging,q10,2,GPU_SCAN,2626.2654490000004
paging,q10,2,GPU_SCAN,2707.478914
paging,q10,2,GPU_SCAN,2712.362857
paging,q10,2,HASH_GROUP_BY,17.007601
paging,q10,2,HASH_GROUP_BY,17.472098
paging,q10,2,HASH_GROUP_BY,17.202306
paging,q10,2,HASH_JOIN,26.974818
paging,q10,2,HASH_JOIN,26.997267
paging,q10,2,HASH_JOIN,27.22601
paging,q10,2,MERGE_GROUP_BY,0.065517
paging,q10,2,MERGE_GROUP_BY,0.068985
paging,q10,2,MERGE_GROUP_BY,0.020503
paging,q10,2,MERGE_SORT,11.933546
paging,q10,2,MERGE_SORT,13.627233
paging,q10,2,MERGE_SORT,13.571469
paging,q10,2,ORDER_BY,5.311417
paging,q10,2,ORDER_BY,5.482936
paging,q10,2,ORDER_BY,5.374052
paging,q10,2,PARTITION,0.331311
paging,q10,2,PARTITION,0.388402
paging,q10,2,PARTITION,0.35765800000000003
paging,q10,2,PROJECTION,0.469291
paging,q10,2,PROJECTION,0.435924
paging,q10,2,PROJECTION,0.46743100000000004
paging,q10,2,RESULT_COLLECTOR,148.935205
paging,q10,2,RESULT_COLLECTOR,151.123748
paging,q10,2,RESULT_COLLECTOR,118.2052
paging,q10,2,SORT_PARTITION,4.328867
paging,q10,2,SORT_PARTITION,4.534218
paging,q10,2,SORT_PARTITION,4.420166
paging,q10,2,SORT_SAMPLE,0.061628
paging,q10,2,SORT_SAMPLE,0.07247
paging,q10,2,SORT_SAMPLE,0.064631
paging,q10,3,CONCAT,1.294414
paging,q10,3,CONCAT,1.29518
paging,q10,3,CONCAT,1.449652
paging,q10,3,DYNAMIC_FILTER,6.862194
paging,q10,3,DYNAMIC_FILTER,4.544072
paging,q10,3,DYNAMIC_FILTER,5.630601
paging,q10,3,GPU_SCAN,2263.2193239999997
paging,q10,3,GPU_SCAN,2412.4932909999998
paging,q10,3,GPU_SCAN,2424.436523
paging,q10,3,HASH_GROUP_BY,17.394971
paging,q10,3,HASH_GROUP_BY,16.897755
paging,q10,3,HASH_GROUP_BY,17.470854
paging,q10,3,HASH_JOIN,27.091825
paging,q10,3,HASH_JOIN,27.288606
paging,q10,3,HASH_JOIN,27.392005
paging,q10,3,MERGE_GROUP_BY,0.078171
paging,q10,3,MERGE_GROUP_BY,0.018691
paging,q10,3,MERGE_GROUP_BY,0.046233
paging,q10,3,MERGE_SORT,15.531951
paging,q10,3,MERGE_SORT,15.896904
paging,q10,3,MERGE_SORT,13.803565
paging,q10,3,ORDER_BY,5.275243
paging,q10,3,ORDER_BY,5.593599
paging,q10,3,ORDER_BY,5.145672
paging,q10,3,PARTITION,0.38586600000000004
paging,q10,3,PARTITION,0.43458899999999995
paging,q10,3,PARTITION,0.24186500000000005
paging,q10,3,PROJECTION,0.43981099999999995
paging,q10,3,PROJECTION,0.45654399999999995
paging,q10,3,PROJECTION,0.40847500000000003
paging,q10,3,RESULT_COLLECTOR,178.660073
paging,q10,3,RESULT_COLLECTOR,154.494578
paging,q10,3,RESULT_COLLECTOR,129.318409
paging,q10,3,SORT_PARTITION,6.686893
paging,q10,3,SORT_PARTITION,5.228759
paging,q10,3,SORT_PARTITION,5.083466
paging,q10,3,SORT_SAMPLE,0.043774
paging,q10,3,SORT_SAMPLE,0.066829
paging,q10,3,SORT_SAMPLE,0.034875
paging,q10,4,CONCAT,1.472403
paging,q10,4,CONCAT,1.523359
paging,q10,4,CONCAT,1.562396
paging,q10,4,DYNAMIC_FILTER,5.196135
paging,q10,4,DYNAMIC_FILTER,5.890767
paging,q10,4,DYNAMIC_FILTER,5.769146
paging,q10,4,GPU_SCAN,1947.93952
paging,q10,4,GPU_SCAN,1925.9364789999997
paging,q10,4,GPU_SCAN,1932.819317
paging,q10,4,HASH_GROUP_BY,16.537983
paging,q10,4,HASH_GROUP_BY,16.561731
paging,q10,4,HASH_GROUP_BY,16.879837
paging,q10,4,HASH_JOIN,27.636352000000002
paging,q10,4,HASH_JOIN,27.08664
paging,q10,4,HASH_JOIN,27.265977999999997
paging,q10,4,MERGE_GROUP_BY,0.06559
paging,q10,4,MERGE_GROUP_BY,0.066525
paging,q10,4,MERGE_GROUP_BY,0.065847
paging,q10,4,MERGE_SORT,15.727403
paging,q10,4,MERGE_SORT,17.795591
paging,q10,4,MERGE_SORT,18.573102
paging,q10,4,ORDER_BY,5.303457
paging,q10,4,ORDER_BY,5.368891
paging,q10,4,ORDER_BY,4.969827
paging,q10,4,PARTITION,0.252314
paging,q10,4,PARTITION,0.32284199999999996
paging,q10,4,PARTITION,0.377661
paging,q10,4,PROJECTION,0.477649
paging,q10,4,PROJECTION,0.44269800000000004
paging,q10,4,PROJECTION,0.39966100000000004
paging,q10,4,RESULT_COLLECTOR,116.56158
paging,q10,4,RESULT_COLLECTOR,127.008172
paging,q10,4,RESULT_COLLECTOR,135.792051
paging,q10,4,SORT_PARTITION,5.825987
paging,q10,4,SORT_PARTITION,7.22333
paging,q10,4,SORT_PARTITION,5.767952
paging,q10,4,SORT_SAMPLE,0.067631
paging,q10,4,SORT_SAMPLE,0.148286
paging,q10,4,SORT_SAMPLE,0.045767
paging,q10,5,CONCAT,1.5663589999999998
paging,q10,5,CONCAT,1.258568
paging,q10,5,CONCAT,1.3537430000000001
paging,q10,5,DYNAMIC_FILTER,7.264734999999999
paging,q10,5,DYNAMIC_FILTER,5.995496
paging,q10,5,DYNAMIC_FILTER,3.761674
paging,q10,5,GPU_SCAN,2222.486743
paging,q10,5,GPU_SCAN,2371.1047249999997
paging,q10,5,GPU_SCAN,2138.9460599999998
paging,q10,5,HASH_GROUP_BY,16.911313
paging,q10,5,HASH_GROUP_BY,17.404634
paging,q10,5,HASH_GROUP_BY,17.182046
paging,q10,5,HASH_JOIN,26.439875
paging,q10,5,HASH_JOIN,27.174048
paging,q10,5,HASH_JOIN,27.108354
paging,q10,5,MERGE_GROUP_BY,0.073703
paging,q10,5,MERGE_GROUP_BY,0.066947
paging,q10,5,MERGE_GROUP_BY,0.089082
paging,q10,5,MERGE_SORT,14.841502
paging,q10,5,MERGE_SORT,16.433824
paging,q10,5,MERGE_SORT,14.265042
paging,q10,5,ORDER_BY,5.112526
paging,q10,5,ORDER_BY,5.107104
paging,q10,5,ORDER_BY,4.978774
paging,q10,5,PARTITION,0.48956799999999995
paging,q10,5,PARTITION,0.34603400000000006
paging,q10,5,PARTITION,0.19587100000000002
paging,q10,5,PROJECTION,0.418469
paging,q10,5,PROJECTION,0.395561
paging,q10,5,PROJECTION,0.610435
paging,q10,5,RESULT_COLLECTOR,121.238861
paging,q10,5,RESULT_COLLECTOR,132.187613
paging,q10,5,RESULT_COLLECTOR,98.187135
paging,q10,5,SORT_PARTITION,5.733936
paging,q10,5,SORT_PARTITION,5.321169
paging,q10,5,SORT_PARTITION,5.129675
paging,q10,5,SORT_SAMPLE,0.037632
paging,q10,5,SORT_SAMPLE,0.030583
paging,q10,5,SORT_SAMPLE,0.063761
paging,q11,1,CONCAT,0.20706400000000003
paging,q11,1,CONCAT,6.089719
paging,q11,1,CONCAT,6.027605
paging,q11,1,CTE,0.008274
paging,q11,1,CTE,0.029429
paging,q11,1,CTE,0.013352
paging,q11,1,DYNAMIC_FILTER,0.083005
paging,q11,1,DYNAMIC_FILTER,0.127181
paging,q11,1,DYNAMIC_FILTER,0.165589
paging,q11,1,GPU_SCAN,393.41688899999997
paging,q11,1,GPU_SCAN,30.171072999999996
paging,q11,1,GPU_SCAN,32.076049
paging,q11,1,HASH_GROUP_BY,1.108859
paging,q11,1,HASH_GROUP_BY,1.453312
paging,q11,1,HASH_GROUP_BY,1.289509
paging,q11,1,HASH_JOIN,15.970979
paging,q11,1,HASH_JOIN,15.381547999999999
paging,q11,1,HASH_JOIN,16.416055999999998
paging,q11,1,MERGE_AGGREGATE,0.022289
paging,q11,1,MERGE_AGGREGATE,0.022899
paging,q11,1,MERGE_AGGREGATE,0.036348000000000005
paging,q11,1,MERGE_GROUP_BY,0.010671
paging,q11,1,MERGE_GROUP_BY,0.012026
paging,q11,1,MERGE_GROUP_BY,0.009107
paging,q11,1,MERGE_SORT,0.022335
paging,q11,1,MERGE_SORT,0.00705
paging,q11,1,MERGE_SORT,0.006763
paging,q11,1,NESTED_LOOP_JOIN,6.29892
paging,q11,1,NESTED_LOOP_JOIN,0.248056
paging,q11,1,NESTED_LOOP_JOIN,0.371016
paging,q11,1,ORDER_BY,0.021129
paging,q11,1,ORDER_BY,0.012837
paging,q11,1,ORDER_BY,0.048668
paging,q11,1,PARTITION,0.15703599999999998
paging,q11,1,PARTITION,0.32748900000000003
paging,q11,1,PARTITION,0.3330489999999999
paging,q11,1,PROJECTION,1.7449449999999997
paging,q11,1,PROJECTION,0.7525069999999999
paging,q11,1,PROJECTION,2.5382789999999997
paging,q11,1,RESULT_COLLECTOR,0.008105
paging,q11,1,RESULT_COLLECTOR,0.0075
paging,q11,1,RESULT_COLLECTOR,0.010675
paging,q11,1,SORT_PARTITION,0.01598
paging,q11,1,SORT_PARTITION,0.008547
paging,q11,1,SORT_PARTITION,0.008511
paging,q11,1,SORT_SAMPLE,0.020454
paging,q11,1,SORT_SAMPLE,0.018586
paging,q11,1,SORT_SAMPLE,0.015955
paging,q11,1,UNGROUPED_AGGREGATE,1.794207
paging,q11,1,UNGROUPED_AGGREGATE,3.368512
paging,q11,1,UNGROUPED_AGGREGATE,5.454315
paging,q11,2,CONCAT,0.165996
paging,q11,2,CONCAT,6.3771710000000015
paging,q11,2,CONCAT,6.1597669999999995
paging,q11,2,CTE,0.009077
paging,q11,2,CTE,0.010477
paging,q11,2,CTE,0.01265
paging,q11,2,DYNAMIC_FILTER,0.088412
paging,q11,2,DYNAMIC_FILTER,0.115905
paging,q11,2,DYNAMIC_FILTER,0.112025
paging,q11,2,GPU_SCAN,394.54560299999997
paging,q11,2,GPU_SCAN,20.131885999999998
paging,q11,2,GPU_SCAN,20.911464
paging,q11,2,HASH_GROUP_BY,1.152591
paging,q11,2,HASH_GROUP_BY,1.181365
paging,q11,2,HASH_GROUP_BY,1.211451
paging,q11,2,HASH_JOIN,14.507922
paging,q11,2,HASH_JOIN,14.383796
paging,q11,2,HASH_JOIN,14.954359
paging,q11,2,MERGE_AGGREGATE,0.041648
paging,q11,2,MERGE_AGGREGATE,0.043927999999999995
paging,q11,2,MERGE_AGGREGATE,0.038044
paging,q11,2,MERGE_GROUP_BY,0.017199
paging,q11,2,MERGE_GROUP_BY,0.013347
paging,q11,2,MERGE_GROUP_BY,0.049021
paging,q11,2,MERGE_SORT,0.006268
paging,q11,2,MERGE_SORT,0.005589
paging,q11,2,MERGE_SORT,0.008862
paging,q11,2,NESTED_LOOP_JOIN,0.263052
paging,q11,2,NESTED_LOOP_JOIN,0.241059
paging,q11,2,NESTED_LOOP_JOIN,0.309409
paging,q11,2,ORDER_BY,0.016882
paging,q11,2,ORDER_BY,0.014779
paging,q11,2,ORDER_BY,0.018149
paging,q11,2,PARTITION,0.152417
paging,q11,2,PARTITION,0.314804
paging,q11,2,PARTITION,0.38419699999999996
paging,q11,2,PROJECTION,1.4538550000000001
paging,q11,2,PROJECTION,1.521861
paging,q11,2,PROJECTION,0.776002
paging,q11,2,RESULT_COLLECTOR,0.005302
paging,q11,2,RESULT_COLLECTOR,0.006992
paging,q11,2,RESULT_COLLECTOR,0.007089
paging,q11,2,SORT_PARTITION,0.008774
paging,q11,2,SORT_PARTITION,0.014076
paging,q11,2,SORT_PARTITION,0.014623
paging,q11,2,SORT_SAMPLE,0.063998
paging,q11,2,SORT_SAMPLE,0.022209
paging,q11,2,SORT_SAMPLE,0.02271
paging,q11,2,UNGROUPED_AGGREGATE,1.017589
paging,q11,2,UNGROUPED_AGGREGATE,7.21688
paging,q11,2,UNGROUPED_AGGREGATE,7.017561
paging,q11,3,CONCAT,0.34617200000000004
paging,q11,3,CONCAT,1.9519050000000002
paging,q11,3,CONCAT,6.162561999999999
paging,q11,3,CTE,0.035252
paging,q11,3,CTE,0.027543
paging,q11,3,CTE,0.029605
paging,q11,3,DYNAMIC_FILTER,0.096918
paging,q11,3,DYNAMIC_FILTER,0.125826
paging,q11,3,DYNAMIC_FILTER,0.087551
paging,q11,3,GPU_SCAN,208.703815
paging,q11,3,GPU_SCAN,123.469333
paging,q11,3,GPU_SCAN,16.760512999999996
paging,q11,3,HASH_GROUP_BY,1.089203
paging,q11,3,HASH_GROUP_BY,1.095127
paging,q11,3,HASH_GROUP_BY,1.143446
paging,q11,3,HASH_JOIN,14.799526
paging,q11,3,HASH_JOIN,14.961651
paging,q11,3,HASH_JOIN,15.402619999999999
paging,q11,3,MERGE_AGGREGATE,0.041338
paging,q11,3,MERGE_AGGREGATE,0.02725
paging,q11,3,MERGE_AGGREGATE,0.026986
paging,q11,3,MERGE_GROUP_BY,0.021364
paging,q11,3,MERGE_GROUP_BY,0.044327
paging,q11,3,MERGE_GROUP_BY,0.026202
paging,q11,3,MERGE_SORT,0.006602
paging,q11,3,MERGE_SORT,0.022708
paging,q11,3,MERGE_SORT,0.006662
paging,q11,3,NESTED_LOOP_JOIN,0.608653
paging,q11,3,NESTED_LOOP_JOIN,0.712722
paging,q11,3,NESTED_LOOP_JOIN,0.513376
paging,q11,3,ORDER_BY,0.056146
paging,q11,3,ORDER_BY,0.042119
paging,q11,3,ORDER_BY,0.04604
paging,q11,3,PARTITION,0.24939
paging,q11,3,PARTITION,0.441478
paging,q11,3,PARTITION,0.333273
paging,q11,3,PROJECTION,0.8551380000000001
paging,q11,3,PROJECTION,0.677335
paging,q11,3,PROJECTION,7.042865999999999
paging,q11,3,RESULT_COLLECTOR,0.007016
paging,q11,3,RESULT_COLLECTOR,0.005179
paging,q11,3,RESULT_COLLECTOR,0.0065
paging,q11,3,SORT_PARTITION,0.007125
paging,q11,3,SORT_PARTITION,0.027799
paging,q11,3,SORT_PARTITION,0.008167
paging,q11,3,SORT_SAMPLE,0.010603
paging,q11,3,SORT_SAMPLE,0.054929
paging,q11,3,SORT_SAMPLE,0.012649
paging,q11,3,UNGROUPED_AGGREGATE,0.7807430000000001
paging,q11,3,UNGROUPED_AGGREGATE,0.41037199999999996
paging,q11,3,UNGROUPED_AGGREGATE,0.83884
paging,q11,4,CONCAT,5.91163
paging,q11,4,CONCAT,6.026868
paging,q11,4,CONCAT,6.090261
paging,q11,4,CTE,0.010157
paging,q11,4,CTE,0.008767
paging,q11,4,CTE,0.009807
paging,q11,4,DYNAMIC_FILTER,0.088962
paging,q11,4,DYNAMIC_FILTER,0.084292
paging,q11,4,DYNAMIC_FILTER,0.08822
paging,q11,4,GPU_SCAN,17.054707000000004
paging,q11,4,GPU_SCAN,17.578738
paging,q11,4,GPU_SCAN,18.219433000000002
paging,q11,4,HASH_GROUP_BY,1.093809
paging,q11,4,HASH_GROUP_BY,1.17734
paging,q11,4,HASH_GROUP_BY,1.186491
paging,q11,4,HASH_JOIN,14.388739000000001
paging,q11,4,HASH_JOIN,14.451817
paging,q11,4,HASH_JOIN,14.264347
paging,q11,4,MERGE_AGGREGATE,0.05230800000000001
paging,q11,4,MERGE_AGGREGATE,0.09337000000000001
paging,q11,4,MERGE_AGGREGATE,0.023457
paging,q11,4,MERGE_GROUP_BY,0.018172
paging,q11,4,MERGE_GROUP_BY,0.051167
paging,q11,4,MERGE_GROUP_BY,0.014977
paging,q11,4,MERGE_SORT,0.006282
paging,q11,4,MERGE_SORT,0.005968
paging,q11,4,MERGE_SORT,0.00622
paging,q11,4,NESTED_LOOP_JOIN,0.255612
paging,q11,4,NESTED_LOOP_JOIN,0.227939
paging,q11,4,NESTED_LOOP_JOIN,0.191755
paging,q11,4,ORDER_BY,0.011939
paging,q11,4,ORDER_BY,0.010813
paging,q11,4,ORDER_BY,0.010608
paging,q11,4,PARTITION,0.27860099999999993
paging,q11,4,PARTITION,0.47447800000000007
paging,q11,4,PARTITION,0.24396699999999993
paging,q11,4,PROJECTION,6.8177840000000005
paging,q11,4,PROJECTION,7.178081
paging,q11,4,PROJECTION,7.106555999999999
paging,q11,4,RESULT_COLLECTOR,0.009424
paging,q11,4,RESULT_COLLECTOR,0.007257
paging,q11,4,RESULT_COLLECTOR,0.019844
paging,q11,4,SORT_PARTITION,0.013625
paging,q11,4,SORT_PARTITION,0.004732
paging,q11,4,SORT_PARTITION,0.00971
paging,q11,4,SORT_SAMPLE,0.02223
paging,q11,4,SORT_SAMPLE,0.011316
paging,q11,4,SORT_SAMPLE,0.017325
paging,q11,4,UNGROUPED_AGGREGATE,0.877397
paging,q11,4,UNGROUPED_AGGREGATE,1.4287290000000001
paging,q11,4,UNGROUPED_AGGREGATE,0.788043
paging,q11,5,CONCAT,5.7006320000000015
paging,q11,5,CONCAT,6.201519000000001
paging,q11,5,CONCAT,5.996746999999999
paging,q11,5,CTE,0.012529
paging,q11,5,CTE,0.010881
paging,q11,5,CTE,0.012158
paging,q11,5,DYNAMIC_FILTER,0.114661
paging,q11,5,DYNAMIC_FILTER,0.106232
paging,q11,5,DYNAMIC_FILTER,0.107883
paging,q11,5,GPU_SCAN,18.307557999999997
paging,q11,5,GPU_SCAN,18.974781999999994
paging,q11,5,GPU_SCAN,18.167609000000006
paging,q11,5,HASH_GROUP_BY,1.272975
paging,q11,5,HASH_GROUP_BY,1.304532
paging,q11,5,HASH_GROUP_BY,1.187712
paging,q11,5,HASH_JOIN,14.764821000000001
paging,q11,5,HASH_JOIN,14.373080000000002
paging,q11,5,HASH_JOIN,14.492161
paging,q11,5,MERGE_AGGREGATE,0.040374999999999994
paging,q11,5,MERGE_AGGREGATE,0.090571
paging,q11,5,MERGE_AGGREGATE,0.028927
paging,q11,5,MERGE_GROUP_BY,0.009785
paging,q11,5,MERGE_GROUP_BY,0.010691
paging,q11,5,MERGE_GROUP_BY,0.006961
paging,q11,5,MERGE_SORT,0.006861
paging,q11,5,MERGE_SORT,0.008746
paging,q11,5,MERGE_SORT,0.006762
paging,q11,5,NESTED_LOOP_JOIN,0.250592
paging,q11,5,NESTED_LOOP_JOIN,0.624694
paging,q11,5,NESTED_LOOP_JOIN,0.236272
paging,q11,5,ORDER_BY,0.014768
paging,q11,5,ORDER_BY,0.051605
paging,q11,5,ORDER_BY,0.012102
paging,q11,5,PARTITION,0.3154140000000001
paging,q11,5,PARTITION,0.3872909999999999
paging,q11,5,PARTITION,0.323749
paging,q11,5,PROJECTION,0.612086
paging,q11,5,PROJECTION,0.738895
paging,q11,5,PROJECTION,0.917269
paging,q11,5,RESULT_COLLECTOR,0.013793
paging,q11,5,RESULT_COLLECTOR,0.005711
paging,q11,5,RESULT_COLLECTOR,0.008258
paging,q11,5,SORT_PARTITION,0.011211
paging,q11,5,SORT_PARTITION,0.012026
paging,q11,5,SORT_PARTITION,0.007858
paging,q11,5,SORT_SAMPLE,0.01832
paging,q11,5,SORT_SAMPLE,0.023497
paging,q11,5,SORT_SAMPLE,0.012627
paging,q11,5,UNGROUPED_AGGREGATE,7.310690999999999
paging,q11,5,UNGROUPED_AGGREGATE,6.917925
paging,q11,5,UNGROUPED_AGGREGATE,6.540851
paging,q12,1,CONCAT,1.356811
paging,q12,1,CONCAT,1.532972
paging,q12,1,CONCAT,1.337697
paging,q12,1,DYNAMIC_FILTER,3.290673
paging,q12,1,DYNAMIC_FILTER,3.1664570000000003
paging,q12,1,DYNAMIC_FILTER,3.5869280000000003
paging,q12,1,FILTER,22.830388000000003
paging,q12,1,FILTER,24.212460999999998
paging,q12,1,FILTER,25.854876999999995
paging,q12,1,GPU_SCAN,2126.586854
paging,q12,1,GPU_SCAN,2212.1706719999997
paging,q12,1,GPU_SCAN,2029.7629930000003
paging,q12,1,HASH_GROUP_BY,0.80286
paging,q12,1,HASH_GROUP_BY,0.822696
paging,q12,1,HASH_GROUP_BY,0.852302
paging,q12,1,HASH_JOIN,1.584701
paging,q12,1,HASH_JOIN,1.296234
paging,q12,1,HASH_JOIN,1.532952
paging,q12,1,MERGE_GROUP_BY,0.028924
paging,q12,1,MERGE_GROUP_BY,0.028272
paging,q12,1,MERGE_GROUP_BY,0.028158
paging,q12,1,MERGE_SORT,0.023424
paging,q12,1,MERGE_SORT,0.769458
paging,q12,1,MERGE_SORT,0.212449
paging,q12,1,ORDER_BY,0.160336
paging,q12,1,ORDER_BY,0.157631
paging,q12,1,ORDER_BY,0.160993
paging,q12,1,PARTITION,0.444867
paging,q12,1,PARTITION,0.542123
paging,q12,1,PARTITION,0.419543
paging,q12,1,PROJECTION,0.463736
paging,q12,1,PROJECTION,0.394365
paging,q12,1,PROJECTION,0.676505
paging,q12,1,RESULT_COLLECTOR,0.277999
paging,q12,1,RESULT_COLLECTOR,0.307805
paging,q12,1,RESULT_COLLECTOR,0.303648
paging,q12,1,SORT_PARTITION,0.006133
paging,q12,1,SORT_PARTITION,0.202459
paging,q12,1,SORT_PARTITION,0.186766
paging,q12,1,SORT_SAMPLE,0.009627
paging,q12,1,SORT_SAMPLE,0.14771
paging,q12,1,SORT_SAMPLE,0.085227
paging,q12,2,CONCAT,0.916688
paging,q12,2,CONCAT,1.565029
paging,q12,2,CONCAT,1.335698
paging,q12,2,DYNAMIC_FILTER,3.380605
paging,q12,2,DYNAMIC_FILTER,2.933084
paging,q12,2,DYNAMIC_FILTER,3.827131
paging,q12,2,FILTER,25.584389000000012
paging,q12,2,FILTER,22.899741000000006
paging,q12,2,FILTER,22.519191999999997
paging,q12,2,GPU_SCAN,2016.0316980000002
paging,q12,2,GPU_SCAN,2076.8187879999996
paging,q12,2,GPU_SCAN,1883.9064019999998
paging,q12,2,HASH_GROUP_BY,0.848988
paging,q12,2,HASH_GROUP_BY,0.822253
paging,q12,2,HASH_GROUP_BY,0.794016
paging,q12,2,HASH_JOIN,1.372414
paging,q12,2,HASH_JOIN,1.288712
paging,q12,2,HASH_JOIN,1.288758
paging,q12,2,MERGE_GROUP_BY,0.00852
paging,q12,2,MERGE_GROUP_BY,0.071525
paging,q12,2,MERGE_GROUP_BY,0.028916
paging,q12,2,MERGE_SORT,0.215044
paging,q12,2,MERGE_SORT,0.20322
paging,q12,2,MERGE_SORT,0.812542
paging,q12,2,ORDER_BY,0.175492
paging,q12,2,ORDER_BY,0.161072
paging,q12,2,ORDER_BY,0.168144
paging,q12,2,PARTITION,0.46099000000000007
paging,q12,2,PARTITION,0.302499
paging,q12,2,PARTITION,0.8255920000000001
paging,q12,2,PROJECTION,0.523251
paging,q12,2,PROJECTION,0.391183
paging,q12,2,PROJECTION,0.388595
paging,q12,2,RESULT_COLLECTOR,0.132308
paging,q12,2,RESULT_COLLECTOR,0.268705
paging,q12,2,RESULT_COLLECTOR,0.253716
paging,q12,2,SORT_PARTITION,0.204602
paging,q12,2,SORT_PARTITION,0.18277
paging,q12,2,SORT_PARTITION,0.199882
paging,q12,2,SORT_SAMPLE,0.087604
paging,q12,2,SORT_SAMPLE,0.082542
paging,q12,2,SORT_SAMPLE,0.14165
paging,q12,3,CONCAT,1.2848739999999998
paging,q12,3,CONCAT,1.268393
paging,q12,3,CONCAT,1.5454029999999999
paging,q12,3,DYNAMIC_FILTER,1.917996
paging,q12,3,DYNAMIC_FILTER,2.0584860000000003
paging,q12,3,DYNAMIC_FILTER,1.912747
paging,q12,3,FILTER,23.269571
paging,q12,3,FILTER,18.656767999999996
paging,q12,3,FILTER,22.844199
paging,q12,3,GPU_SCAN,2032.7376479999998
paging,q12,3,GPU_SCAN,1841.269819
paging,q12,3,GPU_SCAN,1956.2753910000001
paging,q12,3,HASH_GROUP_BY,0.897234
paging,q12,3,HASH_GROUP_BY,0.946128
paging,q12,3,HASH_GROUP_BY,0.781414
paging,q12,3,HASH_JOIN,1.772434
paging,q12,3,HASH_JOIN,1.92771
paging,q12,3,HASH_JOIN,1.773377
paging,q12,3,MERGE_GROUP_BY,0.029628
paging,q12,3,MERGE_GROUP_BY,0.053214
paging,q12,3,MERGE_GROUP_BY,0.027617
paging,q12,3,MERGE_SORT,0.226597
paging,q12,3,MERGE_SORT,0.264749
paging,q12,3,MERGE_SORT,0.186827
paging,q12,3,ORDER_BY,0.201843
paging,q12,3,ORDER_BY,0.196051
paging,q12,3,ORDER_BY,0.185954
paging,q12,3,PARTITION,0.504165
paging,q12,3,PARTITION,0.580671
paging,q12,3,PARTITION,0.6326760000000001
paging,q12,3,PROJECTION,0.46446
paging,q12,3,PROJECTION,0.681068
paging,q12,3,PROJECTION,0.38454
paging,q12,3,RESULT_COLLECTOR,0.255488
paging,q12,3,RESULT_COLLECTOR,0.279168
paging,q12,3,RESULT_COLLECTOR,0.269945
paging,q12,3,SORT_PARTITION,0.236408
paging,q12,3,SORT_PARTITION,0.187098
paging,q12,3,SORT_PARTITION,0.173585
paging,q12,3,SORT_SAMPLE,0.106573
paging,q12,3,SORT_SAMPLE,0.135933
paging,q12,3,SORT_SAMPLE,0.077506
paging,q12,4,CONCAT,1.201019
paging,q12,4,CONCAT,1.32118
paging,q12,4,CONCAT,1.445559
paging,q12,4,DYNAMIC_FILTER,1.941743
paging,q12,4,DYNAMIC_FILTER,1.9149219999999998
paging,q12,4,DYNAMIC_FILTER,1.9191829999999999
paging,q12,4,FILTER,29.830009000000004
paging,q12,4,FILTER,24.523274999999998
paging,q12,4,FILTER,19.41801199999999
paging,q12,4,GPU_SCAN,1995.1922179999997
paging,q12,4,GPU_SCAN,1939.1748309999998
paging,q12,4,GPU_SCAN,1920.3671049999998
paging,q12,4,HASH_GROUP_BY,0.786835
paging,q12,4,HASH_GROUP_BY,0.802891
paging,q12,4,HASH_GROUP_BY,0.837404
paging,q12,4,HASH_JOIN,1.294988
paging,q12,4,HASH_JOIN,1.695236
paging,q12,4,HASH_JOIN,1.614204
paging,q12,4,MERGE_GROUP_BY,0.018572
paging,q12,4,MERGE_GROUP_BY,0.006389
paging,q12,4,MERGE_GROUP_BY,0.013332
paging,q12,4,MERGE_SORT,0.789577
paging,q12,4,MERGE_SORT,0.192996
paging,q12,4,MERGE_SORT,0.263333
paging,q12,4,ORDER_BY,0.229675
paging,q12,4,ORDER_BY,0.141605
paging,q12,4,ORDER_BY,0.202793
paging,q12,4,PARTITION,0.390043
paging,q12,4,PARTITION,0.7696029999999997
paging,q12,4,PARTITION,0.376933
paging,q12,4,PROJECTION,0.393699
paging,q12,4,PROJECTION,0.641065
paging,q12,4,PROJECTION,0.435224
paging,q12,4,RESULT_COLLECTOR,0.13312
paging,q12,4,RESULT_COLLECTOR,0.103593
paging,q12,4,RESULT_COLLECTOR,0.098808
paging,q12,4,SORT_PARTITION,0.177005
paging,q12,4,SORT_PARTITION,0.180556
paging,q12,4,SORT_PARTITION,0.19456
paging,q12,4,SORT_SAMPLE,0.082729
paging,q12,4,SORT_SAMPLE,0.072185
paging,q12,4,SORT_SAMPLE,0.090092
paging,q12,5,CONCAT,1.213438
paging,q12,5,CONCAT,1.730582
paging,q12,5,CONCAT,1.271541
paging,q12,5,DYNAMIC_FILTER,1.910971
paging,q12,5,DYNAMIC_FILTER,1.91156
paging,q12,5,DYNAMIC_FILTER,1.928835
paging,q12,5,FILTER,17.322860000000002
paging,q12,5,FILTER,16.98689
paging,q12,5,FILTER,28.103867000000005
paging,q12,5,GPU_SCAN,1901.8803919999998
paging,q12,5,GPU_SCAN,1770.837128
paging,q12,5,GPU_SCAN,1862.05705
paging,q12,5,HASH_GROUP_BY,0.955402
paging,q12,5,HASH_GROUP_BY,0.863721
paging,q12,5,HASH_GROUP_BY,0.805477
paging,q12,5,HASH_JOIN,1.654183
paging,q12,5,HASH_JOIN,1.873731
paging,q12,5,HASH_JOIN,1.908334
paging,q12,5,MERGE_GROUP_BY,0.012564
paging,q12,5,MERGE_GROUP_BY,0.008835
paging,q12,5,MERGE_GROUP_BY,0.051703
paging,q12,5,MERGE_SORT,0.212279
paging,q12,5,MERGE_SORT,0.209218
paging,q12,5,MERGE_SORT,0.267816
paging,q12,5,ORDER_BY,0.191501
paging,q12,5,ORDER_BY,0.225235
paging,q12,5,ORDER_BY,0.22502
paging,q12,5,PARTITION,0.433799
paging,q12,5,PARTITION,0.559892
paging,q12,5,PARTITION,0.3499209999999999
paging,q12,5,PROJECTION,0.520594
paging,q12,5,PROJECTION,0.875383
paging,q12,5,PROJECTION,0.596078
paging,q12,5,RESULT_COLLECTOR,0.119595
paging,q12,5,RESULT_COLLECTOR,0.100953
paging,q12,5,RESULT_COLLECTOR,0.260394
paging,q12,5,SORT_PARTITION,0.254651
paging,q12,5,SORT_PARTITION,0.154652
paging,q12,5,SORT_PARTITION,0.195167
paging,q12,5,SORT_SAMPLE,0.116064
paging,q12,5,SORT_SAMPLE,0.071219
paging,q12,5,SORT_SAMPLE,0.14301
paging,q13,1,CONCAT,13.118445999999999
paging,q13,1,CONCAT,13.264911
paging,q13,1,CONCAT,13.391664
paging,q13,1,GPU_SCAN,1167.420179
paging,q13,1,GPU_SCAN,1158.4372290000001
paging,q13,1,GPU_SCAN,1144.9580150000002
paging,q13,1,HASH_GROUP_BY,11.160552000000001
paging,q13,1,HASH_GROUP_BY,11.264094
paging,q13,1,HASH_GROUP_BY,11.263698
paging,q13,1,HASH_JOIN,72.336596
paging,q13,1,HASH_JOIN,72.067935
paging,q13,1,HASH_JOIN,71.979929
paging,q13,1,MERGE_GROUP_BY,0.014582000000000001
paging,q13,1,MERGE_GROUP_BY,0.060474
paging,q13,1,MERGE_GROUP_BY,0.035384
paging,q13,1,MERGE_SORT,0.00548
paging,q13,1,MERGE_SORT,0.005109
paging,q13,1,MERGE_SORT,0.005777
paging,q13,1,ORDER_BY,0.191112
paging,q13,1,ORDER_BY,0.388475
paging,q13,1,ORDER_BY,0.1858
paging,q13,1,PARTITION,0.14306000000000002
paging,q13,1,PARTITION,0.20239999999999997
paging,q13,1,PARTITION,0.179252
paging,q13,1,PROJECTION,0.026126
paging,q13,1,PROJECTION,0.021635
paging,q13,1,PROJECTION,0.019888
paging,q13,1,RESULT_COLLECTOR,0.081032
paging,q13,1,RESULT_COLLECTOR,0.068841
paging,q13,1,RESULT_COLLECTOR,0.197717
paging,q13,1,SORT_PARTITION,0.004804
paging,q13,1,SORT_PARTITION,0.004659
paging,q13,1,SORT_PARTITION,0.004657
paging,q13,1,SORT_SAMPLE,0.005557
paging,q13,1,SORT_SAMPLE,0.005081
paging,q13,1,SORT_SAMPLE,0.005325
paging,q13,2,CONCAT,13.400467
paging,q13,2,CONCAT,13.311549999999999
paging,q13,2,CONCAT,13.362417
paging,q13,2,GPU_SCAN,1151.101118
paging,q13,2,GPU_SCAN,1138.6797729999998
paging,q13,2,GPU_SCAN,1153.411704
paging,q13,2,HASH_GROUP_BY,11.51941
paging,q13,2,HASH_GROUP_BY,11.119839
paging,q13,2,HASH_GROUP_BY,11.126813
paging,q13,2,HASH_JOIN,72.219182
paging,q13,2,HASH_JOIN,72.018065
paging,q13,2,HASH_JOIN,71.960751
paging,q13,2,MERGE_GROUP_BY,0.06065
paging,q13,2,MERGE_GROUP_BY,0.025854
paging,q13,2,MERGE_GROUP_BY,0.023393999999999998
paging,q13,2,MERGE_SORT,0.014464
paging,q13,2,MERGE_SORT,0.005274
paging,q13,2,MERGE_SORT,0.010615
paging,q13,2,ORDER_BY,0.369168
paging,q13,2,ORDER_BY,0.222294
paging,q13,2,ORDER_BY,0.43677
paging,q13,2,PARTITION,0.136318
paging,q13,2,PARTITION,0.175434
paging,q13,2,PARTITION,0.16787799999999997
paging,q13,2,PROJECTION,0.07388
paging,q13,2,PROJECTION,0.016266999999999997
paging,q13,2,PROJECTION,0.014231
paging,q13,2,RESULT_COLLECTOR,0.215977
paging,q13,2,RESULT_COLLECTOR,0.067444
paging,q13,2,RESULT_COLLECTOR,0.135619
paging,q13,2,SORT_PARTITION,0.005411
paging,q13,2,SORT_PARTITION,0.004994
paging,q13,2,SORT_PARTITION,0.007904
paging,q13,2,SORT_SAMPLE,0.009367
paging,q13,2,SORT_SAMPLE,0.006291
paging,q13,2,SORT_SAMPLE,0.01326
paging,q13,3,CONCAT,13.350986
paging,q13,3,CONCAT,13.321178999999999
paging,q13,3,CONCAT,13.344145999999999
paging,q13,3,GPU_SCAN,1143.9507600000002
paging,q13,3,GPU_SCAN,1155.437436
paging,q13,3,GPU_SCAN,1151.959848
paging,q13,3,HASH_GROUP_BY,11.128952
paging,q13,3,HASH_GROUP_BY,11.166063000000001
paging,q13,3,HASH_GROUP_BY,11.61501
paging,q13,3,HASH_JOIN,72.414853
paging,q13,3,HASH_JOIN,72.1413
paging,q13,3,HASH_JOIN,72.117978
paging,q13,3,MERGE_GROUP_BY,0.040015999999999996
paging,q13,3,MERGE_GROUP_BY,0.043455999999999995
paging,q13,3,MERGE_GROUP_BY,0.065529
paging,q13,3,MERGE_SORT,0.007912
paging,q13,3,MERGE_SORT,0.006111
paging,q13,3,MERGE_SORT,0.012062
paging,q13,3,ORDER_BY,0.223102
paging,q13,3,ORDER_BY,0.186035
paging,q13,3,ORDER_BY,0.407671
paging,q13,3,PARTITION,0.316479
paging,q13,3,PARTITION,0.17703200000000002
paging,q13,3,PARTITION,0.129738
paging,q13,3,PROJECTION,0.021309
paging,q13,3,PROJECTION,0.021334
paging,q13,3,PROJECTION,0.064439
paging,q13,3,RESULT_COLLECTOR,0.133033
paging,q13,3,RESULT_COLLECTOR,0.228986
paging,q13,3,RESULT_COLLECTOR,0.118397
paging,q13,3,SORT_PARTITION,0.005676
paging,q13,3,SORT_PARTITION,0.01021
paging,q13,3,SORT_PARTITION,0.027681
paging,q13,3,SORT_SAMPLE,0.010906
paging,q13,3,SORT_SAMPLE,0.005938
paging,q13,3,SORT_SAMPLE,0.044687
paging,q13,4,CONCAT,12.505238
paging,q13,4,CONCAT,12.454043
paging,q13,4,CONCAT,12.502274
paging,q13,4,GPU_SCAN,629.331858
paging,q13,4,GPU_SCAN,626.377247
paging,q13,4,GPU_SCAN,638.449979
paging,q13,4,HASH_GROUP_BY,11.541138
paging,q13,4,HASH_GROUP_BY,11.309228000000001
paging,q13,4,HASH_GROUP_BY,11.261807000000001
paging,q13,4,HASH_JOIN,72.131297
paging,q13,4,HASH_JOIN,72.143928
paging,q13,4,HASH_JOIN,72.395485
paging,q13,4,MERGE_GROUP_BY,0.056868
paging,q13,4,MERGE_GROUP_BY,0.053686
paging,q13,4,MERGE_GROUP_BY,0.053496
paging,q13,4,MERGE_SORT,0.005984
paging,q13,4,MERGE_SORT,0.005864
paging,q13,4,MERGE_SORT,0.004916
paging,q13,4,ORDER_BY,0.426277
paging,q13,4,ORDER_BY,0.409269
paging,q13,4,ORDER_BY,0.407299
paging,q13,4,PARTITION,0.18830899999999998
paging,q13,4,PARTITION,0.095225
paging,q13,4,PARTITION,0.153042
paging,q13,4,PROJECTION,0.06952799999999999
paging,q13,4,PROJECTION,0.022456
paging,q13,4,PROJECTION,0.021825
paging,q13,4,RESULT_COLLECTOR,0.075521
paging,q13,4,RESULT_COLLECTOR,0.056296
paging,q13,4,RESULT_COLLECTOR,0.067637
paging,q13,4,SORT_PARTITION,0.020086
paging,q13,4,SORT_PARTITION,0.005185
paging,q13,4,SORT_PARTITION,0.004348
paging,q13,4,SORT_SAMPLE,0.02506
paging,q13,4,SORT_SAMPLE,0.007864
paging,q13,4,SORT_SAMPLE,0.005114
paging,q13,5,CONCAT,13.329435
paging,q13,5,CONCAT,13.333291
paging,q13,5,CONCAT,13.31633
paging,q13,5,GPU_SCAN,1140.036268
paging,q13,5,GPU_SCAN,1125.824638
paging,q13,5,GPU_SCAN,1140.3644210000002
paging,q13,5,HASH_GROUP_BY,11.226415
paging,q13,5,HASH_GROUP_BY,11.368402
paging,q13,5,HASH_GROUP_BY,11.599447
paging,q13,5,HASH_JOIN,72.438939
paging,q13,5,HASH_JOIN,72.34914
paging,q13,5,HASH_JOIN,72.263267
paging,q13,5,MERGE_GROUP_BY,0.042626
paging,q13,5,MERGE_GROUP_BY,0.036648
paging,q13,5,MERGE_GROUP_BY,0.109716
paging,q13,5,MERGE_SORT,0.006134
paging,q13,5,MERGE_SORT,0.005288
paging,q13,5,MERGE_SORT,0.007646
paging,q13,5,ORDER_BY,0.197808
paging,q13,5,ORDER_BY,0.383215
paging,q13,5,ORDER_BY,0.217881
paging,q13,5,PARTITION,0.199289
paging,q13,5,PARTITION,0.156874
paging,q13,5,PARTITION,0.229108
paging,q13,5,PROJECTION,0.026296
paging,q13,5,PROJECTION,0.030867
paging,q13,5,PROJECTION,0.10448
paging,q13,5,RESULT_COLLECTOR,0.181161
paging,q13,5,RESULT_COLLECTOR,0.143054
paging,q13,5,RESULT_COLLECTOR,0.198346
paging,q13,5,SORT_PARTITION,0.005494
paging,q13,5,SORT_PARTITION,0.004883
paging,q13,5,SORT_PARTITION,0.007135
paging,q13,5,SORT_SAMPLE,0.006726
paging,q13,5,SORT_SAMPLE,0.005553
paging,q13,5,SORT_SAMPLE,0.011625
paging,q14,1,CONCAT,0.469679
paging,q14,1,CONCAT,3.943217
paging,q14,1,CONCAT,3.880773
paging,q14,1,GPU_SCAN,3277.609191
paging,q14,1,GPU_SCAN,3077.447239
paging,q14,1,GPU_SCAN,3277.380048
paging,q14,1,HASH_JOIN,6.804911
paging,q14,1,HASH_JOIN,6.26998
paging,q14,1,HASH_JOIN,6.190101
paging,q14,1,MERGE_AGGREGATE,0.017812
paging,q14,1,MERGE_AGGREGATE,0.014929
paging,q14,1,MERGE_AGGREGATE,0.014223
paging,q14,1,PARTITION,0.19232500000000002
paging,q14,1,PARTITION,0.271011
paging,q14,1,PARTITION,0.07568899999999999
paging,q14,1,PROJECTION,8.379908
paging,q14,1,PROJECTION,1.228592
paging,q14,1,PROJECTION,0.818886
paging,q14,1,RESULT_COLLECTOR,0.185776
paging,q14,1,RESULT_COLLECTOR,0.179432
paging,q14,1,RESULT_COLLECTOR,0.069619
paging,q14,1,UNGROUPED_AGGREGATE,0.598973
paging,q14,1,UNGROUPED_AGGREGATE,0.566258
paging,q14,1,UNGROUPED_AGGREGATE,0.557649
paging,q14,2,CONCAT,0.830366
paging,q14,2,CONCAT,0.745024
paging,q14,2,CONCAT,0.48203399999999996
paging,q14,2,GPU_SCAN,2865.154092
paging,q14,2,GPU_SCAN,2888.1767709999995
paging,q14,2,GPU_SCAN,2615.907249
paging,q14,2,HASH_JOIN,6.501719
paging,q14,2,HASH_JOIN,6.68092
paging,q14,2,HASH_JOIN,6.603312
paging,q14,2,MERGE_AGGREGATE,0.039929
paging,q14,2,MERGE_AGGREGATE,0.019794
paging,q14,2,MERGE_AGGREGATE,0.045253
paging,q14,2,PARTITION,0.178824
paging,q14,2,PARTITION,0.19685100000000003
paging,q14,2,PARTITION,0.19498099999999996
paging,q14,2,PROJECTION,1.362311
paging,q14,2,PROJECTION,1.2731569999999999
paging,q14,2,PROJECTION,0.909296
paging,q14,2,RESULT_COLLECTOR,0.189712
paging,q14,2,RESULT_COLLECTOR,0.174263
paging,q14,2,RESULT_COLLECTOR,0.101225
paging,q14,2,UNGROUPED_AGGREGATE,0.618711
paging,q14,2,UNGROUPED_AGGREGATE,0.596162
paging,q14,2,UNGROUPED_AGGREGATE,0.605693
paging,q14,3,CONCAT,0.26761500000000005
paging,q14,3,CONCAT,0.36078499999999997
paging,q14,3,CONCAT,0.297159
paging,q14,3,GPU_SCAN,2592.077838
paging,q14,3,GPU_SCAN,2652.334932
paging,q14,3,GPU_SCAN,2605.410846
paging,q14,3,HASH_JOIN,6.778959
paging,q14,3,HASH_JOIN,6.227406
paging,q14,3,HASH_JOIN,6.171959
paging,q14,3,MERGE_AGGREGATE,0.025006
paging,q14,3,MERGE_AGGREGATE,0.021325
paging,q14,3,MERGE_AGGREGATE,0.033596
paging,q14,3,PARTITION,0.131335
paging,q14,3,PARTITION,0.15496000000000001
paging,q14,3,PARTITION,0.206049
paging,q14,3,PROJECTION,1.1859830000000002
paging,q14,3,PROJECTION,1.230797
paging,q14,3,PROJECTION,1.139079
paging,q14,3,RESULT_COLLECTOR,0.069895
paging,q14,3,RESULT_COLLECTOR,0.163991
paging,q14,3,RESULT_COLLECTOR,0.16095
paging,q14,3,UNGROUPED_AGGREGATE,0.540211
paging,q14,3,UNGROUPED_AGGREGATE,0.537697
paging,q14,3,UNGROUPED_AGGREGATE,0.525026
paging,q14,4,CONCAT,0.37481899999999996
paging,q14,4,CONCAT,0.40192500000000003
paging,q14,4,CONCAT,0.356979
paging,q14,4,GPU_SCAN,2932.4548899999995
paging,q14,4,GPU_SCAN,2850.0042559999997
paging,q14,4,GPU_SCAN,2712.3485630000005
paging,q14,4,HASH_JOIN,6.43191
paging,q14,4,HASH_JOIN,6.340319
paging,q14,4,HASH_JOIN,6.141218
paging,q14,4,MERGE_AGGREGATE,0.013372
paging,q14,4,MERGE_AGGREGATE,0.024322
paging,q14,4,MERGE_AGGREGATE,0.04745
paging,q14,4,PARTITION,0.09836599999999998
paging,q14,4,PARTITION,0.21443100000000004
paging,q14,4,PARTITION,0.154489
paging,q14,4,PROJECTION,0.898957
paging,q14,4,PROJECTION,1.375897
paging,q14,4,PROJECTION,1.204314
paging,q14,4,RESULT_COLLECTOR,0.088489
paging,q14,4,RESULT_COLLECTOR,0.179491
paging,q14,4,RESULT_COLLECTOR,0.175829
paging,q14,4,UNGROUPED_AGGREGATE,0.573988
paging,q14,4,UNGROUPED_AGGREGATE,0.608698
paging,q14,4,UNGROUPED_AGGREGATE,0.555212
paging,q14,5,CONCAT,0.319521
paging,q14,5,CONCAT,0.29921
paging,q14,5,CONCAT,0.337163
paging,q14,5,GPU_SCAN,2375.083617
paging,q14,5,GPU_SCAN,2358.51457
paging,q14,5,GPU_SCAN,2386.484026
paging,q14,5,HASH_JOIN,6.400025
paging,q14,5,HASH_JOIN,6.241825
paging,q14,5,HASH_JOIN,6.196733
paging,q14,5,MERGE_AGGREGATE,0.011167
paging,q14,5,MERGE_AGGREGATE,0.034048
paging,q14,5,MERGE_AGGREGATE,0.015878
paging,q14,5,PARTITION,0.202399
paging,q14,5,PARTITION,0.10406499999999999
paging,q14,5,PARTITION,0.105839
paging,q14,5,PROJECTION,1.542616
paging,q14,5,PROJECTION,0.8208439999999999
paging,q14,5,PROJECTION,1.212451
paging,q14,5,RESULT_COLLECTOR,0.194092
paging,q14,5,RESULT_COLLECTOR,0.069498
paging,q14,5,RESULT_COLLECTOR,0.156948
paging,q14,5,UNGROUPED_AGGREGATE,0.598912
paging,q14,5,UNGROUPED_AGGREGATE,0.534555
paging,q14,5,UNGROUPED_AGGREGATE,0.55067
paging,q15,1,CONCAT,0.089741
paging,q15,1,CONCAT,0.050735
paging,q15,1,CONCAT,0.040285
paging,q15,1,CTE,0.007949
paging,q15,1,CTE,0.026846
paging,q15,1,CTE,0.007344
paging,q15,1,GPU_SCAN,3160.90509
paging,q15,1,GPU_SCAN,3034.4048080000002
paging,q15,1,GPU_SCAN,3160.979821
paging,q15,1,HASH_GROUP_BY,27.513379000000004
paging,q15,1,HASH_GROUP_BY,13.473411
paging,q15,1,HASH_GROUP_BY,17.101223
paging,q15,1,HASH_JOIN,8.77515
paging,q15,1,HASH_JOIN,0.945036
paging,q15,1,HASH_JOIN,0.890393
paging,q15,1,MERGE_AGGREGATE,0.075679
paging,q15,1,MERGE_AGGREGATE,0.026292
paging,q15,1,MERGE_AGGREGATE,0.026574
paging,q15,1,MERGE_GROUP_BY,2.097161
paging,q15,1,MERGE_GROUP_BY,2.103723
paging,q15,1,MERGE_GROUP_BY,2.201534
paging,q15,1,MERGE_SORT,0.024418
paging,q15,1,MERGE_SORT,0.011522
paging,q15,1,MERGE_SORT,0.011131
paging,q15,1,ORDER_BY,8.451545
paging,q15,1,ORDER_BY,0.238287
paging,q15,1,ORDER_BY,0.242823
paging,q15,1,PARTITION,0.489249
paging,q15,1,PARTITION,0.17636300000000002
paging,q15,1,PARTITION,0.10809
paging,q15,1,PROJECTION,10.787618
paging,q15,1,PROJECTION,5.556792
paging,q15,1,PROJECTION,7.9819580000000006
paging,q15,1,RESULT_COLLECTOR,0.475093
paging,q15,1,RESULT_COLLECTOR,0.159693
paging,q15,1,RESULT_COLLECTOR,0.294934
paging,q15,1,SORT_PARTITION,1.550896
paging,q15,1,SORT_PARTITION,0.590956
paging,q15,1,SORT_PARTITION,0.503321
paging,q15,1,SORT_SAMPLE,0.224288
paging,q15,1,SORT_SAMPLE,0.06381
paging,q15,1,SORT_SAMPLE,0.046477
paging,q15,1,UNGROUPED_AGGREGATE,8.722382
paging,q15,1,UNGROUPED_AGGREGATE,0.691905
paging,q15,1,UNGROUPED_AGGREGATE,0.374963
paging,q15,2,CONCAT,0.071607
paging,q15,2,CONCAT,0.067008
paging,q15,2,CONCAT,0.056782
paging,q15,2,CTE,0.021642
paging,q15,2,CTE,0.019072
paging,q15,2,CTE,0.016898
paging,q15,2,GPU_SCAN,2856.590031
paging,q15,2,GPU_SCAN,2771.1079229999996
paging,q15,2,GPU_SCAN,2879.102562
paging,q15,2,HASH_GROUP_BY,18.831588
paging,q15,2,HASH_GROUP_BY,11.110021
paging,q15,2,HASH_GROUP_BY,17.627377
paging,q15,2,HASH_JOIN,2.137445
paging,q15,2,HASH_JOIN,2.181837
paging,q15,2,HASH_JOIN,1.8312180000000002
paging,q15,2,MERGE_AGGREGATE,0.043037
paging,q15,2,MERGE_AGGREGATE,0.065935
paging,q15,2,MERGE_AGGREGATE,0.066433
paging,q15,2,MERGE_GROUP_BY,2.671745
paging,q15,2,MERGE_GROUP_BY,2.142231
paging,q15,2,MERGE_GROUP_BY,2.185868
paging,q15,2,MERGE_SORT,0.039914
paging,q15,2,MERGE_SORT,0.021067
paging,q15,2,MERGE_SORT,0.019611
paging,q15,2,ORDER_BY,0.306875
paging,q15,2,ORDER_BY,0.43605
paging,q15,2,ORDER_BY,0.320067
paging,q15,2,PARTITION,0.6433059999999999
paging,q15,2,PARTITION,0.308384
paging,q15,2,PARTITION,0.31307100000000004
paging,q15,2,PROJECTION,7.2957909999999995
paging,q15,2,PROJECTION,7.303694999999999
paging,q15,2,PROJECTION,5.641157
paging,q15,2,RESULT_COLLECTOR,0.150272
paging,q15,2,RESULT_COLLECTOR,0.210126
paging,q15,2,RESULT_COLLECTOR,0.22823
paging,q15,2,SORT_PARTITION,1.602097
paging,q15,2,SORT_PARTITION,0.848358
paging,q15,2,SORT_PARTITION,1.251377
paging,q15,2,SORT_SAMPLE,0.164153
paging,q15,2,SORT_SAMPLE,0.088782
paging,q15,2,SORT_SAMPLE,0.121105
paging,q15,2,UNGROUPED_AGGREGATE,0.599648
paging,q15,2,UNGROUPED_AGGREGATE,0.671353
paging,q15,2,UNGROUPED_AGGREGATE,0.9011770000000001
paging,q15,3,CONCAT,0.086446
paging,q15,3,CONCAT,0.047970000000000006
paging,q15,3,CONCAT,0.071176
paging,q15,3,CTE,0.005455
paging,q15,3,CTE,0.015739
paging,q15,3,CTE,0.022642
paging,q15,3,GPU_SCAN,2663.161584
paging,q15,3,GPU_SCAN,2589.7749580000004
paging,q15,3,GPU_SCAN,2552.049407
paging,q15,3,HASH_GROUP_BY,13.380576
paging,q15,3,HASH_GROUP_BY,10.934040000000003
paging,q15,3,HASH_GROUP_BY,9.733200999999998
paging,q15,3,HASH_JOIN,2.216977
paging,q15,3,HASH_JOIN,1.224227
paging,q15,3,HASH_JOIN,1.220172
paging,q15,3,MERGE_AGGREGATE,0.039488
paging,q15,3,MERGE_AGGREGATE,0.039097
paging,q15,3,MERGE_AGGREGATE,0.046466999999999994
paging,q15,3,MERGE_GROUP_BY,2.06953
paging,q15,3,MERGE_GROUP_BY,2.12076
paging,q15,3,MERGE_GROUP_BY,2.131543
paging,q15,3,MERGE_SORT,0.039418
paging,q15,3,MERGE_SORT,0.011172
paging,q15,3,MERGE_SORT,0.010943
paging,q15,3,ORDER_BY,0.290603
paging,q15,3,ORDER_BY,0.234873
paging,q15,3,ORDER_BY,0.255209
paging,q15,3,PARTITION,0.31921700000000003
paging,q15,3,PARTITION,0.28772299999999995
paging,q15,3,PARTITION,0.231955
paging,q15,3,PROJECTION,4.767217999999999
paging,q15,3,PROJECTION,3.4623220000000003
paging,q15,3,PROJECTION,5.523676
paging,q15,3,RESULT_COLLECTOR,0.114162
paging,q15,3,RESULT_COLLECTOR,0.166691
paging,q15,3,RESULT_COLLECTOR,0.140371
paging,q15,3,SORT_PARTITION,1.559328
paging,q15,3,SORT_PARTITION,0.520098
paging,q15,3,SORT_PARTITION,0.568381
paging,q15,3,SORT_SAMPLE,0.219384
paging,q15,3,SORT_SAMPLE,0.051252
paging,q15,3,SORT_SAMPLE,0.07262
paging,q15,3,UNGROUPED_AGGREGATE,0.322823
paging,q15,3,UNGROUPED_AGGREGATE,0.639283
paging,q15,3,UNGROUPED_AGGREGATE,0.907695
paging,q15,4,CONCAT,0.111319
paging,q15,4,CONCAT,0.030533
paging,q15,4,CONCAT,0.029077
paging,q15,4,CTE,0.008191
paging,q15,4,CTE,0.011707
paging,q15,4,CTE,0.015965
paging,q15,4,GPU_SCAN,2906.5161049999997
paging,q15,4,GPU_SCAN,2683.36553
paging,q15,4,GPU_SCAN,2856.945619
paging,q15,4,HASH_GROUP_BY,16.319111
paging,q15,4,HASH_GROUP_BY,12.351434999999999
paging,q15,4,HASH_GROUP_BY,13.555431
paging,q15,4,HASH_JOIN,2.441426
paging,q15,4,HASH_JOIN,1.244448
paging,q15,4,HASH_JOIN,1.339171
paging,q15,4,MERGE_AGGREGATE,0.054215
paging,q15,4,MERGE_AGGREGATE,0.039931
paging,q15,4,MERGE_AGGREGATE,0.044618
paging,q15,4,MERGE_GROUP_BY,2.149108
paging,q15,4,MERGE_GROUP_BY,2.094372
paging,q15,4,MERGE_GROUP_BY,2.090603
paging,q15,4,MERGE_SORT,0.028497
paging,q15,4,MERGE_SORT,0.018569
paging,q15,4,MERGE_SORT,0.01706
paging,q15,4,ORDER_BY,0.649525
paging,q15,4,ORDER_BY,0.239878
paging,q15,4,ORDER_BY,0.250638
paging,q15,4,PARTITION,0.35838500000000006
paging,q15,4,PARTITION,0.20249699999999995
paging,q15,4,PARTITION,0.21085999999999996
paging,q15,4,PROJECTION,7.1385
paging,q15,4,PROJECTION,3.8141479999999994
paging,q15,4,PROJECTION,8.32005
paging,q15,4,RESULT_COLLECTOR,0.191657
paging,q15,4,RESULT_COLLECTOR,0.122618
paging,q15,4,RESULT_COLLECTOR,0.114944
paging,q15,4,SORT_PARTITION,1.62581
paging,q15,4,SORT_PARTITION,0.466331
paging,q15,4,SORT_PARTITION,0.491636
paging,q15,4,SORT_SAMPLE,0.257727
paging,q15,4,SORT_SAMPLE,0.038529
paging,q15,4,SORT_SAMPLE,0.04118
paging,q15,4,UNGROUPED_AGGREGATE,0.501489
paging,q15,4,UNGROUPED_AGGREGATE,0.315436
paging,q15,4,UNGROUPED_AGGREGATE,0.31035199999999996
paging,q15,5,CONCAT,0.033943
paging,q15,5,CONCAT,0.054102
paging,q15,5,CONCAT,0.034362000000000004
paging,q15,5,CTE,0.006356
paging,q15,5,CTE,0.027598
paging,q15,5,CTE,0.007665
paging,q15,5,GPU_SCAN,2493.24263
paging,q15,5,GPU_SCAN,2331.362174
paging,q15,5,GPU_SCAN,2428.7771359999997
paging,q15,5,HASH_GROUP_BY,13.862645999999998
paging,q15,5,HASH_GROUP_BY,10.374624
paging,q15,5,HASH_GROUP_BY,12.093188999999999
paging,q15,5,HASH_JOIN,1.374595
paging,q15,5,HASH_JOIN,1.205295
paging,q15,5,HASH_JOIN,0.847148
paging,q15,5,MERGE_AGGREGATE,0.045989
paging,q15,5,MERGE_AGGREGATE,0.039972
paging,q15,5,MERGE_AGGREGATE,0.018453999999999998
paging,q15,5,MERGE_GROUP_BY,2.581568
paging,q15,5,MERGE_GROUP_BY,2.856588
paging,q15,5,MERGE_GROUP_BY,2.070892
paging,q15,5,MERGE_SORT,0.067033
paging,q15,5,MERGE_SORT,0.01605
paging,q15,5,MERGE_SORT,0.008249
paging,q15,5,ORDER_BY,0.252985
paging,q15,5,ORDER_BY,0.293704
paging,q15,5,ORDER_BY,0.225167
paging,q15,5,PARTITION,0.321973
paging,q15,5,PARTITION,0.45205200000000006
paging,q15,5,PARTITION,0.14962200000000006
paging,q15,5,PROJECTION,5.004519
paging,q15,5,PROJECTION,7.452475
paging,q15,5,PROJECTION,12.611229000000003
paging,q15,5,RESULT_COLLECTOR,0.147458
paging,q15,5,RESULT_COLLECTOR,0.205364
paging,q15,5,RESULT_COLLECTOR,0.114679
paging,q15,5,SORT_PARTITION,0.68464
paging,q15,5,SORT_PARTITION,0.731387
paging,q15,5,SORT_PARTITION,0.503288
paging,q15,5,SORT_SAMPLE,0.035341
paging,q15,5,SORT_SAMPLE,0.091642
paging,q15,5,SORT_SAMPLE,0.051035
paging,q15,5,UNGROUPED_AGGREGATE,0.5076160000000001
paging,q15,5,UNGROUPED_AGGREGATE,0.832052
paging,q15,5,UNGROUPED_AGGREGATE,0.638684
paging,q16,1,CONCAT,0.267982
paging,q16,1,CONCAT,0.29402900000000004
paging,q16,1,CONCAT,0.122811
paging,q16,1,DYNAMIC_FILTER,0.689208
paging,q16,1,DYNAMIC_FILTER,0.690498
paging,q16,1,DYNAMIC_FILTER,0.69465
paging,q16,1,FILTER,15.775833
paging,q16,1,FILTER,4.149150000000001
paging,q16,1,FILTER,4.039161
paging,q16,1,GPU_SCAN,120.48629199999999
paging,q16,1,GPU_SCAN,94.861314
paging,q16,1,GPU_SCAN,94.13709200000001
paging,q16,1,HASH_GROUP_BY,66.702889
paging,q16,1,HASH_GROUP_BY,46.850444
paging,q16,1,HASH_GROUP_BY,46.684552
paging,q16,1,HASH_JOIN,14.286387000000001
paging,q16,1,HASH_JOIN,5.753831
paging,q16,1,HASH_JOIN,5.284227
paging,q16,1,MERGE_GROUP_BY,3.002505
paging,q16,1,MERGE_GROUP_BY,1.134729
paging,q16,1,MERGE_GROUP_BY,0.365892
paging,q16,1,MERGE_SORT,0.008559
paging,q16,1,MERGE_SORT,0.014315
paging,q16,1,MERGE_SORT,0.006091
paging,q16,1,ORDER_BY,2.460835
paging,q16,1,ORDER_BY,2.583051
paging,q16,1,ORDER_BY,2.331988
paging,q16,1,PARTITION,0.23183499999999999
paging,q16,1,PARTITION,0.09984700000000002
paging,q16,1,PARTITION,0.059910000000000005
paging,q16,1,PROJECTION,0.014948
paging,q16,1,PROJECTION,0.021961
paging,q16,1,PROJECTION,0.012942
paging,q16,1,RESULT_COLLECTOR,1.392762
paging,q16,1,RESULT_COLLECTOR,1.452028
paging,q16,1,RESULT_COLLECTOR,1.292096
paging,q16,1,SORT_PARTITION,0.005453
paging,q16,1,SORT_PARTITION,0.006947
paging,q16,1,SORT_PARTITION,0.005313
paging,q16,1,SORT_SAMPLE,0.009609
paging,q16,1,SORT_SAMPLE,0.011847
paging,q16,1,SORT_SAMPLE,0.008544
paging,q16,2,CONCAT,0.22760299999999997
paging,q16,2,CONCAT,0.195513
paging,q16,2,CONCAT,0.33998
paging,q16,2,DYNAMIC_FILTER,0.694246
paging,q16,2,DYNAMIC_FILTER,0.698541
paging,q16,2,DYNAMIC_FILTER,0.699803
paging,q16,2,FILTER,4.34653
paging,q16,2,FILTER,4.505784
paging,q16,2,FILTER,4.06131
paging,q16,2,GPU_SCAN,121.2491
paging,q16,2,GPU_SCAN,122.276155
paging,q16,2,GPU_SCAN,121.62816600000001
paging,q16,2,HASH_GROUP_BY,46.780421
paging,q16,2,HASH_GROUP_BY,46.958488
paging,q16,2,HASH_GROUP_BY,47.205499
paging,q16,2,HASH_JOIN,6.245448
paging,q16,2,HASH_JOIN,6.0901130000000006
paging,q16,2,HASH_JOIN,5.78229
paging,q16,2,MERGE_GROUP_BY,1.103992
paging,q16,2,MERGE_GROUP_BY,1.124794
paging,q16,2,MERGE_GROUP_BY,0.51913
paging,q16,2,MERGE_SORT,0.011941
paging,q16,2,MERGE_SORT,0.008012
paging,q16,2,MERGE_SORT,0.011854
paging,q16,2,ORDER_BY,2.598002
paging,q16,2,ORDER_BY,2.542758
paging,q16,2,ORDER_BY,2.393747
paging,q16,2,PARTITION,0.24486400000000003
paging,q16,2,PARTITION,0.14654799999999998
paging,q16,2,PARTITION,0.177611
paging,q16,2,PROJECTION,0.013764
paging,q16,2,PROJECTION,0.014278
paging,q16,2,PROJECTION,0.014712
paging,q16,2,RESULT_COLLECTOR,0.95275
paging,q16,2,RESULT_COLLECTOR,0.959498
paging,q16,2,RESULT_COLLECTOR,0.92919
paging,q16,2,SORT_PARTITION,0.009362
paging,q16,2,SORT_PARTITION,0.008614
paging,q16,2,SORT_PARTITION,0.006557
paging,q16,2,SORT_SAMPLE,0.016529
paging,q16,2,SORT_SAMPLE,0.016176
paging,q16,2,SORT_SAMPLE,0.010242
paging,q16,3,CONCAT,0.269944
paging,q16,3,CONCAT,0.201216
paging,q16,3,CONCAT,0.33134600000000003
paging,q16,3,DYNAMIC_FILTER,0.717357
paging,q16,3,DYNAMIC_FILTER,0.689916
paging,q16,3,DYNAMIC_FILTER,0.704785
paging,q16,3,FILTER,4.176207
paging,q16,3,FILTER,4.099639
paging,q16,3,FILTER,4.170802
paging,q16,3,GPU_SCAN,123.34377
paging,q16,3,GPU_SCAN,121.20961600000001
paging,q16,3,GPU_SCAN,122.395823
paging,q16,3,HASH_GROUP_BY,47.084472
paging,q16,3,HASH_GROUP_BY,47.087126
paging,q16,3,HASH_GROUP_BY,46.963597
paging,q16,3,HASH_JOIN,5.5120629999999995
paging,q16,3,HASH_JOIN,5.454126
paging,q16,3,HASH_JOIN,6.609380999999999
paging,q16,3,MERGE_GROUP_BY,0.354658
paging,q16,3,MERGE_GROUP_BY,1.039884
paging,q16,3,MERGE_GROUP_BY,1.180111
paging,q16,3,MERGE_SORT,0.006687
paging,q16,3,MERGE_SORT,0.029608
paging,q16,3,MERGE_SORT,0.008331
paging,q16,3,ORDER_BY,2.403309
paging,q16,3,ORDER_BY,2.612535
paging,q16,3,ORDER_BY,2.460799
paging,q16,3,PARTITION,0.126585
paging,q16,3,PARTITION,0.212642
paging,q16,3,PARTITION,0.180708
paging,q16,3,PROJECTION,0.016458
paging,q16,3,PROJECTION,0.015091
paging,q16,3,PROJECTION,0.017618
paging,q16,3,RESULT_COLLECTOR,3.735844
paging,q16,3,RESULT_COLLECTOR,0.971102
paging,q16,3,RESULT_COLLECTOR,0.999943
paging,q16,3,SORT_PARTITION,0.006818
paging,q16,3,SORT_PARTITION,0.016871
paging,q16,3,SORT_PARTITION,0.006504
paging,q16,3,SORT_SAMPLE,0.010062
paging,q16,3,SORT_SAMPLE,0.021581
paging,q16,3,SORT_SAMPLE,0.010845
paging,q16,4,CONCAT,0.3095819999999999
paging,q16,4,CONCAT,0.251641
paging,q16,4,CONCAT,0.381337
paging,q16,4,DYNAMIC_FILTER,0.70469
paging,q16,4,DYNAMIC_FILTER,0.705139
paging,q16,4,DYNAMIC_FILTER,0.704899
paging,q16,4,FILTER,4.41353
paging,q16,4,FILTER,4.124145
paging,q16,4,FILTER,4.185689
paging,q16,4,GPU_SCAN,123.18456600000002
paging,q16,4,GPU_SCAN,119.75896
paging,q16,4,GPU_SCAN,120.525859
paging,q16,4,HASH_GROUP_BY,46.857478
paging,q16,4,HASH_GROUP_BY,46.970427
paging,q16,4,HASH_GROUP_BY,47.282324
paging,q16,4,HASH_JOIN,6.661047
paging,q16,4,HASH_JOIN,5.865726
paging,q16,4,HASH_JOIN,5.968032
paging,q16,4,MERGE_GROUP_BY,1.18917
paging,q16,4,MERGE_GROUP_BY,0.455379
paging,q16,4,MERGE_GROUP_BY,1.191586
paging,q16,4,MERGE_SORT,0.009151
paging,q16,4,MERGE_SORT,0.044695
paging,q16,4,MERGE_SORT,0.009572
paging,q16,4,ORDER_BY,2.687868
paging,q16,4,ORDER_BY,2.479259
paging,q16,4,ORDER_BY,2.541258
paging,q16,4,PARTITION,0.316916
paging,q16,4,PARTITION,0.193421
paging,q16,4,PARTITION,0.199683
paging,q16,4,PROJECTION,0.017957
paging,q16,4,PROJECTION,0.016377
paging,q16,4,PROJECTION,0.022405
paging,q16,4,RESULT_COLLECTOR,0.929765
paging,q16,4,RESULT_COLLECTOR,0.832186
paging,q16,4,RESULT_COLLECTOR,0.897011
paging,q16,4,SORT_PARTITION,0.014336
paging,q16,4,SORT_PARTITION,0.006669
paging,q16,4,SORT_PARTITION,0.011708
paging,q16,4,SORT_SAMPLE,0.021053
paging,q16,4,SORT_SAMPLE,0.010882
paging,q16,4,SORT_SAMPLE,0.018844
paging,q16,5,CONCAT,0.15177500000000002
paging,q16,5,CONCAT,0.166614
paging,q16,5,CONCAT,0.22119500000000003
paging,q16,5,DYNAMIC_FILTER,0.696558
paging,q16,5,DYNAMIC_FILTER,0.69954
paging,q16,5,DYNAMIC_FILTER,0.698049
paging,q16,5,FILTER,4.191701
paging,q16,5,FILTER,4.1494409999999995
paging,q16,5,FILTER,4.283806
paging,q16,5,GPU_SCAN,119.850856
paging,q16,5,GPU_SCAN,119.726273
paging,q16,5,GPU_SCAN,120.51218000000001
paging,q16,5,HASH_GROUP_BY,47.069099
paging,q16,5,HASH_GROUP_BY,47.152416
paging,q16,5,HASH_GROUP_BY,46.981786
paging,q16,5,HASH_JOIN,6.493477
paging,q16,5,HASH_JOIN,6.544452000000001
paging,q16,5,HASH_JOIN,6.1473130000000005
paging,q16,5,MERGE_GROUP_BY,0.41358
paging,q16,5,MERGE_GROUP_BY,0.429101
paging,q16,5,MERGE_GROUP_BY,0.392382
paging,q16,5,MERGE_SORT,0.006863
paging,q16,5,MERGE_SORT,0.013822
paging,q16,5,MERGE_SORT,0.050657
paging,q16,5,ORDER_BY,2.884955
paging,q16,5,ORDER_BY,2.692013
paging,q16,5,ORDER_BY,2.988129
paging,q16,5,PARTITION,0.294445
paging,q16,5,PARTITION,0.263852
paging,q16,5,PARTITION,0.278458
paging,q16,5,PROJECTION,0.019419
paging,q16,5,PROJECTION,0.020938
paging,q16,5,PROJECTION,0.028682
paging,q16,5,RESULT_COLLECTOR,0.77657
paging,q16,5,RESULT_COLLECTOR,0.687872
paging,q16,5,RESULT_COLLECTOR,0.672471
paging,q16,5,SORT_PARTITION,0.007405
paging,q16,5,SORT_PARTITION,0.005806
paging,q16,5,SORT_PARTITION,0.006774
paging,q16,5,SORT_SAMPLE,0.014287
paging,q16,5,SORT_SAMPLE,0.010636
paging,q16,5,SORT_SAMPLE,0.009963
paging,q17,1,CONCAT,8.162016000000001
paging,q17,1,CONCAT,0.5549549999999998
paging,q17,1,DYNAMIC_FILTER,16.586092999999998
paging,q17,1,DYNAMIC_FILTER,18.393558
paging,q17,1,FILTER,0.119306
paging,q17,1,FILTER,0.18748
paging,q17,1,GPU_SCAN,4096.625892999999
paging,q17,1,GPU_SCAN,4189.3347890000005
paging,q17,1,HASH_GROUP_BY,5.139406
paging,q17,1,HASH_GROUP_BY,3.469848
paging,q17,1,HASH_JOIN,118.678673
paging,q17,1,HASH_JOIN,67.59075000000001
paging,q17,1,LEFT_DELIM_JOIN,0.993442
paging,q17,1,LEFT_DELIM_JOIN,0.295735
paging,q17,1,MERGE_AGGREGATE,0.016652
paging,q17,1,MERGE_AGGREGATE,0.036133
paging,q17,1,MERGE_GROUP_BY,1.357939
paging,q17,1,MERGE_GROUP_BY,1.324923
paging,q17,1,PARTITION,0.483048
paging,q17,1,PARTITION,0.591095
paging,q17,1,PROJECTION,0.38044300000000003
paging,q17,1,PROJECTION,0.420404
paging,q17,1,RESULT_COLLECTOR,0.101169
paging,q17,1,RESULT_COLLECTOR,0.079565
paging,q17,1,UNGROUPED_AGGREGATE,0.169225
paging,q17,1,UNGROUPED_AGGREGATE,0.259611
paging,q17,2,CONCAT,0.9557689999999999
paging,q17,2,CONCAT,0.8334210000000001
paging,q17,2,DYNAMIC_FILTER,17.182899
paging,q17,2,DYNAMIC_FILTER,14.944033
paging,q17,2,FILTER,0.267916
paging,q17,2,FILTER,0.234676
paging,q17,2,GPU_SCAN,3426.134528
paging,q17,2,GPU_SCAN,3426.33111
paging,q17,2,HASH_GROUP_BY,4.016617999999999
paging,q17,2,HASH_GROUP_BY,12.341296
paging,q17,2,HASH_JOIN,97.90904600000002
paging,q17,2,HASH_JOIN,64.662248
paging,q17,2,LEFT_DELIM_JOIN,0.263683
paging,q17,2,LEFT_DELIM_JOIN,0.200794
paging,q17,2,MERGE_AGGREGATE,0.031882
paging,q17,2,MERGE_AGGREGATE,0.028821
paging,q17,2,MERGE_GROUP_BY,0.550597
paging,q17,2,MERGE_GROUP_BY,0.569716
paging,q17,2,PARTITION,0.500448
paging,q17,2,PARTITION,0.3757500000000001
paging,q17,2,PROJECTION,0.282575
paging,q17,2,PROJECTION,0.345067
paging,q17,2,RESULT_COLLECTOR,0.07363
paging,q17,2,RESULT_COLLECTOR,0.082168
paging,q17,2,UNGROUPED_AGGREGATE,0.409537
paging,q17,2,UNGROUPED_AGGREGATE,0.320108
paging,q17,3,CONCAT,0.31595300000000004
paging,q17,3,CONCAT,0.45131
paging,q17,3,DYNAMIC_FILTER,16.045683999999998
paging,q17,3,DYNAMIC_FILTER,18.845422
paging,q17,3,FILTER,0.166542
paging,q17,3,FILTER,0.237584
paging,q17,3,GPU_SCAN,3524.0699439999994
paging,q17,3,GPU_SCAN,3489.030866
paging,q17,3,HASH_GROUP_BY,7.338624
paging,q17,3,HASH_GROUP_BY,2.771026
paging,q17,3,HASH_JOIN,106.057026
paging,q17,3,HASH_JOIN,71.14818100000001
paging,q17,3,LEFT_DELIM_JOIN,0.135224
paging,q17,3,LEFT_DELIM_JOIN,0.171604
paging,q17,3,MERGE_AGGREGATE,0.02594
paging,q17,3,MERGE_AGGREGATE,0.030233
paging,q17,3,MERGE_GROUP_BY,0.492529
paging,q17,3,MERGE_GROUP_BY,0.854024
paging,q17,3,PARTITION,0.39024999999999993
paging,q17,3,PARTITION,0.638084
paging,q17,3,PROJECTION,0.647457
paging,q17,3,PROJECTION,0.798785
paging,q17,3,RESULT_COLLECTOR,0.065582
paging,q17,3,RESULT_COLLECTOR,0.105113
paging,q17,3,UNGROUPED_AGGREGATE,0.251251
paging,q17,3,UNGROUPED_AGGREGATE,0.329349
paging,q17,4,CONCAT,0.566609
paging,q17,4,CONCAT,0.6600329999999999
paging,q17,4,DYNAMIC_FILTER,10.490806000000001
paging,q17,4,DYNAMIC_FILTER,14.704692
paging,q17,4,FILTER,0.119697
paging,q17,4,FILTER,0.217224
paging,q17,4,GPU_SCAN,3468.8275100000005
paging,q17,4,GPU_SCAN,3430.887583999999
paging,q17,4,HASH_GROUP_BY,4.518794
paging,q17,4,HASH_GROUP_BY,3.225319
paging,q17,4,HASH_JOIN,95.98928
paging,q17,4,HASH_JOIN,70.47904
paging,q17,4,LEFT_DELIM_JOIN,0.128084
paging,q17,4,LEFT_DELIM_JOIN,0.151784
paging,q17,4,MERGE_AGGREGATE,0.035246
paging,q17,4,MERGE_AGGREGATE,0.014353
paging,q17,4,MERGE_GROUP_BY,0.56825
paging,q17,4,MERGE_GROUP_BY,0.5539580000000001
paging,q17,4,PARTITION,0.331172
paging,q17,4,PARTITION,0.4794419999999999
paging,q17,4,PROJECTION,0.38834199999999996
paging,q17,4,PROJECTION,0.247239
paging,q17,4,RESULT_COLLECTOR,0.093249
paging,q17,4,RESULT_COLLECTOR,0.087149
paging,q17,4,UNGROUPED_AGGREGATE,0.164811
paging,q17,4,UNGROUPED_AGGREGATE,0.306229
paging,q17,5,CONCAT,0.365751
paging,q17,5,CONCAT,1.1231769999999999
paging,q17,5,DYNAMIC_FILTER,16.344918
paging,q17,5,DYNAMIC_FILTER,14.793718
paging,q17,5,FILTER,0.247596
paging,q17,5,FILTER,0.114293
paging,q17,5,GPU_SCAN,2851.347466
paging,q17,5,GPU_SCAN,2895.410885
paging,q17,5,HASH_GROUP_BY,3.784082
paging,q17,5,HASH_GROUP_BY,4.322137
paging,q17,5,HASH_JOIN,73.7778
paging,q17,5,HASH_JOIN,97.058413
paging,q17,5,LEFT_DELIM_JOIN,0.23164
paging,q17,5,LEFT_DELIM_JOIN,0.240664
paging,q17,5,MERGE_AGGREGATE,0.025886
paging,q17,5,MERGE_AGGREGATE,0.016501
paging,q17,5,MERGE_GROUP_BY,0.937836
paging,q17,5,MERGE_GROUP_BY,0.55527
paging,q17,5,PARTITION,0.553129
paging,q17,5,PARTITION,0.5272830000000001
paging,q17,5,PROJECTION,1.173371
paging,q17,5,PROJECTION,0.408147
paging,q17,5,RESULT_COLLECTOR,0.094223
paging,q17,5,RESULT_COLLECTOR,0.074395
paging,q17,5,UNGROUPED_AGGREGATE,0.330751
paging,q17,5,UNGROUPED_AGGREGATE,0.170149
paging,q18,1,CONCAT,0.49464899999999995
paging,q18,1,CONCAT,2.851552
paging,q18,1,DYNAMIC_FILTER,14.901546
paging,q18,1,DYNAMIC_FILTER,18.12415
paging,q18,1,FILTER,3.791774
paging,q18,1,FILTER,3.00303
paging,q18,1,GPU_SCAN,2240.0257659999997
paging,q18,1,GPU_SCAN,2193.0244620000003
paging,q18,1,HASH_GROUP_BY,161.26443899999998
paging,q18,1,HASH_GROUP_BY,157.35433400000002
paging,q18,1,HASH_JOIN,3.2753280000000005
paging,q18,1,HASH_JOIN,3.137587
paging,q18,1,MERGE_GROUP_BY,128.79827
paging,q18,1,MERGE_GROUP_BY,125.957178
paging,q18,1,MERGE_SORT,0.437504
paging,q18,1,MERGE_SORT,0.397573
paging,q18,1,ORDER_BY,0.348954
paging,q18,1,ORDER_BY,0.379881
paging,q18,1,PARTITION,43.394225999999996
paging,q18,1,PARTITION,32.897166999999996
paging,q18,1,PROJECTION,0.013306
paging,q18,1,PROJECTION,0.036181
paging,q18,1,RESULT_COLLECTOR,0.153142
paging,q18,1,RESULT_COLLECTOR,0.141796
paging,q18,1,SORT_PARTITION,0.468163
paging,q18,1,SORT_PARTITION,0.505595
paging,q18,1,SORT_SAMPLE,0.03724
paging,q18,1,SORT_SAMPLE,0.087375
paging,q18,2,CONCAT,2.9689329999999994
paging,q18,2,CONCAT,2.723407
paging,q18,2,DYNAMIC_FILTER,22.18325
paging,q18,2,DYNAMIC_FILTER,16.751558
paging,q18,2,FILTER,3.2188410000000003
paging,q18,2,FILTER,2.9564570000000003
paging,q18,2,GPU_SCAN,2021.006808
paging,q18,2,GPU_SCAN,1921.888509
paging,q18,2,HASH_GROUP_BY,229.605532
paging,q18,2,HASH_GROUP_BY,156.32787
paging,q18,2,HASH_JOIN,3.220502
paging,q18,2,HASH_JOIN,3.092008
paging,q18,2,MERGE_GROUP_BY,127.184614
paging,q18,2,MERGE_GROUP_BY,125.259067
paging,q18,2,MERGE_SORT,0.534869
paging,q18,2,MERGE_SORT,0.552041
paging,q18,2,ORDER_BY,0.328292
paging,q18,2,ORDER_BY,0.344976
paging,q18,2,PARTITION,33.24406700000001
paging,q18,2,PARTITION,32.907582
paging,q18,2,PROJECTION,0.011877
paging,q18,2,PROJECTION,0.010811
paging,q18,2,RESULT_COLLECTOR,0.177457
paging,q18,2,RESULT_COLLECTOR,0.164433
paging,q18,2,SORT_PARTITION,0.325579
paging,q18,2,SORT_PARTITION,0.28018
paging,q18,2,SORT_SAMPLE,0.064738
paging,q18,2,SORT_SAMPLE,0.024001
paging,q18,3,CONCAT,2.731731
paging,q18,3,CONCAT,2.77035
paging,q18,3,DYNAMIC_FILTER,11.830052000000002
paging,q18,3,DYNAMIC_FILTER,15.604499
paging,q18,3,FILTER,3.030504
paging,q18,3,FILTER,3.019898
paging,q18,3,GPU_SCAN,1547.531597
paging,q18,3,GPU_SCAN,1533.8579990000003
paging,q18,3,HASH_GROUP_BY,161.588511
paging,q18,3,HASH_GROUP_BY,126.83236099999999
paging,q18,3,HASH_JOIN,2.655935
paging,q18,3,HASH_JOIN,3.263105
paging,q18,3,MERGE_GROUP_BY,127.413297
paging,q18,3,MERGE_GROUP_BY,125.385268
paging,q18,3,MERGE_SORT,0.594927
paging,q18,3,MERGE_SORT,1.578577
paging,q18,3,ORDER_BY,0.423779
paging,q18,3,ORDER_BY,0.37107
paging,q18,3,PARTITION,33.35333299999999
paging,q18,3,PARTITION,33.66277200000002
paging,q18,3,PROJECTION,0.012252
paging,q18,3,PROJECTION,0.011206
paging,q18,3,RESULT_COLLECTOR,0.329035
paging,q18,3,RESULT_COLLECTOR,0.303505
paging,q18,3,SORT_PARTITION,0.342937
paging,q18,3,SORT_PARTITION,0.316209
paging,q18,3,SORT_SAMPLE,0.047137
paging,q18,3,SORT_SAMPLE,0.032536
paging,q18,4,CONCAT,2.7540100000000005
paging,q18,4,CONCAT,2.7240429999999995
paging,q18,4,DYNAMIC_FILTER,12.957845
paging,q18,4,DYNAMIC_FILTER,12.238416
paging,q18,4,FILTER,2.984812
paging,q18,4,FILTER,3.235119
paging,q18,4,GPU_SCAN,1303.181645
paging,q18,4,GPU_SCAN,1298.091406
paging,q18,4,HASH_GROUP_BY,114.84747
paging,q18,4,HASH_GROUP_BY,112.422154
paging,q18,4,HASH_JOIN,3.0697400000000004
paging,q18,4,HASH_JOIN,3.188641
paging,q18,4,MERGE_GROUP_BY,124.678078
paging,q18,4,MERGE_GROUP_BY,125.565616
paging,q18,4,MERGE_SORT,0.723923
paging,q18,4,MERGE_SORT,0.784706
paging,q18,4,ORDER_BY,0.348402
paging,q18,4,ORDER_BY,0.409758
paging,q18,4,PARTITION,32.94008399999999
paging,q18,4,PARTITION,33.21383199999999
paging,q18,4,PROJECTION,0.012621
paging,q18,4,PROJECTION,0.011876
paging,q18,4,RESULT_COLLECTOR,0.136401
paging,q18,4,RESULT_COLLECTOR,0.253641
paging,q18,4,SORT_PARTITION,0.365078
paging,q18,4,SORT_PARTITION,0.410045
paging,q18,4,SORT_SAMPLE,0.032182
paging,q18,4,SORT_SAMPLE,0.032784
paging,q18,5,CONCAT,2.710716
paging,q18,5,CONCAT,2.923592
paging,q18,5,DYNAMIC_FILTER,15.11937
paging,q18,5,DYNAMIC_FILTER,15.620949
paging,q18,5,FILTER,3.247013
paging,q18,5,FILTER,3.2497730000000002
paging,q18,5,GPU_SCAN,1510.1926990000002
paging,q18,5,GPU_SCAN,1500.274785
paging,q18,5,HASH_GROUP_BY,158.231913
paging,q18,5,HASH_GROUP_BY,156.469143
paging,q18,5,HASH_JOIN,3.608061
paging,q18,5,HASH_JOIN,2.659729
paging,q18,5,MERGE_GROUP_BY,125.92973899999998
paging,q18,5,MERGE_GROUP_BY,125.50913500000001
paging,q18,5,MERGE_SORT,0.582607
paging,q18,5,MERGE_SORT,0.655303
paging,q18,5,ORDER_BY,0.350053
paging,q18,5,ORDER_BY,0.409141
paging,q18,5,PARTITION,33.068227
paging,q18,5,PARTITION,33.09042600000001
paging,q18,5,PROJECTION,0.039581
paging,q18,5,PROJECTION,0.011892
paging,q18,5,RESULT_COLLECTOR,0.12837
paging,q18,5,RESULT_COLLECTOR,0.126157
paging,q18,5,SORT_PARTITION,0.360993
paging,q18,5,SORT_PARTITION,0.326488
paging,q18,5,SORT_SAMPLE,0.057358
paging,q18,5,SORT_SAMPLE,0.034217
paging,q19,1,CONCAT,2.047635
paging,q19,1,CONCAT,1.8547639999999999
paging,q19,1,DYNAMIC_FILTER,2.183386
paging,q19,1,DYNAMIC_FILTER,2.1476
paging,q19,1,FILTER,20.526256
paging,q19,1,FILTER,19.362666
paging,q19,1,GPU_SCAN,3242.829985
paging,q19,1,GPU_SCAN,2961.470951
paging,q19,1,HASH_JOIN,13.014155
paging,q19,1,HASH_JOIN,12.655076
paging,q19,1,MERGE_AGGREGATE,0.027439
paging,q19,1,MERGE_AGGREGATE,0.081795
paging,q19,1,PARTITION,0.19702100000000006
paging,q19,1,PARTITION,0.21782399999999996
paging,q19,1,PROJECTION,0.079914
paging,q19,1,PROJECTION,0.076472
paging,q19,1,RESULT_COLLECTOR,0.094489
paging,q19,1,RESULT_COLLECTOR,0.195394
paging,q19,1,UNGROUPED_AGGREGATE,0.149193
paging,q19,1,UNGROUPED_AGGREGATE,0.140695
paging,q19,2,CONCAT,1.875634
paging,q19,2,CONCAT,1.881178
paging,q19,2,DYNAMIC_FILTER,2.1625
paging,q19,2,DYNAMIC_FILTER,2.275077
paging,q19,2,FILTER,20.506545000000003
paging,q19,2,FILTER,19.875647999999998
paging,q19,2,GPU_SCAN,2974.891134
paging,q19,2,GPU_SCAN,3062.112688999999
paging,q19,2,HASH_JOIN,12.57328
paging,q19,2,HASH_JOIN,12.438559
paging,q19,2,MERGE_AGGREGATE,0.056695
paging,q19,2,MERGE_AGGREGATE,0.020413
paging,q19,2,PARTITION,0.43344299999999997
paging,q19,2,PARTITION,0.467305
paging,q19,2,PROJECTION,0.077553
paging,q19,2,PROJECTION,0.074942
paging,q19,2,RESULT_COLLECTOR,0.19798
paging,q19,2,RESULT_COLLECTOR,0.198718
paging,q19,2,UNGROUPED_AGGREGATE,0.141585
paging,q19,2,UNGROUPED_AGGREGATE,0.149984
paging,q19,3,CONCAT,2.261288
paging,q19,3,CONCAT,2.303093
paging,q19,3,DYNAMIC_FILTER,2.150408
paging,q19,3,DYNAMIC_FILTER,2.196223
paging,q19,3,FILTER,18.877975000000003
paging,q19,3,FILTER,20.543086000000002
paging,q19,3,GPU_SCAN,2856.0079620000006
paging,q19,3,GPU_SCAN,2832.028933
paging,q19,3,HASH_JOIN,12.600822
paging,q19,3,HASH_JOIN,12.592609
paging,q19,3,MERGE_AGGREGATE,0.059025
paging,q19,3,MERGE_AGGREGATE,0.025184
paging,q19,3,PARTITION,0.28626500000000005
paging,q19,3,PARTITION,0.6935710000000002
paging,q19,3,PROJECTION,0.074972
paging,q19,3,PROJECTION,0.082183
paging,q19,3,RESULT_COLLECTOR,0.201658
paging,q19,3,RESULT_COLLECTOR,0.215179
paging,q19,3,UNGROUPED_AGGREGATE,0.130109
paging,q19,3,UNGROUPED_AGGREGATE,0.150508
paging,q19,4,CONCAT,1.907347
paging,q19,4,CONCAT,1.956577
paging,q19,4,DYNAMIC_FILTER,2.184245
paging,q19,4,DYNAMIC_FILTER,2.163096
paging,q19,4,FILTER,19.569464
paging,q19,4,FILTER,19.091184
paging,q19,4,GPU_SCAN,2854.1641720000002
paging,q19,4,GPU_SCAN,2801.2846269999995
paging,q19,4,HASH_JOIN,12.442554
paging,q19,4,HASH_JOIN,12.60425
paging,q19,4,MERGE_AGGREGATE,0.024413
paging,q19,4,MERGE_AGGREGATE,0.074892
paging,q19,4,PARTITION,0.38845300000000005
paging,q19,4,PARTITION,0.52521
paging,q19,4,PROJECTION,0.087517
paging,q19,4,PROJECTION,0.077062
paging,q19,4,RESULT_COLLECTOR,0.249598
paging,q19,4,RESULT_COLLECTOR,0.102251
paging,q19,4,UNGROUPED_AGGREGATE,0.163519
paging,q19,4,UNGROUPED_AGGREGATE,0.135966
paging,q19,5,CONCAT,2.261248
paging,q19,5,CONCAT,1.990787
paging,q19,5,DYNAMIC_FILTER,2.140047
paging,q19,5,DYNAMIC_FILTER,2.139761
paging,q19,5,FILTER,18.347537
paging,q19,5,FILTER,17.466809
paging,q19,5,GPU_SCAN,2835.419916
paging,q19,5,GPU_SCAN,2762.0464060000004
paging,q19,5,HASH_JOIN,12.947528
paging,q19,5,HASH_JOIN,12.678786
paging,q19,5,MERGE_AGGREGATE,0.047371
paging,q19,5,MERGE_AGGREGATE,0.053977
paging,q19,5,PARTITION,0.315093
paging,q19,5,PARTITION,0.291184
paging,q19,5,PROJECTION,0.077955
paging,q19,5,PROJECTION,0.07676
paging,q19,5,RESULT_COLLECTOR,0.086697
paging,q19,5,RESULT_COLLECTOR,0.064545
paging,q19,5,UNGROUPED_AGGREGATE,0.136861
paging,q19,5,UNGROUPED_AGGREGATE,0.14924
paging,q20,1,CONCAT,0.822161
paging,q20,1,CONCAT,0.8463420000000001
paging,q20,1,DYNAMIC_FILTER,10.685229
paging,q20,1,DYNAMIC_FILTER,5.464396
paging,q20,1,FILTER,0.530175
paging,q20,1,FILTER,0.219903
paging,q20,1,GPU_SCAN,2428.6626129999995
paging,q20,1,GPU_SCAN,2430.597233
paging,q20,1,HASH_GROUP_BY,0.803147
paging,q20,1,HASH_GROUP_BY,0.54552
paging,q20,1,HASH_JOIN,4.358885
paging,q20,1,HASH_JOIN,3.4181660000000003
paging,q20,1,LEFT_DELIM_JOIN,0.573582
paging,q20,1,LEFT_DELIM_JOIN,0.485753
paging,q20,1,MERGE_GROUP_BY,0.032718
paging,q20,1,MERGE_GROUP_BY,0.043613
paging,q20,1,MERGE_SORT,1.178771
paging,q20,1,MERGE_SORT,0.465508
paging,q20,1,ORDER_BY,7.179719
paging,q20,1,ORDER_BY,3.246779
paging,q20,1,PARTITION,0.35120300000000004
paging,q20,1,PARTITION,0.36544799999999994
paging,q20,1,PROJECTION,0.214356
paging,q20,1,PROJECTION,0.123578
paging,q20,1,RESULT_COLLECTOR,0.685815
paging,q20,1,RESULT_COLLECTOR,0.383295
paging,q20,1,SORT_PARTITION,1.948251
paging,q20,1,SORT_PARTITION,1.141783
paging,q20,1,SORT_SAMPLE,0.40312
paging,q20,1,SORT_SAMPLE,0.453271
paging,q20,2,CONCAT,0.6217
paging,q20,2,CONCAT,0.445824
paging,q20,2,DYNAMIC_FILTER,5.123284999999998
paging,q20,2,DYNAMIC_FILTER,5.66056
paging,q20,2,FILTER,0.185658
paging,q20,2,FILTER,0.214893
paging,q20,2,GPU_SCAN,2555.3633910000003
paging,q20,2,GPU_SCAN,2561.5021830000005
paging,q20,2,HASH_GROUP_BY,0.559582
paging,q20,2,HASH_GROUP_BY,0.635641
paging,q20,2,HASH_JOIN,2.294296
paging,q20,2,HASH_JOIN,3.098912
paging,q20,2,LEFT_DELIM_JOIN,0.575559
paging,q20,2,LEFT_DELIM_JOIN,0.350041
paging,q20,2,MERGE_GROUP_BY,0.057557
paging,q20,2,MERGE_GROUP_BY,0.029259
paging,q20,2,MERGE_SORT,0.742673
paging,q20,2,MERGE_SORT,1.711174
paging,q20,2,ORDER_BY,3.155812
paging,q20,2,ORDER_BY,3.21884
paging,q20,2,PARTITION,0.32944100000000004
paging,q20,2,PARTITION,0.38191500000000006
paging,q20,2,PROJECTION,0.09292700000000001
paging,q20,2,PROJECTION,0.121082
paging,q20,2,RESULT_COLLECTOR,0.268859
paging,q20,2,RESULT_COLLECTOR,0.311779
paging,q20,2,SORT_PARTITION,1.707487
paging,q20,2,SORT_PARTITION,0.925015
paging,q20,2,SORT_SAMPLE,0.411717
paging,q20,2,SORT_SAMPLE,0.124852
paging,q20,3,CONCAT,0.434603
paging,q20,3,CONCAT,0.7127109999999999
paging,q20,3,DYNAMIC_FILTER,4.530856000000001
paging,q20,3,DYNAMIC_FILTER,4.387313
paging,q20,3,FILTER,0.188883
paging,q20,3,FILTER,0.215357
paging,q20,3,GPU_SCAN,1970.6849659999998
paging,q20,3,GPU_SCAN,1979.236132
paging,q20,3,HASH_GROUP_BY,0.522762
paging,q20,3,HASH_GROUP_BY,0.584459
paging,q20,3,HASH_JOIN,2.8939909999999998
paging,q20,3,HASH_JOIN,4.331217
paging,q20,3,LEFT_DELIM_JOIN,0.366871
paging,q20,3,LEFT_DELIM_JOIN,0.57596
paging,q20,3,MERGE_GROUP_BY,0.056407
paging,q20,3,MERGE_GROUP_BY,0.030424
paging,q20,3,MERGE_SORT,2.562943
paging,q20,3,MERGE_SORT,1.317633
paging,q20,3,ORDER_BY,3.170264
paging,q20,3,ORDER_BY,3.273359
paging,q20,3,PARTITION,0.314246
paging,q20,3,PARTITION,0.4643629999999999
paging,q20,3,PROJECTION,0.098054
paging,q20,3,PROJECTION,0.11239600000000001
paging,q20,3,RESULT_COLLECTOR,0.386213
paging,q20,3,RESULT_COLLECTOR,0.266698
paging,q20,3,SORT_PARTITION,1.958824
paging,q20,3,SORT_PARTITION,0.816895
paging,q20,3,SORT_SAMPLE,0.439121
paging,q20,3,SORT_SAMPLE,0.107108
paging,q20,4,CONCAT,0.6755110000000001
paging,q20,4,CONCAT,1.0313459999999999
paging,q20,4,DYNAMIC_FILTER,4.83117
paging,q20,4,DYNAMIC_FILTER,3.921241
paging,q20,4,FILTER,0.239647
paging,q20,4,FILTER,0.198155
paging,q20,4,GPU_SCAN,1970.742963
paging,q20,4,GPU_SCAN,1966.1368309999998
paging,q20,4,HASH_GROUP_BY,0.567155
paging,q20,4,HASH_GROUP_BY,0.581225
paging,q20,4,HASH_JOIN,3.7089909999999997
paging,q20,4,HASH_JOIN,3.569696
paging,q20,4,LEFT_DELIM_JOIN,0.456482
paging,q20,4,LEFT_DELIM_JOIN,0.562293
paging,q20,4,MERGE_GROUP_BY,0.057166
paging,q20,4,MERGE_GROUP_BY,0.031207
paging,q20,4,MERGE_SORT,1.258645
paging,q20,4,MERGE_SORT,2.534237
paging,q20,4,ORDER_BY,3.217345
paging,q20,4,ORDER_BY,3.193815
paging,q20,4,PARTITION,0.45745700000000006
paging,q20,4,PARTITION,0.32241600000000004
paging,q20,4,PROJECTION,0.121328
paging,q20,4,PROJECTION,0.285144
paging,q20,4,RESULT_COLLECTOR,0.350758
paging,q20,4,RESULT_COLLECTOR,0.499015
paging,q20,4,SORT_PARTITION,0.820732
paging,q20,4,SORT_PARTITION,1.788543
paging,q20,4,SORT_SAMPLE,0.089633
paging,q20,4,SORT_SAMPLE,0.422558
paging,q20,5,CONCAT,0.418154
paging,q20,5,CONCAT,1.09301
paging,q20,5,DYNAMIC_FILTER,4.051011
paging,q20,5,DYNAMIC_FILTER,6.845348
paging,q20,5,FILTER,0.180127
paging,q20,5,FILTER,0.291862
paging,q20,5,GPU_SCAN,1937.503921
paging,q20,5,GPU_SCAN,1953.5745510000002
paging,q20,5,HASH_GROUP_BY,0.646098
paging,q20,5,HASH_GROUP_BY,0.721661
paging,q20,5,HASH_JOIN,3.205295
paging,q20,5,HASH_JOIN,4.041988
paging,q20,5,LEFT_DELIM_JOIN,0.582064
paging,q20,5,LEFT_DELIM_JOIN,0.610856
paging,q20,5,MERGE_GROUP_BY,0.042321
paging,q20,5,MERGE_GROUP_BY,0.072421
paging,q20,5,MERGE_SORT,1.783548
paging,q20,5,MERGE_SORT,1.903205
paging,q20,5,ORDER_BY,3.208386
paging,q20,5,ORDER_BY,3.315117
paging,q20,5,PARTITION,0.494038
paging,q20,5,PARTITION,0.646861
paging,q20,5,PROJECTION,0.090102
paging,q20,5,PROJECTION,0.180998
paging,q20,5,RESULT_COLLECTOR,0.351237
paging,q20,5,RESULT_COLLECTOR,0.84424
paging,q20,5,SORT_PARTITION,0.734291
paging,q20,5,SORT_PARTITION,0.916928
paging,q20,5,SORT_SAMPLE,0.150868
paging,q20,5,SORT_SAMPLE,0.130214
paging,q21,1,CONCAT,51.98262799999999
paging,q21,1,CONCAT,57.01263399999999
paging,q21,1,DYNAMIC_FILTER,35.80442699999999
paging,q21,1,DYNAMIC_FILTER,38.63662199999998
paging,q21,1,FILTER,59.217000000000006
paging,q21,1,FILTER,41.473755999999995
paging,q21,1,GPU_SCAN,5593.8768249999985
paging,q21,1,GPU_SCAN,5334.838498000001
paging,q21,1,HASH_GROUP_BY,0.620283
paging,q21,1,HASH_GROUP_BY,0.577151
paging,q21,1,HASH_JOIN,695.1908360000001
paging,q21,1,HASH_JOIN,715.6891370000001
paging,q21,1,MERGE_GROUP_BY,3.9918679999999997
paging,q21,1,MERGE_GROUP_BY,3.25581
paging,q21,1,MERGE_SORT,0.313048
paging,q21,1,MERGE_SORT,0.302197
paging,q21,1,ORDER_BY,1.962999
paging,q21,1,ORDER_BY,1.970456
paging,q21,1,PARTITION,0.6680309999999999
paging,q21,1,PARTITION,0.72753
paging,q21,1,PROJECTION,0.23114700000000002
paging,q21,1,PROJECTION,0.292485
paging,q21,1,RESULT_COLLECTOR,0.526892
paging,q21,1,RESULT_COLLECTOR,0.265614
paging,q21,1,RIGHT_DELIM_JOIN,8.108326
paging,q21,1,RIGHT_DELIM_JOIN,5.796699
paging,q21,1,SORT_PARTITION,0.189669
paging,q21,1,SORT_PARTITION,0.181774
paging,q21,1,SORT_SAMPLE,0.080709
paging,q21,1,SORT_SAMPLE,0.088
paging,q21,2,CONCAT,50.290276
paging,q21,2,CONCAT,51.63199699999999
paging,q21,2,DYNAMIC_FILTER,45.20721000000001
paging,q21,2,DYNAMIC_FILTER,42.175179000000014
paging,q21,2,FILTER,45.106926
paging,q21,2,FILTER,39.485274000000004
paging,q21,2,GPU_SCAN,5485.598846
paging,q21,2,GPU_SCAN,5463.250494999999
paging,q21,2,HASH_GROUP_BY,0.59108
paging,q21,2,HASH_GROUP_BY,1.14789
paging,q21,2,HASH_JOIN,675.728158
paging,q21,2,HASH_JOIN,684.36271
paging,q21,2,MERGE_GROUP_BY,2.938979
paging,q21,2,MERGE_GROUP_BY,3.779649
paging,q21,2,MERGE_SORT,0.303131
paging,q21,2,MERGE_SORT,0.598135
paging,q21,2,ORDER_BY,1.915314
paging,q21,2,ORDER_BY,1.989403
paging,q21,2,PARTITION,0.7739190000000002
paging,q21,2,PARTITION,0.876104
paging,q21,2,PROJECTION,0.386515
paging,q21,2,PROJECTION,0.8663050000000001
paging,q21,2,RESULT_COLLECTOR,0.910719
paging,q21,2,RESULT_COLLECTOR,0.969883
paging,q21,2,RIGHT_DELIM_JOIN,5.901784
paging,q21,2,RIGHT_DELIM_JOIN,6.122677
paging,q21,2,SORT_PARTITION,0.195023
paging,q21,2,SORT_PARTITION,0.213956
paging,q21,2,SORT_SAMPLE,0.080113
paging,q21,2,SORT_SAMPLE,0.211024
paging,q21,3,CONCAT,48.759156999999995
paging,q21,3,CONCAT,46.110511
paging,q21,3,DYNAMIC_FILTER,41.392617
paging,q21,3,DYNAMIC_FILTER,38.087462
paging,q21,3,FILTER,42.136066
paging,q21,3,FILTER,38.029055
paging,q21,3,GPU_SCAN,5266.200989000001
paging,q21,3,GPU_SCAN,5005.429972
paging,q21,3,HASH_GROUP_BY,0.533496
paging,q21,3,HASH_GROUP_BY,0.983484
paging,q21,3,HASH_JOIN,559.6478370000001
paging,q21,3,HASH_JOIN,619.811598
paging,q21,3,MERGE_GROUP_BY,3.46565
paging,q21,3,MERGE_GROUP_BY,3.3426240000000003
paging,q21,3,MERGE_SORT,0.262807
paging,q21,3,MERGE_SORT,0.249125
paging,q21,3,ORDER_BY,1.943059
paging,q21,3,ORDER_BY,1.968931
paging,q21,3,PARTITION,0.7382510000000002
paging,q21,3,PARTITION,0.7774410000000002
paging,q21,3,PROJECTION,0.138812
paging,q21,3,PROJECTION,0.26854100000000003
paging,q21,3,RESULT_COLLECTOR,0.296729
paging,q21,3,RESULT_COLLECTOR,0.906047
paging,q21,3,RIGHT_DELIM_JOIN,6.237909999999999
paging,q21,3,RIGHT_DELIM_JOIN,7.124757000000001
paging,q21,3,SORT_PARTITION,0.182207
paging,q21,3,SORT_PARTITION,0.195106
paging,q21,3,SORT_SAMPLE,0.080613
paging,q21,3,SORT_SAMPLE,0.146776
paging,q21,4,CONCAT,51.07981000000001
paging,q21,4,CONCAT,70.69983099999999
paging,q21,4,DYNAMIC_FILTER,32.427350000000004
paging,q21,4,DYNAMIC_FILTER,34.310277000000006
paging,q21,4,FILTER,39.34976
paging,q21,4,FILTER,43.358653
paging,q21,4,GPU_SCAN,4664.1408200000005
paging,q21,4,GPU_SCAN,4699.248817
paging,q21,4,HASH_GROUP_BY,0.79403
paging,q21,4,HASH_GROUP_BY,0.639733
paging,q21,4,HASH_JOIN,412.59582299999994
paging,q21,4,HASH_JOIN,547.5507819999999
paging,q21,4,MERGE_GROUP_BY,3.276562
paging,q21,4,MERGE_GROUP_BY,3.3186519999999997
paging,q21,4,MERGE_SORT,0.509231
paging,q21,4,MERGE_SORT,0.463731
paging,q21,4,ORDER_BY,2.112925
paging,q21,4,ORDER_BY,1.96437
paging,q21,4,PARTITION,1.0098760000000002
paging,q21,4,PARTITION,0.5760360000000002
paging,q21,4,PROJECTION,0.305179
paging,q21,4,PROJECTION,0.203822
paging,q21,4,RESULT_COLLECTOR,0.890576
paging,q21,4,RESULT_COLLECTOR,0.527685
paging,q21,4,RIGHT_DELIM_JOIN,7.287128000000001
paging,q21,4,RIGHT_DELIM_JOIN,7.877785
paging,q21,4,SORT_PARTITION,0.308371
paging,q21,4,SORT_PARTITION,0.234033
paging,q21,4,SORT_SAMPLE,0.126628
paging,q21,4,SORT_SAMPLE,0.084465
paging,q21,5,CONCAT,75.242511
paging,q21,5,CONCAT,36.302938999999995
paging,q21,5,DYNAMIC_FILTER,39.335403
paging,q21,5,DYNAMIC_FILTER,38.022806
paging,q21,5,FILTER,45.453241000000006
paging,q21,5,FILTER,42.268977000000014
paging,q21,5,GPU_SCAN,5172.413500999999
paging,q21,5,GPU_SCAN,5185.971686000001
paging,q21,5,HASH_GROUP_BY,0.737661
paging,q21,5,HASH_GROUP_BY,0.789089
paging,q21,5,HASH_JOIN,624.8210829999999
paging,q21,5,HASH_JOIN,563.64561
paging,q21,5,MERGE_GROUP_BY,3.487503
paging,q21,5,MERGE_GROUP_BY,3.194712
paging,q21,5,MERGE_SORT,0.280046
paging,q21,5,MERGE_SORT,0.509578
paging,q21,5,ORDER_BY,1.96592
paging,q21,5,ORDER_BY,1.968922
paging,q21,5,PARTITION,0.720487
paging,q21,5,PARTITION,0.9818119999999999
paging,q21,5,PROJECTION,0.28421199999999996
paging,q21,5,PROJECTION,0.530571
paging,q21,5,RESULT_COLLECTOR,0.321749
paging,q21,5,RESULT_COLLECTOR,0.932279
paging,q21,5,RIGHT_DELIM_JOIN,5.757163
paging,q21,5,RIGHT_DELIM_JOIN,5.997211
paging,q21,5,SORT_PARTITION,0.195576
paging,q21,5,SORT_PARTITION,0.216151
paging,q21,5,SORT_SAMPLE,0.089187
paging,q21,5,SORT_SAMPLE,0.159133
paging,q22,1,CONCAT,0.07401100000000001
paging,q22,1,CONCAT,0.8564710000000001
paging,q22,1,GPU_SCAN,210.108883
paging,q22,1,GPU_SCAN,131.842264
paging,q22,1,HASH_GROUP_BY,0.495207
paging,q22,1,HASH_GROUP_BY,1.057593
paging,q22,1,HASH_JOIN,17.326886
paging,q22,1,HASH_JOIN,15.864353
paging,q22,1,MERGE_AGGREGATE,0.175883
paging,q22,1,MERGE_AGGREGATE,0.315197
paging,q22,1,MERGE_GROUP_BY,0.040829000000000004
paging,q22,1,MERGE_GROUP_BY,0.056634000000000004
paging,q22,1,MERGE_SORT,0.005238
paging,q22,1,MERGE_SORT,0.007258
paging,q22,1,NESTED_LOOP_JOIN,2.073408
paging,q22,1,NESTED_LOOP_JOIN,0.508488
paging,q22,1,ORDER_BY,0.315846
paging,q22,1,ORDER_BY,0.515038
paging,q22,1,PARTITION,0.132799
paging,q22,1,PARTITION,0.34554399999999996
paging,q22,1,PROJECTION,0.318621
paging,q22,1,PROJECTION,0.765382
paging,q22,1,RESULT_COLLECTOR,0.145306
paging,q22,1,RESULT_COLLECTOR,0.224095
paging,q22,1,RIGHT_DELIM_JOIN,0.584784
paging,q22,1,RIGHT_DELIM_JOIN,0.340091
paging,q22,1,SORT_PARTITION,0.005243
paging,q22,1,SORT_PARTITION,0.015971
paging,q22,1,SORT_SAMPLE,0.008618
paging,q22,1,SORT_SAMPLE,0.017321
paging,q22,1,UNGROUPED_AGGREGATE,0.39016300000000004
paging,q22,1,UNGROUPED_AGGREGATE,0.61992
paging,q22,2,CONCAT,0.137915
paging,q22,2,CONCAT,1.080393
paging,q22,2,GPU_SCAN,213.39015899999998
paging,q22,2,GPU_SCAN,135.261999
paging,q22,2,HASH_GROUP_BY,0.590819
paging,q22,2,HASH_GROUP_BY,0.496914
paging,q22,2,HASH_JOIN,17.552630999999998
paging,q22,2,HASH_JOIN,15.923554
paging,q22,2,MERGE_AGGREGATE,0.151988
paging,q22,2,MERGE_AGGREGATE,0.373039
paging,q22,2,MERGE_GROUP_BY,0.015508000000000001
paging,q22,2,MERGE_GROUP_BY,0.056140999999999996
paging,q22,2,MERGE_SORT,0.005677
paging,q22,2,MERGE_SORT,0.006122
paging,q22,2,NESTED_LOOP_JOIN,0.685132
paging,q22,2,NESTED_LOOP_JOIN,1.171079
paging,q22,2,ORDER_BY,0.204153
paging,q22,2,ORDER_BY,0.560505
paging,q22,2,PARTITION,0.144561
paging,q22,2,PARTITION,0.360814
paging,q22,2,PROJECTION,0.47216199999999997
paging,q22,2,PROJECTION,0.437249
paging,q22,2,RESULT_COLLECTOR,0.104327
paging,q22,2,RESULT_COLLECTOR,0.223388
paging,q22,2,RIGHT_DELIM_JOIN,0.403577
paging,q22,2,RIGHT_DELIM_JOIN,0.378309
paging,q22,2,SORT_PARTITION,0.010184
paging,q22,2,SORT_PARTITION,0.008036
paging,q22,2,SORT_SAMPLE,0.014681
paging,q22,2,SORT_SAMPLE,0.015211
paging,q22,2,UNGROUPED_AGGREGATE,0.437382
paging,q22,2,UNGROUPED_AGGREGATE,0.755851
paging,q22,3,CONCAT,0.13992800000000002
paging,q22,3,CONCAT,1.0309819999999998
paging,q22,3,GPU_SCAN,213.746433
paging,q22,3,GPU_SCAN,133.51239700000005
paging,q22,3,HASH_GROUP_BY,0.525922
paging,q22,3,HASH_GROUP_BY,0.649829
paging,q22,3,HASH_JOIN,17.622882
paging,q22,3,HASH_JOIN,15.576674
paging,q22,3,MERGE_AGGREGATE,0.32659200000000005
paging,q22,3,MERGE_AGGREGATE,0.166284
paging,q22,3,MERGE_GROUP_BY,0.061299
paging,q22,3,MERGE_GROUP_BY,0.082597
paging,q22,3,MERGE_SORT,0.006259
paging,q22,3,MERGE_SORT,0.020483
paging,q22,3,NESTED_LOOP_JOIN,0.653304
paging,q22,3,NESTED_LOOP_JOIN,0.573605
paging,q22,3,ORDER_BY,0.149012
paging,q22,3,ORDER_BY,0.605643
paging,q22,3,PARTITION,0.14858499999999997
paging,q22,3,PARTITION,0.32564299999999996
paging,q22,3,PROJECTION,0.352273
paging,q22,3,PROJECTION,0.42904300000000006
paging,q22,3,RESULT_COLLECTOR,0.24643
paging,q22,3,RESULT_COLLECTOR,0.226846
paging,q22,3,RIGHT_DELIM_JOIN,0.403431
paging,q22,3,RIGHT_DELIM_JOIN,0.358962
paging,q22,3,SORT_PARTITION,0.005185
paging,q22,3,SORT_PARTITION,0.009489
paging,q22,3,SORT_SAMPLE,0.007929
paging,q22,3,SORT_SAMPLE,0.014423
paging,q22,3,UNGROUPED_AGGREGATE,0.400038
paging,q22,3,UNGROUPED_AGGREGATE,0.338767
paging,q22,4,CONCAT,0.157006
paging,q22,4,CONCAT,0.910589
paging,q22,4,GPU_SCAN,209.960708
paging,q22,4,GPU_SCAN,133.17288
paging,q22,4,HASH_GROUP_BY,0.611513
paging,q22,4,HASH_GROUP_BY,0.514935
paging,q22,4,HASH_JOIN,17.78805
paging,q22,4,HASH_JOIN,15.224172
paging,q22,4,MERGE_AGGREGATE,0.051386999999999995
paging,q22,4,MERGE_AGGREGATE,0.197765
paging,q22,4,MERGE_GROUP_BY,0.043871
paging,q22,4,MERGE_GROUP_BY,0.05960700000000001
paging,q22,4,MERGE_SORT,0.006966
paging,q22,4,MERGE_SORT,0.006881
paging,q22,4,NESTED_LOOP_JOIN,0.987956
paging,q22,4,NESTED_LOOP_JOIN,1.175318
paging,q22,4,ORDER_BY,0.207617
paging,q22,4,ORDER_BY,0.348686
paging,q22,4,PARTITION,0.199546
paging,q22,4,PARTITION,0.259792
paging,q22,4,PROJECTION,0.38124199999999997
paging,q22,4,PROJECTION,0.34124
paging,q22,4,RESULT_COLLECTOR,0.240798
paging,q22,4,RESULT_COLLECTOR,0.232882
paging,q22,4,RIGHT_DELIM_JOIN,0.452887
paging,q22,4,RIGHT_DELIM_JOIN,0.376939
paging,q22,4,SORT_PARTITION,0.008004
paging,q22,4,SORT_PARTITION,0.008472
paging,q22,4,SORT_SAMPLE,0.012804
paging,q22,4,SORT_SAMPLE,0.015863
paging,q22,4,UNGROUPED_AGGREGATE,0.29809399999999997
paging,q22,4,UNGROUPED_AGGREGATE,0.675906
paging,q22,5,CONCAT,0.20139700000000002
paging,q22,5,CONCAT,1.030167
paging,q22,5,GPU_SCAN,215.02594100000002
paging,q22,5,GPU_SCAN,131.53439899999998
paging,q22,5,HASH_GROUP_BY,0.912481
paging,q22,5,HASH_GROUP_BY,0.704849
paging,q22,5,HASH_JOIN,18.513160000000003
paging,q22,5,HASH_JOIN,15.432469000000001
paging,q22,5,MERGE_AGGREGATE,0.145957
paging,q22,5,MERGE_AGGREGATE,0.134513
paging,q22,5,MERGE_GROUP_BY,0.061701
paging,q22,5,MERGE_GROUP_BY,0.054516999999999996
paging,q22,5,MERGE_SORT,0.02084
paging,q22,5,MERGE_SORT,0.00799
paging,q22,5,NESTED_LOOP_JOIN,1.291055
paging,q22,5,NESTED_LOOP_JOIN,1.142276
paging,q22,5,ORDER_BY,0.596065
paging,q22,5,ORDER_BY,0.326223
paging,q22,5,PARTITION,0.205738
paging,q22,5,PARTITION,0.368906
paging,q22,5,PROJECTION,0.837727
paging,q22,5,PROJECTION,0.583534
paging,q22,5,RESULT_COLLECTOR,0.232538
paging,q22,5,RESULT_COLLECTOR,0.227482
paging,q22,5,RIGHT_DELIM_JOIN,0.500789
paging,q22,5,RIGHT_DELIM_JOIN,0.414632
paging,q22,5,SORT_PARTITION,0.017976
paging,q22,5,SORT_PARTITION,0.013643
paging,q22,5,SORT_SAMPLE,0.030488
paging,q22,5,SORT_SAMPLE,0.018597
paging,q22,5,UNGROUPED_AGGREGATE,0.822696
paging,q22,5,UNGROUPED_AGGREGATE,0.7646740000000001
