experiment,query,iteration,runtime_ms,load_ms,non_load_ms,load_ratio,non_load_ratio,scan_stage_ms,non_scan_operator_ms,unaccounted_ms,benchmark_dir
q10_then_q1,q10,0,5257.104,25884.009000000005,0.0,4.923625060489578,0.0,27938.7,2539.5109999999995,-23166.416000000005,/home/dy1013/sirius_multi-gpu/tpch_pair_scan_audit_runs/pair_scan_20260701_051923/pairs/q10_then_q1
q10_then_q1,q1,0,2897.5119999999997,19049.64,0.0,6.574481831309068,0.0,19301.552,1631.29,-17783.418,/home/dy1013/sirius_multi-gpu/tpch_pair_scan_audit_runs/pair_scan_20260701_051923/pairs/q10_then_q1
q10_then_q11,q10,0,5266.348,26311.776,0.0,4.996209137717447,0.0,28037.602,3224.9089999999997,-24270.337,/home/dy1013/sirius_multi-gpu/tpch_pair_scan_audit_runs/pair_scan_20260701_051923/pairs/q10_then_q11
q10_then_q11,q11,0,1233.872,5301.373,0.0,4.2965340002852805,0.0,5310.913,279.53900000000004,-4347.039999999999,/home/dy1013/sirius_multi-gpu/tpch_pair_scan_audit_runs/pair_scan_20260701_051923/pairs/q10_then_q11
q10_then_q12,q10,0,5184.772,26174.891,0.0,5.048416979570172,0.0,27917.507,2208.936,-23199.055,/home/dy1013/sirius_multi-gpu/tpch_pair_scan_audit_runs/pair_scan_20260701_051923/pairs/q10_then_q12
q10_then_q12,q12,0,2702.88,15975.868999999999,0.0,5.910683789143431,0.0,16377.51,332.651,-13605.639999999998,/home/dy1013/sirius_multi-gpu/tpch_pair_scan_audit_runs/pair_scan_20260701_051923/pairs/q10_then_q12
q10_then_q13,q10,0,5147.276,25638.433999999997,0.0,4.980971294331215,0.0,27279.336,2472.7300000000005,-22963.887999999995,/home/dy1013/sirius_multi-gpu/tpch_pair_scan_audit_runs/pair_scan_20260701_051923/pairs/q10_then_q13
q10_then_q13,q13,0,2310.6659999999997,7895.960999999999,0.0,3.4171797222099602,0.0,8305.957,669.556,-6254.851000000001,/home/dy1013/sirius_multi-gpu/tpch_pair_scan_audit_runs/pair_scan_20260701_051923/pairs/q10_then_q13
q10_then_q14,q10,0,5264.507,26263.457999999995,0.0,4.988778246472081,0.0,28248.35,3544.449,-24543.399999999994,/home/dy1013/sirius_multi-gpu/tpch_pair_scan_audit_runs/pair_scan_20260701_051923/pairs/q10_then_q14
q10_then_q14,q14,0,3594.6090000000004,32151.393999999997,0.0,8.944336922318948,0.0,32748.293,314.249,-28871.033999999996,/home/dy1013/sirius_multi-gpu/tpch_pair_scan_audit_runs/pair_scan_20260701_051923/pairs/q10_then_q14
q10_then_q16,q10,0,5437.693,27432.266000000003,0.0,5.044835374119135,0.0,29109.157,3833.5029999999997,-25828.076000000005,/home/dy1013/sirius_multi-gpu/tpch_pair_scan_audit_runs/pair_scan_20260701_051923/pairs/q10_then_q16
q10_then_q16,q16,0,1476.4299999999998,827.2950000000001,649.1349999999998,0.5603347263331144,0.43966527366688557,852.64,1442.0860000000005,-792.9510000000007,/home/dy1013/sirius_multi-gpu/tpch_pair_scan_audit_runs/pair_scan_20260701_051923/pairs/q10_then_q16
q10_then_q17,q10,0,5192.311,26289.49,0.0,5.063157811617987,0.0,28052.427,3464.4489999999996,-24561.628000000004,/home/dy1013/sirius_multi-gpu/tpch_pair_scan_audit_runs/pair_scan_20260701_051923/pairs/q10_then_q17
q10_then_q17,q17,0,5468.977,38468.198,0.0,7.03389281030072,0.0,39253.799,849.3240000000001,-33848.545,/home/dy1013/sirius_multi-gpu/tpch_pair_scan_audit_runs/pair_scan_20260701_051923/pairs/q10_then_q17
q10_then_q18,q10,0,5419.196999999999,28365.517999999996,0.0,5.234265888470192,0.0,30104.471,3685.352,-26631.672999999995,/home/dy1013/sirius_multi-gpu/tpch_pair_scan_audit_runs/pair_scan_20260701_051923/pairs/q10_then_q18
q10_then_q18,q18,0,4531.323,16978.667999999998,0.0,3.7469560214533364,0.0,17488.299,2469.8349999999996,-14917.179999999997,/home/dy1013/sirius_multi-gpu/tpch_pair_scan_audit_runs/pair_scan_20260701_051923/pairs/q10_then_q18
q10_then_q19,q10,0,5390.907999999999,27123.590999999997,0.0,5.031358539229384,0.0,28839.692,3686.8269999999998,-25419.51,/home/dy1013/sirius_multi-gpu/tpch_pair_scan_audit_runs/pair_scan_20260701_051923/pairs/q10_then_q19
q10_then_q19,q19,0,3928.88,34392.107,0.0,8.753666948341513,0.0,34894.464,938.5939999999999,-31401.821000000004,/home/dy1013/sirius_multi-gpu/tpch_pair_scan_audit_runs/pair_scan_20260701_051923/pairs/q10_then_q19
q10_then_q2,q10,0,5386.913,26645.979,0.0,4.946428316180343,0.0,28580.668,2755.3560000000007,-24014.422,/home/dy1013/sirius_multi-gpu/tpch_pair_scan_audit_runs/pair_scan_20260701_051923/pairs/q10_then_q2
q10_then_q2,q2,0,1404.1760000000002,2758.0739999999996,0.0,1.9641939471975018,0.0,2780.324,296.57300000000004,-1650.4709999999995,/home/dy1013/sirius_multi-gpu/tpch_pair_scan_audit_runs/pair_scan_20260701_051923/pairs/q10_then_q2
q10_then_q20,q10,0,5326.689,26654.844,0.0,5.004017317324139,0.0,28636.663,2421.625,-23749.78,/home/dy1013/sirius_multi-gpu/tpch_pair_scan_audit_runs/pair_scan_20260701_051923/pairs/q10_then_q20
q10_then_q20,q20,0,4289.647000000001,32604.444999999996,0.0,7.600729150906821,0.0,33251.924,197.93400000000003,-28512.731999999996,/home/dy1013/sirius_multi-gpu/tpch_pair_scan_audit_runs/pair_scan_20260701_051923/pairs/q10_then_q20
q10_then_q21,q10,0,5238.155,26013.939000000002,0.0,4.966240785161951,0.0,28145.628,2511.84,-23287.624000000003,/home/dy1013/sirius_multi-gpu/tpch_pair_scan_audit_runs/pair_scan_20260701_051923/pairs/q10_then_q21
q10_then_q21,q21,0,8999.79,63548.214,0.0,7.061077425139919,0.0,64897.913,7637.347999999999,-62185.772,/home/dy1013/sirius_multi-gpu/tpch_pair_scan_audit_runs/pair_scan_20260701_051923/pairs/q10_then_q21
q10_then_q22,q10,0,5007.987,23294.513000000003,0.0,4.65147233808714,0.0,25215.94,2289.2360000000003,-20575.762000000002,/home/dy1013/sirius_multi-gpu/tpch_pair_scan_audit_runs/pair_scan_20260701_051923/pairs/q10_then_q22
q10_then_q22,q22,0,1171.526,1038.013,133.51300000000015,0.8860349663601148,0.1139650336398852,1097.841,439.583,-306.0699999999999,/home/dy1013/sirius_multi-gpu/tpch_pair_scan_audit_runs/pair_scan_20260701_051923/pairs/q10_then_q22
q10_then_q3,q10,0,5271.05,26251.913,0.0,4.980395367146963,0.0,28025.029,2732.156,-23713.019,/home/dy1013/sirius_multi-gpu/tpch_pair_scan_audit_runs/pair_scan_20260701_051923/pairs/q10_then_q3
q10_then_q3,q3,0,3542.105,24041.449999999997,0.0,6.787334085240273,0.0,24641.222,1869.676,-22369.020999999997,/home/dy1013/sirius_multi-gpu/tpch_pair_scan_audit_runs/pair_scan_20260701_051923/pairs/q10_then_q3
q10_then_q4,q10,0,5066.702,25751.359,0.0,5.082469622251319,0.0,27510.415,2259.989,-22944.646,/home/dy1013/sirius_multi-gpu/tpch_pair_scan_audit_runs/pair_scan_20260701_051923/pairs/q10_then_q4
q10_then_q4,q4,0,2228.564,11052.543,0.0,4.959490954713439,0.0,11480.873,695.805,-9519.784,/home/dy1013/sirius_multi-gpu/tpch_pair_scan_audit_runs/pair_scan_20260701_051923/pairs/q10_then_q4
q10_then_q5,q10,0,5074.753000000001,26315.68,0.0,5.185608048312893,0.0,28022.996,2164.312,-23405.239,/home/dy1013/sirius_multi-gpu/tpch_pair_scan_audit_runs/pair_scan_20260701_051923/pairs/q10_then_q5
q10_then_q5,q5,0,4445.657,37433.202999999994,0.0,8.420173441180909,0.0,38564.423,2137.988,-35125.53399999999,/home/dy1013/sirius_multi-gpu/tpch_pair_scan_audit_runs/pair_scan_20260701_051923/pairs/q10_then_q5
q10_then_q6,q10,0,5394.0289999999995,27750.632999999998,0.0,5.144694809760941,0.0,29523.477,2828.1820000000002,-25184.786,/home/dy1013/sirius_multi-gpu/tpch_pair_scan_audit_runs/pair_scan_20260701_051923/pairs/q10_then_q6
q10_then_q6,q6,0,2502.868,14031.43,0.0,5.606140635462997,0.0,14228.177,168.428,-11696.99,/home/dy1013/sirius_multi-gpu/tpch_pair_scan_audit_runs/pair_scan_20260701_051923/pairs/q10_then_q6
q10_then_q7,q10,0,5280.875,27437.566000000006,0.0,5.195647690960306,0.0,29080.934,3463.3329999999996,-25620.024000000005,/home/dy1013/sirius_multi-gpu/tpch_pair_scan_audit_runs/pair_scan_20260701_051923/pairs/q10_then_q7
q10_then_q7,q7,0,4865.491999999999,43078.80800000003,0.0,8.853946938973497,0.0,44427.302,981.577,-39194.893000000025,/home/dy1013/sirius_multi-gpu/tpch_pair_scan_audit_runs/pair_scan_20260701_051923/pairs/q10_then_q7
q10_then_q8,q10,0,5231.1810000000005,25846.801999999992,0.0,4.94091143089868,0.0,27774.26,2453.364,-23068.984999999993,/home/dy1013/sirius_multi-gpu/tpch_pair_scan_audit_runs/pair_scan_20260701_051923/pairs/q10_then_q8
q10_then_q8,q8,0,5953.462,57887.26,0.0,9.72329377427789,0.0,59637.471,2771.9389999999994,-54705.737,/home/dy1013/sirius_multi-gpu/tpch_pair_scan_audit_runs/pair_scan_20260701_051923/pairs/q10_then_q8
q10_then_q9,q10,0,5275.557,26765.061000000005,0.0,5.073409499698327,0.0,28456.732,2599.3640000000005,-24088.868000000006,/home/dy1013/sirius_multi-gpu/tpch_pair_scan_audit_runs/pair_scan_20260701_051923/pairs/q10_then_q9
q10_then_q9,q9,0,8520.988,67267.14100000003,0.0,7.894288901709524,0.0,69135.779,3215.9450000000006,-61962.098000000035,/home/dy1013/sirius_multi-gpu/tpch_pair_scan_audit_runs/pair_scan_20260701_051923/pairs/q10_then_q9
q11_then_q1,q11,0,2009.617,5284.7660000000005,0.0,2.6297379052824494,0.0,5345.666,349.97499999999997,-3625.1240000000003,/home/dy1013/sirius_multi-gpu/tpch_pair_scan_audit_runs/pair_scan_20260701_051923/pairs/q11_then_q1
q11_then_q1,q1,0,3131.9370000000004,20257.557,0.0,6.468060181287171,0.0,21655.238,2102.9069999999997,-19228.527,/home/dy1013/sirius_multi-gpu/tpch_pair_scan_audit_runs/pair_scan_20260701_051923/pairs/q11_then_q1
q11_then_q10,q11,0,1867.806,4792.976,0.0,2.5660994771405594,0.0,4854.033,363.71700000000004,-3288.8869999999997,/home/dy1013/sirius_multi-gpu/tpch_pair_scan_audit_runs/pair_scan_20260701_051923/pairs/q11_then_q10
q11_then_q10,q10,0,4607.115000000001,26691.285,0.0,5.793492239720519,0.0,28478.874,3595.9919999999997,-25680.161999999997,/home/dy1013/sirius_multi-gpu/tpch_pair_scan_audit_runs/pair_scan_20260701_051923/pairs/q11_then_q10
q11_then_q12,q11,0,1898.1619999999998,5416.736000000001,0.0,2.8536742385528746,0.0,5468.368,403.81399999999996,-3922.388000000001,/home/dy1013/sirius_multi-gpu/tpch_pair_scan_audit_runs/pair_scan_20260701_051923/pairs/q11_then_q12
q11_then_q12,q12,0,2774.584,15784.344999999998,0.0,5.688905075499606,0.0,17523.67,309.177,-13318.937999999998,/home/dy1013/sirius_multi-gpu/tpch_pair_scan_audit_runs/pair_scan_20260701_051923/pairs/q11_then_q12
q11_then_q13,q11,0,1847.184,5033.82,0.0,2.7251318764129615,0.0,5096.071,541.3069999999999,-3727.9429999999993,/home/dy1013/sirius_multi-gpu/tpch_pair_scan_audit_runs/pair_scan_20260701_051923/pairs/q11_then_q13
q11_then_q13,q13,0,2297.929,7419.74,0.0,3.2288813100839926,0.0,7865.192,714.486,-5836.297,/home/dy1013/sirius_multi-gpu/tpch_pair_scan_audit_runs/pair_scan_20260701_051923/pairs/q11_then_q13
q11_then_q14,q11,0,1999.412,5438.869000000001,0.0,2.720234248869168,0.0,5493.497,397.01199999999994,-3836.469,/home/dy1013/sirius_multi-gpu/tpch_pair_scan_audit_runs/pair_scan_20260701_051923/pairs/q11_then_q14
q11_then_q14,q14,0,3744.532,30127.868000000002,0.0,8.045830026289,0.0,32290.979,358.29499999999996,-26741.631,/home/dy1013/sirius_multi-gpu/tpch_pair_scan_audit_runs/pair_scan_20260701_051923/pairs/q11_then_q14
q11_then_q15,q11,0,1834.558,5024.446,0.0,2.7387774057838454,0.0,5077.217,525.4089999999999,-3715.2969999999996,/home/dy1013/sirius_multi-gpu/tpch_pair_scan_audit_runs/pair_scan_20260701_051923/pairs/q11_then_q15
q11_then_q15,q15,0,3651.1749999999997,30050.671,0.0,8.230411032065021,0.0,31631.462,1148.613,-27548.109,/home/dy1013/sirius_multi-gpu/tpch_pair_scan_audit_runs/pair_scan_20260701_051923/pairs/q11_then_q15
q11_then_q16,q11,0,1927.114,5448.8369999999995,0.0,2.827459610588683,0.0,5507.28,323.62399999999997,-3845.3469999999993,/home/dy1013/sirius_multi-gpu/tpch_pair_scan_audit_runs/pair_scan_20260701_051923/pairs/q11_then_q16
q11_then_q17,q11,0,1957.914,5177.81,0.0,2.644554357341538,0.0,5236.607,460.615,-3680.5110000000004,/home/dy1013/sirius_multi-gpu/tpch_pair_scan_audit_runs/pair_scan_20260701_051923/pairs/q11_then_q17
q11_then_q17,q17,0,6220.733,40774.44300000001,0.0,6.554604256443735,0.0,42667.97,1279.7489999999998,-35833.459,/home/dy1013/sirius_multi-gpu/tpch_pair_scan_audit_runs/pair_scan_20260701_051923/pairs/q11_then_q17
q11_then_q18,q11,0,1958.3500000000001,4831.982,0.0,2.467374064901575,0.0,4921.667,378.72499999999997,-3252.3569999999995,/home/dy1013/sirius_multi-gpu/tpch_pair_scan_audit_runs/pair_scan_20260701_051923/pairs/q11_then_q18
q11_then_q18,q18,0,4295.753000000001,17214.966,0.0,4.007438509616358,0.0,18527.26,2648.5469999999996,-15567.759999999998,/home/dy1013/sirius_multi-gpu/tpch_pair_scan_audit_runs/pair_scan_20260701_051923/pairs/q11_then_q18
q11_then_q19,q11,0,1938.5939999999998,5494.711,0.0,2.8343794523247263,0.0,5558.006,395.07899999999995,-3951.196,/home/dy1013/sirius_multi-gpu/tpch_pair_scan_audit_runs/pair_scan_20260701_051923/pairs/q11_then_q19
q11_then_q19,q19,0,4073.004,35957.89400000001,0.0,8.828347332828548,0.0,37662.865,898.8699999999999,-32783.76000000001,/home/dy1013/sirius_multi-gpu/tpch_pair_scan_audit_runs/pair_scan_20260701_051923/pairs/q11_then_q19
q11_then_q2,q11,0,1826.023,4604.923,0.0,2.521831871778176,0.0,4684.522,443.0689999999999,-3221.9689999999996,/home/dy1013/sirius_multi-gpu/tpch_pair_scan_audit_runs/pair_scan_20260701_051923/pairs/q11_then_q2
q11_then_q2,q2,0,1513.607,2626.865,0.0,1.735500034024684,0.0,2674.433,372.053,-1485.3109999999997,/home/dy1013/sirius_multi-gpu/tpch_pair_scan_audit_runs/pair_scan_20260701_051923/pairs/q11_then_q2
q11_then_q20,q11,0,1898.483,5188.283,0.0,2.732857233907283,0.0,5245.84,439.114,-3728.914,/home/dy1013/sirius_multi-gpu/tpch_pair_scan_audit_runs/pair_scan_20260701_051923/pairs/q11_then_q20
q11_then_q20,q20,0,4325.184,32490.443,0.0,7.51192157374114,0.0,34219.036,258.927,-28424.185999999998,/home/dy1013/sirius_multi-gpu/tpch_pair_scan_audit_runs/pair_scan_20260701_051923/pairs/q11_then_q20
q11_then_q21,q11,0,1964.9319999999998,5734.188999999999,0.0,2.918263329214446,0.0,5782.029,445.11100000000005,-4214.3679999999995,/home/dy1013/sirius_multi-gpu/tpch_pair_scan_audit_runs/pair_scan_20260701_051923/pairs/q11_then_q21
q11_then_q21,q21,0,9199.327000000001,66154.643,0.0,7.191248120650564,0.0,68811.163,7838.313000000001,-64793.62899999999,/home/dy1013/sirius_multi-gpu/tpch_pair_scan_audit_runs/pair_scan_20260701_051923/pairs/q11_then_q21
q11_then_q22,q11,0,1895.6550000000002,4993.526,0.0,2.634195568286423,0.0,5075.638,485.22499999999997,-3583.0959999999995,/home/dy1013/sirius_multi-gpu/tpch_pair_scan_audit_runs/pair_scan_20260701_051923/pairs/q11_then_q22
q11_then_q22,q22,0,1019.5939999999999,1114.166,0.0,1.0927545670139291,0.0,1190.716,274.758,-369.33,/home/dy1013/sirius_multi-gpu/tpch_pair_scan_audit_runs/pair_scan_20260701_051923/pairs/q11_then_q22
q11_then_q3,q11,0,1896.907,4604.477999999999,0.0,2.4273609618183705,0.0,4674.444,596.8019999999999,-3304.3729999999987,/home/dy1013/sirius_multi-gpu/tpch_pair_scan_audit_runs/pair_scan_20260701_051923/pairs/q11_then_q3
q11_then_q3,q3,0,3674.699,25026.392999999996,0.0,6.810460666302191,0.0,26728.765,1835.4890000000003,-23187.182999999997,/home/dy1013/sirius_multi-gpu/tpch_pair_scan_audit_runs/pair_scan_20260701_051923/pairs/q11_then_q3
q11_then_q4,q11,0,1929.939,5438.464,0.0,2.817946059435039,0.0,5506.628,431.96599999999995,-3940.4909999999995,/home/dy1013/sirius_multi-gpu/tpch_pair_scan_audit_runs/pair_scan_20260701_051923/pairs/q11_then_q4
q11_then_q4,q4,0,2424.362,11751.737000000001,0.0,4.84735241684204,0.0,13373.09,726.447,-10053.822,/home/dy1013/sirius_multi-gpu/tpch_pair_scan_audit_runs/pair_scan_20260701_051923/pairs/q11_then_q4
q11_then_q5,q11,0,1908.32,5015.121,0.0,2.6280293661440433,0.0,5073.456,644.5219999999999,-3751.3230000000003,/home/dy1013/sirius_multi-gpu/tpch_pair_scan_audit_runs/pair_scan_20260701_051923/pairs/q11_then_q5
q11_then_q5,q5,0,4640.58,36595.304000000004,0.0,7.885933223864259,0.0,38923.071,2261.713,-34216.437000000005,/home/dy1013/sirius_multi-gpu/tpch_pair_scan_audit_runs/pair_scan_20260701_051923/pairs/q11_then_q5
q11_then_q6,q11,0,1968.453,5304.252,0.0,2.6946297422392105,0.0,5390.708,543.882,-3879.6810000000005,/home/dy1013/sirius_multi-gpu/tpch_pair_scan_audit_runs/pair_scan_20260701_051923/pairs/q11_then_q6
q11_then_q6,q6,0,2631.719,13392.72,0.0,5.088962765401625,0.0,14626.722,189.701,-10950.702,/home/dy1013/sirius_multi-gpu/tpch_pair_scan_audit_runs/pair_scan_20260701_051923/pairs/q11_then_q6
q11_then_q7,q11,0,1939.0430000000001,5443.107,0.0,2.807110002202117,0.0,5497.349,495.16299999999995,-3999.227,/home/dy1013/sirius_multi-gpu/tpch_pair_scan_audit_runs/pair_scan_20260701_051923/pairs/q11_then_q7
q11_then_q7,q7,0,5037.06,43633.392,0.0,8.662472156376934,0.0,46611.519,1119.6059999999998,-39715.938,/home/dy1013/sirius_multi-gpu/tpch_pair_scan_audit_runs/pair_scan_20260701_051923/pairs/q11_then_q7
q11_then_q8,q11,0,1908.6380000000001,5321.473,0.0,2.7880996815530232,0.0,5379.955,523.483,-3936.318,/home/dy1013/sirius_multi-gpu/tpch_pair_scan_audit_runs/pair_scan_20260701_051923/pairs/q11_then_q8
q11_then_q8,q8,0,6054.5960000000005,59162.28200000001,0.0,9.771466502471842,0.0,62486.745,3203.008,-56310.69400000001,/home/dy1013/sirius_multi-gpu/tpch_pair_scan_audit_runs/pair_scan_20260701_051923/pairs/q11_then_q8
q11_then_q9,q11,0,1956.669,4817.184,0.0,2.461930965329343,0.0,4878.416,518.7479999999999,-3379.2630000000004,/home/dy1013/sirius_multi-gpu/tpch_pair_scan_audit_runs/pair_scan_20260701_051923/pairs/q11_then_q9
q11_then_q9,q9,0,10996.993,61938.15199999999,0.0,5.632280751656383,0.0,65045.198,3460.316,-54401.474999999984,/home/dy1013/sirius_multi-gpu/tpch_pair_scan_audit_runs/pair_scan_20260701_051923/pairs/q11_then_q9
q12_then_q1,q12,0,3484.8810000000003,18304.676999999996,0.0,5.252597434460458,0.0,20500.536,477.303,-15297.098999999995,/home/dy1013/sirius_multi-gpu/tpch_pair_scan_audit_runs/pair_scan_20260701_051923/pairs/q12_then_q1
q12_then_q1,q1,0,2738.133,18616.827,0.0,6.79909522291284,0.0,18973.095,1294.2229999999997,-17172.917,/home/dy1013/sirius_multi-gpu/tpch_pair_scan_audit_runs/pair_scan_20260701_051923/pairs/q12_then_q1
q12_then_q10,q12,0,3462.501,19481.169,0.0,5.626328772179416,0.0,21184.883,611.4569999999999,-16630.125,/home/dy1013/sirius_multi-gpu/tpch_pair_scan_audit_runs/pair_scan_20260701_051923/pairs/q12_then_q10
q12_then_q10,q10,0,4546.32,25771.146000000004,0.0,5.668572823734363,0.0,26348.514,3753.194,-24978.020000000004,/home/dy1013/sirius_multi-gpu/tpch_pair_scan_audit_runs/pair_scan_20260701_051923/pairs/q12_then_q10
q12_then_q11,q12,0,3429.599,16124.433,0.0,4.701550531126234,0.0,17835.909,565.142,-13259.976,/home/dy1013/sirius_multi-gpu/tpch_pair_scan_audit_runs/pair_scan_20260701_051923/pairs/q12_then_q11
q12_then_q11,q11,0,1283.104,5800.858,0.0,4.520956991794898,0.0,5817.026,301.63100000000003,-4819.385,/home/dy1013/sirius_multi-gpu/tpch_pair_scan_audit_runs/pair_scan_20260701_051923/pairs/q12_then_q11
q12_then_q13,q12,0,3441.33,16591.971,0.0,4.821383302385996,0.0,18696.456,442.61000000000007,-13593.251000000002,/home/dy1013/sirius_multi-gpu/tpch_pair_scan_audit_runs/pair_scan_20260701_051923/pairs/q12_then_q13
q12_then_q13,q13,0,2262.038,7379.293,0.0,3.262232111043227,0.0,7779.173,739.612,-5856.866999999999,/home/dy1013/sirius_multi-gpu/tpch_pair_scan_audit_runs/pair_scan_20260701_051923/pairs/q12_then_q13
q12_then_q14,q12,0,3430.445,15132.355999999998,0.0,4.411193299994606,0.0,16828.799,521.595,-12223.505999999998,/home/dy1013/sirius_multi-gpu/tpch_pair_scan_audit_runs/pair_scan_20260701_051923/pairs/q12_then_q14
q12_then_q14,q14,0,3588.825,30170.750999999993,0.0,8.406860462686254,0.0,30706.932,355.012,-26936.93799999999,/home/dy1013/sirius_multi-gpu/tpch_pair_scan_audit_runs/pair_scan_20260701_051923/pairs/q12_then_q14
q12_then_q15,q12,0,3447.8070000000002,17241.043000000005,0.0,5.0005823991888185,0.0,18963.755,541.596,-14334.832000000004,/home/dy1013/sirius_multi-gpu/tpch_pair_scan_audit_runs/pair_scan_20260701_051923/pairs/q12_then_q15
q12_then_q15,q15,0,3460.426,28933.034999999993,0.0,8.361119411309472,0.0,29383.329,1059.246,-26531.854999999992,/home/dy1013/sirius_multi-gpu/tpch_pair_scan_audit_runs/pair_scan_20260701_051923/pairs/q12_then_q15
q12_then_q16,q12,0,3472.051,16455.486,0.0,4.739413677967288,0.0,18168.125,539.7409999999999,-13523.176000000001,/home/dy1013/sirius_multi-gpu/tpch_pair_scan_audit_runs/pair_scan_20260701_051923/pairs/q12_then_q16
q12_then_q16,q16,0,1496.5729999999999,812.999,683.5739999999998,0.5432404566967332,0.4567595433032668,841.891,1454.78,-771.2060000000001,/home/dy1013/sirius_multi-gpu/tpch_pair_scan_audit_runs/pair_scan_20260701_051923/pairs/q12_then_q16
q12_then_q17,q12,0,3372.166,14744.040999999996,0.0,4.372276157223575,0.0,16974.436,337.28099999999995,-11709.155999999995,/home/dy1013/sirius_multi-gpu/tpch_pair_scan_audit_runs/pair_scan_20260701_051923/pairs/q12_then_q17
q12_then_q17,q17,0,5334.04,39301.803,0.0,7.3681117876881315,0.0,40004.424,989.107,-34956.869999999995,/home/dy1013/sirius_multi-gpu/tpch_pair_scan_audit_runs/pair_scan_20260701_051923/pairs/q12_then_q17
q12_then_q18,q12,0,3449.881,14112.838,0.0,4.09081878476388,0.0,16255.365,383.62600000000003,-11046.583,/home/dy1013/sirius_multi-gpu/tpch_pair_scan_audit_runs/pair_scan_20260701_051923/pairs/q12_then_q18
q12_then_q18,q18,0,4034.408,17190.437,0.0,4.260956502168348,0.0,17710.174,2269.897,-15425.926000000003,/home/dy1013/sirius_multi-gpu/tpch_pair_scan_audit_runs/pair_scan_20260701_051923/pairs/q12_then_q18
q12_then_q19,q12,0,3472.697,15326.442,0.0,4.413411823720871,0.0,17125.126,389.395,-12243.14,/home/dy1013/sirius_multi-gpu/tpch_pair_scan_audit_runs/pair_scan_20260701_051923/pairs/q12_then_q19
q12_then_q19,q19,0,3886.547,31003.967,0.0,7.9772525586336664,0.0,31471.094,1002.6610000000001,-28120.081000000002,/home/dy1013/sirius_multi-gpu/tpch_pair_scan_audit_runs/pair_scan_20260701_051923/pairs/q12_then_q19
q12_then_q2,q12,0,3511.121,15074.915,0.0,4.293476356981147,0.0,17590.205,534.329,-12098.123000000001,/home/dy1013/sirius_multi-gpu/tpch_pair_scan_audit_runs/pair_scan_20260701_051923/pairs/q12_then_q2
q12_then_q2,q2,0,1535.258,2866.7439999999997,0.0,1.867271820111017,0.0,2887.716,289.939,-1621.4249999999997,/home/dy1013/sirius_multi-gpu/tpch_pair_scan_audit_runs/pair_scan_20260701_051923/pairs/q12_then_q2
q12_then_q20,q12,0,3471.727,16976.161000000004,0.0,4.889831775367131,0.0,18658.383,496.8699999999999,-14001.304000000004,/home/dy1013/sirius_multi-gpu/tpch_pair_scan_audit_runs/pair_scan_20260701_051923/pairs/q12_then_q20
q12_then_q20,q20,0,4184.646,28032.645999999993,0.0,6.698928893865812,0.0,28649.81,227.703,-24075.702999999994,/home/dy1013/sirius_multi-gpu/tpch_pair_scan_audit_runs/pair_scan_20260701_051923/pairs/q12_then_q20
q12_then_q21,q12,0,3449.299,15536.431000000002,0.0,4.504228540349794,0.0,17671.067,501.7510000000001,-12588.883000000002,/home/dy1013/sirius_multi-gpu/tpch_pair_scan_audit_runs/pair_scan_20260701_051923/pairs/q12_then_q21
q12_then_q21,q21,0,9166.588000000002,68896.327,0.0,7.516027446635541,0.0,70372.454,7863.308999999999,-67593.048,/home/dy1013/sirius_multi-gpu/tpch_pair_scan_audit_runs/pair_scan_20260701_051923/pairs/q12_then_q21
q12_then_q22,q12,0,3431.238,14985.757000000001,0.0,4.3674490082005395,0.0,16743.961,515.4830000000001,-12070.002000000002,/home/dy1013/sirius_multi-gpu/tpch_pair_scan_audit_runs/pair_scan_20260701_051923/pairs/q12_then_q22
q12_then_q22,q22,0,1060.47,1341.5910000000001,0.0,1.265090950239045,0.0,1398.097,420.889,-702.0100000000001,/home/dy1013/sirius_multi-gpu/tpch_pair_scan_audit_runs/pair_scan_20260701_051923/pairs/q12_then_q22
q12_then_q3,q12,0,3440.484,15595.176,0.0,4.532843634790919,0.0,17782.575,549.681,-12704.373,/home/dy1013/sirius_multi-gpu/tpch_pair_scan_audit_runs/pair_scan_20260701_051923/pairs/q12_then_q3
q12_then_q3,q3,0,3557.797,24215.650000000005,0.0,6.8063607901181555,0.0,24876.76,2031.7519999999997,-22689.605000000007,/home/dy1013/sirius_multi-gpu/tpch_pair_scan_audit_runs/pair_scan_20260701_051923/pairs/q12_then_q3
q12_then_q4,q12,0,3464.8439999999996,15432.141000000003,0.0,4.453920869164674,0.0,17590.303,519.111,-12486.408000000005,/home/dy1013/sirius_multi-gpu/tpch_pair_scan_audit_runs/pair_scan_20260701_051923/pairs/q12_then_q4
q12_then_q4,q4,0,2200.73,12607.230999999996,0.0,5.728658672349628,0.0,12878.56,750.031,-11156.531999999996,/home/dy1013/sirius_multi-gpu/tpch_pair_scan_audit_runs/pair_scan_20260701_051923/pairs/q12_then_q4
q12_then_q5,q12,0,3469.3360000000002,17842.948,0.0,5.1430440868223775,0.0,19673.407,496.912,-14870.524000000001,/home/dy1013/sirius_multi-gpu/tpch_pair_scan_audit_runs/pair_scan_20260701_051923/pairs/q12_then_q5
q12_then_q5,q5,0,4662.209,36458.229,0.0,7.819947368296874,0.0,37649.103,2376.942,-34172.962,/home/dy1013/sirius_multi-gpu/tpch_pair_scan_audit_runs/pair_scan_20260701_051923/pairs/q12_then_q5
q12_then_q6,q12,0,3473.3849999999998,14456.027000000002,0.0,4.161942024854717,0.0,16622.193,452.05400000000003,-11434.696000000002,/home/dy1013/sirius_multi-gpu/tpch_pair_scan_audit_runs/pair_scan_20260701_051923/pairs/q12_then_q6
q12_then_q6,q6,0,2409.399,13612.385999999997,0.0,5.6497018551099245,0.0,13855.831,181.43,-11384.416999999998,/home/dy1013/sirius_multi-gpu/tpch_pair_scan_audit_runs/pair_scan_20260701_051923/pairs/q12_then_q6
q12_then_q7,q12,0,3431.794,15372.178000000002,0.0,4.479341708738929,0.0,17524.73,510.14000000000004,-12450.524000000001,/home/dy1013/sirius_multi-gpu/tpch_pair_scan_audit_runs/pair_scan_20260701_051923/pairs/q12_then_q7
q12_then_q7,q7,0,5066.713,43587.943999999996,0.0,8.60280501382257,0.0,44868.06,1054.8319999999999,-39576.063,/home/dy1013/sirius_multi-gpu/tpch_pair_scan_audit_runs/pair_scan_20260701_051923/pairs/q12_then_q7
q12_then_q8,q12,0,3483.151,15542.769,0.0,4.462272522781815,0.0,18106.733,513.758,-12573.376,/home/dy1013/sirius_multi-gpu/tpch_pair_scan_audit_runs/pair_scan_20260701_051923/pairs/q12_then_q8
q12_then_q8,q8,0,5926.795,56813.276000000005,0.0,9.58583450245875,0.0,58682.374,3409.4120000000007,-54295.89300000001,/home/dy1013/sirius_multi-gpu/tpch_pair_scan_audit_runs/pair_scan_20260701_051923/pairs/q12_then_q8
q12_then_q9,q12,0,3369.4190000000003,18888.625,0.0,5.6058997114932865,0.0,20621.858,610.6719999999998,-16129.878,/home/dy1013/sirius_multi-gpu/tpch_pair_scan_audit_runs/pair_scan_20260701_051923/pairs/q12_then_q9
q12_then_q9,q9,0,10746.21,67142.47099999999,0.0,6.248014044021101,0.0,69026.911,3517.4109999999996,-59913.67199999999,/home/dy1013/sirius_multi-gpu/tpch_pair_scan_audit_runs/pair_scan_20260701_051923/pairs/q12_then_q9
q13_then_q1,q13,0,2967.105,8653.412,0.0,2.91644953582701,0.0,9116.822,865.908,-6552.215000000001,/home/dy1013/sirius_multi-gpu/tpch_pair_scan_audit_runs/pair_scan_20260701_051923/pairs/q13_then_q1
q13_then_q1,q1,0,2996.038,22009.594,0.0,7.3462332587236885,0.0,23416.869,1370.7250000000001,-20384.281,/home/dy1013/sirius_multi-gpu/tpch_pair_scan_audit_runs/pair_scan_20260701_051923/pairs/q13_then_q1
q13_then_q10,q13,0,3047.995,8201.809,0.0,2.6908866320318765,0.0,8680.18,878.358,-6032.172,/home/dy1013/sirius_multi-gpu/tpch_pair_scan_audit_runs/pair_scan_20260701_051923/pairs/q13_then_q10
q13_then_q10,q10,0,4635.07,25852.605999999992,0.0,5.577608536656403,0.0,27782.337,2469.7990000000004,-23687.334999999992,/home/dy1013/sirius_multi-gpu/tpch_pair_scan_audit_runs/pair_scan_20260701_051923/pairs/q13_then_q10
q13_then_q11,q13,0,3086.913,9110.908,0.0,2.9514625128728924,0.0,9596.583,869.077,-6893.071999999999,/home/dy1013/sirius_multi-gpu/tpch_pair_scan_audit_runs/pair_scan_20260701_051923/pairs/q13_then_q11
q13_then_q11,q11,0,1272.915,4763.428,0.0,3.7421414627056797,0.0,4815.039,358.27000000000004,-3848.783,/home/dy1013/sirius_multi-gpu/tpch_pair_scan_audit_runs/pair_scan_20260701_051923/pairs/q13_then_q11
q13_then_q12,q13,0,3070.422,9231.761,0.0,3.0066749782277484,0.0,9776.887,831.563,-6992.902,/home/dy1013/sirius_multi-gpu/tpch_pair_scan_audit_runs/pair_scan_20260701_051923/pairs/q13_then_q12
q13_then_q12,q12,0,2888.801,19655.772,0.0,6.804128079435032,0.0,21748.504,415.477,-17182.448,/home/dy1013/sirius_multi-gpu/tpch_pair_scan_audit_runs/pair_scan_20260701_051923/pairs/q13_then_q12
q13_then_q14,q13,0,3120.278,9264.971,0.0,2.9692774169481053,0.0,9824.353,833.4989999999999,-6978.191999999999,/home/dy1013/sirius_multi-gpu/tpch_pair_scan_audit_runs/pair_scan_20260701_051923/pairs/q13_then_q14
q13_then_q14,q14,0,3803.749,30126.944,0.0,7.920329127920901,0.0,32057.687,404.498,-26727.693,/home/dy1013/sirius_multi-gpu/tpch_pair_scan_audit_runs/pair_scan_20260701_051923/pairs/q13_then_q14
q13_then_q15,q13,0,3056.569,9007.217,0.0,2.9468390865705962,0.0,9516.262,835.6639999999999,-6786.312000000001,/home/dy1013/sirius_multi-gpu/tpch_pair_scan_audit_runs/pair_scan_20260701_051923/pairs/q13_then_q15
q13_then_q15,q15,0,3719.297,27006.747000000003,0.0,7.26125044598482,0.0,28754.219,1173.431,-24460.881000000005,/home/dy1013/sirius_multi-gpu/tpch_pair_scan_audit_runs/pair_scan_20260701_051923/pairs/q13_then_q15
q13_then_q16,q13,0,2982.9970000000003,7743.3679999999995,0.0,2.5958349941350924,0.0,8195.373,856.8800000000001,-5617.250999999999,/home/dy1013/sirius_multi-gpu/tpch_pair_scan_audit_runs/pair_scan_20260701_051923/pairs/q13_then_q16
q13_then_q16,q16,0,1284.077,808.485,475.592,0.6296234571602793,0.37037654283972066,840.537,1180.8910000000003,-705.2990000000003,/home/dy1013/sirius_multi-gpu/tpch_pair_scan_audit_runs/pair_scan_20260701_051923/pairs/q13_then_q16
q13_then_q17,q13,0,2968.073,7945.684,0.0,2.6770514067544835,0.0,8400.272,845.1199999999999,-5822.731000000001,/home/dy1013/sirius_multi-gpu/tpch_pair_scan_audit_runs/pair_scan_20260701_051923/pairs/q13_then_q17
q13_then_q17,q17,0,5667.446,42143.47,0.0,7.436060264182491,0.0,44153.802,1093.877,-37569.901000000005,/home/dy1013/sirius_multi-gpu/tpch_pair_scan_audit_runs/pair_scan_20260701_051923/pairs/q13_then_q17
q13_then_q18,q13,0,3148.017,9329.708,0.0,2.963677769211539,0.0,9905.667,841.9370000000001,-7023.628000000001,/home/dy1013/sirius_multi-gpu/tpch_pair_scan_audit_runs/pair_scan_20260701_051923/pairs/q13_then_q18
q13_then_q18,q18,0,4239.229,17695.107,0.0,4.174133315279736,0.0,18990.288,2285.988,-15741.866,/home/dy1013/sirius_multi-gpu/tpch_pair_scan_audit_runs/pair_scan_20260701_051923/pairs/q13_then_q18
q13_then_q19,q13,0,3126.9339999999997,9331.743,0.0,2.9843108297137073,0.0,9882.233,877.7099999999999,-7082.519000000001,/home/dy1013/sirius_multi-gpu/tpch_pair_scan_audit_runs/pair_scan_20260701_051923/pairs/q13_then_q19
q13_then_q19,q19,0,4140.296,35537.716,0.0,8.583375681352251,0.0,37313.786,1066.1589999999999,-32463.578999999998,/home/dy1013/sirius_multi-gpu/tpch_pair_scan_audit_runs/pair_scan_20260701_051923/pairs/q13_then_q19
q13_then_q2,q13,0,2927.2200000000003,7317.611,0.0,2.499850028354548,0.0,7747.033,818.4140000000001,-5208.804999999999,/home/dy1013/sirius_multi-gpu/tpch_pair_scan_audit_runs/pair_scan_20260701_051923/pairs/q13_then_q2
q13_then_q2,q2,0,1461.925,2699.093,0.0,1.846259555038733,0.0,2742.223,337.98999999999995,-1575.158,/home/dy1013/sirius_multi-gpu/tpch_pair_scan_audit_runs/pair_scan_20260701_051923/pairs/q13_then_q2
q13_then_q20,q13,0,3109.4460000000004,8368.375,0.0,2.691275230378659,0.0,8901.775,864.1539999999999,-6123.083,/home/dy1013/sirius_multi-gpu/tpch_pair_scan_audit_runs/pair_scan_20260701_051923/pairs/q13_then_q20
q13_then_q20,q20,0,4390.6900000000005,32268.899999999994,0.0,7.34939155349159,0.0,34129.929,196.01199999999997,-28074.22199999999,/home/dy1013/sirius_multi-gpu/tpch_pair_scan_audit_runs/pair_scan_20260701_051923/pairs/q13_then_q20
q13_then_q21,q13,0,3087.281,9069.323,0.0,2.937640920926861,0.0,9509.564,848.8650000000001,-6830.907,/home/dy1013/sirius_multi-gpu/tpch_pair_scan_audit_runs/pair_scan_20260701_051923/pairs/q13_then_q21
q13_then_q21,q21,0,9216.641,68409.38699999999,0.0,7.422377306439515,0.0,70862.923,7638.675000000001,-66831.42099999999,/home/dy1013/sirius_multi-gpu/tpch_pair_scan_audit_runs/pair_scan_20260701_051923/pairs/q13_then_q21
q13_then_q22,q13,0,3049.703,8043.2480000000005,0.0,2.637387312797345,0.0,8483.676,846.9200000000001,-5840.465,/home/dy1013/sirius_multi-gpu/tpch_pair_scan_audit_runs/pair_scan_20260701_051923/pairs/q13_then_q22
q13_then_q22,q22,0,1059.018,1171.714,0.0,1.1064155661188004,0.0,1246.956,461.94700000000006,-574.643,/home/dy1013/sirius_multi-gpu/tpch_pair_scan_audit_runs/pair_scan_20260701_051923/pairs/q13_then_q22
q13_then_q3,q13,0,3088.271,8994.395,0.0,2.9124370885845186,0.0,9428.713,891.1120000000001,-6797.236,/home/dy1013/sirius_multi-gpu/tpch_pair_scan_audit_runs/pair_scan_20260701_051923/pairs/q13_then_q3
q13_then_q3,q3,0,3665.992,23897.497999999996,0.0,6.518698895142159,0.0,25698.374,1814.9170000000001,-22046.422999999995,/home/dy1013/sirius_multi-gpu/tpch_pair_scan_audit_runs/pair_scan_20260701_051923/pairs/q13_then_q3
q13_then_q4,q13,0,3090.6319999999996,7981.148999999999,0.0,2.582367942867349,0.0,8520.299,831.631,-5722.148,/home/dy1013/sirius_multi-gpu/tpch_pair_scan_audit_runs/pair_scan_20260701_051923/pairs/q13_then_q4
q13_then_q4,q4,0,2462.183,11958.210000000003,0.0,4.856751102578485,0.0,13600.588,772.125,-10268.152000000002,/home/dy1013/sirius_multi-gpu/tpch_pair_scan_audit_runs/pair_scan_20260701_051923/pairs/q13_then_q4
q13_then_q5,q13,0,3005.223,8633.135,0.0,2.8727102780725424,0.0,9074.148,828.6149999999999,-6456.527,/home/dy1013/sirius_multi-gpu/tpch_pair_scan_audit_runs/pair_scan_20260701_051923/pairs/q13_then_q5
q13_then_q5,q5,0,4870.146,40673.18599999999,0.0,8.351533198388712,0.0,42968.552,2617.536,-38420.57599999999,/home/dy1013/sirius_multi-gpu/tpch_pair_scan_audit_runs/pair_scan_20260701_051923/pairs/q13_then_q5
q13_then_q6,q13,0,3112.9669999999996,8062.127,0.0,2.5898530244618723,0.0,8620.995,849.379,-5798.539000000001,/home/dy1013/sirius_multi-gpu/tpch_pair_scan_audit_runs/pair_scan_20260701_051923/pairs/q13_then_q6
q13_then_q6,q6,0,2593.8340000000003,14566.102,0.0,5.615664687871313,0.0,15551.895,187.156,-12159.424,/home/dy1013/sirius_multi-gpu/tpch_pair_scan_audit_runs/pair_scan_20260701_051923/pairs/q13_then_q6
q13_then_q7,q13,0,3066.1730000000002,9085.119,0.0,2.963015785475901,0.0,9643.088,845.4949999999999,-6864.441,/home/dy1013/sirius_multi-gpu/tpch_pair_scan_audit_runs/pair_scan_20260701_051923/pairs/q13_then_q7
q13_then_q7,q7,0,4963.731,42196.18700000001,0.0,8.500901237395825,0.0,44673.293,1011.4680000000001,-38243.92400000001,/home/dy1013/sirius_multi-gpu/tpch_pair_scan_audit_runs/pair_scan_20260701_051923/pairs/q13_then_q7
q13_then_q8,q13,0,3129.7259999999997,9387.668,0.0,2.9995175296495606,0.0,9878.685,871.7289999999998,-7129.671,/home/dy1013/sirius_multi-gpu/tpch_pair_scan_audit_runs/pair_scan_20260701_051923/pairs/q13_then_q8
q13_then_q8,q8,0,6182.705999999999,60063.189,0.0,9.714708899307197,0.0,63280.018,3149.221,-57029.704,/home/dy1013/sirius_multi-gpu/tpch_pair_scan_audit_runs/pair_scan_20260701_051923/pairs/q13_then_q8
q13_then_q9,q13,0,3131.357,8118.114,0.0,2.5925226666905115,0.0,8547.271,884.496,-5871.253,/home/dy1013/sirius_multi-gpu/tpch_pair_scan_audit_runs/pair_scan_20260701_051923/pairs/q13_then_q9
q13_then_q9,q9,0,7264.401999999999,63888.89599999999,0.0,8.794790816917896,0.0,67041.686,3289.9059999999995,-59914.399999999994,/home/dy1013/sirius_multi-gpu/tpch_pair_scan_audit_runs/pair_scan_20260701_051923/pairs/q13_then_q9
q14_then_q1,q14,0,4440.666,32408.811999999998,0.0,7.298187253893897,0.0,34919.373,426.63700000000006,-28394.782999999996,/home/dy1013/sirius_multi-gpu/tpch_pair_scan_audit_runs/pair_scan_20260701_051923/pairs/q14_then_q1
q14_then_q1,q1,0,2751.692,17985.596,0.0,6.53619518463549,0.0,18258.917,1456.5069999999998,-16690.411000000004,/home/dy1013/sirius_multi-gpu/tpch_pair_scan_audit_runs/pair_scan_20260701_051923/pairs/q14_then_q1
q14_then_q10,q14,0,4339.061,28129.022999999997,0.0,6.482744308042685,0.0,29866.848,438.335,-24228.297,/home/dy1013/sirius_multi-gpu/tpch_pair_scan_audit_runs/pair_scan_20260701_051923/pairs/q14_then_q10
q14_then_q10,q10,0,4511.554,25323.697,0.0,5.613076336889684,0.0,25841.93,3662.36,-24474.503,/home/dy1013/sirius_multi-gpu/tpch_pair_scan_audit_runs/pair_scan_20260701_051923/pairs/q14_then_q10
q14_then_q11,q14,0,4419.675,29494.857,0.0,6.673535271258633,0.0,31664.635,422.55199999999996,-25497.734,/home/dy1013/sirius_multi-gpu/tpch_pair_scan_audit_runs/pair_scan_20260701_051923/pairs/q14_then_q11
q14_then_q11,q11,0,1282.045,5211.754999999999,0.0,4.065188819425214,0.0,5221.725,399.99600000000004,-4329.705999999999,/home/dy1013/sirius_multi-gpu/tpch_pair_scan_audit_runs/pair_scan_20260701_051923/pairs/q14_then_q11
q14_then_q12,q14,0,4408.092,27741.138,0.0,6.293230268333783,0.0,29547.209,470.32000000000005,-23803.365999999998,/home/dy1013/sirius_multi-gpu/tpch_pair_scan_audit_runs/pair_scan_20260701_051923/pairs/q14_then_q12
q14_then_q12,q12,0,2664.52,15649.717,0.0,5.873371939411227,0.0,15960.803,379.59200000000004,-13364.789,/home/dy1013/sirius_multi-gpu/tpch_pair_scan_audit_runs/pair_scan_20260701_051923/pairs/q14_then_q12
q14_then_q13,q14,0,4393.379000000001,28988.906,0.0,6.598316694280187,0.0,30964.34,455.887,-25051.413999999997,/home/dy1013/sirius_multi-gpu/tpch_pair_scan_audit_runs/pair_scan_20260701_051923/pairs/q14_then_q13
q14_then_q13,q13,0,2260.316,7115.726000000001,0.0,3.148111149060574,0.0,7533.373,759.78,-5615.1900000000005,/home/dy1013/sirius_multi-gpu/tpch_pair_scan_audit_runs/pair_scan_20260701_051923/pairs/q14_then_q13
q14_then_q15,q14,0,4388.182,29144.878999999997,0.0,6.641675071817896,0.0,30924.196,428.80300000000005,-25185.499999999996,/home/dy1013/sirius_multi-gpu/tpch_pair_scan_audit_runs/pair_scan_20260701_051923/pairs/q14_then_q15
q14_then_q15,q15,0,3484.083,29652.963,0.0,8.510980651149815,0.0,30052.108,1044.7949999999998,-27213.675,/home/dy1013/sirius_multi-gpu/tpch_pair_scan_audit_runs/pair_scan_20260701_051923/pairs/q14_then_q15
q14_then_q16,q14,0,4398.125,28495.48,0.0,6.479006394770499,0.0,30660.357,413.203,-24510.558,/home/dy1013/sirius_multi-gpu/tpch_pair_scan_audit_runs/pair_scan_20260701_051923/pairs/q14_then_q16
q14_then_q16,q16,0,1488.5710000000001,645.058,843.5130000000001,0.4333404318638479,0.5666595681361521,669.012,1685.13,-841.617,/home/dy1013/sirius_multi-gpu/tpch_pair_scan_audit_runs/pair_scan_20260701_051923/pairs/q14_then_q16
q14_then_q17,q14,0,4388.887000000001,31858.674,0.0,7.2589415038482406,0.0,33650.962,405.732,-27875.518999999997,/home/dy1013/sirius_multi-gpu/tpch_pair_scan_audit_runs/pair_scan_20260701_051923/pairs/q14_then_q17
q14_then_q17,q17,0,5513.544,40212.437000000005,0.0,7.293391872813567,0.0,40990.641,1205.171,-35904.064000000006,/home/dy1013/sirius_multi-gpu/tpch_pair_scan_audit_runs/pair_scan_20260701_051923/pairs/q14_then_q17
q14_then_q18,q14,0,4396.552,30440.118999999995,0.0,6.923634475379797,0.0,32199.833,409.743,-26453.309999999994,/home/dy1013/sirius_multi-gpu/tpch_pair_scan_audit_runs/pair_scan_20260701_051923/pairs/q14_then_q18
q14_then_q18,q18,0,4196.638,17585.451,0.0,4.190366431414861,0.0,18018.651,2277.034,-15665.847000000002,/home/dy1013/sirius_multi-gpu/tpch_pair_scan_audit_runs/pair_scan_20260701_051923/pairs/q14_then_q18
q14_then_q19,q14,0,4368.409,31259.653000000002,0.0,7.155843923954924,0.0,33090.831,427.72299999999996,-27318.967000000004,/home/dy1013/sirius_multi-gpu/tpch_pair_scan_audit_runs/pair_scan_20260701_051923/pairs/q14_then_q19
q14_then_q19,q19,0,3875.075,34497.26999999999,0.0,8.902348986793802,0.0,35012.249,933.031,-31555.225999999988,/home/dy1013/sirius_multi-gpu/tpch_pair_scan_audit_runs/pair_scan_20260701_051923/pairs/q14_then_q19
q14_then_q2,q14,0,4359.277999999999,27739.652,0.0,6.363359253527763,0.0,29545.024,410.5330000000001,-23790.907,/home/dy1013/sirius_multi-gpu/tpch_pair_scan_audit_runs/pair_scan_20260701_051923/pairs/q14_then_q2
q14_then_q2,q2,0,1513.489,3023.5469999999996,0.0,1.9977330525692618,0.0,3042.676,420.929,-1930.9869999999996,/home/dy1013/sirius_multi-gpu/tpch_pair_scan_audit_runs/pair_scan_20260701_051923/pairs/q14_then_q2
q14_then_q20,q14,0,4377.453,28329.405999999995,0.0,6.471664230318405,0.0,30101.57,430.07599999999996,-24382.028999999995,/home/dy1013/sirius_multi-gpu/tpch_pair_scan_audit_runs/pair_scan_20260701_051923/pairs/q14_then_q20
q14_then_q20,q20,0,4189.577,32053.690000000002,0.0,7.650817731718501,0.0,32606.525,200.615,-28064.728000000003,/home/dy1013/sirius_multi-gpu/tpch_pair_scan_audit_runs/pair_scan_20260701_051923/pairs/q14_then_q20
q14_then_q21,q14,0,4414.134,30330.936,0.0,6.871321985241046,0.0,32553.265,422.343,-26339.145000000004,/home/dy1013/sirius_multi-gpu/tpch_pair_scan_audit_runs/pair_scan_20260701_051923/pairs/q14_then_q21
q14_then_q21,q21,0,9022.741999999998,65360.485,0.0,7.243971400268346,0.0,66865.911,7896.8769999999995,-64234.62,/home/dy1013/sirius_multi-gpu/tpch_pair_scan_audit_runs/pair_scan_20260701_051923/pairs/q14_then_q21
q14_then_q22,q14,0,4372.967,30829.592000000004,0.0,7.0500399385588794,0.0,32606.684,422.769,-26879.394000000004,/home/dy1013/sirius_multi-gpu/tpch_pair_scan_audit_runs/pair_scan_20260701_051923/pairs/q14_then_q22
q14_then_q22,q22,0,1070.914,1305.998,0.0,1.2195171601080947,0.0,1370.261,481.99399999999997,-717.078,/home/dy1013/sirius_multi-gpu/tpch_pair_scan_audit_runs/pair_scan_20260701_051923/pairs/q14_then_q22
q14_then_q3,q14,0,4367.046,27592.316000000003,0.0,6.318302120014307,0.0,29393.687,430.30099999999993,-23655.571000000004,/home/dy1013/sirius_multi-gpu/tpch_pair_scan_audit_runs/pair_scan_20260701_051923/pairs/q14_then_q3
q14_then_q3,q3,0,3620.2230000000004,22924.326999999994,0.0,6.332296933089479,0.0,23605.448,1940.717,-21244.820999999993,/home/dy1013/sirius_multi-gpu/tpch_pair_scan_audit_runs/pair_scan_20260701_051923/pairs/q14_then_q3
q14_then_q4,q14,0,4394.934,33821.164,0.0,7.695488487426659,0.0,35614.111,416.305,-29842.534999999996,/home/dy1013/sirius_multi-gpu/tpch_pair_scan_audit_runs/pair_scan_20260701_051923/pairs/q14_then_q4
q14_then_q4,q4,0,2257.714,13418.767,0.0,5.943519418314278,0.0,13737.958,747.5300000000001,-11908.583,/home/dy1013/sirius_multi-gpu/tpch_pair_scan_audit_runs/pair_scan_20260701_051923/pairs/q14_then_q4
q14_then_q5,q14,0,4426.331,29752.193999999996,0.0,6.7216378531113,0.0,31501.306,428.986,-25754.849,/home/dy1013/sirius_multi-gpu/tpch_pair_scan_audit_runs/pair_scan_20260701_051923/pairs/q14_then_q5
q14_then_q5,q5,0,4540.625999999999,38587.229,0.0,8.498217866875626,0.0,39752.839,2465.0800000000004,-36511.683000000005,/home/dy1013/sirius_multi-gpu/tpch_pair_scan_audit_runs/pair_scan_20260701_051923/pairs/q14_then_q5
q14_then_q6,q14,0,4386.379,30123.267,0.0,6.867456505696384,0.0,31888.074,426.95599999999996,-26163.843999999997,/home/dy1013/sirius_multi-gpu/tpch_pair_scan_audit_runs/pair_scan_20260701_051923/pairs/q14_then_q6
q14_then_q6,q6,0,2403.435,14693.407,0.0,6.113502965547227,0.0,14903.267,204.92900000000003,-12494.901,/home/dy1013/sirius_multi-gpu/tpch_pair_scan_audit_runs/pair_scan_20260701_051923/pairs/q14_then_q6
q14_then_q7,q14,0,4399.956999999999,30489.237999999998,0.0,6.92943999225447,0.0,32307.915,429.22299999999996,-26518.504,/home/dy1013/sirius_multi-gpu/tpch_pair_scan_audit_runs/pair_scan_20260701_051923/pairs/q14_then_q7
q14_then_q7,q7,0,4762.296,41201.654999999984,0.0,8.651636731526134,0.0,42527.689,982.4019999999999,-37421.760999999984,/home/dy1013/sirius_multi-gpu/tpch_pair_scan_audit_runs/pair_scan_20260701_051923/pairs/q14_then_q7
q14_then_q8,q14,0,4356.597,27132.805000000004,0.0,6.2279813808805375,0.0,28906.034,410.70399999999995,-23186.912000000008,/home/dy1013/sirius_multi-gpu/tpch_pair_scan_audit_runs/pair_scan_20260701_051923/pairs/q14_then_q8
q14_then_q8,q8,0,6121.848,59627.816,0.0,9.740166041365287,0.0,61443.568,3257.74,-56763.708,/home/dy1013/sirius_multi-gpu/tpch_pair_scan_audit_runs/pair_scan_20260701_051923/pairs/q14_then_q8
q14_then_q9,q14,0,4418.0960000000005,32133.665,0.0,7.2731930225146755,0.0,34290.557,437.446,-28153.015,/home/dy1013/sirius_multi-gpu/tpch_pair_scan_audit_runs/pair_scan_20260701_051923/pairs/q14_then_q9
q14_then_q9,q9,0,8691.359,65419.01399999999,0.0,7.526902754793581,0.0,67307.55,3839.7219999999998,-60567.376999999986,/home/dy1013/sirius_multi-gpu/tpch_pair_scan_audit_runs/pair_scan_20260701_051923/pairs/q14_then_q9
q15_then_q1,q15,0,4328.044,30899.088,0.0,7.1392730757820395,0.0,32806.57,1089.3259999999998,-27660.370000000003,/home/dy1013/sirius_multi-gpu/tpch_pair_scan_audit_runs/pair_scan_20260701_051923/pairs/q15_then_q1
q15_then_q1,q1,0,2866.15,17054.665,0.0,5.950374195349162,0.0,17294.71,1693.018,-15881.533000000001,/home/dy1013/sirius_multi-gpu/tpch_pair_scan_audit_runs/pair_scan_20260701_051923/pairs/q15_then_q1
q15_then_q10,q15,0,4292.332,30384.499999999996,0.0,7.07878607712544,0.0,32010.522,1131.815,-27223.982999999997,/home/dy1013/sirius_multi-gpu/tpch_pair_scan_audit_runs/pair_scan_20260701_051923/pairs/q15_then_q10
q15_then_q10,q10,0,4528.069,26408.902,0.0,5.83226580690356,0.0,27008.812,3485.896,-25366.729,/home/dy1013/sirius_multi-gpu/tpch_pair_scan_audit_runs/pair_scan_20260701_051923/pairs/q15_then_q10
q15_then_q11,q15,0,4335.687,28313.853000000003,0.0,6.530419054696523,0.0,30334.892,1204.7659999999998,-25182.932000000004,/home/dy1013/sirius_multi-gpu/tpch_pair_scan_audit_runs/pair_scan_20260701_051923/pairs/q15_then_q11
q15_then_q11,q11,0,1282.568,5263.9039999999995,0.0,4.104190966872712,0.0,5282.764,292.47399999999993,-4273.8099999999995,/home/dy1013/sirius_multi-gpu/tpch_pair_scan_audit_runs/pair_scan_20260701_051923/pairs/q15_then_q11
q15_then_q12,q15,0,4350.2119999999995,27753.853000000003,0.0,6.379885164217286,0.0,29706.207,1236.68,-24640.321000000004,/home/dy1013/sirius_multi-gpu/tpch_pair_scan_audit_runs/pair_scan_20260701_051923/pairs/q15_then_q12
q15_then_q12,q12,0,2667.878,15674.871000000001,0.0,5.875407721042716,0.0,16035.619,366.702,-13373.695,/home/dy1013/sirius_multi-gpu/tpch_pair_scan_audit_runs/pair_scan_20260701_051923/pairs/q15_then_q12
q15_then_q13,q15,0,4269.9220000000005,28680.400999999998,0.0,6.716844242119644,0.0,30332.961,1307.971,-25718.45,/home/dy1013/sirius_multi-gpu/tpch_pair_scan_audit_runs/pair_scan_20260701_051923/pairs/q15_then_q13
q15_then_q13,q13,0,2253.1659999999997,8086.302,0.0,3.588862072301819,0.0,8485.546,688.0179999999999,-6521.154,/home/dy1013/sirius_multi-gpu/tpch_pair_scan_audit_runs/pair_scan_20260701_051923/pairs/q15_then_q13
q15_then_q14,q15,0,4290.142000000001,29403.224,0.0,6.853671510173788,0.0,31089.274,1232.558,-26345.64,/home/dy1013/sirius_multi-gpu/tpch_pair_scan_audit_runs/pair_scan_20260701_051923/pairs/q15_then_q14
q15_then_q14,q14,0,3582.73,30084.107,0.0,8.39697856104144,0.0,30617.983,376.03799999999995,-26877.415,/home/dy1013/sirius_multi-gpu/tpch_pair_scan_audit_runs/pair_scan_20260701_051923/pairs/q15_then_q14
q15_then_q16,q15,0,4280.98,28544.939,0.0,6.66785151997907,0.0,30174.814,1167.754,-25431.713,/home/dy1013/sirius_multi-gpu/tpch_pair_scan_audit_runs/pair_scan_20260701_051923/pairs/q15_then_q16
q15_then_q16,q16,0,1436.493,682.36,754.1329999999999,0.47501797781123895,0.5249820221887611,709.589,1320.2459999999999,-566.1129999999999,/home/dy1013/sirius_multi-gpu/tpch_pair_scan_audit_runs/pair_scan_20260701_051923/pairs/q15_then_q16
q15_then_q17,q15,0,4244.992,28752.024,0.0,6.7731632945362445,0.0,30428.027,1069.2269999999999,-25576.259,/home/dy1013/sirius_multi-gpu/tpch_pair_scan_audit_runs/pair_scan_20260701_051923/pairs/q15_then_q17
q15_then_q17,q17,0,5621.535,40567.098999999995,0.0,7.216373997493567,0.0,41357.59,777.6869999999999,-35723.251,/home/dy1013/sirius_multi-gpu/tpch_pair_scan_audit_runs/pair_scan_20260701_051923/pairs/q15_then_q17
q15_then_q18,q15,0,4354.237999999999,28730.27999999999,0.0,6.5982337208025825,0.0,30740.477,1168.0249999999999,-25544.066999999995,/home/dy1013/sirius_multi-gpu/tpch_pair_scan_audit_runs/pair_scan_20260701_051923/pairs/q15_then_q18
q15_then_q18,q18,0,4221.651,18109.909,0.0,4.289769334319677,0.0,18524.165,2552.181,-16440.439,/home/dy1013/sirius_multi-gpu/tpch_pair_scan_audit_runs/pair_scan_20260701_051923/pairs/q15_then_q18
q15_then_q19,q15,0,4279.718,31723.907,0.0,7.41261620508641,0.0,33576.278,1148.3010000000002,-28592.489999999998,/home/dy1013/sirius_multi-gpu/tpch_pair_scan_audit_runs/pair_scan_20260701_051923/pairs/q15_then_q19
q15_then_q19,q19,0,3913.322,34262.912000000004,0.0,8.75545431732937,0.0,34727.439,1006.1149999999999,-31355.705000000005,/home/dy1013/sirius_multi-gpu/tpch_pair_scan_audit_runs/pair_scan_20260701_051923/pairs/q15_then_q19
q15_then_q2,q15,0,4306.464,27489.702,0.0,6.383358133261999,0.0,29504.127,1192.982,-24376.22,/home/dy1013/sirius_multi-gpu/tpch_pair_scan_audit_runs/pair_scan_20260701_051923/pairs/q15_then_q2
q15_then_q2,q2,0,1544.992,3025.6149999999993,0.0,1.95833700109774,0.0,3045.388,465.403,-1946.0259999999994,/home/dy1013/sirius_multi-gpu/tpch_pair_scan_audit_runs/pair_scan_20260701_051923/pairs/q15_then_q2
q15_then_q20,q15,0,4301.110000000001,27553.031000000006,0.0,6.4060279788240715,0.0,29541.803,1288.639,-24540.560000000005,/home/dy1013/sirius_multi-gpu/tpch_pair_scan_audit_runs/pair_scan_20260701_051923/pairs/q15_then_q20
q15_then_q20,q20,0,4178.918000000001,30844.793000000005,0.0,7.3810476778917415,0.0,31416.617,220.267,-26886.142000000003,/home/dy1013/sirius_multi-gpu/tpch_pair_scan_audit_runs/pair_scan_20260701_051923/pairs/q15_then_q20
q15_then_q21,q15,0,4322.816000000001,31223.860999999994,0.0,7.223037251643371,0.0,32883.185,1207.9289999999999,-28108.97399999999,/home/dy1013/sirius_multi-gpu/tpch_pair_scan_audit_runs/pair_scan_20260701_051923/pairs/q15_then_q21
q15_then_q21,q21,0,9110.822,63987.04700000002,0.0,7.023191431025655,0.0,65449.12,8148.804999999999,-63025.03000000002,/home/dy1013/sirius_multi-gpu/tpch_pair_scan_audit_runs/pair_scan_20260701_051923/pairs/q15_then_q21
q15_then_q22,q15,0,4320.017,28849.140000000003,0.0,6.678015387439449,0.0,30501.354,1156.4769999999999,-25685.600000000002,/home/dy1013/sirius_multi-gpu/tpch_pair_scan_audit_runs/pair_scan_20260701_051923/pairs/q15_then_q22
q15_then_q22,q22,0,1069.85,1371.549,0.0,1.2820012151236155,0.0,1437.214,409.50999999999993,-711.2090000000001,/home/dy1013/sirius_multi-gpu/tpch_pair_scan_audit_runs/pair_scan_20260701_051923/pairs/q15_then_q22
q15_then_q3,q15,0,4288.255,28578.061999999998,0.0,6.6642636690215475,0.0,30218.451,1255.0500000000002,-25544.856999999996,/home/dy1013/sirius_multi-gpu/tpch_pair_scan_audit_runs/pair_scan_20260701_051923/pairs/q15_then_q3
q15_then_q3,q3,0,3594.014,25804.642000000003,0.0,7.17989468043252,0.0,26346.01,1910.2030000000002,-24120.831000000006,/home/dy1013/sirius_multi-gpu/tpch_pair_scan_audit_runs/pair_scan_20260701_051923/pairs/q15_then_q3
q15_then_q4,q15,0,4259.111,27524.988,0.0,6.462613442100946,0.0,29183.069,1211.3100000000002,-24477.187,/home/dy1013/sirius_multi-gpu/tpch_pair_scan_audit_runs/pair_scan_20260701_051923/pairs/q15_then_q4
q15_then_q4,q4,0,2381.421,14216.149,0.0,5.969607641823936,0.0,14498.558,735.693,-12570.420999999998,/home/dy1013/sirius_multi-gpu/tpch_pair_scan_audit_runs/pair_scan_20260701_051923/pairs/q15_then_q4
q15_then_q5,q15,0,4280.742,27140.681999999997,0.0,6.340181678783724,0.0,28781.908,1164.2069999999999,-24024.146999999994,/home/dy1013/sirius_multi-gpu/tpch_pair_scan_audit_runs/pair_scan_20260701_051923/pairs/q15_then_q5
q15_then_q5,q5,0,4448.544,36543.351999999984,0.0,8.214676981951845,0.0,37689.23,2401.509,-34496.31699999998,/home/dy1013/sirius_multi-gpu/tpch_pair_scan_audit_runs/pair_scan_20260701_051923/pairs/q15_then_q5
q15_then_q6,q15,0,4325.224999999999,27720.956000000002,0.0,6.409136172106654,0.0,29566.887,1250.1459999999997,-24645.877000000004,/home/dy1013/sirius_multi-gpu/tpch_pair_scan_audit_runs/pair_scan_20260701_051923/pairs/q15_then_q6
q15_then_q6,q6,0,2482.092,14048.114000000001,0.0,5.659787791911017,0.0,14261.542,173.452,-11739.474,/home/dy1013/sirius_multi-gpu/tpch_pair_scan_audit_runs/pair_scan_20260701_051923/pairs/q15_then_q6
q15_then_q7,q15,0,4325.712,30785.19,0.0,7.116791409136807,0.0,32792.663,1201.564,-27661.041999999998,/home/dy1013/sirius_multi-gpu/tpch_pair_scan_audit_runs/pair_scan_20260701_051923/pairs/q15_then_q7
q15_then_q7,q7,0,4730.22,40604.151,0.0,8.58398784834532,0.0,41841.754,941.4670000000001,-36815.397999999994,/home/dy1013/sirius_multi-gpu/tpch_pair_scan_audit_runs/pair_scan_20260701_051923/pairs/q15_then_q7
q15_then_q8,q15,0,4291.29,26549.023999999998,0.0,6.186723339601844,0.0,28344.895,1276.44,-23534.173999999995,/home/dy1013/sirius_multi-gpu/tpch_pair_scan_audit_runs/pair_scan_20260701_051923/pairs/q15_then_q8
q15_then_q8,q8,0,5942.0019999999995,59719.765,0.0,10.050445119338567,0.0,61498.204,3288.822,-57066.585,/home/dy1013/sirius_multi-gpu/tpch_pair_scan_audit_runs/pair_scan_20260701_051923/pairs/q15_then_q8
q15_then_q9,q15,0,4380.579,32695.432,0.0,7.463723859334578,0.0,34356.297,1462.8220000000001,-29777.675000000003,/home/dy1013/sirius_multi-gpu/tpch_pair_scan_audit_runs/pair_scan_20260701_051923/pairs/q15_then_q9
q15_then_q9,q9,0,11276.669,64345.979000000014,0.0,5.706115786496882,0.0,66202.195,3679.98,-56749.290000000015,/home/dy1013/sirius_multi-gpu/tpch_pair_scan_audit_runs/pair_scan_20260701_051923/pairs/q15_then_q9
q16_then_q1,q16,0,2273.005,887.032,1385.973,0.3902463918909109,0.6097536081090891,930.697,1759.004,-373.03099999999995,/home/dy1013/sirius_multi-gpu/tpch_pair_scan_audit_runs/pair_scan_20260701_051923/pairs/q16_then_q1
q16_then_q1,q1,0,3098.928,17384.942999999996,0.0,5.609986098418549,0.0,19173.822,1568.97,-15854.984999999995,/home/dy1013/sirius_multi-gpu/tpch_pair_scan_audit_runs/pair_scan_20260701_051923/pairs/q16_then_q1
q16_then_q10,q16,0,2225.625,739.654,1485.971,0.33233541140129175,0.6676645885987083,780.972,1572.7920000000001,-86.82100000000014,/home/dy1013/sirius_multi-gpu/tpch_pair_scan_audit_runs/pair_scan_20260701_051923/pairs/q16_then_q10
q16_then_q10,q10,0,4658.331,27555.908999999996,0.0,5.915403821669176,0.0,29267.6,3743.2429999999995,-26640.820999999993,/home/dy1013/sirius_multi-gpu/tpch_pair_scan_audit_runs/pair_scan_20260701_051923/pairs/q16_then_q10
q16_then_q11,q16,0,2133.651,895.179,1238.4719999999998,0.4195526822334112,0.5804473177665888,941.456,1618.9620000000002,-380.49000000000046,/home/dy1013/sirius_multi-gpu/tpch_pair_scan_audit_runs/pair_scan_20260701_051923/pairs/q16_then_q11
q16_then_q11,q11,0,1272.463,4921.306,0.0,3.8675434963531354,0.0,4960.774,259.38800000000003,-3908.2309999999998,/home/dy1013/sirius_multi-gpu/tpch_pair_scan_audit_runs/pair_scan_20260701_051923/pairs/q16_then_q11
q16_then_q12,q16,0,2183.528,889.749,1293.7789999999998,0.40748229470838027,0.5925177052916197,931.181,1518.04,-224.2610000000002,/home/dy1013/sirius_multi-gpu/tpch_pair_scan_audit_runs/pair_scan_20260701_051923/pairs/q16_then_q12
q16_then_q12,q12,0,2825.0829999999996,15546.862,0.0,5.5031522967643784,0.0,17304.414,419.204,-13140.982999999998,/home/dy1013/sirius_multi-gpu/tpch_pair_scan_audit_runs/pair_scan_20260701_051923/pairs/q16_then_q12
q16_then_q13,q16,0,2104.261,878.2649999999999,1225.996,0.41737455572288795,0.582625444277112,922.279,1540.876,-314.8799999999999,/home/dy1013/sirius_multi-gpu/tpch_pair_scan_audit_runs/pair_scan_20260701_051923/pairs/q16_then_q13
q16_then_q13,q13,0,2429.3830000000003,8069.806,0.0,3.321751243011085,0.0,8539.454,774.6189999999999,-6415.041999999999,/home/dy1013/sirius_multi-gpu/tpch_pair_scan_audit_runs/pair_scan_20260701_051923/pairs/q16_then_q13
q16_then_q14,q16,0,2133.307,867.604,1265.7029999999997,0.40669439513394,0.59330560486606,910.963,1487.575,-221.8720000000003,/home/dy1013/sirius_multi-gpu/tpch_pair_scan_audit_runs/pair_scan_20260701_051923/pairs/q16_then_q14
q16_then_q14,q14,0,3761.154,28875.987,0.0,7.677427459763679,0.0,30926.071,342.658,-25457.491,/home/dy1013/sirius_multi-gpu/tpch_pair_scan_audit_runs/pair_scan_20260701_051923/pairs/q16_then_q14
q16_then_q15,q16,0,2034.5469999999998,796.1239999999999,1238.4229999999998,0.3913028305563843,0.6086971694436156,836.505,1425.959,-187.53600000000029,/home/dy1013/sirius_multi-gpu/tpch_pair_scan_audit_runs/pair_scan_20260701_051923/pairs/q16_then_q15
q16_then_q15,q15,0,3671.4,31525.61,0.0,8.586808846761453,0.0,33090.778,1121.3809999999999,-28975.591,/home/dy1013/sirius_multi-gpu/tpch_pair_scan_audit_runs/pair_scan_20260701_051923/pairs/q16_then_q15
q16_then_q17,q16,0,2002.1049999999998,750.833,1251.272,0.3750217895664813,0.6249782104335188,794.747,1298.508,-47.236000000000104,/home/dy1013/sirius_multi-gpu/tpch_pair_scan_audit_runs/pair_scan_20260701_051923/pairs/q16_then_q17
q16_then_q17,q17,0,5761.558,41214.87799999999,0.0,7.153425861546475,0.0,43471.371,1155.7,-36609.01999999999,/home/dy1013/sirius_multi-gpu/tpch_pair_scan_audit_runs/pair_scan_20260701_051923/pairs/q16_then_q17
q16_then_q18,q16,0,1991.628,732.844,1258.7839999999999,0.3679622901465535,0.6320377098534465,775.184,1489.8690000000001,-231.08500000000026,/home/dy1013/sirius_multi-gpu/tpch_pair_scan_audit_runs/pair_scan_20260701_051923/pairs/q16_then_q18
q16_then_q18,q18,0,4419.561,16822.772,0.0,3.806435073528797,0.0,18325.047,2609.4910000000004,-15012.702000000001,/home/dy1013/sirius_multi-gpu/tpch_pair_scan_audit_runs/pair_scan_20260701_051923/pairs/q16_then_q18
q16_then_q19,q16,0,2253.295,874.1210000000001,1379.174,0.3879301201129901,0.6120698798870099,916.322,1773.7649999999999,-394.5909999999999,/home/dy1013/sirius_multi-gpu/tpch_pair_scan_audit_runs/pair_scan_20260701_051923/pairs/q16_then_q19
q16_then_q19,q19,0,4106.829000000001,33579.477999999996,0.0,8.17649773097443,0.0,35445.692,945.547,-30418.195999999993,/home/dy1013/sirius_multi-gpu/tpch_pair_scan_audit_runs/pair_scan_20260701_051923/pairs/q16_then_q19
q16_then_q2,q16,0,2223.744,895.7189999999999,1328.025,0.4027977141253669,0.5972022858746331,939.222,1810.058,-482.0329999999999,/home/dy1013/sirius_multi-gpu/tpch_pair_scan_audit_runs/pair_scan_20260701_051923/pairs/q16_then_q2
q16_then_q2,q2,0,1555.099,2869.796,0.0,1.84541048512024,0.0,2921.334,364.8269999999999,-1679.524,/home/dy1013/sirius_multi-gpu/tpch_pair_scan_audit_runs/pair_scan_20260701_051923/pairs/q16_then_q2
q16_then_q20,q16,0,2212.657,731.1129999999999,1481.5440000000003,0.3304231066993212,0.6695768933006788,773.847,1722.814,-241.26999999999975,/home/dy1013/sirius_multi-gpu/tpch_pair_scan_audit_runs/pair_scan_20260701_051923/pairs/q16_then_q20
q16_then_q20,q20,0,4322.004,30976.569,0.0,7.167177309414799,0.0,32812.901,229.618,-26884.182999999997,/home/dy1013/sirius_multi-gpu/tpch_pair_scan_audit_runs/pair_scan_20260701_051923/pairs/q16_then_q20
q16_then_q21,q16,0,2072.431,721.8910000000001,1350.54,0.34833053549189336,0.6516694645081066,761.815,1589.397,-238.85699999999997,/home/dy1013/sirius_multi-gpu/tpch_pair_scan_audit_runs/pair_scan_20260701_051923/pairs/q16_then_q21
q16_then_q21,q21,0,9253.93,64247.92500000002,0.0,6.942771881784282,0.0,66954.176,7716.024999999999,-62710.02000000002,/home/dy1013/sirius_multi-gpu/tpch_pair_scan_audit_runs/pair_scan_20260701_051923/pairs/q16_then_q21
q16_then_q22,q16,0,2222.208,741.8109999999999,1480.3970000000002,0.3338170864293531,0.6661829135706469,783.108,1652.9160000000002,-172.519,/home/dy1013/sirius_multi-gpu/tpch_pair_scan_audit_runs/pair_scan_20260701_051923/pairs/q16_then_q22
q16_then_q22,q22,0,1040.195,1297.885,0.0,1.2477323963295344,0.0,1370.224,428.36999999999995,-686.06,/home/dy1013/sirius_multi-gpu/tpch_pair_scan_audit_runs/pair_scan_20260701_051923/pairs/q16_then_q22
q16_then_q3,q16,0,2253.8999999999996,742.9280000000001,1510.9719999999995,0.3296188828253251,0.6703811171746749,784.494,1564.6350000000002,-53.66300000000069,/home/dy1013/sirius_multi-gpu/tpch_pair_scan_audit_runs/pair_scan_20260701_051923/pairs/q16_then_q3
q16_then_q3,q3,0,3836.898,25866.083,0.0,6.741404905733746,0.0,27589.825,1995.372,-24024.556999999997,/home/dy1013/sirius_multi-gpu/tpch_pair_scan_audit_runs/pair_scan_20260701_051923/pairs/q16_then_q3
q16_then_q4,q16,0,2204.88,694.26,1510.6200000000001,0.31487427887231956,0.6851257211276804,735.596,1604.7319999999997,-94.11199999999963,/home/dy1013/sirius_multi-gpu/tpch_pair_scan_audit_runs/pair_scan_20260701_051923/pairs/q16_then_q4
q16_then_q4,q4,0,2361.367,11044.943000000001,0.0,4.677351296939443,0.0,12723.735,730.838,-9414.414,/home/dy1013/sirius_multi-gpu/tpch_pair_scan_audit_runs/pair_scan_20260701_051923/pairs/q16_then_q4
q16_then_q5,q16,0,2123.245,735.218,1388.027,0.346270920218816,0.653729079781184,777.527,1608.3729999999998,-220.34599999999978,/home/dy1013/sirius_multi-gpu/tpch_pair_scan_audit_runs/pair_scan_20260701_051923/pairs/q16_then_q5
q16_then_q5,q5,0,4583.937,37471.86300000001,0.0,8.174602530532164,0.0,39795.382,2398.441,-35286.36700000001,/home/dy1013/sirius_multi-gpu/tpch_pair_scan_audit_runs/pair_scan_20260701_051923/pairs/q16_then_q5
q16_then_q6,q16,0,2040.126,711.265,1328.8609999999999,0.3486377802155357,0.6513622197844643,753.17,1411.1570000000002,-82.29600000000028,/home/dy1013/sirius_multi-gpu/tpch_pair_scan_audit_runs/pair_scan_20260701_051923/pairs/q16_then_q6
q16_then_q6,q6,0,2673.5609999999997,14849.306,0.0,5.554130240529392,0.0,15771.402,254.31600000000003,-12430.061000000002,/home/dy1013/sirius_multi-gpu/tpch_pair_scan_audit_runs/pair_scan_20260701_051923/pairs/q16_then_q6
q16_then_q7,q16,0,2170.201,744.8159999999999,1425.3850000000002,0.3432013901016541,0.6567986098983459,786.626,1673.814,-248.42899999999986,/home/dy1013/sirius_multi-gpu/tpch_pair_scan_audit_runs/pair_scan_20260701_051923/pairs/q16_then_q7
q16_then_q7,q7,0,4981.834,42238.869,0.0,8.478578170208,0.0,44742.014,1044.6139999999998,-38301.649,/home/dy1013/sirius_multi-gpu/tpch_pair_scan_audit_runs/pair_scan_20260701_051923/pairs/q16_then_q7
q16_then_q8,q16,0,2123.551,910.55,1213.001,0.4287864995943116,0.5712135004056884,953.418,1450.1779999999999,-237.1769999999999,/home/dy1013/sirius_multi-gpu/tpch_pair_scan_audit_runs/pair_scan_20260701_051923/pairs/q16_then_q8
q16_then_q8,q8,0,6139.245,58146.49600000001,0.0,9.471277982879004,0.0,61362.317,3214.3219999999997,-55221.573000000004,/home/dy1013/sirius_multi-gpu/tpch_pair_scan_audit_runs/pair_scan_20260701_051923/pairs/q16_then_q8
q16_then_q9,q16,0,2183.8639999999996,892.846,1291.0179999999996,0.40883772982200367,0.5911622701779964,934.588,1573.306,-282.28800000000047,/home/dy1013/sirius_multi-gpu/tpch_pair_scan_audit_runs/pair_scan_20260701_051923/pairs/q16_then_q9
q16_then_q9,q9,0,8798.321,66340.34600000002,0.0,7.540114301353635,0.0,69498.139,3567.1779999999994,-61109.20300000002,/home/dy1013/sirius_multi-gpu/tpch_pair_scan_audit_runs/pair_scan_20260701_051923/pairs/q16_then_q9
q18_then_q1,q18,0,5613.024,17197.846999999998,0.0,3.0639183085623714,0.0,18991.364,3259.0250000000005,-14843.847999999998,/home/dy1013/sirius_multi-gpu/tpch_pair_scan_audit_runs/pair_scan_20260701_051923/pairs/q18_then_q1
q18_then_q1,q1,0,2725.677,19266.058,0.0,7.068356962325323,0.0,19557.091,1714.8119999999997,-18255.193,/home/dy1013/sirius_multi-gpu/tpch_pair_scan_audit_runs/pair_scan_20260701_051923/pairs/q18_then_q1
q18_then_q12,q18,0,5360.705,17122.809,0.0,3.1941337939692636,0.0,18820.36,3153.6479999999997,-14915.752,/home/dy1013/sirius_multi-gpu/tpch_pair_scan_audit_runs/pair_scan_20260701_051923/pairs/q18_then_q12
q18_then_q12,q12,0,2673.324,16080.361,0.0,6.015118631336867,0.0,16479.734,487.974,-13895.011,/home/dy1013/sirius_multi-gpu/tpch_pair_scan_audit_runs/pair_scan_20260701_051923/pairs/q18_then_q12
q18_then_q3,q18,0,5146.826,17360.938,0.0,3.3731348213442613,0.0,19058.498,2900.324,-15114.435999999998,/home/dy1013/sirius_multi-gpu/tpch_pair_scan_audit_runs/pair_scan_20260701_051923/pairs/q18_then_q3
q18_then_q3,q3,0,3641.739,25321.494999999995,0.0,6.953132830222044,0.0,25985.85,2642.399,-24322.154999999995,/home/dy1013/sirius_multi-gpu/tpch_pair_scan_audit_runs/pair_scan_20260701_051923/pairs/q18_then_q3
q19_then_q1,q19,0,4846.189,31376.753,0.0,6.474521113394463,0.0,33738.391,1958.744,-28489.307999999997,/home/dy1013/sirius_multi-gpu/tpch_pair_scan_audit_runs/pair_scan_20260701_051923/pairs/q19_then_q1
q19_then_q1,q1,0,2853.456,20881.935,0.0,7.318120552761283,0.0,21143.772,1493.9889999999998,-19522.468,/home/dy1013/sirius_multi-gpu/tpch_pair_scan_audit_runs/pair_scan_20260701_051923/pairs/q19_then_q1
q19_then_q10,q19,0,4840.919000000001,31943.11200000001,0.0,6.598563619841605,0.0,33585.703,1225.085,-28327.278000000006,/home/dy1013/sirius_multi-gpu/tpch_pair_scan_audit_runs/pair_scan_20260701_051923/pairs/q19_then_q10
q19_then_q10,q10,0,4529.8,25874.771,0.0,5.712122168749172,0.0,26395.982,4415.481999999999,-25760.453,/home/dy1013/sirius_multi-gpu/tpch_pair_scan_audit_runs/pair_scan_20260701_051923/pairs/q19_then_q10
q19_then_q11,q19,0,4783.148999999999,34961.55500000001,0.0,7.309317564642041,0.0,36691.22,1159.056,-31337.46200000001,/home/dy1013/sirius_multi-gpu/tpch_pair_scan_audit_runs/pair_scan_20260701_051923/pairs/q19_then_q11
q19_then_q11,q11,0,1282.484,4891.403,0.0,3.8140070363450933,0.0,4904.564,481.06700000000006,-4089.9860000000003,/home/dy1013/sirius_multi-gpu/tpch_pair_scan_audit_runs/pair_scan_20260701_051923/pairs/q19_then_q11
q19_then_q12,q19,0,4709.526999999999,33395.538,0.0,7.091059887755184,0.0,35471.925,996.6579999999999,-29682.669,/home/dy1013/sirius_multi-gpu/tpch_pair_scan_audit_runs/pair_scan_20260701_051923/pairs/q19_then_q12
q19_then_q12,q12,0,2685.833,16553.05,0.0,6.16309725883925,0.0,16910.623,412.392,-14279.608999999999,/home/dy1013/sirius_multi-gpu/tpch_pair_scan_audit_runs/pair_scan_20260701_051923/pairs/q19_then_q12
q19_then_q13,q19,0,4796.388,32486.715,0.0,6.77316242972837,0.0,34206.831,1246.187,-28936.514000000003,/home/dy1013/sirius_multi-gpu/tpch_pair_scan_audit_runs/pair_scan_20260701_051923/pairs/q19_then_q13
q19_then_q13,q13,0,2312.033,8001.66,0.0,3.460876207216766,0.0,8448.341,883.1510000000001,-6572.778,/home/dy1013/sirius_multi-gpu/tpch_pair_scan_audit_runs/pair_scan_20260701_051923/pairs/q19_then_q13
q19_then_q14,q19,0,4753.974999999999,31423.49199999999,0.0,6.609940523456685,0.0,33155.725,1121.028,-27790.54499999999,/home/dy1013/sirius_multi-gpu/tpch_pair_scan_audit_runs/pair_scan_20260701_051923/pairs/q19_then_q14
q19_then_q14,q14,0,3579.4990000000003,29536.503,0.0,8.251574591863275,0.0,30101.037,336.09600000000006,-26293.100000000002,/home/dy1013/sirius_multi-gpu/tpch_pair_scan_audit_runs/pair_scan_20260701_051923/pairs/q19_then_q14
q19_then_q15,q19,0,4713.742,34135.328,0.0,7.24166235657361,0.0,35793.708,1106.3099999999997,-30527.896000000004,/home/dy1013/sirius_multi-gpu/tpch_pair_scan_audit_runs/pair_scan_20260701_051923/pairs/q19_then_q15
q19_then_q15,q15,0,3498.3849999999998,29339.188000000002,0.0,8.386494911223323,0.0,29756.885,1273.02,-27113.823000000004,/home/dy1013/sirius_multi-gpu/tpch_pair_scan_audit_runs/pair_scan_20260701_051923/pairs/q19_then_q15
q19_then_q16,q19,0,4741.669,34321.43199999999,0.0,7.23825977730626,0.0,36071.965,931.4199999999998,-30511.18299999999,/home/dy1013/sirius_multi-gpu/tpch_pair_scan_audit_runs/pair_scan_20260701_051923/pairs/q19_then_q16
q19_then_q16,q16,0,1557.2330000000002,673.8689999999999,883.3640000000003,0.4327348572756934,0.5672651427243066,698.159,1648.4579999999999,-765.0939999999996,/home/dy1013/sirius_multi-gpu/tpch_pair_scan_audit_runs/pair_scan_20260701_051923/pairs/q19_then_q16
q19_then_q17,q19,0,4789.111,34008.606,0.0,7.101235699068157,0.0,35665.3,1279.505,-30499.0,/home/dy1013/sirius_multi-gpu/tpch_pair_scan_audit_runs/pair_scan_20260701_051923/pairs/q19_then_q17
q19_then_q17,q17,0,5367.785,38663.60799999999,0.0,7.202898029634196,0.0,39389.538,910.849,-34206.67199999999,/home/dy1013/sirius_multi-gpu/tpch_pair_scan_audit_runs/pair_scan_20260701_051923/pairs/q19_then_q17
q19_then_q18,q19,0,4847.5599999999995,31966.974000000002,0.0,6.594446278127554,0.0,34026.528,1226.7199999999998,-28346.134000000005,/home/dy1013/sirius_multi-gpu/tpch_pair_scan_audit_runs/pair_scan_20260701_051923/pairs/q19_then_q18
q19_then_q18,q18,0,4165.769,16228.780999999997,0.0,3.895746739677595,0.0,16651.56,2902.8260000000005,-14965.837999999998,/home/dy1013/sirius_multi-gpu/tpch_pair_scan_audit_runs/pair_scan_20260701_051923/pairs/q19_then_q18
q19_then_q2,q19,0,4783.974999999999,32171.224,0.0,6.724789322686679,0.0,33847.494,1180.349,-28567.597999999998,/home/dy1013/sirius_multi-gpu/tpch_pair_scan_audit_runs/pair_scan_20260701_051923/pairs/q19_then_q2
q19_then_q2,q2,0,1525.043,2908.485,0.0,1.9071495033254802,0.0,2928.21,480.7060000000001,-1864.1480000000004,/home/dy1013/sirius_multi-gpu/tpch_pair_scan_audit_runs/pair_scan_20260701_051923/pairs/q19_then_q2
q19_then_q20,q19,0,4773.259,30814.318999999996,0.0,6.455614287848197,0.0,32468.222,1215.3790000000001,-27256.439,/home/dy1013/sirius_multi-gpu/tpch_pair_scan_audit_runs/pair_scan_20260701_051923/pairs/q19_then_q20
q19_then_q20,q20,0,4268.207,30095.048999999995,0.0,7.050981594847671,0.0,30662.203,346.301,-26173.142999999996,/home/dy1013/sirius_multi-gpu/tpch_pair_scan_audit_runs/pair_scan_20260701_051923/pairs/q19_then_q20
q19_then_q21,q19,0,4764.481,33241.251,0.0,6.976888143745352,0.0,34922.638,1190.989,-29667.759,/home/dy1013/sirius_multi-gpu/tpch_pair_scan_audit_runs/pair_scan_20260701_051923/pairs/q19_then_q21
q19_then_q21,q21,0,9214.881,68075.96500000004,0.0,7.387611950713205,0.0,69473.613,9232.432,-68093.51600000003,/home/dy1013/sirius_multi-gpu/tpch_pair_scan_audit_runs/pair_scan_20260701_051923/pairs/q19_then_q21
q19_then_q22,q19,0,4690.622,32528.971999999998,0.0,6.934895201531907,0.0,34225.0,1151.064,-28989.413999999997,/home/dy1013/sirius_multi-gpu/tpch_pair_scan_audit_runs/pair_scan_20260701_051923/pairs/q19_then_q22
q19_then_q22,q22,0,1108.463,1348.21,0.0,1.2162877786628874,0.0,1404.664,603.665,-843.412,/home/dy1013/sirius_multi-gpu/tpch_pair_scan_audit_runs/pair_scan_20260701_051923/pairs/q19_then_q22
q19_then_q3,q19,0,4761.064,35776.184,0.0,7.514325369287201,0.0,37849.193,1101.017,-32116.137000000002,/home/dy1013/sirius_multi-gpu/tpch_pair_scan_audit_runs/pair_scan_20260701_051923/pairs/q19_then_q3
q19_then_q3,q3,0,3663.8250000000003,26500.115999999998,0.0,7.232909868784671,0.0,27037.091,2135.116,-24971.407,/home/dy1013/sirius_multi-gpu/tpch_pair_scan_audit_runs/pair_scan_20260701_051923/pairs/q19_then_q3
q19_then_q4,q19,0,4688.393,32975.90900000001,0.0,7.033520654091926,0.0,34629.05,1200.0,-29487.516000000007,/home/dy1013/sirius_multi-gpu/tpch_pair_scan_audit_runs/pair_scan_20260701_051923/pairs/q19_then_q4
q19_then_q4,q4,0,2328.889,11838.414999999999,0.0,5.083288641064472,0.0,12179.75,964.1890000000001,-10473.714999999998,/home/dy1013/sirius_multi-gpu/tpch_pair_scan_audit_runs/pair_scan_20260701_051923/pairs/q19_then_q4
q19_then_q5,q19,0,4755.188,34066.41700000001,0.0,7.164052609486735,0.0,35850.053,1191.9049999999997,-30503.134000000005,/home/dy1013/sirius_multi-gpu/tpch_pair_scan_audit_runs/pair_scan_20260701_051923/pairs/q19_then_q5
q19_then_q5,q5,0,4418.924,36529.066999999995,0.0,8.266507185912225,0.0,37708.553,2911.508,-35021.651,/home/dy1013/sirius_multi-gpu/tpch_pair_scan_audit_runs/pair_scan_20260701_051923/pairs/q19_then_q5
q19_then_q6,q19,0,4701.805,34196.012,0.0,7.272954110176836,0.0,35896.022,1030.153,-30524.36,/home/dy1013/sirius_multi-gpu/tpch_pair_scan_audit_runs/pair_scan_20260701_051923/pairs/q19_then_q6
q19_then_q6,q6,0,2441.927,14507.974,0.0,5.941198897428137,0.0,14739.268,168.886,-12234.933,/home/dy1013/sirius_multi-gpu/tpch_pair_scan_audit_runs/pair_scan_20260701_051923/pairs/q19_then_q6
q19_then_q7,q19,0,4710.541,35566.504,0.0,7.550407479735342,0.0,37247.982,1319.231,-32175.194,/home/dy1013/sirius_multi-gpu/tpch_pair_scan_audit_runs/pair_scan_20260701_051923/pairs/q19_then_q7
q19_then_q7,q7,0,4887.514,41261.43999999999,0.0,8.442214180869863,0.0,42568.903,1107.1309999999996,-37481.056999999986,/home/dy1013/sirius_multi-gpu/tpch_pair_scan_audit_runs/pair_scan_20260701_051923/pairs/q19_then_q7
q19_then_q8,q19,0,4748.019,33330.901,0.0,7.0199594820492495,0.0,35074.087,1176.485,-29759.367,/home/dy1013/sirius_multi-gpu/tpch_pair_scan_audit_runs/pair_scan_20260701_051923/pairs/q19_then_q8
q19_then_q8,q8,0,6022.036,58117.845,0.0,9.65086309679982,0.0,59818.21,3821.234,-55917.043,/home/dy1013/sirius_multi-gpu/tpch_pair_scan_audit_runs/pair_scan_20260701_051923/pairs/q19_then_q8
q19_then_q9,q19,0,4776.094,31206.479,0.0,6.533891292759313,0.0,33309.704,1222.5959999999998,-27652.981,/home/dy1013/sirius_multi-gpu/tpch_pair_scan_audit_runs/pair_scan_20260701_051923/pairs/q19_then_q9
q19_then_q9,q9,0,8039.796000000001,66972.97299999998,0.0,8.330183129024663,0.0,68877.133,3630.2579999999994,-62563.43499999998,/home/dy1013/sirius_multi-gpu/tpch_pair_scan_audit_runs/pair_scan_20260701_051923/pairs/q19_then_q9
q1_then_q10,q1,0,3867.571,23577.82,0.0,6.096286273736151,0.0,25343.789,2036.237,-21746.486,/home/dy1013/sirius_multi-gpu/tpch_pair_scan_audit_runs/pair_scan_20260701_051923/pairs/q1_then_q10
q1_then_q11,q1,0,3816.5789999999997,22189.506,0.0,5.813977910584322,0.0,23618.464,2012.243,-20385.170000000002,/home/dy1013/sirius_multi-gpu/tpch_pair_scan_audit_runs/pair_scan_20260701_051923/pairs/q1_then_q11
q1_then_q11,q11,0,1219.645,4854.468000000001,0.0,3.980230312918924,0.0,4870.495,427.23699999999997,-4062.060000000001,/home/dy1013/sirius_multi-gpu/tpch_pair_scan_audit_runs/pair_scan_20260701_051923/pairs/q1_then_q11
q1_then_q12,q1,0,3704.5789999999997,22110.058,0.0,5.968305170439071,0.0,23546.872,2002.444,-20407.923,/home/dy1013/sirius_multi-gpu/tpch_pair_scan_audit_runs/pair_scan_20260701_051923/pairs/q1_then_q12
q1_then_q12,q12,0,2693.486,15655.575,0.0,5.812384025756956,0.0,16420.239,412.1350000000001,-13374.224,/home/dy1013/sirius_multi-gpu/tpch_pair_scan_audit_runs/pair_scan_20260701_051923/pairs/q1_then_q12
q1_then_q13,q1,0,3634.628,21103.198000000004,0.0,5.806150725741397,0.0,22861.998,1530.5149999999999,-18999.085000000003,/home/dy1013/sirius_multi-gpu/tpch_pair_scan_audit_runs/pair_scan_20260701_051923/pairs/q1_then_q13
q1_then_q13,q13,0,2229.586,7685.627,0.0,3.4471094633712274,0.0,8095.193,742.336,-6198.377000000001,/home/dy1013/sirius_multi-gpu/tpch_pair_scan_audit_runs/pair_scan_20260701_051923/pairs/q1_then_q13
q1_then_q14,q1,0,3874.032,23121.285,0.0,5.968274139191416,0.0,24895.418,1837.646,-21084.899,/home/dy1013/sirius_multi-gpu/tpch_pair_scan_audit_runs/pair_scan_20260701_051923/pairs/q1_then_q14
q1_then_q14,q14,0,3573.214,31216.195,0.0,8.736167215285734,0.0,31961.069,373.091,-28016.072,/home/dy1013/sirius_multi-gpu/tpch_pair_scan_audit_runs/pair_scan_20260701_051923/pairs/q1_then_q14
q1_then_q15,q1,0,3717.509,21621.215,0.0,5.816049133976541,0.0,23028.299,1766.0890000000002,-19669.795,/home/dy1013/sirius_multi-gpu/tpch_pair_scan_audit_runs/pair_scan_20260701_051923/pairs/q1_then_q15
q1_then_q15,q15,0,3492.024,30282.717000000004,0.0,8.671967031154427,0.0,30917.013,1177.472,-27968.165000000005,/home/dy1013/sirius_multi-gpu/tpch_pair_scan_audit_runs/pair_scan_20260701_051923/pairs/q1_then_q15
q1_then_q16,q1,0,3818.188,22032.969,0.0,5.770530157236888,0.0,23436.597,2513.1349999999993,-20727.916,/home/dy1013/sirius_multi-gpu/tpch_pair_scan_audit_runs/pair_scan_20260701_051923/pairs/q1_then_q16
q1_then_q16,q16,0,1223.072,630.838,592.2339999999999,0.5157815729572748,0.48421842704272516,657.726,1111.735,-519.501,/home/dy1013/sirius_multi-gpu/tpch_pair_scan_audit_runs/pair_scan_20260701_051923/pairs/q1_then_q16
q1_then_q17,q1,0,3874.622,22889.649,0.0,5.907582468689849,0.0,24277.037,1855.658,-20870.685,/home/dy1013/sirius_multi-gpu/tpch_pair_scan_audit_runs/pair_scan_20260701_051923/pairs/q1_then_q17
q1_then_q17,q17,0,5399.670999999999,38072.763,0.0,7.050941251791082,0.0,38897.612,804.997,-33478.089,/home/dy1013/sirius_multi-gpu/tpch_pair_scan_audit_runs/pair_scan_20260701_051923/pairs/q1_then_q17
q1_then_q18,q1,0,3684.301,21790.947,0.0,5.9145403700729124,0.0,23205.902,1769.1879999999996,-19875.834,/home/dy1013/sirius_multi-gpu/tpch_pair_scan_audit_runs/pair_scan_20260701_051923/pairs/q1_then_q18
q1_then_q18,q18,0,4187.578,16853.5,0.0,4.024641451454754,0.0,17516.93,2568.1540000000005,-15234.076,/home/dy1013/sirius_multi-gpu/tpch_pair_scan_audit_runs/pair_scan_20260701_051923/pairs/q1_then_q18
q1_then_q19,q1,0,3731.732,20204.213,0.0,5.414165057940924,0.0,22045.494,2238.918,-18711.399,/home/dy1013/sirius_multi-gpu/tpch_pair_scan_audit_runs/pair_scan_20260701_051923/pairs/q1_then_q19
q1_then_q2,q1,0,3750.4900000000002,20883.647,0.0,5.568244949326621,0.0,22269.639,2760.254,-19893.411,/home/dy1013/sirius_multi-gpu/tpch_pair_scan_audit_runs/pair_scan_20260701_051923/pairs/q1_then_q2
q1_then_q2,q2,0,1554.5310000000002,3028.19,0.0,1.9479765922969692,0.0,3049.766,415.042,-1888.7009999999998,/home/dy1013/sirius_multi-gpu/tpch_pair_scan_audit_runs/pair_scan_20260701_051923/pairs/q1_then_q2
q1_then_q20,q1,0,3704.72,22162.844,0.0,5.982326329655143,0.0,23635.418,2206.095,-20664.219,/home/dy1013/sirius_multi-gpu/tpch_pair_scan_audit_runs/pair_scan_20260701_051923/pairs/q1_then_q20
q1_then_q20,q20,0,4179.1939999999995,28986.255999999994,0.0,6.935848395647581,0.0,29690.242,173.606,-24980.667999999994,/home/dy1013/sirius_multi-gpu/tpch_pair_scan_audit_runs/pair_scan_20260701_051923/pairs/q1_then_q20
q1_then_q21,q1,0,3591.7,20886.91,0.0,5.815327003925717,0.0,22283.493,1872.944,-19168.154,/home/dy1013/sirius_multi-gpu/tpch_pair_scan_audit_runs/pair_scan_20260701_051923/pairs/q1_then_q21
q1_then_q21,q21,0,8924.205,63265.154,0.0,7.089164132827518,0.0,64885.279,8161.1320000000005,-62502.081,/home/dy1013/sirius_multi-gpu/tpch_pair_scan_audit_runs/pair_scan_20260701_051923/pairs/q1_then_q21
q1_then_q22,q1,0,3713.399,19475.568,0.0,5.24467421895681,0.0,21209.546,1614.9789999999998,-17377.148,/home/dy1013/sirius_multi-gpu/tpch_pair_scan_audit_runs/pair_scan_20260701_051923/pairs/q1_then_q22
q1_then_q22,q22,0,1040.17,1031.8090000000002,8.360999999999876,0.9919618908447658,0.00803810915523412,1094.059,449.639,-441.27800000000013,/home/dy1013/sirius_multi-gpu/tpch_pair_scan_audit_runs/pair_scan_20260701_051923/pairs/q1_then_q22
q1_then_q3,q1,0,3683.331,21394.243000000002,0.0,5.808395444232408,0.0,22826.245,2204.674,-19915.586000000003,/home/dy1013/sirius_multi-gpu/tpch_pair_scan_audit_runs/pair_scan_20260701_051923/pairs/q1_then_q3
q1_then_q3,q3,0,3549.522,22368.381999999998,0.0,6.30180120027429,0.0,23140.321,1726.254,-20545.113999999998,/home/dy1013/sirius_multi-gpu/tpch_pair_scan_audit_runs/pair_scan_20260701_051923/pairs/q1_then_q3
q1_then_q4,q1,0,3726.748,22008.05,0.0,5.905430149824995,0.0,23864.508,1851.9250000000002,-20133.227,/home/dy1013/sirius_multi-gpu/tpch_pair_scan_audit_runs/pair_scan_20260701_051923/pairs/q1_then_q4
q1_then_q4,q4,0,2240.425,11388.168,0.0,5.083039155517368,0.0,11795.399,718.7620000000001,-9866.505,/home/dy1013/sirius_multi-gpu/tpch_pair_scan_audit_runs/pair_scan_20260701_051923/pairs/q1_then_q4
q1_then_q5,q1,0,3784.026,20769.833000000002,0.0,5.488818787185924,0.0,22146.913,1931.059,-18916.866,/home/dy1013/sirius_multi-gpu/tpch_pair_scan_audit_runs/pair_scan_20260701_051923/pairs/q1_then_q5
q1_then_q5,q5,0,4478.178,36428.03999999999,0.0,8.134567228011033,0.0,37873.732,2314.4640000000004,-34264.325999999994,/home/dy1013/sirius_multi-gpu/tpch_pair_scan_audit_runs/pair_scan_20260701_051923/pairs/q1_then_q5
q1_then_q6,q1,0,3757.215,21374.740999999998,0.0,5.688985325566942,0.0,22742.742,1842.8970000000002,-19460.423,/home/dy1013/sirius_multi-gpu/tpch_pair_scan_audit_runs/pair_scan_20260701_051923/pairs/q1_then_q6
q1_then_q6,q6,0,2424.194,13524.59,0.0,5.579004815621192,0.0,13893.548,158.692,-11259.088,/home/dy1013/sirius_multi-gpu/tpch_pair_scan_audit_runs/pair_scan_20260701_051923/pairs/q1_then_q6
q1_then_q7,q1,0,3794.8070000000002,19510.722999999998,0.0,5.1414269553102425,0.0,20939.526,1829.9209999999998,-17545.836999999996,/home/dy1013/sirius_multi-gpu/tpch_pair_scan_audit_runs/pair_scan_20260701_051923/pairs/q1_then_q7
q1_then_q7,q7,0,4984.005,43920.831999999995,0.0,8.812357130460342,0.0,45347.269,1114.026,-40050.852999999996,/home/dy1013/sirius_multi-gpu/tpch_pair_scan_audit_runs/pair_scan_20260701_051923/pairs/q1_then_q7
q1_then_q8,q1,0,3817.121,21409.953,0.0,5.608926989739126,0.0,23109.056,1744.3779999999997,-19337.210000000003,/home/dy1013/sirius_multi-gpu/tpch_pair_scan_audit_runs/pair_scan_20260701_051923/pairs/q1_then_q8
q1_then_q8,q8,0,6006.85,59526.565,0.0,9.909780500595154,0.0,61523.655,3084.1220000000003,-56603.83700000001,/home/dy1013/sirius_multi-gpu/tpch_pair_scan_audit_runs/pair_scan_20260701_051923/pairs/q1_then_q8
q1_then_q9,q1,0,3552.5570000000002,19313.733999999997,0.0,5.4365725870126775,0.0,20710.609,1575.3400000000001,-17336.516999999996,/home/dy1013/sirius_multi-gpu/tpch_pair_scan_audit_runs/pair_scan_20260701_051923/pairs/q1_then_q9
q1_then_q9,q9,0,8534.449999999999,62210.14299999998,0.0,7.289297259928875,0.0,64269.455,3521.947,-57197.639999999985,/home/dy1013/sirius_multi-gpu/tpch_pair_scan_audit_runs/pair_scan_20260701_051923/pairs/q1_then_q9
q20_then_q1,q20,0,5116.584,29875.785999999996,0.0,5.839010167721276,0.0,31632.608,220.60200000000003,-24979.803999999996,/home/dy1013/sirius_multi-gpu/tpch_pair_scan_audit_runs/pair_scan_20260701_051923/pairs/q20_then_q1
q20_then_q1,q1,0,3037.47,19708.542999999998,0.0,6.488473301793927,0.0,19979.275,1578.129,-18249.201999999997,/home/dy1013/sirius_multi-gpu/tpch_pair_scan_audit_runs/pair_scan_20260701_051923/pairs/q20_then_q1
q20_then_q10,q20,0,5200.553,29378.912,0.0,5.649189999601965,0.0,31211.045,234.45,-24412.809,/home/dy1013/sirius_multi-gpu/tpch_pair_scan_audit_runs/pair_scan_20260701_051923/pairs/q20_then_q10
q20_then_q10,q10,0,4551.243,25745.208,0.0,5.656742125173276,0.0,26269.63,3871.193,-25065.157999999996,/home/dy1013/sirius_multi-gpu/tpch_pair_scan_audit_runs/pair_scan_20260701_051923/pairs/q20_then_q10
q20_then_q11,q20,0,5241.625,29754.263,0.0,5.676534090096106,0.0,32269.425,274.831,-24787.468999999997,/home/dy1013/sirius_multi-gpu/tpch_pair_scan_audit_runs/pair_scan_20260701_051923/pairs/q20_then_q11
q20_then_q11,q11,0,1220.2379999999998,5341.8009999999995,0.0,4.377671405086549,0.0,5354.276,261.65199999999993,-4383.215,/home/dy1013/sirius_multi-gpu/tpch_pair_scan_audit_runs/pair_scan_20260701_051923/pairs/q20_then_q11
q20_then_q12,q20,0,5150.456,29638.264000000003,0.0,5.754493194389002,0.0,31728.159,232.40500000000003,-24720.213000000003,/home/dy1013/sirius_multi-gpu/tpch_pair_scan_audit_runs/pair_scan_20260701_051923/pairs/q20_then_q12
q20_then_q12,q12,0,2641.239,14916.599000000002,0.0,5.647576383659336,0.0,15250.354,347.837,-12623.197000000002,/home/dy1013/sirius_multi-gpu/tpch_pair_scan_audit_runs/pair_scan_20260701_051923/pairs/q20_then_q12
q20_then_q13,q20,0,5126.629999999999,32347.592,0.0,6.30971847002807,0.0,34111.881,241.994,-27462.956,/home/dy1013/sirius_multi-gpu/tpch_pair_scan_audit_runs/pair_scan_20260701_051923/pairs/q20_then_q13
q20_then_q13,q13,0,2340.1420000000003,8866.797999999999,0.0,3.788999983761668,0.0,9290.777,786.389,-7313.044999999999,/home/dy1013/sirius_multi-gpu/tpch_pair_scan_audit_runs/pair_scan_20260701_051923/pairs/q20_then_q13
q20_then_q14,q20,0,5144.335,31414.100000000006,0.0,6.10654243940179,0.0,33186.569,310.51399999999995,-26580.279000000006,/home/dy1013/sirius_multi-gpu/tpch_pair_scan_audit_runs/pair_scan_20260701_051923/pairs/q20_then_q14
q20_then_q14,q14,0,3633.187,27981.602,0.0,7.701668535090541,0.0,28527.847,488.78299999999996,-24837.198,/home/dy1013/sirius_multi-gpu/tpch_pair_scan_audit_runs/pair_scan_20260701_051923/pairs/q20_then_q14
q20_then_q15,q20,0,5225.619,30293.557,0.0,5.797123173350373,0.0,32615.995,287.914,-25355.852000000003,/home/dy1013/sirius_multi-gpu/tpch_pair_scan_audit_runs/pair_scan_20260701_051923/pairs/q20_then_q15
q20_then_q15,q15,0,3522.339,27590.475000000002,0.0,7.832998186716271,0.0,27971.296,1332.615,-25400.751000000004,/home/dy1013/sirius_multi-gpu/tpch_pair_scan_audit_runs/pair_scan_20260701_051923/pairs/q20_then_q15
q20_then_q16,q20,0,5071.028,31062.405000000002,0.0,6.125465093073831,0.0,32807.298,368.0370000000001,-26359.414,/home/dy1013/sirius_multi-gpu/tpch_pair_scan_audit_runs/pair_scan_20260701_051923/pairs/q20_then_q16
q20_then_q16,q16,0,1424.078,808.339,615.7389999999999,0.5676227004419703,0.4323772995580298,832.175,1534.4429999999998,-918.7039999999998,/home/dy1013/sirius_multi-gpu/tpch_pair_scan_audit_runs/pair_scan_20260701_051923/pairs/q20_then_q16
q20_then_q17,q20,0,5205.476,32860.164,0.0,6.312614638891813,0.0,35029.633,298.222,-27952.91,/home/dy1013/sirius_multi-gpu/tpch_pair_scan_audit_runs/pair_scan_20260701_051923/pairs/q20_then_q17
q20_then_q17,q17,0,5793.036,41742.818999999996,0.0,7.205689555528395,0.0,42468.193,1148.9089999999999,-37098.691999999995,/home/dy1013/sirius_multi-gpu/tpch_pair_scan_audit_runs/pair_scan_20260701_051923/pairs/q20_then_q17
q20_then_q18,q20,0,5124.571000000001,29705.025999999998,0.0,5.796587850963523,0.0,31442.417,224.296,-24804.750999999997,/home/dy1013/sirius_multi-gpu/tpch_pair_scan_audit_runs/pair_scan_20260701_051923/pairs/q20_then_q18
q20_then_q18,q18,0,4197.009999999999,17136.31,0.0,4.0829805027865085,0.0,17620.523,2535.106,-15474.406000000003,/home/dy1013/sirius_multi-gpu/tpch_pair_scan_audit_runs/pair_scan_20260701_051923/pairs/q20_then_q18
q20_then_q19,q20,0,5199.0,30263.237999999998,0.0,5.820972879399884,0.0,32017.464,326.26699999999994,-25390.504999999997,/home/dy1013/sirius_multi-gpu/tpch_pair_scan_audit_runs/pair_scan_20260701_051923/pairs/q20_then_q19
q20_then_q19,q19,0,4012.3749999999995,33944.63,0.0,8.459984423190754,0.0,34420.104,1833.5339999999999,-31765.788999999997,/home/dy1013/sirius_multi-gpu/tpch_pair_scan_audit_runs/pair_scan_20260701_051923/pairs/q20_then_q19
q20_then_q2,q20,0,5154.217,29075.459,0.0,5.6411010634593,0.0,30832.205,225.621,-24146.862999999998,/home/dy1013/sirius_multi-gpu/tpch_pair_scan_audit_runs/pair_scan_20260701_051923/pairs/q20_then_q2
q20_then_q2,q2,0,1563.709,2851.179,0.0,1.8233437295558188,0.0,2868.245,412.091,-1699.5610000000001,/home/dy1013/sirius_multi-gpu/tpch_pair_scan_audit_runs/pair_scan_20260701_051923/pairs/q20_then_q2
q20_then_q21,q20,0,5239.356,30876.672999999995,0.0,5.893219128457772,0.0,33018.511,308.308,-25945.624999999996,/home/dy1013/sirius_multi-gpu/tpch_pair_scan_audit_runs/pair_scan_20260701_051923/pairs/q20_then_q21
q20_then_q21,q21,0,9397.541000000001,66873.153,0.0,7.116026735078889,0.0,68213.8,8523.544000000002,-65999.15600000002,/home/dy1013/sirius_multi-gpu/tpch_pair_scan_audit_runs/pair_scan_20260701_051923/pairs/q20_then_q21
q20_then_q22,q20,0,5249.598,29954.766999999996,0.0,5.706106829513421,0.0,31660.301,321.10900000000004,-25026.277999999995,/home/dy1013/sirius_multi-gpu/tpch_pair_scan_audit_runs/pair_scan_20260701_051923/pairs/q20_then_q22
q20_then_q22,q22,0,1130.66,1392.406,0.0,1.2314984168538727,0.0,1455.93,508.819,-770.5649999999998,/home/dy1013/sirius_multi-gpu/tpch_pair_scan_audit_runs/pair_scan_20260701_051923/pairs/q20_then_q22
q20_then_q3,q20,0,5210.398999999999,32491.468999999997,0.0,6.235888844597122,0.0,34622.491,354.95500000000004,-27636.025,/home/dy1013/sirius_multi-gpu/tpch_pair_scan_audit_runs/pair_scan_20260701_051923/pairs/q20_then_q3
q20_then_q3,q3,0,3625.696,21055.434,0.0,5.807280588333937,0.0,21606.918,2629.9989999999993,-20059.737,/home/dy1013/sirius_multi-gpu/tpch_pair_scan_audit_runs/pair_scan_20260701_051923/pairs/q20_then_q3
q20_then_q4,q20,0,5209.495000000001,29165.025000000005,0.0,5.598436124806724,0.0,31654.088,310.26400000000007,-24265.794000000005,/home/dy1013/sirius_multi-gpu/tpch_pair_scan_audit_runs/pair_scan_20260701_051923/pairs/q20_then_q4
q20_then_q4,q4,0,2249.0969999999998,12950.378999999999,0.0,5.75803489133639,0.0,13255.605,865.4859999999999,-11566.768,/home/dy1013/sirius_multi-gpu/tpch_pair_scan_audit_runs/pair_scan_20260701_051923/pairs/q20_then_q4
q20_then_q5,q20,0,5101.562999999999,28869.049,0.0,5.658863567890861,0.0,30667.384,270.96799999999996,-24038.454,/home/dy1013/sirius_multi-gpu/tpch_pair_scan_audit_runs/pair_scan_20260701_051923/pairs/q20_then_q5
q20_then_q5,q5,0,4741.717000000001,37604.562,0.0,7.930579155187877,0.0,38788.324,2621.2650000000003,-35484.11,/home/dy1013/sirius_multi-gpu/tpch_pair_scan_audit_runs/pair_scan_20260701_051923/pairs/q20_then_q5
q20_then_q6,q20,0,5188.0,31391.324999999993,0.0,6.050756553585195,0.0,33533.46,252.94100000000003,-26456.265999999992,/home/dy1013/sirius_multi-gpu/tpch_pair_scan_audit_runs/pair_scan_20260701_051923/pairs/q20_then_q6
q20_then_q6,q6,0,2444.802,15147.374999999996,0.0,6.1957471402592095,0.0,15344.507,184.82999999999998,-12887.402999999997,/home/dy1013/sirius_multi-gpu/tpch_pair_scan_audit_runs/pair_scan_20260701_051923/pairs/q20_then_q6
q20_then_q7,q20,0,5107.445000000001,33460.534999999996,0.0,6.551325564935108,0.0,35244.597,255.76000000000002,-28608.849999999995,/home/dy1013/sirius_multi-gpu/tpch_pair_scan_audit_runs/pair_scan_20260701_051923/pairs/q20_then_q7
q20_then_q7,q7,0,5002.329,44191.919,0.0,8.834268797594081,0.0,45511.65,1233.847,-40423.437000000005,/home/dy1013/sirius_multi-gpu/tpch_pair_scan_audit_runs/pair_scan_20260701_051923/pairs/q20_then_q7
q20_then_q8,q20,0,5186.198,29776.279000000006,0.0,5.741446624290088,0.0,31802.385,253.73399999999998,-24843.815000000006,/home/dy1013/sirius_multi-gpu/tpch_pair_scan_audit_runs/pair_scan_20260701_051923/pairs/q20_then_q8
q20_then_q8,q8,0,6169.494000000001,56847.929000000004,0.0,9.21435842226283,0.0,58655.664,3065.9429999999998,-53744.378000000004,/home/dy1013/sirius_multi-gpu/tpch_pair_scan_audit_runs/pair_scan_20260701_051923/pairs/q20_then_q8
q20_then_q9,q20,0,5247.299,29665.992000000002,0.0,5.653573771953914,0.0,31556.438,286.365,-24705.058000000005,/home/dy1013/sirius_multi-gpu/tpch_pair_scan_audit_runs/pair_scan_20260701_051923/pairs/q20_then_q9
q20_then_q9,q9,0,11340.628,62345.356999999996,0.0,5.497522447610485,0.0,64207.109,3834.787,-54839.51599999999,/home/dy1013/sirius_multi-gpu/tpch_pair_scan_audit_runs/pair_scan_20260701_051923/pairs/q20_then_q9
q21_then_q1,q21,0,10407.889000000001,69228.21100000001,0.0,6.651513193501583,0.0,72358.616,8683.086,-67503.40800000001,/home/dy1013/sirius_multi-gpu/tpch_pair_scan_audit_runs/pair_scan_20260701_051923/pairs/q21_then_q1
q21_then_q1,q1,0,2924.339,19820.322000000004,0.0,6.777710108164616,0.0,20082.87,1663.008,-18558.991000000005,/home/dy1013/sirius_multi-gpu/tpch_pair_scan_audit_runs/pair_scan_20260701_051923/pairs/q21_then_q1
q21_then_q10,q21,0,10000.479000000001,64875.72,0.0,6.487261260185637,0.0,67500.461,8209.173,-63084.414000000004,/home/dy1013/sirius_multi-gpu/tpch_pair_scan_audit_runs/pair_scan_20260701_051923/pairs/q21_then_q10
q21_then_q10,q10,0,4568.582,25877.794,0.0,5.664294522895726,0.0,26445.255,2972.481,-24281.693,/home/dy1013/sirius_multi-gpu/tpch_pair_scan_audit_runs/pair_scan_20260701_051923/pairs/q21_then_q10
q21_then_q11,q21,0,10099.348000000002,65269.30199999998,0.0,6.462724326362451,0.0,68036.652,8986.696,-64156.64999999998,/home/dy1013/sirius_multi-gpu/tpch_pair_scan_audit_runs/pair_scan_20260701_051923/pairs/q21_then_q11
q21_then_q11,q11,0,1241.348,4789.344,0.0,3.858179978539459,0.0,4802.139,296.049,-3844.045,/home/dy1013/sirius_multi-gpu/tpch_pair_scan_audit_runs/pair_scan_20260701_051923/pairs/q21_then_q11
q21_then_q12,q21,0,10275.359,65853.47700000001,0.0,6.408873597506424,0.0,68838.811,8945.097,-64523.21500000002,/home/dy1013/sirius_multi-gpu/tpch_pair_scan_audit_runs/pair_scan_20260701_051923/pairs/q21_then_q12
q21_then_q12,q12,0,2682.9100000000003,15575.195000000002,0.0,5.805336369837229,0.0,15931.768,537.299,-13429.584000000003,/home/dy1013/sirius_multi-gpu/tpch_pair_scan_audit_runs/pair_scan_20260701_051923/pairs/q21_then_q12
q21_then_q13,q21,0,10087.187,68299.77900000001,0.0,6.770944069937437,0.0,70973.072,10074.241,-68286.83300000001,/home/dy1013/sirius_multi-gpu/tpch_pair_scan_audit_runs/pair_scan_20260701_051923/pairs/q21_then_q13
q21_then_q13,q13,0,2289.559,8599.117,0.0,3.7557962035483685,0.0,9015.248,804.231,-7113.789,/home/dy1013/sirius_multi-gpu/tpch_pair_scan_audit_runs/pair_scan_20260701_051923/pairs/q21_then_q13
q21_then_q14,q21,0,10128.190999999999,68303.09999999998,0.0,6.743859787004411,0.0,70870.823,9578.294,-67753.20299999998,/home/dy1013/sirius_multi-gpu/tpch_pair_scan_audit_runs/pair_scan_20260701_051923/pairs/q21_then_q14
q21_then_q14,q14,0,3560.695,28735.155000000002,0.0,8.07009727033627,0.0,29269.033,371.54699999999997,-25546.007,/home/dy1013/sirius_multi-gpu/tpch_pair_scan_audit_runs/pair_scan_20260701_051923/pairs/q21_then_q14
q21_then_q15,q21,0,10225.236,65779.72400000002,0.0,6.433076361269316,0.0,68306.534,9650.483,-65204.97100000001,/home/dy1013/sirius_multi-gpu/tpch_pair_scan_audit_runs/pair_scan_20260701_051923/pairs/q21_then_q15
q21_then_q15,q15,0,3490.253,27139.383,0.0,7.775763819986689,0.0,27521.031,1127.1589999999999,-24776.289,/home/dy1013/sirius_multi-gpu/tpch_pair_scan_audit_runs/pair_scan_20260701_051923/pairs/q21_then_q15
q21_then_q16,q21,0,10175.765,64618.445,0.0,6.350229687890788,0.0,67139.625,10171.813,-64614.493,/home/dy1013/sirius_multi-gpu/tpch_pair_scan_audit_runs/pair_scan_20260701_051923/pairs/q21_then_q16
q21_then_q16,q16,0,1416.328,818.6139999999999,597.714,0.5779833484898977,0.4220166515101022,841.911,1521.935,-924.2209999999999,/home/dy1013/sirius_multi-gpu/tpch_pair_scan_audit_runs/pair_scan_20260701_051923/pairs/q21_then_q16
q21_then_q17,q21,0,10110.207,68504.43799999998,0.0,6.7757700707809425,0.0,71071.387,9348.732999999998,-67742.96399999998,/home/dy1013/sirius_multi-gpu/tpch_pair_scan_audit_runs/pair_scan_20260701_051923/pairs/q21_then_q17
q21_then_q17,q17,0,5497.117,43204.577,0.0,7.85949744202279,0.0,43913.866,1031.194,-38738.654,/home/dy1013/sirius_multi-gpu/tpch_pair_scan_audit_runs/pair_scan_20260701_051923/pairs/q21_then_q17
q21_then_q18,q21,0,10156.459,67689.968,0.0,6.664721237982646,0.0,70666.288,8616.427000000001,-66149.93599999999,/home/dy1013/sirius_multi-gpu/tpch_pair_scan_audit_runs/pair_scan_20260701_051923/pairs/q21_then_q18
q21_then_q18,q18,0,4206.6720000000005,18740.371000000006,0.0,4.454916142737063,0.0,19121.684,2758.88,-17292.579000000005,/home/dy1013/sirius_multi-gpu/tpch_pair_scan_audit_runs/pair_scan_20260701_051923/pairs/q21_then_q18
q21_then_q19,q21,0,10150.865,65974.56100000002,0.0,6.499402858771151,0.0,68575.295,10220.151,-66043.84700000002,/home/dy1013/sirius_multi-gpu/tpch_pair_scan_audit_runs/pair_scan_20260701_051923/pairs/q21_then_q19
q21_then_q19,q19,0,4020.628,34257.966,0.0,8.520551018398121,0.0,34714.21,1006.7180000000001,-31244.056,/home/dy1013/sirius_multi-gpu/tpch_pair_scan_audit_runs/pair_scan_20260701_051923/pairs/q21_then_q19
q21_then_q2,q21,0,10399.571,67647.27799999999,0.0,6.504814285127722,0.0,70948.43,9541.668999999998,-66789.37599999999,/home/dy1013/sirius_multi-gpu/tpch_pair_scan_audit_runs/pair_scan_20260701_051923/pairs/q21_then_q2
q21_then_q2,q2,0,1625.511,2945.1180000000004,0.0,1.81181056295528,0.0,2967.78,511.5060000000001,-1831.1130000000005,/home/dy1013/sirius_multi-gpu/tpch_pair_scan_audit_runs/pair_scan_20260701_051923/pairs/q21_then_q2
q21_then_q20,q21,0,10118.539,67000.96,0.0,6.62160416637224,0.0,69987.676,9842.598,-66725.019,/home/dy1013/sirius_multi-gpu/tpch_pair_scan_audit_runs/pair_scan_20260701_051923/pairs/q21_then_q20
q21_then_q20,q20,0,4308.156,30634.143000000004,0.0,7.110732062627259,0.0,31157.569,284.978,-26610.965000000004,/home/dy1013/sirius_multi-gpu/tpch_pair_scan_audit_runs/pair_scan_20260701_051923/pairs/q21_then_q20
q21_then_q22,q21,0,10275.992,69098.549,0.0,6.724270415936486,0.0,72032.663,9839.857,-68662.414,/home/dy1013/sirius_multi-gpu/tpch_pair_scan_audit_runs/pair_scan_20260701_051923/pairs/q21_then_q22
q21_then_q22,q22,0,1080.055,1362.096,0.0,1.2611357754929147,0.0,1422.881,390.03,-672.0709999999999,/home/dy1013/sirius_multi-gpu/tpch_pair_scan_audit_runs/pair_scan_20260701_051923/pairs/q21_then_q22
q21_then_q3,q21,0,10158.116,69192.52300000002,0.0,6.811550783629564,0.0,71823.041,8422.735999999999,-67457.14300000001,/home/dy1013/sirius_multi-gpu/tpch_pair_scan_audit_runs/pair_scan_20260701_051923/pairs/q21_then_q3
q21_then_q3,q3,0,3662.009,23886.615,0.0,6.522817120329306,0.0,24459.671,1839.657,-22064.263,/home/dy1013/sirius_multi-gpu/tpch_pair_scan_audit_runs/pair_scan_20260701_051923/pairs/q21_then_q3
q21_then_q4,q21,0,10130.26,66156.12900000002,0.0,6.530546007703654,0.0,68795.877,10485.342999999999,-66511.21200000001,/home/dy1013/sirius_multi-gpu/tpch_pair_scan_audit_runs/pair_scan_20260701_051923/pairs/q21_then_q4
q21_then_q4,q4,0,2311.3269999999998,12756.161000000002,0.0,5.518977193620809,0.0,13050.946,856.8550000000001,-11301.689000000002,/home/dy1013/sirius_multi-gpu/tpch_pair_scan_audit_runs/pair_scan_20260701_051923/pairs/q21_then_q4
q21_then_q5,q21,0,10284.288,69179.289,0.0,6.726696976980808,0.0,71694.782,8645.890000000001,-67540.891,/home/dy1013/sirius_multi-gpu/tpch_pair_scan_audit_runs/pair_scan_20260701_051923/pairs/q21_then_q5
q21_then_q5,q5,0,4591.427000000001,37349.325,0.0,8.134578857509874,0.0,38475.613,2679.8360000000002,-35437.734,/home/dy1013/sirius_multi-gpu/tpch_pair_scan_audit_runs/pair_scan_20260701_051923/pairs/q21_then_q5
q21_then_q6,q21,0,10171.178,66437.10499999998,0.0,6.531898763348747,0.0,68984.808,9328.665,-65594.59199999998,/home/dy1013/sirius_multi-gpu/tpch_pair_scan_audit_runs/pair_scan_20260701_051923/pairs/q21_then_q6
q21_then_q6,q6,0,2521.674,15370.311000000002,0.0,6.095280753975336,0.0,15585.473,203.60700000000003,-13052.244000000002,/home/dy1013/sirius_multi-gpu/tpch_pair_scan_audit_runs/pair_scan_20260701_051923/pairs/q21_then_q6
q21_then_q7,q21,0,10204.753,67594.985,0.0,6.6238727189183315,0.0,70149.221,8877.164,-66267.39600000001,/home/dy1013/sirius_multi-gpu/tpch_pair_scan_audit_runs/pair_scan_20260701_051923/pairs/q21_then_q7
q21_then_q7,q7,0,4869.773999999999,41161.682,0.0,8.452483010505212,0.0,42399.001,1186.457,-37478.365000000005,/home/dy1013/sirius_multi-gpu/tpch_pair_scan_audit_runs/pair_scan_20260701_051923/pairs/q21_then_q7
q21_then_q8,q21,0,10157.577,65796.246,0.0,6.477553259010491,0.0,68437.389,9830.459,-65469.128000000004,/home/dy1013/sirius_multi-gpu/tpch_pair_scan_audit_runs/pair_scan_20260701_051923/pairs/q21_then_q8
q21_then_q8,q8,0,6314.319,60655.767,0.0,9.606066307388017,0.0,62411.234,3700.9980000000005,-58042.445999999996,/home/dy1013/sirius_multi-gpu/tpch_pair_scan_audit_runs/pair_scan_20260701_051923/pairs/q21_then_q8
q21_then_q9,q21,0,10150.380000000001,69142.09300000001,0.0,6.811773844920092,0.0,72159.667,9616.064,-68607.777,/home/dy1013/sirius_multi-gpu/tpch_pair_scan_audit_runs/pair_scan_20260701_051923/pairs/q21_then_q9
q21_then_q9,q9,0,8599.604,68141.10399999998,0.0,7.923749047049141,0.0,69983.758,3110.7479999999996,-62652.24799999998,/home/dy1013/sirius_multi-gpu/tpch_pair_scan_audit_runs/pair_scan_20260701_051923/pairs/q21_then_q9
q22_then_q1,q22,0,1898.334,1491.4479999999999,406.8860000000002,0.7856615326912966,0.2143384673087034,1576.85,503.555,-96.66899999999981,/home/dy1013/sirius_multi-gpu/tpch_pair_scan_audit_runs/pair_scan_20260701_051923/pairs/q22_then_q1
q22_then_q1,q1,0,3015.1020000000003,18583.515,0.0,6.163478051488805,0.0,20233.978,1734.8809999999996,-17303.293999999998,/home/dy1013/sirius_multi-gpu/tpch_pair_scan_audit_runs/pair_scan_20260701_051923/pairs/q22_then_q1
q22_then_q10,q22,0,1919.135,1479.601,439.5339999999999,0.770972860168774,0.229027139831226,1564.13,647.6129999999999,-208.07900000000006,/home/dy1013/sirius_multi-gpu/tpch_pair_scan_audit_runs/pair_scan_20260701_051923/pairs/q22_then_q10
q22_then_q10,q10,0,4489.509,25537.838000000003,0.0,5.688336519650591,0.0,27211.496,3934.406,-24982.735000000004,/home/dy1013/sirius_multi-gpu/tpch_pair_scan_audit_runs/pair_scan_20260701_051923/pairs/q22_then_q10
q22_then_q11,q22,0,1919.0,1124.9650000000001,794.0349999999999,0.5862245961438249,0.413775403856175,1209.761,657.4060000000001,136.6289999999998,/home/dy1013/sirius_multi-gpu/tpch_pair_scan_audit_runs/pair_scan_20260701_051923/pairs/q22_then_q11
q22_then_q11,q11,0,1231.371,4359.359,0.0,3.540248227382324,0.0,4394.879,491.62600000000003,-3619.6140000000005,/home/dy1013/sirius_multi-gpu/tpch_pair_scan_audit_runs/pair_scan_20260701_051923/pairs/q22_then_q11
q22_then_q12,q22,0,1909.212,1398.751,510.461,0.7326326253972844,0.2673673746027157,1494.092,686.606,-176.14499999999998,/home/dy1013/sirius_multi-gpu/tpch_pair_scan_audit_runs/pair_scan_20260701_051923/pairs/q22_then_q12
q22_then_q12,q12,0,2805.971,16625.880999999998,0.0,5.925179198216944,0.0,18352.077,477.335,-14297.244999999997,/home/dy1013/sirius_multi-gpu/tpch_pair_scan_audit_runs/pair_scan_20260701_051923/pairs/q22_then_q12
q22_then_q13,q22,0,1815.2079999999999,1073.435,741.7729999999999,0.5913564726466609,0.4086435273533391,1158.205,385.4699999999999,356.303,/home/dy1013/sirius_multi-gpu/tpch_pair_scan_audit_runs/pair_scan_20260701_051923/pairs/q22_then_q13
q22_then_q13,q13,0,2261.595,7205.535,0.0,3.1860412673356637,0.0,7670.291,736.4879999999998,-5680.428,/home/dy1013/sirius_multi-gpu/tpch_pair_scan_audit_runs/pair_scan_20260701_051923/pairs/q22_then_q13
q22_then_q14,q22,0,1968.618,1469.5389999999998,499.0790000000002,0.7464825578146699,0.2535174421853301,1561.954,749.2609999999999,-250.18199999999968,/home/dy1013/sirius_multi-gpu/tpch_pair_scan_audit_runs/pair_scan_20260701_051923/pairs/q22_then_q14
q22_then_q14,q14,0,3723.881,30689.124000000007,0.0,8.24116667530461,0.0,32444.006,398.27699999999993,-27363.520000000004,/home/dy1013/sirius_multi-gpu/tpch_pair_scan_audit_runs/pair_scan_20260701_051923/pairs/q22_then_q14
q22_then_q15,q22,0,2029.64,1349.443,680.1970000000001,0.6648681539583374,0.33513184604166263,1438.427,605.828,74.36900000000014,/home/dy1013/sirius_multi-gpu/tpch_pair_scan_audit_runs/pair_scan_20260701_051923/pairs/q22_then_q15
q22_then_q15,q15,0,3601.7169999999996,27033.835999999996,0.0,7.505819030201429,0.0,28604.586,901.3300000000002,-24333.448999999997,/home/dy1013/sirius_multi-gpu/tpch_pair_scan_audit_runs/pair_scan_20260701_051923/pairs/q22_then_q15
q22_then_q16,q22,0,1957.614,1405.506,552.108,0.7179689152202631,0.28203108477973693,1494.131,703.294,-151.18600000000004,/home/dy1013/sirius_multi-gpu/tpch_pair_scan_audit_runs/pair_scan_20260701_051923/pairs/q22_then_q16
q22_then_q16,q16,0,1456.212,816.49,639.722,0.5606944593232304,0.4393055406767696,875.473,1437.743,-798.021,/home/dy1013/sirius_multi-gpu/tpch_pair_scan_audit_runs/pair_scan_20260701_051923/pairs/q22_then_q16
q22_then_q17,q22,0,1826.2160000000001,1056.455,769.7610000000002,0.5784940007096641,0.42150599929033594,1139.356,339.80499999999995,429.95600000000024,/home/dy1013/sirius_multi-gpu/tpch_pair_scan_audit_runs/pair_scan_20260701_051923/pairs/q22_then_q17
q22_then_q17,q17,0,5670.164,38413.682,0.0,6.774703870999146,0.0,40332.621,1041.005,-33784.523,/home/dy1013/sirius_multi-gpu/tpch_pair_scan_audit_runs/pair_scan_20260701_051923/pairs/q22_then_q17
q22_then_q18,q22,0,1876.633,1435.5040000000001,441.1289999999999,0.7649359251382662,0.2350640748617337,1523.102,564.7249999999999,-123.596,/home/dy1013/sirius_multi-gpu/tpch_pair_scan_audit_runs/pair_scan_20260701_051923/pairs/q22_then_q18
q22_then_q18,q18,0,4388.696000000001,18046.163,0.0,4.111964692929289,0.0,19722.465,2298.5519999999997,-15956.019,/home/dy1013/sirius_multi-gpu/tpch_pair_scan_audit_runs/pair_scan_20260701_051923/pairs/q22_then_q18
q22_then_q19,q22,0,2007.4019999999998,1401.759,605.6429999999998,0.6982951097986353,0.30170489020136465,1489.623,556.897,48.74599999999975,/home/dy1013/sirius_multi-gpu/tpch_pair_scan_audit_runs/pair_scan_20260701_051923/pairs/q22_then_q19
q22_then_q19,q19,0,3912.618,30003.295000000002,0.0,7.668342526666289,0.0,31771.656,1220.7749999999999,-27311.452000000005,/home/dy1013/sirius_multi-gpu/tpch_pair_scan_audit_runs/pair_scan_20260701_051923/pairs/q22_then_q19
q22_then_q2,q22,0,1848.438,1367.227,481.211,0.7396661397352792,0.2603338602647208,1454.805,523.198,-41.986999999999966,/home/dy1013/sirius_multi-gpu/tpch_pair_scan_audit_runs/pair_scan_20260701_051923/pairs/q22_then_q2
q22_then_q2,q2,0,1492.162,2450.075,0.0,1.641963138050694,0.0,2494.868,444.644,-1402.5569999999998,/home/dy1013/sirius_multi-gpu/tpch_pair_scan_audit_runs/pair_scan_20260701_051923/pairs/q22_then_q2
q22_then_q20,q22,0,1947.438,1298.87,648.5680000000002,0.6669634668728862,0.3330365331271138,1387.743,665.2979999999999,-16.729999999999677,/home/dy1013/sirius_multi-gpu/tpch_pair_scan_audit_runs/pair_scan_20260701_051923/pairs/q22_then_q20
q22_then_q20,q20,0,4273.43,34953.783,0.0,8.179327378709843,0.0,36732.608,193.95599999999996,-30874.309,/home/dy1013/sirius_multi-gpu/tpch_pair_scan_audit_runs/pair_scan_20260701_051923/pairs/q22_then_q20
q22_then_q21,q22,0,2010.3819999999998,1190.4950000000001,819.8869999999997,0.5921735272202,0.40782647277979994,1288.857,529.0200000000001,290.8669999999996,/home/dy1013/sirius_multi-gpu/tpch_pair_scan_audit_runs/pair_scan_20260701_051923/pairs/q22_then_q21
q22_then_q3,q22,0,1927.8059999999998,1227.717,700.0889999999997,0.6368467574019379,0.36315324259806214,1316.95,478.23599999999993,221.85299999999978,/home/dy1013/sirius_multi-gpu/tpch_pair_scan_audit_runs/pair_scan_20260701_051923/pairs/q22_then_q3
q22_then_q3,q3,0,3751.92,24613.322,0.0,6.560193714151688,0.0,26383.77,1673.4280000000003,-22534.83,/home/dy1013/sirius_multi-gpu/tpch_pair_scan_audit_runs/pair_scan_20260701_051923/pairs/q22_then_q3
q22_then_q4,q22,0,1929.52,1122.473,807.047,0.5817369086612214,0.4182630913387786,1211.928,748.7409999999999,58.306000000000154,/home/dy1013/sirius_multi-gpu/tpch_pair_scan_audit_runs/pair_scan_20260701_051923/pairs/q22_then_q4
q22_then_q4,q4,0,2539.998,13272.760000000002,0.0,5.225500177559196,0.0,15154.543,714.747,-11447.509000000002,/home/dy1013/sirius_multi-gpu/tpch_pair_scan_audit_runs/pair_scan_20260701_051923/pairs/q22_then_q4
q22_then_q5,q22,0,1916.72,1310.576,606.144,0.6837597562502609,0.31624024374973914,1400.986,758.14,-151.99599999999998,/home/dy1013/sirius_multi-gpu/tpch_pair_scan_audit_runs/pair_scan_20260701_051923/pairs/q22_then_q5
q22_then_q5,q5,0,4756.973,36454.77199999999,0.0,7.663438913779832,0.0,38984.958,2464.62,-34162.418999999994,/home/dy1013/sirius_multi-gpu/tpch_pair_scan_audit_runs/pair_scan_20260701_051923/pairs/q22_then_q5
q22_then_q6,q22,0,1929.2879999999998,1404.792,524.4959999999999,0.7281401221590557,0.2718598778409444,1489.595,723.655,-199.1590000000001,/home/dy1013/sirius_multi-gpu/tpch_pair_scan_audit_runs/pair_scan_20260701_051923/pairs/q22_then_q6
q22_then_q6,q6,0,2723.9939999999997,16433.925000000003,0.0,6.033025403139656,0.0,17400.639,211.45600000000002,-13921.387000000004,/home/dy1013/sirius_multi-gpu/tpch_pair_scan_audit_runs/pair_scan_20260701_051923/pairs/q22_then_q6
q22_then_q7,q22,0,1949.166,1502.7330000000002,446.43299999999977,0.7709620422272911,0.22903795777270883,1593.958,633.1840000000001,-186.75100000000032,/home/dy1013/sirius_multi-gpu/tpch_pair_scan_audit_runs/pair_scan_20260701_051923/pairs/q22_then_q7
q22_then_q7,q7,0,4921.0869999999995,41594.597,0.0,8.452318969365916,0.0,44082.812,1219.3329999999999,-37892.843,/home/dy1013/sirius_multi-gpu/tpch_pair_scan_audit_runs/pair_scan_20260701_051923/pairs/q22_then_q7
q22_then_q8,q22,0,2037.149,1408.886,628.2629999999999,0.6915969327722223,0.3084030672277776,1500.086,587.7499999999999,40.513000000000034,/home/dy1013/sirius_multi-gpu/tpch_pair_scan_audit_runs/pair_scan_20260701_051923/pairs/q22_then_q8
q22_then_q8,q8,0,6159.734,57812.06300000002,0.0,9.385480444447765,0.0,60802.088,3401.3790000000004,-55053.70800000001,/home/dy1013/sirius_multi-gpu/tpch_pair_scan_audit_runs/pair_scan_20260701_051923/pairs/q22_then_q8
q22_then_q9,q22,0,2046.104,1440.903,605.201,0.7042178696684039,0.29578213033159606,1560.297,531.563,73.63800000000003,/home/dy1013/sirius_multi-gpu/tpch_pair_scan_audit_runs/pair_scan_20260701_051923/pairs/q22_then_q9
q22_then_q9,q9,0,7892.0019999999995,63986.31,0.0,8.107741229665173,0.0,67129.993,3059.5109999999995,-59153.818999999996,/home/dy1013/sirius_multi-gpu/tpch_pair_scan_audit_runs/pair_scan_20260701_051923/pairs/q22_then_q9
q2_then_q11,q2,0,2290.9809999999998,3078.936,0.0,1.3439378152852426,0.0,3121.467,319.25600000000003,-1107.2110000000005,/home/dy1013/sirius_multi-gpu/tpch_pair_scan_audit_runs/pair_scan_20260701_051923/pairs/q2_then_q11
q2_then_q11,q11,0,1272.578,4646.0,0.0,3.6508567647719827,0.0,4684.977,346.91700000000003,-3720.339,/home/dy1013/sirius_multi-gpu/tpch_pair_scan_audit_runs/pair_scan_20260701_051923/pairs/q2_then_q11
q2_then_q12,q2,0,2311.401,2677.929,0.0,1.158573955795641,0.0,2731.215,427.64300000000003,-794.1710000000003,/home/dy1013/sirius_multi-gpu/tpch_pair_scan_audit_runs/pair_scan_20260701_051923/pairs/q2_then_q12
q2_then_q12,q12,0,2876.291,17888.987,0.0,6.219463538285939,0.0,20254.663,442.916,-15455.612,/home/dy1013/sirius_multi-gpu/tpch_pair_scan_audit_runs/pair_scan_20260701_051923/pairs/q2_then_q12
q2_then_q13,q2,0,2241.648,2799.7030000000004,0.0,1.2489485414302335,0.0,2858.89,295.82,-853.8750000000002,/home/dy1013/sirius_multi-gpu/tpch_pair_scan_audit_runs/pair_scan_20260701_051923/pairs/q2_then_q13
q2_then_q13,q13,0,2271.068,8474.613,0.0,3.731554052983001,0.0,8897.895,632.0719999999999,-6835.616999999999,/home/dy1013/sirius_multi-gpu/tpch_pair_scan_audit_runs/pair_scan_20260701_051923/pairs/q2_then_q13
q2_then_q14,q2,0,2281.404,2786.761,0.0,1.221511402627505,0.0,2842.202,463.98500000000007,-969.3420000000001,/home/dy1013/sirius_multi-gpu/tpch_pair_scan_audit_runs/pair_scan_20260701_051923/pairs/q2_then_q14
q2_then_q14,q14,0,3796.4030000000002,30950.014999999996,0.0,8.152457734334314,0.0,32721.74,446.526,-27600.137999999995,/home/dy1013/sirius_multi-gpu/tpch_pair_scan_audit_runs/pair_scan_20260701_051923/pairs/q2_then_q14
q2_then_q15,q2,0,2270.653,3123.08,0.0,1.3754105096639602,0.0,3172.647,452.91299999999995,-1305.3400000000001,/home/dy1013/sirius_multi-gpu/tpch_pair_scan_audit_runs/pair_scan_20260701_051923/pairs/q2_then_q15
q2_then_q15,q15,0,3661.99,28828.96,0.0,7.8724846326724,0.0,30434.165,1145.0869999999998,-26312.057,/home/dy1013/sirius_multi-gpu/tpch_pair_scan_audit_runs/pair_scan_20260701_051923/pairs/q2_then_q15
q2_then_q16,q2,0,2270.564,3169.616,0.0,1.395959770347808,0.0,3220.094,523.85,-1422.902,/home/dy1013/sirius_multi-gpu/tpch_pair_scan_audit_runs/pair_scan_20260701_051923/pairs/q2_then_q16
q2_then_q16,q16,0,1598.8039999999999,828.477,770.3269999999999,0.5181854686378068,0.4818145313621932,858.376,1809.144,-1038.817,/home/dy1013/sirius_multi-gpu/tpch_pair_scan_audit_runs/pair_scan_20260701_051923/pairs/q2_then_q16
q2_then_q17,q2,0,2230.324,2824.7329999999997,0.0,1.266512399095378,0.0,2879.304,439.695,-1034.1039999999996,/home/dy1013/sirius_multi-gpu/tpch_pair_scan_audit_runs/pair_scan_20260701_051923/pairs/q2_then_q17
q2_then_q17,q17,0,5743.084,42736.388999999996,0.0,7.441365823658508,0.0,44654.365,1197.5420000000001,-38190.846999999994,/home/dy1013/sirius_multi-gpu/tpch_pair_scan_audit_runs/pair_scan_20260701_051923/pairs/q2_then_q17
q2_then_q19,q2,0,2273.295,3165.341,0.0,1.392402217925962,0.0,3214.965,421.45699999999994,-1313.5029999999997,/home/dy1013/sirius_multi-gpu/tpch_pair_scan_audit_runs/pair_scan_20260701_051923/pairs/q2_then_q19
q2_then_q19,q19,0,4029.052,33249.757000000005,0.0,8.252501332819731,0.0,34957.083,996.321,-30217.026000000005,/home/dy1013/sirius_multi-gpu/tpch_pair_scan_audit_runs/pair_scan_20260701_051923/pairs/q2_then_q19
q2_then_q20,q2,0,2250.778,3136.1959999999995,0.0,1.3933830879811335,0.0,3186.096,472.98799999999994,-1358.4059999999995,/home/dy1013/sirius_multi-gpu/tpch_pair_scan_audit_runs/pair_scan_20260701_051923/pairs/q2_then_q20
q2_then_q20,q20,0,4414.778,28483.286,0.0,6.451804824614057,0.0,30642.559,225.776,-24294.284000000003,/home/dy1013/sirius_multi-gpu/tpch_pair_scan_audit_runs/pair_scan_20260701_051923/pairs/q2_then_q20
q2_then_q21,q2,0,2302.825,2600.748,0.0,1.1293728355389576,0.0,2644.775,380.795,-678.7180000000003,/home/dy1013/sirius_multi-gpu/tpch_pair_scan_audit_runs/pair_scan_20260701_051923/pairs/q2_then_q21
q2_then_q21,q21,0,9139.113,66211.44099999999,0.0,7.244843235880769,0.0,68880.721,6894.016999999999,-63966.344999999994,/home/dy1013/sirius_multi-gpu/tpch_pair_scan_audit_runs/pair_scan_20260701_051923/pairs/q2_then_q21
q2_then_q3,q2,0,2271.522,2824.057,0.0,1.2432443973688125,0.0,2883.408,550.2570000000001,-1102.792,/home/dy1013/sirius_multi-gpu/tpch_pair_scan_audit_runs/pair_scan_20260701_051923/pairs/q2_then_q3
q2_then_q3,q3,0,3745.9280000000003,23374.775,0.0,6.240049194752275,0.0,25415.704,1899.685,-21528.532000000003,/home/dy1013/sirius_multi-gpu/tpch_pair_scan_audit_runs/pair_scan_20260701_051923/pairs/q2_then_q3
q2_then_q4,q2,0,2282.225,3047.535,0.0,1.3353350348891981,0.0,3095.097,452.99500000000006,-1218.305,/home/dy1013/sirius_multi-gpu/tpch_pair_scan_audit_runs/pair_scan_20260701_051923/pairs/q2_then_q4
q2_then_q4,q4,0,2498.6510000000003,12774.142000000003,0.0,5.112415459381883,0.0,14677.911,799.2120000000001,-11074.703000000003,/home/dy1013/sirius_multi-gpu/tpch_pair_scan_audit_runs/pair_scan_20260701_051923/pairs/q2_then_q4
q2_then_q5,q2,0,2160.523,2534.697,0.0,1.1731867700552134,0.0,2583.336,381.12700000000007,-755.301,/home/dy1013/sirius_multi-gpu/tpch_pair_scan_audit_runs/pair_scan_20260701_051923/pairs/q2_then_q5
q2_then_q5,q5,0,4577.9490000000005,35273.506,0.0,7.705089331488838,0.0,38152.591,2469.85,-33165.407,/home/dy1013/sirius_multi-gpu/tpch_pair_scan_audit_runs/pair_scan_20260701_051923/pairs/q2_then_q5
q2_then_q6,q2,0,2293.597,2622.9349999999995,0.0,1.143590177350249,0.0,2671.15,470.215,-799.5529999999992,/home/dy1013/sirius_multi-gpu/tpch_pair_scan_audit_runs/pair_scan_20260701_051923/pairs/q2_then_q6
q2_then_q6,q6,0,2543.099,15242.913,0.0,5.993833901078959,0.0,16379.713,218.268,-12918.082,/home/dy1013/sirius_multi-gpu/tpch_pair_scan_audit_runs/pair_scan_20260701_051923/pairs/q2_then_q6
q2_then_q7,q2,0,2360.9179999999997,2862.4590000000003,0.0,1.2124347393683308,0.0,2922.893,425.259,-926.8000000000006,/home/dy1013/sirius_multi-gpu/tpch_pair_scan_audit_runs/pair_scan_20260701_051923/pairs/q2_then_q7
q2_then_q7,q7,0,4901.119,41051.379,0.0,8.375919662428112,0.0,43596.973,1001.454,-37151.714,/home/dy1013/sirius_multi-gpu/tpch_pair_scan_audit_runs/pair_scan_20260701_051923/pairs/q2_then_q7
q2_then_q8,q2,0,2262.94,3171.7650000000003,0.0,1.401612504087603,0.0,3217.903,528.735,-1437.5600000000004,/home/dy1013/sirius_multi-gpu/tpch_pair_scan_audit_runs/pair_scan_20260701_051923/pairs/q2_then_q8
q2_then_q8,q8,0,6185.9130000000005,56294.56599999998,0.0,9.10044580323066,0.0,59276.72,3097.085,-53205.737999999976,/home/dy1013/sirius_multi-gpu/tpch_pair_scan_audit_runs/pair_scan_20260701_051923/pairs/q2_then_q8
q3_then_q1,q3,0,4510.091,24788.730000000003,0.0,5.496281560615961,0.0,26583.58,2173.4309999999996,-22452.070000000003,/home/dy1013/sirius_multi-gpu/tpch_pair_scan_audit_runs/pair_scan_20260701_051923/pairs/q3_then_q1
q3_then_q1,q1,0,2983.2670000000003,18688.747,0.0,6.26452375868469,0.0,18960.97,1411.533,-17117.013,/home/dy1013/sirius_multi-gpu/tpch_pair_scan_audit_runs/pair_scan_20260701_051923/pairs/q3_then_q1
q3_then_q10,q3,0,4103.6720000000005,24482.651,0.0,5.9660350534838065,0.0,26679.927,2034.7920000000001,-22413.771,/home/dy1013/sirius_multi-gpu/tpch_pair_scan_audit_runs/pair_scan_20260701_051923/pairs/q3_then_q10
q3_then_q10,q10,0,4207.861,24087.572,0.0,5.724421980669039,0.0,24613.437,2730.046,-22609.756999999998,/home/dy1013/sirius_multi-gpu/tpch_pair_scan_audit_runs/pair_scan_20260701_051923/pairs/q3_then_q10
q3_then_q11,q3,0,4106.384,24901.592,0.0,6.064116750893243,0.0,26571.556,2271.295,-23066.502999999997,/home/dy1013/sirius_multi-gpu/tpch_pair_scan_audit_runs/pair_scan_20260701_051923/pairs/q3_then_q11
q3_then_q11,q11,0,1181.411,4467.742,0.0,3.7817000180292886,0.0,4482.56,292.106,-3578.437,/home/dy1013/sirius_multi-gpu/tpch_pair_scan_audit_runs/pair_scan_20260701_051923/pairs/q3_then_q11
q3_then_q13,q3,0,4275.192,24533.037999999997,0.0,5.73846461164785,0.0,26524.552,1939.877,-22197.722999999998,/home/dy1013/sirius_multi-gpu/tpch_pair_scan_audit_runs/pair_scan_20260701_051923/pairs/q3_then_q13
q3_then_q13,q13,0,2258.4249999999997,7515.83,0.0,3.3279077233027445,0.0,7988.241,621.856,-5879.261,/home/dy1013/sirius_multi-gpu/tpch_pair_scan_audit_runs/pair_scan_20260701_051923/pairs/q3_then_q13
q3_then_q15,q3,0,4106.0869999999995,26144.561999999998,0.0,6.3672693734935475,0.0,28198.849,1868.8870000000002,-23907.361999999997,/home/dy1013/sirius_multi-gpu/tpch_pair_scan_audit_runs/pair_scan_20260701_051923/pairs/q3_then_q15
q3_then_q15,q15,0,3427.745,28167.358000000004,0.0,8.217460166961079,0.0,28764.278,639.2319999999999,-25378.845000000005,/home/dy1013/sirius_multi-gpu/tpch_pair_scan_audit_runs/pair_scan_20260701_051923/pairs/q3_then_q15
q3_then_q18,q3,0,4124.072,25162.718999999994,0.0,6.101425726805932,0.0,26982.936,2188.577,-23227.223999999995,/home/dy1013/sirius_multi-gpu/tpch_pair_scan_audit_runs/pair_scan_20260701_051923/pairs/q3_then_q18
q3_then_q18,q18,0,4176.984,17739.456,0.0,4.246953304106503,0.0,18200.645,2252.586,-15815.057999999997,/home/dy1013/sirius_multi-gpu/tpch_pair_scan_audit_runs/pair_scan_20260701_051923/pairs/q3_then_q18
q3_then_q2,q3,0,4424.1359999999995,26495.584999999992,0.0,5.988872177527996,0.0,28244.099,2063.5190000000002,-24134.967999999993,/home/dy1013/sirius_multi-gpu/tpch_pair_scan_audit_runs/pair_scan_20260701_051923/pairs/q3_then_q2
q3_then_q2,q2,0,1637.575,3051.421,0.0,1.863377860556005,0.0,3072.401,322.463,-1736.3089999999997,/home/dy1013/sirius_multi-gpu/tpch_pair_scan_audit_runs/pair_scan_20260701_051923/pairs/q3_then_q2
q3_then_q20,q3,0,4430.576,26918.532,0.0,6.075628089891698,0.0,28723.346,1668.8249999999998,-24156.781,/home/dy1013/sirius_multi-gpu/tpch_pair_scan_audit_runs/pair_scan_20260701_051923/pairs/q3_then_q20
q3_then_q20,q20,0,4184.137,30189.395,0.0,7.215202322486095,0.0,30726.9,158.269,-26163.527000000002,/home/dy1013/sirius_multi-gpu/tpch_pair_scan_audit_runs/pair_scan_20260701_051923/pairs/q3_then_q20
q3_then_q21,q3,0,4323.3769999999995,24296.383,0.0,5.61976968467011,0.0,26096.319,2037.8679999999995,-22010.874,/home/dy1013/sirius_multi-gpu/tpch_pair_scan_audit_runs/pair_scan_20260701_051923/pairs/q3_then_q21
q3_then_q21,q21,0,9005.29,67684.69199999998,0.0,7.516103534700156,0.0,69467.914,6954.954,-65634.35599999999,/home/dy1013/sirius_multi-gpu/tpch_pair_scan_audit_runs/pair_scan_20260701_051923/pairs/q3_then_q21
q3_then_q22,q3,0,4085.574,25125.871,0.0,6.149899867191244,0.0,26883.167,2173.368,-23213.664999999997,/home/dy1013/sirius_multi-gpu/tpch_pair_scan_audit_runs/pair_scan_20260701_051923/pairs/q3_then_q22
q3_then_q22,q22,0,1232.17,1374.341,0.0,1.1153826176582775,0.0,1432.657,519.051,-661.2219999999999,/home/dy1013/sirius_multi-gpu/tpch_pair_scan_audit_runs/pair_scan_20260701_051923/pairs/q3_then_q22
q3_then_q4,q3,0,4300.823,26904.625999999997,0.0,6.255692457001833,0.0,29058.883,1939.2509999999997,-24543.053999999996,/home/dy1013/sirius_multi-gpu/tpch_pair_scan_audit_runs/pair_scan_20260701_051923/pairs/q3_then_q4
q3_then_q4,q4,0,2280.7490000000003,12930.379999999997,0.0,5.66935686478433,0.0,13246.213,601.903,-11251.533999999998,/home/dy1013/sirius_multi-gpu/tpch_pair_scan_audit_runs/pair_scan_20260701_051923/pairs/q3_then_q4
q3_then_q6,q3,0,4205.688999999999,26001.989999999994,0.0,6.182575554207645,0.0,27741.705,2034.402,-23830.702999999994,/home/dy1013/sirius_multi-gpu/tpch_pair_scan_audit_runs/pair_scan_20260701_051923/pairs/q3_then_q6
q3_then_q6,q6,0,2481.98,15785.364,0.0,6.359988396360969,0.0,15991.385,185.117,-13488.501,/home/dy1013/sirius_multi-gpu/tpch_pair_scan_audit_runs/pair_scan_20260701_051923/pairs/q3_then_q6
q3_then_q7,q3,0,4450.254,26428.201000000005,0.0,5.938582606745594,0.0,28545.213,2057.507,-24035.454000000005,/home/dy1013/sirius_multi-gpu/tpch_pair_scan_audit_runs/pair_scan_20260701_051923/pairs/q3_then_q7
q3_then_q7,q7,0,4827.831,40949.574,0.0,8.481981660087108,0.0,42354.126,823.983,-36945.726,/home/dy1013/sirius_multi-gpu/tpch_pair_scan_audit_runs/pair_scan_20260701_051923/pairs/q3_then_q7
q3_then_q8,q3,0,4447.701,26575.449,0.0,5.975097921375561,0.0,28343.338,2034.9019999999998,-24162.649999999998,/home/dy1013/sirius_multi-gpu/tpch_pair_scan_audit_runs/pair_scan_20260701_051923/pairs/q3_then_q8
q3_then_q8,q8,0,6038.973,60135.177999999985,0.0,9.957848461981861,0.0,61966.204,2891.1269999999995,-56987.33199999999,/home/dy1013/sirius_multi-gpu/tpch_pair_scan_audit_runs/pair_scan_20260701_051923/pairs/q3_then_q8
q3_then_q9,q3,0,4445.235000000001,26306.399,0.0,5.917887130826604,0.0,28050.15,2205.8840000000005,-24067.048000000003,/home/dy1013/sirius_multi-gpu/tpch_pair_scan_audit_runs/pair_scan_20260701_051923/pairs/q3_then_q9
q3_then_q9,q9,0,9867.104,65005.226999999984,0.0,6.588075589352255,0.0,66953.726,3108.8190000000004,-58246.94199999999,/home/dy1013/sirius_multi-gpu/tpch_pair_scan_audit_runs/pair_scan_20260701_051923/pairs/q3_then_q9
q4_then_q1,q4,0,3228.948,12027.698,0.0,3.724958717204489,0.0,14102.789,662.051,-9460.801,/home/dy1013/sirius_multi-gpu/tpch_pair_scan_audit_runs/pair_scan_20260701_051923/pairs/q4_then_q1
q4_then_q1,q1,0,2744.743,16721.913,0.0,6.092341978830077,0.0,17158.4,1426.6109999999999,-15403.780999999999,/home/dy1013/sirius_multi-gpu/tpch_pair_scan_audit_runs/pair_scan_20260701_051923/pairs/q4_then_q1
q4_then_q10,q4,0,3105.018,11712.321,0.0,3.7720621909438203,0.0,13337.722,831.593,-9438.896,/home/dy1013/sirius_multi-gpu/tpch_pair_scan_audit_runs/pair_scan_20260701_051923/pairs/q4_then_q10
q4_then_q10,q10,0,4390.104,25115.021999999997,0.0,5.720826203661689,0.0,25783.824,2674.7450000000003,-23399.662999999997,/home/dy1013/sirius_multi-gpu/tpch_pair_scan_audit_runs/pair_scan_20260701_051923/pairs/q4_then_q10
q4_then_q11,q4,0,3138.451,11482.137,0.0,3.6585363289087516,0.0,13578.525,870.3340000000001,-9214.020000000002,/home/dy1013/sirius_multi-gpu/tpch_pair_scan_audit_runs/pair_scan_20260701_051923/pairs/q4_then_q11
q4_then_q11,q11,0,1269.2859999999998,5424.173,0.0,4.273404890623548,0.0,5438.767,264.94300000000004,-4419.83,/home/dy1013/sirius_multi-gpu/tpch_pair_scan_audit_runs/pair_scan_20260701_051923/pairs/q4_then_q11
q4_then_q12,q4,0,3110.4590000000003,11547.634000000002,0.0,3.7125176702216622,0.0,13207.192,913.015,-9350.19,/home/dy1013/sirius_multi-gpu/tpch_pair_scan_audit_runs/pair_scan_20260701_051923/pairs/q4_then_q12
q4_then_q12,q12,0,2631.176,13573.318000000001,0.0,5.158650732600177,0.0,14090.099,363.229,-11305.371000000001,/home/dy1013/sirius_multi-gpu/tpch_pair_scan_audit_runs/pair_scan_20260701_051923/pairs/q4_then_q12
q4_then_q13,q4,0,3087.371,11270.996000000001,0.0,3.6506775505762024,0.0,13259.122,901.569,-9085.194000000001,/home/dy1013/sirius_multi-gpu/tpch_pair_scan_audit_runs/pair_scan_20260701_051923/pairs/q4_then_q13
q4_then_q13,q13,0,2262.099,8732.188,0.0,3.8602147828189657,0.0,9143.242,695.306,-7165.395,/home/dy1013/sirius_multi-gpu/tpch_pair_scan_audit_runs/pair_scan_20260701_051923/pairs/q4_then_q13
q4_then_q14,q4,0,3188.306,13275.633999999998,0.0,4.163851901291783,0.0,14934.664,901.95,-10989.277999999998,/home/dy1013/sirius_multi-gpu/tpch_pair_scan_audit_runs/pair_scan_20260701_051923/pairs/q4_then_q14
q4_then_q14,q14,0,3556.222,29665.518999999997,0.0,8.341863640683847,0.0,30333.027,376.621,-26485.917999999994,/home/dy1013/sirius_multi-gpu/tpch_pair_scan_audit_runs/pair_scan_20260701_051923/pairs/q4_then_q14
q4_then_q15,q4,0,3098.105,11499.853,0.0,3.711899047966418,0.0,13153.156,979.3749999999999,-9381.123,/home/dy1013/sirius_multi-gpu/tpch_pair_scan_audit_runs/pair_scan_20260701_051923/pairs/q4_then_q15
q4_then_q15,q15,0,3474.236,30195.152000000002,0.0,8.691163179473127,0.0,30747.048,1074.9020000000003,-27795.818000000003,/home/dy1013/sirius_multi-gpu/tpch_pair_scan_audit_runs/pair_scan_20260701_051923/pairs/q4_then_q15
q4_then_q16,q4,0,3157.7320000000004,11686.792000000001,0.0,3.701008191955492,0.0,13368.131,794.829,-9323.889000000001,/home/dy1013/sirius_multi-gpu/tpch_pair_scan_audit_runs/pair_scan_20260701_051923/pairs/q4_then_q16
q4_then_q16,q16,0,1487.431,810.8349999999999,676.5960000000001,0.5451244461087607,0.4548755538912394,833.383,1534.9389999999999,-858.3429999999997,/home/dy1013/sirius_multi-gpu/tpch_pair_scan_audit_runs/pair_scan_20260701_051923/pairs/q4_then_q16
q4_then_q17,q4,0,3129.349,11266.617999999999,0.0,3.6003072843585033,0.0,13599.661,809.7950000000001,-8947.063999999998,/home/dy1013/sirius_multi-gpu/tpch_pair_scan_audit_runs/pair_scan_20260701_051923/pairs/q4_then_q17
q4_then_q17,q17,0,5366.251,39299.48,0.0,7.323451698401733,0.0,40117.891,872.4759999999999,-34805.70500000001,/home/dy1013/sirius_multi-gpu/tpch_pair_scan_audit_runs/pair_scan_20260701_051923/pairs/q4_then_q17
q4_then_q18,q4,0,3160.137,11776.212999999998,0.0,3.72648812377438,0.0,13646.011,1137.694,-9753.769999999997,/home/dy1013/sirius_multi-gpu/tpch_pair_scan_audit_runs/pair_scan_20260701_051923/pairs/q4_then_q18
q4_then_q18,q18,0,4227.674999999999,18234.207999999995,0.0,4.313058122963567,0.0,18724.759,2628.483,-16635.015999999996,/home/dy1013/sirius_multi-gpu/tpch_pair_scan_audit_runs/pair_scan_20260701_051923/pairs/q4_then_q18
q4_then_q19,q4,0,3099.955,11296.219,0.0,3.6439945095977198,0.0,12945.909,811.855,-9008.118999999999,/home/dy1013/sirius_multi-gpu/tpch_pair_scan_audit_runs/pair_scan_20260701_051923/pairs/q4_then_q19
q4_then_q19,q19,0,3917.884,33896.768,0.0,8.65180490285062,0.0,34556.486,991.868,-30970.751999999997,/home/dy1013/sirius_multi-gpu/tpch_pair_scan_audit_runs/pair_scan_20260701_051923/pairs/q4_then_q19
q4_then_q2,q4,0,3197.578,11798.765,0.0,3.689906860755234,0.0,13474.709,963.8159999999999,-9565.003,/home/dy1013/sirius_multi-gpu/tpch_pair_scan_audit_runs/pair_scan_20260701_051923/pairs/q4_then_q2
q4_then_q2,q2,0,1494.321,2693.5060000000003,0.0,1.8024949124050325,0.0,2717.974,492.782,-1691.9670000000003,/home/dy1013/sirius_multi-gpu/tpch_pair_scan_audit_runs/pair_scan_20260701_051923/pairs/q4_then_q2
q4_then_q20,q4,0,3068.4230000000002,11766.074,0.0,3.834567137581748,0.0,13392.548,795.9280000000001,-9493.579,/home/dy1013/sirius_multi-gpu/tpch_pair_scan_audit_runs/pair_scan_20260701_051923/pairs/q4_then_q20
q4_then_q20,q20,0,4184.898999999999,31540.704,0.0,7.536789776766418,0.0,32326.315,180.03199999999998,-27535.837,/home/dy1013/sirius_multi-gpu/tpch_pair_scan_audit_runs/pair_scan_20260701_051923/pairs/q4_then_q20
q4_then_q21,q4,0,3118.368,11272.392,0.0,3.6148369916571745,0.0,13336.974,762.367,-8916.391,/home/dy1013/sirius_multi-gpu/tpch_pair_scan_audit_runs/pair_scan_20260701_051923/pairs/q4_then_q21
q4_then_q21,q21,0,9023.814,65413.42700000001,0.0,7.248977760401534,0.0,66894.677,7886.186999999999,-64275.80000000001,/home/dy1013/sirius_multi-gpu/tpch_pair_scan_audit_runs/pair_scan_20260701_051923/pairs/q4_then_q21
q4_then_q22,q4,0,3078.442,12187.348,0.0,3.9589337723432827,0.0,13838.915,937.738,-10046.643999999998,/home/dy1013/sirius_multi-gpu/tpch_pair_scan_audit_runs/pair_scan_20260701_051923/pairs/q4_then_q22
q4_then_q22,q22,0,1049.317,1344.672,0.0,1.2814735680447378,0.0,1405.206,391.646,-687.001,/home/dy1013/sirius_multi-gpu/tpch_pair_scan_audit_runs/pair_scan_20260701_051923/pairs/q4_then_q22
q4_then_q3,q4,0,3087.0229999999997,11245.836000000001,0.0,3.642938844317001,0.0,12848.839,821.486,-8980.299000000003,/home/dy1013/sirius_multi-gpu/tpch_pair_scan_audit_runs/pair_scan_20260701_051923/pairs/q4_then_q3
q4_then_q3,q3,0,3618.585,23852.229000000003,0.0,6.591590082863883,0.0,24504.877,2042.6240000000003,-22276.268000000004,/home/dy1013/sirius_multi-gpu/tpch_pair_scan_audit_runs/pair_scan_20260701_051923/pairs/q4_then_q3
q4_then_q5,q4,0,3107.7780000000002,12038.949000000002,0.0,3.873812415172513,0.0,14062.786,862.3720000000001,-9793.543000000001,/home/dy1013/sirius_multi-gpu/tpch_pair_scan_audit_runs/pair_scan_20260701_051923/pairs/q4_then_q5
q4_then_q5,q5,0,4540.205,38644.776999999995,0.0,8.511681080479844,0.0,39944.928,2532.8949999999995,-36637.46699999999,/home/dy1013/sirius_multi-gpu/tpch_pair_scan_audit_runs/pair_scan_20260701_051923/pairs/q4_then_q5
q4_then_q6,q4,0,3123.598,11587.168,0.0,3.709558016108347,0.0,13862.316,870.51,-9334.08,/home/dy1013/sirius_multi-gpu/tpch_pair_scan_audit_runs/pair_scan_20260701_051923/pairs/q4_then_q6
q4_then_q6,q6,0,2432.976,12763.979,0.0,5.246241228848948,0.0,13037.016,172.881,-10503.883999999998,/home/dy1013/sirius_multi-gpu/tpch_pair_scan_audit_runs/pair_scan_20260701_051923/pairs/q4_then_q6
q4_then_q7,q4,0,3209.321,12326.501999999999,0.0,3.840844215957207,0.0,13962.283,926.6809999999999,-10043.862,/home/dy1013/sirius_multi-gpu/tpch_pair_scan_audit_runs/pair_scan_20260701_051923/pairs/q4_then_q7
q4_then_q7,q7,0,4717.023,40653.348999999995,0.0,8.618433490784334,0.0,42107.41,955.743,-36892.068999999996,/home/dy1013/sirius_multi-gpu/tpch_pair_scan_audit_runs/pair_scan_20260701_051923/pairs/q4_then_q7
q4_then_q8,q4,0,3086.09,11241.223000000002,0.0,3.642545421552839,0.0,12877.222,775.159,-8930.292000000001,/home/dy1013/sirius_multi-gpu/tpch_pair_scan_audit_runs/pair_scan_20260701_051923/pairs/q4_then_q8
q4_then_q8,q8,0,5823.263,56935.817,0.0,9.777304751648689,0.0,58803.996,3129.813,-54242.367000000006,/home/dy1013/sirius_multi-gpu/tpch_pair_scan_audit_runs/pair_scan_20260701_051923/pairs/q4_then_q8
q4_then_q9,q4,0,3109.8669999999997,11447.311,0.0,3.6809648129646706,0.0,13131.98,896.628,-9234.072,/home/dy1013/sirius_multi-gpu/tpch_pair_scan_audit_runs/pair_scan_20260701_051923/pairs/q4_then_q9
q4_then_q9,q9,0,10086.905,64049.128000000004,0.0,6.349730467373292,0.0,66239.159,3325.853,-57288.07600000001,/home/dy1013/sirius_multi-gpu/tpch_pair_scan_audit_runs/pair_scan_20260701_051923/pairs/q4_then_q9
q5_then_q1,q5,0,5249.075000000001,35844.318,0.0,6.828692293404075,0.0,38200.186,2331.8599999999997,-32927.102999999996,/home/dy1013/sirius_multi-gpu/tpch_pair_scan_audit_runs/pair_scan_20260701_051923/pairs/q5_then_q1
q5_then_q1,q1,0,2924.909,20040.288,0.0,6.8515936735125775,0.0,20298.656,1819.846,-18935.225000000002,/home/dy1013/sirius_multi-gpu/tpch_pair_scan_audit_runs/pair_scan_20260701_051923/pairs/q5_then_q1
q5_then_q10,q5,0,5309.6230000000005,38900.58799999999,0.0,7.326431273934135,0.0,41249.136,2124.757,-35715.72199999999,/home/dy1013/sirius_multi-gpu/tpch_pair_scan_audit_runs/pair_scan_20260701_051923/pairs/q5_then_q10
q5_then_q10,q10,0,4264.394,24231.148999999998,0.0,5.682202207394532,0.0,24752.954,2761.08,-22727.835,/home/dy1013/sirius_multi-gpu/tpch_pair_scan_audit_runs/pair_scan_20260701_051923/pairs/q5_then_q10
q5_then_q11,q5,0,5376.903,35890.229,0.0,6.674888685921989,0.0,38295.867,2534.991,-33048.317,/home/dy1013/sirius_multi-gpu/tpch_pair_scan_audit_runs/pair_scan_20260701_051923/pairs/q5_then_q11
q5_then_q11,q11,0,1251.8100000000002,5239.064,0.0,4.185191043369201,0.0,5250.32,453.549,-4440.803,/home/dy1013/sirius_multi-gpu/tpch_pair_scan_audit_runs/pair_scan_20260701_051923/pairs/q5_then_q11
q5_then_q12,q5,0,5250.526,34916.78999999999,0.0,6.650150861075632,0.0,37283.246,2326.093,-31992.356999999996,/home/dy1013/sirius_multi-gpu/tpch_pair_scan_audit_runs/pair_scan_20260701_051923/pairs/q5_then_q12
q5_then_q12,q12,0,2712.969,16166.139,0.0,5.958836610370409,0.0,16494.946,404.52500000000003,-13857.694999999998,/home/dy1013/sirius_multi-gpu/tpch_pair_scan_audit_runs/pair_scan_20260701_051923/pairs/q5_then_q12
q5_then_q13,q5,0,5287.416,37119.932,0.0,7.02042963897677,0.0,39523.383,2224.6749999999997,-34057.191,/home/dy1013/sirius_multi-gpu/tpch_pair_scan_audit_runs/pair_scan_20260701_051923/pairs/q5_then_q13
q5_then_q13,q13,0,2407.441,9150.404,0.0,3.8008840092031337,0.0,9534.96,721.383,-7464.3460000000005,/home/dy1013/sirius_multi-gpu/tpch_pair_scan_audit_runs/pair_scan_20260701_051923/pairs/q5_then_q13
q5_then_q14,q5,0,5478.764,37203.17899999999,0.0,6.790432842151987,0.0,39514.05,2172.6160000000004,-33897.03099999999,/home/dy1013/sirius_multi-gpu/tpch_pair_scan_audit_runs/pair_scan_20260701_051923/pairs/q5_then_q14
q5_then_q14,q14,0,3634.067,30918.840999999997,0.0,8.508054749678527,0.0,31467.672,353.877,-27638.650999999998,/home/dy1013/sirius_multi-gpu/tpch_pair_scan_audit_runs/pair_scan_20260701_051923/pairs/q5_then_q14
q5_then_q15,q5,0,5298.243,37201.26199999998,0.0,7.021433709250402,0.0,39551.267,2406.388,-34309.40699999998,/home/dy1013/sirius_multi-gpu/tpch_pair_scan_audit_runs/pair_scan_20260701_051923/pairs/q5_then_q15
q5_then_q15,q15,0,3546.7490000000003,29753.617000000002,0.0,8.38898298131613,0.0,30162.248,1277.345,-27484.213000000003,/home/dy1013/sirius_multi-gpu/tpch_pair_scan_audit_runs/pair_scan_20260701_051923/pairs/q5_then_q15
q5_then_q16,q5,0,5373.369000000001,39296.69299999999,0.0,7.313231791823712,0.0,41611.418,2349.678,-36273.00199999999,/home/dy1013/sirius_multi-gpu/tpch_pair_scan_audit_runs/pair_scan_20260701_051923/pairs/q5_then_q16
q5_then_q16,q16,0,1316.553,808.592,507.9610000000001,0.6141735273855287,0.38582647261447134,832.964,1274.8990000000001,-766.938,/home/dy1013/sirius_multi-gpu/tpch_pair_scan_audit_runs/pair_scan_20260701_051923/pairs/q5_then_q16
q5_then_q17,q5,0,5482.838,39085.22000000001,0.0,7.128647609139648,0.0,41514.174,2264.6250000000005,-35867.00700000001,/home/dy1013/sirius_multi-gpu/tpch_pair_scan_audit_runs/pair_scan_20260701_051923/pairs/q5_then_q17
q5_then_q17,q17,0,5597.549,41421.066999999995,0.0,7.399857866362581,0.0,42185.977,1164.2030000000002,-36987.721,/home/dy1013/sirius_multi-gpu/tpch_pair_scan_audit_runs/pair_scan_20260701_051923/pairs/q5_then_q17
q5_then_q18,q5,0,5290.511,34537.988,0.0,6.52828961134378,0.0,37287.957,2273.96,-31521.436999999998,/home/dy1013/sirius_multi-gpu/tpch_pair_scan_audit_runs/pair_scan_20260701_051923/pairs/q5_then_q18
q5_then_q18,q18,0,4609.788,18607.986,0.0,4.0366251116103395,0.0,19071.759,2934.1590000000006,-16932.357,/home/dy1013/sirius_multi-gpu/tpch_pair_scan_audit_runs/pair_scan_20260701_051923/pairs/q5_then_q18
q5_then_q19,q5,0,5455.701999999999,36768.56399999999,0.0,6.7394744067766155,0.0,40592.407,2381.949,-33694.810999999994,/home/dy1013/sirius_multi-gpu/tpch_pair_scan_audit_runs/pair_scan_20260701_051923/pairs/q5_then_q19
q5_then_q19,q19,0,3948.1510000000003,30116.547000000006,0.0,7.628012961003772,0.0,30752.678,1049.8310000000001,-27218.227000000006,/home/dy1013/sirius_multi-gpu/tpch_pair_scan_audit_runs/pair_scan_20260701_051923/pairs/q5_then_q19
q5_then_q2,q5,0,5284.831999999999,37655.49600000001,0.0,7.125202087786331,0.0,40009.194,2299.514,-34670.17800000001,/home/dy1013/sirius_multi-gpu/tpch_pair_scan_audit_runs/pair_scan_20260701_051923/pairs/q5_then_q2
q5_then_q2,q2,0,1555.537,3164.417,0.0,2.0342923376300273,0.0,3182.412,443.25600000000003,-2052.136,/home/dy1013/sirius_multi-gpu/tpch_pair_scan_audit_runs/pair_scan_20260701_051923/pairs/q5_then_q2
q5_then_q20,q5,0,5349.968,39705.462999999996,0.0,7.421626260194453,0.0,42100.956,2547.702,-36903.19699999999,/home/dy1013/sirius_multi-gpu/tpch_pair_scan_audit_runs/pair_scan_20260701_051923/pairs/q5_then_q20
q5_then_q20,q20,0,4264.844,31419.392999999996,0.0,7.3670673534600555,0.0,31944.598,201.53500000000003,-27356.083999999995,/home/dy1013/sirius_multi-gpu/tpch_pair_scan_audit_runs/pair_scan_20260701_051923/pairs/q5_then_q20
q5_then_q21,q5,0,5395.406999999999,39615.21499999999,0.0,7.3423960416702565,0.0,42244.361,2195.296,-36415.10399999999,/home/dy1013/sirius_multi-gpu/tpch_pair_scan_audit_runs/pair_scan_20260701_051923/pairs/q5_then_q21
q5_then_q21,q21,0,9099.805,63694.78099999997,0.0,6.999576474440933,0.0,65056.09,7402.792,-61997.767999999975,/home/dy1013/sirius_multi-gpu/tpch_pair_scan_audit_runs/pair_scan_20260701_051923/pairs/q5_then_q21
q5_then_q22,q5,0,5282.159,38017.371,0.0,7.197316665401401,0.0,40411.362,2382.688,-35117.9,/home/dy1013/sirius_multi-gpu/tpch_pair_scan_audit_runs/pair_scan_20260701_051923/pairs/q5_then_q22
q5_then_q22,q22,0,1191.443,1349.19,0.0,1.1323999553482627,0.0,1404.34,459.88599999999997,-617.633,/home/dy1013/sirius_multi-gpu/tpch_pair_scan_audit_runs/pair_scan_20260701_051923/pairs/q5_then_q22
q5_then_q3,q5,0,5275.372,37289.39300000001,0.0,7.0685807560111416,0.0,40064.164,2449.6210000000005,-34463.642000000014,/home/dy1013/sirius_multi-gpu/tpch_pair_scan_audit_runs/pair_scan_20260701_051923/pairs/q5_then_q3
q5_then_q3,q3,0,3594.808,24203.849,0.0,6.733001873813566,0.0,24784.678,2061.5860000000002,-22670.626999999997,/home/dy1013/sirius_multi-gpu/tpch_pair_scan_audit_runs/pair_scan_20260701_051923/pairs/q5_then_q3
q5_then_q4,q5,0,5245.146,35838.194,0.0,6.832639930327965,0.0,38187.802,2466.7880000000005,-33059.836,/home/dy1013/sirius_multi-gpu/tpch_pair_scan_audit_runs/pair_scan_20260701_051923/pairs/q5_then_q4
q5_then_q4,q4,0,2290.184,13081.702000000001,0.0,5.7120746629965105,0.0,13370.135,838.121,-11629.639,/home/dy1013/sirius_multi-gpu/tpch_pair_scan_audit_runs/pair_scan_20260701_051923/pairs/q5_then_q4
q5_then_q6,q5,0,5247.675,36406.46399999999,0.0,6.9376369535079805,0.0,38735.963,2453.287,-33612.075999999994,/home/dy1013/sirius_multi-gpu/tpch_pair_scan_audit_runs/pair_scan_20260701_051923/pairs/q5_then_q6
q5_then_q6,q6,0,2391.178,13164.006,0.0,5.5052388404376424,0.0,13377.186,204.507,-10977.335,/home/dy1013/sirius_multi-gpu/tpch_pair_scan_audit_runs/pair_scan_20260701_051923/pairs/q5_then_q6
q5_then_q7,q5,0,5391.662,38962.363,0.0,7.22641052054079,0.0,41391.157,2390.867,-35961.568,/home/dy1013/sirius_multi-gpu/tpch_pair_scan_audit_runs/pair_scan_20260701_051923/pairs/q5_then_q7
q5_then_q7,q7,0,4823.391,41600.15900000001,0.0,8.624670693294409,0.0,42898.336,1049.0900000000001,-37825.85800000001,/home/dy1013/sirius_multi-gpu/tpch_pair_scan_audit_runs/pair_scan_20260701_051923/pairs/q5_then_q7
q5_then_q8,q5,0,5245.250999999999,37557.76899999999,0.0,7.160337798896563,0.0,39943.187,2528.041,-34840.558999999994,/home/dy1013/sirius_multi-gpu/tpch_pair_scan_audit_runs/pair_scan_20260701_051923/pairs/q5_then_q8
q5_then_q8,q8,0,5879.571999999999,55269.778,0.0,9.400306348829474,0.0,56962.995,3214.208,-52604.414,/home/dy1013/sirius_multi-gpu/tpch_pair_scan_audit_runs/pair_scan_20260701_051923/pairs/q5_then_q8
q5_then_q9,q5,0,5414.227999999999,37296.457,0.0,6.888601108043475,0.0,39616.285,2392.4090000000006,-34274.638000000006,/home/dy1013/sirius_multi-gpu/tpch_pair_scan_audit_runs/pair_scan_20260701_051923/pairs/q5_then_q9
q5_then_q9,q9,0,7285.862,63202.347,0.0,8.674656066776999,0.0,64972.594,3166.433,-59082.918,/home/dy1013/sirius_multi-gpu/tpch_pair_scan_audit_runs/pair_scan_20260701_051923/pairs/q5_then_q9
q6_then_q1,q6,0,3316.8030000000003,15653.250000000002,0.0,4.7193788717629594,0.0,16912.808,249.752,-12586.199000000002,/home/dy1013/sirius_multi-gpu/tpch_pair_scan_audit_runs/pair_scan_20260701_051923/pairs/q6_then_q1
q6_then_q1,q1,0,2901.116,17552.659,0.0,6.050312707247832,0.0,18221.497,1557.63,-16209.172999999999,/home/dy1013/sirius_multi-gpu/tpch_pair_scan_audit_runs/pair_scan_20260701_051923/pairs/q6_then_q1
q6_then_q10,q6,0,3251.1890000000003,13589.936000000002,0.0,4.1799895361358566,0.0,14821.771,213.453,-10552.2,/home/dy1013/sirius_multi-gpu/tpch_pair_scan_audit_runs/pair_scan_20260701_051923/pairs/q6_then_q10
q6_then_q10,q10,0,4545.046,25609.875,0.0,5.6346789449435715,0.0,26519.519,2782.9750000000004,-23847.803999999996,/home/dy1013/sirius_multi-gpu/tpch_pair_scan_audit_runs/pair_scan_20260701_051923/pairs/q6_then_q10
q6_then_q11,q6,0,3195.468,17097.596999999998,0.0,5.350576816916958,0.0,18055.479,205.00799999999998,-14107.136999999997,/home/dy1013/sirius_multi-gpu/tpch_pair_scan_audit_runs/pair_scan_20260701_051923/pairs/q6_then_q11
q6_then_q11,q11,0,1181.1970000000001,4599.169,0.0,3.8936511013827495,0.0,4627.266,397.599,-3815.571,/home/dy1013/sirius_multi-gpu/tpch_pair_scan_audit_runs/pair_scan_20260701_051923/pairs/q6_then_q11
q6_then_q12,q6,0,3262.08,17180.18,0.0,5.266633558956249,0.0,18150.772,269.642,-14187.742,/home/dy1013/sirius_multi-gpu/tpch_pair_scan_audit_runs/pair_scan_20260701_051923/pairs/q6_then_q12
q6_then_q12,q12,0,2565.599,13826.366,0.0,5.389137585413776,0.0,14534.904,334.873,-11595.64,/home/dy1013/sirius_multi-gpu/tpch_pair_scan_audit_runs/pair_scan_20260701_051923/pairs/q6_then_q12
q6_then_q13,q6,0,3276.914,16771.940000000002,0.0,5.1182118297886365,0.0,17749.194,279.171,-13774.197000000002,/home/dy1013/sirius_multi-gpu/tpch_pair_scan_audit_runs/pair_scan_20260701_051923/pairs/q6_then_q13
q6_then_q13,q13,0,2251.8120000000004,6197.818,0.0,2.7523692031128704,0.0,6607.423,754.9010000000001,-4700.907,/home/dy1013/sirius_multi-gpu/tpch_pair_scan_audit_runs/pair_scan_20260701_051923/pairs/q6_then_q13
q6_then_q14,q6,0,3305.18,17630.816,0.0,5.334298283300758,0.0,18578.035,277.03499999999997,-14602.670999999998,/home/dy1013/sirius_multi-gpu/tpch_pair_scan_audit_runs/pair_scan_20260701_051923/pairs/q6_then_q14
q6_then_q14,q14,0,3600.98,28279.421000000002,0.0,7.8532568911796234,0.0,29024.442,346.721,-25025.162000000004,/home/dy1013/sirius_multi-gpu/tpch_pair_scan_audit_runs/pair_scan_20260701_051923/pairs/q6_then_q14
q6_then_q15,q6,0,3282.317,16073.366000000002,0.0,4.8969572408758815,0.0,17044.236,300.173,-13091.222000000003,/home/dy1013/sirius_multi-gpu/tpch_pair_scan_audit_runs/pair_scan_20260701_051923/pairs/q6_then_q15
q6_then_q15,q15,0,3490.4700000000003,28238.413,0.0,8.090146312674223,0.0,28913.207,1038.0629999999999,-25786.005999999998,/home/dy1013/sirius_multi-gpu/tpch_pair_scan_audit_runs/pair_scan_20260701_051923/pairs/q6_then_q15
q6_then_q16,q6,0,3267.161,15366.359000000002,0.0,4.703275718582587,0.0,16325.823,246.47599999999997,-12345.674000000003,/home/dy1013/sirius_multi-gpu/tpch_pair_scan_audit_runs/pair_scan_20260701_051923/pairs/q6_then_q16
q6_then_q16,q16,0,1284.522,540.088,744.434,0.42045834948720223,0.5795416505127977,569.704,1283.5540000000003,-539.1200000000003,/home/dy1013/sirius_multi-gpu/tpch_pair_scan_audit_runs/pair_scan_20260701_051923/pairs/q6_then_q16
q6_then_q17,q6,0,3291.111,15149.579,0.0,4.603180810370723,0.0,16130.904,240.076,-12098.544,/home/dy1013/sirius_multi-gpu/tpch_pair_scan_audit_runs/pair_scan_20260701_051923/pairs/q6_then_q17
q6_then_q17,q17,0,5309.271,38473.412,0.0,7.246458506261971,0.0,39569.793,1004.9259999999999,-34169.066999999995,/home/dy1013/sirius_multi-gpu/tpch_pair_scan_audit_runs/pair_scan_20260701_051923/pairs/q6_then_q17
q6_then_q18,q6,0,3291.703,17265.807,0.0,5.245250558753327,0.0,18515.122,217.204,-14191.308,/home/dy1013/sirius_multi-gpu/tpch_pair_scan_audit_runs/pair_scan_20260701_051923/pairs/q6_then_q18
q6_then_q18,q18,0,4196.917,17387.291,0.0,4.14287225599172,0.0,18088.73,2293.6270000000004,-15484.001,/home/dy1013/sirius_multi-gpu/tpch_pair_scan_audit_runs/pair_scan_20260701_051923/pairs/q6_then_q18
q6_then_q19,q6,0,3228.016,14602.402,0.0,4.523646103365039,0.0,15558.976,269.906,-11644.292000000001,/home/dy1013/sirius_multi-gpu/tpch_pair_scan_audit_runs/pair_scan_20260701_051923/pairs/q6_then_q19
q6_then_q19,q19,0,3778.197,34598.45,0.0,9.157397033558599,0.0,35452.683,1008.962,-31829.214999999997,/home/dy1013/sirius_multi-gpu/tpch_pair_scan_audit_runs/pair_scan_20260701_051923/pairs/q6_then_q19
q6_then_q2,q6,0,3207.662,14880.787999999999,0.0,4.639138412962462,0.0,15858.031,212.309,-11885.434999999998,/home/dy1013/sirius_multi-gpu/tpch_pair_scan_audit_runs/pair_scan_20260701_051923/pairs/q6_then_q2
q6_then_q2,q2,0,1514.7330000000002,2911.122,0.0,1.9218713793123934,0.0,2940.789,522.9839999999999,-1919.3729999999996,/home/dy1013/sirius_multi-gpu/tpch_pair_scan_audit_runs/pair_scan_20260701_051923/pairs/q6_then_q2
q6_then_q20,q6,0,3248.183,15411.381000000001,0.0,4.744615989924213,0.0,16327.364,263.681,-12426.879,/home/dy1013/sirius_multi-gpu/tpch_pair_scan_audit_runs/pair_scan_20260701_051923/pairs/q6_then_q20
q6_then_q20,q20,0,4222.352,30865.639000000003,0.0,7.310058232946946,0.0,31742.197,208.428,-26851.715000000004,/home/dy1013/sirius_multi-gpu/tpch_pair_scan_audit_runs/pair_scan_20260701_051923/pairs/q6_then_q20
q6_then_q21,q6,0,3229.7690000000002,15817.431999999999,0.0,4.8973880175331415,0.0,16788.47,250.784,-12838.446999999998,/home/dy1013/sirius_multi-gpu/tpch_pair_scan_audit_runs/pair_scan_20260701_051923/pairs/q6_then_q21
q6_then_q21,q21,0,9047.174,64477.82,0.0,7.126846460563264,0.0,66136.678,8200.007,-63630.653,/home/dy1013/sirius_multi-gpu/tpch_pair_scan_audit_runs/pair_scan_20260701_051923/pairs/q6_then_q21
q6_then_q22,q6,0,3251.843,15942.935999999998,0.0,4.9027385393452265,0.0,16876.605,261.49100000000004,-12952.583999999997,/home/dy1013/sirius_multi-gpu/tpch_pair_scan_audit_runs/pair_scan_20260701_051923/pairs/q6_then_q22
q6_then_q22,q22,0,1091.51,1042.331,49.17900000000009,0.9549440683090397,0.04505593169096031,1113.983,516.8009999999999,-467.62199999999984,/home/dy1013/sirius_multi-gpu/tpch_pair_scan_audit_runs/pair_scan_20260701_051923/pairs/q6_then_q22
q6_then_q3,q6,0,3326.531,16453.682,0.0,4.9461983068848605,0.0,17653.369,330.408,-13457.559000000001,/home/dy1013/sirius_multi-gpu/tpch_pair_scan_audit_runs/pair_scan_20260701_051923/pairs/q6_then_q3
q6_then_q3,q3,0,3604.299,23587.123000000003,0.0,6.544163788853257,0.0,24478.865,1987.301,-21970.125000000004,/home/dy1013/sirius_multi-gpu/tpch_pair_scan_audit_runs/pair_scan_20260701_051923/pairs/q6_then_q3
q6_then_q4,q6,0,3269.364,14223.168,0.0,4.350438800941101,0.0,15191.13,248.51899999999998,-11202.323,/home/dy1013/sirius_multi-gpu/tpch_pair_scan_audit_runs/pair_scan_20260701_051923/pairs/q6_then_q4
q6_then_q4,q4,0,2222.2019999999998,10137.372,0.0,4.561858912916108,0.0,10844.185,869.059,-8784.229,/home/dy1013/sirius_multi-gpu/tpch_pair_scan_audit_runs/pair_scan_20260701_051923/pairs/q6_then_q4
q6_then_q5,q6,0,3315.506,15926.132,0.0,4.803529838281095,0.0,16918.939,263.22499999999997,-12873.851,/home/dy1013/sirius_multi-gpu/tpch_pair_scan_audit_runs/pair_scan_20260701_051923/pairs/q6_then_q5
q6_then_q5,q5,0,4453.024,35844.412000000004,0.0,8.049454033932896,0.0,37247.819,2539.2460000000005,-33930.634000000005,/home/dy1013/sirius_multi-gpu/tpch_pair_scan_audit_runs/pair_scan_20260701_051923/pairs/q6_then_q5
q6_then_q7,q6,0,3301.548,16872.995,0.0,5.110631437131915,0.0,17894.687,207.50900000000001,-13778.956,/home/dy1013/sirius_multi-gpu/tpch_pair_scan_audit_runs/pair_scan_20260701_051923/pairs/q6_then_q7
q6_then_q7,q7,0,4771.018,40994.569,0.0,8.592415497070018,0.0,42958.687,1023.3829999999999,-37246.93400000001,/home/dy1013/sirius_multi-gpu/tpch_pair_scan_audit_runs/pair_scan_20260701_051923/pairs/q6_then_q7
q6_then_q8,q6,0,3316.2189999999996,16596.036,0.0,5.004505432240754,0.0,17900.592,353.583,-13633.400000000001,/home/dy1013/sirius_multi-gpu/tpch_pair_scan_audit_runs/pair_scan_20260701_051923/pairs/q6_then_q8
q6_then_q8,q8,0,5850.2429999999995,57155.543,0.0,9.769772469280337,0.0,59215.968,3247.505,-54552.80499999999,/home/dy1013/sirius_multi-gpu/tpch_pair_scan_audit_runs/pair_scan_20260701_051923/pairs/q6_then_q8
q6_then_q9,q6,0,3186.7999999999997,16577.269999999997,0.0,5.201854524915275,0.0,17555.081,196.247,-13586.716999999997,/home/dy1013/sirius_multi-gpu/tpch_pair_scan_audit_runs/pair_scan_20260701_051923/pairs/q6_then_q9
q7_then_q1,q7,0,5738.138,39874.834,0.0,6.949089408445737,0.0,44004.191,1080.2530000000002,-35216.949,/home/dy1013/sirius_multi-gpu/tpch_pair_scan_audit_runs/pair_scan_20260701_051923/pairs/q7_then_q1
q7_then_q1,q1,0,2845.903,17661.097999999998,0.0,6.205797597458521,0.0,17951.353,2051.267,-16866.462,/home/dy1013/sirius_multi-gpu/tpch_pair_scan_audit_runs/pair_scan_20260701_051923/pairs/q7_then_q1
q7_then_q10,q7,0,5532.072999999999,41462.307000000015,0.0,7.494895132439507,0.0,44357.016,1121.334,-37051.56800000002,/home/dy1013/sirius_multi-gpu/tpch_pair_scan_audit_runs/pair_scan_20260701_051923/pairs/q7_then_q10
q7_then_q10,q10,0,4455.876,25477.017000000003,0.0,5.717622528095486,0.0,26102.934,2511.6820000000002,-23532.823000000004,/home/dy1013/sirius_multi-gpu/tpch_pair_scan_audit_runs/pair_scan_20260701_051923/pairs/q7_then_q10
q7_then_q11,q7,0,5539.491,40320.27400000001,0.0,7.278696544502015,0.0,42832.177,1129.408,-35910.19100000001,/home/dy1013/sirius_multi-gpu/tpch_pair_scan_audit_runs/pair_scan_20260701_051923/pairs/q7_then_q11
q7_then_q11,q11,0,1162.2920000000001,4581.265,0.0,3.9415783641288074,0.0,4592.474,275.186,-3694.159,/home/dy1013/sirius_multi-gpu/tpch_pair_scan_audit_runs/pair_scan_20260701_051923/pairs/q7_then_q11
q7_then_q12,q7,0,5462.738,41098.975000000006,0.0,7.523512019064433,0.0,43565.724,1028.698,-36664.935000000005,/home/dy1013/sirius_multi-gpu/tpch_pair_scan_audit_runs/pair_scan_20260701_051923/pairs/q7_then_q12
q7_then_q12,q12,0,2651.595,15745.923,0.0,5.938283561403609,0.0,16107.021,516.602,-13610.930000000002,/home/dy1013/sirius_multi-gpu/tpch_pair_scan_audit_runs/pair_scan_20260701_051923/pairs/q7_then_q12
q7_then_q13,q7,0,5539.944,41734.83,0.0,7.5334389661700545,0.0,44261.09,1028.533,-37223.419,/home/dy1013/sirius_multi-gpu/tpch_pair_scan_audit_runs/pair_scan_20260701_051923/pairs/q7_then_q13
q7_then_q13,q13,0,2267.692,8339.523,0.0,3.67753777849902,0.0,8757.003,720.0699999999998,-6791.900999999999,/home/dy1013/sirius_multi-gpu/tpch_pair_scan_audit_runs/pair_scan_20260701_051923/pairs/q7_then_q13
q7_then_q14,q7,0,5621.987,40036.26799999999,0.0,7.121373279589581,0.0,42573.199,1277.0,-35691.28099999999,/home/dy1013/sirius_multi-gpu/tpch_pair_scan_audit_runs/pair_scan_20260701_051923/pairs/q7_then_q14
q7_then_q14,q14,0,3537.3579999999997,29606.466,0.0,8.369654979790003,0.0,30172.032,358.78,-26427.888,/home/dy1013/sirius_multi-gpu/tpch_pair_scan_audit_runs/pair_scan_20260701_051923/pairs/q7_then_q14
q7_then_q15,q7,0,5708.160000000001,43335.579999999994,0.0,7.591864979257762,0.0,45784.915,1359.237,-38986.65699999999,/home/dy1013/sirius_multi-gpu/tpch_pair_scan_audit_runs/pair_scan_20260701_051923/pairs/q7_then_q15
q7_then_q15,q15,0,3471.388,28100.034,0.0,8.094754605362466,0.0,28478.692,1150.2820000000002,-25778.928,/home/dy1013/sirius_multi-gpu/tpch_pair_scan_audit_runs/pair_scan_20260701_051923/pairs/q7_then_q15
q7_then_q16,q7,0,5592.968,40865.54699999999,0.0,7.306594101736322,0.0,43390.081,1110.444,-36383.022999999994,/home/dy1013/sirius_multi-gpu/tpch_pair_scan_audit_runs/pair_scan_20260701_051923/pairs/q7_then_q16
q7_then_q16,q16,0,1275.907,813.222,462.68499999999995,0.6373677705349998,0.3626322294650002,837.03,1130.274,-667.5889999999999,/home/dy1013/sirius_multi-gpu/tpch_pair_scan_audit_runs/pair_scan_20260701_051923/pairs/q7_then_q16
q7_then_q17,q7,0,5502.7390000000005,42261.280999999995,0.0,7.680044610511237,0.0,44719.863,1125.491,-37884.032999999996,/home/dy1013/sirius_multi-gpu/tpch_pair_scan_audit_runs/pair_scan_20260701_051923/pairs/q7_then_q17
q7_then_q17,q17,0,5468.188999999999,41778.51400000002,0.0,7.640283464964364,0.0,42539.318,1140.3539999999998,-37450.67900000002,/home/dy1013/sirius_multi-gpu/tpch_pair_scan_audit_runs/pair_scan_20260701_051923/pairs/q7_then_q17
q7_then_q18,q7,0,5573.367,39258.661,0.0,7.043975571678664,0.0,41797.215,1153.842,-34839.136,/home/dy1013/sirius_multi-gpu/tpch_pair_scan_audit_runs/pair_scan_20260701_051923/pairs/q7_then_q18
q7_then_q18,q18,0,4158.366,16940.9,0.0,4.073931924222159,0.0,17411.908,2367.06,-15149.594000000001,/home/dy1013/sirius_multi-gpu/tpch_pair_scan_audit_runs/pair_scan_20260701_051923/pairs/q7_then_q18
q7_then_q19,q7,0,5557.298000000001,42251.674,0.0,7.602916741193291,0.0,45146.818,1067.2730000000004,-37761.649,/home/dy1013/sirius_multi-gpu/tpch_pair_scan_audit_runs/pair_scan_20260701_051923/pairs/q7_then_q19
q7_then_q19,q19,0,3903.955,35336.007,0.0,9.05133563271093,0.0,35788.776,972.4399999999999,-32404.491999999995,/home/dy1013/sirius_multi-gpu/tpch_pair_scan_audit_runs/pair_scan_20260701_051923/pairs/q7_then_q19
q7_then_q2,q7,0,5790.56,43056.14200000001,0.0,7.435574797601614,0.0,45523.307,1239.9889999999998,-38505.57100000001,/home/dy1013/sirius_multi-gpu/tpch_pair_scan_audit_runs/pair_scan_20260701_051923/pairs/q7_then_q2
q7_then_q2,q2,0,1525.021,3014.639,0.0,1.9767852377114807,0.0,3029.439,442.19800000000004,-1931.8160000000003,/home/dy1013/sirius_multi-gpu/tpch_pair_scan_audit_runs/pair_scan_20260701_051923/pairs/q7_then_q2
q7_then_q20,q7,0,5537.553,39652.49800000001,0.0,7.160653451082095,0.0,42130.087,1217.4769999999996,-35332.422000000006,/home/dy1013/sirius_multi-gpu/tpch_pair_scan_audit_runs/pair_scan_20260701_051923/pairs/q7_then_q20
q7_then_q20,q20,0,4205.572,29024.807999999997,0.0,6.901512564759323,0.0,29667.25,203.041,-25022.277,/home/dy1013/sirius_multi-gpu/tpch_pair_scan_audit_runs/pair_scan_20260701_051923/pairs/q7_then_q20
q7_then_q21,q7,0,5539.595,42190.53499999999,0.0,7.616176814370001,0.0,44640.657,1030.376,-37681.315999999984,/home/dy1013/sirius_multi-gpu/tpch_pair_scan_audit_runs/pair_scan_20260701_051923/pairs/q7_then_q21
q7_then_q21,q21,0,8969.329,64598.91,0.0,7.2022009673187375,0.0,66055.032,7851.681999999999,-63481.263000000006,/home/dy1013/sirius_multi-gpu/tpch_pair_scan_audit_runs/pair_scan_20260701_051923/pairs/q7_then_q21
q7_then_q22,q7,0,5523.873,41605.373,0.0,7.531920628877601,0.0,44115.934,1014.266,-37095.766,/home/dy1013/sirius_multi-gpu/tpch_pair_scan_audit_runs/pair_scan_20260701_051923/pairs/q7_then_q22
q7_then_q22,q22,0,1050.505,1327.887,0.0,1.2640463396176123,0.0,1388.876,381.709,-659.0909999999999,/home/dy1013/sirius_multi-gpu/tpch_pair_scan_audit_runs/pair_scan_20260701_051923/pairs/q7_then_q22
q7_then_q3,q7,0,5732.8910000000005,41170.77599999999,0.0,7.181503363660671,0.0,44014.403,1165.7640000000001,-36603.64899999999,/home/dy1013/sirius_multi-gpu/tpch_pair_scan_audit_runs/pair_scan_20260701_051923/pairs/q7_then_q3
q7_then_q3,q3,0,3547.822,23433.261,0.0,6.604970880726259,0.0,24025.263,1949.764,-21835.202999999998,/home/dy1013/sirius_multi-gpu/tpch_pair_scan_audit_runs/pair_scan_20260701_051923/pairs/q7_then_q3
q7_then_q4,q7,0,5485.128,41157.924999999996,0.0,7.503548686557542,0.0,43651.52,1018.6609999999998,-36691.458,/home/dy1013/sirius_multi-gpu/tpch_pair_scan_audit_runs/pair_scan_20260701_051923/pairs/q7_then_q4
q7_then_q4,q4,0,2298.9739999999997,14188.851,0.0,6.171818820047553,0.0,14495.174,885.36,-12775.237000000001,/home/dy1013/sirius_multi-gpu/tpch_pair_scan_audit_runs/pair_scan_20260701_051923/pairs/q7_then_q4
q7_then_q5,q7,0,5517.052,40322.41900000001,0.0,7.308689314510723,0.0,43253.831,1012.5220000000002,-35817.88900000001,/home/dy1013/sirius_multi-gpu/tpch_pair_scan_audit_runs/pair_scan_20260701_051923/pairs/q7_then_q5
q7_then_q5,q5,0,4638.547,38649.786,0.0,8.332304491039976,0.0,39876.37,2318.15,-36329.389,/home/dy1013/sirius_multi-gpu/tpch_pair_scan_audit_runs/pair_scan_20260701_051923/pairs/q7_then_q5
q7_then_q6,q7,0,5566.477,41540.310999999994,0.0,7.462585581508734,0.0,44355.626,1129.122,-37102.956,/home/dy1013/sirius_multi-gpu/tpch_pair_scan_audit_runs/pair_scan_20260701_051923/pairs/q7_then_q6
q7_then_q6,q6,0,2409.132,12191.352,0.0,5.060474893032014,0.0,12455.133,173.547,-9955.767000000002,/home/dy1013/sirius_multi-gpu/tpch_pair_scan_audit_runs/pair_scan_20260701_051923/pairs/q7_then_q6
q7_then_q8,q7,0,5558.023999999999,42155.542,0.0,7.584627558283304,0.0,44728.233,1123.074,-37720.592000000004,/home/dy1013/sirius_multi-gpu/tpch_pair_scan_audit_runs/pair_scan_20260701_051923/pairs/q7_then_q8
q7_then_q8,q8,0,5883.3820000000005,57509.198,0.0,9.774853647102974,0.0,59290.071,3359.1600000000003,-54984.976,/home/dy1013/sirius_multi-gpu/tpch_pair_scan_audit_runs/pair_scan_20260701_051923/pairs/q7_then_q8
q7_then_q9,q7,0,5510.837,44293.41599999999,0.0,8.037511543164856,0.0,46853.366,1065.9899999999998,-39848.56899999999,/home/dy1013/sirius_multi-gpu/tpch_pair_scan_audit_runs/pair_scan_20260701_051923/pairs/q7_then_q9
q7_then_q9,q9,0,10837.536,57781.102999999996,0.0,5.331571955101233,0.0,59668.951,3402.368,-50345.935,/home/dy1013/sirius_multi-gpu/tpch_pair_scan_audit_runs/pair_scan_20260701_051923/pairs/q7_then_q9
q8_then_q1,q8,0,6809.7339999999995,56130.104999999996,0.0,8.242628126150008,0.0,59544.23,2721.869,-52042.24,/home/dy1013/sirius_multi-gpu/tpch_pair_scan_audit_runs/pair_scan_20260701_051923/pairs/q8_then_q1
q8_then_q1,q1,0,2997.288,17325.000000000004,0.0,5.780225323692619,0.0,17594.392,1804.593,-16132.305000000004,/home/dy1013/sirius_multi-gpu/tpch_pair_scan_audit_runs/pair_scan_20260701_051923/pairs/q8_then_q1
q8_then_q10,q8,0,7027.291,59892.79200000001,0.0,8.522884849937196,0.0,63206.907,3262.09,-56127.591000000015,/home/dy1013/sirius_multi-gpu/tpch_pair_scan_audit_runs/pair_scan_20260701_051923/pairs/q8_then_q10
q8_then_q10,q10,0,4490.144,28164.236000000004,0.0,6.272457186228326,0.0,28704.069,3657.018,-27331.110000000004,/home/dy1013/sirius_multi-gpu/tpch_pair_scan_audit_runs/pair_scan_20260701_051923/pairs/q8_then_q10
q8_then_q11,q8,0,6967.895,59238.78199999999,0.0,8.501675470138398,0.0,62266.517,3041.343,-55312.22999999999,/home/dy1013/sirius_multi-gpu/tpch_pair_scan_audit_runs/pair_scan_20260701_051923/pairs/q8_then_q11
q8_then_q11,q11,0,1172.204,4786.869,0.0,4.083648409321245,0.0,4795.582,299.808,-3914.473,/home/dy1013/sirius_multi-gpu/tpch_pair_scan_audit_runs/pair_scan_20260701_051923/pairs/q8_then_q11
q8_then_q13,q8,0,6970.150000000001,57592.43000000001,0.0,8.26272461855197,0.0,60719.526,3128.2380000000003,-53750.518000000004,/home/dy1013/sirius_multi-gpu/tpch_pair_scan_audit_runs/pair_scan_20260701_051923/pairs/q8_then_q13
q8_then_q13,q13,0,2318.345,8571.153,0.0,3.6970998708130156,0.0,8994.018,714.645,-6967.453000000001,/home/dy1013/sirius_multi-gpu/tpch_pair_scan_audit_runs/pair_scan_20260701_051923/pairs/q8_then_q13
q8_then_q14,q8,0,6967.4,59802.49800000001,0.0,8.58318712862761,0.0,62864.338,3138.227,-55973.325000000004,/home/dy1013/sirius_multi-gpu/tpch_pair_scan_audit_runs/pair_scan_20260701_051923/pairs/q8_then_q14
q8_then_q14,q14,0,3614.58,32017.666,0.0,8.85792152891899,0.0,32603.981,366.31100000000004,-28769.397000000004,/home/dy1013/sirius_multi-gpu/tpch_pair_scan_audit_runs/pair_scan_20260701_051923/pairs/q8_then_q14
q8_then_q15,q8,0,6849.8099999999995,55858.677999999985,0.0,8.15477772376168,0.0,59143.288,3055.712,-52064.57999999999,/home/dy1013/sirius_multi-gpu/tpch_pair_scan_audit_runs/pair_scan_20260701_051923/pairs/q8_then_q15
q8_then_q15,q15,0,3529.611,30826.639000000003,0.0,8.733721364762294,0.0,31206.172,1157.624,-28454.652000000002,/home/dy1013/sirius_multi-gpu/tpch_pair_scan_audit_runs/pair_scan_20260701_051923/pairs/q8_then_q15
q8_then_q16,q8,0,6943.385,58778.593,0.0,8.465408874777935,0.0,62475.679,2844.6470000000004,-54679.854999999996,/home/dy1013/sirius_multi-gpu/tpch_pair_scan_audit_runs/pair_scan_20260701_051923/pairs/q8_then_q16
q8_then_q16,q16,0,1143.91,768.511,375.3990000000001,0.6718282032677395,0.3281717967322605,792.354,983.231,-607.8319999999999,/home/dy1013/sirius_multi-gpu/tpch_pair_scan_audit_runs/pair_scan_20260701_051923/pairs/q8_then_q16
q8_then_q17,q8,0,6916.280000000001,57789.294000000016,0.0,8.35554575581093,0.0,60988.892,2901.6929999999998,-53774.70700000002,/home/dy1013/sirius_multi-gpu/tpch_pair_scan_audit_runs/pair_scan_20260701_051923/pairs/q8_then_q17
q8_then_q17,q17,0,5497.201999999999,42113.80999999999,0.0,7.660953699718511,0.0,42855.356,1306.426,-37923.03399999999,/home/dy1013/sirius_multi-gpu/tpch_pair_scan_audit_runs/pair_scan_20260701_051923/pairs/q8_then_q17
q8_then_q18,q8,0,6922.973,59592.060000000005,0.0,8.60787121371122,0.0,62601.443,3258.232,-55927.319,/home/dy1013/sirius_multi-gpu/tpch_pair_scan_audit_runs/pair_scan_20260701_051923/pairs/q8_then_q18
q8_then_q18,q18,0,4330.39,18107.384,0.0,4.181467258145339,0.0,18515.124,3344.627,-17121.621,/home/dy1013/sirius_multi-gpu/tpch_pair_scan_audit_runs/pair_scan_20260701_051923/pairs/q8_then_q18
q8_then_q19,q8,0,7076.11,61728.51000000001,0.0,8.723509103165442,0.0,65138.021,3212.554,-57864.95400000001,/home/dy1013/sirius_multi-gpu/tpch_pair_scan_audit_runs/pair_scan_20260701_051923/pairs/q8_then_q19
q8_then_q19,q19,0,3914.402,34757.137,0.0,8.87929676103783,0.0,35224.086,973.5319999999999,-31816.267,/home/dy1013/sirius_multi-gpu/tpch_pair_scan_audit_runs/pair_scan_20260701_051923/pairs/q8_then_q19
q8_then_q2,q8,0,6962.903,60127.288,0.0,8.635376365289018,0.0,63663.503,3128.4770000000003,-56292.862,/home/dy1013/sirius_multi-gpu/tpch_pair_scan_audit_runs/pair_scan_20260701_051923/pairs/q8_then_q2
q8_then_q2,q2,0,1544.117,3054.763,0.0,1.9783235337736713,0.0,3072.562,390.882,-1901.528,/home/dy1013/sirius_multi-gpu/tpch_pair_scan_audit_runs/pair_scan_20260701_051923/pairs/q8_then_q2
q8_then_q21,q8,0,6725.768,56439.54200000002,0.0,8.39153863172206,0.0,59474.858,2898.603,-52612.37700000002,/home/dy1013/sirius_multi-gpu/tpch_pair_scan_audit_runs/pair_scan_20260701_051923/pairs/q8_then_q21
q8_then_q21,q21,0,8939.092,65509.78700000002,0.0,7.328460989102698,0.0,66847.395,6886.137,-63456.832000000024,/home/dy1013/sirius_multi-gpu/tpch_pair_scan_audit_runs/pair_scan_20260701_051923/pairs/q8_then_q21
q8_then_q22,q8,0,6916.141,58444.083,0.0,8.450389169335907,0.0,61765.869,3080.856,-54608.797999999995,/home/dy1013/sirius_multi-gpu/tpch_pair_scan_audit_runs/pair_scan_20260701_051923/pairs/q8_then_q22
q8_then_q22,q22,0,1180.959,1203.85,0.0,1.0193833994236885,0.0,1266.529,494.226,-517.1169999999998,/home/dy1013/sirius_multi-gpu/tpch_pair_scan_audit_runs/pair_scan_20260701_051923/pairs/q8_then_q22
q8_then_q3,q8,0,6983.039,58498.775,0.0,8.377265972594454,0.0,61617.294,3271.491,-54787.227000000006,/home/dy1013/sirius_multi-gpu/tpch_pair_scan_audit_runs/pair_scan_20260701_051923/pairs/q8_then_q3
q8_then_q3,q3,0,3692.958,24370.125,0.0,6.599079924548289,0.0,24889.286,2093.863,-22771.030000000002,/home/dy1013/sirius_multi-gpu/tpch_pair_scan_audit_runs/pair_scan_20260701_051923/pairs/q8_then_q3
q8_then_q4,q8,0,6931.340999999999,59697.52199999999,0.0,8.612694426662891,0.0,63106.27,2832.044,-55598.22499999999,/home/dy1013/sirius_multi-gpu/tpch_pair_scan_audit_runs/pair_scan_20260701_051923/pairs/q8_then_q4
q8_then_q4,q4,0,2271.973,13865.601,0.0,6.10288986708909,0.0,14156.275,710.067,-12303.695,/home/dy1013/sirius_multi-gpu/tpch_pair_scan_audit_runs/pair_scan_20260701_051923/pairs/q8_then_q4
q8_then_q5,q8,0,6944.9490000000005,61135.31700000002,0.0,8.802846068416056,0.0,64365.236,2853.867,-57044.235000000015,/home/dy1013/sirius_multi-gpu/tpch_pair_scan_audit_runs/pair_scan_20260701_051923/pairs/q8_then_q5
q8_then_q5,q5,0,4498.219,39344.67,0.0,8.74672175810026,0.0,40470.896,2120.6079999999997,-36967.059,/home/dy1013/sirius_multi-gpu/tpch_pair_scan_audit_runs/pair_scan_20260701_051923/pairs/q8_then_q5
q8_then_q6,q8,0,6743.312000000001,58425.359000000004,0.0,8.664193351872195,0.0,61758.202,2948.720999999999,-54630.768000000004,/home/dy1013/sirius_multi-gpu/tpch_pair_scan_audit_runs/pair_scan_20260701_051923/pairs/q8_then_q6
q8_then_q6,q6,0,2500.053,15310.123,0.0,6.1239193729092944,0.0,15515.128,213.77899999999997,-13023.849,/home/dy1013/sirius_multi-gpu/tpch_pair_scan_audit_runs/pair_scan_20260701_051923/pairs/q8_then_q6
q8_then_q7,q8,0,6995.414000000001,58337.777,0.0,8.339431661943095,0.0,61357.945,3090.228,-54432.591,/home/dy1013/sirius_multi-gpu/tpch_pair_scan_audit_runs/pair_scan_20260701_051923/pairs/q8_then_q7
q8_then_q7,q7,0,4816.634,43093.99399999999,0.0,8.946910643407822,0.0,44429.538,968.9010000000001,-39246.26099999999,/home/dy1013/sirius_multi-gpu/tpch_pair_scan_audit_runs/pair_scan_20260701_051923/pairs/q8_then_q7
q8_then_q9,q8,0,7020.6759999999995,57675.63599999999,0.0,8.215111479293446,0.0,60781.484,3169.999,-53824.95899999999,/home/dy1013/sirius_multi-gpu/tpch_pair_scan_audit_runs/pair_scan_20260701_051923/pairs/q8_then_q9
q8_then_q9,q9,0,10684.586,62642.13000000001,0.0,5.8628504651467095,0.0,64552.621,3651.917,-55609.46100000001,/home/dy1013/sirius_multi-gpu/tpch_pair_scan_audit_runs/pair_scan_20260701_051923/pairs/q8_then_q9
q9_then_q1,q9,0,10543.702,61501.72300000001,0.0,5.833029328787936,0.0,64583.758,3520.0470000000005,-54478.068000000014,/home/dy1013/sirius_multi-gpu/tpch_pair_scan_audit_runs/pair_scan_20260701_051923/pairs/q9_then_q1
q9_then_q1,q1,0,2764.68,15832.742999999999,0.0,5.7267904422935025,0.0,16206.627,1332.0869999999998,-14400.149999999998,/home/dy1013/sirius_multi-gpu/tpch_pair_scan_audit_runs/pair_scan_20260701_051923/pairs/q9_then_q1
q9_then_q10,q9,0,7466.71,65868.32699999998,0.0,8.821599740715786,0.0,69555.416,2948.083,-61349.699999999975,/home/dy1013/sirius_multi-gpu/tpch_pair_scan_audit_runs/pair_scan_20260701_051923/pairs/q9_then_q10
q9_then_q10,q10,0,4414.09,24786.077,0.0,5.615217859173692,0.0,25360.889,2564.1969999999997,-22936.184,/home/dy1013/sirius_multi-gpu/tpch_pair_scan_audit_runs/pair_scan_20260701_051923/pairs/q9_then_q10
q9_then_q11,q9,0,11411.988,58392.50400000003,0.0,5.116768787348885,0.0,61886.719,3600.018,-50580.53400000003,/home/dy1013/sirius_multi-gpu/tpch_pair_scan_audit_runs/pair_scan_20260701_051923/pairs/q9_then_q11
q9_then_q11,q11,0,1170.719,4872.0070000000005,0.0,4.161551149336434,0.0,4881.462,205.102,-3906.3900000000003,/home/dy1013/sirius_multi-gpu/tpch_pair_scan_audit_runs/pair_scan_20260701_051923/pairs/q9_then_q11
q9_then_q12,q9,0,7406.803,61098.62499999999,0.0,8.248987451131073,0.0,64300.905,2609.387,-56301.208999999995,/home/dy1013/sirius_multi-gpu/tpch_pair_scan_audit_runs/pair_scan_20260701_051923/pairs/q9_then_q12
q9_then_q12,q12,0,2620.857,14923.963999999998,0.0,5.694306862221021,0.0,15365.086,417.46900000000005,-12720.575999999997,/home/dy1013/sirius_multi-gpu/tpch_pair_scan_audit_runs/pair_scan_20260701_051923/pairs/q9_then_q12
q9_then_q13,q9,0,7297.005,62008.168,0.0,8.497755997152256,0.0,65159.167,2520.2200000000007,-57231.383,/home/dy1013/sirius_multi-gpu/tpch_pair_scan_audit_runs/pair_scan_20260701_051923/pairs/q9_then_q13
q9_then_q13,q13,0,2260.317,8209.951000000001,0.0,3.6322122074027674,0.0,8597.821,686.189,-6635.823000000001,/home/dy1013/sirius_multi-gpu/tpch_pair_scan_audit_runs/pair_scan_20260701_051923/pairs/q9_then_q13
q9_then_q14,q9,0,7269.664,61217.92499999999,0.0,8.42101161759333,0.0,64337.99,2777.5040000000004,-56725.76499999999,/home/dy1013/sirius_multi-gpu/tpch_pair_scan_audit_runs/pair_scan_20260701_051923/pairs/q9_then_q14
q9_then_q14,q14,0,3564.861,31833.412000000004,0.0,8.929776504609858,0.0,32450.569,361.29999999999995,-28629.851000000002,/home/dy1013/sirius_multi-gpu/tpch_pair_scan_audit_runs/pair_scan_20260701_051923/pairs/q9_then_q14
q9_then_q15,q9,0,11726.990000000002,59430.262,0.0,5.067818937340272,0.0,62583.583,3359.8179999999998,-51063.09,/home/dy1013/sirius_multi-gpu/tpch_pair_scan_audit_runs/pair_scan_20260701_051923/pairs/q9_then_q15
q9_then_q15,q15,0,3459.663,27080.715,0.0,7.827558637936701,0.0,27709.766,1046.4189999999999,-24667.470999999998,/home/dy1013/sirius_multi-gpu/tpch_pair_scan_audit_runs/pair_scan_20260701_051923/pairs/q9_then_q15
q9_then_q16,q9,0,8366.099999999999,62577.22600000001,0.0,7.479856324930377,0.0,65663.905,3468.588,-57679.714000000014,/home/dy1013/sirius_multi-gpu/tpch_pair_scan_audit_runs/pair_scan_20260701_051923/pairs/q9_then_q16
q9_then_q16,q16,0,1514.778,815.7890000000001,698.9889999999999,0.5385535042098579,0.46144649579014213,842.21,1589.4869999999996,-890.4979999999997,/home/dy1013/sirius_multi-gpu/tpch_pair_scan_audit_runs/pair_scan_20260701_051923/pairs/q9_then_q16
q9_then_q17,q9,0,8161.1630000000005,62440.54199999998,0.0,7.650936759871109,0.0,66021.03,3576.1320000000005,-57855.51099999998,/home/dy1013/sirius_multi-gpu/tpch_pair_scan_audit_runs/pair_scan_20260701_051923/pairs/q9_then_q17
q9_then_q17,q17,0,5407.552,38717.229999999996,0.0,7.159844232658326,0.0,39515.526,892.057,-34201.735,/home/dy1013/sirius_multi-gpu/tpch_pair_scan_audit_runs/pair_scan_20260701_051923/pairs/q9_then_q17
q9_then_q18,q9,0,7569.968,65228.28200000001,0.0,8.616718326946694,0.0,68413.706,2970.193,-60628.507000000005,/home/dy1013/sirius_multi-gpu/tpch_pair_scan_audit_runs/pair_scan_20260701_051923/pairs/q9_then_q18
q9_then_q18,q18,0,4128.897,16709.317,0.0,4.046920279193208,0.0,17281.837,2470.5029999999997,-15050.922999999999,/home/dy1013/sirius_multi-gpu/tpch_pair_scan_audit_runs/pair_scan_20260701_051923/pairs/q9_then_q18
q9_then_q19,q9,0,9345.611,64418.73200000001,0.0,6.892939584153461,0.0,67577.661,3415.6990000000005,-58488.820000000014,/home/dy1013/sirius_multi-gpu/tpch_pair_scan_audit_runs/pair_scan_20260701_051923/pairs/q9_then_q19
q9_then_q19,q19,0,3867.532,33837.373,0.0,8.749086756101823,0.0,34383.659,912.2929999999998,-30882.134000000002,/home/dy1013/sirius_multi-gpu/tpch_pair_scan_audit_runs/pair_scan_20260701_051923/pairs/q9_then_q19
q9_then_q2,q9,0,11449.588,55101.33099999999,0.0,4.81251648530934,0.0,58150.828,3267.4969999999994,-46919.23999999999,/home/dy1013/sirius_multi-gpu/tpch_pair_scan_audit_runs/pair_scan_20260701_051923/pairs/q9_then_q2
q9_then_q2,q2,0,1494.0359999999998,2912.0359999999996,0.0,1.9491069826965348,0.0,2933.88,428.06499999999994,-1846.0649999999996,/home/dy1013/sirius_multi-gpu/tpch_pair_scan_audit_runs/pair_scan_20260701_051923/pairs/q9_then_q2
q9_then_q20,q9,0,9418.245,65827.455,0.0,6.989354704618536,0.0,68954.803,3771.625,-60180.835,/home/dy1013/sirius_multi-gpu/tpch_pair_scan_audit_runs/pair_scan_20260701_051923/pairs/q9_then_q20
q9_then_q20,q20,0,4188.5,29538.575,0.0,7.052303927420318,0.0,30183.666,162.76,-25512.835,/home/dy1013/sirius_multi-gpu/tpch_pair_scan_audit_runs/pair_scan_20260701_051923/pairs/q9_then_q20
q9_then_q21,q9,0,11707.99,59949.005000000005,0.0,5.12034986364013,0.0,63045.224,3764.9329999999995,-52005.948000000004,/home/dy1013/sirius_multi-gpu/tpch_pair_scan_audit_runs/pair_scan_20260701_051923/pairs/q9_then_q21
q9_then_q21,q21,0,9026.351999999999,67670.04800000001,0.0,7.496943172612814,0.0,69194.083,7631.209,-66274.90500000001,/home/dy1013/sirius_multi-gpu/tpch_pair_scan_audit_runs/pair_scan_20260701_051923/pairs/q9_then_q21
q9_then_q22,q9,0,9676.292,65685.079,0.0,6.788248949080908,0.0,68777.394,3381.6050000000005,-59390.392,/home/dy1013/sirius_multi-gpu/tpch_pair_scan_audit_runs/pair_scan_20260701_051923/pairs/q9_then_q22
q9_then_q22,q22,0,1029.905,1210.9379999999999,0.0,1.1757764065617702,0.0,1269.994,375.63100000000003,-556.664,/home/dy1013/sirius_multi-gpu/tpch_pair_scan_audit_runs/pair_scan_20260701_051923/pairs/q9_then_q22
q9_then_q3,q9,0,10359.973,65294.77499999998,0.0,6.302600885156745,0.0,68400.235,3458.357,-58393.158999999985,/home/dy1013/sirius_multi-gpu/tpch_pair_scan_audit_runs/pair_scan_20260701_051923/pairs/q9_then_q3
q9_then_q3,q3,0,3591.368,23379.566,0.0,6.509933262199808,0.0,24015.276,1816.494,-21604.692,/home/dy1013/sirius_multi-gpu/tpch_pair_scan_audit_runs/pair_scan_20260701_051923/pairs/q9_then_q3
q9_then_q4,q9,0,7243.697,56389.549,0.0,7.784636629610542,0.0,59644.741,2752.672,-51898.524,/home/dy1013/sirius_multi-gpu/tpch_pair_scan_audit_runs/pair_scan_20260701_051923/pairs/q9_then_q4
q9_then_q4,q4,0,2199.74,11915.591999999999,0.0,5.416818351259694,0.0,12266.337,733.9870000000001,-10449.839,/home/dy1013/sirius_multi-gpu/tpch_pair_scan_audit_runs/pair_scan_20260701_051923/pairs/q9_then_q4
q9_then_q5,q9,0,10164.422999999999,68109.046,0.0,6.700729200270395,0.0,71747.314,3791.514,-61736.13700000001,/home/dy1013/sirius_multi-gpu/tpch_pair_scan_audit_runs/pair_scan_20260701_051923/pairs/q9_then_q5
q9_then_q5,q5,0,4557.537,37618.505,0.0,8.254130465644051,0.0,38843.353,2460.194,-35521.162,/home/dy1013/sirius_multi-gpu/tpch_pair_scan_audit_runs/pair_scan_20260701_051923/pairs/q9_then_q5
q9_then_q6,q9,0,8377.744,62985.66600000002,0.0,7.518213256456632,0.0,66096.723,3474.272,-58082.19400000002,/home/dy1013/sirius_multi-gpu/tpch_pair_scan_audit_runs/pair_scan_20260701_051923/pairs/q9_then_q6
q9_then_q6,q6,0,2393.712,11792.072,0.0,4.926270161155561,0.0,12083.295,159.152,-9557.512,/home/dy1013/sirius_multi-gpu/tpch_pair_scan_audit_runs/pair_scan_20260701_051923/pairs/q9_then_q6
q9_then_q7,q9,0,7299.932,60673.137,0.0,8.31146605201254,0.0,63854.204,2673.095,-56046.3,/home/dy1013/sirius_multi-gpu/tpch_pair_scan_audit_runs/pair_scan_20260701_051923/pairs/q9_then_q7
q9_then_q7,q7,0,4710.759999999999,43136.116,0.0,9.156933488439234,0.0,44525.902,1073.3709999999999,-39498.727,/home/dy1013/sirius_multi-gpu/tpch_pair_scan_audit_runs/pair_scan_20260701_051923/pairs/q9_then_q7
q9_then_q8,q9,0,11493.542,58215.742999999995,0.0,5.065082896116793,0.0,61390.415,3561.7189999999996,-50283.91999999999,/home/dy1013/sirius_multi-gpu/tpch_pair_scan_audit_runs/pair_scan_20260701_051923/pairs/q9_then_q8
q9_then_q8,q8,0,6034.919000000001,59525.89900000001,0.0,9.863578782084732,0.0,61303.312,3138.753,-56629.73300000001,/home/dy1013/sirius_multi-gpu/tpch_pair_scan_audit_runs/pair_scan_20260701_051923/pairs/q9_then_q8
