[2026-07-09 04:20:34.518] [info] [sirius_context.cpp:957] Loaded Sirius configuration from file: /home/dy1013/sirius_multi-gpu/experiment/fixed_page_runs/allq_5x_7gb_fixed/configs/sirius_2gpu.yaml
[2026-07-09 04:20:34.525] [info] [telemetry_context.cpp:78] Telemetry context initialized (engine=siriusDB)
[2026-07-09 04:20:34.525] [info] [sirius_context.cpp:296] SiriusContext: topology summary — 2 GPU(s), 1 NUMA node(s), host='hicys76'
[2026-07-09 04:20:34.525] [info] [sirius_context.cpp:301]   GPU 0: NVIDIA RTX A5000 (numa=0, pci=00000000:AC:00.0)
[2026-07-09 04:20:34.525] [info] [sirius_context.cpp:301]   GPU 1: NVIDIA RTX A5000 (numa=0, pci=00000000:CA:00.0)
[2026-07-09 04:20:34.679] [warning] [sirius_context.cpp:311] SiriusContext: disk memory space is not configured; spilling GPU or HOST data to disk is disabled. If queries run out of GPU/HOST memory, downgrades to disk will not be possible.
[2026-07-09 04:20:34.679] [info] [sirius_context.cpp:323] SiriusContext: 1 host memory space(s) created for 1 NUMA node(s)
[2026-07-09 04:20:34.681] [info] [sirius_context.cpp:376] SiriusContext: P2P enabled 0 -> 1
[2026-07-09 04:20:34.681] [info] [sirius_context.cpp:376] SiriusContext: P2P enabled 1 -> 0
[2026-07-09 04:20:34.698] [info] [sirius_context.cpp:436] SiriusContext: cuDF pinned memory resource configured (NUMA-aware, max slab 8192 B, fallback node=0)
[2026-07-09 04:20:34.701] [info] [sirius_context.cpp:918] Connection opened.
[2026-07-09 04:20:34.701] [info] [sirius_context.cpp:931] Extension loaded: sirius
[2026-07-09 04:20:34.701] [info] [sirius_context.cpp:217] QueryEnd
[2026-07-09 04:20:34.710] [info] [:] [host_pool] HOST:0 QueryEnd allocated=67108864 bytes peak=67108864 bytes free_blocks=448
[2026-07-09 04:20:34.710] [info] [:] [gpu_pool] GPU:0 QueryEnd allocated=0 bytes peak=0 bytes reserved=0 bytes
[2026-07-09 04:20:34.710] [info] [:] [gpu_pool] GPU:1 QueryEnd allocated=0 bytes peak=0 bytes reserved=0 bytes
[2026-07-09 04:20:34.710] [info] [:] [host_pool] HOST:0 QueryBegin allocated=67108864 bytes peak=67108864 bytes free_blocks=448
[2026-07-09 04:20:34.710] [info] [:] [gpu_pool] GPU:0 QueryBegin allocated=0 bytes peak=0 bytes reserved=0 bytes
[2026-07-09 04:20:34.710] [info] [:] [gpu_pool] GPU:1 QueryBegin allocated=0 bytes peak=0 bytes reserved=0 bytes
[2026-07-09 04:20:34.710] [info] [sirius_context.cpp:201] QueryBegin: SQL: SET gpu_execution = true;
[2026-07-09 04:20:34.711] [info] [sirius_context.cpp:217] QueryEnd
[2026-07-09 04:20:34.720] [info] [:] [host_pool] HOST:0 QueryEnd allocated=67108864 bytes peak=67108864 bytes free_blocks=448
[2026-07-09 04:20:34.720] [info] [:] [gpu_pool] GPU:0 QueryEnd allocated=0 bytes peak=0 bytes reserved=0 bytes
[2026-07-09 04:20:34.720] [info] [:] [gpu_pool] GPU:1 QueryEnd allocated=0 bytes peak=0 bytes reserved=0 bytes
[2026-07-09 04:20:34.720] [info] [:] [host_pool] HOST:0 QueryBegin allocated=67108864 bytes peak=67108864 bytes free_blocks=448
[2026-07-09 04:20:34.720] [info] [:] [gpu_pool] GPU:0 QueryBegin allocated=0 bytes peak=0 bytes reserved=0 bytes
[2026-07-09 04:20:34.720] [info] [:] [gpu_pool] GPU:1 QueryBegin allocated=0 bytes peak=0 bytes reserved=0 bytes
[2026-07-09 04:20:34.720] [info] [sirius_context.cpp:201] QueryBegin: SQL: select o.o_orderpriority, count(*) as order_count from orders o where o.o_orderdate >= date '1996-10-01' and o.o_orderdate < date '1997-01-01' and exists ( select * from lineitem l where l.l_orderkey = o.o_orderkey and l.l_commitdate < l.l_receiptdate ) group by o.o_orderpriority order by o.o_orderpriority
[2026-07-09 04:20:34.996] [info] [sirius_plan_get.cpp:267] [sirius_plan_get] LogicalGet has dynamic_filters attached (channel key=0x58684a19b260).
[2026-07-09 04:20:34.996] [info] [sirius_plan_comparison_join.cpp:601] [sirius_plan_comparison_join] Wired hash join with 1 dynamic-filter probe target(s) (build est 0 rows).
[2026-07-09 04:20:35.010] [info] [sirius_context.cpp:865] Transparent execution: Sirius physical plan generated successfully
[2026-07-09 04:20:35.019] [info] [sirius_context.cpp:877] Transparent execution: physical plan replaced with GPU operator
[2026-07-09 04:20:35.019] [info] [physical_sirius_execution.cpp:97] Transparent GPU execution: executing query
[2026-07-09 04:20:35.087] [info] [sirius_plan_get.cpp:267] [sirius_plan_get] LogicalGet has dynamic_filters attached (channel key=0x58684a19b260).
[2026-07-09 04:20:35.087] [info] [sirius_plan_comparison_join.cpp:601] [sirius_plan_comparison_join] Wired hash join with 1 dynamic-filter probe target(s) (build est 0 rows).
[2026-07-09 04:20:35.087] [info] [sirius_engine.cpp:375] Query Plan:
=== Pipeline Overview ===
Pipeline #0: GPU_SCAN (id=25) -> LEFT_DELIM_JOIN (id=19)
Pipeline #1: PARTITION (id=26)
  Input: <- Pipeline #0 [on: PARTITION (id=26), port: default, barrier: FULL]
  Dependencies: Pipeline #0
  Output: -> MERGE_GROUP_BY [port: default, barrier: FULL]
Pipeline #2: MERGE_GROUP_BY (id=27)
  Input: <- Pipeline #1 [on: MERGE_GROUP_BY (id=27), port: default, barrier: FULL]
  Dependencies: Pipeline #1
  Output: -> PARTITION [port: default, barrier: FULL]
Pipeline #3: PARTITION (id=29)
  Input: <- Pipeline #2 [on: PARTITION (id=29), port: default, barrier: FULL]
  Dependencies: Pipeline #2
  Output: -> CONCAT [port: default, barrier: PARTIAL]
Pipeline #4: CONCAT (id=28)
  Input: <- Pipeline #3 [on: CONCAT (id=28), port: default, barrier: PARTIAL]
  Dependencies: Pipeline #3
  Output: -> HASH_JOIN [port: build, barrier: FULL]
Pipeline #5: GPU_SCAN (id=30) -> DYNAMIC_FILTER (id=31) -> FILTER (id=14)
  Output: -> PARTITION [port: default, barrier: PARTIAL]
Pipeline #6: PARTITION (id=33)
  Input: <- Pipeline #5 [on: PARTITION (id=33), port: default, barrier: PARTIAL]
  Dependencies: Pipeline #5
  Output: -> CONCAT [port: default, barrier: PARTIAL]
Pipeline #7: CONCAT (id=32)
  Input: <- Pipeline #6 [on: CONCAT (id=32), port: default, barrier: PARTIAL]
  Dependencies: Pipeline #6
  Output: -> HASH_JOIN [port: default, barrier: FULL]
Pipeline #8: HASH_JOIN (id=16) -> PROJECTION (id=17)
  Input: <- Pipeline #7 [on: HASH_JOIN (id=16), port: default, barrier: FULL]
  Input: <- Pipeline #4 [on: HASH_JOIN (id=16), port: build, barrier: FULL]
  Dependencies: Pipeline #4, Pipeline #7
  Output: -> PARTITION [port: default, barrier: FULL]
Pipeline #9: PARTITION (id=35)
  Input: <- Pipeline #8 [on: PARTITION (id=35), port: default, barrier: FULL]
  Dependencies: Pipeline #8
  Output: -> CONCAT [port: default, barrier: PARTIAL]
Pipeline #10: CONCAT (id=34)
  Input: <- Pipeline #9 [on: CONCAT (id=34), port: default, barrier: PARTIAL]
  Dependencies: Pipeline #9
  Output: -> HASH_JOIN [port: build, barrier: FULL]
Pipeline #11: PARTITION (id=37)
  Input: <- Pipeline #0 [on: PARTITION (id=37), port: default, barrier: PARTIAL]
  Dependencies: Pipeline #0
  Output: -> CONCAT [port: default, barrier: PARTIAL]
Pipeline #12: CONCAT (id=36)
  Input: <- Pipeline #11 [on: CONCAT (id=36), port: default, barrier: PARTIAL]
  Dependencies: Pipeline #11
  Output: -> HASH_JOIN [port: default, barrier: FULL]
Pipeline #13: HASH_JOIN (id=18) -> HASH_GROUP_BY (id=22)
  Input: <- Pipeline #12 [on: HASH_JOIN (id=18), port: default, barrier: FULL]
  Input: <- Pipeline #10 [on: HASH_JOIN (id=18), port: build, barrier: FULL]
  Dependencies: Pipeline #10, Pipeline #12
  Output: -> PARTITION [port: default, barrier: FULL]
Pipeline #14: PARTITION (id=38)
  Input: <- Pipeline #13 [on: PARTITION (id=38), port: default, barrier: FULL]
  Dependencies: Pipeline #13
  Output: -> MERGE_GROUP_BY [port: default, barrier: FULL]
Pipeline #15: MERGE_GROUP_BY (id=39)
  Input: <- Pipeline #14 [on: MERGE_GROUP_BY (id=39), port: default, barrier: FULL]
  Dependencies: Pipeline #14
  Output: -> ORDER_BY [port: default, barrier: FULL]
Pipeline #16: ORDER_BY (id=23)
  Input: <- Pipeline #15 [on: ORDER_BY (id=23), port: default, barrier: FULL]
  Dependencies: Pipeline #15
  Output: -> SORT_SAMPLE [port: default, barrier: PIPELINE]
Pipeline #17: SORT_SAMPLE (id=40) -> SORT_PARTITION (id=41)
  Input: <- Pipeline #16 [on: SORT_SAMPLE (id=40), port: default, barrier: PIPELINE]
  Dependencies: Pipeline #16
  Output: -> MERGE_SORT [port: default, barrier: FULL]
Pipeline #18: MERGE_SORT (id=42)
  Input: <- Pipeline #17 [on: MERGE_SORT (id=42), port: default, barrier: FULL]
  Dependencies: Pipeline #17
  Output: -> RESULT_COLLECTOR [port: default, barrier: FULL]
Pipeline #19: RESULT_COLLECTOR (id=24)
  Input: <- Pipeline #18 [on: RESULT_COLLECTOR (id=24), port: default, barrier: FULL]
  Dependencies: Pipeline #18

=== Query Plan DAG ===
┌──────────────────────────┐                                                        
│ Pipeline #19             │                                                        
│ RESULT_COLLECTOR (id=24) │                                                        
│ Input(#18): FULL         │                                                        
└────────────┬─────────────┘                                                        
             │                                                                      
┌──────────────────────────┐                                                        
│ Pipeline #18             │                                                        
│ MERGE_SORT (id=42)       │                                                        
│ Input(#17): FULL         │                                                        
└────────────┬─────────────┘                                                        
             │                                                                      
┌──────────────────────────┐                                                        
│ Pipeline #17             │                                                        
│ SORT_PARTITION (id=41)   │                                                        
│ SORT_SAMPLE (id=40)      │                                                        
│ Input(#16): PIPELINE     │                                                        
└────────────┬─────────────┘                                                        
             │                                                                      
┌──────────────────────────┐                                                        
│ Pipeline #16             │                                                        
│ ORDER_BY (id=23)         │                                                        
│ Input(#15): FULL         │                                                        
└────────────┬─────────────┘                                                        
             │                                                                      
┌──────────────────────────┐                                                        
│ Pipeline #15             │                                                        
│ MERGE_GROUP_BY (id=39)   │                                                        
│ Input(#14): FULL         │                                                        
└────────────┬─────────────┘                                                        
             │                                                                      
┌──────────────────────────┐                                                        
│ Pipeline #14             │                                                        
│ PARTITION (id=38)        │                                                        
│ Input(#13): FULL         │                                                        
└────────────┬─────────────┘                                                        
             │                                                                      
┌──────────────────────────┐                                                        
│ Pipeline #13             │                                                        
│ HASH_GROUP_BY (id=22)    │                                                        
│ HASH_JOIN (id=18)        │                                                        
│   type: SEMI             │                                                        
│ Input(#12): FULL         │                                                        
│ Input(#10): FULL         │                                                        
└────────────┬─────────────┘                                                        
             ┌───────────────────────────────────────────────────────┐              
             │                                                       │              
┌──────────────────────────┐                            ┌──────────────────────────┐
│ Pipeline #10             │                            │ Pipeline #12             │
│ CONCAT (id=34)           │                            │ CONCAT (id=36)           │
│ Input(#9): PARTIAL       │                            │ Input(#11): PARTIAL      │
└────────────┬─────────────┘                            └────────────┬─────────────┘
             │                                                       │              
┌──────────────────────────┐                            ┌──────────────────────────┐
│ Pipeline #9              │                            │ Pipeline #11             │
│ PARTITION (id=35)        │                            │ PARTITION (id=37)        │
│ Input(#8): FULL          │                            │ Input(#0): PARTIAL       │
└────────────┬─────────────┘                            └────────────┬─────────────┘
             │                                                       │              
┌──────────────────────────┐                            ┌──────────────────────────┐
│ Pipeline #8              │                            │ (-> Pipeline #0)         │
│ PROJECTION (id=17)       │                            │                          │
│ HASH_JOIN (id=16)        │                            │                          │
│   type: INNER            │                            │                          │
│ Input(#7): FULL          │                            │                          │
│ Input(#4): FULL          │                            │                          │
└────────────┬─────────────┘                            └──────────────────────────┘
             ┌───────────────────────────┐                                          
             │                           │                                          
┌──────────────────────────┐┌──────────────────────────┐                            
│ Pipeline #4              ││ Pipeline #7              │                            
│ CONCAT (id=28)           ││ CONCAT (id=32)           │                            
│ Input(#3): PARTIAL       ││ Input(#6): PARTIAL       │                            
└────────────┬─────────────┘└────────────┬─────────────┘                            
             │                           │                                          
┌──────────────────────────┐┌──────────────────────────┐                            
│ Pipeline #3              ││ Pipeline #6              │                            
│ PARTITION (id=29)        ││ PARTITION (id=33)        │                            
│ Input(#2): FULL          ││ Input(#5): PARTIAL       │                            
└────────────┬─────────────┘└────────────┬─────────────┘                            
             │                           │                                          
┌──────────────────────────┐┌──────────────────────────┐                            
│ Pipeline #2              ││ Pipeline #5              │                            
│ MERGE_GROUP_BY (id=27)   ││ FILTER (id=14)           │                            
│ Input(#1): FULL          ││ DYNAMIC_FILTER (id=31)   │                            
│                          ││ GPU_SCAN (id=30)         │                            
└────────────┬─────────────┘└──────────────────────────┘                            
             │                                                                      
┌──────────────────────────┐                                                        
│ Pipeline #1              │                                                        
│ PARTITION (id=26)        │                                                        
│ Input(#0): FULL          │                                                        
└────────────┬─────────────┘                                                        
             │                                                                      
┌──────────────────────────┐                                                        
│ Pipeline #0              │                                                        
│ LEFT_DELIM_JOIN (id=19)  │                                                        
│ GPU_SCAN (id=25)         │                                                        
└──────────────────────────┘                                                        

[2026-07-09 04:20:35.117] [info] [parquet_gpu_ingestible.cpp:250] [coalesce-debug] parquet_batch_coalescer emit #1: 1 slice(s), acc_bytes=535792172, cap=536870912
[2026-07-09 04:20:35.117] [info] [parquet_gpu_ingestible.cpp:250] [coalesce-debug] parquet_batch_coalescer emit #2: 1 slice(s), acc_bytes=536716992, cap=536870912
[2026-07-09 04:20:35.118] [info] [parquet_gpu_ingestible.cpp:250] [coalesce-debug] parquet_batch_coalescer emit #3: 1 slice(s), acc_bytes=536718830, cap=536870912
[2026-07-09 04:20:35.118] [info] [load_balancing_scan_batch_coalescer.cpp:96] [coalesce-debug] load_balancer emit pipeline=0 -> preferred GPU 0
[2026-07-09 04:20:35.135] [info] [load_balancing_scan_batch_coalescer.cpp:96] [coalesce-debug] load_balancer emit pipeline=0 -> preferred GPU 1
[2026-07-09 04:20:35.144] [info] [task_scheduler.cpp:462] [mgpu-audit] pipeline_task dispatched to GPU 0 task_id=0
[2026-07-09 04:20:35.144] [info] [task_scheduler.cpp:464] [locality-audit] dispatch task_id=0 preferred_device=0 actual_gpu=0
[2026-07-09 04:20:35.159] [info] [load_balancing_scan_batch_coalescer.cpp:96] [coalesce-debug] load_balancer emit pipeline=0 -> preferred GPU 0
[2026-07-09 04:20:35.161] [info] [task_scheduler.cpp:462] [mgpu-audit] pipeline_task dispatched to GPU 1 task_id=1
[2026-07-09 04:20:35.161] [info] [task_scheduler.cpp:464] [locality-audit] dispatch task_id=1 preferred_device=1 actual_gpu=1
[2026-07-09 04:20:35.185] [info] [parquet_gpu_ingestible.cpp:250] [coalesce-debug] parquet_batch_coalescer emit #4: 1 slice(s), acc_bytes=285267347, cap=536870912
[2026-07-09 04:20:35.185] [info] [load_balancing_scan_batch_coalescer.cpp:96] [coalesce-debug] load_balancer emit pipeline=0 -> preferred GPU 1
[2026-07-09 04:20:35.188] [info] [task_scheduler.cpp:462] [mgpu-audit] pipeline_task dispatched to GPU 0 task_id=2
[2026-07-09 04:20:35.188] [info] [task_scheduler.cpp:464] [locality-audit] dispatch task_id=2 preferred_device=0 actual_gpu=0
[2026-07-09 04:20:35.211] [info] [parquet_gpu_ingestible.cpp:250] [coalesce-debug] parquet_batch_coalescer emit #1: 1 slice(s), acc_bytes=536609169, cap=536870912
[2026-07-09 04:20:35.211] [info] [parquet_gpu_ingestible.cpp:250] [coalesce-debug] parquet_batch_coalescer emit #2: 1 slice(s), acc_bytes=535664207, cap=536870912
[2026-07-09 04:20:35.211] [info] [parquet_gpu_ingestible.cpp:250] [coalesce-debug] parquet_batch_coalescer emit #3: 1 slice(s), acc_bytes=535675524, cap=536870912
[2026-07-09 04:20:35.211] [info] [parquet_gpu_ingestible.cpp:250] [coalesce-debug] parquet_batch_coalescer emit #4: 1 slice(s), acc_bytes=536159222, cap=536870912
[2026-07-09 04:20:35.211] [info] [parquet_gpu_ingestible.cpp:250] [coalesce-debug] parquet_batch_coalescer emit #5: 1 slice(s), acc_bytes=536412431, cap=536870912
[2026-07-09 04:20:35.211] [info] [parquet_gpu_ingestible.cpp:250] [coalesce-debug] parquet_batch_coalescer emit #6: 1 slice(s), acc_bytes=536419661, cap=536870912
[2026-07-09 04:20:35.211] [info] [parquet_gpu_ingestible.cpp:250] [coalesce-debug] parquet_batch_coalescer emit #7: 1 slice(s), acc_bytes=536409541, cap=536870912
[2026-07-09 04:20:35.211] [info] [parquet_gpu_ingestible.cpp:250] [coalesce-debug] parquet_batch_coalescer emit #8: 1 slice(s), acc_bytes=536417697, cap=536870912
[2026-07-09 04:20:35.211] [info] [parquet_gpu_ingestible.cpp:250] [coalesce-debug] parquet_batch_coalescer emit #9: 1 slice(s), acc_bytes=536419365, cap=536870912
[2026-07-09 04:20:35.211] [info] [parquet_gpu_ingestible.cpp:250] [coalesce-debug] parquet_batch_coalescer emit #10: 1 slice(s), acc_bytes=536437654, cap=536870912
[2026-07-09 04:20:35.211] [info] [parquet_gpu_ingestible.cpp:250] [coalesce-debug] parquet_batch_coalescer emit #11: 1 slice(s), acc_bytes=536429738, cap=536870912
[2026-07-09 04:20:35.211] [info] [parquet_gpu_ingestible.cpp:250] [coalesce-debug] parquet_batch_coalescer emit #12: 1 slice(s), acc_bytes=536407763, cap=536870912
[2026-07-09 04:20:35.211] [info] [parquet_gpu_ingestible.cpp:250] [coalesce-debug] parquet_batch_coalescer emit #13: 1 slice(s), acc_bytes=536414314, cap=536870912
[2026-07-09 04:20:35.211] [info] [parquet_gpu_ingestible.cpp:250] [coalesce-debug] parquet_batch_coalescer emit #14: 1 slice(s), acc_bytes=536428111, cap=536870912
[2026-07-09 04:20:35.211] [info] [parquet_gpu_ingestible.cpp:250] [coalesce-debug] parquet_batch_coalescer emit #15: 1 slice(s), acc_bytes=536428475, cap=536870912
[2026-07-09 04:20:35.211] [info] [parquet_gpu_ingestible.cpp:250] [coalesce-debug] parquet_batch_coalescer emit #16: 1 slice(s), acc_bytes=536420446, cap=536870912
[2026-07-09 04:20:35.211] [info] [parquet_gpu_ingestible.cpp:250] [coalesce-debug] parquet_batch_coalescer emit #17: 1 slice(s), acc_bytes=536413144, cap=536870912
[2026-07-09 04:20:35.211] [info] [parquet_gpu_ingestible.cpp:250] [coalesce-debug] parquet_batch_coalescer emit #18: 1 slice(s), acc_bytes=536425354, cap=536870912
[2026-07-09 04:20:35.214] [info] [task_scheduler.cpp:462] [mgpu-audit] pipeline_task dispatched to GPU 1 task_id=3
[2026-07-09 04:20:35.214] [info] [task_scheduler.cpp:464] [locality-audit] dispatch task_id=3 preferred_device=1 actual_gpu=1
[2026-07-09 04:20:35.221] [info] [load_balancing_scan_batch_coalescer.cpp:96] [coalesce-debug] load_balancer emit pipeline=5 -> preferred GPU 0
[2026-07-09 04:20:35.322] [info] [load_balancing_scan_batch_coalescer.cpp:96] [coalesce-debug] load_balancer emit pipeline=5 -> preferred GPU 1
[2026-07-09 04:20:35.436] [info] [parquet_gpu_ingestible.cpp:718] [fixed-page-cache] auto_cache_skip reason=non_fixed_width_column column_index=1 type_id=23
[2026-07-09 04:20:35.436] [info] [gpu_pipeline_task.cpp:321] [stage-audit] pipeline_id=0 task_id=1 operator_id=25 operator_name=GPU_SCAN stage_kind=SCAN operator_type=94 input_type=GPU_SCAN output_type=PIPELINEABLE actual_gpu=1 pipeline_operator_count=2 input_batches=0 input_rows=0 input_columns=0 input_bytes=0 output_batches=1 output_rows=1626175 output_columns=2 output_bytes=33578536 byte_ratio=0.000000 row_ratio=0.000000 duration_us=265504
[2026-07-09 04:20:35.436] [info] [gpu_pipeline_task.cpp:321] [stage-audit] pipeline_id=0 task_id=1 operator_id=19 operator_name=LEFT_DELIM_JOIN stage_kind=JOIN operator_type=37 input_type=PIPELINEABLE output_type=PIPELINEABLE actual_gpu=1 pipeline_operator_count=2 input_batches=1 input_rows=1626175 input_columns=2 input_bytes=33578536 output_batches=1 output_rows=1626175 output_columns=2 output_bytes=33578536 byte_ratio=1.000000 row_ratio=1.000000 duration_us=1
[2026-07-09 04:20:35.436] [warning] [gpu_pipeline_task.cpp:67] gpu_pipeline_task: operator 'LEFT_DELIM_JOIN' (id=19) output batch 0 column count mismatch: got 2, expected 1
[2026-07-09 04:20:35.436] [info] [parquet_gpu_ingestible.cpp:718] [fixed-page-cache] auto_cache_skip reason=non_fixed_width_column column_index=1 type_id=23
[2026-07-09 04:20:35.436] [info] [gpu_pipeline_task.cpp:321] [stage-audit] pipeline_id=0 task_id=0 operator_id=25 operator_name=GPU_SCAN stage_kind=SCAN operator_type=94 input_type=GPU_SCAN output_type=PIPELINEABLE actual_gpu=0 pipeline_operator_count=2 input_batches=0 input_rows=0 input_columns=0 input_bytes=0 output_batches=1 output_rows=1623613 output_columns=2 output_bytes=33529092 byte_ratio=0.000000 row_ratio=0.000000 duration_us=279255
[2026-07-09 04:20:35.436] [info] [gpu_pipeline_task.cpp:321] [stage-audit] pipeline_id=0 task_id=0 operator_id=19 operator_name=LEFT_DELIM_JOIN stage_kind=JOIN operator_type=37 input_type=PIPELINEABLE output_type=PIPELINEABLE actual_gpu=0 pipeline_operator_count=2 input_batches=1 input_rows=1623613 input_columns=2 input_bytes=33529092 output_batches=1 output_rows=1623613 output_columns=2 output_bytes=33529092 byte_ratio=1.000000 row_ratio=1.000000 duration_us=1
[2026-07-09 04:20:35.436] [warning] [gpu_pipeline_task.cpp:67] gpu_pipeline_task: operator 'LEFT_DELIM_JOIN' (id=19) output batch 0 column count mismatch: got 2, expected 1
[2026-07-09 04:20:35.474] [info] [load_balancing_scan_batch_coalescer.cpp:96] [coalesce-debug] load_balancer emit pipeline=5 -> preferred GPU 0
[2026-07-09 04:20:35.623] [info] [load_balancing_scan_batch_coalescer.cpp:96] [coalesce-debug] load_balancer emit pipeline=5 -> preferred GPU 1
[2026-07-09 04:20:35.649] [info] [parquet_gpu_ingestible.cpp:718] [fixed-page-cache] auto_cache_skip reason=non_fixed_width_column column_index=1 type_id=23
[2026-07-09 04:20:35.649] [info] [gpu_pipeline_task.cpp:321] [stage-audit] pipeline_id=0 task_id=3 operator_id=25 operator_name=GPU_SCAN stage_kind=SCAN operator_type=94 input_type=GPU_SCAN output_type=PIPELINEABLE actual_gpu=1 pipeline_operator_count=2 input_batches=0 input_rows=0 input_columns=0 input_bytes=0 output_batches=1 output_rows=863786 output_columns=2 output_bytes=17840398 byte_ratio=0.000000 row_ratio=0.000000 duration_us=197390
[2026-07-09 04:20:35.649] [info] [gpu_pipeline_task.cpp:321] [stage-audit] pipeline_id=0 task_id=3 operator_id=19 operator_name=LEFT_DELIM_JOIN stage_kind=JOIN operator_type=37 input_type=PIPELINEABLE output_type=PIPELINEABLE actual_gpu=1 pipeline_operator_count=2 input_batches=1 input_rows=863786 input_columns=2 input_bytes=17840398 output_batches=1 output_rows=863786 output_columns=2 output_bytes=17840398 byte_ratio=1.000000 row_ratio=1.000000 duration_us=1
[2026-07-09 04:20:35.649] [warning] [gpu_pipeline_task.cpp:67] gpu_pipeline_task: operator 'LEFT_DELIM_JOIN' (id=19) output batch 0 column count mismatch: got 2, expected 1
[2026-07-09 04:20:35.655] [info] [parquet_gpu_ingestible.cpp:718] [fixed-page-cache] auto_cache_skip reason=non_fixed_width_column column_index=1 type_id=23
[2026-07-09 04:20:35.655] [info] [gpu_pipeline_task.cpp:321] [stage-audit] pipeline_id=0 task_id=2 operator_id=25 operator_name=GPU_SCAN stage_kind=SCAN operator_type=94 input_type=GPU_SCAN output_type=PIPELINEABLE actual_gpu=0 pipeline_operator_count=2 input_batches=0 input_rows=0 input_columns=0 input_bytes=0 output_batches=1 output_rows=1625127 output_columns=2 output_bytes=33562932 byte_ratio=0.000000 row_ratio=0.000000 duration_us=200116
[2026-07-09 04:20:35.655] [info] [gpu_pipeline_task.cpp:321] [stage-audit] pipeline_id=0 task_id=2 operator_id=19 operator_name=LEFT_DELIM_JOIN stage_kind=JOIN operator_type=37 input_type=PIPELINEABLE output_type=PIPELINEABLE actual_gpu=0 pipeline_operator_count=2 input_batches=1 input_rows=1625127 input_columns=2 input_bytes=33562932 output_batches=1 output_rows=1625127 output_columns=2 output_bytes=33562932 byte_ratio=1.000000 row_ratio=1.000000 duration_us=1
[2026-07-09 04:20:35.655] [warning] [gpu_pipeline_task.cpp:67] gpu_pipeline_task: operator 'LEFT_DELIM_JOIN' (id=19) output batch 0 column count mismatch: got 2, expected 1
[2026-07-09 04:20:35.656] [info] [task_creator.cpp:363] [locality-audit] task_create operator_id=26 input_bytes=13212728 local_bytes=13212728 gpu_source_bytes=13212728 host_source_bytes=0 disk_source_bytes=0 gpu_sources=1 host_sources=0 preferred_device=1
[2026-07-09 04:20:35.656] [info] [task_creator.cpp:363] [locality-audit] task_create operator_id=26 input_bytes=13191912 local_bytes=13191912 gpu_source_bytes=13191912 host_source_bytes=0 disk_source_bytes=0 gpu_sources=1 host_sources=0 preferred_device=0
[2026-07-09 04:20:35.656] [info] [task_creator.cpp:363] [locality-audit] task_create operator_id=26 input_bytes=7018320 local_bytes=7018320 gpu_source_bytes=7018320 host_source_bytes=0 disk_source_bytes=0 gpu_sources=1 host_sources=0 preferred_device=1
[2026-07-09 04:20:35.656] [info] [task_creator.cpp:363] [locality-audit] task_create operator_id=26 input_bytes=13204216 local_bytes=13204216 gpu_source_bytes=13204216 host_source_bytes=0 disk_source_bytes=0 gpu_sources=1 host_sources=0 preferred_device=0
[2026-07-09 04:20:35.657] [info] [task_scheduler.cpp:462] [mgpu-audit] pipeline_task dispatched to GPU 1 task_id=4
[2026-07-09 04:20:35.657] [info] [task_scheduler.cpp:464] [locality-audit] dispatch task_id=4 preferred_device=1 actual_gpu=1
[2026-07-09 04:20:35.657] [info] [task_scheduler.cpp:462] [mgpu-audit] pipeline_task dispatched to GPU 0 task_id=5
[2026-07-09 04:20:35.657] [info] [task_scheduler.cpp:464] [locality-audit] dispatch task_id=5 preferred_device=0 actual_gpu=0
[2026-07-09 04:20:35.657] [info] [task_scheduler.cpp:462] [mgpu-audit] pipeline_task dispatched to GPU 0 task_id=7
[2026-07-09 04:20:35.657] [info] [task_scheduler.cpp:464] [locality-audit] dispatch task_id=7 preferred_device=0 actual_gpu=0
[2026-07-09 04:20:35.657] [info] [gpu_pipeline_task.cpp:188] [locality-audit] prepare_before pipeline_id=1 task_id=5 preferred_device=0 actual_gpu=0 target_tier=GPU target_device=0 input_bytes=13191912 local_bytes=13191912 remote_gpu_bytes=0 host_bytes=0 disk_bytes=0 batch_count=1
[2026-07-09 04:20:35.657] [info] [task_scheduler.cpp:462] [mgpu-audit] pipeline_task dispatched to GPU 1 task_id=6
[2026-07-09 04:20:35.657] [info] [task_scheduler.cpp:464] [locality-audit] dispatch task_id=6 preferred_device=1 actual_gpu=1
[2026-07-09 04:20:35.657] [info] [gpu_pipeline_task.cpp:188] [locality-audit] prepare_before pipeline_id=1 task_id=7 preferred_device=0 actual_gpu=0 target_tier=GPU target_device=0 input_bytes=13204216 local_bytes=13204216 remote_gpu_bytes=0 host_bytes=0 disk_bytes=0 batch_count=1
[2026-07-09 04:20:35.657] [info] [gpu_pipeline_task.cpp:188] [locality-audit] prepare_after pipeline_id=1 task_id=5 preferred_device=0 actual_gpu=0 target_tier=GPU target_device=0 input_bytes=13191912 local_bytes=13191912 remote_gpu_bytes=0 host_bytes=0 disk_bytes=0 batch_count=1
[2026-07-09 04:20:35.657] [info] [gpu_pipeline_task.cpp:188] [locality-audit] prepare_after pipeline_id=1 task_id=7 preferred_device=0 actual_gpu=0 target_tier=GPU target_device=0 input_bytes=13204216 local_bytes=13204216 remote_gpu_bytes=0 host_bytes=0 disk_bytes=0 batch_count=1
[2026-07-09 04:20:35.657] [info] [gpu_pipeline_task.cpp:188] [locality-audit] prepare_before pipeline_id=1 task_id=4 preferred_device=1 actual_gpu=1 target_tier=GPU target_device=1 input_bytes=13212728 local_bytes=13212728 remote_gpu_bytes=0 host_bytes=0 disk_bytes=0 batch_count=1
[2026-07-09 04:20:35.657] [info] [gpu_pipeline_task.cpp:188] [locality-audit] prepare_after pipeline_id=1 task_id=4 preferred_device=1 actual_gpu=1 target_tier=GPU target_device=1 input_bytes=13212728 local_bytes=13212728 remote_gpu_bytes=0 host_bytes=0 disk_bytes=0 batch_count=1
[2026-07-09 04:20:35.657] [info] [gpu_pipeline_task.cpp:188] [locality-audit] prepare_before pipeline_id=1 task_id=6 preferred_device=1 actual_gpu=1 target_tier=GPU target_device=1 input_bytes=7018320 local_bytes=7018320 remote_gpu_bytes=0 host_bytes=0 disk_bytes=0 batch_count=1
[2026-07-09 04:20:35.657] [info] [gpu_pipeline_task.cpp:188] [locality-audit] prepare_after pipeline_id=1 task_id=6 preferred_device=1 actual_gpu=1 target_tier=GPU target_device=1 input_bytes=7018320 local_bytes=7018320 remote_gpu_bytes=0 host_bytes=0 disk_bytes=0 batch_count=1
[2026-07-09 04:20:35.666] [info] [gpu_pipeline_task.cpp:321] [stage-audit] pipeline_id=1 task_id=7 operator_id=26 operator_name=PARTITION stage_kind=PARTITION operator_type=82 input_type=PIPELINEABLE output_type=PIPELINEABLE actual_gpu=0 pipeline_operator_count=1 input_batches=1 input_rows=1625127 input_columns=1 input_bytes=13204216 output_batches=2 output_rows=1625127 output_columns=2 output_bytes=13001016 byte_ratio=0.984611 row_ratio=1.000000 duration_us=8940
[2026-07-09 04:20:35.666] [info] [gpu_pipeline_task.cpp:321] [stage-audit] pipeline_id=1 task_id=5 operator_id=26 operator_name=PARTITION stage_kind=PARTITION operator_type=82 input_type=PIPELINEABLE output_type=PIPELINEABLE actual_gpu=0 pipeline_operator_count=1 input_batches=1 input_rows=1623613 input_columns=1 input_bytes=13191912 output_batches=2 output_rows=1623613 output_columns=2 output_bytes=12988904 byte_ratio=0.984611 row_ratio=1.000000 duration_us=9235
[2026-07-09 04:20:35.666] [info] [gpu_pipeline_task.cpp:321] [stage-audit] pipeline_id=1 task_id=4 operator_id=26 operator_name=PARTITION stage_kind=PARTITION operator_type=82 input_type=PIPELINEABLE output_type=PIPELINEABLE actual_gpu=1 pipeline_operator_count=1 input_batches=1 input_rows=1626175 input_columns=1 input_bytes=13212728 output_batches=2 output_rows=1626175 output_columns=2 output_bytes=13009400 byte_ratio=0.984611 row_ratio=1.000000 duration_us=9294
[2026-07-09 04:20:35.666] [info] [gpu_pipeline_task.cpp:321] [stage-audit] pipeline_id=1 task_id=6 operator_id=26 operator_name=PARTITION stage_kind=PARTITION operator_type=82 input_type=PIPELINEABLE output_type=PIPELINEABLE actual_gpu=1 pipeline_operator_count=1 input_batches=1 input_rows=863786 input_columns=1 input_bytes=7018320 output_batches=2 output_rows=863786 output_columns=2 output_bytes=6910288 byte_ratio=0.984607 row_ratio=1.000000 duration_us=9142
[2026-07-09 04:20:35.666] [info] [task_scheduler.cpp:462] [mgpu-audit] pipeline_task dispatched to GPU 0 task_id=8
[2026-07-09 04:20:35.666] [info] [task_scheduler.cpp:464] [locality-audit] dispatch task_id=8 preferred_device=0 actual_gpu=0
[2026-07-09 04:20:35.666] [info] [task_scheduler.cpp:462] [mgpu-audit] pipeline_task dispatched to GPU 1 task_id=9
[2026-07-09 04:20:35.666] [info] [task_scheduler.cpp:464] [locality-audit] dispatch task_id=9 preferred_device=1 actual_gpu=1
[2026-07-09 04:20:35.667] [info] [gpu_pipeline_task.cpp:188] [locality-audit] prepare_before pipeline_id=2 task_id=9 preferred_device=1 actual_gpu=1 target_tier=GPU target_device=1 input_bytes=22949792 local_bytes=9956000 remote_gpu_bytes=12993792 host_bytes=0 disk_bytes=0 batch_count=4
[2026-07-09 04:20:35.667] [info] [gpu_pipeline_task.cpp:188] [locality-audit] prepare_before pipeline_id=2 task_id=8 preferred_device=0 actual_gpu=0 target_tier=GPU target_device=0 input_bytes=22959816 local_bytes=12996128 remote_gpu_bytes=9963688 host_bytes=0 disk_bytes=0 batch_count=4
[2026-07-09 04:20:35.767] [info] [gpu_pipeline_task.cpp:188] [locality-audit] prepare_after pipeline_id=2 task_id=9 preferred_device=1 actual_gpu=1 target_tier=GPU target_device=1 input_bytes=22949792 local_bytes=22949792 remote_gpu_bytes=0 host_bytes=0 disk_bytes=0 batch_count=4
[2026-07-09 04:20:35.767] [info] [gpu_pipeline_task.cpp:188] [locality-audit] prepare_after pipeline_id=2 task_id=8 preferred_device=0 actual_gpu=0 target_tier=GPU target_device=0 input_bytes=22959816 local_bytes=22959816 remote_gpu_bytes=0 host_bytes=0 disk_bytes=0 batch_count=4
[2026-07-09 04:20:35.771] [info] [gpu_pipeline_task.cpp:321] [stage-audit] pipeline_id=2 task_id=9 operator_id=27 operator_name=MERGE_GROUP_BY stage_kind=AGGREGATE operator_type=85 input_type=PARTITIONED output_type=PIPELINEABLE actual_gpu=1 pipeline_operator_count=1 input_batches=4 input_rows=2868724 input_columns=4 input_bytes=22949792 output_batches=1 output_rows=2868724 output_columns=1 output_bytes=22949792 byte_ratio=1.000000 row_ratio=1.000000 duration_us=3371
[2026-07-09 04:20:35.771] [info] [gpu_pipeline_task.cpp:321] [stage-audit] pipeline_id=2 task_id=8 operator_id=27 operator_name=MERGE_GROUP_BY stage_kind=AGGREGATE operator_type=85 input_type=PARTITIONED output_type=PIPELINEABLE actual_gpu=0 pipeline_operator_count=1 input_batches=4 input_rows=2869977 input_columns=4 input_bytes=22959816 output_batches=1 output_rows=2869977 output_columns=1 output_bytes=22959816 byte_ratio=1.000000 row_ratio=1.000000 duration_us=3406
[2026-07-09 04:20:35.771] [info] [task_creator.cpp:363] [locality-audit] task_create operator_id=29 input_bytes=22949792 local_bytes=22949792 gpu_source_bytes=22949792 host_source_bytes=0 disk_source_bytes=0 gpu_sources=1 host_sources=0 preferred_device=1
[2026-07-09 04:20:35.771] [info] [task_creator.cpp:363] [locality-audit] task_create operator_id=29 input_bytes=22959816 local_bytes=22959816 gpu_source_bytes=22959816 host_source_bytes=0 disk_source_bytes=0 gpu_sources=1 host_sources=0 preferred_device=0
[2026-07-09 04:20:35.771] [info] [task_scheduler.cpp:462] [mgpu-audit] pipeline_task dispatched to GPU 0 task_id=11
[2026-07-09 04:20:35.771] [info] [task_scheduler.cpp:464] [locality-audit] dispatch task_id=11 preferred_device=0 actual_gpu=0
[2026-07-09 04:20:35.771] [info] [task_scheduler.cpp:462] [mgpu-audit] pipeline_task dispatched to GPU 1 task_id=10
[2026-07-09 04:20:35.771] [info] [task_scheduler.cpp:464] [locality-audit] dispatch task_id=10 preferred_device=1 actual_gpu=1
[2026-07-09 04:20:35.771] [info] [gpu_pipeline_task.cpp:188] [locality-audit] prepare_before pipeline_id=3 task_id=10 preferred_device=1 actual_gpu=1 target_tier=GPU target_device=1 input_bytes=22949792 local_bytes=22949792 remote_gpu_bytes=0 host_bytes=0 disk_bytes=0 batch_count=1
[2026-07-09 04:20:35.771] [info] [gpu_pipeline_task.cpp:188] [locality-audit] prepare_before pipeline_id=3 task_id=11 preferred_device=0 actual_gpu=0 target_tier=GPU target_device=0 input_bytes=22959816 local_bytes=22959816 remote_gpu_bytes=0 host_bytes=0 disk_bytes=0 batch_count=1
[2026-07-09 04:20:35.771] [info] [gpu_pipeline_task.cpp:188] [locality-audit] prepare_after pipeline_id=3 task_id=10 preferred_device=1 actual_gpu=1 target_tier=GPU target_device=1 input_bytes=22949792 local_bytes=22949792 remote_gpu_bytes=0 host_bytes=0 disk_bytes=0 batch_count=1
[2026-07-09 04:20:35.771] [info] [gpu_pipeline_task.cpp:188] [locality-audit] prepare_after pipeline_id=3 task_id=11 preferred_device=0 actual_gpu=0 target_tier=GPU target_device=0 input_bytes=22959816 local_bytes=22959816 remote_gpu_bytes=0 host_bytes=0 disk_bytes=0 batch_count=1
[2026-07-09 04:20:35.772] [info] [gpu_pipeline_task.cpp:321] [stage-audit] pipeline_id=3 task_id=11 operator_id=29 operator_name=PARTITION stage_kind=PARTITION operator_type=82 input_type=PIPELINEABLE output_type=PIPELINEABLE actual_gpu=0 pipeline_operator_count=1 input_batches=1 input_rows=2869977 input_columns=1 input_bytes=22959816 output_batches=2 output_rows=2869977 output_columns=2 output_bytes=22959816 byte_ratio=1.000000 row_ratio=1.000000 duration_us=451
[2026-07-09 04:20:35.772] [info] [gpu_pipeline_task.cpp:321] [stage-audit] pipeline_id=3 task_id=10 operator_id=29 operator_name=PARTITION stage_kind=PARTITION operator_type=82 input_type=PIPELINEABLE output_type=PIPELINEABLE actual_gpu=1 pipeline_operator_count=1 input_batches=1 input_rows=2868724 input_columns=1 input_bytes=22949792 output_batches=2 output_rows=2868724 output_columns=2 output_bytes=22949792 byte_ratio=1.000000 row_ratio=1.000000 duration_us=690
[2026-07-09 04:20:35.772] [info] [task_scheduler.cpp:462] [mgpu-audit] pipeline_task dispatched to GPU 0 task_id=12
[2026-07-09 04:20:35.772] [info] [task_scheduler.cpp:464] [locality-audit] dispatch task_id=12 preferred_device=0 actual_gpu=0
[2026-07-09 04:20:35.772] [info] [task_scheduler.cpp:462] [mgpu-audit] pipeline_task dispatched to GPU 1 task_id=13
[2026-07-09 04:20:35.772] [info] [task_scheduler.cpp:464] [locality-audit] dispatch task_id=13 preferred_device=1 actual_gpu=1
[2026-07-09 04:20:35.772] [info] [gpu_pipeline_task.cpp:188] [locality-audit] prepare_before pipeline_id=4 task_id=13 preferred_device=1 actual_gpu=1 target_tier=GPU target_device=1 input_bytes=22949792 local_bytes=22949792 remote_gpu_bytes=0 host_bytes=0 disk_bytes=0 batch_count=2
[2026-07-09 04:20:35.772] [info] [gpu_pipeline_task.cpp:188] [locality-audit] prepare_before pipeline_id=4 task_id=12 preferred_device=0 actual_gpu=0 target_tier=GPU target_device=0 input_bytes=22959816 local_bytes=22959816 remote_gpu_bytes=0 host_bytes=0 disk_bytes=0 batch_count=2
[2026-07-09 04:20:35.772] [info] [gpu_pipeline_task.cpp:188] [locality-audit] prepare_after pipeline_id=4 task_id=12 preferred_device=0 actual_gpu=0 target_tier=GPU target_device=0 input_bytes=22959816 local_bytes=22959816 remote_gpu_bytes=0 host_bytes=0 disk_bytes=0 batch_count=2
[2026-07-09 04:20:35.773] [info] [gpu_pipeline_task.cpp:188] [locality-audit] prepare_after pipeline_id=4 task_id=13 preferred_device=1 actual_gpu=1 target_tier=GPU target_device=1 input_bytes=22949792 local_bytes=22949792 remote_gpu_bytes=0 host_bytes=0 disk_bytes=0 batch_count=2
[2026-07-09 04:20:35.773] [info] [gpu_pipeline_task.cpp:321] [stage-audit] pipeline_id=4 task_id=12 operator_id=28 operator_name=CONCAT stage_kind=CONCAT operator_type=83 input_type=PARTITIONED output_type=PARTITIONED actual_gpu=0 pipeline_operator_count=1 input_batches=2 input_rows=2869977 input_columns=2 input_bytes=22959816 output_batches=1 output_rows=2869977 output_columns=1 output_bytes=22959816 byte_ratio=1.000000 row_ratio=1.000000 duration_us=585
[2026-07-09 04:20:35.773] [info] [gpu_pipeline_task.cpp:321] [stage-audit] pipeline_id=4 task_id=13 operator_id=28 operator_name=CONCAT stage_kind=CONCAT operator_type=83 input_type=PARTITIONED output_type=PARTITIONED actual_gpu=1 pipeline_operator_count=1 input_batches=2 input_rows=2868724 input_columns=2 input_bytes=22949792 output_batches=1 output_rows=2868724 output_columns=1 output_bytes=22949792 byte_ratio=1.000000 row_ratio=1.000000 duration_us=632
[2026-07-09 04:20:35.796] [info] [load_balancing_scan_batch_coalescer.cpp:96] [coalesce-debug] load_balancer emit pipeline=5 -> preferred GPU 0
[2026-07-09 04:20:35.813] [info] [task_scheduler.cpp:462] [mgpu-audit] pipeline_task dispatched to GPU 0 task_id=14
[2026-07-09 04:20:35.813] [info] [task_scheduler.cpp:464] [locality-audit] dispatch task_id=14 preferred_device=0 actual_gpu=0
[2026-07-09 04:20:35.876] [info] [task_scheduler.cpp:462] [mgpu-audit] pipeline_task dispatched to GPU 1 task_id=15
[2026-07-09 04:20:35.876] [info] [task_scheduler.cpp:464] [locality-audit] dispatch task_id=15 preferred_device=1 actual_gpu=1
[2026-07-09 04:20:35.953] [info] [task_scheduler.cpp:462] [mgpu-audit] pipeline_task dispatched to GPU 0 task_id=16
[2026-07-09 04:20:35.953] [info] [task_scheduler.cpp:464] [locality-audit] dispatch task_id=16 preferred_device=0 actual_gpu=0
[2026-07-09 04:20:35.973] [info] [load_balancing_scan_batch_coalescer.cpp:96] [coalesce-debug] load_balancer emit pipeline=5 -> preferred GPU 1
[2026-07-09 04:20:36.035] [info] [task_scheduler.cpp:462] [mgpu-audit] pipeline_task dispatched to GPU 1 task_id=17
[2026-07-09 04:20:36.035] [info] [task_scheduler.cpp:464] [locality-audit] dispatch task_id=17 preferred_device=1 actual_gpu=1
[2026-07-09 04:20:36.106] [info] [sirius_scan_manager.cpp:523] [fixed-page-cache] budget configured_bytes_per_gpu=7516192768 workspace_reserve_bytes_per_gpu=3221225472 resident_page_budget_bytes_per_gpu=4294967296
[2026-07-09 04:20:36.106] [info] [sirius_scan_manager.cpp:1737] [fixed-page-cache] page_directory indexed table='__wdy_auto_fixed_page:/mnt/nvme/dataset/lineitem.parquet;' fixed_cols=3 pages=32 resident_pages=32 resident_bytes=524320752 stats_pages=32 evicted_pages=0 eviction_count=0 directory_entries=32 page_bytes=16777216 rows=32770047 owned_pages=1
[2026-07-09 04:20:36.106] [info] [parquet_gpu_ingestible.cpp:756] [fixed-page-cache] auto_cache_populate table='__wdy_auto_fixed_page:/mnt/nvme/dataset/lineitem.parquet;' rows=32770047 columns=3
[2026-07-09 04:20:36.106] [info] [gpu_pipeline_task.cpp:321] [stage-audit] pipeline_id=5 task_id=14 operator_id=30 operator_name=GPU_SCAN stage_kind=SCAN operator_type=94 input_type=GPU_SCAN output_type=PIPELINEABLE actual_gpu=0 pipeline_operator_count=3 input_batches=0 input_rows=0 input_columns=0 input_bytes=0 output_batches=1 output_rows=32770047 output_columns=3 output_bytes=536609520 byte_ratio=0.000000 row_ratio=0.000000 duration_us=251945
[2026-07-09 04:20:36.106] [info] [gpu_pipeline_task.cpp:321] [stage-audit] pipeline_id=5 task_id=14 operator_id=31 operator_name=DYNAMIC_FILTER stage_kind=OTHER operator_type=95 input_type=PIPELINEABLE output_type=PIPELINEABLE actual_gpu=0 pipeline_operator_count=3 input_batches=1 input_rows=32770047 input_columns=3 input_bytes=536609520 output_batches=1 output_rows=32770047 output_columns=3 output_bytes=536609520 byte_ratio=1.000000 row_ratio=1.000000 duration_us=2
[2026-07-09 04:20:36.114] [info] [gpu_pipeline_task.cpp:321] [stage-audit] pipeline_id=5 task_id=14 operator_id=14 operator_name=FILTER stage_kind=FILTER operator_type=12 input_type=PIPELINEABLE output_type=PIPELINEABLE actual_gpu=0 pipeline_operator_count=3 input_batches=1 input_rows=32770047 input_columns=3 input_bytes=536609520 output_batches=1 output_rows=20720142 output_columns=1 output_bytes=168351216 byte_ratio=0.313731 row_ratio=0.632289 duration_us=7391
[2026-07-09 04:20:36.120] [info] [task_scheduler.cpp:462] [mgpu-audit] pipeline_task dispatched to GPU 0 task_id=18
[2026-07-09 04:20:36.120] [info] [task_scheduler.cpp:464] [locality-audit] dispatch task_id=18 preferred_device=0 actual_gpu=0
[2026-07-09 04:20:36.159] [info] [load_balancing_scan_batch_coalescer.cpp:96] [coalesce-debug] load_balancer emit pipeline=5 -> preferred GPU 0
[2026-07-09 04:20:36.168] [info] [sirius_scan_manager.cpp:1513] [fixed-page-cache] page_directory appended table='__wdy_auto_fixed_page:/mnt/nvme/dataset/lineitem.parquet;' fixed_cols=3 pages=64 resident_pages=64 resident_bytes=1047718160 stats_pages=64 evicted_pages=0 eviction_count=0 directory_entries=64 page_bytes=16777216 rows=65482385 owned_pages=1
[2026-07-09 04:20:36.168] [info] [parquet_gpu_ingestible.cpp:756] [fixed-page-cache] auto_cache_populate table='__wdy_auto_fixed_page:/mnt/nvme/dataset/lineitem.parquet;' rows=32712338 columns=3
[2026-07-09 04:20:36.168] [info] [gpu_pipeline_task.cpp:321] [stage-audit] pipeline_id=5 task_id=15 operator_id=30 operator_name=GPU_SCAN stage_kind=SCAN operator_type=94 input_type=GPU_SCAN output_type=PIPELINEABLE actual_gpu=1 pipeline_operator_count=3 input_batches=0 input_rows=0 input_columns=0 input_bytes=0 output_batches=1 output_rows=32712338 output_columns=3 output_bytes=535664672 byte_ratio=0.000000 row_ratio=0.000000 duration_us=246679
[2026-07-09 04:20:36.168] [info] [gpu_pipeline_task.cpp:321] [stage-audit] pipeline_id=5 task_id=15 operator_id=31 operator_name=DYNAMIC_FILTER stage_kind=OTHER operator_type=95 input_type=PIPELINEABLE output_type=PIPELINEABLE actual_gpu=1 pipeline_operator_count=3 input_batches=1 input_rows=32712338 input_columns=3 input_bytes=535664672 output_batches=1 output_rows=32712338 output_columns=3 output_bytes=535664672 byte_ratio=1.000000 row_ratio=1.000000 duration_us=2
[2026-07-09 04:20:36.175] [info] [gpu_pipeline_task.cpp:321] [stage-audit] pipeline_id=5 task_id=15 operator_id=14 operator_name=FILTER stage_kind=FILTER operator_type=12 input_type=PIPELINEABLE output_type=PIPELINEABLE actual_gpu=1 pipeline_operator_count=3 input_batches=1 input_rows=32712338 input_columns=3 input_bytes=535664672 output_batches=1 output_rows=20682963 output_columns=1 output_bytes=168049112 byte_ratio=0.313721 row_ratio=0.632268 duration_us=7074
[2026-07-09 04:20:36.175] [info] [task_scheduler.cpp:462] [mgpu-audit] pipeline_task dispatched to GPU 1 task_id=19
[2026-07-09 04:20:36.175] [info] [task_scheduler.cpp:464] [locality-audit] dispatch task_id=19 preferred_device=1 actual_gpu=1
[2026-07-09 04:20:36.345] [info] [load_balancing_scan_batch_coalescer.cpp:96] [coalesce-debug] load_balancer emit pipeline=5 -> preferred GPU 1
[2026-07-09 04:20:36.396] [info] [sirius_scan_manager.cpp:1513] [fixed-page-cache] page_directory appended table='__wdy_auto_fixed_page:/mnt/nvme/dataset/lineitem.parquet;' fixed_cols=3 pages=96 resident_pages=96 resident_bytes=1571126624 stats_pages=96 evicted_pages=0 eviction_count=0 directory_entries=96 page_bytes=16777216 rows=98195414 owned_pages=1
[2026-07-09 04:20:36.396] [info] [parquet_gpu_ingestible.cpp:756] [fixed-page-cache] auto_cache_populate table='__wdy_auto_fixed_page:/mnt/nvme/dataset/lineitem.parquet;' rows=32713029 columns=3
[2026-07-09 04:20:36.396] [info] [gpu_pipeline_task.cpp:321] [stage-audit] pipeline_id=5 task_id=16 operator_id=30 operator_name=GPU_SCAN stage_kind=SCAN operator_type=94 input_type=GPU_SCAN output_type=PIPELINEABLE actual_gpu=0 pipeline_operator_count=3 input_batches=0 input_rows=0 input_columns=0 input_bytes=0 output_batches=1 output_rows=32713029 output_columns=3 output_bytes=535675920 byte_ratio=0.000000 row_ratio=0.000000 duration_us=240073
[2026-07-09 04:20:36.396] [info] [gpu_pipeline_task.cpp:321] [stage-audit] pipeline_id=5 task_id=16 operator_id=31 operator_name=DYNAMIC_FILTER stage_kind=OTHER operator_type=95 input_type=PIPELINEABLE output_type=PIPELINEABLE actual_gpu=0 pipeline_operator_count=3 input_batches=1 input_rows=32713029 input_columns=3 input_bytes=535675920 output_batches=1 output_rows=32713029 output_columns=3 output_bytes=535675920 byte_ratio=1.000000 row_ratio=1.000000 duration_us=6
[2026-07-09 04:20:36.397] [info] [gpu_pipeline_task.cpp:321] [stage-audit] pipeline_id=5 task_id=16 operator_id=14 operator_name=FILTER stage_kind=FILTER operator_type=12 input_type=PIPELINEABLE output_type=PIPELINEABLE actual_gpu=0 pipeline_operator_count=3 input_batches=1 input_rows=32713029 input_columns=3 input_bytes=535675920 output_batches=1 output_rows=20682621 output_columns=1 output_bytes=168046312 byte_ratio=0.313709 row_ratio=0.632244 duration_us=1727
[2026-07-09 04:20:36.398] [info] [task_scheduler.cpp:462] [mgpu-audit] pipeline_task dispatched to GPU 0 task_id=20
[2026-07-09 04:20:36.398] [info] [task_scheduler.cpp:464] [locality-audit] dispatch task_id=20 preferred_device=0 actual_gpu=0
[2026-07-09 04:20:36.451] [info] [sirius_scan_manager.cpp:1513] [fixed-page-cache] page_directory appended table='__wdy_auto_fixed_page:/mnt/nvme/dataset/lineitem.parquet;' fixed_cols=3 pages=128 resident_pages=128 resident_bytes=2095007728 stats_pages=128 evicted_pages=0 eviction_count=0 directory_entries=128 page_bytes=16777216 rows=130937983 owned_pages=1
[2026-07-09 04:20:36.452] [info] [parquet_gpu_ingestible.cpp:756] [fixed-page-cache] auto_cache_populate table='__wdy_auto_fixed_page:/mnt/nvme/dataset/lineitem.parquet;' rows=32742569 columns=3
[2026-07-09 04:20:36.452] [info] [gpu_pipeline_task.cpp:321] [stage-audit] pipeline_id=5 task_id=17 operator_id=30 operator_name=GPU_SCAN stage_kind=SCAN operator_type=94 input_type=GPU_SCAN output_type=PIPELINEABLE actual_gpu=1 pipeline_operator_count=3 input_batches=0 input_rows=0 input_columns=0 input_bytes=0 output_batches=1 output_rows=32742569 output_columns=3 output_bytes=536159696 byte_ratio=0.000000 row_ratio=0.000000 duration_us=238022
[2026-07-09 04:20:36.452] [info] [gpu_pipeline_task.cpp:321] [stage-audit] pipeline_id=5 task_id=17 operator_id=31 operator_name=DYNAMIC_FILTER stage_kind=OTHER operator_type=95 input_type=PIPELINEABLE output_type=PIPELINEABLE actual_gpu=1 pipeline_operator_count=3 input_batches=1 input_rows=32742569 input_columns=3 input_bytes=536159696 output_batches=1 output_rows=32742569 output_columns=3 output_bytes=536159696 byte_ratio=1.000000 row_ratio=1.000000 duration_us=2
[2026-07-09 04:20:36.455] [info] [gpu_pipeline_task.cpp:321] [stage-audit] pipeline_id=5 task_id=17 operator_id=14 operator_name=FILTER stage_kind=FILTER operator_type=12 input_type=PIPELINEABLE output_type=PIPELINEABLE actual_gpu=1 pipeline_operator_count=3 input_batches=1 input_rows=32742569 input_columns=3 input_bytes=536159696 output_batches=1 output_rows=20700473 output_columns=1 output_bytes=168191368 byte_ratio=0.313696 row_ratio=0.632219 duration_us=3709
[2026-07-09 04:20:36.532] [info] [load_balancing_scan_batch_coalescer.cpp:96] [coalesce-debug] load_balancer emit pipeline=5 -> preferred GPU 0
[2026-07-09 04:20:36.547] [info] [task_scheduler.cpp:462] [mgpu-audit] pipeline_task dispatched to GPU 1 task_id=21
[2026-07-09 04:20:36.547] [info] [task_scheduler.cpp:464] [locality-audit] dispatch task_id=21 preferred_device=1 actual_gpu=1
[2026-07-09 04:20:36.734] [info] [load_balancing_scan_batch_coalescer.cpp:96] [coalesce-debug] load_balancer emit pipeline=5 -> preferred GPU 1
[2026-07-09 04:20:36.879] [info] [sirius_scan_manager.cpp:1513] [fixed-page-cache] page_directory appended table='__wdy_auto_fixed_page:/mnt/nvme/dataset/lineitem.parquet;' fixed_cols=3 pages=160 resident_pages=160 resident_bytes=2619141376 stats_pages=160 evicted_pages=0 eviction_count=0 directory_entries=160 page_bytes=16777216 rows=163696336 owned_pages=1
[2026-07-09 04:20:36.879] [info] [parquet_gpu_ingestible.cpp:756] [fixed-page-cache] auto_cache_populate table='__wdy_auto_fixed_page:/mnt/nvme/dataset/lineitem.parquet;' rows=32758353 columns=3
[2026-07-09 04:20:36.884] [info] [gpu_pipeline_task.cpp:321] [stage-audit] pipeline_id=5 task_id=21 operator_id=30 operator_name=GPU_SCAN stage_kind=SCAN operator_type=94 input_type=GPU_SCAN output_type=PIPELINEABLE actual_gpu=1 pipeline_operator_count=3 input_batches=0 input_rows=0 input_columns=0 input_bytes=0 output_batches=1 output_rows=32758353 output_columns=3 output_bytes=536418192 byte_ratio=0.000000 row_ratio=0.000000 duration_us=290250
[2026-07-09 04:20:36.884] [info] [gpu_pipeline_task.cpp:321] [stage-audit] pipeline_id=5 task_id=21 operator_id=31 operator_name=DYNAMIC_FILTER stage_kind=OTHER operator_type=95 input_type=PIPELINEABLE output_type=PIPELINEABLE actual_gpu=1 pipeline_operator_count=3 input_batches=1 input_rows=32758353 input_columns=3 input_bytes=536418192 output_batches=1 output_rows=32758353 output_columns=3 output_bytes=536418192 byte_ratio=1.000000 row_ratio=1.000000 duration_us=4
[2026-07-09 04:20:36.888] [info] [gpu_pipeline_task.cpp:321] [stage-audit] pipeline_id=5 task_id=21 operator_id=14 operator_name=FILTER stage_kind=FILTER operator_type=12 input_type=PIPELINEABLE output_type=PIPELINEABLE actual_gpu=1 pipeline_operator_count=3 input_batches=1 input_rows=32758353 input_columns=3 input_bytes=536418192 output_batches=1 output_rows=20709675 output_columns=1 output_bytes=168266136 byte_ratio=0.313685 row_ratio=0.632195 duration_us=3553
[2026-07-09 04:20:36.894] [info] [sirius_scan_manager.cpp:1513] [fixed-page-cache] page_directory appended table='__wdy_auto_fixed_page:/mnt/nvme/dataset/lineitem.parquet;' fixed_cols=3 pages=192 resident_pages=192 resident_bytes=3143267072 stats_pages=192 evicted_pages=0 eviction_count=0 directory_entries=192 page_bytes=16777216 rows=196454192 owned_pages=1
[2026-07-09 04:20:36.894] [info] [parquet_gpu_ingestible.cpp:756] [fixed-page-cache] auto_cache_populate table='__wdy_auto_fixed_page:/mnt/nvme/dataset/lineitem.parquet;' rows=32757856 columns=3
[2026-07-09 04:20:36.894] [info] [gpu_pipeline_task.cpp:321] [stage-audit] pipeline_id=5 task_id=20 operator_id=30 operator_name=GPU_SCAN stage_kind=SCAN operator_type=94 input_type=GPU_SCAN output_type=PIPELINEABLE actual_gpu=0 pipeline_operator_count=3 input_batches=0 input_rows=0 input_columns=0 input_bytes=0 output_batches=1 output_rows=32757856 output_columns=3 output_bytes=536410048 byte_ratio=0.000000 row_ratio=0.000000 duration_us=449740
[2026-07-09 04:20:36.894] [info] [gpu_pipeline_task.cpp:321] [stage-audit] pipeline_id=5 task_id=20 operator_id=31 operator_name=DYNAMIC_FILTER stage_kind=OTHER operator_type=95 input_type=PIPELINEABLE output_type=PIPELINEABLE actual_gpu=0 pipeline_operator_count=3 input_batches=1 input_rows=32757856 input_columns=3 input_bytes=536410048 output_batches=1 output_rows=32757856 output_columns=3 output_bytes=536410048 byte_ratio=1.000000 row_ratio=1.000000 duration_us=18
[2026-07-09 04:20:36.896] [info] [gpu_pipeline_task.cpp:321] [stage-audit] pipeline_id=5 task_id=20 operator_id=14 operator_name=FILTER stage_kind=FILTER operator_type=12 input_type=PIPELINEABLE output_type=PIPELINEABLE actual_gpu=0 pipeline_operator_count=3 input_batches=1 input_rows=32757856 input_columns=3 input_bytes=536410048 output_batches=1 output_rows=20709427 output_columns=1 output_bytes=168264152 byte_ratio=0.313686 row_ratio=0.632197 duration_us=1779
[2026-07-09 04:20:36.903] [info] [sirius_scan_manager.cpp:1513] [fixed-page-cache] page_directory appended table='__wdy_auto_fixed_page:/mnt/nvme/dataset/lineitem.parquet;' fixed_cols=3 pages=224 resident_pages=224 resident_bytes=3667402672 stats_pages=224 evicted_pages=0 eviction_count=0 directory_entries=224 page_bytes=16777216 rows=229212667 owned_pages=1
[2026-07-09 04:20:36.903] [info] [parquet_gpu_ingestible.cpp:756] [fixed-page-cache] auto_cache_populate table='__wdy_auto_fixed_page:/mnt/nvme/dataset/lineitem.parquet;' rows=32758475 columns=3
[2026-07-09 04:20:36.903] [info] [gpu_pipeline_task.cpp:321] [stage-audit] pipeline_id=5 task_id=19 operator_id=30 operator_name=GPU_SCAN stage_kind=SCAN operator_type=94 input_type=GPU_SCAN output_type=PIPELINEABLE actual_gpu=1 pipeline_operator_count=3 input_batches=0 input_rows=0 input_columns=0 input_bytes=0 output_batches=1 output_rows=32758475 output_columns=3 output_bytes=536420144 byte_ratio=0.000000 row_ratio=0.000000 duration_us=406201
[2026-07-09 04:20:36.903] [info] [gpu_pipeline_task.cpp:321] [stage-audit] pipeline_id=5 task_id=19 operator_id=31 operator_name=DYNAMIC_FILTER stage_kind=OTHER operator_type=95 input_type=PIPELINEABLE output_type=PIPELINEABLE actual_gpu=1 pipeline_operator_count=3 input_batches=1 input_rows=32758475 input_columns=3 input_bytes=536420144 output_batches=1 output_rows=32758475 output_columns=3 output_bytes=536420144 byte_ratio=1.000000 row_ratio=1.000000 duration_us=2
[2026-07-09 04:20:36.905] [info] [gpu_pipeline_task.cpp:321] [stage-audit] pipeline_id=5 task_id=19 operator_id=14 operator_name=FILTER stage_kind=FILTER operator_type=12 input_type=PIPELINEABLE output_type=PIPELINEABLE actual_gpu=1 pipeline_operator_count=3 input_batches=1 input_rows=32758475 input_columns=3 input_bytes=536420144 output_batches=1 output_rows=20710336 output_columns=1 output_bytes=168271488 byte_ratio=0.313693 row_ratio=0.632213 duration_us=1682
[2026-07-09 04:20:36.913] [info] [sirius_scan_manager.cpp:1513] [fixed-page-cache] page_directory appended table='__wdy_auto_fixed_page:/mnt/nvme/dataset/lineitem.parquet;' fixed_cols=3 pages=256 resident_pages=256 resident_bytes=4191531168 stats_pages=256 evicted_pages=0 eviction_count=0 directory_entries=256 page_bytes=16777216 rows=261970698 owned_pages=1
[2026-07-09 04:20:36.913] [info] [parquet_gpu_ingestible.cpp:756] [fixed-page-cache] auto_cache_populate table='__wdy_auto_fixed_page:/mnt/nvme/dataset/lineitem.parquet;' rows=32758031 columns=3
[2026-07-09 04:20:36.913] [info] [gpu_pipeline_task.cpp:321] [stage-audit] pipeline_id=5 task_id=18 operator_id=30 operator_name=GPU_SCAN stage_kind=SCAN operator_type=94 input_type=GPU_SCAN output_type=PIPELINEABLE actual_gpu=0 pipeline_operator_count=3 input_batches=0 input_rows=0 input_columns=0 input_bytes=0 output_batches=1 output_rows=32758031 output_columns=3 output_bytes=536412848 byte_ratio=0.000000 row_ratio=0.000000 duration_us=476080
[2026-07-09 04:20:36.913] [info] [gpu_pipeline_task.cpp:321] [stage-audit] pipeline_id=5 task_id=18 operator_id=31 operator_name=DYNAMIC_FILTER stage_kind=OTHER operator_type=95 input_type=PIPELINEABLE output_type=PIPELINEABLE actual_gpu=0 pipeline_operator_count=3 input_batches=1 input_rows=32758031 input_columns=3 input_bytes=536412848 output_batches=1 output_rows=32758031 output_columns=3 output_bytes=536412848 byte_ratio=1.000000 row_ratio=1.000000 duration_us=2
[2026-07-09 04:20:36.915] [info] [gpu_pipeline_task.cpp:321] [stage-audit] pipeline_id=5 task_id=18 operator_id=14 operator_name=FILTER stage_kind=FILTER operator_type=12 input_type=PIPELINEABLE output_type=PIPELINEABLE actual_gpu=0 pipeline_operator_count=3 input_batches=1 input_rows=32758031 input_columns=3 input_bytes=536412848 output_batches=1 output_rows=20706674 output_columns=1 output_bytes=168241744 byte_ratio=0.313642 row_ratio=0.632110 duration_us=1667
[2026-07-09 04:20:36.925] [info] [load_balancing_scan_batch_coalescer.cpp:96] [coalesce-debug] load_balancer emit pipeline=5 -> preferred GPU 0
[2026-07-09 04:20:37.103] [info] [load_balancing_scan_batch_coalescer.cpp:96] [coalesce-debug] load_balancer emit pipeline=5 -> preferred GPU 1
[2026-07-09 04:20:37.285] [info] [load_balancing_scan_batch_coalescer.cpp:96] [coalesce-debug] load_balancer emit pipeline=5 -> preferred GPU 0
[2026-07-09 04:20:37.469] [info] [load_balancing_scan_batch_coalescer.cpp:96] [coalesce-debug] load_balancer emit pipeline=5 -> preferred GPU 1
[2026-07-09 04:20:37.623] [info] [load_balancing_scan_batch_coalescer.cpp:96] [coalesce-debug] load_balancer emit pipeline=5 -> preferred GPU 0
[2026-07-09 04:20:37.804] [info] [load_balancing_scan_batch_coalescer.cpp:96] [coalesce-debug] load_balancer emit pipeline=5 -> preferred GPU 1
[2026-07-09 04:20:37.977] [info] [load_balancing_scan_batch_coalescer.cpp:96] [coalesce-debug] load_balancer emit pipeline=5 -> preferred GPU 0
[2026-07-09 04:20:38.156] [info] [load_balancing_scan_batch_coalescer.cpp:96] [coalesce-debug] load_balancer emit pipeline=5 -> preferred GPU 1
[2026-07-09 04:20:38.348] [info] [parquet_gpu_ingestible.cpp:250] [coalesce-debug] parquet_batch_coalescer emit #19: 1 slice(s), acc_bytes=171622566, cap=536870912
[2026-07-09 04:20:38.348] [info] [load_balancing_scan_batch_coalescer.cpp:96] [coalesce-debug] load_balancer emit pipeline=5 -> preferred GPU 0
[2026-07-09 04:20:38.545] [info] [task_creator.cpp:363] [locality-audit] task_create operator_id=33 input_bytes=168351216 local_bytes=168351216 gpu_source_bytes=168351216 host_source_bytes=0 disk_source_bytes=0 gpu_sources=1 host_sources=0 preferred_device=0
[2026-07-09 04:20:38.546] [info] [task_scheduler.cpp:462] [mgpu-audit] pipeline_task dispatched to GPU 0 task_id=22
[2026-07-09 04:20:38.546] [info] [task_scheduler.cpp:464] [locality-audit] dispatch task_id=22 preferred_device=0 actual_gpu=0
[2026-07-09 04:20:38.546] [info] [task_creator.cpp:363] [locality-audit] task_create operator_id=33 input_bytes=168049112 local_bytes=168049112 gpu_source_bytes=168049112 host_source_bytes=0 disk_source_bytes=0 gpu_sources=1 host_sources=0 preferred_device=1
[2026-07-09 04:20:38.546] [info] [task_creator.cpp:363] [locality-audit] task_create operator_id=33 input_bytes=168046312 local_bytes=168046312 gpu_source_bytes=168046312 host_source_bytes=0 disk_source_bytes=0 gpu_sources=1 host_sources=0 preferred_device=0
[2026-07-09 04:20:38.546] [info] [task_creator.cpp:363] [locality-audit] task_create operator_id=33 input_bytes=168191368 local_bytes=168191368 gpu_source_bytes=168191368 host_source_bytes=0 disk_source_bytes=0 gpu_sources=1 host_sources=0 preferred_device=1
[2026-07-09 04:20:38.546] [info] [task_scheduler.cpp:462] [mgpu-audit] pipeline_task dispatched to GPU 0 task_id=24
[2026-07-09 04:20:38.546] [info] [task_scheduler.cpp:464] [locality-audit] dispatch task_id=24 preferred_device=0 actual_gpu=0
[2026-07-09 04:20:38.546] [info] [task_creator.cpp:363] [locality-audit] task_create operator_id=33 input_bytes=168266136 local_bytes=168266136 gpu_source_bytes=168266136 host_source_bytes=0 disk_source_bytes=0 gpu_sources=1 host_sources=0 preferred_device=1
[2026-07-09 04:20:38.546] [info] [task_creator.cpp:363] [locality-audit] task_create operator_id=33 input_bytes=168264152 local_bytes=168264152 gpu_source_bytes=168264152 host_source_bytes=0 disk_source_bytes=0 gpu_sources=1 host_sources=0 preferred_device=0
[2026-07-09 04:20:38.546] [info] [task_scheduler.cpp:462] [mgpu-audit] pipeline_task dispatched to GPU 0 task_id=26
[2026-07-09 04:20:38.546] [info] [task_scheduler.cpp:464] [locality-audit] dispatch task_id=26 preferred_device=0 actual_gpu=0
[2026-07-09 04:20:38.546] [info] [task_creator.cpp:363] [locality-audit] task_create operator_id=33 input_bytes=168271488 local_bytes=168271488 gpu_source_bytes=168271488 host_source_bytes=0 disk_source_bytes=0 gpu_sources=1 host_sources=0 preferred_device=1
[2026-07-09 04:20:38.546] [info] [task_scheduler.cpp:462] [mgpu-audit] pipeline_task dispatched to GPU 1 task_id=23
[2026-07-09 04:20:38.546] [info] [task_scheduler.cpp:464] [locality-audit] dispatch task_id=23 preferred_device=1 actual_gpu=1
[2026-07-09 04:20:38.546] [info] [task_creator.cpp:363] [locality-audit] task_create operator_id=33 input_bytes=168241744 local_bytes=168241744 gpu_source_bytes=168241744 host_source_bytes=0 disk_source_bytes=0 gpu_sources=1 host_sources=0 preferred_device=0
[2026-07-09 04:20:38.546] [info] [task_scheduler.cpp:462] [mgpu-audit] pipeline_task dispatched to GPU 1 task_id=25
[2026-07-09 04:20:38.546] [info] [task_scheduler.cpp:464] [locality-audit] dispatch task_id=25 preferred_device=1 actual_gpu=1
[2026-07-09 04:20:38.546] [info] [task_scheduler.cpp:462] [mgpu-audit] pipeline_task dispatched to GPU 1 task_id=27
[2026-07-09 04:20:38.546] [info] [task_scheduler.cpp:464] [locality-audit] dispatch task_id=27 preferred_device=1 actual_gpu=1
[2026-07-09 04:20:38.927] [info] [sirius_scan_manager.cpp:1513] [fixed-page-cache] page_directory appended table='__wdy_auto_fixed_page:/mnt/nvme/dataset/lineitem.parquet;' fixed_cols=3 pages=288 resident_pages=288 resident_bytes=4715676608 stats_pages=288 evicted_pages=0 eviction_count=0 directory_entries=288 page_bytes=16777216 rows=294729788 owned_pages=1
[2026-07-09 04:20:38.927] [info] [parquet_gpu_ingestible.cpp:756] [fixed-page-cache] auto_cache_populate table='__wdy_auto_fixed_page:/mnt/nvme/dataset/lineitem.parquet;' rows=32759090 columns=3
[2026-07-09 04:20:38.927] [info] [gpu_pipeline_task.cpp:321] [stage-audit] pipeline_id=5 task_id=24 operator_id=30 operator_name=GPU_SCAN stage_kind=SCAN operator_type=94 input_type=GPU_SCAN output_type=PIPELINEABLE actual_gpu=0 pipeline_operator_count=3 input_batches=0 input_rows=0 input_columns=0 input_bytes=0 output_batches=1 output_rows=32759090 output_columns=3 output_bytes=536430176 byte_ratio=0.000000 row_ratio=0.000000 duration_us=367404
[2026-07-09 04:20:38.927] [info] [gpu_pipeline_task.cpp:321] [stage-audit] pipeline_id=5 task_id=24 operator_id=31 operator_name=DYNAMIC_FILTER stage_kind=OTHER operator_type=95 input_type=PIPELINEABLE output_type=PIPELINEABLE actual_gpu=0 pipeline_operator_count=3 input_batches=1 input_rows=32759090 input_columns=3 input_bytes=536430176 output_batches=1 output_rows=32759090 output_columns=3 output_bytes=536430176 byte_ratio=1.000000 row_ratio=1.000000 duration_us=2
[2026-07-09 04:20:38.929] [info] [gpu_pipeline_task.cpp:321] [stage-audit] pipeline_id=5 task_id=24 operator_id=14 operator_name=FILTER stage_kind=FILTER operator_type=12 input_type=PIPELINEABLE output_type=PIPELINEABLE actual_gpu=0 pipeline_operator_count=3 input_batches=1 input_rows=32759090 input_columns=3 input_bytes=536430176 output_batches=1 output_rows=20710388 output_columns=1 output_bytes=168271904 byte_ratio=0.313688 row_ratio=0.632203 duration_us=1894
[2026-07-09 04:20:38.929] [info] [task_creator.cpp:363] [locality-audit] task_create operator_id=33 input_bytes=168271904 local_bytes=168271904 gpu_source_bytes=168271904 host_source_bytes=0 disk_source_bytes=0 gpu_sources=1 host_sources=0 preferred_device=0
[2026-07-09 04:20:38.961] [info] [sirius_scan_manager.cpp:1513] [fixed-page-cache] page_directory appended table='__wdy_auto_fixed_page:/mnt/nvme/dataset/lineitem.parquet;' fixed_cols=3 pages=320 resident_pages=320 resident_bytes=5239811888 stats_pages=320 evicted_pages=0 eviction_count=0 directory_entries=320 page_bytes=16777216 rows=327488243 owned_pages=1
[2026-07-09 04:20:38.961] [info] [parquet_gpu_ingestible.cpp:756] [fixed-page-cache] auto_cache_populate table='__wdy_auto_fixed_page:/mnt/nvme/dataset/lineitem.parquet;' rows=32758455 columns=3
[2026-07-09 04:20:38.961] [info] [gpu_pipeline_task.cpp:321] [stage-audit] pipeline_id=5 task_id=22 operator_id=30 operator_name=GPU_SCAN stage_kind=SCAN operator_type=94 input_type=GPU_SCAN output_type=PIPELINEABLE actual_gpu=0 pipeline_operator_count=3 input_batches=0 input_rows=0 input_columns=0 input_bytes=0 output_batches=1 output_rows=32758455 output_columns=3 output_bytes=536419824 byte_ratio=0.000000 row_ratio=0.000000 duration_us=400018
[2026-07-09 04:20:38.977] [info] [gpu_pipeline_task.cpp:321] [stage-audit] pipeline_id=5 task_id=22 operator_id=31 operator_name=DYNAMIC_FILTER stage_kind=OTHER operator_type=95 input_type=PIPELINEABLE output_type=PIPELINEABLE actual_gpu=0 pipeline_operator_count=3 input_batches=1 input_rows=32758455 input_columns=3 input_bytes=536419824 output_batches=1 output_rows=32758455 output_columns=3 output_bytes=536419824 byte_ratio=1.000000 row_ratio=1.000000 duration_us=15812
[2026-07-09 04:20:38.981] [info] [gpu_pipeline_task.cpp:321] [stage-audit] pipeline_id=5 task_id=22 operator_id=14 operator_name=FILTER stage_kind=FILTER operator_type=12 input_type=PIPELINEABLE output_type=PIPELINEABLE actual_gpu=0 pipeline_operator_count=3 input_batches=1 input_rows=32758455 input_columns=3 input_bytes=536419824 output_batches=1 output_rows=20710134 output_columns=1 output_bytes=168269872 byte_ratio=0.313691 row_ratio=0.632207 duration_us=3950
[2026-07-09 04:20:38.981] [info] [task_creator.cpp:363] [locality-audit] task_create operator_id=33 input_bytes=168269872 local_bytes=168269872 gpu_source_bytes=168269872 host_source_bytes=0 disk_source_bytes=0 gpu_sources=1 host_sources=0 preferred_device=0
[2026-07-09 04:20:38.982] [info] [task_scheduler.cpp:462] [mgpu-audit] pipeline_task dispatched to GPU 0 task_id=28
[2026-07-09 04:20:38.982] [info] [task_scheduler.cpp:464] [locality-audit] dispatch task_id=28 preferred_device=0 actual_gpu=0
[2026-07-09 04:20:38.987] [info] [sirius_scan_manager.cpp:1513] [fixed-page-cache] page_directory appended table='__wdy_auto_fixed_page:/mnt/nvme/dataset/lineitem.parquet;' fixed_cols=3 pages=352 resident_pages=352 resident_bytes=5763935824 stats_pages=352 evicted_pages=0 eviction_count=0 directory_entries=352 page_bytes=16777216 rows=360245989 owned_pages=1
[2026-07-09 04:20:38.988] [info] [parquet_gpu_ingestible.cpp:756] [fixed-page-cache] auto_cache_populate table='__wdy_auto_fixed_page:/mnt/nvme/dataset/lineitem.parquet;' rows=32757746 columns=3
[2026-07-09 04:20:38.988] [info] [gpu_pipeline_task.cpp:321] [stage-audit] pipeline_id=5 task_id=25 operator_id=30 operator_name=GPU_SCAN stage_kind=SCAN operator_type=94 input_type=GPU_SCAN output_type=PIPELINEABLE actual_gpu=1 pipeline_operator_count=3 input_batches=0 input_rows=0 input_columns=0 input_bytes=0 output_batches=1 output_rows=32757746 output_columns=3 output_bytes=536408096 byte_ratio=0.000000 row_ratio=0.000000 duration_us=427595
[2026-07-09 04:20:38.988] [info] [gpu_pipeline_task.cpp:321] [stage-audit] pipeline_id=5 task_id=25 operator_id=31 operator_name=DYNAMIC_FILTER stage_kind=OTHER operator_type=95 input_type=PIPELINEABLE output_type=PIPELINEABLE actual_gpu=1 pipeline_operator_count=3 input_batches=1 input_rows=32757746 input_columns=3 input_bytes=536408096 output_batches=1 output_rows=32757746 output_columns=3 output_bytes=536408096 byte_ratio=1.000000 row_ratio=1.000000 duration_us=7
[2026-07-09 04:20:38.990] [info] [gpu_pipeline_task.cpp:321] [stage-audit] pipeline_id=5 task_id=25 operator_id=14 operator_name=FILTER stage_kind=FILTER operator_type=12 input_type=PIPELINEABLE output_type=PIPELINEABLE actual_gpu=1 pipeline_operator_count=3 input_batches=1 input_rows=32757746 input_columns=3 input_bytes=536408096 output_batches=1 output_rows=20711635 output_columns=1 output_bytes=168282072 byte_ratio=0.313720 row_ratio=0.632267 duration_us=2290
[2026-07-09 04:20:38.990] [info] [task_creator.cpp:363] [locality-audit] task_create operator_id=33 input_bytes=168282072 local_bytes=168282072 gpu_source_bytes=168282072 host_source_bytes=0 disk_source_bytes=0 gpu_sources=1 host_sources=0 preferred_device=1
[2026-07-09 04:20:38.999] [info] [sirius_scan_manager.cpp:1513] [fixed-page-cache] page_directory appended table='__wdy_auto_fixed_page:/mnt/nvme/dataset/lineitem.parquet;' fixed_cols=3 pages=384 resident_pages=384 resident_bytes=6288088976 stats_pages=384 evicted_pages=0 eviction_count=0 directory_entries=384 page_bytes=16777216 rows=393005561 owned_pages=1
[2026-07-09 04:20:38.999] [info] [parquet_gpu_ingestible.cpp:756] [fixed-page-cache] auto_cache_populate table='__wdy_auto_fixed_page:/mnt/nvme/dataset/lineitem.parquet;' rows=32759572 columns=3
[2026-07-09 04:20:38.999] [info] [gpu_pipeline_task.cpp:321] [stage-audit] pipeline_id=5 task_id=23 operator_id=30 operator_name=GPU_SCAN stage_kind=SCAN operator_type=94 input_type=GPU_SCAN output_type=PIPELINEABLE actual_gpu=1 pipeline_operator_count=3 input_batches=0 input_rows=0 input_columns=0 input_bytes=0 output_batches=1 output_rows=32759572 output_columns=3 output_bytes=536438080 byte_ratio=0.000000 row_ratio=0.000000 duration_us=439351
[2026-07-09 04:20:38.999] [info] [gpu_pipeline_task.cpp:321] [stage-audit] pipeline_id=5 task_id=23 operator_id=31 operator_name=DYNAMIC_FILTER stage_kind=OTHER operator_type=95 input_type=PIPELINEABLE output_type=PIPELINEABLE actual_gpu=1 pipeline_operator_count=3 input_batches=1 input_rows=32759572 input_columns=3 input_bytes=536438080 output_batches=1 output_rows=32759572 output_columns=3 output_bytes=536438080 byte_ratio=1.000000 row_ratio=1.000000 duration_us=2
[2026-07-09 04:20:39.001] [info] [gpu_pipeline_task.cpp:321] [stage-audit] pipeline_id=5 task_id=23 operator_id=14 operator_name=FILTER stage_kind=FILTER operator_type=12 input_type=PIPELINEABLE output_type=PIPELINEABLE actual_gpu=1 pipeline_operator_count=3 input_batches=1 input_rows=32759572 input_columns=3 input_bytes=536438080 output_batches=1 output_rows=20715771 output_columns=1 output_bytes=168315672 byte_ratio=0.313765 row_ratio=0.632358 duration_us=1677
[2026-07-09 04:20:39.001] [info] [task_creator.cpp:363] [locality-audit] task_create operator_id=33 input_bytes=168315672 local_bytes=168315672 gpu_source_bytes=168315672 host_source_bytes=0 disk_source_bytes=0 gpu_sources=1 host_sources=0 preferred_device=1
[2026-07-09 04:20:39.001] [info] [task_scheduler.cpp:462] [mgpu-audit] pipeline_task dispatched to GPU 1 task_id=29
[2026-07-09 04:20:39.001] [info] [task_scheduler.cpp:464] [locality-audit] dispatch task_id=29 preferred_device=1 actual_gpu=1
[2026-07-09 04:20:39.288] [info] [sirius_scan_manager.cpp:1513] [fixed-page-cache] page_directory appended table='__wdy_auto_fixed_page:/mnt/nvme/dataset/lineitem.parquet;' fixed_cols=3 pages=416 resident_pages=416 resident_bytes=6812232816 stats_pages=416 evicted_pages=0 eviction_count=0 directory_entries=416 page_bytes=16777216 rows=425764551 owned_pages=1
[2026-07-09 04:20:39.288] [info] [parquet_gpu_ingestible.cpp:756] [fixed-page-cache] auto_cache_populate table='__wdy_auto_fixed_page:/mnt/nvme/dataset/lineitem.parquet;' rows=32758990 columns=3
[2026-07-09 04:20:39.288] [info] [gpu_pipeline_task.cpp:321] [stage-audit] pipeline_id=5 task_id=27 operator_id=30 operator_name=GPU_SCAN stage_kind=SCAN operator_type=94 input_type=GPU_SCAN output_type=PIPELINEABLE actual_gpu=1 pipeline_operator_count=3 input_batches=0 input_rows=0 input_columns=0 input_bytes=0 output_batches=1 output_rows=32758990 output_columns=3 output_bytes=536428576 byte_ratio=0.000000 row_ratio=0.000000 duration_us=270638
[2026-07-09 04:20:39.288] [info] [gpu_pipeline_task.cpp:321] [stage-audit] pipeline_id=5 task_id=27 operator_id=31 operator_name=DYNAMIC_FILTER stage_kind=OTHER operator_type=95 input_type=PIPELINEABLE output_type=PIPELINEABLE actual_gpu=1 pipeline_operator_count=3 input_batches=1 input_rows=32758990 input_columns=3 input_bytes=536428576 output_batches=1 output_rows=32758990 output_columns=3 output_bytes=536428576 byte_ratio=1.000000 row_ratio=1.000000 duration_us=2
[2026-07-09 04:20:39.290] [info] [gpu_pipeline_task.cpp:321] [stage-audit] pipeline_id=5 task_id=27 operator_id=14 operator_name=FILTER stage_kind=FILTER operator_type=12 input_type=PIPELINEABLE output_type=PIPELINEABLE actual_gpu=1 pipeline_operator_count=3 input_batches=1 input_rows=32758990 input_columns=3 input_bytes=536428576 output_batches=1 output_rows=20708257 output_columns=1 output_bytes=168254600 byte_ratio=0.313657 row_ratio=0.632140 duration_us=1773
[2026-07-09 04:20:39.290] [info] [task_creator.cpp:363] [locality-audit] task_create operator_id=33 input_bytes=168254600 local_bytes=168254600 gpu_source_bytes=168254600 host_source_bytes=0 disk_source_bytes=0 gpu_sources=1 host_sources=0 preferred_device=1
[2026-07-09 04:20:39.310] [info] [sirius_scan_manager.cpp:1513] [fixed-page-cache] page_directory appended table='__wdy_auto_fixed_page:/mnt/nvme/dataset/lineitem.parquet;' fixed_cols=3 pages=448 resident_pages=448 resident_bytes=7336363168 stats_pages=448 evicted_pages=0 eviction_count=0 directory_entries=448 page_bytes=16777216 rows=458522698 owned_pages=1
[2026-07-09 04:20:39.310] [info] [parquet_gpu_ingestible.cpp:756] [fixed-page-cache] auto_cache_populate table='__wdy_auto_fixed_page:/mnt/nvme/dataset/lineitem.parquet;' rows=32758147 columns=3
[2026-07-09 04:20:39.310] [info] [gpu_pipeline_task.cpp:321] [stage-audit] pipeline_id=5 task_id=26 operator_id=30 operator_name=GPU_SCAN stage_kind=SCAN operator_type=94 input_type=GPU_SCAN output_type=PIPELINEABLE actual_gpu=0 pipeline_operator_count=3 input_batches=0 input_rows=0 input_columns=0 input_bytes=0 output_batches=1 output_rows=32758147 output_columns=3 output_bytes=536414704 byte_ratio=0.000000 row_ratio=0.000000 duration_us=313132
[2026-07-09 04:20:39.310] [info] [gpu_pipeline_task.cpp:321] [stage-audit] pipeline_id=5 task_id=26 operator_id=31 operator_name=DYNAMIC_FILTER stage_kind=OTHER operator_type=95 input_type=PIPELINEABLE output_type=PIPELINEABLE actual_gpu=0 pipeline_operator_count=3 input_batches=1 input_rows=32758147 input_columns=3 input_bytes=536414704 output_batches=1 output_rows=32758147 output_columns=3 output_bytes=536414704 byte_ratio=1.000000 row_ratio=1.000000 duration_us=2
[2026-07-09 04:20:39.312] [info] [gpu_pipeline_task.cpp:321] [stage-audit] pipeline_id=5 task_id=26 operator_id=14 operator_name=FILTER stage_kind=FILTER operator_type=12 input_type=PIPELINEABLE output_type=PIPELINEABLE actual_gpu=0 pipeline_operator_count=3 input_batches=1 input_rows=32758147 input_columns=3 input_bytes=536414704 output_batches=1 output_rows=20710071 output_columns=1 output_bytes=168269368 byte_ratio=0.313693 row_ratio=0.632211 duration_us=1701
[2026-07-09 04:20:39.312] [info] [task_creator.cpp:363] [locality-audit] task_create operator_id=33 input_bytes=168269368 local_bytes=168269368 gpu_source_bytes=168269368 host_source_bytes=0 disk_source_bytes=0 gpu_sources=1 host_sources=0 preferred_device=0
[2026-07-09 04:20:39.359] [info] [task_scheduler.cpp:462] [mgpu-audit] pipeline_task dispatched to GPU 1 task_id=31
[2026-07-09 04:20:39.359] [info] [task_scheduler.cpp:464] [locality-audit] dispatch task_id=31 preferred_device=1 actual_gpu=1
[2026-07-09 04:20:39.522] [info] [task_scheduler.cpp:462] [mgpu-audit] pipeline_task dispatched to GPU 0 task_id=30
[2026-07-09 04:20:39.522] [info] [task_scheduler.cpp:464] [locality-audit] dispatch task_id=30 preferred_device=0 actual_gpu=0
[2026-07-09 04:20:39.639] [info] [sirius_scan_manager.cpp:1513] [fixed-page-cache] page_directory appended table='__wdy_auto_fixed_page:/mnt/nvme/dataset/lineitem.parquet;' fixed_cols=3 pages=480 resident_pages=480 resident_bytes=7860499520 stats_pages=480 evicted_pages=0 eviction_count=0 directory_entries=480 page_bytes=16777216 rows=491281220 owned_pages=1
[2026-07-09 04:20:39.639] [info] [parquet_gpu_ingestible.cpp:756] [fixed-page-cache] auto_cache_populate table='__wdy_auto_fixed_page:/mnt/nvme/dataset/lineitem.parquet;' rows=32758522 columns=3
[2026-07-09 04:20:39.639] [info] [gpu_pipeline_task.cpp:321] [stage-audit] pipeline_id=5 task_id=29 operator_id=30 operator_name=GPU_SCAN stage_kind=SCAN operator_type=94 input_type=GPU_SCAN output_type=PIPELINEABLE actual_gpu=1 pipeline_operator_count=3 input_batches=0 input_rows=0 input_columns=0 input_bytes=0 output_batches=1 output_rows=32758522 output_columns=3 output_bytes=536420896 byte_ratio=0.000000 row_ratio=0.000000 duration_us=260306
[2026-07-09 04:20:39.639] [info] [gpu_pipeline_task.cpp:321] [stage-audit] pipeline_id=5 task_id=29 operator_id=31 operator_name=DYNAMIC_FILTER stage_kind=OTHER operator_type=95 input_type=PIPELINEABLE output_type=PIPELINEABLE actual_gpu=1 pipeline_operator_count=3 input_batches=1 input_rows=32758522 input_columns=3 input_bytes=536420896 output_batches=1 output_rows=32758522 output_columns=3 output_bytes=536420896 byte_ratio=1.000000 row_ratio=1.000000 duration_us=2
[2026-07-09 04:20:39.641] [info] [gpu_pipeline_task.cpp:321] [stage-audit] pipeline_id=5 task_id=29 operator_id=14 operator_name=FILTER stage_kind=FILTER operator_type=12 input_type=PIPELINEABLE output_type=PIPELINEABLE actual_gpu=1 pipeline_operator_count=3 input_batches=1 input_rows=32758522 input_columns=3 input_bytes=536420896 output_batches=1 output_rows=20707930 output_columns=1 output_bytes=168251984 byte_ratio=0.313657 row_ratio=0.632139 duration_us=1740
[2026-07-09 04:20:39.642] [info] [task_creator.cpp:363] [locality-audit] task_create operator_id=33 input_bytes=168251984 local_bytes=168251984 gpu_source_bytes=168251984 host_source_bytes=0 disk_source_bytes=0 gpu_sources=1 host_sources=0 preferred_device=1
[2026-07-09 04:20:39.842] [info] [task_scheduler.cpp:462] [mgpu-audit] pipeline_task dispatched to GPU 1 task_id=45
[2026-07-09 04:20:39.842] [info] [task_scheduler.cpp:464] [locality-audit] dispatch task_id=45 preferred_device=1 actual_gpu=1
[2026-07-09 04:20:39.864] [info] [sirius_scan_manager.cpp:1513] [fixed-page-cache] page_directory appended table='__wdy_auto_fixed_page:/mnt/nvme/dataset/lineitem.parquet;' fixed_cols=3 pages=512 resident_pages=512 resident_bytes=8384643712 stats_pages=512 evicted_pages=0 eviction_count=0 directory_entries=512 page_bytes=16777216 rows=524040232 owned_pages=1
[2026-07-09 04:20:39.864] [info] [parquet_gpu_ingestible.cpp:756] [fixed-page-cache] auto_cache_populate table='__wdy_auto_fixed_page:/mnt/nvme/dataset/lineitem.parquet;' rows=32759012 columns=3
[2026-07-09 04:20:39.864] [info] [gpu_pipeline_task.cpp:321] [stage-audit] pipeline_id=5 task_id=28 operator_id=30 operator_name=GPU_SCAN stage_kind=SCAN operator_type=94 input_type=GPU_SCAN output_type=PIPELINEABLE actual_gpu=0 pipeline_operator_count=3 input_batches=0 input_rows=0 input_columns=0 input_bytes=0 output_batches=1 output_rows=32759012 output_columns=3 output_bytes=536428928 byte_ratio=0.000000 row_ratio=0.000000 duration_us=321481
[2026-07-09 04:20:39.864] [info] [gpu_pipeline_task.cpp:321] [stage-audit] pipeline_id=5 task_id=28 operator_id=31 operator_name=DYNAMIC_FILTER stage_kind=OTHER operator_type=95 input_type=PIPELINEABLE output_type=PIPELINEABLE actual_gpu=0 pipeline_operator_count=3 input_batches=1 input_rows=32759012 input_columns=3 input_bytes=536428928 output_batches=1 output_rows=32759012 output_columns=3 output_bytes=536428928 byte_ratio=1.000000 row_ratio=1.000000 duration_us=1
[2026-07-09 04:20:39.865] [info] [gpu_pipeline_task.cpp:321] [stage-audit] pipeline_id=5 task_id=28 operator_id=14 operator_name=FILTER stage_kind=FILTER operator_type=12 input_type=PIPELINEABLE output_type=PIPELINEABLE actual_gpu=0 pipeline_operator_count=3 input_batches=1 input_rows=32759012 input_columns=3 input_bytes=536428928 output_batches=1 output_rows=20710278 output_columns=1 output_bytes=168271024 byte_ratio=0.313687 row_ratio=0.632201 duration_us=1723
[2026-07-09 04:20:39.866] [info] [task_creator.cpp:363] [locality-audit] task_create operator_id=33 input_bytes=168271024 local_bytes=168271024 gpu_source_bytes=168271024 host_source_bytes=0 disk_source_bytes=0 gpu_sources=1 host_sources=0 preferred_device=0
[2026-07-09 04:20:40.028] [info] [task_scheduler.cpp:462] [mgpu-audit] pipeline_task dispatched to GPU 0 task_id=32
[2026-07-09 04:20:40.028] [info] [task_scheduler.cpp:464] [locality-audit] dispatch task_id=32 preferred_device=0 actual_gpu=0
[2026-07-09 04:20:40.119] [info] [sirius_scan_manager.cpp:1014] [fixed-page-cache] page_budget applied scope=global device=1 policy=score budget_bytes_per_gpu=4294967296 evicted_pages=26 evicted_bytes=429470864 resident_bytes_after=4286775328 min_score=440 max_score=440
[2026-07-09 04:20:40.119] [info] [sirius_scan_manager.cpp:1513] [fixed-page-cache] page_directory appended table='__wdy_auto_fixed_page:/mnt/nvme/dataset/lineitem.parquet;' fixed_cols=3 pages=544 resident_pages=518 resident_bytes=8479314000 stats_pages=544 evicted_pages=26 eviction_count=26 directory_entries=544 page_bytes=16777216 rows=556799054 owned_pages=1
[2026-07-09 04:20:40.119] [info] [parquet_gpu_ingestible.cpp:756] [fixed-page-cache] auto_cache_populate table='__wdy_auto_fixed_page:/mnt/nvme/dataset/lineitem.parquet;' rows=32758822 columns=3
[2026-07-09 04:20:40.119] [info] [gpu_pipeline_task.cpp:321] [stage-audit] pipeline_id=5 task_id=31 operator_id=30 operator_name=GPU_SCAN stage_kind=SCAN operator_type=94 input_type=GPU_SCAN output_type=PIPELINEABLE actual_gpu=1 pipeline_operator_count=3 input_batches=0 input_rows=0 input_columns=0 input_bytes=0 output_batches=1 output_rows=32758822 output_columns=3 output_bytes=536425888 byte_ratio=0.000000 row_ratio=0.000000 duration_us=260564
[2026-07-09 04:20:40.119] [info] [gpu_pipeline_task.cpp:321] [stage-audit] pipeline_id=5 task_id=31 operator_id=31 operator_name=DYNAMIC_FILTER stage_kind=OTHER operator_type=95 input_type=PIPELINEABLE output_type=PIPELINEABLE actual_gpu=1 pipeline_operator_count=3 input_batches=1 input_rows=32758822 input_columns=3 input_bytes=536425888 output_batches=1 output_rows=32758822 output_columns=3 output_bytes=536425888 byte_ratio=1.000000 row_ratio=1.000000 duration_us=3
[2026-07-09 04:20:40.121] [info] [gpu_pipeline_task.cpp:321] [stage-audit] pipeline_id=5 task_id=31 operator_id=14 operator_name=FILTER stage_kind=FILTER operator_type=12 input_type=PIPELINEABLE output_type=PIPELINEABLE actual_gpu=1 pipeline_operator_count=3 input_batches=1 input_rows=32758822 input_columns=3 input_bytes=536425888 output_batches=1 output_rows=20708518 output_columns=1 output_bytes=168256752 byte_ratio=0.313663 row_ratio=0.632151 duration_us=1726
[2026-07-09 04:20:40.121] [info] [task_creator.cpp:363] [locality-audit] task_create operator_id=33 input_bytes=168256752 local_bytes=168256752 gpu_source_bytes=168256752 host_source_bytes=0 disk_source_bytes=0 gpu_sources=1 host_sources=0 preferred_device=1
[2026-07-09 04:20:40.121] [info] [task_scheduler.cpp:462] [mgpu-audit] pipeline_task dispatched to GPU 1 task_id=44
[2026-07-09 04:20:40.121] [info] [task_scheduler.cpp:464] [locality-audit] dispatch task_id=44 preferred_device=1 actual_gpu=1
[2026-07-09 04:20:40.121] [info] [task_scheduler.cpp:462] [mgpu-audit] pipeline_task dispatched to GPU 1 task_id=43
[2026-07-09 04:20:40.121] [info] [task_scheduler.cpp:464] [locality-audit] dispatch task_id=43 preferred_device=1 actual_gpu=1
[2026-07-09 04:20:40.121] [info] [gpu_pipeline_task.cpp:188] [locality-audit] prepare_before pipeline_id=6 task_id=45 preferred_device=1 actual_gpu=1 target_tier=GPU target_device=1 input_bytes=168254600 local_bytes=0 remote_gpu_bytes=0 host_bytes=168254600 disk_bytes=0 batch_count=1
[2026-07-09 04:20:40.121] [info] [gpu_pipeline_task.cpp:188] [locality-audit] prepare_before pipeline_id=6 task_id=44 preferred_device=1 actual_gpu=1 target_tier=GPU target_device=1 input_bytes=168315672 local_bytes=0 remote_gpu_bytes=0 host_bytes=168315672 disk_bytes=0 batch_count=1
[2026-07-09 04:20:40.128] [info] [gpu_pipeline_task.cpp:188] [locality-audit] prepare_after pipeline_id=6 task_id=45 preferred_device=1 actual_gpu=1 target_tier=GPU target_device=1 input_bytes=168254600 local_bytes=168254600 remote_gpu_bytes=0 host_bytes=0 disk_bytes=0 batch_count=1
[2026-07-09 04:20:40.133] [info] [gpu_pipeline_task.cpp:321] [stage-audit] pipeline_id=6 task_id=45 operator_id=33 operator_name=PARTITION stage_kind=PARTITION operator_type=82 input_type=PIPELINEABLE output_type=PIPELINEABLE actual_gpu=1 pipeline_operator_count=1 input_batches=1 input_rows=20708257 input_columns=1 input_bytes=168254600 output_batches=2 output_rows=20708257 output_columns=2 output_bytes=165666056 byte_ratio=0.984615 row_ratio=1.000000 duration_us=5012
[2026-07-09 04:20:40.133] [info] [gpu_pipeline_task.cpp:188] [locality-audit] prepare_before pipeline_id=6 task_id=43 preferred_device=1 actual_gpu=1 target_tier=GPU target_device=1 input_bytes=168282072 local_bytes=0 remote_gpu_bytes=0 host_bytes=168282072 disk_bytes=0 batch_count=1
[2026-07-09 04:20:40.133] [info] [task_scheduler.cpp:462] [mgpu-audit] pipeline_task dispatched to GPU 1 task_id=47
[2026-07-09 04:20:40.133] [info] [task_scheduler.cpp:464] [locality-audit] dispatch task_id=47 preferred_device=1 actual_gpu=1
[2026-07-09 04:20:40.134] [info] [gpu_pipeline_task.cpp:188] [locality-audit] prepare_after pipeline_id=6 task_id=44 preferred_device=1 actual_gpu=1 target_tier=GPU target_device=1 input_bytes=168315672 local_bytes=168315672 remote_gpu_bytes=0 host_bytes=0 disk_bytes=0 batch_count=1
[2026-07-09 04:20:40.137] [info] [gpu_pipeline_task.cpp:321] [stage-audit] pipeline_id=6 task_id=44 operator_id=33 operator_name=PARTITION stage_kind=PARTITION operator_type=82 input_type=PIPELINEABLE output_type=PIPELINEABLE actual_gpu=1 pipeline_operator_count=1 input_batches=1 input_rows=20715771 input_columns=1 input_bytes=168315672 output_batches=2 output_rows=20715771 output_columns=2 output_bytes=165726168 byte_ratio=0.984615 row_ratio=1.000000 duration_us=2125
[2026-07-09 04:20:40.137] [info] [task_scheduler.cpp:462] [mgpu-audit] pipeline_task dispatched to GPU 1 task_id=37
[2026-07-09 04:20:40.137] [info] [task_scheduler.cpp:464] [locality-audit] dispatch task_id=37 preferred_device=1 actual_gpu=1
[2026-07-09 04:20:40.137] [info] [gpu_pipeline_task.cpp:188] [locality-audit] prepare_before pipeline_id=6 task_id=47 preferred_device=1 actual_gpu=1 target_tier=GPU target_device=1 input_bytes=168251984 local_bytes=0 remote_gpu_bytes=0 host_bytes=168251984 disk_bytes=0 batch_count=1
[2026-07-09 04:20:40.141] [info] [gpu_pipeline_task.cpp:188] [locality-audit] prepare_after pipeline_id=6 task_id=43 preferred_device=1 actual_gpu=1 target_tier=GPU target_device=1 input_bytes=168282072 local_bytes=168282072 remote_gpu_bytes=0 host_bytes=0 disk_bytes=0 batch_count=1
[2026-07-09 04:20:40.143] [info] [gpu_pipeline_task.cpp:321] [stage-audit] pipeline_id=6 task_id=43 operator_id=33 operator_name=PARTITION stage_kind=PARTITION operator_type=82 input_type=PIPELINEABLE output_type=PIPELINEABLE actual_gpu=1 pipeline_operator_count=1 input_batches=1 input_rows=20711635 input_columns=1 input_bytes=168282072 output_batches=2 output_rows=20711635 output_columns=2 output_bytes=165693080 byte_ratio=0.984615 row_ratio=1.000000 duration_us=2057
[2026-07-09 04:20:40.148] [info] [gpu_pipeline_task.cpp:188] [locality-audit] prepare_after pipeline_id=6 task_id=47 preferred_device=1 actual_gpu=1 target_tier=GPU target_device=1 input_bytes=168251984 local_bytes=168251984 remote_gpu_bytes=0 host_bytes=0 disk_bytes=0 batch_count=1
[2026-07-09 04:20:40.150] [info] [gpu_pipeline_task.cpp:321] [stage-audit] pipeline_id=6 task_id=47 operator_id=33 operator_name=PARTITION stage_kind=PARTITION operator_type=82 input_type=PIPELINEABLE output_type=PIPELINEABLE actual_gpu=1 pipeline_operator_count=1 input_batches=1 input_rows=20707930 input_columns=1 input_bytes=168251984 output_batches=2 output_rows=20707930 output_columns=2 output_bytes=165663440 byte_ratio=0.984615 row_ratio=1.000000 duration_us=1994
[2026-07-09 04:20:40.150] [info] [task_scheduler.cpp:462] [mgpu-audit] pipeline_task dispatched to GPU 1 task_id=36
[2026-07-09 04:20:40.150] [info] [task_scheduler.cpp:464] [locality-audit] dispatch task_id=36 preferred_device=1 actual_gpu=1
[2026-07-09 04:20:40.150] [info] [gpu_pipeline_task.cpp:188] [locality-audit] prepare_before pipeline_id=6 task_id=37 preferred_device=1 actual_gpu=1 target_tier=GPU target_device=1 input_bytes=168266136 local_bytes=0 remote_gpu_bytes=0 host_bytes=168266136 disk_bytes=0 batch_count=1
[2026-07-09 04:20:40.157] [info] [gpu_pipeline_task.cpp:188] [locality-audit] prepare_after pipeline_id=6 task_id=37 preferred_device=1 actual_gpu=1 target_tier=GPU target_device=1 input_bytes=168266136 local_bytes=168266136 remote_gpu_bytes=0 host_bytes=0 disk_bytes=0 batch_count=1
[2026-07-09 04:20:40.159] [info] [gpu_pipeline_task.cpp:321] [stage-audit] pipeline_id=6 task_id=37 operator_id=33 operator_name=PARTITION stage_kind=PARTITION operator_type=82 input_type=PIPELINEABLE output_type=PIPELINEABLE actual_gpu=1 pipeline_operator_count=1 input_batches=1 input_rows=20709675 input_columns=1 input_bytes=168266136 output_batches=2 output_rows=20709675 output_columns=2 output_bytes=165677400 byte_ratio=0.984615 row_ratio=1.000000 duration_us=1986
[2026-07-09 04:20:40.160] [info] [task_scheduler.cpp:462] [mgpu-audit] pipeline_task dispatched to GPU 1 task_id=34
[2026-07-09 04:20:40.160] [info] [task_scheduler.cpp:464] [locality-audit] dispatch task_id=34 preferred_device=1 actual_gpu=1
[2026-07-09 04:20:40.160] [info] [gpu_pipeline_task.cpp:188] [locality-audit] prepare_before pipeline_id=6 task_id=36 preferred_device=1 actual_gpu=1 target_tier=GPU target_device=1 input_bytes=168191368 local_bytes=0 remote_gpu_bytes=0 host_bytes=168191368 disk_bytes=0 batch_count=1
[2026-07-09 04:20:40.167] [info] [gpu_pipeline_task.cpp:188] [locality-audit] prepare_after pipeline_id=6 task_id=36 preferred_device=1 actual_gpu=1 target_tier=GPU target_device=1 input_bytes=168191368 local_bytes=168191368 remote_gpu_bytes=0 host_bytes=0 disk_bytes=0 batch_count=1
[2026-07-09 04:20:40.169] [info] [gpu_pipeline_task.cpp:321] [stage-audit] pipeline_id=6 task_id=36 operator_id=33 operator_name=PARTITION stage_kind=PARTITION operator_type=82 input_type=PIPELINEABLE output_type=PIPELINEABLE actual_gpu=1 pipeline_operator_count=1 input_batches=1 input_rows=20700473 input_columns=1 input_bytes=168191368 output_batches=2 output_rows=20700473 output_columns=2 output_bytes=165603784 byte_ratio=0.984615 row_ratio=1.000000 duration_us=1985
[2026-07-09 04:20:40.185] [info] [task_scheduler.cpp:462] [mgpu-audit] pipeline_task dispatched to GPU 1 task_id=39
[2026-07-09 04:20:40.185] [info] [task_scheduler.cpp:464] [locality-audit] dispatch task_id=39 preferred_device=1 actual_gpu=1
[2026-07-09 04:20:40.185] [info] [gpu_pipeline_task.cpp:188] [locality-audit] prepare_before pipeline_id=6 task_id=34 preferred_device=1 actual_gpu=1 target_tier=GPU target_device=1 input_bytes=168049112 local_bytes=0 remote_gpu_bytes=0 host_bytes=168049112 disk_bytes=0 batch_count=1
[2026-07-09 04:20:40.192] [info] [gpu_pipeline_task.cpp:188] [locality-audit] prepare_after pipeline_id=6 task_id=34 preferred_device=1 actual_gpu=1 target_tier=GPU target_device=1 input_bytes=168049112 local_bytes=168049112 remote_gpu_bytes=0 host_bytes=0 disk_bytes=0 batch_count=1
[2026-07-09 04:20:40.194] [info] [gpu_pipeline_task.cpp:321] [stage-audit] pipeline_id=6 task_id=34 operator_id=33 operator_name=PARTITION stage_kind=PARTITION operator_type=82 input_type=PIPELINEABLE output_type=PIPELINEABLE actual_gpu=1 pipeline_operator_count=1 input_batches=1 input_rows=20682963 input_columns=1 input_bytes=168049112 output_batches=2 output_rows=20682963 output_columns=2 output_bytes=165463704 byte_ratio=0.984615 row_ratio=1.000000 duration_us=2014
[2026-07-09 04:20:40.194] [info] [gpu_pipeline_task.cpp:188] [locality-audit] prepare_before pipeline_id=6 task_id=39 preferred_device=1 actual_gpu=1 target_tier=GPU target_device=1 input_bytes=168271488 local_bytes=0 remote_gpu_bytes=0 host_bytes=168271488 disk_bytes=0 batch_count=1
[2026-07-09 04:20:40.194] [info] [task_scheduler.cpp:462] [mgpu-audit] pipeline_task dispatched to GPU 1 task_id=49
[2026-07-09 04:20:40.194] [info] [task_scheduler.cpp:464] [locality-audit] dispatch task_id=49 preferred_device=1 actual_gpu=1
[2026-07-09 04:20:40.201] [info] [gpu_pipeline_task.cpp:188] [locality-audit] prepare_after pipeline_id=6 task_id=39 preferred_device=1 actual_gpu=1 target_tier=GPU target_device=1 input_bytes=168271488 local_bytes=168271488 remote_gpu_bytes=0 host_bytes=0 disk_bytes=0 batch_count=1
[2026-07-09 04:20:40.203] [info] [gpu_pipeline_task.cpp:321] [stage-audit] pipeline_id=6 task_id=39 operator_id=33 operator_name=PARTITION stage_kind=PARTITION operator_type=82 input_type=PIPELINEABLE output_type=PIPELINEABLE actual_gpu=1 pipeline_operator_count=1 input_batches=1 input_rows=20710336 input_columns=1 input_bytes=168271488 output_batches=2 output_rows=20710336 output_columns=2 output_bytes=165682688 byte_ratio=0.984615 row_ratio=1.000000 duration_us=1953
[2026-07-09 04:20:40.203] [info] [task_scheduler.cpp:462] [mgpu-audit] pipeline_task dispatched to GPU 1 task_id=52
[2026-07-09 04:20:40.203] [info] [task_scheduler.cpp:464] [locality-audit] dispatch task_id=52 preferred_device=1 actual_gpu=1
[2026-07-09 04:20:40.203] [info] [gpu_pipeline_task.cpp:188] [locality-audit] prepare_before pipeline_id=6 task_id=49 preferred_device=1 actual_gpu=1 target_tier=GPU target_device=1 input_bytes=168256752 local_bytes=168256752 remote_gpu_bytes=0 host_bytes=0 disk_bytes=0 batch_count=1
[2026-07-09 04:20:40.203] [info] [gpu_pipeline_task.cpp:188] [locality-audit] prepare_after pipeline_id=6 task_id=49 preferred_device=1 actual_gpu=1 target_tier=GPU target_device=1 input_bytes=168256752 local_bytes=168256752 remote_gpu_bytes=0 host_bytes=0 disk_bytes=0 batch_count=1
[2026-07-09 04:20:40.206] [info] [gpu_pipeline_task.cpp:321] [stage-audit] pipeline_id=6 task_id=49 operator_id=33 operator_name=PARTITION stage_kind=PARTITION operator_type=82 input_type=PIPELINEABLE output_type=PIPELINEABLE actual_gpu=1 pipeline_operator_count=1 input_batches=1 input_rows=20708518 input_columns=1 input_bytes=168256752 output_batches=2 output_rows=20708518 output_columns=2 output_bytes=165668144 byte_ratio=0.984615 row_ratio=1.000000 duration_us=2267
[2026-07-09 04:20:40.275] [info] [task_scheduler.cpp:462] [mgpu-audit] pipeline_task dispatched to GPU 1 task_id=53
[2026-07-09 04:20:40.275] [info] [task_scheduler.cpp:464] [locality-audit] dispatch task_id=53 preferred_device=1 actual_gpu=1
[2026-07-09 04:20:40.275] [info] [gpu_pipeline_task.cpp:188] [locality-audit] prepare_before pipeline_id=7 task_id=52 preferred_device=1 actual_gpu=1 target_tier=GPU target_device=1 input_bytes=497259288 local_bytes=82904168 remote_gpu_bytes=0 host_bytes=414355120 disk_bytes=0 batch_count=6
[2026-07-09 04:20:40.275] [info] [gpu_pipeline_task.cpp:188] [locality-audit] prepare_before pipeline_id=7 task_id=53 preferred_device=1 actual_gpu=1 target_tier=GPU target_device=1 input_bytes=82715840 local_bytes=0 remote_gpu_bytes=0 host_bytes=82715840 disk_bytes=0 batch_count=1
[2026-07-09 04:20:40.282] [info] [gpu_pipeline_task.cpp:188] [locality-audit] prepare_after pipeline_id=7 task_id=53 preferred_device=1 actual_gpu=1 target_tier=GPU target_device=1 input_bytes=82715840 local_bytes=82715840 remote_gpu_bytes=0 host_bytes=0 disk_bytes=0 batch_count=1
[2026-07-09 04:20:40.282] [info] [gpu_pipeline_task.cpp:321] [stage-audit] pipeline_id=7 task_id=53 operator_id=32 operator_name=CONCAT stage_kind=CONCAT operator_type=83 input_type=PARTITIONED output_type=PARTITIONED actual_gpu=1 pipeline_operator_count=1 input_batches=1 input_rows=10339480 input_columns=1 input_bytes=82715840 output_batches=1 output_rows=10339480 output_columns=1 output_bytes=82715840 byte_ratio=1.000000 row_ratio=1.000000 duration_us=2
[2026-07-09 04:20:40.296] [info] [gpu_pipeline_task.cpp:188] [locality-audit] prepare_after pipeline_id=7 task_id=52 preferred_device=1 actual_gpu=1 target_tier=GPU target_device=1 input_bytes=497259288 local_bytes=497259288 remote_gpu_bytes=0 host_bytes=0 disk_bytes=0 batch_count=6
[2026-07-09 04:20:40.298] [info] [gpu_pipeline_task.cpp:321] [stage-audit] pipeline_id=7 task_id=52 operator_id=32 operator_name=CONCAT stage_kind=CONCAT operator_type=83 input_type=PARTITIONED output_type=PARTITIONED actual_gpu=1 pipeline_operator_count=1 input_batches=6 input_rows=62157411 input_columns=6 input_bytes=497259288 output_batches=1 output_rows=62157411 output_columns=1 output_bytes=497259288 byte_ratio=1.000000 row_ratio=1.000000 duration_us=2306
[2026-07-09 04:20:40.301] [info] [sirius_scan_manager.cpp:1014] [fixed-page-cache] page_budget applied scope=global device=0 policy=score budget_bytes_per_gpu=4294967296 evicted_pages=26 evicted_bytes=429932536 resident_bytes_after=4286735336 min_score=440 max_score=440
[2026-07-09 04:20:40.301] [info] [sirius_scan_manager.cpp:1513] [fixed-page-cache] page_directory appended table='__wdy_auto_fixed_page:/mnt/nvme/dataset/lineitem.parquet;' fixed_cols=3 pages=576 resident_pages=524 resident_bytes=8573510664 stats_pages=576 evicted_pages=52 eviction_count=26 directory_entries=576 page_bytes=16777216 rows=589557129 owned_pages=1
[2026-07-09 04:20:40.301] [info] [parquet_gpu_ingestible.cpp:756] [fixed-page-cache] auto_cache_populate table='__wdy_auto_fixed_page:/mnt/nvme/dataset/lineitem.parquet;' rows=32758075 columns=3
[2026-07-09 04:20:40.301] [info] [gpu_pipeline_task.cpp:321] [stage-audit] pipeline_id=5 task_id=30 operator_id=30 operator_name=GPU_SCAN stage_kind=SCAN operator_type=94 input_type=GPU_SCAN output_type=PIPELINEABLE actual_gpu=0 pipeline_operator_count=3 input_batches=0 input_rows=0 input_columns=0 input_bytes=0 output_batches=1 output_rows=32758075 output_columns=3 output_bytes=536413552 byte_ratio=0.000000 row_ratio=0.000000 duration_us=258889
[2026-07-09 04:20:40.301] [info] [gpu_pipeline_task.cpp:321] [stage-audit] pipeline_id=5 task_id=30 operator_id=31 operator_name=DYNAMIC_FILTER stage_kind=OTHER operator_type=95 input_type=PIPELINEABLE output_type=PIPELINEABLE actual_gpu=0 pipeline_operator_count=3 input_batches=1 input_rows=32758075 input_columns=3 input_bytes=536413552 output_batches=1 output_rows=32758075 output_columns=3 output_bytes=536413552 byte_ratio=1.000000 row_ratio=1.000000 duration_us=2
[2026-07-09 04:20:40.303] [info] [gpu_pipeline_task.cpp:321] [stage-audit] pipeline_id=5 task_id=30 operator_id=14 operator_name=FILTER stage_kind=FILTER operator_type=12 input_type=PIPELINEABLE output_type=PIPELINEABLE actual_gpu=0 pipeline_operator_count=3 input_batches=1 input_rows=32758075 input_columns=3 input_bytes=536413552 output_batches=1 output_rows=20713306 output_columns=1 output_bytes=168295632 byte_ratio=0.313742 row_ratio=0.632311 duration_us=1733
[2026-07-09 04:20:40.303] [info] [task_creator.cpp:363] [locality-audit] task_create operator_id=33 input_bytes=168295632 local_bytes=168295632 gpu_source_bytes=168295632 host_source_bytes=0 disk_source_bytes=0 gpu_sources=1 host_sources=0 preferred_device=0
[2026-07-09 04:20:40.303] [info] [task_scheduler.cpp:462] [mgpu-audit] pipeline_task dispatched to GPU 0 task_id=46
[2026-07-09 04:20:40.303] [info] [task_scheduler.cpp:464] [locality-audit] dispatch task_id=46 preferred_device=0 actual_gpu=0
[2026-07-09 04:20:40.303] [info] [task_scheduler.cpp:462] [mgpu-audit] pipeline_task dispatched to GPU 0 task_id=42
[2026-07-09 04:20:40.303] [info] [task_scheduler.cpp:464] [locality-audit] dispatch task_id=42 preferred_device=0 actual_gpu=0
[2026-07-09 04:20:40.303] [info] [gpu_pipeline_task.cpp:188] [locality-audit] prepare_before pipeline_id=6 task_id=46 preferred_device=0 actual_gpu=0 target_tier=GPU target_device=0 input_bytes=168269368 local_bytes=0 remote_gpu_bytes=0 host_bytes=168269368 disk_bytes=0 batch_count=1
[2026-07-09 04:20:40.310] [info] [gpu_pipeline_task.cpp:188] [locality-audit] prepare_after pipeline_id=6 task_id=46 preferred_device=0 actual_gpu=0 target_tier=GPU target_device=0 input_bytes=168269368 local_bytes=168269368 remote_gpu_bytes=0 host_bytes=0 disk_bytes=0 batch_count=1
[2026-07-09 04:20:40.312] [info] [gpu_pipeline_task.cpp:321] [stage-audit] pipeline_id=6 task_id=46 operator_id=33 operator_name=PARTITION stage_kind=PARTITION operator_type=82 input_type=PIPELINEABLE output_type=PIPELINEABLE actual_gpu=0 pipeline_operator_count=1 input_batches=1 input_rows=20710071 input_columns=1 input_bytes=168269368 output_batches=2 output_rows=20710071 output_columns=2 output_bytes=165680568 byte_ratio=0.984615 row_ratio=1.000000 duration_us=2053
[2026-07-09 04:20:40.312] [info] [gpu_pipeline_task.cpp:188] [locality-audit] prepare_before pipeline_id=6 task_id=42 preferred_device=0 actual_gpu=0 target_tier=GPU target_device=0 input_bytes=168269872 local_bytes=0 remote_gpu_bytes=0 host_bytes=168269872 disk_bytes=0 batch_count=1
[2026-07-09 04:20:40.312] [info] [task_scheduler.cpp:462] [mgpu-audit] pipeline_task dispatched to GPU 0 task_id=41
[2026-07-09 04:20:40.312] [info] [task_scheduler.cpp:464] [locality-audit] dispatch task_id=41 preferred_device=0 actual_gpu=0
[2026-07-09 04:20:40.319] [info] [gpu_pipeline_task.cpp:188] [locality-audit] prepare_after pipeline_id=6 task_id=42 preferred_device=0 actual_gpu=0 target_tier=GPU target_device=0 input_bytes=168269872 local_bytes=168269872 remote_gpu_bytes=0 host_bytes=0 disk_bytes=0 batch_count=1
[2026-07-09 04:20:40.321] [info] [gpu_pipeline_task.cpp:321] [stage-audit] pipeline_id=6 task_id=42 operator_id=33 operator_name=PARTITION stage_kind=PARTITION operator_type=82 input_type=PIPELINEABLE output_type=PIPELINEABLE actual_gpu=0 pipeline_operator_count=1 input_batches=1 input_rows=20710134 input_columns=1 input_bytes=168269872 output_batches=2 output_rows=20710134 output_columns=2 output_bytes=165681072 byte_ratio=0.984615 row_ratio=1.000000 duration_us=1968
[2026-07-09 04:20:40.321] [info] [task_scheduler.cpp:462] [mgpu-audit] pipeline_task dispatched to GPU 0 task_id=40
[2026-07-09 04:20:40.321] [info] [task_scheduler.cpp:464] [locality-audit] dispatch task_id=40 preferred_device=0 actual_gpu=0
[2026-07-09 04:20:40.321] [info] [gpu_pipeline_task.cpp:188] [locality-audit] prepare_before pipeline_id=6 task_id=41 preferred_device=0 actual_gpu=0 target_tier=GPU target_device=0 input_bytes=168271904 local_bytes=0 remote_gpu_bytes=0 host_bytes=168271904 disk_bytes=0 batch_count=1
[2026-07-09 04:20:40.329] [info] [gpu_pipeline_task.cpp:188] [locality-audit] prepare_after pipeline_id=6 task_id=41 preferred_device=0 actual_gpu=0 target_tier=GPU target_device=0 input_bytes=168271904 local_bytes=168271904 remote_gpu_bytes=0 host_bytes=0 disk_bytes=0 batch_count=1
[2026-07-09 04:20:40.331] [info] [gpu_pipeline_task.cpp:321] [stage-audit] pipeline_id=6 task_id=41 operator_id=33 operator_name=PARTITION stage_kind=PARTITION operator_type=82 input_type=PIPELINEABLE output_type=PIPELINEABLE actual_gpu=0 pipeline_operator_count=1 input_batches=1 input_rows=20710388 input_columns=1 input_bytes=168271904 output_batches=2 output_rows=20710388 output_columns=2 output_bytes=165683104 byte_ratio=0.984615 row_ratio=1.000000 duration_us=1982
[2026-07-09 04:20:40.478] [info] [sirius_scan_manager.cpp:1014] [fixed-page-cache] page_budget applied scope=global device=0 policy=score budget_bytes_per_gpu=4294967296 evicted_pages=10 evicted_bytes=161040936 resident_bytes_after=4293386768 min_score=440 max_score=440
[2026-07-09 04:20:40.478] [info] [sirius_scan_manager.cpp:1513] [fixed-page-cache] page_directory appended table='__wdy_auto_fixed_page:/mnt/nvme/dataset/lineitem.parquet;' fixed_cols=3 pages=587 resident_pages=525 resident_bytes=8580162096 stats_pages=587 evicted_pages=62 eviction_count=10 directory_entries=587 page_bytes=16777216 rows=600037902 owned_pages=1
[2026-07-09 04:20:40.478] [info] [parquet_gpu_ingestible.cpp:756] [fixed-page-cache] auto_cache_populate table='__wdy_auto_fixed_page:/mnt/nvme/dataset/lineitem.parquet;' rows=10480773 columns=3
[2026-07-09 04:20:40.478] [info] [gpu_pipeline_task.cpp:321] [stage-audit] pipeline_id=5 task_id=32 operator_id=30 operator_name=GPU_SCAN stage_kind=SCAN operator_type=94 input_type=GPU_SCAN output_type=PIPELINEABLE actual_gpu=0 pipeline_operator_count=3 input_batches=0 input_rows=0 input_columns=0 input_bytes=0 output_batches=1 output_rows=10480773 output_columns=3 output_bytes=171622800 byte_ratio=0.000000 row_ratio=0.000000 duration_us=160405
[2026-07-09 04:20:40.478] [info] [gpu_pipeline_task.cpp:321] [stage-audit] pipeline_id=5 task_id=32 operator_id=31 operator_name=DYNAMIC_FILTER stage_kind=OTHER operator_type=95 input_type=PIPELINEABLE output_type=PIPELINEABLE actual_gpu=0 pipeline_operator_count=3 input_batches=1 input_rows=10480773 input_columns=3 input_bytes=171622800 output_batches=1 output_rows=10480773 output_columns=3 output_bytes=171622800 byte_ratio=1.000000 row_ratio=1.000000 duration_us=2
[2026-07-09 04:20:40.479] [info] [gpu_pipeline_task.cpp:321] [stage-audit] pipeline_id=5 task_id=32 operator_id=14 operator_name=FILTER stage_kind=FILTER operator_type=12 input_type=PIPELINEABLE output_type=PIPELINEABLE actual_gpu=0 pipeline_operator_count=3 input_batches=1 input_rows=10480773 input_columns=3 input_bytes=171622800 output_batches=1 output_rows=6627875 output_columns=1 output_bytes=53851544 byte_ratio=0.313778 row_ratio=0.632384 duration_us=662
[2026-07-09 04:20:40.479] [info] [task_scheduler.cpp:462] [mgpu-audit] pipeline_task dispatched to GPU 0 task_id=35
[2026-07-09 04:20:40.479] [info] [task_scheduler.cpp:464] [locality-audit] dispatch task_id=35 preferred_device=0 actual_gpu=0
[2026-07-09 04:20:40.479] [info] [task_creator.cpp:363] [locality-audit] task_create operator_id=33 input_bytes=53851544 local_bytes=53851544 gpu_source_bytes=53851544 host_source_bytes=0 disk_source_bytes=0 gpu_sources=1 host_sources=0 preferred_device=0
[2026-07-09 04:20:40.479] [info] [gpu_pipeline_task.cpp:188] [locality-audit] prepare_before pipeline_id=6 task_id=40 preferred_device=0 actual_gpu=0 target_tier=GPU target_device=0 input_bytes=168241744 local_bytes=0 remote_gpu_bytes=0 host_bytes=168241744 disk_bytes=0 batch_count=1
[2026-07-09 04:20:40.487] [info] [gpu_pipeline_task.cpp:188] [locality-audit] prepare_after pipeline_id=6 task_id=40 preferred_device=0 actual_gpu=0 target_tier=GPU target_device=0 input_bytes=168241744 local_bytes=168241744 remote_gpu_bytes=0 host_bytes=0 disk_bytes=0 batch_count=1
[2026-07-09 04:20:40.489] [info] [gpu_pipeline_task.cpp:321] [stage-audit] pipeline_id=6 task_id=40 operator_id=33 operator_name=PARTITION stage_kind=PARTITION operator_type=82 input_type=PIPELINEABLE output_type=PIPELINEABLE actual_gpu=0 pipeline_operator_count=1 input_batches=1 input_rows=20706674 input_columns=1 input_bytes=168241744 output_batches=2 output_rows=20706674 output_columns=2 output_bytes=165653392 byte_ratio=0.984615 row_ratio=1.000000 duration_us=2283
[2026-07-09 04:20:40.489] [info] [gpu_pipeline_task.cpp:188] [locality-audit] prepare_before pipeline_id=6 task_id=35 preferred_device=0 actual_gpu=0 target_tier=GPU target_device=0 input_bytes=168046312 local_bytes=0 remote_gpu_bytes=0 host_bytes=168046312 disk_bytes=0 batch_count=1
[2026-07-09 04:20:40.489] [info] [task_scheduler.cpp:462] [mgpu-audit] pipeline_task dispatched to GPU 0 task_id=48
[2026-07-09 04:20:40.489] [info] [task_scheduler.cpp:464] [locality-audit] dispatch task_id=48 preferred_device=0 actual_gpu=0
[2026-07-09 04:20:40.496] [info] [gpu_pipeline_task.cpp:188] [locality-audit] prepare_after pipeline_id=6 task_id=35 preferred_device=0 actual_gpu=0 target_tier=GPU target_device=0 input_bytes=168046312 local_bytes=168046312 remote_gpu_bytes=0 host_bytes=0 disk_bytes=0 batch_count=1
[2026-07-09 04:20:40.498] [info] [gpu_pipeline_task.cpp:321] [stage-audit] pipeline_id=6 task_id=35 operator_id=33 operator_name=PARTITION stage_kind=PARTITION operator_type=82 input_type=PIPELINEABLE output_type=PIPELINEABLE actual_gpu=0 pipeline_operator_count=1 input_batches=1 input_rows=20682621 input_columns=1 input_bytes=168046312 output_batches=2 output_rows=20682621 output_columns=2 output_bytes=165460968 byte_ratio=0.984615 row_ratio=1.000000 duration_us=1967
[2026-07-09 04:20:40.498] [info] [task_scheduler.cpp:462] [mgpu-audit] pipeline_task dispatched to GPU 0 task_id=38
[2026-07-09 04:20:40.498] [info] [task_scheduler.cpp:464] [locality-audit] dispatch task_id=38 preferred_device=0 actual_gpu=0
[2026-07-09 04:20:40.498] [info] [gpu_pipeline_task.cpp:188] [locality-audit] prepare_before pipeline_id=6 task_id=48 preferred_device=0 actual_gpu=0 target_tier=GPU target_device=0 input_bytes=168271024 local_bytes=0 remote_gpu_bytes=0 host_bytes=168271024 disk_bytes=0 batch_count=1
[2026-07-09 04:20:40.498] [info] [task_scheduler.cpp:462] [mgpu-audit] pipeline_task dispatched to GPU 1 task_id=58
[2026-07-09 04:20:40.498] [info] [task_scheduler.cpp:464] [locality-audit] dispatch task_id=58 preferred_device=1 actual_gpu=1
[2026-07-09 04:20:40.498] [info] [task_scheduler.cpp:462] [mgpu-audit] pipeline_task dispatched to GPU 1 task_id=59
[2026-07-09 04:20:40.498] [info] [task_scheduler.cpp:464] [locality-audit] dispatch task_id=59 preferred_device=1 actual_gpu=1
[2026-07-09 04:20:40.499] [info] [gpu_pipeline_task.cpp:188] [locality-audit] prepare_before pipeline_id=7 task_id=58 preferred_device=1 actual_gpu=1 target_tier=GPU target_device=1 input_bytes=497108320 local_bytes=0 remote_gpu_bytes=331469792 host_bytes=165638528 disk_bytes=0 batch_count=6
[2026-07-09 04:20:40.499] [info] [gpu_pipeline_task.cpp:188] [locality-audit] prepare_before pipeline_id=7 task_id=59 preferred_device=1 actual_gpu=1 target_tier=GPU target_device=1 input_bytes=82796616 local_bytes=0 remote_gpu_bytes=82796616 host_bytes=0 disk_bytes=0 batch_count=1
[2026-07-09 04:20:40.506] [info] [gpu_pipeline_task.cpp:188] [locality-audit] prepare_after pipeline_id=6 task_id=48 preferred_device=0 actual_gpu=0 target_tier=GPU target_device=0 input_bytes=168271024 local_bytes=168271024 remote_gpu_bytes=0 host_bytes=0 disk_bytes=0 batch_count=1
[2026-07-09 04:20:40.508] [info] [gpu_pipeline_task.cpp:321] [stage-audit] pipeline_id=6 task_id=48 operator_id=33 operator_name=PARTITION stage_kind=PARTITION operator_type=82 input_type=PIPELINEABLE output_type=PIPELINEABLE actual_gpu=0 pipeline_operator_count=1 input_batches=1 input_rows=20710278 input_columns=1 input_bytes=168271024 output_batches=2 output_rows=20710278 output_columns=2 output_bytes=165682224 byte_ratio=0.984615 row_ratio=1.000000 duration_us=2442
[2026-07-09 04:20:40.533] [info] [task_scheduler.cpp:462] [mgpu-audit] pipeline_task dispatched to GPU 0 task_id=33
[2026-07-09 04:20:40.533] [info] [task_scheduler.cpp:464] [locality-audit] dispatch task_id=33 preferred_device=0 actual_gpu=0
[2026-07-09 04:20:40.533] [info] [gpu_pipeline_task.cpp:188] [locality-audit] prepare_before pipeline_id=6 task_id=38 preferred_device=0 actual_gpu=0 target_tier=GPU target_device=0 input_bytes=168264152 local_bytes=0 remote_gpu_bytes=0 host_bytes=168264152 disk_bytes=0 batch_count=1
[2026-07-09 04:20:40.535] [info] [gpu_pipeline_task.cpp:188] [locality-audit] prepare_after pipeline_id=7 task_id=59 preferred_device=1 actual_gpu=1 target_tier=GPU target_device=1 input_bytes=82796616 local_bytes=82796616 remote_gpu_bytes=0 host_bytes=0 disk_bytes=0 batch_count=1
[2026-07-09 04:20:40.535] [info] [gpu_pipeline_task.cpp:321] [stage-audit] pipeline_id=7 task_id=59 operator_id=32 operator_name=CONCAT stage_kind=CONCAT operator_type=83 input_type=PARTITIONED output_type=PARTITIONED actual_gpu=1 pipeline_operator_count=1 input_batches=1 input_rows=10349577 input_columns=1 input_bytes=82796616 output_batches=1 output_rows=10349577 output_columns=1 output_bytes=82796616 byte_ratio=1.000000 row_ratio=1.000000 duration_us=3
[2026-07-09 04:20:40.542] [info] [gpu_pipeline_task.cpp:188] [locality-audit] prepare_after pipeline_id=6 task_id=38 preferred_device=0 actual_gpu=0 target_tier=GPU target_device=0 input_bytes=168264152 local_bytes=168264152 remote_gpu_bytes=0 host_bytes=0 disk_bytes=0 batch_count=1
[2026-07-09 04:20:40.544] [info] [gpu_pipeline_task.cpp:321] [stage-audit] pipeline_id=6 task_id=38 operator_id=33 operator_name=PARTITION stage_kind=PARTITION operator_type=82 input_type=PIPELINEABLE output_type=PIPELINEABLE actual_gpu=0 pipeline_operator_count=1 input_batches=1 input_rows=20709427 input_columns=1 input_bytes=168264152 output_batches=2 output_rows=20709427 output_columns=2 output_bytes=165675416 byte_ratio=0.984615 row_ratio=1.000000 duration_us=2110
[2026-07-09 04:20:40.544] [info] [gpu_pipeline_task.cpp:188] [locality-audit] prepare_before pipeline_id=6 task_id=33 preferred_device=0 actual_gpu=0 target_tier=GPU target_device=0 input_bytes=168351216 local_bytes=0 remote_gpu_bytes=0 host_bytes=168351216 disk_bytes=0 batch_count=1
[2026-07-09 04:20:40.545] [info] [task_scheduler.cpp:462] [mgpu-audit] pipeline_task dispatched to GPU 0 task_id=51
[2026-07-09 04:20:40.545] [info] [task_scheduler.cpp:464] [locality-audit] dispatch task_id=51 preferred_device=0 actual_gpu=0
[2026-07-09 04:20:40.545] [info] [task_scheduler.cpp:462] [mgpu-audit] pipeline_task dispatched to GPU 0 task_id=50
[2026-07-09 04:20:40.545] [info] [task_scheduler.cpp:464] [locality-audit] dispatch task_id=50 preferred_device=0 actual_gpu=0
[2026-07-09 04:20:40.545] [info] [gpu_pipeline_task.cpp:188] [locality-audit] prepare_before pipeline_id=7 task_id=51 preferred_device=0 actual_gpu=0 target_tier=GPU target_device=0 input_bytes=82747864 local_bytes=0 remote_gpu_bytes=0 host_bytes=82747864 disk_bytes=0 batch_count=1
[2026-07-09 04:20:40.550] [info] [gpu_pipeline_task.cpp:188] [locality-audit] prepare_after pipeline_id=7 task_id=58 preferred_device=1 actual_gpu=1 target_tier=GPU target_device=1 input_bytes=497108320 local_bytes=497108320 remote_gpu_bytes=0 host_bytes=0 disk_bytes=0 batch_count=6
[2026-07-09 04:20:40.552] [info] [gpu_pipeline_task.cpp:188] [locality-audit] prepare_after pipeline_id=6 task_id=33 preferred_device=0 actual_gpu=0 target_tier=GPU target_device=0 input_bytes=168351216 local_bytes=168351216 remote_gpu_bytes=0 host_bytes=0 disk_bytes=0 batch_count=1
[2026-07-09 04:20:40.552] [info] [gpu_pipeline_task.cpp:321] [stage-audit] pipeline_id=7 task_id=58 operator_id=32 operator_name=CONCAT stage_kind=CONCAT operator_type=83 input_type=PARTITIONED output_type=PARTITIONED actual_gpu=1 pipeline_operator_count=1 input_batches=6 input_rows=62138540 input_columns=6 input_bytes=497108320 output_batches=1 output_rows=62138540 output_columns=1 output_bytes=497108320 byte_ratio=1.000000 row_ratio=1.000000 duration_us=1559
[2026-07-09 04:20:40.554] [info] [gpu_pipeline_task.cpp:321] [stage-audit] pipeline_id=6 task_id=33 operator_id=33 operator_name=PARTITION stage_kind=PARTITION operator_type=82 input_type=PIPELINEABLE output_type=PIPELINEABLE actual_gpu=0 pipeline_operator_count=1 input_batches=1 input_rows=20720142 input_columns=1 input_bytes=168351216 output_batches=2 output_rows=20720142 output_columns=2 output_bytes=165761136 byte_ratio=0.984615 row_ratio=1.000000 duration_us=2046
[2026-07-09 04:20:40.554] [info] [task_scheduler.cpp:462] [mgpu-audit] pipeline_task dispatched to GPU 0 task_id=54
[2026-07-09 04:20:40.554] [info] [task_scheduler.cpp:464] [locality-audit] dispatch task_id=54 preferred_device=0 actual_gpu=0
[2026-07-09 04:20:40.554] [info] [gpu_pipeline_task.cpp:188] [locality-audit] prepare_before pipeline_id=7 task_id=50 preferred_device=0 actual_gpu=0 target_tier=GPU target_device=0 input_bytes=496770640 local_bytes=0 remote_gpu_bytes=0 host_bytes=496770640 disk_bytes=0 batch_count=6
[2026-07-09 04:20:40.555] [info] [gpu_pipeline_task.cpp:188] [locality-audit] prepare_after pipeline_id=7 task_id=51 preferred_device=0 actual_gpu=0 target_tier=GPU target_device=0 input_bytes=82747864 local_bytes=82747864 remote_gpu_bytes=0 host_bytes=0 disk_bytes=0 batch_count=1
[2026-07-09 04:20:40.555] [info] [gpu_pipeline_task.cpp:321] [stage-audit] pipeline_id=7 task_id=51 operator_id=32 operator_name=CONCAT stage_kind=CONCAT operator_type=83 input_type=PARTITIONED output_type=PARTITIONED actual_gpu=0 pipeline_operator_count=1 input_batches=1 input_rows=10343483 input_columns=1 input_bytes=82747864 output_batches=1 output_rows=10343483 output_columns=1 output_bytes=82747864 byte_ratio=1.000000 row_ratio=1.000000 duration_us=2
[2026-07-09 04:20:40.575] [info] [gpu_pipeline_task.cpp:188] [locality-audit] prepare_after pipeline_id=7 task_id=50 preferred_device=0 actual_gpu=0 target_tier=GPU target_device=0 input_bytes=496770640 local_bytes=496770640 remote_gpu_bytes=0 host_bytes=0 disk_bytes=0 batch_count=6
[2026-07-09 04:20:40.577] [info] [gpu_pipeline_task.cpp:321] [stage-audit] pipeline_id=7 task_id=50 operator_id=32 operator_name=CONCAT stage_kind=CONCAT operator_type=83 input_type=PARTITIONED output_type=PARTITIONED actual_gpu=0 pipeline_operator_count=1 input_batches=6 input_rows=62096330 input_columns=6 input_bytes=496770640 output_batches=1 output_rows=62096330 output_columns=1 output_bytes=496770640 byte_ratio=1.000000 row_ratio=1.000000 duration_us=1933
[2026-07-09 04:20:40.577] [info] [task_scheduler.cpp:462] [mgpu-audit] pipeline_task dispatched to GPU 0 task_id=57
[2026-07-09 04:20:40.577] [info] [task_scheduler.cpp:464] [locality-audit] dispatch task_id=57 preferred_device=0 actual_gpu=0
[2026-07-09 04:20:40.577] [info] [task_scheduler.cpp:462] [mgpu-audit] pipeline_task dispatched to GPU 0 task_id=55
[2026-07-09 04:20:40.577] [info] [task_scheduler.cpp:464] [locality-audit] dispatch task_id=55 preferred_device=0 actual_gpu=0
[2026-07-09 04:20:40.577] [info] [gpu_pipeline_task.cpp:188] [locality-audit] prepare_before pipeline_id=6 task_id=54 preferred_device=0 actual_gpu=0 target_tier=GPU target_device=0 input_bytes=168295632 local_bytes=168295632 remote_gpu_bytes=0 host_bytes=0 disk_bytes=0 batch_count=1
[2026-07-09 04:20:40.577] [info] [gpu_pipeline_task.cpp:188] [locality-audit] prepare_after pipeline_id=6 task_id=54 preferred_device=0 actual_gpu=0 target_tier=GPU target_device=0 input_bytes=168295632 local_bytes=168295632 remote_gpu_bytes=0 host_bytes=0 disk_bytes=0 batch_count=1
[2026-07-09 04:20:40.577] [info] [gpu_pipeline_task.cpp:188] [locality-audit] prepare_before pipeline_id=7 task_id=57 preferred_device=0 actual_gpu=0 target_tier=GPU target_device=0 input_bytes=82664352 local_bytes=0 remote_gpu_bytes=0 host_bytes=82664352 disk_bytes=0 batch_count=1
[2026-07-09 04:20:40.580] [info] [gpu_pipeline_task.cpp:321] [stage-audit] pipeline_id=6 task_id=54 operator_id=33 operator_name=PARTITION stage_kind=PARTITION operator_type=82 input_type=PIPELINEABLE output_type=PIPELINEABLE actual_gpu=0 pipeline_operator_count=1 input_batches=1 input_rows=20713306 input_columns=1 input_bytes=168295632 output_batches=2 output_rows=20713306 output_columns=2 output_bytes=165706448 byte_ratio=0.984615 row_ratio=1.000000 duration_us=2143
[2026-07-09 04:20:40.580] [info] [gpu_pipeline_task.cpp:188] [locality-audit] prepare_before pipeline_id=6 task_id=55 preferred_device=0 actual_gpu=0 target_tier=GPU target_device=0 input_bytes=53851544 local_bytes=0 remote_gpu_bytes=0 host_bytes=53851544 disk_bytes=0 batch_count=1
[2026-07-09 04:20:40.580] [info] [task_scheduler.cpp:462] [mgpu-audit] pipeline_task dispatched to GPU 0 task_id=56
[2026-07-09 04:20:40.580] [info] [task_scheduler.cpp:464] [locality-audit] dispatch task_id=56 preferred_device=0 actual_gpu=0
[2026-07-09 04:20:40.581] [info] [gpu_pipeline_task.cpp:188] [locality-audit] prepare_after pipeline_id=7 task_id=57 preferred_device=0 actual_gpu=0 target_tier=GPU target_device=0 input_bytes=82664352 local_bytes=82664352 remote_gpu_bytes=0 host_bytes=0 disk_bytes=0 batch_count=1
[2026-07-09 04:20:40.581] [info] [gpu_pipeline_task.cpp:321] [stage-audit] pipeline_id=7 task_id=57 operator_id=32 operator_name=CONCAT stage_kind=CONCAT operator_type=83 input_type=PARTITIONED output_type=PARTITIONED actual_gpu=0 pipeline_operator_count=1 input_batches=1 input_rows=10333044 input_columns=1 input_bytes=82664352 output_batches=1 output_rows=10333044 output_columns=1 output_bytes=82664352 byte_ratio=1.000000 row_ratio=1.000000 duration_us=3
[2026-07-09 04:20:40.583] [info] [gpu_pipeline_task.cpp:188] [locality-audit] prepare_after pipeline_id=6 task_id=55 preferred_device=0 actual_gpu=0 target_tier=GPU target_device=0 input_bytes=53851544 local_bytes=53851544 remote_gpu_bytes=0 host_bytes=0 disk_bytes=0 batch_count=1
[2026-07-09 04:20:40.584] [info] [gpu_pipeline_task.cpp:321] [stage-audit] pipeline_id=6 task_id=55 operator_id=33 operator_name=PARTITION stage_kind=PARTITION operator_type=82 input_type=PIPELINEABLE output_type=PIPELINEABLE actual_gpu=0 pipeline_operator_count=1 input_batches=1 input_rows=6627875 input_columns=1 input_bytes=53851544 output_batches=2 output_rows=6627875 output_columns=2 output_bytes=53023000 byte_ratio=0.984614 row_ratio=1.000000 duration_us=715
[2026-07-09 04:20:40.584] [info] [task_scheduler.cpp:462] [mgpu-audit] pipeline_task dispatched to GPU 1 task_id=61
[2026-07-09 04:20:40.584] [info] [task_scheduler.cpp:464] [locality-audit] dispatch task_id=61 preferred_device=1 actual_gpu=1
[2026-07-09 04:20:40.621] [info] [gpu_pipeline_task.cpp:188] [locality-audit] prepare_before pipeline_id=7 task_id=56 preferred_device=0 actual_gpu=0 target_tier=GPU target_device=0 input_bytes=496940648 local_bytes=0 remote_gpu_bytes=0 host_bytes=496940648 disk_bytes=0 batch_count=6
[2026-07-09 04:20:40.621] [info] [task_scheduler.cpp:462] [mgpu-audit] pipeline_task dispatched to GPU 0 task_id=60
[2026-07-09 04:20:40.621] [info] [task_scheduler.cpp:464] [locality-audit] dispatch task_id=60 preferred_device=0 actual_gpu=0
[2026-07-09 04:20:40.633] [info] [gpu_pipeline_task.cpp:188] [locality-audit] prepare_before pipeline_id=7 task_id=61 preferred_device=1 actual_gpu=1 target_tier=GPU target_device=1 input_bytes=357822240 local_bytes=0 remote_gpu_bytes=248515432 host_bytes=109306808 disk_bytes=0 batch_count=5
[2026-07-09 04:20:40.642] [info] [gpu_pipeline_task.cpp:188] [locality-audit] prepare_after pipeline_id=7 task_id=56 preferred_device=0 actual_gpu=0 target_tier=GPU target_device=0 input_bytes=496940648 local_bytes=496940648 remote_gpu_bytes=0 host_bytes=0 disk_bytes=0 batch_count=6
[2026-07-09 04:20:40.643] [info] [gpu_pipeline_task.cpp:321] [stage-audit] pipeline_id=7 task_id=56 operator_id=32 operator_name=CONCAT stage_kind=CONCAT operator_type=83 input_type=PARTITIONED output_type=PARTITIONED actual_gpu=0 pipeline_operator_count=1 input_batches=6 input_rows=62117581 input_columns=6 input_bytes=496940648 output_batches=1 output_rows=62117581 output_columns=1 output_bytes=496940648 byte_ratio=1.000000 row_ratio=1.000000 duration_us=1565
[2026-07-09 04:20:40.644] [info] [gpu_pipeline_task.cpp:188] [locality-audit] prepare_before pipeline_id=7 task_id=60 preferred_device=0 actual_gpu=0 target_tier=GPU target_device=0 input_bytes=358025984 local_bytes=0 remote_gpu_bytes=0 host_bytes=358025984 disk_bytes=0 batch_count=5
[2026-07-09 04:20:40.651] [info] [gpu_pipeline_task.cpp:188] [locality-audit] prepare_after pipeline_id=7 task_id=61 preferred_device=1 actual_gpu=1 target_tier=GPU target_device=1 input_bytes=357822240 local_bytes=357822240 remote_gpu_bytes=0 host_bytes=0 disk_bytes=0 batch_count=5
[2026-07-09 04:20:40.652] [info] [gpu_pipeline_task.cpp:321] [stage-audit] pipeline_id=7 task_id=61 operator_id=32 operator_name=CONCAT stage_kind=CONCAT operator_type=83 input_type=PARTITIONED output_type=PARTITIONED actual_gpu=1 pipeline_operator_count=1 input_batches=5 input_rows=44727780 input_columns=5 input_bytes=357822240 output_batches=1 output_rows=44727780 output_columns=1 output_bytes=357822240 byte_ratio=1.000000 row_ratio=1.000000 duration_us=1101
[2026-07-09 04:20:40.659] [info] [gpu_pipeline_task.cpp:188] [locality-audit] prepare_after pipeline_id=7 task_id=60 preferred_device=0 actual_gpu=0 target_tier=GPU target_device=0 input_bytes=358025984 local_bytes=358025984 remote_gpu_bytes=0 host_bytes=0 disk_bytes=0 batch_count=5
[2026-07-09 04:20:40.660] [info] [gpu_pipeline_task.cpp:321] [stage-audit] pipeline_id=7 task_id=60 operator_id=32 operator_name=CONCAT stage_kind=CONCAT operator_type=83 input_type=PARTITIONED output_type=PARTITIONED actual_gpu=0 pipeline_operator_count=1 input_batches=5 input_rows=44753248 input_columns=5 input_bytes=358025984 output_batches=1 output_rows=44753248 output_columns=1 output_bytes=358025984 byte_ratio=1.000000 row_ratio=1.000000 duration_us=1478
[2026-07-09 04:20:40.661] [info] [task_scheduler.cpp:462] [mgpu-audit] pipeline_task dispatched to GPU 0 task_id=62
[2026-07-09 04:20:40.661] [info] [task_scheduler.cpp:464] [locality-audit] dispatch task_id=62 preferred_device=0 actual_gpu=0
[2026-07-09 04:20:40.661] [info] [task_scheduler.cpp:462] [mgpu-audit] pipeline_task dispatched to GPU 1 task_id=67
[2026-07-09 04:20:40.661] [info] [task_scheduler.cpp:464] [locality-audit] dispatch task_id=67 preferred_device=1 actual_gpu=1
[2026-07-09 04:20:40.661] [info] [task_scheduler.cpp:462] [mgpu-audit] pipeline_task dispatched to GPU 0 task_id=63
[2026-07-09 04:20:40.661] [info] [task_scheduler.cpp:464] [locality-audit] dispatch task_id=63 preferred_device=0 actual_gpu=0
[2026-07-09 04:20:40.661] [info] [task_scheduler.cpp:462] [mgpu-audit] pipeline_task dispatched to GPU 1 task_id=68
[2026-07-09 04:20:40.661] [info] [task_scheduler.cpp:464] [locality-audit] dispatch task_id=68 preferred_device=1 actual_gpu=1
[2026-07-09 04:20:40.661] [info] [gpu_pipeline_task.cpp:188] [locality-audit] prepare_before pipeline_id=8 task_id=62 preferred_device=0 actual_gpu=0 target_tier=GPU target_device=0 input_bytes=105707680 local_bytes=0 remote_gpu_bytes=0 host_bytes=105707680 disk_bytes=0 batch_count=2
[2026-07-09 04:20:40.661] [info] [gpu_pipeline_task.cpp:188] [locality-audit] prepare_before pipeline_id=8 task_id=67 preferred_device=1 actual_gpu=1 target_tier=GPU target_device=1 input_bytes=105665632 local_bytes=0 remote_gpu_bytes=0 host_bytes=105665632 disk_bytes=0 batch_count=2
[2026-07-09 04:20:40.665] [info] [gpu_pipeline_task.cpp:188] [locality-audit] prepare_after pipeline_id=8 task_id=67 preferred_device=1 actual_gpu=1 target_tier=GPU target_device=1 input_bytes=105665632 local_bytes=105665632 remote_gpu_bytes=0 host_bytes=0 disk_bytes=0 batch_count=2
[2026-07-09 04:20:40.665] [info] [gpu_pipeline_task.cpp:188] [locality-audit] prepare_after pipeline_id=8 task_id=62 preferred_device=0 actual_gpu=0 target_tier=GPU target_device=0 input_bytes=105707680 local_bytes=105707680 remote_gpu_bytes=0 host_bytes=0 disk_bytes=0 batch_count=2
[2026-07-09 04:20:40.672] [info] [gpu_pipeline_task.cpp:321] [stage-audit] pipeline_id=8 task_id=67 operator_id=16 operator_name=HASH_JOIN stage_kind=JOIN operator_type=33 input_type=PARTITIONED output_type=PIPELINEABLE actual_gpu=1 pipeline_operator_count=2 input_batches=2 input_rows=13208204 input_columns=2 input_bytes=105665632 output_batches=1 output_rows=396786 output_columns=2 output_bytes=6348576 byte_ratio=0.060082 row_ratio=0.030041 duration_us=7013
[2026-07-09 04:20:40.672] [info] [gpu_pipeline_task.cpp:321] [stage-audit] pipeline_id=8 task_id=62 operator_id=16 operator_name=HASH_JOIN stage_kind=JOIN operator_type=33 input_type=PARTITIONED output_type=PIPELINEABLE actual_gpu=0 pipeline_operator_count=2 input_batches=2 input_rows=13213460 input_columns=2 input_bytes=105707680 output_batches=1 output_rows=392772 output_columns=2 output_bytes=6284352 byte_ratio=0.059450 row_ratio=0.029725 duration_us=7007
[2026-07-09 04:20:40.672] [info] [gpu_pipeline_task.cpp:321] [stage-audit] pipeline_id=8 task_id=67 operator_id=17 operator_name=PROJECTION stage_kind=PROJECTION operator_type=13 input_type=PIPELINEABLE output_type=PIPELINEABLE actual_gpu=1 pipeline_operator_count=2 input_batches=1 input_rows=396786 input_columns=2 input_bytes=6348576 output_batches=1 output_rows=396786 output_columns=1 output_bytes=3174288 byte_ratio=0.500000 row_ratio=1.000000 duration_us=6
[2026-07-09 04:20:40.672] [info] [gpu_pipeline_task.cpp:321] [stage-audit] pipeline_id=8 task_id=62 operator_id=17 operator_name=PROJECTION stage_kind=PROJECTION operator_type=13 input_type=PIPELINEABLE output_type=PIPELINEABLE actual_gpu=0 pipeline_operator_count=2 input_batches=1 input_rows=392772 input_columns=2 input_bytes=6284352 output_batches=1 output_rows=392772 output_columns=1 output_bytes=3142176 byte_ratio=0.500000 row_ratio=1.000000 duration_us=6
[2026-07-09 04:20:40.704] [warning] [downgrade_executor.cpp:335] [downgrade] [GPU:1] downgrade request not satisfied and disk memory space is not configured; data cannot be spilled to disk. Consider configuring a disk memory space to enable spilling.
[2026-07-09 04:20:40.704] [warning] [gpu_pipeline_executor.cpp:250] GPU Pipeline Executor: after downgrade (406896112 bytes freed), reservation still partial (1559391872/1560627240 bytes) for pipeline 8 task 68 -- proceeding with partial reservation
[2026-07-09 04:20:40.704] [info] [task_scheduler.cpp:462] [mgpu-audit] pipeline_task dispatched to GPU 1 task_id=70
[2026-07-09 04:20:40.704] [info] [task_scheduler.cpp:464] [locality-audit] dispatch task_id=70 preferred_device=1 actual_gpu=1
[2026-07-09 04:20:40.704] [info] [gpu_pipeline_task.cpp:188] [locality-audit] prepare_before pipeline_id=8 task_id=68 preferred_device=1 actual_gpu=1 target_tier=GPU target_device=1 input_bytes=520209080 local_bytes=0 remote_gpu_bytes=0 host_bytes=520209080 disk_bytes=0 batch_count=2
[2026-07-09 04:20:40.726] [info] [gpu_pipeline_task.cpp:188] [locality-audit] prepare_after pipeline_id=8 task_id=68 preferred_device=1 actual_gpu=1 target_tier=GPU target_device=1 input_bytes=520209080 local_bytes=520209080 remote_gpu_bytes=0 host_bytes=0 disk_bytes=0 batch_count=2
[2026-07-09 04:20:40.736] [warning] [downgrade_executor.cpp:335] [downgrade] [GPU:0] downgrade request not satisfied and disk memory space is not configured; data cannot be spilled to disk. Consider configuring a disk memory space to enable spilling.
[2026-07-09 04:20:40.736] [warning] [gpu_pipeline_executor.cpp:250] GPU Pipeline Executor: after downgrade (926988256 bytes freed), reservation still partial (1551361920/1559191368 bytes) for pipeline 8 task 63 -- proceeding with partial reservation
[2026-07-09 04:20:40.737] [info] [task_scheduler.cpp:462] [mgpu-audit] pipeline_task dispatched to GPU 0 task_id=64
[2026-07-09 04:20:40.737] [info] [task_scheduler.cpp:464] [locality-audit] dispatch task_id=64 preferred_device=0 actual_gpu=0
[2026-07-09 04:20:40.737] [info] [gpu_pipeline_task.cpp:188] [locality-audit] prepare_before pipeline_id=8 task_id=63 preferred_device=0 actual_gpu=0 target_tier=GPU target_device=0 input_bytes=519730456 local_bytes=0 remote_gpu_bytes=0 host_bytes=519730456 disk_bytes=0 batch_count=2
[2026-07-09 04:20:40.743] [info] [gpu_pipeline_task.cpp:321] [stage-audit] pipeline_id=8 task_id=68 operator_id=16 operator_name=HASH_JOIN stage_kind=JOIN operator_type=33 input_type=PARTITIONED output_type=PIPELINEABLE actual_gpu=1 pipeline_operator_count=2 input_batches=2 input_rows=65026135 input_columns=2 input_bytes=520209080 output_batches=1 output_rows=2373671 output_columns=2 output_bytes=37978736 byte_ratio=0.073007 row_ratio=0.036503 duration_us=16868
[2026-07-09 04:20:40.743] [info] [gpu_pipeline_task.cpp:321] [stage-audit] pipeline_id=8 task_id=68 operator_id=17 operator_name=PROJECTION stage_kind=PROJECTION operator_type=13 input_type=PIPELINEABLE output_type=PIPELINEABLE actual_gpu=1 pipeline_operator_count=2 input_batches=1 input_rows=2373671 input_columns=2 input_bytes=37978736 output_batches=1 output_rows=2373671 output_columns=1 output_bytes=18989368 byte_ratio=0.500000 row_ratio=1.000000 duration_us=5
[2026-07-09 04:20:40.743] [info] [task_scheduler.cpp:462] [mgpu-audit] pipeline_task dispatched to GPU 1 task_id=71
[2026-07-09 04:20:40.743] [info] [task_scheduler.cpp:464] [locality-audit] dispatch task_id=71 preferred_device=1 actual_gpu=1
[2026-07-09 04:20:40.743] [info] [task_scheduler.cpp:462] [mgpu-audit] pipeline_task dispatched to GPU 1 task_id=69
[2026-07-09 04:20:40.743] [info] [task_scheduler.cpp:464] [locality-audit] dispatch task_id=69 preferred_device=1 actual_gpu=1
[2026-07-09 04:20:40.743] [info] [gpu_pipeline_task.cpp:188] [locality-audit] prepare_before pipeline_id=8 task_id=70 preferred_device=1 actual_gpu=1 target_tier=GPU target_device=1 input_bytes=520058112 local_bytes=22949792 remote_gpu_bytes=0 host_bytes=497108320 disk_bytes=0 batch_count=2
[2026-07-09 04:20:40.743] [info] [gpu_pipeline_task.cpp:188] [locality-audit] prepare_before pipeline_id=8 task_id=71 preferred_device=1 actual_gpu=1 target_tier=GPU target_device=1 input_bytes=380772032 local_bytes=22949792 remote_gpu_bytes=0 host_bytes=357822240 disk_bytes=0 batch_count=2
[2026-07-09 04:20:40.743] [info] [gpu_pipeline_task.cpp:188] [locality-audit] prepare_before pipeline_id=8 task_id=69 preferred_device=1 actual_gpu=1 target_tier=GPU target_device=1 input_bytes=105746408 local_bytes=22949792 remote_gpu_bytes=0 host_bytes=82796616 disk_bytes=0 batch_count=2
[2026-07-09 04:20:40.747] [info] [gpu_pipeline_task.cpp:188] [locality-audit] prepare_after pipeline_id=8 task_id=69 preferred_device=1 actual_gpu=1 target_tier=GPU target_device=1 input_bytes=105746408 local_bytes=105746408 remote_gpu_bytes=0 host_bytes=0 disk_bytes=0 batch_count=2
[2026-07-09 04:20:40.751] [info] [gpu_pipeline_task.cpp:321] [stage-audit] pipeline_id=8 task_id=69 operator_id=16 operator_name=HASH_JOIN stage_kind=JOIN operator_type=33 input_type=PARTITIONED output_type=PIPELINEABLE actual_gpu=1 pipeline_operator_count=2 input_batches=2 input_rows=13218301 input_columns=2 input_bytes=105746408 output_batches=1 output_rows=397464 output_columns=2 output_bytes=6359424 byte_ratio=0.060138 row_ratio=0.030069 duration_us=3896
[2026-07-09 04:20:40.751] [info] [gpu_pipeline_task.cpp:321] [stage-audit] pipeline_id=8 task_id=69 operator_id=17 operator_name=PROJECTION stage_kind=PROJECTION operator_type=13 input_type=PIPELINEABLE output_type=PIPELINEABLE actual_gpu=1 pipeline_operator_count=2 input_batches=1 input_rows=397464 input_columns=2 input_bytes=6359424 output_batches=1 output_rows=397464 output_columns=1 output_bytes=3179712 byte_ratio=0.500000 row_ratio=1.000000 duration_us=4
[2026-07-09 04:20:40.758] [info] [gpu_pipeline_task.cpp:188] [locality-audit] prepare_after pipeline_id=8 task_id=63 preferred_device=0 actual_gpu=0 target_tier=GPU target_device=0 input_bytes=519730456 local_bytes=519730456 remote_gpu_bytes=0 host_bytes=0 disk_bytes=0 batch_count=2
[2026-07-09 04:20:40.767] [info] [gpu_pipeline_task.cpp:188] [locality-audit] prepare_after pipeline_id=8 task_id=70 preferred_device=1 actual_gpu=1 target_tier=GPU target_device=1 input_bytes=520058112 local_bytes=520058112 remote_gpu_bytes=0 host_bytes=0 disk_bytes=0 batch_count=2
[2026-07-09 04:20:40.775] [info] [gpu_pipeline_task.cpp:321] [stage-audit] pipeline_id=8 task_id=63 operator_id=16 operator_name=HASH_JOIN stage_kind=JOIN operator_type=33 input_type=PARTITIONED output_type=PIPELINEABLE actual_gpu=0 pipeline_operator_count=2 input_batches=2 input_rows=64966307 input_columns=2 input_bytes=519730456 output_batches=1 output_rows=2379164 output_columns=2 output_bytes=38066624 byte_ratio=0.073243 row_ratio=0.036622 duration_us=17024
[2026-07-09 04:20:40.775] [info] [gpu_pipeline_task.cpp:321] [stage-audit] pipeline_id=8 task_id=63 operator_id=17 operator_name=PROJECTION stage_kind=PROJECTION operator_type=13 input_type=PIPELINEABLE output_type=PIPELINEABLE actual_gpu=0 pipeline_operator_count=2 input_batches=1 input_rows=2379164 input_columns=2 input_bytes=38066624 output_batches=1 output_rows=2379164 output_columns=1 output_bytes=19033312 byte_ratio=0.500000 row_ratio=1.000000 duration_us=4
[2026-07-09 04:20:40.775] [info] [task_scheduler.cpp:462] [mgpu-audit] pipeline_task dispatched to GPU 0 task_id=66
[2026-07-09 04:20:40.775] [info] [task_scheduler.cpp:464] [locality-audit] dispatch task_id=66 preferred_device=0 actual_gpu=0
[2026-07-09 04:20:40.775] [info] [gpu_pipeline_task.cpp:188] [locality-audit] prepare_before pipeline_id=8 task_id=64 preferred_device=0 actual_gpu=0 target_tier=GPU target_device=0 input_bytes=105624168 local_bytes=22959816 remote_gpu_bytes=0 host_bytes=82664352 disk_bytes=0 batch_count=2
[2026-07-09 04:20:40.775] [info] [task_scheduler.cpp:462] [mgpu-audit] pipeline_task dispatched to GPU 0 task_id=65
[2026-07-09 04:20:40.775] [info] [task_scheduler.cpp:464] [locality-audit] dispatch task_id=65 preferred_device=0 actual_gpu=0
[2026-07-09 04:20:40.775] [info] [gpu_pipeline_task.cpp:188] [locality-audit] prepare_before pipeline_id=8 task_id=66 preferred_device=0 actual_gpu=0 target_tier=GPU target_device=0 input_bytes=380985800 local_bytes=22959816 remote_gpu_bytes=0 host_bytes=358025984 disk_bytes=0 batch_count=2
[2026-07-09 04:20:40.775] [info] [gpu_pipeline_task.cpp:188] [locality-audit] prepare_before pipeline_id=8 task_id=65 preferred_device=0 actual_gpu=0 target_tier=GPU target_device=0 input_bytes=519900464 local_bytes=22959816 remote_gpu_bytes=0 host_bytes=496940648 disk_bytes=0 batch_count=2
[2026-07-09 04:20:40.778] [info] [gpu_pipeline_task.cpp:188] [locality-audit] prepare_after pipeline_id=8 task_id=64 preferred_device=0 actual_gpu=0 target_tier=GPU target_device=0 input_bytes=105624168 local_bytes=105624168 remote_gpu_bytes=0 host_bytes=0 disk_bytes=0 batch_count=2
[2026-07-09 04:20:40.782] [info] [gpu_pipeline_task.cpp:321] [stage-audit] pipeline_id=8 task_id=64 operator_id=16 operator_name=HASH_JOIN stage_kind=JOIN operator_type=33 input_type=PARTITIONED output_type=PIPELINEABLE actual_gpu=0 pipeline_operator_count=2 input_batches=2 input_rows=13203021 input_columns=2 input_bytes=105624168 output_batches=1 output_rows=397603 output_columns=2 output_bytes=6361648 byte_ratio=0.060229 row_ratio=0.030115 duration_us=3910
[2026-07-09 04:20:40.782] [info] [gpu_pipeline_task.cpp:321] [stage-audit] pipeline_id=8 task_id=64 operator_id=17 operator_name=PROJECTION stage_kind=PROJECTION operator_type=13 input_type=PIPELINEABLE output_type=PIPELINEABLE actual_gpu=0 pipeline_operator_count=2 input_batches=1 input_rows=397603 input_columns=2 input_bytes=6361648 output_batches=1 output_rows=397603 output_columns=1 output_bytes=3180824 byte_ratio=0.500000 row_ratio=1.000000 duration_us=3
[2026-07-09 04:20:40.783] [info] [gpu_pipeline_task.cpp:188] [locality-audit] prepare_after pipeline_id=8 task_id=71 preferred_device=1 actual_gpu=1 target_tier=GPU target_device=1 input_bytes=380772032 local_bytes=380772032 remote_gpu_bytes=0 host_bytes=0 disk_bytes=0 batch_count=2
[2026-07-09 04:20:40.789] [info] [gpu_pipeline_task.cpp:321] [stage-audit] pipeline_id=8 task_id=70 operator_id=16 operator_name=HASH_JOIN stage_kind=JOIN operator_type=33 input_type=PARTITIONED output_type=PIPELINEABLE actual_gpu=1 pipeline_operator_count=2 input_batches=2 input_rows=65007264 input_columns=2 input_bytes=520058112 output_batches=1 output_rows=2378654 output_columns=2 output_bytes=38058464 byte_ratio=0.073181 row_ratio=0.036591 duration_us=22095
[2026-07-09 04:20:40.796] [info] [gpu_pipeline_task.cpp:321] [stage-audit] pipeline_id=8 task_id=70 operator_id=17 operator_name=PROJECTION stage_kind=PROJECTION operator_type=13 input_type=PIPELINEABLE output_type=PIPELINEABLE actual_gpu=1 pipeline_operator_count=2 input_batches=1 input_rows=2378654 input_columns=2 input_bytes=38058464 output_batches=1 output_rows=2378654 output_columns=1 output_bytes=19029232 byte_ratio=0.500000 row_ratio=1.000000 duration_us=7147
[2026-07-09 04:20:40.796] [info] [gpu_pipeline_task.cpp:321] [stage-audit] pipeline_id=8 task_id=71 operator_id=16 operator_name=HASH_JOIN stage_kind=JOIN operator_type=33 input_type=PARTITIONED output_type=PIPELINEABLE actual_gpu=1 pipeline_operator_count=2 input_batches=2 input_rows=47596504 input_columns=2 input_bytes=380772032 output_batches=1 output_rows=1711541 output_columns=2 output_bytes=27384656 byte_ratio=0.071919 row_ratio=0.035959 duration_us=12832
[2026-07-09 04:20:40.796] [info] [gpu_pipeline_task.cpp:321] [stage-audit] pipeline_id=8 task_id=71 operator_id=17 operator_name=PROJECTION stage_kind=PROJECTION operator_type=13 input_type=PIPELINEABLE output_type=PIPELINEABLE actual_gpu=1 pipeline_operator_count=2 input_batches=1 input_rows=1711541 input_columns=2 input_bytes=27384656 output_batches=1 output_rows=1711541 output_columns=1 output_bytes=13692328 byte_ratio=0.500000 row_ratio=1.000000 duration_us=4
[2026-07-09 04:20:40.798] [info] [gpu_pipeline_task.cpp:188] [locality-audit] prepare_after pipeline_id=8 task_id=65 preferred_device=0 actual_gpu=0 target_tier=GPU target_device=0 input_bytes=519900464 local_bytes=519900464 remote_gpu_bytes=0 host_bytes=0 disk_bytes=0 batch_count=2
[2026-07-09 04:20:40.815] [info] [gpu_pipeline_task.cpp:188] [locality-audit] prepare_after pipeline_id=8 task_id=66 preferred_device=0 actual_gpu=0 target_tier=GPU target_device=0 input_bytes=380985800 local_bytes=380985800 remote_gpu_bytes=0 host_bytes=0 disk_bytes=0 batch_count=2
[2026-07-09 04:20:40.828] [info] [gpu_pipeline_task.cpp:321] [stage-audit] pipeline_id=8 task_id=65 operator_id=16 operator_name=HASH_JOIN stage_kind=JOIN operator_type=33 input_type=PARTITIONED output_type=PIPELINEABLE actual_gpu=0 pipeline_operator_count=2 input_batches=2 input_rows=64987558 input_columns=2 input_bytes=519900464 output_batches=1 output_rows=2379277 output_columns=2 output_bytes=38068432 byte_ratio=0.073223 row_ratio=0.036611 duration_us=29547
[2026-07-09 04:20:40.828] [info] [gpu_pipeline_task.cpp:321] [stage-audit] pipeline_id=8 task_id=65 operator_id=17 operator_name=PROJECTION stage_kind=PROJECTION operator_type=13 input_type=PIPELINEABLE output_type=PIPELINEABLE actual_gpu=0 pipeline_operator_count=2 input_batches=1 input_rows=2379277 input_columns=2 input_bytes=38068432 output_batches=1 output_rows=2379277 output_columns=1 output_bytes=19034216 byte_ratio=0.500000 row_ratio=1.000000 duration_us=6
[2026-07-09 04:20:40.828] [info] [gpu_pipeline_task.cpp:321] [stage-audit] pipeline_id=8 task_id=66 operator_id=16 operator_name=HASH_JOIN stage_kind=JOIN operator_type=33 input_type=PARTITIONED output_type=PIPELINEABLE actual_gpu=0 pipeline_operator_count=2 input_batches=2 input_rows=47623225 input_columns=2 input_bytes=380985800 output_batches=1 output_rows=1713808 output_columns=2 output_bytes=27420928 byte_ratio=0.071974 row_ratio=0.035987 duration_us=12895
[2026-07-09 04:20:40.828] [info] [gpu_pipeline_task.cpp:321] [stage-audit] pipeline_id=8 task_id=66 operator_id=17 operator_name=PROJECTION stage_kind=PROJECTION operator_type=13 input_type=PIPELINEABLE output_type=PIPELINEABLE actual_gpu=0 pipeline_operator_count=2 input_batches=1 input_rows=1713808 input_columns=2 input_bytes=27420928 output_batches=1 output_rows=1713808 output_columns=1 output_bytes=13710464 byte_ratio=0.500000 row_ratio=1.000000 duration_us=4
[2026-07-09 04:20:40.828] [info] [task_creator.cpp:363] [locality-audit] task_create operator_id=35 input_bytes=3174288 local_bytes=0 gpu_source_bytes=0 host_source_bytes=3174288 disk_source_bytes=0 gpu_sources=0 host_sources=1 preferred_device=0
[2026-07-09 04:20:40.828] [info] [task_creator.cpp:363] [locality-audit] task_create operator_id=35 input_bytes=3142176 local_bytes=0 gpu_source_bytes=0 host_source_bytes=3142176 disk_source_bytes=0 gpu_sources=0 host_sources=1 preferred_device=1
[2026-07-09 04:20:40.828] [info] [task_creator.cpp:363] [locality-audit] task_create operator_id=35 input_bytes=18989368 local_bytes=18989368 gpu_source_bytes=18989368 host_source_bytes=0 disk_source_bytes=0 gpu_sources=1 host_sources=0 preferred_device=1
[2026-07-09 04:20:40.828] [info] [task_creator.cpp:363] [locality-audit] task_create operator_id=35 input_bytes=3179712 local_bytes=3179712 gpu_source_bytes=3179712 host_source_bytes=0 disk_source_bytes=0 gpu_sources=1 host_sources=0 preferred_device=1
[2026-07-09 04:20:40.828] [info] [task_creator.cpp:363] [locality-audit] task_create operator_id=35 input_bytes=19033312 local_bytes=19033312 gpu_source_bytes=19033312 host_source_bytes=0 disk_source_bytes=0 gpu_sources=1 host_sources=0 preferred_device=0
[2026-07-09 04:20:40.828] [info] [task_creator.cpp:363] [locality-audit] task_create operator_id=35 input_bytes=3180824 local_bytes=3180824 gpu_source_bytes=3180824 host_source_bytes=0 disk_source_bytes=0 gpu_sources=1 host_sources=0 preferred_device=0
[2026-07-09 04:20:40.828] [info] [task_creator.cpp:363] [locality-audit] task_create operator_id=35 input_bytes=19029232 local_bytes=19029232 gpu_source_bytes=19029232 host_source_bytes=0 disk_source_bytes=0 gpu_sources=1 host_sources=0 preferred_device=1
[2026-07-09 04:20:40.828] [info] [task_creator.cpp:363] [locality-audit] task_create operator_id=35 input_bytes=13692328 local_bytes=13692328 gpu_source_bytes=13692328 host_source_bytes=0 disk_source_bytes=0 gpu_sources=1 host_sources=0 preferred_device=1
[2026-07-09 04:20:40.828] [info] [task_creator.cpp:363] [locality-audit] task_create operator_id=35 input_bytes=19034216 local_bytes=19034216 gpu_source_bytes=19034216 host_source_bytes=0 disk_source_bytes=0 gpu_sources=1 host_sources=0 preferred_device=0
[2026-07-09 04:20:40.828] [info] [task_creator.cpp:363] [locality-audit] task_create operator_id=35 input_bytes=13710464 local_bytes=13710464 gpu_source_bytes=13710464 host_source_bytes=0 disk_source_bytes=0 gpu_sources=1 host_sources=0 preferred_device=0
[2026-07-09 04:20:40.828] [info] [task_scheduler.cpp:462] [mgpu-audit] pipeline_task dispatched to GPU 1 task_id=73
[2026-07-09 04:20:40.828] [info] [task_scheduler.cpp:464] [locality-audit] dispatch task_id=73 preferred_device=1 actual_gpu=1
[2026-07-09 04:20:40.828] [info] [task_scheduler.cpp:462] [mgpu-audit] pipeline_task dispatched to GPU 0 task_id=72
[2026-07-09 04:20:40.828] [info] [task_scheduler.cpp:464] [locality-audit] dispatch task_id=72 preferred_device=0 actual_gpu=0
[2026-07-09 04:20:40.828] [info] [gpu_pipeline_task.cpp:188] [locality-audit] prepare_before pipeline_id=9 task_id=73 preferred_device=1 actual_gpu=1 target_tier=GPU target_device=1 input_bytes=3142176 local_bytes=0 remote_gpu_bytes=0 host_bytes=3142176 disk_bytes=0 batch_count=1
[2026-07-09 04:20:40.828] [info] [task_scheduler.cpp:462] [mgpu-audit] pipeline_task dispatched to GPU 0 task_id=76
[2026-07-09 04:20:40.828] [info] [task_scheduler.cpp:464] [locality-audit] dispatch task_id=76 preferred_device=0 actual_gpu=0
[2026-07-09 04:20:40.828] [info] [task_scheduler.cpp:462] [mgpu-audit] pipeline_task dispatched to GPU 1 task_id=74
[2026-07-09 04:20:40.828] [info] [task_scheduler.cpp:464] [locality-audit] dispatch task_id=74 preferred_device=1 actual_gpu=1
[2026-07-09 04:20:40.828] [info] [task_scheduler.cpp:462] [mgpu-audit] pipeline_task dispatched to GPU 1 task_id=75
[2026-07-09 04:20:40.828] [info] [task_scheduler.cpp:464] [locality-audit] dispatch task_id=75 preferred_device=1 actual_gpu=1
[2026-07-09 04:20:40.828] [info] [gpu_pipeline_task.cpp:188] [locality-audit] prepare_before pipeline_id=9 task_id=72 preferred_device=0 actual_gpu=0 target_tier=GPU target_device=0 input_bytes=3174288 local_bytes=0 remote_gpu_bytes=0 host_bytes=3174288 disk_bytes=0 batch_count=1
[2026-07-09 04:20:40.828] [info] [task_scheduler.cpp:462] [mgpu-audit] pipeline_task dispatched to GPU 0 task_id=77
[2026-07-09 04:20:40.828] [info] [task_scheduler.cpp:464] [locality-audit] dispatch task_id=77 preferred_device=0 actual_gpu=0
[2026-07-09 04:20:40.828] [info] [task_scheduler.cpp:462] [mgpu-audit] pipeline_task dispatched to GPU 0 task_id=80
[2026-07-09 04:20:40.828] [info] [task_scheduler.cpp:464] [locality-audit] dispatch task_id=80 preferred_device=0 actual_gpu=0
[2026-07-09 04:20:40.828] [info] [gpu_pipeline_task.cpp:188] [locality-audit] prepare_before pipeline_id=9 task_id=76 preferred_device=0 actual_gpu=0 target_tier=GPU target_device=0 input_bytes=19033312 local_bytes=19033312 remote_gpu_bytes=0 host_bytes=0 disk_bytes=0 batch_count=1
[2026-07-09 04:20:40.828] [info] [gpu_pipeline_task.cpp:188] [locality-audit] prepare_after pipeline_id=9 task_id=73 preferred_device=1 actual_gpu=1 target_tier=GPU target_device=1 input_bytes=3142176 local_bytes=3142176 remote_gpu_bytes=0 host_bytes=0 disk_bytes=0 batch_count=1
[2026-07-09 04:20:40.828] [info] [gpu_pipeline_task.cpp:188] [locality-audit] prepare_after pipeline_id=9 task_id=76 preferred_device=0 actual_gpu=0 target_tier=GPU target_device=0 input_bytes=19033312 local_bytes=19033312 remote_gpu_bytes=0 host_bytes=0 disk_bytes=0 batch_count=1
[2026-07-09 04:20:40.828] [info] [gpu_pipeline_task.cpp:188] [locality-audit] prepare_before pipeline_id=9 task_id=74 preferred_device=1 actual_gpu=1 target_tier=GPU target_device=1 input_bytes=18989368 local_bytes=18989368 remote_gpu_bytes=0 host_bytes=0 disk_bytes=0 batch_count=1
[2026-07-09 04:20:40.828] [info] [gpu_pipeline_task.cpp:188] [locality-audit] prepare_before pipeline_id=9 task_id=77 preferred_device=0 actual_gpu=0 target_tier=GPU target_device=0 input_bytes=3180824 local_bytes=3180824 remote_gpu_bytes=0 host_bytes=0 disk_bytes=0 batch_count=1
[2026-07-09 04:20:40.829] [info] [gpu_pipeline_task.cpp:188] [locality-audit] prepare_after pipeline_id=9 task_id=74 preferred_device=1 actual_gpu=1 target_tier=GPU target_device=1 input_bytes=18989368 local_bytes=18989368 remote_gpu_bytes=0 host_bytes=0 disk_bytes=0 batch_count=1
[2026-07-09 04:20:40.829] [info] [gpu_pipeline_task.cpp:188] [locality-audit] prepare_after pipeline_id=9 task_id=77 preferred_device=0 actual_gpu=0 target_tier=GPU target_device=0 input_bytes=3180824 local_bytes=3180824 remote_gpu_bytes=0 host_bytes=0 disk_bytes=0 batch_count=1
[2026-07-09 04:20:40.829] [info] [gpu_pipeline_task.cpp:188] [locality-audit] prepare_before pipeline_id=9 task_id=80 preferred_device=0 actual_gpu=0 target_tier=GPU target_device=0 input_bytes=19034216 local_bytes=19034216 remote_gpu_bytes=0 host_bytes=0 disk_bytes=0 batch_count=1
[2026-07-09 04:20:40.829] [info] [gpu_pipeline_task.cpp:188] [locality-audit] prepare_after pipeline_id=9 task_id=72 preferred_device=0 actual_gpu=0 target_tier=GPU target_device=0 input_bytes=3174288 local_bytes=3174288 remote_gpu_bytes=0 host_bytes=0 disk_bytes=0 batch_count=1
[2026-07-09 04:20:40.829] [info] [task_scheduler.cpp:462] [mgpu-audit] pipeline_task dispatched to GPU 1 task_id=78
[2026-07-09 04:20:40.829] [info] [task_scheduler.cpp:464] [locality-audit] dispatch task_id=78 preferred_device=1 actual_gpu=1
[2026-07-09 04:20:40.829] [info] [gpu_pipeline_task.cpp:188] [locality-audit] prepare_after pipeline_id=9 task_id=80 preferred_device=0 actual_gpu=0 target_tier=GPU target_device=0 input_bytes=19034216 local_bytes=19034216 remote_gpu_bytes=0 host_bytes=0 disk_bytes=0 batch_count=1
[2026-07-09 04:20:40.829] [info] [gpu_pipeline_task.cpp:188] [locality-audit] prepare_before pipeline_id=9 task_id=78 preferred_device=1 actual_gpu=1 target_tier=GPU target_device=1 input_bytes=19029232 local_bytes=19029232 remote_gpu_bytes=0 host_bytes=0 disk_bytes=0 batch_count=1
[2026-07-09 04:20:40.829] [info] [gpu_pipeline_task.cpp:188] [locality-audit] prepare_after pipeline_id=9 task_id=78 preferred_device=1 actual_gpu=1 target_tier=GPU target_device=1 input_bytes=19029232 local_bytes=19029232 remote_gpu_bytes=0 host_bytes=0 disk_bytes=0 batch_count=1
[2026-07-09 04:20:40.829] [info] [gpu_pipeline_task.cpp:188] [locality-audit] prepare_before pipeline_id=9 task_id=75 preferred_device=1 actual_gpu=1 target_tier=GPU target_device=1 input_bytes=3179712 local_bytes=3179712 remote_gpu_bytes=0 host_bytes=0 disk_bytes=0 batch_count=1
[2026-07-09 04:20:40.829] [info] [gpu_pipeline_task.cpp:188] [locality-audit] prepare_after pipeline_id=9 task_id=75 preferred_device=1 actual_gpu=1 target_tier=GPU target_device=1 input_bytes=3179712 local_bytes=3179712 remote_gpu_bytes=0 host_bytes=0 disk_bytes=0 batch_count=1
[2026-07-09 04:20:40.829] [info] [gpu_pipeline_task.cpp:321] [stage-audit] pipeline_id=9 task_id=73 operator_id=35 operator_name=PARTITION stage_kind=PARTITION operator_type=82 input_type=PIPELINEABLE output_type=PIPELINEABLE actual_gpu=1 pipeline_operator_count=1 input_batches=1 input_rows=392772 input_columns=1 input_bytes=3142176 output_batches=2 output_rows=392772 output_columns=2 output_bytes=3142176 byte_ratio=1.000000 row_ratio=1.000000 duration_us=478
[2026-07-09 04:20:40.829] [info] [task_scheduler.cpp:462] [mgpu-audit] pipeline_task dispatched to GPU 1 task_id=79
[2026-07-09 04:20:40.829] [info] [task_scheduler.cpp:464] [locality-audit] dispatch task_id=79 preferred_device=1 actual_gpu=1
[2026-07-09 04:20:40.829] [info] [gpu_pipeline_task.cpp:188] [locality-audit] prepare_before pipeline_id=9 task_id=79 preferred_device=1 actual_gpu=1 target_tier=GPU target_device=1 input_bytes=13692328 local_bytes=13692328 remote_gpu_bytes=0 host_bytes=0 disk_bytes=0 batch_count=1
[2026-07-09 04:20:40.829] [info] [gpu_pipeline_task.cpp:188] [locality-audit] prepare_after pipeline_id=9 task_id=79 preferred_device=1 actual_gpu=1 target_tier=GPU target_device=1 input_bytes=13692328 local_bytes=13692328 remote_gpu_bytes=0 host_bytes=0 disk_bytes=0 batch_count=1
[2026-07-09 04:20:40.830] [info] [gpu_pipeline_task.cpp:321] [stage-audit] pipeline_id=9 task_id=78 operator_id=35 operator_name=PARTITION stage_kind=PARTITION operator_type=82 input_type=PIPELINEABLE output_type=PIPELINEABLE actual_gpu=1 pipeline_operator_count=1 input_batches=1 input_rows=2378654 input_columns=1 input_bytes=19029232 output_batches=2 output_rows=2378654 output_columns=2 output_bytes=19029232 byte_ratio=1.000000 row_ratio=1.000000 duration_us=1188
[2026-07-09 04:20:40.830] [info] [gpu_pipeline_task.cpp:321] [stage-audit] pipeline_id=9 task_id=76 operator_id=35 operator_name=PARTITION stage_kind=PARTITION operator_type=82 input_type=PIPELINEABLE output_type=PIPELINEABLE actual_gpu=0 pipeline_operator_count=1 input_batches=1 input_rows=2379164 input_columns=1 input_bytes=19033312 output_batches=2 output_rows=2379164 output_columns=2 output_bytes=19033312 byte_ratio=1.000000 row_ratio=1.000000 duration_us=1548
[2026-07-09 04:20:40.830] [info] [gpu_pipeline_task.cpp:321] [stage-audit] pipeline_id=9 task_id=74 operator_id=35 operator_name=PARTITION stage_kind=PARTITION operator_type=82 input_type=PIPELINEABLE output_type=PIPELINEABLE actual_gpu=1 pipeline_operator_count=1 input_batches=1 input_rows=2373671 input_columns=1 input_bytes=18989368 output_batches=2 output_rows=2373671 output_columns=2 output_bytes=18989368 byte_ratio=1.000000 row_ratio=1.000000 duration_us=1511
[2026-07-09 04:20:40.830] [info] [task_scheduler.cpp:462] [mgpu-audit] pipeline_task dispatched to GPU 0 task_id=81
[2026-07-09 04:20:40.830] [info] [task_scheduler.cpp:464] [locality-audit] dispatch task_id=81 preferred_device=0 actual_gpu=0
[2026-07-09 04:20:40.830] [info] [gpu_pipeline_task.cpp:321] [stage-audit] pipeline_id=9 task_id=77 operator_id=35 operator_name=PARTITION stage_kind=PARTITION operator_type=82 input_type=PIPELINEABLE output_type=PIPELINEABLE actual_gpu=0 pipeline_operator_count=1 input_batches=1 input_rows=397603 input_columns=1 input_bytes=3180824 output_batches=2 output_rows=397603 output_columns=2 output_bytes=3180824 byte_ratio=1.000000 row_ratio=1.000000 duration_us=1533
[2026-07-09 04:20:40.830] [info] [gpu_pipeline_task.cpp:188] [locality-audit] prepare_before pipeline_id=9 task_id=81 preferred_device=0 actual_gpu=0 target_tier=GPU target_device=0 input_bytes=13710464 local_bytes=13710464 remote_gpu_bytes=0 host_bytes=0 disk_bytes=0 batch_count=1
[2026-07-09 04:20:40.830] [info] [gpu_pipeline_task.cpp:188] [locality-audit] prepare_after pipeline_id=9 task_id=81 preferred_device=0 actual_gpu=0 target_tier=GPU target_device=0 input_bytes=13710464 local_bytes=13710464 remote_gpu_bytes=0 host_bytes=0 disk_bytes=0 batch_count=1
[2026-07-09 04:20:40.830] [info] [gpu_pipeline_task.cpp:321] [stage-audit] pipeline_id=9 task_id=72 operator_id=35 operator_name=PARTITION stage_kind=PARTITION operator_type=82 input_type=PIPELINEABLE output_type=PIPELINEABLE actual_gpu=0 pipeline_operator_count=1 input_batches=1 input_rows=396786 input_columns=1 input_bytes=3174288 output_batches=2 output_rows=396786 output_columns=2 output_bytes=3174288 byte_ratio=1.000000 row_ratio=1.000000 duration_us=1633
[2026-07-09 04:20:40.830] [info] [gpu_pipeline_task.cpp:321] [stage-audit] pipeline_id=9 task_id=75 operator_id=35 operator_name=PARTITION stage_kind=PARTITION operator_type=82 input_type=PIPELINEABLE output_type=PIPELINEABLE actual_gpu=1 pipeline_operator_count=1 input_batches=1 input_rows=397464 input_columns=1 input_bytes=3179712 output_batches=2 output_rows=397464 output_columns=2 output_bytes=3179712 byte_ratio=1.000000 row_ratio=1.000000 duration_us=1364
[2026-07-09 04:20:40.830] [info] [gpu_pipeline_task.cpp:321] [stage-audit] pipeline_id=9 task_id=79 operator_id=35 operator_name=PARTITION stage_kind=PARTITION operator_type=82 input_type=PIPELINEABLE output_type=PIPELINEABLE actual_gpu=1 pipeline_operator_count=1 input_batches=1 input_rows=1711541 input_columns=1 input_bytes=13692328 output_batches=2 output_rows=1711541 output_columns=2 output_bytes=13692328 byte_ratio=1.000000 row_ratio=1.000000 duration_us=1241
[2026-07-09 04:20:40.831] [info] [gpu_pipeline_task.cpp:321] [stage-audit] pipeline_id=9 task_id=80 operator_id=35 operator_name=PARTITION stage_kind=PARTITION operator_type=82 input_type=PIPELINEABLE output_type=PIPELINEABLE actual_gpu=0 pipeline_operator_count=1 input_batches=1 input_rows=2379277 input_columns=1 input_bytes=19034216 output_batches=2 output_rows=2379277 output_columns=2 output_bytes=19034216 byte_ratio=1.000000 row_ratio=1.000000 duration_us=1827
[2026-07-09 04:20:40.831] [info] [gpu_pipeline_task.cpp:321] [stage-audit] pipeline_id=9 task_id=81 operator_id=35 operator_name=PARTITION stage_kind=PARTITION operator_type=82 input_type=PIPELINEABLE output_type=PIPELINEABLE actual_gpu=0 pipeline_operator_count=1 input_batches=1 input_rows=1713808 input_columns=1 input_bytes=13710464 output_batches=2 output_rows=1713808 output_columns=2 output_bytes=13710464 byte_ratio=1.000000 row_ratio=1.000000 duration_us=661
[2026-07-09 04:20:40.831] [info] [task_scheduler.cpp:462] [mgpu-audit] pipeline_task dispatched to GPU 0 task_id=82
[2026-07-09 04:20:40.831] [info] [task_scheduler.cpp:464] [locality-audit] dispatch task_id=82 preferred_device=0 actual_gpu=0
[2026-07-09 04:20:40.831] [info] [task_scheduler.cpp:462] [mgpu-audit] pipeline_task dispatched to GPU 1 task_id=83
[2026-07-09 04:20:40.831] [info] [task_scheduler.cpp:464] [locality-audit] dispatch task_id=83 preferred_device=1 actual_gpu=1
[2026-07-09 04:20:40.831] [info] [gpu_pipeline_task.cpp:188] [locality-audit] prepare_before pipeline_id=10 task_id=82 preferred_device=0 actual_gpu=0 target_tier=GPU target_device=0 input_bytes=58100992 local_bytes=54958816 remote_gpu_bytes=3142176 host_bytes=0 disk_bytes=0 batch_count=10
[2026-07-09 04:20:40.831] [info] [gpu_pipeline_task.cpp:188] [locality-audit] prepare_before pipeline_id=10 task_id=83 preferred_device=1 actual_gpu=1 target_tier=GPU target_device=1 input_bytes=58064928 local_bytes=54890640 remote_gpu_bytes=3174288 host_bytes=0 disk_bytes=0 batch_count=10
[2026-07-09 04:20:40.831] [info] [gpu_pipeline_task.cpp:188] [locality-audit] prepare_after pipeline_id=10 task_id=82 preferred_device=0 actual_gpu=0 target_tier=GPU target_device=0 input_bytes=58100992 local_bytes=58100992 remote_gpu_bytes=0 host_bytes=0 disk_bytes=0 batch_count=10
[2026-07-09 04:20:40.831] [info] [gpu_pipeline_task.cpp:188] [locality-audit] prepare_after pipeline_id=10 task_id=83 preferred_device=1 actual_gpu=1 target_tier=GPU target_device=1 input_bytes=58064928 local_bytes=58064928 remote_gpu_bytes=0 host_bytes=0 disk_bytes=0 batch_count=10
[2026-07-09 04:20:40.832] [info] [gpu_pipeline_task.cpp:321] [stage-audit] pipeline_id=10 task_id=82 operator_id=34 operator_name=CONCAT stage_kind=CONCAT operator_type=83 input_type=PARTITIONED output_type=PARTITIONED actual_gpu=0 pipeline_operator_count=1 input_batches=10 input_rows=7262624 input_columns=10 input_bytes=58100992 output_batches=1 output_rows=7262624 output_columns=1 output_bytes=58100992 byte_ratio=1.000000 row_ratio=1.000000 duration_us=237
[2026-07-09 04:20:40.832] [info] [gpu_pipeline_task.cpp:321] [stage-audit] pipeline_id=10 task_id=83 operator_id=34 operator_name=CONCAT stage_kind=CONCAT operator_type=83 input_type=PARTITIONED output_type=PARTITIONED actual_gpu=1 pipeline_operator_count=1 input_batches=10 input_rows=7258116 input_columns=10 input_bytes=58064928 output_batches=1 output_rows=7258116 output_columns=1 output_bytes=58064928 byte_ratio=1.000000 row_ratio=1.000000 duration_us=231
[2026-07-09 04:20:40.832] [info] [task_creator.cpp:363] [locality-audit] task_create operator_id=37 input_bytes=33578536 local_bytes=0 gpu_source_bytes=0 host_source_bytes=33578536 disk_source_bytes=0 gpu_sources=0 host_sources=1 preferred_device=0
[2026-07-09 04:20:40.832] [info] [task_creator.cpp:363] [locality-audit] task_create operator_id=37 input_bytes=33529096 local_bytes=0 gpu_source_bytes=0 host_source_bytes=33529096 disk_source_bytes=0 gpu_sources=0 host_sources=1 preferred_device=1
[2026-07-09 04:20:40.832] [info] [task_creator.cpp:363] [locality-audit] task_create operator_id=37 input_bytes=17840404 local_bytes=0 gpu_source_bytes=0 host_source_bytes=17840404 disk_source_bytes=0 gpu_sources=0 host_sources=1 preferred_device=0
[2026-07-09 04:20:40.832] [info] [task_scheduler.cpp:462] [mgpu-audit] pipeline_task dispatched to GPU 0 task_id=84
[2026-07-09 04:20:40.832] [info] [task_scheduler.cpp:464] [locality-audit] dispatch task_id=84 preferred_device=0 actual_gpu=0
[2026-07-09 04:20:40.832] [info] [task_creator.cpp:363] [locality-audit] task_create operator_id=37 input_bytes=33562936 local_bytes=0 gpu_source_bytes=0 host_source_bytes=33562936 disk_source_bytes=0 gpu_sources=0 host_sources=1 preferred_device=1
[2026-07-09 04:20:40.832] [info] [task_scheduler.cpp:462] [mgpu-audit] pipeline_task dispatched to GPU 1 task_id=85
[2026-07-09 04:20:40.832] [info] [task_scheduler.cpp:464] [locality-audit] dispatch task_id=85 preferred_device=1 actual_gpu=1
[2026-07-09 04:20:40.832] [info] [task_scheduler.cpp:462] [mgpu-audit] pipeline_task dispatched to GPU 0 task_id=86
[2026-07-09 04:20:40.832] [info] [task_scheduler.cpp:464] [locality-audit] dispatch task_id=86 preferred_device=0 actual_gpu=0
[2026-07-09 04:20:40.832] [info] [task_scheduler.cpp:462] [mgpu-audit] pipeline_task dispatched to GPU 1 task_id=87
[2026-07-09 04:20:40.832] [info] [task_scheduler.cpp:464] [locality-audit] dispatch task_id=87 preferred_device=1 actual_gpu=1
[2026-07-09 04:20:40.832] [info] [gpu_pipeline_task.cpp:188] [locality-audit] prepare_before pipeline_id=11 task_id=85 preferred_device=1 actual_gpu=1 target_tier=GPU target_device=1 input_bytes=33529096 local_bytes=0 remote_gpu_bytes=0 host_bytes=33529096 disk_bytes=0 batch_count=1
[2026-07-09 04:20:40.832] [info] [gpu_pipeline_task.cpp:188] [locality-audit] prepare_before pipeline_id=11 task_id=84 preferred_device=0 actual_gpu=0 target_tier=GPU target_device=0 input_bytes=33578536 local_bytes=0 remote_gpu_bytes=0 host_bytes=33578536 disk_bytes=0 batch_count=1
[2026-07-09 04:20:40.832] [info] [gpu_pipeline_task.cpp:188] [locality-audit] prepare_before pipeline_id=11 task_id=86 preferred_device=0 actual_gpu=0 target_tier=GPU target_device=0 input_bytes=17840404 local_bytes=0 remote_gpu_bytes=0 host_bytes=17840404 disk_bytes=0 batch_count=1
[2026-07-09 04:20:40.832] [info] [gpu_pipeline_task.cpp:188] [locality-audit] prepare_before pipeline_id=11 task_id=87 preferred_device=1 actual_gpu=1 target_tier=GPU target_device=1 input_bytes=33562936 local_bytes=0 remote_gpu_bytes=0 host_bytes=33562936 disk_bytes=0 batch_count=1
[2026-07-09 04:20:40.838] [info] [gpu_pipeline_task.cpp:188] [locality-audit] prepare_after pipeline_id=11 task_id=84 preferred_device=0 actual_gpu=0 target_tier=GPU target_device=0 input_bytes=40083240 local_bytes=40083240 remote_gpu_bytes=0 host_bytes=0 disk_bytes=0 batch_count=1
[2026-07-09 04:20:40.839] [info] [gpu_pipeline_task.cpp:188] [locality-audit] prepare_after pipeline_id=11 task_id=86 preferred_device=0 actual_gpu=0 target_tier=GPU target_device=0 input_bytes=21295546 local_bytes=21295546 remote_gpu_bytes=0 host_bytes=0 disk_bytes=0 batch_count=1
[2026-07-09 04:20:40.840] [info] [gpu_pipeline_task.cpp:188] [locality-audit] prepare_after pipeline_id=11 task_id=85 preferred_device=1 actual_gpu=1 target_tier=GPU target_device=1 input_bytes=40023548 local_bytes=40023548 remote_gpu_bytes=0 host_bytes=0 disk_bytes=0 batch_count=1
[2026-07-09 04:20:40.840] [info] [gpu_pipeline_task.cpp:188] [locality-audit] prepare_after pipeline_id=11 task_id=87 preferred_device=1 actual_gpu=1 target_tier=GPU target_device=1 input_bytes=40063444 local_bytes=40063444 remote_gpu_bytes=0 host_bytes=0 disk_bytes=0 batch_count=1
[2026-07-09 04:20:40.841] [info] [gpu_pipeline_task.cpp:321] [stage-audit] pipeline_id=11 task_id=86 operator_id=37 operator_name=PARTITION stage_kind=PARTITION operator_type=82 input_type=PIPELINEABLE output_type=PIPELINEABLE actual_gpu=0 pipeline_operator_count=1 input_batches=1 input_rows=863786 input_columns=2 input_bytes=21295546 output_batches=2 output_rows=863786 output_columns=4 output_bytes=17732370 byte_ratio=0.832680 row_ratio=1.000000 duration_us=1845
[2026-07-09 04:20:40.841] [info] [gpu_pipeline_task.cpp:321] [stage-audit] pipeline_id=11 task_id=84 operator_id=37 operator_name=PARTITION stage_kind=PARTITION operator_type=82 input_type=PIPELINEABLE output_type=PIPELINEABLE actual_gpu=0 pipeline_operator_count=1 input_batches=1 input_rows=1626175 input_columns=2 input_bytes=40083240 output_batches=2 output_rows=1626175 output_columns=4 output_bytes=33375212 byte_ratio=0.832648 row_ratio=1.000000 duration_us=2865
[2026-07-09 04:20:40.842] [info] [gpu_pipeline_task.cpp:321] [stage-audit] pipeline_id=11 task_id=85 operator_id=37 operator_name=PARTITION stage_kind=PARTITION operator_type=82 input_type=PIPELINEABLE output_type=PIPELINEABLE actual_gpu=1 pipeline_operator_count=1 input_batches=1 input_rows=1623613 input_columns=2 input_bytes=40023548 output_batches=2 output_rows=1623613 output_columns=4 output_bytes=33326088 byte_ratio=0.832662 row_ratio=1.000000 duration_us=2341
[2026-07-09 04:20:40.843] [info] [gpu_pipeline_task.cpp:321] [stage-audit] pipeline_id=11 task_id=87 operator_id=37 operator_name=PARTITION stage_kind=PARTITION operator_type=82 input_type=PIPELINEABLE output_type=PIPELINEABLE actual_gpu=1 pipeline_operator_count=1 input_batches=1 input_rows=1625127 input_columns=2 input_bytes=40063444 output_batches=2 output_rows=1625127 output_columns=4 output_bytes=33359736 byte_ratio=0.832673 row_ratio=1.000000 duration_us=2180
[2026-07-09 04:20:40.843] [info] [task_scheduler.cpp:462] [mgpu-audit] pipeline_task dispatched to GPU 0 task_id=88
[2026-07-09 04:20:40.843] [info] [task_scheduler.cpp:464] [locality-audit] dispatch task_id=88 preferred_device=0 actual_gpu=0
[2026-07-09 04:20:40.843] [info] [task_scheduler.cpp:462] [mgpu-audit] pipeline_task dispatched to GPU 1 task_id=89
[2026-07-09 04:20:40.843] [info] [task_scheduler.cpp:464] [locality-audit] dispatch task_id=89 preferred_device=1 actual_gpu=1
[2026-07-09 04:20:40.843] [info] [gpu_pipeline_task.cpp:188] [locality-audit] prepare_before pipeline_id=12 task_id=88 preferred_device=0 actual_gpu=0 target_tier=GPU target_device=0 input_bytes=58911275 local_bytes=25562595 remote_gpu_bytes=33348680 host_bytes=0 disk_bytes=0 batch_count=4
[2026-07-09 04:20:40.843] [info] [gpu_pipeline_task.cpp:188] [locality-audit] prepare_before pipeline_id=12 task_id=89 preferred_device=1 actual_gpu=1 target_tier=GPU target_device=1 input_bytes=58882131 local_bytes=33337144 remote_gpu_bytes=25544987 host_bytes=0 disk_bytes=0 batch_count=4
[2026-07-09 04:20:40.845] [info] [gpu_pipeline_task.cpp:188] [locality-audit] prepare_after pipeline_id=12 task_id=88 preferred_device=0 actual_gpu=0 target_tier=GPU target_device=0 input_bytes=58911275 local_bytes=58911275 remote_gpu_bytes=0 host_bytes=0 disk_bytes=0 batch_count=4
[2026-07-09 04:20:40.846] [info] [gpu_pipeline_task.cpp:188] [locality-audit] prepare_after pipeline_id=12 task_id=89 preferred_device=1 actual_gpu=1 target_tier=GPU target_device=1 input_bytes=58882131 local_bytes=58882131 remote_gpu_bytes=0 host_bytes=0 disk_bytes=0 batch_count=4
[2026-07-09 04:20:40.847] [info] [gpu_pipeline_task.cpp:321] [stage-audit] pipeline_id=12 task_id=88 operator_id=36 operator_name=CONCAT stage_kind=CONCAT operator_type=83 input_type=PARTITIONED output_type=PARTITIONED actual_gpu=0 pipeline_operator_count=1 input_batches=4 input_rows=2869977 input_columns=8 input_bytes=58911275 output_batches=1 output_rows=2869977 output_columns=2 output_bytes=58552415 byte_ratio=0.993908 row_ratio=1.000000 duration_us=2151
[2026-07-09 04:20:40.848] [info] [gpu_pipeline_task.cpp:321] [stage-audit] pipeline_id=12 task_id=89 operator_id=36 operator_name=CONCAT stage_kind=CONCAT operator_type=83 input_type=PARTITIONED output_type=PARTITIONED actual_gpu=1 pipeline_operator_count=1 input_batches=4 input_rows=2868724 input_columns=8 input_bytes=58882131 output_batches=1 output_rows=2868724 output_columns=2 output_bytes=58523399 byte_ratio=0.993908 row_ratio=1.000000 duration_us=1690
[2026-07-09 04:20:40.848] [info] [task_scheduler.cpp:462] [mgpu-audit] pipeline_task dispatched to GPU 0 task_id=90
[2026-07-09 04:20:40.848] [info] [task_scheduler.cpp:464] [locality-audit] dispatch task_id=90 preferred_device=0 actual_gpu=0
[2026-07-09 04:20:40.848] [info] [task_scheduler.cpp:462] [mgpu-audit] pipeline_task dispatched to GPU 1 task_id=91
[2026-07-09 04:20:40.848] [info] [task_scheduler.cpp:464] [locality-audit] dispatch task_id=91 preferred_device=1 actual_gpu=1
[2026-07-09 04:20:40.848] [info] [gpu_pipeline_task.cpp:188] [locality-audit] prepare_before pipeline_id=13 task_id=91 preferred_device=1 actual_gpu=1 target_tier=GPU target_device=1 input_bytes=116588327 local_bytes=116588327 remote_gpu_bytes=0 host_bytes=0 disk_bytes=0 batch_count=2
[2026-07-09 04:20:40.848] [info] [gpu_pipeline_task.cpp:188] [locality-audit] prepare_after pipeline_id=13 task_id=91 preferred_device=1 actual_gpu=1 target_tier=GPU target_device=1 input_bytes=116588327 local_bytes=116588327 remote_gpu_bytes=0 host_bytes=0 disk_bytes=0 batch_count=2
[2026-07-09 04:20:40.848] [info] [gpu_pipeline_task.cpp:188] [locality-audit] prepare_before pipeline_id=13 task_id=90 preferred_device=0 actual_gpu=0 target_tier=GPU target_device=0 input_bytes=116653407 local_bytes=116653407 remote_gpu_bytes=0 host_bytes=0 disk_bytes=0 batch_count=2
[2026-07-09 04:20:40.848] [info] [gpu_pipeline_task.cpp:188] [locality-audit] prepare_after pipeline_id=13 task_id=90 preferred_device=0 actual_gpu=0 target_tier=GPU target_device=0 input_bytes=116653407 local_bytes=116653407 remote_gpu_bytes=0 host_bytes=0 disk_bytes=0 batch_count=2
[2026-07-09 04:20:40.860] [info] [gpu_pipeline_task.cpp:321] [stage-audit] pipeline_id=13 task_id=91 operator_id=18 operator_name=HASH_JOIN stage_kind=JOIN operator_type=33 input_type=PARTITIONED output_type=PIPELINEABLE actual_gpu=1 pipeline_operator_count=2 input_batches=2 input_rows=10126840 input_columns=3 input_bytes=116588327 output_batches=1 output_rows=2630392 output_columns=1 output_bytes=32621384 byte_ratio=0.279800 row_ratio=0.259745 duration_us=12207
[2026-07-09 04:20:40.860] [info] [gpu_pipeline_task.cpp:321] [stage-audit] pipeline_id=13 task_id=90 operator_id=18 operator_name=HASH_JOIN stage_kind=JOIN operator_type=33 input_type=PARTITIONED output_type=PIPELINEABLE actual_gpu=0 pipeline_operator_count=2 input_batches=2 input_rows=10132601 input_columns=3 input_bytes=116653407 output_batches=1 output_rows=2631773 output_columns=1 output_bytes=32637048 byte_ratio=0.279778 row_ratio=0.259733 duration_us=12205
[2026-07-09 04:20:40.876] [info] [gpu_pipeline_task.cpp:321] [stage-audit] pipeline_id=13 task_id=90 operator_id=22 operator_name=HASH_GROUP_BY stage_kind=AGGREGATE operator_type=9 input_type=PIPELINEABLE output_type=PIPELINEABLE actual_gpu=0 pipeline_operator_count=2 input_batches=1 input_rows=2631773 input_columns=1 input_bytes=32637048 output_batches=1 output_rows=5 output_columns=2 output_bytes=106 byte_ratio=0.000003 row_ratio=0.000002 duration_us=15460
[2026-07-09 04:20:40.876] [info] [gpu_pipeline_task.cpp:321] [stage-audit] pipeline_id=13 task_id=91 operator_id=22 operator_name=HASH_GROUP_BY stage_kind=AGGREGATE operator_type=9 input_type=PIPELINEABLE output_type=PIPELINEABLE actual_gpu=1 pipeline_operator_count=2 input_batches=1 input_rows=2630392 input_columns=1 input_bytes=32621384 output_batches=1 output_rows=5 output_columns=2 output_bytes=106 byte_ratio=0.000003 row_ratio=0.000002 duration_us=16151
[2026-07-09 04:20:40.876] [info] [task_creator.cpp:363] [locality-audit] task_create operator_id=38 input_bytes=106 local_bytes=106 gpu_source_bytes=106 host_source_bytes=0 disk_source_bytes=0 gpu_sources=1 host_sources=0 preferred_device=0
[2026-07-09 04:20:40.876] [info] [task_creator.cpp:363] [locality-audit] task_create operator_id=38 input_bytes=106 local_bytes=106 gpu_source_bytes=106 host_source_bytes=0 disk_source_bytes=0 gpu_sources=1 host_sources=0 preferred_device=1
[2026-07-09 04:20:40.876] [info] [task_scheduler.cpp:462] [mgpu-audit] pipeline_task dispatched to GPU 0 task_id=92
[2026-07-09 04:20:40.876] [info] [task_scheduler.cpp:464] [locality-audit] dispatch task_id=92 preferred_device=0 actual_gpu=0
[2026-07-09 04:20:40.876] [info] [task_scheduler.cpp:462] [mgpu-audit] pipeline_task dispatched to GPU 1 task_id=93
[2026-07-09 04:20:40.876] [info] [task_scheduler.cpp:464] [locality-audit] dispatch task_id=93 preferred_device=1 actual_gpu=1
[2026-07-09 04:20:40.876] [info] [gpu_pipeline_task.cpp:188] [locality-audit] prepare_before pipeline_id=14 task_id=92 preferred_device=0 actual_gpu=0 target_tier=GPU target_device=0 input_bytes=106 local_bytes=106 remote_gpu_bytes=0 host_bytes=0 disk_bytes=0 batch_count=1
[2026-07-09 04:20:40.876] [info] [gpu_pipeline_task.cpp:188] [locality-audit] prepare_after pipeline_id=14 task_id=92 preferred_device=0 actual_gpu=0 target_tier=GPU target_device=0 input_bytes=106 local_bytes=106 remote_gpu_bytes=0 host_bytes=0 disk_bytes=0 batch_count=1
[2026-07-09 04:20:40.876] [info] [gpu_pipeline_task.cpp:321] [stage-audit] pipeline_id=14 task_id=92 operator_id=38 operator_name=PARTITION stage_kind=PARTITION operator_type=82 input_type=PIPELINEABLE output_type=PIPELINEABLE actual_gpu=0 pipeline_operator_count=1 input_batches=1 input_rows=5 input_columns=2 input_bytes=106 output_batches=1 output_rows=5 output_columns=2 output_bytes=106 byte_ratio=1.000000 row_ratio=1.000000 duration_us=1
[2026-07-09 04:20:40.877] [info] [gpu_pipeline_task.cpp:188] [locality-audit] prepare_before pipeline_id=14 task_id=93 preferred_device=1 actual_gpu=1 target_tier=GPU target_device=1 input_bytes=106 local_bytes=106 remote_gpu_bytes=0 host_bytes=0 disk_bytes=0 batch_count=1
[2026-07-09 04:20:40.877] [info] [gpu_pipeline_task.cpp:188] [locality-audit] prepare_after pipeline_id=14 task_id=93 preferred_device=1 actual_gpu=1 target_tier=GPU target_device=1 input_bytes=106 local_bytes=106 remote_gpu_bytes=0 host_bytes=0 disk_bytes=0 batch_count=1
[2026-07-09 04:20:40.877] [info] [gpu_pipeline_task.cpp:321] [stage-audit] pipeline_id=14 task_id=93 operator_id=38 operator_name=PARTITION stage_kind=PARTITION operator_type=82 input_type=PIPELINEABLE output_type=PIPELINEABLE actual_gpu=1 pipeline_operator_count=1 input_batches=1 input_rows=5 input_columns=2 input_bytes=106 output_batches=1 output_rows=5 output_columns=2 output_bytes=106 byte_ratio=1.000000 row_ratio=1.000000 duration_us=11
[2026-07-09 04:20:40.877] [info] [task_scheduler.cpp:462] [mgpu-audit] pipeline_task dispatched to GPU 0 task_id=94
[2026-07-09 04:20:40.877] [info] [task_scheduler.cpp:464] [locality-audit] dispatch task_id=94 preferred_device=0 actual_gpu=0
[2026-07-09 04:20:40.877] [info] [gpu_pipeline_task.cpp:188] [locality-audit] prepare_before pipeline_id=15 task_id=94 preferred_device=0 actual_gpu=0 target_tier=GPU target_device=0 input_bytes=212 local_bytes=106 remote_gpu_bytes=106 host_bytes=0 disk_bytes=0 batch_count=2
[2026-07-09 04:20:40.877] [info] [gpu_pipeline_task.cpp:188] [locality-audit] prepare_after pipeline_id=15 task_id=94 preferred_device=0 actual_gpu=0 target_tier=GPU target_device=0 input_bytes=212 local_bytes=212 remote_gpu_bytes=0 host_bytes=0 disk_bytes=0 batch_count=2
[2026-07-09 04:20:40.879] [info] [gpu_pipeline_task.cpp:321] [stage-audit] pipeline_id=15 task_id=94 operator_id=39 operator_name=MERGE_GROUP_BY stage_kind=AGGREGATE operator_type=85 input_type=PARTITIONED output_type=PIPELINEABLE actual_gpu=0 pipeline_operator_count=1 input_batches=2 input_rows=10 input_columns=4 input_bytes=212 output_batches=1 output_rows=5 output_columns=2 output_bytes=106 byte_ratio=0.500000 row_ratio=0.500000 duration_us=1595
[2026-07-09 04:20:40.879] [info] [task_creator.cpp:363] [locality-audit] task_create operator_id=23 input_bytes=106 local_bytes=106 gpu_source_bytes=106 host_source_bytes=0 disk_source_bytes=0 gpu_sources=1 host_sources=0 preferred_device=0
[2026-07-09 04:20:40.879] [info] [task_scheduler.cpp:462] [mgpu-audit] pipeline_task dispatched to GPU 0 task_id=95
[2026-07-09 04:20:40.879] [info] [task_scheduler.cpp:464] [locality-audit] dispatch task_id=95 preferred_device=0 actual_gpu=0
[2026-07-09 04:20:40.879] [info] [gpu_pipeline_task.cpp:188] [locality-audit] prepare_before pipeline_id=16 task_id=95 preferred_device=0 actual_gpu=0 target_tier=GPU target_device=0 input_bytes=106 local_bytes=106 remote_gpu_bytes=0 host_bytes=0 disk_bytes=0 batch_count=1
[2026-07-09 04:20:40.879] [info] [gpu_pipeline_task.cpp:188] [locality-audit] prepare_after pipeline_id=16 task_id=95 preferred_device=0 actual_gpu=0 target_tier=GPU target_device=0 input_bytes=106 local_bytes=106 remote_gpu_bytes=0 host_bytes=0 disk_bytes=0 batch_count=1
[2026-07-09 04:20:40.881] [info] [gpu_pipeline_task.cpp:321] [stage-audit] pipeline_id=16 task_id=95 operator_id=23 operator_name=ORDER_BY stage_kind=SORT operator_type=1 input_type=PIPELINEABLE output_type=PIPELINEABLE actual_gpu=0 pipeline_operator_count=1 input_batches=1 input_rows=5 input_columns=2 input_bytes=106 output_batches=1 output_rows=5 output_columns=2 output_bytes=106 byte_ratio=1.000000 row_ratio=1.000000 duration_us=1900
[2026-07-09 04:20:40.881] [info] [task_creator.cpp:363] [locality-audit] task_create operator_id=40 input_bytes=106 local_bytes=106 gpu_source_bytes=106 host_source_bytes=0 disk_source_bytes=0 gpu_sources=1 host_sources=0 preferred_device=0
[2026-07-09 04:20:40.881] [info] [task_scheduler.cpp:462] [mgpu-audit] pipeline_task dispatched to GPU 0 task_id=96
[2026-07-09 04:20:40.881] [info] [task_scheduler.cpp:464] [locality-audit] dispatch task_id=96 preferred_device=0 actual_gpu=0
[2026-07-09 04:20:40.881] [info] [gpu_pipeline_task.cpp:188] [locality-audit] prepare_before pipeline_id=17 task_id=96 preferred_device=0 actual_gpu=0 target_tier=GPU target_device=0 input_bytes=106 local_bytes=106 remote_gpu_bytes=0 host_bytes=0 disk_bytes=0 batch_count=1
[2026-07-09 04:20:40.881] [info] [gpu_pipeline_task.cpp:188] [locality-audit] prepare_after pipeline_id=17 task_id=96 preferred_device=0 actual_gpu=0 target_tier=GPU target_device=0 input_bytes=106 local_bytes=106 remote_gpu_bytes=0 host_bytes=0 disk_bytes=0 batch_count=1
[2026-07-09 04:20:40.881] [info] [gpu_pipeline_task.cpp:321] [stage-audit] pipeline_id=17 task_id=96 operator_id=40 operator_name=SORT_SAMPLE stage_kind=SORT operator_type=89 input_type=PIPELINEABLE output_type=PIPELINEABLE actual_gpu=0 pipeline_operator_count=2 input_batches=1 input_rows=5 input_columns=2 input_bytes=106 output_batches=1 output_rows=5 output_columns=2 output_bytes=106 byte_ratio=1.000000 row_ratio=1.000000 duration_us=91
[2026-07-09 04:20:40.883] [info] [gpu_pipeline_task.cpp:321] [stage-audit] pipeline_id=17 task_id=96 operator_id=41 operator_name=SORT_PARTITION stage_kind=SORT operator_type=88 input_type=PIPELINEABLE output_type=PIPELINEABLE actual_gpu=0 pipeline_operator_count=2 input_batches=1 input_rows=5 input_columns=2 input_bytes=106 output_batches=5 output_rows=5 output_columns=10 output_bytes=122 byte_ratio=1.150943 row_ratio=1.000000 duration_us=1760
[2026-07-09 04:20:40.883] [info] [task_creator.cpp:363] [locality-audit] task_create operator_id=42 input_bytes=122 local_bytes=122 gpu_source_bytes=122 host_source_bytes=0 disk_source_bytes=0 gpu_sources=1 host_sources=0 preferred_device=0
[2026-07-09 04:20:40.883] [info] [task_scheduler.cpp:462] [mgpu-audit] pipeline_task dispatched to GPU 0 task_id=97
[2026-07-09 04:20:40.883] [info] [task_scheduler.cpp:464] [locality-audit] dispatch task_id=97 preferred_device=0 actual_gpu=0
[2026-07-09 04:20:40.883] [info] [gpu_pipeline_task.cpp:188] [locality-audit] prepare_before pipeline_id=18 task_id=97 preferred_device=0 actual_gpu=0 target_tier=GPU target_device=0 input_bytes=122 local_bytes=122 remote_gpu_bytes=0 host_bytes=0 disk_bytes=0 batch_count=5
[2026-07-09 04:20:40.883] [info] [gpu_pipeline_task.cpp:188] [locality-audit] prepare_after pipeline_id=18 task_id=97 preferred_device=0 actual_gpu=0 target_tier=GPU target_device=0 input_bytes=122 local_bytes=122 remote_gpu_bytes=0 host_bytes=0 disk_bytes=0 batch_count=5
[2026-07-09 04:20:40.889] [info] [gpu_pipeline_task.cpp:321] [stage-audit] pipeline_id=18 task_id=97 operator_id=42 operator_name=MERGE_SORT stage_kind=SORT operator_type=84 input_type=PIPELINEABLE output_type=PIPELINEABLE actual_gpu=0 pipeline_operator_count=1 input_batches=5 input_rows=5 input_columns=10 input_bytes=122 output_batches=1 output_rows=5 output_columns=2 output_bytes=106 byte_ratio=0.868852 row_ratio=1.000000 duration_us=5632
[2026-07-09 04:20:40.889] [info] [task_creator.cpp:363] [locality-audit] task_create operator_id=24 input_bytes=106 local_bytes=106 gpu_source_bytes=106 host_source_bytes=0 disk_source_bytes=0 gpu_sources=1 host_sources=0 preferred_device=0
[2026-07-09 04:20:40.889] [info] [task_scheduler.cpp:462] [mgpu-audit] pipeline_task dispatched to GPU 0 task_id=98
[2026-07-09 04:20:40.889] [info] [task_scheduler.cpp:464] [locality-audit] dispatch task_id=98 preferred_device=0 actual_gpu=0
[2026-07-09 04:20:40.889] [info] [gpu_pipeline_task.cpp:188] [locality-audit] prepare_before pipeline_id=19 task_id=98 preferred_device=0 actual_gpu=0 target_tier=GPU target_device=0 input_bytes=106 local_bytes=106 remote_gpu_bytes=0 host_bytes=0 disk_bytes=0 batch_count=1
[2026-07-09 04:20:40.889] [info] [gpu_pipeline_task.cpp:188] [locality-audit] prepare_after pipeline_id=19 task_id=98 preferred_device=0 actual_gpu=0 target_tier=GPU target_device=0 input_bytes=106 local_bytes=106 remote_gpu_bytes=0 host_bytes=0 disk_bytes=0 batch_count=1
[2026-07-09 04:20:40.889] [info] [gpu_pipeline_task.cpp:321] [stage-audit] pipeline_id=19 task_id=98 operator_id=24 operator_name=RESULT_COLLECTOR stage_kind=RESULT operator_type=76 input_type=PIPELINEABLE output_type=PIPELINEABLE actual_gpu=0 pipeline_operator_count=1 input_batches=1 input_rows=5 input_columns=2 input_bytes=106 output_batches=1 output_rows=5 output_columns=2 output_bytes=106 byte_ratio=1.000000 row_ratio=1.000000 duration_us=2
[2026-07-09 04:20:40.910] [info] [gpu_pipeline_executor.cpp:118] GPU Pipeline Executor: task queue interrupted, stopping manager loop
[2026-07-09 04:20:40.910] [info] [gpu_pipeline_executor.cpp:118] GPU Pipeline Executor: task queue interrupted, stopping manager loop
[2026-07-09 04:20:40.923] [info] [physical_sirius_execution.cpp:165] Transparent GPU execution: query completed
[2026-07-09 04:20:40.932] [info] [sirius_context.cpp:217] QueryEnd
[2026-07-09 04:20:40.953] [info] [:] [host_pool] HOST:0 QueryEnd allocated=71303168 bytes peak=4664066048 bytes free_blocks=3004
[2026-07-09 04:20:40.953] [info] [:] [gpu_pool] GPU:0 QueryEnd allocated=4398638080 bytes peak=5974661888 bytes reserved=0 bytes
[2026-07-09 04:20:40.953] [info] [:] [gpu_pool] GPU:1 QueryEnd allocated=4390608128 bytes peak=6047599104 bytes reserved=0 bytes
[2026-07-09 04:20:40.959] [info] [:] [host_pool] HOST:0 QueryBegin allocated=71303168 bytes peak=4664066048 bytes free_blocks=3004
[2026-07-09 04:20:40.959] [info] [:] [gpu_pool] GPU:0 QueryBegin allocated=4398638080 bytes peak=5974661888 bytes reserved=0 bytes
[2026-07-09 04:20:40.959] [info] [:] [gpu_pool] GPU:1 QueryBegin allocated=4390608128 bytes peak=6047599104 bytes reserved=0 bytes
[2026-07-09 04:20:40.959] [info] [sirius_context.cpp:201] QueryBegin: SQL: SET gpu_execution = true;
[2026-07-09 04:20:40.959] [info] [sirius_context.cpp:217] QueryEnd
[2026-07-09 04:20:40.983] [info] [:] [host_pool] HOST:0 QueryEnd allocated=71303168 bytes peak=4664066048 bytes free_blocks=3004
[2026-07-09 04:20:40.983] [info] [:] [gpu_pool] GPU:0 QueryEnd allocated=4398638080 bytes peak=5974661888 bytes reserved=0 bytes
[2026-07-09 04:20:40.983] [info] [:] [gpu_pool] GPU:1 QueryEnd allocated=4390608128 bytes peak=6047599104 bytes reserved=0 bytes
[2026-07-09 04:20:40.983] [info] [:] [host_pool] HOST:0 QueryBegin allocated=71303168 bytes peak=4664066048 bytes free_blocks=3004
[2026-07-09 04:20:40.983] [info] [:] [gpu_pool] GPU:0 QueryBegin allocated=4398638080 bytes peak=5974661888 bytes reserved=0 bytes
[2026-07-09 04:20:40.983] [info] [:] [gpu_pool] GPU:1 QueryBegin allocated=4390608128 bytes peak=6047599104 bytes reserved=0 bytes
[2026-07-09 04:20:40.983] [info] [sirius_context.cpp:201] QueryBegin: SQL: select o.o_orderpriority, count(*) as order_count from orders o where o.o_orderdate >= date '1996-10-01' and o.o_orderdate < date '1997-01-01' and exists ( select * from lineitem l where l.l_orderkey = o.o_orderkey and l.l_commitdate < l.l_receiptdate ) group by o.o_orderpriority order by o.o_orderpriority
[2026-07-09 04:20:41.236] [info] [sirius_plan_get.cpp:267] [sirius_plan_get] LogicalGet has dynamic_filters attached (channel key=0x5868517ba720).
[2026-07-09 04:20:41.236] [info] [sirius_plan_comparison_join.cpp:601] [sirius_plan_comparison_join] Wired hash join with 1 dynamic-filter probe target(s) (build est 0 rows).
[2026-07-09 04:20:41.250] [info] [sirius_context.cpp:865] Transparent execution: Sirius physical plan generated successfully
[2026-07-09 04:20:41.261] [info] [sirius_context.cpp:877] Transparent execution: physical plan replaced with GPU operator
[2026-07-09 04:20:41.261] [info] [physical_sirius_execution.cpp:97] Transparent GPU execution: executing query
[2026-07-09 04:20:41.320] [info] [sirius_plan_get.cpp:267] [sirius_plan_get] LogicalGet has dynamic_filters attached (channel key=0x5868517ba720).
[2026-07-09 04:20:41.320] [info] [sirius_plan_comparison_join.cpp:601] [sirius_plan_comparison_join] Wired hash join with 1 dynamic-filter probe target(s) (build est 0 rows).
[2026-07-09 04:20:41.320] [info] [sirius_engine.cpp:375] Query Plan:
=== Pipeline Overview ===
Pipeline #0: GPU_SCAN (id=25) -> LEFT_DELIM_JOIN (id=19)
Pipeline #1: PARTITION (id=26)
  Input: <- Pipeline #0 [on: PARTITION (id=26), port: default, barrier: FULL]
  Dependencies: Pipeline #0
  Output: -> MERGE_GROUP_BY [port: default, barrier: FULL]
Pipeline #2: MERGE_GROUP_BY (id=27)
  Input: <- Pipeline #1 [on: MERGE_GROUP_BY (id=27), port: default, barrier: FULL]
  Dependencies: Pipeline #1
  Output: -> PARTITION [port: default, barrier: FULL]
Pipeline #3: PARTITION (id=29)
  Input: <- Pipeline #2 [on: PARTITION (id=29), port: default, barrier: FULL]
  Dependencies: Pipeline #2
  Output: -> CONCAT [port: default, barrier: PARTIAL]
Pipeline #4: CONCAT (id=28)
  Input: <- Pipeline #3 [on: CONCAT (id=28), port: default, barrier: PARTIAL]
  Dependencies: Pipeline #3
  Output: -> HASH_JOIN [port: build, barrier: FULL]
Pipeline #5: GPU_SCAN (id=30) -> DYNAMIC_FILTER (id=31) -> FILTER (id=14)
  Output: -> PARTITION [port: default, barrier: PARTIAL]
Pipeline #6: PARTITION (id=33)
  Input: <- Pipeline #5 [on: PARTITION (id=33), port: default, barrier: PARTIAL]
  Dependencies: Pipeline #5
  Output: -> CONCAT [port: default, barrier: PARTIAL]
Pipeline #7: CONCAT (id=32)
  Input: <- Pipeline #6 [on: CONCAT (id=32), port: default, barrier: PARTIAL]
  Dependencies: Pipeline #6
  Output: -> HASH_JOIN [port: default, barrier: FULL]
Pipeline #8: HASH_JOIN (id=16) -> PROJECTION (id=17)
  Input: <- Pipeline #7 [on: HASH_JOIN (id=16), port: default, barrier: FULL]
  Input: <- Pipeline #4 [on: HASH_JOIN (id=16), port: build, barrier: FULL]
  Dependencies: Pipeline #4, Pipeline #7
  Output: -> PARTITION [port: default, barrier: FULL]
Pipeline #9: PARTITION (id=35)
  Input: <- Pipeline #8 [on: PARTITION (id=35), port: default, barrier: FULL]
  Dependencies: Pipeline #8
  Output: -> CONCAT [port: default, barrier: PARTIAL]
Pipeline #10: CONCAT (id=34)
  Input: <- Pipeline #9 [on: CONCAT (id=34), port: default, barrier: PARTIAL]
  Dependencies: Pipeline #9
  Output: -> HASH_JOIN [port: build, barrier: FULL]
Pipeline #11: PARTITION (id=37)
  Input: <- Pipeline #0 [on: PARTITION (id=37), port: default, barrier: PARTIAL]
  Dependencies: Pipeline #0
  Output: -> CONCAT [port: default, barrier: PARTIAL]
Pipeline #12: CONCAT (id=36)
  Input: <- Pipeline #11 [on: CONCAT (id=36), port: default, barrier: PARTIAL]
  Dependencies: Pipeline #11
  Output: -> HASH_JOIN [port: default, barrier: FULL]
Pipeline #13: HASH_JOIN (id=18) -> HASH_GROUP_BY (id=22)
  Input: <- Pipeline #12 [on: HASH_JOIN (id=18), port: default, barrier: FULL]
  Input: <- Pipeline #10 [on: HASH_JOIN (id=18), port: build, barrier: FULL]
  Dependencies: Pipeline #10, Pipeline #12
  Output: -> PARTITION [port: default, barrier: FULL]
Pipeline #14: PARTITION (id=38)
  Input: <- Pipeline #13 [on: PARTITION (id=38), port: default, barrier: FULL]
  Dependencies: Pipeline #13
  Output: -> MERGE_GROUP_BY [port: default, barrier: FULL]
Pipeline #15: MERGE_GROUP_BY (id=39)
  Input: <- Pipeline #14 [on: MERGE_GROUP_BY (id=39), port: default, barrier: FULL]
  Dependencies: Pipeline #14
  Output: -> ORDER_BY [port: default, barrier: FULL]
Pipeline #16: ORDER_BY (id=23)
  Input: <- Pipeline #15 [on: ORDER_BY (id=23), port: default, barrier: FULL]
  Dependencies: Pipeline #15
  Output: -> SORT_SAMPLE [port: default, barrier: PIPELINE]
Pipeline #17: SORT_SAMPLE (id=40) -> SORT_PARTITION (id=41)
  Input: <- Pipeline #16 [on: SORT_SAMPLE (id=40), port: default, barrier: PIPELINE]
  Dependencies: Pipeline #16
  Output: -> MERGE_SORT [port: default, barrier: FULL]
Pipeline #18: MERGE_SORT (id=42)
  Input: <- Pipeline #17 [on: MERGE_SORT (id=42), port: default, barrier: FULL]
  Dependencies: Pipeline #17
  Output: -> RESULT_COLLECTOR [port: default, barrier: FULL]
Pipeline #19: RESULT_COLLECTOR (id=24)
  Input: <- Pipeline #18 [on: RESULT_COLLECTOR (id=24), port: default, barrier: FULL]
  Dependencies: Pipeline #18

=== Query Plan DAG ===
┌──────────────────────────┐                                                        
│ Pipeline #19             │                                                        
│ RESULT_COLLECTOR (id=24) │                                                        
│ Input(#18): FULL         │                                                        
└────────────┬─────────────┘                                                        
             │                                                                      
┌──────────────────────────┐                                                        
│ Pipeline #18             │                                                        
│ MERGE_SORT (id=42)       │                                                        
│ Input(#17): FULL         │                                                        
└────────────┬─────────────┘                                                        
             │                                                                      
┌──────────────────────────┐                                                        
│ Pipeline #17             │                                                        
│ SORT_PARTITION (id=41)   │                                                        
│ SORT_SAMPLE (id=40)      │                                                        
│ Input(#16): PIPELINE     │                                                        
└────────────┬─────────────┘                                                        
             │                                                                      
┌──────────────────────────┐                                                        
│ Pipeline #16             │                                                        
│ ORDER_BY (id=23)         │                                                        
│ Input(#15): FULL         │                                                        
└────────────┬─────────────┘                                                        
             │                                                                      
┌──────────────────────────┐                                                        
│ Pipeline #15             │                                                        
│ MERGE_GROUP_BY (id=39)   │                                                        
│ Input(#14): FULL         │                                                        
└────────────┬─────────────┘                                                        
             │                                                                      
┌──────────────────────────┐                                                        
│ Pipeline #14             │                                                        
│ PARTITION (id=38)        │                                                        
│ Input(#13): FULL         │                                                        
└────────────┬─────────────┘                                                        
             │                                                                      
┌──────────────────────────┐                                                        
│ Pipeline #13             │                                                        
│ HASH_GROUP_BY (id=22)    │                                                        
│ HASH_JOIN (id=18)        │                                                        
│   type: SEMI             │                                                        
│ Input(#12): FULL         │                                                        
│ Input(#10): FULL         │                                                        
└────────────┬─────────────┘                                                        
             ┌───────────────────────────────────────────────────────┐              
             │                                                       │              
┌──────────────────────────┐                            ┌──────────────────────────┐
│ Pipeline #10             │                            │ Pipeline #12             │
│ CONCAT (id=34)           │                            │ CONCAT (id=36)           │
│ Input(#9): PARTIAL       │                            │ Input(#11): PARTIAL      │
└────────────┬─────────────┘                            └────────────┬─────────────┘
             │                                                       │              
┌──────────────────────────┐                            ┌──────────────────────────┐
│ Pipeline #9              │                            │ Pipeline #11             │
│ PARTITION (id=35)        │                            │ PARTITION (id=37)        │
│ Input(#8): FULL          │                            │ Input(#0): PARTIAL       │
└────────────┬─────────────┘                            └────────────┬─────────────┘
             │                                                       │              
┌──────────────────────────┐                            ┌──────────────────────────┐
│ Pipeline #8              │                            │ (-> Pipeline #0)         │
│ PROJECTION (id=17)       │                            │                          │
│ HASH_JOIN (id=16)        │                            │                          │
│   type: INNER            │                            │                          │
│ Input(#7): FULL          │                            │                          │
│ Input(#4): FULL          │                            │                          │
└────────────┬─────────────┘                            └──────────────────────────┘
             ┌───────────────────────────┐                                          
             │                           │                                          
┌──────────────────────────┐┌──────────────────────────┐                            
│ Pipeline #4              ││ Pipeline #7              │                            
│ CONCAT (id=28)           ││ CONCAT (id=32)           │                            
│ Input(#3): PARTIAL       ││ Input(#6): PARTIAL       │                            
└────────────┬─────────────┘└────────────┬─────────────┘                            
             │                           │                                          
┌──────────────────────────┐┌──────────────────────────┐                            
│ Pipeline #3              ││ Pipeline #6              │                            
│ PARTITION (id=29)        ││ PARTITION (id=33)        │                            
│ Input(#2): FULL          ││ Input(#5): PARTIAL       │                            
└────────────┬─────────────┘└────────────┬─────────────┘                            
             │                           │                                          
┌──────────────────────────┐┌──────────────────────────┐                            
│ Pipeline #2              ││ Pipeline #5              │                            
│ MERGE_GROUP_BY (id=27)   ││ FILTER (id=14)           │                            
│ Input(#1): FULL          ││ DYNAMIC_FILTER (id=31)   │                            
│                          ││ GPU_SCAN (id=30)         │                            
└────────────┬─────────────┘└──────────────────────────┘                            
             │                                                                      
┌──────────────────────────┐                                                        
│ Pipeline #1              │                                                        
│ PARTITION (id=26)        │                                                        
│ Input(#0): FULL          │                                                        
└────────────┬─────────────┘                                                        
             │                                                                      
┌──────────────────────────┐                                                        
│ Pipeline #0              │                                                        
│ LEFT_DELIM_JOIN (id=19)  │                                                        
│ GPU_SCAN (id=25)         │                                                        
└──────────────────────────┘                                                        

[2026-07-09 04:20:41.320] [info] [sirius_scan_manager.cpp:416] [fixed-page-cache] page-backed cached provider unavailable; falling back to chunk-backed cached provider
[2026-07-09 04:20:41.320] [info] [sirius_scan_manager.cpp:420] [fixed-page-cache] cached provider unavailable; selected columns have page-only storage with incomplete resident coverage
[2026-07-09 04:20:41.330] [info] [parquet_gpu_ingestible.cpp:250] [coalesce-debug] parquet_batch_coalescer emit #1: 1 slice(s), acc_bytes=535792172, cap=536870912
[2026-07-09 04:20:41.330] [info] [parquet_gpu_ingestible.cpp:250] [coalesce-debug] parquet_batch_coalescer emit #2: 1 slice(s), acc_bytes=536716992, cap=536870912
[2026-07-09 04:20:41.330] [info] [parquet_gpu_ingestible.cpp:250] [coalesce-debug] parquet_batch_coalescer emit #3: 1 slice(s), acc_bytes=536718830, cap=536870912
[2026-07-09 04:20:41.330] [info] [load_balancing_scan_batch_coalescer.cpp:96] [coalesce-debug] load_balancer emit pipeline=0 -> preferred GPU 0
[2026-07-09 04:20:41.348] [info] [load_balancing_scan_batch_coalescer.cpp:96] [coalesce-debug] load_balancer emit pipeline=0 -> preferred GPU 1
[2026-07-09 04:20:41.353] [info] [task_scheduler.cpp:462] [mgpu-audit] pipeline_task dispatched to GPU 0 task_id=99
[2026-07-09 04:20:41.353] [info] [task_scheduler.cpp:464] [locality-audit] dispatch task_id=99 preferred_device=0 actual_gpu=0
[2026-07-09 04:20:41.353] [warning] [downgrade_executor.cpp:335] [downgrade] [GPU:0] downgrade request not satisfied and disk memory space is not configured; data cannot be spilled to disk. Consider configuring a disk memory space to enable spilling.
[2026-07-09 04:20:41.353] [warning] [gpu_pipeline_executor.cpp:250] GPU Pipeline Executor: after downgrade (0 bytes freed), reservation still partial (1551361920/4286337376 bytes) for pipeline 0 task 99 -- proceeding with partial reservation
[2026-07-09 04:20:41.375] [info] [load_balancing_scan_batch_coalescer.cpp:96] [coalesce-debug] load_balancer emit pipeline=0 -> preferred GPU 0
[2026-07-09 04:20:41.378] [info] [task_scheduler.cpp:462] [mgpu-audit] pipeline_task dispatched to GPU 1 task_id=100
[2026-07-09 04:20:41.378] [info] [task_scheduler.cpp:464] [locality-audit] dispatch task_id=100 preferred_device=1 actual_gpu=1
[2026-07-09 04:20:41.378] [warning] [downgrade_executor.cpp:335] [downgrade] [GPU:1] downgrade request not satisfied and disk memory space is not configured; data cannot be spilled to disk. Consider configuring a disk memory space to enable spilling.
[2026-07-09 04:20:41.378] [warning] [gpu_pipeline_executor.cpp:250] GPU Pipeline Executor: after downgrade (0 bytes freed), reservation still partial (1559391872/4293735936 bytes) for pipeline 0 task 100 -- proceeding with partial reservation
[2026-07-09 04:20:41.401] [info] [parquet_gpu_ingestible.cpp:250] [coalesce-debug] parquet_batch_coalescer emit #4: 1 slice(s), acc_bytes=285267347, cap=536870912
[2026-07-09 04:20:41.401] [info] [load_balancing_scan_batch_coalescer.cpp:96] [coalesce-debug] load_balancer emit pipeline=0 -> preferred GPU 1
[2026-07-09 04:20:41.404] [info] [task_scheduler.cpp:462] [mgpu-audit] pipeline_task dispatched to GPU 0 task_id=101
[2026-07-09 04:20:41.404] [info] [task_scheduler.cpp:464] [locality-audit] dispatch task_id=101 preferred_device=0 actual_gpu=0
[2026-07-09 04:20:41.425] [info] [parquet_gpu_ingestible.cpp:250] [coalesce-debug] parquet_batch_coalescer emit #1: 1 slice(s), acc_bytes=536609169, cap=536870912
[2026-07-09 04:20:41.425] [info] [parquet_gpu_ingestible.cpp:250] [coalesce-debug] parquet_batch_coalescer emit #2: 1 slice(s), acc_bytes=535664207, cap=536870912
[2026-07-09 04:20:41.425] [info] [parquet_gpu_ingestible.cpp:250] [coalesce-debug] parquet_batch_coalescer emit #3: 1 slice(s), acc_bytes=535675524, cap=536870912
[2026-07-09 04:20:41.425] [info] [parquet_gpu_ingestible.cpp:250] [coalesce-debug] parquet_batch_coalescer emit #4: 1 slice(s), acc_bytes=536159222, cap=536870912
[2026-07-09 04:20:41.425] [info] [parquet_gpu_ingestible.cpp:250] [coalesce-debug] parquet_batch_coalescer emit #5: 1 slice(s), acc_bytes=536412431, cap=536870912
[2026-07-09 04:20:41.425] [info] [parquet_gpu_ingestible.cpp:250] [coalesce-debug] parquet_batch_coalescer emit #6: 1 slice(s), acc_bytes=536419661, cap=536870912
[2026-07-09 04:20:41.425] [info] [parquet_gpu_ingestible.cpp:250] [coalesce-debug] parquet_batch_coalescer emit #7: 1 slice(s), acc_bytes=536409541, cap=536870912
[2026-07-09 04:20:41.425] [info] [parquet_gpu_ingestible.cpp:250] [coalesce-debug] parquet_batch_coalescer emit #8: 1 slice(s), acc_bytes=536417697, cap=536870912
[2026-07-09 04:20:41.425] [info] [parquet_gpu_ingestible.cpp:250] [coalesce-debug] parquet_batch_coalescer emit #9: 1 slice(s), acc_bytes=536419365, cap=536870912
[2026-07-09 04:20:41.425] [info] [parquet_gpu_ingestible.cpp:250] [coalesce-debug] parquet_batch_coalescer emit #10: 1 slice(s), acc_bytes=536437654, cap=536870912
[2026-07-09 04:20:41.425] [info] [parquet_gpu_ingestible.cpp:250] [coalesce-debug] parquet_batch_coalescer emit #11: 1 slice(s), acc_bytes=536429738, cap=536870912
[2026-07-09 04:20:41.425] [info] [parquet_gpu_ingestible.cpp:250] [coalesce-debug] parquet_batch_coalescer emit #12: 1 slice(s), acc_bytes=536407763, cap=536870912
[2026-07-09 04:20:41.425] [info] [parquet_gpu_ingestible.cpp:250] [coalesce-debug] parquet_batch_coalescer emit #13: 1 slice(s), acc_bytes=536414314, cap=536870912
[2026-07-09 04:20:41.425] [info] [parquet_gpu_ingestible.cpp:250] [coalesce-debug] parquet_batch_coalescer emit #14: 1 slice(s), acc_bytes=536428111, cap=536870912
[2026-07-09 04:20:41.425] [info] [parquet_gpu_ingestible.cpp:250] [coalesce-debug] parquet_batch_coalescer emit #15: 1 slice(s), acc_bytes=536428475, cap=536870912
[2026-07-09 04:20:41.425] [info] [parquet_gpu_ingestible.cpp:250] [coalesce-debug] parquet_batch_coalescer emit #16: 1 slice(s), acc_bytes=536420446, cap=536870912
[2026-07-09 04:20:41.425] [info] [parquet_gpu_ingestible.cpp:250] [coalesce-debug] parquet_batch_coalescer emit #17: 1 slice(s), acc_bytes=536413144, cap=536870912
[2026-07-09 04:20:41.425] [info] [parquet_gpu_ingestible.cpp:250] [coalesce-debug] parquet_batch_coalescer emit #18: 1 slice(s), acc_bytes=536425354, cap=536870912
[2026-07-09 04:20:41.425] [info] [load_balancing_scan_batch_coalescer.cpp:96] [coalesce-debug] load_balancer emit pipeline=5 -> preferred GPU 0
[2026-07-09 04:20:41.427] [info] [task_scheduler.cpp:462] [mgpu-audit] pipeline_task dispatched to GPU 1 task_id=102
[2026-07-09 04:20:41.427] [info] [task_scheduler.cpp:464] [locality-audit] dispatch task_id=102 preferred_device=1 actual_gpu=1
[2026-07-09 04:20:41.565] [info] [load_balancing_scan_batch_coalescer.cpp:96] [coalesce-debug] load_balancer emit pipeline=5 -> preferred GPU 1
[2026-07-09 04:20:41.605] [info] [parquet_gpu_ingestible.cpp:718] [fixed-page-cache] auto_cache_skip reason=non_fixed_width_column column_index=1 type_id=23
[2026-07-09 04:20:41.605] [info] [gpu_pipeline_task.cpp:321] [stage-audit] pipeline_id=0 task_id=100 operator_id=25 operator_name=GPU_SCAN stage_kind=SCAN operator_type=94 input_type=GPU_SCAN output_type=PIPELINEABLE actual_gpu=1 pipeline_operator_count=2 input_batches=0 input_rows=0 input_columns=0 input_bytes=0 output_batches=1 output_rows=1626175 output_columns=2 output_bytes=33578536 byte_ratio=0.000000 row_ratio=0.000000 duration_us=222196
[2026-07-09 04:20:41.605] [info] [gpu_pipeline_task.cpp:321] [stage-audit] pipeline_id=0 task_id=100 operator_id=19 operator_name=LEFT_DELIM_JOIN stage_kind=JOIN operator_type=37 input_type=PIPELINEABLE output_type=PIPELINEABLE actual_gpu=1 pipeline_operator_count=2 input_batches=1 input_rows=1626175 input_columns=2 input_bytes=33578536 output_batches=1 output_rows=1626175 output_columns=2 output_bytes=33578536 byte_ratio=1.000000 row_ratio=1.000000 duration_us=2
[2026-07-09 04:20:41.605] [warning] [gpu_pipeline_task.cpp:67] gpu_pipeline_task: operator 'LEFT_DELIM_JOIN' (id=19) output batch 0 column count mismatch: got 2, expected 1
[2026-07-09 04:20:41.606] [info] [parquet_gpu_ingestible.cpp:718] [fixed-page-cache] auto_cache_skip reason=non_fixed_width_column column_index=1 type_id=23
[2026-07-09 04:20:41.606] [info] [gpu_pipeline_task.cpp:321] [stage-audit] pipeline_id=0 task_id=99 operator_id=25 operator_name=GPU_SCAN stage_kind=SCAN operator_type=94 input_type=GPU_SCAN output_type=PIPELINEABLE actual_gpu=0 pipeline_operator_count=2 input_batches=0 input_rows=0 input_columns=0 input_bytes=0 output_batches=1 output_rows=1623613 output_columns=2 output_bytes=33529092 byte_ratio=0.000000 row_ratio=0.000000 duration_us=247876
[2026-07-09 04:20:41.606] [info] [gpu_pipeline_task.cpp:321] [stage-audit] pipeline_id=0 task_id=99 operator_id=19 operator_name=LEFT_DELIM_JOIN stage_kind=JOIN operator_type=37 input_type=PIPELINEABLE output_type=PIPELINEABLE actual_gpu=0 pipeline_operator_count=2 input_batches=1 input_rows=1623613 input_columns=2 input_bytes=33529092 output_batches=1 output_rows=1623613 output_columns=2 output_bytes=33529092 byte_ratio=1.000000 row_ratio=1.000000 duration_us=2
[2026-07-09 04:20:41.606] [warning] [gpu_pipeline_task.cpp:67] gpu_pipeline_task: operator 'LEFT_DELIM_JOIN' (id=19) output batch 0 column count mismatch: got 2, expected 1
[2026-07-09 04:20:41.608] [warning] [downgrade_executor.cpp:335] [downgrade] [GPU:1] downgrade request not satisfied and disk memory space is not configured; data cannot be spilled to disk. Consider configuring a disk memory space to enable spilling.
[2026-07-09 04:20:41.608] [warning] [gpu_pipeline_executor.cpp:250] GPU Pipeline Executor: after downgrade (46791264 bytes freed), reservation still partial (1559391872/2282138776 bytes) for pipeline 0 task 102 -- proceeding with partial reservation
[2026-07-09 04:20:41.611] [warning] [downgrade_executor.cpp:335] [downgrade] [GPU:0] downgrade request not satisfied and disk memory space is not configured; data cannot be spilled to disk. Consider configuring a disk memory space to enable spilling.
[2026-07-09 04:20:41.611] [warning] [gpu_pipeline_executor.cpp:250] GPU Pipeline Executor: after downgrade (46721004 bytes freed), reservation still partial (1551361920/4293750640 bytes) for pipeline 0 task 101 -- proceeding with partial reservation
[2026-07-09 04:20:41.717] [info] [load_balancing_scan_batch_coalescer.cpp:96] [coalesce-debug] load_balancer emit pipeline=5 -> preferred GPU 0
[2026-07-09 04:20:41.805] [info] [parquet_gpu_ingestible.cpp:718] [fixed-page-cache] auto_cache_skip reason=non_fixed_width_column column_index=1 type_id=23
[2026-07-09 04:20:41.805] [info] [gpu_pipeline_task.cpp:321] [stage-audit] pipeline_id=0 task_id=102 operator_id=25 operator_name=GPU_SCAN stage_kind=SCAN operator_type=94 input_type=GPU_SCAN output_type=PIPELINEABLE actual_gpu=1 pipeline_operator_count=2 input_batches=0 input_rows=0 input_columns=0 input_bytes=0 output_batches=1 output_rows=863786 output_columns=2 output_bytes=17840398 byte_ratio=0.000000 row_ratio=0.000000 duration_us=189308
[2026-07-09 04:20:41.805] [info] [gpu_pipeline_task.cpp:321] [stage-audit] pipeline_id=0 task_id=102 operator_id=19 operator_name=LEFT_DELIM_JOIN stage_kind=JOIN operator_type=37 input_type=PIPELINEABLE output_type=PIPELINEABLE actual_gpu=1 pipeline_operator_count=2 input_batches=1 input_rows=863786 input_columns=2 input_bytes=17840398 output_batches=1 output_rows=863786 output_columns=2 output_bytes=17840398 byte_ratio=1.000000 row_ratio=1.000000 duration_us=2
[2026-07-09 04:20:41.805] [warning] [gpu_pipeline_task.cpp:67] gpu_pipeline_task: operator 'LEFT_DELIM_JOIN' (id=19) output batch 0 column count mismatch: got 2, expected 1
[2026-07-09 04:20:41.812] [info] [parquet_gpu_ingestible.cpp:718] [fixed-page-cache] auto_cache_skip reason=non_fixed_width_column column_index=1 type_id=23
[2026-07-09 04:20:41.812] [info] [gpu_pipeline_task.cpp:321] [stage-audit] pipeline_id=0 task_id=101 operator_id=25 operator_name=GPU_SCAN stage_kind=SCAN operator_type=94 input_type=GPU_SCAN output_type=PIPELINEABLE actual_gpu=0 pipeline_operator_count=2 input_batches=0 input_rows=0 input_columns=0 input_bytes=0 output_batches=1 output_rows=1625127 output_columns=2 output_bytes=33562932 byte_ratio=0.000000 row_ratio=0.000000 duration_us=192583
[2026-07-09 04:20:41.812] [info] [gpu_pipeline_task.cpp:321] [stage-audit] pipeline_id=0 task_id=101 operator_id=19 operator_name=LEFT_DELIM_JOIN stage_kind=JOIN operator_type=37 input_type=PIPELINEABLE output_type=PIPELINEABLE actual_gpu=0 pipeline_operator_count=2 input_batches=1 input_rows=1625127 input_columns=2 input_bytes=33562932 output_batches=1 output_rows=1625127 output_columns=2 output_bytes=33562932 byte_ratio=1.000000 row_ratio=1.000000 duration_us=2
[2026-07-09 04:20:41.812] [warning] [gpu_pipeline_task.cpp:67] gpu_pipeline_task: operator 'LEFT_DELIM_JOIN' (id=19) output batch 0 column count mismatch: got 2, expected 1
[2026-07-09 04:20:41.814] [info] [task_creator.cpp:363] [locality-audit] task_create operator_id=26 input_bytes=13212728 local_bytes=0 gpu_source_bytes=0 host_source_bytes=13212728 disk_source_bytes=0 gpu_sources=0 host_sources=1 preferred_device=0
[2026-07-09 04:20:41.814] [info] [task_scheduler.cpp:462] [mgpu-audit] pipeline_task dispatched to GPU 0 task_id=103
[2026-07-09 04:20:41.814] [info] [task_scheduler.cpp:464] [locality-audit] dispatch task_id=103 preferred_device=0 actual_gpu=0
[2026-07-09 04:20:41.814] [info] [task_creator.cpp:363] [locality-audit] task_create operator_id=26 input_bytes=13191912 local_bytes=0 gpu_source_bytes=0 host_source_bytes=13191912 disk_source_bytes=0 gpu_sources=0 host_sources=1 preferred_device=1
[2026-07-09 04:20:41.814] [info] [task_scheduler.cpp:462] [mgpu-audit] pipeline_task dispatched to GPU 1 task_id=104
[2026-07-09 04:20:41.814] [info] [task_scheduler.cpp:464] [locality-audit] dispatch task_id=104 preferred_device=1 actual_gpu=1
[2026-07-09 04:20:41.814] [info] [gpu_pipeline_task.cpp:188] [locality-audit] prepare_before pipeline_id=1 task_id=103 preferred_device=0 actual_gpu=0 target_tier=GPU target_device=0 input_bytes=13212728 local_bytes=0 remote_gpu_bytes=0 host_bytes=13212728 disk_bytes=0 batch_count=1
[2026-07-09 04:20:41.814] [info] [task_creator.cpp:363] [locality-audit] task_create operator_id=26 input_bytes=7018320 local_bytes=7018320 gpu_source_bytes=7018320 host_source_bytes=0 disk_source_bytes=0 gpu_sources=1 host_sources=0 preferred_device=1
[2026-07-09 04:20:41.814] [info] [task_creator.cpp:363] [locality-audit] task_create operator_id=26 input_bytes=13204216 local_bytes=13204216 gpu_source_bytes=13204216 host_source_bytes=0 disk_source_bytes=0 gpu_sources=1 host_sources=0 preferred_device=0
[2026-07-09 04:20:41.814] [info] [task_scheduler.cpp:462] [mgpu-audit] pipeline_task dispatched to GPU 1 task_id=105
[2026-07-09 04:20:41.814] [info] [task_scheduler.cpp:464] [locality-audit] dispatch task_id=105 preferred_device=1 actual_gpu=1
[2026-07-09 04:20:41.814] [info] [task_scheduler.cpp:462] [mgpu-audit] pipeline_task dispatched to GPU 0 task_id=106
[2026-07-09 04:20:41.814] [info] [task_scheduler.cpp:464] [locality-audit] dispatch task_id=106 preferred_device=0 actual_gpu=0
[2026-07-09 04:20:41.814] [info] [gpu_pipeline_task.cpp:188] [locality-audit] prepare_before pipeline_id=1 task_id=106 preferred_device=0 actual_gpu=0 target_tier=GPU target_device=0 input_bytes=13204216 local_bytes=13204216 remote_gpu_bytes=0 host_bytes=0 disk_bytes=0 batch_count=1
[2026-07-09 04:20:41.814] [info] [gpu_pipeline_task.cpp:188] [locality-audit] prepare_before pipeline_id=1 task_id=104 preferred_device=1 actual_gpu=1 target_tier=GPU target_device=1 input_bytes=13191912 local_bytes=0 remote_gpu_bytes=0 host_bytes=13191912 disk_bytes=0 batch_count=1
[2026-07-09 04:20:41.814] [info] [gpu_pipeline_task.cpp:188] [locality-audit] prepare_after pipeline_id=1 task_id=106 preferred_device=0 actual_gpu=0 target_tier=GPU target_device=0 input_bytes=13204216 local_bytes=13204216 remote_gpu_bytes=0 host_bytes=0 disk_bytes=0 batch_count=1
[2026-07-09 04:20:41.814] [info] [gpu_pipeline_task.cpp:188] [locality-audit] prepare_before pipeline_id=1 task_id=105 preferred_device=1 actual_gpu=1 target_tier=GPU target_device=1 input_bytes=7018320 local_bytes=7018320 remote_gpu_bytes=0 host_bytes=0 disk_bytes=0 batch_count=1
[2026-07-09 04:20:41.814] [info] [gpu_pipeline_task.cpp:188] [locality-audit] prepare_after pipeline_id=1 task_id=105 preferred_device=1 actual_gpu=1 target_tier=GPU target_device=1 input_bytes=7018320 local_bytes=7018320 remote_gpu_bytes=0 host_bytes=0 disk_bytes=0 batch_count=1
[2026-07-09 04:20:41.814] [info] [gpu_pipeline_task.cpp:321] [stage-audit] pipeline_id=1 task_id=106 operator_id=26 operator_name=PARTITION stage_kind=PARTITION operator_type=82 input_type=PIPELINEABLE output_type=PIPELINEABLE actual_gpu=0 pipeline_operator_count=1 input_batches=1 input_rows=1625127 input_columns=1 input_bytes=13204216 output_batches=2 output_rows=1625127 output_columns=2 output_bytes=13001016 byte_ratio=0.984611 row_ratio=1.000000 duration_us=436
[2026-07-09 04:20:41.814] [info] [gpu_pipeline_task.cpp:188] [locality-audit] prepare_after pipeline_id=1 task_id=103 preferred_device=0 actual_gpu=0 target_tier=GPU target_device=0 input_bytes=13212728 local_bytes=13212728 remote_gpu_bytes=0 host_bytes=0 disk_bytes=0 batch_count=1
[2026-07-09 04:20:41.814] [info] [gpu_pipeline_task.cpp:188] [locality-audit] prepare_after pipeline_id=1 task_id=104 preferred_device=1 actual_gpu=1 target_tier=GPU target_device=1 input_bytes=13191912 local_bytes=13191912 remote_gpu_bytes=0 host_bytes=0 disk_bytes=0 batch_count=1
[2026-07-09 04:20:41.815] [info] [gpu_pipeline_task.cpp:321] [stage-audit] pipeline_id=1 task_id=105 operator_id=26 operator_name=PARTITION stage_kind=PARTITION operator_type=82 input_type=PIPELINEABLE output_type=PIPELINEABLE actual_gpu=1 pipeline_operator_count=1 input_batches=1 input_rows=863786 input_columns=1 input_bytes=7018320 output_batches=2 output_rows=863786 output_columns=2 output_bytes=6910288 byte_ratio=0.984607 row_ratio=1.000000 duration_us=957
[2026-07-09 04:20:41.815] [info] [gpu_pipeline_task.cpp:321] [stage-audit] pipeline_id=1 task_id=104 operator_id=26 operator_name=PARTITION stage_kind=PARTITION operator_type=82 input_type=PIPELINEABLE output_type=PIPELINEABLE actual_gpu=1 pipeline_operator_count=1 input_batches=1 input_rows=1623613 input_columns=1 input_bytes=13191912 output_batches=2 output_rows=1623613 output_columns=2 output_bytes=12988904 byte_ratio=0.984611 row_ratio=1.000000 duration_us=514
[2026-07-09 04:20:41.815] [info] [gpu_pipeline_task.cpp:321] [stage-audit] pipeline_id=1 task_id=103 operator_id=26 operator_name=PARTITION stage_kind=PARTITION operator_type=82 input_type=PIPELINEABLE output_type=PIPELINEABLE actual_gpu=0 pipeline_operator_count=1 input_batches=1 input_rows=1626175 input_columns=1 input_bytes=13212728 output_batches=2 output_rows=1626175 output_columns=2 output_bytes=13009400 byte_ratio=0.984611 row_ratio=1.000000 duration_us=773
[2026-07-09 04:20:41.815] [info] [task_scheduler.cpp:462] [mgpu-audit] pipeline_task dispatched to GPU 0 task_id=107
[2026-07-09 04:20:41.815] [info] [task_scheduler.cpp:464] [locality-audit] dispatch task_id=107 preferred_device=0 actual_gpu=0
[2026-07-09 04:20:41.815] [info] [task_scheduler.cpp:462] [mgpu-audit] pipeline_task dispatched to GPU 1 task_id=108
[2026-07-09 04:20:41.815] [info] [task_scheduler.cpp:464] [locality-audit] dispatch task_id=108 preferred_device=1 actual_gpu=1
[2026-07-09 04:20:41.815] [info] [gpu_pipeline_task.cpp:188] [locality-audit] prepare_before pipeline_id=2 task_id=107 preferred_device=0 actual_gpu=0 target_tier=GPU target_device=0 input_bytes=22959816 local_bytes=13012752 remote_gpu_bytes=9947064 host_bytes=0 disk_bytes=0 batch_count=4
[2026-07-09 04:20:41.815] [info] [gpu_pipeline_task.cpp:188] [locality-audit] prepare_before pipeline_id=2 task_id=108 preferred_device=1 actual_gpu=1 target_tier=GPU target_device=1 input_bytes=22949792 local_bytes=9952128 remote_gpu_bytes=12997664 host_bytes=0 disk_bytes=0 batch_count=4
[2026-07-09 04:20:41.816] [info] [gpu_pipeline_task.cpp:188] [locality-audit] prepare_after pipeline_id=2 task_id=107 preferred_device=0 actual_gpu=0 target_tier=GPU target_device=0 input_bytes=22959816 local_bytes=22959816 remote_gpu_bytes=0 host_bytes=0 disk_bytes=0 batch_count=4
[2026-07-09 04:20:41.817] [info] [gpu_pipeline_task.cpp:188] [locality-audit] prepare_after pipeline_id=2 task_id=108 preferred_device=1 actual_gpu=1 target_tier=GPU target_device=1 input_bytes=22949792 local_bytes=22949792 remote_gpu_bytes=0 host_bytes=0 disk_bytes=0 batch_count=4
[2026-07-09 04:20:41.819] [info] [gpu_pipeline_task.cpp:321] [stage-audit] pipeline_id=2 task_id=107 operator_id=27 operator_name=MERGE_GROUP_BY stage_kind=AGGREGATE operator_type=85 input_type=PARTITIONED output_type=PIPELINEABLE actual_gpu=0 pipeline_operator_count=1 input_batches=4 input_rows=2869977 input_columns=4 input_bytes=22959816 output_batches=1 output_rows=2869977 output_columns=1 output_bytes=22959816 byte_ratio=1.000000 row_ratio=1.000000 duration_us=3175
[2026-07-09 04:20:41.820] [info] [gpu_pipeline_task.cpp:321] [stage-audit] pipeline_id=2 task_id=108 operator_id=27 operator_name=MERGE_GROUP_BY stage_kind=AGGREGATE operator_type=85 input_type=PARTITIONED output_type=PIPELINEABLE actual_gpu=1 pipeline_operator_count=1 input_batches=4 input_rows=2868724 input_columns=4 input_bytes=22949792 output_batches=1 output_rows=2868724 output_columns=1 output_bytes=22949792 byte_ratio=1.000000 row_ratio=1.000000 duration_us=3158
[2026-07-09 04:20:41.820] [info] [task_creator.cpp:363] [locality-audit] task_create operator_id=29 input_bytes=22959816 local_bytes=22959816 gpu_source_bytes=22959816 host_source_bytes=0 disk_source_bytes=0 gpu_sources=1 host_sources=0 preferred_device=0
[2026-07-09 04:20:41.820] [info] [task_creator.cpp:363] [locality-audit] task_create operator_id=29 input_bytes=22949792 local_bytes=22949792 gpu_source_bytes=22949792 host_source_bytes=0 disk_source_bytes=0 gpu_sources=1 host_sources=0 preferred_device=1
[2026-07-09 04:20:41.820] [info] [task_scheduler.cpp:462] [mgpu-audit] pipeline_task dispatched to GPU 0 task_id=109
[2026-07-09 04:20:41.820] [info] [task_scheduler.cpp:464] [locality-audit] dispatch task_id=109 preferred_device=0 actual_gpu=0
[2026-07-09 04:20:41.820] [info] [task_scheduler.cpp:462] [mgpu-audit] pipeline_task dispatched to GPU 1 task_id=110
[2026-07-09 04:20:41.820] [info] [task_scheduler.cpp:464] [locality-audit] dispatch task_id=110 preferred_device=1 actual_gpu=1
[2026-07-09 04:20:41.820] [info] [gpu_pipeline_task.cpp:188] [locality-audit] prepare_before pipeline_id=3 task_id=109 preferred_device=0 actual_gpu=0 target_tier=GPU target_device=0 input_bytes=22959816 local_bytes=22959816 remote_gpu_bytes=0 host_bytes=0 disk_bytes=0 batch_count=1
[2026-07-09 04:20:41.820] [info] [gpu_pipeline_task.cpp:188] [locality-audit] prepare_after pipeline_id=3 task_id=109 preferred_device=0 actual_gpu=0 target_tier=GPU target_device=0 input_bytes=22959816 local_bytes=22959816 remote_gpu_bytes=0 host_bytes=0 disk_bytes=0 batch_count=1
[2026-07-09 04:20:41.820] [info] [gpu_pipeline_task.cpp:188] [locality-audit] prepare_before pipeline_id=3 task_id=110 preferred_device=1 actual_gpu=1 target_tier=GPU target_device=1 input_bytes=22949792 local_bytes=22949792 remote_gpu_bytes=0 host_bytes=0 disk_bytes=0 batch_count=1
[2026-07-09 04:20:41.820] [info] [gpu_pipeline_task.cpp:188] [locality-audit] prepare_after pipeline_id=3 task_id=110 preferred_device=1 actual_gpu=1 target_tier=GPU target_device=1 input_bytes=22949792 local_bytes=22949792 remote_gpu_bytes=0 host_bytes=0 disk_bytes=0 batch_count=1
[2026-07-09 04:20:41.820] [info] [gpu_pipeline_task.cpp:321] [stage-audit] pipeline_id=3 task_id=109 operator_id=29 operator_name=PARTITION stage_kind=PARTITION operator_type=82 input_type=PIPELINEABLE output_type=PIPELINEABLE actual_gpu=0 pipeline_operator_count=1 input_batches=1 input_rows=2869977 input_columns=1 input_bytes=22959816 output_batches=2 output_rows=2869977 output_columns=2 output_bytes=22959816 byte_ratio=1.000000 row_ratio=1.000000 duration_us=399
[2026-07-09 04:20:41.820] [info] [gpu_pipeline_task.cpp:321] [stage-audit] pipeline_id=3 task_id=110 operator_id=29 operator_name=PARTITION stage_kind=PARTITION operator_type=82 input_type=PIPELINEABLE output_type=PIPELINEABLE actual_gpu=1 pipeline_operator_count=1 input_batches=1 input_rows=2868724 input_columns=1 input_bytes=22949792 output_batches=2 output_rows=2868724 output_columns=2 output_bytes=22949792 byte_ratio=1.000000 row_ratio=1.000000 duration_us=446
[2026-07-09 04:20:41.820] [info] [task_scheduler.cpp:462] [mgpu-audit] pipeline_task dispatched to GPU 0 task_id=111
[2026-07-09 04:20:41.820] [info] [task_scheduler.cpp:464] [locality-audit] dispatch task_id=111 preferred_device=0 actual_gpu=0
[2026-07-09 04:20:41.820] [info] [task_scheduler.cpp:462] [mgpu-audit] pipeline_task dispatched to GPU 1 task_id=112
[2026-07-09 04:20:41.820] [info] [task_scheduler.cpp:464] [locality-audit] dispatch task_id=112 preferred_device=1 actual_gpu=1
[2026-07-09 04:20:41.820] [info] [gpu_pipeline_task.cpp:188] [locality-audit] prepare_before pipeline_id=4 task_id=111 preferred_device=0 actual_gpu=0 target_tier=GPU target_device=0 input_bytes=22959816 local_bytes=22959816 remote_gpu_bytes=0 host_bytes=0 disk_bytes=0 batch_count=2
[2026-07-09 04:20:41.820] [info] [gpu_pipeline_task.cpp:188] [locality-audit] prepare_before pipeline_id=4 task_id=112 preferred_device=1 actual_gpu=1 target_tier=GPU target_device=1 input_bytes=22949792 local_bytes=22949792 remote_gpu_bytes=0 host_bytes=0 disk_bytes=0 batch_count=2
[2026-07-09 04:20:41.820] [info] [gpu_pipeline_task.cpp:188] [locality-audit] prepare_after pipeline_id=4 task_id=111 preferred_device=0 actual_gpu=0 target_tier=GPU target_device=0 input_bytes=22959816 local_bytes=22959816 remote_gpu_bytes=0 host_bytes=0 disk_bytes=0 batch_count=2
[2026-07-09 04:20:41.820] [info] [gpu_pipeline_task.cpp:188] [locality-audit] prepare_after pipeline_id=4 task_id=112 preferred_device=1 actual_gpu=1 target_tier=GPU target_device=1 input_bytes=22949792 local_bytes=22949792 remote_gpu_bytes=0 host_bytes=0 disk_bytes=0 batch_count=2
[2026-07-09 04:20:41.821] [info] [gpu_pipeline_task.cpp:321] [stage-audit] pipeline_id=4 task_id=112 operator_id=28 operator_name=CONCAT stage_kind=CONCAT operator_type=83 input_type=PARTITIONED output_type=PARTITIONED actual_gpu=1 pipeline_operator_count=1 input_batches=2 input_rows=2868724 input_columns=2 input_bytes=22949792 output_batches=1 output_rows=2868724 output_columns=1 output_bytes=22949792 byte_ratio=1.000000 row_ratio=1.000000 duration_us=536
[2026-07-09 04:20:41.821] [info] [gpu_pipeline_task.cpp:321] [stage-audit] pipeline_id=4 task_id=111 operator_id=28 operator_name=CONCAT stage_kind=CONCAT operator_type=83 input_type=PARTITIONED output_type=PARTITIONED actual_gpu=0 pipeline_operator_count=1 input_batches=2 input_rows=2869977 input_columns=2 input_bytes=22959816 output_batches=1 output_rows=2869977 output_columns=1 output_bytes=22959816 byte_ratio=1.000000 row_ratio=1.000000 duration_us=556
[2026-07-09 04:20:41.860] [info] [task_scheduler.cpp:462] [mgpu-audit] pipeline_task dispatched to GPU 0 task_id=113
[2026-07-09 04:20:41.860] [info] [task_scheduler.cpp:464] [locality-audit] dispatch task_id=113 preferred_device=0 actual_gpu=0
[2026-07-09 04:20:41.863] [warning] [downgrade_executor.cpp:335] [downgrade] [GPU:0] downgrade request not satisfied and disk memory space is not configured; data cannot be spilled to disk. Consider configuring a disk memory space to enable spilling.
[2026-07-09 04:20:41.863] [warning] [gpu_pipeline_executor.cpp:250] GPU Pipeline Executor: after downgrade (56522748 bytes freed), reservation still partial (1551361920/4292873352 bytes) for pipeline 5 task 113 -- proceeding with partial reservation
[2026-07-09 04:20:41.880] [info] [load_balancing_scan_batch_coalescer.cpp:96] [coalesce-debug] load_balancer emit pipeline=5 -> preferred GPU 1
[2026-07-09 04:20:41.925] [info] [task_scheduler.cpp:462] [mgpu-audit] pipeline_task dispatched to GPU 1 task_id=114
[2026-07-09 04:20:41.925] [info] [task_scheduler.cpp:464] [locality-audit] dispatch task_id=114 preferred_device=1 actual_gpu=1
[2026-07-09 04:20:41.927] [warning] [downgrade_executor.cpp:335] [downgrade] [GPU:1] downgrade request not satisfied and disk memory space is not configured; data cannot be spilled to disk. Consider configuring a disk memory space to enable spilling.
[2026-07-09 04:20:41.927] [warning] [gpu_pipeline_executor.cpp:250] GPU Pipeline Executor: after downgrade (40790190 bytes freed), reservation still partial (1559391872/4285313656 bytes) for pipeline 5 task 114 -- proceeding with partial reservation
[2026-07-09 04:20:42.003] [info] [task_scheduler.cpp:462] [mgpu-audit] pipeline_task dispatched to GPU 0 task_id=115
[2026-07-09 04:20:42.003] [info] [task_scheduler.cpp:464] [locality-audit] dispatch task_id=115 preferred_device=0 actual_gpu=0
[2026-07-09 04:20:42.026] [info] [load_balancing_scan_batch_coalescer.cpp:96] [coalesce-debug] load_balancer emit pipeline=5 -> preferred GPU 0
[2026-07-09 04:20:42.052] [info] [task_scheduler.cpp:462] [mgpu-audit] pipeline_task dispatched to GPU 1 task_id=116
[2026-07-09 04:20:42.052] [info] [task_scheduler.cpp:464] [locality-audit] dispatch task_id=116 preferred_device=1 actual_gpu=1
[2026-07-09 04:20:42.135] [info] [sirius_scan_manager.cpp:1014] [fixed-page-cache] page_budget applied scope=global device=0 policy=score budget_bytes_per_gpu=4294967296 evicted_pages=32 evicted_bytes=524127096 resident_bytes_after=4293580424 min_score=440 max_score=440
[2026-07-09 04:20:42.135] [info] [sirius_scan_manager.cpp:1513] [fixed-page-cache] page_directory appended table='__wdy_auto_fixed_page:/mnt/nvme/dataset/lineitem.parquet;' fixed_cols=3 pages=619 resident_pages=525 resident_bytes=8580355752 stats_pages=619 evicted_pages=94 eviction_count=32 directory_entries=619 page_bytes=16777216 rows=632807949 owned_pages=1
[2026-07-09 04:20:42.135] [info] [parquet_gpu_ingestible.cpp:756] [fixed-page-cache] auto_cache_populate table='__wdy_auto_fixed_page:/mnt/nvme/dataset/lineitem.parquet;' rows=32770047 columns=3
[2026-07-09 04:20:42.135] [info] [gpu_pipeline_task.cpp:321] [stage-audit] pipeline_id=5 task_id=113 operator_id=30 operator_name=GPU_SCAN stage_kind=SCAN operator_type=94 input_type=GPU_SCAN output_type=PIPELINEABLE actual_gpu=0 pipeline_operator_count=3 input_batches=0 input_rows=0 input_columns=0 input_bytes=0 output_batches=1 output_rows=32770047 output_columns=3 output_bytes=536609520 byte_ratio=0.000000 row_ratio=0.000000 duration_us=233318
[2026-07-09 04:20:42.135] [info] [gpu_pipeline_task.cpp:321] [stage-audit] pipeline_id=5 task_id=113 operator_id=31 operator_name=DYNAMIC_FILTER stage_kind=OTHER operator_type=95 input_type=PIPELINEABLE output_type=PIPELINEABLE actual_gpu=0 pipeline_operator_count=3 input_batches=1 input_rows=32770047 input_columns=3 input_bytes=536609520 output_batches=1 output_rows=32770047 output_columns=3 output_bytes=536609520 byte_ratio=1.000000 row_ratio=1.000000 duration_us=2
[2026-07-09 04:20:42.137] [info] [gpu_pipeline_task.cpp:321] [stage-audit] pipeline_id=5 task_id=113 operator_id=14 operator_name=FILTER stage_kind=FILTER operator_type=12 input_type=PIPELINEABLE output_type=PIPELINEABLE actual_gpu=0 pipeline_operator_count=3 input_batches=1 input_rows=32770047 input_columns=3 input_bytes=536609520 output_batches=1 output_rows=20720142 output_columns=1 output_bytes=168351216 byte_ratio=0.313731 row_ratio=0.632289 duration_us=2009
[2026-07-09 04:20:42.145] [warning] [downgrade_executor.cpp:335] [downgrade] [GPU:0] downgrade request not satisfied and disk memory space is not configured; data cannot be spilled to disk. Consider configuring a disk memory space to enable spilling.
[2026-07-09 04:20:42.145] [warning] [gpu_pipeline_executor.cpp:250] GPU Pipeline Executor: after downgrade (168351216 bytes freed), reservation still partial (1547069568/4285404192 bytes) for pipeline 5 task 115 -- proceeding with partial reservation
[2026-07-09 04:20:42.207] [info] [sirius_scan_manager.cpp:1014] [fixed-page-cache] page_budget applied scope=global device=1 policy=score budget_bytes_per_gpu=4294967296 evicted_pages=32 evicted_bytes=524007376 resident_bytes_after=4286165360 min_score=440 max_score=440
[2026-07-09 04:20:42.208] [info] [sirius_scan_manager.cpp:1513] [fixed-page-cache] page_directory appended table='__wdy_auto_fixed_page:/mnt/nvme/dataset/lineitem.parquet;' fixed_cols=3 pages=651 resident_pages=525 resident_bytes=8579745784 stats_pages=651 evicted_pages=126 eviction_count=32 directory_entries=651 page_bytes=16777216 rows=665520287 owned_pages=1
[2026-07-09 04:20:42.208] [info] [parquet_gpu_ingestible.cpp:756] [fixed-page-cache] auto_cache_populate table='__wdy_auto_fixed_page:/mnt/nvme/dataset/lineitem.parquet;' rows=32712338 columns=3
[2026-07-09 04:20:42.208] [info] [gpu_pipeline_task.cpp:321] [stage-audit] pipeline_id=5 task_id=114 operator_id=30 operator_name=GPU_SCAN stage_kind=SCAN operator_type=94 input_type=GPU_SCAN output_type=PIPELINEABLE actual_gpu=1 pipeline_operator_count=3 input_batches=0 input_rows=0 input_columns=0 input_bytes=0 output_batches=1 output_rows=32712338 output_columns=3 output_bytes=535664672 byte_ratio=0.000000 row_ratio=0.000000 duration_us=244876
[2026-07-09 04:20:42.208] [info] [gpu_pipeline_task.cpp:321] [stage-audit] pipeline_id=5 task_id=114 operator_id=31 operator_name=DYNAMIC_FILTER stage_kind=OTHER operator_type=95 input_type=PIPELINEABLE output_type=PIPELINEABLE actual_gpu=1 pipeline_operator_count=3 input_batches=1 input_rows=32712338 input_columns=3 input_bytes=535664672 output_batches=1 output_rows=32712338 output_columns=3 output_bytes=535664672 byte_ratio=1.000000 row_ratio=1.000000 duration_us=2
[2026-07-09 04:20:42.210] [info] [gpu_pipeline_task.cpp:321] [stage-audit] pipeline_id=5 task_id=114 operator_id=14 operator_name=FILTER stage_kind=FILTER operator_type=12 input_type=PIPELINEABLE output_type=PIPELINEABLE actual_gpu=1 pipeline_operator_count=3 input_batches=1 input_rows=32712338 input_columns=3 input_bytes=535664672 output_batches=1 output_rows=20682963 output_columns=1 output_bytes=168049112 byte_ratio=0.313721 row_ratio=0.632268 duration_us=1989
[2026-07-09 04:20:42.214] [info] [load_balancing_scan_batch_coalescer.cpp:96] [coalesce-debug] load_balancer emit pipeline=5 -> preferred GPU 1
[2026-07-09 04:20:42.217] [warning] [downgrade_executor.cpp:335] [downgrade] [GPU:1] downgrade request not satisfied and disk memory space is not configured; data cannot be spilled to disk. Consider configuring a disk memory space to enable spilling.
[2026-07-09 04:20:42.217] [warning] [gpu_pipeline_executor.cpp:250] GPU Pipeline Executor: after downgrade (168049112 bytes freed), reservation still partial (1555922304/4289273776 bytes) for pipeline 5 task 116 -- proceeding with partial reservation
[2026-07-09 04:20:42.232] [info] [task_scheduler.cpp:462] [mgpu-audit] pipeline_task dispatched to GPU 0 task_id=117
[2026-07-09 04:20:42.232] [info] [task_scheduler.cpp:464] [locality-audit] dispatch task_id=117 preferred_device=0 actual_gpu=0
[2026-07-09 04:20:42.395] [info] [load_balancing_scan_batch_coalescer.cpp:96] [coalesce-debug] load_balancer emit pipeline=5 -> preferred GPU 0
[2026-07-09 04:20:42.412] [info] [task_scheduler.cpp:462] [mgpu-audit] pipeline_task dispatched to GPU 1 task_id=118
[2026-07-09 04:20:42.412] [info] [task_scheduler.cpp:464] [locality-audit] dispatch task_id=118 preferred_device=1 actual_gpu=1
[2026-07-09 04:20:42.420] [info] [sirius_scan_manager.cpp:1014] [fixed-page-cache] page_budget applied scope=global device=0 policy=score budget_bytes_per_gpu=4294967296 evicted_pages=32 evicted_bytes=524140360 resident_bytes_after=4292848528 min_score=440 max_score=440
[2026-07-09 04:20:42.420] [info] [sirius_scan_manager.cpp:1513] [fixed-page-cache] page_directory appended table='__wdy_auto_fixed_page:/mnt/nvme/dataset/lineitem.parquet;' fixed_cols=3 pages=683 resident_pages=525 resident_bytes=8579013888 stats_pages=683 evicted_pages=158 eviction_count=32 directory_entries=683 page_bytes=16777216 rows=698233316 owned_pages=1
[2026-07-09 04:20:42.420] [info] [parquet_gpu_ingestible.cpp:756] [fixed-page-cache] auto_cache_populate table='__wdy_auto_fixed_page:/mnt/nvme/dataset/lineitem.parquet;' rows=32713029 columns=3
[2026-07-09 04:20:42.420] [info] [gpu_pipeline_task.cpp:321] [stage-audit] pipeline_id=5 task_id=115 operator_id=30 operator_name=GPU_SCAN stage_kind=SCAN operator_type=94 input_type=GPU_SCAN output_type=PIPELINEABLE actual_gpu=0 pipeline_operator_count=3 input_batches=0 input_rows=0 input_columns=0 input_bytes=0 output_batches=1 output_rows=32713029 output_columns=3 output_bytes=535675920 byte_ratio=0.000000 row_ratio=0.000000 duration_us=235637
[2026-07-09 04:20:42.420] [info] [gpu_pipeline_task.cpp:321] [stage-audit] pipeline_id=5 task_id=115 operator_id=31 operator_name=DYNAMIC_FILTER stage_kind=OTHER operator_type=95 input_type=PIPELINEABLE output_type=PIPELINEABLE actual_gpu=0 pipeline_operator_count=3 input_batches=1 input_rows=32713029 input_columns=3 input_bytes=535675920 output_batches=1 output_rows=32713029 output_columns=3 output_bytes=535675920 byte_ratio=1.000000 row_ratio=1.000000 duration_us=7
[2026-07-09 04:20:42.422] [info] [gpu_pipeline_task.cpp:321] [stage-audit] pipeline_id=5 task_id=115 operator_id=14 operator_name=FILTER stage_kind=FILTER operator_type=12 input_type=PIPELINEABLE output_type=PIPELINEABLE actual_gpu=0 pipeline_operator_count=3 input_batches=1 input_rows=32713029 input_columns=3 input_bytes=535675920 output_batches=1 output_rows=20682621 output_columns=1 output_bytes=168046312 byte_ratio=0.313709 row_ratio=0.632244 duration_us=1768
[2026-07-09 04:20:42.486] [info] [sirius_scan_manager.cpp:1014] [fixed-page-cache] page_budget applied scope=global device=1 policy=score budget_bytes_per_gpu=4294967296 evicted_pages=32 evicted_bytes=524129768 resident_bytes_after=4285916696 min_score=440 max_score=440
[2026-07-09 04:20:42.486] [info] [sirius_scan_manager.cpp:1513] [fixed-page-cache] page_directory appended table='__wdy_auto_fixed_page:/mnt/nvme/dataset/lineitem.parquet;' fixed_cols=3 pages=715 resident_pages=525 resident_bytes=8578765224 stats_pages=715 evicted_pages=190 eviction_count=32 directory_entries=715 page_bytes=16777216 rows=730975885 owned_pages=1
[2026-07-09 04:20:42.486] [info] [parquet_gpu_ingestible.cpp:756] [fixed-page-cache] auto_cache_populate table='__wdy_auto_fixed_page:/mnt/nvme/dataset/lineitem.parquet;' rows=32742569 columns=3
[2026-07-09 04:20:42.486] [info] [gpu_pipeline_task.cpp:321] [stage-audit] pipeline_id=5 task_id=116 operator_id=30 operator_name=GPU_SCAN stage_kind=SCAN operator_type=94 input_type=GPU_SCAN output_type=PIPELINEABLE actual_gpu=1 pipeline_operator_count=3 input_batches=0 input_rows=0 input_columns=0 input_bytes=0 output_batches=1 output_rows=32742569 output_columns=3 output_bytes=536159696 byte_ratio=0.000000 row_ratio=0.000000 duration_us=230219
[2026-07-09 04:20:42.486] [info] [gpu_pipeline_task.cpp:321] [stage-audit] pipeline_id=5 task_id=116 operator_id=31 operator_name=DYNAMIC_FILTER stage_kind=OTHER operator_type=95 input_type=PIPELINEABLE output_type=PIPELINEABLE actual_gpu=1 pipeline_operator_count=3 input_batches=1 input_rows=32742569 input_columns=3 input_bytes=536159696 output_batches=1 output_rows=32742569 output_columns=3 output_bytes=536159696 byte_ratio=1.000000 row_ratio=1.000000 duration_us=2
[2026-07-09 04:20:42.488] [info] [gpu_pipeline_task.cpp:321] [stage-audit] pipeline_id=5 task_id=116 operator_id=14 operator_name=FILTER stage_kind=FILTER operator_type=12 input_type=PIPELINEABLE output_type=PIPELINEABLE actual_gpu=1 pipeline_operator_count=3 input_batches=1 input_rows=32742569 input_columns=3 input_bytes=536159696 output_batches=1 output_rows=20700473 output_columns=1 output_bytes=168191368 byte_ratio=0.313696 row_ratio=0.632219 duration_us=1727
[2026-07-09 04:20:42.579] [info] [load_balancing_scan_batch_coalescer.cpp:96] [coalesce-debug] load_balancer emit pipeline=5 -> preferred GPU 1
[2026-07-09 04:20:42.596] [info] [task_scheduler.cpp:462] [mgpu-audit] pipeline_task dispatched to GPU 0 task_id=119
[2026-07-09 04:20:42.596] [info] [task_scheduler.cpp:464] [locality-audit] dispatch task_id=119 preferred_device=0 actual_gpu=0
[2026-07-09 04:20:42.688] [info] [sirius_scan_manager.cpp:1014] [fixed-page-cache] page_budget applied scope=global device=0 policy=score budget_bytes_per_gpu=4294967296 evicted_pages=32 evicted_bytes=524137272 resident_bytes_after=4292839752 min_score=440 max_score=440
[2026-07-09 04:20:42.689] [info] [sirius_scan_manager.cpp:1513] [fixed-page-cache] page_directory appended table='__wdy_auto_fixed_page:/mnt/nvme/dataset/lineitem.parquet;' fixed_cols=3 pages=747 resident_pages=525 resident_bytes=8578756448 stats_pages=747 evicted_pages=222 eviction_count=32 directory_entries=747 page_bytes=16777216 rows=763733916 owned_pages=1
[2026-07-09 04:20:42.689] [info] [parquet_gpu_ingestible.cpp:756] [fixed-page-cache] auto_cache_populate table='__wdy_auto_fixed_page:/mnt/nvme/dataset/lineitem.parquet;' rows=32758031 columns=3
[2026-07-09 04:20:42.689] [info] [gpu_pipeline_task.cpp:321] [stage-audit] pipeline_id=5 task_id=117 operator_id=30 operator_name=GPU_SCAN stage_kind=SCAN operator_type=94 input_type=GPU_SCAN output_type=PIPELINEABLE actual_gpu=0 pipeline_operator_count=3 input_batches=0 input_rows=0 input_columns=0 input_bytes=0 output_batches=1 output_rows=32758031 output_columns=3 output_bytes=536412848 byte_ratio=0.000000 row_ratio=0.000000 duration_us=229052
[2026-07-09 04:20:42.689] [info] [gpu_pipeline_task.cpp:321] [stage-audit] pipeline_id=5 task_id=117 operator_id=31 operator_name=DYNAMIC_FILTER stage_kind=OTHER operator_type=95 input_type=PIPELINEABLE output_type=PIPELINEABLE actual_gpu=0 pipeline_operator_count=3 input_batches=1 input_rows=32758031 input_columns=3 input_bytes=536412848 output_batches=1 output_rows=32758031 output_columns=3 output_bytes=536412848 byte_ratio=1.000000 row_ratio=1.000000 duration_us=3
[2026-07-09 04:20:42.691] [info] [gpu_pipeline_task.cpp:321] [stage-audit] pipeline_id=5 task_id=117 operator_id=14 operator_name=FILTER stage_kind=FILTER operator_type=12 input_type=PIPELINEABLE output_type=PIPELINEABLE actual_gpu=0 pipeline_operator_count=3 input_batches=1 input_rows=32758031 input_columns=3 input_bytes=536412848 output_batches=1 output_rows=20706674 output_columns=1 output_bytes=168241744 byte_ratio=0.313642 row_ratio=0.632110 duration_us=1795
[2026-07-09 04:20:42.753] [info] [sirius_scan_manager.cpp:1014] [fixed-page-cache] page_budget applied scope=global device=1 policy=score budget_bytes_per_gpu=4294967296 evicted_pages=32 evicted_bytes=524148496 resident_bytes_after=4285903800 min_score=440 max_score=440
[2026-07-09 04:20:42.753] [info] [sirius_scan_manager.cpp:1513] [fixed-page-cache] page_directory appended table='__wdy_auto_fixed_page:/mnt/nvme/dataset/lineitem.parquet;' fixed_cols=3 pages=779 resident_pages=525 resident_bytes=8578743552 stats_pages=779 evicted_pages=254 eviction_count=32 directory_entries=779 page_bytes=16777216 rows=796492391 owned_pages=1
[2026-07-09 04:20:42.753] [info] [parquet_gpu_ingestible.cpp:756] [fixed-page-cache] auto_cache_populate table='__wdy_auto_fixed_page:/mnt/nvme/dataset/lineitem.parquet;' rows=32758475 columns=3
[2026-07-09 04:20:42.753] [info] [gpu_pipeline_task.cpp:321] [stage-audit] pipeline_id=5 task_id=118 operator_id=30 operator_name=GPU_SCAN stage_kind=SCAN operator_type=94 input_type=GPU_SCAN output_type=PIPELINEABLE actual_gpu=1 pipeline_operator_count=3 input_batches=0 input_rows=0 input_columns=0 input_bytes=0 output_batches=1 output_rows=32758475 output_columns=3 output_bytes=536420144 byte_ratio=0.000000 row_ratio=0.000000 duration_us=229168
[2026-07-09 04:20:42.753] [info] [gpu_pipeline_task.cpp:321] [stage-audit] pipeline_id=5 task_id=118 operator_id=31 operator_name=DYNAMIC_FILTER stage_kind=OTHER operator_type=95 input_type=PIPELINEABLE output_type=PIPELINEABLE actual_gpu=1 pipeline_operator_count=3 input_batches=1 input_rows=32758475 input_columns=3 input_bytes=536420144 output_batches=1 output_rows=32758475 output_columns=3 output_bytes=536420144 byte_ratio=1.000000 row_ratio=1.000000 duration_us=3
[2026-07-09 04:20:42.755] [info] [gpu_pipeline_task.cpp:321] [stage-audit] pipeline_id=5 task_id=118 operator_id=14 operator_name=FILTER stage_kind=FILTER operator_type=12 input_type=PIPELINEABLE output_type=PIPELINEABLE actual_gpu=1 pipeline_operator_count=3 input_batches=1 input_rows=32758475 input_columns=3 input_bytes=536420144 output_batches=1 output_rows=20710336 output_columns=1 output_bytes=168271488 byte_ratio=0.313693 row_ratio=0.632213 duration_us=1713
[2026-07-09 04:20:42.776] [info] [load_balancing_scan_batch_coalescer.cpp:96] [coalesce-debug] load_balancer emit pipeline=5 -> preferred GPU 0
[2026-07-09 04:20:42.792] [info] [task_scheduler.cpp:462] [mgpu-audit] pipeline_task dispatched to GPU 1 task_id=120
[2026-07-09 04:20:42.792] [info] [task_scheduler.cpp:464] [locality-audit] dispatch task_id=120 preferred_device=1 actual_gpu=1
[2026-07-09 04:20:42.958] [info] [load_balancing_scan_batch_coalescer.cpp:96] [coalesce-debug] load_balancer emit pipeline=5 -> preferred GPU 1
[2026-07-09 04:20:42.973] [info] [task_scheduler.cpp:462] [mgpu-audit] pipeline_task dispatched to GPU 0 task_id=121
[2026-07-09 04:20:42.973] [info] [task_scheduler.cpp:464] [locality-audit] dispatch task_id=121 preferred_device=0 actual_gpu=0
[2026-07-09 04:20:42.975] [info] [sirius_scan_manager.cpp:1014] [fixed-page-cache] page_budget applied scope=global device=0 policy=score budget_bytes_per_gpu=4294967296 evicted_pages=32 evicted_bytes=530460160 resident_bytes_after=4286505288 min_score=440 max_score=440
[2026-07-09 04:20:42.975] [info] [sirius_scan_manager.cpp:1513] [fixed-page-cache] page_directory appended table='__wdy_auto_fixed_page:/mnt/nvme/dataset/lineitem.parquet;' fixed_cols=3 pages=811 resident_pages=525 resident_bytes=8572409088 stats_pages=811 evicted_pages=286 eviction_count=32 directory_entries=811 page_bytes=16777216 rows=829250247 owned_pages=1
[2026-07-09 04:20:42.975] [info] [parquet_gpu_ingestible.cpp:756] [fixed-page-cache] auto_cache_populate table='__wdy_auto_fixed_page:/mnt/nvme/dataset/lineitem.parquet;' rows=32757856 columns=3
[2026-07-09 04:20:42.975] [info] [gpu_pipeline_task.cpp:321] [stage-audit] pipeline_id=5 task_id=119 operator_id=30 operator_name=GPU_SCAN stage_kind=SCAN operator_type=94 input_type=GPU_SCAN output_type=PIPELINEABLE actual_gpu=0 pipeline_operator_count=3 input_batches=0 input_rows=0 input_columns=0 input_bytes=0 output_batches=1 output_rows=32757856 output_columns=3 output_bytes=536410048 byte_ratio=0.000000 row_ratio=0.000000 duration_us=233952
[2026-07-09 04:20:42.975] [info] [gpu_pipeline_task.cpp:321] [stage-audit] pipeline_id=5 task_id=119 operator_id=31 operator_name=DYNAMIC_FILTER stage_kind=OTHER operator_type=95 input_type=PIPELINEABLE output_type=PIPELINEABLE actual_gpu=0 pipeline_operator_count=3 input_batches=1 input_rows=32757856 input_columns=3 input_bytes=536410048 output_batches=1 output_rows=32757856 output_columns=3 output_bytes=536410048 byte_ratio=1.000000 row_ratio=1.000000 duration_us=10
[2026-07-09 04:20:42.977] [info] [gpu_pipeline_task.cpp:321] [stage-audit] pipeline_id=5 task_id=119 operator_id=14 operator_name=FILTER stage_kind=FILTER operator_type=12 input_type=PIPELINEABLE output_type=PIPELINEABLE actual_gpu=0 pipeline_operator_count=3 input_batches=1 input_rows=32757856 input_columns=3 input_bytes=536410048 output_batches=1 output_rows=20709427 output_columns=1 output_bytes=168264152 byte_ratio=0.313686 row_ratio=0.632197 duration_us=1805
[2026-07-09 04:20:43.046] [info] [sirius_scan_manager.cpp:1014] [fixed-page-cache] page_budget applied scope=global device=1 policy=score budget_bytes_per_gpu=4294967296 evicted_pages=32 evicted_bytes=524138752 resident_bytes_after=4285898696 min_score=440 max_score=440
[2026-07-09 04:20:43.046] [info] [sirius_scan_manager.cpp:1513] [fixed-page-cache] page_directory appended table='__wdy_auto_fixed_page:/mnt/nvme/dataset/lineitem.parquet;' fixed_cols=3 pages=843 resident_pages=525 resident_bytes=8572403984 stats_pages=843 evicted_pages=318 eviction_count=32 directory_entries=843 page_bytes=16777216 rows=862008600 owned_pages=1
[2026-07-09 04:20:43.046] [info] [parquet_gpu_ingestible.cpp:756] [fixed-page-cache] auto_cache_populate table='__wdy_auto_fixed_page:/mnt/nvme/dataset/lineitem.parquet;' rows=32758353 columns=3
[2026-07-09 04:20:43.046] [info] [gpu_pipeline_task.cpp:321] [stage-audit] pipeline_id=5 task_id=120 operator_id=30 operator_name=GPU_SCAN stage_kind=SCAN operator_type=94 input_type=GPU_SCAN output_type=PIPELINEABLE actual_gpu=1 pipeline_operator_count=3 input_batches=0 input_rows=0 input_columns=0 input_bytes=0 output_batches=1 output_rows=32758353 output_columns=3 output_bytes=536418192 byte_ratio=0.000000 row_ratio=0.000000 duration_us=199149
[2026-07-09 04:20:43.046] [info] [gpu_pipeline_task.cpp:321] [stage-audit] pipeline_id=5 task_id=120 operator_id=31 operator_name=DYNAMIC_FILTER stage_kind=OTHER operator_type=95 input_type=PIPELINEABLE output_type=PIPELINEABLE actual_gpu=1 pipeline_operator_count=3 input_batches=1 input_rows=32758353 input_columns=3 input_bytes=536418192 output_batches=1 output_rows=32758353 output_columns=3 output_bytes=536418192 byte_ratio=1.000000 row_ratio=1.000000 duration_us=2
[2026-07-09 04:20:43.049] [info] [gpu_pipeline_task.cpp:321] [stage-audit] pipeline_id=5 task_id=120 operator_id=14 operator_name=FILTER stage_kind=FILTER operator_type=12 input_type=PIPELINEABLE output_type=PIPELINEABLE actual_gpu=1 pipeline_operator_count=3 input_batches=1 input_rows=32758353 input_columns=3 input_bytes=536418192 output_batches=1 output_rows=20709675 output_columns=1 output_bytes=168266136 byte_ratio=0.313685 row_ratio=0.632195 duration_us=2747
[2026-07-09 04:20:43.141] [info] [load_balancing_scan_batch_coalescer.cpp:96] [coalesce-debug] load_balancer emit pipeline=5 -> preferred GPU 0
[2026-07-09 04:20:43.159] [info] [task_scheduler.cpp:462] [mgpu-audit] pipeline_task dispatched to GPU 1 task_id=122
[2026-07-09 04:20:43.159] [info] [task_scheduler.cpp:464] [locality-audit] dispatch task_id=122 preferred_device=1 actual_gpu=1
[2026-07-09 04:20:43.317] [info] [load_balancing_scan_batch_coalescer.cpp:96] [coalesce-debug] load_balancer emit pipeline=5 -> preferred GPU 1
[2026-07-09 04:20:43.493] [info] [load_balancing_scan_batch_coalescer.cpp:96] [coalesce-debug] load_balancer emit pipeline=5 -> preferred GPU 0
[2026-07-09 04:20:43.668] [info] [load_balancing_scan_batch_coalescer.cpp:96] [coalesce-debug] load_balancer emit pipeline=5 -> preferred GPU 1
[2026-07-09 04:20:43.854] [info] [load_balancing_scan_batch_coalescer.cpp:96] [coalesce-debug] load_balancer emit pipeline=5 -> preferred GPU 0
[2026-07-09 04:20:44.039] [info] [load_balancing_scan_batch_coalescer.cpp:96] [coalesce-debug] load_balancer emit pipeline=5 -> preferred GPU 1
[2026-07-09 04:20:44.215] [info] [load_balancing_scan_batch_coalescer.cpp:96] [coalesce-debug] load_balancer emit pipeline=5 -> preferred GPU 0
[2026-07-09 04:20:44.400] [info] [load_balancing_scan_batch_coalescer.cpp:96] [coalesce-debug] load_balancer emit pipeline=5 -> preferred GPU 1
[2026-07-09 04:20:44.590] [info] [parquet_gpu_ingestible.cpp:250] [coalesce-debug] parquet_batch_coalescer emit #19: 1 slice(s), acc_bytes=171622566, cap=536870912
[2026-07-09 04:20:44.590] [info] [load_balancing_scan_batch_coalescer.cpp:96] [coalesce-debug] load_balancer emit pipeline=5 -> preferred GPU 0
[2026-07-09 04:20:44.774] [info] [task_creator.cpp:363] [locality-audit] task_create operator_id=33 input_bytes=168351216 local_bytes=0 gpu_source_bytes=0 host_source_bytes=168351216 disk_source_bytes=0 gpu_sources=0 host_sources=1 preferred_device=0
[2026-07-09 04:20:44.774] [info] [task_scheduler.cpp:462] [mgpu-audit] pipeline_task dispatched to GPU 0 task_id=123
[2026-07-09 04:20:44.774] [info] [task_scheduler.cpp:464] [locality-audit] dispatch task_id=123 preferred_device=0 actual_gpu=0
[2026-07-09 04:20:44.774] [info] [task_scheduler.cpp:462] [mgpu-audit] pipeline_task dispatched to GPU 1 task_id=124
[2026-07-09 04:20:44.774] [info] [task_scheduler.cpp:464] [locality-audit] dispatch task_id=124 preferred_device=1 actual_gpu=1
[2026-07-09 04:20:44.774] [info] [task_scheduler.cpp:462] [mgpu-audit] pipeline_task dispatched to GPU 0 task_id=125
[2026-07-09 04:20:44.774] [info] [task_scheduler.cpp:464] [locality-audit] dispatch task_id=125 preferred_device=0 actual_gpu=0
[2026-07-09 04:20:44.774] [info] [task_scheduler.cpp:462] [mgpu-audit] pipeline_task dispatched to GPU 1 task_id=126
[2026-07-09 04:20:44.774] [info] [task_scheduler.cpp:464] [locality-audit] dispatch task_id=126 preferred_device=1 actual_gpu=1
[2026-07-09 04:20:44.774] [info] [task_creator.cpp:363] [locality-audit] task_create operator_id=33 input_bytes=168049112 local_bytes=0 gpu_source_bytes=0 host_source_bytes=168049112 disk_source_bytes=0 gpu_sources=0 host_sources=1 preferred_device=1
[2026-07-09 04:20:44.774] [info] [task_creator.cpp:363] [locality-audit] task_create operator_id=33 input_bytes=168046312 local_bytes=0 gpu_source_bytes=0 host_source_bytes=168046312 disk_source_bytes=0 gpu_sources=0 host_sources=1 preferred_device=0
[2026-07-09 04:20:44.774] [info] [task_creator.cpp:363] [locality-audit] task_create operator_id=33 input_bytes=168191368 local_bytes=0 gpu_source_bytes=0 host_source_bytes=168191368 disk_source_bytes=0 gpu_sources=0 host_sources=1 preferred_device=1
[2026-07-09 04:20:44.774] [info] [task_creator.cpp:363] [locality-audit] task_create operator_id=33 input_bytes=168241744 local_bytes=0 gpu_source_bytes=0 host_source_bytes=168241744 disk_source_bytes=0 gpu_sources=0 host_sources=1 preferred_device=0
[2026-07-09 04:20:44.774] [info] [task_creator.cpp:363] [locality-audit] task_create operator_id=33 input_bytes=168271488 local_bytes=0 gpu_source_bytes=0 host_source_bytes=168271488 disk_source_bytes=0 gpu_sources=0 host_sources=1 preferred_device=1
[2026-07-09 04:20:44.774] [info] [task_creator.cpp:363] [locality-audit] task_create operator_id=33 input_bytes=168264152 local_bytes=168264152 gpu_source_bytes=168264152 host_source_bytes=0 disk_source_bytes=0 gpu_sources=1 host_sources=0 preferred_device=0
[2026-07-09 04:20:44.774] [info] [task_creator.cpp:363] [locality-audit] task_create operator_id=33 input_bytes=168266136 local_bytes=168266136 gpu_source_bytes=168266136 host_source_bytes=0 disk_source_bytes=0 gpu_sources=1 host_sources=0 preferred_device=1
[2026-07-09 04:20:45.086] [info] [sirius_scan_manager.cpp:1014] [fixed-page-cache] page_budget applied scope=global device=1 policy=score budget_bytes_per_gpu=4294967296 evicted_pages=32 evicted_bytes=523639256 resident_bytes_after=4286412592 min_score=440 max_score=440
[2026-07-09 04:20:45.086] [info] [sirius_scan_manager.cpp:1513] [fixed-page-cache] page_directory appended table='__wdy_auto_fixed_page:/mnt/nvme/dataset/lineitem.parquet;' fixed_cols=3 pages=875 resident_pages=525 resident_bytes=8572917880 stats_pages=875 evicted_pages=350 eviction_count=32 directory_entries=875 page_bytes=16777216 rows=894768172 owned_pages=1
[2026-07-09 04:20:45.086] [info] [parquet_gpu_ingestible.cpp:756] [fixed-page-cache] auto_cache_populate table='__wdy_auto_fixed_page:/mnt/nvme/dataset/lineitem.parquet;' rows=32759572 columns=3
[2026-07-09 04:20:45.086] [info] [gpu_pipeline_task.cpp:321] [stage-audit] pipeline_id=5 task_id=122 operator_id=30 operator_name=GPU_SCAN stage_kind=SCAN operator_type=94 input_type=GPU_SCAN output_type=PIPELINEABLE actual_gpu=1 pipeline_operator_count=3 input_batches=0 input_rows=0 input_columns=0 input_bytes=0 output_batches=1 output_rows=32759572 output_columns=3 output_bytes=536438080 byte_ratio=0.000000 row_ratio=0.000000 duration_us=295932
[2026-07-09 04:20:45.097] [info] [gpu_pipeline_task.cpp:321] [stage-audit] pipeline_id=5 task_id=122 operator_id=31 operator_name=DYNAMIC_FILTER stage_kind=OTHER operator_type=95 input_type=PIPELINEABLE output_type=PIPELINEABLE actual_gpu=1 pipeline_operator_count=3 input_batches=1 input_rows=32759572 input_columns=3 input_bytes=536438080 output_batches=1 output_rows=32759572 output_columns=3 output_bytes=536438080 byte_ratio=1.000000 row_ratio=1.000000 duration_us=11176
[2026-07-09 04:20:45.101] [info] [gpu_pipeline_task.cpp:321] [stage-audit] pipeline_id=5 task_id=122 operator_id=14 operator_name=FILTER stage_kind=FILTER operator_type=12 input_type=PIPELINEABLE output_type=PIPELINEABLE actual_gpu=1 pipeline_operator_count=3 input_batches=1 input_rows=32759572 input_columns=3 input_bytes=536438080 output_batches=1 output_rows=20715771 output_columns=1 output_bytes=168315672 byte_ratio=0.313765 row_ratio=0.632358 duration_us=2207
[2026-07-09 04:20:45.102] [info] [task_creator.cpp:363] [locality-audit] task_create operator_id=33 input_bytes=168315672 local_bytes=168315672 gpu_source_bytes=168315672 host_source_bytes=0 disk_source_bytes=0 gpu_sources=1 host_sources=0 preferred_device=1
[2026-07-09 04:20:45.106] [info] [sirius_scan_manager.cpp:1014] [fixed-page-cache] page_budget applied scope=global device=0 policy=score budget_bytes_per_gpu=4294967296 evicted_pages=32 evicted_bytes=523864608 resident_bytes_after=4286775960 min_score=440 max_score=440
[2026-07-09 04:20:45.106] [info] [sirius_scan_manager.cpp:1513] [fixed-page-cache] page_directory appended table='__wdy_auto_fixed_page:/mnt/nvme/dataset/lineitem.parquet;' fixed_cols=3 pages=907 resident_pages=525 resident_bytes=8573188552 stats_pages=907 evicted_pages=382 eviction_count=32 directory_entries=907 page_bytes=16777216 rows=927526627 owned_pages=1
[2026-07-09 04:20:45.106] [info] [parquet_gpu_ingestible.cpp:756] [fixed-page-cache] auto_cache_populate table='__wdy_auto_fixed_page:/mnt/nvme/dataset/lineitem.parquet;' rows=32758455 columns=3
[2026-07-09 04:20:45.106] [info] [gpu_pipeline_task.cpp:321] [stage-audit] pipeline_id=5 task_id=121 operator_id=30 operator_name=GPU_SCAN stage_kind=SCAN operator_type=94 input_type=GPU_SCAN output_type=PIPELINEABLE actual_gpu=0 pipeline_operator_count=3 input_batches=0 input_rows=0 input_columns=0 input_bytes=0 output_batches=1 output_rows=32758455 output_columns=3 output_bytes=536419824 byte_ratio=0.000000 row_ratio=0.000000 duration_us=315944
[2026-07-09 04:20:45.106] [info] [gpu_pipeline_task.cpp:321] [stage-audit] pipeline_id=5 task_id=121 operator_id=31 operator_name=DYNAMIC_FILTER stage_kind=OTHER operator_type=95 input_type=PIPELINEABLE output_type=PIPELINEABLE actual_gpu=0 pipeline_operator_count=3 input_batches=1 input_rows=32758455 input_columns=3 input_bytes=536419824 output_batches=1 output_rows=32758455 output_columns=3 output_bytes=536419824 byte_ratio=1.000000 row_ratio=1.000000 duration_us=2
[2026-07-09 04:20:45.108] [info] [gpu_pipeline_task.cpp:321] [stage-audit] pipeline_id=5 task_id=121 operator_id=14 operator_name=FILTER stage_kind=FILTER operator_type=12 input_type=PIPELINEABLE output_type=PIPELINEABLE actual_gpu=0 pipeline_operator_count=3 input_batches=1 input_rows=32758455 input_columns=3 input_bytes=536419824 output_batches=1 output_rows=20710134 output_columns=1 output_bytes=168269872 byte_ratio=0.313691 row_ratio=0.632207 duration_us=1768
[2026-07-09 04:20:45.108] [info] [task_creator.cpp:363] [locality-audit] task_create operator_id=33 input_bytes=168269872 local_bytes=168269872 gpu_source_bytes=168269872 host_source_bytes=0 disk_source_bytes=0 gpu_sources=1 host_sources=0 preferred_device=0
[2026-07-09 04:20:45.115] [info] [task_scheduler.cpp:462] [mgpu-audit] pipeline_task dispatched to GPU 0 task_id=127
[2026-07-09 04:20:45.115] [info] [task_scheduler.cpp:464] [locality-audit] dispatch task_id=127 preferred_device=0 actual_gpu=0
[2026-07-09 04:20:45.115] [info] [task_scheduler.cpp:462] [mgpu-audit] pipeline_task dispatched to GPU 1 task_id=128
[2026-07-09 04:20:45.115] [info] [task_scheduler.cpp:464] [locality-audit] dispatch task_id=128 preferred_device=1 actual_gpu=1
[2026-07-09 04:20:45.420] [info] [sirius_scan_manager.cpp:1014] [fixed-page-cache] page_budget applied scope=global device=0 policy=score budget_bytes_per_gpu=4294967296 evicted_pages=32 evicted_bytes=524127096 resident_bytes_after=4286794304 min_score=440 max_score=440
[2026-07-09 04:20:45.420] [info] [sirius_scan_manager.cpp:1513] [fixed-page-cache] page_directory appended table='__wdy_auto_fixed_page:/mnt/nvme/dataset/lineitem.parquet;' fixed_cols=3 pages=939 resident_pages=525 resident_bytes=8573206896 stats_pages=939 evicted_pages=414 eviction_count=32 directory_entries=939 page_bytes=16777216 rows=960285717 owned_pages=1
[2026-07-09 04:20:45.420] [info] [parquet_gpu_ingestible.cpp:756] [fixed-page-cache] auto_cache_populate table='__wdy_auto_fixed_page:/mnt/nvme/dataset/lineitem.parquet;' rows=32759090 columns=3
[2026-07-09 04:20:45.420] [info] [gpu_pipeline_task.cpp:321] [stage-audit] pipeline_id=5 task_id=123 operator_id=30 operator_name=GPU_SCAN stage_kind=SCAN operator_type=94 input_type=GPU_SCAN output_type=PIPELINEABLE actual_gpu=0 pipeline_operator_count=3 input_batches=0 input_rows=0 input_columns=0 input_bytes=0 output_batches=1 output_rows=32759090 output_columns=3 output_bytes=536430176 byte_ratio=0.000000 row_ratio=0.000000 duration_us=290605
[2026-07-09 04:20:45.420] [info] [gpu_pipeline_task.cpp:321] [stage-audit] pipeline_id=5 task_id=123 operator_id=31 operator_name=DYNAMIC_FILTER stage_kind=OTHER operator_type=95 input_type=PIPELINEABLE output_type=PIPELINEABLE actual_gpu=0 pipeline_operator_count=3 input_batches=1 input_rows=32759090 input_columns=3 input_bytes=536430176 output_batches=1 output_rows=32759090 output_columns=3 output_bytes=536430176 byte_ratio=1.000000 row_ratio=1.000000 duration_us=2
[2026-07-09 04:20:45.422] [info] [gpu_pipeline_task.cpp:321] [stage-audit] pipeline_id=5 task_id=123 operator_id=14 operator_name=FILTER stage_kind=FILTER operator_type=12 input_type=PIPELINEABLE output_type=PIPELINEABLE actual_gpu=0 pipeline_operator_count=3 input_batches=1 input_rows=32759090 input_columns=3 input_bytes=536430176 output_batches=1 output_rows=20710388 output_columns=1 output_bytes=168271904 byte_ratio=0.313688 row_ratio=0.632203 duration_us=1799
[2026-07-09 04:20:45.422] [info] [task_creator.cpp:363] [locality-audit] task_create operator_id=33 input_bytes=168271904 local_bytes=168271904 gpu_source_bytes=168271904 host_source_bytes=0 disk_source_bytes=0 gpu_sources=1 host_sources=0 preferred_device=0
[2026-07-09 04:20:45.438] [info] [task_scheduler.cpp:462] [mgpu-audit] pipeline_task dispatched to GPU 0 task_id=129
[2026-07-09 04:20:45.438] [info] [task_scheduler.cpp:464] [locality-audit] dispatch task_id=129 preferred_device=0 actual_gpu=0
[2026-07-09 04:20:45.447] [info] [sirius_scan_manager.cpp:1014] [fixed-page-cache] page_budget applied scope=global device=1 policy=score budget_bytes_per_gpu=4294967296 evicted_pages=32 evicted_bytes=524134624 resident_bytes_after=4286401904 min_score=440 max_score=440
[2026-07-09 04:20:45.447] [info] [sirius_scan_manager.cpp:1513] [fixed-page-cache] page_directory appended table='__wdy_auto_fixed_page:/mnt/nvme/dataset/lineitem.parquet;' fixed_cols=3 pages=971 resident_pages=525 resident_bytes=8573196208 stats_pages=971 evicted_pages=446 eviction_count=32 directory_entries=971 page_bytes=16777216 rows=993043463 owned_pages=1
[2026-07-09 04:20:45.447] [info] [parquet_gpu_ingestible.cpp:756] [fixed-page-cache] auto_cache_populate table='__wdy_auto_fixed_page:/mnt/nvme/dataset/lineitem.parquet;' rows=32757746 columns=3
[2026-07-09 04:20:45.447] [info] [gpu_pipeline_task.cpp:321] [stage-audit] pipeline_id=5 task_id=124 operator_id=30 operator_name=GPU_SCAN stage_kind=SCAN operator_type=94 input_type=GPU_SCAN output_type=PIPELINEABLE actual_gpu=1 pipeline_operator_count=3 input_batches=0 input_rows=0 input_columns=0 input_bytes=0 output_batches=1 output_rows=32757746 output_columns=3 output_bytes=536408096 byte_ratio=0.000000 row_ratio=0.000000 duration_us=317005
[2026-07-09 04:20:45.447] [info] [gpu_pipeline_task.cpp:321] [stage-audit] pipeline_id=5 task_id=124 operator_id=31 operator_name=DYNAMIC_FILTER stage_kind=OTHER operator_type=95 input_type=PIPELINEABLE output_type=PIPELINEABLE actual_gpu=1 pipeline_operator_count=3 input_batches=1 input_rows=32757746 input_columns=3 input_bytes=536408096 output_batches=1 output_rows=32757746 output_columns=3 output_bytes=536408096 byte_ratio=1.000000 row_ratio=1.000000 duration_us=2
[2026-07-09 04:20:45.449] [info] [gpu_pipeline_task.cpp:321] [stage-audit] pipeline_id=5 task_id=124 operator_id=14 operator_name=FILTER stage_kind=FILTER operator_type=12 input_type=PIPELINEABLE output_type=PIPELINEABLE actual_gpu=1 pipeline_operator_count=3 input_batches=1 input_rows=32757746 input_columns=3 input_bytes=536408096 output_batches=1 output_rows=20711635 output_columns=1 output_bytes=168282072 byte_ratio=0.313720 row_ratio=0.632267 duration_us=1683
[2026-07-09 04:20:45.449] [info] [task_scheduler.cpp:462] [mgpu-audit] pipeline_task dispatched to GPU 1 task_id=130
[2026-07-09 04:20:45.449] [info] [task_scheduler.cpp:464] [locality-audit] dispatch task_id=130 preferred_device=1 actual_gpu=1
[2026-07-09 04:20:45.449] [info] [task_creator.cpp:363] [locality-audit] task_create operator_id=33 input_bytes=168282072 local_bytes=168282072 gpu_source_bytes=168282072 host_source_bytes=0 disk_source_bytes=0 gpu_sources=1 host_sources=0 preferred_device=1
[2026-07-09 04:20:45.750] [info] [sirius_scan_manager.cpp:1014] [fixed-page-cache] page_budget applied scope=global device=1 policy=score budget_bytes_per_gpu=4294967296 evicted_pages=32 evicted_bytes=524138544 resident_bytes_after=4286407200 min_score=440 max_score=440
[2026-07-09 04:20:45.751] [info] [sirius_scan_manager.cpp:1513] [fixed-page-cache] page_directory appended table='__wdy_auto_fixed_page:/mnt/nvme/dataset/lineitem.parquet;' fixed_cols=3 pages=1003 resident_pages=525 resident_bytes=8573201504 stats_pages=1003 evicted_pages=478 eviction_count=32 directory_entries=1003 page_bytes=16777216 rows=1025802453 owned_pages=1
[2026-07-09 04:20:45.751] [info] [parquet_gpu_ingestible.cpp:756] [fixed-page-cache] auto_cache_populate table='__wdy_auto_fixed_page:/mnt/nvme/dataset/lineitem.parquet;' rows=32758990 columns=3
[2026-07-09 04:20:45.751] [info] [gpu_pipeline_task.cpp:321] [stage-audit] pipeline_id=5 task_id=126 operator_id=30 operator_name=GPU_SCAN stage_kind=SCAN operator_type=94 input_type=GPU_SCAN output_type=PIPELINEABLE actual_gpu=1 pipeline_operator_count=3 input_batches=0 input_rows=0 input_columns=0 input_bytes=0 output_batches=1 output_rows=32758990 output_columns=3 output_bytes=536428576 byte_ratio=0.000000 row_ratio=0.000000 duration_us=286373
[2026-07-09 04:20:45.751] [info] [gpu_pipeline_task.cpp:321] [stage-audit] pipeline_id=5 task_id=126 operator_id=31 operator_name=DYNAMIC_FILTER stage_kind=OTHER operator_type=95 input_type=PIPELINEABLE output_type=PIPELINEABLE actual_gpu=1 pipeline_operator_count=3 input_batches=1 input_rows=32758990 input_columns=3 input_bytes=536428576 output_batches=1 output_rows=32758990 output_columns=3 output_bytes=536428576 byte_ratio=1.000000 row_ratio=1.000000 duration_us=2
[2026-07-09 04:20:45.752] [info] [gpu_pipeline_task.cpp:321] [stage-audit] pipeline_id=5 task_id=126 operator_id=14 operator_name=FILTER stage_kind=FILTER operator_type=12 input_type=PIPELINEABLE output_type=PIPELINEABLE actual_gpu=1 pipeline_operator_count=3 input_batches=1 input_rows=32758990 input_columns=3 input_bytes=536428576 output_batches=1 output_rows=20708257 output_columns=1 output_bytes=168254600 byte_ratio=0.313657 row_ratio=0.632140 duration_us=1706
[2026-07-09 04:20:45.753] [info] [task_creator.cpp:363] [locality-audit] task_create operator_id=33 input_bytes=168254600 local_bytes=168254600 gpu_source_bytes=168254600 host_source_bytes=0 disk_source_bytes=0 gpu_sources=1 host_sources=0 preferred_device=1
[2026-07-09 04:20:45.764] [info] [task_scheduler.cpp:462] [mgpu-audit] pipeline_task dispatched to GPU 1 task_id=133
[2026-07-09 04:20:45.764] [info] [task_scheduler.cpp:464] [locality-audit] dispatch task_id=133 preferred_device=1 actual_gpu=1
[2026-07-09 04:20:45.771] [info] [sirius_scan_manager.cpp:1014] [fixed-page-cache] page_budget applied scope=global device=0 policy=score budget_bytes_per_gpu=4294967296 evicted_pages=32 evicted_bytes=524140360 resident_bytes_after=4286784296 min_score=440 max_score=440
[2026-07-09 04:20:45.771] [info] [sirius_scan_manager.cpp:1513] [fixed-page-cache] page_directory appended table='__wdy_auto_fixed_page:/mnt/nvme/dataset/lineitem.parquet;' fixed_cols=3 pages=1035 resident_pages=525 resident_bytes=8573191496 stats_pages=1035 evicted_pages=510 eviction_count=32 directory_entries=1035 page_bytes=16777216 rows=1058560600 owned_pages=1
[2026-07-09 04:20:45.771] [info] [parquet_gpu_ingestible.cpp:756] [fixed-page-cache] auto_cache_populate table='__wdy_auto_fixed_page:/mnt/nvme/dataset/lineitem.parquet;' rows=32758147 columns=3
[2026-07-09 04:20:45.771] [info] [gpu_pipeline_task.cpp:321] [stage-audit] pipeline_id=5 task_id=125 operator_id=30 operator_name=GPU_SCAN stage_kind=SCAN operator_type=94 input_type=GPU_SCAN output_type=PIPELINEABLE actual_gpu=0 pipeline_operator_count=3 input_batches=0 input_rows=0 input_columns=0 input_bytes=0 output_batches=1 output_rows=32758147 output_columns=3 output_bytes=536414704 byte_ratio=0.000000 row_ratio=0.000000 duration_us=317489
[2026-07-09 04:20:45.771] [info] [gpu_pipeline_task.cpp:321] [stage-audit] pipeline_id=5 task_id=125 operator_id=31 operator_name=DYNAMIC_FILTER stage_kind=OTHER operator_type=95 input_type=PIPELINEABLE output_type=PIPELINEABLE actual_gpu=0 pipeline_operator_count=3 input_batches=1 input_rows=32758147 input_columns=3 input_bytes=536414704 output_batches=1 output_rows=32758147 output_columns=3 output_bytes=536414704 byte_ratio=1.000000 row_ratio=1.000000 duration_us=2
[2026-07-09 04:20:45.773] [info] [gpu_pipeline_task.cpp:321] [stage-audit] pipeline_id=5 task_id=125 operator_id=14 operator_name=FILTER stage_kind=FILTER operator_type=12 input_type=PIPELINEABLE output_type=PIPELINEABLE actual_gpu=0 pipeline_operator_count=3 input_batches=1 input_rows=32758147 input_columns=3 input_bytes=536414704 output_batches=1 output_rows=20710071 output_columns=1 output_bytes=168269368 byte_ratio=0.313693 row_ratio=0.632211 duration_us=1663
[2026-07-09 04:20:45.773] [info] [task_scheduler.cpp:462] [mgpu-audit] pipeline_task dispatched to GPU 0 task_id=131
[2026-07-09 04:20:45.773] [info] [task_scheduler.cpp:464] [locality-audit] dispatch task_id=131 preferred_device=0 actual_gpu=0
[2026-07-09 04:20:45.773] [info] [task_creator.cpp:363] [locality-audit] task_create operator_id=33 input_bytes=168269368 local_bytes=168269368 gpu_source_bytes=168269368 host_source_bytes=0 disk_source_bytes=0 gpu_sources=1 host_sources=0 preferred_device=0
[2026-07-09 04:20:46.065] [info] [sirius_scan_manager.cpp:1014] [fixed-page-cache] page_budget applied scope=global device=1 policy=score budget_bytes_per_gpu=4294967296 evicted_pages=32 evicted_bytes=520771720 resident_bytes_after=4289771832 min_score=440 max_score=1050
[2026-07-09 04:20:46.065] [info] [sirius_scan_manager.cpp:1513] [fixed-page-cache] page_directory appended table='__wdy_auto_fixed_page:/mnt/nvme/dataset/lineitem.parquet;' fixed_cols=3 pages=1067 resident_pages=525 resident_bytes=8576556128 stats_pages=1067 evicted_pages=542 eviction_count=32 directory_entries=1067 page_bytes=16777216 rows=1091319122 owned_pages=1
[2026-07-09 04:20:46.065] [info] [parquet_gpu_ingestible.cpp:756] [fixed-page-cache] auto_cache_populate table='__wdy_auto_fixed_page:/mnt/nvme/dataset/lineitem.parquet;' rows=32758522 columns=3
[2026-07-09 04:20:46.065] [info] [gpu_pipeline_task.cpp:321] [stage-audit] pipeline_id=5 task_id=128 operator_id=30 operator_name=GPU_SCAN stage_kind=SCAN operator_type=94 input_type=GPU_SCAN output_type=PIPELINEABLE actual_gpu=1 pipeline_operator_count=3 input_batches=0 input_rows=0 input_columns=0 input_bytes=0 output_batches=1 output_rows=32758522 output_columns=3 output_bytes=536420896 byte_ratio=0.000000 row_ratio=0.000000 duration_us=283558
[2026-07-09 04:20:46.075] [info] [gpu_pipeline_task.cpp:321] [stage-audit] pipeline_id=5 task_id=128 operator_id=31 operator_name=DYNAMIC_FILTER stage_kind=OTHER operator_type=95 input_type=PIPELINEABLE output_type=PIPELINEABLE actual_gpu=1 pipeline_operator_count=3 input_batches=1 input_rows=32758522 input_columns=3 input_bytes=536420896 output_batches=1 output_rows=32758522 output_columns=3 output_bytes=536420896 byte_ratio=1.000000 row_ratio=1.000000 duration_us=9351
[2026-07-09 04:20:46.079] [info] [gpu_pipeline_task.cpp:321] [stage-audit] pipeline_id=5 task_id=128 operator_id=14 operator_name=FILTER stage_kind=FILTER operator_type=12 input_type=PIPELINEABLE output_type=PIPELINEABLE actual_gpu=1 pipeline_operator_count=3 input_batches=1 input_rows=32758522 input_columns=3 input_bytes=536420896 output_batches=1 output_rows=20707930 output_columns=1 output_bytes=168251984 byte_ratio=0.313657 row_ratio=0.632139 duration_us=2265
[2026-07-09 04:20:46.079] [info] [task_creator.cpp:363] [locality-audit] task_create operator_id=33 input_bytes=168251984 local_bytes=168251984 gpu_source_bytes=168251984 host_source_bytes=0 disk_source_bytes=0 gpu_sources=1 host_sources=0 preferred_device=1
[2026-07-09 04:20:46.085] [info] [sirius_scan_manager.cpp:1014] [fixed-page-cache] page_budget applied scope=global device=0 policy=score budget_bytes_per_gpu=4294967296 evicted_pages=32 evicted_bytes=520999732 resident_bytes_after=4289928756 min_score=440 max_score=1050
[2026-07-09 04:20:46.085] [info] [sirius_scan_manager.cpp:1513] [fixed-page-cache] page_directory appended table='__wdy_auto_fixed_page:/mnt/nvme/dataset/lineitem.parquet;' fixed_cols=3 pages=1099 resident_pages=525 resident_bytes=8579700588 stats_pages=1099 evicted_pages=574 eviction_count=32 directory_entries=1099 page_bytes=16777216 rows=1124078134 owned_pages=1
[2026-07-09 04:20:46.085] [info] [parquet_gpu_ingestible.cpp:756] [fixed-page-cache] auto_cache_populate table='__wdy_auto_fixed_page:/mnt/nvme/dataset/lineitem.parquet;' rows=32759012 columns=3
[2026-07-09 04:20:46.085] [info] [gpu_pipeline_task.cpp:321] [stage-audit] pipeline_id=5 task_id=127 operator_id=30 operator_name=GPU_SCAN stage_kind=SCAN operator_type=94 input_type=GPU_SCAN output_type=PIPELINEABLE actual_gpu=0 pipeline_operator_count=3 input_batches=0 input_rows=0 input_columns=0 input_bytes=0 output_batches=1 output_rows=32759012 output_columns=3 output_bytes=536428928 byte_ratio=0.000000 row_ratio=0.000000 duration_us=296102
[2026-07-09 04:20:46.085] [info] [gpu_pipeline_task.cpp:321] [stage-audit] pipeline_id=5 task_id=127 operator_id=31 operator_name=DYNAMIC_FILTER stage_kind=OTHER operator_type=95 input_type=PIPELINEABLE output_type=PIPELINEABLE actual_gpu=0 pipeline_operator_count=3 input_batches=1 input_rows=32759012 input_columns=3 input_bytes=536428928 output_batches=1 output_rows=32759012 output_columns=3 output_bytes=536428928 byte_ratio=1.000000 row_ratio=1.000000 duration_us=2
[2026-07-09 04:20:46.087] [info] [gpu_pipeline_task.cpp:321] [stage-audit] pipeline_id=5 task_id=127 operator_id=14 operator_name=FILTER stage_kind=FILTER operator_type=12 input_type=PIPELINEABLE output_type=PIPELINEABLE actual_gpu=0 pipeline_operator_count=3 input_batches=1 input_rows=32759012 input_columns=3 input_bytes=536428928 output_batches=1 output_rows=20710278 output_columns=1 output_bytes=168271024 byte_ratio=0.313687 row_ratio=0.632201 duration_us=1724
[2026-07-09 04:20:46.087] [info] [task_creator.cpp:363] [locality-audit] task_create operator_id=33 input_bytes=168271024 local_bytes=168271024 gpu_source_bytes=168271024 host_source_bytes=0 disk_source_bytes=0 gpu_sources=1 host_sources=0 preferred_device=0
[2026-07-09 04:20:46.093] [info] [task_scheduler.cpp:462] [mgpu-audit] pipeline_task dispatched to GPU 1 task_id=135
[2026-07-09 04:20:46.093] [info] [task_scheduler.cpp:464] [locality-audit] dispatch task_id=135 preferred_device=1 actual_gpu=1
[2026-07-09 04:20:46.100] [info] [task_scheduler.cpp:462] [mgpu-audit] pipeline_task dispatched to GPU 0 task_id=132
[2026-07-09 04:20:46.100] [info] [task_scheduler.cpp:464] [locality-audit] dispatch task_id=132 preferred_device=0 actual_gpu=0
[2026-07-09 04:20:46.396] [info] [sirius_scan_manager.cpp:1014] [fixed-page-cache] page_budget applied scope=global device=0 policy=score budget_bytes_per_gpu=4294967296 evicted_pages=32 evicted_bytes=523948140 resident_bytes_after=4290109816 min_score=440 max_score=1050
[2026-07-09 04:20:46.396] [info] [sirius_scan_manager.cpp:1513] [fixed-page-cache] page_directory appended table='__wdy_auto_fixed_page:/mnt/nvme/dataset/lineitem.parquet;' fixed_cols=3 pages=1131 resident_pages=525 resident_bytes=8579881648 stats_pages=1131 evicted_pages=606 eviction_count=32 directory_entries=1131 page_bytes=16777216 rows=1156836209 owned_pages=1
[2026-07-09 04:20:46.396] [info] [parquet_gpu_ingestible.cpp:756] [fixed-page-cache] auto_cache_populate table='__wdy_auto_fixed_page:/mnt/nvme/dataset/lineitem.parquet;' rows=32758075 columns=3
[2026-07-09 04:20:46.396] [info] [gpu_pipeline_task.cpp:321] [stage-audit] pipeline_id=5 task_id=129 operator_id=30 operator_name=GPU_SCAN stage_kind=SCAN operator_type=94 input_type=GPU_SCAN output_type=PIPELINEABLE actual_gpu=0 pipeline_operator_count=3 input_batches=0 input_rows=0 input_columns=0 input_bytes=0 output_batches=1 output_rows=32758075 output_columns=3 output_bytes=536413552 byte_ratio=0.000000 row_ratio=0.000000 duration_us=277875
[2026-07-09 04:20:46.396] [info] [gpu_pipeline_task.cpp:321] [stage-audit] pipeline_id=5 task_id=129 operator_id=31 operator_name=DYNAMIC_FILTER stage_kind=OTHER operator_type=95 input_type=PIPELINEABLE output_type=PIPELINEABLE actual_gpu=0 pipeline_operator_count=3 input_batches=1 input_rows=32758075 input_columns=3 input_bytes=536413552 output_batches=1 output_rows=32758075 output_columns=3 output_bytes=536413552 byte_ratio=1.000000 row_ratio=1.000000 duration_us=2
[2026-07-09 04:20:46.409] [info] [gpu_pipeline_task.cpp:321] [stage-audit] pipeline_id=5 task_id=129 operator_id=14 operator_name=FILTER stage_kind=FILTER operator_type=12 input_type=PIPELINEABLE output_type=PIPELINEABLE actual_gpu=0 pipeline_operator_count=3 input_batches=1 input_rows=32758075 input_columns=3 input_bytes=536413552 output_batches=1 output_rows=20713306 output_columns=1 output_bytes=168295632 byte_ratio=0.313742 row_ratio=0.632311 duration_us=12585
[2026-07-09 04:20:46.409] [info] [task_creator.cpp:363] [locality-audit] task_create operator_id=33 input_bytes=168295632 local_bytes=168295632 gpu_source_bytes=168295632 host_source_bytes=0 disk_source_bytes=0 gpu_sources=1 host_sources=0 preferred_device=0
[2026-07-09 04:20:46.409] [info] [task_scheduler.cpp:462] [mgpu-audit] pipeline_task dispatched to GPU 0 task_id=134
[2026-07-09 04:20:46.409] [info] [task_scheduler.cpp:464] [locality-audit] dispatch task_id=134 preferred_device=0 actual_gpu=0
[2026-07-09 04:20:46.409] [info] [task_scheduler.cpp:462] [mgpu-audit] pipeline_task dispatched to GPU 0 task_id=136
[2026-07-09 04:20:46.409] [info] [task_scheduler.cpp:464] [locality-audit] dispatch task_id=136 preferred_device=0 actual_gpu=0
[2026-07-09 04:20:46.409] [info] [gpu_pipeline_task.cpp:188] [locality-audit] prepare_before pipeline_id=6 task_id=132 preferred_device=0 actual_gpu=0 target_tier=GPU target_device=0 input_bytes=168351216 local_bytes=0 remote_gpu_bytes=0 host_bytes=168351216 disk_bytes=0 batch_count=1
[2026-07-09 04:20:46.416] [info] [sirius_scan_manager.cpp:1014] [fixed-page-cache] page_budget applied scope=global device=1 policy=score budget_bytes_per_gpu=4294967296 evicted_pages=32 evicted_bytes=524074264 resident_bytes_after=4289838720 min_score=440 max_score=1050
[2026-07-09 04:20:46.416] [info] [gpu_pipeline_task.cpp:188] [locality-audit] prepare_after pipeline_id=6 task_id=132 preferred_device=0 actual_gpu=0 target_tier=GPU target_device=0 input_bytes=168351216 local_bytes=168351216 remote_gpu_bytes=0 host_bytes=0 disk_bytes=0 batch_count=1
[2026-07-09 04:20:46.416] [info] [sirius_scan_manager.cpp:1513] [fixed-page-cache] page_directory appended table='__wdy_auto_fixed_page:/mnt/nvme/dataset/lineitem.parquet;' fixed_cols=3 pages=1163 resident_pages=525 resident_bytes=8579948536 stats_pages=1163 evicted_pages=638 eviction_count=32 directory_entries=1163 page_bytes=16777216 rows=1189595031 owned_pages=1
[2026-07-09 04:20:46.416] [info] [parquet_gpu_ingestible.cpp:756] [fixed-page-cache] auto_cache_populate table='__wdy_auto_fixed_page:/mnt/nvme/dataset/lineitem.parquet;' rows=32758822 columns=3
[2026-07-09 04:20:46.416] [info] [gpu_pipeline_task.cpp:321] [stage-audit] pipeline_id=5 task_id=130 operator_id=30 operator_name=GPU_SCAN stage_kind=SCAN operator_type=94 input_type=GPU_SCAN output_type=PIPELINEABLE actual_gpu=1 pipeline_operator_count=3 input_batches=0 input_rows=0 input_columns=0 input_bytes=0 output_batches=1 output_rows=32758822 output_columns=3 output_bytes=536425888 byte_ratio=0.000000 row_ratio=0.000000 duration_us=304113
[2026-07-09 04:20:46.416] [info] [gpu_pipeline_task.cpp:321] [stage-audit] pipeline_id=5 task_id=130 operator_id=31 operator_name=DYNAMIC_FILTER stage_kind=OTHER operator_type=95 input_type=PIPELINEABLE output_type=PIPELINEABLE actual_gpu=1 pipeline_operator_count=3 input_batches=1 input_rows=32758822 input_columns=3 input_bytes=536425888 output_batches=1 output_rows=32758822 output_columns=3 output_bytes=536425888 byte_ratio=1.000000 row_ratio=1.000000 duration_us=2
[2026-07-09 04:20:46.418] [info] [gpu_pipeline_task.cpp:321] [stage-audit] pipeline_id=5 task_id=130 operator_id=14 operator_name=FILTER stage_kind=FILTER operator_type=12 input_type=PIPELINEABLE output_type=PIPELINEABLE actual_gpu=1 pipeline_operator_count=3 input_batches=1 input_rows=32758822 input_columns=3 input_bytes=536425888 output_batches=1 output_rows=20708518 output_columns=1 output_bytes=168256752 byte_ratio=0.313663 row_ratio=0.632151 duration_us=1714
[2026-07-09 04:20:46.418] [info] [gpu_pipeline_task.cpp:321] [stage-audit] pipeline_id=6 task_id=132 operator_id=33 operator_name=PARTITION stage_kind=PARTITION operator_type=82 input_type=PIPELINEABLE output_type=PIPELINEABLE actual_gpu=0 pipeline_operator_count=1 input_batches=1 input_rows=20720142 input_columns=1 input_bytes=168351216 output_batches=2 output_rows=20720142 output_columns=2 output_bytes=165761136 byte_ratio=0.984615 row_ratio=1.000000 duration_us=2085
[2026-07-09 04:20:46.418] [info] [task_scheduler.cpp:462] [mgpu-audit] pipeline_task dispatched to GPU 1 task_id=137
[2026-07-09 04:20:46.418] [info] [task_scheduler.cpp:464] [locality-audit] dispatch task_id=137 preferred_device=1 actual_gpu=1
[2026-07-09 04:20:46.418] [info] [task_scheduler.cpp:462] [mgpu-audit] pipeline_task dispatched to GPU 0 task_id=138
[2026-07-09 04:20:46.418] [info] [task_scheduler.cpp:464] [locality-audit] dispatch task_id=138 preferred_device=0 actual_gpu=0
[2026-07-09 04:20:46.418] [info] [gpu_pipeline_task.cpp:188] [locality-audit] prepare_before pipeline_id=6 task_id=134 preferred_device=0 actual_gpu=0 target_tier=GPU target_device=0 input_bytes=168046312 local_bytes=0 remote_gpu_bytes=0 host_bytes=168046312 disk_bytes=0 batch_count=1
[2026-07-09 04:20:46.418] [info] [task_creator.cpp:363] [locality-audit] task_create operator_id=33 input_bytes=168256752 local_bytes=168256752 gpu_source_bytes=168256752 host_source_bytes=0 disk_source_bytes=0 gpu_sources=1 host_sources=0 preferred_device=1
[2026-07-09 04:20:46.418] [info] [task_scheduler.cpp:462] [mgpu-audit] pipeline_task dispatched to GPU 1 task_id=140
[2026-07-09 04:20:46.418] [info] [task_scheduler.cpp:464] [locality-audit] dispatch task_id=140 preferred_device=1 actual_gpu=1
[2026-07-09 04:20:46.418] [info] [gpu_pipeline_task.cpp:188] [locality-audit] prepare_before pipeline_id=6 task_id=133 preferred_device=1 actual_gpu=1 target_tier=GPU target_device=1 input_bytes=168049112 local_bytes=0 remote_gpu_bytes=0 host_bytes=168049112 disk_bytes=0 batch_count=1
[2026-07-09 04:20:46.419] [info] [gpu_pipeline_task.cpp:188] [locality-audit] prepare_before pipeline_id=6 task_id=135 preferred_device=1 actual_gpu=1 target_tier=GPU target_device=1 input_bytes=168191368 local_bytes=0 remote_gpu_bytes=0 host_bytes=168191368 disk_bytes=0 batch_count=1
[2026-07-09 04:20:46.426] [info] [gpu_pipeline_task.cpp:188] [locality-audit] prepare_after pipeline_id=6 task_id=134 preferred_device=0 actual_gpu=0 target_tier=GPU target_device=0 input_bytes=168046312 local_bytes=168046312 remote_gpu_bytes=0 host_bytes=0 disk_bytes=0 batch_count=1
[2026-07-09 04:20:46.426] [info] [gpu_pipeline_task.cpp:188] [locality-audit] prepare_after pipeline_id=6 task_id=135 preferred_device=1 actual_gpu=1 target_tier=GPU target_device=1 input_bytes=168191368 local_bytes=168191368 remote_gpu_bytes=0 host_bytes=0 disk_bytes=0 batch_count=1
[2026-07-09 04:20:46.428] [info] [gpu_pipeline_task.cpp:321] [stage-audit] pipeline_id=6 task_id=134 operator_id=33 operator_name=PARTITION stage_kind=PARTITION operator_type=82 input_type=PIPELINEABLE output_type=PIPELINEABLE actual_gpu=0 pipeline_operator_count=1 input_batches=1 input_rows=20682621 input_columns=1 input_bytes=168046312 output_batches=2 output_rows=20682621 output_columns=2 output_bytes=165460968 byte_ratio=0.984615 row_ratio=1.000000 duration_us=2245
[2026-07-09 04:20:46.428] [info] [task_scheduler.cpp:462] [mgpu-audit] pipeline_task dispatched to GPU 0 task_id=142
[2026-07-09 04:20:46.428] [info] [task_scheduler.cpp:464] [locality-audit] dispatch task_id=142 preferred_device=0 actual_gpu=0
[2026-07-09 04:20:46.428] [info] [gpu_pipeline_task.cpp:188] [locality-audit] prepare_before pipeline_id=6 task_id=136 preferred_device=0 actual_gpu=0 target_tier=GPU target_device=0 input_bytes=168241744 local_bytes=0 remote_gpu_bytes=0 host_bytes=168241744 disk_bytes=0 batch_count=1
[2026-07-09 04:20:46.428] [info] [gpu_pipeline_task.cpp:321] [stage-audit] pipeline_id=6 task_id=135 operator_id=33 operator_name=PARTITION stage_kind=PARTITION operator_type=82 input_type=PIPELINEABLE output_type=PIPELINEABLE actual_gpu=1 pipeline_operator_count=1 input_batches=1 input_rows=20700473 input_columns=1 input_bytes=168191368 output_batches=2 output_rows=20700473 output_columns=2 output_bytes=165603784 byte_ratio=0.984615 row_ratio=1.000000 duration_us=2131
[2026-07-09 04:20:46.428] [info] [gpu_pipeline_task.cpp:188] [locality-audit] prepare_before pipeline_id=6 task_id=137 preferred_device=1 actual_gpu=1 target_tier=GPU target_device=1 input_bytes=168271488 local_bytes=0 remote_gpu_bytes=0 host_bytes=168271488 disk_bytes=0 batch_count=1
[2026-07-09 04:20:46.428] [info] [task_scheduler.cpp:462] [mgpu-audit] pipeline_task dispatched to GPU 1 task_id=139
[2026-07-09 04:20:46.428] [info] [task_scheduler.cpp:464] [locality-audit] dispatch task_id=139 preferred_device=1 actual_gpu=1
[2026-07-09 04:20:46.433] [info] [gpu_pipeline_task.cpp:188] [locality-audit] prepare_after pipeline_id=6 task_id=133 preferred_device=1 actual_gpu=1 target_tier=GPU target_device=1 input_bytes=168049112 local_bytes=168049112 remote_gpu_bytes=0 host_bytes=0 disk_bytes=0 batch_count=1
[2026-07-09 04:20:46.435] [info] [gpu_pipeline_task.cpp:321] [stage-audit] pipeline_id=6 task_id=133 operator_id=33 operator_name=PARTITION stage_kind=PARTITION operator_type=82 input_type=PIPELINEABLE output_type=PIPELINEABLE actual_gpu=1 pipeline_operator_count=1 input_batches=1 input_rows=20682963 input_columns=1 input_bytes=168049112 output_batches=2 output_rows=20682963 output_columns=2 output_bytes=165463704 byte_ratio=0.984615 row_ratio=1.000000 duration_us=2099
[2026-07-09 04:20:46.435] [info] [gpu_pipeline_task.cpp:188] [locality-audit] prepare_before pipeline_id=6 task_id=140 preferred_device=1 actual_gpu=1 target_tier=GPU target_device=1 input_bytes=168315672 local_bytes=0 remote_gpu_bytes=0 host_bytes=168315672 disk_bytes=0 batch_count=1
[2026-07-09 04:20:46.435] [info] [task_scheduler.cpp:462] [mgpu-audit] pipeline_task dispatched to GPU 1 task_id=143
[2026-07-09 04:20:46.435] [info] [task_scheduler.cpp:464] [locality-audit] dispatch task_id=143 preferred_device=1 actual_gpu=1
[2026-07-09 04:20:46.435] [info] [gpu_pipeline_task.cpp:188] [locality-audit] prepare_after pipeline_id=6 task_id=136 preferred_device=0 actual_gpu=0 target_tier=GPU target_device=0 input_bytes=168241744 local_bytes=168241744 remote_gpu_bytes=0 host_bytes=0 disk_bytes=0 batch_count=1
[2026-07-09 04:20:46.437] [info] [gpu_pipeline_task.cpp:321] [stage-audit] pipeline_id=6 task_id=136 operator_id=33 operator_name=PARTITION stage_kind=PARTITION operator_type=82 input_type=PIPELINEABLE output_type=PIPELINEABLE actual_gpu=0 pipeline_operator_count=1 input_batches=1 input_rows=20706674 input_columns=1 input_bytes=168241744 output_batches=2 output_rows=20706674 output_columns=2 output_bytes=165653392 byte_ratio=0.984615 row_ratio=1.000000 duration_us=1961
[2026-07-09 04:20:46.439] [info] [gpu_pipeline_task.cpp:188] [locality-audit] prepare_after pipeline_id=6 task_id=137 preferred_device=1 actual_gpu=1 target_tier=GPU target_device=1 input_bytes=168271488 local_bytes=168271488 remote_gpu_bytes=0 host_bytes=0 disk_bytes=0 batch_count=1
[2026-07-09 04:20:46.442] [info] [gpu_pipeline_task.cpp:321] [stage-audit] pipeline_id=6 task_id=137 operator_id=33 operator_name=PARTITION stage_kind=PARTITION operator_type=82 input_type=PIPELINEABLE output_type=PIPELINEABLE actual_gpu=1 pipeline_operator_count=1 input_batches=1 input_rows=20710336 input_columns=1 input_bytes=168271488 output_batches=2 output_rows=20710336 output_columns=2 output_bytes=165682688 byte_ratio=0.984615 row_ratio=1.000000 duration_us=2096
[2026-07-09 04:20:46.446] [info] [gpu_pipeline_task.cpp:188] [locality-audit] prepare_after pipeline_id=6 task_id=140 preferred_device=1 actual_gpu=1 target_tier=GPU target_device=1 input_bytes=168315672 local_bytes=168315672 remote_gpu_bytes=0 host_bytes=0 disk_bytes=0 batch_count=1
[2026-07-09 04:20:46.448] [info] [gpu_pipeline_task.cpp:321] [stage-audit] pipeline_id=6 task_id=140 operator_id=33 operator_name=PARTITION stage_kind=PARTITION operator_type=82 input_type=PIPELINEABLE output_type=PIPELINEABLE actual_gpu=1 pipeline_operator_count=1 input_batches=1 input_rows=20715771 input_columns=1 input_bytes=168315672 output_batches=2 output_rows=20715771 output_columns=2 output_bytes=165726168 byte_ratio=0.984615 row_ratio=1.000000 duration_us=1955
[2026-07-09 04:20:46.448] [info] [task_scheduler.cpp:462] [mgpu-audit] pipeline_task dispatched to GPU 1 task_id=146
[2026-07-09 04:20:46.448] [info] [task_scheduler.cpp:464] [locality-audit] dispatch task_id=146 preferred_device=1 actual_gpu=1
[2026-07-09 04:20:46.448] [info] [gpu_pipeline_task.cpp:188] [locality-audit] prepare_before pipeline_id=6 task_id=139 preferred_device=1 actual_gpu=1 target_tier=GPU target_device=1 input_bytes=168266136 local_bytes=0 remote_gpu_bytes=0 host_bytes=168266136 disk_bytes=0 batch_count=1
[2026-07-09 04:20:46.456] [info] [gpu_pipeline_task.cpp:188] [locality-audit] prepare_after pipeline_id=6 task_id=139 preferred_device=1 actual_gpu=1 target_tier=GPU target_device=1 input_bytes=168266136 local_bytes=168266136 remote_gpu_bytes=0 host_bytes=0 disk_bytes=0 batch_count=1
[2026-07-09 04:20:46.458] [info] [gpu_pipeline_task.cpp:321] [stage-audit] pipeline_id=6 task_id=139 operator_id=33 operator_name=PARTITION stage_kind=PARTITION operator_type=82 input_type=PIPELINEABLE output_type=PIPELINEABLE actual_gpu=1 pipeline_operator_count=1 input_batches=1 input_rows=20709675 input_columns=1 input_bytes=168266136 output_batches=2 output_rows=20709675 output_columns=2 output_bytes=165677400 byte_ratio=0.984615 row_ratio=1.000000 duration_us=2022
[2026-07-09 04:20:46.458] [info] [gpu_pipeline_task.cpp:188] [locality-audit] prepare_before pipeline_id=6 task_id=143 preferred_device=1 actual_gpu=1 target_tier=GPU target_device=1 input_bytes=168282072 local_bytes=0 remote_gpu_bytes=0 host_bytes=168282072 disk_bytes=0 batch_count=1
[2026-07-09 04:20:46.458] [info] [task_scheduler.cpp:462] [mgpu-audit] pipeline_task dispatched to GPU 1 task_id=144
[2026-07-09 04:20:46.458] [info] [task_scheduler.cpp:464] [locality-audit] dispatch task_id=144 preferred_device=1 actual_gpu=1
[2026-07-09 04:20:46.465] [info] [gpu_pipeline_task.cpp:188] [locality-audit] prepare_after pipeline_id=6 task_id=143 preferred_device=1 actual_gpu=1 target_tier=GPU target_device=1 input_bytes=168282072 local_bytes=168282072 remote_gpu_bytes=0 host_bytes=0 disk_bytes=0 batch_count=1
[2026-07-09 04:20:46.467] [info] [gpu_pipeline_task.cpp:321] [stage-audit] pipeline_id=6 task_id=143 operator_id=33 operator_name=PARTITION stage_kind=PARTITION operator_type=82 input_type=PIPELINEABLE output_type=PIPELINEABLE actual_gpu=1 pipeline_operator_count=1 input_batches=1 input_rows=20711635 input_columns=1 input_bytes=168282072 output_batches=2 output_rows=20711635 output_columns=2 output_bytes=165693080 byte_ratio=0.984615 row_ratio=1.000000 duration_us=2059
[2026-07-09 04:20:46.483] [info] [task_scheduler.cpp:462] [mgpu-audit] pipeline_task dispatched to GPU 1 task_id=149
[2026-07-09 04:20:46.483] [info] [task_scheduler.cpp:464] [locality-audit] dispatch task_id=149 preferred_device=1 actual_gpu=1
[2026-07-09 04:20:46.483] [info] [gpu_pipeline_task.cpp:188] [locality-audit] prepare_before pipeline_id=6 task_id=146 preferred_device=1 actual_gpu=1 target_tier=GPU target_device=1 input_bytes=168251984 local_bytes=0 remote_gpu_bytes=0 host_bytes=168251984 disk_bytes=0 batch_count=1
[2026-07-09 04:20:46.490] [info] [gpu_pipeline_task.cpp:188] [locality-audit] prepare_after pipeline_id=6 task_id=146 preferred_device=1 actual_gpu=1 target_tier=GPU target_device=1 input_bytes=168251984 local_bytes=168251984 remote_gpu_bytes=0 host_bytes=0 disk_bytes=0 batch_count=1
[2026-07-09 04:20:46.493] [info] [gpu_pipeline_task.cpp:321] [stage-audit] pipeline_id=6 task_id=146 operator_id=33 operator_name=PARTITION stage_kind=PARTITION operator_type=82 input_type=PIPELINEABLE output_type=PIPELINEABLE actual_gpu=1 pipeline_operator_count=1 input_batches=1 input_rows=20707930 input_columns=1 input_bytes=168251984 output_batches=2 output_rows=20707930 output_columns=2 output_bytes=165663440 byte_ratio=0.984615 row_ratio=1.000000 duration_us=2123
[2026-07-09 04:20:46.493] [info] [task_scheduler.cpp:462] [mgpu-audit] pipeline_task dispatched to GPU 1 task_id=152
[2026-07-09 04:20:46.493] [info] [task_scheduler.cpp:464] [locality-audit] dispatch task_id=152 preferred_device=1 actual_gpu=1
[2026-07-09 04:20:46.493] [info] [gpu_pipeline_task.cpp:188] [locality-audit] prepare_before pipeline_id=6 task_id=144 preferred_device=1 actual_gpu=1 target_tier=GPU target_device=1 input_bytes=168254600 local_bytes=0 remote_gpu_bytes=0 host_bytes=168254600 disk_bytes=0 batch_count=1
[2026-07-09 04:20:46.500] [info] [gpu_pipeline_task.cpp:188] [locality-audit] prepare_after pipeline_id=6 task_id=144 preferred_device=1 actual_gpu=1 target_tier=GPU target_device=1 input_bytes=168254600 local_bytes=168254600 remote_gpu_bytes=0 host_bytes=0 disk_bytes=0 batch_count=1
[2026-07-09 04:20:46.502] [info] [gpu_pipeline_task.cpp:321] [stage-audit] pipeline_id=6 task_id=144 operator_id=33 operator_name=PARTITION stage_kind=PARTITION operator_type=82 input_type=PIPELINEABLE output_type=PIPELINEABLE actual_gpu=1 pipeline_operator_count=1 input_batches=1 input_rows=20708257 input_columns=1 input_bytes=168254600 output_batches=2 output_rows=20708257 output_columns=2 output_bytes=165666056 byte_ratio=0.984615 row_ratio=1.000000 duration_us=1985
[2026-07-09 04:20:46.502] [info] [gpu_pipeline_task.cpp:188] [locality-audit] prepare_before pipeline_id=6 task_id=149 preferred_device=1 actual_gpu=1 target_tier=GPU target_device=1 input_bytes=168256752 local_bytes=168256752 remote_gpu_bytes=0 host_bytes=0 disk_bytes=0 batch_count=1
[2026-07-09 04:20:46.502] [info] [gpu_pipeline_task.cpp:188] [locality-audit] prepare_after pipeline_id=6 task_id=149 preferred_device=1 actual_gpu=1 target_tier=GPU target_device=1 input_bytes=168256752 local_bytes=168256752 remote_gpu_bytes=0 host_bytes=0 disk_bytes=0 batch_count=1
[2026-07-09 04:20:46.502] [info] [task_scheduler.cpp:462] [mgpu-audit] pipeline_task dispatched to GPU 1 task_id=153
[2026-07-09 04:20:46.502] [info] [task_scheduler.cpp:464] [locality-audit] dispatch task_id=153 preferred_device=1 actual_gpu=1
[2026-07-09 04:20:46.504] [info] [gpu_pipeline_task.cpp:321] [stage-audit] pipeline_id=6 task_id=149 operator_id=33 operator_name=PARTITION stage_kind=PARTITION operator_type=82 input_type=PIPELINEABLE output_type=PIPELINEABLE actual_gpu=1 pipeline_operator_count=1 input_batches=1 input_rows=20708518 input_columns=1 input_bytes=168256752 output_batches=2 output_rows=20708518 output_columns=2 output_bytes=165668144 byte_ratio=0.984615 row_ratio=1.000000 duration_us=1946
[2026-07-09 04:20:46.517] [info] [gpu_pipeline_task.cpp:188] [locality-audit] prepare_before pipeline_id=7 task_id=152 preferred_device=1 actual_gpu=1 target_tier=GPU target_device=1 input_bytes=496845624 local_bytes=248350920 remote_gpu_bytes=248494704 host_bytes=0 disk_bytes=0 batch_count=6
[2026-07-09 04:20:46.517] [info] [gpu_pipeline_task.cpp:188] [locality-audit] prepare_before pipeline_id=7 task_id=153 preferred_device=1 actual_gpu=1 target_tier=GPU target_device=1 input_bytes=82938032 local_bytes=0 remote_gpu_bytes=0 host_bytes=82938032 disk_bytes=0 batch_count=1
[2026-07-09 04:20:46.521] [info] [gpu_pipeline_task.cpp:188] [locality-audit] prepare_after pipeline_id=7 task_id=153 preferred_device=1 actual_gpu=1 target_tier=GPU target_device=1 input_bytes=82938032 local_bytes=82938032 remote_gpu_bytes=0 host_bytes=0 disk_bytes=0 batch_count=1
[2026-07-09 04:20:46.521] [info] [gpu_pipeline_task.cpp:321] [stage-audit] pipeline_id=7 task_id=153 operator_id=32 operator_name=CONCAT stage_kind=CONCAT operator_type=83 input_type=PARTITIONED output_type=PARTITIONED actual_gpu=1 pipeline_operator_count=1 input_batches=1 input_rows=10367254 input_columns=1 input_bytes=82938032 output_batches=1 output_rows=10367254 output_columns=1 output_bytes=82938032 byte_ratio=1.000000 row_ratio=1.000000 duration_us=10
[2026-07-09 04:20:46.532] [info] [gpu_pipeline_task.cpp:188] [locality-audit] prepare_after pipeline_id=7 task_id=152 preferred_device=1 actual_gpu=1 target_tier=GPU target_device=1 input_bytes=496845624 local_bytes=496845624 remote_gpu_bytes=0 host_bytes=0 disk_bytes=0 batch_count=6
[2026-07-09 04:20:46.534] [info] [gpu_pipeline_task.cpp:321] [stage-audit] pipeline_id=7 task_id=152 operator_id=32 operator_name=CONCAT stage_kind=CONCAT operator_type=83 input_type=PARTITIONED output_type=PARTITIONED actual_gpu=1 pipeline_operator_count=1 input_batches=6 input_rows=62105703 input_columns=6 input_bytes=496845624 output_batches=1 output_rows=62105703 output_columns=1 output_bytes=496845624 byte_ratio=1.000000 row_ratio=1.000000 duration_us=1883
[2026-07-09 04:20:46.590] [info] [sirius_scan_manager.cpp:1014] [fixed-page-cache] page_budget applied scope=global device=0 policy=score budget_bytes_per_gpu=4294967296 evicted_pages=10 evicted_bytes=164546660 resident_bytes_after=4293255524 min_score=440 max_score=1050
[2026-07-09 04:20:46.590] [info] [sirius_scan_manager.cpp:1513] [fixed-page-cache] page_directory appended table='__wdy_auto_fixed_page:/mnt/nvme/dataset/lineitem.parquet;' fixed_cols=3 pages=1174 resident_pages=526 resident_bytes=8583094244 stats_pages=1174 evicted_pages=648 eviction_count=10 directory_entries=1174 page_bytes=16777216 rows=1200075804 owned_pages=1
[2026-07-09 04:20:46.590] [info] [parquet_gpu_ingestible.cpp:756] [fixed-page-cache] auto_cache_populate table='__wdy_auto_fixed_page:/mnt/nvme/dataset/lineitem.parquet;' rows=10480773 columns=3
[2026-07-09 04:20:46.590] [info] [gpu_pipeline_task.cpp:321] [stage-audit] pipeline_id=5 task_id=131 operator_id=30 operator_name=GPU_SCAN stage_kind=SCAN operator_type=94 input_type=GPU_SCAN output_type=PIPELINEABLE actual_gpu=0 pipeline_operator_count=3 input_batches=0 input_rows=0 input_columns=0 input_bytes=0 output_batches=1 output_rows=10480773 output_columns=3 output_bytes=171622800 byte_ratio=0.000000 row_ratio=0.000000 duration_us=163100
[2026-07-09 04:20:46.591] [info] [gpu_pipeline_task.cpp:321] [stage-audit] pipeline_id=5 task_id=131 operator_id=31 operator_name=DYNAMIC_FILTER stage_kind=OTHER operator_type=95 input_type=PIPELINEABLE output_type=PIPELINEABLE actual_gpu=0 pipeline_operator_count=3 input_batches=1 input_rows=10480773 input_columns=3 input_bytes=171622800 output_batches=1 output_rows=10480773 output_columns=3 output_bytes=171622800 byte_ratio=1.000000 row_ratio=1.000000 duration_us=2
[2026-07-09 04:20:46.591] [info] [gpu_pipeline_task.cpp:321] [stage-audit] pipeline_id=5 task_id=131 operator_id=14 operator_name=FILTER stage_kind=FILTER operator_type=12 input_type=PIPELINEABLE output_type=PIPELINEABLE actual_gpu=0 pipeline_operator_count=3 input_batches=1 input_rows=10480773 input_columns=3 input_bytes=171622800 output_batches=1 output_rows=6627875 output_columns=1 output_bytes=53851544 byte_ratio=0.313778 row_ratio=0.632384 duration_us=667
[2026-07-09 04:20:46.591] [info] [task_creator.cpp:363] [locality-audit] task_create operator_id=33 input_bytes=53851544 local_bytes=53851544 gpu_source_bytes=53851544 host_source_bytes=0 disk_source_bytes=0 gpu_sources=1 host_sources=0 preferred_device=0
[2026-07-09 04:20:46.592] [info] [task_scheduler.cpp:462] [mgpu-audit] pipeline_task dispatched to GPU 0 task_id=141
[2026-07-09 04:20:46.592] [info] [task_scheduler.cpp:464] [locality-audit] dispatch task_id=141 preferred_device=0 actual_gpu=0
[2026-07-09 04:20:46.592] [info] [task_scheduler.cpp:462] [mgpu-audit] pipeline_task dispatched to GPU 0 task_id=147
[2026-07-09 04:20:46.592] [info] [task_scheduler.cpp:464] [locality-audit] dispatch task_id=147 preferred_device=0 actual_gpu=0
[2026-07-09 04:20:46.592] [info] [gpu_pipeline_task.cpp:188] [locality-audit] prepare_before pipeline_id=6 task_id=138 preferred_device=0 actual_gpu=0 target_tier=GPU target_device=0 input_bytes=168264152 local_bytes=0 remote_gpu_bytes=0 host_bytes=168264152 disk_bytes=0 batch_count=1
[2026-07-09 04:20:46.592] [info] [gpu_pipeline_task.cpp:188] [locality-audit] prepare_before pipeline_id=6 task_id=142 preferred_device=0 actual_gpu=0 target_tier=GPU target_device=0 input_bytes=168271904 local_bytes=0 remote_gpu_bytes=0 host_bytes=168271904 disk_bytes=0 batch_count=1
[2026-07-09 04:20:46.599] [info] [gpu_pipeline_task.cpp:188] [locality-audit] prepare_after pipeline_id=6 task_id=138 preferred_device=0 actual_gpu=0 target_tier=GPU target_device=0 input_bytes=168264152 local_bytes=168264152 remote_gpu_bytes=0 host_bytes=0 disk_bytes=0 batch_count=1
[2026-07-09 04:20:46.601] [info] [gpu_pipeline_task.cpp:321] [stage-audit] pipeline_id=6 task_id=138 operator_id=33 operator_name=PARTITION stage_kind=PARTITION operator_type=82 input_type=PIPELINEABLE output_type=PIPELINEABLE actual_gpu=0 pipeline_operator_count=1 input_batches=1 input_rows=20709427 input_columns=1 input_bytes=168264152 output_batches=2 output_rows=20709427 output_columns=2 output_bytes=165675416 byte_ratio=0.984615 row_ratio=1.000000 duration_us=2226
[2026-07-09 04:20:46.605] [info] [gpu_pipeline_task.cpp:188] [locality-audit] prepare_after pipeline_id=6 task_id=142 preferred_device=0 actual_gpu=0 target_tier=GPU target_device=0 input_bytes=168271904 local_bytes=168271904 remote_gpu_bytes=0 host_bytes=0 disk_bytes=0 batch_count=1
[2026-07-09 04:20:46.607] [info] [gpu_pipeline_task.cpp:321] [stage-audit] pipeline_id=6 task_id=142 operator_id=33 operator_name=PARTITION stage_kind=PARTITION operator_type=82 input_type=PIPELINEABLE output_type=PIPELINEABLE actual_gpu=0 pipeline_operator_count=1 input_batches=1 input_rows=20710388 input_columns=1 input_bytes=168271904 output_batches=2 output_rows=20710388 output_columns=2 output_bytes=165683104 byte_ratio=0.984615 row_ratio=1.000000 duration_us=1969
[2026-07-09 04:20:46.608] [info] [task_scheduler.cpp:462] [mgpu-audit] pipeline_task dispatched to GPU 0 task_id=145
[2026-07-09 04:20:46.608] [info] [task_scheduler.cpp:464] [locality-audit] dispatch task_id=145 preferred_device=0 actual_gpu=0
[2026-07-09 04:20:46.608] [info] [gpu_pipeline_task.cpp:188] [locality-audit] prepare_before pipeline_id=6 task_id=141 preferred_device=0 actual_gpu=0 target_tier=GPU target_device=0 input_bytes=168269872 local_bytes=0 remote_gpu_bytes=0 host_bytes=168269872 disk_bytes=0 batch_count=1
[2026-07-09 04:20:46.608] [info] [task_scheduler.cpp:462] [mgpu-audit] pipeline_task dispatched to GPU 1 task_id=157
[2026-07-09 04:20:46.608] [info] [task_scheduler.cpp:464] [locality-audit] dispatch task_id=157 preferred_device=1 actual_gpu=1
[2026-07-09 04:20:46.608] [info] [task_scheduler.cpp:462] [mgpu-audit] pipeline_task dispatched to GPU 1 task_id=158
[2026-07-09 04:20:46.608] [info] [task_scheduler.cpp:464] [locality-audit] dispatch task_id=158 preferred_device=1 actual_gpu=1
[2026-07-09 04:20:46.612] [error] [downgrade_executor.cpp:323] [downgrade] convert failed from task queue: CUDA error at: /home/dy1013/sirius_multi-gpu/cucascade/src/cudf/representation_converter_builtins.cpp:325: cudaErrorInvalidValue invalid argument
[2026-07-09 04:20:46.615] [info] [gpu_pipeline_task.cpp:188] [locality-audit] prepare_after pipeline_id=6 task_id=141 preferred_device=0 actual_gpu=0 target_tier=GPU target_device=0 input_bytes=168269872 local_bytes=168269872 remote_gpu_bytes=0 host_bytes=0 disk_bytes=0 batch_count=1
[2026-07-09 04:20:46.617] [info] [gpu_pipeline_task.cpp:321] [stage-audit] pipeline_id=6 task_id=141 operator_id=33 operator_name=PARTITION stage_kind=PARTITION operator_type=82 input_type=PIPELINEABLE output_type=PIPELINEABLE actual_gpu=0 pipeline_operator_count=1 input_batches=1 input_rows=20710134 input_columns=1 input_bytes=168269872 output_batches=2 output_rows=20710134 output_columns=2 output_bytes=165681072 byte_ratio=0.984615 row_ratio=1.000000 duration_us=2022
[2026-07-09 04:20:46.617] [info] [task_scheduler.cpp:462] [mgpu-audit] pipeline_task dispatched to GPU 0 task_id=148
[2026-07-09 04:20:46.617] [info] [task_scheduler.cpp:464] [locality-audit] dispatch task_id=148 preferred_device=0 actual_gpu=0
[2026-07-09 04:20:46.617] [info] [gpu_pipeline_task.cpp:188] [locality-audit] prepare_before pipeline_id=6 task_id=147 preferred_device=0 actual_gpu=0 target_tier=GPU target_device=0 input_bytes=168271024 local_bytes=0 remote_gpu_bytes=0 host_bytes=168271024 disk_bytes=0 batch_count=1
[2026-07-09 04:20:46.624] [info] [gpu_pipeline_task.cpp:188] [locality-audit] prepare_after pipeline_id=6 task_id=147 preferred_device=0 actual_gpu=0 target_tier=GPU target_device=0 input_bytes=168271024 local_bytes=168271024 remote_gpu_bytes=0 host_bytes=0 disk_bytes=0 batch_count=1
[2026-07-09 04:20:46.626] [info] [gpu_pipeline_task.cpp:321] [stage-audit] pipeline_id=6 task_id=147 operator_id=33 operator_name=PARTITION stage_kind=PARTITION operator_type=82 input_type=PIPELINEABLE output_type=PIPELINEABLE actual_gpu=0 pipeline_operator_count=1 input_batches=1 input_rows=20710278 input_columns=1 input_bytes=168271024 output_batches=2 output_rows=20710278 output_columns=2 output_bytes=165682224 byte_ratio=0.984615 row_ratio=1.000000 duration_us=1972
[2026-07-09 04:20:46.640] [error] [downgrade_executor.cpp:323] [downgrade] convert failed from task queue: CUDA error at: /home/dy1013/sirius_multi-gpu/cucascade/src/cudf/representation_converter_builtins.cpp:325: cudaErrorInvalidValue invalid argument
[2026-07-09 04:20:46.640] [info] [gpu_pipeline_task.cpp:188] [locality-audit] prepare_before pipeline_id=7 task_id=157 preferred_device=1 actual_gpu=1 target_tier=GPU target_device=1 input_bytes=497163720 local_bytes=0 remote_gpu_bytes=82839016 host_bytes=414324704 disk_bytes=0 batch_count=6
[2026-07-09 04:20:46.640] [info] [gpu_pipeline_task.cpp:188] [locality-audit] prepare_before pipeline_id=7 task_id=158 preferred_device=1 actual_gpu=1 target_tier=GPU target_device=1 input_bytes=82866128 local_bytes=0 remote_gpu_bytes=82866128 host_bytes=0 disk_bytes=0 batch_count=1
[2026-07-09 04:20:46.646] [error] [downgrade_executor.cpp:323] [downgrade] convert failed from task queue: CUDA error at: /home/dy1013/sirius_multi-gpu/cucascade/src/cudf/representation_converter_builtins.cpp:325: cudaErrorInvalidValue invalid argument
[2026-07-09 04:20:46.646] [info] [gpu_pipeline_task.cpp:188] [locality-audit] prepare_before pipeline_id=6 task_id=145 preferred_device=0 actual_gpu=0 target_tier=GPU target_device=0 input_bytes=168269368 local_bytes=0 remote_gpu_bytes=0 host_bytes=168269368 disk_bytes=0 batch_count=1
[2026-07-09 04:20:46.646] [info] [task_scheduler.cpp:462] [mgpu-audit] pipeline_task dispatched to GPU 0 task_id=154
[2026-07-09 04:20:46.646] [info] [task_scheduler.cpp:464] [locality-audit] dispatch task_id=154 preferred_device=0 actual_gpu=0
[2026-07-09 04:20:46.646] [info] [task_scheduler.cpp:462] [mgpu-audit] pipeline_task dispatched to GPU 0 task_id=151
[2026-07-09 04:20:46.646] [info] [task_scheduler.cpp:464] [locality-audit] dispatch task_id=151 preferred_device=0 actual_gpu=0
[2026-07-09 04:20:46.646] [info] [gpu_pipeline_task.cpp:188] [locality-audit] prepare_before pipeline_id=6 task_id=148 preferred_device=0 actual_gpu=0 target_tier=GPU target_device=0 input_bytes=168295632 local_bytes=168295632 remote_gpu_bytes=0 host_bytes=0 disk_bytes=0 batch_count=1
[2026-07-09 04:20:46.646] [info] [gpu_pipeline_task.cpp:188] [locality-audit] prepare_after pipeline_id=6 task_id=148 preferred_device=0 actual_gpu=0 target_tier=GPU target_device=0 input_bytes=168295632 local_bytes=168295632 remote_gpu_bytes=0 host_bytes=0 disk_bytes=0 batch_count=1
[2026-07-09 04:20:46.648] [info] [gpu_pipeline_task.cpp:321] [stage-audit] pipeline_id=6 task_id=148 operator_id=33 operator_name=PARTITION stage_kind=PARTITION operator_type=82 input_type=PIPELINEABLE output_type=PIPELINEABLE actual_gpu=0 pipeline_operator_count=1 input_batches=1 input_rows=20713306 input_columns=1 input_bytes=168295632 output_batches=2 output_rows=20713306 output_columns=2 output_bytes=165706448 byte_ratio=0.984615 row_ratio=1.000000 duration_us=2408
[2026-07-09 04:20:46.648] [info] [gpu_pipeline_task.cpp:188] [locality-audit] prepare_before pipeline_id=6 task_id=154 preferred_device=0 actual_gpu=0 target_tier=GPU target_device=0 input_bytes=53851544 local_bytes=53851544 remote_gpu_bytes=0 host_bytes=0 disk_bytes=0 batch_count=1
[2026-07-09 04:20:46.648] [info] [gpu_pipeline_task.cpp:188] [locality-audit] prepare_after pipeline_id=6 task_id=154 preferred_device=0 actual_gpu=0 target_tier=GPU target_device=0 input_bytes=53851544 local_bytes=53851544 remote_gpu_bytes=0 host_bytes=0 disk_bytes=0 batch_count=1
[2026-07-09 04:20:46.648] [info] [task_scheduler.cpp:462] [mgpu-audit] pipeline_task dispatched to GPU 0 task_id=156
[2026-07-09 04:20:46.648] [info] [task_scheduler.cpp:464] [locality-audit] dispatch task_id=156 preferred_device=0 actual_gpu=0
[2026-07-09 04:20:46.648] [info] [task_scheduler.cpp:462] [mgpu-audit] pipeline_task dispatched to GPU 0 task_id=155
[2026-07-09 04:20:46.648] [info] [task_scheduler.cpp:464] [locality-audit] dispatch task_id=155 preferred_device=0 actual_gpu=0
[2026-07-09 04:20:46.648] [info] [gpu_pipeline_task.cpp:188] [locality-audit] prepare_before pipeline_id=7 task_id=151 preferred_device=0 actual_gpu=0 target_tier=GPU target_device=0 input_bytes=82788136 local_bytes=0 remote_gpu_bytes=0 host_bytes=82788136 disk_bytes=0 batch_count=1
[2026-07-09 04:20:46.649] [info] [gpu_pipeline_task.cpp:188] [locality-audit] prepare_before pipeline_id=7 task_id=156 preferred_device=0 actual_gpu=0 target_tier=GPU target_device=0 input_bytes=82816976 local_bytes=82816976 remote_gpu_bytes=0 host_bytes=0 disk_bytes=0 batch_count=1
[2026-07-09 04:20:46.649] [info] [gpu_pipeline_task.cpp:188] [locality-audit] prepare_after pipeline_id=7 task_id=156 preferred_device=0 actual_gpu=0 target_tier=GPU target_device=0 input_bytes=82816976 local_bytes=82816976 remote_gpu_bytes=0 host_bytes=0 disk_bytes=0 batch_count=1
[2026-07-09 04:20:46.649] [info] [gpu_pipeline_task.cpp:321] [stage-audit] pipeline_id=7 task_id=156 operator_id=32 operator_name=CONCAT stage_kind=CONCAT operator_type=83 input_type=PARTITIONED output_type=PARTITIONED actual_gpu=0 pipeline_operator_count=1 input_batches=1 input_rows=10352122 input_columns=1 input_bytes=82816976 output_batches=1 output_rows=10352122 output_columns=1 output_bytes=82816976 byte_ratio=1.000000 row_ratio=1.000000 duration_us=15
[2026-07-09 04:20:46.649] [info] [task_scheduler.cpp:462] [mgpu-audit] pipeline_task dispatched to GPU 0 task_id=150
[2026-07-09 04:20:46.649] [info] [task_scheduler.cpp:464] [locality-audit] dispatch task_id=150 preferred_device=0 actual_gpu=0
[2026-07-09 04:20:46.649] [info] [gpu_pipeline_task.cpp:321] [stage-audit] pipeline_id=6 task_id=154 operator_id=33 operator_name=PARTITION stage_kind=PARTITION operator_type=82 input_type=PIPELINEABLE output_type=PIPELINEABLE actual_gpu=0 pipeline_operator_count=1 input_batches=1 input_rows=6627875 input_columns=1 input_bytes=53851544 output_batches=2 output_rows=6627875 output_columns=2 output_bytes=53023000 byte_ratio=0.984614 row_ratio=1.000000 duration_us=888
[2026-07-09 04:20:46.653] [info] [gpu_pipeline_task.cpp:188] [locality-audit] prepare_after pipeline_id=6 task_id=145 preferred_device=0 actual_gpu=0 target_tier=GPU target_device=0 input_bytes=168269368 local_bytes=168269368 remote_gpu_bytes=0 host_bytes=0 disk_bytes=0 batch_count=1
[2026-07-09 04:20:46.655] [info] [gpu_pipeline_task.cpp:321] [stage-audit] pipeline_id=6 task_id=145 operator_id=33 operator_name=PARTITION stage_kind=PARTITION operator_type=82 input_type=PIPELINEABLE output_type=PIPELINEABLE actual_gpu=0 pipeline_operator_count=1 input_batches=1 input_rows=20710071 input_columns=1 input_bytes=168269368 output_batches=2 output_rows=20710071 output_columns=2 output_bytes=165680568 byte_ratio=0.984615 row_ratio=1.000000 duration_us=2125
[2026-07-09 04:20:46.655] [info] [task_scheduler.cpp:462] [mgpu-audit] pipeline_task dispatched to GPU 1 task_id=160
[2026-07-09 04:20:46.655] [info] [task_scheduler.cpp:464] [locality-audit] dispatch task_id=160 preferred_device=1 actual_gpu=1
[2026-07-09 04:20:46.656] [info] [gpu_pipeline_task.cpp:188] [locality-audit] prepare_after pipeline_id=7 task_id=151 preferred_device=0 actual_gpu=0 target_tier=GPU target_device=0 input_bytes=82788136 local_bytes=82788136 remote_gpu_bytes=0 host_bytes=0 disk_bytes=0 batch_count=1
[2026-07-09 04:20:46.656] [info] [gpu_pipeline_task.cpp:321] [stage-audit] pipeline_id=7 task_id=151 operator_id=32 operator_name=CONCAT stage_kind=CONCAT operator_type=83 input_type=PARTITIONED output_type=PARTITIONED actual_gpu=0 pipeline_operator_count=1 input_batches=1 input_rows=10348517 input_columns=1 input_bytes=82788136 output_batches=1 output_rows=10348517 output_columns=1 output_bytes=82788136 byte_ratio=1.000000 row_ratio=1.000000 duration_us=1
[2026-07-09 04:20:46.670] [info] [task_scheduler.cpp:462] [mgpu-audit] pipeline_task dispatched to GPU 0 task_id=159
[2026-07-09 04:20:46.670] [info] [task_scheduler.cpp:464] [locality-audit] dispatch task_id=159 preferred_device=0 actual_gpu=0
[2026-07-09 04:20:46.670] [info] [gpu_pipeline_task.cpp:188] [locality-audit] prepare_before pipeline_id=7 task_id=155 preferred_device=0 actual_gpu=0 target_tier=GPU target_device=0 input_bytes=496879816 local_bytes=82836400 remote_gpu_bytes=0 host_bytes=414043416 disk_bytes=0 batch_count=6
[2026-07-09 04:20:46.674] [info] [gpu_pipeline_task.cpp:188] [locality-audit] prepare_after pipeline_id=7 task_id=158 preferred_device=1 actual_gpu=1 target_tier=GPU target_device=1 input_bytes=82866128 local_bytes=82866128 remote_gpu_bytes=0 host_bytes=0 disk_bytes=0 batch_count=1
[2026-07-09 04:20:46.674] [info] [gpu_pipeline_task.cpp:321] [stage-audit] pipeline_id=7 task_id=158 operator_id=32 operator_name=CONCAT stage_kind=CONCAT operator_type=83 input_type=PARTITIONED output_type=PARTITIONED actual_gpu=1 pipeline_operator_count=1 input_batches=1 input_rows=10358266 input_columns=1 input_bytes=82866128 output_batches=1 output_rows=10358266 output_columns=1 output_bytes=82866128 byte_ratio=1.000000 row_ratio=1.000000 duration_us=1
[2026-07-09 04:20:46.678] [info] [gpu_pipeline_task.cpp:188] [locality-audit] prepare_after pipeline_id=7 task_id=157 preferred_device=1 actual_gpu=1 target_tier=GPU target_device=1 input_bytes=497163720 local_bytes=497163720 remote_gpu_bytes=0 host_bytes=0 disk_bytes=0 batch_count=6
[2026-07-09 04:20:46.680] [info] [gpu_pipeline_task.cpp:321] [stage-audit] pipeline_id=7 task_id=157 operator_id=32 operator_name=CONCAT stage_kind=CONCAT operator_type=83 input_type=PARTITIONED output_type=PARTITIONED actual_gpu=1 pipeline_operator_count=1 input_batches=6 input_rows=62145465 input_columns=6 input_bytes=497163720 output_batches=1 output_rows=62145465 output_columns=1 output_bytes=497163720 byte_ratio=1.000000 row_ratio=1.000000 duration_us=2272
[2026-07-09 04:20:46.681] [info] [gpu_pipeline_task.cpp:188] [locality-audit] prepare_before pipeline_id=7 task_id=160 preferred_device=1 actual_gpu=1 target_tier=GPU target_device=1 input_bytes=357888800 local_bytes=0 remote_gpu_bytes=192180264 host_bytes=165708536 disk_bytes=0 batch_count=5
[2026-07-09 04:20:46.689] [info] [gpu_pipeline_task.cpp:188] [locality-audit] prepare_after pipeline_id=7 task_id=155 preferred_device=0 actual_gpu=0 target_tier=GPU target_device=0 input_bytes=496879816 local_bytes=496879816 remote_gpu_bytes=0 host_bytes=0 disk_bytes=0 batch_count=6
[2026-07-09 04:20:46.691] [info] [gpu_pipeline_task.cpp:321] [stage-audit] pipeline_id=7 task_id=155 operator_id=32 operator_name=CONCAT stage_kind=CONCAT operator_type=83 input_type=PARTITIONED output_type=PARTITIONED actual_gpu=0 pipeline_operator_count=1 input_batches=6 input_rows=62109977 input_columns=6 input_bytes=496879816 output_batches=1 output_rows=62109977 output_columns=1 output_bytes=496879816 byte_ratio=1.000000 row_ratio=1.000000 duration_us=1826
[2026-07-09 04:20:46.711] [info] [gpu_pipeline_task.cpp:188] [locality-audit] prepare_before pipeline_id=7 task_id=150 preferred_device=0 actual_gpu=0 target_tier=GPU target_device=0 input_bytes=496780048 local_bytes=82803664 remote_gpu_bytes=248399256 host_bytes=165577128 disk_bytes=0 batch_count=6
[2026-07-09 04:20:46.711] [info] [gpu_pipeline_task.cpp:188] [locality-audit] prepare_before pipeline_id=7 task_id=159 preferred_device=0 actual_gpu=0 target_tier=GPU target_device=0 input_bytes=357884512 local_bytes=0 remote_gpu_bytes=0 host_bytes=357884512 disk_bytes=0 batch_count=5
[2026-07-09 04:20:46.717] [info] [gpu_pipeline_task.cpp:188] [locality-audit] prepare_after pipeline_id=7 task_id=160 preferred_device=1 actual_gpu=1 target_tier=GPU target_device=1 input_bytes=357888800 local_bytes=357888800 remote_gpu_bytes=0 host_bytes=0 disk_bytes=0 batch_count=5
[2026-07-09 04:20:46.718] [info] [gpu_pipeline_task.cpp:321] [stage-audit] pipeline_id=7 task_id=160 operator_id=32 operator_name=CONCAT stage_kind=CONCAT operator_type=83 input_type=PARTITIONED output_type=PARTITIONED actual_gpu=1 pipeline_operator_count=1 input_batches=5 input_rows=44736100 input_columns=5 input_bytes=357888800 output_batches=1 output_rows=44736100 output_columns=1 output_bytes=357888800 byte_ratio=1.000000 row_ratio=1.000000 duration_us=1737
[2026-07-09 04:20:46.733] [info] [gpu_pipeline_task.cpp:188] [locality-audit] prepare_after pipeline_id=7 task_id=159 preferred_device=0 actual_gpu=0 target_tier=GPU target_device=0 input_bytes=357884512 local_bytes=357884512 remote_gpu_bytes=0 host_bytes=0 disk_bytes=0 batch_count=5
[2026-07-09 04:20:46.734] [info] [gpu_pipeline_task.cpp:321] [stage-audit] pipeline_id=7 task_id=159 operator_id=32 operator_name=CONCAT stage_kind=CONCAT operator_type=83 input_type=PARTITIONED output_type=PARTITIONED actual_gpu=0 pipeline_operator_count=1 input_batches=5 input_rows=44735564 input_columns=5 input_bytes=357884512 output_batches=1 output_rows=44735564 output_columns=1 output_bytes=357884512 byte_ratio=1.000000 row_ratio=1.000000 duration_us=1146
[2026-07-09 04:20:46.744] [info] [gpu_pipeline_task.cpp:188] [locality-audit] prepare_after pipeline_id=7 task_id=150 preferred_device=0 actual_gpu=0 target_tier=GPU target_device=0 input_bytes=496780048 local_bytes=496780048 remote_gpu_bytes=0 host_bytes=0 disk_bytes=0 batch_count=6
[2026-07-09 04:20:46.747] [info] [gpu_pipeline_task.cpp:321] [stage-audit] pipeline_id=7 task_id=150 operator_id=32 operator_name=CONCAT stage_kind=CONCAT operator_type=83 input_type=PARTITIONED output_type=PARTITIONED actual_gpu=0 pipeline_operator_count=1 input_batches=6 input_rows=62097506 input_columns=6 input_bytes=496780048 output_batches=1 output_rows=62097506 output_columns=1 output_bytes=496780048 byte_ratio=1.000000 row_ratio=1.000000 duration_us=2203
[2026-07-09 04:20:46.747] [info] [task_scheduler.cpp:462] [mgpu-audit] pipeline_task dispatched to GPU 0 task_id=161
[2026-07-09 04:20:46.747] [info] [task_scheduler.cpp:464] [locality-audit] dispatch task_id=161 preferred_device=0 actual_gpu=0
[2026-07-09 04:20:46.747] [info] [task_scheduler.cpp:462] [mgpu-audit] pipeline_task dispatched to GPU 0 task_id=162
[2026-07-09 04:20:46.747] [info] [task_scheduler.cpp:464] [locality-audit] dispatch task_id=162 preferred_device=0 actual_gpu=0
[2026-07-09 04:20:46.747] [info] [task_scheduler.cpp:462] [mgpu-audit] pipeline_task dispatched to GPU 1 task_id=166
[2026-07-09 04:20:46.747] [info] [task_scheduler.cpp:464] [locality-audit] dispatch task_id=166 preferred_device=1 actual_gpu=1
[2026-07-09 04:20:46.747] [info] [task_scheduler.cpp:462] [mgpu-audit] pipeline_task dispatched to GPU 1 task_id=167
[2026-07-09 04:20:46.747] [info] [task_scheduler.cpp:464] [locality-audit] dispatch task_id=167 preferred_device=1 actual_gpu=1
[2026-07-09 04:20:46.747] [info] [task_scheduler.cpp:462] [mgpu-audit] pipeline_task dispatched to GPU 0 task_id=163
[2026-07-09 04:20:46.747] [info] [task_scheduler.cpp:464] [locality-audit] dispatch task_id=163 preferred_device=0 actual_gpu=0
[2026-07-09 04:20:46.747] [info] [task_scheduler.cpp:462] [mgpu-audit] pipeline_task dispatched to GPU 0 task_id=164
[2026-07-09 04:20:46.747] [info] [task_scheduler.cpp:464] [locality-audit] dispatch task_id=164 preferred_device=0 actual_gpu=0
[2026-07-09 04:20:46.747] [info] [gpu_pipeline_task.cpp:188] [locality-audit] prepare_before pipeline_id=8 task_id=161 preferred_device=0 actual_gpu=0 target_tier=GPU target_device=0 input_bytes=105776792 local_bytes=0 remote_gpu_bytes=0 host_bytes=105776792 disk_bytes=0 batch_count=2
[2026-07-09 04:20:46.747] [info] [task_scheduler.cpp:462] [mgpu-audit] pipeline_task dispatched to GPU 1 task_id=168
[2026-07-09 04:20:46.747] [info] [task_scheduler.cpp:464] [locality-audit] dispatch task_id=168 preferred_device=1 actual_gpu=1
[2026-07-09 04:20:46.747] [info] [gpu_pipeline_task.cpp:188] [locality-audit] prepare_before pipeline_id=8 task_id=162 preferred_device=0 actual_gpu=0 target_tier=GPU target_device=0 input_bytes=105747952 local_bytes=0 remote_gpu_bytes=0 host_bytes=105747952 disk_bytes=0 batch_count=2
[2026-07-09 04:20:46.747] [info] [gpu_pipeline_task.cpp:188] [locality-audit] prepare_before pipeline_id=8 task_id=166 preferred_device=1 actual_gpu=1 target_tier=GPU target_device=1 input_bytes=105887824 local_bytes=0 remote_gpu_bytes=0 host_bytes=105887824 disk_bytes=0 batch_count=2
[2026-07-09 04:20:46.752] [info] [gpu_pipeline_task.cpp:188] [locality-audit] prepare_after pipeline_id=8 task_id=166 preferred_device=1 actual_gpu=1 target_tier=GPU target_device=1 input_bytes=105887824 local_bytes=105887824 remote_gpu_bytes=0 host_bytes=0 disk_bytes=0 batch_count=2
[2026-07-09 04:20:46.755] [info] [gpu_pipeline_task.cpp:188] [locality-audit] prepare_after pipeline_id=8 task_id=161 preferred_device=0 actual_gpu=0 target_tier=GPU target_device=0 input_bytes=105776792 local_bytes=105776792 remote_gpu_bytes=0 host_bytes=0 disk_bytes=0 batch_count=2
[2026-07-09 04:20:46.755] [info] [gpu_pipeline_task.cpp:188] [locality-audit] prepare_after pipeline_id=8 task_id=162 preferred_device=0 actual_gpu=0 target_tier=GPU target_device=0 input_bytes=105747952 local_bytes=105747952 remote_gpu_bytes=0 host_bytes=0 disk_bytes=0 batch_count=2
[2026-07-09 04:20:46.756] [info] [gpu_pipeline_task.cpp:321] [stage-audit] pipeline_id=8 task_id=166 operator_id=16 operator_name=HASH_JOIN stage_kind=JOIN operator_type=33 input_type=PARTITIONED output_type=PIPELINEABLE actual_gpu=1 pipeline_operator_count=2 input_batches=2 input_rows=13235978 input_columns=2 input_bytes=105887824 output_batches=1 output_rows=396881 output_columns=2 output_bytes=6350096 byte_ratio=0.059970 row_ratio=0.029985 duration_us=3859
[2026-07-09 04:20:46.756] [info] [gpu_pipeline_task.cpp:321] [stage-audit] pipeline_id=8 task_id=166 operator_id=17 operator_name=PROJECTION stage_kind=PROJECTION operator_type=13 input_type=PIPELINEABLE output_type=PIPELINEABLE actual_gpu=1 pipeline_operator_count=2 input_batches=1 input_rows=396881 input_columns=2 input_bytes=6350096 output_batches=1 output_rows=396881 output_columns=1 output_bytes=3175048 byte_ratio=0.500000 row_ratio=1.000000 duration_us=5
[2026-07-09 04:20:46.763] [info] [gpu_pipeline_task.cpp:321] [stage-audit] pipeline_id=8 task_id=161 operator_id=16 operator_name=HASH_JOIN stage_kind=JOIN operator_type=33 input_type=PARTITIONED output_type=PIPELINEABLE actual_gpu=0 pipeline_operator_count=2 input_batches=2 input_rows=13222099 input_columns=2 input_bytes=105776792 output_batches=1 output_rows=396899 output_columns=2 output_bytes=6350384 byte_ratio=0.060036 row_ratio=0.030018 duration_us=7827
[2026-07-09 04:20:46.763] [info] [gpu_pipeline_task.cpp:321] [stage-audit] pipeline_id=8 task_id=161 operator_id=17 operator_name=PROJECTION stage_kind=PROJECTION operator_type=13 input_type=PIPELINEABLE output_type=PIPELINEABLE actual_gpu=0 pipeline_operator_count=2 input_batches=1 input_rows=396899 input_columns=2 input_bytes=6350384 output_batches=1 output_rows=396899 output_columns=1 output_bytes=3175192 byte_ratio=0.500000 row_ratio=1.000000 duration_us=18
[2026-07-09 04:20:46.763] [info] [gpu_pipeline_task.cpp:321] [stage-audit] pipeline_id=8 task_id=162 operator_id=16 operator_name=HASH_JOIN stage_kind=JOIN operator_type=33 input_type=PARTITIONED output_type=PIPELINEABLE actual_gpu=0 pipeline_operator_count=2 input_batches=2 input_rows=13218494 input_columns=2 input_bytes=105747952 output_batches=1 output_rows=396674 output_columns=2 output_bytes=6346784 byte_ratio=0.060018 row_ratio=0.030009 duration_us=7866
[2026-07-09 04:20:46.763] [info] [gpu_pipeline_task.cpp:321] [stage-audit] pipeline_id=8 task_id=162 operator_id=17 operator_name=PROJECTION stage_kind=PROJECTION operator_type=13 input_type=PIPELINEABLE output_type=PIPELINEABLE actual_gpu=0 pipeline_operator_count=2 input_batches=1 input_rows=396674 input_columns=2 input_bytes=6346784 output_batches=1 output_rows=396674 output_columns=1 output_bytes=3173392 byte_ratio=0.500000 row_ratio=1.000000 duration_us=9
[2026-07-09 04:20:46.784] [warning] [downgrade_executor.cpp:335] [downgrade] [GPU:0] downgrade request not satisfied and disk memory space is not configured; data cannot be spilled to disk. Consider configuring a disk memory space to enable spilling.
[2026-07-09 04:20:46.784] [warning] [gpu_pipeline_executor.cpp:250] GPU Pipeline Executor: after downgrade (526088448 bytes freed), reservation still partial (1164685440/1559518896 bytes) for pipeline 8 task 163 -- proceeding with partial reservation
[2026-07-09 04:20:46.784] [info] [task_scheduler.cpp:462] [mgpu-audit] pipeline_task dispatched to GPU 0 task_id=165
[2026-07-09 04:20:46.784] [info] [task_scheduler.cpp:464] [locality-audit] dispatch task_id=165 preferred_device=0 actual_gpu=0
[2026-07-09 04:20:46.784] [info] [gpu_pipeline_task.cpp:188] [locality-audit] prepare_before pipeline_id=8 task_id=163 preferred_device=0 actual_gpu=0 target_tier=GPU target_device=0 input_bytes=519839632 local_bytes=0 remote_gpu_bytes=0 host_bytes=519839632 disk_bytes=0 batch_count=2
[2026-07-09 04:20:46.791] [warning] [downgrade_executor.cpp:335] [downgrade] [GPU:1] downgrade request not satisfied and disk memory space is not configured; data cannot be spilled to disk. Consider configuring a disk memory space to enable spilling.
[2026-07-09 04:20:46.791] [warning] [gpu_pipeline_executor.cpp:250] GPU Pipeline Executor: after downgrade (904127152 bytes freed), reservation still partial (1443229824/1559386248 bytes) for pipeline 8 task 167 -- proceeding with partial reservation
[2026-07-09 04:20:46.791] [info] [task_scheduler.cpp:462] [mgpu-audit] pipeline_task dispatched to GPU 1 task_id=170
[2026-07-09 04:20:46.791] [info] [task_scheduler.cpp:464] [locality-audit] dispatch task_id=170 preferred_device=1 actual_gpu=1
[2026-07-09 04:20:46.791] [info] [gpu_pipeline_task.cpp:188] [locality-audit] prepare_before pipeline_id=8 task_id=167 preferred_device=1 actual_gpu=1 target_tier=GPU target_device=1 input_bytes=519795416 local_bytes=0 remote_gpu_bytes=0 host_bytes=519795416 disk_bytes=0 batch_count=2
[2026-07-09 04:20:46.806] [info] [gpu_pipeline_task.cpp:188] [locality-audit] prepare_after pipeline_id=8 task_id=163 preferred_device=0 actual_gpu=0 target_tier=GPU target_device=0 input_bytes=519839632 local_bytes=519839632 remote_gpu_bytes=0 host_bytes=0 disk_bytes=0 batch_count=2
[2026-07-09 04:20:46.812] [info] [gpu_pipeline_task.cpp:188] [locality-audit] prepare_after pipeline_id=8 task_id=167 preferred_device=1 actual_gpu=1 target_tier=GPU target_device=1 input_bytes=519795416 local_bytes=519795416 remote_gpu_bytes=0 host_bytes=0 disk_bytes=0 batch_count=2
[2026-07-09 04:20:46.823] [info] [gpu_pipeline_task.cpp:321] [stage-audit] pipeline_id=8 task_id=163 operator_id=16 operator_name=HASH_JOIN stage_kind=JOIN operator_type=33 input_type=PARTITIONED output_type=PIPELINEABLE actual_gpu=0 pipeline_operator_count=2 input_batches=2 input_rows=64979954 input_columns=2 input_bytes=519839632 output_batches=1 output_rows=2378425 output_columns=2 output_bytes=38054800 byte_ratio=0.073205 row_ratio=0.036602 duration_us=17009
[2026-07-09 04:20:46.823] [info] [gpu_pipeline_task.cpp:321] [stage-audit] pipeline_id=8 task_id=163 operator_id=17 operator_name=PROJECTION stage_kind=PROJECTION operator_type=13 input_type=PIPELINEABLE output_type=PIPELINEABLE actual_gpu=0 pipeline_operator_count=2 input_batches=1 input_rows=2378425 input_columns=2 input_bytes=38054800 output_batches=1 output_rows=2378425 output_columns=1 output_bytes=19027400 byte_ratio=0.500000 row_ratio=1.000000 duration_us=5
[2026-07-09 04:20:46.823] [info] [gpu_pipeline_task.cpp:188] [locality-audit] prepare_before pipeline_id=8 task_id=164 preferred_device=0 actual_gpu=0 target_tier=GPU target_device=0 input_bytes=380844328 local_bytes=380844328 remote_gpu_bytes=0 host_bytes=0 disk_bytes=0 batch_count=2
[2026-07-09 04:20:46.824] [info] [gpu_pipeline_task.cpp:188] [locality-audit] prepare_after pipeline_id=8 task_id=164 preferred_device=0 actual_gpu=0 target_tier=GPU target_device=0 input_bytes=380844328 local_bytes=380844328 remote_gpu_bytes=0 host_bytes=0 disk_bytes=0 batch_count=2
[2026-07-09 04:20:46.824] [info] [gpu_pipeline_task.cpp:188] [locality-audit] prepare_before pipeline_id=8 task_id=165 preferred_device=0 actual_gpu=0 target_tier=GPU target_device=0 input_bytes=519739864 local_bytes=22959816 remote_gpu_bytes=0 host_bytes=496780048 disk_bytes=0 batch_count=2
[2026-07-09 04:20:46.829] [info] [gpu_pipeline_task.cpp:321] [stage-audit] pipeline_id=8 task_id=167 operator_id=16 operator_name=HASH_JOIN stage_kind=JOIN operator_type=33 input_type=PARTITIONED output_type=PIPELINEABLE actual_gpu=1 pipeline_operator_count=2 input_batches=2 input_rows=64974427 input_columns=2 input_bytes=519795416 output_batches=1 output_rows=2377281 output_columns=2 output_bytes=38036496 byte_ratio=0.073176 row_ratio=0.036588 duration_us=16839
[2026-07-09 04:20:46.829] [info] [gpu_pipeline_task.cpp:321] [stage-audit] pipeline_id=8 task_id=167 operator_id=17 operator_name=PROJECTION stage_kind=PROJECTION operator_type=13 input_type=PIPELINEABLE output_type=PIPELINEABLE actual_gpu=1 pipeline_operator_count=2 input_batches=1 input_rows=2377281 input_columns=2 input_bytes=38036496 output_batches=1 output_rows=2377281 output_columns=1 output_bytes=19018248 byte_ratio=0.500000 row_ratio=1.000000 duration_us=4
[2026-07-09 04:20:46.829] [info] [task_scheduler.cpp:462] [mgpu-audit] pipeline_task dispatched to GPU 1 task_id=169
[2026-07-09 04:20:46.829] [info] [task_scheduler.cpp:464] [locality-audit] dispatch task_id=169 preferred_device=1 actual_gpu=1
[2026-07-09 04:20:46.829] [info] [gpu_pipeline_task.cpp:188] [locality-audit] prepare_before pipeline_id=8 task_id=170 preferred_device=1 actual_gpu=1 target_tier=GPU target_device=1 input_bytes=380838592 local_bytes=22949792 remote_gpu_bytes=0 host_bytes=357888800 disk_bytes=0 batch_count=2
[2026-07-09 04:20:46.829] [info] [gpu_pipeline_task.cpp:188] [locality-audit] prepare_before pipeline_id=8 task_id=169 preferred_device=1 actual_gpu=1 target_tier=GPU target_device=1 input_bytes=520113512 local_bytes=22949792 remote_gpu_bytes=0 host_bytes=497163720 disk_bytes=0 batch_count=2
[2026-07-09 04:20:46.830] [info] [gpu_pipeline_task.cpp:188] [locality-audit] prepare_before pipeline_id=8 task_id=168 preferred_device=1 actual_gpu=1 target_tier=GPU target_device=1 input_bytes=105815920 local_bytes=105815920 remote_gpu_bytes=0 host_bytes=0 disk_bytes=0 batch_count=2
[2026-07-09 04:20:46.830] [info] [gpu_pipeline_task.cpp:188] [locality-audit] prepare_after pipeline_id=8 task_id=168 preferred_device=1 actual_gpu=1 target_tier=GPU target_device=1 input_bytes=105815920 local_bytes=105815920 remote_gpu_bytes=0 host_bytes=0 disk_bytes=0 batch_count=2
[2026-07-09 04:20:46.834] [info] [gpu_pipeline_task.cpp:321] [stage-audit] pipeline_id=8 task_id=168 operator_id=16 operator_name=HASH_JOIN stage_kind=JOIN operator_type=33 input_type=PARTITIONED output_type=PIPELINEABLE actual_gpu=1 pipeline_operator_count=2 input_batches=2 input_rows=13226990 input_columns=2 input_bytes=105815920 output_batches=1 output_rows=397697 output_columns=2 output_bytes=6363152 byte_ratio=0.060134 row_ratio=0.030067 duration_us=4122
[2026-07-09 04:20:46.834] [info] [gpu_pipeline_task.cpp:321] [stage-audit] pipeline_id=8 task_id=168 operator_id=17 operator_name=PROJECTION stage_kind=PROJECTION operator_type=13 input_type=PIPELINEABLE output_type=PIPELINEABLE actual_gpu=1 pipeline_operator_count=2 input_batches=1 input_rows=397697 input_columns=2 input_bytes=6363152 output_batches=1 output_rows=397697 output_columns=1 output_bytes=3181576 byte_ratio=0.500000 row_ratio=1.000000 duration_us=7
[2026-07-09 04:20:46.837] [info] [gpu_pipeline_task.cpp:321] [stage-audit] pipeline_id=8 task_id=164 operator_id=16 operator_name=HASH_JOIN stage_kind=JOIN operator_type=33 input_type=PARTITIONED output_type=PIPELINEABLE actual_gpu=0 pipeline_operator_count=2 input_batches=2 input_rows=47605541 input_columns=2 input_bytes=380844328 output_batches=1 output_rows=1714029 output_columns=2 output_bytes=27424464 byte_ratio=0.072010 row_ratio=0.036005 duration_us=13153
[2026-07-09 04:20:46.837] [info] [gpu_pipeline_task.cpp:321] [stage-audit] pipeline_id=8 task_id=164 operator_id=17 operator_name=PROJECTION stage_kind=PROJECTION operator_type=13 input_type=PIPELINEABLE output_type=PIPELINEABLE actual_gpu=0 pipeline_operator_count=2 input_batches=1 input_rows=1714029 input_columns=2 input_bytes=27424464 output_batches=1 output_rows=1714029 output_columns=1 output_bytes=13712232 byte_ratio=0.500000 row_ratio=1.000000 duration_us=4
[2026-07-09 04:20:46.844] [info] [gpu_pipeline_task.cpp:188] [locality-audit] prepare_after pipeline_id=8 task_id=170 preferred_device=1 actual_gpu=1 target_tier=GPU target_device=1 input_bytes=380838592 local_bytes=380838592 remote_gpu_bytes=0 host_bytes=0 disk_bytes=0 batch_count=2
[2026-07-09 04:20:46.844] [info] [gpu_pipeline_task.cpp:188] [locality-audit] prepare_after pipeline_id=8 task_id=165 preferred_device=0 actual_gpu=0 target_tier=GPU target_device=0 input_bytes=519739864 local_bytes=519739864 remote_gpu_bytes=0 host_bytes=0 disk_bytes=0 batch_count=2
[2026-07-09 04:20:46.857] [info] [gpu_pipeline_task.cpp:321] [stage-audit] pipeline_id=8 task_id=170 operator_id=16 operator_name=HASH_JOIN stage_kind=JOIN operator_type=33 input_type=PARTITIONED output_type=PIPELINEABLE actual_gpu=1 pipeline_operator_count=2 input_batches=2 input_rows=47604824 input_columns=2 input_bytes=380838592 output_batches=1 output_rows=1714647 output_columns=2 output_bytes=27434352 byte_ratio=0.072037 row_ratio=0.036018 duration_us=13452
[2026-07-09 04:20:46.857] [info] [gpu_pipeline_task.cpp:321] [stage-audit] pipeline_id=8 task_id=170 operator_id=17 operator_name=PROJECTION stage_kind=PROJECTION operator_type=13 input_type=PIPELINEABLE output_type=PIPELINEABLE actual_gpu=1 pipeline_operator_count=2 input_batches=1 input_rows=1714647 input_columns=2 input_bytes=27434352 output_batches=1 output_rows=1714647 output_columns=1 output_bytes=13717176 byte_ratio=0.500000 row_ratio=1.000000 duration_us=4
[2026-07-09 04:20:46.862] [info] [gpu_pipeline_task.cpp:321] [stage-audit] pipeline_id=8 task_id=165 operator_id=16 operator_name=HASH_JOIN stage_kind=JOIN operator_type=33 input_type=PARTITIONED output_type=PIPELINEABLE actual_gpu=0 pipeline_operator_count=2 input_batches=2 input_rows=64967483 input_columns=2 input_bytes=519739864 output_batches=1 output_rows=2376597 output_columns=2 output_bytes=38025552 byte_ratio=0.073163 row_ratio=0.036581 duration_us=17793
[2026-07-09 04:20:46.862] [info] [gpu_pipeline_task.cpp:321] [stage-audit] pipeline_id=8 task_id=165 operator_id=17 operator_name=PROJECTION stage_kind=PROJECTION operator_type=13 input_type=PIPELINEABLE output_type=PIPELINEABLE actual_gpu=0 pipeline_operator_count=2 input_batches=1 input_rows=2376597 input_columns=2 input_bytes=38025552 output_batches=1 output_rows=2376597 output_columns=1 output_bytes=19012776 byte_ratio=0.500000 row_ratio=1.000000 duration_us=4
[2026-07-09 04:20:46.864] [info] [gpu_pipeline_task.cpp:188] [locality-audit] prepare_after pipeline_id=8 task_id=169 preferred_device=1 actual_gpu=1 target_tier=GPU target_device=1 input_bytes=520113512 local_bytes=520113512 remote_gpu_bytes=0 host_bytes=0 disk_bytes=0 batch_count=2
[2026-07-09 04:20:46.881] [info] [gpu_pipeline_task.cpp:321] [stage-audit] pipeline_id=8 task_id=169 operator_id=16 operator_name=HASH_JOIN stage_kind=JOIN operator_type=33 input_type=PARTITIONED output_type=PIPELINEABLE actual_gpu=1 pipeline_operator_count=2 input_batches=2 input_rows=65014189 input_columns=2 input_bytes=520113512 output_batches=1 output_rows=2371610 output_columns=2 output_bytes=37945760 byte_ratio=0.072957 row_ratio=0.036478 duration_us=17336
[2026-07-09 04:20:46.881] [info] [gpu_pipeline_task.cpp:321] [stage-audit] pipeline_id=8 task_id=169 operator_id=17 operator_name=PROJECTION stage_kind=PROJECTION operator_type=13 input_type=PIPELINEABLE output_type=PIPELINEABLE actual_gpu=1 pipeline_operator_count=2 input_batches=1 input_rows=2371610 input_columns=2 input_bytes=37945760 output_batches=1 output_rows=2371610 output_columns=1 output_bytes=18972880 byte_ratio=0.500000 row_ratio=1.000000 duration_us=3
[2026-07-09 04:20:46.881] [info] [task_creator.cpp:363] [locality-audit] task_create operator_id=35 input_bytes=3175048 local_bytes=0 gpu_source_bytes=0 host_source_bytes=3175048 disk_source_bytes=0 gpu_sources=0 host_sources=1 preferred_device=0
[2026-07-09 04:20:46.882] [info] [task_creator.cpp:363] [locality-audit] task_create operator_id=35 input_bytes=3175192 local_bytes=0 gpu_source_bytes=0 host_source_bytes=3175192 disk_source_bytes=0 gpu_sources=0 host_sources=1 preferred_device=1
[2026-07-09 04:20:46.882] [info] [task_creator.cpp:363] [locality-audit] task_create operator_id=35 input_bytes=3173392 local_bytes=0 gpu_source_bytes=0 host_source_bytes=3173392 disk_source_bytes=0 gpu_sources=0 host_sources=1 preferred_device=0
[2026-07-09 04:20:46.882] [info] [task_creator.cpp:363] [locality-audit] task_create operator_id=35 input_bytes=19027400 local_bytes=19027400 gpu_source_bytes=19027400 host_source_bytes=0 disk_source_bytes=0 gpu_sources=1 host_sources=0 preferred_device=0
[2026-07-09 04:20:46.882] [info] [task_scheduler.cpp:462] [mgpu-audit] pipeline_task dispatched to GPU 0 task_id=171
[2026-07-09 04:20:46.882] [info] [task_creator.cpp:363] [locality-audit] task_create operator_id=35 input_bytes=19018248 local_bytes=19018248 gpu_source_bytes=19018248 host_source_bytes=0 disk_source_bytes=0 gpu_sources=1 host_sources=0 preferred_device=1
[2026-07-09 04:20:46.882] [info] [task_scheduler.cpp:464] [locality-audit] dispatch task_id=171 preferred_device=0 actual_gpu=0
[2026-07-09 04:20:46.882] [info] [task_creator.cpp:363] [locality-audit] task_create operator_id=35 input_bytes=3181576 local_bytes=3181576 gpu_source_bytes=3181576 host_source_bytes=0 disk_source_bytes=0 gpu_sources=1 host_sources=0 preferred_device=1
[2026-07-09 04:20:46.882] [info] [task_scheduler.cpp:462] [mgpu-audit] pipeline_task dispatched to GPU 0 task_id=173
[2026-07-09 04:20:46.882] [info] [task_scheduler.cpp:464] [locality-audit] dispatch task_id=173 preferred_device=0 actual_gpu=0
[2026-07-09 04:20:46.882] [info] [task_scheduler.cpp:462] [mgpu-audit] pipeline_task dispatched to GPU 1 task_id=172
[2026-07-09 04:20:46.882] [info] [task_creator.cpp:363] [locality-audit] task_create operator_id=35 input_bytes=13712232 local_bytes=13712232 gpu_source_bytes=13712232 host_source_bytes=0 disk_source_bytes=0 gpu_sources=1 host_sources=0 preferred_device=0
[2026-07-09 04:20:46.882] [info] [task_scheduler.cpp:464] [locality-audit] dispatch task_id=172 preferred_device=1 actual_gpu=1
[2026-07-09 04:20:46.882] [info] [task_creator.cpp:363] [locality-audit] task_create operator_id=35 input_bytes=13717176 local_bytes=13717176 gpu_source_bytes=13717176 host_source_bytes=0 disk_source_bytes=0 gpu_sources=1 host_sources=0 preferred_device=1
[2026-07-09 04:20:46.882] [info] [task_scheduler.cpp:462] [mgpu-audit] pipeline_task dispatched to GPU 1 task_id=175
[2026-07-09 04:20:46.882] [info] [task_scheduler.cpp:464] [locality-audit] dispatch task_id=175 preferred_device=1 actual_gpu=1
[2026-07-09 04:20:46.882] [info] [task_creator.cpp:363] [locality-audit] task_create operator_id=35 input_bytes=19012776 local_bytes=19012776 gpu_source_bytes=19012776 host_source_bytes=0 disk_source_bytes=0 gpu_sources=1 host_sources=0 preferred_device=0
[2026-07-09 04:20:46.882] [info] [task_creator.cpp:363] [locality-audit] task_create operator_id=35 input_bytes=18972880 local_bytes=18972880 gpu_source_bytes=18972880 host_source_bytes=0 disk_source_bytes=0 gpu_sources=1 host_sources=0 preferred_device=1
[2026-07-09 04:20:46.882] [info] [gpu_pipeline_task.cpp:188] [locality-audit] prepare_before pipeline_id=9 task_id=171 preferred_device=0 actual_gpu=0 target_tier=GPU target_device=0 input_bytes=3175048 local_bytes=0 remote_gpu_bytes=0 host_bytes=3175048 disk_bytes=0 batch_count=1
[2026-07-09 04:20:46.882] [info] [task_scheduler.cpp:462] [mgpu-audit] pipeline_task dispatched to GPU 0 task_id=174
[2026-07-09 04:20:46.882] [info] [task_scheduler.cpp:464] [locality-audit] dispatch task_id=174 preferred_device=0 actual_gpu=0
[2026-07-09 04:20:46.882] [info] [task_scheduler.cpp:462] [mgpu-audit] pipeline_task dispatched to GPU 0 task_id=177
[2026-07-09 04:20:46.882] [info] [task_scheduler.cpp:464] [locality-audit] dispatch task_id=177 preferred_device=0 actual_gpu=0
[2026-07-09 04:20:46.882] [info] [gpu_pipeline_task.cpp:188] [locality-audit] prepare_after pipeline_id=9 task_id=171 preferred_device=0 actual_gpu=0 target_tier=GPU target_device=0 input_bytes=3175048 local_bytes=3175048 remote_gpu_bytes=0 host_bytes=0 disk_bytes=0 batch_count=1
[2026-07-09 04:20:46.882] [info] [gpu_pipeline_task.cpp:188] [locality-audit] prepare_before pipeline_id=9 task_id=173 preferred_device=0 actual_gpu=0 target_tier=GPU target_device=0 input_bytes=3173392 local_bytes=0 remote_gpu_bytes=0 host_bytes=3173392 disk_bytes=0 batch_count=1
[2026-07-09 04:20:46.882] [info] [gpu_pipeline_task.cpp:188] [locality-audit] prepare_before pipeline_id=9 task_id=172 preferred_device=1 actual_gpu=1 target_tier=GPU target_device=1 input_bytes=3175192 local_bytes=0 remote_gpu_bytes=0 host_bytes=3175192 disk_bytes=0 batch_count=1
[2026-07-09 04:20:46.882] [info] [gpu_pipeline_task.cpp:188] [locality-audit] prepare_before pipeline_id=9 task_id=175 preferred_device=1 actual_gpu=1 target_tier=GPU target_device=1 input_bytes=19018248 local_bytes=19018248 remote_gpu_bytes=0 host_bytes=0 disk_bytes=0 batch_count=1
[2026-07-09 04:20:46.882] [info] [task_scheduler.cpp:462] [mgpu-audit] pipeline_task dispatched to GPU 1 task_id=176
[2026-07-09 04:20:46.882] [info] [task_scheduler.cpp:464] [locality-audit] dispatch task_id=176 preferred_device=1 actual_gpu=1
[2026-07-09 04:20:46.882] [info] [gpu_pipeline_task.cpp:188] [locality-audit] prepare_before pipeline_id=9 task_id=174 preferred_device=0 actual_gpu=0 target_tier=GPU target_device=0 input_bytes=19027400 local_bytes=19027400 remote_gpu_bytes=0 host_bytes=0 disk_bytes=0 batch_count=1
[2026-07-09 04:20:46.882] [info] [task_scheduler.cpp:462] [mgpu-audit] pipeline_task dispatched to GPU 0 task_id=179
[2026-07-09 04:20:46.882] [info] [task_scheduler.cpp:464] [locality-audit] dispatch task_id=179 preferred_device=0 actual_gpu=0
[2026-07-09 04:20:46.882] [info] [gpu_pipeline_task.cpp:188] [locality-audit] prepare_after pipeline_id=9 task_id=175 preferred_device=1 actual_gpu=1 target_tier=GPU target_device=1 input_bytes=19018248 local_bytes=19018248 remote_gpu_bytes=0 host_bytes=0 disk_bytes=0 batch_count=1
[2026-07-09 04:20:46.882] [info] [task_scheduler.cpp:462] [mgpu-audit] pipeline_task dispatched to GPU 1 task_id=178
[2026-07-09 04:20:46.882] [info] [task_scheduler.cpp:464] [locality-audit] dispatch task_id=178 preferred_device=1 actual_gpu=1
[2026-07-09 04:20:46.882] [info] [gpu_pipeline_task.cpp:188] [locality-audit] prepare_before pipeline_id=9 task_id=177 preferred_device=0 actual_gpu=0 target_tier=GPU target_device=0 input_bytes=13712232 local_bytes=13712232 remote_gpu_bytes=0 host_bytes=0 disk_bytes=0 batch_count=1
[2026-07-09 04:20:46.882] [info] [gpu_pipeline_task.cpp:321] [stage-audit] pipeline_id=9 task_id=171 operator_id=35 operator_name=PARTITION stage_kind=PARTITION operator_type=82 input_type=PIPELINEABLE output_type=PIPELINEABLE actual_gpu=0 pipeline_operator_count=1 input_batches=1 input_rows=396881 input_columns=1 input_bytes=3175048 output_batches=2 output_rows=396881 output_columns=2 output_bytes=3175048 byte_ratio=1.000000 row_ratio=1.000000 duration_us=221
[2026-07-09 04:20:46.882] [info] [gpu_pipeline_task.cpp:188] [locality-audit] prepare_after pipeline_id=9 task_id=174 preferred_device=0 actual_gpu=0 target_tier=GPU target_device=0 input_bytes=19027400 local_bytes=19027400 remote_gpu_bytes=0 host_bytes=0 disk_bytes=0 batch_count=1
[2026-07-09 04:20:46.882] [info] [gpu_pipeline_task.cpp:188] [locality-audit] prepare_after pipeline_id=9 task_id=177 preferred_device=0 actual_gpu=0 target_tier=GPU target_device=0 input_bytes=13712232 local_bytes=13712232 remote_gpu_bytes=0 host_bytes=0 disk_bytes=0 batch_count=1
[2026-07-09 04:20:46.882] [info] [task_scheduler.cpp:462] [mgpu-audit] pipeline_task dispatched to GPU 1 task_id=180
[2026-07-09 04:20:46.882] [info] [task_scheduler.cpp:464] [locality-audit] dispatch task_id=180 preferred_device=1 actual_gpu=1
[2026-07-09 04:20:46.882] [info] [gpu_pipeline_task.cpp:188] [locality-audit] prepare_before pipeline_id=9 task_id=179 preferred_device=0 actual_gpu=0 target_tier=GPU target_device=0 input_bytes=19012776 local_bytes=19012776 remote_gpu_bytes=0 host_bytes=0 disk_bytes=0 batch_count=1
[2026-07-09 04:20:46.882] [info] [gpu_pipeline_task.cpp:188] [locality-audit] prepare_before pipeline_id=9 task_id=176 preferred_device=1 actual_gpu=1 target_tier=GPU target_device=1 input_bytes=3181576 local_bytes=3181576 remote_gpu_bytes=0 host_bytes=0 disk_bytes=0 batch_count=1
[2026-07-09 04:20:46.882] [info] [gpu_pipeline_task.cpp:188] [locality-audit] prepare_after pipeline_id=9 task_id=179 preferred_device=0 actual_gpu=0 target_tier=GPU target_device=0 input_bytes=19012776 local_bytes=19012776 remote_gpu_bytes=0 host_bytes=0 disk_bytes=0 batch_count=1
[2026-07-09 04:20:46.882] [info] [gpu_pipeline_task.cpp:188] [locality-audit] prepare_after pipeline_id=9 task_id=176 preferred_device=1 actual_gpu=1 target_tier=GPU target_device=1 input_bytes=3181576 local_bytes=3181576 remote_gpu_bytes=0 host_bytes=0 disk_bytes=0 batch_count=1
[2026-07-09 04:20:46.882] [info] [gpu_pipeline_task.cpp:188] [locality-audit] prepare_before pipeline_id=9 task_id=178 preferred_device=1 actual_gpu=1 target_tier=GPU target_device=1 input_bytes=13717176 local_bytes=13717176 remote_gpu_bytes=0 host_bytes=0 disk_bytes=0 batch_count=1
[2026-07-09 04:20:46.882] [info] [gpu_pipeline_task.cpp:188] [locality-audit] prepare_after pipeline_id=9 task_id=173 preferred_device=0 actual_gpu=0 target_tier=GPU target_device=0 input_bytes=3173392 local_bytes=3173392 remote_gpu_bytes=0 host_bytes=0 disk_bytes=0 batch_count=1
[2026-07-09 04:20:46.882] [info] [gpu_pipeline_task.cpp:188] [locality-audit] prepare_after pipeline_id=9 task_id=178 preferred_device=1 actual_gpu=1 target_tier=GPU target_device=1 input_bytes=13717176 local_bytes=13717176 remote_gpu_bytes=0 host_bytes=0 disk_bytes=0 batch_count=1
[2026-07-09 04:20:46.883] [info] [gpu_pipeline_task.cpp:188] [locality-audit] prepare_after pipeline_id=9 task_id=172 preferred_device=1 actual_gpu=1 target_tier=GPU target_device=1 input_bytes=3175192 local_bytes=3175192 remote_gpu_bytes=0 host_bytes=0 disk_bytes=0 batch_count=1
[2026-07-09 04:20:46.883] [info] [gpu_pipeline_task.cpp:321] [stage-audit] pipeline_id=9 task_id=179 operator_id=35 operator_name=PARTITION stage_kind=PARTITION operator_type=82 input_type=PIPELINEABLE output_type=PIPELINEABLE actual_gpu=0 pipeline_operator_count=1 input_batches=1 input_rows=2376597 input_columns=1 input_bytes=19012776 output_batches=2 output_rows=2376597 output_columns=2 output_bytes=19012776 byte_ratio=1.000000 row_ratio=1.000000 duration_us=561
[2026-07-09 04:20:46.883] [info] [gpu_pipeline_task.cpp:321] [stage-audit] pipeline_id=9 task_id=177 operator_id=35 operator_name=PARTITION stage_kind=PARTITION operator_type=82 input_type=PIPELINEABLE output_type=PIPELINEABLE actual_gpu=0 pipeline_operator_count=1 input_batches=1 input_rows=1714029 input_columns=1 input_bytes=13712232 output_batches=2 output_rows=1714029 output_columns=2 output_bytes=13712232 byte_ratio=1.000000 row_ratio=1.000000 duration_us=1146
[2026-07-09 04:20:46.884] [info] [gpu_pipeline_task.cpp:321] [stage-audit] pipeline_id=9 task_id=175 operator_id=35 operator_name=PARTITION stage_kind=PARTITION operator_type=82 input_type=PIPELINEABLE output_type=PIPELINEABLE actual_gpu=1 pipeline_operator_count=1 input_batches=1 input_rows=2377281 input_columns=1 input_bytes=19018248 output_batches=2 output_rows=2377281 output_columns=2 output_bytes=19018248 byte_ratio=1.000000 row_ratio=1.000000 duration_us=1454
[2026-07-09 04:20:46.884] [info] [gpu_pipeline_task.cpp:321] [stage-audit] pipeline_id=9 task_id=173 operator_id=35 operator_name=PARTITION stage_kind=PARTITION operator_type=82 input_type=PIPELINEABLE output_type=PIPELINEABLE actual_gpu=0 pipeline_operator_count=1 input_batches=1 input_rows=396674 input_columns=1 input_bytes=3173392 output_batches=2 output_rows=396674 output_columns=2 output_bytes=3173392 byte_ratio=1.000000 row_ratio=1.000000 duration_us=1288
[2026-07-09 04:20:46.884] [info] [gpu_pipeline_task.cpp:188] [locality-audit] prepare_before pipeline_id=9 task_id=180 preferred_device=1 actual_gpu=1 target_tier=GPU target_device=1 input_bytes=18972880 local_bytes=18972880 remote_gpu_bytes=0 host_bytes=0 disk_bytes=0 batch_count=1
[2026-07-09 04:20:46.884] [info] [gpu_pipeline_task.cpp:188] [locality-audit] prepare_after pipeline_id=9 task_id=180 preferred_device=1 actual_gpu=1 target_tier=GPU target_device=1 input_bytes=18972880 local_bytes=18972880 remote_gpu_bytes=0 host_bytes=0 disk_bytes=0 batch_count=1
[2026-07-09 04:20:46.884] [info] [gpu_pipeline_task.cpp:321] [stage-audit] pipeline_id=9 task_id=178 operator_id=35 operator_name=PARTITION stage_kind=PARTITION operator_type=82 input_type=PIPELINEABLE output_type=PIPELINEABLE actual_gpu=1 pipeline_operator_count=1 input_batches=1 input_rows=1714647 input_columns=1 input_bytes=13717176 output_batches=2 output_rows=1714647 output_columns=2 output_bytes=13717176 byte_ratio=1.000000 row_ratio=1.000000 duration_us=1490
[2026-07-09 04:20:46.884] [info] [gpu_pipeline_task.cpp:321] [stage-audit] pipeline_id=9 task_id=174 operator_id=35 operator_name=PARTITION stage_kind=PARTITION operator_type=82 input_type=PIPELINEABLE output_type=PIPELINEABLE actual_gpu=0 pipeline_operator_count=1 input_batches=1 input_rows=2378425 input_columns=1 input_bytes=19027400 output_batches=2 output_rows=2378425 output_columns=2 output_bytes=19027400 byte_ratio=1.000000 row_ratio=1.000000 duration_us=1747
[2026-07-09 04:20:46.884] [info] [gpu_pipeline_task.cpp:321] [stage-audit] pipeline_id=9 task_id=176 operator_id=35 operator_name=PARTITION stage_kind=PARTITION operator_type=82 input_type=PIPELINEABLE output_type=PIPELINEABLE actual_gpu=1 pipeline_operator_count=1 input_batches=1 input_rows=397697 input_columns=1 input_bytes=3181576 output_batches=2 output_rows=397697 output_columns=2 output_bytes=3181576 byte_ratio=1.000000 row_ratio=1.000000 duration_us=1765
[2026-07-09 04:20:46.884] [info] [gpu_pipeline_task.cpp:321] [stage-audit] pipeline_id=9 task_id=172 operator_id=35 operator_name=PARTITION stage_kind=PARTITION operator_type=82 input_type=PIPELINEABLE output_type=PIPELINEABLE actual_gpu=1 pipeline_operator_count=1 input_batches=1 input_rows=396899 input_columns=1 input_bytes=3175192 output_batches=2 output_rows=396899 output_columns=2 output_bytes=3175192 byte_ratio=1.000000 row_ratio=1.000000 duration_us=1492
[2026-07-09 04:20:46.884] [info] [gpu_pipeline_task.cpp:321] [stage-audit] pipeline_id=9 task_id=180 operator_id=35 operator_name=PARTITION stage_kind=PARTITION operator_type=82 input_type=PIPELINEABLE output_type=PIPELINEABLE actual_gpu=1 pipeline_operator_count=1 input_batches=1 input_rows=2371610 input_columns=1 input_bytes=18972880 output_batches=2 output_rows=2371610 output_columns=2 output_bytes=18972880 byte_ratio=1.000000 row_ratio=1.000000 duration_us=574
[2026-07-09 04:20:46.884] [info] [task_scheduler.cpp:462] [mgpu-audit] pipeline_task dispatched to GPU 0 task_id=181
[2026-07-09 04:20:46.884] [info] [task_scheduler.cpp:464] [locality-audit] dispatch task_id=181 preferred_device=0 actual_gpu=0
[2026-07-09 04:20:46.885] [info] [task_scheduler.cpp:462] [mgpu-audit] pipeline_task dispatched to GPU 1 task_id=182
[2026-07-09 04:20:46.885] [info] [task_scheduler.cpp:464] [locality-audit] dispatch task_id=182 preferred_device=1 actual_gpu=1
[2026-07-09 04:20:46.885] [info] [gpu_pipeline_task.cpp:188] [locality-audit] prepare_before pipeline_id=10 task_id=181 preferred_device=0 actual_gpu=0 target_tier=GPU target_device=0 input_bytes=58100992 local_bytes=54925800 remote_gpu_bytes=3175192 host_bytes=0 disk_bytes=0 batch_count=10
[2026-07-09 04:20:46.885] [info] [gpu_pipeline_task.cpp:188] [locality-audit] prepare_before pipeline_id=10 task_id=182 preferred_device=1 actual_gpu=1 target_tier=GPU target_device=1 input_bytes=58064928 local_bytes=54889880 remote_gpu_bytes=3175048 host_bytes=0 disk_bytes=0 batch_count=10
[2026-07-09 04:20:46.885] [info] [gpu_pipeline_task.cpp:188] [locality-audit] prepare_after pipeline_id=10 task_id=182 preferred_device=1 actual_gpu=1 target_tier=GPU target_device=1 input_bytes=58064928 local_bytes=58064928 remote_gpu_bytes=0 host_bytes=0 disk_bytes=0 batch_count=10
[2026-07-09 04:20:46.885] [info] [gpu_pipeline_task.cpp:188] [locality-audit] prepare_after pipeline_id=10 task_id=181 preferred_device=0 actual_gpu=0 target_tier=GPU target_device=0 input_bytes=58100992 local_bytes=58100992 remote_gpu_bytes=0 host_bytes=0 disk_bytes=0 batch_count=10
[2026-07-09 04:20:46.885] [info] [gpu_pipeline_task.cpp:321] [stage-audit] pipeline_id=10 task_id=182 operator_id=34 operator_name=CONCAT stage_kind=CONCAT operator_type=83 input_type=PARTITIONED output_type=PARTITIONED actual_gpu=1 pipeline_operator_count=1 input_batches=10 input_rows=7258116 input_columns=10 input_bytes=58064928 output_batches=1 output_rows=7258116 output_columns=1 output_bytes=58064928 byte_ratio=1.000000 row_ratio=1.000000 duration_us=248
[2026-07-09 04:20:46.885] [info] [gpu_pipeline_task.cpp:321] [stage-audit] pipeline_id=10 task_id=181 operator_id=34 operator_name=CONCAT stage_kind=CONCAT operator_type=83 input_type=PARTITIONED output_type=PARTITIONED actual_gpu=0 pipeline_operator_count=1 input_batches=10 input_rows=7262624 input_columns=10 input_bytes=58100992 output_batches=1 output_rows=7262624 output_columns=1 output_bytes=58100992 byte_ratio=1.000000 row_ratio=1.000000 duration_us=241
[2026-07-09 04:20:46.885] [info] [task_creator.cpp:363] [locality-audit] task_create operator_id=37 input_bytes=33578536 local_bytes=0 gpu_source_bytes=0 host_source_bytes=33578536 disk_source_bytes=0 gpu_sources=0 host_sources=1 preferred_device=1
[2026-07-09 04:20:46.885] [info] [task_creator.cpp:363] [locality-audit] task_create operator_id=37 input_bytes=33529096 local_bytes=0 gpu_source_bytes=0 host_source_bytes=33529096 disk_source_bytes=0 gpu_sources=0 host_sources=1 preferred_device=0
[2026-07-09 04:20:46.885] [info] [task_scheduler.cpp:462] [mgpu-audit] pipeline_task dispatched to GPU 1 task_id=183
[2026-07-09 04:20:46.885] [info] [task_scheduler.cpp:464] [locality-audit] dispatch task_id=183 preferred_device=1 actual_gpu=1
[2026-07-09 04:20:46.885] [info] [task_scheduler.cpp:462] [mgpu-audit] pipeline_task dispatched to GPU 0 task_id=184
[2026-07-09 04:20:46.885] [info] [task_scheduler.cpp:464] [locality-audit] dispatch task_id=184 preferred_device=0 actual_gpu=0
[2026-07-09 04:20:46.885] [info] [task_creator.cpp:363] [locality-audit] task_create operator_id=37 input_bytes=17840404 local_bytes=0 gpu_source_bytes=0 host_source_bytes=17840404 disk_source_bytes=0 gpu_sources=0 host_sources=1 preferred_device=1
[2026-07-09 04:20:46.885] [info] [task_scheduler.cpp:462] [mgpu-audit] pipeline_task dispatched to GPU 1 task_id=185
[2026-07-09 04:20:46.885] [info] [task_scheduler.cpp:464] [locality-audit] dispatch task_id=185 preferred_device=1 actual_gpu=1
[2026-07-09 04:20:46.885] [info] [task_creator.cpp:363] [locality-audit] task_create operator_id=37 input_bytes=33562936 local_bytes=0 gpu_source_bytes=0 host_source_bytes=33562936 disk_source_bytes=0 gpu_sources=0 host_sources=1 preferred_device=0
[2026-07-09 04:20:46.885] [info] [task_scheduler.cpp:462] [mgpu-audit] pipeline_task dispatched to GPU 0 task_id=186
[2026-07-09 04:20:46.885] [info] [task_scheduler.cpp:464] [locality-audit] dispatch task_id=186 preferred_device=0 actual_gpu=0
[2026-07-09 04:20:46.885] [info] [gpu_pipeline_task.cpp:188] [locality-audit] prepare_before pipeline_id=11 task_id=183 preferred_device=1 actual_gpu=1 target_tier=GPU target_device=1 input_bytes=33578536 local_bytes=0 remote_gpu_bytes=0 host_bytes=33578536 disk_bytes=0 batch_count=1
[2026-07-09 04:20:46.885] [info] [gpu_pipeline_task.cpp:188] [locality-audit] prepare_before pipeline_id=11 task_id=185 preferred_device=1 actual_gpu=1 target_tier=GPU target_device=1 input_bytes=17840404 local_bytes=0 remote_gpu_bytes=0 host_bytes=17840404 disk_bytes=0 batch_count=1
[2026-07-09 04:20:46.885] [info] [gpu_pipeline_task.cpp:188] [locality-audit] prepare_before pipeline_id=11 task_id=184 preferred_device=0 actual_gpu=0 target_tier=GPU target_device=0 input_bytes=33529096 local_bytes=0 remote_gpu_bytes=0 host_bytes=33529096 disk_bytes=0 batch_count=1
[2026-07-09 04:20:46.885] [info] [gpu_pipeline_task.cpp:188] [locality-audit] prepare_before pipeline_id=11 task_id=186 preferred_device=0 actual_gpu=0 target_tier=GPU target_device=0 input_bytes=33562936 local_bytes=0 remote_gpu_bytes=0 host_bytes=33562936 disk_bytes=0 batch_count=1
[2026-07-09 04:20:46.887] [info] [gpu_pipeline_task.cpp:188] [locality-audit] prepare_after pipeline_id=11 task_id=185 preferred_device=1 actual_gpu=1 target_tier=GPU target_device=1 input_bytes=21295546 local_bytes=21295546 remote_gpu_bytes=0 host_bytes=0 disk_bytes=0 batch_count=1
[2026-07-09 04:20:46.888] [info] [gpu_pipeline_task.cpp:188] [locality-audit] prepare_after pipeline_id=11 task_id=183 preferred_device=1 actual_gpu=1 target_tier=GPU target_device=1 input_bytes=40083240 local_bytes=40083240 remote_gpu_bytes=0 host_bytes=0 disk_bytes=0 batch_count=1
[2026-07-09 04:20:46.888] [info] [gpu_pipeline_task.cpp:188] [locality-audit] prepare_after pipeline_id=11 task_id=184 preferred_device=0 actual_gpu=0 target_tier=GPU target_device=0 input_bytes=40023548 local_bytes=40023548 remote_gpu_bytes=0 host_bytes=0 disk_bytes=0 batch_count=1
[2026-07-09 04:20:46.888] [info] [gpu_pipeline_task.cpp:321] [stage-audit] pipeline_id=11 task_id=185 operator_id=37 operator_name=PARTITION stage_kind=PARTITION operator_type=82 input_type=PIPELINEABLE output_type=PIPELINEABLE actual_gpu=1 pipeline_operator_count=1 input_batches=1 input_rows=863786 input_columns=2 input_bytes=21295546 output_batches=2 output_rows=863786 output_columns=4 output_bytes=17732370 byte_ratio=0.832680 row_ratio=1.000000 duration_us=1093
[2026-07-09 04:20:46.888] [info] [gpu_pipeline_task.cpp:188] [locality-audit] prepare_after pipeline_id=11 task_id=186 preferred_device=0 actual_gpu=0 target_tier=GPU target_device=0 input_bytes=40063444 local_bytes=40063444 remote_gpu_bytes=0 host_bytes=0 disk_bytes=0 batch_count=1
[2026-07-09 04:20:46.889] [info] [gpu_pipeline_task.cpp:321] [stage-audit] pipeline_id=11 task_id=183 operator_id=37 operator_name=PARTITION stage_kind=PARTITION operator_type=82 input_type=PIPELINEABLE output_type=PIPELINEABLE actual_gpu=1 pipeline_operator_count=1 input_batches=1 input_rows=1626175 input_columns=2 input_bytes=40083240 output_batches=2 output_rows=1626175 output_columns=4 output_bytes=33375212 byte_ratio=0.832648 row_ratio=1.000000 duration_us=1252
[2026-07-09 04:20:46.890] [info] [gpu_pipeline_task.cpp:321] [stage-audit] pipeline_id=11 task_id=184 operator_id=37 operator_name=PARTITION stage_kind=PARTITION operator_type=82 input_type=PIPELINEABLE output_type=PIPELINEABLE actual_gpu=0 pipeline_operator_count=1 input_batches=1 input_rows=1623613 input_columns=2 input_bytes=40023548 output_batches=2 output_rows=1623613 output_columns=4 output_bytes=33326088 byte_ratio=0.832662 row_ratio=1.000000 duration_us=1747
[2026-07-09 04:20:46.890] [info] [gpu_pipeline_task.cpp:321] [stage-audit] pipeline_id=11 task_id=186 operator_id=37 operator_name=PARTITION stage_kind=PARTITION operator_type=82 input_type=PIPELINEABLE output_type=PIPELINEABLE actual_gpu=0 pipeline_operator_count=1 input_batches=1 input_rows=1625127 input_columns=2 input_bytes=40063444 output_batches=2 output_rows=1625127 output_columns=4 output_bytes=33359736 byte_ratio=0.832673 row_ratio=1.000000 duration_us=1599
[2026-07-09 04:20:46.890] [info] [task_scheduler.cpp:462] [mgpu-audit] pipeline_task dispatched to GPU 0 task_id=187
[2026-07-09 04:20:46.890] [info] [task_scheduler.cpp:464] [locality-audit] dispatch task_id=187 preferred_device=0 actual_gpu=0
[2026-07-09 04:20:46.890] [info] [task_scheduler.cpp:462] [mgpu-audit] pipeline_task dispatched to GPU 1 task_id=188
[2026-07-09 04:20:46.890] [info] [task_scheduler.cpp:464] [locality-audit] dispatch task_id=188 preferred_device=1 actual_gpu=1
[2026-07-09 04:20:46.890] [info] [gpu_pipeline_task.cpp:188] [locality-audit] prepare_before pipeline_id=12 task_id=188 preferred_device=1 actual_gpu=1 target_tier=GPU target_device=1 input_bytes=58882131 local_bytes=25544987 remote_gpu_bytes=33337144 host_bytes=0 disk_bytes=0 batch_count=4
[2026-07-09 04:20:46.890] [info] [gpu_pipeline_task.cpp:188] [locality-audit] prepare_before pipeline_id=12 task_id=187 preferred_device=0 actual_gpu=0 target_tier=GPU target_device=0 input_bytes=58911275 local_bytes=33348680 remote_gpu_bytes=25562595 host_bytes=0 disk_bytes=0 batch_count=4
[2026-07-09 04:20:46.892] [info] [gpu_pipeline_task.cpp:188] [locality-audit] prepare_after pipeline_id=12 task_id=187 preferred_device=0 actual_gpu=0 target_tier=GPU target_device=0 input_bytes=58911275 local_bytes=58911275 remote_gpu_bytes=0 host_bytes=0 disk_bytes=0 batch_count=4
[2026-07-09 04:20:46.893] [info] [gpu_pipeline_task.cpp:188] [locality-audit] prepare_after pipeline_id=12 task_id=188 preferred_device=1 actual_gpu=1 target_tier=GPU target_device=1 input_bytes=58882131 local_bytes=58882131 remote_gpu_bytes=0 host_bytes=0 disk_bytes=0 batch_count=4
[2026-07-09 04:20:46.893] [info] [gpu_pipeline_task.cpp:321] [stage-audit] pipeline_id=12 task_id=187 operator_id=36 operator_name=CONCAT stage_kind=CONCAT operator_type=83 input_type=PARTITIONED output_type=PARTITIONED actual_gpu=0 pipeline_operator_count=1 input_batches=4 input_rows=2869977 input_columns=8 input_bytes=58911275 output_batches=1 output_rows=2869977 output_columns=2 output_bytes=58552415 byte_ratio=0.993908 row_ratio=1.000000 duration_us=1424
[2026-07-09 04:20:46.894] [info] [gpu_pipeline_task.cpp:321] [stage-audit] pipeline_id=12 task_id=188 operator_id=36 operator_name=CONCAT stage_kind=CONCAT operator_type=83 input_type=PARTITIONED output_type=PARTITIONED actual_gpu=1 pipeline_operator_count=1 input_batches=4 input_rows=2868724 input_columns=8 input_bytes=58882131 output_batches=1 output_rows=2868724 output_columns=2 output_bytes=58523399 byte_ratio=0.993908 row_ratio=1.000000 duration_us=1337
[2026-07-09 04:20:46.894] [info] [task_scheduler.cpp:462] [mgpu-audit] pipeline_task dispatched to GPU 1 task_id=190
[2026-07-09 04:20:46.894] [info] [task_scheduler.cpp:464] [locality-audit] dispatch task_id=190 preferred_device=1 actual_gpu=1
[2026-07-09 04:20:46.894] [info] [task_scheduler.cpp:462] [mgpu-audit] pipeline_task dispatched to GPU 0 task_id=189
[2026-07-09 04:20:46.894] [info] [task_scheduler.cpp:464] [locality-audit] dispatch task_id=189 preferred_device=0 actual_gpu=0
[2026-07-09 04:20:46.894] [info] [gpu_pipeline_task.cpp:188] [locality-audit] prepare_before pipeline_id=13 task_id=190 preferred_device=1 actual_gpu=1 target_tier=GPU target_device=1 input_bytes=116588327 local_bytes=116588327 remote_gpu_bytes=0 host_bytes=0 disk_bytes=0 batch_count=2
[2026-07-09 04:20:46.894] [info] [gpu_pipeline_task.cpp:188] [locality-audit] prepare_before pipeline_id=13 task_id=189 preferred_device=0 actual_gpu=0 target_tier=GPU target_device=0 input_bytes=116653407 local_bytes=116653407 remote_gpu_bytes=0 host_bytes=0 disk_bytes=0 batch_count=2
[2026-07-09 04:20:46.894] [info] [gpu_pipeline_task.cpp:188] [locality-audit] prepare_after pipeline_id=13 task_id=190 preferred_device=1 actual_gpu=1 target_tier=GPU target_device=1 input_bytes=116588327 local_bytes=116588327 remote_gpu_bytes=0 host_bytes=0 disk_bytes=0 batch_count=2
[2026-07-09 04:20:46.894] [info] [gpu_pipeline_task.cpp:188] [locality-audit] prepare_after pipeline_id=13 task_id=189 preferred_device=0 actual_gpu=0 target_tier=GPU target_device=0 input_bytes=116653407 local_bytes=116653407 remote_gpu_bytes=0 host_bytes=0 disk_bytes=0 batch_count=2
[2026-07-09 04:20:46.897] [info] [gpu_pipeline_task.cpp:321] [stage-audit] pipeline_id=13 task_id=190 operator_id=18 operator_name=HASH_JOIN stage_kind=JOIN operator_type=33 input_type=PARTITIONED output_type=PIPELINEABLE actual_gpu=1 pipeline_operator_count=2 input_batches=2 input_rows=10126840 input_columns=3 input_bytes=116588327 output_batches=1 output_rows=2630392 output_columns=1 output_bytes=32621384 byte_ratio=0.279800 row_ratio=0.259745 duration_us=2802
[2026-07-09 04:20:46.897] [info] [gpu_pipeline_task.cpp:321] [stage-audit] pipeline_id=13 task_id=189 operator_id=18 operator_name=HASH_JOIN stage_kind=JOIN operator_type=33 input_type=PARTITIONED output_type=PIPELINEABLE actual_gpu=0 pipeline_operator_count=2 input_batches=2 input_rows=10132601 input_columns=3 input_bytes=116653407 output_batches=1 output_rows=2631773 output_columns=1 output_bytes=32637048 byte_ratio=0.279778 row_ratio=0.259733 duration_us=2807
[2026-07-09 04:20:46.899] [info] [gpu_pipeline_task.cpp:321] [stage-audit] pipeline_id=13 task_id=190 operator_id=22 operator_name=HASH_GROUP_BY stage_kind=AGGREGATE operator_type=9 input_type=PIPELINEABLE output_type=PIPELINEABLE actual_gpu=1 pipeline_operator_count=2 input_batches=1 input_rows=2630392 input_columns=1 input_bytes=32621384 output_batches=1 output_rows=5 output_columns=2 output_bytes=106 byte_ratio=0.000003 row_ratio=0.000002 duration_us=2145
[2026-07-09 04:20:46.899] [info] [gpu_pipeline_task.cpp:321] [stage-audit] pipeline_id=13 task_id=189 operator_id=22 operator_name=HASH_GROUP_BY stage_kind=AGGREGATE operator_type=9 input_type=PIPELINEABLE output_type=PIPELINEABLE actual_gpu=0 pipeline_operator_count=2 input_batches=1 input_rows=2631773 input_columns=1 input_bytes=32637048 output_batches=1 output_rows=5 output_columns=2 output_bytes=106 byte_ratio=0.000003 row_ratio=0.000002 duration_us=2181
[2026-07-09 04:20:46.899] [info] [task_creator.cpp:363] [locality-audit] task_create operator_id=38 input_bytes=106 local_bytes=106 gpu_source_bytes=106 host_source_bytes=0 disk_source_bytes=0 gpu_sources=1 host_sources=0 preferred_device=1
[2026-07-09 04:20:46.899] [info] [task_creator.cpp:363] [locality-audit] task_create operator_id=38 input_bytes=106 local_bytes=106 gpu_source_bytes=106 host_source_bytes=0 disk_source_bytes=0 gpu_sources=1 host_sources=0 preferred_device=0
[2026-07-09 04:20:46.899] [info] [task_scheduler.cpp:462] [mgpu-audit] pipeline_task dispatched to GPU 1 task_id=191
[2026-07-09 04:20:46.900] [info] [task_scheduler.cpp:464] [locality-audit] dispatch task_id=191 preferred_device=1 actual_gpu=1
[2026-07-09 04:20:46.900] [info] [task_scheduler.cpp:462] [mgpu-audit] pipeline_task dispatched to GPU 0 task_id=192
[2026-07-09 04:20:46.900] [info] [task_scheduler.cpp:464] [locality-audit] dispatch task_id=192 preferred_device=0 actual_gpu=0
[2026-07-09 04:20:46.900] [info] [gpu_pipeline_task.cpp:188] [locality-audit] prepare_before pipeline_id=14 task_id=191 preferred_device=1 actual_gpu=1 target_tier=GPU target_device=1 input_bytes=106 local_bytes=106 remote_gpu_bytes=0 host_bytes=0 disk_bytes=0 batch_count=1
[2026-07-09 04:20:46.900] [info] [gpu_pipeline_task.cpp:188] [locality-audit] prepare_before pipeline_id=14 task_id=192 preferred_device=0 actual_gpu=0 target_tier=GPU target_device=0 input_bytes=106 local_bytes=106 remote_gpu_bytes=0 host_bytes=0 disk_bytes=0 batch_count=1
[2026-07-09 04:20:46.900] [info] [gpu_pipeline_task.cpp:188] [locality-audit] prepare_after pipeline_id=14 task_id=192 preferred_device=0 actual_gpu=0 target_tier=GPU target_device=0 input_bytes=106 local_bytes=106 remote_gpu_bytes=0 host_bytes=0 disk_bytes=0 batch_count=1
[2026-07-09 04:20:46.900] [info] [gpu_pipeline_task.cpp:188] [locality-audit] prepare_after pipeline_id=14 task_id=191 preferred_device=1 actual_gpu=1 target_tier=GPU target_device=1 input_bytes=106 local_bytes=106 remote_gpu_bytes=0 host_bytes=0 disk_bytes=0 batch_count=1
[2026-07-09 04:20:46.900] [info] [gpu_pipeline_task.cpp:321] [stage-audit] pipeline_id=14 task_id=192 operator_id=38 operator_name=PARTITION stage_kind=PARTITION operator_type=82 input_type=PIPELINEABLE output_type=PIPELINEABLE actual_gpu=0 pipeline_operator_count=1 input_batches=1 input_rows=5 input_columns=2 input_bytes=106 output_batches=1 output_rows=5 output_columns=2 output_bytes=106 byte_ratio=1.000000 row_ratio=1.000000 duration_us=2
[2026-07-09 04:20:46.900] [info] [gpu_pipeline_task.cpp:321] [stage-audit] pipeline_id=14 task_id=191 operator_id=38 operator_name=PARTITION stage_kind=PARTITION operator_type=82 input_type=PIPELINEABLE output_type=PIPELINEABLE actual_gpu=1 pipeline_operator_count=1 input_batches=1 input_rows=5 input_columns=2 input_bytes=106 output_batches=1 output_rows=5 output_columns=2 output_bytes=106 byte_ratio=1.000000 row_ratio=1.000000 duration_us=2
[2026-07-09 04:20:46.900] [info] [task_scheduler.cpp:462] [mgpu-audit] pipeline_task dispatched to GPU 0 task_id=193
[2026-07-09 04:20:46.900] [info] [task_scheduler.cpp:464] [locality-audit] dispatch task_id=193 preferred_device=0 actual_gpu=0
[2026-07-09 04:20:46.900] [info] [gpu_pipeline_task.cpp:188] [locality-audit] prepare_before pipeline_id=15 task_id=193 preferred_device=0 actual_gpu=0 target_tier=GPU target_device=0 input_bytes=212 local_bytes=106 remote_gpu_bytes=106 host_bytes=0 disk_bytes=0 batch_count=2
[2026-07-09 04:20:46.900] [info] [gpu_pipeline_task.cpp:188] [locality-audit] prepare_after pipeline_id=15 task_id=193 preferred_device=0 actual_gpu=0 target_tier=GPU target_device=0 input_bytes=212 local_bytes=212 remote_gpu_bytes=0 host_bytes=0 disk_bytes=0 batch_count=2
[2026-07-09 04:20:46.900] [info] [gpu_pipeline_task.cpp:321] [stage-audit] pipeline_id=15 task_id=193 operator_id=39 operator_name=MERGE_GROUP_BY stage_kind=AGGREGATE operator_type=85 input_type=PARTITIONED output_type=PIPELINEABLE actual_gpu=0 pipeline_operator_count=1 input_batches=2 input_rows=10 input_columns=4 input_bytes=212 output_batches=1 output_rows=5 output_columns=2 output_bytes=106 byte_ratio=0.500000 row_ratio=0.500000 duration_us=529
[2026-07-09 04:20:46.900] [info] [task_creator.cpp:363] [locality-audit] task_create operator_id=23 input_bytes=106 local_bytes=106 gpu_source_bytes=106 host_source_bytes=0 disk_source_bytes=0 gpu_sources=1 host_sources=0 preferred_device=0
[2026-07-09 04:20:46.900] [info] [task_scheduler.cpp:462] [mgpu-audit] pipeline_task dispatched to GPU 0 task_id=194
[2026-07-09 04:20:46.900] [info] [task_scheduler.cpp:464] [locality-audit] dispatch task_id=194 preferred_device=0 actual_gpu=0
[2026-07-09 04:20:46.900] [info] [gpu_pipeline_task.cpp:188] [locality-audit] prepare_before pipeline_id=16 task_id=194 preferred_device=0 actual_gpu=0 target_tier=GPU target_device=0 input_bytes=106 local_bytes=106 remote_gpu_bytes=0 host_bytes=0 disk_bytes=0 batch_count=1
[2026-07-09 04:20:46.900] [info] [gpu_pipeline_task.cpp:188] [locality-audit] prepare_after pipeline_id=16 task_id=194 preferred_device=0 actual_gpu=0 target_tier=GPU target_device=0 input_bytes=106 local_bytes=106 remote_gpu_bytes=0 host_bytes=0 disk_bytes=0 batch_count=1
[2026-07-09 04:20:46.901] [info] [gpu_pipeline_task.cpp:321] [stage-audit] pipeline_id=16 task_id=194 operator_id=23 operator_name=ORDER_BY stage_kind=SORT operator_type=1 input_type=PIPELINEABLE output_type=PIPELINEABLE actual_gpu=0 pipeline_operator_count=1 input_batches=1 input_rows=5 input_columns=2 input_bytes=106 output_batches=1 output_rows=5 output_columns=2 output_bytes=106 byte_ratio=1.000000 row_ratio=1.000000 duration_us=163
[2026-07-09 04:20:46.901] [info] [task_creator.cpp:363] [locality-audit] task_create operator_id=40 input_bytes=106 local_bytes=106 gpu_source_bytes=106 host_source_bytes=0 disk_source_bytes=0 gpu_sources=1 host_sources=0 preferred_device=0
[2026-07-09 04:20:46.901] [info] [task_scheduler.cpp:462] [mgpu-audit] pipeline_task dispatched to GPU 0 task_id=195
[2026-07-09 04:20:46.901] [info] [task_scheduler.cpp:464] [locality-audit] dispatch task_id=195 preferred_device=0 actual_gpu=0
[2026-07-09 04:20:46.901] [info] [gpu_pipeline_task.cpp:188] [locality-audit] prepare_before pipeline_id=17 task_id=195 preferred_device=0 actual_gpu=0 target_tier=GPU target_device=0 input_bytes=106 local_bytes=106 remote_gpu_bytes=0 host_bytes=0 disk_bytes=0 batch_count=1
[2026-07-09 04:20:46.901] [info] [gpu_pipeline_task.cpp:188] [locality-audit] prepare_after pipeline_id=17 task_id=195 preferred_device=0 actual_gpu=0 target_tier=GPU target_device=0 input_bytes=106 local_bytes=106 remote_gpu_bytes=0 host_bytes=0 disk_bytes=0 batch_count=1
[2026-07-09 04:20:46.901] [info] [gpu_pipeline_task.cpp:321] [stage-audit] pipeline_id=17 task_id=195 operator_id=40 operator_name=SORT_SAMPLE stage_kind=SORT operator_type=89 input_type=PIPELINEABLE output_type=PIPELINEABLE actual_gpu=0 pipeline_operator_count=2 input_batches=1 input_rows=5 input_columns=2 input_bytes=106 output_batches=1 output_rows=5 output_columns=2 output_bytes=106 byte_ratio=1.000000 row_ratio=1.000000 duration_us=135
[2026-07-09 04:20:46.901] [info] [gpu_pipeline_task.cpp:321] [stage-audit] pipeline_id=17 task_id=195 operator_id=41 operator_name=SORT_PARTITION stage_kind=SORT operator_type=88 input_type=PIPELINEABLE output_type=PIPELINEABLE actual_gpu=0 pipeline_operator_count=2 input_batches=1 input_rows=5 input_columns=2 input_bytes=106 output_batches=5 output_rows=5 output_columns=10 output_bytes=122 byte_ratio=1.150943 row_ratio=1.000000 duration_us=301
[2026-07-09 04:20:46.901] [info] [task_creator.cpp:363] [locality-audit] task_create operator_id=42 input_bytes=122 local_bytes=122 gpu_source_bytes=122 host_source_bytes=0 disk_source_bytes=0 gpu_sources=1 host_sources=0 preferred_device=0
[2026-07-09 04:20:46.901] [info] [task_scheduler.cpp:462] [mgpu-audit] pipeline_task dispatched to GPU 0 task_id=196
[2026-07-09 04:20:46.901] [info] [task_scheduler.cpp:464] [locality-audit] dispatch task_id=196 preferred_device=0 actual_gpu=0
[2026-07-09 04:20:46.901] [info] [gpu_pipeline_task.cpp:188] [locality-audit] prepare_before pipeline_id=18 task_id=196 preferred_device=0 actual_gpu=0 target_tier=GPU target_device=0 input_bytes=122 local_bytes=122 remote_gpu_bytes=0 host_bytes=0 disk_bytes=0 batch_count=5
[2026-07-09 04:20:46.901] [info] [gpu_pipeline_task.cpp:188] [locality-audit] prepare_after pipeline_id=18 task_id=196 preferred_device=0 actual_gpu=0 target_tier=GPU target_device=0 input_bytes=122 local_bytes=122 remote_gpu_bytes=0 host_bytes=0 disk_bytes=0 batch_count=5
[2026-07-09 04:20:46.902] [info] [gpu_pipeline_task.cpp:321] [stage-audit] pipeline_id=18 task_id=196 operator_id=42 operator_name=MERGE_SORT stage_kind=SORT operator_type=84 input_type=PIPELINEABLE output_type=PIPELINEABLE actual_gpu=0 pipeline_operator_count=1 input_batches=5 input_rows=5 input_columns=10 input_bytes=122 output_batches=1 output_rows=5 output_columns=2 output_bytes=106 byte_ratio=0.868852 row_ratio=1.000000 duration_us=751
[2026-07-09 04:20:46.902] [info] [task_creator.cpp:363] [locality-audit] task_create operator_id=24 input_bytes=106 local_bytes=106 gpu_source_bytes=106 host_source_bytes=0 disk_source_bytes=0 gpu_sources=1 host_sources=0 preferred_device=0
[2026-07-09 04:20:46.902] [info] [task_scheduler.cpp:462] [mgpu-audit] pipeline_task dispatched to GPU 0 task_id=197
[2026-07-09 04:20:46.902] [info] [task_scheduler.cpp:464] [locality-audit] dispatch task_id=197 preferred_device=0 actual_gpu=0
[2026-07-09 04:20:46.902] [info] [gpu_pipeline_task.cpp:188] [locality-audit] prepare_before pipeline_id=19 task_id=197 preferred_device=0 actual_gpu=0 target_tier=GPU target_device=0 input_bytes=106 local_bytes=106 remote_gpu_bytes=0 host_bytes=0 disk_bytes=0 batch_count=1
[2026-07-09 04:20:46.902] [info] [gpu_pipeline_task.cpp:188] [locality-audit] prepare_after pipeline_id=19 task_id=197 preferred_device=0 actual_gpu=0 target_tier=GPU target_device=0 input_bytes=106 local_bytes=106 remote_gpu_bytes=0 host_bytes=0 disk_bytes=0 batch_count=1
[2026-07-09 04:20:46.902] [info] [gpu_pipeline_task.cpp:321] [stage-audit] pipeline_id=19 task_id=197 operator_id=24 operator_name=RESULT_COLLECTOR stage_kind=RESULT operator_type=76 input_type=PIPELINEABLE output_type=PIPELINEABLE actual_gpu=0 pipeline_operator_count=1 input_batches=1 input_rows=5 input_columns=2 input_bytes=106 output_batches=1 output_rows=5 output_columns=2 output_bytes=106 byte_ratio=1.000000 row_ratio=1.000000 duration_us=2
[2026-07-09 04:20:46.923] [info] [gpu_pipeline_executor.cpp:118] GPU Pipeline Executor: task queue interrupted, stopping manager loop
[2026-07-09 04:20:46.923] [info] [gpu_pipeline_executor.cpp:118] GPU Pipeline Executor: task queue interrupted, stopping manager loop
[2026-07-09 04:20:46.938] [info] [physical_sirius_execution.cpp:165] Transparent GPU execution: query completed
[2026-07-09 04:20:46.952] [info] [sirius_context.cpp:217] QueryEnd
[2026-07-09 04:20:46.971] [info] [:] [host_pool] HOST:0 QueryEnd allocated=71303168 bytes peak=4664066048 bytes free_blocks=3004
[2026-07-09 04:20:46.971] [info] [:] [gpu_pool] GPU:0 QueryEnd allocated=4427429888 bytes peak=6540708096 bytes reserved=0 bytes
[2026-07-09 04:20:46.971] [info] [:] [gpu_pool] GPU:1 QueryEnd allocated=4423904000 bytes peak=6532675840 bytes reserved=0 bytes
[2026-07-09 04:20:46.972] [info] [:] [host_pool] HOST:0 QueryBegin allocated=71303168 bytes peak=4664066048 bytes free_blocks=3004
[2026-07-09 04:20:46.972] [info] [:] [gpu_pool] GPU:0 QueryBegin allocated=4427429888 bytes peak=6540708096 bytes reserved=0 bytes
[2026-07-09 04:20:46.972] [info] [:] [gpu_pool] GPU:1 QueryBegin allocated=4423904000 bytes peak=6532675840 bytes reserved=0 bytes
[2026-07-09 04:20:46.972] [info] [sirius_context.cpp:201] QueryBegin: SQL: SET gpu_execution = true;
[2026-07-09 04:20:46.973] [info] [sirius_context.cpp:217] QueryEnd
[2026-07-09 04:20:46.991] [info] [:] [host_pool] HOST:0 QueryEnd allocated=71303168 bytes peak=4664066048 bytes free_blocks=3004
[2026-07-09 04:20:46.991] [info] [:] [gpu_pool] GPU:0 QueryEnd allocated=4427429888 bytes peak=6540708096 bytes reserved=0 bytes
[2026-07-09 04:20:46.991] [info] [:] [gpu_pool] GPU:1 QueryEnd allocated=4423904000 bytes peak=6532675840 bytes reserved=0 bytes
[2026-07-09 04:20:46.992] [info] [:] [host_pool] HOST:0 QueryBegin allocated=71303168 bytes peak=4664066048 bytes free_blocks=3004
[2026-07-09 04:20:46.992] [info] [:] [gpu_pool] GPU:0 QueryBegin allocated=4427429888 bytes peak=6540708096 bytes reserved=0 bytes
[2026-07-09 04:20:46.992] [info] [:] [gpu_pool] GPU:1 QueryBegin allocated=4423904000 bytes peak=6532675840 bytes reserved=0 bytes
[2026-07-09 04:20:46.992] [info] [sirius_context.cpp:201] QueryBegin: SQL: select o.o_orderpriority, count(*) as order_count from orders o where o.o_orderdate >= date '1996-10-01' and o.o_orderdate < date '1997-01-01' and exists ( select * from lineitem l where l.l_orderkey = o.o_orderkey and l.l_commitdate < l.l_receiptdate ) group by o.o_orderpriority order by o.o_orderpriority
[2026-07-09 04:20:47.223] [info] [sirius_plan_get.cpp:267] [sirius_plan_get] LogicalGet has dynamic_filters attached (channel key=0x58685141ab50).
[2026-07-09 04:20:47.223] [info] [sirius_plan_comparison_join.cpp:601] [sirius_plan_comparison_join] Wired hash join with 1 dynamic-filter probe target(s) (build est 0 rows).
[2026-07-09 04:20:47.235] [info] [sirius_context.cpp:865] Transparent execution: Sirius physical plan generated successfully
[2026-07-09 04:20:47.249] [info] [sirius_context.cpp:877] Transparent execution: physical plan replaced with GPU operator
[2026-07-09 04:20:47.249] [info] [physical_sirius_execution.cpp:97] Transparent GPU execution: executing query
[2026-07-09 04:20:47.301] [info] [sirius_plan_get.cpp:267] [sirius_plan_get] LogicalGet has dynamic_filters attached (channel key=0x58685141ab50).
[2026-07-09 04:20:47.301] [info] [sirius_plan_comparison_join.cpp:601] [sirius_plan_comparison_join] Wired hash join with 1 dynamic-filter probe target(s) (build est 0 rows).
[2026-07-09 04:20:47.301] [info] [sirius_engine.cpp:375] Query Plan:
=== Pipeline Overview ===
Pipeline #0: GPU_SCAN (id=25) -> LEFT_DELIM_JOIN (id=19)
Pipeline #1: PARTITION (id=26)
  Input: <- Pipeline #0 [on: PARTITION (id=26), port: default, barrier: FULL]
  Dependencies: Pipeline #0
  Output: -> MERGE_GROUP_BY [port: default, barrier: FULL]
Pipeline #2: MERGE_GROUP_BY (id=27)
  Input: <- Pipeline #1 [on: MERGE_GROUP_BY (id=27), port: default, barrier: FULL]
  Dependencies: Pipeline #1
  Output: -> PARTITION [port: default, barrier: FULL]
Pipeline #3: PARTITION (id=29)
  Input: <- Pipeline #2 [on: PARTITION (id=29), port: default, barrier: FULL]
  Dependencies: Pipeline #2
  Output: -> CONCAT [port: default, barrier: PARTIAL]
Pipeline #4: CONCAT (id=28)
  Input: <- Pipeline #3 [on: CONCAT (id=28), port: default, barrier: PARTIAL]
  Dependencies: Pipeline #3
  Output: -> HASH_JOIN [port: build, barrier: FULL]
Pipeline #5: GPU_SCAN (id=30) -> DYNAMIC_FILTER (id=31) -> FILTER (id=14)
  Output: -> PARTITION [port: default, barrier: PARTIAL]
Pipeline #6: PARTITION (id=33)
  Input: <- Pipeline #5 [on: PARTITION (id=33), port: default, barrier: PARTIAL]
  Dependencies: Pipeline #5
  Output: -> CONCAT [port: default, barrier: PARTIAL]
Pipeline #7: CONCAT (id=32)
  Input: <- Pipeline #6 [on: CONCAT (id=32), port: default, barrier: PARTIAL]
  Dependencies: Pipeline #6
  Output: -> HASH_JOIN [port: default, barrier: FULL]
Pipeline #8: HASH_JOIN (id=16) -> PROJECTION (id=17)
  Input: <- Pipeline #7 [on: HASH_JOIN (id=16), port: default, barrier: FULL]
  Input: <- Pipeline #4 [on: HASH_JOIN (id=16), port: build, barrier: FULL]
  Dependencies: Pipeline #4, Pipeline #7
  Output: -> PARTITION [port: default, barrier: FULL]
Pipeline #9: PARTITION (id=35)
  Input: <- Pipeline #8 [on: PARTITION (id=35), port: default, barrier: FULL]
  Dependencies: Pipeline #8
  Output: -> CONCAT [port: default, barrier: PARTIAL]
Pipeline #10: CONCAT (id=34)
  Input: <- Pipeline #9 [on: CONCAT (id=34), port: default, barrier: PARTIAL]
  Dependencies: Pipeline #9
  Output: -> HASH_JOIN [port: build, barrier: FULL]
Pipeline #11: PARTITION (id=37)
  Input: <- Pipeline #0 [on: PARTITION (id=37), port: default, barrier: PARTIAL]
  Dependencies: Pipeline #0
  Output: -> CONCAT [port: default, barrier: PARTIAL]
Pipeline #12: CONCAT (id=36)
  Input: <- Pipeline #11 [on: CONCAT (id=36), port: default, barrier: PARTIAL]
  Dependencies: Pipeline #11
  Output: -> HASH_JOIN [port: default, barrier: FULL]
Pipeline #13: HASH_JOIN (id=18) -> HASH_GROUP_BY (id=22)
  Input: <- Pipeline #12 [on: HASH_JOIN (id=18), port: default, barrier: FULL]
  Input: <- Pipeline #10 [on: HASH_JOIN (id=18), port: build, barrier: FULL]
  Dependencies: Pipeline #10, Pipeline #12
  Output: -> PARTITION [port: default, barrier: FULL]
Pipeline #14: PARTITION (id=38)
  Input: <- Pipeline #13 [on: PARTITION (id=38), port: default, barrier: FULL]
  Dependencies: Pipeline #13
  Output: -> MERGE_GROUP_BY [port: default, barrier: FULL]
Pipeline #15: MERGE_GROUP_BY (id=39)
  Input: <- Pipeline #14 [on: MERGE_GROUP_BY (id=39), port: default, barrier: FULL]
  Dependencies: Pipeline #14
  Output: -> ORDER_BY [port: default, barrier: FULL]
Pipeline #16: ORDER_BY (id=23)
  Input: <- Pipeline #15 [on: ORDER_BY (id=23), port: default, barrier: FULL]
  Dependencies: Pipeline #15
  Output: -> SORT_SAMPLE [port: default, barrier: PIPELINE]
Pipeline #17: SORT_SAMPLE (id=40) -> SORT_PARTITION (id=41)
  Input: <- Pipeline #16 [on: SORT_SAMPLE (id=40), port: default, barrier: PIPELINE]
  Dependencies: Pipeline #16
  Output: -> MERGE_SORT [port: default, barrier: FULL]
Pipeline #18: MERGE_SORT (id=42)
  Input: <- Pipeline #17 [on: MERGE_SORT (id=42), port: default, barrier: FULL]
  Dependencies: Pipeline #17
  Output: -> RESULT_COLLECTOR [port: default, barrier: FULL]
Pipeline #19: RESULT_COLLECTOR (id=24)
  Input: <- Pipeline #18 [on: RESULT_COLLECTOR (id=24), port: default, barrier: FULL]
  Dependencies: Pipeline #18

=== Query Plan DAG ===
┌──────────────────────────┐                                                        
│ Pipeline #19             │                                                        
│ RESULT_COLLECTOR (id=24) │                                                        
│ Input(#18): FULL         │                                                        
└────────────┬─────────────┘                                                        
             │                                                                      
┌──────────────────────────┐                                                        
│ Pipeline #18             │                                                        
│ MERGE_SORT (id=42)       │                                                        
│ Input(#17): FULL         │                                                        
└────────────┬─────────────┘                                                        
             │                                                                      
┌──────────────────────────┐                                                        
│ Pipeline #17             │                                                        
│ SORT_PARTITION (id=41)   │                                                        
│ SORT_SAMPLE (id=40)      │                                                        
│ Input(#16): PIPELINE     │                                                        
└────────────┬─────────────┘                                                        
             │                                                                      
┌──────────────────────────┐                                                        
│ Pipeline #16             │                                                        
│ ORDER_BY (id=23)         │                                                        
│ Input(#15): FULL         │                                                        
└────────────┬─────────────┘                                                        
             │                                                                      
┌──────────────────────────┐                                                        
│ Pipeline #15             │                                                        
│ MERGE_GROUP_BY (id=39)   │                                                        
│ Input(#14): FULL         │                                                        
└────────────┬─────────────┘                                                        
             │                                                                      
┌──────────────────────────┐                                                        
│ Pipeline #14             │                                                        
│ PARTITION (id=38)        │                                                        
│ Input(#13): FULL         │                                                        
└────────────┬─────────────┘                                                        
             │                                                                      
┌──────────────────────────┐                                                        
│ Pipeline #13             │                                                        
│ HASH_GROUP_BY (id=22)    │                                                        
│ HASH_JOIN (id=18)        │                                                        
│   type: SEMI             │                                                        
│ Input(#12): FULL         │                                                        
│ Input(#10): FULL         │                                                        
└────────────┬─────────────┘                                                        
             ┌───────────────────────────────────────────────────────┐              
             │                                                       │              
┌──────────────────────────┐                            ┌──────────────────────────┐
│ Pipeline #10             │                            │ Pipeline #12             │
│ CONCAT (id=34)           │                            │ CONCAT (id=36)           │
│ Input(#9): PARTIAL       │                            │ Input(#11): PARTIAL      │
└────────────┬─────────────┘                            └────────────┬─────────────┘
             │                                                       │              
┌──────────────────────────┐                            ┌──────────────────────────┐
│ Pipeline #9              │                            │ Pipeline #11             │
│ PARTITION (id=35)        │                            │ PARTITION (id=37)        │
│ Input(#8): FULL          │                            │ Input(#0): PARTIAL       │
└────────────┬─────────────┘                            └────────────┬─────────────┘
             │                                                       │              
┌──────────────────────────┐                            ┌──────────────────────────┐
│ Pipeline #8              │                            │ (-> Pipeline #0)         │
│ PROJECTION (id=17)       │                            │                          │
│ HASH_JOIN (id=16)        │                            │                          │
│   type: INNER            │                            │                          │
│ Input(#7): FULL          │                            │                          │
│ Input(#4): FULL          │                            │                          │
└────────────┬─────────────┘                            └──────────────────────────┘
             ┌───────────────────────────┐                                          
             │                           │                                          
┌──────────────────────────┐┌──────────────────────────┐                            
│ Pipeline #4              ││ Pipeline #7              │                            
│ CONCAT (id=28)           ││ CONCAT (id=32)           │                            
│ Input(#3): PARTIAL       ││ Input(#6): PARTIAL       │                            
└────────────┬─────────────┘└────────────┬─────────────┘                            
             │                           │                                          
┌──────────────────────────┐┌──────────────────────────┐                            
│ Pipeline #3              ││ Pipeline #6              │                            
│ PARTITION (id=29)        ││ PARTITION (id=33)        │                            
│ Input(#2): FULL          ││ Input(#5): PARTIAL       │                            
└────────────┬─────────────┘└────────────┬─────────────┘                            
             │                           │                                          
┌──────────────────────────┐┌──────────────────────────┐                            
│ Pipeline #2              ││ Pipeline #5              │                            
│ MERGE_GROUP_BY (id=27)   ││ FILTER (id=14)           │                            
│ Input(#1): FULL          ││ DYNAMIC_FILTER (id=31)   │                            
│                          ││ GPU_SCAN (id=30)         │                            
└────────────┬─────────────┘└──────────────────────────┘                            
             │                                                                      
┌──────────────────────────┐                                                        
│ Pipeline #1              │                                                        
│ PARTITION (id=26)        │                                                        
│ Input(#0): FULL          │                                                        
└────────────┬─────────────┘                                                        
             │                                                                      
┌──────────────────────────┐                                                        
│ Pipeline #0              │                                                        
│ LEFT_DELIM_JOIN (id=19)  │                                                        
│ GPU_SCAN (id=25)         │                                                        
└──────────────────────────┘                                                        

[2026-07-09 04:20:47.302] [info] [sirius_scan_manager.cpp:416] [fixed-page-cache] page-backed cached provider unavailable; falling back to chunk-backed cached provider
[2026-07-09 04:20:47.302] [info] [sirius_scan_manager.cpp:420] [fixed-page-cache] cached provider unavailable; selected columns have page-only storage with incomplete resident coverage
[2026-07-09 04:20:47.309] [info] [parquet_gpu_ingestible.cpp:250] [coalesce-debug] parquet_batch_coalescer emit #1: 1 slice(s), acc_bytes=535792172, cap=536870912
[2026-07-09 04:20:47.309] [info] [parquet_gpu_ingestible.cpp:250] [coalesce-debug] parquet_batch_coalescer emit #2: 1 slice(s), acc_bytes=536716992, cap=536870912
[2026-07-09 04:20:47.309] [info] [parquet_gpu_ingestible.cpp:250] [coalesce-debug] parquet_batch_coalescer emit #3: 1 slice(s), acc_bytes=536718830, cap=536870912
[2026-07-09 04:20:47.309] [info] [load_balancing_scan_batch_coalescer.cpp:96] [coalesce-debug] load_balancer emit pipeline=0 -> preferred GPU 0
[2026-07-09 04:20:47.331] [info] [load_balancing_scan_batch_coalescer.cpp:96] [coalesce-debug] load_balancer emit pipeline=0 -> preferred GPU 1
[2026-07-09 04:20:47.339] [info] [task_scheduler.cpp:462] [mgpu-audit] pipeline_task dispatched to GPU 0 task_id=198
[2026-07-09 04:20:47.339] [info] [task_scheduler.cpp:464] [locality-audit] dispatch task_id=198 preferred_device=0 actual_gpu=0
[2026-07-09 04:20:47.339] [warning] [downgrade_executor.cpp:335] [downgrade] [GPU:0] downgrade request not satisfied and disk memory space is not configured; data cannot be spilled to disk. Consider configuring a disk memory space to enable spilling.
[2026-07-09 04:20:47.340] [warning] [gpu_pipeline_executor.cpp:250] GPU Pipeline Executor: after downgrade (0 bytes freed), reservation still partial (1522570112/4286337376 bytes) for pipeline 0 task 198 -- proceeding with partial reservation
[2026-07-09 04:20:47.353] [info] [load_balancing_scan_batch_coalescer.cpp:96] [coalesce-debug] load_balancer emit pipeline=0 -> preferred GPU 0
[2026-07-09 04:20:47.355] [info] [task_scheduler.cpp:462] [mgpu-audit] pipeline_task dispatched to GPU 1 task_id=199
[2026-07-09 04:20:47.355] [info] [task_scheduler.cpp:464] [locality-audit] dispatch task_id=199 preferred_device=1 actual_gpu=1
[2026-07-09 04:20:47.355] [warning] [downgrade_executor.cpp:335] [downgrade] [GPU:1] downgrade request not satisfied and disk memory space is not configured; data cannot be spilled to disk. Consider configuring a disk memory space to enable spilling.
[2026-07-09 04:20:47.355] [warning] [gpu_pipeline_executor.cpp:250] GPU Pipeline Executor: after downgrade (0 bytes freed), reservation still partial (1526096000/4293735936 bytes) for pipeline 0 task 199 -- proceeding with partial reservation
[2026-07-09 04:20:47.376] [info] [parquet_gpu_ingestible.cpp:250] [coalesce-debug] parquet_batch_coalescer emit #4: 1 slice(s), acc_bytes=285267347, cap=536870912
[2026-07-09 04:20:47.376] [info] [load_balancing_scan_batch_coalescer.cpp:96] [coalesce-debug] load_balancer emit pipeline=0 -> preferred GPU 1
[2026-07-09 04:20:47.378] [info] [task_scheduler.cpp:462] [mgpu-audit] pipeline_task dispatched to GPU 0 task_id=200
[2026-07-09 04:20:47.378] [info] [task_scheduler.cpp:464] [locality-audit] dispatch task_id=200 preferred_device=0 actual_gpu=0
[2026-07-09 04:20:47.402] [info] [parquet_gpu_ingestible.cpp:250] [coalesce-debug] parquet_batch_coalescer emit #1: 1 slice(s), acc_bytes=536609169, cap=536870912
[2026-07-09 04:20:47.402] [info] [parquet_gpu_ingestible.cpp:250] [coalesce-debug] parquet_batch_coalescer emit #2: 1 slice(s), acc_bytes=535664207, cap=536870912
[2026-07-09 04:20:47.402] [info] [parquet_gpu_ingestible.cpp:250] [coalesce-debug] parquet_batch_coalescer emit #3: 1 slice(s), acc_bytes=535675524, cap=536870912
[2026-07-09 04:20:47.402] [info] [parquet_gpu_ingestible.cpp:250] [coalesce-debug] parquet_batch_coalescer emit #4: 1 slice(s), acc_bytes=536159222, cap=536870912
[2026-07-09 04:20:47.402] [info] [parquet_gpu_ingestible.cpp:250] [coalesce-debug] parquet_batch_coalescer emit #5: 1 slice(s), acc_bytes=536412431, cap=536870912
[2026-07-09 04:20:47.402] [info] [parquet_gpu_ingestible.cpp:250] [coalesce-debug] parquet_batch_coalescer emit #6: 1 slice(s), acc_bytes=536419661, cap=536870912
[2026-07-09 04:20:47.402] [info] [parquet_gpu_ingestible.cpp:250] [coalesce-debug] parquet_batch_coalescer emit #7: 1 slice(s), acc_bytes=536409541, cap=536870912
[2026-07-09 04:20:47.402] [info] [parquet_gpu_ingestible.cpp:250] [coalesce-debug] parquet_batch_coalescer emit #8: 1 slice(s), acc_bytes=536417697, cap=536870912
[2026-07-09 04:20:47.402] [info] [parquet_gpu_ingestible.cpp:250] [coalesce-debug] parquet_batch_coalescer emit #9: 1 slice(s), acc_bytes=536419365, cap=536870912
[2026-07-09 04:20:47.402] [info] [parquet_gpu_ingestible.cpp:250] [coalesce-debug] parquet_batch_coalescer emit #10: 1 slice(s), acc_bytes=536437654, cap=536870912
[2026-07-09 04:20:47.402] [info] [parquet_gpu_ingestible.cpp:250] [coalesce-debug] parquet_batch_coalescer emit #11: 1 slice(s), acc_bytes=536429738, cap=536870912
[2026-07-09 04:20:47.402] [info] [parquet_gpu_ingestible.cpp:250] [coalesce-debug] parquet_batch_coalescer emit #12: 1 slice(s), acc_bytes=536407763, cap=536870912
[2026-07-09 04:20:47.402] [info] [parquet_gpu_ingestible.cpp:250] [coalesce-debug] parquet_batch_coalescer emit #13: 1 slice(s), acc_bytes=536414314, cap=536870912
[2026-07-09 04:20:47.402] [info] [parquet_gpu_ingestible.cpp:250] [coalesce-debug] parquet_batch_coalescer emit #14: 1 slice(s), acc_bytes=536428111, cap=536870912
[2026-07-09 04:20:47.402] [info] [parquet_gpu_ingestible.cpp:250] [coalesce-debug] parquet_batch_coalescer emit #15: 1 slice(s), acc_bytes=536428475, cap=536870912
[2026-07-09 04:20:47.402] [info] [parquet_gpu_ingestible.cpp:250] [coalesce-debug] parquet_batch_coalescer emit #16: 1 slice(s), acc_bytes=536420446, cap=536870912
[2026-07-09 04:20:47.402] [info] [parquet_gpu_ingestible.cpp:250] [coalesce-debug] parquet_batch_coalescer emit #17: 1 slice(s), acc_bytes=536413144, cap=536870912
[2026-07-09 04:20:47.402] [info] [parquet_gpu_ingestible.cpp:250] [coalesce-debug] parquet_batch_coalescer emit #18: 1 slice(s), acc_bytes=536425354, cap=536870912
[2026-07-09 04:20:47.402] [info] [load_balancing_scan_batch_coalescer.cpp:96] [coalesce-debug] load_balancer emit pipeline=5 -> preferred GPU 0
[2026-07-09 04:20:47.405] [info] [task_scheduler.cpp:462] [mgpu-audit] pipeline_task dispatched to GPU 1 task_id=201
[2026-07-09 04:20:47.405] [info] [task_scheduler.cpp:464] [locality-audit] dispatch task_id=201 preferred_device=1 actual_gpu=1
[2026-07-09 04:20:47.558] [info] [load_balancing_scan_batch_coalescer.cpp:96] [coalesce-debug] load_balancer emit pipeline=5 -> preferred GPU 1
[2026-07-09 04:20:47.585] [info] [parquet_gpu_ingestible.cpp:718] [fixed-page-cache] auto_cache_skip reason=non_fixed_width_column column_index=1 type_id=23
[2026-07-09 04:20:47.586] [info] [gpu_pipeline_task.cpp:321] [stage-audit] pipeline_id=0 task_id=198 operator_id=25 operator_name=GPU_SCAN stage_kind=SCAN operator_type=94 input_type=GPU_SCAN output_type=PIPELINEABLE actual_gpu=0 pipeline_operator_count=2 input_batches=0 input_rows=0 input_columns=0 input_bytes=0 output_batches=1 output_rows=1623613 output_columns=2 output_bytes=33529092 byte_ratio=0.000000 row_ratio=0.000000 duration_us=241615
[2026-07-09 04:20:47.586] [info] [gpu_pipeline_task.cpp:321] [stage-audit] pipeline_id=0 task_id=198 operator_id=19 operator_name=LEFT_DELIM_JOIN stage_kind=JOIN operator_type=37 input_type=PIPELINEABLE output_type=PIPELINEABLE actual_gpu=0 pipeline_operator_count=2 input_batches=1 input_rows=1623613 input_columns=2 input_bytes=33529092 output_batches=1 output_rows=1623613 output_columns=2 output_bytes=33529092 byte_ratio=1.000000 row_ratio=1.000000 duration_us=2
[2026-07-09 04:20:47.586] [warning] [gpu_pipeline_task.cpp:67] gpu_pipeline_task: operator 'LEFT_DELIM_JOIN' (id=19) output batch 0 column count mismatch: got 2, expected 1
[2026-07-09 04:20:47.587] [info] [parquet_gpu_ingestible.cpp:718] [fixed-page-cache] auto_cache_skip reason=non_fixed_width_column column_index=1 type_id=23
[2026-07-09 04:20:47.587] [info] [gpu_pipeline_task.cpp:321] [stage-audit] pipeline_id=0 task_id=199 operator_id=25 operator_name=GPU_SCAN stage_kind=SCAN operator_type=94 input_type=GPU_SCAN output_type=PIPELINEABLE actual_gpu=1 pipeline_operator_count=2 input_batches=0 input_rows=0 input_columns=0 input_bytes=0 output_batches=1 output_rows=1626175 output_columns=2 output_bytes=33578536 byte_ratio=0.000000 row_ratio=0.000000 duration_us=228205
[2026-07-09 04:20:47.587] [info] [gpu_pipeline_task.cpp:321] [stage-audit] pipeline_id=0 task_id=199 operator_id=19 operator_name=LEFT_DELIM_JOIN stage_kind=JOIN operator_type=37 input_type=PIPELINEABLE output_type=PIPELINEABLE actual_gpu=1 pipeline_operator_count=2 input_batches=1 input_rows=1626175 input_columns=2 input_bytes=33578536 output_batches=1 output_rows=1626175 output_columns=2 output_bytes=33578536 byte_ratio=1.000000 row_ratio=1.000000 duration_us=2
[2026-07-09 04:20:47.587] [warning] [gpu_pipeline_task.cpp:67] gpu_pipeline_task: operator 'LEFT_DELIM_JOIN' (id=19) output batch 0 column count mismatch: got 2, expected 1
[2026-07-09 04:20:47.591] [warning] [downgrade_executor.cpp:335] [downgrade] [GPU:0] downgrade request not satisfied and disk memory space is not configured; data cannot be spilled to disk. Consider configuring a disk memory space to enable spilling.
[2026-07-09 04:20:47.591] [warning] [gpu_pipeline_executor.cpp:250] GPU Pipeline Executor: after downgrade (46721004 bytes freed), reservation still partial (1522570112/4293750640 bytes) for pipeline 0 task 200 -- proceeding with partial reservation
[2026-07-09 04:20:47.592] [warning] [downgrade_executor.cpp:335] [downgrade] [GPU:1] downgrade request not satisfied and disk memory space is not configured; data cannot be spilled to disk. Consider configuring a disk memory space to enable spilling.
[2026-07-09 04:20:47.592] [warning] [gpu_pipeline_executor.cpp:250] GPU Pipeline Executor: after downgrade (46791264 bytes freed), reservation still partial (1526096000/2282138776 bytes) for pipeline 0 task 201 -- proceeding with partial reservation
[2026-07-09 04:20:47.697] [info] [load_balancing_scan_batch_coalescer.cpp:96] [coalesce-debug] load_balancer emit pipeline=5 -> preferred GPU 0
[2026-07-09 04:20:47.789] [info] [parquet_gpu_ingestible.cpp:718] [fixed-page-cache] auto_cache_skip reason=non_fixed_width_column column_index=1 type_id=23
[2026-07-09 04:20:47.789] [info] [gpu_pipeline_task.cpp:321] [stage-audit] pipeline_id=0 task_id=201 operator_id=25 operator_name=GPU_SCAN stage_kind=SCAN operator_type=94 input_type=GPU_SCAN output_type=PIPELINEABLE actual_gpu=1 pipeline_operator_count=2 input_batches=0 input_rows=0 input_columns=0 input_bytes=0 output_batches=1 output_rows=863786 output_columns=2 output_bytes=17840398 byte_ratio=0.000000 row_ratio=0.000000 duration_us=191349
[2026-07-09 04:20:47.789] [info] [gpu_pipeline_task.cpp:321] [stage-audit] pipeline_id=0 task_id=201 operator_id=19 operator_name=LEFT_DELIM_JOIN stage_kind=JOIN operator_type=37 input_type=PIPELINEABLE output_type=PIPELINEABLE actual_gpu=1 pipeline_operator_count=2 input_batches=1 input_rows=863786 input_columns=2 input_bytes=17840398 output_batches=1 output_rows=863786 output_columns=2 output_bytes=17840398 byte_ratio=1.000000 row_ratio=1.000000 duration_us=1
[2026-07-09 04:20:47.789] [warning] [gpu_pipeline_task.cpp:67] gpu_pipeline_task: operator 'LEFT_DELIM_JOIN' (id=19) output batch 0 column count mismatch: got 2, expected 1
[2026-07-09 04:20:47.796] [info] [parquet_gpu_ingestible.cpp:718] [fixed-page-cache] auto_cache_skip reason=non_fixed_width_column column_index=1 type_id=23
[2026-07-09 04:20:47.796] [info] [gpu_pipeline_task.cpp:321] [stage-audit] pipeline_id=0 task_id=200 operator_id=25 operator_name=GPU_SCAN stage_kind=SCAN operator_type=94 input_type=GPU_SCAN output_type=PIPELINEABLE actual_gpu=0 pipeline_operator_count=2 input_batches=0 input_rows=0 input_columns=0 input_bytes=0 output_batches=1 output_rows=1625127 output_columns=2 output_bytes=33562932 byte_ratio=0.000000 row_ratio=0.000000 duration_us=198824
[2026-07-09 04:20:47.796] [info] [gpu_pipeline_task.cpp:321] [stage-audit] pipeline_id=0 task_id=200 operator_id=19 operator_name=LEFT_DELIM_JOIN stage_kind=JOIN operator_type=37 input_type=PIPELINEABLE output_type=PIPELINEABLE actual_gpu=0 pipeline_operator_count=2 input_batches=1 input_rows=1625127 input_columns=2 input_bytes=33562932 output_batches=1 output_rows=1625127 output_columns=2 output_bytes=33562932 byte_ratio=1.000000 row_ratio=1.000000 duration_us=2
[2026-07-09 04:20:47.796] [warning] [gpu_pipeline_task.cpp:67] gpu_pipeline_task: operator 'LEFT_DELIM_JOIN' (id=19) output batch 0 column count mismatch: got 2, expected 1
[2026-07-09 04:20:47.798] [info] [task_creator.cpp:363] [locality-audit] task_create operator_id=26 input_bytes=13191912 local_bytes=0 gpu_source_bytes=0 host_source_bytes=13191912 disk_source_bytes=0 gpu_sources=0 host_sources=1 preferred_device=1
[2026-07-09 04:20:47.798] [info] [task_creator.cpp:363] [locality-audit] task_create operator_id=26 input_bytes=13212728 local_bytes=0 gpu_source_bytes=0 host_source_bytes=13212728 disk_source_bytes=0 gpu_sources=0 host_sources=1 preferred_device=0
[2026-07-09 04:20:47.798] [info] [task_creator.cpp:363] [locality-audit] task_create operator_id=26 input_bytes=7018320 local_bytes=7018320 gpu_source_bytes=7018320 host_source_bytes=0 disk_source_bytes=0 gpu_sources=1 host_sources=0 preferred_device=1
[2026-07-09 04:20:47.798] [info] [task_creator.cpp:363] [locality-audit] task_create operator_id=26 input_bytes=13204216 local_bytes=13204216 gpu_source_bytes=13204216 host_source_bytes=0 disk_source_bytes=0 gpu_sources=1 host_sources=0 preferred_device=0
[2026-07-09 04:20:47.798] [info] [task_scheduler.cpp:462] [mgpu-audit] pipeline_task dispatched to GPU 1 task_id=202
[2026-07-09 04:20:47.798] [info] [task_scheduler.cpp:464] [locality-audit] dispatch task_id=202 preferred_device=1 actual_gpu=1
[2026-07-09 04:20:47.798] [info] [task_scheduler.cpp:462] [mgpu-audit] pipeline_task dispatched to GPU 0 task_id=203
[2026-07-09 04:20:47.798] [info] [task_scheduler.cpp:464] [locality-audit] dispatch task_id=203 preferred_device=0 actual_gpu=0
[2026-07-09 04:20:47.798] [info] [task_scheduler.cpp:462] [mgpu-audit] pipeline_task dispatched to GPU 0 task_id=205
[2026-07-09 04:20:47.798] [info] [task_scheduler.cpp:464] [locality-audit] dispatch task_id=205 preferred_device=0 actual_gpu=0
[2026-07-09 04:20:47.798] [info] [task_scheduler.cpp:462] [mgpu-audit] pipeline_task dispatched to GPU 1 task_id=204
[2026-07-09 04:20:47.798] [info] [task_scheduler.cpp:464] [locality-audit] dispatch task_id=204 preferred_device=1 actual_gpu=1
[2026-07-09 04:20:47.798] [info] [gpu_pipeline_task.cpp:188] [locality-audit] prepare_before pipeline_id=1 task_id=204 preferred_device=1 actual_gpu=1 target_tier=GPU target_device=1 input_bytes=7018320 local_bytes=7018320 remote_gpu_bytes=0 host_bytes=0 disk_bytes=0 batch_count=1
[2026-07-09 04:20:47.798] [info] [gpu_pipeline_task.cpp:188] [locality-audit] prepare_before pipeline_id=1 task_id=202 preferred_device=1 actual_gpu=1 target_tier=GPU target_device=1 input_bytes=13191912 local_bytes=0 remote_gpu_bytes=0 host_bytes=13191912 disk_bytes=0 batch_count=1
[2026-07-09 04:20:47.798] [info] [gpu_pipeline_task.cpp:188] [locality-audit] prepare_after pipeline_id=1 task_id=204 preferred_device=1 actual_gpu=1 target_tier=GPU target_device=1 input_bytes=7018320 local_bytes=7018320 remote_gpu_bytes=0 host_bytes=0 disk_bytes=0 batch_count=1
[2026-07-09 04:20:47.798] [info] [gpu_pipeline_task.cpp:188] [locality-audit] prepare_before pipeline_id=1 task_id=205 preferred_device=0 actual_gpu=0 target_tier=GPU target_device=0 input_bytes=13204216 local_bytes=13204216 remote_gpu_bytes=0 host_bytes=0 disk_bytes=0 batch_count=1
[2026-07-09 04:20:47.798] [info] [gpu_pipeline_task.cpp:188] [locality-audit] prepare_before pipeline_id=1 task_id=203 preferred_device=0 actual_gpu=0 target_tier=GPU target_device=0 input_bytes=13212728 local_bytes=0 remote_gpu_bytes=0 host_bytes=13212728 disk_bytes=0 batch_count=1
[2026-07-09 04:20:47.798] [info] [gpu_pipeline_task.cpp:188] [locality-audit] prepare_after pipeline_id=1 task_id=205 preferred_device=0 actual_gpu=0 target_tier=GPU target_device=0 input_bytes=13204216 local_bytes=13204216 remote_gpu_bytes=0 host_bytes=0 disk_bytes=0 batch_count=1
[2026-07-09 04:20:47.798] [info] [gpu_pipeline_task.cpp:321] [stage-audit] pipeline_id=1 task_id=204 operator_id=26 operator_name=PARTITION stage_kind=PARTITION operator_type=82 input_type=PIPELINEABLE output_type=PIPELINEABLE actual_gpu=1 pipeline_operator_count=1 input_batches=1 input_rows=863786 input_columns=1 input_bytes=7018320 output_batches=2 output_rows=863786 output_columns=2 output_bytes=6910288 byte_ratio=0.984607 row_ratio=1.000000 duration_us=397
[2026-07-09 04:20:47.798] [info] [gpu_pipeline_task.cpp:321] [stage-audit] pipeline_id=1 task_id=205 operator_id=26 operator_name=PARTITION stage_kind=PARTITION operator_type=82 input_type=PIPELINEABLE output_type=PIPELINEABLE actual_gpu=0 pipeline_operator_count=1 input_batches=1 input_rows=1625127 input_columns=1 input_bytes=13204216 output_batches=2 output_rows=1625127 output_columns=2 output_bytes=13001016 byte_ratio=0.984611 row_ratio=1.000000 duration_us=431
[2026-07-09 04:20:47.799] [info] [gpu_pipeline_task.cpp:188] [locality-audit] prepare_after pipeline_id=1 task_id=202 preferred_device=1 actual_gpu=1 target_tier=GPU target_device=1 input_bytes=13191912 local_bytes=13191912 remote_gpu_bytes=0 host_bytes=0 disk_bytes=0 batch_count=1
[2026-07-09 04:20:47.799] [info] [gpu_pipeline_task.cpp:188] [locality-audit] prepare_after pipeline_id=1 task_id=203 preferred_device=0 actual_gpu=0 target_tier=GPU target_device=0 input_bytes=13212728 local_bytes=13212728 remote_gpu_bytes=0 host_bytes=0 disk_bytes=0 batch_count=1
[2026-07-09 04:20:47.799] [info] [gpu_pipeline_task.cpp:321] [stage-audit] pipeline_id=1 task_id=202 operator_id=26 operator_name=PARTITION stage_kind=PARTITION operator_type=82 input_type=PIPELINEABLE output_type=PIPELINEABLE actual_gpu=1 pipeline_operator_count=1 input_batches=1 input_rows=1623613 input_columns=1 input_bytes=13191912 output_batches=2 output_rows=1623613 output_columns=2 output_bytes=12988904 byte_ratio=0.984611 row_ratio=1.000000 duration_us=627
[2026-07-09 04:20:47.799] [info] [gpu_pipeline_task.cpp:321] [stage-audit] pipeline_id=1 task_id=203 operator_id=26 operator_name=PARTITION stage_kind=PARTITION operator_type=82 input_type=PIPELINEABLE output_type=PIPELINEABLE actual_gpu=0 pipeline_operator_count=1 input_batches=1 input_rows=1626175 input_columns=1 input_bytes=13212728 output_batches=2 output_rows=1626175 output_columns=2 output_bytes=13009400 byte_ratio=0.984611 row_ratio=1.000000 duration_us=584
[2026-07-09 04:20:47.800] [info] [task_scheduler.cpp:462] [mgpu-audit] pipeline_task dispatched to GPU 0 task_id=206
[2026-07-09 04:20:47.800] [info] [task_scheduler.cpp:464] [locality-audit] dispatch task_id=206 preferred_device=0 actual_gpu=0
[2026-07-09 04:20:47.800] [info] [task_scheduler.cpp:462] [mgpu-audit] pipeline_task dispatched to GPU 1 task_id=207
[2026-07-09 04:20:47.800] [info] [task_scheduler.cpp:464] [locality-audit] dispatch task_id=207 preferred_device=1 actual_gpu=1
[2026-07-09 04:20:47.800] [info] [gpu_pipeline_task.cpp:188] [locality-audit] prepare_before pipeline_id=2 task_id=207 preferred_device=1 actual_gpu=1 target_tier=GPU target_device=1 input_bytes=22949792 local_bytes=9952128 remote_gpu_bytes=12997664 host_bytes=0 disk_bytes=0 batch_count=4
[2026-07-09 04:20:47.800] [info] [gpu_pipeline_task.cpp:188] [locality-audit] prepare_before pipeline_id=2 task_id=206 preferred_device=0 actual_gpu=0 target_tier=GPU target_device=0 input_bytes=22959816 local_bytes=13012752 remote_gpu_bytes=9947064 host_bytes=0 disk_bytes=0 batch_count=4
[2026-07-09 04:20:47.800] [info] [gpu_pipeline_task.cpp:188] [locality-audit] prepare_after pipeline_id=2 task_id=207 preferred_device=1 actual_gpu=1 target_tier=GPU target_device=1 input_bytes=22949792 local_bytes=22949792 remote_gpu_bytes=0 host_bytes=0 disk_bytes=0 batch_count=4
[2026-07-09 04:20:47.801] [info] [gpu_pipeline_task.cpp:188] [locality-audit] prepare_after pipeline_id=2 task_id=206 preferred_device=0 actual_gpu=0 target_tier=GPU target_device=0 input_bytes=22959816 local_bytes=22959816 remote_gpu_bytes=0 host_bytes=0 disk_bytes=0 batch_count=4
[2026-07-09 04:20:47.803] [info] [gpu_pipeline_task.cpp:321] [stage-audit] pipeline_id=2 task_id=207 operator_id=27 operator_name=MERGE_GROUP_BY stage_kind=AGGREGATE operator_type=85 input_type=PARTITIONED output_type=PIPELINEABLE actual_gpu=1 pipeline_operator_count=1 input_batches=4 input_rows=2868724 input_columns=4 input_bytes=22949792 output_batches=1 output_rows=2868724 output_columns=1 output_bytes=22949792 byte_ratio=1.000000 row_ratio=1.000000 duration_us=3018
[2026-07-09 04:20:47.804] [info] [gpu_pipeline_task.cpp:321] [stage-audit] pipeline_id=2 task_id=206 operator_id=27 operator_name=MERGE_GROUP_BY stage_kind=AGGREGATE operator_type=85 input_type=PARTITIONED output_type=PIPELINEABLE actual_gpu=0 pipeline_operator_count=1 input_batches=4 input_rows=2869977 input_columns=4 input_bytes=22959816 output_batches=1 output_rows=2869977 output_columns=1 output_bytes=22959816 byte_ratio=1.000000 row_ratio=1.000000 duration_us=3013
[2026-07-09 04:20:47.804] [info] [task_creator.cpp:363] [locality-audit] task_create operator_id=29 input_bytes=22949792 local_bytes=22949792 gpu_source_bytes=22949792 host_source_bytes=0 disk_source_bytes=0 gpu_sources=1 host_sources=0 preferred_device=1
[2026-07-09 04:20:47.804] [info] [task_creator.cpp:363] [locality-audit] task_create operator_id=29 input_bytes=22959816 local_bytes=22959816 gpu_source_bytes=22959816 host_source_bytes=0 disk_source_bytes=0 gpu_sources=1 host_sources=0 preferred_device=0
[2026-07-09 04:20:47.804] [info] [task_scheduler.cpp:462] [mgpu-audit] pipeline_task dispatched to GPU 1 task_id=208
[2026-07-09 04:20:47.804] [info] [task_scheduler.cpp:464] [locality-audit] dispatch task_id=208 preferred_device=1 actual_gpu=1
[2026-07-09 04:20:47.804] [info] [task_scheduler.cpp:462] [mgpu-audit] pipeline_task dispatched to GPU 0 task_id=209
[2026-07-09 04:20:47.804] [info] [task_scheduler.cpp:464] [locality-audit] dispatch task_id=209 preferred_device=0 actual_gpu=0
[2026-07-09 04:20:47.804] [info] [gpu_pipeline_task.cpp:188] [locality-audit] prepare_before pipeline_id=3 task_id=208 preferred_device=1 actual_gpu=1 target_tier=GPU target_device=1 input_bytes=22949792 local_bytes=22949792 remote_gpu_bytes=0 host_bytes=0 disk_bytes=0 batch_count=1
[2026-07-09 04:20:47.804] [info] [gpu_pipeline_task.cpp:188] [locality-audit] prepare_after pipeline_id=3 task_id=208 preferred_device=1 actual_gpu=1 target_tier=GPU target_device=1 input_bytes=22949792 local_bytes=22949792 remote_gpu_bytes=0 host_bytes=0 disk_bytes=0 batch_count=1
[2026-07-09 04:20:47.804] [info] [gpu_pipeline_task.cpp:188] [locality-audit] prepare_before pipeline_id=3 task_id=209 preferred_device=0 actual_gpu=0 target_tier=GPU target_device=0 input_bytes=22959816 local_bytes=22959816 remote_gpu_bytes=0 host_bytes=0 disk_bytes=0 batch_count=1
[2026-07-09 04:20:47.804] [info] [gpu_pipeline_task.cpp:188] [locality-audit] prepare_after pipeline_id=3 task_id=209 preferred_device=0 actual_gpu=0 target_tier=GPU target_device=0 input_bytes=22959816 local_bytes=22959816 remote_gpu_bytes=0 host_bytes=0 disk_bytes=0 batch_count=1
[2026-07-09 04:20:47.804] [info] [gpu_pipeline_task.cpp:321] [stage-audit] pipeline_id=3 task_id=208 operator_id=29 operator_name=PARTITION stage_kind=PARTITION operator_type=82 input_type=PIPELINEABLE output_type=PIPELINEABLE actual_gpu=1 pipeline_operator_count=1 input_batches=1 input_rows=2868724 input_columns=1 input_bytes=22949792 output_batches=2 output_rows=2868724 output_columns=2 output_bytes=22949792 byte_ratio=1.000000 row_ratio=1.000000 duration_us=407
[2026-07-09 04:20:47.804] [info] [gpu_pipeline_task.cpp:321] [stage-audit] pipeline_id=3 task_id=209 operator_id=29 operator_name=PARTITION stage_kind=PARTITION operator_type=82 input_type=PIPELINEABLE output_type=PIPELINEABLE actual_gpu=0 pipeline_operator_count=1 input_batches=1 input_rows=2869977 input_columns=1 input_bytes=22959816 output_batches=2 output_rows=2869977 output_columns=2 output_bytes=22959816 byte_ratio=1.000000 row_ratio=1.000000 duration_us=452
[2026-07-09 04:20:47.804] [info] [task_scheduler.cpp:462] [mgpu-audit] pipeline_task dispatched to GPU 1 task_id=211
[2026-07-09 04:20:47.804] [info] [task_scheduler.cpp:464] [locality-audit] dispatch task_id=211 preferred_device=1 actual_gpu=1
[2026-07-09 04:20:47.804] [info] [task_scheduler.cpp:462] [mgpu-audit] pipeline_task dispatched to GPU 0 task_id=210
[2026-07-09 04:20:47.804] [info] [task_scheduler.cpp:464] [locality-audit] dispatch task_id=210 preferred_device=0 actual_gpu=0
[2026-07-09 04:20:47.804] [info] [gpu_pipeline_task.cpp:188] [locality-audit] prepare_before pipeline_id=4 task_id=211 preferred_device=1 actual_gpu=1 target_tier=GPU target_device=1 input_bytes=22949792 local_bytes=22949792 remote_gpu_bytes=0 host_bytes=0 disk_bytes=0 batch_count=2
[2026-07-09 04:20:47.804] [info] [gpu_pipeline_task.cpp:188] [locality-audit] prepare_before pipeline_id=4 task_id=210 preferred_device=0 actual_gpu=0 target_tier=GPU target_device=0 input_bytes=22959816 local_bytes=22959816 remote_gpu_bytes=0 host_bytes=0 disk_bytes=0 batch_count=2
[2026-07-09 04:20:47.804] [info] [gpu_pipeline_task.cpp:188] [locality-audit] prepare_after pipeline_id=4 task_id=211 preferred_device=1 actual_gpu=1 target_tier=GPU target_device=1 input_bytes=22949792 local_bytes=22949792 remote_gpu_bytes=0 host_bytes=0 disk_bytes=0 batch_count=2
[2026-07-09 04:20:47.804] [info] [gpu_pipeline_task.cpp:188] [locality-audit] prepare_after pipeline_id=4 task_id=210 preferred_device=0 actual_gpu=0 target_tier=GPU target_device=0 input_bytes=22959816 local_bytes=22959816 remote_gpu_bytes=0 host_bytes=0 disk_bytes=0 batch_count=2
[2026-07-09 04:20:47.805] [info] [gpu_pipeline_task.cpp:321] [stage-audit] pipeline_id=4 task_id=211 operator_id=28 operator_name=CONCAT stage_kind=CONCAT operator_type=83 input_type=PARTITIONED output_type=PARTITIONED actual_gpu=1 pipeline_operator_count=1 input_batches=2 input_rows=2868724 input_columns=2 input_bytes=22949792 output_batches=1 output_rows=2868724 output_columns=1 output_bytes=22949792 byte_ratio=1.000000 row_ratio=1.000000 duration_us=540
[2026-07-09 04:20:47.805] [info] [gpu_pipeline_task.cpp:321] [stage-audit] pipeline_id=4 task_id=210 operator_id=28 operator_name=CONCAT stage_kind=CONCAT operator_type=83 input_type=PARTITIONED output_type=PARTITIONED actual_gpu=0 pipeline_operator_count=1 input_batches=2 input_rows=2869977 input_columns=2 input_bytes=22959816 output_batches=1 output_rows=2869977 output_columns=1 output_bytes=22959816 byte_ratio=1.000000 row_ratio=1.000000 duration_us=547
[2026-07-09 04:20:47.844] [info] [task_scheduler.cpp:462] [mgpu-audit] pipeline_task dispatched to GPU 0 task_id=212
[2026-07-09 04:20:47.844] [info] [task_scheduler.cpp:464] [locality-audit] dispatch task_id=212 preferred_device=0 actual_gpu=0
[2026-07-09 04:20:47.846] [warning] [downgrade_executor.cpp:335] [downgrade] [GPU:0] downgrade request not satisfied and disk memory space is not configured; data cannot be spilled to disk. Consider configuring a disk memory space to enable spilling.
[2026-07-09 04:20:47.846] [warning] [gpu_pipeline_executor.cpp:250] GPU Pipeline Executor: after downgrade (56522748 bytes freed), reservation still partial (1522570112/4292873352 bytes) for pipeline 5 task 212 -- proceeding with partial reservation
[2026-07-09 04:20:47.854] [info] [load_balancing_scan_batch_coalescer.cpp:96] [coalesce-debug] load_balancer emit pipeline=5 -> preferred GPU 1
[2026-07-09 04:20:47.906] [info] [task_scheduler.cpp:462] [mgpu-audit] pipeline_task dispatched to GPU 1 task_id=213
[2026-07-09 04:20:47.906] [info] [task_scheduler.cpp:464] [locality-audit] dispatch task_id=213 preferred_device=1 actual_gpu=1
[2026-07-09 04:20:47.908] [warning] [downgrade_executor.cpp:335] [downgrade] [GPU:1] downgrade request not satisfied and disk memory space is not configured; data cannot be spilled to disk. Consider configuring a disk memory space to enable spilling.
[2026-07-09 04:20:47.908] [warning] [gpu_pipeline_executor.cpp:250] GPU Pipeline Executor: after downgrade (40790190 bytes freed), reservation still partial (1526096000/4285313656 bytes) for pipeline 5 task 213 -- proceeding with partial reservation
[2026-07-09 04:20:47.980] [info] [task_scheduler.cpp:462] [mgpu-audit] pipeline_task dispatched to GPU 0 task_id=214
[2026-07-09 04:20:47.980] [info] [task_scheduler.cpp:464] [locality-audit] dispatch task_id=214 preferred_device=0 actual_gpu=0
[2026-07-09 04:20:48.028] [info] [load_balancing_scan_batch_coalescer.cpp:96] [coalesce-debug] load_balancer emit pipeline=5 -> preferred GPU 0
[2026-07-09 04:20:48.044] [info] [task_scheduler.cpp:462] [mgpu-audit] pipeline_task dispatched to GPU 1 task_id=215
[2026-07-09 04:20:48.044] [info] [task_scheduler.cpp:464] [locality-audit] dispatch task_id=215 preferred_device=1 actual_gpu=1
[2026-07-09 04:20:48.113] [info] [sirius_scan_manager.cpp:1014] [fixed-page-cache] page_budget applied scope=global device=0 policy=score budget_bytes_per_gpu=4294967296 evicted_pages=32 evicted_bytes=524230556 resident_bytes_after=4293345720 min_score=440 max_score=1050
[2026-07-09 04:20:48.113] [info] [sirius_scan_manager.cpp:1513] [fixed-page-cache] page_directory appended table='__wdy_auto_fixed_page:/mnt/nvme/dataset/lineitem.parquet;' fixed_cols=3 pages=1206 resident_pages=526 resident_bytes=8583184440 stats_pages=1206 evicted_pages=680 eviction_count=32 directory_entries=1206 page_bytes=16777216 rows=1232845851 owned_pages=1
[2026-07-09 04:20:48.113] [info] [parquet_gpu_ingestible.cpp:756] [fixed-page-cache] auto_cache_populate table='__wdy_auto_fixed_page:/mnt/nvme/dataset/lineitem.parquet;' rows=32770047 columns=3
[2026-07-09 04:20:48.113] [info] [gpu_pipeline_task.cpp:321] [stage-audit] pipeline_id=5 task_id=212 operator_id=30 operator_name=GPU_SCAN stage_kind=SCAN operator_type=94 input_type=GPU_SCAN output_type=PIPELINEABLE actual_gpu=0 pipeline_operator_count=3 input_batches=0 input_rows=0 input_columns=0 input_bytes=0 output_batches=1 output_rows=32770047 output_columns=3 output_bytes=536609520 byte_ratio=0.000000 row_ratio=0.000000 duration_us=228959
[2026-07-09 04:20:48.114] [info] [gpu_pipeline_task.cpp:321] [stage-audit] pipeline_id=5 task_id=212 operator_id=31 operator_name=DYNAMIC_FILTER stage_kind=OTHER operator_type=95 input_type=PIPELINEABLE output_type=PIPELINEABLE actual_gpu=0 pipeline_operator_count=3 input_batches=1 input_rows=32770047 input_columns=3 input_bytes=536609520 output_batches=1 output_rows=32770047 output_columns=3 output_bytes=536609520 byte_ratio=1.000000 row_ratio=1.000000 duration_us=6
[2026-07-09 04:20:48.115] [info] [gpu_pipeline_task.cpp:321] [stage-audit] pipeline_id=5 task_id=212 operator_id=14 operator_name=FILTER stage_kind=FILTER operator_type=12 input_type=PIPELINEABLE output_type=PIPELINEABLE actual_gpu=0 pipeline_operator_count=3 input_batches=1 input_rows=32770047 input_columns=3 input_bytes=536609520 output_batches=1 output_rows=20720142 output_columns=1 output_bytes=168351216 byte_ratio=0.313731 row_ratio=0.632289 duration_us=1769
[2026-07-09 04:20:48.123] [warning] [downgrade_executor.cpp:335] [downgrade] [GPU:0] downgrade request not satisfied and disk memory space is not configured; data cannot be spilled to disk. Consider configuring a disk memory space to enable spilling.
[2026-07-09 04:20:48.123] [warning] [gpu_pipeline_executor.cpp:250] GPU Pipeline Executor: after downgrade (168351216 bytes freed), reservation still partial (1522477440/4285404192 bytes) for pipeline 5 task 214 -- proceeding with partial reservation
[2026-07-09 04:20:48.176] [info] [load_balancing_scan_batch_coalescer.cpp:96] [coalesce-debug] load_balancer emit pipeline=5 -> preferred GPU 1
[2026-07-09 04:20:48.177] [info] [sirius_scan_manager.cpp:1014] [fixed-page-cache] page_budget applied scope=global device=1 policy=score budget_bytes_per_gpu=4294967296 evicted_pages=32 evicted_bytes=523763588 resident_bytes_after=4289472540 min_score=440 max_score=1050
[2026-07-09 04:20:48.178] [info] [sirius_scan_manager.cpp:1513] [fixed-page-cache] page_directory appended table='__wdy_auto_fixed_page:/mnt/nvme/dataset/lineitem.parquet;' fixed_cols=3 pages=1238 resident_pages=526 resident_bytes=8582818260 stats_pages=1238 evicted_pages=712 eviction_count=32 directory_entries=1238 page_bytes=16777216 rows=1265558189 owned_pages=1
[2026-07-09 04:20:48.178] [info] [parquet_gpu_ingestible.cpp:756] [fixed-page-cache] auto_cache_populate table='__wdy_auto_fixed_page:/mnt/nvme/dataset/lineitem.parquet;' rows=32712338 columns=3
[2026-07-09 04:20:48.178] [info] [gpu_pipeline_task.cpp:321] [stage-audit] pipeline_id=5 task_id=213 operator_id=30 operator_name=GPU_SCAN stage_kind=SCAN operator_type=94 input_type=GPU_SCAN output_type=PIPELINEABLE actual_gpu=1 pipeline_operator_count=3 input_batches=0 input_rows=0 input_columns=0 input_bytes=0 output_batches=1 output_rows=32712338 output_columns=3 output_bytes=535664672 byte_ratio=0.000000 row_ratio=0.000000 duration_us=232033
[2026-07-09 04:20:48.178] [info] [gpu_pipeline_task.cpp:321] [stage-audit] pipeline_id=5 task_id=213 operator_id=31 operator_name=DYNAMIC_FILTER stage_kind=OTHER operator_type=95 input_type=PIPELINEABLE output_type=PIPELINEABLE actual_gpu=1 pipeline_operator_count=3 input_batches=1 input_rows=32712338 input_columns=3 input_bytes=535664672 output_batches=1 output_rows=32712338 output_columns=3 output_bytes=535664672 byte_ratio=1.000000 row_ratio=1.000000 duration_us=10
[2026-07-09 04:20:48.180] [info] [gpu_pipeline_task.cpp:321] [stage-audit] pipeline_id=5 task_id=213 operator_id=14 operator_name=FILTER stage_kind=FILTER operator_type=12 input_type=PIPELINEABLE output_type=PIPELINEABLE actual_gpu=1 pipeline_operator_count=3 input_batches=1 input_rows=32712338 input_columns=3 input_bytes=535664672 output_batches=1 output_rows=20682963 output_columns=1 output_bytes=168049112 byte_ratio=0.313721 row_ratio=0.632268 duration_us=1781
[2026-07-09 04:20:48.190] [info] [task_scheduler.cpp:462] [mgpu-audit] pipeline_task dispatched to GPU 0 task_id=216
[2026-07-09 04:20:48.190] [info] [task_scheduler.cpp:464] [locality-audit] dispatch task_id=216 preferred_device=0 actual_gpu=0
[2026-07-09 04:20:48.196] [warning] [downgrade_executor.cpp:335] [downgrade] [GPU:1] downgrade request not satisfied and disk memory space is not configured; data cannot be spilled to disk. Consider configuring a disk memory space to enable spilling.
[2026-07-09 04:20:48.196] [warning] [gpu_pipeline_executor.cpp:250] GPU Pipeline Executor: after downgrade (168049112 bytes freed), reservation still partial (1526473600/4289273776 bytes) for pipeline 5 task 215 -- proceeding with partial reservation
[2026-07-09 04:20:48.352] [info] [load_balancing_scan_batch_coalescer.cpp:96] [coalesce-debug] load_balancer emit pipeline=5 -> preferred GPU 0
[2026-07-09 04:20:48.366] [info] [task_scheduler.cpp:462] [mgpu-audit] pipeline_task dispatched to GPU 1 task_id=217
[2026-07-09 04:20:48.366] [info] [task_scheduler.cpp:464] [locality-audit] dispatch task_id=217 preferred_device=1 actual_gpu=1
[2026-07-09 04:20:48.392] [info] [sirius_scan_manager.cpp:1014] [fixed-page-cache] page_budget applied scope=global device=0 policy=score budget_bytes_per_gpu=4294967296 evicted_pages=32 evicted_bytes=523772868 resident_bytes_after=4292981316 min_score=440 max_score=1050
[2026-07-09 04:20:48.392] [info] [sirius_scan_manager.cpp:1513] [fixed-page-cache] page_directory appended table='__wdy_auto_fixed_page:/mnt/nvme/dataset/lineitem.parquet;' fixed_cols=3 pages=1270 resident_pages=526 resident_bytes=8582453856 stats_pages=1270 evicted_pages=744 eviction_count=32 directory_entries=1270 page_bytes=16777216 rows=1298271218 owned_pages=1
[2026-07-09 04:20:48.392] [info] [parquet_gpu_ingestible.cpp:756] [fixed-page-cache] auto_cache_populate table='__wdy_auto_fixed_page:/mnt/nvme/dataset/lineitem.parquet;' rows=32713029 columns=3
[2026-07-09 04:20:48.392] [info] [gpu_pipeline_task.cpp:321] [stage-audit] pipeline_id=5 task_id=214 operator_id=30 operator_name=GPU_SCAN stage_kind=SCAN operator_type=94 input_type=GPU_SCAN output_type=PIPELINEABLE actual_gpu=0 pipeline_operator_count=3 input_batches=0 input_rows=0 input_columns=0 input_bytes=0 output_batches=1 output_rows=32713029 output_columns=3 output_bytes=535675920 byte_ratio=0.000000 row_ratio=0.000000 duration_us=231187
[2026-07-09 04:20:48.392] [info] [gpu_pipeline_task.cpp:321] [stage-audit] pipeline_id=5 task_id=214 operator_id=31 operator_name=DYNAMIC_FILTER stage_kind=OTHER operator_type=95 input_type=PIPELINEABLE output_type=PIPELINEABLE actual_gpu=0 pipeline_operator_count=3 input_batches=1 input_rows=32713029 input_columns=3 input_bytes=535675920 output_batches=1 output_rows=32713029 output_columns=3 output_bytes=535675920 byte_ratio=1.000000 row_ratio=1.000000 duration_us=2
[2026-07-09 04:20:48.394] [info] [gpu_pipeline_task.cpp:321] [stage-audit] pipeline_id=5 task_id=214 operator_id=14 operator_name=FILTER stage_kind=FILTER operator_type=12 input_type=PIPELINEABLE output_type=PIPELINEABLE actual_gpu=0 pipeline_operator_count=3 input_batches=1 input_rows=32713029 input_columns=3 input_bytes=535675920 output_batches=1 output_rows=20682621 output_columns=1 output_bytes=168046312 byte_ratio=0.313709 row_ratio=0.632244 duration_us=1787
[2026-07-09 04:20:48.462] [info] [sirius_scan_manager.cpp:1014] [fixed-page-cache] page_budget applied scope=global device=1 policy=score budget_bytes_per_gpu=4294967296 evicted_pages=32 evicted_bytes=524014800 resident_bytes_after=4289338844 min_score=440 max_score=1050
[2026-07-09 04:20:48.462] [info] [sirius_scan_manager.cpp:1513] [fixed-page-cache] page_directory appended table='__wdy_auto_fixed_page:/mnt/nvme/dataset/lineitem.parquet;' fixed_cols=3 pages=1302 resident_pages=526 resident_bytes=8582320160 stats_pages=1302 evicted_pages=776 eviction_count=32 directory_entries=1302 page_bytes=16777216 rows=1331013787 owned_pages=1
[2026-07-09 04:20:48.462] [info] [parquet_gpu_ingestible.cpp:756] [fixed-page-cache] auto_cache_populate table='__wdy_auto_fixed_page:/mnt/nvme/dataset/lineitem.parquet;' rows=32742569 columns=3
[2026-07-09 04:20:48.462] [info] [gpu_pipeline_task.cpp:321] [stage-audit] pipeline_id=5 task_id=215 operator_id=30 operator_name=GPU_SCAN stage_kind=SCAN operator_type=94 input_type=GPU_SCAN output_type=PIPELINEABLE actual_gpu=1 pipeline_operator_count=3 input_batches=0 input_rows=0 input_columns=0 input_bytes=0 output_batches=1 output_rows=32742569 output_columns=3 output_bytes=536159696 byte_ratio=0.000000 row_ratio=0.000000 duration_us=231470
[2026-07-09 04:20:48.462] [info] [gpu_pipeline_task.cpp:321] [stage-audit] pipeline_id=5 task_id=215 operator_id=31 operator_name=DYNAMIC_FILTER stage_kind=OTHER operator_type=95 input_type=PIPELINEABLE output_type=PIPELINEABLE actual_gpu=1 pipeline_operator_count=3 input_batches=1 input_rows=32742569 input_columns=3 input_bytes=536159696 output_batches=1 output_rows=32742569 output_columns=3 output_bytes=536159696 byte_ratio=1.000000 row_ratio=1.000000 duration_us=2
[2026-07-09 04:20:48.464] [info] [gpu_pipeline_task.cpp:321] [stage-audit] pipeline_id=5 task_id=215 operator_id=14 operator_name=FILTER stage_kind=FILTER operator_type=12 input_type=PIPELINEABLE output_type=PIPELINEABLE actual_gpu=1 pipeline_operator_count=3 input_batches=1 input_rows=32742569 input_columns=3 input_bytes=536159696 output_batches=1 output_rows=20700473 output_columns=1 output_bytes=168191368 byte_ratio=0.313696 row_ratio=0.632219 duration_us=1695
[2026-07-09 04:20:48.529] [info] [load_balancing_scan_batch_coalescer.cpp:96] [coalesce-debug] load_balancer emit pipeline=5 -> preferred GPU 1
[2026-07-09 04:20:48.549] [info] [task_scheduler.cpp:462] [mgpu-audit] pipeline_task dispatched to GPU 0 task_id=218
[2026-07-09 04:20:48.549] [info] [task_scheduler.cpp:464] [locality-audit] dispatch task_id=218 preferred_device=0 actual_gpu=0
[2026-07-09 04:20:48.712] [info] [load_balancing_scan_batch_coalescer.cpp:96] [coalesce-debug] load_balancer emit pipeline=5 -> preferred GPU 0
[2026-07-09 04:20:48.729] [info] [task_scheduler.cpp:462] [mgpu-audit] pipeline_task dispatched to GPU 1 task_id=219
[2026-07-09 04:20:48.729] [info] [task_scheduler.cpp:464] [locality-audit] dispatch task_id=219 preferred_device=1 actual_gpu=1
[2026-07-09 04:20:48.731] [info] [sirius_scan_manager.cpp:1014] [fixed-page-cache] page_budget applied scope=global device=1 policy=score budget_bytes_per_gpu=4294967296 evicted_pages=32 evicted_bytes=524137176 resident_bytes_after=4289337268 min_score=440 max_score=1050
[2026-07-09 04:20:48.731] [info] [sirius_scan_manager.cpp:1513] [fixed-page-cache] page_directory appended table='__wdy_auto_fixed_page:/mnt/nvme/dataset/lineitem.parquet;' fixed_cols=3 pages=1334 resident_pages=526 resident_bytes=8582318584 stats_pages=1334 evicted_pages=808 eviction_count=32 directory_entries=1334 page_bytes=16777216 rows=1363772262 owned_pages=1
[2026-07-09 04:20:48.731] [info] [parquet_gpu_ingestible.cpp:756] [fixed-page-cache] auto_cache_populate table='__wdy_auto_fixed_page:/mnt/nvme/dataset/lineitem.parquet;' rows=32758475 columns=3
[2026-07-09 04:20:48.731] [info] [gpu_pipeline_task.cpp:321] [stage-audit] pipeline_id=5 task_id=217 operator_id=30 operator_name=GPU_SCAN stage_kind=SCAN operator_type=94 input_type=GPU_SCAN output_type=PIPELINEABLE actual_gpu=1 pipeline_operator_count=3 input_batches=0 input_rows=0 input_columns=0 input_bytes=0 output_batches=1 output_rows=32758475 output_columns=3 output_bytes=536420144 byte_ratio=0.000000 row_ratio=0.000000 duration_us=234060
[2026-07-09 04:20:48.731] [info] [gpu_pipeline_task.cpp:321] [stage-audit] pipeline_id=5 task_id=217 operator_id=31 operator_name=DYNAMIC_FILTER stage_kind=OTHER operator_type=95 input_type=PIPELINEABLE output_type=PIPELINEABLE actual_gpu=1 pipeline_operator_count=3 input_batches=1 input_rows=32758475 input_columns=3 input_bytes=536420144 output_batches=1 output_rows=32758475 output_columns=3 output_bytes=536420144 byte_ratio=1.000000 row_ratio=1.000000 duration_us=8
[2026-07-09 04:20:48.733] [info] [gpu_pipeline_task.cpp:321] [stage-audit] pipeline_id=5 task_id=217 operator_id=14 operator_name=FILTER stage_kind=FILTER operator_type=12 input_type=PIPELINEABLE output_type=PIPELINEABLE actual_gpu=1 pipeline_operator_count=3 input_batches=1 input_rows=32758475 input_columns=3 input_bytes=536420144 output_batches=1 output_rows=20710336 output_columns=1 output_bytes=168271488 byte_ratio=0.313693 row_ratio=0.632213 duration_us=1799
[2026-07-09 04:20:48.757] [info] [sirius_scan_manager.cpp:1014] [fixed-page-cache] page_budget applied scope=global device=0 policy=score budget_bytes_per_gpu=4294967296 evicted_pages=33 evicted_bytes=532545396 resident_bytes_after=4284564416 min_score=440 max_score=1050
[2026-07-09 04:20:48.757] [info] [sirius_scan_manager.cpp:1513] [fixed-page-cache] page_directory appended table='__wdy_auto_fixed_page:/mnt/nvme/dataset/lineitem.parquet;' fixed_cols=3 pages=1366 resident_pages=525 resident_bytes=8573901684 stats_pages=1366 evicted_pages=841 eviction_count=33 directory_entries=1366 page_bytes=16777216 rows=1396530293 owned_pages=1
[2026-07-09 04:20:48.757] [info] [parquet_gpu_ingestible.cpp:756] [fixed-page-cache] auto_cache_populate table='__wdy_auto_fixed_page:/mnt/nvme/dataset/lineitem.parquet;' rows=32758031 columns=3
[2026-07-09 04:20:48.757] [info] [gpu_pipeline_task.cpp:321] [stage-audit] pipeline_id=5 task_id=216 operator_id=30 operator_name=GPU_SCAN stage_kind=SCAN operator_type=94 input_type=GPU_SCAN output_type=PIPELINEABLE actual_gpu=0 pipeline_operator_count=3 input_batches=0 input_rows=0 input_columns=0 input_bytes=0 output_batches=1 output_rows=32758031 output_columns=3 output_bytes=536412848 byte_ratio=0.000000 row_ratio=0.000000 duration_us=325745
[2026-07-09 04:20:48.757] [info] [gpu_pipeline_task.cpp:321] [stage-audit] pipeline_id=5 task_id=216 operator_id=31 operator_name=DYNAMIC_FILTER stage_kind=OTHER operator_type=95 input_type=PIPELINEABLE output_type=PIPELINEABLE actual_gpu=0 pipeline_operator_count=3 input_batches=1 input_rows=32758031 input_columns=3 input_bytes=536412848 output_batches=1 output_rows=32758031 output_columns=3 output_bytes=536412848 byte_ratio=1.000000 row_ratio=1.000000 duration_us=3
[2026-07-09 04:20:48.759] [info] [gpu_pipeline_task.cpp:321] [stage-audit] pipeline_id=5 task_id=216 operator_id=14 operator_name=FILTER stage_kind=FILTER operator_type=12 input_type=PIPELINEABLE output_type=PIPELINEABLE actual_gpu=0 pipeline_operator_count=3 input_batches=1 input_rows=32758031 input_columns=3 input_bytes=536412848 output_batches=1 output_rows=20706674 output_columns=1 output_bytes=168241744 byte_ratio=0.313642 row_ratio=0.632110 duration_us=1686
[2026-07-09 04:20:48.895] [info] [load_balancing_scan_batch_coalescer.cpp:96] [coalesce-debug] load_balancer emit pipeline=5 -> preferred GPU 1
[2026-07-09 04:20:48.911] [info] [task_scheduler.cpp:462] [mgpu-audit] pipeline_task dispatched to GPU 0 task_id=220
[2026-07-09 04:20:48.911] [info] [task_scheduler.cpp:464] [locality-audit] dispatch task_id=220 preferred_device=0 actual_gpu=0
[2026-07-09 04:20:49.074] [info] [load_balancing_scan_batch_coalescer.cpp:96] [coalesce-debug] load_balancer emit pipeline=5 -> preferred GPU 0
[2026-07-09 04:20:49.080] [info] [sirius_scan_manager.cpp:1014] [fixed-page-cache] page_budget applied scope=global device=0 policy=score budget_bytes_per_gpu=4294967296 evicted_pages=32 evicted_bytes=523947088 resident_bytes_after=4284743024 min_score=440 max_score=1050
[2026-07-09 04:20:49.080] [info] [sirius_scan_manager.cpp:1513] [fixed-page-cache] page_directory appended table='__wdy_auto_fixed_page:/mnt/nvme/dataset/lineitem.parquet;' fixed_cols=3 pages=1398 resident_pages=525 resident_bytes=8574080292 stats_pages=1398 evicted_pages=873 eviction_count=32 directory_entries=1398 page_bytes=16777216 rows=1429288149 owned_pages=1
[2026-07-09 04:20:49.080] [info] [parquet_gpu_ingestible.cpp:756] [fixed-page-cache] auto_cache_populate table='__wdy_auto_fixed_page:/mnt/nvme/dataset/lineitem.parquet;' rows=32757856 columns=3
[2026-07-09 04:20:49.080] [info] [gpu_pipeline_task.cpp:321] [stage-audit] pipeline_id=5 task_id=218 operator_id=30 operator_name=GPU_SCAN stage_kind=SCAN operator_type=94 input_type=GPU_SCAN output_type=PIPELINEABLE actual_gpu=0 pipeline_operator_count=3 input_batches=0 input_rows=0 input_columns=0 input_bytes=0 output_batches=1 output_rows=32757856 output_columns=3 output_bytes=536410048 byte_ratio=0.000000 row_ratio=0.000000 duration_us=274674
[2026-07-09 04:20:49.080] [info] [gpu_pipeline_task.cpp:321] [stage-audit] pipeline_id=5 task_id=218 operator_id=31 operator_name=DYNAMIC_FILTER stage_kind=OTHER operator_type=95 input_type=PIPELINEABLE output_type=PIPELINEABLE actual_gpu=0 pipeline_operator_count=3 input_batches=1 input_rows=32757856 input_columns=3 input_bytes=536410048 output_batches=1 output_rows=32757856 output_columns=3 output_bytes=536410048 byte_ratio=1.000000 row_ratio=1.000000 duration_us=3
[2026-07-09 04:20:49.082] [info] [gpu_pipeline_task.cpp:321] [stage-audit] pipeline_id=5 task_id=218 operator_id=14 operator_name=FILTER stage_kind=FILTER operator_type=12 input_type=PIPELINEABLE output_type=PIPELINEABLE actual_gpu=0 pipeline_operator_count=3 input_batches=1 input_rows=32757856 input_columns=3 input_bytes=536410048 output_batches=1 output_rows=20709427 output_columns=1 output_bytes=168264152 byte_ratio=0.313686 row_ratio=0.632197 duration_us=1732
[2026-07-09 04:20:49.090] [info] [task_scheduler.cpp:462] [mgpu-audit] pipeline_task dispatched to GPU 1 task_id=221
[2026-07-09 04:20:49.090] [info] [task_scheduler.cpp:464] [locality-audit] dispatch task_id=221 preferred_device=1 actual_gpu=1
[2026-07-09 04:20:49.105] [info] [sirius_scan_manager.cpp:1014] [fixed-page-cache] page_budget applied scope=global device=1 policy=score budget_bytes_per_gpu=4294967296 evicted_pages=32 evicted_bytes=523886452 resident_bytes_after=4289584464 min_score=440 max_score=1050
[2026-07-09 04:20:49.105] [info] [sirius_scan_manager.cpp:1513] [fixed-page-cache] page_directory appended table='__wdy_auto_fixed_page:/mnt/nvme/dataset/lineitem.parquet;' fixed_cols=3 pages=1430 resident_pages=525 resident_bytes=8574327488 stats_pages=1430 evicted_pages=905 eviction_count=32 directory_entries=1430 page_bytes=16777216 rows=1462046502 owned_pages=1
[2026-07-09 04:20:49.105] [info] [parquet_gpu_ingestible.cpp:756] [fixed-page-cache] auto_cache_populate table='__wdy_auto_fixed_page:/mnt/nvme/dataset/lineitem.parquet;' rows=32758353 columns=3
[2026-07-09 04:20:49.106] [info] [gpu_pipeline_task.cpp:321] [stage-audit] pipeline_id=5 task_id=219 operator_id=30 operator_name=GPU_SCAN stage_kind=SCAN operator_type=94 input_type=GPU_SCAN output_type=PIPELINEABLE actual_gpu=1 pipeline_operator_count=3 input_batches=0 input_rows=0 input_columns=0 input_bytes=0 output_batches=1 output_rows=32758353 output_columns=3 output_bytes=536418192 byte_ratio=0.000000 row_ratio=0.000000 duration_us=317056
[2026-07-09 04:20:49.106] [info] [gpu_pipeline_task.cpp:321] [stage-audit] pipeline_id=5 task_id=219 operator_id=31 operator_name=DYNAMIC_FILTER stage_kind=OTHER operator_type=95 input_type=PIPELINEABLE output_type=PIPELINEABLE actual_gpu=1 pipeline_operator_count=3 input_batches=1 input_rows=32758353 input_columns=3 input_bytes=536418192 output_batches=1 output_rows=32758353 output_columns=3 output_bytes=536418192 byte_ratio=1.000000 row_ratio=1.000000 duration_us=2
[2026-07-09 04:20:49.107] [info] [gpu_pipeline_task.cpp:321] [stage-audit] pipeline_id=5 task_id=219 operator_id=14 operator_name=FILTER stage_kind=FILTER operator_type=12 input_type=PIPELINEABLE output_type=PIPELINEABLE actual_gpu=1 pipeline_operator_count=3 input_batches=1 input_rows=32758353 input_columns=3 input_bytes=536418192 output_batches=1 output_rows=20709675 output_columns=1 output_bytes=168266136 byte_ratio=0.313685 row_ratio=0.632195 duration_us=1692
[2026-07-09 04:20:49.242] [info] [load_balancing_scan_batch_coalescer.cpp:96] [coalesce-debug] load_balancer emit pipeline=5 -> preferred GPU 1
[2026-07-09 04:20:49.255] [info] [task_scheduler.cpp:462] [mgpu-audit] pipeline_task dispatched to GPU 0 task_id=222
[2026-07-09 04:20:49.255] [info] [task_scheduler.cpp:464] [locality-audit] dispatch task_id=222 preferred_device=0 actual_gpu=0
[2026-07-09 04:20:49.408] [info] [load_balancing_scan_batch_coalescer.cpp:96] [coalesce-debug] load_balancer emit pipeline=5 -> preferred GPU 0
[2026-07-09 04:20:49.421] [info] [task_scheduler.cpp:462] [mgpu-audit] pipeline_task dispatched to GPU 1 task_id=223
[2026-07-09 04:20:49.421] [info] [task_scheduler.cpp:464] [locality-audit] dispatch task_id=223 preferred_device=1 actual_gpu=1
[2026-07-09 04:20:49.552] [info] [load_balancing_scan_batch_coalescer.cpp:96] [coalesce-debug] load_balancer emit pipeline=5 -> preferred GPU 1
[2026-07-09 04:20:49.718] [info] [load_balancing_scan_batch_coalescer.cpp:96] [coalesce-debug] load_balancer emit pipeline=5 -> preferred GPU 0
[2026-07-09 04:20:49.882] [info] [load_balancing_scan_batch_coalescer.cpp:96] [coalesce-debug] load_balancer emit pipeline=5 -> preferred GPU 1
[2026-07-09 04:20:50.045] [info] [load_balancing_scan_batch_coalescer.cpp:96] [coalesce-debug] load_balancer emit pipeline=5 -> preferred GPU 0
[2026-07-09 04:20:50.208] [info] [load_balancing_scan_batch_coalescer.cpp:96] [coalesce-debug] load_balancer emit pipeline=5 -> preferred GPU 1
[2026-07-09 04:20:50.372] [info] [parquet_gpu_ingestible.cpp:250] [coalesce-debug] parquet_batch_coalescer emit #19: 1 slice(s), acc_bytes=171622566, cap=536870912
[2026-07-09 04:20:50.372] [info] [load_balancing_scan_batch_coalescer.cpp:96] [coalesce-debug] load_balancer emit pipeline=5 -> preferred GPU 0
[2026-07-09 04:20:50.564] [info] [task_scheduler.cpp:462] [mgpu-audit] pipeline_task dispatched to GPU 0 task_id=224
[2026-07-09 04:20:50.564] [info] [task_scheduler.cpp:464] [locality-audit] dispatch task_id=224 preferred_device=0 actual_gpu=0
[2026-07-09 04:20:50.564] [info] [task_creator.cpp:363] [locality-audit] task_create operator_id=33 input_bytes=168351216 local_bytes=0 gpu_source_bytes=0 host_source_bytes=168351216 disk_source_bytes=0 gpu_sources=0 host_sources=1 preferred_device=1
[2026-07-09 04:20:50.564] [info] [task_scheduler.cpp:462] [mgpu-audit] pipeline_task dispatched to GPU 1 task_id=225
[2026-07-09 04:20:50.564] [info] [task_scheduler.cpp:464] [locality-audit] dispatch task_id=225 preferred_device=1 actual_gpu=1
[2026-07-09 04:20:50.564] [info] [task_scheduler.cpp:462] [mgpu-audit] pipeline_task dispatched to GPU 1 task_id=227
[2026-07-09 04:20:50.564] [info] [task_scheduler.cpp:464] [locality-audit] dispatch task_id=227 preferred_device=1 actual_gpu=1
[2026-07-09 04:20:50.564] [info] [task_creator.cpp:363] [locality-audit] task_create operator_id=33 input_bytes=168049112 local_bytes=0 gpu_source_bytes=0 host_source_bytes=168049112 disk_source_bytes=0 gpu_sources=0 host_sources=1 preferred_device=0
[2026-07-09 04:20:50.564] [info] [task_creator.cpp:363] [locality-audit] task_create operator_id=33 input_bytes=168046312 local_bytes=0 gpu_source_bytes=0 host_source_bytes=168046312 disk_source_bytes=0 gpu_sources=0 host_sources=1 preferred_device=1
[2026-07-09 04:20:50.564] [info] [task_creator.cpp:363] [locality-audit] task_create operator_id=33 input_bytes=168191368 local_bytes=0 gpu_source_bytes=0 host_source_bytes=168191368 disk_source_bytes=0 gpu_sources=0 host_sources=1 preferred_device=0
[2026-07-09 04:20:50.564] [info] [task_creator.cpp:363] [locality-audit] task_create operator_id=33 input_bytes=168271488 local_bytes=0 gpu_source_bytes=0 host_source_bytes=168271488 disk_source_bytes=0 gpu_sources=0 host_sources=1 preferred_device=1
[2026-07-09 04:20:50.564] [info] [task_creator.cpp:363] [locality-audit] task_create operator_id=33 input_bytes=168241744 local_bytes=0 gpu_source_bytes=0 host_source_bytes=168241744 disk_source_bytes=0 gpu_sources=0 host_sources=1 preferred_device=0
[2026-07-09 04:20:50.564] [info] [task_creator.cpp:363] [locality-audit] task_create operator_id=33 input_bytes=168264152 local_bytes=168264152 gpu_source_bytes=168264152 host_source_bytes=0 disk_source_bytes=0 gpu_sources=1 host_sources=0 preferred_device=0
[2026-07-09 04:20:50.565] [info] [task_scheduler.cpp:462] [mgpu-audit] pipeline_task dispatched to GPU 0 task_id=226
[2026-07-09 04:20:50.565] [info] [task_scheduler.cpp:464] [locality-audit] dispatch task_id=226 preferred_device=0 actual_gpu=0
[2026-07-09 04:20:50.565] [info] [task_creator.cpp:363] [locality-audit] task_create operator_id=33 input_bytes=168266136 local_bytes=168266136 gpu_source_bytes=168266136 host_source_bytes=0 disk_source_bytes=0 gpu_sources=1 host_sources=0 preferred_device=1
[2026-07-09 04:20:50.865] [info] [sirius_scan_manager.cpp:1014] [fixed-page-cache] page_budget applied scope=global device=1 policy=score budget_bytes_per_gpu=4294967296 evicted_pages=32 evicted_bytes=524143888 resident_bytes_after=4289593728 min_score=440 max_score=1050
[2026-07-09 04:20:50.865] [info] [sirius_scan_manager.cpp:1513] [fixed-page-cache] page_directory appended table='__wdy_auto_fixed_page:/mnt/nvme/dataset/lineitem.parquet;' fixed_cols=3 pages=1462 resident_pages=525 resident_bytes=8574336752 stats_pages=1462 evicted_pages=937 eviction_count=32 directory_entries=1462 page_bytes=16777216 rows=1494806074 owned_pages=1
[2026-07-09 04:20:50.865] [info] [parquet_gpu_ingestible.cpp:756] [fixed-page-cache] auto_cache_populate table='__wdy_auto_fixed_page:/mnt/nvme/dataset/lineitem.parquet;' rows=32759572 columns=3
[2026-07-09 04:20:50.865] [info] [gpu_pipeline_task.cpp:321] [stage-audit] pipeline_id=5 task_id=221 operator_id=30 operator_name=GPU_SCAN stage_kind=SCAN operator_type=94 input_type=GPU_SCAN output_type=PIPELINEABLE actual_gpu=1 pipeline_operator_count=3 input_batches=0 input_rows=0 input_columns=0 input_bytes=0 output_batches=1 output_rows=32759572 output_columns=3 output_bytes=536438080 byte_ratio=0.000000 row_ratio=0.000000 duration_us=285768
[2026-07-09 04:20:50.865] [info] [gpu_pipeline_task.cpp:321] [stage-audit] pipeline_id=5 task_id=221 operator_id=31 operator_name=DYNAMIC_FILTER stage_kind=OTHER operator_type=95 input_type=PIPELINEABLE output_type=PIPELINEABLE actual_gpu=1 pipeline_operator_count=3 input_batches=1 input_rows=32759572 input_columns=3 input_bytes=536438080 output_batches=1 output_rows=32759572 output_columns=3 output_bytes=536438080 byte_ratio=1.000000 row_ratio=1.000000 duration_us=2
[2026-07-09 04:20:50.867] [info] [gpu_pipeline_task.cpp:321] [stage-audit] pipeline_id=5 task_id=221 operator_id=14 operator_name=FILTER stage_kind=FILTER operator_type=12 input_type=PIPELINEABLE output_type=PIPELINEABLE actual_gpu=1 pipeline_operator_count=3 input_batches=1 input_rows=32759572 input_columns=3 input_bytes=536438080 output_batches=1 output_rows=20715771 output_columns=1 output_bytes=168315672 byte_ratio=0.313765 row_ratio=0.632358 duration_us=1719
[2026-07-09 04:20:50.867] [info] [task_creator.cpp:363] [locality-audit] task_create operator_id=33 input_bytes=168315672 local_bytes=168315672 gpu_source_bytes=168315672 host_source_bytes=0 disk_source_bytes=0 gpu_sources=1 host_sources=0 preferred_device=1
[2026-07-09 04:20:50.881] [info] [task_scheduler.cpp:462] [mgpu-audit] pipeline_task dispatched to GPU 1 task_id=229
[2026-07-09 04:20:50.881] [info] [task_scheduler.cpp:464] [locality-audit] dispatch task_id=229 preferred_device=1 actual_gpu=1
[2026-07-09 04:20:50.885] [info] [sirius_scan_manager.cpp:1014] [fixed-page-cache] page_budget applied scope=global device=0 policy=score budget_bytes_per_gpu=4294967296 evicted_pages=32 evicted_bytes=524132884 resident_bytes_after=4284745420 min_score=440 max_score=1050
[2026-07-09 04:20:50.885] [info] [sirius_scan_manager.cpp:1513] [fixed-page-cache] page_directory appended table='__wdy_auto_fixed_page:/mnt/nvme/dataset/lineitem.parquet;' fixed_cols=3 pages=1494 resident_pages=525 resident_bytes=8574339148 stats_pages=1494 evicted_pages=969 eviction_count=32 directory_entries=1494 page_bytes=16777216 rows=1527564529 owned_pages=1
[2026-07-09 04:20:50.885] [info] [parquet_gpu_ingestible.cpp:756] [fixed-page-cache] auto_cache_populate table='__wdy_auto_fixed_page:/mnt/nvme/dataset/lineitem.parquet;' rows=32758455 columns=3
[2026-07-09 04:20:50.885] [info] [gpu_pipeline_task.cpp:321] [stage-audit] pipeline_id=5 task_id=220 operator_id=30 operator_name=GPU_SCAN stage_kind=SCAN operator_type=94 input_type=GPU_SCAN output_type=PIPELINEABLE actual_gpu=0 pipeline_operator_count=3 input_batches=0 input_rows=0 input_columns=0 input_bytes=0 output_batches=1 output_rows=32758455 output_columns=3 output_bytes=536419824 byte_ratio=0.000000 row_ratio=0.000000 duration_us=304631
[2026-07-09 04:20:50.885] [info] [gpu_pipeline_task.cpp:321] [stage-audit] pipeline_id=5 task_id=220 operator_id=31 operator_name=DYNAMIC_FILTER stage_kind=OTHER operator_type=95 input_type=PIPELINEABLE output_type=PIPELINEABLE actual_gpu=0 pipeline_operator_count=3 input_batches=1 input_rows=32758455 input_columns=3 input_bytes=536419824 output_batches=1 output_rows=32758455 output_columns=3 output_bytes=536419824 byte_ratio=1.000000 row_ratio=1.000000 duration_us=2
[2026-07-09 04:20:50.887] [info] [gpu_pipeline_task.cpp:321] [stage-audit] pipeline_id=5 task_id=220 operator_id=14 operator_name=FILTER stage_kind=FILTER operator_type=12 input_type=PIPELINEABLE output_type=PIPELINEABLE actual_gpu=0 pipeline_operator_count=3 input_batches=1 input_rows=32758455 input_columns=3 input_bytes=536419824 output_batches=1 output_rows=20710134 output_columns=1 output_bytes=168269872 byte_ratio=0.313691 row_ratio=0.632207 duration_us=1734
[2026-07-09 04:20:50.900] [info] [task_creator.cpp:363] [locality-audit] task_create operator_id=33 input_bytes=168269872 local_bytes=0 gpu_source_bytes=0 host_source_bytes=168269872 disk_source_bytes=0 gpu_sources=0 host_sources=1 preferred_device=1
[2026-07-09 04:20:50.900] [info] [task_scheduler.cpp:462] [mgpu-audit] pipeline_task dispatched to GPU 0 task_id=228
[2026-07-09 04:20:50.900] [info] [task_scheduler.cpp:464] [locality-audit] dispatch task_id=228 preferred_device=0 actual_gpu=0
[2026-07-09 04:20:51.197] [info] [sirius_scan_manager.cpp:1014] [fixed-page-cache] page_budget applied scope=global device=1 policy=score budget_bytes_per_gpu=4294967296 evicted_pages=32 evicted_bytes=524131240 resident_bytes_after=4289586424 min_score=440 max_score=1050
[2026-07-09 04:20:51.197] [info] [sirius_scan_manager.cpp:1513] [fixed-page-cache] page_directory appended table='__wdy_auto_fixed_page:/mnt/nvme/dataset/lineitem.parquet;' fixed_cols=3 pages=1526 resident_pages=525 resident_bytes=8574331844 stats_pages=1526 evicted_pages=1001 eviction_count=32 directory_entries=1526 page_bytes=16777216 rows=1560322275 owned_pages=1
[2026-07-09 04:20:51.197] [info] [parquet_gpu_ingestible.cpp:756] [fixed-page-cache] auto_cache_populate table='__wdy_auto_fixed_page:/mnt/nvme/dataset/lineitem.parquet;' rows=32757746 columns=3
[2026-07-09 04:20:51.197] [info] [gpu_pipeline_task.cpp:321] [stage-audit] pipeline_id=5 task_id=223 operator_id=30 operator_name=GPU_SCAN stage_kind=SCAN operator_type=94 input_type=GPU_SCAN output_type=PIPELINEABLE actual_gpu=1 pipeline_operator_count=3 input_batches=0 input_rows=0 input_columns=0 input_bytes=0 output_batches=1 output_rows=32757746 output_columns=3 output_bytes=536408096 byte_ratio=0.000000 row_ratio=0.000000 duration_us=299067
[2026-07-09 04:20:51.205] [info] [gpu_pipeline_task.cpp:321] [stage-audit] pipeline_id=5 task_id=223 operator_id=31 operator_name=DYNAMIC_FILTER stage_kind=OTHER operator_type=95 input_type=PIPELINEABLE output_type=PIPELINEABLE actual_gpu=1 pipeline_operator_count=3 input_batches=1 input_rows=32757746 input_columns=3 input_bytes=536408096 output_batches=1 output_rows=32757746 output_columns=3 output_bytes=536408096 byte_ratio=1.000000 row_ratio=1.000000 duration_us=7801
[2026-07-09 04:20:51.210] [info] [gpu_pipeline_task.cpp:321] [stage-audit] pipeline_id=5 task_id=223 operator_id=14 operator_name=FILTER stage_kind=FILTER operator_type=12 input_type=PIPELINEABLE output_type=PIPELINEABLE actual_gpu=1 pipeline_operator_count=3 input_batches=1 input_rows=32757746 input_columns=3 input_bytes=536408096 output_batches=1 output_rows=20711635 output_columns=1 output_bytes=168282072 byte_ratio=0.313720 row_ratio=0.632267 duration_us=5344
[2026-07-09 04:20:51.210] [info] [task_scheduler.cpp:462] [mgpu-audit] pipeline_task dispatched to GPU 1 task_id=231
[2026-07-09 04:20:51.210] [info] [task_scheduler.cpp:464] [locality-audit] dispatch task_id=231 preferred_device=1 actual_gpu=1
[2026-07-09 04:20:51.210] [info] [task_creator.cpp:363] [locality-audit] task_create operator_id=33 input_bytes=168282072 local_bytes=168282072 gpu_source_bytes=168282072 host_source_bytes=0 disk_source_bytes=0 gpu_sources=1 host_sources=0 preferred_device=1
[2026-07-09 04:20:51.217] [info] [sirius_scan_manager.cpp:1014] [fixed-page-cache] page_budget applied scope=global device=0 policy=score budget_bytes_per_gpu=4294967296 evicted_pages=32 evicted_bytes=524141668 resident_bytes_after=4284749192 min_score=440 max_score=1050
[2026-07-09 04:20:51.217] [info] [sirius_scan_manager.cpp:1513] [fixed-page-cache] page_directory appended table='__wdy_auto_fixed_page:/mnt/nvme/dataset/lineitem.parquet;' fixed_cols=3 pages=1558 resident_pages=525 resident_bytes=8574335616 stats_pages=1558 evicted_pages=1033 eviction_count=32 directory_entries=1558 page_bytes=16777216 rows=1593081365 owned_pages=1
[2026-07-09 04:20:51.217] [info] [parquet_gpu_ingestible.cpp:756] [fixed-page-cache] auto_cache_populate table='__wdy_auto_fixed_page:/mnt/nvme/dataset/lineitem.parquet;' rows=32759090 columns=3
[2026-07-09 04:20:51.217] [info] [gpu_pipeline_task.cpp:321] [stage-audit] pipeline_id=5 task_id=222 operator_id=30 operator_name=GPU_SCAN stage_kind=SCAN operator_type=94 input_type=GPU_SCAN output_type=PIPELINEABLE actual_gpu=0 pipeline_operator_count=3 input_batches=0 input_rows=0 input_columns=0 input_bytes=0 output_batches=1 output_rows=32759090 output_columns=3 output_bytes=536430176 byte_ratio=0.000000 row_ratio=0.000000 duration_us=300763
[2026-07-09 04:20:51.217] [info] [gpu_pipeline_task.cpp:321] [stage-audit] pipeline_id=5 task_id=222 operator_id=31 operator_name=DYNAMIC_FILTER stage_kind=OTHER operator_type=95 input_type=PIPELINEABLE output_type=PIPELINEABLE actual_gpu=0 pipeline_operator_count=3 input_batches=1 input_rows=32759090 input_columns=3 input_bytes=536430176 output_batches=1 output_rows=32759090 output_columns=3 output_bytes=536430176 byte_ratio=1.000000 row_ratio=1.000000 duration_us=2
[2026-07-09 04:20:51.218] [info] [gpu_pipeline_task.cpp:321] [stage-audit] pipeline_id=5 task_id=222 operator_id=14 operator_name=FILTER stage_kind=FILTER operator_type=12 input_type=PIPELINEABLE output_type=PIPELINEABLE actual_gpu=0 pipeline_operator_count=3 input_batches=1 input_rows=32759090 input_columns=3 input_bytes=536430176 output_batches=1 output_rows=20710388 output_columns=1 output_bytes=168271904 byte_ratio=0.313688 row_ratio=0.632203 duration_us=1680
[2026-07-09 04:20:51.219] [info] [task_scheduler.cpp:462] [mgpu-audit] pipeline_task dispatched to GPU 0 task_id=230
[2026-07-09 04:20:51.219] [info] [task_creator.cpp:363] [locality-audit] task_create operator_id=33 input_bytes=168271904 local_bytes=168271904 gpu_source_bytes=168271904 host_source_bytes=0 disk_source_bytes=0 gpu_sources=1 host_sources=0 preferred_device=0
[2026-07-09 04:20:51.219] [info] [task_scheduler.cpp:464] [locality-audit] dispatch task_id=230 preferred_device=0 actual_gpu=0
[2026-07-09 04:20:51.526] [info] [sirius_scan_manager.cpp:1014] [fixed-page-cache] page_budget applied scope=global device=0 policy=score budget_bytes_per_gpu=4294967296 evicted_pages=32 evicted_bytes=524133524 resident_bytes_after=4284746020 min_score=440 max_score=1050
[2026-07-09 04:20:51.527] [info] [sirius_scan_manager.cpp:1513] [fixed-page-cache] page_directory appended table='__wdy_auto_fixed_page:/mnt/nvme/dataset/lineitem.parquet;' fixed_cols=3 pages=1590 resident_pages=525 resident_bytes=8574332444 stats_pages=1590 evicted_pages=1065 eviction_count=32 directory_entries=1590 page_bytes=16777216 rows=1625839512 owned_pages=1
[2026-07-09 04:20:51.527] [info] [parquet_gpu_ingestible.cpp:756] [fixed-page-cache] auto_cache_populate table='__wdy_auto_fixed_page:/mnt/nvme/dataset/lineitem.parquet;' rows=32758147 columns=3
[2026-07-09 04:20:51.527] [info] [gpu_pipeline_task.cpp:321] [stage-audit] pipeline_id=5 task_id=224 operator_id=30 operator_name=GPU_SCAN stage_kind=SCAN operator_type=94 input_type=GPU_SCAN output_type=PIPELINEABLE actual_gpu=0 pipeline_operator_count=3 input_batches=0 input_rows=0 input_columns=0 input_bytes=0 output_batches=1 output_rows=32758147 output_columns=3 output_bytes=536414704 byte_ratio=0.000000 row_ratio=0.000000 duration_us=291506
[2026-07-09 04:20:51.534] [info] [gpu_pipeline_task.cpp:321] [stage-audit] pipeline_id=5 task_id=224 operator_id=31 operator_name=DYNAMIC_FILTER stage_kind=OTHER operator_type=95 input_type=PIPELINEABLE output_type=PIPELINEABLE actual_gpu=0 pipeline_operator_count=3 input_batches=1 input_rows=32758147 input_columns=3 input_bytes=536414704 output_batches=1 output_rows=32758147 output_columns=3 output_bytes=536414704 byte_ratio=1.000000 row_ratio=1.000000 duration_us=7576
[2026-07-09 04:20:51.542] [info] [gpu_pipeline_task.cpp:321] [stage-audit] pipeline_id=5 task_id=224 operator_id=14 operator_name=FILTER stage_kind=FILTER operator_type=12 input_type=PIPELINEABLE output_type=PIPELINEABLE actual_gpu=0 pipeline_operator_count=3 input_batches=1 input_rows=32758147 input_columns=3 input_bytes=536414704 output_batches=1 output_rows=20710071 output_columns=1 output_bytes=168269368 byte_ratio=0.313693 row_ratio=0.632211 duration_us=2175
[2026-07-09 04:20:51.544] [info] [sirius_scan_manager.cpp:1014] [fixed-page-cache] page_budget applied scope=global device=1 policy=score budget_bytes_per_gpu=4294967296 evicted_pages=32 evicted_bytes=524141968 resident_bytes_after=4289588296 min_score=440 max_score=1050
[2026-07-09 04:20:51.544] [info] [sirius_scan_manager.cpp:1513] [fixed-page-cache] page_directory appended table='__wdy_auto_fixed_page:/mnt/nvme/dataset/lineitem.parquet;' fixed_cols=3 pages=1622 resident_pages=525 resident_bytes=8574334316 stats_pages=1622 evicted_pages=1097 eviction_count=32 directory_entries=1622 page_bytes=16777216 rows=1658598502 owned_pages=1
[2026-07-09 04:20:51.544] [info] [parquet_gpu_ingestible.cpp:756] [fixed-page-cache] auto_cache_populate table='__wdy_auto_fixed_page:/mnt/nvme/dataset/lineitem.parquet;' rows=32758990 columns=3
[2026-07-09 04:20:51.544] [info] [gpu_pipeline_task.cpp:321] [stage-audit] pipeline_id=5 task_id=225 operator_id=30 operator_name=GPU_SCAN stage_kind=SCAN operator_type=94 input_type=GPU_SCAN output_type=PIPELINEABLE actual_gpu=1 pipeline_operator_count=3 input_batches=0 input_rows=0 input_columns=0 input_bytes=0 output_batches=1 output_rows=32758990 output_columns=3 output_bytes=536428576 byte_ratio=0.000000 row_ratio=0.000000 duration_us=319027
[2026-07-09 04:20:51.544] [info] [gpu_pipeline_task.cpp:321] [stage-audit] pipeline_id=5 task_id=225 operator_id=31 operator_name=DYNAMIC_FILTER stage_kind=OTHER operator_type=95 input_type=PIPELINEABLE output_type=PIPELINEABLE actual_gpu=1 pipeline_operator_count=3 input_batches=1 input_rows=32758990 input_columns=3 input_bytes=536428576 output_batches=1 output_rows=32758990 output_columns=3 output_bytes=536428576 byte_ratio=1.000000 row_ratio=1.000000 duration_us=2
[2026-07-09 04:20:51.545] [info] [gpu_pipeline_task.cpp:321] [stage-audit] pipeline_id=5 task_id=225 operator_id=14 operator_name=FILTER stage_kind=FILTER operator_type=12 input_type=PIPELINEABLE output_type=PIPELINEABLE actual_gpu=1 pipeline_operator_count=3 input_batches=1 input_rows=32758990 input_columns=3 input_bytes=536428576 output_batches=1 output_rows=20708257 output_columns=1 output_bytes=168254600 byte_ratio=0.313657 row_ratio=0.632140 duration_us=1682
[2026-07-09 04:20:51.549] [info] [task_creator.cpp:363] [locality-audit] task_create operator_id=33 input_bytes=168269368 local_bytes=0 gpu_source_bytes=0 host_source_bytes=168269368 disk_source_bytes=0 gpu_sources=0 host_sources=1 preferred_device=0
[2026-07-09 04:20:51.556] [info] [task_scheduler.cpp:462] [mgpu-audit] pipeline_task dispatched to GPU 0 task_id=232
[2026-07-09 04:20:51.556] [info] [task_scheduler.cpp:464] [locality-audit] dispatch task_id=232 preferred_device=0 actual_gpu=0
[2026-07-09 04:20:51.559] [info] [task_creator.cpp:363] [locality-audit] task_create operator_id=33 input_bytes=168254600 local_bytes=0 gpu_source_bytes=0 host_source_bytes=168254600 disk_source_bytes=0 gpu_sources=0 host_sources=1 preferred_device=1
[2026-07-09 04:20:51.559] [info] [task_scheduler.cpp:462] [mgpu-audit] pipeline_task dispatched to GPU 1 task_id=233
[2026-07-09 04:20:51.559] [info] [task_scheduler.cpp:464] [locality-audit] dispatch task_id=233 preferred_device=1 actual_gpu=1
[2026-07-09 04:20:51.870] [info] [sirius_scan_manager.cpp:1014] [fixed-page-cache] page_budget applied scope=global device=1 policy=score budget_bytes_per_gpu=4294967296 evicted_pages=32 evicted_bytes=523952816 resident_bytes_after=4289771832 min_score=440 max_score=1050
[2026-07-09 04:20:51.870] [info] [sirius_scan_manager.cpp:1513] [fixed-page-cache] page_directory appended table='__wdy_auto_fixed_page:/mnt/nvme/dataset/lineitem.parquet;' fixed_cols=3 pages=1654 resident_pages=525 resident_bytes=8574517852 stats_pages=1654 evicted_pages=1129 eviction_count=32 directory_entries=1654 page_bytes=16777216 rows=1691357024 owned_pages=1
[2026-07-09 04:20:51.870] [info] [parquet_gpu_ingestible.cpp:756] [fixed-page-cache] auto_cache_populate table='__wdy_auto_fixed_page:/mnt/nvme/dataset/lineitem.parquet;' rows=32758522 columns=3
[2026-07-09 04:20:51.870] [info] [gpu_pipeline_task.cpp:321] [stage-audit] pipeline_id=5 task_id=227 operator_id=30 operator_name=GPU_SCAN stage_kind=SCAN operator_type=94 input_type=GPU_SCAN output_type=PIPELINEABLE actual_gpu=1 pipeline_operator_count=3 input_batches=0 input_rows=0 input_columns=0 input_bytes=0 output_batches=1 output_rows=32758522 output_columns=3 output_bytes=536420896 byte_ratio=0.000000 row_ratio=0.000000 duration_us=291359
[2026-07-09 04:20:51.870] [info] [gpu_pipeline_task.cpp:321] [stage-audit] pipeline_id=5 task_id=227 operator_id=31 operator_name=DYNAMIC_FILTER stage_kind=OTHER operator_type=95 input_type=PIPELINEABLE output_type=PIPELINEABLE actual_gpu=1 pipeline_operator_count=3 input_batches=1 input_rows=32758522 input_columns=3 input_bytes=536420896 output_batches=1 output_rows=32758522 output_columns=3 output_bytes=536420896 byte_ratio=1.000000 row_ratio=1.000000 duration_us=2
[2026-07-09 04:20:51.872] [info] [gpu_pipeline_task.cpp:321] [stage-audit] pipeline_id=5 task_id=227 operator_id=14 operator_name=FILTER stage_kind=FILTER operator_type=12 input_type=PIPELINEABLE output_type=PIPELINEABLE actual_gpu=1 pipeline_operator_count=3 input_batches=1 input_rows=32758522 input_columns=3 input_bytes=536420896 output_batches=1 output_rows=20707930 output_columns=1 output_bytes=168251984 byte_ratio=0.313657 row_ratio=0.632139 duration_us=1733
[2026-07-09 04:20:51.872] [info] [task_scheduler.cpp:462] [mgpu-audit] pipeline_task dispatched to GPU 1 task_id=235
[2026-07-09 04:20:51.872] [info] [task_scheduler.cpp:464] [locality-audit] dispatch task_id=235 preferred_device=1 actual_gpu=1
[2026-07-09 04:20:51.872] [info] [task_creator.cpp:363] [locality-audit] task_create operator_id=33 input_bytes=168251984 local_bytes=168251984 gpu_source_bytes=168251984 host_source_bytes=0 disk_source_bytes=0 gpu_sources=1 host_sources=0 preferred_device=1
[2026-07-09 04:20:51.889] [info] [sirius_scan_manager.cpp:1014] [fixed-page-cache] page_budget applied scope=global device=0 policy=score budget_bytes_per_gpu=4294967296 evicted_pages=32 evicted_bytes=518961456 resident_bytes_after=4289928756 min_score=440 max_score=1050
[2026-07-09 04:20:51.889] [info] [sirius_scan_manager.cpp:1513] [fixed-page-cache] page_directory appended table='__wdy_auto_fixed_page:/mnt/nvme/dataset/lineitem.parquet;' fixed_cols=3 pages=1686 resident_pages=525 resident_bytes=8579700588 stats_pages=1686 evicted_pages=1161 eviction_count=32 directory_entries=1686 page_bytes=16777216 rows=1724116036 owned_pages=1
[2026-07-09 04:20:51.889] [info] [parquet_gpu_ingestible.cpp:756] [fixed-page-cache] auto_cache_populate table='__wdy_auto_fixed_page:/mnt/nvme/dataset/lineitem.parquet;' rows=32759012 columns=3
[2026-07-09 04:20:51.889] [info] [gpu_pipeline_task.cpp:321] [stage-audit] pipeline_id=5 task_id=226 operator_id=30 operator_name=GPU_SCAN stage_kind=SCAN operator_type=94 input_type=GPU_SCAN output_type=PIPELINEABLE actual_gpu=0 pipeline_operator_count=3 input_batches=0 input_rows=0 input_columns=0 input_bytes=0 output_batches=1 output_rows=32759012 output_columns=3 output_bytes=536428928 byte_ratio=0.000000 row_ratio=0.000000 duration_us=316356
[2026-07-09 04:20:51.889] [info] [gpu_pipeline_task.cpp:321] [stage-audit] pipeline_id=5 task_id=226 operator_id=31 operator_name=DYNAMIC_FILTER stage_kind=OTHER operator_type=95 input_type=PIPELINEABLE output_type=PIPELINEABLE actual_gpu=0 pipeline_operator_count=3 input_batches=1 input_rows=32759012 input_columns=3 input_bytes=536428928 output_batches=1 output_rows=32759012 output_columns=3 output_bytes=536428928 byte_ratio=1.000000 row_ratio=1.000000 duration_us=1
[2026-07-09 04:20:51.891] [info] [gpu_pipeline_task.cpp:321] [stage-audit] pipeline_id=5 task_id=226 operator_id=14 operator_name=FILTER stage_kind=FILTER operator_type=12 input_type=PIPELINEABLE output_type=PIPELINEABLE actual_gpu=0 pipeline_operator_count=3 input_batches=1 input_rows=32759012 input_columns=3 input_bytes=536428928 output_batches=1 output_rows=20710278 output_columns=1 output_bytes=168271024 byte_ratio=0.313687 row_ratio=0.632201 duration_us=1669
[2026-07-09 04:20:51.891] [info] [task_scheduler.cpp:462] [mgpu-audit] pipeline_task dispatched to GPU 0 task_id=234
[2026-07-09 04:20:51.891] [info] [task_scheduler.cpp:464] [locality-audit] dispatch task_id=234 preferred_device=0 actual_gpu=0
[2026-07-09 04:20:51.891] [info] [task_creator.cpp:363] [locality-audit] task_create operator_id=33 input_bytes=168271024 local_bytes=168271024 gpu_source_bytes=168271024 host_source_bytes=0 disk_source_bytes=0 gpu_sources=1 host_sources=0 preferred_device=0
[2026-07-09 04:20:52.163] [info] [sirius_scan_manager.cpp:1014] [fixed-page-cache] page_budget applied scope=global device=1 policy=score budget_bytes_per_gpu=4294967296 evicted_pages=32 evicted_bytes=524074752 resident_bytes_after=4289838232 min_score=440 max_score=1050
[2026-07-09 04:20:52.163] [info] [sirius_scan_manager.cpp:1513] [fixed-page-cache] page_directory appended table='__wdy_auto_fixed_page:/mnt/nvme/dataset/lineitem.parquet;' fixed_cols=3 pages=1718 resident_pages=525 resident_bytes=8579766988 stats_pages=1718 evicted_pages=1193 eviction_count=32 directory_entries=1718 page_bytes=16777216 rows=1756874858 owned_pages=1
[2026-07-09 04:20:52.163] [info] [parquet_gpu_ingestible.cpp:756] [fixed-page-cache] auto_cache_populate table='__wdy_auto_fixed_page:/mnt/nvme/dataset/lineitem.parquet;' rows=32758822 columns=3
[2026-07-09 04:20:52.164] [info] [gpu_pipeline_task.cpp:321] [stage-audit] pipeline_id=5 task_id=229 operator_id=30 operator_name=GPU_SCAN stage_kind=SCAN operator_type=94 input_type=GPU_SCAN output_type=PIPELINEABLE actual_gpu=1 pipeline_operator_count=3 input_batches=0 input_rows=0 input_columns=0 input_bytes=0 output_batches=1 output_rows=32758822 output_columns=3 output_bytes=536425888 byte_ratio=0.000000 row_ratio=0.000000 duration_us=275928
[2026-07-09 04:20:52.172] [info] [gpu_pipeline_task.cpp:321] [stage-audit] pipeline_id=5 task_id=229 operator_id=31 operator_name=DYNAMIC_FILTER stage_kind=OTHER operator_type=95 input_type=PIPELINEABLE output_type=PIPELINEABLE actual_gpu=1 pipeline_operator_count=3 input_batches=1 input_rows=32758822 input_columns=3 input_bytes=536425888 output_batches=1 output_rows=32758822 output_columns=3 output_bytes=536425888 byte_ratio=1.000000 row_ratio=1.000000 duration_us=8456
[2026-07-09 04:20:52.178] [info] [gpu_pipeline_task.cpp:321] [stage-audit] pipeline_id=5 task_id=229 operator_id=14 operator_name=FILTER stage_kind=FILTER operator_type=12 input_type=PIPELINEABLE output_type=PIPELINEABLE actual_gpu=1 pipeline_operator_count=3 input_batches=1 input_rows=32758822 input_columns=3 input_bytes=536425888 output_batches=1 output_rows=20708518 output_columns=1 output_bytes=168256752 byte_ratio=0.313663 row_ratio=0.632151 duration_us=6041
[2026-07-09 04:20:52.178] [info] [task_scheduler.cpp:462] [mgpu-audit] pipeline_task dispatched to GPU 1 task_id=239
[2026-07-09 04:20:52.178] [info] [task_scheduler.cpp:464] [locality-audit] dispatch task_id=239 preferred_device=1 actual_gpu=1
[2026-07-09 04:20:52.178] [info] [task_scheduler.cpp:462] [mgpu-audit] pipeline_task dispatched to GPU 1 task_id=238
[2026-07-09 04:20:52.178] [info] [task_scheduler.cpp:464] [locality-audit] dispatch task_id=238 preferred_device=1 actual_gpu=1
[2026-07-09 04:20:52.178] [info] [gpu_pipeline_task.cpp:188] [locality-audit] prepare_before pipeline_id=6 task_id=231 preferred_device=1 actual_gpu=1 target_tier=GPU target_device=1 input_bytes=168351216 local_bytes=0 remote_gpu_bytes=0 host_bytes=168351216 disk_bytes=0 batch_count=1
[2026-07-09 04:20:52.179] [info] [task_creator.cpp:363] [locality-audit] task_create operator_id=33 input_bytes=168256752 local_bytes=168256752 gpu_source_bytes=168256752 host_source_bytes=0 disk_source_bytes=0 gpu_sources=1 host_sources=0 preferred_device=1
[2026-07-09 04:20:52.179] [info] [gpu_pipeline_task.cpp:188] [locality-audit] prepare_before pipeline_id=6 task_id=233 preferred_device=1 actual_gpu=1 target_tier=GPU target_device=1 input_bytes=168046312 local_bytes=0 remote_gpu_bytes=0 host_bytes=168046312 disk_bytes=0 batch_count=1
[2026-07-09 04:20:52.185] [info] [sirius_scan_manager.cpp:1014] [fixed-page-cache] page_budget applied scope=global device=0 policy=score budget_bytes_per_gpu=4294967296 evicted_pages=32 evicted_bytes=523948840 resident_bytes_after=4290109116 min_score=440 max_score=1050
[2026-07-09 04:20:52.185] [info] [sirius_scan_manager.cpp:1513] [fixed-page-cache] page_directory appended table='__wdy_auto_fixed_page:/mnt/nvme/dataset/lineitem.parquet;' fixed_cols=3 pages=1750 resident_pages=525 resident_bytes=8579947348 stats_pages=1750 evicted_pages=1225 eviction_count=32 directory_entries=1750 page_bytes=16777216 rows=1789632933 owned_pages=1
[2026-07-09 04:20:52.185] [info] [parquet_gpu_ingestible.cpp:756] [fixed-page-cache] auto_cache_populate table='__wdy_auto_fixed_page:/mnt/nvme/dataset/lineitem.parquet;' rows=32758075 columns=3
[2026-07-09 04:20:52.185] [info] [gpu_pipeline_task.cpp:321] [stage-audit] pipeline_id=5 task_id=228 operator_id=30 operator_name=GPU_SCAN stage_kind=SCAN operator_type=94 input_type=GPU_SCAN output_type=PIPELINEABLE actual_gpu=0 pipeline_operator_count=3 input_batches=0 input_rows=0 input_columns=0 input_bytes=0 output_batches=1 output_rows=32758075 output_columns=3 output_bytes=536413552 byte_ratio=0.000000 row_ratio=0.000000 duration_us=277946
[2026-07-09 04:20:52.185] [info] [gpu_pipeline_task.cpp:321] [stage-audit] pipeline_id=5 task_id=228 operator_id=31 operator_name=DYNAMIC_FILTER stage_kind=OTHER operator_type=95 input_type=PIPELINEABLE output_type=PIPELINEABLE actual_gpu=0 pipeline_operator_count=3 input_batches=1 input_rows=32758075 input_columns=3 input_bytes=536413552 output_batches=1 output_rows=32758075 output_columns=3 output_bytes=536413552 byte_ratio=1.000000 row_ratio=1.000000 duration_us=2
[2026-07-09 04:20:52.186] [info] [gpu_pipeline_task.cpp:188] [locality-audit] prepare_after pipeline_id=6 task_id=231 preferred_device=1 actual_gpu=1 target_tier=GPU target_device=1 input_bytes=168351216 local_bytes=168351216 remote_gpu_bytes=0 host_bytes=0 disk_bytes=0 batch_count=1
[2026-07-09 04:20:52.187] [info] [gpu_pipeline_task.cpp:321] [stage-audit] pipeline_id=5 task_id=228 operator_id=14 operator_name=FILTER stage_kind=FILTER operator_type=12 input_type=PIPELINEABLE output_type=PIPELINEABLE actual_gpu=0 pipeline_operator_count=3 input_batches=1 input_rows=32758075 input_columns=3 input_bytes=536413552 output_batches=1 output_rows=20713306 output_columns=1 output_bytes=168295632 byte_ratio=0.313742 row_ratio=0.632311 duration_us=1668
[2026-07-09 04:20:52.187] [info] [task_scheduler.cpp:462] [mgpu-audit] pipeline_task dispatched to GPU 0 task_id=236
[2026-07-09 04:20:52.187] [info] [task_scheduler.cpp:464] [locality-audit] dispatch task_id=236 preferred_device=0 actual_gpu=0
[2026-07-09 04:20:52.187] [info] [task_scheduler.cpp:462] [mgpu-audit] pipeline_task dispatched to GPU 0 task_id=237
[2026-07-09 04:20:52.187] [info] [task_scheduler.cpp:464] [locality-audit] dispatch task_id=237 preferred_device=0 actual_gpu=0
[2026-07-09 04:20:52.187] [info] [task_creator.cpp:363] [locality-audit] task_create operator_id=33 input_bytes=168295632 local_bytes=168295632 gpu_source_bytes=168295632 host_source_bytes=0 disk_source_bytes=0 gpu_sources=1 host_sources=0 preferred_device=0
[2026-07-09 04:20:52.187] [info] [gpu_pipeline_task.cpp:188] [locality-audit] prepare_before pipeline_id=6 task_id=232 preferred_device=0 actual_gpu=0 target_tier=GPU target_device=0 input_bytes=168049112 local_bytes=0 remote_gpu_bytes=0 host_bytes=168049112 disk_bytes=0 batch_count=1
[2026-07-09 04:20:52.188] [info] [gpu_pipeline_task.cpp:321] [stage-audit] pipeline_id=6 task_id=231 operator_id=33 operator_name=PARTITION stage_kind=PARTITION operator_type=82 input_type=PIPELINEABLE output_type=PIPELINEABLE actual_gpu=1 pipeline_operator_count=1 input_batches=1 input_rows=20720142 input_columns=1 input_bytes=168351216 output_batches=2 output_rows=20720142 output_columns=2 output_bytes=165761136 byte_ratio=0.984615 row_ratio=1.000000 duration_us=2143
[2026-07-09 04:20:52.188] [info] [task_scheduler.cpp:462] [mgpu-audit] pipeline_task dispatched to GPU 1 task_id=240
[2026-07-09 04:20:52.188] [info] [task_scheduler.cpp:464] [locality-audit] dispatch task_id=240 preferred_device=1 actual_gpu=1
[2026-07-09 04:20:52.188] [info] [gpu_pipeline_task.cpp:188] [locality-audit] prepare_before pipeline_id=6 task_id=235 preferred_device=1 actual_gpu=1 target_tier=GPU target_device=1 input_bytes=168271488 local_bytes=0 remote_gpu_bytes=0 host_bytes=168271488 disk_bytes=0 batch_count=1
[2026-07-09 04:20:52.193] [info] [gpu_pipeline_task.cpp:188] [locality-audit] prepare_after pipeline_id=6 task_id=233 preferred_device=1 actual_gpu=1 target_tier=GPU target_device=1 input_bytes=168046312 local_bytes=168046312 remote_gpu_bytes=0 host_bytes=0 disk_bytes=0 batch_count=1
[2026-07-09 04:20:52.195] [info] [gpu_pipeline_task.cpp:321] [stage-audit] pipeline_id=6 task_id=233 operator_id=33 operator_name=PARTITION stage_kind=PARTITION operator_type=82 input_type=PIPELINEABLE output_type=PIPELINEABLE actual_gpu=1 pipeline_operator_count=1 input_batches=1 input_rows=20682621 input_columns=1 input_bytes=168046312 output_batches=2 output_rows=20682621 output_columns=2 output_bytes=165460968 byte_ratio=0.984615 row_ratio=1.000000 duration_us=2072
[2026-07-09 04:20:52.195] [info] [gpu_pipeline_task.cpp:188] [locality-audit] prepare_after pipeline_id=6 task_id=232 preferred_device=0 actual_gpu=0 target_tier=GPU target_device=0 input_bytes=168049112 local_bytes=168049112 remote_gpu_bytes=0 host_bytes=0 disk_bytes=0 batch_count=1
[2026-07-09 04:20:52.197] [info] [gpu_pipeline_task.cpp:321] [stage-audit] pipeline_id=6 task_id=232 operator_id=33 operator_name=PARTITION stage_kind=PARTITION operator_type=82 input_type=PIPELINEABLE output_type=PIPELINEABLE actual_gpu=0 pipeline_operator_count=1 input_batches=1 input_rows=20682963 input_columns=1 input_bytes=168049112 output_batches=2 output_rows=20682963 output_columns=2 output_bytes=165463704 byte_ratio=0.984615 row_ratio=1.000000 duration_us=2043
[2026-07-09 04:20:52.198] [info] [task_scheduler.cpp:462] [mgpu-audit] pipeline_task dispatched to GPU 0 task_id=243
[2026-07-09 04:20:52.198] [info] [task_scheduler.cpp:464] [locality-audit] dispatch task_id=243 preferred_device=0 actual_gpu=0
[2026-07-09 04:20:52.198] [info] [gpu_pipeline_task.cpp:188] [locality-audit] prepare_before pipeline_id=6 task_id=234 preferred_device=0 actual_gpu=0 target_tier=GPU target_device=0 input_bytes=168191368 local_bytes=0 remote_gpu_bytes=0 host_bytes=168191368 disk_bytes=0 batch_count=1
[2026-07-09 04:20:52.200] [info] [gpu_pipeline_task.cpp:188] [locality-audit] prepare_after pipeline_id=6 task_id=235 preferred_device=1 actual_gpu=1 target_tier=GPU target_device=1 input_bytes=168271488 local_bytes=168271488 remote_gpu_bytes=0 host_bytes=0 disk_bytes=0 batch_count=1
[2026-07-09 04:20:52.202] [info] [gpu_pipeline_task.cpp:321] [stage-audit] pipeline_id=6 task_id=235 operator_id=33 operator_name=PARTITION stage_kind=PARTITION operator_type=82 input_type=PIPELINEABLE output_type=PIPELINEABLE actual_gpu=1 pipeline_operator_count=1 input_batches=1 input_rows=20710336 input_columns=1 input_bytes=168271488 output_batches=2 output_rows=20710336 output_columns=2 output_bytes=165682688 byte_ratio=0.984615 row_ratio=1.000000 duration_us=1983
[2026-07-09 04:20:52.202] [info] [gpu_pipeline_task.cpp:188] [locality-audit] prepare_before pipeline_id=6 task_id=239 preferred_device=1 actual_gpu=1 target_tier=GPU target_device=1 input_bytes=168315672 local_bytes=0 remote_gpu_bytes=0 host_bytes=168315672 disk_bytes=0 batch_count=1
[2026-07-09 04:20:52.202] [info] [task_scheduler.cpp:462] [mgpu-audit] pipeline_task dispatched to GPU 1 task_id=241
[2026-07-09 04:20:52.202] [info] [task_scheduler.cpp:464] [locality-audit] dispatch task_id=241 preferred_device=1 actual_gpu=1
[2026-07-09 04:20:52.205] [info] [gpu_pipeline_task.cpp:188] [locality-audit] prepare_after pipeline_id=6 task_id=234 preferred_device=0 actual_gpu=0 target_tier=GPU target_device=0 input_bytes=168191368 local_bytes=168191368 remote_gpu_bytes=0 host_bytes=0 disk_bytes=0 batch_count=1
[2026-07-09 04:20:52.207] [info] [gpu_pipeline_task.cpp:321] [stage-audit] pipeline_id=6 task_id=234 operator_id=33 operator_name=PARTITION stage_kind=PARTITION operator_type=82 input_type=PIPELINEABLE output_type=PIPELINEABLE actual_gpu=0 pipeline_operator_count=1 input_batches=1 input_rows=20700473 input_columns=1 input_bytes=168191368 output_batches=2 output_rows=20700473 output_columns=2 output_bytes=165603784 byte_ratio=0.984615 row_ratio=1.000000 duration_us=1985
[2026-07-09 04:20:52.209] [info] [gpu_pipeline_task.cpp:188] [locality-audit] prepare_after pipeline_id=6 task_id=239 preferred_device=1 actual_gpu=1 target_tier=GPU target_device=1 input_bytes=168315672 local_bytes=168315672 remote_gpu_bytes=0 host_bytes=0 disk_bytes=0 batch_count=1
[2026-07-09 04:20:52.211] [info] [gpu_pipeline_task.cpp:321] [stage-audit] pipeline_id=6 task_id=239 operator_id=33 operator_name=PARTITION stage_kind=PARTITION operator_type=82 input_type=PIPELINEABLE output_type=PIPELINEABLE actual_gpu=1 pipeline_operator_count=1 input_batches=1 input_rows=20715771 input_columns=1 input_bytes=168315672 output_batches=2 output_rows=20715771 output_columns=2 output_bytes=165726168 byte_ratio=0.984615 row_ratio=1.000000 duration_us=1997
[2026-07-09 04:20:52.211] [info] [task_scheduler.cpp:462] [mgpu-audit] pipeline_task dispatched to GPU 1 task_id=244
[2026-07-09 04:20:52.211] [info] [task_scheduler.cpp:464] [locality-audit] dispatch task_id=244 preferred_device=1 actual_gpu=1
[2026-07-09 04:20:52.211] [info] [gpu_pipeline_task.cpp:188] [locality-audit] prepare_before pipeline_id=6 task_id=238 preferred_device=1 actual_gpu=1 target_tier=GPU target_device=1 input_bytes=168266136 local_bytes=0 remote_gpu_bytes=0 host_bytes=168266136 disk_bytes=0 batch_count=1
[2026-07-09 04:20:52.218] [info] [gpu_pipeline_task.cpp:188] [locality-audit] prepare_after pipeline_id=6 task_id=238 preferred_device=1 actual_gpu=1 target_tier=GPU target_device=1 input_bytes=168266136 local_bytes=168266136 remote_gpu_bytes=0 host_bytes=0 disk_bytes=0 batch_count=1
[2026-07-09 04:20:52.220] [info] [gpu_pipeline_task.cpp:321] [stage-audit] pipeline_id=6 task_id=238 operator_id=33 operator_name=PARTITION stage_kind=PARTITION operator_type=82 input_type=PIPELINEABLE output_type=PIPELINEABLE actual_gpu=1 pipeline_operator_count=1 input_batches=1 input_rows=20709675 input_columns=1 input_bytes=168266136 output_batches=2 output_rows=20709675 output_columns=2 output_bytes=165677400 byte_ratio=0.984615 row_ratio=1.000000 duration_us=2012
[2026-07-09 04:20:52.236] [info] [task_scheduler.cpp:462] [mgpu-audit] pipeline_task dispatched to GPU 1 task_id=245
[2026-07-09 04:20:52.236] [info] [task_scheduler.cpp:464] [locality-audit] dispatch task_id=245 preferred_device=1 actual_gpu=1
[2026-07-09 04:20:52.236] [info] [gpu_pipeline_task.cpp:188] [locality-audit] prepare_before pipeline_id=6 task_id=240 preferred_device=1 actual_gpu=1 target_tier=GPU target_device=1 input_bytes=168269872 local_bytes=0 remote_gpu_bytes=0 host_bytes=168269872 disk_bytes=0 batch_count=1
[2026-07-09 04:20:52.243] [info] [gpu_pipeline_task.cpp:188] [locality-audit] prepare_after pipeline_id=6 task_id=240 preferred_device=1 actual_gpu=1 target_tier=GPU target_device=1 input_bytes=168269872 local_bytes=168269872 remote_gpu_bytes=0 host_bytes=0 disk_bytes=0 batch_count=1
[2026-07-09 04:20:52.245] [info] [gpu_pipeline_task.cpp:321] [stage-audit] pipeline_id=6 task_id=240 operator_id=33 operator_name=PARTITION stage_kind=PARTITION operator_type=82 input_type=PIPELINEABLE output_type=PIPELINEABLE actual_gpu=1 pipeline_operator_count=1 input_batches=1 input_rows=20710134 input_columns=1 input_bytes=168269872 output_batches=2 output_rows=20710134 output_columns=2 output_bytes=165681072 byte_ratio=0.984615 row_ratio=1.000000 duration_us=2079
[2026-07-09 04:20:52.246] [info] [task_scheduler.cpp:462] [mgpu-audit] pipeline_task dispatched to GPU 1 task_id=247
[2026-07-09 04:20:52.246] [info] [task_scheduler.cpp:464] [locality-audit] dispatch task_id=247 preferred_device=1 actual_gpu=1
[2026-07-09 04:20:52.246] [info] [gpu_pipeline_task.cpp:188] [locality-audit] prepare_before pipeline_id=6 task_id=241 preferred_device=1 actual_gpu=1 target_tier=GPU target_device=1 input_bytes=168282072 local_bytes=0 remote_gpu_bytes=0 host_bytes=168282072 disk_bytes=0 batch_count=1
[2026-07-09 04:20:52.253] [info] [gpu_pipeline_task.cpp:188] [locality-audit] prepare_after pipeline_id=6 task_id=241 preferred_device=1 actual_gpu=1 target_tier=GPU target_device=1 input_bytes=168282072 local_bytes=168282072 remote_gpu_bytes=0 host_bytes=0 disk_bytes=0 batch_count=1
[2026-07-09 04:20:52.255] [info] [gpu_pipeline_task.cpp:321] [stage-audit] pipeline_id=6 task_id=241 operator_id=33 operator_name=PARTITION stage_kind=PARTITION operator_type=82 input_type=PIPELINEABLE output_type=PIPELINEABLE actual_gpu=1 pipeline_operator_count=1 input_batches=1 input_rows=20711635 input_columns=1 input_bytes=168282072 output_batches=2 output_rows=20711635 output_columns=2 output_bytes=165693080 byte_ratio=0.984615 row_ratio=1.000000 duration_us=2014
[2026-07-09 04:20:52.268] [info] [task_scheduler.cpp:462] [mgpu-audit] pipeline_task dispatched to GPU 1 task_id=251
[2026-07-09 04:20:52.268] [info] [task_scheduler.cpp:464] [locality-audit] dispatch task_id=251 preferred_device=1 actual_gpu=1
[2026-07-09 04:20:52.268] [info] [gpu_pipeline_task.cpp:188] [locality-audit] prepare_before pipeline_id=6 task_id=244 preferred_device=1 actual_gpu=1 target_tier=GPU target_device=1 input_bytes=168254600 local_bytes=0 remote_gpu_bytes=0 host_bytes=168254600 disk_bytes=0 batch_count=1
[2026-07-09 04:20:52.275] [info] [gpu_pipeline_task.cpp:188] [locality-audit] prepare_after pipeline_id=6 task_id=244 preferred_device=1 actual_gpu=1 target_tier=GPU target_device=1 input_bytes=168254600 local_bytes=168254600 remote_gpu_bytes=0 host_bytes=0 disk_bytes=0 batch_count=1
[2026-07-09 04:20:52.277] [info] [gpu_pipeline_task.cpp:321] [stage-audit] pipeline_id=6 task_id=244 operator_id=33 operator_name=PARTITION stage_kind=PARTITION operator_type=82 input_type=PIPELINEABLE output_type=PIPELINEABLE actual_gpu=1 pipeline_operator_count=1 input_batches=1 input_rows=20708257 input_columns=1 input_bytes=168254600 output_batches=2 output_rows=20708257 output_columns=2 output_bytes=165666056 byte_ratio=0.984615 row_ratio=1.000000 duration_us=2076
[2026-07-09 04:20:52.277] [info] [gpu_pipeline_task.cpp:188] [locality-audit] prepare_before pipeline_id=6 task_id=245 preferred_device=1 actual_gpu=1 target_tier=GPU target_device=1 input_bytes=168251984 local_bytes=168251984 remote_gpu_bytes=0 host_bytes=0 disk_bytes=0 batch_count=1
[2026-07-09 04:20:52.277] [info] [gpu_pipeline_task.cpp:188] [locality-audit] prepare_after pipeline_id=6 task_id=245 preferred_device=1 actual_gpu=1 target_tier=GPU target_device=1 input_bytes=168251984 local_bytes=168251984 remote_gpu_bytes=0 host_bytes=0 disk_bytes=0 batch_count=1
[2026-07-09 04:20:52.277] [info] [task_scheduler.cpp:462] [mgpu-audit] pipeline_task dispatched to GPU 1 task_id=252
[2026-07-09 04:20:52.277] [info] [task_scheduler.cpp:464] [locality-audit] dispatch task_id=252 preferred_device=1 actual_gpu=1
[2026-07-09 04:20:52.279] [info] [gpu_pipeline_task.cpp:321] [stage-audit] pipeline_id=6 task_id=245 operator_id=33 operator_name=PARTITION stage_kind=PARTITION operator_type=82 input_type=PIPELINEABLE output_type=PIPELINEABLE actual_gpu=1 pipeline_operator_count=1 input_batches=1 input_rows=20707930 input_columns=1 input_bytes=168251984 output_batches=2 output_rows=20707930 output_columns=2 output_bytes=165663440 byte_ratio=0.984615 row_ratio=1.000000 duration_us=1933
[2026-07-09 04:20:52.279] [info] [gpu_pipeline_task.cpp:188] [locality-audit] prepare_before pipeline_id=6 task_id=247 preferred_device=1 actual_gpu=1 target_tier=GPU target_device=1 input_bytes=168256752 local_bytes=168256752 remote_gpu_bytes=0 host_bytes=0 disk_bytes=0 batch_count=1
[2026-07-09 04:20:52.279] [info] [gpu_pipeline_task.cpp:188] [locality-audit] prepare_after pipeline_id=6 task_id=247 preferred_device=1 actual_gpu=1 target_tier=GPU target_device=1 input_bytes=168256752 local_bytes=168256752 remote_gpu_bytes=0 host_bytes=0 disk_bytes=0 batch_count=1
[2026-07-09 04:20:52.281] [info] [gpu_pipeline_task.cpp:321] [stage-audit] pipeline_id=6 task_id=247 operator_id=33 operator_name=PARTITION stage_kind=PARTITION operator_type=82 input_type=PIPELINEABLE output_type=PIPELINEABLE actual_gpu=1 pipeline_operator_count=1 input_batches=1 input_rows=20708518 input_columns=1 input_bytes=168256752 output_batches=2 output_rows=20708518 output_columns=2 output_bytes=165668144 byte_ratio=0.984615 row_ratio=1.000000 duration_us=1935
[2026-07-09 04:20:52.300] [info] [gpu_pipeline_task.cpp:188] [locality-audit] prepare_before pipeline_id=7 task_id=251 preferred_device=1 actual_gpu=1 target_tier=GPU target_device=1 input_bytes=496933928 local_bytes=0 remote_gpu_bytes=165521336 host_bytes=331412592 disk_bytes=0 batch_count=6
[2026-07-09 04:20:52.300] [info] [gpu_pipeline_task.cpp:188] [locality-audit] prepare_before pipeline_id=7 task_id=252 preferred_device=1 actual_gpu=1 target_tier=GPU target_device=1 input_bytes=82839408 local_bytes=0 remote_gpu_bytes=0 host_bytes=82839408 disk_bytes=0 batch_count=1
[2026-07-09 04:20:52.307] [info] [gpu_pipeline_task.cpp:188] [locality-audit] prepare_after pipeline_id=7 task_id=252 preferred_device=1 actual_gpu=1 target_tier=GPU target_device=1 input_bytes=82839408 local_bytes=82839408 remote_gpu_bytes=0 host_bytes=0 disk_bytes=0 batch_count=1
[2026-07-09 04:20:52.307] [info] [gpu_pipeline_task.cpp:321] [stage-audit] pipeline_id=7 task_id=252 operator_id=32 operator_name=CONCAT stage_kind=CONCAT operator_type=83 input_type=PARTITIONED output_type=PARTITIONED actual_gpu=1 pipeline_operator_count=1 input_batches=1 input_rows=10354926 input_columns=1 input_bytes=82839408 output_batches=1 output_rows=10354926 output_columns=1 output_bytes=82839408 byte_ratio=1.000000 row_ratio=1.000000 duration_us=2
[2026-07-09 04:20:52.325] [info] [gpu_pipeline_task.cpp:188] [locality-audit] prepare_after pipeline_id=7 task_id=251 preferred_device=1 actual_gpu=1 target_tier=GPU target_device=1 input_bytes=496933928 local_bytes=496933928 remote_gpu_bytes=0 host_bytes=0 disk_bytes=0 batch_count=6
[2026-07-09 04:20:52.327] [info] [gpu_pipeline_task.cpp:321] [stage-audit] pipeline_id=7 task_id=251 operator_id=32 operator_name=CONCAT stage_kind=CONCAT operator_type=83 input_type=PARTITIONED output_type=PARTITIONED actual_gpu=1 pipeline_operator_count=1 input_batches=6 input_rows=62116741 input_columns=6 input_bytes=496933928 output_batches=1 output_rows=62116741 output_columns=1 output_bytes=496933928 byte_ratio=1.000000 row_ratio=1.000000 duration_us=1872
[2026-07-09 04:20:52.379] [info] [sirius_scan_manager.cpp:1014] [fixed-page-cache] page_budget applied scope=global device=0 policy=score budget_bytes_per_gpu=4294967296 evicted_pages=10 evicted_bytes=164545960 resident_bytes_after=4293255524 min_score=440 max_score=1050
[2026-07-09 04:20:52.379] [info] [sirius_scan_manager.cpp:1513] [fixed-page-cache] page_directory appended table='__wdy_auto_fixed_page:/mnt/nvme/dataset/lineitem.parquet;' fixed_cols=3 pages=1761 resident_pages=526 resident_bytes=8583093756 stats_pages=1761 evicted_pages=1235 eviction_count=10 directory_entries=1761 page_bytes=16777216 rows=1800113706 owned_pages=1
[2026-07-09 04:20:52.379] [info] [parquet_gpu_ingestible.cpp:756] [fixed-page-cache] auto_cache_populate table='__wdy_auto_fixed_page:/mnt/nvme/dataset/lineitem.parquet;' rows=10480773 columns=3
[2026-07-09 04:20:52.379] [info] [gpu_pipeline_task.cpp:321] [stage-audit] pipeline_id=5 task_id=230 operator_id=30 operator_name=GPU_SCAN stage_kind=SCAN operator_type=94 input_type=GPU_SCAN output_type=PIPELINEABLE actual_gpu=0 pipeline_operator_count=3 input_batches=0 input_rows=0 input_columns=0 input_bytes=0 output_batches=1 output_rows=10480773 output_columns=3 output_bytes=171622800 byte_ratio=0.000000 row_ratio=0.000000 duration_us=178028
[2026-07-09 04:20:52.379] [info] [gpu_pipeline_task.cpp:321] [stage-audit] pipeline_id=5 task_id=230 operator_id=31 operator_name=DYNAMIC_FILTER stage_kind=OTHER operator_type=95 input_type=PIPELINEABLE output_type=PIPELINEABLE actual_gpu=0 pipeline_operator_count=3 input_batches=1 input_rows=10480773 input_columns=3 input_bytes=171622800 output_batches=1 output_rows=10480773 output_columns=3 output_bytes=171622800 byte_ratio=1.000000 row_ratio=1.000000 duration_us=1
[2026-07-09 04:20:52.380] [info] [gpu_pipeline_task.cpp:321] [stage-audit] pipeline_id=5 task_id=230 operator_id=14 operator_name=FILTER stage_kind=FILTER operator_type=12 input_type=PIPELINEABLE output_type=PIPELINEABLE actual_gpu=0 pipeline_operator_count=3 input_batches=1 input_rows=10480773 input_columns=3 input_bytes=171622800 output_batches=1 output_rows=6627875 output_columns=1 output_bytes=53851544 byte_ratio=0.313778 row_ratio=0.632384 duration_us=671
[2026-07-09 04:20:52.380] [info] [task_scheduler.cpp:462] [mgpu-audit] pipeline_task dispatched to GPU 0 task_id=242
[2026-07-09 04:20:52.380] [info] [task_scheduler.cpp:464] [locality-audit] dispatch task_id=242 preferred_device=0 actual_gpu=0
[2026-07-09 04:20:52.380] [info] [gpu_pipeline_task.cpp:188] [locality-audit] prepare_before pipeline_id=6 task_id=236 preferred_device=0 actual_gpu=0 target_tier=GPU target_device=0 input_bytes=168241744 local_bytes=0 remote_gpu_bytes=0 host_bytes=168241744 disk_bytes=0 batch_count=1
[2026-07-09 04:20:52.380] [info] [task_creator.cpp:363] [locality-audit] task_create operator_id=33 input_bytes=53851544 local_bytes=53851544 gpu_source_bytes=53851544 host_source_bytes=0 disk_source_bytes=0 gpu_sources=1 host_sources=0 preferred_device=0
[2026-07-09 04:20:52.388] [info] [gpu_pipeline_task.cpp:188] [locality-audit] prepare_after pipeline_id=6 task_id=236 preferred_device=0 actual_gpu=0 target_tier=GPU target_device=0 input_bytes=168241744 local_bytes=168241744 remote_gpu_bytes=0 host_bytes=0 disk_bytes=0 batch_count=1
[2026-07-09 04:20:52.390] [info] [gpu_pipeline_task.cpp:321] [stage-audit] pipeline_id=6 task_id=236 operator_id=33 operator_name=PARTITION stage_kind=PARTITION operator_type=82 input_type=PIPELINEABLE output_type=PIPELINEABLE actual_gpu=0 pipeline_operator_count=1 input_batches=1 input_rows=20706674 input_columns=1 input_bytes=168241744 output_batches=2 output_rows=20706674 output_columns=2 output_bytes=165653392 byte_ratio=0.984615 row_ratio=1.000000 duration_us=2069
[2026-07-09 04:20:52.390] [info] [task_scheduler.cpp:462] [mgpu-audit] pipeline_task dispatched to GPU 0 task_id=246
[2026-07-09 04:20:52.390] [info] [task_scheduler.cpp:464] [locality-audit] dispatch task_id=246 preferred_device=0 actual_gpu=0
[2026-07-09 04:20:52.390] [info] [gpu_pipeline_task.cpp:188] [locality-audit] prepare_before pipeline_id=6 task_id=237 preferred_device=0 actual_gpu=0 target_tier=GPU target_device=0 input_bytes=168264152 local_bytes=0 remote_gpu_bytes=0 host_bytes=168264152 disk_bytes=0 batch_count=1
[2026-07-09 04:20:52.397] [info] [gpu_pipeline_task.cpp:188] [locality-audit] prepare_after pipeline_id=6 task_id=237 preferred_device=0 actual_gpu=0 target_tier=GPU target_device=0 input_bytes=168264152 local_bytes=168264152 remote_gpu_bytes=0 host_bytes=0 disk_bytes=0 batch_count=1
[2026-07-09 04:20:52.399] [info] [gpu_pipeline_task.cpp:321] [stage-audit] pipeline_id=6 task_id=237 operator_id=33 operator_name=PARTITION stage_kind=PARTITION operator_type=82 input_type=PIPELINEABLE output_type=PIPELINEABLE actual_gpu=0 pipeline_operator_count=1 input_batches=1 input_rows=20709427 input_columns=1 input_bytes=168264152 output_batches=2 output_rows=20709427 output_columns=2 output_bytes=165675416 byte_ratio=0.984615 row_ratio=1.000000 duration_us=1990
[2026-07-09 04:20:52.399] [info] [task_scheduler.cpp:462] [mgpu-audit] pipeline_task dispatched to GPU 1 task_id=256
[2026-07-09 04:20:52.399] [info] [task_scheduler.cpp:464] [locality-audit] dispatch task_id=256 preferred_device=1 actual_gpu=1
[2026-07-09 04:20:52.399] [info] [task_scheduler.cpp:462] [mgpu-audit] pipeline_task dispatched to GPU 1 task_id=257
[2026-07-09 04:20:52.399] [info] [task_scheduler.cpp:464] [locality-audit] dispatch task_id=257 preferred_device=1 actual_gpu=1
[2026-07-09 04:20:52.399] [info] [task_scheduler.cpp:462] [mgpu-audit] pipeline_task dispatched to GPU 0 task_id=248
[2026-07-09 04:20:52.399] [info] [task_scheduler.cpp:464] [locality-audit] dispatch task_id=248 preferred_device=0 actual_gpu=0
[2026-07-09 04:20:52.399] [info] [gpu_pipeline_task.cpp:188] [locality-audit] prepare_before pipeline_id=6 task_id=243 preferred_device=0 actual_gpu=0 target_tier=GPU target_device=0 input_bytes=168269368 local_bytes=0 remote_gpu_bytes=0 host_bytes=168269368 disk_bytes=0 batch_count=1
[2026-07-09 04:20:52.406] [info] [gpu_pipeline_task.cpp:188] [locality-audit] prepare_after pipeline_id=6 task_id=243 preferred_device=0 actual_gpu=0 target_tier=GPU target_device=0 input_bytes=168269368 local_bytes=168269368 remote_gpu_bytes=0 host_bytes=0 disk_bytes=0 batch_count=1
[2026-07-09 04:20:52.409] [info] [gpu_pipeline_task.cpp:321] [stage-audit] pipeline_id=6 task_id=243 operator_id=33 operator_name=PARTITION stage_kind=PARTITION operator_type=82 input_type=PIPELINEABLE output_type=PIPELINEABLE actual_gpu=0 pipeline_operator_count=1 input_batches=1 input_rows=20710071 input_columns=1 input_bytes=168269368 output_batches=2 output_rows=20710071 output_columns=2 output_bytes=165680568 byte_ratio=0.984615 row_ratio=1.000000 duration_us=2427
[2026-07-09 04:20:52.422] [info] [task_scheduler.cpp:462] [mgpu-audit] pipeline_task dispatched to GPU 0 task_id=250
[2026-07-09 04:20:52.422] [info] [task_scheduler.cpp:464] [locality-audit] dispatch task_id=250 preferred_device=0 actual_gpu=0
[2026-07-09 04:20:52.422] [info] [gpu_pipeline_task.cpp:188] [locality-audit] prepare_before pipeline_id=6 task_id=242 preferred_device=0 actual_gpu=0 target_tier=GPU target_device=0 input_bytes=168271904 local_bytes=0 remote_gpu_bytes=0 host_bytes=168271904 disk_bytes=0 batch_count=1
[2026-07-09 04:20:52.429] [info] [gpu_pipeline_task.cpp:188] [locality-audit] prepare_after pipeline_id=6 task_id=242 preferred_device=0 actual_gpu=0 target_tier=GPU target_device=0 input_bytes=168271904 local_bytes=168271904 remote_gpu_bytes=0 host_bytes=0 disk_bytes=0 batch_count=1
[2026-07-09 04:20:52.431] [info] [gpu_pipeline_task.cpp:321] [stage-audit] pipeline_id=6 task_id=242 operator_id=33 operator_name=PARTITION stage_kind=PARTITION operator_type=82 input_type=PIPELINEABLE output_type=PIPELINEABLE actual_gpu=0 pipeline_operator_count=1 input_batches=1 input_rows=20710388 input_columns=1 input_bytes=168271904 output_batches=2 output_rows=20710388 output_columns=2 output_bytes=165683104 byte_ratio=0.984615 row_ratio=1.000000 duration_us=1982
[2026-07-09 04:20:52.431] [info] [task_scheduler.cpp:462] [mgpu-audit] pipeline_task dispatched to GPU 0 task_id=255
[2026-07-09 04:20:52.431] [info] [task_scheduler.cpp:464] [locality-audit] dispatch task_id=255 preferred_device=0 actual_gpu=0
[2026-07-09 04:20:52.431] [info] [gpu_pipeline_task.cpp:188] [locality-audit] prepare_before pipeline_id=6 task_id=246 preferred_device=0 actual_gpu=0 target_tier=GPU target_device=0 input_bytes=168271024 local_bytes=168271024 remote_gpu_bytes=0 host_bytes=0 disk_bytes=0 batch_count=1
[2026-07-09 04:20:52.431] [info] [gpu_pipeline_task.cpp:188] [locality-audit] prepare_after pipeline_id=6 task_id=246 preferred_device=0 actual_gpu=0 target_tier=GPU target_device=0 input_bytes=168271024 local_bytes=168271024 remote_gpu_bytes=0 host_bytes=0 disk_bytes=0 batch_count=1
[2026-07-09 04:20:52.432] [error] [downgrade_executor.cpp:323] [downgrade] convert failed from task queue: CUDA error at: /home/dy1013/sirius_multi-gpu/cucascade/src/cudf/representation_converter_builtins.cpp:325: cudaErrorInvalidValue invalid argument
[2026-07-09 04:20:52.432] [info] [gpu_pipeline_task.cpp:188] [locality-audit] prepare_before pipeline_id=7 task_id=257 preferred_device=1 actual_gpu=1 target_tier=GPU target_device=1 input_bytes=82839016 local_bytes=0 remote_gpu_bytes=82839016 host_bytes=0 disk_bytes=0 batch_count=1
[2026-07-09 04:20:52.432] [info] [gpu_pipeline_task.cpp:188] [locality-audit] prepare_before pipeline_id=7 task_id=256 preferred_device=1 actual_gpu=1 target_tier=GPU target_device=1 input_bytes=497227888 local_bytes=0 remote_gpu_bytes=82849728 host_bytes=414378160 disk_bytes=0 batch_count=6
[2026-07-09 04:20:52.434] [info] [gpu_pipeline_task.cpp:321] [stage-audit] pipeline_id=6 task_id=246 operator_id=33 operator_name=PARTITION stage_kind=PARTITION operator_type=82 input_type=PIPELINEABLE output_type=PIPELINEABLE actual_gpu=0 pipeline_operator_count=1 input_batches=1 input_rows=20710278 input_columns=1 input_bytes=168271024 output_batches=2 output_rows=20710278 output_columns=2 output_bytes=165682224 byte_ratio=0.984615 row_ratio=1.000000 duration_us=2343
[2026-07-09 04:20:52.434] [info] [task_scheduler.cpp:462] [mgpu-audit] pipeline_task dispatched to GPU 0 task_id=253
[2026-07-09 04:20:52.434] [info] [task_scheduler.cpp:464] [locality-audit] dispatch task_id=253 preferred_device=0 actual_gpu=0
[2026-07-09 04:20:52.434] [info] [task_scheduler.cpp:462] [mgpu-audit] pipeline_task dispatched to GPU 0 task_id=254
[2026-07-09 04:20:52.434] [info] [task_scheduler.cpp:464] [locality-audit] dispatch task_id=254 preferred_device=0 actual_gpu=0
[2026-07-09 04:20:52.434] [info] [task_scheduler.cpp:462] [mgpu-audit] pipeline_task dispatched to GPU 0 task_id=249
[2026-07-09 04:20:52.434] [info] [task_scheduler.cpp:464] [locality-audit] dispatch task_id=249 preferred_device=0 actual_gpu=0
[2026-07-09 04:20:52.434] [info] [gpu_pipeline_task.cpp:188] [locality-audit] prepare_before pipeline_id=6 task_id=248 preferred_device=0 actual_gpu=0 target_tier=GPU target_device=0 input_bytes=168295632 local_bytes=168295632 remote_gpu_bytes=0 host_bytes=0 disk_bytes=0 batch_count=1
[2026-07-09 04:20:52.434] [info] [gpu_pipeline_task.cpp:188] [locality-audit] prepare_after pipeline_id=6 task_id=248 preferred_device=0 actual_gpu=0 target_tier=GPU target_device=0 input_bytes=168295632 local_bytes=168295632 remote_gpu_bytes=0 host_bytes=0 disk_bytes=0 batch_count=1
[2026-07-09 04:20:52.434] [info] [gpu_pipeline_task.cpp:188] [locality-audit] prepare_before pipeline_id=7 task_id=255 preferred_device=0 actual_gpu=0 target_tier=GPU target_device=0 input_bytes=82836400 local_bytes=0 remote_gpu_bytes=0 host_bytes=82836400 disk_bytes=0 batch_count=1
[2026-07-09 04:20:52.434] [info] [gpu_pipeline_task.cpp:188] [locality-audit] prepare_before pipeline_id=7 task_id=250 preferred_device=0 actual_gpu=0 target_tier=GPU target_device=0 input_bytes=82837992 local_bytes=0 remote_gpu_bytes=0 host_bytes=82837992 disk_bytes=0 batch_count=1
[2026-07-09 04:20:52.436] [info] [gpu_pipeline_task.cpp:321] [stage-audit] pipeline_id=6 task_id=248 operator_id=33 operator_name=PARTITION stage_kind=PARTITION operator_type=82 input_type=PIPELINEABLE output_type=PIPELINEABLE actual_gpu=0 pipeline_operator_count=1 input_batches=1 input_rows=20713306 input_columns=1 input_bytes=168295632 output_batches=2 output_rows=20713306 output_columns=2 output_bytes=165706448 byte_ratio=0.984615 row_ratio=1.000000 duration_us=2187
[2026-07-09 04:20:52.436] [info] [gpu_pipeline_task.cpp:188] [locality-audit] prepare_before pipeline_id=6 task_id=253 preferred_device=0 actual_gpu=0 target_tier=GPU target_device=0 input_bytes=53851544 local_bytes=53851544 remote_gpu_bytes=0 host_bytes=0 disk_bytes=0 batch_count=1
[2026-07-09 04:20:52.436] [info] [gpu_pipeline_task.cpp:188] [locality-audit] prepare_after pipeline_id=6 task_id=253 preferred_device=0 actual_gpu=0 target_tier=GPU target_device=0 input_bytes=53851544 local_bytes=53851544 remote_gpu_bytes=0 host_bytes=0 disk_bytes=0 batch_count=1
[2026-07-09 04:20:52.437] [info] [gpu_pipeline_task.cpp:321] [stage-audit] pipeline_id=6 task_id=253 operator_id=33 operator_name=PARTITION stage_kind=PARTITION operator_type=82 input_type=PIPELINEABLE output_type=PIPELINEABLE actual_gpu=0 pipeline_operator_count=1 input_batches=1 input_rows=6627875 input_columns=1 input_bytes=53851544 output_batches=2 output_rows=6627875 output_columns=2 output_bytes=53023000 byte_ratio=0.984614 row_ratio=1.000000 duration_us=1061
[2026-07-09 04:20:52.437] [info] [task_scheduler.cpp:462] [mgpu-audit] pipeline_task dispatched to GPU 0 task_id=258
[2026-07-09 04:20:52.437] [info] [task_scheduler.cpp:464] [locality-audit] dispatch task_id=258 preferred_device=0 actual_gpu=0
[2026-07-09 04:20:52.437] [info] [task_scheduler.cpp:462] [mgpu-audit] pipeline_task dispatched to GPU 1 task_id=259
[2026-07-09 04:20:52.437] [info] [task_scheduler.cpp:464] [locality-audit] dispatch task_id=259 preferred_device=1 actual_gpu=1
[2026-07-09 04:20:52.437] [info] [gpu_pipeline_task.cpp:188] [locality-audit] prepare_after pipeline_id=7 task_id=255 preferred_device=0 actual_gpu=0 target_tier=GPU target_device=0 input_bytes=82836400 local_bytes=82836400 remote_gpu_bytes=0 host_bytes=0 disk_bytes=0 batch_count=1
[2026-07-09 04:20:52.437] [info] [gpu_pipeline_task.cpp:321] [stage-audit] pipeline_id=7 task_id=255 operator_id=32 operator_name=CONCAT stage_kind=CONCAT operator_type=83 input_type=PARTITIONED output_type=PARTITIONED actual_gpu=0 pipeline_operator_count=1 input_batches=1 input_rows=10354550 input_columns=1 input_bytes=82836400 output_batches=1 output_rows=10354550 output_columns=1 output_bytes=82836400 byte_ratio=1.000000 row_ratio=1.000000 duration_us=4
[2026-07-09 04:20:52.438] [info] [gpu_pipeline_task.cpp:188] [locality-audit] prepare_before pipeline_id=7 task_id=259 preferred_device=1 actual_gpu=1 target_tier=GPU target_device=1 input_bytes=357862064 local_bytes=0 remote_gpu_bytes=275000992 host_bytes=82861072 disk_bytes=0 batch_count=5
[2026-07-09 04:20:52.441] [info] [gpu_pipeline_task.cpp:188] [locality-audit] prepare_after pipeline_id=7 task_id=250 preferred_device=0 actual_gpu=0 target_tier=GPU target_device=0 input_bytes=82837992 local_bytes=82837992 remote_gpu_bytes=0 host_bytes=0 disk_bytes=0 batch_count=1
[2026-07-09 04:20:52.441] [info] [gpu_pipeline_task.cpp:321] [stage-audit] pipeline_id=7 task_id=250 operator_id=32 operator_name=CONCAT stage_kind=CONCAT operator_type=83 input_type=PARTITIONED output_type=PARTITIONED actual_gpu=0 pipeline_operator_count=1 input_batches=1 input_rows=10354749 input_columns=1 input_bytes=82837992 output_batches=1 output_rows=10354749 output_columns=1 output_bytes=82837992 byte_ratio=1.000000 row_ratio=1.000000 duration_us=2
[2026-07-09 04:20:52.448] [warning] [downgrade_executor.cpp:335] [downgrade] [GPU:0] downgrade request not satisfied and disk memory space is not configured; data cannot be spilled to disk. Consider configuring a disk memory space to enable spilling.
[2026-07-09 04:20:52.448] [warning] [gpu_pipeline_executor.cpp:250] GPU Pipeline Executor: after downgrade (165674392 bytes freed), reservation still partial (641239424/984353395 bytes) for pipeline 7 task 254 -- proceeding with partial reservation
[2026-07-09 04:20:52.448] [info] [gpu_pipeline_task.cpp:188] [locality-audit] prepare_before pipeline_id=7 task_id=254 preferred_device=0 actual_gpu=0 target_tier=GPU target_device=0 input_bytes=496797296 local_bytes=0 remote_gpu_bytes=0 host_bytes=496797296 disk_bytes=0 batch_count=6
[2026-07-09 04:20:52.456] [info] [gpu_pipeline_task.cpp:188] [locality-audit] prepare_after pipeline_id=7 task_id=257 preferred_device=1 actual_gpu=1 target_tier=GPU target_device=1 input_bytes=82839016 local_bytes=82839016 remote_gpu_bytes=0 host_bytes=0 disk_bytes=0 batch_count=1
[2026-07-09 04:20:52.456] [info] [gpu_pipeline_task.cpp:321] [stage-audit] pipeline_id=7 task_id=257 operator_id=32 operator_name=CONCAT stage_kind=CONCAT operator_type=83 input_type=PARTITIONED output_type=PARTITIONED actual_gpu=1 pipeline_operator_count=1 input_batches=1 input_rows=10354877 input_columns=1 input_bytes=82839016 output_batches=1 output_rows=10354877 output_columns=1 output_bytes=82839016 byte_ratio=1.000000 row_ratio=1.000000 duration_us=3
[2026-07-09 04:20:52.465] [info] [gpu_pipeline_task.cpp:188] [locality-audit] prepare_after pipeline_id=7 task_id=256 preferred_device=1 actual_gpu=1 target_tier=GPU target_device=1 input_bytes=497227888 local_bytes=497227888 remote_gpu_bytes=0 host_bytes=0 disk_bytes=0 batch_count=6
[2026-07-09 04:20:52.467] [info] [gpu_pipeline_task.cpp:321] [stage-audit] pipeline_id=7 task_id=256 operator_id=32 operator_name=CONCAT stage_kind=CONCAT operator_type=83 input_type=PARTITIONED output_type=PARTITIONED actual_gpu=1 pipeline_operator_count=1 input_batches=6 input_rows=62153486 input_columns=6 input_bytes=497227888 output_batches=1 output_rows=62153486 output_columns=1 output_bytes=497227888 byte_ratio=1.000000 row_ratio=1.000000 duration_us=2664
[2026-07-09 04:20:52.470] [info] [gpu_pipeline_task.cpp:188] [locality-audit] prepare_after pipeline_id=7 task_id=254 preferred_device=0 actual_gpu=0 target_tier=GPU target_device=0 input_bytes=496797296 local_bytes=496797296 remote_gpu_bytes=0 host_bytes=0 disk_bytes=0 batch_count=6
[2026-07-09 04:20:52.471] [info] [gpu_pipeline_task.cpp:321] [stage-audit] pipeline_id=7 task_id=254 operator_id=32 operator_name=CONCAT stage_kind=CONCAT operator_type=83 input_type=PARTITIONED output_type=PARTITIONED actual_gpu=0 pipeline_operator_count=1 input_batches=6 input_rows=62099662 input_columns=6 input_bytes=496797296 output_batches=1 output_rows=62099662 output_columns=1 output_bytes=496797296 byte_ratio=1.000000 row_ratio=1.000000 duration_us=1573
[2026-07-09 04:20:52.492] [info] [gpu_pipeline_task.cpp:188] [locality-audit] prepare_before pipeline_id=7 task_id=249 preferred_device=0 actual_gpu=0 target_tier=GPU target_device=0 input_bytes=496764520 local_bytes=165546152 remote_gpu_bytes=165641240 host_bytes=165577128 disk_bytes=0 batch_count=6
[2026-07-09 04:20:52.492] [info] [gpu_pipeline_task.cpp:188] [locality-audit] prepare_before pipeline_id=7 task_id=258 preferred_device=0 actual_gpu=0 target_tier=GPU target_device=0 input_bytes=357913280 local_bytes=275093784 remote_gpu_bytes=0 host_bytes=82819496 disk_bytes=0 batch_count=5
[2026-07-09 04:20:52.494] [info] [gpu_pipeline_task.cpp:188] [locality-audit] prepare_after pipeline_id=7 task_id=259 preferred_device=1 actual_gpu=1 target_tier=GPU target_device=1 input_bytes=357862064 local_bytes=357862064 remote_gpu_bytes=0 host_bytes=0 disk_bytes=0 batch_count=5
[2026-07-09 04:20:52.495] [info] [gpu_pipeline_task.cpp:321] [stage-audit] pipeline_id=7 task_id=259 operator_id=32 operator_name=CONCAT stage_kind=CONCAT operator_type=83 input_type=PARTITIONED output_type=PARTITIONED actual_gpu=1 pipeline_operator_count=1 input_batches=5 input_rows=44732758 input_columns=5 input_bytes=357862064 output_batches=1 output_rows=44732758 output_columns=1 output_bytes=357862064 byte_ratio=1.000000 row_ratio=1.000000 duration_us=1399
[2026-07-09 04:20:52.499] [info] [gpu_pipeline_task.cpp:188] [locality-audit] prepare_after pipeline_id=7 task_id=258 preferred_device=0 actual_gpu=0 target_tier=GPU target_device=0 input_bytes=357913280 local_bytes=357913280 remote_gpu_bytes=0 host_bytes=0 disk_bytes=0 batch_count=5
[2026-07-09 04:20:52.500] [info] [gpu_pipeline_task.cpp:321] [stage-audit] pipeline_id=7 task_id=258 operator_id=32 operator_name=CONCAT stage_kind=CONCAT operator_type=83 input_type=PARTITIONED output_type=PARTITIONED actual_gpu=0 pipeline_operator_count=1 input_batches=5 input_rows=44739160 input_columns=5 input_bytes=357913280 output_batches=1 output_rows=44739160 output_columns=1 output_bytes=357913280 byte_ratio=1.000000 row_ratio=1.000000 duration_us=1170
[2026-07-09 04:20:52.510] [info] [gpu_pipeline_task.cpp:188] [locality-audit] prepare_after pipeline_id=7 task_id=249 preferred_device=0 actual_gpu=0 target_tier=GPU target_device=0 input_bytes=496764520 local_bytes=496764520 remote_gpu_bytes=0 host_bytes=0 disk_bytes=0 batch_count=6
[2026-07-09 04:20:52.514] [info] [gpu_pipeline_task.cpp:321] [stage-audit] pipeline_id=7 task_id=249 operator_id=32 operator_name=CONCAT stage_kind=CONCAT operator_type=83 input_type=PARTITIONED output_type=PARTITIONED actual_gpu=0 pipeline_operator_count=1 input_batches=6 input_rows=62095565 input_columns=6 input_bytes=496764520 output_batches=1 output_rows=62095565 output_columns=1 output_bytes=496764520 byte_ratio=1.000000 row_ratio=1.000000 duration_us=3418
[2026-07-09 04:20:52.514] [info] [task_scheduler.cpp:462] [mgpu-audit] pipeline_task dispatched to GPU 0 task_id=260
[2026-07-09 04:20:52.514] [info] [task_scheduler.cpp:464] [locality-audit] dispatch task_id=260 preferred_device=0 actual_gpu=0
[2026-07-09 04:20:52.514] [info] [task_scheduler.cpp:462] [mgpu-audit] pipeline_task dispatched to GPU 0 task_id=261
[2026-07-09 04:20:52.514] [info] [task_scheduler.cpp:464] [locality-audit] dispatch task_id=261 preferred_device=0 actual_gpu=0
[2026-07-09 04:20:52.514] [info] [task_scheduler.cpp:462] [mgpu-audit] pipeline_task dispatched to GPU 0 task_id=262
[2026-07-09 04:20:52.514] [info] [task_scheduler.cpp:464] [locality-audit] dispatch task_id=262 preferred_device=0 actual_gpu=0
[2026-07-09 04:20:52.514] [info] [task_scheduler.cpp:462] [mgpu-audit] pipeline_task dispatched to GPU 1 task_id=265
[2026-07-09 04:20:52.514] [info] [task_scheduler.cpp:464] [locality-audit] dispatch task_id=265 preferred_device=1 actual_gpu=1
[2026-07-09 04:20:52.514] [info] [task_scheduler.cpp:462] [mgpu-audit] pipeline_task dispatched to GPU 1 task_id=266
[2026-07-09 04:20:52.514] [info] [task_scheduler.cpp:464] [locality-audit] dispatch task_id=266 preferred_device=1 actual_gpu=1
[2026-07-09 04:20:52.514] [info] [task_scheduler.cpp:462] [mgpu-audit] pipeline_task dispatched to GPU 1 task_id=267
[2026-07-09 04:20:52.514] [info] [task_scheduler.cpp:464] [locality-audit] dispatch task_id=267 preferred_device=1 actual_gpu=1
[2026-07-09 04:20:52.514] [info] [gpu_pipeline_task.cpp:188] [locality-audit] prepare_before pipeline_id=8 task_id=265 preferred_device=1 actual_gpu=1 target_tier=GPU target_device=1 input_bytes=105789200 local_bytes=0 remote_gpu_bytes=0 host_bytes=105789200 disk_bytes=0 batch_count=2
[2026-07-09 04:20:52.514] [info] [task_scheduler.cpp:462] [mgpu-audit] pipeline_task dispatched to GPU 1 task_id=268
[2026-07-09 04:20:52.514] [info] [task_scheduler.cpp:464] [locality-audit] dispatch task_id=268 preferred_device=1 actual_gpu=1
[2026-07-09 04:20:52.514] [info] [task_scheduler.cpp:462] [mgpu-audit] pipeline_task dispatched to GPU 0 task_id=263
[2026-07-09 04:20:52.514] [info] [task_scheduler.cpp:464] [locality-audit] dispatch task_id=263 preferred_device=0 actual_gpu=0
[2026-07-09 04:20:52.514] [info] [task_scheduler.cpp:462] [mgpu-audit] pipeline_task dispatched to GPU 0 task_id=264
[2026-07-09 04:20:52.514] [info] [task_scheduler.cpp:464] [locality-audit] dispatch task_id=264 preferred_device=0 actual_gpu=0
[2026-07-09 04:20:52.514] [info] [gpu_pipeline_task.cpp:188] [locality-audit] prepare_before pipeline_id=8 task_id=260 preferred_device=0 actual_gpu=0 target_tier=GPU target_device=0 input_bytes=105796216 local_bytes=0 remote_gpu_bytes=0 host_bytes=105796216 disk_bytes=0 batch_count=2
[2026-07-09 04:20:52.514] [info] [gpu_pipeline_task.cpp:188] [locality-audit] prepare_before pipeline_id=8 task_id=261 preferred_device=0 actual_gpu=0 target_tier=GPU target_device=0 input_bytes=105797808 local_bytes=0 remote_gpu_bytes=0 host_bytes=105797808 disk_bytes=0 batch_count=2
[2026-07-09 04:20:52.518] [info] [gpu_pipeline_task.cpp:188] [locality-audit] prepare_after pipeline_id=8 task_id=265 preferred_device=1 actual_gpu=1 target_tier=GPU target_device=1 input_bytes=105789200 local_bytes=105789200 remote_gpu_bytes=0 host_bytes=0 disk_bytes=0 batch_count=2
[2026-07-09 04:20:52.522] [info] [gpu_pipeline_task.cpp:188] [locality-audit] prepare_after pipeline_id=8 task_id=261 preferred_device=0 actual_gpu=0 target_tier=GPU target_device=0 input_bytes=105797808 local_bytes=105797808 remote_gpu_bytes=0 host_bytes=0 disk_bytes=0 batch_count=2
[2026-07-09 04:20:52.522] [info] [gpu_pipeline_task.cpp:188] [locality-audit] prepare_after pipeline_id=8 task_id=260 preferred_device=0 actual_gpu=0 target_tier=GPU target_device=0 input_bytes=105796216 local_bytes=105796216 remote_gpu_bytes=0 host_bytes=0 disk_bytes=0 batch_count=2
[2026-07-09 04:20:52.522] [info] [gpu_pipeline_task.cpp:321] [stage-audit] pipeline_id=8 task_id=265 operator_id=16 operator_name=HASH_JOIN stage_kind=JOIN operator_type=33 input_type=PARTITIONED output_type=PIPELINEABLE actual_gpu=1 pipeline_operator_count=2 input_batches=2 input_rows=13223650 input_columns=2 input_bytes=105789200 output_batches=1 output_rows=393951 output_columns=2 output_bytes=6303216 byte_ratio=0.059583 row_ratio=0.029791 duration_us=3867
[2026-07-09 04:20:52.522] [info] [gpu_pipeline_task.cpp:321] [stage-audit] pipeline_id=8 task_id=265 operator_id=17 operator_name=PROJECTION stage_kind=PROJECTION operator_type=13 input_type=PIPELINEABLE output_type=PIPELINEABLE actual_gpu=1 pipeline_operator_count=2 input_batches=1 input_rows=393951 input_columns=2 input_bytes=6303216 output_batches=1 output_rows=393951 output_columns=1 output_bytes=3151608 byte_ratio=0.500000 row_ratio=1.000000 duration_us=4
[2026-07-09 04:20:52.530] [info] [gpu_pipeline_task.cpp:321] [stage-audit] pipeline_id=8 task_id=261 operator_id=16 operator_name=HASH_JOIN stage_kind=JOIN operator_type=33 input_type=PARTITIONED output_type=PIPELINEABLE actual_gpu=0 pipeline_operator_count=2 input_batches=2 input_rows=13224726 input_columns=2 input_bytes=105797808 output_batches=1 output_rows=396202 output_columns=2 output_bytes=6339232 byte_ratio=0.059918 row_ratio=0.029959 duration_us=7827
[2026-07-09 04:20:52.530] [info] [gpu_pipeline_task.cpp:321] [stage-audit] pipeline_id=8 task_id=261 operator_id=17 operator_name=PROJECTION stage_kind=PROJECTION operator_type=13 input_type=PIPELINEABLE output_type=PIPELINEABLE actual_gpu=0 pipeline_operator_count=2 input_batches=1 input_rows=396202 input_columns=2 input_bytes=6339232 output_batches=1 output_rows=396202 output_columns=1 output_bytes=3169616 byte_ratio=0.500000 row_ratio=1.000000 duration_us=6
[2026-07-09 04:20:52.530] [info] [gpu_pipeline_task.cpp:321] [stage-audit] pipeline_id=8 task_id=260 operator_id=16 operator_name=HASH_JOIN stage_kind=JOIN operator_type=33 input_type=PARTITIONED output_type=PIPELINEABLE actual_gpu=0 pipeline_operator_count=2 input_batches=2 input_rows=13224527 input_columns=2 input_bytes=105796216 output_batches=1 output_rows=397129 output_columns=2 output_bytes=6354064 byte_ratio=0.060059 row_ratio=0.030030 duration_us=7885
[2026-07-09 04:20:52.530] [info] [gpu_pipeline_task.cpp:321] [stage-audit] pipeline_id=8 task_id=260 operator_id=17 operator_name=PROJECTION stage_kind=PROJECTION operator_type=13 input_type=PIPELINEABLE output_type=PIPELINEABLE actual_gpu=0 pipeline_operator_count=2 input_batches=1 input_rows=397129 input_columns=2 input_bytes=6354064 output_batches=1 output_rows=397129 output_columns=1 output_bytes=3177032 byte_ratio=0.500000 row_ratio=1.000000 duration_us=3
[2026-07-09 04:20:52.530] [warning] [downgrade_executor.cpp:335] [downgrade] [GPU:0] downgrade request not satisfied and disk memory space is not configured; data cannot be spilled to disk. Consider configuring a disk memory space to enable spilling.
[2026-07-09 04:20:52.531] [warning] [gpu_pipeline_executor.cpp:250] GPU Pipeline Executor: after downgrade (6346648 bytes freed), reservation still partial (644932224/1559271336 bytes) for pipeline 8 task 262 -- proceeding with partial reservation
[2026-07-09 04:20:52.531] [info] [gpu_pipeline_task.cpp:188] [locality-audit] prepare_before pipeline_id=8 task_id=262 preferred_device=0 actual_gpu=0 target_tier=GPU target_device=0 input_bytes=519757112 local_bytes=22959816 remote_gpu_bytes=0 host_bytes=496797296 disk_bytes=0 batch_count=2
[2026-07-09 04:20:52.537] [warning] [downgrade_executor.cpp:335] [downgrade] [GPU:1] downgrade request not satisfied and disk memory space is not configured; data cannot be spilled to disk. Consider configuring a disk memory space to enable spilling.
[2026-07-09 04:20:52.538] [warning] [gpu_pipeline_executor.cpp:250] GPU Pipeline Executor: after downgrade (383963464 bytes freed), reservation still partial (946029440/1559651160 bytes) for pipeline 8 task 266 -- proceeding with partial reservation
[2026-07-09 04:20:52.538] [info] [task_scheduler.cpp:462] [mgpu-audit] pipeline_task dispatched to GPU 1 task_id=269
[2026-07-09 04:20:52.538] [info] [task_scheduler.cpp:464] [locality-audit] dispatch task_id=269 preferred_device=1 actual_gpu=1
[2026-07-09 04:20:52.538] [info] [gpu_pipeline_task.cpp:188] [locality-audit] prepare_before pipeline_id=8 task_id=266 preferred_device=1 actual_gpu=1 target_tier=GPU target_device=1 input_bytes=519883720 local_bytes=0 remote_gpu_bytes=0 host_bytes=519883720 disk_bytes=0 batch_count=2
[2026-07-09 04:20:52.553] [info] [gpu_pipeline_task.cpp:188] [locality-audit] prepare_after pipeline_id=8 task_id=262 preferred_device=0 actual_gpu=0 target_tier=GPU target_device=0 input_bytes=519757112 local_bytes=519757112 remote_gpu_bytes=0 host_bytes=0 disk_bytes=0 batch_count=2
[2026-07-09 04:20:52.561] [info] [gpu_pipeline_task.cpp:188] [locality-audit] prepare_after pipeline_id=8 task_id=266 preferred_device=1 actual_gpu=1 target_tier=GPU target_device=1 input_bytes=519883720 local_bytes=519883720 remote_gpu_bytes=0 host_bytes=0 disk_bytes=0 batch_count=2
[2026-07-09 04:20:52.571] [info] [gpu_pipeline_task.cpp:321] [stage-audit] pipeline_id=8 task_id=262 operator_id=16 operator_name=HASH_JOIN stage_kind=JOIN operator_type=33 input_type=PARTITIONED output_type=PIPELINEABLE actual_gpu=0 pipeline_operator_count=2 input_batches=2 input_rows=64969639 input_columns=2 input_bytes=519757112 output_batches=1 output_rows=2376866 output_columns=2 output_bytes=38029856 byte_ratio=0.073169 row_ratio=0.036584 duration_us=18005
[2026-07-09 04:20:52.571] [info] [gpu_pipeline_task.cpp:321] [stage-audit] pipeline_id=8 task_id=262 operator_id=17 operator_name=PROJECTION stage_kind=PROJECTION operator_type=13 input_type=PIPELINEABLE output_type=PIPELINEABLE actual_gpu=0 pipeline_operator_count=2 input_batches=1 input_rows=2376866 input_columns=2 input_bytes=38029856 output_batches=1 output_rows=2376866 output_columns=1 output_bytes=19014928 byte_ratio=0.500000 row_ratio=1.000000 duration_us=4
[2026-07-09 04:20:52.572] [info] [gpu_pipeline_task.cpp:188] [locality-audit] prepare_before pipeline_id=8 task_id=264 preferred_device=0 actual_gpu=0 target_tier=GPU target_device=0 input_bytes=519724336 local_bytes=519724336 remote_gpu_bytes=0 host_bytes=0 disk_bytes=0 batch_count=2
[2026-07-09 04:20:52.572] [info] [gpu_pipeline_task.cpp:188] [locality-audit] prepare_before pipeline_id=8 task_id=263 preferred_device=0 actual_gpu=0 target_tier=GPU target_device=0 input_bytes=380873096 local_bytes=380873096 remote_gpu_bytes=0 host_bytes=0 disk_bytes=0 batch_count=2
[2026-07-09 04:20:52.572] [info] [gpu_pipeline_task.cpp:188] [locality-audit] prepare_after pipeline_id=8 task_id=264 preferred_device=0 actual_gpu=0 target_tier=GPU target_device=0 input_bytes=519724336 local_bytes=519724336 remote_gpu_bytes=0 host_bytes=0 disk_bytes=0 batch_count=2
[2026-07-09 04:20:52.572] [info] [gpu_pipeline_task.cpp:188] [locality-audit] prepare_after pipeline_id=8 task_id=263 preferred_device=0 actual_gpu=0 target_tier=GPU target_device=0 input_bytes=380873096 local_bytes=380873096 remote_gpu_bytes=0 host_bytes=0 disk_bytes=0 batch_count=2
[2026-07-09 04:20:52.578] [info] [gpu_pipeline_task.cpp:321] [stage-audit] pipeline_id=8 task_id=266 operator_id=16 operator_name=HASH_JOIN stage_kind=JOIN operator_type=33 input_type=PARTITIONED output_type=PIPELINEABLE actual_gpu=1 pipeline_operator_count=2 input_batches=2 input_rows=64985465 input_columns=2 input_bytes=519883720 output_batches=1 output_rows=2377105 output_columns=2 output_bytes=38033680 byte_ratio=0.073158 row_ratio=0.036579 duration_us=16870
[2026-07-09 04:20:52.578] [info] [gpu_pipeline_task.cpp:321] [stage-audit] pipeline_id=8 task_id=266 operator_id=17 operator_name=PROJECTION stage_kind=PROJECTION operator_type=13 input_type=PIPELINEABLE output_type=PIPELINEABLE actual_gpu=1 pipeline_operator_count=2 input_batches=1 input_rows=2377105 input_columns=2 input_bytes=38033680 output_batches=1 output_rows=2377105 output_columns=1 output_bytes=19016840 byte_ratio=0.500000 row_ratio=1.000000 duration_us=3
[2026-07-09 04:20:52.578] [info] [gpu_pipeline_task.cpp:188] [locality-audit] prepare_before pipeline_id=8 task_id=267 preferred_device=1 actual_gpu=1 target_tier=GPU target_device=1 input_bytes=105788808 local_bytes=105788808 remote_gpu_bytes=0 host_bytes=0 disk_bytes=0 batch_count=2
[2026-07-09 04:20:52.578] [info] [gpu_pipeline_task.cpp:188] [locality-audit] prepare_before pipeline_id=8 task_id=269 preferred_device=1 actual_gpu=1 target_tier=GPU target_device=1 input_bytes=380811856 local_bytes=22949792 remote_gpu_bytes=0 host_bytes=357862064 disk_bytes=0 batch_count=2
[2026-07-09 04:20:52.578] [info] [gpu_pipeline_task.cpp:188] [locality-audit] prepare_before pipeline_id=8 task_id=268 preferred_device=1 actual_gpu=1 target_tier=GPU target_device=1 input_bytes=520177680 local_bytes=520177680 remote_gpu_bytes=0 host_bytes=0 disk_bytes=0 batch_count=2
[2026-07-09 04:20:52.578] [info] [gpu_pipeline_task.cpp:188] [locality-audit] prepare_after pipeline_id=8 task_id=267 preferred_device=1 actual_gpu=1 target_tier=GPU target_device=1 input_bytes=105788808 local_bytes=105788808 remote_gpu_bytes=0 host_bytes=0 disk_bytes=0 batch_count=2
[2026-07-09 04:20:52.578] [info] [gpu_pipeline_task.cpp:188] [locality-audit] prepare_after pipeline_id=8 task_id=268 preferred_device=1 actual_gpu=1 target_tier=GPU target_device=1 input_bytes=520177680 local_bytes=520177680 remote_gpu_bytes=0 host_bytes=0 disk_bytes=0 batch_count=2
[2026-07-09 04:20:52.599] [info] [gpu_pipeline_task.cpp:321] [stage-audit] pipeline_id=8 task_id=267 operator_id=16 operator_name=HASH_JOIN stage_kind=JOIN operator_type=33 input_type=PARTITIONED output_type=PIPELINEABLE actual_gpu=1 pipeline_operator_count=2 input_batches=2 input_rows=13223601 input_columns=2 input_bytes=105788808 output_batches=1 output_rows=395351 output_columns=2 output_bytes=6325616 byte_ratio=0.059795 row_ratio=0.029897 duration_us=20523
[2026-07-09 04:20:52.599] [info] [gpu_pipeline_task.cpp:321] [stage-audit] pipeline_id=8 task_id=267 operator_id=17 operator_name=PROJECTION stage_kind=PROJECTION operator_type=13 input_type=PIPELINEABLE output_type=PIPELINEABLE actual_gpu=1 pipeline_operator_count=2 input_batches=1 input_rows=395351 input_columns=2 input_bytes=6325616 output_batches=1 output_rows=395351 output_columns=1 output_bytes=3162808 byte_ratio=0.500000 row_ratio=1.000000 duration_us=8
[2026-07-09 04:20:52.599] [info] [gpu_pipeline_task.cpp:188] [locality-audit] prepare_after pipeline_id=8 task_id=269 preferred_device=1 actual_gpu=1 target_tier=GPU target_device=1 input_bytes=380811856 local_bytes=380811856 remote_gpu_bytes=0 host_bytes=0 disk_bytes=0 batch_count=2
[2026-07-09 04:20:52.599] [info] [gpu_pipeline_task.cpp:321] [stage-audit] pipeline_id=8 task_id=268 operator_id=16 operator_name=HASH_JOIN stage_kind=JOIN operator_type=33 input_type=PARTITIONED output_type=PIPELINEABLE actual_gpu=1 pipeline_operator_count=2 input_batches=2 input_rows=65022210 input_columns=2 input_bytes=520177680 output_batches=1 output_rows=2376524 output_columns=2 output_bytes=38024384 byte_ratio=0.073099 row_ratio=0.036549 duration_us=20951
[2026-07-09 04:20:52.599] [info] [gpu_pipeline_task.cpp:321] [stage-audit] pipeline_id=8 task_id=268 operator_id=17 operator_name=PROJECTION stage_kind=PROJECTION operator_type=13 input_type=PIPELINEABLE output_type=PIPELINEABLE actual_gpu=1 pipeline_operator_count=2 input_batches=1 input_rows=2376524 input_columns=2 input_bytes=38024384 output_batches=1 output_rows=2376524 output_columns=1 output_bytes=19012192 byte_ratio=0.500000 row_ratio=1.000000 duration_us=5
[2026-07-09 04:20:52.603] [info] [gpu_pipeline_task.cpp:321] [stage-audit] pipeline_id=8 task_id=264 operator_id=16 operator_name=HASH_JOIN stage_kind=JOIN operator_type=33 input_type=PARTITIONED output_type=PIPELINEABLE actual_gpu=0 pipeline_operator_count=2 input_batches=2 input_rows=64965542 input_columns=2 input_bytes=519724336 output_batches=1 output_rows=2378691 output_columns=2 output_bytes=38059056 byte_ratio=0.073229 row_ratio=0.036615 duration_us=30905
[2026-07-09 04:20:52.603] [info] [gpu_pipeline_task.cpp:321] [stage-audit] pipeline_id=8 task_id=263 operator_id=16 operator_name=HASH_JOIN stage_kind=JOIN operator_type=33 input_type=PARTITIONED output_type=PIPELINEABLE actual_gpu=0 pipeline_operator_count=2 input_batches=2 input_rows=47609137 input_columns=2 input_bytes=380873096 output_batches=1 output_rows=1713736 output_columns=2 output_bytes=27419776 byte_ratio=0.071992 row_ratio=0.035996 duration_us=30891
[2026-07-09 04:20:52.603] [info] [gpu_pipeline_task.cpp:321] [stage-audit] pipeline_id=8 task_id=263 operator_id=17 operator_name=PROJECTION stage_kind=PROJECTION operator_type=13 input_type=PIPELINEABLE output_type=PIPELINEABLE actual_gpu=0 pipeline_operator_count=2 input_batches=1 input_rows=1713736 input_columns=2 input_bytes=27419776 output_batches=1 output_rows=1713736 output_columns=1 output_bytes=13709888 byte_ratio=0.500000 row_ratio=1.000000 duration_us=5
[2026-07-09 04:20:52.603] [info] [gpu_pipeline_task.cpp:321] [stage-audit] pipeline_id=8 task_id=264 operator_id=17 operator_name=PROJECTION stage_kind=PROJECTION operator_type=13 input_type=PIPELINEABLE output_type=PIPELINEABLE actual_gpu=0 pipeline_operator_count=2 input_batches=1 input_rows=2378691 input_columns=2 input_bytes=38059056 output_batches=1 output_rows=2378691 output_columns=1 output_bytes=19029528 byte_ratio=0.500000 row_ratio=1.000000 duration_us=20
[2026-07-09 04:20:52.613] [info] [gpu_pipeline_task.cpp:321] [stage-audit] pipeline_id=8 task_id=269 operator_id=16 operator_name=HASH_JOIN stage_kind=JOIN operator_type=33 input_type=PARTITIONED output_type=PIPELINEABLE actual_gpu=1 pipeline_operator_count=2 input_batches=2 input_rows=47601482 input_columns=2 input_bytes=380811856 output_batches=1 output_rows=1715185 output_columns=2 output_bytes=27442960 byte_ratio=0.072064 row_ratio=0.036032 duration_us=13354
[2026-07-09 04:20:52.613] [info] [gpu_pipeline_task.cpp:321] [stage-audit] pipeline_id=8 task_id=269 operator_id=17 operator_name=PROJECTION stage_kind=PROJECTION operator_type=13 input_type=PIPELINEABLE output_type=PIPELINEABLE actual_gpu=1 pipeline_operator_count=2 input_batches=1 input_rows=1715185 input_columns=2 input_bytes=27442960 output_batches=1 output_rows=1715185 output_columns=1 output_bytes=13721480 byte_ratio=0.500000 row_ratio=1.000000 duration_us=2
[2026-07-09 04:20:52.613] [info] [task_creator.cpp:363] [locality-audit] task_create operator_id=35 input_bytes=3151608 local_bytes=0 gpu_source_bytes=0 host_source_bytes=3151608 disk_source_bytes=0 gpu_sources=0 host_sources=1 preferred_device=0
[2026-07-09 04:20:52.613] [info] [task_creator.cpp:363] [locality-audit] task_create operator_id=35 input_bytes=3169616 local_bytes=0 gpu_source_bytes=0 host_source_bytes=3169616 disk_source_bytes=0 gpu_sources=0 host_sources=1 preferred_device=1
[2026-07-09 04:20:52.613] [info] [task_creator.cpp:363] [locality-audit] task_create operator_id=35 input_bytes=3177032 local_bytes=0 gpu_source_bytes=0 host_source_bytes=3177032 disk_source_bytes=0 gpu_sources=0 host_sources=1 preferred_device=0
[2026-07-09 04:20:52.613] [info] [task_creator.cpp:363] [locality-audit] task_create operator_id=35 input_bytes=19014928 local_bytes=19014928 gpu_source_bytes=19014928 host_source_bytes=0 disk_source_bytes=0 gpu_sources=1 host_sources=0 preferred_device=0
[2026-07-09 04:20:52.613] [info] [task_creator.cpp:363] [locality-audit] task_create operator_id=35 input_bytes=19016840 local_bytes=19016840 gpu_source_bytes=19016840 host_source_bytes=0 disk_source_bytes=0 gpu_sources=1 host_sources=0 preferred_device=1
[2026-07-09 04:20:52.613] [info] [task_creator.cpp:363] [locality-audit] task_create operator_id=35 input_bytes=3162808 local_bytes=3162808 gpu_source_bytes=3162808 host_source_bytes=0 disk_source_bytes=0 gpu_sources=1 host_sources=0 preferred_device=1
[2026-07-09 04:20:52.613] [info] [task_creator.cpp:363] [locality-audit] task_create operator_id=35 input_bytes=19012192 local_bytes=19012192 gpu_source_bytes=19012192 host_source_bytes=0 disk_source_bytes=0 gpu_sources=1 host_sources=0 preferred_device=1
[2026-07-09 04:20:52.613] [info] [task_scheduler.cpp:462] [mgpu-audit] pipeline_task dispatched to GPU 0 task_id=270
[2026-07-09 04:20:52.613] [info] [task_scheduler.cpp:464] [locality-audit] dispatch task_id=270 preferred_device=0 actual_gpu=0
[2026-07-09 04:20:52.613] [info] [task_creator.cpp:363] [locality-audit] task_create operator_id=35 input_bytes=13709888 local_bytes=13709888 gpu_source_bytes=13709888 host_source_bytes=0 disk_source_bytes=0 gpu_sources=1 host_sources=0 preferred_device=0
[2026-07-09 04:20:52.613] [info] [task_scheduler.cpp:462] [mgpu-audit] pipeline_task dispatched to GPU 0 task_id=272
[2026-07-09 04:20:52.613] [info] [task_scheduler.cpp:464] [locality-audit] dispatch task_id=272 preferred_device=0 actual_gpu=0
[2026-07-09 04:20:52.613] [info] [task_creator.cpp:363] [locality-audit] task_create operator_id=35 input_bytes=19029528 local_bytes=19029528 gpu_source_bytes=19029528 host_source_bytes=0 disk_source_bytes=0 gpu_sources=1 host_sources=0 preferred_device=0
[2026-07-09 04:20:52.613] [info] [task_scheduler.cpp:462] [mgpu-audit] pipeline_task dispatched to GPU 0 task_id=273
[2026-07-09 04:20:52.613] [info] [task_scheduler.cpp:464] [locality-audit] dispatch task_id=273 preferred_device=0 actual_gpu=0
[2026-07-09 04:20:52.613] [info] [task_scheduler.cpp:462] [mgpu-audit] pipeline_task dispatched to GPU 1 task_id=271
[2026-07-09 04:20:52.613] [info] [task_scheduler.cpp:464] [locality-audit] dispatch task_id=271 preferred_device=1 actual_gpu=1
[2026-07-09 04:20:52.613] [info] [task_creator.cpp:363] [locality-audit] task_create operator_id=35 input_bytes=13721480 local_bytes=13721480 gpu_source_bytes=13721480 host_source_bytes=0 disk_source_bytes=0 gpu_sources=1 host_sources=0 preferred_device=1
[2026-07-09 04:20:52.613] [info] [task_scheduler.cpp:462] [mgpu-audit] pipeline_task dispatched to GPU 1 task_id=274
[2026-07-09 04:20:52.613] [info] [task_scheduler.cpp:464] [locality-audit] dispatch task_id=274 preferred_device=1 actual_gpu=1
[2026-07-09 04:20:52.613] [info] [task_scheduler.cpp:462] [mgpu-audit] pipeline_task dispatched to GPU 1 task_id=275
[2026-07-09 04:20:52.613] [info] [task_scheduler.cpp:464] [locality-audit] dispatch task_id=275 preferred_device=1 actual_gpu=1
[2026-07-09 04:20:52.613] [info] [task_scheduler.cpp:462] [mgpu-audit] pipeline_task dispatched to GPU 1 task_id=276
[2026-07-09 04:20:52.613] [info] [task_scheduler.cpp:464] [locality-audit] dispatch task_id=276 preferred_device=1 actual_gpu=1
[2026-07-09 04:20:52.613] [info] [task_scheduler.cpp:462] [mgpu-audit] pipeline_task dispatched to GPU 1 task_id=279
[2026-07-09 04:20:52.613] [info] [task_scheduler.cpp:464] [locality-audit] dispatch task_id=279 preferred_device=1 actual_gpu=1
[2026-07-09 04:20:52.613] [info] [gpu_pipeline_task.cpp:188] [locality-audit] prepare_before pipeline_id=9 task_id=271 preferred_device=1 actual_gpu=1 target_tier=GPU target_device=1 input_bytes=3169616 local_bytes=0 remote_gpu_bytes=0 host_bytes=3169616 disk_bytes=0 batch_count=1
[2026-07-09 04:20:52.613] [info] [task_scheduler.cpp:462] [mgpu-audit] pipeline_task dispatched to GPU 0 task_id=277
[2026-07-09 04:20:52.613] [info] [task_scheduler.cpp:464] [locality-audit] dispatch task_id=277 preferred_device=0 actual_gpu=0
[2026-07-09 04:20:52.613] [info] [task_scheduler.cpp:462] [mgpu-audit] pipeline_task dispatched to GPU 0 task_id=278
[2026-07-09 04:20:52.613] [info] [task_scheduler.cpp:464] [locality-audit] dispatch task_id=278 preferred_device=0 actual_gpu=0
[2026-07-09 04:20:52.613] [info] [gpu_pipeline_task.cpp:188] [locality-audit] prepare_before pipeline_id=9 task_id=275 preferred_device=1 actual_gpu=1 target_tier=GPU target_device=1 input_bytes=3162808 local_bytes=3162808 remote_gpu_bytes=0 host_bytes=0 disk_bytes=0 batch_count=1
[2026-07-09 04:20:52.613] [info] [gpu_pipeline_task.cpp:188] [locality-audit] prepare_before pipeline_id=9 task_id=270 preferred_device=0 actual_gpu=0 target_tier=GPU target_device=0 input_bytes=3151608 local_bytes=0 remote_gpu_bytes=0 host_bytes=3151608 disk_bytes=0 batch_count=1
[2026-07-09 04:20:52.613] [info] [gpu_pipeline_task.cpp:188] [locality-audit] prepare_before pipeline_id=9 task_id=272 preferred_device=0 actual_gpu=0 target_tier=GPU target_device=0 input_bytes=3177032 local_bytes=0 remote_gpu_bytes=0 host_bytes=3177032 disk_bytes=0 batch_count=1
[2026-07-09 04:20:52.613] [info] [gpu_pipeline_task.cpp:188] [locality-audit] prepare_after pipeline_id=9 task_id=275 preferred_device=1 actual_gpu=1 target_tier=GPU target_device=1 input_bytes=3162808 local_bytes=3162808 remote_gpu_bytes=0 host_bytes=0 disk_bytes=0 batch_count=1
[2026-07-09 04:20:52.613] [info] [gpu_pipeline_task.cpp:188] [locality-audit] prepare_after pipeline_id=9 task_id=271 preferred_device=1 actual_gpu=1 target_tier=GPU target_device=1 input_bytes=3169616 local_bytes=3169616 remote_gpu_bytes=0 host_bytes=0 disk_bytes=0 batch_count=1
[2026-07-09 04:20:52.613] [info] [gpu_pipeline_task.cpp:188] [locality-audit] prepare_before pipeline_id=9 task_id=273 preferred_device=0 actual_gpu=0 target_tier=GPU target_device=0 input_bytes=19014928 local_bytes=19014928 remote_gpu_bytes=0 host_bytes=0 disk_bytes=0 batch_count=1
[2026-07-09 04:20:52.613] [info] [gpu_pipeline_task.cpp:188] [locality-audit] prepare_before pipeline_id=9 task_id=274 preferred_device=1 actual_gpu=1 target_tier=GPU target_device=1 input_bytes=19016840 local_bytes=19016840 remote_gpu_bytes=0 host_bytes=0 disk_bytes=0 batch_count=1
[2026-07-09 04:20:52.613] [info] [gpu_pipeline_task.cpp:188] [locality-audit] prepare_before pipeline_id=9 task_id=277 preferred_device=0 actual_gpu=0 target_tier=GPU target_device=0 input_bytes=13709888 local_bytes=13709888 remote_gpu_bytes=0 host_bytes=0 disk_bytes=0 batch_count=1
[2026-07-09 04:20:52.613] [info] [gpu_pipeline_task.cpp:188] [locality-audit] prepare_before pipeline_id=9 task_id=276 preferred_device=1 actual_gpu=1 target_tier=GPU target_device=1 input_bytes=19012192 local_bytes=19012192 remote_gpu_bytes=0 host_bytes=0 disk_bytes=0 batch_count=1
[2026-07-09 04:20:52.614] [info] [gpu_pipeline_task.cpp:188] [locality-audit] prepare_after pipeline_id=9 task_id=277 preferred_device=0 actual_gpu=0 target_tier=GPU target_device=0 input_bytes=13709888 local_bytes=13709888 remote_gpu_bytes=0 host_bytes=0 disk_bytes=0 batch_count=1
[2026-07-09 04:20:52.614] [info] [gpu_pipeline_task.cpp:188] [locality-audit] prepare_after pipeline_id=9 task_id=273 preferred_device=0 actual_gpu=0 target_tier=GPU target_device=0 input_bytes=19014928 local_bytes=19014928 remote_gpu_bytes=0 host_bytes=0 disk_bytes=0 batch_count=1
[2026-07-09 04:20:52.614] [info] [gpu_pipeline_task.cpp:188] [locality-audit] prepare_after pipeline_id=9 task_id=274 preferred_device=1 actual_gpu=1 target_tier=GPU target_device=1 input_bytes=19016840 local_bytes=19016840 remote_gpu_bytes=0 host_bytes=0 disk_bytes=0 batch_count=1
[2026-07-09 04:20:52.614] [info] [gpu_pipeline_task.cpp:188] [locality-audit] prepare_after pipeline_id=9 task_id=276 preferred_device=1 actual_gpu=1 target_tier=GPU target_device=1 input_bytes=19012192 local_bytes=19012192 remote_gpu_bytes=0 host_bytes=0 disk_bytes=0 batch_count=1
[2026-07-09 04:20:52.614] [info] [gpu_pipeline_task.cpp:188] [locality-audit] prepare_after pipeline_id=9 task_id=270 preferred_device=0 actual_gpu=0 target_tier=GPU target_device=0 input_bytes=3151608 local_bytes=3151608 remote_gpu_bytes=0 host_bytes=0 disk_bytes=0 batch_count=1
[2026-07-09 04:20:52.614] [info] [gpu_pipeline_task.cpp:321] [stage-audit] pipeline_id=9 task_id=275 operator_id=35 operator_name=PARTITION stage_kind=PARTITION operator_type=82 input_type=PIPELINEABLE output_type=PIPELINEABLE actual_gpu=1 pipeline_operator_count=1 input_batches=1 input_rows=395351 input_columns=1 input_bytes=3162808 output_batches=2 output_rows=395351 output_columns=2 output_bytes=3162808 byte_ratio=1.000000 row_ratio=1.000000 duration_us=511
[2026-07-09 04:20:52.614] [info] [gpu_pipeline_task.cpp:188] [locality-audit] prepare_after pipeline_id=9 task_id=272 preferred_device=0 actual_gpu=0 target_tier=GPU target_device=0 input_bytes=3177032 local_bytes=3177032 remote_gpu_bytes=0 host_bytes=0 disk_bytes=0 batch_count=1
[2026-07-09 04:20:52.614] [info] [gpu_pipeline_task.cpp:188] [locality-audit] prepare_before pipeline_id=9 task_id=279 preferred_device=1 actual_gpu=1 target_tier=GPU target_device=1 input_bytes=13721480 local_bytes=13721480 remote_gpu_bytes=0 host_bytes=0 disk_bytes=0 batch_count=1
[2026-07-09 04:20:52.614] [info] [gpu_pipeline_task.cpp:188] [locality-audit] prepare_after pipeline_id=9 task_id=279 preferred_device=1 actual_gpu=1 target_tier=GPU target_device=1 input_bytes=13721480 local_bytes=13721480 remote_gpu_bytes=0 host_bytes=0 disk_bytes=0 batch_count=1
[2026-07-09 04:20:52.615] [info] [gpu_pipeline_task.cpp:321] [stage-audit] pipeline_id=9 task_id=271 operator_id=35 operator_name=PARTITION stage_kind=PARTITION operator_type=82 input_type=PIPELINEABLE output_type=PIPELINEABLE actual_gpu=1 pipeline_operator_count=1 input_batches=1 input_rows=396202 input_columns=1 input_bytes=3169616 output_batches=2 output_rows=396202 output_columns=2 output_bytes=3169616 byte_ratio=1.000000 row_ratio=1.000000 duration_us=1224
[2026-07-09 04:20:52.615] [info] [gpu_pipeline_task.cpp:321] [stage-audit] pipeline_id=9 task_id=270 operator_id=35 operator_name=PARTITION stage_kind=PARTITION operator_type=82 input_type=PIPELINEABLE output_type=PIPELINEABLE actual_gpu=0 pipeline_operator_count=1 input_batches=1 input_rows=393951 input_columns=1 input_bytes=3151608 output_batches=2 output_rows=393951 output_columns=2 output_bytes=3151608 byte_ratio=1.000000 row_ratio=1.000000 duration_us=1057
[2026-07-09 04:20:52.615] [info] [gpu_pipeline_task.cpp:188] [locality-audit] prepare_before pipeline_id=9 task_id=278 preferred_device=0 actual_gpu=0 target_tier=GPU target_device=0 input_bytes=19029528 local_bytes=19029528 remote_gpu_bytes=0 host_bytes=0 disk_bytes=0 batch_count=1
[2026-07-09 04:20:52.615] [info] [gpu_pipeline_task.cpp:188] [locality-audit] prepare_after pipeline_id=9 task_id=278 preferred_device=0 actual_gpu=0 target_tier=GPU target_device=0 input_bytes=19029528 local_bytes=19029528 remote_gpu_bytes=0 host_bytes=0 disk_bytes=0 batch_count=1
[2026-07-09 04:20:52.615] [info] [gpu_pipeline_task.cpp:321] [stage-audit] pipeline_id=9 task_id=274 operator_id=35 operator_name=PARTITION stage_kind=PARTITION operator_type=82 input_type=PIPELINEABLE output_type=PIPELINEABLE actual_gpu=1 pipeline_operator_count=1 input_batches=1 input_rows=2377105 input_columns=1 input_bytes=19016840 output_batches=2 output_rows=2377105 output_columns=2 output_bytes=19016840 byte_ratio=1.000000 row_ratio=1.000000 duration_us=1459
[2026-07-09 04:20:52.615] [info] [gpu_pipeline_task.cpp:321] [stage-audit] pipeline_id=9 task_id=273 operator_id=35 operator_name=PARTITION stage_kind=PARTITION operator_type=82 input_type=PIPELINEABLE output_type=PIPELINEABLE actual_gpu=0 pipeline_operator_count=1 input_batches=1 input_rows=2376866 input_columns=1 input_bytes=19014928 output_batches=2 output_rows=2376866 output_columns=2 output_bytes=19014928 byte_ratio=1.000000 row_ratio=1.000000 duration_us=1491
[2026-07-09 04:20:52.615] [info] [gpu_pipeline_task.cpp:321] [stage-audit] pipeline_id=9 task_id=279 operator_id=35 operator_name=PARTITION stage_kind=PARTITION operator_type=82 input_type=PIPELINEABLE output_type=PIPELINEABLE actual_gpu=1 pipeline_operator_count=1 input_batches=1 input_rows=1715185 input_columns=1 input_bytes=13721480 output_batches=2 output_rows=1715185 output_columns=2 output_bytes=13721480 byte_ratio=1.000000 row_ratio=1.000000 duration_us=1102
[2026-07-09 04:20:52.615] [info] [gpu_pipeline_task.cpp:321] [stage-audit] pipeline_id=9 task_id=277 operator_id=35 operator_name=PARTITION stage_kind=PARTITION operator_type=82 input_type=PIPELINEABLE output_type=PIPELINEABLE actual_gpu=0 pipeline_operator_count=1 input_batches=1 input_rows=1713736 input_columns=1 input_bytes=13709888 output_batches=2 output_rows=1713736 output_columns=2 output_bytes=13709888 byte_ratio=1.000000 row_ratio=1.000000 duration_us=1552
[2026-07-09 04:20:52.615] [info] [gpu_pipeline_task.cpp:321] [stage-audit] pipeline_id=9 task_id=276 operator_id=35 operator_name=PARTITION stage_kind=PARTITION operator_type=82 input_type=PIPELINEABLE output_type=PIPELINEABLE actual_gpu=1 pipeline_operator_count=1 input_batches=1 input_rows=2376524 input_columns=1 input_bytes=19012192 output_batches=2 output_rows=2376524 output_columns=2 output_bytes=19012192 byte_ratio=1.000000 row_ratio=1.000000 duration_us=1604
[2026-07-09 04:20:52.615] [info] [gpu_pipeline_task.cpp:321] [stage-audit] pipeline_id=9 task_id=272 operator_id=35 operator_name=PARTITION stage_kind=PARTITION operator_type=82 input_type=PIPELINEABLE output_type=PIPELINEABLE actual_gpu=0 pipeline_operator_count=1 input_batches=1 input_rows=397129 input_columns=1 input_bytes=3177032 output_batches=2 output_rows=397129 output_columns=2 output_bytes=3177032 byte_ratio=1.000000 row_ratio=1.000000 duration_us=1472
[2026-07-09 04:20:52.616] [info] [gpu_pipeline_task.cpp:321] [stage-audit] pipeline_id=9 task_id=278 operator_id=35 operator_name=PARTITION stage_kind=PARTITION operator_type=82 input_type=PIPELINEABLE output_type=PIPELINEABLE actual_gpu=0 pipeline_operator_count=1 input_batches=1 input_rows=2378691 input_columns=1 input_bytes=19029528 output_batches=2 output_rows=2378691 output_columns=2 output_bytes=19029528 byte_ratio=1.000000 row_ratio=1.000000 duration_us=497
[2026-07-09 04:20:52.616] [info] [task_scheduler.cpp:462] [mgpu-audit] pipeline_task dispatched to GPU 0 task_id=280
[2026-07-09 04:20:52.616] [info] [task_scheduler.cpp:464] [locality-audit] dispatch task_id=280 preferred_device=0 actual_gpu=0
[2026-07-09 04:20:52.616] [info] [task_scheduler.cpp:462] [mgpu-audit] pipeline_task dispatched to GPU 1 task_id=281
[2026-07-09 04:20:52.616] [info] [task_scheduler.cpp:464] [locality-audit] dispatch task_id=281 preferred_device=1 actual_gpu=1
[2026-07-09 04:20:52.616] [info] [gpu_pipeline_task.cpp:188] [locality-audit] prepare_before pipeline_id=10 task_id=281 preferred_device=1 actual_gpu=1 target_tier=GPU target_device=1 input_bytes=58064928 local_bytes=54913320 remote_gpu_bytes=3151608 host_bytes=0 disk_bytes=0 batch_count=10
[2026-07-09 04:20:52.616] [info] [gpu_pipeline_task.cpp:188] [locality-audit] prepare_before pipeline_id=10 task_id=280 preferred_device=0 actual_gpu=0 target_tier=GPU target_device=0 input_bytes=58100992 local_bytes=54931376 remote_gpu_bytes=3169616 host_bytes=0 disk_bytes=0 batch_count=10
[2026-07-09 04:20:52.616] [info] [gpu_pipeline_task.cpp:188] [locality-audit] prepare_after pipeline_id=10 task_id=281 preferred_device=1 actual_gpu=1 target_tier=GPU target_device=1 input_bytes=58064928 local_bytes=58064928 remote_gpu_bytes=0 host_bytes=0 disk_bytes=0 batch_count=10
[2026-07-09 04:20:52.616] [info] [gpu_pipeline_task.cpp:188] [locality-audit] prepare_after pipeline_id=10 task_id=280 preferred_device=0 actual_gpu=0 target_tier=GPU target_device=0 input_bytes=58100992 local_bytes=58100992 remote_gpu_bytes=0 host_bytes=0 disk_bytes=0 batch_count=10
[2026-07-09 04:20:52.616] [info] [gpu_pipeline_task.cpp:321] [stage-audit] pipeline_id=10 task_id=281 operator_id=34 operator_name=CONCAT stage_kind=CONCAT operator_type=83 input_type=PARTITIONED output_type=PARTITIONED actual_gpu=1 pipeline_operator_count=1 input_batches=10 input_rows=7258116 input_columns=10 input_bytes=58064928 output_batches=1 output_rows=7258116 output_columns=1 output_bytes=58064928 byte_ratio=1.000000 row_ratio=1.000000 duration_us=245
[2026-07-09 04:20:52.616] [info] [gpu_pipeline_task.cpp:321] [stage-audit] pipeline_id=10 task_id=280 operator_id=34 operator_name=CONCAT stage_kind=CONCAT operator_type=83 input_type=PARTITIONED output_type=PARTITIONED actual_gpu=0 pipeline_operator_count=1 input_batches=10 input_rows=7262624 input_columns=10 input_bytes=58100992 output_batches=1 output_rows=7262624 output_columns=1 output_bytes=58100992 byte_ratio=1.000000 row_ratio=1.000000 duration_us=280
[2026-07-09 04:20:52.616] [info] [task_creator.cpp:363] [locality-audit] task_create operator_id=37 input_bytes=33529096 local_bytes=0 gpu_source_bytes=0 host_source_bytes=33529096 disk_source_bytes=0 gpu_sources=0 host_sources=1 preferred_device=1
[2026-07-09 04:20:52.616] [info] [task_creator.cpp:363] [locality-audit] task_create operator_id=37 input_bytes=33578536 local_bytes=0 gpu_source_bytes=0 host_source_bytes=33578536 disk_source_bytes=0 gpu_sources=0 host_sources=1 preferred_device=0
[2026-07-09 04:20:52.616] [info] [task_scheduler.cpp:462] [mgpu-audit] pipeline_task dispatched to GPU 1 task_id=282
[2026-07-09 04:20:52.616] [info] [task_scheduler.cpp:464] [locality-audit] dispatch task_id=282 preferred_device=1 actual_gpu=1
[2026-07-09 04:20:52.616] [info] [task_scheduler.cpp:462] [mgpu-audit] pipeline_task dispatched to GPU 0 task_id=283
[2026-07-09 04:20:52.616] [info] [task_scheduler.cpp:464] [locality-audit] dispatch task_id=283 preferred_device=0 actual_gpu=0
[2026-07-09 04:20:52.616] [info] [task_creator.cpp:363] [locality-audit] task_create operator_id=37 input_bytes=17840404 local_bytes=0 gpu_source_bytes=0 host_source_bytes=17840404 disk_source_bytes=0 gpu_sources=0 host_sources=1 preferred_device=1
[2026-07-09 04:20:52.616] [info] [task_scheduler.cpp:462] [mgpu-audit] pipeline_task dispatched to GPU 1 task_id=284
[2026-07-09 04:20:52.616] [info] [task_scheduler.cpp:464] [locality-audit] dispatch task_id=284 preferred_device=1 actual_gpu=1
[2026-07-09 04:20:52.616] [info] [task_creator.cpp:363] [locality-audit] task_create operator_id=37 input_bytes=33562936 local_bytes=0 gpu_source_bytes=0 host_source_bytes=33562936 disk_source_bytes=0 gpu_sources=0 host_sources=1 preferred_device=0
[2026-07-09 04:20:52.616] [info] [gpu_pipeline_task.cpp:188] [locality-audit] prepare_before pipeline_id=11 task_id=282 preferred_device=1 actual_gpu=1 target_tier=GPU target_device=1 input_bytes=33529096 local_bytes=0 remote_gpu_bytes=0 host_bytes=33529096 disk_bytes=0 batch_count=1
[2026-07-09 04:20:52.617] [info] [task_scheduler.cpp:462] [mgpu-audit] pipeline_task dispatched to GPU 0 task_id=285
[2026-07-09 04:20:52.617] [info] [task_scheduler.cpp:464] [locality-audit] dispatch task_id=285 preferred_device=0 actual_gpu=0
[2026-07-09 04:20:52.617] [info] [gpu_pipeline_task.cpp:188] [locality-audit] prepare_before pipeline_id=11 task_id=284 preferred_device=1 actual_gpu=1 target_tier=GPU target_device=1 input_bytes=17840404 local_bytes=0 remote_gpu_bytes=0 host_bytes=17840404 disk_bytes=0 batch_count=1
[2026-07-09 04:20:52.617] [info] [gpu_pipeline_task.cpp:188] [locality-audit] prepare_before pipeline_id=11 task_id=283 preferred_device=0 actual_gpu=0 target_tier=GPU target_device=0 input_bytes=33578536 local_bytes=0 remote_gpu_bytes=0 host_bytes=33578536 disk_bytes=0 batch_count=1
[2026-07-09 04:20:52.617] [info] [gpu_pipeline_task.cpp:188] [locality-audit] prepare_before pipeline_id=11 task_id=285 preferred_device=0 actual_gpu=0 target_tier=GPU target_device=0 input_bytes=33562936 local_bytes=0 remote_gpu_bytes=0 host_bytes=33562936 disk_bytes=0 batch_count=1
[2026-07-09 04:20:52.618] [info] [gpu_pipeline_task.cpp:188] [locality-audit] prepare_after pipeline_id=11 task_id=282 preferred_device=1 actual_gpu=1 target_tier=GPU target_device=1 input_bytes=40023548 local_bytes=40023548 remote_gpu_bytes=0 host_bytes=0 disk_bytes=0 batch_count=1
[2026-07-09 04:20:52.619] [info] [gpu_pipeline_task.cpp:188] [locality-audit] prepare_after pipeline_id=11 task_id=284 preferred_device=1 actual_gpu=1 target_tier=GPU target_device=1 input_bytes=21295546 local_bytes=21295546 remote_gpu_bytes=0 host_bytes=0 disk_bytes=0 batch_count=1
[2026-07-09 04:20:52.619] [info] [gpu_pipeline_task.cpp:188] [locality-audit] prepare_after pipeline_id=11 task_id=283 preferred_device=0 actual_gpu=0 target_tier=GPU target_device=0 input_bytes=40083240 local_bytes=40083240 remote_gpu_bytes=0 host_bytes=0 disk_bytes=0 batch_count=1
[2026-07-09 04:20:52.619] [info] [gpu_pipeline_task.cpp:188] [locality-audit] prepare_after pipeline_id=11 task_id=285 preferred_device=0 actual_gpu=0 target_tier=GPU target_device=0 input_bytes=40063444 local_bytes=40063444 remote_gpu_bytes=0 host_bytes=0 disk_bytes=0 batch_count=1
[2026-07-09 04:20:52.620] [info] [gpu_pipeline_task.cpp:321] [stage-audit] pipeline_id=11 task_id=282 operator_id=37 operator_name=PARTITION stage_kind=PARTITION operator_type=82 input_type=PIPELINEABLE output_type=PIPELINEABLE actual_gpu=1 pipeline_operator_count=1 input_batches=1 input_rows=1623613 input_columns=2 input_bytes=40023548 output_batches=2 output_rows=1623613 output_columns=4 output_bytes=33326088 byte_ratio=0.832662 row_ratio=1.000000 duration_us=1558
[2026-07-09 04:20:52.620] [info] [gpu_pipeline_task.cpp:321] [stage-audit] pipeline_id=11 task_id=284 operator_id=37 operator_name=PARTITION stage_kind=PARTITION operator_type=82 input_type=PIPELINEABLE output_type=PIPELINEABLE actual_gpu=1 pipeline_operator_count=1 input_batches=1 input_rows=863786 input_columns=2 input_bytes=21295546 output_batches=2 output_rows=863786 output_columns=4 output_bytes=17732370 byte_ratio=0.832680 row_ratio=1.000000 duration_us=1409
[2026-07-09 04:20:52.621] [info] [gpu_pipeline_task.cpp:321] [stage-audit] pipeline_id=11 task_id=283 operator_id=37 operator_name=PARTITION stage_kind=PARTITION operator_type=82 input_type=PIPELINEABLE output_type=PIPELINEABLE actual_gpu=0 pipeline_operator_count=1 input_batches=1 input_rows=1626175 input_columns=2 input_bytes=40083240 output_batches=2 output_rows=1626175 output_columns=4 output_bytes=33375212 byte_ratio=0.832648 row_ratio=1.000000 duration_us=1702
[2026-07-09 04:20:52.621] [info] [gpu_pipeline_task.cpp:321] [stage-audit] pipeline_id=11 task_id=285 operator_id=37 operator_name=PARTITION stage_kind=PARTITION operator_type=82 input_type=PIPELINEABLE output_type=PIPELINEABLE actual_gpu=0 pipeline_operator_count=1 input_batches=1 input_rows=1625127 input_columns=2 input_bytes=40063444 output_batches=2 output_rows=1625127 output_columns=4 output_bytes=33359736 byte_ratio=0.832673 row_ratio=1.000000 duration_us=1522
[2026-07-09 04:20:52.621] [info] [task_scheduler.cpp:462] [mgpu-audit] pipeline_task dispatched to GPU 0 task_id=286
[2026-07-09 04:20:52.621] [info] [task_scheduler.cpp:464] [locality-audit] dispatch task_id=286 preferred_device=0 actual_gpu=0
[2026-07-09 04:20:52.621] [info] [task_scheduler.cpp:462] [mgpu-audit] pipeline_task dispatched to GPU 1 task_id=287
[2026-07-09 04:20:52.621] [info] [task_scheduler.cpp:464] [locality-audit] dispatch task_id=287 preferred_device=1 actual_gpu=1
[2026-07-09 04:20:52.621] [info] [gpu_pipeline_task.cpp:188] [locality-audit] prepare_before pipeline_id=12 task_id=287 preferred_device=1 actual_gpu=1 target_tier=GPU target_device=1 input_bytes=58882131 local_bytes=25533291 remote_gpu_bytes=33348840 host_bytes=0 disk_bytes=0 batch_count=4
[2026-07-09 04:20:52.621] [info] [gpu_pipeline_task.cpp:188] [locality-audit] prepare_before pipeline_id=12 task_id=286 preferred_device=0 actual_gpu=0 target_tier=GPU target_device=0 input_bytes=58911275 local_bytes=33386108 remote_gpu_bytes=25525167 host_bytes=0 disk_bytes=0 batch_count=4
[2026-07-09 04:20:52.623] [info] [gpu_pipeline_task.cpp:188] [locality-audit] prepare_after pipeline_id=12 task_id=286 preferred_device=0 actual_gpu=0 target_tier=GPU target_device=0 input_bytes=58911275 local_bytes=58911275 remote_gpu_bytes=0 host_bytes=0 disk_bytes=0 batch_count=4
[2026-07-09 04:20:52.624] [info] [gpu_pipeline_task.cpp:188] [locality-audit] prepare_after pipeline_id=12 task_id=287 preferred_device=1 actual_gpu=1 target_tier=GPU target_device=1 input_bytes=58882131 local_bytes=58882131 remote_gpu_bytes=0 host_bytes=0 disk_bytes=0 batch_count=4
[2026-07-09 04:20:52.625] [info] [gpu_pipeline_task.cpp:321] [stage-audit] pipeline_id=12 task_id=286 operator_id=36 operator_name=CONCAT stage_kind=CONCAT operator_type=83 input_type=PARTITIONED output_type=PARTITIONED actual_gpu=0 pipeline_operator_count=1 input_batches=4 input_rows=2869977 input_columns=8 input_bytes=58911275 output_batches=1 output_rows=2869977 output_columns=2 output_bytes=58552415 byte_ratio=0.993908 row_ratio=1.000000 duration_us=1586
[2026-07-09 04:20:52.626] [info] [gpu_pipeline_task.cpp:321] [stage-audit] pipeline_id=12 task_id=287 operator_id=36 operator_name=CONCAT stage_kind=CONCAT operator_type=83 input_type=PARTITIONED output_type=PARTITIONED actual_gpu=1 pipeline_operator_count=1 input_batches=4 input_rows=2868724 input_columns=8 input_bytes=58882131 output_batches=1 output_rows=2868724 output_columns=2 output_bytes=58523399 byte_ratio=0.993908 row_ratio=1.000000 duration_us=1431
[2026-07-09 04:20:52.626] [info] [task_scheduler.cpp:462] [mgpu-audit] pipeline_task dispatched to GPU 1 task_id=289
[2026-07-09 04:20:52.626] [info] [task_scheduler.cpp:464] [locality-audit] dispatch task_id=289 preferred_device=1 actual_gpu=1
[2026-07-09 04:20:52.626] [info] [task_scheduler.cpp:462] [mgpu-audit] pipeline_task dispatched to GPU 0 task_id=288
[2026-07-09 04:20:52.626] [info] [task_scheduler.cpp:464] [locality-audit] dispatch task_id=288 preferred_device=0 actual_gpu=0
[2026-07-09 04:20:52.626] [info] [gpu_pipeline_task.cpp:188] [locality-audit] prepare_before pipeline_id=13 task_id=289 preferred_device=1 actual_gpu=1 target_tier=GPU target_device=1 input_bytes=116588327 local_bytes=116588327 remote_gpu_bytes=0 host_bytes=0 disk_bytes=0 batch_count=2
[2026-07-09 04:20:52.626] [info] [gpu_pipeline_task.cpp:188] [locality-audit] prepare_before pipeline_id=13 task_id=288 preferred_device=0 actual_gpu=0 target_tier=GPU target_device=0 input_bytes=116653407 local_bytes=116653407 remote_gpu_bytes=0 host_bytes=0 disk_bytes=0 batch_count=2
[2026-07-09 04:20:52.626] [info] [gpu_pipeline_task.cpp:188] [locality-audit] prepare_after pipeline_id=13 task_id=288 preferred_device=0 actual_gpu=0 target_tier=GPU target_device=0 input_bytes=116653407 local_bytes=116653407 remote_gpu_bytes=0 host_bytes=0 disk_bytes=0 batch_count=2
[2026-07-09 04:20:52.626] [info] [gpu_pipeline_task.cpp:188] [locality-audit] prepare_after pipeline_id=13 task_id=289 preferred_device=1 actual_gpu=1 target_tier=GPU target_device=1 input_bytes=116588327 local_bytes=116588327 remote_gpu_bytes=0 host_bytes=0 disk_bytes=0 batch_count=2
[2026-07-09 04:20:52.628] [info] [gpu_pipeline_task.cpp:321] [stage-audit] pipeline_id=13 task_id=288 operator_id=18 operator_name=HASH_JOIN stage_kind=JOIN operator_type=33 input_type=PARTITIONED output_type=PIPELINEABLE actual_gpu=0 pipeline_operator_count=2 input_batches=2 input_rows=10132601 input_columns=3 input_bytes=116653407 output_batches=1 output_rows=2631773 output_columns=1 output_bytes=32637048 byte_ratio=0.279778 row_ratio=0.259733 duration_us=2774
[2026-07-09 04:20:52.629] [info] [gpu_pipeline_task.cpp:321] [stage-audit] pipeline_id=13 task_id=289 operator_id=18 operator_name=HASH_JOIN stage_kind=JOIN operator_type=33 input_type=PARTITIONED output_type=PIPELINEABLE actual_gpu=1 pipeline_operator_count=2 input_batches=2 input_rows=10126840 input_columns=3 input_bytes=116588327 output_batches=1 output_rows=2630392 output_columns=1 output_bytes=32621384 byte_ratio=0.279800 row_ratio=0.259745 duration_us=2827
[2026-07-09 04:20:52.631] [info] [gpu_pipeline_task.cpp:321] [stage-audit] pipeline_id=13 task_id=288 operator_id=22 operator_name=HASH_GROUP_BY stage_kind=AGGREGATE operator_type=9 input_type=PIPELINEABLE output_type=PIPELINEABLE actual_gpu=0 pipeline_operator_count=2 input_batches=1 input_rows=2631773 input_columns=1 input_bytes=32637048 output_batches=1 output_rows=5 output_columns=2 output_bytes=106 byte_ratio=0.000003 row_ratio=0.000002 duration_us=2255
[2026-07-09 04:20:52.632] [info] [gpu_pipeline_task.cpp:321] [stage-audit] pipeline_id=13 task_id=289 operator_id=22 operator_name=HASH_GROUP_BY stage_kind=AGGREGATE operator_type=9 input_type=PIPELINEABLE output_type=PIPELINEABLE actual_gpu=1 pipeline_operator_count=2 input_batches=1 input_rows=2630392 input_columns=1 input_bytes=32621384 output_batches=1 output_rows=5 output_columns=2 output_bytes=106 byte_ratio=0.000003 row_ratio=0.000002 duration_us=3294
[2026-07-09 04:20:52.632] [info] [task_creator.cpp:363] [locality-audit] task_create operator_id=38 input_bytes=106 local_bytes=106 gpu_source_bytes=106 host_source_bytes=0 disk_source_bytes=0 gpu_sources=1 host_sources=0 preferred_device=0
[2026-07-09 04:20:52.632] [info] [task_creator.cpp:363] [locality-audit] task_create operator_id=38 input_bytes=106 local_bytes=106 gpu_source_bytes=106 host_source_bytes=0 disk_source_bytes=0 gpu_sources=1 host_sources=0 preferred_device=1
[2026-07-09 04:20:52.632] [info] [task_scheduler.cpp:462] [mgpu-audit] pipeline_task dispatched to GPU 1 task_id=291
[2026-07-09 04:20:52.632] [info] [task_scheduler.cpp:464] [locality-audit] dispatch task_id=291 preferred_device=1 actual_gpu=1
[2026-07-09 04:20:52.632] [info] [task_scheduler.cpp:462] [mgpu-audit] pipeline_task dispatched to GPU 0 task_id=290
[2026-07-09 04:20:52.632] [info] [task_scheduler.cpp:464] [locality-audit] dispatch task_id=290 preferred_device=0 actual_gpu=0
[2026-07-09 04:20:52.632] [info] [gpu_pipeline_task.cpp:188] [locality-audit] prepare_before pipeline_id=14 task_id=291 preferred_device=1 actual_gpu=1 target_tier=GPU target_device=1 input_bytes=106 local_bytes=106 remote_gpu_bytes=0 host_bytes=0 disk_bytes=0 batch_count=1
[2026-07-09 04:20:52.632] [info] [gpu_pipeline_task.cpp:188] [locality-audit] prepare_after pipeline_id=14 task_id=291 preferred_device=1 actual_gpu=1 target_tier=GPU target_device=1 input_bytes=106 local_bytes=106 remote_gpu_bytes=0 host_bytes=0 disk_bytes=0 batch_count=1
[2026-07-09 04:20:52.632] [info] [gpu_pipeline_task.cpp:321] [stage-audit] pipeline_id=14 task_id=291 operator_id=38 operator_name=PARTITION stage_kind=PARTITION operator_type=82 input_type=PIPELINEABLE output_type=PIPELINEABLE actual_gpu=1 pipeline_operator_count=1 input_batches=1 input_rows=5 input_columns=2 input_bytes=106 output_batches=1 output_rows=5 output_columns=2 output_bytes=106 byte_ratio=1.000000 row_ratio=1.000000 duration_us=2
[2026-07-09 04:20:52.632] [info] [gpu_pipeline_task.cpp:188] [locality-audit] prepare_before pipeline_id=14 task_id=290 preferred_device=0 actual_gpu=0 target_tier=GPU target_device=0 input_bytes=106 local_bytes=106 remote_gpu_bytes=0 host_bytes=0 disk_bytes=0 batch_count=1
[2026-07-09 04:20:52.632] [info] [gpu_pipeline_task.cpp:188] [locality-audit] prepare_after pipeline_id=14 task_id=290 preferred_device=0 actual_gpu=0 target_tier=GPU target_device=0 input_bytes=106 local_bytes=106 remote_gpu_bytes=0 host_bytes=0 disk_bytes=0 batch_count=1
[2026-07-09 04:20:52.632] [info] [gpu_pipeline_task.cpp:321] [stage-audit] pipeline_id=14 task_id=290 operator_id=38 operator_name=PARTITION stage_kind=PARTITION operator_type=82 input_type=PIPELINEABLE output_type=PIPELINEABLE actual_gpu=0 pipeline_operator_count=1 input_batches=1 input_rows=5 input_columns=2 input_bytes=106 output_batches=1 output_rows=5 output_columns=2 output_bytes=106 byte_ratio=1.000000 row_ratio=1.000000 duration_us=2
[2026-07-09 04:20:52.632] [info] [task_scheduler.cpp:462] [mgpu-audit] pipeline_task dispatched to GPU 0 task_id=292
[2026-07-09 04:20:52.632] [info] [task_scheduler.cpp:464] [locality-audit] dispatch task_id=292 preferred_device=0 actual_gpu=0
[2026-07-09 04:20:52.632] [info] [gpu_pipeline_task.cpp:188] [locality-audit] prepare_before pipeline_id=15 task_id=292 preferred_device=0 actual_gpu=0 target_tier=GPU target_device=0 input_bytes=212 local_bytes=106 remote_gpu_bytes=106 host_bytes=0 disk_bytes=0 batch_count=2
[2026-07-09 04:20:52.633] [info] [gpu_pipeline_task.cpp:188] [locality-audit] prepare_after pipeline_id=15 task_id=292 preferred_device=0 actual_gpu=0 target_tier=GPU target_device=0 input_bytes=212 local_bytes=212 remote_gpu_bytes=0 host_bytes=0 disk_bytes=0 batch_count=2
[2026-07-09 04:20:52.633] [info] [gpu_pipeline_task.cpp:321] [stage-audit] pipeline_id=15 task_id=292 operator_id=39 operator_name=MERGE_GROUP_BY stage_kind=AGGREGATE operator_type=85 input_type=PARTITIONED output_type=PIPELINEABLE actual_gpu=0 pipeline_operator_count=1 input_batches=2 input_rows=10 input_columns=4 input_bytes=212 output_batches=1 output_rows=5 output_columns=2 output_bytes=106 byte_ratio=0.500000 row_ratio=0.500000 duration_us=591
[2026-07-09 04:20:52.633] [info] [task_creator.cpp:363] [locality-audit] task_create operator_id=23 input_bytes=106 local_bytes=106 gpu_source_bytes=106 host_source_bytes=0 disk_source_bytes=0 gpu_sources=1 host_sources=0 preferred_device=0
[2026-07-09 04:20:52.633] [info] [task_scheduler.cpp:462] [mgpu-audit] pipeline_task dispatched to GPU 0 task_id=293
[2026-07-09 04:20:52.633] [info] [task_scheduler.cpp:464] [locality-audit] dispatch task_id=293 preferred_device=0 actual_gpu=0
[2026-07-09 04:20:52.633] [info] [gpu_pipeline_task.cpp:188] [locality-audit] prepare_before pipeline_id=16 task_id=293 preferred_device=0 actual_gpu=0 target_tier=GPU target_device=0 input_bytes=106 local_bytes=106 remote_gpu_bytes=0 host_bytes=0 disk_bytes=0 batch_count=1
[2026-07-09 04:20:52.633] [info] [gpu_pipeline_task.cpp:188] [locality-audit] prepare_after pipeline_id=16 task_id=293 preferred_device=0 actual_gpu=0 target_tier=GPU target_device=0 input_bytes=106 local_bytes=106 remote_gpu_bytes=0 host_bytes=0 disk_bytes=0 batch_count=1
[2026-07-09 04:20:52.634] [info] [gpu_pipeline_task.cpp:321] [stage-audit] pipeline_id=16 task_id=293 operator_id=23 operator_name=ORDER_BY stage_kind=SORT operator_type=1 input_type=PIPELINEABLE output_type=PIPELINEABLE actual_gpu=0 pipeline_operator_count=1 input_batches=1 input_rows=5 input_columns=2 input_bytes=106 output_batches=1 output_rows=5 output_columns=2 output_bytes=106 byte_ratio=1.000000 row_ratio=1.000000 duration_us=231
[2026-07-09 04:20:52.634] [info] [task_creator.cpp:363] [locality-audit] task_create operator_id=40 input_bytes=106 local_bytes=106 gpu_source_bytes=106 host_source_bytes=0 disk_source_bytes=0 gpu_sources=1 host_sources=0 preferred_device=0
[2026-07-09 04:20:52.634] [info] [task_scheduler.cpp:462] [mgpu-audit] pipeline_task dispatched to GPU 0 task_id=294
[2026-07-09 04:20:52.634] [info] [task_scheduler.cpp:464] [locality-audit] dispatch task_id=294 preferred_device=0 actual_gpu=0
[2026-07-09 04:20:52.634] [info] [gpu_pipeline_task.cpp:188] [locality-audit] prepare_before pipeline_id=17 task_id=294 preferred_device=0 actual_gpu=0 target_tier=GPU target_device=0 input_bytes=106 local_bytes=106 remote_gpu_bytes=0 host_bytes=0 disk_bytes=0 batch_count=1
[2026-07-09 04:20:52.634] [info] [gpu_pipeline_task.cpp:188] [locality-audit] prepare_after pipeline_id=17 task_id=294 preferred_device=0 actual_gpu=0 target_tier=GPU target_device=0 input_bytes=106 local_bytes=106 remote_gpu_bytes=0 host_bytes=0 disk_bytes=0 batch_count=1
[2026-07-09 04:20:52.634] [info] [gpu_pipeline_task.cpp:321] [stage-audit] pipeline_id=17 task_id=294 operator_id=40 operator_name=SORT_SAMPLE stage_kind=SORT operator_type=89 input_type=PIPELINEABLE output_type=PIPELINEABLE actual_gpu=0 pipeline_operator_count=2 input_batches=1 input_rows=5 input_columns=2 input_bytes=106 output_batches=1 output_rows=5 output_columns=2 output_bytes=106 byte_ratio=1.000000 row_ratio=1.000000 duration_us=87
[2026-07-09 04:20:52.634] [info] [gpu_pipeline_task.cpp:321] [stage-audit] pipeline_id=17 task_id=294 operator_id=41 operator_name=SORT_PARTITION stage_kind=SORT operator_type=88 input_type=PIPELINEABLE output_type=PIPELINEABLE actual_gpu=0 pipeline_operator_count=2 input_batches=1 input_rows=5 input_columns=2 input_bytes=106 output_batches=5 output_rows=5 output_columns=10 output_bytes=122 byte_ratio=1.150943 row_ratio=1.000000 duration_us=277
[2026-07-09 04:20:52.634] [info] [task_creator.cpp:363] [locality-audit] task_create operator_id=42 input_bytes=122 local_bytes=122 gpu_source_bytes=122 host_source_bytes=0 disk_source_bytes=0 gpu_sources=1 host_sources=0 preferred_device=0
[2026-07-09 04:20:52.634] [info] [task_scheduler.cpp:462] [mgpu-audit] pipeline_task dispatched to GPU 0 task_id=295
[2026-07-09 04:20:52.634] [info] [task_scheduler.cpp:464] [locality-audit] dispatch task_id=295 preferred_device=0 actual_gpu=0
[2026-07-09 04:20:52.634] [info] [gpu_pipeline_task.cpp:188] [locality-audit] prepare_before pipeline_id=18 task_id=295 preferred_device=0 actual_gpu=0 target_tier=GPU target_device=0 input_bytes=122 local_bytes=122 remote_gpu_bytes=0 host_bytes=0 disk_bytes=0 batch_count=5
[2026-07-09 04:20:52.634] [info] [gpu_pipeline_task.cpp:188] [locality-audit] prepare_after pipeline_id=18 task_id=295 preferred_device=0 actual_gpu=0 target_tier=GPU target_device=0 input_bytes=122 local_bytes=122 remote_gpu_bytes=0 host_bytes=0 disk_bytes=0 batch_count=5
[2026-07-09 04:20:52.635] [info] [gpu_pipeline_task.cpp:321] [stage-audit] pipeline_id=18 task_id=295 operator_id=42 operator_name=MERGE_SORT stage_kind=SORT operator_type=84 input_type=PIPELINEABLE output_type=PIPELINEABLE actual_gpu=0 pipeline_operator_count=1 input_batches=5 input_rows=5 input_columns=10 input_bytes=122 output_batches=1 output_rows=5 output_columns=2 output_bytes=106 byte_ratio=0.868852 row_ratio=1.000000 duration_us=956
[2026-07-09 04:20:52.635] [info] [task_creator.cpp:363] [locality-audit] task_create operator_id=24 input_bytes=106 local_bytes=106 gpu_source_bytes=106 host_source_bytes=0 disk_source_bytes=0 gpu_sources=1 host_sources=0 preferred_device=0
[2026-07-09 04:20:52.635] [info] [task_scheduler.cpp:462] [mgpu-audit] pipeline_task dispatched to GPU 0 task_id=296
[2026-07-09 04:20:52.635] [info] [task_scheduler.cpp:464] [locality-audit] dispatch task_id=296 preferred_device=0 actual_gpu=0
[2026-07-09 04:20:52.635] [info] [gpu_pipeline_task.cpp:188] [locality-audit] prepare_before pipeline_id=19 task_id=296 preferred_device=0 actual_gpu=0 target_tier=GPU target_device=0 input_bytes=106 local_bytes=106 remote_gpu_bytes=0 host_bytes=0 disk_bytes=0 batch_count=1
[2026-07-09 04:20:52.635] [info] [gpu_pipeline_task.cpp:188] [locality-audit] prepare_after pipeline_id=19 task_id=296 preferred_device=0 actual_gpu=0 target_tier=GPU target_device=0 input_bytes=106 local_bytes=106 remote_gpu_bytes=0 host_bytes=0 disk_bytes=0 batch_count=1
[2026-07-09 04:20:52.636] [info] [gpu_pipeline_task.cpp:321] [stage-audit] pipeline_id=19 task_id=296 operator_id=24 operator_name=RESULT_COLLECTOR stage_kind=RESULT operator_type=76 input_type=PIPELINEABLE output_type=PIPELINEABLE actual_gpu=0 pipeline_operator_count=1 input_batches=1 input_rows=5 input_columns=2 input_bytes=106 output_batches=1 output_rows=5 output_columns=2 output_bytes=106 byte_ratio=1.000000 row_ratio=1.000000 duration_us=2
[2026-07-09 04:20:52.656] [info] [gpu_pipeline_executor.cpp:118] GPU Pipeline Executor: task queue interrupted, stopping manager loop
[2026-07-09 04:20:52.657] [info] [gpu_pipeline_executor.cpp:118] GPU Pipeline Executor: task queue interrupted, stopping manager loop
[2026-07-09 04:20:52.672] [info] [physical_sirius_execution.cpp:165] Transparent GPU execution: query completed
[2026-07-09 04:20:52.686] [info] [sirius_context.cpp:217] QueryEnd
[2026-07-09 04:20:52.709] [info] [:] [host_pool] HOST:0 QueryEnd allocated=71303168 bytes peak=4664066048 bytes free_blocks=3004
[2026-07-09 04:20:52.709] [info] [:] [gpu_pool] GPU:0 QueryEnd allocated=4427429888 bytes peak=6569499904 bytes reserved=0 bytes
[2026-07-09 04:20:52.709] [info] [:] [gpu_pool] GPU:1 QueryEnd allocated=4423903488 bytes peak=6565971712 bytes reserved=0 bytes
[2026-07-09 04:20:52.710] [info] [:] [host_pool] HOST:0 QueryBegin allocated=71303168 bytes peak=4664066048 bytes free_blocks=3004
[2026-07-09 04:20:52.710] [info] [:] [gpu_pool] GPU:0 QueryBegin allocated=4427429888 bytes peak=6569499904 bytes reserved=0 bytes
[2026-07-09 04:20:52.710] [info] [:] [gpu_pool] GPU:1 QueryBegin allocated=4423903488 bytes peak=6565971712 bytes reserved=0 bytes
[2026-07-09 04:20:52.710] [info] [sirius_context.cpp:201] QueryBegin: SQL: SET gpu_execution = true;
[2026-07-09 04:20:52.711] [info] [sirius_context.cpp:217] QueryEnd
[2026-07-09 04:20:52.730] [info] [:] [host_pool] HOST:0 QueryEnd allocated=71303168 bytes peak=4664066048 bytes free_blocks=3004
[2026-07-09 04:20:52.730] [info] [:] [gpu_pool] GPU:0 QueryEnd allocated=4427429888 bytes peak=6569499904 bytes reserved=0 bytes
[2026-07-09 04:20:52.730] [info] [:] [gpu_pool] GPU:1 QueryEnd allocated=4423903488 bytes peak=6565971712 bytes reserved=0 bytes
[2026-07-09 04:20:52.730] [info] [:] [host_pool] HOST:0 QueryBegin allocated=71303168 bytes peak=4664066048 bytes free_blocks=3004
[2026-07-09 04:20:52.730] [info] [:] [gpu_pool] GPU:0 QueryBegin allocated=4427429888 bytes peak=6569499904 bytes reserved=0 bytes
[2026-07-09 04:20:52.730] [info] [:] [gpu_pool] GPU:1 QueryBegin allocated=4423903488 bytes peak=6565971712 bytes reserved=0 bytes
[2026-07-09 04:20:52.730] [info] [sirius_context.cpp:201] QueryBegin: SQL: select o.o_orderpriority, count(*) as order_count from orders o where o.o_orderdate >= date '1996-10-01' and o.o_orderdate < date '1997-01-01' and exists ( select * from lineitem l where l.l_orderkey = o.o_orderkey and l.l_commitdate < l.l_receiptdate ) group by o.o_orderpriority order by o.o_orderpriority
[2026-07-09 04:20:52.966] [info] [sirius_plan_get.cpp:267] [sirius_plan_get] LogicalGet has dynamic_filters attached (channel key=0x586851a9f0c0).
[2026-07-09 04:20:52.966] [info] [sirius_plan_comparison_join.cpp:601] [sirius_plan_comparison_join] Wired hash join with 1 dynamic-filter probe target(s) (build est 0 rows).
[2026-07-09 04:20:52.978] [info] [sirius_context.cpp:865] Transparent execution: Sirius physical plan generated successfully
[2026-07-09 04:20:52.989] [info] [sirius_context.cpp:877] Transparent execution: physical plan replaced with GPU operator
[2026-07-09 04:20:52.989] [info] [physical_sirius_execution.cpp:97] Transparent GPU execution: executing query
[2026-07-09 04:20:53.048] [info] [sirius_plan_get.cpp:267] [sirius_plan_get] LogicalGet has dynamic_filters attached (channel key=0x586851a9f0c0).
[2026-07-09 04:20:53.048] [info] [sirius_plan_comparison_join.cpp:601] [sirius_plan_comparison_join] Wired hash join with 1 dynamic-filter probe target(s) (build est 0 rows).
[2026-07-09 04:20:53.048] [info] [sirius_engine.cpp:375] Query Plan:
=== Pipeline Overview ===
Pipeline #0: GPU_SCAN (id=25) -> LEFT_DELIM_JOIN (id=19)
Pipeline #1: PARTITION (id=26)
  Input: <- Pipeline #0 [on: PARTITION (id=26), port: default, barrier: FULL]
  Dependencies: Pipeline #0
  Output: -> MERGE_GROUP_BY [port: default, barrier: FULL]
Pipeline #2: MERGE_GROUP_BY (id=27)
  Input: <- Pipeline #1 [on: MERGE_GROUP_BY (id=27), port: default, barrier: FULL]
  Dependencies: Pipeline #1
  Output: -> PARTITION [port: default, barrier: FULL]
Pipeline #3: PARTITION (id=29)
  Input: <- Pipeline #2 [on: PARTITION (id=29), port: default, barrier: FULL]
  Dependencies: Pipeline #2
  Output: -> CONCAT [port: default, barrier: PARTIAL]
Pipeline #4: CONCAT (id=28)
  Input: <- Pipeline #3 [on: CONCAT (id=28), port: default, barrier: PARTIAL]
  Dependencies: Pipeline #3
  Output: -> HASH_JOIN [port: build, barrier: FULL]
Pipeline #5: GPU_SCAN (id=30) -> DYNAMIC_FILTER (id=31) -> FILTER (id=14)
  Output: -> PARTITION [port: default, barrier: PARTIAL]
Pipeline #6: PARTITION (id=33)
  Input: <- Pipeline #5 [on: PARTITION (id=33), port: default, barrier: PARTIAL]
  Dependencies: Pipeline #5
  Output: -> CONCAT [port: default, barrier: PARTIAL]
Pipeline #7: CONCAT (id=32)
  Input: <- Pipeline #6 [on: CONCAT (id=32), port: default, barrier: PARTIAL]
  Dependencies: Pipeline #6
  Output: -> HASH_JOIN [port: default, barrier: FULL]
Pipeline #8: HASH_JOIN (id=16) -> PROJECTION (id=17)
  Input: <- Pipeline #7 [on: HASH_JOIN (id=16), port: default, barrier: FULL]
  Input: <- Pipeline #4 [on: HASH_JOIN (id=16), port: build, barrier: FULL]
  Dependencies: Pipeline #4, Pipeline #7
  Output: -> PARTITION [port: default, barrier: FULL]
Pipeline #9: PARTITION (id=35)
  Input: <- Pipeline #8 [on: PARTITION (id=35), port: default, barrier: FULL]
  Dependencies: Pipeline #8
  Output: -> CONCAT [port: default, barrier: PARTIAL]
Pipeline #10: CONCAT (id=34)
  Input: <- Pipeline #9 [on: CONCAT (id=34), port: default, barrier: PARTIAL]
  Dependencies: Pipeline #9
  Output: -> HASH_JOIN [port: build, barrier: FULL]
Pipeline #11: PARTITION (id=37)
  Input: <- Pipeline #0 [on: PARTITION (id=37), port: default, barrier: PARTIAL]
  Dependencies: Pipeline #0
  Output: -> CONCAT [port: default, barrier: PARTIAL]
Pipeline #12: CONCAT (id=36)
  Input: <- Pipeline #11 [on: CONCAT (id=36), port: default, barrier: PARTIAL]
  Dependencies: Pipeline #11
  Output: -> HASH_JOIN [port: default, barrier: FULL]
Pipeline #13: HASH_JOIN (id=18) -> HASH_GROUP_BY (id=22)
  Input: <- Pipeline #12 [on: HASH_JOIN (id=18), port: default, barrier: FULL]
  Input: <- Pipeline #10 [on: HASH_JOIN (id=18), port: build, barrier: FULL]
  Dependencies: Pipeline #10, Pipeline #12
  Output: -> PARTITION [port: default, barrier: FULL]
Pipeline #14: PARTITION (id=38)
  Input: <- Pipeline #13 [on: PARTITION (id=38), port: default, barrier: FULL]
  Dependencies: Pipeline #13
  Output: -> MERGE_GROUP_BY [port: default, barrier: FULL]
Pipeline #15: MERGE_GROUP_BY (id=39)
  Input: <- Pipeline #14 [on: MERGE_GROUP_BY (id=39), port: default, barrier: FULL]
  Dependencies: Pipeline #14
  Output: -> ORDER_BY [port: default, barrier: FULL]
Pipeline #16: ORDER_BY (id=23)
  Input: <- Pipeline #15 [on: ORDER_BY (id=23), port: default, barrier: FULL]
  Dependencies: Pipeline #15
  Output: -> SORT_SAMPLE [port: default, barrier: PIPELINE]
Pipeline #17: SORT_SAMPLE (id=40) -> SORT_PARTITION (id=41)
  Input: <- Pipeline #16 [on: SORT_SAMPLE (id=40), port: default, barrier: PIPELINE]
  Dependencies: Pipeline #16
  Output: -> MERGE_SORT [port: default, barrier: FULL]
Pipeline #18: MERGE_SORT (id=42)
  Input: <- Pipeline #17 [on: MERGE_SORT (id=42), port: default, barrier: FULL]
  Dependencies: Pipeline #17
  Output: -> RESULT_COLLECTOR [port: default, barrier: FULL]
Pipeline #19: RESULT_COLLECTOR (id=24)
  Input: <- Pipeline #18 [on: RESULT_COLLECTOR (id=24), port: default, barrier: FULL]
  Dependencies: Pipeline #18

=== Query Plan DAG ===
┌──────────────────────────┐                                                        
│ Pipeline #19             │                                                        
│ RESULT_COLLECTOR (id=24) │                                                        
│ Input(#18): FULL         │                                                        
└────────────┬─────────────┘                                                        
             │                                                                      
┌──────────────────────────┐                                                        
│ Pipeline #18             │                                                        
│ MERGE_SORT (id=42)       │                                                        
│ Input(#17): FULL         │                                                        
└────────────┬─────────────┘                                                        
             │                                                                      
┌──────────────────────────┐                                                        
│ Pipeline #17             │                                                        
│ SORT_PARTITION (id=41)   │                                                        
│ SORT_SAMPLE (id=40)      │                                                        
│ Input(#16): PIPELINE     │                                                        
└────────────┬─────────────┘                                                        
             │                                                                      
┌──────────────────────────┐                                                        
│ Pipeline #16             │                                                        
│ ORDER_BY (id=23)         │                                                        
│ Input(#15): FULL         │                                                        
└────────────┬─────────────┘                                                        
             │                                                                      
┌──────────────────────────┐                                                        
│ Pipeline #15             │                                                        
│ MERGE_GROUP_BY (id=39)   │                                                        
│ Input(#14): FULL         │                                                        
└────────────┬─────────────┘                                                        
             │                                                                      
┌──────────────────────────┐                                                        
│ Pipeline #14             │                                                        
│ PARTITION (id=38)        │                                                        
│ Input(#13): FULL         │                                                        
└────────────┬─────────────┘                                                        
             │                                                                      
┌──────────────────────────┐                                                        
│ Pipeline #13             │                                                        
│ HASH_GROUP_BY (id=22)    │                                                        
│ HASH_JOIN (id=18)        │                                                        
│   type: SEMI             │                                                        
│ Input(#12): FULL         │                                                        
│ Input(#10): FULL         │                                                        
└────────────┬─────────────┘                                                        
             ┌───────────────────────────────────────────────────────┐              
             │                                                       │              
┌──────────────────────────┐                            ┌──────────────────────────┐
│ Pipeline #10             │                            │ Pipeline #12             │
│ CONCAT (id=34)           │                            │ CONCAT (id=36)           │
│ Input(#9): PARTIAL       │                            │ Input(#11): PARTIAL      │
└────────────┬─────────────┘                            └────────────┬─────────────┘
             │                                                       │              
┌──────────────────────────┐                            ┌──────────────────────────┐
│ Pipeline #9              │                            │ Pipeline #11             │
│ PARTITION (id=35)        │                            │ PARTITION (id=37)        │
│ Input(#8): FULL          │                            │ Input(#0): PARTIAL       │
└────────────┬─────────────┘                            └────────────┬─────────────┘
             │                                                       │              
┌──────────────────────────┐                            ┌──────────────────────────┐
│ Pipeline #8              │                            │ (-> Pipeline #0)         │
│ PROJECTION (id=17)       │                            │                          │
│ HASH_JOIN (id=16)        │                            │                          │
│   type: INNER            │                            │                          │
│ Input(#7): FULL          │                            │                          │
│ Input(#4): FULL          │                            │                          │
└────────────┬─────────────┘                            └──────────────────────────┘
             ┌───────────────────────────┐                                          
             │                           │                                          
┌──────────────────────────┐┌──────────────────────────┐                            
│ Pipeline #4              ││ Pipeline #7              │                            
│ CONCAT (id=28)           ││ CONCAT (id=32)           │                            
│ Input(#3): PARTIAL       ││ Input(#6): PARTIAL       │                            
└────────────┬─────────────┘└────────────┬─────────────┘                            
             │                           │                                          
┌──────────────────────────┐┌──────────────────────────┐                            
│ Pipeline #3              ││ Pipeline #6              │                            
│ PARTITION (id=29)        ││ PARTITION (id=33)        │                            
│ Input(#2): FULL          ││ Input(#5): PARTIAL       │                            
└────────────┬─────────────┘└────────────┬─────────────┘                            
             │                           │                                          
┌──────────────────────────┐┌──────────────────────────┐                            
│ Pipeline #2              ││ Pipeline #5              │                            
│ MERGE_GROUP_BY (id=27)   ││ FILTER (id=14)           │                            
│ Input(#1): FULL          ││ DYNAMIC_FILTER (id=31)   │                            
│                          ││ GPU_SCAN (id=30)         │                            
└────────────┬─────────────┘└──────────────────────────┘                            
             │                                                                      
┌──────────────────────────┐                                                        
│ Pipeline #1              │                                                        
│ PARTITION (id=26)        │                                                        
│ Input(#0): FULL          │                                                        
└────────────┬─────────────┘                                                        
             │                                                                      
┌──────────────────────────┐                                                        
│ Pipeline #0              │                                                        
│ LEFT_DELIM_JOIN (id=19)  │                                                        
│ GPU_SCAN (id=25)         │                                                        
└──────────────────────────┘                                                        

[2026-07-09 04:20:53.048] [info] [sirius_scan_manager.cpp:416] [fixed-page-cache] page-backed cached provider unavailable; falling back to chunk-backed cached provider
[2026-07-09 04:20:53.048] [info] [sirius_scan_manager.cpp:420] [fixed-page-cache] cached provider unavailable; selected columns have page-only storage with incomplete resident coverage
[2026-07-09 04:20:53.057] [info] [parquet_gpu_ingestible.cpp:250] [coalesce-debug] parquet_batch_coalescer emit #1: 1 slice(s), acc_bytes=535792172, cap=536870912
[2026-07-09 04:20:53.057] [info] [parquet_gpu_ingestible.cpp:250] [coalesce-debug] parquet_batch_coalescer emit #2: 1 slice(s), acc_bytes=536716992, cap=536870912
[2026-07-09 04:20:53.057] [info] [parquet_gpu_ingestible.cpp:250] [coalesce-debug] parquet_batch_coalescer emit #3: 1 slice(s), acc_bytes=536718830, cap=536870912
[2026-07-09 04:20:53.057] [info] [load_balancing_scan_batch_coalescer.cpp:96] [coalesce-debug] load_balancer emit pipeline=0 -> preferred GPU 0
[2026-07-09 04:20:53.071] [info] [load_balancing_scan_batch_coalescer.cpp:96] [coalesce-debug] load_balancer emit pipeline=0 -> preferred GPU 1
[2026-07-09 04:20:53.080] [info] [task_scheduler.cpp:462] [mgpu-audit] pipeline_task dispatched to GPU 0 task_id=297
[2026-07-09 04:20:53.080] [info] [task_scheduler.cpp:464] [locality-audit] dispatch task_id=297 preferred_device=0 actual_gpu=0
[2026-07-09 04:20:53.080] [warning] [downgrade_executor.cpp:335] [downgrade] [GPU:0] downgrade request not satisfied and disk memory space is not configured; data cannot be spilled to disk. Consider configuring a disk memory space to enable spilling.
[2026-07-09 04:20:53.080] [warning] [gpu_pipeline_executor.cpp:250] GPU Pipeline Executor: after downgrade (0 bytes freed), reservation still partial (1522570112/4286337376 bytes) for pipeline 0 task 297 -- proceeding with partial reservation
[2026-07-09 04:20:53.097] [info] [load_balancing_scan_batch_coalescer.cpp:96] [coalesce-debug] load_balancer emit pipeline=0 -> preferred GPU 0
[2026-07-09 04:20:53.099] [info] [task_scheduler.cpp:462] [mgpu-audit] pipeline_task dispatched to GPU 1 task_id=298
[2026-07-09 04:20:53.099] [info] [task_scheduler.cpp:464] [locality-audit] dispatch task_id=298 preferred_device=1 actual_gpu=1
[2026-07-09 04:20:53.099] [warning] [downgrade_executor.cpp:335] [downgrade] [GPU:1] downgrade request not satisfied and disk memory space is not configured; data cannot be spilled to disk. Consider configuring a disk memory space to enable spilling.
[2026-07-09 04:20:53.099] [warning] [gpu_pipeline_executor.cpp:250] GPU Pipeline Executor: after downgrade (0 bytes freed), reservation still partial (1526096512/4293735936 bytes) for pipeline 0 task 298 -- proceeding with partial reservation
[2026-07-09 04:20:53.123] [info] [parquet_gpu_ingestible.cpp:250] [coalesce-debug] parquet_batch_coalescer emit #4: 1 slice(s), acc_bytes=285267347, cap=536870912
[2026-07-09 04:20:53.123] [info] [load_balancing_scan_batch_coalescer.cpp:96] [coalesce-debug] load_balancer emit pipeline=0 -> preferred GPU 1
[2026-07-09 04:20:53.128] [info] [task_scheduler.cpp:462] [mgpu-audit] pipeline_task dispatched to GPU 0 task_id=299
[2026-07-09 04:20:53.128] [info] [task_scheduler.cpp:464] [locality-audit] dispatch task_id=299 preferred_device=0 actual_gpu=0
[2026-07-09 04:20:53.151] [info] [parquet_gpu_ingestible.cpp:250] [coalesce-debug] parquet_batch_coalescer emit #1: 1 slice(s), acc_bytes=536609169, cap=536870912
[2026-07-09 04:20:53.151] [info] [parquet_gpu_ingestible.cpp:250] [coalesce-debug] parquet_batch_coalescer emit #2: 1 slice(s), acc_bytes=535664207, cap=536870912
[2026-07-09 04:20:53.151] [info] [parquet_gpu_ingestible.cpp:250] [coalesce-debug] parquet_batch_coalescer emit #3: 1 slice(s), acc_bytes=535675524, cap=536870912
[2026-07-09 04:20:53.151] [info] [parquet_gpu_ingestible.cpp:250] [coalesce-debug] parquet_batch_coalescer emit #4: 1 slice(s), acc_bytes=536159222, cap=536870912
[2026-07-09 04:20:53.151] [info] [parquet_gpu_ingestible.cpp:250] [coalesce-debug] parquet_batch_coalescer emit #5: 1 slice(s), acc_bytes=536412431, cap=536870912
[2026-07-09 04:20:53.151] [info] [parquet_gpu_ingestible.cpp:250] [coalesce-debug] parquet_batch_coalescer emit #6: 1 slice(s), acc_bytes=536419661, cap=536870912
[2026-07-09 04:20:53.151] [info] [parquet_gpu_ingestible.cpp:250] [coalesce-debug] parquet_batch_coalescer emit #7: 1 slice(s), acc_bytes=536409541, cap=536870912
[2026-07-09 04:20:53.151] [info] [parquet_gpu_ingestible.cpp:250] [coalesce-debug] parquet_batch_coalescer emit #8: 1 slice(s), acc_bytes=536417697, cap=536870912
[2026-07-09 04:20:53.151] [info] [parquet_gpu_ingestible.cpp:250] [coalesce-debug] parquet_batch_coalescer emit #9: 1 slice(s), acc_bytes=536419365, cap=536870912
[2026-07-09 04:20:53.151] [info] [parquet_gpu_ingestible.cpp:250] [coalesce-debug] parquet_batch_coalescer emit #10: 1 slice(s), acc_bytes=536437654, cap=536870912
[2026-07-09 04:20:53.151] [info] [parquet_gpu_ingestible.cpp:250] [coalesce-debug] parquet_batch_coalescer emit #11: 1 slice(s), acc_bytes=536429738, cap=536870912
[2026-07-09 04:20:53.151] [info] [parquet_gpu_ingestible.cpp:250] [coalesce-debug] parquet_batch_coalescer emit #12: 1 slice(s), acc_bytes=536407763, cap=536870912
[2026-07-09 04:20:53.151] [info] [parquet_gpu_ingestible.cpp:250] [coalesce-debug] parquet_batch_coalescer emit #13: 1 slice(s), acc_bytes=536414314, cap=536870912
[2026-07-09 04:20:53.151] [info] [parquet_gpu_ingestible.cpp:250] [coalesce-debug] parquet_batch_coalescer emit #14: 1 slice(s), acc_bytes=536428111, cap=536870912
[2026-07-09 04:20:53.151] [info] [parquet_gpu_ingestible.cpp:250] [coalesce-debug] parquet_batch_coalescer emit #15: 1 slice(s), acc_bytes=536428475, cap=536870912
[2026-07-09 04:20:53.151] [info] [parquet_gpu_ingestible.cpp:250] [coalesce-debug] parquet_batch_coalescer emit #16: 1 slice(s), acc_bytes=536420446, cap=536870912
[2026-07-09 04:20:53.151] [info] [parquet_gpu_ingestible.cpp:250] [coalesce-debug] parquet_batch_coalescer emit #17: 1 slice(s), acc_bytes=536413144, cap=536870912
[2026-07-09 04:20:53.151] [info] [parquet_gpu_ingestible.cpp:250] [coalesce-debug] parquet_batch_coalescer emit #18: 1 slice(s), acc_bytes=536425354, cap=536870912
[2026-07-09 04:20:53.151] [info] [load_balancing_scan_batch_coalescer.cpp:96] [coalesce-debug] load_balancer emit pipeline=5 -> preferred GPU 0
[2026-07-09 04:20:53.155] [info] [task_scheduler.cpp:462] [mgpu-audit] pipeline_task dispatched to GPU 1 task_id=300
[2026-07-09 04:20:53.155] [info] [task_scheduler.cpp:464] [locality-audit] dispatch task_id=300 preferred_device=1 actual_gpu=1
[2026-07-09 04:20:53.267] [info] [load_balancing_scan_batch_coalescer.cpp:96] [coalesce-debug] load_balancer emit pipeline=5 -> preferred GPU 1
[2026-07-09 04:20:53.333] [info] [parquet_gpu_ingestible.cpp:718] [fixed-page-cache] auto_cache_skip reason=non_fixed_width_column column_index=1 type_id=23
[2026-07-09 04:20:53.333] [info] [gpu_pipeline_task.cpp:321] [stage-audit] pipeline_id=0 task_id=298 operator_id=25 operator_name=GPU_SCAN stage_kind=SCAN operator_type=94 input_type=GPU_SCAN output_type=PIPELINEABLE actual_gpu=1 pipeline_operator_count=2 input_batches=0 input_rows=0 input_columns=0 input_bytes=0 output_batches=1 output_rows=1626175 output_columns=2 output_bytes=33578536 byte_ratio=0.000000 row_ratio=0.000000 duration_us=228280
[2026-07-09 04:20:53.333] [info] [gpu_pipeline_task.cpp:321] [stage-audit] pipeline_id=0 task_id=298 operator_id=19 operator_name=LEFT_DELIM_JOIN stage_kind=JOIN operator_type=37 input_type=PIPELINEABLE output_type=PIPELINEABLE actual_gpu=1 pipeline_operator_count=2 input_batches=1 input_rows=1626175 input_columns=2 input_bytes=33578536 output_batches=1 output_rows=1626175 output_columns=2 output_bytes=33578536 byte_ratio=1.000000 row_ratio=1.000000 duration_us=2
[2026-07-09 04:20:53.333] [warning] [gpu_pipeline_task.cpp:67] gpu_pipeline_task: operator 'LEFT_DELIM_JOIN' (id=19) output batch 0 column count mismatch: got 2, expected 1
[2026-07-09 04:20:53.333] [info] [parquet_gpu_ingestible.cpp:718] [fixed-page-cache] auto_cache_skip reason=non_fixed_width_column column_index=1 type_id=23
[2026-07-09 04:20:53.333] [info] [gpu_pipeline_task.cpp:321] [stage-audit] pipeline_id=0 task_id=297 operator_id=25 operator_name=GPU_SCAN stage_kind=SCAN operator_type=94 input_type=GPU_SCAN output_type=PIPELINEABLE actual_gpu=0 pipeline_operator_count=2 input_batches=0 input_rows=0 input_columns=0 input_bytes=0 output_batches=1 output_rows=1623613 output_columns=2 output_bytes=33529092 byte_ratio=0.000000 row_ratio=0.000000 duration_us=247443
[2026-07-09 04:20:53.333] [info] [gpu_pipeline_task.cpp:321] [stage-audit] pipeline_id=0 task_id=297 operator_id=19 operator_name=LEFT_DELIM_JOIN stage_kind=JOIN operator_type=37 input_type=PIPELINEABLE output_type=PIPELINEABLE actual_gpu=0 pipeline_operator_count=2 input_batches=1 input_rows=1623613 input_columns=2 input_bytes=33529092 output_batches=1 output_rows=1623613 output_columns=2 output_bytes=33529092 byte_ratio=1.000000 row_ratio=1.000000 duration_us=1
[2026-07-09 04:20:53.333] [warning] [gpu_pipeline_task.cpp:67] gpu_pipeline_task: operator 'LEFT_DELIM_JOIN' (id=19) output batch 0 column count mismatch: got 2, expected 1
[2026-07-09 04:20:53.336] [warning] [downgrade_executor.cpp:335] [downgrade] [GPU:1] downgrade request not satisfied and disk memory space is not configured; data cannot be spilled to disk. Consider configuring a disk memory space to enable spilling.
[2026-07-09 04:20:53.336] [warning] [gpu_pipeline_executor.cpp:250] GPU Pipeline Executor: after downgrade (46791264 bytes freed), reservation still partial (1526096512/2282138776 bytes) for pipeline 0 task 300 -- proceeding with partial reservation
[2026-07-09 04:20:53.339] [warning] [downgrade_executor.cpp:335] [downgrade] [GPU:0] downgrade request not satisfied and disk memory space is not configured; data cannot be spilled to disk. Consider configuring a disk memory space to enable spilling.
[2026-07-09 04:20:53.339] [warning] [gpu_pipeline_executor.cpp:250] GPU Pipeline Executor: after downgrade (46721004 bytes freed), reservation still partial (1522570112/4293750640 bytes) for pipeline 0 task 299 -- proceeding with partial reservation
[2026-07-09 04:20:53.417] [info] [load_balancing_scan_batch_coalescer.cpp:96] [coalesce-debug] load_balancer emit pipeline=5 -> preferred GPU 0
[2026-07-09 04:20:53.538] [info] [parquet_gpu_ingestible.cpp:718] [fixed-page-cache] auto_cache_skip reason=non_fixed_width_column column_index=1 type_id=23
[2026-07-09 04:20:53.538] [info] [gpu_pipeline_task.cpp:321] [stage-audit] pipeline_id=0 task_id=300 operator_id=25 operator_name=GPU_SCAN stage_kind=SCAN operator_type=94 input_type=GPU_SCAN output_type=PIPELINEABLE actual_gpu=1 pipeline_operator_count=2 input_batches=0 input_rows=0 input_columns=0 input_bytes=0 output_batches=1 output_rows=863786 output_columns=2 output_bytes=17840398 byte_ratio=0.000000 row_ratio=0.000000 duration_us=191546
[2026-07-09 04:20:53.538] [info] [gpu_pipeline_task.cpp:321] [stage-audit] pipeline_id=0 task_id=300 operator_id=19 operator_name=LEFT_DELIM_JOIN stage_kind=JOIN operator_type=37 input_type=PIPELINEABLE output_type=PIPELINEABLE actual_gpu=1 pipeline_operator_count=2 input_batches=1 input_rows=863786 input_columns=2 input_bytes=17840398 output_batches=1 output_rows=863786 output_columns=2 output_bytes=17840398 byte_ratio=1.000000 row_ratio=1.000000 duration_us=2
[2026-07-09 04:20:53.538] [warning] [gpu_pipeline_task.cpp:67] gpu_pipeline_task: operator 'LEFT_DELIM_JOIN' (id=19) output batch 0 column count mismatch: got 2, expected 1
[2026-07-09 04:20:53.544] [info] [parquet_gpu_ingestible.cpp:718] [fixed-page-cache] auto_cache_skip reason=non_fixed_width_column column_index=1 type_id=23
[2026-07-09 04:20:53.544] [info] [gpu_pipeline_task.cpp:321] [stage-audit] pipeline_id=0 task_id=299 operator_id=25 operator_name=GPU_SCAN stage_kind=SCAN operator_type=94 input_type=GPU_SCAN output_type=PIPELINEABLE actual_gpu=0 pipeline_operator_count=2 input_batches=0 input_rows=0 input_columns=0 input_bytes=0 output_batches=1 output_rows=1625127 output_columns=2 output_bytes=33562932 byte_ratio=0.000000 row_ratio=0.000000 duration_us=199707
[2026-07-09 04:20:53.544] [info] [gpu_pipeline_task.cpp:321] [stage-audit] pipeline_id=0 task_id=299 operator_id=19 operator_name=LEFT_DELIM_JOIN stage_kind=JOIN operator_type=37 input_type=PIPELINEABLE output_type=PIPELINEABLE actual_gpu=0 pipeline_operator_count=2 input_batches=1 input_rows=1625127 input_columns=2 input_bytes=33562932 output_batches=1 output_rows=1625127 output_columns=2 output_bytes=33562932 byte_ratio=1.000000 row_ratio=1.000000 duration_us=6
[2026-07-09 04:20:53.544] [warning] [gpu_pipeline_task.cpp:67] gpu_pipeline_task: operator 'LEFT_DELIM_JOIN' (id=19) output batch 0 column count mismatch: got 2, expected 1
[2026-07-09 04:20:53.546] [info] [task_creator.cpp:363] [locality-audit] task_create operator_id=26 input_bytes=13212728 local_bytes=0 gpu_source_bytes=0 host_source_bytes=13212728 disk_source_bytes=0 gpu_sources=0 host_sources=1 preferred_device=1
[2026-07-09 04:20:53.546] [info] [task_creator.cpp:363] [locality-audit] task_create operator_id=26 input_bytes=13191912 local_bytes=0 gpu_source_bytes=0 host_source_bytes=13191912 disk_source_bytes=0 gpu_sources=0 host_sources=1 preferred_device=0
[2026-07-09 04:20:53.546] [info] [task_creator.cpp:363] [locality-audit] task_create operator_id=26 input_bytes=7018320 local_bytes=7018320 gpu_source_bytes=7018320 host_source_bytes=0 disk_source_bytes=0 gpu_sources=1 host_sources=0 preferred_device=1
[2026-07-09 04:20:53.546] [info] [task_scheduler.cpp:462] [mgpu-audit] pipeline_task dispatched to GPU 1 task_id=301
[2026-07-09 04:20:53.546] [info] [task_scheduler.cpp:464] [locality-audit] dispatch task_id=301 preferred_device=1 actual_gpu=1
[2026-07-09 04:20:53.546] [info] [task_creator.cpp:363] [locality-audit] task_create operator_id=26 input_bytes=13204216 local_bytes=13204216 gpu_source_bytes=13204216 host_source_bytes=0 disk_source_bytes=0 gpu_sources=1 host_sources=0 preferred_device=0
[2026-07-09 04:20:53.546] [info] [task_scheduler.cpp:462] [mgpu-audit] pipeline_task dispatched to GPU 0 task_id=302
[2026-07-09 04:20:53.546] [info] [task_scheduler.cpp:464] [locality-audit] dispatch task_id=302 preferred_device=0 actual_gpu=0
[2026-07-09 04:20:53.546] [info] [task_scheduler.cpp:462] [mgpu-audit] pipeline_task dispatched to GPU 1 task_id=303
[2026-07-09 04:20:53.546] [info] [task_scheduler.cpp:464] [locality-audit] dispatch task_id=303 preferred_device=1 actual_gpu=1
[2026-07-09 04:20:53.546] [info] [task_scheduler.cpp:462] [mgpu-audit] pipeline_task dispatched to GPU 0 task_id=304
[2026-07-09 04:20:53.546] [info] [task_scheduler.cpp:464] [locality-audit] dispatch task_id=304 preferred_device=0 actual_gpu=0
[2026-07-09 04:20:53.546] [info] [gpu_pipeline_task.cpp:188] [locality-audit] prepare_before pipeline_id=1 task_id=301 preferred_device=1 actual_gpu=1 target_tier=GPU target_device=1 input_bytes=13212728 local_bytes=0 remote_gpu_bytes=0 host_bytes=13212728 disk_bytes=0 batch_count=1
[2026-07-09 04:20:53.546] [info] [gpu_pipeline_task.cpp:188] [locality-audit] prepare_before pipeline_id=1 task_id=303 preferred_device=1 actual_gpu=1 target_tier=GPU target_device=1 input_bytes=7018320 local_bytes=7018320 remote_gpu_bytes=0 host_bytes=0 disk_bytes=0 batch_count=1
[2026-07-09 04:20:53.546] [info] [gpu_pipeline_task.cpp:188] [locality-audit] prepare_before pipeline_id=1 task_id=304 preferred_device=0 actual_gpu=0 target_tier=GPU target_device=0 input_bytes=13204216 local_bytes=13204216 remote_gpu_bytes=0 host_bytes=0 disk_bytes=0 batch_count=1
[2026-07-09 04:20:53.546] [info] [gpu_pipeline_task.cpp:188] [locality-audit] prepare_before pipeline_id=1 task_id=302 preferred_device=0 actual_gpu=0 target_tier=GPU target_device=0 input_bytes=13191912 local_bytes=0 remote_gpu_bytes=0 host_bytes=13191912 disk_bytes=0 batch_count=1
[2026-07-09 04:20:53.546] [info] [gpu_pipeline_task.cpp:188] [locality-audit] prepare_after pipeline_id=1 task_id=303 preferred_device=1 actual_gpu=1 target_tier=GPU target_device=1 input_bytes=7018320 local_bytes=7018320 remote_gpu_bytes=0 host_bytes=0 disk_bytes=0 batch_count=1
[2026-07-09 04:20:53.546] [info] [gpu_pipeline_task.cpp:188] [locality-audit] prepare_after pipeline_id=1 task_id=304 preferred_device=0 actual_gpu=0 target_tier=GPU target_device=0 input_bytes=13204216 local_bytes=13204216 remote_gpu_bytes=0 host_bytes=0 disk_bytes=0 batch_count=1
[2026-07-09 04:20:53.547] [info] [gpu_pipeline_task.cpp:321] [stage-audit] pipeline_id=1 task_id=304 operator_id=26 operator_name=PARTITION stage_kind=PARTITION operator_type=82 input_type=PIPELINEABLE output_type=PIPELINEABLE actual_gpu=0 pipeline_operator_count=1 input_batches=1 input_rows=1625127 input_columns=1 input_bytes=13204216 output_batches=2 output_rows=1625127 output_columns=2 output_bytes=13001016 byte_ratio=0.984611 row_ratio=1.000000 duration_us=582
[2026-07-09 04:20:53.547] [info] [gpu_pipeline_task.cpp:188] [locality-audit] prepare_after pipeline_id=1 task_id=301 preferred_device=1 actual_gpu=1 target_tier=GPU target_device=1 input_bytes=13212728 local_bytes=13212728 remote_gpu_bytes=0 host_bytes=0 disk_bytes=0 batch_count=1
[2026-07-09 04:20:53.547] [info] [gpu_pipeline_task.cpp:321] [stage-audit] pipeline_id=1 task_id=303 operator_id=26 operator_name=PARTITION stage_kind=PARTITION operator_type=82 input_type=PIPELINEABLE output_type=PIPELINEABLE actual_gpu=1 pipeline_operator_count=1 input_batches=1 input_rows=863786 input_columns=1 input_bytes=7018320 output_batches=2 output_rows=863786 output_columns=2 output_bytes=6910288 byte_ratio=0.984607 row_ratio=1.000000 duration_us=848
[2026-07-09 04:20:53.548] [info] [gpu_pipeline_task.cpp:188] [locality-audit] prepare_after pipeline_id=1 task_id=302 preferred_device=0 actual_gpu=0 target_tier=GPU target_device=0 input_bytes=13191912 local_bytes=13191912 remote_gpu_bytes=0 host_bytes=0 disk_bytes=0 batch_count=1
[2026-07-09 04:20:53.548] [info] [gpu_pipeline_task.cpp:321] [stage-audit] pipeline_id=1 task_id=301 operator_id=26 operator_name=PARTITION stage_kind=PARTITION operator_type=82 input_type=PIPELINEABLE output_type=PIPELINEABLE actual_gpu=1 pipeline_operator_count=1 input_batches=1 input_rows=1626175 input_columns=1 input_bytes=13212728 output_batches=2 output_rows=1626175 output_columns=2 output_bytes=13009400 byte_ratio=0.984611 row_ratio=1.000000 duration_us=727
[2026-07-09 04:20:53.548] [info] [gpu_pipeline_task.cpp:321] [stage-audit] pipeline_id=1 task_id=302 operator_id=26 operator_name=PARTITION stage_kind=PARTITION operator_type=82 input_type=PIPELINEABLE output_type=PIPELINEABLE actual_gpu=0 pipeline_operator_count=1 input_batches=1 input_rows=1623613 input_columns=1 input_bytes=13191912 output_batches=2 output_rows=1623613 output_columns=2 output_bytes=12988904 byte_ratio=0.984611 row_ratio=1.000000 duration_us=624
[2026-07-09 04:20:53.548] [info] [task_scheduler.cpp:462] [mgpu-audit] pipeline_task dispatched to GPU 0 task_id=305
[2026-07-09 04:20:53.548] [info] [task_scheduler.cpp:464] [locality-audit] dispatch task_id=305 preferred_device=0 actual_gpu=0
[2026-07-09 04:20:53.548] [info] [task_scheduler.cpp:462] [mgpu-audit] pipeline_task dispatched to GPU 1 task_id=306
[2026-07-09 04:20:53.548] [info] [task_scheduler.cpp:464] [locality-audit] dispatch task_id=306 preferred_device=1 actual_gpu=1
[2026-07-09 04:20:53.548] [info] [gpu_pipeline_task.cpp:188] [locality-audit] prepare_before pipeline_id=2 task_id=306 preferred_device=1 actual_gpu=1 target_tier=GPU target_device=1 input_bytes=22949792 local_bytes=9956000 remote_gpu_bytes=12993792 host_bytes=0 disk_bytes=0 batch_count=4
[2026-07-09 04:20:53.548] [info] [gpu_pipeline_task.cpp:188] [locality-audit] prepare_before pipeline_id=2 task_id=305 preferred_device=0 actual_gpu=0 target_tier=GPU target_device=0 input_bytes=22959816 local_bytes=12996128 remote_gpu_bytes=9963688 host_bytes=0 disk_bytes=0 batch_count=4
[2026-07-09 04:20:53.549] [info] [gpu_pipeline_task.cpp:188] [locality-audit] prepare_after pipeline_id=2 task_id=305 preferred_device=0 actual_gpu=0 target_tier=GPU target_device=0 input_bytes=22959816 local_bytes=22959816 remote_gpu_bytes=0 host_bytes=0 disk_bytes=0 batch_count=4
[2026-07-09 04:20:53.550] [info] [gpu_pipeline_task.cpp:188] [locality-audit] prepare_after pipeline_id=2 task_id=306 preferred_device=1 actual_gpu=1 target_tier=GPU target_device=1 input_bytes=22949792 local_bytes=22949792 remote_gpu_bytes=0 host_bytes=0 disk_bytes=0 batch_count=4
[2026-07-09 04:20:53.552] [info] [gpu_pipeline_task.cpp:321] [stage-audit] pipeline_id=2 task_id=305 operator_id=27 operator_name=MERGE_GROUP_BY stage_kind=AGGREGATE operator_type=85 input_type=PARTITIONED output_type=PIPELINEABLE actual_gpu=0 pipeline_operator_count=1 input_batches=4 input_rows=2869977 input_columns=4 input_bytes=22959816 output_batches=1 output_rows=2869977 output_columns=1 output_bytes=22959816 byte_ratio=1.000000 row_ratio=1.000000 duration_us=3039
[2026-07-09 04:20:53.553] [info] [gpu_pipeline_task.cpp:321] [stage-audit] pipeline_id=2 task_id=306 operator_id=27 operator_name=MERGE_GROUP_BY stage_kind=AGGREGATE operator_type=85 input_type=PARTITIONED output_type=PIPELINEABLE actual_gpu=1 pipeline_operator_count=1 input_batches=4 input_rows=2868724 input_columns=4 input_bytes=22949792 output_batches=1 output_rows=2868724 output_columns=1 output_bytes=22949792 byte_ratio=1.000000 row_ratio=1.000000 duration_us=3167
[2026-07-09 04:20:53.553] [info] [task_creator.cpp:363] [locality-audit] task_create operator_id=29 input_bytes=22959816 local_bytes=22959816 gpu_source_bytes=22959816 host_source_bytes=0 disk_source_bytes=0 gpu_sources=1 host_sources=0 preferred_device=0
[2026-07-09 04:20:53.553] [info] [task_creator.cpp:363] [locality-audit] task_create operator_id=29 input_bytes=22949792 local_bytes=22949792 gpu_source_bytes=22949792 host_source_bytes=0 disk_source_bytes=0 gpu_sources=1 host_sources=0 preferred_device=1
[2026-07-09 04:20:53.553] [info] [task_scheduler.cpp:462] [mgpu-audit] pipeline_task dispatched to GPU 1 task_id=308
[2026-07-09 04:20:53.553] [info] [task_scheduler.cpp:464] [locality-audit] dispatch task_id=308 preferred_device=1 actual_gpu=1
[2026-07-09 04:20:53.553] [info] [task_scheduler.cpp:462] [mgpu-audit] pipeline_task dispatched to GPU 0 task_id=307
[2026-07-09 04:20:53.553] [info] [task_scheduler.cpp:464] [locality-audit] dispatch task_id=307 preferred_device=0 actual_gpu=0
[2026-07-09 04:20:53.553] [info] [gpu_pipeline_task.cpp:188] [locality-audit] prepare_before pipeline_id=3 task_id=308 preferred_device=1 actual_gpu=1 target_tier=GPU target_device=1 input_bytes=22949792 local_bytes=22949792 remote_gpu_bytes=0 host_bytes=0 disk_bytes=0 batch_count=1
[2026-07-09 04:20:53.553] [info] [gpu_pipeline_task.cpp:188] [locality-audit] prepare_before pipeline_id=3 task_id=307 preferred_device=0 actual_gpu=0 target_tier=GPU target_device=0 input_bytes=22959816 local_bytes=22959816 remote_gpu_bytes=0 host_bytes=0 disk_bytes=0 batch_count=1
[2026-07-09 04:20:53.553] [info] [gpu_pipeline_task.cpp:188] [locality-audit] prepare_after pipeline_id=3 task_id=308 preferred_device=1 actual_gpu=1 target_tier=GPU target_device=1 input_bytes=22949792 local_bytes=22949792 remote_gpu_bytes=0 host_bytes=0 disk_bytes=0 batch_count=1
[2026-07-09 04:20:53.553] [info] [gpu_pipeline_task.cpp:188] [locality-audit] prepare_after pipeline_id=3 task_id=307 preferred_device=0 actual_gpu=0 target_tier=GPU target_device=0 input_bytes=22959816 local_bytes=22959816 remote_gpu_bytes=0 host_bytes=0 disk_bytes=0 batch_count=1
[2026-07-09 04:20:53.554] [info] [gpu_pipeline_task.cpp:321] [stage-audit] pipeline_id=3 task_id=308 operator_id=29 operator_name=PARTITION stage_kind=PARTITION operator_type=82 input_type=PIPELINEABLE output_type=PIPELINEABLE actual_gpu=1 pipeline_operator_count=1 input_batches=1 input_rows=2868724 input_columns=1 input_bytes=22949792 output_batches=2 output_rows=2868724 output_columns=2 output_bytes=22949792 byte_ratio=1.000000 row_ratio=1.000000 duration_us=491
[2026-07-09 04:20:53.554] [info] [gpu_pipeline_task.cpp:321] [stage-audit] pipeline_id=3 task_id=307 operator_id=29 operator_name=PARTITION stage_kind=PARTITION operator_type=82 input_type=PIPELINEABLE output_type=PIPELINEABLE actual_gpu=0 pipeline_operator_count=1 input_batches=1 input_rows=2869977 input_columns=1 input_bytes=22959816 output_batches=2 output_rows=2869977 output_columns=2 output_bytes=22959816 byte_ratio=1.000000 row_ratio=1.000000 duration_us=499
[2026-07-09 04:20:53.554] [info] [task_scheduler.cpp:462] [mgpu-audit] pipeline_task dispatched to GPU 1 task_id=310
[2026-07-09 04:20:53.554] [info] [task_scheduler.cpp:464] [locality-audit] dispatch task_id=310 preferred_device=1 actual_gpu=1
[2026-07-09 04:20:53.554] [info] [task_scheduler.cpp:462] [mgpu-audit] pipeline_task dispatched to GPU 0 task_id=309
[2026-07-09 04:20:53.554] [info] [task_scheduler.cpp:464] [locality-audit] dispatch task_id=309 preferred_device=0 actual_gpu=0
[2026-07-09 04:20:53.554] [info] [gpu_pipeline_task.cpp:188] [locality-audit] prepare_before pipeline_id=4 task_id=310 preferred_device=1 actual_gpu=1 target_tier=GPU target_device=1 input_bytes=22949792 local_bytes=22949792 remote_gpu_bytes=0 host_bytes=0 disk_bytes=0 batch_count=2
[2026-07-09 04:20:53.554] [info] [gpu_pipeline_task.cpp:188] [locality-audit] prepare_before pipeline_id=4 task_id=309 preferred_device=0 actual_gpu=0 target_tier=GPU target_device=0 input_bytes=22959816 local_bytes=22959816 remote_gpu_bytes=0 host_bytes=0 disk_bytes=0 batch_count=2
[2026-07-09 04:20:53.554] [info] [gpu_pipeline_task.cpp:188] [locality-audit] prepare_after pipeline_id=4 task_id=310 preferred_device=1 actual_gpu=1 target_tier=GPU target_device=1 input_bytes=22949792 local_bytes=22949792 remote_gpu_bytes=0 host_bytes=0 disk_bytes=0 batch_count=2
[2026-07-09 04:20:53.554] [info] [gpu_pipeline_task.cpp:188] [locality-audit] prepare_after pipeline_id=4 task_id=309 preferred_device=0 actual_gpu=0 target_tier=GPU target_device=0 input_bytes=22959816 local_bytes=22959816 remote_gpu_bytes=0 host_bytes=0 disk_bytes=0 batch_count=2
[2026-07-09 04:20:53.554] [info] [gpu_pipeline_task.cpp:321] [stage-audit] pipeline_id=4 task_id=310 operator_id=28 operator_name=CONCAT stage_kind=CONCAT operator_type=83 input_type=PARTITIONED output_type=PARTITIONED actual_gpu=1 pipeline_operator_count=1 input_batches=2 input_rows=2868724 input_columns=2 input_bytes=22949792 output_batches=1 output_rows=2868724 output_columns=1 output_bytes=22949792 byte_ratio=1.000000 row_ratio=1.000000 duration_us=530
[2026-07-09 04:20:53.554] [info] [gpu_pipeline_task.cpp:321] [stage-audit] pipeline_id=4 task_id=309 operator_id=28 operator_name=CONCAT stage_kind=CONCAT operator_type=83 input_type=PARTITIONED output_type=PARTITIONED actual_gpu=0 pipeline_operator_count=1 input_batches=2 input_rows=2869977 input_columns=2 input_bytes=22959816 output_batches=1 output_rows=2869977 output_columns=1 output_bytes=22959816 byte_ratio=1.000000 row_ratio=1.000000 duration_us=553
[2026-07-09 04:20:53.572] [info] [load_balancing_scan_batch_coalescer.cpp:96] [coalesce-debug] load_balancer emit pipeline=5 -> preferred GPU 1
[2026-07-09 04:20:53.596] [info] [task_scheduler.cpp:462] [mgpu-audit] pipeline_task dispatched to GPU 0 task_id=311
[2026-07-09 04:20:53.596] [info] [task_scheduler.cpp:464] [locality-audit] dispatch task_id=311 preferred_device=0 actual_gpu=0
[2026-07-09 04:20:53.599] [warning] [downgrade_executor.cpp:335] [downgrade] [GPU:0] downgrade request not satisfied and disk memory space is not configured; data cannot be spilled to disk. Consider configuring a disk memory space to enable spilling.
[2026-07-09 04:20:53.599] [warning] [gpu_pipeline_executor.cpp:250] GPU Pipeline Executor: after downgrade (56522748 bytes freed), reservation still partial (1522570112/4292873352 bytes) for pipeline 5 task 311 -- proceeding with partial reservation
[2026-07-09 04:20:53.658] [info] [task_scheduler.cpp:462] [mgpu-audit] pipeline_task dispatched to GPU 1 task_id=312
[2026-07-09 04:20:53.658] [info] [task_scheduler.cpp:464] [locality-audit] dispatch task_id=312 preferred_device=1 actual_gpu=1
[2026-07-09 04:20:53.660] [warning] [downgrade_executor.cpp:335] [downgrade] [GPU:1] downgrade request not satisfied and disk memory space is not configured; data cannot be spilled to disk. Consider configuring a disk memory space to enable spilling.
[2026-07-09 04:20:53.660] [warning] [gpu_pipeline_executor.cpp:250] GPU Pipeline Executor: after downgrade (40790190 bytes freed), reservation still partial (1526096512/4285313656 bytes) for pipeline 5 task 312 -- proceeding with partial reservation
[2026-07-09 04:20:53.727] [info] [task_scheduler.cpp:462] [mgpu-audit] pipeline_task dispatched to GPU 0 task_id=313
[2026-07-09 04:20:53.727] [info] [task_scheduler.cpp:464] [locality-audit] dispatch task_id=313 preferred_device=0 actual_gpu=0
[2026-07-09 04:20:53.745] [info] [load_balancing_scan_batch_coalescer.cpp:96] [coalesce-debug] load_balancer emit pipeline=5 -> preferred GPU 0
[2026-07-09 04:20:53.774] [info] [task_scheduler.cpp:462] [mgpu-audit] pipeline_task dispatched to GPU 1 task_id=314
[2026-07-09 04:20:53.774] [info] [task_scheduler.cpp:464] [locality-audit] dispatch task_id=314 preferred_device=1 actual_gpu=1
[2026-07-09 04:20:53.921] [info] [load_balancing_scan_batch_coalescer.cpp:96] [coalesce-debug] load_balancer emit pipeline=5 -> preferred GPU 1
[2026-07-09 04:20:53.938] [info] [sirius_scan_manager.cpp:1014] [fixed-page-cache] page_budget applied scope=global device=1 policy=score budget_bytes_per_gpu=4294967296 evicted_pages=32 evicted_bytes=523770404 resident_bytes_after=4289465236 min_score=440 max_score=1050
[2026-07-09 04:20:53.938] [info] [sirius_scan_manager.cpp:1513] [fixed-page-cache] page_directory appended table='__wdy_auto_fixed_page:/mnt/nvme/dataset/lineitem.parquet;' fixed_cols=3 pages=1793 resident_pages=526 resident_bytes=8582720760 stats_pages=1793 evicted_pages=1267 eviction_count=32 directory_entries=1793 page_bytes=16777216 rows=1832826044 owned_pages=1
[2026-07-09 04:20:53.938] [info] [parquet_gpu_ingestible.cpp:756] [fixed-page-cache] auto_cache_populate table='__wdy_auto_fixed_page:/mnt/nvme/dataset/lineitem.parquet;' rows=32712338 columns=3
[2026-07-09 04:20:53.938] [info] [gpu_pipeline_task.cpp:321] [stage-audit] pipeline_id=5 task_id=312 operator_id=30 operator_name=GPU_SCAN stage_kind=SCAN operator_type=94 input_type=GPU_SCAN output_type=PIPELINEABLE actual_gpu=1 pipeline_operator_count=3 input_batches=0 input_rows=0 input_columns=0 input_bytes=0 output_batches=1 output_rows=32712338 output_columns=3 output_bytes=535664672 byte_ratio=0.000000 row_ratio=0.000000 duration_us=239430
[2026-07-09 04:20:53.940] [info] [task_scheduler.cpp:462] [mgpu-audit] pipeline_task dispatched to GPU 0 task_id=315
[2026-07-09 04:20:53.940] [info] [task_scheduler.cpp:464] [locality-audit] dispatch task_id=315 preferred_device=0 actual_gpu=0
[2026-07-09 04:20:53.948] [info] [gpu_pipeline_task.cpp:321] [stage-audit] pipeline_id=5 task_id=312 operator_id=31 operator_name=DYNAMIC_FILTER stage_kind=OTHER operator_type=95 input_type=PIPELINEABLE output_type=PIPELINEABLE actual_gpu=1 pipeline_operator_count=3 input_batches=1 input_rows=32712338 input_columns=3 input_bytes=535664672 output_batches=1 output_rows=32712338 output_columns=3 output_bytes=535664672 byte_ratio=1.000000 row_ratio=1.000000 duration_us=9234
[2026-07-09 04:20:53.953] [info] [gpu_pipeline_task.cpp:321] [stage-audit] pipeline_id=5 task_id=312 operator_id=14 operator_name=FILTER stage_kind=FILTER operator_type=12 input_type=PIPELINEABLE output_type=PIPELINEABLE actual_gpu=1 pipeline_operator_count=3 input_batches=1 input_rows=32712338 input_columns=3 input_bytes=535664672 output_batches=1 output_rows=20682963 output_columns=1 output_bytes=168049112 byte_ratio=0.313721 row_ratio=0.632268 duration_us=5581
[2026-07-09 04:20:53.957] [info] [sirius_scan_manager.cpp:1014] [fixed-page-cache] page_budget applied scope=global device=0 policy=score budget_bytes_per_gpu=4294967296 evicted_pages=32 evicted_bytes=524230556 resident_bytes_after=4293345720 min_score=440 max_score=1050
[2026-07-09 04:20:53.957] [info] [sirius_scan_manager.cpp:1513] [fixed-page-cache] page_directory appended table='__wdy_auto_fixed_page:/mnt/nvme/dataset/lineitem.parquet;' fixed_cols=3 pages=1825 resident_pages=526 resident_bytes=8582810956 stats_pages=1825 evicted_pages=1299 eviction_count=32 directory_entries=1825 page_bytes=16777216 rows=1865596091 owned_pages=1
[2026-07-09 04:20:53.957] [info] [parquet_gpu_ingestible.cpp:756] [fixed-page-cache] auto_cache_populate table='__wdy_auto_fixed_page:/mnt/nvme/dataset/lineitem.parquet;' rows=32770047 columns=3
[2026-07-09 04:20:53.957] [info] [gpu_pipeline_task.cpp:321] [stage-audit] pipeline_id=5 task_id=311 operator_id=30 operator_name=GPU_SCAN stage_kind=SCAN operator_type=94 input_type=GPU_SCAN output_type=PIPELINEABLE actual_gpu=0 pipeline_operator_count=3 input_batches=0 input_rows=0 input_columns=0 input_bytes=0 output_batches=1 output_rows=32770047 output_columns=3 output_bytes=536609520 byte_ratio=0.000000 row_ratio=0.000000 duration_us=317491
[2026-07-09 04:20:53.957] [info] [gpu_pipeline_task.cpp:321] [stage-audit] pipeline_id=5 task_id=311 operator_id=31 operator_name=DYNAMIC_FILTER stage_kind=OTHER operator_type=95 input_type=PIPELINEABLE output_type=PIPELINEABLE actual_gpu=0 pipeline_operator_count=3 input_batches=1 input_rows=32770047 input_columns=3 input_bytes=536609520 output_batches=1 output_rows=32770047 output_columns=3 output_bytes=536609520 byte_ratio=1.000000 row_ratio=1.000000 duration_us=2
[2026-07-09 04:20:53.959] [info] [gpu_pipeline_task.cpp:321] [stage-audit] pipeline_id=5 task_id=311 operator_id=14 operator_name=FILTER stage_kind=FILTER operator_type=12 input_type=PIPELINEABLE output_type=PIPELINEABLE actual_gpu=0 pipeline_operator_count=3 input_batches=1 input_rows=32770047 input_columns=3 input_bytes=536609520 output_batches=1 output_rows=20720142 output_columns=1 output_bytes=168351216 byte_ratio=0.313731 row_ratio=0.632289 duration_us=1879
[2026-07-09 04:20:53.960] [warning] [downgrade_executor.cpp:335] [downgrade] [GPU:1] downgrade request not satisfied and disk memory space is not configured; data cannot be spilled to disk. Consider configuring a disk memory space to enable spilling.
[2026-07-09 04:20:53.960] [warning] [gpu_pipeline_executor.cpp:250] GPU Pipeline Executor: after downgrade (168049112 bytes freed), reservation still partial (1526481280/4289273776 bytes) for pipeline 5 task 314 -- proceeding with partial reservation
[2026-07-09 04:20:53.966] [warning] [downgrade_executor.cpp:335] [downgrade] [GPU:0] downgrade request not satisfied and disk memory space is not configured; data cannot be spilled to disk. Consider configuring a disk memory space to enable spilling.
[2026-07-09 04:20:53.966] [warning] [gpu_pipeline_executor.cpp:250] GPU Pipeline Executor: after downgrade (168351216 bytes freed), reservation still partial (1522477440/4285404192 bytes) for pipeline 5 task 313 -- proceeding with partial reservation
[2026-07-09 04:20:54.106] [info] [load_balancing_scan_batch_coalescer.cpp:96] [coalesce-debug] load_balancer emit pipeline=5 -> preferred GPU 0
[2026-07-09 04:20:54.124] [info] [task_scheduler.cpp:462] [mgpu-audit] pipeline_task dispatched to GPU 1 task_id=316
[2026-07-09 04:20:54.125] [info] [task_scheduler.cpp:464] [locality-audit] dispatch task_id=316 preferred_device=1 actual_gpu=1
[2026-07-09 04:20:54.286] [info] [sirius_scan_manager.cpp:1014] [fixed-page-cache] page_budget applied scope=global device=1 policy=score budget_bytes_per_gpu=4294967296 evicted_pages=32 evicted_bytes=524007496 resident_bytes_after=4289338844 min_score=440 max_score=1050
[2026-07-09 04:20:54.286] [info] [sirius_scan_manager.cpp:1513] [fixed-page-cache] page_directory appended table='__wdy_auto_fixed_page:/mnt/nvme/dataset/lineitem.parquet;' fixed_cols=3 pages=1857 resident_pages=526 resident_bytes=8582684564 stats_pages=1857 evicted_pages=1331 eviction_count=32 directory_entries=1857 page_bytes=16777216 rows=1898338660 owned_pages=1
[2026-07-09 04:20:54.286] [info] [parquet_gpu_ingestible.cpp:756] [fixed-page-cache] auto_cache_populate table='__wdy_auto_fixed_page:/mnt/nvme/dataset/lineitem.parquet;' rows=32742569 columns=3
[2026-07-09 04:20:54.286] [info] [gpu_pipeline_task.cpp:321] [stage-audit] pipeline_id=5 task_id=314 operator_id=30 operator_name=GPU_SCAN stage_kind=SCAN operator_type=94 input_type=GPU_SCAN output_type=PIPELINEABLE actual_gpu=1 pipeline_operator_count=3 input_batches=0 input_rows=0 input_columns=0 input_bytes=0 output_batches=1 output_rows=32742569 output_columns=3 output_bytes=536159696 byte_ratio=0.000000 row_ratio=0.000000 duration_us=286341
[2026-07-09 04:20:54.290] [info] [load_balancing_scan_batch_coalescer.cpp:96] [coalesce-debug] load_balancer emit pipeline=5 -> preferred GPU 1
[2026-07-09 04:20:54.299] [info] [gpu_pipeline_task.cpp:321] [stage-audit] pipeline_id=5 task_id=314 operator_id=31 operator_name=DYNAMIC_FILTER stage_kind=OTHER operator_type=95 input_type=PIPELINEABLE output_type=PIPELINEABLE actual_gpu=1 pipeline_operator_count=3 input_batches=1 input_rows=32742569 input_columns=3 input_bytes=536159696 output_batches=1 output_rows=32742569 output_columns=3 output_bytes=536159696 byte_ratio=1.000000 row_ratio=1.000000 duration_us=12542
[2026-07-09 04:20:54.305] [info] [gpu_pipeline_task.cpp:321] [stage-audit] pipeline_id=5 task_id=314 operator_id=14 operator_name=FILTER stage_kind=FILTER operator_type=12 input_type=PIPELINEABLE output_type=PIPELINEABLE actual_gpu=1 pipeline_operator_count=3 input_batches=1 input_rows=32742569 input_columns=3 input_bytes=536159696 output_batches=1 output_rows=20700473 output_columns=1 output_bytes=168191368 byte_ratio=0.313696 row_ratio=0.632219 duration_us=6535
[2026-07-09 04:20:54.307] [info] [task_scheduler.cpp:462] [mgpu-audit] pipeline_task dispatched to GPU 0 task_id=317
[2026-07-09 04:20:54.307] [info] [task_scheduler.cpp:464] [locality-audit] dispatch task_id=317 preferred_device=0 actual_gpu=0
[2026-07-09 04:20:54.311] [info] [sirius_scan_manager.cpp:1014] [fixed-page-cache] page_budget applied scope=global device=0 policy=score budget_bytes_per_gpu=4294967296 evicted_pages=32 evicted_bytes=523772868 resident_bytes_after=4292981316 min_score=440 max_score=1050
[2026-07-09 04:20:54.311] [info] [sirius_scan_manager.cpp:1513] [fixed-page-cache] page_directory appended table='__wdy_auto_fixed_page:/mnt/nvme/dataset/lineitem.parquet;' fixed_cols=3 pages=1889 resident_pages=526 resident_bytes=8582320160 stats_pages=1889 evicted_pages=1363 eviction_count=32 directory_entries=1889 page_bytes=16777216 rows=1931051689 owned_pages=1
[2026-07-09 04:20:54.311] [info] [parquet_gpu_ingestible.cpp:756] [fixed-page-cache] auto_cache_populate table='__wdy_auto_fixed_page:/mnt/nvme/dataset/lineitem.parquet;' rows=32713029 columns=3
[2026-07-09 04:20:54.311] [info] [gpu_pipeline_task.cpp:321] [stage-audit] pipeline_id=5 task_id=313 operator_id=30 operator_name=GPU_SCAN stage_kind=SCAN operator_type=94 input_type=GPU_SCAN output_type=PIPELINEABLE actual_gpu=0 pipeline_operator_count=3 input_batches=0 input_rows=0 input_columns=0 input_bytes=0 output_batches=1 output_rows=32713029 output_columns=3 output_bytes=535675920 byte_ratio=0.000000 row_ratio=0.000000 duration_us=307065
[2026-07-09 04:20:54.312] [info] [gpu_pipeline_task.cpp:321] [stage-audit] pipeline_id=5 task_id=313 operator_id=31 operator_name=DYNAMIC_FILTER stage_kind=OTHER operator_type=95 input_type=PIPELINEABLE output_type=PIPELINEABLE actual_gpu=0 pipeline_operator_count=3 input_batches=1 input_rows=32713029 input_columns=3 input_bytes=535675920 output_batches=1 output_rows=32713029 output_columns=3 output_bytes=535675920 byte_ratio=1.000000 row_ratio=1.000000 duration_us=3
[2026-07-09 04:20:54.313] [info] [gpu_pipeline_task.cpp:321] [stage-audit] pipeline_id=5 task_id=313 operator_id=14 operator_name=FILTER stage_kind=FILTER operator_type=12 input_type=PIPELINEABLE output_type=PIPELINEABLE actual_gpu=0 pipeline_operator_count=3 input_batches=1 input_rows=32713029 input_columns=3 input_bytes=535675920 output_batches=1 output_rows=20682621 output_columns=1 output_bytes=168046312 byte_ratio=0.313709 row_ratio=0.632244 duration_us=1672
[2026-07-09 04:20:54.477] [info] [load_balancing_scan_batch_coalescer.cpp:96] [coalesce-debug] load_balancer emit pipeline=5 -> preferred GPU 0
[2026-07-09 04:20:54.493] [info] [task_scheduler.cpp:462] [mgpu-audit] pipeline_task dispatched to GPU 1 task_id=318
[2026-07-09 04:20:54.493] [info] [task_scheduler.cpp:464] [locality-audit] dispatch task_id=318 preferred_device=1 actual_gpu=1
[2026-07-09 04:20:54.633] [info] [sirius_scan_manager.cpp:1014] [fixed-page-cache] page_budget applied scope=global device=1 policy=score budget_bytes_per_gpu=4294967296 evicted_pages=32 evicted_bytes=524137176 resident_bytes_after=4289337268 min_score=440 max_score=1050
[2026-07-09 04:20:54.633] [info] [sirius_scan_manager.cpp:1513] [fixed-page-cache] page_directory appended table='__wdy_auto_fixed_page:/mnt/nvme/dataset/lineitem.parquet;' fixed_cols=3 pages=1921 resident_pages=526 resident_bytes=8582318584 stats_pages=1921 evicted_pages=1395 eviction_count=32 directory_entries=1921 page_bytes=16777216 rows=1963810164 owned_pages=1
[2026-07-09 04:20:54.633] [info] [parquet_gpu_ingestible.cpp:756] [fixed-page-cache] auto_cache_populate table='__wdy_auto_fixed_page:/mnt/nvme/dataset/lineitem.parquet;' rows=32758475 columns=3
[2026-07-09 04:20:54.633] [info] [gpu_pipeline_task.cpp:321] [stage-audit] pipeline_id=5 task_id=316 operator_id=30 operator_name=GPU_SCAN stage_kind=SCAN operator_type=94 input_type=GPU_SCAN output_type=PIPELINEABLE actual_gpu=1 pipeline_operator_count=3 input_batches=0 input_rows=0 input_columns=0 input_bytes=0 output_batches=1 output_rows=32758475 output_columns=3 output_bytes=536420144 byte_ratio=0.000000 row_ratio=0.000000 duration_us=292290
[2026-07-09 04:20:54.633] [info] [gpu_pipeline_task.cpp:321] [stage-audit] pipeline_id=5 task_id=316 operator_id=31 operator_name=DYNAMIC_FILTER stage_kind=OTHER operator_type=95 input_type=PIPELINEABLE output_type=PIPELINEABLE actual_gpu=1 pipeline_operator_count=3 input_batches=1 input_rows=32758475 input_columns=3 input_bytes=536420144 output_batches=1 output_rows=32758475 output_columns=3 output_bytes=536420144 byte_ratio=1.000000 row_ratio=1.000000 duration_us=3
[2026-07-09 04:20:54.637] [info] [gpu_pipeline_task.cpp:321] [stage-audit] pipeline_id=5 task_id=316 operator_id=14 operator_name=FILTER stage_kind=FILTER operator_type=12 input_type=PIPELINEABLE output_type=PIPELINEABLE actual_gpu=1 pipeline_operator_count=3 input_batches=1 input_rows=32758475 input_columns=3 input_bytes=536420144 output_batches=1 output_rows=20710336 output_columns=1 output_bytes=168271488 byte_ratio=0.313693 row_ratio=0.632213 duration_us=3061
[2026-07-09 04:20:54.655] [info] [sirius_scan_manager.cpp:1014] [fixed-page-cache] page_budget applied scope=global device=0 policy=score budget_bytes_per_gpu=4294967296 evicted_pages=33 evicted_bytes=532545396 resident_bytes_after=4284564416 min_score=440 max_score=1050
[2026-07-09 04:20:54.655] [info] [sirius_scan_manager.cpp:1513] [fixed-page-cache] page_directory appended table='__wdy_auto_fixed_page:/mnt/nvme/dataset/lineitem.parquet;' fixed_cols=3 pages=1953 resident_pages=525 resident_bytes=8573901684 stats_pages=1953 evicted_pages=1428 eviction_count=33 directory_entries=1953 page_bytes=16777216 rows=1996568195 owned_pages=1
[2026-07-09 04:20:54.655] [info] [parquet_gpu_ingestible.cpp:756] [fixed-page-cache] auto_cache_populate table='__wdy_auto_fixed_page:/mnt/nvme/dataset/lineitem.parquet;' rows=32758031 columns=3
[2026-07-09 04:20:54.655] [info] [gpu_pipeline_task.cpp:321] [stage-audit] pipeline_id=5 task_id=315 operator_id=30 operator_name=GPU_SCAN stage_kind=SCAN operator_type=94 input_type=GPU_SCAN output_type=PIPELINEABLE actual_gpu=0 pipeline_operator_count=3 input_batches=0 input_rows=0 input_columns=0 input_bytes=0 output_batches=1 output_rows=32758031 output_columns=3 output_bytes=536412848 byte_ratio=0.000000 row_ratio=0.000000 duration_us=308200
[2026-07-09 04:20:54.655] [info] [gpu_pipeline_task.cpp:321] [stage-audit] pipeline_id=5 task_id=315 operator_id=31 operator_name=DYNAMIC_FILTER stage_kind=OTHER operator_type=95 input_type=PIPELINEABLE output_type=PIPELINEABLE actual_gpu=0 pipeline_operator_count=3 input_batches=1 input_rows=32758031 input_columns=3 input_bytes=536412848 output_batches=1 output_rows=32758031 output_columns=3 output_bytes=536412848 byte_ratio=1.000000 row_ratio=1.000000 duration_us=2
[2026-07-09 04:20:54.657] [info] [gpu_pipeline_task.cpp:321] [stage-audit] pipeline_id=5 task_id=315 operator_id=14 operator_name=FILTER stage_kind=FILTER operator_type=12 input_type=PIPELINEABLE output_type=PIPELINEABLE actual_gpu=0 pipeline_operator_count=3 input_batches=1 input_rows=32758031 input_columns=3 input_bytes=536412848 output_batches=1 output_rows=20706674 output_columns=1 output_bytes=168241744 byte_ratio=0.313642 row_ratio=0.632110 duration_us=1739
[2026-07-09 04:20:54.663] [info] [load_balancing_scan_batch_coalescer.cpp:96] [coalesce-debug] load_balancer emit pipeline=5 -> preferred GPU 1
[2026-07-09 04:20:54.677] [info] [task_scheduler.cpp:462] [mgpu-audit] pipeline_task dispatched to GPU 0 task_id=319
[2026-07-09 04:20:54.677] [info] [task_scheduler.cpp:464] [locality-audit] dispatch task_id=319 preferred_device=0 actual_gpu=0
[2026-07-09 04:20:54.841] [info] [load_balancing_scan_batch_coalescer.cpp:96] [coalesce-debug] load_balancer emit pipeline=5 -> preferred GPU 0
[2026-07-09 04:20:54.854] [info] [task_scheduler.cpp:462] [mgpu-audit] pipeline_task dispatched to GPU 1 task_id=320
[2026-07-09 04:20:54.854] [info] [task_scheduler.cpp:464] [locality-audit] dispatch task_id=320 preferred_device=1 actual_gpu=1
[2026-07-09 04:20:54.974] [info] [sirius_scan_manager.cpp:1014] [fixed-page-cache] page_budget applied scope=global device=0 policy=score budget_bytes_per_gpu=4294967296 evicted_pages=32 evicted_bytes=523947088 resident_bytes_after=4284743024 min_score=440 max_score=1050
[2026-07-09 04:20:54.974] [info] [sirius_scan_manager.cpp:1513] [fixed-page-cache] page_directory appended table='__wdy_auto_fixed_page:/mnt/nvme/dataset/lineitem.parquet;' fixed_cols=3 pages=1985 resident_pages=525 resident_bytes=8574080292 stats_pages=1985 evicted_pages=1460 eviction_count=32 directory_entries=1985 page_bytes=16777216 rows=2029326051 owned_pages=1
[2026-07-09 04:20:54.974] [info] [parquet_gpu_ingestible.cpp:756] [fixed-page-cache] auto_cache_populate table='__wdy_auto_fixed_page:/mnt/nvme/dataset/lineitem.parquet;' rows=32757856 columns=3
[2026-07-09 04:20:54.974] [info] [gpu_pipeline_task.cpp:321] [stage-audit] pipeline_id=5 task_id=317 operator_id=30 operator_name=GPU_SCAN stage_kind=SCAN operator_type=94 input_type=GPU_SCAN output_type=PIPELINEABLE actual_gpu=0 pipeline_operator_count=3 input_batches=0 input_rows=0 input_columns=0 input_bytes=0 output_batches=1 output_rows=32757856 output_columns=3 output_bytes=536410048 byte_ratio=0.000000 row_ratio=0.000000 duration_us=264946
[2026-07-09 04:20:54.974] [info] [gpu_pipeline_task.cpp:321] [stage-audit] pipeline_id=5 task_id=317 operator_id=31 operator_name=DYNAMIC_FILTER stage_kind=OTHER operator_type=95 input_type=PIPELINEABLE output_type=PIPELINEABLE actual_gpu=0 pipeline_operator_count=3 input_batches=1 input_rows=32757856 input_columns=3 input_bytes=536410048 output_batches=1 output_rows=32757856 output_columns=3 output_bytes=536410048 byte_ratio=1.000000 row_ratio=1.000000 duration_us=7
[2026-07-09 04:20:54.976] [info] [gpu_pipeline_task.cpp:321] [stage-audit] pipeline_id=5 task_id=317 operator_id=14 operator_name=FILTER stage_kind=FILTER operator_type=12 input_type=PIPELINEABLE output_type=PIPELINEABLE actual_gpu=0 pipeline_operator_count=3 input_batches=1 input_rows=32757856 input_columns=3 input_bytes=536410048 output_batches=1 output_rows=20709427 output_columns=1 output_bytes=168264152 byte_ratio=0.313686 row_ratio=0.632197 duration_us=1759
[2026-07-09 04:20:54.993] [info] [sirius_scan_manager.cpp:1014] [fixed-page-cache] page_budget applied scope=global device=1 policy=score budget_bytes_per_gpu=4294967296 evicted_pages=32 evicted_bytes=523886452 resident_bytes_after=4289584464 min_score=440 max_score=1050
[2026-07-09 04:20:54.993] [info] [sirius_scan_manager.cpp:1513] [fixed-page-cache] page_directory appended table='__wdy_auto_fixed_page:/mnt/nvme/dataset/lineitem.parquet;' fixed_cols=3 pages=2017 resident_pages=525 resident_bytes=8574327488 stats_pages=2017 evicted_pages=1492 eviction_count=32 directory_entries=2017 page_bytes=16777216 rows=2062084404 owned_pages=1
[2026-07-09 04:20:54.993] [info] [parquet_gpu_ingestible.cpp:756] [fixed-page-cache] auto_cache_populate table='__wdy_auto_fixed_page:/mnt/nvme/dataset/lineitem.parquet;' rows=32758353 columns=3
[2026-07-09 04:20:54.994] [info] [gpu_pipeline_task.cpp:321] [stage-audit] pipeline_id=5 task_id=318 operator_id=30 operator_name=GPU_SCAN stage_kind=SCAN operator_type=94 input_type=GPU_SCAN output_type=PIPELINEABLE actual_gpu=1 pipeline_operator_count=3 input_batches=0 input_rows=0 input_columns=0 input_bytes=0 output_batches=1 output_rows=32758353 output_columns=3 output_bytes=536418192 byte_ratio=0.000000 row_ratio=0.000000 duration_us=308358
[2026-07-09 04:20:54.994] [info] [gpu_pipeline_task.cpp:321] [stage-audit] pipeline_id=5 task_id=318 operator_id=31 operator_name=DYNAMIC_FILTER stage_kind=OTHER operator_type=95 input_type=PIPELINEABLE output_type=PIPELINEABLE actual_gpu=1 pipeline_operator_count=3 input_batches=1 input_rows=32758353 input_columns=3 input_bytes=536418192 output_batches=1 output_rows=32758353 output_columns=3 output_bytes=536418192 byte_ratio=1.000000 row_ratio=1.000000 duration_us=2
[2026-07-09 04:20:54.995] [info] [gpu_pipeline_task.cpp:321] [stage-audit] pipeline_id=5 task_id=318 operator_id=14 operator_name=FILTER stage_kind=FILTER operator_type=12 input_type=PIPELINEABLE output_type=PIPELINEABLE actual_gpu=1 pipeline_operator_count=3 input_batches=1 input_rows=32758353 input_columns=3 input_bytes=536418192 output_batches=1 output_rows=20709675 output_columns=1 output_bytes=168266136 byte_ratio=0.313685 row_ratio=0.632195 duration_us=1686
[2026-07-09 04:20:55.028] [info] [load_balancing_scan_batch_coalescer.cpp:96] [coalesce-debug] load_balancer emit pipeline=5 -> preferred GPU 1
[2026-07-09 04:20:55.043] [info] [task_scheduler.cpp:462] [mgpu-audit] pipeline_task dispatched to GPU 0 task_id=321
[2026-07-09 04:20:55.043] [info] [task_scheduler.cpp:464] [locality-audit] dispatch task_id=321 preferred_device=0 actual_gpu=0
[2026-07-09 04:20:55.204] [info] [load_balancing_scan_batch_coalescer.cpp:96] [coalesce-debug] load_balancer emit pipeline=5 -> preferred GPU 0
[2026-07-09 04:20:55.218] [info] [task_scheduler.cpp:462] [mgpu-audit] pipeline_task dispatched to GPU 1 task_id=322
[2026-07-09 04:20:55.218] [info] [task_scheduler.cpp:464] [locality-audit] dispatch task_id=322 preferred_device=1 actual_gpu=1
[2026-07-09 04:20:55.378] [info] [load_balancing_scan_batch_coalescer.cpp:96] [coalesce-debug] load_balancer emit pipeline=5 -> preferred GPU 1
[2026-07-09 04:20:55.395] [info] [task_scheduler.cpp:462] [mgpu-audit] pipeline_task dispatched to GPU 0 task_id=323
[2026-07-09 04:20:55.395] [info] [task_scheduler.cpp:464] [locality-audit] dispatch task_id=323 preferred_device=0 actual_gpu=0
[2026-07-09 04:20:55.558] [info] [load_balancing_scan_batch_coalescer.cpp:96] [coalesce-debug] load_balancer emit pipeline=5 -> preferred GPU 0
[2026-07-09 04:20:55.573] [info] [task_scheduler.cpp:462] [mgpu-audit] pipeline_task dispatched to GPU 1 task_id=324
[2026-07-09 04:20:55.573] [info] [task_scheduler.cpp:464] [locality-audit] dispatch task_id=324 preferred_device=1 actual_gpu=1
[2026-07-09 04:20:55.734] [info] [load_balancing_scan_batch_coalescer.cpp:96] [coalesce-debug] load_balancer emit pipeline=5 -> preferred GPU 1
[2026-07-09 04:20:55.903] [info] [load_balancing_scan_batch_coalescer.cpp:96] [coalesce-debug] load_balancer emit pipeline=5 -> preferred GPU 0
[2026-07-09 04:20:56.073] [info] [load_balancing_scan_batch_coalescer.cpp:96] [coalesce-debug] load_balancer emit pipeline=5 -> preferred GPU 1
[2026-07-09 04:20:56.236] [info] [parquet_gpu_ingestible.cpp:250] [coalesce-debug] parquet_batch_coalescer emit #19: 1 slice(s), acc_bytes=171622566, cap=536870912
[2026-07-09 04:20:56.236] [info] [load_balancing_scan_batch_coalescer.cpp:96] [coalesce-debug] load_balancer emit pipeline=5 -> preferred GPU 0
[2026-07-09 04:20:56.418] [info] [task_scheduler.cpp:462] [mgpu-audit] pipeline_task dispatched to GPU 0 task_id=325
[2026-07-09 04:20:56.418] [info] [task_scheduler.cpp:464] [locality-audit] dispatch task_id=325 preferred_device=0 actual_gpu=0
[2026-07-09 04:20:56.418] [info] [task_scheduler.cpp:462] [mgpu-audit] pipeline_task dispatched to GPU 0 task_id=327
[2026-07-09 04:20:56.418] [info] [task_scheduler.cpp:464] [locality-audit] dispatch task_id=327 preferred_device=0 actual_gpu=0
[2026-07-09 04:20:56.418] [info] [task_scheduler.cpp:462] [mgpu-audit] pipeline_task dispatched to GPU 1 task_id=326
[2026-07-09 04:20:56.418] [info] [task_scheduler.cpp:464] [locality-audit] dispatch task_id=326 preferred_device=1 actual_gpu=1
[2026-07-09 04:20:56.418] [info] [task_scheduler.cpp:462] [mgpu-audit] pipeline_task dispatched to GPU 1 task_id=328
[2026-07-09 04:20:56.418] [info] [task_scheduler.cpp:464] [locality-audit] dispatch task_id=328 preferred_device=1 actual_gpu=1
[2026-07-09 04:20:56.418] [info] [task_creator.cpp:363] [locality-audit] task_create operator_id=33 input_bytes=168049112 local_bytes=0 gpu_source_bytes=0 host_source_bytes=168049112 disk_source_bytes=0 gpu_sources=0 host_sources=1 preferred_device=1
[2026-07-09 04:20:56.418] [info] [task_creator.cpp:363] [locality-audit] task_create operator_id=33 input_bytes=168351216 local_bytes=0 gpu_source_bytes=0 host_source_bytes=168351216 disk_source_bytes=0 gpu_sources=0 host_sources=1 preferred_device=0
[2026-07-09 04:20:56.418] [info] [task_creator.cpp:363] [locality-audit] task_create operator_id=33 input_bytes=168191368 local_bytes=0 gpu_source_bytes=0 host_source_bytes=168191368 disk_source_bytes=0 gpu_sources=0 host_sources=1 preferred_device=1
[2026-07-09 04:20:56.418] [info] [task_creator.cpp:363] [locality-audit] task_create operator_id=33 input_bytes=168046312 local_bytes=0 gpu_source_bytes=0 host_source_bytes=168046312 disk_source_bytes=0 gpu_sources=0 host_sources=1 preferred_device=0
[2026-07-09 04:20:56.418] [info] [task_creator.cpp:363] [locality-audit] task_create operator_id=33 input_bytes=168271488 local_bytes=0 gpu_source_bytes=0 host_source_bytes=168271488 disk_source_bytes=0 gpu_sources=0 host_sources=1 preferred_device=1
[2026-07-09 04:20:56.418] [info] [task_creator.cpp:363] [locality-audit] task_create operator_id=33 input_bytes=168241744 local_bytes=0 gpu_source_bytes=0 host_source_bytes=168241744 disk_source_bytes=0 gpu_sources=0 host_sources=1 preferred_device=0
[2026-07-09 04:20:56.418] [info] [task_creator.cpp:363] [locality-audit] task_create operator_id=33 input_bytes=168264152 local_bytes=168264152 gpu_source_bytes=168264152 host_source_bytes=0 disk_source_bytes=0 gpu_sources=1 host_sources=0 preferred_device=0
[2026-07-09 04:20:56.418] [info] [task_creator.cpp:363] [locality-audit] task_create operator_id=33 input_bytes=168266136 local_bytes=168266136 gpu_source_bytes=168266136 host_source_bytes=0 disk_source_bytes=0 gpu_sources=1 host_sources=0 preferred_device=1
[2026-07-09 04:20:56.725] [info] [sirius_scan_manager.cpp:1014] [fixed-page-cache] page_budget applied scope=global device=1 policy=score budget_bytes_per_gpu=4294967296 evicted_pages=32 evicted_bytes=524143888 resident_bytes_after=4289593728 min_score=440 max_score=1050
[2026-07-09 04:20:56.725] [info] [sirius_scan_manager.cpp:1513] [fixed-page-cache] page_directory appended table='__wdy_auto_fixed_page:/mnt/nvme/dataset/lineitem.parquet;' fixed_cols=3 pages=2049 resident_pages=525 resident_bytes=8574336752 stats_pages=2049 evicted_pages=1524 eviction_count=32 directory_entries=2049 page_bytes=16777216 rows=2094843976 owned_pages=1
[2026-07-09 04:20:56.725] [info] [parquet_gpu_ingestible.cpp:756] [fixed-page-cache] auto_cache_populate table='__wdy_auto_fixed_page:/mnt/nvme/dataset/lineitem.parquet;' rows=32759572 columns=3
[2026-07-09 04:20:56.726] [info] [gpu_pipeline_task.cpp:321] [stage-audit] pipeline_id=5 task_id=320 operator_id=30 operator_name=GPU_SCAN stage_kind=SCAN operator_type=94 input_type=GPU_SCAN output_type=PIPELINEABLE actual_gpu=1 pipeline_operator_count=3 input_batches=0 input_rows=0 input_columns=0 input_bytes=0 output_batches=1 output_rows=32759572 output_columns=3 output_bytes=536438080 byte_ratio=0.000000 row_ratio=0.000000 duration_us=292760
[2026-07-09 04:20:56.726] [info] [gpu_pipeline_task.cpp:321] [stage-audit] pipeline_id=5 task_id=320 operator_id=31 operator_name=DYNAMIC_FILTER stage_kind=OTHER operator_type=95 input_type=PIPELINEABLE output_type=PIPELINEABLE actual_gpu=1 pipeline_operator_count=3 input_batches=1 input_rows=32759572 input_columns=3 input_bytes=536438080 output_batches=1 output_rows=32759572 output_columns=3 output_bytes=536438080 byte_ratio=1.000000 row_ratio=1.000000 duration_us=2
[2026-07-09 04:20:56.727] [info] [gpu_pipeline_task.cpp:321] [stage-audit] pipeline_id=5 task_id=320 operator_id=14 operator_name=FILTER stage_kind=FILTER operator_type=12 input_type=PIPELINEABLE output_type=PIPELINEABLE actual_gpu=1 pipeline_operator_count=3 input_batches=1 input_rows=32759572 input_columns=3 input_bytes=536438080 output_batches=1 output_rows=20715771 output_columns=1 output_bytes=168315672 byte_ratio=0.313765 row_ratio=0.632358 duration_us=1773
[2026-07-09 04:20:56.741] [info] [task_creator.cpp:363] [locality-audit] task_create operator_id=33 input_bytes=168315672 local_bytes=0 gpu_source_bytes=0 host_source_bytes=168315672 disk_source_bytes=0 gpu_sources=0 host_sources=1 preferred_device=1
[2026-07-09 04:20:56.743] [info] [sirius_scan_manager.cpp:1014] [fixed-page-cache] page_budget applied scope=global device=0 policy=score budget_bytes_per_gpu=4294967296 evicted_pages=32 evicted_bytes=524132884 resident_bytes_after=4284745420 min_score=440 max_score=1050
[2026-07-09 04:20:56.743] [info] [sirius_scan_manager.cpp:1513] [fixed-page-cache] page_directory appended table='__wdy_auto_fixed_page:/mnt/nvme/dataset/lineitem.parquet;' fixed_cols=3 pages=2081 resident_pages=525 resident_bytes=8574339148 stats_pages=2081 evicted_pages=1556 eviction_count=32 directory_entries=2081 page_bytes=16777216 rows=2127602431 owned_pages=1
[2026-07-09 04:20:56.743] [info] [parquet_gpu_ingestible.cpp:756] [fixed-page-cache] auto_cache_populate table='__wdy_auto_fixed_page:/mnt/nvme/dataset/lineitem.parquet;' rows=32758455 columns=3
[2026-07-09 04:20:56.743] [info] [gpu_pipeline_task.cpp:321] [stage-audit] pipeline_id=5 task_id=319 operator_id=30 operator_name=GPU_SCAN stage_kind=SCAN operator_type=94 input_type=GPU_SCAN output_type=PIPELINEABLE actual_gpu=0 pipeline_operator_count=3 input_batches=0 input_rows=0 input_columns=0 input_bytes=0 output_batches=1 output_rows=32758455 output_columns=3 output_bytes=536419824 byte_ratio=0.000000 row_ratio=0.000000 duration_us=310078
[2026-07-09 04:20:56.743] [info] [gpu_pipeline_task.cpp:321] [stage-audit] pipeline_id=5 task_id=319 operator_id=31 operator_name=DYNAMIC_FILTER stage_kind=OTHER operator_type=95 input_type=PIPELINEABLE output_type=PIPELINEABLE actual_gpu=0 pipeline_operator_count=3 input_batches=1 input_rows=32758455 input_columns=3 input_bytes=536419824 output_batches=1 output_rows=32758455 output_columns=3 output_bytes=536419824 byte_ratio=1.000000 row_ratio=1.000000 duration_us=2
[2026-07-09 04:20:56.745] [info] [gpu_pipeline_task.cpp:321] [stage-audit] pipeline_id=5 task_id=319 operator_id=14 operator_name=FILTER stage_kind=FILTER operator_type=12 input_type=PIPELINEABLE output_type=PIPELINEABLE actual_gpu=0 pipeline_operator_count=3 input_batches=1 input_rows=32758455 input_columns=3 input_bytes=536419824 output_batches=1 output_rows=20710134 output_columns=1 output_bytes=168269872 byte_ratio=0.313691 row_ratio=0.632207 duration_us=1695
[2026-07-09 04:20:56.745] [info] [task_creator.cpp:363] [locality-audit] task_create operator_id=33 input_bytes=168269872 local_bytes=168269872 gpu_source_bytes=168269872 host_source_bytes=0 disk_source_bytes=0 gpu_sources=1 host_sources=0 preferred_device=0
[2026-07-09 04:20:56.748] [info] [task_scheduler.cpp:462] [mgpu-audit] pipeline_task dispatched to GPU 1 task_id=330
[2026-07-09 04:20:56.748] [info] [task_scheduler.cpp:464] [locality-audit] dispatch task_id=330 preferred_device=1 actual_gpu=1
[2026-07-09 04:20:56.759] [info] [task_scheduler.cpp:462] [mgpu-audit] pipeline_task dispatched to GPU 0 task_id=329
[2026-07-09 04:20:56.759] [info] [task_scheduler.cpp:464] [locality-audit] dispatch task_id=329 preferred_device=0 actual_gpu=0
[2026-07-09 04:20:57.064] [info] [sirius_scan_manager.cpp:1014] [fixed-page-cache] page_budget applied scope=global device=1 policy=score budget_bytes_per_gpu=4294967296 evicted_pages=32 evicted_bytes=524131240 resident_bytes_after=4289586424 min_score=440 max_score=1050
[2026-07-09 04:20:57.065] [info] [sirius_scan_manager.cpp:1513] [fixed-page-cache] page_directory appended table='__wdy_auto_fixed_page:/mnt/nvme/dataset/lineitem.parquet;' fixed_cols=3 pages=2113 resident_pages=525 resident_bytes=8574331844 stats_pages=2113 evicted_pages=1588 eviction_count=32 directory_entries=2113 page_bytes=16777216 rows=2160360177 owned_pages=1
[2026-07-09 04:20:57.065] [info] [parquet_gpu_ingestible.cpp:756] [fixed-page-cache] auto_cache_populate table='__wdy_auto_fixed_page:/mnt/nvme/dataset/lineitem.parquet;' rows=32757746 columns=3
[2026-07-09 04:20:57.065] [info] [gpu_pipeline_task.cpp:321] [stage-audit] pipeline_id=5 task_id=322 operator_id=30 operator_name=GPU_SCAN stage_kind=SCAN operator_type=94 input_type=GPU_SCAN output_type=PIPELINEABLE actual_gpu=1 pipeline_operator_count=3 input_batches=0 input_rows=0 input_columns=0 input_bytes=0 output_batches=1 output_rows=32757746 output_columns=3 output_bytes=536408096 byte_ratio=0.000000 row_ratio=0.000000 duration_us=300658
[2026-07-09 04:20:57.073] [info] [gpu_pipeline_task.cpp:321] [stage-audit] pipeline_id=5 task_id=322 operator_id=31 operator_name=DYNAMIC_FILTER stage_kind=OTHER operator_type=95 input_type=PIPELINEABLE output_type=PIPELINEABLE actual_gpu=1 pipeline_operator_count=3 input_batches=1 input_rows=32757746 input_columns=3 input_bytes=536408096 output_batches=1 output_rows=32757746 output_columns=3 output_bytes=536408096 byte_ratio=1.000000 row_ratio=1.000000 duration_us=7547
[2026-07-09 04:20:57.079] [info] [gpu_pipeline_task.cpp:321] [stage-audit] pipeline_id=5 task_id=322 operator_id=14 operator_name=FILTER stage_kind=FILTER operator_type=12 input_type=PIPELINEABLE output_type=PIPELINEABLE actual_gpu=1 pipeline_operator_count=3 input_batches=1 input_rows=32757746 input_columns=3 input_bytes=536408096 output_batches=1 output_rows=20711635 output_columns=1 output_bytes=168282072 byte_ratio=0.313720 row_ratio=0.632267 duration_us=5840
[2026-07-09 04:20:57.079] [info] [task_scheduler.cpp:462] [mgpu-audit] pipeline_task dispatched to GPU 1 task_id=332
[2026-07-09 04:20:57.079] [info] [task_scheduler.cpp:464] [locality-audit] dispatch task_id=332 preferred_device=1 actual_gpu=1
[2026-07-09 04:20:57.079] [info] [task_creator.cpp:363] [locality-audit] task_create operator_id=33 input_bytes=168282072 local_bytes=168282072 gpu_source_bytes=168282072 host_source_bytes=0 disk_source_bytes=0 gpu_sources=1 host_sources=0 preferred_device=1
[2026-07-09 04:20:57.085] [info] [sirius_scan_manager.cpp:1014] [fixed-page-cache] page_budget applied scope=global device=0 policy=score budget_bytes_per_gpu=4294967296 evicted_pages=32 evicted_bytes=524189268 resident_bytes_after=4284701592 min_score=440 max_score=1050
[2026-07-09 04:20:57.085] [info] [sirius_scan_manager.cpp:1513] [fixed-page-cache] page_directory appended table='__wdy_auto_fixed_page:/mnt/nvme/dataset/lineitem.parquet;' fixed_cols=3 pages=2145 resident_pages=525 resident_bytes=8574288016 stats_pages=2145 evicted_pages=1620 eviction_count=32 directory_entries=2145 page_bytes=16777216 rows=2193119267 owned_pages=1
[2026-07-09 04:20:57.085] [info] [parquet_gpu_ingestible.cpp:756] [fixed-page-cache] auto_cache_populate table='__wdy_auto_fixed_page:/mnt/nvme/dataset/lineitem.parquet;' rows=32759090 columns=3
[2026-07-09 04:20:57.086] [info] [gpu_pipeline_task.cpp:321] [stage-audit] pipeline_id=5 task_id=321 operator_id=30 operator_name=GPU_SCAN stage_kind=SCAN operator_type=94 input_type=GPU_SCAN output_type=PIPELINEABLE actual_gpu=0 pipeline_operator_count=3 input_batches=0 input_rows=0 input_columns=0 input_bytes=0 output_batches=1 output_rows=32759090 output_columns=3 output_bytes=536430176 byte_ratio=0.000000 row_ratio=0.000000 duration_us=308565
[2026-07-09 04:20:57.086] [info] [gpu_pipeline_task.cpp:321] [stage-audit] pipeline_id=5 task_id=321 operator_id=31 operator_name=DYNAMIC_FILTER stage_kind=OTHER operator_type=95 input_type=PIPELINEABLE output_type=PIPELINEABLE actual_gpu=0 pipeline_operator_count=3 input_batches=1 input_rows=32759090 input_columns=3 input_bytes=536430176 output_batches=1 output_rows=32759090 output_columns=3 output_bytes=536430176 byte_ratio=1.000000 row_ratio=1.000000 duration_us=2
[2026-07-09 04:20:57.087] [info] [gpu_pipeline_task.cpp:321] [stage-audit] pipeline_id=5 task_id=321 operator_id=14 operator_name=FILTER stage_kind=FILTER operator_type=12 input_type=PIPELINEABLE output_type=PIPELINEABLE actual_gpu=0 pipeline_operator_count=3 input_batches=1 input_rows=32759090 input_columns=3 input_bytes=536430176 output_batches=1 output_rows=20710388 output_columns=1 output_bytes=168271904 byte_ratio=0.313688 row_ratio=0.632203 duration_us=1896
[2026-07-09 04:20:57.088] [info] [task_scheduler.cpp:462] [mgpu-audit] pipeline_task dispatched to GPU 0 task_id=331
[2026-07-09 04:20:57.088] [info] [task_scheduler.cpp:464] [locality-audit] dispatch task_id=331 preferred_device=0 actual_gpu=0
[2026-07-09 04:20:57.088] [info] [task_creator.cpp:363] [locality-audit] task_create operator_id=33 input_bytes=168271904 local_bytes=168271904 gpu_source_bytes=168271904 host_source_bytes=0 disk_source_bytes=0 gpu_sources=1 host_sources=0 preferred_device=0
[2026-07-09 04:20:57.382] [info] [sirius_scan_manager.cpp:1014] [fixed-page-cache] page_budget applied scope=global device=0 policy=score budget_bytes_per_gpu=4294967296 evicted_pages=32 evicted_bytes=523949880 resident_bytes_after=4284882064 min_score=440 max_score=1050
[2026-07-09 04:20:57.383] [info] [sirius_scan_manager.cpp:1513] [fixed-page-cache] page_directory appended table='__wdy_auto_fixed_page:/mnt/nvme/dataset/lineitem.parquet;' fixed_cols=3 pages=2177 resident_pages=525 resident_bytes=8574468488 stats_pages=2177 evicted_pages=1652 eviction_count=32 directory_entries=2177 page_bytes=16777216 rows=2225877414 owned_pages=1
[2026-07-09 04:20:57.383] [info] [parquet_gpu_ingestible.cpp:756] [fixed-page-cache] auto_cache_populate table='__wdy_auto_fixed_page:/mnt/nvme/dataset/lineitem.parquet;' rows=32758147 columns=3
[2026-07-09 04:20:57.383] [info] [gpu_pipeline_task.cpp:321] [stage-audit] pipeline_id=5 task_id=323 operator_id=30 operator_name=GPU_SCAN stage_kind=SCAN operator_type=94 input_type=GPU_SCAN output_type=PIPELINEABLE actual_gpu=0 pipeline_operator_count=3 input_batches=0 input_rows=0 input_columns=0 input_bytes=0 output_batches=1 output_rows=32758147 output_columns=3 output_bytes=536414704 byte_ratio=0.000000 row_ratio=0.000000 duration_us=279811
[2026-07-09 04:20:57.383] [info] [gpu_pipeline_task.cpp:321] [stage-audit] pipeline_id=5 task_id=323 operator_id=31 operator_name=DYNAMIC_FILTER stage_kind=OTHER operator_type=95 input_type=PIPELINEABLE output_type=PIPELINEABLE actual_gpu=0 pipeline_operator_count=3 input_batches=1 input_rows=32758147 input_columns=3 input_bytes=536414704 output_batches=1 output_rows=32758147 output_columns=3 output_bytes=536414704 byte_ratio=1.000000 row_ratio=1.000000 duration_us=2
[2026-07-09 04:20:57.384] [info] [gpu_pipeline_task.cpp:321] [stage-audit] pipeline_id=5 task_id=323 operator_id=14 operator_name=FILTER stage_kind=FILTER operator_type=12 input_type=PIPELINEABLE output_type=PIPELINEABLE actual_gpu=0 pipeline_operator_count=3 input_batches=1 input_rows=32758147 input_columns=3 input_bytes=536414704 output_batches=1 output_rows=20710071 output_columns=1 output_bytes=168269368 byte_ratio=0.313693 row_ratio=0.632211 duration_us=1726
[2026-07-09 04:20:57.397] [info] [sirius_scan_manager.cpp:1014] [fixed-page-cache] page_budget applied scope=global device=1 policy=score budget_bytes_per_gpu=4294967296 evicted_pages=32 evicted_bytes=523957232 resident_bytes_after=4289773032 min_score=440 max_score=1050
[2026-07-09 04:20:57.397] [info] [sirius_scan_manager.cpp:1513] [fixed-page-cache] page_directory appended table='__wdy_auto_fixed_page:/mnt/nvme/dataset/lineitem.parquet;' fixed_cols=3 pages=2209 resident_pages=525 resident_bytes=8574655096 stats_pages=2209 evicted_pages=1684 eviction_count=32 directory_entries=2209 page_bytes=16777216 rows=2258636404 owned_pages=1
[2026-07-09 04:20:57.397] [info] [parquet_gpu_ingestible.cpp:756] [fixed-page-cache] auto_cache_populate table='__wdy_auto_fixed_page:/mnt/nvme/dataset/lineitem.parquet;' rows=32758990 columns=3
[2026-07-09 04:20:57.397] [info] [gpu_pipeline_task.cpp:321] [stage-audit] pipeline_id=5 task_id=324 operator_id=30 operator_name=GPU_SCAN stage_kind=SCAN operator_type=94 input_type=GPU_SCAN output_type=PIPELINEABLE actual_gpu=1 pipeline_operator_count=3 input_batches=0 input_rows=0 input_columns=0 input_bytes=0 output_batches=1 output_rows=32758990 output_columns=3 output_bytes=536428576 byte_ratio=0.000000 row_ratio=0.000000 duration_us=301760
[2026-07-09 04:20:57.397] [info] [gpu_pipeline_task.cpp:321] [stage-audit] pipeline_id=5 task_id=324 operator_id=31 operator_name=DYNAMIC_FILTER stage_kind=OTHER operator_type=95 input_type=PIPELINEABLE output_type=PIPELINEABLE actual_gpu=1 pipeline_operator_count=3 input_batches=1 input_rows=32758990 input_columns=3 input_bytes=536428576 output_batches=1 output_rows=32758990 output_columns=3 output_bytes=536428576 byte_ratio=1.000000 row_ratio=1.000000 duration_us=2
[2026-07-09 04:20:57.398] [info] [task_creator.cpp:363] [locality-audit] task_create operator_id=33 input_bytes=168269368 local_bytes=0 gpu_source_bytes=0 host_source_bytes=168269368 disk_source_bytes=0 gpu_sources=0 host_sources=1 preferred_device=0
[2026-07-09 04:20:57.398] [info] [task_scheduler.cpp:462] [mgpu-audit] pipeline_task dispatched to GPU 0 task_id=333
[2026-07-09 04:20:57.398] [info] [task_scheduler.cpp:464] [locality-audit] dispatch task_id=333 preferred_device=0 actual_gpu=0
[2026-07-09 04:20:57.398] [info] [gpu_pipeline_task.cpp:321] [stage-audit] pipeline_id=5 task_id=324 operator_id=14 operator_name=FILTER stage_kind=FILTER operator_type=12 input_type=PIPELINEABLE output_type=PIPELINEABLE actual_gpu=1 pipeline_operator_count=3 input_batches=1 input_rows=32758990 input_columns=3 input_bytes=536428576 output_batches=1 output_rows=20708257 output_columns=1 output_bytes=168254600 byte_ratio=0.313657 row_ratio=0.632140 duration_us=1687
[2026-07-09 04:20:57.405] [info] [task_creator.cpp:363] [locality-audit] task_create operator_id=33 input_bytes=168254600 local_bytes=0 gpu_source_bytes=0 host_source_bytes=168254600 disk_source_bytes=0 gpu_sources=0 host_sources=1 preferred_device=1
[2026-07-09 04:20:57.412] [info] [task_scheduler.cpp:462] [mgpu-audit] pipeline_task dispatched to GPU 1 task_id=334
[2026-07-09 04:20:57.412] [info] [task_scheduler.cpp:464] [locality-audit] dispatch task_id=334 preferred_device=1 actual_gpu=1
[2026-07-09 04:20:57.706] [info] [sirius_scan_manager.cpp:1014] [fixed-page-cache] page_budget applied scope=global device=0 policy=score budget_bytes_per_gpu=4294967296 evicted_pages=32 evicted_bytes=524139568 resident_bytes_after=4284886688 min_score=440 max_score=1050
[2026-07-09 04:20:57.706] [info] [sirius_scan_manager.cpp:1513] [fixed-page-cache] page_directory appended table='__wdy_auto_fixed_page:/mnt/nvme/dataset/lineitem.parquet;' fixed_cols=3 pages=2241 resident_pages=525 resident_bytes=8574659720 stats_pages=2241 evicted_pages=1716 eviction_count=32 directory_entries=2241 page_bytes=16777216 rows=2291395416 owned_pages=1
[2026-07-09 04:20:57.706] [info] [parquet_gpu_ingestible.cpp:756] [fixed-page-cache] auto_cache_populate table='__wdy_auto_fixed_page:/mnt/nvme/dataset/lineitem.parquet;' rows=32759012 columns=3
[2026-07-09 04:20:57.706] [info] [gpu_pipeline_task.cpp:321] [stage-audit] pipeline_id=5 task_id=325 operator_id=30 operator_name=GPU_SCAN stage_kind=SCAN operator_type=94 input_type=GPU_SCAN output_type=PIPELINEABLE actual_gpu=0 pipeline_operator_count=3 input_batches=0 input_rows=0 input_columns=0 input_bytes=0 output_batches=1 output_rows=32759012 output_columns=3 output_bytes=536428928 byte_ratio=0.000000 row_ratio=0.000000 duration_us=289051
[2026-07-09 04:20:57.706] [info] [gpu_pipeline_task.cpp:321] [stage-audit] pipeline_id=5 task_id=325 operator_id=31 operator_name=DYNAMIC_FILTER stage_kind=OTHER operator_type=95 input_type=PIPELINEABLE output_type=PIPELINEABLE actual_gpu=0 pipeline_operator_count=3 input_batches=1 input_rows=32759012 input_columns=3 input_bytes=536428928 output_batches=1 output_rows=32759012 output_columns=3 output_bytes=536428928 byte_ratio=1.000000 row_ratio=1.000000 duration_us=2
[2026-07-09 04:20:57.708] [info] [gpu_pipeline_task.cpp:321] [stage-audit] pipeline_id=5 task_id=325 operator_id=14 operator_name=FILTER stage_kind=FILTER operator_type=12 input_type=PIPELINEABLE output_type=PIPELINEABLE actual_gpu=0 pipeline_operator_count=3 input_batches=1 input_rows=32759012 input_columns=3 input_bytes=536428928 output_batches=1 output_rows=20710278 output_columns=1 output_bytes=168271024 byte_ratio=0.313687 row_ratio=0.632201 duration_us=1808
[2026-07-09 04:20:57.708] [info] [task_creator.cpp:363] [locality-audit] task_create operator_id=33 input_bytes=168271024 local_bytes=168271024 gpu_source_bytes=168271024 host_source_bytes=0 disk_source_bytes=0 gpu_sources=1 host_sources=0 preferred_device=0
[2026-07-09 04:20:57.708] [info] [task_scheduler.cpp:462] [mgpu-audit] pipeline_task dispatched to GPU 0 task_id=335
[2026-07-09 04:20:57.708] [info] [task_scheduler.cpp:464] [locality-audit] dispatch task_id=335 preferred_device=0 actual_gpu=0
[2026-07-09 04:20:57.723] [info] [sirius_scan_manager.cpp:1014] [fixed-page-cache] page_budget applied scope=global device=1 policy=score budget_bytes_per_gpu=4294967296 evicted_pages=32 evicted_bytes=524072540 resident_bytes_after=4289836844 min_score=440 max_score=1050
[2026-07-09 04:20:57.723] [info] [sirius_scan_manager.cpp:1513] [fixed-page-cache] page_directory appended table='__wdy_auto_fixed_page:/mnt/nvme/dataset/lineitem.parquet;' fixed_cols=3 pages=2273 resident_pages=525 resident_bytes=8574723532 stats_pages=2273 evicted_pages=1748 eviction_count=32 directory_entries=2273 page_bytes=16777216 rows=2324153938 owned_pages=1
[2026-07-09 04:20:57.723] [info] [parquet_gpu_ingestible.cpp:756] [fixed-page-cache] auto_cache_populate table='__wdy_auto_fixed_page:/mnt/nvme/dataset/lineitem.parquet;' rows=32758522 columns=3
[2026-07-09 04:20:57.723] [info] [gpu_pipeline_task.cpp:321] [stage-audit] pipeline_id=5 task_id=326 operator_id=30 operator_name=GPU_SCAN stage_kind=SCAN operator_type=94 input_type=GPU_SCAN output_type=PIPELINEABLE actual_gpu=1 pipeline_operator_count=3 input_batches=0 input_rows=0 input_columns=0 input_bytes=0 output_batches=1 output_rows=32758522 output_columns=3 output_bytes=536420896 byte_ratio=0.000000 row_ratio=0.000000 duration_us=297635
[2026-07-09 04:20:57.723] [info] [gpu_pipeline_task.cpp:321] [stage-audit] pipeline_id=5 task_id=326 operator_id=31 operator_name=DYNAMIC_FILTER stage_kind=OTHER operator_type=95 input_type=PIPELINEABLE output_type=PIPELINEABLE actual_gpu=1 pipeline_operator_count=3 input_batches=1 input_rows=32758522 input_columns=3 input_bytes=536420896 output_batches=1 output_rows=32758522 output_columns=3 output_bytes=536420896 byte_ratio=1.000000 row_ratio=1.000000 duration_us=2
[2026-07-09 04:20:57.725] [info] [gpu_pipeline_task.cpp:321] [stage-audit] pipeline_id=5 task_id=326 operator_id=14 operator_name=FILTER stage_kind=FILTER operator_type=12 input_type=PIPELINEABLE output_type=PIPELINEABLE actual_gpu=1 pipeline_operator_count=3 input_batches=1 input_rows=32758522 input_columns=3 input_bytes=536420896 output_batches=1 output_rows=20707930 output_columns=1 output_bytes=168251984 byte_ratio=0.313657 row_ratio=0.632139 duration_us=1690
[2026-07-09 04:20:57.725] [info] [task_scheduler.cpp:462] [mgpu-audit] pipeline_task dispatched to GPU 1 task_id=338
[2026-07-09 04:20:57.725] [info] [task_scheduler.cpp:464] [locality-audit] dispatch task_id=338 preferred_device=1 actual_gpu=1
[2026-07-09 04:20:57.725] [info] [task_creator.cpp:363] [locality-audit] task_create operator_id=33 input_bytes=168251984 local_bytes=168251984 gpu_source_bytes=168251984 host_source_bytes=0 disk_source_bytes=0 gpu_sources=1 host_sources=0 preferred_device=1
[2026-07-09 04:20:58.016] [info] [sirius_scan_manager.cpp:1014] [fixed-page-cache] page_budget applied scope=global device=0 policy=score budget_bytes_per_gpu=4294967296 evicted_pages=32 evicted_bytes=524129024 resident_bytes_after=4284886864 min_score=440 max_score=1050
[2026-07-09 04:20:58.016] [info] [sirius_scan_manager.cpp:1513] [fixed-page-cache] page_directory appended table='__wdy_auto_fixed_page:/mnt/nvme/dataset/lineitem.parquet;' fixed_cols=3 pages=2305 resident_pages=525 resident_bytes=8574723708 stats_pages=2305 evicted_pages=1780 eviction_count=32 directory_entries=2305 page_bytes=16777216 rows=2356912013 owned_pages=1
[2026-07-09 04:20:58.016] [info] [parquet_gpu_ingestible.cpp:756] [fixed-page-cache] auto_cache_populate table='__wdy_auto_fixed_page:/mnt/nvme/dataset/lineitem.parquet;' rows=32758075 columns=3
[2026-07-09 04:20:58.016] [info] [gpu_pipeline_task.cpp:321] [stage-audit] pipeline_id=5 task_id=327 operator_id=30 operator_name=GPU_SCAN stage_kind=SCAN operator_type=94 input_type=GPU_SCAN output_type=PIPELINEABLE actual_gpu=0 pipeline_operator_count=3 input_batches=0 input_rows=0 input_columns=0 input_bytes=0 output_batches=1 output_rows=32758075 output_columns=3 output_bytes=536413552 byte_ratio=0.000000 row_ratio=0.000000 duration_us=291835
[2026-07-09 04:20:58.016] [info] [gpu_pipeline_task.cpp:321] [stage-audit] pipeline_id=5 task_id=327 operator_id=31 operator_name=DYNAMIC_FILTER stage_kind=OTHER operator_type=95 input_type=PIPELINEABLE output_type=PIPELINEABLE actual_gpu=0 pipeline_operator_count=3 input_batches=1 input_rows=32758075 input_columns=3 input_bytes=536413552 output_batches=1 output_rows=32758075 output_columns=3 output_bytes=536413552 byte_ratio=1.000000 row_ratio=1.000000 duration_us=2
[2026-07-09 04:20:58.018] [info] [gpu_pipeline_task.cpp:321] [stage-audit] pipeline_id=5 task_id=327 operator_id=14 operator_name=FILTER stage_kind=FILTER operator_type=12 input_type=PIPELINEABLE output_type=PIPELINEABLE actual_gpu=0 pipeline_operator_count=3 input_batches=1 input_rows=32758075 input_columns=3 input_bytes=536413552 output_batches=1 output_rows=20713306 output_columns=1 output_bytes=168295632 byte_ratio=0.313742 row_ratio=0.632311 duration_us=1729
[2026-07-09 04:20:58.018] [info] [task_scheduler.cpp:462] [mgpu-audit] pipeline_task dispatched to GPU 0 task_id=336
[2026-07-09 04:20:58.018] [info] [task_scheduler.cpp:464] [locality-audit] dispatch task_id=336 preferred_device=0 actual_gpu=0
[2026-07-09 04:20:58.018] [info] [task_scheduler.cpp:462] [mgpu-audit] pipeline_task dispatched to GPU 0 task_id=339
[2026-07-09 04:20:58.018] [info] [task_scheduler.cpp:464] [locality-audit] dispatch task_id=339 preferred_device=0 actual_gpu=0
[2026-07-09 04:20:58.018] [info] [task_creator.cpp:363] [locality-audit] task_create operator_id=33 input_bytes=168295632 local_bytes=168295632 gpu_source_bytes=168295632 host_source_bytes=0 disk_source_bytes=0 gpu_sources=1 host_sources=0 preferred_device=0
[2026-07-09 04:20:58.018] [info] [gpu_pipeline_task.cpp:188] [locality-audit] prepare_before pipeline_id=6 task_id=331 preferred_device=0 actual_gpu=0 target_tier=GPU target_device=0 input_bytes=168351216 local_bytes=0 remote_gpu_bytes=0 host_bytes=168351216 disk_bytes=0 batch_count=1
[2026-07-09 04:20:58.026] [info] [gpu_pipeline_task.cpp:188] [locality-audit] prepare_after pipeline_id=6 task_id=331 preferred_device=0 actual_gpu=0 target_tier=GPU target_device=0 input_bytes=168351216 local_bytes=168351216 remote_gpu_bytes=0 host_bytes=0 disk_bytes=0 batch_count=1
[2026-07-09 04:20:58.028] [info] [gpu_pipeline_task.cpp:321] [stage-audit] pipeline_id=6 task_id=331 operator_id=33 operator_name=PARTITION stage_kind=PARTITION operator_type=82 input_type=PIPELINEABLE output_type=PIPELINEABLE actual_gpu=0 pipeline_operator_count=1 input_batches=1 input_rows=20720142 input_columns=1 input_bytes=168351216 output_batches=2 output_rows=20720142 output_columns=2 output_bytes=165761136 byte_ratio=0.984615 row_ratio=1.000000 duration_us=2160
[2026-07-09 04:20:58.035] [info] [sirius_scan_manager.cpp:1014] [fixed-page-cache] page_budget applied scope=global device=1 policy=score budget_bytes_per_gpu=4294967296 evicted_pages=32 evicted_bytes=524139276 resident_bytes_after=4289838720 min_score=440 max_score=1050
[2026-07-09 04:20:58.035] [info] [sirius_scan_manager.cpp:1513] [fixed-page-cache] page_directory appended table='__wdy_auto_fixed_page:/mnt/nvme/dataset/lineitem.parquet;' fixed_cols=3 pages=2337 resident_pages=525 resident_bytes=8574725584 stats_pages=2337 evicted_pages=1812 eviction_count=32 directory_entries=2337 page_bytes=16777216 rows=2389670835 owned_pages=1
[2026-07-09 04:20:58.035] [info] [parquet_gpu_ingestible.cpp:756] [fixed-page-cache] auto_cache_populate table='__wdy_auto_fixed_page:/mnt/nvme/dataset/lineitem.parquet;' rows=32758822 columns=3
[2026-07-09 04:20:58.035] [info] [gpu_pipeline_task.cpp:321] [stage-audit] pipeline_id=5 task_id=328 operator_id=30 operator_name=GPU_SCAN stage_kind=SCAN operator_type=94 input_type=GPU_SCAN output_type=PIPELINEABLE actual_gpu=1 pipeline_operator_count=3 input_batches=0 input_rows=0 input_columns=0 input_bytes=0 output_batches=1 output_rows=32758822 output_columns=3 output_bytes=536425888 byte_ratio=0.000000 row_ratio=0.000000 duration_us=295801
[2026-07-09 04:20:58.035] [info] [gpu_pipeline_task.cpp:321] [stage-audit] pipeline_id=5 task_id=328 operator_id=31 operator_name=DYNAMIC_FILTER stage_kind=OTHER operator_type=95 input_type=PIPELINEABLE output_type=PIPELINEABLE actual_gpu=1 pipeline_operator_count=3 input_batches=1 input_rows=32758822 input_columns=3 input_bytes=536425888 output_batches=1 output_rows=32758822 output_columns=3 output_bytes=536425888 byte_ratio=1.000000 row_ratio=1.000000 duration_us=2
[2026-07-09 04:20:58.037] [info] [gpu_pipeline_task.cpp:321] [stage-audit] pipeline_id=5 task_id=328 operator_id=14 operator_name=FILTER stage_kind=FILTER operator_type=12 input_type=PIPELINEABLE output_type=PIPELINEABLE actual_gpu=1 pipeline_operator_count=3 input_batches=1 input_rows=32758822 input_columns=3 input_bytes=536425888 output_batches=1 output_rows=20708518 output_columns=1 output_bytes=168256752 byte_ratio=0.313663 row_ratio=0.632151 duration_us=1688
[2026-07-09 04:20:58.037] [info] [task_creator.cpp:363] [locality-audit] task_create operator_id=33 input_bytes=168256752 local_bytes=168256752 gpu_source_bytes=168256752 host_source_bytes=0 disk_source_bytes=0 gpu_sources=1 host_sources=0 preferred_device=1
[2026-07-09 04:20:58.037] [info] [task_scheduler.cpp:462] [mgpu-audit] pipeline_task dispatched to GPU 1 task_id=337
[2026-07-09 04:20:58.037] [info] [task_scheduler.cpp:464] [locality-audit] dispatch task_id=337 preferred_device=1 actual_gpu=1
[2026-07-09 04:20:58.037] [info] [gpu_pipeline_task.cpp:188] [locality-audit] prepare_before pipeline_id=6 task_id=330 preferred_device=1 actual_gpu=1 target_tier=GPU target_device=1 input_bytes=168049112 local_bytes=0 remote_gpu_bytes=0 host_bytes=168049112 disk_bytes=0 batch_count=1
[2026-07-09 04:20:58.037] [info] [task_scheduler.cpp:462] [mgpu-audit] pipeline_task dispatched to GPU 1 task_id=343
[2026-07-09 04:20:58.037] [info] [task_scheduler.cpp:464] [locality-audit] dispatch task_id=343 preferred_device=1 actual_gpu=1
[2026-07-09 04:20:58.037] [info] [gpu_pipeline_task.cpp:188] [locality-audit] prepare_before pipeline_id=6 task_id=332 preferred_device=1 actual_gpu=1 target_tier=GPU target_device=1 input_bytes=168191368 local_bytes=0 remote_gpu_bytes=0 host_bytes=168191368 disk_bytes=0 batch_count=1
[2026-07-09 04:20:58.044] [info] [gpu_pipeline_task.cpp:188] [locality-audit] prepare_after pipeline_id=6 task_id=330 preferred_device=1 actual_gpu=1 target_tier=GPU target_device=1 input_bytes=168049112 local_bytes=168049112 remote_gpu_bytes=0 host_bytes=0 disk_bytes=0 batch_count=1
[2026-07-09 04:20:58.046] [info] [gpu_pipeline_task.cpp:321] [stage-audit] pipeline_id=6 task_id=330 operator_id=33 operator_name=PARTITION stage_kind=PARTITION operator_type=82 input_type=PIPELINEABLE output_type=PIPELINEABLE actual_gpu=1 pipeline_operator_count=1 input_batches=1 input_rows=20682963 input_columns=1 input_bytes=168049112 output_batches=2 output_rows=20682963 output_columns=2 output_bytes=165463704 byte_ratio=0.984615 row_ratio=1.000000 duration_us=2300
[2026-07-09 04:20:58.046] [info] [task_scheduler.cpp:462] [mgpu-audit] pipeline_task dispatched to GPU 1 task_id=340
[2026-07-09 04:20:58.046] [info] [task_scheduler.cpp:464] [locality-audit] dispatch task_id=340 preferred_device=1 actual_gpu=1
[2026-07-09 04:20:58.046] [info] [gpu_pipeline_task.cpp:188] [locality-audit] prepare_before pipeline_id=6 task_id=334 preferred_device=1 actual_gpu=1 target_tier=GPU target_device=1 input_bytes=168271488 local_bytes=0 remote_gpu_bytes=0 host_bytes=168271488 disk_bytes=0 batch_count=1
[2026-07-09 04:20:58.051] [info] [gpu_pipeline_task.cpp:188] [locality-audit] prepare_after pipeline_id=6 task_id=332 preferred_device=1 actual_gpu=1 target_tier=GPU target_device=1 input_bytes=168191368 local_bytes=168191368 remote_gpu_bytes=0 host_bytes=0 disk_bytes=0 batch_count=1
[2026-07-09 04:20:58.053] [info] [gpu_pipeline_task.cpp:321] [stage-audit] pipeline_id=6 task_id=332 operator_id=33 operator_name=PARTITION stage_kind=PARTITION operator_type=82 input_type=PIPELINEABLE output_type=PIPELINEABLE actual_gpu=1 pipeline_operator_count=1 input_batches=1 input_rows=20700473 input_columns=1 input_bytes=168191368 output_batches=2 output_rows=20700473 output_columns=2 output_bytes=165603784 byte_ratio=0.984615 row_ratio=1.000000 duration_us=2109
[2026-07-09 04:20:58.057] [info] [gpu_pipeline_task.cpp:188] [locality-audit] prepare_after pipeline_id=6 task_id=334 preferred_device=1 actual_gpu=1 target_tier=GPU target_device=1 input_bytes=168271488 local_bytes=168271488 remote_gpu_bytes=0 host_bytes=0 disk_bytes=0 batch_count=1
[2026-07-09 04:20:58.059] [info] [gpu_pipeline_task.cpp:321] [stage-audit] pipeline_id=6 task_id=334 operator_id=33 operator_name=PARTITION stage_kind=PARTITION operator_type=82 input_type=PIPELINEABLE output_type=PIPELINEABLE actual_gpu=1 pipeline_operator_count=1 input_batches=1 input_rows=20710336 input_columns=1 input_bytes=168271488 output_batches=2 output_rows=20710336 output_columns=2 output_bytes=165682688 byte_ratio=0.984615 row_ratio=1.000000 duration_us=2000
[2026-07-09 04:20:58.060] [info] [gpu_pipeline_task.cpp:188] [locality-audit] prepare_before pipeline_id=6 task_id=338 preferred_device=1 actual_gpu=1 target_tier=GPU target_device=1 input_bytes=168315672 local_bytes=0 remote_gpu_bytes=0 host_bytes=168315672 disk_bytes=0 batch_count=1
[2026-07-09 04:20:58.060] [info] [task_scheduler.cpp:462] [mgpu-audit] pipeline_task dispatched to GPU 1 task_id=345
[2026-07-09 04:20:58.060] [info] [task_scheduler.cpp:464] [locality-audit] dispatch task_id=345 preferred_device=1 actual_gpu=1
[2026-07-09 04:20:58.066] [info] [gpu_pipeline_task.cpp:188] [locality-audit] prepare_after pipeline_id=6 task_id=338 preferred_device=1 actual_gpu=1 target_tier=GPU target_device=1 input_bytes=168315672 local_bytes=168315672 remote_gpu_bytes=0 host_bytes=0 disk_bytes=0 batch_count=1
[2026-07-09 04:20:58.068] [info] [gpu_pipeline_task.cpp:321] [stage-audit] pipeline_id=6 task_id=338 operator_id=33 operator_name=PARTITION stage_kind=PARTITION operator_type=82 input_type=PIPELINEABLE output_type=PIPELINEABLE actual_gpu=1 pipeline_operator_count=1 input_batches=1 input_rows=20715771 input_columns=1 input_bytes=168315672 output_batches=2 output_rows=20715771 output_columns=2 output_bytes=165726168 byte_ratio=0.984615 row_ratio=1.000000 duration_us=1948
[2026-07-09 04:20:58.068] [info] [task_scheduler.cpp:462] [mgpu-audit] pipeline_task dispatched to GPU 1 task_id=347
[2026-07-09 04:20:58.068] [info] [task_scheduler.cpp:464] [locality-audit] dispatch task_id=347 preferred_device=1 actual_gpu=1
[2026-07-09 04:20:58.068] [info] [gpu_pipeline_task.cpp:188] [locality-audit] prepare_before pipeline_id=6 task_id=337 preferred_device=1 actual_gpu=1 target_tier=GPU target_device=1 input_bytes=168266136 local_bytes=0 remote_gpu_bytes=0 host_bytes=168266136 disk_bytes=0 batch_count=1
[2026-07-09 04:20:58.075] [info] [gpu_pipeline_task.cpp:188] [locality-audit] prepare_after pipeline_id=6 task_id=337 preferred_device=1 actual_gpu=1 target_tier=GPU target_device=1 input_bytes=168266136 local_bytes=168266136 remote_gpu_bytes=0 host_bytes=0 disk_bytes=0 batch_count=1
[2026-07-09 04:20:58.078] [info] [gpu_pipeline_task.cpp:321] [stage-audit] pipeline_id=6 task_id=337 operator_id=33 operator_name=PARTITION stage_kind=PARTITION operator_type=82 input_type=PIPELINEABLE output_type=PIPELINEABLE actual_gpu=1 pipeline_operator_count=1 input_batches=1 input_rows=20709675 input_columns=1 input_bytes=168266136 output_batches=2 output_rows=20709675 output_columns=2 output_bytes=165677400 byte_ratio=0.984615 row_ratio=1.000000 duration_us=2341
[2026-07-09 04:20:58.094] [info] [gpu_pipeline_task.cpp:188] [locality-audit] prepare_before pipeline_id=6 task_id=343 preferred_device=1 actual_gpu=1 target_tier=GPU target_device=1 input_bytes=168254600 local_bytes=0 remote_gpu_bytes=0 host_bytes=168254600 disk_bytes=0 batch_count=1
[2026-07-09 04:20:58.101] [info] [gpu_pipeline_task.cpp:188] [locality-audit] prepare_after pipeline_id=6 task_id=343 preferred_device=1 actual_gpu=1 target_tier=GPU target_device=1 input_bytes=168254600 local_bytes=168254600 remote_gpu_bytes=0 host_bytes=0 disk_bytes=0 batch_count=1
[2026-07-09 04:20:58.103] [info] [gpu_pipeline_task.cpp:321] [stage-audit] pipeline_id=6 task_id=343 operator_id=33 operator_name=PARTITION stage_kind=PARTITION operator_type=82 input_type=PIPELINEABLE output_type=PIPELINEABLE actual_gpu=1 pipeline_operator_count=1 input_batches=1 input_rows=20708257 input_columns=1 input_bytes=168254600 output_batches=2 output_rows=20708257 output_columns=2 output_bytes=165666056 byte_ratio=0.984615 row_ratio=1.000000 duration_us=2107
[2026-07-09 04:20:58.103] [info] [gpu_pipeline_task.cpp:188] [locality-audit] prepare_before pipeline_id=6 task_id=340 preferred_device=1 actual_gpu=1 target_tier=GPU target_device=1 input_bytes=168282072 local_bytes=0 remote_gpu_bytes=0 host_bytes=168282072 disk_bytes=0 batch_count=1
[2026-07-09 04:20:58.103] [info] [task_scheduler.cpp:462] [mgpu-audit] pipeline_task dispatched to GPU 1 task_id=350
[2026-07-09 04:20:58.103] [info] [task_scheduler.cpp:464] [locality-audit] dispatch task_id=350 preferred_device=1 actual_gpu=1
[2026-07-09 04:20:58.103] [info] [task_scheduler.cpp:462] [mgpu-audit] pipeline_task dispatched to GPU 1 task_id=351
[2026-07-09 04:20:58.103] [info] [task_scheduler.cpp:464] [locality-audit] dispatch task_id=351 preferred_device=1 actual_gpu=1
[2026-07-09 04:20:58.110] [info] [gpu_pipeline_task.cpp:188] [locality-audit] prepare_after pipeline_id=6 task_id=340 preferred_device=1 actual_gpu=1 target_tier=GPU target_device=1 input_bytes=168282072 local_bytes=168282072 remote_gpu_bytes=0 host_bytes=0 disk_bytes=0 batch_count=1
[2026-07-09 04:20:58.112] [info] [gpu_pipeline_task.cpp:321] [stage-audit] pipeline_id=6 task_id=340 operator_id=33 operator_name=PARTITION stage_kind=PARTITION operator_type=82 input_type=PIPELINEABLE output_type=PIPELINEABLE actual_gpu=1 pipeline_operator_count=1 input_batches=1 input_rows=20711635 input_columns=1 input_bytes=168282072 output_batches=2 output_rows=20711635 output_columns=2 output_bytes=165693080 byte_ratio=0.984615 row_ratio=1.000000 duration_us=1995
[2026-07-09 04:20:58.112] [info] [gpu_pipeline_task.cpp:188] [locality-audit] prepare_before pipeline_id=6 task_id=345 preferred_device=1 actual_gpu=1 target_tier=GPU target_device=1 input_bytes=168251984 local_bytes=168251984 remote_gpu_bytes=0 host_bytes=0 disk_bytes=0 batch_count=1
[2026-07-09 04:20:58.112] [info] [gpu_pipeline_task.cpp:188] [locality-audit] prepare_after pipeline_id=6 task_id=345 preferred_device=1 actual_gpu=1 target_tier=GPU target_device=1 input_bytes=168251984 local_bytes=168251984 remote_gpu_bytes=0 host_bytes=0 disk_bytes=0 batch_count=1
[2026-07-09 04:20:58.114] [info] [gpu_pipeline_task.cpp:321] [stage-audit] pipeline_id=6 task_id=345 operator_id=33 operator_name=PARTITION stage_kind=PARTITION operator_type=82 input_type=PIPELINEABLE output_type=PIPELINEABLE actual_gpu=1 pipeline_operator_count=1 input_batches=1 input_rows=20707930 input_columns=1 input_bytes=168251984 output_batches=2 output_rows=20707930 output_columns=2 output_bytes=165663440 byte_ratio=0.984615 row_ratio=1.000000 duration_us=2047
[2026-07-09 04:20:58.115] [info] [gpu_pipeline_task.cpp:188] [locality-audit] prepare_before pipeline_id=6 task_id=347 preferred_device=1 actual_gpu=1 target_tier=GPU target_device=1 input_bytes=168256752 local_bytes=168256752 remote_gpu_bytes=0 host_bytes=0 disk_bytes=0 batch_count=1
[2026-07-09 04:20:58.115] [info] [gpu_pipeline_task.cpp:188] [locality-audit] prepare_after pipeline_id=6 task_id=347 preferred_device=1 actual_gpu=1 target_tier=GPU target_device=1 input_bytes=168256752 local_bytes=168256752 remote_gpu_bytes=0 host_bytes=0 disk_bytes=0 batch_count=1
[2026-07-09 04:20:58.117] [info] [gpu_pipeline_task.cpp:321] [stage-audit] pipeline_id=6 task_id=347 operator_id=33 operator_name=PARTITION stage_kind=PARTITION operator_type=82 input_type=PIPELINEABLE output_type=PIPELINEABLE actual_gpu=1 pipeline_operator_count=1 input_batches=1 input_rows=20708518 input_columns=1 input_bytes=168256752 output_batches=2 output_rows=20708518 output_columns=2 output_bytes=165668144 byte_ratio=0.984615 row_ratio=1.000000 duration_us=2263
[2026-07-09 04:20:58.130] [error] [downgrade_executor.cpp:323] [downgrade] convert failed from task queue: CUDA error at: /home/dy1013/sirius_multi-gpu/cucascade/src/cudf/representation_converter_builtins.cpp:325: cudaErrorInvalidValue invalid argument
[2026-07-09 04:20:58.139] [info] [gpu_pipeline_task.cpp:188] [locality-audit] prepare_before pipeline_id=7 task_id=350 preferred_device=1 actual_gpu=1 target_tier=GPU target_device=1 input_bytes=496976720 local_bytes=0 remote_gpu_bytes=82848360 host_bytes=414128360 disk_bytes=0 batch_count=6
[2026-07-09 04:20:58.160] [info] [gpu_pipeline_task.cpp:188] [locality-audit] prepare_after pipeline_id=7 task_id=350 preferred_device=1 actual_gpu=1 target_tier=GPU target_device=1 input_bytes=496976720 local_bytes=496976720 remote_gpu_bytes=0 host_bytes=0 disk_bytes=0 batch_count=6
[2026-07-09 04:20:58.162] [info] [gpu_pipeline_task.cpp:321] [stage-audit] pipeline_id=7 task_id=350 operator_id=32 operator_name=CONCAT stage_kind=CONCAT operator_type=83 input_type=PARTITIONED output_type=PARTITIONED actual_gpu=1 pipeline_operator_count=1 input_batches=6 input_rows=62122090 input_columns=6 input_bytes=496976720 output_batches=1 output_rows=62122090 output_columns=1 output_bytes=496976720 byte_ratio=1.000000 row_ratio=1.000000 duration_us=1538
[2026-07-09 04:20:58.162] [info] [gpu_pipeline_task.cpp:188] [locality-audit] prepare_before pipeline_id=7 task_id=351 preferred_device=1 actual_gpu=1 target_tier=GPU target_device=1 input_bytes=82904168 local_bytes=82904168 remote_gpu_bytes=0 host_bytes=0 disk_bytes=0 batch_count=1
[2026-07-09 04:20:58.162] [info] [gpu_pipeline_task.cpp:188] [locality-audit] prepare_after pipeline_id=7 task_id=351 preferred_device=1 actual_gpu=1 target_tier=GPU target_device=1 input_bytes=82904168 local_bytes=82904168 remote_gpu_bytes=0 host_bytes=0 disk_bytes=0 batch_count=1
[2026-07-09 04:20:58.162] [info] [gpu_pipeline_task.cpp:321] [stage-audit] pipeline_id=7 task_id=351 operator_id=32 operator_name=CONCAT stage_kind=CONCAT operator_type=83 input_type=PARTITIONED output_type=PARTITIONED actual_gpu=1 pipeline_operator_count=1 input_batches=1 input_rows=10363021 input_columns=1 input_bytes=82904168 output_batches=1 output_rows=10363021 output_columns=1 output_bytes=82904168 byte_ratio=1.000000 row_ratio=1.000000 duration_us=1
[2026-07-09 04:20:58.210] [info] [sirius_scan_manager.cpp:1014] [fixed-page-cache] page_budget applied scope=global device=0 policy=score budget_bytes_per_gpu=4294967296 evicted_pages=10 evicted_bytes=159323708 resident_bytes_after=4293255524 min_score=440 max_score=1050
[2026-07-09 04:20:58.210] [info] [sirius_scan_manager.cpp:1513] [fixed-page-cache] page_directory appended table='__wdy_auto_fixed_page:/mnt/nvme/dataset/lineitem.parquet;' fixed_cols=3 pages=2348 resident_pages=526 resident_bytes=8583094244 stats_pages=2348 evicted_pages=1822 eviction_count=10 directory_entries=2348 page_bytes=16777216 rows=2400151608 owned_pages=1
[2026-07-09 04:20:58.210] [info] [parquet_gpu_ingestible.cpp:756] [fixed-page-cache] auto_cache_populate table='__wdy_auto_fixed_page:/mnt/nvme/dataset/lineitem.parquet;' rows=10480773 columns=3
[2026-07-09 04:20:58.210] [info] [gpu_pipeline_task.cpp:321] [stage-audit] pipeline_id=5 task_id=329 operator_id=30 operator_name=GPU_SCAN stage_kind=SCAN operator_type=94 input_type=GPU_SCAN output_type=PIPELINEABLE actual_gpu=0 pipeline_operator_count=3 input_batches=0 input_rows=0 input_columns=0 input_bytes=0 output_batches=1 output_rows=10480773 output_columns=3 output_bytes=171622800 byte_ratio=0.000000 row_ratio=0.000000 duration_us=175075
[2026-07-09 04:20:58.210] [info] [gpu_pipeline_task.cpp:321] [stage-audit] pipeline_id=5 task_id=329 operator_id=31 operator_name=DYNAMIC_FILTER stage_kind=OTHER operator_type=95 input_type=PIPELINEABLE output_type=PIPELINEABLE actual_gpu=0 pipeline_operator_count=3 input_batches=1 input_rows=10480773 input_columns=3 input_bytes=171622800 output_batches=1 output_rows=10480773 output_columns=3 output_bytes=171622800 byte_ratio=1.000000 row_ratio=1.000000 duration_us=3
[2026-07-09 04:20:58.211] [info] [gpu_pipeline_task.cpp:321] [stage-audit] pipeline_id=5 task_id=329 operator_id=14 operator_name=FILTER stage_kind=FILTER operator_type=12 input_type=PIPELINEABLE output_type=PIPELINEABLE actual_gpu=0 pipeline_operator_count=3 input_batches=1 input_rows=10480773 input_columns=3 input_bytes=171622800 output_batches=1 output_rows=6627875 output_columns=1 output_bytes=53851544 byte_ratio=0.313778 row_ratio=0.632384 duration_us=687
[2026-07-09 04:20:58.211] [info] [task_creator.cpp:363] [locality-audit] task_create operator_id=33 input_bytes=53851544 local_bytes=53851544 gpu_source_bytes=53851544 host_source_bytes=0 disk_source_bytes=0 gpu_sources=1 host_sources=0 preferred_device=0
[2026-07-09 04:20:58.211] [info] [gpu_pipeline_task.cpp:188] [locality-audit] prepare_before pipeline_id=6 task_id=333 preferred_device=0 actual_gpu=0 target_tier=GPU target_device=0 input_bytes=168046312 local_bytes=0 remote_gpu_bytes=0 host_bytes=168046312 disk_bytes=0 batch_count=1
[2026-07-09 04:20:58.211] [info] [task_scheduler.cpp:462] [mgpu-audit] pipeline_task dispatched to GPU 0 task_id=341
[2026-07-09 04:20:58.211] [info] [task_scheduler.cpp:464] [locality-audit] dispatch task_id=341 preferred_device=0 actual_gpu=0
[2026-07-09 04:20:58.211] [info] [task_scheduler.cpp:462] [mgpu-audit] pipeline_task dispatched to GPU 0 task_id=342
[2026-07-09 04:20:58.211] [info] [task_scheduler.cpp:464] [locality-audit] dispatch task_id=342 preferred_device=0 actual_gpu=0
[2026-07-09 04:20:58.211] [info] [gpu_pipeline_task.cpp:188] [locality-audit] prepare_before pipeline_id=6 task_id=335 preferred_device=0 actual_gpu=0 target_tier=GPU target_device=0 input_bytes=168241744 local_bytes=0 remote_gpu_bytes=0 host_bytes=168241744 disk_bytes=0 batch_count=1
[2026-07-09 04:20:58.219] [info] [gpu_pipeline_task.cpp:188] [locality-audit] prepare_after pipeline_id=6 task_id=335 preferred_device=0 actual_gpu=0 target_tier=GPU target_device=0 input_bytes=168241744 local_bytes=168241744 remote_gpu_bytes=0 host_bytes=0 disk_bytes=0 batch_count=1
[2026-07-09 04:20:58.221] [info] [gpu_pipeline_task.cpp:321] [stage-audit] pipeline_id=6 task_id=335 operator_id=33 operator_name=PARTITION stage_kind=PARTITION operator_type=82 input_type=PIPELINEABLE output_type=PIPELINEABLE actual_gpu=0 pipeline_operator_count=1 input_batches=1 input_rows=20706674 input_columns=1 input_bytes=168241744 output_batches=2 output_rows=20706674 output_columns=2 output_bytes=165653392 byte_ratio=0.984615 row_ratio=1.000000 duration_us=2139
[2026-07-09 04:20:58.225] [info] [gpu_pipeline_task.cpp:188] [locality-audit] prepare_after pipeline_id=6 task_id=333 preferred_device=0 actual_gpu=0 target_tier=GPU target_device=0 input_bytes=168046312 local_bytes=168046312 remote_gpu_bytes=0 host_bytes=0 disk_bytes=0 batch_count=1
[2026-07-09 04:20:58.227] [info] [gpu_pipeline_task.cpp:321] [stage-audit] pipeline_id=6 task_id=333 operator_id=33 operator_name=PARTITION stage_kind=PARTITION operator_type=82 input_type=PIPELINEABLE output_type=PIPELINEABLE actual_gpu=0 pipeline_operator_count=1 input_batches=1 input_rows=20682621 input_columns=1 input_bytes=168046312 output_batches=2 output_rows=20682621 output_columns=2 output_bytes=165460968 byte_ratio=0.984615 row_ratio=1.000000 duration_us=1987
[2026-07-09 04:20:58.228] [info] [task_scheduler.cpp:462] [mgpu-audit] pipeline_task dispatched to GPU 0 task_id=344
[2026-07-09 04:20:58.228] [info] [task_scheduler.cpp:464] [locality-audit] dispatch task_id=344 preferred_device=0 actual_gpu=0
[2026-07-09 04:20:58.228] [info] [gpu_pipeline_task.cpp:188] [locality-audit] prepare_before pipeline_id=6 task_id=336 preferred_device=0 actual_gpu=0 target_tier=GPU target_device=0 input_bytes=168264152 local_bytes=0 remote_gpu_bytes=0 host_bytes=168264152 disk_bytes=0 batch_count=1
[2026-07-09 04:20:58.235] [info] [gpu_pipeline_task.cpp:188] [locality-audit] prepare_after pipeline_id=6 task_id=336 preferred_device=0 actual_gpu=0 target_tier=GPU target_device=0 input_bytes=168264152 local_bytes=168264152 remote_gpu_bytes=0 host_bytes=0 disk_bytes=0 batch_count=1
[2026-07-09 04:20:58.237] [info] [gpu_pipeline_task.cpp:321] [stage-audit] pipeline_id=6 task_id=336 operator_id=33 operator_name=PARTITION stage_kind=PARTITION operator_type=82 input_type=PIPELINEABLE output_type=PIPELINEABLE actual_gpu=0 pipeline_operator_count=1 input_batches=1 input_rows=20709427 input_columns=1 input_bytes=168264152 output_batches=2 output_rows=20709427 output_columns=2 output_bytes=165675416 byte_ratio=0.984615 row_ratio=1.000000 duration_us=2019
[2026-07-09 04:20:58.237] [info] [gpu_pipeline_task.cpp:188] [locality-audit] prepare_before pipeline_id=6 task_id=339 preferred_device=0 actual_gpu=0 target_tier=GPU target_device=0 input_bytes=168269872 local_bytes=0 remote_gpu_bytes=0 host_bytes=168269872 disk_bytes=0 batch_count=1
[2026-07-09 04:20:58.237] [info] [task_scheduler.cpp:462] [mgpu-audit] pipeline_task dispatched to GPU 0 task_id=346
[2026-07-09 04:20:58.237] [info] [task_scheduler.cpp:464] [locality-audit] dispatch task_id=346 preferred_device=0 actual_gpu=0
[2026-07-09 04:20:58.244] [info] [gpu_pipeline_task.cpp:188] [locality-audit] prepare_after pipeline_id=6 task_id=339 preferred_device=0 actual_gpu=0 target_tier=GPU target_device=0 input_bytes=168269872 local_bytes=168269872 remote_gpu_bytes=0 host_bytes=0 disk_bytes=0 batch_count=1
[2026-07-09 04:20:58.246] [info] [gpu_pipeline_task.cpp:321] [stage-audit] pipeline_id=6 task_id=339 operator_id=33 operator_name=PARTITION stage_kind=PARTITION operator_type=82 input_type=PIPELINEABLE output_type=PIPELINEABLE actual_gpu=0 pipeline_operator_count=1 input_batches=1 input_rows=20710134 input_columns=1 input_bytes=168269872 output_batches=2 output_rows=20710134 output_columns=2 output_bytes=165681072 byte_ratio=0.984615 row_ratio=1.000000 duration_us=2425
[2026-07-09 04:20:58.247] [info] [task_scheduler.cpp:462] [mgpu-audit] pipeline_task dispatched to GPU 1 task_id=355
[2026-07-09 04:20:58.247] [info] [task_scheduler.cpp:464] [locality-audit] dispatch task_id=355 preferred_device=1 actual_gpu=1
[2026-07-09 04:20:58.247] [info] [task_scheduler.cpp:462] [mgpu-audit] pipeline_task dispatched to GPU 1 task_id=356
[2026-07-09 04:20:58.247] [info] [task_scheduler.cpp:464] [locality-audit] dispatch task_id=356 preferred_device=1 actual_gpu=1
[2026-07-09 04:20:58.247] [error] [downgrade_executor.cpp:323] [downgrade] convert failed from task queue: CUDA error at: /home/dy1013/sirius_multi-gpu/cucascade/src/cudf/representation_converter_builtins.cpp:325: cudaErrorInvalidValue invalid argument
[2026-07-09 04:20:58.263] [info] [gpu_pipeline_task.cpp:188] [locality-audit] prepare_before pipeline_id=6 task_id=341 preferred_device=0 actual_gpu=0 target_tier=GPU target_device=0 input_bytes=168271904 local_bytes=0 remote_gpu_bytes=0 host_bytes=168271904 disk_bytes=0 batch_count=1
[2026-07-09 04:20:58.263] [info] [task_scheduler.cpp:462] [mgpu-audit] pipeline_task dispatched to GPU 0 task_id=349
[2026-07-09 04:20:58.263] [info] [task_scheduler.cpp:464] [locality-audit] dispatch task_id=349 preferred_device=0 actual_gpu=0
[2026-07-09 04:20:58.269] [info] [gpu_pipeline_task.cpp:188] [locality-audit] prepare_before pipeline_id=7 task_id=355 preferred_device=1 actual_gpu=1 target_tier=GPU target_device=1 input_bytes=497066488 local_bytes=0 remote_gpu_bytes=0 host_bytes=497066488 disk_bytes=0 batch_count=6
[2026-07-09 04:20:58.269] [info] [gpu_pipeline_task.cpp:188] [locality-audit] prepare_before pipeline_id=7 task_id=356 preferred_device=1 actual_gpu=1 target_tier=GPU target_device=1 input_bytes=82892864 local_bytes=0 remote_gpu_bytes=0 host_bytes=82892864 disk_bytes=0 batch_count=1
[2026-07-09 04:20:58.270] [info] [gpu_pipeline_task.cpp:188] [locality-audit] prepare_after pipeline_id=6 task_id=341 preferred_device=0 actual_gpu=0 target_tier=GPU target_device=0 input_bytes=168271904 local_bytes=168271904 remote_gpu_bytes=0 host_bytes=0 disk_bytes=0 batch_count=1
[2026-07-09 04:20:58.272] [info] [gpu_pipeline_task.cpp:321] [stage-audit] pipeline_id=6 task_id=341 operator_id=33 operator_name=PARTITION stage_kind=PARTITION operator_type=82 input_type=PIPELINEABLE output_type=PIPELINEABLE actual_gpu=0 pipeline_operator_count=1 input_batches=1 input_rows=20710388 input_columns=1 input_bytes=168271904 output_batches=2 output_rows=20710388 output_columns=2 output_bytes=165683104 byte_ratio=0.984615 row_ratio=1.000000 duration_us=2101
[2026-07-09 04:20:58.272] [info] [gpu_pipeline_task.cpp:188] [locality-audit] prepare_before pipeline_id=6 task_id=342 preferred_device=0 actual_gpu=0 target_tier=GPU target_device=0 input_bytes=168269368 local_bytes=0 remote_gpu_bytes=0 host_bytes=168269368 disk_bytes=0 batch_count=1
[2026-07-09 04:20:58.272] [info] [task_scheduler.cpp:462] [mgpu-audit] pipeline_task dispatched to GPU 0 task_id=352
[2026-07-09 04:20:58.272] [info] [task_scheduler.cpp:464] [locality-audit] dispatch task_id=352 preferred_device=0 actual_gpu=0
[2026-07-09 04:20:58.276] [info] [gpu_pipeline_task.cpp:188] [locality-audit] prepare_after pipeline_id=7 task_id=356 preferred_device=1 actual_gpu=1 target_tier=GPU target_device=1 input_bytes=82892864 local_bytes=82892864 remote_gpu_bytes=0 host_bytes=0 disk_bytes=0 batch_count=1
[2026-07-09 04:20:58.276] [info] [gpu_pipeline_task.cpp:321] [stage-audit] pipeline_id=7 task_id=356 operator_id=32 operator_name=CONCAT stage_kind=CONCAT operator_type=83 input_type=PARTITIONED output_type=PARTITIONED actual_gpu=1 pipeline_operator_count=1 input_batches=1 input_rows=10361608 input_columns=1 input_bytes=82892864 output_batches=1 output_rows=10361608 output_columns=1 output_bytes=82892864 byte_ratio=1.000000 row_ratio=1.000000 duration_us=2
[2026-07-09 04:20:58.279] [info] [gpu_pipeline_task.cpp:188] [locality-audit] prepare_after pipeline_id=6 task_id=342 preferred_device=0 actual_gpu=0 target_tier=GPU target_device=0 input_bytes=168269368 local_bytes=168269368 remote_gpu_bytes=0 host_bytes=0 disk_bytes=0 batch_count=1
[2026-07-09 04:20:58.281] [info] [gpu_pipeline_task.cpp:321] [stage-audit] pipeline_id=6 task_id=342 operator_id=33 operator_name=PARTITION stage_kind=PARTITION operator_type=82 input_type=PIPELINEABLE output_type=PIPELINEABLE actual_gpu=0 pipeline_operator_count=1 input_batches=1 input_rows=20710071 input_columns=1 input_bytes=168269368 output_batches=2 output_rows=20710071 output_columns=2 output_bytes=165680568 byte_ratio=0.984615 row_ratio=1.000000 duration_us=1948
[2026-07-09 04:20:58.281] [info] [task_scheduler.cpp:462] [mgpu-audit] pipeline_task dispatched to GPU 0 task_id=353
[2026-07-09 04:20:58.281] [info] [task_scheduler.cpp:464] [locality-audit] dispatch task_id=353 preferred_device=0 actual_gpu=0
[2026-07-09 04:20:58.281] [info] [gpu_pipeline_task.cpp:188] [locality-audit] prepare_before pipeline_id=6 task_id=344 preferred_device=0 actual_gpu=0 target_tier=GPU target_device=0 input_bytes=168271024 local_bytes=168271024 remote_gpu_bytes=0 host_bytes=0 disk_bytes=0 batch_count=1
[2026-07-09 04:20:58.281] [info] [gpu_pipeline_task.cpp:188] [locality-audit] prepare_after pipeline_id=6 task_id=344 preferred_device=0 actual_gpu=0 target_tier=GPU target_device=0 input_bytes=168271024 local_bytes=168271024 remote_gpu_bytes=0 host_bytes=0 disk_bytes=0 batch_count=1
[2026-07-09 04:20:58.283] [info] [gpu_pipeline_task.cpp:321] [stage-audit] pipeline_id=6 task_id=344 operator_id=33 operator_name=PARTITION stage_kind=PARTITION operator_type=82 input_type=PIPELINEABLE output_type=PIPELINEABLE actual_gpu=0 pipeline_operator_count=1 input_batches=1 input_rows=20710278 input_columns=1 input_bytes=168271024 output_batches=2 output_rows=20710278 output_columns=2 output_bytes=165682224 byte_ratio=0.984615 row_ratio=1.000000 duration_us=2303
[2026-07-09 04:20:58.283] [info] [task_scheduler.cpp:462] [mgpu-audit] pipeline_task dispatched to GPU 0 task_id=354
[2026-07-09 04:20:58.283] [info] [task_scheduler.cpp:464] [locality-audit] dispatch task_id=354 preferred_device=0 actual_gpu=0
[2026-07-09 04:20:58.283] [info] [task_scheduler.cpp:462] [mgpu-audit] pipeline_task dispatched to GPU 0 task_id=348
[2026-07-09 04:20:58.283] [info] [task_scheduler.cpp:464] [locality-audit] dispatch task_id=348 preferred_device=0 actual_gpu=0
[2026-07-09 04:20:58.283] [info] [gpu_pipeline_task.cpp:188] [locality-audit] prepare_before pipeline_id=6 task_id=346 preferred_device=0 actual_gpu=0 target_tier=GPU target_device=0 input_bytes=168295632 local_bytes=168295632 remote_gpu_bytes=0 host_bytes=0 disk_bytes=0 batch_count=1
[2026-07-09 04:20:58.283] [info] [gpu_pipeline_task.cpp:188] [locality-audit] prepare_before pipeline_id=7 task_id=349 preferred_device=0 actual_gpu=0 target_tier=GPU target_device=0 input_bytes=82761888 local_bytes=0 remote_gpu_bytes=0 host_bytes=82761888 disk_bytes=0 batch_count=1
[2026-07-09 04:20:58.284] [info] [gpu_pipeline_task.cpp:188] [locality-audit] prepare_after pipeline_id=6 task_id=346 preferred_device=0 actual_gpu=0 target_tier=GPU target_device=0 input_bytes=168295632 local_bytes=168295632 remote_gpu_bytes=0 host_bytes=0 disk_bytes=0 batch_count=1
[2026-07-09 04:20:58.287] [info] [gpu_pipeline_task.cpp:188] [locality-audit] prepare_after pipeline_id=7 task_id=349 preferred_device=0 actual_gpu=0 target_tier=GPU target_device=0 input_bytes=82761888 local_bytes=82761888 remote_gpu_bytes=0 host_bytes=0 disk_bytes=0 batch_count=1
[2026-07-09 04:20:58.287] [info] [gpu_pipeline_task.cpp:321] [stage-audit] pipeline_id=7 task_id=349 operator_id=32 operator_name=CONCAT stage_kind=CONCAT operator_type=83 input_type=PARTITIONED output_type=PARTITIONED actual_gpu=0 pipeline_operator_count=1 input_batches=1 input_rows=10345236 input_columns=1 input_bytes=82761888 output_batches=1 output_rows=10345236 output_columns=1 output_bytes=82761888 byte_ratio=1.000000 row_ratio=1.000000 duration_us=3
[2026-07-09 04:20:58.289] [info] [gpu_pipeline_task.cpp:321] [stage-audit] pipeline_id=6 task_id=346 operator_id=33 operator_name=PARTITION stage_kind=PARTITION operator_type=82 input_type=PIPELINEABLE output_type=PIPELINEABLE actual_gpu=0 pipeline_operator_count=1 input_batches=1 input_rows=20713306 input_columns=1 input_bytes=168295632 output_batches=2 output_rows=20713306 output_columns=2 output_bytes=165706448 byte_ratio=0.984615 row_ratio=1.000000 duration_us=5575
[2026-07-09 04:20:58.289] [info] [gpu_pipeline_task.cpp:188] [locality-audit] prepare_before pipeline_id=6 task_id=352 preferred_device=0 actual_gpu=0 target_tier=GPU target_device=0 input_bytes=53851544 local_bytes=53851544 remote_gpu_bytes=0 host_bytes=0 disk_bytes=0 batch_count=1
[2026-07-09 04:20:58.289] [info] [gpu_pipeline_task.cpp:188] [locality-audit] prepare_after pipeline_id=6 task_id=352 preferred_device=0 actual_gpu=0 target_tier=GPU target_device=0 input_bytes=53851544 local_bytes=53851544 remote_gpu_bytes=0 host_bytes=0 disk_bytes=0 batch_count=1
[2026-07-09 04:20:58.290] [info] [gpu_pipeline_task.cpp:321] [stage-audit] pipeline_id=6 task_id=352 operator_id=33 operator_name=PARTITION stage_kind=PARTITION operator_type=82 input_type=PIPELINEABLE output_type=PIPELINEABLE actual_gpu=0 pipeline_operator_count=1 input_batches=1 input_rows=6627875 input_columns=1 input_bytes=53851544 output_batches=2 output_rows=6627875 output_columns=2 output_bytes=53023000 byte_ratio=0.984614 row_ratio=1.000000 duration_us=771
[2026-07-09 04:20:58.290] [info] [task_scheduler.cpp:462] [mgpu-audit] pipeline_task dispatched to GPU 0 task_id=357
[2026-07-09 04:20:58.290] [info] [task_scheduler.cpp:464] [locality-audit] dispatch task_id=357 preferred_device=0 actual_gpu=0
[2026-07-09 04:20:58.294] [info] [gpu_pipeline_task.cpp:188] [locality-audit] prepare_after pipeline_id=7 task_id=355 preferred_device=1 actual_gpu=1 target_tier=GPU target_device=1 input_bytes=497066488 local_bytes=497066488 remote_gpu_bytes=0 host_bytes=0 disk_bytes=0 batch_count=6
[2026-07-09 04:20:58.296] [info] [gpu_pipeline_task.cpp:321] [stage-audit] pipeline_id=7 task_id=355 operator_id=32 operator_name=CONCAT stage_kind=CONCAT operator_type=83 input_type=PARTITIONED output_type=PARTITIONED actual_gpu=1 pipeline_operator_count=1 input_batches=6 input_rows=62133311 input_columns=6 input_bytes=497066488 output_batches=1 output_rows=62133311 output_columns=1 output_bytes=497066488 byte_ratio=1.000000 row_ratio=1.000000 duration_us=1723
[2026-07-09 04:20:58.301] [info] [task_scheduler.cpp:462] [mgpu-audit] pipeline_task dispatched to GPU 1 task_id=358
[2026-07-09 04:20:58.301] [info] [task_scheduler.cpp:464] [locality-audit] dispatch task_id=358 preferred_device=1 actual_gpu=1
[2026-07-09 04:20:58.304] [info] [gpu_pipeline_task.cpp:188] [locality-audit] prepare_before pipeline_id=7 task_id=353 preferred_device=0 actual_gpu=0 target_tier=GPU target_device=0 input_bytes=496747952 local_bytes=248304416 remote_gpu_bytes=0 host_bytes=248443536 disk_bytes=0 batch_count=6
[2026-07-09 04:20:58.304] [info] [gpu_pipeline_task.cpp:188] [locality-audit] prepare_before pipeline_id=7 task_id=354 preferred_device=0 actual_gpu=0 target_tier=GPU target_device=0 input_bytes=82788208 local_bytes=0 remote_gpu_bytes=0 host_bytes=82788208 disk_bytes=0 batch_count=1
[2026-07-09 04:20:58.308] [info] [gpu_pipeline_task.cpp:188] [locality-audit] prepare_after pipeline_id=7 task_id=354 preferred_device=0 actual_gpu=0 target_tier=GPU target_device=0 input_bytes=82788208 local_bytes=82788208 remote_gpu_bytes=0 host_bytes=0 disk_bytes=0 batch_count=1
[2026-07-09 04:20:58.308] [info] [gpu_pipeline_task.cpp:321] [stage-audit] pipeline_id=7 task_id=354 operator_id=32 operator_name=CONCAT stage_kind=CONCAT operator_type=83 input_type=PARTITIONED output_type=PARTITIONED actual_gpu=0 pipeline_operator_count=1 input_batches=1 input_rows=10348526 input_columns=1 input_bytes=82788208 output_batches=1 output_rows=10348526 output_columns=1 output_bytes=82788208 byte_ratio=1.000000 row_ratio=1.000000 duration_us=2
[2026-07-09 04:20:58.318] [info] [gpu_pipeline_task.cpp:188] [locality-audit] prepare_after pipeline_id=7 task_id=353 preferred_device=0 actual_gpu=0 target_tier=GPU target_device=0 input_bytes=496747952 local_bytes=496747952 remote_gpu_bytes=0 host_bytes=0 disk_bytes=0 batch_count=6
[2026-07-09 04:20:58.320] [info] [gpu_pipeline_task.cpp:321] [stage-audit] pipeline_id=7 task_id=353 operator_id=32 operator_name=CONCAT stage_kind=CONCAT operator_type=83 input_type=PARTITIONED output_type=PARTITIONED actual_gpu=0 pipeline_operator_count=1 input_batches=6 input_rows=62093494 input_columns=6 input_bytes=496747952 output_batches=1 output_rows=62093494 output_columns=1 output_bytes=496747952 byte_ratio=1.000000 row_ratio=1.000000 duration_us=1845
[2026-07-09 04:20:58.326] [info] [gpu_pipeline_task.cpp:188] [locality-audit] prepare_before pipeline_id=7 task_id=358 preferred_device=1 actual_gpu=1 target_tier=GPU target_device=1 input_bytes=357862064 local_bytes=0 remote_gpu_bytes=82866128 host_bytes=274995936 disk_bytes=0 batch_count=5
[2026-07-09 04:20:58.343] [info] [gpu_pipeline_task.cpp:188] [locality-audit] prepare_before pipeline_id=7 task_id=348 preferred_device=0 actual_gpu=0 target_tier=GPU target_device=0 input_bytes=496938160 local_bytes=82912776 remote_gpu_bytes=414025384 host_bytes=0 disk_bytes=0 batch_count=6
[2026-07-09 04:20:58.343] [info] [gpu_pipeline_task.cpp:188] [locality-audit] prepare_before pipeline_id=7 task_id=357 preferred_device=0 actual_gpu=0 target_tier=GPU target_device=0 input_bytes=357913280 local_bytes=357913280 remote_gpu_bytes=0 host_bytes=0 disk_bytes=0 batch_count=5
[2026-07-09 04:20:58.343] [info] [gpu_pipeline_task.cpp:188] [locality-audit] prepare_after pipeline_id=7 task_id=357 preferred_device=0 actual_gpu=0 target_tier=GPU target_device=0 input_bytes=357913280 local_bytes=357913280 remote_gpu_bytes=0 host_bytes=0 disk_bytes=0 batch_count=5
[2026-07-09 04:20:58.344] [info] [gpu_pipeline_task.cpp:321] [stage-audit] pipeline_id=7 task_id=357 operator_id=32 operator_name=CONCAT stage_kind=CONCAT operator_type=83 input_type=PARTITIONED output_type=PARTITIONED actual_gpu=0 pipeline_operator_count=1 input_batches=5 input_rows=44739160 input_columns=5 input_bytes=357913280 output_batches=1 output_rows=44739160 output_columns=1 output_bytes=357913280 byte_ratio=1.000000 row_ratio=1.000000 duration_us=1407
[2026-07-09 04:20:58.359] [info] [gpu_pipeline_task.cpp:188] [locality-audit] prepare_after pipeline_id=7 task_id=358 preferred_device=1 actual_gpu=1 target_tier=GPU target_device=1 input_bytes=357862064 local_bytes=357862064 remote_gpu_bytes=0 host_bytes=0 disk_bytes=0 batch_count=5
[2026-07-09 04:20:58.360] [info] [gpu_pipeline_task.cpp:321] [stage-audit] pipeline_id=7 task_id=358 operator_id=32 operator_name=CONCAT stage_kind=CONCAT operator_type=83 input_type=PARTITIONED output_type=PARTITIONED actual_gpu=1 pipeline_operator_count=1 input_batches=5 input_rows=44732758 input_columns=5 input_bytes=357862064 output_batches=1 output_rows=44732758 output_columns=1 output_bytes=357862064 byte_ratio=1.000000 row_ratio=1.000000 duration_us=1140
[2026-07-09 04:20:58.364] [info] [gpu_pipeline_task.cpp:188] [locality-audit] prepare_after pipeline_id=7 task_id=348 preferred_device=0 actual_gpu=0 target_tier=GPU target_device=0 input_bytes=496938160 local_bytes=496938160 remote_gpu_bytes=0 host_bytes=0 disk_bytes=0 batch_count=6
[2026-07-09 04:20:58.366] [info] [gpu_pipeline_task.cpp:321] [stage-audit] pipeline_id=7 task_id=348 operator_id=32 operator_name=CONCAT stage_kind=CONCAT operator_type=83 input_type=PARTITIONED output_type=PARTITIONED actual_gpu=0 pipeline_operator_count=1 input_batches=6 input_rows=62117270 input_columns=6 input_bytes=496938160 output_batches=1 output_rows=62117270 output_columns=1 output_bytes=496938160 byte_ratio=1.000000 row_ratio=1.000000 duration_us=2131
[2026-07-09 04:20:58.366] [info] [task_scheduler.cpp:462] [mgpu-audit] pipeline_task dispatched to GPU 0 task_id=359
[2026-07-09 04:20:58.366] [info] [task_scheduler.cpp:464] [locality-audit] dispatch task_id=359 preferred_device=0 actual_gpu=0
[2026-07-09 04:20:58.366] [info] [task_scheduler.cpp:462] [mgpu-audit] pipeline_task dispatched to GPU 0 task_id=360
[2026-07-09 04:20:58.366] [info] [task_scheduler.cpp:464] [locality-audit] dispatch task_id=360 preferred_device=0 actual_gpu=0
[2026-07-09 04:20:58.366] [info] [task_scheduler.cpp:462] [mgpu-audit] pipeline_task dispatched to GPU 0 task_id=361
[2026-07-09 04:20:58.366] [info] [task_scheduler.cpp:464] [locality-audit] dispatch task_id=361 preferred_device=0 actual_gpu=0
[2026-07-09 04:20:58.366] [info] [task_scheduler.cpp:462] [mgpu-audit] pipeline_task dispatched to GPU 0 task_id=362
[2026-07-09 04:20:58.366] [info] [task_scheduler.cpp:464] [locality-audit] dispatch task_id=362 preferred_device=0 actual_gpu=0
[2026-07-09 04:20:58.366] [info] [task_scheduler.cpp:462] [mgpu-audit] pipeline_task dispatched to GPU 1 task_id=364
[2026-07-09 04:20:58.366] [info] [task_scheduler.cpp:464] [locality-audit] dispatch task_id=364 preferred_device=1 actual_gpu=1
[2026-07-09 04:20:58.366] [info] [task_scheduler.cpp:462] [mgpu-audit] pipeline_task dispatched to GPU 1 task_id=365
[2026-07-09 04:20:58.366] [info] [task_scheduler.cpp:464] [locality-audit] dispatch task_id=365 preferred_device=1 actual_gpu=1
[2026-07-09 04:20:58.366] [info] [task_scheduler.cpp:462] [mgpu-audit] pipeline_task dispatched to GPU 1 task_id=366
[2026-07-09 04:20:58.366] [info] [task_scheduler.cpp:464] [locality-audit] dispatch task_id=366 preferred_device=1 actual_gpu=1
[2026-07-09 04:20:58.366] [info] [task_scheduler.cpp:462] [mgpu-audit] pipeline_task dispatched to GPU 1 task_id=367
[2026-07-09 04:20:58.366] [info] [task_scheduler.cpp:464] [locality-audit] dispatch task_id=367 preferred_device=1 actual_gpu=1
[2026-07-09 04:20:58.366] [info] [task_scheduler.cpp:462] [mgpu-audit] pipeline_task dispatched to GPU 0 task_id=363
[2026-07-09 04:20:58.366] [info] [task_scheduler.cpp:464] [locality-audit] dispatch task_id=363 preferred_device=0 actual_gpu=0
[2026-07-09 04:20:58.366] [info] [gpu_pipeline_task.cpp:188] [locality-audit] prepare_before pipeline_id=8 task_id=359 preferred_device=0 actual_gpu=0 target_tier=GPU target_device=0 input_bytes=105721704 local_bytes=0 remote_gpu_bytes=0 host_bytes=105721704 disk_bytes=0 batch_count=2
[2026-07-09 04:20:58.366] [info] [gpu_pipeline_task.cpp:188] [locality-audit] prepare_before pipeline_id=8 task_id=360 preferred_device=0 actual_gpu=0 target_tier=GPU target_device=0 input_bytes=105748024 local_bytes=0 remote_gpu_bytes=0 host_bytes=105748024 disk_bytes=0 batch_count=2
[2026-07-09 04:20:58.374] [info] [gpu_pipeline_task.cpp:188] [locality-audit] prepare_after pipeline_id=8 task_id=359 preferred_device=0 actual_gpu=0 target_tier=GPU target_device=0 input_bytes=105721704 local_bytes=105721704 remote_gpu_bytes=0 host_bytes=0 disk_bytes=0 batch_count=2
[2026-07-09 04:20:58.374] [info] [gpu_pipeline_task.cpp:188] [locality-audit] prepare_after pipeline_id=8 task_id=360 preferred_device=0 actual_gpu=0 target_tier=GPU target_device=0 input_bytes=105748024 local_bytes=105748024 remote_gpu_bytes=0 host_bytes=0 disk_bytes=0 batch_count=2
[2026-07-09 04:20:58.380] [warning] [downgrade_executor.cpp:335] [downgrade] [GPU:1] downgrade request not satisfied and disk memory space is not configured; data cannot be spilled to disk. Consider configuring a disk memory space to enable spilling.
[2026-07-09 04:20:58.380] [warning] [gpu_pipeline_executor.cpp:250] GPU Pipeline Executor: after downgrade (357862064 bytes freed), reservation still partial (1526096000/1559779536 bytes) for pipeline 8 task 364 -- proceeding with partial reservation
[2026-07-09 04:20:58.380] [info] [task_scheduler.cpp:462] [mgpu-audit] pipeline_task dispatched to GPU 1 task_id=368
[2026-07-09 04:20:58.380] [info] [task_scheduler.cpp:464] [locality-audit] dispatch task_id=368 preferred_device=1 actual_gpu=1
[2026-07-09 04:20:58.380] [info] [gpu_pipeline_task.cpp:188] [locality-audit] prepare_before pipeline_id=8 task_id=364 preferred_device=1 actual_gpu=1 target_tier=GPU target_device=1 input_bytes=519926512 local_bytes=0 remote_gpu_bytes=0 host_bytes=519926512 disk_bytes=0 batch_count=2
[2026-07-09 04:20:58.382] [info] [gpu_pipeline_task.cpp:321] [stage-audit] pipeline_id=8 task_id=360 operator_id=16 operator_name=HASH_JOIN stage_kind=JOIN operator_type=33 input_type=PARTITIONED output_type=PIPELINEABLE actual_gpu=0 pipeline_operator_count=2 input_batches=2 input_rows=13218503 input_columns=2 input_bytes=105748024 output_batches=1 output_rows=397192 output_columns=2 output_bytes=6355072 byte_ratio=0.060096 row_ratio=0.030048 duration_us=7838
[2026-07-09 04:20:58.382] [info] [gpu_pipeline_task.cpp:321] [stage-audit] pipeline_id=8 task_id=359 operator_id=16 operator_name=HASH_JOIN stage_kind=JOIN operator_type=33 input_type=PARTITIONED output_type=PIPELINEABLE actual_gpu=0 pipeline_operator_count=2 input_batches=2 input_rows=13215213 input_columns=2 input_bytes=105721704 output_batches=1 output_rows=397423 output_columns=2 output_bytes=6358768 byte_ratio=0.060146 row_ratio=0.030073 duration_us=7885
[2026-07-09 04:20:58.382] [info] [gpu_pipeline_task.cpp:321] [stage-audit] pipeline_id=8 task_id=360 operator_id=17 operator_name=PROJECTION stage_kind=PROJECTION operator_type=13 input_type=PIPELINEABLE output_type=PIPELINEABLE actual_gpu=0 pipeline_operator_count=2 input_batches=1 input_rows=397192 input_columns=2 input_bytes=6355072 output_batches=1 output_rows=397192 output_columns=1 output_bytes=3177536 byte_ratio=0.500000 row_ratio=1.000000 duration_us=18
[2026-07-09 04:20:58.382] [info] [gpu_pipeline_task.cpp:321] [stage-audit] pipeline_id=8 task_id=359 operator_id=17 operator_name=PROJECTION stage_kind=PROJECTION operator_type=13 input_type=PIPELINEABLE output_type=PIPELINEABLE actual_gpu=0 pipeline_operator_count=2 input_batches=1 input_rows=397423 input_columns=2 input_bytes=6358768 output_batches=1 output_rows=397423 output_columns=1 output_bytes=3179384 byte_ratio=0.500000 row_ratio=1.000000 duration_us=6
[2026-07-09 04:20:58.383] [warning] [downgrade_executor.cpp:335] [downgrade] [GPU:0] downgrade request not satisfied and disk memory space is not configured; data cannot be spilled to disk. Consider configuring a disk memory space to enable spilling.
[2026-07-09 04:20:58.383] [warning] [gpu_pipeline_executor.cpp:250] GPU Pipeline Executor: after downgrade (6356920 bytes freed), reservation still partial (644758656/1559123304 bytes) for pipeline 8 task 361 -- proceeding with partial reservation
[2026-07-09 04:20:58.383] [info] [gpu_pipeline_task.cpp:188] [locality-audit] prepare_before pipeline_id=8 task_id=361 preferred_device=0 actual_gpu=0 target_tier=GPU target_device=0 input_bytes=519707768 local_bytes=22959816 remote_gpu_bytes=0 host_bytes=496747952 disk_bytes=0 batch_count=2
[2026-07-09 04:20:58.402] [info] [gpu_pipeline_task.cpp:188] [locality-audit] prepare_after pipeline_id=8 task_id=364 preferred_device=1 actual_gpu=1 target_tier=GPU target_device=1 input_bytes=519926512 local_bytes=519926512 remote_gpu_bytes=0 host_bytes=0 disk_bytes=0 batch_count=2
[2026-07-09 04:20:58.404] [info] [gpu_pipeline_task.cpp:188] [locality-audit] prepare_after pipeline_id=8 task_id=361 preferred_device=0 actual_gpu=0 target_tier=GPU target_device=0 input_bytes=519707768 local_bytes=519707768 remote_gpu_bytes=0 host_bytes=0 disk_bytes=0 batch_count=2
[2026-07-09 04:20:58.419] [info] [gpu_pipeline_task.cpp:321] [stage-audit] pipeline_id=8 task_id=364 operator_id=16 operator_name=HASH_JOIN stage_kind=JOIN operator_type=33 input_type=PARTITIONED output_type=PIPELINEABLE actual_gpu=1 pipeline_operator_count=2 input_batches=2 input_rows=64990814 input_columns=2 input_bytes=519926512 output_batches=1 output_rows=2373592 output_columns=2 output_bytes=37977472 byte_ratio=0.073044 row_ratio=0.036522 duration_us=16820
[2026-07-09 04:20:58.419] [info] [gpu_pipeline_task.cpp:321] [stage-audit] pipeline_id=8 task_id=364 operator_id=17 operator_name=PROJECTION stage_kind=PROJECTION operator_type=13 input_type=PIPELINEABLE output_type=PIPELINEABLE actual_gpu=1 pipeline_operator_count=2 input_batches=1 input_rows=2373592 input_columns=2 input_bytes=37977472 output_batches=1 output_rows=2373592 output_columns=1 output_bytes=18988736 byte_ratio=0.500000 row_ratio=1.000000 duration_us=4
[2026-07-09 04:20:58.419] [info] [gpu_pipeline_task.cpp:188] [locality-audit] prepare_before pipeline_id=8 task_id=365 preferred_device=1 actual_gpu=1 target_tier=GPU target_device=1 input_bytes=105853960 local_bytes=22949792 remote_gpu_bytes=0 host_bytes=82904168 disk_bytes=0 batch_count=2
[2026-07-09 04:20:58.419] [info] [gpu_pipeline_task.cpp:188] [locality-audit] prepare_before pipeline_id=8 task_id=367 preferred_device=1 actual_gpu=1 target_tier=GPU target_device=1 input_bytes=520016280 local_bytes=22949792 remote_gpu_bytes=0 host_bytes=497066488 disk_bytes=0 batch_count=2
[2026-07-09 04:20:58.419] [info] [gpu_pipeline_task.cpp:188] [locality-audit] prepare_before pipeline_id=8 task_id=366 preferred_device=1 actual_gpu=1 target_tier=GPU target_device=1 input_bytes=105842656 local_bytes=22949792 remote_gpu_bytes=0 host_bytes=82892864 disk_bytes=0 batch_count=2
[2026-07-09 04:20:58.421] [info] [gpu_pipeline_task.cpp:321] [stage-audit] pipeline_id=8 task_id=361 operator_id=16 operator_name=HASH_JOIN stage_kind=JOIN operator_type=33 input_type=PARTITIONED output_type=PIPELINEABLE actual_gpu=0 pipeline_operator_count=2 input_batches=2 input_rows=64963471 input_columns=2 input_bytes=519707768 output_batches=1 output_rows=2376983 output_columns=2 output_bytes=38031728 byte_ratio=0.073179 row_ratio=0.036590 duration_us=16999
[2026-07-09 04:20:58.421] [info] [gpu_pipeline_task.cpp:321] [stage-audit] pipeline_id=8 task_id=361 operator_id=17 operator_name=PROJECTION stage_kind=PROJECTION operator_type=13 input_type=PIPELINEABLE output_type=PIPELINEABLE actual_gpu=0 pipeline_operator_count=2 input_batches=1 input_rows=2376983 input_columns=2 input_bytes=38031728 output_batches=1 output_rows=2376983 output_columns=1 output_bytes=19015864 byte_ratio=0.500000 row_ratio=1.000000 duration_us=4
[2026-07-09 04:20:58.421] [info] [gpu_pipeline_task.cpp:188] [locality-audit] prepare_before pipeline_id=8 task_id=362 preferred_device=0 actual_gpu=0 target_tier=GPU target_device=0 input_bytes=380873096 local_bytes=380873096 remote_gpu_bytes=0 host_bytes=0 disk_bytes=0 batch_count=2
[2026-07-09 04:20:58.421] [info] [gpu_pipeline_task.cpp:188] [locality-audit] prepare_after pipeline_id=8 task_id=362 preferred_device=0 actual_gpu=0 target_tier=GPU target_device=0 input_bytes=380873096 local_bytes=380873096 remote_gpu_bytes=0 host_bytes=0 disk_bytes=0 batch_count=2
[2026-07-09 04:20:58.421] [info] [gpu_pipeline_task.cpp:188] [locality-audit] prepare_before pipeline_id=8 task_id=363 preferred_device=0 actual_gpu=0 target_tier=GPU target_device=0 input_bytes=519897976 local_bytes=519897976 remote_gpu_bytes=0 host_bytes=0 disk_bytes=0 batch_count=2
[2026-07-09 04:20:58.421] [info] [gpu_pipeline_task.cpp:188] [locality-audit] prepare_after pipeline_id=8 task_id=363 preferred_device=0 actual_gpu=0 target_tier=GPU target_device=0 input_bytes=519897976 local_bytes=519897976 remote_gpu_bytes=0 host_bytes=0 disk_bytes=0 batch_count=2
[2026-07-09 04:20:58.423] [info] [gpu_pipeline_task.cpp:188] [locality-audit] prepare_after pipeline_id=8 task_id=365 preferred_device=1 actual_gpu=1 target_tier=GPU target_device=1 input_bytes=105853960 local_bytes=105853960 remote_gpu_bytes=0 host_bytes=0 disk_bytes=0 batch_count=2
[2026-07-09 04:20:58.427] [info] [gpu_pipeline_task.cpp:321] [stage-audit] pipeline_id=8 task_id=365 operator_id=16 operator_name=HASH_JOIN stage_kind=JOIN operator_type=33 input_type=PARTITIONED output_type=PIPELINEABLE actual_gpu=1 pipeline_operator_count=2 input_batches=2 input_rows=13231745 input_columns=2 input_bytes=105853960 output_batches=1 output_rows=396526 output_columns=2 output_bytes=6344416 byte_ratio=0.059936 row_ratio=0.029968 duration_us=4002
[2026-07-09 04:20:58.427] [info] [gpu_pipeline_task.cpp:321] [stage-audit] pipeline_id=8 task_id=365 operator_id=17 operator_name=PROJECTION stage_kind=PROJECTION operator_type=13 input_type=PIPELINEABLE output_type=PIPELINEABLE actual_gpu=1 pipeline_operator_count=2 input_batches=1 input_rows=396526 input_columns=2 input_bytes=6344416 output_batches=1 output_rows=396526 output_columns=1 output_bytes=3172208 byte_ratio=0.500000 row_ratio=1.000000 duration_us=5
[2026-07-09 04:20:58.427] [info] [gpu_pipeline_task.cpp:188] [locality-audit] prepare_before pipeline_id=8 task_id=368 preferred_device=1 actual_gpu=1 target_tier=GPU target_device=1 input_bytes=380811856 local_bytes=22949792 remote_gpu_bytes=0 host_bytes=357862064 disk_bytes=0 batch_count=2
[2026-07-09 04:20:58.443] [info] [gpu_pipeline_task.cpp:188] [locality-audit] prepare_after pipeline_id=8 task_id=367 preferred_device=1 actual_gpu=1 target_tier=GPU target_device=1 input_bytes=520016280 local_bytes=520016280 remote_gpu_bytes=0 host_bytes=0 disk_bytes=0 batch_count=2
[2026-07-09 04:20:58.449] [info] [gpu_pipeline_task.cpp:188] [locality-audit] prepare_after pipeline_id=8 task_id=366 preferred_device=1 actual_gpu=1 target_tier=GPU target_device=1 input_bytes=105842656 local_bytes=105842656 remote_gpu_bytes=0 host_bytes=0 disk_bytes=0 batch_count=2
[2026-07-09 04:20:58.455] [info] [gpu_pipeline_task.cpp:321] [stage-audit] pipeline_id=8 task_id=363 operator_id=16 operator_name=HASH_JOIN stage_kind=JOIN operator_type=33 input_type=PARTITIONED output_type=PIPELINEABLE actual_gpu=0 pipeline_operator_count=2 input_batches=2 input_rows=64987247 input_columns=2 input_bytes=519897976 output_batches=1 output_rows=2377290 output_columns=2 output_bytes=38036640 byte_ratio=0.073162 row_ratio=0.036581 duration_us=33706
[2026-07-09 04:20:58.455] [info] [gpu_pipeline_task.cpp:321] [stage-audit] pipeline_id=8 task_id=363 operator_id=17 operator_name=PROJECTION stage_kind=PROJECTION operator_type=13 input_type=PIPELINEABLE output_type=PIPELINEABLE actual_gpu=0 pipeline_operator_count=2 input_batches=1 input_rows=2377290 input_columns=2 input_bytes=38036640 output_batches=1 output_rows=2377290 output_columns=1 output_bytes=19018320 byte_ratio=0.500000 row_ratio=1.000000 duration_us=42
[2026-07-09 04:20:58.455] [info] [gpu_pipeline_task.cpp:321] [stage-audit] pipeline_id=8 task_id=362 operator_id=16 operator_name=HASH_JOIN stage_kind=JOIN operator_type=33 input_type=PARTITIONED output_type=PIPELINEABLE actual_gpu=0 pipeline_operator_count=2 input_batches=2 input_rows=47609137 input_columns=2 input_bytes=380873096 output_batches=1 output_rows=1713736 output_columns=2 output_bytes=27419776 byte_ratio=0.071992 row_ratio=0.035996 duration_us=33901
[2026-07-09 04:20:58.455] [info] [gpu_pipeline_task.cpp:321] [stage-audit] pipeline_id=8 task_id=362 operator_id=17 operator_name=PROJECTION stage_kind=PROJECTION operator_type=13 input_type=PIPELINEABLE output_type=PIPELINEABLE actual_gpu=0 pipeline_operator_count=2 input_batches=1 input_rows=1713736 input_columns=2 input_bytes=27419776 output_batches=1 output_rows=1713736 output_columns=1 output_bytes=13709888 byte_ratio=0.500000 row_ratio=1.000000 duration_us=29
[2026-07-09 04:20:58.460] [info] [gpu_pipeline_task.cpp:188] [locality-audit] prepare_after pipeline_id=8 task_id=368 preferred_device=1 actual_gpu=1 target_tier=GPU target_device=1 input_bytes=380811856 local_bytes=380811856 remote_gpu_bytes=0 host_bytes=0 disk_bytes=0 batch_count=2
[2026-07-09 04:20:58.476] [info] [gpu_pipeline_task.cpp:321] [stage-audit] pipeline_id=8 task_id=367 operator_id=16 operator_name=HASH_JOIN stage_kind=JOIN operator_type=33 input_type=PARTITIONED output_type=PIPELINEABLE actual_gpu=1 pipeline_operator_count=2 input_batches=2 input_rows=65002035 input_columns=2 input_bytes=520016280 output_batches=1 output_rows=2375654 output_columns=2 output_bytes=38010464 byte_ratio=0.073095 row_ratio=0.036547 duration_us=32888
[2026-07-09 04:20:58.476] [info] [gpu_pipeline_task.cpp:321] [stage-audit] pipeline_id=8 task_id=366 operator_id=16 operator_name=HASH_JOIN stage_kind=JOIN operator_type=33 input_type=PARTITIONED output_type=PIPELINEABLE actual_gpu=1 pipeline_operator_count=2 input_batches=2 input_rows=13230332 input_columns=2 input_bytes=105842656 output_batches=1 output_rows=397159 output_columns=2 output_bytes=6354544 byte_ratio=0.060038 row_ratio=0.030019 duration_us=26164
[2026-07-09 04:20:58.476] [info] [gpu_pipeline_task.cpp:321] [stage-audit] pipeline_id=8 task_id=367 operator_id=17 operator_name=PROJECTION stage_kind=PROJECTION operator_type=13 input_type=PIPELINEABLE output_type=PIPELINEABLE actual_gpu=1 pipeline_operator_count=2 input_batches=1 input_rows=2375654 input_columns=2 input_bytes=38010464 output_batches=1 output_rows=2375654 output_columns=1 output_bytes=19005232 byte_ratio=0.500000 row_ratio=1.000000 duration_us=6
[2026-07-09 04:20:58.476] [info] [gpu_pipeline_task.cpp:321] [stage-audit] pipeline_id=8 task_id=366 operator_id=17 operator_name=PROJECTION stage_kind=PROJECTION operator_type=13 input_type=PIPELINEABLE output_type=PIPELINEABLE actual_gpu=1 pipeline_operator_count=2 input_batches=1 input_rows=397159 input_columns=2 input_bytes=6354544 output_batches=1 output_rows=397159 output_columns=1 output_bytes=3177272 byte_ratio=0.500000 row_ratio=1.000000 duration_us=4
[2026-07-09 04:20:58.476] [info] [gpu_pipeline_task.cpp:321] [stage-audit] pipeline_id=8 task_id=368 operator_id=16 operator_name=HASH_JOIN stage_kind=JOIN operator_type=33 input_type=PARTITIONED output_type=PIPELINEABLE actual_gpu=1 pipeline_operator_count=2 input_batches=2 input_rows=47601482 input_columns=2 input_bytes=380811856 output_batches=1 output_rows=1715185 output_columns=2 output_bytes=27442960 byte_ratio=0.072064 row_ratio=0.036032 duration_us=15661
[2026-07-09 04:20:58.476] [info] [gpu_pipeline_task.cpp:321] [stage-audit] pipeline_id=8 task_id=368 operator_id=17 operator_name=PROJECTION stage_kind=PROJECTION operator_type=13 input_type=PIPELINEABLE output_type=PIPELINEABLE actual_gpu=1 pipeline_operator_count=2 input_batches=1 input_rows=1715185 input_columns=2 input_bytes=27442960 output_batches=1 output_rows=1715185 output_columns=1 output_bytes=13721480 byte_ratio=0.500000 row_ratio=1.000000 duration_us=4
[2026-07-09 04:20:58.476] [info] [task_creator.cpp:363] [locality-audit] task_create operator_id=35 input_bytes=3177536 local_bytes=0 gpu_source_bytes=0 host_source_bytes=3177536 disk_source_bytes=0 gpu_sources=0 host_sources=1 preferred_device=0
[2026-07-09 04:20:58.476] [info] [task_creator.cpp:363] [locality-audit] task_create operator_id=35 input_bytes=3179384 local_bytes=0 gpu_source_bytes=0 host_source_bytes=3179384 disk_source_bytes=0 gpu_sources=0 host_sources=1 preferred_device=1
[2026-07-09 04:20:58.476] [info] [task_scheduler.cpp:462] [mgpu-audit] pipeline_task dispatched to GPU 0 task_id=369
[2026-07-09 04:20:58.476] [info] [task_scheduler.cpp:464] [locality-audit] dispatch task_id=369 preferred_device=0 actual_gpu=0
[2026-07-09 04:20:58.476] [info] [task_creator.cpp:363] [locality-audit] task_create operator_id=35 input_bytes=18988736 local_bytes=18988736 gpu_source_bytes=18988736 host_source_bytes=0 disk_source_bytes=0 gpu_sources=1 host_sources=0 preferred_device=1
[2026-07-09 04:20:58.476] [info] [task_scheduler.cpp:462] [mgpu-audit] pipeline_task dispatched to GPU 1 task_id=370
[2026-07-09 04:20:58.476] [info] [task_scheduler.cpp:464] [locality-audit] dispatch task_id=370 preferred_device=1 actual_gpu=1
[2026-07-09 04:20:58.476] [info] [task_creator.cpp:363] [locality-audit] task_create operator_id=35 input_bytes=19015864 local_bytes=19015864 gpu_source_bytes=19015864 host_source_bytes=0 disk_source_bytes=0 gpu_sources=1 host_sources=0 preferred_device=0
[2026-07-09 04:20:58.476] [info] [task_scheduler.cpp:462] [mgpu-audit] pipeline_task dispatched to GPU 1 task_id=371
[2026-07-09 04:20:58.476] [info] [task_scheduler.cpp:464] [locality-audit] dispatch task_id=371 preferred_device=1 actual_gpu=1
[2026-07-09 04:20:58.476] [info] [task_creator.cpp:363] [locality-audit] task_create operator_id=35 input_bytes=3172208 local_bytes=3172208 gpu_source_bytes=3172208 host_source_bytes=0 disk_source_bytes=0 gpu_sources=1 host_sources=0 preferred_device=1
[2026-07-09 04:20:58.476] [info] [task_scheduler.cpp:462] [mgpu-audit] pipeline_task dispatched to GPU 0 task_id=372
[2026-07-09 04:20:58.476] [info] [task_scheduler.cpp:464] [locality-audit] dispatch task_id=372 preferred_device=0 actual_gpu=0
[2026-07-09 04:20:58.476] [info] [task_creator.cpp:363] [locality-audit] task_create operator_id=35 input_bytes=19018320 local_bytes=19018320 gpu_source_bytes=19018320 host_source_bytes=0 disk_source_bytes=0 gpu_sources=1 host_sources=0 preferred_device=0
[2026-07-09 04:20:58.476] [info] [task_scheduler.cpp:462] [mgpu-audit] pipeline_task dispatched to GPU 1 task_id=373
[2026-07-09 04:20:58.476] [info] [task_scheduler.cpp:464] [locality-audit] dispatch task_id=373 preferred_device=1 actual_gpu=1
[2026-07-09 04:20:58.476] [info] [task_creator.cpp:363] [locality-audit] task_create operator_id=35 input_bytes=13709888 local_bytes=13709888 gpu_source_bytes=13709888 host_source_bytes=0 disk_source_bytes=0 gpu_sources=1 host_sources=0 preferred_device=0
[2026-07-09 04:20:58.476] [info] [task_creator.cpp:363] [locality-audit] task_create operator_id=35 input_bytes=19005232 local_bytes=19005232 gpu_source_bytes=19005232 host_source_bytes=0 disk_source_bytes=0 gpu_sources=1 host_sources=0 preferred_device=1
[2026-07-09 04:20:58.476] [info] [task_scheduler.cpp:462] [mgpu-audit] pipeline_task dispatched to GPU 0 task_id=374
[2026-07-09 04:20:58.476] [info] [gpu_pipeline_task.cpp:188] [locality-audit] prepare_before pipeline_id=9 task_id=373 preferred_device=1 actual_gpu=1 target_tier=GPU target_device=1 input_bytes=3172208 local_bytes=3172208 remote_gpu_bytes=0 host_bytes=0 disk_bytes=0 batch_count=1
[2026-07-09 04:20:58.476] [info] [task_scheduler.cpp:464] [locality-audit] dispatch task_id=374 preferred_device=0 actual_gpu=0
[2026-07-09 04:20:58.476] [info] [task_creator.cpp:363] [locality-audit] task_create operator_id=35 input_bytes=3177272 local_bytes=3177272 gpu_source_bytes=3177272 host_source_bytes=0 disk_source_bytes=0 gpu_sources=1 host_sources=0 preferred_device=1
[2026-07-09 04:20:58.476] [info] [gpu_pipeline_task.cpp:188] [locality-audit] prepare_before pipeline_id=9 task_id=371 preferred_device=1 actual_gpu=1 target_tier=GPU target_device=1 input_bytes=18988736 local_bytes=18988736 remote_gpu_bytes=0 host_bytes=0 disk_bytes=0 batch_count=1
[2026-07-09 04:20:58.476] [info] [gpu_pipeline_task.cpp:188] [locality-audit] prepare_before pipeline_id=9 task_id=370 preferred_device=1 actual_gpu=1 target_tier=GPU target_device=1 input_bytes=3179384 local_bytes=0 remote_gpu_bytes=0 host_bytes=3179384 disk_bytes=0 batch_count=1
[2026-07-09 04:20:58.476] [info] [task_creator.cpp:363] [locality-audit] task_create operator_id=35 input_bytes=13721480 local_bytes=13721480 gpu_source_bytes=13721480 host_source_bytes=0 disk_source_bytes=0 gpu_sources=1 host_sources=0 preferred_device=1
[2026-07-09 04:20:58.476] [info] [task_scheduler.cpp:462] [mgpu-audit] pipeline_task dispatched to GPU 1 task_id=376
[2026-07-09 04:20:58.476] [info] [task_scheduler.cpp:464] [locality-audit] dispatch task_id=376 preferred_device=1 actual_gpu=1
[2026-07-09 04:20:58.476] [info] [gpu_pipeline_task.cpp:188] [locality-audit] prepare_after pipeline_id=9 task_id=373 preferred_device=1 actual_gpu=1 target_tier=GPU target_device=1 input_bytes=3172208 local_bytes=3172208 remote_gpu_bytes=0 host_bytes=0 disk_bytes=0 batch_count=1
[2026-07-09 04:20:58.476] [info] [task_scheduler.cpp:462] [mgpu-audit] pipeline_task dispatched to GPU 0 task_id=375
[2026-07-09 04:20:58.476] [info] [task_scheduler.cpp:464] [locality-audit] dispatch task_id=375 preferred_device=0 actual_gpu=0
[2026-07-09 04:20:58.476] [info] [gpu_pipeline_task.cpp:188] [locality-audit] prepare_after pipeline_id=9 task_id=371 preferred_device=1 actual_gpu=1 target_tier=GPU target_device=1 input_bytes=18988736 local_bytes=18988736 remote_gpu_bytes=0 host_bytes=0 disk_bytes=0 batch_count=1
[2026-07-09 04:20:58.476] [info] [task_scheduler.cpp:462] [mgpu-audit] pipeline_task dispatched to GPU 1 task_id=377
[2026-07-09 04:20:58.476] [info] [task_scheduler.cpp:464] [locality-audit] dispatch task_id=377 preferred_device=1 actual_gpu=1
[2026-07-09 04:20:58.476] [info] [task_scheduler.cpp:462] [mgpu-audit] pipeline_task dispatched to GPU 1 task_id=378
[2026-07-09 04:20:58.476] [info] [task_scheduler.cpp:464] [locality-audit] dispatch task_id=378 preferred_device=1 actual_gpu=1
[2026-07-09 04:20:58.476] [info] [gpu_pipeline_task.cpp:188] [locality-audit] prepare_before pipeline_id=9 task_id=376 preferred_device=1 actual_gpu=1 target_tier=GPU target_device=1 input_bytes=19005232 local_bytes=19005232 remote_gpu_bytes=0 host_bytes=0 disk_bytes=0 batch_count=1
[2026-07-09 04:20:58.476] [info] [gpu_pipeline_task.cpp:188] [locality-audit] prepare_after pipeline_id=9 task_id=376 preferred_device=1 actual_gpu=1 target_tier=GPU target_device=1 input_bytes=19005232 local_bytes=19005232 remote_gpu_bytes=0 host_bytes=0 disk_bytes=0 batch_count=1
[2026-07-09 04:20:58.476] [info] [gpu_pipeline_task.cpp:188] [locality-audit] prepare_before pipeline_id=9 task_id=369 preferred_device=0 actual_gpu=0 target_tier=GPU target_device=0 input_bytes=3177536 local_bytes=0 remote_gpu_bytes=0 host_bytes=3177536 disk_bytes=0 batch_count=1
[2026-07-09 04:20:58.476] [info] [gpu_pipeline_task.cpp:188] [locality-audit] prepare_before pipeline_id=9 task_id=374 preferred_device=0 actual_gpu=0 target_tier=GPU target_device=0 input_bytes=19018320 local_bytes=19018320 remote_gpu_bytes=0 host_bytes=0 disk_bytes=0 batch_count=1
[2026-07-09 04:20:58.476] [info] [gpu_pipeline_task.cpp:188] [locality-audit] prepare_before pipeline_id=9 task_id=372 preferred_device=0 actual_gpu=0 target_tier=GPU target_device=0 input_bytes=19015864 local_bytes=19015864 remote_gpu_bytes=0 host_bytes=0 disk_bytes=0 batch_count=1
[2026-07-09 04:20:58.476] [info] [gpu_pipeline_task.cpp:188] [locality-audit] prepare_after pipeline_id=9 task_id=374 preferred_device=0 actual_gpu=0 target_tier=GPU target_device=0 input_bytes=19018320 local_bytes=19018320 remote_gpu_bytes=0 host_bytes=0 disk_bytes=0 batch_count=1
[2026-07-09 04:20:58.476] [info] [gpu_pipeline_task.cpp:188] [locality-audit] prepare_before pipeline_id=9 task_id=375 preferred_device=0 actual_gpu=0 target_tier=GPU target_device=0 input_bytes=13709888 local_bytes=13709888 remote_gpu_bytes=0 host_bytes=0 disk_bytes=0 batch_count=1
[2026-07-09 04:20:58.476] [info] [gpu_pipeline_task.cpp:188] [locality-audit] prepare_after pipeline_id=9 task_id=369 preferred_device=0 actual_gpu=0 target_tier=GPU target_device=0 input_bytes=3177536 local_bytes=3177536 remote_gpu_bytes=0 host_bytes=0 disk_bytes=0 batch_count=1
[2026-07-09 04:20:58.477] [info] [gpu_pipeline_task.cpp:188] [locality-audit] prepare_after pipeline_id=9 task_id=372 preferred_device=0 actual_gpu=0 target_tier=GPU target_device=0 input_bytes=19015864 local_bytes=19015864 remote_gpu_bytes=0 host_bytes=0 disk_bytes=0 batch_count=1
[2026-07-09 04:20:58.477] [info] [gpu_pipeline_task.cpp:188] [locality-audit] prepare_after pipeline_id=9 task_id=375 preferred_device=0 actual_gpu=0 target_tier=GPU target_device=0 input_bytes=13709888 local_bytes=13709888 remote_gpu_bytes=0 host_bytes=0 disk_bytes=0 batch_count=1
[2026-07-09 04:20:58.477] [info] [gpu_pipeline_task.cpp:188] [locality-audit] prepare_after pipeline_id=9 task_id=370 preferred_device=1 actual_gpu=1 target_tier=GPU target_device=1 input_bytes=3179384 local_bytes=3179384 remote_gpu_bytes=0 host_bytes=0 disk_bytes=0 batch_count=1
[2026-07-09 04:20:58.477] [info] [gpu_pipeline_task.cpp:321] [stage-audit] pipeline_id=9 task_id=374 operator_id=35 operator_name=PARTITION stage_kind=PARTITION operator_type=82 input_type=PIPELINEABLE output_type=PIPELINEABLE actual_gpu=0 pipeline_operator_count=1 input_batches=1 input_rows=2377290 input_columns=1 input_bytes=19018320 output_batches=2 output_rows=2377290 output_columns=2 output_bytes=19018320 byte_ratio=1.000000 row_ratio=1.000000 duration_us=777
[2026-07-09 04:20:58.477] [info] [gpu_pipeline_task.cpp:321] [stage-audit] pipeline_id=9 task_id=369 operator_id=35 operator_name=PARTITION stage_kind=PARTITION operator_type=82 input_type=PIPELINEABLE output_type=PIPELINEABLE actual_gpu=0 pipeline_operator_count=1 input_batches=1 input_rows=397192 input_columns=1 input_bytes=3177536 output_batches=2 output_rows=397192 output_columns=2 output_bytes=3177536 byte_ratio=1.000000 row_ratio=1.000000 duration_us=851
[2026-07-09 04:20:58.477] [info] [gpu_pipeline_task.cpp:321] [stage-audit] pipeline_id=9 task_id=371 operator_id=35 operator_name=PARTITION stage_kind=PARTITION operator_type=82 input_type=PIPELINEABLE output_type=PIPELINEABLE actual_gpu=1 pipeline_operator_count=1 input_batches=1 input_rows=2373592 input_columns=1 input_bytes=18988736 output_batches=2 output_rows=2373592 output_columns=2 output_bytes=18988736 byte_ratio=1.000000 row_ratio=1.000000 duration_us=1188
[2026-07-09 04:20:58.477] [info] [gpu_pipeline_task.cpp:321] [stage-audit] pipeline_id=9 task_id=376 operator_id=35 operator_name=PARTITION stage_kind=PARTITION operator_type=82 input_type=PIPELINEABLE output_type=PIPELINEABLE actual_gpu=1 pipeline_operator_count=1 input_batches=1 input_rows=2375654 input_columns=1 input_bytes=19005232 output_batches=2 output_rows=2375654 output_columns=2 output_bytes=19005232 byte_ratio=1.000000 row_ratio=1.000000 duration_us=1200
[2026-07-09 04:20:58.477] [info] [gpu_pipeline_task.cpp:188] [locality-audit] prepare_before pipeline_id=9 task_id=377 preferred_device=1 actual_gpu=1 target_tier=GPU target_device=1 input_bytes=3177272 local_bytes=3177272 remote_gpu_bytes=0 host_bytes=0 disk_bytes=0 batch_count=1
[2026-07-09 04:20:58.478] [info] [gpu_pipeline_task.cpp:188] [locality-audit] prepare_after pipeline_id=9 task_id=377 preferred_device=1 actual_gpu=1 target_tier=GPU target_device=1 input_bytes=3177272 local_bytes=3177272 remote_gpu_bytes=0 host_bytes=0 disk_bytes=0 batch_count=1
[2026-07-09 04:20:58.478] [info] [gpu_pipeline_task.cpp:321] [stage-audit] pipeline_id=9 task_id=373 operator_id=35 operator_name=PARTITION stage_kind=PARTITION operator_type=82 input_type=PIPELINEABLE output_type=PIPELINEABLE actual_gpu=1 pipeline_operator_count=1 input_batches=1 input_rows=396526 input_columns=1 input_bytes=3172208 output_batches=2 output_rows=396526 output_columns=2 output_bytes=3172208 byte_ratio=1.000000 row_ratio=1.000000 duration_us=1429
[2026-07-09 04:20:58.478] [info] [gpu_pipeline_task.cpp:188] [locality-audit] prepare_before pipeline_id=9 task_id=378 preferred_device=1 actual_gpu=1 target_tier=GPU target_device=1 input_bytes=13721480 local_bytes=13721480 remote_gpu_bytes=0 host_bytes=0 disk_bytes=0 batch_count=1
[2026-07-09 04:20:58.478] [info] [gpu_pipeline_task.cpp:188] [locality-audit] prepare_after pipeline_id=9 task_id=378 preferred_device=1 actual_gpu=1 target_tier=GPU target_device=1 input_bytes=13721480 local_bytes=13721480 remote_gpu_bytes=0 host_bytes=0 disk_bytes=0 batch_count=1
[2026-07-09 04:20:58.478] [info] [gpu_pipeline_task.cpp:321] [stage-audit] pipeline_id=9 task_id=370 operator_id=35 operator_name=PARTITION stage_kind=PARTITION operator_type=82 input_type=PIPELINEABLE output_type=PIPELINEABLE actual_gpu=1 pipeline_operator_count=1 input_batches=1 input_rows=397423 input_columns=1 input_bytes=3179384 output_batches=2 output_rows=397423 output_columns=2 output_bytes=3179384 byte_ratio=1.000000 row_ratio=1.000000 duration_us=1150
[2026-07-09 04:20:58.478] [info] [gpu_pipeline_task.cpp:321] [stage-audit] pipeline_id=9 task_id=372 operator_id=35 operator_name=PARTITION stage_kind=PARTITION operator_type=82 input_type=PIPELINEABLE output_type=PIPELINEABLE actual_gpu=0 pipeline_operator_count=1 input_batches=1 input_rows=2376983 input_columns=1 input_bytes=19015864 output_batches=2 output_rows=2376983 output_columns=2 output_bytes=19015864 byte_ratio=1.000000 row_ratio=1.000000 duration_us=1351
[2026-07-09 04:20:58.478] [info] [gpu_pipeline_task.cpp:321] [stage-audit] pipeline_id=9 task_id=377 operator_id=35 operator_name=PARTITION stage_kind=PARTITION operator_type=82 input_type=PIPELINEABLE output_type=PIPELINEABLE actual_gpu=1 pipeline_operator_count=1 input_batches=1 input_rows=397159 input_columns=1 input_bytes=3177272 output_batches=2 output_rows=397159 output_columns=2 output_bytes=3177272 byte_ratio=1.000000 row_ratio=1.000000 duration_us=471
[2026-07-09 04:20:58.478] [info] [gpu_pipeline_task.cpp:321] [stage-audit] pipeline_id=9 task_id=375 operator_id=35 operator_name=PARTITION stage_kind=PARTITION operator_type=82 input_type=PIPELINEABLE output_type=PIPELINEABLE actual_gpu=0 pipeline_operator_count=1 input_batches=1 input_rows=1713736 input_columns=1 input_bytes=13709888 output_batches=2 output_rows=1713736 output_columns=2 output_bytes=13709888 byte_ratio=1.000000 row_ratio=1.000000 duration_us=1392
[2026-07-09 04:20:58.478] [info] [gpu_pipeline_task.cpp:321] [stage-audit] pipeline_id=9 task_id=378 operator_id=35 operator_name=PARTITION stage_kind=PARTITION operator_type=82 input_type=PIPELINEABLE output_type=PIPELINEABLE actual_gpu=1 pipeline_operator_count=1 input_batches=1 input_rows=1715185 input_columns=1 input_bytes=13721480 output_batches=2 output_rows=1715185 output_columns=2 output_bytes=13721480 byte_ratio=1.000000 row_ratio=1.000000 duration_us=622
[2026-07-09 04:20:58.478] [info] [task_scheduler.cpp:462] [mgpu-audit] pipeline_task dispatched to GPU 0 task_id=379
[2026-07-09 04:20:58.478] [info] [task_scheduler.cpp:464] [locality-audit] dispatch task_id=379 preferred_device=0 actual_gpu=0
[2026-07-09 04:20:58.478] [info] [task_scheduler.cpp:462] [mgpu-audit] pipeline_task dispatched to GPU 1 task_id=380
[2026-07-09 04:20:58.478] [info] [task_scheduler.cpp:464] [locality-audit] dispatch task_id=380 preferred_device=1 actual_gpu=1
[2026-07-09 04:20:58.478] [info] [gpu_pipeline_task.cpp:188] [locality-audit] prepare_before pipeline_id=10 task_id=379 preferred_device=0 actual_gpu=0 target_tier=GPU target_device=0 input_bytes=58100992 local_bytes=54921608 remote_gpu_bytes=3179384 host_bytes=0 disk_bytes=0 batch_count=10
[2026-07-09 04:20:58.478] [info] [gpu_pipeline_task.cpp:188] [locality-audit] prepare_before pipeline_id=10 task_id=380 preferred_device=1 actual_gpu=1 target_tier=GPU target_device=1 input_bytes=58064928 local_bytes=58064928 remote_gpu_bytes=0 host_bytes=0 disk_bytes=0 batch_count=10
[2026-07-09 04:20:58.479] [info] [gpu_pipeline_task.cpp:188] [locality-audit] prepare_after pipeline_id=10 task_id=380 preferred_device=1 actual_gpu=1 target_tier=GPU target_device=1 input_bytes=58064928 local_bytes=58064928 remote_gpu_bytes=0 host_bytes=0 disk_bytes=0 batch_count=10
[2026-07-09 04:20:58.479] [info] [gpu_pipeline_task.cpp:188] [locality-audit] prepare_after pipeline_id=10 task_id=379 preferred_device=0 actual_gpu=0 target_tier=GPU target_device=0 input_bytes=58100992 local_bytes=58100992 remote_gpu_bytes=0 host_bytes=0 disk_bytes=0 batch_count=10
[2026-07-09 04:20:58.479] [info] [gpu_pipeline_task.cpp:321] [stage-audit] pipeline_id=10 task_id=380 operator_id=34 operator_name=CONCAT stage_kind=CONCAT operator_type=83 input_type=PARTITIONED output_type=PARTITIONED actual_gpu=1 pipeline_operator_count=1 input_batches=10 input_rows=7258116 input_columns=10 input_bytes=58064928 output_batches=1 output_rows=7258116 output_columns=1 output_bytes=58064928 byte_ratio=1.000000 row_ratio=1.000000 duration_us=257
[2026-07-09 04:20:58.479] [info] [gpu_pipeline_task.cpp:321] [stage-audit] pipeline_id=10 task_id=379 operator_id=34 operator_name=CONCAT stage_kind=CONCAT operator_type=83 input_type=PARTITIONED output_type=PARTITIONED actual_gpu=0 pipeline_operator_count=1 input_batches=10 input_rows=7262624 input_columns=10 input_bytes=58100992 output_batches=1 output_rows=7262624 output_columns=1 output_bytes=58100992 byte_ratio=1.000000 row_ratio=1.000000 duration_us=237
[2026-07-09 04:20:58.479] [info] [task_creator.cpp:363] [locality-audit] task_create operator_id=37 input_bytes=33578536 local_bytes=0 gpu_source_bytes=0 host_source_bytes=33578536 disk_source_bytes=0 gpu_sources=0 host_sources=1 preferred_device=0
[2026-07-09 04:20:58.479] [info] [task_creator.cpp:363] [locality-audit] task_create operator_id=37 input_bytes=33529096 local_bytes=0 gpu_source_bytes=0 host_source_bytes=33529096 disk_source_bytes=0 gpu_sources=0 host_sources=1 preferred_device=1
[2026-07-09 04:20:58.479] [info] [task_creator.cpp:363] [locality-audit] task_create operator_id=37 input_bytes=17840404 local_bytes=0 gpu_source_bytes=0 host_source_bytes=17840404 disk_source_bytes=0 gpu_sources=0 host_sources=1 preferred_device=0
[2026-07-09 04:20:58.479] [info] [task_scheduler.cpp:462] [mgpu-audit] pipeline_task dispatched to GPU 1 task_id=382
[2026-07-09 04:20:58.479] [info] [task_scheduler.cpp:464] [locality-audit] dispatch task_id=382 preferred_device=1 actual_gpu=1
[2026-07-09 04:20:58.479] [info] [task_creator.cpp:363] [locality-audit] task_create operator_id=37 input_bytes=33562936 local_bytes=0 gpu_source_bytes=0 host_source_bytes=33562936 disk_source_bytes=0 gpu_sources=0 host_sources=1 preferred_device=1
[2026-07-09 04:20:58.479] [info] [task_scheduler.cpp:462] [mgpu-audit] pipeline_task dispatched to GPU 0 task_id=381
[2026-07-09 04:20:58.479] [info] [task_scheduler.cpp:464] [locality-audit] dispatch task_id=381 preferred_device=0 actual_gpu=0
[2026-07-09 04:20:58.479] [info] [gpu_pipeline_task.cpp:188] [locality-audit] prepare_before pipeline_id=11 task_id=382 preferred_device=1 actual_gpu=1 target_tier=GPU target_device=1 input_bytes=33529096 local_bytes=0 remote_gpu_bytes=0 host_bytes=33529096 disk_bytes=0 batch_count=1
[2026-07-09 04:20:58.479] [info] [task_scheduler.cpp:462] [mgpu-audit] pipeline_task dispatched to GPU 0 task_id=383
[2026-07-09 04:20:58.479] [info] [task_scheduler.cpp:464] [locality-audit] dispatch task_id=383 preferred_device=0 actual_gpu=0
[2026-07-09 04:20:58.479] [info] [task_scheduler.cpp:462] [mgpu-audit] pipeline_task dispatched to GPU 1 task_id=384
[2026-07-09 04:20:58.479] [info] [task_scheduler.cpp:464] [locality-audit] dispatch task_id=384 preferred_device=1 actual_gpu=1
[2026-07-09 04:20:58.479] [info] [gpu_pipeline_task.cpp:188] [locality-audit] prepare_before pipeline_id=11 task_id=381 preferred_device=0 actual_gpu=0 target_tier=GPU target_device=0 input_bytes=33578536 local_bytes=0 remote_gpu_bytes=0 host_bytes=33578536 disk_bytes=0 batch_count=1
[2026-07-09 04:20:58.479] [info] [gpu_pipeline_task.cpp:188] [locality-audit] prepare_before pipeline_id=11 task_id=384 preferred_device=1 actual_gpu=1 target_tier=GPU target_device=1 input_bytes=33562936 local_bytes=0 remote_gpu_bytes=0 host_bytes=33562936 disk_bytes=0 batch_count=1
[2026-07-09 04:20:58.479] [info] [gpu_pipeline_task.cpp:188] [locality-audit] prepare_before pipeline_id=11 task_id=383 preferred_device=0 actual_gpu=0 target_tier=GPU target_device=0 input_bytes=17840404 local_bytes=0 remote_gpu_bytes=0 host_bytes=17840404 disk_bytes=0 batch_count=1
[2026-07-09 04:20:58.481] [info] [gpu_pipeline_task.cpp:188] [locality-audit] prepare_after pipeline_id=11 task_id=381 preferred_device=0 actual_gpu=0 target_tier=GPU target_device=0 input_bytes=40083240 local_bytes=40083240 remote_gpu_bytes=0 host_bytes=0 disk_bytes=0 batch_count=1
[2026-07-09 04:20:58.481] [info] [gpu_pipeline_task.cpp:188] [locality-audit] prepare_after pipeline_id=11 task_id=383 preferred_device=0 actual_gpu=0 target_tier=GPU target_device=0 input_bytes=21295546 local_bytes=21295546 remote_gpu_bytes=0 host_bytes=0 disk_bytes=0 batch_count=1
[2026-07-09 04:20:58.481] [info] [gpu_pipeline_task.cpp:188] [locality-audit] prepare_after pipeline_id=11 task_id=382 preferred_device=1 actual_gpu=1 target_tier=GPU target_device=1 input_bytes=40023548 local_bytes=40023548 remote_gpu_bytes=0 host_bytes=0 disk_bytes=0 batch_count=1
[2026-07-09 04:20:58.482] [info] [gpu_pipeline_task.cpp:188] [locality-audit] prepare_after pipeline_id=11 task_id=384 preferred_device=1 actual_gpu=1 target_tier=GPU target_device=1 input_bytes=40063444 local_bytes=40063444 remote_gpu_bytes=0 host_bytes=0 disk_bytes=0 batch_count=1
[2026-07-09 04:20:58.483] [info] [gpu_pipeline_task.cpp:321] [stage-audit] pipeline_id=11 task_id=381 operator_id=37 operator_name=PARTITION stage_kind=PARTITION operator_type=82 input_type=PIPELINEABLE output_type=PIPELINEABLE actual_gpu=0 pipeline_operator_count=1 input_batches=1 input_rows=1626175 input_columns=2 input_bytes=40083240 output_batches=2 output_rows=1626175 output_columns=4 output_bytes=33375212 byte_ratio=0.832648 row_ratio=1.000000 duration_us=1607
[2026-07-09 04:20:58.483] [info] [gpu_pipeline_task.cpp:321] [stage-audit] pipeline_id=11 task_id=383 operator_id=37 operator_name=PARTITION stage_kind=PARTITION operator_type=82 input_type=PIPELINEABLE output_type=PIPELINEABLE actual_gpu=0 pipeline_operator_count=1 input_batches=1 input_rows=863786 input_columns=2 input_bytes=21295546 output_batches=2 output_rows=863786 output_columns=4 output_bytes=17732370 byte_ratio=0.832680 row_ratio=1.000000 duration_us=1418
[2026-07-09 04:20:58.483] [info] [gpu_pipeline_task.cpp:321] [stage-audit] pipeline_id=11 task_id=382 operator_id=37 operator_name=PARTITION stage_kind=PARTITION operator_type=82 input_type=PIPELINEABLE output_type=PIPELINEABLE actual_gpu=1 pipeline_operator_count=1 input_batches=1 input_rows=1623613 input_columns=2 input_bytes=40023548 output_batches=2 output_rows=1623613 output_columns=4 output_bytes=33326088 byte_ratio=0.832662 row_ratio=1.000000 duration_us=1701
[2026-07-09 04:20:58.483] [info] [gpu_pipeline_task.cpp:321] [stage-audit] pipeline_id=11 task_id=384 operator_id=37 operator_name=PARTITION stage_kind=PARTITION operator_type=82 input_type=PIPELINEABLE output_type=PIPELINEABLE actual_gpu=1 pipeline_operator_count=1 input_batches=1 input_rows=1625127 input_columns=2 input_bytes=40063444 output_batches=2 output_rows=1625127 output_columns=4 output_bytes=33359736 byte_ratio=0.832673 row_ratio=1.000000 duration_us=1479
[2026-07-09 04:20:58.484] [info] [task_scheduler.cpp:462] [mgpu-audit] pipeline_task dispatched to GPU 0 task_id=385
[2026-07-09 04:20:58.484] [info] [task_scheduler.cpp:464] [locality-audit] dispatch task_id=385 preferred_device=0 actual_gpu=0
[2026-07-09 04:20:58.484] [info] [task_scheduler.cpp:462] [mgpu-audit] pipeline_task dispatched to GPU 1 task_id=386
[2026-07-09 04:20:58.484] [info] [task_scheduler.cpp:464] [locality-audit] dispatch task_id=386 preferred_device=1 actual_gpu=1
[2026-07-09 04:20:58.484] [info] [gpu_pipeline_task.cpp:188] [locality-audit] prepare_before pipeline_id=12 task_id=386 preferred_device=1 actual_gpu=1 target_tier=GPU target_device=1 input_bytes=58882131 local_bytes=33337144 remote_gpu_bytes=25544987 host_bytes=0 disk_bytes=0 batch_count=4
[2026-07-09 04:20:58.484] [info] [gpu_pipeline_task.cpp:188] [locality-audit] prepare_before pipeline_id=12 task_id=385 preferred_device=0 actual_gpu=0 target_tier=GPU target_device=0 input_bytes=58911275 local_bytes=25562595 remote_gpu_bytes=33348680 host_bytes=0 disk_bytes=0 batch_count=4
[2026-07-09 04:20:58.485] [info] [gpu_pipeline_task.cpp:188] [locality-audit] prepare_after pipeline_id=12 task_id=386 preferred_device=1 actual_gpu=1 target_tier=GPU target_device=1 input_bytes=58882131 local_bytes=58882131 remote_gpu_bytes=0 host_bytes=0 disk_bytes=0 batch_count=4
[2026-07-09 04:20:58.487] [info] [gpu_pipeline_task.cpp:188] [locality-audit] prepare_after pipeline_id=12 task_id=385 preferred_device=0 actual_gpu=0 target_tier=GPU target_device=0 input_bytes=58911275 local_bytes=58911275 remote_gpu_bytes=0 host_bytes=0 disk_bytes=0 batch_count=4
[2026-07-09 04:20:58.487] [info] [gpu_pipeline_task.cpp:321] [stage-audit] pipeline_id=12 task_id=386 operator_id=36 operator_name=CONCAT stage_kind=CONCAT operator_type=83 input_type=PARTITIONED output_type=PARTITIONED actual_gpu=1 pipeline_operator_count=1 input_batches=4 input_rows=2868724 input_columns=8 input_bytes=58882131 output_batches=1 output_rows=2868724 output_columns=2 output_bytes=58523399 byte_ratio=0.993908 row_ratio=1.000000 duration_us=1601
[2026-07-09 04:20:58.488] [info] [gpu_pipeline_task.cpp:321] [stage-audit] pipeline_id=12 task_id=385 operator_id=36 operator_name=CONCAT stage_kind=CONCAT operator_type=83 input_type=PARTITIONED output_type=PARTITIONED actual_gpu=0 pipeline_operator_count=1 input_batches=4 input_rows=2869977 input_columns=8 input_bytes=58911275 output_batches=1 output_rows=2869977 output_columns=2 output_bytes=58552415 byte_ratio=0.993908 row_ratio=1.000000 duration_us=1377
[2026-07-09 04:20:58.488] [info] [task_scheduler.cpp:462] [mgpu-audit] pipeline_task dispatched to GPU 1 task_id=388
[2026-07-09 04:20:58.488] [info] [task_scheduler.cpp:464] [locality-audit] dispatch task_id=388 preferred_device=1 actual_gpu=1
[2026-07-09 04:20:58.488] [info] [task_scheduler.cpp:462] [mgpu-audit] pipeline_task dispatched to GPU 0 task_id=387
[2026-07-09 04:20:58.488] [info] [task_scheduler.cpp:464] [locality-audit] dispatch task_id=387 preferred_device=0 actual_gpu=0
[2026-07-09 04:20:58.488] [info] [gpu_pipeline_task.cpp:188] [locality-audit] prepare_before pipeline_id=13 task_id=388 preferred_device=1 actual_gpu=1 target_tier=GPU target_device=1 input_bytes=116588327 local_bytes=116588327 remote_gpu_bytes=0 host_bytes=0 disk_bytes=0 batch_count=2
[2026-07-09 04:20:58.488] [info] [gpu_pipeline_task.cpp:188] [locality-audit] prepare_before pipeline_id=13 task_id=387 preferred_device=0 actual_gpu=0 target_tier=GPU target_device=0 input_bytes=116653407 local_bytes=116653407 remote_gpu_bytes=0 host_bytes=0 disk_bytes=0 batch_count=2
[2026-07-09 04:20:58.488] [info] [gpu_pipeline_task.cpp:188] [locality-audit] prepare_after pipeline_id=13 task_id=388 preferred_device=1 actual_gpu=1 target_tier=GPU target_device=1 input_bytes=116588327 local_bytes=116588327 remote_gpu_bytes=0 host_bytes=0 disk_bytes=0 batch_count=2
[2026-07-09 04:20:58.488] [info] [gpu_pipeline_task.cpp:188] [locality-audit] prepare_after pipeline_id=13 task_id=387 preferred_device=0 actual_gpu=0 target_tier=GPU target_device=0 input_bytes=116653407 local_bytes=116653407 remote_gpu_bytes=0 host_bytes=0 disk_bytes=0 batch_count=2
[2026-07-09 04:20:58.491] [info] [gpu_pipeline_task.cpp:321] [stage-audit] pipeline_id=13 task_id=387 operator_id=18 operator_name=HASH_JOIN stage_kind=JOIN operator_type=33 input_type=PARTITIONED output_type=PIPELINEABLE actual_gpu=0 pipeline_operator_count=2 input_batches=2 input_rows=10132601 input_columns=3 input_bytes=116653407 output_batches=1 output_rows=2631773 output_columns=1 output_bytes=32637048 byte_ratio=0.279778 row_ratio=0.259733 duration_us=2768
[2026-07-09 04:20:58.491] [info] [gpu_pipeline_task.cpp:321] [stage-audit] pipeline_id=13 task_id=388 operator_id=18 operator_name=HASH_JOIN stage_kind=JOIN operator_type=33 input_type=PARTITIONED output_type=PIPELINEABLE actual_gpu=1 pipeline_operator_count=2 input_batches=2 input_rows=10126840 input_columns=3 input_bytes=116588327 output_batches=1 output_rows=2630392 output_columns=1 output_bytes=32621384 byte_ratio=0.279800 row_ratio=0.259745 duration_us=2802
[2026-07-09 04:20:58.493] [info] [gpu_pipeline_task.cpp:321] [stage-audit] pipeline_id=13 task_id=387 operator_id=22 operator_name=HASH_GROUP_BY stage_kind=AGGREGATE operator_type=9 input_type=PIPELINEABLE output_type=PIPELINEABLE actual_gpu=0 pipeline_operator_count=2 input_batches=1 input_rows=2631773 input_columns=1 input_bytes=32637048 output_batches=1 output_rows=5 output_columns=2 output_bytes=106 byte_ratio=0.000003 row_ratio=0.000002 duration_us=2143
[2026-07-09 04:20:58.493] [info] [gpu_pipeline_task.cpp:321] [stage-audit] pipeline_id=13 task_id=388 operator_id=22 operator_name=HASH_GROUP_BY stage_kind=AGGREGATE operator_type=9 input_type=PIPELINEABLE output_type=PIPELINEABLE actual_gpu=1 pipeline_operator_count=2 input_batches=1 input_rows=2630392 input_columns=1 input_bytes=32621384 output_batches=1 output_rows=5 output_columns=2 output_bytes=106 byte_ratio=0.000003 row_ratio=0.000002 duration_us=2204
[2026-07-09 04:20:58.493] [info] [task_creator.cpp:363] [locality-audit] task_create operator_id=38 input_bytes=106 local_bytes=106 gpu_source_bytes=106 host_source_bytes=0 disk_source_bytes=0 gpu_sources=1 host_sources=0 preferred_device=0
[2026-07-09 04:20:58.493] [info] [task_creator.cpp:363] [locality-audit] task_create operator_id=38 input_bytes=106 local_bytes=106 gpu_source_bytes=106 host_source_bytes=0 disk_source_bytes=0 gpu_sources=1 host_sources=0 preferred_device=1
[2026-07-09 04:20:58.493] [info] [task_scheduler.cpp:462] [mgpu-audit] pipeline_task dispatched to GPU 1 task_id=390
[2026-07-09 04:20:58.493] [info] [task_scheduler.cpp:464] [locality-audit] dispatch task_id=390 preferred_device=1 actual_gpu=1
[2026-07-09 04:20:58.493] [info] [task_scheduler.cpp:462] [mgpu-audit] pipeline_task dispatched to GPU 0 task_id=389
[2026-07-09 04:20:58.493] [info] [task_scheduler.cpp:464] [locality-audit] dispatch task_id=389 preferred_device=0 actual_gpu=0
[2026-07-09 04:20:58.493] [info] [gpu_pipeline_task.cpp:188] [locality-audit] prepare_before pipeline_id=14 task_id=390 preferred_device=1 actual_gpu=1 target_tier=GPU target_device=1 input_bytes=106 local_bytes=106 remote_gpu_bytes=0 host_bytes=0 disk_bytes=0 batch_count=1
[2026-07-09 04:20:58.493] [info] [gpu_pipeline_task.cpp:188] [locality-audit] prepare_before pipeline_id=14 task_id=389 preferred_device=0 actual_gpu=0 target_tier=GPU target_device=0 input_bytes=106 local_bytes=106 remote_gpu_bytes=0 host_bytes=0 disk_bytes=0 batch_count=1
[2026-07-09 04:20:58.493] [info] [gpu_pipeline_task.cpp:188] [locality-audit] prepare_after pipeline_id=14 task_id=390 preferred_device=1 actual_gpu=1 target_tier=GPU target_device=1 input_bytes=106 local_bytes=106 remote_gpu_bytes=0 host_bytes=0 disk_bytes=0 batch_count=1
[2026-07-09 04:20:58.493] [info] [gpu_pipeline_task.cpp:188] [locality-audit] prepare_after pipeline_id=14 task_id=389 preferred_device=0 actual_gpu=0 target_tier=GPU target_device=0 input_bytes=106 local_bytes=106 remote_gpu_bytes=0 host_bytes=0 disk_bytes=0 batch_count=1
[2026-07-09 04:20:58.493] [info] [gpu_pipeline_task.cpp:321] [stage-audit] pipeline_id=14 task_id=390 operator_id=38 operator_name=PARTITION stage_kind=PARTITION operator_type=82 input_type=PIPELINEABLE output_type=PIPELINEABLE actual_gpu=1 pipeline_operator_count=1 input_batches=1 input_rows=5 input_columns=2 input_bytes=106 output_batches=1 output_rows=5 output_columns=2 output_bytes=106 byte_ratio=1.000000 row_ratio=1.000000 duration_us=22
[2026-07-09 04:20:58.493] [info] [gpu_pipeline_task.cpp:321] [stage-audit] pipeline_id=14 task_id=389 operator_id=38 operator_name=PARTITION stage_kind=PARTITION operator_type=82 input_type=PIPELINEABLE output_type=PIPELINEABLE actual_gpu=0 pipeline_operator_count=1 input_batches=1 input_rows=5 input_columns=2 input_bytes=106 output_batches=1 output_rows=5 output_columns=2 output_bytes=106 byte_ratio=1.000000 row_ratio=1.000000 duration_us=2
[2026-07-09 04:20:58.493] [info] [task_scheduler.cpp:462] [mgpu-audit] pipeline_task dispatched to GPU 0 task_id=391
[2026-07-09 04:20:58.493] [info] [task_scheduler.cpp:464] [locality-audit] dispatch task_id=391 preferred_device=0 actual_gpu=0
[2026-07-09 04:20:58.493] [info] [gpu_pipeline_task.cpp:188] [locality-audit] prepare_before pipeline_id=15 task_id=391 preferred_device=0 actual_gpu=0 target_tier=GPU target_device=0 input_bytes=212 local_bytes=106 remote_gpu_bytes=106 host_bytes=0 disk_bytes=0 batch_count=2
[2026-07-09 04:20:58.493] [info] [gpu_pipeline_task.cpp:188] [locality-audit] prepare_after pipeline_id=15 task_id=391 preferred_device=0 actual_gpu=0 target_tier=GPU target_device=0 input_bytes=212 local_bytes=212 remote_gpu_bytes=0 host_bytes=0 disk_bytes=0 batch_count=2
[2026-07-09 04:20:58.494] [info] [gpu_pipeline_task.cpp:321] [stage-audit] pipeline_id=15 task_id=391 operator_id=39 operator_name=MERGE_GROUP_BY stage_kind=AGGREGATE operator_type=85 input_type=PARTITIONED output_type=PIPELINEABLE actual_gpu=0 pipeline_operator_count=1 input_batches=2 input_rows=10 input_columns=4 input_bytes=212 output_batches=1 output_rows=5 output_columns=2 output_bytes=106 byte_ratio=0.500000 row_ratio=0.500000 duration_us=531
[2026-07-09 04:20:58.494] [info] [task_creator.cpp:363] [locality-audit] task_create operator_id=23 input_bytes=106 local_bytes=106 gpu_source_bytes=106 host_source_bytes=0 disk_source_bytes=0 gpu_sources=1 host_sources=0 preferred_device=0
[2026-07-09 04:20:58.494] [info] [task_scheduler.cpp:462] [mgpu-audit] pipeline_task dispatched to GPU 0 task_id=392
[2026-07-09 04:20:58.494] [info] [task_scheduler.cpp:464] [locality-audit] dispatch task_id=392 preferred_device=0 actual_gpu=0
[2026-07-09 04:20:58.494] [info] [gpu_pipeline_task.cpp:188] [locality-audit] prepare_before pipeline_id=16 task_id=392 preferred_device=0 actual_gpu=0 target_tier=GPU target_device=0 input_bytes=106 local_bytes=106 remote_gpu_bytes=0 host_bytes=0 disk_bytes=0 batch_count=1
[2026-07-09 04:20:58.494] [info] [gpu_pipeline_task.cpp:188] [locality-audit] prepare_after pipeline_id=16 task_id=392 preferred_device=0 actual_gpu=0 target_tier=GPU target_device=0 input_bytes=106 local_bytes=106 remote_gpu_bytes=0 host_bytes=0 disk_bytes=0 batch_count=1
[2026-07-09 04:20:58.494] [info] [gpu_pipeline_task.cpp:321] [stage-audit] pipeline_id=16 task_id=392 operator_id=23 operator_name=ORDER_BY stage_kind=SORT operator_type=1 input_type=PIPELINEABLE output_type=PIPELINEABLE actual_gpu=0 pipeline_operator_count=1 input_batches=1 input_rows=5 input_columns=2 input_bytes=106 output_batches=1 output_rows=5 output_columns=2 output_bytes=106 byte_ratio=1.000000 row_ratio=1.000000 duration_us=162
[2026-07-09 04:20:58.494] [info] [task_creator.cpp:363] [locality-audit] task_create operator_id=40 input_bytes=106 local_bytes=106 gpu_source_bytes=106 host_source_bytes=0 disk_source_bytes=0 gpu_sources=1 host_sources=0 preferred_device=0
[2026-07-09 04:20:58.494] [info] [task_scheduler.cpp:462] [mgpu-audit] pipeline_task dispatched to GPU 0 task_id=393
[2026-07-09 04:20:58.494] [info] [task_scheduler.cpp:464] [locality-audit] dispatch task_id=393 preferred_device=0 actual_gpu=0
[2026-07-09 04:20:58.494] [info] [gpu_pipeline_task.cpp:188] [locality-audit] prepare_before pipeline_id=17 task_id=393 preferred_device=0 actual_gpu=0 target_tier=GPU target_device=0 input_bytes=106 local_bytes=106 remote_gpu_bytes=0 host_bytes=0 disk_bytes=0 batch_count=1
[2026-07-09 04:20:58.494] [info] [gpu_pipeline_task.cpp:188] [locality-audit] prepare_after pipeline_id=17 task_id=393 preferred_device=0 actual_gpu=0 target_tier=GPU target_device=0 input_bytes=106 local_bytes=106 remote_gpu_bytes=0 host_bytes=0 disk_bytes=0 batch_count=1
[2026-07-09 04:20:58.494] [info] [gpu_pipeline_task.cpp:321] [stage-audit] pipeline_id=17 task_id=393 operator_id=40 operator_name=SORT_SAMPLE stage_kind=SORT operator_type=89 input_type=PIPELINEABLE output_type=PIPELINEABLE actual_gpu=0 pipeline_operator_count=2 input_batches=1 input_rows=5 input_columns=2 input_bytes=106 output_batches=1 output_rows=5 output_columns=2 output_bytes=106 byte_ratio=1.000000 row_ratio=1.000000 duration_us=90
[2026-07-09 04:20:58.495] [info] [gpu_pipeline_task.cpp:321] [stage-audit] pipeline_id=17 task_id=393 operator_id=41 operator_name=SORT_PARTITION stage_kind=SORT operator_type=88 input_type=PIPELINEABLE output_type=PIPELINEABLE actual_gpu=0 pipeline_operator_count=2 input_batches=1 input_rows=5 input_columns=2 input_bytes=106 output_batches=5 output_rows=5 output_columns=10 output_bytes=122 byte_ratio=1.150943 row_ratio=1.000000 duration_us=286
[2026-07-09 04:20:58.495] [info] [task_creator.cpp:363] [locality-audit] task_create operator_id=42 input_bytes=122 local_bytes=122 gpu_source_bytes=122 host_source_bytes=0 disk_source_bytes=0 gpu_sources=1 host_sources=0 preferred_device=0
[2026-07-09 04:20:58.495] [info] [task_scheduler.cpp:462] [mgpu-audit] pipeline_task dispatched to GPU 0 task_id=394
[2026-07-09 04:20:58.495] [info] [task_scheduler.cpp:464] [locality-audit] dispatch task_id=394 preferred_device=0 actual_gpu=0
[2026-07-09 04:20:58.495] [info] [gpu_pipeline_task.cpp:188] [locality-audit] prepare_before pipeline_id=18 task_id=394 preferred_device=0 actual_gpu=0 target_tier=GPU target_device=0 input_bytes=122 local_bytes=122 remote_gpu_bytes=0 host_bytes=0 disk_bytes=0 batch_count=5
[2026-07-09 04:20:58.495] [info] [gpu_pipeline_task.cpp:188] [locality-audit] prepare_after pipeline_id=18 task_id=394 preferred_device=0 actual_gpu=0 target_tier=GPU target_device=0 input_bytes=122 local_bytes=122 remote_gpu_bytes=0 host_bytes=0 disk_bytes=0 batch_count=5
[2026-07-09 04:20:58.496] [info] [gpu_pipeline_task.cpp:321] [stage-audit] pipeline_id=18 task_id=394 operator_id=42 operator_name=MERGE_SORT stage_kind=SORT operator_type=84 input_type=PIPELINEABLE output_type=PIPELINEABLE actual_gpu=0 pipeline_operator_count=1 input_batches=5 input_rows=5 input_columns=10 input_bytes=122 output_batches=1 output_rows=5 output_columns=2 output_bytes=106 byte_ratio=0.868852 row_ratio=1.000000 duration_us=740
[2026-07-09 04:20:58.496] [info] [task_creator.cpp:363] [locality-audit] task_create operator_id=24 input_bytes=106 local_bytes=106 gpu_source_bytes=106 host_source_bytes=0 disk_source_bytes=0 gpu_sources=1 host_sources=0 preferred_device=0
[2026-07-09 04:20:58.496] [info] [task_scheduler.cpp:462] [mgpu-audit] pipeline_task dispatched to GPU 0 task_id=395
[2026-07-09 04:20:58.496] [info] [task_scheduler.cpp:464] [locality-audit] dispatch task_id=395 preferred_device=0 actual_gpu=0
[2026-07-09 04:20:58.496] [info] [gpu_pipeline_task.cpp:188] [locality-audit] prepare_before pipeline_id=19 task_id=395 preferred_device=0 actual_gpu=0 target_tier=GPU target_device=0 input_bytes=106 local_bytes=106 remote_gpu_bytes=0 host_bytes=0 disk_bytes=0 batch_count=1
[2026-07-09 04:20:58.496] [info] [gpu_pipeline_task.cpp:188] [locality-audit] prepare_after pipeline_id=19 task_id=395 preferred_device=0 actual_gpu=0 target_tier=GPU target_device=0 input_bytes=106 local_bytes=106 remote_gpu_bytes=0 host_bytes=0 disk_bytes=0 batch_count=1
[2026-07-09 04:20:58.496] [info] [gpu_pipeline_task.cpp:321] [stage-audit] pipeline_id=19 task_id=395 operator_id=24 operator_name=RESULT_COLLECTOR stage_kind=RESULT operator_type=76 input_type=PIPELINEABLE output_type=PIPELINEABLE actual_gpu=0 pipeline_operator_count=1 input_batches=1 input_rows=5 input_columns=2 input_bytes=106 output_batches=1 output_rows=5 output_columns=2 output_bytes=106 byte_ratio=1.000000 row_ratio=1.000000 duration_us=2
[2026-07-09 04:20:58.516] [info] [gpu_pipeline_executor.cpp:118] GPU Pipeline Executor: task queue interrupted, stopping manager loop
[2026-07-09 04:20:58.517] [info] [gpu_pipeline_executor.cpp:118] GPU Pipeline Executor: task queue interrupted, stopping manager loop
[2026-07-09 04:20:58.530] [info] [physical_sirius_execution.cpp:165] Transparent GPU execution: query completed
[2026-07-09 04:20:58.544] [info] [sirius_context.cpp:217] QueryEnd
[2026-07-09 04:20:58.570] [info] [:] [host_pool] HOST:0 QueryEnd allocated=71303168 bytes peak=4664066048 bytes free_blocks=3004
[2026-07-09 04:20:58.570] [info] [:] [gpu_pool] GPU:0 QueryEnd allocated=4427429888 bytes peak=6569499904 bytes reserved=0 bytes
[2026-07-09 04:20:58.570] [info] [:] [gpu_pool] GPU:1 QueryEnd allocated=4423904000 bytes peak=6565971712 bytes reserved=0 bytes
[2026-07-09 04:20:58.572] [info] [:] [host_pool] HOST:0 QueryBegin allocated=71303168 bytes peak=4664066048 bytes free_blocks=3004
[2026-07-09 04:20:58.572] [info] [:] [gpu_pool] GPU:0 QueryBegin allocated=4427429888 bytes peak=6569499904 bytes reserved=0 bytes
[2026-07-09 04:20:58.572] [info] [:] [gpu_pool] GPU:1 QueryBegin allocated=4423904000 bytes peak=6565971712 bytes reserved=0 bytes
[2026-07-09 04:20:58.572] [info] [sirius_context.cpp:201] QueryBegin: SQL: SET gpu_execution = true;
[2026-07-09 04:20:58.572] [info] [sirius_context.cpp:217] QueryEnd
[2026-07-09 04:20:58.591] [info] [:] [host_pool] HOST:0 QueryEnd allocated=71303168 bytes peak=4664066048 bytes free_blocks=3004
[2026-07-09 04:20:58.591] [info] [:] [gpu_pool] GPU:0 QueryEnd allocated=4427429888 bytes peak=6569499904 bytes reserved=0 bytes
[2026-07-09 04:20:58.591] [info] [:] [gpu_pool] GPU:1 QueryEnd allocated=4423904000 bytes peak=6565971712 bytes reserved=0 bytes
[2026-07-09 04:20:58.591] [info] [:] [host_pool] HOST:0 QueryBegin allocated=71303168 bytes peak=4664066048 bytes free_blocks=3004
[2026-07-09 04:20:58.591] [info] [:] [gpu_pool] GPU:0 QueryBegin allocated=4427429888 bytes peak=6569499904 bytes reserved=0 bytes
[2026-07-09 04:20:58.591] [info] [:] [gpu_pool] GPU:1 QueryBegin allocated=4423904000 bytes peak=6565971712 bytes reserved=0 bytes
[2026-07-09 04:20:58.591] [info] [sirius_context.cpp:201] QueryBegin: SQL: select o.o_orderpriority, count(*) as order_count from orders o where o.o_orderdate >= date '1996-10-01' and o.o_orderdate < date '1997-01-01' and exists ( select * from lineitem l where l.l_orderkey = o.o_orderkey and l.l_commitdate < l.l_receiptdate ) group by o.o_orderpriority order by o.o_orderpriority
[2026-07-09 04:20:58.828] [info] [sirius_plan_get.cpp:267] [sirius_plan_get] LogicalGet has dynamic_filters attached (channel key=0x586848a856c0).
[2026-07-09 04:20:58.828] [info] [sirius_plan_comparison_join.cpp:601] [sirius_plan_comparison_join] Wired hash join with 1 dynamic-filter probe target(s) (build est 0 rows).
[2026-07-09 04:20:58.842] [info] [sirius_context.cpp:865] Transparent execution: Sirius physical plan generated successfully
[2026-07-09 04:20:58.854] [info] [sirius_context.cpp:877] Transparent execution: physical plan replaced with GPU operator
[2026-07-09 04:20:58.854] [info] [physical_sirius_execution.cpp:97] Transparent GPU execution: executing query
[2026-07-09 04:20:58.915] [info] [sirius_plan_get.cpp:267] [sirius_plan_get] LogicalGet has dynamic_filters attached (channel key=0x586848a856c0).
[2026-07-09 04:20:58.915] [info] [sirius_plan_comparison_join.cpp:601] [sirius_plan_comparison_join] Wired hash join with 1 dynamic-filter probe target(s) (build est 0 rows).
[2026-07-09 04:20:58.915] [info] [sirius_engine.cpp:375] Query Plan:
=== Pipeline Overview ===
Pipeline #0: GPU_SCAN (id=25) -> LEFT_DELIM_JOIN (id=19)
Pipeline #1: PARTITION (id=26)
  Input: <- Pipeline #0 [on: PARTITION (id=26), port: default, barrier: FULL]
  Dependencies: Pipeline #0
  Output: -> MERGE_GROUP_BY [port: default, barrier: FULL]
Pipeline #2: MERGE_GROUP_BY (id=27)
  Input: <- Pipeline #1 [on: MERGE_GROUP_BY (id=27), port: default, barrier: FULL]
  Dependencies: Pipeline #1
  Output: -> PARTITION [port: default, barrier: FULL]
Pipeline #3: PARTITION (id=29)
  Input: <- Pipeline #2 [on: PARTITION (id=29), port: default, barrier: FULL]
  Dependencies: Pipeline #2
  Output: -> CONCAT [port: default, barrier: PARTIAL]
Pipeline #4: CONCAT (id=28)
  Input: <- Pipeline #3 [on: CONCAT (id=28), port: default, barrier: PARTIAL]
  Dependencies: Pipeline #3
  Output: -> HASH_JOIN [port: build, barrier: FULL]
Pipeline #5: GPU_SCAN (id=30) -> DYNAMIC_FILTER (id=31) -> FILTER (id=14)
  Output: -> PARTITION [port: default, barrier: PARTIAL]
Pipeline #6: PARTITION (id=33)
  Input: <- Pipeline #5 [on: PARTITION (id=33), port: default, barrier: PARTIAL]
  Dependencies: Pipeline #5
  Output: -> CONCAT [port: default, barrier: PARTIAL]
Pipeline #7: CONCAT (id=32)
  Input: <- Pipeline #6 [on: CONCAT (id=32), port: default, barrier: PARTIAL]
  Dependencies: Pipeline #6
  Output: -> HASH_JOIN [port: default, barrier: FULL]
Pipeline #8: HASH_JOIN (id=16) -> PROJECTION (id=17)
  Input: <- Pipeline #7 [on: HASH_JOIN (id=16), port: default, barrier: FULL]
  Input: <- Pipeline #4 [on: HASH_JOIN (id=16), port: build, barrier: FULL]
  Dependencies: Pipeline #4, Pipeline #7
  Output: -> PARTITION [port: default, barrier: FULL]
Pipeline #9: PARTITION (id=35)
  Input: <- Pipeline #8 [on: PARTITION (id=35), port: default, barrier: FULL]
  Dependencies: Pipeline #8
  Output: -> CONCAT [port: default, barrier: PARTIAL]
Pipeline #10: CONCAT (id=34)
  Input: <- Pipeline #9 [on: CONCAT (id=34), port: default, barrier: PARTIAL]
  Dependencies: Pipeline #9
  Output: -> HASH_JOIN [port: build, barrier: FULL]
Pipeline #11: PARTITION (id=37)
  Input: <- Pipeline #0 [on: PARTITION (id=37), port: default, barrier: PARTIAL]
  Dependencies: Pipeline #0
  Output: -> CONCAT [port: default, barrier: PARTIAL]
Pipeline #12: CONCAT (id=36)
  Input: <- Pipeline #11 [on: CONCAT (id=36), port: default, barrier: PARTIAL]
  Dependencies: Pipeline #11
  Output: -> HASH_JOIN [port: default, barrier: FULL]
Pipeline #13: HASH_JOIN (id=18) -> HASH_GROUP_BY (id=22)
  Input: <- Pipeline #12 [on: HASH_JOIN (id=18), port: default, barrier: FULL]
  Input: <- Pipeline #10 [on: HASH_JOIN (id=18), port: build, barrier: FULL]
  Dependencies: Pipeline #10, Pipeline #12
  Output: -> PARTITION [port: default, barrier: FULL]
Pipeline #14: PARTITION (id=38)
  Input: <- Pipeline #13 [on: PARTITION (id=38), port: default, barrier: FULL]
  Dependencies: Pipeline #13
  Output: -> MERGE_GROUP_BY [port: default, barrier: FULL]
Pipeline #15: MERGE_GROUP_BY (id=39)
  Input: <- Pipeline #14 [on: MERGE_GROUP_BY (id=39), port: default, barrier: FULL]
  Dependencies: Pipeline #14
  Output: -> ORDER_BY [port: default, barrier: FULL]
Pipeline #16: ORDER_BY (id=23)
  Input: <- Pipeline #15 [on: ORDER_BY (id=23), port: default, barrier: FULL]
  Dependencies: Pipeline #15
  Output: -> SORT_SAMPLE [port: default, barrier: PIPELINE]
Pipeline #17: SORT_SAMPLE (id=40) -> SORT_PARTITION (id=41)
  Input: <- Pipeline #16 [on: SORT_SAMPLE (id=40), port: default, barrier: PIPELINE]
  Dependencies: Pipeline #16
  Output: -> MERGE_SORT [port: default, barrier: FULL]
Pipeline #18: MERGE_SORT (id=42)
  Input: <- Pipeline #17 [on: MERGE_SORT (id=42), port: default, barrier: FULL]
  Dependencies: Pipeline #17
  Output: -> RESULT_COLLECTOR [port: default, barrier: FULL]
Pipeline #19: RESULT_COLLECTOR (id=24)
  Input: <- Pipeline #18 [on: RESULT_COLLECTOR (id=24), port: default, barrier: FULL]
  Dependencies: Pipeline #18

=== Query Plan DAG ===
┌──────────────────────────┐                                                        
│ Pipeline #19             │                                                        
│ RESULT_COLLECTOR (id=24) │                                                        
│ Input(#18): FULL         │                                                        
└────────────┬─────────────┘                                                        
             │                                                                      
┌──────────────────────────┐                                                        
│ Pipeline #18             │                                                        
│ MERGE_SORT (id=42)       │                                                        
│ Input(#17): FULL         │                                                        
└────────────┬─────────────┘                                                        
             │                                                                      
┌──────────────────────────┐                                                        
│ Pipeline #17             │                                                        
│ SORT_PARTITION (id=41)   │                                                        
│ SORT_SAMPLE (id=40)      │                                                        
│ Input(#16): PIPELINE     │                                                        
└────────────┬─────────────┘                                                        
             │                                                                      
┌──────────────────────────┐                                                        
│ Pipeline #16             │                                                        
│ ORDER_BY (id=23)         │                                                        
│ Input(#15): FULL         │                                                        
└────────────┬─────────────┘                                                        
             │                                                                      
┌──────────────────────────┐                                                        
│ Pipeline #15             │                                                        
│ MERGE_GROUP_BY (id=39)   │                                                        
│ Input(#14): FULL         │                                                        
└────────────┬─────────────┘                                                        
             │                                                                      
┌──────────────────────────┐                                                        
│ Pipeline #14             │                                                        
│ PARTITION (id=38)        │                                                        
│ Input(#13): FULL         │                                                        
└────────────┬─────────────┘                                                        
             │                                                                      
┌──────────────────────────┐                                                        
│ Pipeline #13             │                                                        
│ HASH_GROUP_BY (id=22)    │                                                        
│ HASH_JOIN (id=18)        │                                                        
│   type: SEMI             │                                                        
│ Input(#12): FULL         │                                                        
│ Input(#10): FULL         │                                                        
└────────────┬─────────────┘                                                        
             ┌───────────────────────────────────────────────────────┐              
             │                                                       │              
┌──────────────────────────┐                            ┌──────────────────────────┐
│ Pipeline #10             │                            │ Pipeline #12             │
│ CONCAT (id=34)           │                            │ CONCAT (id=36)           │
│ Input(#9): PARTIAL       │                            │ Input(#11): PARTIAL      │
└────────────┬─────────────┘                            └────────────┬─────────────┘
             │                                                       │              
┌──────────────────────────┐                            ┌──────────────────────────┐
│ Pipeline #9              │                            │ Pipeline #11             │
│ PARTITION (id=35)        │                            │ PARTITION (id=37)        │
│ Input(#8): FULL          │                            │ Input(#0): PARTIAL       │
└────────────┬─────────────┘                            └────────────┬─────────────┘
             │                                                       │              
┌──────────────────────────┐                            ┌──────────────────────────┐
│ Pipeline #8              │                            │ (-> Pipeline #0)         │
│ PROJECTION (id=17)       │                            │                          │
│ HASH_JOIN (id=16)        │                            │                          │
│   type: INNER            │                            │                          │
│ Input(#7): FULL          │                            │                          │
│ Input(#4): FULL          │                            │                          │
└────────────┬─────────────┘                            └──────────────────────────┘
             ┌───────────────────────────┐                                          
             │                           │                                          
┌──────────────────────────┐┌──────────────────────────┐                            
│ Pipeline #4              ││ Pipeline #7              │                            
│ CONCAT (id=28)           ││ CONCAT (id=32)           │                            
│ Input(#3): PARTIAL       ││ Input(#6): PARTIAL       │                            
└────────────┬─────────────┘└────────────┬─────────────┘                            
             │                           │                                          
┌──────────────────────────┐┌──────────────────────────┐                            
│ Pipeline #3              ││ Pipeline #6              │                            
│ PARTITION (id=29)        ││ PARTITION (id=33)        │                            
│ Input(#2): FULL          ││ Input(#5): PARTIAL       │                            
└────────────┬─────────────┘└────────────┬─────────────┘                            
             │                           │                                          
┌──────────────────────────┐┌──────────────────────────┐                            
│ Pipeline #2              ││ Pipeline #5              │                            
│ MERGE_GROUP_BY (id=27)   ││ FILTER (id=14)           │                            
│ Input(#1): FULL          ││ DYNAMIC_FILTER (id=31)   │                            
│                          ││ GPU_SCAN (id=30)         │                            
└────────────┬─────────────┘└──────────────────────────┘                            
             │                                                                      
┌──────────────────────────┐                                                        
│ Pipeline #1              │                                                        
│ PARTITION (id=26)        │                                                        
│ Input(#0): FULL          │                                                        
└────────────┬─────────────┘                                                        
             │                                                                      
┌──────────────────────────┐                                                        
│ Pipeline #0              │                                                        
│ LEFT_DELIM_JOIN (id=19)  │                                                        
│ GPU_SCAN (id=25)         │                                                        
└──────────────────────────┘                                                        

[2026-07-09 04:20:58.915] [info] [sirius_scan_manager.cpp:416] [fixed-page-cache] page-backed cached provider unavailable; falling back to chunk-backed cached provider
[2026-07-09 04:20:58.915] [info] [sirius_scan_manager.cpp:420] [fixed-page-cache] cached provider unavailable; selected columns have page-only storage with incomplete resident coverage
[2026-07-09 04:20:58.923] [info] [parquet_gpu_ingestible.cpp:250] [coalesce-debug] parquet_batch_coalescer emit #1: 1 slice(s), acc_bytes=535792172, cap=536870912
[2026-07-09 04:20:58.923] [info] [parquet_gpu_ingestible.cpp:250] [coalesce-debug] parquet_batch_coalescer emit #2: 1 slice(s), acc_bytes=536716992, cap=536870912
[2026-07-09 04:20:58.923] [info] [parquet_gpu_ingestible.cpp:250] [coalesce-debug] parquet_batch_coalescer emit #3: 1 slice(s), acc_bytes=536718830, cap=536870912
[2026-07-09 04:20:58.923] [info] [load_balancing_scan_batch_coalescer.cpp:96] [coalesce-debug] load_balancer emit pipeline=0 -> preferred GPU 0
[2026-07-09 04:20:58.938] [info] [load_balancing_scan_batch_coalescer.cpp:96] [coalesce-debug] load_balancer emit pipeline=0 -> preferred GPU 1
[2026-07-09 04:20:58.947] [info] [task_scheduler.cpp:462] [mgpu-audit] pipeline_task dispatched to GPU 0 task_id=396
[2026-07-09 04:20:58.947] [info] [task_scheduler.cpp:464] [locality-audit] dispatch task_id=396 preferred_device=0 actual_gpu=0
[2026-07-09 04:20:58.947] [warning] [downgrade_executor.cpp:335] [downgrade] [GPU:0] downgrade request not satisfied and disk memory space is not configured; data cannot be spilled to disk. Consider configuring a disk memory space to enable spilling.
[2026-07-09 04:20:58.947] [warning] [gpu_pipeline_executor.cpp:250] GPU Pipeline Executor: after downgrade (0 bytes freed), reservation still partial (1522570112/4286337376 bytes) for pipeline 0 task 396 -- proceeding with partial reservation
[2026-07-09 04:20:58.964] [info] [load_balancing_scan_batch_coalescer.cpp:96] [coalesce-debug] load_balancer emit pipeline=0 -> preferred GPU 0
[2026-07-09 04:20:58.967] [info] [task_scheduler.cpp:462] [mgpu-audit] pipeline_task dispatched to GPU 1 task_id=397
[2026-07-09 04:20:58.967] [info] [task_scheduler.cpp:464] [locality-audit] dispatch task_id=397 preferred_device=1 actual_gpu=1
[2026-07-09 04:20:58.967] [warning] [downgrade_executor.cpp:335] [downgrade] [GPU:1] downgrade request not satisfied and disk memory space is not configured; data cannot be spilled to disk. Consider configuring a disk memory space to enable spilling.
[2026-07-09 04:20:58.967] [warning] [gpu_pipeline_executor.cpp:250] GPU Pipeline Executor: after downgrade (0 bytes freed), reservation still partial (1526096000/4293735936 bytes) for pipeline 0 task 397 -- proceeding with partial reservation
[2026-07-09 04:20:58.991] [info] [parquet_gpu_ingestible.cpp:250] [coalesce-debug] parquet_batch_coalescer emit #4: 1 slice(s), acc_bytes=285267347, cap=536870912
[2026-07-09 04:20:58.991] [info] [load_balancing_scan_batch_coalescer.cpp:96] [coalesce-debug] load_balancer emit pipeline=0 -> preferred GPU 1
[2026-07-09 04:20:58.993] [info] [task_scheduler.cpp:462] [mgpu-audit] pipeline_task dispatched to GPU 0 task_id=398
[2026-07-09 04:20:58.993] [info] [task_scheduler.cpp:464] [locality-audit] dispatch task_id=398 preferred_device=0 actual_gpu=0
[2026-07-09 04:20:59.017] [info] [parquet_gpu_ingestible.cpp:250] [coalesce-debug] parquet_batch_coalescer emit #1: 1 slice(s), acc_bytes=536609169, cap=536870912
[2026-07-09 04:20:59.017] [info] [parquet_gpu_ingestible.cpp:250] [coalesce-debug] parquet_batch_coalescer emit #2: 1 slice(s), acc_bytes=535664207, cap=536870912
[2026-07-09 04:20:59.017] [info] [parquet_gpu_ingestible.cpp:250] [coalesce-debug] parquet_batch_coalescer emit #3: 1 slice(s), acc_bytes=535675524, cap=536870912
[2026-07-09 04:20:59.017] [info] [parquet_gpu_ingestible.cpp:250] [coalesce-debug] parquet_batch_coalescer emit #4: 1 slice(s), acc_bytes=536159222, cap=536870912
[2026-07-09 04:20:59.017] [info] [parquet_gpu_ingestible.cpp:250] [coalesce-debug] parquet_batch_coalescer emit #5: 1 slice(s), acc_bytes=536412431, cap=536870912
[2026-07-09 04:20:59.017] [info] [parquet_gpu_ingestible.cpp:250] [coalesce-debug] parquet_batch_coalescer emit #6: 1 slice(s), acc_bytes=536419661, cap=536870912
[2026-07-09 04:20:59.017] [info] [parquet_gpu_ingestible.cpp:250] [coalesce-debug] parquet_batch_coalescer emit #7: 1 slice(s), acc_bytes=536409541, cap=536870912
[2026-07-09 04:20:59.017] [info] [parquet_gpu_ingestible.cpp:250] [coalesce-debug] parquet_batch_coalescer emit #8: 1 slice(s), acc_bytes=536417697, cap=536870912
[2026-07-09 04:20:59.017] [info] [parquet_gpu_ingestible.cpp:250] [coalesce-debug] parquet_batch_coalescer emit #9: 1 slice(s), acc_bytes=536419365, cap=536870912
[2026-07-09 04:20:59.017] [info] [parquet_gpu_ingestible.cpp:250] [coalesce-debug] parquet_batch_coalescer emit #10: 1 slice(s), acc_bytes=536437654, cap=536870912
[2026-07-09 04:20:59.017] [info] [parquet_gpu_ingestible.cpp:250] [coalesce-debug] parquet_batch_coalescer emit #11: 1 slice(s), acc_bytes=536429738, cap=536870912
[2026-07-09 04:20:59.017] [info] [parquet_gpu_ingestible.cpp:250] [coalesce-debug] parquet_batch_coalescer emit #12: 1 slice(s), acc_bytes=536407763, cap=536870912
[2026-07-09 04:20:59.017] [info] [parquet_gpu_ingestible.cpp:250] [coalesce-debug] parquet_batch_coalescer emit #13: 1 slice(s), acc_bytes=536414314, cap=536870912
[2026-07-09 04:20:59.017] [info] [parquet_gpu_ingestible.cpp:250] [coalesce-debug] parquet_batch_coalescer emit #14: 1 slice(s), acc_bytes=536428111, cap=536870912
[2026-07-09 04:20:59.017] [info] [parquet_gpu_ingestible.cpp:250] [coalesce-debug] parquet_batch_coalescer emit #15: 1 slice(s), acc_bytes=536428475, cap=536870912
[2026-07-09 04:20:59.017] [info] [parquet_gpu_ingestible.cpp:250] [coalesce-debug] parquet_batch_coalescer emit #16: 1 slice(s), acc_bytes=536420446, cap=536870912
[2026-07-09 04:20:59.017] [info] [parquet_gpu_ingestible.cpp:250] [coalesce-debug] parquet_batch_coalescer emit #17: 1 slice(s), acc_bytes=536413144, cap=536870912
[2026-07-09 04:20:59.017] [info] [parquet_gpu_ingestible.cpp:250] [coalesce-debug] parquet_batch_coalescer emit #18: 1 slice(s), acc_bytes=536425354, cap=536870912
[2026-07-09 04:20:59.017] [info] [load_balancing_scan_batch_coalescer.cpp:96] [coalesce-debug] load_balancer emit pipeline=5 -> preferred GPU 0
[2026-07-09 04:20:59.021] [info] [task_scheduler.cpp:462] [mgpu-audit] pipeline_task dispatched to GPU 1 task_id=399
[2026-07-09 04:20:59.021] [info] [task_scheduler.cpp:464] [locality-audit] dispatch task_id=399 preferred_device=1 actual_gpu=1
[2026-07-09 04:20:59.135] [info] [load_balancing_scan_batch_coalescer.cpp:96] [coalesce-debug] load_balancer emit pipeline=5 -> preferred GPU 1
[2026-07-09 04:20:59.194] [info] [parquet_gpu_ingestible.cpp:718] [fixed-page-cache] auto_cache_skip reason=non_fixed_width_column column_index=1 type_id=23
[2026-07-09 04:20:59.194] [info] [gpu_pipeline_task.cpp:321] [stage-audit] pipeline_id=0 task_id=397 operator_id=25 operator_name=GPU_SCAN stage_kind=SCAN operator_type=94 input_type=GPU_SCAN output_type=PIPELINEABLE actual_gpu=1 pipeline_operator_count=2 input_batches=0 input_rows=0 input_columns=0 input_bytes=0 output_batches=1 output_rows=1626175 output_columns=2 output_bytes=33578536 byte_ratio=0.000000 row_ratio=0.000000 duration_us=223613
[2026-07-09 04:20:59.194] [info] [gpu_pipeline_task.cpp:321] [stage-audit] pipeline_id=0 task_id=397 operator_id=19 operator_name=LEFT_DELIM_JOIN stage_kind=JOIN operator_type=37 input_type=PIPELINEABLE output_type=PIPELINEABLE actual_gpu=1 pipeline_operator_count=2 input_batches=1 input_rows=1626175 input_columns=2 input_bytes=33578536 output_batches=1 output_rows=1626175 output_columns=2 output_bytes=33578536 byte_ratio=1.000000 row_ratio=1.000000 duration_us=2
[2026-07-09 04:20:59.194] [warning] [gpu_pipeline_task.cpp:67] gpu_pipeline_task: operator 'LEFT_DELIM_JOIN' (id=19) output batch 0 column count mismatch: got 2, expected 1
[2026-07-09 04:20:59.196] [info] [parquet_gpu_ingestible.cpp:718] [fixed-page-cache] auto_cache_skip reason=non_fixed_width_column column_index=1 type_id=23
[2026-07-09 04:20:59.196] [info] [gpu_pipeline_task.cpp:321] [stage-audit] pipeline_id=0 task_id=396 operator_id=25 operator_name=GPU_SCAN stage_kind=SCAN operator_type=94 input_type=GPU_SCAN output_type=PIPELINEABLE actual_gpu=0 pipeline_operator_count=2 input_batches=0 input_rows=0 input_columns=0 input_bytes=0 output_batches=1 output_rows=1623613 output_columns=2 output_bytes=33529092 byte_ratio=0.000000 row_ratio=0.000000 duration_us=243578
[2026-07-09 04:20:59.196] [info] [gpu_pipeline_task.cpp:321] [stage-audit] pipeline_id=0 task_id=396 operator_id=19 operator_name=LEFT_DELIM_JOIN stage_kind=JOIN operator_type=37 input_type=PIPELINEABLE output_type=PIPELINEABLE actual_gpu=0 pipeline_operator_count=2 input_batches=1 input_rows=1623613 input_columns=2 input_bytes=33529092 output_batches=1 output_rows=1623613 output_columns=2 output_bytes=33529092 byte_ratio=1.000000 row_ratio=1.000000 duration_us=2
[2026-07-09 04:20:59.196] [warning] [gpu_pipeline_task.cpp:67] gpu_pipeline_task: operator 'LEFT_DELIM_JOIN' (id=19) output batch 0 column count mismatch: got 2, expected 1
[2026-07-09 04:20:59.200] [warning] [downgrade_executor.cpp:335] [downgrade] [GPU:1] downgrade request not satisfied and disk memory space is not configured; data cannot be spilled to disk. Consider configuring a disk memory space to enable spilling.
[2026-07-09 04:20:59.200] [warning] [gpu_pipeline_executor.cpp:250] GPU Pipeline Executor: after downgrade (46791264 bytes freed), reservation still partial (1526096000/2282138776 bytes) for pipeline 0 task 399 -- proceeding with partial reservation
[2026-07-09 04:20:59.200] [warning] [downgrade_executor.cpp:335] [downgrade] [GPU:0] downgrade request not satisfied and disk memory space is not configured; data cannot be spilled to disk. Consider configuring a disk memory space to enable spilling.
[2026-07-09 04:20:59.200] [warning] [gpu_pipeline_executor.cpp:250] GPU Pipeline Executor: after downgrade (46721004 bytes freed), reservation still partial (1522570112/4293750640 bytes) for pipeline 0 task 398 -- proceeding with partial reservation
[2026-07-09 04:20:59.292] [info] [load_balancing_scan_batch_coalescer.cpp:96] [coalesce-debug] load_balancer emit pipeline=5 -> preferred GPU 0
[2026-07-09 04:20:59.399] [info] [parquet_gpu_ingestible.cpp:718] [fixed-page-cache] auto_cache_skip reason=non_fixed_width_column column_index=1 type_id=23
[2026-07-09 04:20:59.400] [info] [gpu_pipeline_task.cpp:321] [stage-audit] pipeline_id=0 task_id=399 operator_id=25 operator_name=GPU_SCAN stage_kind=SCAN operator_type=94 input_type=GPU_SCAN output_type=PIPELINEABLE actual_gpu=1 pipeline_operator_count=2 input_batches=0 input_rows=0 input_columns=0 input_bytes=0 output_batches=1 output_rows=863786 output_columns=2 output_bytes=17840398 byte_ratio=0.000000 row_ratio=0.000000 duration_us=194386
[2026-07-09 04:20:59.400] [info] [gpu_pipeline_task.cpp:321] [stage-audit] pipeline_id=0 task_id=399 operator_id=19 operator_name=LEFT_DELIM_JOIN stage_kind=JOIN operator_type=37 input_type=PIPELINEABLE output_type=PIPELINEABLE actual_gpu=1 pipeline_operator_count=2 input_batches=1 input_rows=863786 input_columns=2 input_bytes=17840398 output_batches=1 output_rows=863786 output_columns=2 output_bytes=17840398 byte_ratio=1.000000 row_ratio=1.000000 duration_us=2
[2026-07-09 04:20:59.400] [warning] [gpu_pipeline_task.cpp:67] gpu_pipeline_task: operator 'LEFT_DELIM_JOIN' (id=19) output batch 0 column count mismatch: got 2, expected 1
[2026-07-09 04:20:59.405] [info] [parquet_gpu_ingestible.cpp:718] [fixed-page-cache] auto_cache_skip reason=non_fixed_width_column column_index=1 type_id=23
[2026-07-09 04:20:59.405] [info] [gpu_pipeline_task.cpp:321] [stage-audit] pipeline_id=0 task_id=398 operator_id=25 operator_name=GPU_SCAN stage_kind=SCAN operator_type=94 input_type=GPU_SCAN output_type=PIPELINEABLE actual_gpu=0 pipeline_operator_count=2 input_batches=0 input_rows=0 input_columns=0 input_bytes=0 output_batches=1 output_rows=1625127 output_columns=2 output_bytes=33562932 byte_ratio=0.000000 row_ratio=0.000000 duration_us=197704
[2026-07-09 04:20:59.406] [info] [gpu_pipeline_task.cpp:321] [stage-audit] pipeline_id=0 task_id=398 operator_id=19 operator_name=LEFT_DELIM_JOIN stage_kind=JOIN operator_type=37 input_type=PIPELINEABLE output_type=PIPELINEABLE actual_gpu=0 pipeline_operator_count=2 input_batches=1 input_rows=1625127 input_columns=2 input_bytes=33562932 output_batches=1 output_rows=1625127 output_columns=2 output_bytes=33562932 byte_ratio=1.000000 row_ratio=1.000000 duration_us=3
[2026-07-09 04:20:59.406] [warning] [gpu_pipeline_task.cpp:67] gpu_pipeline_task: operator 'LEFT_DELIM_JOIN' (id=19) output batch 0 column count mismatch: got 2, expected 1
[2026-07-09 04:20:59.408] [info] [task_creator.cpp:363] [locality-audit] task_create operator_id=26 input_bytes=13212728 local_bytes=0 gpu_source_bytes=0 host_source_bytes=13212728 disk_source_bytes=0 gpu_sources=0 host_sources=1 preferred_device=0
[2026-07-09 04:20:59.408] [info] [task_creator.cpp:363] [locality-audit] task_create operator_id=26 input_bytes=13191912 local_bytes=0 gpu_source_bytes=0 host_source_bytes=13191912 disk_source_bytes=0 gpu_sources=0 host_sources=1 preferred_device=1
[2026-07-09 04:20:59.408] [info] [task_scheduler.cpp:462] [mgpu-audit] pipeline_task dispatched to GPU 0 task_id=400
[2026-07-09 04:20:59.408] [info] [task_scheduler.cpp:464] [locality-audit] dispatch task_id=400 preferred_device=0 actual_gpu=0
[2026-07-09 04:20:59.408] [info] [task_creator.cpp:363] [locality-audit] task_create operator_id=26 input_bytes=7018320 local_bytes=7018320 gpu_source_bytes=7018320 host_source_bytes=0 disk_source_bytes=0 gpu_sources=1 host_sources=0 preferred_device=1
[2026-07-09 04:20:59.408] [info] [task_scheduler.cpp:462] [mgpu-audit] pipeline_task dispatched to GPU 1 task_id=401
[2026-07-09 04:20:59.408] [info] [task_scheduler.cpp:464] [locality-audit] dispatch task_id=401 preferred_device=1 actual_gpu=1
[2026-07-09 04:20:59.408] [info] [task_creator.cpp:363] [locality-audit] task_create operator_id=26 input_bytes=13204216 local_bytes=13204216 gpu_source_bytes=13204216 host_source_bytes=0 disk_source_bytes=0 gpu_sources=1 host_sources=0 preferred_device=0
[2026-07-09 04:20:59.408] [info] [task_scheduler.cpp:462] [mgpu-audit] pipeline_task dispatched to GPU 0 task_id=403
[2026-07-09 04:20:59.408] [info] [task_scheduler.cpp:464] [locality-audit] dispatch task_id=403 preferred_device=0 actual_gpu=0
[2026-07-09 04:20:59.408] [info] [task_scheduler.cpp:462] [mgpu-audit] pipeline_task dispatched to GPU 1 task_id=402
[2026-07-09 04:20:59.408] [info] [task_scheduler.cpp:464] [locality-audit] dispatch task_id=402 preferred_device=1 actual_gpu=1
[2026-07-09 04:20:59.408] [info] [gpu_pipeline_task.cpp:188] [locality-audit] prepare_before pipeline_id=1 task_id=400 preferred_device=0 actual_gpu=0 target_tier=GPU target_device=0 input_bytes=13212728 local_bytes=0 remote_gpu_bytes=0 host_bytes=13212728 disk_bytes=0 batch_count=1
[2026-07-09 04:20:59.408] [info] [gpu_pipeline_task.cpp:188] [locality-audit] prepare_before pipeline_id=1 task_id=401 preferred_device=1 actual_gpu=1 target_tier=GPU target_device=1 input_bytes=13191912 local_bytes=0 remote_gpu_bytes=0 host_bytes=13191912 disk_bytes=0 batch_count=1
[2026-07-09 04:20:59.408] [info] [gpu_pipeline_task.cpp:188] [locality-audit] prepare_before pipeline_id=1 task_id=403 preferred_device=0 actual_gpu=0 target_tier=GPU target_device=0 input_bytes=13204216 local_bytes=13204216 remote_gpu_bytes=0 host_bytes=0 disk_bytes=0 batch_count=1
[2026-07-09 04:20:59.408] [info] [gpu_pipeline_task.cpp:188] [locality-audit] prepare_after pipeline_id=1 task_id=403 preferred_device=0 actual_gpu=0 target_tier=GPU target_device=0 input_bytes=13204216 local_bytes=13204216 remote_gpu_bytes=0 host_bytes=0 disk_bytes=0 batch_count=1
[2026-07-09 04:20:59.409] [info] [gpu_pipeline_task.cpp:188] [locality-audit] prepare_before pipeline_id=1 task_id=402 preferred_device=1 actual_gpu=1 target_tier=GPU target_device=1 input_bytes=7018320 local_bytes=7018320 remote_gpu_bytes=0 host_bytes=0 disk_bytes=0 batch_count=1
[2026-07-09 04:20:59.409] [info] [gpu_pipeline_task.cpp:188] [locality-audit] prepare_after pipeline_id=1 task_id=402 preferred_device=1 actual_gpu=1 target_tier=GPU target_device=1 input_bytes=7018320 local_bytes=7018320 remote_gpu_bytes=0 host_bytes=0 disk_bytes=0 batch_count=1
[2026-07-09 04:20:59.409] [info] [gpu_pipeline_task.cpp:188] [locality-audit] prepare_after pipeline_id=1 task_id=400 preferred_device=0 actual_gpu=0 target_tier=GPU target_device=0 input_bytes=13212728 local_bytes=13212728 remote_gpu_bytes=0 host_bytes=0 disk_bytes=0 batch_count=1
[2026-07-09 04:20:59.409] [info] [gpu_pipeline_task.cpp:188] [locality-audit] prepare_after pipeline_id=1 task_id=401 preferred_device=1 actual_gpu=1 target_tier=GPU target_device=1 input_bytes=13191912 local_bytes=13191912 remote_gpu_bytes=0 host_bytes=0 disk_bytes=0 batch_count=1
[2026-07-09 04:20:59.409] [info] [gpu_pipeline_task.cpp:321] [stage-audit] pipeline_id=1 task_id=402 operator_id=26 operator_name=PARTITION stage_kind=PARTITION operator_type=82 input_type=PIPELINEABLE output_type=PIPELINEABLE actual_gpu=1 pipeline_operator_count=1 input_batches=1 input_rows=863786 input_columns=1 input_bytes=7018320 output_batches=2 output_rows=863786 output_columns=2 output_bytes=6910288 byte_ratio=0.984607 row_ratio=1.000000 duration_us=381
[2026-07-09 04:20:59.409] [info] [gpu_pipeline_task.cpp:321] [stage-audit] pipeline_id=1 task_id=403 operator_id=26 operator_name=PARTITION stage_kind=PARTITION operator_type=82 input_type=PIPELINEABLE output_type=PIPELINEABLE actual_gpu=0 pipeline_operator_count=1 input_batches=1 input_rows=1625127 input_columns=1 input_bytes=13204216 output_batches=2 output_rows=1625127 output_columns=2 output_bytes=13001016 byte_ratio=0.984611 row_ratio=1.000000 duration_us=821
[2026-07-09 04:20:59.409] [info] [gpu_pipeline_task.cpp:321] [stage-audit] pipeline_id=1 task_id=400 operator_id=26 operator_name=PARTITION stage_kind=PARTITION operator_type=82 input_type=PIPELINEABLE output_type=PIPELINEABLE actual_gpu=0 pipeline_operator_count=1 input_batches=1 input_rows=1626175 input_columns=1 input_bytes=13212728 output_batches=2 output_rows=1626175 output_columns=2 output_bytes=13009400 byte_ratio=0.984611 row_ratio=1.000000 duration_us=467
[2026-07-09 04:20:59.409] [info] [gpu_pipeline_task.cpp:321] [stage-audit] pipeline_id=1 task_id=401 operator_id=26 operator_name=PARTITION stage_kind=PARTITION operator_type=82 input_type=PIPELINEABLE output_type=PIPELINEABLE actual_gpu=1 pipeline_operator_count=1 input_batches=1 input_rows=1623613 input_columns=1 input_bytes=13191912 output_batches=2 output_rows=1623613 output_columns=2 output_bytes=12988904 byte_ratio=0.984611 row_ratio=1.000000 duration_us=427
[2026-07-09 04:20:59.409] [info] [task_scheduler.cpp:462] [mgpu-audit] pipeline_task dispatched to GPU 0 task_id=404
[2026-07-09 04:20:59.409] [info] [task_scheduler.cpp:464] [locality-audit] dispatch task_id=404 preferred_device=0 actual_gpu=0
[2026-07-09 04:20:59.409] [info] [task_scheduler.cpp:462] [mgpu-audit] pipeline_task dispatched to GPU 1 task_id=405
[2026-07-09 04:20:59.409] [info] [task_scheduler.cpp:464] [locality-audit] dispatch task_id=405 preferred_device=1 actual_gpu=1
[2026-07-09 04:20:59.409] [info] [gpu_pipeline_task.cpp:188] [locality-audit] prepare_before pipeline_id=2 task_id=405 preferred_device=1 actual_gpu=1 target_tier=GPU target_device=1 input_bytes=22949792 local_bytes=9952128 remote_gpu_bytes=12997664 host_bytes=0 disk_bytes=0 batch_count=4
[2026-07-09 04:20:59.409] [info] [gpu_pipeline_task.cpp:188] [locality-audit] prepare_before pipeline_id=2 task_id=404 preferred_device=0 actual_gpu=0 target_tier=GPU target_device=0 input_bytes=22959816 local_bytes=13012752 remote_gpu_bytes=9947064 host_bytes=0 disk_bytes=0 batch_count=4
[2026-07-09 04:20:59.410] [info] [gpu_pipeline_task.cpp:188] [locality-audit] prepare_after pipeline_id=2 task_id=405 preferred_device=1 actual_gpu=1 target_tier=GPU target_device=1 input_bytes=22949792 local_bytes=22949792 remote_gpu_bytes=0 host_bytes=0 disk_bytes=0 batch_count=4
[2026-07-09 04:20:59.411] [info] [gpu_pipeline_task.cpp:188] [locality-audit] prepare_after pipeline_id=2 task_id=404 preferred_device=0 actual_gpu=0 target_tier=GPU target_device=0 input_bytes=22959816 local_bytes=22959816 remote_gpu_bytes=0 host_bytes=0 disk_bytes=0 batch_count=4
[2026-07-09 04:20:59.414] [info] [gpu_pipeline_task.cpp:321] [stage-audit] pipeline_id=2 task_id=405 operator_id=27 operator_name=MERGE_GROUP_BY stage_kind=AGGREGATE operator_type=85 input_type=PARTITIONED output_type=PIPELINEABLE actual_gpu=1 pipeline_operator_count=1 input_batches=4 input_rows=2868724 input_columns=4 input_bytes=22949792 output_batches=1 output_rows=2868724 output_columns=1 output_bytes=22949792 byte_ratio=1.000000 row_ratio=1.000000 duration_us=3067
[2026-07-09 04:20:59.414] [info] [gpu_pipeline_task.cpp:321] [stage-audit] pipeline_id=2 task_id=404 operator_id=27 operator_name=MERGE_GROUP_BY stage_kind=AGGREGATE operator_type=85 input_type=PARTITIONED output_type=PIPELINEABLE actual_gpu=0 pipeline_operator_count=1 input_batches=4 input_rows=2869977 input_columns=4 input_bytes=22959816 output_batches=1 output_rows=2869977 output_columns=1 output_bytes=22959816 byte_ratio=1.000000 row_ratio=1.000000 duration_us=3169
[2026-07-09 04:20:59.414] [info] [task_creator.cpp:363] [locality-audit] task_create operator_id=29 input_bytes=22949792 local_bytes=22949792 gpu_source_bytes=22949792 host_source_bytes=0 disk_source_bytes=0 gpu_sources=1 host_sources=0 preferred_device=1
[2026-07-09 04:20:59.414] [info] [task_creator.cpp:363] [locality-audit] task_create operator_id=29 input_bytes=22959816 local_bytes=22959816 gpu_source_bytes=22959816 host_source_bytes=0 disk_source_bytes=0 gpu_sources=1 host_sources=0 preferred_device=0
[2026-07-09 04:20:59.414] [info] [task_scheduler.cpp:462] [mgpu-audit] pipeline_task dispatched to GPU 1 task_id=406
[2026-07-09 04:20:59.414] [info] [task_scheduler.cpp:464] [locality-audit] dispatch task_id=406 preferred_device=1 actual_gpu=1
[2026-07-09 04:20:59.414] [info] [task_scheduler.cpp:462] [mgpu-audit] pipeline_task dispatched to GPU 0 task_id=407
[2026-07-09 04:20:59.414] [info] [task_scheduler.cpp:464] [locality-audit] dispatch task_id=407 preferred_device=0 actual_gpu=0
[2026-07-09 04:20:59.414] [info] [gpu_pipeline_task.cpp:188] [locality-audit] prepare_before pipeline_id=3 task_id=406 preferred_device=1 actual_gpu=1 target_tier=GPU target_device=1 input_bytes=22949792 local_bytes=22949792 remote_gpu_bytes=0 host_bytes=0 disk_bytes=0 batch_count=1
[2026-07-09 04:20:59.414] [info] [gpu_pipeline_task.cpp:188] [locality-audit] prepare_after pipeline_id=3 task_id=406 preferred_device=1 actual_gpu=1 target_tier=GPU target_device=1 input_bytes=22949792 local_bytes=22949792 remote_gpu_bytes=0 host_bytes=0 disk_bytes=0 batch_count=1
[2026-07-09 04:20:59.414] [info] [gpu_pipeline_task.cpp:188] [locality-audit] prepare_before pipeline_id=3 task_id=407 preferred_device=0 actual_gpu=0 target_tier=GPU target_device=0 input_bytes=22959816 local_bytes=22959816 remote_gpu_bytes=0 host_bytes=0 disk_bytes=0 batch_count=1
[2026-07-09 04:20:59.414] [info] [gpu_pipeline_task.cpp:188] [locality-audit] prepare_after pipeline_id=3 task_id=407 preferred_device=0 actual_gpu=0 target_tier=GPU target_device=0 input_bytes=22959816 local_bytes=22959816 remote_gpu_bytes=0 host_bytes=0 disk_bytes=0 batch_count=1
[2026-07-09 04:20:59.414] [info] [gpu_pipeline_task.cpp:321] [stage-audit] pipeline_id=3 task_id=406 operator_id=29 operator_name=PARTITION stage_kind=PARTITION operator_type=82 input_type=PIPELINEABLE output_type=PIPELINEABLE actual_gpu=1 pipeline_operator_count=1 input_batches=1 input_rows=2868724 input_columns=1 input_bytes=22949792 output_batches=2 output_rows=2868724 output_columns=2 output_bytes=22949792 byte_ratio=1.000000 row_ratio=1.000000 duration_us=494
[2026-07-09 04:20:59.414] [info] [gpu_pipeline_task.cpp:321] [stage-audit] pipeline_id=3 task_id=407 operator_id=29 operator_name=PARTITION stage_kind=PARTITION operator_type=82 input_type=PIPELINEABLE output_type=PIPELINEABLE actual_gpu=0 pipeline_operator_count=1 input_batches=1 input_rows=2869977 input_columns=1 input_bytes=22959816 output_batches=2 output_rows=2869977 output_columns=2 output_bytes=22959816 byte_ratio=1.000000 row_ratio=1.000000 duration_us=479
[2026-07-09 04:20:59.415] [info] [task_scheduler.cpp:462] [mgpu-audit] pipeline_task dispatched to GPU 0 task_id=408
[2026-07-09 04:20:59.415] [info] [task_scheduler.cpp:464] [locality-audit] dispatch task_id=408 preferred_device=0 actual_gpu=0
[2026-07-09 04:20:59.415] [info] [task_scheduler.cpp:462] [mgpu-audit] pipeline_task dispatched to GPU 1 task_id=409
[2026-07-09 04:20:59.415] [info] [task_scheduler.cpp:464] [locality-audit] dispatch task_id=409 preferred_device=1 actual_gpu=1
[2026-07-09 04:20:59.415] [info] [gpu_pipeline_task.cpp:188] [locality-audit] prepare_before pipeline_id=4 task_id=408 preferred_device=0 actual_gpu=0 target_tier=GPU target_device=0 input_bytes=22959816 local_bytes=22959816 remote_gpu_bytes=0 host_bytes=0 disk_bytes=0 batch_count=2
[2026-07-09 04:20:59.415] [info] [gpu_pipeline_task.cpp:188] [locality-audit] prepare_before pipeline_id=4 task_id=409 preferred_device=1 actual_gpu=1 target_tier=GPU target_device=1 input_bytes=22949792 local_bytes=22949792 remote_gpu_bytes=0 host_bytes=0 disk_bytes=0 batch_count=2
[2026-07-09 04:20:59.415] [info] [gpu_pipeline_task.cpp:188] [locality-audit] prepare_after pipeline_id=4 task_id=409 preferred_device=1 actual_gpu=1 target_tier=GPU target_device=1 input_bytes=22949792 local_bytes=22949792 remote_gpu_bytes=0 host_bytes=0 disk_bytes=0 batch_count=2
[2026-07-09 04:20:59.415] [info] [gpu_pipeline_task.cpp:188] [locality-audit] prepare_after pipeline_id=4 task_id=408 preferred_device=0 actual_gpu=0 target_tier=GPU target_device=0 input_bytes=22959816 local_bytes=22959816 remote_gpu_bytes=0 host_bytes=0 disk_bytes=0 batch_count=2
[2026-07-09 04:20:59.415] [info] [gpu_pipeline_task.cpp:321] [stage-audit] pipeline_id=4 task_id=409 operator_id=28 operator_name=CONCAT stage_kind=CONCAT operator_type=83 input_type=PARTITIONED output_type=PARTITIONED actual_gpu=1 pipeline_operator_count=1 input_batches=2 input_rows=2868724 input_columns=2 input_bytes=22949792 output_batches=1 output_rows=2868724 output_columns=1 output_bytes=22949792 byte_ratio=1.000000 row_ratio=1.000000 duration_us=537
[2026-07-09 04:20:59.415] [info] [gpu_pipeline_task.cpp:321] [stage-audit] pipeline_id=4 task_id=408 operator_id=28 operator_name=CONCAT stage_kind=CONCAT operator_type=83 input_type=PARTITIONED output_type=PARTITIONED actual_gpu=0 pipeline_operator_count=1 input_batches=2 input_rows=2869977 input_columns=2 input_bytes=22959816 output_batches=1 output_rows=2869977 output_columns=1 output_bytes=22959816 byte_ratio=1.000000 row_ratio=1.000000 duration_us=558
[2026-07-09 04:20:59.460] [info] [task_scheduler.cpp:462] [mgpu-audit] pipeline_task dispatched to GPU 0 task_id=410
[2026-07-09 04:20:59.460] [info] [task_scheduler.cpp:464] [locality-audit] dispatch task_id=410 preferred_device=0 actual_gpu=0
[2026-07-09 04:20:59.463] [warning] [downgrade_executor.cpp:335] [downgrade] [GPU:0] downgrade request not satisfied and disk memory space is not configured; data cannot be spilled to disk. Consider configuring a disk memory space to enable spilling.
[2026-07-09 04:20:59.463] [warning] [gpu_pipeline_executor.cpp:250] GPU Pipeline Executor: after downgrade (56522748 bytes freed), reservation still partial (1522570112/4292873352 bytes) for pipeline 5 task 410 -- proceeding with partial reservation
[2026-07-09 04:20:59.469] [info] [load_balancing_scan_batch_coalescer.cpp:96] [coalesce-debug] load_balancer emit pipeline=5 -> preferred GPU 1
[2026-07-09 04:20:59.529] [info] [task_scheduler.cpp:462] [mgpu-audit] pipeline_task dispatched to GPU 1 task_id=411
[2026-07-09 04:20:59.529] [info] [task_scheduler.cpp:464] [locality-audit] dispatch task_id=411 preferred_device=1 actual_gpu=1
[2026-07-09 04:20:59.531] [warning] [downgrade_executor.cpp:335] [downgrade] [GPU:1] downgrade request not satisfied and disk memory space is not configured; data cannot be spilled to disk. Consider configuring a disk memory space to enable spilling.
[2026-07-09 04:20:59.531] [warning] [gpu_pipeline_executor.cpp:250] GPU Pipeline Executor: after downgrade (40790190 bytes freed), reservation still partial (1526096000/4285313656 bytes) for pipeline 5 task 411 -- proceeding with partial reservation
[2026-07-09 04:20:59.604] [info] [task_scheduler.cpp:462] [mgpu-audit] pipeline_task dispatched to GPU 0 task_id=412
[2026-07-09 04:20:59.604] [info] [task_scheduler.cpp:464] [locality-audit] dispatch task_id=412 preferred_device=0 actual_gpu=0
[2026-07-09 04:20:59.653] [info] [load_balancing_scan_batch_coalescer.cpp:96] [coalesce-debug] load_balancer emit pipeline=5 -> preferred GPU 0
[2026-07-09 04:20:59.669] [info] [task_scheduler.cpp:462] [mgpu-audit] pipeline_task dispatched to GPU 1 task_id=413
[2026-07-09 04:20:59.669] [info] [task_scheduler.cpp:464] [locality-audit] dispatch task_id=413 preferred_device=1 actual_gpu=1
[2026-07-09 04:20:59.724] [info] [sirius_scan_manager.cpp:1014] [fixed-page-cache] page_budget applied scope=global device=0 policy=score budget_bytes_per_gpu=4294967296 evicted_pages=32 evicted_bytes=524276924 resident_bytes_after=4293299352 min_score=440 max_score=1050
[2026-07-09 04:20:59.724] [info] [sirius_scan_manager.cpp:1513] [fixed-page-cache] page_directory appended table='__wdy_auto_fixed_page:/mnt/nvme/dataset/lineitem.parquet;' fixed_cols=3 pages=2380 resident_pages=526 resident_bytes=8583138072 stats_pages=2380 evicted_pages=1854 eviction_count=32 directory_entries=2380 page_bytes=16777216 rows=2432921655 owned_pages=1
[2026-07-09 04:20:59.724] [info] [parquet_gpu_ingestible.cpp:756] [fixed-page-cache] auto_cache_populate table='__wdy_auto_fixed_page:/mnt/nvme/dataset/lineitem.parquet;' rows=32770047 columns=3
[2026-07-09 04:20:59.724] [info] [gpu_pipeline_task.cpp:321] [stage-audit] pipeline_id=5 task_id=410 operator_id=30 operator_name=GPU_SCAN stage_kind=SCAN operator_type=94 input_type=GPU_SCAN output_type=PIPELINEABLE actual_gpu=0 pipeline_operator_count=3 input_batches=0 input_rows=0 input_columns=0 input_bytes=0 output_batches=1 output_rows=32770047 output_columns=3 output_bytes=536609520 byte_ratio=0.000000 row_ratio=0.000000 duration_us=222261
[2026-07-09 04:20:59.724] [info] [gpu_pipeline_task.cpp:321] [stage-audit] pipeline_id=5 task_id=410 operator_id=31 operator_name=DYNAMIC_FILTER stage_kind=OTHER operator_type=95 input_type=PIPELINEABLE output_type=PIPELINEABLE actual_gpu=0 pipeline_operator_count=3 input_batches=1 input_rows=32770047 input_columns=3 input_bytes=536609520 output_batches=1 output_rows=32770047 output_columns=3 output_bytes=536609520 byte_ratio=1.000000 row_ratio=1.000000 duration_us=3
[2026-07-09 04:20:59.726] [info] [gpu_pipeline_task.cpp:321] [stage-audit] pipeline_id=5 task_id=410 operator_id=14 operator_name=FILTER stage_kind=FILTER operator_type=12 input_type=PIPELINEABLE output_type=PIPELINEABLE actual_gpu=0 pipeline_operator_count=3 input_batches=1 input_rows=32770047 input_columns=3 input_bytes=536609520 output_batches=1 output_rows=20720142 output_columns=1 output_bytes=168351216 byte_ratio=0.313731 row_ratio=0.632289 duration_us=2224
[2026-07-09 04:20:59.733] [warning] [downgrade_executor.cpp:335] [downgrade] [GPU:0] downgrade request not satisfied and disk memory space is not configured; data cannot be spilled to disk. Consider configuring a disk memory space to enable spilling.
[2026-07-09 04:20:59.733] [warning] [gpu_pipeline_executor.cpp:250] GPU Pipeline Executor: after downgrade (168351216 bytes freed), reservation still partial (1522525056/4285404192 bytes) for pipeline 5 task 412 -- proceeding with partial reservation
[2026-07-09 04:20:59.794] [info] [sirius_scan_manager.cpp:1014] [fixed-page-cache] page_budget applied scope=global device=1 policy=score budget_bytes_per_gpu=4294967296 evicted_pages=32 evicted_bytes=523581956 resident_bytes_after=4289654172 min_score=440 max_score=1050
[2026-07-09 04:20:59.794] [info] [sirius_scan_manager.cpp:1513] [fixed-page-cache] page_directory appended table='__wdy_auto_fixed_page:/mnt/nvme/dataset/lineitem.parquet;' fixed_cols=3 pages=2412 resident_pages=526 resident_bytes=8582953524 stats_pages=2412 evicted_pages=1886 eviction_count=32 directory_entries=2412 page_bytes=16777216 rows=2465633993 owned_pages=1
[2026-07-09 04:20:59.794] [info] [parquet_gpu_ingestible.cpp:756] [fixed-page-cache] auto_cache_populate table='__wdy_auto_fixed_page:/mnt/nvme/dataset/lineitem.parquet;' rows=32712338 columns=3
[2026-07-09 04:20:59.794] [info] [gpu_pipeline_task.cpp:321] [stage-audit] pipeline_id=5 task_id=411 operator_id=30 operator_name=GPU_SCAN stage_kind=SCAN operator_type=94 input_type=GPU_SCAN output_type=PIPELINEABLE actual_gpu=1 pipeline_operator_count=3 input_batches=0 input_rows=0 input_columns=0 input_bytes=0 output_batches=1 output_rows=32712338 output_columns=3 output_bytes=535664672 byte_ratio=0.000000 row_ratio=0.000000 duration_us=219675
[2026-07-09 04:20:59.794] [info] [gpu_pipeline_task.cpp:321] [stage-audit] pipeline_id=5 task_id=411 operator_id=31 operator_name=DYNAMIC_FILTER stage_kind=OTHER operator_type=95 input_type=PIPELINEABLE output_type=PIPELINEABLE actual_gpu=1 pipeline_operator_count=3 input_batches=1 input_rows=32712338 input_columns=3 input_bytes=535664672 output_batches=1 output_rows=32712338 output_columns=3 output_bytes=535664672 byte_ratio=1.000000 row_ratio=1.000000 duration_us=2
[2026-07-09 04:20:59.797] [info] [gpu_pipeline_task.cpp:321] [stage-audit] pipeline_id=5 task_id=411 operator_id=14 operator_name=FILTER stage_kind=FILTER operator_type=12 input_type=PIPELINEABLE output_type=PIPELINEABLE actual_gpu=1 pipeline_operator_count=3 input_batches=1 input_rows=32712338 input_columns=3 input_bytes=535664672 output_batches=1 output_rows=20682963 output_columns=1 output_bytes=168049112 byte_ratio=0.313721 row_ratio=0.632268 duration_us=3398
[2026-07-09 04:20:59.804] [warning] [downgrade_executor.cpp:335] [downgrade] [GPU:1] downgrade request not satisfied and disk memory space is not configured; data cannot be spilled to disk. Consider configuring a disk memory space to enable spilling.
[2026-07-09 04:20:59.804] [warning] [gpu_pipeline_executor.cpp:250] GPU Pipeline Executor: after downgrade (168049112 bytes freed), reservation still partial (1526286464/4289273776 bytes) for pipeline 5 task 413 -- proceeding with partial reservation
[2026-07-09 04:20:59.834] [info] [load_balancing_scan_batch_coalescer.cpp:96] [coalesce-debug] load_balancer emit pipeline=5 -> preferred GPU 1
[2026-07-09 04:20:59.852] [info] [task_scheduler.cpp:462] [mgpu-audit] pipeline_task dispatched to GPU 0 task_id=414
[2026-07-09 04:20:59.852] [info] [task_scheduler.cpp:464] [locality-audit] dispatch task_id=414 preferred_device=0 actual_gpu=0
[2026-07-09 04:21:00.003] [info] [sirius_scan_manager.cpp:1014] [fixed-page-cache] page_budget applied scope=global device=0 policy=score budget_bytes_per_gpu=4294967296 evicted_pages=32 evicted_bytes=523590168 resident_bytes_after=4293117648 min_score=440 max_score=1050
[2026-07-09 04:21:00.003] [info] [sirius_scan_manager.cpp:1513] [fixed-page-cache] page_directory appended table='__wdy_auto_fixed_page:/mnt/nvme/dataset/lineitem.parquet;' fixed_cols=3 pages=2444 resident_pages=526 resident_bytes=8582771820 stats_pages=2444 evicted_pages=1918 eviction_count=32 directory_entries=2444 page_bytes=16777216 rows=2498347022 owned_pages=1
[2026-07-09 04:21:00.003] [info] [parquet_gpu_ingestible.cpp:756] [fixed-page-cache] auto_cache_populate table='__wdy_auto_fixed_page:/mnt/nvme/dataset/lineitem.parquet;' rows=32713029 columns=3
[2026-07-09 04:21:00.003] [info] [gpu_pipeline_task.cpp:321] [stage-audit] pipeline_id=5 task_id=412 operator_id=30 operator_name=GPU_SCAN stage_kind=SCAN operator_type=94 input_type=GPU_SCAN output_type=PIPELINEABLE actual_gpu=0 pipeline_operator_count=3 input_batches=0 input_rows=0 input_columns=0 input_bytes=0 output_batches=1 output_rows=32713029 output_columns=3 output_bytes=535675920 byte_ratio=0.000000 row_ratio=0.000000 duration_us=228619
[2026-07-09 04:21:00.003] [info] [gpu_pipeline_task.cpp:321] [stage-audit] pipeline_id=5 task_id=412 operator_id=31 operator_name=DYNAMIC_FILTER stage_kind=OTHER operator_type=95 input_type=PIPELINEABLE output_type=PIPELINEABLE actual_gpu=0 pipeline_operator_count=3 input_batches=1 input_rows=32713029 input_columns=3 input_bytes=535675920 output_batches=1 output_rows=32713029 output_columns=3 output_bytes=535675920 byte_ratio=1.000000 row_ratio=1.000000 duration_us=7
[2026-07-09 04:21:00.005] [info] [gpu_pipeline_task.cpp:321] [stage-audit] pipeline_id=5 task_id=412 operator_id=14 operator_name=FILTER stage_kind=FILTER operator_type=12 input_type=PIPELINEABLE output_type=PIPELINEABLE actual_gpu=0 pipeline_operator_count=3 input_batches=1 input_rows=32713029 input_columns=3 input_bytes=535675920 output_batches=1 output_rows=20682621 output_columns=1 output_bytes=168046312 byte_ratio=0.313709 row_ratio=0.632244 duration_us=1846
[2026-07-09 04:21:00.017] [info] [load_balancing_scan_batch_coalescer.cpp:96] [coalesce-debug] load_balancer emit pipeline=5 -> preferred GPU 0
[2026-07-09 04:21:00.033] [info] [task_scheduler.cpp:462] [mgpu-audit] pipeline_task dispatched to GPU 1 task_id=415
[2026-07-09 04:21:00.033] [info] [task_scheduler.cpp:464] [locality-audit] dispatch task_id=415 preferred_device=1 actual_gpu=1
[2026-07-09 04:21:00.066] [info] [sirius_scan_manager.cpp:1014] [fixed-page-cache] page_budget applied scope=global device=1 policy=score budget_bytes_per_gpu=4294967296 evicted_pages=32 evicted_bytes=523941812 resident_bytes_after=4289593464 min_score=440 max_score=1050
[2026-07-09 04:21:00.066] [info] [sirius_scan_manager.cpp:1513] [fixed-page-cache] page_directory appended table='__wdy_auto_fixed_page:/mnt/nvme/dataset/lineitem.parquet;' fixed_cols=3 pages=2476 resident_pages=526 resident_bytes=8582711112 stats_pages=2476 evicted_pages=1950 eviction_count=32 directory_entries=2476 page_bytes=16777216 rows=2531089591 owned_pages=1
[2026-07-09 04:21:00.066] [info] [parquet_gpu_ingestible.cpp:756] [fixed-page-cache] auto_cache_populate table='__wdy_auto_fixed_page:/mnt/nvme/dataset/lineitem.parquet;' rows=32742569 columns=3
[2026-07-09 04:21:00.066] [info] [gpu_pipeline_task.cpp:321] [stage-audit] pipeline_id=5 task_id=413 operator_id=30 operator_name=GPU_SCAN stage_kind=SCAN operator_type=94 input_type=GPU_SCAN output_type=PIPELINEABLE actual_gpu=1 pipeline_operator_count=3 input_batches=0 input_rows=0 input_columns=0 input_bytes=0 output_batches=1 output_rows=32742569 output_columns=3 output_bytes=536159696 byte_ratio=0.000000 row_ratio=0.000000 duration_us=224905
[2026-07-09 04:21:00.066] [info] [gpu_pipeline_task.cpp:321] [stage-audit] pipeline_id=5 task_id=413 operator_id=31 operator_name=DYNAMIC_FILTER stage_kind=OTHER operator_type=95 input_type=PIPELINEABLE output_type=PIPELINEABLE actual_gpu=1 pipeline_operator_count=3 input_batches=1 input_rows=32742569 input_columns=3 input_bytes=536159696 output_batches=1 output_rows=32742569 output_columns=3 output_bytes=536159696 byte_ratio=1.000000 row_ratio=1.000000 duration_us=2
[2026-07-09 04:21:00.068] [info] [gpu_pipeline_task.cpp:321] [stage-audit] pipeline_id=5 task_id=413 operator_id=14 operator_name=FILTER stage_kind=FILTER operator_type=12 input_type=PIPELINEABLE output_type=PIPELINEABLE actual_gpu=1 pipeline_operator_count=3 input_batches=1 input_rows=32742569 input_columns=3 input_bytes=536159696 output_batches=1 output_rows=20700473 output_columns=1 output_bytes=168191368 byte_ratio=0.313696 row_ratio=0.632219 duration_us=1778
[2026-07-09 04:21:00.210] [info] [load_balancing_scan_batch_coalescer.cpp:96] [coalesce-debug] load_balancer emit pipeline=5 -> preferred GPU 1
[2026-07-09 04:21:00.224] [info] [task_scheduler.cpp:462] [mgpu-audit] pipeline_task dispatched to GPU 0 task_id=416
[2026-07-09 04:21:00.224] [info] [task_scheduler.cpp:464] [locality-audit] dispatch task_id=416 preferred_device=0 actual_gpu=0
[2026-07-09 04:21:00.287] [info] [sirius_scan_manager.cpp:1014] [fixed-page-cache] page_budget applied scope=global device=0 policy=score budget_bytes_per_gpu=4294967296 evicted_pages=32 evicted_bytes=524128960 resident_bytes_after=4293117184 min_score=440 max_score=1050
[2026-07-09 04:21:00.287] [info] [sirius_scan_manager.cpp:1513] [fixed-page-cache] page_directory appended table='__wdy_auto_fixed_page:/mnt/nvme/dataset/lineitem.parquet;' fixed_cols=3 pages=2508 resident_pages=526 resident_bytes=8582710648 stats_pages=2508 evicted_pages=1982 eviction_count=32 directory_entries=2508 page_bytes=16777216 rows=2563847622 owned_pages=1
[2026-07-09 04:21:00.287] [info] [parquet_gpu_ingestible.cpp:756] [fixed-page-cache] auto_cache_populate table='__wdy_auto_fixed_page:/mnt/nvme/dataset/lineitem.parquet;' rows=32758031 columns=3
[2026-07-09 04:21:00.287] [info] [gpu_pipeline_task.cpp:321] [stage-audit] pipeline_id=5 task_id=414 operator_id=30 operator_name=GPU_SCAN stage_kind=SCAN operator_type=94 input_type=GPU_SCAN output_type=PIPELINEABLE actual_gpu=0 pipeline_operator_count=3 input_batches=0 input_rows=0 input_columns=0 input_bytes=0 output_batches=1 output_rows=32758031 output_columns=3 output_bytes=536412848 byte_ratio=0.000000 row_ratio=0.000000 duration_us=242873
[2026-07-09 04:21:00.287] [info] [gpu_pipeline_task.cpp:321] [stage-audit] pipeline_id=5 task_id=414 operator_id=31 operator_name=DYNAMIC_FILTER stage_kind=OTHER operator_type=95 input_type=PIPELINEABLE output_type=PIPELINEABLE actual_gpu=0 pipeline_operator_count=3 input_batches=1 input_rows=32758031 input_columns=3 input_bytes=536412848 output_batches=1 output_rows=32758031 output_columns=3 output_bytes=536412848 byte_ratio=1.000000 row_ratio=1.000000 duration_us=2
[2026-07-09 04:21:00.289] [info] [gpu_pipeline_task.cpp:321] [stage-audit] pipeline_id=5 task_id=414 operator_id=14 operator_name=FILTER stage_kind=FILTER operator_type=12 input_type=PIPELINEABLE output_type=PIPELINEABLE actual_gpu=0 pipeline_operator_count=3 input_batches=1 input_rows=32758031 input_columns=3 input_bytes=536412848 output_batches=1 output_rows=20706674 output_columns=1 output_bytes=168241744 byte_ratio=0.313642 row_ratio=0.632110 duration_us=2419
[2026-07-09 04:21:00.334] [info] [sirius_scan_manager.cpp:1014] [fixed-page-cache] page_budget applied scope=global device=1 policy=score budget_bytes_per_gpu=4294967296 evicted_pages=32 evicted_bytes=524139988 resident_bytes_after=4289589076 min_score=440 max_score=1050
[2026-07-09 04:21:00.334] [info] [sirius_scan_manager.cpp:1513] [fixed-page-cache] page_directory appended table='__wdy_auto_fixed_page:/mnt/nvme/dataset/lineitem.parquet;' fixed_cols=3 pages=2540 resident_pages=526 resident_bytes=8582706260 stats_pages=2540 evicted_pages=2014 eviction_count=32 directory_entries=2540 page_bytes=16777216 rows=2596606097 owned_pages=1
[2026-07-09 04:21:00.334] [info] [parquet_gpu_ingestible.cpp:756] [fixed-page-cache] auto_cache_populate table='__wdy_auto_fixed_page:/mnt/nvme/dataset/lineitem.parquet;' rows=32758475 columns=3
[2026-07-09 04:21:00.334] [info] [gpu_pipeline_task.cpp:321] [stage-audit] pipeline_id=5 task_id=415 operator_id=30 operator_name=GPU_SCAN stage_kind=SCAN operator_type=94 input_type=GPU_SCAN output_type=PIPELINEABLE actual_gpu=1 pipeline_operator_count=3 input_batches=0 input_rows=0 input_columns=0 input_bytes=0 output_batches=1 output_rows=32758475 output_columns=3 output_bytes=536420144 byte_ratio=0.000000 row_ratio=0.000000 duration_us=233663
[2026-07-09 04:21:00.334] [info] [gpu_pipeline_task.cpp:321] [stage-audit] pipeline_id=5 task_id=415 operator_id=31 operator_name=DYNAMIC_FILTER stage_kind=OTHER operator_type=95 input_type=PIPELINEABLE output_type=PIPELINEABLE actual_gpu=1 pipeline_operator_count=3 input_batches=1 input_rows=32758475 input_columns=3 input_bytes=536420144 output_batches=1 output_rows=32758475 output_columns=3 output_bytes=536420144 byte_ratio=1.000000 row_ratio=1.000000 duration_us=2
[2026-07-09 04:21:00.336] [info] [gpu_pipeline_task.cpp:321] [stage-audit] pipeline_id=5 task_id=415 operator_id=14 operator_name=FILTER stage_kind=FILTER operator_type=12 input_type=PIPELINEABLE output_type=PIPELINEABLE actual_gpu=1 pipeline_operator_count=3 input_batches=1 input_rows=32758475 input_columns=3 input_bytes=536420144 output_batches=1 output_rows=20710336 output_columns=1 output_bytes=168271488 byte_ratio=0.313693 row_ratio=0.632213 duration_us=1712
[2026-07-09 04:21:00.396] [info] [load_balancing_scan_batch_coalescer.cpp:96] [coalesce-debug] load_balancer emit pipeline=5 -> preferred GPU 0
[2026-07-09 04:21:00.412] [info] [task_scheduler.cpp:462] [mgpu-audit] pipeline_task dispatched to GPU 1 task_id=417
[2026-07-09 04:21:00.412] [info] [task_scheduler.cpp:464] [locality-audit] dispatch task_id=417 preferred_device=1 actual_gpu=1
[2026-07-09 04:21:00.569] [info] [sirius_scan_manager.cpp:1014] [fixed-page-cache] page_budget applied scope=global device=0 policy=score budget_bytes_per_gpu=4294967296 evicted_pages=32 evicted_bytes=524130320 resident_bytes_after=4293112560 min_score=440 max_score=1050
[2026-07-09 04:21:00.569] [info] [sirius_scan_manager.cpp:1513] [fixed-page-cache] page_directory appended table='__wdy_auto_fixed_page:/mnt/nvme/dataset/lineitem.parquet;' fixed_cols=3 pages=2572 resident_pages=526 resident_bytes=8582701636 stats_pages=2572 evicted_pages=2046 eviction_count=32 directory_entries=2572 page_bytes=16777216 rows=2629363953 owned_pages=1
[2026-07-09 04:21:00.569] [info] [parquet_gpu_ingestible.cpp:756] [fixed-page-cache] auto_cache_populate table='__wdy_auto_fixed_page:/mnt/nvme/dataset/lineitem.parquet;' rows=32757856 columns=3
[2026-07-09 04:21:00.569] [info] [gpu_pipeline_task.cpp:321] [stage-audit] pipeline_id=5 task_id=416 operator_id=30 operator_name=GPU_SCAN stage_kind=SCAN operator_type=94 input_type=GPU_SCAN output_type=PIPELINEABLE actual_gpu=0 pipeline_operator_count=3 input_batches=0 input_rows=0 input_columns=0 input_bytes=0 output_batches=1 output_rows=32757856 output_columns=3 output_bytes=536410048 byte_ratio=0.000000 row_ratio=0.000000 duration_us=231081
[2026-07-09 04:21:00.569] [info] [gpu_pipeline_task.cpp:321] [stage-audit] pipeline_id=5 task_id=416 operator_id=31 operator_name=DYNAMIC_FILTER stage_kind=OTHER operator_type=95 input_type=PIPELINEABLE output_type=PIPELINEABLE actual_gpu=0 pipeline_operator_count=3 input_batches=1 input_rows=32757856 input_columns=3 input_bytes=536410048 output_batches=1 output_rows=32757856 output_columns=3 output_bytes=536410048 byte_ratio=1.000000 row_ratio=1.000000 duration_us=3
[2026-07-09 04:21:00.571] [info] [gpu_pipeline_task.cpp:321] [stage-audit] pipeline_id=5 task_id=416 operator_id=14 operator_name=FILTER stage_kind=FILTER operator_type=12 input_type=PIPELINEABLE output_type=PIPELINEABLE actual_gpu=0 pipeline_operator_count=3 input_batches=1 input_rows=32757856 input_columns=3 input_bytes=536410048 output_batches=1 output_rows=20709427 output_columns=1 output_bytes=168264152 byte_ratio=0.313686 row_ratio=0.632197 duration_us=2195
[2026-07-09 04:21:00.589] [info] [load_balancing_scan_batch_coalescer.cpp:96] [coalesce-debug] load_balancer emit pipeline=5 -> preferred GPU 1
[2026-07-09 04:21:00.603] [info] [task_scheduler.cpp:462] [mgpu-audit] pipeline_task dispatched to GPU 0 task_id=418
[2026-07-09 04:21:00.603] [info] [task_scheduler.cpp:464] [locality-audit] dispatch task_id=418 preferred_device=0 actual_gpu=0
[2026-07-09 04:21:00.683] [info] [sirius_scan_manager.cpp:1014] [fixed-page-cache] page_budget applied scope=global device=1 policy=score budget_bytes_per_gpu=4294967296 evicted_pages=32 evicted_bytes=524136196 resident_bytes_after=4289586528 min_score=440 max_score=1050
[2026-07-09 04:21:00.683] [info] [sirius_scan_manager.cpp:1513] [fixed-page-cache] page_directory appended table='__wdy_auto_fixed_page:/mnt/nvme/dataset/lineitem.parquet;' fixed_cols=3 pages=2604 resident_pages=526 resident_bytes=8582699088 stats_pages=2604 evicted_pages=2078 eviction_count=32 directory_entries=2604 page_bytes=16777216 rows=2662122306 owned_pages=1
[2026-07-09 04:21:00.683] [info] [parquet_gpu_ingestible.cpp:756] [fixed-page-cache] auto_cache_populate table='__wdy_auto_fixed_page:/mnt/nvme/dataset/lineitem.parquet;' rows=32758353 columns=3
[2026-07-09 04:21:00.683] [info] [gpu_pipeline_task.cpp:321] [stage-audit] pipeline_id=5 task_id=417 operator_id=30 operator_name=GPU_SCAN stage_kind=SCAN operator_type=94 input_type=GPU_SCAN output_type=PIPELINEABLE actual_gpu=1 pipeline_operator_count=3 input_batches=0 input_rows=0 input_columns=0 input_bytes=0 output_batches=1 output_rows=32758353 output_columns=3 output_bytes=536418192 byte_ratio=0.000000 row_ratio=0.000000 duration_us=224713
[2026-07-09 04:21:00.683] [info] [gpu_pipeline_task.cpp:321] [stage-audit] pipeline_id=5 task_id=417 operator_id=31 operator_name=DYNAMIC_FILTER stage_kind=OTHER operator_type=95 input_type=PIPELINEABLE output_type=PIPELINEABLE actual_gpu=1 pipeline_operator_count=3 input_batches=1 input_rows=32758353 input_columns=3 input_bytes=536418192 output_batches=1 output_rows=32758353 output_columns=3 output_bytes=536418192 byte_ratio=1.000000 row_ratio=1.000000 duration_us=2
[2026-07-09 04:21:00.685] [info] [gpu_pipeline_task.cpp:321] [stage-audit] pipeline_id=5 task_id=417 operator_id=14 operator_name=FILTER stage_kind=FILTER operator_type=12 input_type=PIPELINEABLE output_type=PIPELINEABLE actual_gpu=1 pipeline_operator_count=3 input_batches=1 input_rows=32758353 input_columns=3 input_bytes=536418192 output_batches=1 output_rows=20709675 output_columns=1 output_bytes=168266136 byte_ratio=0.313685 row_ratio=0.632195 duration_us=1715
[2026-07-09 04:21:00.775] [info] [load_balancing_scan_batch_coalescer.cpp:96] [coalesce-debug] load_balancer emit pipeline=5 -> preferred GPU 0
[2026-07-09 04:21:00.794] [info] [task_scheduler.cpp:462] [mgpu-audit] pipeline_task dispatched to GPU 1 task_id=419
[2026-07-09 04:21:00.794] [info] [task_scheduler.cpp:464] [locality-audit] dispatch task_id=419 preferred_device=1 actual_gpu=1
[2026-07-09 04:21:00.953] [info] [load_balancing_scan_batch_coalescer.cpp:96] [coalesce-debug] load_balancer emit pipeline=5 -> preferred GPU 1
[2026-07-09 04:21:00.970] [info] [task_scheduler.cpp:462] [mgpu-audit] pipeline_task dispatched to GPU 0 task_id=420
[2026-07-09 04:21:00.970] [info] [task_scheduler.cpp:464] [locality-audit] dispatch task_id=420 preferred_device=0 actual_gpu=0
[2026-07-09 04:21:01.117] [info] [load_balancing_scan_batch_coalescer.cpp:96] [coalesce-debug] load_balancer emit pipeline=5 -> preferred GPU 0
[2026-07-09 04:21:01.132] [info] [task_scheduler.cpp:462] [mgpu-audit] pipeline_task dispatched to GPU 1 task_id=421
[2026-07-09 04:21:01.132] [info] [task_scheduler.cpp:464] [locality-audit] dispatch task_id=421 preferred_device=1 actual_gpu=1
[2026-07-09 04:21:01.293] [info] [load_balancing_scan_batch_coalescer.cpp:96] [coalesce-debug] load_balancer emit pipeline=5 -> preferred GPU 1
[2026-07-09 04:21:01.308] [info] [task_scheduler.cpp:462] [mgpu-audit] pipeline_task dispatched to GPU 0 task_id=422
[2026-07-09 04:21:01.308] [info] [task_scheduler.cpp:464] [locality-audit] dispatch task_id=422 preferred_device=0 actual_gpu=0
[2026-07-09 04:21:01.468] [info] [load_balancing_scan_batch_coalescer.cpp:96] [coalesce-debug] load_balancer emit pipeline=5 -> preferred GPU 0
[2026-07-09 04:21:01.482] [info] [task_scheduler.cpp:462] [mgpu-audit] pipeline_task dispatched to GPU 1 task_id=423
[2026-07-09 04:21:01.482] [info] [task_scheduler.cpp:464] [locality-audit] dispatch task_id=423 preferred_device=1 actual_gpu=1
[2026-07-09 04:21:01.637] [info] [load_balancing_scan_batch_coalescer.cpp:96] [coalesce-debug] load_balancer emit pipeline=5 -> preferred GPU 1
[2026-07-09 04:21:01.650] [info] [task_scheduler.cpp:462] [mgpu-audit] pipeline_task dispatched to GPU 0 task_id=424
[2026-07-09 04:21:01.650] [info] [task_scheduler.cpp:464] [locality-audit] dispatch task_id=424 preferred_device=0 actual_gpu=0
[2026-07-09 04:21:01.808] [info] [load_balancing_scan_batch_coalescer.cpp:96] [coalesce-debug] load_balancer emit pipeline=5 -> preferred GPU 0
[2026-07-09 04:21:01.824] [info] [task_scheduler.cpp:462] [mgpu-audit] pipeline_task dispatched to GPU 1 task_id=425
[2026-07-09 04:21:01.824] [info] [task_scheduler.cpp:464] [locality-audit] dispatch task_id=425 preferred_device=1 actual_gpu=1
[2026-07-09 04:21:01.990] [info] [load_balancing_scan_batch_coalescer.cpp:96] [coalesce-debug] load_balancer emit pipeline=5 -> preferred GPU 1
[2026-07-09 04:21:02.157] [info] [parquet_gpu_ingestible.cpp:250] [coalesce-debug] parquet_batch_coalescer emit #19: 1 slice(s), acc_bytes=171622566, cap=536870912
[2026-07-09 04:21:02.157] [info] [load_balancing_scan_batch_coalescer.cpp:96] [coalesce-debug] load_balancer emit pipeline=5 -> preferred GPU 0
[2026-07-09 04:21:02.321] [info] [task_scheduler.cpp:462] [mgpu-audit] pipeline_task dispatched to GPU 0 task_id=426
[2026-07-09 04:21:02.321] [info] [task_scheduler.cpp:464] [locality-audit] dispatch task_id=426 preferred_device=0 actual_gpu=0
[2026-07-09 04:21:02.321] [info] [task_scheduler.cpp:462] [mgpu-audit] pipeline_task dispatched to GPU 0 task_id=428
[2026-07-09 04:21:02.321] [info] [task_scheduler.cpp:464] [locality-audit] dispatch task_id=428 preferred_device=0 actual_gpu=0
[2026-07-09 04:21:02.321] [info] [task_creator.cpp:363] [locality-audit] task_create operator_id=33 input_bytes=168351216 local_bytes=0 gpu_source_bytes=0 host_source_bytes=168351216 disk_source_bytes=0 gpu_sources=0 host_sources=1 preferred_device=0
[2026-07-09 04:21:02.322] [info] [task_scheduler.cpp:462] [mgpu-audit] pipeline_task dispatched to GPU 1 task_id=427
[2026-07-09 04:21:02.322] [info] [task_scheduler.cpp:464] [locality-audit] dispatch task_id=427 preferred_device=1 actual_gpu=1
[2026-07-09 04:21:02.322] [info] [task_creator.cpp:363] [locality-audit] task_create operator_id=33 input_bytes=168049112 local_bytes=0 gpu_source_bytes=0 host_source_bytes=168049112 disk_source_bytes=0 gpu_sources=0 host_sources=1 preferred_device=1
[2026-07-09 04:21:02.322] [info] [task_scheduler.cpp:462] [mgpu-audit] pipeline_task dispatched to GPU 1 task_id=430
[2026-07-09 04:21:02.322] [info] [task_scheduler.cpp:464] [locality-audit] dispatch task_id=430 preferred_device=1 actual_gpu=1
[2026-07-09 04:21:02.322] [info] [task_creator.cpp:363] [locality-audit] task_create operator_id=33 input_bytes=168046312 local_bytes=0 gpu_source_bytes=0 host_source_bytes=168046312 disk_source_bytes=0 gpu_sources=0 host_sources=1 preferred_device=0
[2026-07-09 04:21:02.322] [info] [task_creator.cpp:363] [locality-audit] task_create operator_id=33 input_bytes=168191368 local_bytes=0 gpu_source_bytes=0 host_source_bytes=168191368 disk_source_bytes=0 gpu_sources=0 host_sources=1 preferred_device=1
[2026-07-09 04:21:02.322] [info] [task_creator.cpp:363] [locality-audit] task_create operator_id=33 input_bytes=168241744 local_bytes=0 gpu_source_bytes=0 host_source_bytes=168241744 disk_source_bytes=0 gpu_sources=0 host_sources=1 preferred_device=0
[2026-07-09 04:21:02.322] [info] [task_creator.cpp:363] [locality-audit] task_create operator_id=33 input_bytes=168271488 local_bytes=0 gpu_source_bytes=0 host_source_bytes=168271488 disk_source_bytes=0 gpu_sources=0 host_sources=1 preferred_device=1
[2026-07-09 04:21:02.322] [info] [task_creator.cpp:363] [locality-audit] task_create operator_id=33 input_bytes=168264152 local_bytes=168264152 gpu_source_bytes=168264152 host_source_bytes=0 disk_source_bytes=0 gpu_sources=1 host_sources=0 preferred_device=0
[2026-07-09 04:21:02.322] [info] [task_creator.cpp:363] [locality-audit] task_create operator_id=33 input_bytes=168266136 local_bytes=168266136 gpu_source_bytes=168266136 host_source_bytes=0 disk_source_bytes=0 gpu_sources=1 host_sources=0 preferred_device=1
[2026-07-09 04:21:02.629] [info] [sirius_scan_manager.cpp:1014] [fixed-page-cache] page_budget applied scope=global device=0 policy=score budget_bytes_per_gpu=4294967296 evicted_pages=33 evicted_bytes=532502420 resident_bytes_after=4284745420 min_score=440 max_score=1050
[2026-07-09 04:21:02.629] [info] [sirius_scan_manager.cpp:1513] [fixed-page-cache] page_directory appended table='__wdy_auto_fixed_page:/mnt/nvme/dataset/lineitem.parquet;' fixed_cols=3 pages=2636 resident_pages=525 resident_bytes=8574331948 stats_pages=2636 evicted_pages=2111 eviction_count=33 directory_entries=2636 page_bytes=16777216 rows=2694880761 owned_pages=1
[2026-07-09 04:21:02.629] [info] [parquet_gpu_ingestible.cpp:756] [fixed-page-cache] auto_cache_populate table='__wdy_auto_fixed_page:/mnt/nvme/dataset/lineitem.parquet;' rows=32758455 columns=3
[2026-07-09 04:21:02.629] [info] [gpu_pipeline_task.cpp:321] [stage-audit] pipeline_id=5 task_id=418 operator_id=30 operator_name=GPU_SCAN stage_kind=SCAN operator_type=94 input_type=GPU_SCAN output_type=PIPELINEABLE actual_gpu=0 pipeline_operator_count=3 input_batches=0 input_rows=0 input_columns=0 input_bytes=0 output_batches=1 output_rows=32758455 output_columns=3 output_bytes=536419824 byte_ratio=0.000000 row_ratio=0.000000 duration_us=285786
[2026-07-09 04:21:02.629] [info] [gpu_pipeline_task.cpp:321] [stage-audit] pipeline_id=5 task_id=418 operator_id=31 operator_name=DYNAMIC_FILTER stage_kind=OTHER operator_type=95 input_type=PIPELINEABLE output_type=PIPELINEABLE actual_gpu=0 pipeline_operator_count=3 input_batches=1 input_rows=32758455 input_columns=3 input_bytes=536419824 output_batches=1 output_rows=32758455 output_columns=3 output_bytes=536419824 byte_ratio=1.000000 row_ratio=1.000000 duration_us=10
[2026-07-09 04:21:02.631] [info] [gpu_pipeline_task.cpp:321] [stage-audit] pipeline_id=5 task_id=418 operator_id=14 operator_name=FILTER stage_kind=FILTER operator_type=12 input_type=PIPELINEABLE output_type=PIPELINEABLE actual_gpu=0 pipeline_operator_count=3 input_batches=1 input_rows=32758455 input_columns=3 input_bytes=536419824 output_batches=1 output_rows=20710134 output_columns=1 output_bytes=168269872 byte_ratio=0.313691 row_ratio=0.632207 duration_us=1707
[2026-07-09 04:21:02.631] [info] [task_creator.cpp:363] [locality-audit] task_create operator_id=33 input_bytes=168269872 local_bytes=168269872 gpu_source_bytes=168269872 host_source_bytes=0 disk_source_bytes=0 gpu_sources=1 host_sources=0 preferred_device=0
[2026-07-09 04:21:02.645] [info] [task_scheduler.cpp:462] [mgpu-audit] pipeline_task dispatched to GPU 0 task_id=429
[2026-07-09 04:21:02.645] [info] [task_scheduler.cpp:464] [locality-audit] dispatch task_id=429 preferred_device=0 actual_gpu=0
[2026-07-09 04:21:02.647] [info] [sirius_scan_manager.cpp:1014] [fixed-page-cache] page_budget applied scope=global device=1 policy=score budget_bytes_per_gpu=4294967296 evicted_pages=32 evicted_bytes=524148952 resident_bytes_after=4289590728 min_score=440 max_score=1050
[2026-07-09 04:21:02.648] [info] [sirius_scan_manager.cpp:1513] [fixed-page-cache] page_directory appended table='__wdy_auto_fixed_page:/mnt/nvme/dataset/lineitem.parquet;' fixed_cols=3 pages=2668 resident_pages=525 resident_bytes=8574336148 stats_pages=2668 evicted_pages=2143 eviction_count=32 directory_entries=2668 page_bytes=16777216 rows=2727640333 owned_pages=1
[2026-07-09 04:21:02.648] [info] [parquet_gpu_ingestible.cpp:756] [fixed-page-cache] auto_cache_populate table='__wdy_auto_fixed_page:/mnt/nvme/dataset/lineitem.parquet;' rows=32759572 columns=3
[2026-07-09 04:21:02.648] [info] [gpu_pipeline_task.cpp:321] [stage-audit] pipeline_id=5 task_id=419 operator_id=30 operator_name=GPU_SCAN stage_kind=SCAN operator_type=94 input_type=GPU_SCAN output_type=PIPELINEABLE actual_gpu=1 pipeline_operator_count=3 input_batches=0 input_rows=0 input_columns=0 input_bytes=0 output_batches=1 output_rows=32759572 output_columns=3 output_bytes=536438080 byte_ratio=0.000000 row_ratio=0.000000 duration_us=309899
[2026-07-09 04:21:02.648] [info] [gpu_pipeline_task.cpp:321] [stage-audit] pipeline_id=5 task_id=419 operator_id=31 operator_name=DYNAMIC_FILTER stage_kind=OTHER operator_type=95 input_type=PIPELINEABLE output_type=PIPELINEABLE actual_gpu=1 pipeline_operator_count=3 input_batches=1 input_rows=32759572 input_columns=3 input_bytes=536438080 output_batches=1 output_rows=32759572 output_columns=3 output_bytes=536438080 byte_ratio=1.000000 row_ratio=1.000000 duration_us=2
[2026-07-09 04:21:02.649] [info] [gpu_pipeline_task.cpp:321] [stage-audit] pipeline_id=5 task_id=419 operator_id=14 operator_name=FILTER stage_kind=FILTER operator_type=12 input_type=PIPELINEABLE output_type=PIPELINEABLE actual_gpu=1 pipeline_operator_count=3 input_batches=1 input_rows=32759572 input_columns=3 input_bytes=536438080 output_batches=1 output_rows=20715771 output_columns=1 output_bytes=168315672 byte_ratio=0.313765 row_ratio=0.632358 duration_us=1743
[2026-07-09 04:21:02.649] [info] [task_creator.cpp:363] [locality-audit] task_create operator_id=33 input_bytes=168315672 local_bytes=168315672 gpu_source_bytes=168315672 host_source_bytes=0 disk_source_bytes=0 gpu_sources=1 host_sources=0 preferred_device=1
[2026-07-09 04:21:02.663] [info] [task_scheduler.cpp:462] [mgpu-audit] pipeline_task dispatched to GPU 1 task_id=432
[2026-07-09 04:21:02.663] [info] [task_scheduler.cpp:464] [locality-audit] dispatch task_id=432 preferred_device=1 actual_gpu=1
[2026-07-09 04:21:02.950] [info] [sirius_scan_manager.cpp:1014] [fixed-page-cache] page_budget applied scope=global device=1 policy=score budget_bytes_per_gpu=4294967296 evicted_pages=32 evicted_bytes=524128240 resident_bytes_after=4289586424 min_score=440 max_score=1050
[2026-07-09 04:21:02.951] [info] [sirius_scan_manager.cpp:1513] [fixed-page-cache] page_directory appended table='__wdy_auto_fixed_page:/mnt/nvme/dataset/lineitem.parquet;' fixed_cols=3 pages=2700 resident_pages=525 resident_bytes=8574331844 stats_pages=2700 evicted_pages=2175 eviction_count=32 directory_entries=2700 page_bytes=16777216 rows=2760398079 owned_pages=1
[2026-07-09 04:21:02.951] [info] [parquet_gpu_ingestible.cpp:756] [fixed-page-cache] auto_cache_populate table='__wdy_auto_fixed_page:/mnt/nvme/dataset/lineitem.parquet;' rows=32757746 columns=3
[2026-07-09 04:21:02.951] [info] [gpu_pipeline_task.cpp:321] [stage-audit] pipeline_id=5 task_id=421 operator_id=30 operator_name=GPU_SCAN stage_kind=SCAN operator_type=94 input_type=GPU_SCAN output_type=PIPELINEABLE actual_gpu=1 pipeline_operator_count=3 input_batches=0 input_rows=0 input_columns=0 input_bytes=0 output_batches=1 output_rows=32757746 output_columns=3 output_bytes=536408096 byte_ratio=0.000000 row_ratio=0.000000 duration_us=271877
[2026-07-09 04:21:02.960] [info] [gpu_pipeline_task.cpp:321] [stage-audit] pipeline_id=5 task_id=421 operator_id=31 operator_name=DYNAMIC_FILTER stage_kind=OTHER operator_type=95 input_type=PIPELINEABLE output_type=PIPELINEABLE actual_gpu=1 pipeline_operator_count=3 input_batches=1 input_rows=32757746 input_columns=3 input_bytes=536408096 output_batches=1 output_rows=32757746 output_columns=3 output_bytes=536408096 byte_ratio=1.000000 row_ratio=1.000000 duration_us=8727
[2026-07-09 04:21:02.963] [info] [gpu_pipeline_task.cpp:321] [stage-audit] pipeline_id=5 task_id=421 operator_id=14 operator_name=FILTER stage_kind=FILTER operator_type=12 input_type=PIPELINEABLE output_type=PIPELINEABLE actual_gpu=1 pipeline_operator_count=3 input_batches=1 input_rows=32757746 input_columns=3 input_bytes=536408096 output_batches=1 output_rows=20711635 output_columns=1 output_bytes=168282072 byte_ratio=0.313720 row_ratio=0.632267 duration_us=3507
[2026-07-09 04:21:02.963] [info] [task_creator.cpp:363] [locality-audit] task_create operator_id=33 input_bytes=168282072 local_bytes=168282072 gpu_source_bytes=168282072 host_source_bytes=0 disk_source_bytes=0 gpu_sources=1 host_sources=0 preferred_device=1
[2026-07-09 04:21:02.964] [info] [task_scheduler.cpp:462] [mgpu-audit] pipeline_task dispatched to GPU 1 task_id=434
[2026-07-09 04:21:02.964] [info] [task_scheduler.cpp:464] [locality-audit] dispatch task_id=434 preferred_device=1 actual_gpu=1
[2026-07-09 04:21:02.969] [info] [sirius_scan_manager.cpp:1014] [fixed-page-cache] page_budget applied scope=global device=0 policy=score budget_bytes_per_gpu=4294967296 evicted_pages=32 evicted_bytes=524189268 resident_bytes_after=4284701592 min_score=440 max_score=1050
[2026-07-09 04:21:02.969] [info] [sirius_scan_manager.cpp:1513] [fixed-page-cache] page_directory appended table='__wdy_auto_fixed_page:/mnt/nvme/dataset/lineitem.parquet;' fixed_cols=3 pages=2732 resident_pages=525 resident_bytes=8574288016 stats_pages=2732 evicted_pages=2207 eviction_count=32 directory_entries=2732 page_bytes=16777216 rows=2793157169 owned_pages=1
[2026-07-09 04:21:02.969] [info] [parquet_gpu_ingestible.cpp:756] [fixed-page-cache] auto_cache_populate table='__wdy_auto_fixed_page:/mnt/nvme/dataset/lineitem.parquet;' rows=32759090 columns=3
[2026-07-09 04:21:02.970] [info] [gpu_pipeline_task.cpp:321] [stage-audit] pipeline_id=5 task_id=420 operator_id=30 operator_name=GPU_SCAN stage_kind=SCAN operator_type=94 input_type=GPU_SCAN output_type=PIPELINEABLE actual_gpu=0 pipeline_operator_count=3 input_batches=0 input_rows=0 input_columns=0 input_bytes=0 output_batches=1 output_rows=32759090 output_columns=3 output_bytes=536430176 byte_ratio=0.000000 row_ratio=0.000000 duration_us=310338
[2026-07-09 04:21:02.970] [info] [gpu_pipeline_task.cpp:321] [stage-audit] pipeline_id=5 task_id=420 operator_id=31 operator_name=DYNAMIC_FILTER stage_kind=OTHER operator_type=95 input_type=PIPELINEABLE output_type=PIPELINEABLE actual_gpu=0 pipeline_operator_count=3 input_batches=1 input_rows=32759090 input_columns=3 input_bytes=536430176 output_batches=1 output_rows=32759090 output_columns=3 output_bytes=536430176 byte_ratio=1.000000 row_ratio=1.000000 duration_us=2
[2026-07-09 04:21:02.971] [info] [gpu_pipeline_task.cpp:321] [stage-audit] pipeline_id=5 task_id=420 operator_id=14 operator_name=FILTER stage_kind=FILTER operator_type=12 input_type=PIPELINEABLE output_type=PIPELINEABLE actual_gpu=0 pipeline_operator_count=3 input_batches=1 input_rows=32759090 input_columns=3 input_bytes=536430176 output_batches=1 output_rows=20710388 output_columns=1 output_bytes=168271904 byte_ratio=0.313688 row_ratio=0.632203 duration_us=1682
[2026-07-09 04:21:02.971] [info] [task_scheduler.cpp:462] [mgpu-audit] pipeline_task dispatched to GPU 0 task_id=431
[2026-07-09 04:21:02.971] [info] [task_scheduler.cpp:464] [locality-audit] dispatch task_id=431 preferred_device=0 actual_gpu=0
[2026-07-09 04:21:02.971] [info] [task_creator.cpp:363] [locality-audit] task_create operator_id=33 input_bytes=168271904 local_bytes=168271904 gpu_source_bytes=168271904 host_source_bytes=0 disk_source_bytes=0 gpu_sources=1 host_sources=0 preferred_device=0
[2026-07-09 04:21:03.257] [info] [sirius_scan_manager.cpp:1014] [fixed-page-cache] page_budget applied scope=global device=0 policy=score budget_bytes_per_gpu=4294967296 evicted_pages=32 evicted_bytes=523949880 resident_bytes_after=4284882064 min_score=440 max_score=1050
[2026-07-09 04:21:03.257] [info] [sirius_scan_manager.cpp:1513] [fixed-page-cache] page_directory appended table='__wdy_auto_fixed_page:/mnt/nvme/dataset/lineitem.parquet;' fixed_cols=3 pages=2764 resident_pages=525 resident_bytes=8574468488 stats_pages=2764 evicted_pages=2239 eviction_count=32 directory_entries=2764 page_bytes=16777216 rows=2825915316 owned_pages=1
[2026-07-09 04:21:03.257] [info] [parquet_gpu_ingestible.cpp:756] [fixed-page-cache] auto_cache_populate table='__wdy_auto_fixed_page:/mnt/nvme/dataset/lineitem.parquet;' rows=32758147 columns=3
[2026-07-09 04:21:03.257] [info] [gpu_pipeline_task.cpp:321] [stage-audit] pipeline_id=5 task_id=422 operator_id=30 operator_name=GPU_SCAN stage_kind=SCAN operator_type=94 input_type=GPU_SCAN output_type=PIPELINEABLE actual_gpu=0 pipeline_operator_count=3 input_batches=0 input_rows=0 input_columns=0 input_bytes=0 output_batches=1 output_rows=32758147 output_columns=3 output_bytes=536414704 byte_ratio=0.000000 row_ratio=0.000000 duration_us=270678
[2026-07-09 04:21:03.257] [info] [gpu_pipeline_task.cpp:321] [stage-audit] pipeline_id=5 task_id=422 operator_id=31 operator_name=DYNAMIC_FILTER stage_kind=OTHER operator_type=95 input_type=PIPELINEABLE output_type=PIPELINEABLE actual_gpu=0 pipeline_operator_count=3 input_batches=1 input_rows=32758147 input_columns=3 input_bytes=536414704 output_batches=1 output_rows=32758147 output_columns=3 output_bytes=536414704 byte_ratio=1.000000 row_ratio=1.000000 duration_us=2
[2026-07-09 04:21:03.259] [info] [gpu_pipeline_task.cpp:321] [stage-audit] pipeline_id=5 task_id=422 operator_id=14 operator_name=FILTER stage_kind=FILTER operator_type=12 input_type=PIPELINEABLE output_type=PIPELINEABLE actual_gpu=0 pipeline_operator_count=3 input_batches=1 input_rows=32758147 input_columns=3 input_bytes=536414704 output_batches=1 output_rows=20710071 output_columns=1 output_bytes=168269368 byte_ratio=0.313693 row_ratio=0.632211 duration_us=1720
[2026-07-09 04:21:03.259] [info] [task_creator.cpp:363] [locality-audit] task_create operator_id=33 input_bytes=168269368 local_bytes=168269368 gpu_source_bytes=168269368 host_source_bytes=0 disk_source_bytes=0 gpu_sources=1 host_sources=0 preferred_device=0
[2026-07-09 04:21:03.273] [info] [task_scheduler.cpp:462] [mgpu-audit] pipeline_task dispatched to GPU 0 task_id=433
[2026-07-09 04:21:03.273] [info] [task_scheduler.cpp:464] [locality-audit] dispatch task_id=433 preferred_device=0 actual_gpu=0
[2026-07-09 04:21:03.276] [info] [sirius_scan_manager.cpp:1014] [fixed-page-cache] page_budget applied scope=global device=1 policy=score budget_bytes_per_gpu=4294967296 evicted_pages=32 evicted_bytes=523957232 resident_bytes_after=4289773032 min_score=440 max_score=1050
[2026-07-09 04:21:03.276] [info] [sirius_scan_manager.cpp:1513] [fixed-page-cache] page_directory appended table='__wdy_auto_fixed_page:/mnt/nvme/dataset/lineitem.parquet;' fixed_cols=3 pages=2796 resident_pages=525 resident_bytes=8574655096 stats_pages=2796 evicted_pages=2271 eviction_count=32 directory_entries=2796 page_bytes=16777216 rows=2858674306 owned_pages=1
[2026-07-09 04:21:03.276] [info] [parquet_gpu_ingestible.cpp:756] [fixed-page-cache] auto_cache_populate table='__wdy_auto_fixed_page:/mnt/nvme/dataset/lineitem.parquet;' rows=32758990 columns=3
[2026-07-09 04:21:03.276] [info] [gpu_pipeline_task.cpp:321] [stage-audit] pipeline_id=5 task_id=423 operator_id=30 operator_name=GPU_SCAN stage_kind=SCAN operator_type=94 input_type=GPU_SCAN output_type=PIPELINEABLE actual_gpu=1 pipeline_operator_count=3 input_batches=0 input_rows=0 input_columns=0 input_bytes=0 output_batches=1 output_rows=32758990 output_columns=3 output_bytes=536428576 byte_ratio=0.000000 row_ratio=0.000000 duration_us=294702
[2026-07-09 04:21:03.276] [info] [gpu_pipeline_task.cpp:321] [stage-audit] pipeline_id=5 task_id=423 operator_id=31 operator_name=DYNAMIC_FILTER stage_kind=OTHER operator_type=95 input_type=PIPELINEABLE output_type=PIPELINEABLE actual_gpu=1 pipeline_operator_count=3 input_batches=1 input_rows=32758990 input_columns=3 input_bytes=536428576 output_batches=1 output_rows=32758990 output_columns=3 output_bytes=536428576 byte_ratio=1.000000 row_ratio=1.000000 duration_us=1
[2026-07-09 04:21:03.278] [info] [gpu_pipeline_task.cpp:321] [stage-audit] pipeline_id=5 task_id=423 operator_id=14 operator_name=FILTER stage_kind=FILTER operator_type=12 input_type=PIPELINEABLE output_type=PIPELINEABLE actual_gpu=1 pipeline_operator_count=3 input_batches=1 input_rows=32758990 input_columns=3 input_bytes=536428576 output_batches=1 output_rows=20708257 output_columns=1 output_bytes=168254600 byte_ratio=0.313657 row_ratio=0.632140 duration_us=1680
[2026-07-09 04:21:03.278] [info] [task_creator.cpp:363] [locality-audit] task_create operator_id=33 input_bytes=168254600 local_bytes=168254600 gpu_source_bytes=168254600 host_source_bytes=0 disk_source_bytes=0 gpu_sources=1 host_sources=0 preferred_device=1
[2026-07-09 04:21:03.286] [info] [task_scheduler.cpp:462] [mgpu-audit] pipeline_task dispatched to GPU 1 task_id=438
[2026-07-09 04:21:03.286] [info] [task_scheduler.cpp:464] [locality-audit] dispatch task_id=438 preferred_device=1 actual_gpu=1
[2026-07-09 04:21:03.583] [info] [sirius_scan_manager.cpp:1014] [fixed-page-cache] page_budget applied scope=global device=1 policy=score budget_bytes_per_gpu=4294967296 evicted_pages=32 evicted_bytes=524072540 resident_bytes_after=4289836844 min_score=440 max_score=1050
[2026-07-09 04:21:03.583] [info] [sirius_scan_manager.cpp:1513] [fixed-page-cache] page_directory appended table='__wdy_auto_fixed_page:/mnt/nvme/dataset/lineitem.parquet;' fixed_cols=3 pages=2828 resident_pages=525 resident_bytes=8574718908 stats_pages=2828 evicted_pages=2303 eviction_count=32 directory_entries=2828 page_bytes=16777216 rows=2891432828 owned_pages=1
[2026-07-09 04:21:03.583] [info] [parquet_gpu_ingestible.cpp:756] [fixed-page-cache] auto_cache_populate table='__wdy_auto_fixed_page:/mnt/nvme/dataset/lineitem.parquet;' rows=32758522 columns=3
[2026-07-09 04:21:03.584] [info] [gpu_pipeline_task.cpp:321] [stage-audit] pipeline_id=5 task_id=425 operator_id=30 operator_name=GPU_SCAN stage_kind=SCAN operator_type=94 input_type=GPU_SCAN output_type=PIPELINEABLE actual_gpu=1 pipeline_operator_count=3 input_batches=0 input_rows=0 input_columns=0 input_bytes=0 output_batches=1 output_rows=32758522 output_columns=3 output_bytes=536420896 byte_ratio=0.000000 row_ratio=0.000000 duration_us=284583
[2026-07-09 04:21:03.584] [info] [gpu_pipeline_task.cpp:321] [stage-audit] pipeline_id=5 task_id=425 operator_id=31 operator_name=DYNAMIC_FILTER stage_kind=OTHER operator_type=95 input_type=PIPELINEABLE output_type=PIPELINEABLE actual_gpu=1 pipeline_operator_count=3 input_batches=1 input_rows=32758522 input_columns=3 input_bytes=536420896 output_batches=1 output_rows=32758522 output_columns=3 output_bytes=536420896 byte_ratio=1.000000 row_ratio=1.000000 duration_us=4
[2026-07-09 04:21:03.586] [info] [gpu_pipeline_task.cpp:321] [stage-audit] pipeline_id=5 task_id=425 operator_id=14 operator_name=FILTER stage_kind=FILTER operator_type=12 input_type=PIPELINEABLE output_type=PIPELINEABLE actual_gpu=1 pipeline_operator_count=3 input_batches=1 input_rows=32758522 input_columns=3 input_bytes=536420896 output_batches=1 output_rows=20707930 output_columns=1 output_bytes=168251984 byte_ratio=0.313657 row_ratio=0.632139 duration_us=1738
[2026-07-09 04:21:03.588] [info] [task_creator.cpp:363] [locality-audit] task_create operator_id=33 input_bytes=168251984 local_bytes=168251984 gpu_source_bytes=168251984 host_source_bytes=0 disk_source_bytes=0 gpu_sources=1 host_sources=0 preferred_device=1
[2026-07-09 04:21:03.600] [info] [sirius_scan_manager.cpp:1014] [fixed-page-cache] page_budget applied scope=global device=0 policy=score budget_bytes_per_gpu=4294967296 evicted_pages=32 evicted_bytes=524140268 resident_bytes_after=4284885988 min_score=440 max_score=1050
[2026-07-09 04:21:03.600] [info] [sirius_scan_manager.cpp:1513] [fixed-page-cache] page_directory appended table='__wdy_auto_fixed_page:/mnt/nvme/dataset/lineitem.parquet;' fixed_cols=3 pages=2860 resident_pages=525 resident_bytes=8574722832 stats_pages=2860 evicted_pages=2335 eviction_count=32 directory_entries=2860 page_bytes=16777216 rows=2924191840 owned_pages=1
[2026-07-09 04:21:03.600] [info] [parquet_gpu_ingestible.cpp:756] [fixed-page-cache] auto_cache_populate table='__wdy_auto_fixed_page:/mnt/nvme/dataset/lineitem.parquet;' rows=32759012 columns=3
[2026-07-09 04:21:03.600] [info] [gpu_pipeline_task.cpp:321] [stage-audit] pipeline_id=5 task_id=424 operator_id=30 operator_name=GPU_SCAN stage_kind=SCAN operator_type=94 input_type=GPU_SCAN output_type=PIPELINEABLE actual_gpu=0 pipeline_operator_count=3 input_batches=0 input_rows=0 input_columns=0 input_bytes=0 output_batches=1 output_rows=32759012 output_columns=3 output_bytes=536428928 byte_ratio=0.000000 row_ratio=0.000000 duration_us=311552
[2026-07-09 04:21:03.600] [info] [gpu_pipeline_task.cpp:321] [stage-audit] pipeline_id=5 task_id=424 operator_id=31 operator_name=DYNAMIC_FILTER stage_kind=OTHER operator_type=95 input_type=PIPELINEABLE output_type=PIPELINEABLE actual_gpu=0 pipeline_operator_count=3 input_batches=1 input_rows=32759012 input_columns=3 input_bytes=536428928 output_batches=1 output_rows=32759012 output_columns=3 output_bytes=536428928 byte_ratio=1.000000 row_ratio=1.000000 duration_us=2
[2026-07-09 04:21:03.601] [info] [task_scheduler.cpp:462] [mgpu-audit] pipeline_task dispatched to GPU 1 task_id=436
[2026-07-09 04:21:03.601] [info] [task_scheduler.cpp:464] [locality-audit] dispatch task_id=436 preferred_device=1 actual_gpu=1
[2026-07-09 04:21:03.602] [info] [gpu_pipeline_task.cpp:321] [stage-audit] pipeline_id=5 task_id=424 operator_id=14 operator_name=FILTER stage_kind=FILTER operator_type=12 input_type=PIPELINEABLE output_type=PIPELINEABLE actual_gpu=0 pipeline_operator_count=3 input_batches=1 input_rows=32759012 input_columns=3 input_bytes=536428928 output_batches=1 output_rows=20710278 output_columns=1 output_bytes=168271024 byte_ratio=0.313687 row_ratio=0.632201 duration_us=1673
[2026-07-09 04:21:03.602] [info] [task_scheduler.cpp:462] [mgpu-audit] pipeline_task dispatched to GPU 0 task_id=437
[2026-07-09 04:21:03.602] [info] [task_scheduler.cpp:464] [locality-audit] dispatch task_id=437 preferred_device=0 actual_gpu=0
[2026-07-09 04:21:03.602] [info] [task_creator.cpp:363] [locality-audit] task_create operator_id=33 input_bytes=168271024 local_bytes=168271024 gpu_source_bytes=168271024 host_source_bytes=0 disk_source_bytes=0 gpu_sources=1 host_sources=0 preferred_device=0
[2026-07-09 04:21:03.899] [info] [sirius_scan_manager.cpp:1014] [fixed-page-cache] page_budget applied scope=global device=0 policy=score budget_bytes_per_gpu=4294967296 evicted_pages=32 evicted_bytes=524128324 resident_bytes_after=4284886864 min_score=440 max_score=1050
[2026-07-09 04:21:03.899] [info] [sirius_scan_manager.cpp:1513] [fixed-page-cache] page_directory appended table='__wdy_auto_fixed_page:/mnt/nvme/dataset/lineitem.parquet;' fixed_cols=3 pages=2892 resident_pages=525 resident_bytes=8574723708 stats_pages=2892 evicted_pages=2367 eviction_count=32 directory_entries=2892 page_bytes=16777216 rows=2956949915 owned_pages=1
[2026-07-09 04:21:03.899] [info] [parquet_gpu_ingestible.cpp:756] [fixed-page-cache] auto_cache_populate table='__wdy_auto_fixed_page:/mnt/nvme/dataset/lineitem.parquet;' rows=32758075 columns=3
[2026-07-09 04:21:03.899] [info] [gpu_pipeline_task.cpp:321] [stage-audit] pipeline_id=5 task_id=426 operator_id=30 operator_name=GPU_SCAN stage_kind=SCAN operator_type=94 input_type=GPU_SCAN output_type=PIPELINEABLE actual_gpu=0 pipeline_operator_count=3 input_batches=0 input_rows=0 input_columns=0 input_bytes=0 output_batches=1 output_rows=32758075 output_columns=3 output_bytes=536413552 byte_ratio=0.000000 row_ratio=0.000000 duration_us=282493
[2026-07-09 04:21:03.899] [info] [gpu_pipeline_task.cpp:321] [stage-audit] pipeline_id=5 task_id=426 operator_id=31 operator_name=DYNAMIC_FILTER stage_kind=OTHER operator_type=95 input_type=PIPELINEABLE output_type=PIPELINEABLE actual_gpu=0 pipeline_operator_count=3 input_batches=1 input_rows=32758075 input_columns=3 input_bytes=536413552 output_batches=1 output_rows=32758075 output_columns=3 output_bytes=536413552 byte_ratio=1.000000 row_ratio=1.000000 duration_us=2
[2026-07-09 04:21:03.901] [info] [gpu_pipeline_task.cpp:321] [stage-audit] pipeline_id=5 task_id=426 operator_id=14 operator_name=FILTER stage_kind=FILTER operator_type=12 input_type=PIPELINEABLE output_type=PIPELINEABLE actual_gpu=0 pipeline_operator_count=3 input_batches=1 input_rows=32758075 input_columns=3 input_bytes=536413552 output_batches=1 output_rows=20713306 output_columns=1 output_bytes=168295632 byte_ratio=0.313742 row_ratio=0.632311 duration_us=1730
[2026-07-09 04:21:03.901] [info] [task_scheduler.cpp:462] [mgpu-audit] pipeline_task dispatched to GPU 0 task_id=435
[2026-07-09 04:21:03.901] [info] [task_scheduler.cpp:464] [locality-audit] dispatch task_id=435 preferred_device=0 actual_gpu=0
[2026-07-09 04:21:03.901] [info] [task_creator.cpp:363] [locality-audit] task_create operator_id=33 input_bytes=168295632 local_bytes=168295632 gpu_source_bytes=168295632 host_source_bytes=0 disk_source_bytes=0 gpu_sources=1 host_sources=0 preferred_device=0
[2026-07-09 04:21:03.901] [info] [task_scheduler.cpp:462] [mgpu-audit] pipeline_task dispatched to GPU 0 task_id=440
[2026-07-09 04:21:03.901] [info] [task_scheduler.cpp:464] [locality-audit] dispatch task_id=440 preferred_device=0 actual_gpu=0
[2026-07-09 04:21:03.901] [info] [gpu_pipeline_task.cpp:188] [locality-audit] prepare_before pipeline_id=6 task_id=429 preferred_device=0 actual_gpu=0 target_tier=GPU target_device=0 input_bytes=168351216 local_bytes=0 remote_gpu_bytes=0 host_bytes=168351216 disk_bytes=0 batch_count=1
[2026-07-09 04:21:03.909] [info] [gpu_pipeline_task.cpp:188] [locality-audit] prepare_after pipeline_id=6 task_id=429 preferred_device=0 actual_gpu=0 target_tier=GPU target_device=0 input_bytes=168351216 local_bytes=168351216 remote_gpu_bytes=0 host_bytes=0 disk_bytes=0 batch_count=1
[2026-07-09 04:21:03.911] [info] [gpu_pipeline_task.cpp:321] [stage-audit] pipeline_id=6 task_id=429 operator_id=33 operator_name=PARTITION stage_kind=PARTITION operator_type=82 input_type=PIPELINEABLE output_type=PIPELINEABLE actual_gpu=0 pipeline_operator_count=1 input_batches=1 input_rows=20720142 input_columns=1 input_bytes=168351216 output_batches=2 output_rows=20720142 output_columns=2 output_bytes=165761136 byte_ratio=0.984615 row_ratio=1.000000 duration_us=2255
[2026-07-09 04:21:03.913] [info] [sirius_scan_manager.cpp:1014] [fixed-page-cache] page_budget applied scope=global device=1 policy=score budget_bytes_per_gpu=4294967296 evicted_pages=32 evicted_bytes=524139764 resident_bytes_after=4289838232 min_score=440 max_score=1050
[2026-07-09 04:21:03.913] [info] [sirius_scan_manager.cpp:1513] [fixed-page-cache] page_directory appended table='__wdy_auto_fixed_page:/mnt/nvme/dataset/lineitem.parquet;' fixed_cols=3 pages=2924 resident_pages=525 resident_bytes=8574725096 stats_pages=2924 evicted_pages=2399 eviction_count=32 directory_entries=2924 page_bytes=16777216 rows=2989708737 owned_pages=1
[2026-07-09 04:21:03.913] [info] [parquet_gpu_ingestible.cpp:756] [fixed-page-cache] auto_cache_populate table='__wdy_auto_fixed_page:/mnt/nvme/dataset/lineitem.parquet;' rows=32758822 columns=3
[2026-07-09 04:21:03.913] [info] [gpu_pipeline_task.cpp:321] [stage-audit] pipeline_id=5 task_id=427 operator_id=30 operator_name=GPU_SCAN stage_kind=SCAN operator_type=94 input_type=GPU_SCAN output_type=PIPELINEABLE actual_gpu=1 pipeline_operator_count=3 input_batches=0 input_rows=0 input_columns=0 input_bytes=0 output_batches=1 output_rows=32758822 output_columns=3 output_bytes=536425888 byte_ratio=0.000000 row_ratio=0.000000 duration_us=296913
[2026-07-09 04:21:03.914] [info] [gpu_pipeline_task.cpp:321] [stage-audit] pipeline_id=5 task_id=427 operator_id=31 operator_name=DYNAMIC_FILTER stage_kind=OTHER operator_type=95 input_type=PIPELINEABLE output_type=PIPELINEABLE actual_gpu=1 pipeline_operator_count=3 input_batches=1 input_rows=32758822 input_columns=3 input_bytes=536425888 output_batches=1 output_rows=32758822 output_columns=3 output_bytes=536425888 byte_ratio=1.000000 row_ratio=1.000000 duration_us=1
[2026-07-09 04:21:03.915] [info] [gpu_pipeline_task.cpp:321] [stage-audit] pipeline_id=5 task_id=427 operator_id=14 operator_name=FILTER stage_kind=FILTER operator_type=12 input_type=PIPELINEABLE output_type=PIPELINEABLE actual_gpu=1 pipeline_operator_count=3 input_batches=1 input_rows=32758822 input_columns=3 input_bytes=536425888 output_batches=1 output_rows=20708518 output_columns=1 output_bytes=168256752 byte_ratio=0.313663 row_ratio=0.632151 duration_us=1665
[2026-07-09 04:21:03.915] [info] [gpu_pipeline_task.cpp:188] [locality-audit] prepare_before pipeline_id=6 task_id=430 preferred_device=1 actual_gpu=1 target_tier=GPU target_device=1 input_bytes=168049112 local_bytes=0 remote_gpu_bytes=0 host_bytes=168049112 disk_bytes=0 batch_count=1
[2026-07-09 04:21:03.915] [info] [gpu_pipeline_task.cpp:188] [locality-audit] prepare_before pipeline_id=6 task_id=432 preferred_device=1 actual_gpu=1 target_tier=GPU target_device=1 input_bytes=168191368 local_bytes=0 remote_gpu_bytes=0 host_bytes=168191368 disk_bytes=0 batch_count=1
[2026-07-09 04:21:03.915] [info] [task_creator.cpp:363] [locality-audit] task_create operator_id=33 input_bytes=168256752 local_bytes=168256752 gpu_source_bytes=168256752 host_source_bytes=0 disk_source_bytes=0 gpu_sources=1 host_sources=0 preferred_device=1
[2026-07-09 04:21:03.916] [info] [task_scheduler.cpp:462] [mgpu-audit] pipeline_task dispatched to GPU 1 task_id=439
[2026-07-09 04:21:03.916] [info] [task_scheduler.cpp:464] [locality-audit] dispatch task_id=439 preferred_device=1 actual_gpu=1
[2026-07-09 04:21:03.916] [info] [task_scheduler.cpp:462] [mgpu-audit] pipeline_task dispatched to GPU 1 task_id=442
[2026-07-09 04:21:03.916] [info] [task_scheduler.cpp:464] [locality-audit] dispatch task_id=442 preferred_device=1 actual_gpu=1
[2026-07-09 04:21:03.922] [info] [gpu_pipeline_task.cpp:188] [locality-audit] prepare_after pipeline_id=6 task_id=432 preferred_device=1 actual_gpu=1 target_tier=GPU target_device=1 input_bytes=168191368 local_bytes=168191368 remote_gpu_bytes=0 host_bytes=0 disk_bytes=0 batch_count=1
[2026-07-09 04:21:03.925] [info] [gpu_pipeline_task.cpp:321] [stage-audit] pipeline_id=6 task_id=432 operator_id=33 operator_name=PARTITION stage_kind=PARTITION operator_type=82 input_type=PIPELINEABLE output_type=PIPELINEABLE actual_gpu=1 pipeline_operator_count=1 input_batches=1 input_rows=20700473 input_columns=1 input_bytes=168191368 output_batches=2 output_rows=20700473 output_columns=2 output_bytes=165603784 byte_ratio=0.984615 row_ratio=1.000000 duration_us=2270
[2026-07-09 04:21:03.925] [info] [task_scheduler.cpp:462] [mgpu-audit] pipeline_task dispatched to GPU 1 task_id=443
[2026-07-09 04:21:03.925] [info] [task_scheduler.cpp:464] [locality-audit] dispatch task_id=443 preferred_device=1 actual_gpu=1
[2026-07-09 04:21:03.925] [info] [gpu_pipeline_task.cpp:188] [locality-audit] prepare_before pipeline_id=6 task_id=434 preferred_device=1 actual_gpu=1 target_tier=GPU target_device=1 input_bytes=168271488 local_bytes=0 remote_gpu_bytes=0 host_bytes=168271488 disk_bytes=0 batch_count=1
[2026-07-09 04:21:03.929] [info] [gpu_pipeline_task.cpp:188] [locality-audit] prepare_after pipeline_id=6 task_id=430 preferred_device=1 actual_gpu=1 target_tier=GPU target_device=1 input_bytes=168049112 local_bytes=168049112 remote_gpu_bytes=0 host_bytes=0 disk_bytes=0 batch_count=1
[2026-07-09 04:21:03.931] [info] [gpu_pipeline_task.cpp:321] [stage-audit] pipeline_id=6 task_id=430 operator_id=33 operator_name=PARTITION stage_kind=PARTITION operator_type=82 input_type=PIPELINEABLE output_type=PIPELINEABLE actual_gpu=1 pipeline_operator_count=1 input_batches=1 input_rows=20682963 input_columns=1 input_bytes=168049112 output_batches=2 output_rows=20682963 output_columns=2 output_bytes=165463704 byte_ratio=0.984615 row_ratio=1.000000 duration_us=2047
[2026-07-09 04:21:03.931] [info] [gpu_pipeline_task.cpp:188] [locality-audit] prepare_before pipeline_id=6 task_id=438 preferred_device=1 actual_gpu=1 target_tier=GPU target_device=1 input_bytes=168315672 local_bytes=0 remote_gpu_bytes=0 host_bytes=168315672 disk_bytes=0 batch_count=1
[2026-07-09 04:21:03.931] [info] [task_scheduler.cpp:462] [mgpu-audit] pipeline_task dispatched to GPU 1 task_id=446
[2026-07-09 04:21:03.931] [info] [task_scheduler.cpp:464] [locality-audit] dispatch task_id=446 preferred_device=1 actual_gpu=1
[2026-07-09 04:21:03.936] [info] [gpu_pipeline_task.cpp:188] [locality-audit] prepare_after pipeline_id=6 task_id=434 preferred_device=1 actual_gpu=1 target_tier=GPU target_device=1 input_bytes=168271488 local_bytes=168271488 remote_gpu_bytes=0 host_bytes=0 disk_bytes=0 batch_count=1
[2026-07-09 04:21:03.938] [info] [gpu_pipeline_task.cpp:321] [stage-audit] pipeline_id=6 task_id=434 operator_id=33 operator_name=PARTITION stage_kind=PARTITION operator_type=82 input_type=PIPELINEABLE output_type=PIPELINEABLE actual_gpu=1 pipeline_operator_count=1 input_batches=1 input_rows=20710336 input_columns=1 input_bytes=168271488 output_batches=2 output_rows=20710336 output_columns=2 output_bytes=165682688 byte_ratio=0.984615 row_ratio=1.000000 duration_us=2100
[2026-07-09 04:21:03.943] [info] [gpu_pipeline_task.cpp:188] [locality-audit] prepare_after pipeline_id=6 task_id=438 preferred_device=1 actual_gpu=1 target_tier=GPU target_device=1 input_bytes=168315672 local_bytes=168315672 remote_gpu_bytes=0 host_bytes=0 disk_bytes=0 batch_count=1
[2026-07-09 04:21:03.945] [info] [gpu_pipeline_task.cpp:321] [stage-audit] pipeline_id=6 task_id=438 operator_id=33 operator_name=PARTITION stage_kind=PARTITION operator_type=82 input_type=PIPELINEABLE output_type=PIPELINEABLE actual_gpu=1 pipeline_operator_count=1 input_batches=1 input_rows=20715771 input_columns=1 input_bytes=168315672 output_batches=2 output_rows=20715771 output_columns=2 output_bytes=165726168 byte_ratio=0.984615 row_ratio=1.000000 duration_us=1954
[2026-07-09 04:21:03.945] [info] [gpu_pipeline_task.cpp:188] [locality-audit] prepare_before pipeline_id=6 task_id=436 preferred_device=1 actual_gpu=1 target_tier=GPU target_device=1 input_bytes=168266136 local_bytes=0 remote_gpu_bytes=0 host_bytes=168266136 disk_bytes=0 batch_count=1
[2026-07-09 04:21:03.952] [info] [gpu_pipeline_task.cpp:188] [locality-audit] prepare_after pipeline_id=6 task_id=436 preferred_device=1 actual_gpu=1 target_tier=GPU target_device=1 input_bytes=168266136 local_bytes=168266136 remote_gpu_bytes=0 host_bytes=0 disk_bytes=0 batch_count=1
[2026-07-09 04:21:03.954] [info] [gpu_pipeline_task.cpp:321] [stage-audit] pipeline_id=6 task_id=436 operator_id=33 operator_name=PARTITION stage_kind=PARTITION operator_type=82 input_type=PIPELINEABLE output_type=PIPELINEABLE actual_gpu=1 pipeline_operator_count=1 input_batches=1 input_rows=20709675 input_columns=1 input_bytes=168266136 output_batches=2 output_rows=20709675 output_columns=2 output_bytes=165677400 byte_ratio=0.984615 row_ratio=1.000000 duration_us=1979
[2026-07-09 04:21:03.954] [info] [gpu_pipeline_task.cpp:188] [locality-audit] prepare_before pipeline_id=6 task_id=439 preferred_device=1 actual_gpu=1 target_tier=GPU target_device=1 input_bytes=168282072 local_bytes=0 remote_gpu_bytes=0 host_bytes=168282072 disk_bytes=0 batch_count=1
[2026-07-09 04:21:03.961] [info] [gpu_pipeline_task.cpp:188] [locality-audit] prepare_after pipeline_id=6 task_id=439 preferred_device=1 actual_gpu=1 target_tier=GPU target_device=1 input_bytes=168282072 local_bytes=168282072 remote_gpu_bytes=0 host_bytes=0 disk_bytes=0 batch_count=1
[2026-07-09 04:21:03.963] [info] [gpu_pipeline_task.cpp:321] [stage-audit] pipeline_id=6 task_id=439 operator_id=33 operator_name=PARTITION stage_kind=PARTITION operator_type=82 input_type=PIPELINEABLE output_type=PIPELINEABLE actual_gpu=1 pipeline_operator_count=1 input_batches=1 input_rows=20711635 input_columns=1 input_bytes=168282072 output_batches=2 output_rows=20711635 output_columns=2 output_bytes=165693080 byte_ratio=0.984615 row_ratio=1.000000 duration_us=1952
[2026-07-09 04:21:03.963] [info] [task_scheduler.cpp:462] [mgpu-audit] pipeline_task dispatched to GPU 1 task_id=449
[2026-07-09 04:21:03.963] [info] [task_scheduler.cpp:464] [locality-audit] dispatch task_id=449 preferred_device=1 actual_gpu=1
[2026-07-09 04:21:03.963] [info] [task_scheduler.cpp:462] [mgpu-audit] pipeline_task dispatched to GPU 1 task_id=450
[2026-07-09 04:21:03.963] [info] [task_scheduler.cpp:464] [locality-audit] dispatch task_id=450 preferred_device=1 actual_gpu=1
[2026-07-09 04:21:03.979] [info] [gpu_pipeline_task.cpp:188] [locality-audit] prepare_before pipeline_id=6 task_id=442 preferred_device=1 actual_gpu=1 target_tier=GPU target_device=1 input_bytes=168254600 local_bytes=0 remote_gpu_bytes=0 host_bytes=168254600 disk_bytes=0 batch_count=1
[2026-07-09 04:21:03.986] [info] [gpu_pipeline_task.cpp:188] [locality-audit] prepare_after pipeline_id=6 task_id=442 preferred_device=1 actual_gpu=1 target_tier=GPU target_device=1 input_bytes=168254600 local_bytes=168254600 remote_gpu_bytes=0 host_bytes=0 disk_bytes=0 batch_count=1
[2026-07-09 04:21:03.988] [info] [gpu_pipeline_task.cpp:321] [stage-audit] pipeline_id=6 task_id=442 operator_id=33 operator_name=PARTITION stage_kind=PARTITION operator_type=82 input_type=PIPELINEABLE output_type=PIPELINEABLE actual_gpu=1 pipeline_operator_count=1 input_batches=1 input_rows=20708257 input_columns=1 input_bytes=168254600 output_batches=2 output_rows=20708257 output_columns=2 output_bytes=165666056 byte_ratio=0.984615 row_ratio=1.000000 duration_us=2076
[2026-07-09 04:21:03.988] [info] [gpu_pipeline_task.cpp:188] [locality-audit] prepare_before pipeline_id=6 task_id=443 preferred_device=1 actual_gpu=1 target_tier=GPU target_device=1 input_bytes=168251984 local_bytes=0 remote_gpu_bytes=0 host_bytes=168251984 disk_bytes=0 batch_count=1
[2026-07-09 04:21:03.995] [info] [gpu_pipeline_task.cpp:188] [locality-audit] prepare_after pipeline_id=6 task_id=443 preferred_device=1 actual_gpu=1 target_tier=GPU target_device=1 input_bytes=168251984 local_bytes=168251984 remote_gpu_bytes=0 host_bytes=0 disk_bytes=0 batch_count=1
[2026-07-09 04:21:03.997] [info] [gpu_pipeline_task.cpp:321] [stage-audit] pipeline_id=6 task_id=443 operator_id=33 operator_name=PARTITION stage_kind=PARTITION operator_type=82 input_type=PIPELINEABLE output_type=PIPELINEABLE actual_gpu=1 pipeline_operator_count=1 input_batches=1 input_rows=20707930 input_columns=1 input_bytes=168251984 output_batches=2 output_rows=20707930 output_columns=2 output_bytes=165663440 byte_ratio=0.984615 row_ratio=1.000000 duration_us=1943
[2026-07-09 04:21:03.997] [info] [gpu_pipeline_task.cpp:188] [locality-audit] prepare_before pipeline_id=6 task_id=446 preferred_device=1 actual_gpu=1 target_tier=GPU target_device=1 input_bytes=168256752 local_bytes=168256752 remote_gpu_bytes=0 host_bytes=0 disk_bytes=0 batch_count=1
[2026-07-09 04:21:03.997] [info] [gpu_pipeline_task.cpp:188] [locality-audit] prepare_after pipeline_id=6 task_id=446 preferred_device=1 actual_gpu=1 target_tier=GPU target_device=1 input_bytes=168256752 local_bytes=168256752 remote_gpu_bytes=0 host_bytes=0 disk_bytes=0 batch_count=1
[2026-07-09 04:21:03.999] [info] [gpu_pipeline_task.cpp:321] [stage-audit] pipeline_id=6 task_id=446 operator_id=33 operator_name=PARTITION stage_kind=PARTITION operator_type=82 input_type=PIPELINEABLE output_type=PIPELINEABLE actual_gpu=1 pipeline_operator_count=1 input_batches=1 input_rows=20708518 input_columns=1 input_bytes=168256752 output_batches=2 output_rows=20708518 output_columns=2 output_bytes=165668144 byte_ratio=0.984615 row_ratio=1.000000 duration_us=2052
[2026-07-09 04:21:04.012] [error] [downgrade_executor.cpp:323] [downgrade] convert failed from task queue: CUDA error at: /home/dy1013/sirius_multi-gpu/cucascade/src/cudf/representation_converter_builtins.cpp:325: cudaErrorInvalidValue invalid argument
[2026-07-09 04:21:04.021] [info] [gpu_pipeline_task.cpp:188] [locality-audit] prepare_before pipeline_id=7 task_id=449 preferred_device=1 actual_gpu=1 target_tier=GPU target_device=1 input_bytes=496976720 local_bytes=82805496 remote_gpu_bytes=82848360 host_bytes=331322864 disk_bytes=0 batch_count=6
[2026-07-09 04:21:04.039] [info] [gpu_pipeline_task.cpp:188] [locality-audit] prepare_after pipeline_id=7 task_id=449 preferred_device=1 actual_gpu=1 target_tier=GPU target_device=1 input_bytes=496976720 local_bytes=496976720 remote_gpu_bytes=0 host_bytes=0 disk_bytes=0 batch_count=6
[2026-07-09 04:21:04.041] [info] [gpu_pipeline_task.cpp:321] [stage-audit] pipeline_id=7 task_id=449 operator_id=32 operator_name=CONCAT stage_kind=CONCAT operator_type=83 input_type=PARTITIONED output_type=PARTITIONED actual_gpu=1 pipeline_operator_count=1 input_batches=6 input_rows=62122090 input_columns=6 input_bytes=496976720 output_batches=1 output_rows=62122090 output_columns=1 output_bytes=496976720 byte_ratio=1.000000 row_ratio=1.000000 duration_us=1548
[2026-07-09 04:21:04.041] [info] [gpu_pipeline_task.cpp:188] [locality-audit] prepare_before pipeline_id=7 task_id=450 preferred_device=1 actual_gpu=1 target_tier=GPU target_device=1 input_bytes=82846480 local_bytes=0 remote_gpu_bytes=0 host_bytes=82846480 disk_bytes=0 batch_count=1
[2026-07-09 04:21:04.044] [info] [gpu_pipeline_task.cpp:188] [locality-audit] prepare_after pipeline_id=7 task_id=450 preferred_device=1 actual_gpu=1 target_tier=GPU target_device=1 input_bytes=82846480 local_bytes=82846480 remote_gpu_bytes=0 host_bytes=0 disk_bytes=0 batch_count=1
[2026-07-09 04:21:04.044] [info] [gpu_pipeline_task.cpp:321] [stage-audit] pipeline_id=7 task_id=450 operator_id=32 operator_name=CONCAT stage_kind=CONCAT operator_type=83 input_type=PARTITIONED output_type=PARTITIONED actual_gpu=1 pipeline_operator_count=1 input_batches=1 input_rows=10355810 input_columns=1 input_bytes=82846480 output_batches=1 output_rows=10355810 output_columns=1 output_bytes=82846480 byte_ratio=1.000000 row_ratio=1.000000 duration_us=2
[2026-07-09 04:21:04.085] [info] [sirius_scan_manager.cpp:1014] [fixed-page-cache] page_budget applied scope=global device=0 policy=score budget_bytes_per_gpu=4294967296 evicted_pages=10 evicted_bytes=159323708 resident_bytes_after=4293255524 min_score=440 max_score=1050
[2026-07-09 04:21:04.085] [info] [sirius_scan_manager.cpp:1513] [fixed-page-cache] page_directory appended table='__wdy_auto_fixed_page:/mnt/nvme/dataset/lineitem.parquet;' fixed_cols=3 pages=2935 resident_pages=526 resident_bytes=8583093756 stats_pages=2935 evicted_pages=2409 eviction_count=10 directory_entries=2935 page_bytes=16777216 rows=3000189510 owned_pages=1
[2026-07-09 04:21:04.085] [info] [parquet_gpu_ingestible.cpp:756] [fixed-page-cache] auto_cache_populate table='__wdy_auto_fixed_page:/mnt/nvme/dataset/lineitem.parquet;' rows=10480773 columns=3
[2026-07-09 04:21:04.085] [info] [gpu_pipeline_task.cpp:321] [stage-audit] pipeline_id=5 task_id=428 operator_id=30 operator_name=GPU_SCAN stage_kind=SCAN operator_type=94 input_type=GPU_SCAN output_type=PIPELINEABLE actual_gpu=0 pipeline_operator_count=3 input_batches=0 input_rows=0 input_columns=0 input_bytes=0 output_batches=1 output_rows=10480773 output_columns=3 output_bytes=171622800 byte_ratio=0.000000 row_ratio=0.000000 duration_us=169210
[2026-07-09 04:21:04.085] [info] [gpu_pipeline_task.cpp:321] [stage-audit] pipeline_id=5 task_id=428 operator_id=31 operator_name=DYNAMIC_FILTER stage_kind=OTHER operator_type=95 input_type=PIPELINEABLE output_type=PIPELINEABLE actual_gpu=0 pipeline_operator_count=3 input_batches=1 input_rows=10480773 input_columns=3 input_bytes=171622800 output_batches=1 output_rows=10480773 output_columns=3 output_bytes=171622800 byte_ratio=1.000000 row_ratio=1.000000 duration_us=2
[2026-07-09 04:21:04.086] [info] [gpu_pipeline_task.cpp:321] [stage-audit] pipeline_id=5 task_id=428 operator_id=14 operator_name=FILTER stage_kind=FILTER operator_type=12 input_type=PIPELINEABLE output_type=PIPELINEABLE actual_gpu=0 pipeline_operator_count=3 input_batches=1 input_rows=10480773 input_columns=3 input_bytes=171622800 output_batches=1 output_rows=6627875 output_columns=1 output_bytes=53851544 byte_ratio=0.313778 row_ratio=0.632384 duration_us=680
[2026-07-09 04:21:04.086] [info] [gpu_pipeline_task.cpp:188] [locality-audit] prepare_before pipeline_id=6 task_id=431 preferred_device=0 actual_gpu=0 target_tier=GPU target_device=0 input_bytes=168046312 local_bytes=0 remote_gpu_bytes=0 host_bytes=168046312 disk_bytes=0 batch_count=1
[2026-07-09 04:21:04.086] [info] [task_scheduler.cpp:462] [mgpu-audit] pipeline_task dispatched to GPU 0 task_id=441
[2026-07-09 04:21:04.086] [info] [task_scheduler.cpp:464] [locality-audit] dispatch task_id=441 preferred_device=0 actual_gpu=0
[2026-07-09 04:21:04.086] [info] [task_creator.cpp:363] [locality-audit] task_create operator_id=33 input_bytes=53851544 local_bytes=53851544 gpu_source_bytes=53851544 host_source_bytes=0 disk_source_bytes=0 gpu_sources=1 host_sources=0 preferred_device=0
[2026-07-09 04:21:04.086] [info] [gpu_pipeline_task.cpp:188] [locality-audit] prepare_before pipeline_id=6 task_id=433 preferred_device=0 actual_gpu=0 target_tier=GPU target_device=0 input_bytes=168241744 local_bytes=0 remote_gpu_bytes=0 host_bytes=168241744 disk_bytes=0 batch_count=1
[2026-07-09 04:21:04.086] [info] [task_scheduler.cpp:462] [mgpu-audit] pipeline_task dispatched to GPU 0 task_id=444
[2026-07-09 04:21:04.086] [info] [task_scheduler.cpp:464] [locality-audit] dispatch task_id=444 preferred_device=0 actual_gpu=0
[2026-07-09 04:21:04.093] [info] [gpu_pipeline_task.cpp:188] [locality-audit] prepare_after pipeline_id=6 task_id=431 preferred_device=0 actual_gpu=0 target_tier=GPU target_device=0 input_bytes=168046312 local_bytes=168046312 remote_gpu_bytes=0 host_bytes=0 disk_bytes=0 batch_count=1
[2026-07-09 04:21:04.098] [info] [gpu_pipeline_task.cpp:321] [stage-audit] pipeline_id=6 task_id=431 operator_id=33 operator_name=PARTITION stage_kind=PARTITION operator_type=82 input_type=PIPELINEABLE output_type=PIPELINEABLE actual_gpu=0 pipeline_operator_count=1 input_batches=1 input_rows=20682621 input_columns=1 input_bytes=168046312 output_batches=2 output_rows=20682621 output_columns=2 output_bytes=165460968 byte_ratio=0.984615 row_ratio=1.000000 duration_us=4700
[2026-07-09 04:21:04.101] [info] [gpu_pipeline_task.cpp:188] [locality-audit] prepare_after pipeline_id=6 task_id=433 preferred_device=0 actual_gpu=0 target_tier=GPU target_device=0 input_bytes=168241744 local_bytes=168241744 remote_gpu_bytes=0 host_bytes=0 disk_bytes=0 batch_count=1
[2026-07-09 04:21:04.104] [info] [gpu_pipeline_task.cpp:321] [stage-audit] pipeline_id=6 task_id=433 operator_id=33 operator_name=PARTITION stage_kind=PARTITION operator_type=82 input_type=PIPELINEABLE output_type=PIPELINEABLE actual_gpu=0 pipeline_operator_count=1 input_batches=1 input_rows=20706674 input_columns=1 input_bytes=168241744 output_batches=2 output_rows=20706674 output_columns=2 output_bytes=165653392 byte_ratio=0.984615 row_ratio=1.000000 duration_us=3518
[2026-07-09 04:21:04.104] [info] [gpu_pipeline_task.cpp:188] [locality-audit] prepare_before pipeline_id=6 task_id=437 preferred_device=0 actual_gpu=0 target_tier=GPU target_device=0 input_bytes=168269872 local_bytes=0 remote_gpu_bytes=0 host_bytes=168269872 disk_bytes=0 batch_count=1
[2026-07-09 04:21:04.104] [info] [task_scheduler.cpp:462] [mgpu-audit] pipeline_task dispatched to GPU 0 task_id=445
[2026-07-09 04:21:04.104] [info] [task_scheduler.cpp:464] [locality-audit] dispatch task_id=445 preferred_device=0 actual_gpu=0
[2026-07-09 04:21:04.111] [info] [gpu_pipeline_task.cpp:188] [locality-audit] prepare_after pipeline_id=6 task_id=437 preferred_device=0 actual_gpu=0 target_tier=GPU target_device=0 input_bytes=168269872 local_bytes=168269872 remote_gpu_bytes=0 host_bytes=0 disk_bytes=0 batch_count=1
[2026-07-09 04:21:04.113] [info] [gpu_pipeline_task.cpp:321] [stage-audit] pipeline_id=6 task_id=437 operator_id=33 operator_name=PARTITION stage_kind=PARTITION operator_type=82 input_type=PIPELINEABLE output_type=PIPELINEABLE actual_gpu=0 pipeline_operator_count=1 input_batches=1 input_rows=20710134 input_columns=1 input_bytes=168269872 output_batches=2 output_rows=20710134 output_columns=2 output_bytes=165681072 byte_ratio=0.984615 row_ratio=1.000000 duration_us=2071
[2026-07-09 04:21:04.113] [info] [gpu_pipeline_task.cpp:188] [locality-audit] prepare_before pipeline_id=6 task_id=435 preferred_device=0 actual_gpu=0 target_tier=GPU target_device=0 input_bytes=168264152 local_bytes=0 remote_gpu_bytes=0 host_bytes=168264152 disk_bytes=0 batch_count=1
[2026-07-09 04:21:04.113] [info] [task_scheduler.cpp:462] [mgpu-audit] pipeline_task dispatched to GPU 0 task_id=447
[2026-07-09 04:21:04.113] [info] [task_scheduler.cpp:464] [locality-audit] dispatch task_id=447 preferred_device=0 actual_gpu=0
[2026-07-09 04:21:04.120] [info] [gpu_pipeline_task.cpp:188] [locality-audit] prepare_after pipeline_id=6 task_id=435 preferred_device=0 actual_gpu=0 target_tier=GPU target_device=0 input_bytes=168264152 local_bytes=168264152 remote_gpu_bytes=0 host_bytes=0 disk_bytes=0 batch_count=1
[2026-07-09 04:21:04.122] [info] [gpu_pipeline_task.cpp:321] [stage-audit] pipeline_id=6 task_id=435 operator_id=33 operator_name=PARTITION stage_kind=PARTITION operator_type=82 input_type=PIPELINEABLE output_type=PIPELINEABLE actual_gpu=0 pipeline_operator_count=1 input_batches=1 input_rows=20709427 input_columns=1 input_bytes=168264152 output_batches=2 output_rows=20709427 output_columns=2 output_bytes=165675416 byte_ratio=0.984615 row_ratio=1.000000 duration_us=2311
[2026-07-09 04:21:04.136] [info] [task_scheduler.cpp:462] [mgpu-audit] pipeline_task dispatched to GPU 1 task_id=454
[2026-07-09 04:21:04.136] [info] [task_scheduler.cpp:464] [locality-audit] dispatch task_id=454 preferred_device=1 actual_gpu=1
[2026-07-09 04:21:04.136] [info] [task_scheduler.cpp:462] [mgpu-audit] pipeline_task dispatched to GPU 1 task_id=455
[2026-07-09 04:21:04.136] [info] [task_scheduler.cpp:464] [locality-audit] dispatch task_id=455 preferred_device=1 actual_gpu=1
[2026-07-09 04:21:04.139] [info] [task_scheduler.cpp:462] [mgpu-audit] pipeline_task dispatched to GPU 0 task_id=448
[2026-07-09 04:21:04.139] [info] [task_scheduler.cpp:464] [locality-audit] dispatch task_id=448 preferred_device=0 actual_gpu=0
[2026-07-09 04:21:04.139] [info] [gpu_pipeline_task.cpp:188] [locality-audit] prepare_before pipeline_id=6 task_id=440 preferred_device=0 actual_gpu=0 target_tier=GPU target_device=0 input_bytes=168271904 local_bytes=0 remote_gpu_bytes=0 host_bytes=168271904 disk_bytes=0 batch_count=1
[2026-07-09 04:21:04.146] [info] [gpu_pipeline_task.cpp:188] [locality-audit] prepare_after pipeline_id=6 task_id=440 preferred_device=0 actual_gpu=0 target_tier=GPU target_device=0 input_bytes=168271904 local_bytes=168271904 remote_gpu_bytes=0 host_bytes=0 disk_bytes=0 batch_count=1
[2026-07-09 04:21:04.148] [info] [gpu_pipeline_task.cpp:321] [stage-audit] pipeline_id=6 task_id=440 operator_id=33 operator_name=PARTITION stage_kind=PARTITION operator_type=82 input_type=PIPELINEABLE output_type=PIPELINEABLE actual_gpu=0 pipeline_operator_count=1 input_batches=1 input_rows=20710388 input_columns=1 input_bytes=168271904 output_batches=2 output_rows=20710388 output_columns=2 output_bytes=165683104 byte_ratio=0.984615 row_ratio=1.000000 duration_us=2092
[2026-07-09 04:21:04.148] [info] [task_scheduler.cpp:462] [mgpu-audit] pipeline_task dispatched to GPU 0 task_id=451
[2026-07-09 04:21:04.148] [info] [task_scheduler.cpp:464] [locality-audit] dispatch task_id=451 preferred_device=0 actual_gpu=0
[2026-07-09 04:21:04.148] [info] [gpu_pipeline_task.cpp:188] [locality-audit] prepare_before pipeline_id=6 task_id=441 preferred_device=0 actual_gpu=0 target_tier=GPU target_device=0 input_bytes=168269368 local_bytes=0 remote_gpu_bytes=0 host_bytes=168269368 disk_bytes=0 batch_count=1
[2026-07-09 04:21:04.156] [info] [gpu_pipeline_task.cpp:188] [locality-audit] prepare_after pipeline_id=6 task_id=441 preferred_device=0 actual_gpu=0 target_tier=GPU target_device=0 input_bytes=168269368 local_bytes=168269368 remote_gpu_bytes=0 host_bytes=0 disk_bytes=0 batch_count=1
[2026-07-09 04:21:04.158] [info] [gpu_pipeline_task.cpp:321] [stage-audit] pipeline_id=6 task_id=441 operator_id=33 operator_name=PARTITION stage_kind=PARTITION operator_type=82 input_type=PIPELINEABLE output_type=PIPELINEABLE actual_gpu=0 pipeline_operator_count=1 input_batches=1 input_rows=20710071 input_columns=1 input_bytes=168269368 output_batches=2 output_rows=20710071 output_columns=2 output_bytes=165680568 byte_ratio=0.984615 row_ratio=1.000000 duration_us=1981
[2026-07-09 04:21:04.158] [info] [gpu_pipeline_task.cpp:188] [locality-audit] prepare_before pipeline_id=6 task_id=444 preferred_device=0 actual_gpu=0 target_tier=GPU target_device=0 input_bytes=168271024 local_bytes=168271024 remote_gpu_bytes=0 host_bytes=0 disk_bytes=0 batch_count=1
[2026-07-09 04:21:04.158] [info] [gpu_pipeline_task.cpp:188] [locality-audit] prepare_after pipeline_id=6 task_id=444 preferred_device=0 actual_gpu=0 target_tier=GPU target_device=0 input_bytes=168271024 local_bytes=168271024 remote_gpu_bytes=0 host_bytes=0 disk_bytes=0 batch_count=1
[2026-07-09 04:21:04.158] [info] [task_scheduler.cpp:462] [mgpu-audit] pipeline_task dispatched to GPU 0 task_id=452
[2026-07-09 04:21:04.158] [info] [task_scheduler.cpp:464] [locality-audit] dispatch task_id=452 preferred_device=0 actual_gpu=0
[2026-07-09 04:21:04.159] [info] [gpu_pipeline_task.cpp:188] [locality-audit] prepare_before pipeline_id=7 task_id=454 preferred_device=1 actual_gpu=1 target_tier=GPU target_device=1 input_bytes=497178024 local_bytes=0 remote_gpu_bytes=0 host_bytes=497178024 disk_bytes=0 batch_count=6
[2026-07-09 04:21:04.159] [info] [gpu_pipeline_task.cpp:188] [locality-audit] prepare_before pipeline_id=7 task_id=455 preferred_device=1 actual_gpu=1 target_tier=GPU target_device=1 input_bytes=82839016 local_bytes=0 remote_gpu_bytes=0 host_bytes=82839016 disk_bytes=0 batch_count=1
[2026-07-09 04:21:04.160] [info] [gpu_pipeline_task.cpp:321] [stage-audit] pipeline_id=6 task_id=444 operator_id=33 operator_name=PARTITION stage_kind=PARTITION operator_type=82 input_type=PIPELINEABLE output_type=PIPELINEABLE actual_gpu=0 pipeline_operator_count=1 input_batches=1 input_rows=20710278 input_columns=1 input_bytes=168271024 output_batches=2 output_rows=20710278 output_columns=2 output_bytes=165682224 byte_ratio=0.984615 row_ratio=1.000000 duration_us=1964
[2026-07-09 04:21:04.160] [info] [task_scheduler.cpp:462] [mgpu-audit] pipeline_task dispatched to GPU 0 task_id=453
[2026-07-09 04:21:04.160] [info] [task_scheduler.cpp:464] [locality-audit] dispatch task_id=453 preferred_device=0 actual_gpu=0
[2026-07-09 04:21:04.160] [info] [gpu_pipeline_task.cpp:188] [locality-audit] prepare_before pipeline_id=6 task_id=445 preferred_device=0 actual_gpu=0 target_tier=GPU target_device=0 input_bytes=168295632 local_bytes=168295632 remote_gpu_bytes=0 host_bytes=0 disk_bytes=0 batch_count=1
[2026-07-09 04:21:04.160] [info] [gpu_pipeline_task.cpp:188] [locality-audit] prepare_after pipeline_id=6 task_id=445 preferred_device=0 actual_gpu=0 target_tier=GPU target_device=0 input_bytes=168295632 local_bytes=168295632 remote_gpu_bytes=0 host_bytes=0 disk_bytes=0 batch_count=1
[2026-07-09 04:21:04.163] [info] [gpu_pipeline_task.cpp:321] [stage-audit] pipeline_id=6 task_id=445 operator_id=33 operator_name=PARTITION stage_kind=PARTITION operator_type=82 input_type=PIPELINEABLE output_type=PIPELINEABLE actual_gpu=0 pipeline_operator_count=1 input_batches=1 input_rows=20713306 input_columns=1 input_bytes=168295632 output_batches=2 output_rows=20713306 output_columns=2 output_bytes=165706448 byte_ratio=0.984615 row_ratio=1.000000 duration_us=2802
[2026-07-09 04:21:04.163] [info] [gpu_pipeline_task.cpp:188] [locality-audit] prepare_before pipeline_id=7 task_id=447 preferred_device=0 actual_gpu=0 target_tier=GPU target_device=0 input_bytes=496938160 local_bytes=82912776 remote_gpu_bytes=414025384 host_bytes=0 disk_bytes=0 batch_count=6
[2026-07-09 04:21:04.166] [info] [gpu_pipeline_task.cpp:188] [locality-audit] prepare_after pipeline_id=7 task_id=455 preferred_device=1 actual_gpu=1 target_tier=GPU target_device=1 input_bytes=82839016 local_bytes=82839016 remote_gpu_bytes=0 host_bytes=0 disk_bytes=0 batch_count=1
[2026-07-09 04:21:04.166] [info] [gpu_pipeline_task.cpp:321] [stage-audit] pipeline_id=7 task_id=455 operator_id=32 operator_name=CONCAT stage_kind=CONCAT operator_type=83 input_type=PARTITIONED output_type=PARTITIONED actual_gpu=1 pipeline_operator_count=1 input_batches=1 input_rows=10354877 input_columns=1 input_bytes=82839016 output_batches=1 output_rows=10354877 output_columns=1 output_bytes=82839016 byte_ratio=1.000000 row_ratio=1.000000 duration_us=3
[2026-07-09 04:21:04.184] [info] [gpu_pipeline_task.cpp:188] [locality-audit] prepare_after pipeline_id=7 task_id=454 preferred_device=1 actual_gpu=1 target_tier=GPU target_device=1 input_bytes=497178024 local_bytes=497178024 remote_gpu_bytes=0 host_bytes=0 disk_bytes=0 batch_count=6
[2026-07-09 04:21:04.184] [info] [gpu_pipeline_task.cpp:188] [locality-audit] prepare_after pipeline_id=7 task_id=447 preferred_device=0 actual_gpu=0 target_tier=GPU target_device=0 input_bytes=496938160 local_bytes=496938160 remote_gpu_bytes=0 host_bytes=0 disk_bytes=0 batch_count=6
[2026-07-09 04:21:04.186] [info] [gpu_pipeline_task.cpp:321] [stage-audit] pipeline_id=7 task_id=454 operator_id=32 operator_name=CONCAT stage_kind=CONCAT operator_type=83 input_type=PARTITIONED output_type=PARTITIONED actual_gpu=1 pipeline_operator_count=1 input_batches=6 input_rows=62147253 input_columns=6 input_bytes=497178024 output_batches=1 output_rows=62147253 output_columns=1 output_bytes=497178024 byte_ratio=1.000000 row_ratio=1.000000 duration_us=1544
[2026-07-09 04:21:04.186] [info] [gpu_pipeline_task.cpp:321] [stage-audit] pipeline_id=7 task_id=447 operator_id=32 operator_name=CONCAT stage_kind=CONCAT operator_type=83 input_type=PARTITIONED output_type=PARTITIONED actual_gpu=0 pipeline_operator_count=1 input_batches=6 input_rows=62117270 input_columns=6 input_bytes=496938160 output_batches=1 output_rows=62117270 output_columns=1 output_bytes=496938160 byte_ratio=1.000000 row_ratio=1.000000 duration_us=1723
[2026-07-09 04:21:04.215] [info] [gpu_pipeline_task.cpp:188] [locality-audit] prepare_before pipeline_id=7 task_id=448 preferred_device=0 actual_gpu=0 target_tier=GPU target_device=0 input_bytes=82846600 local_bytes=0 remote_gpu_bytes=0 host_bytes=82846600 disk_bytes=0 batch_count=1
[2026-07-09 04:21:04.215] [info] [gpu_pipeline_task.cpp:188] [locality-audit] prepare_before pipeline_id=6 task_id=451 preferred_device=0 actual_gpu=0 target_tier=GPU target_device=0 input_bytes=53851544 local_bytes=53851544 remote_gpu_bytes=0 host_bytes=0 disk_bytes=0 batch_count=1
[2026-07-09 04:21:04.215] [info] [gpu_pipeline_task.cpp:188] [locality-audit] prepare_after pipeline_id=6 task_id=451 preferred_device=0 actual_gpu=0 target_tier=GPU target_device=0 input_bytes=53851544 local_bytes=53851544 remote_gpu_bytes=0 host_bytes=0 disk_bytes=0 batch_count=1
[2026-07-09 04:21:04.216] [info] [gpu_pipeline_task.cpp:321] [stage-audit] pipeline_id=6 task_id=451 operator_id=33 operator_name=PARTITION stage_kind=PARTITION operator_type=82 input_type=PIPELINEABLE output_type=PIPELINEABLE actual_gpu=0 pipeline_operator_count=1 input_batches=1 input_rows=6627875 input_columns=1 input_bytes=53851544 output_batches=2 output_rows=6627875 output_columns=2 output_bytes=53023000 byte_ratio=0.984614 row_ratio=1.000000 duration_us=949
[2026-07-09 04:21:04.216] [info] [task_scheduler.cpp:462] [mgpu-audit] pipeline_task dispatched to GPU 0 task_id=456
[2026-07-09 04:21:04.216] [info] [task_scheduler.cpp:464] [locality-audit] dispatch task_id=456 preferred_device=0 actual_gpu=0
[2026-07-09 04:21:04.217] [info] [task_scheduler.cpp:462] [mgpu-audit] pipeline_task dispatched to GPU 1 task_id=457
[2026-07-09 04:21:04.217] [info] [task_scheduler.cpp:464] [locality-audit] dispatch task_id=457 preferred_device=1 actual_gpu=1
[2026-07-09 04:21:04.217] [info] [gpu_pipeline_task.cpp:188] [locality-audit] prepare_before pipeline_id=7 task_id=457 preferred_device=1 actual_gpu=1 target_tier=GPU target_device=1 input_bytes=357862064 local_bytes=0 remote_gpu_bytes=109357264 host_bytes=248504800 disk_bytes=0 batch_count=5
[2026-07-09 04:21:04.219] [info] [gpu_pipeline_task.cpp:188] [locality-audit] prepare_after pipeline_id=7 task_id=448 preferred_device=0 actual_gpu=0 target_tier=GPU target_device=0 input_bytes=82846600 local_bytes=82846600 remote_gpu_bytes=0 host_bytes=0 disk_bytes=0 batch_count=1
[2026-07-09 04:21:04.219] [info] [gpu_pipeline_task.cpp:321] [stage-audit] pipeline_id=7 task_id=448 operator_id=32 operator_name=CONCAT stage_kind=CONCAT operator_type=83 input_type=PARTITIONED output_type=PARTITIONED actual_gpu=0 pipeline_operator_count=1 input_batches=1 input_rows=10355825 input_columns=1 input_bytes=82846600 output_batches=1 output_rows=10355825 output_columns=1 output_bytes=82846600 byte_ratio=1.000000 row_ratio=1.000000 duration_us=2
[2026-07-09 04:21:04.222] [info] [gpu_pipeline_task.cpp:188] [locality-audit] prepare_before pipeline_id=7 task_id=452 preferred_device=0 actual_gpu=0 target_tier=GPU target_device=0 input_bytes=496615048 local_bytes=248256224 remote_gpu_bytes=0 host_bytes=248358824 disk_bytes=0 batch_count=6
[2026-07-09 04:21:04.233] [info] [gpu_pipeline_task.cpp:188] [locality-audit] prepare_after pipeline_id=7 task_id=452 preferred_device=0 actual_gpu=0 target_tier=GPU target_device=0 input_bytes=496615048 local_bytes=496615048 remote_gpu_bytes=0 host_bytes=0 disk_bytes=0 batch_count=6
[2026-07-09 04:21:04.235] [info] [gpu_pipeline_task.cpp:321] [stage-audit] pipeline_id=7 task_id=452 operator_id=32 operator_name=CONCAT stage_kind=CONCAT operator_type=83 input_type=PARTITIONED output_type=PARTITIONED actual_gpu=0 pipeline_operator_count=1 input_batches=6 input_rows=62076881 input_columns=6 input_bytes=496615048 output_batches=1 output_rows=62076881 output_columns=1 output_bytes=496615048 byte_ratio=1.000000 row_ratio=1.000000 duration_us=1779
[2026-07-09 04:21:04.235] [info] [gpu_pipeline_task.cpp:188] [locality-audit] prepare_before pipeline_id=7 task_id=453 preferred_device=0 actual_gpu=0 target_tier=GPU target_device=0 input_bytes=82836400 local_bytes=0 remote_gpu_bytes=0 host_bytes=82836400 disk_bytes=0 batch_count=1
[2026-07-09 04:21:04.235] [info] [gpu_pipeline_task.cpp:188] [locality-audit] prepare_before pipeline_id=7 task_id=456 preferred_device=0 actual_gpu=0 target_tier=GPU target_device=0 input_bytes=357913280 local_bytes=357913280 remote_gpu_bytes=0 host_bytes=0 disk_bytes=0 batch_count=5
[2026-07-09 04:21:04.235] [info] [gpu_pipeline_task.cpp:188] [locality-audit] prepare_after pipeline_id=7 task_id=456 preferred_device=0 actual_gpu=0 target_tier=GPU target_device=0 input_bytes=357913280 local_bytes=357913280 remote_gpu_bytes=0 host_bytes=0 disk_bytes=0 batch_count=5
[2026-07-09 04:21:04.239] [info] [gpu_pipeline_task.cpp:188] [locality-audit] prepare_after pipeline_id=7 task_id=453 preferred_device=0 actual_gpu=0 target_tier=GPU target_device=0 input_bytes=82836400 local_bytes=82836400 remote_gpu_bytes=0 host_bytes=0 disk_bytes=0 batch_count=1
[2026-07-09 04:21:04.239] [info] [gpu_pipeline_task.cpp:188] [locality-audit] prepare_after pipeline_id=7 task_id=457 preferred_device=1 actual_gpu=1 target_tier=GPU target_device=1 input_bytes=357862064 local_bytes=357862064 remote_gpu_bytes=0 host_bytes=0 disk_bytes=0 batch_count=5
[2026-07-09 04:21:04.239] [info] [gpu_pipeline_task.cpp:321] [stage-audit] pipeline_id=7 task_id=453 operator_id=32 operator_name=CONCAT stage_kind=CONCAT operator_type=83 input_type=PARTITIONED output_type=PARTITIONED actual_gpu=0 pipeline_operator_count=1 input_batches=1 input_rows=10354550 input_columns=1 input_bytes=82836400 output_batches=1 output_rows=10354550 output_columns=1 output_bytes=82836400 byte_ratio=1.000000 row_ratio=1.000000 duration_us=1
[2026-07-09 04:21:04.240] [info] [gpu_pipeline_task.cpp:321] [stage-audit] pipeline_id=7 task_id=456 operator_id=32 operator_name=CONCAT stage_kind=CONCAT operator_type=83 input_type=PARTITIONED output_type=PARTITIONED actual_gpu=0 pipeline_operator_count=1 input_batches=5 input_rows=44739160 input_columns=5 input_bytes=357913280 output_batches=1 output_rows=44739160 output_columns=1 output_bytes=357913280 byte_ratio=1.000000 row_ratio=1.000000 duration_us=5042
[2026-07-09 04:21:04.241] [info] [gpu_pipeline_task.cpp:321] [stage-audit] pipeline_id=7 task_id=457 operator_id=32 operator_name=CONCAT stage_kind=CONCAT operator_type=83 input_type=PARTITIONED output_type=PARTITIONED actual_gpu=1 pipeline_operator_count=1 input_batches=5 input_rows=44732758 input_columns=5 input_bytes=357862064 output_batches=1 output_rows=44732758 output_columns=1 output_bytes=357862064 byte_ratio=1.000000 row_ratio=1.000000 duration_us=1665
[2026-07-09 04:21:04.241] [info] [task_scheduler.cpp:462] [mgpu-audit] pipeline_task dispatched to GPU 0 task_id=458
[2026-07-09 04:21:04.241] [info] [task_scheduler.cpp:464] [locality-audit] dispatch task_id=458 preferred_device=0 actual_gpu=0
[2026-07-09 04:21:04.241] [info] [task_scheduler.cpp:462] [mgpu-audit] pipeline_task dispatched to GPU 0 task_id=459
[2026-07-09 04:21:04.241] [info] [task_scheduler.cpp:464] [locality-audit] dispatch task_id=459 preferred_device=0 actual_gpu=0
[2026-07-09 04:21:04.241] [info] [task_scheduler.cpp:462] [mgpu-audit] pipeline_task dispatched to GPU 1 task_id=463
[2026-07-09 04:21:04.241] [info] [task_scheduler.cpp:464] [locality-audit] dispatch task_id=463 preferred_device=1 actual_gpu=1
[2026-07-09 04:21:04.241] [info] [task_scheduler.cpp:462] [mgpu-audit] pipeline_task dispatched to GPU 0 task_id=460
[2026-07-09 04:21:04.241] [info] [task_scheduler.cpp:464] [locality-audit] dispatch task_id=460 preferred_device=0 actual_gpu=0
[2026-07-09 04:21:04.241] [info] [task_scheduler.cpp:462] [mgpu-audit] pipeline_task dispatched to GPU 0 task_id=461
[2026-07-09 04:21:04.241] [info] [task_scheduler.cpp:464] [locality-audit] dispatch task_id=461 preferred_device=0 actual_gpu=0
[2026-07-09 04:21:04.241] [info] [task_scheduler.cpp:462] [mgpu-audit] pipeline_task dispatched to GPU 0 task_id=462
[2026-07-09 04:21:04.241] [info] [task_scheduler.cpp:464] [locality-audit] dispatch task_id=462 preferred_device=0 actual_gpu=0
[2026-07-09 04:21:04.241] [info] [task_scheduler.cpp:462] [mgpu-audit] pipeline_task dispatched to GPU 1 task_id=464
[2026-07-09 04:21:04.241] [info] [task_scheduler.cpp:464] [locality-audit] dispatch task_id=464 preferred_device=1 actual_gpu=1
[2026-07-09 04:21:04.241] [warning] [downgrade_executor.cpp:335] [downgrade] [GPU:0] downgrade request not satisfied and disk memory space is not configured; data cannot be spilled to disk. Consider configuring a disk memory space to enable spilling.
[2026-07-09 04:21:04.241] [warning] [gpu_pipeline_executor.cpp:250] GPU Pipeline Executor: after downgrade (0 bytes freed), reservation still partial (585205120/1559693928 bytes) for pipeline 8 task 458 -- proceeding with partial reservation
[2026-07-09 04:21:04.241] [info] [gpu_pipeline_task.cpp:188] [locality-audit] prepare_before pipeline_id=8 task_id=458 preferred_device=0 actual_gpu=0 target_tier=GPU target_device=0 input_bytes=519897976 local_bytes=0 remote_gpu_bytes=0 host_bytes=519897976 disk_bytes=0 batch_count=2
[2026-07-09 04:21:04.264] [info] [gpu_pipeline_task.cpp:188] [locality-audit] prepare_after pipeline_id=8 task_id=458 preferred_device=0 actual_gpu=0 target_tier=GPU target_device=0 input_bytes=519897976 local_bytes=519897976 remote_gpu_bytes=0 host_bytes=0 disk_bytes=0 batch_count=2
[2026-07-09 04:21:04.277] [warning] [downgrade_executor.cpp:335] [downgrade] [GPU:1] downgrade request not satisfied and disk memory space is not configured; data cannot be spilled to disk. Consider configuring a disk memory space to enable spilling.
[2026-07-09 04:21:04.277] [warning] [gpu_pipeline_executor.cpp:250] GPU Pipeline Executor: after downgrade (937879104 bytes freed), reservation still partial (1526096512/1559779536 bytes) for pipeline 8 task 463 -- proceeding with partial reservation
[2026-07-09 04:21:04.277] [info] [gpu_pipeline_task.cpp:188] [locality-audit] prepare_before pipeline_id=8 task_id=463 preferred_device=1 actual_gpu=1 target_tier=GPU target_device=1 input_bytes=519926512 local_bytes=0 remote_gpu_bytes=0 host_bytes=519926512 disk_bytes=0 batch_count=2
[2026-07-09 04:21:04.277] [info] [task_scheduler.cpp:462] [mgpu-audit] pipeline_task dispatched to GPU 1 task_id=465
[2026-07-09 04:21:04.277] [info] [task_scheduler.cpp:464] [locality-audit] dispatch task_id=465 preferred_device=1 actual_gpu=1
[2026-07-09 04:21:04.277] [info] [task_scheduler.cpp:462] [mgpu-audit] pipeline_task dispatched to GPU 1 task_id=466
[2026-07-09 04:21:04.277] [info] [task_scheduler.cpp:464] [locality-audit] dispatch task_id=466 preferred_device=1 actual_gpu=1
[2026-07-09 04:21:04.277] [info] [task_scheduler.cpp:462] [mgpu-audit] pipeline_task dispatched to GPU 1 task_id=467
[2026-07-09 04:21:04.277] [info] [task_scheduler.cpp:464] [locality-audit] dispatch task_id=467 preferred_device=1 actual_gpu=1
[2026-07-09 04:21:04.282] [info] [gpu_pipeline_task.cpp:321] [stage-audit] pipeline_id=8 task_id=458 operator_id=16 operator_name=HASH_JOIN stage_kind=JOIN operator_type=33 input_type=PARTITIONED output_type=PIPELINEABLE actual_gpu=0 pipeline_operator_count=2 input_batches=2 input_rows=64987247 input_columns=2 input_bytes=519897976 output_batches=1 output_rows=2377290 output_columns=2 output_bytes=38036640 byte_ratio=0.073162 row_ratio=0.036581 duration_us=17044
[2026-07-09 04:21:04.282] [info] [gpu_pipeline_task.cpp:321] [stage-audit] pipeline_id=8 task_id=458 operator_id=17 operator_name=PROJECTION stage_kind=PROJECTION operator_type=13 input_type=PIPELINEABLE output_type=PIPELINEABLE actual_gpu=0 pipeline_operator_count=2 input_batches=1 input_rows=2377290 input_columns=2 input_bytes=38036640 output_batches=1 output_rows=2377290 output_columns=1 output_bytes=19018320 byte_ratio=0.500000 row_ratio=1.000000 duration_us=6
[2026-07-09 04:21:04.282] [info] [gpu_pipeline_task.cpp:188] [locality-audit] prepare_before pipeline_id=8 task_id=459 preferred_device=0 actual_gpu=0 target_tier=GPU target_device=0 input_bytes=105806416 local_bytes=22959816 remote_gpu_bytes=0 host_bytes=82846600 disk_bytes=0 batch_count=2
[2026-07-09 04:21:04.282] [info] [gpu_pipeline_task.cpp:188] [locality-audit] prepare_before pipeline_id=8 task_id=460 preferred_device=0 actual_gpu=0 target_tier=GPU target_device=0 input_bytes=519574864 local_bytes=519574864 remote_gpu_bytes=0 host_bytes=0 disk_bytes=0 batch_count=2
[2026-07-09 04:21:04.282] [info] [gpu_pipeline_task.cpp:188] [locality-audit] prepare_before pipeline_id=8 task_id=462 preferred_device=0 actual_gpu=0 target_tier=GPU target_device=0 input_bytes=380873096 local_bytes=380873096 remote_gpu_bytes=0 host_bytes=0 disk_bytes=0 batch_count=2
[2026-07-09 04:21:04.282] [info] [gpu_pipeline_task.cpp:188] [locality-audit] prepare_before pipeline_id=8 task_id=461 preferred_device=0 actual_gpu=0 target_tier=GPU target_device=0 input_bytes=105796216 local_bytes=105796216 remote_gpu_bytes=0 host_bytes=0 disk_bytes=0 batch_count=2
[2026-07-09 04:21:04.282] [info] [gpu_pipeline_task.cpp:188] [locality-audit] prepare_after pipeline_id=8 task_id=462 preferred_device=0 actual_gpu=0 target_tier=GPU target_device=0 input_bytes=380873096 local_bytes=380873096 remote_gpu_bytes=0 host_bytes=0 disk_bytes=0 batch_count=2
[2026-07-09 04:21:04.282] [info] [gpu_pipeline_task.cpp:188] [locality-audit] prepare_after pipeline_id=8 task_id=460 preferred_device=0 actual_gpu=0 target_tier=GPU target_device=0 input_bytes=519574864 local_bytes=519574864 remote_gpu_bytes=0 host_bytes=0 disk_bytes=0 batch_count=2
[2026-07-09 04:21:04.282] [info] [gpu_pipeline_task.cpp:188] [locality-audit] prepare_after pipeline_id=8 task_id=461 preferred_device=0 actual_gpu=0 target_tier=GPU target_device=0 input_bytes=105796216 local_bytes=105796216 remote_gpu_bytes=0 host_bytes=0 disk_bytes=0 batch_count=2
[2026-07-09 04:21:04.299] [info] [gpu_pipeline_task.cpp:188] [locality-audit] prepare_after pipeline_id=8 task_id=463 preferred_device=1 actual_gpu=1 target_tier=GPU target_device=1 input_bytes=519926512 local_bytes=519926512 remote_gpu_bytes=0 host_bytes=0 disk_bytes=0 batch_count=2
[2026-07-09 04:21:04.316] [info] [gpu_pipeline_task.cpp:321] [stage-audit] pipeline_id=8 task_id=463 operator_id=16 operator_name=HASH_JOIN stage_kind=JOIN operator_type=33 input_type=PARTITIONED output_type=PIPELINEABLE actual_gpu=1 pipeline_operator_count=2 input_batches=2 input_rows=64990814 input_columns=2 input_bytes=519926512 output_batches=1 output_rows=2373592 output_columns=2 output_bytes=37977472 byte_ratio=0.073044 row_ratio=0.036522 duration_us=17011
[2026-07-09 04:21:04.316] [info] [gpu_pipeline_task.cpp:321] [stage-audit] pipeline_id=8 task_id=463 operator_id=17 operator_name=PROJECTION stage_kind=PROJECTION operator_type=13 input_type=PIPELINEABLE output_type=PIPELINEABLE actual_gpu=1 pipeline_operator_count=2 input_batches=1 input_rows=2373592 input_columns=2 input_bytes=37977472 output_batches=1 output_rows=2373592 output_columns=1 output_bytes=18988736 byte_ratio=0.500000 row_ratio=1.000000 duration_us=5
[2026-07-09 04:21:04.316] [info] [gpu_pipeline_task.cpp:188] [locality-audit] prepare_before pipeline_id=8 task_id=464 preferred_device=1 actual_gpu=1 target_tier=GPU target_device=1 input_bytes=105796272 local_bytes=22949792 remote_gpu_bytes=0 host_bytes=82846480 disk_bytes=0 batch_count=2
[2026-07-09 04:21:04.316] [info] [gpu_pipeline_task.cpp:188] [locality-audit] prepare_before pipeline_id=8 task_id=465 preferred_device=1 actual_gpu=1 target_tier=GPU target_device=1 input_bytes=105788808 local_bytes=22949792 remote_gpu_bytes=0 host_bytes=82839016 disk_bytes=0 batch_count=2
[2026-07-09 04:21:04.316] [info] [gpu_pipeline_task.cpp:188] [locality-audit] prepare_before pipeline_id=8 task_id=466 preferred_device=1 actual_gpu=1 target_tier=GPU target_device=1 input_bytes=520127816 local_bytes=22949792 remote_gpu_bytes=0 host_bytes=497178024 disk_bytes=0 batch_count=2
[2026-07-09 04:21:04.316] [info] [gpu_pipeline_task.cpp:188] [locality-audit] prepare_before pipeline_id=8 task_id=467 preferred_device=1 actual_gpu=1 target_tier=GPU target_device=1 input_bytes=380811856 local_bytes=22949792 remote_gpu_bytes=0 host_bytes=357862064 disk_bytes=0 batch_count=2
[2026-07-09 04:21:04.323] [info] [gpu_pipeline_task.cpp:188] [locality-audit] prepare_after pipeline_id=8 task_id=459 preferred_device=0 actual_gpu=0 target_tier=GPU target_device=0 input_bytes=105806416 local_bytes=105806416 remote_gpu_bytes=0 host_bytes=0 disk_bytes=0 batch_count=2
[2026-07-09 04:21:04.323] [info] [gpu_pipeline_task.cpp:321] [stage-audit] pipeline_id=8 task_id=461 operator_id=16 operator_name=HASH_JOIN stage_kind=JOIN operator_type=33 input_type=PARTITIONED output_type=PIPELINEABLE actual_gpu=0 pipeline_operator_count=2 input_batches=2 input_rows=13224527 input_columns=2 input_bytes=105796216 output_batches=1 output_rows=397129 output_columns=2 output_bytes=6354064 byte_ratio=0.060059 row_ratio=0.030030 duration_us=40881
[2026-07-09 04:21:04.323] [info] [gpu_pipeline_task.cpp:321] [stage-audit] pipeline_id=8 task_id=462 operator_id=16 operator_name=HASH_JOIN stage_kind=JOIN operator_type=33 input_type=PARTITIONED output_type=PIPELINEABLE actual_gpu=0 pipeline_operator_count=2 input_batches=2 input_rows=47609137 input_columns=2 input_bytes=380873096 output_batches=1 output_rows=1713736 output_columns=2 output_bytes=27419776 byte_ratio=0.071992 row_ratio=0.035996 duration_us=40948
[2026-07-09 04:21:04.323] [info] [gpu_pipeline_task.cpp:321] [stage-audit] pipeline_id=8 task_id=460 operator_id=16 operator_name=HASH_JOIN stage_kind=JOIN operator_type=33 input_type=PARTITIONED output_type=PIPELINEABLE actual_gpu=0 pipeline_operator_count=2 input_batches=2 input_rows=64946858 input_columns=2 input_bytes=519574864 output_batches=1 output_rows=2378765 output_columns=2 output_bytes=38060240 byte_ratio=0.073253 row_ratio=0.036626 duration_us=40960
[2026-07-09 04:21:04.323] [info] [gpu_pipeline_task.cpp:321] [stage-audit] pipeline_id=8 task_id=462 operator_id=17 operator_name=PROJECTION stage_kind=PROJECTION operator_type=13 input_type=PIPELINEABLE output_type=PIPELINEABLE actual_gpu=0 pipeline_operator_count=2 input_batches=1 input_rows=1713736 input_columns=2 input_bytes=27419776 output_batches=1 output_rows=1713736 output_columns=1 output_bytes=13709888 byte_ratio=0.500000 row_ratio=1.000000 duration_us=20
[2026-07-09 04:21:04.323] [info] [gpu_pipeline_task.cpp:321] [stage-audit] pipeline_id=8 task_id=460 operator_id=17 operator_name=PROJECTION stage_kind=PROJECTION operator_type=13 input_type=PIPELINEABLE output_type=PIPELINEABLE actual_gpu=0 pipeline_operator_count=2 input_batches=1 input_rows=2378765 input_columns=2 input_bytes=38060240 output_batches=1 output_rows=2378765 output_columns=1 output_bytes=19030120 byte_ratio=0.500000 row_ratio=1.000000 duration_us=14
[2026-07-09 04:21:04.323] [info] [gpu_pipeline_task.cpp:321] [stage-audit] pipeline_id=8 task_id=461 operator_id=17 operator_name=PROJECTION stage_kind=PROJECTION operator_type=13 input_type=PIPELINEABLE output_type=PIPELINEABLE actual_gpu=0 pipeline_operator_count=2 input_batches=1 input_rows=397129 input_columns=2 input_bytes=6354064 output_batches=1 output_rows=397129 output_columns=1 output_bytes=3177032 byte_ratio=0.500000 row_ratio=1.000000 duration_us=25
[2026-07-09 04:21:04.324] [info] [gpu_pipeline_task.cpp:188] [locality-audit] prepare_after pipeline_id=8 task_id=464 preferred_device=1 actual_gpu=1 target_tier=GPU target_device=1 input_bytes=105796272 local_bytes=105796272 remote_gpu_bytes=0 host_bytes=0 disk_bytes=0 batch_count=2
[2026-07-09 04:21:04.324] [info] [gpu_pipeline_task.cpp:188] [locality-audit] prepare_after pipeline_id=8 task_id=465 preferred_device=1 actual_gpu=1 target_tier=GPU target_device=1 input_bytes=105788808 local_bytes=105788808 remote_gpu_bytes=0 host_bytes=0 disk_bytes=0 batch_count=2
[2026-07-09 04:21:04.327] [info] [gpu_pipeline_task.cpp:321] [stage-audit] pipeline_id=8 task_id=459 operator_id=16 operator_name=HASH_JOIN stage_kind=JOIN operator_type=33 input_type=PARTITIONED output_type=PIPELINEABLE actual_gpu=0 pipeline_operator_count=2 input_batches=2 input_rows=13225802 input_columns=2 input_bytes=105806416 output_batches=1 output_rows=395704 output_columns=2 output_bytes=6331264 byte_ratio=0.059838 row_ratio=0.029919 duration_us=4307
[2026-07-09 04:21:04.327] [info] [gpu_pipeline_task.cpp:321] [stage-audit] pipeline_id=8 task_id=459 operator_id=17 operator_name=PROJECTION stage_kind=PROJECTION operator_type=13 input_type=PIPELINEABLE output_type=PIPELINEABLE actual_gpu=0 pipeline_operator_count=2 input_batches=1 input_rows=395704 input_columns=2 input_bytes=6331264 output_batches=1 output_rows=395704 output_columns=1 output_bytes=3165632 byte_ratio=0.500000 row_ratio=1.000000 duration_us=8
[2026-07-09 04:21:04.331] [info] [gpu_pipeline_task.cpp:321] [stage-audit] pipeline_id=8 task_id=464 operator_id=16 operator_name=HASH_JOIN stage_kind=JOIN operator_type=33 input_type=PARTITIONED output_type=PIPELINEABLE actual_gpu=1 pipeline_operator_count=2 input_batches=2 input_rows=13224534 input_columns=2 input_bytes=105796272 output_batches=1 output_rows=395275 output_columns=2 output_bytes=6324400 byte_ratio=0.059779 row_ratio=0.029890 duration_us=7524
[2026-07-09 04:21:04.331] [info] [gpu_pipeline_task.cpp:321] [stage-audit] pipeline_id=8 task_id=464 operator_id=17 operator_name=PROJECTION stage_kind=PROJECTION operator_type=13 input_type=PIPELINEABLE output_type=PIPELINEABLE actual_gpu=1 pipeline_operator_count=2 input_batches=1 input_rows=395275 input_columns=2 input_bytes=6324400 output_batches=1 output_rows=395275 output_columns=1 output_bytes=3162200 byte_ratio=0.500000 row_ratio=1.000000 duration_us=16
[2026-07-09 04:21:04.331] [info] [gpu_pipeline_task.cpp:321] [stage-audit] pipeline_id=8 task_id=465 operator_id=16 operator_name=HASH_JOIN stage_kind=JOIN operator_type=33 input_type=PARTITIONED output_type=PIPELINEABLE actual_gpu=1 pipeline_operator_count=2 input_batches=2 input_rows=13223601 input_columns=2 input_bytes=105788808 output_batches=1 output_rows=395351 output_columns=2 output_bytes=6325616 byte_ratio=0.059795 row_ratio=0.029897 duration_us=7449
[2026-07-09 04:21:04.331] [info] [gpu_pipeline_task.cpp:321] [stage-audit] pipeline_id=8 task_id=465 operator_id=17 operator_name=PROJECTION stage_kind=PROJECTION operator_type=13 input_type=PIPELINEABLE output_type=PIPELINEABLE actual_gpu=1 pipeline_operator_count=2 input_batches=1 input_rows=395351 input_columns=2 input_bytes=6325616 output_batches=1 output_rows=395351 output_columns=1 output_bytes=3162808 byte_ratio=0.500000 row_ratio=1.000000 duration_us=5
[2026-07-09 04:21:04.343] [info] [gpu_pipeline_task.cpp:188] [locality-audit] prepare_after pipeline_id=8 task_id=466 preferred_device=1 actual_gpu=1 target_tier=GPU target_device=1 input_bytes=520127816 local_bytes=520127816 remote_gpu_bytes=0 host_bytes=0 disk_bytes=0 batch_count=2
[2026-07-09 04:21:04.360] [info] [gpu_pipeline_task.cpp:188] [locality-audit] prepare_after pipeline_id=8 task_id=467 preferred_device=1 actual_gpu=1 target_tier=GPU target_device=1 input_bytes=380811856 local_bytes=380811856 remote_gpu_bytes=0 host_bytes=0 disk_bytes=0 batch_count=2
[2026-07-09 04:21:04.365] [info] [gpu_pipeline_task.cpp:321] [stage-audit] pipeline_id=8 task_id=466 operator_id=16 operator_name=HASH_JOIN stage_kind=JOIN operator_type=33 input_type=PARTITIONED output_type=PIPELINEABLE actual_gpu=1 pipeline_operator_count=2 input_batches=2 input_rows=65015977 input_columns=2 input_bytes=520127816 output_batches=1 output_rows=2378713 output_columns=2 output_bytes=38059408 byte_ratio=0.073173 row_ratio=0.036587 duration_us=21976
[2026-07-09 04:21:04.365] [info] [gpu_pipeline_task.cpp:321] [stage-audit] pipeline_id=8 task_id=466 operator_id=17 operator_name=PROJECTION stage_kind=PROJECTION operator_type=13 input_type=PIPELINEABLE output_type=PIPELINEABLE actual_gpu=1 pipeline_operator_count=2 input_batches=1 input_rows=2378713 input_columns=2 input_bytes=38059408 output_batches=1 output_rows=2378713 output_columns=1 output_bytes=19029704 byte_ratio=0.500000 row_ratio=1.000000 duration_us=4
[2026-07-09 04:21:04.372] [info] [gpu_pipeline_task.cpp:321] [stage-audit] pipeline_id=8 task_id=467 operator_id=16 operator_name=HASH_JOIN stage_kind=JOIN operator_type=33 input_type=PARTITIONED output_type=PIPELINEABLE actual_gpu=1 pipeline_operator_count=2 input_batches=2 input_rows=47601482 input_columns=2 input_bytes=380811856 output_batches=1 output_rows=1715185 output_columns=2 output_bytes=27442960 byte_ratio=0.072064 row_ratio=0.036032 duration_us=12807
[2026-07-09 04:21:04.373] [info] [gpu_pipeline_task.cpp:321] [stage-audit] pipeline_id=8 task_id=467 operator_id=17 operator_name=PROJECTION stage_kind=PROJECTION operator_type=13 input_type=PIPELINEABLE output_type=PIPELINEABLE actual_gpu=1 pipeline_operator_count=2 input_batches=1 input_rows=1715185 input_columns=2 input_bytes=27442960 output_batches=1 output_rows=1715185 output_columns=1 output_bytes=13721480 byte_ratio=0.500000 row_ratio=1.000000 duration_us=4
[2026-07-09 04:21:04.373] [info] [task_creator.cpp:363] [locality-audit] task_create operator_id=35 input_bytes=19018320 local_bytes=19018320 gpu_source_bytes=19018320 host_source_bytes=0 disk_source_bytes=0 gpu_sources=1 host_sources=0 preferred_device=0
[2026-07-09 04:21:04.373] [info] [task_creator.cpp:363] [locality-audit] task_create operator_id=35 input_bytes=18988736 local_bytes=18988736 gpu_source_bytes=18988736 host_source_bytes=0 disk_source_bytes=0 gpu_sources=1 host_sources=0 preferred_device=1
[2026-07-09 04:21:04.373] [info] [task_creator.cpp:363] [locality-audit] task_create operator_id=35 input_bytes=13709888 local_bytes=13709888 gpu_source_bytes=13709888 host_source_bytes=0 disk_source_bytes=0 gpu_sources=1 host_sources=0 preferred_device=0
[2026-07-09 04:21:04.373] [info] [task_scheduler.cpp:462] [mgpu-audit] pipeline_task dispatched to GPU 0 task_id=468
[2026-07-09 04:21:04.373] [info] [task_creator.cpp:363] [locality-audit] task_create operator_id=35 input_bytes=19030120 local_bytes=19030120 gpu_source_bytes=19030120 host_source_bytes=0 disk_source_bytes=0 gpu_sources=1 host_sources=0 preferred_device=0
[2026-07-09 04:21:04.373] [info] [task_scheduler.cpp:464] [locality-audit] dispatch task_id=468 preferred_device=0 actual_gpu=0
[2026-07-09 04:21:04.373] [info] [task_creator.cpp:363] [locality-audit] task_create operator_id=35 input_bytes=3177032 local_bytes=3177032 gpu_source_bytes=3177032 host_source_bytes=0 disk_source_bytes=0 gpu_sources=1 host_sources=0 preferred_device=0
[2026-07-09 04:21:04.373] [info] [task_scheduler.cpp:462] [mgpu-audit] pipeline_task dispatched to GPU 1 task_id=469
[2026-07-09 04:21:04.373] [info] [task_scheduler.cpp:464] [locality-audit] dispatch task_id=469 preferred_device=1 actual_gpu=1
[2026-07-09 04:21:04.373] [info] [task_creator.cpp:363] [locality-audit] task_create operator_id=35 input_bytes=3165632 local_bytes=3165632 gpu_source_bytes=3165632 host_source_bytes=0 disk_source_bytes=0 gpu_sources=1 host_sources=0 preferred_device=0
[2026-07-09 04:21:04.373] [info] [task_scheduler.cpp:462] [mgpu-audit] pipeline_task dispatched to GPU 0 task_id=470
[2026-07-09 04:21:04.373] [info] [task_scheduler.cpp:464] [locality-audit] dispatch task_id=470 preferred_device=0 actual_gpu=0
[2026-07-09 04:21:04.373] [info] [task_creator.cpp:363] [locality-audit] task_create operator_id=35 input_bytes=3162200 local_bytes=3162200 gpu_source_bytes=3162200 host_source_bytes=0 disk_source_bytes=0 gpu_sources=1 host_sources=0 preferred_device=1
[2026-07-09 04:21:04.373] [info] [task_scheduler.cpp:462] [mgpu-audit] pipeline_task dispatched to GPU 0 task_id=471
[2026-07-09 04:21:04.373] [info] [task_scheduler.cpp:464] [locality-audit] dispatch task_id=471 preferred_device=0 actual_gpu=0
[2026-07-09 04:21:04.373] [info] [task_scheduler.cpp:462] [mgpu-audit] pipeline_task dispatched to GPU 0 task_id=472
[2026-07-09 04:21:04.373] [info] [task_scheduler.cpp:464] [locality-audit] dispatch task_id=472 preferred_device=0 actual_gpu=0
[2026-07-09 04:21:04.373] [info] [task_scheduler.cpp:462] [mgpu-audit] pipeline_task dispatched to GPU 1 task_id=474
[2026-07-09 04:21:04.373] [info] [task_scheduler.cpp:464] [locality-audit] dispatch task_id=474 preferred_device=1 actual_gpu=1
[2026-07-09 04:21:04.373] [info] [task_creator.cpp:363] [locality-audit] task_create operator_id=35 input_bytes=3162808 local_bytes=3162808 gpu_source_bytes=3162808 host_source_bytes=0 disk_source_bytes=0 gpu_sources=1 host_sources=0 preferred_device=1
[2026-07-09 04:21:04.373] [info] [task_scheduler.cpp:462] [mgpu-audit] pipeline_task dispatched to GPU 0 task_id=473
[2026-07-09 04:21:04.373] [info] [task_scheduler.cpp:464] [locality-audit] dispatch task_id=473 preferred_device=0 actual_gpu=0
[2026-07-09 04:21:04.373] [info] [task_scheduler.cpp:462] [mgpu-audit] pipeline_task dispatched to GPU 1 task_id=475
[2026-07-09 04:21:04.373] [info] [task_scheduler.cpp:464] [locality-audit] dispatch task_id=475 preferred_device=1 actual_gpu=1
[2026-07-09 04:21:04.373] [info] [task_creator.cpp:363] [locality-audit] task_create operator_id=35 input_bytes=19029704 local_bytes=19029704 gpu_source_bytes=19029704 host_source_bytes=0 disk_source_bytes=0 gpu_sources=1 host_sources=0 preferred_device=1
[2026-07-09 04:21:04.373] [info] [task_scheduler.cpp:462] [mgpu-audit] pipeline_task dispatched to GPU 1 task_id=476
[2026-07-09 04:21:04.373] [info] [task_scheduler.cpp:464] [locality-audit] dispatch task_id=476 preferred_device=1 actual_gpu=1
[2026-07-09 04:21:04.373] [info] [task_creator.cpp:363] [locality-audit] task_create operator_id=35 input_bytes=13721480 local_bytes=13721480 gpu_source_bytes=13721480 host_source_bytes=0 disk_source_bytes=0 gpu_sources=1 host_sources=0 preferred_device=1
[2026-07-09 04:21:04.373] [info] [gpu_pipeline_task.cpp:188] [locality-audit] prepare_before pipeline_id=9 task_id=468 preferred_device=0 actual_gpu=0 target_tier=GPU target_device=0 input_bytes=19018320 local_bytes=19018320 remote_gpu_bytes=0 host_bytes=0 disk_bytes=0 batch_count=1
[2026-07-09 04:21:04.373] [info] [task_scheduler.cpp:462] [mgpu-audit] pipeline_task dispatched to GPU 1 task_id=477
[2026-07-09 04:21:04.373] [info] [task_scheduler.cpp:464] [locality-audit] dispatch task_id=477 preferred_device=1 actual_gpu=1
[2026-07-09 04:21:04.373] [info] [gpu_pipeline_task.cpp:188] [locality-audit] prepare_after pipeline_id=9 task_id=468 preferred_device=0 actual_gpu=0 target_tier=GPU target_device=0 input_bytes=19018320 local_bytes=19018320 remote_gpu_bytes=0 host_bytes=0 disk_bytes=0 batch_count=1
[2026-07-09 04:21:04.373] [info] [gpu_pipeline_task.cpp:188] [locality-audit] prepare_before pipeline_id=9 task_id=470 preferred_device=0 actual_gpu=0 target_tier=GPU target_device=0 input_bytes=13709888 local_bytes=13709888 remote_gpu_bytes=0 host_bytes=0 disk_bytes=0 batch_count=1
[2026-07-09 04:21:04.373] [info] [gpu_pipeline_task.cpp:188] [locality-audit] prepare_before pipeline_id=9 task_id=472 preferred_device=0 actual_gpu=0 target_tier=GPU target_device=0 input_bytes=3177032 local_bytes=3177032 remote_gpu_bytes=0 host_bytes=0 disk_bytes=0 batch_count=1
[2026-07-09 04:21:04.373] [info] [gpu_pipeline_task.cpp:188] [locality-audit] prepare_before pipeline_id=9 task_id=471 preferred_device=0 actual_gpu=0 target_tier=GPU target_device=0 input_bytes=19030120 local_bytes=19030120 remote_gpu_bytes=0 host_bytes=0 disk_bytes=0 batch_count=1
[2026-07-09 04:21:04.373] [info] [gpu_pipeline_task.cpp:188] [locality-audit] prepare_after pipeline_id=9 task_id=470 preferred_device=0 actual_gpu=0 target_tier=GPU target_device=0 input_bytes=13709888 local_bytes=13709888 remote_gpu_bytes=0 host_bytes=0 disk_bytes=0 batch_count=1
[2026-07-09 04:21:04.373] [info] [gpu_pipeline_task.cpp:188] [locality-audit] prepare_after pipeline_id=9 task_id=472 preferred_device=0 actual_gpu=0 target_tier=GPU target_device=0 input_bytes=3177032 local_bytes=3177032 remote_gpu_bytes=0 host_bytes=0 disk_bytes=0 batch_count=1
[2026-07-09 04:21:04.373] [info] [gpu_pipeline_task.cpp:188] [locality-audit] prepare_before pipeline_id=9 task_id=469 preferred_device=1 actual_gpu=1 target_tier=GPU target_device=1 input_bytes=18988736 local_bytes=18988736 remote_gpu_bytes=0 host_bytes=0 disk_bytes=0 batch_count=1
[2026-07-09 04:21:04.373] [info] [gpu_pipeline_task.cpp:188] [locality-audit] prepare_before pipeline_id=9 task_id=474 preferred_device=1 actual_gpu=1 target_tier=GPU target_device=1 input_bytes=3162200 local_bytes=3162200 remote_gpu_bytes=0 host_bytes=0 disk_bytes=0 batch_count=1
[2026-07-09 04:21:04.373] [info] [gpu_pipeline_task.cpp:188] [locality-audit] prepare_after pipeline_id=9 task_id=471 preferred_device=0 actual_gpu=0 target_tier=GPU target_device=0 input_bytes=19030120 local_bytes=19030120 remote_gpu_bytes=0 host_bytes=0 disk_bytes=0 batch_count=1
[2026-07-09 04:21:04.373] [info] [gpu_pipeline_task.cpp:188] [locality-audit] prepare_after pipeline_id=9 task_id=469 preferred_device=1 actual_gpu=1 target_tier=GPU target_device=1 input_bytes=18988736 local_bytes=18988736 remote_gpu_bytes=0 host_bytes=0 disk_bytes=0 batch_count=1
[2026-07-09 04:21:04.373] [info] [gpu_pipeline_task.cpp:188] [locality-audit] prepare_before pipeline_id=9 task_id=475 preferred_device=1 actual_gpu=1 target_tier=GPU target_device=1 input_bytes=3162808 local_bytes=3162808 remote_gpu_bytes=0 host_bytes=0 disk_bytes=0 batch_count=1
[2026-07-09 04:21:04.373] [info] [gpu_pipeline_task.cpp:188] [locality-audit] prepare_after pipeline_id=9 task_id=474 preferred_device=1 actual_gpu=1 target_tier=GPU target_device=1 input_bytes=3162200 local_bytes=3162200 remote_gpu_bytes=0 host_bytes=0 disk_bytes=0 batch_count=1
[2026-07-09 04:21:04.373] [info] [gpu_pipeline_task.cpp:188] [locality-audit] prepare_before pipeline_id=9 task_id=476 preferred_device=1 actual_gpu=1 target_tier=GPU target_device=1 input_bytes=19029704 local_bytes=19029704 remote_gpu_bytes=0 host_bytes=0 disk_bytes=0 batch_count=1
[2026-07-09 04:21:04.373] [info] [gpu_pipeline_task.cpp:188] [locality-audit] prepare_after pipeline_id=9 task_id=475 preferred_device=1 actual_gpu=1 target_tier=GPU target_device=1 input_bytes=3162808 local_bytes=3162808 remote_gpu_bytes=0 host_bytes=0 disk_bytes=0 batch_count=1
[2026-07-09 04:21:04.373] [info] [gpu_pipeline_task.cpp:188] [locality-audit] prepare_after pipeline_id=9 task_id=476 preferred_device=1 actual_gpu=1 target_tier=GPU target_device=1 input_bytes=19029704 local_bytes=19029704 remote_gpu_bytes=0 host_bytes=0 disk_bytes=0 batch_count=1
[2026-07-09 04:21:04.373] [info] [gpu_pipeline_task.cpp:321] [stage-audit] pipeline_id=9 task_id=468 operator_id=35 operator_name=PARTITION stage_kind=PARTITION operator_type=82 input_type=PIPELINEABLE output_type=PIPELINEABLE actual_gpu=0 pipeline_operator_count=1 input_batches=1 input_rows=2377290 input_columns=1 input_bytes=19018320 output_batches=2 output_rows=2377290 output_columns=2 output_bytes=19018320 byte_ratio=1.000000 row_ratio=1.000000 duration_us=485
[2026-07-09 04:21:04.373] [info] [gpu_pipeline_task.cpp:188] [locality-audit] prepare_before pipeline_id=9 task_id=473 preferred_device=0 actual_gpu=0 target_tier=GPU target_device=0 input_bytes=3165632 local_bytes=3165632 remote_gpu_bytes=0 host_bytes=0 disk_bytes=0 batch_count=1
[2026-07-09 04:21:04.374] [info] [gpu_pipeline_task.cpp:188] [locality-audit] prepare_after pipeline_id=9 task_id=473 preferred_device=0 actual_gpu=0 target_tier=GPU target_device=0 input_bytes=3165632 local_bytes=3165632 remote_gpu_bytes=0 host_bytes=0 disk_bytes=0 batch_count=1
[2026-07-09 04:21:04.375] [info] [gpu_pipeline_task.cpp:321] [stage-audit] pipeline_id=9 task_id=474 operator_id=35 operator_name=PARTITION stage_kind=PARTITION operator_type=82 input_type=PIPELINEABLE output_type=PIPELINEABLE actual_gpu=1 pipeline_operator_count=1 input_batches=1 input_rows=395275 input_columns=1 input_bytes=3162200 output_batches=2 output_rows=395275 output_columns=2 output_bytes=3162200 byte_ratio=1.000000 row_ratio=1.000000 duration_us=1500
[2026-07-09 04:21:04.375] [info] [gpu_pipeline_task.cpp:321] [stage-audit] pipeline_id=9 task_id=473 operator_id=35 operator_name=PARTITION stage_kind=PARTITION operator_type=82 input_type=PIPELINEABLE output_type=PIPELINEABLE actual_gpu=0 pipeline_operator_count=1 input_batches=1 input_rows=395704 input_columns=1 input_bytes=3165632 output_batches=2 output_rows=395704 output_columns=2 output_bytes=3165632 byte_ratio=1.000000 row_ratio=1.000000 duration_us=1262
[2026-07-09 04:21:04.375] [info] [gpu_pipeline_task.cpp:321] [stage-audit] pipeline_id=9 task_id=475 operator_id=35 operator_name=PARTITION stage_kind=PARTITION operator_type=82 input_type=PIPELINEABLE output_type=PIPELINEABLE actual_gpu=1 pipeline_operator_count=1 input_batches=1 input_rows=395351 input_columns=1 input_bytes=3162808 output_batches=2 output_rows=395351 output_columns=2 output_bytes=3162808 byte_ratio=1.000000 row_ratio=1.000000 duration_us=1558
[2026-07-09 04:21:04.375] [info] [gpu_pipeline_task.cpp:321] [stage-audit] pipeline_id=9 task_id=470 operator_id=35 operator_name=PARTITION stage_kind=PARTITION operator_type=82 input_type=PIPELINEABLE output_type=PIPELINEABLE actual_gpu=0 pipeline_operator_count=1 input_batches=1 input_rows=1713736 input_columns=1 input_bytes=13709888 output_batches=2 output_rows=1713736 output_columns=2 output_bytes=13709888 byte_ratio=1.000000 row_ratio=1.000000 duration_us=1774
[2026-07-09 04:21:04.375] [info] [gpu_pipeline_task.cpp:188] [locality-audit] prepare_before pipeline_id=9 task_id=477 preferred_device=1 actual_gpu=1 target_tier=GPU target_device=1 input_bytes=13721480 local_bytes=13721480 remote_gpu_bytes=0 host_bytes=0 disk_bytes=0 batch_count=1
[2026-07-09 04:21:04.375] [info] [gpu_pipeline_task.cpp:321] [stage-audit] pipeline_id=9 task_id=472 operator_id=35 operator_name=PARTITION stage_kind=PARTITION operator_type=82 input_type=PIPELINEABLE output_type=PIPELINEABLE actual_gpu=0 pipeline_operator_count=1 input_batches=1 input_rows=397129 input_columns=1 input_bytes=3177032 output_batches=2 output_rows=397129 output_columns=2 output_bytes=3177032 byte_ratio=1.000000 row_ratio=1.000000 duration_us=1877
[2026-07-09 04:21:04.375] [info] [gpu_pipeline_task.cpp:188] [locality-audit] prepare_after pipeline_id=9 task_id=477 preferred_device=1 actual_gpu=1 target_tier=GPU target_device=1 input_bytes=13721480 local_bytes=13721480 remote_gpu_bytes=0 host_bytes=0 disk_bytes=0 batch_count=1
[2026-07-09 04:21:04.375] [info] [gpu_pipeline_task.cpp:321] [stage-audit] pipeline_id=9 task_id=469 operator_id=35 operator_name=PARTITION stage_kind=PARTITION operator_type=82 input_type=PIPELINEABLE output_type=PIPELINEABLE actual_gpu=1 pipeline_operator_count=1 input_batches=1 input_rows=2373592 input_columns=1 input_bytes=18988736 output_batches=2 output_rows=2373592 output_columns=2 output_bytes=18988736 byte_ratio=1.000000 row_ratio=1.000000 duration_us=1800
[2026-07-09 04:21:04.375] [info] [gpu_pipeline_task.cpp:321] [stage-audit] pipeline_id=9 task_id=476 operator_id=35 operator_name=PARTITION stage_kind=PARTITION operator_type=82 input_type=PIPELINEABLE output_type=PIPELINEABLE actual_gpu=1 pipeline_operator_count=1 input_batches=1 input_rows=2378713 input_columns=1 input_bytes=19029704 output_batches=2 output_rows=2378713 output_columns=2 output_bytes=19029704 byte_ratio=1.000000 row_ratio=1.000000 duration_us=1775
[2026-07-09 04:21:04.375] [info] [gpu_pipeline_task.cpp:321] [stage-audit] pipeline_id=9 task_id=471 operator_id=35 operator_name=PARTITION stage_kind=PARTITION operator_type=82 input_type=PIPELINEABLE output_type=PIPELINEABLE actual_gpu=0 pipeline_operator_count=1 input_batches=1 input_rows=2378765 input_columns=1 input_bytes=19030120 output_batches=2 output_rows=2378765 output_columns=2 output_bytes=19030120 byte_ratio=1.000000 row_ratio=1.000000 duration_us=1955
[2026-07-09 04:21:04.376] [info] [gpu_pipeline_task.cpp:321] [stage-audit] pipeline_id=9 task_id=477 operator_id=35 operator_name=PARTITION stage_kind=PARTITION operator_type=82 input_type=PIPELINEABLE output_type=PIPELINEABLE actual_gpu=1 pipeline_operator_count=1 input_batches=1 input_rows=1715185 input_columns=1 input_bytes=13721480 output_batches=2 output_rows=1715185 output_columns=2 output_bytes=13721480 byte_ratio=1.000000 row_ratio=1.000000 duration_us=551
[2026-07-09 04:21:04.376] [info] [task_scheduler.cpp:462] [mgpu-audit] pipeline_task dispatched to GPU 0 task_id=478
[2026-07-09 04:21:04.376] [info] [task_scheduler.cpp:464] [locality-audit] dispatch task_id=478 preferred_device=0 actual_gpu=0
[2026-07-09 04:21:04.376] [info] [task_scheduler.cpp:462] [mgpu-audit] pipeline_task dispatched to GPU 1 task_id=479
[2026-07-09 04:21:04.376] [info] [task_scheduler.cpp:464] [locality-audit] dispatch task_id=479 preferred_device=1 actual_gpu=1
[2026-07-09 04:21:04.376] [info] [gpu_pipeline_task.cpp:188] [locality-audit] prepare_before pipeline_id=10 task_id=478 preferred_device=0 actual_gpu=0 target_tier=GPU target_device=0 input_bytes=58100992 local_bytes=58100992 remote_gpu_bytes=0 host_bytes=0 disk_bytes=0 batch_count=10
[2026-07-09 04:21:04.376] [info] [gpu_pipeline_task.cpp:188] [locality-audit] prepare_before pipeline_id=10 task_id=479 preferred_device=1 actual_gpu=1 target_tier=GPU target_device=1 input_bytes=58064928 local_bytes=58064928 remote_gpu_bytes=0 host_bytes=0 disk_bytes=0 batch_count=10
[2026-07-09 04:21:04.376] [info] [gpu_pipeline_task.cpp:188] [locality-audit] prepare_after pipeline_id=10 task_id=478 preferred_device=0 actual_gpu=0 target_tier=GPU target_device=0 input_bytes=58100992 local_bytes=58100992 remote_gpu_bytes=0 host_bytes=0 disk_bytes=0 batch_count=10
[2026-07-09 04:21:04.376] [info] [gpu_pipeline_task.cpp:188] [locality-audit] prepare_after pipeline_id=10 task_id=479 preferred_device=1 actual_gpu=1 target_tier=GPU target_device=1 input_bytes=58064928 local_bytes=58064928 remote_gpu_bytes=0 host_bytes=0 disk_bytes=0 batch_count=10
[2026-07-09 04:21:04.376] [info] [gpu_pipeline_task.cpp:321] [stage-audit] pipeline_id=10 task_id=478 operator_id=34 operator_name=CONCAT stage_kind=CONCAT operator_type=83 input_type=PARTITIONED output_type=PARTITIONED actual_gpu=0 pipeline_operator_count=1 input_batches=10 input_rows=7262624 input_columns=10 input_bytes=58100992 output_batches=1 output_rows=7262624 output_columns=1 output_bytes=58100992 byte_ratio=1.000000 row_ratio=1.000000 duration_us=230
[2026-07-09 04:21:04.376] [info] [gpu_pipeline_task.cpp:321] [stage-audit] pipeline_id=10 task_id=479 operator_id=34 operator_name=CONCAT stage_kind=CONCAT operator_type=83 input_type=PARTITIONED output_type=PARTITIONED actual_gpu=1 pipeline_operator_count=1 input_batches=10 input_rows=7258116 input_columns=10 input_bytes=58064928 output_batches=1 output_rows=7258116 output_columns=1 output_bytes=58064928 byte_ratio=1.000000 row_ratio=1.000000 duration_us=241
[2026-07-09 04:21:04.376] [info] [task_creator.cpp:363] [locality-audit] task_create operator_id=37 input_bytes=33578536 local_bytes=0 gpu_source_bytes=0 host_source_bytes=33578536 disk_source_bytes=0 gpu_sources=0 host_sources=1 preferred_device=0
[2026-07-09 04:21:04.376] [info] [task_creator.cpp:363] [locality-audit] task_create operator_id=37 input_bytes=33529096 local_bytes=0 gpu_source_bytes=0 host_source_bytes=33529096 disk_source_bytes=0 gpu_sources=0 host_sources=1 preferred_device=1
[2026-07-09 04:21:04.376] [info] [task_creator.cpp:363] [locality-audit] task_create operator_id=37 input_bytes=17840404 local_bytes=0 gpu_source_bytes=0 host_source_bytes=17840404 disk_source_bytes=0 gpu_sources=0 host_sources=1 preferred_device=0
[2026-07-09 04:21:04.376] [info] [task_scheduler.cpp:462] [mgpu-audit] pipeline_task dispatched to GPU 0 task_id=480
[2026-07-09 04:21:04.376] [info] [task_scheduler.cpp:464] [locality-audit] dispatch task_id=480 preferred_device=0 actual_gpu=0
[2026-07-09 04:21:04.376] [info] [task_creator.cpp:363] [locality-audit] task_create operator_id=37 input_bytes=33562936 local_bytes=0 gpu_source_bytes=0 host_source_bytes=33562936 disk_source_bytes=0 gpu_sources=0 host_sources=1 preferred_device=1
[2026-07-09 04:21:04.376] [info] [task_scheduler.cpp:462] [mgpu-audit] pipeline_task dispatched to GPU 0 task_id=482
[2026-07-09 04:21:04.376] [info] [task_scheduler.cpp:464] [locality-audit] dispatch task_id=482 preferred_device=0 actual_gpu=0
[2026-07-09 04:21:04.376] [info] [task_scheduler.cpp:462] [mgpu-audit] pipeline_task dispatched to GPU 1 task_id=481
[2026-07-09 04:21:04.376] [info] [task_scheduler.cpp:464] [locality-audit] dispatch task_id=481 preferred_device=1 actual_gpu=1
[2026-07-09 04:21:04.376] [info] [task_scheduler.cpp:462] [mgpu-audit] pipeline_task dispatched to GPU 1 task_id=483
[2026-07-09 04:21:04.376] [info] [task_scheduler.cpp:464] [locality-audit] dispatch task_id=483 preferred_device=1 actual_gpu=1
[2026-07-09 04:21:04.376] [info] [gpu_pipeline_task.cpp:188] [locality-audit] prepare_before pipeline_id=11 task_id=482 preferred_device=0 actual_gpu=0 target_tier=GPU target_device=0 input_bytes=17840404 local_bytes=0 remote_gpu_bytes=0 host_bytes=17840404 disk_bytes=0 batch_count=1
[2026-07-09 04:21:04.376] [info] [gpu_pipeline_task.cpp:188] [locality-audit] prepare_before pipeline_id=11 task_id=480 preferred_device=0 actual_gpu=0 target_tier=GPU target_device=0 input_bytes=33578536 local_bytes=0 remote_gpu_bytes=0 host_bytes=33578536 disk_bytes=0 batch_count=1
[2026-07-09 04:21:04.376] [info] [gpu_pipeline_task.cpp:188] [locality-audit] prepare_before pipeline_id=11 task_id=481 preferred_device=1 actual_gpu=1 target_tier=GPU target_device=1 input_bytes=33529096 local_bytes=0 remote_gpu_bytes=0 host_bytes=33529096 disk_bytes=0 batch_count=1
[2026-07-09 04:21:04.376] [info] [gpu_pipeline_task.cpp:188] [locality-audit] prepare_before pipeline_id=11 task_id=483 preferred_device=1 actual_gpu=1 target_tier=GPU target_device=1 input_bytes=33562936 local_bytes=0 remote_gpu_bytes=0 host_bytes=33562936 disk_bytes=0 batch_count=1
[2026-07-09 04:21:04.378] [info] [gpu_pipeline_task.cpp:188] [locality-audit] prepare_after pipeline_id=11 task_id=483 preferred_device=1 actual_gpu=1 target_tier=GPU target_device=1 input_bytes=40063444 local_bytes=40063444 remote_gpu_bytes=0 host_bytes=0 disk_bytes=0 batch_count=1
[2026-07-09 04:21:04.378] [info] [gpu_pipeline_task.cpp:188] [locality-audit] prepare_after pipeline_id=11 task_id=482 preferred_device=0 actual_gpu=0 target_tier=GPU target_device=0 input_bytes=21295546 local_bytes=21295546 remote_gpu_bytes=0 host_bytes=0 disk_bytes=0 batch_count=1
[2026-07-09 04:21:04.379] [info] [gpu_pipeline_task.cpp:188] [locality-audit] prepare_after pipeline_id=11 task_id=480 preferred_device=0 actual_gpu=0 target_tier=GPU target_device=0 input_bytes=40083240 local_bytes=40083240 remote_gpu_bytes=0 host_bytes=0 disk_bytes=0 batch_count=1
[2026-07-09 04:21:04.379] [info] [gpu_pipeline_task.cpp:321] [stage-audit] pipeline_id=11 task_id=482 operator_id=37 operator_name=PARTITION stage_kind=PARTITION operator_type=82 input_type=PIPELINEABLE output_type=PIPELINEABLE actual_gpu=0 pipeline_operator_count=1 input_batches=1 input_rows=863786 input_columns=2 input_bytes=21295546 output_batches=2 output_rows=863786 output_columns=4 output_bytes=17732370 byte_ratio=0.832680 row_ratio=1.000000 duration_us=1078
[2026-07-09 04:21:04.379] [info] [gpu_pipeline_task.cpp:321] [stage-audit] pipeline_id=11 task_id=483 operator_id=37 operator_name=PARTITION stage_kind=PARTITION operator_type=82 input_type=PIPELINEABLE output_type=PIPELINEABLE actual_gpu=1 pipeline_operator_count=1 input_batches=1 input_rows=1625127 input_columns=2 input_bytes=40063444 output_batches=2 output_rows=1625127 output_columns=4 output_bytes=33359736 byte_ratio=0.832673 row_ratio=1.000000 duration_us=1317
[2026-07-09 04:21:04.379] [info] [gpu_pipeline_task.cpp:188] [locality-audit] prepare_after pipeline_id=11 task_id=481 preferred_device=1 actual_gpu=1 target_tier=GPU target_device=1 input_bytes=40023548 local_bytes=40023548 remote_gpu_bytes=0 host_bytes=0 disk_bytes=0 batch_count=1
[2026-07-09 04:21:04.380] [info] [gpu_pipeline_task.cpp:321] [stage-audit] pipeline_id=11 task_id=480 operator_id=37 operator_name=PARTITION stage_kind=PARTITION operator_type=82 input_type=PIPELINEABLE output_type=PIPELINEABLE actual_gpu=0 pipeline_operator_count=1 input_batches=1 input_rows=1626175 input_columns=2 input_bytes=40083240 output_batches=2 output_rows=1626175 output_columns=4 output_bytes=33375212 byte_ratio=0.832648 row_ratio=1.000000 duration_us=1209
[2026-07-09 04:21:04.380] [info] [gpu_pipeline_task.cpp:321] [stage-audit] pipeline_id=11 task_id=481 operator_id=37 operator_name=PARTITION stage_kind=PARTITION operator_type=82 input_type=PIPELINEABLE output_type=PIPELINEABLE actual_gpu=1 pipeline_operator_count=1 input_batches=1 input_rows=1623613 input_columns=2 input_bytes=40023548 output_batches=2 output_rows=1623613 output_columns=4 output_bytes=33326088 byte_ratio=0.832662 row_ratio=1.000000 duration_us=1099
[2026-07-09 04:21:04.381] [info] [task_scheduler.cpp:462] [mgpu-audit] pipeline_task dispatched to GPU 0 task_id=484
[2026-07-09 04:21:04.381] [info] [task_scheduler.cpp:464] [locality-audit] dispatch task_id=484 preferred_device=0 actual_gpu=0
[2026-07-09 04:21:04.381] [info] [task_scheduler.cpp:462] [mgpu-audit] pipeline_task dispatched to GPU 1 task_id=485
[2026-07-09 04:21:04.381] [info] [task_scheduler.cpp:464] [locality-audit] dispatch task_id=485 preferred_device=1 actual_gpu=1
[2026-07-09 04:21:04.381] [info] [gpu_pipeline_task.cpp:188] [locality-audit] prepare_before pipeline_id=12 task_id=485 preferred_device=1 actual_gpu=1 target_tier=GPU target_device=1 input_bytes=58882131 local_bytes=33337144 remote_gpu_bytes=25544987 host_bytes=0 disk_bytes=0 batch_count=4
[2026-07-09 04:21:04.381] [info] [gpu_pipeline_task.cpp:188] [locality-audit] prepare_before pipeline_id=12 task_id=484 preferred_device=0 actual_gpu=0 target_tier=GPU target_device=0 input_bytes=58911275 local_bytes=25562595 remote_gpu_bytes=33348680 host_bytes=0 disk_bytes=0 batch_count=4
[2026-07-09 04:21:04.382] [info] [gpu_pipeline_task.cpp:188] [locality-audit] prepare_after pipeline_id=12 task_id=485 preferred_device=1 actual_gpu=1 target_tier=GPU target_device=1 input_bytes=58882131 local_bytes=58882131 remote_gpu_bytes=0 host_bytes=0 disk_bytes=0 batch_count=4
[2026-07-09 04:21:04.383] [info] [gpu_pipeline_task.cpp:188] [locality-audit] prepare_after pipeline_id=12 task_id=484 preferred_device=0 actual_gpu=0 target_tier=GPU target_device=0 input_bytes=58911275 local_bytes=58911275 remote_gpu_bytes=0 host_bytes=0 disk_bytes=0 batch_count=4
[2026-07-09 04:21:04.384] [info] [gpu_pipeline_task.cpp:321] [stage-audit] pipeline_id=12 task_id=485 operator_id=36 operator_name=CONCAT stage_kind=CONCAT operator_type=83 input_type=PARTITIONED output_type=PARTITIONED actual_gpu=1 pipeline_operator_count=1 input_batches=4 input_rows=2868724 input_columns=8 input_bytes=58882131 output_batches=1 output_rows=2868724 output_columns=2 output_bytes=58523399 byte_ratio=0.993908 row_ratio=1.000000 duration_us=1642
[2026-07-09 04:21:04.385] [info] [gpu_pipeline_task.cpp:321] [stage-audit] pipeline_id=12 task_id=484 operator_id=36 operator_name=CONCAT stage_kind=CONCAT operator_type=83 input_type=PARTITIONED output_type=PARTITIONED actual_gpu=0 pipeline_operator_count=1 input_batches=4 input_rows=2869977 input_columns=8 input_bytes=58911275 output_batches=1 output_rows=2869977 output_columns=2 output_bytes=58552415 byte_ratio=0.993908 row_ratio=1.000000 duration_us=1330
[2026-07-09 04:21:04.385] [info] [task_scheduler.cpp:462] [mgpu-audit] pipeline_task dispatched to GPU 0 task_id=486
[2026-07-09 04:21:04.385] [info] [task_scheduler.cpp:464] [locality-audit] dispatch task_id=486 preferred_device=0 actual_gpu=0
[2026-07-09 04:21:04.385] [info] [task_scheduler.cpp:462] [mgpu-audit] pipeline_task dispatched to GPU 1 task_id=487
[2026-07-09 04:21:04.385] [info] [task_scheduler.cpp:464] [locality-audit] dispatch task_id=487 preferred_device=1 actual_gpu=1
[2026-07-09 04:21:04.385] [info] [gpu_pipeline_task.cpp:188] [locality-audit] prepare_before pipeline_id=13 task_id=487 preferred_device=1 actual_gpu=1 target_tier=GPU target_device=1 input_bytes=116588327 local_bytes=116588327 remote_gpu_bytes=0 host_bytes=0 disk_bytes=0 batch_count=2
[2026-07-09 04:21:04.385] [info] [gpu_pipeline_task.cpp:188] [locality-audit] prepare_before pipeline_id=13 task_id=486 preferred_device=0 actual_gpu=0 target_tier=GPU target_device=0 input_bytes=116653407 local_bytes=116653407 remote_gpu_bytes=0 host_bytes=0 disk_bytes=0 batch_count=2
[2026-07-09 04:21:04.385] [info] [gpu_pipeline_task.cpp:188] [locality-audit] prepare_after pipeline_id=13 task_id=486 preferred_device=0 actual_gpu=0 target_tier=GPU target_device=0 input_bytes=116653407 local_bytes=116653407 remote_gpu_bytes=0 host_bytes=0 disk_bytes=0 batch_count=2
[2026-07-09 04:21:04.385] [info] [gpu_pipeline_task.cpp:188] [locality-audit] prepare_after pipeline_id=13 task_id=487 preferred_device=1 actual_gpu=1 target_tier=GPU target_device=1 input_bytes=116588327 local_bytes=116588327 remote_gpu_bytes=0 host_bytes=0 disk_bytes=0 batch_count=2
[2026-07-09 04:21:04.388] [info] [gpu_pipeline_task.cpp:321] [stage-audit] pipeline_id=13 task_id=486 operator_id=18 operator_name=HASH_JOIN stage_kind=JOIN operator_type=33 input_type=PARTITIONED output_type=PIPELINEABLE actual_gpu=0 pipeline_operator_count=2 input_batches=2 input_rows=10132601 input_columns=3 input_bytes=116653407 output_batches=1 output_rows=2631773 output_columns=1 output_bytes=32637048 byte_ratio=0.279778 row_ratio=0.259733 duration_us=2784
[2026-07-09 04:21:04.388] [info] [gpu_pipeline_task.cpp:321] [stage-audit] pipeline_id=13 task_id=487 operator_id=18 operator_name=HASH_JOIN stage_kind=JOIN operator_type=33 input_type=PARTITIONED output_type=PIPELINEABLE actual_gpu=1 pipeline_operator_count=2 input_batches=2 input_rows=10126840 input_columns=3 input_bytes=116588327 output_batches=1 output_rows=2630392 output_columns=1 output_bytes=32621384 byte_ratio=0.279800 row_ratio=0.259745 duration_us=2830
[2026-07-09 04:21:04.390] [info] [gpu_pipeline_task.cpp:321] [stage-audit] pipeline_id=13 task_id=486 operator_id=22 operator_name=HASH_GROUP_BY stage_kind=AGGREGATE operator_type=9 input_type=PIPELINEABLE output_type=PIPELINEABLE actual_gpu=0 pipeline_operator_count=2 input_batches=1 input_rows=2631773 input_columns=1 input_bytes=32637048 output_batches=1 output_rows=5 output_columns=2 output_bytes=106 byte_ratio=0.000003 row_ratio=0.000002 duration_us=2140
[2026-07-09 04:21:04.390] [info] [gpu_pipeline_task.cpp:321] [stage-audit] pipeline_id=13 task_id=487 operator_id=22 operator_name=HASH_GROUP_BY stage_kind=AGGREGATE operator_type=9 input_type=PIPELINEABLE output_type=PIPELINEABLE actual_gpu=1 pipeline_operator_count=2 input_batches=1 input_rows=2630392 input_columns=1 input_bytes=32621384 output_batches=1 output_rows=5 output_columns=2 output_bytes=106 byte_ratio=0.000003 row_ratio=0.000002 duration_us=2227
[2026-07-09 04:21:04.390] [info] [task_creator.cpp:363] [locality-audit] task_create operator_id=38 input_bytes=106 local_bytes=106 gpu_source_bytes=106 host_source_bytes=0 disk_source_bytes=0 gpu_sources=1 host_sources=0 preferred_device=0
[2026-07-09 04:21:04.390] [info] [task_creator.cpp:363] [locality-audit] task_create operator_id=38 input_bytes=106 local_bytes=106 gpu_source_bytes=106 host_source_bytes=0 disk_source_bytes=0 gpu_sources=1 host_sources=0 preferred_device=1
[2026-07-09 04:21:04.390] [info] [task_scheduler.cpp:462] [mgpu-audit] pipeline_task dispatched to GPU 0 task_id=488
[2026-07-09 04:21:04.390] [info] [task_scheduler.cpp:464] [locality-audit] dispatch task_id=488 preferred_device=0 actual_gpu=0
[2026-07-09 04:21:04.390] [info] [task_scheduler.cpp:462] [mgpu-audit] pipeline_task dispatched to GPU 1 task_id=489
[2026-07-09 04:21:04.390] [info] [task_scheduler.cpp:464] [locality-audit] dispatch task_id=489 preferred_device=1 actual_gpu=1
[2026-07-09 04:21:04.390] [info] [gpu_pipeline_task.cpp:188] [locality-audit] prepare_before pipeline_id=14 task_id=488 preferred_device=0 actual_gpu=0 target_tier=GPU target_device=0 input_bytes=106 local_bytes=106 remote_gpu_bytes=0 host_bytes=0 disk_bytes=0 batch_count=1
[2026-07-09 04:21:04.390] [info] [gpu_pipeline_task.cpp:188] [locality-audit] prepare_before pipeline_id=14 task_id=489 preferred_device=1 actual_gpu=1 target_tier=GPU target_device=1 input_bytes=106 local_bytes=106 remote_gpu_bytes=0 host_bytes=0 disk_bytes=0 batch_count=1
[2026-07-09 04:21:04.390] [info] [gpu_pipeline_task.cpp:188] [locality-audit] prepare_after pipeline_id=14 task_id=489 preferred_device=1 actual_gpu=1 target_tier=GPU target_device=1 input_bytes=106 local_bytes=106 remote_gpu_bytes=0 host_bytes=0 disk_bytes=0 batch_count=1
[2026-07-09 04:21:04.390] [info] [gpu_pipeline_task.cpp:188] [locality-audit] prepare_after pipeline_id=14 task_id=488 preferred_device=0 actual_gpu=0 target_tier=GPU target_device=0 input_bytes=106 local_bytes=106 remote_gpu_bytes=0 host_bytes=0 disk_bytes=0 batch_count=1
[2026-07-09 04:21:04.390] [info] [gpu_pipeline_task.cpp:321] [stage-audit] pipeline_id=14 task_id=488 operator_id=38 operator_name=PARTITION stage_kind=PARTITION operator_type=82 input_type=PIPELINEABLE output_type=PIPELINEABLE actual_gpu=0 pipeline_operator_count=1 input_batches=1 input_rows=5 input_columns=2 input_bytes=106 output_batches=1 output_rows=5 output_columns=2 output_bytes=106 byte_ratio=1.000000 row_ratio=1.000000 duration_us=2
[2026-07-09 04:21:04.390] [info] [gpu_pipeline_task.cpp:321] [stage-audit] pipeline_id=14 task_id=489 operator_id=38 operator_name=PARTITION stage_kind=PARTITION operator_type=82 input_type=PIPELINEABLE output_type=PIPELINEABLE actual_gpu=1 pipeline_operator_count=1 input_batches=1 input_rows=5 input_columns=2 input_bytes=106 output_batches=1 output_rows=5 output_columns=2 output_bytes=106 byte_ratio=1.000000 row_ratio=1.000000 duration_us=2
[2026-07-09 04:21:04.390] [info] [task_scheduler.cpp:462] [mgpu-audit] pipeline_task dispatched to GPU 0 task_id=490
[2026-07-09 04:21:04.390] [info] [task_scheduler.cpp:464] [locality-audit] dispatch task_id=490 preferred_device=0 actual_gpu=0
[2026-07-09 04:21:04.390] [info] [gpu_pipeline_task.cpp:188] [locality-audit] prepare_before pipeline_id=15 task_id=490 preferred_device=0 actual_gpu=0 target_tier=GPU target_device=0 input_bytes=212 local_bytes=106 remote_gpu_bytes=106 host_bytes=0 disk_bytes=0 batch_count=2
[2026-07-09 04:21:04.390] [info] [gpu_pipeline_task.cpp:188] [locality-audit] prepare_after pipeline_id=15 task_id=490 preferred_device=0 actual_gpu=0 target_tier=GPU target_device=0 input_bytes=212 local_bytes=212 remote_gpu_bytes=0 host_bytes=0 disk_bytes=0 batch_count=2
[2026-07-09 04:21:04.391] [info] [gpu_pipeline_task.cpp:321] [stage-audit] pipeline_id=15 task_id=490 operator_id=39 operator_name=MERGE_GROUP_BY stage_kind=AGGREGATE operator_type=85 input_type=PARTITIONED output_type=PIPELINEABLE actual_gpu=0 pipeline_operator_count=1 input_batches=2 input_rows=10 input_columns=4 input_bytes=212 output_batches=1 output_rows=5 output_columns=2 output_bytes=106 byte_ratio=0.500000 row_ratio=0.500000 duration_us=432
[2026-07-09 04:21:04.391] [info] [task_creator.cpp:363] [locality-audit] task_create operator_id=23 input_bytes=106 local_bytes=106 gpu_source_bytes=106 host_source_bytes=0 disk_source_bytes=0 gpu_sources=1 host_sources=0 preferred_device=0
[2026-07-09 04:21:04.391] [info] [task_scheduler.cpp:462] [mgpu-audit] pipeline_task dispatched to GPU 0 task_id=491
[2026-07-09 04:21:04.391] [info] [task_scheduler.cpp:464] [locality-audit] dispatch task_id=491 preferred_device=0 actual_gpu=0
[2026-07-09 04:21:04.391] [info] [gpu_pipeline_task.cpp:188] [locality-audit] prepare_before pipeline_id=16 task_id=491 preferred_device=0 actual_gpu=0 target_tier=GPU target_device=0 input_bytes=106 local_bytes=106 remote_gpu_bytes=0 host_bytes=0 disk_bytes=0 batch_count=1
[2026-07-09 04:21:04.391] [info] [gpu_pipeline_task.cpp:188] [locality-audit] prepare_after pipeline_id=16 task_id=491 preferred_device=0 actual_gpu=0 target_tier=GPU target_device=0 input_bytes=106 local_bytes=106 remote_gpu_bytes=0 host_bytes=0 disk_bytes=0 batch_count=1
[2026-07-09 04:21:04.391] [info] [gpu_pipeline_task.cpp:321] [stage-audit] pipeline_id=16 task_id=491 operator_id=23 operator_name=ORDER_BY stage_kind=SORT operator_type=1 input_type=PIPELINEABLE output_type=PIPELINEABLE actual_gpu=0 pipeline_operator_count=1 input_batches=1 input_rows=5 input_columns=2 input_bytes=106 output_batches=1 output_rows=5 output_columns=2 output_bytes=106 byte_ratio=1.000000 row_ratio=1.000000 duration_us=154
[2026-07-09 04:21:04.391] [info] [task_creator.cpp:363] [locality-audit] task_create operator_id=40 input_bytes=106 local_bytes=106 gpu_source_bytes=106 host_source_bytes=0 disk_source_bytes=0 gpu_sources=1 host_sources=0 preferred_device=0
[2026-07-09 04:21:04.391] [info] [task_scheduler.cpp:462] [mgpu-audit] pipeline_task dispatched to GPU 0 task_id=492
[2026-07-09 04:21:04.391] [info] [task_scheduler.cpp:464] [locality-audit] dispatch task_id=492 preferred_device=0 actual_gpu=0
[2026-07-09 04:21:04.391] [info] [gpu_pipeline_task.cpp:188] [locality-audit] prepare_before pipeline_id=17 task_id=492 preferred_device=0 actual_gpu=0 target_tier=GPU target_device=0 input_bytes=106 local_bytes=106 remote_gpu_bytes=0 host_bytes=0 disk_bytes=0 batch_count=1
[2026-07-09 04:21:04.391] [info] [gpu_pipeline_task.cpp:188] [locality-audit] prepare_after pipeline_id=17 task_id=492 preferred_device=0 actual_gpu=0 target_tier=GPU target_device=0 input_bytes=106 local_bytes=106 remote_gpu_bytes=0 host_bytes=0 disk_bytes=0 batch_count=1
[2026-07-09 04:21:04.391] [info] [gpu_pipeline_task.cpp:321] [stage-audit] pipeline_id=17 task_id=492 operator_id=40 operator_name=SORT_SAMPLE stage_kind=SORT operator_type=89 input_type=PIPELINEABLE output_type=PIPELINEABLE actual_gpu=0 pipeline_operator_count=2 input_batches=1 input_rows=5 input_columns=2 input_bytes=106 output_batches=1 output_rows=5 output_columns=2 output_bytes=106 byte_ratio=1.000000 row_ratio=1.000000 duration_us=87
[2026-07-09 04:21:04.392] [info] [gpu_pipeline_task.cpp:321] [stage-audit] pipeline_id=17 task_id=492 operator_id=41 operator_name=SORT_PARTITION stage_kind=SORT operator_type=88 input_type=PIPELINEABLE output_type=PIPELINEABLE actual_gpu=0 pipeline_operator_count=2 input_batches=1 input_rows=5 input_columns=2 input_bytes=106 output_batches=5 output_rows=5 output_columns=10 output_bytes=122 byte_ratio=1.150943 row_ratio=1.000000 duration_us=274
[2026-07-09 04:21:04.392] [info] [task_creator.cpp:363] [locality-audit] task_create operator_id=42 input_bytes=122 local_bytes=122 gpu_source_bytes=122 host_source_bytes=0 disk_source_bytes=0 gpu_sources=1 host_sources=0 preferred_device=0
[2026-07-09 04:21:04.392] [info] [task_scheduler.cpp:462] [mgpu-audit] pipeline_task dispatched to GPU 0 task_id=493
[2026-07-09 04:21:04.392] [info] [task_scheduler.cpp:464] [locality-audit] dispatch task_id=493 preferred_device=0 actual_gpu=0
[2026-07-09 04:21:04.392] [info] [gpu_pipeline_task.cpp:188] [locality-audit] prepare_before pipeline_id=18 task_id=493 preferred_device=0 actual_gpu=0 target_tier=GPU target_device=0 input_bytes=122 local_bytes=122 remote_gpu_bytes=0 host_bytes=0 disk_bytes=0 batch_count=5
[2026-07-09 04:21:04.392] [info] [gpu_pipeline_task.cpp:188] [locality-audit] prepare_after pipeline_id=18 task_id=493 preferred_device=0 actual_gpu=0 target_tier=GPU target_device=0 input_bytes=122 local_bytes=122 remote_gpu_bytes=0 host_bytes=0 disk_bytes=0 batch_count=5
[2026-07-09 04:21:04.393] [info] [gpu_pipeline_task.cpp:321] [stage-audit] pipeline_id=18 task_id=493 operator_id=42 operator_name=MERGE_SORT stage_kind=SORT operator_type=84 input_type=PIPELINEABLE output_type=PIPELINEABLE actual_gpu=0 pipeline_operator_count=1 input_batches=5 input_rows=5 input_columns=10 input_bytes=122 output_batches=1 output_rows=5 output_columns=2 output_bytes=106 byte_ratio=0.868852 row_ratio=1.000000 duration_us=847
[2026-07-09 04:21:04.393] [info] [task_creator.cpp:363] [locality-audit] task_create operator_id=24 input_bytes=106 local_bytes=106 gpu_source_bytes=106 host_source_bytes=0 disk_source_bytes=0 gpu_sources=1 host_sources=0 preferred_device=0
[2026-07-09 04:21:04.393] [info] [task_scheduler.cpp:462] [mgpu-audit] pipeline_task dispatched to GPU 0 task_id=494
[2026-07-09 04:21:04.393] [info] [task_scheduler.cpp:464] [locality-audit] dispatch task_id=494 preferred_device=0 actual_gpu=0
[2026-07-09 04:21:04.393] [info] [gpu_pipeline_task.cpp:188] [locality-audit] prepare_before pipeline_id=19 task_id=494 preferred_device=0 actual_gpu=0 target_tier=GPU target_device=0 input_bytes=106 local_bytes=106 remote_gpu_bytes=0 host_bytes=0 disk_bytes=0 batch_count=1
[2026-07-09 04:21:04.393] [info] [gpu_pipeline_task.cpp:188] [locality-audit] prepare_after pipeline_id=19 task_id=494 preferred_device=0 actual_gpu=0 target_tier=GPU target_device=0 input_bytes=106 local_bytes=106 remote_gpu_bytes=0 host_bytes=0 disk_bytes=0 batch_count=1
[2026-07-09 04:21:04.393] [info] [gpu_pipeline_task.cpp:321] [stage-audit] pipeline_id=19 task_id=494 operator_id=24 operator_name=RESULT_COLLECTOR stage_kind=RESULT operator_type=76 input_type=PIPELINEABLE output_type=PIPELINEABLE actual_gpu=0 pipeline_operator_count=1 input_batches=1 input_rows=5 input_columns=2 input_bytes=106 output_batches=1 output_rows=5 output_columns=2 output_bytes=106 byte_ratio=1.000000 row_ratio=1.000000 duration_us=1
[2026-07-09 04:21:04.413] [info] [gpu_pipeline_executor.cpp:118] GPU Pipeline Executor: task queue interrupted, stopping manager loop
[2026-07-09 04:21:04.414] [info] [gpu_pipeline_executor.cpp:118] GPU Pipeline Executor: task queue interrupted, stopping manager loop
[2026-07-09 04:21:04.429] [info] [physical_sirius_execution.cpp:165] Transparent GPU execution: query completed
[2026-07-09 04:21:04.446] [info] [sirius_context.cpp:217] QueryEnd
[2026-07-09 04:21:04.464] [info] [:] [host_pool] HOST:0 QueryEnd allocated=71303168 bytes peak=4664066048 bytes free_blocks=3004
[2026-07-09 04:21:04.464] [info] [:] [gpu_pool] GPU:0 QueryEnd allocated=4427429888 bytes peak=6569499904 bytes reserved=0 bytes
[2026-07-09 04:21:04.464] [info] [:] [gpu_pool] GPU:1 QueryEnd allocated=4423903488 bytes peak=6565971712 bytes reserved=0 bytes
[2026-07-09 04:21:04.465] [info] [sirius_context.cpp:924] Connection closed.
[2026-07-09 04:21:04.526] [info] [task_scheduler.cpp:368] Task request channel closed, exiting management event loop.
[2026-07-09 04:21:04.526] [info] [gpu_pipeline_executor.cpp:118] GPU Pipeline Executor: task queue interrupted, stopping manager loop
[2026-07-09 04:21:04.526] [info] [gpu_pipeline_executor.cpp:118] GPU Pipeline Executor: task queue interrupted, stopping manager loop
