condition,workload_id,repeat,position,query,query_sequence,total_ms,cumulative_total_ms,load_ms,scan_materialize_wall_ms,scan_materialize_work_ms,scan_uncompressed_gb,computation_ms,fixed_page_cached_gb,fixed_page_reuse_split_count,fixed_page_materialize_count,fixed_page_materialize_view_count,fixed_page_fallback_count,page_pruning_matched_cols,page_pruning_pages,page_pruning_all_fail_pages,page_pruning_all_pass_pages,page_pruning_partial_pages,page_pruning_unknown_pages,page_pruning_skip_reuse_count,page_pruning_keep_reuse_count,cache_column_view_ms,cache_column_materialize_ms,splice_view_build_ms,splice_materialize_ms,filtered_splice_materialize_ms,filtered_splice_materialize_single_mask_ms,single_mask_filter_apply_ms,post_filter_select_ms,inline_assembly_ms,post_filter_project_assembly_ms,assembly_ms,fixed_page_extra_stage_ms,benchmark_dir
baseline,q10x5,0,1,q10,"q10,q10,q10,q10,q10",4614.054,4614.054,3659.55517578125,3659.55517578125,14244.639000000003,14.751027829,954.4988242187501,0.0,0,0,0,0,0,0,0,0,0,0,0,0,0.0,0.0,0.0,0.0,0.0,0.0,0.0,0.0,1.2709999999999988,0.0,1.2709999999999988,0.0,/home/dy1013/sirius_multi-gpu/experiment/motivation_runs/figure1_all_queries_5x_paging_20260707/baseline/workloads/q10x5_iter0
baseline,q10x5,0,2,q10,"q10,q10,q10,q10,q10",4197.340999999999,8811.395,3397.362060546875,3397.362060546875,12891.779999999999,14.751027829,799.9789394531244,0.0,0,0,0,0,0,0,0,0,0,0,0,0,0.0,0.0,0.0,0.0,0.0,0.0,0.0,0.0,0.26100000000000007,0.0,0.26100000000000007,0.0,/home/dy1013/sirius_multi-gpu/experiment/motivation_runs/figure1_all_queries_5x_paging_20260707/baseline/workloads/q10x5_iter0
baseline,q10x5,0,3,q10,"q10,q10,q10,q10,q10",4216.662,13028.057,3391.408935546875,3391.408935546875,13276.224999999999,14.751027829,825.2530644531253,0.0,0,0,0,0,0,0,0,0,0,0,0,0,0.0,0.0,0.0,0.0,0.0,0.0,0.0,0.0,1.9520000000000002,0.0,1.9520000000000002,0.0,/home/dy1013/sirius_multi-gpu/experiment/motivation_runs/figure1_all_queries_5x_paging_20260707/baseline/workloads/q10x5_iter0
baseline,q10x5,0,4,q10,"q10,q10,q10,q10,q10",4177.482,17205.539,3373.02783203125,3373.02783203125,13332.131999999996,14.751027829,804.45416796875,0.0,0,0,0,0,0,0,0,0,0,0,0,0,0.0,0.0,0.0,0.0,0.0,0.0,0.0,0.0,3.2219999999999995,0.0,3.2219999999999995,0.0,/home/dy1013/sirius_multi-gpu/experiment/motivation_runs/figure1_all_queries_5x_paging_20260707/baseline/workloads/q10x5_iter0
baseline,q10x5,0,5,q10,"q10,q10,q10,q10,q10",4175.93,21381.469,3304.2509765625,3304.2509765625,12261.839,14.751027829,871.6790234375003,0.0,0,0,0,0,0,0,0,0,0,0,0,0,0.0,0.0,0.0,0.0,0.0,0.0,0.0,0.0,2.2889999999999997,0.0,2.2889999999999997,0.0,/home/dy1013/sirius_multi-gpu/experiment/motivation_runs/figure1_all_queries_5x_paging_20260707/baseline/workloads/q10x5_iter0
baseline,q11x5,0,1,q11,"q11,q11,q11,q11,q11",1250.361,1250.361,854.06005859375,854.06005859375,2740.884,3.593447184,396.3009414062501,0.0,0,0,0,0,0,0,0,0,0,0,0,0,0.0,0.0,0.0,0.0,0.0,0.0,0.0,0.0,0.003,0.0,0.003,0.0,/home/dy1013/sirius_multi-gpu/experiment/motivation_runs/figure1_all_queries_5x_paging_20260707/baseline/workloads/q11x5_iter0
baseline,q11x5,0,2,q11,"q11,q11,q11,q11,q11",1019.9050000000001,2270.266,861.60009765625,861.60009765625,3038.8729999999996,3.593447184,158.3049023437501,0.0,0,0,0,0,0,0,0,0,0,0,0,0,0.0,0.0,0.0,0.0,0.0,0.0,0.0,0.0,0.004,0.0,0.004,0.0,/home/dy1013/sirius_multi-gpu/experiment/motivation_runs/figure1_all_queries_5x_paging_20260707/baseline/workloads/q11x5_iter0
baseline,q11x5,0,3,q11,"q11,q11,q11,q11,q11",978.865,3249.1310000000003,781.60107421875,781.60107421875,2586.2030000000004,3.593447184,197.26392578125,0.0,0,0,0,0,0,0,0,0,0,0,0,0,0.0,0.0,0.0,0.0,0.0,0.0,0.0,0.0,0.003,0.0,0.003,0.0,/home/dy1013/sirius_multi-gpu/experiment/motivation_runs/figure1_all_queries_5x_paging_20260707/baseline/workloads/q11x5_iter0
baseline,q11x5,0,4,q11,"q11,q11,q11,q11,q11",957.935,4207.066000000001,794.82080078125,794.82080078125,2619.033,3.593447184,163.11419921874995,0.0,0,0,0,0,0,0,0,0,0,0,0,0,0.0,0.0,0.0,0.0,0.0,0.0,0.0,0.0,0.003,0.0,0.003,0.0,/home/dy1013/sirius_multi-gpu/experiment/motivation_runs/figure1_all_queries_5x_paging_20260707/baseline/workloads/q11x5_iter0
baseline,q11x5,0,5,q11,"q11,q11,q11,q11,q11",1019.072,5226.138000000001,804.331787109375,804.331787109375,2552.539,3.593447184,214.740212890625,0.0,0,0,0,0,0,0,0,0,0,0,0,0,0.0,0.0,0.0,0.0,0.0,0.0,0.0,0.0,0.004,0.0,0.004,0.0,/home/dy1013/sirius_multi-gpu/experiment/motivation_runs/figure1_all_queries_5x_paging_20260707/baseline/workloads/q11x5_iter0
baseline,q12x5,0,1,q12,"q12,q12,q12,q12,q12",3029.324,3029.324,2074.705078125,2074.705078125,8748.424999999997,9.141245847,954.6189218750001,0.0,0,0,0,0,0,0,0,0,0,0,0,0,0.0,0.0,0.0,0.0,0.0,0.0,0.0,0.0,0.0,0.0,0.0,0.0,/home/dy1013/sirius_multi-gpu/experiment/motivation_runs/figure1_all_queries_5x_paging_20260707/baseline/workloads/q12x5_iter0
baseline,q12x5,0,2,q12,"q12,q12,q12,q12,q12",2714.27,5743.594,2021.070068359375,2021.070068359375,9630.312999999998,9.141245847,693.199931640625,0.0,0,0,0,0,0,0,0,0,0,0,0,0,0.0,0.0,0.0,0.0,0.0,0.0,0.0,0.0,0.0,0.0,0.0,0.0,/home/dy1013/sirius_multi-gpu/experiment/motivation_runs/figure1_all_queries_5x_paging_20260707/baseline/workloads/q12x5_iter0
baseline,q12x5,0,3,q12,"q12,q12,q12,q12,q12",2694.032,8437.626,1993.40185546875,1993.40185546875,8742.931,9.141245847,700.6301445312502,0.0,0,0,0,0,0,0,0,0,0,0,0,0,0.0,0.0,0.0,0.0,0.0,0.0,0.0,0.0,0.0,0.0,0.0,0.0,/home/dy1013/sirius_multi-gpu/experiment/motivation_runs/figure1_all_queries_5x_paging_20260707/baseline/workloads/q12x5_iter0
baseline,q12x5,0,4,q12,"q12,q12,q12,q12,q12",2705.721,11143.347,2021.987060546875,2021.987060546875,8404.309,9.141245847,683.733939453125,0.0,0,0,0,0,0,0,0,0,0,0,0,0,0.0,0.0,0.0,0.0,0.0,0.0,0.0,0.0,0.0,0.0,0.0,0.0,/home/dy1013/sirius_multi-gpu/experiment/motivation_runs/figure1_all_queries_5x_paging_20260707/baseline/workloads/q12x5_iter0
baseline,q12x5,0,5,q12,"q12,q12,q12,q12,q12",2682.706,13826.053,2050.557861328125,2050.557861328125,8803.845,9.141245847,632.1481386718751,0.0,0,0,0,0,0,0,0,0,0,0,0,0,0.0,0.0,0.0,0.0,0.0,0.0,0.0,0.0,0.0,0.0,0.0,0.0,/home/dy1013/sirius_multi-gpu/experiment/motivation_runs/figure1_all_queries_5x_paging_20260707/baseline/workloads/q12x5_iter0
baseline,q13x5,0,1,q13,"q13,q13,q13,q13,q13",2778.8979999999997,2778.8979999999997,2071.31982421875,2071.31982421875,7188.87,2.520079298,707.5781757812497,0.0,0,0,0,0,0,0,0,0,0,0,0,0,0.0,0.0,0.0,0.0,0.0,0.0,0.0,638.8050000000001,0.0,4.283,4.283,0.0,/home/dy1013/sirius_multi-gpu/experiment/motivation_runs/figure1_all_queries_5x_paging_20260707/baseline/workloads/q13x5_iter0
baseline,q13x5,0,2,q13,"q13,q13,q13,q13,q13",2349.2549999999997,5128.152999999999,1941.071044921875,1941.071044921875,7143.88,2.520079298,408.18395507812465,0.0,0,0,0,0,0,0,0,0,0,0,0,0,0.0,0.0,0.0,0.0,0.0,0.0,0.0,430.227,0.0,0.017,0.017,0.0,/home/dy1013/sirius_multi-gpu/experiment/motivation_runs/figure1_all_queries_5x_paging_20260707/baseline/workloads/q13x5_iter0
baseline,q13x5,0,3,q13,"q13,q13,q13,q13,q13",2191.865,7320.017999999999,1803.755859375,1803.755859375,6391.951999999999,2.520079298,388.1091406249998,0.0,0,0,0,0,0,0,0,0,0,0,0,0,0.0,0.0,0.0,0.0,0.0,0.0,0.0,342.847,0.0,0.027,0.027,0.0,/home/dy1013/sirius_multi-gpu/experiment/motivation_runs/figure1_all_queries_5x_paging_20260707/baseline/workloads/q13x5_iter0
baseline,q13x5,0,4,q13,"q13,q13,q13,q13,q13",2317.957,9637.974999999999,1923.946044921875,1923.946044921875,6604.950999999999,2.520079298,394.0109550781249,0.0,0,0,0,0,0,0,0,0,0,0,0,0,0.0,0.0,0.0,0.0,0.0,0.0,0.0,382.63599999999997,0.0,0.046000000000000006,0.046000000000000006,0.0,/home/dy1013/sirius_multi-gpu/experiment/motivation_runs/figure1_all_queries_5x_paging_20260707/baseline/workloads/q13x5_iter0
baseline,q13x5,0,5,q13,"q13,q13,q13,q13,q13",2364.357,12002.331999999999,1925.38916015625,1925.38916015625,7146.459,2.520079298,438.96783984374997,0.0,0,0,0,0,0,0,0,0,0,0,0,0,0.0,0.0,0.0,0.0,0.0,0.0,0.0,451.974,0.0,0.032,0.032,0.0,/home/dy1013/sirius_multi-gpu/experiment/motivation_runs/figure1_all_queries_5x_paging_20260707/baseline/workloads/q13x5_iter0
baseline,q14x5,0,1,q14,"q14,q14,q14,q14,q14",4152.242,4152.242,3354.699951171875,3354.699951171875,19280.560999999998,10.084902567,797.5420488281252,0.0,0,0,0,0,0,0,0,0,0,0,0,0,0.0,0.0,0.0,0.0,0.0,0.0,0.0,0.0,0.20900000000000002,0.0,0.20900000000000002,0.0,/home/dy1013/sirius_multi-gpu/experiment/motivation_runs/figure1_all_queries_5x_paging_20260707/baseline/workloads/q14x5_iter0
baseline,q14x5,0,2,q14,"q14,q14,q14,q14,q14",3658.372,7810.614,62.912109375,62.912109375,62.912,0.180698383,3595.459890625,0.0,0,0,0,0,0,0,0,0,0,0,0,0,0.0,0.0,0.0,0.0,0.0,0.0,0.0,0.0,0.0,0.0,0.0,0.0,/home/dy1013/sirius_multi-gpu/experiment/motivation_runs/figure1_all_queries_5x_paging_20260707/baseline/workloads/q14x5_iter0
baseline,q14x5,0,3,q14,"q14,q14,q14,q14,q14",3593.0,11403.614,3481.1611328125,3481.1611328125,19614.614,10.084902567,111.8388671875,0.0,0,0,0,0,0,0,0,0,0,0,0,0,0.0,0.0,0.0,0.0,0.0,0.0,0.0,0.0,4.015999999999999,0.0,4.015999999999999,0.0,/home/dy1013/sirius_multi-gpu/experiment/motivation_runs/figure1_all_queries_5x_paging_20260707/baseline/workloads/q14x5_iter0
baseline,q14x5,0,4,q14,"q14,q14,q14,q14,q14",3640.42,15044.034,3175.5869140625,3175.5869140625,18765.568999999996,10.084902567,464.8330859375001,0.0,0,0,0,0,0,0,0,0,0,0,0,0,0.0,0.0,0.0,0.0,0.0,0.0,0.0,0.0,0.15000000000000002,0.0,0.15000000000000002,0.0,/home/dy1013/sirius_multi-gpu/experiment/motivation_runs/figure1_all_queries_5x_paging_20260707/baseline/workloads/q14x5_iter0
baseline,q14x5,0,5,q14,"q14,q14,q14,q14,q14",3653.5,18697.534,3144.385009765625,3144.385009765625,18870.418,10.084902567,509.114990234375,0.0,0,0,0,0,0,0,0,0,0,0,0,0,0.0,0.0,0.0,0.0,0.0,0.0,0.0,0.0,0.21000000000000008,0.0,0.21000000000000008,0.0,/home/dy1013/sirius_multi-gpu/experiment/motivation_runs/figure1_all_queries_5x_paging_20260707/baseline/workloads/q14x5_iter0
baseline,q15x5,0,1,q15,"q15,q15,q15,q15,q15",4001.8770000000004,4001.8770000000004,3350.9931640625,3350.9931640625,17852.864999999998,9.98220262,650.8838359375004,0.0,0,0,0,0,0,0,0,0,0,0,0,0,0.0,0.0,0.0,0.0,0.0,0.0,0.0,0.0,2.2249999999999996,0.0,2.2249999999999996,0.0,/home/dy1013/sirius_multi-gpu/experiment/motivation_runs/figure1_all_queries_5x_paging_20260707/baseline/workloads/q15x5_iter0
baseline,q15x5,0,2,q15,"q15,q15,q15,q15,q15",3462.155,7464.032000000001,3015.221923828125,3015.221923828125,17744.43,9.98220262,446.9330761718752,0.0,0,0,0,0,0,0,0,0,0,0,0,0,0.0,0.0,0.0,0.0,0.0,0.0,0.0,0.0,0.14600000000000005,0.0,0.14600000000000005,0.0,/home/dy1013/sirius_multi-gpu/experiment/motivation_runs/figure1_all_queries_5x_paging_20260707/baseline/workloads/q15x5_iter0
baseline,q15x5,0,3,q15,"q15,q15,q15,q15,q15",3482.492,10946.524000000001,3038.81103515625,3038.81103515625,17628.317,9.98220262,443.6809648437502,0.0,0,0,0,0,0,0,0,0,0,0,0,0,0.0,0.0,0.0,0.0,0.0,0.0,0.0,0.0,0.128,0.0,0.128,0.0,/home/dy1013/sirius_multi-gpu/experiment/motivation_runs/figure1_all_queries_5x_paging_20260707/baseline/workloads/q15x5_iter0
baseline,q15x5,0,4,q15,"q15,q15,q15,q15,q15",3479.509,14426.033000000001,3050.80517578125,3050.80517578125,17398.377,9.98220262,428.70382421875,0.0,0,0,0,0,0,0,0,0,0,0,0,0,0.0,0.0,0.0,0.0,0.0,0.0,0.0,0.0,3.685999999999999,0.0,3.685999999999999,0.0,/home/dy1013/sirius_multi-gpu/experiment/motivation_runs/figure1_all_queries_5x_paging_20260707/baseline/workloads/q15x5_iter0
baseline,q15x5,0,5,q15,"q15,q15,q15,q15,q15",3481.334,17907.367000000002,3066.367919921875,3066.367919921875,17529.436,9.98220262,414.96608007812483,0.0,0,0,0,0,0,0,0,0,0,0,0,0,0.0,0.0,0.0,0.0,0.0,0.0,0.0,0.0,3.0109999999999997,0.0,3.0109999999999997,0.0,/home/dy1013/sirius_multi-gpu/experiment/motivation_runs/figure1_all_queries_5x_paging_20260707/baseline/workloads/q15x5_iter0
baseline,q16x5,0,1,q16,"q16,q16,q16,q16,q16",1102.2130000000002,1102.2130000000002,429.6630859375,429.6630859375,736.155,1.496500186,672.5499140625002,0.0,0,0,0,0,0,0,0,0,0,0,0,0,0.0,0.0,0.0,0.0,0.0,0.0,0.0,25.052,0.0,0.002,0.002,0.0,/home/dy1013/sirius_multi-gpu/experiment/motivation_runs/figure1_all_queries_5x_paging_20260707/baseline/workloads/q16x5_iter0
baseline,q16x5,0,2,q16,"q16,q16,q16,q16,q16",858.783,1960.996,371.947998046875,371.947998046875,707.025,1.496500186,486.835001953125,0.0,0,0,0,0,0,0,0,0,0,0,0,0,0.0,0.0,0.0,0.0,0.0,0.0,0.0,15.605,0.0,0.002,0.002,0.0,/home/dy1013/sirius_multi-gpu/experiment/motivation_runs/figure1_all_queries_5x_paging_20260707/baseline/workloads/q16x5_iter0
baseline,q16x5,0,3,q16,"q16,q16,q16,q16,q16",911.0690000000001,2872.065,385.781005859375,385.781005859375,778.938,1.496500186,525.2879941406251,0.0,0,0,0,0,0,0,0,0,0,0,0,0,0.0,0.0,0.0,0.0,0.0,0.0,0.0,14.770999999999999,0.0,0.002,0.002,0.0,/home/dy1013/sirius_multi-gpu/experiment/motivation_runs/figure1_all_queries_5x_paging_20260707/baseline/workloads/q16x5_iter0
baseline,q16x5,0,4,q16,"q16,q16,q16,q16,q16",901.188,3773.253,389.530029296875,389.530029296875,781.079,1.496500186,511.657970703125,0.0,0,0,0,0,0,0,0,0,0,0,0,0,0.0,0.0,0.0,0.0,0.0,0.0,0.0,15.640999999999998,0.0,0.002,0.002,0.0,/home/dy1013/sirius_multi-gpu/experiment/motivation_runs/figure1_all_queries_5x_paging_20260707/baseline/workloads/q16x5_iter0
baseline,q16x5,0,5,q16,"q16,q16,q16,q16,q16",890.9019999999999,4664.155,371.08203125,371.08203125,731.411,1.496500186,519.8199687499999,0.0,0,0,0,0,0,0,0,0,0,0,0,0,0.0,0.0,0.0,0.0,0.0,0.0,0.0,14.738000000000001,0.0,0.002,0.002,0.0,/home/dy1013/sirius_multi-gpu/experiment/motivation_runs/figure1_all_queries_5x_paging_20260707/baseline/workloads/q16x5_iter0
baseline,q17x5,0,1,q17,"q17,q17,q17,q17,q17",7506.863,7506.863,5790.0419921875,5790.0419921875,23506.164,15.471279742,1716.8210078125003,0.0,0,0,0,0,0,0,0,0,0,0,0,0,0.0,0.0,0.0,0.0,0.0,0.0,0.0,0.0,0.012,0.0,0.012,0.0,/home/dy1013/sirius_multi-gpu/experiment/motivation_runs/figure1_all_queries_5x_paging_20260707/baseline/workloads/q17x5_iter0
baseline,q17x5,0,2,q17,"q17,q17,q17,q17,q17",6182.04,13688.903,4837.72509765625,4837.72509765625,23560.672999999995,15.471279742,1344.31490234375,0.0,0,0,0,0,0,0,0,0,0,0,0,0,0.0,0.0,0.0,0.0,0.0,0.0,0.0,0.0,0.01,0.0,0.01,0.0,/home/dy1013/sirius_multi-gpu/experiment/motivation_runs/figure1_all_queries_5x_paging_20260707/baseline/workloads/q17x5_iter0
baseline,q17x5,0,3,q17,"q17,q17,q17,q17,q17",7030.47,20719.373,5015.493896484375,5015.493896484375,24788.068,15.471279742,2014.9761035156253,0.0,0,0,0,0,0,0,0,0,0,0,0,0,0.0,0.0,0.0,0.0,0.0,0.0,0.0,0.0,0.019,0.0,0.019,0.0,/home/dy1013/sirius_multi-gpu/experiment/motivation_runs/figure1_all_queries_5x_paging_20260707/baseline/workloads/q17x5_iter0
baseline,q17x5,0,4,q17,"q17,q17,q17,q17,q17",6455.233,27174.606,4492.255859375,4492.255859375,22825.575999999997,15.471279742,1962.9771406250002,0.0,0,0,0,0,0,0,0,0,0,0,0,0,0.0,0.0,0.0,0.0,0.0,0.0,0.0,0.0,0.02,0.0,0.02,0.0,/home/dy1013/sirius_multi-gpu/experiment/motivation_runs/figure1_all_queries_5x_paging_20260707/baseline/workloads/q17x5_iter0
baseline,q17x5,0,5,q17,"q17,q17,q17,q17,q17",6630.909,33805.515,5009.81103515625,5009.81103515625,23105.038000000004,15.471279742,1621.0979648437497,0.0,0,0,0,0,0,0,0,0,0,0,0,0,0.0,0.0,0.0,0.0,0.0,0.0,0.0,0.0,0.01,0.0,0.01,0.0,/home/dy1013/sirius_multi-gpu/experiment/motivation_runs/figure1_all_queries_5x_paging_20260707/baseline/workloads/q17x5_iter0
baseline,q18x5,0,1,q18,"q18,q18,q18,q18,q18",4408.099,4408.099,2722.82177734375,2722.82177734375,9680.152000000002,14.798397393,1685.2772226562502,0.0,0,0,0,0,0,0,0,0,0,0,0,0,0.0,0.0,0.0,0.0,0.0,0.0,0.0,0.0,0.0,0.0,0.0,0.0,/home/dy1013/sirius_multi-gpu/experiment/motivation_runs/figure1_all_queries_5x_paging_20260707/baseline/workloads/q18x5_iter0
baseline,q18x5,0,2,q18,"q18,q18,q18,q18,q18",3855.283,8263.382,2460.01904296875,2460.01904296875,8419.761,14.798397393,1395.26395703125,0.0,0,0,0,0,0,0,0,0,0,0,0,0,0.0,0.0,0.0,0.0,0.0,0.0,0.0,0.0,0.0,0.0,0.0,0.0,/home/dy1013/sirius_multi-gpu/experiment/motivation_runs/figure1_all_queries_5x_paging_20260707/baseline/workloads/q18x5_iter0
baseline,q18x5,0,3,q18,"q18,q18,q18,q18,q18",3793.5370000000003,12056.919,2510.303955078125,2510.303955078125,8760.049,14.798397393,1283.2330449218753,0.0,0,0,0,0,0,0,0,0,0,0,0,0,0.0,0.0,0.0,0.0,0.0,0.0,0.0,0.0,0.0,0.0,0.0,0.0,/home/dy1013/sirius_multi-gpu/experiment/motivation_runs/figure1_all_queries_5x_paging_20260707/baseline/workloads/q18x5_iter0
baseline,q18x5,0,4,q18,"q18,q18,q18,q18,q18",4137.686000000001,16194.605,2958.36669921875,2958.36669921875,9823.508999999998,14.798397393,1179.3193007812506,0.0,0,0,0,0,0,0,0,0,0,0,0,0,0.0,0.0,0.0,0.0,0.0,0.0,0.0,0.0,0.0,0.0,0.0,0.0,/home/dy1013/sirius_multi-gpu/experiment/motivation_runs/figure1_all_queries_5x_paging_20260707/baseline/workloads/q18x5_iter0
baseline,q18x5,0,5,q18,"q18,q18,q18,q18,q18",3886.8010000000004,20081.406,2594.6630859375,2594.6630859375,8536.349,14.798397393,1292.1379140625004,0.0,0,0,0,0,0,0,0,0,0,0,0,0,0.0,0.0,0.0,0.0,0.0,0.0,0.0,0.0,0.0,0.0,0.0,0.0,/home/dy1013/sirius_multi-gpu/experiment/motivation_runs/figure1_all_queries_5x_paging_20260707/baseline/workloads/q18x5_iter0
baseline,q19x5,0,1,q19,"q19,q19,q19,q19,q19",4382.6900000000005,4382.6900000000005,3541.052001953125,3541.052001953125,16067.124999999998,10.790175556,841.6379980468755,0.0,0,0,0,0,0,0,0,0,0,0,0,0,0.0,0.0,0.0,0.0,0.0,0.0,0.0,0.0,1.2959999999999992,0.0,1.2959999999999992,0.0,/home/dy1013/sirius_multi-gpu/experiment/motivation_runs/figure1_all_queries_5x_paging_20260707/baseline/workloads/q19x5_iter0
baseline,q19x5,0,2,q19,"q19,q19,q19,q19,q19",3649.526,8032.216,3004.989013671875,3004.989013671875,13893.117,10.790175556,644.5369863281248,0.0,0,0,0,0,0,0,0,0,0,0,0,0,0.0,0.0,0.0,0.0,0.0,0.0,0.0,0.0,0.30800000000000005,0.0,0.30800000000000005,0.0,/home/dy1013/sirius_multi-gpu/experiment/motivation_runs/figure1_all_queries_5x_paging_20260707/baseline/workloads/q19x5_iter0
baseline,q19x5,0,3,q19,"q19,q19,q19,q19,q19",3641.795,11674.011,3031.9921875,3031.9921875,13644.282000000001,10.790175556,609.8028125000001,0.0,0,0,0,0,0,0,0,0,0,0,0,0,0.0,0.0,0.0,0.0,0.0,0.0,0.0,0.0,0.5760000000000001,0.0,0.5760000000000001,0.0,/home/dy1013/sirius_multi-gpu/experiment/motivation_runs/figure1_all_queries_5x_paging_20260707/baseline/workloads/q19x5_iter0
baseline,q19x5,0,4,q19,"q19,q19,q19,q19,q19",3669.934,15343.945,3062.64697265625,3062.64697265625,14309.146999999999,10.790175556,607.2870273437502,0.0,0,0,0,0,0,0,0,0,0,0,0,0,0.0,0.0,0.0,0.0,0.0,0.0,0.0,0.0,5.185,0.0,5.185,0.0,/home/dy1013/sirius_multi-gpu/experiment/motivation_runs/figure1_all_queries_5x_paging_20260707/baseline/workloads/q19x5_iter0
baseline,q19x5,0,5,q19,"q19,q19,q19,q19,q19",3606.42,18950.364999999998,3002.337890625,3002.337890625,14309.761,10.790175556,604.0821093750001,0.0,0,0,0,0,0,0,0,0,0,0,0,0,0.0,0.0,0.0,0.0,0.0,0.0,0.0,0.0,0.43900000000000006,0.0,0.43900000000000006,0.0,/home/dy1013/sirius_multi-gpu/experiment/motivation_runs/figure1_all_queries_5x_paging_20260707/baseline/workloads/q19x5_iter0
baseline,q1x5,0,1,q1,"q1,q1,q1,q1,q1",3798.745,3798.745,2542.41796875,2542.41796875,8550.216,6.1651734,1256.32703125,0.0,0,0,0,0,0,0,0,0,0,0,0,0,0.0,0.0,0.0,0.0,0.0,0.0,0.0,0.0,11.119000000000002,0.0,11.119000000000002,0.0,/home/dy1013/sirius_multi-gpu/experiment/motivation_runs/figure1_all_queries_5x_paging_20260707/baseline/workloads/q1x5_iter0
baseline,q1x5,0,2,q1,"q1,q1,q1,q1,q1",2854.375,6653.12,2161.762939453125,2161.762939453125,6698.491,6.1651734,692.612060546875,0.0,0,0,0,0,0,0,0,0,0,0,0,0,0.0,0.0,0.0,0.0,0.0,0.0,0.0,0.0,0.28700000000000003,0.0,0.28700000000000003,0.0,/home/dy1013/sirius_multi-gpu/experiment/motivation_runs/figure1_all_queries_5x_paging_20260707/baseline/workloads/q1x5_iter0
baseline,q1x5,0,3,q1,"q1,q1,q1,q1,q1",3178.039,9831.159,2321.02099609375,2321.02099609375,7886.381,6.1651734,857.0180039062502,0.0,0,0,0,0,0,0,0,0,0,0,0,0,0.0,0.0,0.0,0.0,0.0,0.0,0.0,0.0,1.585,0.0,1.585,0.0,/home/dy1013/sirius_multi-gpu/experiment/motivation_runs/figure1_all_queries_5x_paging_20260707/baseline/workloads/q1x5_iter0
baseline,q1x5,0,4,q1,"q1,q1,q1,q1,q1",3068.9350000000004,12900.094000000001,2390.735107421875,2390.735107421875,7183.165999999999,6.1651734,678.1998925781254,0.0,0,0,0,0,0,0,0,0,0,0,0,0,0.0,0.0,0.0,0.0,0.0,0.0,0.0,0.0,3.478,0.0,3.478,0.0,/home/dy1013/sirius_multi-gpu/experiment/motivation_runs/figure1_all_queries_5x_paging_20260707/baseline/workloads/q1x5_iter0
baseline,q1x5,0,5,q1,"q1,q1,q1,q1,q1",3181.6879999999996,16081.782000000001,2536.18408203125,2536.18408203125,7584.627000000001,6.1651734,645.5039179687496,0.0,0,0,0,0,0,0,0,0,0,0,0,0,0.0,0.0,0.0,0.0,0.0,0.0,0.0,0.0,3.9150000000000005,0.0,3.9150000000000005,0.0,/home/dy1013/sirius_multi-gpu/experiment/motivation_runs/figure1_all_queries_5x_paging_20260707/baseline/workloads/q1x5_iter0
baseline,q20x5,0,1,q20,"q20,q20,q20,q20,q20",4905.953,4905.953,4073.22509765625,4073.22509765625,20089.908,11.747895711,832.7279023437504,0.0,0,0,0,0,0,0,0,0,0,0,0,0,0.0,0.0,0.0,0.0,0.0,0.0,0.0,0.0,0.17800000000000005,0.0,0.17800000000000005,0.0,/home/dy1013/sirius_multi-gpu/experiment/motivation_runs/figure1_all_queries_5x_paging_20260707/baseline/workloads/q20x5_iter0
baseline,q20x5,0,2,q20,"q20,q20,q20,q20,q20",4181.522,9087.475,3632.518798828125,3632.518798828125,18176.183000000005,11.747895711,549.0032011718749,0.0,0,0,0,0,0,0,0,0,0,0,0,0,0.0,0.0,0.0,0.0,0.0,0.0,0.0,0.0,0.22700000000000006,0.0,0.22700000000000006,0.0,/home/dy1013/sirius_multi-gpu/experiment/motivation_runs/figure1_all_queries_5x_paging_20260707/baseline/workloads/q20x5_iter0
baseline,q20x5,0,3,q20,"q20,q20,q20,q20,q20",4315.286,13402.761,3715.661865234375,3715.661865234375,19133.437,11.747895711,599.6241347656251,0.0,0,0,0,0,0,0,0,0,0,0,0,0,0.0,0.0,0.0,0.0,0.0,0.0,0.0,0.0,1.0659999999999998,0.0,1.0659999999999998,0.0,/home/dy1013/sirius_multi-gpu/experiment/motivation_runs/figure1_all_queries_5x_paging_20260707/baseline/workloads/q20x5_iter0
baseline,q20x5,0,4,q20,"q20,q20,q20,q20,q20",4125.349,17528.11,3560.682861328125,3560.682861328125,18234.237000000005,11.747895711,564.6661386718752,0.0,0,0,0,0,0,0,0,0,0,0,0,0,0.0,0.0,0.0,0.0,0.0,0.0,0.0,0.0,0.23700000000000007,0.0,0.23700000000000007,0.0,/home/dy1013/sirius_multi-gpu/experiment/motivation_runs/figure1_all_queries_5x_paging_20260707/baseline/workloads/q20x5_iter0
baseline,q20x5,0,5,q20,"q20,q20,q20,q20,q20",4221.383000000001,21749.493000000002,3678.76611328125,3678.76611328125,19248.345,11.747895711,542.6168867187507,0.0,0,0,0,0,0,0,0,0,0,0,0,0,0.0,0.0,0.0,0.0,0.0,0.0,0.0,0.0,1.1979999999999993,0.0,1.1979999999999993,0.0,/home/dy1013/sirius_multi-gpu/experiment/motivation_runs/figure1_all_queries_5x_paging_20260707/baseline/workloads/q20x5_iter0
baseline,q21x5,0,1,q21,"q21,q21,q21,q21,q21",10259.597,10259.597,7467.72998046875,7467.72998046875,41343.02100000001,33.840390873,2791.8670195312498,0.0,0,0,0,0,0,0,0,0,0,0,0,0,0.0,0.0,0.0,0.0,0.0,0.0,0.0,0.0,0.02,0.0,0.02,0.0,/home/dy1013/sirius_multi-gpu/experiment/motivation_runs/figure1_all_queries_5x_paging_20260707/baseline/workloads/q21x5_iter0
baseline,q21x5,0,2,q21,"q21,q21,q21,q21,q21",9451.034,19710.631,7114.797119140625,7114.797119140625,39498.93300000001,33.840390873,2336.2368808593747,0.0,0,0,0,0,0,0,0,0,0,0,0,0,0.0,0.0,0.0,0.0,0.0,0.0,0.0,0.0,0.026000000000000002,0.0,0.026000000000000002,0.0,/home/dy1013/sirius_multi-gpu/experiment/motivation_runs/figure1_all_queries_5x_paging_20260707/baseline/workloads/q21x5_iter0
baseline,q21x5,0,3,q21,"q21,q21,q21,q21,q21",9636.348,29346.979,7239.18701171875,7239.18701171875,41800.843,33.840390873,2397.16098828125,0.0,0,0,0,0,0,0,0,0,0,0,0,0,0.0,0.0,0.0,0.0,0.0,0.0,0.0,0.0,0.061000000000000006,0.0,0.061000000000000006,0.0,/home/dy1013/sirius_multi-gpu/experiment/motivation_runs/figure1_all_queries_5x_paging_20260707/baseline/workloads/q21x5_iter0
baseline,q21x5,0,4,q21,"q21,q21,q21,q21,q21",9604.476999999999,38951.456,7132.201171875,7132.201171875,41074.962,33.840390873,2472.275828124999,0.0,0,0,0,0,0,0,0,0,0,0,0,0,0.0,0.0,0.0,0.0,0.0,0.0,0.0,0.0,0.022,0.0,0.022,0.0,/home/dy1013/sirius_multi-gpu/experiment/motivation_runs/figure1_all_queries_5x_paging_20260707/baseline/workloads/q21x5_iter0
baseline,q21x5,0,5,q21,"q21,q21,q21,q21,q21",9446.923999999999,48398.38,7129.01318359375,7129.01318359375,40047.733,33.840390873,2317.910816406249,0.0,0,0,0,0,0,0,0,0,0,0,0,0,0.0,0.0,0.0,0.0,0.0,0.0,0.0,0.0,0.023,0.0,0.023,0.0,/home/dy1013/sirius_multi-gpu/experiment/motivation_runs/figure1_all_queries_5x_paging_20260707/baseline/workloads/q21x5_iter0
baseline,q22x5,0,1,q22,"q22,q22,q22,q22,q22",1657.36,1657.36,723.27294921875,723.27294921875,1383.4930000000002,1.84505313,934.0870507812499,0.0,0,0,0,0,0,0,0,0,0,0,0,0,0.0,0.0,0.0,0.0,0.0,0.0,0.0,337.653,0.0,0.003,0.003,0.0,/home/dy1013/sirius_multi-gpu/experiment/motivation_runs/figure1_all_queries_5x_paging_20260707/baseline/workloads/q22x5_iter0
baseline,q22x5,0,2,q22,"q22,q22,q22,q22,q22",1018.6010000000001,2675.9610000000002,654.52783203125,654.52783203125,1312.317,1.84505313,364.0731679687501,0.0,0,0,0,0,0,0,0,0,0,0,0,0,0.0,0.0,0.0,0.0,0.0,0.0,0.0,44.745,0.0,0.003,0.003,0.0,/home/dy1013/sirius_multi-gpu/experiment/motivation_runs/figure1_all_queries_5x_paging_20260707/baseline/workloads/q22x5_iter0
baseline,q22x5,0,3,q22,"q22,q22,q22,q22,q22",959.029,3634.9900000000002,648.916015625,648.916015625,902.902,1.84505313,310.112984375,0.0,0,0,0,0,0,0,0,0,0,0,0,0,0.0,0.0,0.0,0.0,0.0,0.0,0.0,43.197,0.0,0.003,0.003,0.0,/home/dy1013/sirius_multi-gpu/experiment/motivation_runs/figure1_all_queries_5x_paging_20260707/baseline/workloads/q22x5_iter0
baseline,q22x5,0,4,q22,"q22,q22,q22,q22,q22",989.774,4624.764,634.841064453125,634.841064453125,1108.6979999999999,1.84505313,354.932935546875,0.0,0,0,0,0,0,0,0,0,0,0,0,0,0.0,0.0,0.0,0.0,0.0,0.0,0.0,44.201,0.0,0.002,0.002,0.0,/home/dy1013/sirius_multi-gpu/experiment/motivation_runs/figure1_all_queries_5x_paging_20260707/baseline/workloads/q22x5_iter0
baseline,q22x5,0,5,q22,"q22,q22,q22,q22,q22",1010.2130000000001,5634.977,657.06201171875,657.06201171875,1186.991,1.84505313,353.1509882812501,0.0,0,0,0,0,0,0,0,0,0,0,0,0,0.0,0.0,0.0,0.0,0.0,0.0,0.0,44.544,0.0,0.002,0.002,0.0,/home/dy1013/sirius_multi-gpu/experiment/motivation_runs/figure1_all_queries_5x_paging_20260707/baseline/workloads/q22x5_iter0
baseline,q2x5,0,1,q2,"q2,q2,q2,q2,q2",1649.6219999999998,1649.6219999999998,1100.97412109375,1100.97412109375,3036.3379999999993,4.169486744,548.6478789062498,0.0,0,0,0,0,0,0,0,0,0,0,0,0,0.0,0.0,0.0,0.0,0.0,0.0,0.0,6.863,0.007,0.004,0.011,0.0,/home/dy1013/sirius_multi-gpu/experiment/motivation_runs/figure1_all_queries_5x_paging_20260707/baseline/workloads/q2x5_iter0
baseline,q2x5,0,2,q2,"q2,q2,q2,q2,q2",1399.201,3048.823,969.355224609375,969.355224609375,2812.631,4.169486744,429.845775390625,0.0,0,0,0,0,0,0,0,0,0,0,0,0,0.0,0.0,0.0,0.0,0.0,0.0,0.0,4.112,0.030000000000000002,0.005,0.035,0.0,/home/dy1013/sirius_multi-gpu/experiment/motivation_runs/figure1_all_queries_5x_paging_20260707/baseline/workloads/q2x5_iter0
baseline,q2x5,0,3,q2,"q2,q2,q2,q2,q2",1386.393,4435.216,972.244873046875,972.244873046875,3023.047,4.169486744,414.14812695312503,0.0,0,0,0,0,0,0,0,0,0,0,0,0,0.0,0.0,0.0,0.0,0.0,0.0,0.0,3.981,0.007,0.003,0.01,0.0,/home/dy1013/sirius_multi-gpu/experiment/motivation_runs/figure1_all_queries_5x_paging_20260707/baseline/workloads/q2x5_iter0
baseline,q2x5,0,4,q2,"q2,q2,q2,q2,q2",1456.627,5891.843000000001,1094.109130859375,1094.109130859375,3218.821,4.169486744,362.51786914062495,0.0,0,0,0,0,0,0,0,0,0,0,0,0,0.0,0.0,0.0,0.0,0.0,0.0,0.0,5.388,0.007,0.004,0.011,0.0,/home/dy1013/sirius_multi-gpu/experiment/motivation_runs/figure1_all_queries_5x_paging_20260707/baseline/workloads/q2x5_iter0
baseline,q2x5,0,5,q2,"q2,q2,q2,q2,q2",1418.963,7310.8060000000005,997.642578125,997.642578125,3109.537,4.169486744,421.32042187499997,0.0,0,0,0,0,0,0,0,0,0,0,0,0,0.0,0.0,0.0,0.0,0.0,0.0,0.0,3.986,0.007,0.004,0.011,0.0,/home/dy1013/sirius_multi-gpu/experiment/motivation_runs/figure1_all_queries_5x_paging_20260707/baseline/workloads/q2x5_iter0
baseline,q3x5,0,1,q3,"q3,q3,q3,q3,q3",4237.6230000000005,4237.6230000000005,3210.296142578125,3210.296142578125,12743.027,12.661797699,1027.3268574218755,0.0,0,0,0,0,0,0,0,0,0,0,0,0,0.0,0.0,0.0,0.0,0.0,0.0,0.0,0.0,0.3380000000000001,0.0,0.3380000000000001,0.0,/home/dy1013/sirius_multi-gpu/experiment/motivation_runs/figure1_all_queries_5x_paging_20260707/baseline/workloads/q3x5_iter0
baseline,q3x5,0,2,q3,"q3,q3,q3,q3,q3",3690.3109999999997,7927.934,2887.60498046875,2887.60498046875,13637.659000000001,12.661797699,802.7060195312497,0.0,0,0,0,0,0,0,0,0,0,0,0,0,0.0,0.0,0.0,0.0,0.0,0.0,0.0,0.0,0.226,0.0,0.226,0.0,/home/dy1013/sirius_multi-gpu/experiment/motivation_runs/figure1_all_queries_5x_paging_20260707/baseline/workloads/q3x5_iter0
baseline,q3x5,0,3,q3,"q3,q3,q3,q3,q3",3889.216,11817.15,3147.115234375,3147.115234375,12782.463000000003,12.661797699,742.1007656249999,0.0,0,0,0,0,0,0,0,0,0,0,0,0,0.0,0.0,0.0,0.0,0.0,0.0,0.0,0.0,1.299,0.0,1.299,0.0,/home/dy1013/sirius_multi-gpu/experiment/motivation_runs/figure1_all_queries_5x_paging_20260707/baseline/workloads/q3x5_iter0
baseline,q3x5,0,4,q3,"q3,q3,q3,q3,q3",3778.082,15595.232,2988.526123046875,2988.526123046875,13563.81,12.661797699,789.5558769531249,0.0,0,0,0,0,0,0,0,0,0,0,0,0,0.0,0.0,0.0,0.0,0.0,0.0,0.0,0.0,2.325999999999999,0.0,2.325999999999999,0.0,/home/dy1013/sirius_multi-gpu/experiment/motivation_runs/figure1_all_queries_5x_paging_20260707/baseline/workloads/q3x5_iter0
baseline,q3x5,0,5,q3,"q3,q3,q3,q3,q3",3849.275,19444.507,3058.26416015625,3058.26416015625,13335.122,12.661797699,791.0108398437501,0.0,0,0,0,0,0,0,0,0,0,0,0,0,0.0,0.0,0.0,0.0,0.0,0.0,0.0,0.0,0.2340000000000001,0.0,0.2340000000000001,0.0,/home/dy1013/sirius_multi-gpu/experiment/motivation_runs/figure1_all_queries_5x_paging_20260707/baseline/workloads/q3x5_iter0
baseline,q4x5,0,1,q4,"q4,q4,q4,q4,q4",2886.587,2886.587,1821.348876953125,1821.348876953125,7149.673000000001,7.960988747,1065.238123046875,0.0,0,0,0,0,0,0,0,0,0,0,0,0,0.0,0.0,0.0,0.0,0.0,0.0,0.0,0.0,0.063,0.0,0.063,0.0,/home/dy1013/sirius_multi-gpu/experiment/motivation_runs/figure1_all_queries_5x_paging_20260707/baseline/workloads/q4x5_iter0
baseline,q4x5,0,2,q4,"q4,q4,q4,q4,q4",2550.5170000000003,5437.104,1804.84814453125,1804.84814453125,7332.795,7.960988747,745.6688554687503,0.0,0,0,0,0,0,0,0,0,0,0,0,0,0.0,0.0,0.0,0.0,0.0,0.0,0.0,0.0,2.7199999999999998,0.0,2.7199999999999998,0.0,/home/dy1013/sirius_multi-gpu/experiment/motivation_runs/figure1_all_queries_5x_paging_20260707/baseline/workloads/q4x5_iter0
baseline,q4x5,0,3,q4,"q4,q4,q4,q4,q4",2416.402,7853.506,1709.698974609375,1709.698974609375,7418.5250000000015,7.960988747,706.703025390625,0.0,0,0,0,0,0,0,0,0,0,0,0,0,0.0,0.0,0.0,0.0,0.0,0.0,0.0,0.0,0.026000000000000002,0.0,0.026000000000000002,0.0,/home/dy1013/sirius_multi-gpu/experiment/motivation_runs/figure1_all_queries_5x_paging_20260707/baseline/workloads/q4x5_iter0
baseline,q4x5,0,4,q4,"q4,q4,q4,q4,q4",2487.86,10341.366,1783.028076171875,1783.028076171875,7309.6410000000005,7.960988747,704.8319238281251,0.0,0,0,0,0,0,0,0,0,0,0,0,0,0.0,0.0,0.0,0.0,0.0,0.0,0.0,0.0,0.044,0.0,0.044,0.0,/home/dy1013/sirius_multi-gpu/experiment/motivation_runs/figure1_all_queries_5x_paging_20260707/baseline/workloads/q4x5_iter0
baseline,q4x5,0,5,q4,"q4,q4,q4,q4,q4",2488.436,12829.802,1811.822998046875,1811.822998046875,7002.679,7.960988747,676.6130019531251,0.0,0,0,0,0,0,0,0,0,0,0,0,0,0.0,0.0,0.0,0.0,0.0,0.0,0.0,0.0,0.103,0.0,0.103,0.0,/home/dy1013/sirius_multi-gpu/experiment/motivation_runs/figure1_all_queries_5x_paging_20260707/baseline/workloads/q4x5_iter0
baseline,q5x5,0,1,q5,"q5,q5,q5,q5,q5",6812.952,6812.952,4665.573974609375,4665.573974609375,20157.056000000004,17.242824098,2147.378025390625,0.0,0,0,0,0,0,0,0,0,0,0,0,0,0.0,0.0,0.0,0.0,0.0,0.0,0.0,0.0,0.066,0.0,0.066,0.0,/home/dy1013/sirius_multi-gpu/experiment/motivation_runs/figure1_all_queries_5x_paging_20260707/baseline/workloads/q5x5_iter0
baseline,q5x5,0,2,q5,"q5,q5,q5,q5,q5",5337.125999999999,12150.078,3884.35791015625,3884.35791015625,18732.89199999999,17.242824098,1452.7680898437493,0.0,0,0,0,0,0,0,0,0,0,0,0,0,0.0,0.0,0.0,0.0,0.0,0.0,0.0,0.0,5.488,0.0,5.488,0.0,/home/dy1013/sirius_multi-gpu/experiment/motivation_runs/figure1_all_queries_5x_paging_20260707/baseline/workloads/q5x5_iter0
baseline,q5x5,0,3,q5,"q5,q5,q5,q5,q5",5284.194,17434.272,3784.355224609375,3784.355224609375,18429.43,17.242824098,1499.8387753906254,0.0,0,0,0,0,0,0,0,0,0,0,0,0,0.0,0.0,0.0,0.0,0.0,0.0,0.0,0.0,0.9610000000000001,0.0,0.9610000000000001,0.0,/home/dy1013/sirius_multi-gpu/experiment/motivation_runs/figure1_all_queries_5x_paging_20260707/baseline/workloads/q5x5_iter0
baseline,q5x5,0,4,q5,"q5,q5,q5,q5,q5",5478.335999999999,22912.608,3841.245849609375,3841.245849609375,18469.567,17.242824098,1637.0901503906243,0.0,0,0,0,0,0,0,0,0,0,0,0,0,0.0,0.0,0.0,0.0,0.0,0.0,0.0,0.0,5.202,0.0,5.202,0.0,/home/dy1013/sirius_multi-gpu/experiment/motivation_runs/figure1_all_queries_5x_paging_20260707/baseline/workloads/q5x5_iter0
baseline,q5x5,0,5,q5,"q5,q5,q5,q5,q5",5409.064,28321.672,3932.222900390625,3932.222900390625,19617.91700000001,17.242824098,1476.8410996093753,0.0,0,0,0,0,0,0,0,0,0,0,0,0,0.0,0.0,0.0,0.0,0.0,0.0,0.0,0.0,0.942,0.0,0.942,0.0,/home/dy1013/sirius_multi-gpu/experiment/motivation_runs/figure1_all_queries_5x_paging_20260707/baseline/workloads/q5x5_iter0
baseline,q6x5,0,1,q6,"q6,q6,q6,q6,q6",2649.998,2649.998,1983.153076171875,1983.153076171875,7337.956999999999,5.103751393,666.844923828125,0.0,0,0,0,0,0,0,0,0,0,0,0,0,0.0,0.0,0.0,0.0,0.0,0.0,0.0,0.0,7.171000000000001,0.0,7.171000000000001,0.0,/home/dy1013/sirius_multi-gpu/experiment/motivation_runs/figure1_all_queries_5x_paging_20260707/baseline/workloads/q6x5_iter0
baseline,q6x5,0,2,q6,"q6,q6,q6,q6,q6",2420.326,5070.3240000000005,1944.87890625,1944.87890625,7275.557,5.103751393,475.44709375,0.0,0,0,0,0,0,0,0,0,0,0,0,0,0.0,0.0,0.0,0.0,0.0,0.0,0.0,0.0,1.1849999999999998,0.0,1.1849999999999998,0.0,/home/dy1013/sirius_multi-gpu/experiment/motivation_runs/figure1_all_queries_5x_paging_20260707/baseline/workloads/q6x5_iter0
baseline,q6x5,0,3,q6,"q6,q6,q6,q6,q6",2496.149,7566.473,2043.443115234375,2043.443115234375,7914.25,5.103751393,452.7058847656249,0.0,0,0,0,0,0,0,0,0,0,0,0,0,0.0,0.0,0.0,0.0,0.0,0.0,0.0,0.0,2.6059999999999994,0.0,2.6059999999999994,0.0,/home/dy1013/sirius_multi-gpu/experiment/motivation_runs/figure1_all_queries_5x_paging_20260707/baseline/workloads/q6x5_iter0
baseline,q6x5,0,4,q6,"q6,q6,q6,q6,q6",2454.504,10020.976999999999,1970.47900390625,1970.47900390625,7191.405,5.103751393,484.0249960937499,0.0,0,0,0,0,0,0,0,0,0,0,0,0,0.0,0.0,0.0,0.0,0.0,0.0,0.0,0.0,13.849,0.0,13.849,0.0,/home/dy1013/sirius_multi-gpu/experiment/motivation_runs/figure1_all_queries_5x_paging_20260707/baseline/workloads/q6x5_iter0
baseline,q6x5,0,5,q6,"q6,q6,q6,q6,q6",2552.02,12572.997,2098.656005859375,2098.656005859375,8845.579,5.103751393,453.363994140625,0.0,0,0,0,0,0,0,0,0,0,0,0,0,0.0,0.0,0.0,0.0,0.0,0.0,0.0,0.0,8.718,0.0,8.718,0.0,/home/dy1013/sirius_multi-gpu/experiment/motivation_runs/figure1_all_queries_5x_paging_20260707/baseline/workloads/q6x5_iter0
baseline,q7x5,0,1,q7,"q7,q7,q7,q7,q7",5349.718,5349.718,4388.796630859375,4388.796630859375,24799.69,18.195000188,960.9213691406248,0.0,0,0,0,0,0,0,0,0,0,0,0,0,0.0,0.0,0.0,0.0,0.0,0.0,0.0,0.0,0.0,0.0,0.0,0.0,/home/dy1013/sirius_multi-gpu/experiment/motivation_runs/figure1_all_queries_5x_paging_20260707/baseline/workloads/q7x5_iter0
baseline,q7x5,0,2,q7,"q7,q7,q7,q7,q7",5126.876,10476.594000000001,4280.012939453125,4280.012939453125,24323.503000000004,18.195000188,846.8630605468752,0.0,0,0,0,0,0,0,0,0,0,0,0,0,0.0,0.0,0.0,0.0,0.0,0.0,0.0,0.0,0.0,0.0,0.0,0.0,/home/dy1013/sirius_multi-gpu/experiment/motivation_runs/figure1_all_queries_5x_paging_20260707/baseline/workloads/q7x5_iter0
baseline,q7x5,0,3,q7,"q7,q7,q7,q7,q7",5195.338,15671.932,4384.219970703125,4384.219970703125,25075.482999999997,18.195000188,811.1180292968747,0.0,0,0,0,0,0,0,0,0,0,0,0,0,0.0,0.0,0.0,0.0,0.0,0.0,0.0,0.0,0.0,0.0,0.0,0.0,/home/dy1013/sirius_multi-gpu/experiment/motivation_runs/figure1_all_queries_5x_paging_20260707/baseline/workloads/q7x5_iter0
baseline,q7x5,0,4,q7,"q7,q7,q7,q7,q7",5041.956,20713.888,4261.242919921875,4261.242919921875,24062.988000000005,18.195000188,780.7130800781251,0.0,0,0,0,0,0,0,0,0,0,0,0,0,0.0,0.0,0.0,0.0,0.0,0.0,0.0,0.0,0.0,0.0,0.0,0.0,/home/dy1013/sirius_multi-gpu/experiment/motivation_runs/figure1_all_queries_5x_paging_20260707/baseline/workloads/q7x5_iter0
baseline,q7x5,0,5,q7,"q7,q7,q7,q7,q7",5076.5650000000005,25790.453,4253.35400390625,4253.35400390625,23914.355,18.195000188,823.2109960937505,0.0,0,0,0,0,0,0,0,0,0,0,0,0,0.0,0.0,0.0,0.0,0.0,0.0,0.0,0.0,0.0,0.0,0.0,0.0,/home/dy1013/sirius_multi-gpu/experiment/motivation_runs/figure1_all_queries_5x_paging_20260707/baseline/workloads/q7x5_iter0
baseline,q8x5,0,1,q8,"q8,q8,q8,q8,q8",10006.158,10006.158,6424.762939453125,6424.762939453125,24523.306,22.440736602,3581.3950605468744,0.0,0,0,0,0,0,0,0,0,0,0,0,0,0.0,0.0,0.0,0.0,0.0,0.0,0.0,0.0,0.007,0.0,0.007,0.0,/home/dy1013/sirius_multi-gpu/experiment/motivation_runs/figure1_all_queries_5x_paging_20260707/baseline/workloads/q8x5_iter0
baseline,q8x5,0,2,q8,"q8,q8,q8,q8,q8",7445.219,17451.377,5118.02294921875,5118.02294921875,23109.949000000008,22.440736602,2327.19605078125,0.0,0,0,0,0,0,0,0,0,0,0,0,0,0.0,0.0,0.0,0.0,0.0,0.0,0.0,0.0,0.008,0.0,0.008,0.0,/home/dy1013/sirius_multi-gpu/experiment/motivation_runs/figure1_all_queries_5x_paging_20260707/baseline/workloads/q8x5_iter0
baseline,q8x5,0,3,q8,"q8,q8,q8,q8,q8",7415.064,24866.441,5171.436767578125,5171.436767578125,22788.018999999997,22.440736602,2243.6272324218753,0.0,0,0,0,0,0,0,0,0,0,0,0,0,0.0,0.0,0.0,0.0,0.0,0.0,0.0,0.0,0.009000000000000001,0.0,0.009000000000000001,0.0,/home/dy1013/sirius_multi-gpu/experiment/motivation_runs/figure1_all_queries_5x_paging_20260707/baseline/workloads/q8x5_iter0
baseline,q8x5,0,4,q8,"q8,q8,q8,q8,q8",7504.427,32370.868,5081.76171875,5081.76171875,23163.511999999995,22.440736602,2422.6652812499997,0.0,0,0,0,0,0,0,0,0,0,0,0,0,0.0,0.0,0.0,0.0,0.0,0.0,0.0,0.0,0.008,0.0,0.008,0.0,/home/dy1013/sirius_multi-gpu/experiment/motivation_runs/figure1_all_queries_5x_paging_20260707/baseline/workloads/q8x5_iter0
baseline,q8x5,0,5,q8,"q8,q8,q8,q8,q8",7270.975,39641.843,5088.3466796875,5088.3466796875,23311.195000000003,22.440736602,2182.6283203125004,0.0,0,0,0,0,0,0,0,0,0,0,0,0,0.0,0.0,0.0,0.0,0.0,0.0,0.0,0.0,0.007,0.0,0.007,0.0,/home/dy1013/sirius_multi-gpu/experiment/motivation_runs/figure1_all_queries_5x_paging_20260707/baseline/workloads/q8x5_iter0
baseline,q9x5,0,1,q9,"q9,q9,q9,q9,q9",14302.596,14302.596,5979.885986328125,5979.885986328125,21811.408,20.120072977,8322.710013671875,0.0,0,0,0,0,0,0,0,0,0,0,0,0,0.0,0.0,0.0,0.0,0.0,0.0,0.0,14.308,0.0,0.002,0.002,0.0,/home/dy1013/sirius_multi-gpu/experiment/motivation_runs/figure1_all_queries_5x_paging_20260707/baseline/workloads/q9x5_iter0
baseline,q9x5,0,2,q9,"q9,q9,q9,q9,q9",10196.007,24498.603,7400.12939453125,7400.12939453125,23841.314999999995,23.486257092,2795.8776054687496,0.0,0,0,0,0,0,0,0,0,0,0,0,0,0.0,0.0,0.0,0.0,0.0,0.0,0.0,13.11,0.0,0.003,0.003,0.0,/home/dy1013/sirius_multi-gpu/experiment/motivation_runs/figure1_all_queries_5x_paging_20260707/baseline/workloads/q9x5_iter0
baseline,q9x5,0,3,q9,"q9,q9,q9,q9,q9",10318.234,34816.837,6537.06298828125,6537.06298828125,24024.821000000004,23.486257092,3781.1710117187504,0.0,0,0,0,0,0,0,0,0,0,0,0,0,0.0,0.0,0.0,0.0,0.0,0.0,0.0,7.781,0.0,0.003,0.003,0.0,/home/dy1013/sirius_multi-gpu/experiment/motivation_runs/figure1_all_queries_5x_paging_20260707/baseline/workloads/q9x5_iter0
baseline,q9x5,0,4,q9,"q9,q9,q9,q9,q9",9888.349,44705.186,5720.616943359375,5720.616943359375,22511.744000000002,23.486257092,4167.732056640625,0.0,0,0,0,0,0,0,0,0,0,0,0,0,0.0,0.0,0.0,0.0,0.0,0.0,0.0,7.818,0.0,0.003,0.003,0.0,/home/dy1013/sirius_multi-gpu/experiment/motivation_runs/figure1_all_queries_5x_paging_20260707/baseline/workloads/q9x5_iter0
baseline,q9x5,0,5,q9,"q9,q9,q9,q9,q9",9848.545,54553.731,6285.434326171875,6285.434326171875,23718.098,23.486257092,3563.110673828125,0.0,0,0,0,0,0,0,0,0,0,0,0,0,0.0,0.0,0.0,0.0,0.0,0.0,0.0,7.852,0.0,0.003,0.003,0.0,/home/dy1013/sirius_multi-gpu/experiment/motivation_runs/figure1_all_queries_5x_paging_20260707/baseline/workloads/q9x5_iter0
pinned_hot,q10x5,0,1,q10,"q10,q10,q10,q10,q10",4369.979,4369.979,3228.4951171875,3228.4951171875,8550.919000000002,14.751027829,1141.4838828125003,0.0,0,0,0,0,0,0,0,0,0,0,0,0,0.0,0.0,0.0,0.0,0.0,0.0,0.0,0.0,3.3169999999999993,0.0,3.3169999999999993,0.0,/home/dy1013/sirius_multi-gpu/experiment/motivation_runs/figure1_all_queries_5x_paging_20260707/pinned_hot/workloads/q10x5_iter0
pinned_hot,q10x5,0,2,q10,"q10,q10,q10,q10,q10",4147.7300000000005,8517.709,3254.68603515625,3254.68603515625,8252.944000000001,14.751027829,893.0439648437505,0.0,0,0,0,0,0,0,0,0,0,0,0,0,0.0,0.0,0.0,0.0,0.0,0.0,0.0,0.0,0.21600000000000005,0.0,0.21600000000000005,0.0,/home/dy1013/sirius_multi-gpu/experiment/motivation_runs/figure1_all_queries_5x_paging_20260707/pinned_hot/workloads/q10x5_iter0
pinned_hot,q10x5,0,3,q10,"q10,q10,q10,q10,q10",4144.641,12662.35,3241.176025390625,3241.176025390625,8547.174999999997,14.751027829,903.4649746093746,0.0,0,0,0,0,0,0,0,0,0,0,0,0,0.0,0.0,0.0,0.0,0.0,0.0,0.0,0.0,2.452,0.0,2.452,0.0,/home/dy1013/sirius_multi-gpu/experiment/motivation_runs/figure1_all_queries_5x_paging_20260707/pinned_hot/workloads/q10x5_iter0
pinned_hot,q10x5,0,4,q10,"q10,q10,q10,q10,q10",4245.935,16908.285,3281.866943359375,3281.866943359375,8983.078,14.751027829,964.0680566406254,0.0,0,0,0,0,0,0,0,0,0,0,0,0,0.0,0.0,0.0,0.0,0.0,0.0,0.0,0.0,0.29000000000000004,0.0,0.29000000000000004,0.0,/home/dy1013/sirius_multi-gpu/experiment/motivation_runs/figure1_all_queries_5x_paging_20260707/pinned_hot/workloads/q10x5_iter0
pinned_hot,q10x5,0,5,q10,"q10,q10,q10,q10,q10",4072.928,20981.213,3250.75,3250.75,8633.693999999998,14.751027829,822.1779999999999,0.0,0,0,0,0,0,0,0,0,0,0,0,0,0.0,0.0,0.0,0.0,0.0,0.0,0.0,0.0,0.17300000000000007,0.0,0.17300000000000007,0.0,/home/dy1013/sirius_multi-gpu/experiment/motivation_runs/figure1_all_queries_5x_paging_20260707/pinned_hot/workloads/q10x5_iter0
pinned_hot,q11x5,0,1,q11,"q11,q11,q11,q11,q11",454.625,454.625,11.95703125,11.95703125,11.957,1.25e-07,442.66796875,0.0,0,0,0,0,0,0,0,0,0,0,0,0,0.0,0.0,0.0,0.0,0.0,0.0,0.0,0.0,0.003,0.0,0.003,0.0,/home/dy1013/sirius_multi-gpu/experiment/motivation_runs/figure1_all_queries_5x_paging_20260707/pinned_hot/workloads/q11x5_iter0
pinned_hot,q11x5,0,2,q11,"q11,q11,q11,q11,q11",373.888,828.5129999999999,2.531005859375,2.531005859375,2.531,1.25e-07,371.356994140625,0.0,0,0,0,0,0,0,0,0,0,0,0,0,0.0,0.0,0.0,0.0,0.0,0.0,0.0,0.0,0.003,0.0,0.003,0.0,/home/dy1013/sirius_multi-gpu/experiment/motivation_runs/figure1_all_queries_5x_paging_20260707/pinned_hot/workloads/q11x5_iter0
pinned_hot,q11x5,0,3,q11,"q11,q11,q11,q11,q11",424.133,1252.646,3.907958984375,3.907958984375,3.908,1.25e-07,420.225041015625,0.0,0,0,0,0,0,0,0,0,0,0,0,0,0.0,0.0,0.0,0.0,0.0,0.0,0.0,0.0,0.003,0.0,0.003,0.0,/home/dy1013/sirius_multi-gpu/experiment/motivation_runs/figure1_all_queries_5x_paging_20260707/pinned_hot/workloads/q11x5_iter0
pinned_hot,q11x5,0,4,q11,"q11,q11,q11,q11,q11",383.31399999999996,1635.96,2.6279296875,2.6279296875,2.628,1.25e-07,380.68607031249996,0.0,0,0,0,0,0,0,0,0,0,0,0,0,0.0,0.0,0.0,0.0,0.0,0.0,0.0,0.0,0.003,0.0,0.003,0.0,/home/dy1013/sirius_multi-gpu/experiment/motivation_runs/figure1_all_queries_5x_paging_20260707/pinned_hot/workloads/q11x5_iter0
pinned_hot,q11x5,0,5,q11,"q11,q11,q11,q11,q11",363.70799999999997,1999.6680000000001,4.679931640625,4.679931640625,4.68,1.25e-07,359.02806835937497,0.0,0,0,0,0,0,0,0,0,0,0,0,0,0.0,0.0,0.0,0.0,0.0,0.0,0.0,0.0,0.003,0.0,0.003,0.0,/home/dy1013/sirius_multi-gpu/experiment/motivation_runs/figure1_all_queries_5x_paging_20260707/pinned_hot/workloads/q11x5_iter0
pinned_hot,q12x5,0,1,q12,"q12,q12,q12,q12,q12",3020.2749999999996,3020.2749999999996,2118.996826171875,2118.996826171875,7906.653999999999,9.141245847,901.2781738281246,0.0,0,0,0,0,0,0,0,0,0,0,0,0,0.0,0.0,0.0,0.0,0.0,0.0,0.0,0.0,0.0,0.0,0.0,0.0,/home/dy1013/sirius_multi-gpu/experiment/motivation_runs/figure1_all_queries_5x_paging_20260707/pinned_hot/workloads/q12x5_iter0
pinned_hot,q12x5,0,2,q12,"q12,q12,q12,q12,q12",2642.715,5662.99,1940.1181640625,1940.1181640625,7831.39,9.141245847,702.5968359375001,0.0,0,0,0,0,0,0,0,0,0,0,0,0,0.0,0.0,0.0,0.0,0.0,0.0,0.0,0.0,0.0,0.0,0.0,0.0,/home/dy1013/sirius_multi-gpu/experiment/motivation_runs/figure1_all_queries_5x_paging_20260707/pinned_hot/workloads/q12x5_iter0
pinned_hot,q12x5,0,3,q12,"q12,q12,q12,q12,q12",2743.199,8406.189,2010.330078125,2010.330078125,7440.454,9.141245847,732.8689218750001,0.0,0,0,0,0,0,0,0,0,0,0,0,0,0.0,0.0,0.0,0.0,0.0,0.0,0.0,0.0,0.0,0.0,0.0,0.0,/home/dy1013/sirius_multi-gpu/experiment/motivation_runs/figure1_all_queries_5x_paging_20260707/pinned_hot/workloads/q12x5_iter0
pinned_hot,q12x5,0,4,q12,"q12,q12,q12,q12,q12",2725.049,11131.238000000001,2027.3330078125,2027.3330078125,7546.705999999999,9.141245847,697.7159921875,0.0,0,0,0,0,0,0,0,0,0,0,0,0,0.0,0.0,0.0,0.0,0.0,0.0,0.0,0.0,0.0,0.0,0.0,0.0,/home/dy1013/sirius_multi-gpu/experiment/motivation_runs/figure1_all_queries_5x_paging_20260707/pinned_hot/workloads/q12x5_iter0
pinned_hot,q12x5,0,5,q12,"q12,q12,q12,q12,q12",2610.95,13742.188000000002,1934.89111328125,1934.89111328125,7496.501999999999,9.141245847,676.0588867187498,0.0,0,0,0,0,0,0,0,0,0,0,0,0,0.0,0.0,0.0,0.0,0.0,0.0,0.0,0.0,0.0,0.0,0.0,0.0,/home/dy1013/sirius_multi-gpu/experiment/motivation_runs/figure1_all_queries_5x_paging_20260707/pinned_hot/workloads/q12x5_iter0
pinned_hot,q13x5,0,1,q13,"q13,q13,q13,q13,q13",2438.6839999999997,2438.6839999999997,1885.48388671875,1885.48388671875,6470.947,2.400075516,553.2001132812497,0.0,0,0,0,0,0,0,0,0,0,0,0,0,0.0,0.0,0.0,0.0,0.0,0.0,0.0,384.341,0.0,0.034,0.034,0.0,/home/dy1013/sirius_multi-gpu/experiment/motivation_runs/figure1_all_queries_5x_paging_20260707/pinned_hot/workloads/q13x5_iter0
pinned_hot,q13x5,0,2,q13,"q13,q13,q13,q13,q13",2177.976,4616.66,1746.260009765625,1746.260009765625,5927.798000000001,2.400075516,431.7159902343751,0.0,0,0,0,0,0,0,0,0,0,0,0,0,0.0,0.0,0.0,0.0,0.0,0.0,0.0,337.906,0.0,0.012,0.012,0.0,/home/dy1013/sirius_multi-gpu/experiment/motivation_runs/figure1_all_queries_5x_paging_20260707/pinned_hot/workloads/q13x5_iter0
pinned_hot,q13x5,0,3,q13,"q13,q13,q13,q13,q13",2749.323,7365.983,2285.39208984375,2285.39208984375,5793.848,2.400075516,463.93091015624987,0.0,0,0,0,0,0,0,0,0,0,0,0,0,0.0,0.0,0.0,0.0,0.0,0.0,0.0,433.244,0.0,3.174,3.174,0.0,/home/dy1013/sirius_multi-gpu/experiment/motivation_runs/figure1_all_queries_5x_paging_20260707/pinned_hot/workloads/q13x5_iter0
pinned_hot,q13x5,0,4,q13,"q13,q13,q13,q13,q13",2395.343,9761.326000000001,1999.330078125,1999.330078125,7175.053,2.400075516,396.01292187499985,0.0,0,0,0,0,0,0,0,0,0,0,0,0,0.0,0.0,0.0,0.0,0.0,0.0,0.0,459.73400000000004,0.0,0.020999999999999998,0.020999999999999998,0.0,/home/dy1013/sirius_multi-gpu/experiment/motivation_runs/figure1_all_queries_5x_paging_20260707/pinned_hot/workloads/q13x5_iter0
pinned_hot,q13x5,0,5,q13,"q13,q13,q13,q13,q13",2362.9519999999998,12124.278,1955.794921875,1955.794921875,6485.947999999999,2.400075516,407.15707812499977,0.0,0,0,0,0,0,0,0,0,0,0,0,0,0.0,0.0,0.0,0.0,0.0,0.0,0.0,330.24799999999993,0.0,0.043000000000000003,0.043000000000000003,0.0,/home/dy1013/sirius_multi-gpu/experiment/motivation_runs/figure1_all_queries_5x_paging_20260707/pinned_hot/workloads/q13x5_iter0
pinned_hot,q14x5,0,1,q14,"q14,q14,q14,q14,q14",4233.844999999999,4233.844999999999,3536.906982421875,3536.906982421875,20011.403,10.084902567,696.9380175781243,0.0,0,0,0,0,0,0,0,0,0,0,0,0,0.0,0.0,0.0,0.0,0.0,0.0,0.0,0.0,0.12300000000000003,0.0,0.12300000000000003,0.0,/home/dy1013/sirius_multi-gpu/experiment/motivation_runs/figure1_all_queries_5x_paging_20260707/pinned_hot/workloads/q14x5_iter0
pinned_hot,q14x5,0,2,q14,"q14,q14,q14,q14,q14",3603.1279999999997,7836.972999999999,3153.67919921875,3153.67919921875,17546.488000000005,10.084902567,449.4488007812497,0.0,0,0,0,0,0,0,0,0,0,0,0,0,0.0,0.0,0.0,0.0,0.0,0.0,0.0,0.0,0.19100000000000003,0.0,0.19100000000000003,0.0,/home/dy1013/sirius_multi-gpu/experiment/motivation_runs/figure1_all_queries_5x_paging_20260707/pinned_hot/workloads/q14x5_iter0
pinned_hot,q14x5,0,3,q14,"q14,q14,q14,q14,q14",3664.189,11501.161999999998,3164.16796875,3164.16796875,17690.287999999997,10.084902567,500.02103124999985,0.0,0,0,0,0,0,0,0,0,0,0,0,0,0.0,0.0,0.0,0.0,0.0,0.0,0.0,0.0,0.23700000000000004,0.0,0.23700000000000004,0.0,/home/dy1013/sirius_multi-gpu/experiment/motivation_runs/figure1_all_queries_5x_paging_20260707/pinned_hot/workloads/q14x5_iter0
pinned_hot,q14x5,0,4,q14,"q14,q14,q14,q14,q14",3595.2380000000003,15096.399999999998,3132.68994140625,3132.68994140625,18066.388000000003,10.084902567,462.5480585937503,0.0,0,0,0,0,0,0,0,0,0,0,0,0,0.0,0.0,0.0,0.0,0.0,0.0,0.0,0.0,2.970999999999999,0.0,2.970999999999999,0.0,/home/dy1013/sirius_multi-gpu/experiment/motivation_runs/figure1_all_queries_5x_paging_20260707/pinned_hot/workloads/q14x5_iter0
pinned_hot,q14x5,0,5,q14,"q14,q14,q14,q14,q14",3602.7239999999997,18699.123999999996,3150.56103515625,3150.56103515625,19343.523,10.084902567,452.1629648437497,0.0,0,0,0,0,0,0,0,0,0,0,0,0,0.0,0.0,0.0,0.0,0.0,0.0,0.0,0.0,0.18200000000000005,0.0,0.18200000000000005,0.0,/home/dy1013/sirius_multi-gpu/experiment/motivation_runs/figure1_all_queries_5x_paging_20260707/pinned_hot/workloads/q14x5_iter0
pinned_hot,q15x5,0,1,q15,"q15,q15,q15,q15,q15",3997.441,3997.441,3329.212890625,3329.212890625,17188.473,9.98220262,668.2281093749998,0.0,0,0,0,0,0,0,0,0,0,0,0,0,0.0,0.0,0.0,0.0,0.0,0.0,0.0,0.0,0.14200000000000002,0.0,0.14200000000000002,0.0,/home/dy1013/sirius_multi-gpu/experiment/motivation_runs/figure1_all_queries_5x_paging_20260707/pinned_hot/workloads/q15x5_iter0
pinned_hot,q15x5,0,2,q15,"q15,q15,q15,q15,q15",3538.15,7535.591,3085.197021484375,3085.197021484375,18051.713,9.98220262,452.9529785156251,0.0,0,0,0,0,0,0,0,0,0,0,0,0,0.0,0.0,0.0,0.0,0.0,0.0,0.0,0.0,2.753999999999999,0.0,2.753999999999999,0.0,/home/dy1013/sirius_multi-gpu/experiment/motivation_runs/figure1_all_queries_5x_paging_20260707/pinned_hot/workloads/q15x5_iter0
pinned_hot,q15x5,0,3,q15,"q15,q15,q15,q15,q15",3454.587,10990.178,2996.429931640625,2996.429931640625,16915.123,9.98220262,458.157068359375,0.0,0,0,0,0,0,0,0,0,0,0,0,0,0.0,0.0,0.0,0.0,0.0,0.0,0.0,0.0,2.076,0.0,2.076,0.0,/home/dy1013/sirius_multi-gpu/experiment/motivation_runs/figure1_all_queries_5x_paging_20260707/pinned_hot/workloads/q15x5_iter0
pinned_hot,q15x5,0,4,q15,"q15,q15,q15,q15,q15",3452.8089999999997,14442.987,3008.638916015625,3008.638916015625,16849.088,9.98220262,444.17008398437474,0.0,0,0,0,0,0,0,0,0,0,0,0,0,0.0,0.0,0.0,0.0,0.0,0.0,0.0,0.0,0.14400000000000002,0.0,0.14400000000000002,0.0,/home/dy1013/sirius_multi-gpu/experiment/motivation_runs/figure1_all_queries_5x_paging_20260707/pinned_hot/workloads/q15x5_iter0
pinned_hot,q15x5,0,5,q15,"q15,q15,q15,q15,q15",3492.913,17935.899999999998,3026.784912109375,3026.784912109375,17171.813000000002,9.98220262,466.128087890625,0.0,0,0,0,0,0,0,0,0,0,0,0,0,0.0,0.0,0.0,0.0,0.0,0.0,0.0,0.0,3.765999999999999,0.0,3.765999999999999,0.0,/home/dy1013/sirius_multi-gpu/experiment/motivation_runs/figure1_all_queries_5x_paging_20260707/pinned_hot/workloads/q15x5_iter0
pinned_hot,q16x5,0,1,q16,"q16,q16,q16,q16,q16",809.942,809.942,187.154052734375,187.154052734375,187.154,0.21645989,622.787947265625,0.0,0,0,0,0,0,0,0,0,0,0,0,0,0.0,0.0,0.0,0.0,0.0,0.0,0.0,24.195,0.0,0.002,0.002,0.0,/home/dy1013/sirius_multi-gpu/experiment/motivation_runs/figure1_all_queries_5x_paging_20260707/pinned_hot/workloads/q16x5_iter0
pinned_hot,q16x5,0,2,q16,"q16,q16,q16,q16,q16",687.72,1497.662,174.27294921875,174.27294921875,174.273,0.21645989,513.44705078125,0.0,0,0,0,0,0,0,0,0,0,0,0,0,0.0,0.0,0.0,0.0,0.0,0.0,0.0,14.747,0.0,0.002,0.002,0.0,/home/dy1013/sirius_multi-gpu/experiment/motivation_runs/figure1_all_queries_5x_paging_20260707/pinned_hot/workloads/q16x5_iter0
pinned_hot,q16x5,0,3,q16,"q16,q16,q16,q16,q16",678.221,2175.883,175.2919921875,175.2919921875,175.292,0.21645989,502.9290078125,0.0,0,0,0,0,0,0,0,0,0,0,0,0,0.0,0.0,0.0,0.0,0.0,0.0,0.0,14.695,0.0,0.004,0.004,0.0,/home/dy1013/sirius_multi-gpu/experiment/motivation_runs/figure1_all_queries_5x_paging_20260707/pinned_hot/workloads/q16x5_iter0
pinned_hot,q16x5,0,4,q16,"q16,q16,q16,q16,q16",688.1129999999999,2863.9959999999996,175.137939453125,175.137939453125,175.138,0.21645989,512.9750605468749,0.0,0,0,0,0,0,0,0,0,0,0,0,0,0.0,0.0,0.0,0.0,0.0,0.0,0.0,14.709999999999999,0.0,0.002,0.002,0.0,/home/dy1013/sirius_multi-gpu/experiment/motivation_runs/figure1_all_queries_5x_paging_20260707/pinned_hot/workloads/q16x5_iter0
pinned_hot,q16x5,0,5,q16,"q16,q16,q16,q16,q16",688.527,3552.5229999999997,172.806884765625,172.806884765625,172.80700000000002,0.21645989,515.720115234375,0.0,0,0,0,0,0,0,0,0,0,0,0,0,0.0,0.0,0.0,0.0,0.0,0.0,0.0,14.904,0.0,0.002,0.002,0.0,/home/dy1013/sirius_multi-gpu/experiment/motivation_runs/figure1_all_queries_5x_paging_20260707/pinned_hot/workloads/q16x5_iter0
pinned_hot,q17x5,0,1,q17,"q17,q17,q17,q17,q17",8295.662999999999,8295.662999999999,5971.94873046875,5971.94873046875,24321.987999999998,15.471279742,2323.7142695312486,0.0,0,0,0,0,0,0,0,0,0,0,0,0,0.0,0.0,0.0,0.0,0.0,0.0,0.0,0.0,0.006,0.0,0.006,0.0,/home/dy1013/sirius_multi-gpu/experiment/motivation_runs/figure1_all_queries_5x_paging_20260707/pinned_hot/workloads/q17x5_iter0
pinned_hot,q17x5,0,2,q17,"q17,q17,q17,q17,q17",6328.888,14624.551,4421.0380859375,4421.0380859375,22953.984999999997,15.471279742,1907.8499140625,0.0,0,0,0,0,0,0,0,0,0,0,0,0,0.0,0.0,0.0,0.0,0.0,0.0,0.0,0.0,0.02,0.0,0.02,0.0,/home/dy1013/sirius_multi-gpu/experiment/motivation_runs/figure1_all_queries_5x_paging_20260707/pinned_hot/workloads/q17x5_iter0
pinned_hot,q17x5,0,3,q17,"q17,q17,q17,q17,q17",6761.282999999999,21385.834,4378.5380859375,4378.5380859375,22561.292,15.471279742,2382.7449140624994,0.0,0,0,0,0,0,0,0,0,0,0,0,0,0.0,0.0,0.0,0.0,0.0,0.0,0.0,0.0,0.052,0.0,0.052,0.0,/home/dy1013/sirius_multi-gpu/experiment/motivation_runs/figure1_all_queries_5x_paging_20260707/pinned_hot/workloads/q17x5_iter0
pinned_hot,q17x5,0,4,q17,"q17,q17,q17,q17,q17",6729.433,28115.267,4360.630126953125,4360.630126953125,21870.388999999996,15.471279742,2368.802873046875,0.0,0,0,0,0,0,0,0,0,0,0,0,0,0.0,0.0,0.0,0.0,0.0,0.0,0.0,0.0,0.011,0.0,0.011,0.0,/home/dy1013/sirius_multi-gpu/experiment/motivation_runs/figure1_all_queries_5x_paging_20260707/pinned_hot/workloads/q17x5_iter0
pinned_hot,q17x5,0,5,q17,"q17,q17,q17,q17,q17",6242.259,34357.526,4636.760009765625,4636.760009765625,23013.347,15.471279742,1605.498990234375,0.0,0,0,0,0,0,0,0,0,0,0,0,0,0.0,0.0,0.0,0.0,0.0,0.0,0.0,0.0,0.007,0.0,0.007,0.0,/home/dy1013/sirius_multi-gpu/experiment/motivation_runs/figure1_all_queries_5x_paging_20260707/pinned_hot/workloads/q17x5_iter0
pinned_hot,q18x5,0,1,q18,"q18,q18,q18,q18,q18",6582.5,6582.5,2813.619140625,2813.619140625,6898.545999999999,14.798397393,3768.880859375,0.0,0,0,0,0,0,0,0,0,0,0,0,0,0.0,0.0,0.0,0.0,0.0,0.0,0.0,0.0,0.0,0.0,0.0,0.0,/home/dy1013/sirius_multi-gpu/experiment/motivation_runs/figure1_all_queries_5x_paging_20260707/pinned_hot/workloads/q18x5_iter0
pinned_hot,q18x5,0,2,q18,"q18,q18,q18,q18,q18",5386.795,11969.295,2706.334716796875,2706.334716796875,8086.850999999998,14.798397393,2680.460283203125,0.0,0,0,0,0,0,0,0,0,0,0,0,0,0.0,0.0,0.0,0.0,0.0,0.0,0.0,0.0,0.0,0.0,0.0,0.0,/home/dy1013/sirius_multi-gpu/experiment/motivation_runs/figure1_all_queries_5x_paging_20260707/pinned_hot/workloads/q18x5_iter0
pinned_hot,q18x5,0,3,q18,"q18,q18,q18,q18,q18",5500.899,17470.194,2508.6240234375,2508.6240234375,7154.308999999999,14.798397393,2992.2749765625003,0.0,0,0,0,0,0,0,0,0,0,0,0,0,0.0,0.0,0.0,0.0,0.0,0.0,0.0,0.0,0.0,0.0,0.0,0.0,/home/dy1013/sirius_multi-gpu/experiment/motivation_runs/figure1_all_queries_5x_paging_20260707/pinned_hot/workloads/q18x5_iter0
pinned_hot,q18x5,0,4,q18,"q18,q18,q18,q18,q18",4721.69,22191.884,2538.06201171875,2538.06201171875,7084.543,14.798397393,2183.6279882812496,0.0,0,0,0,0,0,0,0,0,0,0,0,0,0.0,0.0,0.0,0.0,0.0,0.0,0.0,0.0,0.0,0.0,0.0,0.0,/home/dy1013/sirius_multi-gpu/experiment/motivation_runs/figure1_all_queries_5x_paging_20260707/pinned_hot/workloads/q18x5_iter0
pinned_hot,q18x5,0,5,q18,"q18,q18,q18,q18,q18",5021.802,27213.685999999998,2570.775634765625,2570.775634765625,7178.301,14.798397393,2451.0263652343747,0.0,0,0,0,0,0,0,0,0,0,0,0,0,0.0,0.0,0.0,0.0,0.0,0.0,0.0,0.0,0.0,0.0,0.0,0.0,/home/dy1013/sirius_multi-gpu/experiment/motivation_runs/figure1_all_queries_5x_paging_20260707/pinned_hot/workloads/q18x5_iter0
pinned_hot,q19x5,0,1,q19,"q19,q19,q19,q19,q19",4853.4,4853.4,3999.712158203125,3999.712158203125,18024.939,10.790175556,853.6878417968746,0.0,0,0,0,0,0,0,0,0,0,0,0,0,0.0,0.0,0.0,0.0,0.0,0.0,0.0,0.0,0.8830000000000001,0.0,0.8830000000000001,0.0,/home/dy1013/sirius_multi-gpu/experiment/motivation_runs/figure1_all_queries_5x_paging_20260707/pinned_hot/workloads/q19x5_iter0
pinned_hot,q19x5,0,2,q19,"q19,q19,q19,q19,q19",3679.704,8533.104,3055.72802734375,3055.72802734375,14673.908999999998,10.790175556,623.9759726562502,0.0,0,0,0,0,0,0,0,0,0,0,0,0,0.0,0.0,0.0,0.0,0.0,0.0,0.0,0.0,0.264,0.0,0.264,0.0,/home/dy1013/sirius_multi-gpu/experiment/motivation_runs/figure1_all_queries_5x_paging_20260707/pinned_hot/workloads/q19x5_iter0
pinned_hot,q19x5,0,3,q19,"q19,q19,q19,q19,q19",3681.165,12214.269,3075.787109375,3075.787109375,14347.383,10.790175556,605.377890625,0.0,0,0,0,0,0,0,0,0,0,0,0,0,0.0,0.0,0.0,0.0,0.0,0.0,0.0,0.0,2.3259999999999996,0.0,2.3259999999999996,0.0,/home/dy1013/sirius_multi-gpu/experiment/motivation_runs/figure1_all_queries_5x_paging_20260707/pinned_hot/workloads/q19x5_iter0
pinned_hot,q19x5,0,4,q19,"q19,q19,q19,q19,q19",3682.295,15896.564,3063.19091796875,3063.19091796875,14149.729000000003,10.790175556,619.1040820312501,0.0,0,0,0,0,0,0,0,0,0,0,0,0,0.0,0.0,0.0,0.0,0.0,0.0,0.0,0.0,0.21900000000000008,0.0,0.21900000000000008,0.0,/home/dy1013/sirius_multi-gpu/experiment/motivation_runs/figure1_all_queries_5x_paging_20260707/pinned_hot/workloads/q19x5_iter0
pinned_hot,q19x5,0,5,q19,"q19,q19,q19,q19,q19",3650.993,19547.557,3054.306884765625,3054.306884765625,14641.047,10.790175556,596.6861152343749,0.0,0,0,0,0,0,0,0,0,0,0,0,0,0.0,0.0,0.0,0.0,0.0,0.0,0.0,0.0,11.791999999999996,0.0,11.791999999999996,0.0,/home/dy1013/sirius_multi-gpu/experiment/motivation_runs/figure1_all_queries_5x_paging_20260707/pinned_hot/workloads/q19x5_iter0
pinned_hot,q1x5,0,1,q1,"q1,q1,q1,q1,q1",3363.5350000000003,3363.5350000000003,2516.448974609375,2516.448974609375,10910.157,6.1651734,847.0860253906253,0.0,0,0,0,0,0,0,0,0,0,0,0,0,0.0,0.0,0.0,0.0,0.0,0.0,0.0,0.0,0.17900000000000005,0.0,0.17900000000000005,0.0,/home/dy1013/sirius_multi-gpu/experiment/motivation_runs/figure1_all_queries_5x_paging_20260707/pinned_hot/workloads/q1x5_iter0
pinned_hot,q1x5,0,2,q1,"q1,q1,q1,q1,q1",2962.709,6326.244000000001,2289.365966796875,2289.365966796875,7697.117,6.1651734,673.3430332031248,0.0,0,0,0,0,0,0,0,0,0,0,0,0,0.0,0.0,0.0,0.0,0.0,0.0,0.0,0.0,12.818000000000003,0.0,12.818000000000003,0.0,/home/dy1013/sirius_multi-gpu/experiment/motivation_runs/figure1_all_queries_5x_paging_20260707/pinned_hot/workloads/q1x5_iter0
pinned_hot,q1x5,0,3,q1,"q1,q1,q1,q1,q1",3117.8340000000003,9444.078000000001,2459.510986328125,2459.510986328125,7343.094999999998,6.1651734,658.3230136718753,0.0,0,0,0,0,0,0,0,0,0,0,0,0,0.0,0.0,0.0,0.0,0.0,0.0,0.0,0.0,9.459999999999999,0.0,9.459999999999999,0.0,/home/dy1013/sirius_multi-gpu/experiment/motivation_runs/figure1_all_queries_5x_paging_20260707/pinned_hot/workloads/q1x5_iter0
pinned_hot,q1x5,0,4,q1,"q1,q1,q1,q1,q1",2877.894,12321.972000000002,2293.764892578125,2293.764892578125,7015.6849999999995,6.1651734,584.1291074218748,0.0,0,0,0,0,0,0,0,0,0,0,0,0,0.0,0.0,0.0,0.0,0.0,0.0,0.0,0.0,2.1139999999999994,0.0,2.1139999999999994,0.0,/home/dy1013/sirius_multi-gpu/experiment/motivation_runs/figure1_all_queries_5x_paging_20260707/pinned_hot/workloads/q1x5_iter0
pinned_hot,q1x5,0,5,q1,"q1,q1,q1,q1,q1",2768.296,15090.268000000002,2202.97705078125,2202.97705078125,6956.488,6.1651734,565.3189492187498,0.0,0,0,0,0,0,0,0,0,0,0,0,0,0.0,0.0,0.0,0.0,0.0,0.0,0.0,0.0,2.2439999999999998,0.0,2.2439999999999998,0.0,/home/dy1013/sirius_multi-gpu/experiment/motivation_runs/figure1_all_queries_5x_paging_20260707/pinned_hot/workloads/q1x5_iter0
pinned_hot,q20x5,0,1,q20,"q20,q20,q20,q20,q20",4019.5619999999994,4019.5619999999994,3326.22314453125,3326.22314453125,16232.244999999999,10.275497731,693.3388554687494,0.0,0,0,0,0,0,0,0,0,0,0,0,0,0.0,0.0,0.0,0.0,0.0,0.0,0.0,0.0,0.19600000000000006,0.0,0.19600000000000006,0.0,/home/dy1013/sirius_multi-gpu/experiment/motivation_runs/figure1_all_queries_5x_paging_20260707/pinned_hot/workloads/q20x5_iter0
pinned_hot,q20x5,0,2,q20,"q20,q20,q20,q20,q20",3904.478,7924.039999999999,3329.27392578125,3329.27392578125,17558.199000000004,10.275497731,575.2040742187501,0.0,0,0,0,0,0,0,0,0,0,0,0,0,0.0,0.0,0.0,0.0,0.0,0.0,0.0,0.0,1.053,0.0,1.053,0.0,/home/dy1013/sirius_multi-gpu/experiment/motivation_runs/figure1_all_queries_5x_paging_20260707/pinned_hot/workloads/q20x5_iter0
pinned_hot,q20x5,0,3,q20,"q20,q20,q20,q20,q20",3862.7400000000002,11786.779999999999,3299.093994140625,3299.093994140625,17311.191000000003,10.275497731,563.6460058593752,0.0,0,0,0,0,0,0,0,0,0,0,0,0,0.0,0.0,0.0,0.0,0.0,0.0,0.0,0.0,0.15500000000000005,0.0,0.15500000000000005,0.0,/home/dy1013/sirius_multi-gpu/experiment/motivation_runs/figure1_all_queries_5x_paging_20260707/pinned_hot/workloads/q20x5_iter0
pinned_hot,q20x5,0,4,q20,"q20,q20,q20,q20,q20",3805.942,15592.721999999998,3275.068603515625,3275.068603515625,16254.338,10.275497731,530.873396484375,0.0,0,0,0,0,0,0,0,0,0,0,0,0,0.0,0.0,0.0,0.0,0.0,0.0,0.0,0.0,0.16200000000000006,0.0,0.16200000000000006,0.0,/home/dy1013/sirius_multi-gpu/experiment/motivation_runs/figure1_all_queries_5x_paging_20260707/pinned_hot/workloads/q20x5_iter0
pinned_hot,q20x5,0,5,q20,"q20,q20,q20,q20,q20",3888.312,19481.034,3323.43310546875,3323.43310546875,17748.622,10.275497731,564.8788945312499,0.0,0,0,0,0,0,0,0,0,0,0,0,0,0.0,0.0,0.0,0.0,0.0,0.0,0.0,0.0,0.27,0.0,0.27,0.0,/home/dy1013/sirius_multi-gpu/experiment/motivation_runs/figure1_all_queries_5x_paging_20260707/pinned_hot/workloads/q20x5_iter0
pinned_hot,q21x5,0,1,q21,"q21,q21,q21,q21,q21",9905.863,9905.863,6881.913818359375,6881.913818359375,37324.253,33.840390873,3023.9491816406244,0.0,0,0,0,0,0,0,0,0,0,0,0,0,0.0,0.0,0.0,0.0,0.0,0.0,0.0,0.0,0.019,0.0,0.019,0.0,/home/dy1013/sirius_multi-gpu/experiment/motivation_runs/figure1_all_queries_5x_paging_20260707/pinned_hot/workloads/q21x5_iter0
pinned_hot,q21x5,0,2,q21,"q21,q21,q21,q21,q21",9669.721,19575.584,6948.548095703125,6948.548095703125,37939.897,33.840390873,2721.1729042968745,0.0,0,0,0,0,0,0,0,0,0,0,0,0,0.0,0.0,0.0,0.0,0.0,0.0,0.0,0.0,0.021,0.0,0.021,0.0,/home/dy1013/sirius_multi-gpu/experiment/motivation_runs/figure1_all_queries_5x_paging_20260707/pinned_hot/workloads/q21x5_iter0
pinned_hot,q21x5,0,3,q21,"q21,q21,q21,q21,q21",10069.839,29645.423,7009.27783203125,7009.27783203125,35936.23399999999,33.840390873,3060.56116796875,0.0,0,0,0,0,0,0,0,0,0,0,0,0,0.0,0.0,0.0,0.0,0.0,0.0,0.0,0.0,0.023,0.0,0.023,0.0,/home/dy1013/sirius_multi-gpu/experiment/motivation_runs/figure1_all_queries_5x_paging_20260707/pinned_hot/workloads/q21x5_iter0
pinned_hot,q21x5,0,4,q21,"q21,q21,q21,q21,q21",9732.602,39378.025,6875.8662109375,6875.8662109375,36459.651000000005,33.840390873,2856.7357890625008,0.0,0,0,0,0,0,0,0,0,0,0,0,0,0.0,0.0,0.0,0.0,0.0,0.0,0.0,0.0,0.04000000000000001,0.0,0.04000000000000001,0.0,/home/dy1013/sirius_multi-gpu/experiment/motivation_runs/figure1_all_queries_5x_paging_20260707/pinned_hot/workloads/q21x5_iter0
pinned_hot,q21x5,0,5,q21,"q21,q21,q21,q21,q21",9606.197,48984.222,7114.50390625,7114.50390625,35754.21100000001,33.840390873,2491.69309375,0.0,0,0,0,0,0,0,0,0,0,0,0,0,0.0,0.0,0.0,0.0,0.0,0.0,0.0,0.0,0.023999999999999997,0.0,0.023999999999999997,0.0,/home/dy1013/sirius_multi-gpu/experiment/motivation_runs/figure1_all_queries_5x_paging_20260707/pinned_hot/workloads/q21x5_iter0
pinned_hot,q22x5,0,1,q22,"q22,q22,q22,q22,q22",919.6560000000001,919.6560000000001,325.024169921875,325.024169921875,325.024,0.645015372,594.6318300781251,0.0,0,0,0,0,0,0,0,0,0,0,0,0,0.0,0.0,0.0,0.0,0.0,0.0,0.0,53.308,0.0,0.004,0.004,0.0,/home/dy1013/sirius_multi-gpu/experiment/motivation_runs/figure1_all_queries_5x_paging_20260707/pinned_hot/workloads/q22x5_iter0
pinned_hot,q22x5,0,2,q22,"q22,q22,q22,q22,q22",665.517,1585.1730000000002,307.890869140625,307.890869140625,307.891,0.645015372,357.62613085937505,0.0,0,0,0,0,0,0,0,0,0,0,0,0,0.0,0.0,0.0,0.0,0.0,0.0,0.0,41.012,0.0,0.003,0.003,0.0,/home/dy1013/sirius_multi-gpu/experiment/motivation_runs/figure1_all_queries_5x_paging_20260707/pinned_hot/workloads/q22x5_iter0
pinned_hot,q22x5,0,3,q22,"q22,q22,q22,q22,q22",696.119,2281.2920000000004,305.376953125,305.376953125,305.377,0.645015372,390.742046875,0.0,0,0,0,0,0,0,0,0,0,0,0,0,0.0,0.0,0.0,0.0,0.0,0.0,0.0,42.716,0.0,0.002,0.002,0.0,/home/dy1013/sirius_multi-gpu/experiment/motivation_runs/figure1_all_queries_5x_paging_20260707/pinned_hot/workloads/q22x5_iter0
pinned_hot,q22x5,0,4,q22,"q22,q22,q22,q22,q22",666.963,2948.255,308.050048828125,308.050048828125,308.04999999999995,0.645015372,358.91295117187497,0.0,0,0,0,0,0,0,0,0,0,0,0,0,0.0,0.0,0.0,0.0,0.0,0.0,0.0,40.708,0.0,0.003,0.003,0.0,/home/dy1013/sirius_multi-gpu/experiment/motivation_runs/figure1_all_queries_5x_paging_20260707/pinned_hot/workloads/q22x5_iter0
pinned_hot,q22x5,0,5,q22,"q22,q22,q22,q22,q22",676.7840000000001,3625.039,309.015869140625,309.015869140625,309.016,0.645015372,367.7681308593751,0.0,0,0,0,0,0,0,0,0,0,0,0,0,0.0,0.0,0.0,0.0,0.0,0.0,0.0,42.027,0.0,0.003,0.003,0.0,/home/dy1013/sirius_multi-gpu/experiment/motivation_runs/figure1_all_queries_5x_paging_20260707/pinned_hot/workloads/q22x5_iter0
pinned_hot,q2x5,0,1,q2,"q2,q2,q2,q2,q2",746.7009999999999,746.7009999999999,231.190185546875,231.190185546875,231.19,0.320734625,515.5108144531249,0.0,0,0,0,0,0,0,0,0,0,0,0,0,0.0,0.0,0.0,0.0,0.0,0.0,0.0,5.772,0.007,0.004,0.011,0.0,/home/dy1013/sirius_multi-gpu/experiment/motivation_runs/figure1_all_queries_5x_paging_20260707/pinned_hot/workloads/q2x5_iter0
pinned_hot,q2x5,0,2,q2,"q2,q2,q2,q2,q2",657.6189999999999,1404.3199999999997,205.9541015625,205.9541015625,206.142,0.320734625,451.6648984374999,0.0,0,0,0,0,0,0,0,0,0,0,0,0,0.0,0.0,0.0,0.0,0.0,0.0,0.0,4.182,0.008,0.003,0.011,0.0,/home/dy1013/sirius_multi-gpu/experiment/motivation_runs/figure1_all_queries_5x_paging_20260707/pinned_hot/workloads/q2x5_iter0
pinned_hot,q2x5,0,3,q2,"q2,q2,q2,q2,q2",646.341,2050.6609999999996,204.13525390625,204.13525390625,204.135,0.320734625,442.20574609375,0.0,0,0,0,0,0,0,0,0,0,0,0,0,0.0,0.0,0.0,0.0,0.0,0.0,0.0,3.533,0.007,0.003,0.01,0.0,/home/dy1013/sirius_multi-gpu/experiment/motivation_runs/figure1_all_queries_5x_paging_20260707/pinned_hot/workloads/q2x5_iter0
pinned_hot,q2x5,0,4,q2,"q2,q2,q2,q2,q2",636.361,2687.0219999999995,206.661865234375,206.661865234375,206.66199999999998,0.320734625,429.699134765625,0.0,0,0,0,0,0,0,0,0,0,0,0,0,0.0,0.0,0.0,0.0,0.0,0.0,0.0,3.363,0.007,0.004,0.011,0.0,/home/dy1013/sirius_multi-gpu/experiment/motivation_runs/figure1_all_queries_5x_paging_20260707/pinned_hot/workloads/q2x5_iter0
pinned_hot,q2x5,0,5,q2,"q2,q2,q2,q2,q2",665.2289999999999,3352.2509999999993,206.950439453125,206.950439453125,206.95,0.320734625,458.2785605468749,0.0,0,0,0,0,0,0,0,0,0,0,0,0,0.0,0.0,0.0,0.0,0.0,0.0,0.0,3.299,0.011,0.004,0.015,0.0,/home/dy1013/sirius_multi-gpu/experiment/motivation_runs/figure1_all_queries_5x_paging_20260707/pinned_hot/workloads/q2x5_iter0
pinned_hot,q3x5,0,1,q3,"q3,q3,q3,q3,q3",4277.18,4277.18,3216.564697265625,3216.564697265625,8125.236,12.661797699,1060.6153027343753,0.0,0,0,0,0,0,0,0,0,0,0,0,0,0.0,0.0,0.0,0.0,0.0,0.0,0.0,0.0,0.24100000000000002,0.0,0.24100000000000002,0.0,/home/dy1013/sirius_multi-gpu/experiment/motivation_runs/figure1_all_queries_5x_paging_20260707/pinned_hot/workloads/q3x5_iter0
pinned_hot,q3x5,0,2,q3,"q3,q3,q3,q3,q3",3877.449,8154.629000000001,2950.9970703125,2950.9970703125,7719.3060000000005,12.661797699,926.4519296875001,0.0,0,0,0,0,0,0,0,0,0,0,0,0,0.0,0.0,0.0,0.0,0.0,0.0,0.0,0.0,0.22100000000000006,0.0,0.22100000000000006,0.0,/home/dy1013/sirius_multi-gpu/experiment/motivation_runs/figure1_all_queries_5x_paging_20260707/pinned_hot/workloads/q3x5_iter0
pinned_hot,q3x5,0,3,q3,"q3,q3,q3,q3,q3",3994.6130000000003,12149.242000000002,2986.181884765625,2986.181884765625,7655.813000000001,12.661797699,1008.4311152343753,0.0,0,0,0,0,0,0,0,0,0,0,0,0,0.0,0.0,0.0,0.0,0.0,0.0,0.0,0.0,0.15800000000000003,0.0,0.15800000000000003,0.0,/home/dy1013/sirius_multi-gpu/experiment/motivation_runs/figure1_all_queries_5x_paging_20260707/pinned_hot/workloads/q3x5_iter0
pinned_hot,q3x5,0,4,q3,"q3,q3,q3,q3,q3",3968.235,16117.477000000003,3023.412353515625,3023.412353515625,7566.793999999998,12.661797699,944.8226464843751,0.0,0,0,0,0,0,0,0,0,0,0,0,0,0.0,0.0,0.0,0.0,0.0,0.0,0.0,0.0,2.1619999999999986,0.0,2.1619999999999986,0.0,/home/dy1013/sirius_multi-gpu/experiment/motivation_runs/figure1_all_queries_5x_paging_20260707/pinned_hot/workloads/q3x5_iter0
pinned_hot,q3x5,0,5,q3,"q3,q3,q3,q3,q3",3861.32,19978.797000000002,2891.829833984375,2891.829833984375,7768.835999999999,12.661797699,969.4901660156252,0.0,0,0,0,0,0,0,0,0,0,0,0,0,0.0,0.0,0.0,0.0,0.0,0.0,0.0,0.0,0.4590000000000001,0.0,0.4590000000000001,0.0,/home/dy1013/sirius_multi-gpu/experiment/motivation_runs/figure1_all_queries_5x_paging_20260707/pinned_hot/workloads/q3x5_iter0
pinned_hot,q4x5,0,1,q4,"q4,q4,q4,q4,q4",2693.419,2693.419,1891.5478515625,1891.5478515625,6805.616000000001,7.960988747,801.8711484374999,0.0,0,0,0,0,0,0,0,0,0,0,0,0,0.0,0.0,0.0,0.0,0.0,0.0,0.0,0.0,3.613,0.0,3.613,0.0,/home/dy1013/sirius_multi-gpu/experiment/motivation_runs/figure1_all_queries_5x_paging_20260707/pinned_hot/workloads/q4x5_iter0
pinned_hot,q4x5,0,2,q4,"q4,q4,q4,q4,q4",2240.79,4934.209,1638.573974609375,1638.573974609375,6068.410999999999,7.960988747,602.216025390625,0.0,0,0,0,0,0,0,0,0,0,0,0,0,0.0,0.0,0.0,0.0,0.0,0.0,0.0,0.0,0.02,0.0,0.02,0.0,/home/dy1013/sirius_multi-gpu/experiment/motivation_runs/figure1_all_queries_5x_paging_20260707/pinned_hot/workloads/q4x5_iter0
pinned_hot,q4x5,0,3,q4,"q4,q4,q4,q4,q4",2298.5730000000003,7232.782,1661.62890625,1661.62890625,6337.243,7.960988747,636.9440937500003,0.0,0,0,0,0,0,0,0,0,0,0,0,0,0.0,0.0,0.0,0.0,0.0,0.0,0.0,0.0,6.055,0.0,6.055,0.0,/home/dy1013/sirius_multi-gpu/experiment/motivation_runs/figure1_all_queries_5x_paging_20260707/pinned_hot/workloads/q4x5_iter0
pinned_hot,q4x5,0,4,q4,"q4,q4,q4,q4,q4",2323.1609999999996,9555.943,1703.19287109375,1703.19287109375,6747.358,7.960988747,619.9681289062496,0.0,0,0,0,0,0,0,0,0,0,0,0,0,0.0,0.0,0.0,0.0,0.0,0.0,0.0,0.0,0.012,0.0,0.012,0.0,/home/dy1013/sirius_multi-gpu/experiment/motivation_runs/figure1_all_queries_5x_paging_20260707/pinned_hot/workloads/q4x5_iter0
pinned_hot,q4x5,0,5,q4,"q4,q4,q4,q4,q4",2424.419,11980.362,1792.5361328125,1792.5361328125,7060.842000000001,7.960988747,631.8828671874999,0.0,0,0,0,0,0,0,0,0,0,0,0,0,0.0,0.0,0.0,0.0,0.0,0.0,0.0,0.0,0.015,0.0,0.015,0.0,/home/dy1013/sirius_multi-gpu/experiment/motivation_runs/figure1_all_queries_5x_paging_20260707/pinned_hot/workloads/q4x5_iter0
pinned_hot,q5x5,0,1,q5,"q5,q5,q5,q5,q5",8742.642,8742.642,4354.969970703125,4354.969970703125,12554.038000000002,17.104733116,4387.672029296875,0.0,0,0,0,0,0,0,0,0,0,0,0,0,0.0,0.0,0.0,0.0,0.0,0.0,0.0,0.0,3.005,0.0,3.005,0.0,/home/dy1013/sirius_multi-gpu/experiment/motivation_runs/figure1_all_queries_5x_paging_20260707/pinned_hot/workloads/q5x5_iter0
pinned_hot,q5x5,0,2,q5,"q5,q5,q5,q5,q5",5918.937,14661.579,3792.123046875,3792.123046875,12297.314,17.104733116,2126.813953125,0.0,0,0,0,0,0,0,0,0,0,0,0,0,0.0,0.0,0.0,0.0,0.0,0.0,0.0,0.0,0.033,0.0,0.033,0.0,/home/dy1013/sirius_multi-gpu/experiment/motivation_runs/figure1_all_queries_5x_paging_20260707/pinned_hot/workloads/q5x5_iter0
pinned_hot,q5x5,0,3,q5,"q5,q5,q5,q5,q5",6035.255,20696.834,3755.38427734375,3755.38427734375,11845.345999999998,17.104733116,2279.87072265625,0.0,0,0,0,0,0,0,0,0,0,0,0,0,0.0,0.0,0.0,0.0,0.0,0.0,0.0,0.0,0.044,0.0,0.044,0.0,/home/dy1013/sirius_multi-gpu/experiment/motivation_runs/figure1_all_queries_5x_paging_20260707/pinned_hot/workloads/q5x5_iter0
pinned_hot,q5x5,0,4,q5,"q5,q5,q5,q5,q5",6175.274,26872.108,3848.962158203125,3848.962158203125,13062.721000000001,17.104733116,2326.3118417968753,0.0,0,0,0,0,0,0,0,0,0,0,0,0,0.0,0.0,0.0,0.0,0.0,0.0,0.0,0.0,2.9050000000000002,0.0,2.9050000000000002,0.0,/home/dy1013/sirius_multi-gpu/experiment/motivation_runs/figure1_all_queries_5x_paging_20260707/pinned_hot/workloads/q5x5_iter0
pinned_hot,q5x5,0,5,q5,"q5,q5,q5,q5,q5",6228.728,33100.836,4003.553955078125,4003.553955078125,12608.122000000001,17.104733116,2225.174044921875,0.0,0,0,0,0,0,0,0,0,0,0,0,0,0.0,0.0,0.0,0.0,0.0,0.0,0.0,0.0,2.116,0.0,2.116,0.0,/home/dy1013/sirius_multi-gpu/experiment/motivation_runs/figure1_all_queries_5x_paging_20260707/pinned_hot/workloads/q5x5_iter0
pinned_hot,q6x5,0,1,q6,"q6,q6,q6,q6,q6",3190.099,3190.099,2517.302001953125,2517.302001953125,9468.557,5.103751393,672.7969980468752,0.0,0,0,0,0,0,0,0,0,0,0,0,0,0.0,0.0,0.0,0.0,0.0,0.0,0.0,0.0,0.16200000000000003,0.0,0.16200000000000003,0.0,/home/dy1013/sirius_multi-gpu/experiment/motivation_runs/figure1_all_queries_5x_paging_20260707/pinned_hot/workloads/q6x5_iter0
pinned_hot,q6x5,0,2,q6,"q6,q6,q6,q6,q6",2417.476,5607.575000000001,1942.634033203125,1942.634033203125,8248.715,5.103751393,474.8419667968751,0.0,0,0,0,0,0,0,0,0,0,0,0,0,0.0,0.0,0.0,0.0,0.0,0.0,0.0,0.0,28.927,0.0,28.927,0.0,/home/dy1013/sirius_multi-gpu/experiment/motivation_runs/figure1_all_queries_5x_paging_20260707/pinned_hot/workloads/q6x5_iter0
pinned_hot,q6x5,0,3,q6,"q6,q6,q6,q6,q6",2515.542,8123.117,2047.34912109375,2047.34912109375,8135.206,5.103751393,468.1928789062499,0.0,0,0,0,0,0,0,0,0,0,0,0,0,0.0,0.0,0.0,0.0,0.0,0.0,0.0,0.0,21.347,0.0,21.347,0.0,/home/dy1013/sirius_multi-gpu/experiment/motivation_runs/figure1_all_queries_5x_paging_20260707/pinned_hot/workloads/q6x5_iter0
pinned_hot,q6x5,0,4,q6,"q6,q6,q6,q6,q6",2432.29,10555.407,1959.99609375,1959.99609375,8007.55,5.103751393,472.29390624999996,0.0,0,0,0,0,0,0,0,0,0,0,0,0,0.0,0.0,0.0,0.0,0.0,0.0,0.0,0.0,10.055999999999997,0.0,10.055999999999997,0.0,/home/dy1013/sirius_multi-gpu/experiment/motivation_runs/figure1_all_queries_5x_paging_20260707/pinned_hot/workloads/q6x5_iter0
pinned_hot,q6x5,0,5,q6,"q6,q6,q6,q6,q6",2515.2580000000003,13070.664999999999,2043.114013671875,2043.114013671875,7651.978999999999,5.103751393,472.14398632812527,0.0,0,0,0,0,0,0,0,0,0,0,0,0,0.0,0.0,0.0,0.0,0.0,0.0,0.0,0.0,0.49500000000000005,0.0,0.49500000000000005,0.0,/home/dy1013/sirius_multi-gpu/experiment/motivation_runs/figure1_all_queries_5x_paging_20260707/pinned_hot/workloads/q6x5_iter0
pinned_hot,q7x5,0,1,q7,"q7,q7,q7,q7,q7",4921.907,4921.907,3344.02587890625,3344.02587890625,13547.931000000004,15.65683369,1577.8811210937502,0.0,0,0,0,0,0,0,0,0,0,0,0,0,0.0,0.0,0.0,0.0,0.0,0.0,0.0,0.0,0.0,0.0,0.0,0.0,/home/dy1013/sirius_multi-gpu/experiment/motivation_runs/figure1_all_queries_5x_paging_20260707/pinned_hot/workloads/q7x5_iter0
pinned_hot,q7x5,0,2,q7,"q7,q7,q7,q7,q7",4673.464,9595.371,3350.967041015625,3350.967041015625,14868.705999999995,15.65683369,1322.496958984375,0.0,0,0,0,0,0,0,0,0,0,0,0,0,0.0,0.0,0.0,0.0,0.0,0.0,0.0,0.0,0.0,0.0,0.0,0.0,/home/dy1013/sirius_multi-gpu/experiment/motivation_runs/figure1_all_queries_5x_paging_20260707/pinned_hot/workloads/q7x5_iter0
pinned_hot,q7x5,0,3,q7,"q7,q7,q7,q7,q7",4656.165,14251.536,3332.818115234375,3332.818115234375,14673.19,15.65683369,1323.346884765625,0.0,0,0,0,0,0,0,0,0,0,0,0,0,0.0,0.0,0.0,0.0,0.0,0.0,0.0,0.0,0.0,0.0,0.0,0.0,/home/dy1013/sirius_multi-gpu/experiment/motivation_runs/figure1_all_queries_5x_paging_20260707/pinned_hot/workloads/q7x5_iter0
pinned_hot,q7x5,0,4,q7,"q7,q7,q7,q7,q7",4609.514,18861.05,3311.202880859375,3311.202880859375,14877.929000000002,15.65683369,1298.3111191406251,0.0,0,0,0,0,0,0,0,0,0,0,0,0,0.0,0.0,0.0,0.0,0.0,0.0,0.0,0.0,0.0,0.0,0.0,0.0,/home/dy1013/sirius_multi-gpu/experiment/motivation_runs/figure1_all_queries_5x_paging_20260707/pinned_hot/workloads/q7x5_iter0
pinned_hot,q7x5,0,5,q7,"q7,q7,q7,q7,q7",4726.518999999999,23587.569,3378.851806640625,3378.851806640625,13973.393000000004,15.65683369,1347.6671933593743,0.0,0,0,0,0,0,0,0,0,0,0,0,0,0.0,0.0,0.0,0.0,0.0,0.0,0.0,0.0,0.0,0.0,0.0,0.0,/home/dy1013/sirius_multi-gpu/experiment/motivation_runs/figure1_all_queries_5x_paging_20260707/pinned_hot/workloads/q7x5_iter0
pinned_hot,q8x5,0,1,q8,"q8,q8,q8,q8,q8",10865.225,10865.225,6462.31103515625,6462.31103515625,17905.027,22.30264534,4402.91396484375,0.0,0,0,0,0,0,0,0,0,0,0,0,0,0.0,0.0,0.0,0.0,0.0,0.0,0.0,0.0,0.008,0.0,0.008,0.0,/home/dy1013/sirius_multi-gpu/experiment/motivation_runs/figure1_all_queries_5x_paging_20260707/pinned_hot/workloads/q8x5_iter0
pinned_hot,q8x5,0,2,q8,"q8,q8,q8,q8,q8",8091.159,18956.384,5165.59130859375,5165.59130859375,17475.997,22.30264534,2925.5676914062497,0.0,0,0,0,0,0,0,0,0,0,0,0,0,0.0,0.0,0.0,0.0,0.0,0.0,0.0,0.0,0.008,0.0,0.008,0.0,/home/dy1013/sirius_multi-gpu/experiment/motivation_runs/figure1_all_queries_5x_paging_20260707/pinned_hot/workloads/q8x5_iter0
pinned_hot,q8x5,0,3,q8,"q8,q8,q8,q8,q8",7812.446,26768.829999999998,5203.828857421875,5203.828857421875,16721.964,22.30264534,2608.617142578125,0.0,0,0,0,0,0,0,0,0,0,0,0,0,0.0,0.0,0.0,0.0,0.0,0.0,0.0,0.0,0.009000000000000001,0.0,0.009000000000000001,0.0,/home/dy1013/sirius_multi-gpu/experiment/motivation_runs/figure1_all_queries_5x_paging_20260707/pinned_hot/workloads/q8x5_iter0
pinned_hot,q8x5,0,4,q8,"q8,q8,q8,q8,q8",7948.454,34717.284,5065.94482421875,5065.94482421875,15987.456999999999,22.30264534,2882.5091757812497,0.0,0,0,0,0,0,0,0,0,0,0,0,0,0.0,0.0,0.0,0.0,0.0,0.0,0.0,0.0,0.01,0.0,0.01,0.0,/home/dy1013/sirius_multi-gpu/experiment/motivation_runs/figure1_all_queries_5x_paging_20260707/pinned_hot/workloads/q8x5_iter0
pinned_hot,q8x5,0,5,q8,"q8,q8,q8,q8,q8",8089.733000000001,42807.017,5188.203857421875,5188.203857421875,17546.744000000006,22.30264534,2901.529142578126,0.0,0,0,0,0,0,0,0,0,0,0,0,0,0.0,0.0,0.0,0.0,0.0,0.0,0.0,0.0,0.007,0.0,0.007,0.0,/home/dy1013/sirius_multi-gpu/experiment/motivation_runs/figure1_all_queries_5x_paging_20260707/pinned_hot/workloads/q8x5_iter0
pinned_hot,q9x5,0,1,q9,"q9,q9,q9,q9,q9",15601.757,15601.757,6422.1181640625,6422.1181640625,18141.575,21.557565697,9179.6388359375,0.0,0,0,0,0,0,0,0,0,0,0,0,0,0.0,0.0,0.0,0.0,0.0,0.0,0.0,13.889,0.0,0.002,0.002,0.0,/home/dy1013/sirius_multi-gpu/experiment/motivation_runs/figure1_all_queries_5x_paging_20260707/pinned_hot/workloads/q9x5_iter0
pinned_hot,q9x5,0,2,q9,"q9,q9,q9,q9,q9",11087.825,26689.582000000002,5137.7568359375,5137.7568359375,18826.327999999998,21.557565697,5950.068164062501,0.0,0,0,0,0,0,0,0,0,0,0,0,0,0.0,0.0,0.0,0.0,0.0,0.0,0.0,7.83,0.0,0.002,0.002,0.0,/home/dy1013/sirius_multi-gpu/experiment/motivation_runs/figure1_all_queries_5x_paging_20260707/pinned_hot/workloads/q9x5_iter0
pinned_hot,q9x5,0,3,q9,"q9,q9,q9,q9,q9",10911.786,37601.368,5109.371337890625,5109.371337890625,17189.781999999996,21.557565697,5802.414662109375,0.0,0,0,0,0,0,0,0,0,0,0,0,0,0.0,0.0,0.0,0.0,0.0,0.0,0.0,7.85,0.0,0.003,0.003,0.0,/home/dy1013/sirius_multi-gpu/experiment/motivation_runs/figure1_all_queries_5x_paging_20260707/pinned_hot/workloads/q9x5_iter0
pinned_hot,q9x5,0,4,q9,"q9,q9,q9,q9,q9",11023.176,48624.544,5133.55517578125,5133.55517578125,17719.992000000006,21.557565697,5889.6208242187495,0.0,0,0,0,0,0,0,0,0,0,0,0,0,0.0,0.0,0.0,0.0,0.0,0.0,0.0,7.8,0.0,0.003,0.003,0.0,/home/dy1013/sirius_multi-gpu/experiment/motivation_runs/figure1_all_queries_5x_paging_20260707/pinned_hot/workloads/q9x5_iter0
pinned_hot,q9x5,0,5,q9,"q9,q9,q9,q9,q9",11059.874,59684.418000000005,5042.3310546875,5042.3310546875,18715.696,21.557565697,6017.5429453125,0.0,0,0,0,0,0,0,0,0,0,0,0,0,0.0,0.0,0.0,0.0,0.0,0.0,0.0,7.914,0.0,0.002,0.002,0.0,/home/dy1013/sirius_multi-gpu/experiment/motivation_runs/figure1_all_queries_5x_paging_20260707/pinned_hot/workloads/q9x5_iter0
paging_filter_aware,q10x5,0,1,q10,"q10,q10,q10,q10,q10",4985.4310000000005,4985.4310000000005,3734.848876953125,3734.848876953125,13524.269000000002,14.751027829,1250.5821230468755,0.0,0,0,0,0,0,0,0,0,0,0,0,0,0.0,0.0,0.0,0.0,0.0,0.0,0.0,0.0,4.257,0.0,4.257,0.0,/home/dy1013/sirius_multi-gpu/experiment/motivation_runs/figure1_all_queries_5x_paging_20260707/paging_filter_aware/workloads/q10x5_iter0
paging_filter_aware,q10x5,0,2,q10,"q10,q10,q10,q10,q10",4084.531,9069.962,3211.2470703125,3211.2470703125,13264.440999999999,14.751027829,873.2839296875,0.6,5,0,0,0,0,0,0,0,0,0,0,0,0.0,21.335,0.0,0.0,0.0,83.434,61.996,0.0,2.2149999999999994,0.013,2.2279999999999993,83.434,/home/dy1013/sirius_multi-gpu/experiment/motivation_runs/figure1_all_queries_5x_paging_20260707/paging_filter_aware/workloads/q10x5_iter0
paging_filter_aware,q10x5,0,3,q10,"q10,q10,q10,q10,q10",4188.135,13258.097,3318.49609375,3318.49609375,12868.974000000002,14.751027829,869.6389062500002,0.6,5,0,0,0,0,0,0,0,0,0,0,0,0.0,14.115000000000002,0.0,0.0,0.0,68.937,54.724000000000004,0.0,1.4,0.069,1.4689999999999999,68.937,/home/dy1013/sirius_multi-gpu/experiment/motivation_runs/figure1_all_queries_5x_paging_20260707/paging_filter_aware/workloads/q10x5_iter0
paging_filter_aware,q10x5,0,4,q10,"q10,q10,q10,q10,q10",4135.322999999999,17393.42,3313.132080078125,3313.132080078125,13456.114999999998,14.751027829,822.1909199218744,0.6,5,0,0,0,0,0,0,0,0,0,0,0,0.0,19.588,0.0,0.0,0.0,83.43,63.751999999999995,0.0,0.25500000000000006,0.014,0.2690000000000001,83.43,/home/dy1013/sirius_multi-gpu/experiment/motivation_runs/figure1_all_queries_5x_paging_20260707/paging_filter_aware/workloads/q10x5_iter0
paging_filter_aware,q10x5,0,5,q10,"q10,q10,q10,q10,q10",4104.937,21498.356999999996,3276.345947265625,3276.345947265625,13921.594000000001,14.751027829,828.5910527343749,0.6,5,0,0,0,0,0,0,0,0,0,0,0,0.0,20.269000000000002,0.0,0.0,0.0,79.881,59.42400000000001,0.0,0.24300000000000005,0.023,0.26600000000000007,79.881,/home/dy1013/sirius_multi-gpu/experiment/motivation_runs/figure1_all_queries_5x_paging_20260707/paging_filter_aware/workloads/q10x5_iter0
paging_filter_aware,q11x5,0,1,q11,"q11,q11,q11,q11,q11",1534.9569999999999,1534.9569999999999,1229.958984375,1229.958984375,3766.8479999999995,3.593447184,304.9980156249999,0.0,0,0,0,0,0,0,0,0,0,0,0,0,0.0,0.0,0.0,0.0,0.0,0.0,0.0,0.0,0.003,0.0,0.003,0.0,/home/dy1013/sirius_multi-gpu/experiment/motivation_runs/figure1_all_queries_5x_paging_20260707/paging_filter_aware/workloads/q11x5_iter0
paging_filter_aware,q11x5,0,2,q11,"q11,q11,q11,q11,q11",1191.759,2726.716,810.950927734375,810.950927734375,2589.268,3.593447184,380.808072265625,0.0,0,0,0,0,0,0,0,0,0,0,0,0,0.0,0.0,0.0,0.0,0.0,0.0,0.0,0.0,0.003,0.0,0.003,0.0,/home/dy1013/sirius_multi-gpu/experiment/motivation_runs/figure1_all_queries_5x_paging_20260707/paging_filter_aware/workloads/q11x5_iter0
paging_filter_aware,q11x5,0,3,q11,"q11,q11,q11,q11,q11",1000.5329999999999,3727.249,831.47412109375,831.47412109375,2632.724,3.593447184,169.0588789062499,0.0,0,0,0,0,0,0,0,0,0,0,0,0,0.0,0.0,0.0,0.0,0.0,0.0,0.0,0.0,0.003,0.0,0.003,0.0,/home/dy1013/sirius_multi-gpu/experiment/motivation_runs/figure1_all_queries_5x_paging_20260707/paging_filter_aware/workloads/q11x5_iter0
paging_filter_aware,q11x5,0,4,q11,"q11,q11,q11,q11,q11",1069.5049999999999,4796.754,811.40283203125,811.40283203125,2672.7219999999998,3.593447184,258.1021679687499,0.0,0,0,0,0,0,0,0,0,0,0,0,0,0.0,0.0,0.0,0.0,0.0,0.0,0.0,0.0,0.004,0.0,0.004,0.0,/home/dy1013/sirius_multi-gpu/experiment/motivation_runs/figure1_all_queries_5x_paging_20260707/paging_filter_aware/workloads/q11x5_iter0
paging_filter_aware,q11x5,0,5,q11,"q11,q11,q11,q11,q11",1088.0,5884.754,824.205078125,824.205078125,2821.826,3.593447184,263.794921875,0.0,0,0,0,0,0,0,0,0,0,0,0,0,0.0,0.0,0.0,0.0,0.0,0.0,0.0,0.0,0.003,0.0,0.003,0.0,/home/dy1013/sirius_multi-gpu/experiment/motivation_runs/figure1_all_queries_5x_paging_20260707/paging_filter_aware/workloads/q11x5_iter0
paging_filter_aware,q12x5,0,1,q12,"q12,q12,q12,q12,q12",5723.6849999999995,5723.6849999999995,2151.304931640625,2151.304931640625,7469.851000000001,9.141245847,3572.3800683593745,0.0,0,0,0,0,0,0,0,0,0,0,0,0,0.0,0.0,0.0,0.0,0.0,0.0,0.0,0.0,0.0,0.0,0.0,0.0,/home/dy1013/sirius_multi-gpu/experiment/motivation_runs/figure1_all_queries_5x_paging_20260707/paging_filter_aware/workloads/q12x5_iter0
paging_filter_aware,q12x5,0,2,q12,"q12,q12,q12,q12,q12",1826.265,7549.95,992.344970703125,992.344970703125,3211.24,6.285567483,833.9200292968751,7.200454824,14,0,0,0,0,0,0,0,0,0,0,0,0.0,8.167,0.0,0.0,0.0,409.64099999999996,400.737,0.0,0.0,0.0,0.0,409.64099999999996,/home/dy1013/sirius_multi-gpu/experiment/motivation_runs/figure1_all_queries_5x_paging_20260707/paging_filter_aware/workloads/q12x5_iter0
paging_filter_aware,q12x5,0,3,q12,"q12,q12,q12,q12,q12",1766.6100000000001,9316.56,955.046142578125,955.046142578125,2960.871,6.285567483,811.5638574218751,7.200454824,14,0,0,0,0,0,0,0,0,0,0,0,0.0,5.259,0.0,0.0,0.0,348.0439999999999,338.705,0.0,0.0,0.0,0.0,348.0439999999999,/home/dy1013/sirius_multi-gpu/experiment/motivation_runs/figure1_all_queries_5x_paging_20260707/paging_filter_aware/workloads/q12x5_iter0
paging_filter_aware,q12x5,0,4,q12,"q12,q12,q12,q12,q12",1724.985,11041.545,926.842041015625,926.842041015625,3092.009,6.285567483,798.1429589843749,7.200454824,14,0,0,0,0,0,0,0,0,0,0,0,0.0,21.909999999999997,0.0,0.0,0.0,351.191,328.1909999999999,0.0,0.0,0.0,0.0,351.191,/home/dy1013/sirius_multi-gpu/experiment/motivation_runs/figure1_all_queries_5x_paging_20260707/paging_filter_aware/workloads/q12x5_iter0
paging_filter_aware,q12x5,0,5,q12,"q12,q12,q12,q12,q12",1804.22,12845.765,962.384033203125,962.384033203125,3113.767,6.285567483,841.835966796875,7.200454824,14,0,0,0,0,0,0,0,0,0,0,0,0.0,14.351999999999999,0.0,0.0,0.0,445.3760000000001,430.267,0.0,0.0,0.0,0.0,445.3760000000001,/home/dy1013/sirius_multi-gpu/experiment/motivation_runs/figure1_all_queries_5x_paging_20260707/paging_filter_aware/workloads/q12x5_iter0
paging_filter_aware,q13x5,0,1,q13,"q13,q13,q13,q13,q13",3120.531,3120.531,2384.68603515625,2384.68603515625,7045.532999999999,2.520079298,735.84496484375,0.0,0,0,0,0,0,0,0,0,0,0,0,0,0.0,0.0,0.0,0.0,0.0,0.0,0.0,593.971,0.0,2.1420000000000003,2.1420000000000003,0.0,/home/dy1013/sirius_multi-gpu/experiment/motivation_runs/figure1_all_queries_5x_paging_20260707/paging_filter_aware/workloads/q13x5_iter0
paging_filter_aware,q13x5,0,2,q13,"q13,q13,q13,q13,q13",2389.834,5510.365,1922.5830078125,1922.5830078125,7147.761,2.520079298,467.25099218749983,0.0,0,0,0,0,0,0,0,0,0,0,0,0,0.0,0.0,0.0,0.0,0.0,0.0,0.0,401.48799999999994,0.0,0.023999999999999997,0.023999999999999997,0.0,/home/dy1013/sirius_multi-gpu/experiment/motivation_runs/figure1_all_queries_5x_paging_20260707/paging_filter_aware/workloads/q13x5_iter0
paging_filter_aware,q13x5,0,3,q13,"q13,q13,q13,q13,q13",2375.272,7885.637,1965.696044921875,1965.696044921875,7103.081,2.520079298,409.57595507812493,0.0,0,0,0,0,0,0,0,0,0,0,0,0,0.0,0.0,0.0,0.0,0.0,0.0,0.0,420.538,0.0,0.07100000000000001,0.07100000000000001,0.0,/home/dy1013/sirius_multi-gpu/experiment/motivation_runs/figure1_all_queries_5x_paging_20260707/paging_filter_aware/workloads/q13x5_iter0
paging_filter_aware,q13x5,0,4,q13,"q13,q13,q13,q13,q13",2217.583,10103.22,1805.18701171875,1805.18701171875,6296.321,2.520079298,412.3959882812501,0.0,0,0,0,0,0,0,0,0,0,0,0,0,0.0,0.0,0.0,0.0,0.0,0.0,0.0,404.312,0.0,0.023,0.023,0.0,/home/dy1013/sirius_multi-gpu/experiment/motivation_runs/figure1_all_queries_5x_paging_20260707/paging_filter_aware/workloads/q13x5_iter0
paging_filter_aware,q13x5,0,5,q13,"q13,q13,q13,q13,q13",2605.547,12708.767,2035.3720703125,2035.3720703125,6187.397,2.520079298,570.1749296875,0.0,0,0,0,0,0,0,0,0,0,0,0,0,0.0,0.0,0.0,0.0,0.0,0.0,0.0,535.782,0.0,0.027,0.027,0.0,/home/dy1013/sirius_multi-gpu/experiment/motivation_runs/figure1_all_queries_5x_paging_20260707/paging_filter_aware/workloads/q13x5_iter0
paging_filter_aware,q14x5,0,1,q14,"q14,q14,q14,q14,q14",5333.344999999999,5333.344999999999,3508.632080078125,3508.632080078125,18745.321999999996,10.084902567,1824.7129199218743,0.0,0,0,0,0,0,0,0,0,0,0,0,0,0.0,0.0,0.0,0.0,0.0,0.0,0.0,0.0,1.028,0.0,1.028,0.0,/home/dy1013/sirius_multi-gpu/experiment/motivation_runs/figure1_all_queries_5x_paging_20260707/paging_filter_aware/workloads/q14x5_iter0
paging_filter_aware,q14x5,0,2,q14,"q14,q14,q14,q14,q14",3272.798,8606.143,2766.14404296875,2766.14404296875,16284.363000000001,10.084902567,506.6539570312498,2.400151608,20,0,0,0,0,0,0,0,0,0,0,0,0.0,102.54999999999998,0.0,0.0,0.0,377.039,273.924,0.0,0.0,1.4149999999999998,1.4149999999999998,377.039,/home/dy1013/sirius_multi-gpu/experiment/motivation_runs/figure1_all_queries_5x_paging_20260707/paging_filter_aware/workloads/q14x5_iter0
paging_filter_aware,q14x5,0,3,q14,"q14,q14,q14,q14,q14",3309.037,11915.18,2793.89306640625,2793.89306640625,15425.115,10.084902567,515.1439335937498,2.400151608,20,0,0,0,0,0,0,0,0,0,0,0,0.0,137.37800000000001,0.0,0.0,0.0,392.57400000000007,254.522,0.0,0.0,0.17200000000000004,0.17200000000000004,392.57400000000007,/home/dy1013/sirius_multi-gpu/experiment/motivation_runs/figure1_all_queries_5x_paging_20260707/paging_filter_aware/workloads/q14x5_iter0
paging_filter_aware,q14x5,0,4,q14,"q14,q14,q14,q14,q14",3318.7250000000004,15233.905,2788.658935546875,2788.658935546875,14790.642,10.084902567,530.0660644531254,2.400151608,20,0,0,0,0,0,0,0,0,0,0,0,0.0,73.775,0.0,0.0,0.0,388.427,313.974,0.0,0.0,0.15800000000000003,0.15800000000000003,388.427,/home/dy1013/sirius_multi-gpu/experiment/motivation_runs/figure1_all_queries_5x_paging_20260707/paging_filter_aware/workloads/q14x5_iter0
paging_filter_aware,q14x5,0,5,q14,"q14,q14,q14,q14,q14",3289.2389999999996,18523.144,2802.64208984375,2802.64208984375,16278.577000000003,10.084902567,486.5969101562496,2.400151608,20,0,0,0,0,0,0,0,0,0,0,0,0.0,77.43700000000001,0.0,0.0,0.0,367.27,289.31699999999995,0.0,0.0,0.37300000000000005,0.37300000000000005,367.27,/home/dy1013/sirius_multi-gpu/experiment/motivation_runs/figure1_all_queries_5x_paging_20260707/paging_filter_aware/workloads/q14x5_iter0
paging_filter_aware,q15x5,0,1,q15,"q15,q15,q15,q15,q15",5004.209000000001,5004.209000000001,3238.97412109375,3238.97412109375,18203.064000000002,9.98220262,1765.2348789062507,0.0,0,0,0,0,0,0,0,0,0,0,0,0,0.0,0.0,0.0,0.0,0.0,0.0,0.0,0.0,0.10800000000000001,0.0,0.10800000000000001,0.0,/home/dy1013/sirius_multi-gpu/experiment/motivation_runs/figure1_all_queries_5x_paging_20260707/paging_filter_aware/workloads/q15x5_iter0
paging_filter_aware,q15x5,0,2,q15,"q15,q15,q15,q15,q15",3218.93,8223.139000000001,2678.82421875,2678.82421875,13531.435000000001,9.98220262,540.1057812499998,2.400151608,20,0,0,0,0,0,0,0,0,0,0,0,0.0,91.59200000000001,0.0,0.0,0.0,371.247,279.06500000000005,0.0,0.0,0.40400000000000014,0.40400000000000014,371.247,/home/dy1013/sirius_multi-gpu/experiment/motivation_runs/figure1_all_queries_5x_paging_20260707/paging_filter_aware/workloads/q15x5_iter0
paging_filter_aware,q15x5,0,3,q15,"q15,q15,q15,q15,q15",3242.018,11465.157000000001,2735.36083984375,2735.36083984375,13683.704999999998,9.98220262,506.65716015625003,2.400151608,20,0,0,0,0,0,0,0,0,0,0,0,0.0,131.28199999999998,0.0,0.0,0.0,422.4789999999999,290.602,0.0,0.0,0.177,0.177,422.4789999999999,/home/dy1013/sirius_multi-gpu/experiment/motivation_runs/figure1_all_queries_5x_paging_20260707/paging_filter_aware/workloads/q15x5_iter0
paging_filter_aware,q15x5,0,4,q15,"q15,q15,q15,q15,q15",3196.8830000000003,14662.04,2682.35302734375,2682.35302734375,14293.450999999997,9.98220262,514.5299726562503,2.400151608,20,0,0,0,0,0,0,0,0,0,0,0,0.0,106.181,0.0,0.0,0.0,363.041,256.313,0.0,0.0,3.6479999999999992,3.6479999999999992,363.041,/home/dy1013/sirius_multi-gpu/experiment/motivation_runs/figure1_all_queries_5x_paging_20260707/paging_filter_aware/workloads/q15x5_iter0
paging_filter_aware,q15x5,0,5,q15,"q15,q15,q15,q15,q15",3139.9339999999997,17801.974000000002,2648.451904296875,2648.451904296875,14609.235999999997,9.98220262,491.48209570312474,2.400151608,20,0,0,0,0,0,0,0,0,0,0,0,0.0,101.06400000000001,0.0,0.0,0.0,421.174,319.463,0.0,0.0,8.056999999999999,8.056999999999999,421.174,/home/dy1013/sirius_multi-gpu/experiment/motivation_runs/figure1_all_queries_5x_paging_20260707/paging_filter_aware/workloads/q15x5_iter0
paging_filter_aware,q16x5,0,1,q16,"q16,q16,q16,q16,q16",1112.542,1112.542,438.5439453125,438.5439453125,858.0709999999999,1.496500186,673.9980546874999,0.0,0,0,0,0,0,0,0,0,0,0,0,0,0.0,0.0,0.0,0.0,0.0,0.0,0.0,24.701,0.0,0.003,0.003,0.0,/home/dy1013/sirius_multi-gpu/experiment/motivation_runs/figure1_all_queries_5x_paging_20260707/paging_filter_aware/workloads/q16x5_iter0
paging_filter_aware,q16x5,0,2,q16,"q16,q16,q16,q16,q16",900.946,2013.4879999999998,401.737060546875,401.737060546875,807.6949999999999,1.496500186,499.208939453125,0.0,0,0,0,0,0,0,0,0,0,0,0,0,0.0,0.0,0.0,0.0,0.0,0.0,0.0,14.997,0.0,0.002,0.002,0.0,/home/dy1013/sirius_multi-gpu/experiment/motivation_runs/figure1_all_queries_5x_paging_20260707/paging_filter_aware/workloads/q16x5_iter0
paging_filter_aware,q16x5,0,3,q16,"q16,q16,q16,q16,q16",900.2280000000001,2913.716,406.921142578125,406.921142578125,815.6539999999999,1.496500186,493.30685742187507,0.0,0,0,0,0,0,0,0,0,0,0,0,0,0.0,0.0,0.0,0.0,0.0,0.0,0.0,14.72,0.0,0.002,0.002,0.0,/home/dy1013/sirius_multi-gpu/experiment/motivation_runs/figure1_all_queries_5x_paging_20260707/paging_filter_aware/workloads/q16x5_iter0
paging_filter_aware,q16x5,0,4,q16,"q16,q16,q16,q16,q16",891.728,3805.444,377.4150390625,377.4150390625,668.503,1.496500186,514.3129609375,0.0,0,0,0,0,0,0,0,0,0,0,0,0,0.0,0.0,0.0,0.0,0.0,0.0,0.0,15.861,0.0,0.002,0.002,0.0,/home/dy1013/sirius_multi-gpu/experiment/motivation_runs/figure1_all_queries_5x_paging_20260707/paging_filter_aware/workloads/q16x5_iter0
paging_filter_aware,q16x5,0,5,q16,"q16,q16,q16,q16,q16",881.378,4686.822,396.531005859375,396.531005859375,804.787,1.496500186,484.84699414062504,0.0,0,0,0,0,0,0,0,0,0,0,0,0,0.0,0.0,0.0,0.0,0.0,0.0,0.0,14.806000000000001,0.0,0.002,0.002,0.0,/home/dy1013/sirius_multi-gpu/experiment/motivation_runs/figure1_all_queries_5x_paging_20260707/paging_filter_aware/workloads/q16x5_iter0
paging_filter_aware,q17x5,0,1,q17,"q17,q17,q17,q17,q17",6665.781,6665.781,5064.881103515625,5064.881103515625,24682.530000000002,15.471279742,1600.899896484375,0.0,0,0,0,0,0,0,0,0,0,0,0,0,0.0,0.0,0.0,0.0,0.0,0.0,0.0,0.0,0.012,0.0,0.012,0.0,/home/dy1013/sirius_multi-gpu/experiment/motivation_runs/figure1_all_queries_5x_paging_20260707/paging_filter_aware/workloads/q17x5_iter0
paging_filter_aware,q17x5,0,2,q17,"q17,q17,q17,q17,q17",6124.121999999999,12789.902999999998,4702.896240234375,4702.896240234375,23558.592000000008,15.471279742,1421.2257597656244,0.0,0,0,0,0,0,0,0,0,0,0,0,0,0.0,0.0,0.0,0.0,0.0,0.0,0.0,0.0,0.007,0.0,0.007,0.0,/home/dy1013/sirius_multi-gpu/experiment/motivation_runs/figure1_all_queries_5x_paging_20260707/paging_filter_aware/workloads/q17x5_iter0
paging_filter_aware,q17x5,0,3,q17,"q17,q17,q17,q17,q17",6902.014,19691.916999999998,4937.2880859375,4937.2880859375,24445.375999999997,15.471279742,1964.7259140625001,0.0,0,0,0,0,0,0,0,0,0,0,0,0,0.0,0.0,0.0,0.0,0.0,0.0,0.0,0.0,0.006,0.0,0.006,0.0,/home/dy1013/sirius_multi-gpu/experiment/motivation_runs/figure1_all_queries_5x_paging_20260707/paging_filter_aware/workloads/q17x5_iter0
paging_filter_aware,q17x5,0,4,q17,"q17,q17,q17,q17,q17",6185.419,25877.335999999996,4908.835205078125,4908.835205078125,24806.652,15.471279742,1276.5837949218749,0.0,0,0,0,0,0,0,0,0,0,0,0,0,0.0,0.0,0.0,0.0,0.0,0.0,0.0,0.0,0.011,0.0,0.011,0.0,/home/dy1013/sirius_multi-gpu/experiment/motivation_runs/figure1_all_queries_5x_paging_20260707/paging_filter_aware/workloads/q17x5_iter0
paging_filter_aware,q17x5,0,5,q17,"q17,q17,q17,q17,q17",6446.744,32324.079999999994,4700.302734375,4700.302734375,23079.553,15.471279742,1746.4412656249997,0.0,0,0,0,0,0,0,0,0,0,0,0,0,0.0,0.0,0.0,0.0,0.0,0.0,0.0,0.0,0.012,0.0,0.012,0.0,/home/dy1013/sirius_multi-gpu/experiment/motivation_runs/figure1_all_queries_5x_paging_20260707/paging_filter_aware/workloads/q17x5_iter0
paging_filter_aware,q18x5,0,1,q18,"q18,q18,q18,q18,q18",4717.21,4717.21,2995.47216796875,2995.47216796875,11110.417999999998,14.798397393,1721.73783203125,0.0,0,0,0,0,0,0,0,0,0,0,0,0,0.0,0.0,0.0,0.0,0.0,0.0,0.0,0.0,0.0,0.0,0.0,0.0,/home/dy1013/sirius_multi-gpu/experiment/motivation_runs/figure1_all_queries_5x_paging_20260707/paging_filter_aware/workloads/q18x5_iter0
paging_filter_aware,q18x5,0,2,q18,"q18,q18,q18,q18,q18",3999.006,8716.216,2695.810302734375,2695.810302734375,9228.916000000001,14.798397393,1303.1956972656249,0.0,0,0,0,0,0,0,0,0,0,0,0,0,0.0,0.0,0.0,0.0,0.0,0.0,0.0,0.0,0.0,0.0,0.0,0.0,/home/dy1013/sirius_multi-gpu/experiment/motivation_runs/figure1_all_queries_5x_paging_20260707/paging_filter_aware/workloads/q18x5_iter0
paging_filter_aware,q18x5,0,3,q18,"q18,q18,q18,q18,q18",3905.4500000000003,12621.666000000001,2508.949951171875,2508.949951171875,8899.088999999998,14.798397393,1396.5000488281253,0.0,0,0,0,0,0,0,0,0,0,0,0,0,0.0,0.0,0.0,0.0,0.0,0.0,0.0,0.0,0.0,0.0,0.0,0.0,/home/dy1013/sirius_multi-gpu/experiment/motivation_runs/figure1_all_queries_5x_paging_20260707/paging_filter_aware/workloads/q18x5_iter0
paging_filter_aware,q18x5,0,4,q18,"q18,q18,q18,q18,q18",4007.7980000000002,16629.464,2748.2919921875,2748.2919921875,9377.212,14.798397393,1259.5060078125002,0.0,0,0,0,0,0,0,0,0,0,0,0,0,0.0,0.0,0.0,0.0,0.0,0.0,0.0,0.0,0.0,0.0,0.0,0.0,/home/dy1013/sirius_multi-gpu/experiment/motivation_runs/figure1_all_queries_5x_paging_20260707/paging_filter_aware/workloads/q18x5_iter0
paging_filter_aware,q18x5,0,5,q18,"q18,q18,q18,q18,q18",3794.105,20423.569,2630.227783203125,2630.227783203125,8960.908,14.798397393,1163.877216796875,0.0,0,0,0,0,0,0,0,0,0,0,0,0,0.0,0.0,0.0,0.0,0.0,0.0,0.0,0.0,0.0,0.0,0.0,0.0,/home/dy1013/sirius_multi-gpu/experiment/motivation_runs/figure1_all_queries_5x_paging_20260707/paging_filter_aware/workloads/q18x5_iter0
paging_filter_aware,q19x5,0,1,q19,"q19,q19,q19,q19,q19",4820.053,4820.053,3979.072998046875,3979.072998046875,22409.871,10.790175556,840.9800019531249,0.0,0,0,0,0,0,0,0,0,0,0,0,0,0.0,0.0,0.0,0.0,0.0,0.0,0.0,0.0,0.3340000000000001,0.0,0.3340000000000001,0.0,/home/dy1013/sirius_multi-gpu/experiment/motivation_runs/figure1_all_queries_5x_paging_20260707/paging_filter_aware/workloads/q19x5_iter0
paging_filter_aware,q19x5,0,2,q19,"q19,q19,q19,q19,q19",3662.073,8482.126,3056.39404296875,3056.39404296875,14511.902,10.790175556,605.6789570312499,0.0,0,0,0,0,0,0,0,0,0,0,0,0,0.0,0.0,0.0,0.0,0.0,0.0,0.0,0.0,0.3810000000000001,0.0,0.3810000000000001,0.0,/home/dy1013/sirius_multi-gpu/experiment/motivation_runs/figure1_all_queries_5x_paging_20260707/paging_filter_aware/workloads/q19x5_iter0
paging_filter_aware,q19x5,0,3,q19,"q19,q19,q19,q19,q19",3853.618,12335.744,3254.69287109375,3254.69287109375,15600.578,10.790175556,598.9251289062499,0.0,0,0,0,0,0,0,0,0,0,0,0,0,0.0,0.0,0.0,0.0,0.0,0.0,0.0,0.0,3.281,0.0,3.281,0.0,/home/dy1013/sirius_multi-gpu/experiment/motivation_runs/figure1_all_queries_5x_paging_20260707/paging_filter_aware/workloads/q19x5_iter0
paging_filter_aware,q19x5,0,4,q19,"q19,q19,q19,q19,q19",3695.773,16031.517,3084.192138671875,3084.192138671875,14082.377000000002,10.790175556,611.5808613281251,0.0,0,0,0,0,0,0,0,0,0,0,0,0,0.0,0.0,0.0,0.0,0.0,0.0,0.0,0.0,3.8079999999999985,0.0,3.8079999999999985,0.0,/home/dy1013/sirius_multi-gpu/experiment/motivation_runs/figure1_all_queries_5x_paging_20260707/paging_filter_aware/workloads/q19x5_iter0
paging_filter_aware,q19x5,0,5,q19,"q19,q19,q19,q19,q19",3742.149,19773.666,3161.723876953125,3161.723876953125,14678.125999999998,10.790175556,580.4251230468749,0.0,0,0,0,0,0,0,0,0,0,0,0,0,0.0,0.0,0.0,0.0,0.0,0.0,0.0,0.0,0.1930000000000001,0.0,0.1930000000000001,0.0,/home/dy1013/sirius_multi-gpu/experiment/motivation_runs/figure1_all_queries_5x_paging_20260707/paging_filter_aware/workloads/q19x5_iter0
paging_filter_aware,q1x5,0,1,q1,"q1,q1,q1,q1,q1",4584.029,4584.029,2589.044189453125,2589.044189453125,6402.3240000000005,6.1651734,1994.9848105468755,0.0,0,0,0,0,0,0,0,0,0,0,0,0,0.0,0.0,0.0,0.0,0.0,0.0,0.0,0.0,3.0419999999999994,0.0,3.0419999999999994,0.0,/home/dy1013/sirius_multi-gpu/experiment/motivation_runs/figure1_all_queries_5x_paging_20260707/paging_filter_aware/workloads/q1x5_iter0
paging_filter_aware,q1x5,0,2,q1,"q1,q1,q1,q1,q1",3047.748,7631.777,2001.76611328125,2001.76611328125,4738.784,6.1651734,1045.98188671875,2.400151608,14,0,0,0,0,0,0,0,0,0,0,0,0.0,66.16199999999999,0.0,0.0,0.0,537.6210000000001,471.12600000000003,0.0,0.0,3.033000000000001,3.033000000000001,537.6210000000001,/home/dy1013/sirius_multi-gpu/experiment/motivation_runs/figure1_all_queries_5x_paging_20260707/paging_filter_aware/workloads/q1x5_iter0
paging_filter_aware,q1x5,0,3,q1,"q1,q1,q1,q1,q1",2999.237,10631.014,2002.09814453125,2002.09814453125,4537.485000000001,6.1651734,997.1388554687501,2.400151608,14,0,0,0,0,0,0,0,0,0,0,0,0.0,39.89999999999999,0.0,0.0,0.0,515.952,475.74500000000006,0.0,0.0,4.074999999999999,4.074999999999999,515.952,/home/dy1013/sirius_multi-gpu/experiment/motivation_runs/figure1_all_queries_5x_paging_20260707/paging_filter_aware/workloads/q1x5_iter0
paging_filter_aware,q1x5,0,4,q1,"q1,q1,q1,q1,q1",2823.954,13454.967999999999,2008.401123046875,2008.401123046875,4576.344999999999,6.1651734,815.5528769531252,2.400151608,14,0,0,0,0,0,0,0,0,0,0,0,0.0,67.295,0.0,0.0,0.0,550.9330000000001,483.289,0.0,0.0,4.066999999999999,4.066999999999999,550.9330000000001,/home/dy1013/sirius_multi-gpu/experiment/motivation_runs/figure1_all_queries_5x_paging_20260707/paging_filter_aware/workloads/q1x5_iter0
paging_filter_aware,q1x5,0,5,q1,"q1,q1,q1,q1,q1",2957.411,16412.379,2012.3759765625,2012.3759765625,4675.138999999999,6.1651734,945.0350234375001,2.400151608,14,0,0,0,0,0,0,0,0,0,0,0,0.0,37.166,0.0,0.0,0.0,471.09800000000007,433.594,0.0,0.0,14.11,14.11,471.09800000000007,/home/dy1013/sirius_multi-gpu/experiment/motivation_runs/figure1_all_queries_5x_paging_20260707/paging_filter_aware/workloads/q1x5_iter0
paging_filter_aware,q20x5,0,1,q20,"q20,q20,q20,q20,q20",5666.567,5666.567,3765.18994140625,3765.18994140625,18836.731000000007,11.747895711,1901.37705859375,0.0,0,0,0,0,0,0,0,0,0,0,0,0,0.0,0.0,0.0,0.0,0.0,0.0,0.0,0.0,0.20200000000000004,0.0,0.20200000000000004,0.0,/home/dy1013/sirius_multi-gpu/experiment/motivation_runs/figure1_all_queries_5x_paging_20260707/paging_filter_aware/workloads/q20x5_iter0
paging_filter_aware,q20x5,0,2,q20,"q20,q20,q20,q20,q20",3896.583,9563.15,3326.442138671875,3326.442138671875,18946.204,11.747895711,570.1408613281251,2.400151608,23,0,0,0,0,0,0,0,0,0,0,0,0.0,125.325,0.0,0.0,0.0,496.5849999999999,370.2849999999999,0.0,0.008,0.34400000000000003,0.35200000000000004,496.5849999999999,/home/dy1013/sirius_multi-gpu/experiment/motivation_runs/figure1_all_queries_5x_paging_20260707/paging_filter_aware/workloads/q20x5_iter0
paging_filter_aware,q20x5,0,3,q20,"q20,q20,q20,q20,q20",3983.996,13547.146,3293.719970703125,3293.719970703125,19243.922000000006,11.747895711,690.2760292968751,2.400151608,23,0,0,0,0,0,0,0,0,0,0,0,0.0,182.91899999999995,0.0,0.0,0.0,596.1370000000001,412.39899999999994,0.0,0.007,0.2880000000000001,0.2950000000000001,596.1370000000001,/home/dy1013/sirius_multi-gpu/experiment/motivation_runs/figure1_all_queries_5x_paging_20260707/paging_filter_aware/workloads/q20x5_iter0
paging_filter_aware,q20x5,0,4,q20,"q20,q20,q20,q20,q20",3853.411,17400.557,3290.158935546875,3290.158935546875,16593.183999999997,11.747895711,563.2520644531251,2.400151608,23,0,0,0,0,0,0,0,0,0,0,0,0.0,90.48299999999998,0.0,0.0,0.0,386.93600000000004,295.872,0.0,0.012,2.4909999999999997,2.5029999999999997,386.93600000000004,/home/dy1013/sirius_multi-gpu/experiment/motivation_runs/figure1_all_queries_5x_paging_20260707/paging_filter_aware/workloads/q20x5_iter0
paging_filter_aware,q20x5,0,5,q20,"q20,q20,q20,q20,q20",3967.966,21368.523,3303.490234375,3303.490234375,18695.315,11.747895711,664.4757656249999,2.400151608,23,0,0,0,0,0,0,0,0,0,0,0,0.0,72.779,0.0,0.0,0.0,373.55100000000004,300.175,0.0,0.008,2.1879999999999993,2.1959999999999993,373.55100000000004,/home/dy1013/sirius_multi-gpu/experiment/motivation_runs/figure1_all_queries_5x_paging_20260707/paging_filter_aware/workloads/q20x5_iter0
paging_filter_aware,q21x5,0,1,q21,"q21,q21,q21,q21,q21",10485.789,10485.789,7597.664794921875,7597.664794921875,41007.83,33.840390873,2888.1242050781257,0.0,0,0,0,0,0,0,0,0,0,0,0,0,0.0,0.0,0.0,0.0,0.0,0.0,0.0,0.0,0.02,0.0,0.02,0.0,/home/dy1013/sirius_multi-gpu/experiment/motivation_runs/figure1_all_queries_5x_paging_20260707/paging_filter_aware/workloads/q21x5_iter0
paging_filter_aware,q21x5,0,2,q21,"q21,q21,q21,q21,q21",9723.046999999999,20208.836,7289.337890625,7289.337890625,41160.039000000004,33.840390873,2433.7091093749987,0.0,0,0,0,0,0,0,0,0,0,0,0,0,0.0,0.0,0.0,0.0,0.0,0.0,0.0,0.0,0.06,0.0,0.06,0.0,/home/dy1013/sirius_multi-gpu/experiment/motivation_runs/figure1_all_queries_5x_paging_20260707/paging_filter_aware/workloads/q21x5_iter0
paging_filter_aware,q21x5,0,3,q21,"q21,q21,q21,q21,q21",9770.318,29979.154,7354.808837890625,7354.808837890625,41439.530999999995,33.840390873,2415.5091621093743,0.0,0,0,0,0,0,0,0,0,0,0,0,0,0.0,0.0,0.0,0.0,0.0,0.0,0.0,0.0,0.02,0.0,0.02,0.0,/home/dy1013/sirius_multi-gpu/experiment/motivation_runs/figure1_all_queries_5x_paging_20260707/paging_filter_aware/workloads/q21x5_iter0
paging_filter_aware,q21x5,0,4,q21,"q21,q21,q21,q21,q21",9635.928,39615.081999999995,7229.166015625,7229.166015625,40795.84600000002,33.840390873,2406.761984375,0.0,0,0,0,0,0,0,0,0,0,0,0,0,0.0,0.0,0.0,0.0,0.0,0.0,0.0,0.0,0.068,0.0,0.068,0.0,/home/dy1013/sirius_multi-gpu/experiment/motivation_runs/figure1_all_queries_5x_paging_20260707/paging_filter_aware/workloads/q21x5_iter0
paging_filter_aware,q21x5,0,5,q21,"q21,q21,q21,q21,q21",9536.732,49151.814,7081.5322265625,7081.5322265625,39178.66199999999,33.840390873,2455.1997734375,0.0,0,0,0,0,0,0,0,0,0,0,0,0,0.0,0.0,0.0,0.0,0.0,0.0,0.0,0.0,0.052000000000000005,0.0,0.052000000000000005,0.0,/home/dy1013/sirius_multi-gpu/experiment/motivation_runs/figure1_all_queries_5x_paging_20260707/paging_filter_aware/workloads/q21x5_iter0
paging_filter_aware,q22x5,0,1,q22,"q22,q22,q22,q22,q22",1654.768,1654.768,797.430908203125,797.430908203125,1556.406,1.725049348,857.337091796875,0.12,1,0,1,0,0,0,0,0,0,0,0,0,0.001,0.0,0.011,0.0,0.0,0.0,0.0,337.73900000000003,0.0,0.003,0.003,0.011,/home/dy1013/sirius_multi-gpu/experiment/motivation_runs/figure1_all_queries_5x_paging_20260707/paging_filter_aware/workloads/q22x5_iter0
paging_filter_aware,q22x5,0,2,q22,"q22,q22,q22,q22,q22",938.5799999999999,2593.348,617.214111328125,617.214111328125,1260.072,1.605045566,321.3658886718749,0.24,2,0,2,0,0,0,0,0,0,0,0,0,0.002,0.0,0.023,0.0,0.0,0.0,0.0,38.233999999999995,0.0,0.003,0.003,0.023,/home/dy1013/sirius_multi-gpu/experiment/motivation_runs/figure1_all_queries_5x_paging_20260707/paging_filter_aware/workloads/q22x5_iter0
paging_filter_aware,q22x5,0,3,q22,"q22,q22,q22,q22,q22",938.713,3532.0609999999997,616.10107421875,616.10107421875,1275.471,1.605045566,322.61192578124997,0.24,2,0,2,0,0,0,0,0,0,0,0,0,0.002,0.0,0.023,0.0,0.0,0.0,0.0,39.522000000000006,0.0,0.003,0.003,0.023,/home/dy1013/sirius_multi-gpu/experiment/motivation_runs/figure1_all_queries_5x_paging_20260707/paging_filter_aware/workloads/q22x5_iter0
paging_filter_aware,q22x5,0,4,q22,"q22,q22,q22,q22,q22",958.5369999999999,4490.598,602.319091796875,602.319091796875,1271.1059999999998,1.605045566,356.2179082031249,0.24,2,0,2,0,0,0,0,0,0,0,0,0,0.002,0.0,0.023,0.0,0.0,0.0,0.0,39.277,0.0,0.004,0.004,0.023,/home/dy1013/sirius_multi-gpu/experiment/motivation_runs/figure1_all_queries_5x_paging_20260707/paging_filter_aware/workloads/q22x5_iter0
paging_filter_aware,q22x5,0,5,q22,"q22,q22,q22,q22,q22",959.675,5450.273,585.47412109375,585.47412109375,1220.773,1.605045566,374.20087890624995,0.24,2,0,2,0,0,0,0,0,0,0,0,0,0.002,0.0,0.033,0.0,0.0,0.0,0.0,38.134,0.0,0.004,0.004,0.033,/home/dy1013/sirius_multi-gpu/experiment/motivation_runs/figure1_all_queries_5x_paging_20260707/paging_filter_aware/workloads/q22x5_iter0
paging_filter_aware,q2x5,0,1,q2,"q2,q2,q2,q2,q2",1645.4789999999998,1645.4789999999998,953.72119140625,953.72119140625,2960.4870000000005,4.169486744,691.7578085937498,0.0,0,0,0,0,0,0,0,0,0,0,0,0,0.0,0.0,0.0,0.0,0.0,0.0,0.0,5.368,0.006,0.004,0.01,0.0,/home/dy1013/sirius_multi-gpu/experiment/motivation_runs/figure1_all_queries_5x_paging_20260707/paging_filter_aware/workloads/q2x5_iter0
paging_filter_aware,q2x5,0,2,q2,"q2,q2,q2,q2,q2",1485.67,3131.149,1089.916259765625,1089.916259765625,3409.5469999999996,4.169486744,395.7537402343751,0.08,1,0,1,0,0,0,0,0,0,0,0,0,0.001,0.0,0.011,0.0,0.0,0.0,0.0,3.5,0.007,0.003,0.01,0.011,/home/dy1013/sirius_multi-gpu/experiment/motivation_runs/figure1_all_queries_5x_paging_20260707/paging_filter_aware/workloads/q2x5_iter0
paging_filter_aware,q2x5,0,3,q2,"q2,q2,q2,q2,q2",1301.8700000000001,4433.019,921.001220703125,921.001220703125,2717.349,4.169486744,380.8687792968751,0.08,1,0,1,0,0,0,0,0,0,0,0,0,0.001,0.0,0.028,0.0,0.0,0.0,0.0,3.417,0.007,0.003,0.01,0.028,/home/dy1013/sirius_multi-gpu/experiment/motivation_runs/figure1_all_queries_5x_paging_20260707/paging_filter_aware/workloads/q2x5_iter0
paging_filter_aware,q2x5,0,4,q2,"q2,q2,q2,q2,q2",1332.8819999999998,5765.901,922.89208984375,922.89208984375,2918.7380000000003,4.169486744,409.98991015624983,0.08,1,0,1,0,0,0,0,0,0,0,0,0,0.001,0.0,0.01,0.0,0.0,0.0,0.0,3.467,0.006,0.004,0.01,0.01,/home/dy1013/sirius_multi-gpu/experiment/motivation_runs/figure1_all_queries_5x_paging_20260707/paging_filter_aware/workloads/q2x5_iter0
paging_filter_aware,q2x5,0,5,q2,"q2,q2,q2,q2,q2",1351.291,7117.192,953.383056640625,953.383056640625,2940.278,4.169486744,397.90794335937494,0.08,1,0,1,0,0,0,0,0,0,0,0,0,0.001,0.0,0.01,0.0,0.0,0.0,0.0,3.593,0.007,0.004,0.011,0.01,/home/dy1013/sirius_multi-gpu/experiment/motivation_runs/figure1_all_queries_5x_paging_20260707/paging_filter_aware/workloads/q2x5_iter0
paging_filter_aware,q3x5,0,1,q3,"q3,q3,q3,q3,q3",5487.878000000001,5487.878000000001,3225.3291015625,3225.3291015625,10616.696,12.661797699,2262.5488984375006,0.0,0,0,0,0,0,0,0,0,0,0,0,0,0.0,0.0,0.0,0.0,0.0,0.0,0.0,0.0,0.19600000000000004,0.0,0.19600000000000004,0.0,/home/dy1013/sirius_multi-gpu/experiment/motivation_runs/figure1_all_queries_5x_paging_20260707/paging_filter_aware/workloads/q3x5_iter0
paging_filter_aware,q3x5,0,2,q3,"q3,q3,q3,q3,q3",3484.154,8972.032000000001,2665.593994140625,2665.593994140625,10133.788999999999,12.424343164,818.560005859375,3.000151608,25,0,0,0,0,0,0,0,0,0,0,0,0.0,101.12999999999998,0.0,0.0,0.0,424.04499999999996,322.13900000000007,0.0,0.006,0.19000000000000003,0.19600000000000004,424.04499999999996,/home/dy1013/sirius_multi-gpu/experiment/motivation_runs/figure1_all_queries_5x_paging_20260707/paging_filter_aware/workloads/q3x5_iter0
paging_filter_aware,q3x5,0,3,q3,"q3,q3,q3,q3,q3",3428.1009999999997,12400.133000000002,2622.669921875,2622.669921875,11713.400999999998,12.424343164,805.4310781249997,3.000151608,25,0,0,0,0,0,0,0,0,0,0,0,0.0,148.512,0.0,0.0,0.0,608.0840000000001,458.79400000000004,0.0,0.006,1.126,1.132,608.0840000000001,/home/dy1013/sirius_multi-gpu/experiment/motivation_runs/figure1_all_queries_5x_paging_20260707/paging_filter_aware/workloads/q3x5_iter0
paging_filter_aware,q3x5,0,4,q3,"q3,q3,q3,q3,q3",3373.263,15773.396,2566.890869140625,2566.890869140625,9897.911,12.424343164,806.3721308593749,3.000151608,25,0,0,0,0,0,0,0,0,0,0,0,0.0,141.373,0.0,0.0,0.0,598.4399999999999,450.356,0.0,0.005,2.8819999999999997,2.8869999999999996,598.4399999999999,/home/dy1013/sirius_multi-gpu/experiment/motivation_runs/figure1_all_queries_5x_paging_20260707/paging_filter_aware/workloads/q3x5_iter0
paging_filter_aware,q3x5,0,5,q3,"q3,q3,q3,q3,q3",3357.913,19131.309,2563.677001953125,2563.677001953125,10115.109000000002,12.424343164,794.235998046875,3.000151608,25,0,0,0,0,0,0,0,0,0,0,0,0.0,145.789,0.0,0.0,0.0,587.805,441.182,0.0,0.006,4.666,4.672000000000001,587.805,/home/dy1013/sirius_multi-gpu/experiment/motivation_runs/figure1_all_queries_5x_paging_20260707/paging_filter_aware/workloads/q3x5_iter0
paging_filter_aware,q4x5,0,1,q4,"q4,q4,q4,q4,q4",3305.804,3305.804,2253.35986328125,2253.35986328125,9345.548,7.960988747,1052.44413671875,0.0,0,0,0,0,0,0,0,0,0,0,0,0,0.0,0.0,0.0,0.0,0.0,0.0,0.0,0.0,0.016,0.0,0.016,0.0,/home/dy1013/sirius_multi-gpu/experiment/motivation_runs/figure1_all_queries_5x_paging_20260707/paging_filter_aware/workloads/q4x5_iter0
paging_filter_aware,q4x5,0,2,q4,"q4,q4,q4,q4,q4",2276.5409999999997,5582.344999999999,1590.4541015625,1590.4541015625,6549.683999999999,7.960988747,686.0868984374997,0.6,4,0,0,0,0,0,0,0,0,0,0,0,0.0,6.031,0.0,0.0,0.0,51.74,45.577,0.0,0.0,0.01,0.01,51.74,/home/dy1013/sirius_multi-gpu/experiment/motivation_runs/figure1_all_queries_5x_paging_20260707/paging_filter_aware/workloads/q4x5_iter0
paging_filter_aware,q4x5,0,3,q4,"q4,q4,q4,q4,q4",2411.437,7993.781999999999,1767.171142578125,1767.171142578125,7210.576000000001,7.960988747,644.2658574218749,0.6,4,0,0,0,0,0,0,0,0,0,0,0,0.0,6.871,0.0,0.0,0.0,44.532,37.526,0.0,0.0,0.013000000000000001,0.013000000000000001,44.532,/home/dy1013/sirius_multi-gpu/experiment/motivation_runs/figure1_all_queries_5x_paging_20260707/paging_filter_aware/workloads/q4x5_iter0
paging_filter_aware,q4x5,0,4,q4,"q4,q4,q4,q4,q4",2228.839,10222.621,1581.218017578125,1581.218017578125,6933.071,7.960988747,647.6209824218749,0.6,4,0,0,0,0,0,0,0,0,0,0,0,0.0,4.292999999999999,0.0,0.0,0.0,49.120000000000005,44.751000000000005,0.0,0.0,2.2809999999999997,2.2809999999999997,49.120000000000005,/home/dy1013/sirius_multi-gpu/experiment/motivation_runs/figure1_all_queries_5x_paging_20260707/paging_filter_aware/workloads/q4x5_iter0
paging_filter_aware,q4x5,0,5,q4,"q4,q4,q4,q4,q4",2217.3219999999997,12439.943,1599.2578125,1599.2578125,6722.258000000001,7.960988747,618.0641874999997,0.6,4,0,0,0,0,0,0,0,0,0,0,0,0.0,4.6899999999999995,0.0,0.0,0.0,40.197,35.419,0.0,0.0,0.009000000000000001,0.009000000000000001,40.197,/home/dy1013/sirius_multi-gpu/experiment/motivation_runs/figure1_all_queries_5x_paging_20260707/paging_filter_aware/workloads/q4x5_iter0
paging_filter_aware,q5x5,0,1,q5,"q5,q5,q5,q5,q5",7400.375999999999,7400.375999999999,4814.88623046875,4814.88623046875,20004.657,17.242824098,2585.4897695312493,0.0,0,0,0,0,0,0,0,0,0,0,0,0,0.0,0.0,0.0,0.0,0.0,0.0,0.0,0.0,4.341,0.0,4.341,0.0,/home/dy1013/sirius_multi-gpu/experiment/motivation_runs/figure1_all_queries_5x_paging_20260707/paging_filter_aware/workloads/q5x5_iter0
paging_filter_aware,q5x5,0,2,q5,"q5,q5,q5,q5,q5",5208.584,12608.96,3680.439208984375,3680.439208984375,17143.052000000003,17.242824098,1528.1447910156248,0.6,5,0,0,0,0,0,0,0,0,0,0,0,0.0,19.231,0.0,0.0,0.0,87.188,67.867,0.0,0.005,0.968,0.973,87.188,/home/dy1013/sirius_multi-gpu/experiment/motivation_runs/figure1_all_queries_5x_paging_20260707/paging_filter_aware/workloads/q5x5_iter0
paging_filter_aware,q5x5,0,3,q5,"q5,q5,q5,q5,q5",5309.679,17918.639,3747.298095703125,3747.298095703125,17174.113000000005,17.242824098,1562.380904296875,0.6,5,0,0,0,0,0,0,0,0,0,0,0,0.0,29.942,0.0,0.0,0.0,98.475,68.42399999999999,0.0,0.006,0.014,0.02,98.475,/home/dy1013/sirius_multi-gpu/experiment/motivation_runs/figure1_all_queries_5x_paging_20260707/paging_filter_aware/workloads/q5x5_iter0
paging_filter_aware,q5x5,0,4,q5,"q5,q5,q5,q5,q5",5327.111999999999,23245.750999999997,3705.01123046875,3705.01123046875,17149.823,17.242824098,1622.1007695312492,0.6,5,0,0,0,0,0,0,0,0,0,0,0,0.0,15.976,0.0,0.0,0.0,68.651,52.541,0.0,0.005,2.1679999999999997,2.1729999999999996,68.651,/home/dy1013/sirius_multi-gpu/experiment/motivation_runs/figure1_all_queries_5x_paging_20260707/paging_filter_aware/workloads/q5x5_iter0
paging_filter_aware,q5x5,0,5,q5,"q5,q5,q5,q5,q5",5295.321999999999,28541.072999999997,3712.806884765625,3712.806884765625,17514.324,17.242824098,1582.5151152343742,0.6,5,0,0,0,0,0,0,0,0,0,0,0,0.0,15.999999999999998,0.0,0.0,0.0,63.362,47.277,0.0,0.004,0.013000000000000001,0.017,63.362,/home/dy1013/sirius_multi-gpu/experiment/motivation_runs/figure1_all_queries_5x_paging_20260707/paging_filter_aware/workloads/q5x5_iter0
paging_filter_aware,q6x5,0,1,q6,"q6,q6,q6,q6,q6",5072.6990000000005,5072.6990000000005,2059.72900390625,2059.72900390625,4018.3419999999996,5.103751393,3012.9699960937505,0.0,0,0,0,0,0,0,0,0,0,0,0,0,0.0,0.0,0.0,0.0,0.0,0.0,0.0,0.0,0.31800000000000006,0.0,0.31800000000000006,0.0,/home/dy1013/sirius_multi-gpu/experiment/motivation_runs/figure1_all_queries_5x_paging_20260707/paging_filter_aware/workloads/q6x5_iter0
paging_filter_aware,q6x5,0,2,q6,"q6,q6,q6,q6,q6",1797.15,6869.849,1255.89501953125,1255.89501953125,6616.941999999999,4.800452791,541.2549804687501,12.00075804,23,0,0,0,0,0,0,0,0,0,0,0,0.0,32.163000000000004,0.0,0.0,0.0,317.43199999999996,284.25500000000005,0.0,0.0,1.5039999999999996,1.5039999999999996,317.43199999999996,/home/dy1013/sirius_multi-gpu/experiment/motivation_runs/figure1_all_queries_5x_paging_20260707/paging_filter_aware/workloads/q6x5_iter0
paging_filter_aware,q6x5,0,3,q6,"q6,q6,q6,q6,q6",1806.065,8675.914,1232.860107421875,1232.860107421875,6802.613000000001,4.800452791,573.204892578125,12.00075804,23,0,0,0,0,0,0,0,0,0,0,0,0.0,19.349999999999998,0.0,0.0,0.0,303.8229999999999,283.393,0.0,0.0,0.46300000000000013,0.46300000000000013,303.8229999999999,/home/dy1013/sirius_multi-gpu/experiment/motivation_runs/figure1_all_queries_5x_paging_20260707/paging_filter_aware/workloads/q6x5_iter0
paging_filter_aware,q6x5,0,4,q6,"q6,q6,q6,q6,q6",1815.307,10491.221000000001,1275.385986328125,1275.385986328125,6992.040000000001,4.800452791,539.921013671875,12.00075804,23,0,0,0,0,0,0,0,0,0,0,0,0.0,17.223,0.0,0.0,0.0,299.932,281.64700000000005,0.0,0.0,2.6470000000000002,2.6470000000000002,299.932,/home/dy1013/sirius_multi-gpu/experiment/motivation_runs/figure1_all_queries_5x_paging_20260707/paging_filter_aware/workloads/q6x5_iter0
paging_filter_aware,q6x5,0,5,q6,"q6,q6,q6,q6,q6",1855.2079999999999,12346.429000000002,1294.862060546875,1294.862060546875,7096.374000000001,4.800452791,560.3459394531249,12.00075804,23,0,0,0,0,0,0,0,0,0,0,0,0.0,35.87499999999999,0.0,0.0,0.0,399.026,352.45500000000004,0.0,0.0,0.6500000000000001,0.6500000000000001,399.026,/home/dy1013/sirius_multi-gpu/experiment/motivation_runs/figure1_all_queries_5x_paging_20260707/paging_filter_aware/workloads/q6x5_iter0
paging_filter_aware,q7x5,0,1,q7,"q7,q7,q7,q7,q7",6646.4400000000005,6646.4400000000005,4169.64208984375,4169.64208984375,22656.678999999996,18.195000188,2476.7979101562505,0.0,0,0,0,0,0,0,0,0,0,0,0,0,0.0,0.0,0.0,0.0,0.0,0.0,0.0,0.0,0.0,0.0,0.0,0.0,/home/dy1013/sirius_multi-gpu/experiment/motivation_runs/figure1_all_queries_5x_paging_20260707/paging_filter_aware/workloads/q7x5_iter0
paging_filter_aware,q7x5,0,2,q7,"q7,q7,q7,q7,q7",5062.013999999999,11708.454,3724.75732421875,3724.75732421875,20569.84,17.242824327,1337.2566757812492,2.400151608,28,0,0,0,0,0,0,0,0,0,0,0,0.0,158.75300000000001,0.0,0.0,0.0,477.19199999999995,317.687,0.0,0.0,0.0,0.0,477.19199999999995,/home/dy1013/sirius_multi-gpu/experiment/motivation_runs/figure1_all_queries_5x_paging_20260707/paging_filter_aware/workloads/q7x5_iter0
paging_filter_aware,q7x5,0,3,q7,"q7,q7,q7,q7,q7",4928.592,16637.046,3765.2998046875,3765.2998046875,18190.07,17.242824327,1163.2921953124996,2.400151608,28,0,0,0,0,0,0,0,0,0,0,0,0.0,179.30700000000002,0.0,0.0,0.0,538.931,340.71800000000013,0.0,0.0,0.0,0.0,538.931,/home/dy1013/sirius_multi-gpu/experiment/motivation_runs/figure1_all_queries_5x_paging_20260707/paging_filter_aware/workloads/q7x5_iter0
paging_filter_aware,q7x5,0,4,q7,"q7,q7,q7,q7,q7",5011.901,21648.947,3767.98681640625,3767.98681640625,19641.61299999999,17.242824327,1243.9141835937498,2.400151608,28,0,0,0,0,0,0,0,0,0,0,0,0.0,155.30700000000002,0.0,0.0,0.0,536.8170000000002,380.864,0.0,0.0,0.0,0.0,536.8170000000002,/home/dy1013/sirius_multi-gpu/experiment/motivation_runs/figure1_all_queries_5x_paging_20260707/paging_filter_aware/workloads/q7x5_iter0
paging_filter_aware,q7x5,0,5,q7,"q7,q7,q7,q7,q7",4984.062,26633.009,3758.327880859375,3758.327880859375,19487.93,17.242824327,1225.734119140625,2.400151608,28,0,0,0,0,0,0,0,0,0,0,0,0.0,188.134,0.0,0.0,0.0,492.02,303.15299999999996,0.0,0.0,0.0,0.0,492.02,/home/dy1013/sirius_multi-gpu/experiment/motivation_runs/figure1_all_queries_5x_paging_20260707/paging_filter_aware/workloads/q7x5_iter0
paging_filter_aware,q8x5,0,1,q8,"q8,q8,q8,q8,q8",9545.885999999999,9545.885999999999,6064.3671875,6064.3671875,24030.159000000003,22.440736602,3481.5188124999986,0.0,0,0,0,0,0,0,0,0,0,0,0,0,0.0,0.0,0.0,0.0,0.0,0.0,0.0,0.0,0.008,0.0,0.008,0.0,/home/dy1013/sirius_multi-gpu/experiment/motivation_runs/figure1_all_queries_5x_paging_20260707/paging_filter_aware/workloads/q8x5_iter0
paging_filter_aware,q8x5,0,2,q8,"q8,q8,q8,q8,q8",7179.561,16725.447,5051.890869140625,5051.890869140625,21475.746000000003,22.203282067,2127.6701308593747,0.6,5,0,0,0,0,0,0,0,0,0,0,0,0.0,12.678,0.0,0.0,0.0,73.28,60.5,0.0,0.011,0.0,0.011,73.28,/home/dy1013/sirius_multi-gpu/experiment/motivation_runs/figure1_all_queries_5x_paging_20260707/paging_filter_aware/workloads/q8x5_iter0
paging_filter_aware,q8x5,0,3,q8,"q8,q8,q8,q8,q8",7114.188999999999,23839.636,4997.22021484375,4997.22021484375,22629.012,22.203282067,2116.9687851562494,0.6,5,0,0,0,0,0,0,0,0,0,0,0,0.0,11.964,0.0,0.0,0.0,75.221,63.123999999999995,0.0,0.016,0.0,0.016,75.221,/home/dy1013/sirius_multi-gpu/experiment/motivation_runs/figure1_all_queries_5x_paging_20260707/paging_filter_aware/workloads/q8x5_iter0
paging_filter_aware,q8x5,0,4,q8,"q8,q8,q8,q8,q8",7314.741,31154.377,5177.08447265625,5177.08447265625,22764.337,22.203282067,2137.65652734375,0.6,5,0,0,0,0,0,0,0,0,0,0,0,0.0,35.914,0.0,0.0,0.0,120.516,84.50200000000001,0.0,0.008,0.0,0.008,120.516,/home/dy1013/sirius_multi-gpu/experiment/motivation_runs/figure1_all_queries_5x_paging_20260707/paging_filter_aware/workloads/q8x5_iter0
paging_filter_aware,q8x5,0,5,q8,"q8,q8,q8,q8,q8",7153.778,38308.155,5055.09228515625,5055.09228515625,21950.607,22.203282067,2098.6857148437502,0.6,5,0,0,0,0,0,0,0,0,0,0,0,0.0,13.34,0.0,0.0,0.0,54.253,40.806,0.0,0.008,0.0,0.008,54.253,/home/dy1013/sirius_multi-gpu/experiment/motivation_runs/figure1_all_queries_5x_paging_20260707/paging_filter_aware/workloads/q8x5_iter0
paging_filter_aware,q9x5,0,1,q9,"q9,q9,q9,q9,q9",14716.078,14716.078,7196.134033203125,7196.134033203125,24713.26299999999,23.486257092,7519.9439667968745,0.0,0,0,0,0,0,0,0,0,0,0,0,0,0.0,0.0,0.0,0.0,0.0,0.0,0.0,13.854,0.0,0.003,0.003,0.0,/home/dy1013/sirius_multi-gpu/experiment/motivation_runs/figure1_all_queries_5x_paging_20260707/paging_filter_aware/workloads/q9x5_iter0
paging_filter_aware,q9x5,0,2,q9,"q9,q9,q9,q9,q9",10790.903999999999,25506.981999999996,5422.44384765625,5422.44384765625,22193.785999999993,23.486257092,5368.460152343749,0.0,0,0,0,0,0,0,0,0,0,0,0,0,0.0,0.0,0.0,0.0,0.0,0.0,0.0,7.837,0.0,0.004,0.004,0.0,/home/dy1013/sirius_multi-gpu/experiment/motivation_runs/figure1_all_queries_5x_paging_20260707/paging_filter_aware/workloads/q9x5_iter0
paging_filter_aware,q9x5,0,3,q9,"q9,q9,q9,q9,q9",10344.545,35851.526999999995,5316.433349609375,5316.433349609375,22185.334000000003,23.486257092,5028.111650390625,0.0,0,0,0,0,0,0,0,0,0,0,0,0,0.0,0.0,0.0,0.0,0.0,0.0,0.0,8.701,0.0,0.013,0.013,0.0,/home/dy1013/sirius_multi-gpu/experiment/motivation_runs/figure1_all_queries_5x_paging_20260707/paging_filter_aware/workloads/q9x5_iter0
paging_filter_aware,q9x5,0,4,q9,"q9,q9,q9,q9,q9",10402.208,46253.73499999999,5341.935302734375,5341.935302734375,22370.337000000003,23.486257092,5060.2726972656255,0.0,0,0,0,0,0,0,0,0,0,0,0,0,0.0,0.0,0.0,0.0,0.0,0.0,0.0,7.816,0.0,0.003,0.003,0.0,/home/dy1013/sirius_multi-gpu/experiment/motivation_runs/figure1_all_queries_5x_paging_20260707/paging_filter_aware/workloads/q9x5_iter0
paging_filter_aware,q9x5,0,5,q9,"q9,q9,q9,q9,q9",10091.778,56345.51299999999,5386.404052734375,5386.404052734375,22374.859000000004,23.486257092,4705.373947265625,0.0,0,0,0,0,0,0,0,0,0,0,0,0,0.0,0.0,0.0,0.0,0.0,0.0,0.0,7.846,0.0,0.003,0.003,0.0,/home/dy1013/sirius_multi-gpu/experiment/motivation_runs/figure1_all_queries_5x_paging_20260707/paging_filter_aware/workloads/q9x5_iter0
