condition,query,execution,operator_kind,duration_ms
paging,q1,1,GPU_SCAN,4758.975987999999
paging,q1,1,GPU_SCAN,4752.600842
paging,q1,1,GPU_SCAN,4517.681928000001
paging,q1,1,HASH_GROUP_BY,1336.376383
paging,q1,1,HASH_GROUP_BY,1306.9975800000002
paging,q1,1,HASH_GROUP_BY,1239.91671
paging,q1,1,MERGE_GROUP_BY,1.357867
paging,q1,1,MERGE_GROUP_BY,1.213555
paging,q1,1,MERGE_GROUP_BY,2.226492
paging,q1,1,MERGE_SORT,2.276801
paging,q1,1,MERGE_SORT,1.865804
paging,q1,1,MERGE_SORT,0.870062
paging,q1,1,ORDER_BY,1.196724
paging,q1,1,ORDER_BY,0.658071
paging,q1,1,ORDER_BY,0.981934
paging,q1,1,PARTITION,0.6164140000000001
paging,q1,1,PARTITION,0.8880339999999999
paging,q1,1,PARTITION,0.7072290000000002
paging,q1,1,PROJECTION,196.439294
paging,q1,1,PROJECTION,163.49266300000002
paging,q1,1,PROJECTION,146.261494
paging,q1,1,RESULT_COLLECTOR,0.159591
paging,q1,1,RESULT_COLLECTOR,0.562829
paging,q1,1,RESULT_COLLECTOR,0.147383
paging,q1,1,SORT_PARTITION,1.536905
paging,q1,1,SORT_PARTITION,1.743687
paging,q1,1,SORT_PARTITION,1.098918
paging,q1,1,SORT_SAMPLE,0.433065
paging,q1,1,SORT_SAMPLE,0.609332
paging,q1,1,SORT_SAMPLE,0.41405
paging,q1,2,GPU_SCAN,4549.238964
paging,q1,2,GPU_SCAN,4359.4011169999985
paging,q1,2,GPU_SCAN,4367.0332530000005
paging,q1,2,HASH_GROUP_BY,1282.6097359999999
paging,q1,2,HASH_GROUP_BY,1182.885973
paging,q1,2,HASH_GROUP_BY,1261.9751919999997
paging,q1,2,MERGE_GROUP_BY,2.498926
paging,q1,2,MERGE_GROUP_BY,1.34119
paging,q1,2,MERGE_GROUP_BY,1.30781
paging,q1,2,MERGE_SORT,1.935809
paging,q1,2,MERGE_SORT,1.777697
paging,q1,2,MERGE_SORT,1.386868
paging,q1,2,ORDER_BY,0.462604
paging,q1,2,ORDER_BY,0.548223
paging,q1,2,ORDER_BY,0.629411
paging,q1,2,PARTITION,1.1764949999999998
paging,q1,2,PARTITION,1.0127080000000002
paging,q1,2,PARTITION,1.336175
paging,q1,2,PROJECTION,197.54230299999995
paging,q1,2,PROJECTION,200.232253
paging,q1,2,PROJECTION,197.72925600000002
paging,q1,2,RESULT_COLLECTOR,0.153204
paging,q1,2,RESULT_COLLECTOR,0.149585
paging,q1,2,RESULT_COLLECTOR,0.160673
paging,q1,2,SORT_PARTITION,1.004216
paging,q1,2,SORT_PARTITION,0.552925
paging,q1,2,SORT_PARTITION,0.606719
paging,q1,2,SORT_SAMPLE,0.410597
paging,q1,2,SORT_SAMPLE,0.175052
paging,q1,2,SORT_SAMPLE,0.25204
paging,q1,3,GPU_SCAN,4618.867636
paging,q1,3,GPU_SCAN,4683.786085000001
paging,q1,3,GPU_SCAN,4645.180489
paging,q1,3,HASH_GROUP_BY,1432.4642729999998
paging,q1,3,HASH_GROUP_BY,1389.20364
paging,q1,3,HASH_GROUP_BY,1270.0873920000001
paging,q1,3,MERGE_GROUP_BY,1.199552
paging,q1,3,MERGE_GROUP_BY,2.128901
paging,q1,3,MERGE_GROUP_BY,1.260819
paging,q1,3,MERGE_SORT,1.77689
paging,q1,3,MERGE_SORT,1.045785
paging,q1,3,MERGE_SORT,1.514176
paging,q1,3,ORDER_BY,0.804823
paging,q1,3,ORDER_BY,0.488674
paging,q1,3,ORDER_BY,0.653816
paging,q1,3,PARTITION,0.7166920000000001
paging,q1,3,PARTITION,0.9227169999999999
paging,q1,3,PARTITION,1.519528
paging,q1,3,PROJECTION,182.91940699999998
paging,q1,3,PROJECTION,189.11302300000003
paging,q1,3,PROJECTION,261.525603
paging,q1,3,RESULT_COLLECTOR,0.270695
paging,q1,3,RESULT_COLLECTOR,0.182157
paging,q1,3,RESULT_COLLECTOR,0.157501
paging,q1,3,SORT_PARTITION,1.238467
paging,q1,3,SORT_PARTITION,1.128289
paging,q1,3,SORT_PARTITION,1.407777
paging,q1,3,SORT_SAMPLE,0.483018
paging,q1,3,SORT_SAMPLE,0.437547
paging,q1,3,SORT_SAMPLE,0.498816
paging,q1,4,GPU_SCAN,4791.151081
paging,q1,4,GPU_SCAN,4876.595719999999
paging,q1,4,GPU_SCAN,4748.5036599999985
paging,q1,4,HASH_GROUP_BY,1397.796102
paging,q1,4,HASH_GROUP_BY,1359.9541150000002
paging,q1,4,HASH_GROUP_BY,1387.3255490000001
paging,q1,4,MERGE_GROUP_BY,1.255598
paging,q1,4,MERGE_GROUP_BY,3.379833
paging,q1,4,MERGE_GROUP_BY,1.920038
paging,q1,4,MERGE_SORT,2.992234
paging,q1,4,MERGE_SORT,2.304401
paging,q1,4,MERGE_SORT,2.982266
paging,q1,4,ORDER_BY,0.672833
paging,q1,4,ORDER_BY,0.54131
paging,q1,4,ORDER_BY,0.477411
paging,q1,4,PARTITION,1.2586499999999996
paging,q1,4,PARTITION,0.6105109999999998
paging,q1,4,PARTITION,0.6049869999999999
paging,q1,4,PROJECTION,196.228484
paging,q1,4,PROJECTION,248.78848100000005
paging,q1,4,PROJECTION,216.65645300000003
paging,q1,4,RESULT_COLLECTOR,0.194841
paging,q1,4,RESULT_COLLECTOR,0.161366
paging,q1,4,RESULT_COLLECTOR,0.148702
paging,q1,4,SORT_PARTITION,0.524887
paging,q1,4,SORT_PARTITION,0.561079
paging,q1,4,SORT_PARTITION,0.620403
paging,q1,4,SORT_SAMPLE,0.184017
paging,q1,4,SORT_SAMPLE,0.165811
paging,q1,4,SORT_SAMPLE,0.156424
paging,q1,5,GPU_SCAN,4850.316315000001
paging,q1,5,GPU_SCAN,4873.848512
paging,q1,5,GPU_SCAN,4745.825789
paging,q1,5,HASH_GROUP_BY,1409.5366869999998
paging,q1,5,HASH_GROUP_BY,1419.0853160000001
paging,q1,5,HASH_GROUP_BY,1289.7685859999997
paging,q1,5,MERGE_GROUP_BY,1.133151
paging,q1,5,MERGE_GROUP_BY,1.974968
paging,q1,5,MERGE_GROUP_BY,1.296725
paging,q1,5,MERGE_SORT,2.110053
paging,q1,5,MERGE_SORT,1.196643
paging,q1,5,MERGE_SORT,1.785598
paging,q1,5,ORDER_BY,0.466525
paging,q1,5,ORDER_BY,0.462068
paging,q1,5,ORDER_BY,0.736815
paging,q1,5,PARTITION,0.693008
paging,q1,5,PARTITION,1.1818300000000002
paging,q1,5,PARTITION,0.871136
paging,q1,5,PROJECTION,206.932146
paging,q1,5,PROJECTION,194.0040470000001
paging,q1,5,PROJECTION,190.854702
paging,q1,5,RESULT_COLLECTOR,0.276164
paging,q1,5,RESULT_COLLECTOR,0.150869
paging,q1,5,RESULT_COLLECTOR,0.191989
paging,q1,5,SORT_PARTITION,1.108488
paging,q1,5,SORT_PARTITION,1.09255
paging,q1,5,SORT_PARTITION,1.084717
paging,q1,5,SORT_SAMPLE,0.411618
paging,q1,5,SORT_SAMPLE,0.591396
paging,q1,5,SORT_SAMPLE,0.458045
paging,q2,1,CONCAT,3.364612
paging,q2,1,CONCAT,3.6317779999999997
paging,q2,1,CONCAT,3.4462669999999997
paging,q2,1,DYNAMIC_FILTER,8.521238
paging,q2,1,DYNAMIC_FILTER,8.774375000000001
paging,q2,1,DYNAMIC_FILTER,13.055719
paging,q2,1,FILTER,0.57741
paging,q2,1,FILTER,0.655816
paging,q2,1,FILTER,0.661614
paging,q2,1,GPU_SCAN,695.4078430000001
paging,q2,1,GPU_SCAN,693.4912899999999
paging,q2,1,GPU_SCAN,690.98751
paging,q2,1,HASH_GROUP_BY,0.377985
paging,q2,1,HASH_GROUP_BY,0.326655
paging,q2,1,HASH_GROUP_BY,0.47614
paging,q2,1,HASH_JOIN,6.322493
paging,q2,1,HASH_JOIN,8.404812000000002
paging,q2,1,HASH_JOIN,7.855359999999999
paging,q2,1,LEFT_DELIM_JOIN,0.238437
paging,q2,1,LEFT_DELIM_JOIN,0.149586
paging,q2,1,LEFT_DELIM_JOIN,0.141489
paging,q2,1,MERGE_GROUP_BY,0.013184
paging,q2,1,MERGE_GROUP_BY,0.014949
paging,q2,1,MERGE_GROUP_BY,0.019536
paging,q2,1,MERGE_SORT,0.850608
paging,q2,1,MERGE_SORT,3.170494
paging,q2,1,MERGE_SORT,2.235
paging,q2,1,ORDER_BY,1.275708
paging,q2,1,ORDER_BY,1.383497
paging,q2,1,ORDER_BY,1.351163
paging,q2,1,PARTITION,0.217325
paging,q2,1,PARTITION,0.31827800000000006
paging,q2,1,PARTITION,0.26136499999999996
paging,q2,1,PROJECTION,0.04080400000000001
paging,q2,1,PROJECTION,0.051654
paging,q2,1,PROJECTION,0.045662999999999995
paging,q2,1,RESULT_COLLECTOR,4.090625
paging,q2,1,RESULT_COLLECTOR,5.763666
paging,q2,1,RESULT_COLLECTOR,2.55945
paging,q2,1,SORT_PARTITION,1.21119
paging,q2,1,SORT_PARTITION,1.714662
paging,q2,1,SORT_PARTITION,1.850628
paging,q2,1,SORT_SAMPLE,0.175123
paging,q2,1,SORT_SAMPLE,0.194526
paging,q2,1,SORT_SAMPLE,0.184328
paging,q2,2,CONCAT,3.6327990000000003
paging,q2,2,CONCAT,3.7405389999999996
paging,q2,2,CONCAT,4.391283
paging,q2,2,DYNAMIC_FILTER,8.726840000000001
paging,q2,2,DYNAMIC_FILTER,5.9508600000000005
paging,q2,2,DYNAMIC_FILTER,12.638815999999998
paging,q2,2,FILTER,0.550474
paging,q2,2,FILTER,0.674306
paging,q2,2,FILTER,0.706414
paging,q2,2,GPU_SCAN,673.2903449999999
paging,q2,2,GPU_SCAN,686.900836
paging,q2,2,GPU_SCAN,687.813412
paging,q2,2,HASH_GROUP_BY,0.371526
paging,q2,2,HASH_GROUP_BY,0.359323
paging,q2,2,HASH_GROUP_BY,0.421874
paging,q2,2,HASH_JOIN,8.010277
paging,q2,2,HASH_JOIN,11.261298000000002
paging,q2,2,HASH_JOIN,9.819321
paging,q2,2,LEFT_DELIM_JOIN,0.231525
paging,q2,2,LEFT_DELIM_JOIN,0.235467
paging,q2,2,LEFT_DELIM_JOIN,0.343866
paging,q2,2,MERGE_GROUP_BY,0.01136
paging,q2,2,MERGE_GROUP_BY,0.042051000000000005
paging,q2,2,MERGE_GROUP_BY,0.020961
paging,q2,2,MERGE_SORT,1.569864
paging,q2,2,MERGE_SORT,2.365283
paging,q2,2,MERGE_SORT,1.7971
paging,q2,2,ORDER_BY,1.247404
paging,q2,2,ORDER_BY,1.414885
paging,q2,2,ORDER_BY,1.379147
paging,q2,2,PARTITION,0.3419059999999999
paging,q2,2,PARTITION,0.363151
paging,q2,2,PARTITION,0.5794060000000001
paging,q2,2,PROJECTION,0.038669
paging,q2,2,PROJECTION,0.11396600000000001
paging,q2,2,PROJECTION,0.09093
paging,q2,2,RESULT_COLLECTOR,2.28407
paging,q2,2,RESULT_COLLECTOR,2.638753
paging,q2,2,RESULT_COLLECTOR,5.699623
paging,q2,2,SORT_PARTITION,1.470447
paging,q2,2,SORT_PARTITION,1.946277
paging,q2,2,SORT_PARTITION,2.09791
paging,q2,2,SORT_SAMPLE,0.151188
paging,q2,2,SORT_SAMPLE,0.263037
paging,q2,2,SORT_SAMPLE,0.298144
paging,q2,3,CONCAT,3.8413269999999997
paging,q2,3,CONCAT,3.9746520000000007
paging,q2,3,CONCAT,4.2689449999999995
paging,q2,3,DYNAMIC_FILTER,10.853363
paging,q2,3,DYNAMIC_FILTER,6.2886940000000005
paging,q2,3,DYNAMIC_FILTER,8.915569000000001
paging,q2,3,FILTER,0.807099
paging,q2,3,FILTER,0.730599
paging,q2,3,FILTER,0.5864
paging,q2,3,GPU_SCAN,677.515507
paging,q2,3,GPU_SCAN,689.630945
paging,q2,3,GPU_SCAN,683.6681570000001
paging,q2,3,HASH_GROUP_BY,0.349098
paging,q2,3,HASH_GROUP_BY,0.391159
paging,q2,3,HASH_GROUP_BY,0.391925
paging,q2,3,HASH_JOIN,11.219294
paging,q2,3,HASH_JOIN,10.92481
paging,q2,3,HASH_JOIN,8.791052
paging,q2,3,LEFT_DELIM_JOIN,0.197316
paging,q2,3,LEFT_DELIM_JOIN,0.199454
paging,q2,3,LEFT_DELIM_JOIN,0.311504
paging,q2,3,MERGE_GROUP_BY,0.018569000000000002
paging,q2,3,MERGE_GROUP_BY,0.021838
paging,q2,3,MERGE_GROUP_BY,0.020434
paging,q2,3,MERGE_SORT,0.995687
paging,q2,3,MERGE_SORT,1.275681
paging,q2,3,MERGE_SORT,0.988868
paging,q2,3,ORDER_BY,1.388735
paging,q2,3,ORDER_BY,1.45369
paging,q2,3,ORDER_BY,1.255108
paging,q2,3,PARTITION,0.557398
paging,q2,3,PARTITION,0.5309079999999999
paging,q2,3,PARTITION,0.43485499999999994
paging,q2,3,PROJECTION,0.063336
paging,q2,3,PROJECTION,0.11030700000000002
paging,q2,3,PROJECTION,0.050939
paging,q2,3,RESULT_COLLECTOR,2.618544
paging,q2,3,RESULT_COLLECTOR,4.33309
paging,q2,3,RESULT_COLLECTOR,2.319804
paging,q2,3,SORT_PARTITION,1.810715
paging,q2,3,SORT_PARTITION,1.541816
paging,q2,3,SORT_PARTITION,1.275107
paging,q2,3,SORT_SAMPLE,0.32839
paging,q2,3,SORT_SAMPLE,0.202502
paging,q2,3,SORT_SAMPLE,0.156053
paging,q2,4,CONCAT,3.8639840000000003
paging,q2,4,CONCAT,3.5987620000000002
paging,q2,4,CONCAT,3.446974
paging,q2,4,DYNAMIC_FILTER,8.490741
paging,q2,4,DYNAMIC_FILTER,9.446107
paging,q2,4,DYNAMIC_FILTER,8.610946
paging,q2,4,FILTER,0.86832
paging,q2,4,FILTER,0.596769
paging,q2,4,FILTER,0.716115
paging,q2,4,GPU_SCAN,673.22643
paging,q2,4,GPU_SCAN,679.623986
paging,q2,4,GPU_SCAN,674.089999
paging,q2,4,HASH_GROUP_BY,0.342012
paging,q2,4,HASH_GROUP_BY,0.299619
paging,q2,4,HASH_GROUP_BY,0.306996
paging,q2,4,HASH_JOIN,9.539915999999998
paging,q2,4,HASH_JOIN,8.682789
paging,q2,4,HASH_JOIN,8.319228
paging,q2,4,LEFT_DELIM_JOIN,0.159878
paging,q2,4,LEFT_DELIM_JOIN,0.153726
paging,q2,4,LEFT_DELIM_JOIN,0.232361
paging,q2,4,MERGE_GROUP_BY,0.014721000000000001
paging,q2,4,MERGE_GROUP_BY,0.018732
paging,q2,4,MERGE_GROUP_BY,0.019514999999999998
paging,q2,4,MERGE_SORT,1.075374
paging,q2,4,MERGE_SORT,0.841277
paging,q2,4,MERGE_SORT,0.813618
paging,q2,4,ORDER_BY,1.499604
paging,q2,4,ORDER_BY,1.318648
paging,q2,4,ORDER_BY,1.303253
paging,q2,4,PARTITION,0.31463899999999995
paging,q2,4,PARTITION,0.445833
paging,q2,4,PARTITION,0.38857200000000014
paging,q2,4,PROJECTION,0.05999
paging,q2,4,PROJECTION,0.077021
paging,q2,4,PROJECTION,0.041584
paging,q2,4,RESULT_COLLECTOR,2.198615
paging,q2,4,RESULT_COLLECTOR,3.162586
paging,q2,4,RESULT_COLLECTOR,2.127566
paging,q2,4,SORT_PARTITION,1.27172
paging,q2,4,SORT_PARTITION,1.190445
paging,q2,4,SORT_PARTITION,1.24364
paging,q2,4,SORT_SAMPLE,0.196726
paging,q2,4,SORT_SAMPLE,0.184666
paging,q2,4,SORT_SAMPLE,0.21531
paging,q2,5,CONCAT,3.9419410000000004
paging,q2,5,CONCAT,3.6819859999999998
paging,q2,5,CONCAT,4.581581
paging,q2,5,DYNAMIC_FILTER,12.17802
paging,q2,5,DYNAMIC_FILTER,10.443942
paging,q2,5,DYNAMIC_FILTER,11.958806
paging,q2,5,FILTER,0.65483
paging,q2,5,FILTER,0.707658
paging,q2,5,FILTER,0.716982
paging,q2,5,GPU_SCAN,686.099714
paging,q2,5,GPU_SCAN,693.433609
paging,q2,5,GPU_SCAN,695.493782
paging,q2,5,HASH_GROUP_BY,0.343282
paging,q2,5,HASH_GROUP_BY,0.342114
paging,q2,5,HASH_GROUP_BY,0.418786
paging,q2,5,HASH_JOIN,9.372329999999998
paging,q2,5,HASH_JOIN,7.941126000000001
paging,q2,5,HASH_JOIN,11.215582
paging,q2,5,LEFT_DELIM_JOIN,0.151663
paging,q2,5,LEFT_DELIM_JOIN,0.175484
paging,q2,5,LEFT_DELIM_JOIN,0.300948
paging,q2,5,MERGE_GROUP_BY,0.015728
paging,q2,5,MERGE_GROUP_BY,0.030691000000000003
paging,q2,5,MERGE_GROUP_BY,0.019443000000000002
paging,q2,5,MERGE_SORT,0.9889
paging,q2,5,MERGE_SORT,2.196501
paging,q2,5,MERGE_SORT,1.019065
paging,q2,5,ORDER_BY,1.350165
paging,q2,5,ORDER_BY,1.440627
paging,q2,5,ORDER_BY,1.389173
paging,q2,5,PARTITION,0.523761
paging,q2,5,PARTITION,0.6165870000000002
paging,q2,5,PARTITION,0.619577
paging,q2,5,PROJECTION,0.061484000000000004
paging,q2,5,PROJECTION,0.061461
paging,q2,5,PROJECTION,0.053640999999999994
paging,q2,5,RESULT_COLLECTOR,2.438471
paging,q2,5,RESULT_COLLECTOR,2.675287
paging,q2,5,RESULT_COLLECTOR,2.634747
paging,q2,5,SORT_PARTITION,1.321876
paging,q2,5,SORT_PARTITION,1.48466
paging,q2,5,SORT_PARTITION,1.491507
paging,q2,5,SORT_SAMPLE,0.194884
paging,q2,5,SORT_SAMPLE,0.344485
paging,q2,5,SORT_SAMPLE,0.265346
paging,q3,1,CONCAT,6.219651000000001
paging,q3,1,CONCAT,6.003265000000001
paging,q3,1,CONCAT,6.216506
paging,q3,1,DYNAMIC_FILTER,29.604524999999995
paging,q3,1,DYNAMIC_FILTER,33.123048000000004
paging,q3,1,DYNAMIC_FILTER,29.978246999999996
paging,q3,1,GPU_SCAN,4634.274516
paging,q3,1,GPU_SCAN,4646.809969000001
paging,q3,1,GPU_SCAN,4654.451866999999
paging,q3,1,HASH_GROUP_BY,1.271625
paging,q3,1,HASH_GROUP_BY,1.344522
paging,q3,1,HASH_GROUP_BY,1.343473
paging,q3,1,HASH_JOIN,10.841723
paging,q3,1,HASH_JOIN,10.783778
paging,q3,1,HASH_JOIN,10.655000999999999
paging,q3,1,MERGE_GROUP_BY,0.007116
paging,q3,1,MERGE_GROUP_BY,0.015012
paging,q3,1,MERGE_GROUP_BY,0.06406
paging,q3,1,MERGE_SORT,0.430483
paging,q3,1,MERGE_SORT,0.468906
paging,q3,1,MERGE_SORT,0.857819
paging,q3,1,ORDER_BY,2.526801
paging,q3,1,ORDER_BY,2.567978
paging,q3,1,ORDER_BY,2.721991
paging,q3,1,PARTITION,0.4210520000000001
paging,q3,1,PARTITION,0.360888
paging,q3,1,PARTITION,0.666282
paging,q3,1,PROJECTION,0.245827
paging,q3,1,PROJECTION,0.251729
paging,q3,1,PROJECTION,0.337318
paging,q3,1,RESULT_COLLECTOR,9.42768
paging,q3,1,RESULT_COLLECTOR,9.163008
paging,q3,1,RESULT_COLLECTOR,7.435054
paging,q3,1,SORT_PARTITION,0.229071
paging,q3,1,SORT_PARTITION,0.221845
paging,q3,1,SORT_PARTITION,0.336948
paging,q3,1,SORT_SAMPLE,0.041193
paging,q3,1,SORT_SAMPLE,0.039741
paging,q3,1,SORT_SAMPLE,0.117362
paging,q3,2,CONCAT,6.067865
paging,q3,2,CONCAT,5.702591999999999
paging,q3,2,CONCAT,5.327917
paging,q3,2,DYNAMIC_FILTER,34.56127200000001
paging,q3,2,DYNAMIC_FILTER,19.96159
paging,q3,2,DYNAMIC_FILTER,23.209852999999992
paging,q3,2,GPU_SCAN,4622.871002
paging,q3,2,GPU_SCAN,4567.777664000001
paging,q3,2,GPU_SCAN,4571.58801
paging,q3,2,HASH_GROUP_BY,1.351178
paging,q3,2,HASH_GROUP_BY,1.280438
paging,q3,2,HASH_GROUP_BY,1.291351
paging,q3,2,HASH_JOIN,10.467252
paging,q3,2,HASH_JOIN,10.640795
paging,q3,2,HASH_JOIN,10.354880999999999
paging,q3,2,MERGE_GROUP_BY,0.026432
paging,q3,2,MERGE_GROUP_BY,0.026312
paging,q3,2,MERGE_GROUP_BY,0.041085
paging,q3,2,MERGE_SORT,0.484154
paging,q3,2,MERGE_SORT,0.480571
paging,q3,2,MERGE_SORT,0.466077
paging,q3,2,ORDER_BY,2.520924
paging,q3,2,ORDER_BY,2.46266
paging,q3,2,ORDER_BY,2.50451
paging,q3,2,PARTITION,0.4033059999999999
paging,q3,2,PARTITION,0.379002
paging,q3,2,PARTITION,0.33399400000000007
paging,q3,2,PROJECTION,0.24568399999999999
paging,q3,2,PROJECTION,0.268942
paging,q3,2,PROJECTION,0.278235
paging,q3,2,RESULT_COLLECTOR,11.251531
paging,q3,2,RESULT_COLLECTOR,6.148968
paging,q3,2,RESULT_COLLECTOR,7.592298
paging,q3,2,SORT_PARTITION,0.335661
paging,q3,2,SORT_PARTITION,0.325833
paging,q3,2,SORT_PARTITION,0.320042
paging,q3,2,SORT_SAMPLE,0.10823
paging,q3,2,SORT_SAMPLE,0.119635
paging,q3,2,SORT_SAMPLE,0.062086
paging,q3,3,CONCAT,5.830553999999999
paging,q3,3,CONCAT,5.467529
paging,q3,3,CONCAT,5.582357
paging,q3,3,DYNAMIC_FILTER,32.267177999999994
paging,q3,3,DYNAMIC_FILTER,21.486966000000002
paging,q3,3,DYNAMIC_FILTER,30.311214
paging,q3,3,GPU_SCAN,4892.748308
paging,q3,3,GPU_SCAN,4930.627955000001
paging,q3,3,GPU_SCAN,4694.107183000001
paging,q3,3,HASH_GROUP_BY,1.22499
paging,q3,3,HASH_GROUP_BY,1.330212
paging,q3,3,HASH_GROUP_BY,1.260859
paging,q3,3,HASH_JOIN,10.324682
paging,q3,3,HASH_JOIN,10.432511
paging,q3,3,HASH_JOIN,10.29103
paging,q3,3,MERGE_GROUP_BY,0.012473
paging,q3,3,MERGE_GROUP_BY,0.010435
paging,q3,3,MERGE_GROUP_BY,0.007276
paging,q3,3,MERGE_SORT,0.386187
paging,q3,3,MERGE_SORT,0.417356
paging,q3,3,MERGE_SORT,0.36083
paging,q3,3,ORDER_BY,2.431956
paging,q3,3,ORDER_BY,2.530545
paging,q3,3,ORDER_BY,2.487003
paging,q3,3,PARTITION,0.28259699999999993
paging,q3,3,PARTITION,0.27414499999999997
paging,q3,3,PARTITION,0.39488700000000004
paging,q3,3,PROJECTION,0.270747
paging,q3,3,PROJECTION,0.244664
paging,q3,3,PROJECTION,0.236507
paging,q3,3,RESULT_COLLECTOR,13.57912
paging,q3,3,RESULT_COLLECTOR,5.578261
paging,q3,3,RESULT_COLLECTOR,6.384717
paging,q3,3,SORT_PARTITION,0.253667
paging,q3,3,SORT_PARTITION,0.27116
paging,q3,3,SORT_PARTITION,0.215177
paging,q3,3,SORT_SAMPLE,0.037601
paging,q3,3,SORT_SAMPLE,0.111559
paging,q3,3,SORT_SAMPLE,0.033313
paging,q3,4,CONCAT,5.768603
paging,q3,4,CONCAT,5.666873000000001
paging,q3,4,CONCAT,5.891132000000001
paging,q3,4,DYNAMIC_FILTER,26.412559999999996
paging,q3,4,DYNAMIC_FILTER,24.742445999999997
paging,q3,4,DYNAMIC_FILTER,25.468148000000003
paging,q3,4,GPU_SCAN,4870.59205
paging,q3,4,GPU_SCAN,4782.229708000001
paging,q3,4,GPU_SCAN,4823.220288000001
paging,q3,4,HASH_GROUP_BY,1.274263
paging,q3,4,HASH_GROUP_BY,1.267473
paging,q3,4,HASH_GROUP_BY,1.215886
paging,q3,4,HASH_JOIN,11.172909
paging,q3,4,HASH_JOIN,10.828387
paging,q3,4,HASH_JOIN,10.921185999999999
paging,q3,4,MERGE_GROUP_BY,0.009323
paging,q3,4,MERGE_GROUP_BY,0.023291
paging,q3,4,MERGE_GROUP_BY,0.03073
paging,q3,4,MERGE_SORT,0.326423
paging,q3,4,MERGE_SORT,0.206084
paging,q3,4,MERGE_SORT,0.349005
paging,q3,4,ORDER_BY,2.414116
paging,q3,4,ORDER_BY,2.509841
paging,q3,4,ORDER_BY,2.419781
paging,q3,4,PARTITION,0.3666960000000001
paging,q3,4,PARTITION,0.27353200000000005
paging,q3,4,PARTITION,0.584552
paging,q3,4,PROJECTION,0.251454
paging,q3,4,PROJECTION,0.23749399999999998
paging,q3,4,PROJECTION,0.240149
paging,q3,4,RESULT_COLLECTOR,9.859694
paging,q3,4,RESULT_COLLECTOR,10.666586
paging,q3,4,RESULT_COLLECTOR,6.268048
paging,q3,4,SORT_PARTITION,0.210998
paging,q3,4,SORT_PARTITION,0.216156
paging,q3,4,SORT_PARTITION,0.218748
paging,q3,4,SORT_SAMPLE,0.047489
paging,q3,4,SORT_SAMPLE,0.063735
paging,q3,4,SORT_SAMPLE,0.051422
paging,q3,5,CONCAT,5.792144
paging,q3,5,CONCAT,5.4560260000000005
paging,q3,5,CONCAT,5.971152
paging,q3,5,DYNAMIC_FILTER,22.606765
paging,q3,5,DYNAMIC_FILTER,24.009127
paging,q3,5,DYNAMIC_FILTER,23.543957
paging,q3,5,GPU_SCAN,4620.686395000001
paging,q3,5,GPU_SCAN,4835.781541
paging,q3,5,GPU_SCAN,4838.135722000001
paging,q3,5,HASH_GROUP_BY,1.297885
paging,q3,5,HASH_GROUP_BY,1.272428
paging,q3,5,HASH_GROUP_BY,1.324176
paging,q3,5,HASH_JOIN,10.569482
paging,q3,5,HASH_JOIN,10.942665000000002
paging,q3,5,HASH_JOIN,10.780840000000001
paging,q3,5,MERGE_GROUP_BY,0.007569
paging,q3,5,MERGE_GROUP_BY,0.0077
paging,q3,5,MERGE_GROUP_BY,0.027928
paging,q3,5,MERGE_SORT,0.254985
paging,q3,5,MERGE_SORT,0.22365
paging,q3,5,MERGE_SORT,0.25015
paging,q3,5,ORDER_BY,2.451524
paging,q3,5,ORDER_BY,2.556958
paging,q3,5,ORDER_BY,2.424613
paging,q3,5,PARTITION,0.302408
paging,q3,5,PARTITION,0.41606699999999996
paging,q3,5,PARTITION,0.36817
paging,q3,5,PROJECTION,0.246326
paging,q3,5,PROJECTION,0.242617
paging,q3,5,PROJECTION,0.248555
paging,q3,5,RESULT_COLLECTOR,5.008825
paging,q3,5,RESULT_COLLECTOR,4.351153
paging,q3,5,RESULT_COLLECTOR,13.14213
paging,q3,5,SORT_PARTITION,0.219011
paging,q3,5,SORT_PARTITION,0.211125
paging,q3,5,SORT_PARTITION,0.219418
paging,q3,5,SORT_SAMPLE,0.048951
paging,q3,5,SORT_SAMPLE,0.045926
paging,q3,5,SORT_SAMPLE,0.053301
paging,q4,1,CONCAT,2.142214
paging,q4,1,CONCAT,1.938084
paging,q4,1,CONCAT,2.065461
paging,q4,1,DYNAMIC_FILTER,24.579212
paging,q4,1,DYNAMIC_FILTER,24.639431
paging,q4,1,DYNAMIC_FILTER,24.927171
paging,q4,1,FILTER,24.079750999999998
paging,q4,1,FILTER,6.8957749999999995
paging,q4,1,FILTER,5.245616999999999
paging,q4,1,GPU_SCAN,2813.7864270000005
paging,q4,1,GPU_SCAN,2868.988774
paging,q4,1,GPU_SCAN,2806.9516089999997
paging,q4,1,HASH_GROUP_BY,2.349896
paging,q4,1,HASH_GROUP_BY,2.183762
paging,q4,1,HASH_GROUP_BY,2.351335
paging,q4,1,HASH_JOIN,7.817626000000001
paging,q4,1,HASH_JOIN,7.4905029999999995
paging,q4,1,HASH_JOIN,7.764941
paging,q4,1,LEFT_DELIM_JOIN,3.183953
paging,q4,1,LEFT_DELIM_JOIN,5.28554
paging,q4,1,LEFT_DELIM_JOIN,2.542192
paging,q4,1,MERGE_GROUP_BY,3.202995
paging,q4,1,MERGE_GROUP_BY,2.881805
paging,q4,1,MERGE_GROUP_BY,2.920202
paging,q4,1,MERGE_SORT,0.871263
paging,q4,1,MERGE_SORT,0.785864
paging,q4,1,MERGE_SORT,0.28632
paging,q4,1,ORDER_BY,0.196721
paging,q4,1,ORDER_BY,0.206897
paging,q4,1,ORDER_BY,0.180231
paging,q4,1,PARTITION,0.337786
paging,q4,1,PARTITION,0.34640699999999996
paging,q4,1,PARTITION,0.26167999999999997
paging,q4,1,PROJECTION,0.016707
paging,q4,1,PROJECTION,0.011009
paging,q4,1,PROJECTION,0.012292
paging,q4,1,RESULT_COLLECTOR,0.333931
paging,q4,1,RESULT_COLLECTOR,0.311373
paging,q4,1,RESULT_COLLECTOR,0.374158
paging,q4,1,SORT_PARTITION,0.201784
paging,q4,1,SORT_PARTITION,0.205376
paging,q4,1,SORT_PARTITION,0.172902
paging,q4,1,SORT_SAMPLE,0.109283
paging,q4,1,SORT_SAMPLE,0.152518
paging,q4,1,SORT_SAMPLE,0.100505
paging,q4,2,CONCAT,2.125353
paging,q4,2,CONCAT,2.015806
paging,q4,2,CONCAT,2.0864260000000003
paging,q4,2,DYNAMIC_FILTER,20.047715
paging,q4,2,DYNAMIC_FILTER,27.085399000000002
paging,q4,2,DYNAMIC_FILTER,20.74303
paging,q4,2,FILTER,4.415824
paging,q4,2,FILTER,6.346639000000001
paging,q4,2,FILTER,4.037758
paging,q4,2,GPU_SCAN,2082.783637
paging,q4,2,GPU_SCAN,2094.134123
paging,q4,2,GPU_SCAN,2073.8237599999998
paging,q4,2,HASH_GROUP_BY,2.275482
paging,q4,2,HASH_GROUP_BY,2.031339
paging,q4,2,HASH_GROUP_BY,2.264113
paging,q4,2,HASH_JOIN,7.943624
paging,q4,2,HASH_JOIN,7.3272949999999994
paging,q4,2,HASH_JOIN,8.209133
paging,q4,2,LEFT_DELIM_JOIN,3.395864
paging,q4,2,LEFT_DELIM_JOIN,3.276982
paging,q4,2,LEFT_DELIM_JOIN,3.1148759999999998
paging,q4,2,MERGE_GROUP_BY,2.9176580000000003
paging,q4,2,MERGE_GROUP_BY,3.031495
paging,q4,2,MERGE_GROUP_BY,3.095785
paging,q4,2,MERGE_SORT,1.319911
paging,q4,2,MERGE_SORT,0.74556
paging,q4,2,MERGE_SORT,1.241448
paging,q4,2,ORDER_BY,0.183651
paging,q4,2,ORDER_BY,0.17554
paging,q4,2,ORDER_BY,0.17073
paging,q4,2,PARTITION,0.47917
paging,q4,2,PARTITION,0.260501
paging,q4,2,PARTITION,0.39075299999999996
paging,q4,2,PROJECTION,0.023969
paging,q4,2,PROJECTION,0.011735
paging,q4,2,PROJECTION,0.013627
paging,q4,2,RESULT_COLLECTOR,0.126306
paging,q4,2,RESULT_COLLECTOR,0.268576
paging,q4,2,RESULT_COLLECTOR,0.297426
paging,q4,2,SORT_PARTITION,0.228468
paging,q4,2,SORT_PARTITION,0.20773
paging,q4,2,SORT_PARTITION,0.224301
paging,q4,2,SORT_SAMPLE,0.097741
paging,q4,2,SORT_SAMPLE,0.084767
paging,q4,2,SORT_SAMPLE,0.13526
paging,q4,3,CONCAT,2.809097
paging,q4,3,CONCAT,2.248541
paging,q4,3,CONCAT,2.0301590000000003
paging,q4,3,DYNAMIC_FILTER,23.720659000000005
paging,q4,3,DYNAMIC_FILTER,28.326773000000003
paging,q4,3,DYNAMIC_FILTER,33.176448
paging,q4,3,FILTER,7.234541000000001
paging,q4,3,FILTER,6.9415000000000004
paging,q4,3,FILTER,6.637646999999999
paging,q4,3,GPU_SCAN,2565.9971719999994
paging,q4,3,GPU_SCAN,2422.673664
paging,q4,3,GPU_SCAN,2592.6518340000002
paging,q4,3,HASH_GROUP_BY,2.526601
paging,q4,3,HASH_GROUP_BY,2.202261
paging,q4,3,HASH_GROUP_BY,2.360219
paging,q4,3,HASH_JOIN,8.143076
paging,q4,3,HASH_JOIN,7.4191590000000005
paging,q4,3,HASH_JOIN,7.855487
paging,q4,3,LEFT_DELIM_JOIN,4.998427
paging,q4,3,LEFT_DELIM_JOIN,4.056139
paging,q4,3,LEFT_DELIM_JOIN,4.44733
paging,q4,3,MERGE_GROUP_BY,3.275256
paging,q4,3,MERGE_GROUP_BY,2.855182
paging,q4,3,MERGE_GROUP_BY,2.9634929999999997
paging,q4,3,MERGE_SORT,0.660246
paging,q4,3,MERGE_SORT,0.511215
paging,q4,3,MERGE_SORT,0.411516
paging,q4,3,ORDER_BY,0.238569
paging,q4,3,ORDER_BY,0.204118
paging,q4,3,ORDER_BY,0.7468
paging,q4,3,PARTITION,0.5223359999999999
paging,q4,3,PARTITION,0.249741
paging,q4,3,PARTITION,0.319027
paging,q4,3,PROJECTION,0.024965
paging,q4,3,PROJECTION,0.012033
paging,q4,3,PROJECTION,0.016368
paging,q4,3,RESULT_COLLECTOR,0.361192
paging,q4,3,RESULT_COLLECTOR,0.17122
paging,q4,3,RESULT_COLLECTOR,0.294429
paging,q4,3,SORT_PARTITION,0.267144
paging,q4,3,SORT_PARTITION,0.619917
paging,q4,3,SORT_PARTITION,0.218558
paging,q4,3,SORT_SAMPLE,0.224171
paging,q4,3,SORT_SAMPLE,0.470159
paging,q4,3,SORT_SAMPLE,0.128351
paging,q4,4,CONCAT,2.164009
paging,q4,4,CONCAT,2.176335
paging,q4,4,CONCAT,2.631934
paging,q4,4,DYNAMIC_FILTER,23.732643999999997
paging,q4,4,DYNAMIC_FILTER,27.289228
paging,q4,4,DYNAMIC_FILTER,25.435229
paging,q4,4,FILTER,6.999088
paging,q4,4,FILTER,5.677509000000001
paging,q4,4,FILTER,8.886123
paging,q4,4,GPU_SCAN,2579.057983
paging,q4,4,GPU_SCAN,2563.3132550000005
paging,q4,4,GPU_SCAN,2611.503232
paging,q4,4,HASH_GROUP_BY,2.456362
paging,q4,4,HASH_GROUP_BY,2.230496
paging,q4,4,HASH_GROUP_BY,2.305735
paging,q4,4,HASH_JOIN,7.900475
paging,q4,4,HASH_JOIN,7.545173
paging,q4,4,HASH_JOIN,8.297373
paging,q4,4,LEFT_DELIM_JOIN,3.528274
paging,q4,4,LEFT_DELIM_JOIN,5.720669999999999
paging,q4,4,LEFT_DELIM_JOIN,5.235654
paging,q4,4,MERGE_GROUP_BY,2.92539
paging,q4,4,MERGE_GROUP_BY,3.103059
paging,q4,4,MERGE_GROUP_BY,3.103474
paging,q4,4,MERGE_SORT,1.059718
paging,q4,4,MERGE_SORT,0.218591
paging,q4,4,MERGE_SORT,0.486533
paging,q4,4,ORDER_BY,0.197121
paging,q4,4,ORDER_BY,0.215835
paging,q4,4,ORDER_BY,0.209826
paging,q4,4,PARTITION,0.478452
paging,q4,4,PARTITION,0.5263420000000001
paging,q4,4,PARTITION,0.8001729999999999
paging,q4,4,PROJECTION,0.021819
paging,q4,4,PROJECTION,0.011928
paging,q4,4,PROJECTION,0.021202
paging,q4,4,RESULT_COLLECTOR,0.36384
paging,q4,4,RESULT_COLLECTOR,0.248066
paging,q4,4,RESULT_COLLECTOR,0.344306
paging,q4,4,SORT_PARTITION,0.268347
paging,q4,4,SORT_PARTITION,0.159685
paging,q4,4,SORT_PARTITION,0.18615
paging,q4,4,SORT_SAMPLE,0.248401
paging,q4,4,SORT_SAMPLE,0.081959
paging,q4,4,SORT_SAMPLE,0.104601
paging,q4,5,CONCAT,2.0788469999999997
paging,q4,5,CONCAT,2.1553190000000004
paging,q4,5,CONCAT,2.1934709999999997
paging,q4,5,DYNAMIC_FILTER,24.793538
paging,q4,5,DYNAMIC_FILTER,26.434892
paging,q4,5,DYNAMIC_FILTER,27.233646999999998
paging,q4,5,FILTER,5.4036040000000005
paging,q4,5,FILTER,7.1563479999999995
paging,q4,5,FILTER,8.940884
paging,q4,5,GPU_SCAN,2552.096289
paging,q4,5,GPU_SCAN,2420.2455679999994
paging,q4,5,GPU_SCAN,2639.135851
paging,q4,5,HASH_GROUP_BY,2.175862
paging,q4,5,HASH_GROUP_BY,2.321556
paging,q4,5,HASH_GROUP_BY,2.36894
paging,q4,5,HASH_JOIN,7.6450000000000005
paging,q4,5,HASH_JOIN,7.642595
paging,q4,5,HASH_JOIN,8.244683
paging,q4,5,LEFT_DELIM_JOIN,5.0446539999999995
paging,q4,5,LEFT_DELIM_JOIN,5.4197489999999995
paging,q4,5,LEFT_DELIM_JOIN,4.543246
paging,q4,5,MERGE_GROUP_BY,3.167698
paging,q4,5,MERGE_GROUP_BY,2.7979290000000003
paging,q4,5,MERGE_GROUP_BY,3.0529450000000002
paging,q4,5,MERGE_SORT,0.3525
paging,q4,5,MERGE_SORT,0.852708
paging,q4,5,MERGE_SORT,0.417985
paging,q4,5,ORDER_BY,0.175921
paging,q4,5,ORDER_BY,0.201454
paging,q4,5,ORDER_BY,0.186882
paging,q4,5,PARTITION,0.26549999999999996
paging,q4,5,PARTITION,0.38355200000000006
paging,q4,5,PARTITION,0.46011
paging,q4,5,PROJECTION,0.01324
paging,q4,5,PROJECTION,0.01556
paging,q4,5,PROJECTION,0.017524
paging,q4,5,RESULT_COLLECTOR,0.273025
paging,q4,5,RESULT_COLLECTOR,0.27959
paging,q4,5,RESULT_COLLECTOR,0.227216
paging,q4,5,SORT_PARTITION,0.176938
paging,q4,5,SORT_PARTITION,0.202898
paging,q4,5,SORT_PARTITION,0.241766
paging,q4,5,SORT_SAMPLE,0.088848
paging,q4,5,SORT_SAMPLE,0.099798
paging,q4,5,SORT_SAMPLE,0.184508
paging,q5,1,CONCAT,2.873561
paging,q5,1,CONCAT,2.4214200000000003
paging,q5,1,CONCAT,2.294941
paging,q5,1,DYNAMIC_FILTER,29.993865999999993
paging,q5,1,DYNAMIC_FILTER,27.539295999999997
paging,q5,1,DYNAMIC_FILTER,28.442882000000004
paging,q5,1,GPU_SCAN,5295.508525
paging,q5,1,GPU_SCAN,5180.874002
paging,q5,1,GPU_SCAN,5157.635687
paging,q5,1,HASH_GROUP_BY,0.708834
paging,q5,1,HASH_GROUP_BY,0.546159
paging,q5,1,HASH_GROUP_BY,1.039774
paging,q5,1,HASH_JOIN,16.824204
paging,q5,1,HASH_JOIN,17.857557999999997
paging,q5,1,HASH_JOIN,17.494917
paging,q5,1,MERGE_GROUP_BY,0.011888
paging,q5,1,MERGE_GROUP_BY,0.007792
paging,q5,1,MERGE_GROUP_BY,0.007103
paging,q5,1,MERGE_SORT,1.932866
paging,q5,1,MERGE_SORT,1.004949
paging,q5,1,MERGE_SORT,0.643062
paging,q5,1,ORDER_BY,0.928431
paging,q5,1,ORDER_BY,0.24911
paging,q5,1,ORDER_BY,0.143595
paging,q5,1,PARTITION,0.688916
paging,q5,1,PARTITION,0.5205899999999999
paging,q5,1,PARTITION,0.4760000000000001
paging,q5,1,PROJECTION,0.171099
paging,q5,1,PROJECTION,0.10911
paging,q5,1,PROJECTION,0.114052
paging,q5,1,RESULT_COLLECTOR,0.172386
paging,q5,1,RESULT_COLLECTOR,0.14142
paging,q5,1,RESULT_COLLECTOR,0.11829
paging,q5,1,SORT_PARTITION,0.558761
paging,q5,1,SORT_PARTITION,0.499634
paging,q5,1,SORT_PARTITION,0.621016
paging,q5,1,SORT_SAMPLE,0.039911
paging,q5,1,SORT_SAMPLE,0.033142
paging,q5,1,SORT_SAMPLE,0.02844
paging,q5,2,CONCAT,2.8118259999999995
paging,q5,2,CONCAT,3.8711170000000004
paging,q5,2,CONCAT,3.06895
paging,q5,2,DYNAMIC_FILTER,30.425931000000002
paging,q5,2,DYNAMIC_FILTER,31.910481
paging,q5,2,DYNAMIC_FILTER,27.217476
paging,q5,2,GPU_SCAN,5532.5652930000015
paging,q5,2,GPU_SCAN,5490.394318
paging,q5,2,GPU_SCAN,5501.146204999999
paging,q5,2,HASH_GROUP_BY,0.529365
paging,q5,2,HASH_GROUP_BY,0.678686
paging,q5,2,HASH_GROUP_BY,1.029921
paging,q5,2,HASH_JOIN,18.056499
paging,q5,2,HASH_JOIN,17.462701
paging,q5,2,HASH_JOIN,16.966642
paging,q5,2,MERGE_GROUP_BY,0.055733
paging,q5,2,MERGE_GROUP_BY,0.013675
paging,q5,2,MERGE_GROUP_BY,0.012834
paging,q5,2,MERGE_SORT,0.51615
paging,q5,2,MERGE_SORT,1.042701
paging,q5,2,MERGE_SORT,0.900664
paging,q5,2,ORDER_BY,0.199607
paging,q5,2,ORDER_BY,0.231558
paging,q5,2,ORDER_BY,0.202241
paging,q5,2,PARTITION,0.6627919999999999
paging,q5,2,PARTITION,0.7592579999999999
paging,q5,2,PARTITION,0.434512
paging,q5,2,PROJECTION,0.113562
paging,q5,2,PROJECTION,0.148529
paging,q5,2,PROJECTION,0.114347
paging,q5,2,RESULT_COLLECTOR,0.323631
paging,q5,2,RESULT_COLLECTOR,0.256503
paging,q5,2,RESULT_COLLECTOR,0.169137
paging,q5,2,SORT_PARTITION,0.411379
paging,q5,2,SORT_PARTITION,0.582408
paging,q5,2,SORT_PARTITION,0.421658
paging,q5,2,SORT_SAMPLE,0.033682
paging,q5,2,SORT_SAMPLE,0.034485
paging,q5,2,SORT_SAMPLE,0.06396
paging,q5,3,CONCAT,3.114046
paging,q5,3,CONCAT,2.977064
paging,q5,3,CONCAT,2.380164
paging,q5,3,DYNAMIC_FILTER,31.768652999999997
paging,q5,3,DYNAMIC_FILTER,27.141511
paging,q5,3,DYNAMIC_FILTER,25.081012999999995
paging,q5,3,GPU_SCAN,5613.013132000001
paging,q5,3,GPU_SCAN,5613.711427999999
paging,q5,3,GPU_SCAN,5632.3350199999995
paging,q5,3,HASH_GROUP_BY,0.566005
paging,q5,3,HASH_GROUP_BY,0.686262
paging,q5,3,HASH_GROUP_BY,1.164742
paging,q5,3,HASH_JOIN,17.473467
paging,q5,3,HASH_JOIN,17.017463
paging,q5,3,HASH_JOIN,17.621092
paging,q5,3,MERGE_GROUP_BY,0.007051
paging,q5,3,MERGE_GROUP_BY,0.007572
paging,q5,3,MERGE_GROUP_BY,0.007268
paging,q5,3,MERGE_SORT,0.327046
paging,q5,3,MERGE_SORT,0.441886
paging,q5,3,MERGE_SORT,0.338088
paging,q5,3,ORDER_BY,0.189287
paging,q5,3,ORDER_BY,0.24633
paging,q5,3,ORDER_BY,0.189592
paging,q5,3,PARTITION,0.7984690000000001
paging,q5,3,PARTITION,0.7076359999999998
paging,q5,3,PARTITION,0.5421330000000002
paging,q5,3,PROJECTION,0.117092
paging,q5,3,PROJECTION,0.137323
paging,q5,3,PROJECTION,0.119696
paging,q5,3,RESULT_COLLECTOR,0.134381
paging,q5,3,RESULT_COLLECTOR,0.169987
paging,q5,3,RESULT_COLLECTOR,0.111292
paging,q5,3,SORT_PARTITION,0.395529
paging,q5,3,SORT_PARTITION,0.435695
paging,q5,3,SORT_PARTITION,0.371125
paging,q5,3,SORT_SAMPLE,0.071822
paging,q5,3,SORT_SAMPLE,0.045723
paging,q5,3,SORT_SAMPLE,0.033258
paging,q5,4,CONCAT,2.1827559999999995
paging,q5,4,CONCAT,2.569884
paging,q5,4,CONCAT,2.99859
paging,q5,4,DYNAMIC_FILTER,30.72805
paging,q5,4,DYNAMIC_FILTER,30.80699300000001
paging,q5,4,DYNAMIC_FILTER,25.918139999999998
paging,q5,4,GPU_SCAN,5635.480339
paging,q5,4,GPU_SCAN,5614.1460339999985
paging,q5,4,GPU_SCAN,5648.055804
paging,q5,4,HASH_GROUP_BY,0.670168
paging,q5,4,HASH_GROUP_BY,0.517148
paging,q5,4,HASH_GROUP_BY,1.230735
paging,q5,4,HASH_JOIN,17.21862
paging,q5,4,HASH_JOIN,17.875767
paging,q5,4,HASH_JOIN,17.443903000000002
paging,q5,4,MERGE_GROUP_BY,0.015317
paging,q5,4,MERGE_GROUP_BY,0.029437
paging,q5,4,MERGE_GROUP_BY,0.008162
paging,q5,4,MERGE_SORT,0.364284
paging,q5,4,MERGE_SORT,0.37538
paging,q5,4,MERGE_SORT,1.279433
paging,q5,4,ORDER_BY,0.19284
paging,q5,4,ORDER_BY,0.201149
paging,q5,4,ORDER_BY,0.184659
paging,q5,4,PARTITION,0.5169000000000001
paging,q5,4,PARTITION,0.641938
paging,q5,4,PARTITION,0.552736
paging,q5,4,PROJECTION,0.136818
paging,q5,4,PROJECTION,0.116873
paging,q5,4,PROJECTION,0.11332
paging,q5,4,RESULT_COLLECTOR,0.139873
paging,q5,4,RESULT_COLLECTOR,0.309027
paging,q5,4,RESULT_COLLECTOR,0.129045
paging,q5,4,SORT_PARTITION,0.369509
paging,q5,4,SORT_PARTITION,0.345628
paging,q5,4,SORT_PARTITION,0.354263
paging,q5,4,SORT_SAMPLE,0.066341
paging,q5,4,SORT_SAMPLE,0.033728
paging,q5,4,SORT_SAMPLE,0.036124
paging,q5,5,CONCAT,2.776467
paging,q5,5,CONCAT,2.455883
paging,q5,5,CONCAT,2.920089
paging,q5,5,DYNAMIC_FILTER,29.812405
paging,q5,5,DYNAMIC_FILTER,25.407223
paging,q5,5,DYNAMIC_FILTER,26.530386000000004
paging,q5,5,GPU_SCAN,5660.728015
paging,q5,5,GPU_SCAN,5666.946339
paging,q5,5,GPU_SCAN,5696.822996
paging,q5,5,HASH_GROUP_BY,0.609654
paging,q5,5,HASH_GROUP_BY,0.501953
paging,q5,5,HASH_GROUP_BY,0.981987
paging,q5,5,HASH_JOIN,16.322358
paging,q5,5,HASH_JOIN,17.097645
paging,q5,5,HASH_JOIN,17.650223
paging,q5,5,MERGE_GROUP_BY,0.018654
paging,q5,5,MERGE_GROUP_BY,0.011817
paging,q5,5,MERGE_GROUP_BY,0.015752
paging,q5,5,MERGE_SORT,1.1316
paging,q5,5,MERGE_SORT,0.31628
paging,q5,5,MERGE_SORT,1.050886
paging,q5,5,ORDER_BY,0.202399
paging,q5,5,ORDER_BY,0.627791
paging,q5,5,ORDER_BY,0.189035
paging,q5,5,PARTITION,0.466758
paging,q5,5,PARTITION,0.42834999999999995
paging,q5,5,PARTITION,0.4973469999999999
paging,q5,5,PROJECTION,0.120911
paging,q5,5,PROJECTION,0.106708
paging,q5,5,PROJECTION,0.137482
paging,q5,5,RESULT_COLLECTOR,0.217967
paging,q5,5,RESULT_COLLECTOR,0.163456
paging,q5,5,RESULT_COLLECTOR,0.175368
paging,q5,5,SORT_PARTITION,0.356903
paging,q5,5,SORT_PARTITION,0.435711
paging,q5,5,SORT_PARTITION,0.374639
paging,q5,5,SORT_SAMPLE,0.029622
paging,q5,5,SORT_SAMPLE,0.024824
paging,q5,5,SORT_SAMPLE,0.066286
paging,q6,1,GPU_SCAN,2920.367826
paging,q6,1,GPU_SCAN,3533.062261
paging,q6,1,GPU_SCAN,3529.000144
paging,q6,1,MERGE_AGGREGATE,0.201292
paging,q6,1,MERGE_AGGREGATE,0.177688
paging,q6,1,MERGE_AGGREGATE,0.775502
paging,q6,1,PROJECTION,3.366325
paging,q6,1,PROJECTION,16.72578
paging,q6,1,PROJECTION,11.542124000000001
paging,q6,1,RESULT_COLLECTOR,0.214204
paging,q6,1,RESULT_COLLECTOR,0.077243
paging,q6,1,RESULT_COLLECTOR,0.163966
paging,q6,1,UNGROUPED_AGGREGATE,9.731531
paging,q6,1,UNGROUPED_AGGREGATE,15.486532
paging,q6,1,UNGROUPED_AGGREGATE,5.034613
paging,q6,2,GPU_SCAN,2890.149578
paging,q6,2,GPU_SCAN,2782.241924
paging,q6,2,GPU_SCAN,2877.535068
paging,q6,2,MERGE_AGGREGATE,0.19881
paging,q6,2,MERGE_AGGREGATE,0.411293
paging,q6,2,MERGE_AGGREGATE,0.775486
paging,q6,2,PROJECTION,2.8625849999999997
paging,q6,2,PROJECTION,3.2514869999999996
paging,q6,2,PROJECTION,6.4935410000000005
paging,q6,2,RESULT_COLLECTOR,0.203239
paging,q6,2,RESULT_COLLECTOR,0.275121
paging,q6,2,RESULT_COLLECTOR,0.213837
paging,q6,2,UNGROUPED_AGGREGATE,2.779136
paging,q6,2,UNGROUPED_AGGREGATE,3.6955799999999996
paging,q6,2,UNGROUPED_AGGREGATE,3.21038
paging,q6,3,GPU_SCAN,3366.6341740000007
paging,q6,3,GPU_SCAN,3373.580551
paging,q6,3,GPU_SCAN,3401.668914
paging,q6,3,MERGE_AGGREGATE,0.768121
paging,q6,3,MERGE_AGGREGATE,0.184225
paging,q6,3,MERGE_AGGREGATE,0.236165
paging,q6,3,PROJECTION,4.278657
paging,q6,3,PROJECTION,7.5468480000000016
paging,q6,3,PROJECTION,4.050642
paging,q6,3,RESULT_COLLECTOR,0.06669
paging,q6,3,RESULT_COLLECTOR,0.077755
paging,q6,3,RESULT_COLLECTOR,0.105566
paging,q6,3,UNGROUPED_AGGREGATE,7.515702
paging,q6,3,UNGROUPED_AGGREGATE,4.1715599999999995
paging,q6,3,UNGROUPED_AGGREGATE,5.368581
paging,q6,4,GPU_SCAN,3324.9526720000003
paging,q6,4,GPU_SCAN,3297.600853000001
paging,q6,4,GPU_SCAN,3291.6756060000002
paging,q6,4,MERGE_AGGREGATE,0.266887
paging,q6,4,MERGE_AGGREGATE,0.155118
paging,q6,4,MERGE_AGGREGATE,0.787089
paging,q6,4,PROJECTION,4.546785
paging,q6,4,PROJECTION,10.425198
paging,q6,4,PROJECTION,7.055278
paging,q6,4,RESULT_COLLECTOR,0.239613
paging,q6,4,RESULT_COLLECTOR,0.213476
paging,q6,4,RESULT_COLLECTOR,0.08258
paging,q6,4,UNGROUPED_AGGREGATE,5.3337
paging,q6,4,UNGROUPED_AGGREGATE,3.9179079999999997
paging,q6,4,UNGROUPED_AGGREGATE,7.531213
paging,q6,5,GPU_SCAN,3382.302118
paging,q6,5,GPU_SCAN,3362.916661
paging,q6,5,GPU_SCAN,3358.89361
paging,q6,5,MERGE_AGGREGATE,0.237339
paging,q6,5,MERGE_AGGREGATE,0.833039
paging,q6,5,MERGE_AGGREGATE,0.305903
paging,q6,5,PROJECTION,4.410951
paging,q6,5,PROJECTION,8.316041
paging,q6,5,PROJECTION,4.505914000000001
paging,q6,5,RESULT_COLLECTOR,0.242093
paging,q6,5,RESULT_COLLECTOR,0.104066
paging,q6,5,RESULT_COLLECTOR,0.083898
paging,q6,5,UNGROUPED_AGGREGATE,5.489994
paging,q6,5,UNGROUPED_AGGREGATE,5.512205000000001
paging,q6,5,UNGROUPED_AGGREGATE,4.45434
paging,q7,1,CONCAT,4.8086910000000005
paging,q7,1,CONCAT,5.042923999999999
paging,q7,1,CONCAT,4.487549
paging,q7,1,DYNAMIC_FILTER,27.281271999999998
paging,q7,1,DYNAMIC_FILTER,27.321106
paging,q7,1,DYNAMIC_FILTER,25.995523000000002
paging,q7,1,FILTER,1.657617
paging,q7,1,FILTER,2.0181459999999998
paging,q7,1,FILTER,1.9225420000000002
paging,q7,1,GPU_SCAN,5889.067082999999
paging,q7,1,GPU_SCAN,6154.952647
paging,q7,1,GPU_SCAN,5922.583565
paging,q7,1,HASH_GROUP_BY,1.989405
paging,q7,1,HASH_GROUP_BY,1.566945
paging,q7,1,HASH_GROUP_BY,0.650184
paging,q7,1,HASH_JOIN,21.013557
paging,q7,1,HASH_JOIN,20.685666
paging,q7,1,HASH_JOIN,20.202752
paging,q7,1,MERGE_GROUP_BY,0.036206
paging,q7,1,MERGE_GROUP_BY,0.015324
paging,q7,1,MERGE_GROUP_BY,0.028617
paging,q7,1,MERGE_SORT,0.86297
paging,q7,1,MERGE_SORT,0.994819
paging,q7,1,MERGE_SORT,1.066452
paging,q7,1,ORDER_BY,0.481385
paging,q7,1,ORDER_BY,0.536843
paging,q7,1,ORDER_BY,0.520692
paging,q7,1,PARTITION,0.5820380000000002
paging,q7,1,PARTITION,0.520345
paging,q7,1,PARTITION,0.631522
paging,q7,1,PROJECTION,0.154979
paging,q7,1,PROJECTION,0.13489
paging,q7,1,PROJECTION,0.137585
paging,q7,1,RESULT_COLLECTOR,0.355601
paging,q7,1,RESULT_COLLECTOR,0.179335
paging,q7,1,RESULT_COLLECTOR,0.313745
paging,q7,1,SORT_PARTITION,0.89845
paging,q7,1,SORT_PARTITION,0.709794
paging,q7,1,SORT_PARTITION,0.710273
paging,q7,1,SORT_SAMPLE,0.189459
paging,q7,1,SORT_SAMPLE,0.15251
paging,q7,1,SORT_SAMPLE,0.149989
paging,q7,2,CONCAT,4.7357949999999995
paging,q7,2,CONCAT,5.4723679999999995
paging,q7,2,CONCAT,4.5163660000000005
paging,q7,2,DYNAMIC_FILTER,31.489521999999997
paging,q7,2,DYNAMIC_FILTER,35.850222
paging,q7,2,DYNAMIC_FILTER,35.960125999999995
paging,q7,2,FILTER,1.5386349999999998
paging,q7,2,FILTER,2.050334
paging,q7,2,FILTER,1.154622
paging,q7,2,GPU_SCAN,6058.641494
paging,q7,2,GPU_SCAN,6662.706751000001
paging,q7,2,GPU_SCAN,6405.4750559999975
paging,q7,2,HASH_GROUP_BY,1.643178
paging,q7,2,HASH_GROUP_BY,1.829433
paging,q7,2,HASH_GROUP_BY,0.760379
paging,q7,2,HASH_JOIN,20.54058
paging,q7,2,HASH_JOIN,20.553818999999997
paging,q7,2,HASH_JOIN,20.322536999999997
paging,q7,2,MERGE_GROUP_BY,0.031172
paging,q7,2,MERGE_GROUP_BY,0.023497
paging,q7,2,MERGE_GROUP_BY,0.019247
paging,q7,2,MERGE_SORT,0.800884
paging,q7,2,MERGE_SORT,1.693081
paging,q7,2,MERGE_SORT,0.944727
paging,q7,2,ORDER_BY,0.565661
paging,q7,2,ORDER_BY,0.861756
paging,q7,2,ORDER_BY,0.57278
paging,q7,2,PARTITION,0.6082919999999999
paging,q7,2,PARTITION,0.7157689999999999
paging,q7,2,PARTITION,0.46833699999999995
paging,q7,2,PROJECTION,0.136544
paging,q7,2,PROJECTION,0.134786
paging,q7,2,PROJECTION,0.161383
paging,q7,2,RESULT_COLLECTOR,0.309732
paging,q7,2,RESULT_COLLECTOR,0.241761
paging,q7,2,RESULT_COLLECTOR,0.22057
paging,q7,2,SORT_PARTITION,0.739141
paging,q7,2,SORT_PARTITION,0.707861
paging,q7,2,SORT_PARTITION,0.983559
paging,q7,2,SORT_SAMPLE,0.16248
paging,q7,2,SORT_SAMPLE,0.160784
paging,q7,2,SORT_SAMPLE,0.202694
paging,q7,3,CONCAT,4.964308
paging,q7,3,CONCAT,4.383396
paging,q7,3,CONCAT,4.572448
paging,q7,3,DYNAMIC_FILTER,34.738637999999995
paging,q7,3,DYNAMIC_FILTER,33.109597
paging,q7,3,DYNAMIC_FILTER,33.66646699999999
paging,q7,3,FILTER,2.123233
paging,q7,3,FILTER,2.089684
paging,q7,3,FILTER,1.6277789999999999
paging,q7,3,GPU_SCAN,6048.721176
paging,q7,3,GPU_SCAN,6157.366831000001
paging,q7,3,GPU_SCAN,6037.522210999999
paging,q7,3,HASH_GROUP_BY,1.705693
paging,q7,3,HASH_GROUP_BY,1.89504
paging,q7,3,HASH_GROUP_BY,0.769207
paging,q7,3,HASH_JOIN,20.889453
paging,q7,3,HASH_JOIN,20.264870000000002
paging,q7,3,HASH_JOIN,19.075416
paging,q7,3,MERGE_GROUP_BY,0.035257
paging,q7,3,MERGE_GROUP_BY,0.014164
paging,q7,3,MERGE_GROUP_BY,0.03452
paging,q7,3,MERGE_SORT,1.559314
paging,q7,3,MERGE_SORT,1.004386
paging,q7,3,MERGE_SORT,2.854118
paging,q7,3,ORDER_BY,0.529217
paging,q7,3,ORDER_BY,0.576838
paging,q7,3,ORDER_BY,0.647218
paging,q7,3,PARTITION,0.8549370000000001
paging,q7,3,PARTITION,0.457693
paging,q7,3,PARTITION,0.560773
paging,q7,3,PROJECTION,0.138623
paging,q7,3,PROJECTION,0.155742
paging,q7,3,PROJECTION,0.166702
paging,q7,3,RESULT_COLLECTOR,0.334232
paging,q7,3,RESULT_COLLECTOR,0.169569
paging,q7,3,RESULT_COLLECTOR,0.363542
paging,q7,3,SORT_PARTITION,0.714242
paging,q7,3,SORT_PARTITION,0.87065
paging,q7,3,SORT_PARTITION,2.097811
paging,q7,3,SORT_SAMPLE,0.208149
paging,q7,3,SORT_SAMPLE,0.189638
paging,q7,3,SORT_SAMPLE,0.22388
paging,q7,4,CONCAT,5.190511
paging,q7,4,CONCAT,5.371007
paging,q7,4,CONCAT,5.23033
paging,q7,4,DYNAMIC_FILTER,32.170356
paging,q7,4,DYNAMIC_FILTER,29.929017999999996
paging,q7,4,DYNAMIC_FILTER,34.05387100000001
paging,q7,4,FILTER,1.5848529999999998
paging,q7,4,FILTER,1.6820309999999998
paging,q7,4,FILTER,1.8034109999999999
paging,q7,4,GPU_SCAN,6174.321403999999
paging,q7,4,GPU_SCAN,6330.614308
paging,q7,4,GPU_SCAN,6474.915188000001
paging,q7,4,HASH_GROUP_BY,1.733097
paging,q7,4,HASH_GROUP_BY,1.796534
paging,q7,4,HASH_GROUP_BY,0.716168
paging,q7,4,HASH_JOIN,20.757517
paging,q7,4,HASH_JOIN,20.544239
paging,q7,4,HASH_JOIN,20.458194999999996
paging,q7,4,MERGE_GROUP_BY,0.015907
paging,q7,4,MERGE_GROUP_BY,0.031002
paging,q7,4,MERGE_GROUP_BY,0.018753
paging,q7,4,MERGE_SORT,2.028034
paging,q7,4,MERGE_SORT,2.112829
paging,q7,4,MERGE_SORT,0.897859
paging,q7,4,ORDER_BY,0.444662
paging,q7,4,ORDER_BY,0.666346
paging,q7,4,ORDER_BY,0.483702
paging,q7,4,PARTITION,0.6073069999999999
paging,q7,4,PARTITION,0.5579429999999999
paging,q7,4,PARTITION,0.4839290000000001
paging,q7,4,PROJECTION,0.13742
paging,q7,4,PROJECTION,0.182431
paging,q7,4,PROJECTION,0.154792
paging,q7,4,RESULT_COLLECTOR,0.202594
paging,q7,4,RESULT_COLLECTOR,0.434471
paging,q7,4,RESULT_COLLECTOR,0.231007
paging,q7,4,SORT_PARTITION,0.722168
paging,q7,4,SORT_PARTITION,0.869011
paging,q7,4,SORT_PARTITION,0.846762
paging,q7,4,SORT_SAMPLE,0.142739
paging,q7,4,SORT_SAMPLE,0.284126
paging,q7,4,SORT_SAMPLE,0.165832
paging,q7,5,CONCAT,5.0374740000000005
paging,q7,5,CONCAT,4.6546009999999995
paging,q7,5,CONCAT,5.215860000000001
paging,q7,5,DYNAMIC_FILTER,30.417683999999998
paging,q7,5,DYNAMIC_FILTER,31.240229000000003
paging,q7,5,DYNAMIC_FILTER,32.883497000000006
paging,q7,5,FILTER,2.1377499999999996
paging,q7,5,FILTER,1.522645
paging,q7,5,FILTER,2.129228
paging,q7,5,GPU_SCAN,6268.449298
paging,q7,5,GPU_SCAN,6263.548956999999
paging,q7,5,GPU_SCAN,6617.3264629999985
paging,q7,5,HASH_GROUP_BY,1.734691
paging,q7,5,HASH_GROUP_BY,1.750514
paging,q7,5,HASH_GROUP_BY,0.712924
paging,q7,5,HASH_JOIN,20.743772
paging,q7,5,HASH_JOIN,20.162402
paging,q7,5,HASH_JOIN,20.460633
paging,q7,5,MERGE_GROUP_BY,0.0342
paging,q7,5,MERGE_GROUP_BY,0.032617
paging,q7,5,MERGE_GROUP_BY,0.015044
paging,q7,5,MERGE_SORT,1.51148
paging,q7,5,MERGE_SORT,0.750458
paging,q7,5,MERGE_SORT,2.520982
paging,q7,5,ORDER_BY,0.674519
paging,q7,5,ORDER_BY,0.476576
paging,q7,5,ORDER_BY,0.57543
paging,q7,5,PARTITION,0.651018
paging,q7,5,PARTITION,0.5807069999999999
paging,q7,5,PARTITION,0.6658460000000002
paging,q7,5,PROJECTION,0.147156
paging,q7,5,PROJECTION,0.140096
paging,q7,5,PROJECTION,0.160285
paging,q7,5,RESULT_COLLECTOR,0.328908
paging,q7,5,RESULT_COLLECTOR,0.298601
paging,q7,5,RESULT_COLLECTOR,0.22602
paging,q7,5,SORT_PARTITION,0.776721
paging,q7,5,SORT_PARTITION,0.72161
paging,q7,5,SORT_PARTITION,0.8714
paging,q7,5,SORT_SAMPLE,0.176786
paging,q7,5,SORT_SAMPLE,0.170711
paging,q7,5,SORT_SAMPLE,0.188412
paging,q8,1,CONCAT,19.81267
paging,q8,1,CONCAT,20.600675
paging,q8,1,CONCAT,19.321410000000004
paging,q8,1,DYNAMIC_FILTER,48.162604
paging,q8,1,DYNAMIC_FILTER,38.01796399999999
paging,q8,1,DYNAMIC_FILTER,57.634522999999994
paging,q8,1,GPU_SCAN,7544.564151000001
paging,q8,1,GPU_SCAN,7357.608706000002
paging,q8,1,GPU_SCAN,7361.403205
paging,q8,1,HASH_GROUP_BY,0.363524
paging,q8,1,HASH_GROUP_BY,0.39329
paging,q8,1,HASH_GROUP_BY,0.461366
paging,q8,1,HASH_JOIN,32.999125
paging,q8,1,HASH_JOIN,34.676089
paging,q8,1,HASH_JOIN,26.413652
paging,q8,1,MERGE_GROUP_BY,0.014236
paging,q8,1,MERGE_GROUP_BY,0.024095
paging,q8,1,MERGE_GROUP_BY,0.015184
paging,q8,1,MERGE_SORT,0.188042
paging,q8,1,MERGE_SORT,0.303533
paging,q8,1,MERGE_SORT,0.275525
paging,q8,1,ORDER_BY,0.130091
paging,q8,1,ORDER_BY,0.065783
paging,q8,1,ORDER_BY,0.071537
paging,q8,1,PARTITION,0.7302979999999998
paging,q8,1,PARTITION,0.5763770000000001
paging,q8,1,PARTITION,0.7205180000000002
paging,q8,1,PROJECTION,0.44156100000000004
paging,q8,1,PROJECTION,0.414991
paging,q8,1,PROJECTION,0.45141599999999993
paging,q8,1,RESULT_COLLECTOR,0.146532
paging,q8,1,RESULT_COLLECTOR,0.186867
paging,q8,1,RESULT_COLLECTOR,0.187523
paging,q8,1,SORT_PARTITION,0.138319
paging,q8,1,SORT_PARTITION,0.119999
paging,q8,1,SORT_PARTITION,0.14612
paging,q8,1,SORT_SAMPLE,0.033732
paging,q8,1,SORT_SAMPLE,0.027736
paging,q8,1,SORT_SAMPLE,0.026165
paging,q8,2,CONCAT,17.128097000000004
paging,q8,2,CONCAT,16.328159
paging,q8,2,CONCAT,16.924819
paging,q8,2,DYNAMIC_FILTER,48.39143
paging,q8,2,DYNAMIC_FILTER,42.96741400000002
paging,q8,2,DYNAMIC_FILTER,42.27855200000001
paging,q8,2,GPU_SCAN,7774.743349000001
paging,q8,2,GPU_SCAN,7719.780819000002
paging,q8,2,GPU_SCAN,7703.402592999999
paging,q8,2,HASH_GROUP_BY,0.380043
paging,q8,2,HASH_GROUP_BY,0.304325
paging,q8,2,HASH_GROUP_BY,0.368798
paging,q8,2,HASH_JOIN,23.529484
paging,q8,2,HASH_JOIN,22.575340999999995
paging,q8,2,HASH_JOIN,23.497249
paging,q8,2,MERGE_GROUP_BY,0.016872
paging,q8,2,MERGE_GROUP_BY,0.030603
paging,q8,2,MERGE_GROUP_BY,0.025523
paging,q8,2,MERGE_SORT,0.45828
paging,q8,2,MERGE_SORT,0.334006
paging,q8,2,MERGE_SORT,0.323553
paging,q8,2,ORDER_BY,0.090967
paging,q8,2,ORDER_BY,0.055961
paging,q8,2,ORDER_BY,0.067165
paging,q8,2,PARTITION,0.9670780000000001
paging,q8,2,PARTITION,0.593214
paging,q8,2,PARTITION,0.9467519999999995
paging,q8,2,PROJECTION,0.560602
paging,q8,2,PROJECTION,0.33715100000000003
paging,q8,2,PROJECTION,0.374578
paging,q8,2,RESULT_COLLECTOR,0.223839
paging,q8,2,RESULT_COLLECTOR,0.184185
paging,q8,2,RESULT_COLLECTOR,0.198262
paging,q8,2,SORT_PARTITION,0.186716
paging,q8,2,SORT_PARTITION,0.108202
paging,q8,2,SORT_PARTITION,0.118715
paging,q8,2,SORT_SAMPLE,0.03568
paging,q8,2,SORT_SAMPLE,0.020679
paging,q8,2,SORT_SAMPLE,0.02415
paging,q8,3,CONCAT,16.928611999999994
paging,q8,3,CONCAT,20.713695
paging,q8,3,CONCAT,26.210937
paging,q8,3,DYNAMIC_FILTER,51.902505000000005
paging,q8,3,DYNAMIC_FILTER,49.938849
paging,q8,3,DYNAMIC_FILTER,53.283316000000006
paging,q8,3,GPU_SCAN,8205.206723000001
paging,q8,3,GPU_SCAN,8212.687361
paging,q8,3,GPU_SCAN,8180.403848000001
paging,q8,3,HASH_GROUP_BY,0.437669
paging,q8,3,HASH_GROUP_BY,0.378649
paging,q8,3,HASH_GROUP_BY,0.403228
paging,q8,3,HASH_JOIN,23.477491
paging,q8,3,HASH_JOIN,25.900356
paging,q8,3,HASH_JOIN,25.007982
paging,q8,3,MERGE_GROUP_BY,0.016549
paging,q8,3,MERGE_GROUP_BY,0.019589
paging,q8,3,MERGE_GROUP_BY,0.010101
paging,q8,3,MERGE_SORT,0.382942
paging,q8,3,MERGE_SORT,0.376437
paging,q8,3,MERGE_SORT,0.212052
paging,q8,3,ORDER_BY,0.099711
paging,q8,3,ORDER_BY,0.062603
paging,q8,3,ORDER_BY,0.117889
paging,q8,3,PARTITION,0.7898589999999998
paging,q8,3,PARTITION,0.728227
paging,q8,3,PARTITION,0.62351
paging,q8,3,PROJECTION,0.623232
paging,q8,3,PROJECTION,0.430033
paging,q8,3,PROJECTION,0.544564
paging,q8,3,RESULT_COLLECTOR,0.208728
paging,q8,3,RESULT_COLLECTOR,0.188515
paging,q8,3,RESULT_COLLECTOR,0.128195
paging,q8,3,SORT_PARTITION,0.225105
paging,q8,3,SORT_PARTITION,0.123495
paging,q8,3,SORT_PARTITION,0.151601
paging,q8,3,SORT_SAMPLE,0.113108
paging,q8,3,SORT_SAMPLE,0.023704
paging,q8,3,SORT_SAMPLE,0.038225
paging,q8,4,CONCAT,26.729486
paging,q8,4,CONCAT,19.159202999999998
paging,q8,4,CONCAT,18.597255999999998
paging,q8,4,DYNAMIC_FILTER,54.940332999999995
paging,q8,4,DYNAMIC_FILTER,51.86821
paging,q8,4,DYNAMIC_FILTER,46.465663
paging,q8,4,GPU_SCAN,8090.881124999999
paging,q8,4,GPU_SCAN,8263.992665
paging,q8,4,GPU_SCAN,7897.7548400000005
paging,q8,4,HASH_GROUP_BY,0.353852
paging,q8,4,HASH_GROUP_BY,0.401119
paging,q8,4,HASH_GROUP_BY,0.43155
paging,q8,4,HASH_JOIN,26.647182
paging,q8,4,HASH_JOIN,34.53323
paging,q8,4,HASH_JOIN,32.939811
paging,q8,4,MERGE_GROUP_BY,0.015962
paging,q8,4,MERGE_GROUP_BY,0.025927
paging,q8,4,MERGE_GROUP_BY,0.008145
paging,q8,4,MERGE_SORT,0.182799
paging,q8,4,MERGE_SORT,0.221416
paging,q8,4,MERGE_SORT,0.087521
paging,q8,4,ORDER_BY,0.104777
paging,q8,4,ORDER_BY,0.079629
paging,q8,4,ORDER_BY,0.062134
paging,q8,4,PARTITION,0.6553909999999997
paging,q8,4,PARTITION,0.7210999999999997
paging,q8,4,PARTITION,0.515803
paging,q8,4,PROJECTION,0.451909
paging,q8,4,PROJECTION,0.536208
paging,q8,4,PROJECTION,0.384164
paging,q8,4,RESULT_COLLECTOR,0.125212
paging,q8,4,RESULT_COLLECTOR,0.236146
paging,q8,4,RESULT_COLLECTOR,0.096945
paging,q8,4,SORT_PARTITION,0.124613
paging,q8,4,SORT_PARTITION,0.159692
paging,q8,4,SORT_PARTITION,0.114657
paging,q8,4,SORT_SAMPLE,0.028144
paging,q8,4,SORT_SAMPLE,0.038282
paging,q8,4,SORT_SAMPLE,0.027614
paging,q8,5,CONCAT,21.891282
paging,q8,5,CONCAT,19.364005
paging,q8,5,CONCAT,22.285939000000003
paging,q8,5,DYNAMIC_FILTER,40.7473
paging,q8,5,DYNAMIC_FILTER,63.578600999999985
paging,q8,5,DYNAMIC_FILTER,54.429541
paging,q8,5,GPU_SCAN,7932.290440999999
paging,q8,5,GPU_SCAN,8669.310515999998
paging,q8,5,GPU_SCAN,8576.289009000004
paging,q8,5,HASH_GROUP_BY,0.321641
paging,q8,5,HASH_GROUP_BY,0.449549
paging,q8,5,HASH_GROUP_BY,0.394517
paging,q8,5,HASH_JOIN,25.958893
paging,q8,5,HASH_JOIN,25.543342000000003
paging,q8,5,HASH_JOIN,37.385
paging,q8,5,MERGE_GROUP_BY,0.012724
paging,q8,5,MERGE_GROUP_BY,0.01667
paging,q8,5,MERGE_GROUP_BY,0.040264
paging,q8,5,MERGE_SORT,0.396031
paging,q8,5,MERGE_SORT,0.399112
paging,q8,5,MERGE_SORT,0.44276
paging,q8,5,ORDER_BY,0.074591
paging,q8,5,ORDER_BY,0.062188
paging,q8,5,ORDER_BY,0.071026
paging,q8,5,PARTITION,0.7041070000000001
paging,q8,5,PARTITION,0.6746620000000002
paging,q8,5,PARTITION,0.729059
paging,q8,5,PROJECTION,0.41997700000000004
paging,q8,5,PROJECTION,0.35791900000000004
paging,q8,5,PROJECTION,0.433779
paging,q8,5,RESULT_COLLECTOR,0.096277
paging,q8,5,RESULT_COLLECTOR,0.137917
paging,q8,5,RESULT_COLLECTOR,0.181083
paging,q8,5,SORT_PARTITION,0.12026
paging,q8,5,SORT_PARTITION,0.118897
paging,q8,5,SORT_PARTITION,0.134614
paging,q8,5,SORT_SAMPLE,0.024665
paging,q8,5,SORT_SAMPLE,0.023033
paging,q8,5,SORT_SAMPLE,0.031333
paging,q9,1,CONCAT,17.36216
paging,q9,1,CONCAT,28.266714999999998
paging,q9,1,CONCAT,27.668293000000002
paging,q9,1,DYNAMIC_FILTER,58.15652599999999
paging,q9,1,DYNAMIC_FILTER,46.729704
paging,q9,1,DYNAMIC_FILTER,51.24122399999998
paging,q9,1,GPU_SCAN,7769.250091
paging,q9,1,GPU_SCAN,7539.444884999999
paging,q9,1,GPU_SCAN,6863.867938999999
paging,q9,1,HASH_GROUP_BY,4.752027
paging,q9,1,HASH_GROUP_BY,3.069526
paging,q9,1,HASH_GROUP_BY,4.239383999999999
paging,q9,1,HASH_JOIN,304.634117
paging,q9,1,HASH_JOIN,490.424828
paging,q9,1,HASH_JOIN,636.2334089999999
paging,q9,1,MERGE_GROUP_BY,0.423963
paging,q9,1,MERGE_GROUP_BY,1.399775
paging,q9,1,MERGE_GROUP_BY,0.418824
paging,q9,1,MERGE_SORT,2.28093
paging,q9,1,MERGE_SORT,2.197791
paging,q9,1,MERGE_SORT,1.925624
paging,q9,1,ORDER_BY,0.673945
paging,q9,1,ORDER_BY,0.668847
paging,q9,1,ORDER_BY,0.670687
paging,q9,1,PARTITION,0.7002349999999999
paging,q9,1,PARTITION,0.9827630000000002
paging,q9,1,PARTITION,1.1538380000000001
paging,q9,1,PROJECTION,8.354797000000001
paging,q9,1,PROJECTION,1.871358
paging,q9,1,PROJECTION,3.077042
paging,q9,1,RESULT_COLLECTOR,0.139706
paging,q9,1,RESULT_COLLECTOR,0.168372
paging,q9,1,RESULT_COLLECTOR,0.115037
paging,q9,1,SORT_PARTITION,0.321423
paging,q9,1,SORT_PARTITION,1.072008
paging,q9,1,SORT_PARTITION,0.351679
paging,q9,1,SORT_SAMPLE,0.093359
paging,q9,1,SORT_SAMPLE,0.439177
paging,q9,1,SORT_SAMPLE,0.15567
paging,q9,2,CONCAT,30.608908
paging,q9,2,CONCAT,26.67885
paging,q9,2,CONCAT,25.663536999999998
paging,q9,2,DYNAMIC_FILTER,57.02080800000002
paging,q9,2,DYNAMIC_FILTER,54.164331999999995
paging,q9,2,DYNAMIC_FILTER,61.30585400000001
paging,q9,2,GPU_SCAN,8242.891432000002
paging,q9,2,GPU_SCAN,7596.122902
paging,q9,2,GPU_SCAN,7784.282372000003
paging,q9,2,HASH_GROUP_BY,17.668109
paging,q9,2,HASH_GROUP_BY,22.982704
paging,q9,2,HASH_GROUP_BY,18.667710999999997
paging,q9,2,HASH_JOIN,344.88106400000004
paging,q9,2,HASH_JOIN,618.9857920000001
paging,q9,2,HASH_JOIN,691.810519
paging,q9,2,MERGE_GROUP_BY,1.586864
paging,q9,2,MERGE_GROUP_BY,0.458036
paging,q9,2,MERGE_GROUP_BY,0.464005
paging,q9,2,MERGE_SORT,1.986434
paging,q9,2,MERGE_SORT,1.209808
paging,q9,2,MERGE_SORT,0.4583
paging,q9,2,ORDER_BY,0.74872
paging,q9,2,ORDER_BY,0.66839
paging,q9,2,ORDER_BY,0.656149
paging,q9,2,PARTITION,54.952363
paging,q9,2,PARTITION,71.19854800000002
paging,q9,2,PARTITION,67.19693099999999
paging,q9,2,PROJECTION,8.606017000000001
paging,q9,2,PROJECTION,8.055088
paging,q9,2,PROJECTION,11.770843000000001
paging,q9,2,RESULT_COLLECTOR,0.498019
paging,q9,2,RESULT_COLLECTOR,0.128655
paging,q9,2,RESULT_COLLECTOR,0.172826
paging,q9,2,SORT_PARTITION,0.915389
paging,q9,2,SORT_PARTITION,0.431753
paging,q9,2,SORT_PARTITION,0.255533
paging,q9,2,SORT_SAMPLE,0.357489
paging,q9,2,SORT_SAMPLE,0.208595
paging,q9,2,SORT_SAMPLE,0.119909
paging,q9,3,CONCAT,16.806658000000002
paging,q9,3,CONCAT,28.624645
paging,q9,3,CONCAT,17.538507
paging,q9,3,DYNAMIC_FILTER,54.25285600000001
paging,q9,3,DYNAMIC_FILTER,64.016116
paging,q9,3,DYNAMIC_FILTER,62.33693400000001
paging,q9,3,GPU_SCAN,8449.327728000002
paging,q9,3,GPU_SCAN,8241.599516999997
paging,q9,3,GPU_SCAN,8460.693571000007
paging,q9,3,HASH_GROUP_BY,19.208318000000002
paging,q9,3,HASH_GROUP_BY,18.908795
paging,q9,3,HASH_GROUP_BY,19.071683
paging,q9,3,HASH_JOIN,688.3817310000001
paging,q9,3,HASH_JOIN,711.0906809999999
paging,q9,3,HASH_JOIN,683.6812080000001
paging,q9,3,MERGE_GROUP_BY,0.491055
paging,q9,3,MERGE_GROUP_BY,0.782434
paging,q9,3,MERGE_GROUP_BY,0.469342
paging,q9,3,MERGE_SORT,0.958284
paging,q9,3,MERGE_SORT,0.457443
paging,q9,3,MERGE_SORT,0.386352
paging,q9,3,ORDER_BY,0.724951
paging,q9,3,ORDER_BY,0.74228
paging,q9,3,ORDER_BY,0.690066
paging,q9,3,PARTITION,54.946588000000006
paging,q9,3,PARTITION,68.579501
paging,q9,3,PARTITION,53.505748999999994
paging,q9,3,PROJECTION,13.078707
paging,q9,3,PROJECTION,12.660787000000001
paging,q9,3,PROJECTION,12.811157
paging,q9,3,RESULT_COLLECTOR,0.149227
paging,q9,3,RESULT_COLLECTOR,0.160473
paging,q9,3,RESULT_COLLECTOR,0.169609
paging,q9,3,SORT_PARTITION,0.235861
paging,q9,3,SORT_PARTITION,0.272846
paging,q9,3,SORT_PARTITION,0.249421
paging,q9,3,SORT_SAMPLE,0.109258
paging,q9,3,SORT_SAMPLE,0.136147
paging,q9,3,SORT_SAMPLE,0.090798
paging,q9,4,CONCAT,51.243076
paging,q9,4,CONCAT,17.399568000000002
paging,q9,4,CONCAT,16.947843
paging,q9,4,DYNAMIC_FILTER,70.05779399999999
paging,q9,4,DYNAMIC_FILTER,53.523168
paging,q9,4,DYNAMIC_FILTER,47.84224400000001
paging,q9,4,GPU_SCAN,8538.094072999998
paging,q9,4,GPU_SCAN,8406.563401999998
paging,q9,4,GPU_SCAN,8421.708208
paging,q9,4,HASH_GROUP_BY,19.170807
paging,q9,4,HASH_GROUP_BY,19.335003
paging,q9,4,HASH_GROUP_BY,18.919378000000002
paging,q9,4,HASH_JOIN,661.955853
paging,q9,4,HASH_JOIN,688.6928009999999
paging,q9,4,HASH_JOIN,672.3379519999999
paging,q9,4,MERGE_GROUP_BY,0.445154
paging,q9,4,MERGE_GROUP_BY,0.454498
paging,q9,4,MERGE_GROUP_BY,0.465087
paging,q9,4,MERGE_SORT,0.710379
paging,q9,4,MERGE_SORT,0.406446
paging,q9,4,MERGE_SORT,1.321642
paging,q9,4,ORDER_BY,0.667961
paging,q9,4,ORDER_BY,0.653525
paging,q9,4,ORDER_BY,0.681654
paging,q9,4,PARTITION,65.899469
paging,q9,4,PARTITION,54.90923199999999
paging,q9,4,PARTITION,53.884173
paging,q9,4,PROJECTION,13.115316
paging,q9,4,PROJECTION,13.047061000000001
paging,q9,4,PROJECTION,12.750837
paging,q9,4,RESULT_COLLECTOR,0.138016
paging,q9,4,RESULT_COLLECTOR,0.123592
paging,q9,4,RESULT_COLLECTOR,0.116172
paging,q9,4,SORT_PARTITION,0.248806
paging,q9,4,SORT_PARTITION,0.263039
paging,q9,4,SORT_PARTITION,0.263956
paging,q9,4,SORT_SAMPLE,0.160278
paging,q9,4,SORT_SAMPLE,0.17187
paging,q9,4,SORT_SAMPLE,0.168463
paging,q9,5,CONCAT,16.567971
paging,q9,5,CONCAT,28.170742999999998
paging,q9,5,CONCAT,55.356925000000004
paging,q9,5,DYNAMIC_FILTER,64.78394
paging,q9,5,DYNAMIC_FILTER,56.465515999999994
paging,q9,5,DYNAMIC_FILTER,73.37077399999998
paging,q9,5,GPU_SCAN,8553.217649
paging,q9,5,GPU_SCAN,8451.285221
paging,q9,5,GPU_SCAN,8426.968075999996
paging,q9,5,HASH_GROUP_BY,18.364929
paging,q9,5,HASH_GROUP_BY,18.403729
paging,q9,5,HASH_GROUP_BY,18.750856000000002
paging,q9,5,HASH_JOIN,676.8183419999999
paging,q9,5,HASH_JOIN,710.613691
paging,q9,5,HASH_JOIN,705.883044
paging,q9,5,MERGE_GROUP_BY,0.479126
paging,q9,5,MERGE_GROUP_BY,0.482964
paging,q9,5,MERGE_GROUP_BY,0.451784
paging,q9,5,MERGE_SORT,0.454431
paging,q9,5,MERGE_SORT,0.404099
paging,q9,5,MERGE_SORT,0.446415
paging,q9,5,ORDER_BY,0.657779
paging,q9,5,ORDER_BY,0.771147
paging,q9,5,ORDER_BY,0.668978
paging,q9,5,PARTITION,53.914187
paging,q9,5,PARTITION,67.930003
paging,q9,5,PARTITION,72.77515299999999
paging,q9,5,PROJECTION,12.576648
paging,q9,5,PROJECTION,11.24521
paging,q9,5,PROJECTION,12.388319
paging,q9,5,RESULT_COLLECTOR,0.125492
paging,q9,5,RESULT_COLLECTOR,0.121167
paging,q9,5,RESULT_COLLECTOR,0.165387
paging,q9,5,SORT_PARTITION,0.261341
paging,q9,5,SORT_PARTITION,0.269797
paging,q9,5,SORT_PARTITION,0.238867
paging,q9,5,SORT_SAMPLE,0.176109
paging,q9,5,SORT_SAMPLE,0.159528
paging,q9,5,SORT_SAMPLE,0.111885
paging,q10,1,CONCAT,2.272355
paging,q10,1,CONCAT,2.114931
paging,q10,1,CONCAT,1.7520900000000001
paging,q10,1,DYNAMIC_FILTER,8.652194999999999
paging,q10,1,DYNAMIC_FILTER,12.494715000000003
paging,q10,1,DYNAMIC_FILTER,7.501344
paging,q10,1,GPU_SCAN,4086.353076000001
paging,q10,1,GPU_SCAN,4089.7757149999998
paging,q10,1,GPU_SCAN,3610.811927
paging,q10,1,HASH_GROUP_BY,28.471029
paging,q10,1,HASH_GROUP_BY,28.479201
paging,q10,1,HASH_GROUP_BY,28.230073
paging,q10,1,HASH_JOIN,43.57954
paging,q10,1,HASH_JOIN,43.850413
paging,q10,1,HASH_JOIN,43.161015000000006
paging,q10,1,MERGE_GROUP_BY,0.012464
paging,q10,1,MERGE_GROUP_BY,0.035169
paging,q10,1,MERGE_GROUP_BY,0.021038
paging,q10,1,MERGE_SORT,21.672395
paging,q10,1,MERGE_SORT,26.176404
paging,q10,1,MERGE_SORT,23.424294
paging,q10,1,ORDER_BY,17.301503
paging,q10,1,ORDER_BY,9.237193
paging,q10,1,ORDER_BY,9.049925
paging,q10,1,PARTITION,0.41741599999999995
paging,q10,1,PARTITION,0.553186
paging,q10,1,PARTITION,0.27102499999999996
paging,q10,1,PROJECTION,5.406086999999999
paging,q10,1,PROJECTION,0.720622
paging,q10,1,PROJECTION,0.629083
paging,q10,1,RESULT_COLLECTOR,257.135264
paging,q10,1,RESULT_COLLECTOR,281.618792
paging,q10,1,RESULT_COLLECTOR,246.781752
paging,q10,1,SORT_PARTITION,8.282401
paging,q10,1,SORT_PARTITION,8.286025
paging,q10,1,SORT_PARTITION,7.566682
paging,q10,1,SORT_SAMPLE,0.225545
paging,q10,1,SORT_SAMPLE,0.056504
paging,q10,1,SORT_SAMPLE,0.073205
paging,q10,2,CONCAT,2.1947039999999998
paging,q10,2,CONCAT,2.154251
paging,q10,2,CONCAT,2.628053
paging,q10,2,DYNAMIC_FILTER,9.589397
paging,q10,2,DYNAMIC_FILTER,11.258977999999999
paging,q10,2,DYNAMIC_FILTER,10.943257000000001
paging,q10,2,GPU_SCAN,3789.1322499999997
paging,q10,2,GPU_SCAN,3849.7183800000003
paging,q10,2,GPU_SCAN,3840.045629
paging,q10,2,HASH_GROUP_BY,28.294134
paging,q10,2,HASH_GROUP_BY,29.154612
paging,q10,2,HASH_GROUP_BY,29.435066
paging,q10,2,HASH_JOIN,43.244854000000004
paging,q10,2,HASH_JOIN,44.178145
paging,q10,2,HASH_JOIN,44.24144
paging,q10,2,MERGE_GROUP_BY,0.082442
paging,q10,2,MERGE_GROUP_BY,0.080125
paging,q10,2,MERGE_GROUP_BY,0.083394
paging,q10,2,MERGE_SORT,27.078334
paging,q10,2,MERGE_SORT,29.734996
paging,q10,2,MERGE_SORT,31.22694
paging,q10,2,ORDER_BY,9.268351
paging,q10,2,ORDER_BY,9.210619
paging,q10,2,ORDER_BY,9.357933
paging,q10,2,PARTITION,0.453689
paging,q10,2,PARTITION,0.384898
paging,q10,2,PARTITION,0.598389
paging,q10,2,PROJECTION,0.625482
paging,q10,2,PROJECTION,0.657068
paging,q10,2,PROJECTION,0.67082
paging,q10,2,RESULT_COLLECTOR,235.496635
paging,q10,2,RESULT_COLLECTOR,225.027514
paging,q10,2,RESULT_COLLECTOR,248.133038
paging,q10,2,SORT_PARTITION,9.154164
paging,q10,2,SORT_PARTITION,11.5328
paging,q10,2,SORT_PARTITION,11.323037
paging,q10,2,SORT_SAMPLE,0.225462
paging,q10,2,SORT_SAMPLE,0.255118
paging,q10,2,SORT_SAMPLE,0.283754
paging,q10,3,CONCAT,2.101123
paging,q10,3,CONCAT,2.003606
paging,q10,3,CONCAT,2.608373
paging,q10,3,DYNAMIC_FILTER,12.107804999999999
paging,q10,3,DYNAMIC_FILTER,11.213415999999999
paging,q10,3,DYNAMIC_FILTER,12.798645
paging,q10,3,GPU_SCAN,4050.015518
paging,q10,3,GPU_SCAN,4019.3205129999997
paging,q10,3,GPU_SCAN,4191.89296
paging,q10,3,HASH_GROUP_BY,29.325508
paging,q10,3,HASH_GROUP_BY,29.03866
paging,q10,3,HASH_GROUP_BY,28.255222
paging,q10,3,HASH_JOIN,43.593152
paging,q10,3,HASH_JOIN,43.576739
paging,q10,3,HASH_JOIN,44.115944
paging,q10,3,MERGE_GROUP_BY,0.034749
paging,q10,3,MERGE_GROUP_BY,0.069287
paging,q10,3,MERGE_GROUP_BY,0.06848
paging,q10,3,MERGE_SORT,26.186152
paging,q10,3,MERGE_SORT,26.83245
paging,q10,3,MERGE_SORT,23.967862
paging,q10,3,ORDER_BY,9.308888
paging,q10,3,ORDER_BY,8.870779
paging,q10,3,ORDER_BY,9.143426
paging,q10,3,PARTITION,0.542082
paging,q10,3,PARTITION,0.5576599999999999
paging,q10,3,PARTITION,0.5345460000000002
paging,q10,3,PROJECTION,0.69099
paging,q10,3,PROJECTION,0.582876
paging,q10,3,PROJECTION,0.6417889999999999
paging,q10,3,RESULT_COLLECTOR,254.074101
paging,q10,3,RESULT_COLLECTOR,230.899239
paging,q10,3,RESULT_COLLECTOR,238.996172
paging,q10,3,SORT_PARTITION,9.361378
paging,q10,3,SORT_PARTITION,7.20614
paging,q10,3,SORT_PARTITION,8.725489
paging,q10,3,SORT_SAMPLE,0.108857
paging,q10,3,SORT_SAMPLE,0.032851
paging,q10,3,SORT_SAMPLE,0.21856
paging,q10,4,CONCAT,1.91802
paging,q10,4,CONCAT,2.0458779999999996
paging,q10,4,CONCAT,1.939494
paging,q10,4,DYNAMIC_FILTER,11.009125
paging,q10,4,DYNAMIC_FILTER,10.518875000000001
paging,q10,4,DYNAMIC_FILTER,11.269334999999998
paging,q10,4,GPU_SCAN,4143.948352
paging,q10,4,GPU_SCAN,4147.402443
paging,q10,4,GPU_SCAN,4427.040922
paging,q10,4,HASH_GROUP_BY,28.637487
paging,q10,4,HASH_GROUP_BY,28.811782
paging,q10,4,HASH_GROUP_BY,29.398554
paging,q10,4,HASH_JOIN,43.011193
paging,q10,4,HASH_JOIN,43.433001
paging,q10,4,HASH_JOIN,44.194288
paging,q10,4,MERGE_GROUP_BY,0.07827
paging,q10,4,MERGE_GROUP_BY,0.074015
paging,q10,4,MERGE_GROUP_BY,0.091092
paging,q10,4,MERGE_SORT,21.504778
paging,q10,4,MERGE_SORT,20.317022
paging,q10,4,MERGE_SORT,19.788822
paging,q10,4,ORDER_BY,9.248426
paging,q10,4,ORDER_BY,8.933351
paging,q10,4,ORDER_BY,9.187704
paging,q10,4,PARTITION,0.39071999999999996
paging,q10,4,PARTITION,0.395614
paging,q10,4,PARTITION,0.300628
paging,q10,4,PROJECTION,0.712394
paging,q10,4,PROJECTION,0.59362
paging,q10,4,PROJECTION,0.65851
paging,q10,4,RESULT_COLLECTOR,274.857661
paging,q10,4,RESULT_COLLECTOR,217.196244
paging,q10,4,RESULT_COLLECTOR,220.605872
paging,q10,4,SORT_PARTITION,8.082118
paging,q10,4,SORT_PARTITION,5.520735
paging,q10,4,SORT_PARTITION,6.649899
paging,q10,4,SORT_SAMPLE,0.306481
paging,q10,4,SORT_SAMPLE,0.039886
paging,q10,4,SORT_SAMPLE,0.126373
paging,q10,5,CONCAT,1.860152
paging,q10,5,CONCAT,2.0273
paging,q10,5,CONCAT,1.932704
paging,q10,5,DYNAMIC_FILTER,9.934406000000001
paging,q10,5,DYNAMIC_FILTER,13.546637999999998
paging,q10,5,DYNAMIC_FILTER,23.837349000000007
paging,q10,5,GPU_SCAN,4128.314606
paging,q10,5,GPU_SCAN,4580.542517
paging,q10,5,GPU_SCAN,4567.218629000001
paging,q10,5,HASH_GROUP_BY,28.92172
paging,q10,5,HASH_GROUP_BY,29.319614
paging,q10,5,HASH_GROUP_BY,28.650025
paging,q10,5,HASH_JOIN,42.848197
paging,q10,5,HASH_JOIN,43.498921
paging,q10,5,HASH_JOIN,43.552075
paging,q10,5,MERGE_GROUP_BY,0.01071
paging,q10,5,MERGE_GROUP_BY,0.066186
paging,q10,5,MERGE_GROUP_BY,0.015478
paging,q10,5,MERGE_SORT,18.974453
paging,q10,5,MERGE_SORT,20.367269
paging,q10,5,MERGE_SORT,19.035576
paging,q10,5,ORDER_BY,9.205343
paging,q10,5,ORDER_BY,8.937588
paging,q10,5,ORDER_BY,9.233073
paging,q10,5,PARTITION,0.22457300000000002
paging,q10,5,PARTITION,0.41329399999999994
paging,q10,5,PARTITION,0.2833549999999999
paging,q10,5,PROJECTION,0.658855
paging,q10,5,PROJECTION,0.599796
paging,q10,5,PROJECTION,0.674653
paging,q10,5,RESULT_COLLECTOR,208.901797
paging,q10,5,RESULT_COLLECTOR,247.211781
paging,q10,5,RESULT_COLLECTOR,250.488314
paging,q10,5,SORT_PARTITION,7.314429
paging,q10,5,SORT_PARTITION,6.019608
paging,q10,5,SORT_PARTITION,5.525744
paging,q10,5,SORT_SAMPLE,0.257504
paging,q10,5,SORT_SAMPLE,0.054403
paging,q10,5,SORT_SAMPLE,0.071963
paging,q11,1,CONCAT,0.420424
paging,q11,1,CONCAT,10.810788000000002
paging,q11,1,CONCAT,11.102991
paging,q11,1,CTE,0.035888
paging,q11,1,CTE,0.016065
paging,q11,1,CTE,0.019411
paging,q11,1,DYNAMIC_FILTER,0.12379
paging,q11,1,DYNAMIC_FILTER,0.137407
paging,q11,1,DYNAMIC_FILTER,0.13388
paging,q11,1,GPU_SCAN,497.38543500000003
paging,q11,1,GPU_SCAN,20.176602999999997
paging,q11,1,GPU_SCAN,21.167982999999996
paging,q11,1,HASH_GROUP_BY,2.096278
paging,q11,1,HASH_GROUP_BY,1.522275
paging,q11,1,HASH_GROUP_BY,1.33114
paging,q11,1,HASH_JOIN,26.799989999999998
paging,q11,1,HASH_JOIN,75.31973
paging,q11,1,HASH_JOIN,56.798257
paging,q11,1,MERGE_AGGREGATE,0.33111100000000004
paging,q11,1,MERGE_AGGREGATE,0.270323
paging,q11,1,MERGE_AGGREGATE,0.25290999999999997
paging,q11,1,MERGE_GROUP_BY,2.802954
paging,q11,1,MERGE_GROUP_BY,0.065882
paging,q11,1,MERGE_GROUP_BY,0.01274
paging,q11,1,MERGE_SORT,0.007558
paging,q11,1,MERGE_SORT,0.012075
paging,q11,1,MERGE_SORT,0.007061
paging,q11,1,NESTED_LOOP_JOIN,0.663126
paging,q11,1,NESTED_LOOP_JOIN,0.32674
paging,q11,1,NESTED_LOOP_JOIN,0.285803
paging,q11,1,ORDER_BY,0.045938
paging,q11,1,ORDER_BY,0.020129
paging,q11,1,ORDER_BY,0.016679
paging,q11,1,PARTITION,0.27383700000000005
paging,q11,1,PARTITION,0.314979
paging,q11,1,PARTITION,0.29750599999999994
paging,q11,1,PROJECTION,1.162048
paging,q11,1,PROJECTION,1.710685
paging,q11,1,PROJECTION,0.868946
paging,q11,1,RESULT_COLLECTOR,0.020705
paging,q11,1,RESULT_COLLECTOR,0.022381
paging,q11,1,RESULT_COLLECTOR,0.007257
paging,q11,1,SORT_PARTITION,0.006367
paging,q11,1,SORT_PARTITION,0.006005
paging,q11,1,SORT_PARTITION,0.014955
paging,q11,1,SORT_SAMPLE,0.018149
paging,q11,1,SORT_SAMPLE,0.015402
paging,q11,1,SORT_SAMPLE,0.038671
paging,q11,1,UNGROUPED_AGGREGATE,0.7944199999999999
paging,q11,1,UNGROUPED_AGGREGATE,3.1858619999999997
paging,q11,1,UNGROUPED_AGGREGATE,1.719204
paging,q11,2,CONCAT,0.413901
paging,q11,2,CONCAT,0.5760989999999999
paging,q11,2,CONCAT,0.33850800000000003
paging,q11,2,CTE,0.020245
paging,q11,2,CTE,0.03288
paging,q11,2,CTE,0.013544
paging,q11,2,DYNAMIC_FILTER,0.170522
paging,q11,2,DYNAMIC_FILTER,0.169769
paging,q11,2,DYNAMIC_FILTER,0.168554
paging,q11,2,GPU_SCAN,486.294008
paging,q11,2,GPU_SCAN,489.40745100000004
paging,q11,2,GPU_SCAN,481.561207
paging,q11,2,HASH_GROUP_BY,2.040216
paging,q11,2,HASH_GROUP_BY,1.982775
paging,q11,2,HASH_GROUP_BY,2.022409
paging,q11,2,HASH_JOIN,27.034771
paging,q11,2,HASH_JOIN,26.734524
paging,q11,2,HASH_JOIN,26.253738
paging,q11,2,MERGE_AGGREGATE,0.839541
paging,q11,2,MERGE_AGGREGATE,0.378176
paging,q11,2,MERGE_AGGREGATE,0.282133
paging,q11,2,MERGE_GROUP_BY,3.112591
paging,q11,2,MERGE_GROUP_BY,2.906648
paging,q11,2,MERGE_GROUP_BY,2.839835
paging,q11,2,MERGE_SORT,0.026329
paging,q11,2,MERGE_SORT,0.011321
paging,q11,2,MERGE_SORT,0.007271
paging,q11,2,NESTED_LOOP_JOIN,0.329031
paging,q11,2,NESTED_LOOP_JOIN,0.695318
paging,q11,2,NESTED_LOOP_JOIN,0.298118
paging,q11,2,ORDER_BY,0.019433
paging,q11,2,ORDER_BY,0.056645
paging,q11,2,ORDER_BY,0.014589
paging,q11,2,PARTITION,0.28060300000000005
paging,q11,2,PARTITION,0.21172900000000003
paging,q11,2,PARTITION,0.28158099999999997
paging,q11,2,PROJECTION,1.603033
paging,q11,2,PROJECTION,1.04286
paging,q11,2,PROJECTION,1.375619
paging,q11,2,RESULT_COLLECTOR,0.02148
paging,q11,2,RESULT_COLLECTOR,0.020442
paging,q11,2,RESULT_COLLECTOR,0.007079
paging,q11,2,SORT_PARTITION,0.008642
paging,q11,2,SORT_PARTITION,0.013749
paging,q11,2,SORT_PARTITION,0.006541
paging,q11,2,SORT_SAMPLE,0.019466
paging,q11,2,SORT_SAMPLE,0.031424
paging,q11,2,SORT_SAMPLE,0.016385
paging,q11,2,UNGROUPED_AGGREGATE,0.9523870000000001
paging,q11,2,UNGROUPED_AGGREGATE,0.675458
paging,q11,2,UNGROUPED_AGGREGATE,0.540612
paging,q11,3,CONCAT,0.41213599999999995
paging,q11,3,CONCAT,0.33492199999999994
paging,q11,3,CONCAT,0.7281889999999999
paging,q11,3,CTE,0.009287
paging,q11,3,CTE,0.041675
paging,q11,3,CTE,0.031688
paging,q11,3,DYNAMIC_FILTER,0.110818
paging,q11,3,DYNAMIC_FILTER,0.16162
paging,q11,3,DYNAMIC_FILTER,0.138385
paging,q11,3,GPU_SCAN,682.33052
paging,q11,3,GPU_SCAN,670.860629
paging,q11,3,GPU_SCAN,776.2593330000001
paging,q11,3,HASH_GROUP_BY,5.797775
paging,q11,3,HASH_GROUP_BY,2.643123
paging,q11,3,HASH_GROUP_BY,2.28144
paging,q11,3,HASH_JOIN,39.500336
paging,q11,3,HASH_JOIN,37.68515
paging,q11,3,HASH_JOIN,27.199054000000004
paging,q11,3,MERGE_AGGREGATE,0.215653
paging,q11,3,MERGE_AGGREGATE,0.6614099999999999
paging,q11,3,MERGE_AGGREGATE,0.842472
paging,q11,3,MERGE_GROUP_BY,3.002839
paging,q11,3,MERGE_GROUP_BY,2.916474
paging,q11,3,MERGE_GROUP_BY,2.886672
paging,q11,3,MERGE_SORT,0.03181
paging,q11,3,MERGE_SORT,0.010013
paging,q11,3,MERGE_SORT,0.014581
paging,q11,3,NESTED_LOOP_JOIN,0.446411
paging,q11,3,NESTED_LOOP_JOIN,0.32435
paging,q11,3,NESTED_LOOP_JOIN,0.342639
paging,q11,3,ORDER_BY,0.02354
paging,q11,3,ORDER_BY,0.015256
paging,q11,3,ORDER_BY,0.018605
paging,q11,3,PARTITION,0.299681
paging,q11,3,PARTITION,0.30696699999999993
paging,q11,3,PARTITION,0.27182400000000007
paging,q11,3,PROJECTION,8.749761999999999
paging,q11,3,PROJECTION,1.927077
paging,q11,3,PROJECTION,1.716114
paging,q11,3,RESULT_COLLECTOR,0.022353
paging,q11,3,RESULT_COLLECTOR,0.007405
paging,q11,3,RESULT_COLLECTOR,0.024324
paging,q11,3,SORT_PARTITION,0.011013
paging,q11,3,SORT_PARTITION,0.007328
paging,q11,3,SORT_PARTITION,0.007559
paging,q11,3,SORT_SAMPLE,0.023588
paging,q11,3,SORT_SAMPLE,0.018177
paging,q11,3,SORT_SAMPLE,0.024403
paging,q11,3,UNGROUPED_AGGREGATE,5.601642
paging,q11,3,UNGROUPED_AGGREGATE,6.8560300000000005
paging,q11,3,UNGROUPED_AGGREGATE,0.9878739999999999
paging,q11,4,CONCAT,0.533931
paging,q11,4,CONCAT,0.298886
paging,q11,4,CONCAT,0.40762400000000004
paging,q11,4,CTE,0.009268
paging,q11,4,CTE,0.020262
paging,q11,4,CTE,0.024555
paging,q11,4,DYNAMIC_FILTER,0.111865
paging,q11,4,DYNAMIC_FILTER,0.105859
paging,q11,4,DYNAMIC_FILTER,0.101443
paging,q11,4,GPU_SCAN,885.5406389999999
paging,q11,4,GPU_SCAN,768.783946
paging,q11,4,GPU_SCAN,883.03661
paging,q11,4,HASH_GROUP_BY,3.3762980000000002
paging,q11,4,HASH_GROUP_BY,3.332718
paging,q11,4,HASH_GROUP_BY,1.915049
paging,q11,4,HASH_JOIN,49.533288
paging,q11,4,HASH_JOIN,37.807722999999996
paging,q11,4,HASH_JOIN,26.239770999999998
paging,q11,4,MERGE_AGGREGATE,0.14882199999999998
paging,q11,4,MERGE_AGGREGATE,0.656725
paging,q11,4,MERGE_AGGREGATE,0.553708
paging,q11,4,MERGE_GROUP_BY,2.778345
paging,q11,4,MERGE_GROUP_BY,2.723578
paging,q11,4,MERGE_GROUP_BY,2.715487
paging,q11,4,MERGE_SORT,0.006226
paging,q11,4,MERGE_SORT,0.018682
paging,q11,4,MERGE_SORT,0.01982
paging,q11,4,NESTED_LOOP_JOIN,0.268299
paging,q11,4,NESTED_LOOP_JOIN,0.669042
paging,q11,4,NESTED_LOOP_JOIN,0.71211
paging,q11,4,ORDER_BY,0.01304
paging,q11,4,ORDER_BY,0.087097
paging,q11,4,ORDER_BY,0.061647
paging,q11,4,PARTITION,0.30794000000000005
paging,q11,4,PARTITION,0.21419500000000002
paging,q11,4,PARTITION,0.227892
paging,q11,4,PROJECTION,1.98939
paging,q11,4,PROJECTION,1.365444
paging,q11,4,PROJECTION,1.294716
paging,q11,4,RESULT_COLLECTOR,0.023687
paging,q11,4,RESULT_COLLECTOR,0.019079
paging,q11,4,RESULT_COLLECTOR,0.021217
paging,q11,4,SORT_PARTITION,0.004765
paging,q11,4,SORT_PARTITION,0.009285
paging,q11,4,SORT_PARTITION,0.005219
paging,q11,4,SORT_SAMPLE,0.012874
paging,q11,4,SORT_SAMPLE,0.019142
paging,q11,4,SORT_SAMPLE,0.013862
paging,q11,4,UNGROUPED_AGGREGATE,1.263393
paging,q11,4,UNGROUPED_AGGREGATE,0.6519349999999999
paging,q11,4,UNGROUPED_AGGREGATE,0.92312
paging,q11,5,CONCAT,0.519421
paging,q11,5,CONCAT,0.478748
paging,q11,5,CONCAT,0.39779799999999993
paging,q11,5,CTE,0.018195
paging,q11,5,CTE,0.018582
paging,q11,5,CTE,0.017946
paging,q11,5,DYNAMIC_FILTER,0.132109
paging,q11,5,DYNAMIC_FILTER,0.154627
paging,q11,5,DYNAMIC_FILTER,0.16457
paging,q11,5,GPU_SCAN,898.3510180000001
paging,q11,5,GPU_SCAN,791.0732339999998
paging,q11,5,GPU_SCAN,775.373221
paging,q11,5,HASH_GROUP_BY,2.130691
paging,q11,5,HASH_GROUP_BY,2.166436
paging,q11,5,HASH_GROUP_BY,3.521398
paging,q11,5,HASH_JOIN,27.43649
paging,q11,5,HASH_JOIN,25.376813999999996
paging,q11,5,HASH_JOIN,35.772974
paging,q11,5,MERGE_AGGREGATE,0.462746
paging,q11,5,MERGE_AGGREGATE,0.33373299999999995
paging,q11,5,MERGE_AGGREGATE,0.23780700000000002
paging,q11,5,MERGE_GROUP_BY,2.871145
paging,q11,5,MERGE_GROUP_BY,3.093639
paging,q11,5,MERGE_GROUP_BY,2.631932
paging,q11,5,MERGE_SORT,0.009002
paging,q11,5,MERGE_SORT,0.033239
paging,q11,5,MERGE_SORT,0.006715
paging,q11,5,NESTED_LOOP_JOIN,0.388911
paging,q11,5,NESTED_LOOP_JOIN,0.728793
paging,q11,5,NESTED_LOOP_JOIN,0.675601
paging,q11,5,ORDER_BY,0.019732
paging,q11,5,ORDER_BY,0.067977
paging,q11,5,ORDER_BY,0.056104
paging,q11,5,PARTITION,0.257887
paging,q11,5,PARTITION,0.44826099999999997
paging,q11,5,PARTITION,0.314656
paging,q11,5,PROJECTION,1.5189959999999998
paging,q11,5,PROJECTION,1.3040170000000002
paging,q11,5,PROJECTION,1.5868319999999998
paging,q11,5,RESULT_COLLECTOR,0.013481
paging,q11,5,RESULT_COLLECTOR,0.020686
paging,q11,5,RESULT_COLLECTOR,0.036666
paging,q11,5,SORT_PARTITION,0.008041
paging,q11,5,SORT_PARTITION,0.012381
paging,q11,5,SORT_PARTITION,0.006436
paging,q11,5,SORT_SAMPLE,0.017791
paging,q11,5,SORT_SAMPLE,0.025271
paging,q11,5,SORT_SAMPLE,0.01398
paging,q11,5,UNGROUPED_AGGREGATE,1.151065
paging,q11,5,UNGROUPED_AGGREGATE,0.8661570000000001
paging,q11,5,UNGROUPED_AGGREGATE,0.568427
paging,q12,1,CONCAT,1.849847
paging,q12,1,CONCAT,1.3945940000000001
paging,q12,1,CONCAT,1.4288859999999999
paging,q12,1,DYNAMIC_FILTER,7.6084629999999995
paging,q12,1,DYNAMIC_FILTER,7.981304
paging,q12,1,DYNAMIC_FILTER,7.512430999999999
paging,q12,1,FILTER,36.383239
paging,q12,1,FILTER,51.02788699999999
paging,q12,1,FILTER,63.278800000000004
paging,q12,1,GPU_SCAN,3978.554987
paging,q12,1,GPU_SCAN,4247.197192
paging,q12,1,GPU_SCAN,4189.6548729999995
paging,q12,1,HASH_GROUP_BY,2.412561
paging,q12,1,HASH_GROUP_BY,1.176872
paging,q12,1,HASH_GROUP_BY,1.176298
paging,q12,1,HASH_JOIN,1.983029
paging,q12,1,HASH_JOIN,2.744899
paging,q12,1,HASH_JOIN,2.791973
paging,q12,1,MERGE_GROUP_BY,0.061458
paging,q12,1,MERGE_GROUP_BY,0.010248
paging,q12,1,MERGE_GROUP_BY,0.031557
paging,q12,1,MERGE_SORT,0.790256
paging,q12,1,MERGE_SORT,0.863457
paging,q12,1,MERGE_SORT,0.836563
paging,q12,1,ORDER_BY,4.810794
paging,q12,1,ORDER_BY,0.192785
paging,q12,1,ORDER_BY,0.217618
paging,q12,1,PARTITION,0.344582
paging,q12,1,PARTITION,0.35829599999999995
paging,q12,1,PARTITION,0.44770699999999986
paging,q12,1,PROJECTION,6.008309
paging,q12,1,PROJECTION,0.567996
paging,q12,1,PROJECTION,0.598982
paging,q12,1,RESULT_COLLECTOR,0.456305
paging,q12,1,RESULT_COLLECTOR,0.279676
paging,q12,1,RESULT_COLLECTOR,0.249068
paging,q12,1,SORT_PARTITION,0.463546
paging,q12,1,SORT_PARTITION,0.208483
paging,q12,1,SORT_PARTITION,0.273571
paging,q12,1,SORT_SAMPLE,0.321238
paging,q12,1,SORT_SAMPLE,0.105064
paging,q12,1,SORT_SAMPLE,0.216793
paging,q12,2,CONCAT,1.802174
paging,q12,2,CONCAT,1.35381
paging,q12,2,CONCAT,1.8453
paging,q12,2,DYNAMIC_FILTER,4.250103
paging,q12,2,DYNAMIC_FILTER,4.3461490000000005
paging,q12,2,DYNAMIC_FILTER,4.448759
paging,q12,2,FILTER,33.50941700000001
paging,q12,2,FILTER,26.84426800000001
paging,q12,2,FILTER,37.34867200000001
paging,q12,2,GPU_SCAN,3365.2557349999993
paging,q12,2,GPU_SCAN,3270.2080139999994
paging,q12,2,GPU_SCAN,3448.9542779999997
paging,q12,2,HASH_GROUP_BY,1.106937
paging,q12,2,HASH_GROUP_BY,1.187207
paging,q12,2,HASH_GROUP_BY,1.12888
paging,q12,2,HASH_JOIN,2.014957
paging,q12,2,HASH_JOIN,2.08732
paging,q12,2,HASH_JOIN,2.074526
paging,q12,2,MERGE_GROUP_BY,0.029718
paging,q12,2,MERGE_GROUP_BY,0.058597
paging,q12,2,MERGE_GROUP_BY,0.031696
paging,q12,2,MERGE_SORT,0.184837
paging,q12,2,MERGE_SORT,0.665185
paging,q12,2,MERGE_SORT,0.304464
paging,q12,2,ORDER_BY,0.175107
paging,q12,2,ORDER_BY,0.63658
paging,q12,2,ORDER_BY,0.168298
paging,q12,2,PARTITION,0.6791999999999999
paging,q12,2,PARTITION,0.719156
paging,q12,2,PARTITION,0.5854059999999999
paging,q12,2,PROJECTION,0.504331
paging,q12,2,PROJECTION,0.522604
paging,q12,2,PROJECTION,0.520961
paging,q12,2,RESULT_COLLECTOR,0.289206
paging,q12,2,RESULT_COLLECTOR,0.318802
paging,q12,2,RESULT_COLLECTOR,0.322695
paging,q12,2,SORT_PARTITION,0.172919
paging,q12,2,SORT_PARTITION,0.649592
paging,q12,2,SORT_PARTITION,0.200488
paging,q12,2,SORT_SAMPLE,0.073274
paging,q12,2,SORT_SAMPLE,0.460578
paging,q12,2,SORT_SAMPLE,0.081576
paging,q12,3,CONCAT,2.030914
paging,q12,3,CONCAT,1.936142
paging,q12,3,CONCAT,1.9321570000000001
paging,q12,3,DYNAMIC_FILTER,5.894364
paging,q12,3,DYNAMIC_FILTER,5.933772000000001
paging,q12,3,DYNAMIC_FILTER,6.38915
paging,q12,3,FILTER,45.00444
paging,q12,3,FILTER,53.92823599999999
paging,q12,3,FILTER,45.502469999999995
paging,q12,3,GPU_SCAN,3617.069347
paging,q12,3,GPU_SCAN,3662.8731140000014
paging,q12,3,GPU_SCAN,3681.5340780000006
paging,q12,3,HASH_GROUP_BY,1.193263
paging,q12,3,HASH_GROUP_BY,1.145032
paging,q12,3,HASH_GROUP_BY,1.288427
paging,q12,3,HASH_JOIN,2.125209
paging,q12,3,HASH_JOIN,2.030488
paging,q12,3,HASH_JOIN,2.845525
paging,q12,3,MERGE_GROUP_BY,0.063204
paging,q12,3,MERGE_GROUP_BY,0.034204
paging,q12,3,MERGE_GROUP_BY,0.05903
paging,q12,3,MERGE_SORT,0.973225
paging,q12,3,MERGE_SORT,0.880436
paging,q12,3,MERGE_SORT,0.833093
paging,q12,3,ORDER_BY,0.270787
paging,q12,3,ORDER_BY,0.208658
paging,q12,3,ORDER_BY,0.359693
paging,q12,3,PARTITION,0.9696980000000002
paging,q12,3,PARTITION,0.8512909999999999
paging,q12,3,PARTITION,1.4822300000000004
paging,q12,3,PROJECTION,0.552719
paging,q12,3,PROJECTION,0.501999
paging,q12,3,PROJECTION,0.643023
paging,q12,3,RESULT_COLLECTOR,0.355056
paging,q12,3,RESULT_COLLECTOR,0.274592
paging,q12,3,RESULT_COLLECTOR,0.347695
paging,q12,3,SORT_PARTITION,0.216861
paging,q12,3,SORT_PARTITION,0.218204
paging,q12,3,SORT_PARTITION,0.238944
paging,q12,3,SORT_SAMPLE,0.094035
paging,q12,3,SORT_SAMPLE,0.153797
paging,q12,3,SORT_SAMPLE,0.126913
paging,q12,4,CONCAT,1.9401059999999999
paging,q12,4,CONCAT,1.857822
paging,q12,4,CONCAT,1.823496
paging,q12,4,DYNAMIC_FILTER,9.549827
paging,q12,4,DYNAMIC_FILTER,7.296014
paging,q12,4,DYNAMIC_FILTER,7.159044
paging,q12,4,FILTER,61.067370000000004
paging,q12,4,FILTER,57.974252
paging,q12,4,FILTER,65.49355100000001
paging,q12,4,GPU_SCAN,4010.8113470000003
paging,q12,4,GPU_SCAN,4009.636912
paging,q12,4,GPU_SCAN,4051.9008509999994
paging,q12,4,HASH_GROUP_BY,1.184946
paging,q12,4,HASH_GROUP_BY,1.381506
paging,q12,4,HASH_GROUP_BY,1.536631
paging,q12,4,HASH_JOIN,2.598234
paging,q12,4,HASH_JOIN,2.048685
paging,q12,4,HASH_JOIN,2.694564
paging,q12,4,MERGE_GROUP_BY,0.043983
paging,q12,4,MERGE_GROUP_BY,0.061912
paging,q12,4,MERGE_GROUP_BY,0.014333
paging,q12,4,MERGE_SORT,0.309138
paging,q12,4,MERGE_SORT,0.355303
paging,q12,4,MERGE_SORT,0.373263
paging,q12,4,ORDER_BY,0.245405
paging,q12,4,ORDER_BY,0.347447
paging,q12,4,ORDER_BY,0.21589
paging,q12,4,PARTITION,0.8220869999999998
paging,q12,4,PARTITION,0.37064899999999995
paging,q12,4,PARTITION,0.461736
paging,q12,4,PROJECTION,0.592036
paging,q12,4,PROJECTION,0.538719
paging,q12,4,PROJECTION,1.019285
paging,q12,4,RESULT_COLLECTOR,0.28479
paging,q12,4,RESULT_COLLECTOR,0.417846
paging,q12,4,RESULT_COLLECTOR,0.175467
paging,q12,4,SORT_PARTITION,0.233698
paging,q12,4,SORT_PARTITION,0.243057
paging,q12,4,SORT_PARTITION,0.231376
paging,q12,4,SORT_SAMPLE,0.116277
paging,q12,4,SORT_SAMPLE,0.197818
paging,q12,4,SORT_SAMPLE,0.18157
paging,q12,5,CONCAT,1.37518
paging,q12,5,CONCAT,2.530863
paging,q12,5,CONCAT,1.971091
paging,q12,5,DYNAMIC_FILTER,8.036533
paging,q12,5,DYNAMIC_FILTER,7.7591399999999995
paging,q12,5,DYNAMIC_FILTER,8.179222
paging,q12,5,FILTER,31.300502000000005
paging,q12,5,FILTER,49.32187799999999
paging,q12,5,FILTER,53.826218999999995
paging,q12,5,GPU_SCAN,3551.1758460000005
paging,q12,5,GPU_SCAN,3785.2382769999995
paging,q12,5,GPU_SCAN,3960.989557000001
paging,q12,5,HASH_GROUP_BY,1.282619
paging,q12,5,HASH_GROUP_BY,1.175981
paging,q12,5,HASH_GROUP_BY,1.166696
paging,q12,5,HASH_JOIN,2.655966
paging,q12,5,HASH_JOIN,2.545152
paging,q12,5,HASH_JOIN,2.577857
paging,q12,5,MERGE_GROUP_BY,0.026946
paging,q12,5,MERGE_GROUP_BY,0.007234
paging,q12,5,MERGE_GROUP_BY,0.008099
paging,q12,5,MERGE_SORT,0.265946
paging,q12,5,MERGE_SORT,0.276082
paging,q12,5,MERGE_SORT,0.287599
paging,q12,5,ORDER_BY,0.166745
paging,q12,5,ORDER_BY,0.237346
paging,q12,5,ORDER_BY,0.232519
paging,q12,5,PARTITION,0.439065
paging,q12,5,PARTITION,0.4818889999999999
paging,q12,5,PARTITION,0.3188020000000001
paging,q12,5,PROJECTION,1.055176
paging,q12,5,PROJECTION,0.551457
paging,q12,5,PROJECTION,0.550464
paging,q12,5,RESULT_COLLECTOR,0.276885
paging,q12,5,RESULT_COLLECTOR,0.137586
paging,q12,5,RESULT_COLLECTOR,0.13344
paging,q12,5,SORT_PARTITION,0.192155
paging,q12,5,SORT_PARTITION,0.204778
paging,q12,5,SORT_PARTITION,0.197385
paging,q12,5,SORT_SAMPLE,0.13225
paging,q12,5,SORT_SAMPLE,0.10263
paging,q12,5,SORT_SAMPLE,0.092
paging,q13,1,CONCAT,21.390981999999997
paging,q13,1,CONCAT,21.403351999999998
paging,q13,1,CONCAT,21.485834
paging,q13,1,GPU_SCAN,2081.851099
paging,q13,1,GPU_SCAN,2012.5290180000002
paging,q13,1,GPU_SCAN,2000.625947
paging,q13,1,HASH_GROUP_BY,18.549143
paging,q13,1,HASH_GROUP_BY,18.521338999999998
paging,q13,1,HASH_GROUP_BY,19.024829
paging,q13,1,HASH_JOIN,123.758118
paging,q13,1,HASH_JOIN,120.649918
paging,q13,1,HASH_JOIN,120.92208
paging,q13,1,MERGE_GROUP_BY,0.039582
paging,q13,1,MERGE_GROUP_BY,0.038384
paging,q13,1,MERGE_GROUP_BY,0.013257
paging,q13,1,MERGE_SORT,0.005368
paging,q13,1,MERGE_SORT,0.005969
paging,q13,1,MERGE_SORT,0.006892
paging,q13,1,ORDER_BY,0.454129
paging,q13,1,ORDER_BY,0.200549
paging,q13,1,ORDER_BY,0.239569
paging,q13,1,PARTITION,0.24344100000000002
paging,q13,1,PARTITION,0.151302
paging,q13,1,PARTITION,0.14541899999999996
paging,q13,1,PROJECTION,0.040683
paging,q13,1,PROJECTION,0.019438
paging,q13,1,PROJECTION,0.076071
paging,q13,1,RESULT_COLLECTOR,0.204689
paging,q13,1,RESULT_COLLECTOR,0.21199
paging,q13,1,RESULT_COLLECTOR,0.085775
paging,q13,1,SORT_PARTITION,0.004408
paging,q13,1,SORT_PARTITION,0.00477
paging,q13,1,SORT_PARTITION,0.006699
paging,q13,1,SORT_SAMPLE,0.006711
paging,q13,1,SORT_SAMPLE,0.008694
paging,q13,1,SORT_SAMPLE,0.010461
paging,q13,2,CONCAT,21.574378
paging,q13,2,CONCAT,22.385011
paging,q13,2,CONCAT,22.150114
paging,q13,2,GPU_SCAN,1052.839964
paging,q13,2,GPU_SCAN,1031.1651610000001
paging,q13,2,GPU_SCAN,1019.7939900000001
paging,q13,2,HASH_GROUP_BY,18.63689
paging,q13,2,HASH_GROUP_BY,18.992775
paging,q13,2,HASH_GROUP_BY,18.585267
paging,q13,2,HASH_JOIN,121.035565
paging,q13,2,HASH_JOIN,120.839713
paging,q13,2,HASH_JOIN,120.922144
paging,q13,2,MERGE_GROUP_BY,0.016792
paging,q13,2,MERGE_GROUP_BY,0.033033
paging,q13,2,MERGE_GROUP_BY,0.018838
paging,q13,2,MERGE_SORT,0.009192
paging,q13,2,MERGE_SORT,0.011126
paging,q13,2,MERGE_SORT,0.006071
paging,q13,2,ORDER_BY,0.198081
paging,q13,2,ORDER_BY,0.254516
paging,q13,2,ORDER_BY,0.19301
paging,q13,2,PARTITION,0.179229
paging,q13,2,PARTITION,0.277256
paging,q13,2,PARTITION,0.196598
paging,q13,2,PROJECTION,0.030678999999999998
paging,q13,2,PROJECTION,0.052653
paging,q13,2,PROJECTION,0.025183999999999998
paging,q13,2,RESULT_COLLECTOR,0.07104
paging,q13,2,RESULT_COLLECTOR,0.183976
paging,q13,2,RESULT_COLLECTOR,0.066118
paging,q13,2,SORT_PARTITION,0.004913
paging,q13,2,SORT_PARTITION,0.020661
paging,q13,2,SORT_PARTITION,0.006457
paging,q13,2,SORT_SAMPLE,0.007172
paging,q13,2,SORT_SAMPLE,0.02374
paging,q13,2,SORT_SAMPLE,0.006335
paging,q13,3,CONCAT,21.375501
paging,q13,3,CONCAT,21.516881
paging,q13,3,CONCAT,21.613041
paging,q13,3,GPU_SCAN,1043.004232
paging,q13,3,GPU_SCAN,1046.747794
paging,q13,3,GPU_SCAN,1048.9083340000002
paging,q13,3,HASH_GROUP_BY,19.351996999999997
paging,q13,3,HASH_GROUP_BY,18.687313000000003
paging,q13,3,HASH_GROUP_BY,18.945664999999998
paging,q13,3,HASH_JOIN,120.715789
paging,q13,3,HASH_JOIN,120.786707
paging,q13,3,HASH_JOIN,121.081743
paging,q13,3,MERGE_GROUP_BY,0.12779400000000002
paging,q13,3,MERGE_GROUP_BY,0.013080000000000001
paging,q13,3,MERGE_GROUP_BY,0.062041
paging,q13,3,MERGE_SORT,0.013317
paging,q13,3,MERGE_SORT,0.005978
paging,q13,3,MERGE_SORT,0.00825
paging,q13,3,ORDER_BY,0.487939
paging,q13,3,ORDER_BY,0.190522
paging,q13,3,ORDER_BY,0.369836
paging,q13,3,PARTITION,0.229267
paging,q13,3,PARTITION,0.072633
paging,q13,3,PARTITION,0.229817
paging,q13,3,PROJECTION,0.098787
paging,q13,3,PROJECTION,0.022065
paging,q13,3,PROJECTION,0.055778
paging,q13,3,RESULT_COLLECTOR,0.164762
paging,q13,3,RESULT_COLLECTOR,0.07627
paging,q13,3,RESULT_COLLECTOR,0.094963
paging,q13,3,SORT_PARTITION,0.014673
paging,q13,3,SORT_PARTITION,0.004972
paging,q13,3,SORT_PARTITION,0.005994
paging,q13,3,SORT_SAMPLE,0.017928
paging,q13,3,SORT_SAMPLE,0.005976
paging,q13,3,SORT_SAMPLE,0.008993
paging,q13,4,CONCAT,21.216288
paging,q13,4,CONCAT,21.249685
paging,q13,4,CONCAT,20.866992999999997
paging,q13,4,GPU_SCAN,2008.51759
paging,q13,4,GPU_SCAN,2012.1757949999999
paging,q13,4,GPU_SCAN,2058.805414
paging,q13,4,HASH_GROUP_BY,18.929686999999998
paging,q13,4,HASH_GROUP_BY,18.695819
paging,q13,4,HASH_GROUP_BY,18.654116000000002
paging,q13,4,HASH_JOIN,121.353392
paging,q13,4,HASH_JOIN,121.604235
paging,q13,4,HASH_JOIN,121.240984
paging,q13,4,MERGE_GROUP_BY,0.073769
paging,q13,4,MERGE_GROUP_BY,0.011741999999999999
paging,q13,4,MERGE_GROUP_BY,0.032862
paging,q13,4,MERGE_SORT,0.007215
paging,q13,4,MERGE_SORT,0.006045
paging,q13,4,MERGE_SORT,0.006633
paging,q13,4,ORDER_BY,0.387226
paging,q13,4,ORDER_BY,0.195526
paging,q13,4,ORDER_BY,0.189713
paging,q13,4,PARTITION,0.182802
paging,q13,4,PARTITION,0.09148099999999999
paging,q13,4,PARTITION,0.09107599999999999
paging,q13,4,PROJECTION,0.044424
paging,q13,4,PROJECTION,0.072639
paging,q13,4,PROJECTION,0.023819
paging,q13,4,RESULT_COLLECTOR,0.145541
paging,q13,4,RESULT_COLLECTOR,0.074035
paging,q13,4,RESULT_COLLECTOR,0.166664
paging,q13,4,SORT_PARTITION,0.00598
paging,q13,4,SORT_PARTITION,0.005313
paging,q13,4,SORT_PARTITION,0.004903
paging,q13,4,SORT_SAMPLE,0.010356
paging,q13,4,SORT_SAMPLE,0.00561
paging,q13,4,SORT_SAMPLE,0.0086
paging,q13,5,CONCAT,21.400432000000002
paging,q13,5,CONCAT,20.756589
paging,q13,5,CONCAT,21.157351
paging,q13,5,GPU_SCAN,1996.729904
paging,q13,5,GPU_SCAN,2052.03464
paging,q13,5,GPU_SCAN,1993.879505
paging,q13,5,HASH_GROUP_BY,19.048567000000002
paging,q13,5,HASH_GROUP_BY,18.602894
paging,q13,5,HASH_GROUP_BY,18.536145
paging,q13,5,HASH_JOIN,121.118184
paging,q13,5,HASH_JOIN,121.471376
paging,q13,5,HASH_JOIN,121.249303
paging,q13,5,MERGE_GROUP_BY,0.027332
paging,q13,5,MERGE_GROUP_BY,0.055757999999999995
paging,q13,5,MERGE_GROUP_BY,0.04236
paging,q13,5,MERGE_SORT,0.020148
paging,q13,5,MERGE_SORT,0.00637
paging,q13,5,MERGE_SORT,0.007331
paging,q13,5,ORDER_BY,0.23007
paging,q13,5,ORDER_BY,0.336876
paging,q13,5,ORDER_BY,0.195307
paging,q13,5,PARTITION,0.21951
paging,q13,5,PARTITION,0.105619
paging,q13,5,PARTITION,0.14221699999999998
paging,q13,5,PROJECTION,0.075488
paging,q13,5,PROJECTION,0.046299999999999994
paging,q13,5,PROJECTION,0.024625
paging,q13,5,RESULT_COLLECTOR,0.196546
paging,q13,5,RESULT_COLLECTOR,0.066808
paging,q13,5,RESULT_COLLECTOR,0.170128
paging,q13,5,SORT_PARTITION,0.005694
paging,q13,5,SORT_PARTITION,0.006291
paging,q13,5,SORT_PARTITION,0.032411
paging,q13,5,SORT_SAMPLE,0.005954
paging,q13,5,SORT_SAMPLE,0.008109
paging,q13,5,SORT_SAMPLE,0.071643
paging,q14,1,CONCAT,0.474472
paging,q14,1,CONCAT,7.040238
paging,q14,1,CONCAT,6.831246
paging,q14,1,GPU_SCAN,4799.661293
paging,q14,1,GPU_SCAN,4756.590924
paging,q14,1,GPU_SCAN,5053.547067999999
paging,q14,1,HASH_JOIN,11.168996
paging,q14,1,HASH_JOIN,10.711898
paging,q14,1,HASH_JOIN,10.325028
paging,q14,1,MERGE_AGGREGATE,0.034549
paging,q14,1,MERGE_AGGREGATE,0.012637
paging,q14,1,MERGE_AGGREGATE,0.015147
paging,q14,1,PARTITION,0.200533
paging,q14,1,PARTITION,0.127299
paging,q14,1,PARTITION,0.22603800000000002
paging,q14,1,PROJECTION,2.7031169999999998
paging,q14,1,PROJECTION,1.559329
paging,q14,1,PROJECTION,1.173991
paging,q14,1,RESULT_COLLECTOR,0.234226
paging,q14,1,RESULT_COLLECTOR,2.66676
paging,q14,1,RESULT_COLLECTOR,0.088354
paging,q14,1,UNGROUPED_AGGREGATE,0.783193
paging,q14,1,UNGROUPED_AGGREGATE,0.715371
paging,q14,1,UNGROUPED_AGGREGATE,0.689604
paging,q14,2,CONCAT,6.9181029999999994
paging,q14,2,CONCAT,6.981229
paging,q14,2,CONCAT,6.742829
paging,q14,2,GPU_SCAN,4533.49382
paging,q14,2,GPU_SCAN,4517.229277
paging,q14,2,GPU_SCAN,4548.69468
paging,q14,2,HASH_JOIN,10.834012
paging,q14,2,HASH_JOIN,10.82373
paging,q14,2,HASH_JOIN,10.538505
paging,q14,2,MERGE_AGGREGATE,0.067698
paging,q14,2,MERGE_AGGREGATE,0.04966
paging,q14,2,MERGE_AGGREGATE,0.035317
paging,q14,2,PARTITION,0.22351199999999996
paging,q14,2,PARTITION,0.242422
paging,q14,2,PARTITION,0.38559800000000005
paging,q14,2,PROJECTION,1.7013289999999999
paging,q14,2,PROJECTION,1.701192
paging,q14,2,PROJECTION,1.228208
paging,q14,2,RESULT_COLLECTOR,0.259528
paging,q14,2,RESULT_COLLECTOR,0.423753
paging,q14,2,RESULT_COLLECTOR,0.098702
paging,q14,2,UNGROUPED_AGGREGATE,0.802277
paging,q14,2,UNGROUPED_AGGREGATE,0.804909
paging,q14,2,UNGROUPED_AGGREGATE,0.679966
paging,q14,3,CONCAT,6.625973
paging,q14,3,CONCAT,6.7055880000000005
paging,q14,3,CONCAT,6.73412
paging,q14,3,GPU_SCAN,4712.646224
paging,q14,3,GPU_SCAN,4829.526578
paging,q14,3,GPU_SCAN,4642.663311
paging,q14,3,HASH_JOIN,10.702552
paging,q14,3,HASH_JOIN,10.808967
paging,q14,3,HASH_JOIN,10.344501
paging,q14,3,MERGE_AGGREGATE,0.017784
paging,q14,3,MERGE_AGGREGATE,0.033659
paging,q14,3,MERGE_AGGREGATE,0.066479
paging,q14,3,PARTITION,0.16964900000000002
paging,q14,3,PARTITION,0.143446
paging,q14,3,PARTITION,0.20959799999999998
paging,q14,3,PROJECTION,1.233947
paging,q14,3,PROJECTION,1.619581
paging,q14,3,PROJECTION,1.289296
paging,q14,3,RESULT_COLLECTOR,0.080865
paging,q14,3,RESULT_COLLECTOR,0.164303
paging,q14,3,RESULT_COLLECTOR,0.115844
paging,q14,3,UNGROUPED_AGGREGATE,0.726662
paging,q14,3,UNGROUPED_AGGREGATE,0.711923
paging,q14,3,UNGROUPED_AGGREGATE,0.751433
paging,q14,4,CONCAT,7.087172
paging,q14,4,CONCAT,6.593335
paging,q14,4,CONCAT,6.632506
paging,q14,4,GPU_SCAN,4689.222428
paging,q14,4,GPU_SCAN,4666.279223
paging,q14,4,GPU_SCAN,4684.247178999999
paging,q14,4,HASH_JOIN,10.783918
paging,q14,4,HASH_JOIN,10.696221
paging,q14,4,HASH_JOIN,10.324813
paging,q14,4,MERGE_AGGREGATE,0.033957
paging,q14,4,MERGE_AGGREGATE,0.061549
paging,q14,4,MERGE_AGGREGATE,0.062848
paging,q14,4,PARTITION,0.147064
paging,q14,4,PARTITION,0.23455600000000004
paging,q14,4,PARTITION,0.275131
paging,q14,4,PROJECTION,1.6933770000000001
paging,q14,4,PROJECTION,1.5469549999999999
paging,q14,4,PROJECTION,1.587374
paging,q14,4,RESULT_COLLECTOR,0.188298
paging,q14,4,RESULT_COLLECTOR,0.194745
paging,q14,4,RESULT_COLLECTOR,0.173231
paging,q14,4,UNGROUPED_AGGREGATE,0.792937
paging,q14,4,UNGROUPED_AGGREGATE,0.724615
paging,q14,4,UNGROUPED_AGGREGATE,0.699568
paging,q14,5,CONCAT,6.776445
paging,q14,5,CONCAT,7.059863
paging,q14,5,CONCAT,6.9363850000000005
paging,q14,5,GPU_SCAN,4765.808725
paging,q14,5,GPU_SCAN,4769.998996
paging,q14,5,GPU_SCAN,4758.083968000001
paging,q14,5,HASH_JOIN,11.036486
paging,q14,5,HASH_JOIN,10.614468
paging,q14,5,HASH_JOIN,10.407415
paging,q14,5,MERGE_AGGREGATE,0.009863
paging,q14,5,MERGE_AGGREGATE,0.032059
paging,q14,5,MERGE_AGGREGATE,0.014884
paging,q14,5,PARTITION,0.18988999999999995
paging,q14,5,PARTITION,0.311854
paging,q14,5,PARTITION,0.18527500000000005
paging,q14,5,PROJECTION,1.317754
paging,q14,5,PROJECTION,1.605041
paging,q14,5,PROJECTION,1.549502
paging,q14,5,RESULT_COLLECTOR,0.090303
paging,q14,5,RESULT_COLLECTOR,0.181287
paging,q14,5,RESULT_COLLECTOR,0.173233
paging,q14,5,UNGROUPED_AGGREGATE,0.773386
paging,q14,5,UNGROUPED_AGGREGATE,0.746963
paging,q14,5,UNGROUPED_AGGREGATE,0.715136
paging,q15,1,CONCAT,0.124132
paging,q15,1,CONCAT,0.058985
paging,q15,1,CONCAT,0.031037
paging,q15,1,CTE,0.008023
paging,q15,1,CTE,0.051116
paging,q15,1,CTE,0.007145
paging,q15,1,GPU_SCAN,4804.8713849999995
paging,q15,1,GPU_SCAN,4882.442536000001
paging,q15,1,GPU_SCAN,4789.329736000001
paging,q15,1,HASH_GROUP_BY,19.199814
paging,q15,1,HASH_GROUP_BY,20.147546000000002
paging,q15,1,HASH_GROUP_BY,17.643333
paging,q15,1,HASH_JOIN,2.446112
paging,q15,1,HASH_JOIN,1.6644809999999999
paging,q15,1,HASH_JOIN,1.2586490000000001
paging,q15,1,MERGE_AGGREGATE,0.092726
paging,q15,1,MERGE_AGGREGATE,0.072115
paging,q15,1,MERGE_AGGREGATE,0.023478
paging,q15,1,MERGE_GROUP_BY,5.448209
paging,q15,1,MERGE_GROUP_BY,4.884494
paging,q15,1,MERGE_GROUP_BY,4.866213
paging,q15,1,MERGE_SORT,0.011862
paging,q15,1,MERGE_SORT,0.029982
paging,q15,1,MERGE_SORT,0.018275
paging,q15,1,ORDER_BY,0.34302
paging,q15,1,ORDER_BY,0.289396
paging,q15,1,ORDER_BY,0.261717
paging,q15,1,PARTITION,0.385939
paging,q15,1,PARTITION,0.4056989999999999
paging,q15,1,PARTITION,0.18847899999999995
paging,q15,1,PROJECTION,12.139523999999998
paging,q15,1,PROJECTION,10.802387999999999
paging,q15,1,PROJECTION,9.160397999999999
paging,q15,1,RESULT_COLLECTOR,0.192599
paging,q15,1,RESULT_COLLECTOR,0.201953
paging,q15,1,RESULT_COLLECTOR,0.14295
paging,q15,1,SORT_PARTITION,1.633687
paging,q15,1,SORT_PARTITION,0.647472
paging,q15,1,SORT_PARTITION,0.494521
paging,q15,1,SORT_SAMPLE,0.279775
paging,q15,1,SORT_SAMPLE,0.048515
paging,q15,1,SORT_SAMPLE,0.045291
paging,q15,1,UNGROUPED_AGGREGATE,9.545259
paging,q15,1,UNGROUPED_AGGREGATE,0.7946869999999999
paging,q15,1,UNGROUPED_AGGREGATE,0.351578
paging,q15,2,CONCAT,0.079736
paging,q15,2,CONCAT,0.093377
paging,q15,2,CONCAT,0.131029
paging,q15,2,CTE,0.032587
paging,q15,2,CTE,0.02438
paging,q15,2,CTE,0.009745
paging,q15,2,GPU_SCAN,4569.863567
paging,q15,2,GPU_SCAN,4756.977105
paging,q15,2,GPU_SCAN,4539.218676999999
paging,q15,2,HASH_GROUP_BY,25.340442000000003
paging,q15,2,HASH_GROUP_BY,20.285006
paging,q15,2,HASH_GROUP_BY,20.222015999999996
paging,q15,2,HASH_JOIN,2.901615
paging,q15,2,HASH_JOIN,1.53449
paging,q15,2,HASH_JOIN,2.477665
paging,q15,2,MERGE_AGGREGATE,0.08892800000000001
paging,q15,2,MERGE_AGGREGATE,0.07522
paging,q15,2,MERGE_AGGREGATE,0.046114
paging,q15,2,MERGE_GROUP_BY,5.426822
paging,q15,2,MERGE_GROUP_BY,5.440388
paging,q15,2,MERGE_GROUP_BY,4.835241
paging,q15,2,MERGE_SORT,0.06059
paging,q15,2,MERGE_SORT,0.043022
paging,q15,2,MERGE_SORT,0.038051
paging,q15,2,ORDER_BY,0.794531
paging,q15,2,ORDER_BY,0.262266
paging,q15,2,ORDER_BY,0.696287
paging,q15,2,PARTITION,0.6264109999999999
paging,q15,2,PARTITION,0.9312179999999997
paging,q15,2,PARTITION,0.43735199999999996
paging,q15,2,PROJECTION,9.785339999999998
paging,q15,2,PROJECTION,22.527899000000005
paging,q15,2,PROJECTION,10.413745999999998
paging,q15,2,RESULT_COLLECTOR,0.219922
paging,q15,2,RESULT_COLLECTOR,0.186064
paging,q15,2,RESULT_COLLECTOR,0.151786
paging,q15,2,SORT_PARTITION,1.141881
paging,q15,2,SORT_PARTITION,1.389981
paging,q15,2,SORT_PARTITION,1.305099
paging,q15,2,SORT_SAMPLE,0.088752
paging,q15,2,SORT_SAMPLE,0.212596
paging,q15,2,SORT_SAMPLE,0.235383
paging,q15,2,UNGROUPED_AGGREGATE,0.9277839999999999
paging,q15,2,UNGROUPED_AGGREGATE,0.630433
paging,q15,2,UNGROUPED_AGGREGATE,0.743698
paging,q15,3,CONCAT,0.11633600000000001
paging,q15,3,CONCAT,0.059643
paging,q15,3,CONCAT,0.139659
paging,q15,3,CTE,0.010144
paging,q15,3,CTE,0.009465
paging,q15,3,CTE,0.024834
paging,q15,3,GPU_SCAN,4914.465920000001
paging,q15,3,GPU_SCAN,4714.513572000001
paging,q15,3,GPU_SCAN,4896.548363
paging,q15,3,HASH_GROUP_BY,28.813179
paging,q15,3,HASH_GROUP_BY,24.877834999999997
paging,q15,3,HASH_GROUP_BY,23.845909999999996
paging,q15,3,HASH_JOIN,2.596394
paging,q15,3,HASH_JOIN,2.721286
paging,q15,3,HASH_JOIN,2.2669070000000002
paging,q15,3,MERGE_AGGREGATE,0.079064
paging,q15,3,MERGE_AGGREGATE,0.050971
paging,q15,3,MERGE_AGGREGATE,0.043692
paging,q15,3,MERGE_GROUP_BY,4.880323
paging,q15,3,MERGE_GROUP_BY,4.920595
paging,q15,3,MERGE_GROUP_BY,4.949787
paging,q15,3,MERGE_SORT,0.077205
paging,q15,3,MERGE_SORT,0.044524
paging,q15,3,MERGE_SORT,0.042996
paging,q15,3,ORDER_BY,0.81433
paging,q15,3,ORDER_BY,0.792219
paging,q15,3,ORDER_BY,0.759886
paging,q15,3,PARTITION,1.082358
paging,q15,3,PARTITION,0.45359099999999997
paging,q15,3,PARTITION,0.514019
paging,q15,3,PROJECTION,19.549450999999998
paging,q15,3,PROJECTION,13.856669
paging,q15,3,PROJECTION,17.438981999999996
paging,q15,3,RESULT_COLLECTOR,0.31782
paging,q15,3,RESULT_COLLECTOR,0.177409
paging,q15,3,RESULT_COLLECTOR,0.174459
paging,q15,3,SORT_PARTITION,1.878459
paging,q15,3,SORT_PARTITION,0.668235
paging,q15,3,SORT_PARTITION,1.489506
paging,q15,3,SORT_SAMPLE,0.262751
paging,q15,3,SORT_SAMPLE,0.091367
paging,q15,3,SORT_SAMPLE,0.270428
paging,q15,3,UNGROUPED_AGGREGATE,1.091884
paging,q15,3,UNGROUPED_AGGREGATE,0.558809
paging,q15,3,UNGROUPED_AGGREGATE,0.7942199999999999
paging,q15,4,CONCAT,0.09241
paging,q15,4,CONCAT,0.037504
paging,q15,4,CONCAT,0.107698
paging,q15,4,CTE,0.074194
paging,q15,4,CTE,0.006076
paging,q15,4,CTE,0.025017
paging,q15,4,GPU_SCAN,4677.839886999998
paging,q15,4,GPU_SCAN,4701.832417
paging,q15,4,GPU_SCAN,4710.598381000001
paging,q15,4,HASH_GROUP_BY,19.119913
paging,q15,4,HASH_GROUP_BY,20.037923
paging,q15,4,HASH_GROUP_BY,24.649432
paging,q15,4,HASH_JOIN,2.336108
paging,q15,4,HASH_JOIN,2.411441
paging,q15,4,HASH_JOIN,2.223281
paging,q15,4,MERGE_AGGREGATE,0.101425
paging,q15,4,MERGE_AGGREGATE,0.03062
paging,q15,4,MERGE_AGGREGATE,0.074421
paging,q15,4,MERGE_GROUP_BY,4.770078
paging,q15,4,MERGE_GROUP_BY,5.396067
paging,q15,4,MERGE_GROUP_BY,5.493772
paging,q15,4,MERGE_SORT,0.040005
paging,q15,4,MERGE_SORT,0.052638
paging,q15,4,MERGE_SORT,0.016229
paging,q15,4,ORDER_BY,0.324725
paging,q15,4,ORDER_BY,0.765312
paging,q15,4,ORDER_BY,0.545456
paging,q15,4,PARTITION,0.42551200000000006
paging,q15,4,PARTITION,0.345417
paging,q15,4,PARTITION,0.39662400000000003
paging,q15,4,PROJECTION,14.631918000000004
paging,q15,4,PROJECTION,9.495249000000003
paging,q15,4,PROJECTION,14.439343000000001
paging,q15,4,RESULT_COLLECTOR,0.142266
paging,q15,4,RESULT_COLLECTOR,0.132528
paging,q15,4,RESULT_COLLECTOR,0.204637
paging,q15,4,SORT_PARTITION,1.557888
paging,q15,4,SORT_PARTITION,0.647946
paging,q15,4,SORT_PARTITION,1.473766
paging,q15,4,SORT_SAMPLE,0.223643
paging,q15,4,SORT_SAMPLE,0.062875
paging,q15,4,SORT_SAMPLE,0.256262
paging,q15,4,UNGROUPED_AGGREGATE,0.409752
paging,q15,4,UNGROUPED_AGGREGATE,0.395574
paging,q15,4,UNGROUPED_AGGREGATE,0.512819
paging,q15,5,CONCAT,0.097264
paging,q15,5,CONCAT,0.106852
paging,q15,5,CONCAT,0.033315
paging,q15,5,CTE,0.013648
paging,q15,5,CTE,0.016242
paging,q15,5,CTE,0.021201
paging,q15,5,GPU_SCAN,4751.918194999999
paging,q15,5,GPU_SCAN,4750.653618999999
paging,q15,5,GPU_SCAN,4773.706481
paging,q15,5,HASH_GROUP_BY,20.734786000000003
paging,q15,5,HASH_GROUP_BY,23.466409999999996
paging,q15,5,HASH_GROUP_BY,22.107236
paging,q15,5,HASH_JOIN,1.5057649999999998
paging,q15,5,HASH_JOIN,2.259004
paging,q15,5,HASH_JOIN,1.8660510000000001
paging,q15,5,MERGE_AGGREGATE,0.077794
paging,q15,5,MERGE_AGGREGATE,0.042072
paging,q15,5,MERGE_AGGREGATE,0.057138
paging,q15,5,MERGE_GROUP_BY,4.928465
paging,q15,5,MERGE_GROUP_BY,4.867434
paging,q15,5,MERGE_GROUP_BY,4.890091
paging,q15,5,MERGE_SORT,0.042557
paging,q15,5,MERGE_SORT,0.026796
paging,q15,5,MERGE_SORT,0.011279
paging,q15,5,ORDER_BY,0.244661
paging,q15,5,ORDER_BY,0.65792
paging,q15,5,ORDER_BY,0.587251
paging,q15,5,PARTITION,0.48216799999999993
paging,q15,5,PARTITION,0.4114249999999999
paging,q15,5,PARTITION,0.33322100000000004
paging,q15,5,PROJECTION,10.568602999999996
paging,q15,5,PROJECTION,8.622171999999999
paging,q15,5,PROJECTION,7.658377
paging,q15,5,RESULT_COLLECTOR,0.146623
paging,q15,5,RESULT_COLLECTOR,0.13634
paging,q15,5,RESULT_COLLECTOR,0.147056
paging,q15,5,SORT_PARTITION,1.591915
paging,q15,5,SORT_PARTITION,1.546887
paging,q15,5,SORT_PARTITION,1.085464
paging,q15,5,SORT_SAMPLE,0.262445
paging,q15,5,SORT_SAMPLE,0.232173
paging,q15,5,SORT_SAMPLE,0.082974
paging,q15,5,UNGROUPED_AGGREGATE,0.387195
paging,q15,5,UNGROUPED_AGGREGATE,0.7636719999999999
paging,q15,5,UNGROUPED_AGGREGATE,0.411954
paging,q16,1,CONCAT,0.39774600000000004
paging,q16,1,CONCAT,0.19663999999999998
paging,q16,1,CONCAT,0.374374
paging,q16,1,DYNAMIC_FILTER,1.124027
paging,q16,1,DYNAMIC_FILTER,1.110633
paging,q16,1,DYNAMIC_FILTER,1.111296
paging,q16,1,FILTER,6.346347
paging,q16,1,FILTER,6.361931
paging,q16,1,FILTER,6.446407
paging,q16,1,GPU_SCAN,186.226268
paging,q16,1,GPU_SCAN,159.488923
paging,q16,1,GPU_SCAN,156.65790800000002
paging,q16,1,HASH_GROUP_BY,90.460435
paging,q16,1,HASH_GROUP_BY,81.533737
paging,q16,1,HASH_GROUP_BY,81.656881
paging,q16,1,HASH_JOIN,8.707539
paging,q16,1,HASH_JOIN,8.440774999999999
paging,q16,1,HASH_JOIN,8.823275
paging,q16,1,MERGE_GROUP_BY,3.552228
paging,q16,1,MERGE_GROUP_BY,0.441787
paging,q16,1,MERGE_GROUP_BY,1.175141
paging,q16,1,MERGE_SORT,0.034289
paging,q16,1,MERGE_SORT,0.033176
paging,q16,1,MERGE_SORT,0.007233
paging,q16,1,ORDER_BY,2.562583
paging,q16,1,ORDER_BY,2.359127
paging,q16,1,ORDER_BY,2.452882
paging,q16,1,PARTITION,0.214759
paging,q16,1,PARTITION,0.175385
paging,q16,1,PARTITION,0.110478
paging,q16,1,PROJECTION,0.016192
paging,q16,1,PROJECTION,0.014273
paging,q16,1,PROJECTION,0.0146
paging,q16,1,RESULT_COLLECTOR,0.81764
paging,q16,1,RESULT_COLLECTOR,0.698611
paging,q16,1,RESULT_COLLECTOR,1.395841
paging,q16,1,SORT_PARTITION,0.012125
paging,q16,1,SORT_PARTITION,0.006033
paging,q16,1,SORT_PARTITION,0.006144
paging,q16,1,SORT_SAMPLE,0.017757
paging,q16,1,SORT_SAMPLE,0.008921
paging,q16,1,SORT_SAMPLE,0.010388
paging,q16,2,CONCAT,0.24926199999999998
paging,q16,2,CONCAT,0.3765
paging,q16,2,CONCAT,0.43755599999999994
paging,q16,2,DYNAMIC_FILTER,1.159283
paging,q16,2,DYNAMIC_FILTER,1.159438
paging,q16,2,DYNAMIC_FILTER,1.234338
paging,q16,2,FILTER,6.4841809999999995
paging,q16,2,FILTER,6.4656769999999995
paging,q16,2,FILTER,6.458715
paging,q16,2,GPU_SCAN,186.33450200000001
paging,q16,2,GPU_SCAN,184.68533200000002
paging,q16,2,GPU_SCAN,185.22267800000003
paging,q16,2,HASH_GROUP_BY,81.952441
paging,q16,2,HASH_GROUP_BY,82.315357
paging,q16,2,HASH_GROUP_BY,82.279956
paging,q16,2,HASH_JOIN,9.753028
paging,q16,2,HASH_JOIN,8.536085
paging,q16,2,HASH_JOIN,9.075455
paging,q16,2,MERGE_GROUP_BY,0.559826
paging,q16,2,MERGE_GROUP_BY,1.315264
paging,q16,2,MERGE_GROUP_BY,1.510254
paging,q16,2,MERGE_SORT,0.010625
paging,q16,2,MERGE_SORT,0.01254
paging,q16,2,MERGE_SORT,0.022605
paging,q16,2,ORDER_BY,3.064744
paging,q16,2,ORDER_BY,2.7947
paging,q16,2,ORDER_BY,2.559079
paging,q16,2,PARTITION,0.326975
paging,q16,2,PARTITION,0.251965
paging,q16,2,PARTITION,0.244519
paging,q16,2,PROJECTION,0.019798
paging,q16,2,PROJECTION,0.017519
paging,q16,2,PROJECTION,0.019777
paging,q16,2,RESULT_COLLECTOR,1.36492
paging,q16,2,RESULT_COLLECTOR,0.887321
paging,q16,2,RESULT_COLLECTOR,1.002244
paging,q16,2,SORT_PARTITION,0.007807
paging,q16,2,SORT_PARTITION,0.014104
paging,q16,2,SORT_PARTITION,0.0059
paging,q16,2,SORT_SAMPLE,0.014287
paging,q16,2,SORT_SAMPLE,0.018164
paging,q16,2,SORT_SAMPLE,0.015029
paging,q16,3,CONCAT,0.174894
paging,q16,3,CONCAT,0.17071200000000003
paging,q16,3,CONCAT,0.154041
paging,q16,3,DYNAMIC_FILTER,1.13921
paging,q16,3,DYNAMIC_FILTER,1.111628
paging,q16,3,DYNAMIC_FILTER,1.125388
paging,q16,3,FILTER,6.3971540000000005
paging,q16,3,FILTER,6.41762
paging,q16,3,FILTER,6.355072
paging,q16,3,GPU_SCAN,183.83207
paging,q16,3,GPU_SCAN,182.286281
paging,q16,3,GPU_SCAN,180.93331899999998
paging,q16,3,HASH_GROUP_BY,81.283913
paging,q16,3,HASH_GROUP_BY,81.52281
paging,q16,3,HASH_GROUP_BY,81.498622
paging,q16,3,HASH_JOIN,9.050958999999999
paging,q16,3,HASH_JOIN,8.806568
paging,q16,3,HASH_JOIN,8.430234
paging,q16,3,MERGE_GROUP_BY,0.489979
paging,q16,3,MERGE_GROUP_BY,0.464929
paging,q16,3,MERGE_GROUP_BY,0.455542
paging,q16,3,MERGE_SORT,0.008408
paging,q16,3,MERGE_SORT,0.008009
paging,q16,3,MERGE_SORT,0.010291
paging,q16,3,ORDER_BY,2.341502
paging,q16,3,ORDER_BY,2.663167
paging,q16,3,ORDER_BY,2.361527
paging,q16,3,PARTITION,0.121749
paging,q16,3,PARTITION,0.142071
paging,q16,3,PARTITION,0.061212
paging,q16,3,PROJECTION,0.019531
paging,q16,3,PROJECTION,0.016073
paging,q16,3,PROJECTION,0.016871
paging,q16,3,RESULT_COLLECTOR,1.046598
paging,q16,3,RESULT_COLLECTOR,0.765581
paging,q16,3,RESULT_COLLECTOR,0.748516
paging,q16,3,SORT_PARTITION,0.006442
paging,q16,3,SORT_PARTITION,0.006532
paging,q16,3,SORT_PARTITION,0.007112
paging,q16,3,SORT_SAMPLE,0.016443
paging,q16,3,SORT_SAMPLE,0.010469
paging,q16,3,SORT_SAMPLE,0.010351
paging,q16,4,CONCAT,0.192892
paging,q16,4,CONCAT,0.20061800000000002
paging,q16,4,CONCAT,0.19782600000000003
paging,q16,4,DYNAMIC_FILTER,1.111663
paging,q16,4,DYNAMIC_FILTER,1.112616
paging,q16,4,DYNAMIC_FILTER,1.116131
paging,q16,4,FILTER,6.505475
paging,q16,4,FILTER,6.498499000000001
paging,q16,4,FILTER,6.367789
paging,q16,4,GPU_SCAN,181.65584800000002
paging,q16,4,GPU_SCAN,183.378412
paging,q16,4,GPU_SCAN,180.079705
paging,q16,4,HASH_GROUP_BY,81.679072
paging,q16,4,HASH_GROUP_BY,81.729069
paging,q16,4,HASH_GROUP_BY,81.700657
paging,q16,4,HASH_JOIN,8.96988
paging,q16,4,HASH_JOIN,9.057137
paging,q16,4,HASH_JOIN,8.410332
paging,q16,4,MERGE_GROUP_BY,0.45072
paging,q16,4,MERGE_GROUP_BY,0.462612
paging,q16,4,MERGE_GROUP_BY,1.310037
paging,q16,4,MERGE_SORT,0.034672
paging,q16,4,MERGE_SORT,0.008273
paging,q16,4,MERGE_SORT,0.012857
paging,q16,4,ORDER_BY,3.014464
paging,q16,4,ORDER_BY,2.826333
paging,q16,4,ORDER_BY,2.72705
paging,q16,4,PARTITION,0.23952800000000002
paging,q16,4,PARTITION,0.242229
paging,q16,4,PARTITION,0.186011
paging,q16,4,PROJECTION,0.018146
paging,q16,4,PROJECTION,0.015462
paging,q16,4,PROJECTION,0.015271
paging,q16,4,RESULT_COLLECTOR,0.76102
paging,q16,4,RESULT_COLLECTOR,0.810492
paging,q16,4,RESULT_COLLECTOR,0.775345
paging,q16,4,SORT_PARTITION,0.006108
paging,q16,4,SORT_PARTITION,0.008689
paging,q16,4,SORT_PARTITION,0.014015
paging,q16,4,SORT_SAMPLE,0.011119
paging,q16,4,SORT_SAMPLE,0.016182
paging,q16,4,SORT_SAMPLE,0.020916
paging,q16,5,CONCAT,0.36496599999999996
paging,q16,5,CONCAT,0.222436
paging,q16,5,CONCAT,0.47068799999999994
paging,q16,5,DYNAMIC_FILTER,1.210666
paging,q16,5,DYNAMIC_FILTER,1.122821
paging,q16,5,DYNAMIC_FILTER,1.12657
paging,q16,5,FILTER,6.477498
paging,q16,5,FILTER,7.348122999999999
paging,q16,5,FILTER,6.4219170000000005
paging,q16,5,GPU_SCAN,189.72235500000002
paging,q16,5,GPU_SCAN,182.274329
paging,q16,5,GPU_SCAN,186.385178
paging,q16,5,HASH_GROUP_BY,81.773018
paging,q16,5,HASH_GROUP_BY,81.954504
paging,q16,5,HASH_GROUP_BY,81.721692
paging,q16,5,HASH_JOIN,9.22969
paging,q16,5,HASH_JOIN,8.606147
paging,q16,5,HASH_JOIN,9.13255
paging,q16,5,MERGE_GROUP_BY,1.280735
paging,q16,5,MERGE_GROUP_BY,0.503642
paging,q16,5,MERGE_GROUP_BY,1.243714
paging,q16,5,MERGE_SORT,0.009336
paging,q16,5,MERGE_SORT,0.010839
paging,q16,5,MERGE_SORT,0.034398
paging,q16,5,ORDER_BY,2.446017
paging,q16,5,ORDER_BY,2.914072
paging,q16,5,ORDER_BY,2.421865
paging,q16,5,PARTITION,0.158301
paging,q16,5,PARTITION,0.14550600000000002
paging,q16,5,PARTITION,0.18044900000000003
paging,q16,5,PROJECTION,0.022142
paging,q16,5,PROJECTION,0.019
paging,q16,5,PROJECTION,0.016102
paging,q16,5,RESULT_COLLECTOR,0.92985
paging,q16,5,RESULT_COLLECTOR,1.064909
paging,q16,5,RESULT_COLLECTOR,1.0342
paging,q16,5,SORT_PARTITION,0.007963
paging,q16,5,SORT_PARTITION,0.024386
paging,q16,5,SORT_PARTITION,0.006496
paging,q16,5,SORT_SAMPLE,0.011455
paging,q16,5,SORT_SAMPLE,0.041554
paging,q16,5,SORT_SAMPLE,0.013326
paging,q17,1,CONCAT,0.46826799999999996
paging,q17,1,CONCAT,0.6873139999999999
paging,q17,1,DYNAMIC_FILTER,29.668212000000004
paging,q17,1,DYNAMIC_FILTER,29.159186000000002
paging,q17,1,FILTER,0.12183
paging,q17,1,FILTER,0.134458
paging,q17,1,GPU_SCAN,6060.248942000001
paging,q17,1,GPU_SCAN,6180.356662000001
paging,q17,1,HASH_GROUP_BY,8.98962
paging,q17,1,HASH_GROUP_BY,73.128631
paging,q17,1,HASH_JOIN,137.936723
paging,q17,1,HASH_JOIN,143.92863000000003
paging,q17,1,LEFT_DELIM_JOIN,0.354248
paging,q17,1,LEFT_DELIM_JOIN,0.229239
paging,q17,1,MERGE_AGGREGATE,0.061537
paging,q17,1,MERGE_AGGREGATE,0.017116
paging,q17,1,MERGE_GROUP_BY,0.547505
paging,q17,1,MERGE_GROUP_BY,0.578869
paging,q17,1,PARTITION,0.750606
paging,q17,1,PARTITION,0.44333
paging,q17,1,PROJECTION,0.494166
paging,q17,1,PROJECTION,18.43389
paging,q17,1,RESULT_COLLECTOR,0.087025
paging,q17,1,RESULT_COLLECTOR,0.094991
paging,q17,1,UNGROUPED_AGGREGATE,0.161887
paging,q17,1,UNGROUPED_AGGREGATE,0.186764
paging,q17,2,CONCAT,0.5819030000000001
paging,q17,2,CONCAT,1.0551919999999997
paging,q17,2,DYNAMIC_FILTER,27.998701
paging,q17,2,DYNAMIC_FILTER,29.072577000000003
paging,q17,2,FILTER,0.29079
paging,q17,2,FILTER,0.157631
paging,q17,2,GPU_SCAN,6123.060674
paging,q17,2,GPU_SCAN,6243.471774999999
paging,q17,2,HASH_GROUP_BY,53.47666399999999
paging,q17,2,HASH_GROUP_BY,29.204217
paging,q17,2,HASH_JOIN,129.27263
paging,q17,2,HASH_JOIN,193.436127
paging,q17,2,LEFT_DELIM_JOIN,0.3423
paging,q17,2,LEFT_DELIM_JOIN,0.216
paging,q17,2,MERGE_AGGREGATE,0.035579
paging,q17,2,MERGE_AGGREGATE,0.031045
paging,q17,2,MERGE_GROUP_BY,1.347365
paging,q17,2,MERGE_GROUP_BY,0.5903419999999999
paging,q17,2,PARTITION,0.522515
paging,q17,2,PARTITION,0.7352320000000001
paging,q17,2,PROJECTION,0.505172
paging,q17,2,PROJECTION,2.3566470000000006
paging,q17,2,RESULT_COLLECTOR,0.123454
paging,q17,2,RESULT_COLLECTOR,0.099672
paging,q17,2,UNGROUPED_AGGREGATE,0.347101
paging,q17,2,UNGROUPED_AGGREGATE,0.211238
paging,q17,3,CONCAT,0.36693300000000006
paging,q17,3,CONCAT,0.6113890000000001
paging,q17,3,DYNAMIC_FILTER,30.574571
paging,q17,3,DYNAMIC_FILTER,26.129525
paging,q17,3,FILTER,0.349317
paging,q17,3,FILTER,0.164371
paging,q17,3,GPU_SCAN,6304.451048999999
paging,q17,3,GPU_SCAN,6214.698504999999
paging,q17,3,HASH_GROUP_BY,22.386663999999996
paging,q17,3,HASH_GROUP_BY,74.54183500000002
paging,q17,3,HASH_JOIN,152.298667
paging,q17,3,HASH_JOIN,157.0371
paging,q17,3,LEFT_DELIM_JOIN,0.269488
paging,q17,3,LEFT_DELIM_JOIN,0.285272
paging,q17,3,MERGE_AGGREGATE,0.013164
paging,q17,3,MERGE_AGGREGATE,0.027398
paging,q17,3,MERGE_GROUP_BY,0.519338
paging,q17,3,MERGE_GROUP_BY,0.863506
paging,q17,3,PARTITION,0.5358319999999999
paging,q17,3,PARTITION,0.393318
paging,q17,3,PROJECTION,0.713204
paging,q17,3,PROJECTION,11.408678
paging,q17,3,RESULT_COLLECTOR,0.079984
paging,q17,3,RESULT_COLLECTOR,0.110873
paging,q17,3,UNGROUPED_AGGREGATE,0.443786
paging,q17,3,UNGROUPED_AGGREGATE,0.189682
paging,q17,4,CONCAT,0.614641
paging,q17,4,CONCAT,0.6259810000000001
paging,q17,4,DYNAMIC_FILTER,32.800585
paging,q17,4,DYNAMIC_FILTER,26.328986000000004
paging,q17,4,FILTER,0.125237
paging,q17,4,FILTER,0.132233
paging,q17,4,GPU_SCAN,6082.081861
paging,q17,4,GPU_SCAN,6037.824240000001
paging,q17,4,HASH_GROUP_BY,50.686015000000005
paging,q17,4,HASH_GROUP_BY,26.537999
paging,q17,4,HASH_JOIN,187.96756399999998
paging,q17,4,HASH_JOIN,197.90649299999998
paging,q17,4,LEFT_DELIM_JOIN,0.254687
paging,q17,4,LEFT_DELIM_JOIN,0.203303
paging,q17,4,MERGE_AGGREGATE,0.031295
paging,q17,4,MERGE_AGGREGATE,0.03692
paging,q17,4,MERGE_GROUP_BY,0.896628
paging,q17,4,MERGE_GROUP_BY,0.7049770000000001
paging,q17,4,PARTITION,0.576133
paging,q17,4,PARTITION,0.5544689999999999
paging,q17,4,PROJECTION,0.37935199999999997
paging,q17,4,PROJECTION,0.76988
paging,q17,4,RESULT_COLLECTOR,0.074373
paging,q17,4,RESULT_COLLECTOR,0.094773
paging,q17,4,UNGROUPED_AGGREGATE,0.154289
paging,q17,4,UNGROUPED_AGGREGATE,0.169241
paging,q17,5,CONCAT,0.8668640000000001
paging,q17,5,CONCAT,0.5909260000000002
paging,q17,5,DYNAMIC_FILTER,28.041738000000002
paging,q17,5,DYNAMIC_FILTER,27.395018
paging,q17,5,FILTER,0.356992
paging,q17,5,FILTER,0.128881
paging,q17,5,GPU_SCAN,6474.111327000001
paging,q17,5,GPU_SCAN,6293.316292000001
paging,q17,5,HASH_GROUP_BY,51.583344
paging,q17,5,HASH_GROUP_BY,17.692881000000003
paging,q17,5,HASH_JOIN,173.90903799999998
paging,q17,5,HASH_JOIN,216.833562
paging,q17,5,LEFT_DELIM_JOIN,0.327294
paging,q17,5,LEFT_DELIM_JOIN,0.257449
paging,q17,5,MERGE_AGGREGATE,0.033897
paging,q17,5,MERGE_AGGREGATE,0.023097
paging,q17,5,MERGE_GROUP_BY,0.90391
paging,q17,5,MERGE_GROUP_BY,0.8194250000000001
paging,q17,5,PARTITION,0.7877919999999999
paging,q17,5,PARTITION,0.318799
paging,q17,5,PROJECTION,0.637611
paging,q17,5,PROJECTION,0.7371730000000001
paging,q17,5,RESULT_COLLECTOR,0.091009
paging,q17,5,RESULT_COLLECTOR,0.102572
paging,q17,5,UNGROUPED_AGGREGATE,0.515866
paging,q17,5,UNGROUPED_AGGREGATE,0.166239
paging,q18,1,CONCAT,0.622425
paging,q18,1,CONCAT,4.790597
paging,q18,1,DYNAMIC_FILTER,30.685965000000003
paging,q18,1,DYNAMIC_FILTER,29.327081000000003
paging,q18,1,FILTER,7.242578
paging,q18,1,FILTER,8.049408
paging,q18,1,GPU_SCAN,3181.5591780000004
paging,q18,1,GPU_SCAN,3374.0381199999993
paging,q18,1,HASH_GROUP_BY,140.06003199999998
paging,q18,1,HASH_GROUP_BY,336.995606
paging,q18,1,HASH_JOIN,3.9342260000000002
paging,q18,1,HASH_JOIN,4.128189
paging,q18,1,MERGE_GROUP_BY,307.910165
paging,q18,1,MERGE_GROUP_BY,309.09116
paging,q18,1,MERGE_SORT,0.839032
paging,q18,1,MERGE_SORT,0.865544
paging,q18,1,ORDER_BY,0.42304
paging,q18,1,ORDER_BY,0.414717
paging,q18,1,PARTITION,90.36952399999997
paging,q18,1,PARTITION,60.79894200000001
paging,q18,1,PROJECTION,0.016033
paging,q18,1,PROJECTION,0.013969
paging,q18,1,RESULT_COLLECTOR,0.175269
paging,q18,1,RESULT_COLLECTOR,0.586241
paging,q18,1,SORT_PARTITION,0.661089
paging,q18,1,SORT_PARTITION,0.506074
paging,q18,1,SORT_SAMPLE,0.077449
paging,q18,1,SORT_SAMPLE,0.113388
paging,q18,2,CONCAT,1.1086399999999998
paging,q18,2,CONCAT,0.883597
paging,q18,2,DYNAMIC_FILTER,27.813491999999997
paging,q18,2,DYNAMIC_FILTER,28.703377
paging,q18,2,FILTER,7.359244
paging,q18,2,FILTER,7.2797670000000005
paging,q18,2,GPU_SCAN,3215.3432960000005
paging,q18,2,GPU_SCAN,3226.3866040000003
paging,q18,2,HASH_GROUP_BY,215.234587
paging,q18,2,HASH_GROUP_BY,235.94569199999998
paging,q18,2,HASH_JOIN,4.066968999999999
paging,q18,2,HASH_JOIN,4.322338
paging,q18,2,MERGE_GROUP_BY,307.68301
paging,q18,2,MERGE_GROUP_BY,309.26376
paging,q18,2,MERGE_SORT,1.054357
paging,q18,2,MERGE_SORT,1.290474
paging,q18,2,ORDER_BY,0.831793
paging,q18,2,ORDER_BY,0.56895
paging,q18,2,PARTITION,60.07578299999999
paging,q18,2,PARTITION,61.66949200000001
paging,q18,2,PROJECTION,0.011227
paging,q18,2,PROJECTION,0.016151
paging,q18,2,RESULT_COLLECTOR,0.305105
paging,q18,2,RESULT_COLLECTOR,0.428484
paging,q18,2,SORT_PARTITION,0.780719
paging,q18,2,SORT_PARTITION,0.954404
paging,q18,2,SORT_SAMPLE,0.029341
paging,q18,2,SORT_SAMPLE,0.045059
paging,q18,3,CONCAT,0.498321
paging,q18,3,CONCAT,0.539681
paging,q18,3,DYNAMIC_FILTER,31.264899
paging,q18,3,DYNAMIC_FILTER,29.519404000000005
paging,q18,3,FILTER,7.583491
paging,q18,3,FILTER,6.8439700000000006
paging,q18,3,GPU_SCAN,3501.000936
paging,q18,3,GPU_SCAN,3407.1210590000005
paging,q18,3,HASH_GROUP_BY,225.80811799999998
paging,q18,3,HASH_GROUP_BY,247.637218
paging,q18,3,HASH_JOIN,4.289375
paging,q18,3,HASH_JOIN,4.232006
paging,q18,3,MERGE_GROUP_BY,310.18233799999996
paging,q18,3,MERGE_GROUP_BY,307.958321
paging,q18,3,MERGE_SORT,1.040718
paging,q18,3,MERGE_SORT,0.953739
paging,q18,3,ORDER_BY,0.423713
paging,q18,3,ORDER_BY,0.387795
paging,q18,3,PARTITION,61.569171000000004
paging,q18,3,PARTITION,60.98327000000001
paging,q18,3,PROJECTION,0.013695
paging,q18,3,PROJECTION,0.011018
paging,q18,3,RESULT_COLLECTOR,0.212791
paging,q18,3,RESULT_COLLECTOR,0.401962
paging,q18,3,SORT_PARTITION,0.822606
paging,q18,3,SORT_PARTITION,0.751777
paging,q18,3,SORT_SAMPLE,0.045634
paging,q18,3,SORT_SAMPLE,0.079843
paging,q18,4,CONCAT,0.582722
paging,q18,4,CONCAT,0.608873
paging,q18,4,DYNAMIC_FILTER,33.869861
paging,q18,4,DYNAMIC_FILTER,37.413320999999996
paging,q18,4,FILTER,7.141517
paging,q18,4,FILTER,7.668532000000001
paging,q18,4,GPU_SCAN,3373.0622200000003
paging,q18,4,GPU_SCAN,3518.4413850000005
paging,q18,4,HASH_GROUP_BY,377.559251
paging,q18,4,HASH_GROUP_BY,311.62598399999996
paging,q18,4,HASH_JOIN,4.925565000000001
paging,q18,4,HASH_JOIN,4.632175
paging,q18,4,MERGE_GROUP_BY,309.62781600000005
paging,q18,4,MERGE_GROUP_BY,309.161255
paging,q18,4,MERGE_SORT,1.573006
paging,q18,4,MERGE_SORT,0.743027
paging,q18,4,ORDER_BY,0.489551
paging,q18,4,ORDER_BY,0.514091
paging,q18,4,PARTITION,61.338604
paging,q18,4,PARTITION,60.10072800000002
paging,q18,4,PROJECTION,0.047772
paging,q18,4,PROJECTION,0.051453
paging,q18,4,RESULT_COLLECTOR,0.392152
paging,q18,4,RESULT_COLLECTOR,0.19333
paging,q18,4,SORT_PARTITION,0.728704
paging,q18,4,SORT_PARTITION,0.747271
paging,q18,4,SORT_SAMPLE,0.054596
paging,q18,4,SORT_SAMPLE,0.052438
paging,q18,5,CONCAT,0.38789400000000007
paging,q18,5,CONCAT,0.383197
paging,q18,5,DYNAMIC_FILTER,31.082368
paging,q18,5,DYNAMIC_FILTER,26.373911000000003
paging,q18,5,FILTER,7.280464
paging,q18,5,FILTER,6.7336279999999995
paging,q18,5,GPU_SCAN,3209.9903529999997
paging,q18,5,GPU_SCAN,3177.269901
paging,q18,5,HASH_GROUP_BY,264.01239499999997
paging,q18,5,HASH_GROUP_BY,255.34002999999998
paging,q18,5,HASH_JOIN,4.093256
paging,q18,5,HASH_JOIN,4.460960000000001
paging,q18,5,MERGE_GROUP_BY,309.633268
paging,q18,5,MERGE_GROUP_BY,309.1941
paging,q18,5,MERGE_SORT,0.588215
paging,q18,5,MERGE_SORT,0.585142
paging,q18,5,ORDER_BY,0.450696
paging,q18,5,ORDER_BY,0.432084
paging,q18,5,PARTITION,60.573707000000006
paging,q18,5,PARTITION,61.462832000000006
paging,q18,5,PROJECTION,0.012733
paging,q18,5,PROJECTION,0.012895
paging,q18,5,RESULT_COLLECTOR,0.347935
paging,q18,5,RESULT_COLLECTOR,0.381794
paging,q18,5,SORT_PARTITION,0.574903
paging,q18,5,SORT_PARTITION,0.572207
paging,q18,5,SORT_SAMPLE,0.037415
paging,q18,5,SORT_SAMPLE,0.031463
paging,q19,1,CONCAT,3.6641450000000004
paging,q19,1,CONCAT,3.582471
paging,q19,1,DYNAMIC_FILTER,3.780691
paging,q19,1,DYNAMIC_FILTER,3.722525
paging,q19,1,FILTER,32.978371
paging,q19,1,FILTER,36.099126000000005
paging,q19,1,GPU_SCAN,4938.977937999999
paging,q19,1,GPU_SCAN,4914.301645
paging,q19,1,HASH_JOIN,21.543041
paging,q19,1,HASH_JOIN,21.24992
paging,q19,1,MERGE_AGGREGATE,0.063883
paging,q19,1,MERGE_AGGREGATE,0.014258
paging,q19,1,PARTITION,0.6784990000000002
paging,q19,1,PARTITION,0.32521900000000004
paging,q19,1,PROJECTION,0.094629
paging,q19,1,PROJECTION,0.083148
paging,q19,1,RESULT_COLLECTOR,0.241907
paging,q19,1,RESULT_COLLECTOR,0.198658
paging,q19,1,UNGROUPED_AGGREGATE,0.17568
paging,q19,1,UNGROUPED_AGGREGATE,0.153494
paging,q19,2,CONCAT,3.712217
paging,q19,2,CONCAT,3.747575
paging,q19,2,DYNAMIC_FILTER,3.782241
paging,q19,2,DYNAMIC_FILTER,3.816079
paging,q19,2,FILTER,32.75488899999999
paging,q19,2,FILTER,35.619824
paging,q19,2,GPU_SCAN,4973.7581629999995
paging,q19,2,GPU_SCAN,5000.084240000001
paging,q19,2,HASH_JOIN,21.508613
paging,q19,2,HASH_JOIN,21.555516
paging,q19,2,MERGE_AGGREGATE,0.070002
paging,q19,2,MERGE_AGGREGATE,0.064834
paging,q19,2,PARTITION,0.4075259999999999
paging,q19,2,PARTITION,0.4993589999999999
paging,q19,2,PROJECTION,0.11028
paging,q19,2,PROJECTION,0.102964
paging,q19,2,RESULT_COLLECTOR,0.253559
paging,q19,2,RESULT_COLLECTOR,0.259062
paging,q19,2,UNGROUPED_AGGREGATE,0.194844
paging,q19,2,UNGROUPED_AGGREGATE,0.193418
paging,q19,3,CONCAT,3.712324
paging,q19,3,CONCAT,3.57057
paging,q19,3,DYNAMIC_FILTER,3.816917
paging,q19,3,DYNAMIC_FILTER,3.770853
paging,q19,3,FILTER,33.86097600000001
paging,q19,3,FILTER,33.147694
paging,q19,3,GPU_SCAN,4861.567944
paging,q19,3,GPU_SCAN,4890.020387
paging,q19,3,HASH_JOIN,21.577524
paging,q19,3,HASH_JOIN,21.304959
paging,q19,3,MERGE_AGGREGATE,0.081238
paging,q19,3,MERGE_AGGREGATE,0.055687
paging,q19,3,PARTITION,0.43205600000000005
paging,q19,3,PARTITION,0.43617300000000003
paging,q19,3,PROJECTION,0.106692
paging,q19,3,PROJECTION,0.079525
paging,q19,3,RESULT_COLLECTOR,0.169589
paging,q19,3,RESULT_COLLECTOR,0.24034
paging,q19,3,UNGROUPED_AGGREGATE,0.193069
paging,q19,3,UNGROUPED_AGGREGATE,0.139338
paging,q19,4,CONCAT,4.096312
paging,q19,4,CONCAT,4.01157
paging,q19,4,DYNAMIC_FILTER,3.74742
paging,q19,4,DYNAMIC_FILTER,3.741129
paging,q19,4,FILTER,35.823399
paging,q19,4,FILTER,33.619998
paging,q19,4,GPU_SCAN,4819.927162000001
paging,q19,4,GPU_SCAN,4816.075603
paging,q19,4,HASH_JOIN,21.392455
paging,q19,4,HASH_JOIN,21.435237
paging,q19,4,MERGE_AGGREGATE,0.067193
paging,q19,4,MERGE_AGGREGATE,0.058008
paging,q19,4,PARTITION,0.5500889999999999
paging,q19,4,PARTITION,0.37060399999999993
paging,q19,4,PROJECTION,0.080853
paging,q19,4,PROJECTION,0.082761
paging,q19,4,RESULT_COLLECTOR,0.241607
paging,q19,4,RESULT_COLLECTOR,0.098847
paging,q19,4,UNGROUPED_AGGREGATE,0.155582
paging,q19,4,UNGROUPED_AGGREGATE,0.153286
paging,q19,5,CONCAT,3.9899389999999997
paging,q19,5,CONCAT,3.649597
paging,q19,5,DYNAMIC_FILTER,4.248272
paging,q19,5,DYNAMIC_FILTER,3.792097
paging,q19,5,FILTER,32.936222
paging,q19,5,FILTER,33.212734999999995
paging,q19,5,GPU_SCAN,4919.09121
paging,q19,5,GPU_SCAN,4917.693708999999
paging,q19,5,HASH_JOIN,21.39126
paging,q19,5,HASH_JOIN,21.722473
paging,q19,5,MERGE_AGGREGATE,0.059001
paging,q19,5,MERGE_AGGREGATE,0.077338
paging,q19,5,PARTITION,0.522391
paging,q19,5,PARTITION,0.8489000000000001
paging,q19,5,PROJECTION,0.084057
paging,q19,5,PROJECTION,0.107178
paging,q19,5,RESULT_COLLECTOR,0.095646
paging,q19,5,RESULT_COLLECTOR,0.236765
paging,q19,5,UNGROUPED_AGGREGATE,0.142812
paging,q19,5,UNGROUPED_AGGREGATE,0.181366
paging,q20,1,CONCAT,0.821346
paging,q20,1,CONCAT,0.595485
paging,q20,1,DYNAMIC_FILTER,7.193259
paging,q20,1,DYNAMIC_FILTER,6.956531000000001
paging,q20,1,FILTER,0.292057
paging,q20,1,FILTER,0.217723
paging,q20,1,GPU_SCAN,4422.615495999999
paging,q20,1,GPU_SCAN,4466.78547
paging,q20,1,HASH_GROUP_BY,0.677526
paging,q20,1,HASH_GROUP_BY,0.696205
paging,q20,1,HASH_JOIN,4.158247
paging,q20,1,HASH_JOIN,3.9192439999999995
paging,q20,1,LEFT_DELIM_JOIN,0.767395
paging,q20,1,LEFT_DELIM_JOIN,0.711324
paging,q20,1,MERGE_GROUP_BY,0.029964
paging,q20,1,MERGE_GROUP_BY,0.049225
paging,q20,1,MERGE_SORT,1.642704
paging,q20,1,MERGE_SORT,3.910636
paging,q20,1,ORDER_BY,3.409576
paging,q20,1,ORDER_BY,3.41169
paging,q20,1,PARTITION,0.32586500000000007
paging,q20,1,PARTITION,0.41278000000000004
paging,q20,1,PROJECTION,0.11525099999999999
paging,q20,1,PROJECTION,0.116423
paging,q20,1,RESULT_COLLECTOR,0.588698
paging,q20,1,RESULT_COLLECTOR,1.352358
paging,q20,1,SORT_PARTITION,0.996765
paging,q20,1,SORT_PARTITION,2.774878
paging,q20,1,SORT_SAMPLE,0.096251
paging,q20,1,SORT_SAMPLE,0.453047
paging,q20,2,CONCAT,0.988793
paging,q20,2,CONCAT,0.9313810000000001
paging,q20,2,DYNAMIC_FILTER,6.262987
paging,q20,2,DYNAMIC_FILTER,8.137438
paging,q20,2,FILTER,0.205126
paging,q20,2,FILTER,0.22148
paging,q20,2,GPU_SCAN,3853.33706
paging,q20,2,GPU_SCAN,3846.848142
paging,q20,2,HASH_GROUP_BY,1.116118
paging,q20,2,HASH_GROUP_BY,0.894531
paging,q20,2,HASH_JOIN,4.05477
paging,q20,2,HASH_JOIN,3.092234
paging,q20,2,LEFT_DELIM_JOIN,0.486034
paging,q20,2,LEFT_DELIM_JOIN,0.541003
paging,q20,2,MERGE_GROUP_BY,0.029026
paging,q20,2,MERGE_GROUP_BY,0.044635999999999995
paging,q20,2,MERGE_SORT,1.773397
paging,q20,2,MERGE_SORT,1.554261
paging,q20,2,ORDER_BY,3.061831
paging,q20,2,ORDER_BY,3.117634
paging,q20,2,PARTITION,0.38035800000000003
paging,q20,2,PARTITION,0.22297
paging,q20,2,PROJECTION,0.191536
paging,q20,2,PROJECTION,0.174657
paging,q20,2,RESULT_COLLECTOR,0.644379
paging,q20,2,RESULT_COLLECTOR,0.383587
paging,q20,2,SORT_PARTITION,2.574923
paging,q20,2,SORT_PARTITION,0.993346
paging,q20,2,SORT_SAMPLE,0.422746
paging,q20,2,SORT_SAMPLE,0.080908
paging,q20,3,CONCAT,0.618159
paging,q20,3,CONCAT,0.986879
paging,q20,3,DYNAMIC_FILTER,8.247353
paging,q20,3,DYNAMIC_FILTER,7.405294000000001
paging,q20,3,FILTER,0.265845
paging,q20,3,FILTER,0.293172
paging,q20,3,GPU_SCAN,4137.734221999999
paging,q20,3,GPU_SCAN,4075.6694569999995
paging,q20,3,HASH_GROUP_BY,0.823136
paging,q20,3,HASH_GROUP_BY,0.821485
paging,q20,3,HASH_JOIN,4.185308
paging,q20,3,HASH_JOIN,5.707279
paging,q20,3,LEFT_DELIM_JOIN,0.528204
paging,q20,3,LEFT_DELIM_JOIN,0.777876
paging,q20,3,MERGE_GROUP_BY,0.025814
paging,q20,3,MERGE_GROUP_BY,0.07399700000000001
paging,q20,3,MERGE_SORT,2.952699
paging,q20,3,MERGE_SORT,2.28467
paging,q20,3,ORDER_BY,3.448456
paging,q20,3,ORDER_BY,3.545094
paging,q20,3,PARTITION,0.481734
paging,q20,3,PARTITION,0.67695
paging,q20,3,PROJECTION,0.137803
paging,q20,3,PROJECTION,0.4931
paging,q20,3,RESULT_COLLECTOR,0.759168
paging,q20,3,RESULT_COLLECTOR,0.559645
paging,q20,3,SORT_PARTITION,2.278864
paging,q20,3,SORT_PARTITION,1.099128
paging,q20,3,SORT_SAMPLE,0.530951
paging,q20,3,SORT_SAMPLE,0.19013
paging,q20,4,CONCAT,1.0559640000000001
paging,q20,4,CONCAT,0.5875680000000001
paging,q20,4,DYNAMIC_FILTER,7.400167
paging,q20,4,DYNAMIC_FILTER,10.565563000000001
paging,q20,4,FILTER,0.220611
paging,q20,4,FILTER,0.248754
paging,q20,4,GPU_SCAN,4098.135141000001
paging,q20,4,GPU_SCAN,4092.03267
paging,q20,4,HASH_GROUP_BY,0.739637
paging,q20,4,HASH_GROUP_BY,0.792243
paging,q20,4,HASH_JOIN,4.075842
paging,q20,4,HASH_JOIN,3.999007
paging,q20,4,LEFT_DELIM_JOIN,0.839608
paging,q20,4,LEFT_DELIM_JOIN,0.78333
paging,q20,4,MERGE_GROUP_BY,0.085302
paging,q20,4,MERGE_GROUP_BY,0.03516
paging,q20,4,MERGE_SORT,1.16693
paging,q20,4,MERGE_SORT,1.317415
paging,q20,4,ORDER_BY,3.428611
paging,q20,4,ORDER_BY,3.486349
paging,q20,4,PARTITION,0.46558499999999997
paging,q20,4,PARTITION,0.39874800000000005
paging,q20,4,PROJECTION,0.128485
paging,q20,4,PROJECTION,0.14497300000000002
paging,q20,4,RESULT_COLLECTOR,0.583207
paging,q20,4,RESULT_COLLECTOR,0.471897
paging,q20,4,SORT_PARTITION,2.165079
paging,q20,4,SORT_PARTITION,0.886442
paging,q20,4,SORT_SAMPLE,0.469173
paging,q20,4,SORT_SAMPLE,0.202597
paging,q20,5,CONCAT,0.7964680000000001
paging,q20,5,CONCAT,0.7230970000000001
paging,q20,5,DYNAMIC_FILTER,7.687811000000001
paging,q20,5,DYNAMIC_FILTER,8.85807
paging,q20,5,FILTER,0.256531
paging,q20,5,FILTER,0.2422
paging,q20,5,GPU_SCAN,4126.581406
paging,q20,5,GPU_SCAN,4298.545948000001
paging,q20,5,HASH_GROUP_BY,0.793714
paging,q20,5,HASH_GROUP_BY,0.811588
paging,q20,5,HASH_JOIN,4.6104579999999995
paging,q20,5,HASH_JOIN,2.648489
paging,q20,5,LEFT_DELIM_JOIN,0.712677
paging,q20,5,LEFT_DELIM_JOIN,0.522499
paging,q20,5,MERGE_GROUP_BY,0.08016100000000001
paging,q20,5,MERGE_GROUP_BY,0.015158000000000001
paging,q20,5,MERGE_SORT,1.310497
paging,q20,5,MERGE_SORT,2.855457
paging,q20,5,ORDER_BY,3.473662
paging,q20,5,ORDER_BY,3.487621
paging,q20,5,PARTITION,0.384107
paging,q20,5,PARTITION,0.26725899999999997
paging,q20,5,PROJECTION,0.154618
paging,q20,5,PROJECTION,0.132613
paging,q20,5,RESULT_COLLECTOR,0.540985
paging,q20,5,RESULT_COLLECTOR,0.443182
paging,q20,5,SORT_PARTITION,1.201693
paging,q20,5,SORT_PARTITION,2.023905
paging,q20,5,SORT_SAMPLE,0.219804
paging,q20,5,SORT_SAMPLE,0.478734
paging,q21,1,CONCAT,100.65932999999998
paging,q21,1,CONCAT,67.824422
paging,q21,1,DYNAMIC_FILTER,69.47894500000004
paging,q21,1,DYNAMIC_FILTER,91.31907600000002
paging,q21,1,FILTER,91.560511
paging,q21,1,FILTER,95.22738299999999
paging,q21,1,GPU_SCAN,10945.529773
paging,q21,1,GPU_SCAN,10627.612415
paging,q21,1,HASH_GROUP_BY,32.499655
paging,q21,1,HASH_GROUP_BY,0.649506
paging,q21,1,HASH_JOIN,1325.1179270000002
paging,q21,1,HASH_JOIN,1294.6164979999999
paging,q21,1,MERGE_GROUP_BY,5.951266
paging,q21,1,MERGE_GROUP_BY,5.71765
paging,q21,1,MERGE_SORT,7.409682
paging,q21,1,MERGE_SORT,0.309304
paging,q21,1,ORDER_BY,8.46952
paging,q21,1,ORDER_BY,2.165396
paging,q21,1,PARTITION,1.0848279999999997
paging,q21,1,PARTITION,0.9105930000000001
paging,q21,1,PROJECTION,0.9119729999999999
paging,q21,1,PROJECTION,0.993159
paging,q21,1,RESULT_COLLECTOR,2.706441
paging,q21,1,RESULT_COLLECTOR,0.744511
paging,q21,1,RIGHT_DELIM_JOIN,35.044374
paging,q21,1,RIGHT_DELIM_JOIN,13.074384
paging,q21,1,SORT_PARTITION,5.045779
paging,q21,1,SORT_PARTITION,0.190079
paging,q21,1,SORT_SAMPLE,0.406929
paging,q21,1,SORT_SAMPLE,0.089863
paging,q21,2,CONCAT,109.36698400000003
paging,q21,2,CONCAT,105.297631
paging,q21,2,DYNAMIC_FILTER,68.70338199999999
paging,q21,2,DYNAMIC_FILTER,61.63526599999999
paging,q21,2,FILTER,61.00819000000001
paging,q21,2,FILTER,52.043707999999995
paging,q21,2,GPU_SCAN,6382.259837999999
paging,q21,2,GPU_SCAN,5673.840886000001
paging,q21,2,HASH_GROUP_BY,1.205335
paging,q21,2,HASH_GROUP_BY,0.66165
paging,q21,2,HASH_JOIN,560.505257
paging,q21,2,HASH_JOIN,457.832928
paging,q21,2,MERGE_GROUP_BY,5.687248
paging,q21,2,MERGE_GROUP_BY,5.48539
paging,q21,2,MERGE_SORT,0.804612
paging,q21,2,MERGE_SORT,1.662187
paging,q21,2,ORDER_BY,2.231006
paging,q21,2,ORDER_BY,2.170092
paging,q21,2,PARTITION,1.9920739999999997
paging,q21,2,PARTITION,1.611865
paging,q21,2,PROJECTION,0.24569999999999997
paging,q21,2,PROJECTION,0.210338
paging,q21,2,RESULT_COLLECTOR,1.44107
paging,q21,2,RESULT_COLLECTOR,0.389827
paging,q21,2,RIGHT_DELIM_JOIN,15.577831
paging,q21,2,RIGHT_DELIM_JOIN,13.18138
paging,q21,2,SORT_PARTITION,0.319807
paging,q21,2,SORT_PARTITION,0.339636
paging,q21,2,SORT_SAMPLE,0.091635
paging,q21,2,SORT_SAMPLE,0.100023
paging,q21,3,CONCAT,82.805589
paging,q21,3,CONCAT,91.352696
paging,q21,3,DYNAMIC_FILTER,61.31235300000001
paging,q21,3,DYNAMIC_FILTER,58.370306000000014
paging,q21,3,FILTER,79.504971
paging,q21,3,FILTER,80.07420300000003
paging,q21,3,GPU_SCAN,9916.289025
paging,q21,3,GPU_SCAN,9917.753632
paging,q21,3,HASH_GROUP_BY,1.248066
paging,q21,3,HASH_GROUP_BY,0.786018
paging,q21,3,HASH_JOIN,1135.5851260000002
paging,q21,3,HASH_JOIN,1241.1099910000005
paging,q21,3,MERGE_GROUP_BY,6.668173
paging,q21,3,MERGE_GROUP_BY,6.220913000000001
paging,q21,3,MERGE_SORT,0.49323
paging,q21,3,MERGE_SORT,0.958864
paging,q21,3,ORDER_BY,2.226612
paging,q21,3,ORDER_BY,2.172566
paging,q21,3,PARTITION,1.2070780000000003
paging,q21,3,PARTITION,0.9621200000000001
paging,q21,3,PROJECTION,0.345166
paging,q21,3,PROJECTION,0.43906199999999995
paging,q21,3,RESULT_COLLECTOR,1.316757
paging,q21,3,RESULT_COLLECTOR,0.38101
paging,q21,3,RIGHT_DELIM_JOIN,13.609485
paging,q21,3,RIGHT_DELIM_JOIN,16.397503999999998
paging,q21,3,SORT_PARTITION,0.267599
paging,q21,3,SORT_PARTITION,0.241146
paging,q21,3,SORT_SAMPLE,0.081575
paging,q21,3,SORT_SAMPLE,0.095657
paging,q21,4,CONCAT,94.49345300000002
paging,q21,4,CONCAT,109.743033
paging,q21,4,DYNAMIC_FILTER,77.53584100000003
paging,q21,4,DYNAMIC_FILTER,67.33248800000004
paging,q21,4,FILTER,78.79899599999999
paging,q21,4,FILTER,80.23969999999998
paging,q21,4,GPU_SCAN,10003.483627
paging,q21,4,GPU_SCAN,9972.341097999997
paging,q21,4,HASH_GROUP_BY,1.192021
paging,q21,4,HASH_GROUP_BY,0.759679
paging,q21,4,HASH_JOIN,1364.33245
paging,q21,4,HASH_JOIN,1332.0836399999998
paging,q21,4,MERGE_GROUP_BY,6.569432000000001
paging,q21,4,MERGE_GROUP_BY,6.435268000000001
paging,q21,4,MERGE_SORT,0.328265
paging,q21,4,MERGE_SORT,0.298788
paging,q21,4,ORDER_BY,2.186109
paging,q21,4,ORDER_BY,2.170134
paging,q21,4,PARTITION,1.3984910000000002
paging,q21,4,PARTITION,1.1433939999999998
paging,q21,4,PROJECTION,1.1417700000000002
paging,q21,4,PROJECTION,0.917968
paging,q21,4,RESULT_COLLECTOR,0.541734
paging,q21,4,RESULT_COLLECTOR,0.753348
paging,q21,4,RIGHT_DELIM_JOIN,12.830219
paging,q21,4,RIGHT_DELIM_JOIN,13.811599000000001
paging,q21,4,SORT_PARTITION,0.231732
paging,q21,4,SORT_PARTITION,0.193009
paging,q21,4,SORT_SAMPLE,0.181428
paging,q21,4,SORT_SAMPLE,0.087943
paging,q21,5,CONCAT,114.54796
paging,q21,5,CONCAT,136.554857
paging,q21,5,DYNAMIC_FILTER,80.22253599999999
paging,q21,5,DYNAMIC_FILTER,64.75701899999999
paging,q21,5,FILTER,67.05947600000002
paging,q21,5,FILTER,73.853506
paging,q21,5,GPU_SCAN,9925.203343
paging,q21,5,GPU_SCAN,9807.691269000003
paging,q21,5,HASH_GROUP_BY,1.154883
paging,q21,5,HASH_GROUP_BY,0.714819
paging,q21,5,HASH_JOIN,1275.1256169999997
paging,q21,5,HASH_JOIN,1321.7155529999998
paging,q21,5,MERGE_GROUP_BY,6.119095
paging,q21,5,MERGE_GROUP_BY,6.056342999999999
paging,q21,5,MERGE_SORT,0.24552
paging,q21,5,MERGE_SORT,0.372508
paging,q21,5,ORDER_BY,2.156319
paging,q21,5,ORDER_BY,2.172871
paging,q21,5,PARTITION,0.8384830000000002
paging,q21,5,PARTITION,0.9334669999999999
paging,q21,5,PROJECTION,0.287201
paging,q21,5,PROJECTION,0.646366
paging,q21,5,RESULT_COLLECTOR,1.287677
paging,q21,5,RESULT_COLLECTOR,1.362303
paging,q21,5,RIGHT_DELIM_JOIN,13.079139000000001
paging,q21,5,RIGHT_DELIM_JOIN,15.857618
paging,q21,5,SORT_PARTITION,0.197887
paging,q21,5,SORT_PARTITION,0.208729
paging,q21,5,SORT_SAMPLE,0.090508
paging,q21,5,SORT_SAMPLE,0.096957
paging,q22,1,CONCAT,0.128559
paging,q22,1,CONCAT,1.7611599999999998
paging,q22,1,GPU_SCAN,313.996188
paging,q22,1,GPU_SCAN,189.46485499999997
paging,q22,1,HASH_GROUP_BY,0.578494
paging,q22,1,HASH_GROUP_BY,0.793059
paging,q22,1,HASH_JOIN,29.743731
paging,q22,1,HASH_JOIN,27.466869
paging,q22,1,MERGE_AGGREGATE,5.9977
paging,q22,1,MERGE_AGGREGATE,0.230582
paging,q22,1,MERGE_GROUP_BY,0.030397
paging,q22,1,MERGE_GROUP_BY,0.046277
paging,q22,1,MERGE_SORT,0.00793
paging,q22,1,MERGE_SORT,0.010973
paging,q22,1,NESTED_LOOP_JOIN,5.600358
paging,q22,1,NESTED_LOOP_JOIN,1.309746
paging,q22,1,ORDER_BY,0.192023
paging,q22,1,ORDER_BY,0.440937
paging,q22,1,PARTITION,0.160193
paging,q22,1,PARTITION,0.44758499999999996
paging,q22,1,PROJECTION,2.759686
paging,q22,1,PROJECTION,0.564872
paging,q22,1,RESULT_COLLECTOR,0.209656
paging,q22,1,RESULT_COLLECTOR,0.261513
paging,q22,1,RIGHT_DELIM_JOIN,0.654682
paging,q22,1,RIGHT_DELIM_JOIN,0.701966
paging,q22,1,SORT_PARTITION,0.005791
paging,q22,1,SORT_PARTITION,0.016592
paging,q22,1,SORT_SAMPLE,0.010764
paging,q22,1,SORT_SAMPLE,0.023474
paging,q22,1,UNGROUPED_AGGREGATE,8.286529
paging,q22,1,UNGROUPED_AGGREGATE,0.45526
paging,q22,2,CONCAT,0.041895
paging,q22,2,CONCAT,0.07377
paging,q22,2,GPU_SCAN,299.683196
paging,q22,2,GPU_SCAN,300.883311
paging,q22,2,HASH_GROUP_BY,0.564085
paging,q22,2,HASH_GROUP_BY,0.613225
paging,q22,2,HASH_JOIN,29.15295
paging,q22,2,HASH_JOIN,28.192653999999997
paging,q22,2,MERGE_AGGREGATE,0.063634
paging,q22,2,MERGE_AGGREGATE,0.07613800000000001
paging,q22,2,MERGE_GROUP_BY,0.059052999999999994
paging,q22,2,MERGE_GROUP_BY,0.016193
paging,q22,2,MERGE_SORT,0.007023
paging,q22,2,MERGE_SORT,0.010238
paging,q22,2,NESTED_LOOP_JOIN,0.877029
paging,q22,2,NESTED_LOOP_JOIN,0.850237
paging,q22,2,ORDER_BY,0.189201
paging,q22,2,ORDER_BY,0.176028
paging,q22,2,PARTITION,0.07143600000000001
paging,q22,2,PARTITION,0.085421
paging,q22,2,PROJECTION,0.37652800000000003
paging,q22,2,PROJECTION,0.395465
paging,q22,2,RESULT_COLLECTOR,0.084288
paging,q22,2,RESULT_COLLECTOR,0.118041
paging,q22,2,RIGHT_DELIM_JOIN,0.643083
paging,q22,2,RIGHT_DELIM_JOIN,0.531028
paging,q22,2,SORT_PARTITION,0.006178
paging,q22,2,SORT_PARTITION,0.006406
paging,q22,2,SORT_SAMPLE,0.01012
paging,q22,2,SORT_SAMPLE,0.010131
paging,q22,2,UNGROUPED_AGGREGATE,0.311834
paging,q22,2,UNGROUPED_AGGREGATE,0.36647
paging,q22,3,CONCAT,0.10258199999999999
paging,q22,3,CONCAT,0.153076
paging,q22,3,GPU_SCAN,303.675044
paging,q22,3,GPU_SCAN,302.418099
paging,q22,3,HASH_GROUP_BY,0.610914
paging,q22,3,HASH_GROUP_BY,0.675629
paging,q22,3,HASH_JOIN,29.474169
paging,q22,3,HASH_JOIN,28.188372
paging,q22,3,MERGE_AGGREGATE,0.33535499999999996
paging,q22,3,MERGE_AGGREGATE,0.07611399999999999
paging,q22,3,MERGE_GROUP_BY,0.0178
paging,q22,3,MERGE_GROUP_BY,0.017329
paging,q22,3,MERGE_SORT,0.0094
paging,q22,3,MERGE_SORT,0.010776
paging,q22,3,NESTED_LOOP_JOIN,0.896967
paging,q22,3,NESTED_LOOP_JOIN,0.945112
paging,q22,3,ORDER_BY,0.193554
paging,q22,3,ORDER_BY,0.661631
paging,q22,3,PARTITION,0.10359800000000001
paging,q22,3,PARTITION,0.143504
paging,q22,3,PROJECTION,0.48793699999999995
paging,q22,3,PROJECTION,0.41271
paging,q22,3,RESULT_COLLECTOR,0.134629
paging,q22,3,RESULT_COLLECTOR,0.12428
paging,q22,3,RIGHT_DELIM_JOIN,0.674994
paging,q22,3,RIGHT_DELIM_JOIN,0.697502
paging,q22,3,SORT_PARTITION,0.006608
paging,q22,3,SORT_PARTITION,0.007136
paging,q22,3,SORT_SAMPLE,0.010821
paging,q22,3,SORT_SAMPLE,0.011626
paging,q22,3,UNGROUPED_AGGREGATE,0.632282
paging,q22,3,UNGROUPED_AGGREGATE,0.415119
paging,q22,4,CONCAT,0.067247
paging,q22,4,CONCAT,0.102413
paging,q22,4,GPU_SCAN,299.634092
paging,q22,4,GPU_SCAN,316.278241
paging,q22,4,HASH_GROUP_BY,0.601749
paging,q22,4,HASH_GROUP_BY,0.558146
paging,q22,4,HASH_JOIN,29.576547
paging,q22,4,HASH_JOIN,28.553314999999998
paging,q22,4,MERGE_AGGREGATE,0.06232
paging,q22,4,MERGE_AGGREGATE,0.36978900000000003
paging,q22,4,MERGE_GROUP_BY,0.041727
paging,q22,4,MERGE_GROUP_BY,0.043414
paging,q22,4,MERGE_SORT,0.007307
paging,q22,4,MERGE_SORT,0.008095
paging,q22,4,NESTED_LOOP_JOIN,0.857324
paging,q22,4,NESTED_LOOP_JOIN,0.829839
paging,q22,4,ORDER_BY,0.190922
paging,q22,4,ORDER_BY,0.179436
paging,q22,4,PARTITION,0.181833
paging,q22,4,PARTITION,0.213615
paging,q22,4,PROJECTION,0.387024
paging,q22,4,PROJECTION,0.490614
paging,q22,4,RESULT_COLLECTOR,0.281686
paging,q22,4,RESULT_COLLECTOR,0.249448
paging,q22,4,RIGHT_DELIM_JOIN,0.653097
paging,q22,4,RIGHT_DELIM_JOIN,0.55307
paging,q22,4,SORT_PARTITION,0.006171
paging,q22,4,SORT_PARTITION,0.005863
paging,q22,4,SORT_SAMPLE,0.009499
paging,q22,4,SORT_SAMPLE,0.009008
paging,q22,4,UNGROUPED_AGGREGATE,0.34494199999999997
paging,q22,4,UNGROUPED_AGGREGATE,0.7960130000000001
paging,q22,5,CONCAT,0.251392
paging,q22,5,CONCAT,0.154335
paging,q22,5,GPU_SCAN,299.146477
paging,q22,5,GPU_SCAN,299.337171
paging,q22,5,HASH_GROUP_BY,0.717728
paging,q22,5,HASH_GROUP_BY,0.522497
paging,q22,5,HASH_JOIN,29.853369999999998
paging,q22,5,HASH_JOIN,28.620044999999998
paging,q22,5,MERGE_AGGREGATE,0.376597
paging,q22,5,MERGE_AGGREGATE,0.136677
paging,q22,5,MERGE_GROUP_BY,0.064708
paging,q22,5,MERGE_GROUP_BY,0.022074
paging,q22,5,MERGE_SORT,0.02185
paging,q22,5,MERGE_SORT,0.006646
paging,q22,5,NESTED_LOOP_JOIN,0.895958
paging,q22,5,NESTED_LOOP_JOIN,1.226629
paging,q22,5,ORDER_BY,0.272512
paging,q22,5,ORDER_BY,0.21899
paging,q22,5,PARTITION,0.178642
paging,q22,5,PARTITION,0.12470399999999998
paging,q22,5,PROJECTION,0.510554
paging,q22,5,PROJECTION,0.43526200000000004
paging,q22,5,RESULT_COLLECTOR,0.252022
paging,q22,5,RESULT_COLLECTOR,0.084148
paging,q22,5,RIGHT_DELIM_JOIN,0.64479
paging,q22,5,RIGHT_DELIM_JOIN,0.603082
paging,q22,5,SORT_PARTITION,0.006128
paging,q22,5,SORT_PARTITION,0.032894
paging,q22,5,SORT_SAMPLE,0.009418
paging,q22,5,SORT_SAMPLE,0.043088
paging,q22,5,UNGROUPED_AGGREGATE,0.336087
paging,q22,5,UNGROUPED_AGGREGATE,0.316981
