condition,query,execution,operator_kind,duration_ms
paging,q1,1,GPU_SCAN,5108.729133999999
paging,q1,1,GPU_SCAN,4586.396711
paging,q1,1,GPU_SCAN,4967.674407000001
paging,q1,1,HASH_GROUP_BY,1489.949843
paging,q1,1,HASH_GROUP_BY,1254.6855859999998
paging,q1,1,HASH_GROUP_BY,1304.8058399999998
paging,q1,1,MERGE_GROUP_BY,7.97735
paging,q1,1,MERGE_GROUP_BY,2.278903
paging,q1,1,MERGE_GROUP_BY,1.128699
paging,q1,1,MERGE_SORT,10.316404
paging,q1,1,MERGE_SORT,0.869093
paging,q1,1,MERGE_SORT,2.43006
paging,q1,1,ORDER_BY,7.784055
paging,q1,1,ORDER_BY,0.46053
paging,q1,1,ORDER_BY,0.819593
paging,q1,1,PARTITION,1.4404420000000002
paging,q1,1,PARTITION,0.6955399999999998
paging,q1,1,PARTITION,1.01163
paging,q1,1,PROJECTION,203.378058
paging,q1,1,PROJECTION,212.57701600000004
paging,q1,1,PROJECTION,249.72356100000002
paging,q1,1,RESULT_COLLECTOR,0.617352
paging,q1,1,RESULT_COLLECTOR,0.287194
paging,q1,1,RESULT_COLLECTOR,0.264967
paging,q1,1,SORT_PARTITION,5.666925
paging,q1,1,SORT_PARTITION,1.506514
paging,q1,1,SORT_PARTITION,0.803526
paging,q1,1,SORT_SAMPLE,0.591567
paging,q1,1,SORT_SAMPLE,0.458327
paging,q1,1,SORT_SAMPLE,0.335929
paging,q1,2,GPU_SCAN,4676.658067999999
paging,q1,2,GPU_SCAN,4582.912811999999
paging,q1,2,GPU_SCAN,4625.1975250000005
paging,q1,2,HASH_GROUP_BY,1320.8948799999998
paging,q1,2,HASH_GROUP_BY,1333.5027269999998
paging,q1,2,HASH_GROUP_BY,1303.048542
paging,q1,2,MERGE_GROUP_BY,2.240834
paging,q1,2,MERGE_GROUP_BY,3.233909
paging,q1,2,MERGE_GROUP_BY,2.239099
paging,q1,2,MERGE_SORT,0.850438
paging,q1,2,MERGE_SORT,1.905812
paging,q1,2,MERGE_SORT,2.177216
paging,q1,2,ORDER_BY,0.599249
paging,q1,2,ORDER_BY,0.671529
paging,q1,2,ORDER_BY,0.610966
paging,q1,2,PARTITION,0.7678669999999999
paging,q1,2,PARTITION,1.1092460000000002
paging,q1,2,PARTITION,1.96544
paging,q1,2,PROJECTION,203.74656299999992
paging,q1,2,PROJECTION,213.943577
paging,q1,2,PROJECTION,183.9143040000001
paging,q1,2,RESULT_COLLECTOR,0.148226
paging,q1,2,RESULT_COLLECTOR,0.142117
paging,q1,2,RESULT_COLLECTOR,0.186689
paging,q1,2,SORT_PARTITION,0.850563
paging,q1,2,SORT_PARTITION,0.495077
paging,q1,2,SORT_PARTITION,1.133961
paging,q1,2,SORT_SAMPLE,0.370079
paging,q1,2,SORT_SAMPLE,0.22162
paging,q1,2,SORT_SAMPLE,0.44273
paging,q1,3,GPU_SCAN,4697.061514
paging,q1,3,GPU_SCAN,4909.064103000001
paging,q1,3,GPU_SCAN,4834.387653
paging,q1,3,HASH_GROUP_BY,1368.2040449999997
paging,q1,3,HASH_GROUP_BY,1403.2880799999998
paging,q1,3,HASH_GROUP_BY,1292.9893840000002
paging,q1,3,MERGE_GROUP_BY,3.187241
paging,q1,3,MERGE_GROUP_BY,1.221
paging,q1,3,MERGE_GROUP_BY,1.201185
paging,q1,3,MERGE_SORT,2.388338
paging,q1,3,MERGE_SORT,1.01127
paging,q1,3,MERGE_SORT,1.803128
paging,q1,3,ORDER_BY,0.735708
paging,q1,3,ORDER_BY,0.701164
paging,q1,3,ORDER_BY,0.759944
paging,q1,3,PARTITION,1.284986
paging,q1,3,PARTITION,1.101781
paging,q1,3,PARTITION,0.8588310000000001
paging,q1,3,PROJECTION,210.168158
paging,q1,3,PROJECTION,196.05348599999994
paging,q1,3,PROJECTION,203.1747660000001
paging,q1,3,RESULT_COLLECTOR,0.18032
paging,q1,3,RESULT_COLLECTOR,0.213353
paging,q1,3,RESULT_COLLECTOR,0.182926
paging,q1,3,SORT_PARTITION,1.077572
paging,q1,3,SORT_PARTITION,1.220857
paging,q1,3,SORT_PARTITION,0.647874
paging,q1,3,SORT_SAMPLE,0.394039
paging,q1,3,SORT_SAMPLE,0.487046
paging,q1,3,SORT_SAMPLE,0.285868
paging,q1,4,GPU_SCAN,4584.654322000001
paging,q1,4,GPU_SCAN,4525.680666
paging,q1,4,GPU_SCAN,4397.123159999999
paging,q1,4,HASH_GROUP_BY,1299.6250129999999
paging,q1,4,HASH_GROUP_BY,1319.1989290000001
paging,q1,4,HASH_GROUP_BY,1175.761628
paging,q1,4,MERGE_GROUP_BY,3.179756
paging,q1,4,MERGE_GROUP_BY,1.231151
paging,q1,4,MERGE_GROUP_BY,1.208634
paging,q1,4,MERGE_SORT,0.89148
paging,q1,4,MERGE_SORT,2.315915
paging,q1,4,MERGE_SORT,2.778612
paging,q1,4,ORDER_BY,0.760268
paging,q1,4,ORDER_BY,0.825844
paging,q1,4,ORDER_BY,0.574609
paging,q1,4,PARTITION,1.0037889999999998
paging,q1,4,PARTITION,0.9575449999999998
paging,q1,4,PARTITION,0.9090119999999999
paging,q1,4,PROJECTION,178.8626920000001
paging,q1,4,PROJECTION,187.474343
paging,q1,4,PROJECTION,149.83109499999998
paging,q1,4,RESULT_COLLECTOR,0.145218
paging,q1,4,RESULT_COLLECTOR,0.171259
paging,q1,4,RESULT_COLLECTOR,0.337734
paging,q1,4,SORT_PARTITION,1.350218
paging,q1,4,SORT_PARTITION,1.038399
paging,q1,4,SORT_PARTITION,0.932645
paging,q1,4,SORT_SAMPLE,0.512004
paging,q1,4,SORT_SAMPLE,0.296013
paging,q1,4,SORT_SAMPLE,0.483293
paging,q1,5,GPU_SCAN,4788.321599000001
paging,q1,5,GPU_SCAN,4750.7842089999995
paging,q1,5,GPU_SCAN,4879.590416
paging,q1,5,HASH_GROUP_BY,1409.4957639999996
paging,q1,5,HASH_GROUP_BY,1313.4247100000002
paging,q1,5,HASH_GROUP_BY,1315.753739
paging,q1,5,MERGE_GROUP_BY,2.718191
paging,q1,5,MERGE_GROUP_BY,2.042899
paging,q1,5,MERGE_GROUP_BY,2.081105
paging,q1,5,MERGE_SORT,2.334913
paging,q1,5,MERGE_SORT,2.194587
paging,q1,5,MERGE_SORT,2.016919
paging,q1,5,ORDER_BY,0.765491
paging,q1,5,ORDER_BY,0.927511
paging,q1,5,ORDER_BY,0.536645
paging,q1,5,PARTITION,0.727577
paging,q1,5,PARTITION,0.855133
paging,q1,5,PARTITION,0.820324
paging,q1,5,PROJECTION,216.89588100000003
paging,q1,5,PROJECTION,208.33658699999998
paging,q1,5,PROJECTION,218.99492700000002
paging,q1,5,RESULT_COLLECTOR,0.155173
paging,q1,5,RESULT_COLLECTOR,0.163731
paging,q1,5,RESULT_COLLECTOR,0.137693
paging,q1,5,SORT_PARTITION,0.538767
paging,q1,5,SORT_PARTITION,0.738904
paging,q1,5,SORT_PARTITION,1.644289
paging,q1,5,SORT_SAMPLE,0.225378
paging,q1,5,SORT_SAMPLE,0.231105
paging,q1,5,SORT_SAMPLE,0.613611
paging,q2,1,CONCAT,3.869825
paging,q2,1,CONCAT,3.6971200000000004
paging,q2,1,CONCAT,3.642389
paging,q2,1,DYNAMIC_FILTER,8.418918999999999
paging,q2,1,DYNAMIC_FILTER,12.098534
paging,q2,1,DYNAMIC_FILTER,13.207892
paging,q2,1,FILTER,0.691868
paging,q2,1,FILTER,0.652532
paging,q2,1,FILTER,0.670438
paging,q2,1,GPU_SCAN,696.608488
paging,q2,1,GPU_SCAN,701.8581899999999
paging,q2,1,GPU_SCAN,702.54712
paging,q2,1,HASH_GROUP_BY,0.414059
paging,q2,1,HASH_GROUP_BY,0.351751
paging,q2,1,HASH_GROUP_BY,0.477551
paging,q2,1,HASH_JOIN,10.172842
paging,q2,1,HASH_JOIN,8.869598
paging,q2,1,HASH_JOIN,6.926257
paging,q2,1,LEFT_DELIM_JOIN,0.181627
paging,q2,1,LEFT_DELIM_JOIN,0.174297
paging,q2,1,LEFT_DELIM_JOIN,0.288492
paging,q2,1,MERGE_GROUP_BY,0.049271
paging,q2,1,MERGE_GROUP_BY,0.020267
paging,q2,1,MERGE_GROUP_BY,0.015418000000000001
paging,q2,1,MERGE_SORT,1.188325
paging,q2,1,MERGE_SORT,1.203335
paging,q2,1,MERGE_SORT,1.29313
paging,q2,1,ORDER_BY,1.345047
paging,q2,1,ORDER_BY,1.397077
paging,q2,1,ORDER_BY,1.317331
paging,q2,1,PARTITION,0.515183
paging,q2,1,PARTITION,0.34275199999999995
paging,q2,1,PARTITION,0.384575
paging,q2,1,PROJECTION,0.075921
paging,q2,1,PROJECTION,0.047379000000000004
paging,q2,1,PROJECTION,0.048476
paging,q2,1,RESULT_COLLECTOR,5.551189
paging,q2,1,RESULT_COLLECTOR,6.434347
paging,q2,1,RESULT_COLLECTOR,3.180559
paging,q2,1,SORT_PARTITION,1.708378
paging,q2,1,SORT_PARTITION,1.413416
paging,q2,1,SORT_PARTITION,1.620926
paging,q2,1,SORT_SAMPLE,0.389397
paging,q2,1,SORT_SAMPLE,0.257169
paging,q2,1,SORT_SAMPLE,0.179254
paging,q2,2,CONCAT,3.9159850000000005
paging,q2,2,CONCAT,3.489771
paging,q2,2,CONCAT,3.6163670000000003
paging,q2,2,DYNAMIC_FILTER,10.540422
paging,q2,2,DYNAMIC_FILTER,12.343945999999999
paging,q2,2,DYNAMIC_FILTER,8.469011
paging,q2,2,FILTER,0.674792
paging,q2,2,FILTER,0.527633
paging,q2,2,FILTER,0.854344
paging,q2,2,GPU_SCAN,684.729428
paging,q2,2,GPU_SCAN,686.883816
paging,q2,2,GPU_SCAN,672.7614629999999
paging,q2,2,HASH_GROUP_BY,0.399834
paging,q2,2,HASH_GROUP_BY,0.295134
paging,q2,2,HASH_GROUP_BY,0.295773
paging,q2,2,HASH_JOIN,7.029363999999999
paging,q2,2,HASH_JOIN,7.595682
paging,q2,2,HASH_JOIN,6.641522999999999
paging,q2,2,LEFT_DELIM_JOIN,0.264503
paging,q2,2,LEFT_DELIM_JOIN,0.167292
paging,q2,2,LEFT_DELIM_JOIN,0.188468
paging,q2,2,MERGE_GROUP_BY,0.016216
paging,q2,2,MERGE_GROUP_BY,0.019947
paging,q2,2,MERGE_GROUP_BY,0.030408
paging,q2,2,MERGE_SORT,2.161841
paging,q2,2,MERGE_SORT,0.763566
paging,q2,2,MERGE_SORT,0.837578
paging,q2,2,ORDER_BY,1.365423
paging,q2,2,ORDER_BY,1.265997
paging,q2,2,ORDER_BY,1.487591
paging,q2,2,PARTITION,0.28715399999999996
paging,q2,2,PARTITION,0.237413
paging,q2,2,PARTITION,0.3613969999999999
paging,q2,2,PROJECTION,0.053163
paging,q2,2,PROJECTION,0.032106
paging,q2,2,PROJECTION,0.069701
paging,q2,2,RESULT_COLLECTOR,4.125355
paging,q2,2,RESULT_COLLECTOR,1.921928
paging,q2,2,RESULT_COLLECTOR,1.8928
paging,q2,2,SORT_PARTITION,1.455638
paging,q2,2,SORT_PARTITION,0.97821
paging,q2,2,SORT_PARTITION,1.055521
paging,q2,2,SORT_SAMPLE,0.180908
paging,q2,2,SORT_SAMPLE,0.153878
paging,q2,2,SORT_SAMPLE,0.158015
paging,q2,3,CONCAT,3.773556
paging,q2,3,CONCAT,3.86163
paging,q2,3,CONCAT,3.8555840000000003
paging,q2,3,DYNAMIC_FILTER,11.80378
paging,q2,3,DYNAMIC_FILTER,11.822018
paging,q2,3,DYNAMIC_FILTER,7.8150889999999995
paging,q2,3,FILTER,0.670822
paging,q2,3,FILTER,0.658508
paging,q2,3,FILTER,0.678532
paging,q2,3,GPU_SCAN,677.2668259999999
paging,q2,3,GPU_SCAN,687.968787
paging,q2,3,GPU_SCAN,691.003024
paging,q2,3,HASH_GROUP_BY,0.356416
paging,q2,3,HASH_GROUP_BY,0.357425
paging,q2,3,HASH_GROUP_BY,0.342734
paging,q2,3,HASH_JOIN,7.1034310000000005
paging,q2,3,HASH_JOIN,7.225244000000001
paging,q2,3,HASH_JOIN,7.867298000000001
paging,q2,3,LEFT_DELIM_JOIN,0.254932
paging,q2,3,LEFT_DELIM_JOIN,0.18639
paging,q2,3,LEFT_DELIM_JOIN,0.189053
paging,q2,3,MERGE_GROUP_BY,0.014947
paging,q2,3,MERGE_GROUP_BY,0.019673
paging,q2,3,MERGE_GROUP_BY,0.017093
paging,q2,3,MERGE_SORT,1.074236
paging,q2,3,MERGE_SORT,0.987491
paging,q2,3,MERGE_SORT,1.242934
paging,q2,3,ORDER_BY,1.315247
paging,q2,3,ORDER_BY,1.404952
paging,q2,3,ORDER_BY,1.320481
paging,q2,3,PARTITION,0.35956999999999995
paging,q2,3,PARTITION,0.326819
paging,q2,3,PARTITION,0.396397
paging,q2,3,PROJECTION,0.062563
paging,q2,3,PROJECTION,0.087637
paging,q2,3,PROJECTION,0.062569
paging,q2,3,RESULT_COLLECTOR,3.997144
paging,q2,3,RESULT_COLLECTOR,2.796829
paging,q2,3,RESULT_COLLECTOR,3.568447
paging,q2,3,SORT_PARTITION,1.362845
paging,q2,3,SORT_PARTITION,1.603444
paging,q2,3,SORT_PARTITION,1.514358
paging,q2,3,SORT_SAMPLE,0.179042
paging,q2,3,SORT_SAMPLE,0.502117
paging,q2,3,SORT_SAMPLE,0.255807
paging,q2,4,CONCAT,3.4159710000000003
paging,q2,4,CONCAT,3.868767
paging,q2,4,CONCAT,3.5819129999999997
paging,q2,4,DYNAMIC_FILTER,5.61914
paging,q2,4,DYNAMIC_FILTER,8.823058
paging,q2,4,DYNAMIC_FILTER,11.042546
paging,q2,4,FILTER,0.586773
paging,q2,4,FILTER,0.579898
paging,q2,4,FILTER,0.743141
paging,q2,4,GPU_SCAN,677.9302779999999
paging,q2,4,GPU_SCAN,676.337009
paging,q2,4,GPU_SCAN,680.8456639999999
paging,q2,4,HASH_GROUP_BY,0.282336
paging,q2,4,HASH_GROUP_BY,0.278257
paging,q2,4,HASH_GROUP_BY,0.366564
paging,q2,4,HASH_JOIN,9.029462
paging,q2,4,HASH_JOIN,7.095229999999999
paging,q2,4,HASH_JOIN,8.959761
paging,q2,4,LEFT_DELIM_JOIN,0.137108
paging,q2,4,LEFT_DELIM_JOIN,0.126603
paging,q2,4,LEFT_DELIM_JOIN,0.231395
paging,q2,4,MERGE_GROUP_BY,0.027975
paging,q2,4,MERGE_GROUP_BY,0.011566
paging,q2,4,MERGE_GROUP_BY,0.010951
paging,q2,4,MERGE_SORT,0.972657
paging,q2,4,MERGE_SORT,0.934346
paging,q2,4,MERGE_SORT,0.810783
paging,q2,4,ORDER_BY,1.261284
paging,q2,4,ORDER_BY,1.325128
paging,q2,4,ORDER_BY,1.261258
paging,q2,4,PARTITION,0.41178899999999996
paging,q2,4,PARTITION,0.31447899999999995
paging,q2,4,PARTITION,0.3256219999999999
paging,q2,4,PROJECTION,0.041012
paging,q2,4,PROJECTION,0.040116
paging,q2,4,PROJECTION,0.047573000000000004
paging,q2,4,RESULT_COLLECTOR,2.194903
paging,q2,4,RESULT_COLLECTOR,1.93982
paging,q2,4,RESULT_COLLECTOR,2.156161
paging,q2,4,SORT_PARTITION,1.194708
paging,q2,4,SORT_PARTITION,1.200898
paging,q2,4,SORT_PARTITION,1.187762
paging,q2,4,SORT_SAMPLE,0.206182
paging,q2,4,SORT_SAMPLE,0.199874
paging,q2,4,SORT_SAMPLE,0.176448
paging,q2,5,CONCAT,3.7028840000000005
paging,q2,5,CONCAT,3.778076
paging,q2,5,CONCAT,3.891674
paging,q2,5,DYNAMIC_FILTER,8.581339
paging,q2,5,DYNAMIC_FILTER,8.545759
paging,q2,5,DYNAMIC_FILTER,8.797768
paging,q2,5,FILTER,0.586329
paging,q2,5,FILTER,0.588733
paging,q2,5,FILTER,0.645774
paging,q2,5,GPU_SCAN,684.2377920000001
paging,q2,5,GPU_SCAN,682.927339
paging,q2,5,GPU_SCAN,692.9664709999998
paging,q2,5,HASH_GROUP_BY,0.356342
paging,q2,5,HASH_GROUP_BY,0.351113
paging,q2,5,HASH_GROUP_BY,0.389925
paging,q2,5,HASH_JOIN,7.340745
paging,q2,5,HASH_JOIN,8.820983
paging,q2,5,HASH_JOIN,9.129127
paging,q2,5,LEFT_DELIM_JOIN,0.237072
paging,q2,5,LEFT_DELIM_JOIN,0.237182
paging,q2,5,LEFT_DELIM_JOIN,0.230272
paging,q2,5,MERGE_GROUP_BY,0.015674
paging,q2,5,MERGE_GROUP_BY,0.012018000000000001
paging,q2,5,MERGE_GROUP_BY,0.014738
paging,q2,5,MERGE_SORT,0.889508
paging,q2,5,MERGE_SORT,0.90159
paging,q2,5,MERGE_SORT,1.129833
paging,q2,5,ORDER_BY,1.283272
paging,q2,5,ORDER_BY,1.320908
paging,q2,5,ORDER_BY,1.323423
paging,q2,5,PARTITION,0.37751599999999996
paging,q2,5,PARTITION,0.424876
paging,q2,5,PARTITION,0.477971
paging,q2,5,PROJECTION,0.038026
paging,q2,5,PROJECTION,0.064397
paging,q2,5,PROJECTION,0.048352
paging,q2,5,RESULT_COLLECTOR,2.189078
paging,q2,5,RESULT_COLLECTOR,4.793412
paging,q2,5,RESULT_COLLECTOR,2.923555
paging,q2,5,SORT_PARTITION,1.331792
paging,q2,5,SORT_PARTITION,1.378137
paging,q2,5,SORT_PARTITION,1.579463
paging,q2,5,SORT_SAMPLE,0.157399
paging,q2,5,SORT_SAMPLE,0.168141
paging,q2,5,SORT_SAMPLE,0.243838
paging,q3,1,CONCAT,5.392903
paging,q3,1,CONCAT,5.687043
paging,q3,1,CONCAT,5.502
paging,q3,1,DYNAMIC_FILTER,30.133479
paging,q3,1,DYNAMIC_FILTER,43.081390999999996
paging,q3,1,DYNAMIC_FILTER,24.018024999999998
paging,q3,1,GPU_SCAN,4486.373136
paging,q3,1,GPU_SCAN,4551.020192
paging,q3,1,GPU_SCAN,4607.953310000001
paging,q3,1,HASH_GROUP_BY,1.228035
paging,q3,1,HASH_GROUP_BY,1.238046
paging,q3,1,HASH_GROUP_BY,1.320801
paging,q3,1,HASH_JOIN,10.529581
paging,q3,1,HASH_JOIN,10.379873
paging,q3,1,HASH_JOIN,10.671963
paging,q3,1,MERGE_GROUP_BY,0.051495
paging,q3,1,MERGE_GROUP_BY,0.025304
paging,q3,1,MERGE_GROUP_BY,0.061777
paging,q3,1,MERGE_SORT,0.551136
paging,q3,1,MERGE_SORT,0.992452
paging,q3,1,MERGE_SORT,0.509228
paging,q3,1,ORDER_BY,2.37224
paging,q3,1,ORDER_BY,2.416036
paging,q3,1,ORDER_BY,2.532402
paging,q3,1,PARTITION,0.26487299999999997
paging,q3,1,PARTITION,0.5611119999999999
paging,q3,1,PARTITION,0.21491800000000005
paging,q3,1,PROJECTION,0.222104
paging,q3,1,PROJECTION,0.241362
paging,q3,1,PROJECTION,0.258118
paging,q3,1,RESULT_COLLECTOR,9.589437
paging,q3,1,RESULT_COLLECTOR,11.648915
paging,q3,1,RESULT_COLLECTOR,11.49871
paging,q3,1,SORT_PARTITION,0.291549
paging,q3,1,SORT_PARTITION,0.319158
paging,q3,1,SORT_PARTITION,0.39931
paging,q3,1,SORT_SAMPLE,0.076166
paging,q3,1,SORT_SAMPLE,0.106309
paging,q3,1,SORT_SAMPLE,0.130637
paging,q3,2,CONCAT,5.578104
paging,q3,2,CONCAT,6.195737
paging,q3,2,CONCAT,5.683389
paging,q3,2,DYNAMIC_FILTER,31.613156
paging,q3,2,DYNAMIC_FILTER,25.253131999999997
paging,q3,2,DYNAMIC_FILTER,25.067379000000003
paging,q3,2,GPU_SCAN,4791.964671999999
paging,q3,2,GPU_SCAN,4939.717025000001
paging,q3,2,GPU_SCAN,4949.797093
paging,q3,2,HASH_GROUP_BY,1.293999
paging,q3,2,HASH_GROUP_BY,1.47977
paging,q3,2,HASH_GROUP_BY,1.32385
paging,q3,2,HASH_JOIN,10.366703000000001
paging,q3,2,HASH_JOIN,10.891862
paging,q3,2,HASH_JOIN,10.508890999999998
paging,q3,2,MERGE_GROUP_BY,0.022615
paging,q3,2,MERGE_GROUP_BY,0.011087
paging,q3,2,MERGE_GROUP_BY,0.020655
paging,q3,2,MERGE_SORT,0.239212
paging,q3,2,MERGE_SORT,0.5209
paging,q3,2,MERGE_SORT,0.210893
paging,q3,2,ORDER_BY,2.552305
paging,q3,2,ORDER_BY,2.487519
paging,q3,2,ORDER_BY,2.561151
paging,q3,2,PARTITION,0.383545
paging,q3,2,PARTITION,0.5042329999999999
paging,q3,2,PARTITION,0.3888980000000001
paging,q3,2,PROJECTION,0.25012
paging,q3,2,PROJECTION,0.261833
paging,q3,2,PROJECTION,0.234185
paging,q3,2,RESULT_COLLECTOR,24.447475
paging,q3,2,RESULT_COLLECTOR,6.081047
paging,q3,2,RESULT_COLLECTOR,5.510385
paging,q3,2,SORT_PARTITION,0.263033
paging,q3,2,SORT_PARTITION,0.274514
paging,q3,2,SORT_PARTITION,0.20039
paging,q3,2,SORT_SAMPLE,0.099484
paging,q3,2,SORT_SAMPLE,0.121575
paging,q3,2,SORT_SAMPLE,0.033667
paging,q3,3,CONCAT,6.038961
paging,q3,3,CONCAT,5.660765
paging,q3,3,CONCAT,5.854853
paging,q3,3,DYNAMIC_FILTER,30.083263
paging,q3,3,DYNAMIC_FILTER,31.145441
paging,q3,3,DYNAMIC_FILTER,22.254644000000003
paging,q3,3,GPU_SCAN,4909.328776
paging,q3,3,GPU_SCAN,4920.322474999999
paging,q3,3,GPU_SCAN,4891.665174
paging,q3,3,HASH_GROUP_BY,1.277236
paging,q3,3,HASH_GROUP_BY,1.32989
paging,q3,3,HASH_GROUP_BY,1.296451
paging,q3,3,HASH_JOIN,10.646948
paging,q3,3,HASH_JOIN,10.525524
paging,q3,3,HASH_JOIN,10.809864999999999
paging,q3,3,MERGE_GROUP_BY,0.011314
paging,q3,3,MERGE_GROUP_BY,0.027803
paging,q3,3,MERGE_GROUP_BY,0.031874
paging,q3,3,MERGE_SORT,0.434809
paging,q3,3,MERGE_SORT,0.450296
paging,q3,3,MERGE_SORT,0.399607
paging,q3,3,ORDER_BY,2.428191
paging,q3,3,ORDER_BY,2.521839
paging,q3,3,ORDER_BY,2.412927
paging,q3,3,PARTITION,0.47867700000000013
paging,q3,3,PARTITION,0.679916
paging,q3,3,PARTITION,0.3580930000000001
paging,q3,3,PROJECTION,0.25134
paging,q3,3,PROJECTION,0.238527
paging,q3,3,PROJECTION,0.236656
paging,q3,3,RESULT_COLLECTOR,6.197111
paging,q3,3,RESULT_COLLECTOR,14.209291
paging,q3,3,RESULT_COLLECTOR,13.405231
paging,q3,3,SORT_PARTITION,0.256195
paging,q3,3,SORT_PARTITION,0.301533
paging,q3,3,SORT_PARTITION,0.245967
paging,q3,3,SORT_SAMPLE,0.044426
paging,q3,3,SORT_SAMPLE,0.125201
paging,q3,3,SORT_SAMPLE,0.045068
paging,q3,4,CONCAT,5.126067
paging,q3,4,CONCAT,5.3485119999999995
paging,q3,4,CONCAT,5.714559
paging,q3,4,DYNAMIC_FILTER,28.825081
paging,q3,4,DYNAMIC_FILTER,32.862162999999995
paging,q3,4,DYNAMIC_FILTER,23.285493000000002
paging,q3,4,GPU_SCAN,5103.1790169999995
paging,q3,4,GPU_SCAN,5205.198171000001
paging,q3,4,GPU_SCAN,4828.185285
paging,q3,4,HASH_GROUP_BY,1.220765
paging,q3,4,HASH_GROUP_BY,1.3432
paging,q3,4,HASH_GROUP_BY,1.230156
paging,q3,4,HASH_JOIN,10.526568000000001
paging,q3,4,HASH_JOIN,10.525585
paging,q3,4,HASH_JOIN,10.345628000000001
paging,q3,4,MERGE_GROUP_BY,0.006898
paging,q3,4,MERGE_GROUP_BY,0.026636
paging,q3,4,MERGE_GROUP_BY,0.023123
paging,q3,4,MERGE_SORT,0.450209
paging,q3,4,MERGE_SORT,0.218223
paging,q3,4,MERGE_SORT,0.257569
paging,q3,4,ORDER_BY,2.39191
paging,q3,4,ORDER_BY,2.502249
paging,q3,4,ORDER_BY,2.400833
paging,q3,4,PARTITION,0.277602
paging,q3,4,PARTITION,0.3288229999999999
paging,q3,4,PARTITION,0.26404900000000003
paging,q3,4,PROJECTION,0.219275
paging,q3,4,PROJECTION,0.24544400000000002
paging,q3,4,PROJECTION,0.22697
paging,q3,4,RESULT_COLLECTOR,8.430429
paging,q3,4,RESULT_COLLECTOR,4.767681
paging,q3,4,RESULT_COLLECTOR,8.748212
paging,q3,4,SORT_PARTITION,0.215508
paging,q3,4,SORT_PARTITION,0.256809
paging,q3,4,SORT_PARTITION,0.20947
paging,q3,4,SORT_SAMPLE,0.071577
paging,q3,4,SORT_SAMPLE,0.084559
paging,q3,4,SORT_SAMPLE,0.040885
paging,q3,5,CONCAT,5.399177999999999
paging,q3,5,CONCAT,5.219348000000001
paging,q3,5,CONCAT,5.715339
paging,q3,5,DYNAMIC_FILTER,45.95927400000001
paging,q3,5,DYNAMIC_FILTER,34.340239999999994
paging,q3,5,DYNAMIC_FILTER,36.31157699999999
paging,q3,5,GPU_SCAN,5196.450868999998
paging,q3,5,GPU_SCAN,5237.983891999999
paging,q3,5,GPU_SCAN,5197.804572
paging,q3,5,HASH_GROUP_BY,1.420519
paging,q3,5,HASH_GROUP_BY,1.28242
paging,q3,5,HASH_GROUP_BY,1.284887
paging,q3,5,HASH_JOIN,10.27159
paging,q3,5,HASH_JOIN,10.404035
paging,q3,5,HASH_JOIN,10.347701
paging,q3,5,MERGE_GROUP_BY,0.025856
paging,q3,5,MERGE_GROUP_BY,0.02397
paging,q3,5,MERGE_GROUP_BY,0.02269
paging,q3,5,MERGE_SORT,0.500194
paging,q3,5,MERGE_SORT,0.218635
paging,q3,5,MERGE_SORT,0.440936
paging,q3,5,ORDER_BY,2.49876
paging,q3,5,ORDER_BY,2.517027
paging,q3,5,ORDER_BY,2.402347
paging,q3,5,PARTITION,0.321496
paging,q3,5,PARTITION,0.234052
paging,q3,5,PARTITION,0.42696900000000004
paging,q3,5,PROJECTION,0.22347
paging,q3,5,PROJECTION,0.232535
paging,q3,5,PROJECTION,0.226475
paging,q3,5,RESULT_COLLECTOR,6.132514
paging,q3,5,RESULT_COLLECTOR,5.734446
paging,q3,5,RESULT_COLLECTOR,9.985548
paging,q3,5,SORT_PARTITION,0.214888
paging,q3,5,SORT_PARTITION,0.242487
paging,q3,5,SORT_PARTITION,0.23077
paging,q3,5,SORT_SAMPLE,0.063668
paging,q3,5,SORT_SAMPLE,0.090077
paging,q3,5,SORT_SAMPLE,0.074341
paging,q4,1,CONCAT,2.087892
paging,q4,1,CONCAT,2.548231
paging,q4,1,CONCAT,2.3259760000000003
paging,q4,1,DYNAMIC_FILTER,27.224658
paging,q4,1,DYNAMIC_FILTER,19.14672
paging,q4,1,DYNAMIC_FILTER,30.498329999999996
paging,q4,1,FILTER,9.610652
paging,q4,1,FILTER,9.477577
paging,q4,1,FILTER,7.303113
paging,q4,1,GPU_SCAN,2642.593377
paging,q4,1,GPU_SCAN,2218.957994
paging,q4,1,GPU_SCAN,2516.84411
paging,q4,1,HASH_GROUP_BY,2.230772
paging,q4,1,HASH_GROUP_BY,2.499105
paging,q4,1,HASH_GROUP_BY,2.337843
paging,q4,1,HASH_JOIN,7.8794770000000005
paging,q4,1,HASH_JOIN,7.903268
paging,q4,1,HASH_JOIN,7.898555999999999
paging,q4,1,LEFT_DELIM_JOIN,2.739247
paging,q4,1,LEFT_DELIM_JOIN,2.804229
paging,q4,1,LEFT_DELIM_JOIN,2.770177
paging,q4,1,MERGE_GROUP_BY,3.122622
paging,q4,1,MERGE_GROUP_BY,2.8225309999999997
paging,q4,1,MERGE_GROUP_BY,3.023071
paging,q4,1,MERGE_SORT,0.359423
paging,q4,1,MERGE_SORT,0.379122
paging,q4,1,MERGE_SORT,0.561983
paging,q4,1,ORDER_BY,0.312069
paging,q4,1,ORDER_BY,0.212587
paging,q4,1,ORDER_BY,0.179776
paging,q4,1,PARTITION,0.46235299999999996
paging,q4,1,PARTITION,0.245973
paging,q4,1,PARTITION,0.324514
paging,q4,1,PROJECTION,0.021808
paging,q4,1,PROJECTION,0.014321
paging,q4,1,PROJECTION,0.013951
paging,q4,1,RESULT_COLLECTOR,0.331988
paging,q4,1,RESULT_COLLECTOR,0.389577
paging,q4,1,RESULT_COLLECTOR,0.319905
paging,q4,1,SORT_PARTITION,0.190633
paging,q4,1,SORT_PARTITION,0.231948
paging,q4,1,SORT_PARTITION,0.226955
paging,q4,1,SORT_SAMPLE,0.100802
paging,q4,1,SORT_SAMPLE,0.10208
paging,q4,1,SORT_SAMPLE,0.104278
paging,q4,2,CONCAT,1.911653
paging,q4,2,CONCAT,2.111036
paging,q4,2,CONCAT,2.208358
paging,q4,2,DYNAMIC_FILTER,27.475322000000002
paging,q4,2,DYNAMIC_FILTER,25.366568
paging,q4,2,DYNAMIC_FILTER,24.765221999999998
paging,q4,2,FILTER,8.55758
paging,q4,2,FILTER,6.02987
paging,q4,2,FILTER,8.682866
paging,q4,2,GPU_SCAN,2457.121578
paging,q4,2,GPU_SCAN,2607.600963
paging,q4,2,GPU_SCAN,2648.7951329999996
paging,q4,2,HASH_GROUP_BY,2.139165
paging,q4,2,HASH_GROUP_BY,2.253896
paging,q4,2,HASH_GROUP_BY,2.353995
paging,q4,2,HASH_JOIN,7.635535
paging,q4,2,HASH_JOIN,7.6246290000000005
paging,q4,2,HASH_JOIN,8.438651
paging,q4,2,LEFT_DELIM_JOIN,3.7839529999999995
paging,q4,2,LEFT_DELIM_JOIN,3.340476
paging,q4,2,LEFT_DELIM_JOIN,3.821121
paging,q4,2,MERGE_GROUP_BY,3.1770300000000002
paging,q4,2,MERGE_GROUP_BY,2.836171
paging,q4,2,MERGE_GROUP_BY,3.395988
paging,q4,2,MERGE_SORT,0.756858
paging,q4,2,MERGE_SORT,0.256406
paging,q4,2,MERGE_SORT,0.8996
paging,q4,2,ORDER_BY,0.167974
paging,q4,2,ORDER_BY,0.18549
paging,q4,2,ORDER_BY,0.190084
paging,q4,2,PARTITION,0.29214799999999996
paging,q4,2,PARTITION,0.357495
paging,q4,2,PARTITION,0.803647
paging,q4,2,PROJECTION,0.01162
paging,q4,2,PROJECTION,0.013578
paging,q4,2,PROJECTION,0.020767
paging,q4,2,RESULT_COLLECTOR,0.165282
paging,q4,2,RESULT_COLLECTOR,0.315863
paging,q4,2,RESULT_COLLECTOR,0.354229
paging,q4,2,SORT_PARTITION,0.193546
paging,q4,2,SORT_PARTITION,0.181643
paging,q4,2,SORT_PARTITION,0.238027
paging,q4,2,SORT_SAMPLE,0.160648
paging,q4,2,SORT_SAMPLE,0.085688
paging,q4,2,SORT_SAMPLE,0.182215
paging,q4,3,CONCAT,2.49941
paging,q4,3,CONCAT,2.07924
paging,q4,3,CONCAT,2.455888
paging,q4,3,DYNAMIC_FILTER,26.490769999999998
paging,q4,3,DYNAMIC_FILTER,31.972061999999998
paging,q4,3,DYNAMIC_FILTER,23.932541999999994
paging,q4,3,FILTER,7.184851000000001
paging,q4,3,FILTER,10.144169999999999
paging,q4,3,FILTER,9.998101000000002
paging,q4,3,GPU_SCAN,2409.4655660000003
paging,q4,3,GPU_SCAN,2607.8303570000003
paging,q4,3,GPU_SCAN,2599.285191
paging,q4,3,HASH_GROUP_BY,2.280312
paging,q4,3,HASH_GROUP_BY,2.435146
paging,q4,3,HASH_GROUP_BY,2.421698
paging,q4,3,HASH_JOIN,7.672406
paging,q4,3,HASH_JOIN,7.571175
paging,q4,3,HASH_JOIN,7.930797999999999
paging,q4,3,LEFT_DELIM_JOIN,4.3654910000000005
paging,q4,3,LEFT_DELIM_JOIN,4.988629
paging,q4,3,LEFT_DELIM_JOIN,5.689233
paging,q4,3,MERGE_GROUP_BY,2.8796269999999997
paging,q4,3,MERGE_GROUP_BY,2.82871
paging,q4,3,MERGE_GROUP_BY,2.991664
paging,q4,3,MERGE_SORT,0.44488
paging,q4,3,MERGE_SORT,0.503833
paging,q4,3,MERGE_SORT,0.284672
paging,q4,3,ORDER_BY,0.20407
paging,q4,3,ORDER_BY,0.22132
paging,q4,3,ORDER_BY,0.202382
paging,q4,3,PARTITION,0.3004479999999999
paging,q4,3,PARTITION,0.47884400000000005
paging,q4,3,PARTITION,0.3091900000000001
paging,q4,3,PROJECTION,0.01467
paging,q4,3,PROJECTION,0.018715
paging,q4,3,PROJECTION,0.01679
paging,q4,3,RESULT_COLLECTOR,0.141993
paging,q4,3,RESULT_COLLECTOR,0.222123
paging,q4,3,RESULT_COLLECTOR,0.260751
paging,q4,3,SORT_PARTITION,0.195326
paging,q4,3,SORT_PARTITION,0.215051
paging,q4,3,SORT_PARTITION,0.202791
paging,q4,3,SORT_SAMPLE,0.096673
paging,q4,3,SORT_SAMPLE,0.109559
paging,q4,3,SORT_SAMPLE,0.105156
paging,q4,4,CONCAT,1.937584
paging,q4,4,CONCAT,2.021159
paging,q4,4,CONCAT,2.008845
paging,q4,4,DYNAMIC_FILTER,31.292640000000002
paging,q4,4,DYNAMIC_FILTER,24.897385
paging,q4,4,DYNAMIC_FILTER,34.580414000000005
paging,q4,4,FILTER,5.877684
paging,q4,4,FILTER,7.552276000000001
paging,q4,4,FILTER,6.069405
paging,q4,4,GPU_SCAN,2728.5604549999994
paging,q4,4,GPU_SCAN,2769.744456
paging,q4,4,GPU_SCAN,2753.322369
paging,q4,4,HASH_GROUP_BY,2.099592
paging,q4,4,HASH_GROUP_BY,2.221255
paging,q4,4,HASH_GROUP_BY,2.246373
paging,q4,4,HASH_JOIN,7.649889
paging,q4,4,HASH_JOIN,7.793430000000001
paging,q4,4,HASH_JOIN,7.907418
paging,q4,4,LEFT_DELIM_JOIN,4.830767
paging,q4,4,LEFT_DELIM_JOIN,4.7437830000000005
paging,q4,4,LEFT_DELIM_JOIN,3.956064
paging,q4,4,MERGE_GROUP_BY,2.973504
paging,q4,4,MERGE_GROUP_BY,2.845869
paging,q4,4,MERGE_GROUP_BY,2.929261
paging,q4,4,MERGE_SORT,0.730943
paging,q4,4,MERGE_SORT,0.843559
paging,q4,4,MERGE_SORT,0.67914
paging,q4,4,ORDER_BY,0.163313
paging,q4,4,ORDER_BY,0.19035
paging,q4,4,ORDER_BY,0.15682
paging,q4,4,PARTITION,0.29316000000000003
paging,q4,4,PARTITION,0.511227
paging,q4,4,PARTITION,0.407873
paging,q4,4,PROJECTION,0.011615
paging,q4,4,PROJECTION,0.01922
paging,q4,4,PROJECTION,0.013427
paging,q4,4,RESULT_COLLECTOR,0.289103
paging,q4,4,RESULT_COLLECTOR,0.302773
paging,q4,4,RESULT_COLLECTOR,0.24644
paging,q4,4,SORT_PARTITION,0.164441
paging,q4,4,SORT_PARTITION,0.201404
paging,q4,4,SORT_PARTITION,0.166267
paging,q4,4,SORT_SAMPLE,0.085874
paging,q4,4,SORT_SAMPLE,0.105954
paging,q4,4,SORT_SAMPLE,0.084133
paging,q4,5,CONCAT,2.384088
paging,q4,5,CONCAT,1.906313
paging,q4,5,CONCAT,1.8599990000000002
paging,q4,5,DYNAMIC_FILTER,28.423993000000003
paging,q4,5,DYNAMIC_FILTER,37.893800000000006
paging,q4,5,DYNAMIC_FILTER,19.234493
paging,q4,5,FILTER,7.1223860000000005
paging,q4,5,FILTER,10.690235
paging,q4,5,FILTER,4.610117
paging,q4,5,GPU_SCAN,2630.849816
paging,q4,5,GPU_SCAN,2820.423285
paging,q4,5,GPU_SCAN,2636.861831
paging,q4,5,HASH_GROUP_BY,2.221857
paging,q4,5,HASH_GROUP_BY,2.699961
paging,q4,5,HASH_GROUP_BY,2.097214
paging,q4,5,HASH_JOIN,7.708436000000001
paging,q4,5,HASH_JOIN,7.960445
paging,q4,5,HASH_JOIN,7.787879
paging,q4,5,LEFT_DELIM_JOIN,4.793602
paging,q4,5,LEFT_DELIM_JOIN,4.924065000000001
paging,q4,5,LEFT_DELIM_JOIN,4.958246000000001
paging,q4,5,MERGE_GROUP_BY,2.885678
paging,q4,5,MERGE_GROUP_BY,2.906446
paging,q4,5,MERGE_GROUP_BY,2.911322
paging,q4,5,MERGE_SORT,0.204056
paging,q4,5,MERGE_SORT,0.252457
paging,q4,5,MERGE_SORT,0.215352
paging,q4,5,ORDER_BY,0.243976
paging,q4,5,ORDER_BY,0.268959
paging,q4,5,ORDER_BY,0.160772
paging,q4,5,PARTITION,0.29761799999999994
paging,q4,5,PARTITION,0.38484199999999996
paging,q4,5,PARTITION,0.357863
paging,q4,5,PROJECTION,0.013705
paging,q4,5,PROJECTION,0.021609
paging,q4,5,PROJECTION,0.01023
paging,q4,5,RESULT_COLLECTOR,0.154028
paging,q4,5,RESULT_COLLECTOR,0.167065
paging,q4,5,RESULT_COLLECTOR,0.274036
paging,q4,5,SORT_PARTITION,0.168481
paging,q4,5,SORT_PARTITION,0.205538
paging,q4,5,SORT_PARTITION,0.165657
paging,q4,5,SORT_SAMPLE,0.084753
paging,q4,5,SORT_SAMPLE,0.114919
paging,q4,5,SORT_SAMPLE,0.089389
paging,q5,1,CONCAT,2.560412
paging,q5,1,CONCAT,2.872762
paging,q5,1,CONCAT,2.342557
paging,q5,1,DYNAMIC_FILTER,34.627598
paging,q5,1,DYNAMIC_FILTER,30.12273500000001
paging,q5,1,DYNAMIC_FILTER,27.290363
paging,q5,1,GPU_SCAN,5547.659281
paging,q5,1,GPU_SCAN,5605.563102
paging,q5,1,GPU_SCAN,5547.793132000002
paging,q5,1,HASH_GROUP_BY,0.637041
paging,q5,1,HASH_GROUP_BY,0.619416
paging,q5,1,HASH_GROUP_BY,1.083982
paging,q5,1,HASH_JOIN,16.222535999999998
paging,q5,1,HASH_JOIN,17.008505
paging,q5,1,HASH_JOIN,17.278399999999998
paging,q5,1,MERGE_GROUP_BY,0.034247
paging,q5,1,MERGE_GROUP_BY,0.009146
paging,q5,1,MERGE_GROUP_BY,0.0062
paging,q5,1,MERGE_SORT,1.167239
paging,q5,1,MERGE_SORT,0.567938
paging,q5,1,MERGE_SORT,0.457168
paging,q5,1,ORDER_BY,0.334571
paging,q5,1,ORDER_BY,0.250129
paging,q5,1,ORDER_BY,0.148318
paging,q5,1,PARTITION,0.454223
paging,q5,1,PARTITION,0.5819369999999999
paging,q5,1,PARTITION,0.445444
paging,q5,1,PROJECTION,0.134547
paging,q5,1,PROJECTION,0.131237
paging,q5,1,PROJECTION,0.112593
paging,q5,1,RESULT_COLLECTOR,0.231779
paging,q5,1,RESULT_COLLECTOR,0.151434
paging,q5,1,RESULT_COLLECTOR,0.099035
paging,q5,1,SORT_PARTITION,0.526217
paging,q5,1,SORT_PARTITION,0.516978
paging,q5,1,SORT_PARTITION,0.384452
paging,q5,1,SORT_SAMPLE,0.04707
paging,q5,1,SORT_SAMPLE,0.043412
paging,q5,1,SORT_SAMPLE,0.022667
paging,q5,2,CONCAT,3.210259
paging,q5,2,CONCAT,3.397271
paging,q5,2,CONCAT,2.7190559999999997
paging,q5,2,DYNAMIC_FILTER,31.770079000000003
paging,q5,2,DYNAMIC_FILTER,29.586897
paging,q5,2,DYNAMIC_FILTER,28.276368
paging,q5,2,GPU_SCAN,5629.346006000001
paging,q5,2,GPU_SCAN,5609.5072789999995
paging,q5,2,GPU_SCAN,5650.707117
paging,q5,2,HASH_GROUP_BY,0.689468
paging,q5,2,HASH_GROUP_BY,0.644172
paging,q5,2,HASH_GROUP_BY,1.130394
paging,q5,2,HASH_JOIN,17.316149
paging,q5,2,HASH_JOIN,17.971282
paging,q5,2,HASH_JOIN,17.233363
paging,q5,2,MERGE_GROUP_BY,0.028938
paging,q5,2,MERGE_GROUP_BY,0.061647
paging,q5,2,MERGE_GROUP_BY,0.023594
paging,q5,2,MERGE_SORT,0.500244
paging,q5,2,MERGE_SORT,1.327554
paging,q5,2,MERGE_SORT,1.009015
paging,q5,2,ORDER_BY,0.286259
paging,q5,2,ORDER_BY,0.278674
paging,q5,2,ORDER_BY,0.149194
paging,q5,2,PARTITION,0.5874540000000003
paging,q5,2,PARTITION,0.6577940000000001
paging,q5,2,PARTITION,0.5389970000000001
paging,q5,2,PROJECTION,0.131358
paging,q5,2,PROJECTION,0.14181
paging,q5,2,PROJECTION,0.112335
paging,q5,2,RESULT_COLLECTOR,0.189383
paging,q5,2,RESULT_COLLECTOR,0.349908
paging,q5,2,RESULT_COLLECTOR,0.245053
paging,q5,2,SORT_PARTITION,0.501562
paging,q5,2,SORT_PARTITION,0.453668
paging,q5,2,SORT_PARTITION,0.353369
paging,q5,2,SORT_SAMPLE,0.101391
paging,q5,2,SORT_SAMPLE,0.041995
paging,q5,2,SORT_SAMPLE,0.022058
paging,q5,3,CONCAT,2.838291
paging,q5,3,CONCAT,2.4514170000000006
paging,q5,3,CONCAT,2.302465
paging,q5,3,DYNAMIC_FILTER,28.741494
paging,q5,3,DYNAMIC_FILTER,32.013409
paging,q5,3,DYNAMIC_FILTER,28.200893999999998
paging,q5,3,GPU_SCAN,5604.998344
paging,q5,3,GPU_SCAN,5618.1144540000005
paging,q5,3,GPU_SCAN,5661.420726000002
paging,q5,3,HASH_GROUP_BY,0.547053
paging,q5,3,HASH_GROUP_BY,0.545918
paging,q5,3,HASH_GROUP_BY,1.082566
paging,q5,3,HASH_JOIN,16.225941
paging,q5,3,HASH_JOIN,17.107723
paging,q5,3,HASH_JOIN,16.939737
paging,q5,3,MERGE_GROUP_BY,0.007254
paging,q5,3,MERGE_GROUP_BY,0.006103
paging,q5,3,MERGE_GROUP_BY,0.009585
paging,q5,3,MERGE_SORT,0.425297
paging,q5,3,MERGE_SORT,0.367311
paging,q5,3,MERGE_SORT,0.364947
paging,q5,3,ORDER_BY,0.180893
paging,q5,3,ORDER_BY,0.199389
paging,q5,3,ORDER_BY,0.189688
paging,q5,3,PARTITION,0.4439400000000001
paging,q5,3,PARTITION,0.6109419999999999
paging,q5,3,PARTITION,0.537942
paging,q5,3,PROJECTION,0.114581
paging,q5,3,PROJECTION,0.116086
paging,q5,3,PROJECTION,0.113488
paging,q5,3,RESULT_COLLECTOR,0.127336
paging,q5,3,RESULT_COLLECTOR,0.123879
paging,q5,3,RESULT_COLLECTOR,0.119044
paging,q5,3,SORT_PARTITION,0.351359
paging,q5,3,SORT_PARTITION,0.382078
paging,q5,3,SORT_PARTITION,0.326847
paging,q5,3,SORT_SAMPLE,0.027982
paging,q5,3,SORT_SAMPLE,0.03483
paging,q5,3,SORT_SAMPLE,0.030719
paging,q5,4,CONCAT,2.943308
paging,q5,4,CONCAT,2.784787
paging,q5,4,CONCAT,2.81103
paging,q5,4,DYNAMIC_FILTER,27.097382
paging,q5,4,DYNAMIC_FILTER,31.114605999999995
paging,q5,4,DYNAMIC_FILTER,26.264921000000005
paging,q5,4,GPU_SCAN,5650.482811000001
paging,q5,4,GPU_SCAN,5642.520128
paging,q5,4,GPU_SCAN,5551.059964999999
paging,q5,4,HASH_GROUP_BY,0.526647
paging,q5,4,HASH_GROUP_BY,0.534579
paging,q5,4,HASH_GROUP_BY,1.148575
paging,q5,4,HASH_JOIN,17.031405
paging,q5,4,HASH_JOIN,17.297194
paging,q5,4,HASH_JOIN,15.951319
paging,q5,4,MERGE_GROUP_BY,0.027701
paging,q5,4,MERGE_GROUP_BY,0.023639
paging,q5,4,MERGE_GROUP_BY,0.021488
paging,q5,4,MERGE_SORT,1.117098
paging,q5,4,MERGE_SORT,0.813581
paging,q5,4,MERGE_SORT,0.391101
paging,q5,4,ORDER_BY,0.191441
paging,q5,4,ORDER_BY,0.408451
paging,q5,4,ORDER_BY,0.227781
paging,q5,4,PARTITION,0.5242640000000002
paging,q5,4,PARTITION,0.6326860000000002
paging,q5,4,PARTITION,0.41240299999999996
paging,q5,4,PROJECTION,0.110778
paging,q5,4,PROJECTION,0.135361
paging,q5,4,PROJECTION,0.116784
paging,q5,4,RESULT_COLLECTOR,0.252822
paging,q5,4,RESULT_COLLECTOR,0.276387
paging,q5,4,RESULT_COLLECTOR,0.119778
paging,q5,4,SORT_PARTITION,0.330761
paging,q5,4,SORT_PARTITION,0.382987
paging,q5,4,SORT_PARTITION,0.437842
paging,q5,4,SORT_SAMPLE,0.0306
paging,q5,4,SORT_SAMPLE,0.066782
paging,q5,4,SORT_SAMPLE,0.078084
paging,q5,5,CONCAT,2.744138
paging,q5,5,CONCAT,2.654201
paging,q5,5,CONCAT,2.377792
paging,q5,5,DYNAMIC_FILTER,25.951726000000008
paging,q5,5,DYNAMIC_FILTER,36.856154
paging,q5,5,DYNAMIC_FILTER,32.333608000000005
paging,q5,5,GPU_SCAN,5718.46493
paging,q5,5,GPU_SCAN,5798.109545
paging,q5,5,GPU_SCAN,5739.187951
paging,q5,5,HASH_GROUP_BY,0.556265
paging,q5,5,HASH_GROUP_BY,0.615742
paging,q5,5,HASH_GROUP_BY,1.167926
paging,q5,5,HASH_JOIN,16.321619
paging,q5,5,HASH_JOIN,17.274226
paging,q5,5,HASH_JOIN,17.280183
paging,q5,5,MERGE_GROUP_BY,0.01322
paging,q5,5,MERGE_GROUP_BY,0.022523
paging,q5,5,MERGE_GROUP_BY,0.024242
paging,q5,5,MERGE_SORT,1.153193
paging,q5,5,MERGE_SORT,0.388075
paging,q5,5,MERGE_SORT,1.188929
paging,q5,5,ORDER_BY,0.1634
paging,q5,5,ORDER_BY,0.200866
paging,q5,5,ORDER_BY,0.213662
paging,q5,5,PARTITION,0.5277730000000002
paging,q5,5,PARTITION,0.5624819999999998
paging,q5,5,PARTITION,0.6038730000000001
paging,q5,5,PROJECTION,0.120616
paging,q5,5,PROJECTION,0.118521
paging,q5,5,PROJECTION,0.140685
paging,q5,5,RESULT_COLLECTOR,0.218824
paging,q5,5,RESULT_COLLECTOR,0.243002
paging,q5,5,RESULT_COLLECTOR,0.344092
paging,q5,5,SORT_PARTITION,0.36698
paging,q5,5,SORT_PARTITION,0.385407
paging,q5,5,SORT_PARTITION,0.473433
paging,q5,5,SORT_SAMPLE,0.025862
paging,q5,5,SORT_SAMPLE,0.035925
paging,q5,5,SORT_SAMPLE,0.096328
paging,q6,1,GPU_SCAN,4026.0624949999997
paging,q6,1,GPU_SCAN,3962.2538919999997
paging,q6,1,GPU_SCAN,4069.21983
paging,q6,1,MERGE_AGGREGATE,0.252027
paging,q6,1,MERGE_AGGREGATE,0.159993
paging,q6,1,MERGE_AGGREGATE,0.176158
paging,q6,1,PROJECTION,3.373394
paging,q6,1,PROJECTION,3.1943580000000003
paging,q6,1,PROJECTION,3.4387109999999996
paging,q6,1,RESULT_COLLECTOR,0.115536
paging,q6,1,RESULT_COLLECTOR,0.072269
paging,q6,1,RESULT_COLLECTOR,0.093537
paging,q6,1,UNGROUPED_AGGREGATE,10.756729999999997
paging,q6,1,UNGROUPED_AGGREGATE,3.4370230000000004
paging,q6,1,UNGROUPED_AGGREGATE,4.235011
paging,q6,2,GPU_SCAN,3249.40193
paging,q6,2,GPU_SCAN,3256.5121830000003
paging,q6,2,GPU_SCAN,3301.0523450000005
paging,q6,2,MERGE_AGGREGATE,0.243166
paging,q6,2,MERGE_AGGREGATE,0.774762
paging,q6,2,MERGE_AGGREGATE,0.251288
paging,q6,2,PROJECTION,8.698747999999998
paging,q6,2,PROJECTION,4.9747069999999995
paging,q6,2,PROJECTION,3.7563130000000005
paging,q6,2,RESULT_COLLECTOR,0.097566
paging,q6,2,RESULT_COLLECTOR,0.135427
paging,q6,2,RESULT_COLLECTOR,0.072158
paging,q6,2,UNGROUPED_AGGREGATE,5.386606
paging,q6,2,UNGROUPED_AGGREGATE,4.833188
paging,q6,2,UNGROUPED_AGGREGATE,6.600548
paging,q6,3,GPU_SCAN,3335.934421
paging,q6,3,GPU_SCAN,3312.939035
paging,q6,3,GPU_SCAN,3378.3842980000004
paging,q6,3,MERGE_AGGREGATE,0.868336
paging,q6,3,MERGE_AGGREGATE,0.819163
paging,q6,3,MERGE_AGGREGATE,0.145271
paging,q6,3,PROJECTION,5.077058
paging,q6,3,PROJECTION,7.482809
paging,q6,3,PROJECTION,9.600847
paging,q6,3,RESULT_COLLECTOR,0.235094
paging,q6,3,RESULT_COLLECTOR,0.208166
paging,q6,3,RESULT_COLLECTOR,0.264149
paging,q6,3,UNGROUPED_AGGREGATE,6.040707
paging,q6,3,UNGROUPED_AGGREGATE,4.509233000000001
paging,q6,3,UNGROUPED_AGGREGATE,4.119564
paging,q6,4,GPU_SCAN,3257.579299
paging,q6,4,GPU_SCAN,3265.118355
paging,q6,4,GPU_SCAN,3251.298515
paging,q6,4,MERGE_AGGREGATE,0.214867
paging,q6,4,MERGE_AGGREGATE,0.176404
paging,q6,4,MERGE_AGGREGATE,0.232556
paging,q6,4,PROJECTION,3.926295
paging,q6,4,PROJECTION,3.2794800000000004
paging,q6,4,PROJECTION,7.5592950000000005
paging,q6,4,RESULT_COLLECTOR,0.09869
paging,q6,4,RESULT_COLLECTOR,0.079183
paging,q6,4,RESULT_COLLECTOR,0.101379
paging,q6,4,UNGROUPED_AGGREGATE,4.743868
paging,q6,4,UNGROUPED_AGGREGATE,4.790098
paging,q6,4,UNGROUPED_AGGREGATE,5.816875
paging,q6,5,GPU_SCAN,3344.002234
paging,q6,5,GPU_SCAN,3349.768322
paging,q6,5,GPU_SCAN,3382.7435020000003
paging,q6,5,MERGE_AGGREGATE,0.284782
paging,q6,5,MERGE_AGGREGATE,0.690112
paging,q6,5,MERGE_AGGREGATE,0.216199
paging,q6,5,PROJECTION,3.090841
paging,q6,5,PROJECTION,3.040172
paging,q6,5,PROJECTION,4.140156
paging,q6,5,RESULT_COLLECTOR,0.073681
paging,q6,5,RESULT_COLLECTOR,0.21168
paging,q6,5,RESULT_COLLECTOR,0.104936
paging,q6,5,UNGROUPED_AGGREGATE,3.095346
paging,q6,5,UNGROUPED_AGGREGATE,3.2317609999999997
paging,q6,5,UNGROUPED_AGGREGATE,4.680544
paging,q7,1,CONCAT,4.52984
paging,q7,1,CONCAT,4.593164000000001
paging,q7,1,CONCAT,4.743795999999999
paging,q7,1,DYNAMIC_FILTER,36.178585000000005
paging,q7,1,DYNAMIC_FILTER,39.126909000000005
paging,q7,1,DYNAMIC_FILTER,34.07733
paging,q7,1,FILTER,1.368612
paging,q7,1,FILTER,1.1796760000000002
paging,q7,1,FILTER,1.1487720000000001
paging,q7,1,GPU_SCAN,6238.811054000001
paging,q7,1,GPU_SCAN,6802.965714999999
paging,q7,1,GPU_SCAN,6111.910934
paging,q7,1,HASH_GROUP_BY,1.786337
paging,q7,1,HASH_GROUP_BY,2.179517
paging,q7,1,HASH_GROUP_BY,0.743644
paging,q7,1,HASH_JOIN,19.99104
paging,q7,1,HASH_JOIN,21.186345
paging,q7,1,HASH_JOIN,20.503596
paging,q7,1,MERGE_GROUP_BY,0.035809
paging,q7,1,MERGE_GROUP_BY,0.037053
paging,q7,1,MERGE_GROUP_BY,0.01662
paging,q7,1,MERGE_SORT,1.263888
paging,q7,1,MERGE_SORT,0.986377
paging,q7,1,MERGE_SORT,2.06653
paging,q7,1,ORDER_BY,0.472568
paging,q7,1,ORDER_BY,0.74805
paging,q7,1,ORDER_BY,0.524105
paging,q7,1,PARTITION,0.6719
paging,q7,1,PARTITION,0.6171309999999998
paging,q7,1,PARTITION,0.6521319999999999
paging,q7,1,PROJECTION,0.164238
paging,q7,1,PROJECTION,0.171614
paging,q7,1,PROJECTION,0.163274
paging,q7,1,RESULT_COLLECTOR,0.349122
paging,q7,1,RESULT_COLLECTOR,0.209587
paging,q7,1,RESULT_COLLECTOR,0.185865
paging,q7,1,SORT_PARTITION,0.831299
paging,q7,1,SORT_PARTITION,1.000193
paging,q7,1,SORT_PARTITION,0.963179
paging,q7,1,SORT_SAMPLE,0.15922
paging,q7,1,SORT_SAMPLE,0.34581
paging,q7,1,SORT_SAMPLE,0.282617
paging,q7,2,CONCAT,5.507663
paging,q7,2,CONCAT,5.292293999999999
paging,q7,2,CONCAT,5.320857
paging,q7,2,DYNAMIC_FILTER,33.287594999999996
paging,q7,2,DYNAMIC_FILTER,31.686694
paging,q7,2,DYNAMIC_FILTER,32.732011
paging,q7,2,FILTER,0.994106
paging,q7,2,FILTER,1.096587
paging,q7,2,FILTER,1.307426
paging,q7,2,GPU_SCAN,6183.103158999998
paging,q7,2,GPU_SCAN,6162.004617999999
paging,q7,2,GPU_SCAN,6193.630084999999
paging,q7,2,HASH_GROUP_BY,1.702347
paging,q7,2,HASH_GROUP_BY,1.697212
paging,q7,2,HASH_GROUP_BY,0.794923
paging,q7,2,HASH_JOIN,21.446118
paging,q7,2,HASH_JOIN,21.310814
paging,q7,2,HASH_JOIN,20.272178
paging,q7,2,MERGE_GROUP_BY,0.016791
paging,q7,2,MERGE_GROUP_BY,0.044429
paging,q7,2,MERGE_GROUP_BY,0.016531
paging,q7,2,MERGE_SORT,0.68946
paging,q7,2,MERGE_SORT,2.664231
paging,q7,2,MERGE_SORT,0.91113
paging,q7,2,ORDER_BY,0.595626
paging,q7,2,ORDER_BY,0.65245
paging,q7,2,ORDER_BY,0.634499
paging,q7,2,PARTITION,0.5088619999999999
paging,q7,2,PARTITION,0.6549769999999999
paging,q7,2,PARTITION,0.6023090000000001
paging,q7,2,PROJECTION,0.140698
paging,q7,2,PROJECTION,0.146251
paging,q7,2,PROJECTION,0.162969
paging,q7,2,RESULT_COLLECTOR,0.341097
paging,q7,2,RESULT_COLLECTOR,0.367822
paging,q7,2,RESULT_COLLECTOR,0.248147
paging,q7,2,SORT_PARTITION,0.706147
paging,q7,2,SORT_PARTITION,0.794131
paging,q7,2,SORT_PARTITION,0.932872
paging,q7,2,SORT_SAMPLE,0.14902
paging,q7,2,SORT_SAMPLE,0.25367
paging,q7,2,SORT_SAMPLE,0.195911
paging,q7,3,CONCAT,4.944333
paging,q7,3,CONCAT,4.814278
paging,q7,3,CONCAT,4.657347000000001
paging,q7,3,DYNAMIC_FILTER,33.853783
paging,q7,3,DYNAMIC_FILTER,32.44262000000001
paging,q7,3,DYNAMIC_FILTER,32.280696999999996
paging,q7,3,FILTER,1.172463
paging,q7,3,FILTER,0.982043
paging,q7,3,FILTER,1.034591
paging,q7,3,GPU_SCAN,6158.582950999999
paging,q7,3,GPU_SCAN,6318.511797
paging,q7,3,GPU_SCAN,6191.357358000001
paging,q7,3,HASH_GROUP_BY,1.640394
paging,q7,3,HASH_GROUP_BY,1.82924
paging,q7,3,HASH_GROUP_BY,0.69132
paging,q7,3,HASH_JOIN,20.27461
paging,q7,3,HASH_JOIN,20.733341000000003
paging,q7,3,HASH_JOIN,20.250831
paging,q7,3,MERGE_GROUP_BY,0.022682
paging,q7,3,MERGE_GROUP_BY,0.019354
paging,q7,3,MERGE_GROUP_BY,0.044753
paging,q7,3,MERGE_SORT,1.153691
paging,q7,3,MERGE_SORT,2.564315
paging,q7,3,MERGE_SORT,1.170482
paging,q7,3,ORDER_BY,0.511025
paging,q7,3,ORDER_BY,0.505517
paging,q7,3,ORDER_BY,0.472474
paging,q7,3,PARTITION,0.4946539999999999
paging,q7,3,PARTITION,0.5621970000000001
paging,q7,3,PARTITION,0.6380060000000001
paging,q7,3,PROJECTION,0.139289
paging,q7,3,PROJECTION,0.136406
paging,q7,3,PROJECTION,0.162789
paging,q7,3,RESULT_COLLECTOR,0.141043
paging,q7,3,RESULT_COLLECTOR,0.272039
paging,q7,3,RESULT_COLLECTOR,0.324736
paging,q7,3,SORT_PARTITION,0.720716
paging,q7,3,SORT_PARTITION,0.697257
paging,q7,3,SORT_PARTITION,0.828983
paging,q7,3,SORT_SAMPLE,0.153708
paging,q7,3,SORT_SAMPLE,0.148326
paging,q7,3,SORT_SAMPLE,0.155012
paging,q7,4,CONCAT,4.505045
paging,q7,4,CONCAT,5.044165
paging,q7,4,CONCAT,5.220467999999999
paging,q7,4,DYNAMIC_FILTER,32.842151
paging,q7,4,DYNAMIC_FILTER,31.214226
paging,q7,4,DYNAMIC_FILTER,33.54501000000001
paging,q7,4,FILTER,1.3447339999999999
paging,q7,4,FILTER,1.077199
paging,q7,4,FILTER,1.163837
paging,q7,4,GPU_SCAN,6292.355441999998
paging,q7,4,GPU_SCAN,6191.957025
paging,q7,4,GPU_SCAN,6175.894834000001
paging,q7,4,HASH_GROUP_BY,1.827595
paging,q7,4,HASH_GROUP_BY,1.836082
paging,q7,4,HASH_GROUP_BY,0.701194
paging,q7,4,HASH_JOIN,21.028734
paging,q7,4,HASH_JOIN,21.000595999999998
paging,q7,4,HASH_JOIN,20.477565000000002
paging,q7,4,MERGE_GROUP_BY,0.031674
paging,q7,4,MERGE_GROUP_BY,0.014709
paging,q7,4,MERGE_GROUP_BY,0.009294
paging,q7,4,MERGE_SORT,0.796007
paging,q7,4,MERGE_SORT,2.747617
paging,q7,4,MERGE_SORT,0.918449
paging,q7,4,ORDER_BY,0.449461
paging,q7,4,ORDER_BY,0.548556
paging,q7,4,ORDER_BY,0.553918
paging,q7,4,PARTITION,0.5662539999999999
paging,q7,4,PARTITION,0.525605
paging,q7,4,PARTITION,0.536447
paging,q7,4,PROJECTION,0.149843
paging,q7,4,PROJECTION,0.160846
paging,q7,4,PROJECTION,0.150132
paging,q7,4,RESULT_COLLECTOR,0.23027
paging,q7,4,RESULT_COLLECTOR,0.191437
paging,q7,4,RESULT_COLLECTOR,0.202261
paging,q7,4,SORT_PARTITION,0.823599
paging,q7,4,SORT_PARTITION,0.834816
paging,q7,4,SORT_PARTITION,0.86738
paging,q7,4,SORT_SAMPLE,0.149531
paging,q7,4,SORT_SAMPLE,0.188909
paging,q7,4,SORT_SAMPLE,0.167826
paging,q7,5,CONCAT,4.583248
paging,q7,5,CONCAT,4.537901
paging,q7,5,CONCAT,4.451824000000001
paging,q7,5,DYNAMIC_FILTER,32.43812599999999
paging,q7,5,DYNAMIC_FILTER,39.785944
paging,q7,5,DYNAMIC_FILTER,34.645196000000006
paging,q7,5,FILTER,1.255857
paging,q7,5,FILTER,1.075637
paging,q7,5,FILTER,0.885594
paging,q7,5,GPU_SCAN,6703.929739000001
paging,q7,5,GPU_SCAN,7007.519006999999
paging,q7,5,GPU_SCAN,6683.955995999999
paging,q7,5,HASH_GROUP_BY,1.647793
paging,q7,5,HASH_GROUP_BY,1.748431
paging,q7,5,HASH_GROUP_BY,0.620633
paging,q7,5,HASH_JOIN,20.139201999999997
paging,q7,5,HASH_JOIN,20.459812
paging,q7,5,HASH_JOIN,19.332159
paging,q7,5,MERGE_GROUP_BY,0.032407
paging,q7,5,MERGE_GROUP_BY,0.010623
paging,q7,5,MERGE_GROUP_BY,0.027607
paging,q7,5,MERGE_SORT,2.567086
paging,q7,5,MERGE_SORT,0.771531
paging,q7,5,MERGE_SORT,0.722911
paging,q7,5,ORDER_BY,0.470529
paging,q7,5,ORDER_BY,0.541123
paging,q7,5,ORDER_BY,0.453372
paging,q7,5,PARTITION,0.5378519999999999
paging,q7,5,PARTITION,0.6226999999999999
paging,q7,5,PARTITION,0.8162480000000002
paging,q7,5,PROJECTION,0.138918
paging,q7,5,PROJECTION,0.136217
paging,q7,5,PROJECTION,0.132283
paging,q7,5,RESULT_COLLECTOR,0.317863
paging,q7,5,RESULT_COLLECTOR,0.116636
paging,q7,5,RESULT_COLLECTOR,0.287706
paging,q7,5,SORT_PARTITION,0.716422
paging,q7,5,SORT_PARTITION,0.716537
paging,q7,5,SORT_PARTITION,0.683556
paging,q7,5,SORT_SAMPLE,0.151549
paging,q7,5,SORT_SAMPLE,0.161019
paging,q7,5,SORT_SAMPLE,0.143119
paging,q8,1,CONCAT,18.729492
paging,q8,1,CONCAT,21.132779
paging,q8,1,CONCAT,19.234323
paging,q8,1,DYNAMIC_FILTER,52.20156900000001
paging,q8,1,DYNAMIC_FILTER,47.684324000000004
paging,q8,1,DYNAMIC_FILTER,48.798442
paging,q8,1,GPU_SCAN,7799.834939000002
paging,q8,1,GPU_SCAN,7981.7976750000025
paging,q8,1,GPU_SCAN,7964.261459000001
paging,q8,1,HASH_GROUP_BY,0.434211
paging,q8,1,HASH_GROUP_BY,0.420357
paging,q8,1,HASH_GROUP_BY,0.336874
paging,q8,1,HASH_JOIN,25.398903999999998
paging,q8,1,HASH_JOIN,25.675271
paging,q8,1,HASH_JOIN,23.881992000000004
paging,q8,1,MERGE_GROUP_BY,0.029568
paging,q8,1,MERGE_GROUP_BY,0.017071
paging,q8,1,MERGE_GROUP_BY,0.005467
paging,q8,1,MERGE_SORT,0.091379
paging,q8,1,MERGE_SORT,0.453037
paging,q8,1,MERGE_SORT,0.095909
paging,q8,1,ORDER_BY,0.268656
paging,q8,1,ORDER_BY,0.081769
paging,q8,1,ORDER_BY,0.061796
paging,q8,1,PARTITION,0.6531310000000001
paging,q8,1,PARTITION,0.9506870000000002
paging,q8,1,PARTITION,0.560063
paging,q8,1,PROJECTION,0.624853
paging,q8,1,PROJECTION,0.461079
paging,q8,1,PROJECTION,0.362907
paging,q8,1,RESULT_COLLECTOR,0.250626
paging,q8,1,RESULT_COLLECTOR,0.193887
paging,q8,1,RESULT_COLLECTOR,0.085957
paging,q8,1,SORT_PARTITION,0.130906
paging,q8,1,SORT_PARTITION,0.14633
paging,q8,1,SORT_PARTITION,0.117271
paging,q8,1,SORT_SAMPLE,0.030389
paging,q8,1,SORT_SAMPLE,0.02843
paging,q8,1,SORT_SAMPLE,0.025581
paging,q8,2,CONCAT,18.652459
paging,q8,2,CONCAT,19.490535
paging,q8,2,CONCAT,20.646625
paging,q8,2,DYNAMIC_FILTER,46.848907
paging,q8,2,DYNAMIC_FILTER,55.932894
paging,q8,2,DYNAMIC_FILTER,52.07887399999999
paging,q8,2,GPU_SCAN,8284.567331000002
paging,q8,2,GPU_SCAN,8581.656421
paging,q8,2,GPU_SCAN,8503.750593
paging,q8,2,HASH_GROUP_BY,0.402128
paging,q8,2,HASH_GROUP_BY,0.423779
paging,q8,2,HASH_GROUP_BY,0.550915
paging,q8,2,HASH_JOIN,33.583304
paging,q8,2,HASH_JOIN,34.639362000000006
paging,q8,2,HASH_JOIN,36.141628000000004
paging,q8,2,MERGE_GROUP_BY,0.02475
paging,q8,2,MERGE_GROUP_BY,0.009127
paging,q8,2,MERGE_GROUP_BY,0.013562
paging,q8,2,MERGE_SORT,0.012002
paging,q8,2,MERGE_SORT,0.009257
paging,q8,2,MERGE_SORT,0.008349
paging,q8,2,ORDER_BY,0.088313
paging,q8,2,ORDER_BY,0.069753
paging,q8,2,ORDER_BY,0.081948
paging,q8,2,PARTITION,0.81213
paging,q8,2,PARTITION,0.666386
paging,q8,2,PARTITION,0.8138769999999997
paging,q8,2,PROJECTION,0.42391100000000004
paging,q8,2,PROJECTION,0.407988
paging,q8,2,PROJECTION,0.5302370000000001
paging,q8,2,RESULT_COLLECTOR,0.211019
paging,q8,2,RESULT_COLLECTOR,0.130507
paging,q8,2,RESULT_COLLECTOR,0.150571
paging,q8,2,SORT_PARTITION,0.006423
paging,q8,2,SORT_PARTITION,0.005297
paging,q8,2,SORT_PARTITION,0.006351
paging,q8,2,SORT_SAMPLE,0.01046
paging,q8,2,SORT_SAMPLE,0.009246
paging,q8,2,SORT_SAMPLE,0.011522
paging,q8,3,CONCAT,20.299651
paging,q8,3,CONCAT,20.136359999999996
paging,q8,3,CONCAT,19.700415999999997
paging,q8,3,DYNAMIC_FILTER,52.77395299999998
paging,q8,3,DYNAMIC_FILTER,45.80778999999999
paging,q8,3,DYNAMIC_FILTER,55.125063999999995
paging,q8,3,GPU_SCAN,8573.705802
paging,q8,3,GPU_SCAN,8512.623933
paging,q8,3,GPU_SCAN,8296.237395
paging,q8,3,HASH_GROUP_BY,0.455077
paging,q8,3,HASH_GROUP_BY,0.330671
paging,q8,3,HASH_GROUP_BY,0.357319
paging,q8,3,HASH_JOIN,34.549490000000006
paging,q8,3,HASH_JOIN,35.04641
paging,q8,3,HASH_JOIN,35.494163
paging,q8,3,MERGE_GROUP_BY,0.024094
paging,q8,3,MERGE_GROUP_BY,0.023926
paging,q8,3,MERGE_GROUP_BY,0.03306
paging,q8,3,MERGE_SORT,0.1345
paging,q8,3,MERGE_SORT,0.086938
paging,q8,3,MERGE_SORT,0.430175
paging,q8,3,ORDER_BY,0.075817
paging,q8,3,ORDER_BY,0.127879
paging,q8,3,ORDER_BY,0.085157
paging,q8,3,PARTITION,0.756291
paging,q8,3,PARTITION,0.6836809999999999
paging,q8,3,PARTITION,0.7685109999999997
paging,q8,3,PROJECTION,0.47549800000000003
paging,q8,3,PROJECTION,0.492429
paging,q8,3,PROJECTION,0.495683
paging,q8,3,RESULT_COLLECTOR,0.181161
paging,q8,3,RESULT_COLLECTOR,0.104848
paging,q8,3,RESULT_COLLECTOR,0.181968
paging,q8,3,SORT_PARTITION,0.127768
paging,q8,3,SORT_PARTITION,0.120447
paging,q8,3,SORT_PARTITION,0.142915
paging,q8,3,SORT_SAMPLE,0.029913
paging,q8,3,SORT_SAMPLE,0.02948
paging,q8,3,SORT_SAMPLE,0.033487
paging,q8,4,CONCAT,18.412176999999996
paging,q8,4,CONCAT,20.084480999999997
paging,q8,4,CONCAT,19.576684999999998
paging,q8,4,DYNAMIC_FILTER,46.80512900000001
paging,q8,4,DYNAMIC_FILTER,38.511648
paging,q8,4,DYNAMIC_FILTER,51.458474
paging,q8,4,GPU_SCAN,8272.814860999997
paging,q8,4,GPU_SCAN,8349.554836999998
paging,q8,4,GPU_SCAN,8552.486565000001
paging,q8,4,HASH_GROUP_BY,0.386495
paging,q8,4,HASH_GROUP_BY,0.37612
paging,q8,4,HASH_GROUP_BY,0.378693
paging,q8,4,HASH_JOIN,33.705644
paging,q8,4,HASH_JOIN,33.950478
paging,q8,4,HASH_JOIN,24.691999999999997
paging,q8,4,MERGE_GROUP_BY,0.006906
paging,q8,4,MERGE_GROUP_BY,0.01043
paging,q8,4,MERGE_GROUP_BY,0.020394
paging,q8,4,MERGE_SORT,0.008185
paging,q8,4,MERGE_SORT,0.010272
paging,q8,4,MERGE_SORT,0.00669
paging,q8,4,ORDER_BY,0.06034
paging,q8,4,ORDER_BY,0.079483
paging,q8,4,ORDER_BY,0.061984
paging,q8,4,PARTITION,0.3961019999999999
paging,q8,4,PARTITION,0.475921
paging,q8,4,PARTITION,0.8800029999999998
paging,q8,4,PROJECTION,0.348592
paging,q8,4,PROJECTION,0.385799
paging,q8,4,PROJECTION,0.367359
paging,q8,4,RESULT_COLLECTOR,0.080747
paging,q8,4,RESULT_COLLECTOR,0.121356
paging,q8,4,RESULT_COLLECTOR,0.191829
paging,q8,4,SORT_PARTITION,0.005055
paging,q8,4,SORT_PARTITION,0.005693
paging,q8,4,SORT_PARTITION,0.005498
paging,q8,4,SORT_SAMPLE,0.007759
paging,q8,4,SORT_SAMPLE,0.009292
paging,q8,4,SORT_SAMPLE,0.008505
paging,q8,5,CONCAT,20.23189
paging,q8,5,CONCAT,20.433974
paging,q8,5,CONCAT,21.320687999999997
paging,q8,5,DYNAMIC_FILTER,49.277080000000005
paging,q8,5,DYNAMIC_FILTER,50.129182
paging,q8,5,DYNAMIC_FILTER,44.052703
paging,q8,5,GPU_SCAN,8427.538656000002
paging,q8,5,GPU_SCAN,8805.713225999998
paging,q8,5,GPU_SCAN,8311.750586
paging,q8,5,HASH_GROUP_BY,0.295381
paging,q8,5,HASH_GROUP_BY,0.385902
paging,q8,5,HASH_GROUP_BY,0.432404
paging,q8,5,HASH_JOIN,34.215402999999995
paging,q8,5,HASH_JOIN,34.656109
paging,q8,5,HASH_JOIN,25.800223
paging,q8,5,MERGE_GROUP_BY,0.026301
paging,q8,5,MERGE_GROUP_BY,0.025224
paging,q8,5,MERGE_GROUP_BY,0.020941
paging,q8,5,MERGE_SORT,0.007506
paging,q8,5,MERGE_SORT,0.006808
paging,q8,5,MERGE_SORT,0.019296
paging,q8,5,ORDER_BY,0.06183
paging,q8,5,ORDER_BY,0.070523
paging,q8,5,ORDER_BY,0.07525
paging,q8,5,PARTITION,0.586337
paging,q8,5,PARTITION,0.61742
paging,q8,5,PARTITION,0.6762130000000001
paging,q8,5,PROJECTION,0.337435
paging,q8,5,PROJECTION,0.41257299999999997
paging,q8,5,PROJECTION,0.366414
paging,q8,5,RESULT_COLLECTOR,0.182146
paging,q8,5,RESULT_COLLECTOR,0.222688
paging,q8,5,RESULT_COLLECTOR,0.191797
paging,q8,5,SORT_PARTITION,0.004473
paging,q8,5,SORT_PARTITION,0.005851
paging,q8,5,SORT_PARTITION,0.005835
paging,q8,5,SORT_SAMPLE,0.007938
paging,q8,5,SORT_SAMPLE,0.009559
paging,q8,5,SORT_SAMPLE,0.009422
paging,q9,1,CONCAT,22.981618000000005
paging,q9,1,CONCAT,20.327484
paging,q9,1,CONCAT,16.750409
paging,q9,1,DYNAMIC_FILTER,53.26018900000001
paging,q9,1,DYNAMIC_FILTER,66.02381600000001
paging,q9,1,DYNAMIC_FILTER,52.708811000000004
paging,q9,1,GPU_SCAN,8505.084099
paging,q9,1,GPU_SCAN,7623.651249000001
paging,q9,1,GPU_SCAN,7642.250426999999
paging,q9,1,HASH_GROUP_BY,5.186427999999999
paging,q9,1,HASH_GROUP_BY,7.034007
paging,q9,1,HASH_GROUP_BY,6.054755999999999
paging,q9,1,HASH_JOIN,424.41302500000006
paging,q9,1,HASH_JOIN,621.412907
paging,q9,1,HASH_JOIN,584.691656
paging,q9,1,MERGE_GROUP_BY,0.541626
paging,q9,1,MERGE_GROUP_BY,0.601616
paging,q9,1,MERGE_GROUP_BY,0.431219
paging,q9,1,MERGE_SORT,1.333394
paging,q9,1,MERGE_SORT,0.489396
paging,q9,1,MERGE_SORT,1.108699
paging,q9,1,ORDER_BY,0.624457
paging,q9,1,ORDER_BY,0.707899
paging,q9,1,ORDER_BY,0.614656
paging,q9,1,PARTITION,1.195521
paging,q9,1,PARTITION,0.9570119999999999
paging,q9,1,PARTITION,1.216764
paging,q9,1,PROJECTION,6.190895
paging,q9,1,PROJECTION,4.0322000000000005
paging,q9,1,PROJECTION,3.972511
paging,q9,1,RESULT_COLLECTOR,0.157524
paging,q9,1,RESULT_COLLECTOR,0.201255
paging,q9,1,RESULT_COLLECTOR,0.136845
paging,q9,1,SORT_PARTITION,0.223785
paging,q9,1,SORT_PARTITION,0.284416
paging,q9,1,SORT_PARTITION,0.249779
paging,q9,1,SORT_SAMPLE,0.075157
paging,q9,1,SORT_SAMPLE,0.172869
paging,q9,1,SORT_SAMPLE,0.094311
paging,q9,2,CONCAT,29.99286
paging,q9,2,CONCAT,9.735527000000001
paging,q9,2,CONCAT,10.589939999999999
paging,q9,2,DYNAMIC_FILTER,56.064319000000005
paging,q9,2,DYNAMIC_FILTER,58.66424599999999
paging,q9,2,DYNAMIC_FILTER,60.25775800000001
paging,q9,2,GPU_SCAN,7998.465800000003
paging,q9,2,GPU_SCAN,8152.810281999999
paging,q9,2,GPU_SCAN,8423.487653999999
paging,q9,2,HASH_GROUP_BY,19.950536
paging,q9,2,HASH_GROUP_BY,21.213887
paging,q9,2,HASH_GROUP_BY,20.741515
paging,q9,2,HASH_JOIN,610.4489110000001
paging,q9,2,HASH_JOIN,648.4030789999999
paging,q9,2,HASH_JOIN,648.6901889999999
paging,q9,2,MERGE_GROUP_BY,0.492555
paging,q9,2,MERGE_GROUP_BY,0.488516
paging,q9,2,MERGE_GROUP_BY,0.691425
paging,q9,2,MERGE_SORT,0.446437
paging,q9,2,MERGE_SORT,1.316396
paging,q9,2,MERGE_SORT,0.544289
paging,q9,2,ORDER_BY,0.684065
paging,q9,2,ORDER_BY,0.757049
paging,q9,2,ORDER_BY,0.752948
paging,q9,2,PARTITION,52.76886699999999
paging,q9,2,PARTITION,54.33484800000001
paging,q9,2,PARTITION,57.806397
paging,q9,2,PROJECTION,12.965847
paging,q9,2,PROJECTION,13.057456
paging,q9,2,PROJECTION,12.414945000000001
paging,q9,2,RESULT_COLLECTOR,0.155842
paging,q9,2,RESULT_COLLECTOR,0.170661
paging,q9,2,RESULT_COLLECTOR,0.150491
paging,q9,2,SORT_PARTITION,0.270346
paging,q9,2,SORT_PARTITION,0.321549
paging,q9,2,SORT_PARTITION,0.295316
paging,q9,2,SORT_SAMPLE,0.116866
paging,q9,2,SORT_SAMPLE,0.159731
paging,q9,2,SORT_SAMPLE,0.202689
paging,q9,3,CONCAT,10.900283
paging,q9,3,CONCAT,10.620284
paging,q9,3,CONCAT,10.736532
paging,q9,3,DYNAMIC_FILTER,58.84624
paging,q9,3,DYNAMIC_FILTER,48.697479
paging,q9,3,DYNAMIC_FILTER,53.595773000000015
paging,q9,3,GPU_SCAN,8735.334333
paging,q9,3,GPU_SCAN,8635.380519999999
paging,q9,3,GPU_SCAN,8735.11785
paging,q9,3,HASH_GROUP_BY,19.415073
paging,q9,3,HASH_GROUP_BY,20.954974
paging,q9,3,HASH_GROUP_BY,21.220723
paging,q9,3,HASH_JOIN,641.518862
paging,q9,3,HASH_JOIN,646.5260399999999
paging,q9,3,HASH_JOIN,659.6243010000001
paging,q9,3,MERGE_GROUP_BY,0.572394
paging,q9,3,MERGE_GROUP_BY,0.726306
paging,q9,3,MERGE_GROUP_BY,0.513841
paging,q9,3,MERGE_SORT,0.506321
paging,q9,3,MERGE_SORT,0.548112
paging,q9,3,MERGE_SORT,0.522315
paging,q9,3,ORDER_BY,0.647837
paging,q9,3,ORDER_BY,0.800905
paging,q9,3,ORDER_BY,0.68028
paging,q9,3,PARTITION,54.099340999999995
paging,q9,3,PARTITION,57.786188
paging,q9,3,PARTITION,57.70244400000001
paging,q9,3,PROJECTION,11.988733
paging,q9,3,PROJECTION,13.016137
paging,q9,3,PROJECTION,13.956112
paging,q9,3,RESULT_COLLECTOR,0.169668
paging,q9,3,RESULT_COLLECTOR,0.181462
paging,q9,3,RESULT_COLLECTOR,0.148442
paging,q9,3,SORT_PARTITION,0.264495
paging,q9,3,SORT_PARTITION,0.258903
paging,q9,3,SORT_PARTITION,0.256593
paging,q9,3,SORT_SAMPLE,0.132759
paging,q9,3,SORT_SAMPLE,0.131657
paging,q9,3,SORT_SAMPLE,0.117231
paging,q9,4,CONCAT,9.944916000000001
paging,q9,4,CONCAT,10.447236
paging,q9,4,CONCAT,9.613952000000001
paging,q9,4,DYNAMIC_FILTER,51.37769399999999
paging,q9,4,DYNAMIC_FILTER,64.04968600000001
paging,q9,4,DYNAMIC_FILTER,58.36871200000001
paging,q9,4,GPU_SCAN,8730.321357
paging,q9,4,GPU_SCAN,8649.811076
paging,q9,4,GPU_SCAN,8566.949996
paging,q9,4,HASH_GROUP_BY,17.486922999999997
paging,q9,4,HASH_GROUP_BY,18.862021999999996
paging,q9,4,HASH_GROUP_BY,18.955861
paging,q9,4,HASH_JOIN,638.362354
paging,q9,4,HASH_JOIN,676.8161809999999
paging,q9,4,HASH_JOIN,645.75746
paging,q9,4,MERGE_GROUP_BY,0.450208
paging,q9,4,MERGE_GROUP_BY,0.55575
paging,q9,4,MERGE_GROUP_BY,0.5588
paging,q9,4,MERGE_SORT,0.539868
paging,q9,4,MERGE_SORT,0.39962
paging,q9,4,MERGE_SORT,0.39621
paging,q9,4,ORDER_BY,0.664066
paging,q9,4,ORDER_BY,0.66539
paging,q9,4,ORDER_BY,0.646163
paging,q9,4,PARTITION,53.335498
paging,q9,4,PARTITION,53.676843
paging,q9,4,PARTITION,54.425512000000005
paging,q9,4,PROJECTION,12.720064
paging,q9,4,PROJECTION,12.910875
paging,q9,4,PROJECTION,13.068802999999999
paging,q9,4,RESULT_COLLECTOR,0.14882
paging,q9,4,RESULT_COLLECTOR,0.121608
paging,q9,4,RESULT_COLLECTOR,0.110052
paging,q9,4,SORT_PARTITION,0.242531
paging,q9,4,SORT_PARTITION,0.254314
paging,q9,4,SORT_PARTITION,0.240484
paging,q9,4,SORT_SAMPLE,0.11867
paging,q9,4,SORT_SAMPLE,0.102015
paging,q9,4,SORT_SAMPLE,0.094488
paging,q9,5,CONCAT,10.187622
paging,q9,5,CONCAT,10.309193999999998
paging,q9,5,CONCAT,10.246474
paging,q9,5,DYNAMIC_FILTER,61.66071
paging,q9,5,DYNAMIC_FILTER,63.775814999999994
paging,q9,5,DYNAMIC_FILTER,55.37588700000001
paging,q9,5,GPU_SCAN,8859.322206000004
paging,q9,5,GPU_SCAN,8723.721341999995
paging,q9,5,GPU_SCAN,8785.750112999998
paging,q9,5,HASH_GROUP_BY,18.999775
paging,q9,5,HASH_GROUP_BY,18.874379
paging,q9,5,HASH_GROUP_BY,18.847941000000002
paging,q9,5,HASH_JOIN,650.214199
paging,q9,5,HASH_JOIN,648.502835
paging,q9,5,HASH_JOIN,684.8154959999999
paging,q9,5,MERGE_GROUP_BY,0.469504
paging,q9,5,MERGE_GROUP_BY,0.461958
paging,q9,5,MERGE_GROUP_BY,0.429836
paging,q9,5,MERGE_SORT,0.433367
paging,q9,5,MERGE_SORT,0.445751
paging,q9,5,MERGE_SORT,0.396586
paging,q9,5,ORDER_BY,0.739166
paging,q9,5,ORDER_BY,1.144121
paging,q9,5,ORDER_BY,0.643764
paging,q9,5,PARTITION,54.803824000000006
paging,q9,5,PARTITION,54.272084
paging,q9,5,PARTITION,53.52095
paging,q9,5,PROJECTION,12.704830000000001
paging,q9,5,PROJECTION,12.881668
paging,q9,5,PROJECTION,11.641445000000001
paging,q9,5,RESULT_COLLECTOR,0.140999
paging,q9,5,RESULT_COLLECTOR,0.111309
paging,q9,5,RESULT_COLLECTOR,0.157509
paging,q9,5,SORT_PARTITION,0.256275
paging,q9,5,SORT_PARTITION,0.23638
paging,q9,5,SORT_PARTITION,0.235035
paging,q9,5,SORT_SAMPLE,0.114341
paging,q9,5,SORT_SAMPLE,0.101904
paging,q9,5,SORT_SAMPLE,0.099808
paging,q10,1,CONCAT,2.478952
paging,q10,1,CONCAT,2.6009670000000003
paging,q10,1,CONCAT,2.3984149999999995
paging,q10,1,DYNAMIC_FILTER,12.092712
paging,q10,1,DYNAMIC_FILTER,12.292661000000003
paging,q10,1,DYNAMIC_FILTER,9.512955999999997
paging,q10,1,GPU_SCAN,3594.9026199999994
paging,q10,1,GPU_SCAN,3546.179117
paging,q10,1,GPU_SCAN,3497.398851
paging,q10,1,HASH_GROUP_BY,30.685885
paging,q10,1,HASH_GROUP_BY,28.267546
paging,q10,1,HASH_GROUP_BY,28.334846
paging,q10,1,HASH_JOIN,44.311509
paging,q10,1,HASH_JOIN,44.296842
paging,q10,1,HASH_JOIN,43.672879
paging,q10,1,MERGE_GROUP_BY,0.064325
paging,q10,1,MERGE_GROUP_BY,0.070468
paging,q10,1,MERGE_GROUP_BY,0.045104
paging,q10,1,MERGE_SORT,31.040622
paging,q10,1,MERGE_SORT,35.150792
paging,q10,1,MERGE_SORT,32.367242
paging,q10,1,ORDER_BY,8.944026
paging,q10,1,ORDER_BY,9.123215
paging,q10,1,ORDER_BY,8.876482
paging,q10,1,PARTITION,0.553714
paging,q10,1,PARTITION,0.542738
paging,q10,1,PARTITION,0.44750499999999993
paging,q10,1,PROJECTION,0.6018450000000001
paging,q10,1,PROJECTION,0.638256
paging,q10,1,PROJECTION,0.578559
paging,q10,1,RESULT_COLLECTOR,293.087642
paging,q10,1,RESULT_COLLECTOR,272.946063
paging,q10,1,RESULT_COLLECTOR,238.689182
paging,q10,1,SORT_PARTITION,10.532006
paging,q10,1,SORT_PARTITION,12.373853
paging,q10,1,SORT_PARTITION,10.25474
paging,q10,1,SORT_SAMPLE,0.093201
paging,q10,1,SORT_SAMPLE,0.210096
paging,q10,1,SORT_SAMPLE,0.063668
paging,q10,2,CONCAT,1.9848940000000002
paging,q10,2,CONCAT,2.1242769999999997
paging,q10,2,CONCAT,1.906587
paging,q10,2,DYNAMIC_FILTER,11.752890999999998
paging,q10,2,DYNAMIC_FILTER,9.340478999999998
paging,q10,2,DYNAMIC_FILTER,14.060283000000002
paging,q10,2,GPU_SCAN,4398.082261999999
paging,q10,2,GPU_SCAN,4151.490812
paging,q10,2,GPU_SCAN,4616.609193
paging,q10,2,HASH_GROUP_BY,28.844333
paging,q10,2,HASH_GROUP_BY,28.504656
paging,q10,2,HASH_GROUP_BY,29.284525
paging,q10,2,HASH_JOIN,43.076767000000004
paging,q10,2,HASH_JOIN,43.508022
paging,q10,2,HASH_JOIN,44.022075
paging,q10,2,MERGE_GROUP_BY,0.07488
paging,q10,2,MERGE_GROUP_BY,0.022951
paging,q10,2,MERGE_GROUP_BY,0.070716
paging,q10,2,MERGE_SORT,22.596843
paging,q10,2,MERGE_SORT,24.005043
paging,q10,2,MERGE_SORT,22.398885
paging,q10,2,ORDER_BY,9.175779
paging,q10,2,ORDER_BY,8.89258
paging,q10,2,ORDER_BY,9.012548
paging,q10,2,PARTITION,0.394598
paging,q10,2,PARTITION,0.370382
paging,q10,2,PARTITION,0.49690299999999993
paging,q10,2,PROJECTION,0.645286
paging,q10,2,PROJECTION,0.58706
paging,q10,2,PROJECTION,0.808164
paging,q10,2,RESULT_COLLECTOR,254.827872
paging,q10,2,RESULT_COLLECTOR,212.051254
paging,q10,2,RESULT_COLLECTOR,207.089169
paging,q10,2,SORT_PARTITION,7.377853
paging,q10,2,SORT_PARTITION,5.633538
paging,q10,2,SORT_PARTITION,7.193682
paging,q10,2,SORT_SAMPLE,0.197416
paging,q10,2,SORT_SAMPLE,0.028302
paging,q10,2,SORT_SAMPLE,0.214403
paging,q10,3,CONCAT,1.9849940000000001
paging,q10,3,CONCAT,1.7832169999999998
paging,q10,3,CONCAT,1.8008739999999999
paging,q10,3,DYNAMIC_FILTER,11.900167
paging,q10,3,DYNAMIC_FILTER,12.763424999999998
paging,q10,3,DYNAMIC_FILTER,11.953172
paging,q10,3,GPU_SCAN,4436.021822
paging,q10,3,GPU_SCAN,4584.71612
paging,q10,3,GPU_SCAN,4613.070066
paging,q10,3,HASH_GROUP_BY,28.415903
paging,q10,3,HASH_GROUP_BY,28.674892
paging,q10,3,HASH_GROUP_BY,28.652357
paging,q10,3,HASH_JOIN,42.945768
paging,q10,3,HASH_JOIN,43.765749
paging,q10,3,HASH_JOIN,43.942775999999995
paging,q10,3,MERGE_GROUP_BY,0.027649
paging,q10,3,MERGE_GROUP_BY,0.066701
paging,q10,3,MERGE_GROUP_BY,0.039861
paging,q10,3,MERGE_SORT,21.55453
paging,q10,3,MERGE_SORT,19.689597
paging,q10,3,MERGE_SORT,20.975849
paging,q10,3,ORDER_BY,9.184381
paging,q10,3,ORDER_BY,9.126753
paging,q10,3,ORDER_BY,9.246145
paging,q10,3,PARTITION,0.25361599999999995
paging,q10,3,PARTITION,0.28569700000000003
paging,q10,3,PARTITION,0.31005799999999994
paging,q10,3,PROJECTION,0.658509
paging,q10,3,PROJECTION,0.637621
paging,q10,3,PROJECTION,0.682428
paging,q10,3,RESULT_COLLECTOR,253.12428
paging,q10,3,RESULT_COLLECTOR,244.427181
paging,q10,3,RESULT_COLLECTOR,238.596493
paging,q10,3,SORT_PARTITION,7.353257
paging,q10,3,SORT_PARTITION,5.725718
paging,q10,3,SORT_PARTITION,5.926209
paging,q10,3,SORT_SAMPLE,0.204634
paging,q10,3,SORT_SAMPLE,0.06512
paging,q10,3,SORT_SAMPLE,0.06857
paging,q10,4,CONCAT,1.808576
paging,q10,4,CONCAT,2.002732
paging,q10,4,CONCAT,2.019788
paging,q10,4,DYNAMIC_FILTER,12.981163999999998
paging,q10,4,DYNAMIC_FILTER,9.613008
paging,q10,4,DYNAMIC_FILTER,10.824912
paging,q10,4,GPU_SCAN,4566.259821
paging,q10,4,GPU_SCAN,4138.300560000001
paging,q10,4,GPU_SCAN,4658.287756999999
paging,q10,4,HASH_GROUP_BY,28.354398
paging,q10,4,HASH_GROUP_BY,28.52079
paging,q10,4,HASH_GROUP_BY,28.794696
paging,q10,4,HASH_JOIN,43.217766
paging,q10,4,HASH_JOIN,43.338174
paging,q10,4,HASH_JOIN,44.154278
paging,q10,4,MERGE_GROUP_BY,0.06927
paging,q10,4,MERGE_GROUP_BY,0.0661
paging,q10,4,MERGE_GROUP_BY,0.027262
paging,q10,4,MERGE_SORT,20.857362
paging,q10,4,MERGE_SORT,21.585446
paging,q10,4,MERGE_SORT,19.755048
paging,q10,4,ORDER_BY,9.061818
paging,q10,4,ORDER_BY,9.16626
paging,q10,4,ORDER_BY,8.976929
paging,q10,4,PARTITION,0.277793
paging,q10,4,PARTITION,0.581166
paging,q10,4,PARTITION,0.352982
paging,q10,4,PROJECTION,0.638593
paging,q10,4,PROJECTION,0.6394110000000001
paging,q10,4,PROJECTION,0.680814
paging,q10,4,RESULT_COLLECTOR,208.213573
paging,q10,4,RESULT_COLLECTOR,244.964416
paging,q10,4,RESULT_COLLECTOR,251.801403
paging,q10,4,SORT_PARTITION,5.798632
paging,q10,4,SORT_PARTITION,5.560405
paging,q10,4,SORT_PARTITION,5.700225
paging,q10,4,SORT_SAMPLE,0.084656
paging,q10,4,SORT_SAMPLE,0.072403
paging,q10,4,SORT_SAMPLE,0.037586
paging,q10,5,CONCAT,2.204425
paging,q10,5,CONCAT,1.865132
paging,q10,5,CONCAT,2.0358810000000003
paging,q10,5,DYNAMIC_FILTER,11.090290999999999
paging,q10,5,DYNAMIC_FILTER,12.437655000000001
paging,q10,5,DYNAMIC_FILTER,11.034203
paging,q10,5,GPU_SCAN,4551.469015999999
paging,q10,5,GPU_SCAN,4635.854299
paging,q10,5,GPU_SCAN,4217.337478
paging,q10,5,HASH_GROUP_BY,29.030353
paging,q10,5,HASH_GROUP_BY,29.101091
paging,q10,5,HASH_GROUP_BY,28.96278
paging,q10,5,HASH_JOIN,43.404298
paging,q10,5,HASH_JOIN,43.69534
paging,q10,5,HASH_JOIN,43.532364
paging,q10,5,MERGE_GROUP_BY,0.067466
paging,q10,5,MERGE_GROUP_BY,0.065917
paging,q10,5,MERGE_GROUP_BY,0.023454
paging,q10,5,MERGE_SORT,18.895705
paging,q10,5,MERGE_SORT,19.91337
paging,q10,5,MERGE_SORT,20.308121
paging,q10,5,ORDER_BY,9.201767
paging,q10,5,ORDER_BY,9.510056
paging,q10,5,ORDER_BY,9.270225
paging,q10,5,PARTITION,0.504161
paging,q10,5,PARTITION,0.423199
paging,q10,5,PARTITION,0.40379299999999996
paging,q10,5,PROJECTION,0.64826
paging,q10,5,PROJECTION,0.88098
paging,q10,5,PROJECTION,0.648326
paging,q10,5,RESULT_COLLECTOR,191.709748
paging,q10,5,RESULT_COLLECTOR,260.519427
paging,q10,5,RESULT_COLLECTOR,259.269611
paging,q10,5,SORT_PARTITION,6.611326
paging,q10,5,SORT_PARTITION,5.310827
paging,q10,5,SORT_PARTITION,6.966075
paging,q10,5,SORT_SAMPLE,0.201198
paging,q10,5,SORT_SAMPLE,0.063174
paging,q10,5,SORT_SAMPLE,0.236296
paging,q11,1,CONCAT,0.308311
paging,q11,1,CONCAT,4.902558999999999
paging,q11,1,CONCAT,4.984956
paging,q11,1,CTE,0.014818
paging,q11,1,CTE,0.010054
paging,q11,1,CTE,0.01413
paging,q11,1,DYNAMIC_FILTER,0.119138
paging,q11,1,DYNAMIC_FILTER,0.120859
paging,q11,1,DYNAMIC_FILTER,0.126683
paging,q11,1,GPU_SCAN,1209.353821
paging,q11,1,GPU_SCAN,19.921816000000007
paging,q11,1,GPU_SCAN,18.753736999999994
paging,q11,1,HASH_GROUP_BY,11.237751
paging,q11,1,HASH_GROUP_BY,1.078552
paging,q11,1,HASH_GROUP_BY,1.020529
paging,q11,1,HASH_JOIN,35.684009
paging,q11,1,HASH_JOIN,12.250923
paging,q11,1,HASH_JOIN,12.981511999999999
paging,q11,1,MERGE_AGGREGATE,0.41924100000000003
paging,q11,1,MERGE_AGGREGATE,0.072959
paging,q11,1,MERGE_AGGREGATE,0.042439
paging,q11,1,MERGE_GROUP_BY,2.845132
paging,q11,1,MERGE_GROUP_BY,0.010795
paging,q11,1,MERGE_GROUP_BY,0.009465
paging,q11,1,MERGE_SORT,0.007141
paging,q11,1,MERGE_SORT,0.006856
paging,q11,1,MERGE_SORT,0.006492
paging,q11,1,NESTED_LOOP_JOIN,4.897857
paging,q11,1,NESTED_LOOP_JOIN,0.253755
paging,q11,1,NESTED_LOOP_JOIN,0.288713
paging,q11,1,ORDER_BY,0.017485
paging,q11,1,ORDER_BY,0.014537
paging,q11,1,ORDER_BY,0.021311
paging,q11,1,PARTITION,0.144144
paging,q11,1,PARTITION,0.28534099999999996
paging,q11,1,PARTITION,0.3199699999999999
paging,q11,1,PROJECTION,3.196638
paging,q11,1,PROJECTION,0.8098839999999999
paging,q11,1,PROJECTION,3.903736
paging,q11,1,RESULT_COLLECTOR,0.005439
paging,q11,1,RESULT_COLLECTOR,0.005063
paging,q11,1,RESULT_COLLECTOR,0.007313
paging,q11,1,SORT_PARTITION,0.029576
paging,q11,1,SORT_PARTITION,0.01439
paging,q11,1,SORT_PARTITION,0.005442
paging,q11,1,SORT_SAMPLE,0.063233
paging,q11,1,SORT_SAMPLE,0.059359
paging,q11,1,SORT_SAMPLE,0.015276
paging,q11,1,UNGROUPED_AGGREGATE,6.898156
paging,q11,1,UNGROUPED_AGGREGATE,6.117696
paging,q11,1,UNGROUPED_AGGREGATE,2.595827
paging,q11,2,CONCAT,0.144423
paging,q11,2,CONCAT,0.289165
paging,q11,2,CONCAT,0.41661300000000007
paging,q11,2,CTE,0.008984
paging,q11,2,CTE,0.024946
paging,q11,2,CTE,0.011097
paging,q11,2,DYNAMIC_FILTER,0.106046
paging,q11,2,DYNAMIC_FILTER,0.160052
paging,q11,2,DYNAMIC_FILTER,0.094349
paging,q11,2,GPU_SCAN,805.9656900000001
paging,q11,2,GPU_SCAN,800.8883699999999
paging,q11,2,GPU_SCAN,814.94859
paging,q11,2,HASH_GROUP_BY,2.583783
paging,q11,2,HASH_GROUP_BY,1.8875609999999998
paging,q11,2,HASH_GROUP_BY,2.397538
paging,q11,2,HASH_JOIN,25.683975000000004
paging,q11,2,HASH_JOIN,25.731149000000002
paging,q11,2,HASH_JOIN,26.757063000000002
paging,q11,2,MERGE_AGGREGATE,0.200349
paging,q11,2,MERGE_AGGREGATE,0.6052529999999999
paging,q11,2,MERGE_AGGREGATE,0.831852
paging,q11,2,MERGE_GROUP_BY,2.948185
paging,q11,2,MERGE_GROUP_BY,2.783908
paging,q11,2,MERGE_GROUP_BY,3.13024
paging,q11,2,MERGE_SORT,0.010264
paging,q11,2,MERGE_SORT,0.005648
paging,q11,2,MERGE_SORT,0.03107
paging,q11,2,NESTED_LOOP_JOIN,0.742783
paging,q11,2,NESTED_LOOP_JOIN,0.27075
paging,q11,2,NESTED_LOOP_JOIN,0.721238
paging,q11,2,ORDER_BY,0.0673
paging,q11,2,ORDER_BY,0.01186
paging,q11,2,ORDER_BY,0.084519
paging,q11,2,PARTITION,0.23838
paging,q11,2,PARTITION,0.206701
paging,q11,2,PARTITION,0.39800099999999994
paging,q11,2,PROJECTION,1.295668
paging,q11,2,PROJECTION,1.1949020000000001
paging,q11,2,PROJECTION,2.013709
paging,q11,2,RESULT_COLLECTOR,0.006933
paging,q11,2,RESULT_COLLECTOR,0.004437
paging,q11,2,RESULT_COLLECTOR,0.019926
paging,q11,2,SORT_PARTITION,0.009765
paging,q11,2,SORT_PARTITION,0.006589
paging,q11,2,SORT_PARTITION,0.010039
paging,q11,2,SORT_SAMPLE,0.026513
paging,q11,2,SORT_SAMPLE,0.010081
paging,q11,2,SORT_SAMPLE,0.022773
paging,q11,2,UNGROUPED_AGGREGATE,0.775742
paging,q11,2,UNGROUPED_AGGREGATE,0.878406
paging,q11,2,UNGROUPED_AGGREGATE,1.2342170000000001
paging,q11,3,CONCAT,0.437646
paging,q11,3,CONCAT,0.26493
paging,q11,3,CONCAT,0.323195
paging,q11,3,CTE,0.033086
paging,q11,3,CTE,0.012848
paging,q11,3,CTE,0.031915
paging,q11,3,DYNAMIC_FILTER,0.113892
paging,q11,3,DYNAMIC_FILTER,0.13769
paging,q11,3,DYNAMIC_FILTER,0.148974
paging,q11,3,GPU_SCAN,1165.997227
paging,q11,3,GPU_SCAN,897.3165060000001
paging,q11,3,GPU_SCAN,1159.773452
paging,q11,3,HASH_GROUP_BY,11.285898
paging,q11,3,HASH_GROUP_BY,2.21858
paging,q11,3,HASH_GROUP_BY,11.688723
paging,q11,3,HASH_JOIN,36.832248
paging,q11,3,HASH_JOIN,26.700231
paging,q11,3,HASH_JOIN,37.827047
paging,q11,3,MERGE_AGGREGATE,0.380326
paging,q11,3,MERGE_AGGREGATE,0.7747459999999999
paging,q11,3,MERGE_AGGREGATE,0.8167770000000001
paging,q11,3,MERGE_GROUP_BY,2.967288
paging,q11,3,MERGE_GROUP_BY,2.897
paging,q11,3,MERGE_GROUP_BY,3.292041
paging,q11,3,MERGE_SORT,0.006884
paging,q11,3,MERGE_SORT,0.011434
paging,q11,3,MERGE_SORT,0.007917
paging,q11,3,NESTED_LOOP_JOIN,0.297386
paging,q11,3,NESTED_LOOP_JOIN,0.530864
paging,q11,3,NESTED_LOOP_JOIN,0.414202
paging,q11,3,ORDER_BY,0.015152
paging,q11,3,ORDER_BY,0.04099
paging,q11,3,ORDER_BY,0.018914
paging,q11,3,PARTITION,0.236869
paging,q11,3,PARTITION,0.279064
paging,q11,3,PARTITION,0.482985
paging,q11,3,PROJECTION,2.458291
paging,q11,3,PROJECTION,1.4558449999999998
paging,q11,3,PROJECTION,3.181087
paging,q11,3,RESULT_COLLECTOR,0.005939
paging,q11,3,RESULT_COLLECTOR,0.028478
paging,q11,3,RESULT_COLLECTOR,0.009326
paging,q11,3,SORT_PARTITION,0.005773
paging,q11,3,SORT_PARTITION,0.008487
paging,q11,3,SORT_PARTITION,0.009736
paging,q11,3,SORT_SAMPLE,0.011055
paging,q11,3,SORT_SAMPLE,0.016844
paging,q11,3,SORT_SAMPLE,0.020818
paging,q11,3,UNGROUPED_AGGREGATE,7.19564
paging,q11,3,UNGROUPED_AGGREGATE,0.994935
paging,q11,3,UNGROUPED_AGGREGATE,7.499966000000001
paging,q11,4,CONCAT,0.191347
paging,q11,4,CONCAT,0.280244
paging,q11,4,CONCAT,0.19424
paging,q11,4,CTE,0.009741
paging,q11,4,CTE,0.008649
paging,q11,4,CTE,0.035516
paging,q11,4,DYNAMIC_FILTER,0.099401
paging,q11,4,DYNAMIC_FILTER,0.10855
paging,q11,4,DYNAMIC_FILTER,0.128586
paging,q11,4,GPU_SCAN,882.885054
paging,q11,4,GPU_SCAN,791.309797
paging,q11,4,GPU_SCAN,776.8663510000001
paging,q11,4,HASH_GROUP_BY,2.151051
paging,q11,4,HASH_GROUP_BY,2.100713
paging,q11,4,HASH_GROUP_BY,2.1593999999999998
paging,q11,4,HASH_JOIN,26.04433
paging,q11,4,HASH_JOIN,37.754012
paging,q11,4,HASH_JOIN,27.374946
paging,q11,4,MERGE_AGGREGATE,0.22534
paging,q11,4,MERGE_AGGREGATE,0.7439589999999999
paging,q11,4,MERGE_AGGREGATE,0.335679
paging,q11,4,MERGE_GROUP_BY,2.767353
paging,q11,4,MERGE_GROUP_BY,3.10924
paging,q11,4,MERGE_GROUP_BY,3.0194
paging,q11,4,MERGE_SORT,0.005957
paging,q11,4,MERGE_SORT,0.005908
paging,q11,4,MERGE_SORT,0.007492
paging,q11,4,NESTED_LOOP_JOIN,0.281746
paging,q11,4,NESTED_LOOP_JOIN,0.633227
paging,q11,4,NESTED_LOOP_JOIN,0.636223
paging,q11,4,ORDER_BY,0.012296
paging,q11,4,ORDER_BY,0.056961
paging,q11,4,ORDER_BY,0.052319
paging,q11,4,PARTITION,0.115339
paging,q11,4,PARTITION,0.216721
paging,q11,4,PARTITION,0.25094599999999995
paging,q11,4,PROJECTION,1.3619359999999998
paging,q11,4,PROJECTION,2.138517
paging,q11,4,PROJECTION,1.583034
paging,q11,4,RESULT_COLLECTOR,0.009583
paging,q11,4,RESULT_COLLECTOR,0.021373
paging,q11,4,RESULT_COLLECTOR,0.013547
paging,q11,4,SORT_PARTITION,0.00674
paging,q11,4,SORT_PARTITION,0.010688
paging,q11,4,SORT_PARTITION,0.014064
paging,q11,4,SORT_SAMPLE,0.010902
paging,q11,4,SORT_SAMPLE,0.021224
paging,q11,4,SORT_SAMPLE,0.030261
paging,q11,4,UNGROUPED_AGGREGATE,1.075583
paging,q11,4,UNGROUPED_AGGREGATE,1.571118
paging,q11,4,UNGROUPED_AGGREGATE,0.826087
paging,q11,5,CONCAT,0.282822
paging,q11,5,CONCAT,0.130535
paging,q11,5,CONCAT,0.19677399999999998
paging,q11,5,CTE,0.010797
paging,q11,5,CTE,0.013057
paging,q11,5,CTE,0.009275
paging,q11,5,DYNAMIC_FILTER,0.117099
paging,q11,5,DYNAMIC_FILTER,0.135858
paging,q11,5,DYNAMIC_FILTER,0.103514
paging,q11,5,GPU_SCAN,1139.406956
paging,q11,5,GPU_SCAN,1153.65821
paging,q11,5,GPU_SCAN,1179.390017
paging,q11,5,HASH_GROUP_BY,2.5335150000000004
paging,q11,5,HASH_GROUP_BY,10.966182
paging,q11,5,HASH_GROUP_BY,2.425338
paging,q11,5,HASH_JOIN,49.731096
paging,q11,5,HASH_JOIN,35.454524
paging,q11,5,HASH_JOIN,45.889866999999995
paging,q11,5,MERGE_AGGREGATE,0.723958
paging,q11,5,MERGE_AGGREGATE,4.045693
paging,q11,5,MERGE_AGGREGATE,1.2112610000000001
paging,q11,5,MERGE_GROUP_BY,3.127888
paging,q11,5,MERGE_GROUP_BY,2.733867
paging,q11,5,MERGE_GROUP_BY,2.816279
paging,q11,5,MERGE_SORT,0.006783
paging,q11,5,MERGE_SORT,0.005993
paging,q11,5,MERGE_SORT,0.009625
paging,q11,5,NESTED_LOOP_JOIN,0.299219
paging,q11,5,NESTED_LOOP_JOIN,0.281056
paging,q11,5,NESTED_LOOP_JOIN,0.417262
paging,q11,5,ORDER_BY,0.014268
paging,q11,5,ORDER_BY,0.011832
paging,q11,5,ORDER_BY,0.018831
paging,q11,5,PARTITION,0.259696
paging,q11,5,PARTITION,0.14239599999999997
paging,q11,5,PARTITION,0.350757
paging,q11,5,PROJECTION,3.797734
paging,q11,5,PROJECTION,1.440703
paging,q11,5,PROJECTION,5.482042
paging,q11,5,RESULT_COLLECTOR,0.005981
paging,q11,5,RESULT_COLLECTOR,0.004795
paging,q11,5,RESULT_COLLECTOR,0.006438
paging,q11,5,SORT_PARTITION,0.006536
paging,q11,5,SORT_PARTITION,0.004716
paging,q11,5,SORT_PARTITION,0.00589
paging,q11,5,SORT_SAMPLE,0.016241
paging,q11,5,SORT_SAMPLE,0.01088
paging,q11,5,SORT_SAMPLE,0.02291
paging,q11,5,UNGROUPED_AGGREGATE,1.621703
paging,q11,5,UNGROUPED_AGGREGATE,2.7188
paging,q11,5,UNGROUPED_AGGREGATE,11.503779
paging,q12,1,CONCAT,1.5862829999999999
paging,q12,1,CONCAT,1.759817
paging,q12,1,CONCAT,1.285016
paging,q12,1,DYNAMIC_FILTER,6.608261000000001
paging,q12,1,DYNAMIC_FILTER,8.162624000000001
paging,q12,1,DYNAMIC_FILTER,9.742199000000001
paging,q12,1,FILTER,29.692354
paging,q12,1,FILTER,35.115749
paging,q12,1,FILTER,38.824183000000005
paging,q12,1,GPU_SCAN,3733.2573670000006
paging,q12,1,GPU_SCAN,3749.9341930000005
paging,q12,1,GPU_SCAN,3528.7004190000007
paging,q12,1,HASH_GROUP_BY,1.078501
paging,q12,1,HASH_GROUP_BY,1.105755
paging,q12,1,HASH_GROUP_BY,1.285468
paging,q12,1,HASH_JOIN,2.004984
paging,q12,1,HASH_JOIN,2.066181
paging,q12,1,HASH_JOIN,2.337274
paging,q12,1,MERGE_GROUP_BY,0.025591
paging,q12,1,MERGE_GROUP_BY,0.007507
paging,q12,1,MERGE_GROUP_BY,0.006744
paging,q12,1,MERGE_SORT,0.246203
paging,q12,1,MERGE_SORT,0.21929
paging,q12,1,MERGE_SORT,0.334226
paging,q12,1,ORDER_BY,0.16573
paging,q12,1,ORDER_BY,0.153141
paging,q12,1,ORDER_BY,0.475171
paging,q12,1,PARTITION,0.6670189999999999
paging,q12,1,PARTITION,0.41431999999999997
paging,q12,1,PARTITION,0.5493640000000001
paging,q12,1,PROJECTION,0.568668
paging,q12,1,PROJECTION,0.513388
paging,q12,1,PROJECTION,0.686094
paging,q12,1,RESULT_COLLECTOR,0.31847
paging,q12,1,RESULT_COLLECTOR,0.102514
paging,q12,1,RESULT_COLLECTOR,0.132115
paging,q12,1,SORT_PARTITION,0.18028
paging,q12,1,SORT_PARTITION,0.169436
paging,q12,1,SORT_PARTITION,0.175962
paging,q12,1,SORT_SAMPLE,0.080964
paging,q12,1,SORT_SAMPLE,0.077221
paging,q12,1,SORT_SAMPLE,0.081859
paging,q12,2,CONCAT,1.6767159999999999
paging,q12,2,CONCAT,1.967682
paging,q12,2,CONCAT,1.986072
paging,q12,2,DYNAMIC_FILTER,8.539372
paging,q12,2,DYNAMIC_FILTER,7.783886
paging,q12,2,DYNAMIC_FILTER,8.276124
paging,q12,2,FILTER,56.513921999999994
paging,q12,2,FILTER,38.81734399999999
paging,q12,2,FILTER,62.61575899999998
paging,q12,2,GPU_SCAN,3871.1078459999994
paging,q12,2,GPU_SCAN,3608.0713310000006
paging,q12,2,GPU_SCAN,3995.968387
paging,q12,2,HASH_GROUP_BY,1.264455
paging,q12,2,HASH_GROUP_BY,1.157971
paging,q12,2,HASH_GROUP_BY,1.204368
paging,q12,2,HASH_JOIN,2.562123
paging,q12,2,HASH_JOIN,2.537333
paging,q12,2,HASH_JOIN,2.681699
paging,q12,2,MERGE_GROUP_BY,0.024894
paging,q12,2,MERGE_GROUP_BY,0.008012
paging,q12,2,MERGE_GROUP_BY,0.010532
paging,q12,2,MERGE_SORT,0.201878
paging,q12,2,MERGE_SORT,0.350069
paging,q12,2,MERGE_SORT,0.269545
paging,q12,2,ORDER_BY,0.231305
paging,q12,2,ORDER_BY,0.227219
paging,q12,2,ORDER_BY,0.24436
paging,q12,2,PARTITION,0.5297080000000001
paging,q12,2,PARTITION,0.88218
paging,q12,2,PARTITION,0.583331
paging,q12,2,PROJECTION,1.014894
paging,q12,2,PROJECTION,0.550195
paging,q12,2,PROJECTION,0.558144
paging,q12,2,RESULT_COLLECTOR,0.276929
paging,q12,2,RESULT_COLLECTOR,0.157649
paging,q12,2,RESULT_COLLECTOR,0.152562
paging,q12,2,SORT_PARTITION,0.182084
paging,q12,2,SORT_PARTITION,0.232342
paging,q12,2,SORT_PARTITION,0.206428
paging,q12,2,SORT_SAMPLE,0.080606
paging,q12,2,SORT_SAMPLE,0.176947
paging,q12,2,SORT_SAMPLE,0.098615
paging,q12,3,CONCAT,1.6241409999999998
paging,q12,3,CONCAT,1.73976
paging,q12,3,CONCAT,1.5691760000000001
paging,q12,3,DYNAMIC_FILTER,7.698911
paging,q12,3,DYNAMIC_FILTER,7.25969
paging,q12,3,DYNAMIC_FILTER,8.85786
paging,q12,3,FILTER,78.56388799999999
paging,q12,3,FILTER,60.627150999999984
paging,q12,3,FILTER,57.23179200000001
paging,q12,3,GPU_SCAN,4006.7715860000008
paging,q12,3,GPU_SCAN,3897.8180989999996
paging,q12,3,GPU_SCAN,3863.1178760000003
paging,q12,3,HASH_GROUP_BY,1.168776
paging,q12,3,HASH_GROUP_BY,1.130478
paging,q12,3,HASH_GROUP_BY,1.231987
paging,q12,3,HASH_JOIN,2.09102
paging,q12,3,HASH_JOIN,2.689251
paging,q12,3,HASH_JOIN,2.283229
paging,q12,3,MERGE_GROUP_BY,0.020364
paging,q12,3,MERGE_GROUP_BY,0.027931
paging,q12,3,MERGE_GROUP_BY,0.013371
paging,q12,3,MERGE_SORT,0.257408
paging,q12,3,MERGE_SORT,0.235681
paging,q12,3,MERGE_SORT,0.320497
paging,q12,3,ORDER_BY,0.185456
paging,q12,3,ORDER_BY,0.230146
paging,q12,3,ORDER_BY,0.228597
paging,q12,3,PARTITION,0.407934
paging,q12,3,PARTITION,1.8173209999999997
paging,q12,3,PARTITION,1.116564
paging,q12,3,PROJECTION,0.604537
paging,q12,3,PROJECTION,0.827614
paging,q12,3,PROJECTION,0.602736
paging,q12,3,RESULT_COLLECTOR,0.160196
paging,q12,3,RESULT_COLLECTOR,0.295702
paging,q12,3,RESULT_COLLECTOR,0.178294
paging,q12,3,SORT_PARTITION,0.199546
paging,q12,3,SORT_PARTITION,0.215864
paging,q12,3,SORT_PARTITION,0.249718
paging,q12,3,SORT_SAMPLE,0.087749
paging,q12,3,SORT_SAMPLE,0.178148
paging,q12,3,SORT_SAMPLE,0.128428
paging,q12,4,CONCAT,1.227691
paging,q12,4,CONCAT,2.0355630000000002
paging,q12,4,CONCAT,2.421005
paging,q12,4,DYNAMIC_FILTER,7.215879999999999
paging,q12,4,DYNAMIC_FILTER,7.632337
paging,q12,4,DYNAMIC_FILTER,7.404667
paging,q12,4,FILTER,53.869356
paging,q12,4,FILTER,48.79599599999999
paging,q12,4,FILTER,39.52356700000001
paging,q12,4,GPU_SCAN,3911.196969
paging,q12,4,GPU_SCAN,3892.240502999999
paging,q12,4,GPU_SCAN,3736.9809929999997
paging,q12,4,HASH_GROUP_BY,1.101778
paging,q12,4,HASH_GROUP_BY,1.442812
paging,q12,4,HASH_GROUP_BY,1.092483
paging,q12,4,HASH_JOIN,2.669336
paging,q12,4,HASH_JOIN,2.528641
paging,q12,4,HASH_JOIN,2.045812
paging,q12,4,MERGE_GROUP_BY,0.028659
paging,q12,4,MERGE_GROUP_BY,0.022729
paging,q12,4,MERGE_GROUP_BY,0.007347
paging,q12,4,MERGE_SORT,0.191913
paging,q12,4,MERGE_SORT,0.318693
paging,q12,4,MERGE_SORT,0.188281
paging,q12,4,ORDER_BY,0.154312
paging,q12,4,ORDER_BY,0.246697
paging,q12,4,ORDER_BY,0.203829
paging,q12,4,PARTITION,0.3514610000000001
paging,q12,4,PARTITION,0.8592920000000001
paging,q12,4,PARTITION,0.5999360000000001
paging,q12,4,PROJECTION,0.73034
paging,q12,4,PROJECTION,0.81626
paging,q12,4,PROJECTION,0.511018
paging,q12,4,RESULT_COLLECTOR,0.305239
paging,q12,4,RESULT_COLLECTOR,0.242099
paging,q12,4,RESULT_COLLECTOR,0.10177
paging,q12,4,SORT_PARTITION,0.172057
paging,q12,4,SORT_PARTITION,0.182972
paging,q12,4,SORT_PARTITION,0.170342
paging,q12,4,SORT_SAMPLE,0.085315
paging,q12,4,SORT_SAMPLE,0.08902
paging,q12,4,SORT_SAMPLE,0.082607
paging,q12,5,CONCAT,1.7090370000000001
paging,q12,5,CONCAT,1.252938
paging,q12,5,CONCAT,1.865104
paging,q12,5,DYNAMIC_FILTER,7.260726000000001
paging,q12,5,DYNAMIC_FILTER,8.841624
paging,q12,5,DYNAMIC_FILTER,8.595249
paging,q12,5,FILTER,35.4917
paging,q12,5,FILTER,37.771601
paging,q12,5,FILTER,34.444236999999994
paging,q12,5,GPU_SCAN,3760.596349
paging,q12,5,GPU_SCAN,3745.468788
paging,q12,5,GPU_SCAN,3726.8539019999994
paging,q12,5,HASH_GROUP_BY,1.383585
paging,q12,5,HASH_GROUP_BY,1.095659
paging,q12,5,HASH_GROUP_BY,1.13181
paging,q12,5,HASH_JOIN,2.555628
paging,q12,5,HASH_JOIN,2.592376
paging,q12,5,HASH_JOIN,2.669116
paging,q12,5,MERGE_GROUP_BY,0.012976
paging,q12,5,MERGE_GROUP_BY,0.024902
paging,q12,5,MERGE_GROUP_BY,0.026437
paging,q12,5,MERGE_SORT,0.278942
paging,q12,5,MERGE_SORT,0.196348
paging,q12,5,MERGE_SORT,0.226242
paging,q12,5,ORDER_BY,0.222816
paging,q12,5,ORDER_BY,0.15453
paging,q12,5,ORDER_BY,0.167221
paging,q12,5,PARTITION,0.324573
paging,q12,5,PARTITION,0.404426
paging,q12,5,PARTITION,0.501613
paging,q12,5,PROJECTION,0.859573
paging,q12,5,PROJECTION,0.50983
paging,q12,5,PROJECTION,0.829721
paging,q12,5,RESULT_COLLECTOR,0.153836
paging,q12,5,RESULT_COLLECTOR,0.289342
paging,q12,5,RESULT_COLLECTOR,0.252565
paging,q12,5,SORT_PARTITION,0.176639
paging,q12,5,SORT_PARTITION,0.172168
paging,q12,5,SORT_PARTITION,0.180784
paging,q12,5,SORT_SAMPLE,0.08372
paging,q12,5,SORT_SAMPLE,0.082487
paging,q12,5,SORT_SAMPLE,0.082335
paging,q13,1,CONCAT,20.485820999999998
paging,q13,1,CONCAT,22.428521
paging,q13,1,CONCAT,22.432080999999997
paging,q13,1,GPU_SCAN,1064.084065
paging,q13,1,GPU_SCAN,1038.429275
paging,q13,1,GPU_SCAN,1035.236171
paging,q13,1,HASH_GROUP_BY,18.973834999999998
paging,q13,1,HASH_GROUP_BY,19.239859000000003
paging,q13,1,HASH_GROUP_BY,18.631463
paging,q13,1,HASH_JOIN,121.032334
paging,q13,1,HASH_JOIN,120.963804
paging,q13,1,HASH_JOIN,120.585846
paging,q13,1,MERGE_GROUP_BY,0.086213
paging,q13,1,MERGE_GROUP_BY,0.018796
paging,q13,1,MERGE_GROUP_BY,0.014451
paging,q13,1,MERGE_SORT,0.007266
paging,q13,1,MERGE_SORT,0.008537
paging,q13,1,MERGE_SORT,0.006639
paging,q13,1,ORDER_BY,0.514319
paging,q13,1,ORDER_BY,0.319512
paging,q13,1,ORDER_BY,0.215076
paging,q13,1,PARTITION,0.173356
paging,q13,1,PARTITION,0.14979
paging,q13,1,PARTITION,0.14366
paging,q13,1,PROJECTION,0.04927
paging,q13,1,PROJECTION,0.073929
paging,q13,1,PROJECTION,0.026888000000000002
paging,q13,1,RESULT_COLLECTOR,0.176011
paging,q13,1,RESULT_COLLECTOR,0.120905
paging,q13,1,RESULT_COLLECTOR,0.080717
paging,q13,1,SORT_PARTITION,0.006708
paging,q13,1,SORT_PARTITION,0.02091
paging,q13,1,SORT_PARTITION,0.00617
paging,q13,1,SORT_SAMPLE,0.01158
paging,q13,1,SORT_SAMPLE,0.024548
paging,q13,1,SORT_SAMPLE,0.006134
paging,q13,2,CONCAT,20.872298999999998
paging,q13,2,CONCAT,20.803186
paging,q13,2,CONCAT,21.246767000000002
paging,q13,2,GPU_SCAN,2062.118689
paging,q13,2,GPU_SCAN,2050.19617
paging,q13,2,GPU_SCAN,2001.300927
paging,q13,2,HASH_GROUP_BY,18.550569999999997
paging,q13,2,HASH_GROUP_BY,18.604581999999997
paging,q13,2,HASH_GROUP_BY,19.128978
paging,q13,2,HASH_JOIN,120.717578
paging,q13,2,HASH_JOIN,120.674393
paging,q13,2,HASH_JOIN,120.759585
paging,q13,2,MERGE_GROUP_BY,0.05544
paging,q13,2,MERGE_GROUP_BY,0.068694
paging,q13,2,MERGE_GROUP_BY,0.107405
paging,q13,2,MERGE_SORT,0.005827
paging,q13,2,MERGE_SORT,0.006296
paging,q13,2,MERGE_SORT,0.008927
paging,q13,2,ORDER_BY,0.446027
paging,q13,2,ORDER_BY,0.432185
paging,q13,2,ORDER_BY,0.498867
paging,q13,2,PARTITION,0.18228499999999997
paging,q13,2,PARTITION,0.164659
paging,q13,2,PARTITION,0.10892600000000001
paging,q13,2,PROJECTION,0.029688
paging,q13,2,PROJECTION,0.028266
paging,q13,2,PROJECTION,0.041219
paging,q13,2,RESULT_COLLECTOR,0.095408
paging,q13,2,RESULT_COLLECTOR,0.169243
paging,q13,2,RESULT_COLLECTOR,0.178726
paging,q13,2,SORT_PARTITION,0.004707
paging,q13,2,SORT_PARTITION,0.004841
paging,q13,2,SORT_PARTITION,0.012569
paging,q13,2,SORT_SAMPLE,0.007451
paging,q13,2,SORT_SAMPLE,0.00821
paging,q13,2,SORT_SAMPLE,0.021057
paging,q13,3,CONCAT,20.774631
paging,q13,3,CONCAT,21.264592
paging,q13,3,CONCAT,21.375745
paging,q13,3,GPU_SCAN,2062.829179
paging,q13,3,GPU_SCAN,2003.757905
paging,q13,3,GPU_SCAN,2009.321062
paging,q13,3,HASH_GROUP_BY,19.307012999999998
paging,q13,3,HASH_GROUP_BY,19.079938
paging,q13,3,HASH_GROUP_BY,19.086066000000002
paging,q13,3,HASH_JOIN,121.569207
paging,q13,3,HASH_JOIN,120.703059
paging,q13,3,HASH_JOIN,120.800591
paging,q13,3,MERGE_GROUP_BY,0.05354
paging,q13,3,MERGE_GROUP_BY,0.069968
paging,q13,3,MERGE_GROUP_BY,0.024054
paging,q13,3,MERGE_SORT,0.005018
paging,q13,3,MERGE_SORT,0.007225
paging,q13,3,MERGE_SORT,0.006563
paging,q13,3,ORDER_BY,0.443777
paging,q13,3,ORDER_BY,0.287436
paging,q13,3,ORDER_BY,0.195914
paging,q13,3,PARTITION,0.151822
paging,q13,3,PARTITION,0.129048
paging,q13,3,PARTITION,0.09006399999999999
paging,q13,3,PROJECTION,0.023164
paging,q13,3,PROJECTION,0.042796
paging,q13,3,PROJECTION,0.026172
paging,q13,3,RESULT_COLLECTOR,0.079226
paging,q13,3,RESULT_COLLECTOR,0.226418
paging,q13,3,RESULT_COLLECTOR,0.096065
paging,q13,3,SORT_PARTITION,0.00484
paging,q13,3,SORT_PARTITION,0.007466
paging,q13,3,SORT_PARTITION,0.009372
paging,q13,3,SORT_SAMPLE,0.007237
paging,q13,3,SORT_SAMPLE,0.00956
paging,q13,3,SORT_SAMPLE,0.006419
paging,q13,4,CONCAT,20.849705
paging,q13,4,CONCAT,21.368792000000003
paging,q13,4,CONCAT,20.75114
paging,q13,4,GPU_SCAN,2002.273103
paging,q13,4,GPU_SCAN,2010.411419
paging,q13,4,GPU_SCAN,1994.8892389999999
paging,q13,4,HASH_GROUP_BY,18.712649
paging,q13,4,HASH_GROUP_BY,18.606498
paging,q13,4,HASH_GROUP_BY,18.620436
paging,q13,4,HASH_JOIN,120.741933
paging,q13,4,HASH_JOIN,120.712352
paging,q13,4,HASH_JOIN,120.766192
paging,q13,4,MERGE_GROUP_BY,0.041183
paging,q13,4,MERGE_GROUP_BY,0.036757
paging,q13,4,MERGE_GROUP_BY,0.025849
paging,q13,4,MERGE_SORT,0.005547
paging,q13,4,MERGE_SORT,0.00553
paging,q13,4,MERGE_SORT,0.005995
paging,q13,4,ORDER_BY,0.192346
paging,q13,4,ORDER_BY,0.190628
paging,q13,4,ORDER_BY,0.191901
paging,q13,4,PARTITION,0.190978
paging,q13,4,PARTITION,0.11791599999999999
paging,q13,4,PARTITION,0.096562
paging,q13,4,PROJECTION,0.023378000000000003
paging,q13,4,PROJECTION,0.027955
paging,q13,4,PROJECTION,0.023783
paging,q13,4,RESULT_COLLECTOR,0.196793
paging,q13,4,RESULT_COLLECTOR,0.204184
paging,q13,4,RESULT_COLLECTOR,0.109529
paging,q13,4,SORT_PARTITION,0.005042
paging,q13,4,SORT_PARTITION,0.004811
paging,q13,4,SORT_PARTITION,0.006025
paging,q13,4,SORT_SAMPLE,0.006449
paging,q13,4,SORT_SAMPLE,0.007032
paging,q13,4,SORT_SAMPLE,0.005792
paging,q13,5,CONCAT,21.086435
paging,q13,5,CONCAT,21.281291
paging,q13,5,CONCAT,20.958771000000002
paging,q13,5,GPU_SCAN,2027.740785
paging,q13,5,GPU_SCAN,2023.938253
paging,q13,5,GPU_SCAN,2094.562869
paging,q13,5,HASH_GROUP_BY,18.908287
paging,q13,5,HASH_GROUP_BY,18.863337
paging,q13,5,HASH_GROUP_BY,19.068467
paging,q13,5,HASH_JOIN,120.878528
paging,q13,5,HASH_JOIN,120.85975
paging,q13,5,HASH_JOIN,120.9833
paging,q13,5,MERGE_GROUP_BY,0.065005
paging,q13,5,MERGE_GROUP_BY,0.07168
paging,q13,5,MERGE_GROUP_BY,0.050979
paging,q13,5,MERGE_SORT,0.0186
paging,q13,5,MERGE_SORT,0.011112
paging,q13,5,MERGE_SORT,0.006307
paging,q13,5,ORDER_BY,0.412955
paging,q13,5,ORDER_BY,0.288769
paging,q13,5,ORDER_BY,0.322899
paging,q13,5,PARTITION,0.210502
paging,q13,5,PARTITION,0.147347
paging,q13,5,PARTITION,0.10140600000000001
paging,q13,5,PROJECTION,0.069753
paging,q13,5,PROJECTION,0.06919600000000001
paging,q13,5,PROJECTION,0.05476
paging,q13,5,RESULT_COLLECTOR,0.177924
paging,q13,5,RESULT_COLLECTOR,0.182684
paging,q13,5,RESULT_COLLECTOR,0.105358
paging,q13,5,SORT_PARTITION,0.021267
paging,q13,5,SORT_PARTITION,0.00969
paging,q13,5,SORT_PARTITION,0.019895
paging,q13,5,SORT_SAMPLE,0.023911
paging,q13,5,SORT_SAMPLE,0.011996
paging,q13,5,SORT_SAMPLE,0.024034
paging,q14,1,CONCAT,0.495637
paging,q14,1,CONCAT,6.658348
paging,q14,1,CONCAT,6.320676
paging,q14,1,GPU_SCAN,5249.364105999999
paging,q14,1,GPU_SCAN,5166.971143000001
paging,q14,1,GPU_SCAN,5243.549266999999
paging,q14,1,HASH_JOIN,11.360171
paging,q14,1,HASH_JOIN,10.650129
paging,q14,1,HASH_JOIN,10.342497
paging,q14,1,MERGE_AGGREGATE,0.055696
paging,q14,1,MERGE_AGGREGATE,0.032445
paging,q14,1,MERGE_AGGREGATE,0.018371
paging,q14,1,PARTITION,0.14457699999999998
paging,q14,1,PARTITION,0.296651
paging,q14,1,PARTITION,0.19592900000000002
paging,q14,1,PROJECTION,8.381502000000001
paging,q14,1,PROJECTION,1.282648
paging,q14,1,PROJECTION,1.5655649999999999
paging,q14,1,RESULT_COLLECTOR,0.20644
paging,q14,1,RESULT_COLLECTOR,0.118746
paging,q14,1,RESULT_COLLECTOR,0.26045
paging,q14,1,UNGROUPED_AGGREGATE,0.761828
paging,q14,1,UNGROUPED_AGGREGATE,0.736256
paging,q14,1,UNGROUPED_AGGREGATE,0.712255
paging,q14,2,CONCAT,0.6589849999999999
paging,q14,2,CONCAT,0.448171
paging,q14,2,CONCAT,0.5326989999999999
paging,q14,2,GPU_SCAN,4864.877862
paging,q14,2,GPU_SCAN,4680.431361999999
paging,q14,2,GPU_SCAN,4850.606325000001
paging,q14,2,HASH_JOIN,11.572282
paging,q14,2,HASH_JOIN,11.031058
paging,q14,2,HASH_JOIN,10.79369
paging,q14,2,MERGE_AGGREGATE,0.073849
paging,q14,2,MERGE_AGGREGATE,0.060319
paging,q14,2,MERGE_AGGREGATE,0.064086
paging,q14,2,PARTITION,0.23937900000000004
paging,q14,2,PARTITION,0.202228
paging,q14,2,PARTITION,0.16868300000000003
paging,q14,2,PROJECTION,1.7628689999999998
paging,q14,2,PROJECTION,1.597186
paging,q14,2,PROJECTION,1.560957
paging,q14,2,RESULT_COLLECTOR,0.254618
paging,q14,2,RESULT_COLLECTOR,0.226255
paging,q14,2,RESULT_COLLECTOR,0.179811
paging,q14,2,UNGROUPED_AGGREGATE,0.835358
paging,q14,2,UNGROUPED_AGGREGATE,0.746018
paging,q14,2,UNGROUPED_AGGREGATE,0.711492
paging,q14,3,CONCAT,0.5926199999999999
paging,q14,3,CONCAT,0.635543
paging,q14,3,CONCAT,0.427045
paging,q14,3,GPU_SCAN,4701.691508000001
paging,q14,3,GPU_SCAN,4741.1406879999995
paging,q14,3,GPU_SCAN,4901.089889
paging,q14,3,HASH_JOIN,11.134415
paging,q14,3,HASH_JOIN,10.952082
paging,q14,3,HASH_JOIN,10.71613
paging,q14,3,MERGE_AGGREGATE,0.062821
paging,q14,3,MERGE_AGGREGATE,0.081587
paging,q14,3,MERGE_AGGREGATE,0.030686
paging,q14,3,PARTITION,0.151631
paging,q14,3,PARTITION,0.32249500000000003
paging,q14,3,PARTITION,0.269206
paging,q14,3,PROJECTION,1.273346
paging,q14,3,PROJECTION,1.626606
paging,q14,3,PROJECTION,1.526783
paging,q14,3,RESULT_COLLECTOR,0.09608
paging,q14,3,RESULT_COLLECTOR,0.173672
paging,q14,3,RESULT_COLLECTOR,0.172988
paging,q14,3,UNGROUPED_AGGREGATE,0.738161
paging,q14,3,UNGROUPED_AGGREGATE,0.771139
paging,q14,3,UNGROUPED_AGGREGATE,0.682512
paging,q14,4,CONCAT,0.540019
paging,q14,4,CONCAT,0.470464
paging,q14,4,CONCAT,0.37210299999999996
paging,q14,4,GPU_SCAN,4703.11678
paging,q14,4,GPU_SCAN,4707.849539999999
paging,q14,4,GPU_SCAN,4673.064528
paging,q14,4,HASH_JOIN,11.304668
paging,q14,4,HASH_JOIN,10.957728
paging,q14,4,HASH_JOIN,10.686505
paging,q14,4,MERGE_AGGREGATE,0.076917
paging,q14,4,MERGE_AGGREGATE,0.069605
paging,q14,4,MERGE_AGGREGATE,0.062471
paging,q14,4,PARTITION,0.24711600000000003
paging,q14,4,PARTITION,0.21786800000000003
paging,q14,4,PARTITION,0.097991
paging,q14,4,PROJECTION,1.6553959999999999
paging,q14,4,PROJECTION,1.6686480000000001
paging,q14,4,PROJECTION,1.48001
paging,q14,4,RESULT_COLLECTOR,0.187227
paging,q14,4,RESULT_COLLECTOR,0.190251
paging,q14,4,RESULT_COLLECTOR,0.163887
paging,q14,4,UNGROUPED_AGGREGATE,0.765745
paging,q14,4,UNGROUPED_AGGREGATE,0.771376
paging,q14,4,UNGROUPED_AGGREGATE,0.691383
paging,q14,5,CONCAT,0.455147
paging,q14,5,CONCAT,0.432852
paging,q14,5,CONCAT,0.55489
paging,q14,5,GPU_SCAN,4773.1554479999995
paging,q14,5,GPU_SCAN,4717.237491999999
paging,q14,5,GPU_SCAN,4785.812288
paging,q14,5,HASH_JOIN,11.139352
paging,q14,5,HASH_JOIN,10.893538
paging,q14,5,HASH_JOIN,11.058096
paging,q14,5,MERGE_AGGREGATE,0.062545
paging,q14,5,MERGE_AGGREGATE,0.064611
paging,q14,5,MERGE_AGGREGATE,0.074057
paging,q14,5,PARTITION,0.165454
paging,q14,5,PARTITION,0.206141
paging,q14,5,PARTITION,0.19776500000000002
paging,q14,5,PROJECTION,1.5314510000000001
paging,q14,5,PROJECTION,1.4999090000000002
paging,q14,5,PROJECTION,1.618925
paging,q14,5,RESULT_COLLECTOR,0.201735
paging,q14,5,RESULT_COLLECTOR,0.172712
paging,q14,5,RESULT_COLLECTOR,0.190117
paging,q14,5,UNGROUPED_AGGREGATE,0.73325
paging,q14,5,UNGROUPED_AGGREGATE,0.703283
paging,q14,5,UNGROUPED_AGGREGATE,0.782893
paging,q15,1,CONCAT,0.041399
paging,q15,1,CONCAT,0.036653
paging,q15,1,CONCAT,0.03252
paging,q15,1,CTE,0.021652
paging,q15,1,CTE,0.043909
paging,q15,1,CTE,0.0066
paging,q15,1,GPU_SCAN,4969.996451999999
paging,q15,1,GPU_SCAN,5607.639677
paging,q15,1,GPU_SCAN,5357.5124479999995
paging,q15,1,HASH_GROUP_BY,33.257111
paging,q15,1,HASH_GROUP_BY,22.519289
paging,q15,1,HASH_GROUP_BY,18.261022
paging,q15,1,HASH_JOIN,12.202314000000001
paging,q15,1,HASH_JOIN,1.4815040000000002
paging,q15,1,HASH_JOIN,0.980685
paging,q15,1,MERGE_AGGREGATE,0.088701
paging,q15,1,MERGE_AGGREGATE,0.040577
paging,q15,1,MERGE_AGGREGATE,0.080775
paging,q15,1,MERGE_GROUP_BY,4.913798
paging,q15,1,MERGE_GROUP_BY,4.859081
paging,q15,1,MERGE_GROUP_BY,4.8366
paging,q15,1,MERGE_SORT,0.044136
paging,q15,1,MERGE_SORT,0.014878
paging,q15,1,MERGE_SORT,0.009549
paging,q15,1,ORDER_BY,8.408471
paging,q15,1,ORDER_BY,0.265002
paging,q15,1,ORDER_BY,0.232576
paging,q15,1,PARTITION,0.327485
paging,q15,1,PARTITION,0.3971640000000001
paging,q15,1,PARTITION,0.16530999999999998
paging,q15,1,PROJECTION,13.535958
paging,q15,1,PROJECTION,21.374724
paging,q15,1,PROJECTION,9.521536999999999
paging,q15,1,RESULT_COLLECTOR,0.356998
paging,q15,1,RESULT_COLLECTOR,0.199661
paging,q15,1,RESULT_COLLECTOR,0.131671
paging,q15,1,SORT_PARTITION,1.270307
paging,q15,1,SORT_PARTITION,0.573607
paging,q15,1,SORT_PARTITION,0.452122
paging,q15,1,SORT_SAMPLE,0.196486
paging,q15,1,SORT_SAMPLE,0.052695
paging,q15,1,SORT_SAMPLE,0.044432
paging,q15,1,UNGROUPED_AGGREGATE,8.527299
paging,q15,1,UNGROUPED_AGGREGATE,0.46240499999999995
paging,q15,1,UNGROUPED_AGGREGATE,0.38042
paging,q15,2,CONCAT,0.093913
paging,q15,2,CONCAT,0.16716
paging,q15,2,CONCAT,0.112324
paging,q15,2,CTE,0.009212
paging,q15,2,CTE,0.021974
paging,q15,2,CTE,0.007816
paging,q15,2,GPU_SCAN,4665.7155060000005
paging,q15,2,GPU_SCAN,4659.143771999999
paging,q15,2,GPU_SCAN,4658.7344729999995
paging,q15,2,HASH_GROUP_BY,22.007811999999998
paging,q15,2,HASH_GROUP_BY,24.937218
paging,q15,2,HASH_GROUP_BY,27.184562999999997
paging,q15,2,HASH_JOIN,2.347547
paging,q15,2,HASH_JOIN,2.511612
paging,q15,2,HASH_JOIN,2.245394
paging,q15,2,MERGE_AGGREGATE,0.047021
paging,q15,2,MERGE_AGGREGATE,0.086676
paging,q15,2,MERGE_AGGREGATE,0.035181000000000004
paging,q15,2,MERGE_GROUP_BY,4.798318
paging,q15,2,MERGE_GROUP_BY,5.410296
paging,q15,2,MERGE_GROUP_BY,4.93732
paging,q15,2,MERGE_SORT,0.038742
paging,q15,2,MERGE_SORT,0.075194
paging,q15,2,MERGE_SORT,0.028643
paging,q15,2,ORDER_BY,0.678675
paging,q15,2,ORDER_BY,0.791319
paging,q15,2,ORDER_BY,0.706546
paging,q15,2,PARTITION,0.6434599999999999
paging,q15,2,PARTITION,0.5957330000000001
paging,q15,2,PARTITION,0.34325100000000003
paging,q15,2,PROJECTION,11.113920000000002
paging,q15,2,PROJECTION,14.478724000000003
paging,q15,2,PROJECTION,13.349101
paging,q15,2,RESULT_COLLECTOR,0.192028
paging,q15,2,RESULT_COLLECTOR,0.255465
paging,q15,2,RESULT_COLLECTOR,0.182589
paging,q15,2,SORT_PARTITION,1.390463
paging,q15,2,SORT_PARTITION,1.796092
paging,q15,2,SORT_PARTITION,2.183157
paging,q15,2,SORT_SAMPLE,0.256891
paging,q15,2,SORT_SAMPLE,0.323754
paging,q15,2,SORT_SAMPLE,0.250659
paging,q15,2,UNGROUPED_AGGREGATE,0.427654
paging,q15,2,UNGROUPED_AGGREGATE,1.0758079999999999
paging,q15,2,UNGROUPED_AGGREGATE,0.8318450000000001
paging,q15,3,CONCAT,0.12085900000000001
paging,q15,3,CONCAT,0.028624999999999998
paging,q15,3,CONCAT,0.083577
paging,q15,3,CTE,0.017645
paging,q15,3,CTE,0.020866
paging,q15,3,CTE,0.006403
paging,q15,3,GPU_SCAN,4666.623339000001
paging,q15,3,GPU_SCAN,4683.384497
paging,q15,3,GPU_SCAN,4682.8922170000005
paging,q15,3,HASH_GROUP_BY,23.366108999999998
paging,q15,3,HASH_GROUP_BY,20.721332
paging,q15,3,HASH_GROUP_BY,22.820183
paging,q15,3,HASH_JOIN,2.018176
paging,q15,3,HASH_JOIN,2.355403
paging,q15,3,HASH_JOIN,1.858114
paging,q15,3,MERGE_AGGREGATE,0.036775
paging,q15,3,MERGE_AGGREGATE,0.040007
paging,q15,3,MERGE_AGGREGATE,0.019616
paging,q15,3,MERGE_GROUP_BY,5.290874
paging,q15,3,MERGE_GROUP_BY,4.86964
paging,q15,3,MERGE_GROUP_BY,4.978811
paging,q15,3,MERGE_SORT,0.036513
paging,q15,3,MERGE_SORT,0.013169
paging,q15,3,MERGE_SORT,0.011871
paging,q15,3,ORDER_BY,0.277308
paging,q15,3,ORDER_BY,0.773619
paging,q15,3,ORDER_BY,0.273909
paging,q15,3,PARTITION,0.353786
paging,q15,3,PARTITION,0.27551499999999995
paging,q15,3,PARTITION,0.19050400000000003
paging,q15,3,PROJECTION,11.386949999999997
paging,q15,3,PROJECTION,10.747209000000002
paging,q15,3,PROJECTION,7.394826999999999
paging,q15,3,RESULT_COLLECTOR,0.17323
paging,q15,3,RESULT_COLLECTOR,0.124557
paging,q15,3,RESULT_COLLECTOR,0.152737
paging,q15,3,SORT_PARTITION,0.940459
paging,q15,3,SORT_PARTITION,0.602642
paging,q15,3,SORT_PARTITION,0.77719
paging,q15,3,SORT_SAMPLE,0.139003
paging,q15,3,SORT_SAMPLE,0.063396
paging,q15,3,SORT_SAMPLE,0.051006
paging,q15,3,UNGROUPED_AGGREGATE,0.363822
paging,q15,3,UNGROUPED_AGGREGATE,0.315666
paging,q15,3,UNGROUPED_AGGREGATE,0.357672
paging,q15,4,CONCAT,0.101084
paging,q15,4,CONCAT,0.092046
paging,q15,4,CONCAT,0.080044
paging,q15,4,CTE,0.006532
paging,q15,4,CTE,0.007421
paging,q15,4,CTE,0.008554
paging,q15,4,GPU_SCAN,4674.846698
paging,q15,4,GPU_SCAN,4705.787849
paging,q15,4,GPU_SCAN,4672.794487
paging,q15,4,HASH_GROUP_BY,17.0872
paging,q15,4,HASH_GROUP_BY,22.363356
paging,q15,4,HASH_GROUP_BY,20.798271000000003
paging,q15,4,HASH_JOIN,2.279991
paging,q15,4,HASH_JOIN,2.760586
paging,q15,4,HASH_JOIN,1.620264
paging,q15,4,MERGE_AGGREGATE,0.039642000000000004
paging,q15,4,MERGE_AGGREGATE,0.034476
paging,q15,4,MERGE_AGGREGATE,0.022434
paging,q15,4,MERGE_GROUP_BY,5.170281
paging,q15,4,MERGE_GROUP_BY,5.305887
paging,q15,4,MERGE_GROUP_BY,5.30487
paging,q15,4,MERGE_SORT,0.032809
paging,q15,4,MERGE_SORT,0.013495
paging,q15,4,MERGE_SORT,0.009914
paging,q15,4,ORDER_BY,0.628029
paging,q15,4,ORDER_BY,0.745082
paging,q15,4,ORDER_BY,0.27208
paging,q15,4,PARTITION,0.429651
paging,q15,4,PARTITION,0.27935800000000005
paging,q15,4,PARTITION,0.22914099999999998
paging,q15,4,PROJECTION,15.266591000000004
paging,q15,4,PROJECTION,15.719705000000001
paging,q15,4,PROJECTION,9.359871000000002
paging,q15,4,RESULT_COLLECTOR,0.145094
paging,q15,4,RESULT_COLLECTOR,0.143664
paging,q15,4,RESULT_COLLECTOR,0.13932
paging,q15,4,SORT_PARTITION,1.482872
paging,q15,4,SORT_PARTITION,1.507553
paging,q15,4,SORT_PARTITION,1.485526
paging,q15,4,SORT_SAMPLE,0.217705
paging,q15,4,SORT_SAMPLE,0.227554
paging,q15,4,SORT_SAMPLE,0.221657
paging,q15,4,UNGROUPED_AGGREGATE,0.739279
paging,q15,4,UNGROUPED_AGGREGATE,0.727557
paging,q15,4,UNGROUPED_AGGREGATE,0.510595
paging,q15,5,CONCAT,0.096985
paging,q15,5,CONCAT,0.124334
paging,q15,5,CONCAT,0.118886
paging,q15,5,CTE,0.021023
paging,q15,5,CTE,0.008849
paging,q15,5,CTE,0.021853
paging,q15,5,GPU_SCAN,4724.207198000001
paging,q15,5,GPU_SCAN,4778.744003999999
paging,q15,5,GPU_SCAN,4870.656757999999
paging,q15,5,HASH_GROUP_BY,21.460632000000004
paging,q15,5,HASH_GROUP_BY,24.349376
paging,q15,5,HASH_GROUP_BY,25.612918
paging,q15,5,HASH_JOIN,1.3945189999999998
paging,q15,5,HASH_JOIN,1.323579
paging,q15,5,HASH_JOIN,2.563598
paging,q15,5,MERGE_AGGREGATE,0.052578
paging,q15,5,MERGE_AGGREGATE,0.048363
paging,q15,5,MERGE_AGGREGATE,0.081285
paging,q15,5,MERGE_GROUP_BY,5.245423
paging,q15,5,MERGE_GROUP_BY,4.937915
paging,q15,5,MERGE_GROUP_BY,4.918489
paging,q15,5,MERGE_SORT,0.013639
paging,q15,5,MERGE_SORT,0.043868
paging,q15,5,MERGE_SORT,0.016517
paging,q15,5,ORDER_BY,0.232235
paging,q15,5,ORDER_BY,0.269353
paging,q15,5,ORDER_BY,0.821235
paging,q15,5,PARTITION,0.31183600000000006
paging,q15,5,PARTITION,0.5400590000000001
paging,q15,5,PARTITION,0.5186170000000001
paging,q15,5,PROJECTION,11.070717999999998
paging,q15,5,PROJECTION,10.724798
paging,q15,5,PROJECTION,15.630823
paging,q15,5,RESULT_COLLECTOR,0.151346
paging,q15,5,RESULT_COLLECTOR,0.21445
paging,q15,5,RESULT_COLLECTOR,0.172895
paging,q15,5,SORT_PARTITION,1.195276
paging,q15,5,SORT_PARTITION,1.367152
paging,q15,5,SORT_PARTITION,1.17394
paging,q15,5,SORT_SAMPLE,0.245352
paging,q15,5,SORT_SAMPLE,0.314763
paging,q15,5,SORT_SAMPLE,0.164271
paging,q15,5,UNGROUPED_AGGREGATE,0.362198
paging,q15,5,UNGROUPED_AGGREGATE,0.8375199999999999
paging,q15,5,UNGROUPED_AGGREGATE,0.673856
paging,q16,1,CONCAT,0.424368
paging,q16,1,CONCAT,0.462825
paging,q16,1,CONCAT,0.307533
paging,q16,1,DYNAMIC_FILTER,1.14738
paging,q16,1,DYNAMIC_FILTER,1.147337
paging,q16,1,DYNAMIC_FILTER,1.142029
paging,q16,1,FILTER,20.606199999999998
paging,q16,1,FILTER,7.1043330000000005
paging,q16,1,FILTER,6.481073
paging,q16,1,GPU_SCAN,195.952917
paging,q16,1,GPU_SCAN,161.83766
paging,q16,1,GPU_SCAN,160.750975
paging,q16,1,HASH_GROUP_BY,108.142022
paging,q16,1,HASH_GROUP_BY,82.401092
paging,q16,1,HASH_GROUP_BY,81.687623
paging,q16,1,HASH_JOIN,22.988141
paging,q16,1,HASH_JOIN,9.366679000000001
paging,q16,1,HASH_JOIN,9.027096
paging,q16,1,MERGE_GROUP_BY,2.981998
paging,q16,1,MERGE_GROUP_BY,1.031082
paging,q16,1,MERGE_GROUP_BY,0.452401
paging,q16,1,MERGE_SORT,0.050819
paging,q16,1,MERGE_SORT,0.015804
paging,q16,1,MERGE_SORT,0.012739
paging,q16,1,ORDER_BY,2.671962
paging,q16,1,ORDER_BY,2.859939
paging,q16,1,ORDER_BY,2.344326
paging,q16,1,PARTITION,0.301081
paging,q16,1,PARTITION,0.28361
paging,q16,1,PARTITION,0.18390900000000002
paging,q16,1,PROJECTION,0.024613
paging,q16,1,PROJECTION,0.072007
paging,q16,1,PROJECTION,0.020082
paging,q16,1,RESULT_COLLECTOR,4.01829
paging,q16,1,RESULT_COLLECTOR,1.474376
paging,q16,1,RESULT_COLLECTOR,1.426076
paging,q16,1,SORT_PARTITION,0.027213
paging,q16,1,SORT_PARTITION,0.015085
paging,q16,1,SORT_PARTITION,0.012882
paging,q16,1,SORT_SAMPLE,0.048155
paging,q16,1,SORT_SAMPLE,0.025146
paging,q16,1,SORT_SAMPLE,0.022894
paging,q16,2,CONCAT,0.428622
paging,q16,2,CONCAT,0.345609
paging,q16,2,CONCAT,0.213965
paging,q16,2,DYNAMIC_FILTER,1.158017
paging,q16,2,DYNAMIC_FILTER,1.168489
paging,q16,2,DYNAMIC_FILTER,1.12896
paging,q16,2,FILTER,6.443201
paging,q16,2,FILTER,6.437752
paging,q16,2,FILTER,6.454841
paging,q16,2,GPU_SCAN,185.48101400000002
paging,q16,2,GPU_SCAN,183.43478199999998
paging,q16,2,GPU_SCAN,183.38249
paging,q16,2,HASH_GROUP_BY,81.852898
paging,q16,2,HASH_GROUP_BY,82.239566
paging,q16,2,HASH_GROUP_BY,81.703336
paging,q16,2,HASH_JOIN,9.147341
paging,q16,2,HASH_JOIN,8.541272
paging,q16,2,HASH_JOIN,8.827622999999999
paging,q16,2,MERGE_GROUP_BY,1.401338
paging,q16,2,MERGE_GROUP_BY,0.67503
paging,q16,2,MERGE_GROUP_BY,0.473559
paging,q16,2,MERGE_SORT,0.013336
paging,q16,2,MERGE_SORT,0.011945
paging,q16,2,MERGE_SORT,0.007267
paging,q16,2,ORDER_BY,2.552912
paging,q16,2,ORDER_BY,2.452568
paging,q16,2,ORDER_BY,2.371759
paging,q16,2,PARTITION,0.194895
paging,q16,2,PARTITION,0.198399
paging,q16,2,PARTITION,0.117415
paging,q16,2,PROJECTION,0.017615
paging,q16,2,PROJECTION,0.015909
paging,q16,2,PROJECTION,0.016756
paging,q16,2,RESULT_COLLECTOR,1.040949
paging,q16,2,RESULT_COLLECTOR,1.055957
paging,q16,2,RESULT_COLLECTOR,1.073015
paging,q16,2,SORT_PARTITION,0.012414
paging,q16,2,SORT_PARTITION,0.009738
paging,q16,2,SORT_PARTITION,0.005398
paging,q16,2,SORT_SAMPLE,0.027537
paging,q16,2,SORT_SAMPLE,0.016747
paging,q16,2,SORT_SAMPLE,0.008587
paging,q16,3,CONCAT,0.439175
paging,q16,3,CONCAT,0.181627
paging,q16,3,CONCAT,0.178713
paging,q16,3,DYNAMIC_FILTER,1.113946
paging,q16,3,DYNAMIC_FILTER,1.11027
paging,q16,3,DYNAMIC_FILTER,1.119899
paging,q16,3,FILTER,6.802003
paging,q16,3,FILTER,6.356006
paging,q16,3,FILTER,6.360676
paging,q16,3,GPU_SCAN,181.589967
paging,q16,3,GPU_SCAN,182.80260700000002
paging,q16,3,GPU_SCAN,182.270285
paging,q16,3,HASH_GROUP_BY,81.439221
paging,q16,3,HASH_GROUP_BY,81.447598
paging,q16,3,HASH_GROUP_BY,81.410799
paging,q16,3,HASH_JOIN,9.535238
paging,q16,3,HASH_JOIN,8.371069
paging,q16,3,HASH_JOIN,9.453286
paging,q16,3,MERGE_GROUP_BY,0.479816
paging,q16,3,MERGE_GROUP_BY,0.443265
paging,q16,3,MERGE_GROUP_BY,0.461159
paging,q16,3,MERGE_SORT,0.007578
paging,q16,3,MERGE_SORT,0.032281
paging,q16,3,MERGE_SORT,0.007795
paging,q16,3,ORDER_BY,2.482176
paging,q16,3,ORDER_BY,2.377204
paging,q16,3,ORDER_BY,2.655567
paging,q16,3,PARTITION,0.259992
paging,q16,3,PARTITION,0.107625
paging,q16,3,PARTITION,0.17781999999999998
paging,q16,3,PROJECTION,0.01427
paging,q16,3,PROJECTION,0.01501
paging,q16,3,PROJECTION,0.013905
paging,q16,3,RESULT_COLLECTOR,0.750783
paging,q16,3,RESULT_COLLECTOR,1.127843
paging,q16,3,RESULT_COLLECTOR,0.779788
paging,q16,3,SORT_PARTITION,0.006067
paging,q16,3,SORT_PARTITION,0.005768
paging,q16,3,SORT_PARTITION,0.005513
paging,q16,3,SORT_SAMPLE,0.010673
paging,q16,3,SORT_SAMPLE,0.007567
paging,q16,3,SORT_SAMPLE,0.008973
paging,q16,4,CONCAT,0.32994300000000004
paging,q16,4,CONCAT,0.377737
paging,q16,4,CONCAT,0.276274
paging,q16,4,DYNAMIC_FILTER,1.111313
paging,q16,4,DYNAMIC_FILTER,1.10847
paging,q16,4,DYNAMIC_FILTER,1.121948
paging,q16,4,FILTER,6.325575
paging,q16,4,FILTER,6.417206
paging,q16,4,FILTER,6.342864
paging,q16,4,GPU_SCAN,181.63978400000002
paging,q16,4,GPU_SCAN,183.759547
paging,q16,4,GPU_SCAN,179.60994900000003
paging,q16,4,HASH_GROUP_BY,81.490517
paging,q16,4,HASH_GROUP_BY,81.543637
paging,q16,4,HASH_GROUP_BY,81.419404
paging,q16,4,HASH_JOIN,8.841883
paging,q16,4,HASH_JOIN,9.90393
paging,q16,4,HASH_JOIN,9.014209000000001
paging,q16,4,MERGE_GROUP_BY,1.083365
paging,q16,4,MERGE_GROUP_BY,0.985664
paging,q16,4,MERGE_GROUP_BY,1.159913
paging,q16,4,MERGE_SORT,0.016307
paging,q16,4,MERGE_SORT,0.007377
paging,q16,4,MERGE_SORT,0.012284
paging,q16,4,ORDER_BY,3.015995
paging,q16,4,ORDER_BY,2.848112
paging,q16,4,ORDER_BY,2.441887
paging,q16,4,PARTITION,0.11577699999999999
paging,q16,4,PARTITION,0.207781
paging,q16,4,PARTITION,0.204677
paging,q16,4,PROJECTION,0.015254
paging,q16,4,PROJECTION,0.017016
paging,q16,4,PROJECTION,0.0168
paging,q16,4,RESULT_COLLECTOR,1.710919
paging,q16,4,RESULT_COLLECTOR,0.720747
paging,q16,4,RESULT_COLLECTOR,1.043472
paging,q16,4,SORT_PARTITION,0.030674
paging,q16,4,SORT_PARTITION,0.005786
paging,q16,4,SORT_PARTITION,0.009711
paging,q16,4,SORT_SAMPLE,0.051772
paging,q16,4,SORT_SAMPLE,0.009372
paging,q16,4,SORT_SAMPLE,0.017966
paging,q16,5,CONCAT,0.43650399999999995
paging,q16,5,CONCAT,0.536675
paging,q16,5,CONCAT,0.19002299999999997
paging,q16,5,DYNAMIC_FILTER,1.112076
paging,q16,5,DYNAMIC_FILTER,1.117978
paging,q16,5,DYNAMIC_FILTER,1.118474
paging,q16,5,FILTER,6.398581
paging,q16,5,FILTER,6.313335
paging,q16,5,FILTER,6.392426
paging,q16,5,GPU_SCAN,182.32685199999997
paging,q16,5,GPU_SCAN,181.696888
paging,q16,5,GPU_SCAN,183.94568700000002
paging,q16,5,HASH_GROUP_BY,81.525454
paging,q16,5,HASH_GROUP_BY,81.594868
paging,q16,5,HASH_GROUP_BY,81.611412
paging,q16,5,HASH_JOIN,9.23321
paging,q16,5,HASH_JOIN,9.579739
paging,q16,5,HASH_JOIN,9.183095
paging,q16,5,MERGE_GROUP_BY,0.448078
paging,q16,5,MERGE_GROUP_BY,1.073627
paging,q16,5,MERGE_GROUP_BY,0.387954
paging,q16,5,MERGE_SORT,0.034233
paging,q16,5,MERGE_SORT,0.007856
paging,q16,5,MERGE_SORT,0.008071
paging,q16,5,ORDER_BY,2.948578
paging,q16,5,ORDER_BY,2.464342
paging,q16,5,ORDER_BY,2.453018
paging,q16,5,PARTITION,0.20185899999999998
paging,q16,5,PARTITION,0.254454
paging,q16,5,PARTITION,0.161394
paging,q16,5,PROJECTION,0.01548
paging,q16,5,PROJECTION,0.015502
paging,q16,5,PROJECTION,0.016564
paging,q16,5,RESULT_COLLECTOR,0.742386
paging,q16,5,RESULT_COLLECTOR,1.159572
paging,q16,5,RESULT_COLLECTOR,0.78602
paging,q16,5,SORT_PARTITION,0.00594
paging,q16,5,SORT_PARTITION,0.005851
paging,q16,5,SORT_PARTITION,0.009164
paging,q16,5,SORT_SAMPLE,0.009983
paging,q16,5,SORT_SAMPLE,0.009831
paging,q16,5,SORT_SAMPLE,0.017442
paging,q17,1,CONCAT,9.234047999999998
paging,q17,1,CONCAT,1.050964
paging,q17,1,DYNAMIC_FILTER,24.520784999999997
paging,q17,1,DYNAMIC_FILTER,30.961506999999994
paging,q17,1,FILTER,0.136777
paging,q17,1,FILTER,0.141969
paging,q17,1,GPU_SCAN,6687.532482
paging,q17,1,GPU_SCAN,6679.557476999999
paging,q17,1,HASH_GROUP_BY,5.107818
paging,q17,1,HASH_GROUP_BY,7.805301999999999
paging,q17,1,HASH_JOIN,97.22125799999999
paging,q17,1,HASH_JOIN,129.083115
paging,q17,1,LEFT_DELIM_JOIN,1.055786
paging,q17,1,LEFT_DELIM_JOIN,0.263517
paging,q17,1,MERGE_AGGREGATE,0.021318
paging,q17,1,MERGE_AGGREGATE,0.012854
paging,q17,1,MERGE_GROUP_BY,1.16239
paging,q17,1,MERGE_GROUP_BY,1.3490410000000002
paging,q17,1,PARTITION,0.7144760000000001
paging,q17,1,PARTITION,1.1364019999999997
paging,q17,1,PROJECTION,0.63065
paging,q17,1,PROJECTION,1.001221
paging,q17,1,RESULT_COLLECTOR,0.128664
paging,q17,1,RESULT_COLLECTOR,0.139074
paging,q17,1,UNGROUPED_AGGREGATE,0.183504
paging,q17,1,UNGROUPED_AGGREGATE,0.226736
paging,q17,2,CONCAT,0.4533340000000001
paging,q17,2,CONCAT,0.8925200000000001
paging,q17,2,DYNAMIC_FILTER,29.95091
paging,q17,2,DYNAMIC_FILTER,29.909747
paging,q17,2,FILTER,0.335008
paging,q17,2,FILTER,0.19727
paging,q17,2,GPU_SCAN,6050.462577000001
paging,q17,2,GPU_SCAN,6048.5077550000005
paging,q17,2,HASH_GROUP_BY,54.71112999999999
paging,q17,2,HASH_GROUP_BY,32.07948700000001
paging,q17,2,HASH_JOIN,174.505537
paging,q17,2,HASH_JOIN,184.107647
paging,q17,2,LEFT_DELIM_JOIN,0.447132
paging,q17,2,LEFT_DELIM_JOIN,0.30363
paging,q17,2,MERGE_AGGREGATE,0.033732
paging,q17,2,MERGE_AGGREGATE,0.033537
paging,q17,2,MERGE_GROUP_BY,0.5238619999999999
paging,q17,2,MERGE_GROUP_BY,0.536287
paging,q17,2,PARTITION,0.7956030000000001
paging,q17,2,PARTITION,0.7298369999999998
paging,q17,2,PROJECTION,0.8613090000000001
paging,q17,2,PROJECTION,0.7382610000000001
paging,q17,2,RESULT_COLLECTOR,0.112046
paging,q17,2,RESULT_COLLECTOR,0.121918
paging,q17,2,UNGROUPED_AGGREGATE,0.473852
paging,q17,2,UNGROUPED_AGGREGATE,0.28118
paging,q17,3,CONCAT,0.432243
paging,q17,3,CONCAT,0.7708880000000002
paging,q17,3,DYNAMIC_FILTER,28.934852
paging,q17,3,DYNAMIC_FILTER,29.06144
paging,q17,3,FILTER,0.151638
paging,q17,3,FILTER,0.33173
paging,q17,3,GPU_SCAN,6292.999737999999
paging,q17,3,GPU_SCAN,6461.327457000001
paging,q17,3,HASH_GROUP_BY,37.097894
paging,q17,3,HASH_GROUP_BY,49.786852999999994
paging,q17,3,HASH_JOIN,143.042128
paging,q17,3,HASH_JOIN,131.82296099999996
paging,q17,3,LEFT_DELIM_JOIN,0.14017
paging,q17,3,LEFT_DELIM_JOIN,0.25681
paging,q17,3,MERGE_AGGREGATE,0.032408
paging,q17,3,MERGE_AGGREGATE,0.020127
paging,q17,3,MERGE_GROUP_BY,0.734247
paging,q17,3,MERGE_GROUP_BY,0.563445
paging,q17,3,PARTITION,1.091353
paging,q17,3,PARTITION,0.49661599999999995
paging,q17,3,PROJECTION,0.664298
paging,q17,3,PROJECTION,0.658365
paging,q17,3,RESULT_COLLECTOR,0.104823
paging,q17,3,RESULT_COLLECTOR,0.096862
paging,q17,3,UNGROUPED_AGGREGATE,0.17548
paging,q17,3,UNGROUPED_AGGREGATE,0.475998
paging,q17,4,CONCAT,0.596595
paging,q17,4,CONCAT,0.538618
paging,q17,4,DYNAMIC_FILTER,32.84575
paging,q17,4,DYNAMIC_FILTER,25.829698999999998
paging,q17,4,FILTER,0.219639
paging,q17,4,FILTER,0.329954
paging,q17,4,GPU_SCAN,6322.300055
paging,q17,4,GPU_SCAN,6060.500283
paging,q17,4,HASH_GROUP_BY,93.233621
paging,q17,4,HASH_GROUP_BY,29.226486999999995
paging,q17,4,HASH_JOIN,131.76299300000002
paging,q17,4,HASH_JOIN,161.870741
paging,q17,4,LEFT_DELIM_JOIN,0.238811
paging,q17,4,LEFT_DELIM_JOIN,0.191104
paging,q17,4,MERGE_AGGREGATE,0.035397
paging,q17,4,MERGE_AGGREGATE,0.018639
paging,q17,4,MERGE_GROUP_BY,1.15793
paging,q17,4,MERGE_GROUP_BY,0.551992
paging,q17,4,PARTITION,0.5929619999999999
paging,q17,4,PARTITION,0.436321
paging,q17,4,PROJECTION,0.47568599999999994
paging,q17,4,PROJECTION,7.5826199999999995
paging,q17,4,RESULT_COLLECTOR,0.091123
paging,q17,4,RESULT_COLLECTOR,0.085726
paging,q17,4,UNGROUPED_AGGREGATE,0.20752
paging,q17,4,UNGROUPED_AGGREGATE,0.454927
paging,q17,5,CONCAT,0.908225
paging,q17,5,CONCAT,0.5698180000000002
paging,q17,5,DYNAMIC_FILTER,30.787534
paging,q17,5,DYNAMIC_FILTER,28.437174000000002
paging,q17,5,FILTER,0.258189
paging,q17,5,FILTER,0.228445
paging,q17,5,GPU_SCAN,6427.426599000001
paging,q17,5,GPU_SCAN,6393.9381300000005
paging,q17,5,HASH_GROUP_BY,14.828042
paging,q17,5,HASH_GROUP_BY,72.67383700000002
paging,q17,5,HASH_JOIN,106.877713
paging,q17,5,HASH_JOIN,120.96705
paging,q17,5,LEFT_DELIM_JOIN,0.375877
paging,q17,5,LEFT_DELIM_JOIN,0.194596
paging,q17,5,MERGE_AGGREGATE,0.013096
paging,q17,5,MERGE_AGGREGATE,0.032999
paging,q17,5,MERGE_GROUP_BY,0.861317
paging,q17,5,MERGE_GROUP_BY,0.530716
paging,q17,5,PARTITION,0.560077
paging,q17,5,PARTITION,0.585479
paging,q17,5,PROJECTION,0.295204
paging,q17,5,PROJECTION,8.642504999999998
paging,q17,5,RESULT_COLLECTOR,0.085482
paging,q17,5,RESULT_COLLECTOR,0.083978
paging,q17,5,UNGROUPED_AGGREGATE,0.347655
paging,q17,5,UNGROUPED_AGGREGATE,0.326981
paging,q18,1,CONCAT,0.6799940000000001
paging,q18,1,CONCAT,4.3461300000000005
paging,q18,1,DYNAMIC_FILTER,27.583199999999998
paging,q18,1,DYNAMIC_FILTER,27.183764
paging,q18,1,FILTER,7.454985000000001
paging,q18,1,FILTER,7.728055999999999
paging,q18,1,GPU_SCAN,3071.4185039999998
paging,q18,1,GPU_SCAN,3358.164439000001
paging,q18,1,HASH_GROUP_BY,139.97035000000002
paging,q18,1,HASH_GROUP_BY,233.383946
paging,q18,1,HASH_JOIN,4.824314
paging,q18,1,HASH_JOIN,3.8916799999999996
paging,q18,1,MERGE_GROUP_BY,308.449964
paging,q18,1,MERGE_GROUP_BY,308.66797399999996
paging,q18,1,MERGE_SORT,1.059999
paging,q18,1,MERGE_SORT,0.940917
paging,q18,1,ORDER_BY,0.471584
paging,q18,1,ORDER_BY,0.37732
paging,q18,1,PARTITION,82.02339999999998
paging,q18,1,PARTITION,62.63081599999998
paging,q18,1,PROJECTION,0.013787
paging,q18,1,PROJECTION,0.012084
paging,q18,1,RESULT_COLLECTOR,0.195035
paging,q18,1,RESULT_COLLECTOR,0.154535
paging,q18,1,SORT_PARTITION,0.919681
paging,q18,1,SORT_PARTITION,0.437736
paging,q18,1,SORT_SAMPLE,0.103098
paging,q18,1,SORT_SAMPLE,0.032489
paging,q18,2,CONCAT,0.48579700000000003
paging,q18,2,CONCAT,0.7912159999999999
paging,q18,2,DYNAMIC_FILTER,32.116787
paging,q18,2,DYNAMIC_FILTER,40.630483999999996
paging,q18,2,FILTER,7.171194
paging,q18,2,FILTER,7.5815150000000004
paging,q18,2,GPU_SCAN,3173.7117589999993
paging,q18,2,GPU_SCAN,3374.7119409999996
paging,q18,2,HASH_GROUP_BY,256.88047700000004
paging,q18,2,HASH_GROUP_BY,201.20312099999995
paging,q18,2,HASH_JOIN,4.1686049999999994
paging,q18,2,HASH_JOIN,5.054568
paging,q18,2,MERGE_GROUP_BY,308.852999
paging,q18,2,MERGE_GROUP_BY,308.88165899999996
paging,q18,2,MERGE_SORT,1.981092
paging,q18,2,MERGE_SORT,2.210691
paging,q18,2,ORDER_BY,0.462416
paging,q18,2,ORDER_BY,0.615198
paging,q18,2,PARTITION,61.004951999999996
paging,q18,2,PARTITION,61.360532000000006
paging,q18,2,PROJECTION,0.014319
paging,q18,2,PROJECTION,0.024116
paging,q18,2,RESULT_COLLECTOR,0.300685
paging,q18,2,RESULT_COLLECTOR,0.237689
paging,q18,2,SORT_PARTITION,0.698523
paging,q18,2,SORT_PARTITION,0.8398
paging,q18,2,SORT_SAMPLE,0.039379
paging,q18,2,SORT_SAMPLE,0.078912
paging,q18,3,CONCAT,0.45970600000000006
paging,q18,3,CONCAT,0.48855899999999997
paging,q18,3,DYNAMIC_FILTER,29.426348
paging,q18,3,DYNAMIC_FILTER,27.983605999999998
paging,q18,3,FILTER,7.137134
paging,q18,3,FILTER,7.732706
paging,q18,3,GPU_SCAN,3192.4645570000007
paging,q18,3,GPU_SCAN,3229.3916939999995
paging,q18,3,HASH_GROUP_BY,275.41180299999996
paging,q18,3,HASH_GROUP_BY,236.591542
paging,q18,3,HASH_JOIN,4.592535
paging,q18,3,HASH_JOIN,4.4977540000000005
paging,q18,3,MERGE_GROUP_BY,307.303953
paging,q18,3,MERGE_GROUP_BY,308.415517
paging,q18,3,MERGE_SORT,0.838844
paging,q18,3,MERGE_SORT,0.602103
paging,q18,3,ORDER_BY,0.395141
paging,q18,3,ORDER_BY,0.418804
paging,q18,3,PARTITION,59.844795000000005
paging,q18,3,PARTITION,59.99968600000001
paging,q18,3,PROJECTION,0.040394
paging,q18,3,PROJECTION,0.013632
paging,q18,3,RESULT_COLLECTOR,0.134981
paging,q18,3,RESULT_COLLECTOR,0.177573
paging,q18,3,SORT_PARTITION,0.718919
paging,q18,3,SORT_PARTITION,0.573
paging,q18,3,SORT_SAMPLE,0.044522
paging,q18,3,SORT_SAMPLE,0.041108
paging,q18,4,CONCAT,0.405244
paging,q18,4,CONCAT,0.9703589999999999
paging,q18,4,DYNAMIC_FILTER,43.819722
paging,q18,4,DYNAMIC_FILTER,32.233848
paging,q18,4,FILTER,7.534241
paging,q18,4,FILTER,7.048007999999999
paging,q18,4,GPU_SCAN,3587.601385
paging,q18,4,GPU_SCAN,3459.0936080000006
paging,q18,4,HASH_GROUP_BY,270.833886
paging,q18,4,HASH_GROUP_BY,231.42486399999999
paging,q18,4,HASH_JOIN,4.344461
paging,q18,4,HASH_JOIN,5.398083
paging,q18,4,MERGE_GROUP_BY,307.997387
paging,q18,4,MERGE_GROUP_BY,307.664287
paging,q18,4,MERGE_SORT,0.652375
paging,q18,4,MERGE_SORT,1.59836
paging,q18,4,ORDER_BY,0.367893
paging,q18,4,ORDER_BY,0.447714
paging,q18,4,PARTITION,60.008142000000014
paging,q18,4,PARTITION,60.35435200000001
paging,q18,4,PROJECTION,0.012361
paging,q18,4,PROJECTION,0.022814
paging,q18,4,RESULT_COLLECTOR,0.133446
paging,q18,4,RESULT_COLLECTOR,0.234961
paging,q18,4,SORT_PARTITION,0.549993
paging,q18,4,SORT_PARTITION,0.665002
paging,q18,4,SORT_SAMPLE,0.02765
paging,q18,4,SORT_SAMPLE,0.05816
paging,q18,5,CONCAT,0.560571
paging,q18,5,CONCAT,0.598418
paging,q18,5,DYNAMIC_FILTER,35.139987
paging,q18,5,DYNAMIC_FILTER,34.06673
paging,q18,5,FILTER,7.549591
paging,q18,5,FILTER,7.671734
paging,q18,5,GPU_SCAN,3550.0305659999995
paging,q18,5,GPU_SCAN,3546.2065689999995
paging,q18,5,HASH_GROUP_BY,278.215597
paging,q18,5,HASH_GROUP_BY,268.62911899999995
paging,q18,5,HASH_JOIN,4.252343
paging,q18,5,HASH_JOIN,4.653510999999999
paging,q18,5,MERGE_GROUP_BY,309.041304
paging,q18,5,MERGE_GROUP_BY,308.952692
paging,q18,5,MERGE_SORT,0.689849
paging,q18,5,MERGE_SORT,2.119512
paging,q18,5,ORDER_BY,0.428466
paging,q18,5,ORDER_BY,0.527281
paging,q18,5,PARTITION,60.92118199999999
paging,q18,5,PARTITION,59.746564
paging,q18,5,PROJECTION,0.013334
paging,q18,5,PROJECTION,0.014881
paging,q18,5,RESULT_COLLECTOR,0.381249
paging,q18,5,RESULT_COLLECTOR,0.654311
paging,q18,5,SORT_PARTITION,0.7834
paging,q18,5,SORT_PARTITION,0.682781
paging,q18,5,SORT_SAMPLE,0.03607
paging,q18,5,SORT_SAMPLE,0.104313
paging,q19,1,CONCAT,4.161237000000001
paging,q19,1,CONCAT,3.947493
paging,q19,1,DYNAMIC_FILTER,3.889924
paging,q19,1,DYNAMIC_FILTER,4.394339
paging,q19,1,FILTER,33.50542
paging,q19,1,FILTER,34.86615200000001
paging,q19,1,GPU_SCAN,5065.789129
paging,q19,1,GPU_SCAN,5051.4641379999985
paging,q19,1,HASH_JOIN,21.296445
paging,q19,1,HASH_JOIN,21.408554
paging,q19,1,MERGE_AGGREGATE,0.03369
paging,q19,1,MERGE_AGGREGATE,0.061277
paging,q19,1,PARTITION,0.52843
paging,q19,1,PARTITION,1.3515430000000002
paging,q19,1,PROJECTION,0.149544
paging,q19,1,PROJECTION,0.094765
paging,q19,1,RESULT_COLLECTOR,0.172316
paging,q19,1,RESULT_COLLECTOR,0.317548
paging,q19,1,UNGROUPED_AGGREGATE,0.213771
paging,q19,1,UNGROUPED_AGGREGATE,0.158756
paging,q19,2,CONCAT,3.664151
paging,q19,2,CONCAT,3.607297
paging,q19,2,DYNAMIC_FILTER,3.734664
paging,q19,2,DYNAMIC_FILTER,3.766149
paging,q19,2,FILTER,42.800869
paging,q19,2,FILTER,33.458029999999994
paging,q19,2,GPU_SCAN,4995.603934
paging,q19,2,GPU_SCAN,4836.619197999999
paging,q19,2,HASH_JOIN,21.389463
paging,q19,2,HASH_JOIN,21.48698
paging,q19,2,MERGE_AGGREGATE,0.059463
paging,q19,2,MERGE_AGGREGATE,0.067126
paging,q19,2,PARTITION,0.49054100000000006
paging,q19,2,PARTITION,0.486734
paging,q19,2,PROJECTION,0.083395
paging,q19,2,PROJECTION,0.099176
paging,q19,2,RESULT_COLLECTOR,0.226042
paging,q19,2,RESULT_COLLECTOR,0.290204
paging,q19,2,UNGROUPED_AGGREGATE,0.152345
paging,q19,2,UNGROUPED_AGGREGATE,0.189367
paging,q19,3,CONCAT,3.7232
paging,q19,3,CONCAT,3.5547839999999997
paging,q19,3,DYNAMIC_FILTER,3.721368
paging,q19,3,DYNAMIC_FILTER,3.714627
paging,q19,3,FILTER,33.347556
paging,q19,3,FILTER,32.874737999999994
paging,q19,3,GPU_SCAN,5042.759792000001
paging,q19,3,GPU_SCAN,4920.093135999999
paging,q19,3,HASH_JOIN,21.269877
paging,q19,3,HASH_JOIN,21.393855
paging,q19,3,MERGE_AGGREGATE,0.061763
paging,q19,3,MERGE_AGGREGATE,0.056958
paging,q19,3,PARTITION,0.7934180000000002
paging,q19,3,PARTITION,0.6532649999999999
paging,q19,3,PROJECTION,0.081503
paging,q19,3,PROJECTION,0.078011
paging,q19,3,RESULT_COLLECTOR,0.215709
paging,q19,3,RESULT_COLLECTOR,0.202445
paging,q19,3,UNGROUPED_AGGREGATE,0.145302
paging,q19,3,UNGROUPED_AGGREGATE,0.156064
paging,q19,4,CONCAT,3.699333
paging,q19,4,CONCAT,3.5566340000000003
paging,q19,4,DYNAMIC_FILTER,3.737489
paging,q19,4,DYNAMIC_FILTER,3.71753
paging,q19,4,FILTER,33.630408
paging,q19,4,FILTER,31.456108999999998
paging,q19,4,GPU_SCAN,4828.962442
paging,q19,4,GPU_SCAN,4838.060206
paging,q19,4,HASH_JOIN,21.352504
paging,q19,4,HASH_JOIN,21.273763
paging,q19,4,MERGE_AGGREGATE,0.056946
paging,q19,4,MERGE_AGGREGATE,0.04063
paging,q19,4,PARTITION,0.41122400000000003
paging,q19,4,PARTITION,0.5241959999999999
paging,q19,4,PROJECTION,0.078768
paging,q19,4,PROJECTION,0.085409
paging,q19,4,RESULT_COLLECTOR,0.211479
paging,q19,4,RESULT_COLLECTOR,0.216472
paging,q19,4,UNGROUPED_AGGREGATE,0.146791
paging,q19,4,UNGROUPED_AGGREGATE,0.161688
paging,q19,5,CONCAT,3.905145
paging,q19,5,CONCAT,4.063861999999999
paging,q19,5,DYNAMIC_FILTER,3.720039
paging,q19,5,DYNAMIC_FILTER,3.720246
paging,q19,5,FILTER,35.821104999999996
paging,q19,5,FILTER,32.986605
paging,q19,5,GPU_SCAN,5168.268351
paging,q19,5,GPU_SCAN,5093.806942000001
paging,q19,5,HASH_JOIN,21.326792
paging,q19,5,HASH_JOIN,21.347948
paging,q19,5,MERGE_AGGREGATE,0.05544
paging,q19,5,MERGE_AGGREGATE,0.05715
paging,q19,5,PARTITION,0.6048540000000001
paging,q19,5,PARTITION,0.37325100000000005
paging,q19,5,PROJECTION,0.078969
paging,q19,5,PROJECTION,0.083408
paging,q19,5,RESULT_COLLECTOR,0.205943
paging,q19,5,RESULT_COLLECTOR,0.205146
paging,q19,5,UNGROUPED_AGGREGATE,0.139732
paging,q19,5,UNGROUPED_AGGREGATE,0.1466
paging,q20,1,CONCAT,1.241773
paging,q20,1,CONCAT,0.92377
paging,q20,1,DYNAMIC_FILTER,11.318885999999997
paging,q20,1,DYNAMIC_FILTER,9.681385000000002
paging,q20,1,FILTER,0.3835
paging,q20,1,FILTER,0.223309
paging,q20,1,GPU_SCAN,4381.323335
paging,q20,1,GPU_SCAN,4417.812742
paging,q20,1,HASH_GROUP_BY,1.266469
paging,q20,1,HASH_GROUP_BY,0.842896
paging,q20,1,HASH_JOIN,5.473752
paging,q20,1,HASH_JOIN,3.839363
paging,q20,1,LEFT_DELIM_JOIN,0.720269
paging,q20,1,LEFT_DELIM_JOIN,0.815938
paging,q20,1,MERGE_GROUP_BY,0.10835199999999999
paging,q20,1,MERGE_GROUP_BY,0.094984
paging,q20,1,MERGE_SORT,0.924707
paging,q20,1,MERGE_SORT,1.976579
paging,q20,1,ORDER_BY,7.034543
paging,q20,1,ORDER_BY,3.456835
paging,q20,1,PARTITION,0.555225
paging,q20,1,PARTITION,0.5312840000000001
paging,q20,1,PROJECTION,0.46556600000000004
paging,q20,1,PROJECTION,0.106191
paging,q20,1,RESULT_COLLECTOR,0.440393
paging,q20,1,RESULT_COLLECTOR,0.603402
paging,q20,1,SORT_PARTITION,1.119051
paging,q20,1,SORT_PARTITION,1.821188
paging,q20,1,SORT_SAMPLE,0.18919
paging,q20,1,SORT_SAMPLE,0.517748
paging,q20,2,CONCAT,0.5062080000000001
paging,q20,2,CONCAT,1.0108709999999999
paging,q20,2,DYNAMIC_FILTER,6.9318159999999995
paging,q20,2,DYNAMIC_FILTER,11.296698000000003
paging,q20,2,FILTER,0.207168
paging,q20,2,FILTER,0.278874
paging,q20,2,GPU_SCAN,4090.2505969999993
paging,q20,2,GPU_SCAN,4070.1336069999993
paging,q20,2,HASH_GROUP_BY,0.699527
paging,q20,2,HASH_GROUP_BY,0.792699
paging,q20,2,HASH_JOIN,2.2726689999999996
paging,q20,2,HASH_JOIN,3.519399
paging,q20,2,LEFT_DELIM_JOIN,0.461834
paging,q20,2,LEFT_DELIM_JOIN,0.913937
paging,q20,2,MERGE_GROUP_BY,0.027769000000000002
paging,q20,2,MERGE_GROUP_BY,0.06974
paging,q20,2,MERGE_SORT,1.254288
paging,q20,2,MERGE_SORT,1.321753
paging,q20,2,ORDER_BY,3.377275
paging,q20,2,ORDER_BY,3.539761
paging,q20,2,PARTITION,0.32742299999999996
paging,q20,2,PARTITION,0.583779
paging,q20,2,PROJECTION,0.111608
paging,q20,2,PROJECTION,0.233262
paging,q20,2,RESULT_COLLECTOR,0.379787
paging,q20,2,RESULT_COLLECTOR,0.570929
paging,q20,2,SORT_PARTITION,1.398618
paging,q20,2,SORT_PARTITION,2.109518
paging,q20,2,SORT_SAMPLE,0.432124
paging,q20,2,SORT_SAMPLE,0.533216
paging,q20,3,CONCAT,1.0330580000000003
paging,q20,3,CONCAT,1.1039329999999998
paging,q20,3,DYNAMIC_FILTER,8.921818
paging,q20,3,DYNAMIC_FILTER,11.188068
paging,q20,3,FILTER,0.219332
paging,q20,3,FILTER,0.194081
paging,q20,3,GPU_SCAN,4344.977664999999
paging,q20,3,GPU_SCAN,4368.014843999999
paging,q20,3,HASH_GROUP_BY,0.955382
paging,q20,3,HASH_GROUP_BY,0.697663
paging,q20,3,HASH_JOIN,3.0562000000000005
paging,q20,3,HASH_JOIN,3.89047
paging,q20,3,LEFT_DELIM_JOIN,0.44217
paging,q20,3,LEFT_DELIM_JOIN,0.708082
paging,q20,3,MERGE_GROUP_BY,0.032335
paging,q20,3,MERGE_GROUP_BY,0.068824
paging,q20,3,MERGE_SORT,1.08889
paging,q20,3,MERGE_SORT,1.911992
paging,q20,3,ORDER_BY,3.408991
paging,q20,3,ORDER_BY,3.4698
paging,q20,3,PARTITION,0.252163
paging,q20,3,PARTITION,0.33879499999999996
paging,q20,3,PROJECTION,0.18794
paging,q20,3,PROJECTION,0.211684
paging,q20,3,RESULT_COLLECTOR,0.381029
paging,q20,3,RESULT_COLLECTOR,1.352401
paging,q20,3,SORT_PARTITION,0.726306
paging,q20,3,SORT_PARTITION,0.682082
paging,q20,3,SORT_SAMPLE,0.079095
paging,q20,3,SORT_SAMPLE,0.08712
paging,q20,4,CONCAT,0.803927
paging,q20,4,CONCAT,0.5829409999999999
paging,q20,4,DYNAMIC_FILTER,8.197402
paging,q20,4,DYNAMIC_FILTER,8.407457999999998
paging,q20,4,FILTER,0.252637
paging,q20,4,FILTER,0.241009
paging,q20,4,GPU_SCAN,4079.439309
paging,q20,4,GPU_SCAN,4085.3357239999996
paging,q20,4,HASH_GROUP_BY,0.740044
paging,q20,4,HASH_GROUP_BY,0.755275
paging,q20,4,HASH_JOIN,4.297402
paging,q20,4,HASH_JOIN,2.655139
paging,q20,4,LEFT_DELIM_JOIN,0.670474
paging,q20,4,LEFT_DELIM_JOIN,0.499239
paging,q20,4,MERGE_GROUP_BY,0.048104
paging,q20,4,MERGE_GROUP_BY,0.017412999999999998
paging,q20,4,MERGE_SORT,1.189822
paging,q20,4,MERGE_SORT,2.062482
paging,q20,4,ORDER_BY,3.447099
paging,q20,4,ORDER_BY,3.459215
paging,q20,4,PARTITION,0.455063
paging,q20,4,PARTITION,0.3072569999999999
paging,q20,4,PROJECTION,0.141576
paging,q20,4,PROJECTION,0.135303
paging,q20,4,RESULT_COLLECTOR,0.685104
paging,q20,4,RESULT_COLLECTOR,0.852737
paging,q20,4,SORT_PARTITION,0.903484
paging,q20,4,SORT_PARTITION,2.054923
paging,q20,4,SORT_SAMPLE,0.224355
paging,q20,4,SORT_SAMPLE,0.453174
paging,q20,5,CONCAT,1.129849
paging,q20,5,CONCAT,0.7438920000000001
paging,q20,5,DYNAMIC_FILTER,8.974187
paging,q20,5,DYNAMIC_FILTER,10.172695
paging,q20,5,FILTER,0.206809
paging,q20,5,FILTER,0.260499
paging,q20,5,GPU_SCAN,4424.6898120000005
paging,q20,5,GPU_SCAN,4392.647153
paging,q20,5,HASH_GROUP_BY,1.047467
paging,q20,5,HASH_GROUP_BY,1.225398
paging,q20,5,HASH_JOIN,4.105365
paging,q20,5,HASH_JOIN,4.340387000000001
paging,q20,5,LEFT_DELIM_JOIN,0.470842
paging,q20,5,LEFT_DELIM_JOIN,0.540016
paging,q20,5,MERGE_GROUP_BY,0.043543
paging,q20,5,MERGE_GROUP_BY,0.053231
paging,q20,5,MERGE_SORT,2.345874
paging,q20,5,MERGE_SORT,2.11794
paging,q20,5,ORDER_BY,3.427839
paging,q20,5,ORDER_BY,3.46733
paging,q20,5,PARTITION,0.405266
paging,q20,5,PARTITION,0.4973599999999999
paging,q20,5,PROJECTION,0.175601
paging,q20,5,PROJECTION,0.231476
paging,q20,5,RESULT_COLLECTOR,0.836012
paging,q20,5,RESULT_COLLECTOR,0.492986
paging,q20,5,SORT_PARTITION,1.081519
paging,q20,5,SORT_PARTITION,1.067296
paging,q20,5,SORT_SAMPLE,0.299673
paging,q20,5,SORT_SAMPLE,0.16334
paging,q21,1,CONCAT,91.00958800000001
paging,q21,1,CONCAT,62.446983
paging,q21,1,DYNAMIC_FILTER,66.712522
paging,q21,1,DYNAMIC_FILTER,70.637829
paging,q21,1,FILTER,74.08289
paging,q21,1,FILTER,68.69633900000001
paging,q21,1,GPU_SCAN,10020.349286000004
paging,q21,1,GPU_SCAN,9659.457672999995
paging,q21,1,HASH_GROUP_BY,1.197094
paging,q21,1,HASH_GROUP_BY,0.760399
paging,q21,1,HASH_JOIN,1248.767209
paging,q21,1,HASH_JOIN,1319.081842
paging,q21,1,MERGE_GROUP_BY,5.7626040000000005
paging,q21,1,MERGE_GROUP_BY,6.046657
paging,q21,1,MERGE_SORT,0.550231
paging,q21,1,MERGE_SORT,0.480854
paging,q21,1,ORDER_BY,2.127524
paging,q21,1,ORDER_BY,2.233373
paging,q21,1,PARTITION,0.745042
paging,q21,1,PARTITION,0.81585
paging,q21,1,PROJECTION,0.6845550000000001
paging,q21,1,PROJECTION,0.970629
paging,q21,1,RESULT_COLLECTOR,0.530269
paging,q21,1,RESULT_COLLECTOR,1.674517
paging,q21,1,RIGHT_DELIM_JOIN,16.900787
paging,q21,1,RIGHT_DELIM_JOIN,13.357168999999999
paging,q21,1,SORT_PARTITION,0.227122
paging,q21,1,SORT_PARTITION,0.266046
paging,q21,1,SORT_SAMPLE,0.073216
paging,q21,1,SORT_SAMPLE,0.159013
paging,q21,2,CONCAT,75.903341
paging,q21,2,CONCAT,70.812422
paging,q21,2,DYNAMIC_FILTER,65.03971100000003
paging,q21,2,DYNAMIC_FILTER,53.926061000000004
paging,q21,2,FILTER,84.964781
paging,q21,2,FILTER,83.19704100000001
paging,q21,2,GPU_SCAN,9913.883232999999
paging,q21,2,GPU_SCAN,9931.603111000002
paging,q21,2,HASH_GROUP_BY,1.243059
paging,q21,2,HASH_GROUP_BY,0.729619
paging,q21,2,HASH_JOIN,1312.2954119999997
paging,q21,2,HASH_JOIN,1374.163786
paging,q21,2,MERGE_GROUP_BY,5.888877
paging,q21,2,MERGE_GROUP_BY,6.4989479999999995
paging,q21,2,MERGE_SORT,0.564243
paging,q21,2,MERGE_SORT,0.524615
paging,q21,2,ORDER_BY,2.160833
paging,q21,2,ORDER_BY,2.172406
paging,q21,2,PARTITION,0.744327
paging,q21,2,PARTITION,0.9383649999999999
paging,q21,2,PROJECTION,0.4775949999999999
paging,q21,2,PROJECTION,0.37998
paging,q21,2,RESULT_COLLECTOR,0.473837
paging,q21,2,RESULT_COLLECTOR,0.412223
paging,q21,2,RIGHT_DELIM_JOIN,13.497712
paging,q21,2,RIGHT_DELIM_JOIN,13.234964
paging,q21,2,SORT_PARTITION,0.240988
paging,q21,2,SORT_PARTITION,0.238555
paging,q21,2,SORT_SAMPLE,0.08261
paging,q21,2,SORT_SAMPLE,0.084921
paging,q21,3,CONCAT,111.48437799999999
paging,q21,3,CONCAT,96.166792
paging,q21,3,DYNAMIC_FILTER,72.47092799999999
paging,q21,3,DYNAMIC_FILTER,89.85353199999999
paging,q21,3,FILTER,89.42076300000002
paging,q21,3,FILTER,80.357152
paging,q21,3,GPU_SCAN,10085.827248
paging,q21,3,GPU_SCAN,10072.272903
paging,q21,3,HASH_GROUP_BY,1.221545
paging,q21,3,HASH_GROUP_BY,0.798285
paging,q21,3,HASH_JOIN,1287.483989
paging,q21,3,HASH_JOIN,1237.1995300000003
paging,q21,3,MERGE_GROUP_BY,5.849577999999999
paging,q21,3,MERGE_GROUP_BY,6.380208
paging,q21,3,MERGE_SORT,0.292438
paging,q21,3,MERGE_SORT,0.616034
paging,q21,3,ORDER_BY,2.181531
paging,q21,3,ORDER_BY,2.151307
paging,q21,3,PARTITION,1.0977250000000003
paging,q21,3,PARTITION,0.9734399999999999
paging,q21,3,PROJECTION,0.330168
paging,q21,3,PROJECTION,0.7515419999999999
paging,q21,3,RESULT_COLLECTOR,1.263407
paging,q21,3,RESULT_COLLECTOR,1.347769
paging,q21,3,RIGHT_DELIM_JOIN,12.846594999999999
paging,q21,3,RIGHT_DELIM_JOIN,12.669815999999999
paging,q21,3,SORT_PARTITION,0.210069
paging,q21,3,SORT_PARTITION,0.193671
paging,q21,3,SORT_SAMPLE,0.10539
paging,q21,3,SORT_SAMPLE,0.071736
paging,q21,4,CONCAT,133.126761
paging,q21,4,CONCAT,102.24587800000002
paging,q21,4,DYNAMIC_FILTER,65.318718
paging,q21,4,DYNAMIC_FILTER,68.91782300000001
paging,q21,4,FILTER,75.641138
paging,q21,4,FILTER,80.97349299999999
paging,q21,4,GPU_SCAN,10070.878497999998
paging,q21,4,GPU_SCAN,10062.047136
paging,q21,4,HASH_GROUP_BY,1.101916
paging,q21,4,HASH_GROUP_BY,0.98615
paging,q21,4,HASH_JOIN,1326.6590499999998
paging,q21,4,HASH_JOIN,1320.2223999999999
paging,q21,4,MERGE_GROUP_BY,6.069277
paging,q21,4,MERGE_GROUP_BY,5.833708
paging,q21,4,MERGE_SORT,0.782473
paging,q21,4,MERGE_SORT,0.755144
paging,q21,4,ORDER_BY,2.162614
paging,q21,4,ORDER_BY,2.160985
paging,q21,4,PARTITION,0.8918930000000002
paging,q21,4,PARTITION,0.8198429999999997
paging,q21,4,PROJECTION,0.8427419999999999
paging,q21,4,PROJECTION,1.4967370000000002
paging,q21,4,RESULT_COLLECTOR,0.39974
paging,q21,4,RESULT_COLLECTOR,0.425859
paging,q21,4,RIGHT_DELIM_JOIN,15.109233
paging,q21,4,RIGHT_DELIM_JOIN,16.391735
paging,q21,4,SORT_PARTITION,0.194749
paging,q21,4,SORT_PARTITION,0.197314
paging,q21,4,SORT_SAMPLE,0.083468
paging,q21,4,SORT_SAMPLE,0.104378
paging,q21,5,CONCAT,113.99474599999999
paging,q21,5,CONCAT,112.315401
paging,q21,5,DYNAMIC_FILTER,73.66716800000003
paging,q21,5,DYNAMIC_FILTER,72.954922
paging,q21,5,FILTER,68.16462800000002
paging,q21,5,FILTER,78.646858
paging,q21,5,GPU_SCAN,10302.655835
paging,q21,5,GPU_SCAN,10333.214873
paging,q21,5,HASH_GROUP_BY,1.159627
paging,q21,5,HASH_GROUP_BY,0.67411
paging,q21,5,HASH_JOIN,1326.1290820000002
paging,q21,5,HASH_JOIN,1343.445929
paging,q21,5,MERGE_GROUP_BY,5.824102999999999
paging,q21,5,MERGE_GROUP_BY,5.833548
paging,q21,5,MERGE_SORT,0.271877
paging,q21,5,MERGE_SORT,0.296697
paging,q21,5,ORDER_BY,2.154118
paging,q21,5,ORDER_BY,2.166883
paging,q21,5,PARTITION,0.7343859999999998
paging,q21,5,PARTITION,0.7963610000000002
paging,q21,5,PROJECTION,0.8104100000000002
paging,q21,5,PROJECTION,0.8993019999999999
paging,q21,5,RESULT_COLLECTOR,0.36565
paging,q21,5,RESULT_COLLECTOR,0.45324
paging,q21,5,RIGHT_DELIM_JOIN,14.883963000000001
paging,q21,5,RIGHT_DELIM_JOIN,12.335606
paging,q21,5,SORT_PARTITION,0.174255
paging,q21,5,SORT_PARTITION,0.192499
paging,q21,5,SORT_SAMPLE,0.077906
paging,q21,5,SORT_SAMPLE,0.130316
paging,q22,1,CONCAT,0.105262
paging,q22,1,CONCAT,1.7113
paging,q22,1,GPU_SCAN,312.55976
paging,q22,1,GPU_SCAN,186.14727700000003
paging,q22,1,HASH_GROUP_BY,0.579784
paging,q22,1,HASH_GROUP_BY,0.572268
paging,q22,1,HASH_JOIN,29.470734
paging,q22,1,HASH_JOIN,27.413138
paging,q22,1,MERGE_AGGREGATE,0.23639300000000002
paging,q22,1,MERGE_AGGREGATE,0.417562
paging,q22,1,MERGE_GROUP_BY,0.03966
paging,q22,1,MERGE_GROUP_BY,0.082872
paging,q22,1,MERGE_SORT,0.007708
paging,q22,1,MERGE_SORT,0.009299
paging,q22,1,NESTED_LOOP_JOIN,1.295239
paging,q22,1,NESTED_LOOP_JOIN,1.144339
paging,q22,1,ORDER_BY,0.263064
paging,q22,1,ORDER_BY,0.612023
paging,q22,1,PARTITION,0.177039
paging,q22,1,PARTITION,0.644011
paging,q22,1,PROJECTION,0.411096
paging,q22,1,PROJECTION,0.552416
paging,q22,1,RESULT_COLLECTOR,0.276234
paging,q22,1,RESULT_COLLECTOR,0.366285
paging,q22,1,RIGHT_DELIM_JOIN,0.655538
paging,q22,1,RIGHT_DELIM_JOIN,0.732589
paging,q22,1,SORT_PARTITION,0.00631
paging,q22,1,SORT_PARTITION,0.015048
paging,q22,1,SORT_SAMPLE,0.011792
paging,q22,1,SORT_SAMPLE,0.028303
paging,q22,1,UNGROUPED_AGGREGATE,0.497795
paging,q22,1,UNGROUPED_AGGREGATE,0.878106
paging,q22,2,CONCAT,0.231829
paging,q22,2,CONCAT,0.219337
paging,q22,2,GPU_SCAN,302.444673
paging,q22,2,GPU_SCAN,305.415422
paging,q22,2,HASH_GROUP_BY,0.716093
paging,q22,2,HASH_GROUP_BY,0.553114
paging,q22,2,HASH_JOIN,30.02946
paging,q22,2,HASH_JOIN,28.464931
paging,q22,2,MERGE_AGGREGATE,0.39484299999999994
paging,q22,2,MERGE_AGGREGATE,0.423439
paging,q22,2,MERGE_GROUP_BY,0.093857
paging,q22,2,MERGE_GROUP_BY,0.041468
paging,q22,2,MERGE_SORT,0.064886
paging,q22,2,MERGE_SORT,0.008777
paging,q22,2,NESTED_LOOP_JOIN,1.320327
paging,q22,2,NESTED_LOOP_JOIN,1.32408
paging,q22,2,ORDER_BY,0.549276
paging,q22,2,ORDER_BY,0.581137
paging,q22,2,PARTITION,0.292758
paging,q22,2,PARTITION,0.15143700000000002
paging,q22,2,PROJECTION,0.5175289999999999
paging,q22,2,PROJECTION,0.48039
paging,q22,2,RESULT_COLLECTOR,0.350217
paging,q22,2,RESULT_COLLECTOR,0.127579
paging,q22,2,RIGHT_DELIM_JOIN,0.863985
paging,q22,2,RIGHT_DELIM_JOIN,0.653037
paging,q22,2,SORT_PARTITION,0.016232
paging,q22,2,SORT_PARTITION,0.009121
paging,q22,2,SORT_SAMPLE,0.027947
paging,q22,2,SORT_SAMPLE,0.01231
paging,q22,2,UNGROUPED_AGGREGATE,0.8974219999999999
paging,q22,2,UNGROUPED_AGGREGATE,1.01938
paging,q22,3,CONCAT,0.144605
paging,q22,3,CONCAT,0.12086000000000002
paging,q22,3,GPU_SCAN,302.671106
paging,q22,3,GPU_SCAN,302.645429
paging,q22,3,HASH_GROUP_BY,0.774333
paging,q22,3,HASH_GROUP_BY,0.684772
paging,q22,3,HASH_JOIN,29.735535
paging,q22,3,HASH_JOIN,29.010136
paging,q22,3,MERGE_AGGREGATE,0.087448
paging,q22,3,MERGE_AGGREGATE,0.14333800000000002
paging,q22,3,MERGE_GROUP_BY,0.0665
paging,q22,3,MERGE_GROUP_BY,0.021453
paging,q22,3,MERGE_SORT,0.007822
paging,q22,3,MERGE_SORT,0.010906
paging,q22,3,NESTED_LOOP_JOIN,0.924327
paging,q22,3,NESTED_LOOP_JOIN,1.24135
paging,q22,3,ORDER_BY,0.203737
paging,q22,3,ORDER_BY,0.315014
paging,q22,3,PARTITION,0.21603799999999998
paging,q22,3,PARTITION,0.22606199999999999
paging,q22,3,PROJECTION,0.46534200000000003
paging,q22,3,PROJECTION,0.472462
paging,q22,3,RESULT_COLLECTOR,0.31025
paging,q22,3,RESULT_COLLECTOR,0.149892
paging,q22,3,RIGHT_DELIM_JOIN,0.668081
paging,q22,3,RIGHT_DELIM_JOIN,0.80005
paging,q22,3,SORT_PARTITION,0.007048
paging,q22,3,SORT_PARTITION,0.007867
paging,q22,3,SORT_SAMPLE,0.010548
paging,q22,3,SORT_SAMPLE,0.011244
paging,q22,3,UNGROUPED_AGGREGATE,0.433902
paging,q22,3,UNGROUPED_AGGREGATE,0.427711
paging,q22,4,CONCAT,0.09917099999999998
paging,q22,4,CONCAT,0.067835
paging,q22,4,GPU_SCAN,299.28918899999996
paging,q22,4,GPU_SCAN,302.409203
paging,q22,4,HASH_GROUP_BY,0.564095
paging,q22,4,HASH_GROUP_BY,0.513306
paging,q22,4,HASH_JOIN,29.425743999999998
paging,q22,4,HASH_JOIN,28.082249
paging,q22,4,MERGE_AGGREGATE,0.31686800000000004
paging,q22,4,MERGE_AGGREGATE,0.06597599999999999
paging,q22,4,MERGE_GROUP_BY,0.031688
paging,q22,4,MERGE_GROUP_BY,0.041622
paging,q22,4,MERGE_SORT,0.006453
paging,q22,4,MERGE_SORT,0.006257
paging,q22,4,NESTED_LOOP_JOIN,0.939123
paging,q22,4,NESTED_LOOP_JOIN,1.254698
paging,q22,4,ORDER_BY,0.152866
paging,q22,4,ORDER_BY,0.154921
paging,q22,4,PARTITION,0.090179
paging,q22,4,PARTITION,0.149819
paging,q22,4,PROJECTION,0.360938
paging,q22,4,PROJECTION,0.322757
paging,q22,4,RESULT_COLLECTOR,0.089965
paging,q22,4,RESULT_COLLECTOR,0.232371
paging,q22,4,RIGHT_DELIM_JOIN,0.65061
paging,q22,4,RIGHT_DELIM_JOIN,0.611877
paging,q22,4,SORT_PARTITION,0.006383
paging,q22,4,SORT_PARTITION,0.004801
paging,q22,4,SORT_SAMPLE,0.006567
paging,q22,4,SORT_SAMPLE,0.007908
paging,q22,4,UNGROUPED_AGGREGATE,0.624212
paging,q22,4,UNGROUPED_AGGREGATE,0.313116
paging,q22,5,CONCAT,0.122646
paging,q22,5,CONCAT,0.105739
paging,q22,5,GPU_SCAN,305.81692
paging,q22,5,GPU_SCAN,304.527396
paging,q22,5,HASH_GROUP_BY,0.690418
paging,q22,5,HASH_GROUP_BY,0.570692
paging,q22,5,HASH_JOIN,30.063831
paging,q22,5,HASH_JOIN,28.104861
paging,q22,5,MERGE_AGGREGATE,0.08237
paging,q22,5,MERGE_AGGREGATE,0.177813
paging,q22,5,MERGE_GROUP_BY,0.021071
paging,q22,5,MERGE_GROUP_BY,0.059258
paging,q22,5,MERGE_SORT,0.00755
paging,q22,5,MERGE_SORT,0.026451
paging,q22,5,NESTED_LOOP_JOIN,0.962542
paging,q22,5,NESTED_LOOP_JOIN,1.294796
paging,q22,5,ORDER_BY,0.191275
paging,q22,5,ORDER_BY,0.524345
paging,q22,5,PARTITION,0.17755800000000002
paging,q22,5,PARTITION,0.07466999999999999
paging,q22,5,PROJECTION,0.744835
paging,q22,5,PROJECTION,0.420072
paging,q22,5,RESULT_COLLECTOR,0.113551
paging,q22,5,RESULT_COLLECTOR,0.238688
paging,q22,5,RIGHT_DELIM_JOIN,0.656432
paging,q22,5,RIGHT_DELIM_JOIN,0.623365
paging,q22,5,SORT_PARTITION,0.007113
paging,q22,5,SORT_PARTITION,0.0225
paging,q22,5,SORT_SAMPLE,0.007236
paging,q22,5,SORT_SAMPLE,0.027179
paging,q22,5,UNGROUPED_AGGREGATE,0.812137
paging,q22,5,UNGROUPED_AGGREGATE,0.882485
