condition,query,execution,operator_kind,duration_ms
paging,q1,1,GPU_SCAN,6581.192111
paging,q1,1,GPU_SCAN,6218.247508
paging,q1,1,GPU_SCAN,6311.408250999998
paging,q1,1,HASH_GROUP_BY,684.584685
paging,q1,1,HASH_GROUP_BY,657.3686940000001
paging,q1,1,HASH_GROUP_BY,657.069712
paging,q1,1,MERGE_GROUP_BY,1.300022
paging,q1,1,MERGE_GROUP_BY,1.248077
paging,q1,1,MERGE_GROUP_BY,2.883007
paging,q1,1,MERGE_SORT,0.938751
paging,q1,1,MERGE_SORT,1.621776
paging,q1,1,MERGE_SORT,1.485521
paging,q1,1,ORDER_BY,0.490011
paging,q1,1,ORDER_BY,0.741753
paging,q1,1,ORDER_BY,0.692596
paging,q1,1,PARTITION,0.480402
paging,q1,1,PARTITION,0.937175
paging,q1,1,PARTITION,0.48952300000000004
paging,q1,1,PROJECTION,97.86824
paging,q1,1,PROJECTION,85.834711
paging,q1,1,PROJECTION,80.63123899999997
paging,q1,1,RESULT_COLLECTOR,0.178079
paging,q1,1,RESULT_COLLECTOR,0.149186
paging,q1,1,RESULT_COLLECTOR,0.169986
paging,q1,1,SORT_PARTITION,0.971052
paging,q1,1,SORT_PARTITION,1.035819
paging,q1,1,SORT_PARTITION,0.544893
paging,q1,1,SORT_SAMPLE,0.594601
paging,q1,1,SORT_SAMPLE,0.274597
paging,q1,1,SORT_SAMPLE,0.207022
paging,q1,2,GPU_SCAN,4375.899882999999
paging,q1,2,GPU_SCAN,4262.710569999999
paging,q1,2,GPU_SCAN,4168.98049
paging,q1,2,HASH_GROUP_BY,685.4671160000001
paging,q1,2,HASH_GROUP_BY,658.439483
paging,q1,2,HASH_GROUP_BY,694.159646
paging,q1,2,MERGE_GROUP_BY,1.255817
paging,q1,2,MERGE_GROUP_BY,2.472107
paging,q1,2,MERGE_GROUP_BY,1.257782
paging,q1,2,MERGE_SORT,1.41318
paging,q1,2,MERGE_SORT,0.906584
paging,q1,2,MERGE_SORT,2.790741
paging,q1,2,ORDER_BY,0.421332
paging,q1,2,ORDER_BY,0.410108
paging,q1,2,ORDER_BY,1.091622
paging,q1,2,PARTITION,0.50348
paging,q1,2,PARTITION,0.8435529999999999
paging,q1,2,PARTITION,0.4520799999999999
paging,q1,2,PROJECTION,91.34908200000002
paging,q1,2,PROJECTION,89.163187
paging,q1,2,PROJECTION,84.624882
paging,q1,2,RESULT_COLLECTOR,0.151079
paging,q1,2,RESULT_COLLECTOR,0.146013
paging,q1,2,RESULT_COLLECTOR,0.159426
paging,q1,2,SORT_PARTITION,1.090497
paging,q1,2,SORT_PARTITION,1.207962
paging,q1,2,SORT_PARTITION,0.558654
paging,q1,2,SORT_SAMPLE,0.41726
paging,q1,2,SORT_SAMPLE,0.464172
paging,q1,2,SORT_SAMPLE,0.240245
paging,q1,3,GPU_SCAN,4190.286479999999
paging,q1,3,GPU_SCAN,4562.0200620000005
paging,q1,3,GPU_SCAN,4132.615271999999
paging,q1,3,HASH_GROUP_BY,761.920388
paging,q1,3,HASH_GROUP_BY,715.3204380000001
paging,q1,3,HASH_GROUP_BY,724.055254
paging,q1,3,MERGE_GROUP_BY,1.92208
paging,q1,3,MERGE_GROUP_BY,1.349724
paging,q1,3,MERGE_GROUP_BY,1.262531
paging,q1,3,MERGE_SORT,3.010185
paging,q1,3,MERGE_SORT,2.344535
paging,q1,3,MERGE_SORT,1.680816
paging,q1,3,ORDER_BY,0.867695
paging,q1,3,ORDER_BY,0.843237
paging,q1,3,ORDER_BY,0.835224
paging,q1,3,PARTITION,1.045194
paging,q1,3,PARTITION,0.7914469999999998
paging,q1,3,PARTITION,0.9284650000000002
paging,q1,3,PROJECTION,107.19387299999998
paging,q1,3,PROJECTION,124.62834100000002
paging,q1,3,PROJECTION,105.50790000000003
paging,q1,3,RESULT_COLLECTOR,0.153239
paging,q1,3,RESULT_COLLECTOR,0.13989
paging,q1,3,RESULT_COLLECTOR,0.143943
paging,q1,3,SORT_PARTITION,0.549501
paging,q1,3,SORT_PARTITION,0.93586
paging,q1,3,SORT_PARTITION,1.081242
paging,q1,3,SORT_SAMPLE,0.204114
paging,q1,3,SORT_SAMPLE,0.34954
paging,q1,3,SORT_SAMPLE,0.391303
paging,q1,4,GPU_SCAN,4162.00353
paging,q1,4,GPU_SCAN,4184.007732
paging,q1,4,GPU_SCAN,4205.42225
paging,q1,4,HASH_GROUP_BY,650.9680109999999
paging,q1,4,HASH_GROUP_BY,714.5694759999999
paging,q1,4,HASH_GROUP_BY,772.1612959999999
paging,q1,4,MERGE_GROUP_BY,1.422804
paging,q1,4,MERGE_GROUP_BY,1.224172
paging,q1,4,MERGE_GROUP_BY,1.245156
paging,q1,4,MERGE_SORT,0.921367
paging,q1,4,MERGE_SORT,1.611603
paging,q1,4,MERGE_SORT,0.979653
paging,q1,4,ORDER_BY,0.743688
paging,q1,4,ORDER_BY,0.48893
paging,q1,4,ORDER_BY,0.917451
paging,q1,4,PARTITION,0.477643
paging,q1,4,PARTITION,0.378798
paging,q1,4,PARTITION,1.073121
paging,q1,4,PROJECTION,85.67588499999998
paging,q1,4,PROJECTION,120.93120999999998
paging,q1,4,PROJECTION,103.472501
paging,q1,4,RESULT_COLLECTOR,0.197892
paging,q1,4,RESULT_COLLECTOR,0.212493
paging,q1,4,RESULT_COLLECTOR,0.133888
paging,q1,4,SORT_PARTITION,0.945457
paging,q1,4,SORT_PARTITION,0.540295
paging,q1,4,SORT_PARTITION,1.083389
paging,q1,4,SORT_SAMPLE,0.377612
paging,q1,4,SORT_SAMPLE,0.239617
paging,q1,4,SORT_SAMPLE,0.405675
paging,q1,5,GPU_SCAN,4463.655922
paging,q1,5,GPU_SCAN,4001.7639169999998
paging,q1,5,GPU_SCAN,4034.5585129999995
paging,q1,5,HASH_GROUP_BY,795.8414510000001
paging,q1,5,HASH_GROUP_BY,687.468579
paging,q1,5,HASH_GROUP_BY,679.829681
paging,q1,5,MERGE_GROUP_BY,2.381967
paging,q1,5,MERGE_GROUP_BY,2.238188
paging,q1,5,MERGE_GROUP_BY,2.095851
paging,q1,5,MERGE_SORT,2.526818
paging,q1,5,MERGE_SORT,2.462773
paging,q1,5,MERGE_SORT,2.913259
paging,q1,5,ORDER_BY,0.919085
paging,q1,5,ORDER_BY,0.915251
paging,q1,5,ORDER_BY,1.050876
paging,q1,5,PARTITION,0.4489890000000001
paging,q1,5,PARTITION,0.812063
paging,q1,5,PARTITION,0.720912
paging,q1,5,PROJECTION,99.85789300000002
paging,q1,5,PROJECTION,84.212548
paging,q1,5,PROJECTION,116.93072800000002
paging,q1,5,RESULT_COLLECTOR,0.154468
paging,q1,5,RESULT_COLLECTOR,0.172625
paging,q1,5,RESULT_COLLECTOR,0.1564
paging,q1,5,SORT_PARTITION,0.547865
paging,q1,5,SORT_PARTITION,1.480984
paging,q1,5,SORT_PARTITION,0.551069
paging,q1,5,SORT_SAMPLE,0.205539
paging,q1,5,SORT_SAMPLE,0.460798
paging,q1,5,SORT_SAMPLE,0.213552
paging,q2,1,CONCAT,0.776261
paging,q2,1,CONCAT,0.688826
paging,q2,1,CONCAT,0.5804860000000001
paging,q2,1,DYNAMIC_FILTER,4.828407
paging,q2,1,DYNAMIC_FILTER,5.088433
paging,q2,1,DYNAMIC_FILTER,5.082705000000001
paging,q2,1,FILTER,0.614477
paging,q2,1,FILTER,0.749335
paging,q2,1,FILTER,0.741209
paging,q2,1,GPU_SCAN,742.7515129999999
paging,q2,1,GPU_SCAN,674.216811
paging,q2,1,GPU_SCAN,774.355891
paging,q2,1,HASH_GROUP_BY,0.390803
paging,q2,1,HASH_GROUP_BY,0.421118
paging,q2,1,HASH_GROUP_BY,0.400452
paging,q2,1,HASH_JOIN,6.7030590000000005
paging,q2,1,HASH_JOIN,9.654857
paging,q2,1,HASH_JOIN,6.891796000000001
paging,q2,1,LEFT_DELIM_JOIN,0.133945
paging,q2,1,LEFT_DELIM_JOIN,0.227538
paging,q2,1,LEFT_DELIM_JOIN,0.124881
paging,q2,1,MERGE_GROUP_BY,0.030459
paging,q2,1,MERGE_GROUP_BY,0.026699
paging,q2,1,MERGE_GROUP_BY,0.010804999999999999
paging,q2,1,MERGE_SORT,0.017326
paging,q2,1,MERGE_SORT,0.016518
paging,q2,1,MERGE_SORT,0.009701
paging,q2,1,ORDER_BY,1.266484
paging,q2,1,ORDER_BY,1.394092
paging,q2,1,ORDER_BY,1.380297
paging,q2,1,PARTITION,0.39816300000000004
paging,q2,1,PARTITION,0.332046
paging,q2,1,PARTITION,0.298188
paging,q2,1,PROJECTION,0.054568000000000005
paging,q2,1,PROJECTION,0.058698
paging,q2,1,PROJECTION,0.054731
paging,q2,1,RESULT_COLLECTOR,1.599392
paging,q2,1,RESULT_COLLECTOR,1.670366
paging,q2,1,RESULT_COLLECTOR,1.515383
paging,q2,1,SORT_PARTITION,0.011152
paging,q2,1,SORT_PARTITION,0.009196
paging,q2,1,SORT_PARTITION,0.009031
paging,q2,1,SORT_SAMPLE,0.018898
paging,q2,1,SORT_SAMPLE,0.012394
paging,q2,1,SORT_SAMPLE,0.016498
paging,q2,2,CONCAT,1.073799
paging,q2,2,CONCAT,1.0432499999999998
paging,q2,2,CONCAT,1.220575
paging,q2,2,DYNAMIC_FILTER,4.946652
paging,q2,2,DYNAMIC_FILTER,4.60071
paging,q2,2,DYNAMIC_FILTER,4.776984
paging,q2,2,FILTER,0.625599
paging,q2,2,FILTER,0.736726
paging,q2,2,FILTER,0.580299
paging,q2,2,GPU_SCAN,584.6161139999999
paging,q2,2,GPU_SCAN,283.573553
paging,q2,2,GPU_SCAN,581.96242
paging,q2,2,HASH_GROUP_BY,0.379538
paging,q2,2,HASH_GROUP_BY,0.394923
paging,q2,2,HASH_GROUP_BY,0.456145
paging,q2,2,HASH_JOIN,9.260022000000001
paging,q2,2,HASH_JOIN,9.823844
paging,q2,2,HASH_JOIN,11.548402
paging,q2,2,LEFT_DELIM_JOIN,0.142975
paging,q2,2,LEFT_DELIM_JOIN,0.30722
paging,q2,2,LEFT_DELIM_JOIN,0.318709
paging,q2,2,MERGE_GROUP_BY,0.015812
paging,q2,2,MERGE_GROUP_BY,0.017391999999999998
paging,q2,2,MERGE_GROUP_BY,0.020893
paging,q2,2,MERGE_SORT,0.016964
paging,q2,2,MERGE_SORT,0.014497
paging,q2,2,MERGE_SORT,0.014421
paging,q2,2,ORDER_BY,1.213732
paging,q2,2,ORDER_BY,1.361734
paging,q2,2,ORDER_BY,1.195817
paging,q2,2,PARTITION,0.426076
paging,q2,2,PARTITION,0.4372289999999999
paging,q2,2,PARTITION,0.4533930000000001
paging,q2,2,PROJECTION,0.057228
paging,q2,2,PROJECTION,0.06291
paging,q2,2,PROJECTION,0.083429
paging,q2,2,RESULT_COLLECTOR,1.56723
paging,q2,2,RESULT_COLLECTOR,1.823244
paging,q2,2,RESULT_COLLECTOR,1.344886
paging,q2,2,SORT_PARTITION,0.014016
paging,q2,2,SORT_PARTITION,0.009471
paging,q2,2,SORT_PARTITION,0.009215
paging,q2,2,SORT_SAMPLE,0.021438
paging,q2,2,SORT_SAMPLE,0.013008
paging,q2,2,SORT_SAMPLE,0.012491
paging,q2,3,CONCAT,0.8941459999999999
paging,q2,3,CONCAT,0.659169
paging,q2,3,CONCAT,0.6851570000000001
paging,q2,3,DYNAMIC_FILTER,4.581691
paging,q2,3,DYNAMIC_FILTER,4.691856
paging,q2,3,DYNAMIC_FILTER,4.590676
paging,q2,3,FILTER,0.641114
paging,q2,3,FILTER,0.666357
paging,q2,3,FILTER,0.838596
paging,q2,3,GPU_SCAN,300.23302
paging,q2,3,GPU_SCAN,496.883744
paging,q2,3,GPU_SCAN,419.968163
paging,q2,3,HASH_GROUP_BY,0.3209
paging,q2,3,HASH_GROUP_BY,0.400227
paging,q2,3,HASH_GROUP_BY,0.542589
paging,q2,3,HASH_JOIN,8.118904
paging,q2,3,HASH_JOIN,7.790901999999999
paging,q2,3,HASH_JOIN,8.567250000000001
paging,q2,3,LEFT_DELIM_JOIN,0.152205
paging,q2,3,LEFT_DELIM_JOIN,0.171972
paging,q2,3,LEFT_DELIM_JOIN,0.197876
paging,q2,3,MERGE_GROUP_BY,0.015005999999999999
paging,q2,3,MERGE_GROUP_BY,0.013358
paging,q2,3,MERGE_GROUP_BY,0.021492999999999998
paging,q2,3,MERGE_SORT,0.014125
paging,q2,3,MERGE_SORT,0.010287
paging,q2,3,MERGE_SORT,0.014399
paging,q2,3,ORDER_BY,1.212941
paging,q2,3,ORDER_BY,1.266498
paging,q2,3,ORDER_BY,1.218911
paging,q2,3,PARTITION,0.346403
paging,q2,3,PARTITION,0.44016999999999995
paging,q2,3,PARTITION,0.293123
paging,q2,3,PROJECTION,0.044899999999999995
paging,q2,3,PROJECTION,0.052591
paging,q2,3,PROJECTION,0.060359
paging,q2,3,RESULT_COLLECTOR,1.435371
paging,q2,3,RESULT_COLLECTOR,1.588575
paging,q2,3,RESULT_COLLECTOR,1.54312
paging,q2,3,SORT_PARTITION,0.009273
paging,q2,3,SORT_PARTITION,0.010097
paging,q2,3,SORT_PARTITION,0.010246
paging,q2,3,SORT_SAMPLE,0.020601
paging,q2,3,SORT_SAMPLE,0.014324
paging,q2,3,SORT_SAMPLE,0.014561
paging,q2,4,CONCAT,1.1494
paging,q2,4,CONCAT,1.160223
paging,q2,4,CONCAT,1.52154
paging,q2,4,DYNAMIC_FILTER,4.7858220000000005
paging,q2,4,DYNAMIC_FILTER,4.7675909999999995
paging,q2,4,DYNAMIC_FILTER,4.558929
paging,q2,4,FILTER,0.598818
paging,q2,4,FILTER,0.573957
paging,q2,4,FILTER,0.97221
paging,q2,4,GPU_SCAN,444.948299
paging,q2,4,GPU_SCAN,357.27023299999996
paging,q2,4,GPU_SCAN,385.20180600000003
paging,q2,4,HASH_GROUP_BY,0.395126
paging,q2,4,HASH_GROUP_BY,0.648234
paging,q2,4,HASH_GROUP_BY,0.52413
paging,q2,4,HASH_JOIN,10.585569
paging,q2,4,HASH_JOIN,10.212482
paging,q2,4,HASH_JOIN,11.570822999999997
paging,q2,4,LEFT_DELIM_JOIN,0.301368
paging,q2,4,LEFT_DELIM_JOIN,0.234781
paging,q2,4,LEFT_DELIM_JOIN,0.249049
paging,q2,4,MERGE_GROUP_BY,0.028052
paging,q2,4,MERGE_GROUP_BY,0.025609
paging,q2,4,MERGE_GROUP_BY,0.011765000000000001
paging,q2,4,MERGE_SORT,0.013146
paging,q2,4,MERGE_SORT,0.010049
paging,q2,4,MERGE_SORT,0.062194
paging,q2,4,ORDER_BY,1.184757
paging,q2,4,ORDER_BY,1.18664
paging,q2,4,ORDER_BY,1.150803
paging,q2,4,PARTITION,0.3598670000000001
paging,q2,4,PARTITION,0.3849380000000001
paging,q2,4,PARTITION,0.373414
paging,q2,4,PROJECTION,0.056204000000000004
paging,q2,4,PROJECTION,0.09919900000000001
paging,q2,4,PROJECTION,0.06145200000000001
paging,q2,4,RESULT_COLLECTOR,2.276041
paging,q2,4,RESULT_COLLECTOR,1.432709
paging,q2,4,RESULT_COLLECTOR,1.722202
paging,q2,4,SORT_PARTITION,0.009555
paging,q2,4,SORT_PARTITION,0.008331
paging,q2,4,SORT_PARTITION,0.00975
paging,q2,4,SORT_SAMPLE,0.014512
paging,q2,4,SORT_SAMPLE,0.010881
paging,q2,4,SORT_SAMPLE,0.014502
paging,q2,5,CONCAT,1.0293160000000001
paging,q2,5,CONCAT,1.352083
paging,q2,5,CONCAT,1.518877
paging,q2,5,DYNAMIC_FILTER,4.882823999999999
paging,q2,5,DYNAMIC_FILTER,4.903951999999999
paging,q2,5,DYNAMIC_FILTER,4.713303
paging,q2,5,FILTER,0.811656
paging,q2,5,FILTER,0.592907
paging,q2,5,FILTER,0.598706
paging,q2,5,GPU_SCAN,418.69372000000004
paging,q2,5,GPU_SCAN,310.01796
paging,q2,5,GPU_SCAN,442.614355
paging,q2,5,HASH_GROUP_BY,0.457272
paging,q2,5,HASH_GROUP_BY,0.510571
paging,q2,5,HASH_GROUP_BY,0.328029
paging,q2,5,HASH_JOIN,8.622508
paging,q2,5,HASH_JOIN,10.861319
paging,q2,5,HASH_JOIN,11.333355000000001
paging,q2,5,LEFT_DELIM_JOIN,0.179905
paging,q2,5,LEFT_DELIM_JOIN,0.216994
paging,q2,5,LEFT_DELIM_JOIN,0.254887
paging,q2,5,MERGE_GROUP_BY,0.023371
paging,q2,5,MERGE_GROUP_BY,0.017776
paging,q2,5,MERGE_GROUP_BY,0.021089
paging,q2,5,MERGE_SORT,0.037417
paging,q2,5,MERGE_SORT,0.012917
paging,q2,5,MERGE_SORT,0.012496
paging,q2,5,ORDER_BY,1.209394
paging,q2,5,ORDER_BY,1.280149
paging,q2,5,ORDER_BY,1.257168
paging,q2,5,PARTITION,0.410855
paging,q2,5,PARTITION,0.513233
paging,q2,5,PARTITION,0.47162400000000004
paging,q2,5,PROJECTION,0.053147
paging,q2,5,PROJECTION,0.09325
paging,q2,5,PROJECTION,0.06915600000000001
paging,q2,5,RESULT_COLLECTOR,2.478767
paging,q2,5,RESULT_COLLECTOR,4.993789
paging,q2,5,RESULT_COLLECTOR,1.398206
paging,q2,5,SORT_PARTITION,0.009545
paging,q2,5,SORT_PARTITION,0.009781
paging,q2,5,SORT_PARTITION,0.009842
paging,q2,5,SORT_SAMPLE,0.012584
paging,q2,5,SORT_SAMPLE,0.016434
paging,q2,5,SORT_SAMPLE,0.013339
paging,q3,1,CONCAT,4.1518120000000005
paging,q3,1,CONCAT,3.4535699999999996
paging,q3,1,CONCAT,3.709276
paging,q3,1,DYNAMIC_FILTER,12.209355
paging,q3,1,DYNAMIC_FILTER,13.288433
paging,q3,1,DYNAMIC_FILTER,13.940786000000001
paging,q3,1,GPU_SCAN,4916.423844000001
paging,q3,1,GPU_SCAN,4672.254409000001
paging,q3,1,GPU_SCAN,3841.5263369999993
paging,q3,1,HASH_GROUP_BY,0.974802
paging,q3,1,HASH_GROUP_BY,0.977467
paging,q3,1,HASH_GROUP_BY,1.339183
paging,q3,1,HASH_JOIN,6.111758999999999
paging,q3,1,HASH_JOIN,6.361098
paging,q3,1,HASH_JOIN,6.39448
paging,q3,1,MERGE_GROUP_BY,0.008277
paging,q3,1,MERGE_GROUP_BY,0.01904
paging,q3,1,MERGE_GROUP_BY,0.026627
paging,q3,1,MERGE_SORT,0.208967
paging,q3,1,MERGE_SORT,0.239714
paging,q3,1,MERGE_SORT,0.18364
paging,q3,1,ORDER_BY,1.483448
paging,q3,1,ORDER_BY,1.492768
paging,q3,1,ORDER_BY,1.376272
paging,q3,1,PARTITION,0.21799299999999994
paging,q3,1,PARTITION,0.269889
paging,q3,1,PARTITION,0.25532000000000005
paging,q3,1,PROJECTION,0.23508199999999999
paging,q3,1,PROJECTION,0.228045
paging,q3,1,PROJECTION,0.246709
paging,q3,1,RESULT_COLLECTOR,3.261058
paging,q3,1,RESULT_COLLECTOR,8.072489
paging,q3,1,RESULT_COLLECTOR,5.478301
paging,q3,1,SORT_PARTITION,0.195451
paging,q3,1,SORT_PARTITION,0.293146
paging,q3,1,SORT_PARTITION,0.214724
paging,q3,1,SORT_SAMPLE,0.046486
paging,q3,1,SORT_SAMPLE,0.100176
paging,q3,1,SORT_SAMPLE,0.060127
paging,q3,2,CONCAT,3.7626649999999997
paging,q3,2,CONCAT,3.5675990000000004
paging,q3,2,CONCAT,3.35011
paging,q3,2,DYNAMIC_FILTER,16.329491
paging,q3,2,DYNAMIC_FILTER,12.586288999999999
paging,q3,2,DYNAMIC_FILTER,13.587739
paging,q3,2,GPU_SCAN,4225.225382
paging,q3,2,GPU_SCAN,3644.3801649999996
paging,q3,2,GPU_SCAN,3152.1899289999997
paging,q3,2,HASH_GROUP_BY,0.905007
paging,q3,2,HASH_GROUP_BY,1.08628
paging,q3,2,HASH_GROUP_BY,0.831045
paging,q3,2,HASH_JOIN,5.922279
paging,q3,2,HASH_JOIN,6.032443
paging,q3,2,HASH_JOIN,6.0603370000000005
paging,q3,2,MERGE_GROUP_BY,0.025406
paging,q3,2,MERGE_GROUP_BY,0.049991
paging,q3,2,MERGE_GROUP_BY,0.028577
paging,q3,2,MERGE_SORT,0.224899
paging,q3,2,MERGE_SORT,0.177426
paging,q3,2,MERGE_SORT,0.168296
paging,q3,2,ORDER_BY,1.444011
paging,q3,2,ORDER_BY,1.373379
paging,q3,2,ORDER_BY,1.323628
paging,q3,2,PARTITION,0.30905799999999994
paging,q3,2,PARTITION,0.21218500000000004
paging,q3,2,PARTITION,0.27283999999999997
paging,q3,2,PROJECTION,0.196769
paging,q3,2,PROJECTION,0.22947299999999998
paging,q3,2,PROJECTION,0.23138099999999998
paging,q3,2,RESULT_COLLECTOR,4.128734
paging,q3,2,RESULT_COLLECTOR,3.579318
paging,q3,2,RESULT_COLLECTOR,4.765778
paging,q3,2,SORT_PARTITION,0.191676
paging,q3,2,SORT_PARTITION,0.199404
paging,q3,2,SORT_PARTITION,0.180754
paging,q3,2,SORT_SAMPLE,0.035754
paging,q3,2,SORT_SAMPLE,0.092905
paging,q3,2,SORT_SAMPLE,0.036002
paging,q3,3,CONCAT,3.7191500000000004
paging,q3,3,CONCAT,3.8655109999999997
paging,q3,3,CONCAT,3.1198029999999997
paging,q3,3,DYNAMIC_FILTER,18.549269999999996
paging,q3,3,DYNAMIC_FILTER,13.290340999999998
paging,q3,3,DYNAMIC_FILTER,14.188816
paging,q3,3,GPU_SCAN,3594.1824400000005
paging,q3,3,GPU_SCAN,3543.864518
paging,q3,3,GPU_SCAN,3093.729134
paging,q3,3,HASH_GROUP_BY,0.863082
paging,q3,3,HASH_GROUP_BY,0.993868
paging,q3,3,HASH_GROUP_BY,0.829491
paging,q3,3,HASH_JOIN,5.965344
paging,q3,3,HASH_JOIN,6.088303
paging,q3,3,HASH_JOIN,5.766724
paging,q3,3,MERGE_GROUP_BY,0.006672
paging,q3,3,MERGE_GROUP_BY,0.024586
paging,q3,3,MERGE_GROUP_BY,0.018212
paging,q3,3,MERGE_SORT,0.172126
paging,q3,3,MERGE_SORT,0.202613
paging,q3,3,MERGE_SORT,0.153379
paging,q3,3,ORDER_BY,1.393128
paging,q3,3,ORDER_BY,1.355365
paging,q3,3,ORDER_BY,1.294296
paging,q3,3,PARTITION,0.125396
paging,q3,3,PARTITION,0.240819
paging,q3,3,PARTITION,0.35505600000000004
paging,q3,3,PROJECTION,0.184521
paging,q3,3,PROJECTION,0.209463
paging,q3,3,PROJECTION,0.17543399999999998
paging,q3,3,RESULT_COLLECTOR,2.500364
paging,q3,3,RESULT_COLLECTOR,4.082875
paging,q3,3,RESULT_COLLECTOR,6.929735
paging,q3,3,SORT_PARTITION,0.170356
paging,q3,3,SORT_PARTITION,0.195282
paging,q3,3,SORT_PARTITION,0.173831
paging,q3,3,SORT_SAMPLE,0.03174
paging,q3,3,SORT_SAMPLE,0.043861
paging,q3,3,SORT_SAMPLE,0.031024
paging,q3,4,CONCAT,3.55164
paging,q3,4,CONCAT,3.709101
paging,q3,4,CONCAT,3.7515909999999995
paging,q3,4,DYNAMIC_FILTER,11.018826999999998
paging,q3,4,DYNAMIC_FILTER,16.617183999999998
paging,q3,4,DYNAMIC_FILTER,15.931745000000003
paging,q3,4,GPU_SCAN,3980.10622
paging,q3,4,GPU_SCAN,3470.818052
paging,q3,4,GPU_SCAN,3682.7340269999995
paging,q3,4,HASH_GROUP_BY,0.943068
paging,q3,4,HASH_GROUP_BY,0.957599
paging,q3,4,HASH_GROUP_BY,1.000782
paging,q3,4,HASH_JOIN,6.0149360000000005
paging,q3,4,HASH_JOIN,6.171168
paging,q3,4,HASH_JOIN,6.275307
paging,q3,4,MERGE_GROUP_BY,0.024933
paging,q3,4,MERGE_GROUP_BY,0.027911
paging,q3,4,MERGE_GROUP_BY,0.006891
paging,q3,4,MERGE_SORT,0.164524
paging,q3,4,MERGE_SORT,0.181031
paging,q3,4,MERGE_SORT,0.17553
paging,q3,4,ORDER_BY,1.318082
paging,q3,4,ORDER_BY,1.368599
paging,q3,4,ORDER_BY,1.439579
paging,q3,4,PARTITION,0.18779200000000001
paging,q3,4,PARTITION,0.281891
paging,q3,4,PARTITION,0.21207399999999996
paging,q3,4,PROJECTION,0.18098699999999998
paging,q3,4,PROJECTION,0.18687800000000002
paging,q3,4,PROJECTION,0.207337
paging,q3,4,RESULT_COLLECTOR,4.095359
paging,q3,4,RESULT_COLLECTOR,4.534763
paging,q3,4,RESULT_COLLECTOR,2.80298
paging,q3,4,SORT_PARTITION,0.166514
paging,q3,4,SORT_PARTITION,0.178594
paging,q3,4,SORT_PARTITION,0.183639
paging,q3,4,SORT_SAMPLE,0.032318
paging,q3,4,SORT_SAMPLE,0.037862
paging,q3,4,SORT_SAMPLE,0.03853
paging,q3,5,CONCAT,3.801436
paging,q3,5,CONCAT,3.589359
paging,q3,5,CONCAT,3.716157
paging,q3,5,DYNAMIC_FILTER,20.960856999999997
paging,q3,5,DYNAMIC_FILTER,11.724593999999998
paging,q3,5,DYNAMIC_FILTER,16.300904999999997
paging,q3,5,GPU_SCAN,4442.4956919999995
paging,q3,5,GPU_SCAN,3346.113529999999
paging,q3,5,GPU_SCAN,3803.6289720000004
paging,q3,5,HASH_GROUP_BY,0.927217
paging,q3,5,HASH_GROUP_BY,0.938269
paging,q3,5,HASH_GROUP_BY,0.938663
paging,q3,5,HASH_JOIN,6.073572
paging,q3,5,HASH_JOIN,5.943162
paging,q3,5,HASH_JOIN,6.071835
paging,q3,5,MERGE_GROUP_BY,0.025833
paging,q3,5,MERGE_GROUP_BY,0.008806
paging,q3,5,MERGE_GROUP_BY,0.025579
paging,q3,5,MERGE_SORT,0.194702
paging,q3,5,MERGE_SORT,0.169552
paging,q3,5,MERGE_SORT,0.205081
paging,q3,5,ORDER_BY,1.447232
paging,q3,5,ORDER_BY,1.32696
paging,q3,5,ORDER_BY,1.395445
paging,q3,5,PARTITION,0.283945
paging,q3,5,PARTITION,0.27195900000000006
paging,q3,5,PARTITION,0.21821499999999996
paging,q3,5,PROJECTION,0.19012099999999998
paging,q3,5,PROJECTION,0.203556
paging,q3,5,PROJECTION,0.198876
paging,q3,5,RESULT_COLLECTOR,3.342996
paging,q3,5,RESULT_COLLECTOR,2.828995
paging,q3,5,RESULT_COLLECTOR,3.401086
paging,q3,5,SORT_PARTITION,0.188171
paging,q3,5,SORT_PARTITION,0.169697
paging,q3,5,SORT_PARTITION,0.185424
paging,q3,5,SORT_SAMPLE,0.038791
paging,q3,5,SORT_SAMPLE,0.03141
paging,q3,5,SORT_SAMPLE,0.039268
paging,q4,1,CONCAT,1.392889
paging,q4,1,CONCAT,1.2421200000000001
paging,q4,1,CONCAT,1.35005
paging,q4,1,DYNAMIC_FILTER,14.485188
paging,q4,1,DYNAMIC_FILTER,13.392732
paging,q4,1,DYNAMIC_FILTER,14.308708000000003
paging,q4,1,FILTER,9.635582
paging,q4,1,FILTER,3.6997109999999993
paging,q4,1,FILTER,3.1242350000000005
paging,q4,1,GPU_SCAN,2494.7601990000003
paging,q4,1,GPU_SCAN,2113.216865
paging,q4,1,GPU_SCAN,2734.762261
paging,q4,1,HASH_GROUP_BY,7.269553
paging,q4,1,HASH_GROUP_BY,2.147521
paging,q4,1,HASH_GROUP_BY,1.897836
paging,q4,1,HASH_JOIN,5.100167
paging,q4,1,HASH_JOIN,4.809052
paging,q4,1,HASH_JOIN,4.787942
paging,q4,1,LEFT_DELIM_JOIN,1.5949490000000002
paging,q4,1,LEFT_DELIM_JOIN,1.5227439999999999
paging,q4,1,LEFT_DELIM_JOIN,1.63256
paging,q4,1,MERGE_GROUP_BY,1.930509
paging,q4,1,MERGE_GROUP_BY,1.8218180000000002
paging,q4,1,MERGE_GROUP_BY,1.8345550000000002
paging,q4,1,MERGE_SORT,0.010762
paging,q4,1,MERGE_SORT,0.006517
paging,q4,1,MERGE_SORT,0.012783
paging,q4,1,ORDER_BY,0.164024
paging,q4,1,ORDER_BY,0.163337
paging,q4,1,ORDER_BY,0.190802
paging,q4,1,PARTITION,0.205739
paging,q4,1,PARTITION,0.14504999999999998
paging,q4,1,PARTITION,0.158083
paging,q4,1,PROJECTION,0.010957
paging,q4,1,PROJECTION,0.011324
paging,q4,1,PROJECTION,0.017203
paging,q4,1,RESULT_COLLECTOR,0.565613
paging,q4,1,RESULT_COLLECTOR,0.217719
paging,q4,1,RESULT_COLLECTOR,0.182693
paging,q4,1,SORT_PARTITION,0.008274
paging,q4,1,SORT_PARTITION,0.006265
paging,q4,1,SORT_PARTITION,0.00874
paging,q4,1,SORT_SAMPLE,0.016474
paging,q4,1,SORT_SAMPLE,0.009661
paging,q4,1,SORT_SAMPLE,0.011135
paging,q4,2,CONCAT,1.231297
paging,q4,2,CONCAT,1.250311
paging,q4,2,CONCAT,1.313733
paging,q4,2,DYNAMIC_FILTER,11.084459
paging,q4,2,DYNAMIC_FILTER,15.266623000000001
paging,q4,2,DYNAMIC_FILTER,15.426993
paging,q4,2,FILTER,2.6132210000000002
paging,q4,2,FILTER,3.2361000000000004
paging,q4,2,FILTER,3.351928
paging,q4,2,GPU_SCAN,2622.203353
paging,q4,2,GPU_SCAN,2086.8428329999997
paging,q4,2,GPU_SCAN,2344.046849
paging,q4,2,HASH_GROUP_BY,1.684089
paging,q4,2,HASH_GROUP_BY,1.626255
paging,q4,2,HASH_GROUP_BY,1.973543
paging,q4,2,HASH_JOIN,4.75473
paging,q4,2,HASH_JOIN,4.496397
paging,q4,2,HASH_JOIN,4.810697
paging,q4,2,LEFT_DELIM_JOIN,2.866307
paging,q4,2,LEFT_DELIM_JOIN,2.611998
paging,q4,2,LEFT_DELIM_JOIN,2.92493
paging,q4,2,MERGE_GROUP_BY,1.824807
paging,q4,2,MERGE_GROUP_BY,1.761834
paging,q4,2,MERGE_GROUP_BY,1.8599379999999999
paging,q4,2,MERGE_SORT,0.009791
paging,q4,2,MERGE_SORT,0.006301
paging,q4,2,MERGE_SORT,0.008113
paging,q4,2,ORDER_BY,0.178049
paging,q4,2,ORDER_BY,0.173356
paging,q4,2,ORDER_BY,0.19894
paging,q4,2,PARTITION,0.17191800000000002
paging,q4,2,PARTITION,0.17969599999999997
paging,q4,2,PARTITION,0.21625299999999997
paging,q4,2,PROJECTION,0.017157
paging,q4,2,PROJECTION,0.010274
paging,q4,2,PROJECTION,0.012308
paging,q4,2,RESULT_COLLECTOR,0.112236
paging,q4,2,RESULT_COLLECTOR,0.084861
paging,q4,2,RESULT_COLLECTOR,0.115585
paging,q4,2,SORT_PARTITION,0.005829
paging,q4,2,SORT_PARTITION,0.005762
paging,q4,2,SORT_PARTITION,0.008442
paging,q4,2,SORT_SAMPLE,0.009783
paging,q4,2,SORT_SAMPLE,0.009155
paging,q4,2,SORT_SAMPLE,0.008168
paging,q4,3,CONCAT,1.264877
paging,q4,3,CONCAT,1.270855
paging,q4,3,CONCAT,1.6079150000000002
paging,q4,3,DYNAMIC_FILTER,14.436596999999999
paging,q4,3,DYNAMIC_FILTER,19.922810000000002
paging,q4,3,DYNAMIC_FILTER,18.772850000000002
paging,q4,3,FILTER,3.8532100000000002
paging,q4,3,FILTER,5.572158
paging,q4,3,FILTER,4.544656
paging,q4,3,GPU_SCAN,2420.987726
paging,q4,3,GPU_SCAN,2109.509829
paging,q4,3,GPU_SCAN,2368.342096
paging,q4,3,HASH_GROUP_BY,2.538454
paging,q4,3,HASH_GROUP_BY,1.860246
paging,q4,3,HASH_GROUP_BY,2.558481
paging,q4,3,HASH_JOIN,4.722582
paging,q4,3,HASH_JOIN,4.719081
paging,q4,3,HASH_JOIN,4.980206
paging,q4,3,LEFT_DELIM_JOIN,2.76477
paging,q4,3,LEFT_DELIM_JOIN,2.688405
paging,q4,3,LEFT_DELIM_JOIN,2.992439
paging,q4,3,MERGE_GROUP_BY,1.869061
paging,q4,3,MERGE_GROUP_BY,1.7879589999999999
paging,q4,3,MERGE_GROUP_BY,1.855407
paging,q4,3,MERGE_SORT,0.010959
paging,q4,3,MERGE_SORT,0.00945
paging,q4,3,MERGE_SORT,0.006266
paging,q4,3,ORDER_BY,0.187459
paging,q4,3,ORDER_BY,0.209272
paging,q4,3,ORDER_BY,0.565676
paging,q4,3,PARTITION,0.21971900000000003
paging,q4,3,PARTITION,0.218574
paging,q4,3,PARTITION,0.139093
paging,q4,3,PROJECTION,0.013818
paging,q4,3,PROJECTION,0.016159
paging,q4,3,PROJECTION,0.010175
paging,q4,3,RESULT_COLLECTOR,0.113171
paging,q4,3,RESULT_COLLECTOR,0.180572
paging,q4,3,RESULT_COLLECTOR,0.102808
paging,q4,3,SORT_PARTITION,0.024787
paging,q4,3,SORT_PARTITION,0.014298
paging,q4,3,SORT_PARTITION,0.005774
paging,q4,3,SORT_SAMPLE,0.031069
paging,q4,3,SORT_SAMPLE,0.012388
paging,q4,3,SORT_SAMPLE,0.009016
paging,q4,4,CONCAT,1.25166
paging,q4,4,CONCAT,1.431966
paging,q4,4,CONCAT,1.6897090000000001
paging,q4,4,DYNAMIC_FILTER,13.774685
paging,q4,4,DYNAMIC_FILTER,24.056888999999998
paging,q4,4,DYNAMIC_FILTER,12.407997
paging,q4,4,FILTER,3.200915
paging,q4,4,FILTER,5.885278
paging,q4,4,FILTER,4.653856
paging,q4,4,GPU_SCAN,2449.0623950000004
paging,q4,4,GPU_SCAN,2254.844067
paging,q4,4,GPU_SCAN,2043.142914
paging,q4,4,HASH_GROUP_BY,2.262635
paging,q4,4,HASH_GROUP_BY,2.16191
paging,q4,4,HASH_GROUP_BY,2.26116
paging,q4,4,HASH_JOIN,5.038959999999999
paging,q4,4,HASH_JOIN,4.877953
paging,q4,4,HASH_JOIN,5.155374
paging,q4,4,LEFT_DELIM_JOIN,2.7572609999999997
paging,q4,4,LEFT_DELIM_JOIN,2.694196
paging,q4,4,LEFT_DELIM_JOIN,1.955485
paging,q4,4,MERGE_GROUP_BY,1.8359779999999999
paging,q4,4,MERGE_GROUP_BY,1.765822
paging,q4,4,MERGE_GROUP_BY,1.83755
paging,q4,4,MERGE_SORT,0.008123
paging,q4,4,MERGE_SORT,0.007849
paging,q4,4,MERGE_SORT,0.007016
paging,q4,4,ORDER_BY,0.17358
paging,q4,4,ORDER_BY,0.190341
paging,q4,4,ORDER_BY,0.204506
paging,q4,4,PARTITION,0.204711
paging,q4,4,PARTITION,0.24412300000000003
paging,q4,4,PARTITION,0.29340499999999997
paging,q4,4,PROJECTION,0.012532
paging,q4,4,PROJECTION,0.013729
paging,q4,4,PROJECTION,0.014406
paging,q4,4,RESULT_COLLECTOR,0.117725
paging,q4,4,RESULT_COLLECTOR,0.135727
paging,q4,4,RESULT_COLLECTOR,0.208837
paging,q4,4,SORT_PARTITION,0.009126
paging,q4,4,SORT_PARTITION,0.012043
paging,q4,4,SORT_PARTITION,0.005832
paging,q4,4,SORT_SAMPLE,0.01417
paging,q4,4,SORT_SAMPLE,0.016967
paging,q4,4,SORT_SAMPLE,0.009341
paging,q4,5,CONCAT,1.2069679999999998
paging,q4,5,CONCAT,1.2703849999999999
paging,q4,5,CONCAT,1.370306
paging,q4,5,DYNAMIC_FILTER,18.398646
paging,q4,5,DYNAMIC_FILTER,20.565344
paging,q4,5,DYNAMIC_FILTER,16.585246
paging,q4,5,FILTER,3.958572
paging,q4,5,FILTER,5.024635999999999
paging,q4,5,FILTER,4.255925
paging,q4,5,GPU_SCAN,2475.1283040000003
paging,q4,5,GPU_SCAN,2599.079828
paging,q4,5,GPU_SCAN,1944.772691
paging,q4,5,HASH_GROUP_BY,1.670735
paging,q4,5,HASH_GROUP_BY,2.580598
paging,q4,5,HASH_GROUP_BY,1.832297
paging,q4,5,HASH_JOIN,4.705954
paging,q4,5,HASH_JOIN,5.0032879999999995
paging,q4,5,HASH_JOIN,4.854826
paging,q4,5,LEFT_DELIM_JOIN,2.9684299999999997
paging,q4,5,LEFT_DELIM_JOIN,2.654584
paging,q4,5,LEFT_DELIM_JOIN,2.6987259999999997
paging,q4,5,MERGE_GROUP_BY,1.898482
paging,q4,5,MERGE_GROUP_BY,1.761981
paging,q4,5,MERGE_GROUP_BY,1.867062
paging,q4,5,MERGE_SORT,0.006613
paging,q4,5,MERGE_SORT,0.008568
paging,q4,5,MERGE_SORT,0.011842
paging,q4,5,ORDER_BY,0.17917
paging,q4,5,ORDER_BY,0.169841
paging,q4,5,ORDER_BY,0.172027
paging,q4,5,PARTITION,0.197331
paging,q4,5,PARTITION,0.202603
paging,q4,5,PARTITION,0.222288
paging,q4,5,PROJECTION,0.010384
paging,q4,5,PROJECTION,0.011672
paging,q4,5,PROJECTION,0.017075
paging,q4,5,RESULT_COLLECTOR,0.130209
paging,q4,5,RESULT_COLLECTOR,0.098987
paging,q4,5,RESULT_COLLECTOR,0.122775
paging,q4,5,SORT_PARTITION,0.005639
paging,q4,5,SORT_PARTITION,0.005691
paging,q4,5,SORT_PARTITION,0.007115
paging,q4,5,SORT_SAMPLE,0.008908
paging,q4,5,SORT_SAMPLE,0.010923
paging,q4,5,SORT_SAMPLE,0.011914
paging,q5,1,CONCAT,1.9895490000000002
paging,q5,1,CONCAT,2.1240759999999996
paging,q5,1,CONCAT,2.1024730000000003
paging,q5,1,DYNAMIC_FILTER,14.088837
paging,q5,1,DYNAMIC_FILTER,15.508178000000001
paging,q5,1,DYNAMIC_FILTER,18.592548999999998
paging,q5,1,GPU_SCAN,6449.541630999999
paging,q5,1,GPU_SCAN,9223.022611
paging,q5,1,GPU_SCAN,9003.108534000003
paging,q5,1,HASH_GROUP_BY,0.595103
paging,q5,1,HASH_GROUP_BY,0.503238
paging,q5,1,HASH_GROUP_BY,0.979899
paging,q5,1,HASH_JOIN,11.245495000000002
paging,q5,1,HASH_JOIN,12.281163000000001
paging,q5,1,HASH_JOIN,11.770502
paging,q5,1,MERGE_GROUP_BY,0.006488
paging,q5,1,MERGE_GROUP_BY,0.007094
paging,q5,1,MERGE_GROUP_BY,0.008262
paging,q5,1,MERGE_SORT,0.272439
paging,q5,1,MERGE_SORT,0.773046
paging,q5,1,MERGE_SORT,0.302543
paging,q5,1,ORDER_BY,0.38634
paging,q5,1,ORDER_BY,0.214368
paging,q5,1,ORDER_BY,0.294723
paging,q5,1,PARTITION,0.319544
paging,q5,1,PARTITION,0.388521
paging,q5,1,PARTITION,0.323533
paging,q5,1,PROJECTION,0.12403
paging,q5,1,PROJECTION,0.104515
paging,q5,1,PROJECTION,0.114147
paging,q5,1,RESULT_COLLECTOR,0.109017
paging,q5,1,RESULT_COLLECTOR,0.113188
paging,q5,1,RESULT_COLLECTOR,0.117823
paging,q5,1,SORT_PARTITION,0.378794
paging,q5,1,SORT_PARTITION,0.292619
paging,q5,1,SORT_PARTITION,0.361849
paging,q5,1,SORT_SAMPLE,0.039787
paging,q5,1,SORT_SAMPLE,0.029405
paging,q5,1,SORT_SAMPLE,0.102536
paging,q5,2,CONCAT,1.78316
paging,q5,2,CONCAT,1.8409870000000002
paging,q5,2,CONCAT,1.638258
paging,q5,2,DYNAMIC_FILTER,14.271754999999999
paging,q5,2,DYNAMIC_FILTER,17.137074
paging,q5,2,DYNAMIC_FILTER,41.662668999999994
paging,q5,2,GPU_SCAN,4301.876517000001
paging,q5,2,GPU_SCAN,6134.210587999999
paging,q5,2,GPU_SCAN,6592.528809
paging,q5,2,HASH_GROUP_BY,0.782548
paging,q5,2,HASH_GROUP_BY,0.605129
paging,q5,2,HASH_GROUP_BY,0.96135
paging,q5,2,HASH_JOIN,11.72843
paging,q5,2,HASH_JOIN,10.851569000000001
paging,q5,2,HASH_JOIN,10.396837999999999
paging,q5,2,MERGE_GROUP_BY,0.008755
paging,q5,2,MERGE_GROUP_BY,0.007023
paging,q5,2,MERGE_GROUP_BY,0.007537
paging,q5,2,MERGE_SORT,0.665414
paging,q5,2,MERGE_SORT,0.213133
paging,q5,2,MERGE_SORT,0.408494
paging,q5,2,ORDER_BY,0.181492
paging,q5,2,ORDER_BY,0.176327
paging,q5,2,ORDER_BY,0.188667
paging,q5,2,PARTITION,0.37082600000000004
paging,q5,2,PARTITION,0.5007219999999999
paging,q5,2,PARTITION,0.2528520000000001
paging,q5,2,PROJECTION,0.141729
paging,q5,2,PROJECTION,0.104802
paging,q5,2,PROJECTION,0.100424
paging,q5,2,RESULT_COLLECTOR,0.105249
paging,q5,2,RESULT_COLLECTOR,0.114879
paging,q5,2,RESULT_COLLECTOR,0.108001
paging,q5,2,SORT_PARTITION,0.486391
paging,q5,2,SORT_PARTITION,0.311664
paging,q5,2,SORT_PARTITION,0.299248
paging,q5,2,SORT_SAMPLE,0.045834
paging,q5,2,SORT_SAMPLE,0.028298
paging,q5,2,SORT_SAMPLE,0.028538
paging,q5,3,CONCAT,1.8692929999999999
paging,q5,3,CONCAT,1.8614000000000002
paging,q5,3,CONCAT,1.997701
paging,q5,3,DYNAMIC_FILTER,22.624700000000004
paging,q5,3,DYNAMIC_FILTER,15.46527
paging,q5,3,DYNAMIC_FILTER,18.458953
paging,q5,3,GPU_SCAN,4579.160207999999
paging,q5,3,GPU_SCAN,6012.379831
paging,q5,3,GPU_SCAN,6205.663306
paging,q5,3,HASH_GROUP_BY,0.970523
paging,q5,3,HASH_GROUP_BY,0.593865
paging,q5,3,HASH_GROUP_BY,1.01644
paging,q5,3,HASH_JOIN,11.584251999999998
paging,q5,3,HASH_JOIN,10.929291
paging,q5,3,HASH_JOIN,10.852843
paging,q5,3,MERGE_GROUP_BY,0.010237
paging,q5,3,MERGE_GROUP_BY,0.017978
paging,q5,3,MERGE_GROUP_BY,0.008363
paging,q5,3,MERGE_SORT,0.767038
paging,q5,3,MERGE_SORT,0.350582
paging,q5,3,MERGE_SORT,0.215773
paging,q5,3,ORDER_BY,0.266466
paging,q5,3,ORDER_BY,0.265948
paging,q5,3,ORDER_BY,0.176387
paging,q5,3,PARTITION,0.45263700000000007
paging,q5,3,PARTITION,0.390189
paging,q5,3,PARTITION,0.32946900000000007
paging,q5,3,PROJECTION,0.225226
paging,q5,3,PROJECTION,0.123943
paging,q5,3,PROJECTION,0.099938
paging,q5,3,RESULT_COLLECTOR,0.110243
paging,q5,3,RESULT_COLLECTOR,0.196326
paging,q5,3,RESULT_COLLECTOR,0.091974
paging,q5,3,SORT_PARTITION,0.334376
paging,q5,3,SORT_PARTITION,0.374254
paging,q5,3,SORT_PARTITION,0.331503
paging,q5,3,SORT_SAMPLE,0.043862
paging,q5,3,SORT_SAMPLE,0.037369
paging,q5,3,SORT_SAMPLE,0.068408
paging,q5,4,CONCAT,1.7780949999999998
paging,q5,4,CONCAT,1.9424929999999998
paging,q5,4,CONCAT,2.4686310000000002
paging,q5,4,DYNAMIC_FILTER,13.556817999999998
paging,q5,4,DYNAMIC_FILTER,16.164450000000002
paging,q5,4,DYNAMIC_FILTER,13.715302000000003
paging,q5,4,GPU_SCAN,4819.029293
paging,q5,4,GPU_SCAN,6641.474039000001
paging,q5,4,GPU_SCAN,5952.934463999999
paging,q5,4,HASH_GROUP_BY,0.522065
paging,q5,4,HASH_GROUP_BY,0.565117
paging,q5,4,HASH_GROUP_BY,0.928026
paging,q5,4,HASH_JOIN,10.251442
paging,q5,4,HASH_JOIN,10.948057
paging,q5,4,HASH_JOIN,11.415784000000002
paging,q5,4,MERGE_GROUP_BY,0.017325
paging,q5,4,MERGE_GROUP_BY,0.007452
paging,q5,4,MERGE_GROUP_BY,0.01797
paging,q5,4,MERGE_SORT,0.257562
paging,q5,4,MERGE_SORT,0.21915
paging,q5,4,MERGE_SORT,0.254755
paging,q5,4,ORDER_BY,0.196364
paging,q5,4,ORDER_BY,0.224269
paging,q5,4,ORDER_BY,0.269938
paging,q5,4,PARTITION,0.338919
paging,q5,4,PARTITION,0.364955
paging,q5,4,PARTITION,0.3964289999999999
paging,q5,4,PROJECTION,0.118475
paging,q5,4,PROJECTION,0.124306
paging,q5,4,PROJECTION,0.103238
paging,q5,4,RESULT_COLLECTOR,0.12374
paging,q5,4,RESULT_COLLECTOR,0.188891
paging,q5,4,RESULT_COLLECTOR,0.119258
paging,q5,4,SORT_PARTITION,0.352767
paging,q5,4,SORT_PARTITION,0.376645
paging,q5,4,SORT_PARTITION,0.290071
paging,q5,4,SORT_SAMPLE,0.037854
paging,q5,4,SORT_SAMPLE,0.044009
paging,q5,4,SORT_SAMPLE,0.033137
paging,q5,5,CONCAT,2.3201669999999996
paging,q5,5,CONCAT,2.3212919999999997
paging,q5,5,CONCAT,1.8204529999999999
paging,q5,5,DYNAMIC_FILTER,19.839491999999996
paging,q5,5,DYNAMIC_FILTER,18.774573
paging,q5,5,DYNAMIC_FILTER,20.811929
paging,q5,5,GPU_SCAN,4113.8660660000005
paging,q5,5,GPU_SCAN,5467.021390000001
paging,q5,5,GPU_SCAN,6203.628068999998
paging,q5,5,HASH_GROUP_BY,0.560386
paging,q5,5,HASH_GROUP_BY,0.560996
paging,q5,5,HASH_GROUP_BY,1.181277
paging,q5,5,HASH_JOIN,11.554415
paging,q5,5,HASH_JOIN,10.541699999999999
paging,q5,5,HASH_JOIN,10.722782
paging,q5,5,MERGE_GROUP_BY,0.019318
paging,q5,5,MERGE_GROUP_BY,0.006862
paging,q5,5,MERGE_GROUP_BY,0.008856
paging,q5,5,MERGE_SORT,0.295348
paging,q5,5,MERGE_SORT,0.211888
paging,q5,5,MERGE_SORT,0.857851
paging,q5,5,ORDER_BY,0.417088
paging,q5,5,ORDER_BY,0.18108
paging,q5,5,ORDER_BY,0.282033
paging,q5,5,PARTITION,0.41046900000000003
paging,q5,5,PARTITION,0.427098
paging,q5,5,PARTITION,0.36075799999999997
paging,q5,5,PROJECTION,0.109189
paging,q5,5,PROJECTION,0.119301
paging,q5,5,PROJECTION,0.116689
paging,q5,5,RESULT_COLLECTOR,0.12683
paging,q5,5,RESULT_COLLECTOR,0.110539
paging,q5,5,RESULT_COLLECTOR,0.330998
paging,q5,5,SORT_PARTITION,0.310691
paging,q5,5,SORT_PARTITION,0.341218
paging,q5,5,SORT_PARTITION,0.404689
paging,q5,5,SORT_SAMPLE,0.030649
paging,q5,5,SORT_SAMPLE,0.048667
paging,q5,5,SORT_SAMPLE,0.08711
paging,q6,1,GPU_SCAN,4190.27756
paging,q6,1,GPU_SCAN,5502.976750999999
paging,q6,1,GPU_SCAN,4169.40326
paging,q6,1,MERGE_AGGREGATE,0.269867
paging,q6,1,MERGE_AGGREGATE,0.174132
paging,q6,1,MERGE_AGGREGATE,0.272333
paging,q6,1,PROJECTION,2.74448
paging,q6,1,PROJECTION,2.4099350000000004
paging,q6,1,PROJECTION,2.280541
paging,q6,1,RESULT_COLLECTOR,0.087261
paging,q6,1,RESULT_COLLECTOR,0.106707
paging,q6,1,RESULT_COLLECTOR,0.090688
paging,q6,1,UNGROUPED_AGGREGATE,2.889991
paging,q6,1,UNGROUPED_AGGREGATE,2.4820230000000003
paging,q6,1,UNGROUPED_AGGREGATE,3.0142889999999998
paging,q6,2,GPU_SCAN,3223.317604
paging,q6,2,GPU_SCAN,3109.1536770000002
paging,q6,2,GPU_SCAN,3457.1826450000003
paging,q6,2,MERGE_AGGREGATE,0.679523
paging,q6,2,MERGE_AGGREGATE,0.188937
paging,q6,2,MERGE_AGGREGATE,0.741583
paging,q6,2,PROJECTION,2.402023
paging,q6,2,PROJECTION,2.567022
paging,q6,2,PROJECTION,3.500293
paging,q6,2,RESULT_COLLECTOR,0.080395
paging,q6,2,RESULT_COLLECTOR,0.074322
paging,q6,2,RESULT_COLLECTOR,0.091522
paging,q6,2,UNGROUPED_AGGREGATE,2.7186160000000004
paging,q6,2,UNGROUPED_AGGREGATE,3.05071
paging,q6,2,UNGROUPED_AGGREGATE,10.912092
paging,q6,3,GPU_SCAN,3329.427326
paging,q6,3,GPU_SCAN,3406.970482
paging,q6,3,GPU_SCAN,3241.8602570000003
paging,q6,3,MERGE_AGGREGATE,0.243219
paging,q6,3,MERGE_AGGREGATE,0.694103
paging,q6,3,MERGE_AGGREGATE,0.701787
paging,q6,3,PROJECTION,6.702058
paging,q6,3,PROJECTION,2.148702
paging,q6,3,PROJECTION,2.343781
paging,q6,3,RESULT_COLLECTOR,0.086129
paging,q6,3,RESULT_COLLECTOR,0.068087
paging,q6,3,RESULT_COLLECTOR,0.074059
paging,q6,3,UNGROUPED_AGGREGATE,6.294118999999999
paging,q6,3,UNGROUPED_AGGREGATE,2.646315
paging,q6,3,UNGROUPED_AGGREGATE,2.679099
paging,q6,4,GPU_SCAN,2744.198615
paging,q6,4,GPU_SCAN,3388.67759
paging,q6,4,GPU_SCAN,3379.459275
paging,q6,4,MERGE_AGGREGATE,0.173768
paging,q6,4,MERGE_AGGREGATE,0.169651
paging,q6,4,MERGE_AGGREGATE,0.161713
paging,q6,4,PROJECTION,6.605734
paging,q6,4,PROJECTION,2.928823
paging,q6,4,PROJECTION,2.254753
paging,q6,4,RESULT_COLLECTOR,0.083552
paging,q6,4,RESULT_COLLECTOR,0.066878
paging,q6,4,RESULT_COLLECTOR,0.088938
paging,q6,4,UNGROUPED_AGGREGATE,6.803048
paging,q6,4,UNGROUPED_AGGREGATE,2.751845
paging,q6,4,UNGROUPED_AGGREGATE,2.863827
paging,q6,5,GPU_SCAN,2717.895999
paging,q6,5,GPU_SCAN,3425.935428
paging,q6,5,GPU_SCAN,3126.600953
paging,q6,5,MERGE_AGGREGATE,0.358883
paging,q6,5,MERGE_AGGREGATE,0.162185
paging,q6,5,MERGE_AGGREGATE,0.727827
paging,q6,5,PROJECTION,2.4081930000000003
paging,q6,5,PROJECTION,2.420654
paging,q6,5,PROJECTION,2.288742
paging,q6,5,RESULT_COLLECTOR,0.066674
paging,q6,5,RESULT_COLLECTOR,0.065098
paging,q6,5,RESULT_COLLECTOR,0.068955
paging,q6,5,UNGROUPED_AGGREGATE,2.563255
paging,q6,5,UNGROUPED_AGGREGATE,2.613924
paging,q6,5,UNGROUPED_AGGREGATE,2.747062
paging,q7,1,CONCAT,3.0950420000000003
paging,q7,1,CONCAT,3.405201
paging,q7,1,DYNAMIC_FILTER,15.473753
paging,q7,1,DYNAMIC_FILTER,14.162811000000001
paging,q7,1,FILTER,1.0207480000000002
paging,q7,1,FILTER,1.5065870000000001
paging,q7,1,GPU_SCAN,9282.570821999998
paging,q7,1,GPU_SCAN,9628.420070999999
paging,q7,1,HASH_GROUP_BY,1.634488
paging,q7,1,HASH_GROUP_BY,1.648731
paging,q7,1,HASH_JOIN,13.223051
paging,q7,1,HASH_JOIN,13.680735
paging,q7,1,MERGE_GROUP_BY,0.057211
paging,q7,1,MERGE_GROUP_BY,0.014799
paging,q7,1,MERGE_SORT,2.637388
paging,q7,1,MERGE_SORT,1.527904
paging,q7,1,ORDER_BY,1.060503
paging,q7,1,ORDER_BY,0.488003
paging,q7,1,PARTITION,0.41531500000000005
paging,q7,1,PARTITION,0.438785
paging,q7,1,PROJECTION,0.13792
paging,q7,1,PROJECTION,0.135736
paging,q7,1,RESULT_COLLECTOR,0.136582
paging,q7,1,RESULT_COLLECTOR,0.156192
paging,q7,1,SORT_PARTITION,0.792863
paging,q7,1,SORT_PARTITION,0.730633
paging,q7,1,SORT_SAMPLE,0.184113
paging,q7,1,SORT_SAMPLE,0.16393
paging,q7,2,CONCAT,3.043923
paging,q7,2,CONCAT,2.760777
paging,q7,2,DYNAMIC_FILTER,18.340118
paging,q7,2,DYNAMIC_FILTER,18.269912999999995
paging,q7,2,FILTER,1.4007290000000001
paging,q7,2,FILTER,0.941697
paging,q7,2,GPU_SCAN,5521.915690999999
paging,q7,2,GPU_SCAN,6031.944267000001
paging,q7,2,HASH_GROUP_BY,1.491379
paging,q7,2,HASH_GROUP_BY,1.478679
paging,q7,2,HASH_JOIN,13.122038
paging,q7,2,HASH_JOIN,13.782172999999998
paging,q7,2,MERGE_GROUP_BY,0.026013
paging,q7,2,MERGE_GROUP_BY,0.008808
paging,q7,2,MERGE_SORT,1.153502
paging,q7,2,MERGE_SORT,2.002916
paging,q7,2,ORDER_BY,0.470485
paging,q7,2,ORDER_BY,0.502574
paging,q7,2,PARTITION,0.46716099999999994
paging,q7,2,PARTITION,0.435445
paging,q7,2,PROJECTION,0.131695
paging,q7,2,PROJECTION,0.12668
paging,q7,2,RESULT_COLLECTOR,0.289993
paging,q7,2,RESULT_COLLECTOR,0.120313
paging,q7,2,SORT_PARTITION,0.733247
paging,q7,2,SORT_PARTITION,0.740861
paging,q7,2,SORT_SAMPLE,0.143966
paging,q7,2,SORT_SAMPLE,0.162127
paging,q7,3,CONCAT,3.070307
paging,q7,3,CONCAT,2.8442659999999997
paging,q7,3,DYNAMIC_FILTER,14.824681
paging,q7,3,DYNAMIC_FILTER,18.159532
paging,q7,3,FILTER,0.943002
paging,q7,3,FILTER,1.475654
paging,q7,3,GPU_SCAN,6194.177126
paging,q7,3,GPU_SCAN,6639.079544000001
paging,q7,3,HASH_GROUP_BY,1.535074
paging,q7,3,HASH_GROUP_BY,1.511537
paging,q7,3,HASH_JOIN,12.909242
paging,q7,3,HASH_JOIN,13.521741
paging,q7,3,MERGE_GROUP_BY,0.029166
paging,q7,3,MERGE_GROUP_BY,0.039777
paging,q7,3,MERGE_SORT,0.982631
paging,q7,3,MERGE_SORT,1.767424
paging,q7,3,ORDER_BY,0.50013
paging,q7,3,ORDER_BY,1.071609
paging,q7,3,PARTITION,0.5473699999999999
paging,q7,3,PARTITION,0.43696500000000005
paging,q7,3,PROJECTION,0.129848
paging,q7,3,PROJECTION,0.136897
paging,q7,3,RESULT_COLLECTOR,0.307596
paging,q7,3,RESULT_COLLECTOR,0.140509
paging,q7,3,SORT_PARTITION,0.601628
paging,q7,3,SORT_PARTITION,0.603476
paging,q7,3,SORT_SAMPLE,0.153102
paging,q7,3,SORT_SAMPLE,0.160835
paging,q7,4,CONCAT,2.952904
paging,q7,4,CONCAT,3.6073459999999997
paging,q7,4,DYNAMIC_FILTER,15.369986
paging,q7,4,DYNAMIC_FILTER,12.468068
paging,q7,4,FILTER,1.52427
paging,q7,4,FILTER,1.592148
paging,q7,4,GPU_SCAN,6372.588623000001
paging,q7,4,GPU_SCAN,6234.412744999999
paging,q7,4,HASH_GROUP_BY,1.509443
paging,q7,4,HASH_GROUP_BY,1.547111
paging,q7,4,HASH_JOIN,12.869461000000001
paging,q7,4,HASH_JOIN,13.615623999999999
paging,q7,4,MERGE_GROUP_BY,0.029932
paging,q7,4,MERGE_GROUP_BY,0.010978
paging,q7,4,MERGE_SORT,1.842464
paging,q7,4,MERGE_SORT,0.612265
paging,q7,4,ORDER_BY,0.564966
paging,q7,4,ORDER_BY,1.032457
paging,q7,4,PARTITION,0.407061
paging,q7,4,PARTITION,0.4624029999999999
paging,q7,4,PROJECTION,0.134226
paging,q7,4,PROJECTION,0.147405
paging,q7,4,RESULT_COLLECTOR,0.290888
paging,q7,4,RESULT_COLLECTOR,0.1672
paging,q7,4,SORT_PARTITION,0.606574
paging,q7,4,SORT_PARTITION,1.605845
paging,q7,4,SORT_SAMPLE,0.156894
paging,q7,4,SORT_SAMPLE,0.736373
paging,q7,5,CONCAT,2.8136689999999995
paging,q7,5,CONCAT,2.75244
paging,q7,5,DYNAMIC_FILTER,13.512172000000003
paging,q7,5,DYNAMIC_FILTER,18.109264
paging,q7,5,FILTER,1.620714
paging,q7,5,FILTER,0.9881150000000001
paging,q7,5,GPU_SCAN,3929.738797
paging,q7,5,GPU_SCAN,3864.4316670000007
paging,q7,5,HASH_GROUP_BY,1.561244
paging,q7,5,HASH_GROUP_BY,1.913322
paging,q7,5,HASH_JOIN,12.646536000000001
paging,q7,5,HASH_JOIN,13.145718
paging,q7,5,MERGE_GROUP_BY,0.028447
paging,q7,5,MERGE_GROUP_BY,0.031042
paging,q7,5,MERGE_SORT,0.565958
paging,q7,5,MERGE_SORT,0.662684
paging,q7,5,ORDER_BY,0.472245
paging,q7,5,ORDER_BY,0.498047
paging,q7,5,PARTITION,0.43111000000000005
paging,q7,5,PARTITION,0.46267700000000006
paging,q7,5,PROJECTION,0.126922
paging,q7,5,PROJECTION,0.152269
paging,q7,5,RESULT_COLLECTOR,0.30003
paging,q7,5,RESULT_COLLECTOR,0.336457
paging,q7,5,SORT_PARTITION,0.629607
paging,q7,5,SORT_PARTITION,0.751277
paging,q7,5,SORT_SAMPLE,0.157166
paging,q7,5,SORT_SAMPLE,0.193846
paging,q8,1,CONCAT,3.7460279999999995
paging,q8,1,CONCAT,3.576489
paging,q8,1,DYNAMIC_FILTER,18.958444
paging,q8,1,DYNAMIC_FILTER,18.900791
paging,q8,1,GPU_SCAN,11865.072675
paging,q8,1,GPU_SCAN,9962.667728999997
paging,q8,1,HASH_GROUP_BY,0.277851
paging,q8,1,HASH_GROUP_BY,0.311148
paging,q8,1,HASH_JOIN,15.712121000000002
paging,q8,1,HASH_JOIN,15.824676
paging,q8,1,MERGE_GROUP_BY,0.010907
paging,q8,1,MERGE_GROUP_BY,0.010433
paging,q8,1,MERGE_SORT,0.006174
paging,q8,1,MERGE_SORT,0.006436
paging,q8,1,ORDER_BY,0.106912
paging,q8,1,ORDER_BY,0.070562
paging,q8,1,PARTITION,0.427482
paging,q8,1,PARTITION,0.44931399999999994
paging,q8,1,PROJECTION,0.36232600000000004
paging,q8,1,PROJECTION,0.37629399999999996
paging,q8,1,RESULT_COLLECTOR,0.102561
paging,q8,1,RESULT_COLLECTOR,0.096473
paging,q8,1,SORT_PARTITION,0.005311
paging,q8,1,SORT_PARTITION,0.0055
paging,q8,1,SORT_SAMPLE,0.008551
paging,q8,1,SORT_SAMPLE,0.008529
paging,q8,2,CONCAT,3.1838189999999997
paging,q8,2,CONCAT,3.43801
paging,q8,2,DYNAMIC_FILTER,27.884818999999997
paging,q8,2,DYNAMIC_FILTER,27.755573000000002
paging,q8,2,GPU_SCAN,7137.437761999999
paging,q8,2,GPU_SCAN,7347.2925749999995
paging,q8,2,HASH_GROUP_BY,0.391933
paging,q8,2,HASH_GROUP_BY,0.401723
paging,q8,2,HASH_JOIN,14.971519999999998
paging,q8,2,HASH_JOIN,15.720986000000002
paging,q8,2,MERGE_GROUP_BY,0.006852
paging,q8,2,MERGE_GROUP_BY,0.006937
paging,q8,2,MERGE_SORT,0.006498
paging,q8,2,MERGE_SORT,0.005833
paging,q8,2,ORDER_BY,0.081331
paging,q8,2,ORDER_BY,0.070772
paging,q8,2,PARTITION,0.37135699999999994
paging,q8,2,PARTITION,0.32862399999999997
paging,q8,2,PROJECTION,0.415677
paging,q8,2,PROJECTION,0.38590100000000005
paging,q8,2,RESULT_COLLECTOR,0.090595
paging,q8,2,RESULT_COLLECTOR,0.087512
paging,q8,2,SORT_PARTITION,0.005469
paging,q8,2,SORT_PARTITION,0.005348
paging,q8,2,SORT_SAMPLE,0.008533
paging,q8,2,SORT_SAMPLE,0.008246
paging,q8,3,CONCAT,3.6655330000000004
paging,q8,3,CONCAT,3.6485819999999993
paging,q8,3,DYNAMIC_FILTER,28.124208
paging,q8,3,DYNAMIC_FILTER,30.80613
paging,q8,3,GPU_SCAN,7220.246116
paging,q8,3,GPU_SCAN,6664.3996099999995
paging,q8,3,HASH_GROUP_BY,0.421317
paging,q8,3,HASH_GROUP_BY,0.348437
paging,q8,3,HASH_JOIN,14.585374000000002
paging,q8,3,HASH_JOIN,15.844943999999998
paging,q8,3,MERGE_GROUP_BY,0.007797
paging,q8,3,MERGE_GROUP_BY,0.008539
paging,q8,3,MERGE_SORT,0.006593
paging,q8,3,MERGE_SORT,0.007835
paging,q8,3,ORDER_BY,0.065859
paging,q8,3,ORDER_BY,0.066456
paging,q8,3,PARTITION,0.4513960000000001
paging,q8,3,PARTITION,0.6788310000000001
paging,q8,3,PROJECTION,0.37808699999999995
paging,q8,3,PROJECTION,0.393125
paging,q8,3,RESULT_COLLECTOR,0.109113
paging,q8,3,RESULT_COLLECTOR,0.092801
paging,q8,3,SORT_PARTITION,0.007409
paging,q8,3,SORT_PARTITION,0.005484
paging,q8,3,SORT_SAMPLE,0.009091
paging,q8,3,SORT_SAMPLE,0.009283
paging,q8,4,CONCAT,3.5132630000000007
paging,q8,4,CONCAT,3.4479919999999997
paging,q8,4,DYNAMIC_FILTER,22.173215
paging,q8,4,DYNAMIC_FILTER,21.934151999999994
paging,q8,4,GPU_SCAN,7410.711155000001
paging,q8,4,GPU_SCAN,6926.2280120000005
paging,q8,4,HASH_GROUP_BY,0.288362
paging,q8,4,HASH_GROUP_BY,0.355845
paging,q8,4,HASH_JOIN,15.299897999999999
paging,q8,4,HASH_JOIN,15.412932
paging,q8,4,MERGE_GROUP_BY,0.012077
paging,q8,4,MERGE_GROUP_BY,0.014315
paging,q8,4,MERGE_SORT,0.006476
paging,q8,4,MERGE_SORT,0.006263
paging,q8,4,ORDER_BY,0.064259
paging,q8,4,ORDER_BY,0.06504
paging,q8,4,PARTITION,0.5244430000000001
paging,q8,4,PARTITION,0.45519599999999993
paging,q8,4,PROJECTION,0.37301300000000004
paging,q8,4,PROJECTION,0.372444
paging,q8,4,RESULT_COLLECTOR,0.115027
paging,q8,4,RESULT_COLLECTOR,0.112707
paging,q8,4,SORT_PARTITION,0.005384
paging,q8,4,SORT_PARTITION,0.005178
paging,q8,4,SORT_SAMPLE,0.008612
paging,q8,4,SORT_SAMPLE,0.007752
paging,q8,5,CONCAT,3.1291930000000003
paging,q8,5,CONCAT,3.9621599999999995
paging,q8,5,DYNAMIC_FILTER,22.668443
paging,q8,5,DYNAMIC_FILTER,24.900476
paging,q8,5,GPU_SCAN,7195.673131000001
paging,q8,5,GPU_SCAN,6769.471075999999
paging,q8,5,HASH_GROUP_BY,0.344576
paging,q8,5,HASH_GROUP_BY,0.387803
paging,q8,5,HASH_JOIN,15.213377999999999
paging,q8,5,HASH_JOIN,16.538339
paging,q8,5,MERGE_GROUP_BY,0.010559
paging,q8,5,MERGE_GROUP_BY,0.014146
paging,q8,5,MERGE_SORT,0.007548
paging,q8,5,MERGE_SORT,0.010871
paging,q8,5,ORDER_BY,0.180391
paging,q8,5,ORDER_BY,0.089241
paging,q8,5,PARTITION,0.675274
paging,q8,5,PARTITION,0.730966
paging,q8,5,PROJECTION,0.6258189999999999
paging,q8,5,PROJECTION,0.554325
paging,q8,5,RESULT_COLLECTOR,0.120269
paging,q8,5,RESULT_COLLECTOR,0.171572
paging,q8,5,SORT_PARTITION,0.009112
paging,q8,5,SORT_PARTITION,0.008675
paging,q8,5,SORT_SAMPLE,0.008206
paging,q8,5,SORT_SAMPLE,0.013446
paging,q9,1,CONCAT,12.36713
paging,q9,1,CONCAT,14.845171
paging,q9,1,DYNAMIC_FILTER,27.141865999999997
paging,q9,1,DYNAMIC_FILTER,29.835586000000003
paging,q9,1,GPU_SCAN,13127.195261000003
paging,q9,1,GPU_SCAN,11020.204412
paging,q9,1,HASH_GROUP_BY,2.809113
paging,q9,1,HASH_GROUP_BY,2.798541
paging,q9,1,HASH_JOIN,118.32956700000001
paging,q9,1,HASH_JOIN,119.10662199999999
paging,q9,1,MERGE_GROUP_BY,0.053802
paging,q9,1,MERGE_GROUP_BY,0.052816
paging,q9,1,MERGE_SORT,0.45179
paging,q9,1,MERGE_SORT,0.213088
paging,q9,1,ORDER_BY,0.944022
paging,q9,1,ORDER_BY,1.074332
paging,q9,1,PARTITION,0.5267170000000001
paging,q9,1,PARTITION,0.7275909999999999
paging,q9,1,PROJECTION,4.745995
paging,q9,1,PROJECTION,2.071778
paging,q9,1,RESULT_COLLECTOR,0.315764
paging,q9,1,RESULT_COLLECTOR,0.273875
paging,q9,1,SORT_PARTITION,0.334914
paging,q9,1,SORT_PARTITION,0.316803
paging,q9,1,SORT_SAMPLE,0.16389
paging,q9,1,SORT_SAMPLE,0.152248
paging,q9,2,CONCAT,14.720299
paging,q9,2,CONCAT,15.548706
paging,q9,2,DYNAMIC_FILTER,33.868657
paging,q9,2,DYNAMIC_FILTER,31.447222
paging,q9,2,GPU_SCAN,7601.456882999998
paging,q9,2,GPU_SCAN,7890.276285000001
paging,q9,2,HASH_GROUP_BY,2.730711
paging,q9,2,HASH_GROUP_BY,2.853089
paging,q9,2,HASH_JOIN,118.0846
paging,q9,2,HASH_JOIN,105.775487
paging,q9,2,MERGE_GROUP_BY,0.053679
paging,q9,2,MERGE_GROUP_BY,0.055615
paging,q9,2,MERGE_SORT,0.373238
paging,q9,2,MERGE_SORT,0.24719
paging,q9,2,ORDER_BY,0.678925
paging,q9,2,ORDER_BY,1.098283
paging,q9,2,PARTITION,0.9433460000000002
paging,q9,2,PARTITION,0.8398729999999999
paging,q9,2,PROJECTION,2.067968
paging,q9,2,PROJECTION,2.14083
paging,q9,2,RESULT_COLLECTOR,0.10319
paging,q9,2,RESULT_COLLECTOR,0.266803
paging,q9,2,SORT_PARTITION,0.339203
paging,q9,2,SORT_PARTITION,0.41129
paging,q9,2,SORT_SAMPLE,0.100798
paging,q9,2,SORT_SAMPLE,0.156825
paging,q9,3,CONCAT,15.513831
paging,q9,3,CONCAT,15.770871
paging,q9,3,DYNAMIC_FILTER,31.833897999999998
paging,q9,3,DYNAMIC_FILTER,38.209889999999994
paging,q9,3,GPU_SCAN,7436.741513000002
paging,q9,3,GPU_SCAN,7518.955198999999
paging,q9,3,HASH_GROUP_BY,3.168723
paging,q9,3,HASH_GROUP_BY,2.974219
paging,q9,3,HASH_JOIN,117.38226
paging,q9,3,HASH_JOIN,116.664954
paging,q9,3,MERGE_GROUP_BY,0.052292
paging,q9,3,MERGE_GROUP_BY,0.071514
paging,q9,3,MERGE_SORT,0.217578
paging,q9,3,MERGE_SORT,0.234179
paging,q9,3,ORDER_BY,0.91286
paging,q9,3,ORDER_BY,0.644578
paging,q9,3,PARTITION,0.597104
paging,q9,3,PARTITION,0.567191
paging,q9,3,PROJECTION,2.131994
paging,q9,3,PROJECTION,2.154287
paging,q9,3,RESULT_COLLECTOR,0.303868
paging,q9,3,RESULT_COLLECTOR,0.288826
paging,q9,3,SORT_PARTITION,0.305778
paging,q9,3,SORT_PARTITION,0.313378
paging,q9,3,SORT_SAMPLE,0.102395
paging,q9,3,SORT_SAMPLE,0.086802
paging,q9,4,CONCAT,14.484535
paging,q9,4,CONCAT,15.478143
paging,q9,4,DYNAMIC_FILTER,35.577349
paging,q9,4,DYNAMIC_FILTER,29.628553
paging,q9,4,GPU_SCAN,7284.946754999995
paging,q9,4,GPU_SCAN,7617.242942000003
paging,q9,4,HASH_GROUP_BY,2.888338
paging,q9,4,HASH_GROUP_BY,2.717024
paging,q9,4,HASH_JOIN,118.06813199999999
paging,q9,4,HASH_JOIN,117.431991
paging,q9,4,MERGE_GROUP_BY,0.016819
paging,q9,4,MERGE_GROUP_BY,0.021634
paging,q9,4,MERGE_SORT,0.835847
paging,q9,4,MERGE_SORT,0.800432
paging,q9,4,ORDER_BY,1.028766
paging,q9,4,ORDER_BY,1.088671
paging,q9,4,PARTITION,0.940004
paging,q9,4,PARTITION,0.759786
paging,q9,4,PROJECTION,2.136009
paging,q9,4,PROJECTION,2.080155
paging,q9,4,RESULT_COLLECTOR,0.129437
paging,q9,4,RESULT_COLLECTOR,0.130493
paging,q9,4,SORT_PARTITION,0.333027
paging,q9,4,SORT_PARTITION,0.345911
paging,q9,4,SORT_SAMPLE,0.162353
paging,q9,4,SORT_SAMPLE,0.178634
paging,q9,5,CONCAT,14.31042
paging,q9,5,CONCAT,15.793297999999997
paging,q9,5,DYNAMIC_FILTER,34.950384
paging,q9,5,DYNAMIC_FILTER,32.38787
paging,q9,5,GPU_SCAN,7691.634095
paging,q9,5,GPU_SCAN,7917.856688000001
paging,q9,5,HASH_GROUP_BY,2.740655
paging,q9,5,HASH_GROUP_BY,2.785589
paging,q9,5,HASH_JOIN,117.217837
paging,q9,5,HASH_JOIN,117.92993500000001
paging,q9,5,MERGE_GROUP_BY,0.060414
paging,q9,5,MERGE_GROUP_BY,0.054479
paging,q9,5,MERGE_SORT,0.613942
paging,q9,5,MERGE_SORT,0.801187
paging,q9,5,ORDER_BY,0.785192
paging,q9,5,ORDER_BY,0.884782
paging,q9,5,PARTITION,0.715029
paging,q9,5,PARTITION,1.1911809999999996
paging,q9,5,PROJECTION,2.062677
paging,q9,5,PROJECTION,2.085163
paging,q9,5,RESULT_COLLECTOR,0.195391
paging,q9,5,RESULT_COLLECTOR,0.336135
paging,q9,5,SORT_PARTITION,0.348197
paging,q9,5,SORT_PARTITION,0.356518
paging,q9,5,SORT_SAMPLE,0.162065
paging,q9,5,SORT_SAMPLE,0.175711
paging,q10,1,CONCAT,1.504494
paging,q10,1,CONCAT,1.3301580000000002
paging,q10,1,DYNAMIC_FILTER,4.2771
paging,q10,1,DYNAMIC_FILTER,5.112761
paging,q10,1,GPU_SCAN,2459.151453
paging,q10,1,GPU_SCAN,4705.640272999999
paging,q10,1,HASH_GROUP_BY,17.234316
paging,q10,1,HASH_GROUP_BY,17.449782
paging,q10,1,HASH_JOIN,26.562091000000002
paging,q10,1,HASH_JOIN,26.818602
paging,q10,1,MERGE_GROUP_BY,0.067807
paging,q10,1,MERGE_GROUP_BY,0.017642
paging,q10,1,MERGE_SORT,9.811983
paging,q10,1,MERGE_SORT,9.771302
paging,q10,1,ORDER_BY,11.496911
paging,q10,1,ORDER_BY,5.692498
paging,q10,1,PARTITION,0.26997699999999997
paging,q10,1,PARTITION,0.192269
paging,q10,1,PROJECTION,7.795851
paging,q10,1,PROJECTION,0.46944600000000003
paging,q10,1,RESULT_COLLECTOR,210.955591
paging,q10,1,RESULT_COLLECTOR,172.052891
paging,q10,1,SORT_PARTITION,3.388089
paging,q10,1,SORT_PARTITION,3.428511
paging,q10,1,SORT_SAMPLE,0.071617
paging,q10,1,SORT_SAMPLE,0.062354
paging,q10,2,CONCAT,1.13602
paging,q10,2,CONCAT,1.278296
paging,q10,2,DYNAMIC_FILTER,6.45129
paging,q10,2,DYNAMIC_FILTER,5.223517000000001
paging,q10,2,GPU_SCAN,3796.274188
paging,q10,2,GPU_SCAN,4000.2670689999995
paging,q10,2,HASH_GROUP_BY,17.270377
paging,q10,2,HASH_GROUP_BY,17.148028
paging,q10,2,HASH_JOIN,27.272792000000003
paging,q10,2,HASH_JOIN,27.321787999999998
paging,q10,2,MERGE_GROUP_BY,0.011396
paging,q10,2,MERGE_GROUP_BY,0.02383
paging,q10,2,MERGE_SORT,11.173548
paging,q10,2,MERGE_SORT,11.107491
paging,q10,2,ORDER_BY,5.620194
paging,q10,2,ORDER_BY,5.722453
paging,q10,2,PARTITION,0.27082
paging,q10,2,PARTITION,0.239514
paging,q10,2,PROJECTION,0.49554299999999996
paging,q10,2,PROJECTION,0.46566100000000005
paging,q10,2,RESULT_COLLECTOR,155.965932
paging,q10,2,RESULT_COLLECTOR,129.889312
paging,q10,2,SORT_PARTITION,3.24475
paging,q10,2,SORT_PARTITION,3.428502
paging,q10,2,SORT_SAMPLE,0.07865
paging,q10,2,SORT_SAMPLE,0.0795
paging,q10,3,CONCAT,1.807306
paging,q10,3,CONCAT,1.223157
paging,q10,3,DYNAMIC_FILTER,4.8814470000000005
paging,q10,3,DYNAMIC_FILTER,5.574402
paging,q10,3,GPU_SCAN,3121.8950959999993
paging,q10,3,GPU_SCAN,3787.7560169999997
paging,q10,3,HASH_GROUP_BY,16.999207
paging,q10,3,HASH_GROUP_BY,17.282496
paging,q10,3,HASH_JOIN,27.144037
paging,q10,3,HASH_JOIN,27.45186
paging,q10,3,MERGE_GROUP_BY,0.05654
paging,q10,3,MERGE_GROUP_BY,0.023229
paging,q10,3,MERGE_SORT,11.480312
paging,q10,3,MERGE_SORT,9.71724
paging,q10,3,ORDER_BY,5.5543
paging,q10,3,ORDER_BY,5.183401
paging,q10,3,PARTITION,0.436575
paging,q10,3,PARTITION,0.28883000000000003
paging,q10,3,PROJECTION,0.48070999999999997
paging,q10,3,PROJECTION,0.405711
paging,q10,3,RESULT_COLLECTOR,133.726962
paging,q10,3,RESULT_COLLECTOR,154.576636
paging,q10,3,SORT_PARTITION,3.651712
paging,q10,3,SORT_PARTITION,3.438315
paging,q10,3,SORT_SAMPLE,0.068697
paging,q10,3,SORT_SAMPLE,0.03784
paging,q10,4,CONCAT,1.207945
paging,q10,4,CONCAT,1.9024629999999998
paging,q10,4,DYNAMIC_FILTER,4.570452999999999
paging,q10,4,DYNAMIC_FILTER,17.093014
paging,q10,4,GPU_SCAN,4125.850512
paging,q10,4,GPU_SCAN,3700.950072
paging,q10,4,HASH_GROUP_BY,16.725003
paging,q10,4,HASH_GROUP_BY,17.275756
paging,q10,4,HASH_JOIN,26.578515000000003
paging,q10,4,HASH_JOIN,27.156224
paging,q10,4,MERGE_GROUP_BY,0.023404
paging,q10,4,MERGE_GROUP_BY,0.01715
paging,q10,4,MERGE_SORT,9.64901
paging,q10,4,MERGE_SORT,11.136045
paging,q10,4,ORDER_BY,5.464256
paging,q10,4,ORDER_BY,5.187635
paging,q10,4,PARTITION,0.397925
paging,q10,4,PARTITION,0.33963999999999994
paging,q10,4,PROJECTION,0.475927
paging,q10,4,PROJECTION,0.429327
paging,q10,4,RESULT_COLLECTOR,168.797007
paging,q10,4,RESULT_COLLECTOR,125.900542
paging,q10,4,SORT_PARTITION,4.981048
paging,q10,4,SORT_PARTITION,4.533449
paging,q10,4,SORT_SAMPLE,0.057878
paging,q10,4,SORT_SAMPLE,0.087664
paging,q10,5,CONCAT,1.1584219999999998
paging,q10,5,CONCAT,1.4011760000000002
paging,q10,5,DYNAMIC_FILTER,5.016389999999999
paging,q10,5,DYNAMIC_FILTER,8.694337
paging,q10,5,GPU_SCAN,3973.9481029999997
paging,q10,5,GPU_SCAN,4122.456115999999
paging,q10,5,HASH_GROUP_BY,17.200956
paging,q10,5,HASH_GROUP_BY,17.436857
paging,q10,5,HASH_JOIN,26.730424
paging,q10,5,HASH_JOIN,27.172866
paging,q10,5,MERGE_GROUP_BY,0.03696
paging,q10,5,MERGE_GROUP_BY,0.067696
paging,q10,5,MERGE_SORT,10.645753
paging,q10,5,MERGE_SORT,9.83121
paging,q10,5,ORDER_BY,5.114954
paging,q10,5,ORDER_BY,5.360553
paging,q10,5,PARTITION,0.33349199999999996
paging,q10,5,PARTITION,0.337332
paging,q10,5,PROJECTION,0.416801
paging,q10,5,PROJECTION,0.462554
paging,q10,5,RESULT_COLLECTOR,137.755694
paging,q10,5,RESULT_COLLECTOR,102.976876
paging,q10,5,SORT_PARTITION,3.399127
paging,q10,5,SORT_PARTITION,5.186501
paging,q10,5,SORT_SAMPLE,0.060709
paging,q10,5,SORT_SAMPLE,0.206393
paging,q11,1,CONCAT,0.26774400000000004
paging,q11,1,CONCAT,6.257697
paging,q11,1,CTE,0.029091
paging,q11,1,CTE,0.014556
paging,q11,1,DYNAMIC_FILTER,0.105593
paging,q11,1,DYNAMIC_FILTER,0.095462
paging,q11,1,GPU_SCAN,970.923205
paging,q11,1,GPU_SCAN,26.42341399999999
paging,q11,1,HASH_GROUP_BY,1.125822
paging,q11,1,HASH_GROUP_BY,1.159835
paging,q11,1,HASH_JOIN,16.334443999999998
paging,q11,1,HASH_JOIN,15.869619
paging,q11,1,MERGE_AGGREGATE,0.01668
paging,q11,1,MERGE_AGGREGATE,0.037684
paging,q11,1,MERGE_GROUP_BY,0.006188
paging,q11,1,MERGE_GROUP_BY,0.019637
paging,q11,1,MERGE_SORT,0.005816
paging,q11,1,MERGE_SORT,0.018854
paging,q11,1,NESTED_LOOP_JOIN,0.273108
paging,q11,1,NESTED_LOOP_JOIN,0.227886
paging,q11,1,ORDER_BY,0.014491
paging,q11,1,ORDER_BY,0.011636
paging,q11,1,PARTITION,0.10094999999999998
paging,q11,1,PARTITION,0.38007499999999994
paging,q11,1,PROJECTION,1.131591
paging,q11,1,PROJECTION,7.435071000000001
paging,q11,1,RESULT_COLLECTOR,0.005331
paging,q11,1,RESULT_COLLECTOR,0.00948
paging,q11,1,SORT_PARTITION,0.007448
paging,q11,1,SORT_PARTITION,0.005009
paging,q11,1,SORT_SAMPLE,0.010101
paging,q11,1,SORT_SAMPLE,0.011924
paging,q11,1,UNGROUPED_AGGREGATE,0.8519399999999999
paging,q11,1,UNGROUPED_AGGREGATE,1.266137
paging,q11,2,CONCAT,5.768705000000001
paging,q11,2,CONCAT,5.941892999999999
paging,q11,2,CTE,0.009341
paging,q11,2,CTE,0.021622
paging,q11,2,DYNAMIC_FILTER,0.083614
paging,q11,2,DYNAMIC_FILTER,0.09344
paging,q11,2,GPU_SCAN,27.814558999999996
paging,q11,2,GPU_SCAN,16.057847999999996
paging,q11,2,HASH_GROUP_BY,1.221628
paging,q11,2,HASH_GROUP_BY,1.285005
paging,q11,2,HASH_JOIN,16.004167
paging,q11,2,HASH_JOIN,16.295073000000002
paging,q11,2,MERGE_AGGREGATE,0.041452
paging,q11,2,MERGE_AGGREGATE,0.026244
paging,q11,2,MERGE_GROUP_BY,0.018091
paging,q11,2,MERGE_GROUP_BY,0.00893
paging,q11,2,MERGE_SORT,0.006416
paging,q11,2,MERGE_SORT,0.006114
paging,q11,2,NESTED_LOOP_JOIN,0.231586
paging,q11,2,NESTED_LOOP_JOIN,0.231509
paging,q11,2,ORDER_BY,0.011743
paging,q11,2,ORDER_BY,0.013005
paging,q11,2,PARTITION,0.310946
paging,q11,2,PARTITION,0.255255
paging,q11,2,PROJECTION,2.875145
paging,q11,2,PROJECTION,7.956269000000001
paging,q11,2,RESULT_COLLECTOR,0.006221
paging,q11,2,RESULT_COLLECTOR,0.004982
paging,q11,2,SORT_PARTITION,0.007797
paging,q11,2,SORT_PARTITION,0.011045
paging,q11,2,SORT_SAMPLE,0.012877
paging,q11,2,SORT_SAMPLE,0.017155
paging,q11,2,UNGROUPED_AGGREGATE,5.721848
paging,q11,2,UNGROUPED_AGGREGATE,0.8056650000000001
paging,q11,3,CONCAT,6.123933
paging,q11,3,CONCAT,5.965001000000001
paging,q11,3,CTE,0.034292
paging,q11,3,CTE,0.025879
paging,q11,3,DYNAMIC_FILTER,0.092359
paging,q11,3,DYNAMIC_FILTER,0.102302
paging,q11,3,GPU_SCAN,24.484174999999997
paging,q11,3,GPU_SCAN,26.740213999999998
paging,q11,3,HASH_GROUP_BY,1.260554
paging,q11,3,HASH_GROUP_BY,1.172482
paging,q11,3,HASH_JOIN,15.234335000000002
paging,q11,3,HASH_JOIN,14.953761
paging,q11,3,MERGE_AGGREGATE,0.035356
paging,q11,3,MERGE_AGGREGATE,0.037078
paging,q11,3,MERGE_GROUP_BY,0.009235
paging,q11,3,MERGE_GROUP_BY,0.022419
paging,q11,3,MERGE_SORT,0.006448
paging,q11,3,MERGE_SORT,0.007156
paging,q11,3,NESTED_LOOP_JOIN,0.267726
paging,q11,3,NESTED_LOOP_JOIN,0.259438
paging,q11,3,ORDER_BY,0.01886
paging,q11,3,ORDER_BY,0.018269
paging,q11,3,PARTITION,0.4419280000000001
paging,q11,3,PARTITION,0.32743400000000006
paging,q11,3,PROJECTION,2.7257920000000007
paging,q11,3,PROJECTION,2.8483009999999997
paging,q11,3,RESULT_COLLECTOR,0.006271
paging,q11,3,RESULT_COLLECTOR,0.00566
paging,q11,3,SORT_PARTITION,0.010696
paging,q11,3,SORT_PARTITION,0.010502
paging,q11,3,SORT_SAMPLE,0.018998
paging,q11,3,SORT_SAMPLE,0.018187
paging,q11,3,UNGROUPED_AGGREGATE,5.360913
paging,q11,3,UNGROUPED_AGGREGATE,4.878652000000001
paging,q11,4,CONCAT,6.273333
paging,q11,4,CONCAT,6.1281039999999996
paging,q11,4,CTE,0.008627
paging,q11,4,CTE,0.02844
paging,q11,4,DYNAMIC_FILTER,0.095692
paging,q11,4,DYNAMIC_FILTER,0.090793
paging,q11,4,GPU_SCAN,26.199683999999987
paging,q11,4,GPU_SCAN,26.553191
paging,q11,4,HASH_GROUP_BY,1.269559
paging,q11,4,HASH_GROUP_BY,1.237437
paging,q11,4,HASH_JOIN,15.700797000000001
paging,q11,4,HASH_JOIN,16.729252000000002
paging,q11,4,MERGE_AGGREGATE,0.067275
paging,q11,4,MERGE_AGGREGATE,0.027667999999999998
paging,q11,4,MERGE_GROUP_BY,0.009131
paging,q11,4,MERGE_GROUP_BY,0.011019
paging,q11,4,MERGE_SORT,0.017432
paging,q11,4,MERGE_SORT,0.014631
paging,q11,4,NESTED_LOOP_JOIN,0.224922
paging,q11,4,NESTED_LOOP_JOIN,0.217849
paging,q11,4,ORDER_BY,0.013014
paging,q11,4,ORDER_BY,0.01183
paging,q11,4,PARTITION,0.289044
paging,q11,4,PARTITION,0.4436580000000001
paging,q11,4,PROJECTION,2.9825459999999997
paging,q11,4,PROJECTION,7.701361
paging,q11,4,RESULT_COLLECTOR,0.008941
paging,q11,4,RESULT_COLLECTOR,0.005248
paging,q11,4,SORT_PARTITION,0.008254
paging,q11,4,SORT_PARTITION,0.00487
paging,q11,4,SORT_SAMPLE,0.010945
paging,q11,4,SORT_SAMPLE,0.011159
paging,q11,4,UNGROUPED_AGGREGATE,5.7269120000000004
paging,q11,4,UNGROUPED_AGGREGATE,0.83718
paging,q11,5,CONCAT,6.195005
paging,q11,5,CONCAT,6.289519
paging,q11,5,CTE,0.034306
paging,q11,5,CTE,0.009659
paging,q11,5,DYNAMIC_FILTER,0.089992
paging,q11,5,DYNAMIC_FILTER,0.090087
paging,q11,5,GPU_SCAN,25.992029000000002
paging,q11,5,GPU_SCAN,27.113642999999993
paging,q11,5,HASH_GROUP_BY,1.335625
paging,q11,5,HASH_GROUP_BY,1.205309
paging,q11,5,HASH_JOIN,15.937313
paging,q11,5,HASH_JOIN,15.653455000000001
paging,q11,5,MERGE_AGGREGATE,0.081766
paging,q11,5,MERGE_AGGREGATE,0.07107
paging,q11,5,MERGE_GROUP_BY,0.008703
paging,q11,5,MERGE_GROUP_BY,0.00835
paging,q11,5,MERGE_SORT,0.019213
paging,q11,5,MERGE_SORT,0.006247
paging,q11,5,NESTED_LOOP_JOIN,0.222097
paging,q11,5,NESTED_LOOP_JOIN,0.272854
paging,q11,5,ORDER_BY,0.011841
paging,q11,5,ORDER_BY,0.01894
paging,q11,5,PARTITION,0.3541679999999999
paging,q11,5,PARTITION,0.30524300000000004
paging,q11,5,PROJECTION,1.2238660000000001
paging,q11,5,PROJECTION,3.16298
paging,q11,5,RESULT_COLLECTOR,0.017369
paging,q11,5,RESULT_COLLECTOR,0.008703
paging,q11,5,SORT_PARTITION,0.008453
paging,q11,5,SORT_PARTITION,0.019967
paging,q11,5,SORT_SAMPLE,0.02003
paging,q11,5,SORT_SAMPLE,0.032709
paging,q11,5,UNGROUPED_AGGREGATE,7.475601
paging,q11,5,UNGROUPED_AGGREGATE,5.353729
paging,q12,1,CONCAT,0.835604
paging,q12,1,CONCAT,1.321426
paging,q12,1,DYNAMIC_FILTER,3.510961
paging,q12,1,DYNAMIC_FILTER,3.2408200000000003
paging,q12,1,FILTER,14.713788000000003
paging,q12,1,FILTER,20.770755
paging,q12,1,GPU_SCAN,3362.7858759999995
paging,q12,1,GPU_SCAN,3403.3926930000002
paging,q12,1,HASH_GROUP_BY,1.934973
paging,q12,1,HASH_GROUP_BY,0.795385
paging,q12,1,HASH_JOIN,1.259173
paging,q12,1,HASH_JOIN,1.268574
paging,q12,1,MERGE_GROUP_BY,0.053267
paging,q12,1,MERGE_GROUP_BY,0.02272
paging,q12,1,MERGE_SORT,0.006987
paging,q12,1,MERGE_SORT,0.00612
paging,q12,1,ORDER_BY,5.115834
paging,q12,1,ORDER_BY,0.167596
paging,q12,1,PARTITION,0.327702
paging,q12,1,PARTITION,0.3288990000000001
paging,q12,1,PROJECTION,5.986148
paging,q12,1,PROJECTION,0.389057
paging,q12,1,RESULT_COLLECTOR,0.14009
paging,q12,1,RESULT_COLLECTOR,0.247314
paging,q12,1,SORT_PARTITION,0.006575
paging,q12,1,SORT_PARTITION,0.005059
paging,q12,1,SORT_SAMPLE,0.008566
paging,q12,1,SORT_SAMPLE,0.008239
paging,q12,2,CONCAT,0.90979
paging,q12,2,CONCAT,0.912253
paging,q12,2,DYNAMIC_FILTER,3.500123
paging,q12,2,DYNAMIC_FILTER,3.114999
paging,q12,2,FILTER,15.210723
paging,q12,2,FILTER,15.960128999999998
paging,q12,2,GPU_SCAN,3953.5327519999996
paging,q12,2,GPU_SCAN,3650.520677999999
paging,q12,2,HASH_GROUP_BY,0.835865
paging,q12,2,HASH_GROUP_BY,0.984286
paging,q12,2,HASH_JOIN,1.276263
paging,q12,2,HASH_JOIN,1.342791
paging,q12,2,MERGE_GROUP_BY,0.028907
paging,q12,2,MERGE_GROUP_BY,0.026295
paging,q12,2,MERGE_SORT,0.819205
paging,q12,2,MERGE_SORT,0.211023
paging,q12,2,ORDER_BY,0.20252
paging,q12,2,ORDER_BY,0.155845
paging,q12,2,PARTITION,0.43590999999999996
paging,q12,2,PARTITION,0.29750799999999994
paging,q12,2,PROJECTION,0.418969
paging,q12,2,PROJECTION,0.416245
paging,q12,2,RESULT_COLLECTOR,0.243971
paging,q12,2,RESULT_COLLECTOR,0.269382
paging,q12,2,SORT_PARTITION,0.180506
paging,q12,2,SORT_PARTITION,0.279745
paging,q12,2,SORT_SAMPLE,0.08326
paging,q12,2,SORT_SAMPLE,0.14142
paging,q12,3,CONCAT,0.874222
paging,q12,3,CONCAT,0.9774179999999999
paging,q12,3,DYNAMIC_FILTER,3.774024
paging,q12,3,DYNAMIC_FILTER,3.288872
paging,q12,3,FILTER,19.0503
paging,q12,3,FILTER,18.467812
paging,q12,3,GPU_SCAN,3837.493748
paging,q12,3,GPU_SCAN,3821.033866000001
paging,q12,3,HASH_GROUP_BY,0.823946
paging,q12,3,HASH_GROUP_BY,0.850866
paging,q12,3,HASH_JOIN,1.54879
paging,q12,3,HASH_JOIN,1.345574
paging,q12,3,MERGE_GROUP_BY,0.017838
paging,q12,3,MERGE_GROUP_BY,0.011544
paging,q12,3,MERGE_SORT,0.007723
paging,q12,3,MERGE_SORT,0.008482
paging,q12,3,ORDER_BY,0.164402
paging,q12,3,ORDER_BY,0.175277
paging,q12,3,PARTITION,0.40337799999999996
paging,q12,3,PARTITION,0.2856559999999999
paging,q12,3,PROJECTION,0.421855
paging,q12,3,PROJECTION,0.433412
paging,q12,3,RESULT_COLLECTOR,0.229742
paging,q12,3,RESULT_COLLECTOR,0.133236
paging,q12,3,SORT_PARTITION,0.00679
paging,q12,3,SORT_PARTITION,0.006267
paging,q12,3,SORT_SAMPLE,0.008877
paging,q12,3,SORT_SAMPLE,0.009629
paging,q12,4,CONCAT,0.883698
paging,q12,4,CONCAT,0.879349
paging,q12,4,DYNAMIC_FILTER,3.169906
paging,q12,4,DYNAMIC_FILTER,3.185318
paging,q12,4,FILTER,19.555704999999996
paging,q12,4,FILTER,20.790277999999997
paging,q12,4,GPU_SCAN,3699.9002059999993
paging,q12,4,GPU_SCAN,3060.4940939999997
paging,q12,4,HASH_GROUP_BY,0.844112
paging,q12,4,HASH_GROUP_BY,0.878469
paging,q12,4,HASH_JOIN,1.257537
paging,q12,4,HASH_JOIN,1.319636
paging,q12,4,MERGE_GROUP_BY,0.027324
paging,q12,4,MERGE_GROUP_BY,0.023803
paging,q12,4,MERGE_SORT,0.02193
paging,q12,4,MERGE_SORT,0.026376
paging,q12,4,ORDER_BY,0.184079
paging,q12,4,ORDER_BY,0.180041
paging,q12,4,PARTITION,0.590574
paging,q12,4,PARTITION,0.4624579999999999
paging,q12,4,PROJECTION,0.413443
paging,q12,4,PROJECTION,0.427421
paging,q12,4,RESULT_COLLECTOR,0.281976
paging,q12,4,RESULT_COLLECTOR,0.185966
paging,q12,4,SORT_PARTITION,0.006061
paging,q12,4,SORT_PARTITION,0.009796
paging,q12,4,SORT_SAMPLE,0.010235
paging,q12,4,SORT_SAMPLE,0.012344
paging,q12,5,CONCAT,0.8843530000000001
paging,q12,5,CONCAT,0.969002
paging,q12,5,DYNAMIC_FILTER,3.058356
paging,q12,5,DYNAMIC_FILTER,3.2262589999999998
paging,q12,5,FILTER,22.672877999999997
paging,q12,5,FILTER,17.753447
paging,q12,5,GPU_SCAN,3843.9450729999994
paging,q12,5,GPU_SCAN,3405.806209
paging,q12,5,HASH_GROUP_BY,0.803414
paging,q12,5,HASH_GROUP_BY,0.880282
paging,q12,5,HASH_JOIN,1.284242
paging,q12,5,HASH_JOIN,1.350878
paging,q12,5,MERGE_GROUP_BY,0.01019
paging,q12,5,MERGE_GROUP_BY,0.020739
paging,q12,5,MERGE_SORT,0.024321
paging,q12,5,MERGE_SORT,0.016445
paging,q12,5,ORDER_BY,0.166577
paging,q12,5,ORDER_BY,0.190674
paging,q12,5,PARTITION,0.346814
paging,q12,5,PARTITION,0.704067
paging,q12,5,PROJECTION,0.392171
paging,q12,5,PROJECTION,0.451509
paging,q12,5,RESULT_COLLECTOR,0.108101
paging,q12,5,RESULT_COLLECTOR,0.114836
paging,q12,5,SORT_PARTITION,0.005847
paging,q12,5,SORT_PARTITION,0.006518
paging,q12,5,SORT_SAMPLE,0.009656
paging,q12,5,SORT_SAMPLE,0.009443
paging,q13,1,CONCAT,13.792805999999999
paging,q13,1,CONCAT,13.571733
paging,q13,1,GPU_SCAN,2162.837808
paging,q13,1,GPU_SCAN,1317.1483710000002
paging,q13,1,HASH_GROUP_BY,11.416765
paging,q13,1,HASH_GROUP_BY,11.568774999999999
paging,q13,1,HASH_JOIN,75.361055
paging,q13,1,HASH_JOIN,72.338989
paging,q13,1,MERGE_GROUP_BY,0.034249
paging,q13,1,MERGE_GROUP_BY,0.08074100000000001
paging,q13,1,MERGE_SORT,0.007365
paging,q13,1,MERGE_SORT,0.006405
paging,q13,1,ORDER_BY,0.376536
paging,q13,1,ORDER_BY,0.35465
paging,q13,1,PARTITION,0.22824
paging,q13,1,PARTITION,0.14454399999999998
paging,q13,1,PROJECTION,0.044628
paging,q13,1,PROJECTION,0.042069999999999996
paging,q13,1,RESULT_COLLECTOR,0.103241
paging,q13,1,RESULT_COLLECTOR,0.263831
paging,q13,1,SORT_PARTITION,0.011114
paging,q13,1,SORT_PARTITION,0.005193
paging,q13,1,SORT_SAMPLE,0.007345
paging,q13,1,SORT_SAMPLE,0.008217
paging,q13,2,CONCAT,13.086834
paging,q13,2,CONCAT,13.517290000000001
paging,q13,2,GPU_SCAN,1164.7867529999999
paging,q13,2,GPU_SCAN,1159.461012
paging,q13,2,HASH_GROUP_BY,11.423621
paging,q13,2,HASH_GROUP_BY,11.676338
paging,q13,2,HASH_JOIN,72.187321
paging,q13,2,HASH_JOIN,72.17741
paging,q13,2,MERGE_GROUP_BY,0.037476999999999996
paging,q13,2,MERGE_GROUP_BY,0.061385999999999996
paging,q13,2,MERGE_SORT,0.006714
paging,q13,2,MERGE_SORT,0.006535
paging,q13,2,ORDER_BY,0.453792
paging,q13,2,ORDER_BY,0.238423
paging,q13,2,PARTITION,0.19733799999999999
paging,q13,2,PARTITION,0.14688800000000002
paging,q13,2,PROJECTION,0.034733
paging,q13,2,PROJECTION,0.054428
paging,q13,2,RESULT_COLLECTOR,0.176946
paging,q13,2,RESULT_COLLECTOR,0.084949
paging,q13,2,SORT_PARTITION,0.005443
paging,q13,2,SORT_PARTITION,0.008199
paging,q13,2,SORT_SAMPLE,0.008304
paging,q13,2,SORT_SAMPLE,0.012258
paging,q13,3,CONCAT,13.587945999999999
paging,q13,3,CONCAT,13.606282
paging,q13,3,GPU_SCAN,1148.24266
paging,q13,3,GPU_SCAN,1142.609235
paging,q13,3,HASH_GROUP_BY,11.299624999999999
paging,q13,3,HASH_GROUP_BY,11.389675
paging,q13,3,HASH_JOIN,72.016767
paging,q13,3,HASH_JOIN,72.243125
paging,q13,3,MERGE_GROUP_BY,0.011979
paging,q13,3,MERGE_GROUP_BY,0.018467
paging,q13,3,MERGE_SORT,0.00598
paging,q13,3,MERGE_SORT,0.005884
paging,q13,3,ORDER_BY,0.198384
paging,q13,3,ORDER_BY,0.213559
paging,q13,3,PARTITION,0.214903
paging,q13,3,PARTITION,0.201072
paging,q13,3,PROJECTION,0.022129999999999997
paging,q13,3,PROJECTION,0.022091
paging,q13,3,RESULT_COLLECTOR,0.079807
paging,q13,3,RESULT_COLLECTOR,0.100903
paging,q13,3,SORT_PARTITION,0.00578
paging,q13,3,SORT_PARTITION,0.005276
paging,q13,3,SORT_SAMPLE,0.007689
paging,q13,3,SORT_SAMPLE,0.008383
paging,q13,4,CONCAT,13.64254
paging,q13,4,CONCAT,13.70426
paging,q13,4,GPU_SCAN,1144.5171890000001
paging,q13,4,GPU_SCAN,1140.2497950000002
paging,q13,4,HASH_GROUP_BY,11.714943
paging,q13,4,HASH_GROUP_BY,11.433971
paging,q13,4,HASH_JOIN,72.413118
paging,q13,4,HASH_JOIN,71.995207
paging,q13,4,MERGE_GROUP_BY,0.056486999999999996
paging,q13,4,MERGE_GROUP_BY,0.219
paging,q13,4,MERGE_SORT,0.006558
paging,q13,4,MERGE_SORT,0.00623
paging,q13,4,ORDER_BY,0.238992
paging,q13,4,ORDER_BY,0.209604
paging,q13,4,PARTITION,0.192499
paging,q13,4,PARTITION,0.19313000000000002
paging,q13,4,PROJECTION,0.052425
paging,q13,4,PROJECTION,0.030992
paging,q13,4,RESULT_COLLECTOR,0.082475
paging,q13,4,RESULT_COLLECTOR,0.231442
paging,q13,4,SORT_PARTITION,0.009093
paging,q13,4,SORT_PARTITION,0.00485
paging,q13,4,SORT_SAMPLE,0.012142
paging,q13,4,SORT_SAMPLE,0.007544
paging,q13,5,CONCAT,13.531339
paging,q13,5,CONCAT,13.545376999999998
paging,q13,5,GPU_SCAN,1142.5268529999998
paging,q13,5,GPU_SCAN,1141.998691
paging,q13,5,HASH_GROUP_BY,11.378768
paging,q13,5,HASH_GROUP_BY,11.883078
paging,q13,5,HASH_JOIN,72.036163
paging,q13,5,HASH_JOIN,72.146186
paging,q13,5,MERGE_GROUP_BY,0.055455000000000004
paging,q13,5,MERGE_GROUP_BY,0.010609
paging,q13,5,MERGE_SORT,0.005699
paging,q13,5,MERGE_SORT,0.006278
paging,q13,5,ORDER_BY,0.442499
paging,q13,5,ORDER_BY,0.249168
paging,q13,5,PARTITION,0.17911799999999997
paging,q13,5,PARTITION,0.055754000000000005
paging,q13,5,PROJECTION,0.024047
paging,q13,5,PROJECTION,0.071139
paging,q13,5,RESULT_COLLECTOR,0.072249
paging,q13,5,RESULT_COLLECTOR,0.070565
paging,q13,5,SORT_PARTITION,0.005447
paging,q13,5,SORT_PARTITION,0.022155
paging,q13,5,SORT_SAMPLE,0.00824
paging,q13,5,SORT_SAMPLE,0.025515
paging,q14,1,CONCAT,0.328033
paging,q14,1,CONCAT,4.240804
paging,q14,1,GPU_SCAN,9270.808641000001
paging,q14,1,GPU_SCAN,7681.127070000001
paging,q14,1,HASH_JOIN,6.392846
paging,q14,1,HASH_JOIN,6.245801
paging,q14,1,MERGE_AGGREGATE,0.02959
paging,q14,1,MERGE_AGGREGATE,0.014305
paging,q14,1,PARTITION,0.15582500000000002
paging,q14,1,PARTITION,0.21098000000000003
paging,q14,1,PROJECTION,2.353055
paging,q14,1,PROJECTION,1.066112
paging,q14,1,RESULT_COLLECTOR,0.177147
paging,q14,1,RESULT_COLLECTOR,0.175671
paging,q14,1,UNGROUPED_AGGREGATE,0.583463
paging,q14,1,UNGROUPED_AGGREGATE,0.577449
paging,q14,2,CONCAT,4.86157
paging,q14,2,CONCAT,4.7754959999999995
paging,q14,2,GPU_SCAN,3198.064864
paging,q14,2,GPU_SCAN,2811.8997560000003
paging,q14,2,HASH_JOIN,6.629653
paging,q14,2,HASH_JOIN,6.451438
paging,q14,2,MERGE_AGGREGATE,0.028308
paging,q14,2,MERGE_AGGREGATE,0.071734
paging,q14,2,PARTITION,0.166865
paging,q14,2,PARTITION,0.075579
paging,q14,2,PROJECTION,1.237135
paging,q14,2,PROJECTION,1.198832
paging,q14,2,RESULT_COLLECTOR,0.148099
paging,q14,2,RESULT_COLLECTOR,0.152958
paging,q14,2,UNGROUPED_AGGREGATE,0.583652
paging,q14,2,UNGROUPED_AGGREGATE,0.566057
paging,q14,3,CONCAT,4.294266
paging,q14,3,CONCAT,4.127369
paging,q14,3,GPU_SCAN,3082.92357
paging,q14,3,GPU_SCAN,3055.7133029999995
paging,q14,3,HASH_JOIN,6.711359
paging,q14,3,HASH_JOIN,6.223763
paging,q14,3,MERGE_AGGREGATE,0.062633
paging,q14,3,MERGE_AGGREGATE,0.027318
paging,q14,3,PARTITION,0.16780899999999999
paging,q14,3,PARTITION,0.17347
paging,q14,3,PROJECTION,1.263475
paging,q14,3,PROJECTION,1.208902
paging,q14,3,RESULT_COLLECTOR,0.146824
paging,q14,3,RESULT_COLLECTOR,0.158694
paging,q14,3,UNGROUPED_AGGREGATE,0.571269
paging,q14,3,UNGROUPED_AGGREGATE,0.549343
paging,q14,4,CONCAT,4.478491
paging,q14,4,CONCAT,4.430206
paging,q14,4,GPU_SCAN,3610.755165
paging,q14,4,GPU_SCAN,3051.4667079999995
paging,q14,4,HASH_JOIN,6.300414
paging,q14,4,HASH_JOIN,6.285227
paging,q14,4,MERGE_AGGREGATE,0.016823
paging,q14,4,MERGE_AGGREGATE,0.013825
paging,q14,4,PARTITION,0.14201599999999998
paging,q14,4,PARTITION,0.17003
paging,q14,4,PROJECTION,0.947309
paging,q14,4,PROJECTION,0.8734190000000001
paging,q14,4,RESULT_COLLECTOR,0.073448
paging,q14,4,RESULT_COLLECTOR,0.071846
paging,q14,4,UNGROUPED_AGGREGATE,0.552695
paging,q14,4,UNGROUPED_AGGREGATE,0.552265
paging,q14,5,CONCAT,4.250648
paging,q14,5,CONCAT,4.238474
paging,q14,5,GPU_SCAN,4045.108564
paging,q14,5,GPU_SCAN,3258.0594460000007
paging,q14,5,HASH_JOIN,6.343329
paging,q14,5,HASH_JOIN,6.260568
paging,q14,5,MERGE_AGGREGATE,0.06098
paging,q14,5,MERGE_AGGREGATE,0.014833
paging,q14,5,PARTITION,0.236186
paging,q14,5,PARTITION,0.18127400000000002
paging,q14,5,PROJECTION,1.204661
paging,q14,5,PROJECTION,1.250496
paging,q14,5,RESULT_COLLECTOR,0.145384
paging,q14,5,RESULT_COLLECTOR,0.154582
paging,q14,5,UNGROUPED_AGGREGATE,0.562604
paging,q14,5,UNGROUPED_AGGREGATE,0.561633
paging,q15,1,CONCAT,0.104537
paging,q15,1,CONCAT,0.030153
paging,q15,1,CTE,0.006091
paging,q15,1,CTE,0.006737
paging,q15,1,GPU_SCAN,6715.423487
paging,q15,1,GPU_SCAN,9465.805489999999
paging,q15,1,HASH_GROUP_BY,8.365085
paging,q15,1,HASH_GROUP_BY,9.316785999999999
paging,q15,1,HASH_JOIN,4.916627999999999
paging,q15,1,HASH_JOIN,0.939216
paging,q15,1,MERGE_AGGREGATE,0.061804
paging,q15,1,MERGE_AGGREGATE,0.023199
paging,q15,1,MERGE_GROUP_BY,2.680494
paging,q15,1,MERGE_GROUP_BY,2.104379
paging,q15,1,MERGE_SORT,0.012272
paging,q15,1,MERGE_SORT,0.014214
paging,q15,1,ORDER_BY,0.930157
paging,q15,1,ORDER_BY,0.258698
paging,q15,1,PARTITION,0.3540170000000001
paging,q15,1,PARTITION,0.204504
paging,q15,1,PROJECTION,7.219620000000001
paging,q15,1,PROJECTION,7.257228
paging,q15,1,RESULT_COLLECTOR,0.168318
paging,q15,1,RESULT_COLLECTOR,0.18554
paging,q15,1,SORT_PARTITION,1.351224
paging,q15,1,SORT_PARTITION,0.470118
paging,q15,1,SORT_SAMPLE,0.23426
paging,q15,1,SORT_SAMPLE,0.049564
paging,q15,1,UNGROUPED_AGGREGATE,9.902305
paging,q15,1,UNGROUPED_AGGREGATE,0.342693
paging,q15,2,CONCAT,0.085896
paging,q15,2,CONCAT,0.11028199999999999
paging,q15,2,CTE,0.006815
paging,q15,2,CTE,0.028717
paging,q15,2,GPU_SCAN,5978.999279000001
paging,q15,2,GPU_SCAN,4658.411502000001
paging,q15,2,HASH_GROUP_BY,15.660519
paging,q15,2,HASH_GROUP_BY,13.008421
paging,q15,2,HASH_JOIN,1.864412
paging,q15,2,HASH_JOIN,1.435137
paging,q15,2,MERGE_AGGREGATE,0.023905000000000003
paging,q15,2,MERGE_AGGREGATE,0.069017
paging,q15,2,MERGE_GROUP_BY,2.069312
paging,q15,2,MERGE_GROUP_BY,2.144515
paging,q15,2,MERGE_SORT,0.01725
paging,q15,2,MERGE_SORT,0.017019
paging,q15,2,ORDER_BY,0.368443
paging,q15,2,ORDER_BY,0.268409
paging,q15,2,PARTITION,0.16092499999999998
paging,q15,2,PARTITION,0.360861
paging,q15,2,PROJECTION,6.342573
paging,q15,2,PROJECTION,5.258169999999999
paging,q15,2,RESULT_COLLECTOR,0.132902
paging,q15,2,RESULT_COLLECTOR,0.210389
paging,q15,2,SORT_PARTITION,1.445302
paging,q15,2,SORT_PARTITION,1.523596
paging,q15,2,SORT_SAMPLE,0.22002
paging,q15,2,SORT_SAMPLE,0.259887
paging,q15,2,UNGROUPED_AGGREGATE,0.34965999999999997
paging,q15,2,UNGROUPED_AGGREGATE,0.8238759999999999
paging,q15,3,CONCAT,0.089192
paging,q15,3,CONCAT,0.08437900000000001
paging,q15,3,CTE,0.007787
paging,q15,3,CTE,0.010276
paging,q15,3,GPU_SCAN,4947.200949
paging,q15,3,GPU_SCAN,5695.172113999999
paging,q15,3,HASH_GROUP_BY,15.391188
paging,q15,3,HASH_GROUP_BY,9.594522000000001
paging,q15,3,HASH_JOIN,0.971136
paging,q15,3,HASH_JOIN,1.280844
paging,q15,3,MERGE_AGGREGATE,0.032078999999999996
paging,q15,3,MERGE_AGGREGATE,0.051822
paging,q15,3,MERGE_GROUP_BY,2.102178
paging,q15,3,MERGE_GROUP_BY,2.161368
paging,q15,3,MERGE_SORT,0.011653
paging,q15,3,MERGE_SORT,0.033603
paging,q15,3,ORDER_BY,0.242188
paging,q15,3,ORDER_BY,0.292541
paging,q15,3,PARTITION,0.193173
paging,q15,3,PARTITION,0.365678
paging,q15,3,PROJECTION,9.419931
paging,q15,3,PROJECTION,8.030266000000001
paging,q15,3,RESULT_COLLECTOR,0.15688
paging,q15,3,RESULT_COLLECTOR,0.175066
paging,q15,3,SORT_PARTITION,1.488468
paging,q15,3,SORT_PARTITION,1.081599
paging,q15,3,SORT_SAMPLE,0.218462
paging,q15,3,SORT_SAMPLE,0.12695
paging,q15,3,UNGROUPED_AGGREGATE,0.3479
paging,q15,3,UNGROUPED_AGGREGATE,0.763707
paging,q15,4,CONCAT,0.06432800000000001
paging,q15,4,CONCAT,0.120048
paging,q15,4,CTE,0.005707
paging,q15,4,CTE,0.010205
paging,q15,4,GPU_SCAN,6095.783256
paging,q15,4,GPU_SCAN,5221.804365
paging,q15,4,HASH_GROUP_BY,13.016518000000001
paging,q15,4,HASH_GROUP_BY,11.589166999999998
paging,q15,4,HASH_JOIN,2.320224
paging,q15,4,HASH_JOIN,1.653441
paging,q15,4,MERGE_AGGREGATE,0.043265
paging,q15,4,MERGE_AGGREGATE,0.026904
paging,q15,4,MERGE_GROUP_BY,2.089094
paging,q15,4,MERGE_GROUP_BY,2.105953
paging,q15,4,MERGE_SORT,0.032257
paging,q15,4,MERGE_SORT,0.013039
paging,q15,4,ORDER_BY,0.566817
paging,q15,4,ORDER_BY,0.446091
paging,q15,4,PARTITION,0.182481
paging,q15,4,PARTITION,0.172192
paging,q15,4,PROJECTION,5.715495999999999
paging,q15,4,PROJECTION,7.7329469999999985
paging,q15,4,RESULT_COLLECTOR,0.146195
paging,q15,4,RESULT_COLLECTOR,0.137236
paging,q15,4,SORT_PARTITION,0.518545
paging,q15,4,SORT_PARTITION,0.549315
paging,q15,4,SORT_SAMPLE,0.030354
paging,q15,4,SORT_SAMPLE,0.061174
paging,q15,4,UNGROUPED_AGGREGATE,0.345255
paging,q15,4,UNGROUPED_AGGREGATE,0.33755
paging,q15,5,CONCAT,0.056604999999999996
paging,q15,5,CONCAT,0.037377
paging,q15,5,CTE,0.01635
paging,q15,5,CTE,0.04958
paging,q15,5,GPU_SCAN,5628.043251000001
paging,q15,5,GPU_SCAN,5199.02809
paging,q15,5,HASH_GROUP_BY,10.984034
paging,q15,5,HASH_GROUP_BY,15.578622
paging,q15,5,HASH_JOIN,2.319213
paging,q15,5,HASH_JOIN,2.290232
paging,q15,5,MERGE_AGGREGATE,0.044452
paging,q15,5,MERGE_AGGREGATE,0.065826
paging,q15,5,MERGE_GROUP_BY,2.065159
paging,q15,5,MERGE_GROUP_BY,2.145265
paging,q15,5,MERGE_SORT,0.041655
paging,q15,5,MERGE_SORT,0.008883
paging,q15,5,ORDER_BY,0.736253
paging,q15,5,ORDER_BY,0.739055
paging,q15,5,PARTITION,0.30838199999999993
paging,q15,5,PARTITION,0.21077300000000002
paging,q15,5,PROJECTION,9.230790999999998
paging,q15,5,PROJECTION,15.27719
paging,q15,5,RESULT_COLLECTOR,0.150985
paging,q15,5,RESULT_COLLECTOR,0.167301
paging,q15,5,SORT_PARTITION,1.054708
paging,q15,5,SORT_PARTITION,0.620936
paging,q15,5,SORT_SAMPLE,0.123801
paging,q15,5,SORT_SAMPLE,0.072059
paging,q15,5,UNGROUPED_AGGREGATE,0.328021
paging,q15,5,UNGROUPED_AGGREGATE,0.339259
paging,q16,1,CONCAT,0.37326800000000004
paging,q16,1,CONCAT,0.294204
paging,q16,1,DYNAMIC_FILTER,0.71623
paging,q16,1,DYNAMIC_FILTER,0.726542
paging,q16,1,FILTER,4.382769
paging,q16,1,FILTER,4.342822999999999
paging,q16,1,GPU_SCAN,309.321026
paging,q16,1,GPU_SCAN,217.70025900000002
paging,q16,1,HASH_GROUP_BY,61.884709
paging,q16,1,HASH_GROUP_BY,51.222343
paging,q16,1,HASH_JOIN,6.477121
paging,q16,1,HASH_JOIN,6.159835
paging,q16,1,MERGE_GROUP_BY,1.204395
paging,q16,1,MERGE_GROUP_BY,0.446412
paging,q16,1,MERGE_SORT,0.030028
paging,q16,1,MERGE_SORT,0.012307
paging,q16,1,ORDER_BY,2.829742
paging,q16,1,ORDER_BY,2.918958
paging,q16,1,PARTITION,0.253465
paging,q16,1,PARTITION,0.183997
paging,q16,1,PROJECTION,0.020531
paging,q16,1,PROJECTION,0.01513
paging,q16,1,RESULT_COLLECTOR,0.87053
paging,q16,1,RESULT_COLLECTOR,0.831097
paging,q16,1,SORT_PARTITION,0.010181
paging,q16,1,SORT_PARTITION,0.006764
paging,q16,1,SORT_SAMPLE,0.017768
paging,q16,1,SORT_SAMPLE,0.011993
paging,q16,2,CONCAT,0.246146
paging,q16,2,CONCAT,0.32381100000000007
paging,q16,2,DYNAMIC_FILTER,0.713715
paging,q16,2,DYNAMIC_FILTER,0.707682
paging,q16,2,FILTER,4.189636
paging,q16,2,FILTER,4.183313
paging,q16,2,GPU_SCAN,232.057299
paging,q16,2,GPU_SCAN,235.36067599999998
paging,q16,2,HASH_GROUP_BY,47.756237
paging,q16,2,HASH_GROUP_BY,47.500052
paging,q16,2,HASH_JOIN,5.683239
paging,q16,2,HASH_JOIN,6.247814
paging,q16,2,MERGE_GROUP_BY,0.915746
paging,q16,2,MERGE_GROUP_BY,1.199103
paging,q16,2,MERGE_SORT,0.01557
paging,q16,2,MERGE_SORT,0.02282
paging,q16,2,ORDER_BY,2.526856
paging,q16,2,ORDER_BY,3.199636
paging,q16,2,PARTITION,0.186994
paging,q16,2,PARTITION,0.129286
paging,q16,2,PROJECTION,0.015598
paging,q16,2,PROJECTION,0.019686
paging,q16,2,RESULT_COLLECTOR,0.944642
paging,q16,2,RESULT_COLLECTOR,1.273868
paging,q16,2,SORT_PARTITION,0.006759
paging,q16,2,SORT_PARTITION,0.032408
paging,q16,2,SORT_SAMPLE,0.010616
paging,q16,2,SORT_SAMPLE,0.050728
paging,q16,3,CONCAT,0.217751
paging,q16,3,CONCAT,0.29756999999999995
paging,q16,3,DYNAMIC_FILTER,0.732141
paging,q16,3,DYNAMIC_FILTER,0.717217
paging,q16,3,FILTER,4.357392000000001
paging,q16,3,FILTER,4.173301
paging,q16,3,GPU_SCAN,216.59797400000002
paging,q16,3,GPU_SCAN,229.94496600000002
paging,q16,3,HASH_GROUP_BY,50.460127
paging,q16,3,HASH_GROUP_BY,47.577035
paging,q16,3,HASH_JOIN,6.631219
paging,q16,3,HASH_JOIN,6.2874289999999995
paging,q16,3,MERGE_GROUP_BY,1.169004
paging,q16,3,MERGE_GROUP_BY,1.167234
paging,q16,3,MERGE_SORT,0.0326
paging,q16,3,MERGE_SORT,0.0091
paging,q16,3,ORDER_BY,2.627913
paging,q16,3,ORDER_BY,2.544049
paging,q16,3,PARTITION,0.228006
paging,q16,3,PARTITION,0.12062099999999999
paging,q16,3,PROJECTION,0.017627
paging,q16,3,PROJECTION,0.016096
paging,q16,3,RESULT_COLLECTOR,1.003319
paging,q16,3,RESULT_COLLECTOR,1.22571
paging,q16,3,SORT_PARTITION,0.008076
paging,q16,3,SORT_PARTITION,0.007807
paging,q16,3,SORT_SAMPLE,0.015727
paging,q16,3,SORT_SAMPLE,0.013593
paging,q16,4,CONCAT,0.23484499999999997
paging,q16,4,CONCAT,0.163626
paging,q16,4,DYNAMIC_FILTER,0.723031
paging,q16,4,DYNAMIC_FILTER,0.713707
paging,q16,4,FILTER,4.341813999999999
paging,q16,4,FILTER,4.252111
paging,q16,4,GPU_SCAN,215.95922000000002
paging,q16,4,GPU_SCAN,195.29078900000002
paging,q16,4,HASH_GROUP_BY,50.16054
paging,q16,4,HASH_GROUP_BY,47.615912
paging,q16,4,HASH_JOIN,6.194688
paging,q16,4,HASH_JOIN,5.668924
paging,q16,4,MERGE_GROUP_BY,1.141755
paging,q16,4,MERGE_GROUP_BY,1.194081
paging,q16,4,MERGE_SORT,0.009953
paging,q16,4,MERGE_SORT,0.007274
paging,q16,4,ORDER_BY,3.158629
paging,q16,4,ORDER_BY,2.662809
paging,q16,4,PARTITION,0.185986
paging,q16,4,PARTITION,0.092689
paging,q16,4,PROJECTION,0.017236
paging,q16,4,PROJECTION,0.01802
paging,q16,4,RESULT_COLLECTOR,0.959971
paging,q16,4,RESULT_COLLECTOR,0.846449
paging,q16,4,SORT_PARTITION,0.009031
paging,q16,4,SORT_PARTITION,0.00638
paging,q16,4,SORT_SAMPLE,0.018097
paging,q16,4,SORT_SAMPLE,0.011193
paging,q16,5,CONCAT,0.318266
paging,q16,5,CONCAT,0.265637
paging,q16,5,DYNAMIC_FILTER,0.705211
paging,q16,5,DYNAMIC_FILTER,0.704826
paging,q16,5,FILTER,4.213178
paging,q16,5,FILTER,4.430408
paging,q16,5,GPU_SCAN,205.99818
paging,q16,5,GPU_SCAN,210.43528299999997
paging,q16,5,HASH_GROUP_BY,47.607574
paging,q16,5,HASH_GROUP_BY,47.638067
paging,q16,5,HASH_JOIN,5.637836
paging,q16,5,HASH_JOIN,6.680395
paging,q16,5,MERGE_GROUP_BY,0.471042
paging,q16,5,MERGE_GROUP_BY,0.44837
paging,q16,5,MERGE_SORT,0.032163
paging,q16,5,MERGE_SORT,0.009974
paging,q16,5,ORDER_BY,2.564514
paging,q16,5,ORDER_BY,2.512372
paging,q16,5,PARTITION,0.189283
paging,q16,5,PARTITION,0.167034
paging,q16,5,PROJECTION,0.015595
paging,q16,5,PROJECTION,0.037407
paging,q16,5,RESULT_COLLECTOR,1.008231
paging,q16,5,RESULT_COLLECTOR,1.263065
paging,q16,5,SORT_PARTITION,0.006545
paging,q16,5,SORT_PARTITION,0.010126
paging,q16,5,SORT_SAMPLE,0.01068
paging,q16,5,SORT_SAMPLE,0.01787
paging,q17,1,CONCAT,0.449423
paging,q17,1,CONCAT,0.47111100000000006
paging,q17,1,DYNAMIC_FILTER,16.772098000000003
paging,q17,1,DYNAMIC_FILTER,17.145837
paging,q17,1,FILTER,0.10803
paging,q17,1,FILTER,0.114548
paging,q17,1,GPU_SCAN,8620.794822
paging,q17,1,GPU_SCAN,6482.3473699999995
paging,q17,1,HASH_GROUP_BY,4.705461
paging,q17,1,HASH_GROUP_BY,3.9321040000000003
paging,q17,1,HASH_JOIN,104.89362899999999
paging,q17,1,HASH_JOIN,105.850733
paging,q17,1,LEFT_DELIM_JOIN,0.17813
paging,q17,1,LEFT_DELIM_JOIN,0.183063
paging,q17,1,MERGE_AGGREGATE,0.011492
paging,q17,1,MERGE_AGGREGATE,0.026433
paging,q17,1,MERGE_GROUP_BY,1.5364550000000001
paging,q17,1,MERGE_GROUP_BY,0.504399
paging,q17,1,PARTITION,0.43391
paging,q17,1,PARTITION,0.3607679999999999
paging,q17,1,PROJECTION,0.373258
paging,q17,1,PROJECTION,0.283383
paging,q17,1,RESULT_COLLECTOR,0.070207
paging,q17,1,RESULT_COLLECTOR,0.086807
paging,q17,1,UNGROUPED_AGGREGATE,0.16154
paging,q17,1,UNGROUPED_AGGREGATE,0.156658
paging,q17,2,CONCAT,0.874141
paging,q17,2,CONCAT,0.348126
paging,q17,2,DYNAMIC_FILTER,16.505443
paging,q17,2,DYNAMIC_FILTER,16.763305
paging,q17,2,FILTER,0.113285
paging,q17,2,FILTER,0.115411
paging,q17,2,GPU_SCAN,3448.284098
paging,q17,2,GPU_SCAN,4478.758747
paging,q17,2,HASH_GROUP_BY,3.287638
paging,q17,2,HASH_GROUP_BY,3.384209
paging,q17,2,HASH_JOIN,69.194921
paging,q17,2,HASH_JOIN,105.31998999999999
paging,q17,2,LEFT_DELIM_JOIN,0.251755
paging,q17,2,LEFT_DELIM_JOIN,0.312786
paging,q17,2,MERGE_AGGREGATE,0.02985
paging,q17,2,MERGE_AGGREGATE,0.029966
paging,q17,2,MERGE_GROUP_BY,0.819528
paging,q17,2,MERGE_GROUP_BY,0.496824
paging,q17,2,PARTITION,0.504976
paging,q17,2,PARTITION,0.36737100000000006
paging,q17,2,PROJECTION,0.330502
paging,q17,2,PROJECTION,0.326735
paging,q17,2,RESULT_COLLECTOR,0.077987
paging,q17,2,RESULT_COLLECTOR,0.077127
paging,q17,2,UNGROUPED_AGGREGATE,0.157358
paging,q17,2,UNGROUPED_AGGREGATE,0.160722
paging,q17,3,CONCAT,0.5562410000000001
paging,q17,3,CONCAT,0.37032899999999996
paging,q17,3,DYNAMIC_FILTER,16.942842000000002
paging,q17,3,DYNAMIC_FILTER,17.231302
paging,q17,3,FILTER,0.110527
paging,q17,3,FILTER,0.112814
paging,q17,3,GPU_SCAN,3827.648887
paging,q17,3,GPU_SCAN,5257.82687
paging,q17,3,HASH_GROUP_BY,3.798098
paging,q17,3,HASH_GROUP_BY,2.9463970000000006
paging,q17,3,HASH_JOIN,89.008165
paging,q17,3,HASH_JOIN,88.00538399999999
paging,q17,3,LEFT_DELIM_JOIN,0.19097
paging,q17,3,LEFT_DELIM_JOIN,0.141678
paging,q17,3,MERGE_AGGREGATE,0.038116
paging,q17,3,MERGE_AGGREGATE,0.016372
paging,q17,3,MERGE_GROUP_BY,1.035204
paging,q17,3,MERGE_GROUP_BY,0.5235
paging,q17,3,PARTITION,0.7325069999999999
paging,q17,3,PARTITION,0.30845100000000003
paging,q17,3,PROJECTION,0.511576
paging,q17,3,PROJECTION,0.39971900000000005
paging,q17,3,RESULT_COLLECTOR,0.104236
paging,q17,3,RESULT_COLLECTOR,0.083577
paging,q17,3,UNGROUPED_AGGREGATE,0.153048
paging,q17,3,UNGROUPED_AGGREGATE,0.158589
paging,q17,4,CONCAT,0.303281
paging,q17,4,CONCAT,0.5435519999999999
paging,q17,4,DYNAMIC_FILTER,17.801899000000002
paging,q17,4,DYNAMIC_FILTER,16.790519
paging,q17,4,FILTER,0.343667
paging,q17,4,FILTER,0.144733
paging,q17,4,GPU_SCAN,3673.7992449999997
paging,q17,4,GPU_SCAN,4791.491775999999
paging,q17,4,HASH_GROUP_BY,3.1690390000000006
paging,q17,4,HASH_GROUP_BY,4.016084
paging,q17,4,HASH_JOIN,88.45029699999999
paging,q17,4,HASH_JOIN,96.761178
paging,q17,4,LEFT_DELIM_JOIN,0.231706
paging,q17,4,LEFT_DELIM_JOIN,0.300985
paging,q17,4,MERGE_AGGREGATE,0.016544
paging,q17,4,MERGE_AGGREGATE,0.014965
paging,q17,4,MERGE_GROUP_BY,0.513363
paging,q17,4,MERGE_GROUP_BY,0.620309
paging,q17,4,PARTITION,0.36080799999999996
paging,q17,4,PARTITION,0.48940999999999996
paging,q17,4,PROJECTION,0.589581
paging,q17,4,PROJECTION,0.413836
paging,q17,4,RESULT_COLLECTOR,0.074801
paging,q17,4,RESULT_COLLECTOR,0.081761
paging,q17,4,UNGROUPED_AGGREGATE,0.470239
paging,q17,4,UNGROUPED_AGGREGATE,0.200262
paging,q17,5,CONCAT,0.42756399999999994
paging,q17,5,CONCAT,0.48393300000000006
paging,q17,5,DYNAMIC_FILTER,13.941699999999999
paging,q17,5,DYNAMIC_FILTER,19.576124999999998
paging,q17,5,FILTER,0.159703
paging,q17,5,FILTER,0.139301
paging,q17,5,GPU_SCAN,3751.5797349999993
paging,q17,5,GPU_SCAN,5362.872028
paging,q17,5,HASH_GROUP_BY,2.6847250000000003
paging,q17,5,HASH_GROUP_BY,4.145439
paging,q17,5,HASH_JOIN,74.073925
paging,q17,5,HASH_JOIN,105.44057900000001
paging,q17,5,LEFT_DELIM_JOIN,0.177405
paging,q17,5,LEFT_DELIM_JOIN,0.171476
paging,q17,5,MERGE_AGGREGATE,0.029421
paging,q17,5,MERGE_AGGREGATE,0.013034
paging,q17,5,MERGE_GROUP_BY,0.47264999999999996
paging,q17,5,MERGE_GROUP_BY,0.654871
paging,q17,5,PARTITION,0.450651
paging,q17,5,PARTITION,0.5590379999999999
paging,q17,5,PROJECTION,1.508403
paging,q17,5,PROJECTION,0.426525
paging,q17,5,RESULT_COLLECTOR,0.0737
paging,q17,5,RESULT_COLLECTOR,0.106028
paging,q17,5,UNGROUPED_AGGREGATE,0.240741
paging,q17,5,UNGROUPED_AGGREGATE,0.193438
paging,q18,1,CONCAT,0.528635
paging,q18,1,CONCAT,3.0057879999999995
paging,q18,1,DYNAMIC_FILTER,21.720377999999997
paging,q18,1,DYNAMIC_FILTER,21.118809000000002
paging,q18,1,FILTER,3.4011839999999998
paging,q18,1,FILTER,3.454342
paging,q18,1,GPU_SCAN,4010.4615120000003
paging,q18,1,GPU_SCAN,3913.346151
paging,q18,1,HASH_GROUP_BY,94.253439
paging,q18,1,HASH_GROUP_BY,163.714108
paging,q18,1,HASH_JOIN,2.6837199999999997
paging,q18,1,HASH_JOIN,2.668889
paging,q18,1,MERGE_GROUP_BY,126.193561
paging,q18,1,MERGE_GROUP_BY,126.53048500000001
paging,q18,1,MERGE_SORT,9.815733
paging,q18,1,MERGE_SORT,0.4481
paging,q18,1,ORDER_BY,1.036052
paging,q18,1,ORDER_BY,0.43566
paging,q18,1,PARTITION,56.349667
paging,q18,1,PARTITION,33.523706
paging,q18,1,PROJECTION,0.012643
paging,q18,1,PROJECTION,0.012381
paging,q18,1,RESULT_COLLECTOR,0.495708
paging,q18,1,RESULT_COLLECTOR,0.471346
paging,q18,1,SORT_PARTITION,3.501273
paging,q18,1,SORT_PARTITION,0.287398
paging,q18,1,SORT_SAMPLE,0.051556
paging,q18,1,SORT_SAMPLE,0.038897
paging,q18,2,CONCAT,0.303255
paging,q18,2,CONCAT,0.321107
paging,q18,2,DYNAMIC_FILTER,18.444617
paging,q18,2,DYNAMIC_FILTER,21.438734
paging,q18,2,FILTER,3.374819
paging,q18,2,FILTER,2.871464
paging,q18,2,GPU_SCAN,2526.601822
paging,q18,2,GPU_SCAN,2237.952959
paging,q18,2,HASH_GROUP_BY,177.12810700000003
paging,q18,2,HASH_GROUP_BY,196.301139
paging,q18,2,HASH_JOIN,2.888132
paging,q18,2,HASH_JOIN,2.8057380000000003
paging,q18,2,MERGE_GROUP_BY,128.7598
paging,q18,2,MERGE_GROUP_BY,126.597533
paging,q18,2,MERGE_SORT,0.442865
paging,q18,2,MERGE_SORT,1.313834
paging,q18,2,ORDER_BY,0.368072
paging,q18,2,ORDER_BY,0.389763
paging,q18,2,PARTITION,33.77003000000001
paging,q18,2,PARTITION,33.45004500000001
paging,q18,2,PROJECTION,0.013178
paging,q18,2,PROJECTION,0.01324
paging,q18,2,RESULT_COLLECTOR,0.278269
paging,q18,2,RESULT_COLLECTOR,0.172068
paging,q18,2,SORT_PARTITION,0.478217
paging,q18,2,SORT_PARTITION,0.48941
paging,q18,2,SORT_SAMPLE,0.034498
paging,q18,2,SORT_SAMPLE,0.036362
paging,q18,3,CONCAT,0.627378
paging,q18,3,CONCAT,0.43335799999999997
paging,q18,3,DYNAMIC_FILTER,19.239342
paging,q18,3,DYNAMIC_FILTER,18.501097
paging,q18,3,FILTER,3.0216010000000004
paging,q18,3,FILTER,3.0878240000000003
paging,q18,3,GPU_SCAN,2196.100524
paging,q18,3,GPU_SCAN,2182.0341190000004
paging,q18,3,HASH_GROUP_BY,207.706494
paging,q18,3,HASH_GROUP_BY,202.82637500000004
paging,q18,3,HASH_JOIN,2.940342
paging,q18,3,HASH_JOIN,2.55677
paging,q18,3,MERGE_GROUP_BY,129.047093
paging,q18,3,MERGE_GROUP_BY,126.71715300000001
paging,q18,3,MERGE_SORT,0.432279
paging,q18,3,MERGE_SORT,0.449545
paging,q18,3,ORDER_BY,0.711316
paging,q18,3,ORDER_BY,0.401543
paging,q18,3,PARTITION,33.813081
paging,q18,3,PARTITION,33.36597099999999
paging,q18,3,PROJECTION,0.02237
paging,q18,3,PROJECTION,0.012425
paging,q18,3,RESULT_COLLECTOR,0.199312
paging,q18,3,RESULT_COLLECTOR,0.141441
paging,q18,3,SORT_PARTITION,0.486263
paging,q18,3,SORT_PARTITION,0.469795
paging,q18,3,SORT_SAMPLE,0.033603
paging,q18,3,SORT_SAMPLE,0.033089
paging,q18,4,CONCAT,0.455601
paging,q18,4,CONCAT,0.433758
paging,q18,4,DYNAMIC_FILTER,21.550811000000003
paging,q18,4,DYNAMIC_FILTER,19.058026
paging,q18,4,FILTER,3.059542
paging,q18,4,FILTER,3.267478
paging,q18,4,GPU_SCAN,2827.2197550000005
paging,q18,4,GPU_SCAN,2202.1518170000004
paging,q18,4,HASH_GROUP_BY,198.12868
paging,q18,4,HASH_GROUP_BY,201.775384
paging,q18,4,HASH_JOIN,3.0401890000000003
paging,q18,4,HASH_JOIN,3.290385
paging,q18,4,MERGE_GROUP_BY,127.32189500000001
paging,q18,4,MERGE_GROUP_BY,126.90453300000001
paging,q18,4,MERGE_SORT,0.469429
paging,q18,4,MERGE_SORT,0.576394
paging,q18,4,ORDER_BY,0.350595
paging,q18,4,ORDER_BY,0.413051
paging,q18,4,PARTITION,33.57785400000001
paging,q18,4,PARTITION,33.90809099999999
paging,q18,4,PROJECTION,0.013072
paging,q18,4,PROJECTION,0.016792
paging,q18,4,RESULT_COLLECTOR,0.252853
paging,q18,4,RESULT_COLLECTOR,0.148599
paging,q18,4,SORT_PARTITION,0.501454
paging,q18,4,SORT_PARTITION,0.541829
paging,q18,4,SORT_SAMPLE,0.076966
paging,q18,4,SORT_SAMPLE,0.039552
paging,q18,5,CONCAT,0.462042
paging,q18,5,CONCAT,0.34971
paging,q18,5,DYNAMIC_FILTER,22.49691
paging,q18,5,DYNAMIC_FILTER,17.165164
paging,q18,5,FILTER,3.753596
paging,q18,5,FILTER,3.1244769999999997
paging,q18,5,GPU_SCAN,3248.25799
paging,q18,5,GPU_SCAN,2196.935142
paging,q18,5,HASH_GROUP_BY,177.68991400000002
paging,q18,5,HASH_GROUP_BY,201.40277799999998
paging,q18,5,HASH_JOIN,3.4467610000000004
paging,q18,5,HASH_JOIN,2.860215
paging,q18,5,MERGE_GROUP_BY,128.772211
paging,q18,5,MERGE_GROUP_BY,127.112966
paging,q18,5,MERGE_SORT,0.449671
paging,q18,5,MERGE_SORT,0.443991
paging,q18,5,ORDER_BY,0.376496
paging,q18,5,ORDER_BY,0.397629
paging,q18,5,PARTITION,33.238805000000006
paging,q18,5,PARTITION,32.974144
paging,q18,5,PROJECTION,0.012844
paging,q18,5,PROJECTION,0.012371
paging,q18,5,RESULT_COLLECTOR,0.290429
paging,q18,5,RESULT_COLLECTOR,0.344585
paging,q18,5,SORT_PARTITION,0.487256
paging,q18,5,SORT_PARTITION,0.483814
paging,q18,5,SORT_SAMPLE,0.035005
paging,q18,5,SORT_SAMPLE,0.035616
paging,q19,1,CONCAT,1.976507
paging,q19,1,CONCAT,1.967015
paging,q19,1,DYNAMIC_FILTER,2.237307
paging,q19,1,DYNAMIC_FILTER,2.236215
paging,q19,1,FILTER,25.154355000000002
paging,q19,1,FILTER,21.77971
paging,q19,1,GPU_SCAN,7858.0049739999995
paging,q19,1,GPU_SCAN,8545.68098
paging,q19,1,HASH_JOIN,12.689799
paging,q19,1,HASH_JOIN,12.723531
paging,q19,1,MERGE_AGGREGATE,0.036708
paging,q19,1,MERGE_AGGREGATE,0.035311
paging,q19,1,PARTITION,0.48865
paging,q19,1,PARTITION,0.21438799999999997
paging,q19,1,PROJECTION,0.099849
paging,q19,1,PROJECTION,0.082852
paging,q19,1,RESULT_COLLECTOR,0.193767
paging,q19,1,RESULT_COLLECTOR,0.139012
paging,q19,1,UNGROUPED_AGGREGATE,0.170619
paging,q19,1,UNGROUPED_AGGREGATE,0.155575
paging,q19,2,CONCAT,2.001134
paging,q19,2,CONCAT,2.263364
paging,q19,2,DYNAMIC_FILTER,2.276893
paging,q19,2,DYNAMIC_FILTER,2.216609
paging,q19,2,FILTER,19.789664
paging,q19,2,FILTER,20.865658
paging,q19,2,GPU_SCAN,5431.006493999999
paging,q19,2,GPU_SCAN,4730.978355
paging,q19,2,HASH_JOIN,12.6956
paging,q19,2,HASH_JOIN,12.820565
paging,q19,2,MERGE_AGGREGATE,0.023008
paging,q19,2,MERGE_AGGREGATE,0.062267
paging,q19,2,PARTITION,0.255839
paging,q19,2,PARTITION,0.261131
paging,q19,2,PROJECTION,0.086781
paging,q19,2,PROJECTION,0.09542
paging,q19,2,RESULT_COLLECTOR,0.109105
paging,q19,2,RESULT_COLLECTOR,0.22411
paging,q19,2,UNGROUPED_AGGREGATE,0.157743
paging,q19,2,UNGROUPED_AGGREGATE,0.175533
paging,q19,3,CONCAT,1.893162
paging,q19,3,CONCAT,1.866713
paging,q19,3,DYNAMIC_FILTER,2.186545
paging,q19,3,DYNAMIC_FILTER,2.19321
paging,q19,3,FILTER,28.840919999999997
paging,q19,3,FILTER,24.463994
paging,q19,3,GPU_SCAN,4825.087882000001
paging,q19,3,GPU_SCAN,6045.479264
paging,q19,3,HASH_JOIN,12.607435
paging,q19,3,HASH_JOIN,12.686525
paging,q19,3,MERGE_AGGREGATE,0.057321
paging,q19,3,MERGE_AGGREGATE,0.024173
paging,q19,3,PARTITION,0.33978200000000003
paging,q19,3,PARTITION,0.29322
paging,q19,3,PROJECTION,0.119609
paging,q19,3,PROJECTION,0.087993
paging,q19,3,RESULT_COLLECTOR,0.085799
paging,q19,3,RESULT_COLLECTOR,0.09173
paging,q19,3,UNGROUPED_AGGREGATE,0.18153
paging,q19,3,UNGROUPED_AGGREGATE,0.158001
paging,q19,4,CONCAT,1.887204
paging,q19,4,CONCAT,1.907432
paging,q19,4,DYNAMIC_FILTER,2.253423
paging,q19,4,DYNAMIC_FILTER,2.246792
paging,q19,4,FILTER,20.615835000000004
paging,q19,4,FILTER,24.171021
paging,q19,4,GPU_SCAN,4721.686796
paging,q19,4,GPU_SCAN,5027.30738
paging,q19,4,HASH_JOIN,12.572972
paging,q19,4,HASH_JOIN,12.781576
paging,q19,4,MERGE_AGGREGATE,0.020622
paging,q19,4,MERGE_AGGREGATE,0.059467
paging,q19,4,PARTITION,0.24046800000000002
paging,q19,4,PARTITION,0.320877
paging,q19,4,PROJECTION,0.096682
paging,q19,4,PROJECTION,0.09011
paging,q19,4,RESULT_COLLECTOR,0.212393
paging,q19,4,RESULT_COLLECTOR,0.199965
paging,q19,4,UNGROUPED_AGGREGATE,0.166277
paging,q19,4,UNGROUPED_AGGREGATE,0.163039
paging,q19,5,CONCAT,1.988713
paging,q19,5,CONCAT,2.0529859999999998
paging,q19,5,DYNAMIC_FILTER,2.231224
paging,q19,5,DYNAMIC_FILTER,2.218345
paging,q19,5,FILTER,21.345903999999997
paging,q19,5,FILTER,20.555532
paging,q19,5,GPU_SCAN,5127.368630000001
paging,q19,5,GPU_SCAN,5815.766729999999
paging,q19,5,HASH_JOIN,12.608967
paging,q19,5,HASH_JOIN,12.609745
paging,q19,5,MERGE_AGGREGATE,0.019591
paging,q19,5,MERGE_AGGREGATE,0.037699
paging,q19,5,PARTITION,0.28190100000000007
paging,q19,5,PARTITION,0.616931
paging,q19,5,PROJECTION,0.083353
paging,q19,5,PROJECTION,0.086244
paging,q19,5,RESULT_COLLECTOR,0.229947
paging,q19,5,RESULT_COLLECTOR,0.179697
paging,q19,5,UNGROUPED_AGGREGATE,0.165946
paging,q19,5,UNGROUPED_AGGREGATE,0.159886
paging,q20,1,CONCAT,0.658641
paging,q20,1,CONCAT,0.408054
paging,q20,1,DYNAMIC_FILTER,5.9161
paging,q20,1,DYNAMIC_FILTER,5.1184590000000005
paging,q20,1,FILTER,0.294759
paging,q20,1,FILTER,0.190174
paging,q20,1,GPU_SCAN,6442.009448000001
paging,q20,1,GPU_SCAN,6509.291268
paging,q20,1,HASH_GROUP_BY,0.703767
paging,q20,1,HASH_GROUP_BY,0.644985
paging,q20,1,HASH_JOIN,4.150122
paging,q20,1,HASH_JOIN,2.863206
paging,q20,1,LEFT_DELIM_JOIN,0.635363
paging,q20,1,LEFT_DELIM_JOIN,0.427398
paging,q20,1,MERGE_GROUP_BY,0.059429
paging,q20,1,MERGE_GROUP_BY,0.014041999999999999
paging,q20,1,MERGE_SORT,0.758821
paging,q20,1,MERGE_SORT,0.832255
paging,q20,1,ORDER_BY,3.121473
paging,q20,1,ORDER_BY,3.1224
paging,q20,1,PARTITION,0.27994600000000003
paging,q20,1,PARTITION,0.145933
paging,q20,1,PROJECTION,0.112597
paging,q20,1,PROJECTION,0.10785299999999999
paging,q20,1,RESULT_COLLECTOR,0.361644
paging,q20,1,RESULT_COLLECTOR,0.338088
paging,q20,1,SORT_PARTITION,0.631418
paging,q20,1,SORT_PARTITION,0.611899
paging,q20,1,SORT_SAMPLE,0.109554
paging,q20,1,SORT_SAMPLE,0.086308
paging,q20,2,CONCAT,0.618805
paging,q20,2,CONCAT,0.414001
paging,q20,2,DYNAMIC_FILTER,7.721254
paging,q20,2,DYNAMIC_FILTER,9.774113
paging,q20,2,FILTER,0.18993
paging,q20,2,FILTER,0.203601
paging,q20,2,GPU_SCAN,3623.4243430000006
paging,q20,2,GPU_SCAN,3988.6534369999995
paging,q20,2,HASH_GROUP_BY,0.635842
paging,q20,2,HASH_GROUP_BY,0.560249
paging,q20,2,HASH_JOIN,2.9234780000000002
paging,q20,2,HASH_JOIN,2.3724170000000004
paging,q20,2,LEFT_DELIM_JOIN,0.424687
paging,q20,2,LEFT_DELIM_JOIN,0.441358
paging,q20,2,MERGE_GROUP_BY,0.026936
paging,q20,2,MERGE_GROUP_BY,0.030081
paging,q20,2,MERGE_SORT,0.453797
paging,q20,2,MERGE_SORT,0.438641
paging,q20,2,ORDER_BY,3.139854
paging,q20,2,ORDER_BY,3.119982
paging,q20,2,PARTITION,0.303243
paging,q20,2,PARTITION,0.30258199999999996
paging,q20,2,PROJECTION,0.100657
paging,q20,2,PROJECTION,0.09986500000000001
paging,q20,2,RESULT_COLLECTOR,0.297527
paging,q20,2,RESULT_COLLECTOR,0.31057
paging,q20,2,SORT_PARTITION,0.533651
paging,q20,2,SORT_PARTITION,0.840968
paging,q20,2,SORT_SAMPLE,0.14507
paging,q20,2,SORT_SAMPLE,0.405031
paging,q20,3,CONCAT,0.38059500000000007
paging,q20,3,CONCAT,0.550586
paging,q20,3,DYNAMIC_FILTER,6.982600000000001
paging,q20,3,DYNAMIC_FILTER,11.705872000000001
paging,q20,3,FILTER,0.188819
paging,q20,3,FILTER,0.187251
paging,q20,3,GPU_SCAN,3709.151986
paging,q20,3,GPU_SCAN,4096.423214
paging,q20,3,HASH_GROUP_BY,0.600412
paging,q20,3,HASH_GROUP_BY,1.052679
paging,q20,3,HASH_JOIN,2.114935
paging,q20,3,HASH_JOIN,4.2732220000000005
paging,q20,3,LEFT_DELIM_JOIN,0.344832
paging,q20,3,LEFT_DELIM_JOIN,0.679068
paging,q20,3,MERGE_GROUP_BY,0.01202
paging,q20,3,MERGE_GROUP_BY,0.031384999999999996
paging,q20,3,MERGE_SORT,0.419027
paging,q20,3,MERGE_SORT,0.43809
paging,q20,3,ORDER_BY,3.108148
paging,q20,3,ORDER_BY,3.109555
paging,q20,3,PARTITION,0.19914900000000002
paging,q20,3,PARTITION,0.41104299999999994
paging,q20,3,PROJECTION,0.099722
paging,q20,3,PROJECTION,0.12457399999999999
paging,q20,3,RESULT_COLLECTOR,0.294367
paging,q20,3,RESULT_COLLECTOR,0.350005
paging,q20,3,SORT_PARTITION,1.41533
paging,q20,3,SORT_PARTITION,1.336509
paging,q20,3,SORT_SAMPLE,0.463601
paging,q20,3,SORT_SAMPLE,0.459782
paging,q20,4,CONCAT,0.6638620000000001
paging,q20,4,CONCAT,0.547
paging,q20,4,DYNAMIC_FILTER,6.938720999999999
paging,q20,4,DYNAMIC_FILTER,7.516199
paging,q20,4,FILTER,0.193456
paging,q20,4,FILTER,0.194594
paging,q20,4,GPU_SCAN,3961.618608
paging,q20,4,GPU_SCAN,3872.9322290000005
paging,q20,4,HASH_GROUP_BY,0.556671
paging,q20,4,HASH_GROUP_BY,0.529212
paging,q20,4,HASH_JOIN,3.456298
paging,q20,4,HASH_JOIN,2.3787979999999997
paging,q20,4,LEFT_DELIM_JOIN,0.618268
paging,q20,4,LEFT_DELIM_JOIN,0.548209
paging,q20,4,MERGE_GROUP_BY,0.068577
paging,q20,4,MERGE_GROUP_BY,0.045604
paging,q20,4,MERGE_SORT,0.424874
paging,q20,4,MERGE_SORT,0.545868
paging,q20,4,ORDER_BY,3.09468
paging,q20,4,ORDER_BY,3.111644
paging,q20,4,PARTITION,0.274585
paging,q20,4,PARTITION,0.42143200000000003
paging,q20,4,PROJECTION,0.09752
paging,q20,4,PROJECTION,0.10527700000000001
paging,q20,4,RESULT_COLLECTOR,0.32889
paging,q20,4,RESULT_COLLECTOR,0.271709
paging,q20,4,SORT_PARTITION,0.531534
paging,q20,4,SORT_PARTITION,1.295397
paging,q20,4,SORT_SAMPLE,0.085199
paging,q20,4,SORT_SAMPLE,0.382364
paging,q20,5,CONCAT,0.7028829999999999
paging,q20,5,CONCAT,0.6451020000000001
paging,q20,5,DYNAMIC_FILTER,8.117721
paging,q20,5,DYNAMIC_FILTER,8.305963
paging,q20,5,FILTER,0.189473
paging,q20,5,FILTER,0.219708
paging,q20,5,GPU_SCAN,3794.8849219999997
paging,q20,5,GPU_SCAN,4274.92876
paging,q20,5,HASH_GROUP_BY,0.643492
paging,q20,5,HASH_GROUP_BY,0.685819
paging,q20,5,HASH_JOIN,3.022442
paging,q20,5,HASH_JOIN,3.278682
paging,q20,5,LEFT_DELIM_JOIN,0.365366
paging,q20,5,LEFT_DELIM_JOIN,0.351314
paging,q20,5,MERGE_GROUP_BY,0.054731
paging,q20,5,MERGE_GROUP_BY,0.0208
paging,q20,5,MERGE_SORT,0.737555
paging,q20,5,MERGE_SORT,0.438761
paging,q20,5,ORDER_BY,3.125042
paging,q20,5,ORDER_BY,3.136648
paging,q20,5,PARTITION,0.430592
paging,q20,5,PARTITION,0.21954600000000002
paging,q20,5,PROJECTION,0.104423
paging,q20,5,PROJECTION,0.129981
paging,q20,5,RESULT_COLLECTOR,0.399851
paging,q20,5,RESULT_COLLECTOR,0.343828
paging,q20,5,SORT_PARTITION,1.303746
paging,q20,5,SORT_PARTITION,0.626795
paging,q20,5,SORT_SAMPLE,0.432542
paging,q20,5,SORT_SAMPLE,0.088484
paging,q21,1,CONCAT,56.618034
paging,q21,1,CONCAT,49.340244000000006
paging,q21,1,DYNAMIC_FILTER,46.43313299999999
paging,q21,1,DYNAMIC_FILTER,41.16605499999999
paging,q21,1,FILTER,41.685424000000005
paging,q21,1,FILTER,51.70383000000001
paging,q21,1,GPU_SCAN,11204.135789999998
paging,q21,1,GPU_SCAN,9951.393774999997
paging,q21,1,HASH_GROUP_BY,85.014941
paging,q21,1,HASH_GROUP_BY,0.66715
paging,q21,1,HASH_JOIN,703.390797
paging,q21,1,HASH_JOIN,634.5326739999999
paging,q21,1,MERGE_GROUP_BY,4.016221
paging,q21,1,MERGE_GROUP_BY,3.3758329999999996
paging,q21,1,MERGE_SORT,0.013065
paging,q21,1,MERGE_SORT,0.02592
paging,q21,1,ORDER_BY,55.253404
paging,q21,1,ORDER_BY,1.952926
paging,q21,1,PARTITION,0.5853369999999999
paging,q21,1,PARTITION,0.7275469999999998
paging,q21,1,PROJECTION,0.258241
paging,q21,1,PROJECTION,0.27189
paging,q21,1,RESULT_COLLECTOR,8.457743
paging,q21,1,RESULT_COLLECTOR,0.653174
paging,q21,1,RIGHT_DELIM_JOIN,30.205087000000002
paging,q21,1,RIGHT_DELIM_JOIN,6.091233
paging,q21,1,SORT_PARTITION,0.008889
paging,q21,1,SORT_PARTITION,0.005266
paging,q21,1,SORT_SAMPLE,0.013934
paging,q21,1,SORT_SAMPLE,0.007659
paging,q21,2,CONCAT,63.102758
paging,q21,2,CONCAT,52.35372
paging,q21,2,DYNAMIC_FILTER,39.432303000000005
paging,q21,2,DYNAMIC_FILTER,39.560283000000005
paging,q21,2,FILTER,37.35058900000001
paging,q21,2,FILTER,38.335423
paging,q21,2,GPU_SCAN,15036.65128
paging,q21,2,GPU_SCAN,12905.031729
paging,q21,2,HASH_GROUP_BY,0.71374
paging,q21,2,HASH_GROUP_BY,0.715771
paging,q21,2,HASH_JOIN,651.352068
paging,q21,2,HASH_JOIN,702.002383
paging,q21,2,MERGE_GROUP_BY,2.895193
paging,q21,2,MERGE_GROUP_BY,3.3242270000000005
paging,q21,2,MERGE_SORT,0.790822
paging,q21,2,MERGE_SORT,0.280344
paging,q21,2,ORDER_BY,2.017341
paging,q21,2,ORDER_BY,2.018845
paging,q21,2,PARTITION,0.6494500000000002
paging,q21,2,PARTITION,0.564563
paging,q21,2,PROJECTION,0.158965
paging,q21,2,PROJECTION,0.390695
paging,q21,2,RESULT_COLLECTOR,0.320908
paging,q21,2,RESULT_COLLECTOR,0.300873
paging,q21,2,RIGHT_DELIM_JOIN,6.027038
paging,q21,2,RIGHT_DELIM_JOIN,7.623892
paging,q21,2,SORT_PARTITION,0.193638
paging,q21,2,SORT_PARTITION,0.190618
paging,q21,2,SORT_SAMPLE,0.095489
paging,q21,2,SORT_SAMPLE,0.094578
paging,q21,3,CONCAT,36.808178
paging,q21,3,CONCAT,57.29898599999999
paging,q21,3,DYNAMIC_FILTER,43.518428
paging,q21,3,DYNAMIC_FILTER,40.45300700000001
paging,q21,3,FILTER,39.73042799999999
paging,q21,3,FILTER,37.87306
paging,q21,3,GPU_SCAN,8939.767434000001
paging,q21,3,GPU_SCAN,9222.577152
paging,q21,3,HASH_GROUP_BY,1.42799
paging,q21,3,HASH_GROUP_BY,0.69031
paging,q21,3,HASH_JOIN,650.6283240000001
paging,q21,3,HASH_JOIN,728.8226569999998
paging,q21,3,MERGE_GROUP_BY,3.279462
paging,q21,3,MERGE_GROUP_BY,3.8691329999999997
paging,q21,3,MERGE_SORT,0.358205
paging,q21,3,MERGE_SORT,0.332348
paging,q21,3,ORDER_BY,2.154899
paging,q21,3,ORDER_BY,2.019253
paging,q21,3,PARTITION,1.5248449999999996
paging,q21,3,PARTITION,0.679137
paging,q21,3,PROJECTION,0.6480180000000001
paging,q21,3,PROJECTION,0.786673
paging,q21,3,RESULT_COLLECTOR,0.35821
paging,q21,3,RESULT_COLLECTOR,0.294895
paging,q21,3,RIGHT_DELIM_JOIN,5.95972
paging,q21,3,RIGHT_DELIM_JOIN,5.983669
paging,q21,3,SORT_PARTITION,0.214678
paging,q21,3,SORT_PARTITION,0.192489
paging,q21,3,SORT_SAMPLE,0.133055
paging,q21,3,SORT_SAMPLE,0.089674
paging,q21,4,CONCAT,49.390868000000005
paging,q21,4,CONCAT,44.388825000000004
paging,q21,4,DYNAMIC_FILTER,39.68490100000001
paging,q21,4,DYNAMIC_FILTER,50.383192
paging,q21,4,FILTER,40.708818
paging,q21,4,FILTER,50.09319899999999
paging,q21,4,GPU_SCAN,10085.342777
paging,q21,4,GPU_SCAN,10210.085254000003
paging,q21,4,HASH_GROUP_BY,0.790712
paging,q21,4,HASH_GROUP_BY,0.63323
paging,q21,4,HASH_JOIN,690.4624319999999
paging,q21,4,HASH_JOIN,708.461965
paging,q21,4,MERGE_GROUP_BY,3.892918
paging,q21,4,MERGE_GROUP_BY,3.294914
paging,q21,4,MERGE_SORT,0.275578
paging,q21,4,MERGE_SORT,0.318484
paging,q21,4,ORDER_BY,2.101893
paging,q21,4,ORDER_BY,2.056748
paging,q21,4,PARTITION,0.6519189999999999
paging,q21,4,PARTITION,0.7120990000000001
paging,q21,4,PROJECTION,0.18165699999999996
paging,q21,4,PROJECTION,0.20863400000000001
paging,q21,4,RESULT_COLLECTOR,0.375773
paging,q21,4,RESULT_COLLECTOR,0.366768
paging,q21,4,RIGHT_DELIM_JOIN,8.015766
paging,q21,4,RIGHT_DELIM_JOIN,6.11937
paging,q21,4,SORT_PARTITION,0.198314
paging,q21,4,SORT_PARTITION,0.193029
paging,q21,4,SORT_SAMPLE,0.100811
paging,q21,4,SORT_SAMPLE,0.094919
paging,q21,5,CONCAT,54.76413
paging,q21,5,CONCAT,59.48127800000001
paging,q21,5,DYNAMIC_FILTER,40.226513000000004
paging,q21,5,DYNAMIC_FILTER,41.38545099999999
paging,q21,5,FILTER,42.237354999999994
paging,q21,5,FILTER,41.604673999999996
paging,q21,5,GPU_SCAN,9079.004208999999
paging,q21,5,GPU_SCAN,10431.674692999999
paging,q21,5,HASH_GROUP_BY,0.648949
paging,q21,5,HASH_GROUP_BY,0.624782
paging,q21,5,HASH_JOIN,711.5286490000001
paging,q21,5,HASH_JOIN,636.7726350000002
paging,q21,5,MERGE_GROUP_BY,3.2197519999999997
paging,q21,5,MERGE_GROUP_BY,3.501506
paging,q21,5,MERGE_SORT,0.302698
paging,q21,5,MERGE_SORT,0.32248
paging,q21,5,ORDER_BY,2.032475
paging,q21,5,ORDER_BY,1.958656
paging,q21,5,PARTITION,0.645306
paging,q21,5,PARTITION,0.5898499999999998
paging,q21,5,PROJECTION,0.220051
paging,q21,5,PROJECTION,0.425728
paging,q21,5,RESULT_COLLECTOR,0.665636
paging,q21,5,RESULT_COLLECTOR,0.299356
paging,q21,5,RIGHT_DELIM_JOIN,5.806145
paging,q21,5,RIGHT_DELIM_JOIN,6.129324
paging,q21,5,SORT_PARTITION,0.215012
paging,q21,5,SORT_PARTITION,0.191237
paging,q21,5,SORT_SAMPLE,0.154771
paging,q21,5,SORT_SAMPLE,0.084375
paging,q22,1,CONCAT,0.18753
paging,q22,1,CONCAT,0.9502970000000001
paging,q22,1,GPU_SCAN,226.876345
paging,q22,1,GPU_SCAN,140.684478
paging,q22,1,HASH_GROUP_BY,0.597735
paging,q22,1,HASH_GROUP_BY,0.786734
paging,q22,1,HASH_JOIN,18.313321000000002
paging,q22,1,HASH_JOIN,15.956315
paging,q22,1,MERGE_AGGREGATE,5.406525
paging,q22,1,MERGE_AGGREGATE,0.223817
paging,q22,1,MERGE_GROUP_BY,0.08945
paging,q22,1,MERGE_GROUP_BY,0.044307
paging,q22,1,MERGE_SORT,0.007401
paging,q22,1,MERGE_SORT,0.008206
paging,q22,1,NESTED_LOOP_JOIN,8.766733
paging,q22,1,NESTED_LOOP_JOIN,1.313482
paging,q22,1,ORDER_BY,0.575185
paging,q22,1,ORDER_BY,0.313235
paging,q22,1,PARTITION,0.17867699999999997
paging,q22,1,PARTITION,0.242158
paging,q22,1,PROJECTION,4.461601
paging,q22,1,PROJECTION,0.5966370000000001
paging,q22,1,RESULT_COLLECTOR,0.270198
paging,q22,1,RESULT_COLLECTOR,0.252775
paging,q22,1,RIGHT_DELIM_JOIN,0.495625
paging,q22,1,RIGHT_DELIM_JOIN,0.382544
paging,q22,1,SORT_PARTITION,0.008925
paging,q22,1,SORT_PARTITION,0.0146
paging,q22,1,SORT_SAMPLE,0.016895
paging,q22,1,SORT_SAMPLE,0.017871
paging,q22,1,UNGROUPED_AGGREGATE,8.749895
paging,q22,1,UNGROUPED_AGGREGATE,0.544513
paging,q22,2,CONCAT,0.177099
paging,q22,2,CONCAT,0.190462
paging,q22,2,GPU_SCAN,277.633227
paging,q22,2,GPU_SCAN,401.299486
paging,q22,2,HASH_GROUP_BY,0.978201
paging,q22,2,HASH_GROUP_BY,1.066511
paging,q22,2,HASH_JOIN,18.534493
paging,q22,2,HASH_JOIN,16.922583
paging,q22,2,MERGE_AGGREGATE,0.31794500000000003
paging,q22,2,MERGE_AGGREGATE,0.329681
paging,q22,2,MERGE_GROUP_BY,0.027186999999999996
paging,q22,2,MERGE_GROUP_BY,0.034587
paging,q22,2,MERGE_SORT,0.006954
paging,q22,2,MERGE_SORT,0.019835
paging,q22,2,NESTED_LOOP_JOIN,0.600825
paging,q22,2,NESTED_LOOP_JOIN,1.214607
paging,q22,2,ORDER_BY,0.171768
paging,q22,2,ORDER_BY,0.562355
paging,q22,2,PARTITION,0.16669599999999998
paging,q22,2,PARTITION,0.21619300000000002
paging,q22,2,PROJECTION,0.845769
paging,q22,2,PROJECTION,1.2085569999999999
paging,q22,2,RESULT_COLLECTOR,0.120239
paging,q22,2,RESULT_COLLECTOR,0.238071
paging,q22,2,RIGHT_DELIM_JOIN,0.405264
paging,q22,2,RIGHT_DELIM_JOIN,0.439712
paging,q22,2,SORT_PARTITION,0.004833
paging,q22,2,SORT_PARTITION,0.007075
paging,q22,2,SORT_SAMPLE,0.008933
paging,q22,2,SORT_SAMPLE,0.01029
paging,q22,2,UNGROUPED_AGGREGATE,0.776752
paging,q22,2,UNGROUPED_AGGREGATE,0.75375
paging,q22,3,CONCAT,0.14588900000000002
paging,q22,3,CONCAT,0.132806
paging,q22,3,GPU_SCAN,302.671785
paging,q22,3,GPU_SCAN,296.63750200000004
paging,q22,3,HASH_GROUP_BY,0.497824
paging,q22,3,HASH_GROUP_BY,0.516856
paging,q22,3,HASH_JOIN,17.938403
paging,q22,3,HASH_JOIN,16.78488
paging,q22,3,MERGE_AGGREGATE,0.089159
paging,q22,3,MERGE_AGGREGATE,0.111791
paging,q22,3,MERGE_GROUP_BY,0.015229
paging,q22,3,MERGE_GROUP_BY,0.047148999999999996
paging,q22,3,MERGE_SORT,0.007696
paging,q22,3,MERGE_SORT,0.008242
paging,q22,3,NESTED_LOOP_JOIN,0.656647
paging,q22,3,NESTED_LOOP_JOIN,1.194156
paging,q22,3,ORDER_BY,0.163451
paging,q22,3,ORDER_BY,0.227265
paging,q22,3,PARTITION,0.142496
paging,q22,3,PARTITION,0.198433
paging,q22,3,PROJECTION,0.367394
paging,q22,3,PROJECTION,0.7964450000000001
paging,q22,3,RESULT_COLLECTOR,0.132156
paging,q22,3,RESULT_COLLECTOR,0.203897
paging,q22,3,RIGHT_DELIM_JOIN,0.399851
paging,q22,3,RIGHT_DELIM_JOIN,0.744881
paging,q22,3,SORT_PARTITION,0.005587
paging,q22,3,SORT_PARTITION,0.006372
paging,q22,3,SORT_SAMPLE,0.0088
paging,q22,3,SORT_SAMPLE,0.009707
paging,q22,3,UNGROUPED_AGGREGATE,0.778658
paging,q22,3,UNGROUPED_AGGREGATE,0.372906
paging,q22,4,CONCAT,0.093768
paging,q22,4,CONCAT,0.116516
paging,q22,4,GPU_SCAN,206.661873
paging,q22,4,GPU_SCAN,271.242255
paging,q22,4,HASH_GROUP_BY,0.951744
paging,q22,4,HASH_GROUP_BY,0.450777
paging,q22,4,HASH_JOIN,18.412363
paging,q22,4,HASH_JOIN,16.241063
paging,q22,4,MERGE_AGGREGATE,0.128519
paging,q22,4,MERGE_AGGREGATE,0.367736
paging,q22,4,MERGE_GROUP_BY,0.047202
paging,q22,4,MERGE_GROUP_BY,0.027363
paging,q22,4,MERGE_SORT,0.015547
paging,q22,4,MERGE_SORT,0.006785
paging,q22,4,NESTED_LOOP_JOIN,1.054034
paging,q22,4,NESTED_LOOP_JOIN,0.630486
paging,q22,4,ORDER_BY,0.248887
paging,q22,4,ORDER_BY,0.381443
paging,q22,4,PARTITION,0.239616
paging,q22,4,PARTITION,0.083634
paging,q22,4,PROJECTION,0.720298
paging,q22,4,PROJECTION,0.445956
paging,q22,4,RESULT_COLLECTOR,0.228774
paging,q22,4,RESULT_COLLECTOR,0.133037
paging,q22,4,RIGHT_DELIM_JOIN,0.419804
paging,q22,4,RIGHT_DELIM_JOIN,0.357616
paging,q22,4,SORT_PARTITION,0.006147
paging,q22,4,SORT_PARTITION,0.005187
paging,q22,4,SORT_SAMPLE,0.010213
paging,q22,4,SORT_SAMPLE,0.008658
paging,q22,4,UNGROUPED_AGGREGATE,0.35328000000000004
paging,q22,4,UNGROUPED_AGGREGATE,0.8526420000000001
paging,q22,5,CONCAT,0.201314
paging,q22,5,CONCAT,0.10026800000000001
paging,q22,5,GPU_SCAN,206.26536000000002
paging,q22,5,GPU_SCAN,289.600151
paging,q22,5,HASH_GROUP_BY,0.909369
paging,q22,5,HASH_GROUP_BY,0.761379
paging,q22,5,HASH_JOIN,18.497785999999998
paging,q22,5,HASH_JOIN,16.294347
paging,q22,5,MERGE_AGGREGATE,0.062928
paging,q22,5,MERGE_AGGREGATE,0.396431
paging,q22,5,MERGE_GROUP_BY,0.047296000000000005
paging,q22,5,MERGE_GROUP_BY,0.025615
paging,q22,5,MERGE_SORT,0.016824
paging,q22,5,MERGE_SORT,0.006607
paging,q22,5,NESTED_LOOP_JOIN,1.145535
paging,q22,5,NESTED_LOOP_JOIN,0.606087
paging,q22,5,ORDER_BY,0.567558
paging,q22,5,ORDER_BY,0.180151
paging,q22,5,PARTITION,0.21999399999999997
paging,q22,5,PARTITION,0.129385
paging,q22,5,PROJECTION,0.769027
paging,q22,5,PROJECTION,0.773271
paging,q22,5,RESULT_COLLECTOR,0.22985
paging,q22,5,RESULT_COLLECTOR,0.168709
paging,q22,5,RIGHT_DELIM_JOIN,0.49892
paging,q22,5,RIGHT_DELIM_JOIN,0.359007
paging,q22,5,SORT_PARTITION,0.005838
paging,q22,5,SORT_PARTITION,0.005451
paging,q22,5,SORT_SAMPLE,0.009365
paging,q22,5,SORT_SAMPLE,0.008949
paging,q22,5,UNGROUPED_AGGREGATE,0.33496800000000004
paging,q22,5,UNGROUPED_AGGREGATE,0.796425
