condition,query,execution,operator_kind,duration_ms
cold_hot,q1,1,GPU_SCAN,5337.042138000002
cold_hot,q1,1,GPU_SCAN,4637.543514
cold_hot,q1,1,HASH_GROUP_BY,1605.97265
cold_hot,q1,1,HASH_GROUP_BY,1357.7878709999995
cold_hot,q1,1,MERGE_GROUP_BY,7.526535
cold_hot,q1,1,MERGE_GROUP_BY,2.342459
cold_hot,q1,1,MERGE_SORT,11.158007
cold_hot,q1,1,MERGE_SORT,1.263003
cold_hot,q1,1,ORDER_BY,5.177142
cold_hot,q1,1,ORDER_BY,0.442592
cold_hot,q1,1,PARTITION,1.0528050000000002
cold_hot,q1,1,PARTITION,0.9567269999999999
cold_hot,q1,1,PROJECTION,254.3179309999999
cold_hot,q1,1,PROJECTION,230.526606
cold_hot,q1,1,RESULT_COLLECTOR,0.729316
cold_hot,q1,1,RESULT_COLLECTOR,0.193682
cold_hot,q1,1,SORT_PARTITION,6.053434
cold_hot,q1,1,SORT_PARTITION,0.441587
cold_hot,q1,1,SORT_SAMPLE,0.548894
cold_hot,q1,1,SORT_SAMPLE,0.18525
cold_hot,q1,2,GPU_SCAN,4854.306914
cold_hot,q1,2,GPU_SCAN,5082.716875
cold_hot,q1,2,HASH_GROUP_BY,1366.7817590000002
cold_hot,q1,2,HASH_GROUP_BY,1449.4902980000002
cold_hot,q1,2,MERGE_GROUP_BY,2.097719
cold_hot,q1,2,MERGE_GROUP_BY,1.278181
cold_hot,q1,2,MERGE_SORT,1.669486
cold_hot,q1,2,MERGE_SORT,0.960106
cold_hot,q1,2,ORDER_BY,0.666034
cold_hot,q1,2,ORDER_BY,0.60406
cold_hot,q1,2,PARTITION,0.7059120000000002
cold_hot,q1,2,PARTITION,0.8688980000000002
cold_hot,q1,2,PROJECTION,191.79403699999997
cold_hot,q1,2,PROJECTION,242.32871100000006
cold_hot,q1,2,RESULT_COLLECTOR,0.158757
cold_hot,q1,2,RESULT_COLLECTOR,0.15497
cold_hot,q1,2,SORT_PARTITION,0.510113
cold_hot,q1,2,SORT_PARTITION,0.934575
cold_hot,q1,2,SORT_SAMPLE,0.163389
cold_hot,q1,2,SORT_SAMPLE,0.376314
cold_hot,q1,3,GPU_SCAN,4803.982537000001
cold_hot,q1,3,GPU_SCAN,4668.599854
cold_hot,q1,3,HASH_GROUP_BY,1335.7280050000002
cold_hot,q1,3,HASH_GROUP_BY,1309.8082069999996
cold_hot,q1,3,MERGE_GROUP_BY,2.156137
cold_hot,q1,3,MERGE_GROUP_BY,1.22416
cold_hot,q1,3,MERGE_SORT,2.079488
cold_hot,q1,3,MERGE_SORT,1.696492
cold_hot,q1,3,ORDER_BY,0.705697
cold_hot,q1,3,ORDER_BY,0.42487
cold_hot,q1,3,PARTITION,1.1213870000000001
cold_hot,q1,3,PARTITION,0.768426
cold_hot,q1,3,PROJECTION,254.52223899999998
cold_hot,q1,3,PROJECTION,249.66795599999995
cold_hot,q1,3,RESULT_COLLECTOR,0.156899
cold_hot,q1,3,RESULT_COLLECTOR,0.147913
cold_hot,q1,3,SORT_PARTITION,1.073237
cold_hot,q1,3,SORT_PARTITION,0.504166
cold_hot,q1,3,SORT_SAMPLE,0.413272
cold_hot,q1,3,SORT_SAMPLE,0.162712
cold_hot,q1,4,GPU_SCAN,4683.5408499999985
cold_hot,q1,4,GPU_SCAN,4886.138127
cold_hot,q1,4,HASH_GROUP_BY,1364.134532
cold_hot,q1,4,HASH_GROUP_BY,1348.65987
cold_hot,q1,4,MERGE_GROUP_BY,1.159449
cold_hot,q1,4,MERGE_GROUP_BY,2.150173
cold_hot,q1,4,MERGE_SORT,1.483918
cold_hot,q1,4,MERGE_SORT,1.799286
cold_hot,q1,4,ORDER_BY,0.732159
cold_hot,q1,4,ORDER_BY,0.879124
cold_hot,q1,4,PARTITION,0.9141510000000003
cold_hot,q1,4,PARTITION,0.9379359999999999
cold_hot,q1,4,PROJECTION,176.90418100000002
cold_hot,q1,4,PROJECTION,228.00291899999993
cold_hot,q1,4,RESULT_COLLECTOR,0.147042
cold_hot,q1,4,RESULT_COLLECTOR,0.185903
cold_hot,q1,4,SORT_PARTITION,0.749169
cold_hot,q1,4,SORT_PARTITION,0.45975
cold_hot,q1,4,SORT_SAMPLE,0.319552
cold_hot,q1,4,SORT_SAMPLE,0.181859
cold_hot,q1,5,GPU_SCAN,4802.679601000001
cold_hot,q1,5,GPU_SCAN,4673.198921000001
cold_hot,q1,5,HASH_GROUP_BY,1469.1476990000003
cold_hot,q1,5,HASH_GROUP_BY,1347.733973
cold_hot,q1,5,MERGE_GROUP_BY,1.22706
cold_hot,q1,5,MERGE_GROUP_BY,2.11841
cold_hot,q1,5,MERGE_SORT,1.794568
cold_hot,q1,5,MERGE_SORT,1.613854
cold_hot,q1,5,ORDER_BY,0.850653
cold_hot,q1,5,ORDER_BY,0.704834
cold_hot,q1,5,PARTITION,0.590728
cold_hot,q1,5,PARTITION,1.4720499999999999
cold_hot,q1,5,PROJECTION,216.71278600000002
cold_hot,q1,5,PROJECTION,196.60543400000006
cold_hot,q1,5,RESULT_COLLECTOR,0.185936
cold_hot,q1,5,RESULT_COLLECTOR,0.188776
cold_hot,q1,5,SORT_PARTITION,0.506674
cold_hot,q1,5,SORT_PARTITION,1.676874
cold_hot,q1,5,SORT_SAMPLE,0.181812
cold_hot,q1,5,SORT_SAMPLE,0.408478
cold_hot,q2,1,CONCAT,11.593469000000006
cold_hot,q2,1,CONCAT,4.230208999999999
cold_hot,q2,1,DYNAMIC_FILTER,8.635376
cold_hot,q2,1,DYNAMIC_FILTER,9.055819
cold_hot,q2,1,FILTER,3.684873
cold_hot,q2,1,FILTER,0.646718
cold_hot,q2,1,GPU_SCAN,678.177645
cold_hot,q2,1,GPU_SCAN,691.9929830000001
cold_hot,q2,1,HASH_GROUP_BY,9.715318
cold_hot,q2,1,HASH_GROUP_BY,0.373121
cold_hot,q2,1,HASH_JOIN,17.703246
cold_hot,q2,1,HASH_JOIN,9.953123999999999
cold_hot,q2,1,LEFT_DELIM_JOIN,0.834683
cold_hot,q2,1,LEFT_DELIM_JOIN,0.231932
cold_hot,q2,1,MERGE_GROUP_BY,0.017868000000000002
cold_hot,q2,1,MERGE_GROUP_BY,0.019832
cold_hot,q2,1,MERGE_SORT,1.90415
cold_hot,q2,1,MERGE_SORT,2.125458
cold_hot,q2,1,ORDER_BY,1.417137
cold_hot,q2,1,ORDER_BY,1.461058
cold_hot,q2,1,PARTITION,0.4175549999999999
cold_hot,q2,1,PARTITION,0.532863
cold_hot,q2,1,PROJECTION,0.043926
cold_hot,q2,1,PROJECTION,0.109753
cold_hot,q2,1,RESULT_COLLECTOR,4.162384
cold_hot,q2,1,RESULT_COLLECTOR,6.789446
cold_hot,q2,1,SORT_PARTITION,1.731032
cold_hot,q2,1,SORT_PARTITION,2.607145
cold_hot,q2,1,SORT_SAMPLE,0.154115
cold_hot,q2,1,SORT_SAMPLE,0.681435
cold_hot,q2,2,CONCAT,3.3483290000000006
cold_hot,q2,2,CONCAT,4.294688000000001
cold_hot,q2,2,DYNAMIC_FILTER,5.635134
cold_hot,q2,2,DYNAMIC_FILTER,11.754985999999999
cold_hot,q2,2,FILTER,0.558798
cold_hot,q2,2,FILTER,0.570271
cold_hot,q2,2,GPU_SCAN,682.159558
cold_hot,q2,2,GPU_SCAN,705.199492
cold_hot,q2,2,HASH_GROUP_BY,0.3038
cold_hot,q2,2,HASH_GROUP_BY,0.376416
cold_hot,q2,2,HASH_JOIN,7.085727999999999
cold_hot,q2,2,HASH_JOIN,9.447409
cold_hot,q2,2,LEFT_DELIM_JOIN,0.116319
cold_hot,q2,2,LEFT_DELIM_JOIN,0.184549
cold_hot,q2,2,MERGE_GROUP_BY,0.012747000000000001
cold_hot,q2,2,MERGE_GROUP_BY,0.034669
cold_hot,q2,2,MERGE_SORT,0.873411
cold_hot,q2,2,MERGE_SORT,1.350605
cold_hot,q2,2,ORDER_BY,1.262575
cold_hot,q2,2,ORDER_BY,1.412727
cold_hot,q2,2,PARTITION,0.190032
cold_hot,q2,2,PARTITION,0.48790100000000003
cold_hot,q2,2,PROJECTION,0.051141
cold_hot,q2,2,PROJECTION,0.071614
cold_hot,q2,2,RESULT_COLLECTOR,6.091196
cold_hot,q2,2,RESULT_COLLECTOR,4.230169
cold_hot,q2,2,SORT_PARTITION,1.052244
cold_hot,q2,2,SORT_PARTITION,1.141118
cold_hot,q2,2,SORT_SAMPLE,0.145353
cold_hot,q2,2,SORT_SAMPLE,0.223307
cold_hot,q2,3,CONCAT,4.0383320000000005
cold_hot,q2,3,CONCAT,4.458882
cold_hot,q2,3,DYNAMIC_FILTER,8.583136
cold_hot,q2,3,DYNAMIC_FILTER,8.897615
cold_hot,q2,3,FILTER,0.536477
cold_hot,q2,3,FILTER,0.581492
cold_hot,q2,3,GPU_SCAN,683.844331
cold_hot,q2,3,GPU_SCAN,699.2723569999999
cold_hot,q2,3,HASH_GROUP_BY,0.36973
cold_hot,q2,3,HASH_GROUP_BY,0.297251
cold_hot,q2,3,HASH_JOIN,9.638953999999998
cold_hot,q2,3,HASH_JOIN,9.46513
cold_hot,q2,3,LEFT_DELIM_JOIN,0.231311
cold_hot,q2,3,LEFT_DELIM_JOIN,0.125512
cold_hot,q2,3,MERGE_GROUP_BY,0.055531000000000004
cold_hot,q2,3,MERGE_GROUP_BY,0.013294
cold_hot,q2,3,MERGE_SORT,2.041227
cold_hot,q2,3,MERGE_SORT,1.078514
cold_hot,q2,3,ORDER_BY,1.258233
cold_hot,q2,3,ORDER_BY,1.441199
cold_hot,q2,3,PARTITION,0.525364
cold_hot,q2,3,PARTITION,0.5466779999999999
cold_hot,q2,3,PROJECTION,0.0451
cold_hot,q2,3,PROJECTION,0.052078
cold_hot,q2,3,RESULT_COLLECTOR,4.203169
cold_hot,q2,3,RESULT_COLLECTOR,2.527719
cold_hot,q2,3,SORT_PARTITION,1.814967
cold_hot,q2,3,SORT_PARTITION,1.064345
cold_hot,q2,3,SORT_SAMPLE,0.405108
cold_hot,q2,3,SORT_SAMPLE,0.165337
cold_hot,q2,4,CONCAT,3.6858999999999997
cold_hot,q2,4,CONCAT,3.988292
cold_hot,q2,4,DYNAMIC_FILTER,9.565736000000001
cold_hot,q2,4,DYNAMIC_FILTER,12.025495000000001
cold_hot,q2,4,FILTER,0.683888
cold_hot,q2,4,FILTER,0.708112
cold_hot,q2,4,GPU_SCAN,689.0896560000001
cold_hot,q2,4,GPU_SCAN,696.5302310000002
cold_hot,q2,4,HASH_GROUP_BY,0.380927
cold_hot,q2,4,HASH_GROUP_BY,0.51153
cold_hot,q2,4,HASH_JOIN,8.496857
cold_hot,q2,4,HASH_JOIN,6.813068
cold_hot,q2,4,LEFT_DELIM_JOIN,0.197664
cold_hot,q2,4,LEFT_DELIM_JOIN,0.177138
cold_hot,q2,4,MERGE_GROUP_BY,0.029353
cold_hot,q2,4,MERGE_GROUP_BY,0.028354999999999998
cold_hot,q2,4,MERGE_SORT,0.789022
cold_hot,q2,4,MERGE_SORT,2.294705
cold_hot,q2,4,ORDER_BY,1.370245
cold_hot,q2,4,ORDER_BY,1.495573
cold_hot,q2,4,PARTITION,0.3548420000000001
cold_hot,q2,4,PARTITION,0.40669099999999997
cold_hot,q2,4,PROJECTION,0.068369
cold_hot,q2,4,PROJECTION,0.131597
cold_hot,q2,4,RESULT_COLLECTOR,3.913236
cold_hot,q2,4,RESULT_COLLECTOR,6.336498
cold_hot,q2,4,SORT_PARTITION,1.405659
cold_hot,q2,4,SORT_PARTITION,1.814002
cold_hot,q2,4,SORT_SAMPLE,0.193473
cold_hot,q2,4,SORT_SAMPLE,0.299456
cold_hot,q2,5,CONCAT,3.5994659999999996
cold_hot,q2,5,CONCAT,3.7665740000000003
cold_hot,q2,5,DYNAMIC_FILTER,10.160478000000001
cold_hot,q2,5,DYNAMIC_FILTER,8.999508
cold_hot,q2,5,FILTER,0.588487
cold_hot,q2,5,FILTER,0.633113
cold_hot,q2,5,GPU_SCAN,682.288268
cold_hot,q2,5,GPU_SCAN,688.687188
cold_hot,q2,5,HASH_GROUP_BY,0.345
cold_hot,q2,5,HASH_GROUP_BY,0.364732
cold_hot,q2,5,HASH_JOIN,9.068149999999997
cold_hot,q2,5,HASH_JOIN,7.273392000000001
cold_hot,q2,5,LEFT_DELIM_JOIN,0.159873
cold_hot,q2,5,LEFT_DELIM_JOIN,0.153845
cold_hot,q2,5,MERGE_GROUP_BY,0.014072000000000001
cold_hot,q2,5,MERGE_GROUP_BY,0.014192999999999999
cold_hot,q2,5,MERGE_SORT,0.926271
cold_hot,q2,5,MERGE_SORT,1.193463
cold_hot,q2,5,ORDER_BY,1.304024
cold_hot,q2,5,ORDER_BY,1.456518
cold_hot,q2,5,PARTITION,0.392914
cold_hot,q2,5,PARTITION,0.39828100000000005
cold_hot,q2,5,PROJECTION,0.04412
cold_hot,q2,5,PROJECTION,0.056603
cold_hot,q2,5,RESULT_COLLECTOR,2.854844
cold_hot,q2,5,RESULT_COLLECTOR,2.754089
cold_hot,q2,5,SORT_PARTITION,1.1401
cold_hot,q2,5,SORT_PARTITION,1.429996
cold_hot,q2,5,SORT_SAMPLE,0.146813
cold_hot,q2,5,SORT_SAMPLE,0.201628
cold_hot,q3,1,CONCAT,5.68586
cold_hot,q3,1,CONCAT,5.484037000000001
cold_hot,q3,1,DYNAMIC_FILTER,38.82655200000001
cold_hot,q3,1,DYNAMIC_FILTER,37.04411700000001
cold_hot,q3,1,GPU_SCAN,5419.9415770000005
cold_hot,q3,1,GPU_SCAN,5622.0955030000005
cold_hot,q3,1,HASH_GROUP_BY,1.435237
cold_hot,q3,1,HASH_GROUP_BY,1.260985
cold_hot,q3,1,HASH_JOIN,10.289373000000001
cold_hot,q3,1,HASH_JOIN,10.44528
cold_hot,q3,1,MERGE_GROUP_BY,0.036758
cold_hot,q3,1,MERGE_GROUP_BY,0.00853
cold_hot,q3,1,MERGE_SORT,0.609526
cold_hot,q3,1,MERGE_SORT,0.221696
cold_hot,q3,1,ORDER_BY,2.471468
cold_hot,q3,1,ORDER_BY,2.409056
cold_hot,q3,1,PARTITION,0.36075999999999997
cold_hot,q3,1,PARTITION,0.22861200000000004
cold_hot,q3,1,PROJECTION,0.251782
cold_hot,q3,1,PROJECTION,0.241015
cold_hot,q3,1,RESULT_COLLECTOR,14.133474
cold_hot,q3,1,RESULT_COLLECTOR,5.624923
cold_hot,q3,1,SORT_PARTITION,0.228548
cold_hot,q3,1,SORT_PARTITION,0.236076
cold_hot,q3,1,SORT_SAMPLE,0.079421
cold_hot,q3,1,SORT_SAMPLE,0.105338
cold_hot,q3,2,CONCAT,5.836748999999999
cold_hot,q3,2,CONCAT,5.305802
cold_hot,q3,2,DYNAMIC_FILTER,20.53701
cold_hot,q3,2,DYNAMIC_FILTER,34.52187000000001
cold_hot,q3,2,GPU_SCAN,5123.944887999999
cold_hot,q3,2,GPU_SCAN,5505.920068999999
cold_hot,q3,2,HASH_GROUP_BY,1.885443
cold_hot,q3,2,HASH_GROUP_BY,1.336824
cold_hot,q3,2,HASH_JOIN,10.484926
cold_hot,q3,2,HASH_JOIN,11.003785
cold_hot,q3,2,MERGE_GROUP_BY,0.06302
cold_hot,q3,2,MERGE_GROUP_BY,0.02603
cold_hot,q3,2,MERGE_SORT,0.360484
cold_hot,q3,2,MERGE_SORT,0.247058
cold_hot,q3,2,ORDER_BY,2.621726
cold_hot,q3,2,ORDER_BY,2.556949
cold_hot,q3,2,PARTITION,0.28707
cold_hot,q3,2,PARTITION,0.45371
cold_hot,q3,2,PROJECTION,0.352992
cold_hot,q3,2,PROJECTION,0.290427
cold_hot,q3,2,RESULT_COLLECTOR,11.55538
cold_hot,q3,2,RESULT_COLLECTOR,12.013829
cold_hot,q3,2,SORT_PARTITION,0.288377
cold_hot,q3,2,SORT_PARTITION,0.279019
cold_hot,q3,2,SORT_SAMPLE,0.147602
cold_hot,q3,2,SORT_SAMPLE,0.128846
cold_hot,q3,3,CONCAT,5.564286999999999
cold_hot,q3,3,CONCAT,5.419391
cold_hot,q3,3,DYNAMIC_FILTER,31.080154
cold_hot,q3,3,DYNAMIC_FILTER,23.010493
cold_hot,q3,3,GPU_SCAN,5619.898279999999
cold_hot,q3,3,GPU_SCAN,5454.186826000001
cold_hot,q3,3,HASH_GROUP_BY,1.303688
cold_hot,q3,3,HASH_GROUP_BY,1.225844
cold_hot,q3,3,HASH_JOIN,10.1845
cold_hot,q3,3,HASH_JOIN,10.322136
cold_hot,q3,3,MERGE_GROUP_BY,0.007687
cold_hot,q3,3,MERGE_GROUP_BY,0.025767
cold_hot,q3,3,MERGE_SORT,0.237692
cold_hot,q3,3,MERGE_SORT,0.242401
cold_hot,q3,3,ORDER_BY,2.405979
cold_hot,q3,3,ORDER_BY,2.458601
cold_hot,q3,3,PARTITION,0.25043800000000005
cold_hot,q3,3,PARTITION,0.245054
cold_hot,q3,3,PROJECTION,0.230294
cold_hot,q3,3,PROJECTION,0.224243
cold_hot,q3,3,RESULT_COLLECTOR,11.15378
cold_hot,q3,3,RESULT_COLLECTOR,5.334705
cold_hot,q3,3,SORT_PARTITION,0.254972
cold_hot,q3,3,SORT_PARTITION,0.191472
cold_hot,q3,3,SORT_SAMPLE,0.111152
cold_hot,q3,3,SORT_SAMPLE,0.034842
cold_hot,q3,4,CONCAT,5.347009
cold_hot,q3,4,CONCAT,5.325158
cold_hot,q3,4,DYNAMIC_FILTER,36.612322999999996
cold_hot,q3,4,DYNAMIC_FILTER,33.478344
cold_hot,q3,4,GPU_SCAN,5735.767176999999
cold_hot,q3,4,GPU_SCAN,5638.369312
cold_hot,q3,4,HASH_GROUP_BY,1.259492
cold_hot,q3,4,HASH_GROUP_BY,1.239494
cold_hot,q3,4,HASH_JOIN,10.695553
cold_hot,q3,4,HASH_JOIN,10.400499
cold_hot,q3,4,MERGE_GROUP_BY,0.013265
cold_hot,q3,4,MERGE_GROUP_BY,0.006908
cold_hot,q3,4,MERGE_SORT,0.219026
cold_hot,q3,4,MERGE_SORT,0.213226
cold_hot,q3,4,ORDER_BY,2.494127
cold_hot,q3,4,ORDER_BY,2.467009
cold_hot,q3,4,PARTITION,0.24030599999999996
cold_hot,q3,4,PARTITION,0.217416
cold_hot,q3,4,PROJECTION,0.22091899999999998
cold_hot,q3,4,PROJECTION,0.23544199999999998
cold_hot,q3,4,RESULT_COLLECTOR,4.134499
cold_hot,q3,4,RESULT_COLLECTOR,4.828833
cold_hot,q3,4,SORT_PARTITION,0.195737
cold_hot,q3,4,SORT_PARTITION,0.199739
cold_hot,q3,4,SORT_SAMPLE,0.030567
cold_hot,q3,4,SORT_SAMPLE,0.031473
cold_hot,q3,5,CONCAT,5.397044
cold_hot,q3,5,CONCAT,5.281753
cold_hot,q3,5,DYNAMIC_FILTER,34.91636899999999
cold_hot,q3,5,DYNAMIC_FILTER,27.820952
cold_hot,q3,5,GPU_SCAN,5542.530251
cold_hot,q3,5,GPU_SCAN,5552.910604
cold_hot,q3,5,HASH_GROUP_BY,1.264774
cold_hot,q3,5,HASH_GROUP_BY,1.387466
cold_hot,q3,5,HASH_JOIN,10.420701000000001
cold_hot,q3,5,HASH_JOIN,10.622868
cold_hot,q3,5,MERGE_GROUP_BY,0.009517
cold_hot,q3,5,MERGE_GROUP_BY,0.005764
cold_hot,q3,5,MERGE_SORT,0.222465
cold_hot,q3,5,MERGE_SORT,0.239206
cold_hot,q3,5,ORDER_BY,2.520076
cold_hot,q3,5,ORDER_BY,2.509417
cold_hot,q3,5,PARTITION,0.255786
cold_hot,q3,5,PARTITION,0.18319700000000003
cold_hot,q3,5,PROJECTION,0.28005
cold_hot,q3,5,PROJECTION,0.299403
cold_hot,q3,5,RESULT_COLLECTOR,9.589019
cold_hot,q3,5,RESULT_COLLECTOR,5.470089
cold_hot,q3,5,SORT_PARTITION,0.215364
cold_hot,q3,5,SORT_PARTITION,0.215947
cold_hot,q3,5,SORT_SAMPLE,0.041678
cold_hot,q3,5,SORT_SAMPLE,0.063472
cold_hot,q4,1,CONCAT,2.007657
cold_hot,q4,1,CONCAT,1.9252600000000002
cold_hot,q4,1,DYNAMIC_FILTER,30.178688
cold_hot,q4,1,DYNAMIC_FILTER,27.149106000000003
cold_hot,q4,1,FILTER,8.689387
cold_hot,q4,1,FILTER,6.011734000000001
cold_hot,q4,1,GPU_SCAN,3093.33189
cold_hot,q4,1,GPU_SCAN,2938.847652
cold_hot,q4,1,HASH_GROUP_BY,10.771554
cold_hot,q4,1,HASH_GROUP_BY,2.184008
cold_hot,q4,1,HASH_JOIN,17.403038
cold_hot,q4,1,HASH_JOIN,7.731470999999999
cold_hot,q4,1,LEFT_DELIM_JOIN,4.346817
cold_hot,q4,1,LEFT_DELIM_JOIN,5.0070440000000005
cold_hot,q4,1,MERGE_GROUP_BY,2.9801100000000003
cold_hot,q4,1,MERGE_GROUP_BY,2.8540859999999997
cold_hot,q4,1,MERGE_SORT,0.052011
cold_hot,q4,1,MERGE_SORT,0.024301
cold_hot,q4,1,ORDER_BY,6.422358
cold_hot,q4,1,ORDER_BY,0.338443
cold_hot,q4,1,PARTITION,0.31322799999999995
cold_hot,q4,1,PARTITION,0.337095
cold_hot,q4,1,PROJECTION,0.0102
cold_hot,q4,1,PROJECTION,0.018011
cold_hot,q4,1,RESULT_COLLECTOR,0.3704
cold_hot,q4,1,RESULT_COLLECTOR,0.143486
cold_hot,q4,1,SORT_PARTITION,0.007821
cold_hot,q4,1,SORT_PARTITION,0.00709
cold_hot,q4,1,SORT_SAMPLE,0.014654
cold_hot,q4,1,SORT_SAMPLE,0.012171
cold_hot,q4,2,CONCAT,2.4655839999999998
cold_hot,q4,2,CONCAT,2.3403020000000003
cold_hot,q4,2,DYNAMIC_FILTER,20.934691000000004
cold_hot,q4,2,DYNAMIC_FILTER,23.252145000000002
cold_hot,q4,2,FILTER,2.9492719999999997
cold_hot,q4,2,FILTER,6.00257
cold_hot,q4,2,GPU_SCAN,2760.553978
cold_hot,q4,2,GPU_SCAN,2772.2657990000002
cold_hot,q4,2,HASH_GROUP_BY,2.026717
cold_hot,q4,2,HASH_GROUP_BY,2.073896
cold_hot,q4,2,HASH_JOIN,7.864443
cold_hot,q4,2,HASH_JOIN,7.402721
cold_hot,q4,2,LEFT_DELIM_JOIN,4.730778
cold_hot,q4,2,LEFT_DELIM_JOIN,4.561064
cold_hot,q4,2,MERGE_GROUP_BY,2.8822680000000003
cold_hot,q4,2,MERGE_GROUP_BY,2.799828
cold_hot,q4,2,MERGE_SORT,0.052591
cold_hot,q4,2,MERGE_SORT,0.01512
cold_hot,q4,2,ORDER_BY,0.209471
cold_hot,q4,2,ORDER_BY,0.183817
cold_hot,q4,2,PARTITION,0.196046
cold_hot,q4,2,PARTITION,0.348547
cold_hot,q4,2,PROJECTION,0.014356
cold_hot,q4,2,PROJECTION,0.012263
cold_hot,q4,2,RESULT_COLLECTOR,0.260628
cold_hot,q4,2,RESULT_COLLECTOR,0.329668
cold_hot,q4,2,SORT_PARTITION,0.007721
cold_hot,q4,2,SORT_PARTITION,0.006499
cold_hot,q4,2,SORT_SAMPLE,0.007372
cold_hot,q4,2,SORT_SAMPLE,0.008011
cold_hot,q4,3,CONCAT,2.9896830000000003
cold_hot,q4,3,CONCAT,1.793574
cold_hot,q4,3,DYNAMIC_FILTER,23.320767999999997
cold_hot,q4,3,DYNAMIC_FILTER,31.641095
cold_hot,q4,3,FILTER,7.134546
cold_hot,q4,3,FILTER,6.396848
cold_hot,q4,3,GPU_SCAN,2983.673456
cold_hot,q4,3,GPU_SCAN,3153.4507510000003
cold_hot,q4,3,HASH_GROUP_BY,2.593097
cold_hot,q4,3,HASH_GROUP_BY,2.664149
cold_hot,q4,3,HASH_JOIN,8.237178
cold_hot,q4,3,HASH_JOIN,7.326724
cold_hot,q4,3,LEFT_DELIM_JOIN,3.94938
cold_hot,q4,3,LEFT_DELIM_JOIN,4.719117999999999
cold_hot,q4,3,MERGE_GROUP_BY,3.0755470000000003
cold_hot,q4,3,MERGE_GROUP_BY,2.873498
cold_hot,q4,3,MERGE_SORT,0.065083
cold_hot,q4,3,MERGE_SORT,0.018198
cold_hot,q4,3,ORDER_BY,0.182958
cold_hot,q4,3,ORDER_BY,0.156816
cold_hot,q4,3,PARTITION,0.517737
cold_hot,q4,3,PARTITION,0.147557
cold_hot,q4,3,PROJECTION,0.021631
cold_hot,q4,3,PROJECTION,0.011899
cold_hot,q4,3,RESULT_COLLECTOR,0.370291
cold_hot,q4,3,RESULT_COLLECTOR,0.236311
cold_hot,q4,3,SORT_PARTITION,0.015215
cold_hot,q4,3,SORT_PARTITION,0.020861
cold_hot,q4,3,SORT_SAMPLE,0.029716
cold_hot,q4,3,SORT_SAMPLE,0.027512
cold_hot,q4,4,CONCAT,2.2147110000000003
cold_hot,q4,4,CONCAT,2.406794
cold_hot,q4,4,DYNAMIC_FILTER,28.17289
cold_hot,q4,4,DYNAMIC_FILTER,19.256909
cold_hot,q4,4,FILTER,8.315697
cold_hot,q4,4,FILTER,3.672488
cold_hot,q4,4,GPU_SCAN,2997.5121820000004
cold_hot,q4,4,GPU_SCAN,2764.8067060000003
cold_hot,q4,4,HASH_GROUP_BY,2.197464
cold_hot,q4,4,HASH_GROUP_BY,1.97735
cold_hot,q4,4,HASH_JOIN,7.925877
cold_hot,q4,4,HASH_JOIN,7.780003
cold_hot,q4,4,LEFT_DELIM_JOIN,9.827213
cold_hot,q4,4,LEFT_DELIM_JOIN,4.546384
cold_hot,q4,4,MERGE_GROUP_BY,3.0531819999999996
cold_hot,q4,4,MERGE_GROUP_BY,2.840612
cold_hot,q4,4,MERGE_SORT,0.020214
cold_hot,q4,4,MERGE_SORT,0.007635
cold_hot,q4,4,ORDER_BY,0.363145
cold_hot,q4,4,ORDER_BY,0.219518
cold_hot,q4,4,PARTITION,0.29302900000000004
cold_hot,q4,4,PARTITION,0.313545
cold_hot,q4,4,PROJECTION,0.014999
cold_hot,q4,4,PROJECTION,0.017585
cold_hot,q4,4,RESULT_COLLECTOR,0.243566
cold_hot,q4,4,RESULT_COLLECTOR,0.109327
cold_hot,q4,4,SORT_PARTITION,0.005488
cold_hot,q4,4,SORT_PARTITION,0.006262
cold_hot,q4,4,SORT_SAMPLE,0.006582
cold_hot,q4,4,SORT_SAMPLE,0.008761
cold_hot,q4,5,CONCAT,2.520328
cold_hot,q4,5,CONCAT,2.397972
cold_hot,q4,5,DYNAMIC_FILTER,19.858345999999997
cold_hot,q4,5,DYNAMIC_FILTER,19.15066
cold_hot,q4,5,FILTER,4.803559
cold_hot,q4,5,FILTER,9.421495000000002
cold_hot,q4,5,GPU_SCAN,2759.6426110000007
cold_hot,q4,5,GPU_SCAN,2730.8782910000004
cold_hot,q4,5,HASH_GROUP_BY,2.256655
cold_hot,q4,5,HASH_GROUP_BY,2.032661
cold_hot,q4,5,HASH_JOIN,8.425463
cold_hot,q4,5,HASH_JOIN,7.667092
cold_hot,q4,5,LEFT_DELIM_JOIN,4.95828
cold_hot,q4,5,LEFT_DELIM_JOIN,4.634655
cold_hot,q4,5,MERGE_GROUP_BY,2.9649059999999996
cold_hot,q4,5,MERGE_GROUP_BY,2.888001
cold_hot,q4,5,MERGE_SORT,0.021946
cold_hot,q4,5,MERGE_SORT,0.007904
cold_hot,q4,5,ORDER_BY,0.181558
cold_hot,q4,5,ORDER_BY,0.166909
cold_hot,q4,5,PARTITION,0.555721
cold_hot,q4,5,PARTITION,0.24086899999999997
cold_hot,q4,5,PROJECTION,0.018242
cold_hot,q4,5,PROJECTION,0.018461
cold_hot,q4,5,RESULT_COLLECTOR,0.312085
cold_hot,q4,5,RESULT_COLLECTOR,0.265275
cold_hot,q4,5,SORT_PARTITION,0.01089
cold_hot,q4,5,SORT_PARTITION,0.006635
cold_hot,q4,5,SORT_SAMPLE,0.0235
cold_hot,q4,5,SORT_SAMPLE,0.008894
cold_hot,q5,1,CONCAT,2.184565
cold_hot,q5,1,CONCAT,3.122133
cold_hot,q5,1,DYNAMIC_FILTER,25.277631999999993
cold_hot,q5,1,DYNAMIC_FILTER,28.584100000000003
cold_hot,q5,1,GPU_SCAN,5742.485371000001
cold_hot,q5,1,GPU_SCAN,5701.71086
cold_hot,q5,1,HASH_GROUP_BY,0.562394
cold_hot,q5,1,HASH_GROUP_BY,0.568533
cold_hot,q5,1,HASH_JOIN,16.450722
cold_hot,q5,1,HASH_JOIN,17.343062
cold_hot,q5,1,MERGE_GROUP_BY,0.040684
cold_hot,q5,1,MERGE_GROUP_BY,0.027243
cold_hot,q5,1,MERGE_SORT,0.230407
cold_hot,q5,1,MERGE_SORT,0.473082
cold_hot,q5,1,ORDER_BY,0.255808
cold_hot,q5,1,ORDER_BY,0.282042
cold_hot,q5,1,PARTITION,0.5005139999999999
cold_hot,q5,1,PARTITION,0.5598179999999998
cold_hot,q5,1,PROJECTION,0.118947
cold_hot,q5,1,PROJECTION,0.123378
cold_hot,q5,1,RESULT_COLLECTOR,0.293729
cold_hot,q5,1,RESULT_COLLECTOR,0.184453
cold_hot,q5,1,SORT_PARTITION,0.300329
cold_hot,q5,1,SORT_PARTITION,0.311749
cold_hot,q5,1,SORT_SAMPLE,0.037152
cold_hot,q5,1,SORT_SAMPLE,0.038043
cold_hot,q5,2,CONCAT,3.663582
cold_hot,q5,2,CONCAT,3.1186299999999996
cold_hot,q5,2,DYNAMIC_FILTER,28.157064999999996
cold_hot,q5,2,DYNAMIC_FILTER,24.236171
cold_hot,q5,2,GPU_SCAN,5702.322395
cold_hot,q5,2,GPU_SCAN,5694.836305999999
cold_hot,q5,2,HASH_GROUP_BY,0.585263
cold_hot,q5,2,HASH_GROUP_BY,0.525172
cold_hot,q5,2,HASH_JOIN,17.891327
cold_hot,q5,2,HASH_JOIN,16.619096999999996
cold_hot,q5,2,MERGE_GROUP_BY,0.023603
cold_hot,q5,2,MERGE_GROUP_BY,0.006753
cold_hot,q5,2,MERGE_SORT,0.687856
cold_hot,q5,2,MERGE_SORT,0.180466
cold_hot,q5,2,ORDER_BY,0.25747
cold_hot,q5,2,ORDER_BY,0.217098
cold_hot,q5,2,PARTITION,0.7660390000000001
cold_hot,q5,2,PARTITION,0.5232599999999998
cold_hot,q5,2,PROJECTION,0.130475
cold_hot,q5,2,PROJECTION,0.111625
cold_hot,q5,2,RESULT_COLLECTOR,0.139942
cold_hot,q5,2,RESULT_COLLECTOR,0.128362
cold_hot,q5,2,SORT_PARTITION,0.318577
cold_hot,q5,2,SORT_PARTITION,0.288503
cold_hot,q5,2,SORT_SAMPLE,0.040882
cold_hot,q5,2,SORT_SAMPLE,0.056484
cold_hot,q5,3,CONCAT,3.4003250000000005
cold_hot,q5,3,CONCAT,3.0623380000000004
cold_hot,q5,3,DYNAMIC_FILTER,26.597706
cold_hot,q5,3,DYNAMIC_FILTER,24.055259
cold_hot,q5,3,GPU_SCAN,5769.146906999999
cold_hot,q5,3,GPU_SCAN,5758.579137000001
cold_hot,q5,3,HASH_GROUP_BY,0.682971
cold_hot,q5,3,HASH_GROUP_BY,0.525674
cold_hot,q5,3,HASH_JOIN,17.199453000000002
cold_hot,q5,3,HASH_JOIN,17.0156
cold_hot,q5,3,MERGE_GROUP_BY,0.028662
cold_hot,q5,3,MERGE_GROUP_BY,0.054493
cold_hot,q5,3,MERGE_SORT,0.275718
cold_hot,q5,3,MERGE_SORT,0.721721
cold_hot,q5,3,ORDER_BY,0.316288
cold_hot,q5,3,ORDER_BY,0.136469
cold_hot,q5,3,PARTITION,0.5684479999999998
cold_hot,q5,3,PARTITION,0.5167560000000001
cold_hot,q5,3,PROJECTION,0.13954
cold_hot,q5,3,PROJECTION,0.108539
cold_hot,q5,3,RESULT_COLLECTOR,0.349733
cold_hot,q5,3,RESULT_COLLECTOR,0.314487
cold_hot,q5,3,SORT_PARTITION,0.397852
cold_hot,q5,3,SORT_PARTITION,0.380087
cold_hot,q5,3,SORT_SAMPLE,0.055706
cold_hot,q5,3,SORT_SAMPLE,0.023285
cold_hot,q5,4,CONCAT,2.7258549999999997
cold_hot,q5,4,CONCAT,2.443683
cold_hot,q5,4,DYNAMIC_FILTER,24.123218
cold_hot,q5,4,DYNAMIC_FILTER,26.467702999999993
cold_hot,q5,4,GPU_SCAN,5600.428123999999
cold_hot,q5,4,GPU_SCAN,5621.947059000002
cold_hot,q5,4,HASH_GROUP_BY,0.517294
cold_hot,q5,4,HASH_GROUP_BY,0.543974
cold_hot,q5,4,HASH_JOIN,16.576012
cold_hot,q5,4,HASH_JOIN,17.260157
cold_hot,q5,4,MERGE_GROUP_BY,0.007116
cold_hot,q5,4,MERGE_GROUP_BY,0.009537
cold_hot,q5,4,MERGE_SORT,0.671947
cold_hot,q5,4,MERGE_SORT,0.192679
cold_hot,q5,4,ORDER_BY,0.174894
cold_hot,q5,4,ORDER_BY,0.172136
cold_hot,q5,4,PARTITION,0.386242
cold_hot,q5,4,PARTITION,0.574739
cold_hot,q5,4,PROJECTION,0.110782
cold_hot,q5,4,PROJECTION,0.111692
cold_hot,q5,4,RESULT_COLLECTOR,0.120175
cold_hot,q5,4,RESULT_COLLECTOR,0.104885
cold_hot,q5,4,SORT_PARTITION,0.25721
cold_hot,q5,4,SORT_PARTITION,0.274076
cold_hot,q5,4,SORT_SAMPLE,0.031003
cold_hot,q5,4,SORT_SAMPLE,0.030836
cold_hot,q5,5,CONCAT,2.620127
cold_hot,q5,5,CONCAT,3.663185
cold_hot,q5,5,DYNAMIC_FILTER,31.357794999999996
cold_hot,q5,5,DYNAMIC_FILTER,29.90638
cold_hot,q5,5,GPU_SCAN,5592.6033
cold_hot,q5,5,GPU_SCAN,5644.2321870000005
cold_hot,q5,5,HASH_GROUP_BY,0.683268
cold_hot,q5,5,HASH_GROUP_BY,0.513205
cold_hot,q5,5,HASH_JOIN,16.884653
cold_hot,q5,5,HASH_JOIN,17.899783
cold_hot,q5,5,MERGE_GROUP_BY,0.063773
cold_hot,q5,5,MERGE_GROUP_BY,0.026162
cold_hot,q5,5,MERGE_SORT,0.349893
cold_hot,q5,5,MERGE_SORT,0.2499
cold_hot,q5,5,ORDER_BY,0.291884
cold_hot,q5,5,ORDER_BY,0.17348
cold_hot,q5,5,PARTITION,0.759672
cold_hot,q5,5,PARTITION,0.7752350000000002
cold_hot,q5,5,PROJECTION,0.140872
cold_hot,q5,5,PROJECTION,0.111821
cold_hot,q5,5,RESULT_COLLECTOR,0.381885
cold_hot,q5,5,RESULT_COLLECTOR,0.309199
cold_hot,q5,5,SORT_PARTITION,0.583252
cold_hot,q5,5,SORT_PARTITION,0.413155
cold_hot,q5,5,SORT_SAMPLE,0.124605
cold_hot,q5,5,SORT_SAMPLE,0.069649
cold_hot,q6,1,GPU_SCAN,3706.2799249999994
cold_hot,q6,1,GPU_SCAN,3787.659394
cold_hot,q6,1,MERGE_AGGREGATE,0.666501
cold_hot,q6,1,MERGE_AGGREGATE,0.180407
cold_hot,q6,1,PROJECTION,2.146476
cold_hot,q6,1,PROJECTION,3.245041
cold_hot,q6,1,RESULT_COLLECTOR,0.081577
cold_hot,q6,1,RESULT_COLLECTOR,0.102429
cold_hot,q6,1,UNGROUPED_AGGREGATE,2.7233080000000003
cold_hot,q6,1,UNGROUPED_AGGREGATE,3.5749589999999998
cold_hot,q6,2,GPU_SCAN,3769.696359
cold_hot,q6,2,GPU_SCAN,3759.29487
cold_hot,q6,2,MERGE_AGGREGATE,0.236609
cold_hot,q6,2,MERGE_AGGREGATE,0.325437
cold_hot,q6,2,PROJECTION,2.333306
cold_hot,q6,2,PROJECTION,4.135595
cold_hot,q6,2,RESULT_COLLECTOR,0.07127
cold_hot,q6,2,RESULT_COLLECTOR,0.124618
cold_hot,q6,2,UNGROUPED_AGGREGATE,2.698479
cold_hot,q6,2,UNGROUPED_AGGREGATE,9.729325000000001
cold_hot,q6,3,GPU_SCAN,3859.613127
cold_hot,q6,3,GPU_SCAN,3751.425804
cold_hot,q6,3,MERGE_AGGREGATE,0.329454
cold_hot,q6,3,MERGE_AGGREGATE,0.18415
cold_hot,q6,3,PROJECTION,4.72606
cold_hot,q6,3,PROJECTION,2.677702
cold_hot,q6,3,RESULT_COLLECTOR,0.100444
cold_hot,q6,3,RESULT_COLLECTOR,0.097922
cold_hot,q6,3,UNGROUPED_AGGREGATE,9.603280000000002
cold_hot,q6,3,UNGROUPED_AGGREGATE,3.2745960000000003
cold_hot,q6,4,GPU_SCAN,3747.1161309999998
cold_hot,q6,4,GPU_SCAN,3728.89645
cold_hot,q6,4,MERGE_AGGREGATE,0.168612
cold_hot,q6,4,MERGE_AGGREGATE,0.174053
cold_hot,q6,4,PROJECTION,2.803166
cold_hot,q6,4,PROJECTION,2.7883820000000004
cold_hot,q6,4,RESULT_COLLECTOR,0.070162
cold_hot,q6,4,RESULT_COLLECTOR,0.090773
cold_hot,q6,4,UNGROUPED_AGGREGATE,2.7308270000000006
cold_hot,q6,4,UNGROUPED_AGGREGATE,3.3118219999999994
cold_hot,q6,5,GPU_SCAN,3959.9419750000006
cold_hot,q6,5,GPU_SCAN,3953.672595
cold_hot,q6,5,MERGE_AGGREGATE,0.15522
cold_hot,q6,5,MERGE_AGGREGATE,0.28403
cold_hot,q6,5,PROJECTION,27.509601
cold_hot,q6,5,PROJECTION,12.385561999999998
cold_hot,q6,5,RESULT_COLLECTOR,0.068341
cold_hot,q6,5,RESULT_COLLECTOR,0.101541
cold_hot,q6,5,UNGROUPED_AGGREGATE,7.2533199999999995
cold_hot,q6,5,UNGROUPED_AGGREGATE,15.027635
cold_hot,q7,1,CONCAT,4.4055480000000005
cold_hot,q7,1,CONCAT,4.807741
cold_hot,q7,1,DYNAMIC_FILTER,31.084322000000004
cold_hot,q7,1,DYNAMIC_FILTER,36.237401
cold_hot,q7,1,FILTER,1.239393
cold_hot,q7,1,FILTER,1.208042
cold_hot,q7,1,GPU_SCAN,6269.408220000002
cold_hot,q7,1,GPU_SCAN,6743.315162000001
cold_hot,q7,1,HASH_GROUP_BY,1.56399
cold_hot,q7,1,HASH_GROUP_BY,1.758759
cold_hot,q7,1,HASH_JOIN,20.758275
cold_hot,q7,1,HASH_JOIN,20.977403000000002
cold_hot,q7,1,MERGE_GROUP_BY,0.030375
cold_hot,q7,1,MERGE_GROUP_BY,0.032429
cold_hot,q7,1,MERGE_SORT,0.677995
cold_hot,q7,1,MERGE_SORT,2.413347
cold_hot,q7,1,ORDER_BY,0.429202
cold_hot,q7,1,ORDER_BY,0.585223
cold_hot,q7,1,PARTITION,0.5022599999999999
cold_hot,q7,1,PARTITION,0.6321550000000001
cold_hot,q7,1,PROJECTION,0.134543
cold_hot,q7,1,PROJECTION,0.16107
cold_hot,q7,1,RESULT_COLLECTOR,0.312083
cold_hot,q7,1,RESULT_COLLECTOR,0.445933
cold_hot,q7,1,SORT_PARTITION,0.653123
cold_hot,q7,1,SORT_PARTITION,0.819319
cold_hot,q7,1,SORT_SAMPLE,0.127537
cold_hot,q7,1,SORT_SAMPLE,0.293501
cold_hot,q7,2,CONCAT,4.827866
cold_hot,q7,2,CONCAT,5.164293
cold_hot,q7,2,DYNAMIC_FILTER,39.69552
cold_hot,q7,2,DYNAMIC_FILTER,27.377373
cold_hot,q7,2,FILTER,1.07957
cold_hot,q7,2,FILTER,1.068435
cold_hot,q7,2,GPU_SCAN,7044.876029
cold_hot,q7,2,GPU_SCAN,6247.040817000003
cold_hot,q7,2,HASH_GROUP_BY,1.788575
cold_hot,q7,2,HASH_GROUP_BY,1.486418
cold_hot,q7,2,HASH_JOIN,19.996750000000002
cold_hot,q7,2,HASH_JOIN,20.470801
cold_hot,q7,2,MERGE_GROUP_BY,0.062938
cold_hot,q7,2,MERGE_GROUP_BY,0.081892
cold_hot,q7,2,MERGE_SORT,0.831389
cold_hot,q7,2,MERGE_SORT,0.652665
cold_hot,q7,2,ORDER_BY,0.501285
cold_hot,q7,2,ORDER_BY,0.64337
cold_hot,q7,2,PARTITION,0.7427979999999998
cold_hot,q7,2,PARTITION,0.43278999999999995
cold_hot,q7,2,PROJECTION,0.164914
cold_hot,q7,2,PROJECTION,0.130902
cold_hot,q7,2,RESULT_COLLECTOR,0.413689
cold_hot,q7,2,RESULT_COLLECTOR,0.359184
cold_hot,q7,2,SORT_PARTITION,0.808154
cold_hot,q7,2,SORT_PARTITION,0.601562
cold_hot,q7,2,SORT_SAMPLE,0.150536
cold_hot,q7,2,SORT_SAMPLE,0.149567
cold_hot,q7,3,CONCAT,5.131710000000001
cold_hot,q7,3,CONCAT,4.600967000000001
cold_hot,q7,3,DYNAMIC_FILTER,34.922737
cold_hot,q7,3,DYNAMIC_FILTER,34.633764
cold_hot,q7,3,FILTER,1.0515379999999999
cold_hot,q7,3,FILTER,1.030426
cold_hot,q7,3,GPU_SCAN,6509.870808999999
cold_hot,q7,3,GPU_SCAN,6269.795889999999
cold_hot,q7,3,HASH_GROUP_BY,1.662017
cold_hot,q7,3,HASH_GROUP_BY,1.693731
cold_hot,q7,3,HASH_JOIN,20.499858
cold_hot,q7,3,HASH_JOIN,20.621257
cold_hot,q7,3,MERGE_GROUP_BY,0.03013
cold_hot,q7,3,MERGE_GROUP_BY,0.026424
cold_hot,q7,3,MERGE_SORT,0.840542
cold_hot,q7,3,MERGE_SORT,1.335045
cold_hot,q7,3,ORDER_BY,0.511779
cold_hot,q7,3,ORDER_BY,0.51427
cold_hot,q7,3,PARTITION,0.6181719999999999
cold_hot,q7,3,PARTITION,0.5980720000000002
cold_hot,q7,3,PROJECTION,0.133575
cold_hot,q7,3,PROJECTION,0.135384
cold_hot,q7,3,RESULT_COLLECTOR,0.34288
cold_hot,q7,3,RESULT_COLLECTOR,0.23667
cold_hot,q7,3,SORT_PARTITION,0.675417
cold_hot,q7,3,SORT_PARTITION,0.714766
cold_hot,q7,3,SORT_SAMPLE,0.144128
cold_hot,q7,3,SORT_SAMPLE,0.145098
cold_hot,q7,4,CONCAT,5.379473000000001
cold_hot,q7,4,CONCAT,4.504538999999999
cold_hot,q7,4,DYNAMIC_FILTER,28.570172
cold_hot,q7,4,DYNAMIC_FILTER,31.891401000000005
cold_hot,q7,4,FILTER,1.022348
cold_hot,q7,4,FILTER,0.9968809999999999
cold_hot,q7,4,GPU_SCAN,6165.504832000002
cold_hot,q7,4,GPU_SCAN,6439.990462
cold_hot,q7,4,HASH_GROUP_BY,1.712797
cold_hot,q7,4,HASH_GROUP_BY,1.713008
cold_hot,q7,4,HASH_JOIN,20.066102
cold_hot,q7,4,HASH_JOIN,20.330754000000002
cold_hot,q7,4,MERGE_GROUP_BY,0.033474
cold_hot,q7,4,MERGE_GROUP_BY,0.030788
cold_hot,q7,4,MERGE_SORT,0.761693
cold_hot,q7,4,MERGE_SORT,0.684505
cold_hot,q7,4,ORDER_BY,0.448785
cold_hot,q7,4,ORDER_BY,0.612712
cold_hot,q7,4,PARTITION,0.5193639999999998
cold_hot,q7,4,PARTITION,0.511034
cold_hot,q7,4,PROJECTION,0.163713
cold_hot,q7,4,PROJECTION,0.134116
cold_hot,q7,4,RESULT_COLLECTOR,0.33579
cold_hot,q7,4,RESULT_COLLECTOR,0.150064
cold_hot,q7,4,SORT_PARTITION,0.743963
cold_hot,q7,4,SORT_PARTITION,0.668383
cold_hot,q7,4,SORT_SAMPLE,0.133768
cold_hot,q7,4,SORT_SAMPLE,0.141802
cold_hot,q7,5,CONCAT,4.708397
cold_hot,q7,5,CONCAT,4.702243
cold_hot,q7,5,DYNAMIC_FILTER,34.721658999999995
cold_hot,q7,5,DYNAMIC_FILTER,29.951505000000004
cold_hot,q7,5,FILTER,1.219882
cold_hot,q7,5,FILTER,1.021214
cold_hot,q7,5,GPU_SCAN,6320.266745
cold_hot,q7,5,GPU_SCAN,6169.203580999998
cold_hot,q7,5,HASH_GROUP_BY,2.164706
cold_hot,q7,5,HASH_GROUP_BY,1.559582
cold_hot,q7,5,HASH_JOIN,20.808971999999997
cold_hot,q7,5,HASH_JOIN,19.879773000000004
cold_hot,q7,5,MERGE_GROUP_BY,0.066336
cold_hot,q7,5,MERGE_GROUP_BY,0.008355
cold_hot,q7,5,MERGE_SORT,1.159775
cold_hot,q7,5,MERGE_SORT,0.677275
cold_hot,q7,5,ORDER_BY,1.059807
cold_hot,q7,5,ORDER_BY,0.45069
cold_hot,q7,5,PARTITION,0.6766509999999999
cold_hot,q7,5,PARTITION,0.446288
cold_hot,q7,5,PROJECTION,0.164991
cold_hot,q7,5,PROJECTION,0.135677
cold_hot,q7,5,RESULT_COLLECTOR,0.230633
cold_hot,q7,5,RESULT_COLLECTOR,0.11264
cold_hot,q7,5,SORT_PARTITION,0.985883
cold_hot,q7,5,SORT_PARTITION,0.638976
cold_hot,q7,5,SORT_SAMPLE,0.339343
cold_hot,q7,5,SORT_SAMPLE,0.133557
cold_hot,q8,1,CONCAT,22.150434
cold_hot,q8,1,CONCAT,18.539884999999998
cold_hot,q8,1,DYNAMIC_FILTER,41.438735
cold_hot,q8,1,DYNAMIC_FILTER,54.686551
cold_hot,q8,1,GPU_SCAN,8356.48762
cold_hot,q8,1,GPU_SCAN,8433.302209000001
cold_hot,q8,1,HASH_GROUP_BY,0.451834
cold_hot,q8,1,HASH_GROUP_BY,0.376175
cold_hot,q8,1,HASH_JOIN,24.210697999999997
cold_hot,q8,1,HASH_JOIN,33.72168500000001
cold_hot,q8,1,MERGE_GROUP_BY,0.007069
cold_hot,q8,1,MERGE_GROUP_BY,0.023159
cold_hot,q8,1,MERGE_SORT,0.009444
cold_hot,q8,1,MERGE_SORT,0.010451
cold_hot,q8,1,ORDER_BY,0.108226
cold_hot,q8,1,ORDER_BY,0.071799
cold_hot,q8,1,PARTITION,0.5844180000000002
cold_hot,q8,1,PARTITION,0.7023250000000002
cold_hot,q8,1,PROJECTION,0.381116
cold_hot,q8,1,PROJECTION,0.44757699999999995
cold_hot,q8,1,RESULT_COLLECTOR,0.09048
cold_hot,q8,1,RESULT_COLLECTOR,0.249137
cold_hot,q8,1,SORT_PARTITION,0.005552
cold_hot,q8,1,SORT_PARTITION,0.006398
cold_hot,q8,1,SORT_SAMPLE,0.009834
cold_hot,q8,1,SORT_SAMPLE,0.010247
cold_hot,q8,2,CONCAT,20.215322
cold_hot,q8,2,CONCAT,20.254799
cold_hot,q8,2,DYNAMIC_FILTER,59.71403299999999
cold_hot,q8,2,DYNAMIC_FILTER,40.95147300000001
cold_hot,q8,2,GPU_SCAN,8591.167509
cold_hot,q8,2,GPU_SCAN,8456.811132
cold_hot,q8,2,HASH_GROUP_BY,0.291496
cold_hot,q8,2,HASH_GROUP_BY,0.525737
cold_hot,q8,2,HASH_JOIN,25.731069
cold_hot,q8,2,HASH_JOIN,34.5366
cold_hot,q8,2,MERGE_GROUP_BY,0.024566
cold_hot,q8,2,MERGE_GROUP_BY,0.014841
cold_hot,q8,2,MERGE_SORT,0.010588
cold_hot,q8,2,MERGE_SORT,0.01544
cold_hot,q8,2,ORDER_BY,0.154398
cold_hot,q8,2,ORDER_BY,0.111844
cold_hot,q8,2,PARTITION,0.634057
cold_hot,q8,2,PARTITION,0.7911050000000001
cold_hot,q8,2,PROJECTION,0.547092
cold_hot,q8,2,PROJECTION,0.608176
cold_hot,q8,2,RESULT_COLLECTOR,0.243633
cold_hot,q8,2,RESULT_COLLECTOR,0.157069
cold_hot,q8,2,SORT_PARTITION,0.004834
cold_hot,q8,2,SORT_PARTITION,0.007048
cold_hot,q8,2,SORT_SAMPLE,0.007974
cold_hot,q8,2,SORT_SAMPLE,0.011349
cold_hot,q8,3,CONCAT,21.11077
cold_hot,q8,3,CONCAT,18.860760000000003
cold_hot,q8,3,DYNAMIC_FILTER,51.835344
cold_hot,q8,3,DYNAMIC_FILTER,45.687405000000005
cold_hot,q8,3,GPU_SCAN,8271.313837
cold_hot,q8,3,GPU_SCAN,7831.208078999998
cold_hot,q8,3,HASH_GROUP_BY,0.545146
cold_hot,q8,3,HASH_GROUP_BY,0.447808
cold_hot,q8,3,HASH_JOIN,25.758184000000004
cold_hot,q8,3,HASH_JOIN,33.565524999999994
cold_hot,q8,3,MERGE_GROUP_BY,0.010351
cold_hot,q8,3,MERGE_GROUP_BY,0.017613
cold_hot,q8,3,MERGE_SORT,0.025226
cold_hot,q8,3,MERGE_SORT,0.018974
cold_hot,q8,3,ORDER_BY,0.083022
cold_hot,q8,3,ORDER_BY,0.092703
cold_hot,q8,3,PARTITION,0.6541870000000001
cold_hot,q8,3,PARTITION,0.8253910000000001
cold_hot,q8,3,PROJECTION,0.481893
cold_hot,q8,3,PROJECTION,0.598909
cold_hot,q8,3,RESULT_COLLECTOR,0.149584
cold_hot,q8,3,RESULT_COLLECTOR,0.219669
cold_hot,q8,3,SORT_PARTITION,0.007038
cold_hot,q8,3,SORT_PARTITION,0.008725
cold_hot,q8,3,SORT_SAMPLE,0.011776
cold_hot,q8,3,SORT_SAMPLE,0.013511
cold_hot,q8,4,CONCAT,18.287875
cold_hot,q8,4,CONCAT,18.980287999999998
cold_hot,q8,4,DYNAMIC_FILTER,42.317634000000005
cold_hot,q8,4,DYNAMIC_FILTER,50.87236600000001
cold_hot,q8,4,GPU_SCAN,7898.964729
cold_hot,q8,4,GPU_SCAN,8265.049460000002
cold_hot,q8,4,HASH_GROUP_BY,0.301847
cold_hot,q8,4,HASH_GROUP_BY,0.343202
cold_hot,q8,4,HASH_JOIN,32.374059
cold_hot,q8,4,HASH_JOIN,33.928878999999995
cold_hot,q8,4,MERGE_GROUP_BY,0.053791
cold_hot,q8,4,MERGE_GROUP_BY,0.023575
cold_hot,q8,4,MERGE_SORT,0.052588
cold_hot,q8,4,MERGE_SORT,0.006456
cold_hot,q8,4,ORDER_BY,0.087691
cold_hot,q8,4,ORDER_BY,0.080699
cold_hot,q8,4,PARTITION,0.7283400000000001
cold_hot,q8,4,PARTITION,0.6358189999999998
cold_hot,q8,4,PROJECTION,0.465028
cold_hot,q8,4,PROJECTION,0.428161
cold_hot,q8,4,RESULT_COLLECTOR,0.20062
cold_hot,q8,4,RESULT_COLLECTOR,0.184481
cold_hot,q8,4,SORT_PARTITION,0.00921
cold_hot,q8,4,SORT_PARTITION,0.005926
cold_hot,q8,4,SORT_SAMPLE,0.017128
cold_hot,q8,4,SORT_SAMPLE,0.009817
cold_hot,q8,5,CONCAT,17.551795
cold_hot,q8,5,CONCAT,18.475420000000003
cold_hot,q8,5,DYNAMIC_FILTER,42.206379000000005
cold_hot,q8,5,DYNAMIC_FILTER,41.71764699999999
cold_hot,q8,5,GPU_SCAN,7902.299123999999
cold_hot,q8,5,GPU_SCAN,7779.611672000001
cold_hot,q8,5,HASH_GROUP_BY,0.328981
cold_hot,q8,5,HASH_GROUP_BY,0.445229
cold_hot,q8,5,HASH_JOIN,32.127388999999994
cold_hot,q8,5,HASH_JOIN,32.765564
cold_hot,q8,5,MERGE_GROUP_BY,0.021192
cold_hot,q8,5,MERGE_GROUP_BY,0.011214
cold_hot,q8,5,MERGE_SORT,0.007514
cold_hot,q8,5,MERGE_SORT,0.011805
cold_hot,q8,5,ORDER_BY,0.07256
cold_hot,q8,5,ORDER_BY,0.07723
cold_hot,q8,5,PARTITION,0.43796199999999996
cold_hot,q8,5,PARTITION,0.695613
cold_hot,q8,5,PROJECTION,0.42885700000000004
cold_hot,q8,5,PROJECTION,0.499262
cold_hot,q8,5,RESULT_COLLECTOR,0.207606
cold_hot,q8,5,RESULT_COLLECTOR,0.156036
cold_hot,q8,5,SORT_PARTITION,0.006509
cold_hot,q8,5,SORT_PARTITION,0.007149
cold_hot,q8,5,SORT_SAMPLE,0.008966
cold_hot,q8,5,SORT_SAMPLE,0.012667
cold_hot,q9,1,CONCAT,38.12375500000001
cold_hot,q9,1,CONCAT,38.138462999999994
cold_hot,q9,1,DYNAMIC_FILTER,56.38678700000001
cold_hot,q9,1,DYNAMIC_FILTER,61.59705199999999
cold_hot,q9,1,GPU_SCAN,8574.157771
cold_hot,q9,1,GPU_SCAN,8702.001285
cold_hot,q9,1,HASH_GROUP_BY,19.279832
cold_hot,q9,1,HASH_GROUP_BY,17.982137
cold_hot,q9,1,HASH_JOIN,632.4020469999999
cold_hot,q9,1,HASH_JOIN,634.8907149999999
cold_hot,q9,1,MERGE_GROUP_BY,0.47996
cold_hot,q9,1,MERGE_GROUP_BY,0.460235
cold_hot,q9,1,MERGE_SORT,0.243824
cold_hot,q9,1,MERGE_SORT,0.7429
cold_hot,q9,1,ORDER_BY,0.67288
cold_hot,q9,1,ORDER_BY,0.640213
cold_hot,q9,1,PARTITION,53.622729
cold_hot,q9,1,PARTITION,53.635974999999995
cold_hot,q9,1,PROJECTION,22.275946
cold_hot,q9,1,PROJECTION,13.099204
cold_hot,q9,1,RESULT_COLLECTOR,0.170703
cold_hot,q9,1,RESULT_COLLECTOR,0.166821
cold_hot,q9,1,SORT_PARTITION,0.194218
cold_hot,q9,1,SORT_PARTITION,0.167103
cold_hot,q9,1,SORT_SAMPLE,0.106237
cold_hot,q9,1,SORT_SAMPLE,0.086248
cold_hot,q9,2,CONCAT,16.568538
cold_hot,q9,2,CONCAT,16.589910000000003
cold_hot,q9,2,DYNAMIC_FILTER,52.88536200000001
cold_hot,q9,2,DYNAMIC_FILTER,60.871962999999994
cold_hot,q9,2,GPU_SCAN,8680.407025999997
cold_hot,q9,2,GPU_SCAN,8734.704386
cold_hot,q9,2,HASH_GROUP_BY,18.981416
cold_hot,q9,2,HASH_GROUP_BY,18.803183
cold_hot,q9,2,HASH_JOIN,669.7950880000001
cold_hot,q9,2,HASH_JOIN,626.003819
cold_hot,q9,2,MERGE_GROUP_BY,0.525921
cold_hot,q9,2,MERGE_GROUP_BY,0.39726
cold_hot,q9,2,MERGE_SORT,0.251194
cold_hot,q9,2,MERGE_SORT,0.204974
cold_hot,q9,2,ORDER_BY,0.663921
cold_hot,q9,2,ORDER_BY,0.647199
cold_hot,q9,2,PARTITION,54.59755699999999
cold_hot,q9,2,PARTITION,51.726871
cold_hot,q9,2,PROJECTION,12.828969
cold_hot,q9,2,PROJECTION,12.771996
cold_hot,q9,2,RESULT_COLLECTOR,0.135504
cold_hot,q9,2,RESULT_COLLECTOR,0.145174
cold_hot,q9,2,SORT_PARTITION,0.181711
cold_hot,q9,2,SORT_PARTITION,0.171544
cold_hot,q9,2,SORT_SAMPLE,0.099243
cold_hot,q9,2,SORT_SAMPLE,0.093952
cold_hot,q9,3,CONCAT,18.893121
cold_hot,q9,3,CONCAT,9.692953000000003
cold_hot,q9,3,DYNAMIC_FILTER,54.181219
cold_hot,q9,3,DYNAMIC_FILTER,45.33849699999999
cold_hot,q9,3,GPU_SCAN,8693.382730000003
cold_hot,q9,3,GPU_SCAN,8467.701712999999
cold_hot,q9,3,HASH_GROUP_BY,19.445802
cold_hot,q9,3,HASH_GROUP_BY,16.633322
cold_hot,q9,3,HASH_JOIN,643.2720919999999
cold_hot,q9,3,HASH_JOIN,647.0266059999998
cold_hot,q9,3,MERGE_GROUP_BY,0.443318
cold_hot,q9,3,MERGE_GROUP_BY,0.502934
cold_hot,q9,3,MERGE_SORT,0.230668
cold_hot,q9,3,MERGE_SORT,0.362997
cold_hot,q9,3,ORDER_BY,0.662225
cold_hot,q9,3,ORDER_BY,0.747752
cold_hot,q9,3,PARTITION,54.08615899999999
cold_hot,q9,3,PARTITION,57.18033899999998
cold_hot,q9,3,PROJECTION,12.845147
cold_hot,q9,3,PROJECTION,12.205441
cold_hot,q9,3,RESULT_COLLECTOR,0.128412
cold_hot,q9,3,RESULT_COLLECTOR,0.148815
cold_hot,q9,3,SORT_PARTITION,0.189024
cold_hot,q9,3,SORT_PARTITION,0.20966
cold_hot,q9,3,SORT_SAMPLE,0.100678
cold_hot,q9,3,SORT_SAMPLE,0.184206
cold_hot,q9,4,CONCAT,8.388563999999999
cold_hot,q9,4,CONCAT,8.393773
cold_hot,q9,4,DYNAMIC_FILTER,52.35901299999999
cold_hot,q9,4,DYNAMIC_FILTER,50.242468
cold_hot,q9,4,GPU_SCAN,8790.124228000004
cold_hot,q9,4,GPU_SCAN,8547.181319000001
cold_hot,q9,4,HASH_GROUP_BY,18.692569
cold_hot,q9,4,HASH_GROUP_BY,18.816777000000002
cold_hot,q9,4,HASH_JOIN,648.031919
cold_hot,q9,4,HASH_JOIN,654.6315010000001
cold_hot,q9,4,MERGE_GROUP_BY,0.433423
cold_hot,q9,4,MERGE_GROUP_BY,0.450515
cold_hot,q9,4,MERGE_SORT,0.21032
cold_hot,q9,4,MERGE_SORT,0.253406
cold_hot,q9,4,ORDER_BY,0.646721
cold_hot,q9,4,ORDER_BY,0.646043
cold_hot,q9,4,PARTITION,54.801145999999996
cold_hot,q9,4,PARTITION,54.251132000000005
cold_hot,q9,4,PROJECTION,13.381128
cold_hot,q9,4,PROJECTION,13.058048
cold_hot,q9,4,RESULT_COLLECTOR,0.131733
cold_hot,q9,4,RESULT_COLLECTOR,0.151856
cold_hot,q9,4,SORT_PARTITION,0.189891
cold_hot,q9,4,SORT_PARTITION,0.186729
cold_hot,q9,4,SORT_SAMPLE,0.118946
cold_hot,q9,4,SORT_SAMPLE,0.137173
cold_hot,q9,5,CONCAT,8.488469000000002
cold_hot,q9,5,CONCAT,36.754871
cold_hot,q9,5,DYNAMIC_FILTER,52.343081000000005
cold_hot,q9,5,DYNAMIC_FILTER,71.94190000000002
cold_hot,q9,5,GPU_SCAN,8625.797918999999
cold_hot,q9,5,GPU_SCAN,8560.005006
cold_hot,q9,5,HASH_GROUP_BY,16.741325
cold_hot,q9,5,HASH_GROUP_BY,19.745812
cold_hot,q9,5,HASH_JOIN,643.0614439999999
cold_hot,q9,5,HASH_JOIN,634.8801760000001
cold_hot,q9,5,MERGE_GROUP_BY,0.533841
cold_hot,q9,5,MERGE_GROUP_BY,0.489381
cold_hot,q9,5,MERGE_SORT,0.73163
cold_hot,q9,5,MERGE_SORT,0.766376
cold_hot,q9,5,ORDER_BY,0.694149
cold_hot,q9,5,ORDER_BY,0.763845
cold_hot,q9,5,PARTITION,54.05310599999999
cold_hot,q9,5,PARTITION,52.932755
cold_hot,q9,5,PROJECTION,12.525794
cold_hot,q9,5,PROJECTION,11.298004
cold_hot,q9,5,RESULT_COLLECTOR,0.131697
cold_hot,q9,5,RESULT_COLLECTOR,0.200637
cold_hot,q9,5,SORT_PARTITION,0.18334
cold_hot,q9,5,SORT_PARTITION,0.216658
cold_hot,q9,5,SORT_SAMPLE,0.138414
cold_hot,q9,5,SORT_SAMPLE,0.190176
cold_hot,q10,1,CONCAT,2.316723
cold_hot,q10,1,CONCAT,2.3198250000000002
cold_hot,q10,1,DYNAMIC_FILTER,9.683755
cold_hot,q10,1,DYNAMIC_FILTER,7.921462000000001
cold_hot,q10,1,GPU_SCAN,4264.290527
cold_hot,q10,1,GPU_SCAN,4274.856199
cold_hot,q10,1,HASH_GROUP_BY,29.097676
cold_hot,q10,1,HASH_GROUP_BY,28.685896
cold_hot,q10,1,HASH_JOIN,43.664403
cold_hot,q10,1,HASH_JOIN,43.108314
cold_hot,q10,1,MERGE_GROUP_BY,0.03397
cold_hot,q10,1,MERGE_GROUP_BY,0.080368
cold_hot,q10,1,MERGE_SORT,18.132862
cold_hot,q10,1,MERGE_SORT,16.934334
cold_hot,q10,1,ORDER_BY,9.02102
cold_hot,q10,1,ORDER_BY,9.000348
cold_hot,q10,1,PARTITION,0.5153110000000001
cold_hot,q10,1,PARTITION,0.5289140000000001
cold_hot,q10,1,PROJECTION,0.624925
cold_hot,q10,1,PROJECTION,0.617816
cold_hot,q10,1,RESULT_COLLECTOR,341.725678
cold_hot,q10,1,RESULT_COLLECTOR,200.512766
cold_hot,q10,1,SORT_PARTITION,5.705127
cold_hot,q10,1,SORT_PARTITION,5.617018
cold_hot,q10,1,SORT_SAMPLE,0.112291
cold_hot,q10,1,SORT_SAMPLE,0.117456
cold_hot,q10,2,CONCAT,2.173237
cold_hot,q10,2,CONCAT,1.8208100000000003
cold_hot,q10,2,DYNAMIC_FILTER,13.14541
cold_hot,q10,2,DYNAMIC_FILTER,15.771074999999998
cold_hot,q10,2,GPU_SCAN,4851.661195000001
cold_hot,q10,2,GPU_SCAN,5075.038764000001
cold_hot,q10,2,HASH_GROUP_BY,28.846486
cold_hot,q10,2,HASH_GROUP_BY,28.84867
cold_hot,q10,2,HASH_JOIN,42.917987999999994
cold_hot,q10,2,HASH_JOIN,43.663658
cold_hot,q10,2,MERGE_GROUP_BY,0.029922
cold_hot,q10,2,MERGE_GROUP_BY,0.078384
cold_hot,q10,2,MERGE_SORT,18.180995
cold_hot,q10,2,MERGE_SORT,17.047069
cold_hot,q10,2,ORDER_BY,9.088216
cold_hot,q10,2,ORDER_BY,9.057024
cold_hot,q10,2,PARTITION,0.28473899999999996
cold_hot,q10,2,PARTITION,0.452275
cold_hot,q10,2,PROJECTION,0.69727
cold_hot,q10,2,PROJECTION,0.628728
cold_hot,q10,2,RESULT_COLLECTOR,251.446152
cold_hot,q10,2,RESULT_COLLECTOR,185.919555
cold_hot,q10,2,SORT_PARTITION,4.990401
cold_hot,q10,2,SORT_PARTITION,4.370208
cold_hot,q10,2,SORT_SAMPLE,0.108383
cold_hot,q10,2,SORT_SAMPLE,0.076911
cold_hot,q10,3,CONCAT,1.946518
cold_hot,q10,3,CONCAT,2.409556
cold_hot,q10,3,DYNAMIC_FILTER,13.492398
cold_hot,q10,3,DYNAMIC_FILTER,10.285375
cold_hot,q10,3,GPU_SCAN,5080.6280480000005
cold_hot,q10,3,GPU_SCAN,4553.317458
cold_hot,q10,3,HASH_GROUP_BY,28.805476
cold_hot,q10,3,HASH_GROUP_BY,28.455641
cold_hot,q10,3,HASH_JOIN,42.821533
cold_hot,q10,3,HASH_JOIN,43.620344
cold_hot,q10,3,MERGE_GROUP_BY,0.058841
cold_hot,q10,3,MERGE_GROUP_BY,0.067048
cold_hot,q10,3,MERGE_SORT,16.079227
cold_hot,q10,3,MERGE_SORT,15.701212
cold_hot,q10,3,ORDER_BY,9.241179
cold_hot,q10,3,ORDER_BY,9.111956
cold_hot,q10,3,PARTITION,0.405798
cold_hot,q10,3,PARTITION,0.323928
cold_hot,q10,3,PROJECTION,0.669422
cold_hot,q10,3,PROJECTION,0.62493
cold_hot,q10,3,RESULT_COLLECTOR,271.191017
cold_hot,q10,3,RESULT_COLLECTOR,239.43058
cold_hot,q10,3,SORT_PARTITION,7.266201
cold_hot,q10,3,SORT_PARTITION,4.650064
cold_hot,q10,3,SORT_SAMPLE,0.249533
cold_hot,q10,3,SORT_SAMPLE,0.088863
cold_hot,q10,4,CONCAT,2.1615369999999996
cold_hot,q10,4,CONCAT,2.259541
cold_hot,q10,4,DYNAMIC_FILTER,10.743790000000002
cold_hot,q10,4,DYNAMIC_FILTER,10.825963
cold_hot,q10,4,GPU_SCAN,4578.850063
cold_hot,q10,4,GPU_SCAN,4588.962418
cold_hot,q10,4,HASH_GROUP_BY,28.233186
cold_hot,q10,4,HASH_GROUP_BY,28.470908
cold_hot,q10,4,HASH_JOIN,43.049747999999994
cold_hot,q10,4,HASH_JOIN,42.858745
cold_hot,q10,4,MERGE_GROUP_BY,0.066239
cold_hot,q10,4,MERGE_GROUP_BY,0.073197
cold_hot,q10,4,MERGE_SORT,15.308601
cold_hot,q10,4,MERGE_SORT,16.491189
cold_hot,q10,4,ORDER_BY,9.049167
cold_hot,q10,4,ORDER_BY,8.852947
cold_hot,q10,4,PARTITION,0.45223800000000003
cold_hot,q10,4,PARTITION,0.38568800000000003
cold_hot,q10,4,PROJECTION,0.651899
cold_hot,q10,4,PROJECTION,0.576525
cold_hot,q10,4,RESULT_COLLECTOR,205.67776
cold_hot,q10,4,RESULT_COLLECTOR,225.020808
cold_hot,q10,4,SORT_PARTITION,4.638611
cold_hot,q10,4,SORT_PARTITION,4.219285
cold_hot,q10,4,SORT_SAMPLE,0.061532
cold_hot,q10,4,SORT_SAMPLE,0.028469
cold_hot,q10,5,CONCAT,2.1084620000000003
cold_hot,q10,5,CONCAT,2.075707
cold_hot,q10,5,DYNAMIC_FILTER,9.627971
cold_hot,q10,5,DYNAMIC_FILTER,10.583547999999999
cold_hot,q10,5,GPU_SCAN,4278.884922
cold_hot,q10,5,GPU_SCAN,4505.886652
cold_hot,q10,5,HASH_GROUP_BY,28.818824
cold_hot,q10,5,HASH_GROUP_BY,28.524245
cold_hot,q10,5,HASH_JOIN,42.645934
cold_hot,q10,5,HASH_JOIN,44.373186000000004
cold_hot,q10,5,MERGE_GROUP_BY,0.038824
cold_hot,q10,5,MERGE_GROUP_BY,0.079046
cold_hot,q10,5,MERGE_SORT,16.727523
cold_hot,q10,5,MERGE_SORT,18.54208
cold_hot,q10,5,ORDER_BY,8.864495
cold_hot,q10,5,ORDER_BY,9.172008
cold_hot,q10,5,PARTITION,0.365791
cold_hot,q10,5,PARTITION,0.49209600000000003
cold_hot,q10,5,PROJECTION,0.583513
cold_hot,q10,5,PROJECTION,0.718294
cold_hot,q10,5,RESULT_COLLECTOR,249.677786
cold_hot,q10,5,RESULT_COLLECTOR,337.872169
cold_hot,q10,5,SORT_PARTITION,4.436104
cold_hot,q10,5,SORT_PARTITION,5.301823
cold_hot,q10,5,SORT_SAMPLE,0.032087
cold_hot,q10,5,SORT_SAMPLE,0.127054
cold_hot,q11,1,CONCAT,0.483595
cold_hot,q11,1,CONCAT,0.382876
cold_hot,q11,1,CTE,0.033458
cold_hot,q11,1,CTE,0.011621
cold_hot,q11,1,DYNAMIC_FILTER,0.104482
cold_hot,q11,1,DYNAMIC_FILTER,0.096388
cold_hot,q11,1,GPU_SCAN,1162.335003
cold_hot,q11,1,GPU_SCAN,1163.7316739999999
cold_hot,q11,1,HASH_GROUP_BY,3.574627
cold_hot,q11,1,HASH_GROUP_BY,2.0950290000000003
cold_hot,q11,1,HASH_JOIN,51.550295000000006
cold_hot,q11,1,HASH_JOIN,37.80589
cold_hot,q11,1,MERGE_AGGREGATE,0.170465
cold_hot,q11,1,MERGE_AGGREGATE,0.6760799999999999
cold_hot,q11,1,MERGE_GROUP_BY,2.68579
cold_hot,q11,1,MERGE_GROUP_BY,2.65547
cold_hot,q11,1,MERGE_SORT,0.005531
cold_hot,q11,1,MERGE_SORT,0.021005
cold_hot,q11,1,NESTED_LOOP_JOIN,4.238574
cold_hot,q11,1,NESTED_LOOP_JOIN,0.406452
cold_hot,q11,1,ORDER_BY,0.012881
cold_hot,q11,1,ORDER_BY,0.022397
cold_hot,q11,1,PARTITION,0.22791899999999998
cold_hot,q11,1,PARTITION,0.141176
cold_hot,q11,1,PROJECTION,4.561465
cold_hot,q11,1,PROJECTION,4.839440999999999
cold_hot,q11,1,RESULT_COLLECTOR,0.006014
cold_hot,q11,1,RESULT_COLLECTOR,0.006609
cold_hot,q11,1,SORT_PARTITION,0.004985
cold_hot,q11,1,SORT_PARTITION,0.013272
cold_hot,q11,1,SORT_SAMPLE,0.011409
cold_hot,q11,1,SORT_SAMPLE,0.030393
cold_hot,q11,1,UNGROUPED_AGGREGATE,20.101492
cold_hot,q11,1,UNGROUPED_AGGREGATE,4.54611
cold_hot,q11,2,CONCAT,0.411091
cold_hot,q11,2,CONCAT,0.24305400000000002
cold_hot,q11,2,CTE,0.027775
cold_hot,q11,2,CTE,0.01102
cold_hot,q11,2,DYNAMIC_FILTER,0.099732
cold_hot,q11,2,DYNAMIC_FILTER,0.103143
cold_hot,q11,2,GPU_SCAN,1195.8235869999999
cold_hot,q11,2,GPU_SCAN,1192.4894880000002
cold_hot,q11,2,HASH_GROUP_BY,1.981205
cold_hot,q11,2,HASH_GROUP_BY,2.400231
cold_hot,q11,2,HASH_JOIN,33.722789999999996
cold_hot,q11,2,HASH_JOIN,45.74628
cold_hot,q11,2,MERGE_AGGREGATE,0.216419
cold_hot,q11,2,MERGE_AGGREGATE,0.235958
cold_hot,q11,2,MERGE_GROUP_BY,2.650967
cold_hot,q11,2,MERGE_GROUP_BY,2.84106
cold_hot,q11,2,MERGE_SORT,0.006684
cold_hot,q11,2,MERGE_SORT,0.008929
cold_hot,q11,2,NESTED_LOOP_JOIN,0.267351
cold_hot,q11,2,NESTED_LOOP_JOIN,0.368115
cold_hot,q11,2,ORDER_BY,0.013475
cold_hot,q11,2,ORDER_BY,0.04593
cold_hot,q11,2,PARTITION,0.15123
cold_hot,q11,2,PARTITION,0.31335500000000005
cold_hot,q11,2,PROJECTION,11.450843999999998
cold_hot,q11,2,PROJECTION,4.110648
cold_hot,q11,2,RESULT_COLLECTOR,0.007721
cold_hot,q11,2,RESULT_COLLECTOR,0.007723
cold_hot,q11,2,SORT_PARTITION,0.00577
cold_hot,q11,2,SORT_PARTITION,0.013761
cold_hot,q11,2,SORT_SAMPLE,0.011156
cold_hot,q11,2,SORT_SAMPLE,0.027816
cold_hot,q11,2,UNGROUPED_AGGREGATE,0.748865
cold_hot,q11,2,UNGROUPED_AGGREGATE,1.8915549999999999
cold_hot,q11,3,CONCAT,0.25798699999999997
cold_hot,q11,3,CONCAT,0.297512
cold_hot,q11,3,CTE,0.010502
cold_hot,q11,3,CTE,0.009186
cold_hot,q11,3,DYNAMIC_FILTER,0.094309
cold_hot,q11,3,DYNAMIC_FILTER,0.097831
cold_hot,q11,3,GPU_SCAN,1171.232786
cold_hot,q11,3,GPU_SCAN,1154.2433389999999
cold_hot,q11,3,HASH_GROUP_BY,2.732715
cold_hot,q11,3,HASH_GROUP_BY,10.349109
cold_hot,q11,3,HASH_JOIN,44.719413
cold_hot,q11,3,HASH_JOIN,33.041055
cold_hot,q11,3,MERGE_AGGREGATE,2.560018
cold_hot,q11,3,MERGE_AGGREGATE,5.140702
cold_hot,q11,3,MERGE_GROUP_BY,2.799352
cold_hot,q11,3,MERGE_GROUP_BY,2.743059
cold_hot,q11,3,MERGE_SORT,0.009006
cold_hot,q11,3,MERGE_SORT,0.009983
cold_hot,q11,3,NESTED_LOOP_JOIN,0.339229
cold_hot,q11,3,NESTED_LOOP_JOIN,0.289242
cold_hot,q11,3,ORDER_BY,0.019877
cold_hot,q11,3,ORDER_BY,0.012795
cold_hot,q11,3,PARTITION,0.29973700000000003
cold_hot,q11,3,PARTITION,0.269152
cold_hot,q11,3,PROJECTION,4.831582
cold_hot,q11,3,PROJECTION,1.9422540000000004
cold_hot,q11,3,RESULT_COLLECTOR,0.010376
cold_hot,q11,3,RESULT_COLLECTOR,0.006591
cold_hot,q11,3,SORT_PARTITION,0.018278
cold_hot,q11,3,SORT_PARTITION,0.008165
cold_hot,q11,3,SORT_SAMPLE,0.034607
cold_hot,q11,3,SORT_SAMPLE,0.01894
cold_hot,q11,3,UNGROUPED_AGGREGATE,1.8121800000000001
cold_hot,q11,3,UNGROUPED_AGGREGATE,1.095434
cold_hot,q11,4,CONCAT,0.22217099999999998
cold_hot,q11,4,CONCAT,0.153885
cold_hot,q11,4,CTE,0.009797
cold_hot,q11,4,CTE,0.009415
cold_hot,q11,4,DYNAMIC_FILTER,0.10224
cold_hot,q11,4,DYNAMIC_FILTER,0.0939
cold_hot,q11,4,GPU_SCAN,1156.910903
cold_hot,q11,4,GPU_SCAN,1181.064861
cold_hot,q11,4,HASH_GROUP_BY,11.054082000000001
cold_hot,q11,4,HASH_GROUP_BY,10.254892
cold_hot,q11,4,HASH_JOIN,36.332988
cold_hot,q11,4,HASH_JOIN,32.802358
cold_hot,q11,4,MERGE_AGGREGATE,0.44888599999999995
cold_hot,q11,4,MERGE_AGGREGATE,5.937216
cold_hot,q11,4,MERGE_GROUP_BY,2.762117
cold_hot,q11,4,MERGE_GROUP_BY,2.904646
cold_hot,q11,4,MERGE_SORT,0.005943
cold_hot,q11,4,MERGE_SORT,0.006667
cold_hot,q11,4,NESTED_LOOP_JOIN,0.595333
cold_hot,q11,4,NESTED_LOOP_JOIN,0.266715
cold_hot,q11,4,ORDER_BY,0.052298
cold_hot,q11,4,ORDER_BY,0.011618
cold_hot,q11,4,PARTITION,0.18729900000000002
cold_hot,q11,4,PARTITION,0.20024200000000003
cold_hot,q11,4,PROJECTION,1.2783609999999999
cold_hot,q11,4,PROJECTION,1.9249780000000003
cold_hot,q11,4,RESULT_COLLECTOR,0.005278
cold_hot,q11,4,RESULT_COLLECTOR,0.018159
cold_hot,q11,4,SORT_PARTITION,0.006839
cold_hot,q11,4,SORT_PARTITION,0.023309
cold_hot,q11,4,SORT_SAMPLE,0.01091
cold_hot,q11,4,SORT_SAMPLE,0.046603
cold_hot,q11,4,UNGROUPED_AGGREGATE,6.819802
cold_hot,q11,4,UNGROUPED_AGGREGATE,1.0168789999999999
cold_hot,q11,5,CONCAT,0.27303999999999995
cold_hot,q11,5,CONCAT,0.3644589999999999
cold_hot,q11,5,CTE,0.029438
cold_hot,q11,5,CTE,0.026605
cold_hot,q11,5,DYNAMIC_FILTER,0.111477
cold_hot,q11,5,DYNAMIC_FILTER,0.090083
cold_hot,q11,5,GPU_SCAN,1169.1781420000002
cold_hot,q11,5,GPU_SCAN,1108.650461
cold_hot,q11,5,HASH_GROUP_BY,4.9871929999999995
cold_hot,q11,5,HASH_GROUP_BY,3.527221
cold_hot,q11,5,HASH_JOIN,39.069514
cold_hot,q11,5,HASH_JOIN,38.202656000000005
cold_hot,q11,5,MERGE_AGGREGATE,0.321724
cold_hot,q11,5,MERGE_AGGREGATE,4.944908
cold_hot,q11,5,MERGE_GROUP_BY,2.697141
cold_hot,q11,5,MERGE_GROUP_BY,2.981591
cold_hot,q11,5,MERGE_SORT,0.008714
cold_hot,q11,5,MERGE_SORT,0.00743
cold_hot,q11,5,NESTED_LOOP_JOIN,0.346176
cold_hot,q11,5,NESTED_LOOP_JOIN,0.273885
cold_hot,q11,5,ORDER_BY,0.024029
cold_hot,q11,5,ORDER_BY,0.012166
cold_hot,q11,5,PARTITION,0.093094
cold_hot,q11,5,PARTITION,0.152619
cold_hot,q11,5,PROJECTION,1.6518120000000003
cold_hot,q11,5,PROJECTION,1.3995199999999999
cold_hot,q11,5,RESULT_COLLECTOR,0.005758
cold_hot,q11,5,RESULT_COLLECTOR,0.005316
cold_hot,q11,5,SORT_PARTITION,0.007145
cold_hot,q11,5,SORT_PARTITION,0.021062
cold_hot,q11,5,SORT_SAMPLE,0.015082
cold_hot,q11,5,SORT_SAMPLE,0.040736
cold_hot,q11,5,UNGROUPED_AGGREGATE,6.739478
cold_hot,q11,5,UNGROUPED_AGGREGATE,1.140955
cold_hot,q12,1,CONCAT,1.358191
cold_hot,q12,1,CONCAT,1.2781129999999998
cold_hot,q12,1,DYNAMIC_FILTER,8.947795000000001
cold_hot,q12,1,DYNAMIC_FILTER,6.94342
cold_hot,q12,1,FILTER,57.71221600000001
cold_hot,q12,1,FILTER,47.25633100000001
cold_hot,q12,1,GPU_SCAN,4029.592921
cold_hot,q12,1,GPU_SCAN,3861.472574999999
cold_hot,q12,1,HASH_GROUP_BY,1.170617
cold_hot,q12,1,HASH_GROUP_BY,1.095054
cold_hot,q12,1,HASH_JOIN,2.05227
cold_hot,q12,1,HASH_JOIN,2.051447
cold_hot,q12,1,MERGE_GROUP_BY,0.012522
cold_hot,q12,1,MERGE_GROUP_BY,0.007982
cold_hot,q12,1,MERGE_SORT,0.238914
cold_hot,q12,1,MERGE_SORT,0.241851
cold_hot,q12,1,ORDER_BY,0.192518
cold_hot,q12,1,ORDER_BY,0.151555
cold_hot,q12,1,PARTITION,0.6655999999999999
cold_hot,q12,1,PARTITION,0.41033899999999995
cold_hot,q12,1,PROJECTION,0.615146
cold_hot,q12,1,PROJECTION,0.495556
cold_hot,q12,1,RESULT_COLLECTOR,0.164063
cold_hot,q12,1,RESULT_COLLECTOR,0.136427
cold_hot,q12,1,SORT_PARTITION,0.199259
cold_hot,q12,1,SORT_PARTITION,0.190054
cold_hot,q12,1,SORT_SAMPLE,0.090917
cold_hot,q12,1,SORT_SAMPLE,0.076936
cold_hot,q12,2,CONCAT,1.7579639999999999
cold_hot,q12,2,CONCAT,1.389679
cold_hot,q12,2,DYNAMIC_FILTER,6.528790000000001
cold_hot,q12,2,DYNAMIC_FILTER,7.223076000000001
cold_hot,q12,2,FILTER,42.535335
cold_hot,q12,2,FILTER,57.614716
cold_hot,q12,2,GPU_SCAN,3634.944573
cold_hot,q12,2,GPU_SCAN,4085.313285
cold_hot,q12,2,HASH_GROUP_BY,1.119586
cold_hot,q12,2,HASH_GROUP_BY,1.172849
cold_hot,q12,2,HASH_JOIN,2.015114
cold_hot,q12,2,HASH_JOIN,2.21285
cold_hot,q12,2,MERGE_GROUP_BY,0.006447
cold_hot,q12,2,MERGE_GROUP_BY,0.030375
cold_hot,q12,2,MERGE_SORT,0.185987
cold_hot,q12,2,MERGE_SORT,0.844956
cold_hot,q12,2,ORDER_BY,0.150616
cold_hot,q12,2,ORDER_BY,0.20187
cold_hot,q12,2,PARTITION,0.564309
cold_hot,q12,2,PARTITION,0.664374
cold_hot,q12,2,PROJECTION,0.484928
cold_hot,q12,2,PROJECTION,0.546263
cold_hot,q12,2,RESULT_COLLECTOR,0.137439
cold_hot,q12,2,RESULT_COLLECTOR,0.275663
cold_hot,q12,2,SORT_PARTITION,0.158756
cold_hot,q12,2,SORT_PARTITION,0.200386
cold_hot,q12,2,SORT_SAMPLE,0.072983
cold_hot,q12,2,SORT_SAMPLE,0.102077
cold_hot,q12,3,CONCAT,1.204841
cold_hot,q12,3,CONCAT,1.860659
cold_hot,q12,3,DYNAMIC_FILTER,6.799868999999999
cold_hot,q12,3,DYNAMIC_FILTER,6.912144
cold_hot,q12,3,FILTER,49.036435999999995
cold_hot,q12,3,FILTER,61.03604399999999
cold_hot,q12,3,GPU_SCAN,4021.2097240000007
cold_hot,q12,3,GPU_SCAN,4114.282859
cold_hot,q12,3,HASH_GROUP_BY,1.072822
cold_hot,q12,3,HASH_GROUP_BY,1.205433
cold_hot,q12,3,HASH_JOIN,1.971323
cold_hot,q12,3,HASH_JOIN,2.185485
cold_hot,q12,3,MERGE_GROUP_BY,0.010998
cold_hot,q12,3,MERGE_GROUP_BY,0.031397
cold_hot,q12,3,MERGE_SORT,0.673628
cold_hot,q12,3,MERGE_SORT,0.747041
cold_hot,q12,3,ORDER_BY,0.149436
cold_hot,q12,3,ORDER_BY,0.273216
cold_hot,q12,3,PARTITION,0.291282
cold_hot,q12,3,PARTITION,0.48592899999999994
cold_hot,q12,3,PROJECTION,0.49133
cold_hot,q12,3,PROJECTION,0.574588
cold_hot,q12,3,RESULT_COLLECTOR,0.208715
cold_hot,q12,3,RESULT_COLLECTOR,0.228298
cold_hot,q12,3,SORT_PARTITION,0.161533
cold_hot,q12,3,SORT_PARTITION,0.209655
cold_hot,q12,3,SORT_SAMPLE,0.078323
cold_hot,q12,3,SORT_SAMPLE,0.104258
cold_hot,q12,4,CONCAT,1.227443
cold_hot,q12,4,CONCAT,1.358936
cold_hot,q12,4,DYNAMIC_FILTER,8.654638
cold_hot,q12,4,DYNAMIC_FILTER,12.010477999999999
cold_hot,q12,4,FILTER,54.015240000000006
cold_hot,q12,4,FILTER,59.321191000000006
cold_hot,q12,4,GPU_SCAN,4076.802893
cold_hot,q12,4,GPU_SCAN,4111.428148000001
cold_hot,q12,4,HASH_GROUP_BY,1.059263
cold_hot,q12,4,HASH_GROUP_BY,1.173183
cold_hot,q12,4,HASH_JOIN,1.964404
cold_hot,q12,4,HASH_JOIN,2.066857
cold_hot,q12,4,MERGE_GROUP_BY,0.008241
cold_hot,q12,4,MERGE_GROUP_BY,0.013019
cold_hot,q12,4,MERGE_SORT,0.174385
cold_hot,q12,4,MERGE_SORT,0.235993
cold_hot,q12,4,ORDER_BY,0.155537
cold_hot,q12,4,ORDER_BY,0.322208
cold_hot,q12,4,PARTITION,0.27311399999999997
cold_hot,q12,4,PARTITION,0.4585020000000001
cold_hot,q12,4,PROJECTION,0.47956
cold_hot,q12,4,PROJECTION,0.54245
cold_hot,q12,4,RESULT_COLLECTOR,0.123785
cold_hot,q12,4,RESULT_COLLECTOR,0.160645
cold_hot,q12,4,SORT_PARTITION,0.157337
cold_hot,q12,4,SORT_PARTITION,0.18968
cold_hot,q12,4,SORT_SAMPLE,0.074834
cold_hot,q12,4,SORT_SAMPLE,0.088441
cold_hot,q12,5,CONCAT,1.393378
cold_hot,q12,5,CONCAT,1.373037
cold_hot,q12,5,DYNAMIC_FILTER,7.776661
cold_hot,q12,5,DYNAMIC_FILTER,8.196755
cold_hot,q12,5,FILTER,43.20691999999999
cold_hot,q12,5,FILTER,66.603575
cold_hot,q12,5,GPU_SCAN,3791.19461
cold_hot,q12,5,GPU_SCAN,4108.663145999999
cold_hot,q12,5,HASH_GROUP_BY,1.182028
cold_hot,q12,5,HASH_GROUP_BY,1.176623
cold_hot,q12,5,HASH_JOIN,2.142851
cold_hot,q12,5,HASH_JOIN,2.169898
cold_hot,q12,5,MERGE_GROUP_BY,0.026203
cold_hot,q12,5,MERGE_GROUP_BY,0.06175
cold_hot,q12,5,MERGE_SORT,0.60495
cold_hot,q12,5,MERGE_SORT,0.284642
cold_hot,q12,5,ORDER_BY,0.167874
cold_hot,q12,5,ORDER_BY,0.263329
cold_hot,q12,5,PARTITION,0.568805
cold_hot,q12,5,PARTITION,0.4569449999999999
cold_hot,q12,5,PROJECTION,0.544923
cold_hot,q12,5,PROJECTION,0.557146
cold_hot,q12,5,RESULT_COLLECTOR,0.33342
cold_hot,q12,5,RESULT_COLLECTOR,0.347446
cold_hot,q12,5,SORT_PARTITION,0.21533
cold_hot,q12,5,SORT_PARTITION,0.235149
cold_hot,q12,5,SORT_SAMPLE,0.25538
cold_hot,q12,5,SORT_SAMPLE,0.225616
cold_hot,q13,1,CONCAT,20.801654
cold_hot,q13,1,CONCAT,21.3092
cold_hot,q13,1,GPU_SCAN,1983.6135709999999
cold_hot,q13,1,GPU_SCAN,2006.448675
cold_hot,q13,1,HASH_GROUP_BY,18.605423000000002
cold_hot,q13,1,HASH_GROUP_BY,18.99147
cold_hot,q13,1,HASH_JOIN,121.019602
cold_hot,q13,1,HASH_JOIN,120.831923
cold_hot,q13,1,MERGE_GROUP_BY,0.012829
cold_hot,q13,1,MERGE_GROUP_BY,0.089502
cold_hot,q13,1,MERGE_SORT,0.005326
cold_hot,q13,1,MERGE_SORT,0.007759
cold_hot,q13,1,ORDER_BY,0.2038
cold_hot,q13,1,ORDER_BY,0.358249
cold_hot,q13,1,PARTITION,0.139875
cold_hot,q13,1,PARTITION,0.165579
cold_hot,q13,1,PROJECTION,0.042565
cold_hot,q13,1,PROJECTION,0.045307
cold_hot,q13,1,RESULT_COLLECTOR,0.106714
cold_hot,q13,1,RESULT_COLLECTOR,0.194561
cold_hot,q13,1,SORT_PARTITION,0.004705
cold_hot,q13,1,SORT_PARTITION,0.006271
cold_hot,q13,1,SORT_SAMPLE,0.00605
cold_hot,q13,1,SORT_SAMPLE,0.006986
cold_hot,q13,2,CONCAT,21.052932000000002
cold_hot,q13,2,CONCAT,21.102374
cold_hot,q13,2,GPU_SCAN,2019.8714570000002
cold_hot,q13,2,GPU_SCAN,2023.073077
cold_hot,q13,2,HASH_GROUP_BY,19.056492
cold_hot,q13,2,HASH_GROUP_BY,18.983123000000003
cold_hot,q13,2,HASH_JOIN,120.744551
cold_hot,q13,2,HASH_JOIN,120.999621
cold_hot,q13,2,MERGE_GROUP_BY,0.038702
cold_hot,q13,2,MERGE_GROUP_BY,0.054081000000000004
cold_hot,q13,2,MERGE_SORT,0.006336
cold_hot,q13,2,MERGE_SORT,0.006154
cold_hot,q13,2,ORDER_BY,0.296316
cold_hot,q13,2,ORDER_BY,0.225809
cold_hot,q13,2,PARTITION,0.125762
cold_hot,q13,2,PARTITION,0.139782
cold_hot,q13,2,PROJECTION,0.052700000000000004
cold_hot,q13,2,PROJECTION,0.070646
cold_hot,q13,2,RESULT_COLLECTOR,0.148385
cold_hot,q13,2,RESULT_COLLECTOR,0.078873
cold_hot,q13,2,SORT_PARTITION,0.019821
cold_hot,q13,2,SORT_PARTITION,0.009411
cold_hot,q13,2,SORT_SAMPLE,0.022174
cold_hot,q13,2,SORT_SAMPLE,0.012086
cold_hot,q13,3,CONCAT,20.644544
cold_hot,q13,3,CONCAT,20.868057999999998
cold_hot,q13,3,GPU_SCAN,2024.8985780000003
cold_hot,q13,3,GPU_SCAN,2016.9169009999998
cold_hot,q13,3,HASH_GROUP_BY,18.911628
cold_hot,q13,3,HASH_GROUP_BY,18.774236
cold_hot,q13,3,HASH_JOIN,120.807502
cold_hot,q13,3,HASH_JOIN,120.749222
cold_hot,q13,3,MERGE_GROUP_BY,0.076188
cold_hot,q13,3,MERGE_GROUP_BY,0.103188
cold_hot,q13,3,MERGE_SORT,0.007401
cold_hot,q13,3,MERGE_SORT,0.007172
cold_hot,q13,3,ORDER_BY,0.261667
cold_hot,q13,3,ORDER_BY,0.419167
cold_hot,q13,3,PARTITION,0.143316
cold_hot,q13,3,PARTITION,0.21217299999999997
cold_hot,q13,3,PROJECTION,0.039304
cold_hot,q13,3,PROJECTION,0.025796
cold_hot,q13,3,RESULT_COLLECTOR,0.239574
cold_hot,q13,3,RESULT_COLLECTOR,0.205994
cold_hot,q13,3,SORT_PARTITION,0.009327
cold_hot,q13,3,SORT_PARTITION,0.021901
cold_hot,q13,3,SORT_SAMPLE,0.011292
cold_hot,q13,3,SORT_SAMPLE,0.022504
cold_hot,q13,4,CONCAT,21.217624
cold_hot,q13,4,CONCAT,20.705552
cold_hot,q13,4,GPU_SCAN,2038.6943330000001
cold_hot,q13,4,GPU_SCAN,2012.00052
cold_hot,q13,4,HASH_GROUP_BY,18.438341
cold_hot,q13,4,HASH_GROUP_BY,18.970101
cold_hot,q13,4,HASH_JOIN,120.916293
cold_hot,q13,4,HASH_JOIN,120.709787
cold_hot,q13,4,MERGE_GROUP_BY,0.034686
cold_hot,q13,4,MERGE_GROUP_BY,0.056118
cold_hot,q13,4,MERGE_SORT,0.006943
cold_hot,q13,4,MERGE_SORT,0.006933
cold_hot,q13,4,ORDER_BY,0.192812
cold_hot,q13,4,ORDER_BY,0.424894
cold_hot,q13,4,PARTITION,0.24648099999999998
cold_hot,q13,4,PARTITION,0.132396
cold_hot,q13,4,PROJECTION,0.024599999999999997
cold_hot,q13,4,PROJECTION,0.067867
cold_hot,q13,4,RESULT_COLLECTOR,0.20708
cold_hot,q13,4,RESULT_COLLECTOR,0.092098
cold_hot,q13,4,SORT_PARTITION,0.007337
cold_hot,q13,4,SORT_PARTITION,0.008201
cold_hot,q13,4,SORT_SAMPLE,0.00573
cold_hot,q13,4,SORT_SAMPLE,0.014218
cold_hot,q13,5,CONCAT,20.914855
cold_hot,q13,5,CONCAT,21.194173
cold_hot,q13,5,GPU_SCAN,1997.147642
cold_hot,q13,5,GPU_SCAN,2011.6071180000004
cold_hot,q13,5,HASH_GROUP_BY,19.056403
cold_hot,q13,5,HASH_GROUP_BY,18.663679000000002
cold_hot,q13,5,HASH_JOIN,120.776853
cold_hot,q13,5,HASH_JOIN,120.845489
cold_hot,q13,5,MERGE_GROUP_BY,0.08992800000000001
cold_hot,q13,5,MERGE_GROUP_BY,0.12004
cold_hot,q13,5,MERGE_SORT,0.006869
cold_hot,q13,5,MERGE_SORT,0.005713
cold_hot,q13,5,ORDER_BY,0.225913
cold_hot,q13,5,ORDER_BY,0.389119
cold_hot,q13,5,PARTITION,0.148145
cold_hot,q13,5,PARTITION,0.129343
cold_hot,q13,5,PROJECTION,0.052053
cold_hot,q13,5,PROJECTION,0.026477
cold_hot,q13,5,RESULT_COLLECTOR,0.272633
cold_hot,q13,5,RESULT_COLLECTOR,0.072156
cold_hot,q13,5,SORT_PARTITION,0.008932
cold_hot,q13,5,SORT_PARTITION,0.004564
cold_hot,q13,5,SORT_SAMPLE,0.007952
cold_hot,q13,5,SORT_SAMPLE,0.005883
cold_hot,q14,1,CONCAT,0.378952
cold_hot,q14,1,CONCAT,0.524961
cold_hot,q14,1,GPU_SCAN,5100.601905
cold_hot,q14,1,GPU_SCAN,5180.960605999999
cold_hot,q14,1,HASH_JOIN,11.057193
cold_hot,q14,1,HASH_JOIN,10.863287
cold_hot,q14,1,MERGE_AGGREGATE,0.035079
cold_hot,q14,1,MERGE_AGGREGATE,0.098772
cold_hot,q14,1,PARTITION,0.12721600000000002
cold_hot,q14,1,PARTITION,0.339945
cold_hot,q14,1,PROJECTION,6.431991
cold_hot,q14,1,PROJECTION,1.256332
cold_hot,q14,1,RESULT_COLLECTOR,0.262481
cold_hot,q14,1,RESULT_COLLECTOR,0.135715
cold_hot,q14,1,UNGROUPED_AGGREGATE,0.714076
cold_hot,q14,1,UNGROUPED_AGGREGATE,0.739323
cold_hot,q14,2,CONCAT,0.40811
cold_hot,q14,2,CONCAT,0.5089520000000001
cold_hot,q14,2,GPU_SCAN,5183.678986999999
cold_hot,q14,2,GPU_SCAN,5193.259713
cold_hot,q14,2,HASH_JOIN,11.176862
cold_hot,q14,2,HASH_JOIN,11.014576
cold_hot,q14,2,MERGE_AGGREGATE,0.058763
cold_hot,q14,2,MERGE_AGGREGATE,0.063397
cold_hot,q14,2,PARTITION,0.134944
cold_hot,q14,2,PARTITION,0.23318699999999998
cold_hot,q14,2,PROJECTION,1.274468
cold_hot,q14,2,PROJECTION,1.634705
cold_hot,q14,2,RESULT_COLLECTOR,0.101551
cold_hot,q14,2,RESULT_COLLECTOR,0.211129
cold_hot,q14,2,UNGROUPED_AGGREGATE,0.752426
cold_hot,q14,2,UNGROUPED_AGGREGATE,0.745561
cold_hot,q14,3,CONCAT,0.540148
cold_hot,q14,3,CONCAT,0.379939
cold_hot,q14,3,GPU_SCAN,5216.701997
cold_hot,q14,3,GPU_SCAN,5225.462399999999
cold_hot,q14,3,HASH_JOIN,11.230361
cold_hot,q14,3,HASH_JOIN,10.952503
cold_hot,q14,3,MERGE_AGGREGATE,0.062824
cold_hot,q14,3,MERGE_AGGREGATE,0.014608
cold_hot,q14,3,PARTITION,0.166129
cold_hot,q14,3,PARTITION,0.18231300000000006
cold_hot,q14,3,PROJECTION,1.416166
cold_hot,q14,3,PROJECTION,1.511887
cold_hot,q14,3,RESULT_COLLECTOR,0.134433
cold_hot,q14,3,RESULT_COLLECTOR,0.18628
cold_hot,q14,3,UNGROUPED_AGGREGATE,0.76332
cold_hot,q14,3,UNGROUPED_AGGREGATE,0.704908
cold_hot,q14,4,CONCAT,0.41245800000000005
cold_hot,q14,4,CONCAT,0.502248
cold_hot,q14,4,GPU_SCAN,5366.976883999999
cold_hot,q14,4,GPU_SCAN,5104.391884999999
cold_hot,q14,4,HASH_JOIN,11.093836
cold_hot,q14,4,HASH_JOIN,10.891235
cold_hot,q14,4,MERGE_AGGREGATE,0.054644
cold_hot,q14,4,MERGE_AGGREGATE,0.018278
cold_hot,q14,4,PARTITION,0.237612
cold_hot,q14,4,PARTITION,0.131943
cold_hot,q14,4,PROJECTION,1.804173
cold_hot,q14,4,PROJECTION,1.2632219999999998
cold_hot,q14,4,RESULT_COLLECTOR,0.123989
cold_hot,q14,4,RESULT_COLLECTOR,0.103081
cold_hot,q14,4,UNGROUPED_AGGREGATE,1.208855
cold_hot,q14,4,UNGROUPED_AGGREGATE,0.699818
cold_hot,q14,5,CONCAT,0.376833
cold_hot,q14,5,CONCAT,0.399714
cold_hot,q14,5,GPU_SCAN,5310.802967
cold_hot,q14,5,GPU_SCAN,5121.621531999999
cold_hot,q14,5,HASH_JOIN,11.129047
cold_hot,q14,5,HASH_JOIN,11.012635
cold_hot,q14,5,MERGE_AGGREGATE,0.033642
cold_hot,q14,5,MERGE_AGGREGATE,0.021763
cold_hot,q14,5,PARTITION,0.081864
cold_hot,q14,5,PARTITION,0.11438599999999997
cold_hot,q14,5,PROJECTION,1.5551629999999999
cold_hot,q14,5,PROJECTION,1.3192279999999998
cold_hot,q14,5,RESULT_COLLECTOR,0.177477
cold_hot,q14,5,RESULT_COLLECTOR,0.121813
cold_hot,q14,5,UNGROUPED_AGGREGATE,0.711934
cold_hot,q14,5,UNGROUPED_AGGREGATE,0.763065
cold_hot,q15,1,CONCAT,0.063262
cold_hot,q15,1,CONCAT,0.052114999999999995
cold_hot,q15,1,CTE,0.007416
cold_hot,q15,1,CTE,0.009264
cold_hot,q15,1,GPU_SCAN,5123.708973999998
cold_hot,q15,1,GPU_SCAN,5186.191939
cold_hot,q15,1,HASH_GROUP_BY,22.588247999999997
cold_hot,q15,1,HASH_GROUP_BY,21.073847000000004
cold_hot,q15,1,HASH_JOIN,3.8687380000000005
cold_hot,q15,1,HASH_JOIN,1.907659
cold_hot,q15,1,MERGE_AGGREGATE,0.10455300000000001
cold_hot,q15,1,MERGE_AGGREGATE,0.024898
cold_hot,q15,1,MERGE_GROUP_BY,5.308533
cold_hot,q15,1,MERGE_GROUP_BY,5.003788
cold_hot,q15,1,MERGE_SORT,0.035761
cold_hot,q15,1,MERGE_SORT,0.042772
cold_hot,q15,1,ORDER_BY,10.739363
cold_hot,q15,1,ORDER_BY,0.616854
cold_hot,q15,1,PARTITION,0.41654
cold_hot,q15,1,PARTITION,0.33865500000000004
cold_hot,q15,1,PROJECTION,10.500267000000001
cold_hot,q15,1,PROJECTION,11.658922
cold_hot,q15,1,RESULT_COLLECTOR,0.25129
cold_hot,q15,1,RESULT_COLLECTOR,0.459184
cold_hot,q15,1,SORT_PARTITION,0.860643
cold_hot,q15,1,SORT_PARTITION,0.761491
cold_hot,q15,1,SORT_SAMPLE,0.042033
cold_hot,q15,1,SORT_SAMPLE,0.088234
cold_hot,q15,1,UNGROUPED_AGGREGATE,8.777843
cold_hot,q15,1,UNGROUPED_AGGREGATE,0.399099
cold_hot,q15,2,CONCAT,0.029495
cold_hot,q15,2,CONCAT,0.106051
cold_hot,q15,2,CTE,0.008419
cold_hot,q15,2,CTE,0.02255
cold_hot,q15,2,GPU_SCAN,5182.7460790000005
cold_hot,q15,2,GPU_SCAN,5208.004569
cold_hot,q15,2,HASH_GROUP_BY,15.698429
cold_hot,q15,2,HASH_GROUP_BY,20.282888
cold_hot,q15,2,HASH_JOIN,1.868464
cold_hot,q15,2,HASH_JOIN,1.897044
cold_hot,q15,2,MERGE_AGGREGATE,0.042149000000000006
cold_hot,q15,2,MERGE_AGGREGATE,0.033054
cold_hot,q15,2,MERGE_GROUP_BY,4.874161
cold_hot,q15,2,MERGE_GROUP_BY,4.898133
cold_hot,q15,2,MERGE_SORT,0.036747
cold_hot,q15,2,MERGE_SORT,0.014578
cold_hot,q15,2,ORDER_BY,0.422895
cold_hot,q15,2,ORDER_BY,0.67881
cold_hot,q15,2,PARTITION,0.28705100000000006
cold_hot,q15,2,PARTITION,0.253539
cold_hot,q15,2,PROJECTION,15.988997000000001
cold_hot,q15,2,PROJECTION,8.826074
cold_hot,q15,2,RESULT_COLLECTOR,0.131639
cold_hot,q15,2,RESULT_COLLECTOR,0.174135
cold_hot,q15,2,SORT_PARTITION,0.447823
cold_hot,q15,2,SORT_PARTITION,1.274548
cold_hot,q15,2,SORT_SAMPLE,0.048381
cold_hot,q15,2,SORT_SAMPLE,0.21339
cold_hot,q15,2,UNGROUPED_AGGREGATE,0.33222799999999997
cold_hot,q15,2,UNGROUPED_AGGREGATE,0.67027
cold_hot,q15,3,CONCAT,0.045369
cold_hot,q15,3,CONCAT,0.12072300000000001
cold_hot,q15,3,CTE,0.007229
cold_hot,q15,3,CTE,0.007343
cold_hot,q15,3,GPU_SCAN,5165.995320999999
cold_hot,q15,3,GPU_SCAN,5215.424965
cold_hot,q15,3,HASH_GROUP_BY,20.292843
cold_hot,q15,3,HASH_GROUP_BY,21.951824000000002
cold_hot,q15,3,HASH_JOIN,1.041221
cold_hot,q15,3,HASH_JOIN,1.3446
cold_hot,q15,3,MERGE_AGGREGATE,0.026305000000000002
cold_hot,q15,3,MERGE_AGGREGATE,0.06471099999999999
cold_hot,q15,3,MERGE_GROUP_BY,5.042522
cold_hot,q15,3,MERGE_GROUP_BY,4.935733
cold_hot,q15,3,MERGE_SORT,0.068256
cold_hot,q15,3,MERGE_SORT,0.024159
cold_hot,q15,3,ORDER_BY,0.226554
cold_hot,q15,3,ORDER_BY,0.234542
cold_hot,q15,3,PARTITION,0.39294100000000004
cold_hot,q15,3,PARTITION,0.312162
cold_hot,q15,3,PROJECTION,12.641854999999998
cold_hot,q15,3,PROJECTION,12.001502000000002
cold_hot,q15,3,RESULT_COLLECTOR,0.193112
cold_hot,q15,3,RESULT_COLLECTOR,0.187191
cold_hot,q15,3,SORT_PARTITION,0.866562
cold_hot,q15,3,SORT_PARTITION,1.081062
cold_hot,q15,3,SORT_SAMPLE,0.062188
cold_hot,q15,3,SORT_SAMPLE,0.243921
cold_hot,q15,3,UNGROUPED_AGGREGATE,0.373989
cold_hot,q15,3,UNGROUPED_AGGREGATE,0.524021
cold_hot,q15,4,CONCAT,0.04201
cold_hot,q15,4,CONCAT,0.080891
cold_hot,q15,4,CTE,0.032916
cold_hot,q15,4,CTE,0.007789
cold_hot,q15,4,GPU_SCAN,5352.829377999999
cold_hot,q15,4,GPU_SCAN,5102.543691
cold_hot,q15,4,HASH_GROUP_BY,22.876755000000003
cold_hot,q15,4,HASH_GROUP_BY,18.96668
cold_hot,q15,4,HASH_JOIN,2.391821
cold_hot,q15,4,HASH_JOIN,1.318863
cold_hot,q15,4,MERGE_AGGREGATE,0.081419
cold_hot,q15,4,MERGE_AGGREGATE,0.039916
cold_hot,q15,4,MERGE_GROUP_BY,4.867316
cold_hot,q15,4,MERGE_GROUP_BY,4.782944
cold_hot,q15,4,MERGE_SORT,0.043381
cold_hot,q15,4,MERGE_SORT,0.037122
cold_hot,q15,4,ORDER_BY,0.622904
cold_hot,q15,4,ORDER_BY,0.233105
cold_hot,q15,4,PARTITION,0.339655
cold_hot,q15,4,PARTITION,0.37210499999999996
cold_hot,q15,4,PROJECTION,17.542025000000002
cold_hot,q15,4,PROJECTION,9.607198
cold_hot,q15,4,RESULT_COLLECTOR,0.183207
cold_hot,q15,4,RESULT_COLLECTOR,0.159766
cold_hot,q15,4,SORT_PARTITION,0.734756
cold_hot,q15,4,SORT_PARTITION,1.263533
cold_hot,q15,4,SORT_SAMPLE,0.080977
cold_hot,q15,4,SORT_SAMPLE,0.20269
cold_hot,q15,4,UNGROUPED_AGGREGATE,0.48493400000000003
cold_hot,q15,4,UNGROUPED_AGGREGATE,0.584368
cold_hot,q15,5,CONCAT,0.061950000000000005
cold_hot,q15,5,CONCAT,0.031681
cold_hot,q15,5,CTE,0.006714
cold_hot,q15,5,CTE,0.005551
cold_hot,q15,5,GPU_SCAN,5100.551623
cold_hot,q15,5,GPU_SCAN,5144.105471999999
cold_hot,q15,5,HASH_GROUP_BY,21.899807999999997
cold_hot,q15,5,HASH_GROUP_BY,17.914967
cold_hot,q15,5,HASH_JOIN,2.06672
cold_hot,q15,5,HASH_JOIN,1.9041100000000002
cold_hot,q15,5,MERGE_AGGREGATE,0.027052
cold_hot,q15,5,MERGE_AGGREGATE,0.021002
cold_hot,q15,5,MERGE_GROUP_BY,4.94938
cold_hot,q15,5,MERGE_GROUP_BY,4.846658
cold_hot,q15,5,MERGE_SORT,0.023434
cold_hot,q15,5,MERGE_SORT,0.022446
cold_hot,q15,5,ORDER_BY,0.734364
cold_hot,q15,5,ORDER_BY,0.666052
cold_hot,q15,5,PARTITION,0.26657300000000006
cold_hot,q15,5,PARTITION,0.28882699999999994
cold_hot,q15,5,PROJECTION,9.681509999999998
cold_hot,q15,5,PROJECTION,14.107130000000002
cold_hot,q15,5,RESULT_COLLECTOR,0.232977
cold_hot,q15,5,RESULT_COLLECTOR,0.184717
cold_hot,q15,5,SORT_PARTITION,0.885022
cold_hot,q15,5,SORT_PARTITION,0.614026
cold_hot,q15,5,SORT_SAMPLE,0.084404
cold_hot,q15,5,SORT_SAMPLE,0.079724
cold_hot,q15,5,UNGROUPED_AGGREGATE,0.5358590000000001
cold_hot,q15,5,UNGROUPED_AGGREGATE,0.344978
cold_hot,q16,1,CONCAT,0.174419
cold_hot,q16,1,CONCAT,0.155946
cold_hot,q16,1,DYNAMIC_FILTER,1.149804
cold_hot,q16,1,DYNAMIC_FILTER,1.136784
cold_hot,q16,1,FILTER,6.388199
cold_hot,q16,1,FILTER,6.624147000000001
cold_hot,q16,1,GPU_SCAN,182.793403
cold_hot,q16,1,GPU_SCAN,185.349907
cold_hot,q16,1,HASH_GROUP_BY,93.859165
cold_hot,q16,1,HASH_GROUP_BY,86.493505
cold_hot,q16,1,HASH_JOIN,8.600703
cold_hot,q16,1,HASH_JOIN,8.639491
cold_hot,q16,1,MERGE_GROUP_BY,1.278027
cold_hot,q16,1,MERGE_GROUP_BY,0.419841
cold_hot,q16,1,MERGE_SORT,0.008931
cold_hot,q16,1,MERGE_SORT,0.007096
cold_hot,q16,1,ORDER_BY,2.267381
cold_hot,q16,1,ORDER_BY,2.432308
cold_hot,q16,1,PARTITION,0.077128
cold_hot,q16,1,PARTITION,0.06511700000000001
cold_hot,q16,1,PROJECTION,0.014048
cold_hot,q16,1,PROJECTION,0.01238
cold_hot,q16,1,RESULT_COLLECTOR,1.438944
cold_hot,q16,1,RESULT_COLLECTOR,0.756757
cold_hot,q16,1,SORT_PARTITION,0.006941
cold_hot,q16,1,SORT_PARTITION,0.00677
cold_hot,q16,1,SORT_SAMPLE,0.010154
cold_hot,q16,1,SORT_SAMPLE,0.01003
cold_hot,q16,2,CONCAT,0.2359
cold_hot,q16,2,CONCAT,0.376166
cold_hot,q16,2,DYNAMIC_FILTER,1.115748
cold_hot,q16,2,DYNAMIC_FILTER,1.12352
cold_hot,q16,2,FILTER,6.311665
cold_hot,q16,2,FILTER,6.697112000000001
cold_hot,q16,2,GPU_SCAN,184.419084
cold_hot,q16,2,GPU_SCAN,187.35844300000002
cold_hot,q16,2,HASH_GROUP_BY,81.754483
cold_hot,q16,2,HASH_GROUP_BY,86.465829
cold_hot,q16,2,HASH_JOIN,8.326198999999999
cold_hot,q16,2,HASH_JOIN,9.383279
cold_hot,q16,2,MERGE_GROUP_BY,0.430171
cold_hot,q16,2,MERGE_GROUP_BY,1.087354
cold_hot,q16,2,MERGE_SORT,0.012095
cold_hot,q16,2,MERGE_SORT,0.010116
cold_hot,q16,2,ORDER_BY,2.36734
cold_hot,q16,2,ORDER_BY,2.627091
cold_hot,q16,2,PARTITION,0.14491300000000001
cold_hot,q16,2,PARTITION,0.322467
cold_hot,q16,2,PROJECTION,0.013619
cold_hot,q16,2,PROJECTION,0.014679
cold_hot,q16,2,RESULT_COLLECTOR,0.756667
cold_hot,q16,2,RESULT_COLLECTOR,0.958333
cold_hot,q16,2,SORT_PARTITION,0.007767
cold_hot,q16,2,SORT_PARTITION,0.009986
cold_hot,q16,2,SORT_SAMPLE,0.009524
cold_hot,q16,2,SORT_SAMPLE,0.017538
cold_hot,q16,3,CONCAT,0.289612
cold_hot,q16,3,CONCAT,0.41332800000000003
cold_hot,q16,3,DYNAMIC_FILTER,1.109295
cold_hot,q16,3,DYNAMIC_FILTER,1.142729
cold_hot,q16,3,FILTER,6.506503
cold_hot,q16,3,FILTER,6.8381170000000004
cold_hot,q16,3,GPU_SCAN,184.020861
cold_hot,q16,3,GPU_SCAN,187.731142
cold_hot,q16,3,HASH_GROUP_BY,81.972352
cold_hot,q16,3,HASH_GROUP_BY,86.650082
cold_hot,q16,3,HASH_JOIN,9.017472
cold_hot,q16,3,HASH_JOIN,9.417844
cold_hot,q16,3,MERGE_GROUP_BY,1.136419
cold_hot,q16,3,MERGE_GROUP_BY,0.447865
cold_hot,q16,3,MERGE_SORT,0.062003
cold_hot,q16,3,MERGE_SORT,0.032908
cold_hot,q16,3,ORDER_BY,2.62497
cold_hot,q16,3,ORDER_BY,2.455144
cold_hot,q16,3,PARTITION,0.21985100000000002
cold_hot,q16,3,PARTITION,0.334844
cold_hot,q16,3,PROJECTION,0.011882
cold_hot,q16,3,PROJECTION,0.012722
cold_hot,q16,3,RESULT_COLLECTOR,1.314478
cold_hot,q16,3,RESULT_COLLECTOR,0.813373
cold_hot,q16,3,SORT_PARTITION,0.009939
cold_hot,q16,3,SORT_PARTITION,0.006053
cold_hot,q16,3,SORT_SAMPLE,0.017218
cold_hot,q16,3,SORT_SAMPLE,0.010527
cold_hot,q16,4,CONCAT,0.333999
cold_hot,q16,4,CONCAT,0.33354900000000004
cold_hot,q16,4,DYNAMIC_FILTER,1.120704
cold_hot,q16,4,DYNAMIC_FILTER,1.127876
cold_hot,q16,4,FILTER,6.340968
cold_hot,q16,4,FILTER,6.635577
cold_hot,q16,4,GPU_SCAN,183.499193
cold_hot,q16,4,GPU_SCAN,188.519926
cold_hot,q16,4,HASH_GROUP_BY,81.568609
cold_hot,q16,4,HASH_GROUP_BY,86.28131
cold_hot,q16,4,HASH_JOIN,8.368034
cold_hot,q16,4,HASH_JOIN,9.139059
cold_hot,q16,4,MERGE_GROUP_BY,0.443912
cold_hot,q16,4,MERGE_GROUP_BY,1.128168
cold_hot,q16,4,MERGE_SORT,0.031692
cold_hot,q16,4,MERGE_SORT,0.010742
cold_hot,q16,4,ORDER_BY,2.335732
cold_hot,q16,4,ORDER_BY,2.593266
cold_hot,q16,4,PARTITION,0.163754
cold_hot,q16,4,PARTITION,0.24992899999999998
cold_hot,q16,4,PROJECTION,0.015667
cold_hot,q16,4,PROJECTION,0.012216
cold_hot,q16,4,RESULT_COLLECTOR,0.71758
cold_hot,q16,4,RESULT_COLLECTOR,0.881104
cold_hot,q16,4,SORT_PARTITION,0.008081
cold_hot,q16,4,SORT_PARTITION,0.032841
cold_hot,q16,4,SORT_SAMPLE,0.010793
cold_hot,q16,4,SORT_SAMPLE,0.053378
cold_hot,q16,5,CONCAT,0.38101300000000005
cold_hot,q16,5,CONCAT,0.435776
cold_hot,q16,5,DYNAMIC_FILTER,1.143934
cold_hot,q16,5,DYNAMIC_FILTER,1.137456
cold_hot,q16,5,FILTER,6.365197
cold_hot,q16,5,FILTER,6.639004
cold_hot,q16,5,GPU_SCAN,181.700506
cold_hot,q16,5,GPU_SCAN,186.683415
cold_hot,q16,5,HASH_GROUP_BY,82.442264
cold_hot,q16,5,HASH_GROUP_BY,86.376314
cold_hot,q16,5,HASH_JOIN,8.861092
cold_hot,q16,5,HASH_JOIN,9.550122
cold_hot,q16,5,MERGE_GROUP_BY,1.206765
cold_hot,q16,5,MERGE_GROUP_BY,0.992435
cold_hot,q16,5,MERGE_SORT,0.01335
cold_hot,q16,5,MERGE_SORT,0.051443
cold_hot,q16,5,ORDER_BY,2.526701
cold_hot,q16,5,ORDER_BY,3.065664
cold_hot,q16,5,PARTITION,0.244944
cold_hot,q16,5,PARTITION,0.20989599999999997
cold_hot,q16,5,PROJECTION,0.014701
cold_hot,q16,5,PROJECTION,0.0153
cold_hot,q16,5,RESULT_COLLECTOR,1.174854
cold_hot,q16,5,RESULT_COLLECTOR,1.153553
cold_hot,q16,5,SORT_PARTITION,0.006592
cold_hot,q16,5,SORT_PARTITION,0.027353
cold_hot,q16,5,SORT_SAMPLE,0.014375
cold_hot,q16,5,SORT_SAMPLE,0.044528
cold_hot,q17,1,CONCAT,0.5426649999999998
cold_hot,q17,1,CONCAT,0.8809650000000001
cold_hot,q17,1,DYNAMIC_FILTER,29.183858000000004
cold_hot,q17,1,DYNAMIC_FILTER,28.853713000000003
cold_hot,q17,1,FILTER,0.12421
cold_hot,q17,1,FILTER,0.129202
cold_hot,q17,1,GPU_SCAN,6789.525702999999
cold_hot,q17,1,GPU_SCAN,6874.523088
cold_hot,q17,1,HASH_GROUP_BY,6.975426000000001
cold_hot,q17,1,HASH_GROUP_BY,10.390081
cold_hot,q17,1,HASH_JOIN,129.622942
cold_hot,q17,1,HASH_JOIN,188.91489900000002
cold_hot,q17,1,LEFT_DELIM_JOIN,0.196328
cold_hot,q17,1,LEFT_DELIM_JOIN,0.175882
cold_hot,q17,1,MERGE_AGGREGATE,0.016735
cold_hot,q17,1,MERGE_AGGREGATE,0.008508
cold_hot,q17,1,MERGE_GROUP_BY,1.034067
cold_hot,q17,1,MERGE_GROUP_BY,0.6767110000000001
cold_hot,q17,1,PARTITION,0.5361440000000001
cold_hot,q17,1,PARTITION,0.62119
cold_hot,q17,1,PROJECTION,0.701911
cold_hot,q17,1,PROJECTION,1.135698
cold_hot,q17,1,RESULT_COLLECTOR,0.121543
cold_hot,q17,1,RESULT_COLLECTOR,0.128748
cold_hot,q17,1,UNGROUPED_AGGREGATE,0.177641
cold_hot,q17,1,UNGROUPED_AGGREGATE,0.181949
cold_hot,q17,2,CONCAT,0.38661899999999993
cold_hot,q17,2,CONCAT,0.501705
cold_hot,q17,2,DYNAMIC_FILTER,26.193756999999998
cold_hot,q17,2,DYNAMIC_FILTER,27.493316999999998
cold_hot,q17,2,FILTER,0.111037
cold_hot,q17,2,FILTER,0.140932
cold_hot,q17,2,GPU_SCAN,6645.0734010000015
cold_hot,q17,2,GPU_SCAN,6751.451791
cold_hot,q17,2,HASH_GROUP_BY,5.5106779999999995
cold_hot,q17,2,HASH_GROUP_BY,6.5507599999999995
cold_hot,q17,2,HASH_JOIN,132.689181
cold_hot,q17,2,HASH_JOIN,132.940228
cold_hot,q17,2,LEFT_DELIM_JOIN,0.259456
cold_hot,q17,2,LEFT_DELIM_JOIN,0.197841
cold_hot,q17,2,MERGE_AGGREGATE,0.018031
cold_hot,q17,2,MERGE_AGGREGATE,0.030224
cold_hot,q17,2,MERGE_GROUP_BY,1.465795
cold_hot,q17,2,MERGE_GROUP_BY,0.63492
cold_hot,q17,2,PARTITION,0.522134
cold_hot,q17,2,PARTITION,0.7194880000000001
cold_hot,q17,2,PROJECTION,0.7756170000000001
cold_hot,q17,2,PROJECTION,0.41459599999999996
cold_hot,q17,2,RESULT_COLLECTOR,0.087476
cold_hot,q17,2,RESULT_COLLECTOR,0.13382
cold_hot,q17,2,UNGROUPED_AGGREGATE,0.143107
cold_hot,q17,2,UNGROUPED_AGGREGATE,0.190758
cold_hot,q17,3,CONCAT,0.535523
cold_hot,q17,3,CONCAT,0.494659
cold_hot,q17,3,DYNAMIC_FILTER,28.629003
cold_hot,q17,3,DYNAMIC_FILTER,26.171986999999998
cold_hot,q17,3,FILTER,0.204022
cold_hot,q17,3,FILTER,0.317986
cold_hot,q17,3,GPU_SCAN,6662.734529
cold_hot,q17,3,GPU_SCAN,6767.52357
cold_hot,q17,3,HASH_GROUP_BY,5.963273
cold_hot,q17,3,HASH_GROUP_BY,4.668724
cold_hot,q17,3,HASH_JOIN,133.325794
cold_hot,q17,3,HASH_JOIN,97.64704599999999
cold_hot,q17,3,LEFT_DELIM_JOIN,0.146914
cold_hot,q17,3,LEFT_DELIM_JOIN,0.264103
cold_hot,q17,3,MERGE_AGGREGATE,0.014159
cold_hot,q17,3,MERGE_AGGREGATE,0.042857
cold_hot,q17,3,MERGE_GROUP_BY,0.553476
cold_hot,q17,3,MERGE_GROUP_BY,0.770976
cold_hot,q17,3,PARTITION,0.7369629999999999
cold_hot,q17,3,PARTITION,1.0121239999999998
cold_hot,q17,3,PROJECTION,0.59148
cold_hot,q17,3,PROJECTION,0.649802
cold_hot,q17,3,RESULT_COLLECTOR,0.097402
cold_hot,q17,3,RESULT_COLLECTOR,0.130562
cold_hot,q17,3,UNGROUPED_AGGREGATE,0.305784
cold_hot,q17,3,UNGROUPED_AGGREGATE,0.4677
cold_hot,q17,4,CONCAT,0.558771
cold_hot,q17,4,CONCAT,0.4143139999999999
cold_hot,q17,4,DYNAMIC_FILTER,27.084481
cold_hot,q17,4,DYNAMIC_FILTER,29.507187000000002
cold_hot,q17,4,FILTER,0.111518
cold_hot,q17,4,FILTER,0.144554
cold_hot,q17,4,GPU_SCAN,6665.276322
cold_hot,q17,4,GPU_SCAN,6603.850065999999
cold_hot,q17,4,HASH_GROUP_BY,4.912711
cold_hot,q17,4,HASH_GROUP_BY,8.84678
cold_hot,q17,4,HASH_JOIN,128.213126
cold_hot,q17,4,HASH_JOIN,133.756495
cold_hot,q17,4,LEFT_DELIM_JOIN,0.211965
cold_hot,q17,4,LEFT_DELIM_JOIN,0.276669
cold_hot,q17,4,MERGE_AGGREGATE,0.016041
cold_hot,q17,4,MERGE_AGGREGATE,0.05408
cold_hot,q17,4,MERGE_GROUP_BY,0.760104
cold_hot,q17,4,MERGE_GROUP_BY,0.692943
cold_hot,q17,4,PARTITION,0.9388249999999999
cold_hot,q17,4,PARTITION,0.531894
cold_hot,q17,4,PROJECTION,0.6322800000000001
cold_hot,q17,4,PROJECTION,0.577069
cold_hot,q17,4,RESULT_COLLECTOR,0.078775
cold_hot,q17,4,RESULT_COLLECTOR,0.12109
cold_hot,q17,4,UNGROUPED_AGGREGATE,0.136644
cold_hot,q17,4,UNGROUPED_AGGREGATE,0.203171
cold_hot,q17,5,CONCAT,0.555125
cold_hot,q17,5,CONCAT,0.5130910000000001
cold_hot,q17,5,DYNAMIC_FILTER,30.181545999999997
cold_hot,q17,5,DYNAMIC_FILTER,34.066126999999994
cold_hot,q17,5,FILTER,0.178381
cold_hot,q17,5,FILTER,0.286518
cold_hot,q17,5,GPU_SCAN,6941.420645
cold_hot,q17,5,GPU_SCAN,6620.344536999998
cold_hot,q17,5,HASH_GROUP_BY,8.01235
cold_hot,q17,5,HASH_GROUP_BY,3.7960830000000003
cold_hot,q17,5,HASH_JOIN,190.09915400000003
cold_hot,q17,5,HASH_JOIN,94.53752999999999
cold_hot,q17,5,LEFT_DELIM_JOIN,0.226554
cold_hot,q17,5,LEFT_DELIM_JOIN,0.195752
cold_hot,q17,5,MERGE_AGGREGATE,0.015395
cold_hot,q17,5,MERGE_AGGREGATE,0.015692
cold_hot,q17,5,MERGE_GROUP_BY,0.5701959999999999
cold_hot,q17,5,MERGE_GROUP_BY,1.4776719999999999
cold_hot,q17,5,PARTITION,0.5664769999999999
cold_hot,q17,5,PARTITION,0.631677
cold_hot,q17,5,PROJECTION,0.562399
cold_hot,q17,5,PROJECTION,0.62719
cold_hot,q17,5,RESULT_COLLECTOR,0.126319
cold_hot,q17,5,RESULT_COLLECTOR,0.081429
cold_hot,q17,5,UNGROUPED_AGGREGATE,0.260881
cold_hot,q17,5,UNGROUPED_AGGREGATE,0.37986
cold_hot,q18,1,CONCAT,0.501118
cold_hot,q18,1,CONCAT,0.500498
cold_hot,q18,1,DYNAMIC_FILTER,34.829327
cold_hot,q18,1,DYNAMIC_FILTER,39.626053
cold_hot,q18,1,FILTER,7.2000079999999995
cold_hot,q18,1,FILTER,7.5929
cold_hot,q18,1,GPU_SCAN,4131.410290000001
cold_hot,q18,1,GPU_SCAN,4234.664463
cold_hot,q18,1,HASH_GROUP_BY,334.84423499999997
cold_hot,q18,1,HASH_GROUP_BY,227.25040300000003
cold_hot,q18,1,HASH_JOIN,5.389988000000001
cold_hot,q18,1,HASH_JOIN,4.04668
cold_hot,q18,1,MERGE_GROUP_BY,308.634566
cold_hot,q18,1,MERGE_GROUP_BY,308.50831700000003
cold_hot,q18,1,MERGE_SORT,0.386539
cold_hot,q18,1,MERGE_SORT,1.257737
cold_hot,q18,1,ORDER_BY,0.411412
cold_hot,q18,1,ORDER_BY,0.456132
cold_hot,q18,1,PARTITION,77.93727200000001
cold_hot,q18,1,PARTITION,60.36027
cold_hot,q18,1,PROJECTION,0.042312
cold_hot,q18,1,PROJECTION,0.011727
cold_hot,q18,1,RESULT_COLLECTOR,0.609128
cold_hot,q18,1,RESULT_COLLECTOR,0.42709
cold_hot,q18,1,SORT_PARTITION,0.44061
cold_hot,q18,1,SORT_PARTITION,0.409927
cold_hot,q18,1,SORT_SAMPLE,0.041685
cold_hot,q18,1,SORT_SAMPLE,0.030268
cold_hot,q18,2,CONCAT,0.691281
cold_hot,q18,2,CONCAT,0.710743
cold_hot,q18,2,DYNAMIC_FILTER,46.00410200000001
cold_hot,q18,2,DYNAMIC_FILTER,26.966844000000002
cold_hot,q18,2,FILTER,7.281376
cold_hot,q18,2,FILTER,7.463867
cold_hot,q18,2,GPU_SCAN,4134.5658889999995
cold_hot,q18,2,GPU_SCAN,4185.224230999998
cold_hot,q18,2,HASH_GROUP_BY,314.384025
cold_hot,q18,2,HASH_GROUP_BY,251.830854
cold_hot,q18,2,HASH_JOIN,4.583811
cold_hot,q18,2,HASH_JOIN,4.922084
cold_hot,q18,2,MERGE_GROUP_BY,308.964805
cold_hot,q18,2,MERGE_GROUP_BY,306.881986
cold_hot,q18,2,MERGE_SORT,0.393821
cold_hot,q18,2,MERGE_SORT,0.629624
cold_hot,q18,2,ORDER_BY,0.509818
cold_hot,q18,2,ORDER_BY,0.660797
cold_hot,q18,2,PARTITION,60.860403999999996
cold_hot,q18,2,PARTITION,60.083467999999996
cold_hot,q18,2,PROJECTION,0.040163
cold_hot,q18,2,PROJECTION,0.045708
cold_hot,q18,2,RESULT_COLLECTOR,0.398761
cold_hot,q18,2,RESULT_COLLECTOR,0.625895
cold_hot,q18,2,SORT_PARTITION,0.504892
cold_hot,q18,2,SORT_PARTITION,0.638124
cold_hot,q18,2,SORT_SAMPLE,0.041003
cold_hot,q18,2,SORT_SAMPLE,0.062986
cold_hot,q18,3,CONCAT,1.119381
cold_hot,q18,3,CONCAT,0.9505809999999999
cold_hot,q18,3,DYNAMIC_FILTER,35.081941
cold_hot,q18,3,DYNAMIC_FILTER,29.827530000000007
cold_hot,q18,3,FILTER,7.382167000000001
cold_hot,q18,3,FILTER,6.942419000000001
cold_hot,q18,3,GPU_SCAN,4194.375844
cold_hot,q18,3,GPU_SCAN,4303.586675
cold_hot,q18,3,HASH_GROUP_BY,316.044875
cold_hot,q18,3,HASH_GROUP_BY,375.36727199999996
cold_hot,q18,3,HASH_JOIN,4.833762
cold_hot,q18,3,HASH_JOIN,4.736610000000001
cold_hot,q18,3,MERGE_GROUP_BY,309.087331
cold_hot,q18,3,MERGE_GROUP_BY,307.62706900000006
cold_hot,q18,3,MERGE_SORT,0.495508
cold_hot,q18,3,MERGE_SORT,0.734967
cold_hot,q18,3,ORDER_BY,0.524749
cold_hot,q18,3,ORDER_BY,0.666159
cold_hot,q18,3,PARTITION,61.18992599999998
cold_hot,q18,3,PARTITION,60.28719000000001
cold_hot,q18,3,PROJECTION,0.043965
cold_hot,q18,3,PROJECTION,0.030014
cold_hot,q18,3,RESULT_COLLECTOR,0.618077
cold_hot,q18,3,RESULT_COLLECTOR,0.379922
cold_hot,q18,3,SORT_PARTITION,0.750214
cold_hot,q18,3,SORT_PARTITION,0.775546
cold_hot,q18,3,SORT_SAMPLE,0.115023
cold_hot,q18,3,SORT_SAMPLE,0.185534
cold_hot,q18,4,CONCAT,0.764216
cold_hot,q18,4,CONCAT,0.437698
cold_hot,q18,4,DYNAMIC_FILTER,29.093179
cold_hot,q18,4,DYNAMIC_FILTER,30.141916
cold_hot,q18,4,FILTER,7.1643609999999995
cold_hot,q18,4,FILTER,6.914948000000001
cold_hot,q18,4,GPU_SCAN,4103.331064000001
cold_hot,q18,4,GPU_SCAN,4140.240785
cold_hot,q18,4,HASH_GROUP_BY,307.191913
cold_hot,q18,4,HASH_GROUP_BY,204.317049
cold_hot,q18,4,HASH_JOIN,3.999658
cold_hot,q18,4,HASH_JOIN,4.582813
cold_hot,q18,4,MERGE_GROUP_BY,309.224445
cold_hot,q18,4,MERGE_GROUP_BY,308.61361999999997
cold_hot,q18,4,MERGE_SORT,0.374298
cold_hot,q18,4,MERGE_SORT,0.39825
cold_hot,q18,4,ORDER_BY,0.728246
cold_hot,q18,4,ORDER_BY,0.397752
cold_hot,q18,4,PARTITION,61.006166
cold_hot,q18,4,PARTITION,60.208209999999994
cold_hot,q18,4,PROJECTION,0.012222
cold_hot,q18,4,PROJECTION,0.056628
cold_hot,q18,4,RESULT_COLLECTOR,0.322669
cold_hot,q18,4,RESULT_COLLECTOR,0.534784
cold_hot,q18,4,SORT_PARTITION,0.428445
cold_hot,q18,4,SORT_PARTITION,0.409076
cold_hot,q18,4,SORT_SAMPLE,0.035586
cold_hot,q18,4,SORT_SAMPLE,0.030874
cold_hot,q18,5,CONCAT,0.631755
cold_hot,q18,5,CONCAT,1.135561
cold_hot,q18,5,DYNAMIC_FILTER,24.567337
cold_hot,q18,5,DYNAMIC_FILTER,35.502128
cold_hot,q18,5,FILTER,7.78886
cold_hot,q18,5,FILTER,7.476754999999999
cold_hot,q18,5,GPU_SCAN,4142.866486
cold_hot,q18,5,GPU_SCAN,4130.0197180000005
cold_hot,q18,5,HASH_GROUP_BY,238.992371
cold_hot,q18,5,HASH_GROUP_BY,403.16828999999996
cold_hot,q18,5,HASH_JOIN,4.666398
cold_hot,q18,5,HASH_JOIN,4.2072579999999995
cold_hot,q18,5,MERGE_GROUP_BY,309.394362
cold_hot,q18,5,MERGE_GROUP_BY,308.90491399999996
cold_hot,q18,5,MERGE_SORT,0.49164
cold_hot,q18,5,MERGE_SORT,0.366081
cold_hot,q18,5,ORDER_BY,0.456442
cold_hot,q18,5,ORDER_BY,0.517211
cold_hot,q18,5,PARTITION,60.27558600000001
cold_hot,q18,5,PARTITION,60.415628999999996
cold_hot,q18,5,PROJECTION,0.051018
cold_hot,q18,5,PROJECTION,0.012461
cold_hot,q18,5,RESULT_COLLECTOR,0.690344
cold_hot,q18,5,RESULT_COLLECTOR,0.349055
cold_hot,q18,5,SORT_PARTITION,0.578279
cold_hot,q18,5,SORT_PARTITION,0.409641
cold_hot,q18,5,SORT_SAMPLE,0.061485
cold_hot,q18,5,SORT_SAMPLE,0.034216
cold_hot,q19,1,CONCAT,3.884257
cold_hot,q19,1,DYNAMIC_FILTER,3.788807
cold_hot,q19,1,FILTER,35.891329
cold_hot,q19,1,GPU_SCAN,5102.147157
cold_hot,q19,1,HASH_JOIN,21.573655
cold_hot,q19,1,MERGE_AGGREGATE,0.030741
cold_hot,q19,1,PARTITION,0.6891129999999999
cold_hot,q19,1,PROJECTION,0.094032
cold_hot,q19,1,RESULT_COLLECTOR,0.30981
cold_hot,q19,1,UNGROUPED_AGGREGATE,0.178977
cold_hot,q19,2,CONCAT,3.569586
cold_hot,q19,2,DYNAMIC_FILTER,3.74595
cold_hot,q19,2,FILTER,33.765626999999995
cold_hot,q19,2,GPU_SCAN,5007.753094
cold_hot,q19,2,HASH_JOIN,21.385209
cold_hot,q19,2,MERGE_AGGREGATE,0.059125
cold_hot,q19,2,PARTITION,1.0858530000000002
cold_hot,q19,2,PROJECTION,0.074014
cold_hot,q19,2,RESULT_COLLECTOR,0.239537
cold_hot,q19,2,UNGROUPED_AGGREGATE,0.146893
cold_hot,q19,3,CONCAT,3.8973780000000002
cold_hot,q19,3,DYNAMIC_FILTER,3.742058
cold_hot,q19,3,FILTER,31.946819999999995
cold_hot,q19,3,GPU_SCAN,5038.4401849999995
cold_hot,q19,3,HASH_JOIN,21.371147
cold_hot,q19,3,MERGE_AGGREGATE,0.056446
cold_hot,q19,3,PARTITION,0.6218779999999999
cold_hot,q19,3,PROJECTION,0.071193
cold_hot,q19,3,RESULT_COLLECTOR,0.221939
cold_hot,q19,3,UNGROUPED_AGGREGATE,0.136421
cold_hot,q19,4,CONCAT,3.897769
cold_hot,q19,4,DYNAMIC_FILTER,3.728072
cold_hot,q19,4,FILTER,31.607011
cold_hot,q19,4,GPU_SCAN,5059.374903999999
cold_hot,q19,4,HASH_JOIN,21.350118
cold_hot,q19,4,MERGE_AGGREGATE,0.018895
cold_hot,q19,4,PARTITION,0.656675
cold_hot,q19,4,PROJECTION,0.102506
cold_hot,q19,4,RESULT_COLLECTOR,0.210057
cold_hot,q19,4,UNGROUPED_AGGREGATE,0.145856
cold_hot,q19,5,CONCAT,3.5643920000000002
cold_hot,q19,5,DYNAMIC_FILTER,3.745477
cold_hot,q19,5,FILTER,31.655606000000006
cold_hot,q19,5,GPU_SCAN,4974.659071
cold_hot,q19,5,HASH_JOIN,21.2636
cold_hot,q19,5,MERGE_AGGREGATE,0.02042
cold_hot,q19,5,PARTITION,0.7835419999999998
cold_hot,q19,5,PROJECTION,0.079707
cold_hot,q19,5,RESULT_COLLECTOR,0.124333
cold_hot,q19,5,UNGROUPED_AGGREGATE,0.146271
cold_hot,q20,1,CONCAT,1.382838
cold_hot,q20,1,DYNAMIC_FILTER,6.2802940000000005
cold_hot,q20,1,FILTER,0.278474
cold_hot,q20,1,GPU_SCAN,4796.413348
cold_hot,q20,1,HASH_GROUP_BY,0.73697
cold_hot,q20,1,HASH_JOIN,3.447552
cold_hot,q20,1,LEFT_DELIM_JOIN,0.498536
cold_hot,q20,1,MERGE_GROUP_BY,0.079115
cold_hot,q20,1,MERGE_SORT,1.639514
cold_hot,q20,1,ORDER_BY,3.475076
cold_hot,q20,1,PARTITION,0.4423350000000001
cold_hot,q20,1,PROJECTION,0.148672
cold_hot,q20,1,RESULT_COLLECTOR,1.137102
cold_hot,q20,1,SORT_PARTITION,1.533028
cold_hot,q20,1,SORT_SAMPLE,0.405887
cold_hot,q20,2,CONCAT,0.5968140000000001
cold_hot,q20,2,DYNAMIC_FILTER,6.307927
cold_hot,q20,2,FILTER,0.189769
cold_hot,q20,2,GPU_SCAN,4879.422416
cold_hot,q20,2,HASH_GROUP_BY,0.646009
cold_hot,q20,2,HASH_JOIN,2.686958
cold_hot,q20,2,LEFT_DELIM_JOIN,0.617305
cold_hot,q20,2,MERGE_GROUP_BY,0.044462
cold_hot,q20,2,MERGE_SORT,1.09925
cold_hot,q20,2,ORDER_BY,3.141425
cold_hot,q20,2,PARTITION,0.33002600000000004
cold_hot,q20,2,PROJECTION,0.10109900000000001
cold_hot,q20,2,RESULT_COLLECTOR,0.384279
cold_hot,q20,2,SORT_PARTITION,1.147806
cold_hot,q20,2,SORT_SAMPLE,0.407037
cold_hot,q20,3,CONCAT,0.675059
cold_hot,q20,3,DYNAMIC_FILTER,12.385940999999999
cold_hot,q20,3,FILTER,0.223318
cold_hot,q20,3,GPU_SCAN,5049.411803
cold_hot,q20,3,HASH_GROUP_BY,0.759231
cold_hot,q20,3,HASH_JOIN,3.761357
cold_hot,q20,3,LEFT_DELIM_JOIN,0.625598
cold_hot,q20,3,MERGE_GROUP_BY,0.039758
cold_hot,q20,3,MERGE_SORT,1.155613
cold_hot,q20,3,ORDER_BY,3.445464
cold_hot,q20,3,PARTITION,0.326181
cold_hot,q20,3,PROJECTION,0.12681
cold_hot,q20,3,RESULT_COLLECTOR,0.79424
cold_hot,q20,3,SORT_PARTITION,1.515978
cold_hot,q20,3,SORT_SAMPLE,0.453693
cold_hot,q20,4,CONCAT,0.6492939999999999
cold_hot,q20,4,DYNAMIC_FILTER,9.432671
cold_hot,q20,4,FILTER,0.234051
cold_hot,q20,4,GPU_SCAN,5120.027947
cold_hot,q20,4,HASH_GROUP_BY,0.747273
cold_hot,q20,4,HASH_JOIN,2.935712
cold_hot,q20,4,LEFT_DELIM_JOIN,0.63985
cold_hot,q20,4,MERGE_GROUP_BY,0.034062
cold_hot,q20,4,MERGE_SORT,1.185265
cold_hot,q20,4,ORDER_BY,3.159287
cold_hot,q20,4,PARTITION,0.313909
cold_hot,q20,4,PROJECTION,0.134127
cold_hot,q20,4,RESULT_COLLECTOR,0.451419
cold_hot,q20,4,SORT_PARTITION,0.718632
cold_hot,q20,4,SORT_SAMPLE,0.191121
cold_hot,q20,5,CONCAT,0.6412720000000001
cold_hot,q20,5,DYNAMIC_FILTER,6.113716999999999
cold_hot,q20,5,FILTER,0.224211
cold_hot,q20,5,GPU_SCAN,4825.908567999999
cold_hot,q20,5,HASH_GROUP_BY,0.715712
cold_hot,q20,5,HASH_JOIN,2.9972599999999994
cold_hot,q20,5,LEFT_DELIM_JOIN,0.554645
cold_hot,q20,5,MERGE_GROUP_BY,0.036606
cold_hot,q20,5,MERGE_SORT,1.728458
cold_hot,q20,5,ORDER_BY,3.086927
cold_hot,q20,5,PARTITION,0.356956
cold_hot,q20,5,PROJECTION,0.133137
cold_hot,q20,5,RESULT_COLLECTOR,0.51959
cold_hot,q20,5,SORT_PARTITION,1.515381
cold_hot,q20,5,SORT_SAMPLE,0.449617
cold_hot,q21,1,CONCAT,73.16125399999999
cold_hot,q21,1,DYNAMIC_FILTER,73.04930099999999
cold_hot,q21,1,FILTER,64.436032
cold_hot,q21,1,GPU_SCAN,10806.388761
cold_hot,q21,1,HASH_GROUP_BY,1.217503
cold_hot,q21,1,HASH_JOIN,1289.4806560000002
cold_hot,q21,1,MERGE_GROUP_BY,6.0024999999999995
cold_hot,q21,1,MERGE_SORT,0.240451
cold_hot,q21,1,ORDER_BY,2.12877
cold_hot,q21,1,PARTITION,0.6912769999999999
cold_hot,q21,1,PROJECTION,0.545909
cold_hot,q21,1,RESULT_COLLECTOR,0.416041
cold_hot,q21,1,RIGHT_DELIM_JOIN,13.00142
cold_hot,q21,1,SORT_PARTITION,0.179226
cold_hot,q21,1,SORT_SAMPLE,0.129515
cold_hot,q21,2,CONCAT,135.15365599999998
cold_hot,q21,2,DYNAMIC_FILTER,72.76225300000002
cold_hot,q21,2,FILTER,69.60538899999999
cold_hot,q21,2,GPU_SCAN,10413.822329999999
cold_hot,q21,2,HASH_GROUP_BY,1.689485
cold_hot,q21,2,HASH_JOIN,1291.8545650000003
cold_hot,q21,2,MERGE_GROUP_BY,5.988049
cold_hot,q21,2,MERGE_SORT,0.627094
cold_hot,q21,2,ORDER_BY,2.206559
cold_hot,q21,2,PARTITION,0.8131419999999999
cold_hot,q21,2,PROJECTION,0.37456700000000004
cold_hot,q21,2,RESULT_COLLECTOR,1.146347
cold_hot,q21,2,RIGHT_DELIM_JOIN,12.903523
cold_hot,q21,2,SORT_PARTITION,0.174025
cold_hot,q21,2,SORT_SAMPLE,0.077844
cold_hot,q21,3,CONCAT,127.532643
cold_hot,q21,3,DYNAMIC_FILTER,66.83852499999999
cold_hot,q21,3,FILTER,98.75054600000001
cold_hot,q21,3,GPU_SCAN,10950.264032000005
cold_hot,q21,3,HASH_GROUP_BY,1.187166
cold_hot,q21,3,HASH_JOIN,1416.666106
cold_hot,q21,3,MERGE_GROUP_BY,5.541295999999999
cold_hot,q21,3,MERGE_SORT,0.284378
cold_hot,q21,3,ORDER_BY,2.16221
cold_hot,q21,3,PARTITION,0.881235
cold_hot,q21,3,PROJECTION,0.303065
cold_hot,q21,3,RESULT_COLLECTOR,0.424758
cold_hot,q21,3,RIGHT_DELIM_JOIN,12.731066
cold_hot,q21,3,SORT_PARTITION,0.187595
cold_hot,q21,3,SORT_SAMPLE,0.088008
cold_hot,q21,4,CONCAT,106.050211
cold_hot,q21,4,DYNAMIC_FILTER,61.56439799999999
cold_hot,q21,4,FILTER,88.619367
cold_hot,q21,4,GPU_SCAN,11089.433415
cold_hot,q21,4,HASH_GROUP_BY,1.257862
cold_hot,q21,4,HASH_JOIN,1378.47433
cold_hot,q21,4,MERGE_GROUP_BY,5.681905
cold_hot,q21,4,MERGE_SORT,0.290068
cold_hot,q21,4,ORDER_BY,2.224493
cold_hot,q21,4,PARTITION,0.6660910000000001
cold_hot,q21,4,PROJECTION,0.571161
cold_hot,q21,4,RESULT_COLLECTOR,0.413184
cold_hot,q21,4,RIGHT_DELIM_JOIN,15.424786999999998
cold_hot,q21,4,SORT_PARTITION,0.175291
cold_hot,q21,4,SORT_SAMPLE,0.099609
cold_hot,q21,5,CONCAT,97.38809200000001
cold_hot,q21,5,DYNAMIC_FILTER,61.58227300000001
cold_hot,q21,5,FILTER,143.107846
cold_hot,q21,5,GPU_SCAN,11174.489252999998
cold_hot,q21,5,HASH_GROUP_BY,1.573696
cold_hot,q21,5,HASH_JOIN,1325.547262
cold_hot,q21,5,MERGE_GROUP_BY,5.801756
cold_hot,q21,5,MERGE_SORT,0.744036
cold_hot,q21,5,ORDER_BY,2.154729
cold_hot,q21,5,PARTITION,0.8916490000000002
cold_hot,q21,5,PROJECTION,0.6274489999999999
cold_hot,q21,5,RESULT_COLLECTOR,0.4981
cold_hot,q21,5,RIGHT_DELIM_JOIN,13.177421
cold_hot,q21,5,SORT_PARTITION,0.175322
cold_hot,q21,5,SORT_SAMPLE,0.099711
cold_hot,q22,1,CONCAT,0.15422100000000002
cold_hot,q22,1,GPU_SCAN,301.584693
cold_hot,q22,1,HASH_GROUP_BY,0.574266
cold_hot,q22,1,HASH_JOIN,29.058857000000003
cold_hot,q22,1,MERGE_AGGREGATE,0.239162
cold_hot,q22,1,MERGE_GROUP_BY,0.037387000000000004
cold_hot,q22,1,MERGE_SORT,0.006284
cold_hot,q22,1,NESTED_LOOP_JOIN,2.282412
cold_hot,q22,1,ORDER_BY,0.551091
cold_hot,q22,1,PARTITION,0.061864
cold_hot,q22,1,PROJECTION,0.53664
cold_hot,q22,1,RESULT_COLLECTOR,0.196177
cold_hot,q22,1,RIGHT_DELIM_JOIN,0.778065
cold_hot,q22,1,SORT_PARTITION,0.004855
cold_hot,q22,1,SORT_SAMPLE,0.00755
cold_hot,q22,1,UNGROUPED_AGGREGATE,1.24641
cold_hot,q22,2,CONCAT,0.137389
cold_hot,q22,2,GPU_SCAN,302.044141
cold_hot,q22,2,HASH_GROUP_BY,0.490283
cold_hot,q22,2,HASH_JOIN,29.384691
cold_hot,q22,2,MERGE_AGGREGATE,0.065001
cold_hot,q22,2,MERGE_GROUP_BY,0.058681
cold_hot,q22,2,MERGE_SORT,0.006406
cold_hot,q22,2,NESTED_LOOP_JOIN,1.277787
cold_hot,q22,2,ORDER_BY,0.54027
cold_hot,q22,2,PARTITION,0.125587
cold_hot,q22,2,PROJECTION,0.381834
cold_hot,q22,2,RESULT_COLLECTOR,0.289031
cold_hot,q22,2,RIGHT_DELIM_JOIN,0.627369
cold_hot,q22,2,SORT_PARTITION,0.005415
cold_hot,q22,2,SORT_SAMPLE,0.008792
cold_hot,q22,2,UNGROUPED_AGGREGATE,0.694016
cold_hot,q22,3,CONCAT,0.144535
cold_hot,q22,3,GPU_SCAN,303.171717
cold_hot,q22,3,HASH_GROUP_BY,0.691594
cold_hot,q22,3,HASH_JOIN,29.151898
cold_hot,q22,3,MERGE_AGGREGATE,0.205243
cold_hot,q22,3,MERGE_GROUP_BY,0.045439
cold_hot,q22,3,MERGE_SORT,0.011041
cold_hot,q22,3,NESTED_LOOP_JOIN,1.408622
cold_hot,q22,3,ORDER_BY,0.672079
cold_hot,q22,3,PARTITION,0.145094
cold_hot,q22,3,PROJECTION,0.535221
cold_hot,q22,3,RESULT_COLLECTOR,0.187947
cold_hot,q22,3,RIGHT_DELIM_JOIN,0.796704
cold_hot,q22,3,SORT_PARTITION,0.016332
cold_hot,q22,3,SORT_SAMPLE,0.027493
cold_hot,q22,3,UNGROUPED_AGGREGATE,0.915548
cold_hot,q22,4,CONCAT,0.19689
cold_hot,q22,4,GPU_SCAN,307.94269299999996
cold_hot,q22,4,HASH_GROUP_BY,0.592212
cold_hot,q22,4,HASH_JOIN,29.818074
cold_hot,q22,4,MERGE_AGGREGATE,0.120308
cold_hot,q22,4,MERGE_GROUP_BY,0.022091
cold_hot,q22,4,MERGE_SORT,0.010644
cold_hot,q22,4,NESTED_LOOP_JOIN,1.705303
cold_hot,q22,4,ORDER_BY,0.590531
cold_hot,q22,4,PARTITION,0.224468
cold_hot,q22,4,PROJECTION,0.38865700000000003
cold_hot,q22,4,RESULT_COLLECTOR,0.146662
cold_hot,q22,4,RIGHT_DELIM_JOIN,0.650673
cold_hot,q22,4,SORT_PARTITION,0.006968
cold_hot,q22,4,SORT_SAMPLE,0.009596
cold_hot,q22,4,UNGROUPED_AGGREGATE,0.881999
cold_hot,q22,5,CONCAT,0.073795
cold_hot,q22,5,GPU_SCAN,302.950999
cold_hot,q22,5,HASH_GROUP_BY,0.637151
cold_hot,q22,5,HASH_JOIN,29.262982
cold_hot,q22,5,MERGE_AGGREGATE,0.08826300000000001
cold_hot,q22,5,MERGE_GROUP_BY,0.015906999999999998
cold_hot,q22,5,MERGE_SORT,0.007175
cold_hot,q22,5,NESTED_LOOP_JOIN,1.742408
cold_hot,q22,5,ORDER_BY,0.176959
cold_hot,q22,5,PARTITION,0.07461
cold_hot,q22,5,PROJECTION,0.411376
cold_hot,q22,5,RESULT_COLLECTOR,0.126459
cold_hot,q22,5,RIGHT_DELIM_JOIN,0.702147
cold_hot,q22,5,SORT_PARTITION,0.007335
cold_hot,q22,5,SORT_SAMPLE,0.00855
cold_hot,q22,5,UNGROUPED_AGGREGATE,0.967999
