[2026-07-09 04:36:18.155] [info] [sirius_context.cpp:957] Loaded Sirius configuration from file: /home/dy1013/sirius_multi-gpu/experiment/fixed_page_runs/allq_5x_7gb_fixed/configs/sirius_2gpu.yaml
[2026-07-09 04:36:18.160] [info] [telemetry_context.cpp:78] Telemetry context initialized (engine=siriusDB)
[2026-07-09 04:36:18.160] [info] [sirius_context.cpp:296] SiriusContext: topology summary — 2 GPU(s), 1 NUMA node(s), host='hicys76'
[2026-07-09 04:36:18.160] [info] [sirius_context.cpp:301]   GPU 0: NVIDIA RTX A5000 (numa=0, pci=00000000:AC:00.0)
[2026-07-09 04:36:18.160] [info] [sirius_context.cpp:301]   GPU 1: NVIDIA RTX A5000 (numa=0, pci=00000000:CA:00.0)
[2026-07-09 04:36:18.305] [warning] [sirius_context.cpp:311] SiriusContext: disk memory space is not configured; spilling GPU or HOST data to disk is disabled. If queries run out of GPU/HOST memory, downgrades to disk will not be possible.
[2026-07-09 04:36:18.305] [info] [sirius_context.cpp:323] SiriusContext: 1 host memory space(s) created for 1 NUMA node(s)
[2026-07-09 04:36:18.308] [info] [sirius_context.cpp:376] SiriusContext: P2P enabled 0 -> 1
[2026-07-09 04:36:18.308] [info] [sirius_context.cpp:376] SiriusContext: P2P enabled 1 -> 0
[2026-07-09 04:36:18.326] [info] [sirius_context.cpp:436] SiriusContext: cuDF pinned memory resource configured (NUMA-aware, max slab 8192 B, fallback node=0)
[2026-07-09 04:36:18.329] [info] [sirius_context.cpp:918] Connection opened.
[2026-07-09 04:36:18.329] [info] [sirius_context.cpp:931] Extension loaded: sirius
[2026-07-09 04:36:18.329] [info] [sirius_context.cpp:217] QueryEnd
[2026-07-09 04:36:18.338] [info] [:] [host_pool] HOST:0 QueryEnd allocated=67108864 bytes peak=67108864 bytes free_blocks=448
[2026-07-09 04:36:18.338] [info] [:] [gpu_pool] GPU:0 QueryEnd allocated=0 bytes peak=0 bytes reserved=0 bytes
[2026-07-09 04:36:18.338] [info] [:] [gpu_pool] GPU:1 QueryEnd allocated=0 bytes peak=0 bytes reserved=0 bytes
[2026-07-09 04:36:18.339] [info] [:] [host_pool] HOST:0 QueryBegin allocated=67108864 bytes peak=67108864 bytes free_blocks=448
[2026-07-09 04:36:18.339] [info] [:] [gpu_pool] GPU:0 QueryBegin allocated=0 bytes peak=0 bytes reserved=0 bytes
[2026-07-09 04:36:18.339] [info] [:] [gpu_pool] GPU:1 QueryBegin allocated=0 bytes peak=0 bytes reserved=0 bytes
[2026-07-09 04:36:18.339] [info] [sirius_context.cpp:201] QueryBegin: SQL: SET gpu_execution = true;
[2026-07-09 04:36:18.339] [info] [sirius_context.cpp:217] QueryEnd
[2026-07-09 04:36:18.349] [info] [:] [host_pool] HOST:0 QueryEnd allocated=67108864 bytes peak=67108864 bytes free_blocks=448
[2026-07-09 04:36:18.349] [info] [:] [gpu_pool] GPU:0 QueryEnd allocated=0 bytes peak=0 bytes reserved=0 bytes
[2026-07-09 04:36:18.349] [info] [:] [gpu_pool] GPU:1 QueryEnd allocated=0 bytes peak=0 bytes reserved=0 bytes
[2026-07-09 04:36:18.349] [info] [:] [host_pool] HOST:0 QueryBegin allocated=67108864 bytes peak=67108864 bytes free_blocks=448
[2026-07-09 04:36:18.349] [info] [:] [gpu_pool] GPU:0 QueryBegin allocated=0 bytes peak=0 bytes reserved=0 bytes
[2026-07-09 04:36:18.349] [info] [:] [gpu_pool] GPU:1 QueryBegin allocated=0 bytes peak=0 bytes reserved=0 bytes
[2026-07-09 04:36:18.349] [info] [sirius_context.cpp:201] QueryBegin: SQL: select p.p_brand, p.p_type, p.p_size, count(distinct ps.ps_suppkey) as supplier_cnt from partsupp ps, part p where p.p_partkey = ps.ps_partkey and p.p_brand <> 'Brand#21' and p.p_type not like 'MEDIUM PLATED%' and p.p_size in (38, 2, 8, 31, 44, 5, 14, 24) and ps.ps_suppkey not in ( select s.s_suppkey from supplier s where s.s_comment like '%Customer%Complaints%' ) group by p.p_brand, p.p_type, p.p_size order by supplier_cnt desc, p.p_brand, p.p_type, p.p_size
[2026-07-09 04:36:18.367] [info] [sirius_plan_get.cpp:267] [sirius_plan_get] LogicalGet has dynamic_filters attached (channel key=0x556f7438baf0).
[2026-07-09 04:36:18.367] [info] [sirius_plan_comparison_join.cpp:601] [sirius_plan_comparison_join] Wired hash join with 1 dynamic-filter probe target(s) (build est 20000000 rows).
[2026-07-09 04:36:18.368] [info] [sirius_context.cpp:865] Transparent execution: Sirius physical plan generated successfully
[2026-07-09 04:36:18.369] [info] [sirius_context.cpp:877] Transparent execution: physical plan replaced with GPU operator
[2026-07-09 04:36:18.369] [info] [physical_sirius_execution.cpp:97] Transparent GPU execution: executing query
[2026-07-09 04:36:18.372] [info] [sirius_plan_get.cpp:267] [sirius_plan_get] LogicalGet has dynamic_filters attached (channel key=0x556f7438baf0).
[2026-07-09 04:36:18.372] [info] [sirius_plan_comparison_join.cpp:601] [sirius_plan_comparison_join] Wired hash join with 1 dynamic-filter probe target(s) (build est 20000000 rows).
[2026-07-09 04:36:18.373] [info] [sirius_engine.cpp:375] Query Plan:
=== Pipeline Overview ===
Pipeline #0: GPU_SCAN (id=21) -> FILTER (id=12)
  Output: -> PARTITION [port: default, barrier: FULL]
Pipeline #1: PARTITION (id=23)
  Input: <- Pipeline #0 [on: PARTITION (id=23), port: default, barrier: FULL]
  Dependencies: Pipeline #0
  Output: -> CONCAT [port: default, barrier: PARTIAL]
Pipeline #2: CONCAT (id=22)
  Input: <- Pipeline #1 [on: CONCAT (id=22), port: default, barrier: PARTIAL]
  Dependencies: Pipeline #1
  Output: -> HASH_JOIN [port: build, barrier: FULL]
Pipeline #3: GPU_SCAN (id=24)
  Output: -> PARTITION [port: default, barrier: FULL]
Pipeline #4: PARTITION (id=26)
  Input: <- Pipeline #3 [on: PARTITION (id=26), port: default, barrier: FULL]
  Dependencies: Pipeline #3
  Output: -> CONCAT [port: default, barrier: PARTIAL]
Pipeline #5: CONCAT (id=25)
  Input: <- Pipeline #4 [on: CONCAT (id=25), port: default, barrier: PARTIAL]
  Dependencies: Pipeline #4
  Output: -> HASH_JOIN [port: build, barrier: FULL]
Pipeline #6: GPU_SCAN (id=27) -> DYNAMIC_FILTER (id=28)
  Output: -> PARTITION [port: default, barrier: PARTIAL]
Pipeline #7: PARTITION (id=30)
  Input: <- Pipeline #6 [on: PARTITION (id=30), port: default, barrier: PARTIAL]
  Dependencies: Pipeline #6
  Output: -> CONCAT [port: default, barrier: PARTIAL]
Pipeline #8: CONCAT (id=29)
  Input: <- Pipeline #7 [on: CONCAT (id=29), port: default, barrier: PARTIAL]
  Dependencies: Pipeline #7
  Output: -> HASH_JOIN [port: default, barrier: FULL]
Pipeline #9: HASH_JOIN (id=13)
  Input: <- Pipeline #8 [on: HASH_JOIN (id=13), port: default, barrier: FULL]
  Input: <- Pipeline #2 [on: HASH_JOIN (id=13), port: build, barrier: FULL]
  Dependencies: Pipeline #2, Pipeline #8
  Output: -> PARTITION [port: default, barrier: PARTIAL]
Pipeline #10: PARTITION (id=32)
  Input: <- Pipeline #9 [on: PARTITION (id=32), port: default, barrier: PARTIAL]
  Dependencies: Pipeline #9
  Output: -> CONCAT [port: default, barrier: PARTIAL]
Pipeline #11: CONCAT (id=31)
  Input: <- Pipeline #10 [on: CONCAT (id=31), port: default, barrier: PARTIAL]
  Dependencies: Pipeline #10
  Output: -> HASH_JOIN [port: default, barrier: FULL]
Pipeline #12: HASH_JOIN (id=15) -> FILTER (id=16) -> PROJECTION (id=17) -> HASH_GROUP_BY (id=18)
  Input: <- Pipeline #11 [on: HASH_JOIN (id=15), port: default, barrier: FULL]
  Input: <- Pipeline #5 [on: HASH_JOIN (id=15), port: build, barrier: FULL]
  Dependencies: Pipeline #5, Pipeline #11
  Output: -> PARTITION [port: default, barrier: FULL]
Pipeline #13: PARTITION (id=33)
  Input: <- Pipeline #12 [on: PARTITION (id=33), port: default, barrier: FULL]
  Dependencies: Pipeline #12
  Output: -> MERGE_GROUP_BY [port: default, barrier: FULL]
Pipeline #14: MERGE_GROUP_BY (id=34)
  Input: <- Pipeline #13 [on: MERGE_GROUP_BY (id=34), port: default, barrier: FULL]
  Dependencies: Pipeline #13
  Output: -> ORDER_BY [port: default, barrier: FULL]
Pipeline #15: ORDER_BY (id=19)
  Input: <- Pipeline #14 [on: ORDER_BY (id=19), port: default, barrier: FULL]
  Dependencies: Pipeline #14
  Output: -> SORT_SAMPLE [port: default, barrier: PIPELINE]
Pipeline #16: SORT_SAMPLE (id=35) -> SORT_PARTITION (id=36)
  Input: <- Pipeline #15 [on: SORT_SAMPLE (id=35), port: default, barrier: PIPELINE]
  Dependencies: Pipeline #15
  Output: -> MERGE_SORT [port: default, barrier: FULL]
Pipeline #17: MERGE_SORT (id=37)
  Input: <- Pipeline #16 [on: MERGE_SORT (id=37), port: default, barrier: FULL]
  Dependencies: Pipeline #16
  Output: -> RESULT_COLLECTOR [port: default, barrier: FULL]
Pipeline #18: RESULT_COLLECTOR (id=20)
  Input: <- Pipeline #17 [on: RESULT_COLLECTOR (id=20), port: default, barrier: FULL]
  Dependencies: Pipeline #17

=== Query Plan DAG ===
┌──────────────────────────┐                                                        
│ Pipeline #18             │                                                        
│ RESULT_COLLECTOR (id=20) │                                                        
│ Input(#17): FULL         │                                                        
└────────────┬─────────────┘                                                        
             │                                                                      
┌──────────────────────────┐                                                        
│ Pipeline #17             │                                                        
│ MERGE_SORT (id=37)       │                                                        
│ Input(#16): FULL         │                                                        
└────────────┬─────────────┘                                                        
             │                                                                      
┌──────────────────────────┐                                                        
│ Pipeline #16             │                                                        
│ SORT_PARTITION (id=36)   │                                                        
│ SORT_SAMPLE (id=35)      │                                                        
│ Input(#15): PIPELINE     │                                                        
└────────────┬─────────────┘                                                        
             │                                                                      
┌──────────────────────────┐                                                        
│ Pipeline #15             │                                                        
│ ORDER_BY (id=19)         │                                                        
│ Input(#14): FULL         │                                                        
└────────────┬─────────────┘                                                        
             │                                                                      
┌──────────────────────────┐                                                        
│ Pipeline #14             │                                                        
│ MERGE_GROUP_BY (id=34)   │                                                        
│ Input(#13): FULL         │                                                        
└────────────┬─────────────┘                                                        
             │                                                                      
┌──────────────────────────┐                                                        
│ Pipeline #13             │                                                        
│ PARTITION (id=33)        │                                                        
│ Input(#12): FULL         │                                                        
└────────────┬─────────────┘                                                        
             │                                                                      
┌──────────────────────────┐                                                        
│ Pipeline #12             │                                                        
│ HASH_GROUP_BY (id=18)    │                                                        
│ PROJECTION (id=17)       │                                                        
│ FILTER (id=16)           │                                                        
│ HASH_JOIN (id=15)        │                                                        
│   type: MARK             │                                                        
│ Input(#11): FULL         │                                                        
│ Input(#5): FULL          │                                                        
└────────────┬─────────────┘                                                        
             ┌───────────────────────────┐                                          
             │                           │                                          
┌──────────────────────────┐┌──────────────────────────┐                            
│ Pipeline #5              ││ Pipeline #11             │                            
│ CONCAT (id=25)           ││ CONCAT (id=31)           │                            
│ Input(#4): PARTIAL       ││ Input(#10): PARTIAL      │                            
└────────────┬─────────────┘└────────────┬─────────────┘                            
             │                           │                                          
┌──────────────────────────┐┌──────────────────────────┐                            
│ Pipeline #4              ││ Pipeline #10             │                            
│ PARTITION (id=26)        ││ PARTITION (id=32)        │                            
│ Input(#3): FULL          ││ Input(#9): PARTIAL       │                            
└────────────┬─────────────┘└────────────┬─────────────┘                            
             │                           │                                          
┌──────────────────────────┐┌──────────────────────────┐                            
│ Pipeline #3              ││ Pipeline #9              │                            
│ GPU_SCAN (id=24)         ││ HASH_JOIN (id=13)        │                            
│                          ││   type: INNER            │                            
│                          ││ Input(#8): FULL          │                            
│                          ││ Input(#2): FULL          │                            
└──────────────────────────┘└────────────┬─────────────┘                            
                                         ┌───────────────────────────┐              
                                         │                           │              
                            ┌──────────────────────────┐┌──────────────────────────┐
                            │ Pipeline #2              ││ Pipeline #8              │
                            │ CONCAT (id=22)           ││ CONCAT (id=29)           │
                            │ Input(#1): PARTIAL       ││ Input(#7): PARTIAL       │
                            └────────────┬─────────────┘└────────────┬─────────────┘
                                         │                           │              
                            ┌──────────────────────────┐┌──────────────────────────┐
                            │ Pipeline #1              ││ Pipeline #7              │
                            │ PARTITION (id=23)        ││ PARTITION (id=30)        │
                            │ Input(#0): FULL          ││ Input(#6): PARTIAL       │
                            └────────────┬─────────────┘└────────────┬─────────────┘
                                         │                           │              
                            ┌──────────────────────────┐┌──────────────────────────┐
                            │ Pipeline #0              ││ Pipeline #6              │
                            │ FILTER (id=12)           ││ DYNAMIC_FILTER (id=28)   │
                            │ GPU_SCAN (id=21)         ││ GPU_SCAN (id=27)         │
                            └──────────────────────────┘└──────────────────────────┘

[2026-07-09 04:36:18.381] [info] [parquet_gpu_ingestible.cpp:250] [coalesce-debug] parquet_batch_coalescer emit #1: 1 slice(s), acc_bytes=443331651, cap=536870912
[2026-07-09 04:36:18.381] [info] [load_balancing_scan_batch_coalescer.cpp:96] [coalesce-debug] load_balancer emit pipeline=0 -> preferred GPU 0
[2026-07-09 04:36:18.386] [info] [parquet_gpu_ingestible.cpp:250] [coalesce-debug] parquet_batch_coalescer emit #1: 1 slice(s), acc_bytes=8124997, cap=536870912
[2026-07-09 04:36:18.386] [info] [load_balancing_scan_batch_coalescer.cpp:96] [coalesce-debug] load_balancer emit pipeline=3 -> preferred GPU 1
[2026-07-09 04:36:18.387] [info] [parquet_gpu_ingestible.cpp:250] [coalesce-debug] parquet_batch_coalescer emit #1: 1 slice(s), acc_bytes=535058976, cap=536870912
[2026-07-09 04:36:18.387] [info] [parquet_gpu_ingestible.cpp:250] [coalesce-debug] parquet_batch_coalescer emit #2: 1 slice(s), acc_bytes=536793244, cap=536870912
[2026-07-09 04:36:18.387] [info] [load_balancing_scan_batch_coalescer.cpp:96] [coalesce-debug] load_balancer emit pipeline=6 -> preferred GPU 0
[2026-07-09 04:36:18.387] [info] [task_scheduler.cpp:462] [mgpu-audit] pipeline_task dispatched to GPU 0 task_id=0
[2026-07-09 04:36:18.387] [info] [task_scheduler.cpp:464] [locality-audit] dispatch task_id=0 preferred_device=0 actual_gpu=0
[2026-07-09 04:36:18.393] [info] [load_balancing_scan_batch_coalescer.cpp:96] [coalesce-debug] load_balancer emit pipeline=6 -> preferred GPU 1
[2026-07-09 04:36:18.403] [info] [parquet_gpu_ingestible.cpp:250] [coalesce-debug] parquet_batch_coalescer emit #3: 1 slice(s), acc_bytes=228147610, cap=536870912
[2026-07-09 04:36:18.403] [info] [load_balancing_scan_batch_coalescer.cpp:96] [coalesce-debug] load_balancer emit pipeline=6 -> preferred GPU 0
[2026-07-09 04:36:18.512] [info] [gpu_pipeline_task.cpp:321] [stage-audit] pipeline_id=0 task_id=0 operator_id=21 operator_name=GPU_SCAN stage_kind=SCAN operator_type=94 input_type=GPU_SCAN output_type=PIPELINEABLE actual_gpu=0 pipeline_operator_count=2 input_batches=0 input_rows=0 input_columns=0 input_bytes=0 output_batches=1 output_rows=18560830 output_columns=4 output_bytes=912359912 byte_ratio=0.000000 row_ratio=0.000000 duration_us=121373
[2026-07-09 04:36:18.519] [info] [gpu_pipeline_task.cpp:321] [stage-audit] pipeline_id=0 task_id=0 operator_id=12 operator_name=FILTER stage_kind=FILTER operator_type=12 input_type=PIPELINEABLE output_type=PIPELINEABLE actual_gpu=0 pipeline_operator_count=2 input_batches=1 input_rows=18560830 input_columns=4 input_bytes=912359912 output_batches=1 output_rows=2970570 output_columns=4 output_bytes=146017698 byte_ratio=0.160044 row_ratio=0.160045 duration_us=7031
[2026-07-09 04:36:18.519] [info] [task_creator.cpp:363] [locality-audit] task_create operator_id=23 input_bytes=146017698 local_bytes=146017698 gpu_source_bytes=146017698 host_source_bytes=0 disk_source_bytes=0 gpu_sources=1 host_sources=0 preferred_device=0
[2026-07-09 04:36:18.520] [info] [task_scheduler.cpp:462] [mgpu-audit] pipeline_task dispatched to GPU 0 task_id=1
[2026-07-09 04:36:18.520] [info] [task_scheduler.cpp:464] [locality-audit] dispatch task_id=1 preferred_device=0 actual_gpu=0
[2026-07-09 04:36:18.520] [info] [gpu_pipeline_task.cpp:188] [locality-audit] prepare_before pipeline_id=1 task_id=1 preferred_device=0 actual_gpu=0 target_tier=GPU target_device=0 input_bytes=146017698 local_bytes=146017698 remote_gpu_bytes=0 host_bytes=0 disk_bytes=0 batch_count=1
[2026-07-09 04:36:18.520] [info] [gpu_pipeline_task.cpp:188] [locality-audit] prepare_after pipeline_id=1 task_id=1 preferred_device=0 actual_gpu=0 target_tier=GPU target_device=0 input_bytes=146017698 local_bytes=146017698 remote_gpu_bytes=0 host_bytes=0 disk_bytes=0 batch_count=1
[2026-07-09 04:36:18.530] [info] [gpu_pipeline_task.cpp:321] [stage-audit] pipeline_id=1 task_id=1 operator_id=23 operator_name=PARTITION stage_kind=PARTITION operator_type=82 input_type=PIPELINEABLE output_type=PIPELINEABLE actual_gpu=0 pipeline_operator_count=1 input_batches=1 input_rows=2970570 input_columns=4 input_bytes=146017698 output_batches=2 output_rows=2970570 output_columns=8 output_bytes=145275178 byte_ratio=0.994915 row_ratio=1.000000 duration_us=9791
[2026-07-09 04:36:18.530] [info] [task_scheduler.cpp:462] [mgpu-audit] pipeline_task dispatched to GPU 1 task_id=3
[2026-07-09 04:36:18.530] [info] [task_scheduler.cpp:464] [locality-audit] dispatch task_id=3 preferred_device=1 actual_gpu=1
[2026-07-09 04:36:18.530] [info] [task_scheduler.cpp:462] [mgpu-audit] pipeline_task dispatched to GPU 0 task_id=2
[2026-07-09 04:36:18.530] [info] [task_scheduler.cpp:464] [locality-audit] dispatch task_id=2 preferred_device=0 actual_gpu=0
[2026-07-09 04:36:18.531] [info] [gpu_pipeline_task.cpp:188] [locality-audit] prepare_before pipeline_id=2 task_id=2 preferred_device=0 actual_gpu=0 target_tier=GPU target_device=0 input_bytes=72628872 local_bytes=72628872 remote_gpu_bytes=0 host_bytes=0 disk_bytes=0 batch_count=1
[2026-07-09 04:36:18.531] [info] [gpu_pipeline_task.cpp:188] [locality-audit] prepare_after pipeline_id=2 task_id=2 preferred_device=0 actual_gpu=0 target_tier=GPU target_device=0 input_bytes=72628872 local_bytes=72628872 remote_gpu_bytes=0 host_bytes=0 disk_bytes=0 batch_count=1
[2026-07-09 04:36:18.531] [info] [gpu_pipeline_task.cpp:188] [locality-audit] prepare_before pipeline_id=2 task_id=3 preferred_device=1 actual_gpu=1 target_tier=GPU target_device=1 input_bytes=72646306 local_bytes=0 remote_gpu_bytes=72646306 host_bytes=0 disk_bytes=0 batch_count=1
[2026-07-09 04:36:18.531] [info] [gpu_pipeline_task.cpp:321] [stage-audit] pipeline_id=2 task_id=2 operator_id=22 operator_name=CONCAT stage_kind=CONCAT operator_type=83 input_type=PARTITIONED output_type=PARTITIONED actual_gpu=0 pipeline_operator_count=1 input_batches=1 input_rows=1485087 input_columns=4 input_bytes=72628872 output_batches=1 output_rows=1485087 output_columns=4 output_bytes=72628872 byte_ratio=1.000000 row_ratio=1.000000 duration_us=2
[2026-07-09 04:36:18.635] [info] [gpu_pipeline_task.cpp:188] [locality-audit] prepare_after pipeline_id=2 task_id=3 preferred_device=1 actual_gpu=1 target_tier=GPU target_device=1 input_bytes=72646306 local_bytes=72646306 remote_gpu_bytes=0 host_bytes=0 disk_bytes=0 batch_count=1
[2026-07-09 04:36:18.635] [info] [gpu_pipeline_task.cpp:321] [stage-audit] pipeline_id=2 task_id=3 operator_id=22 operator_name=CONCAT stage_kind=CONCAT operator_type=83 input_type=PARTITIONED output_type=PARTITIONED actual_gpu=1 pipeline_operator_count=1 input_batches=1 input_rows=1485483 input_columns=4 input_bytes=72646306 output_batches=1 output_rows=1485483 output_columns=4 output_bytes=72646306 byte_ratio=1.000000 row_ratio=1.000000 duration_us=1
[2026-07-09 04:36:18.638] [info] [task_scheduler.cpp:462] [mgpu-audit] pipeline_task dispatched to GPU 0 task_id=4
[2026-07-09 04:36:18.638] [info] [task_scheduler.cpp:464] [locality-audit] dispatch task_id=4 preferred_device=0 actual_gpu=0
[2026-07-09 04:36:18.640] [info] [task_scheduler.cpp:462] [mgpu-audit] pipeline_task dispatched to GPU 1 task_id=5
[2026-07-09 04:36:18.640] [info] [task_scheduler.cpp:464] [locality-audit] dispatch task_id=5 preferred_device=1 actual_gpu=1
[2026-07-09 04:36:18.645] [info] [task_scheduler.cpp:462] [mgpu-audit] pipeline_task dispatched to GPU 0 task_id=6
[2026-07-09 04:36:18.645] [info] [task_scheduler.cpp:464] [locality-audit] dispatch task_id=6 preferred_device=0 actual_gpu=0
[2026-07-09 04:36:18.822] [info] [gpu_pipeline_task.cpp:321] [stage-audit] pipeline_id=6 task_id=4 operator_id=27 operator_name=GPU_SCAN stage_kind=SCAN operator_type=94 input_type=GPU_SCAN output_type=PIPELINEABLE actual_gpu=0 pipeline_operator_count=2 input_batches=0 input_rows=0 input_columns=0 input_bytes=0 output_batches=1 output_rows=32926711 output_columns=2 output_bytes=535059056 byte_ratio=0.000000 row_ratio=0.000000 duration_us=178358
[2026-07-09 04:36:18.822] [info] [gpu_pipeline_task.cpp:321] [stage-audit] pipeline_id=6 task_id=4 operator_id=28 operator_name=DYNAMIC_FILTER stage_kind=OTHER operator_type=95 input_type=PIPELINEABLE output_type=PIPELINEABLE actual_gpu=0 pipeline_operator_count=2 input_batches=1 input_rows=32926711 input_columns=2 input_bytes=535059056 output_batches=1 output_rows=32926711 output_columns=2 output_bytes=535059056 byte_ratio=1.000000 row_ratio=1.000000 duration_us=1
[2026-07-09 04:36:18.822] [info] [task_creator.cpp:363] [locality-audit] task_create operator_id=30 input_bytes=535059056 local_bytes=535059056 gpu_source_bytes=535059056 host_source_bytes=0 disk_source_bytes=0 gpu_sources=1 host_sources=0 preferred_device=0
[2026-07-09 04:36:18.822] [info] [task_scheduler.cpp:462] [mgpu-audit] pipeline_task dispatched to GPU 0 task_id=7
[2026-07-09 04:36:18.822] [info] [task_scheduler.cpp:464] [locality-audit] dispatch task_id=7 preferred_device=0 actual_gpu=0
[2026-07-09 04:36:18.822] [info] [gpu_pipeline_task.cpp:188] [locality-audit] prepare_before pipeline_id=7 task_id=7 preferred_device=0 actual_gpu=0 target_tier=GPU target_device=0 input_bytes=535059056 local_bytes=535059056 remote_gpu_bytes=0 host_bytes=0 disk_bytes=0 batch_count=1
[2026-07-09 04:36:18.822] [info] [gpu_pipeline_task.cpp:188] [locality-audit] prepare_after pipeline_id=7 task_id=7 preferred_device=0 actual_gpu=0 target_tier=GPU target_device=0 input_bytes=535059056 local_bytes=535059056 remote_gpu_bytes=0 host_bytes=0 disk_bytes=0 batch_count=1
[2026-07-09 04:36:18.828] [info] [gpu_pipeline_task.cpp:321] [stage-audit] pipeline_id=7 task_id=7 operator_id=30 operator_name=PARTITION stage_kind=PARTITION operator_type=82 input_type=PIPELINEABLE output_type=PIPELINEABLE actual_gpu=0 pipeline_operator_count=1 input_batches=1 input_rows=32926711 input_columns=2 input_bytes=535059056 output_batches=2 output_rows=32926711 output_columns=4 output_bytes=526827376 byte_ratio=0.984615 row_ratio=1.000000 duration_us=5250
[2026-07-09 04:36:18.829] [info] [gpu_pipeline_task.cpp:321] [stage-audit] pipeline_id=6 task_id=5 operator_id=27 operator_name=GPU_SCAN stage_kind=SCAN operator_type=94 input_type=GPU_SCAN output_type=PIPELINEABLE actual_gpu=1 pipeline_operator_count=2 input_batches=0 input_rows=0 input_columns=0 input_bytes=0 output_batches=1 output_rows=33033435 output_columns=2 output_bytes=536793392 byte_ratio=0.000000 row_ratio=0.000000 duration_us=185263
[2026-07-09 04:36:18.829] [info] [gpu_pipeline_task.cpp:321] [stage-audit] pipeline_id=6 task_id=5 operator_id=28 operator_name=DYNAMIC_FILTER stage_kind=OTHER operator_type=95 input_type=PIPELINEABLE output_type=PIPELINEABLE actual_gpu=1 pipeline_operator_count=2 input_batches=1 input_rows=33033435 input_columns=2 input_bytes=536793392 output_batches=1 output_rows=33033435 output_columns=2 output_bytes=536793392 byte_ratio=1.000000 row_ratio=1.000000 duration_us=2
[2026-07-09 04:36:18.829] [info] [task_creator.cpp:363] [locality-audit] task_create operator_id=30 input_bytes=536793392 local_bytes=536793392 gpu_source_bytes=536793392 host_source_bytes=0 disk_source_bytes=0 gpu_sources=1 host_sources=0 preferred_device=1
[2026-07-09 04:36:18.830] [info] [task_scheduler.cpp:462] [mgpu-audit] pipeline_task dispatched to GPU 1 task_id=8
[2026-07-09 04:36:18.830] [info] [task_scheduler.cpp:464] [locality-audit] dispatch task_id=8 preferred_device=1 actual_gpu=1
[2026-07-09 04:36:18.830] [info] [gpu_pipeline_task.cpp:188] [locality-audit] prepare_before pipeline_id=7 task_id=8 preferred_device=1 actual_gpu=1 target_tier=GPU target_device=1 input_bytes=536793392 local_bytes=536793392 remote_gpu_bytes=0 host_bytes=0 disk_bytes=0 batch_count=1
[2026-07-09 04:36:18.830] [info] [gpu_pipeline_task.cpp:188] [locality-audit] prepare_after pipeline_id=7 task_id=8 preferred_device=1 actual_gpu=1 target_tier=GPU target_device=1 input_bytes=536793392 local_bytes=536793392 remote_gpu_bytes=0 host_bytes=0 disk_bytes=0 batch_count=1
[2026-07-09 04:36:18.838] [info] [gpu_pipeline_task.cpp:321] [stage-audit] pipeline_id=7 task_id=8 operator_id=30 operator_name=PARTITION stage_kind=PARTITION operator_type=82 input_type=PIPELINEABLE output_type=PIPELINEABLE actual_gpu=1 pipeline_operator_count=1 input_batches=1 input_rows=33033435 input_columns=2 input_bytes=536793392 output_batches=2 output_rows=33033435 output_columns=4 output_bytes=528534960 byte_ratio=0.984615 row_ratio=1.000000 duration_us=8133
[2026-07-09 04:36:18.884] [info] [gpu_pipeline_task.cpp:321] [stage-audit] pipeline_id=6 task_id=6 operator_id=27 operator_name=GPU_SCAN stage_kind=SCAN operator_type=94 input_type=GPU_SCAN output_type=PIPELINEABLE actual_gpu=0 pipeline_operator_count=2 input_batches=0 input_rows=0 input_columns=0 input_bytes=0 output_batches=1 output_rows=14039854 output_columns=2 output_bytes=228147680 byte_ratio=0.000000 row_ratio=0.000000 duration_us=59173
[2026-07-09 04:36:18.884] [info] [gpu_pipeline_task.cpp:321] [stage-audit] pipeline_id=6 task_id=6 operator_id=28 operator_name=DYNAMIC_FILTER stage_kind=OTHER operator_type=95 input_type=PIPELINEABLE output_type=PIPELINEABLE actual_gpu=0 pipeline_operator_count=2 input_batches=1 input_rows=14039854 input_columns=2 input_bytes=228147680 output_batches=1 output_rows=14039854 output_columns=2 output_bytes=228147680 byte_ratio=1.000000 row_ratio=1.000000 duration_us=1
[2026-07-09 04:36:18.885] [info] [task_creator.cpp:363] [locality-audit] task_create operator_id=30 input_bytes=228147680 local_bytes=228147680 gpu_source_bytes=228147680 host_source_bytes=0 disk_source_bytes=0 gpu_sources=1 host_sources=0 preferred_device=0
[2026-07-09 04:36:18.885] [info] [task_scheduler.cpp:462] [mgpu-audit] pipeline_task dispatched to GPU 0 task_id=9
[2026-07-09 04:36:18.885] [info] [task_scheduler.cpp:464] [locality-audit] dispatch task_id=9 preferred_device=0 actual_gpu=0
[2026-07-09 04:36:18.885] [info] [gpu_pipeline_task.cpp:188] [locality-audit] prepare_before pipeline_id=7 task_id=9 preferred_device=0 actual_gpu=0 target_tier=GPU target_device=0 input_bytes=228147680 local_bytes=228147680 remote_gpu_bytes=0 host_bytes=0 disk_bytes=0 batch_count=1
[2026-07-09 04:36:18.885] [info] [gpu_pipeline_task.cpp:188] [locality-audit] prepare_after pipeline_id=7 task_id=9 preferred_device=0 actual_gpu=0 target_tier=GPU target_device=0 input_bytes=228147680 local_bytes=228147680 remote_gpu_bytes=0 host_bytes=0 disk_bytes=0 batch_count=1
[2026-07-09 04:36:18.887] [info] [gpu_pipeline_task.cpp:321] [stage-audit] pipeline_id=7 task_id=9 operator_id=30 operator_name=PARTITION stage_kind=PARTITION operator_type=82 input_type=PIPELINEABLE output_type=PIPELINEABLE actual_gpu=0 pipeline_operator_count=1 input_batches=1 input_rows=14039854 input_columns=2 input_bytes=228147680 output_batches=2 output_rows=14039854 output_columns=4 output_bytes=224637664 byte_ratio=0.984615 row_ratio=1.000000 duration_us=2315
[2026-07-09 04:36:18.887] [info] [task_scheduler.cpp:462] [mgpu-audit] pipeline_task dispatched to GPU 1 task_id=12
[2026-07-09 04:36:18.887] [info] [task_scheduler.cpp:464] [locality-audit] dispatch task_id=12 preferred_device=1 actual_gpu=1
[2026-07-09 04:36:18.887] [info] [task_scheduler.cpp:462] [mgpu-audit] pipeline_task dispatched to GPU 0 task_id=10
[2026-07-09 04:36:18.887] [info] [task_scheduler.cpp:464] [locality-audit] dispatch task_id=10 preferred_device=0 actual_gpu=0
[2026-07-09 04:36:18.887] [info] [task_scheduler.cpp:462] [mgpu-audit] pipeline_task dispatched to GPU 1 task_id=13
[2026-07-09 04:36:18.887] [info] [task_scheduler.cpp:464] [locality-audit] dispatch task_id=13 preferred_device=1 actual_gpu=1
[2026-07-09 04:36:18.887] [info] [task_scheduler.cpp:462] [mgpu-audit] pipeline_task dispatched to GPU 0 task_id=11
[2026-07-09 04:36:18.887] [info] [task_scheduler.cpp:464] [locality-audit] dispatch task_id=11 preferred_device=0 actual_gpu=0
[2026-07-09 04:36:18.887] [info] [gpu_pipeline_task.cpp:188] [locality-audit] prepare_before pipeline_id=8 task_id=13 preferred_device=1 actual_gpu=1 target_tier=GPU target_device=1 input_bytes=112192128 local_bytes=0 remote_gpu_bytes=112192128 host_bytes=0 disk_bytes=0 batch_count=1
[2026-07-09 04:36:18.887] [info] [gpu_pipeline_task.cpp:188] [locality-audit] prepare_before pipeline_id=8 task_id=12 preferred_device=1 actual_gpu=1 target_tier=GPU target_device=1 input_bytes=527604288 local_bytes=264234944 remote_gpu_bytes=263369344 host_bytes=0 disk_bytes=0 batch_count=2
[2026-07-09 04:36:18.888] [info] [gpu_pipeline_task.cpp:188] [locality-audit] prepare_before pipeline_id=8 task_id=10 preferred_device=0 actual_gpu=0 target_tier=GPU target_device=0 input_bytes=527758048 local_bytes=263458032 remote_gpu_bytes=264300016 host_bytes=0 disk_bytes=0 batch_count=2
[2026-07-09 04:36:18.888] [info] [gpu_pipeline_task.cpp:188] [locality-audit] prepare_before pipeline_id=8 task_id=11 preferred_device=0 actual_gpu=0 target_tier=GPU target_device=0 input_bytes=112445536 local_bytes=112445536 remote_gpu_bytes=0 host_bytes=0 disk_bytes=0 batch_count=1
[2026-07-09 04:36:18.888] [info] [gpu_pipeline_task.cpp:188] [locality-audit] prepare_after pipeline_id=8 task_id=11 preferred_device=0 actual_gpu=0 target_tier=GPU target_device=0 input_bytes=112445536 local_bytes=112445536 remote_gpu_bytes=0 host_bytes=0 disk_bytes=0 batch_count=1
[2026-07-09 04:36:18.888] [info] [gpu_pipeline_task.cpp:321] [stage-audit] pipeline_id=8 task_id=11 operator_id=29 operator_name=CONCAT stage_kind=CONCAT operator_type=83 input_type=PARTITIONED output_type=PARTITIONED actual_gpu=0 pipeline_operator_count=1 input_batches=1 input_rows=7027846 input_columns=2 input_bytes=112445536 output_batches=1 output_rows=7027846 output_columns=2 output_bytes=112445536 byte_ratio=1.000000 row_ratio=1.000000 duration_us=9
[2026-07-09 04:36:18.900] [info] [gpu_pipeline_task.cpp:188] [locality-audit] prepare_after pipeline_id=8 task_id=13 preferred_device=1 actual_gpu=1 target_tier=GPU target_device=1 input_bytes=112192128 local_bytes=112192128 remote_gpu_bytes=0 host_bytes=0 disk_bytes=0 batch_count=1
[2026-07-09 04:36:18.900] [info] [gpu_pipeline_task.cpp:321] [stage-audit] pipeline_id=8 task_id=13 operator_id=29 operator_name=CONCAT stage_kind=CONCAT operator_type=83 input_type=PARTITIONED output_type=PARTITIONED actual_gpu=1 pipeline_operator_count=1 input_batches=1 input_rows=7012008 input_columns=2 input_bytes=112192128 output_batches=1 output_rows=7012008 output_columns=2 output_bytes=112192128 byte_ratio=1.000000 row_ratio=1.000000 duration_us=1
[2026-07-09 04:36:18.902] [info] [gpu_pipeline_task.cpp:188] [locality-audit] prepare_after pipeline_id=8 task_id=10 preferred_device=0 actual_gpu=0 target_tier=GPU target_device=0 input_bytes=527758048 local_bytes=527758048 remote_gpu_bytes=0 host_bytes=0 disk_bytes=0 batch_count=2
[2026-07-09 04:36:18.915] [info] [gpu_pipeline_task.cpp:321] [stage-audit] pipeline_id=8 task_id=10 operator_id=29 operator_name=CONCAT stage_kind=CONCAT operator_type=83 input_type=PARTITIONED output_type=PARTITIONED actual_gpu=0 pipeline_operator_count=1 input_batches=2 input_rows=32984878 input_columns=4 input_bytes=527758048 output_batches=1 output_rows=32984878 output_columns=2 output_bytes=527758048 byte_ratio=1.000000 row_ratio=1.000000 duration_us=12631
[2026-07-09 04:36:18.919] [info] [gpu_pipeline_task.cpp:188] [locality-audit] prepare_after pipeline_id=8 task_id=12 preferred_device=1 actual_gpu=1 target_tier=GPU target_device=1 input_bytes=527604288 local_bytes=527604288 remote_gpu_bytes=0 host_bytes=0 disk_bytes=0 batch_count=2
[2026-07-09 04:36:18.931] [info] [gpu_pipeline_task.cpp:321] [stage-audit] pipeline_id=8 task_id=12 operator_id=29 operator_name=CONCAT stage_kind=CONCAT operator_type=83 input_type=PARTITIONED output_type=PARTITIONED actual_gpu=1 pipeline_operator_count=1 input_batches=2 input_rows=32975268 input_columns=4 input_bytes=527604288 output_batches=1 output_rows=32975268 output_columns=2 output_bytes=527604288 byte_ratio=1.000000 row_ratio=1.000000 duration_us=11889
[2026-07-09 04:36:18.931] [info] [task_scheduler.cpp:462] [mgpu-audit] pipeline_task dispatched to GPU 1 task_id=16
[2026-07-09 04:36:18.931] [info] [task_scheduler.cpp:464] [locality-audit] dispatch task_id=16 preferred_device=1 actual_gpu=1
[2026-07-09 04:36:18.931] [info] [task_scheduler.cpp:462] [mgpu-audit] pipeline_task dispatched to GPU 0 task_id=14
[2026-07-09 04:36:18.931] [info] [task_scheduler.cpp:464] [locality-audit] dispatch task_id=14 preferred_device=0 actual_gpu=0
[2026-07-09 04:36:18.931] [info] [task_scheduler.cpp:462] [mgpu-audit] pipeline_task dispatched to GPU 0 task_id=15
[2026-07-09 04:36:18.931] [info] [task_scheduler.cpp:464] [locality-audit] dispatch task_id=15 preferred_device=0 actual_gpu=0
[2026-07-09 04:36:18.931] [info] [task_scheduler.cpp:462] [mgpu-audit] pipeline_task dispatched to GPU 1 task_id=17
[2026-07-09 04:36:18.931] [info] [task_scheduler.cpp:464] [locality-audit] dispatch task_id=17 preferred_device=1 actual_gpu=1
[2026-07-09 04:36:18.932] [info] [gpu_pipeline_task.cpp:188] [locality-audit] prepare_before pipeline_id=9 task_id=14 preferred_device=0 actual_gpu=0 target_tier=GPU target_device=0 input_bytes=185074408 local_bytes=185074408 remote_gpu_bytes=0 host_bytes=0 disk_bytes=0 batch_count=2
[2026-07-09 04:36:18.932] [info] [gpu_pipeline_task.cpp:188] [locality-audit] prepare_after pipeline_id=9 task_id=14 preferred_device=0 actual_gpu=0 target_tier=GPU target_device=0 input_bytes=185074408 local_bytes=185074408 remote_gpu_bytes=0 host_bytes=0 disk_bytes=0 batch_count=2
[2026-07-09 04:36:18.932] [info] [gpu_pipeline_task.cpp:188] [locality-audit] prepare_before pipeline_id=9 task_id=15 preferred_device=0 actual_gpu=0 target_tier=GPU target_device=0 input_bytes=600386920 local_bytes=600386920 remote_gpu_bytes=0 host_bytes=0 disk_bytes=0 batch_count=2
[2026-07-09 04:36:18.932] [info] [gpu_pipeline_task.cpp:188] [locality-audit] prepare_after pipeline_id=9 task_id=15 preferred_device=0 actual_gpu=0 target_tier=GPU target_device=0 input_bytes=600386920 local_bytes=600386920 remote_gpu_bytes=0 host_bytes=0 disk_bytes=0 batch_count=2
[2026-07-09 04:36:18.932] [info] [gpu_pipeline_task.cpp:188] [locality-audit] prepare_before pipeline_id=9 task_id=17 preferred_device=1 actual_gpu=1 target_tier=GPU target_device=1 input_bytes=600250594 local_bytes=600250594 remote_gpu_bytes=0 host_bytes=0 disk_bytes=0 batch_count=2
[2026-07-09 04:36:18.932] [info] [gpu_pipeline_task.cpp:188] [locality-audit] prepare_before pipeline_id=9 task_id=16 preferred_device=1 actual_gpu=1 target_tier=GPU target_device=1 input_bytes=184838434 local_bytes=184838434 remote_gpu_bytes=0 host_bytes=0 disk_bytes=0 batch_count=2
[2026-07-09 04:36:18.932] [info] [gpu_pipeline_task.cpp:188] [locality-audit] prepare_after pipeline_id=9 task_id=17 preferred_device=1 actual_gpu=1 target_tier=GPU target_device=1 input_bytes=600250594 local_bytes=600250594 remote_gpu_bytes=0 host_bytes=0 disk_bytes=0 batch_count=2
[2026-07-09 04:36:18.932] [info] [gpu_pipeline_task.cpp:188] [locality-audit] prepare_after pipeline_id=9 task_id=16 preferred_device=1 actual_gpu=1 target_tier=GPU target_device=1 input_bytes=184838434 local_bytes=184838434 remote_gpu_bytes=0 host_bytes=0 disk_bytes=0 batch_count=2
[2026-07-09 04:36:18.953] [info] [gpu_pipeline_task.cpp:321] [stage-audit] pipeline_id=9 task_id=14 operator_id=13 operator_name=HASH_JOIN stage_kind=JOIN operator_type=33 input_type=PARTITIONED output_type=PIPELINEABLE actual_gpu=0 pipeline_operator_count=1 input_batches=2 input_rows=8512933 input_columns=6 input_bytes=185074408 output_batches=1 output_rows=1045702 output_columns=4 output_bytes=51141118 byte_ratio=0.276327 row_ratio=0.122837 duration_us=21892
[2026-07-09 04:36:18.954] [info] [gpu_pipeline_task.cpp:321] [stage-audit] pipeline_id=9 task_id=16 operator_id=13 operator_name=HASH_JOIN stage_kind=JOIN operator_type=33 input_type=PARTITIONED output_type=PIPELINEABLE actual_gpu=1 pipeline_operator_count=1 input_batches=2 input_rows=8497491 input_columns=6 input_bytes=184838434 output_batches=1 output_rows=1043736 output_columns=4 output_bytes=51037748 byte_ratio=0.276121 row_ratio=0.122829 duration_us=21654
[2026-07-09 04:36:18.954] [info] [task_scheduler.cpp:462] [mgpu-audit] pipeline_task dispatched to GPU 1 task_id=18
[2026-07-09 04:36:18.954] [info] [task_scheduler.cpp:464] [locality-audit] dispatch task_id=18 preferred_device=1 actual_gpu=1
[2026-07-09 04:36:18.954] [info] [gpu_pipeline_task.cpp:321] [stage-audit] pipeline_id=9 task_id=15 operator_id=13 operator_name=HASH_JOIN stage_kind=JOIN operator_type=33 input_type=PARTITIONED output_type=PIPELINEABLE actual_gpu=0 pipeline_operator_count=1 input_batches=2 input_rows=34469965 input_columns=6 input_bytes=600386920 output_batches=1 output_rows=4894646 output_columns=4 output_bytes=239374226 byte_ratio=0.398700 row_ratio=0.141997 duration_us=22496
[2026-07-09 04:36:18.954] [info] [gpu_pipeline_task.cpp:321] [stage-audit] pipeline_id=9 task_id=17 operator_id=13 operator_name=HASH_JOIN stage_kind=JOIN operator_type=33 input_type=PARTITIONED output_type=PIPELINEABLE actual_gpu=1 pipeline_operator_count=1 input_batches=2 input_rows=34460751 input_columns=6 input_bytes=600250594 output_batches=1 output_rows=4898196 output_columns=4 output_bytes=239547204 byte_ratio=0.399079 row_ratio=0.142138 duration_us=22506
[2026-07-09 04:36:19.057] [info] [gpu_pipeline_task.cpp:321] [stage-audit] pipeline_id=3 task_id=18 operator_id=24 operator_name=GPU_SCAN stage_kind=SCAN operator_type=94 input_type=GPU_SCAN output_type=PIPELINEABLE actual_gpu=1 pipeline_operator_count=1 input_batches=0 input_rows=0 input_columns=0 input_bytes=0 output_batches=1 output_rows=479 output_columns=1 output_bytes=3896 byte_ratio=0.000000 row_ratio=0.000000 duration_us=102819
[2026-07-09 04:36:19.058] [info] [task_creator.cpp:363] [locality-audit] task_create operator_id=26 input_bytes=3896 local_bytes=3896 gpu_source_bytes=3896 host_source_bytes=0 disk_source_bytes=0 gpu_sources=1 host_sources=0 preferred_device=1
[2026-07-09 04:36:19.058] [info] [task_scheduler.cpp:462] [mgpu-audit] pipeline_task dispatched to GPU 1 task_id=19
[2026-07-09 04:36:19.058] [info] [task_scheduler.cpp:464] [locality-audit] dispatch task_id=19 preferred_device=1 actual_gpu=1
[2026-07-09 04:36:19.058] [info] [gpu_pipeline_task.cpp:188] [locality-audit] prepare_before pipeline_id=4 task_id=19 preferred_device=1 actual_gpu=1 target_tier=GPU target_device=1 input_bytes=3896 local_bytes=3896 remote_gpu_bytes=0 host_bytes=0 disk_bytes=0 batch_count=1
[2026-07-09 04:36:19.058] [info] [gpu_pipeline_task.cpp:188] [locality-audit] prepare_after pipeline_id=4 task_id=19 preferred_device=1 actual_gpu=1 target_tier=GPU target_device=1 input_bytes=3896 local_bytes=3896 remote_gpu_bytes=0 host_bytes=0 disk_bytes=0 batch_count=1
[2026-07-09 04:36:19.058] [info] [gpu_pipeline_task.cpp:321] [stage-audit] pipeline_id=4 task_id=19 operator_id=26 operator_name=PARTITION stage_kind=PARTITION operator_type=82 input_type=PIPELINEABLE output_type=PIPELINEABLE actual_gpu=1 pipeline_operator_count=1 input_batches=1 input_rows=479 input_columns=1 input_bytes=3896 output_batches=1 output_rows=479 output_columns=1 output_bytes=3896 byte_ratio=1.000000 row_ratio=1.000000 duration_us=2
[2026-07-09 04:36:19.058] [info] [task_scheduler.cpp:462] [mgpu-audit] pipeline_task dispatched to GPU 0 task_id=20
[2026-07-09 04:36:19.058] [info] [task_scheduler.cpp:464] [locality-audit] dispatch task_id=20 preferred_device=0 actual_gpu=0
[2026-07-09 04:36:19.058] [info] [gpu_pipeline_task.cpp:188] [locality-audit] prepare_before pipeline_id=5 task_id=20 preferred_device=0 actual_gpu=0 target_tier=GPU target_device=0 input_bytes=3896 local_bytes=0 remote_gpu_bytes=3896 host_bytes=0 disk_bytes=0 batch_count=1
[2026-07-09 04:36:19.059] [info] [gpu_pipeline_task.cpp:188] [locality-audit] prepare_after pipeline_id=5 task_id=20 preferred_device=0 actual_gpu=0 target_tier=GPU target_device=0 input_bytes=3896 local_bytes=3896 remote_gpu_bytes=0 host_bytes=0 disk_bytes=0 batch_count=1
[2026-07-09 04:36:19.059] [info] [gpu_pipeline_task.cpp:321] [stage-audit] pipeline_id=5 task_id=20 operator_id=25 operator_name=CONCAT stage_kind=CONCAT operator_type=83 input_type=PARTITIONED output_type=PARTITIONED actual_gpu=0 pipeline_operator_count=1 input_batches=1 input_rows=479 input_columns=1 input_bytes=3896 output_batches=1 output_rows=479 output_columns=1 output_bytes=3896 byte_ratio=1.000000 row_ratio=1.000000 duration_us=8
[2026-07-09 04:36:19.059] [info] [task_creator.cpp:363] [locality-audit] task_create operator_id=32 input_bytes=51141118 local_bytes=51141118 gpu_source_bytes=51141118 host_source_bytes=0 disk_source_bytes=0 gpu_sources=1 host_sources=0 preferred_device=0
[2026-07-09 04:36:19.059] [info] [task_scheduler.cpp:462] [mgpu-audit] pipeline_task dispatched to GPU 0 task_id=21
[2026-07-09 04:36:19.059] [info] [task_scheduler.cpp:464] [locality-audit] dispatch task_id=21 preferred_device=0 actual_gpu=0
[2026-07-09 04:36:19.059] [info] [task_creator.cpp:363] [locality-audit] task_create operator_id=32 input_bytes=51037748 local_bytes=51037748 gpu_source_bytes=51037748 host_source_bytes=0 disk_source_bytes=0 gpu_sources=1 host_sources=0 preferred_device=1
[2026-07-09 04:36:19.059] [info] [task_scheduler.cpp:462] [mgpu-audit] pipeline_task dispatched to GPU 1 task_id=22
[2026-07-09 04:36:19.059] [info] [task_creator.cpp:363] [locality-audit] task_create operator_id=32 input_bytes=239374226 local_bytes=239374226 gpu_source_bytes=239374226 host_source_bytes=0 disk_source_bytes=0 gpu_sources=1 host_sources=0 preferred_device=0
[2026-07-09 04:36:19.059] [info] [task_scheduler.cpp:464] [locality-audit] dispatch task_id=22 preferred_device=1 actual_gpu=1
[2026-07-09 04:36:19.059] [info] [task_creator.cpp:363] [locality-audit] task_create operator_id=32 input_bytes=239547204 local_bytes=239547204 gpu_source_bytes=239547204 host_source_bytes=0 disk_source_bytes=0 gpu_sources=1 host_sources=0 preferred_device=1
[2026-07-09 04:36:19.059] [info] [task_scheduler.cpp:462] [mgpu-audit] pipeline_task dispatched to GPU 0 task_id=23
[2026-07-09 04:36:19.059] [info] [task_scheduler.cpp:464] [locality-audit] dispatch task_id=23 preferred_device=0 actual_gpu=0
[2026-07-09 04:36:19.059] [info] [gpu_pipeline_task.cpp:188] [locality-audit] prepare_before pipeline_id=10 task_id=21 preferred_device=0 actual_gpu=0 target_tier=GPU target_device=0 input_bytes=51141118 local_bytes=51141118 remote_gpu_bytes=0 host_bytes=0 disk_bytes=0 batch_count=1
[2026-07-09 04:36:19.059] [info] [task_scheduler.cpp:462] [mgpu-audit] pipeline_task dispatched to GPU 1 task_id=24
[2026-07-09 04:36:19.059] [info] [task_scheduler.cpp:464] [locality-audit] dispatch task_id=24 preferred_device=1 actual_gpu=1
[2026-07-09 04:36:19.059] [info] [gpu_pipeline_task.cpp:188] [locality-audit] prepare_before pipeline_id=10 task_id=22 preferred_device=1 actual_gpu=1 target_tier=GPU target_device=1 input_bytes=51037748 local_bytes=51037748 remote_gpu_bytes=0 host_bytes=0 disk_bytes=0 batch_count=1
[2026-07-09 04:36:19.059] [info] [gpu_pipeline_task.cpp:188] [locality-audit] prepare_before pipeline_id=10 task_id=23 preferred_device=0 actual_gpu=0 target_tier=GPU target_device=0 input_bytes=239374226 local_bytes=239374226 remote_gpu_bytes=0 host_bytes=0 disk_bytes=0 batch_count=1
[2026-07-09 04:36:19.059] [info] [gpu_pipeline_task.cpp:188] [locality-audit] prepare_before pipeline_id=10 task_id=24 preferred_device=1 actual_gpu=1 target_tier=GPU target_device=1 input_bytes=239547204 local_bytes=239547204 remote_gpu_bytes=0 host_bytes=0 disk_bytes=0 batch_count=1
[2026-07-09 04:36:19.059] [info] [gpu_pipeline_task.cpp:188] [locality-audit] prepare_after pipeline_id=10 task_id=21 preferred_device=0 actual_gpu=0 target_tier=GPU target_device=0 input_bytes=51141118 local_bytes=51141118 remote_gpu_bytes=0 host_bytes=0 disk_bytes=0 batch_count=1
[2026-07-09 04:36:19.059] [info] [gpu_pipeline_task.cpp:188] [locality-audit] prepare_after pipeline_id=10 task_id=24 preferred_device=1 actual_gpu=1 target_tier=GPU target_device=1 input_bytes=239547204 local_bytes=239547204 remote_gpu_bytes=0 host_bytes=0 disk_bytes=0 batch_count=1
[2026-07-09 04:36:19.059] [info] [gpu_pipeline_task.cpp:321] [stage-audit] pipeline_id=10 task_id=24 operator_id=32 operator_name=PARTITION stage_kind=PARTITION operator_type=82 input_type=PIPELINEABLE output_type=PIPELINEABLE actual_gpu=1 pipeline_operator_count=1 input_batches=1 input_rows=4898196 input_columns=4 input_bytes=239547204 output_batches=1 output_rows=4898196 output_columns=4 output_bytes=239547204 byte_ratio=1.000000 row_ratio=1.000000 duration_us=1
[2026-07-09 04:36:19.059] [info] [gpu_pipeline_task.cpp:188] [locality-audit] prepare_after pipeline_id=10 task_id=22 preferred_device=1 actual_gpu=1 target_tier=GPU target_device=1 input_bytes=51037748 local_bytes=51037748 remote_gpu_bytes=0 host_bytes=0 disk_bytes=0 batch_count=1
[2026-07-09 04:36:19.059] [info] [gpu_pipeline_task.cpp:188] [locality-audit] prepare_after pipeline_id=10 task_id=23 preferred_device=0 actual_gpu=0 target_tier=GPU target_device=0 input_bytes=239374226 local_bytes=239374226 remote_gpu_bytes=0 host_bytes=0 disk_bytes=0 batch_count=1
[2026-07-09 04:36:19.059] [info] [gpu_pipeline_task.cpp:321] [stage-audit] pipeline_id=10 task_id=21 operator_id=32 operator_name=PARTITION stage_kind=PARTITION operator_type=82 input_type=PIPELINEABLE output_type=PIPELINEABLE actual_gpu=0 pipeline_operator_count=1 input_batches=1 input_rows=1045702 input_columns=4 input_bytes=51141118 output_batches=1 output_rows=1045702 output_columns=4 output_bytes=51141118 byte_ratio=1.000000 row_ratio=1.000000 duration_us=44
[2026-07-09 04:36:19.059] [info] [gpu_pipeline_task.cpp:321] [stage-audit] pipeline_id=10 task_id=22 operator_id=32 operator_name=PARTITION stage_kind=PARTITION operator_type=82 input_type=PIPELINEABLE output_type=PIPELINEABLE actual_gpu=1 pipeline_operator_count=1 input_batches=1 input_rows=1043736 input_columns=4 input_bytes=51037748 output_batches=1 output_rows=1043736 output_columns=4 output_bytes=51037748 byte_ratio=1.000000 row_ratio=1.000000 duration_us=38
[2026-07-09 04:36:19.059] [info] [gpu_pipeline_task.cpp:321] [stage-audit] pipeline_id=10 task_id=23 operator_id=32 operator_name=PARTITION stage_kind=PARTITION operator_type=82 input_type=PIPELINEABLE output_type=PIPELINEABLE actual_gpu=0 pipeline_operator_count=1 input_batches=1 input_rows=4894646 input_columns=4 input_bytes=239374226 output_batches=1 output_rows=4894646 output_columns=4 output_bytes=239374226 byte_ratio=1.000000 row_ratio=1.000000 duration_us=9
[2026-07-09 04:36:19.059] [info] [task_scheduler.cpp:462] [mgpu-audit] pipeline_task dispatched to GPU 0 task_id=25
[2026-07-09 04:36:19.059] [info] [task_scheduler.cpp:464] [locality-audit] dispatch task_id=25 preferred_device=0 actual_gpu=0
[2026-07-09 04:36:19.059] [info] [task_scheduler.cpp:462] [mgpu-audit] pipeline_task dispatched to GPU 0 task_id=26
[2026-07-09 04:36:19.059] [info] [task_scheduler.cpp:464] [locality-audit] dispatch task_id=26 preferred_device=0 actual_gpu=0
[2026-07-09 04:36:19.059] [info] [gpu_pipeline_task.cpp:188] [locality-audit] prepare_before pipeline_id=11 task_id=25 preferred_device=0 actual_gpu=0 target_tier=GPU target_device=0 input_bytes=341726070 local_bytes=51141118 remote_gpu_bytes=290584952 host_bytes=0 disk_bytes=0 batch_count=3
[2026-07-09 04:36:19.059] [info] [gpu_pipeline_task.cpp:188] [locality-audit] prepare_before pipeline_id=11 task_id=26 preferred_device=0 actual_gpu=0 target_tier=GPU target_device=0 input_bytes=239374226 local_bytes=239374226 remote_gpu_bytes=0 host_bytes=0 disk_bytes=0 batch_count=1
[2026-07-09 04:36:19.059] [info] [gpu_pipeline_task.cpp:188] [locality-audit] prepare_after pipeline_id=11 task_id=26 preferred_device=0 actual_gpu=0 target_tier=GPU target_device=0 input_bytes=239374226 local_bytes=239374226 remote_gpu_bytes=0 host_bytes=0 disk_bytes=0 batch_count=1
[2026-07-09 04:36:19.059] [info] [gpu_pipeline_task.cpp:321] [stage-audit] pipeline_id=11 task_id=26 operator_id=31 operator_name=CONCAT stage_kind=CONCAT operator_type=83 input_type=PARTITIONED output_type=PARTITIONED actual_gpu=0 pipeline_operator_count=1 input_batches=1 input_rows=4894646 input_columns=4 input_bytes=239374226 output_batches=1 output_rows=4894646 output_columns=4 output_bytes=239374226 byte_ratio=1.000000 row_ratio=1.000000 duration_us=4
[2026-07-09 04:36:19.059] [info] [task_scheduler.cpp:462] [mgpu-audit] pipeline_task dispatched to GPU 1 task_id=27
[2026-07-09 04:36:19.059] [info] [task_scheduler.cpp:464] [locality-audit] dispatch task_id=27 preferred_device=1 actual_gpu=1
[2026-07-09 04:36:19.060] [info] [gpu_pipeline_task.cpp:188] [locality-audit] prepare_before pipeline_id=12 task_id=27 preferred_device=1 actual_gpu=1 target_tier=GPU target_device=1 input_bytes=239378122 local_bytes=0 remote_gpu_bytes=239378122 host_bytes=0 disk_bytes=0 batch_count=2
[2026-07-09 04:36:19.073] [info] [gpu_pipeline_task.cpp:188] [locality-audit] prepare_after pipeline_id=12 task_id=27 preferred_device=1 actual_gpu=1 target_tier=GPU target_device=1 input_bytes=239378122 local_bytes=239378122 remote_gpu_bytes=0 host_bytes=0 disk_bytes=0 batch_count=2
[2026-07-09 04:36:19.075] [info] [gpu_pipeline_task.cpp:188] [locality-audit] prepare_after pipeline_id=11 task_id=25 preferred_device=0 actual_gpu=0 target_tier=GPU target_device=0 input_bytes=341726070 local_bytes=341726070 remote_gpu_bytes=0 host_bytes=0 disk_bytes=0 batch_count=3
[2026-07-09 04:36:19.084] [info] [gpu_pipeline_task.cpp:321] [stage-audit] pipeline_id=11 task_id=25 operator_id=31 operator_name=CONCAT stage_kind=CONCAT operator_type=83 input_type=PARTITIONED output_type=PARTITIONED actual_gpu=0 pipeline_operator_count=1 input_batches=3 input_rows=6987634 input_columns=12 input_bytes=341726070 output_batches=1 output_rows=6987634 output_columns=4 output_bytes=339978982 byte_ratio=0.994887 row_ratio=1.000000 duration_us=8472
[2026-07-09 04:36:19.084] [info] [task_scheduler.cpp:462] [mgpu-audit] pipeline_task dispatched to GPU 1 task_id=28
[2026-07-09 04:36:19.084] [info] [task_scheduler.cpp:464] [locality-audit] dispatch task_id=28 preferred_device=1 actual_gpu=1
[2026-07-09 04:36:19.084] [info] [gpu_pipeline_task.cpp:188] [locality-audit] prepare_before pipeline_id=12 task_id=28 preferred_device=1 actual_gpu=1 target_tier=GPU target_device=1 input_bytes=339978982 local_bytes=0 remote_gpu_bytes=339978982 host_bytes=0 disk_bytes=0 batch_count=1
[2026-07-09 04:36:19.092] [info] [gpu_pipeline_task.cpp:321] [stage-audit] pipeline_id=12 task_id=27 operator_id=15 operator_name=HASH_JOIN stage_kind=JOIN operator_type=33 input_type=PARTITIONED output_type=PIPELINEABLE actual_gpu=1 pipeline_operator_count=4 input_batches=2 input_rows=4895125 input_columns=5 input_bytes=239378122 output_batches=1 output_rows=4894646 output_columns=5 output_bytes=244268872 byte_ratio=1.020431 row_ratio=0.999902 duration_us=19114
[2026-07-09 04:36:19.101] [info] [gpu_pipeline_task.cpp:188] [locality-audit] prepare_after pipeline_id=12 task_id=28 preferred_device=1 actual_gpu=1 target_tier=GPU target_device=1 input_bytes=339978982 local_bytes=339978982 remote_gpu_bytes=0 host_bytes=0 disk_bytes=0 batch_count=1
[2026-07-09 04:36:19.108] [info] [gpu_pipeline_task.cpp:321] [stage-audit] pipeline_id=12 task_id=27 operator_id=16 operator_name=FILTER stage_kind=FILTER operator_type=12 input_type=PIPELINEABLE output_type=PIPELINEABLE actual_gpu=1 pipeline_operator_count=4 input_batches=1 input_rows=4894646 input_columns=5 input_bytes=244268872 output_batches=1 output_rows=4892261 output_columns=4 output_bytes=239257764 byte_ratio=0.979485 row_ratio=0.999513 duration_us=16383
[2026-07-09 04:36:19.109] [info] [gpu_pipeline_task.cpp:321] [stage-audit] pipeline_id=12 task_id=28 operator_id=15 operator_name=HASH_JOIN stage_kind=JOIN operator_type=33 input_type=PARTITIONED output_type=PIPELINEABLE actual_gpu=1 pipeline_operator_count=4 input_batches=1 input_rows=6987634 input_columns=4 input_bytes=339978982 output_batches=1 output_rows=6987634 output_columns=5 output_bytes=346966616 byte_ratio=1.020553 row_ratio=1.000000 duration_us=7929
[2026-07-09 04:36:19.109] [info] [gpu_pipeline_task.cpp:321] [stage-audit] pipeline_id=12 task_id=27 operator_id=17 operator_name=PROJECTION stage_kind=PROJECTION operator_type=13 input_type=PIPELINEABLE output_type=PIPELINEABLE actual_gpu=1 pipeline_operator_count=4 input_batches=1 input_rows=4892261 input_columns=4 input_bytes=239257764 output_batches=1 output_rows=4892261 output_columns=4 output_bytes=239257764 byte_ratio=1.000000 row_ratio=1.000000 duration_us=11
[2026-07-09 04:36:19.112] [info] [gpu_pipeline_task.cpp:321] [stage-audit] pipeline_id=12 task_id=28 operator_id=16 operator_name=FILTER stage_kind=FILTER operator_type=12 input_type=PIPELINEABLE output_type=PIPELINEABLE actual_gpu=1 pipeline_operator_count=4 input_batches=1 input_rows=6987634 input_columns=5 input_bytes=346966616 output_batches=1 output_rows=6984367 output_columns=4 output_bytes=339820138 byte_ratio=0.979403 row_ratio=0.999532 duration_us=3626
[2026-07-09 04:36:19.113] [info] [gpu_pipeline_task.cpp:321] [stage-audit] pipeline_id=12 task_id=28 operator_id=17 operator_name=PROJECTION stage_kind=PROJECTION operator_type=13 input_type=PIPELINEABLE output_type=PIPELINEABLE actual_gpu=1 pipeline_operator_count=4 input_batches=1 input_rows=6984367 input_columns=4 input_bytes=339820138 output_batches=1 output_rows=6984367 output_columns=4 output_bytes=339820138 byte_ratio=1.000000 row_ratio=1.000000 duration_us=41
[2026-07-09 04:36:19.301] [info] [gpu_pipeline_task.cpp:321] [stage-audit] pipeline_id=12 task_id=28 operator_id=18 operator_name=HASH_GROUP_BY stage_kind=AGGREGATE operator_type=9 input_type=PIPELINEABLE output_type=PIPELINEABLE actual_gpu=1 pipeline_operator_count=4 input_batches=1 input_rows=6984367 input_columns=4 input_bytes=339820138 output_batches=1 output_rows=27840 output_columns=4 output_bytes=57111636 byte_ratio=0.168064 row_ratio=0.003986 duration_us=187810
[2026-07-09 04:36:19.301] [warning] [gpu_pipeline_task.cpp:81] gpu_pipeline_task: operator 'HASH_GROUP_BY' (id=18) output batch 0 column 3 datatype mismatch: got cudf::list_view, expected int64_t
[2026-07-09 04:36:19.301] [info] [gpu_pipeline_task.cpp:321] [stage-audit] pipeline_id=12 task_id=27 operator_id=18 operator_name=HASH_GROUP_BY stage_kind=AGGREGATE operator_type=9 input_type=PIPELINEABLE output_type=PIPELINEABLE actual_gpu=1 pipeline_operator_count=4 input_batches=1 input_rows=4892261 input_columns=4 input_bytes=239257764 output_batches=1 output_rows=27840 output_columns=4 output_bytes=40384892 byte_ratio=0.168792 row_ratio=0.005691 duration_us=192100
[2026-07-09 04:36:19.301] [warning] [gpu_pipeline_task.cpp:81] gpu_pipeline_task: operator 'HASH_GROUP_BY' (id=18) output batch 0 column 3 datatype mismatch: got cudf::list_view, expected int64_t
[2026-07-09 04:36:19.301] [info] [task_creator.cpp:363] [locality-audit] task_create operator_id=33 input_bytes=57111636 local_bytes=57111636 gpu_source_bytes=57111636 host_source_bytes=0 disk_source_bytes=0 gpu_sources=1 host_sources=0 preferred_device=1
[2026-07-09 04:36:19.301] [info] [task_creator.cpp:363] [locality-audit] task_create operator_id=33 input_bytes=40384892 local_bytes=40384892 gpu_source_bytes=40384892 host_source_bytes=0 disk_source_bytes=0 gpu_sources=1 host_sources=0 preferred_device=1
[2026-07-09 04:36:19.301] [info] [task_scheduler.cpp:462] [mgpu-audit] pipeline_task dispatched to GPU 1 task_id=29
[2026-07-09 04:36:19.301] [info] [task_scheduler.cpp:464] [locality-audit] dispatch task_id=29 preferred_device=1 actual_gpu=1
[2026-07-09 04:36:19.301] [info] [task_scheduler.cpp:462] [mgpu-audit] pipeline_task dispatched to GPU 1 task_id=30
[2026-07-09 04:36:19.301] [info] [task_scheduler.cpp:464] [locality-audit] dispatch task_id=30 preferred_device=1 actual_gpu=1
[2026-07-09 04:36:19.301] [info] [gpu_pipeline_task.cpp:188] [locality-audit] prepare_before pipeline_id=13 task_id=29 preferred_device=1 actual_gpu=1 target_tier=GPU target_device=1 input_bytes=57111636 local_bytes=57111636 remote_gpu_bytes=0 host_bytes=0 disk_bytes=0 batch_count=1
[2026-07-09 04:36:19.301] [info] [gpu_pipeline_task.cpp:188] [locality-audit] prepare_after pipeline_id=13 task_id=29 preferred_device=1 actual_gpu=1 target_tier=GPU target_device=1 input_bytes=57111636 local_bytes=57111636 remote_gpu_bytes=0 host_bytes=0 disk_bytes=0 batch_count=1
[2026-07-09 04:36:19.301] [info] [gpu_pipeline_task.cpp:188] [locality-audit] prepare_before pipeline_id=13 task_id=30 preferred_device=1 actual_gpu=1 target_tier=GPU target_device=1 input_bytes=40384892 local_bytes=40384892 remote_gpu_bytes=0 host_bytes=0 disk_bytes=0 batch_count=1
[2026-07-09 04:36:19.301] [info] [gpu_pipeline_task.cpp:188] [locality-audit] prepare_after pipeline_id=13 task_id=30 preferred_device=1 actual_gpu=1 target_tier=GPU target_device=1 input_bytes=40384892 local_bytes=40384892 remote_gpu_bytes=0 host_bytes=0 disk_bytes=0 batch_count=1
[2026-07-09 04:36:19.308] [info] [gpu_pipeline_task.cpp:321] [stage-audit] pipeline_id=13 task_id=29 operator_id=33 operator_name=PARTITION stage_kind=PARTITION operator_type=82 input_type=PIPELINEABLE output_type=PIPELINEABLE actual_gpu=1 pipeline_operator_count=1 input_batches=1 input_rows=27840 input_columns=4 input_bytes=57111636 output_batches=2 output_rows=27840 output_columns=8 output_bytes=57111648 byte_ratio=1.000000 row_ratio=1.000000 duration_us=6344
[2026-07-09 04:36:19.308] [warning] [gpu_pipeline_task.cpp:81] gpu_pipeline_task: operator 'PARTITION' (id=33) output batch 0 column 3 datatype mismatch: got cudf::list_view, expected int64_t
[2026-07-09 04:36:19.308] [info] [gpu_pipeline_task.cpp:321] [stage-audit] pipeline_id=13 task_id=30 operator_id=33 operator_name=PARTITION stage_kind=PARTITION operator_type=82 input_type=PIPELINEABLE output_type=PIPELINEABLE actual_gpu=1 pipeline_operator_count=1 input_batches=1 input_rows=27840 input_columns=4 input_bytes=40384892 output_batches=2 output_rows=27840 output_columns=8 output_bytes=40385032 byte_ratio=1.000003 row_ratio=1.000000 duration_us=6423
[2026-07-09 04:36:19.308] [warning] [gpu_pipeline_task.cpp:81] gpu_pipeline_task: operator 'PARTITION' (id=33) output batch 0 column 3 datatype mismatch: got cudf::list_view, expected int64_t
[2026-07-09 04:36:19.308] [info] [task_scheduler.cpp:462] [mgpu-audit] pipeline_task dispatched to GPU 0 task_id=31
[2026-07-09 04:36:19.308] [info] [task_scheduler.cpp:464] [locality-audit] dispatch task_id=31 preferred_device=0 actual_gpu=0
[2026-07-09 04:36:19.308] [info] [task_scheduler.cpp:462] [mgpu-audit] pipeline_task dispatched to GPU 1 task_id=32
[2026-07-09 04:36:19.308] [info] [task_scheduler.cpp:464] [locality-audit] dispatch task_id=32 preferred_device=1 actual_gpu=1
[2026-07-09 04:36:19.308] [info] [gpu_pipeline_task.cpp:188] [locality-audit] prepare_before pipeline_id=14 task_id=31 preferred_device=0 actual_gpu=0 target_tier=GPU target_device=0 input_bytes=48717032 local_bytes=0 remote_gpu_bytes=48717032 host_bytes=0 disk_bytes=0 batch_count=2
[2026-07-09 04:36:19.308] [info] [gpu_pipeline_task.cpp:188] [locality-audit] prepare_before pipeline_id=14 task_id=32 preferred_device=1 actual_gpu=1 target_tier=GPU target_device=1 input_bytes=48779648 local_bytes=48779648 remote_gpu_bytes=0 host_bytes=0 disk_bytes=0 batch_count=2
[2026-07-09 04:36:19.308] [info] [gpu_pipeline_task.cpp:188] [locality-audit] prepare_after pipeline_id=14 task_id=32 preferred_device=1 actual_gpu=1 target_tier=GPU target_device=1 input_bytes=48779648 local_bytes=48779648 remote_gpu_bytes=0 host_bytes=0 disk_bytes=0 batch_count=2
[2026-07-09 04:36:19.312] [info] [gpu_pipeline_task.cpp:188] [locality-audit] prepare_after pipeline_id=14 task_id=31 preferred_device=0 actual_gpu=0 target_tier=GPU target_device=0 input_bytes=48717032 local_bytes=48717032 remote_gpu_bytes=0 host_bytes=0 disk_bytes=0 batch_count=2
[2026-07-09 04:36:19.328] [info] [gpu_pipeline_task.cpp:321] [stage-audit] pipeline_id=14 task_id=32 operator_id=34 operator_name=MERGE_GROUP_BY stage_kind=AGGREGATE operator_type=85 input_type=PARTITIONED output_type=PIPELINEABLE actual_gpu=1 pipeline_operator_count=1 input_batches=2 input_rows=27832 input_columns=8 input_bytes=48779648 output_batches=1 output_rows=13916 output_columns=4 output_bytes=677016 byte_ratio=0.013879 row_ratio=0.500000 duration_us=19630
[2026-07-09 04:36:19.333] [info] [gpu_pipeline_task.cpp:321] [stage-audit] pipeline_id=14 task_id=31 operator_id=34 operator_name=MERGE_GROUP_BY stage_kind=AGGREGATE operator_type=85 input_type=PARTITIONED output_type=PIPELINEABLE actual_gpu=0 pipeline_operator_count=1 input_batches=2 input_rows=27848 input_columns=8 input_bytes=48717032 output_batches=1 output_rows=13924 output_columns=4 output_bytes=677560 byte_ratio=0.013908 row_ratio=0.500000 duration_us=21180
[2026-07-09 04:36:19.334] [info] [task_creator.cpp:363] [locality-audit] task_create operator_id=19 input_bytes=677016 local_bytes=677016 gpu_source_bytes=677016 host_source_bytes=0 disk_source_bytes=0 gpu_sources=1 host_sources=0 preferred_device=1
[2026-07-09 04:36:19.334] [info] [task_creator.cpp:363] [locality-audit] task_create operator_id=19 input_bytes=677560 local_bytes=677560 gpu_source_bytes=677560 host_source_bytes=0 disk_source_bytes=0 gpu_sources=1 host_sources=0 preferred_device=0
[2026-07-09 04:36:19.334] [info] [task_scheduler.cpp:462] [mgpu-audit] pipeline_task dispatched to GPU 0 task_id=34
[2026-07-09 04:36:19.334] [info] [task_scheduler.cpp:464] [locality-audit] dispatch task_id=34 preferred_device=0 actual_gpu=0
[2026-07-09 04:36:19.334] [info] [task_scheduler.cpp:462] [mgpu-audit] pipeline_task dispatched to GPU 1 task_id=33
[2026-07-09 04:36:19.334] [info] [task_scheduler.cpp:464] [locality-audit] dispatch task_id=33 preferred_device=1 actual_gpu=1
[2026-07-09 04:36:19.334] [info] [gpu_pipeline_task.cpp:188] [locality-audit] prepare_before pipeline_id=15 task_id=33 preferred_device=1 actual_gpu=1 target_tier=GPU target_device=1 input_bytes=677016 local_bytes=677016 remote_gpu_bytes=0 host_bytes=0 disk_bytes=0 batch_count=1
[2026-07-09 04:36:19.334] [info] [gpu_pipeline_task.cpp:188] [locality-audit] prepare_after pipeline_id=15 task_id=33 preferred_device=1 actual_gpu=1 target_tier=GPU target_device=1 input_bytes=677016 local_bytes=677016 remote_gpu_bytes=0 host_bytes=0 disk_bytes=0 batch_count=1
[2026-07-09 04:36:19.334] [info] [gpu_pipeline_task.cpp:188] [locality-audit] prepare_before pipeline_id=15 task_id=34 preferred_device=0 actual_gpu=0 target_tier=GPU target_device=0 input_bytes=677560 local_bytes=677560 remote_gpu_bytes=0 host_bytes=0 disk_bytes=0 batch_count=1
[2026-07-09 04:36:19.334] [info] [gpu_pipeline_task.cpp:188] [locality-audit] prepare_after pipeline_id=15 task_id=34 preferred_device=0 actual_gpu=0 target_tier=GPU target_device=0 input_bytes=677560 local_bytes=677560 remote_gpu_bytes=0 host_bytes=0 disk_bytes=0 batch_count=1
[2026-07-09 04:36:19.336] [info] [gpu_pipeline_task.cpp:321] [stage-audit] pipeline_id=15 task_id=33 operator_id=19 operator_name=ORDER_BY stage_kind=SORT operator_type=1 input_type=PIPELINEABLE output_type=PIPELINEABLE actual_gpu=1 pipeline_operator_count=1 input_batches=1 input_rows=13916 input_columns=4 input_bytes=677016 output_batches=1 output_rows=13916 output_columns=4 output_bytes=677016 byte_ratio=1.000000 row_ratio=1.000000 duration_us=1882
[2026-07-09 04:36:19.337] [info] [gpu_pipeline_task.cpp:321] [stage-audit] pipeline_id=15 task_id=34 operator_id=19 operator_name=ORDER_BY stage_kind=SORT operator_type=1 input_type=PIPELINEABLE output_type=PIPELINEABLE actual_gpu=0 pipeline_operator_count=1 input_batches=1 input_rows=13924 input_columns=4 input_bytes=677560 output_batches=1 output_rows=13924 output_columns=4 output_bytes=677560 byte_ratio=1.000000 row_ratio=1.000000 duration_us=2712
[2026-07-09 04:36:19.337] [info] [task_creator.cpp:363] [locality-audit] task_create operator_id=35 input_bytes=1354576 local_bytes=677560 gpu_source_bytes=1354576 host_source_bytes=0 disk_source_bytes=0 gpu_sources=2 host_sources=0 preferred_device=0
[2026-07-09 04:36:19.337] [info] [task_scheduler.cpp:462] [mgpu-audit] pipeline_task dispatched to GPU 0 task_id=35
[2026-07-09 04:36:19.337] [info] [task_scheduler.cpp:464] [locality-audit] dispatch task_id=35 preferred_device=0 actual_gpu=0
[2026-07-09 04:36:19.337] [info] [gpu_pipeline_task.cpp:188] [locality-audit] prepare_before pipeline_id=16 task_id=35 preferred_device=0 actual_gpu=0 target_tier=GPU target_device=0 input_bytes=1354576 local_bytes=677560 remote_gpu_bytes=677016 host_bytes=0 disk_bytes=0 batch_count=2
[2026-07-09 04:36:19.338] [info] [gpu_pipeline_task.cpp:188] [locality-audit] prepare_after pipeline_id=16 task_id=35 preferred_device=0 actual_gpu=0 target_tier=GPU target_device=0 input_bytes=1354576 local_bytes=1354576 remote_gpu_bytes=0 host_bytes=0 disk_bytes=0 batch_count=2
[2026-07-09 04:36:19.351] [info] [gpu_pipeline_task.cpp:321] [stage-audit] pipeline_id=16 task_id=35 operator_id=35 operator_name=SORT_SAMPLE stage_kind=SORT operator_type=89 input_type=PIPELINEABLE output_type=PIPELINEABLE actual_gpu=0 pipeline_operator_count=2 input_batches=2 input_rows=27840 input_columns=8 input_bytes=1354576 output_batches=2 output_rows=27840 output_columns=8 output_bytes=1354576 byte_ratio=1.000000 row_ratio=1.000000 duration_us=13093
[2026-07-09 04:36:19.354] [info] [gpu_pipeline_task.cpp:321] [stage-audit] pipeline_id=16 task_id=35 operator_id=36 operator_name=SORT_PARTITION stage_kind=SORT operator_type=88 input_type=PIPELINEABLE output_type=PIPELINEABLE actual_gpu=0 pipeline_operator_count=2 input_batches=2 input_rows=27840 input_columns=8 input_bytes=1354576 output_batches=4 output_rows=27840 output_columns=16 output_bytes=1354592 byte_ratio=1.000012 row_ratio=1.000000 duration_us=2815
[2026-07-09 04:36:19.354] [info] [task_creator.cpp:363] [locality-audit] task_create operator_id=37 input_bytes=1354592 local_bytes=1354592 gpu_source_bytes=1354592 host_source_bytes=0 disk_source_bytes=0 gpu_sources=1 host_sources=0 preferred_device=0
[2026-07-09 04:36:19.354] [info] [task_scheduler.cpp:462] [mgpu-audit] pipeline_task dispatched to GPU 0 task_id=36
[2026-07-09 04:36:19.354] [info] [task_scheduler.cpp:464] [locality-audit] dispatch task_id=36 preferred_device=0 actual_gpu=0
[2026-07-09 04:36:19.354] [info] [gpu_pipeline_task.cpp:188] [locality-audit] prepare_before pipeline_id=17 task_id=36 preferred_device=0 actual_gpu=0 target_tier=GPU target_device=0 input_bytes=1354592 local_bytes=1354592 remote_gpu_bytes=0 host_bytes=0 disk_bytes=0 batch_count=4
[2026-07-09 04:36:19.354] [info] [gpu_pipeline_task.cpp:188] [locality-audit] prepare_after pipeline_id=17 task_id=36 preferred_device=0 actual_gpu=0 target_tier=GPU target_device=0 input_bytes=1354592 local_bytes=1354592 remote_gpu_bytes=0 host_bytes=0 disk_bytes=0 batch_count=4
[2026-07-09 04:36:19.356] [info] [gpu_pipeline_task.cpp:321] [stage-audit] pipeline_id=17 task_id=36 operator_id=37 operator_name=MERGE_SORT stage_kind=SORT operator_type=84 input_type=PIPELINEABLE output_type=PIPELINEABLE actual_gpu=0 pipeline_operator_count=1 input_batches=4 input_rows=27840 input_columns=16 input_bytes=1354592 output_batches=1 output_rows=27840 output_columns=4 output_bytes=1354568 byte_ratio=0.999982 row_ratio=1.000000 duration_us=1455
[2026-07-09 04:36:19.356] [info] [task_creator.cpp:363] [locality-audit] task_create operator_id=20 input_bytes=1354568 local_bytes=1354568 gpu_source_bytes=1354568 host_source_bytes=0 disk_source_bytes=0 gpu_sources=1 host_sources=0 preferred_device=0
[2026-07-09 04:36:19.356] [info] [task_scheduler.cpp:462] [mgpu-audit] pipeline_task dispatched to GPU 0 task_id=37
[2026-07-09 04:36:19.356] [info] [task_scheduler.cpp:464] [locality-audit] dispatch task_id=37 preferred_device=0 actual_gpu=0
[2026-07-09 04:36:19.356] [info] [gpu_pipeline_task.cpp:188] [locality-audit] prepare_before pipeline_id=18 task_id=37 preferred_device=0 actual_gpu=0 target_tier=GPU target_device=0 input_bytes=1354568 local_bytes=1354568 remote_gpu_bytes=0 host_bytes=0 disk_bytes=0 batch_count=1
[2026-07-09 04:36:19.356] [info] [gpu_pipeline_task.cpp:188] [locality-audit] prepare_after pipeline_id=18 task_id=37 preferred_device=0 actual_gpu=0 target_tier=GPU target_device=0 input_bytes=1354568 local_bytes=1354568 remote_gpu_bytes=0 host_bytes=0 disk_bytes=0 batch_count=1
[2026-07-09 04:36:19.356] [info] [gpu_pipeline_task.cpp:321] [stage-audit] pipeline_id=18 task_id=37 operator_id=20 operator_name=RESULT_COLLECTOR stage_kind=RESULT operator_type=76 input_type=PIPELINEABLE output_type=PIPELINEABLE actual_gpu=0 pipeline_operator_count=1 input_batches=1 input_rows=27840 input_columns=4 input_bytes=1354568 output_batches=1 output_rows=27840 output_columns=4 output_bytes=1354568 byte_ratio=1.000000 row_ratio=1.000000 duration_us=2
[2026-07-09 04:36:19.376] [info] [gpu_pipeline_executor.cpp:118] GPU Pipeline Executor: task queue interrupted, stopping manager loop
[2026-07-09 04:36:19.376] [info] [gpu_pipeline_executor.cpp:118] GPU Pipeline Executor: task queue interrupted, stopping manager loop
[2026-07-09 04:36:19.378] [info] [physical_sirius_execution.cpp:165] Transparent GPU execution: query completed
[2026-07-09 04:36:19.393] [info] [sirius_context.cpp:217] QueryEnd
[2026-07-09 04:36:19.400] [info] [:] [host_pool] HOST:0 QueryEnd allocated=72351744 bytes peak=74448896 bytes free_blocks=443
[2026-07-09 04:36:19.400] [info] [:] [gpu_pool] GPU:0 QueryEnd allocated=0 bytes peak=4353101568 bytes reserved=0 bytes
[2026-07-09 04:36:19.400] [info] [:] [gpu_pool] GPU:1 QueryEnd allocated=0 bytes peak=4366993120 bytes reserved=0 bytes
[2026-07-09 04:36:19.413] [info] [:] [host_pool] HOST:0 QueryBegin allocated=72351744 bytes peak=74448896 bytes free_blocks=443
[2026-07-09 04:36:19.413] [info] [:] [gpu_pool] GPU:0 QueryBegin allocated=0 bytes peak=4353101568 bytes reserved=0 bytes
[2026-07-09 04:36:19.413] [info] [:] [gpu_pool] GPU:1 QueryBegin allocated=0 bytes peak=4366993120 bytes reserved=0 bytes
[2026-07-09 04:36:19.413] [info] [sirius_context.cpp:201] QueryBegin: SQL: SET gpu_execution = true;
[2026-07-09 04:36:19.413] [info] [sirius_context.cpp:217] QueryEnd
[2026-07-09 04:36:19.431] [info] [:] [host_pool] HOST:0 QueryEnd allocated=72351744 bytes peak=74448896 bytes free_blocks=443
[2026-07-09 04:36:19.431] [info] [:] [gpu_pool] GPU:0 QueryEnd allocated=0 bytes peak=4353101568 bytes reserved=0 bytes
[2026-07-09 04:36:19.431] [info] [:] [gpu_pool] GPU:1 QueryEnd allocated=0 bytes peak=4366993120 bytes reserved=0 bytes
[2026-07-09 04:36:19.431] [info] [:] [host_pool] HOST:0 QueryBegin allocated=72351744 bytes peak=74448896 bytes free_blocks=443
[2026-07-09 04:36:19.431] [info] [:] [gpu_pool] GPU:0 QueryBegin allocated=0 bytes peak=4353101568 bytes reserved=0 bytes
[2026-07-09 04:36:19.431] [info] [:] [gpu_pool] GPU:1 QueryBegin allocated=0 bytes peak=4366993120 bytes reserved=0 bytes
[2026-07-09 04:36:19.431] [info] [sirius_context.cpp:201] QueryBegin: SQL: select p.p_brand, p.p_type, p.p_size, count(distinct ps.ps_suppkey) as supplier_cnt from partsupp ps, part p where p.p_partkey = ps.ps_partkey and p.p_brand <> 'Brand#21' and p.p_type not like 'MEDIUM PLATED%' and p.p_size in (38, 2, 8, 31, 44, 5, 14, 24) and ps.ps_suppkey not in ( select s.s_suppkey from supplier s where s.s_comment like '%Customer%Complaints%' ) group by p.p_brand, p.p_type, p.p_size order by supplier_cnt desc, p.p_brand, p.p_type, p.p_size
[2026-07-09 04:36:19.446] [info] [sirius_plan_get.cpp:267] [sirius_plan_get] LogicalGet has dynamic_filters attached (channel key=0x556f74264910).
[2026-07-09 04:36:19.446] [info] [sirius_plan_comparison_join.cpp:601] [sirius_plan_comparison_join] Wired hash join with 1 dynamic-filter probe target(s) (build est 20000000 rows).
[2026-07-09 04:36:19.447] [info] [sirius_context.cpp:865] Transparent execution: Sirius physical plan generated successfully
[2026-07-09 04:36:19.447] [info] [sirius_context.cpp:877] Transparent execution: physical plan replaced with GPU operator
[2026-07-09 04:36:19.447] [info] [physical_sirius_execution.cpp:97] Transparent GPU execution: executing query
[2026-07-09 04:36:19.450] [info] [sirius_plan_get.cpp:267] [sirius_plan_get] LogicalGet has dynamic_filters attached (channel key=0x556f74264910).
[2026-07-09 04:36:19.450] [info] [sirius_plan_comparison_join.cpp:601] [sirius_plan_comparison_join] Wired hash join with 1 dynamic-filter probe target(s) (build est 20000000 rows).
[2026-07-09 04:36:19.451] [info] [sirius_engine.cpp:375] Query Plan:
=== Pipeline Overview ===
Pipeline #0: GPU_SCAN (id=21) -> FILTER (id=12)
  Output: -> PARTITION [port: default, barrier: FULL]
Pipeline #1: PARTITION (id=23)
  Input: <- Pipeline #0 [on: PARTITION (id=23), port: default, barrier: FULL]
  Dependencies: Pipeline #0
  Output: -> CONCAT [port: default, barrier: PARTIAL]
Pipeline #2: CONCAT (id=22)
  Input: <- Pipeline #1 [on: CONCAT (id=22), port: default, barrier: PARTIAL]
  Dependencies: Pipeline #1
  Output: -> HASH_JOIN [port: build, barrier: FULL]
Pipeline #3: GPU_SCAN (id=24)
  Output: -> PARTITION [port: default, barrier: FULL]
Pipeline #4: PARTITION (id=26)
  Input: <- Pipeline #3 [on: PARTITION (id=26), port: default, barrier: FULL]
  Dependencies: Pipeline #3
  Output: -> CONCAT [port: default, barrier: PARTIAL]
Pipeline #5: CONCAT (id=25)
  Input: <- Pipeline #4 [on: CONCAT (id=25), port: default, barrier: PARTIAL]
  Dependencies: Pipeline #4
  Output: -> HASH_JOIN [port: build, barrier: FULL]
Pipeline #6: GPU_SCAN (id=27) -> DYNAMIC_FILTER (id=28)
  Output: -> PARTITION [port: default, barrier: PARTIAL]
Pipeline #7: PARTITION (id=30)
  Input: <- Pipeline #6 [on: PARTITION (id=30), port: default, barrier: PARTIAL]
  Dependencies: Pipeline #6
  Output: -> CONCAT [port: default, barrier: PARTIAL]
Pipeline #8: CONCAT (id=29)
  Input: <- Pipeline #7 [on: CONCAT (id=29), port: default, barrier: PARTIAL]
  Dependencies: Pipeline #7
  Output: -> HASH_JOIN [port: default, barrier: FULL]
Pipeline #9: HASH_JOIN (id=13)
  Input: <- Pipeline #8 [on: HASH_JOIN (id=13), port: default, barrier: FULL]
  Input: <- Pipeline #2 [on: HASH_JOIN (id=13), port: build, barrier: FULL]
  Dependencies: Pipeline #2, Pipeline #8
  Output: -> PARTITION [port: default, barrier: PARTIAL]
Pipeline #10: PARTITION (id=32)
  Input: <- Pipeline #9 [on: PARTITION (id=32), port: default, barrier: PARTIAL]
  Dependencies: Pipeline #9
  Output: -> CONCAT [port: default, barrier: PARTIAL]
Pipeline #11: CONCAT (id=31)
  Input: <- Pipeline #10 [on: CONCAT (id=31), port: default, barrier: PARTIAL]
  Dependencies: Pipeline #10
  Output: -> HASH_JOIN [port: default, barrier: FULL]
Pipeline #12: HASH_JOIN (id=15) -> FILTER (id=16) -> PROJECTION (id=17) -> HASH_GROUP_BY (id=18)
  Input: <- Pipeline #11 [on: HASH_JOIN (id=15), port: default, barrier: FULL]
  Input: <- Pipeline #5 [on: HASH_JOIN (id=15), port: build, barrier: FULL]
  Dependencies: Pipeline #5, Pipeline #11
  Output: -> PARTITION [port: default, barrier: FULL]
Pipeline #13: PARTITION (id=33)
  Input: <- Pipeline #12 [on: PARTITION (id=33), port: default, barrier: FULL]
  Dependencies: Pipeline #12
  Output: -> MERGE_GROUP_BY [port: default, barrier: FULL]
Pipeline #14: MERGE_GROUP_BY (id=34)
  Input: <- Pipeline #13 [on: MERGE_GROUP_BY (id=34), port: default, barrier: FULL]
  Dependencies: Pipeline #13
  Output: -> ORDER_BY [port: default, barrier: FULL]
Pipeline #15: ORDER_BY (id=19)
  Input: <- Pipeline #14 [on: ORDER_BY (id=19), port: default, barrier: FULL]
  Dependencies: Pipeline #14
  Output: -> SORT_SAMPLE [port: default, barrier: PIPELINE]
Pipeline #16: SORT_SAMPLE (id=35) -> SORT_PARTITION (id=36)
  Input: <- Pipeline #15 [on: SORT_SAMPLE (id=35), port: default, barrier: PIPELINE]
  Dependencies: Pipeline #15
  Output: -> MERGE_SORT [port: default, barrier: FULL]
Pipeline #17: MERGE_SORT (id=37)
  Input: <- Pipeline #16 [on: MERGE_SORT (id=37), port: default, barrier: FULL]
  Dependencies: Pipeline #16
  Output: -> RESULT_COLLECTOR [port: default, barrier: FULL]
Pipeline #18: RESULT_COLLECTOR (id=20)
  Input: <- Pipeline #17 [on: RESULT_COLLECTOR (id=20), port: default, barrier: FULL]
  Dependencies: Pipeline #17

=== Query Plan DAG ===
┌──────────────────────────┐                                                        
│ Pipeline #18             │                                                        
│ RESULT_COLLECTOR (id=20) │                                                        
│ Input(#17): FULL         │                                                        
└────────────┬─────────────┘                                                        
             │                                                                      
┌──────────────────────────┐                                                        
│ Pipeline #17             │                                                        
│ MERGE_SORT (id=37)       │                                                        
│ Input(#16): FULL         │                                                        
└────────────┬─────────────┘                                                        
             │                                                                      
┌──────────────────────────┐                                                        
│ Pipeline #16             │                                                        
│ SORT_PARTITION (id=36)   │                                                        
│ SORT_SAMPLE (id=35)      │                                                        
│ Input(#15): PIPELINE     │                                                        
└────────────┬─────────────┘                                                        
             │                                                                      
┌──────────────────────────┐                                                        
│ Pipeline #15             │                                                        
│ ORDER_BY (id=19)         │                                                        
│ Input(#14): FULL         │                                                        
└────────────┬─────────────┘                                                        
             │                                                                      
┌──────────────────────────┐                                                        
│ Pipeline #14             │                                                        
│ MERGE_GROUP_BY (id=34)   │                                                        
│ Input(#13): FULL         │                                                        
└────────────┬─────────────┘                                                        
             │                                                                      
┌──────────────────────────┐                                                        
│ Pipeline #13             │                                                        
│ PARTITION (id=33)        │                                                        
│ Input(#12): FULL         │                                                        
└────────────┬─────────────┘                                                        
             │                                                                      
┌──────────────────────────┐                                                        
│ Pipeline #12             │                                                        
│ HASH_GROUP_BY (id=18)    │                                                        
│ PROJECTION (id=17)       │                                                        
│ FILTER (id=16)           │                                                        
│ HASH_JOIN (id=15)        │                                                        
│   type: MARK             │                                                        
│ Input(#11): FULL         │                                                        
│ Input(#5): FULL          │                                                        
└────────────┬─────────────┘                                                        
             ┌───────────────────────────┐                                          
             │                           │                                          
┌──────────────────────────┐┌──────────────────────────┐                            
│ Pipeline #5              ││ Pipeline #11             │                            
│ CONCAT (id=25)           ││ CONCAT (id=31)           │                            
│ Input(#4): PARTIAL       ││ Input(#10): PARTIAL      │                            
└────────────┬─────────────┘└────────────┬─────────────┘                            
             │                           │                                          
┌──────────────────────────┐┌──────────────────────────┐                            
│ Pipeline #4              ││ Pipeline #10             │                            
│ PARTITION (id=26)        ││ PARTITION (id=32)        │                            
│ Input(#3): FULL          ││ Input(#9): PARTIAL       │                            
└────────────┬─────────────┘└────────────┬─────────────┘                            
             │                           │                                          
┌──────────────────────────┐┌──────────────────────────┐                            
│ Pipeline #3              ││ Pipeline #9              │                            
│ GPU_SCAN (id=24)         ││ HASH_JOIN (id=13)        │                            
│                          ││   type: INNER            │                            
│                          ││ Input(#8): FULL          │                            
│                          ││ Input(#2): FULL          │                            
└──────────────────────────┘└────────────┬─────────────┘                            
                                         ┌───────────────────────────┐              
                                         │                           │              
                            ┌──────────────────────────┐┌──────────────────────────┐
                            │ Pipeline #2              ││ Pipeline #8              │
                            │ CONCAT (id=22)           ││ CONCAT (id=29)           │
                            │ Input(#1): PARTIAL       ││ Input(#7): PARTIAL       │
                            └────────────┬─────────────┘└────────────┬─────────────┘
                                         │                           │              
                            ┌──────────────────────────┐┌──────────────────────────┐
                            │ Pipeline #1              ││ Pipeline #7              │
                            │ PARTITION (id=23)        ││ PARTITION (id=30)        │
                            │ Input(#0): FULL          ││ Input(#6): PARTIAL       │
                            └────────────┬─────────────┘└────────────┬─────────────┘
                                         │                           │              
                            ┌──────────────────────────┐┌──────────────────────────┐
                            │ Pipeline #0              ││ Pipeline #6              │
                            │ FILTER (id=12)           ││ DYNAMIC_FILTER (id=28)   │
                            │ GPU_SCAN (id=21)         ││ GPU_SCAN (id=27)         │
                            └──────────────────────────┘└──────────────────────────┘

[2026-07-09 04:36:19.454] [info] [parquet_gpu_ingestible.cpp:250] [coalesce-debug] parquet_batch_coalescer emit #1: 1 slice(s), acc_bytes=443331651, cap=536870912
[2026-07-09 04:36:19.454] [info] [load_balancing_scan_batch_coalescer.cpp:96] [coalesce-debug] load_balancer emit pipeline=0 -> preferred GPU 0
[2026-07-09 04:36:19.458] [info] [parquet_gpu_ingestible.cpp:250] [coalesce-debug] parquet_batch_coalescer emit #1: 1 slice(s), acc_bytes=8124997, cap=536870912
[2026-07-09 04:36:19.458] [info] [load_balancing_scan_batch_coalescer.cpp:96] [coalesce-debug] load_balancer emit pipeline=3 -> preferred GPU 1
[2026-07-09 04:36:19.459] [info] [parquet_gpu_ingestible.cpp:250] [coalesce-debug] parquet_batch_coalescer emit #1: 1 slice(s), acc_bytes=535058976, cap=536870912
[2026-07-09 04:36:19.459] [info] [parquet_gpu_ingestible.cpp:250] [coalesce-debug] parquet_batch_coalescer emit #2: 1 slice(s), acc_bytes=536793244, cap=536870912
[2026-07-09 04:36:19.459] [info] [load_balancing_scan_batch_coalescer.cpp:96] [coalesce-debug] load_balancer emit pipeline=6 -> preferred GPU 0
[2026-07-09 04:36:19.462] [info] [task_scheduler.cpp:462] [mgpu-audit] pipeline_task dispatched to GPU 0 task_id=38
[2026-07-09 04:36:19.462] [info] [task_scheduler.cpp:464] [locality-audit] dispatch task_id=38 preferred_device=0 actual_gpu=0
[2026-07-09 04:36:19.466] [info] [load_balancing_scan_batch_coalescer.cpp:96] [coalesce-debug] load_balancer emit pipeline=6 -> preferred GPU 1
[2026-07-09 04:36:19.477] [info] [parquet_gpu_ingestible.cpp:250] [coalesce-debug] parquet_batch_coalescer emit #3: 1 slice(s), acc_bytes=228147610, cap=536870912
[2026-07-09 04:36:19.477] [info] [load_balancing_scan_batch_coalescer.cpp:96] [coalesce-debug] load_balancer emit pipeline=6 -> preferred GPU 0
[2026-07-09 04:36:19.553] [info] [gpu_pipeline_task.cpp:321] [stage-audit] pipeline_id=0 task_id=38 operator_id=21 operator_name=GPU_SCAN stage_kind=SCAN operator_type=94 input_type=GPU_SCAN output_type=PIPELINEABLE actual_gpu=0 pipeline_operator_count=2 input_batches=0 input_rows=0 input_columns=0 input_bytes=0 output_batches=1 output_rows=18560830 output_columns=4 output_bytes=912359912 byte_ratio=0.000000 row_ratio=0.000000 duration_us=89275
[2026-07-09 04:36:19.560] [info] [gpu_pipeline_task.cpp:321] [stage-audit] pipeline_id=0 task_id=38 operator_id=12 operator_name=FILTER stage_kind=FILTER operator_type=12 input_type=PIPELINEABLE output_type=PIPELINEABLE actual_gpu=0 pipeline_operator_count=2 input_batches=1 input_rows=18560830 input_columns=4 input_bytes=912359912 output_batches=1 output_rows=2970570 output_columns=4 output_bytes=146017698 byte_ratio=0.160044 row_ratio=0.160045 duration_us=6514
[2026-07-09 04:36:19.560] [info] [task_creator.cpp:363] [locality-audit] task_create operator_id=23 input_bytes=146017698 local_bytes=146017698 gpu_source_bytes=146017698 host_source_bytes=0 disk_source_bytes=0 gpu_sources=1 host_sources=0 preferred_device=0
[2026-07-09 04:36:19.560] [info] [task_scheduler.cpp:462] [mgpu-audit] pipeline_task dispatched to GPU 0 task_id=39
[2026-07-09 04:36:19.560] [info] [task_scheduler.cpp:464] [locality-audit] dispatch task_id=39 preferred_device=0 actual_gpu=0
[2026-07-09 04:36:19.561] [info] [gpu_pipeline_task.cpp:188] [locality-audit] prepare_before pipeline_id=1 task_id=39 preferred_device=0 actual_gpu=0 target_tier=GPU target_device=0 input_bytes=146017698 local_bytes=146017698 remote_gpu_bytes=0 host_bytes=0 disk_bytes=0 batch_count=1
[2026-07-09 04:36:19.561] [info] [gpu_pipeline_task.cpp:188] [locality-audit] prepare_after pipeline_id=1 task_id=39 preferred_device=0 actual_gpu=0 target_tier=GPU target_device=0 input_bytes=146017698 local_bytes=146017698 remote_gpu_bytes=0 host_bytes=0 disk_bytes=0 batch_count=1
[2026-07-09 04:36:19.564] [info] [gpu_pipeline_task.cpp:321] [stage-audit] pipeline_id=1 task_id=39 operator_id=23 operator_name=PARTITION stage_kind=PARTITION operator_type=82 input_type=PIPELINEABLE output_type=PIPELINEABLE actual_gpu=0 pipeline_operator_count=1 input_batches=1 input_rows=2970570 input_columns=4 input_bytes=146017698 output_batches=2 output_rows=2970570 output_columns=8 output_bytes=145275178 byte_ratio=0.994915 row_ratio=1.000000 duration_us=3178
[2026-07-09 04:36:19.564] [info] [task_scheduler.cpp:462] [mgpu-audit] pipeline_task dispatched to GPU 0 task_id=40
[2026-07-09 04:36:19.564] [info] [task_scheduler.cpp:464] [locality-audit] dispatch task_id=40 preferred_device=0 actual_gpu=0
[2026-07-09 04:36:19.564] [info] [task_scheduler.cpp:462] [mgpu-audit] pipeline_task dispatched to GPU 1 task_id=41
[2026-07-09 04:36:19.564] [info] [task_scheduler.cpp:464] [locality-audit] dispatch task_id=41 preferred_device=1 actual_gpu=1
[2026-07-09 04:36:19.564] [info] [gpu_pipeline_task.cpp:188] [locality-audit] prepare_before pipeline_id=2 task_id=40 preferred_device=0 actual_gpu=0 target_tier=GPU target_device=0 input_bytes=72628872 local_bytes=72628872 remote_gpu_bytes=0 host_bytes=0 disk_bytes=0 batch_count=1
[2026-07-09 04:36:19.564] [info] [gpu_pipeline_task.cpp:188] [locality-audit] prepare_after pipeline_id=2 task_id=40 preferred_device=0 actual_gpu=0 target_tier=GPU target_device=0 input_bytes=72628872 local_bytes=72628872 remote_gpu_bytes=0 host_bytes=0 disk_bytes=0 batch_count=1
[2026-07-09 04:36:19.564] [info] [gpu_pipeline_task.cpp:321] [stage-audit] pipeline_id=2 task_id=40 operator_id=22 operator_name=CONCAT stage_kind=CONCAT operator_type=83 input_type=PARTITIONED output_type=PARTITIONED actual_gpu=0 pipeline_operator_count=1 input_batches=1 input_rows=1485087 input_columns=4 input_bytes=72628872 output_batches=1 output_rows=1485087 output_columns=4 output_bytes=72628872 byte_ratio=1.000000 row_ratio=1.000000 duration_us=1
[2026-07-09 04:36:19.564] [info] [gpu_pipeline_task.cpp:188] [locality-audit] prepare_before pipeline_id=2 task_id=41 preferred_device=1 actual_gpu=1 target_tier=GPU target_device=1 input_bytes=72646306 local_bytes=0 remote_gpu_bytes=72646306 host_bytes=0 disk_bytes=0 batch_count=1
[2026-07-09 04:36:19.568] [info] [gpu_pipeline_task.cpp:188] [locality-audit] prepare_after pipeline_id=2 task_id=41 preferred_device=1 actual_gpu=1 target_tier=GPU target_device=1 input_bytes=72646306 local_bytes=72646306 remote_gpu_bytes=0 host_bytes=0 disk_bytes=0 batch_count=1
[2026-07-09 04:36:19.568] [info] [gpu_pipeline_task.cpp:321] [stage-audit] pipeline_id=2 task_id=41 operator_id=22 operator_name=CONCAT stage_kind=CONCAT operator_type=83 input_type=PARTITIONED output_type=PARTITIONED actual_gpu=1 pipeline_operator_count=1 input_batches=1 input_rows=1485483 input_columns=4 input_bytes=72646306 output_batches=1 output_rows=1485483 output_columns=4 output_bytes=72646306 byte_ratio=1.000000 row_ratio=1.000000 duration_us=2
[2026-07-09 04:36:19.572] [info] [task_scheduler.cpp:462] [mgpu-audit] pipeline_task dispatched to GPU 0 task_id=42
[2026-07-09 04:36:19.572] [info] [task_scheduler.cpp:464] [locality-audit] dispatch task_id=42 preferred_device=0 actual_gpu=0
[2026-07-09 04:36:19.577] [info] [task_scheduler.cpp:462] [mgpu-audit] pipeline_task dispatched to GPU 1 task_id=43
[2026-07-09 04:36:19.577] [info] [task_scheduler.cpp:464] [locality-audit] dispatch task_id=43 preferred_device=1 actual_gpu=1
[2026-07-09 04:36:19.584] [info] [task_scheduler.cpp:462] [mgpu-audit] pipeline_task dispatched to GPU 0 task_id=44
[2026-07-09 04:36:19.584] [info] [task_scheduler.cpp:464] [locality-audit] dispatch task_id=44 preferred_device=0 actual_gpu=0
[2026-07-09 04:36:19.753] [info] [gpu_pipeline_task.cpp:321] [stage-audit] pipeline_id=6 task_id=43 operator_id=27 operator_name=GPU_SCAN stage_kind=SCAN operator_type=94 input_type=GPU_SCAN output_type=PIPELINEABLE actual_gpu=1 pipeline_operator_count=2 input_batches=0 input_rows=0 input_columns=0 input_bytes=0 output_batches=1 output_rows=33033435 output_columns=2 output_bytes=536793392 byte_ratio=0.000000 row_ratio=0.000000 duration_us=172142
[2026-07-09 04:36:19.754] [info] [gpu_pipeline_task.cpp:321] [stage-audit] pipeline_id=6 task_id=43 operator_id=28 operator_name=DYNAMIC_FILTER stage_kind=OTHER operator_type=95 input_type=PIPELINEABLE output_type=PIPELINEABLE actual_gpu=1 pipeline_operator_count=2 input_batches=1 input_rows=33033435 input_columns=2 input_bytes=536793392 output_batches=1 output_rows=33033435 output_columns=2 output_bytes=536793392 byte_ratio=1.000000 row_ratio=1.000000 duration_us=1
[2026-07-09 04:36:19.754] [info] [task_creator.cpp:363] [locality-audit] task_create operator_id=30 input_bytes=536793392 local_bytes=536793392 gpu_source_bytes=536793392 host_source_bytes=0 disk_source_bytes=0 gpu_sources=1 host_sources=0 preferred_device=1
[2026-07-09 04:36:19.754] [info] [task_scheduler.cpp:462] [mgpu-audit] pipeline_task dispatched to GPU 1 task_id=45
[2026-07-09 04:36:19.754] [info] [task_scheduler.cpp:464] [locality-audit] dispatch task_id=45 preferred_device=1 actual_gpu=1
[2026-07-09 04:36:19.754] [info] [gpu_pipeline_task.cpp:188] [locality-audit] prepare_before pipeline_id=7 task_id=45 preferred_device=1 actual_gpu=1 target_tier=GPU target_device=1 input_bytes=536793392 local_bytes=536793392 remote_gpu_bytes=0 host_bytes=0 disk_bytes=0 batch_count=1
[2026-07-09 04:36:19.754] [info] [gpu_pipeline_task.cpp:188] [locality-audit] prepare_after pipeline_id=7 task_id=45 preferred_device=1 actual_gpu=1 target_tier=GPU target_device=1 input_bytes=536793392 local_bytes=536793392 remote_gpu_bytes=0 host_bytes=0 disk_bytes=0 batch_count=1
[2026-07-09 04:36:19.755] [info] [gpu_pipeline_task.cpp:321] [stage-audit] pipeline_id=6 task_id=42 operator_id=27 operator_name=GPU_SCAN stage_kind=SCAN operator_type=94 input_type=GPU_SCAN output_type=PIPELINEABLE actual_gpu=0 pipeline_operator_count=2 input_batches=0 input_rows=0 input_columns=0 input_bytes=0 output_batches=1 output_rows=32926711 output_columns=2 output_bytes=535059056 byte_ratio=0.000000 row_ratio=0.000000 duration_us=180622
[2026-07-09 04:36:19.755] [info] [gpu_pipeline_task.cpp:321] [stage-audit] pipeline_id=6 task_id=42 operator_id=28 operator_name=DYNAMIC_FILTER stage_kind=OTHER operator_type=95 input_type=PIPELINEABLE output_type=PIPELINEABLE actual_gpu=0 pipeline_operator_count=2 input_batches=1 input_rows=32926711 input_columns=2 input_bytes=535059056 output_batches=1 output_rows=32926711 output_columns=2 output_bytes=535059056 byte_ratio=1.000000 row_ratio=1.000000 duration_us=2
[2026-07-09 04:36:19.755] [info] [task_creator.cpp:363] [locality-audit] task_create operator_id=30 input_bytes=535059056 local_bytes=535059056 gpu_source_bytes=535059056 host_source_bytes=0 disk_source_bytes=0 gpu_sources=1 host_sources=0 preferred_device=0
[2026-07-09 04:36:19.755] [info] [task_scheduler.cpp:462] [mgpu-audit] pipeline_task dispatched to GPU 0 task_id=46
[2026-07-09 04:36:19.755] [info] [task_scheduler.cpp:464] [locality-audit] dispatch task_id=46 preferred_device=0 actual_gpu=0
[2026-07-09 04:36:19.755] [info] [gpu_pipeline_task.cpp:188] [locality-audit] prepare_before pipeline_id=7 task_id=46 preferred_device=0 actual_gpu=0 target_tier=GPU target_device=0 input_bytes=535059056 local_bytes=535059056 remote_gpu_bytes=0 host_bytes=0 disk_bytes=0 batch_count=1
[2026-07-09 04:36:19.755] [info] [gpu_pipeline_task.cpp:188] [locality-audit] prepare_after pipeline_id=7 task_id=46 preferred_device=0 actual_gpu=0 target_tier=GPU target_device=0 input_bytes=535059056 local_bytes=535059056 remote_gpu_bytes=0 host_bytes=0 disk_bytes=0 batch_count=1
[2026-07-09 04:36:19.759] [info] [gpu_pipeline_task.cpp:321] [stage-audit] pipeline_id=7 task_id=45 operator_id=30 operator_name=PARTITION stage_kind=PARTITION operator_type=82 input_type=PIPELINEABLE output_type=PIPELINEABLE actual_gpu=1 pipeline_operator_count=1 input_batches=1 input_rows=33033435 input_columns=2 input_bytes=536793392 output_batches=2 output_rows=33033435 output_columns=4 output_bytes=528534960 byte_ratio=0.984615 row_ratio=1.000000 duration_us=5178
[2026-07-09 04:36:19.760] [info] [gpu_pipeline_task.cpp:321] [stage-audit] pipeline_id=7 task_id=46 operator_id=30 operator_name=PARTITION stage_kind=PARTITION operator_type=82 input_type=PIPELINEABLE output_type=PIPELINEABLE actual_gpu=0 pipeline_operator_count=1 input_batches=1 input_rows=32926711 input_columns=2 input_bytes=535059056 output_batches=2 output_rows=32926711 output_columns=4 output_bytes=526827376 byte_ratio=0.984615 row_ratio=1.000000 duration_us=4991
[2026-07-09 04:36:19.814] [info] [gpu_pipeline_task.cpp:321] [stage-audit] pipeline_id=6 task_id=44 operator_id=27 operator_name=GPU_SCAN stage_kind=SCAN operator_type=94 input_type=GPU_SCAN output_type=PIPELINEABLE actual_gpu=0 pipeline_operator_count=2 input_batches=0 input_rows=0 input_columns=0 input_bytes=0 output_batches=1 output_rows=14039854 output_columns=2 output_bytes=228147680 byte_ratio=0.000000 row_ratio=0.000000 duration_us=57371
[2026-07-09 04:36:19.814] [info] [gpu_pipeline_task.cpp:321] [stage-audit] pipeline_id=6 task_id=44 operator_id=28 operator_name=DYNAMIC_FILTER stage_kind=OTHER operator_type=95 input_type=PIPELINEABLE output_type=PIPELINEABLE actual_gpu=0 pipeline_operator_count=2 input_batches=1 input_rows=14039854 input_columns=2 input_bytes=228147680 output_batches=1 output_rows=14039854 output_columns=2 output_bytes=228147680 byte_ratio=1.000000 row_ratio=1.000000 duration_us=1
[2026-07-09 04:36:19.814] [info] [task_creator.cpp:363] [locality-audit] task_create operator_id=30 input_bytes=228147680 local_bytes=228147680 gpu_source_bytes=228147680 host_source_bytes=0 disk_source_bytes=0 gpu_sources=1 host_sources=0 preferred_device=0
[2026-07-09 04:36:19.814] [info] [task_scheduler.cpp:462] [mgpu-audit] pipeline_task dispatched to GPU 0 task_id=47
[2026-07-09 04:36:19.814] [info] [task_scheduler.cpp:464] [locality-audit] dispatch task_id=47 preferred_device=0 actual_gpu=0
[2026-07-09 04:36:19.814] [info] [gpu_pipeline_task.cpp:188] [locality-audit] prepare_before pipeline_id=7 task_id=47 preferred_device=0 actual_gpu=0 target_tier=GPU target_device=0 input_bytes=228147680 local_bytes=228147680 remote_gpu_bytes=0 host_bytes=0 disk_bytes=0 batch_count=1
[2026-07-09 04:36:19.814] [info] [gpu_pipeline_task.cpp:188] [locality-audit] prepare_after pipeline_id=7 task_id=47 preferred_device=0 actual_gpu=0 target_tier=GPU target_device=0 input_bytes=228147680 local_bytes=228147680 remote_gpu_bytes=0 host_bytes=0 disk_bytes=0 batch_count=1
[2026-07-09 04:36:19.817] [info] [gpu_pipeline_task.cpp:321] [stage-audit] pipeline_id=7 task_id=47 operator_id=30 operator_name=PARTITION stage_kind=PARTITION operator_type=82 input_type=PIPELINEABLE output_type=PIPELINEABLE actual_gpu=0 pipeline_operator_count=1 input_batches=1 input_rows=14039854 input_columns=2 input_bytes=228147680 output_batches=2 output_rows=14039854 output_columns=4 output_bytes=224637664 byte_ratio=0.984615 row_ratio=1.000000 duration_us=2439
[2026-07-09 04:36:19.817] [info] [task_scheduler.cpp:462] [mgpu-audit] pipeline_task dispatched to GPU 1 task_id=50
[2026-07-09 04:36:19.817] [info] [task_scheduler.cpp:464] [locality-audit] dispatch task_id=50 preferred_device=1 actual_gpu=1
[2026-07-09 04:36:19.817] [info] [task_scheduler.cpp:462] [mgpu-audit] pipeline_task dispatched to GPU 0 task_id=48
[2026-07-09 04:36:19.817] [info] [task_scheduler.cpp:464] [locality-audit] dispatch task_id=48 preferred_device=0 actual_gpu=0
[2026-07-09 04:36:19.817] [info] [task_scheduler.cpp:462] [mgpu-audit] pipeline_task dispatched to GPU 0 task_id=49
[2026-07-09 04:36:19.817] [info] [task_scheduler.cpp:464] [locality-audit] dispatch task_id=49 preferred_device=0 actual_gpu=0
[2026-07-09 04:36:19.817] [info] [task_scheduler.cpp:462] [mgpu-audit] pipeline_task dispatched to GPU 1 task_id=51
[2026-07-09 04:36:19.817] [info] [task_scheduler.cpp:464] [locality-audit] dispatch task_id=51 preferred_device=1 actual_gpu=1
[2026-07-09 04:36:19.817] [info] [gpu_pipeline_task.cpp:188] [locality-audit] prepare_before pipeline_id=8 task_id=48 preferred_device=0 actual_gpu=0 target_tier=GPU target_device=0 input_bytes=527758048 local_bytes=263458032 remote_gpu_bytes=264300016 host_bytes=0 disk_bytes=0 batch_count=2
[2026-07-09 04:36:19.817] [info] [gpu_pipeline_task.cpp:188] [locality-audit] prepare_before pipeline_id=8 task_id=49 preferred_device=0 actual_gpu=0 target_tier=GPU target_device=0 input_bytes=112445536 local_bytes=112445536 remote_gpu_bytes=0 host_bytes=0 disk_bytes=0 batch_count=1
[2026-07-09 04:36:19.817] [info] [gpu_pipeline_task.cpp:188] [locality-audit] prepare_after pipeline_id=8 task_id=49 preferred_device=0 actual_gpu=0 target_tier=GPU target_device=0 input_bytes=112445536 local_bytes=112445536 remote_gpu_bytes=0 host_bytes=0 disk_bytes=0 batch_count=1
[2026-07-09 04:36:19.817] [info] [gpu_pipeline_task.cpp:321] [stage-audit] pipeline_id=8 task_id=49 operator_id=29 operator_name=CONCAT stage_kind=CONCAT operator_type=83 input_type=PARTITIONED output_type=PARTITIONED actual_gpu=0 pipeline_operator_count=1 input_batches=1 input_rows=7027846 input_columns=2 input_bytes=112445536 output_batches=1 output_rows=7027846 output_columns=2 output_bytes=112445536 byte_ratio=1.000000 row_ratio=1.000000 duration_us=1
[2026-07-09 04:36:19.817] [info] [gpu_pipeline_task.cpp:188] [locality-audit] prepare_before pipeline_id=8 task_id=50 preferred_device=1 actual_gpu=1 target_tier=GPU target_device=1 input_bytes=527604288 local_bytes=264234944 remote_gpu_bytes=263369344 host_bytes=0 disk_bytes=0 batch_count=2
[2026-07-09 04:36:19.817] [info] [gpu_pipeline_task.cpp:188] [locality-audit] prepare_before pipeline_id=8 task_id=51 preferred_device=1 actual_gpu=1 target_tier=GPU target_device=1 input_bytes=112192128 local_bytes=0 remote_gpu_bytes=112192128 host_bytes=0 disk_bytes=0 batch_count=1
[2026-07-09 04:36:19.831] [info] [gpu_pipeline_task.cpp:188] [locality-audit] prepare_after pipeline_id=8 task_id=48 preferred_device=0 actual_gpu=0 target_tier=GPU target_device=0 input_bytes=527758048 local_bytes=527758048 remote_gpu_bytes=0 host_bytes=0 disk_bytes=0 batch_count=2
[2026-07-09 04:36:19.844] [info] [gpu_pipeline_task.cpp:321] [stage-audit] pipeline_id=8 task_id=48 operator_id=29 operator_name=CONCAT stage_kind=CONCAT operator_type=83 input_type=PARTITIONED output_type=PARTITIONED actual_gpu=0 pipeline_operator_count=1 input_batches=2 input_rows=32984878 input_columns=4 input_bytes=527758048 output_batches=1 output_rows=32984878 output_columns=2 output_bytes=527758048 byte_ratio=1.000000 row_ratio=1.000000 duration_us=13178
[2026-07-09 04:36:19.845] [info] [gpu_pipeline_task.cpp:188] [locality-audit] prepare_after pipeline_id=8 task_id=50 preferred_device=1 actual_gpu=1 target_tier=GPU target_device=1 input_bytes=527604288 local_bytes=527604288 remote_gpu_bytes=0 host_bytes=0 disk_bytes=0 batch_count=2
[2026-07-09 04:36:19.850] [info] [gpu_pipeline_task.cpp:188] [locality-audit] prepare_after pipeline_id=8 task_id=51 preferred_device=1 actual_gpu=1 target_tier=GPU target_device=1 input_bytes=112192128 local_bytes=112192128 remote_gpu_bytes=0 host_bytes=0 disk_bytes=0 batch_count=1
[2026-07-09 04:36:19.850] [info] [gpu_pipeline_task.cpp:321] [stage-audit] pipeline_id=8 task_id=51 operator_id=29 operator_name=CONCAT stage_kind=CONCAT operator_type=83 input_type=PARTITIONED output_type=PARTITIONED actual_gpu=1 pipeline_operator_count=1 input_batches=1 input_rows=7012008 input_columns=2 input_bytes=112192128 output_batches=1 output_rows=7012008 output_columns=2 output_bytes=112192128 byte_ratio=1.000000 row_ratio=1.000000 duration_us=2
[2026-07-09 04:36:19.857] [info] [gpu_pipeline_task.cpp:321] [stage-audit] pipeline_id=8 task_id=50 operator_id=29 operator_name=CONCAT stage_kind=CONCAT operator_type=83 input_type=PARTITIONED output_type=PARTITIONED actual_gpu=1 pipeline_operator_count=1 input_batches=2 input_rows=32975268 input_columns=4 input_bytes=527604288 output_batches=1 output_rows=32975268 output_columns=2 output_bytes=527604288 byte_ratio=1.000000 row_ratio=1.000000 duration_us=12014
[2026-07-09 04:36:19.857] [info] [task_scheduler.cpp:462] [mgpu-audit] pipeline_task dispatched to GPU 0 task_id=52
[2026-07-09 04:36:19.857] [info] [task_scheduler.cpp:464] [locality-audit] dispatch task_id=52 preferred_device=0 actual_gpu=0
[2026-07-09 04:36:19.857] [info] [task_scheduler.cpp:462] [mgpu-audit] pipeline_task dispatched to GPU 0 task_id=53
[2026-07-09 04:36:19.857] [info] [task_scheduler.cpp:464] [locality-audit] dispatch task_id=53 preferred_device=0 actual_gpu=0
[2026-07-09 04:36:19.857] [info] [task_scheduler.cpp:462] [mgpu-audit] pipeline_task dispatched to GPU 1 task_id=54
[2026-07-09 04:36:19.857] [info] [task_scheduler.cpp:464] [locality-audit] dispatch task_id=54 preferred_device=1 actual_gpu=1
[2026-07-09 04:36:19.857] [info] [task_scheduler.cpp:462] [mgpu-audit] pipeline_task dispatched to GPU 1 task_id=55
[2026-07-09 04:36:19.857] [info] [task_scheduler.cpp:464] [locality-audit] dispatch task_id=55 preferred_device=1 actual_gpu=1
[2026-07-09 04:36:19.857] [info] [gpu_pipeline_task.cpp:188] [locality-audit] prepare_before pipeline_id=9 task_id=54 preferred_device=1 actual_gpu=1 target_tier=GPU target_device=1 input_bytes=184838434 local_bytes=184838434 remote_gpu_bytes=0 host_bytes=0 disk_bytes=0 batch_count=2
[2026-07-09 04:36:19.857] [info] [gpu_pipeline_task.cpp:188] [locality-audit] prepare_after pipeline_id=9 task_id=54 preferred_device=1 actual_gpu=1 target_tier=GPU target_device=1 input_bytes=184838434 local_bytes=184838434 remote_gpu_bytes=0 host_bytes=0 disk_bytes=0 batch_count=2
[2026-07-09 04:36:19.857] [info] [gpu_pipeline_task.cpp:188] [locality-audit] prepare_before pipeline_id=9 task_id=53 preferred_device=0 actual_gpu=0 target_tier=GPU target_device=0 input_bytes=600386920 local_bytes=600386920 remote_gpu_bytes=0 host_bytes=0 disk_bytes=0 batch_count=2
[2026-07-09 04:36:19.857] [info] [gpu_pipeline_task.cpp:188] [locality-audit] prepare_before pipeline_id=9 task_id=52 preferred_device=0 actual_gpu=0 target_tier=GPU target_device=0 input_bytes=185074408 local_bytes=185074408 remote_gpu_bytes=0 host_bytes=0 disk_bytes=0 batch_count=2
[2026-07-09 04:36:19.857] [info] [gpu_pipeline_task.cpp:188] [locality-audit] prepare_after pipeline_id=9 task_id=53 preferred_device=0 actual_gpu=0 target_tier=GPU target_device=0 input_bytes=600386920 local_bytes=600386920 remote_gpu_bytes=0 host_bytes=0 disk_bytes=0 batch_count=2
[2026-07-09 04:36:19.857] [info] [gpu_pipeline_task.cpp:188] [locality-audit] prepare_before pipeline_id=9 task_id=55 preferred_device=1 actual_gpu=1 target_tier=GPU target_device=1 input_bytes=600250594 local_bytes=600250594 remote_gpu_bytes=0 host_bytes=0 disk_bytes=0 batch_count=2
[2026-07-09 04:36:19.857] [info] [gpu_pipeline_task.cpp:188] [locality-audit] prepare_after pipeline_id=9 task_id=52 preferred_device=0 actual_gpu=0 target_tier=GPU target_device=0 input_bytes=185074408 local_bytes=185074408 remote_gpu_bytes=0 host_bytes=0 disk_bytes=0 batch_count=2
[2026-07-09 04:36:19.857] [info] [gpu_pipeline_task.cpp:188] [locality-audit] prepare_after pipeline_id=9 task_id=55 preferred_device=1 actual_gpu=1 target_tier=GPU target_device=1 input_bytes=600250594 local_bytes=600250594 remote_gpu_bytes=0 host_bytes=0 disk_bytes=0 batch_count=2
[2026-07-09 04:36:19.871] [info] [gpu_pipeline_task.cpp:321] [stage-audit] pipeline_id=9 task_id=54 operator_id=13 operator_name=HASH_JOIN stage_kind=JOIN operator_type=33 input_type=PARTITIONED output_type=PIPELINEABLE actual_gpu=1 pipeline_operator_count=1 input_batches=2 input_rows=8497491 input_columns=6 input_bytes=184838434 output_batches=1 output_rows=1043736 output_columns=4 output_bytes=51037748 byte_ratio=0.276121 row_ratio=0.122829 duration_us=14018
[2026-07-09 04:36:19.872] [info] [gpu_pipeline_task.cpp:321] [stage-audit] pipeline_id=9 task_id=55 operator_id=13 operator_name=HASH_JOIN stage_kind=JOIN operator_type=33 input_type=PARTITIONED output_type=PIPELINEABLE actual_gpu=1 pipeline_operator_count=1 input_batches=2 input_rows=34460751 input_columns=6 input_bytes=600250594 output_batches=1 output_rows=4898196 output_columns=4 output_bytes=239547204 byte_ratio=0.399079 row_ratio=0.142138 duration_us=14337
[2026-07-09 04:36:19.872] [info] [task_scheduler.cpp:462] [mgpu-audit] pipeline_task dispatched to GPU 1 task_id=56
[2026-07-09 04:36:19.872] [info] [task_scheduler.cpp:464] [locality-audit] dispatch task_id=56 preferred_device=1 actual_gpu=1
[2026-07-09 04:36:19.873] [info] [gpu_pipeline_task.cpp:321] [stage-audit] pipeline_id=9 task_id=53 operator_id=13 operator_name=HASH_JOIN stage_kind=JOIN operator_type=33 input_type=PARTITIONED output_type=PIPELINEABLE actual_gpu=0 pipeline_operator_count=1 input_batches=2 input_rows=34469965 input_columns=6 input_bytes=600386920 output_batches=1 output_rows=4894646 output_columns=4 output_bytes=239374226 byte_ratio=0.398700 row_ratio=0.141997 duration_us=15345
[2026-07-09 04:36:19.873] [info] [gpu_pipeline_task.cpp:321] [stage-audit] pipeline_id=9 task_id=52 operator_id=13 operator_name=HASH_JOIN stage_kind=JOIN operator_type=33 input_type=PARTITIONED output_type=PIPELINEABLE actual_gpu=0 pipeline_operator_count=1 input_batches=2 input_rows=8512933 input_columns=6 input_bytes=185074408 output_batches=1 output_rows=1045702 output_columns=4 output_bytes=51141118 byte_ratio=0.276327 row_ratio=0.122837 duration_us=15282
[2026-07-09 04:36:19.974] [info] [gpu_pipeline_task.cpp:321] [stage-audit] pipeline_id=3 task_id=56 operator_id=24 operator_name=GPU_SCAN stage_kind=SCAN operator_type=94 input_type=GPU_SCAN output_type=PIPELINEABLE actual_gpu=1 pipeline_operator_count=1 input_batches=0 input_rows=0 input_columns=0 input_bytes=0 output_batches=1 output_rows=479 output_columns=1 output_bytes=3896 byte_ratio=0.000000 row_ratio=0.000000 duration_us=102136
[2026-07-09 04:36:19.975] [info] [task_creator.cpp:363] [locality-audit] task_create operator_id=26 input_bytes=3896 local_bytes=3896 gpu_source_bytes=3896 host_source_bytes=0 disk_source_bytes=0 gpu_sources=1 host_sources=0 preferred_device=1
[2026-07-09 04:36:19.975] [info] [task_scheduler.cpp:462] [mgpu-audit] pipeline_task dispatched to GPU 1 task_id=57
[2026-07-09 04:36:19.975] [info] [task_scheduler.cpp:464] [locality-audit] dispatch task_id=57 preferred_device=1 actual_gpu=1
[2026-07-09 04:36:19.975] [info] [gpu_pipeline_task.cpp:188] [locality-audit] prepare_before pipeline_id=4 task_id=57 preferred_device=1 actual_gpu=1 target_tier=GPU target_device=1 input_bytes=3896 local_bytes=3896 remote_gpu_bytes=0 host_bytes=0 disk_bytes=0 batch_count=1
[2026-07-09 04:36:19.975] [info] [gpu_pipeline_task.cpp:188] [locality-audit] prepare_after pipeline_id=4 task_id=57 preferred_device=1 actual_gpu=1 target_tier=GPU target_device=1 input_bytes=3896 local_bytes=3896 remote_gpu_bytes=0 host_bytes=0 disk_bytes=0 batch_count=1
[2026-07-09 04:36:19.975] [info] [gpu_pipeline_task.cpp:321] [stage-audit] pipeline_id=4 task_id=57 operator_id=26 operator_name=PARTITION stage_kind=PARTITION operator_type=82 input_type=PIPELINEABLE output_type=PIPELINEABLE actual_gpu=1 pipeline_operator_count=1 input_batches=1 input_rows=479 input_columns=1 input_bytes=3896 output_batches=1 output_rows=479 output_columns=1 output_bytes=3896 byte_ratio=1.000000 row_ratio=1.000000 duration_us=2
[2026-07-09 04:36:19.975] [info] [task_scheduler.cpp:462] [mgpu-audit] pipeline_task dispatched to GPU 0 task_id=58
[2026-07-09 04:36:19.975] [info] [task_scheduler.cpp:464] [locality-audit] dispatch task_id=58 preferred_device=0 actual_gpu=0
[2026-07-09 04:36:19.975] [info] [gpu_pipeline_task.cpp:188] [locality-audit] prepare_before pipeline_id=5 task_id=58 preferred_device=0 actual_gpu=0 target_tier=GPU target_device=0 input_bytes=3896 local_bytes=0 remote_gpu_bytes=3896 host_bytes=0 disk_bytes=0 batch_count=1
[2026-07-09 04:36:19.975] [info] [gpu_pipeline_task.cpp:188] [locality-audit] prepare_after pipeline_id=5 task_id=58 preferred_device=0 actual_gpu=0 target_tier=GPU target_device=0 input_bytes=3896 local_bytes=3896 remote_gpu_bytes=0 host_bytes=0 disk_bytes=0 batch_count=1
[2026-07-09 04:36:19.975] [info] [gpu_pipeline_task.cpp:321] [stage-audit] pipeline_id=5 task_id=58 operator_id=25 operator_name=CONCAT stage_kind=CONCAT operator_type=83 input_type=PARTITIONED output_type=PARTITIONED actual_gpu=0 pipeline_operator_count=1 input_batches=1 input_rows=479 input_columns=1 input_bytes=3896 output_batches=1 output_rows=479 output_columns=1 output_bytes=3896 byte_ratio=1.000000 row_ratio=1.000000 duration_us=1
[2026-07-09 04:36:19.975] [info] [task_creator.cpp:363] [locality-audit] task_create operator_id=32 input_bytes=51037748 local_bytes=51037748 gpu_source_bytes=51037748 host_source_bytes=0 disk_source_bytes=0 gpu_sources=1 host_sources=0 preferred_device=1
[2026-07-09 04:36:19.975] [info] [task_creator.cpp:363] [locality-audit] task_create operator_id=32 input_bytes=239547204 local_bytes=239547204 gpu_source_bytes=239547204 host_source_bytes=0 disk_source_bytes=0 gpu_sources=1 host_sources=0 preferred_device=1
[2026-07-09 04:36:19.975] [info] [task_creator.cpp:363] [locality-audit] task_create operator_id=32 input_bytes=239374226 local_bytes=239374226 gpu_source_bytes=239374226 host_source_bytes=0 disk_source_bytes=0 gpu_sources=1 host_sources=0 preferred_device=0
[2026-07-09 04:36:19.975] [info] [task_scheduler.cpp:462] [mgpu-audit] pipeline_task dispatched to GPU 1 task_id=59
[2026-07-09 04:36:19.975] [info] [task_scheduler.cpp:464] [locality-audit] dispatch task_id=59 preferred_device=1 actual_gpu=1
[2026-07-09 04:36:19.975] [info] [task_creator.cpp:363] [locality-audit] task_create operator_id=32 input_bytes=51141118 local_bytes=51141118 gpu_source_bytes=51141118 host_source_bytes=0 disk_source_bytes=0 gpu_sources=1 host_sources=0 preferred_device=0
[2026-07-09 04:36:19.975] [info] [task_scheduler.cpp:462] [mgpu-audit] pipeline_task dispatched to GPU 1 task_id=60
[2026-07-09 04:36:19.975] [info] [task_scheduler.cpp:464] [locality-audit] dispatch task_id=60 preferred_device=1 actual_gpu=1
[2026-07-09 04:36:19.975] [info] [task_scheduler.cpp:462] [mgpu-audit] pipeline_task dispatched to GPU 0 task_id=61
[2026-07-09 04:36:19.976] [info] [gpu_pipeline_task.cpp:188] [locality-audit] prepare_before pipeline_id=10 task_id=60 preferred_device=1 actual_gpu=1 target_tier=GPU target_device=1 input_bytes=239547204 local_bytes=239547204 remote_gpu_bytes=0 host_bytes=0 disk_bytes=0 batch_count=1
[2026-07-09 04:36:19.976] [info] [gpu_pipeline_task.cpp:188] [locality-audit] prepare_before pipeline_id=10 task_id=59 preferred_device=1 actual_gpu=1 target_tier=GPU target_device=1 input_bytes=51037748 local_bytes=51037748 remote_gpu_bytes=0 host_bytes=0 disk_bytes=0 batch_count=1
[2026-07-09 04:36:19.976] [info] [task_scheduler.cpp:464] [locality-audit] dispatch task_id=61 preferred_device=0 actual_gpu=0
[2026-07-09 04:36:19.976] [info] [task_scheduler.cpp:462] [mgpu-audit] pipeline_task dispatched to GPU 0 task_id=62
[2026-07-09 04:36:19.976] [info] [gpu_pipeline_task.cpp:188] [locality-audit] prepare_after pipeline_id=10 task_id=60 preferred_device=1 actual_gpu=1 target_tier=GPU target_device=1 input_bytes=239547204 local_bytes=239547204 remote_gpu_bytes=0 host_bytes=0 disk_bytes=0 batch_count=1
[2026-07-09 04:36:19.976] [info] [task_scheduler.cpp:464] [locality-audit] dispatch task_id=62 preferred_device=0 actual_gpu=0
[2026-07-09 04:36:19.976] [info] [gpu_pipeline_task.cpp:188] [locality-audit] prepare_after pipeline_id=10 task_id=59 preferred_device=1 actual_gpu=1 target_tier=GPU target_device=1 input_bytes=51037748 local_bytes=51037748 remote_gpu_bytes=0 host_bytes=0 disk_bytes=0 batch_count=1
[2026-07-09 04:36:19.976] [info] [gpu_pipeline_task.cpp:188] [locality-audit] prepare_before pipeline_id=10 task_id=61 preferred_device=0 actual_gpu=0 target_tier=GPU target_device=0 input_bytes=239374226 local_bytes=239374226 remote_gpu_bytes=0 host_bytes=0 disk_bytes=0 batch_count=1
[2026-07-09 04:36:19.976] [info] [gpu_pipeline_task.cpp:321] [stage-audit] pipeline_id=10 task_id=60 operator_id=32 operator_name=PARTITION stage_kind=PARTITION operator_type=82 input_type=PIPELINEABLE output_type=PIPELINEABLE actual_gpu=1 pipeline_operator_count=1 input_batches=1 input_rows=4898196 input_columns=4 input_bytes=239547204 output_batches=1 output_rows=4898196 output_columns=4 output_bytes=239547204 byte_ratio=1.000000 row_ratio=1.000000 duration_us=10
[2026-07-09 04:36:19.976] [info] [gpu_pipeline_task.cpp:188] [locality-audit] prepare_after pipeline_id=10 task_id=61 preferred_device=0 actual_gpu=0 target_tier=GPU target_device=0 input_bytes=239374226 local_bytes=239374226 remote_gpu_bytes=0 host_bytes=0 disk_bytes=0 batch_count=1
[2026-07-09 04:36:19.976] [info] [gpu_pipeline_task.cpp:321] [stage-audit] pipeline_id=10 task_id=61 operator_id=32 operator_name=PARTITION stage_kind=PARTITION operator_type=82 input_type=PIPELINEABLE output_type=PIPELINEABLE actual_gpu=0 pipeline_operator_count=1 input_batches=1 input_rows=4894646 input_columns=4 input_bytes=239374226 output_batches=1 output_rows=4894646 output_columns=4 output_bytes=239374226 byte_ratio=1.000000 row_ratio=1.000000 duration_us=2
[2026-07-09 04:36:19.976] [info] [gpu_pipeline_task.cpp:188] [locality-audit] prepare_before pipeline_id=10 task_id=62 preferred_device=0 actual_gpu=0 target_tier=GPU target_device=0 input_bytes=51141118 local_bytes=51141118 remote_gpu_bytes=0 host_bytes=0 disk_bytes=0 batch_count=1
[2026-07-09 04:36:19.976] [info] [gpu_pipeline_task.cpp:321] [stage-audit] pipeline_id=10 task_id=59 operator_id=32 operator_name=PARTITION stage_kind=PARTITION operator_type=82 input_type=PIPELINEABLE output_type=PIPELINEABLE actual_gpu=1 pipeline_operator_count=1 input_batches=1 input_rows=1043736 input_columns=4 input_bytes=51037748 output_batches=1 output_rows=1043736 output_columns=4 output_bytes=51037748 byte_ratio=1.000000 row_ratio=1.000000 duration_us=11
[2026-07-09 04:36:19.976] [info] [gpu_pipeline_task.cpp:188] [locality-audit] prepare_after pipeline_id=10 task_id=62 preferred_device=0 actual_gpu=0 target_tier=GPU target_device=0 input_bytes=51141118 local_bytes=51141118 remote_gpu_bytes=0 host_bytes=0 disk_bytes=0 batch_count=1
[2026-07-09 04:36:19.976] [info] [gpu_pipeline_task.cpp:321] [stage-audit] pipeline_id=10 task_id=62 operator_id=32 operator_name=PARTITION stage_kind=PARTITION operator_type=82 input_type=PIPELINEABLE output_type=PIPELINEABLE actual_gpu=0 pipeline_operator_count=1 input_batches=1 input_rows=1045702 input_columns=4 input_bytes=51141118 output_batches=1 output_rows=1045702 output_columns=4 output_bytes=51141118 byte_ratio=1.000000 row_ratio=1.000000 duration_us=1
[2026-07-09 04:36:19.976] [info] [task_scheduler.cpp:462] [mgpu-audit] pipeline_task dispatched to GPU 0 task_id=63
[2026-07-09 04:36:19.976] [info] [task_scheduler.cpp:464] [locality-audit] dispatch task_id=63 preferred_device=0 actual_gpu=0
[2026-07-09 04:36:19.976] [info] [task_scheduler.cpp:462] [mgpu-audit] pipeline_task dispatched to GPU 0 task_id=64
[2026-07-09 04:36:19.976] [info] [task_scheduler.cpp:464] [locality-audit] dispatch task_id=64 preferred_device=0 actual_gpu=0
[2026-07-09 04:36:19.976] [info] [gpu_pipeline_task.cpp:188] [locality-audit] prepare_before pipeline_id=11 task_id=63 preferred_device=0 actual_gpu=0 target_tier=GPU target_device=0 input_bytes=529959178 local_bytes=239374226 remote_gpu_bytes=290584952 host_bytes=0 disk_bytes=0 batch_count=3
[2026-07-09 04:36:19.976] [info] [gpu_pipeline_task.cpp:188] [locality-audit] prepare_before pipeline_id=11 task_id=64 preferred_device=0 actual_gpu=0 target_tier=GPU target_device=0 input_bytes=51141118 local_bytes=51141118 remote_gpu_bytes=0 host_bytes=0 disk_bytes=0 batch_count=1
[2026-07-09 04:36:19.976] [info] [gpu_pipeline_task.cpp:188] [locality-audit] prepare_after pipeline_id=11 task_id=64 preferred_device=0 actual_gpu=0 target_tier=GPU target_device=0 input_bytes=51141118 local_bytes=51141118 remote_gpu_bytes=0 host_bytes=0 disk_bytes=0 batch_count=1
[2026-07-09 04:36:19.976] [info] [gpu_pipeline_task.cpp:321] [stage-audit] pipeline_id=11 task_id=64 operator_id=31 operator_name=CONCAT stage_kind=CONCAT operator_type=83 input_type=PARTITIONED output_type=PARTITIONED actual_gpu=0 pipeline_operator_count=1 input_batches=1 input_rows=1045702 input_columns=4 input_bytes=51141118 output_batches=1 output_rows=1045702 output_columns=4 output_bytes=51141118 byte_ratio=1.000000 row_ratio=1.000000 duration_us=9
[2026-07-09 04:36:19.976] [info] [task_scheduler.cpp:462] [mgpu-audit] pipeline_task dispatched to GPU 1 task_id=65
[2026-07-09 04:36:19.976] [info] [task_scheduler.cpp:464] [locality-audit] dispatch task_id=65 preferred_device=1 actual_gpu=1
[2026-07-09 04:36:19.976] [info] [gpu_pipeline_task.cpp:188] [locality-audit] prepare_before pipeline_id=12 task_id=65 preferred_device=1 actual_gpu=1 target_tier=GPU target_device=1 input_bytes=51145014 local_bytes=0 remote_gpu_bytes=51145014 host_bytes=0 disk_bytes=0 batch_count=2
[2026-07-09 04:36:19.980] [info] [gpu_pipeline_task.cpp:188] [locality-audit] prepare_after pipeline_id=12 task_id=65 preferred_device=1 actual_gpu=1 target_tier=GPU target_device=1 input_bytes=51145014 local_bytes=51145014 remote_gpu_bytes=0 host_bytes=0 disk_bytes=0 batch_count=2
[2026-07-09 04:36:19.981] [info] [gpu_pipeline_task.cpp:321] [stage-audit] pipeline_id=12 task_id=65 operator_id=15 operator_name=HASH_JOIN stage_kind=JOIN operator_type=33 input_type=PARTITIONED output_type=PIPELINEABLE actual_gpu=1 pipeline_operator_count=4 input_batches=2 input_rows=1046181 input_columns=5 input_bytes=51145014 output_batches=1 output_rows=1045702 output_columns=5 output_bytes=52186820 byte_ratio=1.020370 row_ratio=0.999542 duration_us=1041
[2026-07-09 04:36:19.982] [info] [gpu_pipeline_task.cpp:321] [stage-audit] pipeline_id=12 task_id=65 operator_id=16 operator_name=FILTER stage_kind=FILTER operator_type=12 input_type=PIPELINEABLE output_type=PIPELINEABLE actual_gpu=1 pipeline_operator_count=4 input_batches=1 input_rows=1045702 input_columns=5 input_bytes=52186820 output_batches=1 output_rows=1045214 output_columns=4 output_bytes=51117275 byte_ratio=0.979505 row_ratio=0.999533 duration_us=944
[2026-07-09 04:36:19.982] [info] [gpu_pipeline_task.cpp:321] [stage-audit] pipeline_id=12 task_id=65 operator_id=17 operator_name=PROJECTION stage_kind=PROJECTION operator_type=13 input_type=PIPELINEABLE output_type=PIPELINEABLE actual_gpu=1 pipeline_operator_count=4 input_batches=1 input_rows=1045214 input_columns=4 input_bytes=51117275 output_batches=1 output_rows=1045214 output_columns=4 output_bytes=51117274 byte_ratio=1.000000 row_ratio=1.000000 duration_us=9
[2026-07-09 04:36:19.991] [info] [gpu_pipeline_task.cpp:188] [locality-audit] prepare_after pipeline_id=11 task_id=63 preferred_device=0 actual_gpu=0 target_tier=GPU target_device=0 input_bytes=529959178 local_bytes=529959178 remote_gpu_bytes=0 host_bytes=0 disk_bytes=0 batch_count=3
[2026-07-09 04:36:19.996] [info] [gpu_pipeline_task.cpp:321] [stage-audit] pipeline_id=12 task_id=65 operator_id=18 operator_name=HASH_GROUP_BY stage_kind=AGGREGATE operator_type=9 input_type=PIPELINEABLE output_type=PIPELINEABLE actual_gpu=1 pipeline_operator_count=4 input_batches=1 input_rows=1045214 input_columns=4 input_bytes=51117274 output_batches=1 output_rows=27838 output_columns=4 output_bytes=9611731 byte_ratio=0.188033 row_ratio=0.026634 duration_us=14006
[2026-07-09 04:36:19.996] [warning] [gpu_pipeline_task.cpp:81] gpu_pipeline_task: operator 'HASH_GROUP_BY' (id=18) output batch 0 column 3 datatype mismatch: got cudf::list_view, expected int64_t
[2026-07-09 04:36:20.002] [info] [gpu_pipeline_task.cpp:321] [stage-audit] pipeline_id=11 task_id=63 operator_id=31 operator_name=CONCAT stage_kind=CONCAT operator_type=83 input_type=PARTITIONED output_type=PARTITIONED actual_gpu=0 pipeline_operator_count=1 input_batches=3 input_rows=10836578 input_columns=12 input_bytes=529959178 output_batches=1 output_rows=10836578 output_columns=4 output_bytes=527249914 byte_ratio=0.994888 row_ratio=1.000000 duration_us=11302
[2026-07-09 04:36:20.002] [info] [task_scheduler.cpp:462] [mgpu-audit] pipeline_task dispatched to GPU 1 task_id=66
[2026-07-09 04:36:20.002] [info] [task_scheduler.cpp:464] [locality-audit] dispatch task_id=66 preferred_device=1 actual_gpu=1
[2026-07-09 04:36:20.002] [info] [gpu_pipeline_task.cpp:188] [locality-audit] prepare_before pipeline_id=12 task_id=66 preferred_device=1 actual_gpu=1 target_tier=GPU target_device=1 input_bytes=527249914 local_bytes=0 remote_gpu_bytes=527249914 host_bytes=0 disk_bytes=0 batch_count=1
[2026-07-09 04:36:20.026] [info] [gpu_pipeline_task.cpp:188] [locality-audit] prepare_after pipeline_id=12 task_id=66 preferred_device=1 actual_gpu=1 target_tier=GPU target_device=1 input_bytes=527249914 local_bytes=527249914 remote_gpu_bytes=0 host_bytes=0 disk_bytes=0 batch_count=1
[2026-07-09 04:36:20.030] [info] [gpu_pipeline_task.cpp:321] [stage-audit] pipeline_id=12 task_id=66 operator_id=15 operator_name=HASH_JOIN stage_kind=JOIN operator_type=33 input_type=PARTITIONED output_type=PIPELINEABLE actual_gpu=1 pipeline_operator_count=4 input_batches=1 input_rows=10836578 input_columns=4 input_bytes=527249914 output_batches=1 output_rows=10836578 output_columns=5 output_bytes=538086492 byte_ratio=1.020553 row_ratio=1.000000 duration_us=4023
[2026-07-09 04:36:20.036] [info] [gpu_pipeline_task.cpp:321] [stage-audit] pipeline_id=12 task_id=66 operator_id=16 operator_name=FILTER stage_kind=FILTER operator_type=12 input_type=PIPELINEABLE output_type=PIPELINEABLE actual_gpu=1 pipeline_operator_count=4 input_batches=1 input_rows=10836578 input_columns=5 input_bytes=538086492 output_batches=1 output_rows=10831414 output_columns=4 output_bytes=526998835 byte_ratio=0.979394 row_ratio=0.999523 duration_us=5322
[2026-07-09 04:36:20.036] [info] [gpu_pipeline_task.cpp:321] [stage-audit] pipeline_id=12 task_id=66 operator_id=17 operator_name=PROJECTION stage_kind=PROJECTION operator_type=13 input_type=PIPELINEABLE output_type=PIPELINEABLE actual_gpu=1 pipeline_operator_count=4 input_batches=1 input_rows=10831414 input_columns=4 input_bytes=526998835 output_batches=1 output_rows=10831414 output_columns=4 output_bytes=526998834 byte_ratio=1.000000 row_ratio=1.000000 duration_us=7
[2026-07-09 04:36:20.194] [info] [gpu_pipeline_task.cpp:321] [stage-audit] pipeline_id=12 task_id=66 operator_id=18 operator_name=HASH_GROUP_BY stage_kind=AGGREGATE operator_type=9 input_type=PIPELINEABLE output_type=PIPELINEABLE actual_gpu=1 pipeline_operator_count=4 input_batches=1 input_rows=10831414 input_columns=4 input_bytes=526998834 output_batches=1 output_rows=27840 output_columns=4 output_bytes=87878012 byte_ratio=0.166752 row_ratio=0.002570 duration_us=158233
[2026-07-09 04:36:20.194] [warning] [gpu_pipeline_task.cpp:81] gpu_pipeline_task: operator 'HASH_GROUP_BY' (id=18) output batch 0 column 3 datatype mismatch: got cudf::list_view, expected int64_t
[2026-07-09 04:36:20.194] [info] [task_creator.cpp:363] [locality-audit] task_create operator_id=33 input_bytes=9611731 local_bytes=9611731 gpu_source_bytes=9611731 host_source_bytes=0 disk_source_bytes=0 gpu_sources=1 host_sources=0 preferred_device=1
[2026-07-09 04:36:20.194] [info] [task_creator.cpp:363] [locality-audit] task_create operator_id=33 input_bytes=87878012 local_bytes=87878012 gpu_source_bytes=87878012 host_source_bytes=0 disk_source_bytes=0 gpu_sources=1 host_sources=0 preferred_device=1
[2026-07-09 04:36:20.194] [info] [task_scheduler.cpp:462] [mgpu-audit] pipeline_task dispatched to GPU 1 task_id=67
[2026-07-09 04:36:20.194] [info] [task_scheduler.cpp:464] [locality-audit] dispatch task_id=67 preferred_device=1 actual_gpu=1
[2026-07-09 04:36:20.194] [info] [task_scheduler.cpp:462] [mgpu-audit] pipeline_task dispatched to GPU 1 task_id=68
[2026-07-09 04:36:20.194] [info] [task_scheduler.cpp:464] [locality-audit] dispatch task_id=68 preferred_device=1 actual_gpu=1
[2026-07-09 04:36:20.194] [info] [gpu_pipeline_task.cpp:188] [locality-audit] prepare_before pipeline_id=13 task_id=67 preferred_device=1 actual_gpu=1 target_tier=GPU target_device=1 input_bytes=9611731 local_bytes=9611731 remote_gpu_bytes=0 host_bytes=0 disk_bytes=0 batch_count=1
[2026-07-09 04:36:20.195] [info] [gpu_pipeline_task.cpp:188] [locality-audit] prepare_after pipeline_id=13 task_id=67 preferred_device=1 actual_gpu=1 target_tier=GPU target_device=1 input_bytes=9611731 local_bytes=9611731 remote_gpu_bytes=0 host_bytes=0 disk_bytes=0 batch_count=1
[2026-07-09 04:36:20.195] [info] [gpu_pipeline_task.cpp:188] [locality-audit] prepare_before pipeline_id=13 task_id=68 preferred_device=1 actual_gpu=1 target_tier=GPU target_device=1 input_bytes=87878012 local_bytes=87878012 remote_gpu_bytes=0 host_bytes=0 disk_bytes=0 batch_count=1
[2026-07-09 04:36:20.195] [info] [gpu_pipeline_task.cpp:188] [locality-audit] prepare_after pipeline_id=13 task_id=68 preferred_device=1 actual_gpu=1 target_tier=GPU target_device=1 input_bytes=87878012 local_bytes=87878012 remote_gpu_bytes=0 host_bytes=0 disk_bytes=0 batch_count=1
[2026-07-09 04:36:20.198] [info] [gpu_pipeline_task.cpp:321] [stage-audit] pipeline_id=13 task_id=67 operator_id=33 operator_name=PARTITION stage_kind=PARTITION operator_type=82 input_type=PIPELINEABLE output_type=PIPELINEABLE actual_gpu=1 pipeline_operator_count=1 input_batches=1 input_rows=27838 input_columns=4 input_bytes=9611731 output_batches=2 output_rows=27838 output_columns=8 output_bytes=9611871 byte_ratio=1.000015 row_ratio=1.000000 duration_us=3116
[2026-07-09 04:36:20.198] [warning] [gpu_pipeline_task.cpp:81] gpu_pipeline_task: operator 'PARTITION' (id=33) output batch 0 column 3 datatype mismatch: got cudf::list_view, expected int64_t
[2026-07-09 04:36:20.198] [info] [gpu_pipeline_task.cpp:321] [stage-audit] pipeline_id=13 task_id=68 operator_id=33 operator_name=PARTITION stage_kind=PARTITION operator_type=82 input_type=PIPELINEABLE output_type=PIPELINEABLE actual_gpu=1 pipeline_operator_count=1 input_batches=1 input_rows=27840 input_columns=4 input_bytes=87878012 output_batches=2 output_rows=27840 output_columns=8 output_bytes=87878024 byte_ratio=1.000000 row_ratio=1.000000 duration_us=3206
[2026-07-09 04:36:20.198] [warning] [gpu_pipeline_task.cpp:81] gpu_pipeline_task: operator 'PARTITION' (id=33) output batch 0 column 3 datatype mismatch: got cudf::list_view, expected int64_t
[2026-07-09 04:36:20.198] [info] [task_scheduler.cpp:462] [mgpu-audit] pipeline_task dispatched to GPU 0 task_id=69
[2026-07-09 04:36:20.198] [info] [task_scheduler.cpp:464] [locality-audit] dispatch task_id=69 preferred_device=0 actual_gpu=0
[2026-07-09 04:36:20.198] [info] [task_scheduler.cpp:462] [mgpu-audit] pipeline_task dispatched to GPU 1 task_id=70
[2026-07-09 04:36:20.198] [info] [task_scheduler.cpp:464] [locality-audit] dispatch task_id=70 preferred_device=1 actual_gpu=1
[2026-07-09 04:36:20.198] [info] [gpu_pipeline_task.cpp:188] [locality-audit] prepare_before pipeline_id=14 task_id=69 preferred_device=0 actual_gpu=0 target_tier=GPU target_device=0 input_bytes=48713635 local_bytes=0 remote_gpu_bytes=48713635 host_bytes=0 disk_bytes=0 batch_count=2
[2026-07-09 04:36:20.198] [info] [gpu_pipeline_task.cpp:188] [locality-audit] prepare_before pipeline_id=14 task_id=70 preferred_device=1 actual_gpu=1 target_tier=GPU target_device=1 input_bytes=48776260 local_bytes=48776260 remote_gpu_bytes=0 host_bytes=0 disk_bytes=0 batch_count=2
[2026-07-09 04:36:20.198] [info] [gpu_pipeline_task.cpp:188] [locality-audit] prepare_after pipeline_id=14 task_id=70 preferred_device=1 actual_gpu=1 target_tier=GPU target_device=1 input_bytes=48776260 local_bytes=48776260 remote_gpu_bytes=0 host_bytes=0 disk_bytes=0 batch_count=2
[2026-07-09 04:36:20.202] [info] [gpu_pipeline_task.cpp:188] [locality-audit] prepare_after pipeline_id=14 task_id=69 preferred_device=0 actual_gpu=0 target_tier=GPU target_device=0 input_bytes=48713635 local_bytes=48713635 remote_gpu_bytes=0 host_bytes=0 disk_bytes=0 batch_count=2
[2026-07-09 04:36:20.208] [info] [gpu_pipeline_task.cpp:321] [stage-audit] pipeline_id=14 task_id=70 operator_id=34 operator_name=MERGE_GROUP_BY stage_kind=AGGREGATE operator_type=85 input_type=PARTITIONED output_type=PIPELINEABLE actual_gpu=1 pipeline_operator_count=1 input_batches=2 input_rows=27831 input_columns=8 input_bytes=48776260 output_batches=1 output_rows=13916 output_columns=4 output_bytes=677016 byte_ratio=0.013880 row_ratio=0.500018 duration_us=9960
[2026-07-09 04:36:20.212] [info] [gpu_pipeline_task.cpp:321] [stage-audit] pipeline_id=14 task_id=69 operator_id=34 operator_name=MERGE_GROUP_BY stage_kind=AGGREGATE operator_type=85 input_type=PARTITIONED output_type=PIPELINEABLE actual_gpu=0 pipeline_operator_count=1 input_batches=2 input_rows=27847 input_columns=8 input_bytes=48713635 output_batches=1 output_rows=13924 output_columns=4 output_bytes=677560 byte_ratio=0.013909 row_ratio=0.500018 duration_us=9744
[2026-07-09 04:36:20.212] [info] [task_creator.cpp:363] [locality-audit] task_create operator_id=19 input_bytes=677016 local_bytes=677016 gpu_source_bytes=677016 host_source_bytes=0 disk_source_bytes=0 gpu_sources=1 host_sources=0 preferred_device=1
[2026-07-09 04:36:20.212] [info] [task_creator.cpp:363] [locality-audit] task_create operator_id=19 input_bytes=677560 local_bytes=677560 gpu_source_bytes=677560 host_source_bytes=0 disk_source_bytes=0 gpu_sources=1 host_sources=0 preferred_device=0
[2026-07-09 04:36:20.213] [info] [task_scheduler.cpp:462] [mgpu-audit] pipeline_task dispatched to GPU 0 task_id=72
[2026-07-09 04:36:20.213] [info] [task_scheduler.cpp:464] [locality-audit] dispatch task_id=72 preferred_device=0 actual_gpu=0
[2026-07-09 04:36:20.213] [info] [task_scheduler.cpp:462] [mgpu-audit] pipeline_task dispatched to GPU 1 task_id=71
[2026-07-09 04:36:20.213] [info] [task_scheduler.cpp:464] [locality-audit] dispatch task_id=71 preferred_device=1 actual_gpu=1
[2026-07-09 04:36:20.213] [info] [gpu_pipeline_task.cpp:188] [locality-audit] prepare_before pipeline_id=15 task_id=72 preferred_device=0 actual_gpu=0 target_tier=GPU target_device=0 input_bytes=677560 local_bytes=677560 remote_gpu_bytes=0 host_bytes=0 disk_bytes=0 batch_count=1
[2026-07-09 04:36:20.213] [info] [gpu_pipeline_task.cpp:188] [locality-audit] prepare_after pipeline_id=15 task_id=72 preferred_device=0 actual_gpu=0 target_tier=GPU target_device=0 input_bytes=677560 local_bytes=677560 remote_gpu_bytes=0 host_bytes=0 disk_bytes=0 batch_count=1
[2026-07-09 04:36:20.213] [info] [gpu_pipeline_task.cpp:188] [locality-audit] prepare_before pipeline_id=15 task_id=71 preferred_device=1 actual_gpu=1 target_tier=GPU target_device=1 input_bytes=677016 local_bytes=677016 remote_gpu_bytes=0 host_bytes=0 disk_bytes=0 batch_count=1
[2026-07-09 04:36:20.213] [info] [gpu_pipeline_task.cpp:188] [locality-audit] prepare_after pipeline_id=15 task_id=71 preferred_device=1 actual_gpu=1 target_tier=GPU target_device=1 input_bytes=677016 local_bytes=677016 remote_gpu_bytes=0 host_bytes=0 disk_bytes=0 batch_count=1
[2026-07-09 04:36:20.215] [info] [gpu_pipeline_task.cpp:321] [stage-audit] pipeline_id=15 task_id=72 operator_id=19 operator_name=ORDER_BY stage_kind=SORT operator_type=1 input_type=PIPELINEABLE output_type=PIPELINEABLE actual_gpu=0 pipeline_operator_count=1 input_batches=1 input_rows=13924 input_columns=4 input_bytes=677560 output_batches=1 output_rows=13924 output_columns=4 output_bytes=677560 byte_ratio=1.000000 row_ratio=1.000000 duration_us=2444
[2026-07-09 04:36:20.216] [info] [gpu_pipeline_task.cpp:321] [stage-audit] pipeline_id=15 task_id=71 operator_id=19 operator_name=ORDER_BY stage_kind=SORT operator_type=1 input_type=PIPELINEABLE output_type=PIPELINEABLE actual_gpu=1 pipeline_operator_count=1 input_batches=1 input_rows=13916 input_columns=4 input_bytes=677016 output_batches=1 output_rows=13916 output_columns=4 output_bytes=677016 byte_ratio=1.000000 row_ratio=1.000000 duration_us=2426
[2026-07-09 04:36:20.216] [info] [task_creator.cpp:363] [locality-audit] task_create operator_id=35 input_bytes=1354576 local_bytes=677560 gpu_source_bytes=1354576 host_source_bytes=0 disk_source_bytes=0 gpu_sources=2 host_sources=0 preferred_device=0
[2026-07-09 04:36:20.216] [info] [task_scheduler.cpp:462] [mgpu-audit] pipeline_task dispatched to GPU 0 task_id=73
[2026-07-09 04:36:20.216] [info] [task_scheduler.cpp:464] [locality-audit] dispatch task_id=73 preferred_device=0 actual_gpu=0
[2026-07-09 04:36:20.216] [info] [gpu_pipeline_task.cpp:188] [locality-audit] prepare_before pipeline_id=16 task_id=73 preferred_device=0 actual_gpu=0 target_tier=GPU target_device=0 input_bytes=1354576 local_bytes=677560 remote_gpu_bytes=677016 host_bytes=0 disk_bytes=0 batch_count=2
[2026-07-09 04:36:20.217] [info] [gpu_pipeline_task.cpp:188] [locality-audit] prepare_after pipeline_id=16 task_id=73 preferred_device=0 actual_gpu=0 target_tier=GPU target_device=0 input_bytes=1354576 local_bytes=1354576 remote_gpu_bytes=0 host_bytes=0 disk_bytes=0 batch_count=2
[2026-07-09 04:36:20.218] [info] [gpu_pipeline_task.cpp:321] [stage-audit] pipeline_id=16 task_id=73 operator_id=35 operator_name=SORT_SAMPLE stage_kind=SORT operator_type=89 input_type=PIPELINEABLE output_type=PIPELINEABLE actual_gpu=0 pipeline_operator_count=2 input_batches=2 input_rows=27840 input_columns=8 input_bytes=1354576 output_batches=2 output_rows=27840 output_columns=8 output_bytes=1354576 byte_ratio=1.000000 row_ratio=1.000000 duration_us=1363
[2026-07-09 04:36:20.219] [info] [gpu_pipeline_task.cpp:321] [stage-audit] pipeline_id=16 task_id=73 operator_id=36 operator_name=SORT_PARTITION stage_kind=SORT operator_type=88 input_type=PIPELINEABLE output_type=PIPELINEABLE actual_gpu=0 pipeline_operator_count=2 input_batches=2 input_rows=27840 input_columns=8 input_bytes=1354576 output_batches=4 output_rows=27840 output_columns=16 output_bytes=1354592 byte_ratio=1.000012 row_ratio=1.000000 duration_us=1152
[2026-07-09 04:36:20.219] [info] [task_creator.cpp:363] [locality-audit] task_create operator_id=37 input_bytes=1354592 local_bytes=1354592 gpu_source_bytes=1354592 host_source_bytes=0 disk_source_bytes=0 gpu_sources=1 host_sources=0 preferred_device=0
[2026-07-09 04:36:20.220] [info] [task_scheduler.cpp:462] [mgpu-audit] pipeline_task dispatched to GPU 0 task_id=74
[2026-07-09 04:36:20.220] [info] [task_scheduler.cpp:464] [locality-audit] dispatch task_id=74 preferred_device=0 actual_gpu=0
[2026-07-09 04:36:20.220] [info] [gpu_pipeline_task.cpp:188] [locality-audit] prepare_before pipeline_id=17 task_id=74 preferred_device=0 actual_gpu=0 target_tier=GPU target_device=0 input_bytes=1354592 local_bytes=1354592 remote_gpu_bytes=0 host_bytes=0 disk_bytes=0 batch_count=4
[2026-07-09 04:36:20.220] [info] [gpu_pipeline_task.cpp:188] [locality-audit] prepare_after pipeline_id=17 task_id=74 preferred_device=0 actual_gpu=0 target_tier=GPU target_device=0 input_bytes=1354592 local_bytes=1354592 remote_gpu_bytes=0 host_bytes=0 disk_bytes=0 batch_count=4
[2026-07-09 04:36:20.222] [info] [gpu_pipeline_task.cpp:321] [stage-audit] pipeline_id=17 task_id=74 operator_id=37 operator_name=MERGE_SORT stage_kind=SORT operator_type=84 input_type=PIPELINEABLE output_type=PIPELINEABLE actual_gpu=0 pipeline_operator_count=1 input_batches=4 input_rows=27840 input_columns=16 input_bytes=1354592 output_batches=1 output_rows=27840 output_columns=4 output_bytes=1354568 byte_ratio=0.999982 row_ratio=1.000000 duration_us=2345
[2026-07-09 04:36:20.222] [info] [task_creator.cpp:363] [locality-audit] task_create operator_id=20 input_bytes=1354568 local_bytes=1354568 gpu_source_bytes=1354568 host_source_bytes=0 disk_source_bytes=0 gpu_sources=1 host_sources=0 preferred_device=0
[2026-07-09 04:36:20.222] [info] [task_scheduler.cpp:462] [mgpu-audit] pipeline_task dispatched to GPU 0 task_id=75
[2026-07-09 04:36:20.222] [info] [task_scheduler.cpp:464] [locality-audit] dispatch task_id=75 preferred_device=0 actual_gpu=0
[2026-07-09 04:36:20.222] [info] [gpu_pipeline_task.cpp:188] [locality-audit] prepare_before pipeline_id=18 task_id=75 preferred_device=0 actual_gpu=0 target_tier=GPU target_device=0 input_bytes=1354568 local_bytes=1354568 remote_gpu_bytes=0 host_bytes=0 disk_bytes=0 batch_count=1
[2026-07-09 04:36:20.222] [info] [gpu_pipeline_task.cpp:188] [locality-audit] prepare_after pipeline_id=18 task_id=75 preferred_device=0 actual_gpu=0 target_tier=GPU target_device=0 input_bytes=1354568 local_bytes=1354568 remote_gpu_bytes=0 host_bytes=0 disk_bytes=0 batch_count=1
[2026-07-09 04:36:20.223] [info] [gpu_pipeline_task.cpp:321] [stage-audit] pipeline_id=18 task_id=75 operator_id=20 operator_name=RESULT_COLLECTOR stage_kind=RESULT operator_type=76 input_type=PIPELINEABLE output_type=PIPELINEABLE actual_gpu=0 pipeline_operator_count=1 input_batches=1 input_rows=27840 input_columns=4 input_bytes=1354568 output_batches=1 output_rows=27840 output_columns=4 output_bytes=1354568 byte_ratio=1.000000 row_ratio=1.000000 duration_us=2
[2026-07-09 04:36:20.243] [info] [gpu_pipeline_executor.cpp:118] GPU Pipeline Executor: task queue interrupted, stopping manager loop
[2026-07-09 04:36:20.243] [info] [gpu_pipeline_executor.cpp:118] GPU Pipeline Executor: task queue interrupted, stopping manager loop
[2026-07-09 04:36:20.245] [info] [physical_sirius_execution.cpp:165] Transparent GPU execution: query completed
[2026-07-09 04:36:20.257] [info] [sirius_context.cpp:217] QueryEnd
[2026-07-09 04:36:20.260] [info] [:] [host_pool] HOST:0 QueryEnd allocated=72351744 bytes peak=74448896 bytes free_blocks=443
[2026-07-09 04:36:20.261] [info] [:] [gpu_pool] GPU:0 QueryEnd allocated=0 bytes peak=4353101568 bytes reserved=0 bytes
[2026-07-09 04:36:20.261] [info] [:] [gpu_pool] GPU:1 QueryEnd allocated=0 bytes peak=4366993120 bytes reserved=0 bytes
[2026-07-09 04:36:20.275] [info] [:] [host_pool] HOST:0 QueryBegin allocated=72351744 bytes peak=74448896 bytes free_blocks=443
[2026-07-09 04:36:20.275] [info] [:] [gpu_pool] GPU:0 QueryBegin allocated=0 bytes peak=4353101568 bytes reserved=0 bytes
[2026-07-09 04:36:20.275] [info] [:] [gpu_pool] GPU:1 QueryBegin allocated=0 bytes peak=4366993120 bytes reserved=0 bytes
[2026-07-09 04:36:20.275] [info] [sirius_context.cpp:201] QueryBegin: SQL: SET gpu_execution = true;
[2026-07-09 04:36:20.275] [info] [sirius_context.cpp:217] QueryEnd
[2026-07-09 04:36:20.281] [info] [:] [host_pool] HOST:0 QueryEnd allocated=72351744 bytes peak=74448896 bytes free_blocks=443
[2026-07-09 04:36:20.281] [info] [:] [gpu_pool] GPU:0 QueryEnd allocated=0 bytes peak=4353101568 bytes reserved=0 bytes
[2026-07-09 04:36:20.281] [info] [:] [gpu_pool] GPU:1 QueryEnd allocated=0 bytes peak=4366993120 bytes reserved=0 bytes
[2026-07-09 04:36:20.281] [info] [:] [host_pool] HOST:0 QueryBegin allocated=72351744 bytes peak=74448896 bytes free_blocks=443
[2026-07-09 04:36:20.281] [info] [:] [gpu_pool] GPU:0 QueryBegin allocated=0 bytes peak=4353101568 bytes reserved=0 bytes
[2026-07-09 04:36:20.281] [info] [:] [gpu_pool] GPU:1 QueryBegin allocated=0 bytes peak=4366993120 bytes reserved=0 bytes
[2026-07-09 04:36:20.281] [info] [sirius_context.cpp:201] QueryBegin: SQL: select p.p_brand, p.p_type, p.p_size, count(distinct ps.ps_suppkey) as supplier_cnt from partsupp ps, part p where p.p_partkey = ps.ps_partkey and p.p_brand <> 'Brand#21' and p.p_type not like 'MEDIUM PLATED%' and p.p_size in (38, 2, 8, 31, 44, 5, 14, 24) and ps.ps_suppkey not in ( select s.s_suppkey from supplier s where s.s_comment like '%Customer%Complaints%' ) group by p.p_brand, p.p_type, p.p_size order by supplier_cnt desc, p.p_brand, p.p_type, p.p_size
[2026-07-09 04:36:20.298] [info] [sirius_plan_get.cpp:267] [sirius_plan_get] LogicalGet has dynamic_filters attached (channel key=0x556f748d87a0).
[2026-07-09 04:36:20.298] [info] [sirius_plan_comparison_join.cpp:601] [sirius_plan_comparison_join] Wired hash join with 1 dynamic-filter probe target(s) (build est 20000000 rows).
[2026-07-09 04:36:20.299] [info] [sirius_context.cpp:865] Transparent execution: Sirius physical plan generated successfully
[2026-07-09 04:36:20.300] [info] [sirius_context.cpp:877] Transparent execution: physical plan replaced with GPU operator
[2026-07-09 04:36:20.300] [info] [physical_sirius_execution.cpp:97] Transparent GPU execution: executing query
[2026-07-09 04:36:20.303] [info] [sirius_plan_get.cpp:267] [sirius_plan_get] LogicalGet has dynamic_filters attached (channel key=0x556f748d87a0).
[2026-07-09 04:36:20.303] [info] [sirius_plan_comparison_join.cpp:601] [sirius_plan_comparison_join] Wired hash join with 1 dynamic-filter probe target(s) (build est 20000000 rows).
[2026-07-09 04:36:20.303] [info] [sirius_engine.cpp:375] Query Plan:
=== Pipeline Overview ===
Pipeline #0: GPU_SCAN (id=21) -> FILTER (id=12)
  Output: -> PARTITION [port: default, barrier: FULL]
Pipeline #1: PARTITION (id=23)
  Input: <- Pipeline #0 [on: PARTITION (id=23), port: default, barrier: FULL]
  Dependencies: Pipeline #0
  Output: -> CONCAT [port: default, barrier: PARTIAL]
Pipeline #2: CONCAT (id=22)
  Input: <- Pipeline #1 [on: CONCAT (id=22), port: default, barrier: PARTIAL]
  Dependencies: Pipeline #1
  Output: -> HASH_JOIN [port: build, barrier: FULL]
Pipeline #3: GPU_SCAN (id=24)
  Output: -> PARTITION [port: default, barrier: FULL]
Pipeline #4: PARTITION (id=26)
  Input: <- Pipeline #3 [on: PARTITION (id=26), port: default, barrier: FULL]
  Dependencies: Pipeline #3
  Output: -> CONCAT [port: default, barrier: PARTIAL]
Pipeline #5: CONCAT (id=25)
  Input: <- Pipeline #4 [on: CONCAT (id=25), port: default, barrier: PARTIAL]
  Dependencies: Pipeline #4
  Output: -> HASH_JOIN [port: build, barrier: FULL]
Pipeline #6: GPU_SCAN (id=27) -> DYNAMIC_FILTER (id=28)
  Output: -> PARTITION [port: default, barrier: PARTIAL]
Pipeline #7: PARTITION (id=30)
  Input: <- Pipeline #6 [on: PARTITION (id=30), port: default, barrier: PARTIAL]
  Dependencies: Pipeline #6
  Output: -> CONCAT [port: default, barrier: PARTIAL]
Pipeline #8: CONCAT (id=29)
  Input: <- Pipeline #7 [on: CONCAT (id=29), port: default, barrier: PARTIAL]
  Dependencies: Pipeline #7
  Output: -> HASH_JOIN [port: default, barrier: FULL]
Pipeline #9: HASH_JOIN (id=13)
  Input: <- Pipeline #8 [on: HASH_JOIN (id=13), port: default, barrier: FULL]
  Input: <- Pipeline #2 [on: HASH_JOIN (id=13), port: build, barrier: FULL]
  Dependencies: Pipeline #2, Pipeline #8
  Output: -> PARTITION [port: default, barrier: PARTIAL]
Pipeline #10: PARTITION (id=32)
  Input: <- Pipeline #9 [on: PARTITION (id=32), port: default, barrier: PARTIAL]
  Dependencies: Pipeline #9
  Output: -> CONCAT [port: default, barrier: PARTIAL]
Pipeline #11: CONCAT (id=31)
  Input: <- Pipeline #10 [on: CONCAT (id=31), port: default, barrier: PARTIAL]
  Dependencies: Pipeline #10
  Output: -> HASH_JOIN [port: default, barrier: FULL]
Pipeline #12: HASH_JOIN (id=15) -> FILTER (id=16) -> PROJECTION (id=17) -> HASH_GROUP_BY (id=18)
  Input: <- Pipeline #11 [on: HASH_JOIN (id=15), port: default, barrier: FULL]
  Input: <- Pipeline #5 [on: HASH_JOIN (id=15), port: build, barrier: FULL]
  Dependencies: Pipeline #5, Pipeline #11
  Output: -> PARTITION [port: default, barrier: FULL]
Pipeline #13: PARTITION (id=33)
  Input: <- Pipeline #12 [on: PARTITION (id=33), port: default, barrier: FULL]
  Dependencies: Pipeline #12
  Output: -> MERGE_GROUP_BY [port: default, barrier: FULL]
Pipeline #14: MERGE_GROUP_BY (id=34)
  Input: <- Pipeline #13 [on: MERGE_GROUP_BY (id=34), port: default, barrier: FULL]
  Dependencies: Pipeline #13
  Output: -> ORDER_BY [port: default, barrier: FULL]
Pipeline #15: ORDER_BY (id=19)
  Input: <- Pipeline #14 [on: ORDER_BY (id=19), port: default, barrier: FULL]
  Dependencies: Pipeline #14
  Output: -> SORT_SAMPLE [port: default, barrier: PIPELINE]
Pipeline #16: SORT_SAMPLE (id=35) -> SORT_PARTITION (id=36)
  Input: <- Pipeline #15 [on: SORT_SAMPLE (id=35), port: default, barrier: PIPELINE]
  Dependencies: Pipeline #15
  Output: -> MERGE_SORT [port: default, barrier: FULL]
Pipeline #17: MERGE_SORT (id=37)
  Input: <- Pipeline #16 [on: MERGE_SORT (id=37), port: default, barrier: FULL]
  Dependencies: Pipeline #16
  Output: -> RESULT_COLLECTOR [port: default, barrier: FULL]
Pipeline #18: RESULT_COLLECTOR (id=20)
  Input: <- Pipeline #17 [on: RESULT_COLLECTOR (id=20), port: default, barrier: FULL]
  Dependencies: Pipeline #17

=== Query Plan DAG ===
┌──────────────────────────┐                                                        
│ Pipeline #18             │                                                        
│ RESULT_COLLECTOR (id=20) │                                                        
│ Input(#17): FULL         │                                                        
└────────────┬─────────────┘                                                        
             │                                                                      
┌──────────────────────────┐                                                        
│ Pipeline #17             │                                                        
│ MERGE_SORT (id=37)       │                                                        
│ Input(#16): FULL         │                                                        
└────────────┬─────────────┘                                                        
             │                                                                      
┌──────────────────────────┐                                                        
│ Pipeline #16             │                                                        
│ SORT_PARTITION (id=36)   │                                                        
│ SORT_SAMPLE (id=35)      │                                                        
│ Input(#15): PIPELINE     │                                                        
└────────────┬─────────────┘                                                        
             │                                                                      
┌──────────────────────────┐                                                        
│ Pipeline #15             │                                                        
│ ORDER_BY (id=19)         │                                                        
│ Input(#14): FULL         │                                                        
└────────────┬─────────────┘                                                        
             │                                                                      
┌──────────────────────────┐                                                        
│ Pipeline #14             │                                                        
│ MERGE_GROUP_BY (id=34)   │                                                        
│ Input(#13): FULL         │                                                        
└────────────┬─────────────┘                                                        
             │                                                                      
┌──────────────────────────┐                                                        
│ Pipeline #13             │                                                        
│ PARTITION (id=33)        │                                                        
│ Input(#12): FULL         │                                                        
└────────────┬─────────────┘                                                        
             │                                                                      
┌──────────────────────────┐                                                        
│ Pipeline #12             │                                                        
│ HASH_GROUP_BY (id=18)    │                                                        
│ PROJECTION (id=17)       │                                                        
│ FILTER (id=16)           │                                                        
│ HASH_JOIN (id=15)        │                                                        
│   type: MARK             │                                                        
│ Input(#11): FULL         │                                                        
│ Input(#5): FULL          │                                                        
└────────────┬─────────────┘                                                        
             ┌───────────────────────────┐                                          
             │                           │                                          
┌──────────────────────────┐┌──────────────────────────┐                            
│ Pipeline #5              ││ Pipeline #11             │                            
│ CONCAT (id=25)           ││ CONCAT (id=31)           │                            
│ Input(#4): PARTIAL       ││ Input(#10): PARTIAL      │                            
└────────────┬─────────────┘└────────────┬─────────────┘                            
             │                           │                                          
┌──────────────────────────┐┌──────────────────────────┐                            
│ Pipeline #4              ││ Pipeline #10             │                            
│ PARTITION (id=26)        ││ PARTITION (id=32)        │                            
│ Input(#3): FULL          ││ Input(#9): PARTIAL       │                            
└────────────┬─────────────┘└────────────┬─────────────┘                            
             │                           │                                          
┌──────────────────────────┐┌──────────────────────────┐                            
│ Pipeline #3              ││ Pipeline #9              │                            
│ GPU_SCAN (id=24)         ││ HASH_JOIN (id=13)        │                            
│                          ││   type: INNER            │                            
│                          ││ Input(#8): FULL          │                            
│                          ││ Input(#2): FULL          │                            
└──────────────────────────┘└────────────┬─────────────┘                            
                                         ┌───────────────────────────┐              
                                         │                           │              
                            ┌──────────────────────────┐┌──────────────────────────┐
                            │ Pipeline #2              ││ Pipeline #8              │
                            │ CONCAT (id=22)           ││ CONCAT (id=29)           │
                            │ Input(#1): PARTIAL       ││ Input(#7): PARTIAL       │
                            └────────────┬─────────────┘└────────────┬─────────────┘
                                         │                           │              
                            ┌──────────────────────────┐┌──────────────────────────┐
                            │ Pipeline #1              ││ Pipeline #7              │
                            │ PARTITION (id=23)        ││ PARTITION (id=30)        │
                            │ Input(#0): FULL          ││ Input(#6): PARTIAL       │
                            └────────────┬─────────────┘└────────────┬─────────────┘
                                         │                           │              
                            ┌──────────────────────────┐┌──────────────────────────┐
                            │ Pipeline #0              ││ Pipeline #6              │
                            │ FILTER (id=12)           ││ DYNAMIC_FILTER (id=28)   │
                            │ GPU_SCAN (id=21)         ││ GPU_SCAN (id=27)         │
                            └──────────────────────────┘└──────────────────────────┘

[2026-07-09 04:36:20.306] [info] [parquet_gpu_ingestible.cpp:250] [coalesce-debug] parquet_batch_coalescer emit #1: 1 slice(s), acc_bytes=443331651, cap=536870912
[2026-07-09 04:36:20.306] [info] [load_balancing_scan_batch_coalescer.cpp:96] [coalesce-debug] load_balancer emit pipeline=0 -> preferred GPU 0
[2026-07-09 04:36:20.312] [info] [parquet_gpu_ingestible.cpp:250] [coalesce-debug] parquet_batch_coalescer emit #1: 1 slice(s), acc_bytes=8124997, cap=536870912
[2026-07-09 04:36:20.312] [info] [load_balancing_scan_batch_coalescer.cpp:96] [coalesce-debug] load_balancer emit pipeline=3 -> preferred GPU 1
[2026-07-09 04:36:20.312] [info] [parquet_gpu_ingestible.cpp:250] [coalesce-debug] parquet_batch_coalescer emit #1: 1 slice(s), acc_bytes=535058976, cap=536870912
[2026-07-09 04:36:20.312] [info] [parquet_gpu_ingestible.cpp:250] [coalesce-debug] parquet_batch_coalescer emit #2: 1 slice(s), acc_bytes=536793244, cap=536870912
[2026-07-09 04:36:20.312] [info] [load_balancing_scan_batch_coalescer.cpp:96] [coalesce-debug] load_balancer emit pipeline=6 -> preferred GPU 0
[2026-07-09 04:36:20.315] [info] [task_scheduler.cpp:462] [mgpu-audit] pipeline_task dispatched to GPU 0 task_id=76
[2026-07-09 04:36:20.315] [info] [task_scheduler.cpp:464] [locality-audit] dispatch task_id=76 preferred_device=0 actual_gpu=0
[2026-07-09 04:36:20.320] [info] [load_balancing_scan_batch_coalescer.cpp:96] [coalesce-debug] load_balancer emit pipeline=6 -> preferred GPU 1
[2026-07-09 04:36:20.330] [info] [parquet_gpu_ingestible.cpp:250] [coalesce-debug] parquet_batch_coalescer emit #3: 1 slice(s), acc_bytes=228147610, cap=536870912
[2026-07-09 04:36:20.330] [info] [load_balancing_scan_batch_coalescer.cpp:96] [coalesce-debug] load_balancer emit pipeline=6 -> preferred GPU 0
[2026-07-09 04:36:20.404] [info] [gpu_pipeline_task.cpp:321] [stage-audit] pipeline_id=0 task_id=76 operator_id=21 operator_name=GPU_SCAN stage_kind=SCAN operator_type=94 input_type=GPU_SCAN output_type=PIPELINEABLE actual_gpu=0 pipeline_operator_count=2 input_batches=0 input_rows=0 input_columns=0 input_bytes=0 output_batches=1 output_rows=18560830 output_columns=4 output_bytes=912359912 byte_ratio=0.000000 row_ratio=0.000000 duration_us=86317
[2026-07-09 04:36:20.411] [info] [gpu_pipeline_task.cpp:321] [stage-audit] pipeline_id=0 task_id=76 operator_id=12 operator_name=FILTER stage_kind=FILTER operator_type=12 input_type=PIPELINEABLE output_type=PIPELINEABLE actual_gpu=0 pipeline_operator_count=2 input_batches=1 input_rows=18560830 input_columns=4 input_bytes=912359912 output_batches=1 output_rows=2970570 output_columns=4 output_bytes=146017698 byte_ratio=0.160044 row_ratio=0.160045 duration_us=6403
[2026-07-09 04:36:20.411] [info] [task_creator.cpp:363] [locality-audit] task_create operator_id=23 input_bytes=146017698 local_bytes=146017698 gpu_source_bytes=146017698 host_source_bytes=0 disk_source_bytes=0 gpu_sources=1 host_sources=0 preferred_device=0
[2026-07-09 04:36:20.411] [info] [task_scheduler.cpp:462] [mgpu-audit] pipeline_task dispatched to GPU 0 task_id=77
[2026-07-09 04:36:20.411] [info] [task_scheduler.cpp:464] [locality-audit] dispatch task_id=77 preferred_device=0 actual_gpu=0
[2026-07-09 04:36:20.411] [info] [gpu_pipeline_task.cpp:188] [locality-audit] prepare_before pipeline_id=1 task_id=77 preferred_device=0 actual_gpu=0 target_tier=GPU target_device=0 input_bytes=146017698 local_bytes=146017698 remote_gpu_bytes=0 host_bytes=0 disk_bytes=0 batch_count=1
[2026-07-09 04:36:20.411] [info] [gpu_pipeline_task.cpp:188] [locality-audit] prepare_after pipeline_id=1 task_id=77 preferred_device=0 actual_gpu=0 target_tier=GPU target_device=0 input_bytes=146017698 local_bytes=146017698 remote_gpu_bytes=0 host_bytes=0 disk_bytes=0 batch_count=1
[2026-07-09 04:36:20.415] [info] [gpu_pipeline_task.cpp:321] [stage-audit] pipeline_id=1 task_id=77 operator_id=23 operator_name=PARTITION stage_kind=PARTITION operator_type=82 input_type=PIPELINEABLE output_type=PIPELINEABLE actual_gpu=0 pipeline_operator_count=1 input_batches=1 input_rows=2970570 input_columns=4 input_bytes=146017698 output_batches=2 output_rows=2970570 output_columns=8 output_bytes=145275178 byte_ratio=0.994915 row_ratio=1.000000 duration_us=3761
[2026-07-09 04:36:20.415] [info] [task_scheduler.cpp:462] [mgpu-audit] pipeline_task dispatched to GPU 1 task_id=79
[2026-07-09 04:36:20.415] [info] [task_scheduler.cpp:464] [locality-audit] dispatch task_id=79 preferred_device=1 actual_gpu=1
[2026-07-09 04:36:20.415] [info] [task_scheduler.cpp:462] [mgpu-audit] pipeline_task dispatched to GPU 0 task_id=78
[2026-07-09 04:36:20.415] [info] [task_scheduler.cpp:464] [locality-audit] dispatch task_id=78 preferred_device=0 actual_gpu=0
[2026-07-09 04:36:20.415] [info] [gpu_pipeline_task.cpp:188] [locality-audit] prepare_before pipeline_id=2 task_id=79 preferred_device=1 actual_gpu=1 target_tier=GPU target_device=1 input_bytes=72646306 local_bytes=0 remote_gpu_bytes=72646306 host_bytes=0 disk_bytes=0 batch_count=1
[2026-07-09 04:36:20.416] [info] [gpu_pipeline_task.cpp:188] [locality-audit] prepare_before pipeline_id=2 task_id=78 preferred_device=0 actual_gpu=0 target_tier=GPU target_device=0 input_bytes=72628872 local_bytes=72628872 remote_gpu_bytes=0 host_bytes=0 disk_bytes=0 batch_count=1
[2026-07-09 04:36:20.416] [info] [gpu_pipeline_task.cpp:188] [locality-audit] prepare_after pipeline_id=2 task_id=78 preferred_device=0 actual_gpu=0 target_tier=GPU target_device=0 input_bytes=72628872 local_bytes=72628872 remote_gpu_bytes=0 host_bytes=0 disk_bytes=0 batch_count=1
[2026-07-09 04:36:20.416] [info] [gpu_pipeline_task.cpp:321] [stage-audit] pipeline_id=2 task_id=78 operator_id=22 operator_name=CONCAT stage_kind=CONCAT operator_type=83 input_type=PARTITIONED output_type=PARTITIONED actual_gpu=0 pipeline_operator_count=1 input_batches=1 input_rows=1485087 input_columns=4 input_bytes=72628872 output_batches=1 output_rows=1485087 output_columns=4 output_bytes=72628872 byte_ratio=1.000000 row_ratio=1.000000 duration_us=10
[2026-07-09 04:36:20.419] [info] [gpu_pipeline_task.cpp:188] [locality-audit] prepare_after pipeline_id=2 task_id=79 preferred_device=1 actual_gpu=1 target_tier=GPU target_device=1 input_bytes=72646306 local_bytes=72646306 remote_gpu_bytes=0 host_bytes=0 disk_bytes=0 batch_count=1
[2026-07-09 04:36:20.419] [info] [gpu_pipeline_task.cpp:321] [stage-audit] pipeline_id=2 task_id=79 operator_id=22 operator_name=CONCAT stage_kind=CONCAT operator_type=83 input_type=PARTITIONED output_type=PARTITIONED actual_gpu=1 pipeline_operator_count=1 input_batches=1 input_rows=1485483 input_columns=4 input_bytes=72646306 output_batches=1 output_rows=1485483 output_columns=4 output_bytes=72646306 byte_ratio=1.000000 row_ratio=1.000000 duration_us=2
[2026-07-09 04:36:20.426] [info] [task_scheduler.cpp:462] [mgpu-audit] pipeline_task dispatched to GPU 0 task_id=80
[2026-07-09 04:36:20.426] [info] [task_scheduler.cpp:464] [locality-audit] dispatch task_id=80 preferred_device=0 actual_gpu=0
[2026-07-09 04:36:20.430] [info] [task_scheduler.cpp:462] [mgpu-audit] pipeline_task dispatched to GPU 1 task_id=81
[2026-07-09 04:36:20.430] [info] [task_scheduler.cpp:464] [locality-audit] dispatch task_id=81 preferred_device=1 actual_gpu=1
[2026-07-09 04:36:20.434] [info] [task_scheduler.cpp:462] [mgpu-audit] pipeline_task dispatched to GPU 0 task_id=82
[2026-07-09 04:36:20.434] [info] [task_scheduler.cpp:464] [locality-audit] dispatch task_id=82 preferred_device=0 actual_gpu=0
[2026-07-09 04:36:20.609] [info] [gpu_pipeline_task.cpp:321] [stage-audit] pipeline_id=6 task_id=81 operator_id=27 operator_name=GPU_SCAN stage_kind=SCAN operator_type=94 input_type=GPU_SCAN output_type=PIPELINEABLE actual_gpu=1 pipeline_operator_count=2 input_batches=0 input_rows=0 input_columns=0 input_bytes=0 output_batches=1 output_rows=33033435 output_columns=2 output_bytes=536793392 byte_ratio=0.000000 row_ratio=0.000000 duration_us=174183
[2026-07-09 04:36:20.609] [info] [gpu_pipeline_task.cpp:321] [stage-audit] pipeline_id=6 task_id=81 operator_id=28 operator_name=DYNAMIC_FILTER stage_kind=OTHER operator_type=95 input_type=PIPELINEABLE output_type=PIPELINEABLE actual_gpu=1 pipeline_operator_count=2 input_batches=1 input_rows=33033435 input_columns=2 input_bytes=536793392 output_batches=1 output_rows=33033435 output_columns=2 output_bytes=536793392 byte_ratio=1.000000 row_ratio=1.000000 duration_us=1
[2026-07-09 04:36:20.609] [info] [task_creator.cpp:363] [locality-audit] task_create operator_id=30 input_bytes=536793392 local_bytes=536793392 gpu_source_bytes=536793392 host_source_bytes=0 disk_source_bytes=0 gpu_sources=1 host_sources=0 preferred_device=1
[2026-07-09 04:36:20.609] [info] [task_scheduler.cpp:462] [mgpu-audit] pipeline_task dispatched to GPU 1 task_id=83
[2026-07-09 04:36:20.609] [info] [task_scheduler.cpp:464] [locality-audit] dispatch task_id=83 preferred_device=1 actual_gpu=1
[2026-07-09 04:36:20.609] [info] [gpu_pipeline_task.cpp:188] [locality-audit] prepare_before pipeline_id=7 task_id=83 preferred_device=1 actual_gpu=1 target_tier=GPU target_device=1 input_bytes=536793392 local_bytes=536793392 remote_gpu_bytes=0 host_bytes=0 disk_bytes=0 batch_count=1
[2026-07-09 04:36:20.610] [info] [gpu_pipeline_task.cpp:188] [locality-audit] prepare_after pipeline_id=7 task_id=83 preferred_device=1 actual_gpu=1 target_tier=GPU target_device=1 input_bytes=536793392 local_bytes=536793392 remote_gpu_bytes=0 host_bytes=0 disk_bytes=0 batch_count=1
[2026-07-09 04:36:20.610] [info] [gpu_pipeline_task.cpp:321] [stage-audit] pipeline_id=6 task_id=80 operator_id=27 operator_name=GPU_SCAN stage_kind=SCAN operator_type=94 input_type=GPU_SCAN output_type=PIPELINEABLE actual_gpu=0 pipeline_operator_count=2 input_batches=0 input_rows=0 input_columns=0 input_bytes=0 output_batches=1 output_rows=32926711 output_columns=2 output_bytes=535059056 byte_ratio=0.000000 row_ratio=0.000000 duration_us=179711
[2026-07-09 04:36:20.610] [info] [gpu_pipeline_task.cpp:321] [stage-audit] pipeline_id=6 task_id=80 operator_id=28 operator_name=DYNAMIC_FILTER stage_kind=OTHER operator_type=95 input_type=PIPELINEABLE output_type=PIPELINEABLE actual_gpu=0 pipeline_operator_count=2 input_batches=1 input_rows=32926711 input_columns=2 input_bytes=535059056 output_batches=1 output_rows=32926711 output_columns=2 output_bytes=535059056 byte_ratio=1.000000 row_ratio=1.000000 duration_us=2
[2026-07-09 04:36:20.610] [info] [task_creator.cpp:363] [locality-audit] task_create operator_id=30 input_bytes=535059056 local_bytes=535059056 gpu_source_bytes=535059056 host_source_bytes=0 disk_source_bytes=0 gpu_sources=1 host_sources=0 preferred_device=0
[2026-07-09 04:36:20.610] [info] [task_scheduler.cpp:462] [mgpu-audit] pipeline_task dispatched to GPU 0 task_id=84
[2026-07-09 04:36:20.610] [info] [task_scheduler.cpp:464] [locality-audit] dispatch task_id=84 preferred_device=0 actual_gpu=0
[2026-07-09 04:36:20.610] [info] [gpu_pipeline_task.cpp:188] [locality-audit] prepare_before pipeline_id=7 task_id=84 preferred_device=0 actual_gpu=0 target_tier=GPU target_device=0 input_bytes=535059056 local_bytes=535059056 remote_gpu_bytes=0 host_bytes=0 disk_bytes=0 batch_count=1
[2026-07-09 04:36:20.610] [info] [gpu_pipeline_task.cpp:188] [locality-audit] prepare_after pipeline_id=7 task_id=84 preferred_device=0 actual_gpu=0 target_tier=GPU target_device=0 input_bytes=535059056 local_bytes=535059056 remote_gpu_bytes=0 host_bytes=0 disk_bytes=0 batch_count=1
[2026-07-09 04:36:20.615] [info] [gpu_pipeline_task.cpp:321] [stage-audit] pipeline_id=7 task_id=83 operator_id=30 operator_name=PARTITION stage_kind=PARTITION operator_type=82 input_type=PIPELINEABLE output_type=PIPELINEABLE actual_gpu=1 pipeline_operator_count=1 input_batches=1 input_rows=33033435 input_columns=2 input_bytes=536793392 output_batches=2 output_rows=33033435 output_columns=4 output_bytes=528534960 byte_ratio=0.984615 row_ratio=1.000000 duration_us=5178
[2026-07-09 04:36:20.615] [info] [gpu_pipeline_task.cpp:321] [stage-audit] pipeline_id=7 task_id=84 operator_id=30 operator_name=PARTITION stage_kind=PARTITION operator_type=82 input_type=PIPELINEABLE output_type=PIPELINEABLE actual_gpu=0 pipeline_operator_count=1 input_batches=1 input_rows=32926711 input_columns=2 input_bytes=535059056 output_batches=2 output_rows=32926711 output_columns=4 output_bytes=526827376 byte_ratio=0.984615 row_ratio=1.000000 duration_us=5161
[2026-07-09 04:36:20.669] [info] [gpu_pipeline_task.cpp:321] [stage-audit] pipeline_id=6 task_id=82 operator_id=27 operator_name=GPU_SCAN stage_kind=SCAN operator_type=94 input_type=GPU_SCAN output_type=PIPELINEABLE actual_gpu=0 pipeline_operator_count=2 input_batches=0 input_rows=0 input_columns=0 input_bytes=0 output_batches=1 output_rows=14039854 output_columns=2 output_bytes=228147680 byte_ratio=0.000000 row_ratio=0.000000 duration_us=58099
[2026-07-09 04:36:20.669] [info] [gpu_pipeline_task.cpp:321] [stage-audit] pipeline_id=6 task_id=82 operator_id=28 operator_name=DYNAMIC_FILTER stage_kind=OTHER operator_type=95 input_type=PIPELINEABLE output_type=PIPELINEABLE actual_gpu=0 pipeline_operator_count=2 input_batches=1 input_rows=14039854 input_columns=2 input_bytes=228147680 output_batches=1 output_rows=14039854 output_columns=2 output_bytes=228147680 byte_ratio=1.000000 row_ratio=1.000000 duration_us=1
[2026-07-09 04:36:20.669] [info] [task_creator.cpp:363] [locality-audit] task_create operator_id=30 input_bytes=228147680 local_bytes=228147680 gpu_source_bytes=228147680 host_source_bytes=0 disk_source_bytes=0 gpu_sources=1 host_sources=0 preferred_device=0
[2026-07-09 04:36:20.670] [info] [task_scheduler.cpp:462] [mgpu-audit] pipeline_task dispatched to GPU 0 task_id=85
[2026-07-09 04:36:20.670] [info] [task_scheduler.cpp:464] [locality-audit] dispatch task_id=85 preferred_device=0 actual_gpu=0
[2026-07-09 04:36:20.670] [info] [gpu_pipeline_task.cpp:188] [locality-audit] prepare_before pipeline_id=7 task_id=85 preferred_device=0 actual_gpu=0 target_tier=GPU target_device=0 input_bytes=228147680 local_bytes=228147680 remote_gpu_bytes=0 host_bytes=0 disk_bytes=0 batch_count=1
[2026-07-09 04:36:20.670] [info] [gpu_pipeline_task.cpp:188] [locality-audit] prepare_after pipeline_id=7 task_id=85 preferred_device=0 actual_gpu=0 target_tier=GPU target_device=0 input_bytes=228147680 local_bytes=228147680 remote_gpu_bytes=0 host_bytes=0 disk_bytes=0 batch_count=1
[2026-07-09 04:36:20.672] [info] [gpu_pipeline_task.cpp:321] [stage-audit] pipeline_id=7 task_id=85 operator_id=30 operator_name=PARTITION stage_kind=PARTITION operator_type=82 input_type=PIPELINEABLE output_type=PIPELINEABLE actual_gpu=0 pipeline_operator_count=1 input_batches=1 input_rows=14039854 input_columns=2 input_bytes=228147680 output_batches=2 output_rows=14039854 output_columns=4 output_bytes=224637664 byte_ratio=0.984615 row_ratio=1.000000 duration_us=2415
[2026-07-09 04:36:20.672] [info] [task_scheduler.cpp:462] [mgpu-audit] pipeline_task dispatched to GPU 0 task_id=86
[2026-07-09 04:36:20.672] [info] [task_scheduler.cpp:464] [locality-audit] dispatch task_id=86 preferred_device=0 actual_gpu=0
[2026-07-09 04:36:20.672] [info] [task_scheduler.cpp:462] [mgpu-audit] pipeline_task dispatched to GPU 0 task_id=87
[2026-07-09 04:36:20.672] [info] [task_scheduler.cpp:464] [locality-audit] dispatch task_id=87 preferred_device=0 actual_gpu=0
[2026-07-09 04:36:20.672] [info] [task_scheduler.cpp:462] [mgpu-audit] pipeline_task dispatched to GPU 1 task_id=88
[2026-07-09 04:36:20.672] [info] [task_scheduler.cpp:464] [locality-audit] dispatch task_id=88 preferred_device=1 actual_gpu=1
[2026-07-09 04:36:20.672] [info] [task_scheduler.cpp:462] [mgpu-audit] pipeline_task dispatched to GPU 1 task_id=89
[2026-07-09 04:36:20.672] [info] [task_scheduler.cpp:464] [locality-audit] dispatch task_id=89 preferred_device=1 actual_gpu=1
[2026-07-09 04:36:20.672] [info] [gpu_pipeline_task.cpp:188] [locality-audit] prepare_before pipeline_id=8 task_id=88 preferred_device=1 actual_gpu=1 target_tier=GPU target_device=1 input_bytes=527604288 local_bytes=264234944 remote_gpu_bytes=263369344 host_bytes=0 disk_bytes=0 batch_count=2
[2026-07-09 04:36:20.672] [info] [gpu_pipeline_task.cpp:188] [locality-audit] prepare_before pipeline_id=8 task_id=86 preferred_device=0 actual_gpu=0 target_tier=GPU target_device=0 input_bytes=527758048 local_bytes=263458032 remote_gpu_bytes=264300016 host_bytes=0 disk_bytes=0 batch_count=2
[2026-07-09 04:36:20.673] [info] [gpu_pipeline_task.cpp:188] [locality-audit] prepare_before pipeline_id=8 task_id=89 preferred_device=1 actual_gpu=1 target_tier=GPU target_device=1 input_bytes=112192128 local_bytes=0 remote_gpu_bytes=112192128 host_bytes=0 disk_bytes=0 batch_count=1
[2026-07-09 04:36:20.673] [info] [gpu_pipeline_task.cpp:188] [locality-audit] prepare_before pipeline_id=8 task_id=87 preferred_device=0 actual_gpu=0 target_tier=GPU target_device=0 input_bytes=112445536 local_bytes=112445536 remote_gpu_bytes=0 host_bytes=0 disk_bytes=0 batch_count=1
[2026-07-09 04:36:20.673] [info] [gpu_pipeline_task.cpp:188] [locality-audit] prepare_after pipeline_id=8 task_id=87 preferred_device=0 actual_gpu=0 target_tier=GPU target_device=0 input_bytes=112445536 local_bytes=112445536 remote_gpu_bytes=0 host_bytes=0 disk_bytes=0 batch_count=1
[2026-07-09 04:36:20.673] [info] [gpu_pipeline_task.cpp:321] [stage-audit] pipeline_id=8 task_id=87 operator_id=29 operator_name=CONCAT stage_kind=CONCAT operator_type=83 input_type=PARTITIONED output_type=PARTITIONED actual_gpu=0 pipeline_operator_count=1 input_batches=1 input_rows=7027846 input_columns=2 input_bytes=112445536 output_batches=1 output_rows=7027846 output_columns=2 output_bytes=112445536 byte_ratio=1.000000 row_ratio=1.000000 duration_us=11
[2026-07-09 04:36:20.686] [info] [gpu_pipeline_task.cpp:188] [locality-audit] prepare_after pipeline_id=8 task_id=88 preferred_device=1 actual_gpu=1 target_tier=GPU target_device=1 input_bytes=527604288 local_bytes=527604288 remote_gpu_bytes=0 host_bytes=0 disk_bytes=0 batch_count=2
[2026-07-09 04:36:20.691] [info] [gpu_pipeline_task.cpp:188] [locality-audit] prepare_after pipeline_id=8 task_id=89 preferred_device=1 actual_gpu=1 target_tier=GPU target_device=1 input_bytes=112192128 local_bytes=112192128 remote_gpu_bytes=0 host_bytes=0 disk_bytes=0 batch_count=1
[2026-07-09 04:36:20.691] [info] [gpu_pipeline_task.cpp:321] [stage-audit] pipeline_id=8 task_id=89 operator_id=29 operator_name=CONCAT stage_kind=CONCAT operator_type=83 input_type=PARTITIONED output_type=PARTITIONED actual_gpu=1 pipeline_operator_count=1 input_batches=1 input_rows=7012008 input_columns=2 input_bytes=112192128 output_batches=1 output_rows=7012008 output_columns=2 output_bytes=112192128 byte_ratio=1.000000 row_ratio=1.000000 duration_us=2
[2026-07-09 04:36:20.698] [info] [gpu_pipeline_task.cpp:321] [stage-audit] pipeline_id=8 task_id=88 operator_id=29 operator_name=CONCAT stage_kind=CONCAT operator_type=83 input_type=PARTITIONED output_type=PARTITIONED actual_gpu=1 pipeline_operator_count=1 input_batches=2 input_rows=32975268 input_columns=4 input_bytes=527604288 output_batches=1 output_rows=32975268 output_columns=2 output_bytes=527604288 byte_ratio=1.000000 row_ratio=1.000000 duration_us=12044
[2026-07-09 04:36:20.699] [info] [gpu_pipeline_task.cpp:188] [locality-audit] prepare_after pipeline_id=8 task_id=86 preferred_device=0 actual_gpu=0 target_tier=GPU target_device=0 input_bytes=527758048 local_bytes=527758048 remote_gpu_bytes=0 host_bytes=0 disk_bytes=0 batch_count=2
[2026-07-09 04:36:20.712] [info] [gpu_pipeline_task.cpp:321] [stage-audit] pipeline_id=8 task_id=86 operator_id=29 operator_name=CONCAT stage_kind=CONCAT operator_type=83 input_type=PARTITIONED output_type=PARTITIONED actual_gpu=0 pipeline_operator_count=1 input_batches=2 input_rows=32984878 input_columns=4 input_bytes=527758048 output_batches=1 output_rows=32984878 output_columns=2 output_bytes=527758048 byte_ratio=1.000000 row_ratio=1.000000 duration_us=12890
[2026-07-09 04:36:20.712] [info] [task_scheduler.cpp:462] [mgpu-audit] pipeline_task dispatched to GPU 1 task_id=92
[2026-07-09 04:36:20.712] [info] [task_scheduler.cpp:464] [locality-audit] dispatch task_id=92 preferred_device=1 actual_gpu=1
[2026-07-09 04:36:20.712] [info] [task_scheduler.cpp:462] [mgpu-audit] pipeline_task dispatched to GPU 0 task_id=90
[2026-07-09 04:36:20.712] [info] [task_scheduler.cpp:464] [locality-audit] dispatch task_id=90 preferred_device=0 actual_gpu=0
[2026-07-09 04:36:20.712] [info] [task_scheduler.cpp:462] [mgpu-audit] pipeline_task dispatched to GPU 0 task_id=91
[2026-07-09 04:36:20.712] [info] [task_scheduler.cpp:464] [locality-audit] dispatch task_id=91 preferred_device=0 actual_gpu=0
[2026-07-09 04:36:20.712] [info] [task_scheduler.cpp:462] [mgpu-audit] pipeline_task dispatched to GPU 1 task_id=93
[2026-07-09 04:36:20.712] [info] [task_scheduler.cpp:464] [locality-audit] dispatch task_id=93 preferred_device=1 actual_gpu=1
[2026-07-09 04:36:20.713] [info] [gpu_pipeline_task.cpp:188] [locality-audit] prepare_before pipeline_id=9 task_id=90 preferred_device=0 actual_gpu=0 target_tier=GPU target_device=0 input_bytes=185074408 local_bytes=185074408 remote_gpu_bytes=0 host_bytes=0 disk_bytes=0 batch_count=2
[2026-07-09 04:36:20.713] [info] [gpu_pipeline_task.cpp:188] [locality-audit] prepare_after pipeline_id=9 task_id=90 preferred_device=0 actual_gpu=0 target_tier=GPU target_device=0 input_bytes=185074408 local_bytes=185074408 remote_gpu_bytes=0 host_bytes=0 disk_bytes=0 batch_count=2
[2026-07-09 04:36:20.713] [info] [gpu_pipeline_task.cpp:188] [locality-audit] prepare_before pipeline_id=9 task_id=93 preferred_device=1 actual_gpu=1 target_tier=GPU target_device=1 input_bytes=600250594 local_bytes=600250594 remote_gpu_bytes=0 host_bytes=0 disk_bytes=0 batch_count=2
[2026-07-09 04:36:20.713] [info] [gpu_pipeline_task.cpp:188] [locality-audit] prepare_before pipeline_id=9 task_id=92 preferred_device=1 actual_gpu=1 target_tier=GPU target_device=1 input_bytes=184838434 local_bytes=184838434 remote_gpu_bytes=0 host_bytes=0 disk_bytes=0 batch_count=2
[2026-07-09 04:36:20.713] [info] [gpu_pipeline_task.cpp:188] [locality-audit] prepare_after pipeline_id=9 task_id=93 preferred_device=1 actual_gpu=1 target_tier=GPU target_device=1 input_bytes=600250594 local_bytes=600250594 remote_gpu_bytes=0 host_bytes=0 disk_bytes=0 batch_count=2
[2026-07-09 04:36:20.713] [info] [gpu_pipeline_task.cpp:188] [locality-audit] prepare_after pipeline_id=9 task_id=92 preferred_device=1 actual_gpu=1 target_tier=GPU target_device=1 input_bytes=184838434 local_bytes=184838434 remote_gpu_bytes=0 host_bytes=0 disk_bytes=0 batch_count=2
[2026-07-09 04:36:20.713] [info] [gpu_pipeline_task.cpp:188] [locality-audit] prepare_before pipeline_id=9 task_id=91 preferred_device=0 actual_gpu=0 target_tier=GPU target_device=0 input_bytes=600386920 local_bytes=600386920 remote_gpu_bytes=0 host_bytes=0 disk_bytes=0 batch_count=2
[2026-07-09 04:36:20.713] [info] [gpu_pipeline_task.cpp:188] [locality-audit] prepare_after pipeline_id=9 task_id=91 preferred_device=0 actual_gpu=0 target_tier=GPU target_device=0 input_bytes=600386920 local_bytes=600386920 remote_gpu_bytes=0 host_bytes=0 disk_bytes=0 batch_count=2
[2026-07-09 04:36:20.727] [info] [gpu_pipeline_task.cpp:321] [stage-audit] pipeline_id=9 task_id=93 operator_id=13 operator_name=HASH_JOIN stage_kind=JOIN operator_type=33 input_type=PARTITIONED output_type=PIPELINEABLE actual_gpu=1 pipeline_operator_count=1 input_batches=2 input_rows=34460751 input_columns=6 input_bytes=600250594 output_batches=1 output_rows=4898196 output_columns=4 output_bytes=239547204 byte_ratio=0.399079 row_ratio=0.142138 duration_us=14422
[2026-07-09 04:36:20.727] [info] [gpu_pipeline_task.cpp:321] [stage-audit] pipeline_id=9 task_id=92 operator_id=13 operator_name=HASH_JOIN stage_kind=JOIN operator_type=33 input_type=PARTITIONED output_type=PIPELINEABLE actual_gpu=1 pipeline_operator_count=1 input_batches=2 input_rows=8497491 input_columns=6 input_bytes=184838434 output_batches=1 output_rows=1043736 output_columns=4 output_bytes=51037748 byte_ratio=0.276121 row_ratio=0.122829 duration_us=14387
[2026-07-09 04:36:20.727] [info] [gpu_pipeline_task.cpp:321] [stage-audit] pipeline_id=9 task_id=90 operator_id=13 operator_name=HASH_JOIN stage_kind=JOIN operator_type=33 input_type=PARTITIONED output_type=PIPELINEABLE actual_gpu=0 pipeline_operator_count=1 input_batches=2 input_rows=8512933 input_columns=6 input_bytes=185074408 output_batches=1 output_rows=1045702 output_columns=4 output_bytes=51141118 byte_ratio=0.276327 row_ratio=0.122837 duration_us=14618
[2026-07-09 04:36:20.728] [info] [gpu_pipeline_task.cpp:321] [stage-audit] pipeline_id=9 task_id=91 operator_id=13 operator_name=HASH_JOIN stage_kind=JOIN operator_type=33 input_type=PARTITIONED output_type=PIPELINEABLE actual_gpu=0 pipeline_operator_count=1 input_batches=2 input_rows=34469965 input_columns=6 input_bytes=600386920 output_batches=1 output_rows=4894646 output_columns=4 output_bytes=239374226 byte_ratio=0.398700 row_ratio=0.141997 duration_us=14918
[2026-07-09 04:36:20.728] [info] [task_scheduler.cpp:462] [mgpu-audit] pipeline_task dispatched to GPU 1 task_id=94
[2026-07-09 04:36:20.728] [info] [task_scheduler.cpp:464] [locality-audit] dispatch task_id=94 preferred_device=1 actual_gpu=1
[2026-07-09 04:36:20.828] [info] [gpu_pipeline_task.cpp:321] [stage-audit] pipeline_id=3 task_id=94 operator_id=24 operator_name=GPU_SCAN stage_kind=SCAN operator_type=94 input_type=GPU_SCAN output_type=PIPELINEABLE actual_gpu=1 pipeline_operator_count=1 input_batches=0 input_rows=0 input_columns=0 input_bytes=0 output_batches=1 output_rows=479 output_columns=1 output_bytes=3896 byte_ratio=0.000000 row_ratio=0.000000 duration_us=99675
[2026-07-09 04:36:20.828] [info] [task_creator.cpp:363] [locality-audit] task_create operator_id=26 input_bytes=3896 local_bytes=3896 gpu_source_bytes=3896 host_source_bytes=0 disk_source_bytes=0 gpu_sources=1 host_sources=0 preferred_device=1
[2026-07-09 04:36:20.828] [info] [task_scheduler.cpp:462] [mgpu-audit] pipeline_task dispatched to GPU 1 task_id=95
[2026-07-09 04:36:20.828] [info] [task_scheduler.cpp:464] [locality-audit] dispatch task_id=95 preferred_device=1 actual_gpu=1
[2026-07-09 04:36:20.828] [info] [gpu_pipeline_task.cpp:188] [locality-audit] prepare_before pipeline_id=4 task_id=95 preferred_device=1 actual_gpu=1 target_tier=GPU target_device=1 input_bytes=3896 local_bytes=3896 remote_gpu_bytes=0 host_bytes=0 disk_bytes=0 batch_count=1
[2026-07-09 04:36:20.828] [info] [gpu_pipeline_task.cpp:188] [locality-audit] prepare_after pipeline_id=4 task_id=95 preferred_device=1 actual_gpu=1 target_tier=GPU target_device=1 input_bytes=3896 local_bytes=3896 remote_gpu_bytes=0 host_bytes=0 disk_bytes=0 batch_count=1
[2026-07-09 04:36:20.828] [info] [gpu_pipeline_task.cpp:321] [stage-audit] pipeline_id=4 task_id=95 operator_id=26 operator_name=PARTITION stage_kind=PARTITION operator_type=82 input_type=PIPELINEABLE output_type=PIPELINEABLE actual_gpu=1 pipeline_operator_count=1 input_batches=1 input_rows=479 input_columns=1 input_bytes=3896 output_batches=1 output_rows=479 output_columns=1 output_bytes=3896 byte_ratio=1.000000 row_ratio=1.000000 duration_us=10
[2026-07-09 04:36:20.829] [info] [task_scheduler.cpp:462] [mgpu-audit] pipeline_task dispatched to GPU 0 task_id=96
[2026-07-09 04:36:20.829] [info] [task_scheduler.cpp:464] [locality-audit] dispatch task_id=96 preferred_device=0 actual_gpu=0
[2026-07-09 04:36:20.829] [info] [gpu_pipeline_task.cpp:188] [locality-audit] prepare_before pipeline_id=5 task_id=96 preferred_device=0 actual_gpu=0 target_tier=GPU target_device=0 input_bytes=3896 local_bytes=0 remote_gpu_bytes=3896 host_bytes=0 disk_bytes=0 batch_count=1
[2026-07-09 04:36:20.829] [info] [gpu_pipeline_task.cpp:188] [locality-audit] prepare_after pipeline_id=5 task_id=96 preferred_device=0 actual_gpu=0 target_tier=GPU target_device=0 input_bytes=3896 local_bytes=3896 remote_gpu_bytes=0 host_bytes=0 disk_bytes=0 batch_count=1
[2026-07-09 04:36:20.829] [info] [gpu_pipeline_task.cpp:321] [stage-audit] pipeline_id=5 task_id=96 operator_id=25 operator_name=CONCAT stage_kind=CONCAT operator_type=83 input_type=PARTITIONED output_type=PARTITIONED actual_gpu=0 pipeline_operator_count=1 input_batches=1 input_rows=479 input_columns=1 input_bytes=3896 output_batches=1 output_rows=479 output_columns=1 output_bytes=3896 byte_ratio=1.000000 row_ratio=1.000000 duration_us=9
[2026-07-09 04:36:20.829] [info] [task_creator.cpp:363] [locality-audit] task_create operator_id=32 input_bytes=239547204 local_bytes=239547204 gpu_source_bytes=239547204 host_source_bytes=0 disk_source_bytes=0 gpu_sources=1 host_sources=0 preferred_device=1
[2026-07-09 04:36:20.829] [info] [task_creator.cpp:363] [locality-audit] task_create operator_id=32 input_bytes=51037748 local_bytes=51037748 gpu_source_bytes=51037748 host_source_bytes=0 disk_source_bytes=0 gpu_sources=1 host_sources=0 preferred_device=1
[2026-07-09 04:36:20.829] [info] [task_creator.cpp:363] [locality-audit] task_create operator_id=32 input_bytes=51141118 local_bytes=51141118 gpu_source_bytes=51141118 host_source_bytes=0 disk_source_bytes=0 gpu_sources=1 host_sources=0 preferred_device=0
[2026-07-09 04:36:20.829] [info] [task_scheduler.cpp:462] [mgpu-audit] pipeline_task dispatched to GPU 1 task_id=97
[2026-07-09 04:36:20.829] [info] [task_scheduler.cpp:464] [locality-audit] dispatch task_id=97 preferred_device=1 actual_gpu=1
[2026-07-09 04:36:20.829] [info] [task_creator.cpp:363] [locality-audit] task_create operator_id=32 input_bytes=239374226 local_bytes=239374226 gpu_source_bytes=239374226 host_source_bytes=0 disk_source_bytes=0 gpu_sources=1 host_sources=0 preferred_device=0
[2026-07-09 04:36:20.829] [info] [task_scheduler.cpp:462] [mgpu-audit] pipeline_task dispatched to GPU 1 task_id=98
[2026-07-09 04:36:20.829] [info] [task_scheduler.cpp:464] [locality-audit] dispatch task_id=98 preferred_device=1 actual_gpu=1
[2026-07-09 04:36:20.829] [info] [task_scheduler.cpp:462] [mgpu-audit] pipeline_task dispatched to GPU 0 task_id=99
[2026-07-09 04:36:20.829] [info] [task_scheduler.cpp:464] [locality-audit] dispatch task_id=99 preferred_device=0 actual_gpu=0
[2026-07-09 04:36:20.829] [info] [task_scheduler.cpp:462] [mgpu-audit] pipeline_task dispatched to GPU 0 task_id=100
[2026-07-09 04:36:20.829] [info] [task_scheduler.cpp:464] [locality-audit] dispatch task_id=100 preferred_device=0 actual_gpu=0
[2026-07-09 04:36:20.829] [info] [gpu_pipeline_task.cpp:188] [locality-audit] prepare_before pipeline_id=10 task_id=97 preferred_device=1 actual_gpu=1 target_tier=GPU target_device=1 input_bytes=239547204 local_bytes=239547204 remote_gpu_bytes=0 host_bytes=0 disk_bytes=0 batch_count=1
[2026-07-09 04:36:20.829] [info] [gpu_pipeline_task.cpp:188] [locality-audit] prepare_before pipeline_id=10 task_id=98 preferred_device=1 actual_gpu=1 target_tier=GPU target_device=1 input_bytes=51037748 local_bytes=51037748 remote_gpu_bytes=0 host_bytes=0 disk_bytes=0 batch_count=1
[2026-07-09 04:36:20.829] [info] [gpu_pipeline_task.cpp:188] [locality-audit] prepare_after pipeline_id=10 task_id=97 preferred_device=1 actual_gpu=1 target_tier=GPU target_device=1 input_bytes=239547204 local_bytes=239547204 remote_gpu_bytes=0 host_bytes=0 disk_bytes=0 batch_count=1
[2026-07-09 04:36:20.830] [info] [gpu_pipeline_task.cpp:188] [locality-audit] prepare_before pipeline_id=10 task_id=99 preferred_device=0 actual_gpu=0 target_tier=GPU target_device=0 input_bytes=51141118 local_bytes=51141118 remote_gpu_bytes=0 host_bytes=0 disk_bytes=0 batch_count=1
[2026-07-09 04:36:20.830] [info] [gpu_pipeline_task.cpp:188] [locality-audit] prepare_after pipeline_id=10 task_id=98 preferred_device=1 actual_gpu=1 target_tier=GPU target_device=1 input_bytes=51037748 local_bytes=51037748 remote_gpu_bytes=0 host_bytes=0 disk_bytes=0 batch_count=1
[2026-07-09 04:36:20.830] [info] [gpu_pipeline_task.cpp:321] [stage-audit] pipeline_id=10 task_id=97 operator_id=32 operator_name=PARTITION stage_kind=PARTITION operator_type=82 input_type=PIPELINEABLE output_type=PIPELINEABLE actual_gpu=1 pipeline_operator_count=1 input_batches=1 input_rows=4898196 input_columns=4 input_bytes=239547204 output_batches=1 output_rows=4898196 output_columns=4 output_bytes=239547204 byte_ratio=1.000000 row_ratio=1.000000 duration_us=27
[2026-07-09 04:36:20.830] [info] [gpu_pipeline_task.cpp:188] [locality-audit] prepare_before pipeline_id=10 task_id=100 preferred_device=0 actual_gpu=0 target_tier=GPU target_device=0 input_bytes=239374226 local_bytes=239374226 remote_gpu_bytes=0 host_bytes=0 disk_bytes=0 batch_count=1
[2026-07-09 04:36:20.830] [info] [gpu_pipeline_task.cpp:188] [locality-audit] prepare_after pipeline_id=10 task_id=99 preferred_device=0 actual_gpu=0 target_tier=GPU target_device=0 input_bytes=51141118 local_bytes=51141118 remote_gpu_bytes=0 host_bytes=0 disk_bytes=0 batch_count=1
[2026-07-09 04:36:20.830] [info] [gpu_pipeline_task.cpp:188] [locality-audit] prepare_after pipeline_id=10 task_id=100 preferred_device=0 actual_gpu=0 target_tier=GPU target_device=0 input_bytes=239374226 local_bytes=239374226 remote_gpu_bytes=0 host_bytes=0 disk_bytes=0 batch_count=1
[2026-07-09 04:36:20.830] [info] [gpu_pipeline_task.cpp:321] [stage-audit] pipeline_id=10 task_id=98 operator_id=32 operator_name=PARTITION stage_kind=PARTITION operator_type=82 input_type=PIPELINEABLE output_type=PIPELINEABLE actual_gpu=1 pipeline_operator_count=1 input_batches=1 input_rows=1043736 input_columns=4 input_bytes=51037748 output_batches=1 output_rows=1043736 output_columns=4 output_bytes=51037748 byte_ratio=1.000000 row_ratio=1.000000 duration_us=30
[2026-07-09 04:36:20.830] [info] [gpu_pipeline_task.cpp:321] [stage-audit] pipeline_id=10 task_id=100 operator_id=32 operator_name=PARTITION stage_kind=PARTITION operator_type=82 input_type=PIPELINEABLE output_type=PIPELINEABLE actual_gpu=0 pipeline_operator_count=1 input_batches=1 input_rows=4894646 input_columns=4 input_bytes=239374226 output_batches=1 output_rows=4894646 output_columns=4 output_bytes=239374226 byte_ratio=1.000000 row_ratio=1.000000 duration_us=3
[2026-07-09 04:36:20.830] [info] [gpu_pipeline_task.cpp:321] [stage-audit] pipeline_id=10 task_id=99 operator_id=32 operator_name=PARTITION stage_kind=PARTITION operator_type=82 input_type=PIPELINEABLE output_type=PIPELINEABLE actual_gpu=0 pipeline_operator_count=1 input_batches=1 input_rows=1045702 input_columns=4 input_bytes=51141118 output_batches=1 output_rows=1045702 output_columns=4 output_bytes=51141118 byte_ratio=1.000000 row_ratio=1.000000 duration_us=10
[2026-07-09 04:36:20.830] [info] [task_scheduler.cpp:462] [mgpu-audit] pipeline_task dispatched to GPU 0 task_id=101
[2026-07-09 04:36:20.830] [info] [task_scheduler.cpp:464] [locality-audit] dispatch task_id=101 preferred_device=0 actual_gpu=0
[2026-07-09 04:36:20.830] [info] [task_scheduler.cpp:462] [mgpu-audit] pipeline_task dispatched to GPU 0 task_id=102
[2026-07-09 04:36:20.830] [info] [task_scheduler.cpp:464] [locality-audit] dispatch task_id=102 preferred_device=0 actual_gpu=0
[2026-07-09 04:36:20.830] [info] [gpu_pipeline_task.cpp:188] [locality-audit] prepare_before pipeline_id=11 task_id=101 preferred_device=0 actual_gpu=0 target_tier=GPU target_device=0 input_bytes=529959178 local_bytes=239374226 remote_gpu_bytes=290584952 host_bytes=0 disk_bytes=0 batch_count=3
[2026-07-09 04:36:20.830] [info] [gpu_pipeline_task.cpp:188] [locality-audit] prepare_before pipeline_id=11 task_id=102 preferred_device=0 actual_gpu=0 target_tier=GPU target_device=0 input_bytes=51141118 local_bytes=51141118 remote_gpu_bytes=0 host_bytes=0 disk_bytes=0 batch_count=1
[2026-07-09 04:36:20.830] [info] [gpu_pipeline_task.cpp:188] [locality-audit] prepare_after pipeline_id=11 task_id=102 preferred_device=0 actual_gpu=0 target_tier=GPU target_device=0 input_bytes=51141118 local_bytes=51141118 remote_gpu_bytes=0 host_bytes=0 disk_bytes=0 batch_count=1
[2026-07-09 04:36:20.830] [info] [gpu_pipeline_task.cpp:321] [stage-audit] pipeline_id=11 task_id=102 operator_id=31 operator_name=CONCAT stage_kind=CONCAT operator_type=83 input_type=PARTITIONED output_type=PARTITIONED actual_gpu=0 pipeline_operator_count=1 input_batches=1 input_rows=1045702 input_columns=4 input_bytes=51141118 output_batches=1 output_rows=1045702 output_columns=4 output_bytes=51141118 byte_ratio=1.000000 row_ratio=1.000000 duration_us=9
[2026-07-09 04:36:20.830] [info] [task_scheduler.cpp:462] [mgpu-audit] pipeline_task dispatched to GPU 1 task_id=103
[2026-07-09 04:36:20.830] [info] [task_scheduler.cpp:464] [locality-audit] dispatch task_id=103 preferred_device=1 actual_gpu=1
[2026-07-09 04:36:20.830] [info] [gpu_pipeline_task.cpp:188] [locality-audit] prepare_before pipeline_id=12 task_id=103 preferred_device=1 actual_gpu=1 target_tier=GPU target_device=1 input_bytes=51145014 local_bytes=0 remote_gpu_bytes=51145014 host_bytes=0 disk_bytes=0 batch_count=2
[2026-07-09 04:36:20.834] [info] [gpu_pipeline_task.cpp:188] [locality-audit] prepare_after pipeline_id=12 task_id=103 preferred_device=1 actual_gpu=1 target_tier=GPU target_device=1 input_bytes=51145014 local_bytes=51145014 remote_gpu_bytes=0 host_bytes=0 disk_bytes=0 batch_count=2
[2026-07-09 04:36:20.835] [info] [gpu_pipeline_task.cpp:321] [stage-audit] pipeline_id=12 task_id=103 operator_id=15 operator_name=HASH_JOIN stage_kind=JOIN operator_type=33 input_type=PARTITIONED output_type=PIPELINEABLE actual_gpu=1 pipeline_operator_count=4 input_batches=2 input_rows=1046181 input_columns=5 input_bytes=51145014 output_batches=1 output_rows=1045702 output_columns=5 output_bytes=52186820 byte_ratio=1.020370 row_ratio=0.999542 duration_us=942
[2026-07-09 04:36:20.836] [info] [gpu_pipeline_task.cpp:321] [stage-audit] pipeline_id=12 task_id=103 operator_id=16 operator_name=FILTER stage_kind=FILTER operator_type=12 input_type=PIPELINEABLE output_type=PIPELINEABLE actual_gpu=1 pipeline_operator_count=4 input_batches=1 input_rows=1045702 input_columns=5 input_bytes=52186820 output_batches=1 output_rows=1045214 output_columns=4 output_bytes=51117275 byte_ratio=0.979505 row_ratio=0.999533 duration_us=970
[2026-07-09 04:36:20.836] [info] [gpu_pipeline_task.cpp:321] [stage-audit] pipeline_id=12 task_id=103 operator_id=17 operator_name=PROJECTION stage_kind=PROJECTION operator_type=13 input_type=PIPELINEABLE output_type=PIPELINEABLE actual_gpu=1 pipeline_operator_count=4 input_batches=1 input_rows=1045214 input_columns=4 input_bytes=51117275 output_batches=1 output_rows=1045214 output_columns=4 output_bytes=51117274 byte_ratio=1.000000 row_ratio=1.000000 duration_us=7
[2026-07-09 04:36:20.845] [info] [gpu_pipeline_task.cpp:188] [locality-audit] prepare_after pipeline_id=11 task_id=101 preferred_device=0 actual_gpu=0 target_tier=GPU target_device=0 input_bytes=529959178 local_bytes=529959178 remote_gpu_bytes=0 host_bytes=0 disk_bytes=0 batch_count=3
[2026-07-09 04:36:20.850] [info] [gpu_pipeline_task.cpp:321] [stage-audit] pipeline_id=12 task_id=103 operator_id=18 operator_name=HASH_GROUP_BY stage_kind=AGGREGATE operator_type=9 input_type=PIPELINEABLE output_type=PIPELINEABLE actual_gpu=1 pipeline_operator_count=4 input_batches=1 input_rows=1045214 input_columns=4 input_bytes=51117274 output_batches=1 output_rows=27838 output_columns=4 output_bytes=9611731 byte_ratio=0.188033 row_ratio=0.026634 duration_us=14213
[2026-07-09 04:36:20.850] [warning] [gpu_pipeline_task.cpp:81] gpu_pipeline_task: operator 'HASH_GROUP_BY' (id=18) output batch 0 column 3 datatype mismatch: got cudf::list_view, expected int64_t
[2026-07-09 04:36:20.856] [info] [gpu_pipeline_task.cpp:321] [stage-audit] pipeline_id=11 task_id=101 operator_id=31 operator_name=CONCAT stage_kind=CONCAT operator_type=83 input_type=PARTITIONED output_type=PARTITIONED actual_gpu=0 pipeline_operator_count=1 input_batches=3 input_rows=10836578 input_columns=12 input_bytes=529959178 output_batches=1 output_rows=10836578 output_columns=4 output_bytes=527249914 byte_ratio=0.994888 row_ratio=1.000000 duration_us=11285
[2026-07-09 04:36:20.856] [info] [task_scheduler.cpp:462] [mgpu-audit] pipeline_task dispatched to GPU 1 task_id=104
[2026-07-09 04:36:20.856] [info] [task_scheduler.cpp:464] [locality-audit] dispatch task_id=104 preferred_device=1 actual_gpu=1
[2026-07-09 04:36:20.856] [info] [gpu_pipeline_task.cpp:188] [locality-audit] prepare_before pipeline_id=12 task_id=104 preferred_device=1 actual_gpu=1 target_tier=GPU target_device=1 input_bytes=527249914 local_bytes=0 remote_gpu_bytes=527249914 host_bytes=0 disk_bytes=0 batch_count=1
[2026-07-09 04:36:20.880] [info] [gpu_pipeline_task.cpp:188] [locality-audit] prepare_after pipeline_id=12 task_id=104 preferred_device=1 actual_gpu=1 target_tier=GPU target_device=1 input_bytes=527249914 local_bytes=527249914 remote_gpu_bytes=0 host_bytes=0 disk_bytes=0 batch_count=1
[2026-07-09 04:36:20.884] [info] [gpu_pipeline_task.cpp:321] [stage-audit] pipeline_id=12 task_id=104 operator_id=15 operator_name=HASH_JOIN stage_kind=JOIN operator_type=33 input_type=PARTITIONED output_type=PIPELINEABLE actual_gpu=1 pipeline_operator_count=4 input_batches=1 input_rows=10836578 input_columns=4 input_bytes=527249914 output_batches=1 output_rows=10836578 output_columns=5 output_bytes=538086492 byte_ratio=1.020553 row_ratio=1.000000 duration_us=4015
[2026-07-09 04:36:20.890] [info] [gpu_pipeline_task.cpp:321] [stage-audit] pipeline_id=12 task_id=104 operator_id=16 operator_name=FILTER stage_kind=FILTER operator_type=12 input_type=PIPELINEABLE output_type=PIPELINEABLE actual_gpu=1 pipeline_operator_count=4 input_batches=1 input_rows=10836578 input_columns=5 input_bytes=538086492 output_batches=1 output_rows=10831414 output_columns=4 output_bytes=526998835 byte_ratio=0.979394 row_ratio=0.999523 duration_us=5326
[2026-07-09 04:36:20.890] [info] [gpu_pipeline_task.cpp:321] [stage-audit] pipeline_id=12 task_id=104 operator_id=17 operator_name=PROJECTION stage_kind=PROJECTION operator_type=13 input_type=PIPELINEABLE output_type=PIPELINEABLE actual_gpu=1 pipeline_operator_count=4 input_batches=1 input_rows=10831414 input_columns=4 input_bytes=526998835 output_batches=1 output_rows=10831414 output_columns=4 output_bytes=526998834 byte_ratio=1.000000 row_ratio=1.000000 duration_us=7
[2026-07-09 04:36:21.049] [info] [gpu_pipeline_task.cpp:321] [stage-audit] pipeline_id=12 task_id=104 operator_id=18 operator_name=HASH_GROUP_BY stage_kind=AGGREGATE operator_type=9 input_type=PIPELINEABLE output_type=PIPELINEABLE actual_gpu=1 pipeline_operator_count=4 input_batches=1 input_rows=10831414 input_columns=4 input_bytes=526998834 output_batches=1 output_rows=27840 output_columns=4 output_bytes=87878012 byte_ratio=0.166752 row_ratio=0.002570 duration_us=158887
[2026-07-09 04:36:21.049] [warning] [gpu_pipeline_task.cpp:81] gpu_pipeline_task: operator 'HASH_GROUP_BY' (id=18) output batch 0 column 3 datatype mismatch: got cudf::list_view, expected int64_t
[2026-07-09 04:36:21.049] [info] [task_creator.cpp:363] [locality-audit] task_create operator_id=33 input_bytes=9611731 local_bytes=9611731 gpu_source_bytes=9611731 host_source_bytes=0 disk_source_bytes=0 gpu_sources=1 host_sources=0 preferred_device=1
[2026-07-09 04:36:21.049] [info] [task_creator.cpp:363] [locality-audit] task_create operator_id=33 input_bytes=87878012 local_bytes=87878012 gpu_source_bytes=87878012 host_source_bytes=0 disk_source_bytes=0 gpu_sources=1 host_sources=0 preferred_device=1
[2026-07-09 04:36:21.049] [info] [task_scheduler.cpp:462] [mgpu-audit] pipeline_task dispatched to GPU 1 task_id=105
[2026-07-09 04:36:21.049] [info] [task_scheduler.cpp:464] [locality-audit] dispatch task_id=105 preferred_device=1 actual_gpu=1
[2026-07-09 04:36:21.049] [info] [task_scheduler.cpp:462] [mgpu-audit] pipeline_task dispatched to GPU 1 task_id=106
[2026-07-09 04:36:21.049] [info] [task_scheduler.cpp:464] [locality-audit] dispatch task_id=106 preferred_device=1 actual_gpu=1
[2026-07-09 04:36:21.049] [info] [gpu_pipeline_task.cpp:188] [locality-audit] prepare_before pipeline_id=13 task_id=105 preferred_device=1 actual_gpu=1 target_tier=GPU target_device=1 input_bytes=9611731 local_bytes=9611731 remote_gpu_bytes=0 host_bytes=0 disk_bytes=0 batch_count=1
[2026-07-09 04:36:21.049] [info] [gpu_pipeline_task.cpp:188] [locality-audit] prepare_before pipeline_id=13 task_id=106 preferred_device=1 actual_gpu=1 target_tier=GPU target_device=1 input_bytes=87878012 local_bytes=87878012 remote_gpu_bytes=0 host_bytes=0 disk_bytes=0 batch_count=1
[2026-07-09 04:36:21.049] [info] [gpu_pipeline_task.cpp:188] [locality-audit] prepare_after pipeline_id=13 task_id=105 preferred_device=1 actual_gpu=1 target_tier=GPU target_device=1 input_bytes=9611731 local_bytes=9611731 remote_gpu_bytes=0 host_bytes=0 disk_bytes=0 batch_count=1
[2026-07-09 04:36:21.049] [info] [gpu_pipeline_task.cpp:188] [locality-audit] prepare_after pipeline_id=13 task_id=106 preferred_device=1 actual_gpu=1 target_tier=GPU target_device=1 input_bytes=87878012 local_bytes=87878012 remote_gpu_bytes=0 host_bytes=0 disk_bytes=0 batch_count=1
[2026-07-09 04:36:21.052] [info] [gpu_pipeline_task.cpp:321] [stage-audit] pipeline_id=13 task_id=106 operator_id=33 operator_name=PARTITION stage_kind=PARTITION operator_type=82 input_type=PIPELINEABLE output_type=PIPELINEABLE actual_gpu=1 pipeline_operator_count=1 input_batches=1 input_rows=27840 input_columns=4 input_bytes=87878012 output_batches=2 output_rows=27840 output_columns=8 output_bytes=87878024 byte_ratio=1.000000 row_ratio=1.000000 duration_us=2755
[2026-07-09 04:36:21.052] [warning] [gpu_pipeline_task.cpp:81] gpu_pipeline_task: operator 'PARTITION' (id=33) output batch 0 column 3 datatype mismatch: got cudf::list_view, expected int64_t
[2026-07-09 04:36:21.052] [info] [gpu_pipeline_task.cpp:321] [stage-audit] pipeline_id=13 task_id=105 operator_id=33 operator_name=PARTITION stage_kind=PARTITION operator_type=82 input_type=PIPELINEABLE output_type=PIPELINEABLE actual_gpu=1 pipeline_operator_count=1 input_batches=1 input_rows=27838 input_columns=4 input_bytes=9611731 output_batches=2 output_rows=27838 output_columns=8 output_bytes=9611871 byte_ratio=1.000015 row_ratio=1.000000 duration_us=2930
[2026-07-09 04:36:21.052] [warning] [gpu_pipeline_task.cpp:81] gpu_pipeline_task: operator 'PARTITION' (id=33) output batch 0 column 3 datatype mismatch: got cudf::list_view, expected int64_t
[2026-07-09 04:36:21.052] [info] [task_scheduler.cpp:462] [mgpu-audit] pipeline_task dispatched to GPU 0 task_id=107
[2026-07-09 04:36:21.052] [info] [task_scheduler.cpp:464] [locality-audit] dispatch task_id=107 preferred_device=0 actual_gpu=0
[2026-07-09 04:36:21.052] [info] [task_scheduler.cpp:462] [mgpu-audit] pipeline_task dispatched to GPU 1 task_id=108
[2026-07-09 04:36:21.052] [info] [task_scheduler.cpp:464] [locality-audit] dispatch task_id=108 preferred_device=1 actual_gpu=1
[2026-07-09 04:36:21.052] [info] [gpu_pipeline_task.cpp:188] [locality-audit] prepare_before pipeline_id=14 task_id=107 preferred_device=0 actual_gpu=0 target_tier=GPU target_device=0 input_bytes=48713635 local_bytes=0 remote_gpu_bytes=48713635 host_bytes=0 disk_bytes=0 batch_count=2
[2026-07-09 04:36:21.052] [info] [gpu_pipeline_task.cpp:188] [locality-audit] prepare_before pipeline_id=14 task_id=108 preferred_device=1 actual_gpu=1 target_tier=GPU target_device=1 input_bytes=48776260 local_bytes=48776260 remote_gpu_bytes=0 host_bytes=0 disk_bytes=0 batch_count=2
[2026-07-09 04:36:21.052] [info] [gpu_pipeline_task.cpp:188] [locality-audit] prepare_after pipeline_id=14 task_id=108 preferred_device=1 actual_gpu=1 target_tier=GPU target_device=1 input_bytes=48776260 local_bytes=48776260 remote_gpu_bytes=0 host_bytes=0 disk_bytes=0 batch_count=2
[2026-07-09 04:36:21.056] [info] [gpu_pipeline_task.cpp:188] [locality-audit] prepare_after pipeline_id=14 task_id=107 preferred_device=0 actual_gpu=0 target_tier=GPU target_device=0 input_bytes=48713635 local_bytes=48713635 remote_gpu_bytes=0 host_bytes=0 disk_bytes=0 batch_count=2
[2026-07-09 04:36:21.063] [info] [gpu_pipeline_task.cpp:321] [stage-audit] pipeline_id=14 task_id=108 operator_id=34 operator_name=MERGE_GROUP_BY stage_kind=AGGREGATE operator_type=85 input_type=PARTITIONED output_type=PIPELINEABLE actual_gpu=1 pipeline_operator_count=1 input_batches=2 input_rows=27831 input_columns=8 input_bytes=48776260 output_batches=1 output_rows=13916 output_columns=4 output_bytes=677016 byte_ratio=0.013880 row_ratio=0.500018 duration_us=10117
[2026-07-09 04:36:21.066] [info] [gpu_pipeline_task.cpp:321] [stage-audit] pipeline_id=14 task_id=107 operator_id=34 operator_name=MERGE_GROUP_BY stage_kind=AGGREGATE operator_type=85 input_type=PARTITIONED output_type=PIPELINEABLE actual_gpu=0 pipeline_operator_count=1 input_batches=2 input_rows=27847 input_columns=8 input_bytes=48713635 output_batches=1 output_rows=13924 output_columns=4 output_bytes=677560 byte_ratio=0.013909 row_ratio=0.500018 duration_us=9687
[2026-07-09 04:36:21.066] [info] [task_creator.cpp:363] [locality-audit] task_create operator_id=19 input_bytes=677016 local_bytes=677016 gpu_source_bytes=677016 host_source_bytes=0 disk_source_bytes=0 gpu_sources=1 host_sources=0 preferred_device=1
[2026-07-09 04:36:21.066] [info] [task_creator.cpp:363] [locality-audit] task_create operator_id=19 input_bytes=677560 local_bytes=677560 gpu_source_bytes=677560 host_source_bytes=0 disk_source_bytes=0 gpu_sources=1 host_sources=0 preferred_device=0
[2026-07-09 04:36:21.066] [info] [task_scheduler.cpp:462] [mgpu-audit] pipeline_task dispatched to GPU 0 task_id=110
[2026-07-09 04:36:21.066] [info] [task_scheduler.cpp:464] [locality-audit] dispatch task_id=110 preferred_device=0 actual_gpu=0
[2026-07-09 04:36:21.066] [info] [task_scheduler.cpp:462] [mgpu-audit] pipeline_task dispatched to GPU 1 task_id=109
[2026-07-09 04:36:21.066] [info] [task_scheduler.cpp:464] [locality-audit] dispatch task_id=109 preferred_device=1 actual_gpu=1
[2026-07-09 04:36:21.066] [info] [gpu_pipeline_task.cpp:188] [locality-audit] prepare_before pipeline_id=15 task_id=110 preferred_device=0 actual_gpu=0 target_tier=GPU target_device=0 input_bytes=677560 local_bytes=677560 remote_gpu_bytes=0 host_bytes=0 disk_bytes=0 batch_count=1
[2026-07-09 04:36:21.066] [info] [gpu_pipeline_task.cpp:188] [locality-audit] prepare_after pipeline_id=15 task_id=110 preferred_device=0 actual_gpu=0 target_tier=GPU target_device=0 input_bytes=677560 local_bytes=677560 remote_gpu_bytes=0 host_bytes=0 disk_bytes=0 batch_count=1
[2026-07-09 04:36:21.066] [info] [gpu_pipeline_task.cpp:188] [locality-audit] prepare_before pipeline_id=15 task_id=109 preferred_device=1 actual_gpu=1 target_tier=GPU target_device=1 input_bytes=677016 local_bytes=677016 remote_gpu_bytes=0 host_bytes=0 disk_bytes=0 batch_count=1
[2026-07-09 04:36:21.066] [info] [gpu_pipeline_task.cpp:188] [locality-audit] prepare_after pipeline_id=15 task_id=109 preferred_device=1 actual_gpu=1 target_tier=GPU target_device=1 input_bytes=677016 local_bytes=677016 remote_gpu_bytes=0 host_bytes=0 disk_bytes=0 batch_count=1
[2026-07-09 04:36:21.068] [info] [gpu_pipeline_task.cpp:321] [stage-audit] pipeline_id=15 task_id=109 operator_id=19 operator_name=ORDER_BY stage_kind=SORT operator_type=1 input_type=PIPELINEABLE output_type=PIPELINEABLE actual_gpu=1 pipeline_operator_count=1 input_batches=1 input_rows=13916 input_columns=4 input_bytes=677016 output_batches=1 output_rows=13916 output_columns=4 output_bytes=677016 byte_ratio=1.000000 row_ratio=1.000000 duration_us=1904
[2026-07-09 04:36:21.069] [info] [gpu_pipeline_task.cpp:321] [stage-audit] pipeline_id=15 task_id=110 operator_id=19 operator_name=ORDER_BY stage_kind=SORT operator_type=1 input_type=PIPELINEABLE output_type=PIPELINEABLE actual_gpu=0 pipeline_operator_count=1 input_batches=1 input_rows=13924 input_columns=4 input_bytes=677560 output_batches=1 output_rows=13924 output_columns=4 output_bytes=677560 byte_ratio=1.000000 row_ratio=1.000000 duration_us=2436
[2026-07-09 04:36:21.069] [info] [task_creator.cpp:363] [locality-audit] task_create operator_id=35 input_bytes=1354576 local_bytes=677560 gpu_source_bytes=1354576 host_source_bytes=0 disk_source_bytes=0 gpu_sources=2 host_sources=0 preferred_device=0
[2026-07-09 04:36:21.069] [info] [task_scheduler.cpp:462] [mgpu-audit] pipeline_task dispatched to GPU 0 task_id=111
[2026-07-09 04:36:21.069] [info] [task_scheduler.cpp:464] [locality-audit] dispatch task_id=111 preferred_device=0 actual_gpu=0
[2026-07-09 04:36:21.069] [info] [gpu_pipeline_task.cpp:188] [locality-audit] prepare_before pipeline_id=16 task_id=111 preferred_device=0 actual_gpu=0 target_tier=GPU target_device=0 input_bytes=1354576 local_bytes=677560 remote_gpu_bytes=677016 host_bytes=0 disk_bytes=0 batch_count=2
[2026-07-09 04:36:21.070] [info] [gpu_pipeline_task.cpp:188] [locality-audit] prepare_after pipeline_id=16 task_id=111 preferred_device=0 actual_gpu=0 target_tier=GPU target_device=0 input_bytes=1354576 local_bytes=1354576 remote_gpu_bytes=0 host_bytes=0 disk_bytes=0 batch_count=2
[2026-07-09 04:36:21.071] [info] [gpu_pipeline_task.cpp:321] [stage-audit] pipeline_id=16 task_id=111 operator_id=35 operator_name=SORT_SAMPLE stage_kind=SORT operator_type=89 input_type=PIPELINEABLE output_type=PIPELINEABLE actual_gpu=0 pipeline_operator_count=2 input_batches=2 input_rows=27840 input_columns=8 input_bytes=1354576 output_batches=2 output_rows=27840 output_columns=8 output_bytes=1354576 byte_ratio=1.000000 row_ratio=1.000000 duration_us=1360
[2026-07-09 04:36:21.072] [info] [gpu_pipeline_task.cpp:321] [stage-audit] pipeline_id=16 task_id=111 operator_id=36 operator_name=SORT_PARTITION stage_kind=SORT operator_type=88 input_type=PIPELINEABLE output_type=PIPELINEABLE actual_gpu=0 pipeline_operator_count=2 input_batches=2 input_rows=27840 input_columns=8 input_bytes=1354576 output_batches=4 output_rows=27840 output_columns=16 output_bytes=1354592 byte_ratio=1.000012 row_ratio=1.000000 duration_us=1111
[2026-07-09 04:36:21.073] [info] [task_creator.cpp:363] [locality-audit] task_create operator_id=37 input_bytes=1354592 local_bytes=1354592 gpu_source_bytes=1354592 host_source_bytes=0 disk_source_bytes=0 gpu_sources=1 host_sources=0 preferred_device=0
[2026-07-09 04:36:21.073] [info] [task_scheduler.cpp:462] [mgpu-audit] pipeline_task dispatched to GPU 0 task_id=112
[2026-07-09 04:36:21.073] [info] [task_scheduler.cpp:464] [locality-audit] dispatch task_id=112 preferred_device=0 actual_gpu=0
[2026-07-09 04:36:21.073] [info] [gpu_pipeline_task.cpp:188] [locality-audit] prepare_before pipeline_id=17 task_id=112 preferred_device=0 actual_gpu=0 target_tier=GPU target_device=0 input_bytes=1354592 local_bytes=1354592 remote_gpu_bytes=0 host_bytes=0 disk_bytes=0 batch_count=4
[2026-07-09 04:36:21.073] [info] [gpu_pipeline_task.cpp:188] [locality-audit] prepare_after pipeline_id=17 task_id=112 preferred_device=0 actual_gpu=0 target_tier=GPU target_device=0 input_bytes=1354592 local_bytes=1354592 remote_gpu_bytes=0 host_bytes=0 disk_bytes=0 batch_count=4
[2026-07-09 04:36:21.074] [info] [gpu_pipeline_task.cpp:321] [stage-audit] pipeline_id=17 task_id=112 operator_id=37 operator_name=MERGE_SORT stage_kind=SORT operator_type=84 input_type=PIPELINEABLE output_type=PIPELINEABLE actual_gpu=0 pipeline_operator_count=1 input_batches=4 input_rows=27840 input_columns=16 input_bytes=1354592 output_batches=1 output_rows=27840 output_columns=4 output_bytes=1354568 byte_ratio=0.999982 row_ratio=1.000000 duration_us=938
[2026-07-09 04:36:21.074] [info] [task_creator.cpp:363] [locality-audit] task_create operator_id=20 input_bytes=1354568 local_bytes=1354568 gpu_source_bytes=1354568 host_source_bytes=0 disk_source_bytes=0 gpu_sources=1 host_sources=0 preferred_device=0
[2026-07-09 04:36:21.074] [info] [task_scheduler.cpp:462] [mgpu-audit] pipeline_task dispatched to GPU 0 task_id=113
[2026-07-09 04:36:21.074] [info] [task_scheduler.cpp:464] [locality-audit] dispatch task_id=113 preferred_device=0 actual_gpu=0
[2026-07-09 04:36:21.074] [info] [gpu_pipeline_task.cpp:188] [locality-audit] prepare_before pipeline_id=18 task_id=113 preferred_device=0 actual_gpu=0 target_tier=GPU target_device=0 input_bytes=1354568 local_bytes=1354568 remote_gpu_bytes=0 host_bytes=0 disk_bytes=0 batch_count=1
[2026-07-09 04:36:21.074] [info] [gpu_pipeline_task.cpp:188] [locality-audit] prepare_after pipeline_id=18 task_id=113 preferred_device=0 actual_gpu=0 target_tier=GPU target_device=0 input_bytes=1354568 local_bytes=1354568 remote_gpu_bytes=0 host_bytes=0 disk_bytes=0 batch_count=1
[2026-07-09 04:36:21.074] [info] [gpu_pipeline_task.cpp:321] [stage-audit] pipeline_id=18 task_id=113 operator_id=20 operator_name=RESULT_COLLECTOR stage_kind=RESULT operator_type=76 input_type=PIPELINEABLE output_type=PIPELINEABLE actual_gpu=0 pipeline_operator_count=1 input_batches=1 input_rows=27840 input_columns=4 input_bytes=1354568 output_batches=1 output_rows=27840 output_columns=4 output_bytes=1354568 byte_ratio=1.000000 row_ratio=1.000000 duration_us=6
[2026-07-09 04:36:21.094] [info] [gpu_pipeline_executor.cpp:118] GPU Pipeline Executor: task queue interrupted, stopping manager loop
[2026-07-09 04:36:21.095] [info] [gpu_pipeline_executor.cpp:118] GPU Pipeline Executor: task queue interrupted, stopping manager loop
[2026-07-09 04:36:21.097] [info] [physical_sirius_execution.cpp:165] Transparent GPU execution: query completed
[2026-07-09 04:36:21.108] [info] [sirius_context.cpp:217] QueryEnd
[2026-07-09 04:36:21.121] [info] [:] [host_pool] HOST:0 QueryEnd allocated=72351744 bytes peak=74448896 bytes free_blocks=443
[2026-07-09 04:36:21.121] [info] [:] [gpu_pool] GPU:0 QueryEnd allocated=0 bytes peak=4353101568 bytes reserved=0 bytes
[2026-07-09 04:36:21.121] [info] [:] [gpu_pool] GPU:1 QueryEnd allocated=0 bytes peak=4366993120 bytes reserved=0 bytes
[2026-07-09 04:36:21.133] [info] [:] [host_pool] HOST:0 QueryBegin allocated=72351744 bytes peak=74448896 bytes free_blocks=443
[2026-07-09 04:36:21.133] [info] [:] [gpu_pool] GPU:0 QueryBegin allocated=0 bytes peak=4353101568 bytes reserved=0 bytes
[2026-07-09 04:36:21.133] [info] [:] [gpu_pool] GPU:1 QueryBegin allocated=0 bytes peak=4366993120 bytes reserved=0 bytes
[2026-07-09 04:36:21.133] [info] [sirius_context.cpp:201] QueryBegin: SQL: SET gpu_execution = true;
[2026-07-09 04:36:21.133] [info] [sirius_context.cpp:217] QueryEnd
[2026-07-09 04:36:21.141] [info] [:] [host_pool] HOST:0 QueryEnd allocated=72351744 bytes peak=74448896 bytes free_blocks=443
[2026-07-09 04:36:21.141] [info] [:] [gpu_pool] GPU:0 QueryEnd allocated=0 bytes peak=4353101568 bytes reserved=0 bytes
[2026-07-09 04:36:21.141] [info] [:] [gpu_pool] GPU:1 QueryEnd allocated=0 bytes peak=4366993120 bytes reserved=0 bytes
[2026-07-09 04:36:21.141] [info] [:] [host_pool] HOST:0 QueryBegin allocated=72351744 bytes peak=74448896 bytes free_blocks=443
[2026-07-09 04:36:21.141] [info] [:] [gpu_pool] GPU:0 QueryBegin allocated=0 bytes peak=4353101568 bytes reserved=0 bytes
[2026-07-09 04:36:21.141] [info] [:] [gpu_pool] GPU:1 QueryBegin allocated=0 bytes peak=4366993120 bytes reserved=0 bytes
[2026-07-09 04:36:21.141] [info] [sirius_context.cpp:201] QueryBegin: SQL: select p.p_brand, p.p_type, p.p_size, count(distinct ps.ps_suppkey) as supplier_cnt from partsupp ps, part p where p.p_partkey = ps.ps_partkey and p.p_brand <> 'Brand#21' and p.p_type not like 'MEDIUM PLATED%' and p.p_size in (38, 2, 8, 31, 44, 5, 14, 24) and ps.ps_suppkey not in ( select s.s_suppkey from supplier s where s.s_comment like '%Customer%Complaints%' ) group by p.p_brand, p.p_type, p.p_size order by supplier_cnt desc, p.p_brand, p.p_type, p.p_size
[2026-07-09 04:36:21.156] [info] [sirius_plan_get.cpp:267] [sirius_plan_get] LogicalGet has dynamic_filters attached (channel key=0x556f74868ca0).
[2026-07-09 04:36:21.156] [info] [sirius_plan_comparison_join.cpp:601] [sirius_plan_comparison_join] Wired hash join with 1 dynamic-filter probe target(s) (build est 20000000 rows).
[2026-07-09 04:36:21.157] [info] [sirius_context.cpp:865] Transparent execution: Sirius physical plan generated successfully
[2026-07-09 04:36:21.157] [info] [sirius_context.cpp:877] Transparent execution: physical plan replaced with GPU operator
[2026-07-09 04:36:21.157] [info] [physical_sirius_execution.cpp:97] Transparent GPU execution: executing query
[2026-07-09 04:36:21.160] [info] [sirius_plan_get.cpp:267] [sirius_plan_get] LogicalGet has dynamic_filters attached (channel key=0x556f74868ca0).
[2026-07-09 04:36:21.160] [info] [sirius_plan_comparison_join.cpp:601] [sirius_plan_comparison_join] Wired hash join with 1 dynamic-filter probe target(s) (build est 20000000 rows).
[2026-07-09 04:36:21.161] [info] [sirius_engine.cpp:375] Query Plan:
=== Pipeline Overview ===
Pipeline #0: GPU_SCAN (id=21) -> FILTER (id=12)
  Output: -> PARTITION [port: default, barrier: FULL]
Pipeline #1: PARTITION (id=23)
  Input: <- Pipeline #0 [on: PARTITION (id=23), port: default, barrier: FULL]
  Dependencies: Pipeline #0
  Output: -> CONCAT [port: default, barrier: PARTIAL]
Pipeline #2: CONCAT (id=22)
  Input: <- Pipeline #1 [on: CONCAT (id=22), port: default, barrier: PARTIAL]
  Dependencies: Pipeline #1
  Output: -> HASH_JOIN [port: build, barrier: FULL]
Pipeline #3: GPU_SCAN (id=24)
  Output: -> PARTITION [port: default, barrier: FULL]
Pipeline #4: PARTITION (id=26)
  Input: <- Pipeline #3 [on: PARTITION (id=26), port: default, barrier: FULL]
  Dependencies: Pipeline #3
  Output: -> CONCAT [port: default, barrier: PARTIAL]
Pipeline #5: CONCAT (id=25)
  Input: <- Pipeline #4 [on: CONCAT (id=25), port: default, barrier: PARTIAL]
  Dependencies: Pipeline #4
  Output: -> HASH_JOIN [port: build, barrier: FULL]
Pipeline #6: GPU_SCAN (id=27) -> DYNAMIC_FILTER (id=28)
  Output: -> PARTITION [port: default, barrier: PARTIAL]
Pipeline #7: PARTITION (id=30)
  Input: <- Pipeline #6 [on: PARTITION (id=30), port: default, barrier: PARTIAL]
  Dependencies: Pipeline #6
  Output: -> CONCAT [port: default, barrier: PARTIAL]
Pipeline #8: CONCAT (id=29)
  Input: <- Pipeline #7 [on: CONCAT (id=29), port: default, barrier: PARTIAL]
  Dependencies: Pipeline #7
  Output: -> HASH_JOIN [port: default, barrier: FULL]
Pipeline #9: HASH_JOIN (id=13)
  Input: <- Pipeline #8 [on: HASH_JOIN (id=13), port: default, barrier: FULL]
  Input: <- Pipeline #2 [on: HASH_JOIN (id=13), port: build, barrier: FULL]
  Dependencies: Pipeline #2, Pipeline #8
  Output: -> PARTITION [port: default, barrier: PARTIAL]
Pipeline #10: PARTITION (id=32)
  Input: <- Pipeline #9 [on: PARTITION (id=32), port: default, barrier: PARTIAL]
  Dependencies: Pipeline #9
  Output: -> CONCAT [port: default, barrier: PARTIAL]
Pipeline #11: CONCAT (id=31)
  Input: <- Pipeline #10 [on: CONCAT (id=31), port: default, barrier: PARTIAL]
  Dependencies: Pipeline #10
  Output: -> HASH_JOIN [port: default, barrier: FULL]
Pipeline #12: HASH_JOIN (id=15) -> FILTER (id=16) -> PROJECTION (id=17) -> HASH_GROUP_BY (id=18)
  Input: <- Pipeline #11 [on: HASH_JOIN (id=15), port: default, barrier: FULL]
  Input: <- Pipeline #5 [on: HASH_JOIN (id=15), port: build, barrier: FULL]
  Dependencies: Pipeline #5, Pipeline #11
  Output: -> PARTITION [port: default, barrier: FULL]
Pipeline #13: PARTITION (id=33)
  Input: <- Pipeline #12 [on: PARTITION (id=33), port: default, barrier: FULL]
  Dependencies: Pipeline #12
  Output: -> MERGE_GROUP_BY [port: default, barrier: FULL]
Pipeline #14: MERGE_GROUP_BY (id=34)
  Input: <- Pipeline #13 [on: MERGE_GROUP_BY (id=34), port: default, barrier: FULL]
  Dependencies: Pipeline #13
  Output: -> ORDER_BY [port: default, barrier: FULL]
Pipeline #15: ORDER_BY (id=19)
  Input: <- Pipeline #14 [on: ORDER_BY (id=19), port: default, barrier: FULL]
  Dependencies: Pipeline #14
  Output: -> SORT_SAMPLE [port: default, barrier: PIPELINE]
Pipeline #16: SORT_SAMPLE (id=35) -> SORT_PARTITION (id=36)
  Input: <- Pipeline #15 [on: SORT_SAMPLE (id=35), port: default, barrier: PIPELINE]
  Dependencies: Pipeline #15
  Output: -> MERGE_SORT [port: default, barrier: FULL]
Pipeline #17: MERGE_SORT (id=37)
  Input: <- Pipeline #16 [on: MERGE_SORT (id=37), port: default, barrier: FULL]
  Dependencies: Pipeline #16
  Output: -> RESULT_COLLECTOR [port: default, barrier: FULL]
Pipeline #18: RESULT_COLLECTOR (id=20)
  Input: <- Pipeline #17 [on: RESULT_COLLECTOR (id=20), port: default, barrier: FULL]
  Dependencies: Pipeline #17

=== Query Plan DAG ===
┌──────────────────────────┐                                                        
│ Pipeline #18             │                                                        
│ RESULT_COLLECTOR (id=20) │                                                        
│ Input(#17): FULL         │                                                        
└────────────┬─────────────┘                                                        
             │                                                                      
┌──────────────────────────┐                                                        
│ Pipeline #17             │                                                        
│ MERGE_SORT (id=37)       │                                                        
│ Input(#16): FULL         │                                                        
└────────────┬─────────────┘                                                        
             │                                                                      
┌──────────────────────────┐                                                        
│ Pipeline #16             │                                                        
│ SORT_PARTITION (id=36)   │                                                        
│ SORT_SAMPLE (id=35)      │                                                        
│ Input(#15): PIPELINE     │                                                        
└────────────┬─────────────┘                                                        
             │                                                                      
┌──────────────────────────┐                                                        
│ Pipeline #15             │                                                        
│ ORDER_BY (id=19)         │                                                        
│ Input(#14): FULL         │                                                        
└────────────┬─────────────┘                                                        
             │                                                                      
┌──────────────────────────┐                                                        
│ Pipeline #14             │                                                        
│ MERGE_GROUP_BY (id=34)   │                                                        
│ Input(#13): FULL         │                                                        
└────────────┬─────────────┘                                                        
             │                                                                      
┌──────────────────────────┐                                                        
│ Pipeline #13             │                                                        
│ PARTITION (id=33)        │                                                        
│ Input(#12): FULL         │                                                        
└────────────┬─────────────┘                                                        
             │                                                                      
┌──────────────────────────┐                                                        
│ Pipeline #12             │                                                        
│ HASH_GROUP_BY (id=18)    │                                                        
│ PROJECTION (id=17)       │                                                        
│ FILTER (id=16)           │                                                        
│ HASH_JOIN (id=15)        │                                                        
│   type: MARK             │                                                        
│ Input(#11): FULL         │                                                        
│ Input(#5): FULL          │                                                        
└────────────┬─────────────┘                                                        
             ┌───────────────────────────┐                                          
             │                           │                                          
┌──────────────────────────┐┌──────────────────────────┐                            
│ Pipeline #5              ││ Pipeline #11             │                            
│ CONCAT (id=25)           ││ CONCAT (id=31)           │                            
│ Input(#4): PARTIAL       ││ Input(#10): PARTIAL      │                            
└────────────┬─────────────┘└────────────┬─────────────┘                            
             │                           │                                          
┌──────────────────────────┐┌──────────────────────────┐                            
│ Pipeline #4              ││ Pipeline #10             │                            
│ PARTITION (id=26)        ││ PARTITION (id=32)        │                            
│ Input(#3): FULL          ││ Input(#9): PARTIAL       │                            
└────────────┬─────────────┘└────────────┬─────────────┘                            
             │                           │                                          
┌──────────────────────────┐┌──────────────────────────┐                            
│ Pipeline #3              ││ Pipeline #9              │                            
│ GPU_SCAN (id=24)         ││ HASH_JOIN (id=13)        │                            
│                          ││   type: INNER            │                            
│                          ││ Input(#8): FULL          │                            
│                          ││ Input(#2): FULL          │                            
└──────────────────────────┘└────────────┬─────────────┘                            
                                         ┌───────────────────────────┐              
                                         │                           │              
                            ┌──────────────────────────┐┌──────────────────────────┐
                            │ Pipeline #2              ││ Pipeline #8              │
                            │ CONCAT (id=22)           ││ CONCAT (id=29)           │
                            │ Input(#1): PARTIAL       ││ Input(#7): PARTIAL       │
                            └────────────┬─────────────┘└────────────┬─────────────┘
                                         │                           │              
                            ┌──────────────────────────┐┌──────────────────────────┐
                            │ Pipeline #1              ││ Pipeline #7              │
                            │ PARTITION (id=23)        ││ PARTITION (id=30)        │
                            │ Input(#0): FULL          ││ Input(#6): PARTIAL       │
                            └────────────┬─────────────┘└────────────┬─────────────┘
                                         │                           │              
                            ┌──────────────────────────┐┌──────────────────────────┐
                            │ Pipeline #0              ││ Pipeline #6              │
                            │ FILTER (id=12)           ││ DYNAMIC_FILTER (id=28)   │
                            │ GPU_SCAN (id=21)         ││ GPU_SCAN (id=27)         │
                            └──────────────────────────┘└──────────────────────────┘

[2026-07-09 04:36:21.164] [info] [parquet_gpu_ingestible.cpp:250] [coalesce-debug] parquet_batch_coalescer emit #1: 1 slice(s), acc_bytes=443331651, cap=536870912
[2026-07-09 04:36:21.164] [info] [load_balancing_scan_batch_coalescer.cpp:96] [coalesce-debug] load_balancer emit pipeline=0 -> preferred GPU 0
[2026-07-09 04:36:21.168] [info] [parquet_gpu_ingestible.cpp:250] [coalesce-debug] parquet_batch_coalescer emit #1: 1 slice(s), acc_bytes=8124997, cap=536870912
[2026-07-09 04:36:21.168] [info] [load_balancing_scan_batch_coalescer.cpp:96] [coalesce-debug] load_balancer emit pipeline=3 -> preferred GPU 1
[2026-07-09 04:36:21.169] [info] [parquet_gpu_ingestible.cpp:250] [coalesce-debug] parquet_batch_coalescer emit #1: 1 slice(s), acc_bytes=535058976, cap=536870912
[2026-07-09 04:36:21.169] [info] [parquet_gpu_ingestible.cpp:250] [coalesce-debug] parquet_batch_coalescer emit #2: 1 slice(s), acc_bytes=536793244, cap=536870912
[2026-07-09 04:36:21.169] [info] [load_balancing_scan_batch_coalescer.cpp:96] [coalesce-debug] load_balancer emit pipeline=6 -> preferred GPU 0
[2026-07-09 04:36:21.172] [info] [task_scheduler.cpp:462] [mgpu-audit] pipeline_task dispatched to GPU 0 task_id=114
[2026-07-09 04:36:21.172] [info] [task_scheduler.cpp:464] [locality-audit] dispatch task_id=114 preferred_device=0 actual_gpu=0
[2026-07-09 04:36:21.177] [info] [load_balancing_scan_batch_coalescer.cpp:96] [coalesce-debug] load_balancer emit pipeline=6 -> preferred GPU 1
[2026-07-09 04:36:21.186] [info] [parquet_gpu_ingestible.cpp:250] [coalesce-debug] parquet_batch_coalescer emit #3: 1 slice(s), acc_bytes=228147610, cap=536870912
[2026-07-09 04:36:21.186] [info] [load_balancing_scan_batch_coalescer.cpp:96] [coalesce-debug] load_balancer emit pipeline=6 -> preferred GPU 0
[2026-07-09 04:36:21.259] [info] [gpu_pipeline_task.cpp:321] [stage-audit] pipeline_id=0 task_id=114 operator_id=21 operator_name=GPU_SCAN stage_kind=SCAN operator_type=94 input_type=GPU_SCAN output_type=PIPELINEABLE actual_gpu=0 pipeline_operator_count=2 input_batches=0 input_rows=0 input_columns=0 input_bytes=0 output_batches=1 output_rows=18560830 output_columns=4 output_bytes=912359912 byte_ratio=0.000000 row_ratio=0.000000 duration_us=85943
[2026-07-09 04:36:21.265] [info] [gpu_pipeline_task.cpp:321] [stage-audit] pipeline_id=0 task_id=114 operator_id=12 operator_name=FILTER stage_kind=FILTER operator_type=12 input_type=PIPELINEABLE output_type=PIPELINEABLE actual_gpu=0 pipeline_operator_count=2 input_batches=1 input_rows=18560830 input_columns=4 input_bytes=912359912 output_batches=1 output_rows=2970570 output_columns=4 output_bytes=146017698 byte_ratio=0.160044 row_ratio=0.160045 duration_us=6425
[2026-07-09 04:36:21.265] [info] [task_creator.cpp:363] [locality-audit] task_create operator_id=23 input_bytes=146017698 local_bytes=146017698 gpu_source_bytes=146017698 host_source_bytes=0 disk_source_bytes=0 gpu_sources=1 host_sources=0 preferred_device=0
[2026-07-09 04:36:21.266] [info] [task_scheduler.cpp:462] [mgpu-audit] pipeline_task dispatched to GPU 0 task_id=115
[2026-07-09 04:36:21.266] [info] [task_scheduler.cpp:464] [locality-audit] dispatch task_id=115 preferred_device=0 actual_gpu=0
[2026-07-09 04:36:21.266] [info] [gpu_pipeline_task.cpp:188] [locality-audit] prepare_before pipeline_id=1 task_id=115 preferred_device=0 actual_gpu=0 target_tier=GPU target_device=0 input_bytes=146017698 local_bytes=146017698 remote_gpu_bytes=0 host_bytes=0 disk_bytes=0 batch_count=1
[2026-07-09 04:36:21.266] [info] [gpu_pipeline_task.cpp:188] [locality-audit] prepare_after pipeline_id=1 task_id=115 preferred_device=0 actual_gpu=0 target_tier=GPU target_device=0 input_bytes=146017698 local_bytes=146017698 remote_gpu_bytes=0 host_bytes=0 disk_bytes=0 batch_count=1
[2026-07-09 04:36:21.270] [info] [gpu_pipeline_task.cpp:321] [stage-audit] pipeline_id=1 task_id=115 operator_id=23 operator_name=PARTITION stage_kind=PARTITION operator_type=82 input_type=PIPELINEABLE output_type=PIPELINEABLE actual_gpu=0 pipeline_operator_count=1 input_batches=1 input_rows=2970570 input_columns=4 input_bytes=146017698 output_batches=2 output_rows=2970570 output_columns=8 output_bytes=145275178 byte_ratio=0.994915 row_ratio=1.000000 duration_us=3628
[2026-07-09 04:36:21.270] [info] [task_scheduler.cpp:462] [mgpu-audit] pipeline_task dispatched to GPU 1 task_id=117
[2026-07-09 04:36:21.270] [info] [task_scheduler.cpp:464] [locality-audit] dispatch task_id=117 preferred_device=1 actual_gpu=1
[2026-07-09 04:36:21.270] [info] [task_scheduler.cpp:462] [mgpu-audit] pipeline_task dispatched to GPU 0 task_id=116
[2026-07-09 04:36:21.270] [info] [task_scheduler.cpp:464] [locality-audit] dispatch task_id=116 preferred_device=0 actual_gpu=0
[2026-07-09 04:36:21.270] [info] [gpu_pipeline_task.cpp:188] [locality-audit] prepare_before pipeline_id=2 task_id=116 preferred_device=0 actual_gpu=0 target_tier=GPU target_device=0 input_bytes=72628872 local_bytes=72628872 remote_gpu_bytes=0 host_bytes=0 disk_bytes=0 batch_count=1
[2026-07-09 04:36:21.270] [info] [gpu_pipeline_task.cpp:188] [locality-audit] prepare_after pipeline_id=2 task_id=116 preferred_device=0 actual_gpu=0 target_tier=GPU target_device=0 input_bytes=72628872 local_bytes=72628872 remote_gpu_bytes=0 host_bytes=0 disk_bytes=0 batch_count=1
[2026-07-09 04:36:21.270] [info] [gpu_pipeline_task.cpp:321] [stage-audit] pipeline_id=2 task_id=116 operator_id=22 operator_name=CONCAT stage_kind=CONCAT operator_type=83 input_type=PARTITIONED output_type=PARTITIONED actual_gpu=0 pipeline_operator_count=1 input_batches=1 input_rows=1485087 input_columns=4 input_bytes=72628872 output_batches=1 output_rows=1485087 output_columns=4 output_bytes=72628872 byte_ratio=1.000000 row_ratio=1.000000 duration_us=11
[2026-07-09 04:36:21.270] [info] [gpu_pipeline_task.cpp:188] [locality-audit] prepare_before pipeline_id=2 task_id=117 preferred_device=1 actual_gpu=1 target_tier=GPU target_device=1 input_bytes=72646306 local_bytes=0 remote_gpu_bytes=72646306 host_bytes=0 disk_bytes=0 batch_count=1
[2026-07-09 04:36:21.274] [info] [gpu_pipeline_task.cpp:188] [locality-audit] prepare_after pipeline_id=2 task_id=117 preferred_device=1 actual_gpu=1 target_tier=GPU target_device=1 input_bytes=72646306 local_bytes=72646306 remote_gpu_bytes=0 host_bytes=0 disk_bytes=0 batch_count=1
[2026-07-09 04:36:21.274] [info] [gpu_pipeline_task.cpp:321] [stage-audit] pipeline_id=2 task_id=117 operator_id=22 operator_name=CONCAT stage_kind=CONCAT operator_type=83 input_type=PARTITIONED output_type=PARTITIONED actual_gpu=1 pipeline_operator_count=1 input_batches=1 input_rows=1485483 input_columns=4 input_bytes=72646306 output_batches=1 output_rows=1485483 output_columns=4 output_bytes=72646306 byte_ratio=1.000000 row_ratio=1.000000 duration_us=2
[2026-07-09 04:36:21.278] [info] [task_scheduler.cpp:462] [mgpu-audit] pipeline_task dispatched to GPU 0 task_id=118
[2026-07-09 04:36:21.278] [info] [task_scheduler.cpp:464] [locality-audit] dispatch task_id=118 preferred_device=0 actual_gpu=0
[2026-07-09 04:36:21.283] [info] [task_scheduler.cpp:462] [mgpu-audit] pipeline_task dispatched to GPU 1 task_id=119
[2026-07-09 04:36:21.283] [info] [task_scheduler.cpp:464] [locality-audit] dispatch task_id=119 preferred_device=1 actual_gpu=1
[2026-07-09 04:36:21.287] [info] [task_scheduler.cpp:462] [mgpu-audit] pipeline_task dispatched to GPU 0 task_id=120
[2026-07-09 04:36:21.287] [info] [task_scheduler.cpp:464] [locality-audit] dispatch task_id=120 preferred_device=0 actual_gpu=0
[2026-07-09 04:36:21.453] [info] [gpu_pipeline_task.cpp:321] [stage-audit] pipeline_id=6 task_id=119 operator_id=27 operator_name=GPU_SCAN stage_kind=SCAN operator_type=94 input_type=GPU_SCAN output_type=PIPELINEABLE actual_gpu=1 pipeline_operator_count=2 input_batches=0 input_rows=0 input_columns=0 input_bytes=0 output_batches=1 output_rows=33033435 output_columns=2 output_bytes=536793392 byte_ratio=0.000000 row_ratio=0.000000 duration_us=166994
[2026-07-09 04:36:21.453] [info] [gpu_pipeline_task.cpp:321] [stage-audit] pipeline_id=6 task_id=119 operator_id=28 operator_name=DYNAMIC_FILTER stage_kind=OTHER operator_type=95 input_type=PIPELINEABLE output_type=PIPELINEABLE actual_gpu=1 pipeline_operator_count=2 input_batches=1 input_rows=33033435 input_columns=2 input_bytes=536793392 output_batches=1 output_rows=33033435 output_columns=2 output_bytes=536793392 byte_ratio=1.000000 row_ratio=1.000000 duration_us=2
[2026-07-09 04:36:21.453] [info] [task_creator.cpp:363] [locality-audit] task_create operator_id=30 input_bytes=536793392 local_bytes=536793392 gpu_source_bytes=536793392 host_source_bytes=0 disk_source_bytes=0 gpu_sources=1 host_sources=0 preferred_device=1
[2026-07-09 04:36:21.453] [info] [task_scheduler.cpp:462] [mgpu-audit] pipeline_task dispatched to GPU 1 task_id=121
[2026-07-09 04:36:21.453] [info] [task_scheduler.cpp:464] [locality-audit] dispatch task_id=121 preferred_device=1 actual_gpu=1
[2026-07-09 04:36:21.454] [info] [gpu_pipeline_task.cpp:188] [locality-audit] prepare_before pipeline_id=7 task_id=121 preferred_device=1 actual_gpu=1 target_tier=GPU target_device=1 input_bytes=536793392 local_bytes=536793392 remote_gpu_bytes=0 host_bytes=0 disk_bytes=0 batch_count=1
[2026-07-09 04:36:21.454] [info] [gpu_pipeline_task.cpp:188] [locality-audit] prepare_after pipeline_id=7 task_id=121 preferred_device=1 actual_gpu=1 target_tier=GPU target_device=1 input_bytes=536793392 local_bytes=536793392 remote_gpu_bytes=0 host_bytes=0 disk_bytes=0 batch_count=1
[2026-07-09 04:36:21.454] [info] [gpu_pipeline_task.cpp:321] [stage-audit] pipeline_id=6 task_id=118 operator_id=27 operator_name=GPU_SCAN stage_kind=SCAN operator_type=94 input_type=GPU_SCAN output_type=PIPELINEABLE actual_gpu=0 pipeline_operator_count=2 input_batches=0 input_rows=0 input_columns=0 input_bytes=0 output_batches=1 output_rows=32926711 output_columns=2 output_bytes=535059056 byte_ratio=0.000000 row_ratio=0.000000 duration_us=174284
[2026-07-09 04:36:21.454] [info] [gpu_pipeline_task.cpp:321] [stage-audit] pipeline_id=6 task_id=118 operator_id=28 operator_name=DYNAMIC_FILTER stage_kind=OTHER operator_type=95 input_type=PIPELINEABLE output_type=PIPELINEABLE actual_gpu=0 pipeline_operator_count=2 input_batches=1 input_rows=32926711 input_columns=2 input_bytes=535059056 output_batches=1 output_rows=32926711 output_columns=2 output_bytes=535059056 byte_ratio=1.000000 row_ratio=1.000000 duration_us=1
[2026-07-09 04:36:21.454] [info] [task_creator.cpp:363] [locality-audit] task_create operator_id=30 input_bytes=535059056 local_bytes=535059056 gpu_source_bytes=535059056 host_source_bytes=0 disk_source_bytes=0 gpu_sources=1 host_sources=0 preferred_device=0
[2026-07-09 04:36:21.454] [info] [task_scheduler.cpp:462] [mgpu-audit] pipeline_task dispatched to GPU 0 task_id=122
[2026-07-09 04:36:21.454] [info] [task_scheduler.cpp:464] [locality-audit] dispatch task_id=122 preferred_device=0 actual_gpu=0
[2026-07-09 04:36:21.454] [info] [gpu_pipeline_task.cpp:188] [locality-audit] prepare_before pipeline_id=7 task_id=122 preferred_device=0 actual_gpu=0 target_tier=GPU target_device=0 input_bytes=535059056 local_bytes=535059056 remote_gpu_bytes=0 host_bytes=0 disk_bytes=0 batch_count=1
[2026-07-09 04:36:21.454] [info] [gpu_pipeline_task.cpp:188] [locality-audit] prepare_after pipeline_id=7 task_id=122 preferred_device=0 actual_gpu=0 target_tier=GPU target_device=0 input_bytes=535059056 local_bytes=535059056 remote_gpu_bytes=0 host_bytes=0 disk_bytes=0 batch_count=1
[2026-07-09 04:36:21.459] [info] [gpu_pipeline_task.cpp:321] [stage-audit] pipeline_id=7 task_id=121 operator_id=30 operator_name=PARTITION stage_kind=PARTITION operator_type=82 input_type=PIPELINEABLE output_type=PIPELINEABLE actual_gpu=1 pipeline_operator_count=1 input_batches=1 input_rows=33033435 input_columns=2 input_bytes=536793392 output_batches=2 output_rows=33033435 output_columns=4 output_bytes=528534960 byte_ratio=0.984615 row_ratio=1.000000 duration_us=5118
[2026-07-09 04:36:21.459] [info] [gpu_pipeline_task.cpp:321] [stage-audit] pipeline_id=7 task_id=122 operator_id=30 operator_name=PARTITION stage_kind=PARTITION operator_type=82 input_type=PIPELINEABLE output_type=PIPELINEABLE actual_gpu=0 pipeline_operator_count=1 input_batches=1 input_rows=32926711 input_columns=2 input_bytes=535059056 output_batches=2 output_rows=32926711 output_columns=4 output_bytes=526827376 byte_ratio=0.984615 row_ratio=1.000000 duration_us=5186
[2026-07-09 04:36:21.512] [info] [gpu_pipeline_task.cpp:321] [stage-audit] pipeline_id=6 task_id=120 operator_id=27 operator_name=GPU_SCAN stage_kind=SCAN operator_type=94 input_type=GPU_SCAN output_type=PIPELINEABLE actual_gpu=0 pipeline_operator_count=2 input_batches=0 input_rows=0 input_columns=0 input_bytes=0 output_batches=1 output_rows=14039854 output_columns=2 output_bytes=228147680 byte_ratio=0.000000 row_ratio=0.000000 duration_us=56810
[2026-07-09 04:36:21.512] [info] [gpu_pipeline_task.cpp:321] [stage-audit] pipeline_id=6 task_id=120 operator_id=28 operator_name=DYNAMIC_FILTER stage_kind=OTHER operator_type=95 input_type=PIPELINEABLE output_type=PIPELINEABLE actual_gpu=0 pipeline_operator_count=2 input_batches=1 input_rows=14039854 input_columns=2 input_bytes=228147680 output_batches=1 output_rows=14039854 output_columns=2 output_bytes=228147680 byte_ratio=1.000000 row_ratio=1.000000 duration_us=1
[2026-07-09 04:36:21.512] [info] [task_creator.cpp:363] [locality-audit] task_create operator_id=30 input_bytes=228147680 local_bytes=228147680 gpu_source_bytes=228147680 host_source_bytes=0 disk_source_bytes=0 gpu_sources=1 host_sources=0 preferred_device=0
[2026-07-09 04:36:21.512] [info] [task_scheduler.cpp:462] [mgpu-audit] pipeline_task dispatched to GPU 0 task_id=123
[2026-07-09 04:36:21.512] [info] [task_scheduler.cpp:464] [locality-audit] dispatch task_id=123 preferred_device=0 actual_gpu=0
[2026-07-09 04:36:21.512] [info] [gpu_pipeline_task.cpp:188] [locality-audit] prepare_before pipeline_id=7 task_id=123 preferred_device=0 actual_gpu=0 target_tier=GPU target_device=0 input_bytes=228147680 local_bytes=228147680 remote_gpu_bytes=0 host_bytes=0 disk_bytes=0 batch_count=1
[2026-07-09 04:36:21.512] [info] [gpu_pipeline_task.cpp:188] [locality-audit] prepare_after pipeline_id=7 task_id=123 preferred_device=0 actual_gpu=0 target_tier=GPU target_device=0 input_bytes=228147680 local_bytes=228147680 remote_gpu_bytes=0 host_bytes=0 disk_bytes=0 batch_count=1
[2026-07-09 04:36:21.515] [info] [gpu_pipeline_task.cpp:321] [stage-audit] pipeline_id=7 task_id=123 operator_id=30 operator_name=PARTITION stage_kind=PARTITION operator_type=82 input_type=PIPELINEABLE output_type=PIPELINEABLE actual_gpu=0 pipeline_operator_count=1 input_batches=1 input_rows=14039854 input_columns=2 input_bytes=228147680 output_batches=2 output_rows=14039854 output_columns=4 output_bytes=224637664 byte_ratio=0.984615 row_ratio=1.000000 duration_us=2283
[2026-07-09 04:36:21.515] [info] [task_scheduler.cpp:462] [mgpu-audit] pipeline_task dispatched to GPU 0 task_id=124
[2026-07-09 04:36:21.515] [info] [task_scheduler.cpp:464] [locality-audit] dispatch task_id=124 preferred_device=0 actual_gpu=0
[2026-07-09 04:36:21.515] [info] [task_scheduler.cpp:462] [mgpu-audit] pipeline_task dispatched to GPU 1 task_id=126
[2026-07-09 04:36:21.515] [info] [task_scheduler.cpp:464] [locality-audit] dispatch task_id=126 preferred_device=1 actual_gpu=1
[2026-07-09 04:36:21.515] [info] [task_scheduler.cpp:462] [mgpu-audit] pipeline_task dispatched to GPU 1 task_id=127
[2026-07-09 04:36:21.515] [info] [task_scheduler.cpp:464] [locality-audit] dispatch task_id=127 preferred_device=1 actual_gpu=1
[2026-07-09 04:36:21.515] [info] [task_scheduler.cpp:462] [mgpu-audit] pipeline_task dispatched to GPU 0 task_id=125
[2026-07-09 04:36:21.515] [info] [task_scheduler.cpp:464] [locality-audit] dispatch task_id=125 preferred_device=0 actual_gpu=0
[2026-07-09 04:36:21.515] [info] [gpu_pipeline_task.cpp:188] [locality-audit] prepare_before pipeline_id=8 task_id=125 preferred_device=0 actual_gpu=0 target_tier=GPU target_device=0 input_bytes=112445536 local_bytes=112445536 remote_gpu_bytes=0 host_bytes=0 disk_bytes=0 batch_count=1
[2026-07-09 04:36:21.515] [info] [gpu_pipeline_task.cpp:188] [locality-audit] prepare_before pipeline_id=8 task_id=126 preferred_device=1 actual_gpu=1 target_tier=GPU target_device=1 input_bytes=527604288 local_bytes=264234944 remote_gpu_bytes=263369344 host_bytes=0 disk_bytes=0 batch_count=2
[2026-07-09 04:36:21.515] [info] [gpu_pipeline_task.cpp:188] [locality-audit] prepare_before pipeline_id=8 task_id=124 preferred_device=0 actual_gpu=0 target_tier=GPU target_device=0 input_bytes=527758048 local_bytes=263458032 remote_gpu_bytes=264300016 host_bytes=0 disk_bytes=0 batch_count=2
[2026-07-09 04:36:21.515] [info] [gpu_pipeline_task.cpp:188] [locality-audit] prepare_after pipeline_id=8 task_id=125 preferred_device=0 actual_gpu=0 target_tier=GPU target_device=0 input_bytes=112445536 local_bytes=112445536 remote_gpu_bytes=0 host_bytes=0 disk_bytes=0 batch_count=1
[2026-07-09 04:36:21.515] [info] [gpu_pipeline_task.cpp:188] [locality-audit] prepare_before pipeline_id=8 task_id=127 preferred_device=1 actual_gpu=1 target_tier=GPU target_device=1 input_bytes=112192128 local_bytes=0 remote_gpu_bytes=112192128 host_bytes=0 disk_bytes=0 batch_count=1
[2026-07-09 04:36:21.515] [info] [gpu_pipeline_task.cpp:321] [stage-audit] pipeline_id=8 task_id=125 operator_id=29 operator_name=CONCAT stage_kind=CONCAT operator_type=83 input_type=PARTITIONED output_type=PARTITIONED actual_gpu=0 pipeline_operator_count=1 input_batches=1 input_rows=7027846 input_columns=2 input_bytes=112445536 output_batches=1 output_rows=7027846 output_columns=2 output_bytes=112445536 byte_ratio=1.000000 row_ratio=1.000000 duration_us=9
[2026-07-09 04:36:21.530] [info] [gpu_pipeline_task.cpp:188] [locality-audit] prepare_after pipeline_id=8 task_id=124 preferred_device=0 actual_gpu=0 target_tier=GPU target_device=0 input_bytes=527758048 local_bytes=527758048 remote_gpu_bytes=0 host_bytes=0 disk_bytes=0 batch_count=2
[2026-07-09 04:36:21.543] [info] [gpu_pipeline_task.cpp:321] [stage-audit] pipeline_id=8 task_id=124 operator_id=29 operator_name=CONCAT stage_kind=CONCAT operator_type=83 input_type=PARTITIONED output_type=PARTITIONED actual_gpu=0 pipeline_operator_count=1 input_batches=2 input_rows=32984878 input_columns=4 input_bytes=527758048 output_batches=1 output_rows=32984878 output_columns=2 output_bytes=527758048 byte_ratio=1.000000 row_ratio=1.000000 duration_us=12929
[2026-07-09 04:36:21.545] [info] [gpu_pipeline_task.cpp:188] [locality-audit] prepare_after pipeline_id=8 task_id=126 preferred_device=1 actual_gpu=1 target_tier=GPU target_device=1 input_bytes=527604288 local_bytes=527604288 remote_gpu_bytes=0 host_bytes=0 disk_bytes=0 batch_count=2
[2026-07-09 04:36:21.547] [info] [gpu_pipeline_task.cpp:188] [locality-audit] prepare_after pipeline_id=8 task_id=127 preferred_device=1 actual_gpu=1 target_tier=GPU target_device=1 input_bytes=112192128 local_bytes=112192128 remote_gpu_bytes=0 host_bytes=0 disk_bytes=0 batch_count=1
[2026-07-09 04:36:21.547] [info] [gpu_pipeline_task.cpp:321] [stage-audit] pipeline_id=8 task_id=127 operator_id=29 operator_name=CONCAT stage_kind=CONCAT operator_type=83 input_type=PARTITIONED output_type=PARTITIONED actual_gpu=1 pipeline_operator_count=1 input_batches=1 input_rows=7012008 input_columns=2 input_bytes=112192128 output_batches=1 output_rows=7012008 output_columns=2 output_bytes=112192128 byte_ratio=1.000000 row_ratio=1.000000 duration_us=2
[2026-07-09 04:36:21.556] [info] [gpu_pipeline_task.cpp:321] [stage-audit] pipeline_id=8 task_id=126 operator_id=29 operator_name=CONCAT stage_kind=CONCAT operator_type=83 input_type=PARTITIONED output_type=PARTITIONED actual_gpu=1 pipeline_operator_count=1 input_batches=2 input_rows=32975268 input_columns=4 input_bytes=527604288 output_batches=1 output_rows=32975268 output_columns=2 output_bytes=527604288 byte_ratio=1.000000 row_ratio=1.000000 duration_us=11947
[2026-07-09 04:36:21.557] [info] [task_scheduler.cpp:462] [mgpu-audit] pipeline_task dispatched to GPU 1 task_id=130
[2026-07-09 04:36:21.557] [info] [task_scheduler.cpp:464] [locality-audit] dispatch task_id=130 preferred_device=1 actual_gpu=1
[2026-07-09 04:36:21.557] [info] [task_scheduler.cpp:462] [mgpu-audit] pipeline_task dispatched to GPU 1 task_id=131
[2026-07-09 04:36:21.557] [info] [task_scheduler.cpp:464] [locality-audit] dispatch task_id=131 preferred_device=1 actual_gpu=1
[2026-07-09 04:36:21.557] [info] [task_scheduler.cpp:462] [mgpu-audit] pipeline_task dispatched to GPU 0 task_id=128
[2026-07-09 04:36:21.557] [info] [task_scheduler.cpp:464] [locality-audit] dispatch task_id=128 preferred_device=0 actual_gpu=0
[2026-07-09 04:36:21.557] [info] [task_scheduler.cpp:462] [mgpu-audit] pipeline_task dispatched to GPU 0 task_id=129
[2026-07-09 04:36:21.557] [info] [task_scheduler.cpp:464] [locality-audit] dispatch task_id=129 preferred_device=0 actual_gpu=0
[2026-07-09 04:36:21.557] [info] [gpu_pipeline_task.cpp:188] [locality-audit] prepare_before pipeline_id=9 task_id=130 preferred_device=1 actual_gpu=1 target_tier=GPU target_device=1 input_bytes=184838434 local_bytes=184838434 remote_gpu_bytes=0 host_bytes=0 disk_bytes=0 batch_count=2
[2026-07-09 04:36:21.557] [info] [gpu_pipeline_task.cpp:188] [locality-audit] prepare_before pipeline_id=9 task_id=131 preferred_device=1 actual_gpu=1 target_tier=GPU target_device=1 input_bytes=600250594 local_bytes=600250594 remote_gpu_bytes=0 host_bytes=0 disk_bytes=0 batch_count=2
[2026-07-09 04:36:21.557] [info] [gpu_pipeline_task.cpp:188] [locality-audit] prepare_before pipeline_id=9 task_id=128 preferred_device=0 actual_gpu=0 target_tier=GPU target_device=0 input_bytes=185074408 local_bytes=185074408 remote_gpu_bytes=0 host_bytes=0 disk_bytes=0 batch_count=2
[2026-07-09 04:36:21.557] [info] [gpu_pipeline_task.cpp:188] [locality-audit] prepare_after pipeline_id=9 task_id=130 preferred_device=1 actual_gpu=1 target_tier=GPU target_device=1 input_bytes=184838434 local_bytes=184838434 remote_gpu_bytes=0 host_bytes=0 disk_bytes=0 batch_count=2
[2026-07-09 04:36:21.557] [info] [gpu_pipeline_task.cpp:188] [locality-audit] prepare_before pipeline_id=9 task_id=129 preferred_device=0 actual_gpu=0 target_tier=GPU target_device=0 input_bytes=600386920 local_bytes=600386920 remote_gpu_bytes=0 host_bytes=0 disk_bytes=0 batch_count=2
[2026-07-09 04:36:21.557] [info] [gpu_pipeline_task.cpp:188] [locality-audit] prepare_after pipeline_id=9 task_id=131 preferred_device=1 actual_gpu=1 target_tier=GPU target_device=1 input_bytes=600250594 local_bytes=600250594 remote_gpu_bytes=0 host_bytes=0 disk_bytes=0 batch_count=2
[2026-07-09 04:36:21.558] [info] [gpu_pipeline_task.cpp:188] [locality-audit] prepare_after pipeline_id=9 task_id=128 preferred_device=0 actual_gpu=0 target_tier=GPU target_device=0 input_bytes=185074408 local_bytes=185074408 remote_gpu_bytes=0 host_bytes=0 disk_bytes=0 batch_count=2
[2026-07-09 04:36:21.558] [info] [gpu_pipeline_task.cpp:188] [locality-audit] prepare_after pipeline_id=9 task_id=129 preferred_device=0 actual_gpu=0 target_tier=GPU target_device=0 input_bytes=600386920 local_bytes=600386920 remote_gpu_bytes=0 host_bytes=0 disk_bytes=0 batch_count=2
[2026-07-09 04:36:21.572] [info] [gpu_pipeline_task.cpp:321] [stage-audit] pipeline_id=9 task_id=131 operator_id=13 operator_name=HASH_JOIN stage_kind=JOIN operator_type=33 input_type=PARTITIONED output_type=PIPELINEABLE actual_gpu=1 pipeline_operator_count=1 input_batches=2 input_rows=34460751 input_columns=6 input_bytes=600250594 output_batches=1 output_rows=4898196 output_columns=4 output_bytes=239547204 byte_ratio=0.399079 row_ratio=0.142138 duration_us=14387
[2026-07-09 04:36:21.572] [info] [gpu_pipeline_task.cpp:321] [stage-audit] pipeline_id=9 task_id=130 operator_id=13 operator_name=HASH_JOIN stage_kind=JOIN operator_type=33 input_type=PARTITIONED output_type=PIPELINEABLE actual_gpu=1 pipeline_operator_count=1 input_batches=2 input_rows=8497491 input_columns=6 input_bytes=184838434 output_batches=1 output_rows=1043736 output_columns=4 output_bytes=51037748 byte_ratio=0.276121 row_ratio=0.122829 duration_us=14529
[2026-07-09 04:36:21.572] [info] [gpu_pipeline_task.cpp:321] [stage-audit] pipeline_id=9 task_id=128 operator_id=13 operator_name=HASH_JOIN stage_kind=JOIN operator_type=33 input_type=PARTITIONED output_type=PIPELINEABLE actual_gpu=0 pipeline_operator_count=1 input_batches=2 input_rows=8512933 input_columns=6 input_bytes=185074408 output_batches=1 output_rows=1045702 output_columns=4 output_bytes=51141118 byte_ratio=0.276327 row_ratio=0.122837 duration_us=14625
[2026-07-09 04:36:21.573] [info] [task_scheduler.cpp:462] [mgpu-audit] pipeline_task dispatched to GPU 1 task_id=132
[2026-07-09 04:36:21.573] [info] [task_scheduler.cpp:464] [locality-audit] dispatch task_id=132 preferred_device=1 actual_gpu=1
[2026-07-09 04:36:21.573] [info] [gpu_pipeline_task.cpp:321] [stage-audit] pipeline_id=9 task_id=129 operator_id=13 operator_name=HASH_JOIN stage_kind=JOIN operator_type=33 input_type=PARTITIONED output_type=PIPELINEABLE actual_gpu=0 pipeline_operator_count=1 input_batches=2 input_rows=34469965 input_columns=6 input_bytes=600386920 output_batches=1 output_rows=4894646 output_columns=4 output_bytes=239374226 byte_ratio=0.398700 row_ratio=0.141997 duration_us=15311
[2026-07-09 04:36:21.674] [info] [gpu_pipeline_task.cpp:321] [stage-audit] pipeline_id=3 task_id=132 operator_id=24 operator_name=GPU_SCAN stage_kind=SCAN operator_type=94 input_type=GPU_SCAN output_type=PIPELINEABLE actual_gpu=1 pipeline_operator_count=1 input_batches=0 input_rows=0 input_columns=0 input_bytes=0 output_batches=1 output_rows=479 output_columns=1 output_bytes=3896 byte_ratio=0.000000 row_ratio=0.000000 duration_us=101187
[2026-07-09 04:36:21.674] [info] [task_creator.cpp:363] [locality-audit] task_create operator_id=26 input_bytes=3896 local_bytes=3896 gpu_source_bytes=3896 host_source_bytes=0 disk_source_bytes=0 gpu_sources=1 host_sources=0 preferred_device=1
[2026-07-09 04:36:21.674] [info] [task_scheduler.cpp:462] [mgpu-audit] pipeline_task dispatched to GPU 1 task_id=133
[2026-07-09 04:36:21.674] [info] [task_scheduler.cpp:464] [locality-audit] dispatch task_id=133 preferred_device=1 actual_gpu=1
[2026-07-09 04:36:21.674] [info] [gpu_pipeline_task.cpp:188] [locality-audit] prepare_before pipeline_id=4 task_id=133 preferred_device=1 actual_gpu=1 target_tier=GPU target_device=1 input_bytes=3896 local_bytes=3896 remote_gpu_bytes=0 host_bytes=0 disk_bytes=0 batch_count=1
[2026-07-09 04:36:21.675] [info] [gpu_pipeline_task.cpp:188] [locality-audit] prepare_after pipeline_id=4 task_id=133 preferred_device=1 actual_gpu=1 target_tier=GPU target_device=1 input_bytes=3896 local_bytes=3896 remote_gpu_bytes=0 host_bytes=0 disk_bytes=0 batch_count=1
[2026-07-09 04:36:21.675] [info] [gpu_pipeline_task.cpp:321] [stage-audit] pipeline_id=4 task_id=133 operator_id=26 operator_name=PARTITION stage_kind=PARTITION operator_type=82 input_type=PIPELINEABLE output_type=PIPELINEABLE actual_gpu=1 pipeline_operator_count=1 input_batches=1 input_rows=479 input_columns=1 input_bytes=3896 output_batches=1 output_rows=479 output_columns=1 output_bytes=3896 byte_ratio=1.000000 row_ratio=1.000000 duration_us=2
[2026-07-09 04:36:21.675] [info] [task_scheduler.cpp:462] [mgpu-audit] pipeline_task dispatched to GPU 0 task_id=134
[2026-07-09 04:36:21.675] [info] [task_scheduler.cpp:464] [locality-audit] dispatch task_id=134 preferred_device=0 actual_gpu=0
[2026-07-09 04:36:21.675] [info] [gpu_pipeline_task.cpp:188] [locality-audit] prepare_before pipeline_id=5 task_id=134 preferred_device=0 actual_gpu=0 target_tier=GPU target_device=0 input_bytes=3896 local_bytes=0 remote_gpu_bytes=3896 host_bytes=0 disk_bytes=0 batch_count=1
[2026-07-09 04:36:21.675] [info] [gpu_pipeline_task.cpp:188] [locality-audit] prepare_after pipeline_id=5 task_id=134 preferred_device=0 actual_gpu=0 target_tier=GPU target_device=0 input_bytes=3896 local_bytes=3896 remote_gpu_bytes=0 host_bytes=0 disk_bytes=0 batch_count=1
[2026-07-09 04:36:21.675] [info] [gpu_pipeline_task.cpp:321] [stage-audit] pipeline_id=5 task_id=134 operator_id=25 operator_name=CONCAT stage_kind=CONCAT operator_type=83 input_type=PARTITIONED output_type=PARTITIONED actual_gpu=0 pipeline_operator_count=1 input_batches=1 input_rows=479 input_columns=1 input_bytes=3896 output_batches=1 output_rows=479 output_columns=1 output_bytes=3896 byte_ratio=1.000000 row_ratio=1.000000 duration_us=9
[2026-07-09 04:36:21.675] [info] [task_creator.cpp:363] [locality-audit] task_create operator_id=32 input_bytes=239547204 local_bytes=239547204 gpu_source_bytes=239547204 host_source_bytes=0 disk_source_bytes=0 gpu_sources=1 host_sources=0 preferred_device=1
[2026-07-09 04:36:21.675] [info] [task_creator.cpp:363] [locality-audit] task_create operator_id=32 input_bytes=51037748 local_bytes=51037748 gpu_source_bytes=51037748 host_source_bytes=0 disk_source_bytes=0 gpu_sources=1 host_sources=0 preferred_device=1
[2026-07-09 04:36:21.675] [info] [task_scheduler.cpp:462] [mgpu-audit] pipeline_task dispatched to GPU 1 task_id=135
[2026-07-09 04:36:21.675] [info] [task_scheduler.cpp:464] [locality-audit] dispatch task_id=135 preferred_device=1 actual_gpu=1
[2026-07-09 04:36:21.675] [info] [task_creator.cpp:363] [locality-audit] task_create operator_id=32 input_bytes=51141118 local_bytes=51141118 gpu_source_bytes=51141118 host_source_bytes=0 disk_source_bytes=0 gpu_sources=1 host_sources=0 preferred_device=0
[2026-07-09 04:36:21.675] [info] [task_scheduler.cpp:462] [mgpu-audit] pipeline_task dispatched to GPU 1 task_id=136
[2026-07-09 04:36:21.675] [info] [task_scheduler.cpp:464] [locality-audit] dispatch task_id=136 preferred_device=1 actual_gpu=1
[2026-07-09 04:36:21.675] [info] [task_scheduler.cpp:462] [mgpu-audit] pipeline_task dispatched to GPU 0 task_id=137
[2026-07-09 04:36:21.675] [info] [task_scheduler.cpp:464] [locality-audit] dispatch task_id=137 preferred_device=0 actual_gpu=0
[2026-07-09 04:36:21.675] [info] [task_creator.cpp:363] [locality-audit] task_create operator_id=32 input_bytes=239374226 local_bytes=239374226 gpu_source_bytes=239374226 host_source_bytes=0 disk_source_bytes=0 gpu_sources=1 host_sources=0 preferred_device=0
[2026-07-09 04:36:21.675] [info] [task_scheduler.cpp:462] [mgpu-audit] pipeline_task dispatched to GPU 0 task_id=138
[2026-07-09 04:36:21.675] [info] [task_scheduler.cpp:464] [locality-audit] dispatch task_id=138 preferred_device=0 actual_gpu=0
[2026-07-09 04:36:21.675] [info] [gpu_pipeline_task.cpp:188] [locality-audit] prepare_before pipeline_id=10 task_id=135 preferred_device=1 actual_gpu=1 target_tier=GPU target_device=1 input_bytes=239547204 local_bytes=239547204 remote_gpu_bytes=0 host_bytes=0 disk_bytes=0 batch_count=1
[2026-07-09 04:36:21.675] [info] [gpu_pipeline_task.cpp:188] [locality-audit] prepare_after pipeline_id=10 task_id=135 preferred_device=1 actual_gpu=1 target_tier=GPU target_device=1 input_bytes=239547204 local_bytes=239547204 remote_gpu_bytes=0 host_bytes=0 disk_bytes=0 batch_count=1
[2026-07-09 04:36:21.675] [info] [gpu_pipeline_task.cpp:321] [stage-audit] pipeline_id=10 task_id=135 operator_id=32 operator_name=PARTITION stage_kind=PARTITION operator_type=82 input_type=PIPELINEABLE output_type=PIPELINEABLE actual_gpu=1 pipeline_operator_count=1 input_batches=1 input_rows=4898196 input_columns=4 input_bytes=239547204 output_batches=1 output_rows=4898196 output_columns=4 output_bytes=239547204 byte_ratio=1.000000 row_ratio=1.000000 duration_us=2
[2026-07-09 04:36:21.675] [info] [gpu_pipeline_task.cpp:188] [locality-audit] prepare_before pipeline_id=10 task_id=137 preferred_device=0 actual_gpu=0 target_tier=GPU target_device=0 input_bytes=51141118 local_bytes=51141118 remote_gpu_bytes=0 host_bytes=0 disk_bytes=0 batch_count=1
[2026-07-09 04:36:21.675] [info] [gpu_pipeline_task.cpp:188] [locality-audit] prepare_before pipeline_id=10 task_id=138 preferred_device=0 actual_gpu=0 target_tier=GPU target_device=0 input_bytes=239374226 local_bytes=239374226 remote_gpu_bytes=0 host_bytes=0 disk_bytes=0 batch_count=1
[2026-07-09 04:36:21.675] [info] [gpu_pipeline_task.cpp:188] [locality-audit] prepare_before pipeline_id=10 task_id=136 preferred_device=1 actual_gpu=1 target_tier=GPU target_device=1 input_bytes=51037748 local_bytes=51037748 remote_gpu_bytes=0 host_bytes=0 disk_bytes=0 batch_count=1
[2026-07-09 04:36:21.676] [info] [gpu_pipeline_task.cpp:188] [locality-audit] prepare_after pipeline_id=10 task_id=138 preferred_device=0 actual_gpu=0 target_tier=GPU target_device=0 input_bytes=239374226 local_bytes=239374226 remote_gpu_bytes=0 host_bytes=0 disk_bytes=0 batch_count=1
[2026-07-09 04:36:21.676] [info] [gpu_pipeline_task.cpp:188] [locality-audit] prepare_after pipeline_id=10 task_id=137 preferred_device=0 actual_gpu=0 target_tier=GPU target_device=0 input_bytes=51141118 local_bytes=51141118 remote_gpu_bytes=0 host_bytes=0 disk_bytes=0 batch_count=1
[2026-07-09 04:36:21.676] [info] [gpu_pipeline_task.cpp:188] [locality-audit] prepare_after pipeline_id=10 task_id=136 preferred_device=1 actual_gpu=1 target_tier=GPU target_device=1 input_bytes=51037748 local_bytes=51037748 remote_gpu_bytes=0 host_bytes=0 disk_bytes=0 batch_count=1
[2026-07-09 04:36:21.676] [info] [gpu_pipeline_task.cpp:321] [stage-audit] pipeline_id=10 task_id=138 operator_id=32 operator_name=PARTITION stage_kind=PARTITION operator_type=82 input_type=PIPELINEABLE output_type=PIPELINEABLE actual_gpu=0 pipeline_operator_count=1 input_batches=1 input_rows=4894646 input_columns=4 input_bytes=239374226 output_batches=1 output_rows=4894646 output_columns=4 output_bytes=239374226 byte_ratio=1.000000 row_ratio=1.000000 duration_us=34
[2026-07-09 04:36:21.676] [info] [gpu_pipeline_task.cpp:321] [stage-audit] pipeline_id=10 task_id=137 operator_id=32 operator_name=PARTITION stage_kind=PARTITION operator_type=82 input_type=PIPELINEABLE output_type=PIPELINEABLE actual_gpu=0 pipeline_operator_count=1 input_batches=1 input_rows=1045702 input_columns=4 input_bytes=51141118 output_batches=1 output_rows=1045702 output_columns=4 output_bytes=51141118 byte_ratio=1.000000 row_ratio=1.000000 duration_us=35
[2026-07-09 04:36:21.676] [info] [gpu_pipeline_task.cpp:321] [stage-audit] pipeline_id=10 task_id=136 operator_id=32 operator_name=PARTITION stage_kind=PARTITION operator_type=82 input_type=PIPELINEABLE output_type=PIPELINEABLE actual_gpu=1 pipeline_operator_count=1 input_batches=1 input_rows=1043736 input_columns=4 input_bytes=51037748 output_batches=1 output_rows=1043736 output_columns=4 output_bytes=51037748 byte_ratio=1.000000 row_ratio=1.000000 duration_us=10
[2026-07-09 04:36:21.676] [info] [task_scheduler.cpp:462] [mgpu-audit] pipeline_task dispatched to GPU 0 task_id=139
[2026-07-09 04:36:21.676] [info] [task_scheduler.cpp:464] [locality-audit] dispatch task_id=139 preferred_device=0 actual_gpu=0
[2026-07-09 04:36:21.676] [info] [task_scheduler.cpp:462] [mgpu-audit] pipeline_task dispatched to GPU 0 task_id=140
[2026-07-09 04:36:21.676] [info] [task_scheduler.cpp:464] [locality-audit] dispatch task_id=140 preferred_device=0 actual_gpu=0
[2026-07-09 04:36:21.676] [info] [gpu_pipeline_task.cpp:188] [locality-audit] prepare_before pipeline_id=11 task_id=139 preferred_device=0 actual_gpu=0 target_tier=GPU target_device=0 input_bytes=530062548 local_bytes=290515344 remote_gpu_bytes=239547204 host_bytes=0 disk_bytes=0 batch_count=3
[2026-07-09 04:36:21.676] [info] [gpu_pipeline_task.cpp:188] [locality-audit] prepare_before pipeline_id=11 task_id=140 preferred_device=0 actual_gpu=0 target_tier=GPU target_device=0 input_bytes=51037748 local_bytes=0 remote_gpu_bytes=51037748 host_bytes=0 disk_bytes=0 batch_count=1
[2026-07-09 04:36:21.689] [info] [gpu_pipeline_task.cpp:188] [locality-audit] prepare_after pipeline_id=11 task_id=139 preferred_device=0 actual_gpu=0 target_tier=GPU target_device=0 input_bytes=530062548 local_bytes=530062548 remote_gpu_bytes=0 host_bytes=0 disk_bytes=0 batch_count=3
[2026-07-09 04:36:21.689] [info] [gpu_pipeline_task.cpp:188] [locality-audit] prepare_after pipeline_id=11 task_id=140 preferred_device=0 actual_gpu=0 target_tier=GPU target_device=0 input_bytes=51037748 local_bytes=51037748 remote_gpu_bytes=0 host_bytes=0 disk_bytes=0 batch_count=1
[2026-07-09 04:36:21.689] [info] [gpu_pipeline_task.cpp:321] [stage-audit] pipeline_id=11 task_id=140 operator_id=31 operator_name=CONCAT stage_kind=CONCAT operator_type=83 input_type=PARTITIONED output_type=PARTITIONED actual_gpu=0 pipeline_operator_count=1 input_batches=1 input_rows=1043736 input_columns=4 input_bytes=51037748 output_batches=1 output_rows=1043736 output_columns=4 output_bytes=51037748 byte_ratio=1.000000 row_ratio=1.000000 duration_us=1
[2026-07-09 04:36:21.690] [info] [task_scheduler.cpp:462] [mgpu-audit] pipeline_task dispatched to GPU 1 task_id=141
[2026-07-09 04:36:21.690] [info] [task_scheduler.cpp:464] [locality-audit] dispatch task_id=141 preferred_device=1 actual_gpu=1
[2026-07-09 04:36:21.690] [info] [gpu_pipeline_task.cpp:188] [locality-audit] prepare_before pipeline_id=12 task_id=141 preferred_device=1 actual_gpu=1 target_tier=GPU target_device=1 input_bytes=51041644 local_bytes=0 remote_gpu_bytes=51041644 host_bytes=0 disk_bytes=0 batch_count=2
[2026-07-09 04:36:21.701] [info] [gpu_pipeline_task.cpp:321] [stage-audit] pipeline_id=11 task_id=139 operator_id=31 operator_name=CONCAT stage_kind=CONCAT operator_type=83 input_type=PARTITIONED output_type=PARTITIONED actual_gpu=0 pipeline_operator_count=1 input_batches=3 input_rows=10838544 input_columns=12 input_bytes=530062548 output_batches=1 output_rows=10838544 output_columns=4 output_bytes=527352772 byte_ratio=0.994888 row_ratio=1.000000 duration_us=11764
[2026-07-09 04:36:21.703] [info] [gpu_pipeline_task.cpp:188] [locality-audit] prepare_after pipeline_id=12 task_id=141 preferred_device=1 actual_gpu=1 target_tier=GPU target_device=1 input_bytes=51041644 local_bytes=51041644 remote_gpu_bytes=0 host_bytes=0 disk_bytes=0 batch_count=2
[2026-07-09 04:36:21.703] [info] [gpu_pipeline_task.cpp:321] [stage-audit] pipeline_id=12 task_id=141 operator_id=15 operator_name=HASH_JOIN stage_kind=JOIN operator_type=33 input_type=PARTITIONED output_type=PIPELINEABLE actual_gpu=1 pipeline_operator_count=4 input_batches=2 input_rows=1044215 input_columns=5 input_bytes=51041644 output_batches=1 output_rows=1043736 output_columns=5 output_bytes=52081484 byte_ratio=1.020372 row_ratio=0.999541 duration_us=720
[2026-07-09 04:36:21.704] [info] [gpu_pipeline_task.cpp:321] [stage-audit] pipeline_id=12 task_id=141 operator_id=16 operator_name=FILTER stage_kind=FILTER operator_type=12 input_type=PIPELINEABLE output_type=PIPELINEABLE actual_gpu=1 pipeline_operator_count=4 input_batches=1 input_rows=1043736 input_columns=5 input_bytes=52081484 output_batches=1 output_rows=1043257 output_columns=4 output_bytes=51014332 byte_ratio=0.979510 row_ratio=0.999541 duration_us=771
[2026-07-09 04:36:21.704] [info] [gpu_pipeline_task.cpp:321] [stage-audit] pipeline_id=12 task_id=141 operator_id=17 operator_name=PROJECTION stage_kind=PROJECTION operator_type=13 input_type=PIPELINEABLE output_type=PIPELINEABLE actual_gpu=1 pipeline_operator_count=4 input_batches=1 input_rows=1043257 input_columns=4 input_bytes=51014332 output_batches=1 output_rows=1043257 output_columns=4 output_bytes=51014332 byte_ratio=1.000000 row_ratio=1.000000 duration_us=8
[2026-07-09 04:36:21.719] [info] [gpu_pipeline_task.cpp:321] [stage-audit] pipeline_id=12 task_id=141 operator_id=18 operator_name=HASH_GROUP_BY stage_kind=AGGREGATE operator_type=9 input_type=PIPELINEABLE output_type=PIPELINEABLE actual_gpu=1 pipeline_operator_count=4 input_batches=1 input_rows=1043257 input_columns=4 input_bytes=51014332 output_batches=1 output_rows=27836 output_columns=4 output_bytes=9596007 byte_ratio=0.188104 row_ratio=0.026682 duration_us=14333
[2026-07-09 04:36:21.719] [warning] [gpu_pipeline_task.cpp:81] gpu_pipeline_task: operator 'HASH_GROUP_BY' (id=18) output batch 0 column 3 datatype mismatch: got cudf::list_view, expected int64_t
[2026-07-09 04:36:21.719] [info] [task_scheduler.cpp:462] [mgpu-audit] pipeline_task dispatched to GPU 1 task_id=142
[2026-07-09 04:36:21.719] [info] [task_scheduler.cpp:464] [locality-audit] dispatch task_id=142 preferred_device=1 actual_gpu=1
[2026-07-09 04:36:21.719] [info] [gpu_pipeline_task.cpp:188] [locality-audit] prepare_before pipeline_id=12 task_id=142 preferred_device=1 actual_gpu=1 target_tier=GPU target_device=1 input_bytes=527352772 local_bytes=0 remote_gpu_bytes=527352772 host_bytes=0 disk_bytes=0 batch_count=1
[2026-07-09 04:36:21.743] [info] [gpu_pipeline_task.cpp:188] [locality-audit] prepare_after pipeline_id=12 task_id=142 preferred_device=1 actual_gpu=1 target_tier=GPU target_device=1 input_bytes=527352772 local_bytes=527352772 remote_gpu_bytes=0 host_bytes=0 disk_bytes=0 batch_count=1
[2026-07-09 04:36:21.747] [info] [gpu_pipeline_task.cpp:321] [stage-audit] pipeline_id=12 task_id=142 operator_id=15 operator_name=HASH_JOIN stage_kind=JOIN operator_type=33 input_type=PARTITIONED output_type=PIPELINEABLE actual_gpu=1 pipeline_operator_count=4 input_batches=1 input_rows=10838544 input_columns=4 input_bytes=527352772 output_batches=1 output_rows=10838544 output_columns=5 output_bytes=538191316 byte_ratio=1.020553 row_ratio=1.000000 duration_us=4052
[2026-07-09 04:36:21.753] [info] [gpu_pipeline_task.cpp:321] [stage-audit] pipeline_id=12 task_id=142 operator_id=16 operator_name=FILTER stage_kind=FILTER operator_type=12 input_type=PIPELINEABLE output_type=PIPELINEABLE actual_gpu=1 pipeline_operator_count=4 input_batches=1 input_rows=10838544 input_columns=5 input_bytes=538191316 output_batches=1 output_rows=10833371 output_columns=4 output_bytes=527101266 byte_ratio=0.979394 row_ratio=0.999523 duration_us=5321
[2026-07-09 04:36:21.753] [info] [gpu_pipeline_task.cpp:321] [stage-audit] pipeline_id=12 task_id=142 operator_id=17 operator_name=PROJECTION stage_kind=PROJECTION operator_type=13 input_type=PIPELINEABLE output_type=PIPELINEABLE actual_gpu=1 pipeline_operator_count=4 input_batches=1 input_rows=10833371 input_columns=4 input_bytes=527101266 output_batches=1 output_rows=10833371 output_columns=4 output_bytes=527101266 byte_ratio=1.000000 row_ratio=1.000000 duration_us=7
[2026-07-09 04:36:21.912] [info] [gpu_pipeline_task.cpp:321] [stage-audit] pipeline_id=12 task_id=142 operator_id=18 operator_name=HASH_GROUP_BY stage_kind=AGGREGATE operator_type=9 input_type=PIPELINEABLE output_type=PIPELINEABLE actual_gpu=1 pipeline_operator_count=4 input_batches=1 input_rows=10833371 input_columns=4 input_bytes=527101266 output_batches=1 output_rows=27840 output_columns=4 output_bytes=87893892 byte_ratio=0.166750 row_ratio=0.002570 duration_us=159113
[2026-07-09 04:36:21.912] [warning] [gpu_pipeline_task.cpp:81] gpu_pipeline_task: operator 'HASH_GROUP_BY' (id=18) output batch 0 column 3 datatype mismatch: got cudf::list_view, expected int64_t
[2026-07-09 04:36:21.912] [info] [task_creator.cpp:363] [locality-audit] task_create operator_id=33 input_bytes=9596007 local_bytes=9596007 gpu_source_bytes=9596007 host_source_bytes=0 disk_source_bytes=0 gpu_sources=1 host_sources=0 preferred_device=1
[2026-07-09 04:36:21.912] [info] [task_creator.cpp:363] [locality-audit] task_create operator_id=33 input_bytes=87893892 local_bytes=87893892 gpu_source_bytes=87893892 host_source_bytes=0 disk_source_bytes=0 gpu_sources=1 host_sources=0 preferred_device=1
[2026-07-09 04:36:21.912] [info] [task_scheduler.cpp:462] [mgpu-audit] pipeline_task dispatched to GPU 1 task_id=143
[2026-07-09 04:36:21.912] [info] [task_scheduler.cpp:464] [locality-audit] dispatch task_id=143 preferred_device=1 actual_gpu=1
[2026-07-09 04:36:21.912] [info] [task_scheduler.cpp:462] [mgpu-audit] pipeline_task dispatched to GPU 1 task_id=144
[2026-07-09 04:36:21.912] [info] [task_scheduler.cpp:464] [locality-audit] dispatch task_id=144 preferred_device=1 actual_gpu=1
[2026-07-09 04:36:21.912] [info] [gpu_pipeline_task.cpp:188] [locality-audit] prepare_before pipeline_id=13 task_id=143 preferred_device=1 actual_gpu=1 target_tier=GPU target_device=1 input_bytes=9596007 local_bytes=9596007 remote_gpu_bytes=0 host_bytes=0 disk_bytes=0 batch_count=1
[2026-07-09 04:36:21.912] [info] [gpu_pipeline_task.cpp:188] [locality-audit] prepare_before pipeline_id=13 task_id=144 preferred_device=1 actual_gpu=1 target_tier=GPU target_device=1 input_bytes=87893892 local_bytes=87893892 remote_gpu_bytes=0 host_bytes=0 disk_bytes=0 batch_count=1
[2026-07-09 04:36:21.912] [info] [gpu_pipeline_task.cpp:188] [locality-audit] prepare_after pipeline_id=13 task_id=143 preferred_device=1 actual_gpu=1 target_tier=GPU target_device=1 input_bytes=9596007 local_bytes=9596007 remote_gpu_bytes=0 host_bytes=0 disk_bytes=0 batch_count=1
[2026-07-09 04:36:21.912] [info] [gpu_pipeline_task.cpp:188] [locality-audit] prepare_after pipeline_id=13 task_id=144 preferred_device=1 actual_gpu=1 target_tier=GPU target_device=1 input_bytes=87893892 local_bytes=87893892 remote_gpu_bytes=0 host_bytes=0 disk_bytes=0 batch_count=1
[2026-07-09 04:36:21.915] [info] [gpu_pipeline_task.cpp:321] [stage-audit] pipeline_id=13 task_id=144 operator_id=33 operator_name=PARTITION stage_kind=PARTITION operator_type=82 input_type=PIPELINEABLE output_type=PIPELINEABLE actual_gpu=1 pipeline_operator_count=1 input_batches=1 input_rows=27840 input_columns=4 input_bytes=87893892 output_batches=2 output_rows=27840 output_columns=8 output_bytes=87893904 byte_ratio=1.000000 row_ratio=1.000000 duration_us=2989
[2026-07-09 04:36:21.915] [warning] [gpu_pipeline_task.cpp:81] gpu_pipeline_task: operator 'PARTITION' (id=33) output batch 0 column 3 datatype mismatch: got cudf::list_view, expected int64_t
[2026-07-09 04:36:21.916] [info] [gpu_pipeline_task.cpp:321] [stage-audit] pipeline_id=13 task_id=143 operator_id=33 operator_name=PARTITION stage_kind=PARTITION operator_type=82 input_type=PIPELINEABLE output_type=PIPELINEABLE actual_gpu=1 pipeline_operator_count=1 input_batches=1 input_rows=27836 input_columns=4 input_bytes=9596007 output_batches=2 output_rows=27836 output_columns=8 output_bytes=9596147 byte_ratio=1.000015 row_ratio=1.000000 duration_us=3224
[2026-07-09 04:36:21.916] [warning] [gpu_pipeline_task.cpp:81] gpu_pipeline_task: operator 'PARTITION' (id=33) output batch 0 column 3 datatype mismatch: got cudf::list_view, expected int64_t
[2026-07-09 04:36:21.916] [info] [task_scheduler.cpp:462] [mgpu-audit] pipeline_task dispatched to GPU 0 task_id=145
[2026-07-09 04:36:21.916] [info] [task_scheduler.cpp:464] [locality-audit] dispatch task_id=145 preferred_device=0 actual_gpu=0
[2026-07-09 04:36:21.916] [info] [task_scheduler.cpp:462] [mgpu-audit] pipeline_task dispatched to GPU 1 task_id=146
[2026-07-09 04:36:21.916] [info] [task_scheduler.cpp:464] [locality-audit] dispatch task_id=146 preferred_device=1 actual_gpu=1
[2026-07-09 04:36:21.916] [info] [gpu_pipeline_task.cpp:188] [locality-audit] prepare_before pipeline_id=14 task_id=146 preferred_device=1 actual_gpu=1 target_tier=GPU target_device=1 input_bytes=48776405 local_bytes=48776405 remote_gpu_bytes=0 host_bytes=0 disk_bytes=0 batch_count=2
[2026-07-09 04:36:21.916] [info] [gpu_pipeline_task.cpp:188] [locality-audit] prepare_after pipeline_id=14 task_id=146 preferred_device=1 actual_gpu=1 target_tier=GPU target_device=1 input_bytes=48776405 local_bytes=48776405 remote_gpu_bytes=0 host_bytes=0 disk_bytes=0 batch_count=2
[2026-07-09 04:36:21.916] [info] [gpu_pipeline_task.cpp:188] [locality-audit] prepare_before pipeline_id=14 task_id=145 preferred_device=0 actual_gpu=0 target_tier=GPU target_device=0 input_bytes=48713646 local_bytes=0 remote_gpu_bytes=48713646 host_bytes=0 disk_bytes=0 batch_count=2
[2026-07-09 04:36:21.920] [info] [gpu_pipeline_task.cpp:188] [locality-audit] prepare_after pipeline_id=14 task_id=145 preferred_device=0 actual_gpu=0 target_tier=GPU target_device=0 input_bytes=48713646 local_bytes=48713646 remote_gpu_bytes=0 host_bytes=0 disk_bytes=0 batch_count=2
[2026-07-09 04:36:21.926] [info] [gpu_pipeline_task.cpp:321] [stage-audit] pipeline_id=14 task_id=146 operator_id=34 operator_name=MERGE_GROUP_BY stage_kind=AGGREGATE operator_type=85 input_type=PARTITIONED output_type=PIPELINEABLE actual_gpu=1 pipeline_operator_count=1 input_batches=2 input_rows=27830 input_columns=8 input_bytes=48776405 output_batches=1 output_rows=13916 output_columns=4 output_bytes=677016 byte_ratio=0.013880 row_ratio=0.500036 duration_us=10402
[2026-07-09 04:36:21.930] [info] [gpu_pipeline_task.cpp:321] [stage-audit] pipeline_id=14 task_id=145 operator_id=34 operator_name=MERGE_GROUP_BY stage_kind=AGGREGATE operator_type=85 input_type=PARTITIONED output_type=PIPELINEABLE actual_gpu=0 pipeline_operator_count=1 input_batches=2 input_rows=27846 input_columns=8 input_bytes=48713646 output_batches=1 output_rows=13924 output_columns=4 output_bytes=677560 byte_ratio=0.013909 row_ratio=0.500036 duration_us=9787
[2026-07-09 04:36:21.930] [info] [task_creator.cpp:363] [locality-audit] task_create operator_id=19 input_bytes=677016 local_bytes=677016 gpu_source_bytes=677016 host_source_bytes=0 disk_source_bytes=0 gpu_sources=1 host_sources=0 preferred_device=1
[2026-07-09 04:36:21.930] [info] [task_creator.cpp:363] [locality-audit] task_create operator_id=19 input_bytes=677560 local_bytes=677560 gpu_source_bytes=677560 host_source_bytes=0 disk_source_bytes=0 gpu_sources=1 host_sources=0 preferred_device=0
[2026-07-09 04:36:21.930] [info] [task_scheduler.cpp:462] [mgpu-audit] pipeline_task dispatched to GPU 0 task_id=148
[2026-07-09 04:36:21.930] [info] [task_scheduler.cpp:464] [locality-audit] dispatch task_id=148 preferred_device=0 actual_gpu=0
[2026-07-09 04:36:21.930] [info] [task_scheduler.cpp:462] [mgpu-audit] pipeline_task dispatched to GPU 1 task_id=147
[2026-07-09 04:36:21.930] [info] [task_scheduler.cpp:464] [locality-audit] dispatch task_id=147 preferred_device=1 actual_gpu=1
[2026-07-09 04:36:21.930] [info] [gpu_pipeline_task.cpp:188] [locality-audit] prepare_before pipeline_id=15 task_id=147 preferred_device=1 actual_gpu=1 target_tier=GPU target_device=1 input_bytes=677016 local_bytes=677016 remote_gpu_bytes=0 host_bytes=0 disk_bytes=0 batch_count=1
[2026-07-09 04:36:21.930] [info] [gpu_pipeline_task.cpp:188] [locality-audit] prepare_before pipeline_id=15 task_id=148 preferred_device=0 actual_gpu=0 target_tier=GPU target_device=0 input_bytes=677560 local_bytes=677560 remote_gpu_bytes=0 host_bytes=0 disk_bytes=0 batch_count=1
[2026-07-09 04:36:21.930] [info] [gpu_pipeline_task.cpp:188] [locality-audit] prepare_after pipeline_id=15 task_id=147 preferred_device=1 actual_gpu=1 target_tier=GPU target_device=1 input_bytes=677016 local_bytes=677016 remote_gpu_bytes=0 host_bytes=0 disk_bytes=0 batch_count=1
[2026-07-09 04:36:21.930] [info] [gpu_pipeline_task.cpp:188] [locality-audit] prepare_after pipeline_id=15 task_id=148 preferred_device=0 actual_gpu=0 target_tier=GPU target_device=0 input_bytes=677560 local_bytes=677560 remote_gpu_bytes=0 host_bytes=0 disk_bytes=0 batch_count=1
[2026-07-09 04:36:21.932] [info] [gpu_pipeline_task.cpp:321] [stage-audit] pipeline_id=15 task_id=147 operator_id=19 operator_name=ORDER_BY stage_kind=SORT operator_type=1 input_type=PIPELINEABLE output_type=PIPELINEABLE actual_gpu=1 pipeline_operator_count=1 input_batches=1 input_rows=13916 input_columns=4 input_bytes=677016 output_batches=1 output_rows=13916 output_columns=4 output_bytes=677016 byte_ratio=1.000000 row_ratio=1.000000 duration_us=1920
[2026-07-09 04:36:21.932] [info] [gpu_pipeline_task.cpp:321] [stage-audit] pipeline_id=15 task_id=148 operator_id=19 operator_name=ORDER_BY stage_kind=SORT operator_type=1 input_type=PIPELINEABLE output_type=PIPELINEABLE actual_gpu=0 pipeline_operator_count=1 input_batches=1 input_rows=13924 input_columns=4 input_bytes=677560 output_batches=1 output_rows=13924 output_columns=4 output_bytes=677560 byte_ratio=1.000000 row_ratio=1.000000 duration_us=2004
[2026-07-09 04:36:21.932] [info] [task_creator.cpp:363] [locality-audit] task_create operator_id=35 input_bytes=1354576 local_bytes=677560 gpu_source_bytes=1354576 host_source_bytes=0 disk_source_bytes=0 gpu_sources=2 host_sources=0 preferred_device=0
[2026-07-09 04:36:21.932] [info] [task_scheduler.cpp:462] [mgpu-audit] pipeline_task dispatched to GPU 0 task_id=149
[2026-07-09 04:36:21.932] [info] [task_scheduler.cpp:464] [locality-audit] dispatch task_id=149 preferred_device=0 actual_gpu=0
[2026-07-09 04:36:21.932] [info] [gpu_pipeline_task.cpp:188] [locality-audit] prepare_before pipeline_id=16 task_id=149 preferred_device=0 actual_gpu=0 target_tier=GPU target_device=0 input_bytes=1354576 local_bytes=677560 remote_gpu_bytes=677016 host_bytes=0 disk_bytes=0 batch_count=2
[2026-07-09 04:36:21.932] [info] [gpu_pipeline_task.cpp:188] [locality-audit] prepare_after pipeline_id=16 task_id=149 preferred_device=0 actual_gpu=0 target_tier=GPU target_device=0 input_bytes=1354576 local_bytes=1354576 remote_gpu_bytes=0 host_bytes=0 disk_bytes=0 batch_count=2
[2026-07-09 04:36:21.933] [info] [gpu_pipeline_task.cpp:321] [stage-audit] pipeline_id=16 task_id=149 operator_id=35 operator_name=SORT_SAMPLE stage_kind=SORT operator_type=89 input_type=PIPELINEABLE output_type=PIPELINEABLE actual_gpu=0 pipeline_operator_count=2 input_batches=2 input_rows=27840 input_columns=8 input_bytes=1354576 output_batches=2 output_rows=27840 output_columns=8 output_bytes=1354576 byte_ratio=1.000000 row_ratio=1.000000 duration_us=592
[2026-07-09 04:36:21.933] [info] [gpu_pipeline_task.cpp:321] [stage-audit] pipeline_id=16 task_id=149 operator_id=36 operator_name=SORT_PARTITION stage_kind=SORT operator_type=88 input_type=PIPELINEABLE output_type=PIPELINEABLE actual_gpu=0 pipeline_operator_count=2 input_batches=2 input_rows=27840 input_columns=8 input_bytes=1354576 output_batches=4 output_rows=27840 output_columns=16 output_bytes=1354592 byte_ratio=1.000012 row_ratio=1.000000 duration_us=449
[2026-07-09 04:36:21.934] [info] [task_creator.cpp:363] [locality-audit] task_create operator_id=37 input_bytes=1354592 local_bytes=1354592 gpu_source_bytes=1354592 host_source_bytes=0 disk_source_bytes=0 gpu_sources=1 host_sources=0 preferred_device=0
[2026-07-09 04:36:21.934] [info] [task_scheduler.cpp:462] [mgpu-audit] pipeline_task dispatched to GPU 0 task_id=150
[2026-07-09 04:36:21.934] [info] [task_scheduler.cpp:464] [locality-audit] dispatch task_id=150 preferred_device=0 actual_gpu=0
[2026-07-09 04:36:21.934] [info] [gpu_pipeline_task.cpp:188] [locality-audit] prepare_before pipeline_id=17 task_id=150 preferred_device=0 actual_gpu=0 target_tier=GPU target_device=0 input_bytes=1354592 local_bytes=1354592 remote_gpu_bytes=0 host_bytes=0 disk_bytes=0 batch_count=4
[2026-07-09 04:36:21.934] [info] [gpu_pipeline_task.cpp:188] [locality-audit] prepare_after pipeline_id=17 task_id=150 preferred_device=0 actual_gpu=0 target_tier=GPU target_device=0 input_bytes=1354592 local_bytes=1354592 remote_gpu_bytes=0 host_bytes=0 disk_bytes=0 batch_count=4
[2026-07-09 04:36:21.935] [info] [gpu_pipeline_task.cpp:321] [stage-audit] pipeline_id=17 task_id=150 operator_id=37 operator_name=MERGE_SORT stage_kind=SORT operator_type=84 input_type=PIPELINEABLE output_type=PIPELINEABLE actual_gpu=0 pipeline_operator_count=1 input_batches=4 input_rows=27840 input_columns=16 input_bytes=1354592 output_batches=1 output_rows=27840 output_columns=4 output_bytes=1354568 byte_ratio=0.999982 row_ratio=1.000000 duration_us=974
[2026-07-09 04:36:21.935] [info] [task_creator.cpp:363] [locality-audit] task_create operator_id=20 input_bytes=1354568 local_bytes=1354568 gpu_source_bytes=1354568 host_source_bytes=0 disk_source_bytes=0 gpu_sources=1 host_sources=0 preferred_device=0
[2026-07-09 04:36:21.935] [info] [task_scheduler.cpp:462] [mgpu-audit] pipeline_task dispatched to GPU 0 task_id=151
[2026-07-09 04:36:21.935] [info] [task_scheduler.cpp:464] [locality-audit] dispatch task_id=151 preferred_device=0 actual_gpu=0
[2026-07-09 04:36:21.935] [info] [gpu_pipeline_task.cpp:188] [locality-audit] prepare_before pipeline_id=18 task_id=151 preferred_device=0 actual_gpu=0 target_tier=GPU target_device=0 input_bytes=1354568 local_bytes=1354568 remote_gpu_bytes=0 host_bytes=0 disk_bytes=0 batch_count=1
[2026-07-09 04:36:21.935] [info] [gpu_pipeline_task.cpp:188] [locality-audit] prepare_after pipeline_id=18 task_id=151 preferred_device=0 actual_gpu=0 target_tier=GPU target_device=0 input_bytes=1354568 local_bytes=1354568 remote_gpu_bytes=0 host_bytes=0 disk_bytes=0 batch_count=1
[2026-07-09 04:36:21.935] [info] [gpu_pipeline_task.cpp:321] [stage-audit] pipeline_id=18 task_id=151 operator_id=20 operator_name=RESULT_COLLECTOR stage_kind=RESULT operator_type=76 input_type=PIPELINEABLE output_type=PIPELINEABLE actual_gpu=0 pipeline_operator_count=1 input_batches=1 input_rows=27840 input_columns=4 input_bytes=1354568 output_batches=1 output_rows=27840 output_columns=4 output_bytes=1354568 byte_ratio=1.000000 row_ratio=1.000000 duration_us=1
[2026-07-09 04:36:21.955] [info] [gpu_pipeline_executor.cpp:118] GPU Pipeline Executor: task queue interrupted, stopping manager loop
[2026-07-09 04:36:21.956] [info] [gpu_pipeline_executor.cpp:118] GPU Pipeline Executor: task queue interrupted, stopping manager loop
[2026-07-09 04:36:21.958] [info] [physical_sirius_execution.cpp:165] Transparent GPU execution: query completed
[2026-07-09 04:36:21.969] [info] [sirius_context.cpp:217] QueryEnd
[2026-07-09 04:36:21.980] [info] [:] [host_pool] HOST:0 QueryEnd allocated=72351744 bytes peak=74448896 bytes free_blocks=443
[2026-07-09 04:36:21.980] [info] [:] [gpu_pool] GPU:0 QueryEnd allocated=0 bytes peak=4353101568 bytes reserved=0 bytes
[2026-07-09 04:36:21.980] [info] [:] [gpu_pool] GPU:1 QueryEnd allocated=0 bytes peak=4366993120 bytes reserved=0 bytes
[2026-07-09 04:36:21.993] [info] [:] [host_pool] HOST:0 QueryBegin allocated=72351744 bytes peak=74448896 bytes free_blocks=443
[2026-07-09 04:36:21.993] [info] [:] [gpu_pool] GPU:0 QueryBegin allocated=0 bytes peak=4353101568 bytes reserved=0 bytes
[2026-07-09 04:36:21.993] [info] [:] [gpu_pool] GPU:1 QueryBegin allocated=0 bytes peak=4366993120 bytes reserved=0 bytes
[2026-07-09 04:36:21.993] [info] [sirius_context.cpp:201] QueryBegin: SQL: SET gpu_execution = true;
[2026-07-09 04:36:21.993] [info] [sirius_context.cpp:217] QueryEnd
[2026-07-09 04:36:22.000] [info] [:] [host_pool] HOST:0 QueryEnd allocated=72351744 bytes peak=74448896 bytes free_blocks=443
[2026-07-09 04:36:22.000] [info] [:] [gpu_pool] GPU:0 QueryEnd allocated=0 bytes peak=4353101568 bytes reserved=0 bytes
[2026-07-09 04:36:22.000] [info] [:] [gpu_pool] GPU:1 QueryEnd allocated=0 bytes peak=4366993120 bytes reserved=0 bytes
[2026-07-09 04:36:22.000] [info] [:] [host_pool] HOST:0 QueryBegin allocated=72351744 bytes peak=74448896 bytes free_blocks=443
[2026-07-09 04:36:22.000] [info] [:] [gpu_pool] GPU:0 QueryBegin allocated=0 bytes peak=4353101568 bytes reserved=0 bytes
[2026-07-09 04:36:22.000] [info] [:] [gpu_pool] GPU:1 QueryBegin allocated=0 bytes peak=4366993120 bytes reserved=0 bytes
[2026-07-09 04:36:22.000] [info] [sirius_context.cpp:201] QueryBegin: SQL: select p.p_brand, p.p_type, p.p_size, count(distinct ps.ps_suppkey) as supplier_cnt from partsupp ps, part p where p.p_partkey = ps.ps_partkey and p.p_brand <> 'Brand#21' and p.p_type not like 'MEDIUM PLATED%' and p.p_size in (38, 2, 8, 31, 44, 5, 14, 24) and ps.ps_suppkey not in ( select s.s_suppkey from supplier s where s.s_comment like '%Customer%Complaints%' ) group by p.p_brand, p.p_type, p.p_size order by supplier_cnt desc, p.p_brand, p.p_type, p.p_size
[2026-07-09 04:36:22.015] [info] [sirius_plan_get.cpp:267] [sirius_plan_get] LogicalGet has dynamic_filters attached (channel key=0x556f748eecd0).
[2026-07-09 04:36:22.015] [info] [sirius_plan_comparison_join.cpp:601] [sirius_plan_comparison_join] Wired hash join with 1 dynamic-filter probe target(s) (build est 20000000 rows).
[2026-07-09 04:36:22.015] [info] [sirius_context.cpp:865] Transparent execution: Sirius physical plan generated successfully
[2026-07-09 04:36:22.016] [info] [sirius_context.cpp:877] Transparent execution: physical plan replaced with GPU operator
[2026-07-09 04:36:22.016] [info] [physical_sirius_execution.cpp:97] Transparent GPU execution: executing query
[2026-07-09 04:36:22.019] [info] [sirius_plan_get.cpp:267] [sirius_plan_get] LogicalGet has dynamic_filters attached (channel key=0x556f748eecd0).
[2026-07-09 04:36:22.019] [info] [sirius_plan_comparison_join.cpp:601] [sirius_plan_comparison_join] Wired hash join with 1 dynamic-filter probe target(s) (build est 20000000 rows).
[2026-07-09 04:36:22.019] [info] [sirius_engine.cpp:375] Query Plan:
=== Pipeline Overview ===
Pipeline #0: GPU_SCAN (id=21) -> FILTER (id=12)
  Output: -> PARTITION [port: default, barrier: FULL]
Pipeline #1: PARTITION (id=23)
  Input: <- Pipeline #0 [on: PARTITION (id=23), port: default, barrier: FULL]
  Dependencies: Pipeline #0
  Output: -> CONCAT [port: default, barrier: PARTIAL]
Pipeline #2: CONCAT (id=22)
  Input: <- Pipeline #1 [on: CONCAT (id=22), port: default, barrier: PARTIAL]
  Dependencies: Pipeline #1
  Output: -> HASH_JOIN [port: build, barrier: FULL]
Pipeline #3: GPU_SCAN (id=24)
  Output: -> PARTITION [port: default, barrier: FULL]
Pipeline #4: PARTITION (id=26)
  Input: <- Pipeline #3 [on: PARTITION (id=26), port: default, barrier: FULL]
  Dependencies: Pipeline #3
  Output: -> CONCAT [port: default, barrier: PARTIAL]
Pipeline #5: CONCAT (id=25)
  Input: <- Pipeline #4 [on: CONCAT (id=25), port: default, barrier: PARTIAL]
  Dependencies: Pipeline #4
  Output: -> HASH_JOIN [port: build, barrier: FULL]
Pipeline #6: GPU_SCAN (id=27) -> DYNAMIC_FILTER (id=28)
  Output: -> PARTITION [port: default, barrier: PARTIAL]
Pipeline #7: PARTITION (id=30)
  Input: <- Pipeline #6 [on: PARTITION (id=30), port: default, barrier: PARTIAL]
  Dependencies: Pipeline #6
  Output: -> CONCAT [port: default, barrier: PARTIAL]
Pipeline #8: CONCAT (id=29)
  Input: <- Pipeline #7 [on: CONCAT (id=29), port: default, barrier: PARTIAL]
  Dependencies: Pipeline #7
  Output: -> HASH_JOIN [port: default, barrier: FULL]
Pipeline #9: HASH_JOIN (id=13)
  Input: <- Pipeline #8 [on: HASH_JOIN (id=13), port: default, barrier: FULL]
  Input: <- Pipeline #2 [on: HASH_JOIN (id=13), port: build, barrier: FULL]
  Dependencies: Pipeline #2, Pipeline #8
  Output: -> PARTITION [port: default, barrier: PARTIAL]
Pipeline #10: PARTITION (id=32)
  Input: <- Pipeline #9 [on: PARTITION (id=32), port: default, barrier: PARTIAL]
  Dependencies: Pipeline #9
  Output: -> CONCAT [port: default, barrier: PARTIAL]
Pipeline #11: CONCAT (id=31)
  Input: <- Pipeline #10 [on: CONCAT (id=31), port: default, barrier: PARTIAL]
  Dependencies: Pipeline #10
  Output: -> HASH_JOIN [port: default, barrier: FULL]
Pipeline #12: HASH_JOIN (id=15) -> FILTER (id=16) -> PROJECTION (id=17) -> HASH_GROUP_BY (id=18)
  Input: <- Pipeline #11 [on: HASH_JOIN (id=15), port: default, barrier: FULL]
  Input: <- Pipeline #5 [on: HASH_JOIN (id=15), port: build, barrier: FULL]
  Dependencies: Pipeline #5, Pipeline #11
  Output: -> PARTITION [port: default, barrier: FULL]
Pipeline #13: PARTITION (id=33)
  Input: <- Pipeline #12 [on: PARTITION (id=33), port: default, barrier: FULL]
  Dependencies: Pipeline #12
  Output: -> MERGE_GROUP_BY [port: default, barrier: FULL]
Pipeline #14: MERGE_GROUP_BY (id=34)
  Input: <- Pipeline #13 [on: MERGE_GROUP_BY (id=34), port: default, barrier: FULL]
  Dependencies: Pipeline #13
  Output: -> ORDER_BY [port: default, barrier: FULL]
Pipeline #15: ORDER_BY (id=19)
  Input: <- Pipeline #14 [on: ORDER_BY (id=19), port: default, barrier: FULL]
  Dependencies: Pipeline #14
  Output: -> SORT_SAMPLE [port: default, barrier: PIPELINE]
Pipeline #16: SORT_SAMPLE (id=35) -> SORT_PARTITION (id=36)
  Input: <- Pipeline #15 [on: SORT_SAMPLE (id=35), port: default, barrier: PIPELINE]
  Dependencies: Pipeline #15
  Output: -> MERGE_SORT [port: default, barrier: FULL]
Pipeline #17: MERGE_SORT (id=37)
  Input: <- Pipeline #16 [on: MERGE_SORT (id=37), port: default, barrier: FULL]
  Dependencies: Pipeline #16
  Output: -> RESULT_COLLECTOR [port: default, barrier: FULL]
Pipeline #18: RESULT_COLLECTOR (id=20)
  Input: <- Pipeline #17 [on: RESULT_COLLECTOR (id=20), port: default, barrier: FULL]
  Dependencies: Pipeline #17

=== Query Plan DAG ===
┌──────────────────────────┐                                                        
│ Pipeline #18             │                                                        
│ RESULT_COLLECTOR (id=20) │                                                        
│ Input(#17): FULL         │                                                        
└────────────┬─────────────┘                                                        
             │                                                                      
┌──────────────────────────┐                                                        
│ Pipeline #17             │                                                        
│ MERGE_SORT (id=37)       │                                                        
│ Input(#16): FULL         │                                                        
└────────────┬─────────────┘                                                        
             │                                                                      
┌──────────────────────────┐                                                        
│ Pipeline #16             │                                                        
│ SORT_PARTITION (id=36)   │                                                        
│ SORT_SAMPLE (id=35)      │                                                        
│ Input(#15): PIPELINE     │                                                        
└────────────┬─────────────┘                                                        
             │                                                                      
┌──────────────────────────┐                                                        
│ Pipeline #15             │                                                        
│ ORDER_BY (id=19)         │                                                        
│ Input(#14): FULL         │                                                        
└────────────┬─────────────┘                                                        
             │                                                                      
┌──────────────────────────┐                                                        
│ Pipeline #14             │                                                        
│ MERGE_GROUP_BY (id=34)   │                                                        
│ Input(#13): FULL         │                                                        
└────────────┬─────────────┘                                                        
             │                                                                      
┌──────────────────────────┐                                                        
│ Pipeline #13             │                                                        
│ PARTITION (id=33)        │                                                        
│ Input(#12): FULL         │                                                        
└────────────┬─────────────┘                                                        
             │                                                                      
┌──────────────────────────┐                                                        
│ Pipeline #12             │                                                        
│ HASH_GROUP_BY (id=18)    │                                                        
│ PROJECTION (id=17)       │                                                        
│ FILTER (id=16)           │                                                        
│ HASH_JOIN (id=15)        │                                                        
│   type: MARK             │                                                        
│ Input(#11): FULL         │                                                        
│ Input(#5): FULL          │                                                        
└────────────┬─────────────┘                                                        
             ┌───────────────────────────┐                                          
             │                           │                                          
┌──────────────────────────┐┌──────────────────────────┐                            
│ Pipeline #5              ││ Pipeline #11             │                            
│ CONCAT (id=25)           ││ CONCAT (id=31)           │                            
│ Input(#4): PARTIAL       ││ Input(#10): PARTIAL      │                            
└────────────┬─────────────┘└────────────┬─────────────┘                            
             │                           │                                          
┌──────────────────────────┐┌──────────────────────────┐                            
│ Pipeline #4              ││ Pipeline #10             │                            
│ PARTITION (id=26)        ││ PARTITION (id=32)        │                            
│ Input(#3): FULL          ││ Input(#9): PARTIAL       │                            
└────────────┬─────────────┘└────────────┬─────────────┘                            
             │                           │                                          
┌──────────────────────────┐┌──────────────────────────┐                            
│ Pipeline #3              ││ Pipeline #9              │                            
│ GPU_SCAN (id=24)         ││ HASH_JOIN (id=13)        │                            
│                          ││   type: INNER            │                            
│                          ││ Input(#8): FULL          │                            
│                          ││ Input(#2): FULL          │                            
└──────────────────────────┘└────────────┬─────────────┘                            
                                         ┌───────────────────────────┐              
                                         │                           │              
                            ┌──────────────────────────┐┌──────────────────────────┐
                            │ Pipeline #2              ││ Pipeline #8              │
                            │ CONCAT (id=22)           ││ CONCAT (id=29)           │
                            │ Input(#1): PARTIAL       ││ Input(#7): PARTIAL       │
                            └────────────┬─────────────┘└────────────┬─────────────┘
                                         │                           │              
                            ┌──────────────────────────┐┌──────────────────────────┐
                            │ Pipeline #1              ││ Pipeline #7              │
                            │ PARTITION (id=23)        ││ PARTITION (id=30)        │
                            │ Input(#0): FULL          ││ Input(#6): PARTIAL       │
                            └────────────┬─────────────┘└────────────┬─────────────┘
                                         │                           │              
                            ┌──────────────────────────┐┌──────────────────────────┐
                            │ Pipeline #0              ││ Pipeline #6              │
                            │ FILTER (id=12)           ││ DYNAMIC_FILTER (id=28)   │
                            │ GPU_SCAN (id=21)         ││ GPU_SCAN (id=27)         │
                            └──────────────────────────┘└──────────────────────────┘

[2026-07-09 04:36:22.022] [info] [parquet_gpu_ingestible.cpp:250] [coalesce-debug] parquet_batch_coalescer emit #1: 1 slice(s), acc_bytes=443331651, cap=536870912
[2026-07-09 04:36:22.022] [info] [load_balancing_scan_batch_coalescer.cpp:96] [coalesce-debug] load_balancer emit pipeline=0 -> preferred GPU 0
[2026-07-09 04:36:22.028] [info] [parquet_gpu_ingestible.cpp:250] [coalesce-debug] parquet_batch_coalescer emit #1: 1 slice(s), acc_bytes=8124997, cap=536870912
[2026-07-09 04:36:22.028] [info] [load_balancing_scan_batch_coalescer.cpp:96] [coalesce-debug] load_balancer emit pipeline=3 -> preferred GPU 1
[2026-07-09 04:36:22.028] [info] [parquet_gpu_ingestible.cpp:250] [coalesce-debug] parquet_batch_coalescer emit #1: 1 slice(s), acc_bytes=535058976, cap=536870912
[2026-07-09 04:36:22.028] [info] [parquet_gpu_ingestible.cpp:250] [coalesce-debug] parquet_batch_coalescer emit #2: 1 slice(s), acc_bytes=536793244, cap=536870912
[2026-07-09 04:36:22.028] [info] [load_balancing_scan_batch_coalescer.cpp:96] [coalesce-debug] load_balancer emit pipeline=6 -> preferred GPU 0
[2026-07-09 04:36:22.030] [info] [task_scheduler.cpp:462] [mgpu-audit] pipeline_task dispatched to GPU 0 task_id=152
[2026-07-09 04:36:22.030] [info] [task_scheduler.cpp:464] [locality-audit] dispatch task_id=152 preferred_device=0 actual_gpu=0
[2026-07-09 04:36:22.035] [info] [load_balancing_scan_batch_coalescer.cpp:96] [coalesce-debug] load_balancer emit pipeline=6 -> preferred GPU 1
[2026-07-09 04:36:22.043] [info] [parquet_gpu_ingestible.cpp:250] [coalesce-debug] parquet_batch_coalescer emit #3: 1 slice(s), acc_bytes=228147610, cap=536870912
[2026-07-09 04:36:22.043] [info] [load_balancing_scan_batch_coalescer.cpp:96] [coalesce-debug] load_balancer emit pipeline=6 -> preferred GPU 0
[2026-07-09 04:36:22.118] [info] [gpu_pipeline_task.cpp:321] [stage-audit] pipeline_id=0 task_id=152 operator_id=21 operator_name=GPU_SCAN stage_kind=SCAN operator_type=94 input_type=GPU_SCAN output_type=PIPELINEABLE actual_gpu=0 pipeline_operator_count=2 input_batches=0 input_rows=0 input_columns=0 input_bytes=0 output_batches=1 output_rows=18560830 output_columns=4 output_bytes=912359912 byte_ratio=0.000000 row_ratio=0.000000 duration_us=87731
[2026-07-09 04:36:22.125] [info] [gpu_pipeline_task.cpp:321] [stage-audit] pipeline_id=0 task_id=152 operator_id=12 operator_name=FILTER stage_kind=FILTER operator_type=12 input_type=PIPELINEABLE output_type=PIPELINEABLE actual_gpu=0 pipeline_operator_count=2 input_batches=1 input_rows=18560830 input_columns=4 input_bytes=912359912 output_batches=1 output_rows=2970570 output_columns=4 output_bytes=146017698 byte_ratio=0.160044 row_ratio=0.160045 duration_us=6521
[2026-07-09 04:36:22.125] [info] [task_creator.cpp:363] [locality-audit] task_create operator_id=23 input_bytes=146017698 local_bytes=146017698 gpu_source_bytes=146017698 host_source_bytes=0 disk_source_bytes=0 gpu_sources=1 host_sources=0 preferred_device=0
[2026-07-09 04:36:22.125] [info] [task_scheduler.cpp:462] [mgpu-audit] pipeline_task dispatched to GPU 0 task_id=153
[2026-07-09 04:36:22.125] [info] [task_scheduler.cpp:464] [locality-audit] dispatch task_id=153 preferred_device=0 actual_gpu=0
[2026-07-09 04:36:22.126] [info] [gpu_pipeline_task.cpp:188] [locality-audit] prepare_before pipeline_id=1 task_id=153 preferred_device=0 actual_gpu=0 target_tier=GPU target_device=0 input_bytes=146017698 local_bytes=146017698 remote_gpu_bytes=0 host_bytes=0 disk_bytes=0 batch_count=1
[2026-07-09 04:36:22.126] [info] [gpu_pipeline_task.cpp:188] [locality-audit] prepare_after pipeline_id=1 task_id=153 preferred_device=0 actual_gpu=0 target_tier=GPU target_device=0 input_bytes=146017698 local_bytes=146017698 remote_gpu_bytes=0 host_bytes=0 disk_bytes=0 batch_count=1
[2026-07-09 04:36:22.130] [info] [gpu_pipeline_task.cpp:321] [stage-audit] pipeline_id=1 task_id=153 operator_id=23 operator_name=PARTITION stage_kind=PARTITION operator_type=82 input_type=PIPELINEABLE output_type=PIPELINEABLE actual_gpu=0 pipeline_operator_count=1 input_batches=1 input_rows=2970570 input_columns=4 input_bytes=146017698 output_batches=2 output_rows=2970570 output_columns=8 output_bytes=145275178 byte_ratio=0.994915 row_ratio=1.000000 duration_us=3928
[2026-07-09 04:36:22.130] [info] [task_scheduler.cpp:462] [mgpu-audit] pipeline_task dispatched to GPU 0 task_id=154
[2026-07-09 04:36:22.130] [info] [task_scheduler.cpp:464] [locality-audit] dispatch task_id=154 preferred_device=0 actual_gpu=0
[2026-07-09 04:36:22.130] [info] [task_scheduler.cpp:462] [mgpu-audit] pipeline_task dispatched to GPU 1 task_id=155
[2026-07-09 04:36:22.130] [info] [task_scheduler.cpp:464] [locality-audit] dispatch task_id=155 preferred_device=1 actual_gpu=1
[2026-07-09 04:36:22.130] [info] [gpu_pipeline_task.cpp:188] [locality-audit] prepare_before pipeline_id=2 task_id=154 preferred_device=0 actual_gpu=0 target_tier=GPU target_device=0 input_bytes=72628872 local_bytes=72628872 remote_gpu_bytes=0 host_bytes=0 disk_bytes=0 batch_count=1
[2026-07-09 04:36:22.130] [info] [gpu_pipeline_task.cpp:188] [locality-audit] prepare_after pipeline_id=2 task_id=154 preferred_device=0 actual_gpu=0 target_tier=GPU target_device=0 input_bytes=72628872 local_bytes=72628872 remote_gpu_bytes=0 host_bytes=0 disk_bytes=0 batch_count=1
[2026-07-09 04:36:22.130] [info] [gpu_pipeline_task.cpp:188] [locality-audit] prepare_before pipeline_id=2 task_id=155 preferred_device=1 actual_gpu=1 target_tier=GPU target_device=1 input_bytes=72646306 local_bytes=0 remote_gpu_bytes=72646306 host_bytes=0 disk_bytes=0 batch_count=1
[2026-07-09 04:36:22.130] [info] [gpu_pipeline_task.cpp:321] [stage-audit] pipeline_id=2 task_id=154 operator_id=22 operator_name=CONCAT stage_kind=CONCAT operator_type=83 input_type=PARTITIONED output_type=PARTITIONED actual_gpu=0 pipeline_operator_count=1 input_batches=1 input_rows=1485087 input_columns=4 input_bytes=72628872 output_batches=1 output_rows=1485087 output_columns=4 output_bytes=72628872 byte_ratio=1.000000 row_ratio=1.000000 duration_us=10
[2026-07-09 04:36:22.134] [info] [gpu_pipeline_task.cpp:188] [locality-audit] prepare_after pipeline_id=2 task_id=155 preferred_device=1 actual_gpu=1 target_tier=GPU target_device=1 input_bytes=72646306 local_bytes=72646306 remote_gpu_bytes=0 host_bytes=0 disk_bytes=0 batch_count=1
[2026-07-09 04:36:22.134] [info] [gpu_pipeline_task.cpp:321] [stage-audit] pipeline_id=2 task_id=155 operator_id=22 operator_name=CONCAT stage_kind=CONCAT operator_type=83 input_type=PARTITIONED output_type=PARTITIONED actual_gpu=1 pipeline_operator_count=1 input_batches=1 input_rows=1485483 input_columns=4 input_bytes=72646306 output_batches=1 output_rows=1485483 output_columns=4 output_bytes=72646306 byte_ratio=1.000000 row_ratio=1.000000 duration_us=2
[2026-07-09 04:36:22.138] [info] [task_scheduler.cpp:462] [mgpu-audit] pipeline_task dispatched to GPU 0 task_id=156
[2026-07-09 04:36:22.138] [info] [task_scheduler.cpp:464] [locality-audit] dispatch task_id=156 preferred_device=0 actual_gpu=0
[2026-07-09 04:36:22.141] [info] [task_scheduler.cpp:462] [mgpu-audit] pipeline_task dispatched to GPU 1 task_id=157
[2026-07-09 04:36:22.141] [info] [task_scheduler.cpp:464] [locality-audit] dispatch task_id=157 preferred_device=1 actual_gpu=1
[2026-07-09 04:36:22.146] [info] [task_scheduler.cpp:462] [mgpu-audit] pipeline_task dispatched to GPU 0 task_id=158
[2026-07-09 04:36:22.146] [info] [task_scheduler.cpp:464] [locality-audit] dispatch task_id=158 preferred_device=0 actual_gpu=0
[2026-07-09 04:36:22.317] [info] [gpu_pipeline_task.cpp:321] [stage-audit] pipeline_id=6 task_id=157 operator_id=27 operator_name=GPU_SCAN stage_kind=SCAN operator_type=94 input_type=GPU_SCAN output_type=PIPELINEABLE actual_gpu=1 pipeline_operator_count=2 input_batches=0 input_rows=0 input_columns=0 input_bytes=0 output_batches=1 output_rows=33033435 output_columns=2 output_bytes=536793392 byte_ratio=0.000000 row_ratio=0.000000 duration_us=171148
[2026-07-09 04:36:22.317] [info] [gpu_pipeline_task.cpp:321] [stage-audit] pipeline_id=6 task_id=157 operator_id=28 operator_name=DYNAMIC_FILTER stage_kind=OTHER operator_type=95 input_type=PIPELINEABLE output_type=PIPELINEABLE actual_gpu=1 pipeline_operator_count=2 input_batches=1 input_rows=33033435 input_columns=2 input_bytes=536793392 output_batches=1 output_rows=33033435 output_columns=2 output_bytes=536793392 byte_ratio=1.000000 row_ratio=1.000000 duration_us=1
[2026-07-09 04:36:22.317] [info] [task_creator.cpp:363] [locality-audit] task_create operator_id=30 input_bytes=536793392 local_bytes=536793392 gpu_source_bytes=536793392 host_source_bytes=0 disk_source_bytes=0 gpu_sources=1 host_sources=0 preferred_device=1
[2026-07-09 04:36:22.318] [info] [task_scheduler.cpp:462] [mgpu-audit] pipeline_task dispatched to GPU 1 task_id=159
[2026-07-09 04:36:22.318] [info] [task_scheduler.cpp:464] [locality-audit] dispatch task_id=159 preferred_device=1 actual_gpu=1
[2026-07-09 04:36:22.318] [info] [gpu_pipeline_task.cpp:188] [locality-audit] prepare_before pipeline_id=7 task_id=159 preferred_device=1 actual_gpu=1 target_tier=GPU target_device=1 input_bytes=536793392 local_bytes=536793392 remote_gpu_bytes=0 host_bytes=0 disk_bytes=0 batch_count=1
[2026-07-09 04:36:22.318] [info] [gpu_pipeline_task.cpp:188] [locality-audit] prepare_after pipeline_id=7 task_id=159 preferred_device=1 actual_gpu=1 target_tier=GPU target_device=1 input_bytes=536793392 local_bytes=536793392 remote_gpu_bytes=0 host_bytes=0 disk_bytes=0 batch_count=1
[2026-07-09 04:36:22.318] [info] [gpu_pipeline_task.cpp:321] [stage-audit] pipeline_id=6 task_id=156 operator_id=27 operator_name=GPU_SCAN stage_kind=SCAN operator_type=94 input_type=GPU_SCAN output_type=PIPELINEABLE actual_gpu=0 pipeline_operator_count=2 input_batches=0 input_rows=0 input_columns=0 input_bytes=0 output_batches=1 output_rows=32926711 output_columns=2 output_bytes=535059056 byte_ratio=0.000000 row_ratio=0.000000 duration_us=176370
[2026-07-09 04:36:22.319] [info] [gpu_pipeline_task.cpp:321] [stage-audit] pipeline_id=6 task_id=156 operator_id=28 operator_name=DYNAMIC_FILTER stage_kind=OTHER operator_type=95 input_type=PIPELINEABLE output_type=PIPELINEABLE actual_gpu=0 pipeline_operator_count=2 input_batches=1 input_rows=32926711 input_columns=2 input_bytes=535059056 output_batches=1 output_rows=32926711 output_columns=2 output_bytes=535059056 byte_ratio=1.000000 row_ratio=1.000000 duration_us=1
[2026-07-09 04:36:22.319] [info] [task_creator.cpp:363] [locality-audit] task_create operator_id=30 input_bytes=535059056 local_bytes=535059056 gpu_source_bytes=535059056 host_source_bytes=0 disk_source_bytes=0 gpu_sources=1 host_sources=0 preferred_device=0
[2026-07-09 04:36:22.319] [info] [task_scheduler.cpp:462] [mgpu-audit] pipeline_task dispatched to GPU 0 task_id=160
[2026-07-09 04:36:22.319] [info] [task_scheduler.cpp:464] [locality-audit] dispatch task_id=160 preferred_device=0 actual_gpu=0
[2026-07-09 04:36:22.319] [info] [gpu_pipeline_task.cpp:188] [locality-audit] prepare_before pipeline_id=7 task_id=160 preferred_device=0 actual_gpu=0 target_tier=GPU target_device=0 input_bytes=535059056 local_bytes=535059056 remote_gpu_bytes=0 host_bytes=0 disk_bytes=0 batch_count=1
[2026-07-09 04:36:22.319] [info] [gpu_pipeline_task.cpp:188] [locality-audit] prepare_after pipeline_id=7 task_id=160 preferred_device=0 actual_gpu=0 target_tier=GPU target_device=0 input_bytes=535059056 local_bytes=535059056 remote_gpu_bytes=0 host_bytes=0 disk_bytes=0 batch_count=1
[2026-07-09 04:36:22.323] [info] [gpu_pipeline_task.cpp:321] [stage-audit] pipeline_id=7 task_id=159 operator_id=30 operator_name=PARTITION stage_kind=PARTITION operator_type=82 input_type=PIPELINEABLE output_type=PIPELINEABLE actual_gpu=1 pipeline_operator_count=1 input_batches=1 input_rows=33033435 input_columns=2 input_bytes=536793392 output_batches=2 output_rows=33033435 output_columns=4 output_bytes=528534960 byte_ratio=0.984615 row_ratio=1.000000 duration_us=5029
[2026-07-09 04:36:22.324] [info] [gpu_pipeline_task.cpp:321] [stage-audit] pipeline_id=7 task_id=160 operator_id=30 operator_name=PARTITION stage_kind=PARTITION operator_type=82 input_type=PIPELINEABLE output_type=PIPELINEABLE actual_gpu=0 pipeline_operator_count=1 input_batches=1 input_rows=32926711 input_columns=2 input_bytes=535059056 output_batches=2 output_rows=32926711 output_columns=4 output_bytes=526827376 byte_ratio=0.984615 row_ratio=1.000000 duration_us=5207
[2026-07-09 04:36:22.377] [info] [gpu_pipeline_task.cpp:321] [stage-audit] pipeline_id=6 task_id=158 operator_id=27 operator_name=GPU_SCAN stage_kind=SCAN operator_type=94 input_type=GPU_SCAN output_type=PIPELINEABLE actual_gpu=0 pipeline_operator_count=2 input_batches=0 input_rows=0 input_columns=0 input_bytes=0 output_batches=1 output_rows=14039854 output_columns=2 output_bytes=228147680 byte_ratio=0.000000 row_ratio=0.000000 duration_us=57334
[2026-07-09 04:36:22.377] [info] [gpu_pipeline_task.cpp:321] [stage-audit] pipeline_id=6 task_id=158 operator_id=28 operator_name=DYNAMIC_FILTER stage_kind=OTHER operator_type=95 input_type=PIPELINEABLE output_type=PIPELINEABLE actual_gpu=0 pipeline_operator_count=2 input_batches=1 input_rows=14039854 input_columns=2 input_bytes=228147680 output_batches=1 output_rows=14039854 output_columns=2 output_bytes=228147680 byte_ratio=1.000000 row_ratio=1.000000 duration_us=1
[2026-07-09 04:36:22.378] [info] [task_creator.cpp:363] [locality-audit] task_create operator_id=30 input_bytes=228147680 local_bytes=228147680 gpu_source_bytes=228147680 host_source_bytes=0 disk_source_bytes=0 gpu_sources=1 host_sources=0 preferred_device=0
[2026-07-09 04:36:22.378] [info] [task_scheduler.cpp:462] [mgpu-audit] pipeline_task dispatched to GPU 0 task_id=161
[2026-07-09 04:36:22.378] [info] [task_scheduler.cpp:464] [locality-audit] dispatch task_id=161 preferred_device=0 actual_gpu=0
[2026-07-09 04:36:22.378] [info] [gpu_pipeline_task.cpp:188] [locality-audit] prepare_before pipeline_id=7 task_id=161 preferred_device=0 actual_gpu=0 target_tier=GPU target_device=0 input_bytes=228147680 local_bytes=228147680 remote_gpu_bytes=0 host_bytes=0 disk_bytes=0 batch_count=1
[2026-07-09 04:36:22.378] [info] [gpu_pipeline_task.cpp:188] [locality-audit] prepare_after pipeline_id=7 task_id=161 preferred_device=0 actual_gpu=0 target_tier=GPU target_device=0 input_bytes=228147680 local_bytes=228147680 remote_gpu_bytes=0 host_bytes=0 disk_bytes=0 batch_count=1
[2026-07-09 04:36:22.380] [info] [gpu_pipeline_task.cpp:321] [stage-audit] pipeline_id=7 task_id=161 operator_id=30 operator_name=PARTITION stage_kind=PARTITION operator_type=82 input_type=PIPELINEABLE output_type=PIPELINEABLE actual_gpu=0 pipeline_operator_count=1 input_batches=1 input_rows=14039854 input_columns=2 input_bytes=228147680 output_batches=2 output_rows=14039854 output_columns=4 output_bytes=224637664 byte_ratio=0.984615 row_ratio=1.000000 duration_us=2274
[2026-07-09 04:36:22.380] [info] [task_scheduler.cpp:462] [mgpu-audit] pipeline_task dispatched to GPU 0 task_id=162
[2026-07-09 04:36:22.380] [info] [task_scheduler.cpp:464] [locality-audit] dispatch task_id=162 preferred_device=0 actual_gpu=0
[2026-07-09 04:36:22.380] [info] [task_scheduler.cpp:462] [mgpu-audit] pipeline_task dispatched to GPU 1 task_id=164
[2026-07-09 04:36:22.380] [info] [task_scheduler.cpp:464] [locality-audit] dispatch task_id=164 preferred_device=1 actual_gpu=1
[2026-07-09 04:36:22.380] [info] [task_scheduler.cpp:462] [mgpu-audit] pipeline_task dispatched to GPU 0 task_id=163
[2026-07-09 04:36:22.380] [info] [task_scheduler.cpp:464] [locality-audit] dispatch task_id=163 preferred_device=0 actual_gpu=0
[2026-07-09 04:36:22.380] [info] [task_scheduler.cpp:462] [mgpu-audit] pipeline_task dispatched to GPU 1 task_id=165
[2026-07-09 04:36:22.380] [info] [task_scheduler.cpp:464] [locality-audit] dispatch task_id=165 preferred_device=1 actual_gpu=1
[2026-07-09 04:36:22.380] [info] [gpu_pipeline_task.cpp:188] [locality-audit] prepare_before pipeline_id=8 task_id=162 preferred_device=0 actual_gpu=0 target_tier=GPU target_device=0 input_bytes=527758048 local_bytes=263458032 remote_gpu_bytes=264300016 host_bytes=0 disk_bytes=0 batch_count=2
[2026-07-09 04:36:22.380] [info] [gpu_pipeline_task.cpp:188] [locality-audit] prepare_before pipeline_id=8 task_id=164 preferred_device=1 actual_gpu=1 target_tier=GPU target_device=1 input_bytes=527604288 local_bytes=264234944 remote_gpu_bytes=263369344 host_bytes=0 disk_bytes=0 batch_count=2
[2026-07-09 04:36:22.380] [info] [gpu_pipeline_task.cpp:188] [locality-audit] prepare_before pipeline_id=8 task_id=165 preferred_device=1 actual_gpu=1 target_tier=GPU target_device=1 input_bytes=112192128 local_bytes=0 remote_gpu_bytes=112192128 host_bytes=0 disk_bytes=0 batch_count=1
[2026-07-09 04:36:22.381] [info] [gpu_pipeline_task.cpp:188] [locality-audit] prepare_before pipeline_id=8 task_id=163 preferred_device=0 actual_gpu=0 target_tier=GPU target_device=0 input_bytes=112445536 local_bytes=112445536 remote_gpu_bytes=0 host_bytes=0 disk_bytes=0 batch_count=1
[2026-07-09 04:36:22.381] [info] [gpu_pipeline_task.cpp:188] [locality-audit] prepare_after pipeline_id=8 task_id=163 preferred_device=0 actual_gpu=0 target_tier=GPU target_device=0 input_bytes=112445536 local_bytes=112445536 remote_gpu_bytes=0 host_bytes=0 disk_bytes=0 batch_count=1
[2026-07-09 04:36:22.381] [info] [gpu_pipeline_task.cpp:321] [stage-audit] pipeline_id=8 task_id=163 operator_id=29 operator_name=CONCAT stage_kind=CONCAT operator_type=83 input_type=PARTITIONED output_type=PARTITIONED actual_gpu=0 pipeline_operator_count=1 input_batches=1 input_rows=7027846 input_columns=2 input_bytes=112445536 output_batches=1 output_rows=7027846 output_columns=2 output_bytes=112445536 byte_ratio=1.000000 row_ratio=1.000000 duration_us=10
[2026-07-09 04:36:22.394] [info] [gpu_pipeline_task.cpp:188] [locality-audit] prepare_after pipeline_id=8 task_id=162 preferred_device=0 actual_gpu=0 target_tier=GPU target_device=0 input_bytes=527758048 local_bytes=527758048 remote_gpu_bytes=0 host_bytes=0 disk_bytes=0 batch_count=2
[2026-07-09 04:36:22.407] [info] [gpu_pipeline_task.cpp:321] [stage-audit] pipeline_id=8 task_id=162 operator_id=29 operator_name=CONCAT stage_kind=CONCAT operator_type=83 input_type=PARTITIONED output_type=PARTITIONED actual_gpu=0 pipeline_operator_count=1 input_batches=2 input_rows=32984878 input_columns=4 input_bytes=527758048 output_batches=1 output_rows=32984878 output_columns=2 output_bytes=527758048 byte_ratio=1.000000 row_ratio=1.000000 duration_us=13160
[2026-07-09 04:36:22.408] [info] [gpu_pipeline_task.cpp:188] [locality-audit] prepare_after pipeline_id=8 task_id=164 preferred_device=1 actual_gpu=1 target_tier=GPU target_device=1 input_bytes=527604288 local_bytes=527604288 remote_gpu_bytes=0 host_bytes=0 disk_bytes=0 batch_count=2
[2026-07-09 04:36:22.413] [info] [gpu_pipeline_task.cpp:188] [locality-audit] prepare_after pipeline_id=8 task_id=165 preferred_device=1 actual_gpu=1 target_tier=GPU target_device=1 input_bytes=112192128 local_bytes=112192128 remote_gpu_bytes=0 host_bytes=0 disk_bytes=0 batch_count=1
[2026-07-09 04:36:22.413] [info] [gpu_pipeline_task.cpp:321] [stage-audit] pipeline_id=8 task_id=165 operator_id=29 operator_name=CONCAT stage_kind=CONCAT operator_type=83 input_type=PARTITIONED output_type=PARTITIONED actual_gpu=1 pipeline_operator_count=1 input_batches=1 input_rows=7012008 input_columns=2 input_bytes=112192128 output_batches=1 output_rows=7012008 output_columns=2 output_bytes=112192128 byte_ratio=1.000000 row_ratio=1.000000 duration_us=2
[2026-07-09 04:36:22.420] [info] [gpu_pipeline_task.cpp:321] [stage-audit] pipeline_id=8 task_id=164 operator_id=29 operator_name=CONCAT stage_kind=CONCAT operator_type=83 input_type=PARTITIONED output_type=PARTITIONED actual_gpu=1 pipeline_operator_count=1 input_batches=2 input_rows=32975268 input_columns=4 input_bytes=527604288 output_batches=1 output_rows=32975268 output_columns=2 output_bytes=527604288 byte_ratio=1.000000 row_ratio=1.000000 duration_us=12008
[2026-07-09 04:36:22.420] [info] [task_scheduler.cpp:462] [mgpu-audit] pipeline_task dispatched to GPU 1 task_id=168
[2026-07-09 04:36:22.420] [info] [task_scheduler.cpp:464] [locality-audit] dispatch task_id=168 preferred_device=1 actual_gpu=1
[2026-07-09 04:36:22.420] [info] [task_scheduler.cpp:462] [mgpu-audit] pipeline_task dispatched to GPU 1 task_id=169
[2026-07-09 04:36:22.420] [info] [task_scheduler.cpp:464] [locality-audit] dispatch task_id=169 preferred_device=1 actual_gpu=1
[2026-07-09 04:36:22.420] [info] [task_scheduler.cpp:462] [mgpu-audit] pipeline_task dispatched to GPU 0 task_id=166
[2026-07-09 04:36:22.420] [info] [task_scheduler.cpp:464] [locality-audit] dispatch task_id=166 preferred_device=0 actual_gpu=0
[2026-07-09 04:36:22.420] [info] [task_scheduler.cpp:462] [mgpu-audit] pipeline_task dispatched to GPU 0 task_id=167
[2026-07-09 04:36:22.420] [info] [task_scheduler.cpp:464] [locality-audit] dispatch task_id=167 preferred_device=0 actual_gpu=0
[2026-07-09 04:36:22.420] [info] [gpu_pipeline_task.cpp:188] [locality-audit] prepare_before pipeline_id=9 task_id=168 preferred_device=1 actual_gpu=1 target_tier=GPU target_device=1 input_bytes=184838434 local_bytes=184838434 remote_gpu_bytes=0 host_bytes=0 disk_bytes=0 batch_count=2
[2026-07-09 04:36:22.420] [info] [gpu_pipeline_task.cpp:188] [locality-audit] prepare_after pipeline_id=9 task_id=168 preferred_device=1 actual_gpu=1 target_tier=GPU target_device=1 input_bytes=184838434 local_bytes=184838434 remote_gpu_bytes=0 host_bytes=0 disk_bytes=0 batch_count=2
[2026-07-09 04:36:22.420] [info] [gpu_pipeline_task.cpp:188] [locality-audit] prepare_before pipeline_id=9 task_id=169 preferred_device=1 actual_gpu=1 target_tier=GPU target_device=1 input_bytes=600250594 local_bytes=600250594 remote_gpu_bytes=0 host_bytes=0 disk_bytes=0 batch_count=2
[2026-07-09 04:36:22.420] [info] [gpu_pipeline_task.cpp:188] [locality-audit] prepare_before pipeline_id=9 task_id=166 preferred_device=0 actual_gpu=0 target_tier=GPU target_device=0 input_bytes=185074408 local_bytes=185074408 remote_gpu_bytes=0 host_bytes=0 disk_bytes=0 batch_count=2
[2026-07-09 04:36:22.420] [info] [gpu_pipeline_task.cpp:188] [locality-audit] prepare_after pipeline_id=9 task_id=169 preferred_device=1 actual_gpu=1 target_tier=GPU target_device=1 input_bytes=600250594 local_bytes=600250594 remote_gpu_bytes=0 host_bytes=0 disk_bytes=0 batch_count=2
[2026-07-09 04:36:22.420] [info] [gpu_pipeline_task.cpp:188] [locality-audit] prepare_after pipeline_id=9 task_id=166 preferred_device=0 actual_gpu=0 target_tier=GPU target_device=0 input_bytes=185074408 local_bytes=185074408 remote_gpu_bytes=0 host_bytes=0 disk_bytes=0 batch_count=2
[2026-07-09 04:36:22.420] [info] [gpu_pipeline_task.cpp:188] [locality-audit] prepare_before pipeline_id=9 task_id=167 preferred_device=0 actual_gpu=0 target_tier=GPU target_device=0 input_bytes=600386920 local_bytes=600386920 remote_gpu_bytes=0 host_bytes=0 disk_bytes=0 batch_count=2
[2026-07-09 04:36:22.421] [info] [gpu_pipeline_task.cpp:188] [locality-audit] prepare_after pipeline_id=9 task_id=167 preferred_device=0 actual_gpu=0 target_tier=GPU target_device=0 input_bytes=600386920 local_bytes=600386920 remote_gpu_bytes=0 host_bytes=0 disk_bytes=0 batch_count=2
[2026-07-09 04:36:22.434] [info] [gpu_pipeline_task.cpp:321] [stage-audit] pipeline_id=9 task_id=168 operator_id=13 operator_name=HASH_JOIN stage_kind=JOIN operator_type=33 input_type=PARTITIONED output_type=PIPELINEABLE actual_gpu=1 pipeline_operator_count=1 input_batches=2 input_rows=8497491 input_columns=6 input_bytes=184838434 output_batches=1 output_rows=1043736 output_columns=4 output_bytes=51037748 byte_ratio=0.276121 row_ratio=0.122829 duration_us=13924
[2026-07-09 04:36:22.435] [info] [gpu_pipeline_task.cpp:321] [stage-audit] pipeline_id=9 task_id=169 operator_id=13 operator_name=HASH_JOIN stage_kind=JOIN operator_type=33 input_type=PARTITIONED output_type=PIPELINEABLE actual_gpu=1 pipeline_operator_count=1 input_batches=2 input_rows=34460751 input_columns=6 input_bytes=600250594 output_batches=1 output_rows=4898196 output_columns=4 output_bytes=239547204 byte_ratio=0.399079 row_ratio=0.142138 duration_us=14278
[2026-07-09 04:36:22.435] [info] [task_scheduler.cpp:462] [mgpu-audit] pipeline_task dispatched to GPU 1 task_id=170
[2026-07-09 04:36:22.435] [info] [task_scheduler.cpp:464] [locality-audit] dispatch task_id=170 preferred_device=1 actual_gpu=1
[2026-07-09 04:36:22.435] [info] [gpu_pipeline_task.cpp:321] [stage-audit] pipeline_id=9 task_id=166 operator_id=13 operator_name=HASH_JOIN stage_kind=JOIN operator_type=33 input_type=PARTITIONED output_type=PIPELINEABLE actual_gpu=0 pipeline_operator_count=1 input_batches=2 input_rows=8512933 input_columns=6 input_bytes=185074408 output_batches=1 output_rows=1045702 output_columns=4 output_bytes=51141118 byte_ratio=0.276327 row_ratio=0.122837 duration_us=14877
[2026-07-09 04:36:22.436] [info] [gpu_pipeline_task.cpp:321] [stage-audit] pipeline_id=9 task_id=167 operator_id=13 operator_name=HASH_JOIN stage_kind=JOIN operator_type=33 input_type=PARTITIONED output_type=PIPELINEABLE actual_gpu=0 pipeline_operator_count=1 input_batches=2 input_rows=34469965 input_columns=6 input_bytes=600386920 output_batches=1 output_rows=4894646 output_columns=4 output_bytes=239374226 byte_ratio=0.398700 row_ratio=0.141997 duration_us=15274
[2026-07-09 04:36:22.537] [info] [gpu_pipeline_task.cpp:321] [stage-audit] pipeline_id=3 task_id=170 operator_id=24 operator_name=GPU_SCAN stage_kind=SCAN operator_type=94 input_type=GPU_SCAN output_type=PIPELINEABLE actual_gpu=1 pipeline_operator_count=1 input_batches=0 input_rows=0 input_columns=0 input_bytes=0 output_batches=1 output_rows=479 output_columns=1 output_bytes=3896 byte_ratio=0.000000 row_ratio=0.000000 duration_us=101866
[2026-07-09 04:36:22.537] [info] [task_creator.cpp:363] [locality-audit] task_create operator_id=26 input_bytes=3896 local_bytes=3896 gpu_source_bytes=3896 host_source_bytes=0 disk_source_bytes=0 gpu_sources=1 host_sources=0 preferred_device=1
[2026-07-09 04:36:22.537] [info] [task_scheduler.cpp:462] [mgpu-audit] pipeline_task dispatched to GPU 1 task_id=171
[2026-07-09 04:36:22.537] [info] [task_scheduler.cpp:464] [locality-audit] dispatch task_id=171 preferred_device=1 actual_gpu=1
[2026-07-09 04:36:22.538] [info] [gpu_pipeline_task.cpp:188] [locality-audit] prepare_before pipeline_id=4 task_id=171 preferred_device=1 actual_gpu=1 target_tier=GPU target_device=1 input_bytes=3896 local_bytes=3896 remote_gpu_bytes=0 host_bytes=0 disk_bytes=0 batch_count=1
[2026-07-09 04:36:22.538] [info] [gpu_pipeline_task.cpp:188] [locality-audit] prepare_after pipeline_id=4 task_id=171 preferred_device=1 actual_gpu=1 target_tier=GPU target_device=1 input_bytes=3896 local_bytes=3896 remote_gpu_bytes=0 host_bytes=0 disk_bytes=0 batch_count=1
[2026-07-09 04:36:22.538] [info] [gpu_pipeline_task.cpp:321] [stage-audit] pipeline_id=4 task_id=171 operator_id=26 operator_name=PARTITION stage_kind=PARTITION operator_type=82 input_type=PIPELINEABLE output_type=PIPELINEABLE actual_gpu=1 pipeline_operator_count=1 input_batches=1 input_rows=479 input_columns=1 input_bytes=3896 output_batches=1 output_rows=479 output_columns=1 output_bytes=3896 byte_ratio=1.000000 row_ratio=1.000000 duration_us=10
[2026-07-09 04:36:22.538] [info] [task_scheduler.cpp:462] [mgpu-audit] pipeline_task dispatched to GPU 0 task_id=172
[2026-07-09 04:36:22.538] [info] [task_scheduler.cpp:464] [locality-audit] dispatch task_id=172 preferred_device=0 actual_gpu=0
[2026-07-09 04:36:22.538] [info] [gpu_pipeline_task.cpp:188] [locality-audit] prepare_before pipeline_id=5 task_id=172 preferred_device=0 actual_gpu=0 target_tier=GPU target_device=0 input_bytes=3896 local_bytes=0 remote_gpu_bytes=3896 host_bytes=0 disk_bytes=0 batch_count=1
[2026-07-09 04:36:22.539] [info] [gpu_pipeline_task.cpp:188] [locality-audit] prepare_after pipeline_id=5 task_id=172 preferred_device=0 actual_gpu=0 target_tier=GPU target_device=0 input_bytes=3896 local_bytes=3896 remote_gpu_bytes=0 host_bytes=0 disk_bytes=0 batch_count=1
[2026-07-09 04:36:22.539] [info] [gpu_pipeline_task.cpp:321] [stage-audit] pipeline_id=5 task_id=172 operator_id=25 operator_name=CONCAT stage_kind=CONCAT operator_type=83 input_type=PARTITIONED output_type=PARTITIONED actual_gpu=0 pipeline_operator_count=1 input_batches=1 input_rows=479 input_columns=1 input_bytes=3896 output_batches=1 output_rows=479 output_columns=1 output_bytes=3896 byte_ratio=1.000000 row_ratio=1.000000 duration_us=9
[2026-07-09 04:36:22.539] [info] [task_creator.cpp:363] [locality-audit] task_create operator_id=32 input_bytes=51037748 local_bytes=51037748 gpu_source_bytes=51037748 host_source_bytes=0 disk_source_bytes=0 gpu_sources=1 host_sources=0 preferred_device=1
[2026-07-09 04:36:22.539] [info] [task_creator.cpp:363] [locality-audit] task_create operator_id=32 input_bytes=239547204 local_bytes=239547204 gpu_source_bytes=239547204 host_source_bytes=0 disk_source_bytes=0 gpu_sources=1 host_sources=0 preferred_device=1
[2026-07-09 04:36:22.539] [info] [task_creator.cpp:363] [locality-audit] task_create operator_id=32 input_bytes=51141118 local_bytes=51141118 gpu_source_bytes=51141118 host_source_bytes=0 disk_source_bytes=0 gpu_sources=1 host_sources=0 preferred_device=0
[2026-07-09 04:36:22.539] [info] [task_creator.cpp:363] [locality-audit] task_create operator_id=32 input_bytes=239374226 local_bytes=239374226 gpu_source_bytes=239374226 host_source_bytes=0 disk_source_bytes=0 gpu_sources=1 host_sources=0 preferred_device=0
[2026-07-09 04:36:22.539] [info] [task_scheduler.cpp:462] [mgpu-audit] pipeline_task dispatched to GPU 0 task_id=175
[2026-07-09 04:36:22.539] [info] [task_scheduler.cpp:464] [locality-audit] dispatch task_id=175 preferred_device=0 actual_gpu=0
[2026-07-09 04:36:22.539] [info] [task_scheduler.cpp:462] [mgpu-audit] pipeline_task dispatched to GPU 0 task_id=176
[2026-07-09 04:36:22.539] [info] [task_scheduler.cpp:464] [locality-audit] dispatch task_id=176 preferred_device=0 actual_gpu=0
[2026-07-09 04:36:22.539] [info] [task_scheduler.cpp:462] [mgpu-audit] pipeline_task dispatched to GPU 1 task_id=173
[2026-07-09 04:36:22.539] [info] [task_scheduler.cpp:464] [locality-audit] dispatch task_id=173 preferred_device=1 actual_gpu=1
[2026-07-09 04:36:22.539] [info] [task_scheduler.cpp:462] [mgpu-audit] pipeline_task dispatched to GPU 1 task_id=174
[2026-07-09 04:36:22.539] [info] [task_scheduler.cpp:464] [locality-audit] dispatch task_id=174 preferred_device=1 actual_gpu=1
[2026-07-09 04:36:22.539] [info] [gpu_pipeline_task.cpp:188] [locality-audit] prepare_before pipeline_id=10 task_id=175 preferred_device=0 actual_gpu=0 target_tier=GPU target_device=0 input_bytes=51141118 local_bytes=51141118 remote_gpu_bytes=0 host_bytes=0 disk_bytes=0 batch_count=1
[2026-07-09 04:36:22.539] [info] [gpu_pipeline_task.cpp:188] [locality-audit] prepare_before pipeline_id=10 task_id=174 preferred_device=1 actual_gpu=1 target_tier=GPU target_device=1 input_bytes=239547204 local_bytes=239547204 remote_gpu_bytes=0 host_bytes=0 disk_bytes=0 batch_count=1
[2026-07-09 04:36:22.547] [info] [gpu_pipeline_task.cpp:188] [locality-audit] prepare_after pipeline_id=10 task_id=175 preferred_device=0 actual_gpu=0 target_tier=GPU target_device=0 input_bytes=51141118 local_bytes=51141118 remote_gpu_bytes=0 host_bytes=0 disk_bytes=0 batch_count=1
[2026-07-09 04:36:22.547] [info] [gpu_pipeline_task.cpp:321] [stage-audit] pipeline_id=10 task_id=175 operator_id=32 operator_name=PARTITION stage_kind=PARTITION operator_type=82 input_type=PIPELINEABLE output_type=PIPELINEABLE actual_gpu=0 pipeline_operator_count=1 input_batches=1 input_rows=1045702 input_columns=4 input_bytes=51141118 output_batches=1 output_rows=1045702 output_columns=4 output_bytes=51141118 byte_ratio=1.000000 row_ratio=1.000000 duration_us=4
[2026-07-09 04:36:22.547] [info] [gpu_pipeline_task.cpp:188] [locality-audit] prepare_after pipeline_id=10 task_id=174 preferred_device=1 actual_gpu=1 target_tier=GPU target_device=1 input_bytes=239547204 local_bytes=239547204 remote_gpu_bytes=0 host_bytes=0 disk_bytes=0 batch_count=1
[2026-07-09 04:36:22.547] [info] [gpu_pipeline_task.cpp:321] [stage-audit] pipeline_id=10 task_id=174 operator_id=32 operator_name=PARTITION stage_kind=PARTITION operator_type=82 input_type=PIPELINEABLE output_type=PIPELINEABLE actual_gpu=1 pipeline_operator_count=1 input_batches=1 input_rows=4898196 input_columns=4 input_bytes=239547204 output_batches=1 output_rows=4898196 output_columns=4 output_bytes=239547204 byte_ratio=1.000000 row_ratio=1.000000 duration_us=6
[2026-07-09 04:36:22.539] [info] [gpu_pipeline_task.cpp:188] [locality-audit] prepare_before pipeline_id=10 task_id=173 preferred_device=1 actual_gpu=1 target_tier=GPU target_device=1 input_bytes=51037748 local_bytes=51037748 remote_gpu_bytes=0 host_bytes=0 disk_bytes=0 batch_count=1
[2026-07-09 04:36:22.539] [info] [gpu_pipeline_task.cpp:188] [locality-audit] prepare_before pipeline_id=10 task_id=176 preferred_device=0 actual_gpu=0 target_tier=GPU target_device=0 input_bytes=239374226 local_bytes=239374226 remote_gpu_bytes=0 host_bytes=0 disk_bytes=0 batch_count=1
[2026-07-09 04:36:22.547] [info] [gpu_pipeline_task.cpp:188] [locality-audit] prepare_after pipeline_id=10 task_id=176 preferred_device=0 actual_gpu=0 target_tier=GPU target_device=0 input_bytes=239374226 local_bytes=239374226 remote_gpu_bytes=0 host_bytes=0 disk_bytes=0 batch_count=1
[2026-07-09 04:36:22.547] [info] [gpu_pipeline_task.cpp:188] [locality-audit] prepare_after pipeline_id=10 task_id=173 preferred_device=1 actual_gpu=1 target_tier=GPU target_device=1 input_bytes=51037748 local_bytes=51037748 remote_gpu_bytes=0 host_bytes=0 disk_bytes=0 batch_count=1
[2026-07-09 04:36:22.547] [info] [gpu_pipeline_task.cpp:321] [stage-audit] pipeline_id=10 task_id=176 operator_id=32 operator_name=PARTITION stage_kind=PARTITION operator_type=82 input_type=PIPELINEABLE output_type=PIPELINEABLE actual_gpu=0 pipeline_operator_count=1 input_batches=1 input_rows=4894646 input_columns=4 input_bytes=239374226 output_batches=1 output_rows=4894646 output_columns=4 output_bytes=239374226 byte_ratio=1.000000 row_ratio=1.000000 duration_us=15
[2026-07-09 04:36:22.547] [info] [gpu_pipeline_task.cpp:321] [stage-audit] pipeline_id=10 task_id=173 operator_id=32 operator_name=PARTITION stage_kind=PARTITION operator_type=82 input_type=PIPELINEABLE output_type=PIPELINEABLE actual_gpu=1 pipeline_operator_count=1 input_batches=1 input_rows=1043736 input_columns=4 input_bytes=51037748 output_batches=1 output_rows=1043736 output_columns=4 output_bytes=51037748 byte_ratio=1.000000 row_ratio=1.000000 duration_us=11
[2026-07-09 04:36:22.547] [info] [task_scheduler.cpp:462] [mgpu-audit] pipeline_task dispatched to GPU 0 task_id=177
[2026-07-09 04:36:22.547] [info] [task_scheduler.cpp:464] [locality-audit] dispatch task_id=177 preferred_device=0 actual_gpu=0
[2026-07-09 04:36:22.547] [info] [task_scheduler.cpp:462] [mgpu-audit] pipeline_task dispatched to GPU 0 task_id=178
[2026-07-09 04:36:22.547] [info] [task_scheduler.cpp:464] [locality-audit] dispatch task_id=178 preferred_device=0 actual_gpu=0
[2026-07-09 04:36:22.547] [info] [gpu_pipeline_task.cpp:188] [locality-audit] prepare_before pipeline_id=11 task_id=178 preferred_device=0 actual_gpu=0 target_tier=GPU target_device=0 input_bytes=51037748 local_bytes=0 remote_gpu_bytes=51037748 host_bytes=0 disk_bytes=0 batch_count=1
[2026-07-09 04:36:22.547] [info] [gpu_pipeline_task.cpp:188] [locality-audit] prepare_before pipeline_id=11 task_id=177 preferred_device=0 actual_gpu=0 target_tier=GPU target_device=0 input_bytes=530062548 local_bytes=290515344 remote_gpu_bytes=239547204 host_bytes=0 disk_bytes=0 batch_count=3
[2026-07-09 04:36:22.556] [info] [gpu_pipeline_task.cpp:188] [locality-audit] prepare_after pipeline_id=11 task_id=178 preferred_device=0 actual_gpu=0 target_tier=GPU target_device=0 input_bytes=51037748 local_bytes=51037748 remote_gpu_bytes=0 host_bytes=0 disk_bytes=0 batch_count=1
[2026-07-09 04:36:22.556] [info] [gpu_pipeline_task.cpp:321] [stage-audit] pipeline_id=11 task_id=178 operator_id=31 operator_name=CONCAT stage_kind=CONCAT operator_type=83 input_type=PARTITIONED output_type=PARTITIONED actual_gpu=0 pipeline_operator_count=1 input_batches=1 input_rows=1043736 input_columns=4 input_bytes=51037748 output_batches=1 output_rows=1043736 output_columns=4 output_bytes=51037748 byte_ratio=1.000000 row_ratio=1.000000 duration_us=2
[2026-07-09 04:36:22.556] [info] [task_scheduler.cpp:462] [mgpu-audit] pipeline_task dispatched to GPU 1 task_id=179
[2026-07-09 04:36:22.556] [info] [task_scheduler.cpp:464] [locality-audit] dispatch task_id=179 preferred_device=1 actual_gpu=1
[2026-07-09 04:36:22.556] [info] [gpu_pipeline_task.cpp:188] [locality-audit] prepare_before pipeline_id=12 task_id=179 preferred_device=1 actual_gpu=1 target_tier=GPU target_device=1 input_bytes=51041644 local_bytes=0 remote_gpu_bytes=51041644 host_bytes=0 disk_bytes=0 batch_count=2
[2026-07-09 04:36:22.559] [info] [gpu_pipeline_task.cpp:188] [locality-audit] prepare_after pipeline_id=12 task_id=179 preferred_device=1 actual_gpu=1 target_tier=GPU target_device=1 input_bytes=51041644 local_bytes=51041644 remote_gpu_bytes=0 host_bytes=0 disk_bytes=0 batch_count=2
[2026-07-09 04:36:22.560] [info] [gpu_pipeline_task.cpp:321] [stage-audit] pipeline_id=12 task_id=179 operator_id=15 operator_name=HASH_JOIN stage_kind=JOIN operator_type=33 input_type=PARTITIONED output_type=PIPELINEABLE actual_gpu=1 pipeline_operator_count=4 input_batches=2 input_rows=1044215 input_columns=5 input_bytes=51041644 output_batches=1 output_rows=1043736 output_columns=5 output_bytes=52081484 byte_ratio=1.020372 row_ratio=0.999541 duration_us=986
[2026-07-09 04:36:22.561] [info] [gpu_pipeline_task.cpp:321] [stage-audit] pipeline_id=12 task_id=179 operator_id=16 operator_name=FILTER stage_kind=FILTER operator_type=12 input_type=PIPELINEABLE output_type=PIPELINEABLE actual_gpu=1 pipeline_operator_count=4 input_batches=1 input_rows=1043736 input_columns=5 input_bytes=52081484 output_batches=1 output_rows=1043257 output_columns=4 output_bytes=51014332 byte_ratio=0.979510 row_ratio=0.999541 duration_us=922
[2026-07-09 04:36:22.561] [info] [gpu_pipeline_task.cpp:321] [stage-audit] pipeline_id=12 task_id=179 operator_id=17 operator_name=PROJECTION stage_kind=PROJECTION operator_type=13 input_type=PIPELINEABLE output_type=PIPELINEABLE actual_gpu=1 pipeline_operator_count=4 input_batches=1 input_rows=1043257 input_columns=4 input_bytes=51014332 output_batches=1 output_rows=1043257 output_columns=4 output_bytes=51014332 byte_ratio=1.000000 row_ratio=1.000000 duration_us=8
[2026-07-09 04:36:22.561] [info] [gpu_pipeline_task.cpp:188] [locality-audit] prepare_after pipeline_id=11 task_id=177 preferred_device=0 actual_gpu=0 target_tier=GPU target_device=0 input_bytes=530062548 local_bytes=530062548 remote_gpu_bytes=0 host_bytes=0 disk_bytes=0 batch_count=3
[2026-07-09 04:36:22.573] [info] [gpu_pipeline_task.cpp:321] [stage-audit] pipeline_id=11 task_id=177 operator_id=31 operator_name=CONCAT stage_kind=CONCAT operator_type=83 input_type=PARTITIONED output_type=PARTITIONED actual_gpu=0 pipeline_operator_count=1 input_batches=3 input_rows=10838544 input_columns=12 input_bytes=530062548 output_batches=1 output_rows=10838544 output_columns=4 output_bytes=527352772 byte_ratio=0.994888 row_ratio=1.000000 duration_us=11587
[2026-07-09 04:36:22.573] [info] [task_scheduler.cpp:462] [mgpu-audit] pipeline_task dispatched to GPU 1 task_id=180
[2026-07-09 04:36:22.573] [info] [task_scheduler.cpp:464] [locality-audit] dispatch task_id=180 preferred_device=1 actual_gpu=1
[2026-07-09 04:36:22.574] [info] [gpu_pipeline_task.cpp:188] [locality-audit] prepare_before pipeline_id=12 task_id=180 preferred_device=1 actual_gpu=1 target_tier=GPU target_device=1 input_bytes=527352772 local_bytes=0 remote_gpu_bytes=527352772 host_bytes=0 disk_bytes=0 batch_count=1
[2026-07-09 04:36:22.575] [info] [gpu_pipeline_task.cpp:321] [stage-audit] pipeline_id=12 task_id=179 operator_id=18 operator_name=HASH_GROUP_BY stage_kind=AGGREGATE operator_type=9 input_type=PIPELINEABLE output_type=PIPELINEABLE actual_gpu=1 pipeline_operator_count=4 input_batches=1 input_rows=1043257 input_columns=4 input_bytes=51014332 output_batches=1 output_rows=27836 output_columns=4 output_bytes=9596007 byte_ratio=0.188104 row_ratio=0.026682 duration_us=14218
[2026-07-09 04:36:22.575] [warning] [gpu_pipeline_task.cpp:81] gpu_pipeline_task: operator 'HASH_GROUP_BY' (id=18) output batch 0 column 3 datatype mismatch: got cudf::list_view, expected int64_t
[2026-07-09 04:36:22.599] [info] [gpu_pipeline_task.cpp:188] [locality-audit] prepare_after pipeline_id=12 task_id=180 preferred_device=1 actual_gpu=1 target_tier=GPU target_device=1 input_bytes=527352772 local_bytes=527352772 remote_gpu_bytes=0 host_bytes=0 disk_bytes=0 batch_count=1
[2026-07-09 04:36:22.603] [info] [gpu_pipeline_task.cpp:321] [stage-audit] pipeline_id=12 task_id=180 operator_id=15 operator_name=HASH_JOIN stage_kind=JOIN operator_type=33 input_type=PARTITIONED output_type=PIPELINEABLE actual_gpu=1 pipeline_operator_count=4 input_batches=1 input_rows=10838544 input_columns=4 input_bytes=527352772 output_batches=1 output_rows=10838544 output_columns=5 output_bytes=538191316 byte_ratio=1.020553 row_ratio=1.000000 duration_us=4028
[2026-07-09 04:36:22.608] [info] [gpu_pipeline_task.cpp:321] [stage-audit] pipeline_id=12 task_id=180 operator_id=16 operator_name=FILTER stage_kind=FILTER operator_type=12 input_type=PIPELINEABLE output_type=PIPELINEABLE actual_gpu=1 pipeline_operator_count=4 input_batches=1 input_rows=10838544 input_columns=5 input_bytes=538191316 output_batches=1 output_rows=10833371 output_columns=4 output_bytes=527101266 byte_ratio=0.979394 row_ratio=0.999523 duration_us=5337
[2026-07-09 04:36:22.608] [info] [gpu_pipeline_task.cpp:321] [stage-audit] pipeline_id=12 task_id=180 operator_id=17 operator_name=PROJECTION stage_kind=PROJECTION operator_type=13 input_type=PIPELINEABLE output_type=PIPELINEABLE actual_gpu=1 pipeline_operator_count=4 input_batches=1 input_rows=10833371 input_columns=4 input_bytes=527101266 output_batches=1 output_rows=10833371 output_columns=4 output_bytes=527101266 byte_ratio=1.000000 row_ratio=1.000000 duration_us=7
[2026-07-09 04:36:22.767] [info] [gpu_pipeline_task.cpp:321] [stage-audit] pipeline_id=12 task_id=180 operator_id=18 operator_name=HASH_GROUP_BY stage_kind=AGGREGATE operator_type=9 input_type=PIPELINEABLE output_type=PIPELINEABLE actual_gpu=1 pipeline_operator_count=4 input_batches=1 input_rows=10833371 input_columns=4 input_bytes=527101266 output_batches=1 output_rows=27840 output_columns=4 output_bytes=87893892 byte_ratio=0.166750 row_ratio=0.002570 duration_us=158857
[2026-07-09 04:36:22.767] [warning] [gpu_pipeline_task.cpp:81] gpu_pipeline_task: operator 'HASH_GROUP_BY' (id=18) output batch 0 column 3 datatype mismatch: got cudf::list_view, expected int64_t
[2026-07-09 04:36:22.767] [info] [task_creator.cpp:363] [locality-audit] task_create operator_id=33 input_bytes=9596007 local_bytes=9596007 gpu_source_bytes=9596007 host_source_bytes=0 disk_source_bytes=0 gpu_sources=1 host_sources=0 preferred_device=1
[2026-07-09 04:36:22.767] [info] [task_creator.cpp:363] [locality-audit] task_create operator_id=33 input_bytes=87893892 local_bytes=87893892 gpu_source_bytes=87893892 host_source_bytes=0 disk_source_bytes=0 gpu_sources=1 host_sources=0 preferred_device=1
[2026-07-09 04:36:22.768] [info] [task_scheduler.cpp:462] [mgpu-audit] pipeline_task dispatched to GPU 1 task_id=181
[2026-07-09 04:36:22.768] [info] [task_scheduler.cpp:464] [locality-audit] dispatch task_id=181 preferred_device=1 actual_gpu=1
[2026-07-09 04:36:22.768] [info] [task_scheduler.cpp:462] [mgpu-audit] pipeline_task dispatched to GPU 1 task_id=182
[2026-07-09 04:36:22.768] [info] [task_scheduler.cpp:464] [locality-audit] dispatch task_id=182 preferred_device=1 actual_gpu=1
[2026-07-09 04:36:22.768] [info] [gpu_pipeline_task.cpp:188] [locality-audit] prepare_before pipeline_id=13 task_id=181 preferred_device=1 actual_gpu=1 target_tier=GPU target_device=1 input_bytes=9596007 local_bytes=9596007 remote_gpu_bytes=0 host_bytes=0 disk_bytes=0 batch_count=1
[2026-07-09 04:36:22.768] [info] [gpu_pipeline_task.cpp:188] [locality-audit] prepare_after pipeline_id=13 task_id=181 preferred_device=1 actual_gpu=1 target_tier=GPU target_device=1 input_bytes=9596007 local_bytes=9596007 remote_gpu_bytes=0 host_bytes=0 disk_bytes=0 batch_count=1
[2026-07-09 04:36:22.768] [info] [gpu_pipeline_task.cpp:188] [locality-audit] prepare_before pipeline_id=13 task_id=182 preferred_device=1 actual_gpu=1 target_tier=GPU target_device=1 input_bytes=87893892 local_bytes=87893892 remote_gpu_bytes=0 host_bytes=0 disk_bytes=0 batch_count=1
[2026-07-09 04:36:22.768] [info] [gpu_pipeline_task.cpp:188] [locality-audit] prepare_after pipeline_id=13 task_id=182 preferred_device=1 actual_gpu=1 target_tier=GPU target_device=1 input_bytes=87893892 local_bytes=87893892 remote_gpu_bytes=0 host_bytes=0 disk_bytes=0 batch_count=1
[2026-07-09 04:36:22.769] [info] [gpu_pipeline_task.cpp:321] [stage-audit] pipeline_id=13 task_id=181 operator_id=33 operator_name=PARTITION stage_kind=PARTITION operator_type=82 input_type=PIPELINEABLE output_type=PIPELINEABLE actual_gpu=1 pipeline_operator_count=1 input_batches=1 input_rows=27836 input_columns=4 input_bytes=9596007 output_batches=2 output_rows=27836 output_columns=8 output_bytes=9596147 byte_ratio=1.000015 row_ratio=1.000000 duration_us=1185
[2026-07-09 04:36:22.769] [warning] [gpu_pipeline_task.cpp:81] gpu_pipeline_task: operator 'PARTITION' (id=33) output batch 0 column 3 datatype mismatch: got cudf::list_view, expected int64_t
[2026-07-09 04:36:22.770] [info] [gpu_pipeline_task.cpp:321] [stage-audit] pipeline_id=13 task_id=182 operator_id=33 operator_name=PARTITION stage_kind=PARTITION operator_type=82 input_type=PIPELINEABLE output_type=PIPELINEABLE actual_gpu=1 pipeline_operator_count=1 input_batches=1 input_rows=27840 input_columns=4 input_bytes=87893892 output_batches=2 output_rows=27840 output_columns=8 output_bytes=87893904 byte_ratio=1.000000 row_ratio=1.000000 duration_us=2492
[2026-07-09 04:36:22.770] [warning] [gpu_pipeline_task.cpp:81] gpu_pipeline_task: operator 'PARTITION' (id=33) output batch 0 column 3 datatype mismatch: got cudf::list_view, expected int64_t
[2026-07-09 04:36:22.771] [info] [task_scheduler.cpp:462] [mgpu-audit] pipeline_task dispatched to GPU 0 task_id=183
[2026-07-09 04:36:22.771] [info] [task_scheduler.cpp:464] [locality-audit] dispatch task_id=183 preferred_device=0 actual_gpu=0
[2026-07-09 04:36:22.771] [info] [task_scheduler.cpp:462] [mgpu-audit] pipeline_task dispatched to GPU 1 task_id=184
[2026-07-09 04:36:22.771] [info] [task_scheduler.cpp:464] [locality-audit] dispatch task_id=184 preferred_device=1 actual_gpu=1
[2026-07-09 04:36:22.771] [info] [gpu_pipeline_task.cpp:188] [locality-audit] prepare_before pipeline_id=14 task_id=184 preferred_device=1 actual_gpu=1 target_tier=GPU target_device=1 input_bytes=48776405 local_bytes=48776405 remote_gpu_bytes=0 host_bytes=0 disk_bytes=0 batch_count=2
[2026-07-09 04:36:22.771] [info] [gpu_pipeline_task.cpp:188] [locality-audit] prepare_after pipeline_id=14 task_id=184 preferred_device=1 actual_gpu=1 target_tier=GPU target_device=1 input_bytes=48776405 local_bytes=48776405 remote_gpu_bytes=0 host_bytes=0 disk_bytes=0 batch_count=2
[2026-07-09 04:36:22.771] [info] [gpu_pipeline_task.cpp:188] [locality-audit] prepare_before pipeline_id=14 task_id=183 preferred_device=0 actual_gpu=0 target_tier=GPU target_device=0 input_bytes=48713646 local_bytes=0 remote_gpu_bytes=48713646 host_bytes=0 disk_bytes=0 batch_count=2
[2026-07-09 04:36:22.775] [info] [gpu_pipeline_task.cpp:188] [locality-audit] prepare_after pipeline_id=14 task_id=183 preferred_device=0 actual_gpu=0 target_tier=GPU target_device=0 input_bytes=48713646 local_bytes=48713646 remote_gpu_bytes=0 host_bytes=0 disk_bytes=0 batch_count=2
[2026-07-09 04:36:22.781] [info] [gpu_pipeline_task.cpp:321] [stage-audit] pipeline_id=14 task_id=184 operator_id=34 operator_name=MERGE_GROUP_BY stage_kind=AGGREGATE operator_type=85 input_type=PARTITIONED output_type=PIPELINEABLE actual_gpu=1 pipeline_operator_count=1 input_batches=2 input_rows=27830 input_columns=8 input_bytes=48776405 output_batches=1 output_rows=13916 output_columns=4 output_bytes=677016 byte_ratio=0.013880 row_ratio=0.500036 duration_us=9822
[2026-07-09 04:36:22.785] [info] [gpu_pipeline_task.cpp:321] [stage-audit] pipeline_id=14 task_id=183 operator_id=34 operator_name=MERGE_GROUP_BY stage_kind=AGGREGATE operator_type=85 input_type=PARTITIONED output_type=PIPELINEABLE actual_gpu=0 pipeline_operator_count=1 input_batches=2 input_rows=27846 input_columns=8 input_bytes=48713646 output_batches=1 output_rows=13924 output_columns=4 output_bytes=677560 byte_ratio=0.013909 row_ratio=0.500036 duration_us=9832
[2026-07-09 04:36:22.785] [info] [task_creator.cpp:363] [locality-audit] task_create operator_id=19 input_bytes=677016 local_bytes=677016 gpu_source_bytes=677016 host_source_bytes=0 disk_source_bytes=0 gpu_sources=1 host_sources=0 preferred_device=1
[2026-07-09 04:36:22.785] [info] [task_creator.cpp:363] [locality-audit] task_create operator_id=19 input_bytes=677560 local_bytes=677560 gpu_source_bytes=677560 host_source_bytes=0 disk_source_bytes=0 gpu_sources=1 host_sources=0 preferred_device=0
[2026-07-09 04:36:22.785] [info] [task_scheduler.cpp:462] [mgpu-audit] pipeline_task dispatched to GPU 0 task_id=186
[2026-07-09 04:36:22.785] [info] [task_scheduler.cpp:464] [locality-audit] dispatch task_id=186 preferred_device=0 actual_gpu=0
[2026-07-09 04:36:22.785] [info] [task_scheduler.cpp:462] [mgpu-audit] pipeline_task dispatched to GPU 1 task_id=185
[2026-07-09 04:36:22.785] [info] [task_scheduler.cpp:464] [locality-audit] dispatch task_id=185 preferred_device=1 actual_gpu=1
[2026-07-09 04:36:22.785] [info] [gpu_pipeline_task.cpp:188] [locality-audit] prepare_before pipeline_id=15 task_id=185 preferred_device=1 actual_gpu=1 target_tier=GPU target_device=1 input_bytes=677016 local_bytes=677016 remote_gpu_bytes=0 host_bytes=0 disk_bytes=0 batch_count=1
[2026-07-09 04:36:22.785] [info] [gpu_pipeline_task.cpp:188] [locality-audit] prepare_after pipeline_id=15 task_id=185 preferred_device=1 actual_gpu=1 target_tier=GPU target_device=1 input_bytes=677016 local_bytes=677016 remote_gpu_bytes=0 host_bytes=0 disk_bytes=0 batch_count=1
[2026-07-09 04:36:22.785] [info] [gpu_pipeline_task.cpp:188] [locality-audit] prepare_before pipeline_id=15 task_id=186 preferred_device=0 actual_gpu=0 target_tier=GPU target_device=0 input_bytes=677560 local_bytes=677560 remote_gpu_bytes=0 host_bytes=0 disk_bytes=0 batch_count=1
[2026-07-09 04:36:22.785] [info] [gpu_pipeline_task.cpp:188] [locality-audit] prepare_after pipeline_id=15 task_id=186 preferred_device=0 actual_gpu=0 target_tier=GPU target_device=0 input_bytes=677560 local_bytes=677560 remote_gpu_bytes=0 host_bytes=0 disk_bytes=0 batch_count=1
[2026-07-09 04:36:22.787] [info] [gpu_pipeline_task.cpp:321] [stage-audit] pipeline_id=15 task_id=185 operator_id=19 operator_name=ORDER_BY stage_kind=SORT operator_type=1 input_type=PIPELINEABLE output_type=PIPELINEABLE actual_gpu=1 pipeline_operator_count=1 input_batches=1 input_rows=13916 input_columns=4 input_bytes=677016 output_batches=1 output_rows=13916 output_columns=4 output_bytes=677016 byte_ratio=1.000000 row_ratio=1.000000 duration_us=1865
[2026-07-09 04:36:22.788] [info] [gpu_pipeline_task.cpp:321] [stage-audit] pipeline_id=15 task_id=186 operator_id=19 operator_name=ORDER_BY stage_kind=SORT operator_type=1 input_type=PIPELINEABLE output_type=PIPELINEABLE actual_gpu=0 pipeline_operator_count=1 input_batches=1 input_rows=13924 input_columns=4 input_bytes=677560 output_batches=1 output_rows=13924 output_columns=4 output_bytes=677560 byte_ratio=1.000000 row_ratio=1.000000 duration_us=2349
[2026-07-09 04:36:22.788] [info] [task_creator.cpp:363] [locality-audit] task_create operator_id=35 input_bytes=1354576 local_bytes=677560 gpu_source_bytes=1354576 host_source_bytes=0 disk_source_bytes=0 gpu_sources=2 host_sources=0 preferred_device=0
[2026-07-09 04:36:22.788] [info] [task_scheduler.cpp:462] [mgpu-audit] pipeline_task dispatched to GPU 0 task_id=187
[2026-07-09 04:36:22.788] [info] [task_scheduler.cpp:464] [locality-audit] dispatch task_id=187 preferred_device=0 actual_gpu=0
[2026-07-09 04:36:22.788] [info] [gpu_pipeline_task.cpp:188] [locality-audit] prepare_before pipeline_id=16 task_id=187 preferred_device=0 actual_gpu=0 target_tier=GPU target_device=0 input_bytes=1354576 local_bytes=677560 remote_gpu_bytes=677016 host_bytes=0 disk_bytes=0 batch_count=2
[2026-07-09 04:36:22.788] [info] [gpu_pipeline_task.cpp:188] [locality-audit] prepare_after pipeline_id=16 task_id=187 preferred_device=0 actual_gpu=0 target_tier=GPU target_device=0 input_bytes=1354576 local_bytes=1354576 remote_gpu_bytes=0 host_bytes=0 disk_bytes=0 batch_count=2
[2026-07-09 04:36:22.789] [info] [gpu_pipeline_task.cpp:321] [stage-audit] pipeline_id=16 task_id=187 operator_id=35 operator_name=SORT_SAMPLE stage_kind=SORT operator_type=89 input_type=PIPELINEABLE output_type=PIPELINEABLE actual_gpu=0 pipeline_operator_count=2 input_batches=2 input_rows=27840 input_columns=8 input_bytes=1354576 output_batches=2 output_rows=27840 output_columns=8 output_bytes=1354576 byte_ratio=1.000000 row_ratio=1.000000 duration_us=560
[2026-07-09 04:36:22.789] [info] [gpu_pipeline_task.cpp:321] [stage-audit] pipeline_id=16 task_id=187 operator_id=36 operator_name=SORT_PARTITION stage_kind=SORT operator_type=88 input_type=PIPELINEABLE output_type=PIPELINEABLE actual_gpu=0 pipeline_operator_count=2 input_batches=2 input_rows=27840 input_columns=8 input_bytes=1354576 output_batches=4 output_rows=27840 output_columns=16 output_bytes=1354592 byte_ratio=1.000012 row_ratio=1.000000 duration_us=430
[2026-07-09 04:36:22.789] [info] [task_creator.cpp:363] [locality-audit] task_create operator_id=37 input_bytes=1354592 local_bytes=1354592 gpu_source_bytes=1354592 host_source_bytes=0 disk_source_bytes=0 gpu_sources=1 host_sources=0 preferred_device=0
[2026-07-09 04:36:22.789] [info] [task_scheduler.cpp:462] [mgpu-audit] pipeline_task dispatched to GPU 0 task_id=188
[2026-07-09 04:36:22.789] [info] [task_scheduler.cpp:464] [locality-audit] dispatch task_id=188 preferred_device=0 actual_gpu=0
[2026-07-09 04:36:22.789] [info] [gpu_pipeline_task.cpp:188] [locality-audit] prepare_before pipeline_id=17 task_id=188 preferred_device=0 actual_gpu=0 target_tier=GPU target_device=0 input_bytes=1354592 local_bytes=1354592 remote_gpu_bytes=0 host_bytes=0 disk_bytes=0 batch_count=4
[2026-07-09 04:36:22.789] [info] [gpu_pipeline_task.cpp:188] [locality-audit] prepare_after pipeline_id=17 task_id=188 preferred_device=0 actual_gpu=0 target_tier=GPU target_device=0 input_bytes=1354592 local_bytes=1354592 remote_gpu_bytes=0 host_bytes=0 disk_bytes=0 batch_count=4
[2026-07-09 04:36:22.790] [info] [gpu_pipeline_task.cpp:321] [stage-audit] pipeline_id=17 task_id=188 operator_id=37 operator_name=MERGE_SORT stage_kind=SORT operator_type=84 input_type=PIPELINEABLE output_type=PIPELINEABLE actual_gpu=0 pipeline_operator_count=1 input_batches=4 input_rows=27840 input_columns=16 input_bytes=1354592 output_batches=1 output_rows=27840 output_columns=4 output_bytes=1354568 byte_ratio=0.999982 row_ratio=1.000000 duration_us=989
[2026-07-09 04:36:22.790] [info] [task_creator.cpp:363] [locality-audit] task_create operator_id=20 input_bytes=1354568 local_bytes=1354568 gpu_source_bytes=1354568 host_source_bytes=0 disk_source_bytes=0 gpu_sources=1 host_sources=0 preferred_device=0
[2026-07-09 04:36:22.790] [info] [task_scheduler.cpp:462] [mgpu-audit] pipeline_task dispatched to GPU 0 task_id=189
[2026-07-09 04:36:22.790] [info] [task_scheduler.cpp:464] [locality-audit] dispatch task_id=189 preferred_device=0 actual_gpu=0
[2026-07-09 04:36:22.790] [info] [gpu_pipeline_task.cpp:188] [locality-audit] prepare_before pipeline_id=18 task_id=189 preferred_device=0 actual_gpu=0 target_tier=GPU target_device=0 input_bytes=1354568 local_bytes=1354568 remote_gpu_bytes=0 host_bytes=0 disk_bytes=0 batch_count=1
[2026-07-09 04:36:22.790] [info] [gpu_pipeline_task.cpp:188] [locality-audit] prepare_after pipeline_id=18 task_id=189 preferred_device=0 actual_gpu=0 target_tier=GPU target_device=0 input_bytes=1354568 local_bytes=1354568 remote_gpu_bytes=0 host_bytes=0 disk_bytes=0 batch_count=1
[2026-07-09 04:36:22.790] [info] [gpu_pipeline_task.cpp:321] [stage-audit] pipeline_id=18 task_id=189 operator_id=20 operator_name=RESULT_COLLECTOR stage_kind=RESULT operator_type=76 input_type=PIPELINEABLE output_type=PIPELINEABLE actual_gpu=0 pipeline_operator_count=1 input_batches=1 input_rows=27840 input_columns=4 input_bytes=1354568 output_batches=1 output_rows=27840 output_columns=4 output_bytes=1354568 byte_ratio=1.000000 row_ratio=1.000000 duration_us=2
[2026-07-09 04:36:22.811] [info] [gpu_pipeline_executor.cpp:118] GPU Pipeline Executor: task queue interrupted, stopping manager loop
[2026-07-09 04:36:22.812] [info] [gpu_pipeline_executor.cpp:118] GPU Pipeline Executor: task queue interrupted, stopping manager loop
[2026-07-09 04:36:22.813] [info] [physical_sirius_execution.cpp:165] Transparent GPU execution: query completed
[2026-07-09 04:36:22.826] [info] [sirius_context.cpp:217] QueryEnd
[2026-07-09 04:36:22.840] [info] [:] [host_pool] HOST:0 QueryEnd allocated=72351744 bytes peak=74448896 bytes free_blocks=443
[2026-07-09 04:36:22.840] [info] [:] [gpu_pool] GPU:0 QueryEnd allocated=0 bytes peak=4353101568 bytes reserved=0 bytes
[2026-07-09 04:36:22.840] [info] [:] [gpu_pool] GPU:1 QueryEnd allocated=0 bytes peak=4366993120 bytes reserved=0 bytes
[2026-07-09 04:36:22.852] [info] [sirius_context.cpp:924] Connection closed.
[2026-07-09 04:36:22.862] [info] [task_scheduler.cpp:368] Task request channel closed, exiting management event loop.
[2026-07-09 04:36:22.862] [info] [gpu_pipeline_executor.cpp:118] GPU Pipeline Executor: task queue interrupted, stopping manager loop
[2026-07-09 04:36:22.863] [info] [gpu_pipeline_executor.cpp:118] GPU Pipeline Executor: task queue interrupted, stopping manager loop
