[2026-07-01 12:07:23.607] [warning] [sirius_config.cpp:459] sirius_config: use_sirius_datasource was false but 4 GPUs are configured; the sirius datasource is required for multi-GPU IO routing. Overriding use_sirius_datasource to true.
[2026-07-01 12:07:23.607] [info] [sirius_context.cpp:1046] Loaded Sirius configuration from file: /home/dy1013/sirius_multi-gpu/experiment/automatic_motivation_latency/configs/sirius_4gpu.yaml
[2026-07-01 12:07:23.612] [info] [telemetry_context.cpp:67] Telemetry context initialized (engine=siriusDB)
[2026-07-01 12:07:23.612] [info] [sirius_context.cpp:337] SiriusContext: topology summary — 4 GPU(s), 1 NUMA node(s), host='hicys76'
[2026-07-01 12:07:23.612] [info] [sirius_context.cpp:342]   GPU 0: NVIDIA RTX A5000 (numa=0, pci=00000000:16:00.0)
[2026-07-01 12:07:23.612] [info] [sirius_context.cpp:342]   GPU 1: NVIDIA RTX A5000 (numa=0, pci=00000000:34:00.0)
[2026-07-01 12:07:23.612] [info] [sirius_context.cpp:342]   GPU 2: NVIDIA RTX A5000 (numa=0, pci=00000000:AC:00.0)
[2026-07-01 12:07:23.612] [info] [sirius_context.cpp:342]   GPU 3: NVIDIA RTX A5000 (numa=0, pci=00000000:CA:00.0)
[2026-07-01 12:07:23.822] [warning] [sirius_context.cpp:352] SiriusContext: disk memory space is not configured; spilling GPU or HOST data to disk is disabled. If queries run out of GPU/HOST memory, downgrades to disk will not be possible.
[2026-07-01 12:07:23.822] [info] [sirius_context.cpp:364] SiriusContext: 1 host memory space(s) created for 1 NUMA node(s)
[2026-07-01 12:07:23.824] [info] [sirius_context.cpp:417] SiriusContext: P2P enabled 0 -> 1
[2026-07-01 12:07:23.826] [info] [sirius_context.cpp:417] SiriusContext: P2P enabled 0 -> 2
[2026-07-01 12:07:23.829] [info] [sirius_context.cpp:417] SiriusContext: P2P enabled 0 -> 3
[2026-07-01 12:07:23.829] [info] [sirius_context.cpp:417] SiriusContext: P2P enabled 1 -> 0
[2026-07-01 12:07:23.831] [info] [sirius_context.cpp:417] SiriusContext: P2P enabled 1 -> 2
[2026-07-01 12:07:23.833] [info] [sirius_context.cpp:417] SiriusContext: P2P enabled 1 -> 3
[2026-07-01 12:07:23.833] [info] [sirius_context.cpp:417] SiriusContext: P2P enabled 2 -> 0
[2026-07-01 12:07:23.833] [info] [sirius_context.cpp:417] SiriusContext: P2P enabled 2 -> 1
[2026-07-01 12:07:23.835] [info] [sirius_context.cpp:417] SiriusContext: P2P enabled 2 -> 3
[2026-07-01 12:07:23.835] [info] [sirius_context.cpp:417] SiriusContext: P2P enabled 3 -> 0
[2026-07-01 12:07:23.835] [info] [sirius_context.cpp:417] SiriusContext: P2P enabled 3 -> 1
[2026-07-01 12:07:23.835] [info] [sirius_context.cpp:417] SiriusContext: P2P enabled 3 -> 2
[2026-07-01 12:07:23.855] [info] [sirius_context.cpp:477] SiriusContext: cuDF pinned memory resource configured (NUMA-aware, max slab 8192 B, fallback node=0)
[2026-07-01 12:07:24.055] [info] [sirius_context.cpp:1007] Connection opened.
[2026-07-01 12:07:24.055] [info] [sirius_context.cpp:1020] Extension loaded: sirius
[2026-07-01 12:07:24.055] [info] [sirius_context.cpp:258] QueryEnd
[2026-07-01 12:07:24.063] [info] [:] [host_pool] HOST:0 QueryEnd allocated=0 bytes peak=0 bytes free_blocks=512
[2026-07-01 12:07:24.063] [info] [:] [gpu_pool] GPU:0 QueryEnd allocated=0 bytes peak=0 bytes reserved=0 bytes
[2026-07-01 12:07:24.063] [info] [:] [gpu_pool] GPU:1 QueryEnd allocated=0 bytes peak=0 bytes reserved=0 bytes
[2026-07-01 12:07:24.063] [info] [:] [gpu_pool] GPU:2 QueryEnd allocated=0 bytes peak=0 bytes reserved=0 bytes
[2026-07-01 12:07:24.063] [info] [:] [gpu_pool] GPU:3 QueryEnd allocated=0 bytes peak=0 bytes reserved=0 bytes
[2026-07-01 12:07:24.063] [info] [:] [host_pool] HOST:0 QueryBegin allocated=0 bytes peak=0 bytes free_blocks=512
[2026-07-01 12:07:24.063] [info] [:] [gpu_pool] GPU:0 QueryBegin allocated=0 bytes peak=0 bytes reserved=0 bytes
[2026-07-01 12:07:24.063] [info] [:] [gpu_pool] GPU:1 QueryBegin allocated=0 bytes peak=0 bytes reserved=0 bytes
[2026-07-01 12:07:24.063] [info] [:] [gpu_pool] GPU:2 QueryBegin allocated=0 bytes peak=0 bytes reserved=0 bytes
[2026-07-01 12:07:24.063] [info] [:] [gpu_pool] GPU:3 QueryBegin allocated=0 bytes peak=0 bytes reserved=0 bytes
[2026-07-01 12:07:24.063] [info] [sirius_context.cpp:242] QueryBegin: SQL: SET gpu_execution = true;
[2026-07-01 12:07:24.064] [info] [sirius_context.cpp:258] QueryEnd
[2026-07-01 12:07:24.073] [info] [:] [host_pool] HOST:0 QueryEnd allocated=0 bytes peak=0 bytes free_blocks=512
[2026-07-01 12:07:24.073] [info] [:] [gpu_pool] GPU:0 QueryEnd allocated=0 bytes peak=0 bytes reserved=0 bytes
[2026-07-01 12:07:24.073] [info] [:] [gpu_pool] GPU:1 QueryEnd allocated=0 bytes peak=0 bytes reserved=0 bytes
[2026-07-01 12:07:24.073] [info] [:] [gpu_pool] GPU:2 QueryEnd allocated=0 bytes peak=0 bytes reserved=0 bytes
[2026-07-01 12:07:24.073] [info] [:] [gpu_pool] GPU:3 QueryEnd allocated=0 bytes peak=0 bytes reserved=0 bytes
[2026-07-01 12:07:24.074] [info] [:] [host_pool] HOST:0 QueryBegin allocated=0 bytes peak=0 bytes free_blocks=512
[2026-07-01 12:07:24.074] [info] [:] [gpu_pool] GPU:0 QueryBegin allocated=0 bytes peak=0 bytes reserved=0 bytes
[2026-07-01 12:07:24.074] [info] [:] [gpu_pool] GPU:1 QueryBegin allocated=0 bytes peak=0 bytes reserved=0 bytes
[2026-07-01 12:07:24.074] [info] [:] [gpu_pool] GPU:2 QueryBegin allocated=0 bytes peak=0 bytes reserved=0 bytes
[2026-07-01 12:07:24.074] [info] [:] [gpu_pool] GPU:3 QueryBegin allocated=0 bytes peak=0 bytes reserved=0 bytes
[2026-07-01 12:07:24.074] [info] [sirius_context.cpp:242] QueryBegin: SQL: select p.p_brand, p.p_type, p.p_size, count(distinct ps.ps_suppkey) as supplier_cnt from partsupp ps, part p where p.p_partkey = ps.ps_partkey and p.p_brand <> 'Brand#21' and p.p_type not like 'MEDIUM PLATED%' and p.p_size in (38, 2, 8, 31, 44, 5, 14, 24) and ps.ps_suppkey not in ( select s.s_suppkey from supplier s where s.s_comment like '%Customer%Complaints%' ) group by p.p_brand, p.p_type, p.p_size order by supplier_cnt desc, p.p_brand, p.p_type, p.p_size
[2026-07-01 12:07:24.098] [info] [sirius_context.cpp:954] Transparent execution: Sirius physical plan generated successfully
[2026-07-01 12:07:24.099] [info] [sirius_context.cpp:966] Transparent execution: physical plan replaced with GPU operator
[2026-07-01 12:07:24.099] [info] [physical_sirius_execution.cpp:96] Transparent GPU execution: executing query
[2026-07-01 12:07:24.102] [info] [sirius_engine.cpp:400] Query Plan:
=== Pipeline Overview ===
Pipeline #0: GPU_SCAN (id=25) -> FILTER (id=14)
  Output: -> PARTITION [port: default, barrier: FULL]
Pipeline #1: PARTITION (id=27)
  Input: <- Pipeline #0 [on: PARTITION (id=27), port: default, barrier: FULL]
  Dependencies: Pipeline #0
  Output: -> CONCAT [port: default, barrier: PARTIAL]
Pipeline #2: CONCAT (id=26)
  Input: <- Pipeline #1 [on: CONCAT (id=26), port: default, barrier: PARTIAL]
  Dependencies: Pipeline #1
  Output: -> HASH_JOIN [port: build, barrier: FULL]
Pipeline #3: GPU_SCAN (id=28)
  Output: -> PARTITION [port: default, barrier: FULL]
Pipeline #4: PARTITION (id=30)
  Input: <- Pipeline #3 [on: PARTITION (id=30), port: default, barrier: FULL]
  Dependencies: Pipeline #3
  Output: -> CONCAT [port: default, barrier: PARTIAL]
Pipeline #5: CONCAT (id=29)
  Input: <- Pipeline #4 [on: CONCAT (id=29), port: default, barrier: PARTIAL]
  Dependencies: Pipeline #4
  Output: -> HASH_JOIN [port: build, barrier: FULL]
Pipeline #6: GPU_SCAN (id=31)
  Output: -> PARTITION [port: default, barrier: PARTIAL]
Pipeline #7: PARTITION (id=33)
  Input: <- Pipeline #6 [on: PARTITION (id=33), port: default, barrier: PARTIAL]
  Dependencies: Pipeline #6
  Output: -> CONCAT [port: default, barrier: PARTIAL]
Pipeline #8: CONCAT (id=32)
  Input: <- Pipeline #7 [on: CONCAT (id=32), port: default, barrier: PARTIAL]
  Dependencies: Pipeline #7
  Output: -> HASH_JOIN [port: default, barrier: FULL]
Pipeline #9: HASH_JOIN (id=15)
  Input: <- Pipeline #8 [on: HASH_JOIN (id=15), port: default, barrier: FULL]
  Input: <- Pipeline #2 [on: HASH_JOIN (id=15), port: build, barrier: FULL]
  Dependencies: Pipeline #2, Pipeline #8
  Output: -> PARTITION [port: default, barrier: PARTIAL]
Pipeline #10: PARTITION (id=35)
  Input: <- Pipeline #9 [on: PARTITION (id=35), port: default, barrier: PARTIAL]
  Dependencies: Pipeline #9
  Output: -> CONCAT [port: default, barrier: PARTIAL]
Pipeline #11: CONCAT (id=34)
  Input: <- Pipeline #10 [on: CONCAT (id=34), port: default, barrier: PARTIAL]
  Dependencies: Pipeline #10
  Output: -> HASH_JOIN [port: default, barrier: FULL]
Pipeline #12: HASH_JOIN (id=17) -> FILTER (id=18) -> PROJECTION (id=21) -> HASH_GROUP_BY (id=22)
  Input: <- Pipeline #11 [on: HASH_JOIN (id=17), port: default, barrier: FULL]
  Input: <- Pipeline #5 [on: HASH_JOIN (id=17), port: build, barrier: FULL]
  Dependencies: Pipeline #5, Pipeline #11
  Output: -> PARTITION [port: default, barrier: FULL]
Pipeline #13: PARTITION (id=36)
  Input: <- Pipeline #12 [on: PARTITION (id=36), port: default, barrier: FULL]
  Dependencies: Pipeline #12
  Output: -> MERGE_GROUP_BY [port: default, barrier: FULL]
Pipeline #14: MERGE_GROUP_BY (id=37)
  Input: <- Pipeline #13 [on: MERGE_GROUP_BY (id=37), port: default, barrier: FULL]
  Dependencies: Pipeline #13
  Output: -> ORDER_BY [port: default, barrier: FULL]
Pipeline #15: ORDER_BY (id=23)
  Input: <- Pipeline #14 [on: ORDER_BY (id=23), port: default, barrier: FULL]
  Dependencies: Pipeline #14
  Output: -> SORT_SAMPLE [port: default, barrier: PIPELINE]
Pipeline #16: SORT_SAMPLE (id=38) -> SORT_PARTITION (id=39)
  Input: <- Pipeline #15 [on: SORT_SAMPLE (id=38), port: default, barrier: PIPELINE]
  Dependencies: Pipeline #15
  Output: -> MERGE_SORT [port: default, barrier: FULL]
Pipeline #17: MERGE_SORT (id=40)
  Input: <- Pipeline #16 [on: MERGE_SORT (id=40), port: default, barrier: FULL]
  Dependencies: Pipeline #16
  Output: -> RESULT_COLLECTOR [port: default, barrier: FULL]
Pipeline #18: RESULT_COLLECTOR (id=24)
  Input: <- Pipeline #17 [on: RESULT_COLLECTOR (id=24), port: default, barrier: FULL]
  Dependencies: Pipeline #17

=== Query Plan DAG ===
┌──────────────────────────┐                                                        
│ Pipeline #18             │                                                        
│ RESULT_COLLECTOR (id=24) │                                                        
│ Input(#17): FULL         │                                                        
└────────────┬─────────────┘                                                        
             │                                                                      
┌──────────────────────────┐                                                        
│ Pipeline #17             │                                                        
│ MERGE_SORT (id=40)       │                                                        
│ Input(#16): FULL         │                                                        
└────────────┬─────────────┘                                                        
             │                                                                      
┌──────────────────────────┐                                                        
│ Pipeline #16             │                                                        
│ SORT_PARTITION (id=39)   │                                                        
│ SORT_SAMPLE (id=38)      │                                                        
│ Input(#15): PIPELINE     │                                                        
└────────────┬─────────────┘                                                        
             │                                                                      
┌──────────────────────────┐                                                        
│ Pipeline #15             │                                                        
│ ORDER_BY (id=23)         │                                                        
│ Input(#14): FULL         │                                                        
└────────────┬─────────────┘                                                        
             │                                                                      
┌──────────────────────────┐                                                        
│ Pipeline #14             │                                                        
│ MERGE_GROUP_BY (id=37)   │                                                        
│ Input(#13): FULL         │                                                        
└────────────┬─────────────┘                                                        
             │                                                                      
┌──────────────────────────┐                                                        
│ Pipeline #13             │                                                        
│ PARTITION (id=36)        │                                                        
│ Input(#12): FULL         │                                                        
└────────────┬─────────────┘                                                        
             │                                                                      
┌──────────────────────────┐                                                        
│ Pipeline #12             │                                                        
│ HASH_GROUP_BY (id=22)    │                                                        
│ PROJECTION (id=21)       │                                                        
│ FILTER (id=18)           │                                                        
│ HASH_JOIN (id=17)        │                                                        
│   type: MARK             │                                                        
│ Input(#11): FULL         │                                                        
│ Input(#5): FULL          │                                                        
└────────────┬─────────────┘                                                        
             ┌───────────────────────────┐                                          
             │                           │                                          
┌──────────────────────────┐┌──────────────────────────┐                            
│ Pipeline #5              ││ Pipeline #11             │                            
│ CONCAT (id=29)           ││ CONCAT (id=34)           │                            
│ Input(#4): PARTIAL       ││ Input(#10): PARTIAL      │                            
└────────────┬─────────────┘└────────────┬─────────────┘                            
             │                           │                                          
┌──────────────────────────┐┌──────────────────────────┐                            
│ Pipeline #4              ││ Pipeline #10             │                            
│ PARTITION (id=30)        ││ PARTITION (id=35)        │                            
│ Input(#3): FULL          ││ Input(#9): PARTIAL       │                            
└────────────┬─────────────┘└────────────┬─────────────┘                            
             │                           │                                          
┌──────────────────────────┐┌──────────────────────────┐                            
│ Pipeline #3              ││ Pipeline #9              │                            
│ GPU_SCAN (id=28)         ││ HASH_JOIN (id=15)        │                            
│                          ││   type: INNER            │                            
│                          ││ Input(#8): FULL          │                            
│                          ││ Input(#2): FULL          │                            
└──────────────────────────┘└────────────┬─────────────┘                            
                                         ┌───────────────────────────┐              
                                         │                           │              
                            ┌──────────────────────────┐┌──────────────────────────┐
                            │ Pipeline #2              ││ Pipeline #8              │
                            │ CONCAT (id=26)           ││ CONCAT (id=32)           │
                            │ Input(#1): PARTIAL       ││ Input(#7): PARTIAL       │
                            └────────────┬─────────────┘└────────────┬─────────────┘
                                         │                           │              
                            ┌──────────────────────────┐┌──────────────────────────┐
                            │ Pipeline #1              ││ Pipeline #7              │
                            │ PARTITION (id=27)        ││ PARTITION (id=33)        │
                            │ Input(#0): FULL          ││ Input(#6): PARTIAL       │
                            └────────────┬─────────────┘└────────────┬─────────────┘
                                         │                           │              
                            ┌──────────────────────────┐┌──────────────────────────┐
                            │ Pipeline #0              ││ Pipeline #6              │
                            │ FILTER (id=14)           ││ GPU_SCAN (id=31)         │
                            │ GPU_SCAN (id=25)         ││                          │
                            └──────────────────────────┘└──────────────────────────┘

[2026-07-01 12:07:24.108] [info] [task_scheduler.cpp:367] [mgpu-audit] pipeline_task dispatched to GPU 1 task_id=0
[2026-07-01 12:07:24.108] [info] [task_scheduler.cpp:369] [locality-audit] dispatch task_id=0 preferred_device=1 actual_gpu=1
[2026-07-01 12:07:24.213] [info] [parquet_gpu_ingestible.cpp:696] [scan-audit] parquet_materialize target_gpu=1 files=/mnt/nvme/dataset/part.parquet columns=p_partkey,p_brand,p_type,p_size row_groups=0,1,2,3,4,5,6,7,8,9,10,11,12,13,14,15,16,17,18,19,20,21,22,23,24,25,26,27,28,29,30,31,32,33,34,35,36,37,38,39,40,41,42,43,44,45,46,47,48,49,50,51,52,53,54,55,56,57,58,59,60,61,62,63,64,65,66,67,68,69,70,71,72,73,74,75,76,77,78,79,80,81,82,83,84,85,86,87,88,89,90,91,92,93,94,95,96,97,98,99,100,101,102,103,104,105,106,107,108,109,110,111,112,113,114,115,116,117,118,119,120,121,122,123,124,125,126,127,128,129,130,131,132,133,134,135,136,137,138,139,140,141,142,143,144,145,146,147,148,149,150,151,152,153,154,155,156,157,158,159,160,161,162 compressed_bytes=128079122 uncompressed_bytes=208459611 column_bytes=p_partkey:80056131:160005053,p_brand:12610597:12638401,p_type:20287451:20693330,p_size:15124943:15122827 output_rows=20000000 output_columns=4 split_count=1 duration_us=103336
[2026-07-01 12:07:24.241] [info] [gpu_pipeline_task.cpp:311] [stage-audit] pipeline_id=0 task_id=0 operator_id=25 operator_name=GPU_SCAN stage_kind=SCAN operator_type=94 input_type=GPU_SCAN output_type=PIPELINEABLE actual_gpu=1 pipeline_operator_count=2 input_batches=0 input_rows=0 input_columns=0 input_bytes=0 output_batches=1 output_rows=18560830 output_columns=4 output_bytes=912359912 byte_ratio=0.000000 row_ratio=0.000000 duration_us=132605
[2026-07-01 12:07:24.250] [info] [gpu_pipeline_task.cpp:311] [stage-audit] pipeline_id=0 task_id=0 operator_id=14 operator_name=FILTER stage_kind=FILTER operator_type=12 input_type=PIPELINEABLE output_type=PIPELINEABLE actual_gpu=1 pipeline_operator_count=2 input_batches=1 input_rows=18560830 input_columns=4 input_bytes=912359912 output_batches=1 output_rows=2970570 output_columns=4 output_bytes=146017698 byte_ratio=0.160044 row_ratio=0.160045 duration_us=9191
[2026-07-01 12:07:24.250] [info] [task_creator.cpp:352] [locality-audit] task_create operator_id=27 input_bytes=146017698 local_bytes=146017698 gpu_source_bytes=146017698 host_source_bytes=0 disk_source_bytes=0 gpu_sources=1 host_sources=0 preferred_device=1
[2026-07-01 12:07:24.251] [info] [task_scheduler.cpp:367] [mgpu-audit] pipeline_task dispatched to GPU 1 task_id=1
[2026-07-01 12:07:24.251] [info] [task_scheduler.cpp:369] [locality-audit] dispatch task_id=1 preferred_device=1 actual_gpu=1
[2026-07-01 12:07:24.251] [info] [gpu_pipeline_task.cpp:182] [locality-audit] prepare_before pipeline_id=1 task_id=1 preferred_device=1 actual_gpu=1 target_tier=GPU target_device=1 input_bytes=146017698 local_bytes=146017698 remote_gpu_bytes=0 host_bytes=0 disk_bytes=0 batch_count=1
[2026-07-01 12:07:24.251] [info] [gpu_pipeline_task.cpp:182] [locality-audit] prepare_after pipeline_id=1 task_id=1 preferred_device=1 actual_gpu=1 target_tier=GPU target_device=1 input_bytes=146017698 local_bytes=146017698 remote_gpu_bytes=0 host_bytes=0 disk_bytes=0 batch_count=1
[2026-07-01 12:07:24.272] [info] [gpu_pipeline_task.cpp:311] [stage-audit] pipeline_id=1 task_id=1 operator_id=27 operator_name=PARTITION stage_kind=PARTITION operator_type=82 input_type=PIPELINEABLE output_type=PIPELINEABLE actual_gpu=1 pipeline_operator_count=1 input_batches=1 input_rows=2970570 input_columns=4 input_bytes=146017698 output_batches=4 output_rows=2970570 output_columns=16 output_bytes=145275194 byte_ratio=0.994915 row_ratio=1.000000 duration_us=20688
[2026-07-01 12:07:24.272] [info] [task_scheduler.cpp:367] [mgpu-audit] pipeline_task dispatched to GPU 2 task_id=4
[2026-07-01 12:07:24.272] [info] [task_scheduler.cpp:369] [locality-audit] dispatch task_id=4 preferred_device=2 actual_gpu=2
[2026-07-01 12:07:24.272] [info] [task_scheduler.cpp:367] [mgpu-audit] pipeline_task dispatched to GPU 3 task_id=5
[2026-07-01 12:07:24.272] [info] [task_scheduler.cpp:369] [locality-audit] dispatch task_id=5 preferred_device=3 actual_gpu=3
[2026-07-01 12:07:24.272] [info] [task_scheduler.cpp:367] [mgpu-audit] pipeline_task dispatched to GPU 0 task_id=2
[2026-07-01 12:07:24.272] [info] [task_scheduler.cpp:369] [locality-audit] dispatch task_id=2 preferred_device=0 actual_gpu=0
[2026-07-01 12:07:24.272] [info] [task_scheduler.cpp:367] [mgpu-audit] pipeline_task dispatched to GPU 1 task_id=3
[2026-07-01 12:07:24.272] [info] [task_scheduler.cpp:369] [locality-audit] dispatch task_id=3 preferred_device=1 actual_gpu=1
[2026-07-01 12:07:24.272] [info] [gpu_pipeline_task.cpp:182] [locality-audit] prepare_before pipeline_id=2 task_id=2 preferred_device=0 actual_gpu=0 target_tier=GPU target_device=0 input_bytes=36305466 local_bytes=0 remote_gpu_bytes=36305466 host_bytes=0 disk_bytes=0 batch_count=1
[2026-07-01 12:07:24.272] [info] [gpu_pipeline_task.cpp:182] [locality-audit] prepare_before pipeline_id=2 task_id=5 preferred_device=3 actual_gpu=3 target_tier=GPU target_device=3 input_bytes=36368760 local_bytes=0 remote_gpu_bytes=36368760 host_bytes=0 disk_bytes=0 batch_count=1
[2026-07-01 12:07:24.272] [info] [gpu_pipeline_task.cpp:182] [locality-audit] prepare_before pipeline_id=2 task_id=4 preferred_device=2 actual_gpu=2 target_tier=GPU target_device=2 input_bytes=36323414 local_bytes=0 remote_gpu_bytes=36323414 host_bytes=0 disk_bytes=0 batch_count=1
[2026-07-01 12:07:24.278] [info] [gpu_pipeline_task.cpp:182] [locality-audit] prepare_before pipeline_id=2 task_id=3 preferred_device=1 actual_gpu=1 target_tier=GPU target_device=1 input_bytes=36277554 local_bytes=36277554 remote_gpu_bytes=0 host_bytes=0 disk_bytes=0 batch_count=1
[2026-07-01 12:07:24.278] [info] [gpu_pipeline_task.cpp:182] [locality-audit] prepare_after pipeline_id=2 task_id=3 preferred_device=1 actual_gpu=1 target_tier=GPU target_device=1 input_bytes=36277554 local_bytes=36277554 remote_gpu_bytes=0 host_bytes=0 disk_bytes=0 batch_count=1
[2026-07-01 12:07:24.278] [info] [gpu_pipeline_task.cpp:311] [stage-audit] pipeline_id=2 task_id=3 operator_id=26 operator_name=CONCAT stage_kind=CONCAT operator_type=83 input_type=PARTITIONED output_type=PARTITIONED actual_gpu=1 pipeline_operator_count=1 input_batches=1 input_rows=741762 input_columns=4 input_bytes=36277554 output_batches=1 output_rows=741762 output_columns=4 output_bytes=36277554 byte_ratio=1.000000 row_ratio=1.000000 duration_us=5
[2026-07-01 12:07:24.880] [info] [gpu_pipeline_task.cpp:182] [locality-audit] prepare_after pipeline_id=2 task_id=2 preferred_device=0 actual_gpu=0 target_tier=GPU target_device=0 input_bytes=36305466 local_bytes=36305466 remote_gpu_bytes=0 host_bytes=0 disk_bytes=0 batch_count=1
[2026-07-01 12:07:24.880] [info] [gpu_pipeline_task.cpp:311] [stage-audit] pipeline_id=2 task_id=2 operator_id=26 operator_name=CONCAT stage_kind=CONCAT operator_type=83 input_type=PARTITIONED output_type=PARTITIONED actual_gpu=0 pipeline_operator_count=1 input_batches=1 input_rows=742397 input_columns=4 input_bytes=36305466 output_batches=1 output_rows=742397 output_columns=4 output_bytes=36305466 byte_ratio=1.000000 row_ratio=1.000000 duration_us=1
[2026-07-01 12:07:24.881] [info] [gpu_pipeline_task.cpp:182] [locality-audit] prepare_after pipeline_id=2 task_id=5 preferred_device=3 actual_gpu=3 target_tier=GPU target_device=3 input_bytes=36368760 local_bytes=36368760 remote_gpu_bytes=0 host_bytes=0 disk_bytes=0 batch_count=1
[2026-07-01 12:07:24.881] [info] [gpu_pipeline_task.cpp:311] [stage-audit] pipeline_id=2 task_id=5 operator_id=26 operator_name=CONCAT stage_kind=CONCAT operator_type=83 input_type=PARTITIONED output_type=PARTITIONED actual_gpu=3 pipeline_operator_count=1 input_batches=1 input_rows=743721 input_columns=4 input_bytes=36368760 output_batches=1 output_rows=743721 output_columns=4 output_bytes=36368760 byte_ratio=1.000000 row_ratio=1.000000 duration_us=1
[2026-07-01 12:07:24.882] [info] [gpu_pipeline_task.cpp:182] [locality-audit] prepare_after pipeline_id=2 task_id=4 preferred_device=2 actual_gpu=2 target_tier=GPU target_device=2 input_bytes=36323414 local_bytes=36323414 remote_gpu_bytes=0 host_bytes=0 disk_bytes=0 batch_count=1
[2026-07-01 12:07:24.882] [info] [gpu_pipeline_task.cpp:311] [stage-audit] pipeline_id=2 task_id=4 operator_id=26 operator_name=CONCAT stage_kind=CONCAT operator_type=83 input_type=PARTITIONED output_type=PARTITIONED actual_gpu=2 pipeline_operator_count=1 input_batches=1 input_rows=742690 input_columns=4 input_bytes=36323414 output_batches=1 output_rows=742690 output_columns=4 output_bytes=36323414 byte_ratio=1.000000 row_ratio=1.000000 duration_us=1
[2026-07-01 12:07:24.882] [info] [task_scheduler.cpp:367] [mgpu-audit] pipeline_task dispatched to GPU 0 task_id=8
[2026-07-01 12:07:24.882] [info] [task_scheduler.cpp:369] [locality-audit] dispatch task_id=8 preferred_device=0 actual_gpu=0
[2026-07-01 12:07:24.882] [info] [task_scheduler.cpp:367] [mgpu-audit] pipeline_task dispatched to GPU 2 task_id=6
[2026-07-01 12:07:24.882] [info] [task_scheduler.cpp:369] [locality-audit] dispatch task_id=6 preferred_device=2 actual_gpu=2
[2026-07-01 12:07:24.882] [info] [task_scheduler.cpp:367] [mgpu-audit] pipeline_task dispatched to GPU 3 task_id=7
[2026-07-01 12:07:24.882] [info] [task_scheduler.cpp:369] [locality-audit] dispatch task_id=7 preferred_device=3 actual_gpu=3
[2026-07-01 12:07:25.103] [info] [parquet_gpu_ingestible.cpp:696] [scan-audit] parquet_materialize target_gpu=0 files=/mnt/nvme/dataset/partsupp.parquet columns=ps_partkey,ps_suppkey row_groups=544,545,546,547,548,549,550,551,552,553,554,555,556,557,558,559,560,561,562,563,564,565,566,567,568,569,570,571,572,573,574,575,576,577,578,579,580,581,582,583,584,585,586,587,588,589,590,591,592,593,594,595,596,597,598,599,600,601,602,603,604,605,606,607,608,609,610,611,612,613,614,615,616,617,618,619,620,621,622,623,624,625,626,627,628,629,630,631,632,633,634,635,636,637,638,639,640,641,642,643,644,645,646,647,648,649 compressed_bytes=74490333 uncompressed_bytes=206898456 column_bytes=ps_partkey:22687486:103449228,ps_suppkey:51802847:103449228 output_rows=12930743 output_columns=2 split_count=1 duration_us=215831
[2026-07-01 12:07:25.103] [info] [gpu_pipeline_task.cpp:311] [stage-audit] pipeline_id=6 task_id=8 operator_id=31 operator_name=GPU_SCAN stage_kind=SCAN operator_type=94 input_type=GPU_SCAN output_type=PIPELINEABLE actual_gpu=0 pipeline_operator_count=1 input_batches=0 input_rows=0 input_columns=0 input_bytes=0 output_batches=1 output_rows=12930743 output_columns=2 output_bytes=210124656 byte_ratio=0.000000 row_ratio=0.000000 duration_us=221203
[2026-07-01 12:07:25.104] [info] [task_creator.cpp:352] [locality-audit] task_create operator_id=33 input_bytes=210124656 local_bytes=210124656 gpu_source_bytes=210124656 host_source_bytes=0 disk_source_bytes=0 gpu_sources=1 host_sources=0 preferred_device=0
[2026-07-01 12:07:25.104] [info] [task_scheduler.cpp:367] [mgpu-audit] pipeline_task dispatched to GPU 0 task_id=9
[2026-07-01 12:07:25.104] [info] [task_scheduler.cpp:369] [locality-audit] dispatch task_id=9 preferred_device=0 actual_gpu=0
[2026-07-01 12:07:25.104] [info] [gpu_pipeline_task.cpp:182] [locality-audit] prepare_before pipeline_id=7 task_id=9 preferred_device=0 actual_gpu=0 target_tier=GPU target_device=0 input_bytes=210124656 local_bytes=210124656 remote_gpu_bytes=0 host_bytes=0 disk_bytes=0 batch_count=1
[2026-07-01 12:07:25.104] [info] [gpu_pipeline_task.cpp:182] [locality-audit] prepare_after pipeline_id=7 task_id=9 preferred_device=0 actual_gpu=0 target_tier=GPU target_device=0 input_bytes=210124656 local_bytes=210124656 remote_gpu_bytes=0 host_bytes=0 disk_bytes=0 batch_count=1
[2026-07-01 12:07:25.115] [info] [gpu_pipeline_task.cpp:311] [stage-audit] pipeline_id=7 task_id=9 operator_id=33 operator_name=PARTITION stage_kind=PARTITION operator_type=82 input_type=PIPELINEABLE output_type=PIPELINEABLE actual_gpu=0 pipeline_operator_count=1 input_batches=1 input_rows=12930743 input_columns=2 input_bytes=210124656 output_batches=4 output_rows=12930743 output_columns=8 output_bytes=206891888 byte_ratio=0.984615 row_ratio=1.000000 duration_us=11061
[2026-07-01 12:07:25.117] [info] [parquet_gpu_ingestible.cpp:696] [scan-audit] parquet_materialize target_gpu=2 files=/mnt/nvme/dataset/partsupp.parquet columns=ps_partkey,ps_suppkey row_groups=0,1,2,3,4,5,6,7,8,9,10,11,12,13,14,15,16,17,18,19,20,21,22,23,24,25,26,27,28,29,30,31,32,33,34,35,36,37,38,39,40,41,42,43,44,45,46,47,48,49,50,51,52,53,54,55,56,57,58,59,60,61,62,63,64,65,66,67,68,69,70,71,72,73,74,75,76,77,78,79,80,81,82,83,84,85,86,87,88,89,90,91,92,93,94,95,96,97,98,99,100,101,102,103,104,105,106,107,108,109,110,111,112,113,114,115,116,117,118,119,120,121,122,123,124,125,126,127,128,129,130,131,132,133,134,135,136,137,138,139,140,141,142,143,144,145,146,147,148,149,150,151,152,153,154,155,156,157,158,159,160,161,162,163,164,165,166,167,168,169,170,171,172,173,174,175,176,177,178,179,180,181,182,183,184,185,186,187,188,189,190,191,192,193,194,195,196,197,198,199,200,201,202,203,204,205,206,207,208,209,210,211,212,213,214,215,216,217,218,219,220,221,222,223,224,225,226,227,228,229,230,231,232,233,234,235,236,237,238,239,240,241,242,243,244,245,246,247,248,249,250,251,252,253,254,255,256,257,258,259,260,261,262,263,264,265,266,267,268,269,270,271 compressed_bytes=193210456 uncompressed_bytes=536724464 column_bytes=ps_partkey:58827122:268362232,ps_suppkey:134383334:268362232 output_rows=33544225 output_columns=2 split_count=1 duration_us=230204
[2026-07-01 12:07:25.117] [info] [gpu_pipeline_task.cpp:311] [stage-audit] pipeline_id=6 task_id=6 operator_id=31 operator_name=GPU_SCAN stage_kind=SCAN operator_type=94 input_type=GPU_SCAN output_type=PIPELINEABLE actual_gpu=2 pipeline_operator_count=1 input_batches=0 input_rows=0 input_columns=0 input_bytes=0 output_batches=1 output_rows=33544225 output_columns=2 output_bytes=545093776 byte_ratio=0.000000 row_ratio=0.000000 duration_us=234668
[2026-07-01 12:07:25.117] [info] [task_creator.cpp:352] [locality-audit] task_create operator_id=33 input_bytes=545093776 local_bytes=545093776 gpu_source_bytes=545093776 host_source_bytes=0 disk_source_bytes=0 gpu_sources=1 host_sources=0 preferred_device=2
[2026-07-01 12:07:25.117] [info] [task_scheduler.cpp:367] [mgpu-audit] pipeline_task dispatched to GPU 2 task_id=10
[2026-07-01 12:07:25.117] [info] [task_scheduler.cpp:369] [locality-audit] dispatch task_id=10 preferred_device=2 actual_gpu=2
[2026-07-01 12:07:25.117] [info] [gpu_pipeline_task.cpp:182] [locality-audit] prepare_before pipeline_id=7 task_id=10 preferred_device=2 actual_gpu=2 target_tier=GPU target_device=2 input_bytes=545093776 local_bytes=545093776 remote_gpu_bytes=0 host_bytes=0 disk_bytes=0 batch_count=1
[2026-07-01 12:07:25.117] [info] [gpu_pipeline_task.cpp:182] [locality-audit] prepare_after pipeline_id=7 task_id=10 preferred_device=2 actual_gpu=2 target_tier=GPU target_device=2 input_bytes=545093776 local_bytes=545093776 remote_gpu_bytes=0 host_bytes=0 disk_bytes=0 batch_count=1
[2026-07-01 12:07:25.124] [info] [parquet_gpu_ingestible.cpp:696] [scan-audit] parquet_materialize target_gpu=3 files=/mnt/nvme/dataset/partsupp.parquet columns=ps_partkey,ps_suppkey row_groups=272,273,274,275,276,277,278,279,280,281,282,283,284,285,286,287,288,289,290,291,292,293,294,295,296,297,298,299,300,301,302,303,304,305,306,307,308,309,310,311,312,313,314,315,316,317,318,319,320,321,322,323,324,325,326,327,328,329,330,331,332,333,334,335,336,337,338,339,340,341,342,343,344,345,346,347,348,349,350,351,352,353,354,355,356,357,358,359,360,361,362,363,364,365,366,367,368,369,370,371,372,373,374,375,376,377,378,379,380,381,382,383,384,385,386,387,388,389,390,391,392,393,394,395,396,397,398,399,400,401,402,403,404,405,406,407,408,409,410,411,412,413,414,415,416,417,418,419,420,421,422,423,424,425,426,427,428,429,430,431,432,433,434,435,436,437,438,439,440,441,442,443,444,445,446,447,448,449,450,451,452,453,454,455,456,457,458,459,460,461,462,463,464,465,466,467,468,469,470,471,472,473,474,475,476,477,478,479,480,481,482,483,484,485,486,487,488,489,490,491,492,493,494,495,496,497,498,499,500,501,502,503,504,505,506,507,508,509,510,511,512,513,514,515,516,517,518,519,520,521,522,523,524,525,526,527,528,529,530,531,532,533,534,535,536,537,538,539,540,541,542,543 compressed_bytes=193096655 uncompressed_bytes=536417376 column_bytes=ps_partkey:58790459:268208688,ps_suppkey:134306196:268208688 output_rows=33525032 output_columns=2 split_count=1 duration_us=235401
[2026-07-01 12:07:25.124] [info] [gpu_pipeline_task.cpp:311] [stage-audit] pipeline_id=6 task_id=7 operator_id=31 operator_name=GPU_SCAN stage_kind=SCAN operator_type=94 input_type=GPU_SCAN output_type=PIPELINEABLE actual_gpu=3 pipeline_operator_count=1 input_batches=0 input_rows=0 input_columns=0 input_bytes=0 output_batches=1 output_rows=33525032 output_columns=2 output_bytes=544781824 byte_ratio=0.000000 row_ratio=0.000000 duration_us=241444
[2026-07-01 12:07:25.125] [info] [task_creator.cpp:352] [locality-audit] task_create operator_id=33 input_bytes=544781824 local_bytes=544781824 gpu_source_bytes=544781824 host_source_bytes=0 disk_source_bytes=0 gpu_sources=1 host_sources=0 preferred_device=3
[2026-07-01 12:07:25.125] [info] [task_scheduler.cpp:367] [mgpu-audit] pipeline_task dispatched to GPU 3 task_id=11
[2026-07-01 12:07:25.125] [info] [task_scheduler.cpp:369] [locality-audit] dispatch task_id=11 preferred_device=3 actual_gpu=3
[2026-07-01 12:07:25.125] [info] [gpu_pipeline_task.cpp:182] [locality-audit] prepare_before pipeline_id=7 task_id=11 preferred_device=3 actual_gpu=3 target_tier=GPU target_device=3 input_bytes=544781824 local_bytes=544781824 remote_gpu_bytes=0 host_bytes=0 disk_bytes=0 batch_count=1
[2026-07-01 12:07:25.125] [info] [gpu_pipeline_task.cpp:182] [locality-audit] prepare_after pipeline_id=7 task_id=11 preferred_device=3 actual_gpu=3 target_tier=GPU target_device=3 input_bytes=544781824 local_bytes=544781824 remote_gpu_bytes=0 host_bytes=0 disk_bytes=0 batch_count=1
[2026-07-01 12:07:25.133] [info] [gpu_pipeline_task.cpp:311] [stage-audit] pipeline_id=7 task_id=10 operator_id=33 operator_name=PARTITION stage_kind=PARTITION operator_type=82 input_type=PIPELINEABLE output_type=PIPELINEABLE actual_gpu=2 pipeline_operator_count=1 input_batches=1 input_rows=33544225 input_columns=2 input_bytes=545093776 output_batches=4 output_rows=33544225 output_columns=8 output_bytes=536707600 byte_ratio=0.984615 row_ratio=1.000000 duration_us=16230
[2026-07-01 12:07:25.140] [info] [gpu_pipeline_task.cpp:311] [stage-audit] pipeline_id=7 task_id=11 operator_id=33 operator_name=PARTITION stage_kind=PARTITION operator_type=82 input_type=PIPELINEABLE output_type=PIPELINEABLE actual_gpu=3 pipeline_operator_count=1 input_batches=1 input_rows=33525032 input_columns=2 input_bytes=544781824 output_batches=4 output_rows=33525032 output_columns=8 output_bytes=536400512 byte_ratio=0.984615 row_ratio=1.000000 duration_us=14897
[2026-07-01 12:07:25.141] [info] [task_scheduler.cpp:367] [mgpu-audit] pipeline_task dispatched to GPU 1 task_id=13
[2026-07-01 12:07:25.141] [info] [task_scheduler.cpp:369] [locality-audit] dispatch task_id=13 preferred_device=1 actual_gpu=1
[2026-07-01 12:07:25.141] [info] [task_scheduler.cpp:367] [mgpu-audit] pipeline_task dispatched to GPU 0 task_id=12
[2026-07-01 12:07:25.141] [info] [task_scheduler.cpp:369] [locality-audit] dispatch task_id=12 preferred_device=0 actual_gpu=0
[2026-07-01 12:07:25.141] [info] [task_scheduler.cpp:367] [mgpu-audit] pipeline_task dispatched to GPU 2 task_id=14
[2026-07-01 12:07:25.141] [info] [task_scheduler.cpp:369] [locality-audit] dispatch task_id=14 preferred_device=2 actual_gpu=2
[2026-07-01 12:07:25.141] [info] [task_scheduler.cpp:367] [mgpu-audit] pipeline_task dispatched to GPU 3 task_id=15
[2026-07-01 12:07:25.141] [info] [task_scheduler.cpp:369] [locality-audit] dispatch task_id=15 preferred_device=3 actual_gpu=3
[2026-07-01 12:07:25.141] [info] [gpu_pipeline_task.cpp:182] [locality-audit] prepare_before pipeline_id=8 task_id=15 preferred_device=3 actual_gpu=3 target_tier=GPU target_device=3 input_bytes=320120704 local_bytes=134294832 remote_gpu_bytes=185825872 host_bytes=0 disk_bytes=0 batch_count=3
[2026-07-01 12:07:25.141] [info] [gpu_pipeline_task.cpp:182] [locality-audit] prepare_before pipeline_id=8 task_id=14 preferred_device=2 actual_gpu=2 target_tier=GPU target_device=2 input_bytes=320159744 local_bytes=134182912 remote_gpu_bytes=185976832 host_bytes=0 disk_bytes=0 batch_count=3
[2026-07-01 12:07:25.141] [info] [gpu_pipeline_task.cpp:182] [locality-audit] prepare_before pipeline_id=8 task_id=12 preferred_device=0 actual_gpu=0 target_tier=GPU target_device=0 input_bytes=320043840 local_bytes=51731696 remote_gpu_bytes=268312144 host_bytes=0 disk_bytes=0 batch_count=3
[2026-07-01 12:07:25.141] [info] [gpu_pipeline_task.cpp:182] [locality-audit] prepare_before pipeline_id=8 task_id=13 preferred_device=1 actual_gpu=1 target_tier=GPU target_device=1 input_bytes=319675712 local_bytes=0 remote_gpu_bytes=319675712 host_bytes=0 disk_bytes=0 batch_count=3
[2026-07-01 12:07:25.154] [info] [gpu_pipeline_task.cpp:182] [locality-audit] prepare_after pipeline_id=8 task_id=14 preferred_device=2 actual_gpu=2 target_tier=GPU target_device=2 input_bytes=320159744 local_bytes=320159744 remote_gpu_bytes=0 host_bytes=0 disk_bytes=0 batch_count=3
[2026-07-01 12:07:25.160] [info] [gpu_pipeline_task.cpp:182] [locality-audit] prepare_after pipeline_id=8 task_id=12 preferred_device=0 actual_gpu=0 target_tier=GPU target_device=0 input_bytes=320043840 local_bytes=320043840 remote_gpu_bytes=0 host_bytes=0 disk_bytes=0 batch_count=3
[2026-07-01 12:07:25.161] [info] [gpu_pipeline_task.cpp:311] [stage-audit] pipeline_id=8 task_id=14 operator_id=32 operator_name=CONCAT stage_kind=CONCAT operator_type=83 input_type=PARTITIONED output_type=PARTITIONED actual_gpu=2 pipeline_operator_count=1 input_batches=3 input_rows=20009984 input_columns=6 input_bytes=320159744 output_batches=1 output_rows=20009984 output_columns=2 output_bytes=320159744 byte_ratio=1.000000 row_ratio=1.000000 duration_us=7290
[2026-07-01 12:07:25.162] [info] [gpu_pipeline_task.cpp:182] [locality-audit] prepare_after pipeline_id=8 task_id=15 preferred_device=3 actual_gpu=3 target_tier=GPU target_device=3 input_bytes=320120704 local_bytes=320120704 remote_gpu_bytes=0 host_bytes=0 disk_bytes=0 batch_count=3
[2026-07-01 12:07:25.167] [info] [gpu_pipeline_task.cpp:311] [stage-audit] pipeline_id=8 task_id=12 operator_id=32 operator_name=CONCAT stage_kind=CONCAT operator_type=83 input_type=PARTITIONED output_type=PARTITIONED actual_gpu=0 pipeline_operator_count=1 input_batches=3 input_rows=20002740 input_columns=6 input_bytes=320043840 output_batches=1 output_rows=20002740 output_columns=2 output_bytes=320043840 byte_ratio=1.000000 row_ratio=1.000000 duration_us=7172
[2026-07-01 12:07:25.170] [info] [gpu_pipeline_task.cpp:311] [stage-audit] pipeline_id=8 task_id=15 operator_id=32 operator_name=CONCAT stage_kind=CONCAT operator_type=83 input_type=PARTITIONED output_type=PARTITIONED actual_gpu=3 pipeline_operator_count=1 input_batches=3 input_rows=20007544 input_columns=6 input_bytes=320120704 output_batches=1 output_rows=20007544 output_columns=2 output_bytes=320120704 byte_ratio=1.000000 row_ratio=1.000000 duration_us=7194
[2026-07-01 12:07:25.176] [info] [gpu_pipeline_task.cpp:182] [locality-audit] prepare_after pipeline_id=8 task_id=13 preferred_device=1 actual_gpu=1 target_tier=GPU target_device=1 input_bytes=319675712 local_bytes=319675712 remote_gpu_bytes=0 host_bytes=0 disk_bytes=0 batch_count=3
[2026-07-01 12:07:25.183] [info] [gpu_pipeline_task.cpp:311] [stage-audit] pipeline_id=8 task_id=13 operator_id=32 operator_name=CONCAT stage_kind=CONCAT operator_type=83 input_type=PARTITIONED output_type=PARTITIONED actual_gpu=1 pipeline_operator_count=1 input_batches=3 input_rows=19979732 input_columns=6 input_bytes=319675712 output_batches=1 output_rows=19979732 output_columns=2 output_bytes=319675712 byte_ratio=1.000000 row_ratio=1.000000 duration_us=7212
[2026-07-01 12:07:25.183] [info] [task_scheduler.cpp:367] [mgpu-audit] pipeline_task dispatched to GPU 0 task_id=16
[2026-07-01 12:07:25.183] [info] [task_scheduler.cpp:369] [locality-audit] dispatch task_id=16 preferred_device=0 actual_gpu=0
[2026-07-01 12:07:25.183] [info] [task_scheduler.cpp:367] [mgpu-audit] pipeline_task dispatched to GPU 1 task_id=17
[2026-07-01 12:07:25.183] [info] [task_scheduler.cpp:369] [locality-audit] dispatch task_id=17 preferred_device=1 actual_gpu=1
[2026-07-01 12:07:25.183] [info] [task_scheduler.cpp:367] [mgpu-audit] pipeline_task dispatched to GPU 2 task_id=18
[2026-07-01 12:07:25.183] [info] [task_scheduler.cpp:369] [locality-audit] dispatch task_id=18 preferred_device=2 actual_gpu=2
[2026-07-01 12:07:25.183] [info] [task_scheduler.cpp:367] [mgpu-audit] pipeline_task dispatched to GPU 3 task_id=19
[2026-07-01 12:07:25.183] [info] [task_scheduler.cpp:369] [locality-audit] dispatch task_id=19 preferred_device=3 actual_gpu=3
[2026-07-01 12:07:25.184] [info] [gpu_pipeline_task.cpp:182] [locality-audit] prepare_before pipeline_id=9 task_id=18 preferred_device=2 actual_gpu=2 target_tier=GPU target_device=2 input_bytes=356483158 local_bytes=356483158 remote_gpu_bytes=0 host_bytes=0 disk_bytes=0 batch_count=2
[2026-07-01 12:07:25.184] [info] [gpu_pipeline_task.cpp:182] [locality-audit] prepare_before pipeline_id=9 task_id=16 preferred_device=0 actual_gpu=0 target_tier=GPU target_device=0 input_bytes=356349306 local_bytes=356349306 remote_gpu_bytes=0 host_bytes=0 disk_bytes=0 batch_count=2
[2026-07-01 12:07:25.184] [info] [gpu_pipeline_task.cpp:182] [locality-audit] prepare_before pipeline_id=9 task_id=17 preferred_device=1 actual_gpu=1 target_tier=GPU target_device=1 input_bytes=355953266 local_bytes=355953266 remote_gpu_bytes=0 host_bytes=0 disk_bytes=0 batch_count=2
[2026-07-01 12:07:25.184] [info] [gpu_pipeline_task.cpp:182] [locality-audit] prepare_after pipeline_id=9 task_id=16 preferred_device=0 actual_gpu=0 target_tier=GPU target_device=0 input_bytes=356349306 local_bytes=356349306 remote_gpu_bytes=0 host_bytes=0 disk_bytes=0 batch_count=2
[2026-07-01 12:07:25.184] [info] [gpu_pipeline_task.cpp:182] [locality-audit] prepare_after pipeline_id=9 task_id=18 preferred_device=2 actual_gpu=2 target_tier=GPU target_device=2 input_bytes=356483158 local_bytes=356483158 remote_gpu_bytes=0 host_bytes=0 disk_bytes=0 batch_count=2
[2026-07-01 12:07:25.184] [info] [gpu_pipeline_task.cpp:182] [locality-audit] prepare_after pipeline_id=9 task_id=17 preferred_device=1 actual_gpu=1 target_tier=GPU target_device=1 input_bytes=355953266 local_bytes=355953266 remote_gpu_bytes=0 host_bytes=0 disk_bytes=0 batch_count=2
[2026-07-01 12:07:25.184] [info] [gpu_pipeline_task.cpp:182] [locality-audit] prepare_before pipeline_id=9 task_id=19 preferred_device=3 actual_gpu=3 target_tier=GPU target_device=3 input_bytes=356489464 local_bytes=356489464 remote_gpu_bytes=0 host_bytes=0 disk_bytes=0 batch_count=2
[2026-07-01 12:07:25.184] [info] [gpu_pipeline_task.cpp:182] [locality-audit] prepare_after pipeline_id=9 task_id=19 preferred_device=3 actual_gpu=3 target_tier=GPU target_device=3 input_bytes=356489464 local_bytes=356489464 remote_gpu_bytes=0 host_bytes=0 disk_bytes=0 batch_count=2
[2026-07-01 12:07:25.207] [info] [gpu_pipeline_task.cpp:311] [stage-audit] pipeline_id=9 task_id=19 operator_id=15 operator_name=HASH_JOIN stage_kind=JOIN operator_type=33 input_type=PARTITIONED output_type=PIPELINEABLE actual_gpu=3 pipeline_operator_count=1 input_batches=2 input_rows=20751265 input_columns=6 input_bytes=356489464 output_batches=1 output_rows=2974884 output_columns=4 output_bytes=145474888 byte_ratio=0.408076 row_ratio=0.143359 duration_us=22938
[2026-07-01 12:07:25.207] [info] [gpu_pipeline_task.cpp:311] [stage-audit] pipeline_id=9 task_id=17 operator_id=15 operator_name=HASH_JOIN stage_kind=JOIN operator_type=33 input_type=PARTITIONED output_type=PIPELINEABLE actual_gpu=1 pipeline_operator_count=1 input_batches=2 input_rows=20721494 input_columns=6 input_bytes=355953266 output_batches=1 output_rows=2967048 output_columns=4 output_bytes=145110192 byte_ratio=0.407666 row_ratio=0.143187 duration_us=23123
[2026-07-01 12:07:25.207] [info] [task_scheduler.cpp:367] [mgpu-audit] pipeline_task dispatched to GPU 0 task_id=20
[2026-07-01 12:07:25.207] [info] [task_scheduler.cpp:369] [locality-audit] dispatch task_id=20 preferred_device=0 actual_gpu=0
[2026-07-01 12:07:25.208] [info] [gpu_pipeline_task.cpp:311] [stage-audit] pipeline_id=9 task_id=18 operator_id=15 operator_name=HASH_JOIN stage_kind=JOIN operator_type=33 input_type=PARTITIONED output_type=PIPELINEABLE actual_gpu=2 pipeline_operator_count=1 input_batches=2 input_rows=20752674 input_columns=6 input_bytes=356483158 output_batches=1 output_rows=2970760 output_columns=4 output_bytes=145293504 byte_ratio=0.407575 row_ratio=0.143151 duration_us=24111
[2026-07-01 12:07:25.208] [info] [gpu_pipeline_task.cpp:311] [stage-audit] pipeline_id=9 task_id=16 operator_id=15 operator_name=HASH_JOIN stage_kind=JOIN operator_type=33 input_type=PARTITIONED output_type=PIPELINEABLE actual_gpu=0 pipeline_operator_count=1 input_batches=2 input_rows=20745137 input_columns=6 input_bytes=356349306 output_batches=1 output_rows=2969588 output_columns=4 output_bytes=145221840 byte_ratio=0.407527 row_ratio=0.143146 duration_us=24261
[2026-07-01 12:07:25.309] [info] [parquet_gpu_ingestible.cpp:696] [scan-audit] parquet_materialize target_gpu=0 files=/mnt/nvme/dataset/supplier.parquet columns=s_suppkey,s_comment row_groups=0,1,2,3,4,5,6,7,8 compressed_bytes=28126194 uncompressed_bytes=8000279 column_bytes=s_suppkey:4003346:8000279,s_comment:24122848:66495919 output_rows=1000000 output_columns=2 split_count=1 duration_us=101733
[2026-07-01 12:07:25.312] [info] [gpu_pipeline_task.cpp:311] [stage-audit] pipeline_id=3 task_id=20 operator_id=28 operator_name=GPU_SCAN stage_kind=SCAN operator_type=94 input_type=GPU_SCAN output_type=PIPELINEABLE actual_gpu=0 pipeline_operator_count=1 input_batches=0 input_rows=0 input_columns=0 input_bytes=0 output_batches=1 output_rows=479 output_columns=1 output_bytes=3896 byte_ratio=0.000000 row_ratio=0.000000 duration_us=105136
[2026-07-01 12:07:25.312] [info] [task_creator.cpp:352] [locality-audit] task_create operator_id=30 input_bytes=3896 local_bytes=3896 gpu_source_bytes=3896 host_source_bytes=0 disk_source_bytes=0 gpu_sources=1 host_sources=0 preferred_device=0
[2026-07-01 12:07:25.313] [info] [task_scheduler.cpp:367] [mgpu-audit] pipeline_task dispatched to GPU 0 task_id=21
[2026-07-01 12:07:25.313] [info] [task_scheduler.cpp:369] [locality-audit] dispatch task_id=21 preferred_device=0 actual_gpu=0
[2026-07-01 12:07:25.313] [info] [gpu_pipeline_task.cpp:182] [locality-audit] prepare_before pipeline_id=4 task_id=21 preferred_device=0 actual_gpu=0 target_tier=GPU target_device=0 input_bytes=3896 local_bytes=3896 remote_gpu_bytes=0 host_bytes=0 disk_bytes=0 batch_count=1
[2026-07-01 12:07:25.313] [info] [gpu_pipeline_task.cpp:182] [locality-audit] prepare_after pipeline_id=4 task_id=21 preferred_device=0 actual_gpu=0 target_tier=GPU target_device=0 input_bytes=3896 local_bytes=3896 remote_gpu_bytes=0 host_bytes=0 disk_bytes=0 batch_count=1
[2026-07-01 12:07:25.313] [info] [gpu_pipeline_task.cpp:311] [stage-audit] pipeline_id=4 task_id=21 operator_id=30 operator_name=PARTITION stage_kind=PARTITION operator_type=82 input_type=PIPELINEABLE output_type=PIPELINEABLE actual_gpu=0 pipeline_operator_count=1 input_batches=1 input_rows=479 input_columns=1 input_bytes=3896 output_batches=1 output_rows=479 output_columns=1 output_bytes=3896 byte_ratio=1.000000 row_ratio=1.000000 duration_us=7
[2026-07-01 12:07:25.313] [info] [task_scheduler.cpp:367] [mgpu-audit] pipeline_task dispatched to GPU 0 task_id=22
[2026-07-01 12:07:25.313] [info] [task_scheduler.cpp:369] [locality-audit] dispatch task_id=22 preferred_device=0 actual_gpu=0
[2026-07-01 12:07:25.313] [info] [gpu_pipeline_task.cpp:182] [locality-audit] prepare_before pipeline_id=5 task_id=22 preferred_device=0 actual_gpu=0 target_tier=GPU target_device=0 input_bytes=3896 local_bytes=3896 remote_gpu_bytes=0 host_bytes=0 disk_bytes=0 batch_count=1
[2026-07-01 12:07:25.313] [info] [gpu_pipeline_task.cpp:182] [locality-audit] prepare_after pipeline_id=5 task_id=22 preferred_device=0 actual_gpu=0 target_tier=GPU target_device=0 input_bytes=3896 local_bytes=3896 remote_gpu_bytes=0 host_bytes=0 disk_bytes=0 batch_count=1
[2026-07-01 12:07:25.313] [info] [gpu_pipeline_task.cpp:311] [stage-audit] pipeline_id=5 task_id=22 operator_id=29 operator_name=CONCAT stage_kind=CONCAT operator_type=83 input_type=PARTITIONED output_type=PARTITIONED actual_gpu=0 pipeline_operator_count=1 input_batches=1 input_rows=479 input_columns=1 input_bytes=3896 output_batches=1 output_rows=479 output_columns=1 output_bytes=3896 byte_ratio=1.000000 row_ratio=1.000000 duration_us=7
[2026-07-01 12:07:25.313] [info] [task_creator.cpp:352] [locality-audit] task_create operator_id=35 input_bytes=145474888 local_bytes=145474888 gpu_source_bytes=145474888 host_source_bytes=0 disk_source_bytes=0 gpu_sources=1 host_sources=0 preferred_device=3
[2026-07-01 12:07:25.314] [info] [task_creator.cpp:352] [locality-audit] task_create operator_id=35 input_bytes=145110192 local_bytes=145110192 gpu_source_bytes=145110192 host_source_bytes=0 disk_source_bytes=0 gpu_sources=1 host_sources=0 preferred_device=1
[2026-07-01 12:07:25.314] [info] [task_creator.cpp:352] [locality-audit] task_create operator_id=35 input_bytes=145293504 local_bytes=145293504 gpu_source_bytes=145293504 host_source_bytes=0 disk_source_bytes=0 gpu_sources=1 host_sources=0 preferred_device=2
[2026-07-01 12:07:25.314] [info] [task_creator.cpp:352] [locality-audit] task_create operator_id=35 input_bytes=145221840 local_bytes=145221840 gpu_source_bytes=145221840 host_source_bytes=0 disk_source_bytes=0 gpu_sources=1 host_sources=0 preferred_device=0
[2026-07-01 12:07:25.314] [info] [task_scheduler.cpp:367] [mgpu-audit] pipeline_task dispatched to GPU 1 task_id=24
[2026-07-01 12:07:25.314] [info] [task_scheduler.cpp:369] [locality-audit] dispatch task_id=24 preferred_device=1 actual_gpu=1
[2026-07-01 12:07:25.314] [info] [task_scheduler.cpp:367] [mgpu-audit] pipeline_task dispatched to GPU 2 task_id=25
[2026-07-01 12:07:25.314] [info] [task_scheduler.cpp:369] [locality-audit] dispatch task_id=25 preferred_device=2 actual_gpu=2
[2026-07-01 12:07:25.314] [info] [task_scheduler.cpp:367] [mgpu-audit] pipeline_task dispatched to GPU 3 task_id=23
[2026-07-01 12:07:25.314] [info] [task_scheduler.cpp:369] [locality-audit] dispatch task_id=23 preferred_device=3 actual_gpu=3
[2026-07-01 12:07:25.314] [info] [task_scheduler.cpp:367] [mgpu-audit] pipeline_task dispatched to GPU 0 task_id=26
[2026-07-01 12:07:25.314] [info] [task_scheduler.cpp:369] [locality-audit] dispatch task_id=26 preferred_device=0 actual_gpu=0
[2026-07-01 12:07:25.314] [info] [gpu_pipeline_task.cpp:182] [locality-audit] prepare_before pipeline_id=10 task_id=26 preferred_device=0 actual_gpu=0 target_tier=GPU target_device=0 input_bytes=145221840 local_bytes=145221840 remote_gpu_bytes=0 host_bytes=0 disk_bytes=0 batch_count=1
[2026-07-01 12:07:25.314] [info] [gpu_pipeline_task.cpp:182] [locality-audit] prepare_before pipeline_id=10 task_id=24 preferred_device=1 actual_gpu=1 target_tier=GPU target_device=1 input_bytes=145110192 local_bytes=145110192 remote_gpu_bytes=0 host_bytes=0 disk_bytes=0 batch_count=1
[2026-07-01 12:07:25.314] [info] [gpu_pipeline_task.cpp:182] [locality-audit] prepare_after pipeline_id=10 task_id=24 preferred_device=1 actual_gpu=1 target_tier=GPU target_device=1 input_bytes=145110192 local_bytes=145110192 remote_gpu_bytes=0 host_bytes=0 disk_bytes=0 batch_count=1
[2026-07-01 12:07:25.314] [info] [gpu_pipeline_task.cpp:182] [locality-audit] prepare_after pipeline_id=10 task_id=26 preferred_device=0 actual_gpu=0 target_tier=GPU target_device=0 input_bytes=145221840 local_bytes=145221840 remote_gpu_bytes=0 host_bytes=0 disk_bytes=0 batch_count=1
[2026-07-01 12:07:25.314] [info] [gpu_pipeline_task.cpp:311] [stage-audit] pipeline_id=10 task_id=24 operator_id=35 operator_name=PARTITION stage_kind=PARTITION operator_type=82 input_type=PIPELINEABLE output_type=PIPELINEABLE actual_gpu=1 pipeline_operator_count=1 input_batches=1 input_rows=2967048 input_columns=4 input_bytes=145110192 output_batches=1 output_rows=2967048 output_columns=4 output_bytes=145110192 byte_ratio=1.000000 row_ratio=1.000000 duration_us=1
[2026-07-01 12:07:25.314] [info] [gpu_pipeline_task.cpp:182] [locality-audit] prepare_before pipeline_id=10 task_id=23 preferred_device=3 actual_gpu=3 target_tier=GPU target_device=3 input_bytes=145474888 local_bytes=145474888 remote_gpu_bytes=0 host_bytes=0 disk_bytes=0 batch_count=1
[2026-07-01 12:07:25.314] [info] [gpu_pipeline_task.cpp:311] [stage-audit] pipeline_id=10 task_id=26 operator_id=35 operator_name=PARTITION stage_kind=PARTITION operator_type=82 input_type=PIPELINEABLE output_type=PIPELINEABLE actual_gpu=0 pipeline_operator_count=1 input_batches=1 input_rows=2969588 input_columns=4 input_bytes=145221840 output_batches=1 output_rows=2969588 output_columns=4 output_bytes=145221840 byte_ratio=1.000000 row_ratio=1.000000 duration_us=4
[2026-07-01 12:07:25.314] [info] [gpu_pipeline_task.cpp:182] [locality-audit] prepare_after pipeline_id=10 task_id=23 preferred_device=3 actual_gpu=3 target_tier=GPU target_device=3 input_bytes=145474888 local_bytes=145474888 remote_gpu_bytes=0 host_bytes=0 disk_bytes=0 batch_count=1
[2026-07-01 12:07:25.314] [info] [gpu_pipeline_task.cpp:182] [locality-audit] prepare_before pipeline_id=10 task_id=25 preferred_device=2 actual_gpu=2 target_tier=GPU target_device=2 input_bytes=145293504 local_bytes=145293504 remote_gpu_bytes=0 host_bytes=0 disk_bytes=0 batch_count=1
[2026-07-01 12:07:25.314] [info] [gpu_pipeline_task.cpp:311] [stage-audit] pipeline_id=10 task_id=23 operator_id=35 operator_name=PARTITION stage_kind=PARTITION operator_type=82 input_type=PIPELINEABLE output_type=PIPELINEABLE actual_gpu=3 pipeline_operator_count=1 input_batches=1 input_rows=2974884 input_columns=4 input_bytes=145474888 output_batches=1 output_rows=2974884 output_columns=4 output_bytes=145474888 byte_ratio=1.000000 row_ratio=1.000000 duration_us=6
[2026-07-01 12:07:25.314] [info] [gpu_pipeline_task.cpp:182] [locality-audit] prepare_after pipeline_id=10 task_id=25 preferred_device=2 actual_gpu=2 target_tier=GPU target_device=2 input_bytes=145293504 local_bytes=145293504 remote_gpu_bytes=0 host_bytes=0 disk_bytes=0 batch_count=1
[2026-07-01 12:07:25.314] [info] [gpu_pipeline_task.cpp:311] [stage-audit] pipeline_id=10 task_id=25 operator_id=35 operator_name=PARTITION stage_kind=PARTITION operator_type=82 input_type=PIPELINEABLE output_type=PIPELINEABLE actual_gpu=2 pipeline_operator_count=1 input_batches=1 input_rows=2970760 input_columns=4 input_bytes=145293504 output_batches=1 output_rows=2970760 output_columns=4 output_bytes=145293504 byte_ratio=1.000000 row_ratio=1.000000 duration_us=6
[2026-07-01 12:07:25.314] [info] [task_scheduler.cpp:367] [mgpu-audit] pipeline_task dispatched to GPU 0 task_id=27
[2026-07-01 12:07:25.314] [info] [task_scheduler.cpp:369] [locality-audit] dispatch task_id=27 preferred_device=0 actual_gpu=0
[2026-07-01 12:07:25.314] [info] [task_scheduler.cpp:367] [mgpu-audit] pipeline_task dispatched to GPU 0 task_id=28
[2026-07-01 12:07:25.314] [info] [task_scheduler.cpp:369] [locality-audit] dispatch task_id=28 preferred_device=0 actual_gpu=0
[2026-07-01 12:07:25.314] [info] [gpu_pipeline_task.cpp:182] [locality-audit] prepare_before pipeline_id=11 task_id=27 preferred_device=0 actual_gpu=0 target_tier=GPU target_device=0 input_bytes=435806920 local_bytes=145221840 remote_gpu_bytes=290585080 host_bytes=0 disk_bytes=0 batch_count=3
[2026-07-01 12:07:25.314] [info] [gpu_pipeline_task.cpp:182] [locality-audit] prepare_before pipeline_id=11 task_id=28 preferred_device=0 actual_gpu=0 target_tier=GPU target_device=0 input_bytes=145293504 local_bytes=0 remote_gpu_bytes=145293504 host_bytes=0 disk_bytes=0 batch_count=1
[2026-07-01 12:07:25.328] [info] [gpu_pipeline_task.cpp:182] [locality-audit] prepare_after pipeline_id=11 task_id=28 preferred_device=0 actual_gpu=0 target_tier=GPU target_device=0 input_bytes=145293504 local_bytes=145293504 remote_gpu_bytes=0 host_bytes=0 disk_bytes=0 batch_count=1
[2026-07-01 12:07:25.328] [info] [gpu_pipeline_task.cpp:311] [stage-audit] pipeline_id=11 task_id=28 operator_id=34 operator_name=CONCAT stage_kind=CONCAT operator_type=83 input_type=PARTITIONED output_type=PARTITIONED actual_gpu=0 pipeline_operator_count=1 input_batches=1 input_rows=2970760 input_columns=4 input_bytes=145293504 output_batches=1 output_rows=2970760 output_columns=4 output_bytes=145293504 byte_ratio=1.000000 row_ratio=1.000000 duration_us=1
[2026-07-01 12:07:25.328] [info] [task_scheduler.cpp:367] [mgpu-audit] pipeline_task dispatched to GPU 1 task_id=29
[2026-07-01 12:07:25.328] [info] [task_scheduler.cpp:369] [locality-audit] dispatch task_id=29 preferred_device=1 actual_gpu=1
[2026-07-01 12:07:25.328] [info] [gpu_pipeline_task.cpp:182] [locality-audit] prepare_before pipeline_id=12 task_id=29 preferred_device=1 actual_gpu=1 target_tier=GPU target_device=1 input_bytes=145297400 local_bytes=0 remote_gpu_bytes=145297400 host_bytes=0 disk_bytes=0 batch_count=2
[2026-07-01 12:07:25.335] [info] [gpu_pipeline_task.cpp:182] [locality-audit] prepare_after pipeline_id=11 task_id=27 preferred_device=0 actual_gpu=0 target_tier=GPU target_device=0 input_bytes=435806920 local_bytes=435806920 remote_gpu_bytes=0 host_bytes=0 disk_bytes=0 batch_count=3
[2026-07-01 12:07:25.338] [info] [gpu_pipeline_task.cpp:182] [locality-audit] prepare_after pipeline_id=12 task_id=29 preferred_device=1 actual_gpu=1 target_tier=GPU target_device=1 input_bytes=145297400 local_bytes=145297400 remote_gpu_bytes=0 host_bytes=0 disk_bytes=0 batch_count=2
[2026-07-01 12:07:25.346] [info] [gpu_pipeline_task.cpp:311] [stage-audit] pipeline_id=11 task_id=27 operator_id=34 operator_name=CONCAT stage_kind=CONCAT operator_type=83 input_type=PARTITIONED output_type=PARTITIONED actual_gpu=0 pipeline_operator_count=1 input_batches=3 input_rows=8911520 input_columns=12 input_bytes=435806920 output_batches=1 output_rows=8911520 output_columns=4 output_bytes=433578808 byte_ratio=0.994887 row_ratio=1.000000 duration_us=10286
[2026-07-01 12:07:25.348] [info] [task_scheduler.cpp:367] [mgpu-audit] pipeline_task dispatched to GPU 1 task_id=30
[2026-07-01 12:07:25.348] [info] [task_scheduler.cpp:369] [locality-audit] dispatch task_id=30 preferred_device=1 actual_gpu=1
[2026-07-01 12:07:25.349] [info] [gpu_pipeline_task.cpp:182] [locality-audit] prepare_before pipeline_id=12 task_id=30 preferred_device=1 actual_gpu=1 target_tier=GPU target_device=1 input_bytes=433578808 local_bytes=0 remote_gpu_bytes=433578808 host_bytes=0 disk_bytes=0 batch_count=1
[2026-07-01 12:07:25.369] [info] [gpu_pipeline_task.cpp:182] [locality-audit] prepare_after pipeline_id=12 task_id=30 preferred_device=1 actual_gpu=1 target_tier=GPU target_device=1 input_bytes=433578808 local_bytes=433578808 remote_gpu_bytes=0 host_bytes=0 disk_bytes=0 batch_count=1
[2026-07-01 12:07:25.372] [info] [gpu_pipeline_task.cpp:311] [stage-audit] pipeline_id=12 task_id=29 operator_id=17 operator_name=HASH_JOIN stage_kind=JOIN operator_type=33 input_type=PARTITIONED output_type=PIPELINEABLE actual_gpu=1 pipeline_operator_count=4 input_batches=2 input_rows=2971239 input_columns=5 input_bytes=145297400 output_batches=1 output_rows=2970760 output_columns=5 output_bytes=148264264 byte_ratio=1.020419 row_ratio=0.999839 duration_us=34333
[2026-07-01 12:07:25.374] [info] [gpu_pipeline_task.cpp:311] [stage-audit] pipeline_id=12 task_id=30 operator_id=17 operator_name=HASH_JOIN stage_kind=JOIN operator_type=33 input_type=PARTITIONED output_type=PIPELINEABLE actual_gpu=1 pipeline_operator_count=4 input_batches=1 input_rows=8911520 input_columns=4 input_bytes=433578808 output_batches=1 output_rows=8911520 output_columns=5 output_bytes=442490328 byte_ratio=1.020553 row_ratio=1.000000 duration_us=4669
[2026-07-01 12:07:25.391] [info] [gpu_pipeline_task.cpp:311] [stage-audit] pipeline_id=12 task_id=29 operator_id=18 operator_name=FILTER stage_kind=FILTER operator_type=12 input_type=PIPELINEABLE output_type=PIPELINEABLE actual_gpu=1 pipeline_operator_count=4 input_batches=1 input_rows=2970760 input_columns=5 input_bytes=148264264 output_batches=1 output_rows=2969324 output_columns=5 output_bytes=148192647 byte_ratio=0.999517 row_ratio=0.999517 duration_us=19210
[2026-07-01 12:07:25.391] [info] [gpu_pipeline_task.cpp:311] [stage-audit] pipeline_id=12 task_id=30 operator_id=18 operator_name=FILTER stage_kind=FILTER operator_type=12 input_type=PIPELINEABLE output_type=PIPELINEABLE actual_gpu=1 pipeline_operator_count=4 input_batches=1 input_rows=8911520 input_columns=5 input_bytes=442490328 output_batches=1 output_rows=8907304 output_columns=5 output_bytes=442281115 byte_ratio=0.999527 row_ratio=0.999527 duration_us=17743
[2026-07-01 12:07:25.394] [info] [gpu_pipeline_task.cpp:311] [stage-audit] pipeline_id=12 task_id=30 operator_id=21 operator_name=PROJECTION stage_kind=PROJECTION operator_type=13 input_type=PIPELINEABLE output_type=PIPELINEABLE actual_gpu=1 pipeline_operator_count=4 input_batches=1 input_rows=8907304 input_columns=5 input_bytes=442281115 output_batches=1 output_rows=8907304 output_columns=4 output_bytes=433373811 byte_ratio=0.979861 row_ratio=1.000000 duration_us=2986
[2026-07-01 12:07:25.395] [info] [gpu_pipeline_task.cpp:311] [stage-audit] pipeline_id=12 task_id=29 operator_id=21 operator_name=PROJECTION stage_kind=PROJECTION operator_type=13 input_type=PIPELINEABLE output_type=PIPELINEABLE actual_gpu=1 pipeline_operator_count=4 input_batches=1 input_rows=2969324 input_columns=5 input_bytes=148192647 output_batches=1 output_rows=2969324 output_columns=4 output_bytes=145223323 byte_ratio=0.979963 row_ratio=1.000000 duration_us=3589
[2026-07-01 12:07:25.611] [info] [gpu_pipeline_task.cpp:311] [stage-audit] pipeline_id=12 task_id=30 operator_id=22 operator_name=HASH_GROUP_BY stage_kind=AGGREGATE operator_type=9 input_type=PIPELINEABLE output_type=PIPELINEABLE actual_gpu=1 pipeline_operator_count=4 input_batches=1 input_rows=8907304 input_columns=4 input_bytes=433373811 output_batches=1 output_rows=27840 output_columns=4 output_bytes=72490660 byte_ratio=0.167271 row_ratio=0.003126 duration_us=216863
[2026-07-01 12:07:25.611] [warning] [gpu_pipeline_task.cpp:81] gpu_pipeline_task: operator 'HASH_GROUP_BY' (id=22) output batch 0 column 3 datatype mismatch: got cudf::list_view, expected int64_t
[2026-07-01 12:07:25.612] [info] [gpu_pipeline_task.cpp:311] [stage-audit] pipeline_id=12 task_id=29 operator_id=22 operator_name=HASH_GROUP_BY stage_kind=AGGREGATE operator_type=9 input_type=PIPELINEABLE output_type=PIPELINEABLE actual_gpu=1 pipeline_operator_count=4 input_batches=1 input_rows=2969324 input_columns=4 input_bytes=145223323 output_batches=1 output_rows=27840 output_columns=4 output_bytes=25003540 byte_ratio=0.172173 row_ratio=0.009376 duration_us=217196
[2026-07-01 12:07:25.612] [warning] [gpu_pipeline_task.cpp:81] gpu_pipeline_task: operator 'HASH_GROUP_BY' (id=22) output batch 0 column 3 datatype mismatch: got cudf::list_view, expected int64_t
[2026-07-01 12:07:25.613] [info] [task_creator.cpp:352] [locality-audit] task_create operator_id=36 input_bytes=72490660 local_bytes=72490660 gpu_source_bytes=72490660 host_source_bytes=0 disk_source_bytes=0 gpu_sources=1 host_sources=0 preferred_device=1
[2026-07-01 12:07:25.613] [info] [task_creator.cpp:352] [locality-audit] task_create operator_id=36 input_bytes=25003540 local_bytes=25003540 gpu_source_bytes=25003540 host_source_bytes=0 disk_source_bytes=0 gpu_sources=1 host_sources=0 preferred_device=1
[2026-07-01 12:07:25.613] [info] [task_scheduler.cpp:367] [mgpu-audit] pipeline_task dispatched to GPU 1 task_id=31
[2026-07-01 12:07:25.613] [info] [task_scheduler.cpp:369] [locality-audit] dispatch task_id=31 preferred_device=1 actual_gpu=1
[2026-07-01 12:07:25.613] [info] [task_scheduler.cpp:367] [mgpu-audit] pipeline_task dispatched to GPU 1 task_id=32
[2026-07-01 12:07:25.613] [info] [task_scheduler.cpp:369] [locality-audit] dispatch task_id=32 preferred_device=1 actual_gpu=1
[2026-07-01 12:07:25.613] [info] [gpu_pipeline_task.cpp:182] [locality-audit] prepare_before pipeline_id=13 task_id=31 preferred_device=1 actual_gpu=1 target_tier=GPU target_device=1 input_bytes=72490660 local_bytes=72490660 remote_gpu_bytes=0 host_bytes=0 disk_bytes=0 batch_count=1
[2026-07-01 12:07:25.613] [info] [gpu_pipeline_task.cpp:182] [locality-audit] prepare_after pipeline_id=13 task_id=31 preferred_device=1 actual_gpu=1 target_tier=GPU target_device=1 input_bytes=72490660 local_bytes=72490660 remote_gpu_bytes=0 host_bytes=0 disk_bytes=0 batch_count=1
[2026-07-01 12:07:25.613] [info] [gpu_pipeline_task.cpp:182] [locality-audit] prepare_before pipeline_id=13 task_id=32 preferred_device=1 actual_gpu=1 target_tier=GPU target_device=1 input_bytes=25003540 local_bytes=25003540 remote_gpu_bytes=0 host_bytes=0 disk_bytes=0 batch_count=1
[2026-07-01 12:07:25.613] [info] [gpu_pipeline_task.cpp:182] [locality-audit] prepare_after pipeline_id=13 task_id=32 preferred_device=1 actual_gpu=1 target_tier=GPU target_device=1 input_bytes=25003540 local_bytes=25003540 remote_gpu_bytes=0 host_bytes=0 disk_bytes=0 batch_count=1
[2026-07-01 12:07:25.623] [info] [gpu_pipeline_task.cpp:311] [stage-audit] pipeline_id=13 task_id=31 operator_id=36 operator_name=PARTITION stage_kind=PARTITION operator_type=82 input_type=PIPELINEABLE output_type=PIPELINEABLE actual_gpu=1 pipeline_operator_count=1 input_batches=1 input_rows=27840 input_columns=4 input_bytes=72490660 output_batches=4 output_rows=27840 output_columns=16 output_bytes=72490696 byte_ratio=1.000000 row_ratio=1.000000 duration_us=10476
[2026-07-01 12:07:25.623] [warning] [gpu_pipeline_task.cpp:81] gpu_pipeline_task: operator 'PARTITION' (id=36) output batch 0 column 3 datatype mismatch: got cudf::list_view, expected int64_t
[2026-07-01 12:07:25.624] [info] [gpu_pipeline_task.cpp:311] [stage-audit] pipeline_id=13 task_id=32 operator_id=36 operator_name=PARTITION stage_kind=PARTITION operator_type=82 input_type=PIPELINEABLE output_type=PIPELINEABLE actual_gpu=1 pipeline_operator_count=1 input_batches=1 input_rows=27840 input_columns=4 input_bytes=25003540 output_batches=4 output_rows=27840 output_columns=16 output_bytes=25003704 byte_ratio=1.000007 row_ratio=1.000000 duration_us=10885
[2026-07-01 12:07:25.624] [warning] [gpu_pipeline_task.cpp:81] gpu_pipeline_task: operator 'PARTITION' (id=36) output batch 0 column 3 datatype mismatch: got cudf::list_view, expected int64_t
[2026-07-01 12:07:25.624] [info] [task_scheduler.cpp:367] [mgpu-audit] pipeline_task dispatched to GPU 2 task_id=35
[2026-07-01 12:07:25.624] [info] [task_scheduler.cpp:369] [locality-audit] dispatch task_id=35 preferred_device=2 actual_gpu=2
[2026-07-01 12:07:25.624] [info] [task_scheduler.cpp:367] [mgpu-audit] pipeline_task dispatched to GPU 3 task_id=36
[2026-07-01 12:07:25.624] [info] [task_scheduler.cpp:369] [locality-audit] dispatch task_id=36 preferred_device=3 actual_gpu=3
[2026-07-01 12:07:25.624] [info] [task_scheduler.cpp:367] [mgpu-audit] pipeline_task dispatched to GPU 0 task_id=33
[2026-07-01 12:07:25.624] [info] [task_scheduler.cpp:369] [locality-audit] dispatch task_id=33 preferred_device=0 actual_gpu=0
[2026-07-01 12:07:25.624] [info] [task_scheduler.cpp:367] [mgpu-audit] pipeline_task dispatched to GPU 1 task_id=34
[2026-07-01 12:07:25.624] [info] [task_scheduler.cpp:369] [locality-audit] dispatch task_id=34 preferred_device=1 actual_gpu=1
[2026-07-01 12:07:25.624] [info] [gpu_pipeline_task.cpp:182] [locality-audit] prepare_before pipeline_id=14 task_id=34 preferred_device=1 actual_gpu=1 target_tier=GPU target_device=1 input_bytes=24460678 local_bytes=24460678 remote_gpu_bytes=0 host_bytes=0 disk_bytes=0 batch_count=2
[2026-07-01 12:07:25.624] [info] [gpu_pipeline_task.cpp:182] [locality-audit] prepare_after pipeline_id=14 task_id=34 preferred_device=1 actual_gpu=1 target_tier=GPU target_device=1 input_bytes=24460678 local_bytes=24460678 remote_gpu_bytes=0 host_bytes=0 disk_bytes=0 batch_count=2
[2026-07-01 12:07:25.624] [info] [gpu_pipeline_task.cpp:182] [locality-audit] prepare_before pipeline_id=14 task_id=33 preferred_device=0 actual_gpu=0 target_tier=GPU target_device=0 input_bytes=24304084 local_bytes=0 remote_gpu_bytes=24304084 host_bytes=0 disk_bytes=0 batch_count=2
[2026-07-01 12:07:25.624] [info] [gpu_pipeline_task.cpp:182] [locality-audit] prepare_before pipeline_id=14 task_id=35 preferred_device=2 actual_gpu=2 target_tier=GPU target_device=2 input_bytes=24411884 local_bytes=0 remote_gpu_bytes=24411884 host_bytes=0 disk_bytes=0 batch_count=2
[2026-07-01 12:07:25.624] [info] [gpu_pipeline_task.cpp:182] [locality-audit] prepare_before pipeline_id=14 task_id=36 preferred_device=3 actual_gpu=3 target_tier=GPU target_device=3 input_bytes=24317754 local_bytes=0 remote_gpu_bytes=24317754 host_bytes=0 disk_bytes=0 batch_count=2
[2026-07-01 12:07:25.893] [info] [gpu_pipeline_task.cpp:182] [locality-audit] prepare_after pipeline_id=14 task_id=35 preferred_device=2 actual_gpu=2 target_tier=GPU target_device=2 input_bytes=24411884 local_bytes=24411884 remote_gpu_bytes=0 host_bytes=0 disk_bytes=0 batch_count=2
[2026-07-01 12:07:25.950] [info] [gpu_pipeline_task.cpp:182] [locality-audit] prepare_after pipeline_id=14 task_id=36 preferred_device=3 actual_gpu=3 target_tier=GPU target_device=3 input_bytes=24317754 local_bytes=24317754 remote_gpu_bytes=0 host_bytes=0 disk_bytes=0 batch_count=2
[2026-07-01 12:07:25.951] [info] [gpu_pipeline_task.cpp:182] [locality-audit] prepare_after pipeline_id=14 task_id=33 preferred_device=0 actual_gpu=0 target_tier=GPU target_device=0 input_bytes=24304084 local_bytes=24304084 remote_gpu_bytes=0 host_bytes=0 disk_bytes=0 batch_count=2
[2026-07-01 12:07:25.981] [info] [gpu_pipeline_task.cpp:311] [stage-audit] pipeline_id=14 task_id=34 operator_id=37 operator_name=MERGE_GROUP_BY stage_kind=AGGREGATE operator_type=85 input_type=PARTITIONED output_type=PIPELINEABLE actual_gpu=1 pipeline_operator_count=1 input_batches=2 input_rows=13958 input_columns=8 input_bytes=24460678 output_batches=1 output_rows=6979 output_columns=4 output_bytes=339511 byte_ratio=0.013880 row_ratio=0.500000 duration_us=356978
[2026-07-01 12:07:26.001] [info] [gpu_pipeline_task.cpp:311] [stage-audit] pipeline_id=14 task_id=35 operator_id=37 operator_name=MERGE_GROUP_BY stage_kind=AGGREGATE operator_type=85 input_type=PARTITIONED output_type=PIPELINEABLE actual_gpu=2 pipeline_operator_count=1 input_batches=2 input_rows=13948 input_columns=8 input_bytes=24411884 output_batches=1 output_rows=6974 output_columns=4 output_bytes=339522 byte_ratio=0.013908 row_ratio=0.500000 duration_us=107662
[2026-07-01 12:07:26.008] [info] [gpu_pipeline_task.cpp:311] [stage-audit] pipeline_id=14 task_id=33 operator_id=37 operator_name=MERGE_GROUP_BY stage_kind=AGGREGATE operator_type=85 input_type=PARTITIONED output_type=PIPELINEABLE actual_gpu=0 pipeline_operator_count=1 input_batches=2 input_rows=13900 input_columns=8 input_bytes=24304084 output_batches=1 output_rows=6950 output_columns=4 output_bytes=338046 byte_ratio=0.013909 row_ratio=0.500000 duration_us=57058
[2026-07-01 12:07:26.008] [info] [gpu_pipeline_task.cpp:311] [stage-audit] pipeline_id=14 task_id=36 operator_id=37 operator_name=MERGE_GROUP_BY stage_kind=AGGREGATE operator_type=85 input_type=PARTITIONED output_type=PIPELINEABLE actual_gpu=3 pipeline_operator_count=1 input_batches=2 input_rows=13874 input_columns=8 input_bytes=24317754 output_batches=1 output_rows=6937 output_columns=4 output_bytes=337513 byte_ratio=0.013879 row_ratio=0.500000 duration_us=57607
[2026-07-01 12:07:26.008] [info] [task_creator.cpp:352] [locality-audit] task_create operator_id=23 input_bytes=339511 local_bytes=339511 gpu_source_bytes=339511 host_source_bytes=0 disk_source_bytes=0 gpu_sources=1 host_sources=0 preferred_device=1
[2026-07-01 12:07:26.008] [info] [task_creator.cpp:352] [locality-audit] task_create operator_id=23 input_bytes=339522 local_bytes=339522 gpu_source_bytes=339522 host_source_bytes=0 disk_source_bytes=0 gpu_sources=1 host_sources=0 preferred_device=2
[2026-07-01 12:07:26.008] [info] [task_creator.cpp:352] [locality-audit] task_create operator_id=23 input_bytes=338046 local_bytes=338046 gpu_source_bytes=338046 host_source_bytes=0 disk_source_bytes=0 gpu_sources=1 host_sources=0 preferred_device=0
[2026-07-01 12:07:26.008] [info] [task_creator.cpp:352] [locality-audit] task_create operator_id=23 input_bytes=337513 local_bytes=337513 gpu_source_bytes=337513 host_source_bytes=0 disk_source_bytes=0 gpu_sources=1 host_sources=0 preferred_device=3
[2026-07-01 12:07:26.008] [info] [task_scheduler.cpp:367] [mgpu-audit] pipeline_task dispatched to GPU 2 task_id=38
[2026-07-01 12:07:26.008] [info] [task_scheduler.cpp:369] [locality-audit] dispatch task_id=38 preferred_device=2 actual_gpu=2
[2026-07-01 12:07:26.008] [info] [task_scheduler.cpp:367] [mgpu-audit] pipeline_task dispatched to GPU 0 task_id=39
[2026-07-01 12:07:26.008] [info] [task_scheduler.cpp:369] [locality-audit] dispatch task_id=39 preferred_device=0 actual_gpu=0
[2026-07-01 12:07:26.008] [info] [task_scheduler.cpp:367] [mgpu-audit] pipeline_task dispatched to GPU 1 task_id=37
[2026-07-01 12:07:26.008] [info] [task_scheduler.cpp:369] [locality-audit] dispatch task_id=37 preferred_device=1 actual_gpu=1
[2026-07-01 12:07:26.008] [info] [task_scheduler.cpp:367] [mgpu-audit] pipeline_task dispatched to GPU 3 task_id=40
[2026-07-01 12:07:26.008] [info] [task_scheduler.cpp:369] [locality-audit] dispatch task_id=40 preferred_device=3 actual_gpu=3
[2026-07-01 12:07:26.008] [info] [gpu_pipeline_task.cpp:182] [locality-audit] prepare_before pipeline_id=15 task_id=37 preferred_device=1 actual_gpu=1 target_tier=GPU target_device=1 input_bytes=339511 local_bytes=339511 remote_gpu_bytes=0 host_bytes=0 disk_bytes=0 batch_count=1
[2026-07-01 12:07:26.008] [info] [gpu_pipeline_task.cpp:182] [locality-audit] prepare_after pipeline_id=15 task_id=37 preferred_device=1 actual_gpu=1 target_tier=GPU target_device=1 input_bytes=339511 local_bytes=339511 remote_gpu_bytes=0 host_bytes=0 disk_bytes=0 batch_count=1
[2026-07-01 12:07:26.008] [info] [gpu_pipeline_task.cpp:182] [locality-audit] prepare_before pipeline_id=15 task_id=39 preferred_device=0 actual_gpu=0 target_tier=GPU target_device=0 input_bytes=338046 local_bytes=338046 remote_gpu_bytes=0 host_bytes=0 disk_bytes=0 batch_count=1
[2026-07-01 12:07:26.008] [info] [gpu_pipeline_task.cpp:182] [locality-audit] prepare_after pipeline_id=15 task_id=39 preferred_device=0 actual_gpu=0 target_tier=GPU target_device=0 input_bytes=338046 local_bytes=338046 remote_gpu_bytes=0 host_bytes=0 disk_bytes=0 batch_count=1
[2026-07-01 12:07:26.008] [info] [gpu_pipeline_task.cpp:182] [locality-audit] prepare_before pipeline_id=15 task_id=38 preferred_device=2 actual_gpu=2 target_tier=GPU target_device=2 input_bytes=339522 local_bytes=339522 remote_gpu_bytes=0 host_bytes=0 disk_bytes=0 batch_count=1
[2026-07-01 12:07:26.008] [info] [gpu_pipeline_task.cpp:182] [locality-audit] prepare_before pipeline_id=15 task_id=40 preferred_device=3 actual_gpu=3 target_tier=GPU target_device=3 input_bytes=337513 local_bytes=337513 remote_gpu_bytes=0 host_bytes=0 disk_bytes=0 batch_count=1
[2026-07-01 12:07:26.009] [info] [gpu_pipeline_task.cpp:182] [locality-audit] prepare_after pipeline_id=15 task_id=40 preferred_device=3 actual_gpu=3 target_tier=GPU target_device=3 input_bytes=337513 local_bytes=337513 remote_gpu_bytes=0 host_bytes=0 disk_bytes=0 batch_count=1
[2026-07-01 12:07:26.009] [info] [gpu_pipeline_task.cpp:182] [locality-audit] prepare_after pipeline_id=15 task_id=38 preferred_device=2 actual_gpu=2 target_tier=GPU target_device=2 input_bytes=339522 local_bytes=339522 remote_gpu_bytes=0 host_bytes=0 disk_bytes=0 batch_count=1
[2026-07-01 12:07:26.013] [info] [gpu_pipeline_task.cpp:311] [stage-audit] pipeline_id=15 task_id=37 operator_id=23 operator_name=ORDER_BY stage_kind=SORT operator_type=1 input_type=PIPELINEABLE output_type=PIPELINEABLE actual_gpu=1 pipeline_operator_count=1 input_batches=1 input_rows=6979 input_columns=4 input_bytes=339511 output_batches=1 output_rows=6979 output_columns=4 output_bytes=339511 byte_ratio=1.000000 row_ratio=1.000000 duration_us=4572
[2026-07-01 12:07:26.016] [info] [gpu_pipeline_task.cpp:311] [stage-audit] pipeline_id=15 task_id=40 operator_id=23 operator_name=ORDER_BY stage_kind=SORT operator_type=1 input_type=PIPELINEABLE output_type=PIPELINEABLE actual_gpu=3 pipeline_operator_count=1 input_batches=1 input_rows=6937 input_columns=4 input_bytes=337513 output_batches=1 output_rows=6937 output_columns=4 output_bytes=337513 byte_ratio=1.000000 row_ratio=1.000000 duration_us=7565
[2026-07-01 12:07:26.016] [info] [gpu_pipeline_task.cpp:311] [stage-audit] pipeline_id=15 task_id=38 operator_id=23 operator_name=ORDER_BY stage_kind=SORT operator_type=1 input_type=PIPELINEABLE output_type=PIPELINEABLE actual_gpu=2 pipeline_operator_count=1 input_batches=1 input_rows=6974 input_columns=4 input_bytes=339522 output_batches=1 output_rows=6974 output_columns=4 output_bytes=339522 byte_ratio=1.000000 row_ratio=1.000000 duration_us=7689
[2026-07-01 12:07:26.017] [info] [gpu_pipeline_task.cpp:311] [stage-audit] pipeline_id=15 task_id=39 operator_id=23 operator_name=ORDER_BY stage_kind=SORT operator_type=1 input_type=PIPELINEABLE output_type=PIPELINEABLE actual_gpu=0 pipeline_operator_count=1 input_batches=1 input_rows=6950 input_columns=4 input_bytes=338046 output_batches=1 output_rows=6950 output_columns=4 output_bytes=338046 byte_ratio=1.000000 row_ratio=1.000000 duration_us=8178
[2026-07-01 12:07:26.017] [info] [task_creator.cpp:352] [locality-audit] task_create operator_id=38 input_bytes=1354592 local_bytes=339522 gpu_source_bytes=1354592 host_source_bytes=0 disk_source_bytes=0 gpu_sources=4 host_sources=0 preferred_device=2
[2026-07-01 12:07:26.017] [info] [task_scheduler.cpp:367] [mgpu-audit] pipeline_task dispatched to GPU 2 task_id=41
[2026-07-01 12:07:26.017] [info] [task_scheduler.cpp:369] [locality-audit] dispatch task_id=41 preferred_device=2 actual_gpu=2
[2026-07-01 12:07:26.017] [info] [gpu_pipeline_task.cpp:182] [locality-audit] prepare_before pipeline_id=16 task_id=41 preferred_device=2 actual_gpu=2 target_tier=GPU target_device=2 input_bytes=1354592 local_bytes=339522 remote_gpu_bytes=1015070 host_bytes=0 disk_bytes=0 batch_count=4
[2026-07-01 12:07:26.018] [info] [gpu_pipeline_task.cpp:182] [locality-audit] prepare_after pipeline_id=16 task_id=41 preferred_device=2 actual_gpu=2 target_tier=GPU target_device=2 input_bytes=1354592 local_bytes=1354592 remote_gpu_bytes=0 host_bytes=0 disk_bytes=0 batch_count=4
[2026-07-01 12:07:26.030] [info] [gpu_pipeline_task.cpp:311] [stage-audit] pipeline_id=16 task_id=41 operator_id=38 operator_name=SORT_SAMPLE stage_kind=SORT operator_type=89 input_type=PIPELINEABLE output_type=PIPELINEABLE actual_gpu=2 pipeline_operator_count=2 input_batches=4 input_rows=27840 input_columns=16 input_bytes=1354592 output_batches=4 output_rows=27840 output_columns=16 output_bytes=1354592 byte_ratio=1.000000 row_ratio=1.000000 duration_us=12342
[2026-07-01 12:07:26.030] [info] [gpu_pipeline_task.cpp:311] [stage-audit] pipeline_id=16 task_id=41 operator_id=39 operator_name=SORT_PARTITION stage_kind=SORT operator_type=88 input_type=PIPELINEABLE output_type=PIPELINEABLE actual_gpu=2 pipeline_operator_count=2 input_batches=4 input_rows=27840 input_columns=16 input_bytes=1354592 output_batches=4 output_rows=27840 output_columns=16 output_bytes=1354592 byte_ratio=1.000000 row_ratio=1.000000 duration_us=1
[2026-07-01 12:07:26.031] [info] [task_creator.cpp:352] [locality-audit] task_create operator_id=40 input_bytes=1354592 local_bytes=1354592 gpu_source_bytes=1354592 host_source_bytes=0 disk_source_bytes=0 gpu_sources=1 host_sources=0 preferred_device=2
[2026-07-01 12:07:26.031] [info] [task_scheduler.cpp:367] [mgpu-audit] pipeline_task dispatched to GPU 2 task_id=42
[2026-07-01 12:07:26.031] [info] [task_scheduler.cpp:369] [locality-audit] dispatch task_id=42 preferred_device=2 actual_gpu=2
[2026-07-01 12:07:26.031] [info] [gpu_pipeline_task.cpp:182] [locality-audit] prepare_before pipeline_id=17 task_id=42 preferred_device=2 actual_gpu=2 target_tier=GPU target_device=2 input_bytes=1354592 local_bytes=1354592 remote_gpu_bytes=0 host_bytes=0 disk_bytes=0 batch_count=4
[2026-07-01 12:07:26.031] [info] [gpu_pipeline_task.cpp:182] [locality-audit] prepare_after pipeline_id=17 task_id=42 preferred_device=2 actual_gpu=2 target_tier=GPU target_device=2 input_bytes=1354592 local_bytes=1354592 remote_gpu_bytes=0 host_bytes=0 disk_bytes=0 batch_count=4
[2026-07-01 12:07:26.034] [info] [gpu_pipeline_task.cpp:311] [stage-audit] pipeline_id=17 task_id=42 operator_id=40 operator_name=MERGE_SORT stage_kind=SORT operator_type=84 input_type=PIPELINEABLE output_type=PIPELINEABLE actual_gpu=2 pipeline_operator_count=1 input_batches=4 input_rows=27840 input_columns=16 input_bytes=1354592 output_batches=1 output_rows=27840 output_columns=4 output_bytes=1354568 byte_ratio=0.999982 row_ratio=1.000000 duration_us=3394
[2026-07-01 12:07:26.035] [info] [task_creator.cpp:352] [locality-audit] task_create operator_id=24 input_bytes=1354568 local_bytes=1354568 gpu_source_bytes=1354568 host_source_bytes=0 disk_source_bytes=0 gpu_sources=1 host_sources=0 preferred_device=2
[2026-07-01 12:07:26.035] [info] [task_scheduler.cpp:367] [mgpu-audit] pipeline_task dispatched to GPU 2 task_id=43
[2026-07-01 12:07:26.035] [info] [task_scheduler.cpp:369] [locality-audit] dispatch task_id=43 preferred_device=2 actual_gpu=2
[2026-07-01 12:07:26.035] [info] [gpu_pipeline_task.cpp:182] [locality-audit] prepare_before pipeline_id=18 task_id=43 preferred_device=2 actual_gpu=2 target_tier=GPU target_device=2 input_bytes=1354568 local_bytes=1354568 remote_gpu_bytes=0 host_bytes=0 disk_bytes=0 batch_count=1
[2026-07-01 12:07:26.035] [info] [gpu_pipeline_task.cpp:182] [locality-audit] prepare_after pipeline_id=18 task_id=43 preferred_device=2 actual_gpu=2 target_tier=GPU target_device=2 input_bytes=1354568 local_bytes=1354568 remote_gpu_bytes=0 host_bytes=0 disk_bytes=0 batch_count=1
[2026-07-01 12:07:26.035] [info] [gpu_pipeline_task.cpp:311] [stage-audit] pipeline_id=18 task_id=43 operator_id=24 operator_name=RESULT_COLLECTOR stage_kind=RESULT operator_type=76 input_type=PIPELINEABLE output_type=PIPELINEABLE actual_gpu=2 pipeline_operator_count=1 input_batches=1 input_rows=27840 input_columns=4 input_bytes=1354568 output_batches=1 output_rows=27840 output_columns=4 output_bytes=1354568 byte_ratio=1.000000 row_ratio=1.000000 duration_us=8
[2026-07-01 12:07:26.056] [info] [gpu_pipeline_executor.cpp:118] GPU Pipeline Executor: task queue interrupted, stopping manager loop
[2026-07-01 12:07:26.056] [info] [gpu_pipeline_executor.cpp:118] GPU Pipeline Executor: task queue interrupted, stopping manager loop
[2026-07-01 12:07:26.056] [info] [gpu_pipeline_executor.cpp:118] GPU Pipeline Executor: task queue interrupted, stopping manager loop
[2026-07-01 12:07:26.056] [info] [gpu_pipeline_executor.cpp:118] GPU Pipeline Executor: task queue interrupted, stopping manager loop
[2026-07-01 12:07:26.058] [info] [physical_sirius_execution.cpp:160] Transparent GPU execution: query completed
[2026-07-01 12:07:26.070] [info] [sirius_context.cpp:258] QueryEnd
[2026-07-01 12:07:26.083] [info] [:] [host_pool] HOST:0 QueryEnd allocated=5242880 bytes peak=9437184 bytes free_blocks=507
[2026-07-01 12:07:26.083] [info] [:] [gpu_pool] GPU:0 QueryEnd allocated=0 bytes peak=1691493568 bytes reserved=0 bytes
[2026-07-01 12:07:26.083] [info] [:] [gpu_pool] GPU:1 QueryEnd allocated=0 bytes peak=2276877824 bytes reserved=0 bytes
[2026-07-01 12:07:26.083] [info] [:] [gpu_pool] GPU:2 QueryEnd allocated=0 bytes peak=4330120320 bytes reserved=0 bytes
[2026-07-01 12:07:26.083] [info] [:] [gpu_pool] GPU:3 QueryEnd allocated=0 bytes peak=4327708928 bytes reserved=0 bytes
[2026-07-01 12:07:26.096] [info] [:] [host_pool] HOST:0 QueryBegin allocated=5242880 bytes peak=9437184 bytes free_blocks=507
[2026-07-01 12:07:26.096] [info] [:] [gpu_pool] GPU:0 QueryBegin allocated=0 bytes peak=1691493568 bytes reserved=0 bytes
[2026-07-01 12:07:26.096] [info] [:] [gpu_pool] GPU:1 QueryBegin allocated=0 bytes peak=2276877824 bytes reserved=0 bytes
[2026-07-01 12:07:26.096] [info] [:] [gpu_pool] GPU:2 QueryBegin allocated=0 bytes peak=4330120320 bytes reserved=0 bytes
[2026-07-01 12:07:26.096] [info] [:] [gpu_pool] GPU:3 QueryBegin allocated=0 bytes peak=4327708928 bytes reserved=0 bytes
[2026-07-01 12:07:26.096] [info] [sirius_context.cpp:242] QueryBegin: SQL: SET gpu_execution = true;
[2026-07-01 12:07:26.097] [info] [sirius_context.cpp:258] QueryEnd
[2026-07-01 12:07:26.113] [info] [:] [host_pool] HOST:0 QueryEnd allocated=5242880 bytes peak=9437184 bytes free_blocks=507
[2026-07-01 12:07:26.113] [info] [:] [gpu_pool] GPU:0 QueryEnd allocated=0 bytes peak=1691493568 bytes reserved=0 bytes
[2026-07-01 12:07:26.113] [info] [:] [gpu_pool] GPU:1 QueryEnd allocated=0 bytes peak=2276877824 bytes reserved=0 bytes
[2026-07-01 12:07:26.113] [info] [:] [gpu_pool] GPU:2 QueryEnd allocated=0 bytes peak=4330120320 bytes reserved=0 bytes
[2026-07-01 12:07:26.113] [info] [:] [gpu_pool] GPU:3 QueryEnd allocated=0 bytes peak=4327708928 bytes reserved=0 bytes
[2026-07-01 12:07:26.114] [info] [:] [host_pool] HOST:0 QueryBegin allocated=5242880 bytes peak=9437184 bytes free_blocks=507
[2026-07-01 12:07:26.114] [info] [:] [gpu_pool] GPU:0 QueryBegin allocated=0 bytes peak=1691493568 bytes reserved=0 bytes
[2026-07-01 12:07:26.114] [info] [:] [gpu_pool] GPU:1 QueryBegin allocated=0 bytes peak=2276877824 bytes reserved=0 bytes
[2026-07-01 12:07:26.114] [info] [:] [gpu_pool] GPU:2 QueryBegin allocated=0 bytes peak=4330120320 bytes reserved=0 bytes
[2026-07-01 12:07:26.114] [info] [:] [gpu_pool] GPU:3 QueryBegin allocated=0 bytes peak=4327708928 bytes reserved=0 bytes
[2026-07-01 12:07:26.114] [info] [sirius_context.cpp:242] QueryBegin: SQL: select o_year, sum(case when nation = 'EGYPT' then volume else 0 end) / sum(volume) as mkt_share from ( select extract(year from o.o_orderdate) as o_year, l.l_extendedprice * (1 - l.l_discount) as volume, n2.n_name as nation from lineitem l, part p, supplier s, orders o, customer c, nation n1, nation n2, region r where p.p_partkey = l.l_partkey and s.s_suppkey = l.l_suppkey and l.l_orderkey = o.o_orderkey and o.o_custkey = c.c_custkey and c.c_nationkey = n1.n_nationkey and n1.n_regionkey = r.r_regionkey and r.r_name = 'MIDDLE EAST' and s.s_nationkey = n2.n_nationkey and o.o_orderdate between date '1995-01-01' and date '1996-12-31' and p.p_type = 'PROMO BRUSHED COPPER' ) as all_nations group by o_year order by o_year
[2026-07-01 12:07:26.401] [info] [sirius_context.cpp:954] Transparent execution: Sirius physical plan generated successfully
[2026-07-01 12:07:26.411] [info] [sirius_context.cpp:966] Transparent execution: physical plan replaced with GPU operator
[2026-07-01 12:07:26.411] [info] [physical_sirius_execution.cpp:96] Transparent GPU execution: executing query
[2026-07-01 12:07:26.496] [info] [sirius_engine.cpp:400] Query Plan:
=== Pipeline Overview ===
Pipeline #0: GPU_SCAN (id=41)
  Output: -> PARTITION [port: default, barrier: FULL]
Pipeline #1: PARTITION (id=43)
  Input: <- Pipeline #0 [on: PARTITION (id=43), port: default, barrier: FULL]
  Dependencies: Pipeline #0
  Output: -> CONCAT [port: default, barrier: PARTIAL]
Pipeline #2: CONCAT (id=42)
  Input: <- Pipeline #1 [on: CONCAT (id=42), port: default, barrier: PARTIAL]
  Dependencies: Pipeline #1
  Output: -> HASH_JOIN [port: build, barrier: FULL]
Pipeline #3: GPU_SCAN (id=44)
  Output: -> PARTITION [port: default, barrier: PARTIAL]
Pipeline #4: PARTITION (id=46)
  Input: <- Pipeline #3 [on: PARTITION (id=46), port: default, barrier: PARTIAL]
  Dependencies: Pipeline #3
  Output: -> CONCAT [port: default, barrier: PARTIAL]
Pipeline #5: CONCAT (id=45)
  Input: <- Pipeline #4 [on: CONCAT (id=45), port: default, barrier: PARTIAL]
  Dependencies: Pipeline #4
  Output: -> HASH_JOIN [port: default, barrier: FULL]
Pipeline #6: HASH_JOIN (id=25)
  Input: <- Pipeline #5 [on: HASH_JOIN (id=25), port: default, barrier: FULL]
  Input: <- Pipeline #2 [on: HASH_JOIN (id=25), port: build, barrier: FULL]
  Dependencies: Pipeline #2, Pipeline #5
  Output: -> PARTITION [port: default, barrier: FULL]
Pipeline #7: PARTITION (id=48)
  Input: <- Pipeline #6 [on: PARTITION (id=48), port: default, barrier: FULL]
  Dependencies: Pipeline #6
  Output: -> CONCAT [port: default, barrier: PARTIAL]
Pipeline #8: CONCAT (id=47)
  Input: <- Pipeline #7 [on: CONCAT (id=47), port: default, barrier: PARTIAL]
  Dependencies: Pipeline #7
  Output: -> HASH_JOIN [port: build, barrier: FULL]
Pipeline #9: GPU_SCAN (id=49)
  Output: -> PARTITION [port: default, barrier: PARTIAL]
Pipeline #10: PARTITION (id=51)
  Input: <- Pipeline #9 [on: PARTITION (id=51), port: default, barrier: PARTIAL]
  Dependencies: Pipeline #9
  Output: -> CONCAT [port: default, barrier: PARTIAL]
Pipeline #11: CONCAT (id=50)
  Input: <- Pipeline #10 [on: CONCAT (id=50), port: default, barrier: PARTIAL]
  Dependencies: Pipeline #10
  Output: -> HASH_JOIN [port: default, barrier: FULL]
Pipeline #12: HASH_JOIN (id=26)
  Input: <- Pipeline #11 [on: HASH_JOIN (id=26), port: default, barrier: FULL]
  Input: <- Pipeline #8 [on: HASH_JOIN (id=26), port: build, barrier: FULL]
  Dependencies: Pipeline #8, Pipeline #11
  Output: -> PARTITION [port: default, barrier: FULL]
Pipeline #13: PARTITION (id=53)
  Input: <- Pipeline #12 [on: PARTITION (id=53), port: default, barrier: FULL]
  Dependencies: Pipeline #12
  Output: -> CONCAT [port: default, barrier: PARTIAL]
Pipeline #14: CONCAT (id=52)
  Input: <- Pipeline #13 [on: CONCAT (id=52), port: default, barrier: PARTIAL]
  Dependencies: Pipeline #13
  Output: -> HASH_JOIN [port: build, barrier: FULL]
Pipeline #15: GPU_SCAN (id=54)
  Output: -> PARTITION [port: default, barrier: PARTIAL]
Pipeline #16: PARTITION (id=56)
  Input: <- Pipeline #15 [on: PARTITION (id=56), port: default, barrier: PARTIAL]
  Dependencies: Pipeline #15
  Output: -> CONCAT [port: default, barrier: PARTIAL]
Pipeline #17: CONCAT (id=55)
  Input: <- Pipeline #16 [on: CONCAT (id=55), port: default, barrier: PARTIAL]
  Dependencies: Pipeline #16
  Output: -> HASH_JOIN [port: default, barrier: FULL]
Pipeline #18: HASH_JOIN (id=27)
  Input: <- Pipeline #17 [on: HASH_JOIN (id=27), port: default, barrier: FULL]
  Input: <- Pipeline #14 [on: HASH_JOIN (id=27), port: build, barrier: FULL]
  Dependencies: Pipeline #14, Pipeline #17
  Output: -> PARTITION [port: default, barrier: FULL]
Pipeline #19: PARTITION (id=58)
  Input: <- Pipeline #18 [on: PARTITION (id=58), port: default, barrier: FULL]
  Dependencies: Pipeline #18
  Output: -> CONCAT [port: default, barrier: PARTIAL]
Pipeline #20: CONCAT (id=57)
  Input: <- Pipeline #19 [on: CONCAT (id=57), port: default, barrier: PARTIAL]
  Dependencies: Pipeline #19
  Output: -> HASH_JOIN [port: build, barrier: FULL]
Pipeline #21: GPU_SCAN (id=59)
  Output: -> PARTITION [port: default, barrier: FULL]
Pipeline #22: PARTITION (id=61)
  Input: <- Pipeline #21 [on: PARTITION (id=61), port: default, barrier: FULL]
  Dependencies: Pipeline #21
  Output: -> CONCAT [port: default, barrier: PARTIAL]
Pipeline #23: CONCAT (id=60)
  Input: <- Pipeline #22 [on: CONCAT (id=60), port: default, barrier: PARTIAL]
  Dependencies: Pipeline #22
  Output: -> HASH_JOIN [port: build, barrier: FULL]
Pipeline #24: GPU_SCAN (id=62)
  Output: -> PARTITION [port: default, barrier: FULL]
Pipeline #25: PARTITION (id=64)
  Input: <- Pipeline #24 [on: PARTITION (id=64), port: default, barrier: FULL]
  Dependencies: Pipeline #24
  Output: -> CONCAT [port: default, barrier: PARTIAL]
Pipeline #26: CONCAT (id=63)
  Input: <- Pipeline #25 [on: CONCAT (id=63), port: default, barrier: PARTIAL]
  Dependencies: Pipeline #25
  Output: -> HASH_JOIN [port: build, barrier: FULL]
Pipeline #27: GPU_SCAN (id=65)
  Output: -> PARTITION [port: default, barrier: PARTIAL]
Pipeline #28: PARTITION (id=67)
  Input: <- Pipeline #27 [on: PARTITION (id=67), port: default, barrier: PARTIAL]
  Dependencies: Pipeline #27
  Output: -> CONCAT [port: default, barrier: PARTIAL]
Pipeline #29: CONCAT (id=66)
  Input: <- Pipeline #28 [on: CONCAT (id=66), port: default, barrier: PARTIAL]
  Dependencies: Pipeline #28
  Output: -> HASH_JOIN [port: default, barrier: FULL]
Pipeline #30: HASH_JOIN (id=33)
  Input: <- Pipeline #29 [on: HASH_JOIN (id=33), port: default, barrier: FULL]
  Input: <- Pipeline #26 [on: HASH_JOIN (id=33), port: build, barrier: FULL]
  Dependencies: Pipeline #26, Pipeline #29
  Output: -> PARTITION [port: default, barrier: FULL]
Pipeline #31: PARTITION (id=69)
  Input: <- Pipeline #30 [on: PARTITION (id=69), port: default, barrier: FULL]
  Dependencies: Pipeline #30
  Output: -> CONCAT [port: default, barrier: PARTIAL]
Pipeline #32: CONCAT (id=68)
  Input: <- Pipeline #31 [on: CONCAT (id=68), port: default, barrier: PARTIAL]
  Dependencies: Pipeline #31
  Output: -> HASH_JOIN [port: build, barrier: FULL]
Pipeline #33: GPU_SCAN (id=70)
  Output: -> PARTITION [port: default, barrier: PARTIAL]
Pipeline #34: PARTITION (id=72)
  Input: <- Pipeline #33 [on: PARTITION (id=72), port: default, barrier: PARTIAL]
  Dependencies: Pipeline #33
  Output: -> CONCAT [port: default, barrier: PARTIAL]
Pipeline #35: CONCAT (id=71)
  Input: <- Pipeline #34 [on: CONCAT (id=71), port: default, barrier: PARTIAL]
  Dependencies: Pipeline #34
  Output: -> HASH_JOIN [port: default, barrier: FULL]
Pipeline #36: HASH_JOIN (id=28)
  Input: <- Pipeline #35 [on: HASH_JOIN (id=28), port: default, barrier: FULL]
  Input: <- Pipeline #20 [on: HASH_JOIN (id=28), port: build, barrier: FULL]
  Dependencies: Pipeline #20, Pipeline #35
  Output: -> PARTITION [port: default, barrier: PARTIAL]
Pipeline #37: PARTITION (id=74)
  Input: <- Pipeline #36 [on: PARTITION (id=74), port: default, barrier: PARTIAL]
  Dependencies: Pipeline #36
  Output: -> CONCAT [port: default, barrier: PARTIAL]
Pipeline #38: CONCAT (id=73)
  Input: <- Pipeline #37 [on: CONCAT (id=73), port: default, barrier: PARTIAL]
  Dependencies: Pipeline #37
  Output: -> HASH_JOIN [port: default, barrier: FULL]
Pipeline #39: HASH_JOIN (id=30)
  Input: <- Pipeline #38 [on: HASH_JOIN (id=30), port: default, barrier: FULL]
  Input: <- Pipeline #23 [on: HASH_JOIN (id=30), port: build, barrier: FULL]
  Dependencies: Pipeline #23, Pipeline #38
  Output: -> PARTITION [port: default, barrier: PARTIAL]
Pipeline #40: PARTITION (id=76)
  Input: <- Pipeline #39 [on: PARTITION (id=76), port: default, barrier: PARTIAL]
  Dependencies: Pipeline #39
  Output: -> CONCAT [port: default, barrier: PARTIAL]
Pipeline #41: CONCAT (id=75)
  Input: <- Pipeline #40 [on: CONCAT (id=75), port: default, barrier: PARTIAL]
  Dependencies: Pipeline #40
  Output: -> HASH_JOIN [port: default, barrier: FULL]
Pipeline #42: HASH_JOIN (id=34) -> PROJECTION (id=35) -> PROJECTION (id=36) -> HASH_GROUP_BY (id=37)
  Input: <- Pipeline #41 [on: HASH_JOIN (id=34), port: default, barrier: FULL]
  Input: <- Pipeline #32 [on: HASH_JOIN (id=34), port: build, barrier: FULL]
  Dependencies: Pipeline #32, Pipeline #41
  Output: -> PARTITION [port: default, barrier: FULL]
Pipeline #43: PARTITION (id=77)
  Input: <- Pipeline #42 [on: PARTITION (id=77), port: default, barrier: FULL]
  Dependencies: Pipeline #42
  Output: -> MERGE_GROUP_BY [port: default, barrier: FULL]
Pipeline #44: MERGE_GROUP_BY (id=78)
  Input: <- Pipeline #43 [on: MERGE_GROUP_BY (id=78), port: default, barrier: FULL]
  Dependencies: Pipeline #43
  Output: -> PROJECTION [port: default, barrier: FULL]
Pipeline #45: PROJECTION (id=38) -> ORDER_BY (id=39)
  Input: <- Pipeline #44 [on: PROJECTION (id=38), port: default, barrier: FULL]
  Dependencies: Pipeline #44
  Output: -> SORT_SAMPLE [port: default, barrier: PIPELINE]
Pipeline #46: SORT_SAMPLE (id=79) -> SORT_PARTITION (id=80)
  Input: <- Pipeline #45 [on: SORT_SAMPLE (id=79), port: default, barrier: PIPELINE]
  Dependencies: Pipeline #45
  Output: -> MERGE_SORT [port: default, barrier: FULL]
Pipeline #47: MERGE_SORT (id=81)
  Input: <- Pipeline #46 [on: MERGE_SORT (id=81), port: default, barrier: FULL]
  Dependencies: Pipeline #46
  Output: -> RESULT_COLLECTOR [port: default, barrier: FULL]
Pipeline #48: RESULT_COLLECTOR (id=40)
  Input: <- Pipeline #47 [on: RESULT_COLLECTOR (id=40), port: default, barrier: FULL]
  Dependencies: Pipeline #47

=== Query Plan DAG ===
┌──────────────────────────┐                                                                                                                                                                                                    
│ Pipeline #48             │                                                                                                                                                                                                    
│ RESULT_COLLECTOR (id=40) │                                                                                                                                                                                                    
│ Input(#47): FULL         │                                                                                                                                                                                                    
└────────────┬─────────────┘                                                                                                                                                                                                    
             │                                                                                                                                                                                                                  
┌──────────────────────────┐                                                                                                                                                                                                    
│ Pipeline #47             │                                                                                                                                                                                                    
│ MERGE_SORT (id=81)       │                                                                                                                                                                                                    
│ Input(#46): FULL         │                                                                                                                                                                                                    
└────────────┬─────────────┘                                                                                                                                                                                                    
             │                                                                                                                                                                                                                  
┌──────────────────────────┐                                                                                                                                                                                                    
│ Pipeline #46             │                                                                                                                                                                                                    
│ SORT_PARTITION (id=80)   │                                                                                                                                                                                                    
│ SORT_SAMPLE (id=79)      │                                                                                                                                                                                                    
│ Input(#45): PIPELINE     │                                                                                                                                                                                                    
└────────────┬─────────────┘                                                                                                                                                                                                    
             │                                                                                                                                                                                                                  
┌──────────────────────────┐                                                                                                                                                                                                    
│ Pipeline #45             │                                                                                                                                                                                                    
│ ORDER_BY (id=39)         │                                                                                                                                                                                                    
│ PROJECTION (id=38)       │                                                                                                                                                                                                    
│ Input(#44): FULL         │                                                                                                                                                                                                    
└────────────┬─────────────┘                                                                                                                                                                                                    
             │                                                                                                                                                                                                                  
┌──────────────────────────┐                                                                                                                                                                                                    
│ Pipeline #44             │                                                                                                                                                                                                    
│ MERGE_GROUP_BY (id=78)   │                                                                                                                                                                                                    
│ Input(#43): FULL         │                                                                                                                                                                                                    
└────────────┬─────────────┘                                                                                                                                                                                                    
             │                                                                                                                                                                                                                  
┌──────────────────────────┐                                                                                                                                                                                                    
│ Pipeline #43             │                                                                                                                                                                                                    
│ PARTITION (id=77)        │                                                                                                                                                                                                    
│ Input(#42): FULL         │                                                                                                                                                                                                    
└────────────┬─────────────┘                                                                                                                                                                                                    
             │                                                                                                                                                                                                                  
┌──────────────────────────┐                                                                                                                                                                                                    
│ Pipeline #42             │                                                                                                                                                                                                    
│ HASH_GROUP_BY (id=37)    │                                                                                                                                                                                                    
│ PROJECTION (id=36)       │                                                                                                                                                                                                    
│ PROJECTION (id=35)       │                                                                                                                                                                                                    
│ HASH_JOIN (id=34)        │                                                                                                                                                                                                    
│   type: INNER            │                                                                                                                                                                                                    
│ Input(#41): FULL         │                                                                                                                                                                                                    
│ Input(#32): FULL         │                                                                                                                                                                                                    
└────────────┬─────────────┘                                                                                                                                                                                                    
             ┌───────────────────────────────────────────────────────┐                                                                                                                                                          
             │                                                       │                                                                                                                                                          
┌──────────────────────────┐                            ┌──────────────────────────┐                                                                                                                                            
│ Pipeline #32             │                            │ Pipeline #41             │                                                                                                                                            
│ CONCAT (id=68)           │                            │ CONCAT (id=75)           │                                                                                                                                            
│ Input(#31): PARTIAL      │                            │ Input(#40): PARTIAL      │                                                                                                                                            
└────────────┬─────────────┘                            └────────────┬─────────────┘                                                                                                                                            
             │                                                       │                                                                                                                                                          
┌──────────────────────────┐                            ┌──────────────────────────┐                                                                                                                                            
│ Pipeline #31             │                            │ Pipeline #40             │                                                                                                                                            
│ PARTITION (id=69)        │                            │ PARTITION (id=76)        │                                                                                                                                            
│ Input(#30): FULL         │                            │ Input(#39): PARTIAL      │                                                                                                                                            
└────────────┬─────────────┘                            └────────────┬─────────────┘                                                                                                                                            
             │                                                       │                                                                                                                                                          
┌──────────────────────────┐                            ┌──────────────────────────┐                                                                                                                                            
│ Pipeline #30             │                            │ Pipeline #39             │                                                                                                                                            
│ HASH_JOIN (id=33)        │                            │ HASH_JOIN (id=30)        │                                                                                                                                            
│   type: INNER            │                            │   type: INNER            │                                                                                                                                            
│ Input(#29): FULL         │                            │ Input(#38): FULL         │                                                                                                                                            
│ Input(#26): FULL         │                            │ Input(#23): FULL         │                                                                                                                                            
└────────────┬─────────────┘                            └────────────┬─────────────┘                                                                                                                                            
             ┌───────────────────────────┐                           ┌───────────────────────────┐                                                                                                                              
             │                           │                           │                           │                                                                                                                              
┌──────────────────────────┐┌──────────────────────────┐┌──────────────────────────┐┌──────────────────────────┐                                                                                                                
│ Pipeline #26             ││ Pipeline #29             ││ Pipeline #23             ││ Pipeline #38             │                                                                                                                
│ CONCAT (id=63)           ││ CONCAT (id=66)           ││ CONCAT (id=60)           ││ CONCAT (id=73)           │                                                                                                                
│ Input(#25): PARTIAL      ││ Input(#28): PARTIAL      ││ Input(#22): PARTIAL      ││ Input(#37): PARTIAL      │                                                                                                                
└────────────┬─────────────┘└────────────┬─────────────┘└────────────┬─────────────┘└────────────┬─────────────┘                                                                                                                
             │                           │                           │                           │                                                                                                                              
┌──────────────────────────┐┌──────────────────────────┐┌──────────────────────────┐┌──────────────────────────┐                                                                                                                
│ Pipeline #25             ││ Pipeline #28             ││ Pipeline #22             ││ Pipeline #37             │                                                                                                                
│ PARTITION (id=64)        ││ PARTITION (id=67)        ││ PARTITION (id=61)        ││ PARTITION (id=74)        │                                                                                                                
│ Input(#24): FULL         ││ Input(#27): PARTIAL      ││ Input(#21): FULL         ││ Input(#36): PARTIAL      │                                                                                                                
└────────────┬─────────────┘└────────────┬─────────────┘└────────────┬─────────────┘└────────────┬─────────────┘                                                                                                                
             │                           │                           │                           │                                                                                                                              
┌──────────────────────────┐┌──────────────────────────┐┌──────────────────────────┐┌──────────────────────────┐                                                                                                                
│ Pipeline #24             ││ Pipeline #27             ││ Pipeline #21             ││ Pipeline #36             │                                                                                                                
│ GPU_SCAN (id=62)         ││ GPU_SCAN (id=65)         ││ GPU_SCAN (id=59)         ││ HASH_JOIN (id=28)        │                                                                                                                
│                          ││                          ││                          ││   type: INNER            │                                                                                                                
│                          ││                          ││                          ││ Input(#35): FULL         │                                                                                                                
│                          ││                          ││                          ││ Input(#20): FULL         │                                                                                                                
└──────────────────────────┘└──────────────────────────┘└──────────────────────────┘└────────────┬─────────────┘                                                                                                                
                                                                                                 ┌───────────────────────────────────────────────────────────────────────────────────────────────────────────────┐              
                                                                                                 │                                                                                                               │              
                                                                                    ┌──────────────────────────┐                                                                                    ┌──────────────────────────┐
                                                                                    │ Pipeline #20             │                                                                                    │ Pipeline #35             │
                                                                                    │ CONCAT (id=57)           │                                                                                    │ CONCAT (id=71)           │
                                                                                    │ Input(#19): PARTIAL      │                                                                                    │ Input(#34): PARTIAL      │
                                                                                    └────────────┬─────────────┘                                                                                    └────────────┬─────────────┘
                                                                                                 │                                                                                                               │              
                                                                                    ┌──────────────────────────┐                                                                                    ┌──────────────────────────┐
                                                                                    │ Pipeline #19             │                                                                                    │ Pipeline #34             │
                                                                                    │ PARTITION (id=58)        │                                                                                    │ PARTITION (id=72)        │
                                                                                    │ Input(#18): FULL         │                                                                                    │ Input(#33): PARTIAL      │
                                                                                    └────────────┬─────────────┘                                                                                    └────────────┬─────────────┘
                                                                                                 │                                                                                                               │              
                                                                                    ┌──────────────────────────┐                                                                                    ┌──────────────────────────┐
                                                                                    │ Pipeline #18             │                                                                                    │ Pipeline #33             │
                                                                                    │ HASH_JOIN (id=27)        │                                                                                    │ GPU_SCAN (id=70)         │
                                                                                    │   type: INNER            │                                                                                    │                          │
                                                                                    │ Input(#17): FULL         │                                                                                    │                          │
                                                                                    │ Input(#14): FULL         │                                                                                    │                          │
                                                                                    └────────────┬─────────────┘                                                                                    └──────────────────────────┘
                                                                                                 ┌───────────────────────────────────────────────────────────────────────────────────┐                                          
                                                                                                 │                                                                                   │                                          
                                                                                    ┌──────────────────────────┐                                                        ┌──────────────────────────┐                            
                                                                                    │ Pipeline #14             │                                                        │ Pipeline #17             │                            
                                                                                    │ CONCAT (id=52)           │                                                        │ CONCAT (id=55)           │                            
                                                                                    │ Input(#13): PARTIAL      │                                                        │ Input(#16): PARTIAL      │                            
                                                                                    └────────────┬─────────────┘                                                        └────────────┬─────────────┘                            
                                                                                                 │                                                                                   │                                          
                                                                                    ┌──────────────────────────┐                                                        ┌──────────────────────────┐                            
                                                                                    │ Pipeline #13             │                                                        │ Pipeline #16             │                            
                                                                                    │ PARTITION (id=53)        │                                                        │ PARTITION (id=56)        │                            
                                                                                    │ Input(#12): FULL         │                                                        │ Input(#15): PARTIAL      │                            
                                                                                    └────────────┬─────────────┘                                                        └────────────┬─────────────┘                            
                                                                                                 │                                                                                   │                                          
                                                                                    ┌──────────────────────────┐                                                        ┌──────────────────────────┐                            
                                                                                    │ Pipeline #12             │                                                        │ Pipeline #15             │                            
                                                                                    │ HASH_JOIN (id=26)        │                                                        │ GPU_SCAN (id=54)         │                            
                                                                                    │   type: INNER            │                                                        │                          │                            
                                                                                    │ Input(#11): FULL         │                                                        │                          │                            
                                                                                    │ Input(#8): FULL          │                                                        │                          │                            
                                                                                    └────────────┬─────────────┘                                                        └──────────────────────────┘                            
                                                                                                 ┌───────────────────────────────────────────────────────┐                                                                      
                                                                                                 │                                                       │                                                                      
                                                                                    ┌──────────────────────────┐                            ┌──────────────────────────┐                                                        
                                                                                    │ Pipeline #8              │                            │ Pipeline #11             │                                                        
                                                                                    │ CONCAT (id=47)           │                            │ CONCAT (id=50)           │                                                        
                                                                                    │ Input(#7): PARTIAL       │                            │ Input(#10): PARTIAL      │                                                        
                                                                                    └────────────┬─────────────┘                            └────────────┬─────────────┘                                                        
                                                                                                 │                                                       │                                                                      
                                                                                    ┌──────────────────────────┐                            ┌──────────────────────────┐                                                        
                                                                                    │ Pipeline #7              │                            │ Pipeline #10             │                                                        
                                                                                    │ PARTITION (id=48)        │                            │ PARTITION (id=51)        │                                                        
                                                                                    │ Input(#6): FULL          │                            │ Input(#9): PARTIAL       │                                                        
                                                                                    └────────────┬─────────────┘                            └────────────┬─────────────┘                                                        
                                                                                                 │                                                       │                                                                      
                                                                                    ┌──────────────────────────┐                            ┌──────────────────────────┐                                                        
                                                                                    │ Pipeline #6              │                            │ Pipeline #9              │                                                        
                                                                                    │ HASH_JOIN (id=25)        │                            │ GPU_SCAN (id=49)         │                                                        
                                                                                    │   type: INNER            │                            │                          │                                                        
                                                                                    │ Input(#5): FULL          │                            │                          │                                                        
                                                                                    │ Input(#2): FULL          │                            │                          │                                                        
                                                                                    └────────────┬─────────────┘                            └──────────────────────────┘                                                        
                                                                                                 ┌───────────────────────────┐                                                                                                  
                                                                                                 │                           │                                                                                                  
                                                                                    ┌──────────────────────────┐┌──────────────────────────┐                                                                                    
                                                                                    │ Pipeline #2              ││ Pipeline #5              │                                                                                    
                                                                                    │ CONCAT (id=42)           ││ CONCAT (id=45)           │                                                                                    
                                                                                    │ Input(#1): PARTIAL       ││ Input(#4): PARTIAL       │                                                                                    
                                                                                    └────────────┬─────────────┘└────────────┬─────────────┘                                                                                    
                                                                                                 │                           │                                                                                                  
                                                                                    ┌──────────────────────────┐┌──────────────────────────┐                                                                                    
                                                                                    │ Pipeline #1              ││ Pipeline #4              │                                                                                    
                                                                                    │ PARTITION (id=43)        ││ PARTITION (id=46)        │                                                                                    
                                                                                    │ Input(#0): FULL          ││ Input(#3): PARTIAL       │                                                                                    
                                                                                    └────────────┬─────────────┘└────────────┬─────────────┘                                                                                    
                                                                                                 │                           │                                                                                                  
                                                                                    ┌──────────────────────────┐┌──────────────────────────┐                                                                                    
                                                                                    │ Pipeline #0              ││ Pipeline #3              │                                                                                    
                                                                                    │ GPU_SCAN (id=41)         ││ GPU_SCAN (id=44)         │                                                                                    
                                                                                    └──────────────────────────┘└──────────────────────────┘                                                                                    

[2026-07-01 12:07:26.500] [info] [task_scheduler.cpp:367] [mgpu-audit] pipeline_task dispatched to GPU 0 task_id=44
[2026-07-01 12:07:26.500] [info] [task_scheduler.cpp:369] [locality-audit] dispatch task_id=44 preferred_device=0 actual_gpu=0
[2026-07-01 12:07:26.503] [warning] [:] uring_reactor: device short read, retrying tail. slot=0 file_off=0 io_size=4096 bytes_read=1060 this_rd=1060
[2026-07-01 12:07:26.507] [info] [parquet_gpu_ingestible.cpp:696] [scan-audit] parquet_materialize target_gpu=0 files=/mnt/nvme/dataset/region.parquet columns=r_regionkey,r_name row_groups=0 compressed_bytes=119 uncompressed_bytes=43 column_bytes=r_regionkey:44:43,r_name:75:77 output_rows=1 output_columns=2 split_count=1 duration_us=6690
[2026-07-01 12:07:26.507] [info] [gpu_pipeline_task.cpp:311] [stage-audit] pipeline_id=0 task_id=44 operator_id=41 operator_name=GPU_SCAN stage_kind=SCAN operator_type=94 input_type=GPU_SCAN output_type=PIPELINEABLE actual_gpu=0 pipeline_operator_count=1 input_batches=0 input_rows=0 input_columns=0 input_bytes=0 output_batches=1 output_rows=1 output_columns=1 output_bytes=68 byte_ratio=0.000000 row_ratio=0.000000 duration_us=6852
[2026-07-01 12:07:26.507] [info] [task_creator.cpp:352] [locality-audit] task_create operator_id=43 input_bytes=68 local_bytes=68 gpu_source_bytes=68 host_source_bytes=0 disk_source_bytes=0 gpu_sources=1 host_sources=0 preferred_device=0
[2026-07-01 12:07:26.507] [info] [task_scheduler.cpp:367] [mgpu-audit] pipeline_task dispatched to GPU 0 task_id=45
[2026-07-01 12:07:26.507] [info] [task_scheduler.cpp:369] [locality-audit] dispatch task_id=45 preferred_device=0 actual_gpu=0
[2026-07-01 12:07:26.507] [info] [gpu_pipeline_task.cpp:182] [locality-audit] prepare_before pipeline_id=1 task_id=45 preferred_device=0 actual_gpu=0 target_tier=GPU target_device=0 input_bytes=68 local_bytes=68 remote_gpu_bytes=0 host_bytes=0 disk_bytes=0 batch_count=1
[2026-07-01 12:07:26.507] [info] [gpu_pipeline_task.cpp:182] [locality-audit] prepare_after pipeline_id=1 task_id=45 preferred_device=0 actual_gpu=0 target_tier=GPU target_device=0 input_bytes=68 local_bytes=68 remote_gpu_bytes=0 host_bytes=0 disk_bytes=0 batch_count=1
[2026-07-01 12:07:26.507] [info] [gpu_pipeline_task.cpp:311] [stage-audit] pipeline_id=1 task_id=45 operator_id=43 operator_name=PARTITION stage_kind=PARTITION operator_type=82 input_type=PIPELINEABLE output_type=PIPELINEABLE actual_gpu=0 pipeline_operator_count=1 input_batches=1 input_rows=1 input_columns=1 input_bytes=68 output_batches=1 output_rows=1 output_columns=1 output_bytes=68 byte_ratio=1.000000 row_ratio=1.000000 duration_us=2
[2026-07-01 12:07:26.507] [info] [task_scheduler.cpp:367] [mgpu-audit] pipeline_task dispatched to GPU 0 task_id=46
[2026-07-01 12:07:26.507] [info] [task_scheduler.cpp:369] [locality-audit] dispatch task_id=46 preferred_device=0 actual_gpu=0
[2026-07-01 12:07:26.508] [info] [gpu_pipeline_task.cpp:182] [locality-audit] prepare_before pipeline_id=2 task_id=46 preferred_device=0 actual_gpu=0 target_tier=GPU target_device=0 input_bytes=68 local_bytes=68 remote_gpu_bytes=0 host_bytes=0 disk_bytes=0 batch_count=1
[2026-07-01 12:07:26.508] [info] [gpu_pipeline_task.cpp:182] [locality-audit] prepare_after pipeline_id=2 task_id=46 preferred_device=0 actual_gpu=0 target_tier=GPU target_device=0 input_bytes=68 local_bytes=68 remote_gpu_bytes=0 host_bytes=0 disk_bytes=0 batch_count=1
[2026-07-01 12:07:26.508] [info] [gpu_pipeline_task.cpp:311] [stage-audit] pipeline_id=2 task_id=46 operator_id=42 operator_name=CONCAT stage_kind=CONCAT operator_type=83 input_type=PARTITIONED output_type=PARTITIONED actual_gpu=0 pipeline_operator_count=1 input_batches=1 input_rows=1 input_columns=1 input_bytes=68 output_batches=1 output_rows=1 output_columns=1 output_bytes=68 byte_ratio=1.000000 row_ratio=1.000000 duration_us=1
[2026-07-01 12:07:26.508] [info] [task_scheduler.cpp:367] [mgpu-audit] pipeline_task dispatched to GPU 1 task_id=47
[2026-07-01 12:07:26.508] [info] [task_scheduler.cpp:369] [locality-audit] dispatch task_id=47 preferred_device=1 actual_gpu=1
[2026-07-01 12:07:26.508] [warning] [:] uring_reactor: device short read, retrying tail. slot=0 file_off=0 io_size=4096 bytes_read=2437 this_rd=2437
[2026-07-01 12:07:26.508] [warning] [:] uring_reactor: device short read, retrying tail. slot=0 file_off=0 io_size=4096 bytes_read=2437 this_rd=2437
[2026-07-01 12:07:26.511] [info] [parquet_gpu_ingestible.cpp:696] [scan-audit] parquet_materialize target_gpu=1 files=/mnt/nvme/dataset/nation.parquet columns=n_nationkey,n_regionkey row_groups=0 compressed_bytes=205 uncompressed_bytes=280 column_bytes=n_nationkey:125:125,n_regionkey:80:155 output_rows=25 output_columns=2 split_count=1 duration_us=2974
[2026-07-01 12:07:26.511] [info] [gpu_pipeline_task.cpp:311] [stage-audit] pipeline_id=3 task_id=47 operator_id=44 operator_name=GPU_SCAN stage_kind=SCAN operator_type=94 input_type=GPU_SCAN output_type=PIPELINEABLE actual_gpu=1 pipeline_operator_count=1 input_batches=0 input_rows=0 input_columns=0 input_bytes=0 output_batches=1 output_rows=25 output_columns=2 output_bytes=328 byte_ratio=0.000000 row_ratio=0.000000 duration_us=3004
[2026-07-01 12:07:26.511] [info] [task_creator.cpp:352] [locality-audit] task_create operator_id=46 input_bytes=328 local_bytes=328 gpu_source_bytes=328 host_source_bytes=0 disk_source_bytes=0 gpu_sources=1 host_sources=0 preferred_device=1
[2026-07-01 12:07:26.511] [info] [task_scheduler.cpp:367] [mgpu-audit] pipeline_task dispatched to GPU 1 task_id=48
[2026-07-01 12:07:26.511] [info] [task_scheduler.cpp:369] [locality-audit] dispatch task_id=48 preferred_device=1 actual_gpu=1
[2026-07-01 12:07:26.511] [info] [gpu_pipeline_task.cpp:182] [locality-audit] prepare_before pipeline_id=4 task_id=48 preferred_device=1 actual_gpu=1 target_tier=GPU target_device=1 input_bytes=328 local_bytes=328 remote_gpu_bytes=0 host_bytes=0 disk_bytes=0 batch_count=1
[2026-07-01 12:07:26.511] [info] [gpu_pipeline_task.cpp:182] [locality-audit] prepare_after pipeline_id=4 task_id=48 preferred_device=1 actual_gpu=1 target_tier=GPU target_device=1 input_bytes=328 local_bytes=328 remote_gpu_bytes=0 host_bytes=0 disk_bytes=0 batch_count=1
[2026-07-01 12:07:26.511] [info] [gpu_pipeline_task.cpp:311] [stage-audit] pipeline_id=4 task_id=48 operator_id=46 operator_name=PARTITION stage_kind=PARTITION operator_type=82 input_type=PIPELINEABLE output_type=PIPELINEABLE actual_gpu=1 pipeline_operator_count=1 input_batches=1 input_rows=25 input_columns=2 input_bytes=328 output_batches=1 output_rows=25 output_columns=2 output_bytes=328 byte_ratio=1.000000 row_ratio=1.000000 duration_us=2
[2026-07-01 12:07:26.511] [info] [task_scheduler.cpp:367] [mgpu-audit] pipeline_task dispatched to GPU 0 task_id=49
[2026-07-01 12:07:26.511] [info] [task_scheduler.cpp:369] [locality-audit] dispatch task_id=49 preferred_device=0 actual_gpu=0
[2026-07-01 12:07:26.511] [info] [gpu_pipeline_task.cpp:182] [locality-audit] prepare_before pipeline_id=5 task_id=49 preferred_device=0 actual_gpu=0 target_tier=GPU target_device=0 input_bytes=328 local_bytes=0 remote_gpu_bytes=328 host_bytes=0 disk_bytes=0 batch_count=1
[2026-07-01 12:07:26.511] [info] [gpu_pipeline_task.cpp:182] [locality-audit] prepare_after pipeline_id=5 task_id=49 preferred_device=0 actual_gpu=0 target_tier=GPU target_device=0 input_bytes=328 local_bytes=328 remote_gpu_bytes=0 host_bytes=0 disk_bytes=0 batch_count=1
[2026-07-01 12:07:26.511] [info] [gpu_pipeline_task.cpp:311] [stage-audit] pipeline_id=5 task_id=49 operator_id=45 operator_name=CONCAT stage_kind=CONCAT operator_type=83 input_type=PARTITIONED output_type=PARTITIONED actual_gpu=0 pipeline_operator_count=1 input_batches=1 input_rows=25 input_columns=2 input_bytes=328 output_batches=1 output_rows=25 output_columns=2 output_bytes=328 byte_ratio=1.000000 row_ratio=1.000000 duration_us=2
[2026-07-01 12:07:26.511] [info] [task_scheduler.cpp:367] [mgpu-audit] pipeline_task dispatched to GPU 1 task_id=50
[2026-07-01 12:07:26.511] [info] [task_scheduler.cpp:369] [locality-audit] dispatch task_id=50 preferred_device=1 actual_gpu=1
[2026-07-01 12:07:26.511] [info] [gpu_pipeline_task.cpp:182] [locality-audit] prepare_before pipeline_id=6 task_id=50 preferred_device=1 actual_gpu=1 target_tier=GPU target_device=1 input_bytes=396 local_bytes=0 remote_gpu_bytes=396 host_bytes=0 disk_bytes=0 batch_count=2
[2026-07-01 12:07:26.512] [info] [gpu_pipeline_task.cpp:182] [locality-audit] prepare_after pipeline_id=6 task_id=50 preferred_device=1 actual_gpu=1 target_tier=GPU target_device=1 input_bytes=396 local_bytes=396 remote_gpu_bytes=0 host_bytes=0 disk_bytes=0 batch_count=2
[2026-07-01 12:07:26.513] [info] [gpu_pipeline_task.cpp:311] [stage-audit] pipeline_id=6 task_id=50 operator_id=25 operator_name=HASH_JOIN stage_kind=JOIN operator_type=33 input_type=PARTITIONED output_type=PIPELINEABLE actual_gpu=1 pipeline_operator_count=1 input_batches=2 input_rows=26 input_columns=3 input_bytes=396 output_batches=1 output_rows=5 output_columns=2 output_bytes=168 byte_ratio=0.424242 row_ratio=0.192308 duration_us=1521
[2026-07-01 12:07:26.513] [info] [task_creator.cpp:352] [locality-audit] task_create operator_id=48 input_bytes=168 local_bytes=168 gpu_source_bytes=168 host_source_bytes=0 disk_source_bytes=0 gpu_sources=1 host_sources=0 preferred_device=1
[2026-07-01 12:07:26.514] [info] [task_scheduler.cpp:367] [mgpu-audit] pipeline_task dispatched to GPU 1 task_id=51
[2026-07-01 12:07:26.514] [info] [task_scheduler.cpp:369] [locality-audit] dispatch task_id=51 preferred_device=1 actual_gpu=1
[2026-07-01 12:07:26.514] [info] [gpu_pipeline_task.cpp:182] [locality-audit] prepare_before pipeline_id=7 task_id=51 preferred_device=1 actual_gpu=1 target_tier=GPU target_device=1 input_bytes=168 local_bytes=168 remote_gpu_bytes=0 host_bytes=0 disk_bytes=0 batch_count=1
[2026-07-01 12:07:26.514] [info] [gpu_pipeline_task.cpp:182] [locality-audit] prepare_after pipeline_id=7 task_id=51 preferred_device=1 actual_gpu=1 target_tier=GPU target_device=1 input_bytes=168 local_bytes=168 remote_gpu_bytes=0 host_bytes=0 disk_bytes=0 batch_count=1
[2026-07-01 12:07:26.514] [info] [gpu_pipeline_task.cpp:311] [stage-audit] pipeline_id=7 task_id=51 operator_id=48 operator_name=PARTITION stage_kind=PARTITION operator_type=82 input_type=PIPELINEABLE output_type=PIPELINEABLE actual_gpu=1 pipeline_operator_count=1 input_batches=1 input_rows=5 input_columns=2 input_bytes=168 output_batches=1 output_rows=5 output_columns=2 output_bytes=168 byte_ratio=1.000000 row_ratio=1.000000 duration_us=2
[2026-07-01 12:07:26.514] [info] [task_scheduler.cpp:367] [mgpu-audit] pipeline_task dispatched to GPU 0 task_id=52
[2026-07-01 12:07:26.514] [info] [task_scheduler.cpp:369] [locality-audit] dispatch task_id=52 preferred_device=0 actual_gpu=0
[2026-07-01 12:07:26.514] [info] [gpu_pipeline_task.cpp:182] [locality-audit] prepare_before pipeline_id=8 task_id=52 preferred_device=0 actual_gpu=0 target_tier=GPU target_device=0 input_bytes=168 local_bytes=0 remote_gpu_bytes=168 host_bytes=0 disk_bytes=0 batch_count=1
[2026-07-01 12:07:26.514] [info] [gpu_pipeline_task.cpp:182] [locality-audit] prepare_after pipeline_id=8 task_id=52 preferred_device=0 actual_gpu=0 target_tier=GPU target_device=0 input_bytes=168 local_bytes=168 remote_gpu_bytes=0 host_bytes=0 disk_bytes=0 batch_count=1
[2026-07-01 12:07:26.514] [info] [gpu_pipeline_task.cpp:311] [stage-audit] pipeline_id=8 task_id=52 operator_id=47 operator_name=CONCAT stage_kind=CONCAT operator_type=83 input_type=PARTITIONED output_type=PARTITIONED actual_gpu=0 pipeline_operator_count=1 input_batches=1 input_rows=5 input_columns=2 input_bytes=168 output_batches=1 output_rows=5 output_columns=2 output_bytes=168 byte_ratio=1.000000 row_ratio=1.000000 duration_us=1
[2026-07-01 12:07:26.514] [info] [task_scheduler.cpp:367] [mgpu-audit] pipeline_task dispatched to GPU 3 task_id=53
[2026-07-01 12:07:26.514] [info] [task_scheduler.cpp:369] [locality-audit] dispatch task_id=53 preferred_device=3 actual_gpu=3
[2026-07-01 12:07:26.560] [info] [parquet_gpu_ingestible.cpp:696] [scan-audit] parquet_materialize target_gpu=3 files=/mnt/nvme/dataset/customer.parquet columns=c_custkey,c_nationkey row_groups=0,1,2,3,4,5,6,7,8,9,10,11,12,13,14,15,16,17,18,19,20,21,22,23,24,25,26,27,28,29,30,31,32,33,34,35,36,37,38,39,40,41,42,43,44,45,46,47,48,49,50,51,52,53,54,55,56,57,58,59,60,61,62,63,64,65,66,67,68,69,70,71,72,73,74,75,76,77,78,79,80,81,82,83,84,85,86,87,88,89,90,91,92,93,94,95,96,97,98,99,100,101,102,103,104,105,106,107,108,109,110,111,112,113,114,115,116,117,118,119,120,121 compressed_bytes=69499698 uncompressed_bytes=129460031 column_bytes=c_custkey:60042225:120003782,c_nationkey:9457473:9456249 output_rows=15000000 output_columns=2 split_count=1 duration_us=44579
[2026-07-01 12:07:26.560] [info] [gpu_pipeline_task.cpp:311] [stage-audit] pipeline_id=9 task_id=53 operator_id=49 operator_name=GPU_SCAN stage_kind=SCAN operator_type=94 input_type=GPU_SCAN output_type=PIPELINEABLE actual_gpu=3 pipeline_operator_count=1 input_batches=0 input_rows=0 input_columns=0 input_bytes=0 output_batches=1 output_rows=15000000 output_columns=2 output_bytes=183750016 byte_ratio=0.000000 row_ratio=0.000000 duration_us=45830
[2026-07-01 12:07:26.560] [info] [task_creator.cpp:352] [locality-audit] task_create operator_id=51 input_bytes=183750016 local_bytes=183750016 gpu_source_bytes=183750016 host_source_bytes=0 disk_source_bytes=0 gpu_sources=1 host_sources=0 preferred_device=3
[2026-07-01 12:07:26.560] [info] [task_scheduler.cpp:367] [mgpu-audit] pipeline_task dispatched to GPU 3 task_id=54
[2026-07-01 12:07:26.560] [info] [task_scheduler.cpp:369] [locality-audit] dispatch task_id=54 preferred_device=3 actual_gpu=3
[2026-07-01 12:07:26.560] [info] [gpu_pipeline_task.cpp:182] [locality-audit] prepare_before pipeline_id=10 task_id=54 preferred_device=3 actual_gpu=3 target_tier=GPU target_device=3 input_bytes=183750016 local_bytes=183750016 remote_gpu_bytes=0 host_bytes=0 disk_bytes=0 batch_count=1
[2026-07-01 12:07:26.560] [info] [gpu_pipeline_task.cpp:182] [locality-audit] prepare_after pipeline_id=10 task_id=54 preferred_device=3 actual_gpu=3 target_tier=GPU target_device=3 input_bytes=183750016 local_bytes=183750016 remote_gpu_bytes=0 host_bytes=0 disk_bytes=0 batch_count=1
[2026-07-01 12:07:26.560] [info] [gpu_pipeline_task.cpp:311] [stage-audit] pipeline_id=10 task_id=54 operator_id=51 operator_name=PARTITION stage_kind=PARTITION operator_type=82 input_type=PIPELINEABLE output_type=PIPELINEABLE actual_gpu=3 pipeline_operator_count=1 input_batches=1 input_rows=15000000 input_columns=2 input_bytes=183750016 output_batches=1 output_rows=15000000 output_columns=2 output_bytes=183750016 byte_ratio=1.000000 row_ratio=1.000000 duration_us=1
[2026-07-01 12:07:26.560] [info] [task_scheduler.cpp:367] [mgpu-audit] pipeline_task dispatched to GPU 0 task_id=55
[2026-07-01 12:07:26.560] [info] [task_scheduler.cpp:369] [locality-audit] dispatch task_id=55 preferred_device=0 actual_gpu=0
[2026-07-01 12:07:26.560] [info] [gpu_pipeline_task.cpp:182] [locality-audit] prepare_before pipeline_id=11 task_id=55 preferred_device=0 actual_gpu=0 target_tier=GPU target_device=0 input_bytes=183750016 local_bytes=0 remote_gpu_bytes=183750016 host_bytes=0 disk_bytes=0 batch_count=1
[2026-07-01 12:07:26.569] [info] [gpu_pipeline_task.cpp:182] [locality-audit] prepare_after pipeline_id=11 task_id=55 preferred_device=0 actual_gpu=0 target_tier=GPU target_device=0 input_bytes=183750016 local_bytes=183750016 remote_gpu_bytes=0 host_bytes=0 disk_bytes=0 batch_count=1
[2026-07-01 12:07:26.569] [info] [gpu_pipeline_task.cpp:311] [stage-audit] pipeline_id=11 task_id=55 operator_id=50 operator_name=CONCAT stage_kind=CONCAT operator_type=83 input_type=PARTITIONED output_type=PARTITIONED actual_gpu=0 pipeline_operator_count=1 input_batches=1 input_rows=15000000 input_columns=2 input_bytes=183750016 output_batches=1 output_rows=15000000 output_columns=2 output_bytes=183750016 byte_ratio=1.000000 row_ratio=1.000000 duration_us=1
[2026-07-01 12:07:26.569] [info] [task_scheduler.cpp:367] [mgpu-audit] pipeline_task dispatched to GPU 2 task_id=56
[2026-07-01 12:07:26.569] [info] [task_scheduler.cpp:369] [locality-audit] dispatch task_id=56 preferred_device=2 actual_gpu=2
[2026-07-01 12:07:26.569] [info] [gpu_pipeline_task.cpp:182] [locality-audit] prepare_before pipeline_id=12 task_id=56 preferred_device=2 actual_gpu=2 target_tier=GPU target_device=2 input_bytes=183750184 local_bytes=0 remote_gpu_bytes=183750184 host_bytes=0 disk_bytes=0 batch_count=2
[2026-07-01 12:07:26.578] [info] [gpu_pipeline_task.cpp:182] [locality-audit] prepare_after pipeline_id=12 task_id=56 preferred_device=2 actual_gpu=2 target_tier=GPU target_device=2 input_bytes=183750184 local_bytes=183750184 remote_gpu_bytes=0 host_bytes=0 disk_bytes=0 batch_count=2
[2026-07-01 12:07:26.583] [info] [gpu_pipeline_task.cpp:311] [stage-audit] pipeline_id=12 task_id=56 operator_id=26 operator_name=HASH_JOIN stage_kind=JOIN operator_type=33 input_type=PARTITIONED output_type=PIPELINEABLE actual_gpu=2 pipeline_operator_count=1 input_batches=2 input_rows=15000005 input_columns=4 input_bytes=183750184 output_batches=1 output_rows=3001516 output_columns=3 output_bytes=49149952 byte_ratio=0.267482 row_ratio=0.200101 duration_us=5003
[2026-07-01 12:07:26.583] [info] [task_creator.cpp:352] [locality-audit] task_create operator_id=53 input_bytes=49149952 local_bytes=49149952 gpu_source_bytes=49149952 host_source_bytes=0 disk_source_bytes=0 gpu_sources=1 host_sources=0 preferred_device=2
[2026-07-01 12:07:26.584] [info] [task_scheduler.cpp:367] [mgpu-audit] pipeline_task dispatched to GPU 2 task_id=57
[2026-07-01 12:07:26.584] [info] [task_scheduler.cpp:369] [locality-audit] dispatch task_id=57 preferred_device=2 actual_gpu=2
[2026-07-01 12:07:26.584] [info] [gpu_pipeline_task.cpp:182] [locality-audit] prepare_before pipeline_id=13 task_id=57 preferred_device=2 actual_gpu=2 target_tier=GPU target_device=2 input_bytes=49149952 local_bytes=49149952 remote_gpu_bytes=0 host_bytes=0 disk_bytes=0 batch_count=1
[2026-07-01 12:07:26.584] [info] [gpu_pipeline_task.cpp:182] [locality-audit] prepare_after pipeline_id=13 task_id=57 preferred_device=2 actual_gpu=2 target_tier=GPU target_device=2 input_bytes=49149952 local_bytes=49149952 remote_gpu_bytes=0 host_bytes=0 disk_bytes=0 batch_count=1
[2026-07-01 12:07:26.584] [info] [gpu_pipeline_task.cpp:311] [stage-audit] pipeline_id=13 task_id=57 operator_id=53 operator_name=PARTITION stage_kind=PARTITION operator_type=82 input_type=PIPELINEABLE output_type=PIPELINEABLE actual_gpu=2 pipeline_operator_count=1 input_batches=1 input_rows=3001516 input_columns=3 input_bytes=49149952 output_batches=1 output_rows=3001516 output_columns=3 output_bytes=49149952 byte_ratio=1.000000 row_ratio=1.000000 duration_us=6
[2026-07-01 12:07:26.584] [info] [task_scheduler.cpp:367] [mgpu-audit] pipeline_task dispatched to GPU 0 task_id=58
[2026-07-01 12:07:26.584] [info] [task_scheduler.cpp:369] [locality-audit] dispatch task_id=58 preferred_device=0 actual_gpu=0
[2026-07-01 12:07:26.584] [info] [gpu_pipeline_task.cpp:182] [locality-audit] prepare_before pipeline_id=14 task_id=58 preferred_device=0 actual_gpu=0 target_tier=GPU target_device=0 input_bytes=49149952 local_bytes=0 remote_gpu_bytes=49149952 host_bytes=0 disk_bytes=0 batch_count=1
[2026-07-01 12:07:26.587] [info] [gpu_pipeline_task.cpp:182] [locality-audit] prepare_after pipeline_id=14 task_id=58 preferred_device=0 actual_gpu=0 target_tier=GPU target_device=0 input_bytes=49149952 local_bytes=49149952 remote_gpu_bytes=0 host_bytes=0 disk_bytes=0 batch_count=1
[2026-07-01 12:07:26.587] [info] [gpu_pipeline_task.cpp:311] [stage-audit] pipeline_id=14 task_id=58 operator_id=52 operator_name=CONCAT stage_kind=CONCAT operator_type=83 input_type=PARTITIONED output_type=PARTITIONED actual_gpu=0 pipeline_operator_count=1 input_batches=1 input_rows=3001516 input_columns=3 input_bytes=49149952 output_batches=1 output_rows=3001516 output_columns=3 output_bytes=49149952 byte_ratio=1.000000 row_ratio=1.000000 duration_us=8
[2026-07-01 12:07:26.587] [info] [task_scheduler.cpp:367] [mgpu-audit] pipeline_task dispatched to GPU 3 task_id=60
[2026-07-01 12:07:26.587] [info] [task_scheduler.cpp:369] [locality-audit] dispatch task_id=60 preferred_device=3 actual_gpu=3
[2026-07-01 12:07:26.587] [info] [task_scheduler.cpp:367] [mgpu-audit] pipeline_task dispatched to GPU 0 task_id=61
[2026-07-01 12:07:26.587] [info] [task_scheduler.cpp:369] [locality-audit] dispatch task_id=61 preferred_device=0 actual_gpu=0
[2026-07-01 12:07:26.587] [info] [task_scheduler.cpp:367] [mgpu-audit] pipeline_task dispatched to GPU 2 task_id=59
[2026-07-01 12:07:26.587] [info] [task_scheduler.cpp:369] [locality-audit] dispatch task_id=59 preferred_device=2 actual_gpu=2
[2026-07-01 12:07:26.587] [info] [task_scheduler.cpp:367] [mgpu-audit] pipeline_task dispatched to GPU 2 task_id=63
[2026-07-01 12:07:26.587] [info] [task_scheduler.cpp:369] [locality-audit] dispatch task_id=63 preferred_device=2 actual_gpu=2
[2026-07-01 12:07:26.587] [info] [task_scheduler.cpp:367] [mgpu-audit] pipeline_task dispatched to GPU 1 task_id=62
[2026-07-01 12:07:26.587] [info] [task_scheduler.cpp:369] [locality-audit] dispatch task_id=62 preferred_device=1 actual_gpu=1
[2026-07-01 12:07:26.815] [info] [parquet_gpu_ingestible.cpp:696] [scan-audit] parquet_materialize target_gpu=2 files=/mnt/nvme/dataset/orders.parquet columns=o_orderkey,o_custkey,o_orderdate row_groups=0,1,2,3,4,5,6,7,8,9,10,11,12,13,14,15,16,17,18,19,20,21,22,23,24,25,26,27,28,29,30,31,32,33,34,35,36,37,38,39,40,41,42,43,44,45,46,47,48,49,50,51,52,53,54,55,56,57,58,59,60,61,62,63,64,65,66,67,68,69,70,71,72,73,74,75,76,77,78,79,80,81,82,83,84,85,86,87,88,89,90,91,92,93,94,95,96,97,98,99,100,101,102,103,104,105,106,107,108,109,110,111,112,113,114,115,116,117,118,119,120,121,122,123,124,125,126,127,128,129,130,131,132,133,134,135,136,137,138,139,140,141,142,143,144,145,146,147,148,149,150,151,152,153,154,155,156,157,158,159,160,161,162,163,164,165,166,167,168,169,170,171,172,173,174,175,176,177,178,179,180,181,182,183,184,185,186,187,188,189,190,191,192,193,194,195,196,197,198,199,200,201,202,203,204,205,206,207,208,209,210,211,212,213,214,215,216,217,218,219,220,221,222,223,224,225,226,227,228,229,230,231,232,233,234,235,236,237,238,239,240,241,242,243,244,245,246 compressed_bytes=332509660 uncompressed_bytes=535824243 column_bytes=o_orderkey:121517446:243793905,o_custkey:162751422:243793905,o_orderdate:48240792:48236433 output_rows=9260059 output_columns=3 split_count=1 duration_us=217957
[2026-07-01 12:07:26.815] [info] [gpu_pipeline_task.cpp:311] [stage-audit] pipeline_id=15 task_id=59 operator_id=54 operator_name=GPU_SCAN stage_kind=SCAN operator_type=94 input_type=GPU_SCAN output_type=PIPELINEABLE actual_gpu=2 pipeline_operator_count=1 input_batches=0 input_rows=0 input_columns=0 input_bytes=0 output_batches=1 output_rows=9260059 output_columns=3 output_bytes=188673884 byte_ratio=0.000000 row_ratio=0.000000 duration_us=227565
[2026-07-01 12:07:26.815] [info] [task_creator.cpp:352] [locality-audit] task_create operator_id=56 input_bytes=188673884 local_bytes=188673884 gpu_source_bytes=188673884 host_source_bytes=0 disk_source_bytes=0 gpu_sources=1 host_sources=0 preferred_device=2
[2026-07-01 12:07:26.815] [info] [task_scheduler.cpp:367] [mgpu-audit] pipeline_task dispatched to GPU 2 task_id=64
[2026-07-01 12:07:26.815] [info] [task_scheduler.cpp:369] [locality-audit] dispatch task_id=64 preferred_device=2 actual_gpu=2
[2026-07-01 12:07:26.815] [info] [gpu_pipeline_task.cpp:182] [locality-audit] prepare_before pipeline_id=16 task_id=64 preferred_device=2 actual_gpu=2 target_tier=GPU target_device=2 input_bytes=188673884 local_bytes=188673884 remote_gpu_bytes=0 host_bytes=0 disk_bytes=0 batch_count=1
[2026-07-01 12:07:26.815] [info] [gpu_pipeline_task.cpp:182] [locality-audit] prepare_after pipeline_id=16 task_id=64 preferred_device=2 actual_gpu=2 target_tier=GPU target_device=2 input_bytes=188673884 local_bytes=188673884 remote_gpu_bytes=0 host_bytes=0 disk_bytes=0 batch_count=1
[2026-07-01 12:07:26.815] [info] [gpu_pipeline_task.cpp:311] [stage-audit] pipeline_id=16 task_id=64 operator_id=56 operator_name=PARTITION stage_kind=PARTITION operator_type=82 input_type=PIPELINEABLE output_type=PIPELINEABLE actual_gpu=2 pipeline_operator_count=1 input_batches=1 input_rows=9260059 input_columns=3 input_bytes=188673884 output_batches=1 output_rows=9260059 output_columns=3 output_bytes=188673884 byte_ratio=1.000000 row_ratio=1.000000 duration_us=7
[2026-07-01 12:07:27.264] [info] [parquet_gpu_ingestible.cpp:696] [scan-audit] parquet_materialize target_gpu=1 files=/mnt/nvme/dataset/orders.parquet columns=o_orderkey,o_custkey,o_orderdate row_groups=741,742,743,744,745,746,747,748,749,750,751,752,753,754,755,756,757,758,759,760,761,762,763,764,765,766,767,768,769,770,771,772,773,774,775,776,777,778,779,780,781,782,783,784,785,786,787,788,789,790,791,792,793,794,795,796,797,798,799,800,801,802,803,804,805,806,807,808,809,810,811,812,813,814,815,816,817,818,819,820,821,822,823,824,825,826,827,828,829,830,831,832,833,834,835,836,837,838,839,840,841,842,843,844,845,846,847,848,849,850,851,852,853,854,855,856,857,858,859,860,861,862,863,864,865,866,867,868,869,870,871,872,873,874,875,876,877,878,879,880,881,882,883,884,885,886,887,888,889,890,891,892,893,894,895,896,897,898,899,900,901,902,903,904,905,906,907,908,909,910,911,912,913,914,915,916,917,918,919,920,921,922,923,924,925,926,927,928,929,930,931,932,933,934,935,936,937,938,939,940,941,942,943,944,945,946,947,948,949,950,951,952,953,954,955,956,957,958,959,960,961,962,963,964,965,966,967,968,969,970,971,972,973,974,975,976,977,978,979,980,981,982,983,984,985,986,987 compressed_bytes=331982350 uncompressed_bytes=534974615 column_bytes=o_orderkey:121323837:243405857,o_custkey:162491237:243405857,o_orderdate:48167276:48162901 output_rows=9243840 output_columns=3 split_count=1 duration_us=664690
[2026-07-01 12:07:27.265] [info] [gpu_pipeline_task.cpp:311] [stage-audit] pipeline_id=15 task_id=62 operator_id=54 operator_name=GPU_SCAN stage_kind=SCAN operator_type=94 input_type=GPU_SCAN output_type=PIPELINEABLE actual_gpu=1 pipeline_operator_count=1 input_batches=0 input_rows=0 input_columns=0 input_bytes=0 output_batches=1 output_rows=9243840 output_columns=3 output_bytes=188343360 byte_ratio=0.000000 row_ratio=0.000000 duration_us=677768
[2026-07-01 12:07:27.265] [info] [task_creator.cpp:352] [locality-audit] task_create operator_id=56 input_bytes=188343360 local_bytes=188343360 gpu_source_bytes=188343360 host_source_bytes=0 disk_source_bytes=0 gpu_sources=1 host_sources=0 preferred_device=1
[2026-07-01 12:07:27.265] [info] [parquet_gpu_ingestible.cpp:696] [scan-audit] parquet_materialize target_gpu=0 files=/mnt/nvme/dataset/orders.parquet columns=o_orderkey,o_custkey,o_orderdate row_groups=494,495,496,497,498,499,500,501,502,503,504,505,506,507,508,509,510,511,512,513,514,515,516,517,518,519,520,521,522,523,524,525,526,527,528,529,530,531,532,533,534,535,536,537,538,539,540,541,542,543,544,545,546,547,548,549,550,551,552,553,554,555,556,557,558,559,560,561,562,563,564,565,566,567,568,569,570,571,572,573,574,575,576,577,578,579,580,581,582,583,584,585,586,587,588,589,590,591,592,593,594,595,596,597,598,599,600,601,602,603,604,605,606,607,608,609,610,611,612,613,614,615,616,617,618,619,620,621,622,623,624,625,626,627,628,629,630,631,632,633,634,635,636,637,638,639,640,641,642,643,644,645,646,647,648,649,650,651,652,653,654,655,656,657,658,659,660,661,662,663,664,665,666,667,668,669,670,671,672,673,674,675,676,677,678,679,680,681,682,683,684,685,686,687,688,689,690,691,692,693,694,695,696,697,698,699,700,701,702,703,704,705,706,707,708,709,710,711,712,713,714,715,716,717,718,719,720,721,722,723,724,725,726,727,728,729,730,731,732,733,734,735,736,737,738,739,740 compressed_bytes=331979489 uncompressed_bytes=534970841 column_bytes=o_orderkey:121323246:243403009,o_custkey:162487078:243403009,o_orderdate:48169165:48164823 output_rows=9244889 output_columns=3 split_count=1 duration_us=665711
[2026-07-01 12:07:27.265] [info] [task_scheduler.cpp:367] [mgpu-audit] pipeline_task dispatched to GPU 1 task_id=65
[2026-07-01 12:07:27.265] [info] [task_scheduler.cpp:369] [locality-audit] dispatch task_id=65 preferred_device=1 actual_gpu=1
[2026-07-01 12:07:27.265] [info] [gpu_pipeline_task.cpp:311] [stage-audit] pipeline_id=15 task_id=61 operator_id=54 operator_name=GPU_SCAN stage_kind=SCAN operator_type=94 input_type=GPU_SCAN output_type=PIPELINEABLE actual_gpu=0 pipeline_operator_count=1 input_batches=0 input_rows=0 input_columns=0 input_bytes=0 output_batches=1 output_rows=9244889 output_columns=3 output_bytes=188364724 byte_ratio=0.000000 row_ratio=0.000000 duration_us=678014
[2026-07-01 12:07:27.265] [info] [task_creator.cpp:352] [locality-audit] task_create operator_id=56 input_bytes=188364724 local_bytes=188364724 gpu_source_bytes=188364724 host_source_bytes=0 disk_source_bytes=0 gpu_sources=1 host_sources=0 preferred_device=0
[2026-07-01 12:07:27.265] [info] [task_scheduler.cpp:367] [mgpu-audit] pipeline_task dispatched to GPU 0 task_id=66
[2026-07-01 12:07:27.265] [info] [task_scheduler.cpp:369] [locality-audit] dispatch task_id=66 preferred_device=0 actual_gpu=0
[2026-07-01 12:07:27.265] [info] [gpu_pipeline_task.cpp:182] [locality-audit] prepare_before pipeline_id=16 task_id=65 preferred_device=1 actual_gpu=1 target_tier=GPU target_device=1 input_bytes=188343360 local_bytes=188343360 remote_gpu_bytes=0 host_bytes=0 disk_bytes=0 batch_count=1
[2026-07-01 12:07:27.266] [info] [gpu_pipeline_task.cpp:182] [locality-audit] prepare_after pipeline_id=16 task_id=65 preferred_device=1 actual_gpu=1 target_tier=GPU target_device=1 input_bytes=188343360 local_bytes=188343360 remote_gpu_bytes=0 host_bytes=0 disk_bytes=0 batch_count=1
[2026-07-01 12:07:27.266] [info] [gpu_pipeline_task.cpp:311] [stage-audit] pipeline_id=16 task_id=65 operator_id=56 operator_name=PARTITION stage_kind=PARTITION operator_type=82 input_type=PIPELINEABLE output_type=PIPELINEABLE actual_gpu=1 pipeline_operator_count=1 input_batches=1 input_rows=9243840 input_columns=3 input_bytes=188343360 output_batches=1 output_rows=9243840 output_columns=3 output_bytes=188343360 byte_ratio=1.000000 row_ratio=1.000000 duration_us=9
[2026-07-01 12:07:27.266] [info] [gpu_pipeline_task.cpp:182] [locality-audit] prepare_before pipeline_id=16 task_id=66 preferred_device=0 actual_gpu=0 target_tier=GPU target_device=0 input_bytes=188364724 local_bytes=188364724 remote_gpu_bytes=0 host_bytes=0 disk_bytes=0 batch_count=1
[2026-07-01 12:07:27.266] [info] [gpu_pipeline_task.cpp:182] [locality-audit] prepare_after pipeline_id=16 task_id=66 preferred_device=0 actual_gpu=0 target_tier=GPU target_device=0 input_bytes=188364724 local_bytes=188364724 remote_gpu_bytes=0 host_bytes=0 disk_bytes=0 batch_count=1
[2026-07-01 12:07:27.266] [info] [gpu_pipeline_task.cpp:311] [stage-audit] pipeline_id=16 task_id=66 operator_id=56 operator_name=PARTITION stage_kind=PARTITION operator_type=82 input_type=PIPELINEABLE output_type=PIPELINEABLE actual_gpu=0 pipeline_operator_count=1 input_batches=1 input_rows=9244889 input_columns=3 input_bytes=188364724 output_batches=1 output_rows=9244889 output_columns=3 output_bytes=188364724 byte_ratio=1.000000 row_ratio=1.000000 duration_us=3
[2026-07-01 12:07:27.266] [info] [task_scheduler.cpp:367] [mgpu-audit] pipeline_task dispatched to GPU 0 task_id=67
[2026-07-01 12:07:27.266] [info] [task_scheduler.cpp:369] [locality-audit] dispatch task_id=67 preferred_device=0 actual_gpu=0
[2026-07-01 12:07:27.266] [info] [task_scheduler.cpp:367] [mgpu-audit] pipeline_task dispatched to GPU 0 task_id=68
[2026-07-01 12:07:27.266] [info] [task_scheduler.cpp:369] [locality-audit] dispatch task_id=68 preferred_device=0 actual_gpu=0
[2026-07-01 12:07:27.266] [info] [gpu_pipeline_task.cpp:182] [locality-audit] prepare_before pipeline_id=17 task_id=67 preferred_device=0 actual_gpu=0 target_tier=GPU target_device=0 input_bytes=377017244 local_bytes=0 remote_gpu_bytes=377017244 host_bytes=0 disk_bytes=0 batch_count=2
[2026-07-01 12:07:27.266] [info] [gpu_pipeline_task.cpp:182] [locality-audit] prepare_before pipeline_id=17 task_id=68 preferred_device=0 actual_gpu=0 target_tier=GPU target_device=0 input_bytes=188364724 local_bytes=188364724 remote_gpu_bytes=0 host_bytes=0 disk_bytes=0 batch_count=1
[2026-07-01 12:07:27.266] [info] [gpu_pipeline_task.cpp:182] [locality-audit] prepare_after pipeline_id=17 task_id=68 preferred_device=0 actual_gpu=0 target_tier=GPU target_device=0 input_bytes=188364724 local_bytes=188364724 remote_gpu_bytes=0 host_bytes=0 disk_bytes=0 batch_count=1
[2026-07-01 12:07:27.266] [info] [gpu_pipeline_task.cpp:311] [stage-audit] pipeline_id=17 task_id=68 operator_id=55 operator_name=CONCAT stage_kind=CONCAT operator_type=83 input_type=PARTITIONED output_type=PARTITIONED actual_gpu=0 pipeline_operator_count=1 input_batches=1 input_rows=9244889 input_columns=3 input_bytes=188364724 output_batches=1 output_rows=9244889 output_columns=3 output_bytes=188364724 byte_ratio=1.000000 row_ratio=1.000000 duration_us=10
[2026-07-01 12:07:27.266] [info] [task_scheduler.cpp:367] [mgpu-audit] pipeline_task dispatched to GPU 3 task_id=69
[2026-07-01 12:07:27.266] [info] [task_scheduler.cpp:369] [locality-audit] dispatch task_id=69 preferred_device=3 actual_gpu=3
[2026-07-01 12:07:27.266] [info] [gpu_pipeline_task.cpp:182] [locality-audit] prepare_before pipeline_id=18 task_id=69 preferred_device=3 actual_gpu=3 target_tier=GPU target_device=3 input_bytes=237514676 local_bytes=0 remote_gpu_bytes=237514676 host_bytes=0 disk_bytes=0 batch_count=2
[2026-07-01 12:07:27.278] [info] [parquet_gpu_ingestible.cpp:696] [scan-audit] parquet_materialize target_gpu=2 files=/mnt/nvme/dataset/orders.parquet columns=o_orderkey,o_custkey,o_orderdate row_groups=988,989,990,991,992,993,994,995,996,997,998,999,1000,1001,1002,1003,1004,1005,1006,1007,1008,1009,1010,1011,1012,1013,1014,1015,1016,1017,1018,1019,1020,1021,1022,1023,1024,1025,1026,1027,1028,1029,1030,1031,1032,1033,1034,1035,1036,1037,1038,1039,1040,1041,1042,1043,1044,1045,1046,1047,1048,1049,1050,1051,1052,1053,1054,1055,1056,1057,1058,1059,1060,1061,1062,1063,1064,1065,1066,1067,1068,1069,1070,1071,1072,1073,1074,1075,1076,1077,1078,1079,1080,1081,1082,1083,1084,1085,1086,1087,1088,1089,1090,1091,1092,1093,1094,1095,1096,1097,1098,1099,1100,1101,1102,1103,1104,1105,1106,1107,1108,1109,1110,1111,1112,1113,1114,1115,1116,1117,1118,1119,1120,1121,1122,1123,1124,1125,1126,1127,1128,1129,1130,1131,1132,1133,1134,1135,1136,1137,1138,1139,1140,1141,1142,1143,1144,1145,1146,1147,1148,1149,1150,1151,1152,1153,1154,1155,1156,1157,1158,1159,1160,1161,1162,1163,1164,1165,1166,1167,1168,1169,1170,1171,1172,1173,1174,1175,1176,1177,1178,1179,1180,1181,1182,1183,1184,1185,1186,1187,1188,1189,1190,1191,1192,1193,1194,1195,1196,1197,1198,1199,1200,1201,1202,1203,1204,1205,1206,1207,1208,1209,1210,1211,1212,1213,1214,1215,1216,1217 compressed_bytes=308282975 uncompressed_bytes=496783438 column_bytes=o_orderkey:112662859:226027594,o_custkey:150887810:226027594,o_orderdate:44732306:44728250 output_rows=8582114 output_columns=3 split_count=1 duration_us=680203
[2026-07-01 12:07:27.278] [info] [gpu_pipeline_task.cpp:311] [stage-audit] pipeline_id=15 task_id=63 operator_id=54 operator_name=GPU_SCAN stage_kind=SCAN operator_type=94 input_type=GPU_SCAN output_type=PIPELINEABLE actual_gpu=2 pipeline_operator_count=1 input_batches=0 input_rows=0 input_columns=0 input_bytes=0 output_batches=1 output_rows=8582114 output_columns=3 output_bytes=174860584 byte_ratio=0.000000 row_ratio=0.000000 duration_us=691080
[2026-07-01 12:07:27.279] [info] [task_creator.cpp:352] [locality-audit] task_create operator_id=56 input_bytes=174860584 local_bytes=174860584 gpu_source_bytes=174860584 host_source_bytes=0 disk_source_bytes=0 gpu_sources=1 host_sources=0 preferred_device=2
[2026-07-01 12:07:27.279] [info] [task_scheduler.cpp:367] [mgpu-audit] pipeline_task dispatched to GPU 2 task_id=70
[2026-07-01 12:07:27.279] [info] [task_scheduler.cpp:369] [locality-audit] dispatch task_id=70 preferred_device=2 actual_gpu=2
[2026-07-01 12:07:27.279] [info] [gpu_pipeline_task.cpp:182] [locality-audit] prepare_before pipeline_id=16 task_id=70 preferred_device=2 actual_gpu=2 target_tier=GPU target_device=2 input_bytes=174860584 local_bytes=174860584 remote_gpu_bytes=0 host_bytes=0 disk_bytes=0 batch_count=1
[2026-07-01 12:07:27.279] [info] [gpu_pipeline_task.cpp:182] [locality-audit] prepare_after pipeline_id=16 task_id=70 preferred_device=2 actual_gpu=2 target_tier=GPU target_device=2 input_bytes=174860584 local_bytes=174860584 remote_gpu_bytes=0 host_bytes=0 disk_bytes=0 batch_count=1
[2026-07-01 12:07:27.279] [info] [gpu_pipeline_task.cpp:311] [stage-audit] pipeline_id=16 task_id=70 operator_id=56 operator_name=PARTITION stage_kind=PARTITION operator_type=82 input_type=PIPELINEABLE output_type=PIPELINEABLE actual_gpu=2 pipeline_operator_count=1 input_batches=1 input_rows=8582114 input_columns=3 input_bytes=174860584 output_batches=1 output_rows=8582114 output_columns=3 output_bytes=174860584 byte_ratio=1.000000 row_ratio=1.000000 duration_us=1
[2026-07-01 12:07:27.280] [info] [gpu_pipeline_task.cpp:182] [locality-audit] prepare_after pipeline_id=18 task_id=69 preferred_device=3 actual_gpu=3 target_tier=GPU target_device=3 input_bytes=237514676 local_bytes=237514676 remote_gpu_bytes=0 host_bytes=0 disk_bytes=0 batch_count=2
[2026-07-01 12:07:27.289] [info] [gpu_pipeline_task.cpp:182] [locality-audit] prepare_after pipeline_id=17 task_id=67 preferred_device=0 actual_gpu=0 target_tier=GPU target_device=0 input_bytes=377017244 local_bytes=377017244 remote_gpu_bytes=0 host_bytes=0 disk_bytes=0 batch_count=2
[2026-07-01 12:07:27.293] [info] [gpu_pipeline_task.cpp:311] [stage-audit] pipeline_id=18 task_id=69 operator_id=27 operator_name=HASH_JOIN stage_kind=JOIN operator_type=33 input_type=PARTITIONED output_type=PIPELINEABLE actual_gpu=3 pipeline_operator_count=1 input_batches=2 input_rows=12246405 input_columns=6 input_bytes=237514676 output_batches=1 output_rows=1852796 output_columns=5 output_bytes=53036368 byte_ratio=0.223297 row_ratio=0.151293 duration_us=13076
[2026-07-01 12:07:27.296] [info] [parquet_gpu_ingestible.cpp:696] [scan-audit] parquet_materialize target_gpu=3 files=/mnt/nvme/dataset/orders.parquet columns=o_orderkey,o_custkey,o_orderdate row_groups=247,248,249,250,251,252,253,254,255,256,257,258,259,260,261,262,263,264,265,266,267,268,269,270,271,272,273,274,275,276,277,278,279,280,281,282,283,284,285,286,287,288,289,290,291,292,293,294,295,296,297,298,299,300,301,302,303,304,305,306,307,308,309,310,311,312,313,314,315,316,317,318,319,320,321,322,323,324,325,326,327,328,329,330,331,332,333,334,335,336,337,338,339,340,341,342,343,344,345,346,347,348,349,350,351,352,353,354,355,356,357,358,359,360,361,362,363,364,365,366,367,368,369,370,371,372,373,374,375,376,377,378,379,380,381,382,383,384,385,386,387,388,389,390,391,392,393,394,395,396,397,398,399,400,401,402,403,404,405,406,407,408,409,410,411,412,413,414,415,416,417,418,419,420,421,422,423,424,425,426,427,428,429,430,431,432,433,434,435,436,437,438,439,440,441,442,443,444,445,446,447,448,449,450,451,452,453,454,455,456,457,458,459,460,461,462,463,464,465,466,467,468,469,470,471,472,473,474,475,476,477,478,479,480,481,482,483,484,485,486,487,488,489,490,491,492,493 compressed_bytes=331988551 uncompressed_bytes=534976914 column_bytes=o_orderkey:121325236:243407393,o_custkey:162496750:243407393,o_orderdate:48166565:48162128 output_rows=9243722 output_columns=3 split_count=1 duration_us=697068
[2026-07-01 12:07:27.297] [info] [gpu_pipeline_task.cpp:311] [stage-audit] pipeline_id=15 task_id=60 operator_id=54 operator_name=GPU_SCAN stage_kind=SCAN operator_type=94 input_type=GPU_SCAN output_type=PIPELINEABLE actual_gpu=3 pipeline_operator_count=1 input_batches=0 input_rows=0 input_columns=0 input_bytes=0 output_batches=1 output_rows=9243722 output_columns=3 output_bytes=188341000 byte_ratio=0.000000 row_ratio=0.000000 duration_us=709530
[2026-07-01 12:07:27.297] [info] [gpu_pipeline_task.cpp:311] [stage-audit] pipeline_id=17 task_id=67 operator_id=55 operator_name=CONCAT stage_kind=CONCAT operator_type=83 input_type=PARTITIONED output_type=PARTITIONED actual_gpu=0 pipeline_operator_count=1 input_batches=2 input_rows=18503899 input_columns=6 input_bytes=377017244 output_batches=1 output_rows=18503899 output_columns=3 output_bytes=370077980 byte_ratio=0.981594 row_ratio=1.000000 duration_us=8242
[2026-07-01 12:07:27.297] [info] [task_scheduler.cpp:367] [mgpu-audit] pipeline_task dispatched to GPU 3 task_id=71
[2026-07-01 12:07:27.297] [info] [task_scheduler.cpp:369] [locality-audit] dispatch task_id=71 preferred_device=3 actual_gpu=3
[2026-07-01 12:07:27.298] [info] [gpu_pipeline_task.cpp:182] [locality-audit] prepare_before pipeline_id=18 task_id=71 preferred_device=3 actual_gpu=3 target_tier=GPU target_device=3 input_bytes=370077980 local_bytes=0 remote_gpu_bytes=370077980 host_bytes=0 disk_bytes=0 batch_count=1
[2026-07-01 12:07:27.300] [info] [task_creator.cpp:352] [locality-audit] task_create operator_id=56 input_bytes=188341000 local_bytes=188341000 gpu_source_bytes=188341000 host_source_bytes=0 disk_source_bytes=0 gpu_sources=1 host_sources=0 preferred_device=3
[2026-07-01 12:07:27.300] [info] [task_scheduler.cpp:367] [mgpu-audit] pipeline_task dispatched to GPU 3 task_id=72
[2026-07-01 12:07:27.300] [info] [task_scheduler.cpp:369] [locality-audit] dispatch task_id=72 preferred_device=3 actual_gpu=3
[2026-07-01 12:07:27.300] [info] [gpu_pipeline_task.cpp:182] [locality-audit] prepare_before pipeline_id=16 task_id=72 preferred_device=3 actual_gpu=3 target_tier=GPU target_device=3 input_bytes=188341000 local_bytes=188341000 remote_gpu_bytes=0 host_bytes=0 disk_bytes=0 batch_count=1
[2026-07-01 12:07:27.300] [info] [gpu_pipeline_task.cpp:182] [locality-audit] prepare_after pipeline_id=16 task_id=72 preferred_device=3 actual_gpu=3 target_tier=GPU target_device=3 input_bytes=188341000 local_bytes=188341000 remote_gpu_bytes=0 host_bytes=0 disk_bytes=0 batch_count=1
[2026-07-01 12:07:27.300] [info] [gpu_pipeline_task.cpp:311] [stage-audit] pipeline_id=16 task_id=72 operator_id=56 operator_name=PARTITION stage_kind=PARTITION operator_type=82 input_type=PIPELINEABLE output_type=PIPELINEABLE actual_gpu=3 pipeline_operator_count=1 input_batches=1 input_rows=9243722 input_columns=3 input_bytes=188341000 output_batches=1 output_rows=9243722 output_columns=3 output_bytes=188341000 byte_ratio=1.000000 row_ratio=1.000000 duration_us=8
[2026-07-01 12:07:27.300] [info] [task_scheduler.cpp:367] [mgpu-audit] pipeline_task dispatched to GPU 0 task_id=73
[2026-07-01 12:07:27.300] [info] [task_scheduler.cpp:369] [locality-audit] dispatch task_id=73 preferred_device=0 actual_gpu=0
[2026-07-01 12:07:27.301] [info] [gpu_pipeline_task.cpp:182] [locality-audit] prepare_before pipeline_id=17 task_id=73 preferred_device=0 actual_gpu=0 target_tier=GPU target_device=0 input_bytes=363201584 local_bytes=0 remote_gpu_bytes=363201584 host_bytes=0 disk_bytes=0 batch_count=2
[2026-07-01 12:07:27.320] [info] [gpu_pipeline_task.cpp:182] [locality-audit] prepare_after pipeline_id=17 task_id=73 preferred_device=0 actual_gpu=0 target_tier=GPU target_device=0 input_bytes=363201584 local_bytes=363201584 remote_gpu_bytes=0 host_bytes=0 disk_bytes=0 batch_count=2
[2026-07-01 12:07:27.328] [info] [gpu_pipeline_task.cpp:311] [stage-audit] pipeline_id=17 task_id=73 operator_id=55 operator_name=CONCAT stage_kind=CONCAT operator_type=83 input_type=PARTITIONED output_type=PARTITIONED actual_gpu=0 pipeline_operator_count=1 input_batches=2 input_rows=17825836 input_columns=6 input_bytes=363201584 output_batches=1 output_rows=17825836 output_columns=3 output_bytes=356516720 byte_ratio=0.981595 row_ratio=1.000000 duration_us=7973
[2026-07-01 12:07:27.328] [info] [task_scheduler.cpp:367] [mgpu-audit] pipeline_task dispatched to GPU 3 task_id=74
[2026-07-01 12:07:27.328] [info] [task_scheduler.cpp:369] [locality-audit] dispatch task_id=74 preferred_device=3 actual_gpu=3
[2026-07-01 12:07:27.328] [info] [gpu_pipeline_task.cpp:182] [locality-audit] prepare_before pipeline_id=18 task_id=74 preferred_device=3 actual_gpu=3 target_tier=GPU target_device=3 input_bytes=356516720 local_bytes=0 remote_gpu_bytes=356516720 host_bytes=0 disk_bytes=0 batch_count=1
[2026-07-01 12:07:27.331] [info] [gpu_pipeline_task.cpp:182] [locality-audit] prepare_after pipeline_id=18 task_id=71 preferred_device=3 actual_gpu=3 target_tier=GPU target_device=3 input_bytes=370077980 local_bytes=370077980 remote_gpu_bytes=0 host_bytes=0 disk_bytes=0 batch_count=1
[2026-07-01 12:07:27.347] [info] [gpu_pipeline_task.cpp:182] [locality-audit] prepare_after pipeline_id=18 task_id=74 preferred_device=3 actual_gpu=3 target_tier=GPU target_device=3 input_bytes=356516720 local_bytes=356516720 remote_gpu_bytes=0 host_bytes=0 disk_bytes=0 batch_count=1
[2026-07-01 12:07:27.357] [info] [gpu_pipeline_task.cpp:311] [stage-audit] pipeline_id=18 task_id=71 operator_id=27 operator_name=HASH_JOIN stage_kind=JOIN operator_type=33 input_type=PARTITIONED output_type=PIPELINEABLE actual_gpu=3 pipeline_operator_count=1 input_batches=1 input_rows=18503899 input_columns=3 input_bytes=370077980 output_batches=1 output_rows=3703258 output_columns=5 output_bytes=105079960 byte_ratio=0.283940 row_ratio=0.200134 duration_us=26021
[2026-07-01 12:07:27.363] [info] [gpu_pipeline_task.cpp:311] [stage-audit] pipeline_id=18 task_id=74 operator_id=27 operator_name=HASH_JOIN stage_kind=JOIN operator_type=33 input_type=PARTITIONED output_type=PIPELINEABLE actual_gpu=3 pipeline_operator_count=1 input_batches=1 input_rows=17825836 input_columns=3 input_bytes=356516720 output_batches=1 output_rows=3569472 output_columns=5 output_bytes=101283840 byte_ratio=0.284093 row_ratio=0.200241 duration_us=16219
[2026-07-01 12:07:27.365] [info] [task_creator.cpp:352] [locality-audit] task_create operator_id=58 input_bytes=53036368 local_bytes=53036368 gpu_source_bytes=53036368 host_source_bytes=0 disk_source_bytes=0 gpu_sources=1 host_sources=0 preferred_device=3
[2026-07-01 12:07:27.365] [info] [task_creator.cpp:352] [locality-audit] task_create operator_id=58 input_bytes=105079960 local_bytes=105079960 gpu_source_bytes=105079960 host_source_bytes=0 disk_source_bytes=0 gpu_sources=1 host_sources=0 preferred_device=3
[2026-07-01 12:07:27.365] [info] [task_creator.cpp:352] [locality-audit] task_create operator_id=58 input_bytes=101283840 local_bytes=101283840 gpu_source_bytes=101283840 host_source_bytes=0 disk_source_bytes=0 gpu_sources=1 host_sources=0 preferred_device=3
[2026-07-01 12:07:27.365] [info] [task_scheduler.cpp:367] [mgpu-audit] pipeline_task dispatched to GPU 3 task_id=75
[2026-07-01 12:07:27.365] [info] [task_scheduler.cpp:369] [locality-audit] dispatch task_id=75 preferred_device=3 actual_gpu=3
[2026-07-01 12:07:27.365] [info] [task_scheduler.cpp:367] [mgpu-audit] pipeline_task dispatched to GPU 3 task_id=76
[2026-07-01 12:07:27.365] [info] [task_scheduler.cpp:369] [locality-audit] dispatch task_id=76 preferred_device=3 actual_gpu=3
[2026-07-01 12:07:27.365] [info] [gpu_pipeline_task.cpp:182] [locality-audit] prepare_before pipeline_id=19 task_id=75 preferred_device=3 actual_gpu=3 target_tier=GPU target_device=3 input_bytes=53036368 local_bytes=53036368 remote_gpu_bytes=0 host_bytes=0 disk_bytes=0 batch_count=1
[2026-07-01 12:07:27.365] [info] [gpu_pipeline_task.cpp:182] [locality-audit] prepare_after pipeline_id=19 task_id=75 preferred_device=3 actual_gpu=3 target_tier=GPU target_device=3 input_bytes=53036368 local_bytes=53036368 remote_gpu_bytes=0 host_bytes=0 disk_bytes=0 batch_count=1
[2026-07-01 12:07:27.365] [info] [task_scheduler.cpp:367] [mgpu-audit] pipeline_task dispatched to GPU 3 task_id=77
[2026-07-01 12:07:27.365] [info] [task_scheduler.cpp:369] [locality-audit] dispatch task_id=77 preferred_device=3 actual_gpu=3
[2026-07-01 12:07:27.365] [info] [gpu_pipeline_task.cpp:182] [locality-audit] prepare_before pipeline_id=19 task_id=77 preferred_device=3 actual_gpu=3 target_tier=GPU target_device=3 input_bytes=101283840 local_bytes=101283840 remote_gpu_bytes=0 host_bytes=0 disk_bytes=0 batch_count=1
[2026-07-01 12:07:27.365] [info] [gpu_pipeline_task.cpp:182] [locality-audit] prepare_after pipeline_id=19 task_id=77 preferred_device=3 actual_gpu=3 target_tier=GPU target_device=3 input_bytes=101283840 local_bytes=101283840 remote_gpu_bytes=0 host_bytes=0 disk_bytes=0 batch_count=1
[2026-07-01 12:07:27.365] [info] [gpu_pipeline_task.cpp:182] [locality-audit] prepare_before pipeline_id=19 task_id=76 preferred_device=3 actual_gpu=3 target_tier=GPU target_device=3 input_bytes=105079960 local_bytes=105079960 remote_gpu_bytes=0 host_bytes=0 disk_bytes=0 batch_count=1
[2026-07-01 12:07:27.365] [info] [gpu_pipeline_task.cpp:182] [locality-audit] prepare_after pipeline_id=19 task_id=76 preferred_device=3 actual_gpu=3 target_tier=GPU target_device=3 input_bytes=105079960 local_bytes=105079960 remote_gpu_bytes=0 host_bytes=0 disk_bytes=0 batch_count=1
[2026-07-01 12:07:27.372] [info] [gpu_pipeline_task.cpp:311] [stage-audit] pipeline_id=19 task_id=77 operator_id=58 operator_name=PARTITION stage_kind=PARTITION operator_type=82 input_type=PIPELINEABLE output_type=PIPELINEABLE actual_gpu=3 pipeline_operator_count=1 input_batches=1 input_rows=3569472 input_columns=5 input_bytes=101283840 output_batches=4 output_rows=3569472 output_columns=20 output_bytes=99945216 byte_ratio=0.986783 row_ratio=1.000000 duration_us=6627
[2026-07-01 12:07:27.372] [info] [gpu_pipeline_task.cpp:311] [stage-audit] pipeline_id=19 task_id=75 operator_id=58 operator_name=PARTITION stage_kind=PARTITION operator_type=82 input_type=PIPELINEABLE output_type=PIPELINEABLE actual_gpu=3 pipeline_operator_count=1 input_batches=1 input_rows=1852796 input_columns=5 input_bytes=53036368 output_batches=4 output_rows=1852796 output_columns=20 output_bytes=51878288 byte_ratio=0.978164 row_ratio=1.000000 duration_us=7048
[2026-07-01 12:07:27.372] [info] [gpu_pipeline_task.cpp:311] [stage-audit] pipeline_id=19 task_id=76 operator_id=58 operator_name=PARTITION stage_kind=PARTITION operator_type=82 input_type=PIPELINEABLE output_type=PIPELINEABLE actual_gpu=3 pipeline_operator_count=1 input_batches=1 input_rows=3703258 input_columns=5 input_bytes=105079960 output_batches=4 output_rows=3703258 output_columns=20 output_bytes=103691224 byte_ratio=0.986784 row_ratio=1.000000 duration_us=6978
[2026-07-01 12:07:27.372] [info] [task_scheduler.cpp:367] [mgpu-audit] pipeline_task dispatched to GPU 1 task_id=79
[2026-07-01 12:07:27.372] [info] [task_scheduler.cpp:369] [locality-audit] dispatch task_id=79 preferred_device=1 actual_gpu=1
[2026-07-01 12:07:27.372] [info] [task_scheduler.cpp:367] [mgpu-audit] pipeline_task dispatched to GPU 2 task_id=80
[2026-07-01 12:07:27.372] [info] [task_scheduler.cpp:369] [locality-audit] dispatch task_id=80 preferred_device=2 actual_gpu=2
[2026-07-01 12:07:27.372] [info] [task_scheduler.cpp:367] [mgpu-audit] pipeline_task dispatched to GPU 0 task_id=78
[2026-07-01 12:07:27.372] [info] [task_scheduler.cpp:369] [locality-audit] dispatch task_id=78 preferred_device=0 actual_gpu=0
[2026-07-01 12:07:27.372] [info] [task_scheduler.cpp:367] [mgpu-audit] pipeline_task dispatched to GPU 3 task_id=81
[2026-07-01 12:07:27.372] [info] [task_scheduler.cpp:369] [locality-audit] dispatch task_id=81 preferred_device=3 actual_gpu=3
[2026-07-01 12:07:27.372] [info] [gpu_pipeline_task.cpp:182] [locality-audit] prepare_before pipeline_id=20 task_id=81 preferred_device=3 actual_gpu=3 target_tier=GPU target_device=3 input_bytes=63942816 local_bytes=63942816 remote_gpu_bytes=0 host_bytes=0 disk_bytes=0 batch_count=3
[2026-07-01 12:07:27.372] [info] [gpu_pipeline_task.cpp:182] [locality-audit] prepare_after pipeline_id=20 task_id=81 preferred_device=3 actual_gpu=3 target_tier=GPU target_device=3 input_bytes=63942816 local_bytes=63942816 remote_gpu_bytes=0 host_bytes=0 disk_bytes=0 batch_count=3
[2026-07-01 12:07:27.372] [info] [gpu_pipeline_task.cpp:182] [locality-audit] prepare_before pipeline_id=20 task_id=79 preferred_device=1 actual_gpu=1 target_tier=GPU target_device=1 input_bytes=63907872 local_bytes=0 remote_gpu_bytes=63907872 host_bytes=0 disk_bytes=0 batch_count=3
[2026-07-01 12:07:27.372] [info] [gpu_pipeline_task.cpp:182] [locality-audit] prepare_before pipeline_id=20 task_id=80 preferred_device=2 actual_gpu=2 target_tier=GPU target_device=2 input_bytes=63841680 local_bytes=0 remote_gpu_bytes=63841680 host_bytes=0 disk_bytes=0 batch_count=3
[2026-07-01 12:07:27.372] [info] [gpu_pipeline_task.cpp:182] [locality-audit] prepare_before pipeline_id=20 task_id=78 preferred_device=0 actual_gpu=0 target_tier=GPU target_device=0 input_bytes=63822360 local_bytes=0 remote_gpu_bytes=63822360 host_bytes=0 disk_bytes=0 batch_count=3
[2026-07-01 12:07:27.374] [info] [gpu_pipeline_task.cpp:311] [stage-audit] pipeline_id=20 task_id=81 operator_id=57 operator_name=CONCAT stage_kind=CONCAT operator_type=83 input_type=PARTITIONED output_type=PARTITIONED actual_gpu=3 pipeline_operator_count=1 input_batches=3 input_rows=2283672 input_columns=15 input_bytes=63942816 output_batches=1 output_rows=2283672 output_columns=5 output_bytes=63942816 byte_ratio=1.000000 row_ratio=1.000000 duration_us=1469
[2026-07-01 12:07:27.381] [info] [gpu_pipeline_task.cpp:182] [locality-audit] prepare_after pipeline_id=20 task_id=80 preferred_device=2 actual_gpu=2 target_tier=GPU target_device=2 input_bytes=63841680 local_bytes=63841680 remote_gpu_bytes=0 host_bytes=0 disk_bytes=0 batch_count=3
[2026-07-01 12:07:27.383] [info] [gpu_pipeline_task.cpp:182] [locality-audit] prepare_after pipeline_id=20 task_id=78 preferred_device=0 actual_gpu=0 target_tier=GPU target_device=0 input_bytes=63822360 local_bytes=63822360 remote_gpu_bytes=0 host_bytes=0 disk_bytes=0 batch_count=3
[2026-07-01 12:07:27.383] [info] [gpu_pipeline_task.cpp:311] [stage-audit] pipeline_id=20 task_id=80 operator_id=57 operator_name=CONCAT stage_kind=CONCAT operator_type=83 input_type=PARTITIONED output_type=PARTITIONED actual_gpu=2 pipeline_operator_count=1 input_batches=3 input_rows=2280060 input_columns=15 input_bytes=63841680 output_batches=1 output_rows=2280060 output_columns=5 output_bytes=63841680 byte_ratio=1.000000 row_ratio=1.000000 duration_us=1462
[2026-07-01 12:07:27.384] [info] [gpu_pipeline_task.cpp:182] [locality-audit] prepare_after pipeline_id=20 task_id=79 preferred_device=1 actual_gpu=1 target_tier=GPU target_device=1 input_bytes=63907872 local_bytes=63907872 remote_gpu_bytes=0 host_bytes=0 disk_bytes=0 batch_count=3
[2026-07-01 12:07:27.384] [info] [gpu_pipeline_task.cpp:311] [stage-audit] pipeline_id=20 task_id=78 operator_id=57 operator_name=CONCAT stage_kind=CONCAT operator_type=83 input_type=PARTITIONED output_type=PARTITIONED actual_gpu=0 pipeline_operator_count=1 input_batches=3 input_rows=2279370 input_columns=15 input_bytes=63822360 output_batches=1 output_rows=2279370 output_columns=5 output_bytes=63822360 byte_ratio=1.000000 row_ratio=1.000000 duration_us=1448
[2026-07-01 12:07:27.385] [info] [gpu_pipeline_task.cpp:311] [stage-audit] pipeline_id=20 task_id=79 operator_id=57 operator_name=CONCAT stage_kind=CONCAT operator_type=83 input_type=PARTITIONED output_type=PARTITIONED actual_gpu=1 pipeline_operator_count=1 input_batches=3 input_rows=2282424 input_columns=15 input_bytes=63907872 output_batches=1 output_rows=2282424 output_columns=5 output_bytes=63907872 byte_ratio=1.000000 row_ratio=1.000000 duration_us=1467
[2026-07-01 12:07:27.386] [info] [task_scheduler.cpp:367] [mgpu-audit] pipeline_task dispatched to GPU 1 task_id=84
[2026-07-01 12:07:27.386] [info] [task_scheduler.cpp:369] [locality-audit] dispatch task_id=84 preferred_device=1 actual_gpu=1
[2026-07-01 12:07:27.386] [info] [task_scheduler.cpp:367] [mgpu-audit] pipeline_task dispatched to GPU 2 task_id=85
[2026-07-01 12:07:27.386] [info] [task_scheduler.cpp:369] [locality-audit] dispatch task_id=85 preferred_device=2 actual_gpu=2
[2026-07-01 12:07:27.386] [info] [task_scheduler.cpp:367] [mgpu-audit] pipeline_task dispatched to GPU 0 task_id=83
[2026-07-01 12:07:27.386] [info] [task_scheduler.cpp:369] [locality-audit] dispatch task_id=83 preferred_device=0 actual_gpu=0
[2026-07-01 12:07:27.386] [info] [task_scheduler.cpp:367] [mgpu-audit] pipeline_task dispatched to GPU 3 task_id=82
[2026-07-01 12:07:27.386] [info] [task_scheduler.cpp:369] [locality-audit] dispatch task_id=82 preferred_device=3 actual_gpu=3
[2026-07-01 12:07:27.386] [info] [task_scheduler.cpp:367] [mgpu-audit] pipeline_task dispatched to GPU 1 task_id=88
[2026-07-01 12:07:27.386] [info] [task_scheduler.cpp:369] [locality-audit] dispatch task_id=88 preferred_device=1 actual_gpu=1
[2026-07-01 12:07:27.386] [info] [task_scheduler.cpp:367] [mgpu-audit] pipeline_task dispatched to GPU 3 task_id=86
[2026-07-01 12:07:27.386] [info] [task_scheduler.cpp:369] [locality-audit] dispatch task_id=86 preferred_device=3 actual_gpu=3
[2026-07-01 12:07:27.386] [info] [task_scheduler.cpp:367] [mgpu-audit] pipeline_task dispatched to GPU 2 task_id=89
[2026-07-01 12:07:27.386] [info] [task_scheduler.cpp:369] [locality-audit] dispatch task_id=89 preferred_device=2 actual_gpu=2
[2026-07-01 12:07:27.386] [info] [task_scheduler.cpp:367] [mgpu-audit] pipeline_task dispatched to GPU 0 task_id=87
[2026-07-01 12:07:27.386] [info] [task_scheduler.cpp:369] [locality-audit] dispatch task_id=87 preferred_device=0 actual_gpu=0
[2026-07-01 12:07:27.386] [info] [task_scheduler.cpp:367] [mgpu-audit] pipeline_task dispatched to GPU 1 task_id=92
[2026-07-01 12:07:27.386] [info] [task_scheduler.cpp:369] [locality-audit] dispatch task_id=92 preferred_device=1 actual_gpu=1
[2026-07-01 12:07:27.386] [info] [task_scheduler.cpp:367] [mgpu-audit] pipeline_task dispatched to GPU 3 task_id=90
[2026-07-01 12:07:27.386] [info] [task_scheduler.cpp:369] [locality-audit] dispatch task_id=90 preferred_device=3 actual_gpu=3
[2026-07-01 12:07:27.386] [info] [task_scheduler.cpp:367] [mgpu-audit] pipeline_task dispatched to GPU 3 task_id=94
[2026-07-01 12:07:27.386] [info] [task_scheduler.cpp:369] [locality-audit] dispatch task_id=94 preferred_device=3 actual_gpu=3
[2026-07-01 12:07:27.386] [info] [task_scheduler.cpp:367] [mgpu-audit] pipeline_task dispatched to GPU 3 task_id=98
[2026-07-01 12:07:27.386] [info] [task_scheduler.cpp:369] [locality-audit] dispatch task_id=98 preferred_device=3 actual_gpu=3
[2026-07-01 12:07:27.386] [info] [task_scheduler.cpp:367] [mgpu-audit] pipeline_task dispatched to GPU 1 task_id=96
[2026-07-01 12:07:27.386] [info] [task_scheduler.cpp:369] [locality-audit] dispatch task_id=96 preferred_device=1 actual_gpu=1
[2026-07-01 12:07:27.386] [info] [task_scheduler.cpp:367] [mgpu-audit] pipeline_task dispatched to GPU 1 task_id=100
[2026-07-01 12:07:27.386] [info] [task_scheduler.cpp:369] [locality-audit] dispatch task_id=100 preferred_device=1 actual_gpu=1
[2026-07-01 12:07:27.386] [info] [task_scheduler.cpp:367] [mgpu-audit] pipeline_task dispatched to GPU 2 task_id=93
[2026-07-01 12:07:27.386] [info] [task_scheduler.cpp:369] [locality-audit] dispatch task_id=93 preferred_device=2 actual_gpu=2
[2026-07-01 12:07:27.386] [info] [task_scheduler.cpp:367] [mgpu-audit] pipeline_task dispatched to GPU 2 task_id=97
[2026-07-01 12:07:27.386] [info] [task_scheduler.cpp:369] [locality-audit] dispatch task_id=97 preferred_device=2 actual_gpu=2
[2026-07-01 12:07:27.386] [info] [task_scheduler.cpp:367] [mgpu-audit] pipeline_task dispatched to GPU 0 task_id=91
[2026-07-01 12:07:27.386] [info] [task_scheduler.cpp:369] [locality-audit] dispatch task_id=91 preferred_device=0 actual_gpu=0
[2026-07-01 12:07:27.386] [info] [task_scheduler.cpp:367] [mgpu-audit] pipeline_task dispatched to GPU 0 task_id=95
[2026-07-01 12:07:27.386] [info] [task_scheduler.cpp:369] [locality-audit] dispatch task_id=95 preferred_device=0 actual_gpu=0
[2026-07-01 12:07:27.386] [info] [task_scheduler.cpp:367] [mgpu-audit] pipeline_task dispatched to GPU 2 task_id=101
[2026-07-01 12:07:27.386] [info] [task_scheduler.cpp:369] [locality-audit] dispatch task_id=101 preferred_device=2 actual_gpu=2
[2026-07-01 12:07:27.386] [info] [task_scheduler.cpp:367] [mgpu-audit] pipeline_task dispatched to GPU 0 task_id=99
[2026-07-01 12:07:27.386] [info] [task_scheduler.cpp:369] [locality-audit] dispatch task_id=99 preferred_device=0 actual_gpu=0
[2026-07-01 12:07:28.063] [info] [parquet_gpu_ingestible.cpp:696] [scan-audit] parquet_materialize target_gpu=1 files=/mnt/nvme/dataset/lineitem.parquet columns=l_orderkey,l_partkey,l_suppkey,l_extendedprice,l_discount row_groups=1326,1327,1328,1329,1330,1331,1332,1333,1334,1335,1336,1337,1338,1339,1340,1341,1342,1343,1344,1345,1346,1347,1348,1349,1350,1351,1352,1353,1354,1355,1356,1357,1358,1359,1360,1361,1362,1363,1364,1365,1366,1367,1368,1369,1370,1371,1372,1373,1374,1375,1376,1377,1378,1379,1380,1381,1382,1383,1384,1385,1386,1387,1388,1389,1390,1391,1392,1393,1394,1395,1396,1397,1398,1399,1400,1401,1402,1403,1404,1405,1406,1407,1408,1409,1410,1411,1412,1413,1414,1415,1416,1417,1418,1419,1420,1421,1422,1423,1424,1425,1426,1427,1428,1429,1430,1431,1432,1433,1434,1435,1436,1437,1438,1439,1440,1441,1442,1443,1444,1445,1446,1447,1448,1449,1450,1451,1452,1453,1454,1455,1456,1457 compressed_bytes=289564100 uncompressed_bytes=534437742 column_bytes=l_orderkey:25632109:131531956,l_partkey:89509739:131531956,l_suppkey:81128356:131531956,l_extendedprice:84987735:131531956,l_discount:8306161:8309918 output_rows=16440983 output_columns=5 split_count=1 duration_us=542448
[2026-07-01 12:07:28.063] [info] [gpu_pipeline_task.cpp:311] [stage-audit] pipeline_id=33 task_id=92 operator_id=70 operator_name=GPU_SCAN stage_kind=SCAN operator_type=94 input_type=GPU_SCAN output_type=PIPELINEABLE actual_gpu=1 pipeline_operator_count=1 input_batches=0 input_rows=0 input_columns=0 input_bytes=0 output_batches=1 output_rows=16440983 output_columns=5 output_bytes=667915160 byte_ratio=0.000000 row_ratio=0.000000 duration_us=677293
[2026-07-01 12:07:28.063] [info] [task_creator.cpp:352] [locality-audit] task_create operator_id=72 input_bytes=667915160 local_bytes=667915160 gpu_source_bytes=667915160 host_source_bytes=0 disk_source_bytes=0 gpu_sources=1 host_sources=0 preferred_device=1
[2026-07-01 12:07:28.063] [info] [task_scheduler.cpp:367] [mgpu-audit] pipeline_task dispatched to GPU 1 task_id=104
[2026-07-01 12:07:28.063] [info] [task_scheduler.cpp:369] [locality-audit] dispatch task_id=104 preferred_device=1 actual_gpu=1
[2026-07-01 12:07:28.188] [info] [parquet_gpu_ingestible.cpp:696] [scan-audit] parquet_materialize target_gpu=3 files=/mnt/nvme/dataset/lineitem.parquet columns=l_orderkey,l_partkey,l_suppkey,l_extendedprice,l_discount row_groups=0,1,2,3,4,5,6,7,8,9,10,11,12,13,14,15,16,17,18,19,20,21,22,23,24,25,26,27,28,29,30,31,32,33,34,35,36,37,38,39,40,41,42,43,44,45,46,47,48,49,50,51,52,53,54,55,56,57,58,59,60,61,62,63,64,65,66,67,68,69,70,71,72,73,74,75,76,77,78,79,80,81,82,83,84,85,86,87,88,89,90,91,92,93,94,95,96,97,98,99,100,101,102,103,104,105,106,107,108,109,110,111,112,113,114,115,116,117,118,119,120,121,122,123,124,125,126,127,128,129,130,131,132 compressed_bytes=290162316 uncompressed_bytes=535557226 column_bytes=l_orderkey:25682125:131807411,l_partkey:89696284:131807411,l_suppkey:81295958:131807411,l_extendedprice:85164139:131807411,l_discount:8323810:8327582 output_rows=16475411 output_columns=5 split_count=1 duration_us=664783
[2026-07-01 12:07:28.189] [info] [gpu_pipeline_task.cpp:311] [stage-audit] pipeline_id=33 task_id=82 operator_id=70 operator_name=GPU_SCAN stage_kind=SCAN operator_type=94 input_type=GPU_SCAN output_type=PIPELINEABLE actual_gpu=3 pipeline_operator_count=1 input_batches=0 input_rows=0 input_columns=0 input_bytes=0 output_batches=1 output_rows=16475411 output_columns=5 output_bytes=669313720 byte_ratio=0.000000 row_ratio=0.000000 duration_us=802860
[2026-07-01 12:07:28.189] [info] [task_creator.cpp:352] [locality-audit] task_create operator_id=72 input_bytes=669313720 local_bytes=669313720 gpu_source_bytes=669313720 host_source_bytes=0 disk_source_bytes=0 gpu_sources=1 host_sources=0 preferred_device=3
[2026-07-01 12:07:28.189] [info] [task_scheduler.cpp:367] [mgpu-audit] pipeline_task dispatched to GPU 3 task_id=102
[2026-07-01 12:07:28.189] [info] [task_scheduler.cpp:369] [locality-audit] dispatch task_id=102 preferred_device=3 actual_gpu=3
[2026-07-01 12:07:28.196] [info] [parquet_gpu_ingestible.cpp:696] [scan-audit] parquet_materialize target_gpu=0 files=/mnt/nvme/dataset/lineitem.parquet columns=l_orderkey,l_partkey,l_suppkey,l_extendedprice,l_discount row_groups=1194,1195,1196,1197,1198,1199,1200,1201,1202,1203,1204,1205,1206,1207,1208,1209,1210,1211,1212,1213,1214,1215,1216,1217,1218,1219,1220,1221,1222,1223,1224,1225,1226,1227,1228,1229,1230,1231,1232,1233,1234,1235,1236,1237,1238,1239,1240,1241,1242,1243,1244,1245,1246,1247,1248,1249,1250,1251,1252,1253,1254,1255,1256,1257,1258,1259,1260,1261,1262,1263,1264,1265,1266,1267,1268,1269,1270,1271,1272,1273,1274,1275,1276,1277,1278,1279,1280,1281,1282,1283,1284,1285,1286,1287,1288,1289,1290,1291,1292,1293,1294,1295,1296,1297,1298,1299,1300,1301,1302,1303,1304,1305,1306,1307,1308,1309,1310,1311,1312,1313,1314,1315,1316,1317,1318,1319,1320,1321,1322,1323,1324,1325 compressed_bytes=289560422 uncompressed_bytes=534438379 column_bytes=l_orderkey:25629889:131532212,l_partkey:89509086:131532212,l_suppkey:81126730:131532212,l_extendedprice:84988971:131532212,l_discount:8305746:8309531 output_rows=16441015 output_columns=5 split_count=1 duration_us=672411
[2026-07-01 12:07:28.196] [info] [gpu_pipeline_task.cpp:311] [stage-audit] pipeline_id=33 task_id=91 operator_id=70 operator_name=GPU_SCAN stage_kind=SCAN operator_type=94 input_type=GPU_SCAN output_type=PIPELINEABLE actual_gpu=0 pipeline_operator_count=1 input_batches=0 input_rows=0 input_columns=0 input_bytes=0 output_batches=1 output_rows=16441015 output_columns=5 output_bytes=667916440 byte_ratio=0.000000 row_ratio=0.000000 duration_us=810170
[2026-07-01 12:07:28.196] [info] [task_creator.cpp:352] [locality-audit] task_create operator_id=72 input_bytes=667916440 local_bytes=667916440 gpu_source_bytes=667916440 host_source_bytes=0 disk_source_bytes=0 gpu_sources=1 host_sources=0 preferred_device=0
[2026-07-01 12:07:28.196] [info] [task_scheduler.cpp:367] [mgpu-audit] pipeline_task dispatched to GPU 0 task_id=103
[2026-07-01 12:07:28.196] [info] [task_scheduler.cpp:369] [locality-audit] dispatch task_id=103 preferred_device=0 actual_gpu=0
[2026-07-01 12:07:28.200] [info] [parquet_gpu_ingestible.cpp:696] [scan-audit] parquet_materialize target_gpu=2 files=/mnt/nvme/dataset/lineitem.parquet columns=l_orderkey,l_partkey,l_suppkey,l_extendedprice,l_discount row_groups=399,400,401,402,403,404,405,406,407,408,409,410,411,412,413,414,415,416,417,418,419,420,421,422,423,424,425,426,427,428,429,430,431,432,433,434,435,436,437,438,439,440,441,442,443,444,445,446,447,448,449,450,451,452,453,454,455,456,457,458,459,460,461,462,463,464,465,466,467,468,469,470,471,472,473,474,475,476,477,478,479,480,481,482,483,484,485,486,487,488,489,490,491,492,493,494,495,496,497,498,499,500,501,502,503,504,505,506,507,508,509,510,511,512,513,514,515,516,517,518,519,520,521,522,523,524,525,526,527,528,529,530,531 compressed_bytes=289166655 uncompressed_bytes=533700894 column_bytes=l_orderkey:25595265:131349195,l_partkey:89384752:131349195,l_suppkey:81012912:131349195,l_extendedprice:84873383:131349195,l_discount:8300343:8304114 output_rows=16418134 output_columns=5 split_count=1 duration_us=677868
[2026-07-01 12:07:28.200] [info] [gpu_pipeline_task.cpp:311] [stage-audit] pipeline_id=33 task_id=85 operator_id=70 operator_name=GPU_SCAN stage_kind=SCAN operator_type=94 input_type=GPU_SCAN output_type=PIPELINEABLE actual_gpu=2 pipeline_operator_count=1 input_batches=0 input_rows=0 input_columns=0 input_bytes=0 output_batches=1 output_rows=16418134 output_columns=5 output_bytes=666986800 byte_ratio=0.000000 row_ratio=0.000000 duration_us=814432
[2026-07-01 12:07:28.200] [info] [task_creator.cpp:352] [locality-audit] task_create operator_id=72 input_bytes=666986800 local_bytes=666986800 gpu_source_bytes=666986800 host_source_bytes=0 disk_source_bytes=0 gpu_sources=1 host_sources=0 preferred_device=2
[2026-07-01 12:07:28.200] [info] [task_scheduler.cpp:367] [mgpu-audit] pipeline_task dispatched to GPU 2 task_id=105
[2026-07-01 12:07:28.200] [info] [task_scheduler.cpp:369] [locality-audit] dispatch task_id=105 preferred_device=2 actual_gpu=2
[2026-07-01 12:07:28.624] [info] [parquet_gpu_ingestible.cpp:696] [scan-audit] parquet_materialize target_gpu=1 files=/mnt/nvme/dataset/lineitem.parquet columns=l_orderkey,l_partkey,l_suppkey,l_extendedprice,l_discount row_groups=266,267,268,269,270,271,272,273,274,275,276,277,278,279,280,281,282,283,284,285,286,287,288,289,290,291,292,293,294,295,296,297,298,299,300,301,302,303,304,305,306,307,308,309,310,311,312,313,314,315,316,317,318,319,320,321,322,323,324,325,326,327,328,329,330,331,332,333,334,335,336,337,338,339,340,341,342,343,344,345,346,347,348,349,350,351,352,353,354,355,356,357,358,359,360,361,362,363,364,365,366,367,368,369,370,371,372,373,374,375,376,377,378,379,380,381,382,383,384,385,386,387,388,389,390,391,392,393,394,395,396,397,398 compressed_bytes=289168739 uncompressed_bytes=533682664 column_bytes=l_orderkey:25606175:131344771,l_partkey:89380389:131344771,l_suppkey:81013383:131344771,l_extendedprice:84869034:131344771,l_discount:8299758:8303580 output_rows=16417581 output_columns=5 split_count=1 duration_us=1088982
[2026-07-01 12:07:28.624] [info] [gpu_pipeline_task.cpp:311] [stage-audit] pipeline_id=33 task_id=84 operator_id=70 operator_name=GPU_SCAN stage_kind=SCAN operator_type=94 input_type=GPU_SCAN output_type=PIPELINEABLE actual_gpu=1 pipeline_operator_count=1 input_batches=0 input_rows=0 input_columns=0 input_bytes=0 output_batches=1 output_rows=16417581 output_columns=5 output_bytes=666964360 byte_ratio=0.000000 row_ratio=0.000000 duration_us=1238327
[2026-07-01 12:07:28.624] [info] [task_creator.cpp:352] [locality-audit] task_create operator_id=72 input_bytes=666964360 local_bytes=666964360 gpu_source_bytes=666964360 host_source_bytes=0 disk_source_bytes=0 gpu_sources=1 host_sources=0 preferred_device=1
[2026-07-01 12:07:28.624] [info] [task_scheduler.cpp:367] [mgpu-audit] pipeline_task dispatched to GPU 1 task_id=108
[2026-07-01 12:07:28.624] [info] [task_scheduler.cpp:369] [locality-audit] dispatch task_id=108 preferred_device=1 actual_gpu=1
[2026-07-01 12:07:28.761] [info] [parquet_gpu_ingestible.cpp:696] [scan-audit] parquet_materialize target_gpu=2 files=/mnt/nvme/dataset/lineitem.parquet columns=l_orderkey,l_partkey,l_suppkey,l_extendedprice,l_discount row_groups=1458,1459,1460,1461,1462,1463,1464,1465,1466,1467,1468,1469,1470,1471,1472,1473,1474,1475,1476,1477,1478,1479,1480,1481,1482,1483,1484,1485,1486,1487,1488,1489,1490,1491,1492,1493,1494,1495,1496,1497,1498,1499,1500,1501,1502,1503,1504,1505,1506,1507,1508,1509,1510,1511,1512,1513,1514,1515,1516,1517,1518,1519,1520,1521,1522,1523,1524,1525,1526,1527,1528,1529,1530,1531,1532,1533,1534,1535,1536,1537,1538,1539,1540,1541,1542,1543,1544,1545,1546,1547,1548,1549,1550,1551,1552,1553,1554,1555,1556,1557,1558,1559,1560,1561,1562,1563,1564,1565,1566,1567,1568,1569,1570,1571,1572,1573,1574,1575,1576,1577,1578,1579,1580,1581,1582,1583,1584,1585,1586,1587,1588,1589 compressed_bytes=289576312 uncompressed_bytes=534477894 column_bytes=l_orderkey:25629850:131541996,l_partkey:89513314:131541996,l_suppkey:81133336:131541996,l_extendedprice:84993647:131541996,l_discount:8306165:8309910 output_rows=16442238 output_columns=5 split_count=1 duration_us=1226706
[2026-07-01 12:07:28.761] [info] [gpu_pipeline_task.cpp:311] [stage-audit] pipeline_id=33 task_id=93 operator_id=70 operator_name=GPU_SCAN stage_kind=SCAN operator_type=94 input_type=GPU_SCAN output_type=PIPELINEABLE actual_gpu=2 pipeline_operator_count=1 input_batches=0 input_rows=0 input_columns=0 input_bytes=0 output_batches=1 output_rows=16442238 output_columns=5 output_bytes=667966000 byte_ratio=0.000000 row_ratio=0.000000 duration_us=1374735
[2026-07-01 12:07:28.761] [info] [task_scheduler.cpp:367] [mgpu-audit] pipeline_task dispatched to GPU 2 task_id=109
[2026-07-01 12:07:28.761] [info] [task_scheduler.cpp:369] [locality-audit] dispatch task_id=109 preferred_device=2 actual_gpu=2
[2026-07-01 12:07:28.761] [info] [task_creator.cpp:352] [locality-audit] task_create operator_id=72 input_bytes=667966000 local_bytes=667966000 gpu_source_bytes=667966000 host_source_bytes=0 disk_source_bytes=0 gpu_sources=1 host_sources=0 preferred_device=2
[2026-07-01 12:07:28.862] [info] [parquet_gpu_ingestible.cpp:696] [scan-audit] parquet_materialize target_gpu=0 files=/mnt/nvme/dataset/lineitem.parquet columns=l_orderkey,l_partkey,l_suppkey,l_extendedprice,l_discount row_groups=133,134,135,136,137,138,139,140,141,142,143,144,145,146,147,148,149,150,151,152,153,154,155,156,157,158,159,160,161,162,163,164,165,166,167,168,169,170,171,172,173,174,175,176,177,178,179,180,181,182,183,184,185,186,187,188,189,190,191,192,193,194,195,196,197,198,199,200,201,202,203,204,205,206,207,208,209,210,211,212,213,214,215,216,217,218,219,220,221,222,223,224,225,226,227,228,229,230,231,232,233,234,235,236,237,238,239,240,241,242,243,244,245,246,247,248,249,250,251,252,253,254,255,256,257,258,259,260,261,262,263,264,265 compressed_bytes=289165363 uncompressed_bytes=533699648 column_bytes=l_orderkey:25591853:131348883,l_partkey:89385445:131348883,l_suppkey:81014842:131348883,l_extendedprice:84872899:131348883,l_discount:8300324:8304116 output_rows=16418095 output_columns=5 split_count=1 duration_us=1329229
[2026-07-01 12:07:28.862] [info] [gpu_pipeline_task.cpp:311] [stage-audit] pipeline_id=33 task_id=83 operator_id=70 operator_name=GPU_SCAN stage_kind=SCAN operator_type=94 input_type=GPU_SCAN output_type=PIPELINEABLE actual_gpu=0 pipeline_operator_count=1 input_batches=0 input_rows=0 input_columns=0 input_bytes=0 output_batches=1 output_rows=16418095 output_columns=5 output_bytes=666985240 byte_ratio=0.000000 row_ratio=0.000000 duration_us=1476491
[2026-07-01 12:07:28.862] [info] [task_creator.cpp:352] [locality-audit] task_create operator_id=72 input_bytes=666985240 local_bytes=666985240 gpu_source_bytes=666985240 host_source_bytes=0 disk_source_bytes=0 gpu_sources=1 host_sources=0 preferred_device=0
[2026-07-01 12:07:28.863] [info] [task_scheduler.cpp:367] [mgpu-audit] pipeline_task dispatched to GPU 0 task_id=107
[2026-07-01 12:07:28.863] [info] [task_scheduler.cpp:369] [locality-audit] dispatch task_id=107 preferred_device=0 actual_gpu=0
[2026-07-01 12:07:28.945] [info] [parquet_gpu_ingestible.cpp:696] [scan-audit] parquet_materialize target_gpu=2 files=/mnt/nvme/dataset/lineitem.parquet columns=l_orderkey,l_partkey,l_suppkey,l_extendedprice,l_discount row_groups=930,931,932,933,934,935,936,937,938,939,940,941,942,943,944,945,946,947,948,949,950,951,952,953,954,955,956,957,958,959,960,961,962,963,964,965,966,967,968,969,970,971,972,973,974,975,976,977,978,979,980,981,982,983,984,985,986,987,988,989,990,991,992,993,994,995,996,997,998,999,1000,1001,1002,1003,1004,1005,1006,1007,1008,1009,1010,1011,1012,1013,1014,1015,1016,1017,1018,1019,1020,1021,1022,1023,1024,1025,1026,1027,1028,1029,1030,1031,1032,1033,1034,1035,1036,1037,1038,1039,1040,1041,1042,1043,1044,1045,1046,1047,1048,1049,1050,1051,1052,1053,1054,1055,1056,1057,1058,1059,1060,1061 compressed_bytes=289566076 uncompressed_bytes=534462634 column_bytes=l_orderkey:25623555:131538244,l_partkey:89513404:131538244,l_suppkey:81130691:131538244,l_extendedprice:84992525:131538244,l_discount:8305901:8309658 output_rows=16441769 output_columns=5 split_count=1 duration_us=1411146
[2026-07-01 12:07:28.945] [info] [gpu_pipeline_task.cpp:311] [stage-audit] pipeline_id=33 task_id=89 operator_id=70 operator_name=GPU_SCAN stage_kind=SCAN operator_type=94 input_type=GPU_SCAN output_type=PIPELINEABLE actual_gpu=2 pipeline_operator_count=1 input_batches=0 input_rows=0 input_columns=0 input_bytes=0 output_batches=1 output_rows=16441769 output_columns=5 output_bytes=667946920 byte_ratio=0.000000 row_ratio=0.000000 duration_us=1559011
[2026-07-01 12:07:28.945] [info] [task_scheduler.cpp:367] [mgpu-audit] pipeline_task dispatched to GPU 2 task_id=113
[2026-07-01 12:07:28.945] [info] [task_creator.cpp:352] [locality-audit] task_create operator_id=72 input_bytes=667946920 local_bytes=667946920 gpu_source_bytes=667946920 host_source_bytes=0 disk_source_bytes=0 gpu_sources=1 host_sources=0 preferred_device=2
[2026-07-01 12:07:28.945] [info] [task_scheduler.cpp:369] [locality-audit] dispatch task_id=113 preferred_device=2 actual_gpu=2
[2026-07-01 12:07:29.074] [info] [parquet_gpu_ingestible.cpp:696] [scan-audit] parquet_materialize target_gpu=3 files=/mnt/nvme/dataset/lineitem.parquet columns=l_orderkey,l_partkey,l_suppkey,l_extendedprice,l_discount row_groups=532,533,534,535,536,537,538,539,540,541,542,543,544,545,546,547,548,549,550,551,552,553,554,555,556,557,558,559,560,561,562,563,564,565,566,567,568,569,570,571,572,573,574,575,576,577,578,579,580,581,582,583,584,585,586,587,588,589,590,591,592,593,594,595,596,597,598,599,600,601,602,603,604,605,606,607,608,609,610,611,612,613,614,615,616,617,618,619,620,621,622,623,624,625,626,627,628,629,630,631,632,633,634,635,636,637,638,639,640,641,642,643,644,645,646,647,648,649,650,651,652,653,654,655,656,657,658,659,660,661,662,663,664 compressed_bytes=289172078 uncompressed_bytes=533713526 column_bytes=l_orderkey:25593106:131352419,l_partkey:89387291:131352419,l_suppkey:81017261:131352419,l_extendedprice:84874353:131352419,l_discount:8300067:8303850 output_rows=16418537 output_columns=5 split_count=1 duration_us=1541770
[2026-07-01 12:07:29.074] [info] [gpu_pipeline_task.cpp:311] [stage-audit] pipeline_id=33 task_id=86 operator_id=70 operator_name=GPU_SCAN stage_kind=SCAN operator_type=94 input_type=GPU_SCAN output_type=PIPELINEABLE actual_gpu=3 pipeline_operator_count=1 input_batches=0 input_rows=0 input_columns=0 input_bytes=0 output_batches=1 output_rows=16418537 output_columns=5 output_bytes=667003240 byte_ratio=0.000000 row_ratio=0.000000 duration_us=1688259
[2026-07-01 12:07:29.074] [info] [task_creator.cpp:352] [locality-audit] task_create operator_id=72 input_bytes=667003240 local_bytes=667003240 gpu_source_bytes=667003240 host_source_bytes=0 disk_source_bytes=0 gpu_sources=1 host_sources=0 preferred_device=3
[2026-07-01 12:07:29.074] [info] [task_scheduler.cpp:367] [mgpu-audit] pipeline_task dispatched to GPU 3 task_id=106
[2026-07-01 12:07:29.074] [info] [task_scheduler.cpp:369] [locality-audit] dispatch task_id=106 preferred_device=3 actual_gpu=3
[2026-07-01 12:07:29.146] [info] [parquet_gpu_ingestible.cpp:696] [scan-audit] parquet_materialize target_gpu=3 files=/mnt/nvme/dataset/lineitem.parquet columns=l_orderkey,l_partkey,l_suppkey,l_extendedprice,l_discount row_groups=1062,1063,1064,1065,1066,1067,1068,1069,1070,1071,1072,1073,1074,1075,1076,1077,1078,1079,1080,1081,1082,1083,1084,1085,1086,1087,1088,1089,1090,1091,1092,1093,1094,1095,1096,1097,1098,1099,1100,1101,1102,1103,1104,1105,1106,1107,1108,1109,1110,1111,1112,1113,1114,1115,1116,1117,1118,1119,1120,1121,1122,1123,1124,1125,1126,1127,1128,1129,1130,1131,1132,1133,1134,1135,1136,1137,1138,1139,1140,1141,1142,1143,1144,1145,1146,1147,1148,1149,1150,1151,1152,1153,1154,1155,1156,1157,1158,1159,1160,1161,1162,1163,1164,1165,1166,1167,1168,1169,1170,1171,1172,1173,1174,1175,1176,1177,1178,1179,1180,1181,1182,1183,1184,1185,1186,1187,1188,1189,1190,1191,1192,1193 compressed_bytes=289569808 uncompressed_bytes=534461706 column_bytes=l_orderkey:25629697:131537948,l_partkey:89510889:131537948,l_suppkey:81130877:131537948,l_extendedprice:84992187:131537948,l_discount:8306158:8309914 output_rows=16441732 output_columns=5 split_count=1 duration_us=1610949
[2026-07-01 12:07:29.146] [info] [gpu_pipeline_task.cpp:311] [stage-audit] pipeline_id=33 task_id=90 operator_id=70 operator_name=GPU_SCAN stage_kind=SCAN operator_type=94 input_type=GPU_SCAN output_type=PIPELINEABLE actual_gpu=3 pipeline_operator_count=1 input_batches=0 input_rows=0 input_columns=0 input_bytes=0 output_batches=1 output_rows=16441732 output_columns=5 output_bytes=667945440 byte_ratio=0.000000 row_ratio=0.000000 duration_us=1759834
[2026-07-01 12:07:29.146] [info] [task_scheduler.cpp:367] [mgpu-audit] pipeline_task dispatched to GPU 3 task_id=110
[2026-07-01 12:07:29.146] [info] [task_scheduler.cpp:369] [locality-audit] dispatch task_id=110 preferred_device=3 actual_gpu=3
[2026-07-01 12:07:29.146] [info] [task_creator.cpp:352] [locality-audit] task_create operator_id=72 input_bytes=667945440 local_bytes=667945440 gpu_source_bytes=667945440 host_source_bytes=0 disk_source_bytes=0 gpu_sources=1 host_sources=0 preferred_device=3
[2026-07-01 12:07:29.148] [info] [parquet_gpu_ingestible.cpp:696] [scan-audit] parquet_materialize target_gpu=0 files=/mnt/nvme/dataset/lineitem.parquet columns=l_orderkey,l_partkey,l_suppkey,l_extendedprice,l_discount row_groups=665,666,667,668,669,670,671,672,673,674,675,676,677,678,679,680,681,682,683,684,685,686,687,688,689,690,691,692,693,694,695,696,697,698,699,700,701,702,703,704,705,706,707,708,709,710,711,712,713,714,715,716,717,718,719,720,721,722,723,724,725,726,727,728,729,730,731,732,733,734,735,736,737,738,739,740,741,742,743,744,745,746,747,748,749,750,751,752,753,754,755,756,757,758,759,760,761,762,763,764,765,766,767,768,769,770,771,772,773,774,775,776,777,778,779,780,781,782,783,784,785,786,787,788,789,790,791,792,793,794,795,796,797 compressed_bytes=289163687 uncompressed_bytes=533697844 column_bytes=l_orderkey:25593499:131348435,l_partkey:89383122:131348435,l_suppkey:81015987:131348435,l_extendedprice:84870756:131348435,l_discount:8300323:8304104 output_rows=16418039 output_columns=5 split_count=1 duration_us=1613529
[2026-07-01 12:07:29.149] [info] [gpu_pipeline_task.cpp:311] [stage-audit] pipeline_id=33 task_id=87 operator_id=70 operator_name=GPU_SCAN stage_kind=SCAN operator_type=94 input_type=GPU_SCAN output_type=PIPELINEABLE actual_gpu=0 pipeline_operator_count=1 input_batches=0 input_rows=0 input_columns=0 input_bytes=0 output_batches=1 output_rows=16418039 output_columns=5 output_bytes=666983000 byte_ratio=0.000000 row_ratio=0.000000 duration_us=1762497
[2026-07-01 12:07:29.149] [info] [task_creator.cpp:352] [locality-audit] task_create operator_id=72 input_bytes=666983000 local_bytes=666983000 gpu_source_bytes=666983000 host_source_bytes=0 disk_source_bytes=0 gpu_sources=1 host_sources=0 preferred_device=0
[2026-07-01 12:07:29.149] [info] [task_scheduler.cpp:367] [mgpu-audit] pipeline_task dispatched to GPU 0 task_id=111
[2026-07-01 12:07:29.149] [info] [task_scheduler.cpp:369] [locality-audit] dispatch task_id=111 preferred_device=0 actual_gpu=0
[2026-07-01 12:07:29.153] [info] [parquet_gpu_ingestible.cpp:696] [scan-audit] parquet_materialize target_gpu=1 files=/mnt/nvme/dataset/lineitem.parquet columns=l_orderkey,l_partkey,l_suppkey,l_extendedprice,l_discount row_groups=798,799,800,801,802,803,804,805,806,807,808,809,810,811,812,813,814,815,816,817,818,819,820,821,822,823,824,825,826,827,828,829,830,831,832,833,834,835,836,837,838,839,840,841,842,843,844,845,846,847,848,849,850,851,852,853,854,855,856,857,858,859,860,861,862,863,864,865,866,867,868,869,870,871,872,873,874,875,876,877,878,879,880,881,882,883,884,885,886,887,888,889,890,891,892,893,894,895,896,897,898,899,900,901,902,903,904,905,906,907,908,909,910,911,912,913,914,915,916,917,918,919,920,921,922,923,924,925,926,927,928,929 compressed_bytes=289329018 uncompressed_bytes=534024923 column_bytes=l_orderkey:25602286:131430396,l_partkey:89438841:131430396,l_suppkey:81064883:131430396,l_extendedprice:84923397:131430396,l_discount:8299611:8303339 output_rows=16428288 output_columns=5 split_count=1 duration_us=1619292
[2026-07-01 12:07:29.153] [info] [gpu_pipeline_task.cpp:311] [stage-audit] pipeline_id=33 task_id=88 operator_id=70 operator_name=GPU_SCAN stage_kind=SCAN operator_type=94 input_type=GPU_SCAN output_type=PIPELINEABLE actual_gpu=1 pipeline_operator_count=1 input_batches=0 input_rows=0 input_columns=0 input_bytes=0 output_batches=1 output_rows=16428288 output_columns=5 output_bytes=667399360 byte_ratio=0.000000 row_ratio=0.000000 duration_us=1767309
[2026-07-01 12:07:29.153] [info] [task_creator.cpp:352] [locality-audit] task_create operator_id=72 input_bytes=667399360 local_bytes=667399360 gpu_source_bytes=667399360 host_source_bytes=0 disk_source_bytes=0 gpu_sources=1 host_sources=0 preferred_device=1
[2026-07-01 12:07:29.153] [info] [task_scheduler.cpp:367] [mgpu-audit] pipeline_task dispatched to GPU 1 task_id=112
[2026-07-01 12:07:29.153] [info] [task_scheduler.cpp:369] [locality-audit] dispatch task_id=112 preferred_device=1 actual_gpu=1
[2026-07-01 12:07:29.348] [info] [parquet_gpu_ingestible.cpp:696] [scan-audit] parquet_materialize target_gpu=1 files=/mnt/nvme/dataset/lineitem.parquet columns=l_orderkey,l_partkey,l_suppkey,l_extendedprice,l_discount row_groups=1854,1855,1856,1857,1858,1859,1860,1861,1862,1863,1864,1865,1866,1867,1868,1869,1870,1871,1872,1873,1874,1875,1876,1877,1878,1879,1880,1881,1882,1883,1884,1885,1886,1887,1888,1889,1890,1891,1892,1893,1894,1895,1896,1897,1898,1899,1900,1901,1902,1903,1904,1905,1906,1907,1908,1909,1910,1911,1912,1913,1914,1915,1916,1917,1918,1919,1920,1921,1922,1923,1924,1925,1926,1927,1928,1929,1930,1931,1932,1933,1934,1935,1936,1937,1938,1939,1940,1941,1942,1943,1944,1945,1946,1947,1948,1949,1950,1951,1952,1953,1954,1955,1956,1957,1958,1959,1960,1961,1962,1963,1964,1965,1966,1967,1968,1969,1970,1971,1972,1973,1974,1975,1976,1977,1978,1979,1980,1981,1982,1983,1984,1985 compressed_bytes=289563784 uncompressed_bytes=534444986 column_bytes=l_orderkey:25632876:131533828,l_partkey:89508358:131533828,l_suppkey:81128492:131533828,l_extendedprice:84988133:131533828,l_discount:8305925:8309674 output_rows=16441217 output_columns=5 split_count=1 duration_us=1242453
[2026-07-01 12:07:29.348] [info] [gpu_pipeline_task.cpp:311] [stage-audit] pipeline_id=33 task_id=96 operator_id=70 operator_name=GPU_SCAN stage_kind=SCAN operator_type=94 input_type=GPU_SCAN output_type=PIPELINEABLE actual_gpu=1 pipeline_operator_count=1 input_batches=0 input_rows=0 input_columns=0 input_bytes=0 output_batches=1 output_rows=16441217 output_columns=5 output_bytes=667924520 byte_ratio=0.000000 row_ratio=0.000000 duration_us=1284554
[2026-07-01 12:07:29.348] [info] [task_creator.cpp:352] [locality-audit] task_create operator_id=72 input_bytes=667924520 local_bytes=667924520 gpu_source_bytes=667924520 host_source_bytes=0 disk_source_bytes=0 gpu_sources=1 host_sources=0 preferred_device=1
[2026-07-01 12:07:29.348] [info] [task_scheduler.cpp:367] [mgpu-audit] pipeline_task dispatched to GPU 1 task_id=116
[2026-07-01 12:07:29.348] [info] [task_scheduler.cpp:369] [locality-audit] dispatch task_id=116 preferred_device=1 actual_gpu=1
[2026-07-01 12:07:29.542] [info] [parquet_gpu_ingestible.cpp:696] [scan-audit] parquet_materialize target_gpu=1 files=/mnt/nvme/dataset/lineitem.parquet columns=l_orderkey,l_partkey,l_suppkey,l_extendedprice,l_discount row_groups=2382,2383,2384,2385,2386,2387,2388,2389,2390,2391,2392,2393,2394,2395,2396,2397,2398,2399,2400,2401,2402,2403,2404,2405,2406,2407,2408,2409,2410,2411,2412,2413,2414,2415,2416,2417,2418,2419,2420,2421,2422,2423,2424,2425,2426,2427,2428,2429,2430,2431,2432,2433,2434,2435,2436,2437,2438,2439,2440,2441,2442,2443,2444,2445,2446,2447,2448,2449,2450,2451,2452,2453,2454,2455,2456,2457,2458,2459,2460,2461,2462,2463,2464,2465,2466,2467,2468,2469,2470,2471,2472,2473,2474,2475,2476,2477,2478,2479,2480,2481,2482,2483,2484,2485,2486,2487,2488,2489,2490,2491,2492,2493,2494,2495,2496,2497,2498,2499,2500,2501,2502,2503,2504,2505,2506,2507,2508,2509,2510,2511,2512,2513 compressed_bytes=289564344 uncompressed_bytes=534466252 column_bytes=l_orderkey:25623375:131539148,l_partkey:89512864:131539148,l_suppkey:81131116:131539148,l_extendedprice:84991081:131539148,l_discount:8305908:8309660 output_rows=16441882 output_columns=5 split_count=1 duration_us=1412737
[2026-07-01 12:07:29.542] [info] [gpu_pipeline_task.cpp:311] [stage-audit] pipeline_id=33 task_id=100 operator_id=70 operator_name=GPU_SCAN stage_kind=SCAN operator_type=94 input_type=GPU_SCAN output_type=PIPELINEABLE actual_gpu=1 pipeline_operator_count=1 input_batches=0 input_rows=0 input_columns=0 input_bytes=0 output_batches=1 output_rows=16441882 output_columns=5 output_bytes=667951760 byte_ratio=0.000000 row_ratio=0.000000 duration_us=1478484
[2026-07-01 12:07:29.542] [info] [task_creator.cpp:352] [locality-audit] task_create operator_id=72 input_bytes=667951760 local_bytes=667951760 gpu_source_bytes=667951760 host_source_bytes=0 disk_source_bytes=0 gpu_sources=1 host_sources=0 preferred_device=1
[2026-07-01 12:07:29.542] [info] [task_scheduler.cpp:367] [mgpu-audit] pipeline_task dispatched to GPU 1 task_id=119
[2026-07-01 12:07:29.542] [info] [task_scheduler.cpp:369] [locality-audit] dispatch task_id=119 preferred_device=1 actual_gpu=1
[2026-07-01 12:07:29.716] [info] [parquet_gpu_ingestible.cpp:696] [scan-audit] parquet_materialize target_gpu=3 files=/mnt/nvme/dataset/lineitem.parquet columns=l_orderkey,l_partkey,l_suppkey,l_extendedprice,l_discount row_groups=1590,1591,1592,1593,1594,1595,1596,1597,1598,1599,1600,1601,1602,1603,1604,1605,1606,1607,1608,1609,1610,1611,1612,1613,1614,1615,1616,1617,1618,1619,1620,1621,1622,1623,1624,1625,1626,1627,1628,1629,1630,1631,1632,1633,1634,1635,1636,1637,1638,1639,1640,1641,1642,1643,1644,1645,1646,1647,1648,1649,1650,1651,1652,1653,1654,1655,1656,1657,1658,1659,1660,1661,1662,1663,1664,1665,1666,1667,1668,1669,1670,1671,1672,1673,1674,1675,1676,1677,1678,1679,1680,1681,1682,1683,1684,1685,1686,1687,1688,1689,1690,1691,1692,1693,1694,1695,1696,1697,1698,1699,1700,1701,1702,1703,1704,1705,1706,1707,1708,1709,1710,1711,1712,1713,1714,1715,1716,1717,1718,1719,1720,1721 compressed_bytes=289548836 uncompressed_bytes=534442177 column_bytes=l_orderkey:25619123:131533100,l_partkey:89506794:131533100,l_suppkey:81127333:131533100,l_extendedprice:84989553:131533100,l_discount:8306033:8309777 output_rows=16441126 output_columns=5 split_count=1 duration_us=1477528
[2026-07-01 12:07:29.716] [info] [gpu_pipeline_task.cpp:311] [stage-audit] pipeline_id=33 task_id=94 operator_id=70 operator_name=GPU_SCAN stage_kind=SCAN operator_type=94 input_type=GPU_SCAN output_type=PIPELINEABLE actual_gpu=3 pipeline_operator_count=1 input_batches=0 input_rows=0 input_columns=0 input_bytes=0 output_batches=1 output_rows=16441126 output_columns=5 output_bytes=667920880 byte_ratio=0.000000 row_ratio=0.000000 duration_us=1527265
[2026-07-01 12:07:29.716] [info] [task_creator.cpp:352] [locality-audit] task_create operator_id=72 input_bytes=667920880 local_bytes=667920880 gpu_source_bytes=667920880 host_source_bytes=0 disk_source_bytes=0 gpu_sources=1 host_sources=0 preferred_device=3
[2026-07-01 12:07:29.716] [info] [task_scheduler.cpp:367] [mgpu-audit] pipeline_task dispatched to GPU 3 task_id=114
[2026-07-01 12:07:29.716] [info] [task_scheduler.cpp:369] [locality-audit] dispatch task_id=114 preferred_device=3 actual_gpu=3
[2026-07-01 12:07:29.945] [info] [parquet_gpu_ingestible.cpp:696] [scan-audit] parquet_materialize target_gpu=0 files=/mnt/nvme/dataset/lineitem.parquet columns=l_orderkey,l_partkey,l_suppkey,l_extendedprice,l_discount row_groups=1722,1723,1724,1725,1726,1727,1728,1729,1730,1731,1732,1733,1734,1735,1736,1737,1738,1739,1740,1741,1742,1743,1744,1745,1746,1747,1748,1749,1750,1751,1752,1753,1754,1755,1756,1757,1758,1759,1760,1761,1762,1763,1764,1765,1766,1767,1768,1769,1770,1771,1772,1773,1774,1775,1776,1777,1778,1779,1780,1781,1782,1783,1784,1785,1786,1787,1788,1789,1790,1791,1792,1793,1794,1795,1796,1797,1798,1799,1800,1801,1802,1803,1804,1805,1806,1807,1808,1809,1810,1811,1812,1813,1814,1815,1816,1817,1818,1819,1820,1821,1822,1823,1824,1825,1826,1827,1828,1829,1830,1831,1832,1833,1834,1835,1836,1837,1838,1839,1840,1841,1842,1843,1844,1845,1846,1847,1848,1849,1850,1851,1852,1853 compressed_bytes=289560934 uncompressed_bytes=534451646 column_bytes=l_orderkey:25627185:131535436,l_partkey:89508253:131535436,l_suppkey:81127991:131535436,l_extendedprice:84991372:131535436,l_discount:8306133:8309902 output_rows=16441418 output_columns=5 split_count=1 duration_us=1701089
[2026-07-01 12:07:29.945] [info] [gpu_pipeline_task.cpp:311] [stage-audit] pipeline_id=33 task_id=95 operator_id=70 operator_name=GPU_SCAN stage_kind=SCAN operator_type=94 input_type=GPU_SCAN output_type=PIPELINEABLE actual_gpu=0 pipeline_operator_count=1 input_batches=0 input_rows=0 input_columns=0 input_bytes=0 output_batches=1 output_rows=16441418 output_columns=5 output_bytes=667932880 byte_ratio=0.000000 row_ratio=0.000000 duration_us=1748405
[2026-07-01 12:07:29.945] [info] [task_creator.cpp:352] [locality-audit] task_create operator_id=72 input_bytes=667932880 local_bytes=667932880 gpu_source_bytes=667932880 host_source_bytes=0 disk_source_bytes=0 gpu_sources=1 host_sources=0 preferred_device=0
[2026-07-01 12:07:29.945] [info] [task_scheduler.cpp:367] [mgpu-audit] pipeline_task dispatched to GPU 0 task_id=115
[2026-07-01 12:07:29.945] [info] [task_scheduler.cpp:369] [locality-audit] dispatch task_id=115 preferred_device=0 actual_gpu=0
[2026-07-01 12:07:29.950] [info] [parquet_gpu_ingestible.cpp:696] [scan-audit] parquet_materialize target_gpu=2 files=/mnt/nvme/dataset/lineitem.parquet columns=l_orderkey,l_partkey,l_suppkey,l_extendedprice,l_discount row_groups=1986,1987,1988,1989,1990,1991,1992,1993,1994,1995,1996,1997,1998,1999,2000,2001,2002,2003,2004,2005,2006,2007,2008,2009,2010,2011,2012,2013,2014,2015,2016,2017,2018,2019,2020,2021,2022,2023,2024,2025,2026,2027,2028,2029,2030,2031,2032,2033,2034,2035,2036,2037,2038,2039,2040,2041,2042,2043,2044,2045,2046,2047,2048,2049,2050,2051,2052,2053,2054,2055,2056,2057,2058,2059,2060,2061,2062,2063,2064,2065,2066,2067,2068,2069,2070,2071,2072,2073,2074,2075,2076,2077,2078,2079,2080,2081,2082,2083,2084,2085,2086,2087,2088,2089,2090,2091,2092,2093,2094,2095,2096,2097,2098,2099,2100,2101,2102,2103,2104,2105,2106,2107,2108,2109,2110,2111,2112,2113,2114,2115,2116,2117 compressed_bytes=289562735 uncompressed_bytes=534455032 column_bytes=l_orderkey:25630592:131536284,l_partkey:89509140:131536284,l_suppkey:81128278:131536284,l_extendedprice:84988581:131536284,l_discount:8306144:8309896 output_rows=16441524 output_columns=5 split_count=1 duration_us=1707630
[2026-07-01 12:07:29.950] [info] [gpu_pipeline_task.cpp:311] [stage-audit] pipeline_id=33 task_id=97 operator_id=70 operator_name=GPU_SCAN stage_kind=SCAN operator_type=94 input_type=GPU_SCAN output_type=PIPELINEABLE actual_gpu=2 pipeline_operator_count=1 input_batches=0 input_rows=0 input_columns=0 input_bytes=0 output_batches=1 output_rows=16441524 output_columns=5 output_bytes=667937120 byte_ratio=0.000000 row_ratio=0.000000 duration_us=1750164
[2026-07-01 12:07:29.951] [info] [task_creator.cpp:352] [locality-audit] task_create operator_id=72 input_bytes=667937120 local_bytes=667937120 gpu_source_bytes=667937120 host_source_bytes=0 disk_source_bytes=0 gpu_sources=1 host_sources=0 preferred_device=2
[2026-07-01 12:07:29.951] [info] [task_scheduler.cpp:367] [mgpu-audit] pipeline_task dispatched to GPU 2 task_id=117
[2026-07-01 12:07:29.951] [info] [task_scheduler.cpp:369] [locality-audit] dispatch task_id=117 preferred_device=2 actual_gpu=2
[2026-07-01 12:07:30.161] [info] [parquet_gpu_ingestible.cpp:696] [scan-audit] parquet_materialize target_gpu=3 files=/mnt/nvme/dataset/lineitem.parquet columns=l_orderkey,l_partkey,l_suppkey,l_extendedprice,l_discount row_groups=2118,2119,2120,2121,2122,2123,2124,2125,2126,2127,2128,2129,2130,2131,2132,2133,2134,2135,2136,2137,2138,2139,2140,2141,2142,2143,2144,2145,2146,2147,2148,2149,2150,2151,2152,2153,2154,2155,2156,2157,2158,2159,2160,2161,2162,2163,2164,2165,2166,2167,2168,2169,2170,2171,2172,2173,2174,2175,2176,2177,2178,2179,2180,2181,2182,2183,2184,2185,2186,2187,2188,2189,2190,2191,2192,2193,2194,2195,2196,2197,2198,2199,2200,2201,2202,2203,2204,2205,2206,2207,2208,2209,2210,2211,2212,2213,2214,2215,2216,2217,2218,2219,2220,2221,2222,2223,2224,2225,2226,2227,2228,2229,2230,2231,2232,2233,2234,2235,2236,2237,2238,2239,2240,2241,2242,2243,2244,2245,2246,2247,2248,2249 compressed_bytes=289567511 uncompressed_bytes=534444503 column_bytes=l_orderkey:25631791:131533684,l_partkey:89509637:131533684,l_suppkey:81129324:131533684,l_extendedprice:84990763:131533684,l_discount:8305996:8309767 output_rows=16441199 output_columns=5 split_count=1 duration_us=1911821
[2026-07-01 12:07:30.161] [info] [gpu_pipeline_task.cpp:311] [stage-audit] pipeline_id=33 task_id=98 operator_id=70 operator_name=GPU_SCAN stage_kind=SCAN operator_type=94 input_type=GPU_SCAN output_type=PIPELINEABLE actual_gpu=3 pipeline_operator_count=1 input_batches=0 input_rows=0 input_columns=0 input_bytes=0 output_batches=1 output_rows=16441199 output_columns=5 output_bytes=667923800 byte_ratio=0.000000 row_ratio=0.000000 duration_us=1972792
[2026-07-01 12:07:30.162] [info] [task_scheduler.cpp:367] [mgpu-audit] pipeline_task dispatched to GPU 3 task_id=118
[2026-07-01 12:07:30.162] [info] [task_scheduler.cpp:369] [locality-audit] dispatch task_id=118 preferred_device=3 actual_gpu=3
[2026-07-01 12:07:30.162] [info] [task_creator.cpp:352] [locality-audit] task_create operator_id=72 input_bytes=667923800 local_bytes=667923800 gpu_source_bytes=667923800 host_source_bytes=0 disk_source_bytes=0 gpu_sources=1 host_sources=0 preferred_device=3
[2026-07-01 12:07:30.270] [info] [parquet_gpu_ingestible.cpp:696] [scan-audit] parquet_materialize target_gpu=2 files=/mnt/nvme/dataset/lineitem.parquet columns=l_orderkey,l_partkey,l_suppkey,l_extendedprice,l_discount row_groups=2514,2515,2516,2517,2518,2519,2520,2521,2522,2523,2524,2525,2526,2527,2528,2529,2530,2531,2532,2533,2534,2535,2536,2537,2538,2539,2540,2541,2542,2543,2544,2545,2546,2547,2548,2549,2550,2551,2552,2553,2554,2555,2556,2557,2558,2559,2560,2561,2562,2563,2564,2565,2566,2567,2568,2569,2570,2571,2572,2573,2574,2575,2576,2577,2578,2579,2580,2581,2582,2583,2584,2585,2586,2587,2588,2589,2590,2591,2592,2593,2594,2595,2596,2597,2598,2599,2600,2601,2602,2603,2604,2605,2606,2607,2608,2609,2610,2611,2612,2613,2614,2615,2616,2617,2618,2619,2620,2621,2622,2623,2624,2625,2626,2627,2628,2629,2630,2631,2632,2633,2634,2635,2636,2637,2638,2639,2640,2641,2642,2643,2644,2645 compressed_bytes=289581060 uncompressed_bytes=534479877 column_bytes=l_orderkey:25631537:131542460,l_partkey:89514069:131542460,l_suppkey:81133013:131542460,l_extendedprice:84996139:131542460,l_discount:8306302:8310037 output_rows=16442296 output_columns=5 split_count=1 duration_us=2006947
[2026-07-01 12:07:30.270] [info] [gpu_pipeline_task.cpp:311] [stage-audit] pipeline_id=33 task_id=101 operator_id=70 operator_name=GPU_SCAN stage_kind=SCAN operator_type=94 input_type=GPU_SCAN output_type=PIPELINEABLE actual_gpu=2 pipeline_operator_count=1 input_batches=0 input_rows=0 input_columns=0 input_bytes=0 output_batches=1 output_rows=16442296 output_columns=5 output_bytes=667968320 byte_ratio=0.000000 row_ratio=0.000000 duration_us=2069920
[2026-07-01 12:07:30.270] [info] [task_scheduler.cpp:367] [mgpu-audit] pipeline_task dispatched to GPU 2 task_id=122
[2026-07-01 12:07:30.270] [info] [task_creator.cpp:352] [locality-audit] task_create operator_id=72 input_bytes=667968320 local_bytes=667968320 gpu_source_bytes=667968320 host_source_bytes=0 disk_source_bytes=0 gpu_sources=1 host_sources=0 preferred_device=2
[2026-07-01 12:07:30.270] [info] [task_scheduler.cpp:369] [locality-audit] dispatch task_id=122 preferred_device=2 actual_gpu=2
[2026-07-01 12:07:30.372] [info] [parquet_gpu_ingestible.cpp:696] [scan-audit] parquet_materialize target_gpu=0 files=/mnt/nvme/dataset/lineitem.parquet columns=l_orderkey,l_partkey,l_suppkey,l_extendedprice,l_discount row_groups=2250,2251,2252,2253,2254,2255,2256,2257,2258,2259,2260,2261,2262,2263,2264,2265,2266,2267,2268,2269,2270,2271,2272,2273,2274,2275,2276,2277,2278,2279,2280,2281,2282,2283,2284,2285,2286,2287,2288,2289,2290,2291,2292,2293,2294,2295,2296,2297,2298,2299,2300,2301,2302,2303,2304,2305,2306,2307,2308,2309,2310,2311,2312,2313,2314,2315,2316,2317,2318,2319,2320,2321,2322,2323,2324,2325,2326,2327,2328,2329,2330,2331,2332,2333,2334,2335,2336,2337,2338,2339,2340,2341,2342,2343,2344,2345,2346,2347,2348,2349,2350,2351,2352,2353,2354,2355,2356,2357,2358,2359,2360,2361,2362,2363,2364,2365,2366,2367,2368,2369,2370,2371,2372,2373,2374,2375,2376,2377,2378,2379,2380,2381 compressed_bytes=289575940 uncompressed_bytes=534468420 column_bytes=l_orderkey:25635140:131539628,l_partkey:89513211:131539628,l_suppkey:81129906:131539628,l_extendedprice:84991532:131539628,l_discount:8306151:8309908 output_rows=16441942 output_columns=5 split_count=1 duration_us=2105963
[2026-07-01 12:07:30.372] [info] [gpu_pipeline_task.cpp:311] [stage-audit] pipeline_id=33 task_id=99 operator_id=70 operator_name=GPU_SCAN stage_kind=SCAN operator_type=94 input_type=GPU_SCAN output_type=PIPELINEABLE actual_gpu=0 pipeline_operator_count=1 input_batches=0 input_rows=0 input_columns=0 input_bytes=0 output_batches=1 output_rows=16441942 output_columns=5 output_bytes=667954160 byte_ratio=0.000000 row_ratio=0.000000 duration_us=2175683
[2026-07-01 12:07:30.372] [info] [task_creator.cpp:352] [locality-audit] task_create operator_id=72 input_bytes=667954160 local_bytes=667954160 gpu_source_bytes=667954160 host_source_bytes=0 disk_source_bytes=0 gpu_sources=1 host_sources=0 preferred_device=0
[2026-07-01 12:07:30.373] [info] [task_scheduler.cpp:367] [mgpu-audit] pipeline_task dispatched to GPU 0 task_id=121
[2026-07-01 12:07:30.373] [info] [task_scheduler.cpp:369] [locality-audit] dispatch task_id=121 preferred_device=0 actual_gpu=0
[2026-07-01 12:07:30.535] [info] [parquet_gpu_ingestible.cpp:696] [scan-audit] parquet_materialize target_gpu=1 files=/mnt/nvme/dataset/lineitem.parquet columns=l_orderkey,l_partkey,l_suppkey,l_extendedprice,l_discount row_groups=2910,2911,2912,2913,2914,2915,2916,2917,2918,2919,2920,2921,2922,2923,2924,2925,2926,2927,2928,2929,2930,2931,2932,2933,2934,2935,2936,2937,2938,2939,2940,2941,2942,2943,2944,2945,2946,2947,2948,2949,2950,2951,2952,2953,2954,2955,2956,2957,2958,2959,2960,2961,2962,2963,2964,2965,2966,2967,2968,2969,2970,2971,2972,2973,2974,2975,2976,2977,2978,2979,2980,2981,2982,2983,2984,2985,2986,2987,2988,2989,2990,2991,2992,2993,2994,2995,2996,2997,2998,2999,3000,3001,3002,3003,3004,3005,3006,3007,3008,3009,3010,3011,3012,3013,3014,3015,3016,3017,3018,3019,3020,3021,3022,3023,3024,3025,3026,3027,3028,3029,3030,3031,3032,3033,3034,3035,3036,3037,3038,3039,3040,3041 compressed_bytes=289551326 uncompressed_bytes=534435225 column_bytes=l_orderkey:25624175:131531356,l_partkey:89506525:131531356,l_suppkey:81127350:131531356,l_extendedprice:84987218:131531356,l_discount:8306058:8309801 output_rows=16440908 output_columns=5 split_count=1 duration_us=1851173
[2026-07-01 12:07:30.535] [info] [gpu_pipeline_task.cpp:311] [stage-audit] pipeline_id=33 task_id=104 operator_id=70 operator_name=GPU_SCAN stage_kind=SCAN operator_type=94 input_type=GPU_SCAN output_type=PIPELINEABLE actual_gpu=1 pipeline_operator_count=1 input_batches=0 input_rows=0 input_columns=0 input_bytes=0 output_batches=1 output_rows=16440908 output_columns=5 output_bytes=667912160 byte_ratio=0.000000 row_ratio=0.000000 duration_us=1911038
[2026-07-01 12:07:30.535] [info] [task_creator.cpp:352] [locality-audit] task_create operator_id=72 input_bytes=667912160 local_bytes=667912160 gpu_source_bytes=667912160 host_source_bytes=0 disk_source_bytes=0 gpu_sources=1 host_sources=0 preferred_device=1
[2026-07-01 12:07:30.535] [info] [task_scheduler.cpp:367] [mgpu-audit] pipeline_task dispatched to GPU 1 task_id=123
[2026-07-01 12:07:30.536] [info] [task_scheduler.cpp:369] [locality-audit] dispatch task_id=123 preferred_device=1 actual_gpu=1
[2026-07-01 12:07:30.536] [info] [gpu_pipeline_task.cpp:182] [locality-audit] prepare_before pipeline_id=34 task_id=119 preferred_device=1 actual_gpu=1 target_tier=GPU target_device=1 input_bytes=667915160 local_bytes=667915160 remote_gpu_bytes=0 host_bytes=0 disk_bytes=0 batch_count=1
[2026-07-01 12:07:30.536] [info] [gpu_pipeline_task.cpp:182] [locality-audit] prepare_after pipeline_id=34 task_id=119 preferred_device=1 actual_gpu=1 target_tier=GPU target_device=1 input_bytes=667915160 local_bytes=667915160 remote_gpu_bytes=0 host_bytes=0 disk_bytes=0 batch_count=1
[2026-07-01 12:07:30.553] [info] [gpu_pipeline_task.cpp:311] [stage-audit] pipeline_id=34 task_id=119 operator_id=72 operator_name=PARTITION stage_kind=PARTITION operator_type=82 input_type=PIPELINEABLE output_type=PIPELINEABLE actual_gpu=1 pipeline_operator_count=1 input_batches=1 input_rows=16440983 input_columns=5 input_bytes=667915160 output_batches=4 output_rows=16440983 output_columns=20 output_bytes=657639320 byte_ratio=0.984615 row_ratio=1.000000 duration_us=17269
[2026-07-01 12:07:30.553] [info] [task_scheduler.cpp:367] [mgpu-audit] pipeline_task dispatched to GPU 1 task_id=130
[2026-07-01 12:07:30.553] [info] [task_scheduler.cpp:369] [locality-audit] dispatch task_id=130 preferred_device=1 actual_gpu=1
[2026-07-01 12:07:30.553] [info] [gpu_pipeline_task.cpp:182] [locality-audit] prepare_before pipeline_id=34 task_id=123 preferred_device=1 actual_gpu=1 target_tier=GPU target_device=1 input_bytes=666964360 local_bytes=666964360 remote_gpu_bytes=0 host_bytes=0 disk_bytes=0 batch_count=1
[2026-07-01 12:07:30.553] [info] [gpu_pipeline_task.cpp:182] [locality-audit] prepare_after pipeline_id=34 task_id=123 preferred_device=1 actual_gpu=1 target_tier=GPU target_device=1 input_bytes=666964360 local_bytes=666964360 remote_gpu_bytes=0 host_bytes=0 disk_bytes=0 batch_count=1
[2026-07-01 12:07:30.563] [info] [gpu_pipeline_task.cpp:311] [stage-audit] pipeline_id=34 task_id=123 operator_id=72 operator_name=PARTITION stage_kind=PARTITION operator_type=82 input_type=PIPELINEABLE output_type=PIPELINEABLE actual_gpu=1 pipeline_operator_count=1 input_batches=1 input_rows=16417581 input_columns=5 input_bytes=666964360 output_batches=4 output_rows=16417581 output_columns=20 output_bytes=656703240 byte_ratio=0.984615 row_ratio=1.000000 duration_us=9962
[2026-07-01 12:07:30.563] [info] [task_scheduler.cpp:367] [mgpu-audit] pipeline_task dispatched to GPU 1 task_id=131
[2026-07-01 12:07:30.563] [info] [task_scheduler.cpp:369] [locality-audit] dispatch task_id=131 preferred_device=1 actual_gpu=1
[2026-07-01 12:07:30.563] [info] [gpu_pipeline_task.cpp:182] [locality-audit] prepare_before pipeline_id=34 task_id=130 preferred_device=1 actual_gpu=1 target_tier=GPU target_device=1 input_bytes=667399360 local_bytes=667399360 remote_gpu_bytes=0 host_bytes=0 disk_bytes=0 batch_count=1
[2026-07-01 12:07:30.564] [info] [gpu_pipeline_task.cpp:182] [locality-audit] prepare_after pipeline_id=34 task_id=130 preferred_device=1 actual_gpu=1 target_tier=GPU target_device=1 input_bytes=667399360 local_bytes=667399360 remote_gpu_bytes=0 host_bytes=0 disk_bytes=0 batch_count=1
[2026-07-01 12:07:30.573] [info] [gpu_pipeline_task.cpp:311] [stage-audit] pipeline_id=34 task_id=130 operator_id=72 operator_name=PARTITION stage_kind=PARTITION operator_type=82 input_type=PIPELINEABLE output_type=PIPELINEABLE actual_gpu=1 pipeline_operator_count=1 input_batches=1 input_rows=16428288 input_columns=5 input_bytes=667399360 output_batches=4 output_rows=16428288 output_columns=20 output_bytes=657131520 byte_ratio=0.984615 row_ratio=1.000000 duration_us=9178
[2026-07-01 12:07:30.573] [info] [task_scheduler.cpp:367] [mgpu-audit] pipeline_task dispatched to GPU 1 task_id=132
[2026-07-01 12:07:30.573] [info] [task_scheduler.cpp:369] [locality-audit] dispatch task_id=132 preferred_device=1 actual_gpu=1
[2026-07-01 12:07:30.573] [info] [gpu_pipeline_task.cpp:182] [locality-audit] prepare_before pipeline_id=34 task_id=131 preferred_device=1 actual_gpu=1 target_tier=GPU target_device=1 input_bytes=667924520 local_bytes=667924520 remote_gpu_bytes=0 host_bytes=0 disk_bytes=0 batch_count=1
[2026-07-01 12:07:30.573] [info] [gpu_pipeline_task.cpp:182] [locality-audit] prepare_after pipeline_id=34 task_id=131 preferred_device=1 actual_gpu=1 target_tier=GPU target_device=1 input_bytes=667924520 local_bytes=667924520 remote_gpu_bytes=0 host_bytes=0 disk_bytes=0 batch_count=1
[2026-07-01 12:07:30.581] [info] [gpu_pipeline_task.cpp:311] [stage-audit] pipeline_id=34 task_id=131 operator_id=72 operator_name=PARTITION stage_kind=PARTITION operator_type=82 input_type=PIPELINEABLE output_type=PIPELINEABLE actual_gpu=1 pipeline_operator_count=1 input_batches=1 input_rows=16441217 input_columns=5 input_bytes=667924520 output_batches=4 output_rows=16441217 output_columns=20 output_bytes=657648680 byte_ratio=0.984615 row_ratio=1.000000 duration_us=8389
[2026-07-01 12:07:30.581] [info] [task_scheduler.cpp:367] [mgpu-audit] pipeline_task dispatched to GPU 1 task_id=139
[2026-07-01 12:07:30.581] [info] [task_scheduler.cpp:369] [locality-audit] dispatch task_id=139 preferred_device=1 actual_gpu=1
[2026-07-01 12:07:30.581] [info] [gpu_pipeline_task.cpp:182] [locality-audit] prepare_before pipeline_id=34 task_id=132 preferred_device=1 actual_gpu=1 target_tier=GPU target_device=1 input_bytes=667951760 local_bytes=667951760 remote_gpu_bytes=0 host_bytes=0 disk_bytes=0 batch_count=1
[2026-07-01 12:07:30.582] [info] [gpu_pipeline_task.cpp:182] [locality-audit] prepare_after pipeline_id=34 task_id=132 preferred_device=1 actual_gpu=1 target_tier=GPU target_device=1 input_bytes=667951760 local_bytes=667951760 remote_gpu_bytes=0 host_bytes=0 disk_bytes=0 batch_count=1
[2026-07-01 12:07:30.589] [info] [gpu_pipeline_task.cpp:311] [stage-audit] pipeline_id=34 task_id=132 operator_id=72 operator_name=PARTITION stage_kind=PARTITION operator_type=82 input_type=PIPELINEABLE output_type=PIPELINEABLE actual_gpu=1 pipeline_operator_count=1 input_batches=1 input_rows=16441882 input_columns=5 input_bytes=667951760 output_batches=4 output_rows=16441882 output_columns=20 output_bytes=657675280 byte_ratio=0.984615 row_ratio=1.000000 duration_us=7508
[2026-07-01 12:07:30.589] [info] [task_scheduler.cpp:367] [mgpu-audit] pipeline_task dispatched to GPU 1 task_id=142
[2026-07-01 12:07:30.589] [info] [task_scheduler.cpp:369] [locality-audit] dispatch task_id=142 preferred_device=1 actual_gpu=1
[2026-07-01 12:07:30.589] [info] [gpu_pipeline_task.cpp:182] [locality-audit] prepare_before pipeline_id=34 task_id=139 preferred_device=1 actual_gpu=1 target_tier=GPU target_device=1 input_bytes=667912160 local_bytes=667912160 remote_gpu_bytes=0 host_bytes=0 disk_bytes=0 batch_count=1
[2026-07-01 12:07:30.589] [info] [gpu_pipeline_task.cpp:182] [locality-audit] prepare_after pipeline_id=34 task_id=139 preferred_device=1 actual_gpu=1 target_tier=GPU target_device=1 input_bytes=667912160 local_bytes=667912160 remote_gpu_bytes=0 host_bytes=0 disk_bytes=0 batch_count=1
[2026-07-01 12:07:30.598] [info] [gpu_pipeline_task.cpp:311] [stage-audit] pipeline_id=34 task_id=139 operator_id=72 operator_name=PARTITION stage_kind=PARTITION operator_type=82 input_type=PIPELINEABLE output_type=PIPELINEABLE actual_gpu=1 pipeline_operator_count=1 input_batches=1 input_rows=16440908 input_columns=5 input_bytes=667912160 output_batches=4 output_rows=16440908 output_columns=20 output_bytes=657636320 byte_ratio=0.984615 row_ratio=1.000000 duration_us=8486
[2026-07-01 12:07:30.598] [info] [task_scheduler.cpp:367] [mgpu-audit] pipeline_task dispatched to GPU 1 task_id=143
[2026-07-01 12:07:30.598] [info] [task_scheduler.cpp:369] [locality-audit] dispatch task_id=143 preferred_device=1 actual_gpu=1
[2026-07-01 12:07:30.598] [info] [gpu_pipeline_task.cpp:182] [locality-audit] prepare_before pipeline_id=35 task_id=142 preferred_device=1 actual_gpu=1 target_tier=GPU target_device=1 input_bytes=492884160 local_bytes=492884160 remote_gpu_bytes=0 host_bytes=0 disk_bytes=0 batch_count=3
[2026-07-01 12:07:30.598] [info] [gpu_pipeline_task.cpp:182] [locality-audit] prepare_after pipeline_id=35 task_id=142 preferred_device=1 actual_gpu=1 target_tier=GPU target_device=1 input_bytes=492884160 local_bytes=492884160 remote_gpu_bytes=0 host_bytes=0 disk_bytes=0 batch_count=3
[2026-07-01 12:07:30.610] [info] [gpu_pipeline_task.cpp:311] [stage-audit] pipeline_id=35 task_id=142 operator_id=71 operator_name=CONCAT stage_kind=CONCAT operator_type=83 input_type=PARTITIONED output_type=PARTITIONED actual_gpu=1 pipeline_operator_count=1 input_batches=3 input_rows=12322104 input_columns=15 input_bytes=492884160 output_batches=1 output_rows=12322104 output_columns=5 output_bytes=492884160 byte_ratio=1.000000 row_ratio=1.000000 duration_us=12274
[2026-07-01 12:07:30.610] [info] [gpu_pipeline_task.cpp:182] [locality-audit] prepare_before pipeline_id=35 task_id=143 preferred_device=1 actual_gpu=1 target_tier=GPU target_device=1 input_bytes=164497320 local_bytes=164497320 remote_gpu_bytes=0 host_bytes=0 disk_bytes=0 batch_count=1
[2026-07-01 12:07:30.610] [info] [gpu_pipeline_task.cpp:182] [locality-audit] prepare_after pipeline_id=35 task_id=143 preferred_device=1 actual_gpu=1 target_tier=GPU target_device=1 input_bytes=164497320 local_bytes=164497320 remote_gpu_bytes=0 host_bytes=0 disk_bytes=0 batch_count=1
[2026-07-01 12:07:30.610] [info] [gpu_pipeline_task.cpp:311] [stage-audit] pipeline_id=35 task_id=143 operator_id=71 operator_name=CONCAT stage_kind=CONCAT operator_type=83 input_type=PARTITIONED output_type=PARTITIONED actual_gpu=1 pipeline_operator_count=1 input_batches=1 input_rows=4112433 input_columns=5 input_bytes=164497320 output_batches=1 output_rows=4112433 output_columns=5 output_bytes=164497320 byte_ratio=1.000000 row_ratio=1.000000 duration_us=3
[2026-07-01 12:07:30.710] [info] [parquet_gpu_ingestible.cpp:696] [scan-audit] parquet_materialize target_gpu=2 files=/mnt/nvme/dataset/lineitem.parquet columns=l_orderkey,l_partkey,l_suppkey,l_extendedprice,l_discount row_groups=3042,3043,3044,3045,3046,3047,3048,3049,3050,3051,3052,3053,3054,3055,3056,3057,3058,3059,3060,3061,3062,3063,3064,3065,3066,3067,3068,3069,3070,3071,3072,3073,3074,3075,3076,3077,3078,3079,3080,3081,3082,3083,3084,3085,3086,3087,3088,3089,3090,3091,3092,3093,3094,3095,3096,3097,3098,3099,3100,3101,3102,3103,3104,3105,3106,3107,3108,3109,3110,3111,3112,3113,3114,3115,3116,3117,3118,3119,3120,3121,3122,3123,3124,3125,3126,3127,3128,3129,3130,3131,3132,3133,3134,3135,3136,3137,3138,3139,3140,3141,3142,3143,3144,3145,3146,3147,3148,3149,3150,3151,3152,3153,3154,3155,3156,3157,3158,3159,3160,3161,3162,3163,3164,3165,3166,3167,3168,3169,3170,3171,3172,3173 compressed_bytes=289556117 uncompressed_bytes=534444448 column_bytes=l_orderkey:25622690:131533628,l_partkey:89509304:131533628,l_suppkey:81128451:131533628,l_extendedprice:84989496:131533628,l_discount:8306176:8309936 output_rows=16441192 output_columns=5 split_count=1 duration_us=1886519
[2026-07-01 12:07:30.710] [info] [gpu_pipeline_task.cpp:311] [stage-audit] pipeline_id=33 task_id=105 operator_id=70 operator_name=GPU_SCAN stage_kind=SCAN operator_type=94 input_type=GPU_SCAN output_type=PIPELINEABLE actual_gpu=2 pipeline_operator_count=1 input_batches=0 input_rows=0 input_columns=0 input_bytes=0 output_batches=1 output_rows=16441192 output_columns=5 output_bytes=667923520 byte_ratio=0.000000 row_ratio=0.000000 duration_us=1949540
[2026-07-01 12:07:30.710] [info] [task_creator.cpp:352] [locality-audit] task_create operator_id=72 input_bytes=667923520 local_bytes=667923520 gpu_source_bytes=667923520 host_source_bytes=0 disk_source_bytes=0 gpu_sources=1 host_sources=0 preferred_device=2
[2026-07-01 12:07:30.710] [info] [task_scheduler.cpp:367] [mgpu-audit] pipeline_task dispatched to GPU 2 task_id=124
[2026-07-01 12:07:30.710] [info] [task_scheduler.cpp:369] [locality-audit] dispatch task_id=124 preferred_device=2 actual_gpu=2
[2026-07-01 12:07:30.710] [info] [gpu_pipeline_task.cpp:182] [locality-audit] prepare_before pipeline_id=34 task_id=122 preferred_device=2 actual_gpu=2 target_tier=GPU target_device=2 input_bytes=666986800 local_bytes=666986800 remote_gpu_bytes=0 host_bytes=0 disk_bytes=0 batch_count=1
[2026-07-01 12:07:30.711] [info] [gpu_pipeline_task.cpp:182] [locality-audit] prepare_after pipeline_id=34 task_id=122 preferred_device=2 actual_gpu=2 target_tier=GPU target_device=2 input_bytes=666986800 local_bytes=666986800 remote_gpu_bytes=0 host_bytes=0 disk_bytes=0 batch_count=1
[2026-07-01 12:07:30.730] [info] [gpu_pipeline_task.cpp:311] [stage-audit] pipeline_id=34 task_id=122 operator_id=72 operator_name=PARTITION stage_kind=PARTITION operator_type=82 input_type=PIPELINEABLE output_type=PIPELINEABLE actual_gpu=2 pipeline_operator_count=1 input_batches=1 input_rows=16418134 input_columns=5 input_bytes=666986800 output_batches=4 output_rows=16418134 output_columns=20 output_bytes=656725360 byte_ratio=0.984615 row_ratio=1.000000 duration_us=18999
[2026-07-01 12:07:30.730] [info] [task_scheduler.cpp:367] [mgpu-audit] pipeline_task dispatched to GPU 2 task_id=126
[2026-07-01 12:07:30.730] [info] [task_scheduler.cpp:369] [locality-audit] dispatch task_id=126 preferred_device=2 actual_gpu=2
[2026-07-01 12:07:30.730] [info] [gpu_pipeline_task.cpp:182] [locality-audit] prepare_before pipeline_id=34 task_id=124 preferred_device=2 actual_gpu=2 target_tier=GPU target_device=2 input_bytes=667966000 local_bytes=667966000 remote_gpu_bytes=0 host_bytes=0 disk_bytes=0 batch_count=1
[2026-07-01 12:07:30.730] [info] [gpu_pipeline_task.cpp:182] [locality-audit] prepare_after pipeline_id=34 task_id=124 preferred_device=2 actual_gpu=2 target_tier=GPU target_device=2 input_bytes=667966000 local_bytes=667966000 remote_gpu_bytes=0 host_bytes=0 disk_bytes=0 batch_count=1
[2026-07-01 12:07:30.741] [info] [gpu_pipeline_task.cpp:311] [stage-audit] pipeline_id=34 task_id=124 operator_id=72 operator_name=PARTITION stage_kind=PARTITION operator_type=82 input_type=PIPELINEABLE output_type=PIPELINEABLE actual_gpu=2 pipeline_operator_count=1 input_batches=1 input_rows=16442238 input_columns=5 input_bytes=667966000 output_batches=4 output_rows=16442238 output_columns=20 output_bytes=657689520 byte_ratio=0.984615 row_ratio=1.000000 duration_us=10700
[2026-07-01 12:07:30.741] [info] [task_scheduler.cpp:367] [mgpu-audit] pipeline_task dispatched to GPU 2 task_id=135
[2026-07-01 12:07:30.741] [info] [task_scheduler.cpp:369] [locality-audit] dispatch task_id=135 preferred_device=2 actual_gpu=2
[2026-07-01 12:07:30.741] [info] [gpu_pipeline_task.cpp:182] [locality-audit] prepare_before pipeline_id=34 task_id=126 preferred_device=2 actual_gpu=2 target_tier=GPU target_device=2 input_bytes=667946920 local_bytes=667946920 remote_gpu_bytes=0 host_bytes=0 disk_bytes=0 batch_count=1
[2026-07-01 12:07:30.741] [info] [gpu_pipeline_task.cpp:182] [locality-audit] prepare_after pipeline_id=34 task_id=126 preferred_device=2 actual_gpu=2 target_tier=GPU target_device=2 input_bytes=667946920 local_bytes=667946920 remote_gpu_bytes=0 host_bytes=0 disk_bytes=0 batch_count=1
[2026-07-01 12:07:30.741] [info] [task_scheduler.cpp:367] [mgpu-audit] pipeline_task dispatched to GPU 1 task_id=151
[2026-07-01 12:07:30.741] [info] [task_scheduler.cpp:369] [locality-audit] dispatch task_id=151 preferred_device=1 actual_gpu=1
[2026-07-01 12:07:30.741] [info] [task_scheduler.cpp:367] [mgpu-audit] pipeline_task dispatched to GPU 1 task_id=152
[2026-07-01 12:07:30.741] [info] [task_scheduler.cpp:369] [locality-audit] dispatch task_id=152 preferred_device=1 actual_gpu=1
[2026-07-01 12:07:30.741] [info] [gpu_pipeline_task.cpp:182] [locality-audit] prepare_before pipeline_id=35 task_id=151 preferred_device=1 actual_gpu=1 target_tier=GPU target_device=1 input_bytes=493158560 local_bytes=328925960 remote_gpu_bytes=164232600 host_bytes=0 disk_bytes=0 batch_count=3
[2026-07-01 12:07:30.749] [info] [gpu_pipeline_task.cpp:182] [locality-audit] prepare_after pipeline_id=35 task_id=151 preferred_device=1 actual_gpu=1 target_tier=GPU target_device=1 input_bytes=493158560 local_bytes=493158560 remote_gpu_bytes=0 host_bytes=0 disk_bytes=0 batch_count=3
[2026-07-01 12:07:30.756] [info] [gpu_pipeline_task.cpp:311] [stage-audit] pipeline_id=34 task_id=126 operator_id=72 operator_name=PARTITION stage_kind=PARTITION operator_type=82 input_type=PIPELINEABLE output_type=PIPELINEABLE actual_gpu=2 pipeline_operator_count=1 input_batches=1 input_rows=16441769 input_columns=5 input_bytes=667946920 output_batches=4 output_rows=16441769 output_columns=20 output_bytes=657670760 byte_ratio=0.984615 row_ratio=1.000000 duration_us=15401
[2026-07-01 12:07:30.757] [info] [task_scheduler.cpp:367] [mgpu-audit] pipeline_task dispatched to GPU 2 task_id=137
[2026-07-01 12:07:30.757] [info] [task_scheduler.cpp:369] [locality-audit] dispatch task_id=137 preferred_device=2 actual_gpu=2
[2026-07-01 12:07:30.757] [info] [gpu_pipeline_task.cpp:182] [locality-audit] prepare_before pipeline_id=34 task_id=135 preferred_device=2 actual_gpu=2 target_tier=GPU target_device=2 input_bytes=667937120 local_bytes=667937120 remote_gpu_bytes=0 host_bytes=0 disk_bytes=0 batch_count=1
[2026-07-01 12:07:30.757] [info] [gpu_pipeline_task.cpp:182] [locality-audit] prepare_after pipeline_id=34 task_id=135 preferred_device=2 actual_gpu=2 target_tier=GPU target_device=2 input_bytes=667937120 local_bytes=667937120 remote_gpu_bytes=0 host_bytes=0 disk_bytes=0 batch_count=1
[2026-07-01 12:07:30.760] [info] [gpu_pipeline_task.cpp:311] [stage-audit] pipeline_id=35 task_id=151 operator_id=71 operator_name=CONCAT stage_kind=CONCAT operator_type=83 input_type=PARTITIONED output_type=PARTITIONED actual_gpu=1 pipeline_operator_count=1 input_batches=3 input_rows=12328964 input_columns=15 input_bytes=493158560 output_batches=1 output_rows=12328964 output_columns=5 output_bytes=493158560 byte_ratio=1.000000 row_ratio=1.000000 duration_us=11231
[2026-07-01 12:07:30.760] [info] [gpu_pipeline_task.cpp:182] [locality-audit] prepare_before pipeline_id=35 task_id=152 preferred_device=1 actual_gpu=1 target_tier=GPU target_device=1 input_bytes=164617480 local_bytes=0 remote_gpu_bytes=164617480 host_bytes=0 disk_bytes=0 batch_count=1
[2026-07-01 12:07:30.769] [info] [gpu_pipeline_task.cpp:182] [locality-audit] prepare_after pipeline_id=35 task_id=152 preferred_device=1 actual_gpu=1 target_tier=GPU target_device=1 input_bytes=164617480 local_bytes=164617480 remote_gpu_bytes=0 host_bytes=0 disk_bytes=0 batch_count=1
[2026-07-01 12:07:30.769] [info] [gpu_pipeline_task.cpp:311] [stage-audit] pipeline_id=35 task_id=152 operator_id=71 operator_name=CONCAT stage_kind=CONCAT operator_type=83 input_type=PARTITIONED output_type=PARTITIONED actual_gpu=1 pipeline_operator_count=1 input_batches=1 input_rows=4115437 input_columns=5 input_bytes=164617480 output_batches=1 output_rows=4115437 output_columns=5 output_bytes=164617480 byte_ratio=1.000000 row_ratio=1.000000 duration_us=3
[2026-07-01 12:07:30.771] [info] [gpu_pipeline_task.cpp:311] [stage-audit] pipeline_id=34 task_id=135 operator_id=72 operator_name=PARTITION stage_kind=PARTITION operator_type=82 input_type=PIPELINEABLE output_type=PIPELINEABLE actual_gpu=2 pipeline_operator_count=1 input_batches=1 input_rows=16441524 input_columns=5 input_bytes=667937120 output_batches=4 output_rows=16441524 output_columns=20 output_bytes=657660960 byte_ratio=0.984615 row_ratio=1.000000 duration_us=14228
[2026-07-01 12:07:30.771] [info] [task_scheduler.cpp:367] [mgpu-audit] pipeline_task dispatched to GPU 2 task_id=144
[2026-07-01 12:07:30.771] [info] [task_scheduler.cpp:369] [locality-audit] dispatch task_id=144 preferred_device=2 actual_gpu=2
[2026-07-01 12:07:30.771] [info] [gpu_pipeline_task.cpp:182] [locality-audit] prepare_before pipeline_id=34 task_id=137 preferred_device=2 actual_gpu=2 target_tier=GPU target_device=2 input_bytes=667968320 local_bytes=667968320 remote_gpu_bytes=0 host_bytes=0 disk_bytes=0 batch_count=1
[2026-07-01 12:07:30.771] [info] [gpu_pipeline_task.cpp:182] [locality-audit] prepare_after pipeline_id=34 task_id=137 preferred_device=2 actual_gpu=2 target_tier=GPU target_device=2 input_bytes=667968320 local_bytes=667968320 remote_gpu_bytes=0 host_bytes=0 disk_bytes=0 batch_count=1
[2026-07-01 12:07:30.778] [info] [gpu_pipeline_task.cpp:311] [stage-audit] pipeline_id=34 task_id=137 operator_id=72 operator_name=PARTITION stage_kind=PARTITION operator_type=82 input_type=PIPELINEABLE output_type=PIPELINEABLE actual_gpu=2 pipeline_operator_count=1 input_batches=1 input_rows=16442296 input_columns=5 input_bytes=667968320 output_batches=4 output_rows=16442296 output_columns=20 output_bytes=657691840 byte_ratio=0.984615 row_ratio=1.000000 duration_us=7329
[2026-07-01 12:07:30.778] [info] [task_scheduler.cpp:367] [mgpu-audit] pipeline_task dispatched to GPU 2 task_id=145
[2026-07-01 12:07:30.778] [info] [task_scheduler.cpp:369] [locality-audit] dispatch task_id=145 preferred_device=2 actual_gpu=2
[2026-07-01 12:07:30.778] [info] [gpu_pipeline_task.cpp:182] [locality-audit] prepare_before pipeline_id=35 task_id=144 preferred_device=2 actual_gpu=2 target_tier=GPU target_device=2 input_bytes=492922520 local_bytes=0 remote_gpu_bytes=492922520 host_bytes=0 disk_bytes=0 batch_count=3
[2026-07-01 12:07:30.802] [info] [gpu_pipeline_task.cpp:182] [locality-audit] prepare_after pipeline_id=35 task_id=144 preferred_device=2 actual_gpu=2 target_tier=GPU target_device=2 input_bytes=492922520 local_bytes=492922520 remote_gpu_bytes=0 host_bytes=0 disk_bytes=0 batch_count=3
[2026-07-01 12:07:30.813] [info] [gpu_pipeline_task.cpp:311] [stage-audit] pipeline_id=35 task_id=144 operator_id=71 operator_name=CONCAT stage_kind=CONCAT operator_type=83 input_type=PARTITIONED output_type=PARTITIONED actual_gpu=2 pipeline_operator_count=1 input_batches=3 input_rows=12323063 input_columns=15 input_bytes=492922520 output_batches=1 output_rows=12323063 output_columns=5 output_bytes=492922520 byte_ratio=1.000000 row_ratio=1.000000 duration_us=11508
[2026-07-01 12:07:30.814] [info] [gpu_pipeline_task.cpp:182] [locality-audit] prepare_before pipeline_id=35 task_id=145 preferred_device=2 actual_gpu=2 target_tier=GPU target_device=2 input_bytes=164288400 local_bytes=0 remote_gpu_bytes=164288400 host_bytes=0 disk_bytes=0 batch_count=1
[2026-07-01 12:07:30.814] [info] [task_scheduler.cpp:367] [mgpu-audit] pipeline_task dispatched to GPU 2 task_id=148
[2026-07-01 12:07:30.814] [info] [task_scheduler.cpp:369] [locality-audit] dispatch task_id=148 preferred_device=2 actual_gpu=2
[2026-07-01 12:07:30.822] [info] [gpu_pipeline_task.cpp:182] [locality-audit] prepare_after pipeline_id=35 task_id=145 preferred_device=2 actual_gpu=2 target_tier=GPU target_device=2 input_bytes=164288400 local_bytes=164288400 remote_gpu_bytes=0 host_bytes=0 disk_bytes=0 batch_count=1
[2026-07-01 12:07:30.822] [info] [gpu_pipeline_task.cpp:311] [stage-audit] pipeline_id=35 task_id=145 operator_id=71 operator_name=CONCAT stage_kind=CONCAT operator_type=83 input_type=PARTITIONED output_type=PARTITIONED actual_gpu=2 pipeline_operator_count=1 input_batches=1 input_rows=4107210 input_columns=5 input_bytes=164288400 output_batches=1 output_rows=4107210 output_columns=5 output_bytes=164288400 byte_ratio=1.000000 row_ratio=1.000000 duration_us=2
[2026-07-01 12:07:30.822] [info] [task_scheduler.cpp:367] [mgpu-audit] pipeline_task dispatched to GPU 2 task_id=153
[2026-07-01 12:07:30.822] [info] [task_scheduler.cpp:369] [locality-audit] dispatch task_id=153 preferred_device=2 actual_gpu=2
[2026-07-01 12:07:30.822] [info] [gpu_pipeline_task.cpp:182] [locality-audit] prepare_before pipeline_id=34 task_id=148 preferred_device=2 actual_gpu=2 target_tier=GPU target_device=2 input_bytes=667923520 local_bytes=667923520 remote_gpu_bytes=0 host_bytes=0 disk_bytes=0 batch_count=1
[2026-07-01 12:07:30.822] [info] [gpu_pipeline_task.cpp:182] [locality-audit] prepare_after pipeline_id=34 task_id=148 preferred_device=2 actual_gpu=2 target_tier=GPU target_device=2 input_bytes=667923520 local_bytes=667923520 remote_gpu_bytes=0 host_bytes=0 disk_bytes=0 batch_count=1
[2026-07-01 12:07:30.830] [info] [gpu_pipeline_task.cpp:311] [stage-audit] pipeline_id=34 task_id=148 operator_id=72 operator_name=PARTITION stage_kind=PARTITION operator_type=82 input_type=PIPELINEABLE output_type=PIPELINEABLE actual_gpu=2 pipeline_operator_count=1 input_batches=1 input_rows=16441192 input_columns=5 input_bytes=667923520 output_batches=4 output_rows=16441192 output_columns=20 output_bytes=657647680 byte_ratio=0.984615 row_ratio=1.000000 duration_us=8627
[2026-07-01 12:07:30.830] [info] [task_scheduler.cpp:367] [mgpu-audit] pipeline_task dispatched to GPU 2 task_id=154
[2026-07-01 12:07:30.830] [info] [task_scheduler.cpp:369] [locality-audit] dispatch task_id=154 preferred_device=2 actual_gpu=2
[2026-07-01 12:07:30.830] [info] [gpu_pipeline_task.cpp:182] [locality-audit] prepare_before pipeline_id=35 task_id=153 preferred_device=2 actual_gpu=2 target_tier=GPU target_device=2 input_bytes=492907840 local_bytes=164314080 remote_gpu_bytes=328593760 host_bytes=0 disk_bytes=0 batch_count=3
[2026-07-01 12:07:30.831] [info] [task_scheduler.cpp:367] [mgpu-audit] pipeline_task dispatched to GPU 1 task_id=159
[2026-07-01 12:07:30.831] [info] [task_scheduler.cpp:369] [locality-audit] dispatch task_id=159 preferred_device=1 actual_gpu=1
[2026-07-01 12:07:30.831] [info] [task_scheduler.cpp:367] [mgpu-audit] pipeline_task dispatched to GPU 1 task_id=160
[2026-07-01 12:07:30.831] [info] [task_scheduler.cpp:369] [locality-audit] dispatch task_id=160 preferred_device=1 actual_gpu=1
[2026-07-01 12:07:30.831] [info] [gpu_pipeline_task.cpp:182] [locality-audit] prepare_before pipeline_id=35 task_id=159 preferred_device=1 actual_gpu=1 target_tier=GPU target_device=1 input_bytes=493416960 local_bytes=0 remote_gpu_bytes=493416960 host_bytes=0 disk_bytes=0 batch_count=3
[2026-07-01 12:07:30.849] [info] [gpu_pipeline_task.cpp:182] [locality-audit] prepare_after pipeline_id=35 task_id=153 preferred_device=2 actual_gpu=2 target_tier=GPU target_device=2 input_bytes=492907840 local_bytes=492907840 remote_gpu_bytes=0 host_bytes=0 disk_bytes=0 batch_count=3
[2026-07-01 12:07:30.860] [info] [gpu_pipeline_task.cpp:311] [stage-audit] pipeline_id=35 task_id=153 operator_id=71 operator_name=CONCAT stage_kind=CONCAT operator_type=83 input_type=PARTITIONED output_type=PARTITIONED actual_gpu=2 pipeline_operator_count=1 input_batches=3 input_rows=12322696 input_columns=15 input_bytes=492907840 output_batches=1 output_rows=12322696 output_columns=5 output_bytes=492907840 byte_ratio=1.000000 row_ratio=1.000000 duration_us=11121
[2026-07-01 12:07:30.860] [info] [task_scheduler.cpp:367] [mgpu-audit] pipeline_task dispatched to GPU 2 task_id=161
[2026-07-01 12:07:30.860] [info] [task_scheduler.cpp:369] [locality-audit] dispatch task_id=161 preferred_device=2 actual_gpu=2
[2026-07-01 12:07:30.860] [info] [gpu_pipeline_task.cpp:182] [locality-audit] prepare_before pipeline_id=35 task_id=154 preferred_device=2 actual_gpu=2 target_tier=GPU target_device=2 input_bytes=164254440 local_bytes=164254440 remote_gpu_bytes=0 host_bytes=0 disk_bytes=0 batch_count=1
[2026-07-01 12:07:30.860] [info] [gpu_pipeline_task.cpp:182] [locality-audit] prepare_after pipeline_id=35 task_id=154 preferred_device=2 actual_gpu=2 target_tier=GPU target_device=2 input_bytes=164254440 local_bytes=164254440 remote_gpu_bytes=0 host_bytes=0 disk_bytes=0 batch_count=1
[2026-07-01 12:07:30.860] [info] [gpu_pipeline_task.cpp:311] [stage-audit] pipeline_id=35 task_id=154 operator_id=71 operator_name=CONCAT stage_kind=CONCAT operator_type=83 input_type=PARTITIONED output_type=PARTITIONED actual_gpu=2 pipeline_operator_count=1 input_batches=1 input_rows=4106361 input_columns=5 input_bytes=164254440 output_batches=1 output_rows=4106361 output_columns=5 output_bytes=164254440 byte_ratio=1.000000 row_ratio=1.000000 duration_us=1
[2026-07-01 12:07:30.860] [info] [task_scheduler.cpp:367] [mgpu-audit] pipeline_task dispatched to GPU 2 task_id=162
[2026-07-01 12:07:30.860] [info] [task_scheduler.cpp:369] [locality-audit] dispatch task_id=162 preferred_device=2 actual_gpu=2
[2026-07-01 12:07:30.860] [info] [gpu_pipeline_task.cpp:182] [locality-audit] prepare_before pipeline_id=35 task_id=161 preferred_device=2 actual_gpu=2 target_tier=GPU target_device=2 input_bytes=493173280 local_bytes=493173280 remote_gpu_bytes=0 host_bytes=0 disk_bytes=0 batch_count=3
[2026-07-01 12:07:30.860] [info] [gpu_pipeline_task.cpp:182] [locality-audit] prepare_after pipeline_id=35 task_id=161 preferred_device=2 actual_gpu=2 target_tier=GPU target_device=2 input_bytes=493173280 local_bytes=493173280 remote_gpu_bytes=0 host_bytes=0 disk_bytes=0 batch_count=3
[2026-07-01 12:07:30.871] [info] [gpu_pipeline_task.cpp:311] [stage-audit] pipeline_id=35 task_id=161 operator_id=71 operator_name=CONCAT stage_kind=CONCAT operator_type=83 input_type=PARTITIONED output_type=PARTITIONED actual_gpu=2 pipeline_operator_count=1 input_batches=3 input_rows=12329332 input_columns=15 input_bytes=493173280 output_batches=1 output_rows=12329332 output_columns=5 output_bytes=493173280 byte_ratio=1.000000 row_ratio=1.000000 duration_us=11142
[2026-07-01 12:07:30.871] [info] [gpu_pipeline_task.cpp:182] [locality-audit] prepare_before pipeline_id=35 task_id=162 preferred_device=2 actual_gpu=2 target_tier=GPU target_device=2 input_bytes=164407160 local_bytes=164407160 remote_gpu_bytes=0 host_bytes=0 disk_bytes=0 batch_count=1
[2026-07-01 12:07:30.871] [info] [gpu_pipeline_task.cpp:182] [locality-audit] prepare_after pipeline_id=35 task_id=162 preferred_device=2 actual_gpu=2 target_tier=GPU target_device=2 input_bytes=164407160 local_bytes=164407160 remote_gpu_bytes=0 host_bytes=0 disk_bytes=0 batch_count=1
[2026-07-01 12:07:30.871] [info] [gpu_pipeline_task.cpp:311] [stage-audit] pipeline_id=35 task_id=162 operator_id=71 operator_name=CONCAT stage_kind=CONCAT operator_type=83 input_type=PARTITIONED output_type=PARTITIONED actual_gpu=2 pipeline_operator_count=1 input_batches=1 input_rows=4110179 input_columns=5 input_bytes=164407160 output_batches=1 output_rows=4110179 output_columns=5 output_bytes=164407160 byte_ratio=1.000000 row_ratio=1.000000 duration_us=3
[2026-07-01 12:07:30.879] [info] [gpu_pipeline_task.cpp:182] [locality-audit] prepare_after pipeline_id=35 task_id=159 preferred_device=1 actual_gpu=1 target_tier=GPU target_device=1 input_bytes=493416960 local_bytes=493416960 remote_gpu_bytes=0 host_bytes=0 disk_bytes=0 batch_count=3
[2026-07-01 12:07:30.890] [info] [gpu_pipeline_task.cpp:311] [stage-audit] pipeline_id=35 task_id=159 operator_id=71 operator_name=CONCAT stage_kind=CONCAT operator_type=83 input_type=PARTITIONED output_type=PARTITIONED actual_gpu=1 pipeline_operator_count=1 input_batches=3 input_rows=12335424 input_columns=15 input_bytes=493416960 output_batches=1 output_rows=12335424 output_columns=5 output_bytes=493416960 byte_ratio=1.000000 row_ratio=1.000000 duration_us=11264
[2026-07-01 12:07:30.890] [info] [gpu_pipeline_task.cpp:182] [locality-audit] prepare_before pipeline_id=35 task_id=160 preferred_device=1 actual_gpu=1 target_tier=GPU target_device=1 input_bytes=164316640 local_bytes=0 remote_gpu_bytes=164316640 host_bytes=0 disk_bytes=0 batch_count=1
[2026-07-01 12:07:30.892] [info] [parquet_gpu_ingestible.cpp:696] [scan-audit] parquet_materialize target_gpu=0 files=/mnt/nvme/dataset/lineitem.parquet columns=l_orderkey,l_partkey,l_suppkey,l_extendedprice,l_discount row_groups=2778,2779,2780,2781,2782,2783,2784,2785,2786,2787,2788,2789,2790,2791,2792,2793,2794,2795,2796,2797,2798,2799,2800,2801,2802,2803,2804,2805,2806,2807,2808,2809,2810,2811,2812,2813,2814,2815,2816,2817,2818,2819,2820,2821,2822,2823,2824,2825,2826,2827,2828,2829,2830,2831,2832,2833,2834,2835,2836,2837,2838,2839,2840,2841,2842,2843,2844,2845,2846,2847,2848,2849,2850,2851,2852,2853,2854,2855,2856,2857,2858,2859,2860,2861,2862,2863,2864,2865,2866,2867,2868,2869,2870,2871,2872,2873,2874,2875,2876,2877,2878,2879,2880,2881,2882,2883,2884,2885,2886,2887,2888,2889,2890,2891,2892,2893,2894,2895,2896,2897,2898,2899,2900,2901,2902,2903,2904,2905,2906,2907,2908,2909 compressed_bytes=289566446 uncompressed_bytes=534463877 column_bytes=l_orderkey:25627648:131538532,l_partkey:89511042:131538532,l_suppkey:81129738:131538532,l_extendedprice:84992037:131538532,l_discount:8305981:8309749 output_rows=16441805 output_columns=5 split_count=1 duration_us=1962643
[2026-07-01 12:07:30.892] [info] [gpu_pipeline_task.cpp:311] [stage-audit] pipeline_id=33 task_id=103 operator_id=70 operator_name=GPU_SCAN stage_kind=SCAN operator_type=94 input_type=GPU_SCAN output_type=PIPELINEABLE actual_gpu=0 pipeline_operator_count=1 input_batches=0 input_rows=0 input_columns=0 input_bytes=0 output_batches=1 output_rows=16441805 output_columns=5 output_bytes=667948360 byte_ratio=0.000000 row_ratio=0.000000 duration_us=2029377
[2026-07-01 12:07:30.892] [info] [task_creator.cpp:352] [locality-audit] task_create operator_id=72 input_bytes=667948360 local_bytes=667948360 gpu_source_bytes=667948360 host_source_bytes=0 disk_source_bytes=0 gpu_sources=1 host_sources=0 preferred_device=0
[2026-07-01 12:07:30.892] [info] [task_scheduler.cpp:367] [mgpu-audit] pipeline_task dispatched to GPU 0 task_id=125
[2026-07-01 12:07:30.892] [info] [task_scheduler.cpp:369] [locality-audit] dispatch task_id=125 preferred_device=0 actual_gpu=0
[2026-07-01 12:07:30.892] [info] [gpu_pipeline_task.cpp:182] [locality-audit] prepare_before pipeline_id=34 task_id=121 preferred_device=0 actual_gpu=0 target_tier=GPU target_device=0 input_bytes=667916440 local_bytes=667916440 remote_gpu_bytes=0 host_bytes=0 disk_bytes=0 batch_count=1
[2026-07-01 12:07:30.892] [info] [gpu_pipeline_task.cpp:182] [locality-audit] prepare_after pipeline_id=34 task_id=121 preferred_device=0 actual_gpu=0 target_tier=GPU target_device=0 input_bytes=667916440 local_bytes=667916440 remote_gpu_bytes=0 host_bytes=0 disk_bytes=0 batch_count=1
[2026-07-01 12:07:30.900] [info] [gpu_pipeline_task.cpp:182] [locality-audit] prepare_after pipeline_id=35 task_id=160 preferred_device=1 actual_gpu=1 target_tier=GPU target_device=1 input_bytes=164316640 local_bytes=164316640 remote_gpu_bytes=0 host_bytes=0 disk_bytes=0 batch_count=1
[2026-07-01 12:07:30.900] [info] [gpu_pipeline_task.cpp:311] [stage-audit] pipeline_id=35 task_id=160 operator_id=71 operator_name=CONCAT stage_kind=CONCAT operator_type=83 input_type=PARTITIONED output_type=PARTITIONED actual_gpu=1 pipeline_operator_count=1 input_batches=1 input_rows=4107916 input_columns=5 input_bytes=164316640 output_batches=1 output_rows=4107916 output_columns=5 output_bytes=164316640 byte_ratio=1.000000 row_ratio=1.000000 duration_us=3
[2026-07-01 12:07:30.909] [info] [gpu_pipeline_task.cpp:311] [stage-audit] pipeline_id=34 task_id=121 operator_id=72 operator_name=PARTITION stage_kind=PARTITION operator_type=82 input_type=PIPELINEABLE output_type=PIPELINEABLE actual_gpu=0 pipeline_operator_count=1 input_batches=1 input_rows=16441015 input_columns=5 input_bytes=667916440 output_batches=4 output_rows=16441015 output_columns=20 output_bytes=657640600 byte_ratio=0.984615 row_ratio=1.000000 duration_us=17184
[2026-07-01 12:07:30.910] [info] [task_scheduler.cpp:367] [mgpu-audit] pipeline_task dispatched to GPU 0 task_id=129
[2026-07-01 12:07:30.910] [info] [task_scheduler.cpp:369] [locality-audit] dispatch task_id=129 preferred_device=0 actual_gpu=0
[2026-07-01 12:07:30.910] [info] [gpu_pipeline_task.cpp:182] [locality-audit] prepare_before pipeline_id=34 task_id=125 preferred_device=0 actual_gpu=0 target_tier=GPU target_device=0 input_bytes=666985240 local_bytes=666985240 remote_gpu_bytes=0 host_bytes=0 disk_bytes=0 batch_count=1
[2026-07-01 12:07:30.911] [info] [gpu_pipeline_task.cpp:182] [locality-audit] prepare_after pipeline_id=34 task_id=125 preferred_device=0 actual_gpu=0 target_tier=GPU target_device=0 input_bytes=666985240 local_bytes=666985240 remote_gpu_bytes=0 host_bytes=0 disk_bytes=0 batch_count=1
[2026-07-01 12:07:30.917] [info] [parquet_gpu_ingestible.cpp:696] [scan-audit] parquet_materialize target_gpu=2 files=/mnt/nvme/dataset/lineitem.parquet columns=l_orderkey,l_partkey,l_suppkey,l_extendedprice,l_discount row_groups=3570,3571,3572,3573,3574,3575,3576,3577,3578,3579,3580,3581,3582,3583,3584,3585,3586,3587,3588,3589,3590,3591,3592,3593,3594,3595,3596,3597,3598,3599,3600,3601,3602,3603,3604,3605,3606,3607,3608,3609,3610,3611,3612,3613,3614,3615,3616,3617,3618,3619,3620,3621,3622,3623,3624,3625,3626,3627,3628,3629,3630,3631,3632,3633,3634,3635,3636,3637,3638,3639,3640,3641,3642,3643,3644,3645,3646,3647,3648,3649,3650,3651,3652,3653,3654,3655,3656,3657,3658,3659,3660,3661,3662,3663,3664,3665,3666,3667,3668,3669,3670,3671,3672,3673,3674,3675,3676,3677,3678,3679,3680,3681,3682,3683,3684,3685,3686,3687,3688,3689,3690,3691,3692,3693,3694,3695,3696,3697,3698,3699,3700,3701 compressed_bytes=289572106 uncompressed_bytes=534468883 column_bytes=l_orderkey:25628094:131539716,l_partkey:89511157:131539716,l_suppkey:81132417:131539716,l_extendedprice:84994165:131539716,l_discount:8306273:8310019 output_rows=16441953 output_columns=5 split_count=1 duration_us=1910198
[2026-07-01 12:07:30.917] [info] [gpu_pipeline_task.cpp:311] [stage-audit] pipeline_id=33 task_id=109 operator_id=70 operator_name=GPU_SCAN stage_kind=SCAN operator_type=94 input_type=GPU_SCAN output_type=PIPELINEABLE actual_gpu=2 pipeline_operator_count=1 input_batches=0 input_rows=0 input_columns=0 input_bytes=0 output_batches=1 output_rows=16441953 output_columns=5 output_bytes=667954600 byte_ratio=0.000000 row_ratio=0.000000 duration_us=1972231
[2026-07-01 12:07:30.917] [info] [task_creator.cpp:352] [locality-audit] task_create operator_id=72 input_bytes=667954600 local_bytes=667954600 gpu_source_bytes=667954600 host_source_bytes=0 disk_source_bytes=0 gpu_sources=1 host_sources=0 preferred_device=2
[2026-07-01 12:07:30.917] [info] [task_scheduler.cpp:367] [mgpu-audit] pipeline_task dispatched to GPU 2 task_id=166
[2026-07-01 12:07:30.917] [info] [task_scheduler.cpp:369] [locality-audit] dispatch task_id=166 preferred_device=2 actual_gpu=2
[2026-07-01 12:07:30.917] [info] [gpu_pipeline_task.cpp:182] [locality-audit] prepare_before pipeline_id=34 task_id=166 preferred_device=2 actual_gpu=2 target_tier=GPU target_device=2 input_bytes=667954600 local_bytes=667954600 remote_gpu_bytes=0 host_bytes=0 disk_bytes=0 batch_count=1
[2026-07-01 12:07:30.917] [info] [gpu_pipeline_task.cpp:182] [locality-audit] prepare_after pipeline_id=34 task_id=166 preferred_device=2 actual_gpu=2 target_tier=GPU target_device=2 input_bytes=667954600 local_bytes=667954600 remote_gpu_bytes=0 host_bytes=0 disk_bytes=0 batch_count=1
[2026-07-01 12:07:30.930] [info] [gpu_pipeline_task.cpp:311] [stage-audit] pipeline_id=34 task_id=166 operator_id=72 operator_name=PARTITION stage_kind=PARTITION operator_type=82 input_type=PIPELINEABLE output_type=PIPELINEABLE actual_gpu=2 pipeline_operator_count=1 input_batches=1 input_rows=16441953 input_columns=5 input_bytes=667954600 output_batches=4 output_rows=16441953 output_columns=20 output_bytes=657678120 byte_ratio=0.984615 row_ratio=1.000000 duration_us=12268
[2026-07-01 12:07:30.930] [info] [gpu_pipeline_task.cpp:311] [stage-audit] pipeline_id=34 task_id=125 operator_id=72 operator_name=PARTITION stage_kind=PARTITION operator_type=82 input_type=PIPELINEABLE output_type=PIPELINEABLE actual_gpu=0 pipeline_operator_count=1 input_batches=1 input_rows=16418095 input_columns=5 input_bytes=666985240 output_batches=4 output_rows=16418095 output_columns=20 output_bytes=656723800 byte_ratio=0.984615 row_ratio=1.000000 duration_us=19047
[2026-07-01 12:07:30.930] [info] [task_scheduler.cpp:367] [mgpu-audit] pipeline_task dispatched to GPU 0 task_id=134
[2026-07-01 12:07:30.930] [info] [task_scheduler.cpp:369] [locality-audit] dispatch task_id=134 preferred_device=0 actual_gpu=0
[2026-07-01 12:07:30.930] [info] [gpu_pipeline_task.cpp:182] [locality-audit] prepare_before pipeline_id=34 task_id=129 preferred_device=0 actual_gpu=0 target_tier=GPU target_device=0 input_bytes=666983000 local_bytes=666983000 remote_gpu_bytes=0 host_bytes=0 disk_bytes=0 batch_count=1
[2026-07-01 12:07:30.930] [info] [gpu_pipeline_task.cpp:182] [locality-audit] prepare_after pipeline_id=34 task_id=129 preferred_device=0 actual_gpu=0 target_tier=GPU target_device=0 input_bytes=666983000 local_bytes=666983000 remote_gpu_bytes=0 host_bytes=0 disk_bytes=0 batch_count=1
[2026-07-01 12:07:30.938] [info] [gpu_pipeline_task.cpp:311] [stage-audit] pipeline_id=34 task_id=129 operator_id=72 operator_name=PARTITION stage_kind=PARTITION operator_type=82 input_type=PIPELINEABLE output_type=PIPELINEABLE actual_gpu=0 pipeline_operator_count=1 input_batches=1 input_rows=16418039 input_columns=5 input_bytes=666983000 output_batches=4 output_rows=16418039 output_columns=20 output_bytes=656721560 byte_ratio=0.984615 row_ratio=1.000000 duration_us=7395
[2026-07-01 12:07:30.938] [info] [gpu_pipeline_task.cpp:182] [locality-audit] prepare_before pipeline_id=34 task_id=134 preferred_device=0 actual_gpu=0 target_tier=GPU target_device=0 input_bytes=667932880 local_bytes=667932880 remote_gpu_bytes=0 host_bytes=0 disk_bytes=0 batch_count=1
[2026-07-01 12:07:30.938] [info] [task_scheduler.cpp:367] [mgpu-audit] pipeline_task dispatched to GPU 0 task_id=138
[2026-07-01 12:07:30.938] [info] [task_scheduler.cpp:369] [locality-audit] dispatch task_id=138 preferred_device=0 actual_gpu=0
[2026-07-01 12:07:30.938] [info] [gpu_pipeline_task.cpp:182] [locality-audit] prepare_after pipeline_id=34 task_id=134 preferred_device=0 actual_gpu=0 target_tier=GPU target_device=0 input_bytes=667932880 local_bytes=667932880 remote_gpu_bytes=0 host_bytes=0 disk_bytes=0 batch_count=1
[2026-07-01 12:07:30.938] [info] [task_scheduler.cpp:367] [mgpu-audit] pipeline_task dispatched to GPU 1 task_id=169
[2026-07-01 12:07:30.938] [info] [task_scheduler.cpp:369] [locality-audit] dispatch task_id=169 preferred_device=1 actual_gpu=1
[2026-07-01 12:07:30.938] [info] [task_scheduler.cpp:367] [mgpu-audit] pipeline_task dispatched to GPU 1 task_id=170
[2026-07-01 12:07:30.938] [info] [task_scheduler.cpp:369] [locality-audit] dispatch task_id=170 preferred_device=1 actual_gpu=1
[2026-07-01 12:07:30.938] [info] [gpu_pipeline_task.cpp:182] [locality-audit] prepare_before pipeline_id=35 task_id=169 preferred_device=1 actual_gpu=1 target_tier=GPU target_device=1 input_bytes=492570560 local_bytes=0 remote_gpu_bytes=492570560 host_bytes=0 disk_bytes=0 batch_count=3
[2026-07-01 12:07:30.938] [info] [task_scheduler.cpp:367] [mgpu-audit] pipeline_task dispatched to GPU 2 task_id=171
[2026-07-01 12:07:30.938] [info] [task_scheduler.cpp:369] [locality-audit] dispatch task_id=171 preferred_device=2 actual_gpu=2
[2026-07-01 12:07:30.938] [info] [task_scheduler.cpp:367] [mgpu-audit] pipeline_task dispatched to GPU 2 task_id=172
[2026-07-01 12:07:30.938] [info] [task_scheduler.cpp:369] [locality-audit] dispatch task_id=172 preferred_device=2 actual_gpu=2
[2026-07-01 12:07:30.938] [info] [gpu_pipeline_task.cpp:182] [locality-audit] prepare_before pipeline_id=35 task_id=171 preferred_device=2 actual_gpu=2 target_tier=GPU target_device=2 input_bytes=493560360 local_bytes=164492840 remote_gpu_bytes=329067520 host_bytes=0 disk_bytes=0 batch_count=3
[2026-07-01 12:07:30.938] [info] [gpu_pipeline_task.cpp:182] [locality-audit] prepare_before pipeline_id=35 task_id=172 preferred_device=2 actual_gpu=2 target_tier=GPU target_device=2 input_bytes=164173720 local_bytes=0 remote_gpu_bytes=164173720 host_bytes=0 disk_bytes=0 batch_count=1
[2026-07-01 12:07:30.962] [info] [gpu_pipeline_task.cpp:182] [locality-audit] prepare_after pipeline_id=35 task_id=172 preferred_device=2 actual_gpu=2 target_tier=GPU target_device=2 input_bytes=164173720 local_bytes=164173720 remote_gpu_bytes=0 host_bytes=0 disk_bytes=0 batch_count=1
[2026-07-01 12:07:30.962] [info] [gpu_pipeline_task.cpp:311] [stage-audit] pipeline_id=35 task_id=172 operator_id=71 operator_name=CONCAT stage_kind=CONCAT operator_type=83 input_type=PARTITIONED output_type=PARTITIONED actual_gpu=2 pipeline_operator_count=1 input_batches=1 input_rows=4104343 input_columns=5 input_bytes=164173720 output_batches=1 output_rows=4104343 output_columns=5 output_bytes=164173720 byte_ratio=1.000000 row_ratio=1.000000 duration_us=2
[2026-07-01 12:07:30.971] [info] [gpu_pipeline_task.cpp:182] [locality-audit] prepare_after pipeline_id=35 task_id=171 preferred_device=2 actual_gpu=2 target_tier=GPU target_device=2 input_bytes=493560360 local_bytes=493560360 remote_gpu_bytes=0 host_bytes=0 disk_bytes=0 batch_count=3
[2026-07-01 12:07:30.979] [info] [gpu_pipeline_task.cpp:182] [locality-audit] prepare_after pipeline_id=35 task_id=169 preferred_device=1 actual_gpu=1 target_tier=GPU target_device=1 input_bytes=492570560 local_bytes=492570560 remote_gpu_bytes=0 host_bytes=0 disk_bytes=0 batch_count=3
[2026-07-01 12:07:30.979] [info] [gpu_pipeline_task.cpp:311] [stage-audit] pipeline_id=34 task_id=134 operator_id=72 operator_name=PARTITION stage_kind=PARTITION operator_type=82 input_type=PIPELINEABLE output_type=PIPELINEABLE actual_gpu=0 pipeline_operator_count=1 input_batches=1 input_rows=16441418 input_columns=5 input_bytes=667932880 output_batches=4 output_rows=16441418 output_columns=20 output_bytes=657656720 byte_ratio=0.984615 row_ratio=1.000000 duration_us=41506
[2026-07-01 12:07:30.980] [info] [task_scheduler.cpp:367] [mgpu-audit] pipeline_task dispatched to GPU 0 task_id=140
[2026-07-01 12:07:30.980] [info] [task_scheduler.cpp:369] [locality-audit] dispatch task_id=140 preferred_device=0 actual_gpu=0
[2026-07-01 12:07:30.980] [info] [gpu_pipeline_task.cpp:182] [locality-audit] prepare_before pipeline_id=34 task_id=138 preferred_device=0 actual_gpu=0 target_tier=GPU target_device=0 input_bytes=667954160 local_bytes=667954160 remote_gpu_bytes=0 host_bytes=0 disk_bytes=0 batch_count=1
[2026-07-01 12:07:30.980] [info] [gpu_pipeline_task.cpp:182] [locality-audit] prepare_after pipeline_id=34 task_id=138 preferred_device=0 actual_gpu=0 target_tier=GPU target_device=0 input_bytes=667954160 local_bytes=667954160 remote_gpu_bytes=0 host_bytes=0 disk_bytes=0 batch_count=1
[2026-07-01 12:07:30.982] [info] [gpu_pipeline_task.cpp:311] [stage-audit] pipeline_id=35 task_id=171 operator_id=71 operator_name=CONCAT stage_kind=CONCAT operator_type=83 input_type=PARTITIONED output_type=PARTITIONED actual_gpu=2 pipeline_operator_count=1 input_batches=3 input_rows=12339009 input_columns=15 input_bytes=493560360 output_batches=1 output_rows=12339009 output_columns=5 output_bytes=493560360 byte_ratio=1.000000 row_ratio=1.000000 duration_us=11128
[2026-07-01 12:07:30.987] [info] [gpu_pipeline_task.cpp:311] [stage-audit] pipeline_id=34 task_id=138 operator_id=72 operator_name=PARTITION stage_kind=PARTITION operator_type=82 input_type=PIPELINEABLE output_type=PIPELINEABLE actual_gpu=0 pipeline_operator_count=1 input_batches=1 input_rows=16441942 input_columns=5 input_bytes=667954160 output_batches=4 output_rows=16441942 output_columns=20 output_bytes=657677680 byte_ratio=0.984615 row_ratio=1.000000 duration_us=7617
[2026-07-01 12:07:30.987] [info] [task_scheduler.cpp:367] [mgpu-audit] pipeline_task dispatched to GPU 0 task_id=141
[2026-07-01 12:07:30.987] [info] [task_scheduler.cpp:369] [locality-audit] dispatch task_id=141 preferred_device=0 actual_gpu=0
[2026-07-01 12:07:30.988] [info] [gpu_pipeline_task.cpp:182] [locality-audit] prepare_before pipeline_id=35 task_id=140 preferred_device=0 actual_gpu=0 target_tier=GPU target_device=0 input_bytes=492987240 local_bytes=0 remote_gpu_bytes=492987240 host_bytes=0 disk_bytes=0 batch_count=3
[2026-07-01 12:07:30.990] [info] [gpu_pipeline_task.cpp:311] [stage-audit] pipeline_id=35 task_id=169 operator_id=71 operator_name=CONCAT stage_kind=CONCAT operator_type=83 input_type=PARTITIONED output_type=PARTITIONED actual_gpu=1 pipeline_operator_count=1 input_batches=3 input_rows=12314264 input_columns=15 input_bytes=492570560 output_batches=1 output_rows=12314264 output_columns=5 output_bytes=492570560 byte_ratio=1.000000 row_ratio=1.000000 duration_us=11175
[2026-07-01 12:07:30.990] [info] [gpu_pipeline_task.cpp:182] [locality-audit] prepare_before pipeline_id=35 task_id=170 preferred_device=1 actual_gpu=1 target_tier=GPU target_device=1 input_bytes=164575440 local_bytes=0 remote_gpu_bytes=164575440 host_bytes=0 disk_bytes=0 batch_count=1
[2026-07-01 12:07:31.000] [info] [gpu_pipeline_task.cpp:182] [locality-audit] prepare_after pipeline_id=35 task_id=170 preferred_device=1 actual_gpu=1 target_tier=GPU target_device=1 input_bytes=164575440 local_bytes=164575440 remote_gpu_bytes=0 host_bytes=0 disk_bytes=0 batch_count=1
[2026-07-01 12:07:31.000] [info] [gpu_pipeline_task.cpp:311] [stage-audit] pipeline_id=35 task_id=170 operator_id=71 operator_name=CONCAT stage_kind=CONCAT operator_type=83 input_type=PARTITIONED output_type=PARTITIONED actual_gpu=1 pipeline_operator_count=1 input_batches=1 input_rows=4114386 input_columns=5 input_bytes=164575440 output_batches=1 output_rows=4114386 output_columns=5 output_bytes=164575440 byte_ratio=1.000000 row_ratio=1.000000 duration_us=2
[2026-07-01 12:07:31.015] [info] [gpu_pipeline_task.cpp:182] [locality-audit] prepare_after pipeline_id=35 task_id=140 preferred_device=0 actual_gpu=0 target_tier=GPU target_device=0 input_bytes=492987240 local_bytes=492987240 remote_gpu_bytes=0 host_bytes=0 disk_bytes=0 batch_count=3
[2026-07-01 12:07:31.027] [info] [gpu_pipeline_task.cpp:311] [stage-audit] pipeline_id=35 task_id=140 operator_id=71 operator_name=CONCAT stage_kind=CONCAT operator_type=83 input_type=PARTITIONED output_type=PARTITIONED actual_gpu=0 pipeline_operator_count=1 input_batches=3 input_rows=12324681 input_columns=15 input_bytes=492987240 output_batches=1 output_rows=12324681 output_columns=5 output_bytes=492987240 byte_ratio=1.000000 row_ratio=1.000000 duration_us=12269
[2026-07-01 12:07:31.028] [info] [task_scheduler.cpp:367] [mgpu-audit] pipeline_task dispatched to GPU 0 task_id=149
[2026-07-01 12:07:31.028] [info] [task_scheduler.cpp:369] [locality-audit] dispatch task_id=149 preferred_device=0 actual_gpu=0
[2026-07-01 12:07:31.028] [info] [gpu_pipeline_task.cpp:182] [locality-audit] prepare_before pipeline_id=35 task_id=141 preferred_device=0 actual_gpu=0 target_tier=GPU target_device=0 input_bytes=164486280 local_bytes=0 remote_gpu_bytes=164486280 host_bytes=0 disk_bytes=0 batch_count=1
[2026-07-01 12:07:31.036] [info] [gpu_pipeline_task.cpp:182] [locality-audit] prepare_after pipeline_id=35 task_id=141 preferred_device=0 actual_gpu=0 target_tier=GPU target_device=0 input_bytes=164486280 local_bytes=164486280 remote_gpu_bytes=0 host_bytes=0 disk_bytes=0 batch_count=1
[2026-07-01 12:07:31.036] [info] [gpu_pipeline_task.cpp:311] [stage-audit] pipeline_id=35 task_id=141 operator_id=71 operator_name=CONCAT stage_kind=CONCAT operator_type=83 input_type=PARTITIONED output_type=PARTITIONED actual_gpu=0 pipeline_operator_count=1 input_batches=1 input_rows=4112157 input_columns=5 input_bytes=164486280 output_batches=1 output_rows=4112157 output_columns=5 output_bytes=164486280 byte_ratio=1.000000 row_ratio=1.000000 duration_us=2
[2026-07-01 12:07:31.036] [info] [gpu_pipeline_task.cpp:182] [locality-audit] prepare_before pipeline_id=35 task_id=149 preferred_device=0 actual_gpu=0 target_tier=GPU target_device=0 input_bytes=492936840 local_bytes=0 remote_gpu_bytes=492936840 host_bytes=0 disk_bytes=0 batch_count=3
[2026-07-01 12:07:31.036] [info] [task_scheduler.cpp:367] [mgpu-audit] pipeline_task dispatched to GPU 0 task_id=150
[2026-07-01 12:07:31.036] [info] [task_scheduler.cpp:369] [locality-audit] dispatch task_id=150 preferred_device=0 actual_gpu=0
[2026-07-01 12:07:31.060] [info] [gpu_pipeline_task.cpp:182] [locality-audit] prepare_after pipeline_id=35 task_id=149 preferred_device=0 actual_gpu=0 target_tier=GPU target_device=0 input_bytes=492936840 local_bytes=492936840 remote_gpu_bytes=0 host_bytes=0 disk_bytes=0 batch_count=3
[2026-07-01 12:07:31.060] [info] [parquet_gpu_ingestible.cpp:696] [scan-audit] parquet_materialize target_gpu=3 files=/mnt/nvme/dataset/lineitem.parquet columns=l_orderkey,l_partkey,l_suppkey,l_extendedprice,l_discount row_groups=2646,2647,2648,2649,2650,2651,2652,2653,2654,2655,2656,2657,2658,2659,2660,2661,2662,2663,2664,2665,2666,2667,2668,2669,2670,2671,2672,2673,2674,2675,2676,2677,2678,2679,2680,2681,2682,2683,2684,2685,2686,2687,2688,2689,2690,2691,2692,2693,2694,2695,2696,2697,2698,2699,2700,2701,2702,2703,2704,2705,2706,2707,2708,2709,2710,2711,2712,2713,2714,2715,2716,2717,2718,2719,2720,2721,2722,2723,2724,2725,2726,2727,2728,2729,2730,2731,2732,2733,2734,2735,2736,2737,2738,2739,2740,2741,2742,2743,2744,2745,2746,2747,2748,2749,2750,2751,2752,2753,2754,2755,2756,2757,2758,2759,2760,2761,2762,2763,2764,2765,2766,2767,2768,2769,2770,2771,2772,2773,2774,2775,2776,2777 compressed_bytes=289584388 uncompressed_bytes=534468151 column_bytes=l_orderkey:25637156:131539596,l_partkey:89513243:131539596,l_suppkey:81133975:131539596,l_extendedprice:84993984:131539596,l_discount:8306030:8309767 output_rows=16441938 output_columns=5 split_count=1 duration_us=1925017
[2026-07-01 12:07:31.060] [info] [gpu_pipeline_task.cpp:311] [stage-audit] pipeline_id=33 task_id=102 operator_id=70 operator_name=GPU_SCAN stage_kind=SCAN operator_type=94 input_type=GPU_SCAN output_type=PIPELINEABLE actual_gpu=3 pipeline_operator_count=1 input_batches=0 input_rows=0 input_columns=0 input_bytes=0 output_batches=1 output_rows=16441938 output_columns=5 output_bytes=667954000 byte_ratio=0.000000 row_ratio=0.000000 duration_us=1986434
[2026-07-01 12:07:31.061] [info] [task_creator.cpp:352] [locality-audit] task_create operator_id=72 input_bytes=667954000 local_bytes=667954000 gpu_source_bytes=667954000 host_source_bytes=0 disk_source_bytes=0 gpu_sources=1 host_sources=0 preferred_device=3
[2026-07-01 12:07:31.061] [info] [task_scheduler.cpp:367] [mgpu-audit] pipeline_task dispatched to GPU 3 task_id=120
[2026-07-01 12:07:31.061] [info] [task_scheduler.cpp:369] [locality-audit] dispatch task_id=120 preferred_device=3 actual_gpu=3
[2026-07-01 12:07:31.072] [info] [gpu_pipeline_task.cpp:311] [stage-audit] pipeline_id=35 task_id=149 operator_id=71 operator_name=CONCAT stage_kind=CONCAT operator_type=83 input_type=PARTITIONED output_type=PARTITIONED actual_gpu=0 pipeline_operator_count=1 input_batches=3 input_rows=12323421 input_columns=15 input_bytes=492936840 output_batches=1 output_rows=12323421 output_columns=5 output_bytes=492936840 byte_ratio=1.000000 row_ratio=1.000000 duration_us=12279
[2026-07-01 12:07:31.072] [info] [task_scheduler.cpp:367] [mgpu-audit] pipeline_task dispatched to GPU 0 task_id=157
[2026-07-01 12:07:31.072] [info] [task_scheduler.cpp:369] [locality-audit] dispatch task_id=157 preferred_device=0 actual_gpu=0
[2026-07-01 12:07:31.072] [info] [gpu_pipeline_task.cpp:182] [locality-audit] prepare_before pipeline_id=35 task_id=150 preferred_device=0 actual_gpu=0 target_tier=GPU target_device=0 input_bytes=164464400 local_bytes=0 remote_gpu_bytes=164464400 host_bytes=0 disk_bytes=0 batch_count=1
[2026-07-01 12:07:31.080] [info] [gpu_pipeline_task.cpp:182] [locality-audit] prepare_after pipeline_id=35 task_id=150 preferred_device=0 actual_gpu=0 target_tier=GPU target_device=0 input_bytes=164464400 local_bytes=164464400 remote_gpu_bytes=0 host_bytes=0 disk_bytes=0 batch_count=1
[2026-07-01 12:07:31.080] [info] [gpu_pipeline_task.cpp:311] [stage-audit] pipeline_id=35 task_id=150 operator_id=71 operator_name=CONCAT stage_kind=CONCAT operator_type=83 input_type=PARTITIONED output_type=PARTITIONED actual_gpu=0 pipeline_operator_count=1 input_batches=1 input_rows=4111610 input_columns=5 input_bytes=164464400 output_batches=1 output_rows=4111610 output_columns=5 output_bytes=164464400 byte_ratio=1.000000 row_ratio=1.000000 duration_us=2
[2026-07-01 12:07:31.080] [info] [task_scheduler.cpp:367] [mgpu-audit] pipeline_task dispatched to GPU 0 task_id=158
[2026-07-01 12:07:31.080] [info] [task_scheduler.cpp:369] [locality-audit] dispatch task_id=158 preferred_device=0 actual_gpu=0
[2026-07-01 12:07:31.080] [info] [gpu_pipeline_task.cpp:182] [locality-audit] prepare_before pipeline_id=35 task_id=157 preferred_device=0 actual_gpu=0 target_tier=GPU target_device=0 input_bytes=493001680 local_bytes=0 remote_gpu_bytes=493001680 host_bytes=0 disk_bytes=0 batch_count=3
[2026-07-01 12:07:31.105] [info] [gpu_pipeline_task.cpp:182] [locality-audit] prepare_after pipeline_id=35 task_id=157 preferred_device=0 actual_gpu=0 target_tier=GPU target_device=0 input_bytes=493001680 local_bytes=493001680 remote_gpu_bytes=0 host_bytes=0 disk_bytes=0 batch_count=3
[2026-07-01 12:07:31.116] [info] [gpu_pipeline_task.cpp:311] [stage-audit] pipeline_id=35 task_id=157 operator_id=71 operator_name=CONCAT stage_kind=CONCAT operator_type=83 input_type=PARTITIONED output_type=PARTITIONED actual_gpu=0 pipeline_operator_count=1 input_batches=3 input_rows=12325042 input_columns=15 input_bytes=493001680 output_batches=1 output_rows=12325042 output_columns=5 output_bytes=493001680 byte_ratio=1.000000 row_ratio=1.000000 duration_us=11000
[2026-07-01 12:07:31.116] [info] [task_scheduler.cpp:367] [mgpu-audit] pipeline_task dispatched to GPU 0 task_id=165
[2026-07-01 12:07:31.116] [info] [task_scheduler.cpp:369] [locality-audit] dispatch task_id=165 preferred_device=0 actual_gpu=0
[2026-07-01 12:07:31.116] [info] [gpu_pipeline_task.cpp:182] [locality-audit] prepare_before pipeline_id=35 task_id=158 preferred_device=0 actual_gpu=0 target_tier=GPU target_device=0 input_bytes=164394640 local_bytes=0 remote_gpu_bytes=164394640 host_bytes=0 disk_bytes=0 batch_count=1
[2026-07-01 12:07:31.118] [info] [parquet_gpu_ingestible.cpp:696] [scan-audit] parquet_materialize target_gpu=3 files=/mnt/nvme/dataset/lineitem.parquet columns=l_orderkey,l_partkey,l_suppkey,l_extendedprice,l_discount row_groups=3174,3175,3176,3177,3178,3179,3180,3181,3182,3183,3184,3185,3186,3187,3188,3189,3190,3191,3192,3193,3194,3195,3196,3197,3198,3199,3200,3201,3202,3203,3204,3205,3206,3207,3208,3209,3210,3211,3212,3213,3214,3215,3216,3217,3218,3219,3220,3221,3222,3223,3224,3225,3226,3227,3228,3229,3230,3231,3232,3233,3234,3235,3236,3237,3238,3239,3240,3241,3242,3243,3244,3245,3246,3247,3248,3249,3250,3251,3252,3253,3254,3255,3256,3257,3258,3259,3260,3261,3262,3263,3264,3265,3266,3267,3268,3269,3270,3271,3272,3273,3274,3275,3276,3277,3278,3279,3280,3281,3282,3283,3284,3285,3286,3287,3288,3289,3290,3291,3292,3293,3294,3295,3296,3297,3298,3299,3300,3301,3302,3303,3304,3305 compressed_bytes=289568115 uncompressed_bytes=534452503 column_bytes=l_orderkey:25631444:131535676,l_partkey:89510379:131535676,l_suppkey:81129648:131535676,l_extendedprice:84990591:131535676,l_discount:8306053:8309799 output_rows=16441448 output_columns=5 split_count=1 duration_us=1912971
[2026-07-01 12:07:31.118] [info] [gpu_pipeline_task.cpp:311] [stage-audit] pipeline_id=33 task_id=106 operator_id=70 operator_name=GPU_SCAN stage_kind=SCAN operator_type=94 input_type=GPU_SCAN output_type=PIPELINEABLE actual_gpu=3 pipeline_operator_count=1 input_batches=0 input_rows=0 input_columns=0 input_bytes=0 output_batches=1 output_rows=16441448 output_columns=5 output_bytes=667934080 byte_ratio=0.000000 row_ratio=0.000000 duration_us=1971770
[2026-07-01 12:07:31.118] [info] [task_creator.cpp:352] [locality-audit] task_create operator_id=72 input_bytes=667934080 local_bytes=667934080 gpu_source_bytes=667934080 host_source_bytes=0 disk_source_bytes=0 gpu_sources=1 host_sources=0 preferred_device=3
[2026-07-01 12:07:31.118] [info] [task_scheduler.cpp:367] [mgpu-audit] pipeline_task dispatched to GPU 3 task_id=127
[2026-07-01 12:07:31.118] [info] [task_scheduler.cpp:369] [locality-audit] dispatch task_id=127 preferred_device=3 actual_gpu=3
[2026-07-01 12:07:31.118] [info] [gpu_pipeline_task.cpp:182] [locality-audit] prepare_before pipeline_id=34 task_id=120 preferred_device=3 actual_gpu=3 target_tier=GPU target_device=3 input_bytes=669313720 local_bytes=669313720 remote_gpu_bytes=0 host_bytes=0 disk_bytes=0 batch_count=1
[2026-07-01 12:07:31.118] [info] [gpu_pipeline_task.cpp:182] [locality-audit] prepare_after pipeline_id=34 task_id=120 preferred_device=3 actual_gpu=3 target_tier=GPU target_device=3 input_bytes=669313720 local_bytes=669313720 remote_gpu_bytes=0 host_bytes=0 disk_bytes=0 batch_count=1
[2026-07-01 12:07:31.124] [info] [gpu_pipeline_task.cpp:182] [locality-audit] prepare_after pipeline_id=35 task_id=158 preferred_device=0 actual_gpu=0 target_tier=GPU target_device=0 input_bytes=164394640 local_bytes=164394640 remote_gpu_bytes=0 host_bytes=0 disk_bytes=0 batch_count=1
[2026-07-01 12:07:31.124] [info] [gpu_pipeline_task.cpp:311] [stage-audit] pipeline_id=35 task_id=158 operator_id=71 operator_name=CONCAT stage_kind=CONCAT operator_type=83 input_type=PARTITIONED output_type=PARTITIONED actual_gpu=0 pipeline_operator_count=1 input_batches=1 input_rows=4109866 input_columns=5 input_bytes=164394640 output_batches=1 output_rows=4109866 output_columns=5 output_bytes=164394640 byte_ratio=1.000000 row_ratio=1.000000 duration_us=2
[2026-07-01 12:07:31.124] [info] [task_scheduler.cpp:367] [mgpu-audit] pipeline_task dispatched to GPU 0 task_id=167
[2026-07-01 12:07:31.124] [info] [task_scheduler.cpp:369] [locality-audit] dispatch task_id=167 preferred_device=0 actual_gpu=0
[2026-07-01 12:07:31.124] [info] [gpu_pipeline_task.cpp:182] [locality-audit] prepare_before pipeline_id=34 task_id=165 preferred_device=0 actual_gpu=0 target_tier=GPU target_device=0 input_bytes=667948360 local_bytes=667948360 remote_gpu_bytes=0 host_bytes=0 disk_bytes=0 batch_count=1
[2026-07-01 12:07:31.124] [info] [gpu_pipeline_task.cpp:182] [locality-audit] prepare_after pipeline_id=34 task_id=165 preferred_device=0 actual_gpu=0 target_tier=GPU target_device=0 input_bytes=667948360 local_bytes=667948360 remote_gpu_bytes=0 host_bytes=0 disk_bytes=0 batch_count=1
[2026-07-01 12:07:31.132] [info] [gpu_pipeline_task.cpp:311] [stage-audit] pipeline_id=34 task_id=120 operator_id=72 operator_name=PARTITION stage_kind=PARTITION operator_type=82 input_type=PIPELINEABLE output_type=PIPELINEABLE actual_gpu=3 pipeline_operator_count=1 input_batches=1 input_rows=16475411 input_columns=5 input_bytes=669313720 output_batches=4 output_rows=16475411 output_columns=20 output_bytes=659016440 byte_ratio=0.984615 row_ratio=1.000000 duration_us=14582
[2026-07-01 12:07:31.133] [info] [task_scheduler.cpp:367] [mgpu-audit] pipeline_task dispatched to GPU 3 task_id=128
[2026-07-01 12:07:31.133] [info] [task_scheduler.cpp:369] [locality-audit] dispatch task_id=128 preferred_device=3 actual_gpu=3
[2026-07-01 12:07:31.133] [info] [gpu_pipeline_task.cpp:182] [locality-audit] prepare_before pipeline_id=34 task_id=127 preferred_device=3 actual_gpu=3 target_tier=GPU target_device=3 input_bytes=667003240 local_bytes=667003240 remote_gpu_bytes=0 host_bytes=0 disk_bytes=0 batch_count=1
[2026-07-01 12:07:31.133] [info] [gpu_pipeline_task.cpp:182] [locality-audit] prepare_after pipeline_id=34 task_id=127 preferred_device=3 actual_gpu=3 target_tier=GPU target_device=3 input_bytes=667003240 local_bytes=667003240 remote_gpu_bytes=0 host_bytes=0 disk_bytes=0 batch_count=1
[2026-07-01 12:07:31.136] [info] [gpu_pipeline_task.cpp:311] [stage-audit] pipeline_id=34 task_id=165 operator_id=72 operator_name=PARTITION stage_kind=PARTITION operator_type=82 input_type=PIPELINEABLE output_type=PIPELINEABLE actual_gpu=0 pipeline_operator_count=1 input_batches=1 input_rows=16441805 input_columns=5 input_bytes=667948360 output_batches=4 output_rows=16441805 output_columns=20 output_bytes=657672200 byte_ratio=0.984615 row_ratio=1.000000 duration_us=12267
[2026-07-01 12:07:31.137] [info] [task_scheduler.cpp:367] [mgpu-audit] pipeline_task dispatched to GPU 1 task_id=179
[2026-07-01 12:07:31.137] [info] [task_scheduler.cpp:369] [locality-audit] dispatch task_id=179 preferred_device=1 actual_gpu=1
[2026-07-01 12:07:31.137] [info] [task_scheduler.cpp:367] [mgpu-audit] pipeline_task dispatched to GPU 1 task_id=180
[2026-07-01 12:07:31.137] [info] [task_scheduler.cpp:369] [locality-audit] dispatch task_id=180 preferred_device=1 actual_gpu=1
[2026-07-01 12:07:31.137] [info] [task_scheduler.cpp:367] [mgpu-audit] pipeline_task dispatched to GPU 2 task_id=181
[2026-07-01 12:07:31.137] [info] [task_scheduler.cpp:369] [locality-audit] dispatch task_id=181 preferred_device=2 actual_gpu=2
[2026-07-01 12:07:31.137] [info] [task_scheduler.cpp:367] [mgpu-audit] pipeline_task dispatched to GPU 2 task_id=182
[2026-07-01 12:07:31.137] [info] [task_scheduler.cpp:369] [locality-audit] dispatch task_id=182 preferred_device=2 actual_gpu=2
[2026-07-01 12:07:31.137] [info] [task_scheduler.cpp:367] [mgpu-audit] pipeline_task dispatched to GPU 0 task_id=168
[2026-07-01 12:07:31.137] [info] [task_scheduler.cpp:369] [locality-audit] dispatch task_id=168 preferred_device=0 actual_gpu=0
[2026-07-01 12:07:31.137] [info] [gpu_pipeline_task.cpp:182] [locality-audit] prepare_before pipeline_id=35 task_id=179 preferred_device=1 actual_gpu=1 target_tier=GPU target_device=1 input_bytes=493316160 local_bytes=0 remote_gpu_bytes=493316160 host_bytes=0 disk_bytes=0 batch_count=3
[2026-07-01 12:07:31.137] [info] [gpu_pipeline_task.cpp:182] [locality-audit] prepare_before pipeline_id=35 task_id=167 preferred_device=0 actual_gpu=0 target_tier=GPU target_device=0 input_bytes=492849120 local_bytes=328537000 remote_gpu_bytes=164312120 host_bytes=0 disk_bytes=0 batch_count=3
[2026-07-01 12:07:31.137] [info] [gpu_pipeline_task.cpp:182] [locality-audit] prepare_before pipeline_id=35 task_id=182 preferred_device=2 actual_gpu=2 target_tier=GPU target_device=2 input_bytes=164218960 local_bytes=0 remote_gpu_bytes=164218960 host_bytes=0 disk_bytes=0 batch_count=1
[2026-07-01 12:07:31.137] [info] [gpu_pipeline_task.cpp:182] [locality-audit] prepare_before pipeline_id=35 task_id=181 preferred_device=2 actual_gpu=2 target_tier=GPU target_device=2 input_bytes=492949640 local_bytes=0 remote_gpu_bytes=492949640 host_bytes=0 disk_bytes=0 batch_count=3
[2026-07-01 12:07:31.146] [info] [gpu_pipeline_task.cpp:182] [locality-audit] prepare_after pipeline_id=35 task_id=167 preferred_device=0 actual_gpu=0 target_tier=GPU target_device=0 input_bytes=492849120 local_bytes=492849120 remote_gpu_bytes=0 host_bytes=0 disk_bytes=0 batch_count=3
[2026-07-01 12:07:31.146] [info] [gpu_pipeline_task.cpp:311] [stage-audit] pipeline_id=34 task_id=127 operator_id=72 operator_name=PARTITION stage_kind=PARTITION operator_type=82 input_type=PIPELINEABLE output_type=PIPELINEABLE actual_gpu=3 pipeline_operator_count=1 input_batches=1 input_rows=16418537 input_columns=5 input_bytes=667003240 output_batches=4 output_rows=16418537 output_columns=20 output_bytes=656741480 byte_ratio=0.984615 row_ratio=1.000000 duration_us=13296
[2026-07-01 12:07:31.147] [info] [task_scheduler.cpp:367] [mgpu-audit] pipeline_task dispatched to GPU 3 task_id=133
[2026-07-01 12:07:31.147] [info] [task_scheduler.cpp:369] [locality-audit] dispatch task_id=133 preferred_device=3 actual_gpu=3
[2026-07-01 12:07:31.147] [info] [gpu_pipeline_task.cpp:182] [locality-audit] prepare_before pipeline_id=34 task_id=128 preferred_device=3 actual_gpu=3 target_tier=GPU target_device=3 input_bytes=667945440 local_bytes=667945440 remote_gpu_bytes=0 host_bytes=0 disk_bytes=0 batch_count=1
[2026-07-01 12:07:31.147] [info] [gpu_pipeline_task.cpp:182] [locality-audit] prepare_after pipeline_id=34 task_id=128 preferred_device=3 actual_gpu=3 target_tier=GPU target_device=3 input_bytes=667945440 local_bytes=667945440 remote_gpu_bytes=0 host_bytes=0 disk_bytes=0 batch_count=1
[2026-07-01 12:07:31.157] [info] [gpu_pipeline_task.cpp:311] [stage-audit] pipeline_id=35 task_id=167 operator_id=71 operator_name=CONCAT stage_kind=CONCAT operator_type=83 input_type=PARTITIONED output_type=PARTITIONED actual_gpu=0 pipeline_operator_count=1 input_batches=3 input_rows=12321228 input_columns=15 input_bytes=492849120 output_batches=1 output_rows=12321228 output_columns=5 output_bytes=492849120 byte_ratio=1.000000 row_ratio=1.000000 duration_us=11012
[2026-07-01 12:07:31.157] [info] [task_scheduler.cpp:367] [mgpu-audit] pipeline_task dispatched to GPU 0 task_id=177
[2026-07-01 12:07:31.157] [info] [task_scheduler.cpp:369] [locality-audit] dispatch task_id=177 preferred_device=0 actual_gpu=0
[2026-07-01 12:07:31.157] [info] [gpu_pipeline_task.cpp:182] [locality-audit] prepare_before pipeline_id=35 task_id=168 preferred_device=0 actual_gpu=0 target_tier=GPU target_device=0 input_bytes=163928080 local_bytes=163928080 remote_gpu_bytes=0 host_bytes=0 disk_bytes=0 batch_count=1
[2026-07-01 12:07:31.157] [info] [gpu_pipeline_task.cpp:182] [locality-audit] prepare_after pipeline_id=35 task_id=168 preferred_device=0 actual_gpu=0 target_tier=GPU target_device=0 input_bytes=163928080 local_bytes=163928080 remote_gpu_bytes=0 host_bytes=0 disk_bytes=0 batch_count=1
[2026-07-01 12:07:31.157] [info] [gpu_pipeline_task.cpp:311] [stage-audit] pipeline_id=35 task_id=168 operator_id=71 operator_name=CONCAT stage_kind=CONCAT operator_type=83 input_type=PARTITIONED output_type=PARTITIONED actual_gpu=0 pipeline_operator_count=1 input_batches=1 input_rows=4098202 input_columns=5 input_bytes=163928080 output_batches=1 output_rows=4098202 output_columns=5 output_bytes=163928080 byte_ratio=1.000000 row_ratio=1.000000 duration_us=2
[2026-07-01 12:07:31.157] [info] [task_scheduler.cpp:367] [mgpu-audit] pipeline_task dispatched to GPU 0 task_id=178
[2026-07-01 12:07:31.157] [info] [task_scheduler.cpp:369] [locality-audit] dispatch task_id=178 preferred_device=0 actual_gpu=0
[2026-07-01 12:07:31.157] [info] [gpu_pipeline_task.cpp:182] [locality-audit] prepare_before pipeline_id=35 task_id=177 preferred_device=0 actual_gpu=0 target_tier=GPU target_device=0 input_bytes=493791200 local_bytes=328913840 remote_gpu_bytes=164877360 host_bytes=0 disk_bytes=0 batch_count=3
[2026-07-01 12:07:31.157] [info] [gpu_pipeline_task.cpp:311] [stage-audit] pipeline_id=34 task_id=128 operator_id=72 operator_name=PARTITION stage_kind=PARTITION operator_type=82 input_type=PIPELINEABLE output_type=PIPELINEABLE actual_gpu=3 pipeline_operator_count=1 input_batches=1 input_rows=16441732 input_columns=5 input_bytes=667945440 output_batches=4 output_rows=16441732 output_columns=20 output_bytes=657669280 byte_ratio=0.984615 row_ratio=1.000000 duration_us=10113
[2026-07-01 12:07:31.157] [info] [task_scheduler.cpp:367] [mgpu-audit] pipeline_task dispatched to GPU 3 task_id=136
[2026-07-01 12:07:31.157] [info] [task_scheduler.cpp:369] [locality-audit] dispatch task_id=136 preferred_device=3 actual_gpu=3
[2026-07-01 12:07:31.157] [info] [gpu_pipeline_task.cpp:182] [locality-audit] prepare_before pipeline_id=34 task_id=133 preferred_device=3 actual_gpu=3 target_tier=GPU target_device=3 input_bytes=667920880 local_bytes=667920880 remote_gpu_bytes=0 host_bytes=0 disk_bytes=0 batch_count=1
[2026-07-01 12:07:31.157] [info] [gpu_pipeline_task.cpp:182] [locality-audit] prepare_after pipeline_id=34 task_id=133 preferred_device=3 actual_gpu=3 target_tier=GPU target_device=3 input_bytes=667920880 local_bytes=667920880 remote_gpu_bytes=0 host_bytes=0 disk_bytes=0 batch_count=1
[2026-07-01 12:07:31.166] [info] [gpu_pipeline_task.cpp:182] [locality-audit] prepare_after pipeline_id=35 task_id=177 preferred_device=0 actual_gpu=0 target_tier=GPU target_device=0 input_bytes=493791200 local_bytes=493791200 remote_gpu_bytes=0 host_bytes=0 disk_bytes=0 batch_count=3
[2026-07-01 12:07:31.172] [info] [gpu_pipeline_task.cpp:311] [stage-audit] pipeline_id=34 task_id=133 operator_id=72 operator_name=PARTITION stage_kind=PARTITION operator_type=82 input_type=PIPELINEABLE output_type=PIPELINEABLE actual_gpu=3 pipeline_operator_count=1 input_batches=1 input_rows=16441126 input_columns=5 input_bytes=667920880 output_batches=4 output_rows=16441126 output_columns=20 output_bytes=657645040 byte_ratio=0.984615 row_ratio=1.000000 duration_us=14993
[2026-07-01 12:07:31.172] [info] [gpu_pipeline_task.cpp:182] [locality-audit] prepare_before pipeline_id=34 task_id=136 preferred_device=3 actual_gpu=3 target_tier=GPU target_device=3 input_bytes=667923800 local_bytes=667923800 remote_gpu_bytes=0 host_bytes=0 disk_bytes=0 batch_count=1
[2026-07-01 12:07:31.172] [info] [task_scheduler.cpp:367] [mgpu-audit] pipeline_task dispatched to GPU 3 task_id=146
[2026-07-01 12:07:31.172] [info] [task_scheduler.cpp:369] [locality-audit] dispatch task_id=146 preferred_device=3 actual_gpu=3
[2026-07-01 12:07:31.172] [info] [gpu_pipeline_task.cpp:182] [locality-audit] prepare_after pipeline_id=34 task_id=136 preferred_device=3 actual_gpu=3 target_tier=GPU target_device=3 input_bytes=667923800 local_bytes=667923800 remote_gpu_bytes=0 host_bytes=0 disk_bytes=0 batch_count=1
[2026-07-01 12:07:31.177] [info] [gpu_pipeline_task.cpp:311] [stage-audit] pipeline_id=35 task_id=177 operator_id=71 operator_name=CONCAT stage_kind=CONCAT operator_type=83 input_type=PARTITIONED output_type=PARTITIONED actual_gpu=0 pipeline_operator_count=1 input_batches=3 input_rows=12344780 input_columns=15 input_bytes=493791200 output_batches=1 output_rows=12344780 output_columns=5 output_bytes=493791200 byte_ratio=1.000000 row_ratio=1.000000 duration_us=11066
[2026-07-01 12:07:31.177] [info] [gpu_pipeline_task.cpp:182] [locality-audit] prepare_before pipeline_id=35 task_id=178 preferred_device=0 actual_gpu=0 target_tier=GPU target_device=0 input_bytes=164481680 local_bytes=164481680 remote_gpu_bytes=0 host_bytes=0 disk_bytes=0 batch_count=1
[2026-07-01 12:07:31.177] [info] [gpu_pipeline_task.cpp:182] [locality-audit] prepare_after pipeline_id=35 task_id=178 preferred_device=0 actual_gpu=0 target_tier=GPU target_device=0 input_bytes=164481680 local_bytes=164481680 remote_gpu_bytes=0 host_bytes=0 disk_bytes=0 batch_count=1
[2026-07-01 12:07:31.177] [info] [gpu_pipeline_task.cpp:311] [stage-audit] pipeline_id=35 task_id=178 operator_id=71 operator_name=CONCAT stage_kind=CONCAT operator_type=83 input_type=PARTITIONED output_type=PARTITIONED actual_gpu=0 pipeline_operator_count=1 input_batches=1 input_rows=4112042 input_columns=5 input_bytes=164481680 output_batches=1 output_rows=4112042 output_columns=5 output_bytes=164481680 byte_ratio=1.000000 row_ratio=1.000000 duration_us=3
[2026-07-01 12:07:31.181] [info] [gpu_pipeline_task.cpp:311] [stage-audit] pipeline_id=34 task_id=136 operator_id=72 operator_name=PARTITION stage_kind=PARTITION operator_type=82 input_type=PIPELINEABLE output_type=PIPELINEABLE actual_gpu=3 pipeline_operator_count=1 input_batches=1 input_rows=16441199 input_columns=5 input_bytes=667923800 output_batches=4 output_rows=16441199 output_columns=20 output_bytes=657647960 byte_ratio=0.984615 row_ratio=1.000000 duration_us=8600
[2026-07-01 12:07:31.181] [info] [task_scheduler.cpp:367] [mgpu-audit] pipeline_task dispatched to GPU 3 task_id=147
[2026-07-01 12:07:31.181] [info] [task_scheduler.cpp:369] [locality-audit] dispatch task_id=147 preferred_device=3 actual_gpu=3
[2026-07-01 12:07:31.181] [info] [gpu_pipeline_task.cpp:182] [locality-audit] prepare_before pipeline_id=35 task_id=146 preferred_device=3 actual_gpu=3 target_tier=GPU target_device=3 input_bytes=492680160 local_bytes=0 remote_gpu_bytes=492680160 host_bytes=0 disk_bytes=0 batch_count=3
[2026-07-01 12:07:31.181] [info] [task_scheduler.cpp:367] [mgpu-audit] pipeline_task dispatched to GPU 0 task_id=185
[2026-07-01 12:07:31.181] [info] [task_scheduler.cpp:369] [locality-audit] dispatch task_id=185 preferred_device=0 actual_gpu=0
[2026-07-01 12:07:31.181] [info] [task_scheduler.cpp:367] [mgpu-audit] pipeline_task dispatched to GPU 0 task_id=186
[2026-07-01 12:07:31.181] [info] [task_scheduler.cpp:369] [locality-audit] dispatch task_id=186 preferred_device=0 actual_gpu=0
[2026-07-01 12:07:31.181] [info] [task_scheduler.cpp:367] [mgpu-audit] pipeline_task dispatched to GPU 2 task_id=189
[2026-07-01 12:07:31.181] [info] [task_scheduler.cpp:369] [locality-audit] dispatch task_id=189 preferred_device=2 actual_gpu=2
[2026-07-01 12:07:31.181] [info] [gpu_pipeline_task.cpp:182] [locality-audit] prepare_before pipeline_id=35 task_id=185 preferred_device=0 actual_gpu=0 target_tier=GPU target_device=0 input_bytes=492853480 local_bytes=0 remote_gpu_bytes=492853480 host_bytes=0 disk_bytes=0 batch_count=3
[2026-07-01 12:07:31.182] [info] [gpu_pipeline_task.cpp:182] [locality-audit] prepare_after pipeline_id=35 task_id=182 preferred_device=2 actual_gpu=2 target_tier=GPU target_device=2 input_bytes=164218960 local_bytes=164218960 remote_gpu_bytes=0 host_bytes=0 disk_bytes=0 batch_count=1
[2026-07-01 12:07:31.182] [info] [gpu_pipeline_task.cpp:311] [stage-audit] pipeline_id=35 task_id=182 operator_id=71 operator_name=CONCAT stage_kind=CONCAT operator_type=83 input_type=PARTITIONED output_type=PARTITIONED actual_gpu=2 pipeline_operator_count=1 input_batches=1 input_rows=4105474 input_columns=5 input_bytes=164218960 output_batches=1 output_rows=4105474 output_columns=5 output_bytes=164218960 byte_ratio=1.000000 row_ratio=1.000000 duration_us=2
[2026-07-01 12:07:31.182] [info] [task_scheduler.cpp:367] [mgpu-audit] pipeline_task dispatched to GPU 2 task_id=190
[2026-07-01 12:07:31.182] [info] [task_scheduler.cpp:369] [locality-audit] dispatch task_id=190 preferred_device=2 actual_gpu=2
[2026-07-01 12:07:31.182] [info] [gpu_pipeline_task.cpp:182] [locality-audit] prepare_before pipeline_id=35 task_id=189 preferred_device=2 actual_gpu=2 target_tier=GPU target_device=2 input_bytes=492999960 local_bytes=0 remote_gpu_bytes=492999960 host_bytes=0 disk_bytes=0 batch_count=3
[2026-07-01 12:07:31.209] [info] [gpu_pipeline_task.cpp:182] [locality-audit] prepare_after pipeline_id=35 task_id=146 preferred_device=3 actual_gpu=3 target_tier=GPU target_device=3 input_bytes=492680160 local_bytes=492680160 remote_gpu_bytes=0 host_bytes=0 disk_bytes=0 batch_count=3
[2026-07-01 12:07:31.209] [info] [gpu_pipeline_task.cpp:182] [locality-audit] prepare_after pipeline_id=35 task_id=179 preferred_device=1 actual_gpu=1 target_tier=GPU target_device=1 input_bytes=493316160 local_bytes=493316160 remote_gpu_bytes=0 host_bytes=0 disk_bytes=0 batch_count=3
[2026-07-01 12:07:31.220] [info] [gpu_pipeline_task.cpp:311] [stage-audit] pipeline_id=35 task_id=179 operator_id=71 operator_name=CONCAT stage_kind=CONCAT operator_type=83 input_type=PARTITIONED output_type=PARTITIONED actual_gpu=1 pipeline_operator_count=1 input_batches=3 input_rows=12332904 input_columns=15 input_bytes=493316160 output_batches=1 output_rows=12332904 output_columns=5 output_bytes=493316160 byte_ratio=1.000000 row_ratio=1.000000 duration_us=11177
[2026-07-01 12:07:31.221] [info] [task_scheduler.cpp:367] [mgpu-audit] pipeline_task dispatched to GPU 1 task_id=187
[2026-07-01 12:07:31.221] [info] [task_scheduler.cpp:369] [locality-audit] dispatch task_id=187 preferred_device=1 actual_gpu=1
[2026-07-01 12:07:31.221] [info] [gpu_pipeline_task.cpp:182] [locality-audit] prepare_before pipeline_id=35 task_id=180 preferred_device=1 actual_gpu=1 target_tier=GPU target_device=1 input_bytes=164319120 local_bytes=0 remote_gpu_bytes=164319120 host_bytes=0 disk_bytes=0 batch_count=1
[2026-07-01 12:07:31.221] [info] [gpu_pipeline_task.cpp:311] [stage-audit] pipeline_id=35 task_id=146 operator_id=71 operator_name=CONCAT stage_kind=CONCAT operator_type=83 input_type=PARTITIONED output_type=PARTITIONED actual_gpu=3 pipeline_operator_count=1 input_batches=3 input_rows=12317004 input_columns=15 input_bytes=492680160 output_batches=1 output_rows=12317004 output_columns=5 output_bytes=492680160 byte_ratio=1.000000 row_ratio=1.000000 duration_us=11592
[2026-07-01 12:07:31.221] [info] [task_scheduler.cpp:367] [mgpu-audit] pipeline_task dispatched to GPU 3 task_id=155
[2026-07-01 12:07:31.221] [info] [task_scheduler.cpp:369] [locality-audit] dispatch task_id=155 preferred_device=3 actual_gpu=3
[2026-07-01 12:07:31.221] [info] [gpu_pipeline_task.cpp:182] [locality-audit] prepare_before pipeline_id=35 task_id=147 preferred_device=3 actual_gpu=3 target_tier=GPU target_device=3 input_bytes=164376680 local_bytes=0 remote_gpu_bytes=164376680 host_bytes=0 disk_bytes=0 batch_count=1
[2026-07-01 12:07:31.230] [info] [gpu_pipeline_task.cpp:182] [locality-audit] prepare_after pipeline_id=35 task_id=147 preferred_device=3 actual_gpu=3 target_tier=GPU target_device=3 input_bytes=164376680 local_bytes=164376680 remote_gpu_bytes=0 host_bytes=0 disk_bytes=0 batch_count=1
[2026-07-01 12:07:31.230] [info] [gpu_pipeline_task.cpp:311] [stage-audit] pipeline_id=35 task_id=147 operator_id=71 operator_name=CONCAT stage_kind=CONCAT operator_type=83 input_type=PARTITIONED output_type=PARTITIONED actual_gpu=3 pipeline_operator_count=1 input_batches=1 input_rows=4109417 input_columns=5 input_bytes=164376680 output_batches=1 output_rows=4109417 output_columns=5 output_bytes=164376680 byte_ratio=1.000000 row_ratio=1.000000 duration_us=2
[2026-07-01 12:07:31.230] [info] [task_scheduler.cpp:367] [mgpu-audit] pipeline_task dispatched to GPU 3 task_id=156
[2026-07-01 12:07:31.231] [info] [task_scheduler.cpp:369] [locality-audit] dispatch task_id=156 preferred_device=3 actual_gpu=3
[2026-07-01 12:07:31.231] [info] [gpu_pipeline_task.cpp:182] [locality-audit] prepare_before pipeline_id=35 task_id=155 preferred_device=3 actual_gpu=3 target_tier=GPU target_device=3 input_bytes=493033720 local_bytes=0 remote_gpu_bytes=493033720 host_bytes=0 disk_bytes=0 batch_count=3
[2026-07-01 12:07:31.246] [info] [gpu_pipeline_task.cpp:182] [locality-audit] prepare_after pipeline_id=35 task_id=181 preferred_device=2 actual_gpu=2 target_tier=GPU target_device=2 input_bytes=492949640 local_bytes=492949640 remote_gpu_bytes=0 host_bytes=0 disk_bytes=0 batch_count=3
[2026-07-01 12:07:31.254] [info] [gpu_pipeline_task.cpp:182] [locality-audit] prepare_after pipeline_id=35 task_id=180 preferred_device=1 actual_gpu=1 target_tier=GPU target_device=1 input_bytes=164319120 local_bytes=164319120 remote_gpu_bytes=0 host_bytes=0 disk_bytes=0 batch_count=1
[2026-07-01 12:07:31.255] [info] [gpu_pipeline_task.cpp:182] [locality-audit] prepare_after pipeline_id=35 task_id=185 preferred_device=0 actual_gpu=0 target_tier=GPU target_device=0 input_bytes=492853480 local_bytes=492853480 remote_gpu_bytes=0 host_bytes=0 disk_bytes=0 batch_count=3
[2026-07-01 12:07:31.255] [info] [gpu_pipeline_task.cpp:311] [stage-audit] pipeline_id=35 task_id=180 operator_id=71 operator_name=CONCAT stage_kind=CONCAT operator_type=83 input_type=PARTITIONED output_type=PARTITIONED actual_gpu=1 pipeline_operator_count=1 input_batches=1 input_rows=4107978 input_columns=5 input_bytes=164319120 output_batches=1 output_rows=4107978 output_columns=5 output_bytes=164319120 byte_ratio=1.000000 row_ratio=1.000000 duration_us=42
[2026-07-01 12:07:31.255] [info] [task_scheduler.cpp:367] [mgpu-audit] pipeline_task dispatched to GPU 1 task_id=188
[2026-07-01 12:07:31.255] [info] [task_scheduler.cpp:369] [locality-audit] dispatch task_id=188 preferred_device=1 actual_gpu=1
[2026-07-01 12:07:31.255] [info] [gpu_pipeline_task.cpp:182] [locality-audit] prepare_before pipeline_id=35 task_id=187 preferred_device=1 actual_gpu=1 target_tier=GPU target_device=1 input_bytes=493359080 local_bytes=0 remote_gpu_bytes=493359080 host_bytes=0 disk_bytes=0 batch_count=3
[2026-07-01 12:07:31.257] [info] [gpu_pipeline_task.cpp:311] [stage-audit] pipeline_id=35 task_id=181 operator_id=71 operator_name=CONCAT stage_kind=CONCAT operator_type=83 input_type=PARTITIONED output_type=PARTITIONED actual_gpu=2 pipeline_operator_count=1 input_batches=3 input_rows=12323741 input_columns=15 input_bytes=492949640 output_batches=1 output_rows=12323741 output_columns=5 output_bytes=492949640 byte_ratio=1.000000 row_ratio=1.000000 duration_us=11227
[2026-07-01 12:07:31.257] [info] [gpu_pipeline_task.cpp:182] [locality-audit] prepare_before pipeline_id=35 task_id=190 preferred_device=2 actual_gpu=2 target_tier=GPU target_device=2 input_bytes=164385480 local_bytes=0 remote_gpu_bytes=164385480 host_bytes=0 disk_bytes=0 batch_count=1
[2026-07-01 12:07:31.262] [info] [gpu_pipeline_task.cpp:182] [locality-audit] prepare_after pipeline_id=35 task_id=189 preferred_device=2 actual_gpu=2 target_tier=GPU target_device=2 input_bytes=492999960 local_bytes=492999960 remote_gpu_bytes=0 host_bytes=0 disk_bytes=0 batch_count=3
[2026-07-01 12:07:31.266] [info] [gpu_pipeline_task.cpp:311] [stage-audit] pipeline_id=35 task_id=185 operator_id=71 operator_name=CONCAT stage_kind=CONCAT operator_type=83 input_type=PARTITIONED output_type=PARTITIONED actual_gpu=0 pipeline_operator_count=1 input_batches=3 input_rows=12321337 input_columns=15 input_bytes=492853480 output_batches=1 output_rows=12321337 output_columns=5 output_bytes=492853480 byte_ratio=1.000000 row_ratio=1.000000 duration_us=11025
[2026-07-01 12:07:31.266] [info] [gpu_pipeline_task.cpp:182] [locality-audit] prepare_before pipeline_id=35 task_id=186 preferred_device=0 actual_gpu=0 target_tier=GPU target_device=0 input_bytes=164483240 local_bytes=0 remote_gpu_bytes=164483240 host_bytes=0 disk_bytes=0 batch_count=1
[2026-07-01 12:07:31.270] [info] [gpu_pipeline_task.cpp:182] [locality-audit] prepare_after pipeline_id=35 task_id=190 preferred_device=2 actual_gpu=2 target_tier=GPU target_device=2 input_bytes=164385480 local_bytes=164385480 remote_gpu_bytes=0 host_bytes=0 disk_bytes=0 batch_count=1
[2026-07-01 12:07:31.270] [info] [gpu_pipeline_task.cpp:311] [stage-audit] pipeline_id=35 task_id=190 operator_id=71 operator_name=CONCAT stage_kind=CONCAT operator_type=83 input_type=PARTITIONED output_type=PARTITIONED actual_gpu=2 pipeline_operator_count=1 input_batches=1 input_rows=4109637 input_columns=5 input_bytes=164385480 output_batches=1 output_rows=4109637 output_columns=5 output_bytes=164385480 byte_ratio=1.000000 row_ratio=1.000000 duration_us=2
[2026-07-01 12:07:31.274] [info] [gpu_pipeline_task.cpp:311] [stage-audit] pipeline_id=35 task_id=189 operator_id=71 operator_name=CONCAT stage_kind=CONCAT operator_type=83 input_type=PARTITIONED output_type=PARTITIONED actual_gpu=2 pipeline_operator_count=1 input_batches=3 input_rows=12324999 input_columns=15 input_bytes=492999960 output_batches=1 output_rows=12324999 output_columns=5 output_bytes=492999960 byte_ratio=1.000000 row_ratio=1.000000 duration_us=11336
[2026-07-01 12:07:31.277] [info] [gpu_pipeline_task.cpp:182] [locality-audit] prepare_after pipeline_id=35 task_id=155 preferred_device=3 actual_gpu=3 target_tier=GPU target_device=3 input_bytes=493033720 local_bytes=493033720 remote_gpu_bytes=0 host_bytes=0 disk_bytes=0 batch_count=3
[2026-07-01 12:07:31.289] [info] [gpu_pipeline_task.cpp:311] [stage-audit] pipeline_id=35 task_id=155 operator_id=71 operator_name=CONCAT stage_kind=CONCAT operator_type=83 input_type=PARTITIONED output_type=PARTITIONED actual_gpu=3 pipeline_operator_count=1 input_batches=3 input_rows=12325843 input_columns=15 input_bytes=493033720 output_batches=1 output_rows=12325843 output_columns=5 output_bytes=493033720 byte_ratio=1.000000 row_ratio=1.000000 duration_us=11524
[2026-07-01 12:07:31.289] [info] [task_scheduler.cpp:367] [mgpu-audit] pipeline_task dispatched to GPU 3 task_id=163
[2026-07-01 12:07:31.289] [info] [task_scheduler.cpp:369] [locality-audit] dispatch task_id=163 preferred_device=3 actual_gpu=3
[2026-07-01 12:07:31.289] [info] [gpu_pipeline_task.cpp:182] [locality-audit] prepare_before pipeline_id=35 task_id=156 preferred_device=3 actual_gpu=3 target_tier=GPU target_device=3 input_bytes=164353200 local_bytes=0 remote_gpu_bytes=164353200 host_bytes=0 disk_bytes=0 batch_count=1
[2026-07-01 12:07:31.293] [info] [gpu_pipeline_task.cpp:182] [locality-audit] prepare_after pipeline_id=35 task_id=186 preferred_device=0 actual_gpu=0 target_tier=GPU target_device=0 input_bytes=164483240 local_bytes=164483240 remote_gpu_bytes=0 host_bytes=0 disk_bytes=0 batch_count=1
[2026-07-01 12:07:31.293] [info] [gpu_pipeline_task.cpp:311] [stage-audit] pipeline_id=35 task_id=186 operator_id=71 operator_name=CONCAT stage_kind=CONCAT operator_type=83 input_type=PARTITIONED output_type=PARTITIONED actual_gpu=0 pipeline_operator_count=1 input_batches=1 input_rows=4112081 input_columns=5 input_bytes=164483240 output_batches=1 output_rows=4112081 output_columns=5 output_bytes=164483240 byte_ratio=1.000000 row_ratio=1.000000 duration_us=2
[2026-07-01 12:07:31.298] [info] [gpu_pipeline_task.cpp:182] [locality-audit] prepare_after pipeline_id=35 task_id=156 preferred_device=3 actual_gpu=3 target_tier=GPU target_device=3 input_bytes=164353200 local_bytes=164353200 remote_gpu_bytes=0 host_bytes=0 disk_bytes=0 batch_count=1
[2026-07-01 12:07:31.298] [info] [gpu_pipeline_task.cpp:311] [stage-audit] pipeline_id=35 task_id=156 operator_id=71 operator_name=CONCAT stage_kind=CONCAT operator_type=83 input_type=PARTITIONED output_type=PARTITIONED actual_gpu=3 pipeline_operator_count=1 input_batches=1 input_rows=4108830 input_columns=5 input_bytes=164353200 output_batches=1 output_rows=4108830 output_columns=5 output_bytes=164353200 byte_ratio=1.000000 row_ratio=1.000000 duration_us=2
[2026-07-01 12:07:31.298] [info] [task_scheduler.cpp:367] [mgpu-audit] pipeline_task dispatched to GPU 3 task_id=164
[2026-07-01 12:07:31.298] [info] [task_scheduler.cpp:369] [locality-audit] dispatch task_id=164 preferred_device=3 actual_gpu=3
[2026-07-01 12:07:31.298] [info] [gpu_pipeline_task.cpp:182] [locality-audit] prepare_before pipeline_id=35 task_id=163 preferred_device=3 actual_gpu=3 target_tier=GPU target_device=3 input_bytes=493431640 local_bytes=0 remote_gpu_bytes=493431640 host_bytes=0 disk_bytes=0 batch_count=3
[2026-07-01 12:07:31.316] [info] [parquet_gpu_ingestible.cpp:696] [scan-audit] parquet_materialize target_gpu=0 files=/mnt/nvme/dataset/lineitem.parquet columns=l_orderkey,l_partkey,l_suppkey,l_extendedprice,l_discount row_groups=3306,3307,3308,3309,3310,3311,3312,3313,3314,3315,3316,3317,3318,3319,3320,3321,3322,3323,3324,3325,3326,3327,3328,3329,3330,3331,3332,3333,3334,3335,3336,3337,3338,3339,3340,3341,3342,3343,3344,3345,3346,3347,3348,3349,3350,3351,3352,3353,3354,3355,3356,3357,3358,3359,3360,3361,3362,3363,3364,3365,3366,3367,3368,3369,3370,3371,3372,3373,3374,3375,3376,3377,3378,3379,3380,3381,3382,3383,3384,3385,3386,3387,3388,3389,3390,3391,3392,3393,3394,3395,3396,3397,3398,3399,3400,3401,3402,3403,3404,3405,3406,3407,3408,3409,3410,3411,3412,3413,3414,3415,3416,3417,3418,3419,3420,3421,3422,3423,3424,3425,3426,3427,3428,3429,3430,3431,3432,3433,3434,3435,3436,3437 compressed_bytes=289558143 uncompressed_bytes=534444426 column_bytes=l_orderkey:25628486:131533692,l_partkey:89508269:131533692,l_suppkey:81127875:131533692,l_extendedprice:84987621:131533692,l_discount:8305892:8309658 output_rows=16441200 output_columns=5 split_count=1 duration_us=2104966
[2026-07-01 12:07:31.316] [info] [gpu_pipeline_task.cpp:311] [stage-audit] pipeline_id=33 task_id=107 operator_id=70 operator_name=GPU_SCAN stage_kind=SCAN operator_type=94 input_type=GPU_SCAN output_type=PIPELINEABLE actual_gpu=0 pipeline_operator_count=1 input_batches=0 input_rows=0 input_columns=0 input_bytes=0 output_batches=1 output_rows=16441200 output_columns=5 output_bytes=667923840 byte_ratio=0.000000 row_ratio=0.000000 duration_us=2167085
[2026-07-01 12:07:31.316] [info] [task_creator.cpp:352] [locality-audit] task_create operator_id=72 input_bytes=667923840 local_bytes=667923840 gpu_source_bytes=667923840 host_source_bytes=0 disk_source_bytes=0 gpu_sources=1 host_sources=0 preferred_device=0
[2026-07-01 12:07:31.316] [info] [task_scheduler.cpp:367] [mgpu-audit] pipeline_task dispatched to GPU 0 task_id=193
[2026-07-01 12:07:31.316] [info] [task_scheduler.cpp:369] [locality-audit] dispatch task_id=193 preferred_device=0 actual_gpu=0
[2026-07-01 12:07:31.316] [info] [gpu_pipeline_task.cpp:182] [locality-audit] prepare_before pipeline_id=34 task_id=193 preferred_device=0 actual_gpu=0 target_tier=GPU target_device=0 input_bytes=667923840 local_bytes=667923840 remote_gpu_bytes=0 host_bytes=0 disk_bytes=0 batch_count=1
[2026-07-01 12:07:31.316] [info] [gpu_pipeline_task.cpp:182] [locality-audit] prepare_after pipeline_id=34 task_id=193 preferred_device=0 actual_gpu=0 target_tier=GPU target_device=0 input_bytes=667923840 local_bytes=667923840 remote_gpu_bytes=0 host_bytes=0 disk_bytes=0 batch_count=1
[2026-07-01 12:07:31.316] [info] [gpu_pipeline_task.cpp:182] [locality-audit] prepare_after pipeline_id=35 task_id=187 preferred_device=1 actual_gpu=1 target_tier=GPU target_device=1 input_bytes=493359080 local_bytes=493359080 remote_gpu_bytes=0 host_bytes=0 disk_bytes=0 batch_count=3
[2026-07-01 12:07:31.323] [info] [gpu_pipeline_task.cpp:182] [locality-audit] prepare_after pipeline_id=35 task_id=163 preferred_device=3 actual_gpu=3 target_tier=GPU target_device=3 input_bytes=493431640 local_bytes=493431640 remote_gpu_bytes=0 host_bytes=0 disk_bytes=0 batch_count=3
[2026-07-01 12:07:31.328] [info] [gpu_pipeline_task.cpp:311] [stage-audit] pipeline_id=35 task_id=187 operator_id=71 operator_name=CONCAT stage_kind=CONCAT operator_type=83 input_type=PARTITIONED output_type=PARTITIONED actual_gpu=1 pipeline_operator_count=1 input_batches=3 input_rows=12333977 input_columns=15 input_bytes=493359080 output_batches=1 output_rows=12333977 output_columns=5 output_bytes=493359080 byte_ratio=1.000000 row_ratio=1.000000 duration_us=11105
[2026-07-01 12:07:31.329] [info] [gpu_pipeline_task.cpp:311] [stage-audit] pipeline_id=34 task_id=193 operator_id=72 operator_name=PARTITION stage_kind=PARTITION operator_type=82 input_type=PIPELINEABLE output_type=PIPELINEABLE actual_gpu=0 pipeline_operator_count=1 input_batches=1 input_rows=16441200 input_columns=5 input_bytes=667923840 output_batches=4 output_rows=16441200 output_columns=20 output_bytes=657648000 byte_ratio=0.984615 row_ratio=1.000000 duration_us=12608
[2026-07-01 12:07:31.329] [info] [gpu_pipeline_task.cpp:182] [locality-audit] prepare_before pipeline_id=35 task_id=188 preferred_device=1 actual_gpu=1 target_tier=GPU target_device=1 input_bytes=164369880 local_bytes=0 remote_gpu_bytes=164369880 host_bytes=0 disk_bytes=0 batch_count=1
[2026-07-01 12:07:31.334] [info] [gpu_pipeline_task.cpp:311] [stage-audit] pipeline_id=35 task_id=163 operator_id=71 operator_name=CONCAT stage_kind=CONCAT operator_type=83 input_type=PARTITIONED output_type=PARTITIONED actual_gpu=3 pipeline_operator_count=1 input_batches=3 input_rows=12335791 input_columns=15 input_bytes=493431640 output_batches=1 output_rows=12335791 output_columns=5 output_bytes=493431640 byte_ratio=1.000000 row_ratio=1.000000 duration_us=11548
[2026-07-01 12:07:31.335] [info] [task_scheduler.cpp:367] [mgpu-audit] pipeline_task dispatched to GPU 3 task_id=173
[2026-07-01 12:07:31.335] [info] [task_scheduler.cpp:369] [locality-audit] dispatch task_id=173 preferred_device=3 actual_gpu=3
[2026-07-01 12:07:31.335] [info] [gpu_pipeline_task.cpp:182] [locality-audit] prepare_before pipeline_id=35 task_id=164 preferred_device=3 actual_gpu=3 target_tier=GPU target_device=3 input_bytes=164529240 local_bytes=0 remote_gpu_bytes=164529240 host_bytes=0 disk_bytes=0 batch_count=1
[2026-07-01 12:07:31.343] [info] [gpu_pipeline_task.cpp:182] [locality-audit] prepare_after pipeline_id=35 task_id=164 preferred_device=3 actual_gpu=3 target_tier=GPU target_device=3 input_bytes=164529240 local_bytes=164529240 remote_gpu_bytes=0 host_bytes=0 disk_bytes=0 batch_count=1
[2026-07-01 12:07:31.343] [info] [gpu_pipeline_task.cpp:311] [stage-audit] pipeline_id=35 task_id=164 operator_id=71 operator_name=CONCAT stage_kind=CONCAT operator_type=83 input_type=PARTITIONED output_type=PARTITIONED actual_gpu=3 pipeline_operator_count=1 input_batches=1 input_rows=4113231 input_columns=5 input_bytes=164529240 output_batches=1 output_rows=4113231 output_columns=5 output_bytes=164529240 byte_ratio=1.000000 row_ratio=1.000000 duration_us=2
[2026-07-01 12:07:31.343] [info] [gpu_pipeline_task.cpp:182] [locality-audit] prepare_before pipeline_id=35 task_id=173 preferred_device=3 actual_gpu=3 target_tier=GPU target_device=3 input_bytes=493062480 local_bytes=0 remote_gpu_bytes=493062480 host_bytes=0 disk_bytes=0 batch_count=3
[2026-07-01 12:07:31.343] [info] [task_scheduler.cpp:367] [mgpu-audit] pipeline_task dispatched to GPU 3 task_id=174
[2026-07-01 12:07:31.343] [info] [task_scheduler.cpp:369] [locality-audit] dispatch task_id=174 preferred_device=3 actual_gpu=3
[2026-07-01 12:07:31.343] [info] [gpu_pipeline_task.cpp:182] [locality-audit] prepare_after pipeline_id=35 task_id=188 preferred_device=1 actual_gpu=1 target_tier=GPU target_device=1 input_bytes=164369880 local_bytes=164369880 remote_gpu_bytes=0 host_bytes=0 disk_bytes=0 batch_count=1
[2026-07-01 12:07:31.343] [info] [gpu_pipeline_task.cpp:311] [stage-audit] pipeline_id=35 task_id=188 operator_id=71 operator_name=CONCAT stage_kind=CONCAT operator_type=83 input_type=PARTITIONED output_type=PARTITIONED actual_gpu=1 pipeline_operator_count=1 input_batches=1 input_rows=4109247 input_columns=5 input_bytes=164369880 output_batches=1 output_rows=4109247 output_columns=5 output_bytes=164369880 byte_ratio=1.000000 row_ratio=1.000000 duration_us=2
[2026-07-01 12:07:31.352] [info] [parquet_gpu_ingestible.cpp:696] [scan-audit] parquet_materialize target_gpu=1 files=/mnt/nvme/dataset/lineitem.parquet columns=l_orderkey,l_partkey,l_suppkey,l_extendedprice,l_discount row_groups=3438,3439,3440,3441,3442,3443,3444,3445,3446,3447,3448,3449,3450,3451,3452,3453,3454,3455,3456,3457,3458,3459,3460,3461,3462,3463,3464,3465,3466,3467,3468,3469,3470,3471,3472,3473,3474,3475,3476,3477,3478,3479,3480,3481,3482,3483,3484,3485,3486,3487,3488,3489,3490,3491,3492,3493,3494,3495,3496,3497,3498,3499,3500,3501,3502,3503,3504,3505,3506,3507,3508,3509,3510,3511,3512,3513,3514,3515,3516,3517,3518,3519,3520,3521,3522,3523,3524,3525,3526,3527,3528,3529,3530,3531,3532,3533,3534,3535,3536,3537,3538,3539,3540,3541,3542,3543,3544,3545,3546,3547,3548,3549,3550,3551,3552,3553,3554,3555,3556,3557,3558,3559,3560,3561,3562,3563,3564,3565,3566,3567,3568,3569 compressed_bytes=289578069 uncompressed_bytes=534467431 column_bytes=l_orderkey:25636028:131539420,l_partkey:89511211:131539420,l_suppkey:81131750:131539420,l_extendedprice:84993097:131539420,l_discount:8305983:8309751 output_rows=16441916 output_columns=5 split_count=1 duration_us=2137009
[2026-07-01 12:07:31.352] [info] [gpu_pipeline_task.cpp:311] [stage-audit] pipeline_id=33 task_id=108 operator_id=70 operator_name=GPU_SCAN stage_kind=SCAN operator_type=94 input_type=GPU_SCAN output_type=PIPELINEABLE actual_gpu=1 pipeline_operator_count=1 input_batches=0 input_rows=0 input_columns=0 input_bytes=0 output_batches=1 output_rows=16441916 output_columns=5 output_bytes=667953120 byte_ratio=0.000000 row_ratio=0.000000 duration_us=2198408
[2026-07-01 12:07:31.352] [info] [task_creator.cpp:352] [locality-audit] task_create operator_id=72 input_bytes=667953120 local_bytes=667953120 gpu_source_bytes=667953120 host_source_bytes=0 disk_source_bytes=0 gpu_sources=1 host_sources=0 preferred_device=1
[2026-07-01 12:07:31.352] [info] [task_scheduler.cpp:367] [mgpu-audit] pipeline_task dispatched to GPU 1 task_id=194
[2026-07-01 12:07:31.352] [info] [task_scheduler.cpp:369] [locality-audit] dispatch task_id=194 preferred_device=1 actual_gpu=1
[2026-07-01 12:07:31.352] [info] [gpu_pipeline_task.cpp:182] [locality-audit] prepare_before pipeline_id=34 task_id=194 preferred_device=1 actual_gpu=1 target_tier=GPU target_device=1 input_bytes=667953120 local_bytes=667953120 remote_gpu_bytes=0 host_bytes=0 disk_bytes=0 batch_count=1
[2026-07-01 12:07:31.352] [info] [gpu_pipeline_task.cpp:182] [locality-audit] prepare_after pipeline_id=34 task_id=194 preferred_device=1 actual_gpu=1 target_tier=GPU target_device=1 input_bytes=667953120 local_bytes=667953120 remote_gpu_bytes=0 host_bytes=0 disk_bytes=0 batch_count=1
[2026-07-01 12:07:31.368] [info] [gpu_pipeline_task.cpp:182] [locality-audit] prepare_after pipeline_id=35 task_id=173 preferred_device=3 actual_gpu=3 target_tier=GPU target_device=3 input_bytes=493062480 local_bytes=493062480 remote_gpu_bytes=0 host_bytes=0 disk_bytes=0 batch_count=3
[2026-07-01 12:07:31.373] [info] [gpu_pipeline_task.cpp:311] [stage-audit] pipeline_id=34 task_id=194 operator_id=72 operator_name=PARTITION stage_kind=PARTITION operator_type=82 input_type=PIPELINEABLE output_type=PIPELINEABLE actual_gpu=1 pipeline_operator_count=1 input_batches=1 input_rows=16441916 input_columns=5 input_bytes=667953120 output_batches=4 output_rows=16441916 output_columns=20 output_bytes=657676640 byte_ratio=0.984615 row_ratio=1.000000 duration_us=21448
[2026-07-01 12:07:31.379] [info] [gpu_pipeline_task.cpp:311] [stage-audit] pipeline_id=35 task_id=173 operator_id=71 operator_name=CONCAT stage_kind=CONCAT operator_type=83 input_type=PARTITIONED output_type=PARTITIONED actual_gpu=3 pipeline_operator_count=1 input_batches=3 input_rows=12326562 input_columns=15 input_bytes=493062480 output_batches=1 output_rows=12326562 output_columns=5 output_bytes=493062480 byte_ratio=1.000000 row_ratio=1.000000 duration_us=11540
[2026-07-01 12:07:31.379] [info] [gpu_pipeline_task.cpp:182] [locality-audit] prepare_before pipeline_id=35 task_id=174 preferred_device=3 actual_gpu=3 target_tier=GPU target_device=3 input_bytes=164044320 local_bytes=0 remote_gpu_bytes=164044320 host_bytes=0 disk_bytes=0 batch_count=1
[2026-07-01 12:07:31.379] [info] [task_scheduler.cpp:367] [mgpu-audit] pipeline_task dispatched to GPU 3 task_id=175
[2026-07-01 12:07:31.379] [info] [task_scheduler.cpp:369] [locality-audit] dispatch task_id=175 preferred_device=3 actual_gpu=3
[2026-07-01 12:07:31.388] [info] [gpu_pipeline_task.cpp:182] [locality-audit] prepare_after pipeline_id=35 task_id=174 preferred_device=3 actual_gpu=3 target_tier=GPU target_device=3 input_bytes=164044320 local_bytes=164044320 remote_gpu_bytes=0 host_bytes=0 disk_bytes=0 batch_count=1
[2026-07-01 12:07:31.388] [info] [gpu_pipeline_task.cpp:311] [stage-audit] pipeline_id=35 task_id=174 operator_id=71 operator_name=CONCAT stage_kind=CONCAT operator_type=83 input_type=PARTITIONED output_type=PARTITIONED actual_gpu=3 pipeline_operator_count=1 input_batches=1 input_rows=4101108 input_columns=5 input_bytes=164044320 output_batches=1 output_rows=4101108 output_columns=5 output_bytes=164044320 byte_ratio=1.000000 row_ratio=1.000000 duration_us=1
[2026-07-01 12:07:31.388] [info] [gpu_pipeline_task.cpp:182] [locality-audit] prepare_before pipeline_id=34 task_id=175 preferred_device=3 actual_gpu=3 target_tier=GPU target_device=3 input_bytes=667954000 local_bytes=667954000 remote_gpu_bytes=0 host_bytes=0 disk_bytes=0 batch_count=1
[2026-07-01 12:07:31.388] [info] [task_scheduler.cpp:367] [mgpu-audit] pipeline_task dispatched to GPU 3 task_id=176
[2026-07-01 12:07:31.388] [info] [task_scheduler.cpp:369] [locality-audit] dispatch task_id=176 preferred_device=3 actual_gpu=3
[2026-07-01 12:07:31.388] [info] [gpu_pipeline_task.cpp:182] [locality-audit] prepare_after pipeline_id=34 task_id=175 preferred_device=3 actual_gpu=3 target_tier=GPU target_device=3 input_bytes=667954000 local_bytes=667954000 remote_gpu_bytes=0 host_bytes=0 disk_bytes=0 batch_count=1
[2026-07-01 12:07:31.396] [info] [gpu_pipeline_task.cpp:311] [stage-audit] pipeline_id=34 task_id=175 operator_id=72 operator_name=PARTITION stage_kind=PARTITION operator_type=82 input_type=PIPELINEABLE output_type=PIPELINEABLE actual_gpu=3 pipeline_operator_count=1 input_batches=1 input_rows=16441938 input_columns=5 input_bytes=667954000 output_batches=4 output_rows=16441938 output_columns=20 output_bytes=657677520 byte_ratio=0.984615 row_ratio=1.000000 duration_us=8510
[2026-07-01 12:07:31.396] [info] [task_scheduler.cpp:367] [mgpu-audit] pipeline_task dispatched to GPU 3 task_id=183
[2026-07-01 12:07:31.396] [info] [task_scheduler.cpp:369] [locality-audit] dispatch task_id=183 preferred_device=3 actual_gpu=3
[2026-07-01 12:07:31.396] [info] [gpu_pipeline_task.cpp:182] [locality-audit] prepare_before pipeline_id=34 task_id=176 preferred_device=3 actual_gpu=3 target_tier=GPU target_device=3 input_bytes=667934080 local_bytes=667934080 remote_gpu_bytes=0 host_bytes=0 disk_bytes=0 batch_count=1
[2026-07-01 12:07:31.396] [info] [gpu_pipeline_task.cpp:182] [locality-audit] prepare_after pipeline_id=34 task_id=176 preferred_device=3 actual_gpu=3 target_tier=GPU target_device=3 input_bytes=667934080 local_bytes=667934080 remote_gpu_bytes=0 host_bytes=0 disk_bytes=0 batch_count=1
[2026-07-01 12:07:31.404] [info] [gpu_pipeline_task.cpp:311] [stage-audit] pipeline_id=34 task_id=176 operator_id=72 operator_name=PARTITION stage_kind=PARTITION operator_type=82 input_type=PIPELINEABLE output_type=PIPELINEABLE actual_gpu=3 pipeline_operator_count=1 input_batches=1 input_rows=16441448 input_columns=5 input_bytes=667934080 output_batches=4 output_rows=16441448 output_columns=20 output_bytes=657657920 byte_ratio=0.984615 row_ratio=1.000000 duration_us=8099
[2026-07-01 12:07:31.404] [info] [task_scheduler.cpp:367] [mgpu-audit] pipeline_task dispatched to GPU 3 task_id=184
[2026-07-01 12:07:31.404] [info] [task_scheduler.cpp:369] [locality-audit] dispatch task_id=184 preferred_device=3 actual_gpu=3
[2026-07-01 12:07:31.404] [info] [gpu_pipeline_task.cpp:182] [locality-audit] prepare_before pipeline_id=35 task_id=183 preferred_device=3 actual_gpu=3 target_tier=GPU target_device=3 input_bytes=494293840 local_bytes=164892440 remote_gpu_bytes=329401400 host_bytes=0 disk_bytes=0 batch_count=3
[2026-07-01 12:07:31.405] [info] [task_scheduler.cpp:367] [mgpu-audit] pipeline_task dispatched to GPU 0 task_id=195
[2026-07-01 12:07:31.405] [info] [task_scheduler.cpp:369] [locality-audit] dispatch task_id=195 preferred_device=0 actual_gpu=0
[2026-07-01 12:07:31.405] [info] [task_scheduler.cpp:367] [mgpu-audit] pipeline_task dispatched to GPU 0 task_id=196
[2026-07-01 12:07:31.405] [info] [task_scheduler.cpp:369] [locality-audit] dispatch task_id=196 preferred_device=0 actual_gpu=0
[2026-07-01 12:07:31.405] [info] [task_scheduler.cpp:367] [mgpu-audit] pipeline_task dispatched to GPU 1 task_id=197
[2026-07-01 12:07:31.405] [info] [task_scheduler.cpp:369] [locality-audit] dispatch task_id=197 preferred_device=1 actual_gpu=1
[2026-07-01 12:07:31.405] [info] [task_scheduler.cpp:367] [mgpu-audit] pipeline_task dispatched to GPU 1 task_id=198
[2026-07-01 12:07:31.405] [info] [task_scheduler.cpp:369] [locality-audit] dispatch task_id=198 preferred_device=1 actual_gpu=1
[2026-07-01 12:07:31.405] [info] [task_scheduler.cpp:367] [mgpu-audit] pipeline_task dispatched to GPU 2 task_id=199
[2026-07-01 12:07:31.405] [info] [task_scheduler.cpp:369] [locality-audit] dispatch task_id=199 preferred_device=2 actual_gpu=2
[2026-07-01 12:07:31.405] [info] [task_scheduler.cpp:367] [mgpu-audit] pipeline_task dispatched to GPU 2 task_id=200
[2026-07-01 12:07:31.405] [info] [task_scheduler.cpp:369] [locality-audit] dispatch task_id=200 preferred_device=2 actual_gpu=2
[2026-07-01 12:07:31.405] [info] [gpu_pipeline_task.cpp:182] [locality-audit] prepare_before pipeline_id=35 task_id=198 preferred_device=1 actual_gpu=1 target_tier=GPU target_device=1 input_bytes=164667560 local_bytes=0 remote_gpu_bytes=164667560 host_bytes=0 disk_bytes=0 batch_count=1
[2026-07-01 12:07:31.405] [info] [gpu_pipeline_task.cpp:182] [locality-audit] prepare_before pipeline_id=35 task_id=199 preferred_device=2 actual_gpu=2 target_tier=GPU target_device=2 input_bytes=493087000 local_bytes=0 remote_gpu_bytes=493087000 host_bytes=0 disk_bytes=0 batch_count=3
[2026-07-01 12:07:31.405] [info] [gpu_pipeline_task.cpp:182] [locality-audit] prepare_before pipeline_id=35 task_id=200 preferred_device=2 actual_gpu=2 target_tier=GPU target_device=2 input_bytes=164288200 local_bytes=0 remote_gpu_bytes=164288200 host_bytes=0 disk_bytes=0 batch_count=1
[2026-07-01 12:07:31.405] [info] [gpu_pipeline_task.cpp:182] [locality-audit] prepare_before pipeline_id=35 task_id=197 preferred_device=1 actual_gpu=1 target_tier=GPU target_device=1 input_bytes=493235120 local_bytes=164573960 remote_gpu_bytes=328661160 host_bytes=0 disk_bytes=0 batch_count=3
[2026-07-01 12:07:31.405] [info] [gpu_pipeline_task.cpp:182] [locality-audit] prepare_before pipeline_id=35 task_id=195 preferred_device=0 actual_gpu=0 target_tier=GPU target_device=0 input_bytes=492914680 local_bytes=164235560 remote_gpu_bytes=328679120 host_bytes=0 disk_bytes=0 batch_count=3
[2026-07-01 12:07:31.405] [info] [gpu_pipeline_task.cpp:182] [locality-audit] prepare_before pipeline_id=35 task_id=196 preferred_device=0 actual_gpu=0 target_tier=GPU target_device=0 input_bytes=164539080 local_bytes=0 remote_gpu_bytes=164539080 host_bytes=0 disk_bytes=0 batch_count=1
[2026-07-01 12:07:31.406] [info] [parquet_gpu_ingestible.cpp:696] [scan-audit] parquet_materialize target_gpu=1 files=/mnt/nvme/dataset/lineitem.parquet columns=l_orderkey,l_partkey,l_suppkey,l_extendedprice,l_discount row_groups=3966,3967,3968,3969,3970,3971,3972,3973,3974,3975,3976,3977,3978,3979,3980,3981,3982,3983,3984,3985,3986,3987,3988,3989,3990,3991,3992,3993,3994,3995,3996,3997,3998,3999,4000,4001,4002,4003,4004,4005,4006,4007,4008,4009,4010,4011,4012,4013,4014,4015,4016,4017,4018,4019,4020,4021,4022,4023,4024,4025,4026,4027,4028,4029,4030,4031,4032,4033,4034,4035,4036,4037,4038,4039,4040,4041,4042,4043,4044,4045,4046,4047,4048,4049,4050,4051,4052,4053,4054,4055,4056,4057,4058,4059,4060,4061,4062,4063,4064,4065,4066,4067,4068,4069,4070,4071,4072,4073,4074,4075,4076,4077,4078,4079,4080,4081,4082,4083,4084,4085,4086,4087,4088,4089,4090,4091,4092,4093,4094,4095,4096,4097 compressed_bytes=289568082 uncompressed_bytes=534461812 column_bytes=l_orderkey:25629043:131537980,l_partkey:89510491:131537980,l_suppkey:81130663:131537980,l_extendedprice:84991749:131537980,l_discount:8306136:8309892 output_rows=16441736 output_columns=5 split_count=1 duration_us=1997419
[2026-07-01 12:07:31.419] [info] [gpu_pipeline_task.cpp:311] [stage-audit] pipeline_id=33 task_id=112 operator_id=70 operator_name=GPU_SCAN stage_kind=SCAN operator_type=94 input_type=GPU_SCAN output_type=PIPELINEABLE actual_gpu=1 pipeline_operator_count=1 input_batches=0 input_rows=0 input_columns=0 input_bytes=0 output_batches=1 output_rows=16441736 output_columns=5 output_bytes=667945600 byte_ratio=0.000000 row_ratio=0.000000 duration_us=2071213
[2026-07-01 12:07:31.419] [info] [task_creator.cpp:352] [locality-audit] task_create operator_id=72 input_bytes=667945600 local_bytes=667945600 gpu_source_bytes=667945600 host_source_bytes=0 disk_source_bytes=0 gpu_sources=1 host_sources=0 preferred_device=1
[2026-07-01 12:07:31.419] [info] [task_scheduler.cpp:367] [mgpu-audit] pipeline_task dispatched to GPU 1 task_id=203
[2026-07-01 12:07:31.419] [info] [task_scheduler.cpp:369] [locality-audit] dispatch task_id=203 preferred_device=1 actual_gpu=1
[2026-07-01 12:07:31.419] [info] [gpu_pipeline_task.cpp:182] [locality-audit] prepare_before pipeline_id=34 task_id=203 preferred_device=1 actual_gpu=1 target_tier=GPU target_device=1 input_bytes=667945600 local_bytes=667945600 remote_gpu_bytes=0 host_bytes=0 disk_bytes=0 batch_count=1
[2026-07-01 12:07:31.420] [info] [gpu_pipeline_task.cpp:182] [locality-audit] prepare_after pipeline_id=34 task_id=203 preferred_device=1 actual_gpu=1 target_tier=GPU target_device=1 input_bytes=667945600 local_bytes=667945600 remote_gpu_bytes=0 host_bytes=0 disk_bytes=0 batch_count=1
[2026-07-01 12:07:31.438] [info] [gpu_pipeline_task.cpp:182] [locality-audit] prepare_after pipeline_id=35 task_id=200 preferred_device=2 actual_gpu=2 target_tier=GPU target_device=2 input_bytes=164288200 local_bytes=164288200 remote_gpu_bytes=0 host_bytes=0 disk_bytes=0 batch_count=1
[2026-07-01 12:07:31.438] [info] [gpu_pipeline_task.cpp:311] [stage-audit] pipeline_id=35 task_id=200 operator_id=71 operator_name=CONCAT stage_kind=CONCAT operator_type=83 input_type=PARTITIONED output_type=PARTITIONED actual_gpu=2 pipeline_operator_count=1 input_batches=1 input_rows=4107205 input_columns=5 input_bytes=164288200 output_batches=1 output_rows=4107205 output_columns=5 output_bytes=164288200 byte_ratio=1.000000 row_ratio=1.000000 duration_us=3
[2026-07-01 12:07:31.438] [info] [gpu_pipeline_task.cpp:182] [locality-audit] prepare_after pipeline_id=35 task_id=196 preferred_device=0 actual_gpu=0 target_tier=GPU target_device=0 input_bytes=164539080 local_bytes=164539080 remote_gpu_bytes=0 host_bytes=0 disk_bytes=0 batch_count=1
[2026-07-01 12:07:31.438] [info] [gpu_pipeline_task.cpp:311] [stage-audit] pipeline_id=35 task_id=196 operator_id=71 operator_name=CONCAT stage_kind=CONCAT operator_type=83 input_type=PARTITIONED output_type=PARTITIONED actual_gpu=0 pipeline_operator_count=1 input_batches=1 input_rows=4113477 input_columns=5 input_bytes=164539080 output_batches=1 output_rows=4113477 output_columns=5 output_bytes=164539080 byte_ratio=1.000000 row_ratio=1.000000 duration_us=3
[2026-07-01 12:07:31.441] [info] [gpu_pipeline_task.cpp:182] [locality-audit] prepare_after pipeline_id=35 task_id=198 preferred_device=1 actual_gpu=1 target_tier=GPU target_device=1 input_bytes=164667560 local_bytes=164667560 remote_gpu_bytes=0 host_bytes=0 disk_bytes=0 batch_count=1
[2026-07-01 12:07:31.441] [info] [gpu_pipeline_task.cpp:311] [stage-audit] pipeline_id=35 task_id=198 operator_id=71 operator_name=CONCAT stage_kind=CONCAT operator_type=83 input_type=PARTITIONED output_type=PARTITIONED actual_gpu=1 pipeline_operator_count=1 input_batches=1 input_rows=4116689 input_columns=5 input_bytes=164667560 output_batches=1 output_rows=4116689 output_columns=5 output_bytes=164667560 byte_ratio=1.000000 row_ratio=1.000000 duration_us=2
[2026-07-01 12:07:31.451] [info] [gpu_pipeline_task.cpp:182] [locality-audit] prepare_after pipeline_id=35 task_id=197 preferred_device=1 actual_gpu=1 target_tier=GPU target_device=1 input_bytes=493235120 local_bytes=493235120 remote_gpu_bytes=0 host_bytes=0 disk_bytes=0 batch_count=3
[2026-07-01 12:07:31.451] [info] [gpu_pipeline_task.cpp:182] [locality-audit] prepare_after pipeline_id=35 task_id=183 preferred_device=3 actual_gpu=3 target_tier=GPU target_device=3 input_bytes=494293840 local_bytes=494293840 remote_gpu_bytes=0 host_bytes=0 disk_bytes=0 batch_count=3
[2026-07-01 12:07:31.464] [info] [gpu_pipeline_task.cpp:311] [stage-audit] pipeline_id=35 task_id=197 operator_id=71 operator_name=CONCAT stage_kind=CONCAT operator_type=83 input_type=PARTITIONED output_type=PARTITIONED actual_gpu=1 pipeline_operator_count=1 input_batches=3 input_rows=12330878 input_columns=15 input_bytes=493235120 output_batches=1 output_rows=12330878 output_columns=5 output_bytes=493235120 byte_ratio=1.000000 row_ratio=1.000000 duration_us=13238
[2026-07-01 12:07:31.465] [info] [gpu_pipeline_task.cpp:182] [locality-audit] prepare_after pipeline_id=35 task_id=195 preferred_device=0 actual_gpu=0 target_tier=GPU target_device=0 input_bytes=492914680 local_bytes=492914680 remote_gpu_bytes=0 host_bytes=0 disk_bytes=0 batch_count=3
[2026-07-01 12:07:31.466] [info] [gpu_pipeline_task.cpp:182] [locality-audit] prepare_after pipeline_id=35 task_id=199 preferred_device=2 actual_gpu=2 target_tier=GPU target_device=2 input_bytes=493087000 local_bytes=493087000 remote_gpu_bytes=0 host_bytes=0 disk_bytes=0 batch_count=3
[2026-07-01 12:07:31.469] [info] [gpu_pipeline_task.cpp:311] [stage-audit] pipeline_id=34 task_id=203 operator_id=72 operator_name=PARTITION stage_kind=PARTITION operator_type=82 input_type=PIPELINEABLE output_type=PIPELINEABLE actual_gpu=1 pipeline_operator_count=1 input_batches=1 input_rows=16441736 input_columns=5 input_bytes=667945600 output_batches=4 output_rows=16441736 output_columns=20 output_bytes=657669440 byte_ratio=0.984615 row_ratio=1.000000 duration_us=49588
[2026-07-01 12:07:31.474] [info] [gpu_pipeline_task.cpp:311] [stage-audit] pipeline_id=35 task_id=183 operator_id=71 operator_name=CONCAT stage_kind=CONCAT operator_type=83 input_type=PARTITIONED output_type=PARTITIONED actual_gpu=3 pipeline_operator_count=1 input_batches=3 input_rows=12357346 input_columns=15 input_bytes=494293840 output_batches=1 output_rows=12357346 output_columns=5 output_bytes=494293840 byte_ratio=1.000000 row_ratio=1.000000 duration_us=22884
[2026-07-01 12:07:31.474] [info] [parquet_gpu_ingestible.cpp:696] [scan-audit] parquet_materialize target_gpu=1 files=/mnt/nvme/dataset/lineitem.parquet columns=l_orderkey,l_partkey,l_suppkey,l_extendedprice,l_discount row_groups=4494,4495,4496,4497,4498,4499,4500,4501,4502,4503,4504,4505,4506,4507,4508,4509,4510,4511,4512,4513,4514,4515,4516,4517,4518,4519,4520,4521,4522,4523,4524,4525,4526,4527,4528,4529,4530,4531,4532,4533,4534,4535,4536,4537,4538,4539,4540,4541,4542,4543,4544,4545,4546,4547,4548,4549,4550,4551,4552,4553,4554,4555,4556,4557,4558,4559,4560,4561,4562,4563,4564,4565,4566,4567,4568,4569,4570,4571,4572,4573,4574,4575,4576,4577,4578,4579,4580,4581,4582,4583,4584,4585,4586,4587,4588,4589,4590,4591,4592,4593,4594,4595,4596,4597,4598,4599,4600,4601,4602,4603,4604,4605,4606,4607,4608,4609,4610,4611,4612,4613,4614,4615,4616,4617,4618,4619,4620,4621,4622,4623,4624,4625 compressed_bytes=289560300 uncompressed_bytes=534458385 column_bytes=l_orderkey:25620915:131537156,l_partkey:89511511:131537156,l_suppkey:81130272:131537156,l_extendedprice:84991547:131537156,l_discount:8306055:8309761 output_rows=16441633 output_columns=5 split_count=1 duration_us=1861528
[2026-07-01 12:07:31.475] [info] [gpu_pipeline_task.cpp:311] [stage-audit] pipeline_id=33 task_id=116 operator_id=70 operator_name=GPU_SCAN stage_kind=SCAN operator_type=94 input_type=GPU_SCAN output_type=PIPELINEABLE actual_gpu=1 pipeline_operator_count=1 input_batches=0 input_rows=0 input_columns=0 input_bytes=0 output_batches=1 output_rows=16441633 output_columns=5 output_bytes=667941480 byte_ratio=0.000000 row_ratio=0.000000 duration_us=1932382
[2026-07-01 12:07:31.475] [info] [task_creator.cpp:352] [locality-audit] task_create operator_id=72 input_bytes=667941480 local_bytes=667941480 gpu_source_bytes=667941480 host_source_bytes=0 disk_source_bytes=0 gpu_sources=1 host_sources=0 preferred_device=1
[2026-07-01 12:07:31.475] [info] [gpu_pipeline_task.cpp:182] [locality-audit] prepare_before pipeline_id=35 task_id=184 preferred_device=3 actual_gpu=3 target_tier=GPU target_device=3 input_bytes=164652440 local_bytes=0 remote_gpu_bytes=164652440 host_bytes=0 disk_bytes=0 batch_count=1
[2026-07-01 12:07:31.475] [info] [task_scheduler.cpp:367] [mgpu-audit] pipeline_task dispatched to GPU 3 task_id=191
[2026-07-01 12:07:31.475] [info] [task_scheduler.cpp:369] [locality-audit] dispatch task_id=191 preferred_device=3 actual_gpu=3
[2026-07-01 12:07:31.475] [info] [task_scheduler.cpp:367] [mgpu-audit] pipeline_task dispatched to GPU 1 task_id=204
[2026-07-01 12:07:31.475] [info] [task_scheduler.cpp:369] [locality-audit] dispatch task_id=204 preferred_device=1 actual_gpu=1
[2026-07-01 12:07:31.475] [info] [gpu_pipeline_task.cpp:182] [locality-audit] prepare_before pipeline_id=34 task_id=204 preferred_device=1 actual_gpu=1 target_tier=GPU target_device=1 input_bytes=667941480 local_bytes=667941480 remote_gpu_bytes=0 host_bytes=0 disk_bytes=0 batch_count=1
[2026-07-01 12:07:31.475] [info] [gpu_pipeline_task.cpp:182] [locality-audit] prepare_after pipeline_id=34 task_id=204 preferred_device=1 actual_gpu=1 target_tier=GPU target_device=1 input_bytes=667941480 local_bytes=667941480 remote_gpu_bytes=0 host_bytes=0 disk_bytes=0 batch_count=1
[2026-07-01 12:07:31.476] [info] [gpu_pipeline_task.cpp:311] [stage-audit] pipeline_id=35 task_id=195 operator_id=71 operator_name=CONCAT stage_kind=CONCAT operator_type=83 input_type=PARTITIONED output_type=PARTITIONED actual_gpu=0 pipeline_operator_count=1 input_batches=3 input_rows=12322867 input_columns=15 input_bytes=492914680 output_batches=1 output_rows=12322867 output_columns=5 output_bytes=492914680 byte_ratio=1.000000 row_ratio=1.000000 duration_us=11058
[2026-07-01 12:07:31.477] [info] [gpu_pipeline_task.cpp:311] [stage-audit] pipeline_id=35 task_id=199 operator_id=71 operator_name=CONCAT stage_kind=CONCAT operator_type=83 input_type=PARTITIONED output_type=PARTITIONED actual_gpu=2 pipeline_operator_count=1 input_batches=3 input_rows=12327175 input_columns=15 input_bytes=493087000 output_batches=1 output_rows=12327175 output_columns=5 output_bytes=493087000 byte_ratio=1.000000 row_ratio=1.000000 duration_us=11145
[2026-07-01 12:07:31.484] [info] [gpu_pipeline_task.cpp:182] [locality-audit] prepare_after pipeline_id=35 task_id=184 preferred_device=3 actual_gpu=3 target_tier=GPU target_device=3 input_bytes=164652440 local_bytes=164652440 remote_gpu_bytes=0 host_bytes=0 disk_bytes=0 batch_count=1
[2026-07-01 12:07:31.484] [info] [gpu_pipeline_task.cpp:311] [stage-audit] pipeline_id=35 task_id=184 operator_id=71 operator_name=CONCAT stage_kind=CONCAT operator_type=83 input_type=PARTITIONED output_type=PARTITIONED actual_gpu=3 pipeline_operator_count=1 input_batches=1 input_rows=4116311 input_columns=5 input_bytes=164652440 output_batches=1 output_rows=4116311 output_columns=5 output_bytes=164652440 byte_ratio=1.000000 row_ratio=1.000000 duration_us=2
[2026-07-01 12:07:31.485] [info] [task_scheduler.cpp:367] [mgpu-audit] pipeline_task dispatched to GPU 3 task_id=192
[2026-07-01 12:07:31.485] [info] [task_scheduler.cpp:369] [locality-audit] dispatch task_id=192 preferred_device=3 actual_gpu=3
[2026-07-01 12:07:31.485] [info] [gpu_pipeline_task.cpp:182] [locality-audit] prepare_before pipeline_id=35 task_id=191 preferred_device=3 actual_gpu=3 target_tier=GPU target_device=3 input_bytes=492843280 local_bytes=492843280 remote_gpu_bytes=0 host_bytes=0 disk_bytes=0 batch_count=3
[2026-07-01 12:07:31.485] [info] [gpu_pipeline_task.cpp:182] [locality-audit] prepare_after pipeline_id=35 task_id=191 preferred_device=3 actual_gpu=3 target_tier=GPU target_device=3 input_bytes=492843280 local_bytes=492843280 remote_gpu_bytes=0 host_bytes=0 disk_bytes=0 batch_count=3
[2026-07-01 12:07:31.486] [info] [gpu_pipeline_task.cpp:311] [stage-audit] pipeline_id=34 task_id=204 operator_id=72 operator_name=PARTITION stage_kind=PARTITION operator_type=82 input_type=PIPELINEABLE output_type=PIPELINEABLE actual_gpu=1 pipeline_operator_count=1 input_batches=1 input_rows=16441633 input_columns=5 input_bytes=667941480 output_batches=4 output_rows=16441633 output_columns=20 output_bytes=657665320 byte_ratio=0.984615 row_ratio=1.000000 duration_us=11298
[2026-07-01 12:07:31.496] [info] [gpu_pipeline_task.cpp:311] [stage-audit] pipeline_id=35 task_id=191 operator_id=71 operator_name=CONCAT stage_kind=CONCAT operator_type=83 input_type=PARTITIONED output_type=PARTITIONED actual_gpu=3 pipeline_operator_count=1 input_batches=3 input_rows=12321082 input_columns=15 input_bytes=492843280 output_batches=1 output_rows=12321082 output_columns=5 output_bytes=492843280 byte_ratio=1.000000 row_ratio=1.000000 duration_us=11127
[2026-07-01 12:07:31.496] [info] [task_scheduler.cpp:367] [mgpu-audit] pipeline_task dispatched to GPU 3 task_id=201
[2026-07-01 12:07:31.496] [info] [task_scheduler.cpp:369] [locality-audit] dispatch task_id=201 preferred_device=3 actual_gpu=3
[2026-07-01 12:07:31.496] [info] [gpu_pipeline_task.cpp:182] [locality-audit] prepare_before pipeline_id=35 task_id=192 preferred_device=3 actual_gpu=3 target_tier=GPU target_device=3 input_bytes=164409360 local_bytes=164409360 remote_gpu_bytes=0 host_bytes=0 disk_bytes=0 batch_count=1
[2026-07-01 12:07:31.496] [info] [gpu_pipeline_task.cpp:182] [locality-audit] prepare_after pipeline_id=35 task_id=192 preferred_device=3 actual_gpu=3 target_tier=GPU target_device=3 input_bytes=164409360 local_bytes=164409360 remote_gpu_bytes=0 host_bytes=0 disk_bytes=0 batch_count=1
[2026-07-01 12:07:31.496] [info] [gpu_pipeline_task.cpp:311] [stage-audit] pipeline_id=35 task_id=192 operator_id=71 operator_name=CONCAT stage_kind=CONCAT operator_type=83 input_type=PARTITIONED output_type=PARTITIONED actual_gpu=3 pipeline_operator_count=1 input_batches=1 input_rows=4110234 input_columns=5 input_bytes=164409360 output_batches=1 output_rows=4110234 output_columns=5 output_bytes=164409360 byte_ratio=1.000000 row_ratio=1.000000 duration_us=3
[2026-07-01 12:07:31.496] [info] [task_scheduler.cpp:367] [mgpu-audit] pipeline_task dispatched to GPU 3 task_id=202
[2026-07-01 12:07:31.496] [info] [task_scheduler.cpp:369] [locality-audit] dispatch task_id=202 preferred_device=3 actual_gpu=3
[2026-07-01 12:07:31.496] [info] [gpu_pipeline_task.cpp:182] [locality-audit] prepare_before pipeline_id=35 task_id=201 preferred_device=3 actual_gpu=3 target_tier=GPU target_device=3 input_bytes=493765360 local_bytes=164589680 remote_gpu_bytes=329175680 host_bytes=0 disk_bytes=0 batch_count=3
[2026-07-01 12:07:31.517] [info] [gpu_pipeline_task.cpp:182] [locality-audit] prepare_after pipeline_id=35 task_id=201 preferred_device=3 actual_gpu=3 target_tier=GPU target_device=3 input_bytes=493765360 local_bytes=493765360 remote_gpu_bytes=0 host_bytes=0 disk_bytes=0 batch_count=3
[2026-07-01 12:07:31.528] [info] [gpu_pipeline_task.cpp:311] [stage-audit] pipeline_id=35 task_id=201 operator_id=71 operator_name=CONCAT stage_kind=CONCAT operator_type=83 input_type=PARTITIONED output_type=PARTITIONED actual_gpu=3 pipeline_operator_count=1 input_batches=3 input_rows=12344134 input_columns=15 input_bytes=493765360 output_batches=1 output_rows=12344134 output_columns=5 output_bytes=493765360 byte_ratio=1.000000 row_ratio=1.000000 duration_us=11152
[2026-07-01 12:07:31.528] [info] [gpu_pipeline_task.cpp:182] [locality-audit] prepare_before pipeline_id=35 task_id=202 preferred_device=3 actual_gpu=3 target_tier=GPU target_device=3 input_bytes=164163080 local_bytes=164163080 remote_gpu_bytes=0 host_bytes=0 disk_bytes=0 batch_count=1
[2026-07-01 12:07:31.528] [info] [gpu_pipeline_task.cpp:182] [locality-audit] prepare_after pipeline_id=35 task_id=202 preferred_device=3 actual_gpu=3 target_tier=GPU target_device=3 input_bytes=164163080 local_bytes=164163080 remote_gpu_bytes=0 host_bytes=0 disk_bytes=0 batch_count=1
[2026-07-01 12:07:31.528] [info] [gpu_pipeline_task.cpp:311] [stage-audit] pipeline_id=35 task_id=202 operator_id=71 operator_name=CONCAT stage_kind=CONCAT operator_type=83 input_type=PARTITIONED output_type=PARTITIONED actual_gpu=3 pipeline_operator_count=1 input_batches=1 input_rows=4104077 input_columns=5 input_bytes=164163080 output_batches=1 output_rows=4104077 output_columns=5 output_bytes=164163080 byte_ratio=1.000000 row_ratio=1.000000 duration_us=3
[2026-07-01 12:07:31.531] [info] [parquet_gpu_ingestible.cpp:696] [scan-audit] parquet_materialize target_gpu=0 files=/mnt/nvme/dataset/lineitem.parquet columns=l_orderkey,l_partkey,l_suppkey,l_extendedprice,l_discount row_groups=3834,3835,3836,3837,3838,3839,3840,3841,3842,3843,3844,3845,3846,3847,3848,3849,3850,3851,3852,3853,3854,3855,3856,3857,3858,3859,3860,3861,3862,3863,3864,3865,3866,3867,3868,3869,3870,3871,3872,3873,3874,3875,3876,3877,3878,3879,3880,3881,3882,3883,3884,3885,3886,3887,3888,3889,3890,3891,3892,3893,3894,3895,3896,3897,3898,3899,3900,3901,3902,3903,3904,3905,3906,3907,3908,3909,3910,3911,3912,3913,3914,3915,3916,3917,3918,3919,3920,3921,3922,3923,3924,3925,3926,3927,3928,3929,3930,3931,3932,3933,3934,3935,3936,3937,3938,3939,3940,3941,3942,3943,3944,3945,3946,3947,3948,3949,3950,3951,3952,3953,3954,3955,3956,3957,3958,3959,3960,3961,3962,3963,3964,3965 compressed_bytes=289568712 uncompressed_bytes=534463310 column_bytes=l_orderkey:25631320:131538348,l_partkey:89509795:131538348,l_suppkey:81129992:131538348,l_extendedprice:84991439:131538348,l_discount:8306166:8309918 output_rows=16441782 output_columns=5 split_count=1 duration_us=1521011
[2026-07-01 12:07:31.531] [info] [gpu_pipeline_task.cpp:311] [stage-audit] pipeline_id=33 task_id=111 operator_id=70 operator_name=GPU_SCAN stage_kind=SCAN operator_type=94 input_type=GPU_SCAN output_type=PIPELINEABLE actual_gpu=0 pipeline_operator_count=1 input_batches=0 input_rows=0 input_columns=0 input_bytes=0 output_batches=1 output_rows=16441782 output_columns=5 output_bytes=667947440 byte_ratio=0.000000 row_ratio=0.000000 duration_us=1585411
[2026-07-01 12:07:31.531] [info] [task_creator.cpp:352] [locality-audit] task_create operator_id=72 input_bytes=667947440 local_bytes=667947440 gpu_source_bytes=667947440 host_source_bytes=0 disk_source_bytes=0 gpu_sources=1 host_sources=0 preferred_device=0
[2026-07-01 12:07:31.531] [info] [task_scheduler.cpp:367] [mgpu-audit] pipeline_task dispatched to GPU 0 task_id=205
[2026-07-01 12:07:31.531] [info] [task_scheduler.cpp:369] [locality-audit] dispatch task_id=205 preferred_device=0 actual_gpu=0
[2026-07-01 12:07:31.531] [info] [gpu_pipeline_task.cpp:182] [locality-audit] prepare_before pipeline_id=34 task_id=205 preferred_device=0 actual_gpu=0 target_tier=GPU target_device=0 input_bytes=667947440 local_bytes=667947440 remote_gpu_bytes=0 host_bytes=0 disk_bytes=0 batch_count=1
[2026-07-01 12:07:31.531] [info] [gpu_pipeline_task.cpp:182] [locality-audit] prepare_after pipeline_id=34 task_id=205 preferred_device=0 actual_gpu=0 target_tier=GPU target_device=0 input_bytes=667947440 local_bytes=667947440 remote_gpu_bytes=0 host_bytes=0 disk_bytes=0 batch_count=1
[2026-07-01 12:07:31.539] [info] [parquet_gpu_ingestible.cpp:696] [scan-audit] parquet_materialize target_gpu=3 files=/mnt/nvme/dataset/lineitem.parquet columns=l_orderkey,l_partkey,l_suppkey,l_extendedprice,l_discount row_groups=3702,3703,3704,3705,3706,3707,3708,3709,3710,3711,3712,3713,3714,3715,3716,3717,3718,3719,3720,3721,3722,3723,3724,3725,3726,3727,3728,3729,3730,3731,3732,3733,3734,3735,3736,3737,3738,3739,3740,3741,3742,3743,3744,3745,3746,3747,3748,3749,3750,3751,3752,3753,3754,3755,3756,3757,3758,3759,3760,3761,3762,3763,3764,3765,3766,3767,3768,3769,3770,3771,3772,3773,3774,3775,3776,3777,3778,3779,3780,3781,3782,3783,3784,3785,3786,3787,3788,3789,3790,3791,3792,3793,3794,3795,3796,3797,3798,3799,3800,3801,3802,3803,3804,3805,3806,3807,3808,3809,3810,3811,3812,3813,3814,3815,3816,3817,3818,3819,3820,3821,3822,3823,3824,3825,3826,3827,3828,3829,3830,3831,3832,3833 compressed_bytes=289567341 uncompressed_bytes=534449614 column_bytes=l_orderkey:25628926:131534996,l_partkey:89511563:131534996,l_suppkey:81131037:131534996,l_extendedprice:84989938:131534996,l_discount:8305877:8309630 output_rows=16441363 output_columns=5 split_count=1 duration_us=1753765
[2026-07-01 12:07:31.539] [info] [gpu_pipeline_task.cpp:311] [stage-audit] pipeline_id=33 task_id=110 operator_id=70 operator_name=GPU_SCAN stage_kind=SCAN operator_type=94 input_type=GPU_SCAN output_type=PIPELINEABLE actual_gpu=3 pipeline_operator_count=1 input_batches=0 input_rows=0 input_columns=0 input_bytes=0 output_batches=1 output_rows=16441363 output_columns=5 output_bytes=667930680 byte_ratio=0.000000 row_ratio=0.000000 duration_us=1822592
[2026-07-01 12:07:31.539] [info] [task_creator.cpp:352] [locality-audit] task_create operator_id=72 input_bytes=667930680 local_bytes=667930680 gpu_source_bytes=667930680 host_source_bytes=0 disk_source_bytes=0 gpu_sources=1 host_sources=0 preferred_device=3
[2026-07-01 12:07:31.539] [info] [task_scheduler.cpp:367] [mgpu-audit] pipeline_task dispatched to GPU 3 task_id=206
[2026-07-01 12:07:31.539] [info] [task_scheduler.cpp:369] [locality-audit] dispatch task_id=206 preferred_device=3 actual_gpu=3
[2026-07-01 12:07:31.539] [info] [gpu_pipeline_task.cpp:182] [locality-audit] prepare_before pipeline_id=34 task_id=206 preferred_device=3 actual_gpu=3 target_tier=GPU target_device=3 input_bytes=667930680 local_bytes=667930680 remote_gpu_bytes=0 host_bytes=0 disk_bytes=0 batch_count=1
[2026-07-01 12:07:31.539] [info] [gpu_pipeline_task.cpp:182] [locality-audit] prepare_after pipeline_id=34 task_id=206 preferred_device=3 actual_gpu=3 target_tier=GPU target_device=3 input_bytes=667930680 local_bytes=667930680 remote_gpu_bytes=0 host_bytes=0 disk_bytes=0 batch_count=1
[2026-07-01 12:07:31.542] [info] [gpu_pipeline_task.cpp:311] [stage-audit] pipeline_id=34 task_id=205 operator_id=72 operator_name=PARTITION stage_kind=PARTITION operator_type=82 input_type=PIPELINEABLE output_type=PIPELINEABLE actual_gpu=0 pipeline_operator_count=1 input_batches=1 input_rows=16441782 input_columns=5 input_bytes=667947440 output_batches=4 output_rows=16441782 output_columns=20 output_bytes=657671280 byte_ratio=0.984615 row_ratio=1.000000 duration_us=11202
[2026-07-01 12:07:31.556] [info] [parquet_gpu_ingestible.cpp:696] [scan-audit] parquet_materialize target_gpu=2 files=/mnt/nvme/dataset/lineitem.parquet columns=l_orderkey,l_partkey,l_suppkey,l_extendedprice,l_discount row_groups=4098,4099,4100,4101,4102,4103,4104,4105,4106,4107,4108,4109,4110,4111,4112,4113,4114,4115,4116,4117,4118,4119,4120,4121,4122,4123,4124,4125,4126,4127,4128,4129,4130,4131,4132,4133,4134,4135,4136,4137,4138,4139,4140,4141,4142,4143,4144,4145,4146,4147,4148,4149,4150,4151,4152,4153,4154,4155,4156,4157,4158,4159,4160,4161,4162,4163,4164,4165,4166,4167,4168,4169,4170,4171,4172,4173,4174,4175,4176,4177,4178,4179,4180,4181,4182,4183,4184,4185,4186,4187,4188,4189,4190,4191,4192,4193,4194,4195,4196,4197,4198,4199,4200,4201,4202,4203,4204,4205,4206,4207,4208,4209,4210,4211,4212,4213,4214,4215,4216,4217,4218,4219,4220,4221,4222,4223,4224,4225,4226,4227,4228,4229 compressed_bytes=289563761 uncompressed_bytes=534447498 column_bytes=l_orderkey:25632116:131534468,l_partkey:89508559:131534468,l_suppkey:81128176:131534468,l_extendedprice:84989047:131534468,l_discount:8305863:8309626 output_rows=16441297 output_columns=5 split_count=1 duration_us=1540851
[2026-07-01 12:07:31.557] [info] [gpu_pipeline_task.cpp:311] [stage-audit] pipeline_id=34 task_id=206 operator_id=72 operator_name=PARTITION stage_kind=PARTITION operator_type=82 input_type=PIPELINEABLE output_type=PIPELINEABLE actual_gpu=3 pipeline_operator_count=1 input_batches=1 input_rows=16441363 input_columns=5 input_bytes=667930680 output_batches=4 output_rows=16441363 output_columns=20 output_bytes=657654520 byte_ratio=0.984615 row_ratio=1.000000 duration_us=17501
[2026-07-01 12:07:31.557] [info] [gpu_pipeline_task.cpp:311] [stage-audit] pipeline_id=33 task_id=113 operator_id=70 operator_name=GPU_SCAN stage_kind=SCAN operator_type=94 input_type=GPU_SCAN output_type=PIPELINEABLE actual_gpu=2 pipeline_operator_count=1 input_batches=0 input_rows=0 input_columns=0 input_bytes=0 output_batches=1 output_rows=16441297 output_columns=5 output_bytes=667927720 byte_ratio=0.000000 row_ratio=0.000000 duration_us=1605894
[2026-07-01 12:07:31.557] [info] [task_creator.cpp:352] [locality-audit] task_create operator_id=72 input_bytes=667927720 local_bytes=667927720 gpu_source_bytes=667927720 host_source_bytes=0 disk_source_bytes=0 gpu_sources=1 host_sources=0 preferred_device=2
[2026-07-01 12:07:31.557] [info] [task_scheduler.cpp:367] [mgpu-audit] pipeline_task dispatched to GPU 2 task_id=207
[2026-07-01 12:07:31.557] [info] [task_scheduler.cpp:369] [locality-audit] dispatch task_id=207 preferred_device=2 actual_gpu=2
[2026-07-01 12:07:31.557] [info] [gpu_pipeline_task.cpp:182] [locality-audit] prepare_before pipeline_id=34 task_id=207 preferred_device=2 actual_gpu=2 target_tier=GPU target_device=2 input_bytes=667927720 local_bytes=667927720 remote_gpu_bytes=0 host_bytes=0 disk_bytes=0 batch_count=1
[2026-07-01 12:07:31.557] [info] [gpu_pipeline_task.cpp:182] [locality-audit] prepare_after pipeline_id=34 task_id=207 preferred_device=2 actual_gpu=2 target_tier=GPU target_device=2 input_bytes=667927720 local_bytes=667927720 remote_gpu_bytes=0 host_bytes=0 disk_bytes=0 batch_count=1
[2026-07-01 12:07:31.565] [info] [gpu_pipeline_task.cpp:311] [stage-audit] pipeline_id=34 task_id=207 operator_id=72 operator_name=PARTITION stage_kind=PARTITION operator_type=82 input_type=PIPELINEABLE output_type=PIPELINEABLE actual_gpu=2 pipeline_operator_count=1 input_batches=1 input_rows=16441297 input_columns=5 input_bytes=667927720 output_batches=4 output_rows=16441297 output_columns=20 output_bytes=657651880 byte_ratio=0.984615 row_ratio=1.000000 duration_us=7855
[2026-07-01 12:07:31.565] [info] [task_scheduler.cpp:367] [mgpu-audit] pipeline_task dispatched to GPU 0 task_id=208
[2026-07-01 12:07:31.565] [info] [task_scheduler.cpp:369] [locality-audit] dispatch task_id=208 preferred_device=0 actual_gpu=0
[2026-07-01 12:07:31.565] [info] [task_scheduler.cpp:367] [mgpu-audit] pipeline_task dispatched to GPU 1 task_id=210
[2026-07-01 12:07:31.565] [info] [task_scheduler.cpp:369] [locality-audit] dispatch task_id=210 preferred_device=1 actual_gpu=1
[2026-07-01 12:07:31.565] [info] [task_scheduler.cpp:367] [mgpu-audit] pipeline_task dispatched to GPU 1 task_id=211
[2026-07-01 12:07:31.565] [info] [task_scheduler.cpp:369] [locality-audit] dispatch task_id=211 preferred_device=1 actual_gpu=1
[2026-07-01 12:07:31.565] [info] [task_scheduler.cpp:367] [mgpu-audit] pipeline_task dispatched to GPU 3 task_id=214
[2026-07-01 12:07:31.565] [info] [task_scheduler.cpp:369] [locality-audit] dispatch task_id=214 preferred_device=3 actual_gpu=3
[2026-07-01 12:07:31.565] [info] [task_scheduler.cpp:367] [mgpu-audit] pipeline_task dispatched to GPU 0 task_id=209
[2026-07-01 12:07:31.565] [info] [task_scheduler.cpp:369] [locality-audit] dispatch task_id=209 preferred_device=0 actual_gpu=0
[2026-07-01 12:07:31.565] [info] [task_scheduler.cpp:367] [mgpu-audit] pipeline_task dispatched to GPU 3 task_id=215
[2026-07-01 12:07:31.565] [info] [task_scheduler.cpp:369] [locality-audit] dispatch task_id=215 preferred_device=3 actual_gpu=3
[2026-07-01 12:07:31.565] [info] [task_scheduler.cpp:367] [mgpu-audit] pipeline_task dispatched to GPU 2 task_id=212
[2026-07-01 12:07:31.565] [info] [task_scheduler.cpp:369] [locality-audit] dispatch task_id=212 preferred_device=2 actual_gpu=2
[2026-07-01 12:07:31.565] [info] [task_scheduler.cpp:367] [mgpu-audit] pipeline_task dispatched to GPU 2 task_id=213
[2026-07-01 12:07:31.565] [info] [task_scheduler.cpp:369] [locality-audit] dispatch task_id=213 preferred_device=2 actual_gpu=2
[2026-07-01 12:07:31.565] [info] [gpu_pipeline_task.cpp:182] [locality-audit] prepare_before pipeline_id=35 task_id=208 preferred_device=0 actual_gpu=0 target_tier=GPU target_device=0 input_bytes=493119920 local_bytes=164713200 remote_gpu_bytes=328406720 host_bytes=0 disk_bytes=0 batch_count=3
[2026-07-01 12:07:31.565] [info] [gpu_pipeline_task.cpp:182] [locality-audit] prepare_before pipeline_id=35 task_id=212 preferred_device=2 actual_gpu=2 target_tier=GPU target_device=2 input_bytes=492908880 local_bytes=0 remote_gpu_bytes=492908880 host_bytes=0 disk_bytes=0 batch_count=3
[2026-07-01 12:07:31.565] [info] [gpu_pipeline_task.cpp:182] [locality-audit] prepare_before pipeline_id=35 task_id=209 preferred_device=0 actual_gpu=0 target_tier=GPU target_device=0 input_bytes=329176960 local_bytes=0 remote_gpu_bytes=329176960 host_bytes=0 disk_bytes=0 batch_count=2
[2026-07-01 12:07:31.565] [info] [gpu_pipeline_task.cpp:182] [locality-audit] prepare_before pipeline_id=35 task_id=213 preferred_device=2 actual_gpu=2 target_tier=GPU target_device=2 input_bytes=328458160 local_bytes=164089720 remote_gpu_bytes=164368440 host_bytes=0 disk_bytes=0 batch_count=2
[2026-07-01 12:07:31.565] [info] [gpu_pipeline_task.cpp:182] [locality-audit] prepare_before pipeline_id=35 task_id=214 preferred_device=3 actual_gpu=3 target_tier=GPU target_device=3 input_bytes=493637320 local_bytes=0 remote_gpu_bytes=493637320 host_bytes=0 disk_bytes=0 batch_count=3
[2026-07-01 12:07:31.565] [info] [gpu_pipeline_task.cpp:182] [locality-audit] prepare_before pipeline_id=35 task_id=211 preferred_device=1 actual_gpu=1 target_tier=GPU target_device=1 input_bytes=328585080 local_bytes=0 remote_gpu_bytes=328585080 host_bytes=0 disk_bytes=0 batch_count=2
[2026-07-01 12:07:31.565] [info] [gpu_pipeline_task.cpp:182] [locality-audit] prepare_before pipeline_id=35 task_id=210 preferred_device=1 actual_gpu=1 target_tier=GPU target_device=1 input_bytes=493339920 local_bytes=328926040 remote_gpu_bytes=164413880 host_bytes=0 disk_bytes=0 batch_count=3
[2026-07-01 12:07:31.571] [info] [gpu_pipeline_task.cpp:182] [locality-audit] prepare_before pipeline_id=35 task_id=215 preferred_device=3 actual_gpu=3 target_tier=GPU target_device=3 input_bytes=329086200 local_bytes=164312160 remote_gpu_bytes=164774040 host_bytes=0 disk_bytes=0 batch_count=2
[2026-07-01 12:07:31.576] [info] [gpu_pipeline_task.cpp:182] [locality-audit] prepare_after pipeline_id=35 task_id=210 preferred_device=1 actual_gpu=1 target_tier=GPU target_device=1 input_bytes=493339920 local_bytes=493339920 remote_gpu_bytes=0 host_bytes=0 disk_bytes=0 batch_count=3
[2026-07-01 12:07:31.587] [info] [gpu_pipeline_task.cpp:311] [stage-audit] pipeline_id=35 task_id=210 operator_id=71 operator_name=CONCAT stage_kind=CONCAT operator_type=83 input_type=PARTITIONED output_type=PARTITIONED actual_gpu=1 pipeline_operator_count=1 input_batches=3 input_rows=12333498 input_columns=15 input_bytes=493339920 output_batches=1 output_rows=12333498 output_columns=5 output_bytes=493339920 byte_ratio=1.000000 row_ratio=1.000000 duration_us=11138
[2026-07-01 12:07:31.628] [info] [gpu_pipeline_task.cpp:182] [locality-audit] prepare_after pipeline_id=35 task_id=215 preferred_device=3 actual_gpu=3 target_tier=GPU target_device=3 input_bytes=329086200 local_bytes=329086200 remote_gpu_bytes=0 host_bytes=0 disk_bytes=0 batch_count=2
[2026-07-01 12:07:31.638] [info] [gpu_pipeline_task.cpp:182] [locality-audit] prepare_after pipeline_id=35 task_id=208 preferred_device=0 actual_gpu=0 target_tier=GPU target_device=0 input_bytes=493119920 local_bytes=493119920 remote_gpu_bytes=0 host_bytes=0 disk_bytes=0 batch_count=3
[2026-07-01 12:07:31.644] [info] [gpu_pipeline_task.cpp:311] [stage-audit] pipeline_id=35 task_id=215 operator_id=71 operator_name=CONCAT stage_kind=CONCAT operator_type=83 input_type=PARTITIONED output_type=PARTITIONED actual_gpu=3 pipeline_operator_count=1 input_batches=2 input_rows=8227155 input_columns=10 input_bytes=329086200 output_batches=1 output_rows=8227155 output_columns=5 output_bytes=329086200 byte_ratio=1.000000 row_ratio=1.000000 duration_us=16639
[2026-07-01 12:07:31.648] [info] [gpu_pipeline_task.cpp:182] [locality-audit] prepare_after pipeline_id=35 task_id=211 preferred_device=1 actual_gpu=1 target_tier=GPU target_device=1 input_bytes=328585080 local_bytes=328585080 remote_gpu_bytes=0 host_bytes=0 disk_bytes=0 batch_count=2
[2026-07-01 12:07:31.649] [info] [gpu_pipeline_task.cpp:311] [stage-audit] pipeline_id=35 task_id=208 operator_id=71 operator_name=CONCAT stage_kind=CONCAT operator_type=83 input_type=PARTITIONED output_type=PARTITIONED actual_gpu=0 pipeline_operator_count=1 input_batches=3 input_rows=12327998 input_columns=15 input_bytes=493119920 output_batches=1 output_rows=12327998 output_columns=5 output_bytes=493119920 byte_ratio=1.000000 row_ratio=1.000000 duration_us=11140
[2026-07-01 12:07:31.653] [info] [gpu_pipeline_task.cpp:182] [locality-audit] prepare_after pipeline_id=35 task_id=213 preferred_device=2 actual_gpu=2 target_tier=GPU target_device=2 input_bytes=328458160 local_bytes=328458160 remote_gpu_bytes=0 host_bytes=0 disk_bytes=0 batch_count=2
[2026-07-01 12:07:31.654] [info] [gpu_pipeline_task.cpp:182] [locality-audit] prepare_after pipeline_id=35 task_id=209 preferred_device=0 actual_gpu=0 target_tier=GPU target_device=0 input_bytes=329176960 local_bytes=329176960 remote_gpu_bytes=0 host_bytes=0 disk_bytes=0 batch_count=2
[2026-07-01 12:07:31.655] [info] [gpu_pipeline_task.cpp:311] [stage-audit] pipeline_id=35 task_id=211 operator_id=71 operator_name=CONCAT stage_kind=CONCAT operator_type=83 input_type=PARTITIONED output_type=PARTITIONED actual_gpu=1 pipeline_operator_count=1 input_batches=2 input_rows=8214627 input_columns=10 input_bytes=328585080 output_batches=1 output_rows=8214627 output_columns=5 output_bytes=328585080 byte_ratio=1.000000 row_ratio=1.000000 duration_us=7412
[2026-07-01 12:07:31.661] [info] [gpu_pipeline_task.cpp:311] [stage-audit] pipeline_id=35 task_id=213 operator_id=71 operator_name=CONCAT stage_kind=CONCAT operator_type=83 input_type=PARTITIONED output_type=PARTITIONED actual_gpu=2 pipeline_operator_count=1 input_batches=2 input_rows=8211454 input_columns=10 input_bytes=328458160 output_batches=1 output_rows=8211454 output_columns=5 output_bytes=328458160 byte_ratio=1.000000 row_ratio=1.000000 duration_us=8014
[2026-07-01 12:07:31.671] [info] [gpu_pipeline_task.cpp:182] [locality-audit] prepare_after pipeline_id=35 task_id=214 preferred_device=3 actual_gpu=3 target_tier=GPU target_device=3 input_bytes=493637320 local_bytes=493637320 remote_gpu_bytes=0 host_bytes=0 disk_bytes=0 batch_count=3
[2026-07-01 12:07:31.671] [info] [gpu_pipeline_task.cpp:311] [stage-audit] pipeline_id=35 task_id=209 operator_id=71 operator_name=CONCAT stage_kind=CONCAT operator_type=83 input_type=PARTITIONED output_type=PARTITIONED actual_gpu=0 pipeline_operator_count=1 input_batches=2 input_rows=8229424 input_columns=10 input_bytes=329176960 output_batches=1 output_rows=8229424 output_columns=5 output_bytes=329176960 byte_ratio=1.000000 row_ratio=1.000000 duration_us=16614
[2026-07-01 12:07:31.672] [info] [gpu_pipeline_task.cpp:182] [locality-audit] prepare_after pipeline_id=35 task_id=212 preferred_device=2 actual_gpu=2 target_tier=GPU target_device=2 input_bytes=492908880 local_bytes=492908880 remote_gpu_bytes=0 host_bytes=0 disk_bytes=0 batch_count=3
[2026-07-01 12:07:31.683] [info] [gpu_pipeline_task.cpp:311] [stage-audit] pipeline_id=35 task_id=214 operator_id=71 operator_name=CONCAT stage_kind=CONCAT operator_type=83 input_type=PARTITIONED output_type=PARTITIONED actual_gpu=3 pipeline_operator_count=1 input_batches=3 input_rows=12340933 input_columns=15 input_bytes=493637320 output_batches=1 output_rows=12340933 output_columns=5 output_bytes=493637320 byte_ratio=1.000000 row_ratio=1.000000 duration_us=11674
[2026-07-01 12:07:31.683] [info] [gpu_pipeline_task.cpp:311] [stage-audit] pipeline_id=35 task_id=212 operator_id=71 operator_name=CONCAT stage_kind=CONCAT operator_type=83 input_type=PARTITIONED output_type=PARTITIONED actual_gpu=2 pipeline_operator_count=1 input_batches=3 input_rows=12322722 input_columns=15 input_bytes=492908880 output_batches=1 output_rows=12322722 output_columns=5 output_bytes=492908880 byte_ratio=1.000000 row_ratio=1.000000 duration_us=11202
[2026-07-01 12:07:31.685] [info] [parquet_gpu_ingestible.cpp:696] [scan-audit] parquet_materialize target_gpu=3 files=/mnt/nvme/dataset/lineitem.parquet columns=l_orderkey,l_partkey,l_suppkey,l_extendedprice,l_discount row_groups=4230,4231,4232,4233,4234,4235,4236,4237,4238,4239,4240,4241,4242,4243,4244,4245,4246,4247,4248,4249,4250,4251,4252,4253,4254,4255,4256,4257,4258,4259,4260,4261,4262,4263,4264,4265,4266,4267,4268,4269,4270,4271,4272,4273,4274,4275,4276,4277,4278,4279,4280,4281,4282,4283,4284,4285,4286,4287,4288,4289,4290,4291,4292,4293,4294,4295,4296,4297,4298,4299,4300,4301,4302,4303,4304,4305,4306,4307,4308,4309,4310,4311,4312,4313,4314,4315,4316,4317,4318,4319,4320,4321,4322,4323,4324,4325,4326,4327,4328,4329,4330,4331,4332,4333,4334,4335,4336,4337,4338,4339,4340,4341,4342,4343,4344,4345,4346,4347,4348,4349,4350,4351,4352,4353,4354,4355,4356,4357,4358,4359,4360,4361 compressed_bytes=289563020 uncompressed_bytes=534455216 column_bytes=l_orderkey:25625129:131536332,l_partkey:89511106:131536332,l_suppkey:81128249:131536332,l_extendedprice:84992401:131536332,l_discount:8306135:8309888 output_rows=16441530 output_columns=5 split_count=1 duration_us=1455765
[2026-07-01 12:07:31.685] [info] [gpu_pipeline_task.cpp:311] [stage-audit] pipeline_id=33 task_id=114 operator_id=70 operator_name=GPU_SCAN stage_kind=SCAN operator_type=94 input_type=GPU_SCAN output_type=PIPELINEABLE actual_gpu=3 pipeline_operator_count=1 input_batches=0 input_rows=0 input_columns=0 input_bytes=0 output_batches=1 output_rows=16441530 output_columns=5 output_bytes=667937360 byte_ratio=0.000000 row_ratio=0.000000 duration_us=1522938
[2026-07-01 12:07:31.685] [info] [task_creator.cpp:352] [locality-audit] task_create operator_id=72 input_bytes=667937360 local_bytes=667937360 gpu_source_bytes=667937360 host_source_bytes=0 disk_source_bytes=0 gpu_sources=1 host_sources=0 preferred_device=3
[2026-07-01 12:07:31.685] [info] [task_scheduler.cpp:367] [mgpu-audit] pipeline_task dispatched to GPU 3 task_id=216
[2026-07-01 12:07:31.685] [info] [task_scheduler.cpp:369] [locality-audit] dispatch task_id=216 preferred_device=3 actual_gpu=3
[2026-07-01 12:07:31.685] [info] [gpu_pipeline_task.cpp:182] [locality-audit] prepare_before pipeline_id=34 task_id=216 preferred_device=3 actual_gpu=3 target_tier=GPU target_device=3 input_bytes=667937360 local_bytes=667937360 remote_gpu_bytes=0 host_bytes=0 disk_bytes=0 batch_count=1
[2026-07-01 12:07:31.685] [info] [gpu_pipeline_task.cpp:182] [locality-audit] prepare_after pipeline_id=34 task_id=216 preferred_device=3 actual_gpu=3 target_tier=GPU target_device=3 input_bytes=667937360 local_bytes=667937360 remote_gpu_bytes=0 host_bytes=0 disk_bytes=0 batch_count=1
[2026-07-01 12:07:31.696] [info] [gpu_pipeline_task.cpp:311] [stage-audit] pipeline_id=34 task_id=216 operator_id=72 operator_name=PARTITION stage_kind=PARTITION operator_type=82 input_type=PIPELINEABLE output_type=PIPELINEABLE actual_gpu=3 pipeline_operator_count=1 input_batches=1 input_rows=16441530 input_columns=5 input_bytes=667937360 output_batches=4 output_rows=16441530 output_columns=20 output_bytes=657661200 byte_ratio=0.984615 row_ratio=1.000000 duration_us=11274
[2026-07-01 12:07:31.699] [info] [parquet_gpu_ingestible.cpp:696] [scan-audit] parquet_materialize target_gpu=0 files=/mnt/nvme/dataset/lineitem.parquet columns=l_orderkey,l_partkey,l_suppkey,l_extendedprice,l_discount row_groups=4362,4363,4364,4365,4366,4367,4368,4369,4370,4371,4372,4373,4374,4375,4376,4377,4378,4379,4380,4381,4382,4383,4384,4385,4386,4387,4388,4389,4390,4391,4392,4393,4394,4395,4396,4397,4398,4399,4400,4401,4402,4403,4404,4405,4406,4407,4408,4409,4410,4411,4412,4413,4414,4415,4416,4417,4418,4419,4420,4421,4422,4423,4424,4425,4426,4427,4428,4429,4430,4431,4432,4433,4434,4435,4436,4437,4438,4439,4440,4441,4442,4443,4444,4445,4446,4447,4448,4449,4450,4451,4452,4453,4454,4455,4456,4457,4458,4459,4460,4461,4462,4463,4464,4465,4466,4467,4468,4469,4470,4471,4472,4473,4474,4475,4476,4477,4478,4479,4480,4481,4482,4483,4484,4485,4486,4487,4488,4489,4490,4491,4492,4493 compressed_bytes=289561602 uncompressed_bytes=534439841 column_bytes=l_orderkey:25633295:131532516,l_partkey:89506884:131532516,l_suppkey:81127232:131532516,l_extendedprice:84988152:131532516,l_discount:8306039:8309777 output_rows=16441053 output_columns=5 split_count=1 duration_us=1254480
[2026-07-01 12:07:31.699] [info] [gpu_pipeline_task.cpp:311] [stage-audit] pipeline_id=33 task_id=115 operator_id=70 operator_name=GPU_SCAN stage_kind=SCAN operator_type=94 input_type=GPU_SCAN output_type=PIPELINEABLE actual_gpu=0 pipeline_operator_count=1 input_batches=0 input_rows=0 input_columns=0 input_bytes=0 output_batches=1 output_rows=16441053 output_columns=5 output_bytes=667917960 byte_ratio=0.000000 row_ratio=0.000000 duration_us=1326261
[2026-07-01 12:07:31.699] [info] [task_creator.cpp:352] [locality-audit] task_create operator_id=72 input_bytes=667917960 local_bytes=667917960 gpu_source_bytes=667917960 host_source_bytes=0 disk_source_bytes=0 gpu_sources=1 host_sources=0 preferred_device=0
[2026-07-01 12:07:31.699] [info] [task_scheduler.cpp:367] [mgpu-audit] pipeline_task dispatched to GPU 0 task_id=217
[2026-07-01 12:07:31.699] [info] [task_scheduler.cpp:369] [locality-audit] dispatch task_id=217 preferred_device=0 actual_gpu=0
[2026-07-01 12:07:31.699] [info] [gpu_pipeline_task.cpp:182] [locality-audit] prepare_before pipeline_id=34 task_id=217 preferred_device=0 actual_gpu=0 target_tier=GPU target_device=0 input_bytes=667917960 local_bytes=667917960 remote_gpu_bytes=0 host_bytes=0 disk_bytes=0 batch_count=1
[2026-07-01 12:07:31.699] [info] [gpu_pipeline_task.cpp:182] [locality-audit] prepare_after pipeline_id=34 task_id=217 preferred_device=0 actual_gpu=0 target_tier=GPU target_device=0 input_bytes=667917960 local_bytes=667917960 remote_gpu_bytes=0 host_bytes=0 disk_bytes=0 batch_count=1
[2026-07-01 12:07:31.711] [info] [gpu_pipeline_task.cpp:311] [stage-audit] pipeline_id=34 task_id=217 operator_id=72 operator_name=PARTITION stage_kind=PARTITION operator_type=82 input_type=PIPELINEABLE output_type=PIPELINEABLE actual_gpu=0 pipeline_operator_count=1 input_batches=1 input_rows=16441053 input_columns=5 input_bytes=667917960 output_batches=4 output_rows=16441053 output_columns=20 output_bytes=657642120 byte_ratio=0.984615 row_ratio=1.000000 duration_us=11289
[2026-07-01 12:07:31.716] [info] [parquet_gpu_ingestible.cpp:696] [scan-audit] parquet_materialize target_gpu=2 files=/mnt/nvme/dataset/lineitem.parquet columns=l_orderkey,l_partkey,l_suppkey,l_extendedprice,l_discount row_groups=4626,4627,4628,4629,4630,4631,4632,4633,4634,4635,4636,4637,4638,4639,4640,4641,4642,4643,4644,4645,4646,4647,4648,4649,4650,4651,4652,4653,4654,4655,4656,4657,4658,4659,4660,4661,4662,4663,4664,4665,4666,4667,4668,4669,4670,4671,4672,4673,4674,4675,4676,4677,4678,4679,4680,4681,4682,4683,4684,4685,4686,4687,4688,4689,4690,4691,4692,4693,4694,4695,4696,4697,4698,4699,4700,4701,4702,4703,4704,4705,4706,4707,4708,4709,4710,4711,4712,4713,4714,4715,4716,4717,4718,4719,4720,4721,4722,4723,4724,4725,4726,4727,4728,4729,4730,4731,4732,4733,4734,4735,4736,4737,4738,4739,4740,4741,4742,4743,4744,4745,4746,4747,4748,4749,4750,4751,4752,4753,4754,4755,4756,4757 compressed_bytes=289581746 uncompressed_bytes=534466255 column_bytes=l_orderkey:25636520:131539116,l_partkey:89512835:131539116,l_suppkey:81131108:131539116,l_extendedprice:84995226:131539116,l_discount:8306057:8309791 output_rows=16441878 output_columns=5 split_count=1 duration_us=1377918
[2026-07-01 12:07:31.716] [info] [gpu_pipeline_task.cpp:311] [stage-audit] pipeline_id=33 task_id=117 operator_id=70 operator_name=GPU_SCAN stage_kind=SCAN operator_type=94 input_type=GPU_SCAN output_type=PIPELINEABLE actual_gpu=2 pipeline_operator_count=1 input_batches=0 input_rows=0 input_columns=0 input_bytes=0 output_batches=1 output_rows=16441878 output_columns=5 output_bytes=667951600 byte_ratio=0.000000 row_ratio=0.000000 duration_us=1445862
[2026-07-01 12:07:31.716] [info] [task_creator.cpp:352] [locality-audit] task_create operator_id=72 input_bytes=667951600 local_bytes=667951600 gpu_source_bytes=667951600 host_source_bytes=0 disk_source_bytes=0 gpu_sources=1 host_sources=0 preferred_device=2
[2026-07-01 12:07:31.717] [info] [task_scheduler.cpp:367] [mgpu-audit] pipeline_task dispatched to GPU 2 task_id=218
[2026-07-01 12:07:31.717] [info] [task_scheduler.cpp:369] [locality-audit] dispatch task_id=218 preferred_device=2 actual_gpu=2
[2026-07-01 12:07:31.717] [info] [gpu_pipeline_task.cpp:182] [locality-audit] prepare_before pipeline_id=34 task_id=218 preferred_device=2 actual_gpu=2 target_tier=GPU target_device=2 input_bytes=667951600 local_bytes=667951600 remote_gpu_bytes=0 host_bytes=0 disk_bytes=0 batch_count=1
[2026-07-01 12:07:31.717] [info] [gpu_pipeline_task.cpp:182] [locality-audit] prepare_after pipeline_id=34 task_id=218 preferred_device=2 actual_gpu=2 target_tier=GPU target_device=2 input_bytes=667951600 local_bytes=667951600 remote_gpu_bytes=0 host_bytes=0 disk_bytes=0 batch_count=1
[2026-07-01 12:07:31.732] [info] [parquet_gpu_ingestible.cpp:696] [scan-audit] parquet_materialize target_gpu=3 files=/mnt/nvme/dataset/lineitem.parquet columns=l_orderkey,l_partkey,l_suppkey,l_extendedprice,l_discount row_groups=4758,4759,4760,4761,4762,4763,4764,4765,4766,4767,4768,4769,4770,4771,4772,4773,4774,4775,4776,4777,4778,4779,4780,4781,4782,4783,4784,4785,4786,4787,4788,4789,4790,4791,4792,4793,4794,4795,4796,4797,4798,4799,4800,4801,4802,4803,4804,4805,4806,4807,4808,4809,4810,4811,4812,4813,4814,4815,4816,4817,4818,4819,4820,4821,4822,4823,4824 compressed_bytes=145099493 uncompressed_bytes=267814918 column_bytes=l_orderkey:12845422:65912829,l_partkey:44850914:65912829,l_suppkey:40654489:65912829,l_extendedprice:42586976:65912829,l_discount:4161692:4163602 output_rows=8238844 output_columns=5 split_count=1 duration_us=594740
[2026-07-01 12:07:31.732] [info] [gpu_pipeline_task.cpp:311] [stage-audit] pipeline_id=33 task_id=118 operator_id=70 operator_name=GPU_SCAN stage_kind=SCAN operator_type=94 input_type=GPU_SCAN output_type=PIPELINEABLE actual_gpu=3 pipeline_operator_count=1 input_batches=0 input_rows=0 input_columns=0 input_bytes=0 output_batches=1 output_rows=8238844 output_columns=5 output_bytes=334703200 byte_ratio=0.000000 row_ratio=0.000000 duration_us=670987
[2026-07-01 12:07:31.736] [info] [gpu_pipeline_task.cpp:311] [stage-audit] pipeline_id=34 task_id=218 operator_id=72 operator_name=PARTITION stage_kind=PARTITION operator_type=82 input_type=PIPELINEABLE output_type=PIPELINEABLE actual_gpu=2 pipeline_operator_count=1 input_batches=1 input_rows=16441878 input_columns=5 input_bytes=667951600 output_batches=4 output_rows=16441878 output_columns=20 output_bytes=657675120 byte_ratio=0.984615 row_ratio=1.000000 duration_us=18848
[2026-07-01 12:07:31.745] [info] [task_creator.cpp:352] [locality-audit] task_create operator_id=72 input_bytes=334703200 local_bytes=334703200 gpu_source_bytes=334703200 host_source_bytes=0 disk_source_bytes=0 gpu_sources=1 host_sources=0 preferred_device=3
[2026-07-01 12:07:31.745] [info] [task_scheduler.cpp:367] [mgpu-audit] pipeline_task dispatched to GPU 3 task_id=219
[2026-07-01 12:07:31.745] [info] [task_scheduler.cpp:369] [locality-audit] dispatch task_id=219 preferred_device=3 actual_gpu=3
[2026-07-01 12:07:31.745] [info] [gpu_pipeline_task.cpp:182] [locality-audit] prepare_before pipeline_id=34 task_id=219 preferred_device=3 actual_gpu=3 target_tier=GPU target_device=3 input_bytes=334703200 local_bytes=334703200 remote_gpu_bytes=0 host_bytes=0 disk_bytes=0 batch_count=1
[2026-07-01 12:07:31.745] [info] [gpu_pipeline_task.cpp:182] [locality-audit] prepare_after pipeline_id=34 task_id=219 preferred_device=3 actual_gpu=3 target_tier=GPU target_device=3 input_bytes=334703200 local_bytes=334703200 remote_gpu_bytes=0 host_bytes=0 disk_bytes=0 batch_count=1
[2026-07-01 12:07:31.751] [info] [gpu_pipeline_task.cpp:311] [stage-audit] pipeline_id=34 task_id=219 operator_id=72 operator_name=PARTITION stage_kind=PARTITION operator_type=82 input_type=PIPELINEABLE output_type=PIPELINEABLE actual_gpu=3 pipeline_operator_count=1 input_batches=1 input_rows=8238844 input_columns=5 input_bytes=334703200 output_batches=4 output_rows=8238844 output_columns=20 output_bytes=329553760 byte_ratio=0.984615 row_ratio=1.000000 duration_us=5912
[2026-07-01 12:07:31.764] [info] [task_scheduler.cpp:367] [mgpu-audit] pipeline_task dispatched to GPU 0 task_id=220
[2026-07-01 12:07:31.764] [info] [task_scheduler.cpp:369] [locality-audit] dispatch task_id=220 preferred_device=0 actual_gpu=0
[2026-07-01 12:07:31.764] [info] [task_scheduler.cpp:367] [mgpu-audit] pipeline_task dispatched to GPU 2 task_id=224
[2026-07-01 12:07:31.764] [info] [task_scheduler.cpp:369] [locality-audit] dispatch task_id=224 preferred_device=2 actual_gpu=2
[2026-07-01 12:07:31.764] [info] [task_scheduler.cpp:367] [mgpu-audit] pipeline_task dispatched to GPU 1 task_id=222
[2026-07-01 12:07:31.764] [info] [task_scheduler.cpp:369] [locality-audit] dispatch task_id=222 preferred_device=1 actual_gpu=1
[2026-07-01 12:07:31.764] [info] [task_scheduler.cpp:367] [mgpu-audit] pipeline_task dispatched to GPU 1 task_id=223
[2026-07-01 12:07:31.764] [info] [task_scheduler.cpp:369] [locality-audit] dispatch task_id=223 preferred_device=1 actual_gpu=1
[2026-07-01 12:07:31.764] [info] [task_scheduler.cpp:367] [mgpu-audit] pipeline_task dispatched to GPU 3 task_id=226
[2026-07-01 12:07:31.764] [info] [task_scheduler.cpp:369] [locality-audit] dispatch task_id=226 preferred_device=3 actual_gpu=3
[2026-07-01 12:07:31.764] [info] [task_scheduler.cpp:367] [mgpu-audit] pipeline_task dispatched to GPU 0 task_id=221
[2026-07-01 12:07:31.764] [info] [task_scheduler.cpp:369] [locality-audit] dispatch task_id=221 preferred_device=0 actual_gpu=0
[2026-07-01 12:07:31.764] [info] [task_scheduler.cpp:367] [mgpu-audit] pipeline_task dispatched to GPU 2 task_id=225
[2026-07-01 12:07:31.764] [info] [task_scheduler.cpp:369] [locality-audit] dispatch task_id=225 preferred_device=2 actual_gpu=2
[2026-07-01 12:07:31.764] [info] [task_scheduler.cpp:367] [mgpu-audit] pipeline_task dispatched to GPU 3 task_id=227
[2026-07-01 12:07:31.764] [info] [task_scheduler.cpp:369] [locality-audit] dispatch task_id=227 preferred_device=3 actual_gpu=3
[2026-07-01 12:07:31.764] [info] [gpu_pipeline_task.cpp:182] [locality-audit] prepare_before pipeline_id=35 task_id=224 preferred_device=2 actual_gpu=2 target_tier=GPU target_device=2 input_bytes=493410480 local_bytes=164518640 remote_gpu_bytes=328891840 host_bytes=0 disk_bytes=0 batch_count=3
[2026-07-01 12:07:31.765] [info] [gpu_pipeline_task.cpp:182] [locality-audit] prepare_before pipeline_id=35 task_id=225 preferred_device=2 actual_gpu=2 target_tier=GPU target_device=2 input_bytes=82364520 local_bytes=0 remote_gpu_bytes=82364520 host_bytes=0 disk_bytes=0 batch_count=1
[2026-07-01 12:07:31.765] [info] [gpu_pipeline_task.cpp:182] [locality-audit] prepare_before pipeline_id=35 task_id=220 preferred_device=0 actual_gpu=0 target_tier=GPU target_device=0 input_bytes=493229000 local_bytes=164355280 remote_gpu_bytes=328873720 host_bytes=0 disk_bytes=0 batch_count=3
[2026-07-01 12:07:31.765] [info] [gpu_pipeline_task.cpp:182] [locality-audit] prepare_before pipeline_id=35 task_id=226 preferred_device=3 actual_gpu=3 target_tier=GPU target_device=3 input_bytes=493219360 local_bytes=164380560 remote_gpu_bytes=328838800 host_bytes=0 disk_bytes=0 batch_count=3
[2026-07-01 12:07:31.765] [info] [gpu_pipeline_task.cpp:182] [locality-audit] prepare_before pipeline_id=35 task_id=222 preferred_device=1 actual_gpu=1 target_tier=GPU target_device=1 input_bytes=493119600 local_bytes=0 remote_gpu_bytes=493119600 host_bytes=0 disk_bytes=0 batch_count=3
[2026-07-01 12:07:31.765] [info] [gpu_pipeline_task.cpp:182] [locality-audit] prepare_before pipeline_id=35 task_id=221 preferred_device=0 actual_gpu=0 target_tier=GPU target_device=0 input_bytes=82387680 local_bytes=0 remote_gpu_bytes=82387680 host_bytes=0 disk_bytes=0 batch_count=1
[2026-07-01 12:07:31.765] [info] [gpu_pipeline_task.cpp:182] [locality-audit] prepare_before pipeline_id=35 task_id=223 preferred_device=1 actual_gpu=1 target_tier=GPU target_device=1 input_bytes=82122160 local_bytes=0 remote_gpu_bytes=82122160 host_bytes=0 disk_bytes=0 batch_count=1
[2026-07-01 12:07:31.765] [info] [gpu_pipeline_task.cpp:182] [locality-audit] prepare_before pipeline_id=35 task_id=227 preferred_device=3 actual_gpu=3 target_tier=GPU target_device=3 input_bytes=82679400 local_bytes=82679400 remote_gpu_bytes=0 host_bytes=0 disk_bytes=0 batch_count=1
[2026-07-01 12:07:31.765] [info] [gpu_pipeline_task.cpp:182] [locality-audit] prepare_after pipeline_id=35 task_id=227 preferred_device=3 actual_gpu=3 target_tier=GPU target_device=3 input_bytes=82679400 local_bytes=82679400 remote_gpu_bytes=0 host_bytes=0 disk_bytes=0 batch_count=1
[2026-07-01 12:07:31.765] [info] [gpu_pipeline_task.cpp:311] [stage-audit] pipeline_id=35 task_id=227 operator_id=71 operator_name=CONCAT stage_kind=CONCAT operator_type=83 input_type=PARTITIONED output_type=PARTITIONED actual_gpu=3 pipeline_operator_count=1 input_batches=1 input_rows=2066985 input_columns=5 input_bytes=82679400 output_batches=1 output_rows=2066985 output_columns=5 output_bytes=82679400 byte_ratio=1.000000 row_ratio=1.000000 duration_us=11
[2026-07-01 12:07:31.784] [info] [gpu_pipeline_task.cpp:182] [locality-audit] prepare_after pipeline_id=35 task_id=226 preferred_device=3 actual_gpu=3 target_tier=GPU target_device=3 input_bytes=493219360 local_bytes=493219360 remote_gpu_bytes=0 host_bytes=0 disk_bytes=0 batch_count=3
[2026-07-01 12:07:31.795] [info] [gpu_pipeline_task.cpp:311] [stage-audit] pipeline_id=35 task_id=226 operator_id=71 operator_name=CONCAT stage_kind=CONCAT operator_type=83 input_type=PARTITIONED output_type=PARTITIONED actual_gpu=3 pipeline_operator_count=1 input_batches=3 input_rows=12330484 input_columns=15 input_bytes=493219360 output_batches=1 output_rows=12330484 output_columns=5 output_bytes=493219360 byte_ratio=1.000000 row_ratio=1.000000 duration_us=11117
[2026-07-01 12:07:31.807] [info] [gpu_pipeline_task.cpp:182] [locality-audit] prepare_after pipeline_id=35 task_id=221 preferred_device=0 actual_gpu=0 target_tier=GPU target_device=0 input_bytes=82387680 local_bytes=82387680 remote_gpu_bytes=0 host_bytes=0 disk_bytes=0 batch_count=1
[2026-07-01 12:07:31.807] [info] [gpu_pipeline_task.cpp:311] [stage-audit] pipeline_id=35 task_id=221 operator_id=71 operator_name=CONCAT stage_kind=CONCAT operator_type=83 input_type=PARTITIONED output_type=PARTITIONED actual_gpu=0 pipeline_operator_count=1 input_batches=1 input_rows=2059692 input_columns=5 input_bytes=82387680 output_batches=1 output_rows=2059692 output_columns=5 output_bytes=82387680 byte_ratio=1.000000 row_ratio=1.000000 duration_us=3
[2026-07-01 12:07:31.808] [info] [gpu_pipeline_task.cpp:182] [locality-audit] prepare_after pipeline_id=35 task_id=225 preferred_device=2 actual_gpu=2 target_tier=GPU target_device=2 input_bytes=82364520 local_bytes=82364520 remote_gpu_bytes=0 host_bytes=0 disk_bytes=0 batch_count=1
[2026-07-01 12:07:31.808] [info] [gpu_pipeline_task.cpp:311] [stage-audit] pipeline_id=35 task_id=225 operator_id=71 operator_name=CONCAT stage_kind=CONCAT operator_type=83 input_type=PARTITIONED output_type=PARTITIONED actual_gpu=2 pipeline_operator_count=1 input_batches=1 input_rows=2059113 input_columns=5 input_bytes=82364520 output_batches=1 output_rows=2059113 output_columns=5 output_bytes=82364520 byte_ratio=1.000000 row_ratio=1.000000 duration_us=3
[2026-07-01 12:07:31.812] [info] [gpu_pipeline_task.cpp:182] [locality-audit] prepare_after pipeline_id=35 task_id=223 preferred_device=1 actual_gpu=1 target_tier=GPU target_device=1 input_bytes=82122160 local_bytes=82122160 remote_gpu_bytes=0 host_bytes=0 disk_bytes=0 batch_count=1
[2026-07-01 12:07:31.812] [info] [gpu_pipeline_task.cpp:311] [stage-audit] pipeline_id=35 task_id=223 operator_id=71 operator_name=CONCAT stage_kind=CONCAT operator_type=83 input_type=PARTITIONED output_type=PARTITIONED actual_gpu=1 pipeline_operator_count=1 input_batches=1 input_rows=2053054 input_columns=5 input_bytes=82122160 output_batches=1 output_rows=2053054 output_columns=5 output_bytes=82122160 byte_ratio=1.000000 row_ratio=1.000000 duration_us=2
[2026-07-01 12:07:31.816] [info] [gpu_pipeline_task.cpp:182] [locality-audit] prepare_after pipeline_id=35 task_id=224 preferred_device=2 actual_gpu=2 target_tier=GPU target_device=2 input_bytes=493410480 local_bytes=493410480 remote_gpu_bytes=0 host_bytes=0 disk_bytes=0 batch_count=3
[2026-07-01 12:07:31.828] [info] [gpu_pipeline_task.cpp:311] [stage-audit] pipeline_id=35 task_id=224 operator_id=71 operator_name=CONCAT stage_kind=CONCAT operator_type=83 input_type=PARTITIONED output_type=PARTITIONED actual_gpu=2 pipeline_operator_count=1 input_batches=3 input_rows=12335262 input_columns=15 input_bytes=493410480 output_batches=1 output_rows=12335262 output_columns=5 output_bytes=493410480 byte_ratio=1.000000 row_ratio=1.000000 duration_us=11119
[2026-07-01 12:07:31.829] [info] [gpu_pipeline_task.cpp:182] [locality-audit] prepare_after pipeline_id=35 task_id=220 preferred_device=0 actual_gpu=0 target_tier=GPU target_device=0 input_bytes=493229000 local_bytes=493229000 remote_gpu_bytes=0 host_bytes=0 disk_bytes=0 batch_count=3
[2026-07-01 12:07:31.837] [info] [gpu_pipeline_task.cpp:182] [locality-audit] prepare_after pipeline_id=35 task_id=222 preferred_device=1 actual_gpu=1 target_tier=GPU target_device=1 input_bytes=493119600 local_bytes=493119600 remote_gpu_bytes=0 host_bytes=0 disk_bytes=0 batch_count=3
[2026-07-01 12:07:31.840] [info] [gpu_pipeline_task.cpp:311] [stage-audit] pipeline_id=35 task_id=220 operator_id=71 operator_name=CONCAT stage_kind=CONCAT operator_type=83 input_type=PARTITIONED output_type=PARTITIONED actual_gpu=0 pipeline_operator_count=1 input_batches=3 input_rows=12330725 input_columns=15 input_bytes=493229000 output_batches=1 output_rows=12330725 output_columns=5 output_bytes=493229000 byte_ratio=1.000000 row_ratio=1.000000 duration_us=11018
[2026-07-01 12:07:31.848] [info] [gpu_pipeline_task.cpp:311] [stage-audit] pipeline_id=35 task_id=222 operator_id=71 operator_name=CONCAT stage_kind=CONCAT operator_type=83 input_type=PARTITIONED output_type=PARTITIONED actual_gpu=1 pipeline_operator_count=1 input_batches=3 input_rows=12327990 input_columns=15 input_bytes=493119600 output_batches=1 output_rows=12327990 output_columns=5 output_bytes=493119600 byte_ratio=1.000000 row_ratio=1.000000 duration_us=11121
[2026-07-01 12:07:31.848] [info] [task_scheduler.cpp:367] [mgpu-audit] pipeline_task dispatched to GPU 0 task_id=228
[2026-07-01 12:07:31.848] [info] [task_scheduler.cpp:369] [locality-audit] dispatch task_id=228 preferred_device=0 actual_gpu=0
[2026-07-01 12:07:31.848] [info] [task_scheduler.cpp:367] [mgpu-audit] pipeline_task dispatched to GPU 0 task_id=229
[2026-07-01 12:07:31.848] [info] [task_scheduler.cpp:369] [locality-audit] dispatch task_id=229 preferred_device=0 actual_gpu=0
[2026-07-01 12:07:31.848] [info] [task_scheduler.cpp:367] [mgpu-audit] pipeline_task dispatched to GPU 0 task_id=230
[2026-07-01 12:07:31.848] [info] [task_scheduler.cpp:369] [locality-audit] dispatch task_id=230 preferred_device=0 actual_gpu=0
[2026-07-01 12:07:31.848] [info] [task_scheduler.cpp:367] [mgpu-audit] pipeline_task dispatched to GPU 1 task_id=246
[2026-07-01 12:07:31.848] [info] [task_scheduler.cpp:369] [locality-audit] dispatch task_id=246 preferred_device=1 actual_gpu=1
[2026-07-01 12:07:31.848] [info] [task_scheduler.cpp:367] [mgpu-audit] pipeline_task dispatched to GPU 1 task_id=247
[2026-07-01 12:07:31.848] [info] [task_scheduler.cpp:369] [locality-audit] dispatch task_id=247 preferred_device=1 actual_gpu=1
[2026-07-01 12:07:31.848] [info] [task_scheduler.cpp:367] [mgpu-audit] pipeline_task dispatched to GPU 0 task_id=231
[2026-07-01 12:07:31.848] [info] [task_scheduler.cpp:369] [locality-audit] dispatch task_id=231 preferred_device=0 actual_gpu=0
[2026-07-01 12:07:31.848] [info] [gpu_pipeline_task.cpp:182] [locality-audit] prepare_before pipeline_id=36 task_id=228 preferred_device=0 actual_gpu=0 target_tier=GPU target_device=0 input_bytes=556809600 local_bytes=556809600 remote_gpu_bytes=0 host_bytes=0 disk_bytes=0 batch_count=2
[2026-07-01 12:07:31.848] [info] [task_scheduler.cpp:367] [mgpu-audit] pipeline_task dispatched to GPU 0 task_id=232
[2026-07-01 12:07:31.848] [info] [task_scheduler.cpp:369] [locality-audit] dispatch task_id=232 preferred_device=0 actual_gpu=0
[2026-07-01 12:07:31.848] [info] [gpu_pipeline_task.cpp:182] [locality-audit] prepare_before pipeline_id=36 task_id=229 preferred_device=0 actual_gpu=0 target_tier=GPU target_device=0 input_bytes=228308640 local_bytes=228308640 remote_gpu_bytes=0 host_bytes=0 disk_bytes=0 batch_count=2
[2026-07-01 12:07:31.848] [info] [gpu_pipeline_task.cpp:182] [locality-audit] prepare_before pipeline_id=36 task_id=230 preferred_device=0 actual_gpu=0 target_tier=GPU target_device=0 input_bytes=556759200 local_bytes=556759200 remote_gpu_bytes=0 host_bytes=0 disk_bytes=0 batch_count=2
[2026-07-01 12:07:31.848] [info] [gpu_pipeline_task.cpp:182] [locality-audit] prepare_before pipeline_id=36 task_id=246 preferred_device=1 actual_gpu=1 target_tier=GPU target_device=1 input_bytes=556792032 local_bytes=556792032 remote_gpu_bytes=0 host_bytes=0 disk_bytes=0 batch_count=2
[2026-07-01 12:07:31.848] [info] [task_scheduler.cpp:367] [mgpu-audit] pipeline_task dispatched to GPU 1 task_id=248
[2026-07-01 12:07:31.848] [info] [task_scheduler.cpp:369] [locality-audit] dispatch task_id=248 preferred_device=1 actual_gpu=1
[2026-07-01 12:07:31.848] [info] [gpu_pipeline_task.cpp:182] [locality-audit] prepare_after pipeline_id=36 task_id=228 preferred_device=0 actual_gpu=0 target_tier=GPU target_device=0 input_bytes=556809600 local_bytes=556809600 remote_gpu_bytes=0 host_bytes=0 disk_bytes=0 batch_count=2
[2026-07-01 12:07:31.848] [info] [gpu_pipeline_task.cpp:182] [locality-audit] prepare_before pipeline_id=36 task_id=231 preferred_device=0 actual_gpu=0 target_tier=GPU target_device=0 input_bytes=228286760 local_bytes=228286760 remote_gpu_bytes=0 host_bytes=0 disk_bytes=0 batch_count=2
[2026-07-01 12:07:31.849] [info] [task_scheduler.cpp:367] [mgpu-audit] pipeline_task dispatched to GPU 1 task_id=249
[2026-07-01 12:07:31.849] [info] [task_scheduler.cpp:369] [locality-audit] dispatch task_id=249 preferred_device=1 actual_gpu=1
[2026-07-01 12:07:31.849] [info] [gpu_pipeline_task.cpp:182] [locality-audit] prepare_after pipeline_id=36 task_id=246 preferred_device=1 actual_gpu=1 target_tier=GPU target_device=1 input_bytes=556792032 local_bytes=556792032 remote_gpu_bytes=0 host_bytes=0 disk_bytes=0 batch_count=2
[2026-07-01 12:07:31.849] [info] [gpu_pipeline_task.cpp:182] [locality-audit] prepare_after pipeline_id=36 task_id=231 preferred_device=0 actual_gpu=0 target_tier=GPU target_device=0 input_bytes=228286760 local_bytes=228286760 remote_gpu_bytes=0 host_bytes=0 disk_bytes=0 batch_count=2
[2026-07-01 12:07:31.849] [info] [task_scheduler.cpp:367] [mgpu-audit] pipeline_task dispatched to GPU 2 task_id=264
[2026-07-01 12:07:31.849] [info] [gpu_pipeline_task.cpp:182] [locality-audit] prepare_after pipeline_id=36 task_id=229 preferred_device=0 actual_gpu=0 target_tier=GPU target_device=0 input_bytes=228308640 local_bytes=228308640 remote_gpu_bytes=0 host_bytes=0 disk_bytes=0 batch_count=2
[2026-07-01 12:07:31.849] [info] [task_scheduler.cpp:369] [locality-audit] dispatch task_id=264 preferred_device=2 actual_gpu=2
[2026-07-01 12:07:31.849] [info] [gpu_pipeline_task.cpp:182] [locality-audit] prepare_after pipeline_id=36 task_id=230 preferred_device=0 actual_gpu=0 target_tier=GPU target_device=0 input_bytes=556759200 local_bytes=556759200 remote_gpu_bytes=0 host_bytes=0 disk_bytes=0 batch_count=2
[2026-07-01 12:07:31.849] [info] [gpu_pipeline_task.cpp:182] [locality-audit] prepare_before pipeline_id=36 task_id=247 preferred_device=1 actual_gpu=1 target_tier=GPU target_device=1 input_bytes=228405192 local_bytes=228405192 remote_gpu_bytes=0 host_bytes=0 disk_bytes=0 batch_count=2
[2026-07-01 12:07:31.849] [info] [task_scheduler.cpp:367] [mgpu-audit] pipeline_task dispatched to GPU 2 task_id=265
[2026-07-01 12:07:31.849] [info] [task_scheduler.cpp:369] [locality-audit] dispatch task_id=265 preferred_device=2 actual_gpu=2
[2026-07-01 12:07:31.849] [info] [task_scheduler.cpp:367] [mgpu-audit] pipeline_task dispatched to GPU 3 task_id=282
[2026-07-01 12:07:31.849] [info] [task_scheduler.cpp:369] [locality-audit] dispatch task_id=282 preferred_device=3 actual_gpu=3
[2026-07-01 12:07:31.849] [info] [task_scheduler.cpp:367] [mgpu-audit] pipeline_task dispatched to GPU 3 task_id=283
[2026-07-01 12:07:31.849] [info] [gpu_pipeline_task.cpp:182] [locality-audit] prepare_before pipeline_id=36 task_id=248 preferred_device=1 actual_gpu=1 target_tier=GPU target_device=1 input_bytes=557066432 local_bytes=557066432 remote_gpu_bytes=0 host_bytes=0 disk_bytes=0 batch_count=2
[2026-07-01 12:07:31.849] [info] [gpu_pipeline_task.cpp:182] [locality-audit] prepare_after pipeline_id=36 task_id=247 preferred_device=1 actual_gpu=1 target_tier=GPU target_device=1 input_bytes=228405192 local_bytes=228405192 remote_gpu_bytes=0 host_bytes=0 disk_bytes=0 batch_count=2
[2026-07-01 12:07:31.849] [info] [task_scheduler.cpp:369] [locality-audit] dispatch task_id=283 preferred_device=3 actual_gpu=3
[2026-07-01 12:07:31.849] [info] [gpu_pipeline_task.cpp:182] [locality-audit] prepare_after pipeline_id=36 task_id=248 preferred_device=1 actual_gpu=1 target_tier=GPU target_device=1 input_bytes=557066432 local_bytes=557066432 remote_gpu_bytes=0 host_bytes=0 disk_bytes=0 batch_count=2
[2026-07-01 12:07:31.849] [info] [gpu_pipeline_task.cpp:182] [locality-audit] prepare_before pipeline_id=36 task_id=249 preferred_device=1 actual_gpu=1 target_tier=GPU target_device=1 input_bytes=228525352 local_bytes=228525352 remote_gpu_bytes=0 host_bytes=0 disk_bytes=0 batch_count=2
[2026-07-01 12:07:31.849] [info] [gpu_pipeline_task.cpp:182] [locality-audit] prepare_before pipeline_id=36 task_id=264 preferred_device=2 actual_gpu=2 target_tier=GPU target_device=2 input_bytes=556764200 local_bytes=556764200 remote_gpu_bytes=0 host_bytes=0 disk_bytes=0 batch_count=2
[2026-07-01 12:07:31.849] [info] [task_scheduler.cpp:367] [mgpu-audit] pipeline_task dispatched to GPU 1 task_id=250
[2026-07-01 12:07:31.849] [info] [task_scheduler.cpp:369] [locality-audit] dispatch task_id=250 preferred_device=1 actual_gpu=1
[2026-07-01 12:07:31.849] [info] [gpu_pipeline_task.cpp:182] [locality-audit] prepare_before pipeline_id=36 task_id=265 preferred_device=2 actual_gpu=2 target_tier=GPU target_device=2 input_bytes=228130080 local_bytes=228130080 remote_gpu_bytes=0 host_bytes=0 disk_bytes=0 batch_count=2
[2026-07-01 12:07:31.849] [info] [gpu_pipeline_task.cpp:182] [locality-audit] prepare_after pipeline_id=36 task_id=264 preferred_device=2 actual_gpu=2 target_tier=GPU target_device=2 input_bytes=556764200 local_bytes=556764200 remote_gpu_bytes=0 host_bytes=0 disk_bytes=0 batch_count=2
[2026-07-01 12:07:31.849] [info] [task_scheduler.cpp:367] [mgpu-audit] pipeline_task dispatched to GPU 2 task_id=266
[2026-07-01 12:07:31.849] [info] [task_scheduler.cpp:369] [locality-audit] dispatch task_id=266 preferred_device=2 actual_gpu=2
[2026-07-01 12:07:31.849] [info] [gpu_pipeline_task.cpp:182] [locality-audit] prepare_before pipeline_id=36 task_id=282 preferred_device=3 actual_gpu=3 target_tier=GPU target_device=3 input_bytes=556622976 local_bytes=556622976 remote_gpu_bytes=0 host_bytes=0 disk_bytes=0 batch_count=2
[2026-07-01 12:07:31.849] [info] [gpu_pipeline_task.cpp:182] [locality-audit] prepare_after pipeline_id=36 task_id=249 preferred_device=1 actual_gpu=1 target_tier=GPU target_device=1 input_bytes=228525352 local_bytes=228525352 remote_gpu_bytes=0 host_bytes=0 disk_bytes=0 batch_count=2
[2026-07-01 12:07:31.849] [info] [task_scheduler.cpp:367] [mgpu-audit] pipeline_task dispatched to GPU 3 task_id=284
[2026-07-01 12:07:31.849] [info] [task_scheduler.cpp:369] [locality-audit] dispatch task_id=284 preferred_device=3 actual_gpu=3
[2026-07-01 12:07:31.849] [info] [task_scheduler.cpp:367] [mgpu-audit] pipeline_task dispatched to GPU 2 task_id=267
[2026-07-01 12:07:31.849] [info] [task_scheduler.cpp:369] [locality-audit] dispatch task_id=267 preferred_device=2 actual_gpu=2
[2026-07-01 12:07:31.849] [info] [task_scheduler.cpp:367] [mgpu-audit] pipeline_task dispatched to GPU 3 task_id=285
[2026-07-01 12:07:31.849] [info] [task_scheduler.cpp:369] [locality-audit] dispatch task_id=285 preferred_device=3 actual_gpu=3
[2026-07-01 12:07:31.849] [info] [task_scheduler.cpp:367] [mgpu-audit] pipeline_task dispatched to GPU 2 task_id=268
[2026-07-01 12:07:31.849] [info] [task_scheduler.cpp:369] [locality-audit] dispatch task_id=268 preferred_device=2 actual_gpu=2
[2026-07-01 12:07:31.849] [info] [task_scheduler.cpp:367] [mgpu-audit] pipeline_task dispatched to GPU 3 task_id=286
[2026-07-01 12:07:31.849] [info] [task_scheduler.cpp:369] [locality-audit] dispatch task_id=286 preferred_device=3 actual_gpu=3
[2026-07-01 12:07:31.849] [info] [gpu_pipeline_task.cpp:182] [locality-audit] prepare_before pipeline_id=36 task_id=285 preferred_device=3 actual_gpu=3 target_tier=GPU target_device=3 input_bytes=228296016 local_bytes=228296016 remote_gpu_bytes=0 host_bytes=0 disk_bytes=0 batch_count=2
[2026-07-01 12:07:31.849] [info] [gpu_pipeline_task.cpp:182] [locality-audit] prepare_before pipeline_id=36 task_id=283 preferred_device=3 actual_gpu=3 target_tier=GPU target_device=3 input_bytes=228319496 local_bytes=228319496 remote_gpu_bytes=0 host_bytes=0 disk_bytes=0 batch_count=2
[2026-07-01 12:07:31.849] [info] [gpu_pipeline_task.cpp:182] [locality-audit] prepare_after pipeline_id=36 task_id=265 preferred_device=2 actual_gpu=2 target_tier=GPU target_device=2 input_bytes=228130080 local_bytes=228130080 remote_gpu_bytes=0 host_bytes=0 disk_bytes=0 batch_count=2
[2026-07-01 12:07:31.849] [info] [gpu_pipeline_task.cpp:182] [locality-audit] prepare_before pipeline_id=36 task_id=284 preferred_device=3 actual_gpu=3 target_tier=GPU target_device=3 input_bytes=556976536 local_bytes=556976536 remote_gpu_bytes=0 host_bytes=0 disk_bytes=0 batch_count=2
[2026-07-01 12:07:31.849] [info] [gpu_pipeline_task.cpp:182] [locality-audit] prepare_before pipeline_id=36 task_id=266 preferred_device=2 actual_gpu=2 target_tier=GPU target_device=2 input_bytes=556749520 local_bytes=556749520 remote_gpu_bytes=0 host_bytes=0 disk_bytes=0 batch_count=2
[2026-07-01 12:07:31.849] [info] [gpu_pipeline_task.cpp:182] [locality-audit] prepare_after pipeline_id=36 task_id=282 preferred_device=3 actual_gpu=3 target_tier=GPU target_device=3 input_bytes=556622976 local_bytes=556622976 remote_gpu_bytes=0 host_bytes=0 disk_bytes=0 batch_count=2
[2026-07-01 12:07:31.849] [info] [gpu_pipeline_task.cpp:182] [locality-audit] prepare_after pipeline_id=36 task_id=285 preferred_device=3 actual_gpu=3 target_tier=GPU target_device=3 input_bytes=228296016 local_bytes=228296016 remote_gpu_bytes=0 host_bytes=0 disk_bytes=0 batch_count=2
[2026-07-01 12:07:31.849] [info] [gpu_pipeline_task.cpp:182] [locality-audit] prepare_after pipeline_id=36 task_id=283 preferred_device=3 actual_gpu=3 target_tier=GPU target_device=3 input_bytes=228319496 local_bytes=228319496 remote_gpu_bytes=0 host_bytes=0 disk_bytes=0 batch_count=2
[2026-07-01 12:07:31.849] [info] [gpu_pipeline_task.cpp:182] [locality-audit] prepare_before pipeline_id=36 task_id=267 preferred_device=2 actual_gpu=2 target_tier=GPU target_device=2 input_bytes=228096120 local_bytes=228096120 remote_gpu_bytes=0 host_bytes=0 disk_bytes=0 batch_count=2
[2026-07-01 12:07:31.849] [info] [gpu_pipeline_task.cpp:182] [locality-audit] prepare_after pipeline_id=36 task_id=266 preferred_device=2 actual_gpu=2 target_tier=GPU target_device=2 input_bytes=556749520 local_bytes=556749520 remote_gpu_bytes=0 host_bytes=0 disk_bytes=0 batch_count=2
[2026-07-01 12:07:31.849] [info] [gpu_pipeline_task.cpp:182] [locality-audit] prepare_after pipeline_id=36 task_id=267 preferred_device=2 actual_gpu=2 target_tier=GPU target_device=2 input_bytes=228096120 local_bytes=228096120 remote_gpu_bytes=0 host_bytes=0 disk_bytes=0 batch_count=2
[2026-07-01 12:07:31.849] [info] [gpu_pipeline_task.cpp:182] [locality-audit] prepare_after pipeline_id=36 task_id=284 preferred_device=3 actual_gpu=3 target_tier=GPU target_device=3 input_bytes=556976536 local_bytes=556976536 remote_gpu_bytes=0 host_bytes=0 disk_bytes=0 batch_count=2
[2026-07-01 12:07:31.870] [info] [gpu_pipeline_task.cpp:311] [stage-audit] pipeline_id=36 task_id=264 operator_id=28 operator_name=HASH_JOIN stage_kind=JOIN operator_type=33 input_type=PARTITIONED output_type=PIPELINEABLE actual_gpu=2 pipeline_operator_count=1 input_batches=2 input_rows=14603123 input_columns=10 input_bytes=556764200 output_batches=1 output_rows=747324 output_columns=5 output_bytes=26903664 byte_ratio=0.048321 row_ratio=0.051176 duration_us=20909
[2026-07-01 12:07:31.870] [info] [gpu_pipeline_task.cpp:182] [locality-audit] prepare_before pipeline_id=36 task_id=268 preferred_device=2 actual_gpu=2 target_tier=GPU target_device=2 input_bytes=557014960 local_bytes=557014960 remote_gpu_bytes=0 host_bytes=0 disk_bytes=0 batch_count=2
[2026-07-01 12:07:31.870] [info] [gpu_pipeline_task.cpp:182] [locality-audit] prepare_after pipeline_id=36 task_id=268 preferred_device=2 actual_gpu=2 target_tier=GPU target_device=2 input_bytes=557014960 local_bytes=557014960 remote_gpu_bytes=0 host_bytes=0 disk_bytes=0 batch_count=2
[2026-07-01 12:07:31.870] [info] [task_scheduler.cpp:367] [mgpu-audit] pipeline_task dispatched to GPU 2 task_id=269
[2026-07-01 12:07:31.870] [info] [task_scheduler.cpp:369] [locality-audit] dispatch task_id=269 preferred_device=2 actual_gpu=2
[2026-07-01 12:07:31.874] [info] [gpu_pipeline_task.cpp:311] [stage-audit] pipeline_id=36 task_id=229 operator_id=28 operator_name=HASH_JOIN stage_kind=JOIN operator_type=33 input_type=PARTITIONED output_type=PIPELINEABLE actual_gpu=0 pipeline_operator_count=1 input_batches=2 input_rows=6391527 input_columns=10 input_bytes=228308640 output_batches=1 output_rows=249847 output_columns=5 output_bytes=8994492 byte_ratio=0.039396 row_ratio=0.039090 duration_us=25061
[2026-07-01 12:07:31.874] [info] [gpu_pipeline_task.cpp:311] [stage-audit] pipeline_id=36 task_id=231 operator_id=28 operator_name=HASH_JOIN stage_kind=JOIN operator_type=33 input_type=PARTITIONED output_type=PIPELINEABLE actual_gpu=0 pipeline_operator_count=1 input_batches=2 input_rows=6390980 input_columns=10 input_bytes=228286760 output_batches=1 output_rows=249782 output_columns=5 output_bytes=8992152 byte_ratio=0.039390 row_ratio=0.039084 duration_us=25084
[2026-07-01 12:07:31.874] [info] [task_scheduler.cpp:367] [mgpu-audit] pipeline_task dispatched to GPU 0 task_id=233
[2026-07-01 12:07:31.874] [info] [gpu_pipeline_task.cpp:182] [locality-audit] prepare_before pipeline_id=36 task_id=232 preferred_device=0 actual_gpu=0 target_tier=GPU target_device=0 input_bytes=556824040 local_bytes=556824040 remote_gpu_bytes=0 host_bytes=0 disk_bytes=0 batch_count=2
[2026-07-01 12:07:31.874] [info] [task_scheduler.cpp:369] [locality-audit] dispatch task_id=233 preferred_device=0 actual_gpu=0
[2026-07-01 12:07:31.874] [info] [task_scheduler.cpp:367] [mgpu-audit] pipeline_task dispatched to GPU 0 task_id=234
[2026-07-01 12:07:31.874] [info] [task_scheduler.cpp:369] [locality-audit] dispatch task_id=234 preferred_device=0 actual_gpu=0
[2026-07-01 12:07:31.874] [info] [gpu_pipeline_task.cpp:182] [locality-audit] prepare_after pipeline_id=36 task_id=232 preferred_device=0 actual_gpu=0 target_tier=GPU target_device=0 input_bytes=556824040 local_bytes=556824040 remote_gpu_bytes=0 host_bytes=0 disk_bytes=0 batch_count=2
[2026-07-01 12:07:31.874] [info] [gpu_pipeline_task.cpp:182] [locality-audit] prepare_before pipeline_id=36 task_id=233 preferred_device=0 actual_gpu=0 target_tier=GPU target_device=0 input_bytes=228217000 local_bytes=228217000 remote_gpu_bytes=0 host_bytes=0 disk_bytes=0 batch_count=2
[2026-07-01 12:07:31.874] [info] [gpu_pipeline_task.cpp:182] [locality-audit] prepare_after pipeline_id=36 task_id=233 preferred_device=0 actual_gpu=0 target_tier=GPU target_device=0 input_bytes=228217000 local_bytes=228217000 remote_gpu_bytes=0 host_bytes=0 disk_bytes=0 batch_count=2
[2026-07-01 12:07:31.877] [info] [gpu_pipeline_task.cpp:311] [stage-audit] pipeline_id=36 task_id=228 operator_id=28 operator_name=HASH_JOIN stage_kind=JOIN operator_type=33 input_type=PARTITIONED output_type=PIPELINEABLE actual_gpu=0 pipeline_operator_count=1 input_batches=2 input_rows=14604051 input_columns=10 input_bytes=556809600 output_batches=1 output_rows=749244 output_columns=5 output_bytes=26972784 byte_ratio=0.048442 row_ratio=0.051304 duration_us=28314
[2026-07-01 12:07:31.877] [info] [task_scheduler.cpp:367] [mgpu-audit] pipeline_task dispatched to GPU 0 task_id=235
[2026-07-01 12:07:31.877] [info] [task_scheduler.cpp:369] [locality-audit] dispatch task_id=235 preferred_device=0 actual_gpu=0
[2026-07-01 12:07:31.877] [info] [gpu_pipeline_task.cpp:182] [locality-audit] prepare_before pipeline_id=36 task_id=234 preferred_device=0 actual_gpu=0 target_tier=GPU target_device=0 input_bytes=556671480 local_bytes=556671480 remote_gpu_bytes=0 host_bytes=0 disk_bytes=0 batch_count=2
[2026-07-01 12:07:31.877] [info] [gpu_pipeline_task.cpp:182] [locality-audit] prepare_after pipeline_id=36 task_id=234 preferred_device=0 actual_gpu=0 target_tier=GPU target_device=0 input_bytes=556671480 local_bytes=556671480 remote_gpu_bytes=0 host_bytes=0 disk_bytes=0 batch_count=2
[2026-07-01 12:07:31.878] [info] [gpu_pipeline_task.cpp:311] [stage-audit] pipeline_id=36 task_id=265 operator_id=28 operator_name=HASH_JOIN stage_kind=JOIN operator_type=33 input_type=PARTITIONED output_type=PIPELINEABLE actual_gpu=2 pipeline_operator_count=1 input_batches=2 input_rows=6387270 input_columns=10 input_bytes=228130080 output_batches=1 output_rows=250076 output_columns=5 output_bytes=9002736 byte_ratio=0.039463 row_ratio=0.039152 duration_us=28635
[2026-07-01 12:07:31.878] [info] [gpu_pipeline_task.cpp:182] [locality-audit] prepare_before pipeline_id=36 task_id=269 preferred_device=2 actual_gpu=2 target_tier=GPU target_device=2 input_bytes=228248840 local_bytes=228248840 remote_gpu_bytes=0 host_bytes=0 disk_bytes=0 batch_count=2
[2026-07-01 12:07:31.878] [info] [task_scheduler.cpp:367] [mgpu-audit] pipeline_task dispatched to GPU 2 task_id=270
[2026-07-01 12:07:31.878] [info] [task_scheduler.cpp:369] [locality-audit] dispatch task_id=270 preferred_device=2 actual_gpu=2
[2026-07-01 12:07:31.878] [info] [gpu_pipeline_task.cpp:182] [locality-audit] prepare_after pipeline_id=36 task_id=269 preferred_device=2 actual_gpu=2 target_tier=GPU target_device=2 input_bytes=228248840 local_bytes=228248840 remote_gpu_bytes=0 host_bytes=0 disk_bytes=0 batch_count=2
[2026-07-01 12:07:31.878] [info] [gpu_pipeline_task.cpp:311] [stage-audit] pipeline_id=36 task_id=230 operator_id=28 operator_name=HASH_JOIN stage_kind=JOIN operator_type=33 input_type=PARTITIONED output_type=PIPELINEABLE actual_gpu=0 pipeline_operator_count=1 input_batches=2 input_rows=14602791 input_columns=10 input_bytes=556759200 output_batches=1 output_rows=752001 output_columns=5 output_bytes=27072036 byte_ratio=0.048624 row_ratio=0.051497 duration_us=29216
[2026-07-01 12:07:31.878] [info] [task_scheduler.cpp:367] [mgpu-audit] pipeline_task dispatched to GPU 0 task_id=236
[2026-07-01 12:07:31.878] [info] [task_scheduler.cpp:369] [locality-audit] dispatch task_id=236 preferred_device=0 actual_gpu=0
[2026-07-01 12:07:31.878] [info] [gpu_pipeline_task.cpp:182] [locality-audit] prepare_before pipeline_id=36 task_id=235 preferred_device=0 actual_gpu=0 target_tier=GPU target_device=0 input_bytes=227750440 local_bytes=227750440 remote_gpu_bytes=0 host_bytes=0 disk_bytes=0 batch_count=2
[2026-07-01 12:07:31.878] [info] [gpu_pipeline_task.cpp:311] [stage-audit] pipeline_id=36 task_id=267 operator_id=28 operator_name=HASH_JOIN stage_kind=JOIN operator_type=33 input_type=PARTITIONED output_type=PIPELINEABLE actual_gpu=2 pipeline_operator_count=1 input_batches=2 input_rows=6386421 input_columns=10 input_bytes=228096120 output_batches=1 output_rows=250774 output_columns=5 output_bytes=9027864 byte_ratio=0.039579 row_ratio=0.039267 duration_us=28990
[2026-07-01 12:07:31.878] [info] [gpu_pipeline_task.cpp:182] [locality-audit] prepare_after pipeline_id=36 task_id=235 preferred_device=0 actual_gpu=0 target_tier=GPU target_device=0 input_bytes=227750440 local_bytes=227750440 remote_gpu_bytes=0 host_bytes=0 disk_bytes=0 batch_count=2
[2026-07-01 12:07:31.878] [info] [gpu_pipeline_task.cpp:311] [stage-audit] pipeline_id=36 task_id=246 operator_id=28 operator_name=HASH_JOIN stage_kind=JOIN operator_type=33 input_type=PARTITIONED output_type=PIPELINEABLE actual_gpu=1 pipeline_operator_count=1 input_batches=2 input_rows=14604528 input_columns=10 input_bytes=556792032 output_batches=1 output_rows=747534 output_columns=5 output_bytes=26911224 byte_ratio=0.048333 row_ratio=0.051185 duration_us=29617
[2026-07-01 12:07:31.878] [info] [gpu_pipeline_task.cpp:311] [stage-audit] pipeline_id=36 task_id=247 operator_id=28 operator_name=HASH_JOIN stage_kind=JOIN operator_type=33 input_type=PARTITIONED output_type=PIPELINEABLE actual_gpu=1 pipeline_operator_count=1 input_batches=2 input_rows=6394857 input_columns=10 input_bytes=228405192 output_batches=1 output_rows=249219 output_columns=5 output_bytes=8971884 byte_ratio=0.039281 row_ratio=0.038972 duration_us=29512
[2026-07-01 12:07:31.878] [info] [gpu_pipeline_task.cpp:311] [stage-audit] pipeline_id=36 task_id=248 operator_id=28 operator_name=HASH_JOIN stage_kind=JOIN operator_type=33 input_type=PARTITIONED output_type=PIPELINEABLE actual_gpu=1 pipeline_operator_count=1 input_batches=2 input_rows=14611388 input_columns=10 input_bytes=557066432 output_batches=1 output_rows=749760 output_columns=5 output_bytes=26991360 byte_ratio=0.048453 row_ratio=0.051313 duration_us=29485
[2026-07-01 12:07:31.878] [info] [gpu_pipeline_task.cpp:182] [locality-audit] prepare_before pipeline_id=36 task_id=270 preferred_device=2 actual_gpu=2 target_tier=GPU target_device=2 input_bytes=228015400 local_bytes=228015400 remote_gpu_bytes=0 host_bytes=0 disk_bytes=0 batch_count=2
[2026-07-01 12:07:31.878] [info] [task_scheduler.cpp:367] [mgpu-audit] pipeline_task dispatched to GPU 2 task_id=271
[2026-07-01 12:07:31.878] [info] [task_scheduler.cpp:369] [locality-audit] dispatch task_id=271 preferred_device=2 actual_gpu=2
[2026-07-01 12:07:31.878] [info] [gpu_pipeline_task.cpp:182] [locality-audit] prepare_after pipeline_id=36 task_id=270 preferred_device=2 actual_gpu=2 target_tier=GPU target_device=2 input_bytes=228015400 local_bytes=228015400 remote_gpu_bytes=0 host_bytes=0 disk_bytes=0 batch_count=2
[2026-07-01 12:07:31.878] [info] [task_scheduler.cpp:367] [mgpu-audit] pipeline_task dispatched to GPU 1 task_id=251
[2026-07-01 12:07:31.878] [info] [task_scheduler.cpp:369] [locality-audit] dispatch task_id=251 preferred_device=1 actual_gpu=1
[2026-07-01 12:07:31.878] [info] [task_scheduler.cpp:367] [mgpu-audit] pipeline_task dispatched to GPU 1 task_id=252
[2026-07-01 12:07:31.878] [info] [gpu_pipeline_task.cpp:182] [locality-audit] prepare_before pipeline_id=36 task_id=250 preferred_device=1 actual_gpu=1 target_tier=GPU target_device=1 input_bytes=557324832 local_bytes=557324832 remote_gpu_bytes=0 host_bytes=0 disk_bytes=0 batch_count=2
[2026-07-01 12:07:31.878] [info] [task_scheduler.cpp:369] [locality-audit] dispatch task_id=252 preferred_device=1 actual_gpu=1
[2026-07-01 12:07:31.878] [info] [task_scheduler.cpp:367] [mgpu-audit] pipeline_task dispatched to GPU 1 task_id=253
[2026-07-01 12:07:31.878] [info] [gpu_pipeline_task.cpp:182] [locality-audit] prepare_before pipeline_id=36 task_id=251 preferred_device=1 actual_gpu=1 target_tier=GPU target_device=1 input_bytes=228224512 local_bytes=228224512 remote_gpu_bytes=0 host_bytes=0 disk_bytes=0 batch_count=2
[2026-07-01 12:07:31.878] [info] [task_scheduler.cpp:369] [locality-audit] dispatch task_id=253 preferred_device=1 actual_gpu=1
[2026-07-01 12:07:31.878] [info] [gpu_pipeline_task.cpp:182] [locality-audit] prepare_after pipeline_id=36 task_id=250 preferred_device=1 actual_gpu=1 target_tier=GPU target_device=1 input_bytes=557324832 local_bytes=557324832 remote_gpu_bytes=0 host_bytes=0 disk_bytes=0 batch_count=2
[2026-07-01 12:07:31.878] [info] [gpu_pipeline_task.cpp:182] [locality-audit] prepare_after pipeline_id=36 task_id=251 preferred_device=1 actual_gpu=1 target_tier=GPU target_device=1 input_bytes=228224512 local_bytes=228224512 remote_gpu_bytes=0 host_bytes=0 disk_bytes=0 batch_count=2
[2026-07-01 12:07:31.878] [info] [gpu_pipeline_task.cpp:182] [locality-audit] prepare_before pipeline_id=36 task_id=252 preferred_device=1 actual_gpu=1 target_tier=GPU target_device=1 input_bytes=556478432 local_bytes=556478432 remote_gpu_bytes=0 host_bytes=0 disk_bytes=0 batch_count=2
[2026-07-01 12:07:31.878] [info] [gpu_pipeline_task.cpp:182] [locality-audit] prepare_after pipeline_id=36 task_id=252 preferred_device=1 actual_gpu=1 target_tier=GPU target_device=1 input_bytes=556478432 local_bytes=556478432 remote_gpu_bytes=0 host_bytes=0 disk_bytes=0 batch_count=2
[2026-07-01 12:07:31.880] [info] [gpu_pipeline_task.cpp:311] [stage-audit] pipeline_id=36 task_id=282 operator_id=28 operator_name=HASH_JOIN stage_kind=JOIN operator_type=33 input_type=PARTITIONED output_type=PIPELINEABLE actual_gpu=3 pipeline_operator_count=1 input_batches=2 input_rows=14600676 input_columns=10 input_bytes=556622976 output_batches=1 output_rows=750458 output_columns=5 output_bytes=27016488 byte_ratio=0.048536 row_ratio=0.051399 duration_us=30630
[2026-07-01 12:07:31.880] [info] [gpu_pipeline_task.cpp:311] [stage-audit] pipeline_id=36 task_id=285 operator_id=28 operator_name=HASH_JOIN stage_kind=JOIN operator_type=33 input_type=PARTITIONED output_type=PIPELINEABLE actual_gpu=3 pipeline_operator_count=1 input_batches=2 input_rows=6392502 input_columns=10 input_bytes=228296016 output_batches=1 output_rows=248439 output_columns=5 output_bytes=8943804 byte_ratio=0.039176 row_ratio=0.038864 duration_us=30652
[2026-07-01 12:07:31.880] [info] [task_scheduler.cpp:367] [mgpu-audit] pipeline_task dispatched to GPU 3 task_id=287
[2026-07-01 12:07:31.880] [info] [task_scheduler.cpp:369] [locality-audit] dispatch task_id=287 preferred_device=3 actual_gpu=3
[2026-07-01 12:07:31.880] [info] [gpu_pipeline_task.cpp:182] [locality-audit] prepare_before pipeline_id=36 task_id=286 preferred_device=3 actual_gpu=3 target_tier=GPU target_device=3 input_bytes=557374456 local_bytes=557374456 remote_gpu_bytes=0 host_bytes=0 disk_bytes=0 batch_count=2
[2026-07-01 12:07:31.880] [info] [gpu_pipeline_task.cpp:182] [locality-audit] prepare_after pipeline_id=36 task_id=286 preferred_device=3 actual_gpu=3 target_tier=GPU target_device=3 input_bytes=557374456 local_bytes=557374456 remote_gpu_bytes=0 host_bytes=0 disk_bytes=0 batch_count=2
[2026-07-01 12:07:31.880] [info] [task_scheduler.cpp:367] [mgpu-audit] pipeline_task dispatched to GPU 3 task_id=288
[2026-07-01 12:07:31.880] [info] [task_scheduler.cpp:369] [locality-audit] dispatch task_id=288 preferred_device=3 actual_gpu=3
[2026-07-01 12:07:31.880] [info] [gpu_pipeline_task.cpp:182] [locality-audit] prepare_before pipeline_id=36 task_id=287 preferred_device=3 actual_gpu=3 target_tier=GPU target_device=3 input_bytes=228472056 local_bytes=228472056 remote_gpu_bytes=0 host_bytes=0 disk_bytes=0 batch_count=2
[2026-07-01 12:07:31.880] [info] [gpu_pipeline_task.cpp:182] [locality-audit] prepare_after pipeline_id=36 task_id=287 preferred_device=3 actual_gpu=3 target_tier=GPU target_device=3 input_bytes=228472056 local_bytes=228472056 remote_gpu_bytes=0 host_bytes=0 disk_bytes=0 batch_count=2
[2026-07-01 12:07:31.884] [info] [gpu_pipeline_task.cpp:311] [stage-audit] pipeline_id=36 task_id=283 operator_id=28 operator_name=HASH_JOIN stage_kind=JOIN operator_type=33 input_type=PARTITIONED output_type=PIPELINEABLE actual_gpu=3 pipeline_operator_count=1 input_batches=2 input_rows=6393089 input_columns=10 input_bytes=228319496 output_batches=1 output_rows=248417 output_columns=5 output_bytes=8943012 byte_ratio=0.039169 row_ratio=0.038857 duration_us=34620
[2026-07-01 12:07:31.884] [info] [task_scheduler.cpp:367] [mgpu-audit] pipeline_task dispatched to GPU 3 task_id=289
[2026-07-01 12:07:31.884] [info] [gpu_pipeline_task.cpp:182] [locality-audit] prepare_before pipeline_id=36 task_id=288 preferred_device=3 actual_gpu=3 target_tier=GPU target_device=3 input_bytes=557005296 local_bytes=557005296 remote_gpu_bytes=0 host_bytes=0 disk_bytes=0 batch_count=2
[2026-07-01 12:07:31.884] [info] [task_scheduler.cpp:369] [locality-audit] dispatch task_id=289 preferred_device=3 actual_gpu=3
[2026-07-01 12:07:31.884] [info] [gpu_pipeline_task.cpp:311] [stage-audit] pipeline_id=36 task_id=249 operator_id=28 operator_name=HASH_JOIN stage_kind=JOIN operator_type=33 input_type=PARTITIONED output_type=PIPELINEABLE actual_gpu=1 pipeline_operator_count=1 input_batches=2 input_rows=6397861 input_columns=10 input_bytes=228525352 output_batches=1 output_rows=249619 output_columns=5 output_bytes=8986284 byte_ratio=0.039323 row_ratio=0.039016 duration_us=35086
[2026-07-01 12:07:31.884] [info] [gpu_pipeline_task.cpp:182] [locality-audit] prepare_after pipeline_id=36 task_id=288 preferred_device=3 actual_gpu=3 target_tier=GPU target_device=3 input_bytes=557005296 local_bytes=557005296 remote_gpu_bytes=0 host_bytes=0 disk_bytes=0 batch_count=2
[2026-07-01 12:07:31.884] [info] [task_scheduler.cpp:367] [mgpu-audit] pipeline_task dispatched to GPU 1 task_id=254
[2026-07-01 12:07:31.884] [info] [task_scheduler.cpp:369] [locality-audit] dispatch task_id=254 preferred_device=1 actual_gpu=1
[2026-07-01 12:07:31.884] [info] [gpu_pipeline_task.cpp:182] [locality-audit] prepare_before pipeline_id=36 task_id=253 preferred_device=1 actual_gpu=1 target_tier=GPU target_device=1 input_bytes=228483312 local_bytes=228483312 remote_gpu_bytes=0 host_bytes=0 disk_bytes=0 batch_count=2
[2026-07-01 12:07:31.884] [info] [gpu_pipeline_task.cpp:182] [locality-audit] prepare_after pipeline_id=36 task_id=253 preferred_device=1 actual_gpu=1 target_tier=GPU target_device=1 input_bytes=228483312 local_bytes=228483312 remote_gpu_bytes=0 host_bytes=0 disk_bytes=0 batch_count=2
[2026-07-01 12:07:31.885] [info] [gpu_pipeline_task.cpp:311] [stage-audit] pipeline_id=36 task_id=284 operator_id=28 operator_name=HASH_JOIN stage_kind=JOIN operator_type=33 input_type=PARTITIONED output_type=PIPELINEABLE actual_gpu=3 pipeline_operator_count=1 input_batches=2 input_rows=14609515 input_columns=10 input_bytes=556976536 output_batches=1 output_rows=751093 output_columns=5 output_bytes=27039348 byte_ratio=0.048547 row_ratio=0.051411 duration_us=35415
[2026-07-01 12:07:31.885] [info] [gpu_pipeline_task.cpp:182] [locality-audit] prepare_before pipeline_id=36 task_id=289 preferred_device=3 actual_gpu=3 target_tier=GPU target_device=3 input_bytes=227987136 local_bytes=227987136 remote_gpu_bytes=0 host_bytes=0 disk_bytes=0 batch_count=2
[2026-07-01 12:07:31.885] [info] [task_scheduler.cpp:367] [mgpu-audit] pipeline_task dispatched to GPU 3 task_id=290
[2026-07-01 12:07:31.885] [info] [task_scheduler.cpp:369] [locality-audit] dispatch task_id=290 preferred_device=3 actual_gpu=3
[2026-07-01 12:07:31.885] [info] [gpu_pipeline_task.cpp:182] [locality-audit] prepare_after pipeline_id=36 task_id=289 preferred_device=3 actual_gpu=3 target_tier=GPU target_device=3 input_bytes=227987136 local_bytes=227987136 remote_gpu_bytes=0 host_bytes=0 disk_bytes=0 batch_count=2
[2026-07-01 12:07:31.887] [info] [gpu_pipeline_task.cpp:311] [stage-audit] pipeline_id=36 task_id=266 operator_id=28 operator_name=HASH_JOIN stage_kind=JOIN operator_type=33 input_type=PARTITIONED output_type=PIPELINEABLE actual_gpu=2 pipeline_operator_count=1 input_batches=2 input_rows=14602756 input_columns=10 input_bytes=556749520 output_batches=1 output_rows=754233 output_columns=5 output_bytes=27152388 byte_ratio=0.048769 row_ratio=0.051650 duration_us=37629
[2026-07-01 12:07:31.887] [info] [task_scheduler.cpp:367] [mgpu-audit] pipeline_task dispatched to GPU 2 task_id=272
[2026-07-01 12:07:31.887] [info] [gpu_pipeline_task.cpp:182] [locality-audit] prepare_before pipeline_id=36 task_id=271 preferred_device=2 actual_gpu=2 target_tier=GPU target_device=2 input_bytes=557402040 local_bytes=557402040 remote_gpu_bytes=0 host_bytes=0 disk_bytes=0 batch_count=2
[2026-07-01 12:07:31.887] [info] [task_scheduler.cpp:369] [locality-audit] dispatch task_id=272 preferred_device=2 actual_gpu=2
[2026-07-01 12:07:31.887] [info] [gpu_pipeline_task.cpp:182] [locality-audit] prepare_after pipeline_id=36 task_id=271 preferred_device=2 actual_gpu=2 target_tier=GPU target_device=2 input_bytes=557402040 local_bytes=557402040 remote_gpu_bytes=0 host_bytes=0 disk_bytes=0 batch_count=2
[2026-07-01 12:07:31.893] [info] [gpu_pipeline_task.cpp:311] [stage-audit] pipeline_id=36 task_id=268 operator_id=28 operator_name=HASH_JOIN stage_kind=JOIN operator_type=33 input_type=PARTITIONED output_type=PIPELINEABLE actual_gpu=2 pipeline_operator_count=1 input_batches=2 input_rows=14609392 input_columns=10 input_bytes=557014960 output_batches=1 output_rows=749760 output_columns=5 output_bytes=26991360 byte_ratio=0.048457 row_ratio=0.051320 duration_us=22799
[2026-07-01 12:07:31.893] [info] [task_scheduler.cpp:367] [mgpu-audit] pipeline_task dispatched to GPU 2 task_id=273
[2026-07-01 12:07:31.893] [info] [task_scheduler.cpp:369] [locality-audit] dispatch task_id=273 preferred_device=2 actual_gpu=2
[2026-07-01 12:07:31.893] [info] [gpu_pipeline_task.cpp:182] [locality-audit] prepare_before pipeline_id=36 task_id=272 preferred_device=2 actual_gpu=2 target_tier=GPU target_device=2 input_bytes=228060640 local_bytes=228060640 remote_gpu_bytes=0 host_bytes=0 disk_bytes=0 batch_count=2
[2026-07-01 12:07:31.893] [info] [gpu_pipeline_task.cpp:182] [locality-audit] prepare_after pipeline_id=36 task_id=272 preferred_device=2 actual_gpu=2 target_tier=GPU target_device=2 input_bytes=228060640 local_bytes=228060640 remote_gpu_bytes=0 host_bytes=0 disk_bytes=0 batch_count=2
[2026-07-01 12:07:31.895] [info] [gpu_pipeline_task.cpp:311] [stage-audit] pipeline_id=36 task_id=269 operator_id=28 operator_name=HASH_JOIN stage_kind=JOIN operator_type=33 input_type=PARTITIONED output_type=PIPELINEABLE actual_gpu=2 pipeline_operator_count=1 input_batches=2 input_rows=6390239 input_columns=10 input_bytes=228248840 output_batches=1 output_rows=249935 output_columns=5 output_bytes=8997660 byte_ratio=0.039420 row_ratio=0.039112 duration_us=17051
[2026-07-01 12:07:31.895] [info] [task_scheduler.cpp:367] [mgpu-audit] pipeline_task dispatched to GPU 2 task_id=274
[2026-07-01 12:07:31.895] [info] [task_scheduler.cpp:369] [locality-audit] dispatch task_id=274 preferred_device=2 actual_gpu=2
[2026-07-01 12:07:31.895] [info] [gpu_pipeline_task.cpp:182] [locality-audit] prepare_before pipeline_id=36 task_id=273 preferred_device=2 actual_gpu=2 target_tier=GPU target_device=2 input_bytes=556791320 local_bytes=556791320 remote_gpu_bytes=0 host_bytes=0 disk_bytes=0 batch_count=2
[2026-07-01 12:07:31.895] [info] [gpu_pipeline_task.cpp:182] [locality-audit] prepare_after pipeline_id=36 task_id=273 preferred_device=2 actual_gpu=2 target_tier=GPU target_device=2 input_bytes=556791320 local_bytes=556791320 remote_gpu_bytes=0 host_bytes=0 disk_bytes=0 batch_count=2
[2026-07-01 12:07:31.896] [info] [gpu_pipeline_task.cpp:311] [stage-audit] pipeline_id=36 task_id=232 operator_id=28 operator_name=HASH_JOIN stage_kind=JOIN operator_type=33 input_type=PARTITIONED output_type=PIPELINEABLE actual_gpu=0 pipeline_operator_count=1 input_batches=2 input_rows=14604412 input_columns=10 input_bytes=556824040 output_batches=1 output_rows=752741 output_columns=5 output_bytes=27098676 byte_ratio=0.048666 row_ratio=0.051542 duration_us=22167
[2026-07-01 12:07:31.896] [info] [task_scheduler.cpp:367] [mgpu-audit] pipeline_task dispatched to GPU 0 task_id=237
[2026-07-01 12:07:31.896] [info] [gpu_pipeline_task.cpp:182] [locality-audit] prepare_before pipeline_id=36 task_id=236 preferred_device=0 actual_gpu=0 target_tier=GPU target_device=0 input_bytes=557613560 local_bytes=557613560 remote_gpu_bytes=0 host_bytes=0 disk_bytes=0 batch_count=2
[2026-07-01 12:07:31.896] [info] [task_scheduler.cpp:369] [locality-audit] dispatch task_id=237 preferred_device=0 actual_gpu=0
[2026-07-01 12:07:31.896] [info] [gpu_pipeline_task.cpp:182] [locality-audit] prepare_after pipeline_id=36 task_id=236 preferred_device=0 actual_gpu=0 target_tier=GPU target_device=0 input_bytes=557613560 local_bytes=557613560 remote_gpu_bytes=0 host_bytes=0 disk_bytes=0 batch_count=2
[2026-07-01 12:07:31.896] [info] [gpu_pipeline_task.cpp:311] [stage-audit] pipeline_id=36 task_id=270 operator_id=28 operator_name=HASH_JOIN stage_kind=JOIN operator_type=33 input_type=PARTITIONED output_type=PIPELINEABLE actual_gpu=2 pipeline_operator_count=1 input_batches=2 input_rows=6384403 input_columns=10 input_bytes=228015400 output_batches=1 output_rows=248086 output_columns=5 output_bytes=8931096 byte_ratio=0.039169 row_ratio=0.038858 duration_us=18010
[2026-07-01 12:07:31.896] [info] [task_scheduler.cpp:367] [mgpu-audit] pipeline_task dispatched to GPU 2 task_id=275
[2026-07-01 12:07:31.896] [info] [gpu_pipeline_task.cpp:182] [locality-audit] prepare_before pipeline_id=36 task_id=274 preferred_device=2 actual_gpu=2 target_tier=GPU target_device=2 input_bytes=228227160 local_bytes=228227160 remote_gpu_bytes=0 host_bytes=0 disk_bytes=0 batch_count=2
[2026-07-01 12:07:31.896] [info] [task_scheduler.cpp:369] [locality-audit] dispatch task_id=275 preferred_device=2 actual_gpu=2
[2026-07-01 12:07:31.896] [info] [gpu_pipeline_task.cpp:182] [locality-audit] prepare_after pipeline_id=36 task_id=274 preferred_device=2 actual_gpu=2 target_tier=GPU target_device=2 input_bytes=228227160 local_bytes=228227160 remote_gpu_bytes=0 host_bytes=0 disk_bytes=0 batch_count=2
[2026-07-01 12:07:31.897] [info] [gpu_pipeline_task.cpp:311] [stage-audit] pipeline_id=36 task_id=233 operator_id=28 operator_name=HASH_JOIN stage_kind=JOIN operator_type=33 input_type=PARTITIONED output_type=PIPELINEABLE actual_gpu=0 pipeline_operator_count=1 input_batches=2 input_rows=6389236 input_columns=10 input_bytes=228217000 output_batches=1 output_rows=247880 output_columns=5 output_bytes=8923680 byte_ratio=0.039102 row_ratio=0.038797 duration_us=23188
[2026-07-01 12:07:31.897] [info] [task_scheduler.cpp:367] [mgpu-audit] pipeline_task dispatched to GPU 0 task_id=238
[2026-07-01 12:07:31.897] [info] [gpu_pipeline_task.cpp:182] [locality-audit] prepare_before pipeline_id=36 task_id=237 preferred_device=0 actual_gpu=0 target_tier=GPU target_device=0 input_bytes=228304040 local_bytes=228304040 remote_gpu_bytes=0 host_bytes=0 disk_bytes=0 batch_count=2
[2026-07-01 12:07:31.897] [info] [task_scheduler.cpp:369] [locality-audit] dispatch task_id=238 preferred_device=0 actual_gpu=0
[2026-07-01 12:07:31.897] [info] [gpu_pipeline_task.cpp:182] [locality-audit] prepare_after pipeline_id=36 task_id=237 preferred_device=0 actual_gpu=0 target_tier=GPU target_device=0 input_bytes=228304040 local_bytes=228304040 remote_gpu_bytes=0 host_bytes=0 disk_bytes=0 batch_count=2
[2026-07-01 12:07:31.898] [info] [gpu_pipeline_task.cpp:311] [stage-audit] pipeline_id=36 task_id=234 operator_id=28 operator_name=HASH_JOIN stage_kind=JOIN operator_type=33 input_type=PARTITIONED output_type=PIPELINEABLE actual_gpu=0 pipeline_operator_count=1 input_batches=2 input_rows=14600598 input_columns=10 input_bytes=556671480 output_batches=1 output_rows=751537 output_columns=5 output_bytes=27055332 byte_ratio=0.048602 row_ratio=0.051473 duration_us=21510
[2026-07-01 12:07:31.899] [info] [task_scheduler.cpp:367] [mgpu-audit] pipeline_task dispatched to GPU 0 task_id=239
[2026-07-01 12:07:31.899] [info] [task_scheduler.cpp:369] [locality-audit] dispatch task_id=239 preferred_device=0 actual_gpu=0
[2026-07-01 12:07:31.899] [info] [gpu_pipeline_task.cpp:182] [locality-audit] prepare_before pipeline_id=36 task_id=238 preferred_device=0 actual_gpu=0 target_tier=GPU target_device=0 input_bytes=556675840 local_bytes=556675840 remote_gpu_bytes=0 host_bytes=0 disk_bytes=0 batch_count=2
[2026-07-01 12:07:31.899] [info] [gpu_pipeline_task.cpp:182] [locality-audit] prepare_after pipeline_id=36 task_id=238 preferred_device=0 actual_gpu=0 target_tier=GPU target_device=0 input_bytes=556675840 local_bytes=556675840 remote_gpu_bytes=0 host_bytes=0 disk_bytes=0 batch_count=2
[2026-07-01 12:07:31.899] [info] [gpu_pipeline_task.cpp:311] [stage-audit] pipeline_id=36 task_id=286 operator_id=28 operator_name=HASH_JOIN stage_kind=JOIN operator_type=33 input_type=PARTITIONED output_type=PIPELINEABLE actual_gpu=3 pipeline_operator_count=1 input_batches=2 input_rows=14619463 input_columns=10 input_bytes=557374456 output_batches=1 output_rows=756893 output_columns=5 output_bytes=27248148 byte_ratio=0.048887 row_ratio=0.051773 duration_us=19163
[2026-07-01 12:07:31.899] [info] [task_scheduler.cpp:367] [mgpu-audit] pipeline_task dispatched to GPU 3 task_id=291
[2026-07-01 12:07:31.899] [info] [gpu_pipeline_task.cpp:182] [locality-audit] prepare_before pipeline_id=36 task_id=290 preferred_device=3 actual_gpu=3 target_tier=GPU target_device=3 input_bytes=558236656 local_bytes=558236656 remote_gpu_bytes=0 host_bytes=0 disk_bytes=0 batch_count=2
[2026-07-01 12:07:31.899] [info] [task_scheduler.cpp:369] [locality-audit] dispatch task_id=291 preferred_device=3 actual_gpu=3
[2026-07-01 12:07:31.899] [info] [gpu_pipeline_task.cpp:182] [locality-audit] prepare_after pipeline_id=36 task_id=290 preferred_device=3 actual_gpu=3 target_tier=GPU target_device=3 input_bytes=558236656 local_bytes=558236656 remote_gpu_bytes=0 host_bytes=0 disk_bytes=0 batch_count=2
[2026-07-01 12:07:31.899] [info] [gpu_pipeline_task.cpp:311] [stage-audit] pipeline_id=36 task_id=250 operator_id=28 operator_name=HASH_JOIN stage_kind=JOIN operator_type=33 input_type=PARTITIONED output_type=PIPELINEABLE actual_gpu=1 pipeline_operator_count=1 input_batches=2 input_rows=14617848 input_columns=10 input_bytes=557324832 output_batches=1 output_rows=751827 output_columns=5 output_bytes=27065772 byte_ratio=0.048564 row_ratio=0.051432 duration_us=20769
[2026-07-01 12:07:31.899] [info] [task_scheduler.cpp:367] [mgpu-audit] pipeline_task dispatched to GPU 1 task_id=255
[2026-07-01 12:07:31.899] [info] [task_scheduler.cpp:369] [locality-audit] dispatch task_id=255 preferred_device=1 actual_gpu=1
[2026-07-01 12:07:31.899] [info] [gpu_pipeline_task.cpp:182] [locality-audit] prepare_before pipeline_id=36 task_id=254 preferred_device=1 actual_gpu=1 target_tier=GPU target_device=1 input_bytes=557224032 local_bytes=557224032 remote_gpu_bytes=0 host_bytes=0 disk_bytes=0 batch_count=2
[2026-07-01 12:07:31.899] [info] [gpu_pipeline_task.cpp:182] [locality-audit] prepare_after pipeline_id=36 task_id=254 preferred_device=1 actual_gpu=1 target_tier=GPU target_device=1 input_bytes=557224032 local_bytes=557224032 remote_gpu_bytes=0 host_bytes=0 disk_bytes=0 batch_count=2
[2026-07-01 12:07:31.902] [info] [gpu_pipeline_task.cpp:311] [stage-audit] pipeline_id=36 task_id=251 operator_id=28 operator_name=HASH_JOIN stage_kind=JOIN operator_type=33 input_type=PARTITIONED output_type=PIPELINEABLE actual_gpu=1 pipeline_operator_count=1 input_batches=2 input_rows=6390340 input_columns=10 input_bytes=228224512 output_batches=1 output_rows=250578 output_columns=5 output_bytes=9020808 byte_ratio=0.039526 row_ratio=0.039212 duration_us=23492
[2026-07-01 12:07:31.902] [info] [task_scheduler.cpp:367] [mgpu-audit] pipeline_task dispatched to GPU 1 task_id=256
[2026-07-01 12:07:31.902] [info] [task_scheduler.cpp:369] [locality-audit] dispatch task_id=256 preferred_device=1 actual_gpu=1
[2026-07-01 12:07:31.902] [info] [gpu_pipeline_task.cpp:182] [locality-audit] prepare_before pipeline_id=36 task_id=255 preferred_device=1 actual_gpu=1 target_tier=GPU target_device=1 input_bytes=228226992 local_bytes=228226992 remote_gpu_bytes=0 host_bytes=0 disk_bytes=0 batch_count=2
[2026-07-01 12:07:31.902] [info] [gpu_pipeline_task.cpp:182] [locality-audit] prepare_after pipeline_id=36 task_id=255 preferred_device=1 actual_gpu=1 target_tier=GPU target_device=1 input_bytes=228226992 local_bytes=228226992 remote_gpu_bytes=0 host_bytes=0 disk_bytes=0 batch_count=2
[2026-07-01 12:07:31.902] [info] [gpu_pipeline_task.cpp:311] [stage-audit] pipeline_id=36 task_id=235 operator_id=28 operator_name=HASH_JOIN stage_kind=JOIN operator_type=33 input_type=PARTITIONED output_type=PIPELINEABLE actual_gpu=0 pipeline_operator_count=1 input_batches=2 input_rows=6377572 input_columns=10 input_bytes=227750440 output_batches=1 output_rows=249061 output_columns=5 output_bytes=8966196 byte_ratio=0.039369 row_ratio=0.039053 duration_us=23930
[2026-07-01 12:07:31.902] [info] [task_scheduler.cpp:367] [mgpu-audit] pipeline_task dispatched to GPU 0 task_id=240
[2026-07-01 12:07:31.902] [info] [gpu_pipeline_task.cpp:182] [locality-audit] prepare_before pipeline_id=36 task_id=239 preferred_device=0 actual_gpu=0 target_tier=GPU target_device=0 input_bytes=228305600 local_bytes=228305600 remote_gpu_bytes=0 host_bytes=0 disk_bytes=0 batch_count=2
[2026-07-01 12:07:31.902] [info] [task_scheduler.cpp:369] [locality-audit] dispatch task_id=240 preferred_device=0 actual_gpu=0
[2026-07-01 12:07:31.902] [info] [gpu_pipeline_task.cpp:182] [locality-audit] prepare_after pipeline_id=36 task_id=239 preferred_device=0 actual_gpu=0 target_tier=GPU target_device=0 input_bytes=228305600 local_bytes=228305600 remote_gpu_bytes=0 host_bytes=0 disk_bytes=0 batch_count=2
[2026-07-01 12:07:31.903] [info] [gpu_pipeline_task.cpp:311] [stage-audit] pipeline_id=36 task_id=252 operator_id=28 operator_name=HASH_JOIN stage_kind=JOIN operator_type=33 input_type=PARTITIONED output_type=PIPELINEABLE actual_gpu=1 pipeline_operator_count=1 input_batches=2 input_rows=14596688 input_columns=10 input_bytes=556478432 output_batches=1 output_rows=749532 output_columns=5 output_bytes=26983152 byte_ratio=0.048489 row_ratio=0.051349 duration_us=24689
[2026-07-01 12:07:31.903] [info] [task_scheduler.cpp:367] [mgpu-audit] pipeline_task dispatched to GPU 1 task_id=257
[2026-07-01 12:07:31.903] [info] [task_scheduler.cpp:369] [locality-audit] dispatch task_id=257 preferred_device=1 actual_gpu=1
[2026-07-01 12:07:31.903] [info] [gpu_pipeline_task.cpp:182] [locality-audit] prepare_before pipeline_id=36 task_id=256 preferred_device=1 actual_gpu=1 target_tier=GPU target_device=1 input_bytes=557266952 local_bytes=557266952 remote_gpu_bytes=0 host_bytes=0 disk_bytes=0 batch_count=2
[2026-07-01 12:07:31.903] [info] [gpu_pipeline_task.cpp:182] [locality-audit] prepare_after pipeline_id=36 task_id=256 preferred_device=1 actual_gpu=1 target_tier=GPU target_device=1 input_bytes=557266952 local_bytes=557266952 remote_gpu_bytes=0 host_bytes=0 disk_bytes=0 batch_count=2
[2026-07-01 12:07:31.905] [info] [gpu_pipeline_task.cpp:311] [stage-audit] pipeline_id=36 task_id=289 operator_id=28 operator_name=HASH_JOIN stage_kind=JOIN operator_type=33 input_type=PARTITIONED output_type=PIPELINEABLE actual_gpu=3 pipeline_operator_count=1 input_batches=2 input_rows=6384780 input_columns=10 input_bytes=227987136 output_batches=1 output_rows=250802 output_columns=5 output_bytes=9028872 byte_ratio=0.039603 row_ratio=0.039281 duration_us=20430
[2026-07-01 12:07:31.905] [info] [task_scheduler.cpp:367] [mgpu-audit] pipeline_task dispatched to GPU 3 task_id=292
[2026-07-01 12:07:31.905] [info] [task_scheduler.cpp:369] [locality-audit] dispatch task_id=292 preferred_device=3 actual_gpu=3
[2026-07-01 12:07:31.905] [info] [gpu_pipeline_task.cpp:182] [locality-audit] prepare_before pipeline_id=36 task_id=291 preferred_device=3 actual_gpu=3 target_tier=GPU target_device=3 input_bytes=228595256 local_bytes=228595256 remote_gpu_bytes=0 host_bytes=0 disk_bytes=0 batch_count=2
[2026-07-01 12:07:31.905] [info] [gpu_pipeline_task.cpp:182] [locality-audit] prepare_after pipeline_id=36 task_id=291 preferred_device=3 actual_gpu=3 target_tier=GPU target_device=3 input_bytes=228595256 local_bytes=228595256 remote_gpu_bytes=0 host_bytes=0 disk_bytes=0 batch_count=2
[2026-07-01 12:07:31.907] [info] [gpu_pipeline_task.cpp:311] [stage-audit] pipeline_id=36 task_id=288 operator_id=28 operator_name=HASH_JOIN stage_kind=JOIN operator_type=33 input_type=PARTITIONED output_type=PIPELINEABLE actual_gpu=3 pipeline_operator_count=1 input_batches=2 input_rows=14610234 input_columns=10 input_bytes=557005296 output_batches=1 output_rows=752345 output_columns=5 output_bytes=27084420 byte_ratio=0.048625 row_ratio=0.051494 duration_us=22580
[2026-07-01 12:07:31.907] [info] [gpu_pipeline_task.cpp:182] [locality-audit] prepare_before pipeline_id=36 task_id=292 preferred_device=3 actual_gpu=3 target_tier=GPU target_device=3 input_bytes=556786096 local_bytes=556786096 remote_gpu_bytes=0 host_bytes=0 disk_bytes=0 batch_count=2
[2026-07-01 12:07:31.907] [info] [task_scheduler.cpp:367] [mgpu-audit] pipeline_task dispatched to GPU 3 task_id=293
[2026-07-01 12:07:31.907] [info] [task_scheduler.cpp:369] [locality-audit] dispatch task_id=293 preferred_device=3 actual_gpu=3
[2026-07-01 12:07:31.907] [info] [gpu_pipeline_task.cpp:182] [locality-audit] prepare_after pipeline_id=36 task_id=292 preferred_device=3 actual_gpu=3 target_tier=GPU target_device=3 input_bytes=556786096 local_bytes=556786096 remote_gpu_bytes=0 host_bytes=0 disk_bytes=0 batch_count=2
[2026-07-01 12:07:31.908] [info] [gpu_pipeline_task.cpp:311] [stage-audit] pipeline_id=36 task_id=287 operator_id=28 operator_name=HASH_JOIN stage_kind=JOIN operator_type=33 input_type=PARTITIONED output_type=PIPELINEABLE actual_gpu=3 pipeline_operator_count=1 input_batches=2 input_rows=6396903 input_columns=10 input_bytes=228472056 output_batches=1 output_rows=250918 output_columns=5 output_bytes=9033048 byte_ratio=0.039537 row_ratio=0.039225 duration_us=28051
[2026-07-01 12:07:31.908] [info] [task_scheduler.cpp:367] [mgpu-audit] pipeline_task dispatched to GPU 3 task_id=294
[2026-07-01 12:07:31.908] [info] [task_scheduler.cpp:369] [locality-audit] dispatch task_id=294 preferred_device=3 actual_gpu=3
[2026-07-01 12:07:31.908] [info] [gpu_pipeline_task.cpp:182] [locality-audit] prepare_before pipeline_id=36 task_id=293 preferred_device=3 actual_gpu=3 target_tier=GPU target_device=3 input_bytes=228352176 local_bytes=228352176 remote_gpu_bytes=0 host_bytes=0 disk_bytes=0 batch_count=2
[2026-07-01 12:07:31.908] [info] [gpu_pipeline_task.cpp:182] [locality-audit] prepare_after pipeline_id=36 task_id=293 preferred_device=3 actual_gpu=3 target_tier=GPU target_device=3 input_bytes=228352176 local_bytes=228352176 remote_gpu_bytes=0 host_bytes=0 disk_bytes=0 batch_count=2
[2026-07-01 12:07:31.910] [info] [gpu_pipeline_task.cpp:311] [stage-audit] pipeline_id=36 task_id=253 operator_id=28 operator_name=HASH_JOIN stage_kind=JOIN operator_type=33 input_type=PARTITIONED output_type=PIPELINEABLE actual_gpu=1 pipeline_operator_count=1 input_batches=2 input_rows=6396810 input_columns=10 input_bytes=228483312 output_batches=1 output_rows=249982 output_columns=5 output_bytes=8999352 byte_ratio=0.039387 row_ratio=0.039079 duration_us=25987
[2026-07-01 12:07:31.910] [info] [task_scheduler.cpp:367] [mgpu-audit] pipeline_task dispatched to GPU 1 task_id=258
[2026-07-01 12:07:31.910] [info] [task_scheduler.cpp:369] [locality-audit] dispatch task_id=258 preferred_device=1 actual_gpu=1
[2026-07-01 12:07:31.910] [info] [gpu_pipeline_task.cpp:182] [locality-audit] prepare_before pipeline_id=36 task_id=257 preferred_device=1 actual_gpu=1 target_tier=GPU target_device=1 input_bytes=228277752 local_bytes=228277752 remote_gpu_bytes=0 host_bytes=0 disk_bytes=0 batch_count=2
[2026-07-01 12:07:31.910] [info] [gpu_pipeline_task.cpp:182] [locality-audit] prepare_after pipeline_id=36 task_id=257 preferred_device=1 actual_gpu=1 target_tier=GPU target_device=1 input_bytes=228277752 local_bytes=228277752 remote_gpu_bytes=0 host_bytes=0 disk_bytes=0 batch_count=2
[2026-07-01 12:07:31.912] [info] [gpu_pipeline_task.cpp:311] [stage-audit] pipeline_id=36 task_id=271 operator_id=28 operator_name=HASH_JOIN stage_kind=JOIN operator_type=33 input_type=PARTITIONED output_type=PIPELINEABLE actual_gpu=2 pipeline_operator_count=1 input_batches=2 input_rows=14619069 input_columns=10 input_bytes=557402040 output_batches=1 output_rows=750089 output_columns=5 output_bytes=27003204 byte_ratio=0.048445 row_ratio=0.051309 duration_us=25529
[2026-07-01 12:07:31.913] [info] [task_scheduler.cpp:367] [mgpu-audit] pipeline_task dispatched to GPU 2 task_id=276
[2026-07-01 12:07:31.913] [info] [task_scheduler.cpp:369] [locality-audit] dispatch task_id=276 preferred_device=2 actual_gpu=2
[2026-07-01 12:07:31.913] [info] [gpu_pipeline_task.cpp:182] [locality-audit] prepare_before pipeline_id=36 task_id=275 preferred_device=2 actual_gpu=2 target_tier=GPU target_device=2 input_bytes=556841640 local_bytes=556841640 remote_gpu_bytes=0 host_bytes=0 disk_bytes=0 batch_count=2
[2026-07-01 12:07:31.913] [info] [gpu_pipeline_task.cpp:182] [locality-audit] prepare_after pipeline_id=36 task_id=275 preferred_device=2 actual_gpu=2 target_tier=GPU target_device=2 input_bytes=556841640 local_bytes=556841640 remote_gpu_bytes=0 host_bytes=0 disk_bytes=0 batch_count=2
[2026-07-01 12:07:31.914] [info] [gpu_pipeline_task.cpp:311] [stage-audit] pipeline_id=36 task_id=272 operator_id=28 operator_name=HASH_JOIN stage_kind=JOIN operator_type=33 input_type=PARTITIONED output_type=PIPELINEABLE actual_gpu=2 pipeline_operator_count=1 input_batches=2 input_rows=6385534 input_columns=10 input_bytes=228060640 output_batches=1 output_rows=250061 output_columns=5 output_bytes=9002196 byte_ratio=0.039473 row_ratio=0.039161 duration_us=20794
[2026-07-01 12:07:31.914] [info] [task_scheduler.cpp:367] [mgpu-audit] pipeline_task dispatched to GPU 2 task_id=277
[2026-07-01 12:07:31.914] [info] [task_scheduler.cpp:369] [locality-audit] dispatch task_id=277 preferred_device=2 actual_gpu=2
[2026-07-01 12:07:31.914] [info] [gpu_pipeline_task.cpp:182] [locality-audit] prepare_before pipeline_id=36 task_id=276 preferred_device=2 actual_gpu=2 target_tier=GPU target_device=2 input_bytes=228129880 local_bytes=228129880 remote_gpu_bytes=0 host_bytes=0 disk_bytes=0 batch_count=2
[2026-07-01 12:07:31.914] [info] [gpu_pipeline_task.cpp:182] [locality-audit] prepare_after pipeline_id=36 task_id=276 preferred_device=2 actual_gpu=2 target_tier=GPU target_device=2 input_bytes=228129880 local_bytes=228129880 remote_gpu_bytes=0 host_bytes=0 disk_bytes=0 batch_count=2
[2026-07-01 12:07:31.915] [info] [gpu_pipeline_task.cpp:311] [stage-audit] pipeline_id=36 task_id=237 operator_id=28 operator_name=HASH_JOIN stage_kind=JOIN operator_type=33 input_type=PARTITIONED output_type=PIPELINEABLE actual_gpu=0 pipeline_operator_count=1 input_batches=2 input_rows=6391412 input_columns=10 input_bytes=228304040 output_batches=1 output_rows=246958 output_columns=5 output_bytes=8890488 byte_ratio=0.038941 row_ratio=0.038639 duration_us=17664
[2026-07-01 12:07:31.915] [info] [task_scheduler.cpp:367] [mgpu-audit] pipeline_task dispatched to GPU 0 task_id=241
[2026-07-01 12:07:31.915] [info] [task_scheduler.cpp:369] [locality-audit] dispatch task_id=241 preferred_device=0 actual_gpu=0
[2026-07-01 12:07:31.915] [info] [gpu_pipeline_task.cpp:182] [locality-audit] prepare_before pipeline_id=36 task_id=240 preferred_device=0 actual_gpu=0 target_tier=GPU target_device=0 input_bytes=228361440 local_bytes=228361440 remote_gpu_bytes=0 host_bytes=0 disk_bytes=0 batch_count=2
[2026-07-01 12:07:31.915] [info] [gpu_pipeline_task.cpp:182] [locality-audit] prepare_after pipeline_id=36 task_id=240 preferred_device=0 actual_gpu=0 target_tier=GPU target_device=0 input_bytes=228361440 local_bytes=228361440 remote_gpu_bytes=0 host_bytes=0 disk_bytes=0 batch_count=2
[2026-07-01 12:07:31.915] [info] [gpu_pipeline_task.cpp:311] [stage-audit] pipeline_id=36 task_id=274 operator_id=28 operator_name=HASH_JOIN stage_kind=JOIN operator_type=33 input_type=PARTITIONED output_type=PIPELINEABLE actual_gpu=2 pipeline_operator_count=1 input_batches=2 input_rows=6389697 input_columns=10 input_bytes=228227160 output_batches=1 output_rows=249249 output_columns=5 output_bytes=8972964 byte_ratio=0.039316 row_ratio=0.039008 duration_us=18809
[2026-07-01 12:07:31.915] [info] [task_scheduler.cpp:367] [mgpu-audit] pipeline_task dispatched to GPU 2 task_id=278
[2026-07-01 12:07:31.915] [info] [task_scheduler.cpp:369] [locality-audit] dispatch task_id=278 preferred_device=2 actual_gpu=2
[2026-07-01 12:07:31.915] [info] [gpu_pipeline_task.cpp:182] [locality-audit] prepare_before pipeline_id=36 task_id=277 preferred_device=2 actual_gpu=2 target_tier=GPU target_device=2 input_bytes=556928680 local_bytes=556928680 remote_gpu_bytes=0 host_bytes=0 disk_bytes=0 batch_count=2
[2026-07-01 12:07:31.915] [info] [gpu_pipeline_task.cpp:182] [locality-audit] prepare_after pipeline_id=36 task_id=277 preferred_device=2 actual_gpu=2 target_tier=GPU target_device=2 input_bytes=556928680 local_bytes=556928680 remote_gpu_bytes=0 host_bytes=0 disk_bytes=0 batch_count=2
[2026-07-01 12:07:31.916] [info] [gpu_pipeline_task.cpp:311] [stage-audit] pipeline_id=36 task_id=273 operator_id=28 operator_name=HASH_JOIN stage_kind=JOIN operator_type=33 input_type=PARTITIONED output_type=PIPELINEABLE actual_gpu=2 pipeline_operator_count=1 input_batches=2 input_rows=14603801 input_columns=10 input_bytes=556791320 output_batches=1 output_rows=751707 output_columns=5 output_bytes=27061452 byte_ratio=0.048603 row_ratio=0.051473 duration_us=20829
[2026-07-01 12:07:31.916] [info] [task_scheduler.cpp:367] [mgpu-audit] pipeline_task dispatched to GPU 2 task_id=279
[2026-07-01 12:07:31.916] [info] [task_scheduler.cpp:369] [locality-audit] dispatch task_id=279 preferred_device=2 actual_gpu=2
[2026-07-01 12:07:31.916] [info] [gpu_pipeline_task.cpp:182] [locality-audit] prepare_before pipeline_id=36 task_id=278 preferred_device=2 actual_gpu=2 target_tier=GPU target_device=2 input_bytes=392299840 local_bytes=392299840 remote_gpu_bytes=0 host_bytes=0 disk_bytes=0 batch_count=2
[2026-07-01 12:07:31.916] [info] [gpu_pipeline_task.cpp:182] [locality-audit] prepare_after pipeline_id=36 task_id=278 preferred_device=2 actual_gpu=2 target_tier=GPU target_device=2 input_bytes=392299840 local_bytes=392299840 remote_gpu_bytes=0 host_bytes=0 disk_bytes=0 batch_count=2
[2026-07-01 12:07:31.919] [info] [gpu_pipeline_task.cpp:311] [stage-audit] pipeline_id=36 task_id=236 operator_id=28 operator_name=HASH_JOIN stage_kind=JOIN operator_type=33 input_type=PARTITIONED output_type=PIPELINEABLE actual_gpu=0 pipeline_operator_count=1 input_batches=2 input_rows=14624150 input_columns=10 input_bytes=557613560 output_batches=1 output_rows=751883 output_columns=5 output_bytes=27067788 byte_ratio=0.048542 row_ratio=0.051414 duration_us=22780
[2026-07-01 12:07:31.920] [info] [task_scheduler.cpp:367] [mgpu-audit] pipeline_task dispatched to GPU 0 task_id=242
[2026-07-01 12:07:31.920] [info] [task_scheduler.cpp:369] [locality-audit] dispatch task_id=242 preferred_device=0 actual_gpu=0
[2026-07-01 12:07:31.920] [info] [gpu_pipeline_task.cpp:182] [locality-audit] prepare_before pipeline_id=36 task_id=241 preferred_device=0 actual_gpu=0 target_tier=GPU target_device=0 input_bytes=556737040 local_bytes=556737040 remote_gpu_bytes=0 host_bytes=0 disk_bytes=0 batch_count=2
[2026-07-01 12:07:31.920] [info] [gpu_pipeline_task.cpp:182] [locality-audit] prepare_after pipeline_id=36 task_id=241 preferred_device=0 actual_gpu=0 target_tier=GPU target_device=0 input_bytes=556737040 local_bytes=556737040 remote_gpu_bytes=0 host_bytes=0 disk_bytes=0 batch_count=2
[2026-07-01 12:07:31.920] [info] [gpu_pipeline_task.cpp:311] [stage-audit] pipeline_id=36 task_id=254 operator_id=28 operator_name=HASH_JOIN stage_kind=JOIN operator_type=33 input_type=PARTITIONED output_type=PIPELINEABLE actual_gpu=1 pipeline_operator_count=1 input_batches=2 input_rows=14615328 input_columns=10 input_bytes=557224032 output_batches=1 output_rows=749079 output_columns=5 output_bytes=26966844 byte_ratio=0.048395 row_ratio=0.051253 duration_us=20404
[2026-07-01 12:07:31.920] [info] [task_scheduler.cpp:367] [mgpu-audit] pipeline_task dispatched to GPU 1 task_id=259
[2026-07-01 12:07:31.920] [info] [task_scheduler.cpp:369] [locality-audit] dispatch task_id=259 preferred_device=1 actual_gpu=1
[2026-07-01 12:07:31.920] [info] [gpu_pipeline_task.cpp:182] [locality-audit] prepare_before pipeline_id=36 task_id=258 preferred_device=1 actual_gpu=1 target_tier=GPU target_device=1 input_bytes=228575432 local_bytes=228575432 remote_gpu_bytes=0 host_bytes=0 disk_bytes=0 batch_count=2
[2026-07-01 12:07:31.920] [info] [gpu_pipeline_task.cpp:182] [locality-audit] prepare_after pipeline_id=36 task_id=258 preferred_device=1 actual_gpu=1 target_tier=GPU target_device=1 input_bytes=228575432 local_bytes=228575432 remote_gpu_bytes=0 host_bytes=0 disk_bytes=0 batch_count=2
[2026-07-01 12:07:31.920] [info] [gpu_pipeline_task.cpp:311] [stage-audit] pipeline_id=36 task_id=238 operator_id=28 operator_name=HASH_JOIN stage_kind=JOIN operator_type=33 input_type=PARTITIONED output_type=PIPELINEABLE actual_gpu=0 pipeline_operator_count=1 input_batches=2 input_rows=14600707 input_columns=10 input_bytes=556675840 output_batches=1 output_rows=747387 output_columns=5 output_bytes=26905932 byte_ratio=0.048333 row_ratio=0.051188 duration_us=21306
[2026-07-01 12:07:31.920] [info] [task_scheduler.cpp:367] [mgpu-audit] pipeline_task dispatched to GPU 0 task_id=243
[2026-07-01 12:07:31.920] [info] [task_scheduler.cpp:369] [locality-audit] dispatch task_id=243 preferred_device=0 actual_gpu=0
[2026-07-01 12:07:31.920] [info] [gpu_pipeline_task.cpp:182] [locality-audit] prepare_before pipeline_id=36 task_id=242 preferred_device=0 actual_gpu=0 target_tier=GPU target_device=0 input_bytes=556942280 local_bytes=556942280 remote_gpu_bytes=0 host_bytes=0 disk_bytes=0 batch_count=2
[2026-07-01 12:07:31.920] [info] [gpu_pipeline_task.cpp:182] [locality-audit] prepare_after pipeline_id=36 task_id=242 preferred_device=0 actual_gpu=0 target_tier=GPU target_device=0 input_bytes=556942280 local_bytes=556942280 remote_gpu_bytes=0 host_bytes=0 disk_bytes=0 batch_count=2
[2026-07-01 12:07:31.923] [info] [gpu_pipeline_task.cpp:311] [stage-audit] pipeline_id=36 task_id=290 operator_id=28 operator_name=HASH_JOIN stage_kind=JOIN operator_type=33 input_type=PARTITIONED output_type=PIPELINEABLE actual_gpu=3 pipeline_operator_count=1 input_batches=2 input_rows=14641018 input_columns=10 input_bytes=558236656 output_batches=1 output_rows=753181 output_columns=5 output_bytes=27114516 byte_ratio=0.048572 row_ratio=0.051443 duration_us=24032
[2026-07-01 12:07:31.923] [info] [task_scheduler.cpp:367] [mgpu-audit] pipeline_task dispatched to GPU 3 task_id=295
[2026-07-01 12:07:31.923] [info] [task_scheduler.cpp:369] [locality-audit] dispatch task_id=295 preferred_device=3 actual_gpu=3
[2026-07-01 12:07:31.923] [info] [gpu_pipeline_task.cpp:182] [locality-audit] prepare_before pipeline_id=36 task_id=294 preferred_device=3 actual_gpu=3 target_tier=GPU target_device=3 input_bytes=557708176 local_bytes=557708176 remote_gpu_bytes=0 host_bytes=0 disk_bytes=0 batch_count=2
[2026-07-01 12:07:31.923] [info] [gpu_pipeline_task.cpp:182] [locality-audit] prepare_after pipeline_id=36 task_id=294 preferred_device=3 actual_gpu=3 target_tier=GPU target_device=3 input_bytes=557708176 local_bytes=557708176 remote_gpu_bytes=0 host_bytes=0 disk_bytes=0 batch_count=2
[2026-07-01 12:07:31.924] [info] [gpu_pipeline_task.cpp:311] [stage-audit] pipeline_id=36 task_id=239 operator_id=28 operator_name=HASH_JOIN stage_kind=JOIN operator_type=33 input_type=PARTITIONED output_type=PIPELINEABLE actual_gpu=0 pipeline_operator_count=1 input_batches=2 input_rows=6391451 input_columns=10 input_bytes=228305600 output_batches=1 output_rows=249049 output_columns=5 output_bytes=8965764 byte_ratio=0.039271 row_ratio=0.038966 duration_us=21720
[2026-07-01 12:07:31.924] [info] [task_scheduler.cpp:367] [mgpu-audit] pipeline_task dispatched to GPU 0 task_id=244
[2026-07-01 12:07:31.924] [info] [task_scheduler.cpp:369] [locality-audit] dispatch task_id=244 preferred_device=0 actual_gpu=0
[2026-07-01 12:07:31.924] [info] [gpu_pipeline_task.cpp:182] [locality-audit] prepare_before pipeline_id=36 task_id=243 preferred_device=0 actual_gpu=0 target_tier=GPU target_device=0 input_bytes=392999320 local_bytes=392999320 remote_gpu_bytes=0 host_bytes=0 disk_bytes=0 batch_count=2
[2026-07-01 12:07:31.924] [info] [gpu_pipeline_task.cpp:182] [locality-audit] prepare_after pipeline_id=36 task_id=243 preferred_device=0 actual_gpu=0 target_tier=GPU target_device=0 input_bytes=392999320 local_bytes=392999320 remote_gpu_bytes=0 host_bytes=0 disk_bytes=0 batch_count=2
[2026-07-01 12:07:31.924] [info] [gpu_pipeline_task.cpp:311] [stage-audit] pipeline_id=36 task_id=255 operator_id=28 operator_name=HASH_JOIN stage_kind=JOIN operator_type=33 input_type=PARTITIONED output_type=PIPELINEABLE actual_gpu=1 pipeline_operator_count=1 input_batches=2 input_rows=6390402 input_columns=10 input_bytes=228226992 output_batches=1 output_rows=250287 output_columns=5 output_bytes=9010332 byte_ratio=0.039480 row_ratio=0.039166 duration_us=22298
[2026-07-01 12:07:31.924] [info] [task_scheduler.cpp:367] [mgpu-audit] pipeline_task dispatched to GPU 1 task_id=260
[2026-07-01 12:07:31.924] [info] [task_scheduler.cpp:369] [locality-audit] dispatch task_id=260 preferred_device=1 actual_gpu=1
[2026-07-01 12:07:31.924] [info] [gpu_pipeline_task.cpp:182] [locality-audit] prepare_before pipeline_id=36 task_id=259 preferred_device=1 actual_gpu=1 target_tier=GPU target_device=1 input_bytes=557142992 local_bytes=557142992 remote_gpu_bytes=0 host_bytes=0 disk_bytes=0 batch_count=2
[2026-07-01 12:07:31.924] [info] [gpu_pipeline_task.cpp:182] [locality-audit] prepare_after pipeline_id=36 task_id=259 preferred_device=1 actual_gpu=1 target_tier=GPU target_device=1 input_bytes=557142992 local_bytes=557142992 remote_gpu_bytes=0 host_bytes=0 disk_bytes=0 batch_count=2
[2026-07-01 12:07:31.925] [info] [gpu_pipeline_task.cpp:311] [stage-audit] pipeline_id=36 task_id=292 operator_id=28 operator_name=HASH_JOIN stage_kind=JOIN operator_type=33 input_type=PARTITIONED output_type=PIPELINEABLE actual_gpu=3 pipeline_operator_count=1 input_batches=2 input_rows=14604754 input_columns=10 input_bytes=556786096 output_batches=1 output_rows=750211 output_columns=5 output_bytes=27007596 byte_ratio=0.048506 row_ratio=0.051368 duration_us=18353
[2026-07-01 12:07:31.925] [info] [task_scheduler.cpp:367] [mgpu-audit] pipeline_task dispatched to GPU 3 task_id=296
[2026-07-01 12:07:31.925] [info] [task_scheduler.cpp:369] [locality-audit] dispatch task_id=296 preferred_device=3 actual_gpu=3
[2026-07-01 12:07:31.925] [info] [gpu_pipeline_task.cpp:182] [locality-audit] prepare_before pipeline_id=36 task_id=295 preferred_device=3 actual_gpu=3 target_tier=GPU target_device=3 input_bytes=228105896 local_bytes=228105896 remote_gpu_bytes=0 host_bytes=0 disk_bytes=0 batch_count=2
[2026-07-01 12:07:31.925] [info] [gpu_pipeline_task.cpp:182] [locality-audit] prepare_after pipeline_id=36 task_id=295 preferred_device=3 actual_gpu=3 target_tier=GPU target_device=3 input_bytes=228105896 local_bytes=228105896 remote_gpu_bytes=0 host_bytes=0 disk_bytes=0 batch_count=2
[2026-07-01 12:07:31.926] [info] [gpu_pipeline_task.cpp:311] [stage-audit] pipeline_id=36 task_id=291 operator_id=28 operator_name=HASH_JOIN stage_kind=JOIN operator_type=33 input_type=PARTITIONED output_type=PIPELINEABLE actual_gpu=3 pipeline_operator_count=1 input_batches=2 input_rows=6399983 input_columns=10 input_bytes=228595256 output_batches=1 output_rows=250126 output_columns=5 output_bytes=9004536 byte_ratio=0.039391 row_ratio=0.039082 duration_us=20400
[2026-07-01 12:07:31.926] [info] [task_scheduler.cpp:367] [mgpu-audit] pipeline_task dispatched to GPU 3 task_id=297
[2026-07-01 12:07:31.926] [info] [task_scheduler.cpp:369] [locality-audit] dispatch task_id=297 preferred_device=3 actual_gpu=3
[2026-07-01 12:07:31.926] [info] [gpu_pipeline_task.cpp:182] [locality-audit] prepare_before pipeline_id=36 task_id=296 preferred_device=3 actual_gpu=3 target_tier=GPU target_device=3 input_bytes=393029016 local_bytes=393029016 remote_gpu_bytes=0 host_bytes=0 disk_bytes=0 batch_count=2
[2026-07-01 12:07:31.926] [info] [gpu_pipeline_task.cpp:182] [locality-audit] prepare_after pipeline_id=36 task_id=296 preferred_device=3 actual_gpu=3 target_tier=GPU target_device=3 input_bytes=393029016 local_bytes=393029016 remote_gpu_bytes=0 host_bytes=0 disk_bytes=0 batch_count=2
[2026-07-01 12:07:31.931] [info] [gpu_pipeline_task.cpp:311] [stage-audit] pipeline_id=36 task_id=256 operator_id=28 operator_name=HASH_JOIN stage_kind=JOIN operator_type=33 input_type=PARTITIONED output_type=PIPELINEABLE actual_gpu=1 pipeline_operator_count=1 input_batches=2 input_rows=14616401 input_columns=10 input_bytes=557266952 output_batches=1 output_rows=750276 output_columns=5 output_bytes=27009936 byte_ratio=0.048469 row_ratio=0.051331 duration_us=27296
[2026-07-01 12:07:31.931] [info] [gpu_pipeline_task.cpp:182] [locality-audit] prepare_before pipeline_id=36 task_id=260 preferred_device=1 actual_gpu=1 target_tier=GPU target_device=1 input_bytes=557247792 local_bytes=557247792 remote_gpu_bytes=0 host_bytes=0 disk_bytes=0 batch_count=2
[2026-07-01 12:07:31.931] [info] [gpu_pipeline_task.cpp:182] [locality-audit] prepare_after pipeline_id=36 task_id=260 preferred_device=1 actual_gpu=1 target_tier=GPU target_device=1 input_bytes=557247792 local_bytes=557247792 remote_gpu_bytes=0 host_bytes=0 disk_bytes=0 batch_count=2
[2026-07-01 12:07:31.931] [info] [task_scheduler.cpp:367] [mgpu-audit] pipeline_task dispatched to GPU 1 task_id=261
[2026-07-01 12:07:31.931] [info] [task_scheduler.cpp:369] [locality-audit] dispatch task_id=261 preferred_device=1 actual_gpu=1
[2026-07-01 12:07:31.932] [info] [gpu_pipeline_task.cpp:311] [stage-audit] pipeline_id=36 task_id=293 operator_id=28 operator_name=HASH_JOIN stage_kind=JOIN operator_type=33 input_type=PARTITIONED output_type=PIPELINEABLE actual_gpu=3 pipeline_operator_count=1 input_batches=2 input_rows=6393906 input_columns=10 input_bytes=228352176 output_batches=1 output_rows=251904 output_columns=5 output_bytes=9068544 byte_ratio=0.039713 row_ratio=0.039398 duration_us=23639
[2026-07-01 12:07:31.932] [info] [task_scheduler.cpp:367] [mgpu-audit] pipeline_task dispatched to GPU 3 task_id=298
[2026-07-01 12:07:31.932] [info] [task_scheduler.cpp:369] [locality-audit] dispatch task_id=298 preferred_device=3 actual_gpu=3
[2026-07-01 12:07:31.932] [info] [gpu_pipeline_task.cpp:182] [locality-audit] prepare_before pipeline_id=36 task_id=297 preferred_device=3 actual_gpu=3 target_tier=GPU target_device=3 input_bytes=557580136 local_bytes=557580136 remote_gpu_bytes=0 host_bytes=0 disk_bytes=0 batch_count=2
[2026-07-01 12:07:31.932] [info] [gpu_pipeline_task.cpp:182] [locality-audit] prepare_after pipeline_id=36 task_id=297 preferred_device=3 actual_gpu=3 target_tier=GPU target_device=3 input_bytes=557580136 local_bytes=557580136 remote_gpu_bytes=0 host_bytes=0 disk_bytes=0 batch_count=2
[2026-07-01 12:07:31.933] [info] [gpu_pipeline_task.cpp:311] [stage-audit] pipeline_id=36 task_id=257 operator_id=28 operator_name=HASH_JOIN stage_kind=JOIN operator_type=33 input_type=PARTITIONED output_type=PIPELINEABLE actual_gpu=1 pipeline_operator_count=1 input_batches=2 input_rows=6391671 input_columns=10 input_bytes=228277752 output_batches=1 output_rows=252023 output_columns=5 output_bytes=9072828 byte_ratio=0.039745 row_ratio=0.039430 duration_us=22449
[2026-07-01 12:07:31.933] [info] [gpu_pipeline_task.cpp:311] [stage-audit] pipeline_id=36 task_id=275 operator_id=28 operator_name=HASH_JOIN stage_kind=JOIN operator_type=33 input_type=PARTITIONED output_type=PIPELINEABLE actual_gpu=2 pipeline_operator_count=1 input_batches=2 input_rows=14605059 input_columns=10 input_bytes=556841640 output_batches=1 output_rows=748899 output_columns=5 output_bytes=26960364 byte_ratio=0.048417 row_ratio=0.051277 duration_us=20046
[2026-07-01 12:07:31.933] [info] [gpu_pipeline_task.cpp:311] [stage-audit] pipeline_id=36 task_id=276 operator_id=28 operator_name=HASH_JOIN stage_kind=JOIN operator_type=33 input_type=PARTITIONED output_type=PIPELINEABLE actual_gpu=2 pipeline_operator_count=1 input_batches=2 input_rows=6387265 input_columns=10 input_bytes=228129880 output_batches=1 output_rows=250736 output_columns=5 output_bytes=9026496 byte_ratio=0.039567 row_ratio=0.039256 duration_us=19740
[2026-07-01 12:07:31.933] [info] [task_scheduler.cpp:367] [mgpu-audit] pipeline_task dispatched to GPU 2 task_id=280
[2026-07-01 12:07:31.933] [info] [task_scheduler.cpp:369] [locality-audit] dispatch task_id=280 preferred_device=2 actual_gpu=2
[2026-07-01 12:07:31.933] [info] [gpu_pipeline_task.cpp:182] [locality-audit] prepare_before pipeline_id=36 task_id=279 preferred_device=2 actual_gpu=2 target_tier=GPU target_device=2 input_bytes=556750560 local_bytes=556750560 remote_gpu_bytes=0 host_bytes=0 disk_bytes=0 batch_count=2
[2026-07-01 12:07:31.933] [info] [task_scheduler.cpp:367] [mgpu-audit] pipeline_task dispatched to GPU 2 task_id=281
[2026-07-01 12:07:31.933] [info] [task_scheduler.cpp:369] [locality-audit] dispatch task_id=281 preferred_device=2 actual_gpu=2
[2026-07-01 12:07:31.933] [info] [gpu_pipeline_task.cpp:182] [locality-audit] prepare_after pipeline_id=36 task_id=279 preferred_device=2 actual_gpu=2 target_tier=GPU target_device=2 input_bytes=556750560 local_bytes=556750560 remote_gpu_bytes=0 host_bytes=0 disk_bytes=0 batch_count=2
[2026-07-01 12:07:31.933] [info] [gpu_pipeline_task.cpp:182] [locality-audit] prepare_before pipeline_id=36 task_id=280 preferred_device=2 actual_gpu=2 target_tier=GPU target_device=2 input_bytes=146206200 local_bytes=146206200 remote_gpu_bytes=0 host_bytes=0 disk_bytes=0 batch_count=2
[2026-07-01 12:07:31.934] [info] [gpu_pipeline_task.cpp:182] [locality-audit] prepare_after pipeline_id=36 task_id=280 preferred_device=2 actual_gpu=2 target_tier=GPU target_device=2 input_bytes=146206200 local_bytes=146206200 remote_gpu_bytes=0 host_bytes=0 disk_bytes=0 batch_count=2
[2026-07-01 12:07:31.935] [info] [task_scheduler.cpp:367] [mgpu-audit] pipeline_task dispatched to GPU 1 task_id=262
[2026-07-01 12:07:31.935] [info] [gpu_pipeline_task.cpp:311] [stage-audit] pipeline_id=36 task_id=258 operator_id=28 operator_name=HASH_JOIN stage_kind=JOIN operator_type=33 input_type=PARTITIONED output_type=PIPELINEABLE actual_gpu=1 pipeline_operator_count=1 input_batches=2 input_rows=6399113 input_columns=10 input_bytes=228575432 output_batches=1 output_rows=249448 output_columns=5 output_bytes=8980128 byte_ratio=0.039287 row_ratio=0.038982 duration_us=15191
[2026-07-01 12:07:31.935] [info] [gpu_pipeline_task.cpp:182] [locality-audit] prepare_before pipeline_id=36 task_id=261 preferred_device=1 actual_gpu=1 target_tier=GPU target_device=1 input_bytes=392492952 local_bytes=392492952 remote_gpu_bytes=0 host_bytes=0 disk_bytes=0 batch_count=2
[2026-07-01 12:07:31.935] [info] [task_scheduler.cpp:369] [locality-audit] dispatch task_id=262 preferred_device=1 actual_gpu=1
[2026-07-01 12:07:31.935] [info] [gpu_pipeline_task.cpp:182] [locality-audit] prepare_after pipeline_id=36 task_id=261 preferred_device=1 actual_gpu=1 target_tier=GPU target_device=1 input_bytes=392492952 local_bytes=392492952 remote_gpu_bytes=0 host_bytes=0 disk_bytes=0 batch_count=2
[2026-07-01 12:07:31.935] [info] [task_scheduler.cpp:367] [mgpu-audit] pipeline_task dispatched to GPU 1 task_id=263
[2026-07-01 12:07:31.935] [info] [task_scheduler.cpp:369] [locality-audit] dispatch task_id=263 preferred_device=1 actual_gpu=1
[2026-07-01 12:07:31.935] [info] [gpu_pipeline_task.cpp:182] [locality-audit] prepare_before pipeline_id=36 task_id=262 preferred_device=1 actual_gpu=1 target_tier=GPU target_device=1 input_bytes=146030032 local_bytes=146030032 remote_gpu_bytes=0 host_bytes=0 disk_bytes=0 batch_count=2
[2026-07-01 12:07:31.935] [info] [gpu_pipeline_task.cpp:182] [locality-audit] prepare_after pipeline_id=36 task_id=262 preferred_device=1 actual_gpu=1 target_tier=GPU target_device=1 input_bytes=146030032 local_bytes=146030032 remote_gpu_bytes=0 host_bytes=0 disk_bytes=0 batch_count=2
[2026-07-01 12:07:31.936] [info] [gpu_pipeline_task.cpp:311] [stage-audit] pipeline_id=36 task_id=278 operator_id=28 operator_name=HASH_JOIN stage_kind=JOIN operator_type=33 input_type=PARTITIONED output_type=PIPELINEABLE actual_gpu=2 pipeline_operator_count=1 input_batches=2 input_rows=10491514 input_columns=10 input_bytes=392299840 output_batches=1 output_rows=498926 output_columns=5 output_bytes=17961336 byte_ratio=0.045785 row_ratio=0.047555 duration_us=20215
[2026-07-01 12:07:31.936] [info] [gpu_pipeline_task.cpp:182] [locality-audit] prepare_before pipeline_id=36 task_id=281 preferred_device=2 actual_gpu=2 target_tier=GPU target_device=2 input_bytes=557252160 local_bytes=557252160 remote_gpu_bytes=0 host_bytes=0 disk_bytes=0 batch_count=2
[2026-07-01 12:07:31.936] [info] [gpu_pipeline_task.cpp:182] [locality-audit] prepare_after pipeline_id=36 task_id=281 preferred_device=2 actual_gpu=2 target_tier=GPU target_device=2 input_bytes=557252160 local_bytes=557252160 remote_gpu_bytes=0 host_bytes=0 disk_bytes=0 batch_count=2
[2026-07-01 12:07:31.936] [info] [gpu_pipeline_task.cpp:311] [stage-audit] pipeline_id=36 task_id=277 operator_id=28 operator_name=HASH_JOIN stage_kind=JOIN operator_type=33 input_type=PARTITIONED output_type=PIPELINEABLE actual_gpu=2 pipeline_operator_count=1 input_batches=2 input_rows=14607235 input_columns=10 input_bytes=556928680 output_batches=1 output_rows=749025 output_columns=5 output_bytes=26964900 byte_ratio=0.048417 row_ratio=0.051278 duration_us=21030
[2026-07-01 12:07:31.940] [info] [gpu_pipeline_task.cpp:311] [stage-audit] pipeline_id=36 task_id=240 operator_id=28 operator_name=HASH_JOIN stage_kind=JOIN operator_type=33 input_type=PARTITIONED output_type=PIPELINEABLE actual_gpu=0 pipeline_operator_count=1 input_batches=2 input_rows=6392847 input_columns=10 input_bytes=228361440 output_batches=1 output_rows=249992 output_columns=5 output_bytes=8999712 byte_ratio=0.039410 row_ratio=0.039105 duration_us=24628
[2026-07-01 12:07:31.940] [info] [task_scheduler.cpp:367] [mgpu-audit] pipeline_task dispatched to GPU 0 task_id=245
[2026-07-01 12:07:31.940] [info] [task_scheduler.cpp:369] [locality-audit] dispatch task_id=245 preferred_device=0 actual_gpu=0
[2026-07-01 12:07:31.940] [info] [gpu_pipeline_task.cpp:182] [locality-audit] prepare_before pipeline_id=36 task_id=244 preferred_device=0 actual_gpu=0 target_tier=GPU target_device=0 input_bytes=146210040 local_bytes=146210040 remote_gpu_bytes=0 host_bytes=0 disk_bytes=0 batch_count=2
[2026-07-01 12:07:31.940] [info] [gpu_pipeline_task.cpp:182] [locality-audit] prepare_after pipeline_id=36 task_id=244 preferred_device=0 actual_gpu=0 target_tier=GPU target_device=0 input_bytes=146210040 local_bytes=146210040 remote_gpu_bytes=0 host_bytes=0 disk_bytes=0 batch_count=2
[2026-07-01 12:07:31.941] [info] [gpu_pipeline_task.cpp:311] [stage-audit] pipeline_id=36 task_id=294 operator_id=28 operator_name=HASH_JOIN stage_kind=JOIN operator_type=33 input_type=PARTITIONED output_type=PIPELINEABLE actual_gpu=3 pipeline_operator_count=1 input_batches=2 input_rows=14627806 input_columns=10 input_bytes=557708176 output_batches=1 output_rows=749438 output_columns=5 output_bytes=26979768 byte_ratio=0.048376 row_ratio=0.051234 duration_us=17875
[2026-07-01 12:07:31.941] [info] [task_scheduler.cpp:367] [mgpu-audit] pipeline_task dispatched to GPU 3 task_id=299
[2026-07-01 12:07:31.941] [info] [task_scheduler.cpp:369] [locality-audit] dispatch task_id=299 preferred_device=3 actual_gpu=3
[2026-07-01 12:07:31.941] [info] [gpu_pipeline_task.cpp:182] [locality-audit] prepare_before pipeline_id=36 task_id=298 preferred_device=3 actual_gpu=3 target_tier=GPU target_device=3 input_bytes=146622216 local_bytes=146622216 remote_gpu_bytes=0 host_bytes=0 disk_bytes=0 batch_count=2
[2026-07-01 12:07:31.941] [info] [gpu_pipeline_task.cpp:182] [locality-audit] prepare_after pipeline_id=36 task_id=298 preferred_device=3 actual_gpu=3 target_tier=GPU target_device=3 input_bytes=146622216 local_bytes=146622216 remote_gpu_bytes=0 host_bytes=0 disk_bytes=0 batch_count=2
[2026-07-01 12:07:31.942] [info] [gpu_pipeline_task.cpp:311] [stage-audit] pipeline_id=36 task_id=241 operator_id=28 operator_name=HASH_JOIN stage_kind=JOIN operator_type=33 input_type=PARTITIONED output_type=PIPELINEABLE actual_gpu=0 pipeline_operator_count=1 input_batches=2 input_rows=14602237 input_columns=10 input_bytes=556737040 output_batches=1 output_rows=747090 output_columns=5 output_bytes=26895240 byte_ratio=0.048309 row_ratio=0.051163 duration_us=22496
[2026-07-01 12:07:31.942] [info] [gpu_pipeline_task.cpp:182] [locality-audit] prepare_before pipeline_id=36 task_id=245 preferred_device=0 actual_gpu=0 target_tier=GPU target_device=0 input_bytes=557051360 local_bytes=557051360 remote_gpu_bytes=0 host_bytes=0 disk_bytes=0 batch_count=2
[2026-07-01 12:07:31.942] [info] [gpu_pipeline_task.cpp:182] [locality-audit] prepare_after pipeline_id=36 task_id=245 preferred_device=0 actual_gpu=0 target_tier=GPU target_device=0 input_bytes=557051360 local_bytes=557051360 remote_gpu_bytes=0 host_bytes=0 disk_bytes=0 batch_count=2
[2026-07-01 12:07:31.942] [info] [gpu_pipeline_task.cpp:311] [stage-audit] pipeline_id=36 task_id=259 operator_id=28 operator_name=HASH_JOIN stage_kind=JOIN operator_type=33 input_type=PARTITIONED output_type=PIPELINEABLE actual_gpu=1 pipeline_operator_count=1 input_batches=2 input_rows=14613302 input_columns=10 input_bytes=557142992 output_batches=1 output_rows=749198 output_columns=5 output_bytes=26971128 byte_ratio=0.048410 row_ratio=0.051268 duration_us=18093
[2026-07-01 12:07:31.943] [info] [task_scheduler.cpp:367] [mgpu-audit] pipeline_task dispatched to GPU 1 task_id=300
[2026-07-01 12:07:31.943] [info] [task_scheduler.cpp:369] [locality-audit] dispatch task_id=300 preferred_device=1 actual_gpu=1
[2026-07-01 12:07:31.943] [info] [gpu_pipeline_task.cpp:182] [locality-audit] prepare_before pipeline_id=36 task_id=263 preferred_device=1 actual_gpu=1 target_tier=GPU target_device=1 input_bytes=557027472 local_bytes=557027472 remote_gpu_bytes=0 host_bytes=0 disk_bytes=0 batch_count=2
[2026-07-01 12:07:31.943] [info] [gpu_pipeline_task.cpp:182] [locality-audit] prepare_after pipeline_id=36 task_id=263 preferred_device=1 actual_gpu=1 target_tier=GPU target_device=1 input_bytes=557027472 local_bytes=557027472 remote_gpu_bytes=0 host_bytes=0 disk_bytes=0 batch_count=2
[2026-07-01 12:07:31.943] [info] [gpu_pipeline_task.cpp:311] [stage-audit] pipeline_id=36 task_id=242 operator_id=28 operator_name=HASH_JOIN stage_kind=JOIN operator_type=33 input_type=PARTITIONED output_type=PIPELINEABLE actual_gpu=0 pipeline_operator_count=1 input_batches=2 input_rows=14607368 input_columns=10 input_bytes=556942280 output_batches=1 output_rows=752480 output_columns=5 output_bytes=27089280 byte_ratio=0.048639 row_ratio=0.051514 duration_us=22772
[2026-07-01 12:07:31.943] [info] [gpu_pipeline_task.cpp:311] [stage-audit] pipeline_id=36 task_id=296 operator_id=28 operator_name=HASH_JOIN stage_kind=JOIN operator_type=33 input_type=PARTITIONED output_type=PIPELINEABLE actual_gpu=3 pipeline_operator_count=1 input_batches=2 input_rows=10510827 input_columns=10 input_bytes=393029016 output_batches=1 output_rows=497593 output_columns=5 output_bytes=17913348 byte_ratio=0.045578 row_ratio=0.047341 duration_us=17347
[2026-07-01 12:07:31.943] [info] [gpu_pipeline_task.cpp:182] [locality-audit] prepare_before pipeline_id=36 task_id=299 preferred_device=3 actual_gpu=3 target_tier=GPU target_device=3 input_bytes=557162176 local_bytes=557162176 remote_gpu_bytes=0 host_bytes=0 disk_bytes=0 batch_count=2
[2026-07-01 12:07:31.943] [info] [gpu_pipeline_task.cpp:182] [locality-audit] prepare_after pipeline_id=36 task_id=299 preferred_device=3 actual_gpu=3 target_tier=GPU target_device=3 input_bytes=557162176 local_bytes=557162176 remote_gpu_bytes=0 host_bytes=0 disk_bytes=0 batch_count=2
[2026-07-01 12:07:31.944] [info] [gpu_pipeline_task.cpp:311] [stage-audit] pipeline_id=36 task_id=243 operator_id=28 operator_name=HASH_JOIN stage_kind=JOIN operator_type=33 input_type=PARTITIONED output_type=PIPELINEABLE actual_gpu=0 pipeline_operator_count=1 input_batches=2 input_rows=10508794 input_columns=10 input_bytes=392999320 output_batches=1 output_rows=500390 output_columns=5 output_bytes=18014040 byte_ratio=0.045837 row_ratio=0.047616 duration_us=20500
[2026-07-01 12:07:31.946] [info] [gpu_pipeline_task.cpp:311] [stage-audit] pipeline_id=36 task_id=295 operator_id=28 operator_name=HASH_JOIN stage_kind=JOIN operator_type=33 input_type=PARTITIONED output_type=PIPELINEABLE actual_gpu=3 pipeline_operator_count=1 input_batches=2 input_rows=6387749 input_columns=10 input_bytes=228105896 output_batches=1 output_rows=250433 output_columns=5 output_bytes=9015588 byte_ratio=0.039524 row_ratio=0.039205 duration_us=21030
[2026-07-01 12:07:31.950] [info] [gpu_pipeline_task.cpp:311] [stage-audit] pipeline_id=36 task_id=280 operator_id=28 operator_name=HASH_JOIN stage_kind=JOIN operator_type=33 input_type=PARTITIONED output_type=PIPELINEABLE actual_gpu=2 pipeline_operator_count=1 input_batches=2 input_rows=4339173 input_columns=10 input_bytes=146206200 output_batches=1 output_rows=124391 output_columns=5 output_bytes=4478076 byte_ratio=0.030628 row_ratio=0.028667 duration_us=16461
[2026-07-01 12:07:31.950] [info] [gpu_pipeline_task.cpp:311] [stage-audit] pipeline_id=36 task_id=279 operator_id=28 operator_name=HASH_JOIN stage_kind=JOIN operator_type=33 input_type=PARTITIONED output_type=PIPELINEABLE actual_gpu=2 pipeline_operator_count=1 input_batches=2 input_rows=14602782 input_columns=10 input_bytes=556750560 output_batches=1 output_rows=747647 output_columns=5 output_bytes=26915292 byte_ratio=0.048344 row_ratio=0.051199 duration_us=16524
[2026-07-01 12:07:31.951] [info] [gpu_pipeline_task.cpp:311] [stage-audit] pipeline_id=36 task_id=297 operator_id=28 operator_name=HASH_JOIN stage_kind=JOIN operator_type=33 input_type=PARTITIONED output_type=PIPELINEABLE actual_gpu=3 pipeline_operator_count=1 input_batches=2 input_rows=14624605 input_columns=10 input_bytes=557580136 output_batches=1 output_rows=749305 output_columns=5 output_bytes=26974980 byte_ratio=0.048379 row_ratio=0.051236 duration_us=19358
[2026-07-01 12:07:31.951] [info] [gpu_pipeline_task.cpp:311] [stage-audit] pipeline_id=36 task_id=281 operator_id=28 operator_name=HASH_JOIN stage_kind=JOIN operator_type=33 input_type=PARTITIONED output_type=PIPELINEABLE actual_gpu=2 pipeline_operator_count=1 input_batches=2 input_rows=14615322 input_columns=10 input_bytes=557252160 output_batches=1 output_rows=752482 output_columns=5 output_bytes=27089352 byte_ratio=0.048612 row_ratio=0.051486 duration_us=15328
[2026-07-01 12:07:31.952] [info] [gpu_pipeline_task.cpp:311] [stage-audit] pipeline_id=36 task_id=244 operator_id=28 operator_name=HASH_JOIN stage_kind=JOIN operator_type=33 input_type=PARTITIONED output_type=PIPELINEABLE actual_gpu=0 pipeline_operator_count=1 input_batches=2 input_rows=4339062 input_columns=10 input_bytes=146210040 output_batches=1 output_rows=125086 output_columns=5 output_bytes=4503096 byte_ratio=0.030799 row_ratio=0.028828 duration_us=11570
[2026-07-01 12:07:31.953] [info] [gpu_pipeline_task.cpp:311] [stage-audit] pipeline_id=36 task_id=245 operator_id=28 operator_name=HASH_JOIN stage_kind=JOIN operator_type=33 input_type=PARTITIONED output_type=PIPELINEABLE actual_gpu=0 pipeline_operator_count=1 input_batches=2 input_rows=14610095 input_columns=10 input_bytes=557051360 output_batches=1 output_rows=747019 output_columns=5 output_bytes=26892684 byte_ratio=0.048277 row_ratio=0.051130 duration_us=11044
[2026-07-01 12:07:31.957] [info] [gpu_pipeline_task.cpp:311] [stage-audit] pipeline_id=36 task_id=260 operator_id=28 operator_name=HASH_JOIN stage_kind=JOIN operator_type=33 input_type=PARTITIONED output_type=PIPELINEABLE actual_gpu=1 pipeline_operator_count=1 input_batches=2 input_rows=14615922 input_columns=10 input_bytes=557247792 output_batches=1 output_rows=750866 output_columns=5 output_bytes=27031176 byte_ratio=0.048508 row_ratio=0.051373 duration_us=26075
[2026-07-01 12:07:31.957] [info] [gpu_pipeline_task.cpp:311] [stage-audit] pipeline_id=36 task_id=261 operator_id=28 operator_name=HASH_JOIN stage_kind=JOIN operator_type=33 input_type=PARTITIONED output_type=PIPELINEABLE actual_gpu=1 pipeline_operator_count=1 input_batches=2 input_rows=10497051 input_columns=10 input_bytes=392492952 output_batches=1 output_rows=499161 output_columns=5 output_bytes=17969796 byte_ratio=0.045784 row_ratio=0.047552 duration_us=21769
[2026-07-01 12:07:31.957] [info] [gpu_pipeline_task.cpp:311] [stage-audit] pipeline_id=36 task_id=262 operator_id=28 operator_name=HASH_JOIN stage_kind=JOIN operator_type=33 input_type=PARTITIONED output_type=PIPELINEABLE actual_gpu=1 pipeline_operator_count=1 input_batches=2 input_rows=4335478 input_columns=10 input_bytes=146030032 output_batches=1 output_rows=125553 output_columns=5 output_bytes=4519908 byte_ratio=0.030952 row_ratio=0.028959 duration_us=22074
[2026-07-01 12:07:31.957] [info] [gpu_pipeline_task.cpp:311] [stage-audit] pipeline_id=36 task_id=298 operator_id=28 operator_name=HASH_JOIN stage_kind=JOIN operator_type=33 input_type=PARTITIONED output_type=PIPELINEABLE actual_gpu=3 pipeline_operator_count=1 input_batches=2 input_rows=4350657 input_columns=10 input_bytes=146622216 output_batches=1 output_rows=124964 output_columns=5 output_bytes=4498704 byte_ratio=0.030682 row_ratio=0.028723 duration_us=16052
[2026-07-01 12:07:31.957] [info] [gpu_pipeline_task.cpp:311] [stage-audit] pipeline_id=36 task_id=299 operator_id=28 operator_name=HASH_JOIN stage_kind=JOIN operator_type=33 input_type=PARTITIONED output_type=PIPELINEABLE actual_gpu=3 pipeline_operator_count=1 input_batches=2 input_rows=14614156 input_columns=10 input_bytes=557162176 output_batches=1 output_rows=750683 output_columns=5 output_bytes=27024588 byte_ratio=0.048504 row_ratio=0.051367 duration_us=14121
[2026-07-01 12:07:31.958] [info] [gpu_pipeline_task.cpp:311] [stage-audit] pipeline_id=36 task_id=263 operator_id=28 operator_name=HASH_JOIN stage_kind=JOIN operator_type=33 input_type=PARTITIONED output_type=PIPELINEABLE actual_gpu=1 pipeline_operator_count=1 input_batches=2 input_rows=14610414 input_columns=10 input_bytes=557027472 output_batches=1 output_rows=751652 output_columns=5 output_bytes=27059472 byte_ratio=0.048578 row_ratio=0.051446 duration_us=15167
[2026-07-01 12:07:32.031] [info] [parquet_gpu_ingestible.cpp:696] [scan-audit] parquet_materialize target_gpu=1 files=/mnt/nvme/dataset/part.parquet columns=p_partkey,p_type row_groups=0,1,2,3,4,5,6,7,8,9,10,11,12,13,14,15,16,17,18,19,20,21,22,23,24,25,26,27,28,29,30,31,32,33,34,35,36,37,38,39,40,41,42,43,44,45,46,47,48,49,50,51,52,53,54,55,56,57,58,59,60,61,62,63,64,65,66,67,68,69,70,71,72,73,74,75,76,77,78,79,80,81,82,83,84,85,86,87,88,89,90,91,92,93,94,95,96,97,98,99,100,101,102,103,104,105,106,107,108,109,110,111,112,113,114,115,116,117,118,119,120,121,122,123,124,125,126,127,128,129,130,131,132,133,134,135,136,137,138,139,140,141,142,143,144,145,146,147,148,149,150,151,152,153,154,155,156,157,158,159,160,161,162 compressed_bytes=100343582 uncompressed_bytes=160005053 column_bytes=p_partkey:80056131:160005053,p_type:20287451:20693330 output_rows=133306 output_columns=2 split_count=1 duration_us=73571
[2026-07-01 12:07:32.031] [info] [gpu_pipeline_task.cpp:311] [stage-audit] pipeline_id=21 task_id=300 operator_id=59 operator_name=GPU_SCAN stage_kind=SCAN operator_type=94 input_type=GPU_SCAN output_type=PIPELINEABLE actual_gpu=1 pipeline_operator_count=1 input_batches=0 input_rows=0 input_columns=0 input_bytes=0 output_batches=1 output_rows=133306 output_columns=1 output_bytes=1083152 byte_ratio=0.000000 row_ratio=0.000000 duration_us=74485
[2026-07-01 12:07:32.032] [info] [task_creator.cpp:352] [locality-audit] task_create operator_id=61 input_bytes=1083152 local_bytes=1083152 gpu_source_bytes=1083152 host_source_bytes=0 disk_source_bytes=0 gpu_sources=1 host_sources=0 preferred_device=1
[2026-07-01 12:07:32.032] [info] [task_scheduler.cpp:367] [mgpu-audit] pipeline_task dispatched to GPU 1 task_id=301
[2026-07-01 12:07:32.032] [info] [task_scheduler.cpp:369] [locality-audit] dispatch task_id=301 preferred_device=1 actual_gpu=1
[2026-07-01 12:07:32.033] [info] [gpu_pipeline_task.cpp:182] [locality-audit] prepare_before pipeline_id=22 task_id=301 preferred_device=1 actual_gpu=1 target_tier=GPU target_device=1 input_bytes=1083152 local_bytes=1083152 remote_gpu_bytes=0 host_bytes=0 disk_bytes=0 batch_count=1
[2026-07-01 12:07:32.033] [info] [gpu_pipeline_task.cpp:182] [locality-audit] prepare_after pipeline_id=22 task_id=301 preferred_device=1 actual_gpu=1 target_tier=GPU target_device=1 input_bytes=1083152 local_bytes=1083152 remote_gpu_bytes=0 host_bytes=0 disk_bytes=0 batch_count=1
[2026-07-01 12:07:32.033] [info] [gpu_pipeline_task.cpp:311] [stage-audit] pipeline_id=22 task_id=301 operator_id=61 operator_name=PARTITION stage_kind=PARTITION operator_type=82 input_type=PIPELINEABLE output_type=PIPELINEABLE actual_gpu=1 pipeline_operator_count=1 input_batches=1 input_rows=133306 input_columns=1 input_bytes=1083152 output_batches=1 output_rows=133306 output_columns=1 output_bytes=1083152 byte_ratio=1.000000 row_ratio=1.000000 duration_us=10
[2026-07-01 12:07:32.033] [info] [task_scheduler.cpp:367] [mgpu-audit] pipeline_task dispatched to GPU 0 task_id=302
[2026-07-01 12:07:32.033] [info] [task_scheduler.cpp:369] [locality-audit] dispatch task_id=302 preferred_device=0 actual_gpu=0
[2026-07-01 12:07:32.033] [info] [gpu_pipeline_task.cpp:182] [locality-audit] prepare_before pipeline_id=23 task_id=302 preferred_device=0 actual_gpu=0 target_tier=GPU target_device=0 input_bytes=1083152 local_bytes=0 remote_gpu_bytes=1083152 host_bytes=0 disk_bytes=0 batch_count=1
[2026-07-01 12:07:32.033] [info] [gpu_pipeline_task.cpp:182] [locality-audit] prepare_after pipeline_id=23 task_id=302 preferred_device=0 actual_gpu=0 target_tier=GPU target_device=0 input_bytes=1083152 local_bytes=1083152 remote_gpu_bytes=0 host_bytes=0 disk_bytes=0 batch_count=1
[2026-07-01 12:07:32.033] [info] [gpu_pipeline_task.cpp:311] [stage-audit] pipeline_id=23 task_id=302 operator_id=60 operator_name=CONCAT stage_kind=CONCAT operator_type=83 input_type=PARTITIONED output_type=PARTITIONED actual_gpu=0 pipeline_operator_count=1 input_batches=1 input_rows=133306 input_columns=1 input_bytes=1083152 output_batches=1 output_rows=133306 output_columns=1 output_bytes=1083152 byte_ratio=1.000000 row_ratio=1.000000 duration_us=3
[2026-07-01 12:07:32.033] [info] [task_creator.cpp:352] [locality-audit] task_create operator_id=74 input_bytes=26903664 local_bytes=26903664 gpu_source_bytes=26903664 host_source_bytes=0 disk_source_bytes=0 gpu_sources=1 host_sources=0 preferred_device=2
[2026-07-01 12:07:32.033] [info] [task_creator.cpp:352] [locality-audit] task_create operator_id=74 input_bytes=8994492 local_bytes=8994492 gpu_source_bytes=8994492 host_source_bytes=0 disk_source_bytes=0 gpu_sources=1 host_sources=0 preferred_device=0
[2026-07-01 12:07:32.033] [info] [task_scheduler.cpp:367] [mgpu-audit] pipeline_task dispatched to GPU 2 task_id=303
[2026-07-01 12:07:32.033] [info] [task_scheduler.cpp:369] [locality-audit] dispatch task_id=303 preferred_device=2 actual_gpu=2
[2026-07-01 12:07:32.033] [info] [task_scheduler.cpp:367] [mgpu-audit] pipeline_task dispatched to GPU 0 task_id=304
[2026-07-01 12:07:32.033] [info] [task_creator.cpp:352] [locality-audit] task_create operator_id=74 input_bytes=8992152 local_bytes=8992152 gpu_source_bytes=8992152 host_source_bytes=0 disk_source_bytes=0 gpu_sources=1 host_sources=0 preferred_device=0
[2026-07-01 12:07:32.033] [info] [task_scheduler.cpp:369] [locality-audit] dispatch task_id=304 preferred_device=0 actual_gpu=0
[2026-07-01 12:07:32.033] [info] [task_scheduler.cpp:367] [mgpu-audit] pipeline_task dispatched to GPU 0 task_id=305
[2026-07-01 12:07:32.033] [info] [task_creator.cpp:352] [locality-audit] task_create operator_id=74 input_bytes=26972784 local_bytes=26972784 gpu_source_bytes=26972784 host_source_bytes=0 disk_source_bytes=0 gpu_sources=1 host_sources=0 preferred_device=0
[2026-07-01 12:07:32.033] [info] [task_scheduler.cpp:369] [locality-audit] dispatch task_id=305 preferred_device=0 actual_gpu=0
[2026-07-01 12:07:32.033] [info] [task_creator.cpp:352] [locality-audit] task_create operator_id=74 input_bytes=9002736 local_bytes=9002736 gpu_source_bytes=9002736 host_source_bytes=0 disk_source_bytes=0 gpu_sources=1 host_sources=0 preferred_device=2
[2026-07-01 12:07:32.033] [info] [task_scheduler.cpp:367] [mgpu-audit] pipeline_task dispatched to GPU 0 task_id=306
[2026-07-01 12:07:32.033] [info] [task_scheduler.cpp:369] [locality-audit] dispatch task_id=306 preferred_device=0 actual_gpu=0
[2026-07-01 12:07:32.033] [info] [task_scheduler.cpp:367] [mgpu-audit] pipeline_task dispatched to GPU 2 task_id=307
[2026-07-01 12:07:32.033] [info] [task_creator.cpp:352] [locality-audit] task_create operator_id=74 input_bytes=27072036 local_bytes=27072036 gpu_source_bytes=27072036 host_source_bytes=0 disk_source_bytes=0 gpu_sources=1 host_sources=0 preferred_device=0
[2026-07-01 12:07:32.033] [info] [task_scheduler.cpp:369] [locality-audit] dispatch task_id=307 preferred_device=2 actual_gpu=2
[2026-07-01 12:07:32.033] [info] [gpu_pipeline_task.cpp:182] [locality-audit] prepare_before pipeline_id=37 task_id=303 preferred_device=2 actual_gpu=2 target_tier=GPU target_device=2 input_bytes=26903664 local_bytes=26903664 remote_gpu_bytes=0 host_bytes=0 disk_bytes=0 batch_count=1
[2026-07-01 12:07:32.033] [info] [task_creator.cpp:352] [locality-audit] task_create operator_id=74 input_bytes=9027864 local_bytes=9027864 gpu_source_bytes=9027864 host_source_bytes=0 disk_source_bytes=0 gpu_sources=1 host_sources=0 preferred_device=2
[2026-07-01 12:07:32.033] [info] [task_scheduler.cpp:367] [mgpu-audit] pipeline_task dispatched to GPU 0 task_id=308
[2026-07-01 12:07:32.033] [info] [task_scheduler.cpp:369] [locality-audit] dispatch task_id=308 preferred_device=0 actual_gpu=0
[2026-07-01 12:07:32.033] [info] [task_creator.cpp:352] [locality-audit] task_create operator_id=74 input_bytes=26911224 local_bytes=26911224 gpu_source_bytes=26911224 host_source_bytes=0 disk_source_bytes=0 gpu_sources=1 host_sources=0 preferred_device=1
[2026-07-01 12:07:32.033] [info] [task_scheduler.cpp:367] [mgpu-audit] pipeline_task dispatched to GPU 2 task_id=309
[2026-07-01 12:07:32.033] [info] [task_scheduler.cpp:369] [locality-audit] dispatch task_id=309 preferred_device=2 actual_gpu=2
[2026-07-01 12:07:32.033] [info] [gpu_pipeline_task.cpp:182] [locality-audit] prepare_after pipeline_id=37 task_id=303 preferred_device=2 actual_gpu=2 target_tier=GPU target_device=2 input_bytes=26903664 local_bytes=26903664 remote_gpu_bytes=0 host_bytes=0 disk_bytes=0 batch_count=1
[2026-07-01 12:07:32.033] [info] [task_scheduler.cpp:367] [mgpu-audit] pipeline_task dispatched to GPU 1 task_id=310
[2026-07-01 12:07:32.033] [info] [task_scheduler.cpp:369] [locality-audit] dispatch task_id=310 preferred_device=1 actual_gpu=1
[2026-07-01 12:07:32.033] [info] [task_creator.cpp:352] [locality-audit] task_create operator_id=74 input_bytes=8971884 local_bytes=8971884 gpu_source_bytes=8971884 host_source_bytes=0 disk_source_bytes=0 gpu_sources=1 host_sources=0 preferred_device=1
[2026-07-01 12:07:32.033] [info] [gpu_pipeline_task.cpp:182] [locality-audit] prepare_before pipeline_id=37 task_id=307 preferred_device=2 actual_gpu=2 target_tier=GPU target_device=2 input_bytes=9002736 local_bytes=9002736 remote_gpu_bytes=0 host_bytes=0 disk_bytes=0 batch_count=1
[2026-07-01 12:07:32.033] [info] [task_scheduler.cpp:367] [mgpu-audit] pipeline_task dispatched to GPU 1 task_id=311
[2026-07-01 12:07:32.033] [info] [task_creator.cpp:352] [locality-audit] task_create operator_id=74 input_bytes=26991360 local_bytes=26991360 gpu_source_bytes=26991360 host_source_bytes=0 disk_source_bytes=0 gpu_sources=1 host_sources=0 preferred_device=1
[2026-07-01 12:07:32.033] [info] [task_scheduler.cpp:369] [locality-audit] dispatch task_id=311 preferred_device=1 actual_gpu=1
[2026-07-01 12:07:32.033] [info] [gpu_pipeline_task.cpp:182] [locality-audit] prepare_before pipeline_id=37 task_id=308 preferred_device=0 actual_gpu=0 target_tier=GPU target_device=0 input_bytes=27072036 local_bytes=27072036 remote_gpu_bytes=0 host_bytes=0 disk_bytes=0 batch_count=1
[2026-07-01 12:07:32.033] [info] [gpu_pipeline_task.cpp:182] [locality-audit] prepare_before pipeline_id=37 task_id=306 preferred_device=0 actual_gpu=0 target_tier=GPU target_device=0 input_bytes=26972784 local_bytes=26972784 remote_gpu_bytes=0 host_bytes=0 disk_bytes=0 batch_count=1
[2026-07-01 12:07:32.034] [info] [task_scheduler.cpp:367] [mgpu-audit] pipeline_task dispatched to GPU 1 task_id=312
[2026-07-01 12:07:32.033] [info] [gpu_pipeline_task.cpp:311] [stage-audit] pipeline_id=37 task_id=303 operator_id=74 operator_name=PARTITION stage_kind=PARTITION operator_type=82 input_type=PIPELINEABLE output_type=PIPELINEABLE actual_gpu=2 pipeline_operator_count=1 input_batches=1 input_rows=747324 input_columns=5 input_bytes=26903664 output_batches=1 output_rows=747324 output_columns=5 output_bytes=26903664 byte_ratio=1.000000 row_ratio=1.000000 duration_us=3
[2026-07-01 12:07:32.033] [info] [gpu_pipeline_task.cpp:182] [locality-audit] prepare_before pipeline_id=37 task_id=304 preferred_device=0 actual_gpu=0 target_tier=GPU target_device=0 input_bytes=8994492 local_bytes=8994492 remote_gpu_bytes=0 host_bytes=0 disk_bytes=0 batch_count=1
[2026-07-01 12:07:32.034] [info] [task_creator.cpp:352] [locality-audit] task_create operator_id=74 input_bytes=27016488 local_bytes=27016488 gpu_source_bytes=27016488 host_source_bytes=0 disk_source_bytes=0 gpu_sources=1 host_sources=0 preferred_device=3
[2026-07-01 12:07:32.033] [info] [gpu_pipeline_task.cpp:182] [locality-audit] prepare_before pipeline_id=37 task_id=305 preferred_device=0 actual_gpu=0 target_tier=GPU target_device=0 input_bytes=8992152 local_bytes=8992152 remote_gpu_bytes=0 host_bytes=0 disk_bytes=0 batch_count=1
[2026-07-01 12:07:32.034] [info] [task_scheduler.cpp:369] [locality-audit] dispatch task_id=312 preferred_device=1 actual_gpu=1
[2026-07-01 12:07:32.034] [info] [task_creator.cpp:352] [locality-audit] task_create operator_id=74 input_bytes=8943804 local_bytes=8943804 gpu_source_bytes=8943804 host_source_bytes=0 disk_source_bytes=0 gpu_sources=1 host_sources=0 preferred_device=3
[2026-07-01 12:07:32.034] [info] [gpu_pipeline_task.cpp:182] [locality-audit] prepare_before pipeline_id=37 task_id=310 preferred_device=1 actual_gpu=1 target_tier=GPU target_device=1 input_bytes=26911224 local_bytes=26911224 remote_gpu_bytes=0 host_bytes=0 disk_bytes=0 batch_count=1
[2026-07-01 12:07:32.034] [info] [gpu_pipeline_task.cpp:182] [locality-audit] prepare_after pipeline_id=37 task_id=308 preferred_device=0 actual_gpu=0 target_tier=GPU target_device=0 input_bytes=27072036 local_bytes=27072036 remote_gpu_bytes=0 host_bytes=0 disk_bytes=0 batch_count=1
[2026-07-01 12:07:32.034] [info] [task_scheduler.cpp:367] [mgpu-audit] pipeline_task dispatched to GPU 3 task_id=313
[2026-07-01 12:07:32.034] [info] [gpu_pipeline_task.cpp:182] [locality-audit] prepare_before pipeline_id=37 task_id=311 preferred_device=1 actual_gpu=1 target_tier=GPU target_device=1 input_bytes=8971884 local_bytes=8971884 remote_gpu_bytes=0 host_bytes=0 disk_bytes=0 batch_count=1
[2026-07-01 12:07:32.034] [info] [task_scheduler.cpp:369] [locality-audit] dispatch task_id=313 preferred_device=3 actual_gpu=3
[2026-07-01 12:07:32.034] [info] [task_scheduler.cpp:367] [mgpu-audit] pipeline_task dispatched to GPU 3 task_id=314
[2026-07-01 12:07:32.034] [info] [task_scheduler.cpp:369] [locality-audit] dispatch task_id=314 preferred_device=3 actual_gpu=3
[2026-07-01 12:07:32.034] [info] [task_creator.cpp:352] [locality-audit] task_create operator_id=74 input_bytes=8943012 local_bytes=8943012 gpu_source_bytes=8943012 host_source_bytes=0 disk_source_bytes=0 gpu_sources=1 host_sources=0 preferred_device=3
[2026-07-01 12:07:32.034] [info] [gpu_pipeline_task.cpp:182] [locality-audit] prepare_after pipeline_id=37 task_id=306 preferred_device=0 actual_gpu=0 target_tier=GPU target_device=0 input_bytes=26972784 local_bytes=26972784 remote_gpu_bytes=0 host_bytes=0 disk_bytes=0 batch_count=1
[2026-07-01 12:07:32.034] [info] [gpu_pipeline_task.cpp:182] [locality-audit] prepare_before pipeline_id=37 task_id=312 preferred_device=1 actual_gpu=1 target_tier=GPU target_device=1 input_bytes=26991360 local_bytes=26991360 remote_gpu_bytes=0 host_bytes=0 disk_bytes=0 batch_count=1
[2026-07-01 12:07:32.034] [info] [gpu_pipeline_task.cpp:182] [locality-audit] prepare_before pipeline_id=37 task_id=309 preferred_device=2 actual_gpu=2 target_tier=GPU target_device=2 input_bytes=9027864 local_bytes=9027864 remote_gpu_bytes=0 host_bytes=0 disk_bytes=0 batch_count=1
[2026-07-01 12:07:32.034] [info] [task_creator.cpp:352] [locality-audit] task_create operator_id=74 input_bytes=8986284 local_bytes=8986284 gpu_source_bytes=8986284 host_source_bytes=0 disk_source_bytes=0 gpu_sources=1 host_sources=0 preferred_device=1
[2026-07-01 12:07:32.034] [info] [gpu_pipeline_task.cpp:182] [locality-audit] prepare_before pipeline_id=37 task_id=313 preferred_device=3 actual_gpu=3 target_tier=GPU target_device=3 input_bytes=27016488 local_bytes=27016488 remote_gpu_bytes=0 host_bytes=0 disk_bytes=0 batch_count=1
[2026-07-01 12:07:32.034] [info] [task_creator.cpp:352] [locality-audit] task_create operator_id=74 input_bytes=27039348 local_bytes=27039348 gpu_source_bytes=27039348 host_source_bytes=0 disk_source_bytes=0 gpu_sources=1 host_sources=0 preferred_device=3
[2026-07-01 12:07:32.034] [info] [task_scheduler.cpp:367] [mgpu-audit] pipeline_task dispatched to GPU 3 task_id=315
[2026-07-01 12:07:32.034] [info] [gpu_pipeline_task.cpp:182] [locality-audit] prepare_before pipeline_id=37 task_id=314 preferred_device=3 actual_gpu=3 target_tier=GPU target_device=3 input_bytes=8943804 local_bytes=8943804 remote_gpu_bytes=0 host_bytes=0 disk_bytes=0 batch_count=1
[2026-07-01 12:07:32.034] [info] [task_creator.cpp:352] [locality-audit] task_create operator_id=74 input_bytes=27152388 local_bytes=27152388 gpu_source_bytes=27152388 host_source_bytes=0 disk_source_bytes=0 gpu_sources=1 host_sources=0 preferred_device=2
[2026-07-01 12:07:32.034] [info] [task_scheduler.cpp:369] [locality-audit] dispatch task_id=315 preferred_device=3 actual_gpu=3
[2026-07-01 12:07:32.034] [info] [task_creator.cpp:352] [locality-audit] task_create operator_id=74 input_bytes=26991360 local_bytes=26991360 gpu_source_bytes=26991360 host_source_bytes=0 disk_source_bytes=0 gpu_sources=1 host_sources=0 preferred_device=2
[2026-07-01 12:07:32.034] [info] [task_scheduler.cpp:367] [mgpu-audit] pipeline_task dispatched to GPU 2 task_id=318
[2026-07-01 12:07:32.034] [info] [task_scheduler.cpp:369] [locality-audit] dispatch task_id=318 preferred_device=2 actual_gpu=2
[2026-07-01 12:07:32.034] [info] [task_creator.cpp:352] [locality-audit] task_create operator_id=74 input_bytes=8997660 local_bytes=8997660 gpu_source_bytes=8997660 host_source_bytes=0 disk_source_bytes=0 gpu_sources=1 host_sources=0 preferred_device=2
[2026-07-01 12:07:32.034] [info] [task_scheduler.cpp:367] [mgpu-audit] pipeline_task dispatched to GPU 2 task_id=319
[2026-07-01 12:07:32.034] [info] [task_scheduler.cpp:369] [locality-audit] dispatch task_id=319 preferred_device=2 actual_gpu=2
[2026-07-01 12:07:32.034] [info] [task_scheduler.cpp:367] [mgpu-audit] pipeline_task dispatched to GPU 1 task_id=316
[2026-07-01 12:07:32.034] [info] [task_scheduler.cpp:369] [locality-audit] dispatch task_id=316 preferred_device=1 actual_gpu=1
[2026-07-01 12:07:32.034] [info] [task_creator.cpp:352] [locality-audit] task_create operator_id=74 input_bytes=27098676 local_bytes=27098676 gpu_source_bytes=27098676 host_source_bytes=0 disk_source_bytes=0 gpu_sources=1 host_sources=0 preferred_device=0
[2026-07-01 12:07:32.034] [info] [task_scheduler.cpp:367] [mgpu-audit] pipeline_task dispatched to GPU 3 task_id=317
[2026-07-01 12:07:32.034] [info] [task_scheduler.cpp:369] [locality-audit] dispatch task_id=317 preferred_device=3 actual_gpu=3
[2026-07-01 12:07:32.034] [info] [task_creator.cpp:352] [locality-audit] task_create operator_id=74 input_bytes=8931096 local_bytes=8931096 gpu_source_bytes=8931096 host_source_bytes=0 disk_source_bytes=0 gpu_sources=1 host_sources=0 preferred_device=2
[2026-07-01 12:07:32.034] [info] [task_scheduler.cpp:367] [mgpu-audit] pipeline_task dispatched to GPU 0 task_id=321
[2026-07-01 12:07:32.034] [info] [gpu_pipeline_task.cpp:182] [locality-audit] prepare_before pipeline_id=37 task_id=318 preferred_device=2 actual_gpu=2 target_tier=GPU target_device=2 input_bytes=27152388 local_bytes=27152388 remote_gpu_bytes=0 host_bytes=0 disk_bytes=0 batch_count=1
[2026-07-01 12:07:32.034] [info] [task_scheduler.cpp:369] [locality-audit] dispatch task_id=321 preferred_device=0 actual_gpu=0
[2026-07-01 12:07:32.034] [info] [task_scheduler.cpp:367] [mgpu-audit] pipeline_task dispatched to GPU 2 task_id=320
[2026-07-01 12:07:32.034] [info] [task_scheduler.cpp:369] [locality-audit] dispatch task_id=320 preferred_device=2 actual_gpu=2
[2026-07-01 12:07:32.034] [info] [task_creator.cpp:352] [locality-audit] task_create operator_id=74 input_bytes=8923680 local_bytes=8923680 gpu_source_bytes=8923680 host_source_bytes=0 disk_source_bytes=0 gpu_sources=1 host_sources=0 preferred_device=0
[2026-07-01 12:07:32.034] [info] [task_creator.cpp:352] [locality-audit] task_create operator_id=74 input_bytes=27055332 local_bytes=27055332 gpu_source_bytes=27055332 host_source_bytes=0 disk_source_bytes=0 gpu_sources=1 host_sources=0 preferred_device=0
[2026-07-01 12:07:32.034] [info] [gpu_pipeline_task.cpp:182] [locality-audit] prepare_before pipeline_id=37 task_id=316 preferred_device=1 actual_gpu=1 target_tier=GPU target_device=1 input_bytes=8986284 local_bytes=8986284 remote_gpu_bytes=0 host_bytes=0 disk_bytes=0 batch_count=1
[2026-07-01 12:07:32.034] [info] [gpu_pipeline_task.cpp:182] [locality-audit] prepare_before pipeline_id=37 task_id=315 preferred_device=3 actual_gpu=3 target_tier=GPU target_device=3 input_bytes=8943012 local_bytes=8943012 remote_gpu_bytes=0 host_bytes=0 disk_bytes=0 batch_count=1
[2026-07-01 12:07:32.034] [info] [task_creator.cpp:352] [locality-audit] task_create operator_id=74 input_bytes=27248148 local_bytes=27248148 gpu_source_bytes=27248148 host_source_bytes=0 disk_source_bytes=0 gpu_sources=1 host_sources=0 preferred_device=3
[2026-07-01 12:07:32.034] [info] [gpu_pipeline_task.cpp:182] [locality-audit] prepare_after pipeline_id=37 task_id=310 preferred_device=1 actual_gpu=1 target_tier=GPU target_device=1 input_bytes=26911224 local_bytes=26911224 remote_gpu_bytes=0 host_bytes=0 disk_bytes=0 batch_count=1
[2026-07-01 12:07:32.034] [info] [task_creator.cpp:352] [locality-audit] task_create operator_id=74 input_bytes=27065772 local_bytes=27065772 gpu_source_bytes=27065772 host_source_bytes=0 disk_source_bytes=0 gpu_sources=1 host_sources=0 preferred_device=1
[2026-07-01 12:07:32.034] [info] [task_scheduler.cpp:367] [mgpu-audit] pipeline_task dispatched to GPU 3 task_id=325
[2026-07-01 12:07:32.034] [info] [task_scheduler.cpp:369] [locality-audit] dispatch task_id=325 preferred_device=3 actual_gpu=3
[2026-07-01 12:07:32.034] [info] [gpu_pipeline_task.cpp:182] [locality-audit] prepare_after pipeline_id=37 task_id=304 preferred_device=0 actual_gpu=0 target_tier=GPU target_device=0 input_bytes=8994492 local_bytes=8994492 remote_gpu_bytes=0 host_bytes=0 disk_bytes=0 batch_count=1
[2026-07-01 12:07:32.034] [info] [task_creator.cpp:352] [locality-audit] task_create operator_id=74 input_bytes=9020808 local_bytes=9020808 gpu_source_bytes=9020808 host_source_bytes=0 disk_source_bytes=0 gpu_sources=1 host_sources=0 preferred_device=1
[2026-07-01 12:07:32.034] [info] [task_scheduler.cpp:367] [mgpu-audit] pipeline_task dispatched to GPU 1 task_id=326
[2026-07-01 12:07:32.034] [info] [gpu_pipeline_task.cpp:182] [locality-audit] prepare_after pipeline_id=37 task_id=307 preferred_device=2 actual_gpu=2 target_tier=GPU target_device=2 input_bytes=9002736 local_bytes=9002736 remote_gpu_bytes=0 host_bytes=0 disk_bytes=0 batch_count=1
[2026-07-01 12:07:32.034] [info] [gpu_pipeline_task.cpp:182] [locality-audit] prepare_before pipeline_id=37 task_id=319 preferred_device=2 actual_gpu=2 target_tier=GPU target_device=2 input_bytes=26991360 local_bytes=26991360 remote_gpu_bytes=0 host_bytes=0 disk_bytes=0 batch_count=1
[2026-07-01 12:07:32.034] [info] [task_creator.cpp:352] [locality-audit] task_create operator_id=74 input_bytes=8966196 local_bytes=8966196 gpu_source_bytes=8966196 host_source_bytes=0 disk_source_bytes=0 gpu_sources=1 host_sources=0 preferred_device=0
[2026-07-01 12:07:32.034] [info] [gpu_pipeline_task.cpp:311] [stage-audit] pipeline_id=37 task_id=308 operator_id=74 operator_name=PARTITION stage_kind=PARTITION operator_type=82 input_type=PIPELINEABLE output_type=PIPELINEABLE actual_gpu=0 pipeline_operator_count=1 input_batches=1 input_rows=752001 input_columns=5 input_bytes=27072036 output_batches=1 output_rows=752001 output_columns=5 output_bytes=27072036 byte_ratio=1.000000 row_ratio=1.000000 duration_us=280
[2026-07-01 12:07:32.034] [info] [gpu_pipeline_task.cpp:311] [stage-audit] pipeline_id=37 task_id=310 operator_id=74 operator_name=PARTITION stage_kind=PARTITION operator_type=82 input_type=PIPELINEABLE output_type=PIPELINEABLE actual_gpu=1 pipeline_operator_count=1 input_batches=1 input_rows=747534 input_columns=5 input_bytes=26911224 output_batches=1 output_rows=747534 output_columns=5 output_bytes=26911224 byte_ratio=1.000000 row_ratio=1.000000 duration_us=3
[2026-07-01 12:07:32.034] [info] [task_creator.cpp:352] [locality-audit] task_create operator_id=74 input_bytes=26983152 local_bytes=26983152 gpu_source_bytes=26983152 host_source_bytes=0 disk_source_bytes=0 gpu_sources=1 host_sources=0 preferred_device=1
[2026-07-01 12:07:32.034] [info] [gpu_pipeline_task.cpp:182] [locality-audit] prepare_before pipeline_id=37 task_id=317 preferred_device=3 actual_gpu=3 target_tier=GPU target_device=3 input_bytes=27039348 local_bytes=27039348 remote_gpu_bytes=0 host_bytes=0 disk_bytes=0 batch_count=1
[2026-07-01 12:07:32.034] [info] [gpu_pipeline_task.cpp:182] [locality-audit] prepare_after pipeline_id=37 task_id=318 preferred_device=2 actual_gpu=2 target_tier=GPU target_device=2 input_bytes=27152388 local_bytes=27152388 remote_gpu_bytes=0 host_bytes=0 disk_bytes=0 batch_count=1
[2026-07-01 12:07:32.034] [info] [gpu_pipeline_task.cpp:182] [locality-audit] prepare_after pipeline_id=37 task_id=312 preferred_device=1 actual_gpu=1 target_tier=GPU target_device=1 input_bytes=26991360 local_bytes=26991360 remote_gpu_bytes=0 host_bytes=0 disk_bytes=0 batch_count=1
[2026-07-01 12:07:32.034] [info] [task_scheduler.cpp:369] [locality-audit] dispatch task_id=326 preferred_device=1 actual_gpu=1
[2026-07-01 12:07:32.034] [info] [gpu_pipeline_task.cpp:311] [stage-audit] pipeline_id=37 task_id=318 operator_id=74 operator_name=PARTITION stage_kind=PARTITION operator_type=82 input_type=PIPELINEABLE output_type=PIPELINEABLE actual_gpu=2 pipeline_operator_count=1 input_batches=1 input_rows=754233 input_columns=5 input_bytes=27152388 output_batches=1 output_rows=754233 output_columns=5 output_bytes=27152388 byte_ratio=1.000000 row_ratio=1.000000 duration_us=25
[2026-07-01 12:07:32.034] [info] [gpu_pipeline_task.cpp:182] [locality-audit] prepare_after pipeline_id=37 task_id=316 preferred_device=1 actual_gpu=1 target_tier=GPU target_device=1 input_bytes=8986284 local_bytes=8986284 remote_gpu_bytes=0 host_bytes=0 disk_bytes=0 batch_count=1
[2026-07-01 12:07:32.034] [info] [task_scheduler.cpp:367] [mgpu-audit] pipeline_task dispatched to GPU 0 task_id=323
[2026-07-01 12:07:32.034] [info] [gpu_pipeline_task.cpp:182] [locality-audit] prepare_after pipeline_id=37 task_id=313 preferred_device=3 actual_gpu=3 target_tier=GPU target_device=3 input_bytes=27016488 local_bytes=27016488 remote_gpu_bytes=0 host_bytes=0 disk_bytes=0 batch_count=1
[2026-07-01 12:07:32.034] [info] [gpu_pipeline_task.cpp:311] [stage-audit] pipeline_id=37 task_id=306 operator_id=74 operator_name=PARTITION stage_kind=PARTITION operator_type=82 input_type=PIPELINEABLE output_type=PIPELINEABLE actual_gpu=0 pipeline_operator_count=1 input_batches=1 input_rows=749244 input_columns=5 input_bytes=26972784 output_batches=1 output_rows=749244 output_columns=5 output_bytes=26972784 byte_ratio=1.000000 row_ratio=1.000000 duration_us=282
[2026-07-01 12:07:32.034] [info] [task_scheduler.cpp:369] [locality-audit] dispatch task_id=323 preferred_device=0 actual_gpu=0
[2026-07-01 12:07:32.034] [info] [gpu_pipeline_task.cpp:182] [locality-audit] prepare_after pipeline_id=37 task_id=309 preferred_device=2 actual_gpu=2 target_tier=GPU target_device=2 input_bytes=9027864 local_bytes=9027864 remote_gpu_bytes=0 host_bytes=0 disk_bytes=0 batch_count=1
[2026-07-01 12:07:32.034] [info] [task_creator.cpp:352] [locality-audit] task_create operator_id=74 input_bytes=9028872 local_bytes=9028872 gpu_source_bytes=9028872 host_source_bytes=0 disk_source_bytes=0 gpu_sources=1 host_sources=0 preferred_device=3
[2026-07-01 12:07:32.034] [info] [gpu_pipeline_task.cpp:182] [locality-audit] prepare_after pipeline_id=37 task_id=319 preferred_device=2 actual_gpu=2 target_tier=GPU target_device=2 input_bytes=26991360 local_bytes=26991360 remote_gpu_bytes=0 host_bytes=0 disk_bytes=0 batch_count=1
[2026-07-01 12:07:32.034] [info] [gpu_pipeline_task.cpp:182] [locality-audit] prepare_after pipeline_id=37 task_id=315 preferred_device=3 actual_gpu=3 target_tier=GPU target_device=3 input_bytes=8943012 local_bytes=8943012 remote_gpu_bytes=0 host_bytes=0 disk_bytes=0 batch_count=1
[2026-07-01 12:07:32.034] [info] [gpu_pipeline_task.cpp:311] [stage-audit] pipeline_id=37 task_id=307 operator_id=74 operator_name=PARTITION stage_kind=PARTITION operator_type=82 input_type=PIPELINEABLE output_type=PIPELINEABLE actual_gpu=2 pipeline_operator_count=1 input_batches=1 input_rows=250076 input_columns=5 input_bytes=9002736 output_batches=1 output_rows=250076 output_columns=5 output_bytes=9002736 byte_ratio=1.000000 row_ratio=1.000000 duration_us=57
[2026-07-01 12:07:32.034] [info] [task_creator.cpp:352] [locality-audit] task_create operator_id=74 input_bytes=27084420 local_bytes=27084420 gpu_source_bytes=27084420 host_source_bytes=0 disk_source_bytes=0 gpu_sources=1 host_sources=0 preferred_device=3
[2026-07-01 12:07:32.034] [info] [gpu_pipeline_task.cpp:182] [locality-audit] prepare_after pipeline_id=37 task_id=305 preferred_device=0 actual_gpu=0 target_tier=GPU target_device=0 input_bytes=8992152 local_bytes=8992152 remote_gpu_bytes=0 host_bytes=0 disk_bytes=0 batch_count=1
[2026-07-01 12:07:32.034] [info] [gpu_pipeline_task.cpp:182] [locality-audit] prepare_after pipeline_id=37 task_id=314 preferred_device=3 actual_gpu=3 target_tier=GPU target_device=3 input_bytes=8943804 local_bytes=8943804 remote_gpu_bytes=0 host_bytes=0 disk_bytes=0 batch_count=1
[2026-07-01 12:07:32.034] [info] [task_creator.cpp:352] [locality-audit] task_create operator_id=74 input_bytes=9033048 local_bytes=9033048 gpu_source_bytes=9033048 host_source_bytes=0 disk_source_bytes=0 gpu_sources=1 host_sources=0 preferred_device=3
[2026-07-01 12:07:32.034] [info] [gpu_pipeline_task.cpp:182] [locality-audit] prepare_after pipeline_id=37 task_id=317 preferred_device=3 actual_gpu=3 target_tier=GPU target_device=3 input_bytes=27039348 local_bytes=27039348 remote_gpu_bytes=0 host_bytes=0 disk_bytes=0 batch_count=1
[2026-07-01 12:07:32.034] [info] [gpu_pipeline_task.cpp:182] [locality-audit] prepare_before pipeline_id=37 task_id=321 preferred_device=0 actual_gpu=0 target_tier=GPU target_device=0 input_bytes=27098676 local_bytes=27098676 remote_gpu_bytes=0 host_bytes=0 disk_bytes=0 batch_count=1
[2026-07-01 12:07:32.034] [info] [gpu_pipeline_task.cpp:311] [stage-audit] pipeline_id=37 task_id=313 operator_id=74 operator_name=PARTITION stage_kind=PARTITION operator_type=82 input_type=PIPELINEABLE output_type=PIPELINEABLE actual_gpu=3 pipeline_operator_count=1 input_batches=1 input_rows=750458 input_columns=5 input_bytes=27016488 output_batches=1 output_rows=750458 output_columns=5 output_bytes=27016488 byte_ratio=1.000000 row_ratio=1.000000 duration_us=48
[2026-07-01 12:07:32.034] [info] [task_creator.cpp:352] [locality-audit] task_create operator_id=74 input_bytes=8999352 local_bytes=8999352 gpu_source_bytes=8999352 host_source_bytes=0 disk_source_bytes=0 gpu_sources=1 host_sources=0 preferred_device=1
[2026-07-01 12:07:32.034] [info] [gpu_pipeline_task.cpp:311] [stage-audit] pipeline_id=37 task_id=309 operator_id=74 operator_name=PARTITION stage_kind=PARTITION operator_type=82 input_type=PIPELINEABLE output_type=PIPELINEABLE actual_gpu=2 pipeline_operator_count=1 input_batches=1 input_rows=250774 input_columns=5 input_bytes=9027864 output_batches=1 output_rows=250774 output_columns=5 output_bytes=9027864 byte_ratio=1.000000 row_ratio=1.000000 duration_us=18
[2026-07-01 12:07:32.034] [info] [gpu_pipeline_task.cpp:182] [locality-audit] prepare_after pipeline_id=37 task_id=311 preferred_device=1 actual_gpu=1 target_tier=GPU target_device=1 input_bytes=8971884 local_bytes=8971884 remote_gpu_bytes=0 host_bytes=0 disk_bytes=0 batch_count=1
[2026-07-01 12:07:32.034] [info] [task_scheduler.cpp:367] [mgpu-audit] pipeline_task dispatched to GPU 2 task_id=322
[2026-07-01 12:07:32.034] [info] [gpu_pipeline_task.cpp:311] [stage-audit] pipeline_id=37 task_id=304 operator_id=74 operator_name=PARTITION stage_kind=PARTITION operator_type=82 input_type=PIPELINEABLE output_type=PIPELINEABLE actual_gpu=0 pipeline_operator_count=1 input_batches=1 input_rows=249847 input_columns=5 input_bytes=8994492 output_batches=1 output_rows=249847 output_columns=5 output_bytes=8994492 byte_ratio=1.000000 row_ratio=1.000000 duration_us=114
[2026-07-01 12:07:32.034] [info] [task_creator.cpp:352] [locality-audit] task_create operator_id=74 input_bytes=27003204 local_bytes=27003204 gpu_source_bytes=27003204 host_source_bytes=0 disk_source_bytes=0 gpu_sources=1 host_sources=0 preferred_device=2
[2026-07-01 12:07:32.034] [info] [gpu_pipeline_task.cpp:311] [stage-audit] pipeline_id=37 task_id=305 operator_id=74 operator_name=PARTITION stage_kind=PARTITION operator_type=82 input_type=PIPELINEABLE output_type=PIPELINEABLE actual_gpu=0 pipeline_operator_count=1 input_batches=1 input_rows=249782 input_columns=5 input_bytes=8992152 output_batches=1 output_rows=249782 output_columns=5 output_bytes=8992152 byte_ratio=1.000000 row_ratio=1.000000 duration_us=13
[2026-07-01 12:07:32.034] [info] [gpu_pipeline_task.cpp:311] [stage-audit] pipeline_id=37 task_id=312 operator_id=74 operator_name=PARTITION stage_kind=PARTITION operator_type=82 input_type=PIPELINEABLE output_type=PIPELINEABLE actual_gpu=1 pipeline_operator_count=1 input_batches=1 input_rows=749760 input_columns=5 input_bytes=26991360 output_batches=1 output_rows=749760 output_columns=5 output_bytes=26991360 byte_ratio=1.000000 row_ratio=1.000000 duration_us=74
[2026-07-01 12:07:32.034] [info] [task_scheduler.cpp:369] [locality-audit] dispatch task_id=322 preferred_device=2 actual_gpu=2
[2026-07-01 12:07:32.034] [info] [task_scheduler.cpp:367] [mgpu-audit] pipeline_task dispatched to GPU 3 task_id=330
[2026-07-01 12:07:32.034] [info] [task_scheduler.cpp:369] [locality-audit] dispatch task_id=330 preferred_device=3 actual_gpu=3
[2026-07-01 12:07:32.034] [info] [gpu_pipeline_task.cpp:311] [stage-audit] pipeline_id=37 task_id=314 operator_id=74 operator_name=PARTITION stage_kind=PARTITION operator_type=82 input_type=PIPELINEABLE output_type=PIPELINEABLE actual_gpu=3 pipeline_operator_count=1 input_batches=1 input_rows=248439 input_columns=5 input_bytes=8943804 output_batches=1 output_rows=248439 output_columns=5 output_bytes=8943804 byte_ratio=1.000000 row_ratio=1.000000 duration_us=42
[2026-07-01 12:07:32.034] [info] [gpu_pipeline_task.cpp:182] [locality-audit] prepare_after pipeline_id=37 task_id=321 preferred_device=0 actual_gpu=0 target_tier=GPU target_device=0 input_bytes=27098676 local_bytes=27098676 remote_gpu_bytes=0 host_bytes=0 disk_bytes=0 batch_count=1
[2026-07-01 12:07:32.034] [info] [task_creator.cpp:352] [locality-audit] task_create operator_id=74 input_bytes=9002196 local_bytes=9002196 gpu_source_bytes=9002196 host_source_bytes=0 disk_source_bytes=0 gpu_sources=1 host_sources=0 preferred_device=2
[2026-07-01 12:07:32.034] [info] [gpu_pipeline_task.cpp:182] [locality-audit] prepare_before pipeline_id=37 task_id=320 preferred_device=2 actual_gpu=2 target_tier=GPU target_device=2 input_bytes=8997660 local_bytes=8997660 remote_gpu_bytes=0 host_bytes=0 disk_bytes=0 batch_count=1
[2026-07-01 12:07:32.034] [info] [task_creator.cpp:352] [locality-audit] task_create operator_id=74 input_bytes=8890488 local_bytes=8890488 gpu_source_bytes=8890488 host_source_bytes=0 disk_source_bytes=0 gpu_sources=1 host_sources=0 preferred_device=0
[2026-07-01 12:07:32.034] [info] [gpu_pipeline_task.cpp:311] [stage-audit] pipeline_id=37 task_id=319 operator_id=74 operator_name=PARTITION stage_kind=PARTITION operator_type=82 input_type=PIPELINEABLE output_type=PIPELINEABLE actual_gpu=2 pipeline_operator_count=1 input_batches=1 input_rows=749760 input_columns=5 input_bytes=26991360 output_batches=1 output_rows=749760 output_columns=5 output_bytes=26991360 byte_ratio=1.000000 row_ratio=1.000000 duration_us=41
[2026-07-01 12:07:32.034] [info] [task_creator.cpp:352] [locality-audit] task_create operator_id=74 input_bytes=8972964 local_bytes=8972964 gpu_source_bytes=8972964 host_source_bytes=0 disk_source_bytes=0 gpu_sources=1 host_sources=0 preferred_device=2
[2026-07-01 12:07:32.034] [info] [gpu_pipeline_task.cpp:182] [locality-audit] prepare_after pipeline_id=37 task_id=320 preferred_device=2 actual_gpu=2 target_tier=GPU target_device=2 input_bytes=8997660 local_bytes=8997660 remote_gpu_bytes=0 host_bytes=0 disk_bytes=0 batch_count=1
[2026-07-01 12:07:32.034] [info] [gpu_pipeline_task.cpp:311] [stage-audit] pipeline_id=37 task_id=316 operator_id=74 operator_name=PARTITION stage_kind=PARTITION operator_type=82 input_type=PIPELINEABLE output_type=PIPELINEABLE actual_gpu=1 pipeline_operator_count=1 input_batches=1 input_rows=249619 input_columns=5 input_bytes=8986284 output_batches=1 output_rows=249619 output_columns=5 output_bytes=8986284 byte_ratio=1.000000 row_ratio=1.000000 duration_us=71
[2026-07-01 12:07:32.034] [info] [task_creator.cpp:352] [locality-audit] task_create operator_id=74 input_bytes=27061452 local_bytes=27061452 gpu_source_bytes=27061452 host_source_bytes=0 disk_source_bytes=0 gpu_sources=1 host_sources=0 preferred_device=2
[2026-07-01 12:07:32.034] [info] [gpu_pipeline_task.cpp:311] [stage-audit] pipeline_id=37 task_id=315 operator_id=74 operator_name=PARTITION stage_kind=PARTITION operator_type=82 input_type=PIPELINEABLE output_type=PIPELINEABLE actual_gpu=3 pipeline_operator_count=1 input_batches=1 input_rows=248417 input_columns=5 input_bytes=8943012 output_batches=1 output_rows=248417 output_columns=5 output_bytes=8943012 byte_ratio=1.000000 row_ratio=1.000000 duration_us=57
[2026-07-01 12:07:32.034] [info] [gpu_pipeline_task.cpp:182] [locality-audit] prepare_before pipeline_id=37 task_id=325 preferred_device=3 actual_gpu=3 target_tier=GPU target_device=3 input_bytes=27248148 local_bytes=27248148 remote_gpu_bytes=0 host_bytes=0 disk_bytes=0 batch_count=1
[2026-07-01 12:07:32.034] [info] [gpu_pipeline_task.cpp:311] [stage-audit] pipeline_id=37 task_id=317 operator_id=74 operator_name=PARTITION stage_kind=PARTITION operator_type=82 input_type=PIPELINEABLE output_type=PIPELINEABLE actual_gpu=3 pipeline_operator_count=1 input_batches=1 input_rows=751093 input_columns=5 input_bytes=27039348 output_batches=1 output_rows=751093 output_columns=5 output_bytes=27039348 byte_ratio=1.000000 row_ratio=1.000000 duration_us=13
[2026-07-01 12:07:32.034] [info] [gpu_pipeline_task.cpp:311] [stage-audit] pipeline_id=37 task_id=321 operator_id=74 operator_name=PARTITION stage_kind=PARTITION operator_type=82 input_type=PIPELINEABLE output_type=PIPELINEABLE actual_gpu=0 pipeline_operator_count=1 input_batches=1 input_rows=752741 input_columns=5 input_bytes=27098676 output_batches=1 output_rows=752741 output_columns=5 output_bytes=27098676 byte_ratio=1.000000 row_ratio=1.000000 duration_us=3
[2026-07-01 12:07:32.034] [info] [gpu_pipeline_task.cpp:182] [locality-audit] prepare_after pipeline_id=37 task_id=325 preferred_device=3 actual_gpu=3 target_tier=GPU target_device=3 input_bytes=27248148 local_bytes=27248148 remote_gpu_bytes=0 host_bytes=0 disk_bytes=0 batch_count=1
[2026-07-01 12:07:32.034] [info] [gpu_pipeline_task.cpp:311] [stage-audit] pipeline_id=37 task_id=311 operator_id=74 operator_name=PARTITION stage_kind=PARTITION operator_type=82 input_type=PIPELINEABLE output_type=PIPELINEABLE actual_gpu=1 pipeline_operator_count=1 input_batches=1 input_rows=249219 input_columns=5 input_bytes=8971884 output_batches=1 output_rows=249219 output_columns=5 output_bytes=8971884 byte_ratio=1.000000 row_ratio=1.000000 duration_us=13
[2026-07-01 12:07:32.034] [info] [task_creator.cpp:352] [locality-audit] task_create operator_id=74 input_bytes=27067788 local_bytes=27067788 gpu_source_bytes=27067788 host_source_bytes=0 disk_source_bytes=0 gpu_sources=1 host_sources=0 preferred_device=0
[2026-07-01 12:07:32.034] [info] [gpu_pipeline_task.cpp:311] [stage-audit] pipeline_id=37 task_id=325 operator_id=74 operator_name=PARTITION stage_kind=PARTITION operator_type=82 input_type=PIPELINEABLE output_type=PIPELINEABLE actual_gpu=3 pipeline_operator_count=1 input_batches=1 input_rows=756893 input_columns=5 input_bytes=27248148 output_batches=1 output_rows=756893 output_columns=5 output_bytes=27248148 byte_ratio=1.000000 row_ratio=1.000000 duration_us=5
[2026-07-01 12:07:32.034] [info] [gpu_pipeline_task.cpp:311] [stage-audit] pipeline_id=37 task_id=320 operator_id=74 operator_name=PARTITION stage_kind=PARTITION operator_type=82 input_type=PIPELINEABLE output_type=PIPELINEABLE actual_gpu=2 pipeline_operator_count=1 input_batches=1 input_rows=249935 input_columns=5 input_bytes=8997660 output_batches=1 output_rows=249935 output_columns=5 output_bytes=8997660 byte_ratio=1.000000 row_ratio=1.000000 duration_us=7
[2026-07-01 12:07:32.034] [info] [task_creator.cpp:352] [locality-audit] task_create operator_id=74 input_bytes=26966844 local_bytes=26966844 gpu_source_bytes=26966844 host_source_bytes=0 disk_source_bytes=0 gpu_sources=1 host_sources=0 preferred_device=1
[2026-07-01 12:07:32.034] [info] [task_creator.cpp:352] [locality-audit] task_create operator_id=74 input_bytes=26905932 local_bytes=26905932 gpu_source_bytes=26905932 host_source_bytes=0 disk_source_bytes=0 gpu_sources=1 host_sources=0 preferred_device=0
[2026-07-01 12:07:32.034] [info] [task_scheduler.cpp:367] [mgpu-audit] pipeline_task dispatched to GPU 1 task_id=327
[2026-07-01 12:07:32.034] [info] [task_scheduler.cpp:369] [locality-audit] dispatch task_id=327 preferred_device=1 actual_gpu=1
[2026-07-01 12:07:32.034] [info] [task_scheduler.cpp:367] [mgpu-audit] pipeline_task dispatched to GPU 2 task_id=334
[2026-07-01 12:07:32.034] [info] [gpu_pipeline_task.cpp:182] [locality-audit] prepare_before pipeline_id=37 task_id=326 preferred_device=1 actual_gpu=1 target_tier=GPU target_device=1 input_bytes=27065772 local_bytes=27065772 remote_gpu_bytes=0 host_bytes=0 disk_bytes=0 batch_count=1
[2026-07-01 12:07:32.034] [info] [gpu_pipeline_task.cpp:182] [locality-audit] prepare_before pipeline_id=37 task_id=322 preferred_device=2 actual_gpu=2 target_tier=GPU target_device=2 input_bytes=8931096 local_bytes=8931096 remote_gpu_bytes=0 host_bytes=0 disk_bytes=0 batch_count=1
[2026-07-01 12:07:32.034] [info] [task_scheduler.cpp:369] [locality-audit] dispatch task_id=334 preferred_device=2 actual_gpu=2
[2026-07-01 12:07:32.034] [info] [gpu_pipeline_task.cpp:182] [locality-audit] prepare_after pipeline_id=37 task_id=322 preferred_device=2 actual_gpu=2 target_tier=GPU target_device=2 input_bytes=8931096 local_bytes=8931096 remote_gpu_bytes=0 host_bytes=0 disk_bytes=0 batch_count=1
[2026-07-01 12:07:32.034] [info] [task_scheduler.cpp:367] [mgpu-audit] pipeline_task dispatched to GPU 3 task_id=331
[2026-07-01 12:07:32.034] [info] [task_scheduler.cpp:369] [locality-audit] dispatch task_id=331 preferred_device=3 actual_gpu=3
[2026-07-01 12:07:32.034] [info] [gpu_pipeline_task.cpp:182] [locality-audit] prepare_after pipeline_id=37 task_id=326 preferred_device=1 actual_gpu=1 target_tier=GPU target_device=1 input_bytes=27065772 local_bytes=27065772 remote_gpu_bytes=0 host_bytes=0 disk_bytes=0 batch_count=1
[2026-07-01 12:07:32.034] [info] [task_scheduler.cpp:367] [mgpu-audit] pipeline_task dispatched to GPU 0 task_id=324
[2026-07-01 12:07:32.034] [info] [task_scheduler.cpp:369] [locality-audit] dispatch task_id=324 preferred_device=0 actual_gpu=0
[2026-07-01 12:07:32.034] [info] [gpu_pipeline_task.cpp:182] [locality-audit] prepare_before pipeline_id=37 task_id=330 preferred_device=3 actual_gpu=3 target_tier=GPU target_device=3 input_bytes=9028872 local_bytes=9028872 remote_gpu_bytes=0 host_bytes=0 disk_bytes=0 batch_count=1
[2026-07-01 12:07:32.034] [info] [gpu_pipeline_task.cpp:311] [stage-audit] pipeline_id=37 task_id=322 operator_id=74 operator_name=PARTITION stage_kind=PARTITION operator_type=82 input_type=PIPELINEABLE output_type=PIPELINEABLE actual_gpu=2 pipeline_operator_count=1 input_batches=1 input_rows=248086 input_columns=5 input_bytes=8931096 output_batches=1 output_rows=248086 output_columns=5 output_bytes=8931096 byte_ratio=1.000000 row_ratio=1.000000 duration_us=6
[2026-07-01 12:07:32.034] [info] [gpu_pipeline_task.cpp:182] [locality-audit] prepare_after pipeline_id=37 task_id=330 preferred_device=3 actual_gpu=3 target_tier=GPU target_device=3 input_bytes=9028872 local_bytes=9028872 remote_gpu_bytes=0 host_bytes=0 disk_bytes=0 batch_count=1
[2026-07-01 12:07:32.034] [info] [task_scheduler.cpp:367] [mgpu-audit] pipeline_task dispatched to GPU 2 task_id=335
[2026-07-01 12:07:32.034] [info] [gpu_pipeline_task.cpp:182] [locality-audit] prepare_before pipeline_id=37 task_id=334 preferred_device=2 actual_gpu=2 target_tier=GPU target_device=2 input_bytes=27003204 local_bytes=27003204 remote_gpu_bytes=0 host_bytes=0 disk_bytes=0 batch_count=1
[2026-07-01 12:07:32.034] [info] [task_scheduler.cpp:369] [locality-audit] dispatch task_id=335 preferred_device=2 actual_gpu=2
[2026-07-01 12:07:32.034] [info] [gpu_pipeline_task.cpp:311] [stage-audit] pipeline_id=37 task_id=330 operator_id=74 operator_name=PARTITION stage_kind=PARTITION operator_type=82 input_type=PIPELINEABLE output_type=PIPELINEABLE actual_gpu=3 pipeline_operator_count=1 input_batches=1 input_rows=250802 input_columns=5 input_bytes=9028872 output_batches=1 output_rows=250802 output_columns=5 output_bytes=9028872 byte_ratio=1.000000 row_ratio=1.000000 duration_us=2
[2026-07-01 12:07:32.034] [info] [gpu_pipeline_task.cpp:182] [locality-audit] prepare_after pipeline_id=37 task_id=334 preferred_device=2 actual_gpu=2 target_tier=GPU target_device=2 input_bytes=27003204 local_bytes=27003204 remote_gpu_bytes=0 host_bytes=0 disk_bytes=0 batch_count=1
[2026-07-01 12:07:32.034] [info] [gpu_pipeline_task.cpp:182] [locality-audit] prepare_before pipeline_id=37 task_id=327 preferred_device=1 actual_gpu=1 target_tier=GPU target_device=1 input_bytes=9020808 local_bytes=9020808 remote_gpu_bytes=0 host_bytes=0 disk_bytes=0 batch_count=1
[2026-07-01 12:07:32.034] [info] [task_creator.cpp:352] [locality-audit] task_create operator_id=74 input_bytes=27114516 local_bytes=27114516 gpu_source_bytes=27114516 host_source_bytes=0 disk_source_bytes=0 gpu_sources=1 host_sources=0 preferred_device=3
[2026-07-01 12:07:32.034] [info] [gpu_pipeline_task.cpp:182] [locality-audit] prepare_after pipeline_id=37 task_id=327 preferred_device=1 actual_gpu=1 target_tier=GPU target_device=1 input_bytes=9020808 local_bytes=9020808 remote_gpu_bytes=0 host_bytes=0 disk_bytes=0 batch_count=1
[2026-07-01 12:07:32.034] [info] [task_scheduler.cpp:367] [mgpu-audit] pipeline_task dispatched to GPU 1 task_id=329
[2026-07-01 12:07:32.034] [info] [gpu_pipeline_task.cpp:311] [stage-audit] pipeline_id=37 task_id=334 operator_id=74 operator_name=PARTITION stage_kind=PARTITION operator_type=82 input_type=PIPELINEABLE output_type=PIPELINEABLE actual_gpu=2 pipeline_operator_count=1 input_batches=1 input_rows=750089 input_columns=5 input_bytes=27003204 output_batches=1 output_rows=750089 output_columns=5 output_bytes=27003204 byte_ratio=1.000000 row_ratio=1.000000 duration_us=1
[2026-07-01 12:07:32.034] [info] [gpu_pipeline_task.cpp:311] [stage-audit] pipeline_id=37 task_id=327 operator_id=74 operator_name=PARTITION stage_kind=PARTITION operator_type=82 input_type=PIPELINEABLE output_type=PIPELINEABLE actual_gpu=1 pipeline_operator_count=1 input_batches=1 input_rows=250578 input_columns=5 input_bytes=9020808 output_batches=1 output_rows=250578 output_columns=5 output_bytes=9020808 byte_ratio=1.000000 row_ratio=1.000000 duration_us=1
[2026-07-01 12:07:32.034] [info] [gpu_pipeline_task.cpp:311] [stage-audit] pipeline_id=37 task_id=326 operator_id=74 operator_name=PARTITION stage_kind=PARTITION operator_type=82 input_type=PIPELINEABLE output_type=PIPELINEABLE actual_gpu=1 pipeline_operator_count=1 input_batches=1 input_rows=751827 input_columns=5 input_bytes=27065772 output_batches=1 output_rows=751827 output_columns=5 output_bytes=27065772 byte_ratio=1.000000 row_ratio=1.000000 duration_us=9
[2026-07-01 12:07:32.034] [info] [gpu_pipeline_task.cpp:182] [locality-audit] prepare_before pipeline_id=37 task_id=323 preferred_device=0 actual_gpu=0 target_tier=GPU target_device=0 input_bytes=8923680 local_bytes=8923680 remote_gpu_bytes=0 host_bytes=0 disk_bytes=0 batch_count=1
[2026-07-01 12:07:32.034] [info] [gpu_pipeline_task.cpp:182] [locality-audit] prepare_before pipeline_id=37 task_id=324 preferred_device=0 actual_gpu=0 target_tier=GPU target_device=0 input_bytes=27055332 local_bytes=27055332 remote_gpu_bytes=0 host_bytes=0 disk_bytes=0 batch_count=1
[2026-07-01 12:07:32.034] [info] [task_creator.cpp:352] [locality-audit] task_create operator_id=74 input_bytes=8965764 local_bytes=8965764 gpu_source_bytes=8965764 host_source_bytes=0 disk_source_bytes=0 gpu_sources=1 host_sources=0 preferred_device=0
[2026-07-01 12:07:32.034] [info] [task_scheduler.cpp:369] [locality-audit] dispatch task_id=329 preferred_device=1 actual_gpu=1
[2026-07-01 12:07:32.034] [info] [task_creator.cpp:352] [locality-audit] task_create operator_id=74 input_bytes=9010332 local_bytes=9010332 gpu_source_bytes=9010332 host_source_bytes=0 disk_source_bytes=0 gpu_sources=1 host_sources=0 preferred_device=1
[2026-07-01 12:07:32.034] [info] [gpu_pipeline_task.cpp:182] [locality-audit] prepare_after pipeline_id=37 task_id=323 preferred_device=0 actual_gpu=0 target_tier=GPU target_device=0 input_bytes=8923680 local_bytes=8923680 remote_gpu_bytes=0 host_bytes=0 disk_bytes=0 batch_count=1
[2026-07-01 12:07:32.034] [info] [task_scheduler.cpp:367] [mgpu-audit] pipeline_task dispatched to GPU 1 task_id=333
[2026-07-01 12:07:32.034] [info] [task_scheduler.cpp:369] [locality-audit] dispatch task_id=333 preferred_device=1 actual_gpu=1
[2026-07-01 12:07:32.034] [info] [gpu_pipeline_task.cpp:182] [locality-audit] prepare_after pipeline_id=37 task_id=324 preferred_device=0 actual_gpu=0 target_tier=GPU target_device=0 input_bytes=27055332 local_bytes=27055332 remote_gpu_bytes=0 host_bytes=0 disk_bytes=0 batch_count=1
[2026-07-01 12:07:32.034] [info] [task_scheduler.cpp:367] [mgpu-audit] pipeline_task dispatched to GPU 0 task_id=328
[2026-07-01 12:07:32.035] [info] [task_scheduler.cpp:369] [locality-audit] dispatch task_id=328 preferred_device=0 actual_gpu=0
[2026-07-01 12:07:32.034] [info] [task_creator.cpp:352] [locality-audit] task_create operator_id=74 input_bytes=27007596 local_bytes=27007596 gpu_source_bytes=27007596 host_source_bytes=0 disk_source_bytes=0 gpu_sources=1 host_sources=0 preferred_device=3
[2026-07-01 12:07:32.035] [info] [gpu_pipeline_task.cpp:311] [stage-audit] pipeline_id=37 task_id=323 operator_id=74 operator_name=PARTITION stage_kind=PARTITION operator_type=82 input_type=PIPELINEABLE output_type=PIPELINEABLE actual_gpu=0 pipeline_operator_count=1 input_batches=1 input_rows=247880 input_columns=5 input_bytes=8923680 output_batches=1 output_rows=247880 output_columns=5 output_bytes=8923680 byte_ratio=1.000000 row_ratio=1.000000 duration_us=8
[2026-07-01 12:07:32.035] [info] [gpu_pipeline_task.cpp:311] [stage-audit] pipeline_id=37 task_id=324 operator_id=74 operator_name=PARTITION stage_kind=PARTITION operator_type=82 input_type=PIPELINEABLE output_type=PIPELINEABLE actual_gpu=0 pipeline_operator_count=1 input_batches=1 input_rows=751537 input_columns=5 input_bytes=27055332 output_batches=1 output_rows=751537 output_columns=5 output_bytes=27055332 byte_ratio=1.000000 row_ratio=1.000000 duration_us=9
[2026-07-01 12:07:32.035] [info] [task_creator.cpp:352] [locality-audit] task_create operator_id=74 input_bytes=9004536 local_bytes=9004536 gpu_source_bytes=9004536 host_source_bytes=0 disk_source_bytes=0 gpu_sources=1 host_sources=0 preferred_device=3
[2026-07-01 12:07:32.035] [info] [gpu_pipeline_task.cpp:182] [locality-audit] prepare_before pipeline_id=37 task_id=329 preferred_device=1 actual_gpu=1 target_tier=GPU target_device=1 input_bytes=26983152 local_bytes=26983152 remote_gpu_bytes=0 host_bytes=0 disk_bytes=0 batch_count=1
[2026-07-01 12:07:32.035] [info] [task_creator.cpp:352] [locality-audit] task_create operator_id=74 input_bytes=27009936 local_bytes=27009936 gpu_source_bytes=27009936 host_source_bytes=0 disk_source_bytes=0 gpu_sources=1 host_sources=0 preferred_device=1
[2026-07-01 12:07:32.035] [info] [task_creator.cpp:352] [locality-audit] task_create operator_id=74 input_bytes=9068544 local_bytes=9068544 gpu_source_bytes=9068544 host_source_bytes=0 disk_source_bytes=0 gpu_sources=1 host_sources=0 preferred_device=3
[2026-07-01 12:07:32.035] [info] [task_scheduler.cpp:367] [mgpu-audit] pipeline_task dispatched to GPU 0 task_id=336
[2026-07-01 12:07:32.035] [info] [task_scheduler.cpp:369] [locality-audit] dispatch task_id=336 preferred_device=0 actual_gpu=0
[2026-07-01 12:07:32.035] [info] [task_creator.cpp:352] [locality-audit] task_create operator_id=74 input_bytes=9072828 local_bytes=9072828 gpu_source_bytes=9072828 host_source_bytes=0 disk_source_bytes=0 gpu_sources=1 host_sources=0 preferred_device=1
[2026-07-01 12:07:32.035] [info] [gpu_pipeline_task.cpp:182] [locality-audit] prepare_after pipeline_id=37 task_id=329 preferred_device=1 actual_gpu=1 target_tier=GPU target_device=1 input_bytes=26983152 local_bytes=26983152 remote_gpu_bytes=0 host_bytes=0 disk_bytes=0 batch_count=1
[2026-07-01 12:07:32.035] [info] [gpu_pipeline_task.cpp:182] [locality-audit] prepare_before pipeline_id=37 task_id=328 preferred_device=0 actual_gpu=0 target_tier=GPU target_device=0 input_bytes=8966196 local_bytes=8966196 remote_gpu_bytes=0 host_bytes=0 disk_bytes=0 batch_count=1
[2026-07-01 12:07:32.035] [info] [task_creator.cpp:352] [locality-audit] task_create operator_id=74 input_bytes=26960364 local_bytes=26960364 gpu_source_bytes=26960364 host_source_bytes=0 disk_source_bytes=0 gpu_sources=1 host_sources=0 preferred_device=2
[2026-07-01 12:07:32.035] [info] [gpu_pipeline_task.cpp:182] [locality-audit] prepare_after pipeline_id=37 task_id=328 preferred_device=0 actual_gpu=0 target_tier=GPU target_device=0 input_bytes=8966196 local_bytes=8966196 remote_gpu_bytes=0 host_bytes=0 disk_bytes=0 batch_count=1
[2026-07-01 12:07:32.035] [info] [task_creator.cpp:352] [locality-audit] task_create operator_id=74 input_bytes=9026496 local_bytes=9026496 gpu_source_bytes=9026496 host_source_bytes=0 disk_source_bytes=0 gpu_sources=1 host_sources=0 preferred_device=2
[2026-07-01 12:07:32.035] [info] [gpu_pipeline_task.cpp:311] [stage-audit] pipeline_id=37 task_id=329 operator_id=74 operator_name=PARTITION stage_kind=PARTITION operator_type=82 input_type=PIPELINEABLE output_type=PIPELINEABLE actual_gpu=1 pipeline_operator_count=1 input_batches=1 input_rows=749532 input_columns=5 input_bytes=26983152 output_batches=1 output_rows=749532 output_columns=5 output_bytes=26983152 byte_ratio=1.000000 row_ratio=1.000000 duration_us=8
[2026-07-01 12:07:32.035] [info] [gpu_pipeline_task.cpp:311] [stage-audit] pipeline_id=37 task_id=328 operator_id=74 operator_name=PARTITION stage_kind=PARTITION operator_type=82 input_type=PIPELINEABLE output_type=PIPELINEABLE actual_gpu=0 pipeline_operator_count=1 input_batches=1 input_rows=249061 input_columns=5 input_bytes=8966196 output_batches=1 output_rows=249061 output_columns=5 output_bytes=8966196 byte_ratio=1.000000 row_ratio=1.000000 duration_us=6
[2026-07-01 12:07:32.035] [info] [task_creator.cpp:352] [locality-audit] task_create operator_id=74 input_bytes=8980128 local_bytes=8980128 gpu_source_bytes=8980128 host_source_bytes=0 disk_source_bytes=0 gpu_sources=1 host_sources=0 preferred_device=1
[2026-07-01 12:07:32.035] [info] [task_creator.cpp:352] [locality-audit] task_create operator_id=74 input_bytes=17961336 local_bytes=17961336 gpu_source_bytes=17961336 host_source_bytes=0 disk_source_bytes=0 gpu_sources=1 host_sources=0 preferred_device=2
[2026-07-01 12:07:32.035] [info] [task_scheduler.cpp:367] [mgpu-audit] pipeline_task dispatched to GPU 0 task_id=339
[2026-07-01 12:07:32.035] [info] [task_scheduler.cpp:369] [locality-audit] dispatch task_id=339 preferred_device=0 actual_gpu=0
[2026-07-01 12:07:32.035] [info] [task_creator.cpp:352] [locality-audit] task_create operator_id=74 input_bytes=26964900 local_bytes=26964900 gpu_source_bytes=26964900 host_source_bytes=0 disk_source_bytes=0 gpu_sources=1 host_sources=0 preferred_device=2
[2026-07-01 12:07:32.035] [info] [gpu_pipeline_task.cpp:182] [locality-audit] prepare_before pipeline_id=37 task_id=336 preferred_device=0 actual_gpu=0 target_tier=GPU target_device=0 input_bytes=8890488 local_bytes=8890488 remote_gpu_bytes=0 host_bytes=0 disk_bytes=0 batch_count=1
[2026-07-01 12:07:32.035] [info] [task_creator.cpp:352] [locality-audit] task_create operator_id=74 input_bytes=8999712 local_bytes=8999712 gpu_source_bytes=8999712 host_source_bytes=0 disk_source_bytes=0 gpu_sources=1 host_sources=0 preferred_device=0
[2026-07-01 12:07:32.035] [info] [gpu_pipeline_task.cpp:182] [locality-audit] prepare_after pipeline_id=37 task_id=336 preferred_device=0 actual_gpu=0 target_tier=GPU target_device=0 input_bytes=8890488 local_bytes=8890488 remote_gpu_bytes=0 host_bytes=0 disk_bytes=0 batch_count=1
[2026-07-01 12:07:32.035] [info] [task_creator.cpp:352] [locality-audit] task_create operator_id=74 input_bytes=26979768 local_bytes=26979768 gpu_source_bytes=26979768 host_source_bytes=0 disk_source_bytes=0 gpu_sources=1 host_sources=0 preferred_device=3
[2026-07-01 12:07:32.035] [info] [task_creator.cpp:352] [locality-audit] task_create operator_id=74 input_bytes=26895240 local_bytes=26895240 gpu_source_bytes=26895240 host_source_bytes=0 disk_source_bytes=0 gpu_sources=1 host_sources=0 preferred_device=0
[2026-07-01 12:07:32.035] [info] [gpu_pipeline_task.cpp:311] [stage-audit] pipeline_id=37 task_id=336 operator_id=74 operator_name=PARTITION stage_kind=PARTITION operator_type=82 input_type=PIPELINEABLE output_type=PIPELINEABLE actual_gpu=0 pipeline_operator_count=1 input_batches=1 input_rows=246958 input_columns=5 input_bytes=8890488 output_batches=1 output_rows=246958 output_columns=5 output_bytes=8890488 byte_ratio=1.000000 row_ratio=1.000000 duration_us=6
[2026-07-01 12:07:32.035] [info] [task_creator.cpp:352] [locality-audit] task_create operator_id=74 input_bytes=26971128 local_bytes=26971128 gpu_source_bytes=26971128 host_source_bytes=0 disk_source_bytes=0 gpu_sources=1 host_sources=0 preferred_device=1
[2026-07-01 12:07:32.035] [info] [task_creator.cpp:352] [locality-audit] task_create operator_id=74 input_bytes=27089280 local_bytes=27089280 gpu_source_bytes=27089280 host_source_bytes=0 disk_source_bytes=0 gpu_sources=1 host_sources=0 preferred_device=0
[2026-07-01 12:07:32.035] [info] [task_creator.cpp:352] [locality-audit] task_create operator_id=74 input_bytes=17913348 local_bytes=17913348 gpu_source_bytes=17913348 host_source_bytes=0 disk_source_bytes=0 gpu_sources=1 host_sources=0 preferred_device=3
[2026-07-01 12:07:32.035] [info] [task_creator.cpp:352] [locality-audit] task_create operator_id=74 input_bytes=18014040 local_bytes=18014040 gpu_source_bytes=18014040 host_source_bytes=0 disk_source_bytes=0 gpu_sources=1 host_sources=0 preferred_device=0
[2026-07-01 12:07:32.035] [info] [task_creator.cpp:352] [locality-audit] task_create operator_id=74 input_bytes=9015588 local_bytes=9015588 gpu_source_bytes=9015588 host_source_bytes=0 disk_source_bytes=0 gpu_sources=1 host_sources=0 preferred_device=3
[2026-07-01 12:07:32.035] [info] [task_creator.cpp:352] [locality-audit] task_create operator_id=74 input_bytes=4478076 local_bytes=4478076 gpu_source_bytes=4478076 host_source_bytes=0 disk_source_bytes=0 gpu_sources=1 host_sources=0 preferred_device=2
[2026-07-01 12:07:32.035] [info] [task_scheduler.cpp:367] [mgpu-audit] pipeline_task dispatched to GPU 3 task_id=332
[2026-07-01 12:07:32.035] [info] [task_scheduler.cpp:369] [locality-audit] dispatch task_id=332 preferred_device=3 actual_gpu=3
[2026-07-01 12:07:32.035] [info] [task_scheduler.cpp:367] [mgpu-audit] pipeline_task dispatched to GPU 2 task_id=337
[2026-07-01 12:07:32.035] [info] [task_scheduler.cpp:369] [locality-audit] dispatch task_id=337 preferred_device=2 actual_gpu=2
[2026-07-01 12:07:32.035] [info] [task_scheduler.cpp:367] [mgpu-audit] pipeline_task dispatched to GPU 3 task_id=342
[2026-07-01 12:07:32.035] [info] [task_scheduler.cpp:369] [locality-audit] dispatch task_id=342 preferred_device=3 actual_gpu=3
[2026-07-01 12:07:32.035] [info] [task_creator.cpp:352] [locality-audit] task_create operator_id=74 input_bytes=26915292 local_bytes=26915292 gpu_source_bytes=26915292 host_source_bytes=0 disk_source_bytes=0 gpu_sources=1 host_sources=0 preferred_device=2
[2026-07-01 12:07:32.035] [info] [gpu_pipeline_task.cpp:182] [locality-audit] prepare_before pipeline_id=37 task_id=331 preferred_device=3 actual_gpu=3 target_tier=GPU target_device=3 input_bytes=27084420 local_bytes=27084420 remote_gpu_bytes=0 host_bytes=0 disk_bytes=0 batch_count=1
[2026-07-01 12:07:32.035] [info] [task_scheduler.cpp:367] [mgpu-audit] pipeline_task dispatched to GPU 0 task_id=341
[2026-07-01 12:07:32.035] [info] [gpu_pipeline_task.cpp:182] [locality-audit] prepare_before pipeline_id=37 task_id=335 preferred_device=2 actual_gpu=2 target_tier=GPU target_device=2 input_bytes=9002196 local_bytes=9002196 remote_gpu_bytes=0 host_bytes=0 disk_bytes=0 batch_count=1
[2026-07-01 12:07:32.035] [info] [task_scheduler.cpp:369] [locality-audit] dispatch task_id=341 preferred_device=0 actual_gpu=0
[2026-07-01 12:07:32.035] [info] [gpu_pipeline_task.cpp:182] [locality-audit] prepare_before pipeline_id=37 task_id=332 preferred_device=3 actual_gpu=3 target_tier=GPU target_device=3 input_bytes=9033048 local_bytes=9033048 remote_gpu_bytes=0 host_bytes=0 disk_bytes=0 batch_count=1
[2026-07-01 12:07:32.035] [info] [task_creator.cpp:352] [locality-audit] task_create operator_id=74 input_bytes=26974980 local_bytes=26974980 gpu_source_bytes=26974980 host_source_bytes=0 disk_source_bytes=0 gpu_sources=1 host_sources=0 preferred_device=3
[2026-07-01 12:07:32.035] [info] [task_creator.cpp:352] [locality-audit] task_create operator_id=74 input_bytes=27089352 local_bytes=27089352 gpu_source_bytes=27089352 host_source_bytes=0 disk_source_bytes=0 gpu_sources=1 host_sources=0 preferred_device=2
[2026-07-01 12:07:32.035] [info] [gpu_pipeline_task.cpp:182] [locality-audit] prepare_after pipeline_id=37 task_id=335 preferred_device=2 actual_gpu=2 target_tier=GPU target_device=2 input_bytes=9002196 local_bytes=9002196 remote_gpu_bytes=0 host_bytes=0 disk_bytes=0 batch_count=1
[2026-07-01 12:07:32.035] [info] [task_creator.cpp:352] [locality-audit] task_create operator_id=74 input_bytes=4503096 local_bytes=4503096 gpu_source_bytes=4503096 host_source_bytes=0 disk_source_bytes=0 gpu_sources=1 host_sources=0 preferred_device=0
[2026-07-01 12:07:32.035] [info] [gpu_pipeline_task.cpp:182] [locality-audit] prepare_after pipeline_id=37 task_id=332 preferred_device=3 actual_gpu=3 target_tier=GPU target_device=3 input_bytes=9033048 local_bytes=9033048 remote_gpu_bytes=0 host_bytes=0 disk_bytes=0 batch_count=1
[2026-07-01 12:07:32.035] [info] [task_creator.cpp:352] [locality-audit] task_create operator_id=74 input_bytes=26892684 local_bytes=26892684 gpu_source_bytes=26892684 host_source_bytes=0 disk_source_bytes=0 gpu_sources=1 host_sources=0 preferred_device=0
[2026-07-01 12:07:32.035] [info] [gpu_pipeline_task.cpp:182] [locality-audit] prepare_before pipeline_id=37 task_id=342 preferred_device=3 actual_gpu=3 target_tier=GPU target_device=3 input_bytes=27114516 local_bytes=27114516 remote_gpu_bytes=0 host_bytes=0 disk_bytes=0 batch_count=1
[2026-07-01 12:07:32.035] [info] [gpu_pipeline_task.cpp:182] [locality-audit] prepare_after pipeline_id=37 task_id=331 preferred_device=3 actual_gpu=3 target_tier=GPU target_device=3 input_bytes=27084420 local_bytes=27084420 remote_gpu_bytes=0 host_bytes=0 disk_bytes=0 batch_count=1
[2026-07-01 12:07:32.035] [info] [gpu_pipeline_task.cpp:182] [locality-audit] prepare_before pipeline_id=37 task_id=339 preferred_device=0 actual_gpu=0 target_tier=GPU target_device=0 input_bytes=27067788 local_bytes=27067788 remote_gpu_bytes=0 host_bytes=0 disk_bytes=0 batch_count=1
[2026-07-01 12:07:32.035] [info] [task_creator.cpp:352] [locality-audit] task_create operator_id=74 input_bytes=27031176 local_bytes=27031176 gpu_source_bytes=27031176 host_source_bytes=0 disk_source_bytes=0 gpu_sources=1 host_sources=0 preferred_device=1
[2026-07-01 12:07:32.035] [info] [task_scheduler.cpp:367] [mgpu-audit] pipeline_task dispatched to GPU 3 task_id=345
[2026-07-01 12:07:32.035] [info] [gpu_pipeline_task.cpp:311] [stage-audit] pipeline_id=37 task_id=335 operator_id=74 operator_name=PARTITION stage_kind=PARTITION operator_type=82 input_type=PIPELINEABLE output_type=PIPELINEABLE actual_gpu=2 pipeline_operator_count=1 input_batches=1 input_rows=250061 input_columns=5 input_bytes=9002196 output_batches=1 output_rows=250061 output_columns=5 output_bytes=9002196 byte_ratio=1.000000 row_ratio=1.000000 duration_us=8
[2026-07-01 12:07:32.035] [info] [gpu_pipeline_task.cpp:182] [locality-audit] prepare_after pipeline_id=37 task_id=342 preferred_device=3 actual_gpu=3 target_tier=GPU target_device=3 input_bytes=27114516 local_bytes=27114516 remote_gpu_bytes=0 host_bytes=0 disk_bytes=0 batch_count=1
[2026-07-01 12:07:32.035] [info] [task_scheduler.cpp:369] [locality-audit] dispatch task_id=345 preferred_device=3 actual_gpu=3
[2026-07-01 12:07:32.035] [info] [task_creator.cpp:352] [locality-audit] task_create operator_id=74 input_bytes=17969796 local_bytes=17969796 gpu_source_bytes=17969796 host_source_bytes=0 disk_source_bytes=0 gpu_sources=1 host_sources=0 preferred_device=1
[2026-07-01 12:07:32.035] [info] [gpu_pipeline_task.cpp:311] [stage-audit] pipeline_id=37 task_id=342 operator_id=74 operator_name=PARTITION stage_kind=PARTITION operator_type=82 input_type=PIPELINEABLE output_type=PIPELINEABLE actual_gpu=3 pipeline_operator_count=1 input_batches=1 input_rows=753181 input_columns=5 input_bytes=27114516 output_batches=1 output_rows=753181 output_columns=5 output_bytes=27114516 byte_ratio=1.000000 row_ratio=1.000000 duration_us=2
[2026-07-01 12:07:32.035] [info] [gpu_pipeline_task.cpp:311] [stage-audit] pipeline_id=37 task_id=332 operator_id=74 operator_name=PARTITION stage_kind=PARTITION operator_type=82 input_type=PIPELINEABLE output_type=PIPELINEABLE actual_gpu=3 pipeline_operator_count=1 input_batches=1 input_rows=250918 input_columns=5 input_bytes=9033048 output_batches=1 output_rows=250918 output_columns=5 output_bytes=9033048 byte_ratio=1.000000 row_ratio=1.000000 duration_us=7
[2026-07-01 12:07:32.035] [info] [gpu_pipeline_task.cpp:182] [locality-audit] prepare_after pipeline_id=37 task_id=339 preferred_device=0 actual_gpu=0 target_tier=GPU target_device=0 input_bytes=27067788 local_bytes=27067788 remote_gpu_bytes=0 host_bytes=0 disk_bytes=0 batch_count=1
[2026-07-01 12:07:32.035] [info] [task_creator.cpp:352] [locality-audit] task_create operator_id=74 input_bytes=4519908 local_bytes=4519908 gpu_source_bytes=4519908 host_source_bytes=0 disk_source_bytes=0 gpu_sources=1 host_sources=0 preferred_device=1
[2026-07-01 12:07:32.035] [info] [gpu_pipeline_task.cpp:311] [stage-audit] pipeline_id=37 task_id=331 operator_id=74 operator_name=PARTITION stage_kind=PARTITION operator_type=82 input_type=PIPELINEABLE output_type=PIPELINEABLE actual_gpu=3 pipeline_operator_count=1 input_batches=1 input_rows=752345 input_columns=5 input_bytes=27084420 output_batches=1 output_rows=752345 output_columns=5 output_bytes=27084420 byte_ratio=1.000000 row_ratio=1.000000 duration_us=9
[2026-07-01 12:07:32.035] [info] [task_creator.cpp:352] [locality-audit] task_create operator_id=74 input_bytes=4498704 local_bytes=4498704 gpu_source_bytes=4498704 host_source_bytes=0 disk_source_bytes=0 gpu_sources=1 host_sources=0 preferred_device=3
[2026-07-01 12:07:32.035] [info] [gpu_pipeline_task.cpp:311] [stage-audit] pipeline_id=37 task_id=339 operator_id=74 operator_name=PARTITION stage_kind=PARTITION operator_type=82 input_type=PIPELINEABLE output_type=PIPELINEABLE actual_gpu=0 pipeline_operator_count=1 input_batches=1 input_rows=751883 input_columns=5 input_bytes=27067788 output_batches=1 output_rows=751883 output_columns=5 output_bytes=27067788 byte_ratio=1.000000 row_ratio=1.000000 duration_us=7
[2026-07-01 12:07:32.035] [info] [task_creator.cpp:352] [locality-audit] task_create operator_id=74 input_bytes=27024588 local_bytes=27024588 gpu_source_bytes=27024588 host_source_bytes=0 disk_source_bytes=0 gpu_sources=1 host_sources=0 preferred_device=3
[2026-07-01 12:07:32.035] [info] [gpu_pipeline_task.cpp:182] [locality-audit] prepare_before pipeline_id=37 task_id=345 preferred_device=3 actual_gpu=3 target_tier=GPU target_device=3 input_bytes=27007596 local_bytes=27007596 remote_gpu_bytes=0 host_bytes=0 disk_bytes=0 batch_count=1
[2026-07-01 12:07:32.035] [info] [gpu_pipeline_task.cpp:182] [locality-audit] prepare_after pipeline_id=37 task_id=345 preferred_device=3 actual_gpu=3 target_tier=GPU target_device=3 input_bytes=27007596 local_bytes=27007596 remote_gpu_bytes=0 host_bytes=0 disk_bytes=0 batch_count=1
[2026-07-01 12:07:32.035] [info] [task_scheduler.cpp:367] [mgpu-audit] pipeline_task dispatched to GPU 3 task_id=346
[2026-07-01 12:07:32.035] [info] [task_scheduler.cpp:369] [locality-audit] dispatch task_id=346 preferred_device=3 actual_gpu=3
[2026-07-01 12:07:32.035] [info] [gpu_pipeline_task.cpp:311] [stage-audit] pipeline_id=37 task_id=345 operator_id=74 operator_name=PARTITION stage_kind=PARTITION operator_type=82 input_type=PIPELINEABLE output_type=PIPELINEABLE actual_gpu=3 pipeline_operator_count=1 input_batches=1 input_rows=750211 input_columns=5 input_bytes=27007596 output_batches=1 output_rows=750211 output_columns=5 output_bytes=27007596 byte_ratio=1.000000 row_ratio=1.000000 duration_us=1
[2026-07-01 12:07:32.035] [info] [task_creator.cpp:352] [locality-audit] task_create operator_id=74 input_bytes=27059472 local_bytes=27059472 gpu_source_bytes=27059472 host_source_bytes=0 disk_source_bytes=0 gpu_sources=1 host_sources=0 preferred_device=1
[2026-07-01 12:07:32.035] [info] [task_scheduler.cpp:367] [mgpu-audit] pipeline_task dispatched to GPU 0 task_id=343
[2026-07-01 12:07:32.035] [info] [task_scheduler.cpp:369] [locality-audit] dispatch task_id=343 preferred_device=0 actual_gpu=0
[2026-07-01 12:07:32.035] [info] [task_scheduler.cpp:367] [mgpu-audit] pipeline_task dispatched to GPU 2 task_id=338
[2026-07-01 12:07:32.035] [info] [task_scheduler.cpp:369] [locality-audit] dispatch task_id=338 preferred_device=2 actual_gpu=2
[2026-07-01 12:07:32.035] [info] [gpu_pipeline_task.cpp:182] [locality-audit] prepare_before pipeline_id=37 task_id=337 preferred_device=2 actual_gpu=2 target_tier=GPU target_device=2 input_bytes=8972964 local_bytes=8972964 remote_gpu_bytes=0 host_bytes=0 disk_bytes=0 batch_count=1
[2026-07-01 12:07:32.035] [info] [gpu_pipeline_task.cpp:182] [locality-audit] prepare_before pipeline_id=37 task_id=341 preferred_device=0 actual_gpu=0 target_tier=GPU target_device=0 input_bytes=26905932 local_bytes=26905932 remote_gpu_bytes=0 host_bytes=0 disk_bytes=0 batch_count=1
[2026-07-01 12:07:32.035] [info] [task_scheduler.cpp:367] [mgpu-audit] pipeline_task dispatched to GPU 2 task_id=350
[2026-07-01 12:07:32.035] [info] [task_scheduler.cpp:369] [locality-audit] dispatch task_id=350 preferred_device=2 actual_gpu=2
[2026-07-01 12:07:32.035] [info] [task_scheduler.cpp:367] [mgpu-audit] pipeline_task dispatched to GPU 1 task_id=340
[2026-07-01 12:07:32.035] [info] [task_scheduler.cpp:369] [locality-audit] dispatch task_id=340 preferred_device=1 actual_gpu=1
[2026-07-01 12:07:32.035] [info] [gpu_pipeline_task.cpp:182] [locality-audit] prepare_before pipeline_id=37 task_id=333 preferred_device=1 actual_gpu=1 target_tier=GPU target_device=1 input_bytes=8999352 local_bytes=8999352 remote_gpu_bytes=0 host_bytes=0 disk_bytes=0 batch_count=1
[2026-07-01 12:07:32.035] [info] [gpu_pipeline_task.cpp:182] [locality-audit] prepare_after pipeline_id=37 task_id=337 preferred_device=2 actual_gpu=2 target_tier=GPU target_device=2 input_bytes=8972964 local_bytes=8972964 remote_gpu_bytes=0 host_bytes=0 disk_bytes=0 batch_count=1
[2026-07-01 12:07:32.035] [info] [gpu_pipeline_task.cpp:182] [locality-audit] prepare_after pipeline_id=37 task_id=341 preferred_device=0 actual_gpu=0 target_tier=GPU target_device=0 input_bytes=26905932 local_bytes=26905932 remote_gpu_bytes=0 host_bytes=0 disk_bytes=0 batch_count=1
[2026-07-01 12:07:32.035] [info] [gpu_pipeline_task.cpp:182] [locality-audit] prepare_before pipeline_id=37 task_id=338 preferred_device=2 actual_gpu=2 target_tier=GPU target_device=2 input_bytes=27061452 local_bytes=27061452 remote_gpu_bytes=0 host_bytes=0 disk_bytes=0 batch_count=1
[2026-07-01 12:07:32.035] [info] [gpu_pipeline_task.cpp:182] [locality-audit] prepare_after pipeline_id=37 task_id=333 preferred_device=1 actual_gpu=1 target_tier=GPU target_device=1 input_bytes=8999352 local_bytes=8999352 remote_gpu_bytes=0 host_bytes=0 disk_bytes=0 batch_count=1
[2026-07-01 12:07:32.035] [info] [gpu_pipeline_task.cpp:182] [locality-audit] prepare_after pipeline_id=37 task_id=338 preferred_device=2 actual_gpu=2 target_tier=GPU target_device=2 input_bytes=27061452 local_bytes=27061452 remote_gpu_bytes=0 host_bytes=0 disk_bytes=0 batch_count=1
[2026-07-01 12:07:32.035] [info] [gpu_pipeline_task.cpp:311] [stage-audit] pipeline_id=37 task_id=338 operator_id=74 operator_name=PARTITION stage_kind=PARTITION operator_type=82 input_type=PIPELINEABLE output_type=PIPELINEABLE actual_gpu=2 pipeline_operator_count=1 input_batches=1 input_rows=751707 input_columns=5 input_bytes=27061452 output_batches=1 output_rows=751707 output_columns=5 output_bytes=27061452 byte_ratio=1.000000 row_ratio=1.000000 duration_us=1
[2026-07-01 12:07:32.035] [info] [gpu_pipeline_task.cpp:311] [stage-audit] pipeline_id=37 task_id=337 operator_id=74 operator_name=PARTITION stage_kind=PARTITION operator_type=82 input_type=PIPELINEABLE output_type=PIPELINEABLE actual_gpu=2 pipeline_operator_count=1 input_batches=1 input_rows=249249 input_columns=5 input_bytes=8972964 output_batches=1 output_rows=249249 output_columns=5 output_bytes=8972964 byte_ratio=1.000000 row_ratio=1.000000 duration_us=6
[2026-07-01 12:07:32.035] [info] [gpu_pipeline_task.cpp:182] [locality-audit] prepare_before pipeline_id=37 task_id=340 preferred_device=1 actual_gpu=1 target_tier=GPU target_device=1 input_bytes=26966844 local_bytes=26966844 remote_gpu_bytes=0 host_bytes=0 disk_bytes=0 batch_count=1
[2026-07-01 12:07:32.035] [info] [gpu_pipeline_task.cpp:182] [locality-audit] prepare_before pipeline_id=37 task_id=350 preferred_device=2 actual_gpu=2 target_tier=GPU target_device=2 input_bytes=26960364 local_bytes=26960364 remote_gpu_bytes=0 host_bytes=0 disk_bytes=0 batch_count=1
[2026-07-01 12:07:32.035] [info] [gpu_pipeline_task.cpp:311] [stage-audit] pipeline_id=37 task_id=333 operator_id=74 operator_name=PARTITION stage_kind=PARTITION operator_type=82 input_type=PIPELINEABLE output_type=PIPELINEABLE actual_gpu=1 pipeline_operator_count=1 input_batches=1 input_rows=249982 input_columns=5 input_bytes=8999352 output_batches=1 output_rows=249982 output_columns=5 output_bytes=8999352 byte_ratio=1.000000 row_ratio=1.000000 duration_us=8
[2026-07-01 12:07:32.035] [info] [gpu_pipeline_task.cpp:182] [locality-audit] prepare_after pipeline_id=37 task_id=340 preferred_device=1 actual_gpu=1 target_tier=GPU target_device=1 input_bytes=26966844 local_bytes=26966844 remote_gpu_bytes=0 host_bytes=0 disk_bytes=0 batch_count=1
[2026-07-01 12:07:32.035] [info] [task_scheduler.cpp:367] [mgpu-audit] pipeline_task dispatched to GPU 1 task_id=344
[2026-07-01 12:07:32.035] [info] [task_scheduler.cpp:369] [locality-audit] dispatch task_id=344 preferred_device=1 actual_gpu=1
[2026-07-01 12:07:32.035] [info] [gpu_pipeline_task.cpp:311] [stage-audit] pipeline_id=37 task_id=340 operator_id=74 operator_name=PARTITION stage_kind=PARTITION operator_type=82 input_type=PIPELINEABLE output_type=PIPELINEABLE actual_gpu=1 pipeline_operator_count=1 input_batches=1 input_rows=749079 input_columns=5 input_bytes=26966844 output_batches=1 output_rows=749079 output_columns=5 output_bytes=26966844 byte_ratio=1.000000 row_ratio=1.000000 duration_us=1
[2026-07-01 12:07:32.035] [info] [gpu_pipeline_task.cpp:182] [locality-audit] prepare_after pipeline_id=37 task_id=350 preferred_device=2 actual_gpu=2 target_tier=GPU target_device=2 input_bytes=26960364 local_bytes=26960364 remote_gpu_bytes=0 host_bytes=0 disk_bytes=0 batch_count=1
[2026-07-01 12:07:32.035] [info] [gpu_pipeline_task.cpp:182] [locality-audit] prepare_before pipeline_id=37 task_id=346 preferred_device=3 actual_gpu=3 target_tier=GPU target_device=3 input_bytes=9004536 local_bytes=9004536 remote_gpu_bytes=0 host_bytes=0 disk_bytes=0 batch_count=1
[2026-07-01 12:07:32.035] [info] [gpu_pipeline_task.cpp:311] [stage-audit] pipeline_id=37 task_id=341 operator_id=74 operator_name=PARTITION stage_kind=PARTITION operator_type=82 input_type=PIPELINEABLE output_type=PIPELINEABLE actual_gpu=0 pipeline_operator_count=1 input_batches=1 input_rows=747387 input_columns=5 input_bytes=26905932 output_batches=1 output_rows=747387 output_columns=5 output_bytes=26905932 byte_ratio=1.000000 row_ratio=1.000000 duration_us=9
[2026-07-01 12:07:32.035] [info] [gpu_pipeline_task.cpp:182] [locality-audit] prepare_before pipeline_id=37 task_id=343 preferred_device=0 actual_gpu=0 target_tier=GPU target_device=0 input_bytes=8965764 local_bytes=8965764 remote_gpu_bytes=0 host_bytes=0 disk_bytes=0 batch_count=1
[2026-07-01 12:07:32.035] [info] [task_scheduler.cpp:367] [mgpu-audit] pipeline_task dispatched to GPU 0 task_id=355
[2026-07-01 12:07:32.035] [info] [gpu_pipeline_task.cpp:311] [stage-audit] pipeline_id=37 task_id=350 operator_id=74 operator_name=PARTITION stage_kind=PARTITION operator_type=82 input_type=PIPELINEABLE output_type=PIPELINEABLE actual_gpu=2 pipeline_operator_count=1 input_batches=1 input_rows=748899 input_columns=5 input_bytes=26960364 output_batches=1 output_rows=748899 output_columns=5 output_bytes=26960364 byte_ratio=1.000000 row_ratio=1.000000 duration_us=5
[2026-07-01 12:07:32.035] [info] [task_scheduler.cpp:369] [locality-audit] dispatch task_id=355 preferred_device=0 actual_gpu=0
[2026-07-01 12:07:32.035] [info] [gpu_pipeline_task.cpp:182] [locality-audit] prepare_after pipeline_id=37 task_id=346 preferred_device=3 actual_gpu=3 target_tier=GPU target_device=3 input_bytes=9004536 local_bytes=9004536 remote_gpu_bytes=0 host_bytes=0 disk_bytes=0 batch_count=1
[2026-07-01 12:07:32.035] [info] [gpu_pipeline_task.cpp:182] [locality-audit] prepare_after pipeline_id=37 task_id=343 preferred_device=0 actual_gpu=0 target_tier=GPU target_device=0 input_bytes=8965764 local_bytes=8965764 remote_gpu_bytes=0 host_bytes=0 disk_bytes=0 batch_count=1
[2026-07-01 12:07:32.035] [info] [task_scheduler.cpp:367] [mgpu-audit] pipeline_task dispatched to GPU 2 task_id=351
[2026-07-01 12:07:32.035] [info] [task_scheduler.cpp:369] [locality-audit] dispatch task_id=351 preferred_device=2 actual_gpu=2
[2026-07-01 12:07:32.035] [info] [task_scheduler.cpp:367] [mgpu-audit] pipeline_task dispatched to GPU 3 task_id=348
[2026-07-01 12:07:32.035] [info] [gpu_pipeline_task.cpp:311] [stage-audit] pipeline_id=37 task_id=346 operator_id=74 operator_name=PARTITION stage_kind=PARTITION operator_type=82 input_type=PIPELINEABLE output_type=PIPELINEABLE actual_gpu=3 pipeline_operator_count=1 input_batches=1 input_rows=250126 input_columns=5 input_bytes=9004536 output_batches=1 output_rows=250126 output_columns=5 output_bytes=9004536 byte_ratio=1.000000 row_ratio=1.000000 duration_us=9
[2026-07-01 12:07:32.035] [info] [gpu_pipeline_task.cpp:182] [locality-audit] prepare_before pipeline_id=37 task_id=344 preferred_device=1 actual_gpu=1 target_tier=GPU target_device=1 input_bytes=9010332 local_bytes=9010332 remote_gpu_bytes=0 host_bytes=0 disk_bytes=0 batch_count=1
[2026-07-01 12:07:32.035] [info] [gpu_pipeline_task.cpp:182] [locality-audit] prepare_before pipeline_id=37 task_id=355 preferred_device=0 actual_gpu=0 target_tier=GPU target_device=0 input_bytes=8999712 local_bytes=8999712 remote_gpu_bytes=0 host_bytes=0 disk_bytes=0 batch_count=1
[2026-07-01 12:07:32.035] [info] [task_scheduler.cpp:369] [locality-audit] dispatch task_id=348 preferred_device=3 actual_gpu=3
[2026-07-01 12:07:32.036] [info] [gpu_pipeline_task.cpp:311] [stage-audit] pipeline_id=37 task_id=343 operator_id=74 operator_name=PARTITION stage_kind=PARTITION operator_type=82 input_type=PIPELINEABLE output_type=PIPELINEABLE actual_gpu=0 pipeline_operator_count=1 input_batches=1 input_rows=249049 input_columns=5 input_bytes=8965764 output_batches=1 output_rows=249049 output_columns=5 output_bytes=8965764 byte_ratio=1.000000 row_ratio=1.000000 duration_us=7
[2026-07-01 12:07:32.036] [info] [task_scheduler.cpp:367] [mgpu-audit] pipeline_task dispatched to GPU 0 task_id=357
[2026-07-01 12:07:32.036] [info] [task_scheduler.cpp:369] [locality-audit] dispatch task_id=357 preferred_device=0 actual_gpu=0
[2026-07-01 12:07:32.036] [info] [gpu_pipeline_task.cpp:182] [locality-audit] prepare_after pipeline_id=37 task_id=355 preferred_device=0 actual_gpu=0 target_tier=GPU target_device=0 input_bytes=8999712 local_bytes=8999712 remote_gpu_bytes=0 host_bytes=0 disk_bytes=0 batch_count=1
[2026-07-01 12:07:32.036] [info] [gpu_pipeline_task.cpp:182] [locality-audit] prepare_after pipeline_id=37 task_id=344 preferred_device=1 actual_gpu=1 target_tier=GPU target_device=1 input_bytes=9010332 local_bytes=9010332 remote_gpu_bytes=0 host_bytes=0 disk_bytes=0 batch_count=1
[2026-07-01 12:07:32.036] [info] [gpu_pipeline_task.cpp:182] [locality-audit] prepare_before pipeline_id=37 task_id=351 preferred_device=2 actual_gpu=2 target_tier=GPU target_device=2 input_bytes=9026496 local_bytes=9026496 remote_gpu_bytes=0 host_bytes=0 disk_bytes=0 batch_count=1
[2026-07-01 12:07:32.036] [info] [gpu_pipeline_task.cpp:311] [stage-audit] pipeline_id=37 task_id=355 operator_id=74 operator_name=PARTITION stage_kind=PARTITION operator_type=82 input_type=PIPELINEABLE output_type=PIPELINEABLE actual_gpu=0 pipeline_operator_count=1 input_batches=1 input_rows=249992 input_columns=5 input_bytes=8999712 output_batches=1 output_rows=249992 output_columns=5 output_bytes=8999712 byte_ratio=1.000000 row_ratio=1.000000 duration_us=2
[2026-07-01 12:07:32.036] [info] [task_scheduler.cpp:367] [mgpu-audit] pipeline_task dispatched to GPU 2 task_id=353
[2026-07-01 12:07:32.036] [info] [task_scheduler.cpp:369] [locality-audit] dispatch task_id=353 preferred_device=2 actual_gpu=2
[2026-07-01 12:07:32.036] [info] [task_scheduler.cpp:367] [mgpu-audit] pipeline_task dispatched to GPU 3 task_id=356
[2026-07-01 12:07:32.036] [info] [task_scheduler.cpp:369] [locality-audit] dispatch task_id=356 preferred_device=3 actual_gpu=3
[2026-07-01 12:07:32.036] [info] [gpu_pipeline_task.cpp:182] [locality-audit] prepare_after pipeline_id=37 task_id=351 preferred_device=2 actual_gpu=2 target_tier=GPU target_device=2 input_bytes=9026496 local_bytes=9026496 remote_gpu_bytes=0 host_bytes=0 disk_bytes=0 batch_count=1
[2026-07-01 12:07:32.036] [info] [task_scheduler.cpp:367] [mgpu-audit] pipeline_task dispatched to GPU 1 task_id=347
[2026-07-01 12:07:32.036] [info] [task_scheduler.cpp:369] [locality-audit] dispatch task_id=347 preferred_device=1 actual_gpu=1
[2026-07-01 12:07:32.036] [info] [gpu_pipeline_task.cpp:182] [locality-audit] prepare_before pipeline_id=37 task_id=348 preferred_device=3 actual_gpu=3 target_tier=GPU target_device=3 input_bytes=9068544 local_bytes=9068544 remote_gpu_bytes=0 host_bytes=0 disk_bytes=0 batch_count=1
[2026-07-01 12:07:32.036] [info] [task_scheduler.cpp:367] [mgpu-audit] pipeline_task dispatched to GPU 0 task_id=359
[2026-07-01 12:07:32.036] [info] [gpu_pipeline_task.cpp:182] [locality-audit] prepare_before pipeline_id=37 task_id=353 preferred_device=2 actual_gpu=2 target_tier=GPU target_device=2 input_bytes=17961336 local_bytes=17961336 remote_gpu_bytes=0 host_bytes=0 disk_bytes=0 batch_count=1
[2026-07-01 12:07:32.036] [info] [task_scheduler.cpp:369] [locality-audit] dispatch task_id=359 preferred_device=0 actual_gpu=0
[2026-07-01 12:07:32.036] [info] [gpu_pipeline_task.cpp:311] [stage-audit] pipeline_id=37 task_id=344 operator_id=74 operator_name=PARTITION stage_kind=PARTITION operator_type=82 input_type=PIPELINEABLE output_type=PIPELINEABLE actual_gpu=1 pipeline_operator_count=1 input_batches=1 input_rows=250287 input_columns=5 input_bytes=9010332 output_batches=1 output_rows=250287 output_columns=5 output_bytes=9010332 byte_ratio=1.000000 row_ratio=1.000000 duration_us=8
[2026-07-01 12:07:32.036] [info] [gpu_pipeline_task.cpp:182] [locality-audit] prepare_after pipeline_id=37 task_id=353 preferred_device=2 actual_gpu=2 target_tier=GPU target_device=2 input_bytes=17961336 local_bytes=17961336 remote_gpu_bytes=0 host_bytes=0 disk_bytes=0 batch_count=1
[2026-07-01 12:07:32.036] [info] [task_scheduler.cpp:367] [mgpu-audit] pipeline_task dispatched to GPU 2 task_id=354
[2026-07-01 12:07:32.036] [info] [gpu_pipeline_task.cpp:311] [stage-audit] pipeline_id=37 task_id=353 operator_id=74 operator_name=PARTITION stage_kind=PARTITION operator_type=82 input_type=PIPELINEABLE output_type=PIPELINEABLE actual_gpu=2 pipeline_operator_count=1 input_batches=1 input_rows=498926 input_columns=5 input_bytes=17961336 output_batches=1 output_rows=498926 output_columns=5 output_bytes=17961336 byte_ratio=1.000000 row_ratio=1.000000 duration_us=1
[2026-07-01 12:07:32.036] [info] [gpu_pipeline_task.cpp:182] [locality-audit] prepare_after pipeline_id=37 task_id=348 preferred_device=3 actual_gpu=3 target_tier=GPU target_device=3 input_bytes=9068544 local_bytes=9068544 remote_gpu_bytes=0 host_bytes=0 disk_bytes=0 batch_count=1
[2026-07-01 12:07:32.036] [info] [gpu_pipeline_task.cpp:311] [stage-audit] pipeline_id=37 task_id=351 operator_id=74 operator_name=PARTITION stage_kind=PARTITION operator_type=82 input_type=PIPELINEABLE output_type=PIPELINEABLE actual_gpu=2 pipeline_operator_count=1 input_batches=1 input_rows=250736 input_columns=5 input_bytes=9026496 output_batches=1 output_rows=250736 output_columns=5 output_bytes=9026496 byte_ratio=1.000000 row_ratio=1.000000 duration_us=9
[2026-07-01 12:07:32.036] [info] [gpu_pipeline_task.cpp:182] [locality-audit] prepare_before pipeline_id=37 task_id=357 preferred_device=0 actual_gpu=0 target_tier=GPU target_device=0 input_bytes=26895240 local_bytes=26895240 remote_gpu_bytes=0 host_bytes=0 disk_bytes=0 batch_count=1
[2026-07-01 12:07:32.036] [info] [gpu_pipeline_task.cpp:182] [locality-audit] prepare_before pipeline_id=37 task_id=356 preferred_device=3 actual_gpu=3 target_tier=GPU target_device=3 input_bytes=26979768 local_bytes=26979768 remote_gpu_bytes=0 host_bytes=0 disk_bytes=0 batch_count=1
[2026-07-01 12:07:32.036] [info] [task_scheduler.cpp:369] [locality-audit] dispatch task_id=354 preferred_device=2 actual_gpu=2
[2026-07-01 12:07:32.036] [info] [gpu_pipeline_task.cpp:182] [locality-audit] prepare_before pipeline_id=37 task_id=359 preferred_device=0 actual_gpu=0 target_tier=GPU target_device=0 input_bytes=27089280 local_bytes=27089280 remote_gpu_bytes=0 host_bytes=0 disk_bytes=0 batch_count=1
[2026-07-01 12:07:32.036] [info] [task_scheduler.cpp:367] [mgpu-audit] pipeline_task dispatched to GPU 0 task_id=361
[2026-07-01 12:07:32.036] [info] [gpu_pipeline_task.cpp:182] [locality-audit] prepare_before pipeline_id=37 task_id=347 preferred_device=1 actual_gpu=1 target_tier=GPU target_device=1 input_bytes=27009936 local_bytes=27009936 remote_gpu_bytes=0 host_bytes=0 disk_bytes=0 batch_count=1
[2026-07-01 12:07:32.036] [info] [task_scheduler.cpp:369] [locality-audit] dispatch task_id=361 preferred_device=0 actual_gpu=0
[2026-07-01 12:07:32.036] [info] [gpu_pipeline_task.cpp:311] [stage-audit] pipeline_id=37 task_id=348 operator_id=74 operator_name=PARTITION stage_kind=PARTITION operator_type=82 input_type=PIPELINEABLE output_type=PIPELINEABLE actual_gpu=3 pipeline_operator_count=1 input_batches=1 input_rows=251904 input_columns=5 input_bytes=9068544 output_batches=1 output_rows=251904 output_columns=5 output_bytes=9068544 byte_ratio=1.000000 row_ratio=1.000000 duration_us=6
[2026-07-01 12:07:32.036] [info] [gpu_pipeline_task.cpp:182] [locality-audit] prepare_after pipeline_id=37 task_id=357 preferred_device=0 actual_gpu=0 target_tier=GPU target_device=0 input_bytes=26895240 local_bytes=26895240 remote_gpu_bytes=0 host_bytes=0 disk_bytes=0 batch_count=1
[2026-07-01 12:07:32.036] [info] [task_scheduler.cpp:367] [mgpu-audit] pipeline_task dispatched to GPU 2 task_id=363
[2026-07-01 12:07:32.036] [info] [gpu_pipeline_task.cpp:182] [locality-audit] prepare_after pipeline_id=37 task_id=356 preferred_device=3 actual_gpu=3 target_tier=GPU target_device=3 input_bytes=26979768 local_bytes=26979768 remote_gpu_bytes=0 host_bytes=0 disk_bytes=0 batch_count=1
[2026-07-01 12:07:32.036] [info] [task_scheduler.cpp:369] [locality-audit] dispatch task_id=363 preferred_device=2 actual_gpu=2
[2026-07-01 12:07:32.036] [info] [gpu_pipeline_task.cpp:182] [locality-audit] prepare_after pipeline_id=37 task_id=359 preferred_device=0 actual_gpu=0 target_tier=GPU target_device=0 input_bytes=27089280 local_bytes=27089280 remote_gpu_bytes=0 host_bytes=0 disk_bytes=0 batch_count=1
[2026-07-01 12:07:32.036] [info] [task_scheduler.cpp:367] [mgpu-audit] pipeline_task dispatched to GPU 3 task_id=360
[2026-07-01 12:07:32.036] [info] [task_scheduler.cpp:369] [locality-audit] dispatch task_id=360 preferred_device=3 actual_gpu=3
[2026-07-01 12:07:32.036] [info] [gpu_pipeline_task.cpp:182] [locality-audit] prepare_before pipeline_id=37 task_id=354 preferred_device=2 actual_gpu=2 target_tier=GPU target_device=2 input_bytes=26964900 local_bytes=26964900 remote_gpu_bytes=0 host_bytes=0 disk_bytes=0 batch_count=1
[2026-07-01 12:07:32.036] [info] [gpu_pipeline_task.cpp:311] [stage-audit] pipeline_id=37 task_id=357 operator_id=74 operator_name=PARTITION stage_kind=PARTITION operator_type=82 input_type=PIPELINEABLE output_type=PIPELINEABLE actual_gpu=0 pipeline_operator_count=1 input_batches=1 input_rows=747090 input_columns=5 input_bytes=26895240 output_batches=1 output_rows=747090 output_columns=5 output_bytes=26895240 byte_ratio=1.000000 row_ratio=1.000000 duration_us=7
[2026-07-01 12:07:32.036] [info] [task_scheduler.cpp:367] [mgpu-audit] pipeline_task dispatched to GPU 1 task_id=349
[2026-07-01 12:07:32.036] [info] [task_scheduler.cpp:369] [locality-audit] dispatch task_id=349 preferred_device=1 actual_gpu=1
[2026-07-01 12:07:32.036] [info] [gpu_pipeline_task.cpp:182] [locality-audit] prepare_before pipeline_id=37 task_id=361 preferred_device=0 actual_gpu=0 target_tier=GPU target_device=0 input_bytes=18014040 local_bytes=18014040 remote_gpu_bytes=0 host_bytes=0 disk_bytes=0 batch_count=1
[2026-07-01 12:07:32.036] [info] [gpu_pipeline_task.cpp:182] [locality-audit] prepare_before pipeline_id=37 task_id=360 preferred_device=3 actual_gpu=3 target_tier=GPU target_device=3 input_bytes=17913348 local_bytes=17913348 remote_gpu_bytes=0 host_bytes=0 disk_bytes=0 batch_count=1
[2026-07-01 12:07:32.036] [info] [gpu_pipeline_task.cpp:182] [locality-audit] prepare_before pipeline_id=37 task_id=363 preferred_device=2 actual_gpu=2 target_tier=GPU target_device=2 input_bytes=4478076 local_bytes=4478076 remote_gpu_bytes=0 host_bytes=0 disk_bytes=0 batch_count=1
[2026-07-01 12:07:32.036] [info] [gpu_pipeline_task.cpp:182] [locality-audit] prepare_after pipeline_id=37 task_id=360 preferred_device=3 actual_gpu=3 target_tier=GPU target_device=3 input_bytes=17913348 local_bytes=17913348 remote_gpu_bytes=0 host_bytes=0 disk_bytes=0 batch_count=1
[2026-07-01 12:07:32.036] [info] [gpu_pipeline_task.cpp:182] [locality-audit] prepare_after pipeline_id=37 task_id=354 preferred_device=2 actual_gpu=2 target_tier=GPU target_device=2 input_bytes=26964900 local_bytes=26964900 remote_gpu_bytes=0 host_bytes=0 disk_bytes=0 batch_count=1
[2026-07-01 12:07:32.036] [info] [gpu_pipeline_task.cpp:311] [stage-audit] pipeline_id=37 task_id=359 operator_id=74 operator_name=PARTITION stage_kind=PARTITION operator_type=82 input_type=PIPELINEABLE output_type=PIPELINEABLE actual_gpu=0 pipeline_operator_count=1 input_batches=1 input_rows=752480 input_columns=5 input_bytes=27089280 output_batches=1 output_rows=752480 output_columns=5 output_bytes=27089280 byte_ratio=1.000000 row_ratio=1.000000 duration_us=9
[2026-07-01 12:07:32.036] [info] [gpu_pipeline_task.cpp:311] [stage-audit] pipeline_id=37 task_id=360 operator_id=74 operator_name=PARTITION stage_kind=PARTITION operator_type=82 input_type=PIPELINEABLE output_type=PIPELINEABLE actual_gpu=3 pipeline_operator_count=1 input_batches=1 input_rows=497593 input_columns=5 input_bytes=17913348 output_batches=1 output_rows=497593 output_columns=5 output_bytes=17913348 byte_ratio=1.000000 row_ratio=1.000000 duration_us=2
[2026-07-01 12:07:32.036] [info] [gpu_pipeline_task.cpp:311] [stage-audit] pipeline_id=37 task_id=356 operator_id=74 operator_name=PARTITION stage_kind=PARTITION operator_type=82 input_type=PIPELINEABLE output_type=PIPELINEABLE actual_gpu=3 pipeline_operator_count=1 input_batches=1 input_rows=749438 input_columns=5 input_bytes=26979768 output_batches=1 output_rows=749438 output_columns=5 output_bytes=26979768 byte_ratio=1.000000 row_ratio=1.000000 duration_us=10
[2026-07-01 12:07:32.036] [info] [gpu_pipeline_task.cpp:182] [locality-audit] prepare_after pipeline_id=37 task_id=361 preferred_device=0 actual_gpu=0 target_tier=GPU target_device=0 input_bytes=18014040 local_bytes=18014040 remote_gpu_bytes=0 host_bytes=0 disk_bytes=0 batch_count=1
[2026-07-01 12:07:32.036] [info] [task_scheduler.cpp:367] [mgpu-audit] pipeline_task dispatched to GPU 0 task_id=367
[2026-07-01 12:07:32.036] [info] [gpu_pipeline_task.cpp:182] [locality-audit] prepare_after pipeline_id=37 task_id=347 preferred_device=1 actual_gpu=1 target_tier=GPU target_device=1 input_bytes=27009936 local_bytes=27009936 remote_gpu_bytes=0 host_bytes=0 disk_bytes=0 batch_count=1
[2026-07-01 12:07:32.036] [info] [gpu_pipeline_task.cpp:182] [locality-audit] prepare_before pipeline_id=37 task_id=349 preferred_device=1 actual_gpu=1 target_tier=GPU target_device=1 input_bytes=9072828 local_bytes=9072828 remote_gpu_bytes=0 host_bytes=0 disk_bytes=0 batch_count=1
[2026-07-01 12:07:32.036] [info] [gpu_pipeline_task.cpp:182] [locality-audit] prepare_after pipeline_id=37 task_id=363 preferred_device=2 actual_gpu=2 target_tier=GPU target_device=2 input_bytes=4478076 local_bytes=4478076 remote_gpu_bytes=0 host_bytes=0 disk_bytes=0 batch_count=1
[2026-07-01 12:07:32.036] [info] [gpu_pipeline_task.cpp:311] [stage-audit] pipeline_id=37 task_id=361 operator_id=74 operator_name=PARTITION stage_kind=PARTITION operator_type=82 input_type=PIPELINEABLE output_type=PIPELINEABLE actual_gpu=0 pipeline_operator_count=1 input_batches=1 input_rows=500390 input_columns=5 input_bytes=18014040 output_batches=1 output_rows=500390 output_columns=5 output_bytes=18014040 byte_ratio=1.000000 row_ratio=1.000000 duration_us=6
[2026-07-01 12:07:32.036] [info] [gpu_pipeline_task.cpp:311] [stage-audit] pipeline_id=37 task_id=354 operator_id=74 operator_name=PARTITION stage_kind=PARTITION operator_type=82 input_type=PIPELINEABLE output_type=PIPELINEABLE actual_gpu=2 pipeline_operator_count=1 input_batches=1 input_rows=749025 input_columns=5 input_bytes=26964900 output_batches=1 output_rows=749025 output_columns=5 output_bytes=26964900 byte_ratio=1.000000 row_ratio=1.000000 duration_us=7
[2026-07-01 12:07:32.036] [info] [gpu_pipeline_task.cpp:182] [locality-audit] prepare_after pipeline_id=37 task_id=349 preferred_device=1 actual_gpu=1 target_tier=GPU target_device=1 input_bytes=9072828 local_bytes=9072828 remote_gpu_bytes=0 host_bytes=0 disk_bytes=0 batch_count=1
[2026-07-01 12:07:32.036] [info] [gpu_pipeline_task.cpp:311] [stage-audit] pipeline_id=37 task_id=349 operator_id=74 operator_name=PARTITION stage_kind=PARTITION operator_type=82 input_type=PIPELINEABLE output_type=PIPELINEABLE actual_gpu=1 pipeline_operator_count=1 input_batches=1 input_rows=252023 input_columns=5 input_bytes=9072828 output_batches=1 output_rows=252023 output_columns=5 output_bytes=9072828 byte_ratio=1.000000 row_ratio=1.000000 duration_us=2
[2026-07-01 12:07:32.036] [info] [task_scheduler.cpp:369] [locality-audit] dispatch task_id=367 preferred_device=0 actual_gpu=0
[2026-07-01 12:07:32.036] [info] [gpu_pipeline_task.cpp:311] [stage-audit] pipeline_id=37 task_id=347 operator_id=74 operator_name=PARTITION stage_kind=PARTITION operator_type=82 input_type=PIPELINEABLE output_type=PIPELINEABLE actual_gpu=1 pipeline_operator_count=1 input_batches=1 input_rows=750276 input_columns=5 input_bytes=27009936 output_batches=1 output_rows=750276 output_columns=5 output_bytes=27009936 byte_ratio=1.000000 row_ratio=1.000000 duration_us=10
[2026-07-01 12:07:32.036] [info] [gpu_pipeline_task.cpp:311] [stage-audit] pipeline_id=37 task_id=363 operator_id=74 operator_name=PARTITION stage_kind=PARTITION operator_type=82 input_type=PIPELINEABLE output_type=PIPELINEABLE actual_gpu=2 pipeline_operator_count=1 input_batches=1 input_rows=124391 input_columns=5 input_bytes=4478076 output_batches=1 output_rows=124391 output_columns=5 output_bytes=4478076 byte_ratio=1.000000 row_ratio=1.000000 duration_us=9
[2026-07-01 12:07:32.036] [info] [task_scheduler.cpp:367] [mgpu-audit] pipeline_task dispatched to GPU 2 task_id=364
[2026-07-01 12:07:32.036] [info] [task_scheduler.cpp:369] [locality-audit] dispatch task_id=364 preferred_device=2 actual_gpu=2
[2026-07-01 12:07:32.036] [info] [task_scheduler.cpp:367] [mgpu-audit] pipeline_task dispatched to GPU 0 task_id=368
[2026-07-01 12:07:32.036] [info] [task_scheduler.cpp:369] [locality-audit] dispatch task_id=368 preferred_device=0 actual_gpu=0
[2026-07-01 12:07:32.036] [info] [task_scheduler.cpp:367] [mgpu-audit] pipeline_task dispatched to GPU 2 task_id=366
[2026-07-01 12:07:32.036] [info] [task_scheduler.cpp:369] [locality-audit] dispatch task_id=366 preferred_device=2 actual_gpu=2
[2026-07-01 12:07:32.036] [info] [gpu_pipeline_task.cpp:182] [locality-audit] prepare_before pipeline_id=37 task_id=367 preferred_device=0 actual_gpu=0 target_tier=GPU target_device=0 input_bytes=4503096 local_bytes=4503096 remote_gpu_bytes=0 host_bytes=0 disk_bytes=0 batch_count=1
[2026-07-01 12:07:32.036] [info] [task_scheduler.cpp:367] [mgpu-audit] pipeline_task dispatched to GPU 3 task_id=362
[2026-07-01 12:07:32.036] [info] [task_scheduler.cpp:369] [locality-audit] dispatch task_id=362 preferred_device=3 actual_gpu=3
[2026-07-01 12:07:32.036] [info] [gpu_pipeline_task.cpp:182] [locality-audit] prepare_after pipeline_id=37 task_id=367 preferred_device=0 actual_gpu=0 target_tier=GPU target_device=0 input_bytes=4503096 local_bytes=4503096 remote_gpu_bytes=0 host_bytes=0 disk_bytes=0 batch_count=1
[2026-07-01 12:07:32.036] [info] [gpu_pipeline_task.cpp:182] [locality-audit] prepare_before pipeline_id=37 task_id=368 preferred_device=0 actual_gpu=0 target_tier=GPU target_device=0 input_bytes=26892684 local_bytes=26892684 remote_gpu_bytes=0 host_bytes=0 disk_bytes=0 batch_count=1
[2026-07-01 12:07:32.036] [info] [gpu_pipeline_task.cpp:311] [stage-audit] pipeline_id=37 task_id=367 operator_id=74 operator_name=PARTITION stage_kind=PARTITION operator_type=82 input_type=PIPELINEABLE output_type=PIPELINEABLE actual_gpu=0 pipeline_operator_count=1 input_batches=1 input_rows=125086 input_columns=5 input_bytes=4503096 output_batches=1 output_rows=125086 output_columns=5 output_bytes=4503096 byte_ratio=1.000000 row_ratio=1.000000 duration_us=2
[2026-07-01 12:07:32.036] [info] [gpu_pipeline_task.cpp:182] [locality-audit] prepare_before pipeline_id=37 task_id=366 preferred_device=2 actual_gpu=2 target_tier=GPU target_device=2 input_bytes=27089352 local_bytes=27089352 remote_gpu_bytes=0 host_bytes=0 disk_bytes=0 batch_count=1
[2026-07-01 12:07:32.036] [info] [task_scheduler.cpp:367] [mgpu-audit] pipeline_task dispatched to GPU 1 task_id=352
[2026-07-01 12:07:32.036] [info] [task_scheduler.cpp:369] [locality-audit] dispatch task_id=352 preferred_device=1 actual_gpu=1
[2026-07-01 12:07:32.036] [info] [gpu_pipeline_task.cpp:182] [locality-audit] prepare_before pipeline_id=37 task_id=364 preferred_device=2 actual_gpu=2 target_tier=GPU target_device=2 input_bytes=26915292 local_bytes=26915292 remote_gpu_bytes=0 host_bytes=0 disk_bytes=0 batch_count=1
[2026-07-01 12:07:32.036] [info] [gpu_pipeline_task.cpp:182] [locality-audit] prepare_after pipeline_id=37 task_id=368 preferred_device=0 actual_gpu=0 target_tier=GPU target_device=0 input_bytes=26892684 local_bytes=26892684 remote_gpu_bytes=0 host_bytes=0 disk_bytes=0 batch_count=1
[2026-07-01 12:07:32.036] [info] [gpu_pipeline_task.cpp:182] [locality-audit] prepare_after pipeline_id=37 task_id=366 preferred_device=2 actual_gpu=2 target_tier=GPU target_device=2 input_bytes=27089352 local_bytes=27089352 remote_gpu_bytes=0 host_bytes=0 disk_bytes=0 batch_count=1
[2026-07-01 12:07:32.036] [info] [gpu_pipeline_task.cpp:182] [locality-audit] prepare_after pipeline_id=37 task_id=364 preferred_device=2 actual_gpu=2 target_tier=GPU target_device=2 input_bytes=26915292 local_bytes=26915292 remote_gpu_bytes=0 host_bytes=0 disk_bytes=0 batch_count=1
[2026-07-01 12:07:32.036] [info] [task_scheduler.cpp:367] [mgpu-audit] pipeline_task dispatched to GPU 0 task_id=375
[2026-07-01 12:07:32.036] [info] [task_scheduler.cpp:369] [locality-audit] dispatch task_id=375 preferred_device=0 actual_gpu=0
[2026-07-01 12:07:32.036] [info] [gpu_pipeline_task.cpp:182] [locality-audit] prepare_before pipeline_id=37 task_id=362 preferred_device=3 actual_gpu=3 target_tier=GPU target_device=3 input_bytes=9015588 local_bytes=9015588 remote_gpu_bytes=0 host_bytes=0 disk_bytes=0 batch_count=1
[2026-07-01 12:07:32.036] [info] [gpu_pipeline_task.cpp:311] [stage-audit] pipeline_id=37 task_id=364 operator_id=74 operator_name=PARTITION stage_kind=PARTITION operator_type=82 input_type=PIPELINEABLE output_type=PIPELINEABLE actual_gpu=2 pipeline_operator_count=1 input_batches=1 input_rows=747647 input_columns=5 input_bytes=26915292 output_batches=1 output_rows=747647 output_columns=5 output_bytes=26915292 byte_ratio=1.000000 row_ratio=1.000000 duration_us=1
[2026-07-01 12:07:32.036] [info] [task_scheduler.cpp:367] [mgpu-audit] pipeline_task dispatched to GPU 3 task_id=365
[2026-07-01 12:07:32.036] [info] [task_scheduler.cpp:369] [locality-audit] dispatch task_id=365 preferred_device=3 actual_gpu=3
[2026-07-01 12:07:32.036] [info] [gpu_pipeline_task.cpp:311] [stage-audit] pipeline_id=37 task_id=366 operator_id=74 operator_name=PARTITION stage_kind=PARTITION operator_type=82 input_type=PIPELINEABLE output_type=PIPELINEABLE actual_gpu=2 pipeline_operator_count=1 input_batches=1 input_rows=752482 input_columns=5 input_bytes=27089352 output_batches=1 output_rows=752482 output_columns=5 output_bytes=27089352 byte_ratio=1.000000 row_ratio=1.000000 duration_us=7
[2026-07-01 12:07:32.036] [info] [gpu_pipeline_task.cpp:311] [stage-audit] pipeline_id=37 task_id=368 operator_id=74 operator_name=PARTITION stage_kind=PARTITION operator_type=82 input_type=PIPELINEABLE output_type=PIPELINEABLE actual_gpu=0 pipeline_operator_count=1 input_batches=1 input_rows=747019 input_columns=5 input_bytes=26892684 output_batches=1 output_rows=747019 output_columns=5 output_bytes=26892684 byte_ratio=1.000000 row_ratio=1.000000 duration_us=5
[2026-07-01 12:07:32.036] [info] [gpu_pipeline_task.cpp:182] [locality-audit] prepare_before pipeline_id=37 task_id=365 preferred_device=3 actual_gpu=3 target_tier=GPU target_device=3 input_bytes=26974980 local_bytes=26974980 remote_gpu_bytes=0 host_bytes=0 disk_bytes=0 batch_count=1
[2026-07-01 12:07:32.036] [info] [task_scheduler.cpp:367] [mgpu-audit] pipeline_task dispatched to GPU 0 task_id=376
[2026-07-01 12:07:32.036] [info] [task_scheduler.cpp:369] [locality-audit] dispatch task_id=376 preferred_device=0 actual_gpu=0
[2026-07-01 12:07:32.036] [info] [gpu_pipeline_task.cpp:182] [locality-audit] prepare_before pipeline_id=37 task_id=352 preferred_device=1 actual_gpu=1 target_tier=GPU target_device=1 input_bytes=8980128 local_bytes=8980128 remote_gpu_bytes=0 host_bytes=0 disk_bytes=0 batch_count=1
[2026-07-01 12:07:32.036] [info] [gpu_pipeline_task.cpp:182] [locality-audit] prepare_after pipeline_id=37 task_id=365 preferred_device=3 actual_gpu=3 target_tier=GPU target_device=3 input_bytes=26974980 local_bytes=26974980 remote_gpu_bytes=0 host_bytes=0 disk_bytes=0 batch_count=1
[2026-07-01 12:07:32.036] [info] [gpu_pipeline_task.cpp:182] [locality-audit] prepare_after pipeline_id=37 task_id=362 preferred_device=3 actual_gpu=3 target_tier=GPU target_device=3 input_bytes=9015588 local_bytes=9015588 remote_gpu_bytes=0 host_bytes=0 disk_bytes=0 batch_count=1
[2026-07-01 12:07:32.036] [info] [task_scheduler.cpp:367] [mgpu-audit] pipeline_task dispatched to GPU 3 task_id=372
[2026-07-01 12:07:32.036] [info] [gpu_pipeline_task.cpp:182] [locality-audit] prepare_after pipeline_id=37 task_id=352 preferred_device=1 actual_gpu=1 target_tier=GPU target_device=1 input_bytes=8980128 local_bytes=8980128 remote_gpu_bytes=0 host_bytes=0 disk_bytes=0 batch_count=1
[2026-07-01 12:07:32.036] [info] [gpu_pipeline_task.cpp:182] [locality-audit] prepare_before pipeline_id=38 task_id=375 preferred_device=0 actual_gpu=0 target_tier=GPU target_device=0 input_bytes=531235476 local_bytes=144075348 remote_gpu_bytes=387160128 host_bytes=0 disk_bytes=0 batch_count=29
[2026-07-01 12:07:32.036] [info] [task_scheduler.cpp:369] [locality-audit] dispatch task_id=372 preferred_device=3 actual_gpu=3
[2026-07-01 12:07:32.036] [info] [gpu_pipeline_task.cpp:311] [stage-audit] pipeline_id=37 task_id=365 operator_id=74 operator_name=PARTITION stage_kind=PARTITION operator_type=82 input_type=PIPELINEABLE output_type=PIPELINEABLE actual_gpu=3 pipeline_operator_count=1 input_batches=1 input_rows=749305 input_columns=5 input_bytes=26974980 output_batches=1 output_rows=749305 output_columns=5 output_bytes=26974980 byte_ratio=1.000000 row_ratio=1.000000 duration_us=3
[2026-07-01 12:07:32.036] [info] [gpu_pipeline_task.cpp:311] [stage-audit] pipeline_id=37 task_id=362 operator_id=74 operator_name=PARTITION stage_kind=PARTITION operator_type=82 input_type=PIPELINEABLE output_type=PIPELINEABLE actual_gpu=3 pipeline_operator_count=1 input_batches=1 input_rows=250433 input_columns=5 input_bytes=9015588 output_batches=1 output_rows=250433 output_columns=5 output_bytes=9015588 byte_ratio=1.000000 row_ratio=1.000000 duration_us=4
[2026-07-01 12:07:32.036] [info] [task_scheduler.cpp:367] [mgpu-audit] pipeline_task dispatched to GPU 1 task_id=358
[2026-07-01 12:07:32.036] [info] [task_scheduler.cpp:369] [locality-audit] dispatch task_id=358 preferred_device=1 actual_gpu=1
[2026-07-01 12:07:32.036] [info] [gpu_pipeline_task.cpp:182] [locality-audit] prepare_before pipeline_id=38 task_id=376 preferred_device=0 actual_gpu=0 target_tier=GPU target_device=0 input_bytes=171234468 local_bytes=35958276 remote_gpu_bytes=135276192 host_bytes=0 disk_bytes=0 batch_count=9
[2026-07-01 12:07:32.036] [info] [gpu_pipeline_task.cpp:311] [stage-audit] pipeline_id=37 task_id=352 operator_id=74 operator_name=PARTITION stage_kind=PARTITION operator_type=82 input_type=PIPELINEABLE output_type=PIPELINEABLE actual_gpu=1 pipeline_operator_count=1 input_batches=1 input_rows=249448 input_columns=5 input_bytes=8980128 output_batches=1 output_rows=249448 output_columns=5 output_bytes=8980128 byte_ratio=1.000000 row_ratio=1.000000 duration_us=3
[2026-07-01 12:07:32.036] [info] [gpu_pipeline_task.cpp:182] [locality-audit] prepare_before pipeline_id=37 task_id=372 preferred_device=3 actual_gpu=3 target_tier=GPU target_device=3 input_bytes=4498704 local_bytes=4498704 remote_gpu_bytes=0 host_bytes=0 disk_bytes=0 batch_count=1
[2026-07-01 12:07:32.036] [info] [task_scheduler.cpp:367] [mgpu-audit] pipeline_task dispatched to GPU 0 task_id=377
[2026-07-01 12:07:32.036] [info] [task_scheduler.cpp:369] [locality-audit] dispatch task_id=377 preferred_device=0 actual_gpu=0
[2026-07-01 12:07:32.036] [info] [gpu_pipeline_task.cpp:182] [locality-audit] prepare_before pipeline_id=37 task_id=358 preferred_device=1 actual_gpu=1 target_tier=GPU target_device=1 input_bytes=26971128 local_bytes=26971128 remote_gpu_bytes=0 host_bytes=0 disk_bytes=0 batch_count=1
[2026-07-01 12:07:32.036] [info] [task_scheduler.cpp:367] [mgpu-audit] pipeline_task dispatched to GPU 0 task_id=378
[2026-07-01 12:07:32.036] [info] [task_scheduler.cpp:369] [locality-audit] dispatch task_id=378 preferred_device=0 actual_gpu=0
[2026-07-01 12:07:32.036] [info] [gpu_pipeline_task.cpp:182] [locality-audit] prepare_after pipeline_id=37 task_id=372 preferred_device=3 actual_gpu=3 target_tier=GPU target_device=3 input_bytes=4498704 local_bytes=4498704 remote_gpu_bytes=0 host_bytes=0 disk_bytes=0 batch_count=1
[2026-07-01 12:07:32.036] [info] [task_scheduler.cpp:367] [mgpu-audit] pipeline_task dispatched to GPU 3 task_id=373
[2026-07-01 12:07:32.036] [info] [task_scheduler.cpp:369] [locality-audit] dispatch task_id=373 preferred_device=3 actual_gpu=3
[2026-07-01 12:07:32.036] [info] [task_scheduler.cpp:367] [mgpu-audit] pipeline_task dispatched to GPU 1 task_id=369
[2026-07-01 12:07:32.036] [info] [task_scheduler.cpp:369] [locality-audit] dispatch task_id=369 preferred_device=1 actual_gpu=1
[2026-07-01 12:07:32.036] [info] [gpu_pipeline_task.cpp:182] [locality-audit] prepare_before pipeline_id=38 task_id=377 preferred_device=0 actual_gpu=0 target_tier=GPU target_device=0 input_bytes=62872128 local_bytes=26905932 remote_gpu_bytes=35966196 host_bytes=0 disk_bytes=0 batch_count=3
[2026-07-01 12:07:32.036] [info] [task_scheduler.cpp:367] [mgpu-audit] pipeline_task dispatched to GPU 1 task_id=370
[2026-07-01 12:07:32.036] [info] [task_scheduler.cpp:369] [locality-audit] dispatch task_id=370 preferred_device=1 actual_gpu=1
[2026-07-01 12:07:32.036] [info] [task_scheduler.cpp:367] [mgpu-audit] pipeline_task dispatched to GPU 1 task_id=371
[2026-07-01 12:07:32.036] [info] [gpu_pipeline_task.cpp:182] [locality-audit] prepare_before pipeline_id=38 task_id=378 preferred_device=0 actual_gpu=0 target_tier=GPU target_device=0 input_bytes=26960364 local_bytes=0 remote_gpu_bytes=26960364 host_bytes=0 disk_bytes=0 batch_count=1
[2026-07-01 12:07:32.036] [info] [task_scheduler.cpp:369] [locality-audit] dispatch task_id=371 preferred_device=1 actual_gpu=1
[2026-07-01 12:07:32.036] [info] [gpu_pipeline_task.cpp:182] [locality-audit] prepare_after pipeline_id=37 task_id=358 preferred_device=1 actual_gpu=1 target_tier=GPU target_device=1 input_bytes=26971128 local_bytes=26971128 remote_gpu_bytes=0 host_bytes=0 disk_bytes=0 batch_count=1
[2026-07-01 12:07:32.036] [info] [gpu_pipeline_task.cpp:182] [locality-audit] prepare_before pipeline_id=37 task_id=373 preferred_device=3 actual_gpu=3 target_tier=GPU target_device=3 input_bytes=27024588 local_bytes=27024588 remote_gpu_bytes=0 host_bytes=0 disk_bytes=0 batch_count=1
[2026-07-01 12:07:32.036] [info] [task_scheduler.cpp:367] [mgpu-audit] pipeline_task dispatched to GPU 1 task_id=374
[2026-07-01 12:07:32.036] [info] [gpu_pipeline_task.cpp:182] [locality-audit] prepare_after pipeline_id=37 task_id=373 preferred_device=3 actual_gpu=3 target_tier=GPU target_device=3 input_bytes=27024588 local_bytes=27024588 remote_gpu_bytes=0 host_bytes=0 disk_bytes=0 batch_count=1
[2026-07-01 12:07:32.036] [info] [task_scheduler.cpp:369] [locality-audit] dispatch task_id=374 preferred_device=1 actual_gpu=1
[2026-07-01 12:07:32.036] [info] [gpu_pipeline_task.cpp:311] [stage-audit] pipeline_id=37 task_id=358 operator_id=74 operator_name=PARTITION stage_kind=PARTITION operator_type=82 input_type=PIPELINEABLE output_type=PIPELINEABLE actual_gpu=1 pipeline_operator_count=1 input_batches=1 input_rows=749198 input_columns=5 input_bytes=26971128 output_batches=1 output_rows=749198 output_columns=5 output_bytes=26971128 byte_ratio=1.000000 row_ratio=1.000000 duration_us=4
[2026-07-01 12:07:32.036] [info] [gpu_pipeline_task.cpp:182] [locality-audit] prepare_before pipeline_id=37 task_id=371 preferred_device=1 actual_gpu=1 target_tier=GPU target_device=1 input_bytes=4519908 local_bytes=4519908 remote_gpu_bytes=0 host_bytes=0 disk_bytes=0 batch_count=1
[2026-07-01 12:07:32.036] [info] [gpu_pipeline_task.cpp:182] [locality-audit] prepare_before pipeline_id=37 task_id=369 preferred_device=1 actual_gpu=1 target_tier=GPU target_device=1 input_bytes=27031176 local_bytes=27031176 remote_gpu_bytes=0 host_bytes=0 disk_bytes=0 batch_count=1
[2026-07-01 12:07:32.036] [info] [gpu_pipeline_task.cpp:311] [stage-audit] pipeline_id=37 task_id=372 operator_id=74 operator_name=PARTITION stage_kind=PARTITION operator_type=82 input_type=PIPELINEABLE output_type=PIPELINEABLE actual_gpu=3 pipeline_operator_count=1 input_batches=1 input_rows=124964 input_columns=5 input_bytes=4498704 output_batches=1 output_rows=124964 output_columns=5 output_bytes=4498704 byte_ratio=1.000000 row_ratio=1.000000 duration_us=36
[2026-07-01 12:07:32.036] [info] [gpu_pipeline_task.cpp:182] [locality-audit] prepare_before pipeline_id=37 task_id=370 preferred_device=1 actual_gpu=1 target_tier=GPU target_device=1 input_bytes=17969796 local_bytes=17969796 remote_gpu_bytes=0 host_bytes=0 disk_bytes=0 batch_count=1
[2026-07-01 12:07:32.036] [info] [gpu_pipeline_task.cpp:182] [locality-audit] prepare_after pipeline_id=37 task_id=369 preferred_device=1 actual_gpu=1 target_tier=GPU target_device=1 input_bytes=27031176 local_bytes=27031176 remote_gpu_bytes=0 host_bytes=0 disk_bytes=0 batch_count=1
[2026-07-01 12:07:32.036] [info] [gpu_pipeline_task.cpp:311] [stage-audit] pipeline_id=37 task_id=373 operator_id=74 operator_name=PARTITION stage_kind=PARTITION operator_type=82 input_type=PIPELINEABLE output_type=PIPELINEABLE actual_gpu=3 pipeline_operator_count=1 input_batches=1 input_rows=750683 input_columns=5 input_bytes=27024588 output_batches=1 output_rows=750683 output_columns=5 output_bytes=27024588 byte_ratio=1.000000 row_ratio=1.000000 duration_us=3
[2026-07-01 12:07:32.036] [info] [gpu_pipeline_task.cpp:182] [locality-audit] prepare_after pipeline_id=37 task_id=371 preferred_device=1 actual_gpu=1 target_tier=GPU target_device=1 input_bytes=4519908 local_bytes=4519908 remote_gpu_bytes=0 host_bytes=0 disk_bytes=0 batch_count=1
[2026-07-01 12:07:32.036] [info] [gpu_pipeline_task.cpp:311] [stage-audit] pipeline_id=37 task_id=369 operator_id=74 operator_name=PARTITION stage_kind=PARTITION operator_type=82 input_type=PIPELINEABLE output_type=PIPELINEABLE actual_gpu=1 pipeline_operator_count=1 input_batches=1 input_rows=750866 input_columns=5 input_bytes=27031176 output_batches=1 output_rows=750866 output_columns=5 output_bytes=27031176 byte_ratio=1.000000 row_ratio=1.000000 duration_us=2
[2026-07-01 12:07:32.036] [info] [gpu_pipeline_task.cpp:182] [locality-audit] prepare_after pipeline_id=37 task_id=370 preferred_device=1 actual_gpu=1 target_tier=GPU target_device=1 input_bytes=17969796 local_bytes=17969796 remote_gpu_bytes=0 host_bytes=0 disk_bytes=0 batch_count=1
[2026-07-01 12:07:32.036] [info] [gpu_pipeline_task.cpp:311] [stage-audit] pipeline_id=37 task_id=371 operator_id=74 operator_name=PARTITION stage_kind=PARTITION operator_type=82 input_type=PIPELINEABLE output_type=PIPELINEABLE actual_gpu=1 pipeline_operator_count=1 input_batches=1 input_rows=125553 input_columns=5 input_bytes=4519908 output_batches=1 output_rows=125553 output_columns=5 output_bytes=4519908 byte_ratio=1.000000 row_ratio=1.000000 duration_us=3
[2026-07-01 12:07:32.036] [info] [gpu_pipeline_task.cpp:182] [locality-audit] prepare_before pipeline_id=37 task_id=374 preferred_device=1 actual_gpu=1 target_tier=GPU target_device=1 input_bytes=27059472 local_bytes=27059472 remote_gpu_bytes=0 host_bytes=0 disk_bytes=0 batch_count=1
[2026-07-01 12:07:32.036] [info] [gpu_pipeline_task.cpp:311] [stage-audit] pipeline_id=37 task_id=370 operator_id=74 operator_name=PARTITION stage_kind=PARTITION operator_type=82 input_type=PIPELINEABLE output_type=PIPELINEABLE actual_gpu=1 pipeline_operator_count=1 input_batches=1 input_rows=499161 input_columns=5 input_bytes=17969796 output_batches=1 output_rows=499161 output_columns=5 output_bytes=17969796 byte_ratio=1.000000 row_ratio=1.000000 duration_us=11
[2026-07-01 12:07:32.036] [info] [gpu_pipeline_task.cpp:182] [locality-audit] prepare_after pipeline_id=37 task_id=374 preferred_device=1 actual_gpu=1 target_tier=GPU target_device=1 input_bytes=27059472 local_bytes=27059472 remote_gpu_bytes=0 host_bytes=0 disk_bytes=0 batch_count=1
[2026-07-01 12:07:32.036] [info] [gpu_pipeline_task.cpp:311] [stage-audit] pipeline_id=37 task_id=374 operator_id=74 operator_name=PARTITION stage_kind=PARTITION operator_type=82 input_type=PIPELINEABLE output_type=PIPELINEABLE actual_gpu=1 pipeline_operator_count=1 input_batches=1 input_rows=751652 input_columns=5 input_bytes=27059472 output_batches=1 output_rows=751652 output_columns=5 output_bytes=27059472 byte_ratio=1.000000 row_ratio=1.000000 duration_us=4
[2026-07-01 12:07:32.036] [info] [task_scheduler.cpp:367] [mgpu-audit] pipeline_task dispatched to GPU 0 task_id=379
[2026-07-01 12:07:32.036] [info] [task_scheduler.cpp:369] [locality-audit] dispatch task_id=379 preferred_device=0 actual_gpu=0
[2026-07-01 12:07:32.041] [info] [gpu_pipeline_task.cpp:182] [locality-audit] prepare_after pipeline_id=38 task_id=378 preferred_device=0 actual_gpu=0 target_tier=GPU target_device=0 input_bytes=26960364 local_bytes=26960364 remote_gpu_bytes=0 host_bytes=0 disk_bytes=0 batch_count=1
[2026-07-01 12:07:32.041] [info] [gpu_pipeline_task.cpp:311] [stage-audit] pipeline_id=38 task_id=378 operator_id=73 operator_name=CONCAT stage_kind=CONCAT operator_type=83 input_type=PARTITIONED output_type=PARTITIONED actual_gpu=0 pipeline_operator_count=1 input_batches=1 input_rows=748899 input_columns=5 input_bytes=26960364 output_batches=1 output_rows=748899 output_columns=5 output_bytes=26960364 byte_ratio=1.000000 row_ratio=1.000000 duration_us=2
[2026-07-01 12:07:32.041] [info] [task_scheduler.cpp:367] [mgpu-audit] pipeline_task dispatched to GPU 2 task_id=380
[2026-07-01 12:07:32.041] [info] [task_scheduler.cpp:369] [locality-audit] dispatch task_id=380 preferred_device=2 actual_gpu=2
[2026-07-01 12:07:32.041] [info] [gpu_pipeline_task.cpp:182] [locality-audit] prepare_before pipeline_id=38 task_id=379 preferred_device=0 actual_gpu=0 target_tier=GPU target_device=0 input_bytes=521900028 local_bytes=121359816 remote_gpu_bytes=400540212 host_bytes=0 disk_bytes=0 batch_count=30
[2026-07-01 12:07:32.041] [info] [gpu_pipeline_task.cpp:182] [locality-audit] prepare_before pipeline_id=39 task_id=380 preferred_device=2 actual_gpu=2 target_tier=GPU target_device=2 input_bytes=28043516 local_bytes=0 remote_gpu_bytes=28043516 host_bytes=0 disk_bytes=0 batch_count=2
[2026-07-01 12:07:32.043] [info] [gpu_pipeline_task.cpp:182] [locality-audit] prepare_after pipeline_id=38 task_id=377 preferred_device=0 actual_gpu=0 target_tier=GPU target_device=0 input_bytes=62872128 local_bytes=62872128 remote_gpu_bytes=0 host_bytes=0 disk_bytes=0 batch_count=3
[2026-07-01 12:07:32.044] [info] [gpu_pipeline_task.cpp:311] [stage-audit] pipeline_id=38 task_id=377 operator_id=73 operator_name=CONCAT stage_kind=CONCAT operator_type=83 input_type=PARTITIONED output_type=PARTITIONED actual_gpu=0 pipeline_operator_count=1 input_batches=3 input_rows=1746448 input_columns=15 input_bytes=62872128 output_batches=1 output_rows=1746448 output_columns=5 output_bytes=62872128 byte_ratio=1.000000 row_ratio=1.000000 duration_us=1574
[2026-07-01 12:07:32.045] [info] [gpu_pipeline_task.cpp:182] [locality-audit] prepare_after pipeline_id=39 task_id=380 preferred_device=2 actual_gpu=2 target_tier=GPU target_device=2 input_bytes=28043516 local_bytes=28043516 remote_gpu_bytes=0 host_bytes=0 disk_bytes=0 batch_count=2
[2026-07-01 12:07:32.051] [info] [gpu_pipeline_task.cpp:311] [stage-audit] pipeline_id=39 task_id=380 operator_id=30 operator_name=HASH_JOIN stage_kind=JOIN operator_type=33 input_type=PARTITIONED output_type=PIPELINEABLE actual_gpu=2 pipeline_operator_count=1 input_batches=2 input_rows=882205 input_columns=6 input_bytes=28043516 output_batches=1 output_rows=5012 output_columns=5 output_bytes=181072 byte_ratio=0.006457 row_ratio=0.005681 duration_us=6582
[2026-07-01 12:07:32.052] [info] [task_scheduler.cpp:367] [mgpu-audit] pipeline_task dispatched to GPU 0 task_id=381
[2026-07-01 12:07:32.052] [info] [task_scheduler.cpp:369] [locality-audit] dispatch task_id=381 preferred_device=0 actual_gpu=0
[2026-07-01 12:07:32.052] [warning] [:] uring_reactor: device short read, retrying tail. slot=0 file_off=0 io_size=4096 bytes_read=2437 this_rd=2437
[2026-07-01 12:07:32.056] [info] [gpu_pipeline_task.cpp:182] [locality-audit] prepare_after pipeline_id=38 task_id=376 preferred_device=0 actual_gpu=0 target_tier=GPU target_device=0 input_bytes=171234468 local_bytes=171234468 remote_gpu_bytes=0 host_bytes=0 disk_bytes=0 batch_count=9
[2026-07-01 12:07:32.076] [info] [gpu_pipeline_task.cpp:311] [stage-audit] pipeline_id=38 task_id=376 operator_id=73 operator_name=CONCAT stage_kind=CONCAT operator_type=83 input_type=PARTITIONED output_type=PARTITIONED actual_gpu=0 pipeline_operator_count=1 input_batches=9 input_rows=4756513 input_columns=45 input_bytes=171234468 output_batches=1 output_rows=4756513 output_columns=5 output_bytes=171234468 byte_ratio=1.000000 row_ratio=1.000000 duration_us=19745
[2026-07-01 12:07:32.079] [info] [task_scheduler.cpp:367] [mgpu-audit] pipeline_task dispatched to GPU 2 task_id=382
[2026-07-01 12:07:32.079] [info] [task_scheduler.cpp:369] [locality-audit] dispatch task_id=382 preferred_device=2 actual_gpu=2
[2026-07-01 12:07:32.079] [info] [task_scheduler.cpp:367] [mgpu-audit] pipeline_task dispatched to GPU 2 task_id=383
[2026-07-01 12:07:32.079] [info] [task_scheduler.cpp:369] [locality-audit] dispatch task_id=383 preferred_device=2 actual_gpu=2
[2026-07-01 12:07:32.079] [info] [gpu_pipeline_task.cpp:182] [locality-audit] prepare_before pipeline_id=39 task_id=382 preferred_device=2 actual_gpu=2 target_tier=GPU target_device=2 input_bytes=62872128 local_bytes=0 remote_gpu_bytes=62872128 host_bytes=0 disk_bytes=0 batch_count=1
[2026-07-01 12:07:32.079] [info] [gpu_pipeline_task.cpp:182] [locality-audit] prepare_before pipeline_id=39 task_id=383 preferred_device=2 actual_gpu=2 target_tier=GPU target_device=2 input_bytes=171234468 local_bytes=0 remote_gpu_bytes=171234468 host_bytes=0 disk_bytes=0 batch_count=1
[2026-07-01 12:07:32.092] [info] [gpu_pipeline_task.cpp:182] [locality-audit] prepare_after pipeline_id=39 task_id=383 preferred_device=2 actual_gpu=2 target_tier=GPU target_device=2 input_bytes=171234468 local_bytes=171234468 remote_gpu_bytes=0 host_bytes=0 disk_bytes=0 batch_count=1
[2026-07-01 12:07:32.094] [info] [gpu_pipeline_task.cpp:311] [stage-audit] pipeline_id=39 task_id=383 operator_id=30 operator_name=HASH_JOIN stage_kind=JOIN operator_type=33 input_type=PARTITIONED output_type=PIPELINEABLE actual_gpu=2 pipeline_operator_count=1 input_batches=1 input_rows=4756513 input_columns=5 input_bytes=171234468 output_batches=1 output_rows=31946 output_columns=5 output_bytes=1154088 byte_ratio=0.006740 row_ratio=0.006716 duration_us=1443
[2026-07-01 12:07:32.095] [info] [gpu_pipeline_task.cpp:182] [locality-audit] prepare_after pipeline_id=39 task_id=382 preferred_device=2 actual_gpu=2 target_tier=GPU target_device=2 input_bytes=62872128 local_bytes=62872128 remote_gpu_bytes=0 host_bytes=0 disk_bytes=0 batch_count=1
[2026-07-01 12:07:32.095] [info] [gpu_pipeline_task.cpp:182] [locality-audit] prepare_after pipeline_id=38 task_id=375 preferred_device=0 actual_gpu=0 target_tier=GPU target_device=0 input_bytes=531235476 local_bytes=531235476 remote_gpu_bytes=0 host_bytes=0 disk_bytes=0 batch_count=29
[2026-07-01 12:07:32.096] [info] [gpu_pipeline_task.cpp:311] [stage-audit] pipeline_id=39 task_id=382 operator_id=30 operator_name=HASH_JOIN stage_kind=JOIN operator_type=33 input_type=PARTITIONED output_type=PIPELINEABLE actual_gpu=2 pipeline_operator_count=1 input_batches=1 input_rows=1746448 input_columns=5 input_bytes=62872128 output_batches=1 output_rows=11610 output_columns=5 output_bytes=419432 byte_ratio=0.006671 row_ratio=0.006648 duration_us=815
[2026-07-01 12:07:32.100] [info] [gpu_pipeline_task.cpp:182] [locality-audit] prepare_after pipeline_id=38 task_id=379 preferred_device=0 actual_gpu=0 target_tier=GPU target_device=0 input_bytes=521900028 local_bytes=521900028 remote_gpu_bytes=0 host_bytes=0 disk_bytes=0 batch_count=30
[2026-07-01 12:07:32.102] [info] [gpu_pipeline_task.cpp:311] [stage-audit] pipeline_id=38 task_id=375 operator_id=73 operator_name=CONCAT stage_kind=CONCAT operator_type=83 input_type=PARTITIONED output_type=PARTITIONED actual_gpu=0 pipeline_operator_count=1 input_batches=29 input_rows=14756541 input_columns=145 input_bytes=531235476 output_batches=1 output_rows=14756541 output_columns=5 output_bytes=531235476 byte_ratio=1.000000 row_ratio=1.000000 duration_us=6765
[2026-07-01 12:07:32.103] [info] [task_scheduler.cpp:367] [mgpu-audit] pipeline_task dispatched to GPU 2 task_id=384
[2026-07-01 12:07:32.103] [info] [task_scheduler.cpp:369] [locality-audit] dispatch task_id=384 preferred_device=2 actual_gpu=2
[2026-07-01 12:07:32.103] [info] [gpu_pipeline_task.cpp:182] [locality-audit] prepare_before pipeline_id=39 task_id=384 preferred_device=2 actual_gpu=2 target_tier=GPU target_device=2 input_bytes=531235476 local_bytes=0 remote_gpu_bytes=531235476 host_bytes=0 disk_bytes=0 batch_count=1
[2026-07-01 12:07:32.103] [info] [gpu_pipeline_task.cpp:311] [stage-audit] pipeline_id=38 task_id=379 operator_id=73 operator_name=CONCAT stage_kind=CONCAT operator_type=83 input_type=PARTITIONED output_type=PARTITIONED actual_gpu=0 pipeline_operator_count=1 input_batches=30 input_rows=14497223 input_columns=150 input_bytes=521900028 output_batches=1 output_rows=14497223 output_columns=5 output_bytes=521900028 byte_ratio=1.000000 row_ratio=1.000000 duration_us=3808
[2026-07-01 12:07:32.128] [info] [gpu_pipeline_task.cpp:182] [locality-audit] prepare_after pipeline_id=39 task_id=384 preferred_device=2 actual_gpu=2 target_tier=GPU target_device=2 input_bytes=531235476 local_bytes=531235476 remote_gpu_bytes=0 host_bytes=0 disk_bytes=0 batch_count=1
[2026-07-01 12:07:32.129] [info] [task_scheduler.cpp:367] [mgpu-audit] pipeline_task dispatched to GPU 2 task_id=385
[2026-07-01 12:07:32.129] [info] [task_scheduler.cpp:369] [locality-audit] dispatch task_id=385 preferred_device=2 actual_gpu=2
[2026-07-01 12:07:32.129] [info] [parquet_gpu_ingestible.cpp:696] [scan-audit] parquet_materialize target_gpu=0 files=/mnt/nvme/dataset/nation.parquet columns=n_nationkey,n_name row_groups=0 compressed_bytes=398 uncompressed_bytes=427 column_bytes=n_nationkey:125:125,n_name:273:302 output_rows=25 output_columns=2 split_count=1 duration_us=77758
[2026-07-01 12:07:32.129] [info] [gpu_pipeline_task.cpp:311] [stage-audit] pipeline_id=24 task_id=381 operator_id=62 operator_name=GPU_SCAN stage_kind=SCAN operator_type=94 input_type=GPU_SCAN output_type=PIPELINEABLE actual_gpu=0 pipeline_operator_count=1 input_batches=0 input_rows=0 input_columns=0 input_bytes=0 output_batches=1 output_rows=25 output_columns=2 output_bytes=509 byte_ratio=0.000000 row_ratio=0.000000 duration_us=77790
[2026-07-01 12:07:32.129] [info] [task_creator.cpp:352] [locality-audit] task_create operator_id=64 input_bytes=509 local_bytes=509 gpu_source_bytes=509 host_source_bytes=0 disk_source_bytes=0 gpu_sources=1 host_sources=0 preferred_device=0
[2026-07-01 12:07:32.129] [info] [task_scheduler.cpp:367] [mgpu-audit] pipeline_task dispatched to GPU 0 task_id=386
[2026-07-01 12:07:32.130] [info] [task_scheduler.cpp:369] [locality-audit] dispatch task_id=386 preferred_device=0 actual_gpu=0
[2026-07-01 12:07:32.129] [info] [gpu_pipeline_task.cpp:182] [locality-audit] prepare_before pipeline_id=39 task_id=385 preferred_device=2 actual_gpu=2 target_tier=GPU target_device=2 input_bytes=521900028 local_bytes=0 remote_gpu_bytes=521900028 host_bytes=0 disk_bytes=0 batch_count=1
[2026-07-01 12:07:32.130] [info] [gpu_pipeline_task.cpp:182] [locality-audit] prepare_before pipeline_id=25 task_id=386 preferred_device=0 actual_gpu=0 target_tier=GPU target_device=0 input_bytes=509 local_bytes=509 remote_gpu_bytes=0 host_bytes=0 disk_bytes=0 batch_count=1
[2026-07-01 12:07:32.130] [info] [gpu_pipeline_task.cpp:182] [locality-audit] prepare_after pipeline_id=25 task_id=386 preferred_device=0 actual_gpu=0 target_tier=GPU target_device=0 input_bytes=509 local_bytes=509 remote_gpu_bytes=0 host_bytes=0 disk_bytes=0 batch_count=1
[2026-07-01 12:07:32.130] [info] [gpu_pipeline_task.cpp:311] [stage-audit] pipeline_id=25 task_id=386 operator_id=64 operator_name=PARTITION stage_kind=PARTITION operator_type=82 input_type=PIPELINEABLE output_type=PIPELINEABLE actual_gpu=0 pipeline_operator_count=1 input_batches=1 input_rows=25 input_columns=2 input_bytes=509 output_batches=1 output_rows=25 output_columns=2 output_bytes=509 byte_ratio=1.000000 row_ratio=1.000000 duration_us=11
[2026-07-01 12:07:32.130] [info] [task_scheduler.cpp:367] [mgpu-audit] pipeline_task dispatched to GPU 0 task_id=387
[2026-07-01 12:07:32.130] [info] [task_scheduler.cpp:369] [locality-audit] dispatch task_id=387 preferred_device=0 actual_gpu=0
[2026-07-01 12:07:32.130] [info] [gpu_pipeline_task.cpp:182] [locality-audit] prepare_before pipeline_id=26 task_id=387 preferred_device=0 actual_gpu=0 target_tier=GPU target_device=0 input_bytes=509 local_bytes=509 remote_gpu_bytes=0 host_bytes=0 disk_bytes=0 batch_count=1
[2026-07-01 12:07:32.130] [info] [gpu_pipeline_task.cpp:182] [locality-audit] prepare_after pipeline_id=26 task_id=387 preferred_device=0 actual_gpu=0 target_tier=GPU target_device=0 input_bytes=509 local_bytes=509 remote_gpu_bytes=0 host_bytes=0 disk_bytes=0 batch_count=1
[2026-07-01 12:07:32.130] [info] [gpu_pipeline_task.cpp:311] [stage-audit] pipeline_id=26 task_id=387 operator_id=63 operator_name=CONCAT stage_kind=CONCAT operator_type=83 input_type=PARTITIONED output_type=PARTITIONED actual_gpu=0 pipeline_operator_count=1 input_batches=1 input_rows=25 input_columns=2 input_bytes=509 output_batches=1 output_rows=25 output_columns=2 output_bytes=509 byte_ratio=1.000000 row_ratio=1.000000 duration_us=12
[2026-07-01 12:07:32.130] [info] [task_scheduler.cpp:367] [mgpu-audit] pipeline_task dispatched to GPU 2 task_id=388
[2026-07-01 12:07:32.130] [info] [task_scheduler.cpp:369] [locality-audit] dispatch task_id=388 preferred_device=2 actual_gpu=2
[2026-07-01 12:07:32.154] [info] [gpu_pipeline_task.cpp:182] [locality-audit] prepare_after pipeline_id=39 task_id=385 preferred_device=2 actual_gpu=2 target_tier=GPU target_device=2 input_bytes=521900028 local_bytes=521900028 remote_gpu_bytes=0 host_bytes=0 disk_bytes=0 batch_count=1
[2026-07-01 12:07:32.154] [info] [gpu_pipeline_task.cpp:311] [stage-audit] pipeline_id=39 task_id=384 operator_id=30 operator_name=HASH_JOIN stage_kind=JOIN operator_type=33 input_type=PARTITIONED output_type=PIPELINEABLE actual_gpu=2 pipeline_operator_count=1 input_batches=1 input_rows=14756541 input_columns=5 input_bytes=531235476 output_batches=1 output_rows=97749 output_columns=5 output_bytes=3531188 byte_ratio=0.006647 row_ratio=0.006624 duration_us=26191
[2026-07-01 12:07:32.159] [info] [gpu_pipeline_task.cpp:311] [stage-audit] pipeline_id=39 task_id=385 operator_id=30 operator_name=HASH_JOIN stage_kind=JOIN operator_type=33 input_type=PARTITIONED output_type=PIPELINEABLE actual_gpu=2 pipeline_operator_count=1 input_batches=1 input_rows=14497223 input_columns=5 input_bytes=521900028 output_batches=1 output_rows=96363 output_columns=5 output_bytes=3481164 byte_ratio=0.006670 row_ratio=0.006647 duration_us=5083
[2026-07-01 12:07:32.170] [info] [parquet_gpu_ingestible.cpp:696] [scan-audit] parquet_materialize target_gpu=2 files=/mnt/nvme/dataset/supplier.parquet columns=s_suppkey,s_nationkey row_groups=0,1,2,3,4,5,6,7,8 compressed_bytes=4634103 uncompressed_bytes=8630951 column_bytes=s_suppkey:4003346:8000279,s_nationkey:630757:630672 output_rows=1000000 output_columns=2 split_count=1 duration_us=39289
[2026-07-01 12:07:32.170] [info] [gpu_pipeline_task.cpp:311] [stage-audit] pipeline_id=27 task_id=388 operator_id=65 operator_name=GPU_SCAN stage_kind=SCAN operator_type=94 input_type=GPU_SCAN output_type=PIPELINEABLE actual_gpu=2 pipeline_operator_count=1 input_batches=0 input_rows=0 input_columns=0 input_bytes=0 output_batches=1 output_rows=1000000 output_columns=2 output_bytes=12250112 byte_ratio=0.000000 row_ratio=0.000000 duration_us=39399
[2026-07-01 12:07:32.170] [info] [task_creator.cpp:352] [locality-audit] task_create operator_id=67 input_bytes=12250112 local_bytes=12250112 gpu_source_bytes=12250112 host_source_bytes=0 disk_source_bytes=0 gpu_sources=1 host_sources=0 preferred_device=2
[2026-07-01 12:07:32.170] [info] [task_scheduler.cpp:367] [mgpu-audit] pipeline_task dispatched to GPU 2 task_id=389
[2026-07-01 12:07:32.170] [info] [task_scheduler.cpp:369] [locality-audit] dispatch task_id=389 preferred_device=2 actual_gpu=2
[2026-07-01 12:07:32.170] [info] [gpu_pipeline_task.cpp:182] [locality-audit] prepare_before pipeline_id=28 task_id=389 preferred_device=2 actual_gpu=2 target_tier=GPU target_device=2 input_bytes=12250112 local_bytes=12250112 remote_gpu_bytes=0 host_bytes=0 disk_bytes=0 batch_count=1
[2026-07-01 12:07:32.171] [info] [gpu_pipeline_task.cpp:182] [locality-audit] prepare_after pipeline_id=28 task_id=389 preferred_device=2 actual_gpu=2 target_tier=GPU target_device=2 input_bytes=12250112 local_bytes=12250112 remote_gpu_bytes=0 host_bytes=0 disk_bytes=0 batch_count=1
[2026-07-01 12:07:32.171] [info] [gpu_pipeline_task.cpp:311] [stage-audit] pipeline_id=28 task_id=389 operator_id=67 operator_name=PARTITION stage_kind=PARTITION operator_type=82 input_type=PIPELINEABLE output_type=PIPELINEABLE actual_gpu=2 pipeline_operator_count=1 input_batches=1 input_rows=1000000 input_columns=2 input_bytes=12250112 output_batches=1 output_rows=1000000 output_columns=2 output_bytes=12250112 byte_ratio=1.000000 row_ratio=1.000000 duration_us=10
[2026-07-01 12:07:32.171] [info] [task_scheduler.cpp:367] [mgpu-audit] pipeline_task dispatched to GPU 0 task_id=390
[2026-07-01 12:07:32.171] [info] [task_scheduler.cpp:369] [locality-audit] dispatch task_id=390 preferred_device=0 actual_gpu=0
[2026-07-01 12:07:32.171] [info] [gpu_pipeline_task.cpp:182] [locality-audit] prepare_before pipeline_id=29 task_id=390 preferred_device=0 actual_gpu=0 target_tier=GPU target_device=0 input_bytes=12250112 local_bytes=0 remote_gpu_bytes=12250112 host_bytes=0 disk_bytes=0 batch_count=1
[2026-07-01 12:07:32.172] [info] [gpu_pipeline_task.cpp:182] [locality-audit] prepare_after pipeline_id=29 task_id=390 preferred_device=0 actual_gpu=0 target_tier=GPU target_device=0 input_bytes=12250112 local_bytes=12250112 remote_gpu_bytes=0 host_bytes=0 disk_bytes=0 batch_count=1
[2026-07-01 12:07:32.172] [info] [gpu_pipeline_task.cpp:311] [stage-audit] pipeline_id=29 task_id=390 operator_id=66 operator_name=CONCAT stage_kind=CONCAT operator_type=83 input_type=PARTITIONED output_type=PARTITIONED actual_gpu=0 pipeline_operator_count=1 input_batches=1 input_rows=1000000 input_columns=2 input_bytes=12250112 output_batches=1 output_rows=1000000 output_columns=2 output_bytes=12250112 byte_ratio=1.000000 row_ratio=1.000000 duration_us=10
[2026-07-01 12:07:32.172] [info] [task_scheduler.cpp:367] [mgpu-audit] pipeline_task dispatched to GPU 1 task_id=391
[2026-07-01 12:07:32.172] [info] [task_scheduler.cpp:369] [locality-audit] dispatch task_id=391 preferred_device=1 actual_gpu=1
[2026-07-01 12:07:32.173] [info] [gpu_pipeline_task.cpp:182] [locality-audit] prepare_before pipeline_id=30 task_id=391 preferred_device=1 actual_gpu=1 target_tier=GPU target_device=1 input_bytes=12250621 local_bytes=0 remote_gpu_bytes=12250621 host_bytes=0 disk_bytes=0 batch_count=2
[2026-07-01 12:07:32.174] [info] [gpu_pipeline_task.cpp:182] [locality-audit] prepare_after pipeline_id=30 task_id=391 preferred_device=1 actual_gpu=1 target_tier=GPU target_device=1 input_bytes=12250621 local_bytes=12250621 remote_gpu_bytes=0 host_bytes=0 disk_bytes=0 batch_count=2
[2026-07-01 12:07:32.176] [info] [gpu_pipeline_task.cpp:311] [stage-audit] pipeline_id=30 task_id=391 operator_id=33 operator_name=HASH_JOIN stage_kind=JOIN operator_type=33 input_type=PARTITIONED output_type=PIPELINEABLE actual_gpu=1 pipeline_operator_count=1 input_batches=2 input_rows=1000025 input_columns=4 input_bytes=12250621 output_batches=1 output_rows=1000000 output_columns=2 output_bytes=19332701 byte_ratio=1.578100 row_ratio=0.999975 duration_us=1783
[2026-07-01 12:07:32.176] [info] [task_creator.cpp:352] [locality-audit] task_create operator_id=69 input_bytes=19332701 local_bytes=19332701 gpu_source_bytes=19332701 host_source_bytes=0 disk_source_bytes=0 gpu_sources=1 host_sources=0 preferred_device=1
[2026-07-01 12:07:32.176] [info] [task_scheduler.cpp:367] [mgpu-audit] pipeline_task dispatched to GPU 1 task_id=392
[2026-07-01 12:07:32.176] [info] [task_scheduler.cpp:369] [locality-audit] dispatch task_id=392 preferred_device=1 actual_gpu=1
[2026-07-01 12:07:32.176] [info] [gpu_pipeline_task.cpp:182] [locality-audit] prepare_before pipeline_id=31 task_id=392 preferred_device=1 actual_gpu=1 target_tier=GPU target_device=1 input_bytes=19332701 local_bytes=19332701 remote_gpu_bytes=0 host_bytes=0 disk_bytes=0 batch_count=1
[2026-07-01 12:07:32.176] [info] [gpu_pipeline_task.cpp:182] [locality-audit] prepare_after pipeline_id=31 task_id=392 preferred_device=1 actual_gpu=1 target_tier=GPU target_device=1 input_bytes=19332701 local_bytes=19332701 remote_gpu_bytes=0 host_bytes=0 disk_bytes=0 batch_count=1
[2026-07-01 12:07:32.176] [info] [gpu_pipeline_task.cpp:311] [stage-audit] pipeline_id=31 task_id=392 operator_id=69 operator_name=PARTITION stage_kind=PARTITION operator_type=82 input_type=PIPELINEABLE output_type=PIPELINEABLE actual_gpu=1 pipeline_operator_count=1 input_batches=1 input_rows=1000000 input_columns=2 input_bytes=19332701 output_batches=1 output_rows=1000000 output_columns=2 output_bytes=19332701 byte_ratio=1.000000 row_ratio=1.000000 duration_us=8
[2026-07-01 12:07:32.176] [info] [task_scheduler.cpp:367] [mgpu-audit] pipeline_task dispatched to GPU 0 task_id=393
[2026-07-01 12:07:32.176] [info] [task_scheduler.cpp:369] [locality-audit] dispatch task_id=393 preferred_device=0 actual_gpu=0
[2026-07-01 12:07:32.176] [info] [gpu_pipeline_task.cpp:182] [locality-audit] prepare_before pipeline_id=32 task_id=393 preferred_device=0 actual_gpu=0 target_tier=GPU target_device=0 input_bytes=19332701 local_bytes=0 remote_gpu_bytes=19332701 host_bytes=0 disk_bytes=0 batch_count=1
[2026-07-01 12:07:32.178] [info] [gpu_pipeline_task.cpp:182] [locality-audit] prepare_after pipeline_id=32 task_id=393 preferred_device=0 actual_gpu=0 target_tier=GPU target_device=0 input_bytes=19332701 local_bytes=19332701 remote_gpu_bytes=0 host_bytes=0 disk_bytes=0 batch_count=1
[2026-07-01 12:07:32.178] [info] [gpu_pipeline_task.cpp:311] [stage-audit] pipeline_id=32 task_id=393 operator_id=68 operator_name=CONCAT stage_kind=CONCAT operator_type=83 input_type=PARTITIONED output_type=PARTITIONED actual_gpu=0 pipeline_operator_count=1 input_batches=1 input_rows=1000000 input_columns=2 input_bytes=19332701 output_batches=1 output_rows=1000000 output_columns=2 output_bytes=19332701 byte_ratio=1.000000 row_ratio=1.000000 duration_us=4
[2026-07-01 12:07:32.178] [info] [task_creator.cpp:352] [locality-audit] task_create operator_id=76 input_bytes=181072 local_bytes=181072 gpu_source_bytes=181072 host_source_bytes=0 disk_source_bytes=0 gpu_sources=1 host_sources=0 preferred_device=2
[2026-07-01 12:07:32.178] [info] [task_creator.cpp:352] [locality-audit] task_create operator_id=76 input_bytes=1154088 local_bytes=1154088 gpu_source_bytes=1154088 host_source_bytes=0 disk_source_bytes=0 gpu_sources=1 host_sources=0 preferred_device=2
[2026-07-01 12:07:32.178] [info] [task_scheduler.cpp:367] [mgpu-audit] pipeline_task dispatched to GPU 2 task_id=394
[2026-07-01 12:07:32.178] [info] [task_scheduler.cpp:369] [locality-audit] dispatch task_id=394 preferred_device=2 actual_gpu=2
[2026-07-01 12:07:32.178] [info] [task_scheduler.cpp:367] [mgpu-audit] pipeline_task dispatched to GPU 2 task_id=395
[2026-07-01 12:07:32.178] [info] [task_scheduler.cpp:369] [locality-audit] dispatch task_id=395 preferred_device=2 actual_gpu=2
[2026-07-01 12:07:32.178] [info] [task_creator.cpp:352] [locality-audit] task_create operator_id=76 input_bytes=419432 local_bytes=419432 gpu_source_bytes=419432 host_source_bytes=0 disk_source_bytes=0 gpu_sources=1 host_sources=0 preferred_device=2
[2026-07-01 12:07:32.178] [info] [task_creator.cpp:352] [locality-audit] task_create operator_id=76 input_bytes=3531188 local_bytes=3531188 gpu_source_bytes=3531188 host_source_bytes=0 disk_source_bytes=0 gpu_sources=1 host_sources=0 preferred_device=2
[2026-07-01 12:07:32.178] [info] [task_scheduler.cpp:367] [mgpu-audit] pipeline_task dispatched to GPU 2 task_id=396
[2026-07-01 12:07:32.178] [info] [task_scheduler.cpp:369] [locality-audit] dispatch task_id=396 preferred_device=2 actual_gpu=2
[2026-07-01 12:07:32.178] [info] [task_creator.cpp:352] [locality-audit] task_create operator_id=76 input_bytes=3481164 local_bytes=3481164 gpu_source_bytes=3481164 host_source_bytes=0 disk_source_bytes=0 gpu_sources=1 host_sources=0 preferred_device=2
[2026-07-01 12:07:32.178] [info] [task_scheduler.cpp:367] [mgpu-audit] pipeline_task dispatched to GPU 2 task_id=397
[2026-07-01 12:07:32.178] [info] [task_scheduler.cpp:369] [locality-audit] dispatch task_id=397 preferred_device=2 actual_gpu=2
[2026-07-01 12:07:32.178] [info] [gpu_pipeline_task.cpp:182] [locality-audit] prepare_before pipeline_id=40 task_id=394 preferred_device=2 actual_gpu=2 target_tier=GPU target_device=2 input_bytes=181072 local_bytes=181072 remote_gpu_bytes=0 host_bytes=0 disk_bytes=0 batch_count=1
[2026-07-01 12:07:32.178] [info] [task_scheduler.cpp:367] [mgpu-audit] pipeline_task dispatched to GPU 2 task_id=398
[2026-07-01 12:07:32.178] [info] [task_scheduler.cpp:369] [locality-audit] dispatch task_id=398 preferred_device=2 actual_gpu=2
[2026-07-01 12:07:32.178] [info] [gpu_pipeline_task.cpp:182] [locality-audit] prepare_after pipeline_id=40 task_id=394 preferred_device=2 actual_gpu=2 target_tier=GPU target_device=2 input_bytes=181072 local_bytes=181072 remote_gpu_bytes=0 host_bytes=0 disk_bytes=0 batch_count=1
[2026-07-01 12:07:32.178] [info] [gpu_pipeline_task.cpp:182] [locality-audit] prepare_before pipeline_id=40 task_id=395 preferred_device=2 actual_gpu=2 target_tier=GPU target_device=2 input_bytes=1154088 local_bytes=1154088 remote_gpu_bytes=0 host_bytes=0 disk_bytes=0 batch_count=1
[2026-07-01 12:07:32.178] [info] [gpu_pipeline_task.cpp:311] [stage-audit] pipeline_id=40 task_id=394 operator_id=76 operator_name=PARTITION stage_kind=PARTITION operator_type=82 input_type=PIPELINEABLE output_type=PIPELINEABLE actual_gpu=2 pipeline_operator_count=1 input_batches=1 input_rows=5012 input_columns=5 input_bytes=181072 output_batches=1 output_rows=5012 output_columns=5 output_bytes=181072 byte_ratio=1.000000 row_ratio=1.000000 duration_us=3
[2026-07-01 12:07:32.178] [info] [gpu_pipeline_task.cpp:182] [locality-audit] prepare_before pipeline_id=40 task_id=396 preferred_device=2 actual_gpu=2 target_tier=GPU target_device=2 input_bytes=419432 local_bytes=419432 remote_gpu_bytes=0 host_bytes=0 disk_bytes=0 batch_count=1
[2026-07-01 12:07:32.178] [info] [gpu_pipeline_task.cpp:182] [locality-audit] prepare_before pipeline_id=40 task_id=397 preferred_device=2 actual_gpu=2 target_tier=GPU target_device=2 input_bytes=3531188 local_bytes=3531188 remote_gpu_bytes=0 host_bytes=0 disk_bytes=0 batch_count=1
[2026-07-01 12:07:32.178] [info] [gpu_pipeline_task.cpp:182] [locality-audit] prepare_after pipeline_id=40 task_id=395 preferred_device=2 actual_gpu=2 target_tier=GPU target_device=2 input_bytes=1154088 local_bytes=1154088 remote_gpu_bytes=0 host_bytes=0 disk_bytes=0 batch_count=1
[2026-07-01 12:07:32.178] [info] [gpu_pipeline_task.cpp:182] [locality-audit] prepare_after pipeline_id=40 task_id=396 preferred_device=2 actual_gpu=2 target_tier=GPU target_device=2 input_bytes=419432 local_bytes=419432 remote_gpu_bytes=0 host_bytes=0 disk_bytes=0 batch_count=1
[2026-07-01 12:07:32.178] [info] [gpu_pipeline_task.cpp:182] [locality-audit] prepare_after pipeline_id=40 task_id=397 preferred_device=2 actual_gpu=2 target_tier=GPU target_device=2 input_bytes=3531188 local_bytes=3531188 remote_gpu_bytes=0 host_bytes=0 disk_bytes=0 batch_count=1
[2026-07-01 12:07:32.178] [info] [gpu_pipeline_task.cpp:182] [locality-audit] prepare_before pipeline_id=40 task_id=398 preferred_device=2 actual_gpu=2 target_tier=GPU target_device=2 input_bytes=3481164 local_bytes=3481164 remote_gpu_bytes=0 host_bytes=0 disk_bytes=0 batch_count=1
[2026-07-01 12:07:32.178] [info] [gpu_pipeline_task.cpp:311] [stage-audit] pipeline_id=40 task_id=395 operator_id=76 operator_name=PARTITION stage_kind=PARTITION operator_type=82 input_type=PIPELINEABLE output_type=PIPELINEABLE actual_gpu=2 pipeline_operator_count=1 input_batches=1 input_rows=31946 input_columns=5 input_bytes=1154088 output_batches=1 output_rows=31946 output_columns=5 output_bytes=1154088 byte_ratio=1.000000 row_ratio=1.000000 duration_us=6
[2026-07-01 12:07:32.178] [info] [gpu_pipeline_task.cpp:311] [stage-audit] pipeline_id=40 task_id=397 operator_id=76 operator_name=PARTITION stage_kind=PARTITION operator_type=82 input_type=PIPELINEABLE output_type=PIPELINEABLE actual_gpu=2 pipeline_operator_count=1 input_batches=1 input_rows=97749 input_columns=5 input_bytes=3531188 output_batches=1 output_rows=97749 output_columns=5 output_bytes=3531188 byte_ratio=1.000000 row_ratio=1.000000 duration_us=4
[2026-07-01 12:07:32.178] [info] [gpu_pipeline_task.cpp:311] [stage-audit] pipeline_id=40 task_id=396 operator_id=76 operator_name=PARTITION stage_kind=PARTITION operator_type=82 input_type=PIPELINEABLE output_type=PIPELINEABLE actual_gpu=2 pipeline_operator_count=1 input_batches=1 input_rows=11610 input_columns=5 input_bytes=419432 output_batches=1 output_rows=11610 output_columns=5 output_bytes=419432 byte_ratio=1.000000 row_ratio=1.000000 duration_us=7
[2026-07-01 12:07:32.178] [info] [gpu_pipeline_task.cpp:182] [locality-audit] prepare_after pipeline_id=40 task_id=398 preferred_device=2 actual_gpu=2 target_tier=GPU target_device=2 input_bytes=3481164 local_bytes=3481164 remote_gpu_bytes=0 host_bytes=0 disk_bytes=0 batch_count=1
[2026-07-01 12:07:32.178] [info] [gpu_pipeline_task.cpp:311] [stage-audit] pipeline_id=40 task_id=398 operator_id=76 operator_name=PARTITION stage_kind=PARTITION operator_type=82 input_type=PIPELINEABLE output_type=PIPELINEABLE actual_gpu=2 pipeline_operator_count=1 input_batches=1 input_rows=96363 input_columns=5 input_bytes=3481164 output_batches=1 output_rows=96363 output_columns=5 output_bytes=3481164 byte_ratio=1.000000 row_ratio=1.000000 duration_us=8
[2026-07-01 12:07:32.178] [info] [task_scheduler.cpp:367] [mgpu-audit] pipeline_task dispatched to GPU 0 task_id=399
[2026-07-01 12:07:32.178] [info] [task_scheduler.cpp:369] [locality-audit] dispatch task_id=399 preferred_device=0 actual_gpu=0
[2026-07-01 12:07:32.178] [info] [gpu_pipeline_task.cpp:182] [locality-audit] prepare_before pipeline_id=41 task_id=399 preferred_device=0 actual_gpu=0 target_tier=GPU target_device=0 input_bytes=8766944 local_bytes=0 remote_gpu_bytes=8766944 host_bytes=0 disk_bytes=0 batch_count=5
[2026-07-01 12:07:32.180] [info] [gpu_pipeline_task.cpp:182] [locality-audit] prepare_after pipeline_id=41 task_id=399 preferred_device=0 actual_gpu=0 target_tier=GPU target_device=0 input_bytes=8766944 local_bytes=8766944 remote_gpu_bytes=0 host_bytes=0 disk_bytes=0 batch_count=5
[2026-07-01 12:07:32.183] [info] [gpu_pipeline_task.cpp:311] [stage-audit] pipeline_id=41 task_id=399 operator_id=75 operator_name=CONCAT stage_kind=CONCAT operator_type=83 input_type=PARTITIONED output_type=PARTITIONED actual_gpu=0 pipeline_operator_count=1 input_batches=5 input_rows=242680 input_columns=25 input_bytes=8766944 output_batches=1 output_rows=242680 output_columns=5 output_bytes=8736480 byte_ratio=0.996525 row_ratio=1.000000 duration_us=3170
[2026-07-01 12:07:32.183] [info] [task_scheduler.cpp:367] [mgpu-audit] pipeline_task dispatched to GPU 2 task_id=400
[2026-07-01 12:07:32.183] [info] [task_scheduler.cpp:369] [locality-audit] dispatch task_id=400 preferred_device=2 actual_gpu=2
[2026-07-01 12:07:32.184] [info] [gpu_pipeline_task.cpp:182] [locality-audit] prepare_before pipeline_id=42 task_id=400 preferred_device=2 actual_gpu=2 target_tier=GPU target_device=2 input_bytes=28069181 local_bytes=0 remote_gpu_bytes=28069181 host_bytes=0 disk_bytes=0 batch_count=2
[2026-07-01 12:07:32.185] [info] [gpu_pipeline_task.cpp:182] [locality-audit] prepare_after pipeline_id=42 task_id=400 preferred_device=2 actual_gpu=2 target_tier=GPU target_device=2 input_bytes=28069181 local_bytes=28069181 remote_gpu_bytes=0 host_bytes=0 disk_bytes=0 batch_count=2
[2026-07-01 12:07:32.187] [info] [gpu_pipeline_task.cpp:311] [stage-audit] pipeline_id=42 task_id=400 operator_id=34 operator_name=HASH_JOIN stage_kind=JOIN operator_type=33 input_type=PARTITIONED output_type=PIPELINEABLE actual_gpu=2 pipeline_operator_count=4 input_batches=2 input_rows=1242680 input_columns=7 input_bytes=28069181 output_batches=1 output_rows=242680 output_columns=4 output_bytes=7574015 byte_ratio=0.269834 row_ratio=0.195288 duration_us=1396
[2026-07-01 12:07:32.192] [info] [gpu_pipeline_task.cpp:311] [stage-audit] pipeline_id=42 task_id=400 operator_id=35 operator_name=PROJECTION stage_kind=PROJECTION operator_type=13 input_type=PIPELINEABLE output_type=PIPELINEABLE actual_gpu=2 pipeline_operator_count=4 input_batches=1 input_rows=242680 input_columns=4 input_bytes=7574015 output_batches=1 output_rows=242680 output_columns=3 output_bytes=6603295 byte_ratio=0.871835 row_ratio=1.000000 duration_us=4832
[2026-07-01 12:07:32.198] [info] [gpu_pipeline_task.cpp:311] [stage-audit] pipeline_id=42 task_id=400 operator_id=36 operator_name=PROJECTION stage_kind=PROJECTION operator_type=13 input_type=PIPELINEABLE output_type=PIPELINEABLE actual_gpu=2 pipeline_operator_count=4 input_batches=1 input_rows=242680 input_columns=3 input_bytes=6603295 output_batches=1 output_rows=242680 output_columns=3 output_bytes=5824320 byte_ratio=0.882032 row_ratio=1.000000 duration_us=6409
[2026-07-01 12:07:32.203] [info] [gpu_pipeline_task.cpp:311] [stage-audit] pipeline_id=42 task_id=400 operator_id=37 operator_name=HASH_GROUP_BY stage_kind=AGGREGATE operator_type=9 input_type=PIPELINEABLE output_type=PIPELINEABLE actual_gpu=2 pipeline_operator_count=4 input_batches=1 input_rows=242680 input_columns=3 input_bytes=5824320 output_batches=1 output_rows=2 output_columns=3 output_bytes=80 byte_ratio=0.000014 row_ratio=0.000008 duration_us=4844
[2026-07-01 12:07:32.204] [info] [task_creator.cpp:352] [locality-audit] task_create operator_id=77 input_bytes=80 local_bytes=80 gpu_source_bytes=80 host_source_bytes=0 disk_source_bytes=0 gpu_sources=1 host_sources=0 preferred_device=2
[2026-07-01 12:07:32.204] [info] [task_scheduler.cpp:367] [mgpu-audit] pipeline_task dispatched to GPU 2 task_id=401
[2026-07-01 12:07:32.204] [info] [task_scheduler.cpp:369] [locality-audit] dispatch task_id=401 preferred_device=2 actual_gpu=2
[2026-07-01 12:07:32.204] [info] [gpu_pipeline_task.cpp:182] [locality-audit] prepare_before pipeline_id=43 task_id=401 preferred_device=2 actual_gpu=2 target_tier=GPU target_device=2 input_bytes=80 local_bytes=80 remote_gpu_bytes=0 host_bytes=0 disk_bytes=0 batch_count=1
[2026-07-01 12:07:32.204] [info] [gpu_pipeline_task.cpp:182] [locality-audit] prepare_after pipeline_id=43 task_id=401 preferred_device=2 actual_gpu=2 target_tier=GPU target_device=2 input_bytes=80 local_bytes=80 remote_gpu_bytes=0 host_bytes=0 disk_bytes=0 batch_count=1
[2026-07-01 12:07:32.204] [info] [gpu_pipeline_task.cpp:311] [stage-audit] pipeline_id=43 task_id=401 operator_id=77 operator_name=PARTITION stage_kind=PARTITION operator_type=82 input_type=PIPELINEABLE output_type=PIPELINEABLE actual_gpu=2 pipeline_operator_count=1 input_batches=1 input_rows=2 input_columns=3 input_bytes=80 output_batches=1 output_rows=2 output_columns=3 output_bytes=80 byte_ratio=1.000000 row_ratio=1.000000 duration_us=10
[2026-07-01 12:07:32.205] [info] [task_scheduler.cpp:367] [mgpu-audit] pipeline_task dispatched to GPU 0 task_id=402
[2026-07-01 12:07:32.205] [info] [task_scheduler.cpp:369] [locality-audit] dispatch task_id=402 preferred_device=0 actual_gpu=0
[2026-07-01 12:07:32.205] [info] [gpu_pipeline_task.cpp:182] [locality-audit] prepare_before pipeline_id=44 task_id=402 preferred_device=0 actual_gpu=0 target_tier=GPU target_device=0 input_bytes=80 local_bytes=0 remote_gpu_bytes=80 host_bytes=0 disk_bytes=0 batch_count=1
[2026-07-01 12:07:32.205] [info] [gpu_pipeline_task.cpp:182] [locality-audit] prepare_after pipeline_id=44 task_id=402 preferred_device=0 actual_gpu=0 target_tier=GPU target_device=0 input_bytes=80 local_bytes=80 remote_gpu_bytes=0 host_bytes=0 disk_bytes=0 batch_count=1
[2026-07-01 12:07:32.205] [info] [gpu_pipeline_task.cpp:311] [stage-audit] pipeline_id=44 task_id=402 operator_id=78 operator_name=MERGE_GROUP_BY stage_kind=AGGREGATE operator_type=85 input_type=PARTITIONED output_type=PIPELINEABLE actual_gpu=0 pipeline_operator_count=1 input_batches=1 input_rows=2 input_columns=3 input_bytes=80 output_batches=1 output_rows=2 output_columns=3 output_bytes=80 byte_ratio=1.000000 row_ratio=1.000000 duration_us=10
[2026-07-01 12:07:32.205] [info] [task_creator.cpp:352] [locality-audit] task_create operator_id=38 input_bytes=80 local_bytes=80 gpu_source_bytes=80 host_source_bytes=0 disk_source_bytes=0 gpu_sources=1 host_sources=0 preferred_device=0
[2026-07-01 12:07:32.205] [info] [task_scheduler.cpp:367] [mgpu-audit] pipeline_task dispatched to GPU 0 task_id=403
[2026-07-01 12:07:32.205] [info] [task_scheduler.cpp:369] [locality-audit] dispatch task_id=403 preferred_device=0 actual_gpu=0
[2026-07-01 12:07:32.206] [info] [gpu_pipeline_task.cpp:182] [locality-audit] prepare_before pipeline_id=45 task_id=403 preferred_device=0 actual_gpu=0 target_tier=GPU target_device=0 input_bytes=80 local_bytes=80 remote_gpu_bytes=0 host_bytes=0 disk_bytes=0 batch_count=1
[2026-07-01 12:07:32.206] [info] [gpu_pipeline_task.cpp:182] [locality-audit] prepare_after pipeline_id=45 task_id=403 preferred_device=0 actual_gpu=0 target_tier=GPU target_device=0 input_bytes=80 local_bytes=80 remote_gpu_bytes=0 host_bytes=0 disk_bytes=0 batch_count=1
[2026-07-01 12:07:32.207] [info] [gpu_pipeline_task.cpp:311] [stage-audit] pipeline_id=45 task_id=403 operator_id=38 operator_name=PROJECTION stage_kind=PROJECTION operator_type=13 input_type=PIPELINEABLE output_type=PIPELINEABLE actual_gpu=0 pipeline_operator_count=2 input_batches=1 input_rows=2 input_columns=3 input_bytes=80 output_batches=1 output_rows=2 output_columns=2 output_bytes=32 byte_ratio=0.400000 row_ratio=1.000000 duration_us=1113
[2026-07-01 12:07:32.212] [info] [gpu_pipeline_task.cpp:311] [stage-audit] pipeline_id=45 task_id=403 operator_id=39 operator_name=ORDER_BY stage_kind=SORT operator_type=1 input_type=PIPELINEABLE output_type=PIPELINEABLE actual_gpu=0 pipeline_operator_count=2 input_batches=1 input_rows=2 input_columns=2 input_bytes=32 output_batches=1 output_rows=2 output_columns=2 output_bytes=32 byte_ratio=1.000000 row_ratio=1.000000 duration_us=5550
[2026-07-01 12:07:32.212] [info] [task_creator.cpp:352] [locality-audit] task_create operator_id=79 input_bytes=32 local_bytes=32 gpu_source_bytes=32 host_source_bytes=0 disk_source_bytes=0 gpu_sources=1 host_sources=0 preferred_device=0
[2026-07-01 12:07:32.212] [info] [task_scheduler.cpp:367] [mgpu-audit] pipeline_task dispatched to GPU 0 task_id=404
[2026-07-01 12:07:32.212] [info] [task_scheduler.cpp:369] [locality-audit] dispatch task_id=404 preferred_device=0 actual_gpu=0
[2026-07-01 12:07:32.212] [info] [gpu_pipeline_task.cpp:182] [locality-audit] prepare_before pipeline_id=46 task_id=404 preferred_device=0 actual_gpu=0 target_tier=GPU target_device=0 input_bytes=32 local_bytes=32 remote_gpu_bytes=0 host_bytes=0 disk_bytes=0 batch_count=1
[2026-07-01 12:07:32.212] [info] [gpu_pipeline_task.cpp:182] [locality-audit] prepare_after pipeline_id=46 task_id=404 preferred_device=0 actual_gpu=0 target_tier=GPU target_device=0 input_bytes=32 local_bytes=32 remote_gpu_bytes=0 host_bytes=0 disk_bytes=0 batch_count=1
[2026-07-01 12:07:32.213] [info] [gpu_pipeline_task.cpp:311] [stage-audit] pipeline_id=46 task_id=404 operator_id=79 operator_name=SORT_SAMPLE stage_kind=SORT operator_type=89 input_type=PIPELINEABLE output_type=PIPELINEABLE actual_gpu=0 pipeline_operator_count=2 input_batches=1 input_rows=2 input_columns=2 input_bytes=32 output_batches=1 output_rows=2 output_columns=2 output_bytes=32 byte_ratio=1.000000 row_ratio=1.000000 duration_us=63
[2026-07-01 12:07:32.215] [info] [gpu_pipeline_task.cpp:311] [stage-audit] pipeline_id=46 task_id=404 operator_id=80 operator_name=SORT_PARTITION stage_kind=SORT operator_type=88 input_type=PIPELINEABLE output_type=PIPELINEABLE actual_gpu=0 pipeline_operator_count=2 input_batches=1 input_rows=2 input_columns=2 input_bytes=32 output_batches=2 output_rows=2 output_columns=4 output_bytes=32 byte_ratio=1.000000 row_ratio=1.000000 duration_us=2245
[2026-07-01 12:07:32.215] [info] [task_creator.cpp:352] [locality-audit] task_create operator_id=81 input_bytes=32 local_bytes=32 gpu_source_bytes=32 host_source_bytes=0 disk_source_bytes=0 gpu_sources=1 host_sources=0 preferred_device=0
[2026-07-01 12:07:32.215] [info] [task_scheduler.cpp:367] [mgpu-audit] pipeline_task dispatched to GPU 0 task_id=405
[2026-07-01 12:07:32.215] [info] [task_scheduler.cpp:369] [locality-audit] dispatch task_id=405 preferred_device=0 actual_gpu=0
[2026-07-01 12:07:32.215] [info] [gpu_pipeline_task.cpp:182] [locality-audit] prepare_before pipeline_id=47 task_id=405 preferred_device=0 actual_gpu=0 target_tier=GPU target_device=0 input_bytes=32 local_bytes=32 remote_gpu_bytes=0 host_bytes=0 disk_bytes=0 batch_count=2
[2026-07-01 12:07:32.215] [info] [gpu_pipeline_task.cpp:182] [locality-audit] prepare_after pipeline_id=47 task_id=405 preferred_device=0 actual_gpu=0 target_tier=GPU target_device=0 input_bytes=32 local_bytes=32 remote_gpu_bytes=0 host_bytes=0 disk_bytes=0 batch_count=2
[2026-07-01 12:07:32.218] [info] [gpu_pipeline_task.cpp:311] [stage-audit] pipeline_id=47 task_id=405 operator_id=81 operator_name=MERGE_SORT stage_kind=SORT operator_type=84 input_type=PIPELINEABLE output_type=PIPELINEABLE actual_gpu=0 pipeline_operator_count=1 input_batches=2 input_rows=2 input_columns=4 input_bytes=32 output_batches=1 output_rows=2 output_columns=2 output_bytes=32 byte_ratio=1.000000 row_ratio=1.000000 duration_us=2718
[2026-07-01 12:07:32.218] [info] [task_creator.cpp:352] [locality-audit] task_create operator_id=40 input_bytes=32 local_bytes=32 gpu_source_bytes=32 host_source_bytes=0 disk_source_bytes=0 gpu_sources=1 host_sources=0 preferred_device=0
[2026-07-01 12:07:32.218] [info] [task_scheduler.cpp:367] [mgpu-audit] pipeline_task dispatched to GPU 0 task_id=406
[2026-07-01 12:07:32.218] [info] [task_scheduler.cpp:369] [locality-audit] dispatch task_id=406 preferred_device=0 actual_gpu=0
[2026-07-01 12:07:32.218] [info] [gpu_pipeline_task.cpp:182] [locality-audit] prepare_before pipeline_id=48 task_id=406 preferred_device=0 actual_gpu=0 target_tier=GPU target_device=0 input_bytes=32 local_bytes=32 remote_gpu_bytes=0 host_bytes=0 disk_bytes=0 batch_count=1
[2026-07-01 12:07:32.218] [info] [gpu_pipeline_task.cpp:182] [locality-audit] prepare_after pipeline_id=48 task_id=406 preferred_device=0 actual_gpu=0 target_tier=GPU target_device=0 input_bytes=32 local_bytes=32 remote_gpu_bytes=0 host_bytes=0 disk_bytes=0 batch_count=1
[2026-07-01 12:07:32.218] [info] [gpu_pipeline_task.cpp:311] [stage-audit] pipeline_id=48 task_id=406 operator_id=40 operator_name=RESULT_COLLECTOR stage_kind=RESULT operator_type=76 input_type=PIPELINEABLE output_type=PIPELINEABLE actual_gpu=0 pipeline_operator_count=1 input_batches=1 input_rows=2 input_columns=2 input_bytes=32 output_batches=1 output_rows=2 output_columns=2 output_bytes=32 byte_ratio=1.000000 row_ratio=1.000000 duration_us=7
[2026-07-01 12:07:32.239] [info] [gpu_pipeline_executor.cpp:118] GPU Pipeline Executor: task queue interrupted, stopping manager loop
[2026-07-01 12:07:32.239] [info] [gpu_pipeline_executor.cpp:118] GPU Pipeline Executor: task queue interrupted, stopping manager loop
[2026-07-01 12:07:32.239] [info] [gpu_pipeline_executor.cpp:118] GPU Pipeline Executor: task queue interrupted, stopping manager loop
[2026-07-01 12:07:32.239] [info] [gpu_pipeline_executor.cpp:118] GPU Pipeline Executor: task queue interrupted, stopping manager loop
[2026-07-01 12:07:32.258] [info] [physical_sirius_execution.cpp:160] Transparent GPU execution: query completed
[2026-07-01 12:07:32.269] [info] [sirius_context.cpp:258] QueryEnd
[2026-07-01 12:07:32.287] [info] [:] [host_pool] HOST:0 QueryEnd allocated=5242880 bytes peak=9437184 bytes free_blocks=507
[2026-07-01 12:07:32.287] [info] [:] [gpu_pool] GPU:0 QueryEnd allocated=0 bytes peak=14748938913 bytes reserved=0 bytes
[2026-07-01 12:07:32.287] [info] [:] [gpu_pool] GPU:1 QueryEnd allocated=0 bytes peak=14751444851 bytes reserved=0 bytes
[2026-07-01 12:07:32.287] [info] [:] [gpu_pool] GPU:2 QueryEnd allocated=0 bytes peak=14760423354 bytes reserved=0 bytes
[2026-07-01 12:07:32.287] [info] [:] [gpu_pool] GPU:3 QueryEnd allocated=0 bytes peak=14756548850 bytes reserved=0 bytes
[2026-07-01 12:07:32.287] [info] [sirius_context.cpp:1013] Connection closed.
[2026-07-01 12:07:32.300] [info] [task_scheduler.cpp:295] Task request channel closed, exiting management event loop.
[2026-07-01 12:07:32.300] [info] [gpu_pipeline_executor.cpp:118] GPU Pipeline Executor: task queue interrupted, stopping manager loop
[2026-07-01 12:07:32.306] [info] [gpu_pipeline_executor.cpp:118] GPU Pipeline Executor: task queue interrupted, stopping manager loop
[2026-07-01 12:07:32.306] [info] [gpu_pipeline_executor.cpp:118] GPU Pipeline Executor: task queue interrupted, stopping manager loop
[2026-07-01 12:07:32.306] [info] [gpu_pipeline_executor.cpp:118] GPU Pipeline Executor: task queue interrupted, stopping manager loop
