condition,query,execution,operator_kind,duration_ms
paging,q1,1,GPU_SCAN,4976.6921489999995
paging,q1,1,GPU_SCAN,4667.283928999999
paging,q1,1,HASH_GROUP_BY,1402.795767
paging,q1,1,HASH_GROUP_BY,1343.193947
paging,q1,1,MERGE_GROUP_BY,1.651859
paging,q1,1,MERGE_GROUP_BY,1.132469
paging,q1,1,MERGE_SORT,1.640808
paging,q1,1,MERGE_SORT,1.811216
paging,q1,1,ORDER_BY,0.601595
paging,q1,1,ORDER_BY,0.771783
paging,q1,1,PARTITION,1.5774250000000003
paging,q1,1,PARTITION,0.927971
paging,q1,1,PROJECTION,259.359693
paging,q1,1,PROJECTION,207.971152
paging,q1,1,RESULT_COLLECTOR,0.172466
paging,q1,1,RESULT_COLLECTOR,0.313308
paging,q1,1,SORT_PARTITION,0.77643
paging,q1,1,SORT_PARTITION,0.812133
paging,q1,1,SORT_SAMPLE,0.276235
paging,q1,1,SORT_SAMPLE,0.295869
paging,q1,2,GPU_SCAN,4602.2868530000005
paging,q1,2,GPU_SCAN,4558.592116
paging,q1,2,HASH_GROUP_BY,1345.6660160000001
paging,q1,2,HASH_GROUP_BY,1271.5337069999998
paging,q1,2,MERGE_GROUP_BY,1.349676
paging,q1,2,MERGE_GROUP_BY,1.217941
paging,q1,2,MERGE_SORT,2.134312
paging,q1,2,MERGE_SORT,1.75161
paging,q1,2,ORDER_BY,0.697428
paging,q1,2,ORDER_BY,0.492513
paging,q1,2,PARTITION,0.906884
paging,q1,2,PARTITION,0.7603620000000001
paging,q1,2,PROJECTION,210.74584600000006
paging,q1,2,PROJECTION,240.70311400000003
paging,q1,2,RESULT_COLLECTOR,0.155112
paging,q1,2,RESULT_COLLECTOR,0.136393
paging,q1,2,SORT_PARTITION,0.518473
paging,q1,2,SORT_PARTITION,1.188112
paging,q1,2,SORT_SAMPLE,0.177658
paging,q1,2,SORT_SAMPLE,0.438481
paging,q1,3,GPU_SCAN,4597.736321
paging,q1,3,GPU_SCAN,4604.9128839999985
paging,q1,3,HASH_GROUP_BY,1283.87696
paging,q1,3,HASH_GROUP_BY,1270.248164
paging,q1,3,MERGE_GROUP_BY,3.15351
paging,q1,3,MERGE_GROUP_BY,2.142506
paging,q1,3,MERGE_SORT,2.208514
paging,q1,3,MERGE_SORT,1.179407
paging,q1,3,ORDER_BY,0.931352
paging,q1,3,ORDER_BY,0.593973
paging,q1,3,PARTITION,0.8583629999999999
paging,q1,3,PARTITION,1.1683880000000002
paging,q1,3,PROJECTION,207.951874
paging,q1,3,PROJECTION,237.21033200000005
paging,q1,3,RESULT_COLLECTOR,0.149843
paging,q1,3,RESULT_COLLECTOR,0.159759
paging,q1,3,SORT_PARTITION,0.569556
paging,q1,3,SORT_PARTITION,0.551256
paging,q1,3,SORT_SAMPLE,0.228321
paging,q1,3,SORT_SAMPLE,0.219981
paging,q1,4,GPU_SCAN,4585.894425999999
paging,q1,4,GPU_SCAN,4822.346785000001
paging,q1,4,HASH_GROUP_BY,1288.226478
paging,q1,4,HASH_GROUP_BY,1390.1698459999996
paging,q1,4,MERGE_GROUP_BY,1.950245
paging,q1,4,MERGE_GROUP_BY,1.974243
paging,q1,4,MERGE_SORT,0.930339
paging,q1,4,MERGE_SORT,1.589936
paging,q1,4,ORDER_BY,0.679735
paging,q1,4,ORDER_BY,0.615059
paging,q1,4,PARTITION,1.1566589999999997
paging,q1,4,PARTITION,1.4667219999999999
paging,q1,4,PROJECTION,204.3828300000001
paging,q1,4,PROJECTION,189.93996499999992
paging,q1,4,RESULT_COLLECTOR,0.139169
paging,q1,4,RESULT_COLLECTOR,0.144086
paging,q1,4,SORT_PARTITION,0.873598
paging,q1,4,SORT_PARTITION,0.732165
paging,q1,4,SORT_SAMPLE,0.355717
paging,q1,4,SORT_SAMPLE,0.346494
paging,q1,5,GPU_SCAN,4747.140055
paging,q1,5,GPU_SCAN,4687.994444000001
paging,q1,5,HASH_GROUP_BY,1298.58699
paging,q1,5,HASH_GROUP_BY,1323.192654
paging,q1,5,MERGE_GROUP_BY,2.264295
paging,q1,5,MERGE_GROUP_BY,1.207477
paging,q1,5,MERGE_SORT,1.675833
paging,q1,5,MERGE_SORT,1.426749
paging,q1,5,ORDER_BY,0.599993
paging,q1,5,ORDER_BY,0.702612
paging,q1,5,PARTITION,0.79642
paging,q1,5,PARTITION,0.7301450000000002
paging,q1,5,PROJECTION,189.53652899999997
paging,q1,5,PROJECTION,177.68406700000003
paging,q1,5,RESULT_COLLECTOR,0.148455
paging,q1,5,RESULT_COLLECTOR,0.180605
paging,q1,5,SORT_PARTITION,1.179621
paging,q1,5,SORT_PARTITION,0.529171
paging,q1,5,SORT_SAMPLE,0.504771
paging,q1,5,SORT_SAMPLE,0.157623
paging,q1,6,GPU_SCAN,4708.603094
paging,q1,6,GPU_SCAN,4832.803036000001
paging,q1,6,HASH_GROUP_BY,1383.4350779999997
paging,q1,6,HASH_GROUP_BY,1383.35911
paging,q1,6,MERGE_GROUP_BY,2.121844
paging,q1,6,MERGE_GROUP_BY,1.240673
paging,q1,6,MERGE_SORT,0.86218
paging,q1,6,MERGE_SORT,2.241483
paging,q1,6,ORDER_BY,0.594522
paging,q1,6,ORDER_BY,0.795875
paging,q1,6,PARTITION,1.1967540000000003
paging,q1,6,PARTITION,0.8978910000000001
paging,q1,6,PROJECTION,227.322838
paging,q1,6,PROJECTION,209.86232699999996
paging,q1,6,RESULT_COLLECTOR,0.132135
paging,q1,6,RESULT_COLLECTOR,0.177982
paging,q1,6,SORT_PARTITION,0.653089
paging,q1,6,SORT_PARTITION,1.250159
paging,q1,6,SORT_SAMPLE,0.249285
paging,q1,6,SORT_SAMPLE,0.498004
paging,q1,7,GPU_SCAN,4645.174288
paging,q1,7,GPU_SCAN,4649.054348000001
paging,q1,7,HASH_GROUP_BY,1315.3661510000004
paging,q1,7,HASH_GROUP_BY,1286.7670409999998
paging,q1,7,MERGE_GROUP_BY,1.180205
paging,q1,7,MERGE_GROUP_BY,1.215827
paging,q1,7,MERGE_SORT,3.010855
paging,q1,7,MERGE_SORT,2.387878
paging,q1,7,ORDER_BY,0.663567
paging,q1,7,ORDER_BY,0.449383
paging,q1,7,PARTITION,0.9800829999999999
paging,q1,7,PARTITION,0.6890780000000002
paging,q1,7,PROJECTION,176.046904
paging,q1,7,PROJECTION,169.42691799999997
paging,q1,7,RESULT_COLLECTOR,0.20163
paging,q1,7,RESULT_COLLECTOR,0.135629
paging,q1,7,SORT_PARTITION,1.055851
paging,q1,7,SORT_PARTITION,0.998337
paging,q1,7,SORT_SAMPLE,0.405036
paging,q1,7,SORT_SAMPLE,0.363121
paging,q1,8,GPU_SCAN,4809.611804
paging,q1,8,GPU_SCAN,4437.187638
paging,q1,8,HASH_GROUP_BY,1346.508291
paging,q1,8,HASH_GROUP_BY,1247.8089660000005
paging,q1,8,MERGE_GROUP_BY,2.858141
paging,q1,8,MERGE_GROUP_BY,1.327888
paging,q1,8,MERGE_SORT,3.142537
paging,q1,8,MERGE_SORT,1.068663
paging,q1,8,ORDER_BY,0.595843
paging,q1,8,ORDER_BY,0.437352
paging,q1,8,PARTITION,2.1756249999999993
paging,q1,8,PARTITION,0.7646640000000003
paging,q1,8,PROJECTION,214.68867999999998
paging,q1,8,PROJECTION,209.902989
paging,q1,8,RESULT_COLLECTOR,0.168566
paging,q1,8,RESULT_COLLECTOR,0.146706
paging,q1,8,SORT_PARTITION,0.941116
paging,q1,8,SORT_PARTITION,0.983528
paging,q1,8,SORT_SAMPLE,0.335706
paging,q1,8,SORT_SAMPLE,0.380858
paging,q1,9,GPU_SCAN,4435.770865
paging,q1,9,GPU_SCAN,4849.169412
paging,q1,9,HASH_GROUP_BY,1215.6230970000001
paging,q1,9,HASH_GROUP_BY,1292.4943719999999
paging,q1,9,MERGE_GROUP_BY,1.321147
paging,q1,9,MERGE_GROUP_BY,1.406286
paging,q1,9,MERGE_SORT,2.376262
paging,q1,9,MERGE_SORT,1.635621
paging,q1,9,ORDER_BY,0.466006
paging,q1,9,ORDER_BY,0.582474
paging,q1,9,PARTITION,0.671574
paging,q1,9,PARTITION,1.911743
paging,q1,9,PROJECTION,170.85449400000005
paging,q1,9,PROJECTION,299.45650500000005
paging,q1,9,RESULT_COLLECTOR,0.157775
paging,q1,9,RESULT_COLLECTOR,0.173683
paging,q1,9,SORT_PARTITION,1.125276
paging,q1,9,SORT_PARTITION,0.760585
paging,q1,9,SORT_SAMPLE,0.56747
paging,q1,9,SORT_SAMPLE,0.318409
paging,q1,10,GPU_SCAN,4837.864420000001
paging,q1,10,GPU_SCAN,4849.543006000001
paging,q1,10,HASH_GROUP_BY,1347.7153400000002
paging,q1,10,HASH_GROUP_BY,1397.5402970000002
paging,q1,10,MERGE_GROUP_BY,2.57499
paging,q1,10,MERGE_GROUP_BY,1.263243
paging,q1,10,MERGE_SORT,2.13102
paging,q1,10,MERGE_SORT,2.267232
paging,q1,10,ORDER_BY,0.641869
paging,q1,10,ORDER_BY,0.513393
paging,q1,10,PARTITION,1.3475669999999997
paging,q1,10,PARTITION,0.8053019999999997
paging,q1,10,PROJECTION,197.33307499999992
paging,q1,10,PROJECTION,189.165466
paging,q1,10,RESULT_COLLECTOR,0.194045
paging,q1,10,RESULT_COLLECTOR,0.139838
paging,q1,10,SORT_PARTITION,0.88216
paging,q1,10,SORT_PARTITION,0.93843
paging,q1,10,SORT_SAMPLE,0.359103
paging,q1,10,SORT_SAMPLE,0.616539
paging,q2,1,CONCAT,3.619925
paging,q2,1,CONCAT,3.5665690000000003
paging,q2,1,DYNAMIC_FILTER,11.8544
paging,q2,1,DYNAMIC_FILTER,8.875211
paging,q2,1,FILTER,0.615633
paging,q2,1,FILTER,0.568935
paging,q2,1,GPU_SCAN,691.582263
paging,q2,1,GPU_SCAN,681.309184
paging,q2,1,HASH_GROUP_BY,0.311575
paging,q2,1,HASH_GROUP_BY,0.282247
paging,q2,1,HASH_JOIN,7.202902
paging,q2,1,HASH_JOIN,6.548516
paging,q2,1,LEFT_DELIM_JOIN,0.133039
paging,q2,1,LEFT_DELIM_JOIN,0.139737
paging,q2,1,MERGE_GROUP_BY,0.011623000000000001
paging,q2,1,MERGE_GROUP_BY,0.012294
paging,q2,1,MERGE_SORT,0.833749
paging,q2,1,MERGE_SORT,0.912667
paging,q2,1,ORDER_BY,1.321004
paging,q2,1,ORDER_BY,1.311624
paging,q2,1,PARTITION,0.34839000000000003
paging,q2,1,PARTITION,0.22534099999999999
paging,q2,1,PROJECTION,0.04428
paging,q2,1,PROJECTION,0.037527000000000005
paging,q2,1,RESULT_COLLECTOR,4.280732
paging,q2,1,RESULT_COLLECTOR,2.865127
paging,q2,1,SORT_PARTITION,1.241063
paging,q2,1,SORT_PARTITION,1.123621
paging,q2,1,SORT_SAMPLE,0.219234
paging,q2,1,SORT_SAMPLE,0.15738
paging,q2,2,CONCAT,4.063596
paging,q2,2,CONCAT,4.004784
paging,q2,2,DYNAMIC_FILTER,11.821878
paging,q2,2,DYNAMIC_FILTER,9.676357
paging,q2,2,FILTER,0.68701
paging,q2,2,FILTER,0.527305
paging,q2,2,GPU_SCAN,642.288088
paging,q2,2,GPU_SCAN,640.079853
paging,q2,2,HASH_GROUP_BY,0.385272
paging,q2,2,HASH_GROUP_BY,0.409873
paging,q2,2,HASH_JOIN,8.743686
paging,q2,2,HASH_JOIN,7.461048
paging,q2,2,LEFT_DELIM_JOIN,0.162237
paging,q2,2,LEFT_DELIM_JOIN,0.22163
paging,q2,2,MERGE_GROUP_BY,0.015210999999999999
paging,q2,2,MERGE_GROUP_BY,0.039126999999999995
paging,q2,2,MERGE_SORT,0.952356
paging,q2,2,MERGE_SORT,1.190083
paging,q2,2,ORDER_BY,1.404951
paging,q2,2,ORDER_BY,1.312095
paging,q2,2,PARTITION,0.4880129999999999
paging,q2,2,PARTITION,0.4901209999999999
paging,q2,2,PROJECTION,0.07681299999999999
paging,q2,2,PROJECTION,0.074629
paging,q2,2,RESULT_COLLECTOR,3.024761
paging,q2,2,RESULT_COLLECTOR,3.285972
paging,q2,2,SORT_PARTITION,1.402077
paging,q2,2,SORT_PARTITION,1.116814
paging,q2,2,SORT_SAMPLE,0.30921
paging,q2,2,SORT_SAMPLE,0.146274
paging,q2,3,CONCAT,3.6882710000000003
paging,q2,3,CONCAT,3.8303670000000003
paging,q2,3,DYNAMIC_FILTER,10.956335000000001
paging,q2,3,DYNAMIC_FILTER,10.414681
paging,q2,3,FILTER,0.677347
paging,q2,3,FILTER,0.640558
paging,q2,3,GPU_SCAN,647.549302
paging,q2,3,GPU_SCAN,646.488553
paging,q2,3,HASH_GROUP_BY,0.407865
paging,q2,3,HASH_GROUP_BY,0.409921
paging,q2,3,HASH_JOIN,8.01668
paging,q2,3,HASH_JOIN,9.053827000000002
paging,q2,3,LEFT_DELIM_JOIN,0.198255
paging,q2,3,LEFT_DELIM_JOIN,0.188066
paging,q2,3,MERGE_GROUP_BY,0.039068
paging,q2,3,MERGE_GROUP_BY,0.014519
paging,q2,3,MERGE_SORT,1.297474
paging,q2,3,MERGE_SORT,2.182487
paging,q2,3,ORDER_BY,1.368976
paging,q2,3,ORDER_BY,1.355755
paging,q2,3,PARTITION,0.365309
paging,q2,3,PARTITION,0.43509300000000006
paging,q2,3,PROJECTION,0.046094
paging,q2,3,PROJECTION,0.046158000000000005
paging,q2,3,RESULT_COLLECTOR,2.470097
paging,q2,3,RESULT_COLLECTOR,2.208099
paging,q2,3,SORT_PARTITION,1.397281
paging,q2,3,SORT_PARTITION,1.296018
paging,q2,3,SORT_SAMPLE,0.176416
paging,q2,3,SORT_SAMPLE,0.23533
paging,q2,4,CONCAT,4.025525
paging,q2,4,CONCAT,4.291873000000001
paging,q2,4,DYNAMIC_FILTER,9.732924
paging,q2,4,DYNAMIC_FILTER,10.043905
paging,q2,4,FILTER,0.568144
paging,q2,4,FILTER,0.6264
paging,q2,4,GPU_SCAN,647.7484000000001
paging,q2,4,GPU_SCAN,653.949614
paging,q2,4,HASH_GROUP_BY,0.364213
paging,q2,4,HASH_GROUP_BY,0.317674
paging,q2,4,HASH_JOIN,8.465129000000001
paging,q2,4,HASH_JOIN,9.467066999999998
paging,q2,4,LEFT_DELIM_JOIN,0.185388
paging,q2,4,LEFT_DELIM_JOIN,0.176361
paging,q2,4,MERGE_GROUP_BY,0.011412
paging,q2,4,MERGE_GROUP_BY,0.088629
paging,q2,4,MERGE_SORT,0.912506
paging,q2,4,MERGE_SORT,2.453917
paging,q2,4,ORDER_BY,1.258338
paging,q2,4,ORDER_BY,1.348261
paging,q2,4,PARTITION,0.37675
paging,q2,4,PARTITION,0.6080059999999999
paging,q2,4,PROJECTION,0.075357
paging,q2,4,PROJECTION,0.110309
paging,q2,4,RESULT_COLLECTOR,5.022051
paging,q2,4,RESULT_COLLECTOR,4.910342
paging,q2,4,SORT_PARTITION,1.125934
paging,q2,4,SORT_PARTITION,1.107035
paging,q2,4,SORT_SAMPLE,0.148393
paging,q2,4,SORT_SAMPLE,0.269022
paging,q2,5,CONCAT,4.002064
paging,q2,5,CONCAT,4.048463999999999
paging,q2,5,DYNAMIC_FILTER,9.082702000000001
paging,q2,5,DYNAMIC_FILTER,8.558379
paging,q2,5,FILTER,0.664315
paging,q2,5,FILTER,0.56946
paging,q2,5,GPU_SCAN,655.012506
paging,q2,5,GPU_SCAN,642.768134
paging,q2,5,HASH_GROUP_BY,0.45853
paging,q2,5,HASH_GROUP_BY,0.297466
paging,q2,5,HASH_JOIN,10.427875
paging,q2,5,HASH_JOIN,10.048086000000001
paging,q2,5,LEFT_DELIM_JOIN,0.265339
paging,q2,5,LEFT_DELIM_JOIN,0.244882
paging,q2,5,MERGE_GROUP_BY,0.022928999999999998
paging,q2,5,MERGE_GROUP_BY,0.011684
paging,q2,5,MERGE_SORT,0.95892
paging,q2,5,MERGE_SORT,0.976434
paging,q2,5,ORDER_BY,1.340974
paging,q2,5,ORDER_BY,1.320688
paging,q2,5,PARTITION,0.45222800000000013
paging,q2,5,PARTITION,0.368636
paging,q2,5,PROJECTION,0.05325
paging,q2,5,PROJECTION,0.044265
paging,q2,5,RESULT_COLLECTOR,2.489096
paging,q2,5,RESULT_COLLECTOR,2.596604
paging,q2,5,SORT_PARTITION,1.382676
paging,q2,5,SORT_PARTITION,1.069116
paging,q2,5,SORT_SAMPLE,0.305126
paging,q2,5,SORT_SAMPLE,0.224468
paging,q2,6,CONCAT,4.122088
paging,q2,6,CONCAT,3.7822240000000003
paging,q2,6,DYNAMIC_FILTER,11.4554
paging,q2,6,DYNAMIC_FILTER,9.700731000000001
paging,q2,6,FILTER,0.572471
paging,q2,6,FILTER,0.591759
paging,q2,6,GPU_SCAN,652.688883
paging,q2,6,GPU_SCAN,657.527757
paging,q2,6,HASH_GROUP_BY,0.28719
paging,q2,6,HASH_GROUP_BY,0.309416
paging,q2,6,HASH_JOIN,9.876382000000001
paging,q2,6,HASH_JOIN,8.235209999999999
paging,q2,6,LEFT_DELIM_JOIN,0.240892
paging,q2,6,LEFT_DELIM_JOIN,0.232756
paging,q2,6,MERGE_GROUP_BY,0.049381
paging,q2,6,MERGE_GROUP_BY,0.012750000000000001
paging,q2,6,MERGE_SORT,0.899723
paging,q2,6,MERGE_SORT,0.967634
paging,q2,6,ORDER_BY,1.257448
paging,q2,6,ORDER_BY,1.311899
paging,q2,6,PARTITION,0.6144829999999999
paging,q2,6,PARTITION,0.393661
paging,q2,6,PROJECTION,0.079974
paging,q2,6,PROJECTION,0.049987000000000004
paging,q2,6,RESULT_COLLECTOR,2.582221
paging,q2,6,RESULT_COLLECTOR,2.776979
paging,q2,6,SORT_PARTITION,1.074804
paging,q2,6,SORT_PARTITION,1.141713
paging,q2,6,SORT_SAMPLE,0.188613
paging,q2,6,SORT_SAMPLE,0.216154
paging,q2,7,CONCAT,4.246813
paging,q2,7,CONCAT,3.806628
paging,q2,7,DYNAMIC_FILTER,9.570697000000001
paging,q2,7,DYNAMIC_FILTER,8.658678
paging,q2,7,FILTER,0.566921
paging,q2,7,FILTER,0.578403
paging,q2,7,GPU_SCAN,654.628518
paging,q2,7,GPU_SCAN,645.809264
paging,q2,7,HASH_GROUP_BY,0.335999
paging,q2,7,HASH_GROUP_BY,0.352177
paging,q2,7,HASH_JOIN,9.143047000000001
paging,q2,7,HASH_JOIN,7.261588999999999
paging,q2,7,LEFT_DELIM_JOIN,0.187865
paging,q2,7,LEFT_DELIM_JOIN,0.164428
paging,q2,7,MERGE_GROUP_BY,0.015226
paging,q2,7,MERGE_GROUP_BY,0.02182
paging,q2,7,MERGE_SORT,0.948156
paging,q2,7,MERGE_SORT,1.173521
paging,q2,7,ORDER_BY,1.2885
paging,q2,7,ORDER_BY,1.303935
paging,q2,7,PARTITION,0.493189
paging,q2,7,PARTITION,0.34413600000000005
paging,q2,7,PROJECTION,0.044
paging,q2,7,PROJECTION,0.078566
paging,q2,7,RESULT_COLLECTOR,2.551365
paging,q2,7,RESULT_COLLECTOR,2.839696
paging,q2,7,SORT_PARTITION,0.987479
paging,q2,7,SORT_PARTITION,0.983055
paging,q2,7,SORT_SAMPLE,0.203206
paging,q2,7,SORT_SAMPLE,0.148209
paging,q2,8,CONCAT,4.598898
paging,q2,8,CONCAT,4.677929000000001
paging,q2,8,DYNAMIC_FILTER,9.020705
paging,q2,8,DYNAMIC_FILTER,9.305893
paging,q2,8,FILTER,0.685798
paging,q2,8,FILTER,0.624732
paging,q2,8,GPU_SCAN,651.968338
paging,q2,8,GPU_SCAN,640.684706
paging,q2,8,HASH_GROUP_BY,0.402662
paging,q2,8,HASH_GROUP_BY,0.311319
paging,q2,8,HASH_JOIN,10.334380000000001
paging,q2,8,HASH_JOIN,7.716448
paging,q2,8,LEFT_DELIM_JOIN,0.236483
paging,q2,8,LEFT_DELIM_JOIN,0.148381
paging,q2,8,MERGE_GROUP_BY,0.047548
paging,q2,8,MERGE_GROUP_BY,0.051192
paging,q2,8,MERGE_SORT,2.133491
paging,q2,8,MERGE_SORT,0.931824
paging,q2,8,ORDER_BY,1.371074
paging,q2,8,ORDER_BY,1.33795
paging,q2,8,PARTITION,0.5985069999999999
paging,q2,8,PARTITION,0.501185
paging,q2,8,PROJECTION,0.085651
paging,q2,8,PROJECTION,0.10872200000000001
paging,q2,8,RESULT_COLLECTOR,2.983156
paging,q2,8,RESULT_COLLECTOR,2.934621
paging,q2,8,SORT_PARTITION,1.567533
paging,q2,8,SORT_PARTITION,1.266869
paging,q2,8,SORT_SAMPLE,0.450218
paging,q2,8,SORT_SAMPLE,0.207413
paging,q2,9,CONCAT,4.23247
paging,q2,9,CONCAT,4.020346
paging,q2,9,DYNAMIC_FILTER,8.618925
paging,q2,9,DYNAMIC_FILTER,8.699792
paging,q2,9,FILTER,0.583101
paging,q2,9,FILTER,0.67916
paging,q2,9,GPU_SCAN,638.870584
paging,q2,9,GPU_SCAN,643.158759
paging,q2,9,HASH_GROUP_BY,0.336815
paging,q2,9,HASH_GROUP_BY,0.339363
paging,q2,9,HASH_JOIN,9.829857
paging,q2,9,HASH_JOIN,8.317038
paging,q2,9,LEFT_DELIM_JOIN,0.177025
paging,q2,9,LEFT_DELIM_JOIN,0.247321
paging,q2,9,MERGE_GROUP_BY,0.012394
paging,q2,9,MERGE_GROUP_BY,0.015472
paging,q2,9,MERGE_SORT,0.94024
paging,q2,9,MERGE_SORT,1.072624
paging,q2,9,ORDER_BY,1.278181
paging,q2,9,ORDER_BY,1.408501
paging,q2,9,PARTITION,0.520965
paging,q2,9,PARTITION,0.4930860000000001
paging,q2,9,PROJECTION,0.080271
paging,q2,9,PROJECTION,0.079544
paging,q2,9,RESULT_COLLECTOR,5.299408
paging,q2,9,RESULT_COLLECTOR,4.684498
paging,q2,9,SORT_PARTITION,1.262936
paging,q2,9,SORT_PARTITION,1.347948
paging,q2,9,SORT_SAMPLE,0.209575
paging,q2,9,SORT_SAMPLE,0.18954
paging,q2,10,CONCAT,4.377580000000001
paging,q2,10,CONCAT,3.8856759999999997
paging,q2,10,DYNAMIC_FILTER,8.566026
paging,q2,10,DYNAMIC_FILTER,8.955332
paging,q2,10,FILTER,0.593737
paging,q2,10,FILTER,0.663481
paging,q2,10,GPU_SCAN,641.057298
paging,q2,10,GPU_SCAN,640.957251
paging,q2,10,HASH_GROUP_BY,0.303635
paging,q2,10,HASH_GROUP_BY,0.333916
paging,q2,10,HASH_JOIN,8.563828
paging,q2,10,HASH_JOIN,9.360206000000002
paging,q2,10,LEFT_DELIM_JOIN,0.139006
paging,q2,10,LEFT_DELIM_JOIN,0.134358
paging,q2,10,MERGE_GROUP_BY,0.012109
paging,q2,10,MERGE_GROUP_BY,0.016367
paging,q2,10,MERGE_SORT,0.913956
paging,q2,10,MERGE_SORT,0.963265
paging,q2,10,ORDER_BY,1.301867
paging,q2,10,ORDER_BY,1.393992
paging,q2,10,PARTITION,0.450899
paging,q2,10,PARTITION,0.5370210000000001
paging,q2,10,PROJECTION,0.049926
paging,q2,10,PROJECTION,0.090805
paging,q2,10,RESULT_COLLECTOR,2.188275
paging,q2,10,RESULT_COLLECTOR,4.916245
paging,q2,10,SORT_PARTITION,1.182687
paging,q2,10,SORT_PARTITION,1.218893
paging,q2,10,SORT_SAMPLE,0.234012
paging,q2,10,SORT_SAMPLE,0.171954
paging,q3,1,CONCAT,5.7034769999999995
paging,q3,1,CONCAT,5.558403
paging,q3,1,DYNAMIC_FILTER,23.105959
paging,q3,1,DYNAMIC_FILTER,34.372218999999994
paging,q3,1,GPU_SCAN,4531.7039509999995
paging,q3,1,GPU_SCAN,4833.764327000001
paging,q3,1,HASH_GROUP_BY,1.239027
paging,q3,1,HASH_GROUP_BY,1.245857
paging,q3,1,HASH_JOIN,10.911553000000001
paging,q3,1,HASH_JOIN,10.687551
paging,q3,1,MERGE_GROUP_BY,0.005914
paging,q3,1,MERGE_GROUP_BY,0.008912
paging,q3,1,MERGE_SORT,0.381069
paging,q3,1,MERGE_SORT,0.390793
paging,q3,1,ORDER_BY,2.570687
paging,q3,1,ORDER_BY,2.499708
paging,q3,1,PARTITION,0.4610420000000001
paging,q3,1,PARTITION,0.298876
paging,q3,1,PROJECTION,0.250173
paging,q3,1,PROJECTION,0.224426
paging,q3,1,RESULT_COLLECTOR,4.242184
paging,q3,1,RESULT_COLLECTOR,8.899293
paging,q3,1,SORT_PARTITION,0.202545
paging,q3,1,SORT_PARTITION,0.215018
paging,q3,1,SORT_SAMPLE,0.031346
paging,q3,1,SORT_SAMPLE,0.035915
paging,q3,2,CONCAT,5.999808
paging,q3,2,CONCAT,5.840589
paging,q3,2,DYNAMIC_FILTER,26.093765999999988
paging,q3,2,DYNAMIC_FILTER,34.889976
paging,q3,2,GPU_SCAN,4924.466102
paging,q3,2,GPU_SCAN,4762.562537000001
paging,q3,2,HASH_GROUP_BY,1.361155
paging,q3,2,HASH_GROUP_BY,1.220863
paging,q3,2,HASH_JOIN,10.734551
paging,q3,2,HASH_JOIN,10.824425999999999
paging,q3,2,MERGE_GROUP_BY,0.011008
paging,q3,2,MERGE_GROUP_BY,0.026488
paging,q3,2,MERGE_SORT,0.402619
paging,q3,2,MERGE_SORT,0.373353
paging,q3,2,ORDER_BY,3.006699
paging,q3,2,ORDER_BY,2.420032
paging,q3,2,PARTITION,0.346178
paging,q3,2,PARTITION,0.245738
paging,q3,2,PROJECTION,0.286541
paging,q3,2,PROJECTION,0.23597500000000002
paging,q3,2,RESULT_COLLECTOR,6.231571
paging,q3,2,RESULT_COLLECTOR,8.711085
paging,q3,2,SORT_PARTITION,0.232466
paging,q3,2,SORT_PARTITION,0.217013
paging,q3,2,SORT_SAMPLE,0.045007
paging,q3,2,SORT_SAMPLE,0.030138
paging,q3,3,CONCAT,5.748678
paging,q3,3,CONCAT,5.441476
paging,q3,3,DYNAMIC_FILTER,27.002619
paging,q3,3,DYNAMIC_FILTER,26.296992000000003
paging,q3,3,GPU_SCAN,4688.267224000001
paging,q3,3,GPU_SCAN,4777.562517000001
paging,q3,3,HASH_GROUP_BY,1.256541
paging,q3,3,HASH_GROUP_BY,1.313086
paging,q3,3,HASH_JOIN,10.345414
paging,q3,3,HASH_JOIN,10.399268
paging,q3,3,MERGE_GROUP_BY,0.058554
paging,q3,3,MERGE_GROUP_BY,0.050834
paging,q3,3,MERGE_SORT,0.74159
paging,q3,3,MERGE_SORT,0.422737
paging,q3,3,ORDER_BY,2.456686
paging,q3,3,ORDER_BY,2.521685
paging,q3,3,PARTITION,0.4121000000000001
paging,q3,3,PARTITION,0.231282
paging,q3,3,PROJECTION,0.225491
paging,q3,3,PROJECTION,0.22706900000000002
paging,q3,3,RESULT_COLLECTOR,5.181724
paging,q3,3,RESULT_COLLECTOR,5.337499
paging,q3,3,SORT_PARTITION,0.220633
paging,q3,3,SORT_PARTITION,0.215383
paging,q3,3,SORT_SAMPLE,0.034378
paging,q3,3,SORT_SAMPLE,0.032981
paging,q3,4,CONCAT,5.690724
paging,q3,4,CONCAT,5.864204
paging,q3,4,DYNAMIC_FILTER,29.334293000000002
paging,q3,4,DYNAMIC_FILTER,25.975710999999997
paging,q3,4,GPU_SCAN,4732.129709999999
paging,q3,4,GPU_SCAN,4788.346885999998
paging,q3,4,HASH_GROUP_BY,1.295418
paging,q3,4,HASH_GROUP_BY,1.328052
paging,q3,4,HASH_JOIN,10.344930000000002
paging,q3,4,HASH_JOIN,10.521522999999998
paging,q3,4,MERGE_GROUP_BY,0.012576
paging,q3,4,MERGE_GROUP_BY,0.025045
paging,q3,4,MERGE_SORT,0.740831
paging,q3,4,MERGE_SORT,0.419319
paging,q3,4,ORDER_BY,2.496999
paging,q3,4,ORDER_BY,2.547634
paging,q3,4,PARTITION,0.23630199999999996
paging,q3,4,PARTITION,0.36009
paging,q3,4,PROJECTION,0.231792
paging,q3,4,PROJECTION,0.243819
paging,q3,4,RESULT_COLLECTOR,9.378353
paging,q3,4,RESULT_COLLECTOR,6.352003
paging,q3,4,SORT_PARTITION,0.22994
paging,q3,4,SORT_PARTITION,0.258591
paging,q3,4,SORT_SAMPLE,0.030092
paging,q3,4,SORT_SAMPLE,0.047904
paging,q3,5,CONCAT,5.630908
paging,q3,5,CONCAT,5.523375
paging,q3,5,DYNAMIC_FILTER,26.953124999999996
paging,q3,5,DYNAMIC_FILTER,37.744588
paging,q3,5,GPU_SCAN,4723.869076
paging,q3,5,GPU_SCAN,4692.693570000001
paging,q3,5,HASH_GROUP_BY,1.202549
paging,q3,5,HASH_GROUP_BY,1.345077
paging,q3,5,HASH_JOIN,10.484217000000001
paging,q3,5,HASH_JOIN,10.789200000000001
paging,q3,5,MERGE_GROUP_BY,0.006743
paging,q3,5,MERGE_GROUP_BY,0.008615
paging,q3,5,MERGE_SORT,0.339293
paging,q3,5,MERGE_SORT,0.396878
paging,q3,5,ORDER_BY,2.40344
paging,q3,5,ORDER_BY,2.430904
paging,q3,5,PARTITION,0.45930699999999997
paging,q3,5,PARTITION,0.35853
paging,q3,5,PROJECTION,0.219359
paging,q3,5,PROJECTION,0.277626
paging,q3,5,RESULT_COLLECTOR,4.281098
paging,q3,5,RESULT_COLLECTOR,6.918913
paging,q3,5,SORT_PARTITION,0.663584
paging,q3,5,SORT_PARTITION,0.274761
paging,q3,5,SORT_SAMPLE,0.227252
paging,q3,5,SORT_SAMPLE,0.096151
paging,q3,6,CONCAT,6.045316
paging,q3,6,CONCAT,5.815485
paging,q3,6,DYNAMIC_FILTER,25.496083
paging,q3,6,DYNAMIC_FILTER,31.087952
paging,q3,6,GPU_SCAN,5010.009275000001
paging,q3,6,GPU_SCAN,4927.202472000001
paging,q3,6,HASH_GROUP_BY,1.318363
paging,q3,6,HASH_GROUP_BY,1.376805
paging,q3,6,HASH_JOIN,10.833165000000001
paging,q3,6,HASH_JOIN,11.028153
paging,q3,6,MERGE_GROUP_BY,0.00718
paging,q3,6,MERGE_GROUP_BY,0.01055
paging,q3,6,MERGE_SORT,0.377731
paging,q3,6,MERGE_SORT,0.400621
paging,q3,6,ORDER_BY,2.517127
paging,q3,6,ORDER_BY,2.572261
paging,q3,6,PARTITION,0.28678100000000006
paging,q3,6,PARTITION,0.3478089999999999
paging,q3,6,PROJECTION,0.229042
paging,q3,6,PROJECTION,0.25086400000000003
paging,q3,6,RESULT_COLLECTOR,8.796466
paging,q3,6,RESULT_COLLECTOR,5.893821
paging,q3,6,SORT_PARTITION,0.206433
paging,q3,6,SORT_PARTITION,0.223174
paging,q3,6,SORT_SAMPLE,0.032193
paging,q3,6,SORT_SAMPLE,0.039019
paging,q3,7,CONCAT,5.993797
paging,q3,7,CONCAT,5.514134
paging,q3,7,DYNAMIC_FILTER,34.989859
paging,q3,7,DYNAMIC_FILTER,36.512375000000006
paging,q3,7,GPU_SCAN,4825.392414
paging,q3,7,GPU_SCAN,4957.439073
paging,q3,7,HASH_GROUP_BY,1.262289
paging,q3,7,HASH_GROUP_BY,1.226801
paging,q3,7,HASH_JOIN,10.801200000000001
paging,q3,7,HASH_JOIN,10.671395
paging,q3,7,MERGE_GROUP_BY,0.007871
paging,q3,7,MERGE_GROUP_BY,0.007798
paging,q3,7,MERGE_SORT,0.329487
paging,q3,7,MERGE_SORT,0.766687
paging,q3,7,ORDER_BY,2.462815
paging,q3,7,ORDER_BY,2.422638
paging,q3,7,PARTITION,0.43889600000000006
paging,q3,7,PARTITION,0.437424
paging,q3,7,PROJECTION,0.229785
paging,q3,7,PROJECTION,0.230158
paging,q3,7,RESULT_COLLECTOR,9.820168
paging,q3,7,RESULT_COLLECTOR,5.159108
paging,q3,7,SORT_PARTITION,0.203823
paging,q3,7,SORT_PARTITION,0.253596
paging,q3,7,SORT_SAMPLE,0.026989
paging,q3,7,SORT_SAMPLE,0.083395
paging,q3,8,CONCAT,5.985844999999999
paging,q3,8,CONCAT,6.09537
paging,q3,8,DYNAMIC_FILTER,30.668116
paging,q3,8,DYNAMIC_FILTER,21.604100000000003
paging,q3,8,GPU_SCAN,4908.709909000001
paging,q3,8,GPU_SCAN,4726.053237
paging,q3,8,HASH_GROUP_BY,1.29772
paging,q3,8,HASH_GROUP_BY,1.32043
paging,q3,8,HASH_JOIN,10.74925
paging,q3,8,HASH_JOIN,11.00522
paging,q3,8,MERGE_GROUP_BY,0.064889
paging,q3,8,MERGE_GROUP_BY,0.042391
paging,q3,8,MERGE_SORT,0.823618
paging,q3,8,MERGE_SORT,0.437761
paging,q3,8,ORDER_BY,2.627961
paging,q3,8,ORDER_BY,2.534294
paging,q3,8,PARTITION,0.45857700000000007
paging,q3,8,PARTITION,0.40533
paging,q3,8,PROJECTION,0.270381
paging,q3,8,PROJECTION,0.26116100000000003
paging,q3,8,RESULT_COLLECTOR,9.085642
paging,q3,8,RESULT_COLLECTOR,6.869186
paging,q3,8,SORT_PARTITION,0.387738
paging,q3,8,SORT_PARTITION,0.311321
paging,q3,8,SORT_SAMPLE,0.139089
paging,q3,8,SORT_SAMPLE,0.103723
paging,q3,9,CONCAT,5.9018239999999995
paging,q3,9,CONCAT,5.470777
paging,q3,9,DYNAMIC_FILTER,24.462897
paging,q3,9,DYNAMIC_FILTER,31.263370000000002
paging,q3,9,GPU_SCAN,4837.817779000001
paging,q3,9,GPU_SCAN,4760.4766309999995
paging,q3,9,HASH_GROUP_BY,1.214977
paging,q3,9,HASH_GROUP_BY,1.264949
paging,q3,9,HASH_JOIN,10.805442
paging,q3,9,HASH_JOIN,10.56774
paging,q3,9,MERGE_GROUP_BY,0.0092
paging,q3,9,MERGE_GROUP_BY,0.025778
paging,q3,9,MERGE_SORT,0.439518
paging,q3,9,MERGE_SORT,0.416202
paging,q3,9,ORDER_BY,2.412109
paging,q3,9,ORDER_BY,2.432626
paging,q3,9,PARTITION,0.381846
paging,q3,9,PARTITION,0.41595299999999996
paging,q3,9,PROJECTION,0.22644599999999998
paging,q3,9,PROJECTION,0.24567999999999998
paging,q3,9,RESULT_COLLECTOR,4.778968
paging,q3,9,RESULT_COLLECTOR,5.920305
paging,q3,9,SORT_PARTITION,0.206893
paging,q3,9,SORT_PARTITION,0.238838
paging,q3,9,SORT_SAMPLE,0.028902
paging,q3,9,SORT_SAMPLE,0.043449
paging,q3,10,CONCAT,5.884081
paging,q3,10,CONCAT,6.090737
paging,q3,10,DYNAMIC_FILTER,28.806149
paging,q3,10,DYNAMIC_FILTER,35.430138
paging,q3,10,GPU_SCAN,4932.1305649999995
paging,q3,10,GPU_SCAN,4878.395074
paging,q3,10,HASH_GROUP_BY,1.243096
paging,q3,10,HASH_GROUP_BY,1.276557
paging,q3,10,HASH_JOIN,11.082236
paging,q3,10,HASH_JOIN,10.477051
paging,q3,10,MERGE_GROUP_BY,0.007665
paging,q3,10,MERGE_GROUP_BY,0.009624
paging,q3,10,MERGE_SORT,0.336128
paging,q3,10,MERGE_SORT,0.395053
paging,q3,10,ORDER_BY,2.504364
paging,q3,10,ORDER_BY,2.479918
paging,q3,10,PARTITION,0.308112
paging,q3,10,PARTITION,0.272646
paging,q3,10,PROJECTION,0.22267
paging,q3,10,PROJECTION,0.2453
paging,q3,10,RESULT_COLLECTOR,8.323452
paging,q3,10,RESULT_COLLECTOR,5.562917
paging,q3,10,SORT_PARTITION,0.220557
paging,q3,10,SORT_PARTITION,0.234407
paging,q3,10,SORT_SAMPLE,0.031136
paging,q3,10,SORT_SAMPLE,0.039589
paging,q4,1,CONCAT,1.8638560000000002
paging,q4,1,CONCAT,1.899788
paging,q4,1,DYNAMIC_FILTER,28.005495
paging,q4,1,DYNAMIC_FILTER,32.832009
paging,q4,1,FILTER,11.018543
paging,q4,1,FILTER,5.837225999999999
paging,q4,1,GPU_SCAN,2818.5032739999997
paging,q4,1,GPU_SCAN,2796.092668
paging,q4,1,HASH_GROUP_BY,2.169379
paging,q4,1,HASH_GROUP_BY,2.101818
paging,q4,1,HASH_JOIN,7.63162
paging,q4,1,HASH_JOIN,7.478718000000001
paging,q4,1,LEFT_DELIM_JOIN,2.502061
paging,q4,1,LEFT_DELIM_JOIN,4.9373249999999995
paging,q4,1,MERGE_GROUP_BY,3.156063
paging,q4,1,MERGE_GROUP_BY,2.801763
paging,q4,1,MERGE_SORT,0.639009
paging,q4,1,MERGE_SORT,0.751994
paging,q4,1,ORDER_BY,0.205078
paging,q4,1,ORDER_BY,0.221993
paging,q4,1,PARTITION,0.189177
paging,q4,1,PARTITION,0.335632
paging,q4,1,PROJECTION,0.011516
paging,q4,1,PROJECTION,0.011106
paging,q4,1,RESULT_COLLECTOR,0.310769
paging,q4,1,RESULT_COLLECTOR,0.501516
paging,q4,1,SORT_PARTITION,0.166516
paging,q4,1,SORT_PARTITION,0.168748
paging,q4,1,SORT_SAMPLE,0.086412
paging,q4,1,SORT_SAMPLE,0.08675
paging,q4,2,CONCAT,2.2173309999999997
paging,q4,2,CONCAT,2.1528970000000003
paging,q4,2,DYNAMIC_FILTER,32.046467
paging,q4,2,DYNAMIC_FILTER,27.567695
paging,q4,2,FILTER,6.9227170000000005
paging,q4,2,FILTER,7.5822
paging,q4,2,GPU_SCAN,2311.624445
paging,q4,2,GPU_SCAN,2331.6266450000003
paging,q4,2,HASH_GROUP_BY,2.23274
paging,q4,2,HASH_GROUP_BY,2.167651
paging,q4,2,HASH_JOIN,7.739545000000001
paging,q4,2,HASH_JOIN,7.605503000000001
paging,q4,2,LEFT_DELIM_JOIN,3.550294
paging,q4,2,LEFT_DELIM_JOIN,3.5717880000000006
paging,q4,2,MERGE_GROUP_BY,2.929914
paging,q4,2,MERGE_GROUP_BY,2.857892
paging,q4,2,MERGE_SORT,0.377871
paging,q4,2,MERGE_SORT,0.366331
paging,q4,2,ORDER_BY,0.223418
paging,q4,2,ORDER_BY,0.186973
paging,q4,2,PARTITION,0.413224
paging,q4,2,PARTITION,0.331758
paging,q4,2,PROJECTION,0.015368
paging,q4,2,PROJECTION,0.013282
paging,q4,2,RESULT_COLLECTOR,0.280108
paging,q4,2,RESULT_COLLECTOR,0.250742
paging,q4,2,SORT_PARTITION,0.198937
paging,q4,2,SORT_PARTITION,0.203085
paging,q4,2,SORT_SAMPLE,0.101936
paging,q4,2,SORT_SAMPLE,0.104698
paging,q4,3,CONCAT,2.4287840000000003
paging,q4,3,CONCAT,2.143091
paging,q4,3,DYNAMIC_FILTER,25.9347
paging,q4,3,DYNAMIC_FILTER,25.564102000000002
paging,q4,3,FILTER,10.379227
paging,q4,3,FILTER,7.194443000000001
paging,q4,3,GPU_SCAN,2429.7696430000005
paging,q4,3,GPU_SCAN,2452.996444
paging,q4,3,HASH_GROUP_BY,2.151768
paging,q4,3,HASH_GROUP_BY,2.083968
paging,q4,3,HASH_JOIN,7.784898
paging,q4,3,HASH_JOIN,7.426242
paging,q4,3,LEFT_DELIM_JOIN,4.591709
paging,q4,3,LEFT_DELIM_JOIN,4.198256
paging,q4,3,MERGE_GROUP_BY,2.896713
paging,q4,3,MERGE_GROUP_BY,2.974659
paging,q4,3,MERGE_SORT,0.761074
paging,q4,3,MERGE_SORT,0.745016
paging,q4,3,ORDER_BY,0.145658
paging,q4,3,ORDER_BY,0.297681
paging,q4,3,PARTITION,0.37114600000000003
paging,q4,3,PARTITION,0.201609
paging,q4,3,PROJECTION,0.012862
paging,q4,3,PROJECTION,0.013753
paging,q4,3,RESULT_COLLECTOR,0.180752
paging,q4,3,RESULT_COLLECTOR,0.187049
paging,q4,3,SORT_PARTITION,0.172142
paging,q4,3,SORT_PARTITION,0.19234
paging,q4,3,SORT_SAMPLE,0.077738
paging,q4,3,SORT_SAMPLE,0.102855
paging,q4,4,CONCAT,2.069581
paging,q4,4,CONCAT,2.1373610000000003
paging,q4,4,DYNAMIC_FILTER,22.204692
paging,q4,4,DYNAMIC_FILTER,23.868375999999998
paging,q4,4,FILTER,5.945358
paging,q4,4,FILTER,5.076073
paging,q4,4,GPU_SCAN,2316.350554
paging,q4,4,GPU_SCAN,2490.8264079999994
paging,q4,4,HASH_GROUP_BY,2.215475
paging,q4,4,HASH_GROUP_BY,2.148827
paging,q4,4,HASH_JOIN,7.7808399999999995
paging,q4,4,HASH_JOIN,7.552356
paging,q4,4,LEFT_DELIM_JOIN,4.079409
paging,q4,4,LEFT_DELIM_JOIN,4.4312059999999995
paging,q4,4,MERGE_GROUP_BY,2.9327490000000003
paging,q4,4,MERGE_GROUP_BY,3.0989899999999997
paging,q4,4,MERGE_SORT,0.253739
paging,q4,4,MERGE_SORT,0.362989
paging,q4,4,ORDER_BY,0.205304
paging,q4,4,ORDER_BY,0.531614
paging,q4,4,PARTITION,0.34703200000000006
paging,q4,4,PARTITION,0.20298500000000005
paging,q4,4,PROJECTION,0.014682
paging,q4,4,PROJECTION,0.012133
paging,q4,4,RESULT_COLLECTOR,0.28232
paging,q4,4,RESULT_COLLECTOR,0.259255
paging,q4,4,SORT_PARTITION,0.21693
paging,q4,4,SORT_PARTITION,0.18245
paging,q4,4,SORT_SAMPLE,0.107999
paging,q4,4,SORT_SAMPLE,0.095488
paging,q4,5,CONCAT,1.882544
paging,q4,5,CONCAT,1.941258
paging,q4,5,DYNAMIC_FILTER,34.095483
paging,q4,5,DYNAMIC_FILTER,37.840831
paging,q4,5,FILTER,7.412444000000001
paging,q4,5,FILTER,6.383039
paging,q4,5,GPU_SCAN,2434.9605629999996
paging,q4,5,GPU_SCAN,2450.298726
paging,q4,5,HASH_GROUP_BY,2.050011
paging,q4,5,HASH_GROUP_BY,2.144644
paging,q4,5,HASH_JOIN,7.629829
paging,q4,5,HASH_JOIN,7.514451
paging,q4,5,LEFT_DELIM_JOIN,4.249462
paging,q4,5,LEFT_DELIM_JOIN,4.110716
paging,q4,5,MERGE_GROUP_BY,2.880086
paging,q4,5,MERGE_GROUP_BY,3.056197
paging,q4,5,MERGE_SORT,0.258035
paging,q4,5,MERGE_SORT,0.775992
paging,q4,5,ORDER_BY,0.176152
paging,q4,5,ORDER_BY,0.162057
paging,q4,5,PARTITION,0.19381700000000002
paging,q4,5,PARTITION,0.27482799999999996
paging,q4,5,PROJECTION,0.011203
paging,q4,5,PROJECTION,0.012651
paging,q4,5,RESULT_COLLECTOR,0.120214
paging,q4,5,RESULT_COLLECTOR,0.255952
paging,q4,5,SORT_PARTITION,0.169113
paging,q4,5,SORT_PARTITION,0.161094
paging,q4,5,SORT_SAMPLE,0.081012
paging,q4,5,SORT_SAMPLE,0.073559
paging,q4,6,CONCAT,2.080643
paging,q4,6,CONCAT,1.920014
paging,q4,6,DYNAMIC_FILTER,25.654907
paging,q4,6,DYNAMIC_FILTER,25.379592
paging,q4,6,FILTER,7.767618
paging,q4,6,FILTER,5.558076
paging,q4,6,GPU_SCAN,2614.473007
paging,q4,6,GPU_SCAN,2435.618907
paging,q4,6,HASH_GROUP_BY,2.252567
paging,q4,6,HASH_GROUP_BY,2.080772
paging,q4,6,HASH_JOIN,7.992334
paging,q4,6,HASH_JOIN,7.346341000000001
paging,q4,6,LEFT_DELIM_JOIN,5.511611
paging,q4,6,LEFT_DELIM_JOIN,5.3532530000000005
paging,q4,6,MERGE_GROUP_BY,2.926733
paging,q4,6,MERGE_GROUP_BY,2.827064
paging,q4,6,MERGE_SORT,0.363019
paging,q4,6,MERGE_SORT,0.3044
paging,q4,6,ORDER_BY,0.342716
paging,q4,6,ORDER_BY,0.160935
paging,q4,6,PARTITION,0.46493399999999996
paging,q4,6,PARTITION,0.30580100000000005
paging,q4,6,PROJECTION,0.021512
paging,q4,6,PROJECTION,0.010872
paging,q4,6,RESULT_COLLECTOR,0.164456
paging,q4,6,RESULT_COLLECTOR,0.237128
paging,q4,6,SORT_PARTITION,0.228215
paging,q4,6,SORT_PARTITION,0.169508
paging,q4,6,SORT_SAMPLE,0.182284
paging,q4,6,SORT_SAMPLE,0.088602
paging,q4,7,CONCAT,2.028994
paging,q4,7,CONCAT,2.142175
paging,q4,7,DYNAMIC_FILTER,17.600023
paging,q4,7,DYNAMIC_FILTER,26.337155
paging,q4,7,FILTER,3.753569
paging,q4,7,FILTER,5.217605
paging,q4,7,GPU_SCAN,2549.3695390000003
paging,q4,7,GPU_SCAN,2463.100936
paging,q4,7,HASH_GROUP_BY,2.116533
paging,q4,7,HASH_GROUP_BY,2.151435
paging,q4,7,HASH_JOIN,7.647869
paging,q4,7,HASH_JOIN,7.528639
paging,q4,7,LEFT_DELIM_JOIN,4.713858000000001
paging,q4,7,LEFT_DELIM_JOIN,5.2802929999999995
paging,q4,7,MERGE_GROUP_BY,2.8928760000000002
paging,q4,7,MERGE_GROUP_BY,2.8344080000000003
paging,q4,7,MERGE_SORT,0.30534
paging,q4,7,MERGE_SORT,0.775971
paging,q4,7,ORDER_BY,0.169472
paging,q4,7,ORDER_BY,0.185372
paging,q4,7,PARTITION,0.3871
paging,q4,7,PARTITION,0.324015
paging,q4,7,PROJECTION,0.011783
paging,q4,7,PROJECTION,0.012627
paging,q4,7,RESULT_COLLECTOR,0.254577
paging,q4,7,RESULT_COLLECTOR,0.264045
paging,q4,7,SORT_PARTITION,0.153783
paging,q4,7,SORT_PARTITION,0.18234
paging,q4,7,SORT_SAMPLE,0.074264
paging,q4,7,SORT_SAMPLE,0.08907
paging,q4,8,CONCAT,2.088241
paging,q4,8,CONCAT,2.184502
paging,q4,8,DYNAMIC_FILTER,32.104771
paging,q4,8,DYNAMIC_FILTER,27.230867999999997
paging,q4,8,FILTER,8.607248
paging,q4,8,FILTER,8.659500999999999
paging,q4,8,GPU_SCAN,2616.911626
paging,q4,8,GPU_SCAN,2662.9743760000006
paging,q4,8,HASH_GROUP_BY,2.164608
paging,q4,8,HASH_GROUP_BY,2.223651
paging,q4,8,HASH_JOIN,7.788406999999999
paging,q4,8,HASH_JOIN,7.626466000000001
paging,q4,8,LEFT_DELIM_JOIN,4.457984
paging,q4,8,LEFT_DELIM_JOIN,4.800281
paging,q4,8,MERGE_GROUP_BY,3.053888
paging,q4,8,MERGE_GROUP_BY,2.827375
paging,q4,8,MERGE_SORT,0.603379
paging,q4,8,MERGE_SORT,0.381173
paging,q4,8,ORDER_BY,0.164681
paging,q4,8,ORDER_BY,0.193942
paging,q4,8,PARTITION,0.5767860000000001
paging,q4,8,PARTITION,0.49941199999999997
paging,q4,8,PROJECTION,0.012166
paging,q4,8,PROJECTION,0.014357
paging,q4,8,RESULT_COLLECTOR,0.18286
paging,q4,8,RESULT_COLLECTOR,0.272166
paging,q4,8,SORT_PARTITION,0.178915
paging,q4,8,SORT_PARTITION,0.197038
paging,q4,8,SORT_SAMPLE,0.138045
paging,q4,8,SORT_SAMPLE,0.097285
paging,q4,9,CONCAT,2.289691
paging,q4,9,CONCAT,2.30728
paging,q4,9,DYNAMIC_FILTER,25.624380999999996
paging,q4,9,DYNAMIC_FILTER,31.175607000000007
paging,q4,9,FILTER,7.4394480000000005
paging,q4,9,FILTER,9.120597000000002
paging,q4,9,GPU_SCAN,2579.1889699999997
paging,q4,9,GPU_SCAN,2607.227698
paging,q4,9,HASH_GROUP_BY,2.503597
paging,q4,9,HASH_GROUP_BY,2.216106
paging,q4,9,HASH_JOIN,8.094274
paging,q4,9,HASH_JOIN,7.5624899999999995
paging,q4,9,LEFT_DELIM_JOIN,6.134267
paging,q4,9,LEFT_DELIM_JOIN,4.96035
paging,q4,9,MERGE_GROUP_BY,2.913879
paging,q4,9,MERGE_GROUP_BY,3.0746849999999997
paging,q4,9,MERGE_SORT,0.875155
paging,q4,9,MERGE_SORT,0.262834
paging,q4,9,ORDER_BY,0.180814
paging,q4,9,ORDER_BY,0.207931
paging,q4,9,PARTITION,0.53127
paging,q4,9,PARTITION,0.319649
paging,q4,9,PROJECTION,0.014395
paging,q4,9,PROJECTION,0.015111
paging,q4,9,RESULT_COLLECTOR,0.182421
paging,q4,9,RESULT_COLLECTOR,0.163343
paging,q4,9,SORT_PARTITION,0.242323
paging,q4,9,SORT_PARTITION,0.198382
paging,q4,9,SORT_SAMPLE,0.207005
paging,q4,9,SORT_SAMPLE,0.108428
paging,q4,10,CONCAT,2.049517
paging,q4,10,CONCAT,2.093141
paging,q4,10,DYNAMIC_FILTER,25.810209
paging,q4,10,DYNAMIC_FILTER,26.871101
paging,q4,10,FILTER,4.554778
paging,q4,10,FILTER,5.809685
paging,q4,10,GPU_SCAN,2545.7701949999996
paging,q4,10,GPU_SCAN,2416.4565939999998
paging,q4,10,HASH_GROUP_BY,2.204987
paging,q4,10,HASH_GROUP_BY,2.252551
paging,q4,10,HASH_JOIN,7.618314
paging,q4,10,HASH_JOIN,7.592183
paging,q4,10,LEFT_DELIM_JOIN,4.311109
paging,q4,10,LEFT_DELIM_JOIN,4.087114000000001
paging,q4,10,MERGE_GROUP_BY,2.914458
paging,q4,10,MERGE_GROUP_BY,3.1000270000000003
paging,q4,10,MERGE_SORT,0.301328
paging,q4,10,MERGE_SORT,0.343852
paging,q4,10,ORDER_BY,0.158446
paging,q4,10,ORDER_BY,0.172391
paging,q4,10,PARTITION,0.37948000000000004
paging,q4,10,PARTITION,0.21791799999999997
paging,q4,10,PROJECTION,0.012219
paging,q4,10,PROJECTION,0.011472
paging,q4,10,RESULT_COLLECTOR,0.252425
paging,q4,10,RESULT_COLLECTOR,0.202577
paging,q4,10,SORT_PARTITION,0.173085
paging,q4,10,SORT_PARTITION,0.16318
paging,q4,10,SORT_SAMPLE,0.08333
paging,q4,10,SORT_SAMPLE,0.08193
paging,q5,1,CONCAT,3.05654
paging,q5,1,CONCAT,2.8723720000000004
paging,q5,1,DYNAMIC_FILTER,25.752144999999988
paging,q5,1,DYNAMIC_FILTER,30.583216
paging,q5,1,GPU_SCAN,5219.190092999999
paging,q5,1,GPU_SCAN,5201.243926
paging,q5,1,HASH_GROUP_BY,0.54992
paging,q5,1,HASH_GROUP_BY,0.575145
paging,q5,1,HASH_JOIN,16.619252000000003
paging,q5,1,HASH_JOIN,17.0845
paging,q5,1,MERGE_GROUP_BY,0.006897
paging,q5,1,MERGE_GROUP_BY,0.008247
paging,q5,1,MERGE_SORT,0.766392
paging,q5,1,MERGE_SORT,0.783641
paging,q5,1,ORDER_BY,0.303265
paging,q5,1,ORDER_BY,0.450041
paging,q5,1,PARTITION,0.553815
paging,q5,1,PARTITION,0.5545549999999999
paging,q5,1,PROJECTION,0.114632
paging,q5,1,PROJECTION,0.116837
paging,q5,1,RESULT_COLLECTOR,0.134861
paging,q5,1,RESULT_COLLECTOR,0.175017
paging,q5,1,SORT_PARTITION,0.398974
paging,q5,1,SORT_PARTITION,0.491226
paging,q5,1,SORT_SAMPLE,0.02638
paging,q5,1,SORT_SAMPLE,0.081186
paging,q5,2,CONCAT,2.6102260000000004
paging,q5,2,CONCAT,2.3683399999999994
paging,q5,2,DYNAMIC_FILTER,25.183895000000003
paging,q5,2,DYNAMIC_FILTER,25.200059999999997
paging,q5,2,GPU_SCAN,5632.517541999999
paging,q5,2,GPU_SCAN,5626.256383999999
paging,q5,2,HASH_GROUP_BY,0.533361
paging,q5,2,HASH_GROUP_BY,0.517765
paging,q5,2,HASH_JOIN,17.40341
paging,q5,2,HASH_JOIN,16.397895
paging,q5,2,MERGE_GROUP_BY,0.016439
paging,q5,2,MERGE_GROUP_BY,0.007375
paging,q5,2,MERGE_SORT,0.318017
paging,q5,2,MERGE_SORT,0.359777
paging,q5,2,ORDER_BY,0.194156
paging,q5,2,ORDER_BY,0.154287
paging,q5,2,PARTITION,0.567926
paging,q5,2,PARTITION,0.4249480000000001
paging,q5,2,PROJECTION,0.115324
paging,q5,2,PROJECTION,0.111068
paging,q5,2,RESULT_COLLECTOR,0.1528
paging,q5,2,RESULT_COLLECTOR,0.123035
paging,q5,2,SORT_PARTITION,0.468253
paging,q5,2,SORT_PARTITION,0.349919
paging,q5,2,SORT_SAMPLE,0.024848
paging,q5,2,SORT_SAMPLE,0.023007
paging,q5,3,CONCAT,2.5778989999999995
paging,q5,3,CONCAT,2.696424
paging,q5,3,DYNAMIC_FILTER,27.194594
paging,q5,3,DYNAMIC_FILTER,30.363069999999997
paging,q5,3,GPU_SCAN,5796.48302
paging,q5,3,GPU_SCAN,5711.194067
paging,q5,3,HASH_GROUP_BY,0.54489
paging,q5,3,HASH_GROUP_BY,0.641091
paging,q5,3,HASH_JOIN,16.930745
paging,q5,3,HASH_JOIN,17.222599000000002
paging,q5,3,MERGE_GROUP_BY,0.010586
paging,q5,3,MERGE_GROUP_BY,0.059253
paging,q5,3,MERGE_SORT,0.725399
paging,q5,3,MERGE_SORT,1.415408
paging,q5,3,ORDER_BY,0.26015
paging,q5,3,ORDER_BY,0.29566
paging,q5,3,PARTITION,0.483069
paging,q5,3,PARTITION,0.6249129999999999
paging,q5,3,PROJECTION,0.114461
paging,q5,3,PROJECTION,0.139015
paging,q5,3,RESULT_COLLECTOR,0.157648
paging,q5,3,RESULT_COLLECTOR,0.355704
paging,q5,3,SORT_PARTITION,0.407661
paging,q5,3,SORT_PARTITION,0.56593
paging,q5,3,SORT_SAMPLE,0.027582
paging,q5,3,SORT_SAMPLE,0.106076
paging,q5,4,CONCAT,2.4553439999999993
paging,q5,4,CONCAT,2.7887609999999996
paging,q5,4,DYNAMIC_FILTER,26.774690999999997
paging,q5,4,DYNAMIC_FILTER,30.379906
paging,q5,4,GPU_SCAN,5574.260249000001
paging,q5,4,GPU_SCAN,5538.156573999998
paging,q5,4,HASH_GROUP_BY,0.566502
paging,q5,4,HASH_GROUP_BY,0.656971
paging,q5,4,HASH_JOIN,16.684556999999998
paging,q5,4,HASH_JOIN,17.275551
paging,q5,4,MERGE_GROUP_BY,0.007125
paging,q5,4,MERGE_GROUP_BY,0.062762
paging,q5,4,MERGE_SORT,1.370427
paging,q5,4,MERGE_SORT,1.8921
paging,q5,4,ORDER_BY,0.228848
paging,q5,4,ORDER_BY,0.5393
paging,q5,4,PARTITION,0.5835419999999999
paging,q5,4,PARTITION,0.6984020000000002
paging,q5,4,PROJECTION,0.117894
paging,q5,4,PROJECTION,0.141221
paging,q5,4,RESULT_COLLECTOR,0.159767
paging,q5,4,RESULT_COLLECTOR,0.334375
paging,q5,4,SORT_PARTITION,0.519
paging,q5,4,SORT_PARTITION,0.54537
paging,q5,4,SORT_SAMPLE,0.025992
paging,q5,4,SORT_SAMPLE,0.044363
paging,q5,5,CONCAT,2.985147
paging,q5,5,CONCAT,2.7852579999999993
paging,q5,5,DYNAMIC_FILTER,29.158779
paging,q5,5,DYNAMIC_FILTER,26.987425
paging,q5,5,GPU_SCAN,5650.724150000002
paging,q5,5,GPU_SCAN,5598.188323000002
paging,q5,5,HASH_GROUP_BY,0.626469
paging,q5,5,HASH_GROUP_BY,0.554671
paging,q5,5,HASH_JOIN,17.375484
paging,q5,5,HASH_JOIN,16.700021
paging,q5,5,MERGE_GROUP_BY,0.014836
paging,q5,5,MERGE_GROUP_BY,0.05265
paging,q5,5,MERGE_SORT,0.966113
paging,q5,5,MERGE_SORT,0.893099
paging,q5,5,ORDER_BY,0.172352
paging,q5,5,ORDER_BY,0.378203
paging,q5,5,PARTITION,0.609268
paging,q5,5,PARTITION,0.4538030000000002
paging,q5,5,PROJECTION,0.135293
paging,q5,5,PROJECTION,0.109376
paging,q5,5,RESULT_COLLECTOR,0.183259
paging,q5,5,RESULT_COLLECTOR,0.302559
paging,q5,5,SORT_PARTITION,0.501758
paging,q5,5,SORT_PARTITION,0.51596
paging,q5,5,SORT_SAMPLE,0.028553
paging,q5,5,SORT_SAMPLE,0.032039
paging,q5,6,CONCAT,3.222033
paging,q5,6,CONCAT,3.119756
paging,q5,6,DYNAMIC_FILTER,25.482032000000004
paging,q5,6,DYNAMIC_FILTER,28.629620000000003
paging,q5,6,GPU_SCAN,5711.835513999999
paging,q5,6,GPU_SCAN,5739.4454559999995
paging,q5,6,HASH_GROUP_BY,0.554166
paging,q5,6,HASH_GROUP_BY,0.542591
paging,q5,6,HASH_JOIN,17.824003
paging,q5,6,HASH_JOIN,17.192091
paging,q5,6,MERGE_GROUP_BY,0.007289
paging,q5,6,MERGE_GROUP_BY,0.007462
paging,q5,6,MERGE_SORT,0.647863
paging,q5,6,MERGE_SORT,1.238768
paging,q5,6,ORDER_BY,0.37858
paging,q5,6,ORDER_BY,0.327234
paging,q5,6,PARTITION,0.43532900000000013
paging,q5,6,PARTITION,0.5488919999999999
paging,q5,6,PROJECTION,0.114656
paging,q5,6,PROJECTION,0.112996
paging,q5,6,RESULT_COLLECTOR,0.305963
paging,q5,6,RESULT_COLLECTOR,0.102399
paging,q5,6,SORT_PARTITION,0.499418
paging,q5,6,SORT_PARTITION,0.331438
paging,q5,6,SORT_SAMPLE,0.062405
paging,q5,6,SORT_SAMPLE,0.02675
paging,q5,7,CONCAT,3.0753619999999997
paging,q5,7,CONCAT,2.896618
paging,q5,7,DYNAMIC_FILTER,26.640679
paging,q5,7,DYNAMIC_FILTER,35.95716699999999
paging,q5,7,GPU_SCAN,5640.753218999999
paging,q5,7,GPU_SCAN,5742.368178
paging,q5,7,HASH_GROUP_BY,0.637017
paging,q5,7,HASH_GROUP_BY,0.657582
paging,q5,7,HASH_JOIN,17.70068
paging,q5,7,HASH_JOIN,17.17453
paging,q5,7,MERGE_GROUP_BY,0.010761
paging,q5,7,MERGE_GROUP_BY,0.035382
paging,q5,7,MERGE_SORT,0.760037
paging,q5,7,MERGE_SORT,1.445535
paging,q5,7,ORDER_BY,0.331414
paging,q5,7,ORDER_BY,0.431219
paging,q5,7,PARTITION,0.55839
paging,q5,7,PARTITION,0.6030079999999999
paging,q5,7,PROJECTION,0.136947
paging,q5,7,PROJECTION,0.141117
paging,q5,7,RESULT_COLLECTOR,0.13564
paging,q5,7,RESULT_COLLECTOR,0.305591
paging,q5,7,SORT_PARTITION,0.36179
paging,q5,7,SORT_PARTITION,0.455211
paging,q5,7,SORT_SAMPLE,0.060941
paging,q5,7,SORT_SAMPLE,0.047465
paging,q5,8,CONCAT,2.8501540000000003
paging,q5,8,CONCAT,3.136211
paging,q5,8,DYNAMIC_FILTER,25.427156000000004
paging,q5,8,DYNAMIC_FILTER,25.394880000000008
paging,q5,8,GPU_SCAN,5637.726866
paging,q5,8,GPU_SCAN,5625.803283
paging,q5,8,HASH_GROUP_BY,0.553348
paging,q5,8,HASH_GROUP_BY,0.700161
paging,q5,8,HASH_JOIN,16.503395
paging,q5,8,HASH_JOIN,18.232844
paging,q5,8,MERGE_GROUP_BY,0.028555
paging,q5,8,MERGE_GROUP_BY,0.016559
paging,q5,8,MERGE_SORT,1.293364
paging,q5,8,MERGE_SORT,0.453407
paging,q5,8,ORDER_BY,0.308636
paging,q5,8,ORDER_BY,0.662349
paging,q5,8,PARTITION,0.42374200000000006
paging,q5,8,PARTITION,0.565158
paging,q5,8,PROJECTION,0.110068
paging,q5,8,PROJECTION,0.141244
paging,q5,8,RESULT_COLLECTOR,0.322105
paging,q5,8,RESULT_COLLECTOR,0.212395
paging,q5,8,SORT_PARTITION,0.376223
paging,q5,8,SORT_PARTITION,0.472403
paging,q5,8,SORT_SAMPLE,0.059755
paging,q5,8,SORT_SAMPLE,0.048218
paging,q5,9,CONCAT,2.8367129999999996
paging,q5,9,CONCAT,2.89345
paging,q5,9,DYNAMIC_FILTER,26.529048999999993
paging,q5,9,DYNAMIC_FILTER,29.224376000000003
paging,q5,9,GPU_SCAN,5608.531800999998
paging,q5,9,GPU_SCAN,5600.5227140000015
paging,q5,9,HASH_GROUP_BY,0.564551
paging,q5,9,HASH_GROUP_BY,0.584745
paging,q5,9,HASH_JOIN,16.975804
paging,q5,9,HASH_JOIN,17.23922
paging,q5,9,MERGE_GROUP_BY,0.011367
paging,q5,9,MERGE_GROUP_BY,0.012061
paging,q5,9,MERGE_SORT,0.870092
paging,q5,9,MERGE_SORT,1.179887
paging,q5,9,ORDER_BY,0.368405
paging,q5,9,ORDER_BY,0.23398
paging,q5,9,PARTITION,0.502904
paging,q5,9,PARTITION,0.5672949999999999
paging,q5,9,PROJECTION,0.127706
paging,q5,9,PROJECTION,0.114892
paging,q5,9,RESULT_COLLECTOR,0.210817
paging,q5,9,RESULT_COLLECTOR,0.124318
paging,q5,9,SORT_PARTITION,0.491547
paging,q5,9,SORT_PARTITION,0.337854
paging,q5,9,SORT_SAMPLE,0.090787
paging,q5,9,SORT_SAMPLE,0.027591
paging,q5,10,CONCAT,2.589286
paging,q5,10,CONCAT,3.009457
paging,q5,10,DYNAMIC_FILTER,26.628341999999996
paging,q5,10,DYNAMIC_FILTER,30.064888000000003
paging,q5,10,GPU_SCAN,5609.195524
paging,q5,10,GPU_SCAN,5604.778018999999
paging,q5,10,HASH_GROUP_BY,0.584585
paging,q5,10,HASH_GROUP_BY,0.496735
paging,q5,10,HASH_JOIN,16.646545
paging,q5,10,HASH_JOIN,16.925274
paging,q5,10,MERGE_GROUP_BY,0.018669
paging,q5,10,MERGE_GROUP_BY,0.005253
paging,q5,10,MERGE_SORT,0.451865
paging,q5,10,MERGE_SORT,0.341416
paging,q5,10,ORDER_BY,0.247308
paging,q5,10,ORDER_BY,0.231347
paging,q5,10,PARTITION,0.499543
paging,q5,10,PARTITION,0.535694
paging,q5,10,PROJECTION,0.114629
paging,q5,10,PROJECTION,0.108042
paging,q5,10,RESULT_COLLECTOR,0.164426
paging,q5,10,RESULT_COLLECTOR,0.109509
paging,q5,10,SORT_PARTITION,0.454516
paging,q5,10,SORT_PARTITION,0.388451
paging,q5,10,SORT_SAMPLE,0.077342
paging,q5,10,SORT_SAMPLE,0.06607
paging,q6,1,GPU_SCAN,3414.9552820000004
paging,q6,1,GPU_SCAN,3427.819463
paging,q6,1,MERGE_AGGREGATE,0.206149
paging,q6,1,MERGE_AGGREGATE,0.157716
paging,q6,1,PROJECTION,3.6516339999999996
paging,q6,1,PROJECTION,3.8342500000000004
paging,q6,1,RESULT_COLLECTOR,0.076475
paging,q6,1,RESULT_COLLECTOR,0.086474
paging,q6,1,UNGROUPED_AGGREGATE,3.840023
paging,q6,1,UNGROUPED_AGGREGATE,4.3965440000000005
paging,q6,2,GPU_SCAN,3387.2121939999997
paging,q6,2,GPU_SCAN,3241.4643509999996
paging,q6,2,MERGE_AGGREGATE,0.227398
paging,q6,2,MERGE_AGGREGATE,0.183116
paging,q6,2,PROJECTION,6.483797
paging,q6,2,PROJECTION,10.794452
paging,q6,2,RESULT_COLLECTOR,0.102209
paging,q6,2,RESULT_COLLECTOR,0.081097
paging,q6,2,UNGROUPED_AGGREGATE,4.616789000000001
paging,q6,2,UNGROUPED_AGGREGATE,3.86022
paging,q6,3,GPU_SCAN,3285.366758999999
paging,q6,3,GPU_SCAN,3250.462025
paging,q6,3,MERGE_AGGREGATE,0.799606
paging,q6,3,MERGE_AGGREGATE,0.202369
paging,q6,3,PROJECTION,10.260755999999997
paging,q6,3,PROJECTION,3.3670419999999996
paging,q6,3,RESULT_COLLECTOR,0.080616
paging,q6,3,RESULT_COLLECTOR,0.088773
paging,q6,3,UNGROUPED_AGGREGATE,3.855979
paging,q6,3,UNGROUPED_AGGREGATE,3.872537
paging,q6,4,GPU_SCAN,3497.7661959999996
paging,q6,4,GPU_SCAN,3293.6714519999996
paging,q6,4,MERGE_AGGREGATE,0.425951
paging,q6,4,MERGE_AGGREGATE,0.208526
paging,q6,4,PROJECTION,12.552425999999999
paging,q6,4,PROJECTION,3.515525
paging,q6,4,RESULT_COLLECTOR,0.098515
paging,q6,4,RESULT_COLLECTOR,0.098296
paging,q6,4,UNGROUPED_AGGREGATE,10.901262000000001
paging,q6,4,UNGROUPED_AGGREGATE,4.691357999999999
paging,q6,5,GPU_SCAN,3281.088775
paging,q6,5,GPU_SCAN,3533.579442
paging,q6,5,MERGE_AGGREGATE,0.967953
paging,q6,5,MERGE_AGGREGATE,0.781505
paging,q6,5,PROJECTION,3.2910369999999998
paging,q6,5,PROJECTION,13.096518999999999
paging,q6,5,RESULT_COLLECTOR,0.071848
paging,q6,5,RESULT_COLLECTOR,0.10101
paging,q6,5,UNGROUPED_AGGREGATE,4.031235
paging,q6,5,UNGROUPED_AGGREGATE,12.987275
paging,q6,6,GPU_SCAN,3311.025602
paging,q6,6,GPU_SCAN,3327.8572670000003
paging,q6,6,MERGE_AGGREGATE,0.174775
paging,q6,6,MERGE_AGGREGATE,0.229641
paging,q6,6,PROJECTION,3.157764
paging,q6,6,PROJECTION,3.833108
paging,q6,6,RESULT_COLLECTOR,0.067744
paging,q6,6,RESULT_COLLECTOR,0.103503
paging,q6,6,UNGROUPED_AGGREGATE,3.6055409999999997
paging,q6,6,UNGROUPED_AGGREGATE,5.268996
paging,q6,7,GPU_SCAN,3293.3643479999996
paging,q6,7,GPU_SCAN,3297.357612
paging,q6,7,MERGE_AGGREGATE,0.755606
paging,q6,7,MERGE_AGGREGATE,0.38443
paging,q6,7,PROJECTION,10.734120999999998
paging,q6,7,PROJECTION,5.241417
paging,q6,7,RESULT_COLLECTOR,0.093302
paging,q6,7,RESULT_COLLECTOR,0.124152
paging,q6,7,UNGROUPED_AGGREGATE,8.170528
paging,q6,7,UNGROUPED_AGGREGATE,11.237046
paging,q6,8,GPU_SCAN,3400.7687
paging,q6,8,GPU_SCAN,3265.0846090000005
paging,q6,8,MERGE_AGGREGATE,0.256152
paging,q6,8,MERGE_AGGREGATE,0.252023
paging,q6,8,PROJECTION,4.22265
paging,q6,8,PROJECTION,3.9827639999999995
paging,q6,8,RESULT_COLLECTOR,0.126117
paging,q6,8,RESULT_COLLECTOR,0.089183
paging,q6,8,UNGROUPED_AGGREGATE,11.627571999999999
paging,q6,8,UNGROUPED_AGGREGATE,4.364343999999999
paging,q6,9,GPU_SCAN,3239.849625
paging,q6,9,GPU_SCAN,3437.655187
paging,q6,9,MERGE_AGGREGATE,0.199531
paging,q6,9,MERGE_AGGREGATE,0.735332
paging,q6,9,PROJECTION,3.205543
paging,q6,9,PROJECTION,16.630067
paging,q6,9,RESULT_COLLECTOR,0.074247
paging,q6,9,RESULT_COLLECTOR,0.06533
paging,q6,9,UNGROUPED_AGGREGATE,3.925575
paging,q6,9,UNGROUPED_AGGREGATE,5.8488999999999995
paging,q6,10,GPU_SCAN,3260.2450479999993
paging,q6,10,GPU_SCAN,3238.1193740000003
paging,q6,10,MERGE_AGGREGATE,0.189542
paging,q6,10,MERGE_AGGREGATE,0.737659
paging,q6,10,PROJECTION,4.111216
paging,q6,10,PROJECTION,6.927146
paging,q6,10,RESULT_COLLECTOR,0.08002
paging,q6,10,RESULT_COLLECTOR,0.073147
paging,q6,10,UNGROUPED_AGGREGATE,4.529015
paging,q6,10,UNGROUPED_AGGREGATE,6.935875
paging,q7,1,CONCAT,4.585449999999999
paging,q7,1,CONCAT,4.493743
paging,q7,1,DYNAMIC_FILTER,26.834043000000005
paging,q7,1,DYNAMIC_FILTER,24.079922999999997
paging,q7,1,FILTER,1.8477789999999998
paging,q7,1,FILTER,1.2699500000000001
paging,q7,1,GPU_SCAN,6099.694526999999
paging,q7,1,GPU_SCAN,5824.175389
paging,q7,1,HASH_GROUP_BY,1.652522
paging,q7,1,HASH_GROUP_BY,1.88537
paging,q7,1,HASH_JOIN,20.511441
paging,q7,1,HASH_JOIN,20.817957
paging,q7,1,MERGE_GROUP_BY,0.031826
paging,q7,1,MERGE_GROUP_BY,0.011921
paging,q7,1,MERGE_SORT,0.736995
paging,q7,1,MERGE_SORT,1.281674
paging,q7,1,ORDER_BY,0.456964
paging,q7,1,ORDER_BY,0.50573
paging,q7,1,PARTITION,0.522216
paging,q7,1,PARTITION,0.4954379999999999
paging,q7,1,PROJECTION,0.138731
paging,q7,1,PROJECTION,0.161521
paging,q7,1,RESULT_COLLECTOR,0.307963
paging,q7,1,RESULT_COLLECTOR,0.173792
paging,q7,1,SORT_PARTITION,0.709025
paging,q7,1,SORT_PARTITION,0.908245
paging,q7,1,SORT_SAMPLE,0.155893
paging,q7,1,SORT_SAMPLE,0.330447
paging,q7,2,CONCAT,4.528825
paging,q7,2,CONCAT,4.639005999999998
paging,q7,2,DYNAMIC_FILTER,31.309389
paging,q7,2,DYNAMIC_FILTER,33.198156
paging,q7,2,FILTER,1.6156
paging,q7,2,FILTER,2.072956
paging,q7,2,GPU_SCAN,6213.3299369999995
paging,q7,2,GPU_SCAN,6178.321222
paging,q7,2,HASH_GROUP_BY,1.836367
paging,q7,2,HASH_GROUP_BY,1.653534
paging,q7,2,HASH_JOIN,19.830619999999996
paging,q7,2,HASH_JOIN,20.387409
paging,q7,2,MERGE_GROUP_BY,0.048568
paging,q7,2,MERGE_GROUP_BY,0.027341
paging,q7,2,MERGE_SORT,0.890628
paging,q7,2,MERGE_SORT,1.065652
paging,q7,2,ORDER_BY,0.591696
paging,q7,2,ORDER_BY,0.540534
paging,q7,2,PARTITION,0.3431330000000001
paging,q7,2,PARTITION,0.6136769999999999
paging,q7,2,PROJECTION,0.155239
paging,q7,2,PROJECTION,0.136244
paging,q7,2,RESULT_COLLECTOR,0.337255
paging,q7,2,RESULT_COLLECTOR,0.324611
paging,q7,2,SORT_PARTITION,0.910709
paging,q7,2,SORT_PARTITION,0.732444
paging,q7,2,SORT_SAMPLE,0.177756
paging,q7,2,SORT_SAMPLE,0.154925
paging,q7,3,CONCAT,4.667239
paging,q7,3,CONCAT,4.714837000000001
paging,q7,3,DYNAMIC_FILTER,34.28542600000001
paging,q7,3,DYNAMIC_FILTER,36.318277
paging,q7,3,FILTER,1.5920130000000001
paging,q7,3,FILTER,0.9882920000000001
paging,q7,3,GPU_SCAN,6442.280438000001
paging,q7,3,GPU_SCAN,6577.570246
paging,q7,3,HASH_GROUP_BY,1.625267
paging,q7,3,HASH_GROUP_BY,1.622775
paging,q7,3,HASH_JOIN,19.70091
paging,q7,3,HASH_JOIN,20.623297
paging,q7,3,MERGE_GROUP_BY,0.014791
paging,q7,3,MERGE_GROUP_BY,0.027873
paging,q7,3,MERGE_SORT,0.754051
paging,q7,3,MERGE_SORT,0.899283
paging,q7,3,ORDER_BY,0.511288
paging,q7,3,ORDER_BY,0.531055
paging,q7,3,PARTITION,0.4857159999999999
paging,q7,3,PARTITION,0.4765240000000001
paging,q7,3,PROJECTION,0.139525
paging,q7,3,PROJECTION,0.137142
paging,q7,3,RESULT_COLLECTOR,0.132053
paging,q7,3,RESULT_COLLECTOR,0.123004
paging,q7,3,SORT_PARTITION,0.745704
paging,q7,3,SORT_PARTITION,2.020343
paging,q7,3,SORT_SAMPLE,0.152627
paging,q7,3,SORT_SAMPLE,0.682394
paging,q7,4,CONCAT,4.874447
paging,q7,4,CONCAT,4.625752
paging,q7,4,DYNAMIC_FILTER,32.224291
paging,q7,4,DYNAMIC_FILTER,33.034351
paging,q7,4,FILTER,2.1533040000000003
paging,q7,4,FILTER,1.5595409999999998
paging,q7,4,GPU_SCAN,6116.024071000001
paging,q7,4,GPU_SCAN,6252.566451999999
paging,q7,4,HASH_GROUP_BY,1.933825
paging,q7,4,HASH_GROUP_BY,1.60285
paging,q7,4,HASH_JOIN,20.490834
paging,q7,4,HASH_JOIN,20.239635
paging,q7,4,MERGE_GROUP_BY,0.018613
paging,q7,4,MERGE_GROUP_BY,0.008456
paging,q7,4,MERGE_SORT,2.158523
paging,q7,4,MERGE_SORT,0.921426
paging,q7,4,ORDER_BY,0.464868
paging,q7,4,ORDER_BY,0.540787
paging,q7,4,PARTITION,0.972631
paging,q7,4,PARTITION,0.528892
paging,q7,4,PROJECTION,0.141501
paging,q7,4,PROJECTION,0.13673
paging,q7,4,RESULT_COLLECTOR,0.151065
paging,q7,4,RESULT_COLLECTOR,0.113768
paging,q7,4,SORT_PARTITION,0.731864
paging,q7,4,SORT_PARTITION,0.746697
paging,q7,4,SORT_SAMPLE,0.136689
paging,q7,4,SORT_SAMPLE,0.157314
paging,q7,5,CONCAT,4.366195
paging,q7,5,CONCAT,4.5892859999999995
paging,q7,5,DYNAMIC_FILTER,31.571164999999997
paging,q7,5,DYNAMIC_FILTER,34.51550400000001
paging,q7,5,FILTER,1.12197
paging,q7,5,FILTER,1.700318
paging,q7,5,GPU_SCAN,6422.300357000001
paging,q7,5,GPU_SCAN,6435.402050000001
paging,q7,5,HASH_GROUP_BY,1.80066
paging,q7,5,HASH_GROUP_BY,1.763915
paging,q7,5,HASH_JOIN,20.360555
paging,q7,5,HASH_JOIN,20.581152
paging,q7,5,MERGE_GROUP_BY,0.0107
paging,q7,5,MERGE_GROUP_BY,0.033755
paging,q7,5,MERGE_SORT,0.792171
paging,q7,5,MERGE_SORT,1.035471
paging,q7,5,ORDER_BY,0.644775
paging,q7,5,ORDER_BY,0.589285
paging,q7,5,PARTITION,0.460588
paging,q7,5,PARTITION,0.552357
paging,q7,5,PROJECTION,0.144566
paging,q7,5,PROJECTION,0.152309
paging,q7,5,RESULT_COLLECTOR,0.135128
paging,q7,5,RESULT_COLLECTOR,0.327948
paging,q7,5,SORT_PARTITION,0.773223
paging,q7,5,SORT_PARTITION,0.848154
paging,q7,5,SORT_SAMPLE,0.172453
paging,q7,5,SORT_SAMPLE,0.210866
paging,q7,6,CONCAT,5.079951
paging,q7,6,CONCAT,5.1051590000000004
paging,q7,6,DYNAMIC_FILTER,34.453086
paging,q7,6,DYNAMIC_FILTER,30.973941000000003
paging,q7,6,FILTER,2.074297
paging,q7,6,FILTER,1.665124
paging,q7,6,GPU_SCAN,6553.0838109999995
paging,q7,6,GPU_SCAN,6420.7744
paging,q7,6,HASH_GROUP_BY,1.599491
paging,q7,6,HASH_GROUP_BY,1.880459
paging,q7,6,HASH_JOIN,20.319566000000002
paging,q7,6,HASH_JOIN,20.695728
paging,q7,6,MERGE_GROUP_BY,0.029834
paging,q7,6,MERGE_GROUP_BY,0.028491
paging,q7,6,MERGE_SORT,1.718802
paging,q7,6,MERGE_SORT,0.860037
paging,q7,6,ORDER_BY,0.422211
paging,q7,6,ORDER_BY,0.506406
paging,q7,6,PARTITION,0.6156
paging,q7,6,PARTITION,0.6612319999999999
paging,q7,6,PROJECTION,0.136007
paging,q7,6,PROJECTION,0.160912
paging,q7,6,RESULT_COLLECTOR,0.310373
paging,q7,6,RESULT_COLLECTOR,0.355803
paging,q7,6,SORT_PARTITION,0.693517
paging,q7,6,SORT_PARTITION,0.870864
paging,q7,6,SORT_SAMPLE,0.144419
paging,q7,6,SORT_SAMPLE,0.209978
paging,q7,7,CONCAT,5.240476
paging,q7,7,CONCAT,5.148429
paging,q7,7,DYNAMIC_FILTER,29.099441999999996
paging,q7,7,DYNAMIC_FILTER,39.351955
paging,q7,7,FILTER,1.0744820000000002
paging,q7,7,FILTER,2.033995
paging,q7,7,GPU_SCAN,6264.018934
paging,q7,7,GPU_SCAN,7021.903843999999
paging,q7,7,HASH_GROUP_BY,1.680807
paging,q7,7,HASH_GROUP_BY,1.815505
paging,q7,7,HASH_JOIN,21.546202
paging,q7,7,HASH_JOIN,19.928599000000002
paging,q7,7,MERGE_GROUP_BY,0.019029
paging,q7,7,MERGE_GROUP_BY,0.009627
paging,q7,7,MERGE_SORT,0.809326
paging,q7,7,MERGE_SORT,0.880994
paging,q7,7,ORDER_BY,0.5847
paging,q7,7,ORDER_BY,0.478457
paging,q7,7,PARTITION,0.44995199999999996
paging,q7,7,PARTITION,0.5290050000000001
paging,q7,7,PROJECTION,0.136422
paging,q7,7,PROJECTION,0.161386
paging,q7,7,RESULT_COLLECTOR,0.134125
paging,q7,7,RESULT_COLLECTOR,0.183243
paging,q7,7,SORT_PARTITION,0.720593
paging,q7,7,SORT_PARTITION,0.860736
paging,q7,7,SORT_SAMPLE,0.225918
paging,q7,7,SORT_SAMPLE,0.160863
paging,q7,8,CONCAT,5.262288000000001
paging,q7,8,CONCAT,5.498448000000001
paging,q7,8,DYNAMIC_FILTER,33.467169
paging,q7,8,DYNAMIC_FILTER,34.602768999999995
paging,q7,8,FILTER,2.079491
paging,q7,8,FILTER,2.193889
paging,q7,8,GPU_SCAN,6183.316262000001
paging,q7,8,GPU_SCAN,6720.218166999998
paging,q7,8,HASH_GROUP_BY,1.837325
paging,q7,8,HASH_GROUP_BY,2.28299
paging,q7,8,HASH_JOIN,21.284516999999997
paging,q7,8,HASH_JOIN,20.704638
paging,q7,8,MERGE_GROUP_BY,0.010943
paging,q7,8,MERGE_GROUP_BY,0.046744
paging,q7,8,MERGE_SORT,0.926653
paging,q7,8,MERGE_SORT,3.004175
paging,q7,8,ORDER_BY,0.562664
paging,q7,8,ORDER_BY,0.615354
paging,q7,8,PARTITION,0.501576
paging,q7,8,PARTITION,0.8090199999999999
paging,q7,8,PROJECTION,0.162521
paging,q7,8,PROJECTION,0.172942
paging,q7,8,RESULT_COLLECTOR,0.164199
paging,q7,8,RESULT_COLLECTOR,0.327333
paging,q7,8,SORT_PARTITION,0.923128
paging,q7,8,SORT_PARTITION,0.949957
paging,q7,8,SORT_SAMPLE,0.303918
paging,q7,8,SORT_SAMPLE,0.219462
paging,q7,9,CONCAT,5.689223999999999
paging,q7,9,CONCAT,5.371779000000001
paging,q7,9,DYNAMIC_FILTER,31.525211000000006
paging,q7,9,DYNAMIC_FILTER,31.431835999999997
paging,q7,9,FILTER,1.523189
paging,q7,9,FILTER,1.658671
paging,q7,9,GPU_SCAN,6173.0869170000005
paging,q7,9,GPU_SCAN,6349.845146999999
paging,q7,9,HASH_GROUP_BY,1.711715
paging,q7,9,HASH_GROUP_BY,1.81328
paging,q7,9,HASH_JOIN,20.666615999999998
paging,q7,9,HASH_JOIN,20.791665
paging,q7,9,MERGE_GROUP_BY,0.030755
paging,q7,9,MERGE_GROUP_BY,0.012537
paging,q7,9,MERGE_SORT,1.985523
paging,q7,9,MERGE_SORT,1.078853
paging,q7,9,ORDER_BY,0.432431
paging,q7,9,ORDER_BY,0.576877
paging,q7,9,PARTITION,0.506397
paging,q7,9,PARTITION,0.592326
paging,q7,9,PROJECTION,0.13571
paging,q7,9,PROJECTION,0.15621
paging,q7,9,RESULT_COLLECTOR,0.332863
paging,q7,9,RESULT_COLLECTOR,0.167626
paging,q7,9,SORT_PARTITION,0.660906
paging,q7,9,SORT_PARTITION,0.860334
paging,q7,9,SORT_SAMPLE,0.139029
paging,q7,9,SORT_SAMPLE,0.306767
paging,q7,10,CONCAT,4.947182999999998
paging,q7,10,CONCAT,5.095009
paging,q7,10,DYNAMIC_FILTER,32.265496000000006
paging,q7,10,DYNAMIC_FILTER,35.07251900000001
paging,q7,10,FILTER,1.472945
paging,q7,10,FILTER,2.2235690000000004
paging,q7,10,GPU_SCAN,6182.287481999998
paging,q7,10,GPU_SCAN,6727.985074000002
paging,q7,10,HASH_GROUP_BY,1.800615
paging,q7,10,HASH_GROUP_BY,1.827752
paging,q7,10,HASH_JOIN,20.845132
paging,q7,10,HASH_JOIN,21.272263999999996
paging,q7,10,MERGE_GROUP_BY,0.03192
paging,q7,10,MERGE_GROUP_BY,0.010329
paging,q7,10,MERGE_SORT,1.055102
paging,q7,10,MERGE_SORT,0.770412
paging,q7,10,ORDER_BY,0.589463
paging,q7,10,ORDER_BY,0.548286
paging,q7,10,PARTITION,0.557537
paging,q7,10,PARTITION,0.4223920000000001
paging,q7,10,PROJECTION,0.147166
paging,q7,10,PROJECTION,0.179018
paging,q7,10,RESULT_COLLECTOR,0.34038
paging,q7,10,RESULT_COLLECTOR,0.124545
paging,q7,10,SORT_PARTITION,0.842428
paging,q7,10,SORT_PARTITION,0.720482
paging,q7,10,SORT_SAMPLE,0.280287
paging,q7,10,SORT_SAMPLE,0.15992
paging,q8,1,CONCAT,16.353564999999996
paging,q8,1,CONCAT,16.909454000000004
paging,q8,1,DYNAMIC_FILTER,45.640591999999984
paging,q8,1,DYNAMIC_FILTER,56.45201299999999
paging,q8,1,GPU_SCAN,7602.4151809999985
paging,q8,1,GPU_SCAN,7770.479592
paging,q8,1,HASH_GROUP_BY,0.303961
paging,q8,1,HASH_GROUP_BY,0.353917
paging,q8,1,HASH_JOIN,22.429222
paging,q8,1,HASH_JOIN,23.289073000000002
paging,q8,1,MERGE_GROUP_BY,0.007006
paging,q8,1,MERGE_GROUP_BY,0.022093
paging,q8,1,MERGE_SORT,0.284489
paging,q8,1,MERGE_SORT,0.223225
paging,q8,1,ORDER_BY,0.114819
paging,q8,1,ORDER_BY,0.070441
paging,q8,1,PARTITION,0.43738200000000016
paging,q8,1,PARTITION,0.585967
paging,q8,1,PROJECTION,0.36651999999999996
paging,q8,1,PROJECTION,0.433329
paging,q8,1,RESULT_COLLECTOR,0.085676
paging,q8,1,RESULT_COLLECTOR,0.271354
paging,q8,1,SORT_PARTITION,0.119823
paging,q8,1,SORT_PARTITION,0.137473
paging,q8,1,SORT_SAMPLE,0.025925
paging,q8,1,SORT_SAMPLE,0.026601
paging,q8,2,CONCAT,15.783383999999998
paging,q8,2,CONCAT,18.562133000000006
paging,q8,2,DYNAMIC_FILTER,51.020093999999986
paging,q8,2,DYNAMIC_FILTER,41.584274
paging,q8,2,GPU_SCAN,7634.978150000001
paging,q8,2,GPU_SCAN,7333.025020000001
paging,q8,2,HASH_GROUP_BY,0.534337
paging,q8,2,HASH_GROUP_BY,0.314667
paging,q8,2,HASH_JOIN,24.096936
paging,q8,2,HASH_JOIN,25.508109
paging,q8,2,MERGE_GROUP_BY,0.010949
paging,q8,2,MERGE_GROUP_BY,0.019348
paging,q8,2,MERGE_SORT,0.277368
paging,q8,2,MERGE_SORT,0.223655
paging,q8,2,ORDER_BY,0.07505
paging,q8,2,ORDER_BY,0.071159
paging,q8,2,PARTITION,0.6351929999999999
paging,q8,2,PARTITION,0.626564
paging,q8,2,PROJECTION,0.468766
paging,q8,2,PROJECTION,0.35891799999999996
paging,q8,2,RESULT_COLLECTOR,0.132983
paging,q8,2,RESULT_COLLECTOR,0.139602
paging,q8,2,SORT_PARTITION,0.146006
paging,q8,2,SORT_PARTITION,0.114091
paging,q8,2,SORT_SAMPLE,0.038515
paging,q8,2,SORT_SAMPLE,0.025852
paging,q8,3,CONCAT,24.153689
paging,q8,3,CONCAT,17.076731999999993
paging,q8,3,DYNAMIC_FILTER,52.97138199999998
paging,q8,3,DYNAMIC_FILTER,48.00513599999999
paging,q8,3,GPU_SCAN,7802.5429010000025
paging,q8,3,GPU_SCAN,7726.447371999999
paging,q8,3,HASH_GROUP_BY,0.3948
paging,q8,3,HASH_GROUP_BY,0.323805
paging,q8,3,HASH_JOIN,25.374127
paging,q8,3,HASH_JOIN,24.25586
paging,q8,3,MERGE_GROUP_BY,0.010869
paging,q8,3,MERGE_GROUP_BY,0.010931
paging,q8,3,MERGE_SORT,0.190201
paging,q8,3,MERGE_SORT,0.149409
paging,q8,3,ORDER_BY,0.095935
paging,q8,3,ORDER_BY,0.065814
paging,q8,3,PARTITION,0.7522570000000002
paging,q8,3,PARTITION,0.5896049999999999
paging,q8,3,PROJECTION,0.491351
paging,q8,3,PROJECTION,0.405766
paging,q8,3,RESULT_COLLECTOR,0.133738
paging,q8,3,RESULT_COLLECTOR,0.108147
paging,q8,3,SORT_PARTITION,0.117106
paging,q8,3,SORT_PARTITION,0.135233
paging,q8,3,SORT_SAMPLE,0.026637
paging,q8,3,SORT_SAMPLE,0.029734
paging,q8,4,CONCAT,15.380584000000002
paging,q8,4,CONCAT,16.483973000000002
paging,q8,4,DYNAMIC_FILTER,40.763322
paging,q8,4,DYNAMIC_FILTER,49.987437
paging,q8,4,GPU_SCAN,7614.4151249999995
paging,q8,4,GPU_SCAN,7835.657830999998
paging,q8,4,HASH_GROUP_BY,0.490784
paging,q8,4,HASH_GROUP_BY,0.291574
paging,q8,4,HASH_JOIN,23.588593
paging,q8,4,HASH_JOIN,23.240129
paging,q8,4,MERGE_GROUP_BY,0.016273
paging,q8,4,MERGE_GROUP_BY,0.023508
paging,q8,4,MERGE_SORT,0.115771
paging,q8,4,MERGE_SORT,0.177578
paging,q8,4,ORDER_BY,0.070414
paging,q8,4,ORDER_BY,0.071593
paging,q8,4,PARTITION,0.6427790000000001
paging,q8,4,PARTITION,0.5752170000000001
paging,q8,4,PROJECTION,0.451308
paging,q8,4,PROJECTION,0.381224
paging,q8,4,RESULT_COLLECTOR,0.124695
paging,q8,4,RESULT_COLLECTOR,0.21438
paging,q8,4,SORT_PARTITION,0.130663
paging,q8,4,SORT_PARTITION,0.113531
paging,q8,4,SORT_SAMPLE,0.030639
paging,q8,4,SORT_SAMPLE,0.023334
paging,q8,5,CONCAT,20.742792
paging,q8,5,CONCAT,16.300818000000003
paging,q8,5,DYNAMIC_FILTER,39.52694400000001
paging,q8,5,DYNAMIC_FILTER,45.198896000000005
paging,q8,5,GPU_SCAN,7823.376933000001
paging,q8,5,GPU_SCAN,7788.260178999998
paging,q8,5,HASH_GROUP_BY,0.394687
paging,q8,5,HASH_GROUP_BY,0.471841
paging,q8,5,HASH_JOIN,24.890045000000004
paging,q8,5,HASH_JOIN,24.245852
paging,q8,5,MERGE_GROUP_BY,0.007662
paging,q8,5,MERGE_GROUP_BY,0.018952
paging,q8,5,MERGE_SORT,0.145871
paging,q8,5,MERGE_SORT,0.31091
paging,q8,5,ORDER_BY,0.060103
paging,q8,5,ORDER_BY,0.098842
paging,q8,5,PARTITION,0.812276
paging,q8,5,PARTITION,1.015232
paging,q8,5,PROJECTION,0.359824
paging,q8,5,PROJECTION,0.47269700000000003
paging,q8,5,RESULT_COLLECTOR,0.090726
paging,q8,5,RESULT_COLLECTOR,0.19429
paging,q8,5,SORT_PARTITION,0.118775
paging,q8,5,SORT_PARTITION,0.140493
paging,q8,5,SORT_SAMPLE,0.01964
paging,q8,5,SORT_SAMPLE,0.032542
paging,q8,6,CONCAT,20.040983
paging,q8,6,CONCAT,20.479698
paging,q8,6,DYNAMIC_FILTER,54.314712
paging,q8,6,DYNAMIC_FILTER,49.772912999999974
paging,q8,6,GPU_SCAN,8027.602485000002
paging,q8,6,GPU_SCAN,8234.865512999999
paging,q8,6,HASH_GROUP_BY,0.455557
paging,q8,6,HASH_GROUP_BY,0.332843
paging,q8,6,HASH_JOIN,24.765932
paging,q8,6,HASH_JOIN,24.894287
paging,q8,6,MERGE_GROUP_BY,0.023061
paging,q8,6,MERGE_GROUP_BY,0.006044
paging,q8,6,MERGE_SORT,0.185406
paging,q8,6,MERGE_SORT,0.195097
paging,q8,6,ORDER_BY,0.062506
paging,q8,6,ORDER_BY,0.065467
paging,q8,6,PARTITION,0.7813040000000001
paging,q8,6,PARTITION,0.5353820000000001
paging,q8,6,PROJECTION,0.35019999999999996
paging,q8,6,PROJECTION,0.406526
paging,q8,6,RESULT_COLLECTOR,0.194913
paging,q8,6,RESULT_COLLECTOR,0.082748
paging,q8,6,SORT_PARTITION,0.123169
paging,q8,6,SORT_PARTITION,0.118396
paging,q8,6,SORT_SAMPLE,0.023801
paging,q8,6,SORT_SAMPLE,0.024556
paging,q8,7,CONCAT,20.819028000000007
paging,q8,7,CONCAT,20.306607
paging,q8,7,DYNAMIC_FILTER,52.78271099999999
paging,q8,7,DYNAMIC_FILTER,67.20243100000002
paging,q8,7,GPU_SCAN,8247.976804000004
paging,q8,7,GPU_SCAN,8368.067019
paging,q8,7,HASH_GROUP_BY,0.374815
paging,q8,7,HASH_GROUP_BY,0.349759
paging,q8,7,HASH_JOIN,25.085463999999998
paging,q8,7,HASH_JOIN,34.754085
paging,q8,7,MERGE_GROUP_BY,0.008033
paging,q8,7,MERGE_GROUP_BY,0.044962
paging,q8,7,MERGE_SORT,0.211858
paging,q8,7,MERGE_SORT,0.18536
paging,q8,7,ORDER_BY,0.099674
paging,q8,7,ORDER_BY,0.075343
paging,q8,7,PARTITION,0.9734339999999998
paging,q8,7,PARTITION,0.658796
paging,q8,7,PROJECTION,0.540925
paging,q8,7,PROJECTION,0.40917800000000004
paging,q8,7,RESULT_COLLECTOR,0.134945
paging,q8,7,RESULT_COLLECTOR,0.20385
paging,q8,7,SORT_PARTITION,0.149468
paging,q8,7,SORT_PARTITION,0.117249
paging,q8,7,SORT_SAMPLE,0.036383
paging,q8,7,SORT_SAMPLE,0.024546
paging,q8,8,CONCAT,24.220534999999998
paging,q8,8,CONCAT,20.299022
paging,q8,8,DYNAMIC_FILTER,54.755228999999986
paging,q8,8,DYNAMIC_FILTER,50.08743500000001
paging,q8,8,GPU_SCAN,8153.474592
paging,q8,8,GPU_SCAN,8140.972300000002
paging,q8,8,HASH_GROUP_BY,0.508817
paging,q8,8,HASH_GROUP_BY,0.412173
paging,q8,8,HASH_JOIN,24.567917000000005
paging,q8,8,HASH_JOIN,24.167763
paging,q8,8,MERGE_GROUP_BY,0.013645
paging,q8,8,MERGE_GROUP_BY,0.023848
paging,q8,8,MERGE_SORT,0.194348
paging,q8,8,MERGE_SORT,0.261407
paging,q8,8,ORDER_BY,0.065566
paging,q8,8,ORDER_BY,0.065914
paging,q8,8,PARTITION,0.594307
paging,q8,8,PARTITION,0.8771500000000002
paging,q8,8,PROJECTION,0.440475
paging,q8,8,PROJECTION,0.393225
paging,q8,8,RESULT_COLLECTOR,0.152541
paging,q8,8,RESULT_COLLECTOR,0.158278
paging,q8,8,SORT_PARTITION,0.136111
paging,q8,8,SORT_PARTITION,0.131583
paging,q8,8,SORT_SAMPLE,0.024673
paging,q8,8,SORT_SAMPLE,0.02675
paging,q8,9,CONCAT,16.853317999999998
paging,q8,9,CONCAT,19.704939000000003
paging,q8,9,DYNAMIC_FILTER,55.54949100000001
paging,q8,9,DYNAMIC_FILTER,54.696205
paging,q8,9,GPU_SCAN,7932.034424000001
paging,q8,9,GPU_SCAN,8147.137514999999
paging,q8,9,HASH_GROUP_BY,0.357584
paging,q8,9,HASH_GROUP_BY,0.295418
paging,q8,9,HASH_JOIN,23.924882999999998
paging,q8,9,HASH_JOIN,24.294483
paging,q8,9,MERGE_GROUP_BY,0.01821
paging,q8,9,MERGE_GROUP_BY,0.011824
paging,q8,9,MERGE_SORT,0.211852
paging,q8,9,MERGE_SORT,0.162892
paging,q8,9,ORDER_BY,0.084033
paging,q8,9,ORDER_BY,0.060872
paging,q8,9,PARTITION,0.5775059999999999
paging,q8,9,PARTITION,0.5574300000000001
paging,q8,9,PROJECTION,0.395107
paging,q8,9,PROJECTION,0.339689
paging,q8,9,RESULT_COLLECTOR,0.150527
paging,q8,9,RESULT_COLLECTOR,0.103418
paging,q8,9,SORT_PARTITION,0.108888
paging,q8,9,SORT_PARTITION,0.119259
paging,q8,9,SORT_SAMPLE,0.02344
paging,q8,9,SORT_SAMPLE,0.020509
paging,q8,10,CONCAT,26.106967
paging,q8,10,CONCAT,20.473181
paging,q8,10,DYNAMIC_FILTER,55.76053600000001
paging,q8,10,DYNAMIC_FILTER,51.093528000000006
paging,q8,10,GPU_SCAN,8116.321134
paging,q8,10,GPU_SCAN,8111.689788000001
paging,q8,10,HASH_GROUP_BY,0.388349
paging,q8,10,HASH_GROUP_BY,0.299595
paging,q8,10,HASH_JOIN,24.885808
paging,q8,10,HASH_JOIN,24.552289000000005
paging,q8,10,MERGE_GROUP_BY,0.012181
paging,q8,10,MERGE_GROUP_BY,0.012279
paging,q8,10,MERGE_SORT,0.374067
paging,q8,10,MERGE_SORT,0.204455
paging,q8,10,ORDER_BY,0.105701
paging,q8,10,ORDER_BY,0.059423
paging,q8,10,PARTITION,1.0069810000000001
paging,q8,10,PARTITION,0.6729099999999998
paging,q8,10,PROJECTION,0.641411
paging,q8,10,PROJECTION,0.346992
paging,q8,10,RESULT_COLLECTOR,0.144215
paging,q8,10,RESULT_COLLECTOR,0.120491
paging,q8,10,SORT_PARTITION,0.15472
paging,q8,10,SORT_PARTITION,0.111162
paging,q8,10,SORT_SAMPLE,0.040563
paging,q8,10,SORT_SAMPLE,0.019932
paging,q9,1,CONCAT,19.145621999999996
paging,q9,1,DYNAMIC_FILTER,47.16871999999999
paging,q9,1,GPU_SCAN,8109.112015000001
paging,q9,1,HASH_GROUP_BY,5.152417
paging,q9,1,HASH_JOIN,315.341694
paging,q9,1,MERGE_GROUP_BY,0.427358
paging,q9,1,MERGE_SORT,1.832851
paging,q9,1,ORDER_BY,0.606192
paging,q9,1,PARTITION,0.7525450000000001
paging,q9,1,PROJECTION,8.983657000000001
paging,q9,1,RESULT_COLLECTOR,0.135028
paging,q9,1,SORT_PARTITION,0.273118
paging,q9,1,SORT_SAMPLE,0.071933
paging,q9,2,CONCAT,15.839616999999997
paging,q9,2,DYNAMIC_FILTER,47.787805999999996
paging,q9,2,GPU_SCAN,7230.0360820000005
paging,q9,2,HASH_GROUP_BY,6.5882
paging,q9,2,HASH_JOIN,567.106356
paging,q9,2,MERGE_GROUP_BY,0.448568
paging,q9,2,MERGE_SORT,0.461853
paging,q9,2,ORDER_BY,0.639549
paging,q9,2,PARTITION,0.9421720000000005
paging,q9,2,PROJECTION,4.867962
paging,q9,2,RESULT_COLLECTOR,0.13871
paging,q9,2,SORT_PARTITION,0.250063
paging,q9,2,SORT_SAMPLE,0.104365
paging,q9,3,CONCAT,29.399348999999997
paging,q9,3,DYNAMIC_FILTER,60.04867700000001
paging,q9,3,GPU_SCAN,7515.201535999999
paging,q9,3,HASH_GROUP_BY,4.463906
paging,q9,3,HASH_JOIN,517.981014
paging,q9,3,MERGE_GROUP_BY,0.554007
paging,q9,3,MERGE_SORT,0.372507
paging,q9,3,ORDER_BY,0.629729
paging,q9,3,PARTITION,1.6400340000000004
paging,q9,3,PROJECTION,3.823943
paging,q9,3,RESULT_COLLECTOR,0.126581
paging,q9,3,SORT_PARTITION,0.233626
paging,q9,3,SORT_SAMPLE,0.119372
paging,q9,4,CONCAT,15.664544000000001
paging,q9,4,DYNAMIC_FILTER,56.71634999999999
paging,q9,4,GPU_SCAN,7620.928674999997
paging,q9,4,HASH_GROUP_BY,5.154837000000001
paging,q9,4,HASH_JOIN,494.09771
paging,q9,4,MERGE_GROUP_BY,0.535705
paging,q9,4,MERGE_SORT,0.649492
paging,q9,4,ORDER_BY,0.617651
paging,q9,4,PARTITION,1.5584350000000005
paging,q9,4,PROJECTION,2.7846450000000003
paging,q9,4,RESULT_COLLECTOR,0.140911
paging,q9,4,SORT_PARTITION,0.23709
paging,q9,4,SORT_SAMPLE,0.103448
paging,q9,5,CONCAT,15.743646999999998
paging,q9,5,DYNAMIC_FILTER,65.97074599999999
paging,q9,5,GPU_SCAN,7634.3322050000015
paging,q9,5,HASH_GROUP_BY,5.112877
paging,q9,5,HASH_JOIN,459.534608
paging,q9,5,MERGE_GROUP_BY,0.460703
paging,q9,5,MERGE_SORT,1.767909
paging,q9,5,ORDER_BY,0.629411
paging,q9,5,PARTITION,1.0894489999999997
paging,q9,5,PROJECTION,3.463251
paging,q9,5,RESULT_COLLECTOR,0.141007
paging,q9,5,SORT_PARTITION,0.608063
paging,q9,5,SORT_SAMPLE,0.453687
paging,q9,6,CONCAT,16.462503
paging,q9,6,DYNAMIC_FILTER,63.49644899999999
paging,q9,6,GPU_SCAN,7648.861943999999
paging,q9,6,HASH_GROUP_BY,4.992096999999999
paging,q9,6,HASH_JOIN,504.056554
paging,q9,6,MERGE_GROUP_BY,0.414897
paging,q9,6,MERGE_SORT,1.338855
paging,q9,6,ORDER_BY,0.695857
paging,q9,6,PARTITION,1.239325
paging,q9,6,PROJECTION,3.3163780000000003
paging,q9,6,RESULT_COLLECTOR,0.12078
paging,q9,6,SORT_PARTITION,0.232082
paging,q9,6,SORT_SAMPLE,0.093637
paging,q9,7,CONCAT,16.903783000000004
paging,q9,7,DYNAMIC_FILTER,64.046582
paging,q9,7,GPU_SCAN,7642.670495000001
paging,q9,7,HASH_GROUP_BY,4.542077
paging,q9,7,HASH_JOIN,554.7372410000002
paging,q9,7,MERGE_GROUP_BY,0.686736
paging,q9,7,MERGE_SORT,0.809968
paging,q9,7,ORDER_BY,1.106872
paging,q9,7,PARTITION,1.13711
paging,q9,7,PROJECTION,2.71693
paging,q9,7,RESULT_COLLECTOR,0.163545
paging,q9,7,SORT_PARTITION,0.281802
paging,q9,7,SORT_SAMPLE,0.14335
paging,q9,8,CONCAT,14.068307999999996
paging,q9,8,DYNAMIC_FILTER,60.97113399999999
paging,q9,8,GPU_SCAN,7182.405065999999
paging,q9,8,HASH_GROUP_BY,4.23738
paging,q9,8,HASH_JOIN,563.0708940000001
paging,q9,8,MERGE_GROUP_BY,0.436721
paging,q9,8,MERGE_SORT,0.399362
paging,q9,8,ORDER_BY,0.624583
paging,q9,8,PARTITION,0.896638
paging,q9,8,PROJECTION,3.762932
paging,q9,8,RESULT_COLLECTOR,0.108398
paging,q9,8,SORT_PARTITION,0.240746
paging,q9,8,SORT_SAMPLE,0.092942
paging,q9,9,CONCAT,16.701343
paging,q9,9,DYNAMIC_FILTER,58.083586000000004
paging,q9,9,GPU_SCAN,7494.891181999996
paging,q9,9,HASH_GROUP_BY,6.519961
paging,q9,9,HASH_JOIN,633.1040230000001
paging,q9,9,MERGE_GROUP_BY,0.469054
paging,q9,9,MERGE_SORT,1.31506
paging,q9,9,ORDER_BY,0.604231
paging,q9,9,PARTITION,1.1282900000000002
paging,q9,9,PROJECTION,8.293303
paging,q9,9,RESULT_COLLECTOR,0.329158
paging,q9,9,SORT_PARTITION,0.238273
paging,q9,9,SORT_SAMPLE,0.108733
paging,q9,10,CONCAT,16.088232
paging,q9,10,DYNAMIC_FILTER,57.060607000000005
paging,q9,10,GPU_SCAN,7555.148193999998
paging,q9,10,HASH_GROUP_BY,5.15308
paging,q9,10,HASH_JOIN,513.01297
paging,q9,10,MERGE_GROUP_BY,0.46531
paging,q9,10,MERGE_SORT,1.351395
paging,q9,10,ORDER_BY,0.636917
paging,q9,10,PARTITION,0.9542429999999997
paging,q9,10,PROJECTION,3.472346
paging,q9,10,RESULT_COLLECTOR,8.38043
paging,q9,10,SORT_PARTITION,0.24184
paging,q9,10,SORT_SAMPLE,0.080376
paging,q10,1,CONCAT,1.7319860000000002
paging,q10,1,DYNAMIC_FILTER,7.7946
paging,q10,1,GPU_SCAN,4145.400891
paging,q10,1,HASH_GROUP_BY,28.401426
paging,q10,1,HASH_JOIN,43.483166
paging,q10,1,MERGE_GROUP_BY,0.066662
paging,q10,1,MERGE_SORT,20.60891
paging,q10,1,ORDER_BY,17.422343
paging,q10,1,PARTITION,0.35831599999999997
paging,q10,1,PROJECTION,5.182414
paging,q10,1,RESULT_COLLECTOR,254.464171
paging,q10,1,SORT_PARTITION,7.046289
paging,q10,1,SORT_SAMPLE,0.201278
paging,q10,2,CONCAT,1.7204559999999998
paging,q10,2,DYNAMIC_FILTER,10.771449
paging,q10,2,GPU_SCAN,3585.996835
paging,q10,2,HASH_GROUP_BY,28.498612
paging,q10,2,HASH_JOIN,43.079088999999996
paging,q10,2,MERGE_GROUP_BY,0.02249
paging,q10,2,MERGE_SORT,21.922807
paging,q10,2,ORDER_BY,9.314147
paging,q10,2,PARTITION,0.6403810000000001
paging,q10,2,PROJECTION,0.65516
paging,q10,2,RESULT_COLLECTOR,255.736547
paging,q10,2,SORT_PARTITION,6.663977
paging,q10,2,SORT_SAMPLE,0.0682
paging,q10,3,CONCAT,1.3130160000000002
paging,q10,3,DYNAMIC_FILTER,8.831521000000002
paging,q10,3,GPU_SCAN,3730.193419
paging,q10,3,HASH_GROUP_BY,28.516535
paging,q10,3,HASH_JOIN,43.454616
paging,q10,3,MERGE_GROUP_BY,0.039547
paging,q10,3,MERGE_SORT,22.730324
paging,q10,3,ORDER_BY,9.358629
paging,q10,3,PARTITION,0.6258809999999999
paging,q10,3,PROJECTION,0.649796
paging,q10,3,RESULT_COLLECTOR,234.234394
paging,q10,3,SORT_PARTITION,7.538699
paging,q10,3,SORT_SAMPLE,0.213958
paging,q10,4,CONCAT,1.826361
paging,q10,4,DYNAMIC_FILTER,12.647778
paging,q10,4,GPU_SCAN,3894.6454340000005
paging,q10,4,HASH_GROUP_BY,28.69668
paging,q10,4,HASH_JOIN,43.066098
paging,q10,4,MERGE_GROUP_BY,0.084412
paging,q10,4,MERGE_SORT,21.550996
paging,q10,4,ORDER_BY,9.061011
paging,q10,4,PARTITION,0.48008
paging,q10,4,PROJECTION,0.640888
paging,q10,4,RESULT_COLLECTOR,254.147852
paging,q10,4,SORT_PARTITION,6.970271
paging,q10,4,SORT_SAMPLE,0.106858
paging,q10,5,CONCAT,1.676694
paging,q10,5,DYNAMIC_FILTER,12.594165
paging,q10,5,GPU_SCAN,3934.7300109999996
paging,q10,5,HASH_GROUP_BY,28.272798
paging,q10,5,HASH_JOIN,43.326662
paging,q10,5,MERGE_GROUP_BY,0.019907
paging,q10,5,MERGE_SORT,23.964207
paging,q10,5,ORDER_BY,8.865974
paging,q10,5,PARTITION,0.7161489999999999
paging,q10,5,PROJECTION,0.57277
paging,q10,5,RESULT_COLLECTOR,186.106788
paging,q10,5,SORT_PARTITION,6.687131
paging,q10,5,SORT_SAMPLE,0.033616
paging,q10,6,CONCAT,1.2065110000000001
paging,q10,6,DYNAMIC_FILTER,12.886902
paging,q10,6,GPU_SCAN,4050.64719
paging,q10,6,HASH_GROUP_BY,29.20148
paging,q10,6,HASH_JOIN,43.94951399999999
paging,q10,6,MERGE_GROUP_BY,0.02444
paging,q10,6,MERGE_SORT,21.257437
paging,q10,6,ORDER_BY,9.190356
paging,q10,6,PARTITION,0.6258390000000001
paging,q10,6,PROJECTION,0.6653950000000001
paging,q10,6,RESULT_COLLECTOR,172.229851
paging,q10,6,SORT_PARTITION,6.422133
paging,q10,6,SORT_SAMPLE,0.077432
paging,q10,7,CONCAT,1.197468
paging,q10,7,DYNAMIC_FILTER,14.139579999999999
paging,q10,7,GPU_SCAN,3887.3645519999995
paging,q10,7,HASH_GROUP_BY,28.445385
paging,q10,7,HASH_JOIN,43.415419
paging,q10,7,MERGE_GROUP_BY,0.030686
paging,q10,7,MERGE_SORT,20.447218
paging,q10,7,ORDER_BY,9.049969
paging,q10,7,PARTITION,0.864718
paging,q10,7,PROJECTION,0.6328480000000001
paging,q10,7,RESULT_COLLECTOR,212.789057
paging,q10,7,SORT_PARTITION,6.590996
paging,q10,7,SORT_SAMPLE,0.071201
paging,q10,8,CONCAT,1.184578
paging,q10,8,DYNAMIC_FILTER,12.873907
paging,q10,8,GPU_SCAN,4059.201631
paging,q10,8,HASH_GROUP_BY,29.154239
paging,q10,8,HASH_JOIN,43.055565
paging,q10,8,MERGE_GROUP_BY,0.078968
paging,q10,8,MERGE_SORT,21.112339
paging,q10,8,ORDER_BY,9.311225
paging,q10,8,PARTITION,0.546617
paging,q10,8,PROJECTION,0.671214
paging,q10,8,RESULT_COLLECTOR,271.21194
paging,q10,8,SORT_PARTITION,9.358449
paging,q10,8,SORT_SAMPLE,0.245539
paging,q10,9,CONCAT,1.3417509999999997
paging,q10,9,DYNAMIC_FILTER,10.171194999999997
paging,q10,9,GPU_SCAN,3570.6646510000005
paging,q10,9,HASH_GROUP_BY,28.963263
paging,q10,9,HASH_JOIN,44.120533
paging,q10,9,MERGE_GROUP_BY,0.069708
paging,q10,9,MERGE_SORT,21.325987
paging,q10,9,ORDER_BY,9.228828
paging,q10,9,PARTITION,0.571483
paging,q10,9,PROJECTION,0.655859
paging,q10,9,RESULT_COLLECTOR,203.849329
paging,q10,9,SORT_PARTITION,6.530558
paging,q10,9,SORT_SAMPLE,0.087832
paging,q10,10,CONCAT,1.2933839999999999
paging,q10,10,DYNAMIC_FILTER,10.510397000000001
paging,q10,10,GPU_SCAN,3814.263556
paging,q10,10,HASH_GROUP_BY,28.614793
paging,q10,10,HASH_JOIN,43.735233
paging,q10,10,MERGE_GROUP_BY,0.022437
paging,q10,10,MERGE_SORT,21.432284
paging,q10,10,ORDER_BY,9.381463
paging,q10,10,PARTITION,0.6622779999999999
paging,q10,10,PROJECTION,0.7311850000000001
paging,q10,10,RESULT_COLLECTOR,247.71876
paging,q10,10,SORT_PARTITION,5.919008
paging,q10,10,SORT_SAMPLE,0.031925
paging,q11,1,CONCAT,0.28349
paging,q11,1,CTE,0.01855
paging,q11,1,DYNAMIC_FILTER,0.104932
paging,q11,1,GPU_SCAN,816.235414
paging,q11,1,HASH_GROUP_BY,1.878887
paging,q11,1,HASH_JOIN,25.069547999999998
paging,q11,1,MERGE_AGGREGATE,0.5119279999999999
paging,q11,1,MERGE_GROUP_BY,2.592076
paging,q11,1,MERGE_SORT,0.005625
paging,q11,1,NESTED_LOOP_JOIN,0.283515
paging,q11,1,ORDER_BY,0.01201
paging,q11,1,PARTITION,0.21836399999999997
paging,q11,1,PROJECTION,1.7879489999999998
paging,q11,1,RESULT_COLLECTOR,0.005381
paging,q11,1,SORT_PARTITION,0.005717
paging,q11,1,SORT_SAMPLE,0.014419
paging,q11,1,UNGROUPED_AGGREGATE,1.7978899999999998
paging,q11,2,CONCAT,9.722069999999999
paging,q11,2,CTE,0.013609
paging,q11,2,DYNAMIC_FILTER,0.100394
paging,q11,2,GPU_SCAN,20.690194999999996
paging,q11,2,HASH_GROUP_BY,1.523624
paging,q11,2,HASH_JOIN,40.675717
paging,q11,2,MERGE_AGGREGATE,0.584494
paging,q11,2,MERGE_GROUP_BY,0.020636
paging,q11,2,MERGE_SORT,0.017902
paging,q11,2,NESTED_LOOP_JOIN,0.188873
paging,q11,2,ORDER_BY,0.011924
paging,q11,2,PARTITION,0.21811000000000003
paging,q11,2,PROJECTION,0.9449500000000001
paging,q11,2,RESULT_COLLECTOR,0.005264
paging,q11,2,SORT_PARTITION,0.01288
paging,q11,2,SORT_SAMPLE,0.020559
paging,q11,2,UNGROUPED_AGGREGATE,1.402184
paging,q11,3,CONCAT,9.420428999999999
paging,q11,3,CTE,0.010217
paging,q11,3,DYNAMIC_FILTER,0.117423
paging,q11,3,GPU_SCAN,19.570296999999993
paging,q11,3,HASH_GROUP_BY,1.39082
paging,q11,3,HASH_JOIN,69.204432
paging,q11,3,MERGE_AGGREGATE,0.155473
paging,q11,3,MERGE_GROUP_BY,0.008146
paging,q11,3,MERGE_SORT,0.006649
paging,q11,3,NESTED_LOOP_JOIN,0.221911
paging,q11,3,ORDER_BY,0.012254
paging,q11,3,PARTITION,0.335547
paging,q11,3,PROJECTION,1.5354880000000002
paging,q11,3,RESULT_COLLECTOR,0.005629
paging,q11,3,SORT_PARTITION,0.006905
paging,q11,3,SORT_SAMPLE,0.012945
paging,q11,3,UNGROUPED_AGGREGATE,2.5155640000000004
paging,q11,4,CONCAT,9.192932999999998
paging,q11,4,CTE,0.024249
paging,q11,4,DYNAMIC_FILTER,0.110784
paging,q11,4,GPU_SCAN,20.410528000000003
paging,q11,4,HASH_GROUP_BY,1.055794
paging,q11,4,HASH_JOIN,33.983523
paging,q11,4,MERGE_AGGREGATE,0.625178
paging,q11,4,MERGE_GROUP_BY,0.009658
paging,q11,4,MERGE_SORT,0.006155
paging,q11,4,NESTED_LOOP_JOIN,0.218743
paging,q11,4,ORDER_BY,0.012229
paging,q11,4,PARTITION,0.421937
paging,q11,4,PROJECTION,11.110255
paging,q11,4,RESULT_COLLECTOR,0.005467
paging,q11,4,SORT_PARTITION,0.007255
paging,q11,4,SORT_SAMPLE,0.013993
paging,q11,4,UNGROUPED_AGGREGATE,17.412724
paging,q11,5,CONCAT,9.891539
paging,q11,5,CTE,0.008673
paging,q11,5,DYNAMIC_FILTER,0.103489
paging,q11,5,GPU_SCAN,18.930328
paging,q11,5,HASH_GROUP_BY,1.170857
paging,q11,5,HASH_JOIN,50.063395
paging,q11,5,MERGE_AGGREGATE,0.167012
paging,q11,5,MERGE_GROUP_BY,0.044837
paging,q11,5,MERGE_SORT,0.017479
paging,q11,5,NESTED_LOOP_JOIN,0.217225
paging,q11,5,ORDER_BY,0.011429
paging,q11,5,PARTITION,0.36924599999999996
paging,q11,5,PROJECTION,0.8272430000000001
paging,q11,5,RESULT_COLLECTOR,0.00579
paging,q11,5,SORT_PARTITION,0.005243
paging,q11,5,SORT_SAMPLE,0.012895
paging,q11,5,UNGROUPED_AGGREGATE,1.8042380000000002
paging,q11,6,CONCAT,10.048881999999999
paging,q11,6,CTE,0.010706
paging,q11,6,DYNAMIC_FILTER,0.102719
paging,q11,6,GPU_SCAN,19.441825000000005
paging,q11,6,HASH_GROUP_BY,3.509583
paging,q11,6,HASH_JOIN,32.497535
paging,q11,6,MERGE_AGGREGATE,0.20828300000000002
paging,q11,6,MERGE_GROUP_BY,0.008799
paging,q11,6,MERGE_SORT,0.007176
paging,q11,6,NESTED_LOOP_JOIN,0.208767
paging,q11,6,ORDER_BY,0.012287
paging,q11,6,PARTITION,0.269644
paging,q11,6,PROJECTION,1.055332
paging,q11,6,RESULT_COLLECTOR,0.009339
paging,q11,6,SORT_PARTITION,0.019985
paging,q11,6,SORT_SAMPLE,0.033157
paging,q11,6,UNGROUPED_AGGREGATE,3.589801
paging,q11,7,CONCAT,10.205504999999999
paging,q11,7,CTE,0.034363
paging,q11,7,DYNAMIC_FILTER,0.098414
paging,q11,7,GPU_SCAN,19.055621000000002
paging,q11,7,HASH_GROUP_BY,1.184025
paging,q11,7,HASH_JOIN,51.489345
paging,q11,7,MERGE_AGGREGATE,0.183799
paging,q11,7,MERGE_GROUP_BY,0.006346
paging,q11,7,MERGE_SORT,0.005601
paging,q11,7,NESTED_LOOP_JOIN,0.2278
paging,q11,7,ORDER_BY,0.011994
paging,q11,7,PARTITION,0.371752
paging,q11,7,PROJECTION,0.6717980000000001
paging,q11,7,RESULT_COLLECTOR,0.018779
paging,q11,7,SORT_PARTITION,0.006754
paging,q11,7,SORT_SAMPLE,0.011653
paging,q11,7,UNGROUPED_AGGREGATE,1.789868
paging,q11,8,CONCAT,10.005731
paging,q11,8,CTE,0.026777
paging,q11,8,DYNAMIC_FILTER,0.110115
paging,q11,8,GPU_SCAN,18.946659000000004
paging,q11,8,HASH_GROUP_BY,1.702857
paging,q11,8,HASH_JOIN,50.885909999999996
paging,q11,8,MERGE_AGGREGATE,0.516413
paging,q11,8,MERGE_GROUP_BY,0.016829
paging,q11,8,MERGE_SORT,0.011954
paging,q11,8,NESTED_LOOP_JOIN,0.234749
paging,q11,8,ORDER_BY,0.015879
paging,q11,8,PARTITION,0.287561
paging,q11,8,PROJECTION,1.94083
paging,q11,8,RESULT_COLLECTOR,0.004995
paging,q11,8,SORT_PARTITION,0.020588
paging,q11,8,SORT_SAMPLE,0.038491
paging,q11,8,UNGROUPED_AGGREGATE,1.43407
paging,q11,9,CONCAT,10.033937
paging,q11,9,CTE,0.015406
paging,q11,9,DYNAMIC_FILTER,0.126126
paging,q11,9,GPU_SCAN,19.461656
paging,q11,9,HASH_GROUP_BY,1.346229
paging,q11,9,HASH_JOIN,50.517295000000004
paging,q11,9,MERGE_AGGREGATE,0.538242
paging,q11,9,MERGE_GROUP_BY,0.009728
paging,q11,9,MERGE_SORT,0.01683
paging,q11,9,NESTED_LOOP_JOIN,0.318693
paging,q11,9,ORDER_BY,0.018448
paging,q11,9,PARTITION,0.29625099999999993
paging,q11,9,PROJECTION,1.066264
paging,q11,9,RESULT_COLLECTOR,0.006734
paging,q11,9,SORT_PARTITION,0.008013
paging,q11,9,SORT_SAMPLE,0.014811
paging,q11,9,UNGROUPED_AGGREGATE,1.71915
paging,q11,10,CONCAT,9.881783000000002
paging,q11,10,CTE,0.016989
paging,q11,10,DYNAMIC_FILTER,0.148596
paging,q11,10,GPU_SCAN,19.586359000000005
paging,q11,10,HASH_GROUP_BY,1.311332
paging,q11,10,HASH_JOIN,50.848894
paging,q11,10,MERGE_AGGREGATE,0.220765
paging,q11,10,MERGE_GROUP_BY,0.012284
paging,q11,10,MERGE_SORT,0.025497
paging,q11,10,NESTED_LOOP_JOIN,0.249922
paging,q11,10,ORDER_BY,0.013544
paging,q11,10,PARTITION,0.327553
paging,q11,10,PROJECTION,1.225829
paging,q11,10,RESULT_COLLECTOR,0.009555
paging,q11,10,SORT_PARTITION,0.006788
paging,q11,10,SORT_SAMPLE,0.016557
paging,q11,10,UNGROUPED_AGGREGATE,1.957064
paging,q12,1,CONCAT,1.21567
paging,q12,1,DYNAMIC_FILTER,7.131698
paging,q12,1,FILTER,39.737263999999996
paging,q12,1,GPU_SCAN,3975.9328580000006
paging,q12,1,HASH_GROUP_BY,2.47863
paging,q12,1,HASH_JOIN,2.537942
paging,q12,1,MERGE_GROUP_BY,0.056472
paging,q12,1,MERGE_SORT,0.188053
paging,q12,1,ORDER_BY,4.647688
paging,q12,1,PARTITION,0.30537200000000003
paging,q12,1,PROJECTION,6.299719
paging,q12,1,RESULT_COLLECTOR,0.609671
paging,q12,1,SORT_PARTITION,0.200507
paging,q12,1,SORT_SAMPLE,0.14186
paging,q12,2,CONCAT,1.2718850000000002
paging,q12,2,DYNAMIC_FILTER,5.849011000000001
paging,q12,2,FILTER,40.303366
paging,q12,2,GPU_SCAN,3606.084781999999
paging,q12,2,HASH_GROUP_BY,1.140272
paging,q12,2,HASH_JOIN,2.028694
paging,q12,2,MERGE_GROUP_BY,0.031
paging,q12,2,MERGE_SORT,0.857051
paging,q12,2,ORDER_BY,0.184342
paging,q12,2,PARTITION,0.622969
paging,q12,2,PROJECTION,0.528375
paging,q12,2,RESULT_COLLECTOR,0.322925
paging,q12,2,SORT_PARTITION,0.190274
paging,q12,2,SORT_SAMPLE,0.094991
paging,q12,3,CONCAT,1.660475
paging,q12,3,DYNAMIC_FILTER,5.372121
paging,q12,3,FILTER,31.101723
paging,q12,3,GPU_SCAN,3632.0190540000003
paging,q12,3,HASH_GROUP_BY,1.167051
paging,q12,3,HASH_JOIN,2.033339
paging,q12,3,MERGE_GROUP_BY,0.077741
paging,q12,3,MERGE_SORT,0.89694
paging,q12,3,ORDER_BY,0.183882
paging,q12,3,PARTITION,0.670316
paging,q12,3,PROJECTION,0.519514
paging,q12,3,RESULT_COLLECTOR,0.290445
paging,q12,3,SORT_PARTITION,0.196861
paging,q12,3,SORT_SAMPLE,0.090389
paging,q12,4,CONCAT,1.754695
paging,q12,4,DYNAMIC_FILTER,5.568916
paging,q12,4,FILTER,35.043135
paging,q12,4,GPU_SCAN,3519.14039
paging,q12,4,HASH_GROUP_BY,1.051285
paging,q12,4,HASH_JOIN,2.017548
paging,q12,4,MERGE_GROUP_BY,0.055009
paging,q12,4,MERGE_SORT,0.290605
paging,q12,4,ORDER_BY,0.166272
paging,q12,4,PARTITION,0.544861
paging,q12,4,PROJECTION,0.520154
paging,q12,4,RESULT_COLLECTOR,0.288868
paging,q12,4,SORT_PARTITION,0.219278
paging,q12,4,SORT_SAMPLE,0.142615
paging,q12,5,CONCAT,1.9480179999999998
paging,q12,5,DYNAMIC_FILTER,5.3655409999999994
paging,q12,5,FILTER,31.80968000000001
paging,q12,5,GPU_SCAN,3576.112525000001
paging,q12,5,HASH_GROUP_BY,1.112459
paging,q12,5,HASH_JOIN,2.058178
paging,q12,5,MERGE_GROUP_BY,0.017106
paging,q12,5,MERGE_SORT,0.20497
paging,q12,5,ORDER_BY,0.196911
paging,q12,5,PARTITION,0.454792
paging,q12,5,PROJECTION,0.528307
paging,q12,5,RESULT_COLLECTOR,0.137653
paging,q12,5,SORT_PARTITION,0.181566
paging,q12,5,SORT_SAMPLE,0.086675
paging,q12,6,CONCAT,1.760506
paging,q12,6,DYNAMIC_FILTER,7.645738000000001
paging,q12,6,FILTER,34.596103
paging,q12,6,GPU_SCAN,3723.4830600000005
paging,q12,6,HASH_GROUP_BY,1.299587
paging,q12,6,HASH_JOIN,2.406907
paging,q12,6,MERGE_GROUP_BY,0.031712
paging,q12,6,MERGE_SORT,0.230492
paging,q12,6,ORDER_BY,0.200026
paging,q12,6,PARTITION,0.8931810000000001
paging,q12,6,PROJECTION,0.683167
paging,q12,6,RESULT_COLLECTOR,0.238691
paging,q12,6,SORT_PARTITION,0.190524
paging,q12,6,SORT_SAMPLE,0.089597
paging,q12,7,CONCAT,1.310659
paging,q12,7,DYNAMIC_FILTER,8.399801
paging,q12,7,FILTER,37.705507999999995
paging,q12,7,GPU_SCAN,3690.266032000001
paging,q12,7,HASH_GROUP_BY,1.399343
paging,q12,7,HASH_JOIN,2.550907
paging,q12,7,MERGE_GROUP_BY,0.007813
paging,q12,7,MERGE_SORT,0.215005
paging,q12,7,ORDER_BY,0.168431
paging,q12,7,PARTITION,0.36517700000000003
paging,q12,7,PROJECTION,1.004792
paging,q12,7,RESULT_COLLECTOR,0.110251
paging,q12,7,SORT_PARTITION,0.176961
paging,q12,7,SORT_SAMPLE,0.083522
paging,q12,8,CONCAT,1.7374680000000002
paging,q12,8,DYNAMIC_FILTER,7.129055999999999
paging,q12,8,FILTER,52.076421
paging,q12,8,GPU_SCAN,4028.012185
paging,q12,8,HASH_GROUP_BY,1.148846
paging,q12,8,HASH_JOIN,2.648874
paging,q12,8,MERGE_GROUP_BY,0.028414
paging,q12,8,MERGE_SORT,0.287638
paging,q12,8,ORDER_BY,0.242425
paging,q12,8,PARTITION,0.5456179999999998
paging,q12,8,PROJECTION,0.84587
paging,q12,8,RESULT_COLLECTOR,0.277448
paging,q12,8,SORT_PARTITION,0.208886
paging,q12,8,SORT_SAMPLE,0.100604
paging,q12,9,CONCAT,1.766099
paging,q12,9,DYNAMIC_FILTER,10.328511
paging,q12,9,FILTER,50.951758
paging,q12,9,GPU_SCAN,3935.2736689999992
paging,q12,9,HASH_GROUP_BY,1.182488
paging,q12,9,HASH_JOIN,2.785926
paging,q12,9,MERGE_GROUP_BY,0.027161
paging,q12,9,MERGE_SORT,0.297199
paging,q12,9,ORDER_BY,0.255595
paging,q12,9,PARTITION,1.5383380000000004
paging,q12,9,PROJECTION,0.82403
paging,q12,9,RESULT_COLLECTOR,0.416438
paging,q12,9,SORT_PARTITION,0.256211
paging,q12,9,SORT_SAMPLE,0.203087
paging,q12,10,CONCAT,2.077359
paging,q12,10,DYNAMIC_FILTER,7.457562000000001
paging,q12,10,FILTER,49.20621699999999
paging,q12,10,GPU_SCAN,3821.562769000001
paging,q12,10,HASH_GROUP_BY,1.365454
paging,q12,10,HASH_JOIN,2.627771
paging,q12,10,MERGE_GROUP_BY,0.006889
paging,q12,10,MERGE_SORT,0.225215
paging,q12,10,ORDER_BY,0.233717
paging,q12,10,PARTITION,0.7945839999999997
paging,q12,10,PROJECTION,1.031271
paging,q12,10,RESULT_COLLECTOR,0.1117
paging,q12,10,SORT_PARTITION,0.175738
paging,q12,10,SORT_SAMPLE,0.078396
paging,q13,1,CONCAT,21.370366
paging,q13,1,GPU_SCAN,2064.281347
paging,q13,1,HASH_GROUP_BY,18.637193
paging,q13,1,HASH_JOIN,123.670724
paging,q13,1,MERGE_GROUP_BY,0.061543
paging,q13,1,MERGE_SORT,0.005872
paging,q13,1,ORDER_BY,0.438962
paging,q13,1,PARTITION,0.18079100000000004
paging,q13,1,PROJECTION,0.032511
paging,q13,1,RESULT_COLLECTOR,0.230821
paging,q13,1,SORT_PARTITION,0.00501
paging,q13,1,SORT_SAMPLE,0.007412
paging,q13,2,CONCAT,22.346678
paging,q13,2,GPU_SCAN,2037.716593
paging,q13,2,HASH_GROUP_BY,18.842451
paging,q13,2,HASH_JOIN,121.338363
paging,q13,2,MERGE_GROUP_BY,0.051729
paging,q13,2,MERGE_SORT,0.006664
paging,q13,2,ORDER_BY,0.425895
paging,q13,2,PARTITION,0.313062
paging,q13,2,PROJECTION,0.057134000000000004
paging,q13,2,RESULT_COLLECTOR,0.084761
paging,q13,2,SORT_PARTITION,0.005989
paging,q13,2,SORT_SAMPLE,0.008947
paging,q13,3,CONCAT,22.041158
paging,q13,3,GPU_SCAN,1990.49414
paging,q13,3,HASH_GROUP_BY,19.099549
paging,q13,3,HASH_JOIN,121.495285
paging,q13,3,MERGE_GROUP_BY,0.067976
paging,q13,3,MERGE_SORT,0.009419
paging,q13,3,ORDER_BY,0.445622
paging,q13,3,PARTITION,0.234303
paging,q13,3,PROJECTION,0.07567299999999999
paging,q13,3,RESULT_COLLECTOR,0.115157
paging,q13,3,SORT_PARTITION,0.006968
paging,q13,3,SORT_SAMPLE,0.011931
paging,q13,4,CONCAT,22.269198
paging,q13,4,GPU_SCAN,2437.81077
paging,q13,4,HASH_GROUP_BY,18.991638000000002
paging,q13,4,HASH_JOIN,120.823564
paging,q13,4,MERGE_GROUP_BY,0.021207
paging,q13,4,MERGE_SORT,0.013444
paging,q13,4,ORDER_BY,0.226794
paging,q13,4,PARTITION,0.25508200000000003
paging,q13,4,PROJECTION,0.048157
paging,q13,4,RESULT_COLLECTOR,0.079852
paging,q13,4,SORT_PARTITION,0.050923
paging,q13,4,SORT_SAMPLE,0.043276
paging,q13,5,CONCAT,22.290464
paging,q13,5,GPU_SCAN,2443.0549929999997
paging,q13,5,HASH_GROUP_BY,18.936061
paging,q13,5,HASH_JOIN,120.892894
paging,q13,5,MERGE_GROUP_BY,0.023773
paging,q13,5,MERGE_SORT,0.006015
paging,q13,5,ORDER_BY,0.240814
paging,q13,5,PARTITION,0.24357199999999998
paging,q13,5,PROJECTION,0.047866000000000006
paging,q13,5,RESULT_COLLECTOR,0.096238
paging,q13,5,SORT_PARTITION,0.005844
paging,q13,5,SORT_SAMPLE,0.009057
paging,q13,6,CONCAT,21.767561
paging,q13,6,GPU_SCAN,2060.778281
paging,q13,6,HASH_GROUP_BY,18.758225999999997
paging,q13,6,HASH_JOIN,121.059422
paging,q13,6,MERGE_GROUP_BY,0.05612400000000001
paging,q13,6,MERGE_SORT,0.006464
paging,q13,6,ORDER_BY,0.590056
paging,q13,6,PARTITION,0.20032399999999997
paging,q13,6,PROJECTION,0.067072
paging,q13,6,RESULT_COLLECTOR,0.080317
paging,q13,6,SORT_PARTITION,0.00913
paging,q13,6,SORT_SAMPLE,0.014549
paging,q13,7,CONCAT,21.870472
paging,q13,7,GPU_SCAN,1990.4347050000001
paging,q13,7,HASH_GROUP_BY,18.791590999999997
paging,q13,7,HASH_JOIN,120.675935
paging,q13,7,MERGE_GROUP_BY,0.011682000000000001
paging,q13,7,MERGE_SORT,0.005749
paging,q13,7,ORDER_BY,0.229668
paging,q13,7,PARTITION,0.24595199999999998
paging,q13,7,PROJECTION,0.070479
paging,q13,7,RESULT_COLLECTOR,0.07097
paging,q13,7,SORT_PARTITION,0.005708
paging,q13,7,SORT_SAMPLE,0.008492
paging,q13,8,CONCAT,22.119438000000002
paging,q13,8,GPU_SCAN,1997.7146049999997
paging,q13,8,HASH_GROUP_BY,18.942214
paging,q13,8,HASH_JOIN,121.606327
paging,q13,8,MERGE_GROUP_BY,0.073534
paging,q13,8,MERGE_SORT,0.008561
paging,q13,8,ORDER_BY,0.40557
paging,q13,8,PARTITION,0.23449599999999998
paging,q13,8,PROJECTION,0.049395
paging,q13,8,RESULT_COLLECTOR,0.143751
paging,q13,8,SORT_PARTITION,0.007223
paging,q13,8,SORT_SAMPLE,0.011318
paging,q13,9,CONCAT,21.553931
paging,q13,9,GPU_SCAN,2045.910301
paging,q13,9,HASH_GROUP_BY,18.982297
paging,q13,9,HASH_JOIN,121.876885
paging,q13,9,MERGE_GROUP_BY,0.106124
paging,q13,9,MERGE_SORT,0.008345
paging,q13,9,ORDER_BY,0.503298
paging,q13,9,PARTITION,0.257278
paging,q13,9,PROJECTION,0.041401999999999994
paging,q13,9,RESULT_COLLECTOR,0.166626
paging,q13,9,SORT_PARTITION,0.015915
paging,q13,9,SORT_SAMPLE,0.022098
paging,q13,10,CONCAT,21.533318
paging,q13,10,GPU_SCAN,2038.160194
paging,q13,10,HASH_GROUP_BY,18.715679
paging,q13,10,HASH_JOIN,120.264737
paging,q13,10,MERGE_GROUP_BY,0.036387
paging,q13,10,MERGE_SORT,0.005138
paging,q13,10,ORDER_BY,0.205
paging,q13,10,PARTITION,0.187805
paging,q13,10,PROJECTION,0.020673
paging,q13,10,RESULT_COLLECTOR,0.15498
paging,q13,10,SORT_PARTITION,0.004971
paging,q13,10,SORT_SAMPLE,0.005418
paging,q14,1,CONCAT,0.41874599999999995
paging,q14,1,GPU_SCAN,4860.6436619999995
paging,q14,1,HASH_JOIN,11.107566
paging,q14,1,MERGE_AGGREGATE,0.0622
paging,q14,1,PARTITION,0.28693700000000005
paging,q14,1,PROJECTION,2.464716
paging,q14,1,RESULT_COLLECTOR,0.158781
paging,q14,1,UNGROUPED_AGGREGATE,0.733684
paging,q14,2,CONCAT,6.200617
paging,q14,2,GPU_SCAN,4834.179269
paging,q14,2,HASH_JOIN,10.639234
paging,q14,2,MERGE_AGGREGATE,0.023437
paging,q14,2,PARTITION,0.21257299999999998
paging,q14,2,PROJECTION,1.531118
paging,q14,2,RESULT_COLLECTOR,0.169948
paging,q14,2,UNGROUPED_AGGREGATE,0.721748
paging,q14,3,CONCAT,6.5603240000000005
paging,q14,3,GPU_SCAN,4657.97135
paging,q14,3,HASH_JOIN,10.949767
paging,q14,3,MERGE_AGGREGATE,0.020126
paging,q14,3,PARTITION,0.443771
paging,q14,3,PROJECTION,1.5138289999999999
paging,q14,3,RESULT_COLLECTOR,0.147209
paging,q14,3,UNGROUPED_AGGREGATE,0.775426
paging,q14,4,CONCAT,6.31904
paging,q14,4,GPU_SCAN,4747.048282000001
paging,q14,4,HASH_JOIN,10.735621
paging,q14,4,MERGE_AGGREGATE,0.059247
paging,q14,4,PARTITION,0.266834
paging,q14,4,PROJECTION,1.4051069999999999
paging,q14,4,RESULT_COLLECTOR,0.080522
paging,q14,4,UNGROUPED_AGGREGATE,0.725851
paging,q14,5,CONCAT,6.616149
paging,q14,5,GPU_SCAN,4706.682669
paging,q14,5,HASH_JOIN,10.819406
paging,q14,5,MERGE_AGGREGATE,0.019982
paging,q14,5,PARTITION,0.211806
paging,q14,5,PROJECTION,1.6322260000000002
paging,q14,5,RESULT_COLLECTOR,0.183816
paging,q14,5,UNGROUPED_AGGREGATE,0.781143
paging,q14,6,CONCAT,6.318809
paging,q14,6,GPU_SCAN,4736.717900000001
paging,q14,6,HASH_JOIN,10.80498
paging,q14,6,MERGE_AGGREGATE,0.019255
paging,q14,6,PARTITION,0.175699
paging,q14,6,PROJECTION,1.4838550000000001
paging,q14,6,RESULT_COLLECTOR,0.083972
paging,q14,6,UNGROUPED_AGGREGATE,0.757434
paging,q14,7,CONCAT,6.277565
paging,q14,7,GPU_SCAN,4765.615297
paging,q14,7,HASH_JOIN,10.689993
paging,q14,7,MERGE_AGGREGATE,0.035901
paging,q14,7,PARTITION,0.21870599999999998
paging,q14,7,PROJECTION,1.684279
paging,q14,7,RESULT_COLLECTOR,0.204375
paging,q14,7,UNGROUPED_AGGREGATE,0.788418
paging,q14,8,CONCAT,6.332753
paging,q14,8,GPU_SCAN,4674.441072
paging,q14,8,HASH_JOIN,10.722578
paging,q14,8,MERGE_AGGREGATE,0.025697
paging,q14,8,PARTITION,0.20835199999999998
paging,q14,8,PROJECTION,1.262678
paging,q14,8,RESULT_COLLECTOR,0.089026
paging,q14,8,UNGROUPED_AGGREGATE,0.734384
paging,q14,9,CONCAT,6.454797
paging,q14,9,GPU_SCAN,4679.235852000001
paging,q14,9,HASH_JOIN,10.666683
paging,q14,9,MERGE_AGGREGATE,0.017483
paging,q14,9,PARTITION,0.19053699999999998
paging,q14,9,PROJECTION,1.740538
paging,q14,9,RESULT_COLLECTOR,0.163353
paging,q14,9,UNGROUPED_AGGREGATE,0.711243
paging,q14,10,CONCAT,6.266018
paging,q14,10,GPU_SCAN,4644.584565
paging,q14,10,HASH_JOIN,10.687649
paging,q14,10,MERGE_AGGREGATE,0.018127
paging,q14,10,PARTITION,0.23582199999999998
paging,q14,10,PROJECTION,1.557807
paging,q14,10,RESULT_COLLECTOR,0.186473
paging,q14,10,UNGROUPED_AGGREGATE,0.729453
paging,q15,1,CONCAT,0.145781
paging,q15,1,CTE,0.007569
paging,q15,1,GPU_SCAN,4714.230600000001
paging,q15,1,HASH_GROUP_BY,21.154778999999998
paging,q15,1,HASH_JOIN,5.100353
paging,q15,1,MERGE_AGGREGATE,0.131033
paging,q15,1,MERGE_GROUP_BY,5.392188
paging,q15,1,MERGE_SORT,0.028516
paging,q15,1,ORDER_BY,0.930352
paging,q15,1,PARTITION,0.471262
paging,q15,1,PROJECTION,9.067370999999998
paging,q15,1,RESULT_COLLECTOR,0.223851
paging,q15,1,SORT_PARTITION,1.765127
paging,q15,1,SORT_SAMPLE,0.28175
paging,q15,1,UNGROUPED_AGGREGATE,11.050357
paging,q15,2,CONCAT,0.03823
paging,q15,2,CTE,0.007982
paging,q15,2,GPU_SCAN,4821.3927140000005
paging,q15,2,HASH_GROUP_BY,22.694520999999998
paging,q15,2,HASH_JOIN,1.5882420000000002
paging,q15,2,MERGE_AGGREGATE,0.041591
paging,q15,2,MERGE_GROUP_BY,4.744804
paging,q15,2,MERGE_SORT,0.019266
paging,q15,2,ORDER_BY,0.297114
paging,q15,2,PARTITION,0.36647199999999996
paging,q15,2,PROJECTION,18.937812
paging,q15,2,RESULT_COLLECTOR,0.13657
paging,q15,2,SORT_PARTITION,0.567867
paging,q15,2,SORT_SAMPLE,0.059291
paging,q15,2,UNGROUPED_AGGREGATE,1.0330059999999999
paging,q15,3,CONCAT,0.125652
paging,q15,3,CTE,0.02444
paging,q15,3,GPU_SCAN,4632.878097999999
paging,q15,3,HASH_GROUP_BY,21.741521000000006
paging,q15,3,HASH_JOIN,1.663336
paging,q15,3,MERGE_AGGREGATE,0.08596
paging,q15,3,MERGE_GROUP_BY,4.881298
paging,q15,3,MERGE_SORT,0.015917
paging,q15,3,ORDER_BY,0.280327
paging,q15,3,PARTITION,0.29423299999999997
paging,q15,3,PROJECTION,9.873937999999999
paging,q15,3,RESULT_COLLECTOR,0.250104
paging,q15,3,SORT_PARTITION,0.581482
paging,q15,3,SORT_SAMPLE,0.084667
paging,q15,3,UNGROUPED_AGGREGATE,0.973182
paging,q15,4,CONCAT,0.076751
paging,q15,4,CTE,0.023171
paging,q15,4,GPU_SCAN,4755.146897999998
paging,q15,4,HASH_GROUP_BY,24.6118
paging,q15,4,HASH_JOIN,2.262646
paging,q15,4,MERGE_AGGREGATE,0.050419
paging,q15,4,MERGE_GROUP_BY,4.858456
paging,q15,4,MERGE_SORT,0.014349
paging,q15,4,ORDER_BY,0.825947
paging,q15,4,PARTITION,0.340327
paging,q15,4,PROJECTION,18.445806
paging,q15,4,RESULT_COLLECTOR,0.175547
paging,q15,4,SORT_PARTITION,0.661211
paging,q15,4,SORT_SAMPLE,0.087424
paging,q15,4,UNGROUPED_AGGREGATE,0.789774
paging,q15,5,CONCAT,0.043613
paging,q15,5,CTE,0.006904
paging,q15,5,GPU_SCAN,4686.197126000001
paging,q15,5,HASH_GROUP_BY,23.230379
paging,q15,5,HASH_JOIN,1.660016
paging,q15,5,MERGE_AGGREGATE,0.047718
paging,q15,5,MERGE_GROUP_BY,4.831188
paging,q15,5,MERGE_SORT,0.017619
paging,q15,5,ORDER_BY,0.29989
paging,q15,5,PARTITION,0.3029599999999999
paging,q15,5,PROJECTION,7.570569000000001
paging,q15,5,RESULT_COLLECTOR,0.18268
paging,q15,5,SORT_PARTITION,0.718094
paging,q15,5,SORT_SAMPLE,0.088714
paging,q15,5,UNGROUPED_AGGREGATE,0.517582
paging,q15,6,CONCAT,0.043624
paging,q15,6,CTE,0.023568
paging,q15,6,GPU_SCAN,4755.969679999999
paging,q15,6,HASH_GROUP_BY,21.754513000000003
paging,q15,6,HASH_JOIN,1.898706
paging,q15,6,MERGE_AGGREGATE,0.074849
paging,q15,6,MERGE_GROUP_BY,5.194389
paging,q15,6,MERGE_SORT,0.011967
paging,q15,6,ORDER_BY,0.315854
paging,q15,6,PARTITION,0.301745
paging,q15,6,PROJECTION,12.249518
paging,q15,6,RESULT_COLLECTOR,0.16911
paging,q15,6,SORT_PARTITION,0.600134
paging,q15,6,SORT_SAMPLE,0.073003
paging,q15,6,UNGROUPED_AGGREGATE,0.582299
paging,q15,7,CONCAT,0.04771
paging,q15,7,CTE,0.006528
paging,q15,7,GPU_SCAN,4749.671623999999
paging,q15,7,HASH_GROUP_BY,22.934438000000004
paging,q15,7,HASH_JOIN,1.557342
paging,q15,7,MERGE_AGGREGATE,0.038695
paging,q15,7,MERGE_GROUP_BY,4.809487
paging,q15,7,MERGE_SORT,0.017284
paging,q15,7,ORDER_BY,0.287939
paging,q15,7,PARTITION,0.32204900000000003
paging,q15,7,PROJECTION,13.291804000000003
paging,q15,7,RESULT_COLLECTOR,0.134972
paging,q15,7,SORT_PARTITION,0.662135
paging,q15,7,SORT_SAMPLE,0.066051
paging,q15,7,UNGROUPED_AGGREGATE,0.716538
paging,q15,8,CONCAT,0.068934
paging,q15,8,CTE,0.007926
paging,q15,8,GPU_SCAN,4660.831013999999
paging,q15,8,HASH_GROUP_BY,20.985519999999998
paging,q15,8,HASH_JOIN,1.561067
paging,q15,8,MERGE_AGGREGATE,0.0375
paging,q15,8,MERGE_GROUP_BY,4.857781
paging,q15,8,MERGE_SORT,0.016961
paging,q15,8,ORDER_BY,0.283484
paging,q15,8,PARTITION,0.4096000000000001
paging,q15,8,PROJECTION,11.47632
paging,q15,8,RESULT_COLLECTOR,0.130559
paging,q15,8,SORT_PARTITION,1.026474
paging,q15,8,SORT_SAMPLE,0.080939
paging,q15,8,UNGROUPED_AGGREGATE,0.716974
paging,q15,9,CONCAT,0.036528
paging,q15,9,CTE,0.00927
paging,q15,9,GPU_SCAN,4659.568789
paging,q15,9,HASH_GROUP_BY,21.711419
paging,q15,9,HASH_JOIN,1.3746459999999998
paging,q15,9,MERGE_AGGREGATE,0.038429
paging,q15,9,MERGE_GROUP_BY,4.909874
paging,q15,9,MERGE_SORT,0.025887
paging,q15,9,ORDER_BY,0.262675
paging,q15,9,PARTITION,0.423491
paging,q15,9,PROJECTION,11.929113
paging,q15,9,RESULT_COLLECTOR,0.203652
paging,q15,9,SORT_PARTITION,0.647302
paging,q15,9,SORT_SAMPLE,0.074623
paging,q15,9,UNGROUPED_AGGREGATE,0.507004
paging,q15,10,CONCAT,0.042559
paging,q15,10,CTE,0.051333
paging,q15,10,GPU_SCAN,4643.387688000001
paging,q15,10,HASH_GROUP_BY,18.345939
paging,q15,10,HASH_JOIN,2.613647
paging,q15,10,MERGE_AGGREGATE,0.071713
paging,q15,10,MERGE_GROUP_BY,4.828613
paging,q15,10,MERGE_SORT,0.016801
paging,q15,10,ORDER_BY,0.778271
paging,q15,10,PARTITION,0.32839099999999993
paging,q15,10,PROJECTION,11.782995
paging,q15,10,RESULT_COLLECTOR,0.174007
paging,q15,10,SORT_PARTITION,0.601551
paging,q15,10,SORT_SAMPLE,0.070711
paging,q15,10,UNGROUPED_AGGREGATE,0.525539
paging,q16,1,CONCAT,0.392975
paging,q16,1,DYNAMIC_FILTER,1.12727
paging,q16,1,FILTER,6.372368
paging,q16,1,GPU_SCAN,185.937169
paging,q16,1,HASH_GROUP_BY,94.047106
paging,q16,1,HASH_JOIN,9.389937
paging,q16,1,MERGE_GROUP_BY,1.213995
paging,q16,1,MERGE_SORT,0.014183
paging,q16,1,ORDER_BY,2.677973
paging,q16,1,PARTITION,0.229767
paging,q16,1,PROJECTION,0.016166
paging,q16,1,RESULT_COLLECTOR,2.423403
paging,q16,1,SORT_PARTITION,0.010535
paging,q16,1,SORT_SAMPLE,0.016435
paging,q16,2,CONCAT,1.7621740000000001
paging,q16,2,DYNAMIC_FILTER,1.11735
paging,q16,2,FILTER,13.396389
paging,q16,2,GPU_SCAN,125.289442
paging,q16,2,HASH_GROUP_BY,81.642962
paging,q16,2,HASH_JOIN,9.14362
paging,q16,2,MERGE_GROUP_BY,0.952959
paging,q16,2,MERGE_SORT,0.010068
paging,q16,2,ORDER_BY,2.608099
paging,q16,2,PARTITION,0.20977
paging,q16,2,PROJECTION,0.016794
paging,q16,2,RESULT_COLLECTOR,1.133351
paging,q16,2,SORT_PARTITION,0.008065
paging,q16,2,SORT_SAMPLE,0.017806
paging,q16,3,CONCAT,1.7620769999999997
paging,q16,3,DYNAMIC_FILTER,1.116334
paging,q16,3,FILTER,12.572076
paging,q16,3,GPU_SCAN,125.12185099999999
paging,q16,3,HASH_GROUP_BY,81.88393
paging,q16,3,HASH_JOIN,8.494049
paging,q16,3,MERGE_GROUP_BY,0.388651
paging,q16,3,MERGE_SORT,0.060508
paging,q16,3,ORDER_BY,2.937307
paging,q16,3,PARTITION,0.20284999999999997
paging,q16,3,PROJECTION,0.01484
paging,q16,3,RESULT_COLLECTOR,0.786967
paging,q16,3,SORT_PARTITION,0.007516
paging,q16,3,SORT_SAMPLE,0.017107
paging,q16,4,CONCAT,1.7313910000000001
paging,q16,4,DYNAMIC_FILTER,1.111901
paging,q16,4,FILTER,12.96751
paging,q16,4,GPU_SCAN,125.75755199999999
paging,q16,4,HASH_GROUP_BY,82.653935
paging,q16,4,HASH_JOIN,8.572438
paging,q16,4,MERGE_GROUP_BY,0.943968
paging,q16,4,MERGE_SORT,0.031451
paging,q16,4,ORDER_BY,2.394909
paging,q16,4,PARTITION,0.14077
paging,q16,4,PROJECTION,0.014365
paging,q16,4,RESULT_COLLECTOR,1.082939
paging,q16,4,SORT_PARTITION,0.005731
paging,q16,4,SORT_SAMPLE,0.010229
paging,q16,5,CONCAT,1.8152119999999998
paging,q16,5,DYNAMIC_FILTER,1.145868
paging,q16,5,FILTER,15.85131
paging,q16,5,GPU_SCAN,130.961452
paging,q16,5,HASH_GROUP_BY,82.060814
paging,q16,5,HASH_JOIN,8.843287
paging,q16,5,MERGE_GROUP_BY,1.008447
paging,q16,5,MERGE_SORT,0.032743
paging,q16,5,ORDER_BY,2.448102
paging,q16,5,PARTITION,0.181729
paging,q16,5,PROJECTION,0.017105
paging,q16,5,RESULT_COLLECTOR,1.557909
paging,q16,5,SORT_PARTITION,0.011889
paging,q16,5,SORT_SAMPLE,0.015617
paging,q16,6,CONCAT,1.7430560000000002
paging,q16,6,DYNAMIC_FILTER,1.111439
paging,q16,6,FILTER,14.192289
paging,q16,6,GPU_SCAN,127.135563
paging,q16,6,HASH_GROUP_BY,81.25124
paging,q16,6,HASH_JOIN,8.836579
paging,q16,6,MERGE_GROUP_BY,0.995338
paging,q16,6,MERGE_SORT,0.027271
paging,q16,6,ORDER_BY,2.74079
paging,q16,6,PARTITION,0.213465
paging,q16,6,PROJECTION,0.015208
paging,q16,6,RESULT_COLLECTOR,1.027946
paging,q16,6,SORT_PARTITION,0.023273
paging,q16,6,SORT_SAMPLE,0.032373
paging,q16,7,CONCAT,1.833435
paging,q16,7,DYNAMIC_FILTER,1.131566
paging,q16,7,FILTER,18.340526999999998
paging,q16,7,GPU_SCAN,132.085964
paging,q16,7,HASH_GROUP_BY,81.809086
paging,q16,7,HASH_JOIN,8.712641000000001
paging,q16,7,MERGE_GROUP_BY,1.208775
paging,q16,7,MERGE_SORT,0.032028
paging,q16,7,ORDER_BY,2.681349
paging,q16,7,PARTITION,0.300691
paging,q16,7,PROJECTION,0.016602
paging,q16,7,RESULT_COLLECTOR,1.003819
paging,q16,7,SORT_PARTITION,0.014991
paging,q16,7,SORT_SAMPLE,0.026389
paging,q16,8,CONCAT,1.929961
paging,q16,8,DYNAMIC_FILTER,1.157145
paging,q16,8,FILTER,15.517902
paging,q16,8,GPU_SCAN,131.22986600000002
paging,q16,8,HASH_GROUP_BY,81.496549
paging,q16,8,HASH_JOIN,8.812404
paging,q16,8,MERGE_GROUP_BY,0.971031
paging,q16,8,MERGE_SORT,0.02302
paging,q16,8,ORDER_BY,2.477228
paging,q16,8,PARTITION,0.424428
paging,q16,8,PROJECTION,0.020176
paging,q16,8,RESULT_COLLECTOR,2.003084
paging,q16,8,SORT_PARTITION,0.013382
paging,q16,8,SORT_SAMPLE,0.039019
paging,q16,9,CONCAT,1.786455
paging,q16,9,DYNAMIC_FILTER,1.134365
paging,q16,9,FILTER,13.26781
paging,q16,9,GPU_SCAN,127.68605600000001
paging,q16,9,HASH_GROUP_BY,81.76819
paging,q16,9,HASH_JOIN,9.269865
paging,q16,9,MERGE_GROUP_BY,0.508277
paging,q16,9,MERGE_SORT,0.03378
paging,q16,9,ORDER_BY,2.414074
paging,q16,9,PARTITION,0.25137899999999996
paging,q16,9,PROJECTION,0.016732
paging,q16,9,RESULT_COLLECTOR,0.846881
paging,q16,9,SORT_PARTITION,0.00758
paging,q16,9,SORT_SAMPLE,0.01315
paging,q16,10,CONCAT,1.745226
paging,q16,10,DYNAMIC_FILTER,1.108836
paging,q16,10,FILTER,13.028799000000001
paging,q16,10,GPU_SCAN,126.26488199999999
paging,q16,10,HASH_GROUP_BY,81.90206
paging,q16,10,HASH_JOIN,8.653763000000001
paging,q16,10,MERGE_GROUP_BY,0.944435
paging,q16,10,MERGE_SORT,0.032256
paging,q16,10,ORDER_BY,2.464187
paging,q16,10,PARTITION,0.21145399999999998
paging,q16,10,PROJECTION,0.012979
paging,q16,10,RESULT_COLLECTOR,0.685633
paging,q16,10,SORT_PARTITION,0.008383
paging,q16,10,SORT_SAMPLE,0.013622
paging,q17,1,CONCAT,0.4443229999999999
paging,q17,1,DYNAMIC_FILTER,30.801306000000004
paging,q17,1,FILTER,0.122345
paging,q17,1,GPU_SCAN,6244.514024999999
paging,q17,1,HASH_GROUP_BY,10.710206000000001
paging,q17,1,HASH_JOIN,144.458104
paging,q17,1,LEFT_DELIM_JOIN,0.221281
paging,q17,1,MERGE_AGGREGATE,0.031958
paging,q17,1,MERGE_GROUP_BY,0.645888
paging,q17,1,PARTITION,0.682425
paging,q17,1,PROJECTION,0.6366829999999999
paging,q17,1,RESULT_COLLECTOR,0.091741
paging,q17,1,UNGROUPED_AGGREGATE,0.171064
paging,q17,2,CONCAT,0.5452300000000001
paging,q17,2,DYNAMIC_FILTER,27.472275000000003
paging,q17,2,FILTER,0.108274
paging,q17,2,GPU_SCAN,6135.404101000002
paging,q17,2,HASH_GROUP_BY,40.856788
paging,q17,2,HASH_JOIN,163.218808
paging,q17,2,LEFT_DELIM_JOIN,0.27636
paging,q17,2,MERGE_AGGREGATE,0.035313
paging,q17,2,MERGE_GROUP_BY,1.122644
paging,q17,2,PARTITION,1.0198270000000003
paging,q17,2,PROJECTION,0.5114839999999999
paging,q17,2,RESULT_COLLECTOR,0.095594
paging,q17,2,UNGROUPED_AGGREGATE,0.139014
paging,q17,3,CONCAT,0.5807219999999998
paging,q17,3,DYNAMIC_FILTER,33.34774
paging,q17,3,FILTER,0.306706
paging,q17,3,GPU_SCAN,6106.755303
paging,q17,3,HASH_GROUP_BY,13.923965
paging,q17,3,HASH_JOIN,180.618158
paging,q17,3,LEFT_DELIM_JOIN,0.226344
paging,q17,3,MERGE_AGGREGATE,0.032716
paging,q17,3,MERGE_GROUP_BY,0.507336
paging,q17,3,PARTITION,0.6720689999999999
paging,q17,3,PROJECTION,7.903451
paging,q17,3,RESULT_COLLECTOR,0.081291
paging,q17,3,UNGROUPED_AGGREGATE,0.4532
paging,q17,4,CONCAT,0.447904
paging,q17,4,DYNAMIC_FILTER,32.012875
paging,q17,4,FILTER,0.118241
paging,q17,4,GPU_SCAN,6100.365041000002
paging,q17,4,HASH_GROUP_BY,56.12492100000001
paging,q17,4,HASH_JOIN,163.488628
paging,q17,4,LEFT_DELIM_JOIN,0.325628
paging,q17,4,MERGE_AGGREGATE,0.031367
paging,q17,4,MERGE_GROUP_BY,0.580002
paging,q17,4,PARTITION,0.45560799999999996
paging,q17,4,PROJECTION,7.813398
paging,q17,4,RESULT_COLLECTOR,0.087466
paging,q17,4,UNGROUPED_AGGREGATE,0.161833
paging,q17,5,CONCAT,0.6211640000000002
paging,q17,5,DYNAMIC_FILTER,25.442590999999997
paging,q17,5,FILTER,0.12272
paging,q17,5,GPU_SCAN,6251.097897
paging,q17,5,HASH_GROUP_BY,54.40133599999999
paging,q17,5,HASH_JOIN,176.845972
paging,q17,5,LEFT_DELIM_JOIN,0.470344
paging,q17,5,MERGE_AGGREGATE,0.028074
paging,q17,5,MERGE_GROUP_BY,0.759916
paging,q17,5,PARTITION,0.7627490000000001
paging,q17,5,PROJECTION,7.918024
paging,q17,5,RESULT_COLLECTOR,0.12534
paging,q17,5,UNGROUPED_AGGREGATE,0.162779
paging,q17,6,CONCAT,0.404437
paging,q17,6,DYNAMIC_FILTER,27.704074000000006
paging,q17,6,FILTER,0.112774
paging,q17,6,GPU_SCAN,6114.374066
paging,q17,6,HASH_GROUP_BY,10.639289
paging,q17,6,HASH_JOIN,140.16217699999999
paging,q17,6,LEFT_DELIM_JOIN,0.205801
paging,q17,6,MERGE_AGGREGATE,0.022944
paging,q17,6,MERGE_GROUP_BY,0.502839
paging,q17,6,PARTITION,0.46529700000000007
paging,q17,6,PROJECTION,0.385477
paging,q17,6,RESULT_COLLECTOR,0.08552
paging,q17,6,UNGROUPED_AGGREGATE,0.147829
paging,q17,7,CONCAT,0.6680479999999999
paging,q17,7,DYNAMIC_FILTER,31.351333999999998
paging,q17,7,FILTER,0.316862
paging,q17,7,GPU_SCAN,6142.436972999999
paging,q17,7,HASH_GROUP_BY,42.175378
paging,q17,7,HASH_JOIN,170.495185
paging,q17,7,LEFT_DELIM_JOIN,0.225913
paging,q17,7,MERGE_AGGREGATE,0.031229
paging,q17,7,MERGE_GROUP_BY,0.5571699999999999
paging,q17,7,PARTITION,0.6930450000000001
paging,q17,7,PROJECTION,11.504394
paging,q17,7,RESULT_COLLECTOR,0.085147
paging,q17,7,UNGROUPED_AGGREGATE,0.473644
paging,q17,8,CONCAT,0.41496000000000005
paging,q17,8,DYNAMIC_FILTER,29.222790999999997
paging,q17,8,FILTER,0.144886
paging,q17,8,GPU_SCAN,6235.348893
paging,q17,8,HASH_GROUP_BY,77.884403
paging,q17,8,HASH_JOIN,130.157331
paging,q17,8,LEFT_DELIM_JOIN,0.235617
paging,q17,8,MERGE_AGGREGATE,0.012896
paging,q17,8,MERGE_GROUP_BY,0.554953
paging,q17,8,PARTITION,0.509332
paging,q17,8,PROJECTION,8.589236999999997
paging,q17,8,RESULT_COLLECTOR,0.090919
paging,q17,8,UNGROUPED_AGGREGATE,0.210441
paging,q17,9,CONCAT,0.50282
paging,q17,9,DYNAMIC_FILTER,31.774065999999998
paging,q17,9,FILTER,0.133456
paging,q17,9,GPU_SCAN,6081.253128000002
paging,q17,9,HASH_GROUP_BY,27.182550999999997
paging,q17,9,HASH_JOIN,150.07687
paging,q17,9,LEFT_DELIM_JOIN,0.220455
paging,q17,9,MERGE_AGGREGATE,0.033037
paging,q17,9,MERGE_GROUP_BY,0.658093
paging,q17,9,PARTITION,0.5784239999999999
paging,q17,9,PROJECTION,26.487890000000004
paging,q17,9,RESULT_COLLECTOR,0.106511
paging,q17,9,UNGROUPED_AGGREGATE,0.181805
paging,q17,10,CONCAT,0.29651299999999997
paging,q17,10,DYNAMIC_FILTER,24.132121000000005
paging,q17,10,FILTER,0.135783
paging,q17,10,GPU_SCAN,5993.180149
paging,q17,10,HASH_GROUP_BY,66.24233400000001
paging,q17,10,HASH_JOIN,165.138608
paging,q17,10,LEFT_DELIM_JOIN,0.152878
paging,q17,10,MERGE_AGGREGATE,0.02116
paging,q17,10,MERGE_GROUP_BY,0.824152
paging,q17,10,PARTITION,0.46442200000000006
paging,q17,10,PROJECTION,0.501572
paging,q17,10,RESULT_COLLECTOR,0.114672
paging,q17,10,UNGROUPED_AGGREGATE,0.194878
paging,q18,1,CONCAT,0.8279
paging,q18,1,DYNAMIC_FILTER,32.053546000000004
paging,q18,1,FILTER,7.347849
paging,q18,1,GPU_SCAN,3430.7597850000006
paging,q18,1,HASH_GROUP_BY,180.19671999999997
paging,q18,1,HASH_JOIN,4.345834
paging,q18,1,MERGE_GROUP_BY,307.436601
paging,q18,1,MERGE_SORT,0.694815
paging,q18,1,ORDER_BY,0.442903
paging,q18,1,PARTITION,86.25553000000002
paging,q18,1,PROJECTION,0.012083
paging,q18,1,RESULT_COLLECTOR,0.428915
paging,q18,1,SORT_PARTITION,0.555762
paging,q18,1,SORT_SAMPLE,0.039578
paging,q18,2,CONCAT,4.279732
paging,q18,2,DYNAMIC_FILTER,31.947475
paging,q18,2,FILTER,7.551445
paging,q18,2,GPU_SCAN,3104.7953569999995
paging,q18,2,HASH_GROUP_BY,268.896038
paging,q18,2,HASH_JOIN,4.425502
paging,q18,2,MERGE_GROUP_BY,309.17827100000005
paging,q18,2,MERGE_SORT,0.767031
paging,q18,2,ORDER_BY,0.422428
paging,q18,2,PARTITION,59.775712
paging,q18,2,PROJECTION,0.026367
paging,q18,2,RESULT_COLLECTOR,0.217804
paging,q18,2,SORT_PARTITION,0.794924
paging,q18,2,SORT_SAMPLE,0.065507
paging,q18,3,CONCAT,4.375577
paging,q18,3,DYNAMIC_FILTER,28.825208999999997
paging,q18,3,FILTER,7.666549
paging,q18,3,GPU_SCAN,3252.9978910000004
paging,q18,3,HASH_GROUP_BY,343.048048
paging,q18,3,HASH_JOIN,3.8954439999999995
paging,q18,3,MERGE_GROUP_BY,307.97129
paging,q18,3,MERGE_SORT,0.799327
paging,q18,3,ORDER_BY,0.343033
paging,q18,3,PARTITION,59.88757400000003
paging,q18,3,PROJECTION,0.011678
paging,q18,3,RESULT_COLLECTOR,0.15639
paging,q18,3,SORT_PARTITION,0.385018
paging,q18,3,SORT_SAMPLE,0.026667
paging,q18,4,CONCAT,4.426035000000001
paging,q18,4,DYNAMIC_FILTER,27.050051999999994
paging,q18,4,FILTER,7.231128
paging,q18,4,GPU_SCAN,3258.0570070000003
paging,q18,4,HASH_GROUP_BY,281.925557
paging,q18,4,HASH_JOIN,4.830435
paging,q18,4,MERGE_GROUP_BY,308.271753
paging,q18,4,MERGE_SORT,0.910132
paging,q18,4,ORDER_BY,0.472549
paging,q18,4,PARTITION,59.84458799999999
paging,q18,4,PROJECTION,0.044689
paging,q18,4,RESULT_COLLECTOR,0.34736
paging,q18,4,SORT_PARTITION,0.523927
paging,q18,4,SORT_SAMPLE,0.059188
paging,q18,5,CONCAT,4.427231
paging,q18,5,DYNAMIC_FILTER,33.608973999999996
paging,q18,5,FILTER,7.310167
paging,q18,5,GPU_SCAN,3359.812946
paging,q18,5,HASH_GROUP_BY,271.727482
paging,q18,5,HASH_JOIN,4.7962489999999995
paging,q18,5,MERGE_GROUP_BY,308.69599400000004
paging,q18,5,MERGE_SORT,1.069151
paging,q18,5,ORDER_BY,0.397338
paging,q18,5,PARTITION,60.517921
paging,q18,5,PROJECTION,0.043485
paging,q18,5,RESULT_COLLECTOR,0.250609
paging,q18,5,SORT_PARTITION,0.502811
paging,q18,5,SORT_SAMPLE,0.05353
paging,q18,6,CONCAT,4.587625000000001
paging,q18,6,DYNAMIC_FILTER,34.290871
paging,q18,6,FILTER,7.3870059999999995
paging,q18,6,GPU_SCAN,3354.072509
paging,q18,6,HASH_GROUP_BY,258.704895
paging,q18,6,HASH_JOIN,3.823512
paging,q18,6,MERGE_GROUP_BY,308.92589399999997
paging,q18,6,MERGE_SORT,0.783381
paging,q18,6,ORDER_BY,0.352082
paging,q18,6,PARTITION,59.584071000000016
paging,q18,6,PROJECTION,0.012091
paging,q18,6,RESULT_COLLECTOR,0.298247
paging,q18,6,SORT_PARTITION,0.406655
paging,q18,6,SORT_SAMPLE,0.026553
paging,q18,7,CONCAT,4.541015
paging,q18,7,DYNAMIC_FILTER,31.164686999999994
paging,q18,7,FILTER,7.667676
paging,q18,7,GPU_SCAN,3139.4347400000006
paging,q18,7,HASH_GROUP_BY,199.72049900000002
paging,q18,7,HASH_JOIN,4.751785
paging,q18,7,MERGE_GROUP_BY,309.576829
paging,q18,7,MERGE_SORT,0.885924
paging,q18,7,ORDER_BY,0.917678
paging,q18,7,PARTITION,60.19783699999999
paging,q18,7,PROJECTION,0.063099
paging,q18,7,RESULT_COLLECTOR,0.187347
paging,q18,7,SORT_PARTITION,0.521814
paging,q18,7,SORT_SAMPLE,0.099957
paging,q18,8,CONCAT,4.327302000000001
paging,q18,8,DYNAMIC_FILTER,32.602186
paging,q18,8,FILTER,7.221216
paging,q18,8,GPU_SCAN,3344.7967739999995
paging,q18,8,HASH_GROUP_BY,279.165908
paging,q18,8,HASH_JOIN,3.951996
paging,q18,8,MERGE_GROUP_BY,309.083394
paging,q18,8,MERGE_SORT,0.856356
paging,q18,8,ORDER_BY,0.390453
paging,q18,8,PARTITION,59.223346000000014
paging,q18,8,PROJECTION,0.015082
paging,q18,8,RESULT_COLLECTOR,0.404744
paging,q18,8,SORT_PARTITION,0.530938
paging,q18,8,SORT_SAMPLE,0.114014
paging,q18,9,CONCAT,5.039686
paging,q18,9,DYNAMIC_FILTER,29.658506
paging,q18,9,FILTER,7.204428
paging,q18,9,GPU_SCAN,3114.3314419999997
paging,q18,9,HASH_GROUP_BY,215.27732600000004
paging,q18,9,HASH_JOIN,4.3735040000000005
paging,q18,9,MERGE_GROUP_BY,309.043594
paging,q18,9,MERGE_SORT,0.903983
paging,q18,9,ORDER_BY,0.517737
paging,q18,9,PARTITION,60.12752799999999
paging,q18,9,PROJECTION,0.015705
paging,q18,9,RESULT_COLLECTOR,0.399242
paging,q18,9,SORT_PARTITION,0.466021
paging,q18,9,SORT_SAMPLE,0.044755
paging,q18,10,CONCAT,4.311666
paging,q18,10,DYNAMIC_FILTER,30.33434
paging,q18,10,FILTER,7.473186
paging,q18,10,GPU_SCAN,3097.3794470000003
paging,q18,10,HASH_GROUP_BY,273.945265
paging,q18,10,HASH_JOIN,4.5600439999999995
paging,q18,10,MERGE_GROUP_BY,308.929058
paging,q18,10,MERGE_SORT,0.719316
paging,q18,10,ORDER_BY,0.385914
paging,q18,10,PARTITION,60.891768000000006
paging,q18,10,PROJECTION,0.037889
paging,q18,10,RESULT_COLLECTOR,0.148083
paging,q18,10,SORT_PARTITION,0.427023
paging,q18,10,SORT_SAMPLE,0.04855
paging,q19,1,CONCAT,3.537482
paging,q19,1,DYNAMIC_FILTER,3.719214
paging,q19,1,FILTER,31.734981000000005
paging,q19,1,GPU_SCAN,4854.635088
paging,q19,1,HASH_JOIN,21.419933
paging,q19,1,MERGE_AGGREGATE,0.057292
paging,q19,1,PARTITION,0.42984700000000003
paging,q19,1,PROJECTION,0.080376
paging,q19,1,RESULT_COLLECTOR,0.17283
paging,q19,1,UNGROUPED_AGGREGATE,0.156443
paging,q19,2,CONCAT,3.581478
paging,q19,2,DYNAMIC_FILTER,3.722747
paging,q19,2,FILTER,31.650831999999998
paging,q19,2,GPU_SCAN,4908.918112
paging,q19,2,HASH_JOIN,21.35287
paging,q19,2,MERGE_AGGREGATE,0.05799
paging,q19,2,PARTITION,0.33476999999999996
paging,q19,2,PROJECTION,0.079833
paging,q19,2,RESULT_COLLECTOR,0.24014
paging,q19,2,UNGROUPED_AGGREGATE,0.147062
paging,q19,3,CONCAT,3.661784
paging,q19,3,DYNAMIC_FILTER,3.737769
paging,q19,3,FILTER,32.881566
paging,q19,3,GPU_SCAN,4857.927323
paging,q19,3,HASH_JOIN,21.304423
paging,q19,3,MERGE_AGGREGATE,0.019124
paging,q19,3,PARTITION,0.435911
paging,q19,3,PROJECTION,0.075449
paging,q19,3,RESULT_COLLECTOR,0.207199
paging,q19,3,UNGROUPED_AGGREGATE,0.138159
paging,q19,4,CONCAT,3.59132
paging,q19,4,DYNAMIC_FILTER,3.714716
paging,q19,4,FILTER,33.160875
paging,q19,4,GPU_SCAN,4985.419138
paging,q19,4,HASH_JOIN,21.176011
paging,q19,4,MERGE_AGGREGATE,0.007634
paging,q19,4,PARTITION,0.5592690000000001
paging,q19,4,PROJECTION,0.080943
paging,q19,4,RESULT_COLLECTOR,0.207792
paging,q19,4,UNGROUPED_AGGREGATE,0.159755
paging,q19,5,CONCAT,3.618233
paging,q19,5,DYNAMIC_FILTER,3.754798
paging,q19,5,FILTER,34.9276
paging,q19,5,GPU_SCAN,4957.303744000001
paging,q19,5,HASH_JOIN,21.454794
paging,q19,5,MERGE_AGGREGATE,0.07096
paging,q19,5,PARTITION,0.4868940000000001
paging,q19,5,PROJECTION,0.08802
paging,q19,5,RESULT_COLLECTOR,0.230406
paging,q19,5,UNGROUPED_AGGREGATE,0.16603
paging,q19,6,CONCAT,3.795789
paging,q19,6,DYNAMIC_FILTER,3.736034
paging,q19,6,FILTER,32.644397999999995
paging,q19,6,GPU_SCAN,4932.336188
paging,q19,6,HASH_JOIN,21.228293
paging,q19,6,MERGE_AGGREGATE,0.058287
paging,q19,6,PARTITION,0.846265
paging,q19,6,PROJECTION,0.082228
paging,q19,6,RESULT_COLLECTOR,0.210221
paging,q19,6,UNGROUPED_AGGREGATE,0.155089
paging,q19,7,CONCAT,3.620617
paging,q19,7,DYNAMIC_FILTER,3.80031
paging,q19,7,FILTER,31.504414999999998
paging,q19,7,GPU_SCAN,4917.963787000001
paging,q19,7,HASH_JOIN,21.481092
paging,q19,7,MERGE_AGGREGATE,0.035238
paging,q19,7,PARTITION,0.542479
paging,q19,7,PROJECTION,0.10054
paging,q19,7,RESULT_COLLECTOR,0.307389
paging,q19,7,UNGROUPED_AGGREGATE,0.19361
paging,q19,8,CONCAT,3.778264
paging,q19,8,DYNAMIC_FILTER,3.793282
paging,q19,8,FILTER,34.03756
paging,q19,8,GPU_SCAN,4850.626293000001
paging,q19,8,HASH_JOIN,21.53429
paging,q19,8,MERGE_AGGREGATE,0.036165
paging,q19,8,PARTITION,0.673424
paging,q19,8,PROJECTION,0.123797
paging,q19,8,RESULT_COLLECTOR,0.298022
paging,q19,8,UNGROUPED_AGGREGATE,0.201036
paging,q19,9,CONCAT,3.606579
paging,q19,9,DYNAMIC_FILTER,3.740138
paging,q19,9,FILTER,35.730468
paging,q19,9,GPU_SCAN,4873.193423000001
paging,q19,9,HASH_JOIN,21.404622
paging,q19,9,MERGE_AGGREGATE,0.058979
paging,q19,9,PARTITION,0.3816329999999999
paging,q19,9,PROJECTION,0.084438
paging,q19,9,RESULT_COLLECTOR,0.214946
paging,q19,9,UNGROUPED_AGGREGATE,0.162979
paging,q19,10,CONCAT,3.9624240000000004
paging,q19,10,DYNAMIC_FILTER,3.719631
paging,q19,10,FILTER,33.39454200000001
paging,q19,10,GPU_SCAN,4823.918906999999
paging,q19,10,HASH_JOIN,21.498411
paging,q19,10,MERGE_AGGREGATE,0.006599
paging,q19,10,PARTITION,0.38852899999999996
paging,q19,10,PROJECTION,0.084599
paging,q19,10,RESULT_COLLECTOR,0.204798
paging,q19,10,UNGROUPED_AGGREGATE,0.150902
paging,q20,1,CONCAT,0.485763
paging,q20,1,DYNAMIC_FILTER,6.948498
paging,q20,1,FILTER,0.303368
paging,q20,1,GPU_SCAN,4103.843231
paging,q20,1,HASH_GROUP_BY,0.684058
paging,q20,1,HASH_JOIN,2.377095
paging,q20,1,LEFT_DELIM_JOIN,0.421907
paging,q20,1,MERGE_GROUP_BY,0.02744
paging,q20,1,MERGE_SORT,2.786593
paging,q20,1,ORDER_BY,3.389975
paging,q20,1,PARTITION,0.263501
paging,q20,1,PROJECTION,0.131383
paging,q20,1,RESULT_COLLECTOR,0.383256
paging,q20,1,SORT_PARTITION,0.870905
paging,q20,1,SORT_SAMPLE,0.081998
paging,q20,2,CONCAT,0.6658390000000001
paging,q20,2,DYNAMIC_FILTER,8.533836999999998
paging,q20,2,FILTER,0.240459
paging,q20,2,GPU_SCAN,3987.1322800000003
paging,q20,2,HASH_GROUP_BY,0.735477
paging,q20,2,HASH_JOIN,4.239743
paging,q20,2,LEFT_DELIM_JOIN,0.630747
paging,q20,2,MERGE_GROUP_BY,0.042087
paging,q20,2,MERGE_SORT,1.279636
paging,q20,2,ORDER_BY,3.451149
paging,q20,2,PARTITION,0.5130229999999999
paging,q20,2,PROJECTION,0.139976
paging,q20,2,RESULT_COLLECTOR,0.645353
paging,q20,2,SORT_PARTITION,2.278657
paging,q20,2,SORT_SAMPLE,0.512879
paging,q20,3,CONCAT,0.7452349999999999
paging,q20,3,DYNAMIC_FILTER,7.680084999999999
paging,q20,3,FILTER,0.210938
paging,q20,3,GPU_SCAN,4022.378587999999
paging,q20,3,HASH_GROUP_BY,0.756969
paging,q20,3,HASH_JOIN,4.049313000000001
paging,q20,3,LEFT_DELIM_JOIN,0.710433
paging,q20,3,MERGE_GROUP_BY,0.116893
paging,q20,3,MERGE_SORT,2.68751
paging,q20,3,ORDER_BY,3.419979
paging,q20,3,PARTITION,0.388414
paging,q20,3,PROJECTION,0.120815
paging,q20,3,RESULT_COLLECTOR,0.760549
paging,q20,3,SORT_PARTITION,2.135735
paging,q20,3,SORT_SAMPLE,0.445039
paging,q20,4,CONCAT,0.9003700000000001
paging,q20,4,DYNAMIC_FILTER,9.81604
paging,q20,4,FILTER,0.231922
paging,q20,4,GPU_SCAN,4004.142825
paging,q20,4,HASH_GROUP_BY,0.746331
paging,q20,4,HASH_JOIN,4.0219450000000005
paging,q20,4,LEFT_DELIM_JOIN,0.658396
paging,q20,4,MERGE_GROUP_BY,0.031356999999999996
paging,q20,4,MERGE_SORT,2.385295
paging,q20,4,ORDER_BY,3.426194
paging,q20,4,PARTITION,0.42516199999999993
paging,q20,4,PROJECTION,0.13209300000000002
paging,q20,4,RESULT_COLLECTOR,0.650451
paging,q20,4,SORT_PARTITION,1.568175
paging,q20,4,SORT_SAMPLE,0.305146
paging,q20,5,CONCAT,1.3559119999999998
paging,q20,5,DYNAMIC_FILTER,6.029006000000001
paging,q20,5,FILTER,0.223095
paging,q20,5,GPU_SCAN,4029.5376829999996
paging,q20,5,HASH_GROUP_BY,0.727446
paging,q20,5,HASH_JOIN,4.011518
paging,q20,5,LEFT_DELIM_JOIN,0.645555
paging,q20,5,MERGE_GROUP_BY,0.042322
paging,q20,5,MERGE_SORT,3.363904
paging,q20,5,ORDER_BY,3.392433
paging,q20,5,PARTITION,0.423364
paging,q20,5,PROJECTION,0.164104
paging,q20,5,RESULT_COLLECTOR,0.805053
paging,q20,5,SORT_PARTITION,2.394727
paging,q20,5,SORT_SAMPLE,0.459338
paging,q20,6,CONCAT,0.566515
paging,q20,6,DYNAMIC_FILTER,6.777233
paging,q20,6,FILTER,0.216808
paging,q20,6,GPU_SCAN,4025.305784
paging,q20,6,HASH_GROUP_BY,0.6969
paging,q20,6,HASH_JOIN,3.7119630000000003
paging,q20,6,LEFT_DELIM_JOIN,0.662658
paging,q20,6,MERGE_GROUP_BY,0.043165
paging,q20,6,MERGE_SORT,2.685637
paging,q20,6,ORDER_BY,3.390867
paging,q20,6,PARTITION,0.34089499999999995
paging,q20,6,PROJECTION,0.112949
paging,q20,6,RESULT_COLLECTOR,0.442284
paging,q20,6,SORT_PARTITION,0.723879
paging,q20,6,SORT_SAMPLE,0.084509
paging,q20,7,CONCAT,0.856958
paging,q20,7,DYNAMIC_FILTER,7.411326000000002
paging,q20,7,FILTER,0.23194
paging,q20,7,GPU_SCAN,4019.675779
paging,q20,7,HASH_GROUP_BY,0.755768
paging,q20,7,HASH_JOIN,4.176456
paging,q20,7,LEFT_DELIM_JOIN,0.726641
paging,q20,7,MERGE_GROUP_BY,0.091111
paging,q20,7,MERGE_SORT,2.932461
paging,q20,7,ORDER_BY,3.428807
paging,q20,7,PARTITION,0.43303500000000006
paging,q20,7,PROJECTION,0.138972
paging,q20,7,RESULT_COLLECTOR,0.587492
paging,q20,7,SORT_PARTITION,0.799897
paging,q20,7,SORT_SAMPLE,0.108101
paging,q20,8,CONCAT,0.811974
paging,q20,8,DYNAMIC_FILTER,10.261455000000002
paging,q20,8,FILTER,0.242039
paging,q20,8,GPU_SCAN,3993.029511
paging,q20,8,HASH_GROUP_BY,0.80263
paging,q20,8,HASH_JOIN,4.231597
paging,q20,8,LEFT_DELIM_JOIN,0.697519
paging,q20,8,MERGE_GROUP_BY,0.077927
paging,q20,8,MERGE_SORT,2.247316
paging,q20,8,ORDER_BY,3.432503
paging,q20,8,PARTITION,0.5877190000000001
paging,q20,8,PROJECTION,0.141765
paging,q20,8,RESULT_COLLECTOR,0.664856
paging,q20,8,SORT_PARTITION,0.935221
paging,q20,8,SORT_SAMPLE,0.091386
paging,q20,9,CONCAT,1.0608239999999998
paging,q20,9,DYNAMIC_FILTER,8.990258
paging,q20,9,FILTER,0.272576
paging,q20,9,GPU_SCAN,3997.950962
paging,q20,9,HASH_GROUP_BY,0.850688
paging,q20,9,HASH_JOIN,4.818304
paging,q20,9,LEFT_DELIM_JOIN,0.48413
paging,q20,9,MERGE_GROUP_BY,0.08536200000000001
paging,q20,9,MERGE_SORT,2.473582
paging,q20,9,ORDER_BY,3.457971
paging,q20,9,PARTITION,0.646263
paging,q20,9,PROJECTION,0.236267
paging,q20,9,RESULT_COLLECTOR,0.514255
paging,q20,9,SORT_PARTITION,1.467848
paging,q20,9,SORT_SAMPLE,0.23151
paging,q20,10,CONCAT,0.663274
paging,q20,10,DYNAMIC_FILTER,9.176629
paging,q20,10,FILTER,0.207645
paging,q20,10,GPU_SCAN,3949.0673300000003
paging,q20,10,HASH_GROUP_BY,0.744062
paging,q20,10,HASH_JOIN,3.7050199999999998
paging,q20,10,LEFT_DELIM_JOIN,0.592835
paging,q20,10,MERGE_GROUP_BY,0.036086
paging,q20,10,MERGE_SORT,1.353002
paging,q20,10,ORDER_BY,3.391434
paging,q20,10,PARTITION,0.30082
paging,q20,10,PROJECTION,0.117549
paging,q20,10,RESULT_COLLECTOR,0.344865
paging,q20,10,SORT_PARTITION,1.090389
paging,q20,10,SORT_SAMPLE,0.141272
paging,q21,1,CONCAT,84.15813899999999
paging,q21,1,DYNAMIC_FILTER,69.56025399999999
paging,q21,1,FILTER,122.35924599999998
paging,q21,1,GPU_SCAN,11005.654262
paging,q21,1,HASH_GROUP_BY,32.860835
paging,q21,1,HASH_JOIN,1284.1679929999998
paging,q21,1,MERGE_GROUP_BY,5.879201
paging,q21,1,MERGE_SORT,7.945195
paging,q21,1,ORDER_BY,8.083137
paging,q21,1,PARTITION,0.657074
paging,q21,1,PROJECTION,1.5214539999999999
paging,q21,1,RESULT_COLLECTOR,2.32384
paging,q21,1,RIGHT_DELIM_JOIN,35.337646
paging,q21,1,SORT_PARTITION,4.799767
paging,q21,1,SORT_SAMPLE,0.41547
paging,q21,2,CONCAT,71.631904
paging,q21,2,DYNAMIC_FILTER,59.827967000000015
paging,q21,2,FILTER,71.17025600000001
paging,q21,2,GPU_SCAN,10043.017145000003
paging,q21,2,HASH_GROUP_BY,1.063423
paging,q21,2,HASH_JOIN,1183.2813859999999
paging,q21,2,MERGE_GROUP_BY,5.972838
paging,q21,2,MERGE_SORT,0.528193
paging,q21,2,ORDER_BY,2.134042
paging,q21,2,PARTITION,0.805569
paging,q21,2,PROJECTION,0.803103
paging,q21,2,RESULT_COLLECTOR,0.406502
paging,q21,2,RIGHT_DELIM_JOIN,12.666739
paging,q21,2,SORT_PARTITION,0.230465
paging,q21,2,SORT_SAMPLE,0.079422
paging,q21,3,CONCAT,92.45052299999999
paging,q21,3,DYNAMIC_FILTER,77.27086999999999
paging,q21,3,FILTER,70.146373
paging,q21,3,GPU_SCAN,9884.350011999999
paging,q21,3,HASH_GROUP_BY,1.17766
paging,q21,3,HASH_JOIN,1267.3910560000002
paging,q21,3,MERGE_GROUP_BY,5.91739
paging,q21,3,MERGE_SORT,1.233676
paging,q21,3,ORDER_BY,2.181296
paging,q21,3,PARTITION,0.9072460000000002
paging,q21,3,PROJECTION,0.92059
paging,q21,3,RESULT_COLLECTOR,1.660092
paging,q21,3,RIGHT_DELIM_JOIN,13.148523
paging,q21,3,SORT_PARTITION,0.235769
paging,q21,3,SORT_SAMPLE,0.08842
paging,q21,4,CONCAT,71.022702
paging,q21,4,DYNAMIC_FILTER,65.413482
paging,q21,4,FILTER,70.62989999999999
paging,q21,4,GPU_SCAN,9887.890261000004
paging,q21,4,HASH_GROUP_BY,1.241525
paging,q21,4,HASH_JOIN,1343.2769689999998
paging,q21,4,MERGE_GROUP_BY,5.844299
paging,q21,4,MERGE_SORT,1.256638
paging,q21,4,ORDER_BY,2.145624
paging,q21,4,PARTITION,0.9393309999999997
paging,q21,4,PROJECTION,0.487004
paging,q21,4,RESULT_COLLECTOR,0.489999
paging,q21,4,RIGHT_DELIM_JOIN,12.15334
paging,q21,4,SORT_PARTITION,0.220644
paging,q21,4,SORT_SAMPLE,0.076139
paging,q21,5,CONCAT,70.58949200000002
paging,q21,5,DYNAMIC_FILTER,62.79572799999999
paging,q21,5,FILTER,69.22239300000001
paging,q21,5,GPU_SCAN,9679.634688999997
paging,q21,5,HASH_GROUP_BY,1.179031
paging,q21,5,HASH_JOIN,1399.5235189999999
paging,q21,5,MERGE_GROUP_BY,6.1082980000000004
paging,q21,5,MERGE_SORT,0.546574
paging,q21,5,ORDER_BY,2.133249
paging,q21,5,PARTITION,0.657597
paging,q21,5,PROJECTION,0.919942
paging,q21,5,RESULT_COLLECTOR,0.418428
paging,q21,5,RIGHT_DELIM_JOIN,12.990651
paging,q21,5,SORT_PARTITION,0.244269
paging,q21,5,SORT_SAMPLE,0.081599
paging,q21,6,CONCAT,104.18077600000001
paging,q21,6,DYNAMIC_FILTER,83.14450199999997
paging,q21,6,FILTER,76.01645500000001
paging,q21,6,GPU_SCAN,10389.195408999998
paging,q21,6,HASH_GROUP_BY,1.521066
paging,q21,6,HASH_JOIN,1420.753638
paging,q21,6,MERGE_GROUP_BY,5.688536
paging,q21,6,MERGE_SORT,0.534312
paging,q21,6,ORDER_BY,2.161317
paging,q21,6,PARTITION,0.9594190000000001
paging,q21,6,PROJECTION,0.8927140000000001
paging,q21,6,RESULT_COLLECTOR,1.369399
paging,q21,6,RIGHT_DELIM_JOIN,14.886267
paging,q21,6,SORT_PARTITION,0.2414
paging,q21,6,SORT_SAMPLE,0.109635
paging,q21,7,CONCAT,111.45207500000001
paging,q21,7,DYNAMIC_FILTER,67.546281
paging,q21,7,FILTER,82.688865
paging,q21,7,GPU_SCAN,10055.007046000002
paging,q21,7,HASH_GROUP_BY,1.132877
paging,q21,7,HASH_JOIN,1331.925066
paging,q21,7,MERGE_GROUP_BY,5.551202
paging,q21,7,MERGE_SORT,0.470155
paging,q21,7,ORDER_BY,2.171896
paging,q21,7,PARTITION,0.7169409999999999
paging,q21,7,PROJECTION,0.897276
paging,q21,7,RESULT_COLLECTOR,0.415145
paging,q21,7,RIGHT_DELIM_JOIN,12.482263999999999
paging,q21,7,SORT_PARTITION,0.236243
paging,q21,7,SORT_SAMPLE,0.084814
paging,q21,8,CONCAT,133.639957
paging,q21,8,DYNAMIC_FILTER,66.91487199999999
paging,q21,8,FILTER,71.757088
paging,q21,8,GPU_SCAN,10019.768992
paging,q21,8,HASH_GROUP_BY,1.200621
paging,q21,8,HASH_JOIN,1343.6761029999998
paging,q21,8,MERGE_GROUP_BY,6.029368000000001
paging,q21,8,MERGE_SORT,1.25518
paging,q21,8,ORDER_BY,2.231755
paging,q21,8,PARTITION,1.0223840000000002
paging,q21,8,PROJECTION,0.8220669999999999
paging,q21,8,RESULT_COLLECTOR,0.901645
paging,q21,8,RIGHT_DELIM_JOIN,15.405626000000002
paging,q21,8,SORT_PARTITION,0.254398
paging,q21,8,SORT_SAMPLE,0.098576
paging,q21,9,CONCAT,105.390287
paging,q21,9,DYNAMIC_FILTER,69.00669999999998
paging,q21,9,FILTER,131.88790600000002
paging,q21,9,GPU_SCAN,10166.106931999997
paging,q21,9,HASH_GROUP_BY,1.362815
paging,q21,9,HASH_JOIN,1351.6627219999998
paging,q21,9,MERGE_GROUP_BY,6.013098
paging,q21,9,MERGE_SORT,0.642001
paging,q21,9,ORDER_BY,2.225925
paging,q21,9,PARTITION,1.232399
paging,q21,9,PROJECTION,1.7583499999999999
paging,q21,9,RESULT_COLLECTOR,0.481156
paging,q21,9,RIGHT_DELIM_JOIN,15.669841000000002
paging,q21,9,SORT_PARTITION,0.283944
paging,q21,9,SORT_SAMPLE,0.116621
paging,q21,10,CONCAT,85.37890300000001
paging,q21,10,DYNAMIC_FILTER,68.21103700000002
paging,q21,10,FILTER,130.374227
paging,q21,10,GPU_SCAN,10107.816779999997
paging,q21,10,HASH_GROUP_BY,1.213669
paging,q21,10,HASH_JOIN,1345.6689310000002
paging,q21,10,MERGE_GROUP_BY,5.740023000000001
paging,q21,10,MERGE_SORT,0.527101
paging,q21,10,ORDER_BY,2.173893
paging,q21,10,PARTITION,0.8206339999999995
paging,q21,10,PROJECTION,0.9387150000000001
paging,q21,10,RESULT_COLLECTOR,0.419203
paging,q21,10,RIGHT_DELIM_JOIN,12.044955
paging,q21,10,SORT_PARTITION,0.247901
paging,q21,10,SORT_SAMPLE,0.094113
paging,q22,1,CONCAT,0.12230999999999999
paging,q22,1,GPU_SCAN,306.590246
paging,q22,1,HASH_GROUP_BY,0.520752
paging,q22,1,HASH_JOIN,29.484420999999998
paging,q22,1,MERGE_AGGREGATE,5.271812
paging,q22,1,MERGE_GROUP_BY,0.049108
paging,q22,1,MERGE_SORT,0.006202
paging,q22,1,NESTED_LOOP_JOIN,7.028769
paging,q22,1,ORDER_BY,0.56373
paging,q22,1,PARTITION,0.10248099999999999
paging,q22,1,PROJECTION,2.868772
paging,q22,1,RESULT_COLLECTOR,0.480244
paging,q22,1,RIGHT_DELIM_JOIN,0.750843
paging,q22,1,SORT_PARTITION,0.006885
paging,q22,1,SORT_SAMPLE,0.013352
paging,q22,1,UNGROUPED_AGGREGATE,7.982991999999999
paging,q22,2,CONCAT,2.8492010000000003
paging,q22,2,GPU_SCAN,45.339093
paging,q22,2,HASH_GROUP_BY,0.495889
paging,q22,2,HASH_JOIN,27.962079000000003
paging,q22,2,MERGE_AGGREGATE,0.277525
paging,q22,2,MERGE_GROUP_BY,0.018017
paging,q22,2,MERGE_SORT,0.010041
paging,q22,2,NESTED_LOOP_JOIN,0.859096
paging,q22,2,ORDER_BY,0.535663
paging,q22,2,PARTITION,0.170462
paging,q22,2,PROJECTION,0.373643
paging,q22,2,RESULT_COLLECTOR,0.104548
paging,q22,2,RIGHT_DELIM_JOIN,0.664292
paging,q22,2,SORT_PARTITION,0.005248
paging,q22,2,SORT_SAMPLE,0.008659
paging,q22,2,UNGROUPED_AGGREGATE,3.3738739999999994
paging,q22,3,CONCAT,2.90401
paging,q22,3,GPU_SCAN,40.654219999999995
paging,q22,3,HASH_GROUP_BY,0.672955
paging,q22,3,HASH_JOIN,28.017457
paging,q22,3,MERGE_AGGREGATE,0.29336199999999996
paging,q22,3,MERGE_GROUP_BY,0.058664
paging,q22,3,MERGE_SORT,0.038472
paging,q22,3,NESTED_LOOP_JOIN,0.87483
paging,q22,3,ORDER_BY,0.624838
paging,q22,3,PARTITION,0.253993
paging,q22,3,PROJECTION,0.7993939999999999
paging,q22,3,RESULT_COLLECTOR,0.166496
paging,q22,3,RIGHT_DELIM_JOIN,0.642163
paging,q22,3,SORT_PARTITION,0.00506
paging,q22,3,SORT_SAMPLE,0.008364
paging,q22,3,UNGROUPED_AGGREGATE,3.871557
paging,q22,4,CONCAT,2.849802
paging,q22,4,GPU_SCAN,39.21773000000001
paging,q22,4,HASH_GROUP_BY,0.538531
paging,q22,4,HASH_JOIN,27.904141
paging,q22,4,MERGE_AGGREGATE,0.247336
paging,q22,4,MERGE_GROUP_BY,0.047235
paging,q22,4,MERGE_SORT,0.044651
paging,q22,4,NESTED_LOOP_JOIN,0.836829
paging,q22,4,ORDER_BY,0.53126
paging,q22,4,PARTITION,0.271446
paging,q22,4,PROJECTION,0.637168
paging,q22,4,RESULT_COLLECTOR,0.257418
paging,q22,4,RIGHT_DELIM_JOIN,0.654559
paging,q22,4,SORT_PARTITION,0.004734
paging,q22,4,SORT_SAMPLE,0.008013
paging,q22,4,UNGROUPED_AGGREGATE,3.17216
paging,q22,5,CONCAT,2.8572859999999998
paging,q22,5,GPU_SCAN,37.999641000000004
paging,q22,5,HASH_GROUP_BY,0.648058
paging,q22,5,HASH_JOIN,27.781069
paging,q22,5,MERGE_AGGREGATE,0.256392
paging,q22,5,MERGE_GROUP_BY,0.061083
paging,q22,5,MERGE_SORT,0.006799
paging,q22,5,NESTED_LOOP_JOIN,0.857621
paging,q22,5,ORDER_BY,0.572738
paging,q22,5,PARTITION,0.20305099999999998
paging,q22,5,PROJECTION,0.446326
paging,q22,5,RESULT_COLLECTOR,0.229347
paging,q22,5,RIGHT_DELIM_JOIN,0.634063
paging,q22,5,SORT_PARTITION,0.006913
paging,q22,5,SORT_SAMPLE,0.010457
paging,q22,5,UNGROUPED_AGGREGATE,3.224932
paging,q22,6,CONCAT,2.824913
paging,q22,6,GPU_SCAN,37.976844
paging,q22,6,HASH_GROUP_BY,0.547508
paging,q22,6,HASH_JOIN,27.693673
paging,q22,6,MERGE_AGGREGATE,0.225403
paging,q22,6,MERGE_GROUP_BY,0.036207
paging,q22,6,MERGE_SORT,0.006142
paging,q22,6,NESTED_LOOP_JOIN,0.841726
paging,q22,6,ORDER_BY,0.745504
paging,q22,6,PARTITION,0.260875
paging,q22,6,PROJECTION,0.350711
paging,q22,6,RESULT_COLLECTOR,0.251268
paging,q22,6,RIGHT_DELIM_JOIN,0.622142
paging,q22,6,SORT_PARTITION,0.004733
paging,q22,6,SORT_SAMPLE,0.007659
paging,q22,6,UNGROUPED_AGGREGATE,2.9294900000000004
paging,q22,7,CONCAT,2.848831
paging,q22,7,GPU_SCAN,42.83744300000001
paging,q22,7,HASH_GROUP_BY,0.743811
paging,q22,7,HASH_JOIN,28.05417
paging,q22,7,MERGE_AGGREGATE,0.251024
paging,q22,7,MERGE_GROUP_BY,0.014794999999999999
paging,q22,7,MERGE_SORT,0.007184
paging,q22,7,NESTED_LOOP_JOIN,0.843271
paging,q22,7,ORDER_BY,0.563996
paging,q22,7,PARTITION,0.224853
paging,q22,7,PROJECTION,0.796244
paging,q22,7,RESULT_COLLECTOR,0.108223
paging,q22,7,RIGHT_DELIM_JOIN,0.645036
paging,q22,7,SORT_PARTITION,0.007914
paging,q22,7,SORT_SAMPLE,0.016274
paging,q22,7,UNGROUPED_AGGREGATE,3.322791
paging,q22,8,CONCAT,2.9750389999999998
paging,q22,8,GPU_SCAN,52.63708599999998
paging,q22,8,HASH_GROUP_BY,0.590953
paging,q22,8,HASH_JOIN,28.347082
paging,q22,8,MERGE_AGGREGATE,0.36626699999999995
paging,q22,8,MERGE_GROUP_BY,0.145555
paging,q22,8,MERGE_SORT,0.012583
paging,q22,8,NESTED_LOOP_JOIN,0.991848
paging,q22,8,ORDER_BY,0.318394
paging,q22,8,PARTITION,0.35856400000000005
paging,q22,8,PROJECTION,0.824533
paging,q22,8,RESULT_COLLECTOR,0.321545
paging,q22,8,RIGHT_DELIM_JOIN,0.698468
paging,q22,8,SORT_PARTITION,0.007847
paging,q22,8,SORT_SAMPLE,0.013067
paging,q22,8,UNGROUPED_AGGREGATE,5.989377999999999
paging,q22,9,CONCAT,2.9994769999999997
paging,q22,9,GPU_SCAN,49.641623
paging,q22,9,HASH_GROUP_BY,0.89508
paging,q22,9,HASH_JOIN,28.237471
paging,q22,9,MERGE_AGGREGATE,0.30175300000000005
paging,q22,9,MERGE_GROUP_BY,0.070693
paging,q22,9,MERGE_SORT,0.061759
paging,q22,9,NESTED_LOOP_JOIN,0.903524
paging,q22,9,ORDER_BY,0.641779
paging,q22,9,PARTITION,0.40031700000000003
paging,q22,9,PROJECTION,0.7619119999999999
paging,q22,9,RESULT_COLLECTOR,0.379615
paging,q22,9,RIGHT_DELIM_JOIN,0.666879
paging,q22,9,SORT_PARTITION,0.006515
paging,q22,9,SORT_SAMPLE,0.011446
paging,q22,9,UNGROUPED_AGGREGATE,5.332441
paging,q22,10,CONCAT,2.815955
paging,q22,10,GPU_SCAN,39.21707100000001
paging,q22,10,HASH_GROUP_BY,0.532225
paging,q22,10,HASH_JOIN,27.858548
paging,q22,10,MERGE_AGGREGATE,0.256734
paging,q22,10,MERGE_GROUP_BY,0.040951
paging,q22,10,MERGE_SORT,0.009024
paging,q22,10,NESTED_LOOP_JOIN,0.854816
paging,q22,10,ORDER_BY,0.545258
paging,q22,10,PARTITION,0.259918
paging,q22,10,PROJECTION,0.381274
paging,q22,10,RESULT_COLLECTOR,0.249919
paging,q22,10,RIGHT_DELIM_JOIN,0.621041
paging,q22,10,SORT_PARTITION,0.00578
paging,q22,10,SORT_SAMPLE,0.009202
paging,q22,10,UNGROUPED_AGGREGATE,2.5384510000000002
