condition,query,execution,operator_kind,duration_ms
celebi_online,q1,1,GPU_SCAN,4732.517742
celebi_online,q1,1,HASH_GROUP_BY,653.477834
celebi_online,q1,1,MERGE_GROUP_BY,1.234923
celebi_online,q1,1,MERGE_SORT,2.868819
celebi_online,q1,1,ORDER_BY,0.694701
celebi_online,q1,1,PARTITION,0.796507
celebi_online,q1,1,PROJECTION,103.12809099999997
celebi_online,q1,1,RESULT_COLLECTOR,0.176965
celebi_online,q1,1,SORT_PARTITION,1.362387
celebi_online,q1,1,SORT_SAMPLE,0.589908
celebi_online,q1,2,GPU_SCAN,4493.316034
celebi_online,q1,2,HASH_GROUP_BY,678.608848
celebi_online,q1,2,MERGE_GROUP_BY,1.321252
celebi_online,q1,2,MERGE_SORT,2.593661
celebi_online,q1,2,ORDER_BY,1.080692
celebi_online,q1,2,PARTITION,1.0556929999999998
celebi_online,q1,2,PROJECTION,127.85924100000001
celebi_online,q1,2,RESULT_COLLECTOR,0.167416
celebi_online,q1,2,SORT_PARTITION,1.535986
celebi_online,q1,2,SORT_SAMPLE,0.443963
celebi_online,q1,3,GPU_SCAN,4691.262936000001
celebi_online,q1,3,HASH_GROUP_BY,688.8145780000002
celebi_online,q1,3,MERGE_GROUP_BY,1.439995
celebi_online,q1,3,MERGE_SORT,1.927387
celebi_online,q1,3,ORDER_BY,0.714205
celebi_online,q1,3,PARTITION,1.5860010000000007
celebi_online,q1,3,PROJECTION,139.56024500000004
celebi_online,q1,3,RESULT_COLLECTOR,0.191329
celebi_online,q1,3,SORT_PARTITION,0.953541
celebi_online,q1,3,SORT_SAMPLE,0.399731
celebi_online,q1,4,GPU_SCAN,4576.990829999999
celebi_online,q1,4,HASH_GROUP_BY,644.633125
celebi_online,q1,4,MERGE_GROUP_BY,1.951496
celebi_online,q1,4,MERGE_SORT,1.568518
celebi_online,q1,4,ORDER_BY,0.579024
celebi_online,q1,4,PARTITION,1.7985789999999997
celebi_online,q1,4,PROJECTION,150.66474499999998
celebi_online,q1,4,RESULT_COLLECTOR,0.205509
celebi_online,q1,4,SORT_PARTITION,0.788887
celebi_online,q1,4,SORT_SAMPLE,0.376162
celebi_online,q1,5,GPU_SCAN,4583.828949000001
celebi_online,q1,5,HASH_GROUP_BY,673.7928689999999
celebi_online,q1,5,MERGE_GROUP_BY,1.470003
celebi_online,q1,5,MERGE_SORT,1.686812
celebi_online,q1,5,ORDER_BY,0.787136
celebi_online,q1,5,PARTITION,1.2162909999999998
celebi_online,q1,5,PROJECTION,134.24541100000005
celebi_online,q1,5,RESULT_COLLECTOR,0.151673
celebi_online,q1,5,SORT_PARTITION,0.96575
celebi_online,q1,5,SORT_SAMPLE,0.348994
celebi_online,q1,6,GPU_SCAN,4478.434511
celebi_online,q1,6,HASH_GROUP_BY,674.9858760000001
celebi_online,q1,6,MERGE_GROUP_BY,1.310745
celebi_online,q1,6,MERGE_SORT,1.839713
celebi_online,q1,6,ORDER_BY,0.490887
celebi_online,q1,6,PARTITION,0.7902410000000002
celebi_online,q1,6,PROJECTION,120.361419
celebi_online,q1,6,RESULT_COLLECTOR,0.141831
celebi_online,q1,6,SORT_PARTITION,1.704113
celebi_online,q1,6,SORT_SAMPLE,0.630008
celebi_online,q1,7,GPU_SCAN,4740.460617000001
celebi_online,q1,7,HASH_GROUP_BY,739.7801569999999
celebi_online,q1,7,MERGE_GROUP_BY,1.284255
celebi_online,q1,7,MERGE_SORT,3.017484
celebi_online,q1,7,ORDER_BY,0.47727
celebi_online,q1,7,PARTITION,0.890013
celebi_online,q1,7,PROJECTION,106.772158
celebi_online,q1,7,RESULT_COLLECTOR,0.161685
celebi_online,q1,7,SORT_PARTITION,0.555521
celebi_online,q1,7,SORT_SAMPLE,0.166314
celebi_online,q1,8,GPU_SCAN,4786.939684000001
celebi_online,q1,8,HASH_GROUP_BY,660.7409729999999
celebi_online,q1,8,MERGE_GROUP_BY,2.896594
celebi_online,q1,8,MERGE_SORT,2.137736
celebi_online,q1,8,ORDER_BY,0.4318
celebi_online,q1,8,PARTITION,0.6814909999999998
celebi_online,q1,8,PROJECTION,155.82513799999995
celebi_online,q1,8,RESULT_COLLECTOR,0.172639
celebi_online,q1,8,SORT_PARTITION,0.560421
celebi_online,q1,8,SORT_SAMPLE,0.181273
celebi_online,q1,9,GPU_SCAN,4474.674823
celebi_online,q1,9,HASH_GROUP_BY,634.0470570000001
celebi_online,q1,9,MERGE_GROUP_BY,2.894859
celebi_online,q1,9,MERGE_SORT,1.98094
celebi_online,q1,9,ORDER_BY,0.713704
celebi_online,q1,9,PARTITION,0.8315530000000001
celebi_online,q1,9,PROJECTION,117.17763299999999
celebi_online,q1,9,RESULT_COLLECTOR,0.138407
celebi_online,q1,9,SORT_PARTITION,0.561105
celebi_online,q1,9,SORT_SAMPLE,0.164416
celebi_online,q1,10,GPU_SCAN,4735.220488
celebi_online,q1,10,HASH_GROUP_BY,696.0427249999999
celebi_online,q1,10,MERGE_GROUP_BY,1.297831
celebi_online,q1,10,MERGE_SORT,3.010031
celebi_online,q1,10,ORDER_BY,0.496033
celebi_online,q1,10,PARTITION,0.779337
celebi_online,q1,10,PROJECTION,133.89453499999996
celebi_online,q1,10,RESULT_COLLECTOR,0.140946
celebi_online,q1,10,SORT_PARTITION,0.979927
celebi_online,q1,10,SORT_SAMPLE,0.325548
celebi_online,q2,1,CONCAT,4.372368
celebi_online,q2,1,DYNAMIC_FILTER,7.701492
celebi_online,q2,1,FILTER,0.686791
celebi_online,q2,1,GPU_SCAN,710.8726570000001
celebi_online,q2,1,HASH_GROUP_BY,11.874808
celebi_online,q2,1,HASH_JOIN,13.361102
celebi_online,q2,1,LEFT_DELIM_JOIN,1.215722
celebi_online,q2,1,MERGE_GROUP_BY,0.029677000000000002
celebi_online,q2,1,MERGE_TOP_N,2.632298
celebi_online,q2,1,PARTITION,0.6559889999999999
celebi_online,q2,1,PROJECTION,0.08847
celebi_online,q2,1,RESULT_COLLECTOR,0.999408
celebi_online,q2,1,TOP_N,7.675486
celebi_online,q2,2,CONCAT,4.263215000000001
celebi_online,q2,2,DYNAMIC_FILTER,9.211439
celebi_online,q2,2,FILTER,0.706245
celebi_online,q2,2,GPU_SCAN,709.617303
celebi_online,q2,2,HASH_GROUP_BY,0.362559
celebi_online,q2,2,HASH_JOIN,9.633231000000002
celebi_online,q2,2,LEFT_DELIM_JOIN,0.173871
celebi_online,q2,2,MERGE_GROUP_BY,0.013431
celebi_online,q2,2,MERGE_TOP_N,1.487015
celebi_online,q2,2,PARTITION,0.4522830000000001
celebi_online,q2,2,PROJECTION,0.072187
celebi_online,q2,2,RESULT_COLLECTOR,0.192083
celebi_online,q2,2,TOP_N,2.218909
celebi_online,q2,3,CONCAT,4.091839
celebi_online,q2,3,DYNAMIC_FILTER,9.947351000000001
celebi_online,q2,3,FILTER,0.557683
celebi_online,q2,3,GPU_SCAN,692.7125110000001
celebi_online,q2,3,HASH_GROUP_BY,0.297528
celebi_online,q2,3,HASH_JOIN,7.160709
celebi_online,q2,3,LEFT_DELIM_JOIN,0.236431
celebi_online,q2,3,MERGE_GROUP_BY,0.029483000000000002
celebi_online,q2,3,MERGE_TOP_N,1.317374
celebi_online,q2,3,PARTITION,0.48144999999999993
celebi_online,q2,3,PROJECTION,0.08613399999999999
celebi_online,q2,3,RESULT_COLLECTOR,0.251606
celebi_online,q2,3,TOP_N,1.919383
celebi_online,q2,4,CONCAT,4.154967000000001
celebi_online,q2,4,DYNAMIC_FILTER,9.347597
celebi_online,q2,4,FILTER,0.683718
celebi_online,q2,4,GPU_SCAN,704.9396889999999
celebi_online,q2,4,HASH_GROUP_BY,0.367112
celebi_online,q2,4,HASH_JOIN,7.7931539999999995
celebi_online,q2,4,LEFT_DELIM_JOIN,0.158651
celebi_online,q2,4,MERGE_GROUP_BY,0.017381999999999998
celebi_online,q2,4,MERGE_TOP_N,2.882498
celebi_online,q2,4,PARTITION,0.40215599999999996
celebi_online,q2,4,PROJECTION,0.092286
celebi_online,q2,4,RESULT_COLLECTOR,0.301352
celebi_online,q2,4,TOP_N,2.655356
celebi_online,q2,5,CONCAT,3.705153
celebi_online,q2,5,DYNAMIC_FILTER,12.398598
celebi_online,q2,5,FILTER,0.704084
celebi_online,q2,5,GPU_SCAN,692.494285
celebi_online,q2,5,HASH_GROUP_BY,0.420783
celebi_online,q2,5,HASH_JOIN,7.633912
celebi_online,q2,5,LEFT_DELIM_JOIN,0.228286
celebi_online,q2,5,MERGE_GROUP_BY,0.020868
celebi_online,q2,5,MERGE_TOP_N,1.524743
celebi_online,q2,5,PARTITION,0.404226
celebi_online,q2,5,PROJECTION,0.055772
celebi_online,q2,5,RESULT_COLLECTOR,0.288522
celebi_online,q2,5,TOP_N,2.295742
celebi_online,q2,6,CONCAT,4.587968
celebi_online,q2,6,DYNAMIC_FILTER,9.174021999999999
celebi_online,q2,6,FILTER,0.615966
celebi_online,q2,6,GPU_SCAN,695.176411
celebi_online,q2,6,HASH_GROUP_BY,0.320189
celebi_online,q2,6,HASH_JOIN,10.448569
celebi_online,q2,6,LEFT_DELIM_JOIN,0.237593
celebi_online,q2,6,MERGE_GROUP_BY,0.010844
celebi_online,q2,6,MERGE_TOP_N,1.382917
celebi_online,q2,6,PARTITION,0.5386529999999999
celebi_online,q2,6,PROJECTION,0.083438
celebi_online,q2,6,RESULT_COLLECTOR,0.174192
celebi_online,q2,6,TOP_N,2.313051
celebi_online,q2,7,CONCAT,4.509202999999999
celebi_online,q2,7,DYNAMIC_FILTER,12.702798999999999
celebi_online,q2,7,FILTER,0.70909
celebi_online,q2,7,GPU_SCAN,704.3055609999999
celebi_online,q2,7,HASH_GROUP_BY,0.585919
celebi_online,q2,7,HASH_JOIN,11.629337
celebi_online,q2,7,LEFT_DELIM_JOIN,0.178591
celebi_online,q2,7,MERGE_GROUP_BY,0.016077
celebi_online,q2,7,MERGE_TOP_N,1.644666
celebi_online,q2,7,PARTITION,0.5419750000000001
celebi_online,q2,7,PROJECTION,0.08371200000000001
celebi_online,q2,7,RESULT_COLLECTOR,0.300942
celebi_online,q2,7,TOP_N,2.422924
celebi_online,q2,8,CONCAT,4.48536
celebi_online,q2,8,DYNAMIC_FILTER,9.147538
celebi_online,q2,8,FILTER,0.773782
celebi_online,q2,8,GPU_SCAN,703.4001820000001
celebi_online,q2,8,HASH_GROUP_BY,0.303943
celebi_online,q2,8,HASH_JOIN,10.839608
celebi_online,q2,8,LEFT_DELIM_JOIN,0.132902
celebi_online,q2,8,MERGE_GROUP_BY,0.016968
celebi_online,q2,8,MERGE_TOP_N,2.113114
celebi_online,q2,8,PARTITION,0.544404
celebi_online,q2,8,PROJECTION,0.069449
celebi_online,q2,8,RESULT_COLLECTOR,0.241452
celebi_online,q2,8,TOP_N,1.996131
celebi_online,q2,9,CONCAT,3.9565429999999995
celebi_online,q2,9,DYNAMIC_FILTER,9.626761
celebi_online,q2,9,FILTER,0.569039
celebi_online,q2,9,GPU_SCAN,693.3973040000001
celebi_online,q2,9,HASH_GROUP_BY,0.289851
celebi_online,q2,9,HASH_JOIN,8.733983
celebi_online,q2,9,LEFT_DELIM_JOIN,0.188062
celebi_online,q2,9,MERGE_GROUP_BY,0.011449
celebi_online,q2,9,MERGE_TOP_N,1.825046
celebi_online,q2,9,PARTITION,0.33403
celebi_online,q2,9,PROJECTION,0.10860500000000001
celebi_online,q2,9,RESULT_COLLECTOR,0.231914
celebi_online,q2,9,TOP_N,1.877402
celebi_online,q2,10,CONCAT,3.963733
celebi_online,q2,10,DYNAMIC_FILTER,8.667691
celebi_online,q2,10,FILTER,0.588848
celebi_online,q2,10,GPU_SCAN,690.581334
celebi_online,q2,10,HASH_GROUP_BY,0.38968
celebi_online,q2,10,HASH_JOIN,8.371262999999999
celebi_online,q2,10,LEFT_DELIM_JOIN,0.220328
celebi_online,q2,10,MERGE_GROUP_BY,0.011875
celebi_online,q2,10,MERGE_TOP_N,1.467114
celebi_online,q2,10,PARTITION,0.3983329999999998
celebi_online,q2,10,PROJECTION,0.04795
celebi_online,q2,10,RESULT_COLLECTOR,0.151137
celebi_online,q2,10,TOP_N,1.933397
celebi_online,q3,1,CONCAT,5.7698480000000005
celebi_online,q3,1,DYNAMIC_FILTER,34.250296
celebi_online,q3,1,GPU_SCAN,5000.422533000001
celebi_online,q3,1,HASH_GROUP_BY,1.316068
celebi_online,q3,1,HASH_JOIN,10.48719
celebi_online,q3,1,MERGE_GROUP_BY,0.063613
celebi_online,q3,1,MERGE_TOP_N,0.40017
celebi_online,q3,1,PARTITION,0.40839100000000006
celebi_online,q3,1,PROJECTION,0.269552
celebi_online,q3,1,RESULT_COLLECTOR,0.201194
celebi_online,q3,1,TOP_N,2.507199
celebi_online,q3,2,CONCAT,5.516837000000001
celebi_online,q3,2,DYNAMIC_FILTER,24.785807000000002
celebi_online,q3,2,GPU_SCAN,4766.7480510000005
celebi_online,q3,2,HASH_GROUP_BY,1.239694
celebi_online,q3,2,HASH_JOIN,10.879008
celebi_online,q3,2,MERGE_GROUP_BY,0.023133
celebi_online,q3,2,MERGE_TOP_N,0.219437
celebi_online,q3,2,PARTITION,0.35821099999999995
celebi_online,q3,2,PROJECTION,0.225193
celebi_online,q3,2,RESULT_COLLECTOR,0.126829
celebi_online,q3,2,TOP_N,2.4146
celebi_online,q3,3,CONCAT,5.472853
celebi_online,q3,3,DYNAMIC_FILTER,35.28164900000001
celebi_online,q3,3,GPU_SCAN,4623.368205000001
celebi_online,q3,3,HASH_GROUP_BY,1.457402
celebi_online,q3,3,HASH_JOIN,10.374346
celebi_online,q3,3,MERGE_GROUP_BY,0.05618
celebi_online,q3,3,MERGE_TOP_N,0.253219
celebi_online,q3,3,PARTITION,0.38872700000000016
celebi_online,q3,3,PROJECTION,0.263577
celebi_online,q3,3,RESULT_COLLECTOR,0.320208
celebi_online,q3,3,TOP_N,2.628463
celebi_online,q3,4,CONCAT,5.3092820000000005
celebi_online,q3,4,DYNAMIC_FILTER,41.425606999999985
celebi_online,q3,4,GPU_SCAN,4624.335907
celebi_online,q3,4,HASH_GROUP_BY,1.265711
celebi_online,q3,4,HASH_JOIN,10.594633
celebi_online,q3,4,MERGE_GROUP_BY,0.023545
celebi_online,q3,4,MERGE_TOP_N,0.260035
celebi_online,q3,4,PARTITION,0.273765
celebi_online,q3,4,PROJECTION,0.243558
celebi_online,q3,4,RESULT_COLLECTOR,0.304958
celebi_online,q3,4,TOP_N,2.536391
celebi_online,q3,5,CONCAT,5.457744
celebi_online,q3,5,DYNAMIC_FILTER,20.282968
celebi_online,q3,5,GPU_SCAN,4551.544175000001
celebi_online,q3,5,HASH_GROUP_BY,1.2069
celebi_online,q3,5,HASH_JOIN,10.362551
celebi_online,q3,5,MERGE_GROUP_BY,0.021891
celebi_online,q3,5,MERGE_TOP_N,0.240364
celebi_online,q3,5,PARTITION,0.42795500000000014
celebi_online,q3,5,PROJECTION,0.22782599999999997
celebi_online,q3,5,RESULT_COLLECTOR,0.090492
celebi_online,q3,5,TOP_N,2.41916
celebi_online,q3,6,CONCAT,5.4882
celebi_online,q3,6,DYNAMIC_FILTER,25.827558999999997
celebi_online,q3,6,GPU_SCAN,4835.472686
celebi_online,q3,6,HASH_GROUP_BY,1.211231
celebi_online,q3,6,HASH_JOIN,10.537984
celebi_online,q3,6,MERGE_GROUP_BY,0.050504
celebi_online,q3,6,MERGE_TOP_N,0.224941
celebi_online,q3,6,PARTITION,0.27649
celebi_online,q3,6,PROJECTION,0.217809
celebi_online,q3,6,RESULT_COLLECTOR,0.094724
celebi_online,q3,6,TOP_N,2.426848
celebi_online,q3,7,CONCAT,5.284427999999999
celebi_online,q3,7,DYNAMIC_FILTER,29.855577999999994
celebi_online,q3,7,GPU_SCAN,4678.8530089999995
celebi_online,q3,7,HASH_GROUP_BY,1.269354
celebi_online,q3,7,HASH_JOIN,10.647663999999999
celebi_online,q3,7,MERGE_GROUP_BY,0.018196
celebi_online,q3,7,MERGE_TOP_N,0.275449
celebi_online,q3,7,PARTITION,0.26347600000000004
celebi_online,q3,7,PROJECTION,0.221584
celebi_online,q3,7,RESULT_COLLECTOR,0.088811
celebi_online,q3,7,TOP_N,2.435451
celebi_online,q3,8,CONCAT,5.65219
celebi_online,q3,8,DYNAMIC_FILTER,43.113352
celebi_online,q3,8,GPU_SCAN,4733.132234
celebi_online,q3,8,HASH_GROUP_BY,1.238567
celebi_online,q3,8,HASH_JOIN,10.675331
celebi_online,q3,8,MERGE_GROUP_BY,0.021301
celebi_online,q3,8,MERGE_TOP_N,0.274054
celebi_online,q3,8,PARTITION,0.3564179999999999
celebi_online,q3,8,PROJECTION,0.226042
celebi_online,q3,8,RESULT_COLLECTOR,0.258492
celebi_online,q3,8,TOP_N,2.437677
celebi_online,q3,9,CONCAT,5.634104
celebi_online,q3,9,DYNAMIC_FILTER,41.908834999999996
celebi_online,q3,9,GPU_SCAN,4707.140836
celebi_online,q3,9,HASH_GROUP_BY,1.262698
celebi_online,q3,9,HASH_JOIN,10.621982
celebi_online,q3,9,MERGE_GROUP_BY,0.007293
celebi_online,q3,9,MERGE_TOP_N,0.294109
celebi_online,q3,9,PARTITION,0.310143
celebi_online,q3,9,PROJECTION,0.225913
celebi_online,q3,9,RESULT_COLLECTOR,0.195188
celebi_online,q3,9,TOP_N,2.472695
celebi_online,q3,10,CONCAT,5.618317
celebi_online,q3,10,DYNAMIC_FILTER,26.823522000000004
celebi_online,q3,10,GPU_SCAN,4940.043773000001
celebi_online,q3,10,HASH_GROUP_BY,1.294819
celebi_online,q3,10,HASH_JOIN,10.683648999999999
celebi_online,q3,10,MERGE_GROUP_BY,0.058953
celebi_online,q3,10,MERGE_TOP_N,0.240844
celebi_online,q3,10,PARTITION,0.3803169999999998
celebi_online,q3,10,PROJECTION,0.251985
celebi_online,q3,10,RESULT_COLLECTOR,0.1185
celebi_online,q3,10,TOP_N,2.497545
celebi_online,q4,1,CONCAT,2.2330550000000002
celebi_online,q4,1,DYNAMIC_FILTER,24.863871
celebi_online,q4,1,FILTER,20.128319
celebi_online,q4,1,GPU_SCAN,2756.615187
celebi_online,q4,1,HASH_GROUP_BY,2.400893
celebi_online,q4,1,HASH_JOIN,7.77563
celebi_online,q4,1,LEFT_DELIM_JOIN,4.439539
celebi_online,q4,1,MERGE_GROUP_BY,3.0646359999999997
celebi_online,q4,1,MERGE_SORT,0.935704
celebi_online,q4,1,ORDER_BY,0.191732
celebi_online,q4,1,PARTITION,0.7422590000000001
celebi_online,q4,1,PROJECTION,0.020895
celebi_online,q4,1,RESULT_COLLECTOR,0.376096
celebi_online,q4,1,SORT_PARTITION,0.276459
celebi_online,q4,1,SORT_SAMPLE,0.231403
celebi_online,q4,2,CONCAT,2.34117
celebi_online,q4,2,DYNAMIC_FILTER,36.303578
celebi_online,q4,2,FILTER,4.935871000000001
celebi_online,q4,2,GPU_SCAN,2025.8787570000002
celebi_online,q4,2,HASH_GROUP_BY,2.259826
celebi_online,q4,2,HASH_JOIN,7.8233999999999995
celebi_online,q4,2,LEFT_DELIM_JOIN,6.928647
celebi_online,q4,2,MERGE_GROUP_BY,3.0915389999999996
celebi_online,q4,2,MERGE_SORT,0.30593
celebi_online,q4,2,ORDER_BY,0.159326
celebi_online,q4,2,PARTITION,0.237304
celebi_online,q4,2,PROJECTION,0.012972
celebi_online,q4,2,RESULT_COLLECTOR,0.134792
celebi_online,q4,2,SORT_PARTITION,0.166662
celebi_online,q4,2,SORT_SAMPLE,0.083137
celebi_online,q4,3,CONCAT,2.1299859999999997
celebi_online,q4,3,DYNAMIC_FILTER,35.124282
celebi_online,q4,3,FILTER,4.697112000000001
celebi_online,q4,3,GPU_SCAN,2027.1641019999997
celebi_online,q4,3,HASH_GROUP_BY,2.534876
celebi_online,q4,3,HASH_JOIN,8.334135
celebi_online,q4,3,LEFT_DELIM_JOIN,5.942901
celebi_online,q4,3,MERGE_GROUP_BY,3.075117
celebi_online,q4,3,MERGE_SORT,0.526145
celebi_online,q4,3,ORDER_BY,0.165923
celebi_online,q4,3,PARTITION,0.179864
celebi_online,q4,3,PROJECTION,0.011934
celebi_online,q4,3,RESULT_COLLECTOR,0.113812
celebi_online,q4,3,SORT_PARTITION,0.205126
celebi_online,q4,3,SORT_SAMPLE,0.160147
celebi_online,q4,4,CONCAT,2.649721
celebi_online,q4,4,DYNAMIC_FILTER,31.732861
celebi_online,q4,4,FILTER,7.335275000000001
celebi_online,q4,4,GPU_SCAN,2056.123407
celebi_online,q4,4,HASH_GROUP_BY,2.274485
celebi_online,q4,4,HASH_JOIN,7.768899
celebi_online,q4,4,LEFT_DELIM_JOIN,5.461372
celebi_online,q4,4,MERGE_GROUP_BY,3.079219
celebi_online,q4,4,MERGE_SORT,0.376448
celebi_online,q4,4,ORDER_BY,0.218774
celebi_online,q4,4,PARTITION,0.317398
celebi_online,q4,4,PROJECTION,0.016923
celebi_online,q4,4,RESULT_COLLECTOR,0.158704
celebi_online,q4,4,SORT_PARTITION,0.190006
celebi_online,q4,4,SORT_SAMPLE,0.101718
celebi_online,q4,5,CONCAT,2.069884
celebi_online,q4,5,DYNAMIC_FILTER,25.900805
celebi_online,q4,5,FILTER,6.628291
celebi_online,q4,5,GPU_SCAN,2058.7994089999997
celebi_online,q4,5,HASH_GROUP_BY,2.378457
celebi_online,q4,5,HASH_JOIN,7.693629
celebi_online,q4,5,LEFT_DELIM_JOIN,4.036859
celebi_online,q4,5,MERGE_GROUP_BY,2.9585350000000004
celebi_online,q4,5,MERGE_SORT,0.853443
celebi_online,q4,5,ORDER_BY,0.195072
celebi_online,q4,5,PARTITION,0.372529
celebi_online,q4,5,PROJECTION,0.01809
celebi_online,q4,5,RESULT_COLLECTOR,0.355009
celebi_online,q4,5,SORT_PARTITION,0.204157
celebi_online,q4,5,SORT_SAMPLE,0.104753
celebi_online,q4,6,CONCAT,2.059399
celebi_online,q4,6,DYNAMIC_FILTER,30.758342999999996
celebi_online,q4,6,FILTER,9.022481
celebi_online,q4,6,GPU_SCAN,2056.7521779999997
celebi_online,q4,6,HASH_GROUP_BY,2.661713
celebi_online,q4,6,HASH_JOIN,8.175096
celebi_online,q4,6,LEFT_DELIM_JOIN,9.020572
celebi_online,q4,6,MERGE_GROUP_BY,3.0988490000000004
celebi_online,q4,6,MERGE_SORT,0.385689
celebi_online,q4,6,ORDER_BY,0.185989
celebi_online,q4,6,PARTITION,0.269969
celebi_online,q4,6,PROJECTION,0.018541
celebi_online,q4,6,RESULT_COLLECTOR,0.135359
celebi_online,q4,6,SORT_PARTITION,0.240486
celebi_online,q4,6,SORT_SAMPLE,0.126359
celebi_online,q4,7,CONCAT,2.10635
celebi_online,q4,7,DYNAMIC_FILTER,25.447177999999997
celebi_online,q4,7,FILTER,4.629133
celebi_online,q4,7,GPU_SCAN,2024.7420889999999
celebi_online,q4,7,HASH_GROUP_BY,2.216999
celebi_online,q4,7,HASH_JOIN,7.775309
celebi_online,q4,7,LEFT_DELIM_JOIN,6.068963
celebi_online,q4,7,MERGE_GROUP_BY,3.059905
celebi_online,q4,7,MERGE_SORT,0.618746
celebi_online,q4,7,ORDER_BY,0.158386
celebi_online,q4,7,PARTITION,0.410327
celebi_online,q4,7,PROJECTION,0.010232
celebi_online,q4,7,RESULT_COLLECTOR,0.218911
celebi_online,q4,7,SORT_PARTITION,0.157854
celebi_online,q4,7,SORT_SAMPLE,0.079243
celebi_online,q4,8,CONCAT,1.995813
celebi_online,q4,8,DYNAMIC_FILTER,26.369826000000003
celebi_online,q4,8,FILTER,4.552574
celebi_online,q4,8,GPU_SCAN,2019.7840879999999
celebi_online,q4,8,HASH_GROUP_BY,2.196806
celebi_online,q4,8,HASH_JOIN,7.606876
celebi_online,q4,8,LEFT_DELIM_JOIN,5.753093
celebi_online,q4,8,MERGE_GROUP_BY,2.95557
celebi_online,q4,8,MERGE_SORT,0.59988
celebi_online,q4,8,ORDER_BY,0.208879
celebi_online,q4,8,PARTITION,0.28248900000000005
celebi_online,q4,8,PROJECTION,0.011036
celebi_online,q4,8,RESULT_COLLECTOR,0.23348
celebi_online,q4,8,SORT_PARTITION,0.566156
celebi_online,q4,8,SORT_SAMPLE,0.412656
celebi_online,q4,9,CONCAT,2.0429370000000002
celebi_online,q4,9,DYNAMIC_FILTER,26.529965
celebi_online,q4,9,FILTER,6.056749999999999
celebi_online,q4,9,GPU_SCAN,2033.8030919999999
celebi_online,q4,9,HASH_GROUP_BY,2.130668
celebi_online,q4,9,HASH_JOIN,7.961306
celebi_online,q4,9,LEFT_DELIM_JOIN,5.4856750000000005
celebi_online,q4,9,MERGE_GROUP_BY,3.004136
celebi_online,q4,9,MERGE_SORT,0.426758
celebi_online,q4,9,ORDER_BY,0.165253
celebi_online,q4,9,PARTITION,0.270474
celebi_online,q4,9,PROJECTION,0.014792
celebi_online,q4,9,RESULT_COLLECTOR,0.271984
celebi_online,q4,9,SORT_PARTITION,0.151082
celebi_online,q4,9,SORT_SAMPLE,0.074874
celebi_online,q4,10,CONCAT,2.018929
celebi_online,q4,10,DYNAMIC_FILTER,26.988059
celebi_online,q4,10,FILTER,4.668745
celebi_online,q4,10,GPU_SCAN,1997.2793940000001
celebi_online,q4,10,HASH_GROUP_BY,2.140478
celebi_online,q4,10,HASH_JOIN,7.602394
celebi_online,q4,10,LEFT_DELIM_JOIN,7.915469000000001
celebi_online,q4,10,MERGE_GROUP_BY,2.9257850000000003
celebi_online,q4,10,MERGE_SORT,0.804609
celebi_online,q4,10,ORDER_BY,0.177447
celebi_online,q4,10,PARTITION,0.29188099999999995
celebi_online,q4,10,PROJECTION,0.012186
celebi_online,q4,10,RESULT_COLLECTOR,0.246809
celebi_online,q4,10,SORT_PARTITION,0.184608
celebi_online,q4,10,SORT_SAMPLE,0.095002
celebi_online,q5,1,CONCAT,3.155614
celebi_online,q5,1,DYNAMIC_FILTER,37.346070999999995
celebi_online,q5,1,GPU_SCAN,5781.5547209999995
celebi_online,q5,1,HASH_GROUP_BY,1.603533
celebi_online,q5,1,HASH_JOIN,17.665043
celebi_online,q5,1,MERGE_GROUP_BY,0.013088
celebi_online,q5,1,MERGE_SORT,1.370009
celebi_online,q5,1,ORDER_BY,0.28097
celebi_online,q5,1,PARTITION,0.609635
celebi_online,q5,1,PROJECTION,0.175481
celebi_online,q5,1,RESULT_COLLECTOR,0.277377
celebi_online,q5,1,SORT_PARTITION,0.443871
celebi_online,q5,1,SORT_SAMPLE,0.033407
celebi_online,q5,2,CONCAT,2.712247
celebi_online,q5,2,DYNAMIC_FILTER,29.802461
celebi_online,q5,2,GPU_SCAN,5692.934474
celebi_online,q5,2,HASH_GROUP_BY,1.485943
celebi_online,q5,2,HASH_JOIN,17.611492
celebi_online,q5,2,MERGE_GROUP_BY,0.034723
celebi_online,q5,2,MERGE_SORT,0.497258
celebi_online,q5,2,ORDER_BY,0.32232
celebi_online,q5,2,PARTITION,0.544282
celebi_online,q5,2,PROJECTION,0.14003
celebi_online,q5,2,RESULT_COLLECTOR,0.293586
celebi_online,q5,2,SORT_PARTITION,0.486948
celebi_online,q5,2,SORT_SAMPLE,0.040982
celebi_online,q5,3,CONCAT,2.647494
celebi_online,q5,3,DYNAMIC_FILTER,31.196134000000004
celebi_online,q5,3,GPU_SCAN,5671.607980000001
celebi_online,q5,3,HASH_GROUP_BY,1.596773
celebi_online,q5,3,HASH_JOIN,17.030204
celebi_online,q5,3,MERGE_GROUP_BY,0.065533
celebi_online,q5,3,MERGE_SORT,1.232139
celebi_online,q5,3,ORDER_BY,0.63247
celebi_online,q5,3,PARTITION,0.6656960000000001
celebi_online,q5,3,PROJECTION,0.133244
celebi_online,q5,3,RESULT_COLLECTOR,0.342207
celebi_online,q5,3,SORT_PARTITION,0.617293
celebi_online,q5,3,SORT_SAMPLE,0.122791
celebi_online,q5,4,CONCAT,2.6269679999999997
celebi_online,q5,4,DYNAMIC_FILTER,29.552382
celebi_online,q5,4,GPU_SCAN,5563.031139
celebi_online,q5,4,HASH_GROUP_BY,1.380468
celebi_online,q5,4,HASH_JOIN,16.178499000000002
celebi_online,q5,4,MERGE_GROUP_BY,0.023804
celebi_online,q5,4,MERGE_SORT,1.552415
celebi_online,q5,4,ORDER_BY,0.348224
celebi_online,q5,4,PARTITION,0.5228239999999998
celebi_online,q5,4,PROJECTION,0.125459
celebi_online,q5,4,RESULT_COLLECTOR,0.20011
celebi_online,q5,4,SORT_PARTITION,0.462658
celebi_online,q5,4,SORT_SAMPLE,0.03465
celebi_online,q5,5,CONCAT,2.441278
celebi_online,q5,5,DYNAMIC_FILTER,32.712808
celebi_online,q5,5,GPU_SCAN,5763.371572999999
celebi_online,q5,5,HASH_GROUP_BY,1.340108
celebi_online,q5,5,HASH_JOIN,16.121755
celebi_online,q5,5,MERGE_GROUP_BY,0.008176
celebi_online,q5,5,MERGE_SORT,0.576796
celebi_online,q5,5,ORDER_BY,0.385879
celebi_online,q5,5,PARTITION,0.8237790000000002
celebi_online,q5,5,PROJECTION,0.126412
celebi_online,q5,5,RESULT_COLLECTOR,0.169331
celebi_online,q5,5,SORT_PARTITION,0.546715
celebi_online,q5,5,SORT_SAMPLE,0.041178
celebi_online,q5,6,CONCAT,2.9943600000000004
celebi_online,q5,6,DYNAMIC_FILTER,30.995997999999997
celebi_online,q5,6,GPU_SCAN,5700.677204999999
celebi_online,q5,6,HASH_GROUP_BY,1.513661
celebi_online,q5,6,HASH_JOIN,16.575129
celebi_online,q5,6,MERGE_GROUP_BY,0.05723
celebi_online,q5,6,MERGE_SORT,0.920778
celebi_online,q5,6,ORDER_BY,0.464847
celebi_online,q5,6,PARTITION,0.609731
celebi_online,q5,6,PROJECTION,0.121378
celebi_online,q5,6,RESULT_COLLECTOR,0.328407
celebi_online,q5,6,SORT_PARTITION,0.446803
celebi_online,q5,6,SORT_SAMPLE,0.092645
celebi_online,q5,7,CONCAT,3.327823
celebi_online,q5,7,DYNAMIC_FILTER,27.646931
celebi_online,q5,7,GPU_SCAN,5731.871974000001
celebi_online,q5,7,HASH_GROUP_BY,1.338294
celebi_online,q5,7,HASH_JOIN,17.217313
celebi_online,q5,7,MERGE_GROUP_BY,0.059712
celebi_online,q5,7,MERGE_SORT,1.12895
celebi_online,q5,7,ORDER_BY,0.166973
celebi_online,q5,7,PARTITION,0.5966920000000001
celebi_online,q5,7,PROJECTION,0.122426
celebi_online,q5,7,RESULT_COLLECTOR,0.319942
celebi_online,q5,7,SORT_PARTITION,0.390906
celebi_online,q5,7,SORT_SAMPLE,0.029656
celebi_online,q5,8,CONCAT,2.4303719999999998
celebi_online,q5,8,DYNAMIC_FILTER,28.701992000000008
celebi_online,q5,8,GPU_SCAN,5688.636415000001
celebi_online,q5,8,HASH_GROUP_BY,1.113882
celebi_online,q5,8,HASH_JOIN,16.789454
celebi_online,q5,8,MERGE_GROUP_BY,0.006107
celebi_online,q5,8,MERGE_SORT,0.466638
celebi_online,q5,8,ORDER_BY,0.20142
celebi_online,q5,8,PARTITION,0.5140729999999999
celebi_online,q5,8,PROJECTION,0.113428
celebi_online,q5,8,RESULT_COLLECTOR,0.11606
celebi_online,q5,8,SORT_PARTITION,0.499039
celebi_online,q5,8,SORT_SAMPLE,0.060796
celebi_online,q5,9,CONCAT,2.369894
celebi_online,q5,9,DYNAMIC_FILTER,25.517611999999996
celebi_online,q5,9,GPU_SCAN,5660.969187000001
celebi_online,q5,9,HASH_GROUP_BY,1.04912
celebi_online,q5,9,HASH_JOIN,16.99913
celebi_online,q5,9,MERGE_GROUP_BY,0.006256
celebi_online,q5,9,MERGE_SORT,0.772994
celebi_online,q5,9,ORDER_BY,0.467817
celebi_online,q5,9,PARTITION,0.466494
celebi_online,q5,9,PROJECTION,0.108756
celebi_online,q5,9,RESULT_COLLECTOR,0.103477
celebi_online,q5,9,SORT_PARTITION,0.36952
celebi_online,q5,9,SORT_SAMPLE,0.063445
celebi_online,q5,10,CONCAT,3.3709870000000004
celebi_online,q5,10,DYNAMIC_FILTER,29.315468000000003
celebi_online,q5,10,GPU_SCAN,5695.442848
celebi_online,q5,10,HASH_GROUP_BY,1.472242
celebi_online,q5,10,HASH_JOIN,16.766383
celebi_online,q5,10,MERGE_GROUP_BY,0.006765
celebi_online,q5,10,MERGE_SORT,1.293514
celebi_online,q5,10,ORDER_BY,0.237269
celebi_online,q5,10,PARTITION,0.593238
celebi_online,q5,10,PROJECTION,0.124274
celebi_online,q5,10,RESULT_COLLECTOR,0.296704
celebi_online,q5,10,SORT_PARTITION,0.402781
celebi_online,q5,10,SORT_SAMPLE,0.071984
celebi_online,q6,1,GPU_SCAN,3446.8013450000003
celebi_online,q6,1,MERGE_AGGREGATE,0.788255
celebi_online,q6,1,PROJECTION,4.5143960000000005
celebi_online,q6,1,RESULT_COLLECTOR,0.09197
celebi_online,q6,1,UNGROUPED_AGGREGATE,5.026807
celebi_online,q6,2,GPU_SCAN,3293.1472510000003
celebi_online,q6,2,MERGE_AGGREGATE,0.207466
celebi_online,q6,2,PROJECTION,5.033427
celebi_online,q6,2,RESULT_COLLECTOR,0.091503
celebi_online,q6,2,UNGROUPED_AGGREGATE,5.769105000000001
celebi_online,q6,3,GPU_SCAN,3286.9113019999995
celebi_online,q6,3,MERGE_AGGREGATE,0.161819
celebi_online,q6,3,PROJECTION,2.5881670000000008
celebi_online,q6,3,RESULT_COLLECTOR,0.060133
celebi_online,q6,3,UNGROUPED_AGGREGATE,3.863108
celebi_online,q6,4,GPU_SCAN,3296.8118329999998
celebi_online,q6,4,MERGE_AGGREGATE,0.797744
celebi_online,q6,4,PROJECTION,2.6705129999999997
celebi_online,q6,4,RESULT_COLLECTOR,0.099982
celebi_online,q6,4,UNGROUPED_AGGREGATE,3.941948
celebi_online,q6,5,GPU_SCAN,3299.9248179999995
celebi_online,q6,5,MERGE_AGGREGATE,0.211829
celebi_online,q6,5,PROJECTION,4.326415
celebi_online,q6,5,RESULT_COLLECTOR,0.086507
celebi_online,q6,5,UNGROUPED_AGGREGATE,11.003139
celebi_online,q6,6,GPU_SCAN,3302.431051
celebi_online,q6,6,MERGE_AGGREGATE,0.71632
celebi_online,q6,6,PROJECTION,3.0369299999999995
celebi_online,q6,6,RESULT_COLLECTOR,0.066861
celebi_online,q6,6,UNGROUPED_AGGREGATE,3.6697680000000004
celebi_online,q6,7,GPU_SCAN,3308.510405
celebi_online,q6,7,MERGE_AGGREGATE,0.802606
celebi_online,q6,7,PROJECTION,3.682322
celebi_online,q6,7,RESULT_COLLECTOR,0.088393
celebi_online,q6,7,UNGROUPED_AGGREGATE,5.3899550000000005
celebi_online,q6,8,GPU_SCAN,3302.885665
celebi_online,q6,8,MERGE_AGGREGATE,0.199209
celebi_online,q6,8,PROJECTION,3.7329410000000003
celebi_online,q6,8,RESULT_COLLECTOR,0.086801
celebi_online,q6,8,UNGROUPED_AGGREGATE,5.482847
celebi_online,q6,9,GPU_SCAN,3302.4269430000004
celebi_online,q6,9,MERGE_AGGREGATE,0.215014
celebi_online,q6,9,PROJECTION,9.990673000000001
celebi_online,q6,9,RESULT_COLLECTOR,0.081854
celebi_online,q6,9,UNGROUPED_AGGREGATE,4.460069000000001
celebi_online,q6,10,GPU_SCAN,3542.821495
celebi_online,q6,10,MERGE_AGGREGATE,0.833283
celebi_online,q6,10,PROJECTION,6.234371
celebi_online,q6,10,RESULT_COLLECTOR,0.089663
celebi_online,q6,10,UNGROUPED_AGGREGATE,6.737820000000001
celebi_online,q7,1,CONCAT,5.656302000000001
celebi_online,q7,1,DYNAMIC_FILTER,33.889799
celebi_online,q7,1,FILTER,1.710363
celebi_online,q7,1,GPU_SCAN,6427.4188859999995
celebi_online,q7,1,HASH_GROUP_BY,1.955532
celebi_online,q7,1,HASH_JOIN,21.269348
celebi_online,q7,1,MERGE_GROUP_BY,0.025413
celebi_online,q7,1,MERGE_SORT,1.013449
celebi_online,q7,1,ORDER_BY,0.660306
celebi_online,q7,1,PARTITION,0.8971879999999998
celebi_online,q7,1,PROJECTION,0.187029
celebi_online,q7,1,RESULT_COLLECTOR,0.371089
celebi_online,q7,1,SORT_PARTITION,0.977571
celebi_online,q7,1,SORT_SAMPLE,0.340651
celebi_online,q7,2,CONCAT,4.783206
celebi_online,q7,2,DYNAMIC_FILTER,30.687278000000003
celebi_online,q7,2,FILTER,1.144992
celebi_online,q7,2,GPU_SCAN,6149.070938
celebi_online,q7,2,HASH_GROUP_BY,1.823056
celebi_online,q7,2,HASH_JOIN,20.794833
celebi_online,q7,2,MERGE_GROUP_BY,0.010667
celebi_online,q7,2,MERGE_SORT,0.9077
celebi_online,q7,2,ORDER_BY,0.550395
celebi_online,q7,2,PARTITION,0.574745
celebi_online,q7,2,PROJECTION,0.152205
celebi_online,q7,2,RESULT_COLLECTOR,0.192546
celebi_online,q7,2,SORT_PARTITION,0.782882
celebi_online,q7,2,SORT_SAMPLE,0.19008
celebi_online,q7,3,CONCAT,5.878660999999998
celebi_online,q7,3,DYNAMIC_FILTER,39.087937999999994
celebi_online,q7,3,FILTER,2.3140850000000004
celebi_online,q7,3,GPU_SCAN,6945.645938
celebi_online,q7,3,HASH_GROUP_BY,1.95803
celebi_online,q7,3,HASH_JOIN,21.573788
celebi_online,q7,3,MERGE_GROUP_BY,0.056503
celebi_online,q7,3,MERGE_SORT,2.622305
celebi_online,q7,3,ORDER_BY,0.590884
celebi_online,q7,3,PARTITION,1.018551
celebi_online,q7,3,PROJECTION,0.173471
celebi_online,q7,3,RESULT_COLLECTOR,0.356023
celebi_online,q7,3,SORT_PARTITION,1.008831
celebi_online,q7,3,SORT_SAMPLE,0.342302
celebi_online,q7,4,CONCAT,4.564564000000001
celebi_online,q7,4,DYNAMIC_FILTER,34.188181
celebi_online,q7,4,FILTER,1.7234919999999998
celebi_online,q7,4,GPU_SCAN,6263.854394000001
celebi_online,q7,4,HASH_GROUP_BY,1.767718
celebi_online,q7,4,HASH_JOIN,21.235105
celebi_online,q7,4,MERGE_GROUP_BY,0.010112
celebi_online,q7,4,MERGE_SORT,0.844824
celebi_online,q7,4,ORDER_BY,0.561207
celebi_online,q7,4,PARTITION,0.5082979999999999
celebi_online,q7,4,PROJECTION,0.159412
celebi_online,q7,4,RESULT_COLLECTOR,0.182538
celebi_online,q7,4,SORT_PARTITION,0.854018
celebi_online,q7,4,SORT_SAMPLE,0.283582
celebi_online,q7,5,CONCAT,4.765972999999999
celebi_online,q7,5,DYNAMIC_FILTER,30.299265
celebi_online,q7,5,FILTER,1.7165249999999999
celebi_online,q7,5,GPU_SCAN,6124.372146000001
celebi_online,q7,5,HASH_GROUP_BY,1.969541
celebi_online,q7,5,HASH_JOIN,20.617877999999997
celebi_online,q7,5,MERGE_GROUP_BY,0.035931
celebi_online,q7,5,MERGE_SORT,0.992407
celebi_online,q7,5,ORDER_BY,0.706496
celebi_online,q7,5,PARTITION,0.717189
celebi_online,q7,5,PROJECTION,0.1716
celebi_online,q7,5,RESULT_COLLECTOR,0.453287
celebi_online,q7,5,SORT_PARTITION,1.015279
celebi_online,q7,5,SORT_SAMPLE,0.348167
celebi_online,q7,6,CONCAT,5.183536
celebi_online,q7,6,DYNAMIC_FILTER,31.409394
celebi_online,q7,6,FILTER,2.053768
celebi_online,q7,6,GPU_SCAN,6257.299427000002
celebi_online,q7,6,HASH_GROUP_BY,1.615368
celebi_online,q7,6,HASH_JOIN,21.034423
celebi_online,q7,6,MERGE_GROUP_BY,0.021147
celebi_online,q7,6,MERGE_SORT,1.258316
celebi_online,q7,6,ORDER_BY,0.605785
celebi_online,q7,6,PARTITION,0.6392979999999999
celebi_online,q7,6,PROJECTION,0.144965
celebi_online,q7,6,RESULT_COLLECTOR,0.364572
celebi_online,q7,6,SORT_PARTITION,0.791557
celebi_online,q7,6,SORT_SAMPLE,0.251768
celebi_online,q7,7,CONCAT,4.748814
celebi_online,q7,7,DYNAMIC_FILTER,31.448654
celebi_online,q7,7,FILTER,2.035438
celebi_online,q7,7,GPU_SCAN,6242.967887999998
celebi_online,q7,7,HASH_GROUP_BY,1.593479
celebi_online,q7,7,HASH_JOIN,20.380978999999996
celebi_online,q7,7,MERGE_GROUP_BY,0.030239
celebi_online,q7,7,MERGE_SORT,0.791815
celebi_online,q7,7,ORDER_BY,0.456952
celebi_online,q7,7,PARTITION,0.571241
celebi_online,q7,7,PROJECTION,0.141968
celebi_online,q7,7,RESULT_COLLECTOR,0.29182
celebi_online,q7,7,SORT_PARTITION,0.70795
celebi_online,q7,7,SORT_SAMPLE,0.220938
celebi_online,q7,8,CONCAT,5.311332
celebi_online,q7,8,DYNAMIC_FILTER,29.217277
celebi_online,q7,8,FILTER,1.560028
celebi_online,q7,8,GPU_SCAN,6246.108594000001
celebi_online,q7,8,HASH_GROUP_BY,1.714985
celebi_online,q7,8,HASH_JOIN,20.78086
celebi_online,q7,8,MERGE_GROUP_BY,0.033912
celebi_online,q7,8,MERGE_SORT,0.841353
celebi_online,q7,8,ORDER_BY,0.475249
celebi_online,q7,8,PARTITION,0.49718200000000007
celebi_online,q7,8,PROJECTION,0.151191
celebi_online,q7,8,RESULT_COLLECTOR,0.324209
celebi_online,q7,8,SORT_PARTITION,0.811644
celebi_online,q7,8,SORT_SAMPLE,0.149977
celebi_online,q7,9,CONCAT,5.445284999999999
celebi_online,q7,9,DYNAMIC_FILTER,28.43226
celebi_online,q7,9,FILTER,1.4956990000000001
celebi_online,q7,9,GPU_SCAN,6254.124183
celebi_online,q7,9,HASH_GROUP_BY,1.60475
celebi_online,q7,9,HASH_JOIN,21.747545000000002
celebi_online,q7,9,MERGE_GROUP_BY,0.030525
celebi_online,q7,9,MERGE_SORT,0.719545
celebi_online,q7,9,ORDER_BY,0.556153
celebi_online,q7,9,PARTITION,0.7179349999999999
celebi_online,q7,9,PROJECTION,0.139811
celebi_online,q7,9,RESULT_COLLECTOR,0.322732
celebi_online,q7,9,SORT_PARTITION,0.698506
celebi_online,q7,9,SORT_SAMPLE,0.153502
celebi_online,q7,10,CONCAT,5.438413000000001
celebi_online,q7,10,DYNAMIC_FILTER,29.715403
celebi_online,q7,10,FILTER,1.67436
celebi_online,q7,10,GPU_SCAN,6270.602398
celebi_online,q7,10,HASH_GROUP_BY,1.697307
celebi_online,q7,10,HASH_JOIN,20.515998000000003
celebi_online,q7,10,MERGE_GROUP_BY,0.022638
celebi_online,q7,10,MERGE_SORT,1.638248
celebi_online,q7,10,ORDER_BY,0.463866
celebi_online,q7,10,PARTITION,0.4206989999999999
celebi_online,q7,10,PROJECTION,0.153989
celebi_online,q7,10,RESULT_COLLECTOR,0.158006
celebi_online,q7,10,SORT_PARTITION,0.783206
celebi_online,q7,10,SORT_SAMPLE,0.148656
celebi_online,q8,1,CONCAT,30.97800000000001
celebi_online,q8,1,DYNAMIC_FILTER,47.545943
celebi_online,q8,1,GPU_SCAN,8181.027268999999
celebi_online,q8,1,HASH_GROUP_BY,17.308526
celebi_online,q8,1,HASH_JOIN,33.02451
celebi_online,q8,1,MERGE_GROUP_BY,0.06125
celebi_online,q8,1,MERGE_SORT,0.027221
celebi_online,q8,1,ORDER_BY,7.520497
celebi_online,q8,1,PARTITION,0.9978710000000001
celebi_online,q8,1,PROJECTION,34.583537
celebi_online,q8,1,RESULT_COLLECTOR,0.560004
celebi_online,q8,1,SORT_PARTITION,0.007249
celebi_online,q8,1,SORT_SAMPLE,0.009092
celebi_online,q8,2,CONCAT,19.352994
celebi_online,q8,2,DYNAMIC_FILTER,56.693603
celebi_online,q8,2,GPU_SCAN,8388.637884999996
celebi_online,q8,2,HASH_GROUP_BY,0.46464
celebi_online,q8,2,HASH_JOIN,34.286986
celebi_online,q8,2,MERGE_GROUP_BY,0.008653
celebi_online,q8,2,MERGE_SORT,0.345003
celebi_online,q8,2,ORDER_BY,0.088343
celebi_online,q8,2,PARTITION,0.766227
celebi_online,q8,2,PROJECTION,0.564731
celebi_online,q8,2,RESULT_COLLECTOR,0.114613
celebi_online,q8,2,SORT_PARTITION,0.147994
celebi_online,q8,2,SORT_SAMPLE,0.033403
celebi_online,q8,3,CONCAT,20.526132000000004
celebi_online,q8,3,DYNAMIC_FILTER,53.813244999999995
celebi_online,q8,3,GPU_SCAN,8106.431846000001
celebi_online,q8,3,HASH_GROUP_BY,0.33264
celebi_online,q8,3,HASH_JOIN,24.726119
celebi_online,q8,3,MERGE_GROUP_BY,0.016718
celebi_online,q8,3,MERGE_SORT,0.248448
celebi_online,q8,3,ORDER_BY,0.06838
celebi_online,q8,3,PARTITION,0.790657
celebi_online,q8,3,PROJECTION,0.428246
celebi_online,q8,3,RESULT_COLLECTOR,0.163069
celebi_online,q8,3,SORT_PARTITION,0.13994
celebi_online,q8,3,SORT_SAMPLE,0.035143
celebi_online,q8,4,CONCAT,26.184285999999993
celebi_online,q8,4,DYNAMIC_FILTER,44.19934100000002
celebi_online,q8,4,GPU_SCAN,7827.3940569999995
celebi_online,q8,4,HASH_GROUP_BY,0.444686
celebi_online,q8,4,HASH_JOIN,25.298341
celebi_online,q8,4,MERGE_GROUP_BY,0.037558
celebi_online,q8,4,MERGE_SORT,0.172885
celebi_online,q8,4,ORDER_BY,0.064952
celebi_online,q8,4,PARTITION,0.8782930000000002
celebi_online,q8,4,PROJECTION,0.380262
celebi_online,q8,4,RESULT_COLLECTOR,0.157084
celebi_online,q8,4,SORT_PARTITION,0.123818
celebi_online,q8,4,SORT_SAMPLE,0.027516
celebi_online,q8,5,CONCAT,19.758933
celebi_online,q8,5,DYNAMIC_FILTER,48.257352
celebi_online,q8,5,GPU_SCAN,7812.875028999998
celebi_online,q8,5,HASH_GROUP_BY,0.297393
celebi_online,q8,5,HASH_JOIN,24.686598000000004
celebi_online,q8,5,MERGE_GROUP_BY,0.01154
celebi_online,q8,5,MERGE_SORT,0.186619
celebi_online,q8,5,ORDER_BY,0.058904
celebi_online,q8,5,PARTITION,0.587999
celebi_online,q8,5,PROJECTION,0.342603
celebi_online,q8,5,RESULT_COLLECTOR,0.125819
celebi_online,q8,5,SORT_PARTITION,0.11303
celebi_online,q8,5,SORT_SAMPLE,0.021653
celebi_online,q8,6,CONCAT,25.885499
celebi_online,q8,6,DYNAMIC_FILTER,44.712183
celebi_online,q8,6,GPU_SCAN,7736.801427999999
celebi_online,q8,6,HASH_GROUP_BY,0.451899
celebi_online,q8,6,HASH_JOIN,25.456741
celebi_online,q8,6,MERGE_GROUP_BY,0.011621
celebi_online,q8,6,MERGE_SORT,0.224929
celebi_online,q8,6,ORDER_BY,0.065019
celebi_online,q8,6,PARTITION,0.7000110000000002
celebi_online,q8,6,PROJECTION,0.398287
celebi_online,q8,6,RESULT_COLLECTOR,0.133059
celebi_online,q8,6,SORT_PARTITION,0.138606
celebi_online,q8,6,SORT_SAMPLE,0.022739
celebi_online,q8,7,CONCAT,19.998320000000003
celebi_online,q8,7,DYNAMIC_FILTER,45.25228400000002
celebi_online,q8,7,GPU_SCAN,8508.533564000003
celebi_online,q8,7,HASH_GROUP_BY,0.402381
celebi_online,q8,7,HASH_JOIN,25.116158
celebi_online,q8,7,MERGE_GROUP_BY,0.010284
celebi_online,q8,7,MERGE_SORT,0.364273
celebi_online,q8,7,ORDER_BY,0.062606
celebi_online,q8,7,PARTITION,0.5219079999999999
celebi_online,q8,7,PROJECTION,0.429153
celebi_online,q8,7,RESULT_COLLECTOR,0.088012
celebi_online,q8,7,SORT_PARTITION,0.141269
celebi_online,q8,7,SORT_SAMPLE,0.029352
celebi_online,q8,8,CONCAT,15.789575000000001
celebi_online,q8,8,DYNAMIC_FILTER,42.28937599999999
celebi_online,q8,8,GPU_SCAN,8296.438412000001
celebi_online,q8,8,HASH_GROUP_BY,0.490568
celebi_online,q8,8,HASH_JOIN,23.697856
celebi_online,q8,8,MERGE_GROUP_BY,0.014674
celebi_online,q8,8,MERGE_SORT,0.127304
celebi_online,q8,8,ORDER_BY,0.069591
celebi_online,q8,8,PARTITION,0.5675149999999999
celebi_online,q8,8,PROJECTION,0.43510099999999996
celebi_online,q8,8,RESULT_COLLECTOR,0.16824
celebi_online,q8,8,SORT_PARTITION,0.130761
celebi_online,q8,8,SORT_SAMPLE,0.031407
celebi_online,q8,9,CONCAT,20.409394999999993
celebi_online,q8,9,DYNAMIC_FILTER,45.099458
celebi_online,q8,9,GPU_SCAN,8105.963248
celebi_online,q8,9,HASH_GROUP_BY,0.351938
celebi_online,q8,9,HASH_JOIN,26.180961
celebi_online,q8,9,MERGE_GROUP_BY,0.007307
celebi_online,q8,9,MERGE_SORT,0.176538
celebi_online,q8,9,ORDER_BY,0.067224
celebi_online,q8,9,PARTITION,0.6981069999999999
celebi_online,q8,9,PROJECTION,0.413586
celebi_online,q8,9,RESULT_COLLECTOR,0.143132
celebi_online,q8,9,SORT_PARTITION,0.133938
celebi_online,q8,9,SORT_SAMPLE,0.026371
celebi_online,q8,10,CONCAT,22.368598000000002
celebi_online,q8,10,DYNAMIC_FILTER,49.498279000000004
celebi_online,q8,10,GPU_SCAN,8490.827772999999
celebi_online,q8,10,HASH_GROUP_BY,0.816218
celebi_online,q8,10,HASH_JOIN,33.872299
celebi_online,q8,10,MERGE_GROUP_BY,0.026343
celebi_online,q8,10,MERGE_SORT,0.178178
celebi_online,q8,10,ORDER_BY,0.064877
celebi_online,q8,10,PARTITION,1.123243
celebi_online,q8,10,PROJECTION,0.9802390000000001
celebi_online,q8,10,RESULT_COLLECTOR,0.208889
celebi_online,q8,10,SORT_PARTITION,0.157127
celebi_online,q8,10,SORT_SAMPLE,0.036346
celebi_online,q9,1,CONCAT,26.917577
celebi_online,q9,1,DYNAMIC_FILTER,58.11281300000001
celebi_online,q9,1,GPU_SCAN,7961.719328000001
celebi_online,q9,1,HASH_GROUP_BY,6.734025
celebi_online,q9,1,HASH_JOIN,461.16402899999997
celebi_online,q9,1,MERGE_GROUP_BY,1.545726
celebi_online,q9,1,MERGE_SORT,0.593403
celebi_online,q9,1,ORDER_BY,0.730066
celebi_online,q9,1,PARTITION,0.9378369999999996
celebi_online,q9,1,PROJECTION,3.825396
celebi_online,q9,1,RESULT_COLLECTOR,0.305491
celebi_online,q9,1,SORT_PARTITION,0.238637
celebi_online,q9,1,SORT_SAMPLE,0.112487
celebi_online,q9,2,CONCAT,15.81411
celebi_online,q9,2,DYNAMIC_FILTER,49.808921
celebi_online,q9,2,GPU_SCAN,7559.146365000002
celebi_online,q9,2,HASH_GROUP_BY,4.085669
celebi_online,q9,2,HASH_JOIN,497.75175500000006
celebi_online,q9,2,MERGE_GROUP_BY,0.652538
celebi_online,q9,2,MERGE_SORT,1.380571
celebi_online,q9,2,ORDER_BY,1.128817
celebi_online,q9,2,PARTITION,1.350012
celebi_online,q9,2,PROJECTION,3.935904
celebi_online,q9,2,RESULT_COLLECTOR,0.162334
celebi_online,q9,2,SORT_PARTITION,0.276972
celebi_online,q9,2,SORT_SAMPLE,0.105214
celebi_online,q9,3,CONCAT,14.883713
celebi_online,q9,3,DYNAMIC_FILTER,54.274682999999996
celebi_online,q9,3,GPU_SCAN,7571.8051350000005
celebi_online,q9,3,HASH_GROUP_BY,5.188470000000001
celebi_online,q9,3,HASH_JOIN,539.023585
celebi_online,q9,3,MERGE_GROUP_BY,0.433481
celebi_online,q9,3,MERGE_SORT,1.197947
celebi_online,q9,3,ORDER_BY,0.676305
celebi_online,q9,3,PARTITION,1.5142879999999994
celebi_online,q9,3,PROJECTION,3.466049
celebi_online,q9,3,RESULT_COLLECTOR,0.183241
celebi_online,q9,3,SORT_PARTITION,0.240869
celebi_online,q9,3,SORT_SAMPLE,0.087171
celebi_online,q9,4,CONCAT,15.585060000000002
celebi_online,q9,4,DYNAMIC_FILTER,54.155936
celebi_online,q9,4,GPU_SCAN,7387.460516
celebi_online,q9,4,HASH_GROUP_BY,4.556052
celebi_online,q9,4,HASH_JOIN,549.097454
celebi_online,q9,4,MERGE_GROUP_BY,0.523286
celebi_online,q9,4,MERGE_SORT,1.287636
celebi_online,q9,4,ORDER_BY,0.61388
celebi_online,q9,4,PARTITION,1.0634650000000003
celebi_online,q9,4,PROJECTION,3.470469
celebi_online,q9,4,RESULT_COLLECTOR,0.153358
celebi_online,q9,4,SORT_PARTITION,0.778995
celebi_online,q9,4,SORT_SAMPLE,0.40719
celebi_online,q9,5,CONCAT,10.942272999999998
celebi_online,q9,5,DYNAMIC_FILTER,57.03528399999998
celebi_online,q9,5,GPU_SCAN,7448.309193999999
celebi_online,q9,5,HASH_GROUP_BY,5.3472729999999995
celebi_online,q9,5,HASH_JOIN,492.18288300000006
celebi_online,q9,5,MERGE_GROUP_BY,0.546554
celebi_online,q9,5,MERGE_SORT,1.702543
celebi_online,q9,5,ORDER_BY,0.646922
celebi_online,q9,5,PARTITION,1.0497409999999998
celebi_online,q9,5,PROJECTION,3.426875
celebi_online,q9,5,RESULT_COLLECTOR,0.169394
celebi_online,q9,5,SORT_PARTITION,0.304807
celebi_online,q9,5,SORT_SAMPLE,0.095778
celebi_online,q9,6,CONCAT,15.794166
celebi_online,q9,6,DYNAMIC_FILTER,64.10162799999999
celebi_online,q9,6,GPU_SCAN,7554.985591999999
celebi_online,q9,6,HASH_GROUP_BY,7.3509519999999995
celebi_online,q9,6,HASH_JOIN,663.0595
celebi_online,q9,6,MERGE_GROUP_BY,0.407943
celebi_online,q9,6,MERGE_SORT,0.988502
celebi_online,q9,6,ORDER_BY,0.619294
celebi_online,q9,6,PARTITION,1.4712749999999999
celebi_online,q9,6,PROJECTION,5.297351
celebi_online,q9,6,RESULT_COLLECTOR,0.134734
celebi_online,q9,6,SORT_PARTITION,0.253403
celebi_online,q9,6,SORT_SAMPLE,0.157908
celebi_online,q9,7,CONCAT,20.068276
celebi_online,q9,7,DYNAMIC_FILTER,57.573954
celebi_online,q9,7,GPU_SCAN,7559.153712
celebi_online,q9,7,HASH_GROUP_BY,5.558657
celebi_online,q9,7,HASH_JOIN,627.697927
celebi_online,q9,7,MERGE_GROUP_BY,0.417388
celebi_online,q9,7,MERGE_SORT,0.492607
celebi_online,q9,7,ORDER_BY,1.079871
celebi_online,q9,7,PARTITION,1.2751599999999994
celebi_online,q9,7,PROJECTION,4.314593
celebi_online,q9,7,RESULT_COLLECTOR,0.116055
celebi_online,q9,7,SORT_PARTITION,0.251374
celebi_online,q9,7,SORT_SAMPLE,0.15567
celebi_online,q9,8,CONCAT,16.381717
celebi_online,q9,8,DYNAMIC_FILTER,52.346355
celebi_online,q9,8,GPU_SCAN,7507.442045999999
celebi_online,q9,8,HASH_GROUP_BY,6.900771
celebi_online,q9,8,HASH_JOIN,686.6144790000001
celebi_online,q9,8,MERGE_GROUP_BY,0.447003
celebi_online,q9,8,MERGE_SORT,0.44983
celebi_online,q9,8,ORDER_BY,0.648915
celebi_online,q9,8,PARTITION,1.126438
celebi_online,q9,8,PROJECTION,5.304927
celebi_online,q9,8,RESULT_COLLECTOR,0.131049
celebi_online,q9,8,SORT_PARTITION,0.236701
celebi_online,q9,8,SORT_SAMPLE,0.106652
celebi_online,q9,9,CONCAT,15.304832000000001
celebi_online,q9,9,DYNAMIC_FILTER,50.830009
celebi_online,q9,9,GPU_SCAN,7286.304386000002
celebi_online,q9,9,HASH_GROUP_BY,3.729081
celebi_online,q9,9,HASH_JOIN,501.028142
celebi_online,q9,9,MERGE_GROUP_BY,0.433309
celebi_online,q9,9,MERGE_SORT,1.357566
celebi_online,q9,9,ORDER_BY,0.624861
celebi_online,q9,9,PARTITION,1.1395699999999997
celebi_online,q9,9,PROJECTION,2.808473
celebi_online,q9,9,RESULT_COLLECTOR,0.133213
celebi_online,q9,9,SORT_PARTITION,0.243368
celebi_online,q9,9,SORT_SAMPLE,0.077756
celebi_online,q9,10,CONCAT,20.437816999999995
celebi_online,q9,10,DYNAMIC_FILTER,53.45292500000001
celebi_online,q9,10,GPU_SCAN,7377.401806999999
celebi_online,q9,10,HASH_GROUP_BY,4.900271
celebi_online,q9,10,HASH_JOIN,502.3635049999999
celebi_online,q9,10,MERGE_GROUP_BY,1.256828
celebi_online,q9,10,MERGE_SORT,1.278268
celebi_online,q9,10,ORDER_BY,0.67135
celebi_online,q9,10,PARTITION,0.8497029999999998
celebi_online,q9,10,PROJECTION,3.407766
celebi_online,q9,10,RESULT_COLLECTOR,0.19489
celebi_online,q9,10,SORT_PARTITION,0.233054
celebi_online,q9,10,SORT_SAMPLE,0.136936
celebi_online,q10,1,CONCAT,1.9630389999999998
celebi_online,q10,1,DYNAMIC_FILTER,9.37776
celebi_online,q10,1,GPU_SCAN,4191.318483
celebi_online,q10,1,HASH_GROUP_BY,28.731463
celebi_online,q10,1,HASH_JOIN,43.49146400000001
celebi_online,q10,1,MERGE_GROUP_BY,0.091684
celebi_online,q10,1,MERGE_TOP_N,4.397778
celebi_online,q10,1,PARTITION,0.6370539999999999
celebi_online,q10,1,PROJECTION,0.697425
celebi_online,q10,1,RESULT_COLLECTOR,1.051092
celebi_online,q10,1,TOP_N,7.305097
celebi_online,q10,2,CONCAT,1.985557
celebi_online,q10,2,DYNAMIC_FILTER,9.692926
celebi_online,q10,2,GPU_SCAN,3575.377347
celebi_online,q10,2,HASH_GROUP_BY,29.091685
celebi_online,q10,2,HASH_JOIN,43.112796
celebi_online,q10,2,MERGE_GROUP_BY,0.077331
celebi_online,q10,2,MERGE_TOP_N,1.587882
celebi_online,q10,2,PARTITION,0.265852
celebi_online,q10,2,PROJECTION,0.7063269999999999
celebi_online,q10,2,RESULT_COLLECTOR,0.275151
celebi_online,q10,2,TOP_N,3.422531
celebi_online,q10,3,CONCAT,1.8307189999999998
celebi_online,q10,3,DYNAMIC_FILTER,12.981431000000002
celebi_online,q10,3,GPU_SCAN,3981.621885
celebi_online,q10,3,HASH_GROUP_BY,28.149723
celebi_online,q10,3,HASH_JOIN,42.195398
celebi_online,q10,3,MERGE_GROUP_BY,0.021554
celebi_online,q10,3,MERGE_TOP_N,1.228224
celebi_online,q10,3,PARTITION,0.232962
celebi_online,q10,3,PROJECTION,0.644374
celebi_online,q10,3,RESULT_COLLECTOR,0.41764
celebi_online,q10,3,TOP_N,2.493908
celebi_online,q10,4,CONCAT,1.7864069999999999
celebi_online,q10,4,DYNAMIC_FILTER,10.076802999999998
celebi_online,q10,4,GPU_SCAN,3709.368632
celebi_online,q10,4,HASH_GROUP_BY,28.322642
celebi_online,q10,4,HASH_JOIN,43.290947
celebi_online,q10,4,MERGE_GROUP_BY,0.071119
celebi_online,q10,4,MERGE_TOP_N,1.337677
celebi_online,q10,4,PARTITION,0.35272800000000004
celebi_online,q10,4,PROJECTION,0.685728
celebi_online,q10,4,RESULT_COLLECTOR,0.827692
celebi_online,q10,4,TOP_N,2.653738
celebi_online,q10,5,CONCAT,2.522652
celebi_online,q10,5,DYNAMIC_FILTER,12.559526
celebi_online,q10,5,GPU_SCAN,3854.40654
celebi_online,q10,5,HASH_GROUP_BY,28.185053
celebi_online,q10,5,HASH_JOIN,43.356306000000004
celebi_online,q10,5,MERGE_GROUP_BY,0.022739
celebi_online,q10,5,MERGE_TOP_N,1.252658
celebi_online,q10,5,PARTITION,0.414652
celebi_online,q10,5,PROJECTION,0.652518
celebi_online,q10,5,RESULT_COLLECTOR,0.468749
celebi_online,q10,5,TOP_N,3.121922
celebi_online,q10,6,CONCAT,1.9242639999999998
celebi_online,q10,6,DYNAMIC_FILTER,9.460913000000001
celebi_online,q10,6,GPU_SCAN,3563.062035
celebi_online,q10,6,HASH_GROUP_BY,28.554798
celebi_online,q10,6,HASH_JOIN,42.673536999999996
celebi_online,q10,6,MERGE_GROUP_BY,0.019956
celebi_online,q10,6,MERGE_TOP_N,1.156742
celebi_online,q10,6,PARTITION,0.392901
celebi_online,q10,6,PROJECTION,0.6445069999999999
celebi_online,q10,6,RESULT_COLLECTOR,0.723235
celebi_online,q10,6,TOP_N,2.608947
celebi_online,q10,7,CONCAT,2.0552740000000003
celebi_online,q10,7,DYNAMIC_FILTER,9.721875
celebi_online,q10,7,GPU_SCAN,3560.5644989999996
celebi_online,q10,7,HASH_GROUP_BY,28.572371
celebi_online,q10,7,HASH_JOIN,42.960342
celebi_online,q10,7,MERGE_GROUP_BY,0.037238
celebi_online,q10,7,MERGE_TOP_N,1.167973
celebi_online,q10,7,PARTITION,0.217078
celebi_online,q10,7,PROJECTION,0.649262
celebi_online,q10,7,RESULT_COLLECTOR,0.639709
celebi_online,q10,7,TOP_N,2.198742
celebi_online,q10,8,CONCAT,2.0836509999999997
celebi_online,q10,8,DYNAMIC_FILTER,10.080472
celebi_online,q10,8,GPU_SCAN,3592.825393
celebi_online,q10,8,HASH_GROUP_BY,28.691676
celebi_online,q10,8,HASH_JOIN,43.268239
celebi_online,q10,8,MERGE_GROUP_BY,0.070169
celebi_online,q10,8,MERGE_TOP_N,1.290727
celebi_online,q10,8,PARTITION,0.4111660000000001
celebi_online,q10,8,PROJECTION,0.6497350000000001
celebi_online,q10,8,RESULT_COLLECTOR,0.605798
celebi_online,q10,8,TOP_N,2.690044
celebi_online,q10,9,CONCAT,2.445244
celebi_online,q10,9,DYNAMIC_FILTER,12.805670999999998
celebi_online,q10,9,GPU_SCAN,4039.1308599999998
celebi_online,q10,9,HASH_GROUP_BY,29.344165
celebi_online,q10,9,HASH_JOIN,43.577312
celebi_online,q10,9,MERGE_GROUP_BY,0.079151
celebi_online,q10,9,MERGE_TOP_N,1.144531
celebi_online,q10,9,PARTITION,0.4456089999999999
celebi_online,q10,9,PROJECTION,0.5831459999999999
celebi_online,q10,9,RESULT_COLLECTOR,0.265569
celebi_online,q10,9,TOP_N,1.559509
celebi_online,q10,10,CONCAT,1.905845
celebi_online,q10,10,DYNAMIC_FILTER,12.323777999999999
celebi_online,q10,10,GPU_SCAN,4016.3612860000003
celebi_online,q10,10,HASH_GROUP_BY,28.397359
celebi_online,q10,10,HASH_JOIN,43.25514
celebi_online,q10,10,MERGE_GROUP_BY,0.067252
celebi_online,q10,10,MERGE_TOP_N,1.250177
celebi_online,q10,10,PARTITION,0.404659
celebi_online,q10,10,PROJECTION,0.648577
celebi_online,q10,10,RESULT_COLLECTOR,0.672414
celebi_online,q10,10,TOP_N,3.21397
celebi_online,q11,1,CONCAT,0.46725700000000003
celebi_online,q11,1,CTE,0.028726
celebi_online,q11,1,DYNAMIC_FILTER,0.145846
celebi_online,q11,1,GPU_SCAN,1176.231212
celebi_online,q11,1,HASH_GROUP_BY,3.078536
celebi_online,q11,1,HASH_JOIN,25.227909000000004
celebi_online,q11,1,MERGE_AGGREGATE,0.288447
celebi_online,q11,1,MERGE_GROUP_BY,3.077691
celebi_online,q11,1,MERGE_SORT,0.022108
celebi_online,q11,1,NESTED_LOOP_JOIN,10.864171
celebi_online,q11,1,ORDER_BY,0.018933
celebi_online,q11,1,PARTITION,0.241107
celebi_online,q11,1,PROJECTION,7.572097
celebi_online,q11,1,RESULT_COLLECTOR,0.026588
celebi_online,q11,1,SORT_PARTITION,0.030843
celebi_online,q11,1,SORT_SAMPLE,0.070181
celebi_online,q11,1,UNGROUPED_AGGREGATE,10.119105
celebi_online,q11,2,CONCAT,0.334361
celebi_online,q11,2,CTE,0.009448
celebi_online,q11,2,DYNAMIC_FILTER,0.115141
celebi_online,q11,2,GPU_SCAN,807.3652060000001
celebi_online,q11,2,HASH_GROUP_BY,2.15797
celebi_online,q11,2,HASH_JOIN,23.610571
celebi_online,q11,2,MERGE_AGGREGATE,0.749228
celebi_online,q11,2,MERGE_GROUP_BY,3.001432
celebi_online,q11,2,MERGE_SORT,0.050628
celebi_online,q11,2,NESTED_LOOP_JOIN,0.384172
celebi_online,q11,2,ORDER_BY,0.019784
celebi_online,q11,2,PARTITION,0.375646
celebi_online,q11,2,PROJECTION,1.3319459999999999
celebi_online,q11,2,RESULT_COLLECTOR,0.02346
celebi_online,q11,2,SORT_PARTITION,0.009711
celebi_online,q11,2,SORT_SAMPLE,0.015557
celebi_online,q11,2,UNGROUPED_AGGREGATE,0.686772
celebi_online,q11,3,CONCAT,0.321875
celebi_online,q11,3,CTE,0.034451
celebi_online,q11,3,DYNAMIC_FILTER,0.101707
celebi_online,q11,3,GPU_SCAN,802.200079
celebi_online,q11,3,HASH_GROUP_BY,1.9343759999999999
celebi_online,q11,3,HASH_JOIN,24.243787
celebi_online,q11,3,MERGE_AGGREGATE,0.756527
celebi_online,q11,3,MERGE_GROUP_BY,2.57833
celebi_online,q11,3,MERGE_SORT,0.007825
celebi_online,q11,3,NESTED_LOOP_JOIN,0.719996
celebi_online,q11,3,ORDER_BY,0.069239
celebi_online,q11,3,PARTITION,0.159265
celebi_online,q11,3,PROJECTION,1.435536
celebi_online,q11,3,RESULT_COLLECTOR,0.021238
celebi_online,q11,3,SORT_PARTITION,0.005728
celebi_online,q11,3,SORT_SAMPLE,0.018647
celebi_online,q11,3,UNGROUPED_AGGREGATE,0.8273229999999999
celebi_online,q11,4,CONCAT,0.31035199999999996
celebi_online,q11,4,CTE,0.009371
celebi_online,q11,4,DYNAMIC_FILTER,0.108673
celebi_online,q11,4,GPU_SCAN,788.243872
celebi_online,q11,4,HASH_GROUP_BY,1.841828
celebi_online,q11,4,HASH_JOIN,23.244833
celebi_online,q11,4,MERGE_AGGREGATE,0.218204
celebi_online,q11,4,MERGE_GROUP_BY,2.726437
celebi_online,q11,4,MERGE_SORT,0.006853
celebi_online,q11,4,NESTED_LOOP_JOIN,0.37919
celebi_online,q11,4,ORDER_BY,0.024514
celebi_online,q11,4,PARTITION,0.225425
celebi_online,q11,4,PROJECTION,1.3427950000000002
celebi_online,q11,4,RESULT_COLLECTOR,0.015541
celebi_online,q11,4,SORT_PARTITION,0.01244
celebi_online,q11,4,SORT_SAMPLE,0.022569
celebi_online,q11,4,UNGROUPED_AGGREGATE,0.553707
celebi_online,q11,5,CONCAT,0.44654
celebi_online,q11,5,CTE,0.008145
celebi_online,q11,5,DYNAMIC_FILTER,0.099087
celebi_online,q11,5,GPU_SCAN,665.22563
celebi_online,q11,5,HASH_GROUP_BY,2.297912
celebi_online,q11,5,HASH_JOIN,45.420653
celebi_online,q11,5,MERGE_AGGREGATE,0.516476
celebi_online,q11,5,MERGE_GROUP_BY,2.775019
celebi_online,q11,5,MERGE_SORT,0.008388
celebi_online,q11,5,NESTED_LOOP_JOIN,0.658412
celebi_online,q11,5,ORDER_BY,0.052223
celebi_online,q11,5,PARTITION,0.29382800000000003
celebi_online,q11,5,PROJECTION,2.072807
celebi_online,q11,5,RESULT_COLLECTOR,0.022382
celebi_online,q11,5,SORT_PARTITION,0.006524
celebi_online,q11,5,SORT_SAMPLE,0.012787
celebi_online,q11,5,UNGROUPED_AGGREGATE,0.991044
celebi_online,q11,6,CONCAT,0.42048199999999997
celebi_online,q11,6,CTE,0.028217
celebi_online,q11,6,DYNAMIC_FILTER,0.104666
celebi_online,q11,6,GPU_SCAN,660.988571
celebi_online,q11,6,HASH_GROUP_BY,2.4526079999999997
celebi_online,q11,6,HASH_JOIN,32.724564
celebi_online,q11,6,MERGE_AGGREGATE,1.354391
celebi_online,q11,6,MERGE_GROUP_BY,2.659849
celebi_online,q11,6,MERGE_SORT,0.039967
celebi_online,q11,6,NESTED_LOOP_JOIN,0.496422
celebi_online,q11,6,ORDER_BY,0.02921
celebi_online,q11,6,PARTITION,0.434811
celebi_online,q11,6,PROJECTION,8.277267
celebi_online,q11,6,RESULT_COLLECTOR,0.008535
celebi_online,q11,6,SORT_PARTITION,0.016065
celebi_online,q11,6,SORT_SAMPLE,0.036508
celebi_online,q11,6,UNGROUPED_AGGREGATE,5.245014
celebi_online,q11,7,CONCAT,0.524693
celebi_online,q11,7,CTE,0.019285
celebi_online,q11,7,DYNAMIC_FILTER,0.127549
celebi_online,q11,7,GPU_SCAN,780.1811909999999
celebi_online,q11,7,HASH_GROUP_BY,2.090591
celebi_online,q11,7,HASH_JOIN,25.10763
celebi_online,q11,7,MERGE_AGGREGATE,0.7224769999999999
celebi_online,q11,7,MERGE_GROUP_BY,3.168758
celebi_online,q11,7,MERGE_SORT,0.012175
celebi_online,q11,7,NESTED_LOOP_JOIN,0.450905
celebi_online,q11,7,ORDER_BY,0.022701
celebi_online,q11,7,PARTITION,0.39320399999999994
celebi_online,q11,7,PROJECTION,1.384078
celebi_online,q11,7,RESULT_COLLECTOR,0.052801
celebi_online,q11,7,SORT_PARTITION,0.013015
celebi_online,q11,7,SORT_SAMPLE,0.031252
celebi_online,q11,7,UNGROUPED_AGGREGATE,0.710701
celebi_online,q11,8,CONCAT,0.382149
celebi_online,q11,8,CTE,0.025787
celebi_online,q11,8,DYNAMIC_FILTER,0.101975
celebi_online,q11,8,GPU_SCAN,885.8175160000001
celebi_online,q11,8,HASH_GROUP_BY,2.1674870000000004
celebi_online,q11,8,HASH_JOIN,28.603991
celebi_online,q11,8,MERGE_AGGREGATE,0.306371
celebi_online,q11,8,MERGE_GROUP_BY,2.766531
celebi_online,q11,8,MERGE_SORT,0.010293
celebi_online,q11,8,NESTED_LOOP_JOIN,0.353829
celebi_online,q11,8,ORDER_BY,0.015021
celebi_online,q11,8,PARTITION,0.24035700000000002
celebi_online,q11,8,PROJECTION,1.5454709999999998
celebi_online,q11,8,RESULT_COLLECTOR,0.053176
celebi_online,q11,8,SORT_PARTITION,0.014167
celebi_online,q11,8,SORT_SAMPLE,0.059355
celebi_online,q11,8,UNGROUPED_AGGREGATE,1.0403060000000002
celebi_online,q11,9,CONCAT,0.358443
celebi_online,q11,9,CTE,0.01078
celebi_online,q11,9,DYNAMIC_FILTER,0.113377
celebi_online,q11,9,GPU_SCAN,779.7123730000001
celebi_online,q11,9,HASH_GROUP_BY,2.139489
celebi_online,q11,9,HASH_JOIN,24.401707000000002
celebi_online,q11,9,MERGE_AGGREGATE,0.31496
celebi_online,q11,9,MERGE_GROUP_BY,3.096799
celebi_online,q11,9,MERGE_SORT,0.035981
celebi_online,q11,9,NESTED_LOOP_JOIN,0.721438
celebi_online,q11,9,ORDER_BY,0.06444
celebi_online,q11,9,PARTITION,0.319041
celebi_online,q11,9,PROJECTION,1.4740060000000001
celebi_online,q11,9,RESULT_COLLECTOR,0.013537
celebi_online,q11,9,SORT_PARTITION,0.016948
celebi_online,q11,9,SORT_SAMPLE,0.036335
celebi_online,q11,9,UNGROUPED_AGGREGATE,1.11932
celebi_online,q11,10,CONCAT,0.21398
celebi_online,q11,10,CTE,0.008968
celebi_online,q11,10,DYNAMIC_FILTER,0.098281
celebi_online,q11,10,GPU_SCAN,775.35824
celebi_online,q11,10,HASH_GROUP_BY,1.922024
celebi_online,q11,10,HASH_JOIN,25.690509999999996
celebi_online,q11,10,MERGE_AGGREGATE,0.633009
celebi_online,q11,10,MERGE_GROUP_BY,2.782548
celebi_online,q11,10,MERGE_SORT,0.006533
celebi_online,q11,10,NESTED_LOOP_JOIN,0.658563
celebi_online,q11,10,ORDER_BY,0.054162
celebi_online,q11,10,PARTITION,0.245374
celebi_online,q11,10,PROJECTION,1.212503
celebi_online,q11,10,RESULT_COLLECTOR,0.004119
celebi_online,q11,10,SORT_PARTITION,0.005052
celebi_online,q11,10,SORT_SAMPLE,0.012201
celebi_online,q11,10,UNGROUPED_AGGREGATE,0.573858
celebi_online,q12,1,CONCAT,1.4608370000000002
celebi_online,q12,1,DYNAMIC_FILTER,6.132294
celebi_online,q12,1,FILTER,23.183622000000003
celebi_online,q12,1,GPU_SCAN,3973.5413029999995
celebi_online,q12,1,HASH_GROUP_BY,1.11348
celebi_online,q12,1,HASH_JOIN,2.698338
celebi_online,q12,1,MERGE_GROUP_BY,0.019474
celebi_online,q12,1,MERGE_SORT,0.269694
celebi_online,q12,1,ORDER_BY,0.228775
celebi_online,q12,1,PARTITION,0.27706000000000003
celebi_online,q12,1,PROJECTION,0.840354
celebi_online,q12,1,RESULT_COLLECTOR,0.154554
celebi_online,q12,1,SORT_PARTITION,0.175591
celebi_online,q12,1,SORT_SAMPLE,0.076283
celebi_online,q12,2,CONCAT,1.928795
celebi_online,q12,2,DYNAMIC_FILTER,8.518322
celebi_online,q12,2,FILTER,39.071331
celebi_online,q12,2,GPU_SCAN,488.2938000000001
celebi_online,q12,2,HASH_GROUP_BY,1.232715
celebi_online,q12,2,HASH_JOIN,2.757284
celebi_online,q12,2,MERGE_GROUP_BY,0.029946
celebi_online,q12,2,MERGE_SORT,0.258162
celebi_online,q12,2,ORDER_BY,0.220056
celebi_online,q12,2,PARTITION,0.317217
celebi_online,q12,2,PROJECTION,1.002649
celebi_online,q12,2,RESULT_COLLECTOR,0.260626
celebi_online,q12,2,SORT_PARTITION,0.192381
celebi_online,q12,2,SORT_SAMPLE,0.09229
celebi_online,q12,3,CONCAT,1.475521
celebi_online,q12,3,DYNAMIC_FILTER,7.116962999999999
celebi_online,q12,3,FILTER,42.83700799999999
celebi_online,q12,3,GPU_SCAN,505.495649
celebi_online,q12,3,HASH_GROUP_BY,1.292099
celebi_online,q12,3,HASH_JOIN,2.875672
celebi_online,q12,3,MERGE_GROUP_BY,0.065431
celebi_online,q12,3,MERGE_SORT,0.48501
celebi_online,q12,3,ORDER_BY,0.198749
celebi_online,q12,3,PARTITION,0.35763700000000004
celebi_online,q12,3,PROJECTION,0.825061
celebi_online,q12,3,RESULT_COLLECTOR,0.395001
celebi_online,q12,3,SORT_PARTITION,0.255162
celebi_online,q12,3,SORT_SAMPLE,0.24253
celebi_online,q12,4,CONCAT,1.572667
celebi_online,q12,4,DYNAMIC_FILTER,5.982361
celebi_online,q12,4,FILTER,46.41135700000001
celebi_online,q12,4,GPU_SCAN,419.33788100000004
celebi_online,q12,4,HASH_GROUP_BY,1.252245
celebi_online,q12,4,HASH_JOIN,2.181312
celebi_online,q12,4,MERGE_GROUP_BY,0.031696
celebi_online,q12,4,MERGE_SORT,0.87351
celebi_online,q12,4,ORDER_BY,0.486292
celebi_online,q12,4,PARTITION,0.5905619999999999
celebi_online,q12,4,PROJECTION,0.58629
celebi_online,q12,4,RESULT_COLLECTOR,0.290927
celebi_online,q12,4,SORT_PARTITION,0.248547
celebi_online,q12,4,SORT_SAMPLE,0.114115
celebi_online,q12,5,CONCAT,1.8726539999999998
celebi_online,q12,5,DYNAMIC_FILTER,6.145865
celebi_online,q12,5,FILTER,52.92787800000001
celebi_online,q12,5,GPU_SCAN,430.751615
celebi_online,q12,5,HASH_GROUP_BY,1.230785
celebi_online,q12,5,HASH_JOIN,2.146962
celebi_online,q12,5,MERGE_GROUP_BY,0.065342
celebi_online,q12,5,MERGE_SORT,0.955635
celebi_online,q12,5,ORDER_BY,0.609098
celebi_online,q12,5,PARTITION,0.6803130000000001
celebi_online,q12,5,PROJECTION,0.573048
celebi_online,q12,5,RESULT_COLLECTOR,0.349912
celebi_online,q12,5,SORT_PARTITION,0.227381
celebi_online,q12,5,SORT_SAMPLE,0.101238
celebi_online,q12,6,CONCAT,1.811442
celebi_online,q12,6,DYNAMIC_FILTER,5.080275
celebi_online,q12,6,FILTER,49.259247
celebi_online,q12,6,GPU_SCAN,419.486315
celebi_online,q12,6,HASH_GROUP_BY,1.363604
celebi_online,q12,6,HASH_JOIN,2.496415
celebi_online,q12,6,MERGE_GROUP_BY,0.066108
celebi_online,q12,6,MERGE_SORT,0.308082
celebi_online,q12,6,ORDER_BY,0.238145
celebi_online,q12,6,PARTITION,0.45715199999999995
celebi_online,q12,6,PROJECTION,0.735006
celebi_online,q12,6,RESULT_COLLECTOR,0.307279
celebi_online,q12,6,SORT_PARTITION,0.278073
celebi_online,q12,6,SORT_SAMPLE,0.149251
celebi_online,q12,7,CONCAT,1.832427
celebi_online,q12,7,DYNAMIC_FILTER,8.734260999999998
celebi_online,q12,7,FILTER,39.915997999999995
celebi_online,q12,7,GPU_SCAN,482.32287199999996
celebi_online,q12,7,HASH_GROUP_BY,1.137302
celebi_online,q12,7,HASH_JOIN,2.756185
celebi_online,q12,7,MERGE_GROUP_BY,0.053508
celebi_online,q12,7,MERGE_SORT,0.298283
celebi_online,q12,7,ORDER_BY,0.234595
celebi_online,q12,7,PARTITION,0.325601
celebi_online,q12,7,PROJECTION,0.848123
celebi_online,q12,7,RESULT_COLLECTOR,0.293789
celebi_online,q12,7,SORT_PARTITION,0.185165
celebi_online,q12,7,SORT_SAMPLE,0.136083
celebi_online,q12,8,CONCAT,1.39685
celebi_online,q12,8,DYNAMIC_FILTER,6.410186
celebi_online,q12,8,FILTER,43.464158
celebi_online,q12,8,GPU_SCAN,480.55537
celebi_online,q12,8,HASH_GROUP_BY,1.089759
celebi_online,q12,8,HASH_JOIN,2.676153
celebi_online,q12,8,MERGE_GROUP_BY,0.021738
celebi_online,q12,8,MERGE_SORT,0.202683
celebi_online,q12,8,ORDER_BY,0.151587
celebi_online,q12,8,PARTITION,0.297988
celebi_online,q12,8,PROJECTION,0.909089
celebi_online,q12,8,RESULT_COLLECTOR,0.235966
celebi_online,q12,8,SORT_PARTITION,0.194903
celebi_online,q12,8,SORT_SAMPLE,0.143997
celebi_online,q12,9,CONCAT,1.573903
celebi_online,q12,9,DYNAMIC_FILTER,7.619331
celebi_online,q12,9,FILTER,40.719064
celebi_online,q12,9,GPU_SCAN,484.056738
celebi_online,q12,9,HASH_GROUP_BY,1.102532
celebi_online,q12,9,HASH_JOIN,2.58121
celebi_online,q12,9,MERGE_GROUP_BY,0.014146
celebi_online,q12,9,MERGE_SORT,0.321478
celebi_online,q12,9,ORDER_BY,0.177702
celebi_online,q12,9,PARTITION,0.3886450000000001
celebi_online,q12,9,PROJECTION,0.538707
celebi_online,q12,9,RESULT_COLLECTOR,0.147004
celebi_online,q12,9,SORT_PARTITION,0.203629
celebi_online,q12,9,SORT_SAMPLE,0.096773
celebi_online,q12,10,CONCAT,1.39378
celebi_online,q12,10,DYNAMIC_FILTER,7.449895
celebi_online,q12,10,FILTER,41.079952999999996
celebi_online,q12,10,GPU_SCAN,483.73443399999996
celebi_online,q12,10,HASH_GROUP_BY,1.174816
celebi_online,q12,10,HASH_JOIN,2.488961
celebi_online,q12,10,MERGE_GROUP_BY,0.009816
celebi_online,q12,10,MERGE_SORT,0.23251
celebi_online,q12,10,ORDER_BY,0.16343
celebi_online,q12,10,PARTITION,0.39813
celebi_online,q12,10,PROJECTION,0.598652
celebi_online,q12,10,RESULT_COLLECTOR,0.104221
celebi_online,q12,10,SORT_PARTITION,0.240839
celebi_online,q12,10,SORT_SAMPLE,0.121072
celebi_online,q13,1,CONCAT,20.304812000000002
celebi_online,q13,1,GPU_SCAN,2065.143431
celebi_online,q13,1,HASH_GROUP_BY,19.182757
celebi_online,q13,1,HASH_JOIN,121.240607
celebi_online,q13,1,MERGE_GROUP_BY,0.038429
celebi_online,q13,1,MERGE_SORT,0.031309
celebi_online,q13,1,ORDER_BY,0.313251
celebi_online,q13,1,PARTITION,0.170462
celebi_online,q13,1,PROJECTION,0.097969
celebi_online,q13,1,RESULT_COLLECTOR,0.142602
celebi_online,q13,1,SORT_PARTITION,0.016371
celebi_online,q13,1,SORT_SAMPLE,0.0269
celebi_online,q13,2,CONCAT,21.874598000000002
celebi_online,q13,2,GPU_SCAN,1982.889235
celebi_online,q13,2,HASH_GROUP_BY,19.350918
celebi_online,q13,2,HASH_JOIN,121.109687
celebi_online,q13,2,MERGE_GROUP_BY,0.067161
celebi_online,q13,2,MERGE_SORT,0.00976
celebi_online,q13,2,ORDER_BY,0.316327
celebi_online,q13,2,PARTITION,0.229904
celebi_online,q13,2,PROJECTION,0.09396800000000001
celebi_online,q13,2,RESULT_COLLECTOR,0.123399
celebi_online,q13,2,SORT_PARTITION,0.034645
celebi_online,q13,2,SORT_SAMPLE,0.081687
celebi_online,q13,3,CONCAT,22.174937
celebi_online,q13,3,GPU_SCAN,1974.637875
celebi_online,q13,3,HASH_GROUP_BY,18.992615999999998
celebi_online,q13,3,HASH_JOIN,120.591314
celebi_online,q13,3,MERGE_GROUP_BY,0.036153
celebi_online,q13,3,MERGE_SORT,0.007705
celebi_online,q13,3,ORDER_BY,0.203095
celebi_online,q13,3,PARTITION,0.155995
celebi_online,q13,3,PROJECTION,0.019355
celebi_online,q13,3,RESULT_COLLECTOR,0.169369
celebi_online,q13,3,SORT_PARTITION,0.009141
celebi_online,q13,3,SORT_SAMPLE,0.007958
celebi_online,q13,4,CONCAT,21.997068000000002
celebi_online,q13,4,GPU_SCAN,2038.19402
celebi_online,q13,4,HASH_GROUP_BY,18.368966
celebi_online,q13,4,HASH_JOIN,120.776683
celebi_online,q13,4,MERGE_GROUP_BY,0.01226
celebi_online,q13,4,MERGE_SORT,0.005535
celebi_online,q13,4,ORDER_BY,0.183689
celebi_online,q13,4,PARTITION,0.130425
celebi_online,q13,4,PROJECTION,0.02149
celebi_online,q13,4,RESULT_COLLECTOR,0.067255
celebi_online,q13,4,SORT_PARTITION,0.004772
celebi_online,q13,4,SORT_SAMPLE,0.005845
celebi_online,q13,5,CONCAT,21.696554000000003
celebi_online,q13,5,GPU_SCAN,2409.411817
celebi_online,q13,5,HASH_GROUP_BY,19.192695
celebi_online,q13,5,HASH_JOIN,121.345983
celebi_online,q13,5,MERGE_GROUP_BY,0.08957899999999999
celebi_online,q13,5,MERGE_SORT,0.010878
celebi_online,q13,5,ORDER_BY,0.544795
celebi_online,q13,5,PARTITION,0.309474
celebi_online,q13,5,PROJECTION,0.053509
celebi_online,q13,5,RESULT_COLLECTOR,0.141548
celebi_online,q13,5,SORT_PARTITION,0.006231
celebi_online,q13,5,SORT_SAMPLE,0.013967
celebi_online,q13,6,CONCAT,22.010296
celebi_online,q13,6,GPU_SCAN,2418.752413
celebi_online,q13,6,HASH_GROUP_BY,19.232366
celebi_online,q13,6,HASH_JOIN,120.842723
celebi_online,q13,6,MERGE_GROUP_BY,0.070839
celebi_online,q13,6,MERGE_SORT,0.009975
celebi_online,q13,6,ORDER_BY,0.22044
celebi_online,q13,6,PARTITION,0.330505
celebi_online,q13,6,PROJECTION,0.068594
celebi_online,q13,6,RESULT_COLLECTOR,0.11077
celebi_online,q13,6,SORT_PARTITION,0.006931
celebi_online,q13,6,SORT_SAMPLE,0.012018
celebi_online,q13,7,CONCAT,21.361659
celebi_online,q13,7,GPU_SCAN,2028.987793
celebi_online,q13,7,HASH_GROUP_BY,18.038695
celebi_online,q13,7,HASH_JOIN,121.076171
celebi_online,q13,7,MERGE_GROUP_BY,0.033069
celebi_online,q13,7,MERGE_SORT,0.005334
celebi_online,q13,7,ORDER_BY,0.184539
celebi_online,q13,7,PARTITION,0.225917
celebi_online,q13,7,PROJECTION,0.023091
celebi_online,q13,7,RESULT_COLLECTOR,0.180123
celebi_online,q13,7,SORT_PARTITION,0.004336
celebi_online,q13,7,SORT_SAMPLE,0.005118
celebi_online,q13,8,CONCAT,21.776453999999998
celebi_online,q13,8,GPU_SCAN,2040.519354
celebi_online,q13,8,HASH_GROUP_BY,18.814948
celebi_online,q13,8,HASH_JOIN,121.012874
celebi_online,q13,8,MERGE_GROUP_BY,0.037318000000000004
celebi_online,q13,8,MERGE_SORT,0.007386
celebi_online,q13,8,ORDER_BY,0.442632
celebi_online,q13,8,PARTITION,0.183012
celebi_online,q13,8,PROJECTION,0.069497
celebi_online,q13,8,RESULT_COLLECTOR,0.15259
celebi_online,q13,8,SORT_PARTITION,0.006762
celebi_online,q13,8,SORT_SAMPLE,0.008407
celebi_online,q13,9,CONCAT,22.161116
celebi_online,q13,9,GPU_SCAN,1978.866799
celebi_online,q13,9,HASH_GROUP_BY,18.578433
celebi_online,q13,9,HASH_JOIN,121.062077
celebi_online,q13,9,MERGE_GROUP_BY,0.050031
celebi_online,q13,9,MERGE_SORT,0.005421
celebi_online,q13,9,ORDER_BY,0.193909
celebi_online,q13,9,PARTITION,0.286358
celebi_online,q13,9,PROJECTION,0.024479
celebi_online,q13,9,RESULT_COLLECTOR,0.217613
celebi_online,q13,9,SORT_PARTITION,0.004718
celebi_online,q13,9,SORT_SAMPLE,0.005428
celebi_online,q13,10,CONCAT,21.907224000000003
celebi_online,q13,10,GPU_SCAN,1987.198062
celebi_online,q13,10,HASH_GROUP_BY,19.260240999999997
celebi_online,q13,10,HASH_JOIN,120.898676
celebi_online,q13,10,MERGE_GROUP_BY,0.011241000000000001
celebi_online,q13,10,MERGE_SORT,0.006289
celebi_online,q13,10,ORDER_BY,0.235771
celebi_online,q13,10,PARTITION,0.161955
celebi_online,q13,10,PROJECTION,0.072612
celebi_online,q13,10,RESULT_COLLECTOR,0.065357
celebi_online,q13,10,SORT_PARTITION,0.008492
celebi_online,q13,10,SORT_SAMPLE,0.013053
celebi_online,q14,1,CONCAT,0.497869
celebi_online,q14,1,GPU_SCAN,4946.644384000001
celebi_online,q14,1,HASH_JOIN,11.308737
celebi_online,q14,1,MERGE_AGGREGATE,0.048816
celebi_online,q14,1,PARTITION,0.4025679999999999
celebi_online,q14,1,PROJECTION,1.6279879999999998
celebi_online,q14,1,RESULT_COLLECTOR,0.168645
celebi_online,q14,1,UNGROUPED_AGGREGATE,0.739259
celebi_online,q14,2,CONCAT,6.39301
celebi_online,q14,2,GPU_SCAN,4731.487551000001
celebi_online,q14,2,HASH_JOIN,10.903354
celebi_online,q14,2,MERGE_AGGREGATE,0.014636
celebi_online,q14,2,PARTITION,0.20709699999999998
celebi_online,q14,2,PROJECTION,1.680157
celebi_online,q14,2,RESULT_COLLECTOR,0.227616
celebi_online,q14,2,UNGROUPED_AGGREGATE,0.861027
celebi_online,q14,3,CONCAT,6.453437999999999
celebi_online,q14,3,GPU_SCAN,4793.583228
celebi_online,q14,3,HASH_JOIN,10.829017
celebi_online,q14,3,MERGE_AGGREGATE,0.038398
celebi_online,q14,3,PARTITION,0.235531
celebi_online,q14,3,PROJECTION,1.6080579999999998
celebi_online,q14,3,RESULT_COLLECTOR,0.184162
celebi_online,q14,3,UNGROUPED_AGGREGATE,0.757971
celebi_online,q14,4,CONCAT,7.07607
celebi_online,q14,4,GPU_SCAN,4880.577260999999
celebi_online,q14,4,HASH_JOIN,10.73157
celebi_online,q14,4,MERGE_AGGREGATE,0.078402
celebi_online,q14,4,PARTITION,0.16688899999999998
celebi_online,q14,4,PROJECTION,1.52484
celebi_online,q14,4,RESULT_COLLECTOR,0.177322
celebi_online,q14,4,UNGROUPED_AGGREGATE,0.729961
celebi_online,q14,5,CONCAT,6.2685830000000005
celebi_online,q14,5,GPU_SCAN,4701.68458
celebi_online,q14,5,HASH_JOIN,10.735844
celebi_online,q14,5,MERGE_AGGREGATE,0.062605
celebi_online,q14,5,PARTITION,0.20168
celebi_online,q14,5,PROJECTION,1.785355
celebi_online,q14,5,RESULT_COLLECTOR,0.16548
celebi_online,q14,5,UNGROUPED_AGGREGATE,1.292846
celebi_online,q14,6,CONCAT,7.359926000000001
celebi_online,q14,6,GPU_SCAN,4675.359247
celebi_online,q14,6,HASH_JOIN,10.728095
celebi_online,q14,6,MERGE_AGGREGATE,0.067424
celebi_online,q14,6,PARTITION,0.46138100000000004
celebi_online,q14,6,PROJECTION,1.5016340000000001
celebi_online,q14,6,RESULT_COLLECTOR,0.182997
celebi_online,q14,6,UNGROUPED_AGGREGATE,0.761333
celebi_online,q14,7,CONCAT,6.617368
celebi_online,q14,7,GPU_SCAN,4731.976882000001
celebi_online,q14,7,HASH_JOIN,10.96976
celebi_online,q14,7,MERGE_AGGREGATE,0.029534
celebi_online,q14,7,PARTITION,0.35461
celebi_online,q14,7,PROJECTION,1.6635069999999998
celebi_online,q14,7,RESULT_COLLECTOR,0.209844
celebi_online,q14,7,UNGROUPED_AGGREGATE,0.772305
celebi_online,q14,8,CONCAT,6.375685
celebi_online,q14,8,GPU_SCAN,4704.813298
celebi_online,q14,8,HASH_JOIN,10.687089
celebi_online,q14,8,MERGE_AGGREGATE,0.041583
celebi_online,q14,8,PARTITION,0.301257
celebi_online,q14,8,PROJECTION,1.7879120000000002
celebi_online,q14,8,RESULT_COLLECTOR,0.158417
celebi_online,q14,8,UNGROUPED_AGGREGATE,0.994227
celebi_online,q14,9,CONCAT,6.495170999999999
celebi_online,q14,9,GPU_SCAN,4724.993702000001
celebi_online,q14,9,HASH_JOIN,10.687398
celebi_online,q14,9,MERGE_AGGREGATE,0.01808
celebi_online,q14,9,PARTITION,0.14287300000000003
celebi_online,q14,9,PROJECTION,1.5488300000000002
celebi_online,q14,9,RESULT_COLLECTOR,0.158076
celebi_online,q14,9,UNGROUPED_AGGREGATE,0.722269
celebi_online,q14,10,CONCAT,6.7293009999999995
celebi_online,q14,10,GPU_SCAN,4699.002913
celebi_online,q14,10,HASH_JOIN,10.681857
celebi_online,q14,10,MERGE_AGGREGATE,0.062089
celebi_online,q14,10,PARTITION,0.183816
celebi_online,q14,10,PROJECTION,1.551847
celebi_online,q14,10,RESULT_COLLECTOR,0.154528
celebi_online,q14,10,UNGROUPED_AGGREGATE,0.703285
celebi_online,q15,1,CONCAT,0.12150700000000002
celebi_online,q15,1,CTE,0.006638
celebi_online,q15,1,GPU_SCAN,4991.86075
celebi_online,q15,1,HASH_GROUP_BY,22.604381
celebi_online,q15,1,HASH_JOIN,3.995225
celebi_online,q15,1,MERGE_AGGREGATE,0.077005
celebi_online,q15,1,MERGE_GROUP_BY,4.827135
celebi_online,q15,1,MERGE_SORT,0.042496
celebi_online,q15,1,ORDER_BY,0.300576
celebi_online,q15,1,PARTITION,0.24941000000000002
celebi_online,q15,1,PROJECTION,8.754031
celebi_online,q15,1,RESULT_COLLECTOR,0.165865
celebi_online,q15,1,SORT_PARTITION,0.012244
celebi_online,q15,1,SORT_SAMPLE,0.020086
celebi_online,q15,1,UNGROUPED_AGGREGATE,7.376826
celebi_online,q15,2,CONCAT,0.08713800000000001
celebi_online,q15,2,CTE,0.016967
celebi_online,q15,2,GPU_SCAN,4700.683147
celebi_online,q15,2,HASH_GROUP_BY,25.050645999999997
celebi_online,q15,2,HASH_JOIN,1.365653
celebi_online,q15,2,MERGE_AGGREGATE,0.029126
celebi_online,q15,2,MERGE_GROUP_BY,5.466775
celebi_online,q15,2,MERGE_SORT,0.011267
celebi_online,q15,2,ORDER_BY,0.280947
celebi_online,q15,2,PARTITION,0.3935600000000001
celebi_online,q15,2,PROJECTION,11.554858
celebi_online,q15,2,RESULT_COLLECTOR,0.214334
celebi_online,q15,2,SORT_PARTITION,0.008208
celebi_online,q15,2,SORT_SAMPLE,0.017021
celebi_online,q15,2,UNGROUPED_AGGREGATE,0.688719
celebi_online,q15,3,CONCAT,0.11638799999999999
celebi_online,q15,3,CTE,0.036883
celebi_online,q15,3,GPU_SCAN,4849.261718000001
celebi_online,q15,3,HASH_GROUP_BY,30.372817000000005
celebi_online,q15,3,HASH_JOIN,2.223897
celebi_online,q15,3,MERGE_AGGREGATE,0.155298
celebi_online,q15,3,MERGE_GROUP_BY,5.015372
celebi_online,q15,3,MERGE_SORT,0.013398
celebi_online,q15,3,ORDER_BY,0.337582
celebi_online,q15,3,PARTITION,0.45361399999999996
celebi_online,q15,3,PROJECTION,18.030590999999998
celebi_online,q15,3,RESULT_COLLECTOR,0.292843
celebi_online,q15,3,SORT_PARTITION,0.017676
celebi_online,q15,3,SORT_SAMPLE,0.052173
celebi_online,q15,3,UNGROUPED_AGGREGATE,0.970923
celebi_online,q15,4,CONCAT,0.111119
celebi_online,q15,4,CTE,0.023517
celebi_online,q15,4,GPU_SCAN,4650.711641
celebi_online,q15,4,HASH_GROUP_BY,21.464210000000005
celebi_online,q15,4,HASH_JOIN,1.9130639999999999
celebi_online,q15,4,MERGE_AGGREGATE,0.041789
celebi_online,q15,4,MERGE_GROUP_BY,4.992888
celebi_online,q15,4,MERGE_SORT,0.010966
celebi_online,q15,4,ORDER_BY,0.315204
celebi_online,q15,4,PARTITION,0.255738
celebi_online,q15,4,PROJECTION,6.424754999999999
celebi_online,q15,4,RESULT_COLLECTOR,0.354775
celebi_online,q15,4,SORT_PARTITION,0.007649
celebi_online,q15,4,SORT_SAMPLE,0.014423
celebi_online,q15,4,UNGROUPED_AGGREGATE,0.72641
celebi_online,q15,5,CONCAT,0.045719
celebi_online,q15,5,CTE,0.008566
celebi_online,q15,5,GPU_SCAN,4691.410272999999
celebi_online,q15,5,HASH_GROUP_BY,24.042748
celebi_online,q15,5,HASH_JOIN,1.633022
celebi_online,q15,5,MERGE_AGGREGATE,0.051182000000000005
celebi_online,q15,5,MERGE_GROUP_BY,4.932056
celebi_online,q15,5,MERGE_SORT,0.017839
celebi_online,q15,5,ORDER_BY,0.277184
celebi_online,q15,5,PARTITION,0.276904
celebi_online,q15,5,PROJECTION,11.413585999999999
celebi_online,q15,5,RESULT_COLLECTOR,0.236167
celebi_online,q15,5,SORT_PARTITION,0.015446
celebi_online,q15,5,SORT_SAMPLE,0.023362
celebi_online,q15,5,UNGROUPED_AGGREGATE,0.47353500000000004
celebi_online,q15,6,CONCAT,0.10290400000000001
celebi_online,q15,6,CTE,0.020137
celebi_online,q15,6,GPU_SCAN,4919.0447
celebi_online,q15,6,HASH_GROUP_BY,28.684936
celebi_online,q15,6,HASH_JOIN,1.648292
celebi_online,q15,6,MERGE_AGGREGATE,0.054612999999999995
celebi_online,q15,6,MERGE_GROUP_BY,5.263677
celebi_online,q15,6,MERGE_SORT,0.010687
celebi_online,q15,6,ORDER_BY,0.26595
celebi_online,q15,6,PARTITION,0.281631
celebi_online,q15,6,PROJECTION,17.054049
celebi_online,q15,6,RESULT_COLLECTOR,0.240983
celebi_online,q15,6,SORT_PARTITION,0.018166
celebi_online,q15,6,SORT_SAMPLE,0.024107
celebi_online,q15,6,UNGROUPED_AGGREGATE,0.453025
celebi_online,q15,7,CONCAT,0.071874
celebi_online,q15,7,CTE,0.005851
celebi_online,q15,7,GPU_SCAN,4696.354719999999
celebi_online,q15,7,HASH_GROUP_BY,21.050404000000004
celebi_online,q15,7,HASH_JOIN,1.606405
celebi_online,q15,7,MERGE_AGGREGATE,0.039846
celebi_online,q15,7,MERGE_GROUP_BY,4.847775
celebi_online,q15,7,MERGE_SORT,0.017147
celebi_online,q15,7,ORDER_BY,0.318306
celebi_online,q15,7,PARTITION,0.287347
celebi_online,q15,7,PROJECTION,9.333136999999999
celebi_online,q15,7,RESULT_COLLECTOR,0.157008
celebi_online,q15,7,SORT_PARTITION,0.017551
celebi_online,q15,7,SORT_SAMPLE,0.023639
celebi_online,q15,7,UNGROUPED_AGGREGATE,0.758978
celebi_online,q15,8,CONCAT,0.089356
celebi_online,q15,8,CTE,0.007342
celebi_online,q15,8,GPU_SCAN,4714.751882999999
celebi_online,q15,8,HASH_GROUP_BY,22.254036999999997
celebi_online,q15,8,HASH_JOIN,1.720394
celebi_online,q15,8,MERGE_AGGREGATE,0.067042
celebi_online,q15,8,MERGE_GROUP_BY,4.88091
celebi_online,q15,8,MERGE_SORT,0.012808
celebi_online,q15,8,ORDER_BY,0.361875
celebi_online,q15,8,PARTITION,0.33903400000000006
celebi_online,q15,8,PROJECTION,10.507226000000001
celebi_online,q15,8,RESULT_COLLECTOR,0.213703
celebi_online,q15,8,SORT_PARTITION,0.017405
celebi_online,q15,8,SORT_SAMPLE,0.025307
celebi_online,q15,8,UNGROUPED_AGGREGATE,0.779181
celebi_online,q15,9,CONCAT,0.06343299999999999
celebi_online,q15,9,CTE,0.01952
celebi_online,q15,9,GPU_SCAN,4689.364539
celebi_online,q15,9,HASH_GROUP_BY,20.988076999999997
celebi_online,q15,9,HASH_JOIN,1.436917
celebi_online,q15,9,MERGE_AGGREGATE,0.060829999999999995
celebi_online,q15,9,MERGE_GROUP_BY,5.327841
celebi_online,q15,9,MERGE_SORT,0.008389
celebi_online,q15,9,ORDER_BY,0.240107
celebi_online,q15,9,PARTITION,0.3924090000000001
celebi_online,q15,9,PROJECTION,9.667005999999999
celebi_online,q15,9,RESULT_COLLECTOR,0.366993
celebi_online,q15,9,SORT_PARTITION,0.010432
celebi_online,q15,9,SORT_SAMPLE,0.019273
celebi_online,q15,9,UNGROUPED_AGGREGATE,0.335148
celebi_online,q15,10,CONCAT,0.054697
celebi_online,q15,10,CTE,0.020899
celebi_online,q15,10,GPU_SCAN,4691.352736000001
celebi_online,q15,10,HASH_GROUP_BY,21.082303
celebi_online,q15,10,HASH_JOIN,1.51475
celebi_online,q15,10,MERGE_AGGREGATE,0.041357000000000005
celebi_online,q15,10,MERGE_GROUP_BY,5.391656
celebi_online,q15,10,MERGE_SORT,0.013102
celebi_online,q15,10,ORDER_BY,0.264011
celebi_online,q15,10,PARTITION,0.21881500000000004
celebi_online,q15,10,PROJECTION,9.553218
celebi_online,q15,10,RESULT_COLLECTOR,0.174375
celebi_online,q15,10,SORT_PARTITION,0.026466
celebi_online,q15,10,SORT_SAMPLE,0.03793
celebi_online,q15,10,UNGROUPED_AGGREGATE,0.32972
celebi_online,q16,1,CONCAT,0.290821
celebi_online,q16,1,DYNAMIC_FILTER,1.126304
celebi_online,q16,1,FILTER,20.193060000000003
celebi_online,q16,1,GPU_SCAN,193.08316900000003
celebi_online,q16,1,HASH_GROUP_BY,107.266123
celebi_online,q16,1,HASH_JOIN,23.013841
celebi_online,q16,1,MERGE_GROUP_BY,2.748812
celebi_online,q16,1,MERGE_SORT,0.012736
celebi_online,q16,1,ORDER_BY,2.316257
celebi_online,q16,1,PARTITION,0.234975
celebi_online,q16,1,PROJECTION,0.021519
celebi_online,q16,1,RESULT_COLLECTOR,1.731996
celebi_online,q16,1,SORT_PARTITION,0.021303
celebi_online,q16,1,SORT_SAMPLE,0.042099
celebi_online,q16,2,CONCAT,0.404856
celebi_online,q16,2,DYNAMIC_FILTER,1.135049
celebi_online,q16,2,FILTER,6.391883999999999
celebi_online,q16,2,GPU_SCAN,186.54398
celebi_online,q16,2,HASH_GROUP_BY,81.21168
celebi_online,q16,2,HASH_JOIN,8.731836999999999
celebi_online,q16,2,MERGE_GROUP_BY,1.199159
celebi_online,q16,2,MERGE_SORT,0.010221
celebi_online,q16,2,ORDER_BY,2.411094
celebi_online,q16,2,PARTITION,0.18840500000000002
celebi_online,q16,2,PROJECTION,0.015385
celebi_online,q16,2,RESULT_COLLECTOR,1.767751
celebi_online,q16,2,SORT_PARTITION,0.006304
celebi_online,q16,2,SORT_SAMPLE,0.011403
celebi_online,q16,3,CONCAT,0.363588
celebi_online,q16,3,DYNAMIC_FILTER,1.154919
celebi_online,q16,3,FILTER,6.322449000000001
celebi_online,q16,3,GPU_SCAN,186.85468400000002
celebi_online,q16,3,HASH_GROUP_BY,81.057525
celebi_online,q16,3,HASH_JOIN,8.807264
celebi_online,q16,3,MERGE_GROUP_BY,0.492028
celebi_online,q16,3,MERGE_SORT,0.029606
celebi_online,q16,3,ORDER_BY,2.27811
celebi_online,q16,3,PARTITION,0.215764
celebi_online,q16,3,PROJECTION,0.017758
celebi_online,q16,3,RESULT_COLLECTOR,0.870669
celebi_online,q16,3,SORT_PARTITION,0.007111
celebi_online,q16,3,SORT_SAMPLE,0.010111
celebi_online,q16,4,CONCAT,0.34175500000000003
celebi_online,q16,4,DYNAMIC_FILTER,1.10478
celebi_online,q16,4,FILTER,6.592263
celebi_online,q16,4,GPU_SCAN,186.595752
celebi_online,q16,4,HASH_GROUP_BY,80.984589
celebi_online,q16,4,HASH_JOIN,9.582808
celebi_online,q16,4,MERGE_GROUP_BY,1.202056
celebi_online,q16,4,MERGE_SORT,0.016651
celebi_online,q16,4,ORDER_BY,2.713331
celebi_online,q16,4,PARTITION,0.466601
celebi_online,q16,4,PROJECTION,0.016145
celebi_online,q16,4,RESULT_COLLECTOR,1.490919
celebi_online,q16,4,SORT_PARTITION,0.02322
celebi_online,q16,4,SORT_SAMPLE,0.038186
celebi_online,q16,5,CONCAT,0.28674400000000005
celebi_online,q16,5,DYNAMIC_FILTER,1.142587
celebi_online,q16,5,FILTER,6.4242550000000005
celebi_online,q16,5,GPU_SCAN,186.94324
celebi_online,q16,5,HASH_GROUP_BY,81.430726
celebi_online,q16,5,HASH_JOIN,9.586271
celebi_online,q16,5,MERGE_GROUP_BY,0.452223
celebi_online,q16,5,MERGE_SORT,0.009032
celebi_online,q16,5,ORDER_BY,2.672913
celebi_online,q16,5,PARTITION,0.17504099999999997
celebi_online,q16,5,PROJECTION,0.019163
celebi_online,q16,5,RESULT_COLLECTOR,1.714508
celebi_online,q16,5,SORT_PARTITION,0.009071
celebi_online,q16,5,SORT_SAMPLE,0.019577
celebi_online,q16,6,CONCAT,0.484572
celebi_online,q16,6,DYNAMIC_FILTER,1.14674
celebi_online,q16,6,FILTER,6.592258
celebi_online,q16,6,GPU_SCAN,189.22427
celebi_online,q16,6,HASH_GROUP_BY,87.465112
celebi_online,q16,6,HASH_JOIN,9.373384999999999
celebi_online,q16,6,MERGE_GROUP_BY,1.261575
celebi_online,q16,6,MERGE_SORT,0.082887
celebi_online,q16,6,ORDER_BY,2.671313
celebi_online,q16,6,PARTITION,0.358637
celebi_online,q16,6,PROJECTION,0.024051
celebi_online,q16,6,RESULT_COLLECTOR,1.151915
celebi_online,q16,6,SORT_PARTITION,0.015331
celebi_online,q16,6,SORT_SAMPLE,0.030112
celebi_online,q16,7,CONCAT,0.42160099999999995
celebi_online,q16,7,DYNAMIC_FILTER,1.175478
celebi_online,q16,7,FILTER,6.779776
celebi_online,q16,7,GPU_SCAN,195.418558
celebi_online,q16,7,HASH_GROUP_BY,86.633092
celebi_online,q16,7,HASH_JOIN,9.346473
celebi_online,q16,7,MERGE_GROUP_BY,1.258793
celebi_online,q16,7,MERGE_SORT,0.032984
celebi_online,q16,7,ORDER_BY,2.502665
celebi_online,q16,7,PARTITION,0.31052
celebi_online,q16,7,PROJECTION,0.017436
celebi_online,q16,7,RESULT_COLLECTOR,0.985247
celebi_online,q16,7,SORT_PARTITION,0.011659
celebi_online,q16,7,SORT_SAMPLE,0.019709
celebi_online,q16,8,CONCAT,0.341503
celebi_online,q16,8,DYNAMIC_FILTER,1.164571
celebi_online,q16,8,FILTER,6.851451
celebi_online,q16,8,GPU_SCAN,191.761035
celebi_online,q16,8,HASH_GROUP_BY,86.609247
celebi_online,q16,8,HASH_JOIN,9.635459
celebi_online,q16,8,MERGE_GROUP_BY,0.498383
celebi_online,q16,8,MERGE_SORT,0.029937
celebi_online,q16,8,ORDER_BY,2.935587
celebi_online,q16,8,PARTITION,0.32807299999999995
celebi_online,q16,8,PROJECTION,0.015881
celebi_online,q16,8,RESULT_COLLECTOR,1.187147
celebi_online,q16,8,SORT_PARTITION,0.006421
celebi_online,q16,8,SORT_SAMPLE,0.008634
celebi_online,q16,9,CONCAT,0.417124
celebi_online,q16,9,DYNAMIC_FILTER,1.141789
celebi_online,q16,9,FILTER,6.561834
celebi_online,q16,9,GPU_SCAN,188.381788
celebi_online,q16,9,HASH_GROUP_BY,85.428559
celebi_online,q16,9,HASH_JOIN,9.631886999999999
celebi_online,q16,9,MERGE_GROUP_BY,0.462142
celebi_online,q16,9,MERGE_SORT,0.032884
celebi_online,q16,9,ORDER_BY,2.387244
celebi_online,q16,9,PARTITION,0.192566
celebi_online,q16,9,PROJECTION,0.016578
celebi_online,q16,9,RESULT_COLLECTOR,0.826153
celebi_online,q16,9,SORT_PARTITION,0.005998
celebi_online,q16,9,SORT_SAMPLE,0.009706
celebi_online,q16,10,CONCAT,0.274052
celebi_online,q16,10,DYNAMIC_FILTER,1.129599
celebi_online,q16,10,FILTER,6.895856
celebi_online,q16,10,GPU_SCAN,189.789122
celebi_online,q16,10,HASH_GROUP_BY,86.583594
celebi_online,q16,10,HASH_JOIN,9.517458999999999
celebi_online,q16,10,MERGE_GROUP_BY,1.027478
celebi_online,q16,10,MERGE_SORT,0.012966
celebi_online,q16,10,ORDER_BY,2.55494
celebi_online,q16,10,PARTITION,0.284962
celebi_online,q16,10,PROJECTION,0.015121
celebi_online,q16,10,RESULT_COLLECTOR,1.171776
celebi_online,q16,10,SORT_PARTITION,0.032664
celebi_online,q16,10,SORT_SAMPLE,0.051777
celebi_online,q17,1,CONCAT,0.736356
celebi_online,q17,1,DYNAMIC_FILTER,28.638875
celebi_online,q17,1,FILTER,0.144702
celebi_online,q17,1,GPU_SCAN,6428.238807999999
celebi_online,q17,1,HASH_GROUP_BY,18.010928999999997
celebi_online,q17,1,HASH_JOIN,143.88737500000002
celebi_online,q17,1,LEFT_DELIM_JOIN,0.231356
celebi_online,q17,1,MERGE_AGGREGATE,0.043036
celebi_online,q17,1,MERGE_GROUP_BY,0.840731
celebi_online,q17,1,PARTITION,1.14676
celebi_online,q17,1,PROJECTION,0.9948920000000001
celebi_online,q17,1,RESULT_COLLECTOR,0.157116
celebi_online,q17,1,UNGROUPED_AGGREGATE,0.210928
celebi_online,q17,2,CONCAT,0.39643
celebi_online,q17,2,DYNAMIC_FILTER,24.56536
celebi_online,q17,2,FILTER,0.13865
celebi_online,q17,2,GPU_SCAN,6191.231252000001
celebi_online,q17,2,HASH_GROUP_BY,36.189266999999994
celebi_online,q17,2,HASH_JOIN,187.15225500000003
celebi_online,q17,2,LEFT_DELIM_JOIN,0.182815
celebi_online,q17,2,MERGE_AGGREGATE,0.044217
celebi_online,q17,2,MERGE_GROUP_BY,0.600784
celebi_online,q17,2,PARTITION,0.733845
celebi_online,q17,2,PROJECTION,3.0789339999999994
celebi_online,q17,2,RESULT_COLLECTOR,0.120305
celebi_online,q17,2,UNGROUPED_AGGREGATE,0.184849
celebi_online,q17,3,CONCAT,0.5958280000000001
celebi_online,q17,3,DYNAMIC_FILTER,24.878734
celebi_online,q17,3,FILTER,0.282352
celebi_online,q17,3,GPU_SCAN,6070.871651
celebi_online,q17,3,HASH_GROUP_BY,32.827892
celebi_online,q17,3,HASH_JOIN,171.473722
celebi_online,q17,3,LEFT_DELIM_JOIN,0.368262
celebi_online,q17,3,MERGE_AGGREGATE,0.042868
celebi_online,q17,3,MERGE_GROUP_BY,0.805964
celebi_online,q17,3,PARTITION,0.670497
celebi_online,q17,3,PROJECTION,28.213871
celebi_online,q17,3,RESULT_COLLECTOR,0.138305
celebi_online,q17,3,UNGROUPED_AGGREGATE,0.423297
celebi_online,q17,4,CONCAT,0.4461780000000001
celebi_online,q17,4,DYNAMIC_FILTER,24.097898
celebi_online,q17,4,FILTER,0.36268
celebi_online,q17,4,GPU_SCAN,6037.119017
celebi_online,q17,4,HASH_GROUP_BY,30.193898000000004
celebi_online,q17,4,HASH_JOIN,173.791633
celebi_online,q17,4,LEFT_DELIM_JOIN,0.246015
celebi_online,q17,4,MERGE_AGGREGATE,0.023403
celebi_online,q17,4,MERGE_GROUP_BY,1.484618
celebi_online,q17,4,PARTITION,0.548625
celebi_online,q17,4,PROJECTION,1.1872679999999998
celebi_online,q17,4,RESULT_COLLECTOR,0.089771
celebi_online,q17,4,UNGROUPED_AGGREGATE,0.444272
celebi_online,q17,5,CONCAT,0.655364
celebi_online,q17,5,DYNAMIC_FILTER,26.066657000000003
celebi_online,q17,5,FILTER,0.127643
celebi_online,q17,5,GPU_SCAN,6115.834919000001
celebi_online,q17,5,HASH_GROUP_BY,8.318475
celebi_online,q17,5,HASH_JOIN,218.09575700000005
celebi_online,q17,5,LEFT_DELIM_JOIN,0.232991
celebi_online,q17,5,MERGE_AGGREGATE,0.012509
celebi_online,q17,5,MERGE_GROUP_BY,0.651304
celebi_online,q17,5,PARTITION,0.381014
celebi_online,q17,5,PROJECTION,0.471742
celebi_online,q17,5,RESULT_COLLECTOR,0.08829
celebi_online,q17,5,UNGROUPED_AGGREGATE,0.176169
celebi_online,q17,6,CONCAT,0.5133679999999999
celebi_online,q17,6,DYNAMIC_FILTER,29.568993000000003
celebi_online,q17,6,FILTER,0.129633
celebi_online,q17,6,GPU_SCAN,6188.992063999999
celebi_online,q17,6,HASH_GROUP_BY,49.955413
celebi_online,q17,6,HASH_JOIN,174.369273
celebi_online,q17,6,LEFT_DELIM_JOIN,0.211024
celebi_online,q17,6,MERGE_AGGREGATE,0.031132
celebi_online,q17,6,MERGE_GROUP_BY,0.607808
celebi_online,q17,6,PARTITION,0.43226
celebi_online,q17,6,PROJECTION,0.40934
celebi_online,q17,6,RESULT_COLLECTOR,0.074924
celebi_online,q17,6,UNGROUPED_AGGREGATE,0.172384
celebi_online,q17,7,CONCAT,0.5855790000000001
celebi_online,q17,7,DYNAMIC_FILTER,31.145233
celebi_online,q17,7,FILTER,0.127601
celebi_online,q17,7,GPU_SCAN,6221.921699000001
celebi_online,q17,7,HASH_GROUP_BY,25.630757
celebi_online,q17,7,HASH_JOIN,179.30997
celebi_online,q17,7,LEFT_DELIM_JOIN,0.220879
celebi_online,q17,7,MERGE_AGGREGATE,0.020991
celebi_online,q17,7,MERGE_GROUP_BY,0.655794
celebi_online,q17,7,PARTITION,0.45734099999999994
celebi_online,q17,7,PROJECTION,8.504038
celebi_online,q17,7,RESULT_COLLECTOR,0.093668
celebi_online,q17,7,UNGROUPED_AGGREGATE,0.161355
celebi_online,q17,8,CONCAT,0.514855
celebi_online,q17,8,DYNAMIC_FILTER,30.310747999999997
celebi_online,q17,8,FILTER,0.120223
celebi_online,q17,8,GPU_SCAN,6087.893421000001
celebi_online,q17,8,HASH_GROUP_BY,33.713154
celebi_online,q17,8,HASH_JOIN,167.48399300000003
celebi_online,q17,8,LEFT_DELIM_JOIN,0.309982
celebi_online,q17,8,MERGE_AGGREGATE,0.035872
celebi_online,q17,8,MERGE_GROUP_BY,0.5739799999999999
celebi_online,q17,8,PARTITION,0.48587199999999997
celebi_online,q17,8,PROJECTION,0.48985799999999996
celebi_online,q17,8,RESULT_COLLECTOR,0.07628
celebi_online,q17,8,UNGROUPED_AGGREGATE,0.145406
celebi_online,q17,9,CONCAT,0.358506
celebi_online,q17,9,DYNAMIC_FILTER,29.876452999999998
celebi_online,q17,9,FILTER,0.310164
celebi_online,q17,9,GPU_SCAN,6077.460737999999
celebi_online,q17,9,HASH_GROUP_BY,24.669102999999996
celebi_online,q17,9,HASH_JOIN,177.75143300000002
celebi_online,q17,9,LEFT_DELIM_JOIN,0.219151
celebi_online,q17,9,MERGE_AGGREGATE,0.026277
celebi_online,q17,9,MERGE_GROUP_BY,1.159558
celebi_online,q17,9,PARTITION,0.599946
celebi_online,q17,9,PROJECTION,7.993961999999999
celebi_online,q17,9,RESULT_COLLECTOR,0.0765
celebi_online,q17,9,UNGROUPED_AGGREGATE,0.432049
celebi_online,q17,10,CONCAT,0.43633200000000005
celebi_online,q17,10,DYNAMIC_FILTER,29.401906
celebi_online,q17,10,FILTER,0.220652
celebi_online,q17,10,GPU_SCAN,6094.269773
celebi_online,q17,10,HASH_GROUP_BY,47.144231
celebi_online,q17,10,HASH_JOIN,160.64566000000002
celebi_online,q17,10,LEFT_DELIM_JOIN,0.184265
celebi_online,q17,10,MERGE_AGGREGATE,0.013502
celebi_online,q17,10,MERGE_GROUP_BY,0.6048669999999999
celebi_online,q17,10,PARTITION,0.440888
celebi_online,q17,10,PROJECTION,7.939273999999999
celebi_online,q17,10,RESULT_COLLECTOR,0.104773
celebi_online,q17,10,UNGROUPED_AGGREGATE,0.28192
celebi_online,q18,1,CONCAT,1.114342
celebi_online,q18,1,DYNAMIC_FILTER,32.039692
celebi_online,q18,1,FILTER,8.718708
celebi_online,q18,1,GPU_SCAN,3598.777989
celebi_online,q18,1,HASH_GROUP_BY,178.54011799999995
celebi_online,q18,1,HASH_JOIN,5.024265
celebi_online,q18,1,MERGE_GROUP_BY,306.361517
celebi_online,q18,1,MERGE_TOP_N,0.636725
celebi_online,q18,1,PARTITION,85.68765900000001
celebi_online,q18,1,PROJECTION,0.024008
celebi_online,q18,1,RESULT_COLLECTOR,0.48182
celebi_online,q18,1,TOP_N,0.869581
celebi_online,q18,2,CONCAT,4.490147
celebi_online,q18,2,DYNAMIC_FILTER,29.536880999999997
celebi_online,q18,2,FILTER,7.252337000000001
celebi_online,q18,2,GPU_SCAN,3351.0830920000008
celebi_online,q18,2,HASH_GROUP_BY,334.95356300000003
celebi_online,q18,2,HASH_JOIN,4.416232
celebi_online,q18,2,MERGE_GROUP_BY,308.548203
celebi_online,q18,2,MERGE_TOP_N,0.437104
celebi_online,q18,2,PARTITION,59.646615000000004
celebi_online,q18,2,PROJECTION,0.052051
celebi_online,q18,2,RESULT_COLLECTOR,0.205148
celebi_online,q18,2,TOP_N,0.629472
celebi_online,q18,3,CONCAT,4.450102
celebi_online,q18,3,DYNAMIC_FILTER,33.162613
celebi_online,q18,3,FILTER,7.121779
celebi_online,q18,3,GPU_SCAN,3379.1541809999994
celebi_online,q18,3,HASH_GROUP_BY,261.065331
celebi_online,q18,3,HASH_JOIN,3.933903
celebi_online,q18,3,MERGE_GROUP_BY,305.390778
celebi_online,q18,3,MERGE_TOP_N,0.331137
celebi_online,q18,3,PARTITION,59.68361999999999
celebi_online,q18,3,PROJECTION,0.015338
celebi_online,q18,3,RESULT_COLLECTOR,0.250754
celebi_online,q18,3,TOP_N,0.509004
celebi_online,q18,4,CONCAT,4.2039
celebi_online,q18,4,DYNAMIC_FILTER,26.714777
celebi_online,q18,4,FILTER,7.166766999999999
celebi_online,q18,4,GPU_SCAN,3165.6293369999994
celebi_online,q18,4,HASH_GROUP_BY,240.06236399999995
celebi_online,q18,4,HASH_JOIN,3.8618599999999996
celebi_online,q18,4,MERGE_GROUP_BY,307.167464
celebi_online,q18,4,MERGE_TOP_N,0.344112
celebi_online,q18,4,PARTITION,60.450801000000006
celebi_online,q18,4,PROJECTION,0.013406
celebi_online,q18,4,RESULT_COLLECTOR,0.172997
celebi_online,q18,4,TOP_N,0.513707
celebi_online,q18,5,CONCAT,5.03263
celebi_online,q18,5,DYNAMIC_FILTER,27.560989999999997
celebi_online,q18,5,FILTER,7.486948
celebi_online,q18,5,GPU_SCAN,3158.9953610000002
celebi_online,q18,5,HASH_GROUP_BY,268.86496300000005
celebi_online,q18,5,HASH_JOIN,4.294185
celebi_online,q18,5,MERGE_GROUP_BY,308.538697
celebi_online,q18,5,MERGE_TOP_N,0.350337
celebi_online,q18,5,PARTITION,60.704619
celebi_online,q18,5,PROJECTION,0.011915
celebi_online,q18,5,RESULT_COLLECTOR,0.242346
celebi_online,q18,5,TOP_N,0.619506
celebi_online,q18,6,CONCAT,4.5921639999999995
celebi_online,q18,6,DYNAMIC_FILTER,31.007231000000004
celebi_online,q18,6,FILTER,7.707733000000001
celebi_online,q18,6,GPU_SCAN,3318.604122
celebi_online,q18,6,HASH_GROUP_BY,325.69281700000005
celebi_online,q18,6,HASH_JOIN,4.771688
celebi_online,q18,6,MERGE_GROUP_BY,307.86207099999996
celebi_online,q18,6,MERGE_TOP_N,0.360871
celebi_online,q18,6,PARTITION,60.992028999999995
celebi_online,q18,6,PROJECTION,0.041665
celebi_online,q18,6,RESULT_COLLECTOR,0.210873
celebi_online,q18,6,TOP_N,0.521594
celebi_online,q18,7,CONCAT,4.2856819999999995
celebi_online,q18,7,DYNAMIC_FILTER,26.606005000000003
celebi_online,q18,7,FILTER,7.25402
celebi_online,q18,7,GPU_SCAN,3147.524707
celebi_online,q18,7,HASH_GROUP_BY,261.871166
celebi_online,q18,7,HASH_JOIN,3.837456
celebi_online,q18,7,MERGE_GROUP_BY,309.712037
celebi_online,q18,7,MERGE_TOP_N,0.357549
celebi_online,q18,7,PARTITION,59.79522499999999
celebi_online,q18,7,PROJECTION,0.011496
celebi_online,q18,7,RESULT_COLLECTOR,0.185284
celebi_online,q18,7,TOP_N,0.522703
celebi_online,q18,8,CONCAT,4.925687
celebi_online,q18,8,DYNAMIC_FILTER,34.666256000000004
celebi_online,q18,8,FILTER,7.131546
celebi_online,q18,8,GPU_SCAN,3148.710985
celebi_online,q18,8,HASH_GROUP_BY,271.842293
celebi_online,q18,8,HASH_JOIN,4.742208
celebi_online,q18,8,MERGE_GROUP_BY,308.50372
celebi_online,q18,8,MERGE_TOP_N,0.438309
celebi_online,q18,8,PARTITION,60.756086
celebi_online,q18,8,PROJECTION,0.029017
celebi_online,q18,8,RESULT_COLLECTOR,0.255678
celebi_online,q18,8,TOP_N,0.595072
celebi_online,q18,9,CONCAT,4.538041000000001
celebi_online,q18,9,DYNAMIC_FILTER,29.245076
celebi_online,q18,9,FILTER,7.244906
celebi_online,q18,9,GPU_SCAN,3178.6784340000004
celebi_online,q18,9,HASH_GROUP_BY,271.125899
celebi_online,q18,9,HASH_JOIN,4.187995
celebi_online,q18,9,MERGE_GROUP_BY,307.75477900000004
celebi_online,q18,9,MERGE_TOP_N,0.416677
celebi_online,q18,9,PARTITION,60.366611000000006
celebi_online,q18,9,PROJECTION,0.014962
celebi_online,q18,9,RESULT_COLLECTOR,0.360141
celebi_online,q18,9,TOP_N,0.587756
celebi_online,q18,10,CONCAT,4.484547
celebi_online,q18,10,DYNAMIC_FILTER,33.10520400000001
celebi_online,q18,10,FILTER,7.813985000000001
celebi_online,q18,10,GPU_SCAN,3240.200541
celebi_online,q18,10,HASH_GROUP_BY,282.76365400000003
celebi_online,q18,10,HASH_JOIN,4.069814
celebi_online,q18,10,MERGE_GROUP_BY,309.793906
celebi_online,q18,10,MERGE_TOP_N,0.382273
celebi_online,q18,10,PARTITION,60.649577
celebi_online,q18,10,PROJECTION,0.01307
celebi_online,q18,10,RESULT_COLLECTOR,0.296416
celebi_online,q18,10,TOP_N,0.581448
celebi_online,q19,1,CONCAT,3.685594
celebi_online,q19,1,DYNAMIC_FILTER,3.783304
celebi_online,q19,1,FILTER,34.42496200000001
celebi_online,q19,1,GPU_SCAN,5123.670908000002
celebi_online,q19,1,HASH_JOIN,21.53723
celebi_online,q19,1,MERGE_AGGREGATE,0.074467
celebi_online,q19,1,PARTITION,0.8619960000000001
celebi_online,q19,1,PROJECTION,0.107107
celebi_online,q19,1,RESULT_COLLECTOR,0.346685
celebi_online,q19,1,UNGROUPED_AGGREGATE,0.220312
celebi_online,q19,2,CONCAT,3.623326
celebi_online,q19,2,DYNAMIC_FILTER,3.726889
celebi_online,q19,2,FILTER,32.16846300000001
celebi_online,q19,2,GPU_SCAN,5048.880044000001
celebi_online,q19,2,HASH_JOIN,21.493547
celebi_online,q19,2,MERGE_AGGREGATE,0.061468
celebi_online,q19,2,PARTITION,0.4672970000000001
celebi_online,q19,2,PROJECTION,0.092675
celebi_online,q19,2,RESULT_COLLECTOR,0.275761
celebi_online,q19,2,UNGROUPED_AGGREGATE,0.18844
celebi_online,q19,3,CONCAT,3.929749
celebi_online,q19,3,DYNAMIC_FILTER,3.919306
celebi_online,q19,3,FILTER,36.484545999999995
celebi_online,q19,3,GPU_SCAN,4945.9473769999995
celebi_online,q19,3,HASH_JOIN,21.57114
celebi_online,q19,3,MERGE_AGGREGATE,0.03519
celebi_online,q19,3,PARTITION,0.518688
celebi_online,q19,3,PROJECTION,0.100079
celebi_online,q19,3,RESULT_COLLECTOR,0.296525
celebi_online,q19,3,UNGROUPED_AGGREGATE,0.202147
celebi_online,q19,4,CONCAT,3.733406
celebi_online,q19,4,DYNAMIC_FILTER,4.068798
celebi_online,q19,4,FILTER,34.668927
celebi_online,q19,4,GPU_SCAN,4892.3751409999995
celebi_online,q19,4,HASH_JOIN,21.47481
celebi_online,q19,4,MERGE_AGGREGATE,0.069067
celebi_online,q19,4,PARTITION,0.38017899999999993
celebi_online,q19,4,PROJECTION,0.095038
celebi_online,q19,4,RESULT_COLLECTOR,0.269062
celebi_online,q19,4,UNGROUPED_AGGREGATE,0.178392
celebi_online,q19,5,CONCAT,3.5288790000000003
celebi_online,q19,5,DYNAMIC_FILTER,3.746457
celebi_online,q19,5,FILTER,34.496992999999996
celebi_online,q19,5,GPU_SCAN,5031.738579000001
celebi_online,q19,5,HASH_JOIN,21.5822
celebi_online,q19,5,MERGE_AGGREGATE,0.058282
celebi_online,q19,5,PARTITION,0.394012
celebi_online,q19,5,PROJECTION,0.08702
celebi_online,q19,5,RESULT_COLLECTOR,0.118499
celebi_online,q19,5,UNGROUPED_AGGREGATE,0.156052
celebi_online,q19,6,CONCAT,3.641054
celebi_online,q19,6,DYNAMIC_FILTER,3.707002
celebi_online,q19,6,FILTER,30.973525
celebi_online,q19,6,GPU_SCAN,4877.494207000001
celebi_online,q19,6,HASH_JOIN,21.253095
celebi_online,q19,6,MERGE_AGGREGATE,0.017008
celebi_online,q19,6,PARTITION,0.29455
celebi_online,q19,6,PROJECTION,0.074492
celebi_online,q19,6,RESULT_COLLECTOR,0.203014
celebi_online,q19,6,UNGROUPED_AGGREGATE,0.130514
celebi_online,q19,7,CONCAT,3.710093
celebi_online,q19,7,DYNAMIC_FILTER,3.749925
celebi_online,q19,7,FILTER,31.535863000000006
celebi_online,q19,7,GPU_SCAN,4959.122695
celebi_online,q19,7,HASH_JOIN,21.451831
celebi_online,q19,7,MERGE_AGGREGATE,0.058329
celebi_online,q19,7,PARTITION,0.5217559999999999
celebi_online,q19,7,PROJECTION,0.078771
celebi_online,q19,7,RESULT_COLLECTOR,0.267063
celebi_online,q19,7,UNGROUPED_AGGREGATE,0.153028
celebi_online,q19,8,CONCAT,3.6528739999999997
celebi_online,q19,8,DYNAMIC_FILTER,3.757424
celebi_online,q19,8,FILTER,30.961802
celebi_online,q19,8,GPU_SCAN,4924.471229999999
celebi_online,q19,8,HASH_JOIN,21.270486
celebi_online,q19,8,MERGE_AGGREGATE,0.025064
celebi_online,q19,8,PARTITION,0.557206
celebi_online,q19,8,PROJECTION,0.081523
celebi_online,q19,8,RESULT_COLLECTOR,0.235152
celebi_online,q19,8,UNGROUPED_AGGREGATE,0.1462
celebi_online,q19,9,CONCAT,3.610573
celebi_online,q19,9,DYNAMIC_FILTER,3.751764
celebi_online,q19,9,FILTER,35.162401
celebi_online,q19,9,GPU_SCAN,4972.163983
celebi_online,q19,9,HASH_JOIN,21.302148
celebi_online,q19,9,MERGE_AGGREGATE,0.055034
celebi_online,q19,9,PARTITION,0.49617599999999984
celebi_online,q19,9,PROJECTION,0.076391
celebi_online,q19,9,RESULT_COLLECTOR,0.277378
celebi_online,q19,9,UNGROUPED_AGGREGATE,0.155973
celebi_online,q19,10,CONCAT,3.8847940000000003
celebi_online,q19,10,DYNAMIC_FILTER,3.759382
celebi_online,q19,10,FILTER,32.684892999999995
celebi_online,q19,10,GPU_SCAN,4882.919370999998
celebi_online,q19,10,HASH_JOIN,21.495084
celebi_online,q19,10,MERGE_AGGREGATE,0.058272
celebi_online,q19,10,PARTITION,0.4411719999999999
celebi_online,q19,10,PROJECTION,0.330456
celebi_online,q19,10,RESULT_COLLECTOR,0.217608
celebi_online,q19,10,UNGROUPED_AGGREGATE,0.460176
celebi_online,q20,1,CONCAT,0.919931
celebi_online,q20,1,DYNAMIC_FILTER,12.641025
celebi_online,q20,1,FILTER,0.404736
celebi_online,q20,1,GPU_SCAN,4415.316275
celebi_online,q20,1,HASH_GROUP_BY,1.251611
celebi_online,q20,1,HASH_JOIN,5.21459
celebi_online,q20,1,LEFT_DELIM_JOIN,0.905999
celebi_online,q20,1,MERGE_GROUP_BY,0.10724399999999999
celebi_online,q20,1,MERGE_SORT,11.812204
celebi_online,q20,1,ORDER_BY,7.21263
celebi_online,q20,1,PARTITION,0.510333
celebi_online,q20,1,PROJECTION,0.239396
celebi_online,q20,1,RESULT_COLLECTOR,1.336094
celebi_online,q20,1,SORT_PARTITION,5.93635
celebi_online,q20,1,SORT_SAMPLE,0.208889
celebi_online,q20,2,CONCAT,0.772623
celebi_online,q20,2,DYNAMIC_FILTER,10.909553999999998
celebi_online,q20,2,FILTER,0.289075
celebi_online,q20,2,GPU_SCAN,4089.678904999999
celebi_online,q20,2,HASH_GROUP_BY,0.75699
celebi_online,q20,2,HASH_JOIN,4.536261
celebi_online,q20,2,LEFT_DELIM_JOIN,0.593149
celebi_online,q20,2,MERGE_GROUP_BY,0.0367
celebi_online,q20,2,MERGE_SORT,1.85097
celebi_online,q20,2,ORDER_BY,3.539436
celebi_online,q20,2,PARTITION,0.626403
celebi_online,q20,2,PROJECTION,0.14784999999999998
celebi_online,q20,2,RESULT_COLLECTOR,2.106574
celebi_online,q20,2,SORT_PARTITION,1.064688
celebi_online,q20,2,SORT_SAMPLE,0.103357
celebi_online,q20,3,CONCAT,0.8651269999999999
celebi_online,q20,3,DYNAMIC_FILTER,8.113442
celebi_online,q20,3,FILTER,0.242666
celebi_online,q20,3,GPU_SCAN,4012.802375
celebi_online,q20,3,HASH_GROUP_BY,0.725683
celebi_online,q20,3,HASH_JOIN,4.253481000000001
celebi_online,q20,3,LEFT_DELIM_JOIN,0.588667
celebi_online,q20,3,MERGE_GROUP_BY,0.09218900000000001
celebi_online,q20,3,MERGE_SORT,2.553075
celebi_online,q20,3,ORDER_BY,3.412306
celebi_online,q20,3,PARTITION,0.43196299999999993
celebi_online,q20,3,PROJECTION,0.149792
celebi_online,q20,3,RESULT_COLLECTOR,0.57552
celebi_online,q20,3,SORT_PARTITION,0.878182
celebi_online,q20,3,SORT_SAMPLE,0.14203
celebi_online,q20,4,CONCAT,0.790966
celebi_online,q20,4,DYNAMIC_FILTER,9.687465
celebi_online,q20,4,FILTER,0.26941
celebi_online,q20,4,GPU_SCAN,4004.0455209999996
celebi_online,q20,4,HASH_GROUP_BY,0.726731
celebi_online,q20,4,HASH_JOIN,2.975866
celebi_online,q20,4,LEFT_DELIM_JOIN,0.614036
celebi_online,q20,4,MERGE_GROUP_BY,0.041593
celebi_online,q20,4,MERGE_SORT,2.637666
celebi_online,q20,4,ORDER_BY,3.057578
celebi_online,q20,4,PARTITION,0.533062
celebi_online,q20,4,PROJECTION,0.142561
celebi_online,q20,4,RESULT_COLLECTOR,0.963996
celebi_online,q20,4,SORT_PARTITION,1.718777
celebi_online,q20,4,SORT_SAMPLE,0.734429
celebi_online,q20,5,CONCAT,0.8762459999999999
celebi_online,q20,5,DYNAMIC_FILTER,6.98077
celebi_online,q20,5,FILTER,0.206472
celebi_online,q20,5,GPU_SCAN,4016.3900089999993
celebi_online,q20,5,HASH_GROUP_BY,0.743583
celebi_online,q20,5,HASH_JOIN,2.8127730000000004
celebi_online,q20,5,LEFT_DELIM_JOIN,0.764705
celebi_online,q20,5,MERGE_GROUP_BY,0.073123
celebi_online,q20,5,MERGE_SORT,2.679001
celebi_online,q20,5,ORDER_BY,3.407823
celebi_online,q20,5,PARTITION,0.410655
celebi_online,q20,5,PROJECTION,0.113917
celebi_online,q20,5,RESULT_COLLECTOR,1.063495
celebi_online,q20,5,SORT_PARTITION,2.262019
celebi_online,q20,5,SORT_SAMPLE,0.411652
celebi_online,q20,6,CONCAT,1.005462
celebi_online,q20,6,DYNAMIC_FILTER,10.809176999999998
celebi_online,q20,6,FILTER,0.253274
celebi_online,q20,6,GPU_SCAN,3980.253017
celebi_online,q20,6,HASH_GROUP_BY,0.753027
celebi_online,q20,6,HASH_JOIN,2.9735799999999997
celebi_online,q20,6,LEFT_DELIM_JOIN,0.566532
celebi_online,q20,6,MERGE_GROUP_BY,0.111866
celebi_online,q20,6,MERGE_SORT,2.727561
celebi_online,q20,6,ORDER_BY,3.097859
celebi_online,q20,6,PARTITION,0.512912
celebi_online,q20,6,PROJECTION,0.132193
celebi_online,q20,6,RESULT_COLLECTOR,0.937613
celebi_online,q20,6,SORT_PARTITION,1.237126
celebi_online,q20,6,SORT_SAMPLE,0.331887
celebi_online,q20,7,CONCAT,0.9161749999999999
celebi_online,q20,7,DYNAMIC_FILTER,8.606686999999999
celebi_online,q20,7,FILTER,0.240976
celebi_online,q20,7,GPU_SCAN,3991.0232630000005
celebi_online,q20,7,HASH_GROUP_BY,0.802108
celebi_online,q20,7,HASH_JOIN,3.649622
celebi_online,q20,7,LEFT_DELIM_JOIN,0.715465
celebi_online,q20,7,MERGE_GROUP_BY,0.07677
celebi_online,q20,7,MERGE_SORT,2.649246
celebi_online,q20,7,ORDER_BY,3.115148
celebi_online,q20,7,PARTITION,0.598549
celebi_online,q20,7,PROJECTION,0.143728
celebi_online,q20,7,RESULT_COLLECTOR,0.68567
celebi_online,q20,7,SORT_PARTITION,1.49956
celebi_online,q20,7,SORT_SAMPLE,0.511789
celebi_online,q20,8,CONCAT,0.7485130000000001
celebi_online,q20,8,DYNAMIC_FILTER,7.48086
celebi_online,q20,8,FILTER,0.208349
celebi_online,q20,8,GPU_SCAN,3977.3597040000004
celebi_online,q20,8,HASH_GROUP_BY,0.691961
celebi_online,q20,8,HASH_JOIN,3.6421499999999996
celebi_online,q20,8,LEFT_DELIM_JOIN,0.667987
celebi_online,q20,8,MERGE_GROUP_BY,0.050179
celebi_online,q20,8,MERGE_SORT,2.477317
celebi_online,q20,8,ORDER_BY,3.096128
celebi_online,q20,8,PARTITION,0.3233539999999999
celebi_online,q20,8,PROJECTION,0.112488
celebi_online,q20,8,RESULT_COLLECTOR,0.509638
celebi_online,q20,8,SORT_PARTITION,0.770432
celebi_online,q20,8,SORT_SAMPLE,0.076137
celebi_online,q20,9,CONCAT,0.802224
celebi_online,q20,9,DYNAMIC_FILTER,6.879212000000001
celebi_online,q20,9,FILTER,0.229322
celebi_online,q20,9,GPU_SCAN,3990.72761
celebi_online,q20,9,HASH_GROUP_BY,0.752793
celebi_online,q20,9,HASH_JOIN,3.880342
celebi_online,q20,9,LEFT_DELIM_JOIN,0.69855
celebi_online,q20,9,MERGE_GROUP_BY,0.062178000000000004
celebi_online,q20,9,MERGE_SORT,2.607739
celebi_online,q20,9,ORDER_BY,3.113121
celebi_online,q20,9,PARTITION,0.24240299999999998
celebi_online,q20,9,PROJECTION,0.126643
celebi_online,q20,9,RESULT_COLLECTOR,0.91587
celebi_online,q20,9,SORT_PARTITION,2.040004
celebi_online,q20,9,SORT_SAMPLE,0.44768
celebi_online,q20,10,CONCAT,0.7444749999999999
celebi_online,q20,10,DYNAMIC_FILTER,6.590230999999999
celebi_online,q20,10,FILTER,0.194252
celebi_online,q20,10,GPU_SCAN,3966.898932999999
celebi_online,q20,10,HASH_GROUP_BY,0.708591
celebi_online,q20,10,HASH_JOIN,2.614901
celebi_online,q20,10,LEFT_DELIM_JOIN,0.571707
celebi_online,q20,10,MERGE_GROUP_BY,0.037901000000000004
celebi_online,q20,10,MERGE_SORT,1.003574
celebi_online,q20,10,ORDER_BY,3.07597
celebi_online,q20,10,PARTITION,0.506154
celebi_online,q20,10,PROJECTION,0.10504999999999999
celebi_online,q20,10,RESULT_COLLECTOR,0.360856
celebi_online,q20,10,SORT_PARTITION,1.778034
celebi_online,q20,10,SORT_SAMPLE,0.450335
celebi_online,q21,1,CONCAT,117.174715
celebi_online,q21,1,DYNAMIC_FILTER,67.288327
celebi_online,q21,1,FILTER,109.383401
celebi_online,q21,1,GPU_SCAN,10512.568017
celebi_online,q21,1,HASH_GROUP_BY,1.699493
celebi_online,q21,1,HASH_JOIN,1211.9701369999998
celebi_online,q21,1,MERGE_GROUP_BY,5.7846470000000005
celebi_online,q21,1,MERGE_TOP_N,0.825237
celebi_online,q21,1,PARTITION,1.2793310000000002
celebi_online,q21,1,PROJECTION,2.022248
celebi_online,q21,1,RESULT_COLLECTOR,0.381041
celebi_online,q21,1,RIGHT_DELIM_JOIN,13.964419
celebi_online,q21,1,TOP_N,2.181131
celebi_online,q21,2,CONCAT,101.50750099999999
celebi_online,q21,2,DYNAMIC_FILTER,75.777863
celebi_online,q21,2,FILTER,74.13899900000001
celebi_online,q21,2,GPU_SCAN,9784.327714999998
celebi_online,q21,2,HASH_GROUP_BY,1.148906
celebi_online,q21,2,HASH_JOIN,1287.9356950000001
celebi_online,q21,2,MERGE_GROUP_BY,6.409085999999999
celebi_online,q21,2,MERGE_TOP_N,0.61913
celebi_online,q21,2,PARTITION,1.26187
celebi_online,q21,2,PROJECTION,0.607273
celebi_online,q21,2,RESULT_COLLECTOR,0.259279
celebi_online,q21,2,RIGHT_DELIM_JOIN,13.405418999999998
celebi_online,q21,2,TOP_N,2.143771
celebi_online,q21,3,CONCAT,101.700652
celebi_online,q21,3,DYNAMIC_FILTER,64.52779100000002
celebi_online,q21,3,FILTER,71.313049
celebi_online,q21,3,GPU_SCAN,9682.089442
celebi_online,q21,3,HASH_GROUP_BY,1.390709
celebi_online,q21,3,HASH_JOIN,1267.4371700000002
celebi_online,q21,3,MERGE_GROUP_BY,5.8909769999999995
celebi_online,q21,3,MERGE_TOP_N,0.647698
celebi_online,q21,3,PARTITION,1.0751920000000001
celebi_online,q21,3,PROJECTION,0.44230600000000003
celebi_online,q21,3,RESULT_COLLECTOR,0.134637
celebi_online,q21,3,RIGHT_DELIM_JOIN,13.106092
celebi_online,q21,3,TOP_N,2.219408
celebi_online,q21,4,CONCAT,72.003167
celebi_online,q21,4,DYNAMIC_FILTER,60.54057899999999
celebi_online,q21,4,FILTER,70.23087600000001
celebi_online,q21,4,GPU_SCAN,9593.730951
celebi_online,q21,4,HASH_GROUP_BY,1.163829
celebi_online,q21,4,HASH_JOIN,1224.544385
celebi_online,q21,4,MERGE_GROUP_BY,5.863747
celebi_online,q21,4,MERGE_TOP_N,0.63264
celebi_online,q21,4,PARTITION,1.030663
celebi_online,q21,4,PROJECTION,1.112896
celebi_online,q21,4,RESULT_COLLECTOR,0.099208
celebi_online,q21,4,RIGHT_DELIM_JOIN,13.355948999999999
celebi_online,q21,4,TOP_N,2.195567
celebi_online,q21,5,CONCAT,75.55054000000001
celebi_online,q21,5,DYNAMIC_FILTER,73.14438000000004
celebi_online,q21,5,FILTER,68.94014699999998
celebi_online,q21,5,GPU_SCAN,9521.830790000002
celebi_online,q21,5,HASH_GROUP_BY,1.083777
celebi_online,q21,5,HASH_JOIN,1297.5138929999998
celebi_online,q21,5,MERGE_GROUP_BY,6.736857
celebi_online,q21,5,MERGE_TOP_N,0.696311
celebi_online,q21,5,PARTITION,1.1674969999999998
celebi_online,q21,5,PROJECTION,0.661095
celebi_online,q21,5,RESULT_COLLECTOR,0.230812
celebi_online,q21,5,RIGHT_DELIM_JOIN,13.121333
celebi_online,q21,5,TOP_N,2.163927
celebi_online,q21,6,CONCAT,72.01927299999998
celebi_online,q21,6,DYNAMIC_FILTER,65.65193100000002
celebi_online,q21,6,FILTER,91.19166799999999
celebi_online,q21,6,GPU_SCAN,9543.934186999999
celebi_online,q21,6,HASH_GROUP_BY,1.314775
celebi_online,q21,6,HASH_JOIN,1237.295786
celebi_online,q21,6,MERGE_GROUP_BY,5.836976
celebi_online,q21,6,MERGE_TOP_N,0.685342
celebi_online,q21,6,PARTITION,1.040938
celebi_online,q21,6,PROJECTION,0.8172780000000001
celebi_online,q21,6,RESULT_COLLECTOR,0.304421
celebi_online,q21,6,RIGHT_DELIM_JOIN,13.294484
celebi_online,q21,6,TOP_N,2.684524
celebi_online,q21,7,CONCAT,108.414688
celebi_online,q21,7,DYNAMIC_FILTER,68.827215
celebi_online,q21,7,FILTER,63.664597999999984
celebi_online,q21,7,GPU_SCAN,9470.711355000001
celebi_online,q21,7,HASH_GROUP_BY,1.202143
celebi_online,q21,7,HASH_JOIN,1280.0044719999999
celebi_online,q21,7,MERGE_GROUP_BY,5.9011960000000006
celebi_online,q21,7,MERGE_TOP_N,0.618597
celebi_online,q21,7,PARTITION,0.7236360000000001
celebi_online,q21,7,PROJECTION,0.9517599999999999
celebi_online,q21,7,RESULT_COLLECTOR,0.238882
celebi_online,q21,7,RIGHT_DELIM_JOIN,12.631871
celebi_online,q21,7,TOP_N,2.148316
celebi_online,q21,8,CONCAT,122.14119800000002
celebi_online,q21,8,DYNAMIC_FILTER,71.04583499999998
celebi_online,q21,8,FILTER,74.91708500000001
celebi_online,q21,8,GPU_SCAN,9624.565035
celebi_online,q21,8,HASH_GROUP_BY,1.188372
celebi_online,q21,8,HASH_JOIN,1323.9865650000002
celebi_online,q21,8,MERGE_GROUP_BY,5.892821
celebi_online,q21,8,MERGE_TOP_N,0.627765
celebi_online,q21,8,PARTITION,1.003654
celebi_online,q21,8,PROJECTION,0.535552
celebi_online,q21,8,RESULT_COLLECTOR,0.129386
celebi_online,q21,8,RIGHT_DELIM_JOIN,12.267116999999999
celebi_online,q21,8,TOP_N,2.24793
celebi_online,q21,9,CONCAT,70.281687
celebi_online,q21,9,DYNAMIC_FILTER,73.49147999999998
celebi_online,q21,9,FILTER,89.82007000000002
celebi_online,q21,9,GPU_SCAN,9893.410522999999
celebi_online,q21,9,HASH_GROUP_BY,1.134328
celebi_online,q21,9,HASH_JOIN,1298.977331
celebi_online,q21,9,MERGE_GROUP_BY,5.734661999999999
celebi_online,q21,9,MERGE_TOP_N,0.709956
celebi_online,q21,9,PARTITION,1.0463260000000005
celebi_online,q21,9,PROJECTION,0.8612249999999999
celebi_online,q21,9,RESULT_COLLECTOR,0.255222
celebi_online,q21,9,RIGHT_DELIM_JOIN,12.691196
celebi_online,q21,9,TOP_N,2.191258
celebi_online,q21,10,CONCAT,110.193714
celebi_online,q21,10,DYNAMIC_FILTER,74.58566299999998
celebi_online,q21,10,FILTER,96.79491100000003
celebi_online,q21,10,GPU_SCAN,9654.705069999996
celebi_online,q21,10,HASH_GROUP_BY,1.268421
celebi_online,q21,10,HASH_JOIN,1350.0774950000002
celebi_online,q21,10,MERGE_GROUP_BY,6.001314
celebi_online,q21,10,MERGE_TOP_N,0.634125
celebi_online,q21,10,PARTITION,0.8556089999999996
celebi_online,q21,10,PROJECTION,1.2339340000000003
celebi_online,q21,10,RESULT_COLLECTOR,0.13317
celebi_online,q21,10,RIGHT_DELIM_JOIN,15.766288
celebi_online,q21,10,TOP_N,2.549976
celebi_online,q22,1,CONCAT,0.193508
celebi_online,q22,1,GPU_SCAN,312.372119
celebi_online,q22,1,HASH_GROUP_BY,0.766902
celebi_online,q22,1,HASH_JOIN,32.161248
celebi_online,q22,1,MERGE_AGGREGATE,6.910157
celebi_online,q22,1,MERGE_GROUP_BY,0.095277
celebi_online,q22,1,MERGE_SORT,0.028792
celebi_online,q22,1,NESTED_LOOP_JOIN,1.618125
celebi_online,q22,1,ORDER_BY,0.616529
celebi_online,q22,1,PARTITION,0.217373
celebi_online,q22,1,PROJECTION,0.983578
celebi_online,q22,1,RESULT_COLLECTOR,0.182625
celebi_online,q22,1,RIGHT_DELIM_JOIN,0.90863
celebi_online,q22,1,SORT_PARTITION,0.025202
celebi_online,q22,1,SORT_SAMPLE,0.031798
celebi_online,q22,1,UNGROUPED_AGGREGATE,0.9766589999999999
celebi_online,q22,2,CONCAT,3.078931
celebi_online,q22,2,GPU_SCAN,50.78447800000002
celebi_online,q22,2,HASH_GROUP_BY,0.703726
celebi_online,q22,2,HASH_JOIN,30.435377
celebi_online,q22,2,MERGE_AGGREGATE,0.435609
celebi_online,q22,2,MERGE_GROUP_BY,0.049502
celebi_online,q22,2,MERGE_SORT,0.029221
celebi_online,q22,2,NESTED_LOOP_JOIN,1.033113
celebi_online,q22,2,ORDER_BY,0.702532
celebi_online,q22,2,PARTITION,0.41104300000000005
celebi_online,q22,2,PROJECTION,0.567674
celebi_online,q22,2,RESULT_COLLECTOR,0.285528
celebi_online,q22,2,RIGHT_DELIM_JOIN,0.750899
celebi_online,q22,2,SORT_PARTITION,0.016055
celebi_online,q22,2,SORT_SAMPLE,0.028572
celebi_online,q22,2,UNGROUPED_AGGREGATE,6.671258999999999
celebi_online,q22,3,CONCAT,2.922267
celebi_online,q22,3,GPU_SCAN,44.665917
celebi_online,q22,3,HASH_GROUP_BY,0.558695
celebi_online,q22,3,HASH_JOIN,30.154206
celebi_online,q22,3,MERGE_AGGREGATE,0.23293
celebi_online,q22,3,MERGE_GROUP_BY,0.039214
celebi_online,q22,3,MERGE_SORT,0.010703
celebi_online,q22,3,NESTED_LOOP_JOIN,0.92315
celebi_online,q22,3,ORDER_BY,0.538094
celebi_online,q22,3,PARTITION,0.20054900000000003
celebi_online,q22,3,PROJECTION,0.6913659999999999
celebi_online,q22,3,RESULT_COLLECTOR,0.225184
celebi_online,q22,3,RIGHT_DELIM_JOIN,0.700837
celebi_online,q22,3,SORT_PARTITION,0.005423
celebi_online,q22,3,SORT_SAMPLE,0.009203
celebi_online,q22,3,UNGROUPED_AGGREGATE,3.3980140000000003
celebi_online,q22,4,CONCAT,3.1775309999999997
celebi_online,q22,4,GPU_SCAN,37.29737299999999
celebi_online,q22,4,HASH_GROUP_BY,0.653306
celebi_online,q22,4,HASH_JOIN,30.123447
celebi_online,q22,4,MERGE_AGGREGATE,0.242675
celebi_online,q22,4,MERGE_GROUP_BY,0.059569000000000004
celebi_online,q22,4,MERGE_SORT,0.043525
celebi_online,q22,4,NESTED_LOOP_JOIN,0.958041
celebi_online,q22,4,ORDER_BY,0.221862
celebi_online,q22,4,PARTITION,0.21895900000000001
celebi_online,q22,4,PROJECTION,0.49272099999999996
celebi_online,q22,4,RESULT_COLLECTOR,0.260456
celebi_online,q22,4,RIGHT_DELIM_JOIN,0.703058
celebi_online,q22,4,SORT_PARTITION,0.008241
celebi_online,q22,4,SORT_SAMPLE,0.015498
celebi_online,q22,4,UNGROUPED_AGGREGATE,3.157225
celebi_online,q22,5,CONCAT,3.1112979999999997
celebi_online,q22,5,GPU_SCAN,51.50293099999999
celebi_online,q22,5,HASH_GROUP_BY,0.736188
celebi_online,q22,5,HASH_JOIN,30.374909000000002
celebi_online,q22,5,MERGE_AGGREGATE,0.33880699999999997
celebi_online,q22,5,MERGE_GROUP_BY,0.12421499999999999
celebi_online,q22,5,MERGE_SORT,0.042091
celebi_online,q22,5,NESTED_LOOP_JOIN,1.457569
celebi_online,q22,5,ORDER_BY,0.657153
celebi_online,q22,5,PARTITION,0.32214099999999996
celebi_online,q22,5,PROJECTION,0.525761
celebi_online,q22,5,RESULT_COLLECTOR,0.253978
celebi_online,q22,5,RIGHT_DELIM_JOIN,0.943331
celebi_online,q22,5,SORT_PARTITION,0.010821
celebi_online,q22,5,SORT_SAMPLE,0.025845
celebi_online,q22,5,UNGROUPED_AGGREGATE,5.935698
celebi_online,q22,6,CONCAT,3.098984
celebi_online,q22,6,GPU_SCAN,53.04268399999999
celebi_online,q22,6,HASH_GROUP_BY,0.726551
celebi_online,q22,6,HASH_JOIN,30.409181
celebi_online,q22,6,MERGE_AGGREGATE,0.33110900000000004
celebi_online,q22,6,MERGE_GROUP_BY,0.04553
celebi_online,q22,6,MERGE_SORT,0.009024
celebi_online,q22,6,NESTED_LOOP_JOIN,1.007528
celebi_online,q22,6,ORDER_BY,0.43482
celebi_online,q22,6,PARTITION,0.353317
celebi_online,q22,6,PROJECTION,0.5237229999999999
celebi_online,q22,6,RESULT_COLLECTOR,0.266002
celebi_online,q22,6,RIGHT_DELIM_JOIN,0.753621
celebi_online,q22,6,SORT_PARTITION,0.008077
celebi_online,q22,6,SORT_SAMPLE,0.013488
celebi_online,q22,6,UNGROUPED_AGGREGATE,6.179492
celebi_online,q22,7,CONCAT,3.021746
celebi_online,q22,7,GPU_SCAN,34.82365
celebi_online,q22,7,HASH_GROUP_BY,0.755421
celebi_online,q22,7,HASH_JOIN,30.561727
celebi_online,q22,7,MERGE_AGGREGATE,0.258874
celebi_online,q22,7,MERGE_GROUP_BY,0.014638000000000002
celebi_online,q22,7,MERGE_SORT,0.005035
celebi_online,q22,7,NESTED_LOOP_JOIN,0.954056
celebi_online,q22,7,ORDER_BY,0.530179
celebi_online,q22,7,PARTITION,0.171648
celebi_online,q22,7,PROJECTION,0.5042
celebi_online,q22,7,RESULT_COLLECTOR,0.084047
celebi_online,q22,7,RIGHT_DELIM_JOIN,0.714334
celebi_online,q22,7,SORT_PARTITION,0.009195
celebi_online,q22,7,SORT_SAMPLE,0.012706
celebi_online,q22,7,UNGROUPED_AGGREGATE,3.778963
celebi_online,q22,8,CONCAT,3.046175
celebi_online,q22,8,GPU_SCAN,39.041034999999994
celebi_online,q22,8,HASH_GROUP_BY,0.745288
celebi_online,q22,8,HASH_JOIN,30.710304
celebi_online,q22,8,MERGE_AGGREGATE,0.25821700000000003
celebi_online,q22,8,MERGE_GROUP_BY,0.043847
celebi_online,q22,8,MERGE_SORT,0.023224
celebi_online,q22,8,NESTED_LOOP_JOIN,1.433626
celebi_online,q22,8,ORDER_BY,0.511996
celebi_online,q22,8,PARTITION,0.251264
celebi_online,q22,8,PROJECTION,0.529498
celebi_online,q22,8,RESULT_COLLECTOR,0.08945
celebi_online,q22,8,RIGHT_DELIM_JOIN,0.704975
celebi_online,q22,8,SORT_PARTITION,0.004824
celebi_online,q22,8,SORT_SAMPLE,0.008987
celebi_online,q22,8,UNGROUPED_AGGREGATE,2.495674
celebi_online,q22,9,CONCAT,3.031694
celebi_online,q22,9,GPU_SCAN,38.20087300000001
celebi_online,q22,9,HASH_GROUP_BY,0.567738
celebi_online,q22,9,HASH_JOIN,30.239266
celebi_online,q22,9,MERGE_AGGREGATE,0.2668
celebi_online,q22,9,MERGE_GROUP_BY,0.038692
celebi_online,q22,9,MERGE_SORT,0.007101
celebi_online,q22,9,NESTED_LOOP_JOIN,0.970776
celebi_online,q22,9,ORDER_BY,0.556456
celebi_online,q22,9,PARTITION,0.22159900000000005
celebi_online,q22,9,PROJECTION,0.376851
celebi_online,q22,9,RESULT_COLLECTOR,0.249901
celebi_online,q22,9,RIGHT_DELIM_JOIN,0.714524
celebi_online,q22,9,SORT_PARTITION,0.006108
celebi_online,q22,9,SORT_SAMPLE,0.009929
celebi_online,q22,9,UNGROUPED_AGGREGATE,4.041314
celebi_online,q22,10,CONCAT,3.011835
celebi_online,q22,10,GPU_SCAN,35.823816
celebi_online,q22,10,HASH_GROUP_BY,0.554712
celebi_online,q22,10,HASH_JOIN,30.37404
celebi_online,q22,10,MERGE_AGGREGATE,0.254554
celebi_online,q22,10,MERGE_GROUP_BY,0.041150000000000006
celebi_online,q22,10,MERGE_SORT,0.033504
celebi_online,q22,10,NESTED_LOOP_JOIN,0.958265
celebi_online,q22,10,ORDER_BY,0.539212
celebi_online,q22,10,PARTITION,0.27906
celebi_online,q22,10,PROJECTION,0.399306
celebi_online,q22,10,RESULT_COLLECTOR,0.26161
celebi_online,q22,10,RIGHT_DELIM_JOIN,0.729653
celebi_online,q22,10,SORT_PARTITION,0.009044
celebi_online,q22,10,SORT_SAMPLE,0.01749
celebi_online,q22,10,UNGROUPED_AGGREGATE,4.107507
