condition,series,included_in_summary,execution,position,query,runtime_s,total_ms,result_rows,load_ms,scan_materialize_work_ms,scan_uncompressed_gb,computation_ms,stage_total_work_ms,stage_total_wall_ms,scan_work_ms,scan_wall_ms,scan_input_gb,scan_output_gb,scan_task_count,filter_work_ms,filter_wall_ms,filter_input_gb,filter_output_gb,filter_task_count,join_work_ms,join_wall_ms,join_input_gb,join_output_gb,join_task_count,aggregate_work_ms,aggregate_wall_ms,aggregate_input_gb,aggregate_output_gb,aggregate_task_count,projection_work_ms,projection_wall_ms,projection_input_gb,projection_output_gb,projection_task_count,partition_work_ms,partition_wall_ms,partition_input_gb,partition_output_gb,partition_task_count,concat_work_ms,concat_wall_ms,concat_input_gb,concat_output_gb,concat_task_count,sort_work_ms,sort_wall_ms,sort_input_gb,sort_output_gb,sort_task_count,result_work_ms,result_wall_ms,result_input_gb,result_output_gb,result_task_count,other_work_ms,other_wall_ms,other_input_gb,other_output_gb,other_task_count,cache_management_ms,fixed_page_cached_gb,fixed_page_reuse_split_count,fixed_page_materialize_count,fixed_page_materialize_view_count,fixed_page_fallback_count,fixed_page_auto_populate_count,fixed_page_auto_skip_count,fixed_page_backed_provider_count,page_budget_evicted_pages,page_budget_evicted_gb,page_directory_resident_gb_max,page_directory_entries_max,page_directory_eviction_count_max,demand_load_pages,demand_load_gb,demand_load_ms,demand_load_read_calls,cache_column_materialize_ms,cache_column_view_ms,splice_materialize_ms,splice_view_build_ms,filtered_splice_materialize_ms,filtered_splice_materialize_single_mask_ms,partial_filter_cached_mask_ms,partial_filter_mask_splice_ms,single_mask_filter_apply_ms,cached_filter_select_ms,post_filter_select_ms,inline_assembly_ms,post_filter_project_assembly_ms,benchmark_dir
cold_hot,baseline,1,1,1,q3,7.431530782021582,7431.530782021582,10,2935.22265625,13474.82,18.422791865,4496.308125771582,19070.261999999995,3577.222900390625,17873.424999999996,3395.458984375,0.0,9.649443544,36,0.0,0.0,0.0,0.0,0,581.5210000000001,107.6767578125,12.667871064,0.450307352,27,242.24500000000006,52.64208984375,0.10806872,0.072468928,28,35.041999999999994,12.471923828125,0.132013472,0.10806872,28,171.46600000000004,140.627197265625,8.60141084,8.479196184,63,147.06199999999998,147.051513671875,8.44296172,8.43557484,30,0.0,0.0,0.0,0.0,0,0.001,0.0009765625,3.2e-07,3.2e-07,1,19.500000000000004,14.130126953125,9.661303456,8.1862738,38,0.0,0.0,0,0,0,0,0,0,0,0,0.0,0.0,0,0,0,0.0,0.0,0,0.0,0.0,0.0,0.0,0.0,0.0,0.0,0.0,0.0,0.0,0.0,0.0,0.0,/home/dy1013/sirius_multi-gpu/experiment/fixed_page_runs/fixedloc22_avg3_7gb_r3_mgpu/cold_hot/workload
cold_hot,baseline,1,1,2,q10,9.928788763994817,9928.788763994817,20,3196.43505859375,13039.208999999999,19.813826466,6732.353705401067,18592.251999999997,3734.953369140625,17388.17,3464.316650390625,0.0,6.21277012,40,0.0,0.0,0.0,0.0,0,462.4540000000001,138.576171875,10.275869789,5.069055634,27,280.06600000000003,59.050048828125,2.822332738,1.473841386,9,3.15,1.72802734375,2.913694468,2.821873612,9,327.429,144.8759765625,9.841972672,9.781261956,67,108.63800000000002,75.002197265625,9.044111313,9.036504173,32,0.0,0.0,0.0,0.0,0,0.002,0.001953125,3.713e-06,3.713e-06,1,22.343000000000004,12.870849609375,6.856235257,6.119547453,37,0.0,0.0,0,0,0,0,0,0,0,0,0.0,0.0,0,0,0,0.0,0.0,0,0.0,0.0,0.0,0.0,0.0,0.0,0.0,0.0,0.0,0.0,0.0,0.0,0.0,/home/dy1013/sirius_multi-gpu/experiment/fixed_page_runs/fixedloc22_avg3_7gb_r3_mgpu/cold_hot/workload
cold_hot,baseline,1,1,3,q7,11.257410305028316,11257.410305028316,4,4113.71337890625,17782.007000000005,24.609878328,7143.696926122066,25022.097999999998,5114.92041015625,24582.389,4975.952880859375,0.0,9.310288914,51,1.463,1.462890625,0.053896114,0.026964052,4,279.993,64.81982421875,5.367397973,1.281357201,11,8.34,8.340087890625,0.024627416,8.16e-07,3,1.629,1.62890625,0.02696372,0.024626808,2,53.85900000000001,44.201171875,4.215200033,4.177699749,62,59.28,59.277099609375,4.177699141,4.167148021,17,12.623999999999999,12.531005859375,8.56e-07,8.56e-07,4,0.003,0.0029296875,2.08e-07,2.08e-07,1,22.518000000000004,21.426513671875,9.310287896,2.987736988,49,0.0,0.0,0,0,0,0,0,0,0,0,0.0,0.0,0,0,0,0.0,0.0,0,0.0,0.0,0.0,0.0,0.0,0.0,0.0,0.0,0.0,0.0,0.0,0.0,0.0,/home/dy1013/sirius_multi-gpu/experiment/fixed_page_runs/fixedloc22_avg3_7gb_r3_mgpu/cold_hot/workload
cold_hot,baseline,1,1,4,q5,9.264903230010532,9264.903230010532,5,3808.751953125,16427.885000000002,22.134723685,5456.151276885532,23887.649,4306.782470703125,22334.850000000002,4149.39111328125,0.0,20.067101205,46,0.0,0.0,0.0,0.0,0,894.4330000000001,132.286865234375,23.143859736,0.940063721,58,6.534,6.118896484375,0.014612373,7.2e-07,5,0.6,0.599853515625,0.029407669,0.014611797,4,270.2769999999998,185.43359375,20.830740324,20.524276336,104,377.5060000000001,277.45654296875,20.52427576,20.5237068,65,2.2159999999999997,2.086181640625,5.84e-07,5.84e-07,4,0.002,0.001953125,1.44e-07,1.44e-07,1,1.2309999999999992,1.2236328125,20.054851025,19.907833516,44,0.0,0.0,0,0,0,0,0,0,0,0,0.0,0.0,0,0,0,0.0,0.0,0,0.0,0.0,0.0,0.0,0.0,0.0,0.0,0.0,0.0,0.0,0.0,0.0,0.0,/home/dy1013/sirius_multi-gpu/experiment/fixed_page_runs/fixedloc22_avg3_7gb_r3_mgpu/cold_hot/workload
cold_hot,baseline,1,1,5,q8,12.244555737997871,12244.55573799787,2,5145.64794921875,24216.825000000004,27.791279457,7098.907788779121,34200.58,5786.4365234375,31870.741,5531.88232421875,0.0,25.502214985,58,0.0,0.0,0.0,0.0,0,1000.6780000000002,162.532958984375,33.890998446,1.654541036,71,0.505,0.5048828125,0.0058244,1.6e-07,2,7.534,7.533935546875,0.01417739,0.012427647,3,647.1059999999989,299.68603515625,27.002200566,26.60895263,129,671.4789999999999,406.455810546875,26.60895255,26.608922022,80,1.076,0.90087890625,1.28e-07,1.28e-07,4,0.003,0.0029296875,3.2e-08,3.2e-08,1,1.4579999999999986,1.447998046875,25.488881144,25.341899624,54,0.0,0.0,0,0,0,0,0,0,0,0,0.0,0.0,0,0,0,0.0,0.0,0,0.0,0.0,0.0,0.0,0.0,0.0,0.0,0.0,0.0,0.0,0.0,0.0,0.0,/home/dy1013/sirius_multi-gpu/experiment/fixed_page_runs/fixedloc22_avg3_7gb_r3_mgpu/cold_hot/workload
cold_hot,baseline,1,1,6,q9,14.145660779962782,14145.660779962782,175,5306.278076171875,24457.312,33.214085069,8839.382703790907,34912.848,6762.49560546875,33375.672999999995,6383.54296875,0.0,33.060436829,66,0.0,0.0,0.0,0.0,0,958.5469999999999,262.015869140625,14.19625965,7.403457976,26,37.09400000000001,8.10205078125,0.883741041,6.7893e-05,11,22.596,5.31689453125,1.535423051,0.883679291,10,288.6970000000001,76.93212890625,11.302148144,11.230574512,92,164.36100000000002,104.77685546875,11.230512762,11.198238354,37,2.992,2.364013671875,2.4584e-05,2.4584e-05,4,0.002,0.001953125,6.143e-06,6.143e-06,1,62.88600000000001,53.388916015625,29.25186,1.62547464,55,0.0,0.0,0,0,0,0,0,0,0,0,0.0,0.0,0,0,0,0.0,0.0,0,0.0,0.0,0.0,0.0,0.0,0.0,0.0,0.0,0.0,0.0,0.0,0.0,0.0,/home/dy1013/sirius_multi-gpu/experiment/fixed_page_runs/fixedloc22_avg3_7gb_r3_mgpu/cold_hot/workload
cold_hot,baseline,1,1,7,q20,7.382064438948873,7382.064438948873,17690,3571.41748046875,16790.079999999998,16.809915276,3810.6469584801234,20994.994,3999.255615234375,20945.167999999998,3969.710693359375,0.0,4.233933196,35,1.895,1.89501953125,0.027977152,0.004746304,1,17.369999999999997,17.369140625,0.131048738,0.112912926,6,1.2729999999999997,1.27001953125,0.056778784,0.051981504,3,0.17800000000000002,0.177978515625,0.05872528,0.04284464,2,0.1920000000000001,0.150634765625,0.143807106,0.143807106,42,0.78,0.779541015625,0.110849282,0.110147522,10,8.469,7.833984375,0.003629036,0.003624556,4,0.003,0.0029296875,0.000902771,0.000902771,1,19.666,18.513916015625,4.232164096,0.047950347,33,0.0,0.0,0,0,0,0,0,0,0,0,0.0,0.0,0,0,0,0.0,0.0,0,0.0,0.0,0.0,0.0,0.0,0.0,0.0,0.0,0.0,0.0,0.0,0.0,0.0,/home/dy1013/sirius_multi-gpu/experiment/fixed_page_runs/fixedloc22_avg3_7gb_r3_mgpu/cold_hot/workload
cold_hot,baseline,1,1,8,q11,0.9596982499933802,959.6982499933802,0,790.719970703125,4291.643,4.562249502,168.97827929025516,4565.446999999999,868.6689453125,4382.891,799.798828125,0.0,4.562251076,11,0.0,0.0,0.0,0.0,0,108.45500000000001,64.98681640625,4.62420764,0.235721808,11,59.92600000000001,56.59521484375,0.201750192,0.145185808,14,8.089000000000002,6.76220703125,0.23506596,0.129345888,12,4.031999999999999,1.870361328125,4.696989088,4.696611872,21,1.9320000000000002,1.921630859375,4.62420764,4.62420764,15,0.021,0.01611328125,0.0,0.0,4,0.002,0.001953125,0.0,0.0,1,0.099,0.098876953125,0.012906,0.00114654,2,0.0,0.0,0,0,0,0,0,0,0,0,0.0,0.0,0,0,0,0.0,0.0,0,0.0,0.0,0.0,0.0,0.0,0.0,0.0,0.0,0.0,0.0,0.0,0.0,0.0,/home/dy1013/sirius_multi-gpu/experiment/fixed_page_runs/fixedloc22_avg3_7gb_r3_mgpu/cold_hot/workload
cold_hot,baseline,1,1,9,q2,1.1220211270265281,1122.0211270265281,100,903.50634765625,2699.853,4.338222954,218.51477937027812,2824.621,962.221435546875,2780.404,930.979736328125,0.0,4.071724511,15,1.802,1.802001953125,0.012853599,0.008715824,1,11.176,11.174072265625,0.498147054,0.089259145,10,0.6890000000000001,0.68896484375,0.002175528,0.001905192,3,0.049999999999999996,0.0498046875,0.011559776,0.01050555,3,0.22500000000000003,0.208251953125,0.493003119,0.493003119,26,8.801,8.79931640625,0.491857623,0.485816535,18,0.0,0.0,0.0,0.0,0,0.003,0.0029296875,1.831e-05,1.831e-05,1,21.471,19.05908203125,4.078354325,0.426653658,14,0.0,0.0,0,0,0,0,0,0,0,0,0.0,0.0,0,0,0,0.0,0.0,0,0.0,0.0,0.0,0.0,0.0,0.0,0.0,0.0,0.0,0.0,0.0,0.0,0.0,/home/dy1013/sirius_multi-gpu/experiment/fixed_page_runs/fixedloc22_avg3_7gb_r3_mgpu/cold_hot/workload
cold_hot,baseline,1,1,10,q16,0.8213980149594136,821.3980149594136,27840,376.031005859375,765.1600000000001,1.751456478,445.36700910003856,1344.9640000000002,686.15380859375,811.2070000000001,404.18408203125,0.0,2.212363936,5,23.764,23.763916015625,1.503246088,0.724746288,3,107.52000000000001,64.412841796875,2.149558148,1.171986728,6,343.11100000000005,210.197021484375,0.676223814,0.098849648,4,0.019999999999999997,0.02001953125,0.57872859,0.57872859,2,27.629,18.029052734375,2.124617346,2.10387485,11,25.708,25.70751953125,2.006379626,2.00428297,9,5.967999999999999,4.07421875,0.005418304,0.005418296,5,0.002,0.001953125,0.001354568,0.001354568,1,0.035,0.032958984375,1.300000128,1.300000128,3,0.0,0.0,0,0,0,0,0,0,0,0,0.0,0.0,0,0,0,0.0,0.0,0,0.0,0.0,0.0,0.0,0.0,0.0,0.0,0.0,0.0,0.0,0.0,0.0,0.0,/home/dy1013/sirius_multi-gpu/experiment/fixed_page_runs/fixedloc22_avg3_7gb_r3_mgpu/cold_hot/workload
cold_hot,baseline,1,1,11,q19,9.985964131017681,9985.964131017681,1,3309.728759765625,12943.963000000002,22.642262976,6676.235371252056,19854.236999999994,4275.5791015625,19581.361999999994,4185.5322265625,0.0,6.85815243,43,49.561,40.3779296875,7.247373105,0.696729632,44,62.119,31.27197265625,1.402320073,1.110713796,2,1.564,1.56396484375,9.0512e-05,4.8e-08,3,0.182,0.18212890625,0.00018096,9.048e-05,2,156.78699999999998,45.152099609375,1.418041793,1.402320073,43,2.649,2.27685546875,1.402320073,1.402320073,4,0.0,0.0,0.0,0.0,0,0.012,0.011962890625,1.6e-08,1.6e-08,1,0.001,0.0009765625,0.721493121,0.721493121,1,0.0,0.0,0,0,0,0,0,0,0,0,0.0,0.0,0,0,0,0.0,0.0,0,0.0,0.0,0.0,0.0,0.0,0.0,0.0,0.0,0.0,0.0,0.0,0.0,0.0,/home/dy1013/sirius_multi-gpu/experiment/fixed_page_runs/fixedloc22_avg3_7gb_r3_mgpu/cold_hot/workload
cold_hot,baseline,1,1,12,q17,10.491560902970377,10491.560902970377,1,4466.5458984375,19586.431999999997,24.53902931,6025.015004532877,27133.835,5716.0341796875,26284.874,5344.3271484375,0.0,24.376706952,48,0.179,0.178955078125,0.014555352,0.000433832,1,269.178,269.174072265625,9.80450588,0.067951152,22,510.726,406.49755859375,0.018774852,0.008856908,23,25.951,25.949951171875,0.01495292,0.01012628,21,0.4090000000000002,0.22216796875,9.793888756,9.793888756,71,0.5020000000000001,0.487060546875,9.785352952,9.785123896,24,0.0,0.0,0.0,0.0,0,0.004,0.00390625,8e-09,8e-09,1,42.01200000000001,32.77294921875,14.625926544,0.014708952,28,0.0,0.0,0,0,0,0,0,0,0,0,0.0,0.0,0,0,0,0.0,0.0,0,0.0,0.0,0.0,0.0,0.0,0.0,0.0,0.0,0.0,0.0,0.0,0.0,0.0,/home/dy1013/sirius_multi-gpu/experiment/fixed_page_runs/fixedloc22_avg3_7gb_r3_mgpu/cold_hot/workload
cold_hot,baseline,1,1,13,q14,6.294497228984255,6294.497228984255,1,3166.81201171875,13823.691,14.891610888,3127.6852172655053,17700.078,3835.677001953125,17630.298000000003,3806.255859375,0.0,0.845551358,29,0.0,0.0,0.0,0.0,0,19.923000000000002,9.97607421875,0.840147778,0.315026288,2,2.367,2.366943359375,0.123765744,9.6e-08,3,3.59,2.48095703125,0.31502632,0.123765688,3,43.019999999999996,25.1279296875,0.845551358,0.840147778,29,0.879,0.4560546875,0.840147778,0.840147778,4,0.0,0.0,0.0,0.0,0,0.001,0.0009765625,8e-09,8e-09,1,0.0,0.0,0.0,0.0,0,0.0,0.0,0,0,0,0,0,0,0,0,0.0,0.0,0,0,0,0.0,0.0,0,0.0,0.0,0.0,0.0,0.0,0.0,0.0,0.0,0.0,0.0,0.0,0.0,0.0,/home/dy1013/sirius_multi-gpu/experiment/fixed_page_runs/fixedloc22_avg3_7gb_r3_mgpu/cold_hot/workload
cold_hot,baseline,1,1,14,q1,9.88416870799847,9884.16870799847,4,2396.5849609375,8438.786,24.754772085,7487.5837470609695,16526.536000000004,3538.279052734375,14794.637000000002,3448.342041015625,0.0,13.496004772,47,0.0,0.0,0.0,0.0,0,0.0,0.0,0.0,0.0,0,1541.4550000000004,1103.1025390625,16.061067732,3.352e-05,48,184.55200000000005,174.754150390625,29.557039416,32.122069288,94,0.3290000000000002,0.0478515625,3.3088e-05,3.3088e-05,47,0.0,0.0,0.0,0.0,0,5.561,5.406005859375,1.752e-06,1.752e-06,4,0.002,0.001953125,4.32e-07,4.32e-07,1,0.0,0.0,0.0,0.0,0,0.0,0.0,0,0,0,0,0,0,0,0,0.0,0.0,0,0,0,0.0,0.0,0,0.0,0.0,0.0,0.0,0.0,0.0,0.0,0.0,0.0,0.0,0.0,0.0,0.0,/home/dy1013/sirius_multi-gpu/experiment/fixed_page_runs/fixedloc22_avg3_7gb_r3_mgpu/cold_hot/workload
cold_hot,baseline,1,1,15,q6,4.580644764006138,4580.644764006138,1,2059.091064453125,7683.427000000001,9.750611732,2521.553699553013,10172.656000000003,2565.744140625,10156.190000000002,2564.0791015625,0.0,0.185661344,19,0.0,0.0,0.0,0.0,0,0.0,0.0,0.0,0.0,0,7.999999999999999,7.69482421875,0.092830976,3.2e-07,20,8.458,8.4580078125,0.185661344,0.092830672,19,0.0,0.0,0.0,0.0,0,0.0,0.0,0.0,0.0,0,0.0,0.0,0.0,0.0,0,0.008,0.008056640625,1.6e-08,1.6e-08,1,0.0,0.0,0.0,0.0,0,0.0,0.0,0,0,0,0,0,0,0,0,0.0,0.0,0,0,0,0.0,0.0,0,0.0,0.0,0.0,0.0,0.0,0.0,0.0,0.0,0.0,0.0,0.0,0.0,0.0,/home/dy1013/sirius_multi-gpu/experiment/fixed_page_runs/fixedloc22_avg3_7gb_r3_mgpu/cold_hot/workload
cold_hot,baseline,1,1,16,q15,7.284036103985272,7284.036103985272,1,3127.469970703125,13221.322999999997,14.716415743,4156.566133282147,17611.174,3796.259033203125,17139.253,3718.18798828125,0.0,0.637806644,29,0.0,0.0,0.0,0.0,0,2.023,1.802978515625,0.102372528,3.37e-07,3,113.955,64.6513671875,0.76302908,0.40010592,35,74.622,68.02734375,0.583309449,0.388873065,33,279.395,51.311767578125,0.478603396,0.476528784,33,0.677,0.6728515625,0.102372528,0.102372528,6,1.234,0.9990234375,1.188e-06,1.188e-06,5,0.007,0.007080078125,2.97e-07,2.97e-07,1,0.008,0.00390625,0.024,0.024,2,0.0,0.0,0,0,0,0,0,0,0,0,0.0,0.0,0,0,0,0.0,0.0,0,0.0,0.0,0.0,0.0,0.0,0.0,0.0,0.0,0.0,0.0,0.0,0.0,0.0,/home/dy1013/sirius_multi-gpu/experiment/fixed_page_runs/fixedloc22_avg3_7gb_r3_mgpu/cold_hot/workload
cold_hot,baseline,1,1,17,q21,15.729071380977985,15729.071380977985,100,6742.69482421875,30593.99,40.409577432,8986.376556759235,47498.543000000005,8826.293701171875,41518.336,8016.34326171875,0.0,39.78057004,80,155.78400000000002,133.3349609375,29.401863328,12.329088832,56,4541.072,658.07470703125,37.20308424,6.269974898,103,23.067,16.807861328125,0.241757888,0.234227592,7,1.6660000000000004,1.280029296875,0.764587552,0.764587552,48,721.101,499.31689453125,28.301422418,27.95167765,172,533.9559999999998,464.4765625,28.267333696,28.2664152,100,0.0,0.0,0.0,0.0,0,0.003,0.0029296875,3.004e-06,3.004e-06,1,3.558,3.548095703125,29.437443698,29.40324716,59,0.0,0.0,0,0,0,0,0,0,0,0,0.0,0.0,0,0,0,0.0,0.0,0,0.0,0.0,0.0,0.0,0.0,0.0,0.0,0.0,0.0,0.0,0.0,0.0,0.0,/home/dy1013/sirius_multi-gpu/experiment/fixed_page_runs/fixedloc22_avg3_7gb_r3_mgpu/cold_hot/workload
cold_hot,baseline,1,1,18,q12,6.9353661320055835,6935.3661320055835,2,2084.631103515625,6689.023000000001,16.898499478,4850.7350284899585,11369.286,3195.071533203125,10924.717,3114.9208984375,0.0,5.659903977,33,26.903,24.61767578125,2.562378869,0.056875087,29,224.573,29.875,3.303151248,0.070191309,8,15.174,3.196044921875,0.060026364,5.04e-07,9,18.115000000000002,4.402099609375,0.070191309,0.060025916,8,158.09499999999997,62.665283203125,3.154400643,3.135261383,41,0.918,0.48046875,3.135260935,3.134869095,10,0.7739999999999999,0.44384765625,2.28e-07,2.28e-07,4,0.002,0.001953125,5.6e-08,5.6e-08,1,0.015,0.014892578125,3.097525108,3.097525108,4,0.0,0.0,0,0,0,0,0,0,0,0,0.0,0.0,0,0,0,0.0,0.0,0,0.0,0.0,0.0,0.0,0.0,0.0,0.0,0.0,0.0,0.0,0.0,0.0,0.0,/home/dy1013/sirius_multi-gpu/experiment/fixed_page_runs/fixedloc22_avg3_7gb_r3_mgpu/cold_hot/workload
cold_hot,baseline,1,1,19,q4,4.508476720016915,4508.476720016915,5,1673.69287109375,6073.633999999999,11.720109723,2834.7838489231654,9414.81,2430.888671875,8789.31,2323.732177734375,0.0,9.944133518,23,72.975,62.49365234375,9.82562256,3.082271952,19,382.89300000000003,61.370849609375,3.616152524,0.41610123,16,11.596,6.130126953125,0.111168252,0.045909926,5,0.226,0.082763671875,0.23233184,0.11616592,10,141.269,109.6748046875,3.409485826,3.360630546,41,15.813000000000002,14.59423828125,3.314720726,3.314003134,16,0.672,0.425048828125,4.28e-07,4.28e-07,4,0.002,0.001953125,1.06e-07,1.06e-07,1,0.05400000000000002,0.051025390625,9.82562256,9.82562256,19,0.0,0.0,0,0,0,0,0,0,0,0,0.0,0.0,0,0,0,0.0,0.0,0,0.0,0.0,0.0,0.0,0.0,0.0,0.0,0.0,0.0,0.0,0.0,0.0,0.0,/home/dy1013/sirius_multi-gpu/experiment/fixed_page_runs/fixedloc22_avg3_7gb_r3_mgpu/cold_hot/workload
cold_hot,baseline,1,1,20,q18,7.981760726019274,7981.760726019274,100,2515.697265625,8429.900999999998,24.28997661,5466.063460394274,14923.002000000002,4783.282470703125,13674.759000000002,4550.3359375,0.0,24.229985988,48,16.728,3.029052734375,3.6,5.1184e-05,6,5.966,3.76318359375,0.453321032,0.00309754,4,1045.782,378.33984375,13.353637512,7.219595344,27,0.026,0.02587890625,0.002597592,0.002597592,1,139.43800000000002,28.1064453125,4.074386584,4.05376118,58,0.6340000000000001,0.633544921875,0.453338572,0.453321032,8,0.0,0.0,0.0,0.0,0,0.007,0.007080078125,6.604e-06,6.604e-06,1,39.662000000000006,36.907958984375,14.026047532,0.000925568,30,0.0,0.0,0,0,0,0,0,0,0,0,0.0,0.0,0,0,0,0.0,0.0,0,0.0,0.0,0.0,0.0,0.0,0.0,0.0,0.0,0.0,0.0,0.0,0.0,0.0,/home/dy1013/sirius_multi-gpu/experiment/fixed_page_runs/fixedloc22_avg3_7gb_r3_mgpu/cold_hot/workload
cold_hot,baseline,1,1,21,q13,2.2841295310063288,2284.1295310063288,45,1889.2568359375,7932.5740000000005,2.559374621,394.87269506882876,8694.839999999998,2143.872802734375,8296.621,1971.666015625,0.0,2.533088752,6,0.0,0.0,0.0,0.0,0,246.358,124.136962890625,2.494117808,2.4732936,2,62.642,33.27783203125,2.833295024,0.480002144,7,0.053000000000000005,0.041015625,2.7132936,2.5932936,4,81.723,80.05322265625,2.773090176,2.734119232,10,7.229,7.228759765625,2.494117808,2.494117808,4,0.21200000000000002,0.198974609375,2.88e-06,2.88e-06,4,0.002,0.001953125,7.2e-07,7.2e-07,1,0.0,0.0,0.0,0.0,0,0.0,0.0,0,0,0,0,0,0,0,0,0.0,0.0,0,0,0,0.0,0.0,0,0.0,0.0,0.0,0.0,0.0,0.0,0.0,0.0,0.0,0.0,0.0,0.0,0.0,/home/dy1013/sirius_multi-gpu/experiment/fixed_page_runs/fixedloc22_avg3_7gb_r3_mgpu/cold_hot/workload
cold_hot,baseline,1,1,22,q22,0.9401415350148454,940.1415350148454,7,660.672119140625,1434.718,1.931253749,279.46941587422043,1667.695,803.404541015625,1526.406,702.56494140625,0.0,1.39834829,6,0.0,0.0,0.0,0.0,0,74.37400000000001,70.857177734375,1.69799128,0.489361654,7,2.076,1.393798828125,0.055188308,0.015268706,8,0.671,0.6708984375,0.325230576,0.164127176,6,56.98499999999999,56.970703125,1.553092078,1.55070379,13,6.971,6.968505859375,1.617500905,1.615925733,10,0.21100000000000002,0.197998046875,8.56e-07,8.56e-07,4,0.001,0.0009765625,2.14e-07,2.14e-07,1,0.0,0.0,0.0,0.0,0,0.0,0.0,0,0,0,0,0,0,0,0,0.0,0.0,0,0,0,0.0,0.0,0,0.0,0.0,0.0,0.0,0.0,0.0,0.0,0.0,0.0,0.0,0.0,0.0,0.0,/home/dy1013/sirius_multi-gpu/experiment/fixed_page_runs/fixedloc22_avg3_7gb_r3_mgpu/cold_hot/workload
cold_hot,baseline,1,2,1,q3,7.085464027011767,7085.464027011767,10,2869.740966796875,13040.946,18.422791865,4215.723060214892,18483.488,3422.162841796875,17390.918,3219.27490234375,0.0,9.649443544,36,0.0,0.0,0.0,0.0,0,440.95699999999994,103.0009765625,12.667871064,0.450307352,27,210.174,65.387939453125,0.10806872,0.072468928,28,32.54099999999999,22.748046875,0.132013472,0.10806872,28,220.24400000000003,174.901611328125,8.60141084,8.479196184,63,173.18,150.41455078125,8.44296172,8.43557484,30,0.0,0.0,0.0,0.0,0,0.007,0.007080078125,3.2e-07,3.2e-07,1,15.467000000000013,12.652587890625,9.661303456,8.1862738,38,0.0,0.0,0,0,0,0,0,0,0,0,0.0,0.0,0,0,0,0.0,0.0,0,0.0,0.0,0.0,0.0,0.0,0.0,0.0,0.0,0.0,0.0,0.0,0.0,0.0,/home/dy1013/sirius_multi-gpu/experiment/fixed_page_runs/fixedloc22_avg3_7gb_r3_mgpu/cold_hot/workload
cold_hot,baseline,1,2,2,q10,9.964571035990957,9964.571035990957,20,3058.094482421875,12869.190000000002,19.813826466,6906.476553569082,18227.069999999996,3629.40869140625,17079.661999999997,3403.280029296875,0.0,6.21277012,40,0.0,0.0,0.0,0.0,0,459.8710000000001,98.486083984375,10.415452681,5.070410214,28,301.51300000000003,54.593994140625,2.824146238,1.474300606,10,3.813,1.4951171875,2.915049048,2.823228192,10,309.30099999999993,133.068603515625,9.842431892,9.781720876,68,67.03999999999999,66.222412109375,9.044111313,9.038272513,33,0.0,0.0,0.0,0.0,0,0.012,0.011962890625,3.713e-06,3.713e-06,1,5.858,5.204345703125,6.856235257,6.119547453,37,0.0,0.0,0,0,0,0,0,0,0,0,0.0,0.0,0,0,0,0.0,0.0,0,0.0,0.0,0.0,0.0,0.0,0.0,0.0,0.0,0.0,0.0,0.0,0.0,0.0,/home/dy1013/sirius_multi-gpu/experiment/fixed_page_runs/fixedloc22_avg3_7gb_r3_mgpu/cold_hot/workload
cold_hot,baseline,1,2,3,q7,11.16936474503018,11169.36474503018,4,4021.4130859375,17132.982999999997,24.609878328,7147.95165909268,24302.961999999996,5008.47119140625,23898.253999999997,4859.4970703125,0.0,9.310288914,51,1.8479999999999999,1.847900390625,0.05388005,0.026955988,4,282.04900000000004,65.5830078125,5.367197077,1.281341073,11,4.789,4.7890625,0.024619352,8.16e-07,3,0.259,0.259033203125,0.026955656,0.024618744,2,40.346000000000004,39.099853515625,4.215199969,4.177699685,62,52.419000000000004,52.416748046875,4.177699077,4.166947125,17,2.634,2.634033203125,8.56e-07,8.56e-07,4,0.005,0.0048828125,2.08e-07,2.08e-07,1,20.358999999999995,19.321044921875,9.310287896,2.987736988,49,0.0,0.0,0,0,0,0,0,0,0,0,0.0,0.0,0,0,0,0.0,0.0,0,0.0,0.0,0.0,0.0,0.0,0.0,0.0,0.0,0.0,0.0,0.0,0.0,0.0,/home/dy1013/sirius_multi-gpu/experiment/fixed_page_runs/fixedloc22_avg3_7gb_r3_mgpu/cold_hot/workload
cold_hot,baseline,1,2,4,q5,9.446186015964486,9446.186015964486,5,3627.887939453125,16495.266000000003,22.134723685,5818.298076511361,24049.569000000003,4372.689208984375,22381.424000000003,4078.361083984375,0.0,20.067101205,46,0.0,0.0,0.0,0.0,0,757.3669999999996,117.227294921875,22.816340615,0.940063565,51,5.180000000000001,5.18017578125,0.014612225,5.76e-07,4,0.46299999999999997,0.463134765625,0.029407537,0.014611793,3,454.87199999999973,236.270263671875,20.830740156,20.524276168,97,446.995,385.51123046875,20.524275736,20.523706796,58,2.068,1.888916015625,5.84e-07,5.84e-07,4,0.002,0.001953125,1.44e-07,1.44e-07,1,1.1979999999999995,1.176513671875,20.054851025,19.907833516,44,0.0,0.0,0,0,0,0,0,0,0,0,0.0,0.0,0,0,0,0.0,0.0,0,0.0,0.0,0.0,0.0,0.0,0.0,0.0,0.0,0.0,0.0,0.0,0.0,0.0,/home/dy1013/sirius_multi-gpu/experiment/fixed_page_runs/fixedloc22_avg3_7gb_r3_mgpu/cold_hot/workload
cold_hot,baseline,1,2,5,q8,12.663088986009825,12663.088986009825,2,4951.7275390625,25150.236000000004,27.791279457,7711.361446947325,34900.657999999996,5902.31884765625,32744.356999999993,5426.781982421875,0.0,25.502214985,58,0.0,0.0,0.0,0.0,0,1003.3560000000001,167.7578125,34.018849134,1.654541036,70,0.499,0.4970703125,0.0058244,1.6e-07,2,0.43300000000000005,0.2939453125,0.01417739,0.012427647,3,551.9929999999999,435.893798828125,27.002200566,26.60895263,128,598.6089999999998,447.939697265625,26.60895255,26.608922022,79,0.34299999999999997,0.208984375,1.28e-07,1.28e-07,4,0.002,0.001953125,3.2e-08,3.2e-08,1,1.0659999999999998,1.056640625,25.488881144,25.341899624,54,0.0,0.0,0,0,0,0,0,0,0,0,0.0,0.0,0,0,0,0.0,0.0,0,0.0,0.0,0.0,0.0,0.0,0.0,0.0,0.0,0.0,0.0,0.0,0.0,0.0,/home/dy1013/sirius_multi-gpu/experiment/fixed_page_runs/fixedloc22_avg3_7gb_r3_mgpu/cold_hot/workload
cold_hot,baseline,1,2,6,q9,14.012354792037513,14012.354792037513,175,5310.302490234375,23972.645000000004,33.214085069,8702.052301803138,34193.88700000001,6667.58544921875,32673.824000000008,6294.7138671875,0.0,33.060436829,66,0.0,0.0,0.0,0.0,0,954.4819999999999,250.80810546875,14.196716226,7.403829816,27,57.715,28.39501953125,0.883741041,6.7893e-05,11,23.889,6.373046875,1.535423051,0.883679291,10,288.2929999999999,74.831787109375,11.302519984,11.230574512,93,144.268,99.7978515625,11.230512762,11.19869493,38,2.7329999999999997,2.355224609375,2.4584e-05,2.4584e-05,4,0.002,0.001953125,6.143e-06,6.143e-06,1,48.68100000000001,42.8095703125,29.25186,1.62547464,55,0.0,0.0,0,0,0,0,0,0,0,0,0.0,0.0,0,0,0,0.0,0.0,0,0.0,0.0,0.0,0.0,0.0,0.0,0.0,0.0,0.0,0.0,0.0,0.0,0.0,/home/dy1013/sirius_multi-gpu/experiment/fixed_page_runs/fixedloc22_avg3_7gb_r3_mgpu/cold_hot/workload
cold_hot,baseline,1,2,7,q20,6.2259819119935855,6225.9819119935855,17690,3631.76416015625,12955.154000000002,16.809915276,2594.2177518373355,16752.834000000003,4295.16650390625,16722.285000000003,4279.995849609375,0.0,4.233933196,35,0.32,0.320068359375,0.027977152,0.004746304,1,4.835,4.833984375,0.131048762,0.112912926,6,1.262,1.261962890625,0.056778784,0.051981504,3,0.186,0.18603515625,0.05872528,0.04284464,2,0.33300000000000013,0.18896484375,0.14380713,0.14380713,42,1.2119999999999997,1.210693359375,0.110849306,0.110147546,10,6.574,6.048095703125,0.003629036,0.003624556,4,0.002,0.001953125,0.000902771,0.000902771,1,15.824999999999996,14.808837890625,4.232164096,0.047950371,33,0.0,0.0,0,0,0,0,0,0,0,0,0.0,0.0,0,0,0,0.0,0.0,0,0.0,0.0,0.0,0.0,0.0,0.0,0.0,0.0,0.0,0.0,0.0,0.0,0.0,/home/dy1013/sirius_multi-gpu/experiment/fixed_page_runs/fixedloc22_avg3_7gb_r3_mgpu/cold_hot/workload
cold_hot,baseline,1,2,8,q11,1.0103921830304898,1010.3921830304898,0,793.224853515625,4278.071,4.562249502,217.16732951486483,4550.099000000001,902.26171875,4376.050000000001,815.205078125,0.0,4.562251076,11,0.0,0.0,0.0,0.0,0,75.41999999999999,61.377197265625,4.62420764,0.235721808,11,86.733,71.320556640625,0.201750192,0.145185808,14,3.7729999999999997,3.247802734375,0.23506596,0.129345888,12,6.292999999999999,2.65234375,4.696989088,4.696611872,21,1.716,1.70068359375,4.62420764,4.62420764,15,0.015000000000000001,0.011962890625,0.0,0.0,4,0.002,0.001953125,0.0,0.0,1,0.097,0.096923828125,0.012906,0.00114654,2,0.0,0.0,0,0,0,0,0,0,0,0,0.0,0.0,0,0,0,0.0,0.0,0,0.0,0.0,0.0,0.0,0.0,0.0,0.0,0.0,0.0,0.0,0.0,0.0,0.0,/home/dy1013/sirius_multi-gpu/experiment/fixed_page_runs/fixedloc22_avg3_7gb_r3_mgpu/cold_hot/workload
cold_hot,baseline,1,2,9,q2,1.0816268150229007,1081.6268150229007,100,885.3857421875,2696.6859999999997,4.338222954,196.2410728354007,2810.007,937.0625,2767.558,908.895751953125,0.0,4.071724511,15,0.659,0.658935546875,0.012853599,0.008715824,1,11.271,11.268798828125,0.498147054,0.089259145,10,0.534,0.533935546875,0.002175528,0.001905192,3,0.057,0.056884765625,0.011559776,0.01050555,3,0.17400000000000004,0.16259765625,0.493003119,0.493003119,26,9.712,9.70751953125,0.491857623,0.485816535,18,0.0,0.0,0.0,0.0,0,0.002,0.001953125,1.831e-05,1.831e-05,1,20.04,18.267333984375,4.078354325,0.426653658,14,0.0,0.0,0,0,0,0,0,0,0,0,0.0,0.0,0,0,0,0.0,0.0,0,0.0,0.0,0.0,0.0,0.0,0.0,0.0,0.0,0.0,0.0,0.0,0.0,0.0,/home/dy1013/sirius_multi-gpu/experiment/fixed_page_runs/fixedloc22_avg3_7gb_r3_mgpu/cold_hot/workload
cold_hot,baseline,1,2,10,q16,0.7995296900044195,799.5296900044195,27840,371.52294921875,756.039,1.751456478,428.00674078566954,1114.108,650.086181640625,797.052,395.126953125,0.0,2.212363936,5,12.329,12.3291015625,1.503246472,0.724746672,3,62.75000000000001,20.000244140625,2.149558532,1.171987112,6,187.671,181.511962890625,0.676224116,0.098849568,4,0.020999999999999998,0.02099609375,0.578728974,0.578728972,2,21.674,16.414794921875,2.124617266,2.10387477,11,26.548000000000002,26.546142578125,2.006379626,2.004283354,9,6.039,3.64404296875,0.005418304,0.005418296,5,0.001,0.0009765625,0.001354568,0.001354568,1,0.023,0.02099609375,1.300000128,1.300000128,3,0.0,0.0,0,0,0,0,0,0,0,0,0.0,0.0,0,0,0,0.0,0.0,0,0.0,0.0,0.0,0.0,0.0,0.0,0.0,0.0,0.0,0.0,0.0,0.0,0.0,/home/dy1013/sirius_multi-gpu/experiment/fixed_page_runs/fixedloc22_avg3_7gb_r3_mgpu/cold_hot/workload
cold_hot,baseline,1,2,11,q19,9.976725712011103,9976.725712011103,1,3277.9814453125,12247.492999999995,22.642262976,6698.744266698603,18756.153,4420.340087890625,18534.691,4340.275146484375,0.0,6.85815243,43,52.35699999999999,43.7919921875,7.247373105,0.696729632,44,62.299,31.23193359375,1.402320073,1.110713796,2,0.8220000000000001,0.822021484375,9.0512e-05,4.8e-08,3,0.158,0.157958984375,0.00018096,9.048e-05,2,103.16399999999999,34.79296875,1.418041793,1.402320073,43,2.6479999999999997,2.43212890625,1.402320073,1.402320073,4,0.0,0.0,0.0,0.0,0,0.012,0.011962890625,1.6e-08,1.6e-08,1,0.002,0.001953125,0.721493121,0.721493121,1,0.0,0.0,0,0,0,0,0,0,0,0,0.0,0.0,0,0,0,0.0,0.0,0,0.0,0.0,0.0,0.0,0.0,0.0,0.0,0.0,0.0,0.0,0.0,0.0,0.0,/home/dy1013/sirius_multi-gpu/experiment/fixed_page_runs/fixedloc22_avg3_7gb_r3_mgpu/cold_hot/workload
cold_hot,baseline,1,2,12,q17,9.265941892983392,9265.941892983392,1,4567.658447265625,12368.366000000005,24.53902931,4698.283445717767,19268.208999999995,5945.874755859375,18783.769999999997,5918.010009765625,0.0,24.376706952,48,0.131,0.131103515625,0.014555352,0.000433832,1,251.449,180.458251953125,9.80450588,0.067951152,22,189.78099999999998,185.169189453125,0.018774852,0.008856908,23,2.782,2.595947265625,0.01495292,0.01012628,21,0.6880000000000004,0.28662109375,9.793888756,9.793888756,71,0.41900000000000015,0.4072265625,9.785352952,9.785123896,24,0.0,0.0,0.0,0.0,0,0.005,0.0048828125,8e-09,8e-09,1,39.184000000000005,36.330810546875,14.625926544,0.014708952,28,0.0,0.0,0,0,0,0,0,0,0,0,0.0,0.0,0,0,0,0.0,0.0,0,0.0,0.0,0.0,0.0,0.0,0.0,0.0,0.0,0.0,0.0,0.0,0.0,0.0,/home/dy1013/sirius_multi-gpu/experiment/fixed_page_runs/fixedloc22_avg3_7gb_r3_mgpu/cold_hot/workload
cold_hot,baseline,1,2,13,q14,7.0634145340300165,7063.4145340300165,1,3108.518798828125,13577.595999999998,14.891610888,3954.8957352018915,17690.71,3660.755126953125,17644.361999999997,3636.4951171875,0.0,0.845551358,29,0.0,0.0,0.0,0.0,0,20.269,10.2060546875,0.840147778,0.315026288,2,1.756,1.755859375,0.123765744,9.6e-08,3,2.4370000000000003,1.363037109375,0.31502632,0.123765688,3,20.93499999999999,18.19287109375,0.845551358,0.840147778,29,0.948,0.947998046875,0.840147778,0.840147778,4,0.0,0.0,0.0,0.0,0,0.003,0.0029296875,8e-09,8e-09,1,0.0,0.0,0.0,0.0,0,0.0,0.0,0,0,0,0,0,0,0,0,0.0,0.0,0,0,0,0.0,0.0,0,0.0,0.0,0.0,0.0,0.0,0.0,0.0,0.0,0.0,0.0,0.0,0.0,0.0,/home/dy1013/sirius_multi-gpu/experiment/fixed_page_runs/fixedloc22_avg3_7gb_r3_mgpu/cold_hot/workload
cold_hot,baseline,1,2,14,q1,10.123891211987939,10123.891211987939,4,2363.903076171875,8099.230000000001,24.754772085,7759.988135816064,16076.814999999997,3360.774169921875,14398.170999999997,3295.80517578125,0.0,13.496004772,47,0.0,0.0,0.0,0.0,0,0.0,0.0,0.0,0.0,0,1542.294,1080.297119140625,16.061067732,3.352e-05,48,130.64099999999996,116.789794921875,29.557039416,32.122069288,94,0.9540000000000003,0.39892578125,3.3088e-05,3.3088e-05,47,0.0,0.0,0.0,0.0,0,4.753,4.753173828125,1.752e-06,1.752e-06,4,0.002,0.001953125,4.32e-07,4.32e-07,1,0.0,0.0,0.0,0.0,0,0.0,0.0,0,0,0,0,0,0,0,0,0.0,0.0,0,0,0,0.0,0.0,0,0.0,0.0,0.0,0.0,0.0,0.0,0.0,0.0,0.0,0.0,0.0,0.0,0.0,/home/dy1013/sirius_multi-gpu/experiment/fixed_page_runs/fixedloc22_avg3_7gb_r3_mgpu/cold_hot/workload
cold_hot,baseline,1,2,15,q6,4.735614756995346,4735.614756995346,1,2072.684814453125,7651.636,9.750611732,2662.9299425422214,10345.533,2598.259033203125,10300.313,2596.322021484375,0.0,0.185661344,19,0.0,0.0,0.0,0.0,0,0.0,0.0,0.0,0.0,0,6.776,6.77587890625,0.092830976,3.2e-07,20,38.440999999999995,38.273193359375,0.185661344,0.092830672,19,0.0,0.0,0.0,0.0,0,0.0,0.0,0.0,0.0,0,0.0,0.0,0.0,0.0,0,0.003,0.0029296875,1.6e-08,1.6e-08,1,0.0,0.0,0.0,0.0,0,0.0,0.0,0,0,0,0,0,0,0,0,0.0,0.0,0,0,0,0.0,0.0,0,0.0,0.0,0.0,0.0,0.0,0.0,0.0,0.0,0.0,0.0,0.0,0.0,0.0,/home/dy1013/sirius_multi-gpu/experiment/fixed_page_runs/fixedloc22_avg3_7gb_r3_mgpu/cold_hot/workload
cold_hot,baseline,1,2,16,q15,7.037881148979068,7037.881148979068,1,3072.3056640625,12954.644999999997,14.716415743,3965.575484916568,17189.162,3615.02880859375,17006.049,3580.126220703125,0.0,0.637806644,29,0.0,0.0,0.0,0.0,0,2.33,2.2470703125,0.102372528,3.37e-07,3,70.356,57.39794921875,0.76302908,0.40010592,35,16.358000000000004,16.064697265625,0.583309449,0.388873065,33,92.02300000000002,17.73291015625,0.478603396,0.476528784,33,0.644,0.640625,0.102372528,0.102372528,6,1.378,0.98486328125,1.188e-06,1.188e-06,5,0.002,0.001953125,2.97e-07,2.97e-07,1,0.022,0.010986328125,0.024,0.024,2,0.0,0.0,0,0,0,0,0,0,0,0,0.0,0.0,0,0,0,0.0,0.0,0,0.0,0.0,0.0,0.0,0.0,0.0,0.0,0.0,0.0,0.0,0.0,0.0,0.0,/home/dy1013/sirius_multi-gpu/experiment/fixed_page_runs/fixedloc22_avg3_7gb_r3_mgpu/cold_hot/workload
cold_hot,baseline,1,2,17,q21,15.609649605990853,15609.649605990853,100,6711.333984375,26559.604999999996,40.409577432,8898.315621615853,43548.19899999999,8528.0625,37463.657999999996,7721.005859375,0.0,39.78057004,80,142.13199999999998,108.312255859375,29.401863328,12.329088832,56,4590.736,662.045166015625,37.08563258,6.269974906,103,21.881999999999998,16.4541015625,0.241757888,0.234227592,7,1.7509999999999994,1.31787109375,0.764587552,0.764587552,46,744.4049999999997,524.3740234375,28.301422418,27.95167765,171,580.0640000000001,485.86083984375,28.267333768,28.2664152,99,0.0,0.0,0.0,0.0,0,0.004,0.00390625,3.004e-06,3.004e-06,1,3.567,3.545654296875,29.437443698,29.40324716,59,0.0,0.0,0,0,0,0,0,0,0,0,0.0,0.0,0,0,0,0.0,0.0,0,0.0,0.0,0.0,0.0,0.0,0.0,0.0,0.0,0.0,0.0,0.0,0.0,0.0,/home/dy1013/sirius_multi-gpu/experiment/fixed_page_runs/fixedloc22_avg3_7gb_r3_mgpu/cold_hot/workload
cold_hot,baseline,1,2,18,q12,6.719806590001099,6719.806590001099,2,2211.26318359375,5819.543000000001,16.898499478,4508.543406407349,10281.717,3908.628173828125,9685.683,3803.27685546875,0.0,5.659903977,33,28.552,27.2607421875,2.562378869,0.056875087,29,226.72500000000002,29.4189453125,3.303151248,0.070191309,8,14.037999999999998,3.3740234375,0.060026364,5.04e-07,9,17.216,3.419921875,0.070191309,0.060025916,8,307.8640000000001,88.4169921875,3.154400643,3.135261383,41,0.929,0.48193359375,3.135260935,3.134869095,10,0.701,0.377197265625,2.28e-07,2.28e-07,4,0.002,0.001953125,5.6e-08,5.6e-08,1,0.007,0.0068359375,3.097525108,3.097525108,4,0.0,0.0,0,0,0,0,0,0,0,0,0.0,0.0,0,0,0,0.0,0.0,0,0.0,0.0,0.0,0.0,0.0,0.0,0.0,0.0,0.0,0.0,0.0,0.0,0.0,/home/dy1013/sirius_multi-gpu/experiment/fixed_page_runs/fixedloc22_avg3_7gb_r3_mgpu/cold_hot/workload
cold_hot,baseline,1,2,19,q4,4.5257881989819,4525.7881989819,5,1648.1591796875,6059.298,11.720109723,2877.6290192943998,9356.797999999999,2389.20703125,8735.874,2297.625,0.0,9.944133518,23,46.763,38.969970703125,9.82562256,3.082271952,19,389.239,63.454833984375,3.616152524,0.41610123,16,11.694,6.253173828125,0.111168252,0.045909926,5,0.11100000000000002,0.046875,0.23233184,0.11616592,10,157.52499999999998,99.064208984375,3.409485826,3.360630546,41,14.963000000000001,12.1123046875,3.314720726,3.314003134,16,0.5880000000000001,0.199951171875,4.28e-07,4.28e-07,4,0.002,0.001953125,1.06e-07,1.06e-07,1,0.039000000000000014,0.0380859375,9.82562256,9.82562256,19,0.0,0.0,0,0,0,0,0,0,0,0,0.0,0.0,0,0,0,0.0,0.0,0,0.0,0.0,0.0,0.0,0.0,0.0,0.0,0.0,0.0,0.0,0.0,0.0,0.0,/home/dy1013/sirius_multi-gpu/experiment/fixed_page_runs/fixedloc22_avg3_7gb_r3_mgpu/cold_hot/workload
cold_hot,baseline,1,2,20,q18,7.98507419496309,7985.07419496309,100,2547.287353515625,8780.307000000003,24.28997661,5437.786841447465,15299.839000000004,5074.5947265625,14078.586000000003,4820.783935546875,0.0,24.229985988,48,16.532,2.949951171875,3.6,5.1184e-05,6,7.482,4.717041015625,0.453321032,0.00309754,4,1026.4089999999999,406.875244140625,13.353637512,7.219595344,27,0.017,0.01708984375,0.002597592,0.002597592,1,135.36299999999997,26.81640625,4.074386584,4.05376118,58,0.487,0.47607421875,0.453338572,0.453321032,8,0.0,0.0,0.0,0.0,0,0.003,0.0029296875,6.604e-06,6.604e-06,1,34.96,34.687744140625,14.026047532,0.000925568,30,0.0,0.0,0,0,0,0,0,0,0,0,0.0,0.0,0,0,0,0.0,0.0,0,0.0,0.0,0.0,0.0,0.0,0.0,0.0,0.0,0.0,0.0,0.0,0.0,0.0,/home/dy1013/sirius_multi-gpu/experiment/fixed_page_runs/fixedloc22_avg3_7gb_r3_mgpu/cold_hot/workload
cold_hot,baseline,1,2,21,q13,2.3347709630033933,2334.7709630033933,45,1895.610107421875,8068.076,2.559374621,439.16085558151826,9034.891,2206.070068359375,8671.833999999999,2030.85693359375,0.0,2.533088752,6,0.0,0.0,0.0,0.0,0,245.964,123.883056640625,2.494117808,2.4732936,2,62.04800000000001,32.403076171875,2.833295024,0.480002144,7,0.05,0.037109375,2.7132936,2.5932936,4,47.532,31.09619140625,2.773090176,2.734119232,10,7.2490000000000006,7.2490234375,2.494117808,2.494117808,4,0.21200000000000002,0.197998046875,2.88e-06,2.88e-06,4,0.002,0.001953125,7.2e-07,7.2e-07,1,0.0,0.0,0.0,0.0,0,0.0,0.0,0,0,0,0,0,0,0,0,0.0,0.0,0,0,0,0.0,0.0,0,0.0,0.0,0.0,0.0,0.0,0.0,0.0,0.0,0.0,0.0,0.0,0.0,0.0,/home/dy1013/sirius_multi-gpu/experiment/fixed_page_runs/fixedloc22_avg3_7gb_r3_mgpu/cold_hot/workload
cold_hot,baseline,1,2,22,q22,0.9194978949963115,919.4978949963115,7,625.84521484375,1401.931,1.931253749,293.6526801525615,1649.668,758.02197265625,1494.464,668.77001953125,0.0,1.39834829,6,0.0,0.0,0.0,0.0,0,99.67399999999999,71.201171875,1.69799128,0.489361654,7,2.713,2.10302734375,0.055188308,0.015268706,8,0.988,0.974853515625,0.325230576,0.164127176,6,44.69599999999999,43.9697265625,1.553092078,1.55070379,13,6.911999999999999,6.911865234375,1.617500905,1.615925733,10,0.22,0.2080078125,8.56e-07,8.56e-07,4,0.001,0.0009765625,2.14e-07,2.14e-07,1,0.0,0.0,0.0,0.0,0,0.0,0.0,0,0,0,0,0,0,0,0,0.0,0.0,0,0,0,0.0,0.0,0,0.0,0.0,0.0,0.0,0.0,0.0,0.0,0.0,0.0,0.0,0.0,0.0,0.0,/home/dy1013/sirius_multi-gpu/experiment/fixed_page_runs/fixedloc22_avg3_7gb_r3_mgpu/cold_hot/workload
cold_hot,baseline,1,3,1,q3,6.4168852170114405,6416.885217011441,10,2925.7919921875,13899.541,18.422791865,3491.0932248239405,19318.672000000002,3534.385498046875,18183.993000000002,3371.68798828125,0.0,9.649443544,36,0.0,0.0,0.0,0.0,0,459.37399999999997,98.216064453125,12.315179712,0.450307352,25,190.84699999999998,59.140869140625,0.10806872,0.072468928,26,19.393,9.865966796875,0.132013472,0.10806872,26,283.15799999999996,162.30419921875,8.60141084,8.479196184,61,167.228,140.5791015625,8.44296172,8.43557484,28,0.0,0.0,0.0,0.0,0,0.002,0.001953125,3.2e-07,3.2e-07,1,14.677000000000017,12.177490234375,9.661303456,8.1862738,38,0.0,0.0,0,0,0,0,0,0,0,0,0.0,0.0,0,0,0,0.0,0.0,0,0.0,0.0,0.0,0.0,0.0,0.0,0.0,0.0,0.0,0.0,0.0,0.0,0.0,/home/dy1013/sirius_multi-gpu/experiment/fixed_page_runs/fixedloc22_avg3_7gb_r3_mgpu/cold_hot/workload
cold_hot,baseline,1,3,2,q10,9.808090944949072,9808.090944949072,20,3056.252197265625,13106.863000000001,19.813826466,6751.838747683447,18570.922,3656.127685546875,17436.832,3438.572998046875,0.0,6.21277012,40,0.0,0.0,0.0,0.0,0,465.83399999999995,100.929931640625,10.415456201,5.070411814,28,296.88800000000003,55.4130859375,2.824148478,1.474300606,10,3.9890000000000003,1.73583984375,2.915050648,2.823229792,10,301.437,116.36376953125,9.842431892,9.781721516,68,58.62200000000001,58.060546875,9.044111313,9.038276033,33,0.0,0.0,0.0,0.0,0,0.011,0.010986328125,3.713e-06,3.713e-06,1,7.308999999999999,4.8662109375,6.856235257,6.119547453,37,0.0,0.0,0,0,0,0,0,0,0,0,0.0,0.0,0,0,0,0.0,0.0,0,0.0,0.0,0.0,0.0,0.0,0.0,0.0,0.0,0.0,0.0,0.0,0.0,0.0,/home/dy1013/sirius_multi-gpu/experiment/fixed_page_runs/fixedloc22_avg3_7gb_r3_mgpu/cold_hot/workload
cold_hot,baseline,1,3,3,q7,10.439629036991391,10439.629036991391,4,4048.46484375,18492.979,24.609878328,6391.164193241391,25420.544999999995,5181.956787109375,24916.454999999994,5017.030029296875,0.0,9.310288914,51,2.053,2.052978515625,0.053888882,0.02696034,4,280.69,64.990966796875,5.367306389,1.281349905,11,31.328,30.65087890625,0.024623704,8.16e-07,3,0.537,0.537109375,0.026960008,0.024623096,2,41.25,32.789306640625,4.215199969,4.177699685,62,54.040000000000006,54.03759765625,4.177699077,4.167056437,17,3.545,3.3740234375,8.56e-07,8.56e-07,4,0.002,0.001953125,2.08e-07,2.08e-07,1,90.64500000000001,55.422119140625,9.310287896,2.987736988,49,0.0,0.0,0,0,0,0,0,0,0,0,0.0,0.0,0,0,0,0.0,0.0,0,0.0,0.0,0.0,0.0,0.0,0.0,0.0,0.0,0.0,0.0,0.0,0.0,0.0,/home/dy1013/sirius_multi-gpu/experiment/fixed_page_runs/fixedloc22_avg3_7gb_r3_mgpu/cold_hot/workload
cold_hot,baseline,1,3,4,q5,9.331672511005308,9331.672511005308,5,3747.030029296875,17132.704999999994,22.134723685,5584.6424817084335,24690.008,4380.7734375,22925.680000000004,4196.2119140625,0.0,20.067101205,46,0.0,0.0,0.0,0.0,0,768.9659999999998,116.739990234375,22.92551365,0.940063569,52,2.891,2.89111328125,0.014612077,4.32e-07,3,0.293,0.293212890625,0.029407533,0.014611789,2,503.2739999999996,294.827880859375,20.83074002,20.524276032,98,486.0570000000001,377.268798828125,20.524275744,20.523706792,59,1.7399999999999998,1.531005859375,5.84e-07,5.84e-07,4,0.002,0.001953125,1.44e-07,1.44e-07,1,1.1049999999999993,1.095703125,20.054851025,19.907833516,44,0.0,0.0,0,0,0,0,0,0,0,0,0.0,0.0,0,0,0,0.0,0.0,0,0.0,0.0,0.0,0.0,0.0,0.0,0.0,0.0,0.0,0.0,0.0,0.0,0.0,/home/dy1013/sirius_multi-gpu/experiment/fixed_page_runs/fixedloc22_avg3_7gb_r3_mgpu/cold_hot/workload
cold_hot,baseline,1,3,5,q8,12.822682260011788,12822.682260011788,2,5064.811279296875,25386.76,27.791279457,7757.8709807149135,35201.909,6036.371337890625,32984.864,5551.67919921875,0.0,25.502214985,58,0.0,0.0,0.0,0.0,0,970.3569999999997,171.97412109375,34.018849134,1.654540972,70,0.388,0.385986328125,0.0058244,1.6e-07,2,0.41200000000000003,0.276123046875,0.01417739,0.012427647,3,607.1289999999993,489.637939453125,27.002200502,26.608952566,128,637.0379999999999,473.244140625,26.608952486,26.608922022,79,0.345,0.199951171875,1.28e-07,1.28e-07,4,0.002,0.001953125,3.2e-08,3.2e-08,1,1.3739999999999994,1.34619140625,25.488881144,25.341899624,54,0.0,0.0,0,0,0,0,0,0,0,0,0.0,0.0,0,0,0,0.0,0.0,0,0.0,0.0,0.0,0.0,0.0,0.0,0.0,0.0,0.0,0.0,0.0,0.0,0.0,/home/dy1013/sirius_multi-gpu/experiment/fixed_page_runs/fixedloc22_avg3_7gb_r3_mgpu/cold_hot/workload
cold_hot,baseline,1,3,6,q9,14.064534819044638,14064.534819044638,175,5261.9482421875,21957.65699999999,33.214085069,8802.586576857138,32349.76900000001,6610.060546875,30868.54800000001,6218.42578125,0.0,33.060436829,66,0.0,0.0,0.0,0.0,0,936.0219999999999,252.010009765625,14.19625965,7.403457912,26,37.693999999999996,8.46826171875,0.883741041,6.7893e-05,11,22.172,5.2060546875,1.535423051,0.883679291,10,271.5819999999998,77.51806640625,11.30214808,11.230574512,92,144.685,88.593994140625,11.230512762,11.198238354,37,2.849,2.702880859375,2.4584e-05,2.4584e-05,4,0.002,0.001953125,6.143e-06,6.143e-06,1,66.215,51.984130859375,29.25186,1.62547464,55,0.0,0.0,0,0,0,0,0,0,0,0,0.0,0.0,0,0,0,0.0,0.0,0,0.0,0.0,0.0,0.0,0.0,0.0,0.0,0.0,0.0,0.0,0.0,0.0,0.0,/home/dy1013/sirius_multi-gpu/experiment/fixed_page_runs/fixedloc22_avg3_7gb_r3_mgpu/cold_hot/workload
cold_hot,baseline,1,3,7,q20,7.4624185739667155,7462.4185739667155,17690,3515.8046875,16185.569,16.809915276,3946.6138864667155,20246.913,3818.7705078125,20212.693,3801.672607421875,0.0,4.233933196,35,0.252,0.251953125,0.027977152,0.004746304,1,5.148,5.146240234375,0.13104869,0.112912926,6,1.285,1.282958984375,0.056778784,0.051981504,3,0.14600000000000002,0.14599609375,0.05872528,0.04284464,2,0.16600000000000006,0.138916015625,0.143807058,0.143807058,42,3.376999999999999,3.376708984375,0.110849234,0.110147474,10,6.095,6.01806640625,0.003629036,0.003624556,4,0.002,0.001953125,0.000902771,0.000902771,1,17.749000000000002,15.791015625,4.232164096,0.047950299,33,0.0,0.0,0,0,0,0,0,0,0,0,0.0,0.0,0,0,0,0.0,0.0,0,0.0,0.0,0.0,0.0,0.0,0.0,0.0,0.0,0.0,0.0,0.0,0.0,0.0,/home/dy1013/sirius_multi-gpu/experiment/fixed_page_runs/fixedloc22_avg3_7gb_r3_mgpu/cold_hot/workload
cold_hot,baseline,1,3,8,q11,0.9202874500188045,920.2874500188045,0,758.539794921875,4132.522,4.562249502,161.74765509692952,4333.681,803.98876953125,4207.723999999999,767.15087890625,0.0,4.562251076,11,0.0,0.0,0.0,0.0,0,88.889,50.802978515625,4.62420764,0.235721808,11,23.874000000000002,19.1220703125,0.201750192,0.145185808,14,5.608,4.095703125,0.23506596,0.129345888,12,5.720999999999998,2.8095703125,4.696989088,4.696611872,21,1.7489999999999999,1.745361328125,4.62420764,4.62420764,15,0.013,0.010009765625,0.0,0.0,4,0.001,0.0009765625,0.0,0.0,1,0.10200000000000001,0.10205078125,0.012906,0.00114654,2,0.0,0.0,0,0,0,0,0,0,0,0,0.0,0.0,0,0,0,0.0,0.0,0,0.0,0.0,0.0,0.0,0.0,0.0,0.0,0.0,0.0,0.0,0.0,0.0,0.0,/home/dy1013/sirius_multi-gpu/experiment/fixed_page_runs/fixedloc22_avg3_7gb_r3_mgpu/cold_hot/workload
cold_hot,baseline,1,3,9,q2,1.133400863967836,1133.400863967836,100,906.27392578125,2733.949,4.338222954,227.1269381865859,2854.1330000000003,961.630859375,2810.5820000000003,930.302001953125,0.0,4.071724511,15,0.748,0.748046875,0.012853599,0.008715824,1,11.507,11.506103515625,0.498147054,0.089259145,10,0.902,0.902099609375,0.002175528,0.001905192,3,0.065,0.06494140625,0.011559776,0.01050555,3,0.19500000000000006,0.171142578125,0.493003119,0.493003119,26,8.929999999999998,8.925537109375,0.491857623,0.485816535,18,0.0,0.0,0.0,0.0,0,0.002,0.001953125,1.831e-05,1.831e-05,1,21.202,19.120849609375,4.078354325,0.426653658,14,0.0,0.0,0,0,0,0,0,0,0,0,0.0,0.0,0,0,0,0.0,0.0,0,0.0,0.0,0.0,0.0,0.0,0.0,0.0,0.0,0.0,0.0,0.0,0.0,0.0,/home/dy1013/sirius_multi-gpu/experiment/fixed_page_runs/fixedloc22_avg3_7gb_r3_mgpu/cold_hot/workload
cold_hot,baseline,1,3,10,q16,0.7919452550122514,791.9452550122514,27840,373.2802734375,755.2389999999999,1.751456478,418.66498157475144,1133.1789999999999,656.109130859375,802.031,400.635986328125,0.0,2.212363936,5,12.844000000000001,12.84375,1.502982664,0.724482992,3,63.349,20.66015625,2.149294724,1.171723304,6,200.46,194.43798828125,0.675958732,0.098847864,4,0.036,0.035888671875,0.578465294,0.578465292,2,22.218,15.51220703125,2.124615562,2.103873066,11,26.388,26.3857421875,2.006379626,2.004019546,9,5.844,3.88525390625,0.005418304,0.005418296,5,0.003,0.0029296875,0.001354568,0.001354568,1,0.006,0.005859375,1.300000128,1.300000128,3,0.0,0.0,0,0,0,0,0,0,0,0,0.0,0.0,0,0,0,0.0,0.0,0,0.0,0.0,0.0,0.0,0.0,0.0,0.0,0.0,0.0,0.0,0.0,0.0,0.0,/home/dy1013/sirius_multi-gpu/experiment/fixed_page_runs/fixedloc22_avg3_7gb_r3_mgpu/cold_hot/workload
cold_hot,baseline,1,3,11,q19,9.761920985009056,9761.920985009056,1,3283.94921875,12456.751,22.642262976,6477.971766259056,19253.287999999993,4321.947265625,18961.759999999995,4225.939208984375,0.0,6.85815243,43,53.705999999999996,42.92041015625,7.247373105,0.696729632,44,62.17,31.14794921875,1.402320073,1.110713796,2,0.531,0.339111328125,9.0512e-05,4.8e-08,3,0.189,0.094970703125,0.00018096,9.048e-05,2,172.436,54.219970703125,1.418041793,1.402320073,43,2.493,1.301025390625,1.402320073,1.402320073,4,0.0,0.0,0.0,0.0,0,0.002,0.001953125,1.6e-08,1.6e-08,1,0.001,0.0009765625,0.721493121,0.721493121,1,0.0,0.0,0,0,0,0,0,0,0,0,0.0,0.0,0,0,0,0.0,0.0,0,0.0,0.0,0.0,0.0,0.0,0.0,0.0,0.0,0.0,0.0,0.0,0.0,0.0,/home/dy1013/sirius_multi-gpu/experiment/fixed_page_runs/fixedloc22_avg3_7gb_r3_mgpu/cold_hot/workload
cold_hot,baseline,1,3,12,q17,10.51724983000895,10517.24983000895,1,4496.981201171875,19405.87400000001,24.53902931,6020.268628837075,26747.920999999995,5787.357666015625,25985.799999999996,5484.245849609375,0.0,24.376706952,48,0.135,0.135009765625,0.014555352,0.000433832,1,231.36399999999998,197.923583984375,9.80450588,0.067951152,22,489.7069999999999,343.337890625,0.018774852,0.008856908,23,0.9410000000000001,0.93359375,0.01495292,0.01012628,21,0.2490000000000001,0.173583984375,9.793888756,9.793888756,71,0.32200000000000006,0.311279296875,9.785352952,9.785123896,24,0.0,0.0,0.0,0.0,0,0.005,0.0048828125,8e-09,8e-09,1,39.397999999999996,36.8095703125,14.625926544,0.014708952,28,0.0,0.0,0,0,0,0,0,0,0,0,0.0,0.0,0,0,0,0.0,0.0,0,0.0,0.0,0.0,0.0,0.0,0.0,0.0,0.0,0.0,0.0,0.0,0.0,0.0,/home/dy1013/sirius_multi-gpu/experiment/fixed_page_runs/fixedloc22_avg3_7gb_r3_mgpu/cold_hot/workload
cold_hot,baseline,1,3,13,q14,6.407723372976761,6407.723372976761,1,3136.733154296875,13207.449,14.891610888,3270.9902186798863,17138.531000000003,3836.542724609375,17067.812,3807.358154296875,0.0,0.845551358,29,0.0,0.0,0.0,0.0,0,20.240000000000002,11.00390625,0.840147778,0.315026288,2,2.867,2.866943359375,0.123765744,9.6e-08,3,2.725,2.631103515625,0.31502632,0.123765688,3,44.00800000000002,33.324462890625,0.845551358,0.840147778,29,0.872,0.871826171875,0.840147778,0.840147778,4,0.0,0.0,0.0,0.0,0,0.007,0.007080078125,8e-09,8e-09,1,0.0,0.0,0.0,0.0,0,0.0,0.0,0,0,0,0,0,0,0,0,0.0,0.0,0,0,0,0.0,0.0,0,0.0,0.0,0.0,0.0,0.0,0.0,0.0,0.0,0.0,0.0,0.0,0.0,0.0,/home/dy1013/sirius_multi-gpu/experiment/fixed_page_runs/fixedloc22_avg3_7gb_r3_mgpu/cold_hot/workload
cold_hot,baseline,1,3,14,q1,10.038892285025213,10038.892285025213,4,2473.013916015625,8980.561,24.754772085,7565.878369009588,17020.746,3727.64990234375,15278.569,3662.1162109375,0.0,13.496004772,47,0.0,0.0,0.0,0.0,0,0.0,0.0,0.0,0.0,0,1564.9389999999996,1003.4873046875,16.061067732,3.352e-05,48,173.68699999999998,158.30322265625,29.557039416,32.122069288,94,0.6740000000000003,0.140869140625,3.3088e-05,3.3088e-05,47,0.0,0.0,0.0,0.0,0,2.875,2.64794921875,1.752e-06,1.752e-06,4,0.002,0.001953125,4.32e-07,4.32e-07,1,0.0,0.0,0.0,0.0,0,0.0,0.0,0,0,0,0,0,0,0,0,0.0,0.0,0,0,0,0.0,0.0,0,0.0,0.0,0.0,0.0,0.0,0.0,0.0,0.0,0.0,0.0,0.0,0.0,0.0,/home/dy1013/sirius_multi-gpu/experiment/fixed_page_runs/fixedloc22_avg3_7gb_r3_mgpu/cold_hot/workload
cold_hot,baseline,1,3,15,q6,4.6245822660275735,4624.5822660275735,1,2061.8173828125,7560.135,9.750611732,2562.7648832150735,9918.655,2589.81201171875,9900.981,2588.244140625,0.0,0.185661344,19,0.0,0.0,0.0,0.0,0,0.0,0.0,0.0,0.0,0,8.640000000000002,8.259033203125,0.092830976,3.2e-07,20,9.029999999999998,9.030517578125,0.185661344,0.092830672,19,0.0,0.0,0.0,0.0,0,0.0,0.0,0.0,0.0,0,0.0,0.0,0.0,0.0,0,0.004,0.00390625,1.6e-08,1.6e-08,1,0.0,0.0,0.0,0.0,0,0.0,0.0,0,0,0,0,0,0,0,0,0.0,0.0,0,0,0,0.0,0.0,0,0.0,0.0,0.0,0.0,0.0,0.0,0.0,0.0,0.0,0.0,0.0,0.0,0.0,/home/dy1013/sirius_multi-gpu/experiment/fixed_page_runs/fixedloc22_avg3_7gb_r3_mgpu/cold_hot/workload
cold_hot,baseline,1,3,16,q15,7.055392770038452,7055.392770038452,1,3064.364990234375,12984.017,14.716415743,3991.027779804077,17170.221999999998,3671.8359375,16982.152,3629.927978515625,0.0,0.637806644,29,0.0,0.0,0.0,0.0,0,2.3890000000000002,2.38916015625,0.102372528,3.37e-07,3,67.08799999999998,53.412841796875,0.76302908,0.40010592,35,20.947,20.22509765625,0.583309449,0.388873065,33,96.038,26.482666015625,0.478603396,0.476528784,33,0.73,0.72705078125,0.102372528,0.102372528,6,0.848,0.61083984375,1.188e-06,1.188e-06,5,0.007,0.007080078125,2.97e-07,2.97e-07,1,0.023,0.011962890625,0.024,0.024,2,0.0,0.0,0,0,0,0,0,0,0,0,0.0,0.0,0,0,0,0.0,0.0,0,0.0,0.0,0.0,0.0,0.0,0.0,0.0,0.0,0.0,0.0,0.0,0.0,0.0,/home/dy1013/sirius_multi-gpu/experiment/fixed_page_runs/fixedloc22_avg3_7gb_r3_mgpu/cold_hot/workload
cold_hot,baseline,1,3,17,q21,15.862576360988896,15862.576360988896,100,6585.0380859375,30936.659999999996,40.409577432,9277.538275051396,47193.383999999984,8604.820556640625,41480.482999999986,7792.8974609375,0.0,39.78057004,80,151.41699999999997,120.923095703125,29.401863328,12.329088832,56,4382.377,641.4541015625,35.916472292,6.269974394,99,21.677999999999997,15.7548828125,0.241757888,0.234227592,7,2.359999999999999,1.550537109375,0.764587552,0.764587552,46,637.3409999999996,461.948486328125,28.30142229,27.95167765,167,514.1819999999999,455.8701171875,28.267333704,28.2664152,95,0.0,0.0,0.0,0.0,0,0.003,0.0029296875,3.004e-06,3.004e-06,1,3.543,3.52392578125,29.437443698,29.40324716,59,0.0,0.0,0,0,0,0,0,0,0,0,0.0,0.0,0,0,0,0.0,0.0,0,0.0,0.0,0.0,0.0,0.0,0.0,0.0,0.0,0.0,0.0,0.0,0.0,0.0,/home/dy1013/sirius_multi-gpu/experiment/fixed_page_runs/fixedloc22_avg3_7gb_r3_mgpu/cold_hot/workload
cold_hot,baseline,1,3,18,q12,6.528168789984193,6528.168789984193,2,2179.868896484375,6434.1230000000005,16.898499478,4348.299893499818,10935.801000000001,3565.283935546875,10352.86,3457.56884765625,0.0,5.659903977,33,32.599999999999994,31.079345703125,2.562378869,0.056875087,29,223.942,28.4951171875,3.303151248,0.070191309,8,11.862000000000002,3.080078125,0.060026364,5.04e-07,9,15.773999999999997,3.489013671875,0.070191309,0.060025916,8,296.80300000000005,96.52099609375,3.154400643,3.135261383,41,1.1579999999999995,1.149658203125,3.135260935,3.134869095,10,0.7909999999999999,0.64599609375,2.28e-07,2.28e-07,4,0.003,0.0029296875,5.6e-08,5.6e-08,1,0.008,0.0078125,3.097525108,3.097525108,4,0.0,0.0,0,0,0,0,0,0,0,0,0.0,0.0,0,0,0,0.0,0.0,0,0.0,0.0,0.0,0.0,0.0,0.0,0.0,0.0,0.0,0.0,0.0,0.0,0.0,/home/dy1013/sirius_multi-gpu/experiment/fixed_page_runs/fixedloc22_avg3_7gb_r3_mgpu/cold_hot/workload
cold_hot,baseline,1,3,19,q4,4.538570018019527,4538.570018019527,5,1651.282470703125,5868.534000000001,11.720109723,2887.287547316402,9124.837000000001,2442.261962890625,8520.745,2354.18408203125,0.0,9.944133518,23,76.883,71.6787109375,9.82562256,3.082271952,19,384.197,61.518798828125,3.616152524,0.41610123,16,11.59,6.10595703125,0.111168252,0.045909926,5,0.21700000000000003,0.05078125,0.23233184,0.11616592,10,116.32499999999999,89.921142578125,3.409485826,3.360630546,41,13.699000000000002,11.70751953125,3.314720726,3.314003134,16,1.104,0.8740234375,4.28e-07,4.28e-07,4,0.002,0.001953125,1.06e-07,1.06e-07,1,0.07500000000000001,0.073974609375,9.82562256,9.82562256,19,0.0,0.0,0,0,0,0,0,0,0,0,0.0,0.0,0,0,0,0.0,0.0,0,0.0,0.0,0.0,0.0,0.0,0.0,0.0,0.0,0.0,0.0,0.0,0.0,0.0,/home/dy1013/sirius_multi-gpu/experiment/fixed_page_runs/fixedloc22_avg3_7gb_r3_mgpu/cold_hot/workload
cold_hot,baseline,1,3,20,q18,7.709259937983006,7709.259937983006,100,2550.155029296875,8543.366999999998,24.28997661,5159.104908686131,15066.962,4831.578369140625,13828.672999999999,4576.557861328125,0.0,24.229985988,48,16.413999999999998,3.8330078125,3.6,5.1184e-05,6,5.742,3.438232421875,0.453321032,0.00309754,4,1017.7959999999999,389.623291015625,13.353637512,7.219595344,27,0.009,0.009033203125,0.002597592,0.002597592,1,158.93000000000004,44.981689453125,4.074386584,4.05376118,58,0.644,0.64404296875,0.453338572,0.453321032,8,0.0,0.0,0.0,0.0,0,0.009,0.009033203125,6.604e-06,6.604e-06,1,38.74500000000001,36.19677734375,14.026047532,0.000925568,30,0.0,0.0,0,0,0,0,0,0,0,0,0.0,0.0,0,0,0,0.0,0.0,0,0.0,0.0,0.0,0.0,0.0,0.0,0.0,0.0,0.0,0.0,0.0,0.0,0.0,/home/dy1013/sirius_multi-gpu/experiment/fixed_page_runs/fixedloc22_avg3_7gb_r3_mgpu/cold_hot/workload
cold_hot,baseline,1,3,21,q13,2.2251042690477334,2225.1042690477334,45,1832.345947265625,7756.3099999999995,2.559374621,392.7583217821084,8467.891000000001,2082.3857421875,8122.504000000001,1911.27392578125,0.0,2.533088752,6,0.0,0.0,0.0,0.0,0,246.213,123.264892578125,2.494117808,2.4732936,2,62.41599999999999,32.006103515625,2.833295024,0.480002144,7,0.054000000000000006,0.049072265625,2.7132936,2.5932936,4,29.275000000000002,27.9169921875,2.773090176,2.734119232,10,7.228999999999999,7.228759765625,2.494117808,2.494117808,4,0.199,0.18896484375,2.88e-06,2.88e-06,4,0.001,0.0009765625,7.2e-07,7.2e-07,1,0.0,0.0,0.0,0.0,0,0.0,0.0,0,0,0,0,0,0,0,0,0.0,0.0,0,0,0,0.0,0.0,0,0.0,0.0,0.0,0.0,0.0,0.0,0.0,0.0,0.0,0.0,0.0,0.0,0.0,/home/dy1013/sirius_multi-gpu/experiment/fixed_page_runs/fixedloc22_avg3_7gb_r3_mgpu/cold_hot/workload
cold_hot,baseline,1,3,22,q22,0.930073875002563,930.073875002563,7,651.112060546875,1421.071,1.931253749,278.961814455688,1651.367,794.65966796875,1509.213,692.797119140625,0.0,1.39834829,6,0.0,0.0,0.0,0.0,0,74.45000000000002,70.835693359375,1.69799128,0.489361654,7,3.204,3.1826171875,0.055188308,0.015268706,8,0.667,0.400390625,0.325230576,0.164127176,6,56.911,56.896728515625,1.553092078,1.55070379,13,6.747,6.746826171875,1.617500905,1.615925733,10,0.17300000000000001,0.16796875,8.56e-07,8.56e-07,4,0.002,0.001953125,2.14e-07,2.14e-07,1,0.0,0.0,0.0,0.0,0,0.0,0.0,0,0,0,0,0,0,0,0,0.0,0.0,0,0,0,0.0,0.0,0,0.0,0.0,0.0,0.0,0.0,0.0,0.0,0.0,0.0,0.0,0.0,0.0,0.0,/home/dy1013/sirius_multi-gpu/experiment/fixed_page_runs/fixedloc22_avg3_7gb_r3_mgpu/cold_hot/workload
paging,paging,1,1,1,q3,7.050883884017821,7050.883884017821,10,2915.155029296875,13663.686,18.422791865,4135.728854720946,19875.692,3531.80419921875,18633.02,3349.71484375,0.0,9.649443544,36,0.0,0.0,0.0,0.0,0,598.069,105.888916015625,12.667871064,0.450307352,27,243.559,55.28515625,0.10806872,0.072468928,28,41.654999999999994,13.851806640625,0.132013472,0.10806872,28,191.46500000000006,157.0791015625,8.60141084,8.479196184,63,151.324,147.8125,8.44296172,8.43557484,30,0.0,0.0,0.0,0.0,0,0.002,0.001953125,3.2e-07,3.2e-07,1,16.598000000000003,11.171142578125,9.661303456,8.1862738,38,0.0,0.0,0,0,0,0,14,22,0,0,0.0,1.9723669,948,0,0,0.0,0.0,0,0.0,0.0,0.0,0.0,0.0,0.0,0.0,0.0,0.0,0.0,0.0,0.0,0.0,/home/dy1013/sirius_multi-gpu/experiment/fixed_page_runs/fixedloc22_avg3_7gb_r3_mgpu/paging/workload
paging,paging,1,1,2,q10,9.982593225024175,9982.593225024175,20,3145.985107421875,13157.219999999998,19.813826466,6836.6081176023,18984.067999999996,3786.044921875,17774.999999999996,3547.60009765625,0.0,6.21277012,40,0.0,0.0,0.0,0.0,0,469.28,101.723876953125,10.414212681,5.069459814,28,313.906,56.7939453125,2.822873913,1.473979006,10,3.4379999999999997,0.923828125,2.914098648,2.822277787,10,310.582,111.40966796875,9.842110292,9.781398956,68,90.24500000000002,89.048095703125,9.044111313,9.037032513,33,0.0,0.0,0.0,0.0,0,0.011,0.010986328125,3.713e-06,3.713e-06,1,21.606,12.36767578125,6.856235257,6.119547453,37,0.0,0.0,0,0,0,0,23,17,0,0,0.0,1.558867872,756,0,0,0.0,0.0,0,0.0,0.0,0.0,0.0,0.0,0.0,0.0,0.0,0.0,0.0,0.0,0.0,0.0,/home/dy1013/sirius_multi-gpu/experiment/fixed_page_runs/fixedloc22_avg3_7gb_r3_mgpu/paging/workload
paging,paging,1,1,3,q7,11.236693990009371,11236.693990009371,4,3982.77734375,17604.475999999995,24.609877312,7253.916646259371,25276.00899999999,5073.782958984375,24783.66199999999,4904.2412109375,0.0,9.310288914,51,2.4080000000000004,2.408203125,0.05388005,0.026955988,4,282.64,66.39990234375,5.367197077,1.281341073,11,41.545,40.265869140625,0.024619352,8.16e-07,3,1.831,1.8310546875,0.026955656,0.024618744,2,59.00800000000002,43.227294921875,4.215199969,4.177699685,62,64.03800000000001,55.549560546875,4.177699077,4.166947125,17,9.948,9.801025390625,8.56e-07,8.56e-07,4,0.002,0.001953125,2.08e-07,2.08e-07,1,30.927000000000007,25.59423828125,9.310287896,2.987736988,49,0.0,0.0,0,0,0,0,18,31,2,0,0.0,2.072585304,1001,0,0,0.0,0.0,0,0.0,0.0,0.0,0.0,0.0,0.0,0.0,0.0,0.0,0.0,0.0,0.0,0.0,/home/dy1013/sirius_multi-gpu/experiment/fixed_page_runs/fixedloc22_avg3_7gb_r3_mgpu/paging/workload
paging,paging,1,1,4,q5,9.496123551973142,9496.123551973142,5,3755.753173828125,16104.3,22.122473691,5740.370378145017,24014.399,4382.052734375,22413.57,4129.7900390625,0.0,20.067101205,49,0.0,0.0,0.0,0.0,0,766.498,117.328125,22.816090503,0.939880781,51,7.243,7.242919921875,0.014612225,5.76e-07,4,0.702,0.701904296875,0.029224753,0.014611793,3,349.9579999999999,216.052978515625,20.830740156,20.524276168,100,472.79,381.866455078125,20.524275736,20.523456684,58,2.482,2.33203125,5.84e-07,5.84e-07,4,0.002,0.001953125,1.44e-07,1.44e-07,1,1.153999999999999,1.140869140625,20.054851025,19.907833516,44,0.0,0.0,0,0,0,0,11,34,1,0,0.0,2.103335072,1008,0,0,0.0,0.0,0,0.0,0.0,0.0,0.0,0.0,0.0,0.0,0.0,0.0,0.0,0.0,0.0,0.0,/home/dy1013/sirius_multi-gpu/experiment/fixed_page_runs/fixedloc22_avg3_7gb_r3_mgpu/paging/workload
paging,paging,1,1,5,q8,12.198086447955575,12198.086447955575,2,4986.5263671875,22760.882000000005,27.779028749,7211.560080768075,32710.106,5720.000732421875,30514.299,5358.041259765625,0.0,25.502214985,61,0.0,0.0,0.0,0.0,0,952.0709999999999,163.870849609375,33.762959238,1.654415852,68,0.496,0.495849609375,0.0058244,1.6e-07,2,7.2509999999999994,7.2509765625,0.01417739,0.012427647,3,577.5089999999998,465.117431640625,27.002075382,26.608827446,129,656.8419999999998,407.984130859375,26.608827366,26.608546854,77,0.491,0.343994140625,1.28e-07,1.28e-07,4,0.004,0.00390625,3.2e-08,3.2e-08,1,1.1429999999999993,1.126953125,25.488881144,25.341899624,54,0.0,0.0,0,0,0,0,8,47,3,0,0.0,0.91149248,445,0,0,0.0,0.0,0,0.0,0.0,0.0,0.0,0.0,0.0,0.0,0.0,0.0,0.0,0.0,0.0,0.0,/home/dy1013/sirius_multi-gpu/experiment/fixed_page_runs/fixedloc22_avg3_7gb_r3_mgpu/paging/workload
paging,paging,1,1,6,q9,14.683306246995926,14683.306246995926,175,5281.427978515625,23889.41300000001,33.201834567,9401.8782684803,34966.693999999996,6669.46923828125,33465.475,6318.322265625,0.0,33.060436829,69,0.0,0.0,0.0,0.0,0,906.659,255.60009765625,14.195884482,7.393332728,26,52.085,27.6279296875,0.883741041,6.7893e-05,11,21.793,5.48095703125,1.535423051,0.883679291,10,300.13799999999986,85.155517578125,11.292022896,11.230449456,95,161.555,94.6396484375,11.230387706,11.197863186,37,3.3280000000000003,3.162841796875,2.4584e-05,2.4584e-05,4,0.002,0.001953125,6.143e-06,6.143e-06,1,55.659000000000006,46.893310546875,29.25186,1.62547464,55,0.0,0.0,0,0,0,0,5,59,2,0,0.0,1.92,921,0,0,0.0,0.0,0,0.0,0.0,0.0,0.0,0.0,0.0,0.0,0.0,0.0,0.0,0.0,0.0,0.0,/home/dy1013/sirius_multi-gpu/experiment/fixed_page_runs/fixedloc22_avg3_7gb_r3_mgpu/paging/workload
paging,paging,1,1,7,q20,7.520644859992899,7520.644859992899,17690,3499.526123046875,16979.165,16.809915173,4021.118736946024,21968.678000000004,4064.163818359375,21912.355000000003,4030.48974609375,0.0,4.233933196,35,1.898,1.89794921875,0.027977152,0.004746304,1,18.468,18.467041015625,0.13104869,0.112912926,6,1.505,1.5048828125,0.056778784,0.051981504,3,0.374,0.3740234375,0.05872528,0.04284464,2,0.24400000000000008,0.206298828125,0.143807058,0.143807058,42,0.788,0.78759765625,0.110849234,0.110147474,10,9.32,9.223876953125,0.003629172,0.003624692,4,0.011,0.010986328125,0.000902771,0.000902771,1,23.714999999999996,22.529541015625,4.232164096,0.047950299,33,0.0,0.0,0,0,0,0,29,5,1,0,0.0,2.14259752,1058,0,0,0.0,0.0,0,0.0,0.0,0.0,0.0,0.0,0.0,0.0,0.0,0.0,0.0,0.0,0.0,0.0,/home/dy1013/sirius_multi-gpu/experiment/fixed_page_runs/fixedloc22_avg3_7gb_r3_mgpu/paging/workload
paging,paging,1,1,8,q11,1.0302141249994747,1030.2141249994747,0,739.64111328125,3634.316,4.549999405,290.57301171822473,4274.081999999999,931.682861328125,4160.539,906.659912109375,0.0,4.562251076,14,0.0,0.0,0.0,0.0,0,57.896,57.89599609375,4.624177304,0.234109264,11,41.49700000000001,38.787109375,0.201750192,0.145185808,14,5.7250000000000005,5.7255859375,0.233463528,0.129345888,12,4.859999999999999,1.6904296875,4.696968992,4.696591776,24,1.7799999999999998,1.7744140625,4.624187544,4.624177304,15,0.016,0.008056640625,0.0,0.0,4,0.002,0.001953125,0.0,0.0,1,1.767,0.52099609375,0.012895888,0.001136556,5,0.0,0.0,0,0,0,0,9,0,2,0,0.0,1.57816912,756,0,0,0.0,0.0,0,0.0,0.0,0.0,0.0,0.0,0.0,0.0,0.0,0.0,0.0,0.0,0.0,0.0,/home/dy1013/sirius_multi-gpu/experiment/fixed_page_runs/fixedloc22_avg3_7gb_r3_mgpu/paging/workload
paging,paging,1,1,9,q2,1.1621493140119128,1162.1493140119128,100,868.43701171875,2661.0790000000006,4.325972103,293.7123022931628,2974.137,1013.90966796875,2932.136,983.7822265625,0.0,4.071724511,18,0.616,0.615966796875,0.012853599,0.008715824,1,9.943,9.837158203125,0.49807179,0.089225993,10,0.3,0.296875,0.002175528,0.001905192,3,0.055999999999999994,0.055908203125,0.011551712,0.01050555,3,0.2880000000000001,0.27734375,0.492978287,0.492978287,29,9.975,9.96875,0.491832791,0.485741271,18,0.0,0.0,0.0,0.0,0,0.001,0.0009765625,1.831e-05,1.831e-05,1,20.821999999999996,17.01513671875,4.078354325,0.426653914,17,0.0,0.0,0,0,0,0,6,4,5,0,0.0,1.92,921,0,0,0.0,0.0,0,0.0,0.0,0.0,0.0,0.0,0.0,0.0,0.0,0.0,0.0,0.0,0.0,0.0,/home/dy1013/sirius_multi-gpu/experiment/fixed_page_runs/fixedloc22_avg3_7gb_r3_mgpu/paging/workload
paging,paging,1,1,10,q16,0.7593024439993314,759.3024439993314,27840,274.752197265625,653.078,1.743331481,484.55024673370644,1069.981,601.012939453125,717.958,316.0029296875,0.0,2.212364128,8,23.632,23.632080078125,1.503246472,0.724746672,3,62.916999999999994,20.794921875,2.149558468,1.171987112,6,203.92,196.862060546875,0.676224116,0.098849568,4,0.018000000000000002,0.01806640625,0.578728974,0.578728972,2,29.738,19.712890625,2.124617458,2.103874962,14,26.336,26.3349609375,2.006379818,2.00428329,9,5.454,3.445068359375,0.005418304,0.005418296,5,0.003,0.0029296875,0.001354568,0.001354568,1,0.005,0.0048828125,1.300000128,1.300000128,3,0.0,0.0,0,0,0,0,1,3,1,0,0.0,0.24,116,0,0,0.0,0.0,0,0.0,0.0,0.0,0.0,0.0,0.0,0.0,0.0,0.0,0.0,0.0,0.0,0.0,/home/dy1013/sirius_multi-gpu/experiment/fixed_page_runs/fixedloc22_avg3_7gb_r3_mgpu/paging/workload
paging,paging,1,1,11,q19,9.935264327039476,9935.264327039476,1,3278.39697265625,12257.038,22.642262976,6656.8673543832265,19035.975000000006,4374.75830078125,18812.703000000005,4294.94287109375,0.0,6.85815243,43,51.87,41.13720703125,7.247373105,0.696729632,44,62.339,31.361083984375,1.402320073,1.110713796,2,1.532,1.531982421875,9.0512e-05,4.8e-08,3,0.16599999999999998,0.092041015625,0.00018096,9.048e-05,2,104.841,35.090087890625,1.418041793,1.402320073,43,2.519,1.299072265625,1.402320073,1.402320073,4,0.0,0.0,0.0,0.0,0,0.003,0.0029296875,1.6e-08,1.6e-08,1,0.002,0.001953125,0.721493121,0.721493121,1,0.0,0.0,0,0,0,0,10,33,0,0,0.0,1.04028768,504,0,0,0.0,0.0,0,0.0,0.0,0.0,0.0,0.0,0.0,0.0,0.0,0.0,0.0,0.0,0.0,0.0,/home/dy1013/sirius_multi-gpu/experiment/fixed_page_runs/fixedloc22_avg3_7gb_r3_mgpu/paging/workload
paging,paging,1,1,12,q17,10.440694142016582,10440.694142016582,1,4293.27880859375,19023.383,24.37652933,6147.415333422832,26609.811999999994,5569.3837890625,25880.361999999994,5251.950927734375,0.0,24.37670932,124,0.17,0.169921875,0.014555352,0.000433832,1,245.723,222.307861328125,9.804352408,0.06780024,22,435.96600000000007,328.60498046875,0.018774852,0.008856908,23,1.7399999999999998,1.720458984375,0.01495292,0.01012628,21,0.47900000000000037,0.153076171875,9.793815668,9.793815668,147,0.9930000000000001,0.96044921875,9.785279864,9.78504588,24,0.0,0.0,0.0,0.0,0,0.002,0.001953125,8e-09,8e-09,1,44.376999999999995,37.341796875,14.625926544,0.014708952,28,0.0,0.0,0,0,0,0,0,47,1,0,0.0,0.0,0,0,0,0.0,0.0,0,0.0,0.0,0.0,0.0,0.0,0.0,0.0,0.0,0.0,0.0,0.0,0.0,0.0,/home/dy1013/sirius_multi-gpu/experiment/fixed_page_runs/fixedloc22_avg3_7gb_r3_mgpu/paging/workload
paging,paging,1,1,13,q14,7.1067077810293995,7106.7077810293995,1,3055.18798828125,12950.067000000001,14.891610888,4051.5197927481495,17012.859,3585.527099609375,16959.163,3559.06298828125,0.0,0.845551358,29,0.0,0.0,0.0,0.0,0,20.237000000000002,10.15087890625,0.840147778,0.315026288,2,2.2969999999999997,2.297119140625,0.123765744,9.6e-08,3,3.5420000000000003,2.5380859375,0.31502632,0.123765688,3,26.704000000000004,23.896240234375,0.845551358,0.840147778,29,0.9099999999999999,0.473876953125,0.840147778,0.840147778,4,0.0,0.0,0.0,0.0,0,0.006,0.006103515625,8e-09,8e-09,1,0.0,0.0,0.0,0.0,0,0.0,0.0,0,0,0,0,29,0,0,0,0.0,0.21658994,193,0,0,0.0,0.0,0,0.0,0.0,0.0,0.0,0.0,0.0,0.0,0.0,0.0,0.0,0.0,0.0,0.0,/home/dy1013/sirius_multi-gpu/experiment/fixed_page_runs/fixedloc22_avg3_7gb_r3_mgpu/paging/workload
paging,paging,1,1,14,q1,10.10880615701899,10108.80615701899,4,2413.320068359375,8776.826000000001,24.754772085,7695.486088659614,17157.526,3470.2373046875,15308.423,3397.007080078125,0.0,13.496004772,47,0.0,0.0,0.0,0.0,0,0.0,0.0,0.0,0.0,0,1595.5419999999995,1050.0146484375,16.061067732,3.352e-05,48,249.31599999999995,225.04443359375,29.557039416,32.122069288,94,0.5420000000000001,0.220947265625,3.3088e-05,3.3088e-05,47,0.0,0.0,0.0,0.0,0,3.6999999999999997,3.483154296875,1.752e-06,1.752e-06,4,0.003,0.0029296875,4.32e-07,4.32e-07,1,0.0,0.0,0.0,0.0,0,0.0,0.0,0,0,0,0,5,42,0,0,0.0,1.226572272,605,0,0,0.0,0.0,0,0.0,0.0,0.0,0.0,0.0,0.0,0.0,0.0,0.0,0.0,0.0,0.0,0.0,/home/dy1013/sirius_multi-gpu/experiment/fixed_page_runs/fixedloc22_avg3_7gb_r3_mgpu/paging/workload
paging,paging,1,1,15,q6,4.700680446985643,4700.680446985643,1,2053.309814453125,7547.932000000001,9.750611732,2647.3706325325184,10315.692,2662.541015625,10302.089,2661.43603515625,0.0,0.185661344,19,0.0,0.0,0.0,0.0,0,0.0,0.0,0.0,0.0,0,5.832999999999999,5.8330078125,0.092830976,3.2e-07,20,7.768000000000001,7.768310546875,0.185661344,0.092830672,19,0.0,0.0,0.0,0.0,0,0.0,0.0,0.0,0.0,0,0.0,0.0,0.0,0.0,0,0.002,0.001953125,1.6e-08,1.6e-08,1,0.0,0.0,0.0,0.0,0,0.0,0.0,0,0,0,0,19,0,0,0,0.0,0.319906776,202,0,0,0.0,0.0,0,0.0,0.0,0.0,0.0,0.0,0.0,0.0,0.0,0.0,0.0,0.0,0.0,0.0,/home/dy1013/sirius_multi-gpu/experiment/fixed_page_runs/fixedloc22_avg3_7gb_r3_mgpu/paging/workload
paging,paging,1,1,16,q15,7.014102255983744,7014.102255983744,1,3014.658203125,12137.758,14.625917598,3999.444052858744,16528.810999999998,3658.495849609375,16368.326999999997,3616.051025390625,0.0,0.63780668,32,0.0,0.0,0.0,0.0,0,3.2199999999999998,3.1630859375,0.10199736,1.45e-07,3,65.566,50.23681640625,0.76302908,0.40010592,35,13.155,13.130859375,0.583309257,0.388872873,33,73.80699999999997,16.611083984375,0.478603432,0.476529432,36,3.7109999999999994,3.705078125,0.102373176,0.10199736,6,1.0070000000000001,1.0,4.2e-07,4.2e-07,5,0.003,0.0029296875,1.05e-07,1.05e-07,1,0.015,0.011962890625,0.024,0.024,2,0.0,0.0,0,0,0,0,28,0,1,0,0.0,0.642485396,385,0,0,0.0,0.0,0,0.0,0.0,0.0,0.0,0.0,0.0,0.0,0.0,0.0,0.0,0.0,0.0,0.0,/home/dy1013/sirius_multi-gpu/experiment/fixed_page_runs/fixedloc22_avg3_7gb_r3_mgpu/paging/workload
paging,paging,1,1,17,q21,16.161325232009403,16161.325232009403,100,6512.364990234375,27421.708000000013,40.371202051,9648.960241775028,44009.22100000001,8718.194580078125,38109.72800000001,7805.1806640625,0.0,39.780570052,83,188.057,145.71142578125,29.401863328,12.329088832,56,4381.43,662.827392578125,36.499191116,6.266292458,97,22.419999999999998,16.11572265625,0.241757888,0.234227592,7,1.2810000000000001,0.827880859375,0.764587552,0.764587552,46,673.809,469.5771484375,28.30049443,27.951667742,170,626.6499999999999,499.677490234375,28.26640538,28.26638992,95,0.0,0.0,0.0,0.0,0,0.004,0.00390625,3.004e-06,3.004e-06,1,5.841999999999997,4.2685546875,29.43744371,29.403247364,62,0.0,0.0,0,0,0,0,3,75,2,0,0.0,0.584580016,280,0,0,0.0,0.0,0,0.0,0.0,0.0,0.0,0.0,0.0,0.0,0.0,0.0,0.0,0.0,0.0,0.0,/home/dy1013/sirius_multi-gpu/experiment/fixed_page_runs/fixedloc22_avg3_7gb_r3_mgpu/paging/workload
paging,paging,1,1,18,q12,6.844550248992164,6844.550248992164,2,2100.227294921875,7032.968999999999,16.898499478,4744.322954070289,12320.582000000002,3324.676025390625,11764.074000000002,3249.38623046875,0.0,5.659903977,33,127.981,66.112548828125,2.562378869,0.056875087,29,223.764,29.614013671875,3.303151248,0.070191309,8,13.283999999999999,3.44091796875,0.060026364,5.04e-07,9,13.668999999999999,2.758056640625,0.070191309,0.060025916,8,176.06799999999998,91.135009765625,3.154400643,3.135261383,41,1.0219999999999998,0.55078125,3.135260935,3.134869095,10,0.71,0.241943359375,2.28e-07,2.28e-07,4,0.002,0.001953125,5.6e-08,5.6e-08,1,0.008,0.0078125,3.097525108,3.097525108,4,0.0,0.0,0,0,0,0,24,9,0,0,0.0,1.45627728,786,0,0,0.0,0.0,0,0.0,0.0,0.0,0.0,0.0,0.0,0.0,0.0,0.0,0.0,0.0,0.0,0.0,/home/dy1013/sirius_multi-gpu/experiment/fixed_page_runs/fixedloc22_avg3_7gb_r3_mgpu/paging/workload
paging,paging,1,1,19,q4,4.415102593018673,4415.102593018673,5,1603.3427734375,5619.420999999999,11.720109723,2811.7598195811734,8927.909,2331.296142578125,8392.755,2244.125,0.0,9.944133518,23,46.13000000000001,44.9052734375,9.82562256,3.082271952,19,380.35400000000004,61.385009765625,3.616152524,0.41610123,16,11.527999999999999,6.9921875,0.111168252,0.045909926,5,0.265,0.1357421875,0.23233184,0.11616592,10,77.15200000000002,58.155029296875,3.409485826,3.360630546,41,18.783,15.193115234375,3.314720726,3.314003134,16,0.884,0.60498046875,4.32e-07,4.32e-07,4,0.003,0.0029296875,1.06e-07,1.06e-07,1,0.05500000000000002,0.052001953125,9.82562256,9.82562256,19,0.0,0.0,0,0,0,0,4,19,0,0,0.0,0.068864412,39,0,0,0.0,0.0,0,0.0,0.0,0.0,0.0,0.0,0.0,0.0,0.0,0.0,0.0,0.0,0.0,0.0,/home/dy1013/sirius_multi-gpu/experiment/fixed_page_runs/fixedloc22_avg3_7gb_r3_mgpu/paging/workload
paging,paging,1,1,20,q18,8.012286317010876,8012.286317010876,100,2505.46630859375,8884.538999999997,24.28997661,5506.820008417126,15550.538,4466.67041015625,14284.963,4206.9560546875,0.0,24.229985988,48,15.523000000000001,3.592041015625,3.6,5.1184e-05,6,6.585,4.311767578125,0.453321032,0.00309754,4,1053.984,428.087158203125,13.353637512,7.219595344,27,0.026,0.02587890625,0.002597592,0.002597592,1,150.17800000000008,32.15087890625,4.074386584,4.05376118,58,0.881,0.881103515625,0.453338572,0.453321032,8,0.0,0.0,0.0,0.0,0,0.007,0.007080078125,6.604e-06,6.604e-06,1,38.391,35.297119140625,14.026047532,0.000925568,30,0.0,0.0,0,0,0,0,0,48,0,0,0.0,0.0,0,0,0,0.0,0.0,0,0.0,0.0,0.0,0.0,0.0,0.0,0.0,0.0,0.0,0.0,0.0,0.0,0.0,/home/dy1013/sirius_multi-gpu/experiment/fixed_page_runs/fixedloc22_avg3_7gb_r3_mgpu/paging/workload
paging,paging,1,1,21,q13,2.224021759000607,2224.021759000607,45,1827.732177734375,7578.658,2.559374621,396.28958126623183,8383.763,2078.789794921875,7985.648,1907.4560546875,0.0,2.533088752,6,0.0,0.0,0.0,0.0,0,246.043,123.035888671875,2.494117808,2.4732936,2,63.27899999999999,31.944091796875,2.833295024,0.480002144,7,0.117,0.076904296875,2.7132936,2.5932936,4,81.19,79.77197265625,2.773090176,2.734119232,10,7.236000000000001,7.23583984375,2.494117808,2.494117808,4,0.248,0.2451171875,2.88e-06,2.88e-06,4,0.002,0.001953125,7.2e-07,7.2e-07,1,0.0,0.0,0.0,0.0,0,0.0,0.0,0,0,0,0,1,5,0,0,0.0,0.528176864,252,0,0,0.0,0.0,0,0.0,0.0,0.0,0.0,0.0,0.0,0.0,0.0,0.0,0.0,0.0,0.0,0.0,/home/dy1013/sirius_multi-gpu/experiment/fixed_page_runs/fixedloc22_avg3_7gb_r3_mgpu/paging/workload
paging,paging,1,1,22,q22,0.9498477620072663,949.8477620072663,7,655.489013671875,1432.946,1.931253749,294.3587483353913,1678.725,817.058837890625,1536.923,715.429931640625,0.0,1.39834829,6,0.0,0.0,0.0,0.0,0,74.537,70.833984375,1.69799128,0.489361654,7,2.426,1.650634765625,0.055188308,0.015268706,8,0.7090000000000001,0.42724609375,0.325230576,0.164127176,6,57.05,57.0478515625,1.553092078,1.55070379,13,6.856,6.853759765625,1.617500905,1.615925733,10,0.222,0.215087890625,8.56e-07,8.56e-07,4,0.002,0.001953125,2.14e-07,2.14e-07,1,0.0,0.0,0.0,0.0,0,0.0,0.0,0,0,0,0,3,3,0,0,0.0,0.24,116,0,0,0.0,0.0,0,0.0,0.0,0.0,0.0,0.0,0.0,0.0,0.0,0.0,0.0,0.0,0.0,0.0,/home/dy1013/sirius_multi-gpu/experiment/fixed_page_runs/fixedloc22_avg3_7gb_r3_mgpu/paging/workload
paging,paging,1,2,1,q3,7.01564865896944,7015.64865896944,10,2315.5732421875,9552.362,14.625917598,4700.07541678194,15253.979999999998,3306.33837890625,14010.647999999997,3160.101318359375,0.0,9.649443544,322,0.0,0.0,0.0,0.0,0,482.98299999999995,101.998046875,12.667496024,0.44847036,27,176.95999999999998,63.885986328125,0.10806872,0.072468928,28,24.410999999999998,11.344970703125,0.132013472,0.10806872,28,200.985,164.401123046875,8.599609944,8.47923228,349,193.02,161.4140625,8.442997816,8.4351998,30,0.0,0.0,0.0,0.0,0,0.002,0.001953125,3.2e-07,3.2e-07,1,164.97100000000006,58.462646484375,9.661303456,8.186309896,313,0.0,0.0,0,0,0,0,0,28,2,0,0.0,0.0,0,0,0,0.0,0.0,0,0.0,0.0,0.0,0.0,0.0,0.0,0.0,0.0,0.0,0.0,0.0,0.0,0.0,/home/dy1013/sirius_multi-gpu/experiment/fixed_page_runs/fixedloc22_avg3_7gb_r3_mgpu/paging/workload
paging,paging,1,2,2,q10,9.128604853991419,9128.604853991419,20,2547.4638671875,10101.821000000002,17.376326312,6581.140986803919,15336.065,3066.22607421875,14230.462,2843.5859375,0.0,6.21277012,58,0.0,0.0,0.0,0.0,0,392.867,95.595458984375,10.136451881,5.067702654,26,231.19699999999997,55.27294921875,2.820520843,1.473383126,8,3.4730000000000003,1.507080078125,2.912341488,2.820520637,8,358.10200000000015,176.544189453125,9.841514412,9.780803036,84,114.824,77.38671875,9.044111313,9.034734233,31,0.0,0.0,0.0,0.0,0,0.008,0.008056640625,3.713e-06,3.713e-06,1,5.132,3.61865234375,6.856235257,6.119547453,37,0.0,0.0,0,0,0,0,0,34,2,0,0.0,0.0,0,0,0,0.0,0.0,0,0.0,0.0,0.0,0.0,0.0,0.0,0.0,0.0,0.0,0.0,0.0,0.0,0.0,/home/dy1013/sirius_multi-gpu/experiment/fixed_page_runs/fixedloc22_avg3_7gb_r3_mgpu/paging/workload
paging,paging,1,2,3,q7,10.363948544021696,10363.948544021696,4,4076.293701171875,16859.190000000002,24.597627318,6287.654842849821,23602.622999999996,5218.953369140625,23180.842999999997,5068.53076171875,0.0,9.310288914,54,1.995,1.994873046875,0.053888818,0.02696034,4,282.492,65.00634765625,5.367275925,1.281339793,11,5.532,5.531982421875,0.024623704,8.16e-07,3,0.383,0.383056640625,0.026960008,0.024623096,2,48.329,37.728271484375,4.215190177,4.177689893,65,53.095,53.090576171875,4.177689285,4.167025973,17,3.5069999999999997,3.257080078125,8.56e-07,8.56e-07,4,0.002,0.001953125,2.08e-07,2.08e-07,1,26.445000000000004,25.0478515625,9.310287896,2.987737244,52,0.0,0.0,0,0,0,0,0,48,3,0,0.0,0.0,0,0,0,0.0,0.0,0,0.0,0.0,0.0,0.0,0.0,0.0,0.0,0.0,0.0,0.0,0.0,0.0,0.0,/home/dy1013/sirius_multi-gpu/experiment/fixed_page_runs/fixedloc22_avg3_7gb_r3_mgpu/paging/workload
paging,paging,1,2,4,q5,9.587482628005091,9587.482628005091,5,3283.85302734375,13446.661000000002,19.684973414,6303.629600661341,20378.911999999997,4665.146240234375,18889.355999999996,4277.94677734375,0.0,20.067101205,135,0.0,0.0,0.0,0.0,0,573.8010000000004,128.092529296875,23.471175145,0.939880801,56,10.975000000000001,10.392822265625,0.014612373,7.2e-07,5,0.5569999999999999,0.556884765625,0.029224757,0.014611797,4,473.7899999999995,369.630126953125,20.830740316,20.524276328,191,426.29699999999985,330.260986328125,20.524275752,20.523456688,63,2.159,2.158935546875,5.88e-07,5.88e-07,4,0.001,0.0009765625,1.44e-07,1.44e-07,1,1.9759999999999958,1.6962890625,20.054851025,19.907833516,130,0.0,0.0,0,0,0,0,0,38,4,0,0.0,0.0,0,0,0,0.0,0.0,0,0.0,0.0,0.0,0.0,0.0,0.0,0.0,0.0,0.0,0.0,0.0,0.0,0.0,/home/dy1013/sirius_multi-gpu/experiment/fixed_page_runs/fixedloc22_avg3_7gb_r3_mgpu/paging/workload
paging,paging,1,2,5,q8,14.014143297972623,14014.143297972623,2,4493.8349609375,14432.177,24.56027928,9520.308337035123,22721.743999999984,6955.4912109375,20922.881999999987,6215.315673828125,0.0,25.502217801,308,0.0,0.0,0.0,0.0,0,643.0509999999999,192.065185546875,33.762942534,1.654385452,68,0.336,0.333984375,0.0058244,1.6e-07,2,0.423,0.320068359375,0.01417739,0.012427647,3,507.5569999999992,258.27197265625,27.002047798,26.608799862,376,645.31,431.23974609375,26.608799782,26.60853015,77,0.28900000000000003,0.10302734375,1.28e-07,1.28e-07,4,0.002,0.001953125,3.2e-08,3.2e-08,1,1.8939999999999912,1.392578125,25.488881144,25.341899624,225,0.0,0.0,0,0,0,0,0,47,6,0,0.0,0.0,0,0,0,0.0,0.0,0,0.0,0.0,0.0,0.0,0.0,0.0,0.0,0.0,0.0,0.0,0.0,0.0,0.0,/home/dy1013/sirius_multi-gpu/experiment/fixed_page_runs/fixedloc22_avg3_7gb_r3_mgpu/paging/workload
paging,paging,1,2,6,q9,14.243001397000626,14243.001397000626,175,5110.723388671875,23077.272000000004,33.039334587,9132.27800832875,33452.808,6507.372314453125,31913.611999999997,6119.02001953125,0.0,33.060438749,145,0.0,0.0,0.0,0.0,0,952.1540000000001,246.43408203125,14.196205634,7.389631032,26,35.251,8.39208984375,0.883741041,6.7893e-05,11,22.297,5.56494140625,1.535423051,0.883679291,10,294.04499999999996,74.109130859375,11.28832312,11.230451376,171,131.031,93.630126953125,11.230389626,11.198184338,37,3.04,2.611083984375,2.4588e-05,2.4588e-05,4,0.002,0.001953125,6.143e-06,6.143e-06,1,101.37600000000002,95.952880859375,29.25186,1.62547464,55,0.0,0.0,0,0,0,0,0,63,3,0,0.0,0.0,0,0,0,0.0,0.0,0,0.0,0.0,0.0,0.0,0.0,0.0,0.0,0.0,0.0,0.0,0.0,0.0,0.0,/home/dy1013/sirius_multi-gpu/experiment/fixed_page_runs/fixedloc22_avg3_7gb_r3_mgpu/paging/workload
paging,paging,1,2,7,q20,6.87722914700862,6877.22914700862,17690,3378.739501953125,14607.280999999999,16.575917343,3498.489645055495,18543.491,3965.146484375,18499.825,3945.142822265625,0.0,4.23393322,38,0.292,0.2919921875,0.027977152,0.004746304,1,5.247000000000001,5.244873046875,0.13101377,0.11289347,6,1.367,1.366943359375,0.056778784,0.051981504,3,0.275,0.27490234375,0.05872528,0.04284464,2,0.2810000000000001,0.214599609375,0.143792642,0.143792642,45,4.465000000000001,4.4638671875,0.110834818,0.110112554,10,6.506,6.4111328125,0.003611132,0.003611132,4,0.006,0.006103515625,0.000902771,0.000902771,1,25.226999999999997,21.742431640625,4.23216412,0.047950859,36,0.0,0.0,0,0,0,0,0,32,3,0,0.0,0.0,0,0,0,0.0,0.0,0,0.0,0.0,0.0,0.0,0.0,0.0,0.0,0.0,0.0,0.0,0.0,0.0,0.0,/home/dy1013/sirius_multi-gpu/experiment/fixed_page_runs/fixedloc22_avg3_7gb_r3_mgpu/paging/workload
paging,paging,1,2,8,q11,0.9097212390042841,909.7212390042841,0,790.527099609375,2661.7549999999997,4.549999405,119.19413939490914,2919.3129999999996,827.002685546875,2747.738,800.29296875,0.0,4.562251076,14,0.0,0.0,0.0,0.0,0,119.97399999999999,50.40771484375,4.624177304,0.234109264,11,39.79300000000001,30.704345703125,0.201750192,0.145185808,14,5.148000000000001,3.15771484375,0.233463528,0.129345888,12,2.689999999999999,0.720947265625,4.696968992,4.696591776,24,1.9849999999999999,1.9736328125,4.624187544,4.624177304,15,0.026000000000000002,0.014892578125,0.0,0.0,4,0.001,0.0009765625,0.0,0.0,1,1.958,0.548828125,0.012895888,0.001136556,5,0.0,0.0,0,0,0,0,0,9,2,0,0.0,0.0,0,0,0,0.0,0.0,0,0.0,0.0,0.0,0.0,0.0,0.0,0.0,0.0,0.0,0.0,0.0,0.0,0.0,/home/dy1013/sirius_multi-gpu/experiment/fixed_page_runs/fixedloc22_avg3_7gb_r3_mgpu/paging/workload
paging,paging,1,2,9,q2,0.9394526510150172,939.4526510150172,100,691.580078125,2495.5170000000003,3.89999949,247.87257289001718,2710.375,771.910400390625,2656.991,739.559814453125,0.0,4.071732543,97,0.648,0.64794921875,0.012797151,0.00867416,1,9.612,9.610107421875,0.497558318,0.088857737,10,0.45,0.449951171875,0.002169576,0.00189924,3,0.082,0.08203125,0.011510048,0.010463886,3,0.33900000000000025,0.19384765625,0.492719951,0.492719951,108,11.688999999999998,11.688720703125,0.491580407,0.485284247,18,0.0,0.0,0.0,0.0,0,0.003,0.0029296875,1.7862e-05,1.7862e-05,1,30.560999999999996,22.310791015625,4.078312261,0.426653962,20,0.0,0.0,0,0,0,0,0,8,7,0,0.0,0.0,0,0,0,0.0,0.0,0,0.0,0.0,0.0,0.0,0.0,0.0,0.0,0.0,0.0,0.0,0.0,0.0,0.0,/home/dy1013/sirius_multi-gpu/experiment/fixed_page_runs/fixedloc22_avg3_7gb_r3_mgpu/paging/workload
paging,paging,1,2,10,q16,0.6994871150236577,699.4871150236577,27840,200.902099609375,586.246,1.29999983,498.5850154142827,1287.582,555.07666015625,710.2230000000001,256.680908203125,0.0,2.212376,84,113.66799999999995,56.990966796875,1.502383592,0.723883024,79,67.53,26.13916015625,2.147198148,1.168141352,6,203.068,189.82080078125,0.67534279,0.098842608,4,0.017,0.01708984375,0.577854734,0.577854734,2,151.04800000000003,49.018798828125,2.121650082,2.100908322,90,35.96600000000001,35.964111328125,2.003420266,2.002665754,9,6.056,4.208984375,0.005418304,0.005418296,5,0.001,0.0009765625,0.001354568,0.001354568,1,0.005,0.0048828125,1.300000128,1.300000128,3,0.0,0.0,0,0,0,0,0,3,2,0,0.0,0.0,0,0,0,0.0,0.0,0,0.0,0.0,0.0,0.0,0.0,0.0,0.0,0.0,0.0,0.0,0.0,0.0,0.0,/home/dy1013/sirius_multi-gpu/experiment/fixed_page_runs/fixedloc22_avg3_7gb_r3_mgpu/paging/workload
paging,paging,1,2,11,q19,10.192351912963204,10192.351912963204,1,3248.8486328125,13467.508000000002,22.642262976,6943.503280150704,20309.754999999997,4186.337890625,20057.648999999998,4077.56591796875,0.0,6.85815243,43,64.495,50.8515625,7.247373105,0.696729632,44,62.336,32.116943359375,1.402320073,1.110713796,2,0.9400000000000001,0.80615234375,9.0512e-05,4.8e-08,3,0.16999999999999998,0.169921875,0.00018096,9.048e-05,2,121.65699999999997,65.14599609375,1.418041793,1.402320073,43,2.4929999999999994,1.282958984375,1.402320073,1.402320073,4,0.0,0.0,0.0,0.0,0,0.013,0.012939453125,1.6e-08,1.6e-08,1,0.002,0.001953125,0.721493121,0.721493121,1,0.0,0.0,0,0,0,0,1,42,0,0,0.0,0.24,116,0,0,0.0,0.0,0,0.0,0.0,0.0,0.0,0.0,0.0,0.0,0.0,0.0,0.0,0.0,0.0,0.0,/home/dy1013/sirius_multi-gpu/experiment/fixed_page_runs/fixedloc22_avg3_7gb_r3_mgpu/paging/workload
paging,paging,1,2,12,q17,10.333899781981017,10333.899781981017,1,4565.324462890625,19468.353999999996,24.37652933,5768.575319090392,27060.311999999994,5750.47802734375,26406.152999999995,5558.35693359375,0.0,24.37670932,124,0.13,0.1298828125,0.014555352,0.000433832,1,229.74800000000002,169.135498046875,9.804352408,0.06780024,22,354.90199999999993,204.9921875,0.018774852,0.008856908,23,22.599,22.572021484375,0.01495292,0.01012628,21,0.4220000000000003,0.181640625,9.793815668,9.793815668,147,0.7850000000000001,0.737060546875,9.785279864,9.78504588,24,0.0,0.0,0.0,0.0,0,0.002,0.001953125,8e-09,8e-09,1,45.571000000000005,36.164794921875,14.625926544,0.014708952,28,0.0,0.0,0,0,0,0,0,47,1,0,0.0,0.0,0,0,0,0.0,0.0,0,0.0,0.0,0.0,0.0,0.0,0.0,0.0,0.0,0.0,0.0,0.0,0.0,0.0,/home/dy1013/sirius_multi-gpu/experiment/fixed_page_runs/fixedloc22_avg3_7gb_r3_mgpu/paging/workload
paging,paging,1,2,13,q14,0.49535065598320216,495.35065598320216,1,57.85205078125,57.852,0.26569329,437.49860520195216,241.737,116.9052734375,148.212,86.264892578125,0.0,0.845551358,56,0.0,0.0,0.0,0.0,0,19.698999999999998,9.862060546875,0.840147778,0.315026288,2,1.997,1.239013671875,0.123765744,9.6e-08,3,2.406,1.320068359375,0.31502632,0.123765688,3,68.529,19.916015625,0.845551358,0.840147778,56,0.89,0.455078125,0.840147778,0.840147778,4,0.0,0.0,0.0,0.0,0,0.004,0.00390625,8e-09,8e-09,1,0.0,0.0,0.0,0.0,0,0.0,0.0,0,0,0,0,1,0,1,0,0.0,0.16,77,0,0,0.0,0.0,0,0.0,0.0,0.0,0.0,0.0,0.0,0.0,0.0,0.0,0.0,0.0,0.0,0.0,/home/dy1013/sirius_multi-gpu/experiment/fixed_page_runs/fixedloc22_avg3_7gb_r3_mgpu/paging/workload
paging,paging,1,2,14,q1,10.377100771991536,10377.100771991536,4,2465.722412109375,8751.174,24.754772085,7911.378359882161,16503.343,3902.78271484375,15000.095000000001,3836.8857421875,0.0,13.496004772,47,0.0,0.0,0.0,0.0,0,0.0,0.0,0.0,0.0,0,1303.4370000000001,925.863037109375,16.061067732,3.352e-05,48,193.985,151.803955078125,29.557039416,32.122069288,94,2.1029999999999984,0.52099609375,3.3088e-05,3.3088e-05,47,0.0,0.0,0.0,0.0,0,3.7199999999999998,3.448974609375,1.752e-06,1.752e-06,4,0.003,0.0029296875,4.32e-07,4.32e-07,1,0.0,0.0,0.0,0.0,0,0.0,0.0,0,0,0,0,0,47,0,0,0.0,0.0,0,0,0,0.0,0.0,0,0.0,0.0,0.0,0.0,0.0,0.0,0.0,0.0,0.0,0.0,0.0,0.0,0.0,/home/dy1013/sirius_multi-gpu/experiment/fixed_page_runs/fixedloc22_avg3_7gb_r3_mgpu/paging/workload
paging,paging,1,2,15,q6,0.35360886802664027,353.60886802664027,1,0.0,0.0,0.0,353.60886802664027,174.914,26.828857421875,94.842,25.458984375,0.0,0.185661344,55,0.0,0.0,0.0,0.0,0,0.0,0.0,0.0,0.0,0,47.81499999999999,18.98681640625,0.092831552,8.96e-07,56,32.256,15.15673828125,0.185661344,0.092830672,55,0.0,0.0,0.0,0.0,0,0.0,0.0,0.0,0.0,0,0.0,0.0,0.0,0.0,0,0.001,0.0009765625,1.6e-08,1.6e-08,1,0.0,0.0,0.0,0.0,0,0.0,0.0,0,0,0,0,0,0,1,0,0.0,0.0,0,0,0,0.0,0.0,0,0.0,0.0,0.0,0.0,0.0,0.0,0.0,0.0,0.0,0.0,0.0,0.0,0.0,/home/dy1013/sirius_multi-gpu/experiment/fixed_page_runs/fixedloc22_avg3_7gb_r3_mgpu/paging/workload
paging,paging,1,2,16,q15,0.4753046929836273,475.3046929836273,1,0.0,0.0,0.0,475.3046929836273,547.8720000000001,95.48974609375,125.34200000000001,52.636474609375,0.0,0.63780668,114,0.0,0.0,0.0,0.0,0,1.214,1.2138671875,0.10199736,1.45e-07,3,175.40300000000002,60.523193359375,0.876612896,0.51428436,117,120.36300000000001,51.134765625,0.583309257,0.388872873,115,121.31199999999997,21.2177734375,0.592781872,0.590113248,118,3.7289999999999996,3.72705078125,0.102373176,0.10199736,6,0.487,0.31591796875,4.2e-07,4.2e-07,5,0.007,0.007080078125,1.05e-07,1.05e-07,1,0.015,0.009033203125,0.024,0.024,2,0.0,0.0,0,0,0,0,0,0,2,0,0.0,0.0,0,0,0,0.0,0.0,0,0.0,0.0,0.0,0.0,0.0,0.0,0.0,0.0,0.0,0.0,0.0,0.0,0.0,/home/dy1013/sirius_multi-gpu/experiment/fixed_page_runs/fixedloc22_avg3_7gb_r3_mgpu/paging/workload
paging,paging,1,2,17,q21,15.47842971998034,15478.42971998034,100,6454.807373046875,26708.820000000003,39.152452228,9023.622346933465,43925.53500000001,9194.492431640625,37592.13100000001,8320.31396484375,0.0,39.780570052,360,176.41499999999996,144.068115234375,29.401863328,12.329088832,56,4543.398,661.265380859375,37.029324568,6.26629245,96,22.237000000000002,15.911865234375,0.241757888,0.234227592,7,1.0010000000000003,0.5615234375,0.764587552,0.764587552,45,962.7649999999999,507.568115234375,28.30049443,27.951667742,447,622.7770000000002,542.490478515625,28.266405372,28.26638992,95,0.0,0.0,0.0,0.0,0,0.002,0.001953125,3.004e-06,3.004e-06,1,4.809,3.823486328125,29.43744371,29.403247364,62,0.0,0.0,0,0,0,0,0,75,3,0,0.0,0.0,0,0,0,0.0,0.0,0,0.0,0.0,0.0,0.0,0.0,0.0,0.0,0.0,0.0,0.0,0.0,0.0,0.0,/home/dy1013/sirius_multi-gpu/experiment/fixed_page_runs/fixedloc22_avg3_7gb_r3_mgpu/paging/workload
paging,paging,1,2,18,q12,6.606730397033971,6606.730397033971,2,2278.474853515625,6065.205000000001,16.898499478,4328.255543518346,10562.339999999998,4193.125732421875,10085.883999999998,4104.084228515625,0.0,5.659903977,33,32.427,31.381591796875,2.562378869,0.056875087,29,225.54200000000003,29.26806640625,3.303151248,0.070191309,8,13.299000000000001,3.445068359375,0.060026364,5.04e-07,9,18.648999999999997,4.491943359375,0.070191309,0.060025916,8,181.999,70.886962890625,3.154400643,3.135261383,41,3.8009999999999993,3.470703125,3.135260935,3.134869095,10,0.731,0.406982421875,2.28e-07,2.28e-07,4,0.002,0.001953125,5.6e-08,5.6e-08,1,0.006,0.00390625,3.097525108,3.097525108,4,0.0,0.0,0,0,0,0,0,33,0,0,0.0,0.0,0,0,0,0.0,0.0,0,0.0,0.0,0.0,0.0,0.0,0.0,0.0,0.0,0.0,0.0,0.0,0.0,0.0,/home/dy1013/sirius_multi-gpu/experiment/fixed_page_runs/fixedloc22_avg3_7gb_r3_mgpu/paging/workload
paging,paging,1,2,19,q4,4.43422062904574,4434.22062904574,5,1268.51416015625,4402.143,9.825614382,3165.7064688894898,7602.333999999999,2214.435546875,7000.094999999999,2116.6806640625,0.0,9.944133602,44,39.92600000000001,37.611572265625,9.82562256,3.082271952,19,376.1659999999999,61.638916015625,3.616152608,0.416101314,37,11.37,6.4619140625,0.111168252,0.045909926,5,0.15000000000000002,0.076904296875,0.23233184,0.11616592,10,159.381,83.335693359375,3.40948591,3.360632058,83,14.136,11.695068359375,3.314722238,3.314003134,16,1.049,0.768798828125,4.32e-07,4.32e-07,4,0.003,0.0029296875,1.06e-07,1.06e-07,1,0.05800000000000001,0.05712890625,9.82562256,9.82562256,19,0.0,0.0,0,0,0,0,0,19,1,0,0.0,0.0,0,0,0,0.0,0.0,0,0.0,0.0,0.0,0.0,0.0,0.0,0.0,0.0,0.0,0.0,0.0,0.0,0.0,/home/dy1013/sirius_multi-gpu/experiment/fixed_page_runs/fixedloc22_avg3_7gb_r3_mgpu/paging/workload
paging,paging,1,2,20,q18,7.843701217963826,7843.701217963826,100,2561.501220703125,8443.702000000001,24.28997661,5282.199997260701,15102.153000000004,4290.431640625,13792.725000000004,4081.15478515625,0.0,24.229985988,48,15.926,2.7880859375,3.6,5.1184e-05,6,6.203,3.987060546875,0.453321032,0.00309754,4,1012.2189999999998,414.541259765625,13.353637512,7.219595344,27,0.03,0.030029296875,0.002597592,0.002597592,1,236.6110000000001,40.2451171875,4.074386584,4.05376118,58,0.792,0.78271484375,0.453338572,0.453321032,8,0.0,0.0,0.0,0.0,0,0.002,0.001953125,6.604e-06,6.604e-06,1,37.64500000000001,37.64501953125,14.026047532,0.000925568,30,0.0,0.0,0,0,0,0,0,48,0,0,0.0,0.0,0,0,0,0.0,0.0,0,0.0,0.0,0.0,0.0,0.0,0.0,0.0,0.0,0.0,0.0,0.0,0.0,0.0,/home/dy1013/sirius_multi-gpu/experiment/fixed_page_runs/fixedloc22_avg3_7gb_r3_mgpu/paging/workload
paging,paging,1,2,21,q13,2.358037058962509,2358.037058962509,45,1961.571044921875,8138.652,2.559374621,396.46601404063404,9002.624,2218.015869140625,8534.854,2047.798095703125,0.0,2.533088752,6,0.0,0.0,0.0,0.0,0,245.65699999999998,122.97509765625,2.494117808,2.4732936,2,61.99,31.81884765625,2.833295024,0.480002144,7,0.082,0.076904296875,2.7132936,2.5932936,4,152.605,151.1220703125,2.773090176,2.734119232,10,7.239000000000001,7.239013671875,2.494117808,2.494117808,4,0.196,0.18798828125,2.88e-06,2.88e-06,4,0.001,0.0009765625,7.2e-07,7.2e-07,1,0.0,0.0,0.0,0.0,0,0.0,0.0,0,0,0,0,0,6,0,0,0.0,0.0,0,0,0,0.0,0.0,0,0.0,0.0,0.0,0.0,0.0,0.0,0.0,0.0,0.0,0.0,0.0,0.0,0.0,/home/dy1013/sirius_multi-gpu/experiment/fixed_page_runs/fixedloc22_avg3_7gb_r3_mgpu/paging/workload
paging,paging,1,2,22,q22,0.7081711170030758,708.1711170030758,7,360.552978515625,987.64,1.218749823,347.6181384874508,1431.658,530.363037109375,1278.1779999999999,447.540771484375,0.0,1.398355234,119,0.0,0.0,0.0,0.0,0,103.677,70.1201171875,1.69799128,0.489361654,7,37.35800000000002,20.89794921875,0.055190948,0.015269618,65,0.752,0.458251953125,0.325230576,0.164127176,6,4.605999999999999,2.662841796875,1.553097294,1.550709006,69,6.856,6.855712890625,1.617506121,1.615925733,10,0.226,0.220947265625,8.56e-07,8.56e-07,4,0.005,0.0048828125,2.14e-07,2.14e-07,1,0.0,0.0,0.0,0.0,0,0.0,0.0,0,0,0,0,0,3,2,0,0.0,0.0,0,0,0,0.0,0.0,0,0.0,0.0,0.0,0.0,0.0,0.0,0.0,0.0,0.0,0.0,0.0,0.0,0.0,/home/dy1013/sirius_multi-gpu/experiment/fixed_page_runs/fixedloc22_avg3_7gb_r3_mgpu/paging/workload
paging,paging,1,3,1,q3,6.840809550019912,6840.809550019912,10,2289.627197265625,8734.621000000001,14.625917598,4551.182352754287,14252.756999999998,3165.486083984375,13078.464999999998,3019.316162109375,0.0,9.649443544,322,0.0,0.0,0.0,0.0,0,451.5479999999999,100.468994140625,12.667496024,0.44847036,27,185.13000000000002,64.488037109375,0.10806872,0.072468928,28,37.532999999999994,28.0166015625,0.132013472,0.10806872,28,186.64899999999997,95.826171875,8.599609944,8.47923228,349,147.992,147.970703125,8.442997816,8.4351998,30,0.0,0.0,0.0,0.0,0,0.002,0.001953125,3.2e-07,3.2e-07,1,165.43800000000013,57.324462890625,9.661303456,8.186309896,313,0.0,0.0,0,0,0,0,0,28,2,0,0.0,0.0,0,0,0,0.0,0.0,0,0.0,0.0,0.0,0.0,0.0,0.0,0.0,0.0,0.0,0.0,0.0,0.0,0.0,/home/dy1013/sirius_multi-gpu/experiment/fixed_page_runs/fixedloc22_avg3_7gb_r3_mgpu/paging/workload
paging,paging,1,3,2,q10,9.358174338005483,9358.174338005483,20,2519.98583984375,9940.190999999999,17.376326312,6838.188498161733,15182.942000000001,3114.1279296875,14080.147,2887.19091796875,0.0,6.21277012,58,0.0,0.0,0.0,0.0,0,395.7780000000001,97.628173828125,10.136451881,5.067702654,26,235.56799999999998,55.51611328125,2.820520843,1.473383126,8,2.301,0.876953125,2.912341488,2.820520637,8,350.561,148.477783203125,9.841514412,9.780803036,84,112.638,73.9130859375,9.044111313,9.034734233,31,0.0,0.0,0.0,0.0,0,0.008,0.008056640625,3.713e-06,3.713e-06,1,5.941,4.4052734375,6.856235257,6.119547453,37,0.0,0.0,0,0,0,0,0,34,2,0,0.0,0.0,0,0,0,0.0,0.0,0,0.0,0.0,0.0,0.0,0.0,0.0,0.0,0.0,0.0,0.0,0.0,0.0,0.0,/home/dy1013/sirius_multi-gpu/experiment/fixed_page_runs/fixedloc22_avg3_7gb_r3_mgpu/paging/workload
paging,paging,1,3,3,q7,10.873144216951914,10873.144216951914,4,4176.0068359375,14466.971,24.597627318,6697.137381014414,21216.324,5668.993896484375,20785.531,5527.855224609375,0.0,9.310288914,54,3.253,3.2529296875,0.05389605,0.026963988,4,283.04699999999997,66.318115234375,5.367367893,1.281347089,11,27.913999999999998,27.26708984375,0.024627352,8.16e-07,3,0.371,0.37109375,0.026963656,0.024626744,2,35.15299999999999,34.92626953125,4.215190241,4.177689957,65,53.879999999999995,44.267578125,4.177689349,4.167117941,17,4.1129999999999995,3.9580078125,8.56e-07,8.56e-07,4,0.003,0.0029296875,2.08e-07,2.08e-07,1,23.05900000000001,21.361328125,9.310287896,2.987737244,52,0.0,0.0,0,0,0,0,0,48,3,0,0.0,0.0,0,0,0,0.0,0.0,0,0.0,0.0,0.0,0.0,0.0,0.0,0.0,0.0,0.0,0.0,0.0,0.0,0.0,/home/dy1013/sirius_multi-gpu/experiment/fixed_page_runs/fixedloc22_avg3_7gb_r3_mgpu/paging/workload
paging,paging,1,3,4,q5,9.651207698974758,9651.207698974758,5,3032.117919921875,11727.387,19.684973414,6619.089779052883,18951.334,4434.500732421875,17417.514,3936.481689453125,0.0,20.067101205,135,0.0,0.0,0.0,0.0,0,641.8130000000001,121.708984375,23.252811425,0.939880793,54,3.527,3.52685546875,0.014612077,4.32e-07,3,0.357,0.35693359375,0.029224749,0.014611789,2,390.1209999999995,290.78125,20.830740028,20.52427604,189,495.4449999999999,343.20263671875,20.524275752,20.52345668,61,0.905,0.742919921875,5.88e-07,5.88e-07,4,0.002,0.001953125,1.44e-07,1.44e-07,1,1.6499999999999961,1.337158203125,20.054851025,19.907833516,130,0.0,0.0,0,0,0,0,0,38,4,0,0.0,0.0,0,0,0,0.0,0.0,0,0.0,0.0,0.0,0.0,0.0,0.0,0.0,0.0,0.0,0.0,0.0,0.0,0.0,/home/dy1013/sirius_multi-gpu/experiment/fixed_page_runs/fixedloc22_avg3_7gb_r3_mgpu/paging/workload
paging,paging,1,3,5,q8,13.42617158201756,13426.17158201756,2,4341.029296875,13834.549999999997,24.56027928,9085.14228514256,22241.134999999987,6552.57763671875,20508.203999999987,5910.335205078125,0.0,25.502217801,308,0.0,0.0,0.0,0.0,0,662.6419999999999,205.118896484375,34.018457262,1.654385452,75,0.398,0.39599609375,0.0058244,1.6e-07,2,0.441,0.296875,0.01417739,0.012427647,3,511.88299999999913,334.082275390625,27.002047798,26.608799862,383,555.1429999999997,410.690185546875,26.608799782,26.60853015,84,0.28300000000000003,0.177001953125,1.28e-07,1.28e-07,4,0.001,0.0009765625,3.2e-08,3.2e-08,1,2.139999999999984,1.55712890625,25.488881144,25.341899624,225,0.0,0.0,0,0,0,0,0,47,6,0,0.0,0.0,0,0,0,0.0,0.0,0,0.0,0.0,0.0,0.0,0.0,0.0,0.0,0.0,0.0,0.0,0.0,0.0,0.0,/home/dy1013/sirius_multi-gpu/experiment/fixed_page_runs/fixedloc22_avg3_7gb_r3_mgpu/paging/workload
paging,paging,1,3,6,q9,14.79734190099407,14797.34190099407,175,5053.750244140625,21856.467,33.039334587,9743.591656853445,32659.619999999995,6314.79833984375,31150.531999999996,5917.907470703125,0.0,33.060438749,145,0.0,0.0,0.0,0.0,0,936.08,258.373046875,14.195748674,7.389259192,26,33.857,8.376953125,0.883741041,6.7893e-05,11,22.089999999999996,5.974853515625,1.535423051,0.883679291,10,299.36899999999997,83.083984375,11.28795128,11.230451376,171,163.679,121.759521484375,11.230389626,11.197727378,37,3.197,2.660888671875,2.4588e-05,2.4588e-05,4,0.003,0.0029296875,6.143e-06,6.143e-06,1,50.81300000000002,44.324462890625,29.25186,1.62547464,55,0.0,0.0,0,0,0,0,0,63,3,0,0.0,0.0,0,0,0,0.0,0.0,0,0.0,0.0,0.0,0.0,0.0,0.0,0.0,0.0,0.0,0.0,0.0,0.0,0.0,/home/dy1013/sirius_multi-gpu/experiment/fixed_page_runs/fixedloc22_avg3_7gb_r3_mgpu/paging/workload
paging,paging,1,3,7,q20,7.288665124971885,7288.665124971885,17690,3281.195068359375,15350.928,16.575917343,4007.4700566125102,19614.446,3713.37353515625,19578.214,3697.594970703125,0.0,4.23393322,38,0.269,0.26904296875,0.027977152,0.004746304,1,4.672,4.669921875,0.131013746,0.11289347,6,1.422,1.421875,0.056778784,0.051981504,3,0.19,0.18994140625,0.05872528,0.04284464,2,0.20300000000000012,0.143310546875,0.143792618,0.143792618,45,1.0839999999999999,1.0830078125,0.110834794,0.11011253,10,6.369000000000001,6.276123046875,0.003611132,0.003611132,4,0.002,0.001953125,0.000902771,0.000902771,1,22.021000000000004,20.072998046875,4.23216412,0.047950835,36,0.0,0.0,0,0,0,0,0,32,3,0,0.0,0.0,0,0,0,0.0,0.0,0,0.0,0.0,0.0,0.0,0.0,0.0,0.0,0.0,0.0,0.0,0.0,0.0,0.0,/home/dy1013/sirius_multi-gpu/experiment/fixed_page_runs/fixedloc22_avg3_7gb_r3_mgpu/paging/workload
paging,paging,1,3,8,q11,0.8999245199956931,899.9245199956931,0,784.659912109375,2864.54,4.549999405,115.26460788631812,3121.259,819.7509765625,2940.066,793.571044921875,0.0,4.562251076,14,0.0,0.0,0.0,0.0,0,117.174,50.178955078125,4.624177304,0.234109264,11,51.474999999999994,47.6083984375,0.201750192,0.145185808,14,5.498,3.46826171875,0.233463528,0.129345888,12,3.8529999999999993,1.749755859375,4.696968992,4.696591776,24,1.8299999999999998,1.824462890625,4.624187544,4.624177304,15,0.016,0.011962890625,0.0,0.0,4,0.001,0.0009765625,0.0,0.0,1,1.3459999999999999,0.7060546875,0.012895888,0.001136556,5,0.0,0.0,0,0,0,0,0,9,2,0,0.0,0.0,0,0,0,0.0,0.0,0,0.0,0.0,0.0,0.0,0.0,0.0,0.0,0.0,0.0,0.0,0.0,0.0,0.0,/home/dy1013/sirius_multi-gpu/experiment/fixed_page_runs/fixedloc22_avg3_7gb_r3_mgpu/paging/workload
paging,paging,1,3,9,q2,0.941340250952635,941.340250952635,100,687.197021484375,2482.901,3.89999949,254.14322946825996,2693.3269999999998,770.052490234375,2637.707,735.9873046875,0.0,4.071732543,97,0.685,0.68505859375,0.012797151,0.00867416,1,11.422,11.420166015625,0.497558318,0.088857737,10,0.509,0.5087890625,0.002169576,0.00189924,3,0.064,0.064208984375,0.011510048,0.010463886,3,0.3910000000000002,0.22314453125,0.492719951,0.492719951,108,13.207999999999998,13.20458984375,0.491580407,0.485284247,18,0.0,0.0,0.0,0.0,0,0.003,0.0029296875,1.7862e-05,1.7862e-05,1,29.338,23.25,4.078312261,0.426653962,20,0.0,0.0,0,0,0,0,0,8,7,0,0.0,0.0,0,0,0,0.0,0.0,0,0.0,0.0,0.0,0.0,0.0,0.0,0.0,0.0,0.0,0.0,0.0,0.0,0.0,/home/dy1013/sirius_multi-gpu/experiment/fixed_page_runs/fixedloc22_avg3_7gb_r3_mgpu/paging/workload
paging,paging,1,3,10,q16,0.7079215050325729,707.9215050325729,27840,202.784912109375,593.398,1.29999983,505.1365929231979,1321.693,572.39404296875,724.5429999999999,269.68896484375,0.0,2.212376,84,131.01000000000005,72.8515625,1.502383592,0.723883024,79,67.47099999999999,24.57421875,2.147198148,1.168141352,6,203.42000000000002,189.83203125,0.67534279,0.098842608,4,0.018,0.01806640625,0.577854734,0.577854734,2,153.551,50.44091796875,2.121650082,2.100908322,90,36.18,36.177734375,2.003420266,2.002665754,9,5.479,3.473876953125,0.005418304,0.005418296,5,0.001,0.0009765625,0.001354568,0.001354568,1,0.020000000000000004,0.02001953125,1.300000128,1.300000128,3,0.0,0.0,0,0,0,0,0,3,2,0,0.0,0.0,0,0,0,0.0,0.0,0,0.0,0.0,0.0,0.0,0.0,0.0,0.0,0.0,0.0,0.0,0.0,0.0,0.0,/home/dy1013/sirius_multi-gpu/experiment/fixed_page_runs/fixedloc22_avg3_7gb_r3_mgpu/paging/workload
paging,paging,1,3,11,q19,10.132508757989854,10132.508757989854,1,3219.741943359375,13363.809,22.642262976,6912.766814630479,20543.265,4192.6123046875,20166.42,4081.960205078125,0.0,6.85815243,43,57.11500000000001,46.337646484375,7.247373105,0.696729632,44,62.235,31.14404296875,1.402320073,1.110713796,2,0.8480000000000001,0.706787109375,9.0512e-05,4.8e-08,3,0.161,0.08203125,0.00018096,9.048e-05,2,253.97700000000006,65.135009765625,1.418041793,1.402320073,43,2.4899999999999998,2.261962890625,1.402320073,1.402320073,4,0.0,0.0,0.0,0.0,0,0.017,0.01708984375,1.6e-08,1.6e-08,1,0.002,0.001953125,0.721493121,0.721493121,1,0.0,0.0,0,0,0,0,1,42,0,0,0.0,0.24,116,0,0,0.0,0.0,0,0.0,0.0,0.0,0.0,0.0,0.0,0.0,0.0,0.0,0.0,0.0,0.0,0.0,/home/dy1013/sirius_multi-gpu/experiment/fixed_page_runs/fixedloc22_avg3_7gb_r3_mgpu/paging/workload
paging,paging,1,3,12,q17,10.194286294979975,10194.286294979975,1,4334.20703125,19019.27799999999,24.37652933,5860.079263729975,26503.171000000002,5503.8359375,25781.551000000003,5237.663818359375,0.0,24.37670932,124,0.134,0.134033203125,0.014555352,0.000433832,1,233.71199999999996,201.318115234375,9.804352408,0.06780024,22,443.44100000000003,348.2138671875,0.018774852,0.008856908,23,0.559,0.55859375,0.01495292,0.01012628,21,0.43500000000000033,0.18115234375,9.793815668,9.793815668,147,0.6760000000000002,0.62939453125,9.785279864,9.78504588,24,0.0,0.0,0.0,0.0,0,0.001,0.0009765625,8e-09,8e-09,1,42.662000000000006,38.66748046875,14.625926544,0.014708952,28,0.0,0.0,0,0,0,0,0,47,1,0,0.0,0.0,0,0,0,0.0,0.0,0,0.0,0.0,0.0,0.0,0.0,0.0,0.0,0.0,0.0,0.0,0.0,0.0,0.0,/home/dy1013/sirius_multi-gpu/experiment/fixed_page_runs/fixedloc22_avg3_7gb_r3_mgpu/paging/workload
paging,paging,1,3,13,q14,0.4552230049739592,455.2230049739592,1,58.051025390625,58.051,0.26569329,397.1719795833342,245.20500000000004,117.819580078125,150.81300000000002,85.636962890625,0.0,0.845551358,56,0.0,0.0,0.0,0.0,0,19.698,9.87890625,0.840147778,0.315026288,2,2.296,1.56689453125,0.123765744,9.6e-08,3,2.42,1.340087890625,0.31502632,0.123765688,3,69.03800000000003,21.112060546875,0.845551358,0.840147778,56,0.933,0.495849609375,0.840147778,0.840147778,4,0.0,0.0,0.0,0.0,0,0.007,0.007080078125,8e-09,8e-09,1,0.0,0.0,0.0,0.0,0,0.0,0.0,0,0,0,0,1,0,1,0,0.0,0.16,77,0,0,0.0,0.0,0,0.0,0.0,0.0,0.0,0.0,0.0,0.0,0.0,0.0,0.0,0.0,0.0,0.0,/home/dy1013/sirius_multi-gpu/experiment/fixed_page_runs/fixedloc22_avg3_7gb_r3_mgpu/paging/workload
paging,paging,1,3,14,q1,9.94845432502916,9948.45432502916,4,2336.21826171875,8008.68,24.754772085,7612.236063310411,15959.065999999997,3234.302978515625,14422.855999999998,3181.087890625,0.0,13.496004772,47,0.0,0.0,0.0,0.0,0,0.0,0.0,0.0,0.0,0,1409.2549999999997,1001.495849609375,16.061067732,3.352e-05,48,123.797,108.6337890625,29.557039416,32.122069288,94,0.8450000000000002,0.251220703125,3.3088e-05,3.3088e-05,47,0.0,0.0,0.0,0.0,0,2.311,1.989013671875,1.752e-06,1.752e-06,4,0.002,0.001953125,4.32e-07,4.32e-07,1,0.0,0.0,0.0,0.0,0,0.0,0.0,0,0,0,0,0,47,0,0,0.0,0.0,0,0,0,0.0,0.0,0,0.0,0.0,0.0,0.0,0.0,0.0,0.0,0.0,0.0,0.0,0.0,0.0,0.0,/home/dy1013/sirius_multi-gpu/experiment/fixed_page_runs/fixedloc22_avg3_7gb_r3_mgpu/paging/workload
paging,paging,1,3,15,q6,0.3537490200251341,353.7490200251341,1,0.0,0.0,0.0,353.7490200251341,182.38600000000005,27.923095703125,98.29200000000003,26.4873046875,0.0,0.185661344,55,0.0,0.0,0.0,0.0,0,0.0,0.0,0.0,0.0,0,47.254000000000026,20.47021484375,0.092831552,8.96e-07,56,36.838999999999984,18.564453125,0.185661344,0.092830672,55,0.0,0.0,0.0,0.0,0,0.0,0.0,0.0,0.0,0,0.0,0.0,0.0,0.0,0,0.001,0.0009765625,1.6e-08,1.6e-08,1,0.0,0.0,0.0,0.0,0,0.0,0.0,0,0,0,0,0,0,1,0,0.0,0.0,0,0,0,0.0,0.0,0,0.0,0.0,0.0,0.0,0.0,0.0,0.0,0.0,0.0,0.0,0.0,0.0,0.0,/home/dy1013/sirius_multi-gpu/experiment/fixed_page_runs/fixedloc22_avg3_7gb_r3_mgpu/paging/workload
paging,paging,1,3,16,q15,0.46535291703185067,465.35291703185067,1,0.0,0.0,0.0,465.35291703185067,550.766,95.156005859375,123.54899999999996,51.97119140625,0.0,0.63780668,114,0.0,0.0,0.0,0.0,0,1.3649999999999998,1.364990234375,0.10199736,1.45e-07,3,175.74599999999995,61.692626953125,0.876612896,0.51428436,117,127.20400000000004,50.320068359375,0.583309257,0.388872873,115,118.289,19.1748046875,0.592781872,0.590113248,118,3.8899999999999997,3.885986328125,0.102373176,0.10199736,6,0.605,0.385986328125,4.2e-07,4.2e-07,5,0.004,0.00390625,1.05e-07,1.05e-07,1,0.11399999999999999,0.10205078125,0.024,0.024,2,0.0,0.0,0,0,0,0,0,0,2,0,0.0,0.0,0,0,0,0.0,0.0,0,0.0,0.0,0.0,0.0,0.0,0.0,0.0,0.0,0.0,0.0,0.0,0.0,0.0,/home/dy1013/sirius_multi-gpu/experiment/fixed_page_runs/fixedloc22_avg3_7gb_r3_mgpu/paging/workload
paging,paging,1,3,17,q21,16.11371168901678,16113.711689016782,100,6351.43701171875,26687.659000000003,39.152452228,9762.274677298032,43934.53299999999,9076.734130859375,37816.77299999999,8224.91748046875,0.0,39.780570052,360,164.90500000000003,139.05712890625,29.401863328,12.329088832,56,4540.607000000003,665.4541015625,37.201222792,6.26629245,99,21.887,15.950927734375,0.241757888,0.234227592,7,7.543,7.189453125,0.764587552,0.764587552,48,809.8339999999996,479.5908203125,28.30049443,27.951667742,450,566.5649999999998,467.19287109375,28.266405372,28.26638992,98,0.0,0.0,0.0,0.0,0,0.003,0.0029296875,3.004e-06,3.004e-06,1,6.415999999999994,5.148193359375,29.43744371,29.403247364,62,0.0,0.0,0,0,0,0,0,75,3,0,0.0,0.0,0,0,0,0.0,0.0,0,0.0,0.0,0.0,0.0,0.0,0.0,0.0,0.0,0.0,0.0,0.0,0.0,0.0,/home/dy1013/sirius_multi-gpu/experiment/fixed_page_runs/fixedloc22_avg3_7gb_r3_mgpu/paging/workload
paging,paging,1,3,18,q12,6.894232360005844,6894.232360005844,2,2110.8916015625,6584.707,16.898499478,4783.340758443344,11311.466999999999,3348.247802734375,10722.809,3228.92919921875,0.0,5.659903977,33,37.298,32.90771484375,2.562378869,0.056875087,29,223.818,28.337890625,3.303151248,0.070191309,8,13.564,3.302978515625,0.060026364,5.04e-07,9,16.364,2.666015625,0.070191309,0.060025916,8,295.9519999999999,103.828125,3.154400643,3.135261383,41,0.9670000000000001,0.946533203125,3.135260935,3.134869095,10,0.686,0.22509765625,2.28e-07,2.28e-07,4,0.002,0.001953125,5.6e-08,5.6e-08,1,0.007,0.0068359375,3.097525108,3.097525108,4,0.0,0.0,0,0,0,0,0,33,0,0,0.0,0.0,0,0,0,0.0,0.0,0,0.0,0.0,0.0,0.0,0.0,0.0,0.0,0.0,0.0,0.0,0.0,0.0,0.0,/home/dy1013/sirius_multi-gpu/experiment/fixed_page_runs/fixedloc22_avg3_7gb_r3_mgpu/paging/workload
paging,paging,1,3,19,q4,4.196427618036978,4196.427618036978,5,1302.2021484375,3750.2150000000006,9.825614382,2894.225469599478,6895.729,2556.30224609375,6324.889,2461.79638671875,0.0,9.944133602,44,39.356,39.356201171875,9.82562256,3.082271952,19,373.95599999999996,62.41748046875,3.616152608,0.416101314,37,10.6,5.60205078125,0.111168252,0.045909926,5,0.117,0.045654296875,0.23233184,0.11616592,10,131.49500000000003,51.51416015625,3.40948591,3.360632058,83,14.330000000000004,13.09326171875,3.314722238,3.314003134,16,0.938,0.689208984375,4.32e-07,4.32e-07,4,0.002,0.001953125,1.06e-07,1.06e-07,1,0.04600000000000001,0.04541015625,9.82562256,9.82562256,19,0.0,0.0,0,0,0,0,0,19,1,0,0.0,0.0,0,0,0,0.0,0.0,0,0.0,0.0,0.0,0.0,0.0,0.0,0.0,0.0,0.0,0.0,0.0,0.0,0.0,/home/dy1013/sirius_multi-gpu/experiment/fixed_page_runs/fixedloc22_avg3_7gb_r3_mgpu/paging/workload
paging,paging,1,3,20,q18,8.029370743024629,8029.370743024629,100,2477.54345703125,8139.1770000000015,24.28997661,5551.827285993379,14914.754,4304.640625,13542.857,4048.2001953125,0.0,24.229985988,48,15.271,2.64208984375,3.6,5.1184e-05,6,6.05,4.294921875,0.453321032,0.00309754,4,1060.222,421.462158203125,13.353637512,7.219595344,27,0.007,0.007080078125,0.002597592,0.002597592,1,250.56100000000006,42.05126953125,4.074386584,4.05376118,58,0.7090000000000001,0.707275390625,0.453338572,0.453321032,8,0.0,0.0,0.0,0.0,0,0.003,0.0029296875,6.604e-06,6.604e-06,1,39.07399999999999,37.120361328125,14.026047532,0.000925568,30,0.0,0.0,0,0,0,0,0,48,0,0,0.0,0.0,0,0,0,0.0,0.0,0,0.0,0.0,0.0,0.0,0.0,0.0,0.0,0.0,0.0,0.0,0.0,0.0,0.0,/home/dy1013/sirius_multi-gpu/experiment/fixed_page_runs/fixedloc22_avg3_7gb_r3_mgpu/paging/workload
paging,paging,1,3,21,q13,2.233474984008353,2233.474984008353,45,1836.84521484375,7816.287,2.559374621,396.6297691646032,8589.407,2095.957763671875,8240.258,1922.055908203125,0.0,2.533088752,6,0.0,0.0,0.0,0.0,0,245.962,123.035888671875,2.494117808,2.4732936,2,62.141,33.833984375,2.833295024,0.480002144,7,0.065,0.06005859375,2.7132936,2.5932936,4,33.505,28.7080078125,2.773090176,2.734119232,10,7.234,7.234130859375,2.494117808,2.494117808,4,0.23800000000000002,0.23193359375,2.88e-06,2.88e-06,4,0.004,0.00390625,7.2e-07,7.2e-07,1,0.0,0.0,0.0,0.0,0,0.0,0.0,0,0,0,0,0,6,0,0,0.0,0.0,0,0,0,0.0,0.0,0,0.0,0.0,0.0,0.0,0.0,0.0,0.0,0.0,0.0,0.0,0.0,0.0,0.0,/home/dy1013/sirius_multi-gpu/experiment/fixed_page_runs/fixedloc22_avg3_7gb_r3_mgpu/paging/workload
paging,paging,1,3,22,q22,0.6770036509842612,677.0036509842612,7,327.3701171875,950.8770000000001,1.218749823,349.6335337967612,1393.424,498.8388671875,1241.316,417.174072265625,0.0,1.398355234,119,0.0,0.0,0.0,0.0,0,103.886,70.322021484375,1.69799128,0.489361654,7,36.67699999999999,20.933837890625,0.055190948,0.015269618,65,0.741,0.73388671875,0.325230576,0.164127176,6,3.531,2.228515625,1.553097294,1.550709006,69,7.038,7.0380859375,1.617506121,1.615925733,10,0.234,0.22607421875,8.56e-07,8.56e-07,4,0.001,0.0009765625,2.14e-07,2.14e-07,1,0.0,0.0,0.0,0.0,0,0.0,0.0,0,0,0,0,0,3,2,0,0.0,0.0,0,0,0,0.0,0.0,0,0.0,0.0,0.0,0.0,0.0,0.0,0.0,0.0,0.0,0.0,0.0,0.0,0.0,/home/dy1013/sirius_multi-gpu/experiment/fixed_page_runs/fixedloc22_avg3_7gb_r3_mgpu/paging/workload
