experiment,query,log_file,pipeline_id,task_id,operator_id,operator_name,stage_kind,operator_type,input_type,output_type,actual_gpu,pipeline_operator_count,input_batches,input_rows,input_columns,input_bytes,input_gb,output_batches,output_rows,output_columns,output_bytes,output_gb,byte_ratio,row_ratio,duration_us
q1,q1,/home/dy1013/sirius_multi-gpu/experiment/join_retention_runs/join_retention_20260630_075038/queries/q1/log_dir/sirius_2026-06-30.log,0,8,11,GPU_SCAN,SCAN,94,GPU_SCAN,PIPELINEABLE,0,4,0,0,0,0,0.0,1,27459711,6,1173902942,1.173902942,0.0,0.0,442645
q1,q1,/home/dy1013/sirius_multi-gpu/experiment/join_retention_runs/join_retention_20260630_075038/queries/q1/log_dir/sirius_2026-06-30.log,0,8,6,PROJECTION,PROJECTION,13,PIPELINEABLE,PIPELINEABLE,0,4,1,27459711,6,1173902942,1.173902942,1,27459711,7,1397013142,1.397013142,1.190058,1.0,21766
q1,q1,/home/dy1013/sirius_multi-gpu/experiment/join_retention_runs/join_retention_20260630_075038/queries/q1/log_dir/sirius_2026-06-30.log,0,8,7,PROJECTION,PROJECTION,13,PIPELINEABLE,PIPELINEABLE,0,4,1,27459711,7,1397013142,1.397013142,1,27459711,9,1843233542,1.843233542,1.31941,1.0,13999
q1,q1,/home/dy1013/sirius_multi-gpu/experiment/join_retention_runs/join_retention_20260630_075038/queries/q1/log_dir/sirius_2026-06-30.log,0,8,8,HASH_GROUP_BY,AGGREGATE,9,PIPELINEABLE,PIPELINEABLE,0,4,1,27459711,9,1843233542,1.843233542,1,4,13,704,7.04e-07,0.0,0.0,96384
q1,q1,/home/dy1013/sirius_multi-gpu/experiment/join_retention_runs/join_retention_20260630_075038/queries/q1/log_dir/sirius_2026-06-30.log,0,6,11,GPU_SCAN,SCAN,94,GPU_SCAN,PIPELINEABLE,2,4,0,0,0,0,0.0,1,27464506,6,1174107788,1.174107788,0.0,0.0,1904525
q1,q1,/home/dy1013/sirius_multi-gpu/experiment/join_retention_runs/join_retention_20260630_075038/queries/q1/log_dir/sirius_2026-06-30.log,0,6,6,PROJECTION,PROJECTION,13,PIPELINEABLE,PIPELINEABLE,2,4,1,27464506,6,1174107788,1.174107788,1,27464506,7,1397256924,1.397256924,1.190058,1.0,24592
q1,q1,/home/dy1013/sirius_multi-gpu/experiment/join_retention_runs/join_retention_20260630_075038/queries/q1/log_dir/sirius_2026-06-30.log,0,6,7,PROJECTION,PROJECTION,13,PIPELINEABLE,PIPELINEABLE,2,4,1,27464506,7,1397256924,1.397256924,1,27464506,9,1843555196,1.843555196,1.31941,1.0,15282
q1,q1,/home/dy1013/sirius_multi-gpu/experiment/join_retention_runs/join_retention_20260630_075038/queries/q1/log_dir/sirius_2026-06-30.log,0,6,8,HASH_GROUP_BY,AGGREGATE,9,PIPELINEABLE,PIPELINEABLE,2,4,1,27464506,9,1843555196,1.843555196,1,4,13,704,7.04e-07,0.0,0.0,89731
q1,q1,/home/dy1013/sirius_multi-gpu/experiment/join_retention_runs/join_retention_20260630_075038/queries/q1/log_dir/sirius_2026-06-30.log,0,0,11,GPU_SCAN,SCAN,94,GPU_SCAN,PIPELINEABLE,0,4,0,0,0,0,0.0,1,27441749,6,1173135098,1.173135098,0.0,0.0,2094072
q1,q1,/home/dy1013/sirius_multi-gpu/experiment/join_retention_runs/join_retention_20260630_075038/queries/q1/log_dir/sirius_2026-06-30.log,0,10,11,GPU_SCAN,SCAN,94,GPU_SCAN,PIPELINEABLE,2,4,0,0,0,0,0.0,1,27454968,6,1173699896,1.173699896,0.0,0.0,2099783
q1,q1,/home/dy1013/sirius_multi-gpu/experiment/join_retention_runs/join_retention_20260630_075038/queries/q1/log_dir/sirius_2026-06-30.log,0,0,6,PROJECTION,PROJECTION,13,PIPELINEABLE,PIPELINEABLE,0,4,1,27441749,6,1173135098,1.173135098,1,27441749,7,1396099362,1.396099362,1.190058,1.0,18424
q1,q1,/home/dy1013/sirius_multi-gpu/experiment/join_retention_runs/join_retention_20260630_075038/queries/q1/log_dir/sirius_2026-06-30.log,0,10,6,PROJECTION,PROJECTION,13,PIPELINEABLE,PIPELINEABLE,2,4,1,27454968,6,1173699896,1.173699896,1,27454968,7,1396771512,1.396771512,1.190058,1.0,12963
q1,q1,/home/dy1013/sirius_multi-gpu/experiment/join_retention_runs/join_retention_20260630_075038/queries/q1/log_dir/sirius_2026-06-30.log,0,10,7,PROJECTION,PROJECTION,13,PIPELINEABLE,PIPELINEABLE,2,4,1,27454968,7,1396771512,1.396771512,1,27454968,9,1842914744,1.842914744,1.31941,1.0,13642
q1,q1,/home/dy1013/sirius_multi-gpu/experiment/join_retention_runs/join_retention_20260630_075038/queries/q1/log_dir/sirius_2026-06-30.log,0,0,7,PROJECTION,PROJECTION,13,PIPELINEABLE,PIPELINEABLE,0,4,1,27441749,7,1396099362,1.396099362,1,27441749,9,1842027890,1.84202789,1.31941,1.0,29071
q1,q1,/home/dy1013/sirius_multi-gpu/experiment/join_retention_runs/join_retention_20260630_075038/queries/q1/log_dir/sirius_2026-06-30.log,0,10,8,HASH_GROUP_BY,AGGREGATE,9,PIPELINEABLE,PIPELINEABLE,2,4,1,27454968,9,1842914744,1.842914744,1,4,13,704,7.04e-07,0.0,0.0,65596
q1,q1,/home/dy1013/sirius_multi-gpu/experiment/join_retention_runs/join_retention_20260630_075038/queries/q1/log_dir/sirius_2026-06-30.log,0,0,8,HASH_GROUP_BY,AGGREGATE,9,PIPELINEABLE,PIPELINEABLE,0,4,1,27441749,9,1842027890,1.84202789,1,4,13,704,7.04e-07,0.0,0.0,71134
q1,q1,/home/dy1013/sirius_multi-gpu/experiment/join_retention_runs/join_retention_20260630_075038/queries/q1/log_dir/sirius_2026-06-30.log,0,11,11,GPU_SCAN,SCAN,94,GPU_SCAN,PIPELINEABLE,3,4,0,0,0,0,0.0,1,13711223,6,586154894,0.586154894,0.0,0.0,2254769
q1,q1,/home/dy1013/sirius_multi-gpu/experiment/join_retention_runs/join_retention_20260630_075038/queries/q1/log_dir/sirius_2026-06-30.log,0,4,11,GPU_SCAN,SCAN,94,GPU_SCAN,PIPELINEABLE,0,4,0,0,0,0,0.0,1,27450594,6,1173513116,1.173513116,0.0,0.0,2262662
q1,q1,/home/dy1013/sirius_multi-gpu/experiment/join_retention_runs/join_retention_20260630_075038/queries/q1/log_dir/sirius_2026-06-30.log,0,5,11,GPU_SCAN,SCAN,94,GPU_SCAN,PIPELINEABLE,1,4,0,0,0,0,0.0,1,27452429,6,1173591722,1.173591722,0.0,0.0,2287294
q1,q1,/home/dy1013/sirius_multi-gpu/experiment/join_retention_runs/join_retention_20260630_075038/queries/q1/log_dir/sirius_2026-06-30.log,0,4,6,PROJECTION,PROJECTION,13,PIPELINEABLE,PIPELINEABLE,0,4,1,27450594,6,1173513116,1.173513116,1,27450594,7,1396549228,1.396549228,1.190058,1.0,28220
q1,q1,/home/dy1013/sirius_multi-gpu/experiment/join_retention_runs/join_retention_20260630_075038/queries/q1/log_dir/sirius_2026-06-30.log,0,11,6,PROJECTION,PROJECTION,13,PIPELINEABLE,PIPELINEABLE,3,4,1,13711223,6,586154894,0.586154894,1,13711223,7,697558598,0.697558598,1.190058,1.0,41330
q1,q1,/home/dy1013/sirius_multi-gpu/experiment/join_retention_runs/join_retention_20260630_075038/queries/q1/log_dir/sirius_2026-06-30.log,0,7,11,GPU_SCAN,SCAN,94,GPU_SCAN,PIPELINEABLE,3,4,0,0,0,0,0.0,1,27454036,6,1173660368,1.173660368,0.0,0.0,2302862
q1,q1,/home/dy1013/sirius_multi-gpu/experiment/join_retention_runs/join_retention_20260630_075038/queries/q1/log_dir/sirius_2026-06-30.log,0,4,7,PROJECTION,PROJECTION,13,PIPELINEABLE,PIPELINEABLE,0,4,1,27450594,7,1396549228,1.396549228,1,27450594,9,1842621452,1.842621452,1.31941,1.0,27849
q1,q1,/home/dy1013/sirius_multi-gpu/experiment/join_retention_runs/join_retention_20260630_075038/queries/q1/log_dir/sirius_2026-06-30.log,0,2,11,GPU_SCAN,SCAN,94,GPU_SCAN,PIPELINEABLE,2,4,0,0,0,0,0.0,1,27457452,6,1173806144,1.173806144,0.0,0.0,2330727
q1,q1,/home/dy1013/sirius_multi-gpu/experiment/join_retention_runs/join_retention_20260630_075038/queries/q1/log_dir/sirius_2026-06-30.log,0,11,7,PROJECTION,PROJECTION,13,PIPELINEABLE,PIPELINEABLE,3,4,1,13711223,7,697558598,0.697558598,1,13711223,9,920366006,0.920366006,1.31941,1.0,43484
q1,q1,/home/dy1013/sirius_multi-gpu/experiment/join_retention_runs/join_retention_20260630_075038/queries/q1/log_dir/sirius_2026-06-30.log,0,5,6,PROJECTION,PROJECTION,13,PIPELINEABLE,PIPELINEABLE,1,4,1,27452429,6,1173591722,1.173591722,1,27452429,7,1396642770,1.39664277,1.190058,1.0,69098
q1,q1,/home/dy1013/sirius_multi-gpu/experiment/join_retention_runs/join_retention_20260630_075038/queries/q1/log_dir/sirius_2026-06-30.log,0,2,6,PROJECTION,PROJECTION,13,PIPELINEABLE,PIPELINEABLE,2,4,1,27457452,6,1173806144,1.173806144,1,27457452,7,1396897952,1.396897952,1.190058,1.0,27070
q1,q1,/home/dy1013/sirius_multi-gpu/experiment/join_retention_runs/join_retention_20260630_075038/queries/q1/log_dir/sirius_2026-06-30.log,0,7,6,PROJECTION,PROJECTION,13,PIPELINEABLE,PIPELINEABLE,3,4,1,27454036,6,1173660368,1.173660368,1,27454036,7,1396724464,1.396724464,1.190058,1.0,62380
q1,q1,/home/dy1013/sirius_multi-gpu/experiment/join_retention_runs/join_retention_20260630_075038/queries/q1/log_dir/sirius_2026-06-30.log,0,2,7,PROJECTION,PROJECTION,13,PIPELINEABLE,PIPELINEABLE,2,4,1,27457452,7,1396897952,1.396897952,1,27457452,9,1843081568,1.843081568,1.31941,1.0,14971
q1,q1,/home/dy1013/sirius_multi-gpu/experiment/join_retention_runs/join_retention_20260630_075038/queries/q1/log_dir/sirius_2026-06-30.log,0,5,7,PROJECTION,PROJECTION,13,PIPELINEABLE,PIPELINEABLE,1,4,1,27452429,7,1396642770,1.39664277,1,27452429,9,1842744866,1.842744866,1.31941,1.0,32779
q1,q1,/home/dy1013/sirius_multi-gpu/experiment/join_retention_runs/join_retention_20260630_075038/queries/q1/log_dir/sirius_2026-06-30.log,0,4,8,HASH_GROUP_BY,AGGREGATE,9,PIPELINEABLE,PIPELINEABLE,0,4,1,27450594,9,1842621452,1.842621452,1,4,13,704,7.04e-07,0.0,0.0,77883
q1,q1,/home/dy1013/sirius_multi-gpu/experiment/join_retention_runs/join_retention_20260630_075038/queries/q1/log_dir/sirius_2026-06-30.log,0,1,11,GPU_SCAN,SCAN,94,GPU_SCAN,PIPELINEABLE,1,4,0,0,0,0,0.0,1,27431018,6,1172676332,1.172676332,0.0,0.0,2400522
q1,q1,/home/dy1013/sirius_multi-gpu/experiment/join_retention_runs/join_retention_20260630_075038/queries/q1/log_dir/sirius_2026-06-30.log,0,7,7,PROJECTION,PROJECTION,13,PIPELINEABLE,PIPELINEABLE,3,4,1,27454036,7,1396724464,1.396724464,1,27454036,9,1842852656,1.842852656,1.31941,1.0,49730
q1,q1,/home/dy1013/sirius_multi-gpu/experiment/join_retention_runs/join_retention_20260630_075038/queries/q1/log_dir/sirius_2026-06-30.log,0,11,8,HASH_GROUP_BY,AGGREGATE,9,PIPELINEABLE,PIPELINEABLE,3,4,1,13711223,9,920366006,0.920366006,1,4,13,704,7.04e-07,1e-06,0.0,75035
q1,q1,/home/dy1013/sirius_multi-gpu/experiment/join_retention_runs/join_retention_20260630_075038/queries/q1/log_dir/sirius_2026-06-30.log,0,2,8,HASH_GROUP_BY,AGGREGATE,9,PIPELINEABLE,PIPELINEABLE,2,4,1,27457452,9,1843081568,1.843081568,1,4,13,704,7.04e-07,0.0,0.0,73231
q1,q1,/home/dy1013/sirius_multi-gpu/experiment/join_retention_runs/join_retention_20260630_075038/queries/q1/log_dir/sirius_2026-06-30.log,0,7,8,HASH_GROUP_BY,AGGREGATE,9,PIPELINEABLE,PIPELINEABLE,3,4,1,27454036,9,1842852656,1.842852656,1,4,13,704,7.04e-07,0.0,0.0,92452
q1,q1,/home/dy1013/sirius_multi-gpu/experiment/join_retention_runs/join_retention_20260630_075038/queries/q1/log_dir/sirius_2026-06-30.log,0,1,6,PROJECTION,PROJECTION,13,PIPELINEABLE,PIPELINEABLE,1,4,1,27431018,6,1172676332,1.172676332,1,27431018,7,1395553404,1.395553404,1.190058,1.0,108595
q1,q1,/home/dy1013/sirius_multi-gpu/experiment/join_retention_runs/join_retention_20260630_075038/queries/q1/log_dir/sirius_2026-06-30.log,0,5,8,HASH_GROUP_BY,AGGREGATE,9,PIPELINEABLE,PIPELINEABLE,1,4,1,27452429,9,1842744866,1.842744866,1,4,13,704,7.04e-07,0.0,0.0,128958
q1,q1,/home/dy1013/sirius_multi-gpu/experiment/join_retention_runs/join_retention_20260630_075038/queries/q1/log_dir/sirius_2026-06-30.log,0,3,11,GPU_SCAN,SCAN,94,GPU_SCAN,PIPELINEABLE,3,4,0,0,0,0,0.0,1,27467206,6,1174223108,1.174223108,0.0,0.0,2527475
q1,q1,/home/dy1013/sirius_multi-gpu/experiment/join_retention_runs/join_retention_20260630_075038/queries/q1/log_dir/sirius_2026-06-30.log,0,1,7,PROJECTION,PROJECTION,13,PIPELINEABLE,PIPELINEABLE,1,4,1,27431018,7,1395553404,1.395553404,1,27431018,9,1841307548,1.841307548,1.31941,1.0,34825
q1,q1,/home/dy1013/sirius_multi-gpu/experiment/join_retention_runs/join_retention_20260630_075038/queries/q1/log_dir/sirius_2026-06-30.log,0,9,11,GPU_SCAN,SCAN,94,GPU_SCAN,PIPELINEABLE,1,4,0,0,0,0,0.0,1,27450914,6,1173526940,1.17352694,0.0,0.0,2550961
q1,q1,/home/dy1013/sirius_multi-gpu/experiment/join_retention_runs/join_retention_20260630_075038/queries/q1/log_dir/sirius_2026-06-30.log,0,3,6,PROJECTION,PROJECTION,13,PIPELINEABLE,PIPELINEABLE,3,4,1,27467206,6,1174223108,1.174223108,1,27467206,7,1397394164,1.397394164,1.190058,1.0,29910
q1,q1,/home/dy1013/sirius_multi-gpu/experiment/join_retention_runs/join_retention_20260630_075038/queries/q1/log_dir/sirius_2026-06-30.log,0,3,7,PROJECTION,PROJECTION,13,PIPELINEABLE,PIPELINEABLE,3,4,1,27467206,7,1397394164,1.397394164,1,27467206,9,1843736276,1.843736276,1.31941,1.0,16749
q1,q1,/home/dy1013/sirius_multi-gpu/experiment/join_retention_runs/join_retention_20260630_075038/queries/q1/log_dir/sirius_2026-06-30.log,0,1,8,HASH_GROUP_BY,AGGREGATE,9,PIPELINEABLE,PIPELINEABLE,1,4,1,27431018,9,1841307548,1.841307548,1,4,13,704,7.04e-07,0.0,0.0,74253
q1,q1,/home/dy1013/sirius_multi-gpu/experiment/join_retention_runs/join_retention_20260630_075038/queries/q1/log_dir/sirius_2026-06-30.log,0,9,6,PROJECTION,PROJECTION,13,PIPELINEABLE,PIPELINEABLE,1,4,1,27450914,6,1173526940,1.17352694,1,27450914,7,1396565676,1.396565676,1.190058,1.0,54167
q1,q1,/home/dy1013/sirius_multi-gpu/experiment/join_retention_runs/join_retention_20260630_075038/queries/q1/log_dir/sirius_2026-06-30.log,0,9,7,PROJECTION,PROJECTION,13,PIPELINEABLE,PIPELINEABLE,1,4,1,27450914,7,1396565676,1.396565676,1,27450914,9,1842643148,1.842643148,1.31941,1.0,13177
q1,q1,/home/dy1013/sirius_multi-gpu/experiment/join_retention_runs/join_retention_20260630_075038/queries/q1/log_dir/sirius_2026-06-30.log,0,3,8,HASH_GROUP_BY,AGGREGATE,9,PIPELINEABLE,PIPELINEABLE,3,4,1,27467206,9,1843736276,1.843736276,1,4,13,704,7.04e-07,0.0,0.0,69910
q1,q1,/home/dy1013/sirius_multi-gpu/experiment/join_retention_runs/join_retention_20260630_075038/queries/q1/log_dir/sirius_2026-06-30.log,0,9,8,HASH_GROUP_BY,AGGREGATE,9,PIPELINEABLE,PIPELINEABLE,1,4,1,27450914,9,1842643148,1.842643148,1,4,13,704,7.04e-07,0.0,0.0,67226
q1,q1,/home/dy1013/sirius_multi-gpu/experiment/join_retention_runs/join_retention_20260630_075038/queries/q1/log_dir/sirius_2026-06-30.log,1,12,12,PARTITION,PARTITION,82,PIPELINEABLE,PIPELINEABLE,0,1,1,4,13,704,7.04e-07,1,4,13,704,7.04e-07,1.0,1.0,2
q1,q1,/home/dy1013/sirius_multi-gpu/experiment/join_retention_runs/join_retention_20260630_075038/queries/q1/log_dir/sirius_2026-06-30.log,1,15,12,PARTITION,PARTITION,82,PIPELINEABLE,PIPELINEABLE,0,1,1,4,13,704,7.04e-07,1,4,13,704,7.04e-07,1.0,1.0,43
q1,q1,/home/dy1013/sirius_multi-gpu/experiment/join_retention_runs/join_retention_20260630_075038/queries/q1/log_dir/sirius_2026-06-30.log,1,23,12,PARTITION,PARTITION,82,PIPELINEABLE,PIPELINEABLE,1,1,1,4,13,704,7.04e-07,1,4,13,704,7.04e-07,1.0,1.0,1
q1,q1,/home/dy1013/sirius_multi-gpu/experiment/join_retention_runs/join_retention_20260630_075038/queries/q1/log_dir/sirius_2026-06-30.log,1,20,12,PARTITION,PARTITION,82,PIPELINEABLE,PIPELINEABLE,1,1,1,4,13,704,7.04e-07,1,4,13,704,7.04e-07,1.0,1.0,5
q1,q1,/home/dy1013/sirius_multi-gpu/experiment/join_retention_runs/join_retention_20260630_075038/queries/q1/log_dir/sirius_2026-06-30.log,1,21,12,PARTITION,PARTITION,82,PIPELINEABLE,PIPELINEABLE,1,1,1,4,13,704,7.04e-07,1,4,13,704,7.04e-07,1.0,1.0,79
q1,q1,/home/dy1013/sirius_multi-gpu/experiment/join_retention_runs/join_retention_20260630_075038/queries/q1/log_dir/sirius_2026-06-30.log,1,16,12,PARTITION,PARTITION,82,PIPELINEABLE,PIPELINEABLE,0,1,1,4,13,704,7.04e-07,1,4,13,704,7.04e-07,1.0,1.0,2
q1,q1,/home/dy1013/sirius_multi-gpu/experiment/join_retention_runs/join_retention_20260630_075038/queries/q1/log_dir/sirius_2026-06-30.log,1,22,12,PARTITION,PARTITION,82,PIPELINEABLE,PIPELINEABLE,3,1,1,4,13,704,7.04e-07,1,4,13,704,7.04e-07,1.0,1.0,42
q1,q1,/home/dy1013/sirius_multi-gpu/experiment/join_retention_runs/join_retention_20260630_075038/queries/q1/log_dir/sirius_2026-06-30.log,1,17,12,PARTITION,PARTITION,82,PIPELINEABLE,PIPELINEABLE,3,1,1,4,13,704,7.04e-07,1,4,13,704,7.04e-07,1.0,1.0,3
q1,q1,/home/dy1013/sirius_multi-gpu/experiment/join_retention_runs/join_retention_20260630_075038/queries/q1/log_dir/sirius_2026-06-30.log,1,13,12,PARTITION,PARTITION,82,PIPELINEABLE,PIPELINEABLE,2,1,1,4,13,704,7.04e-07,1,4,13,704,7.04e-07,1.0,1.0,4
q1,q1,/home/dy1013/sirius_multi-gpu/experiment/join_retention_runs/join_retention_20260630_075038/queries/q1/log_dir/sirius_2026-06-30.log,1,19,12,PARTITION,PARTITION,82,PIPELINEABLE,PIPELINEABLE,3,1,1,4,13,704,7.04e-07,1,4,13,704,7.04e-07,1.0,1.0,12
q1,q1,/home/dy1013/sirius_multi-gpu/experiment/join_retention_runs/join_retention_20260630_075038/queries/q1/log_dir/sirius_2026-06-30.log,1,14,12,PARTITION,PARTITION,82,PIPELINEABLE,PIPELINEABLE,2,1,1,4,13,704,7.04e-07,1,4,13,704,7.04e-07,1.0,1.0,6
q1,q1,/home/dy1013/sirius_multi-gpu/experiment/join_retention_runs/join_retention_20260630_075038/queries/q1/log_dir/sirius_2026-06-30.log,1,18,12,PARTITION,PARTITION,82,PIPELINEABLE,PIPELINEABLE,2,1,1,4,13,704,7.04e-07,1,4,13,704,7.04e-07,1.0,1.0,5
q1,q1,/home/dy1013/sirius_multi-gpu/experiment/join_retention_runs/join_retention_20260630_075038/queries/q1/log_dir/sirius_2026-06-30.log,2,24,13,MERGE_GROUP_BY,AGGREGATE,85,PARTITIONED,PIPELINEABLE,0,1,12,48,156,8448,8.448e-06,1,4,10,432,4.32e-07,0.051136,0.083333,8968
q1,q1,/home/dy1013/sirius_multi-gpu/experiment/join_retention_runs/join_retention_20260630_075038/queries/q1/log_dir/sirius_2026-06-30.log,3,25,9,ORDER_BY,SORT,1,PIPELINEABLE,PIPELINEABLE,0,1,1,4,10,432,4.32e-07,1,4,10,432,4.32e-07,1.0,1.0,6063
q1,q1,/home/dy1013/sirius_multi-gpu/experiment/join_retention_runs/join_retention_20260630_075038/queries/q1/log_dir/sirius_2026-06-30.log,4,26,14,SORT_SAMPLE,SORT,89,PIPELINEABLE,PIPELINEABLE,0,2,1,4,10,432,4.32e-07,1,4,10,432,4.32e-07,1.0,1.0,2743
q1,q1,/home/dy1013/sirius_multi-gpu/experiment/join_retention_runs/join_retention_20260630_075038/queries/q1/log_dir/sirius_2026-06-30.log,4,26,15,SORT_PARTITION,SORT,88,PIPELINEABLE,PIPELINEABLE,0,2,1,4,10,432,4.32e-07,4,4,40,456,4.56e-07,1.055556,1.0,2576
q1,q1,/home/dy1013/sirius_multi-gpu/experiment/join_retention_runs/join_retention_20260630_075038/queries/q1/log_dir/sirius_2026-06-30.log,5,27,16,MERGE_SORT,SORT,84,PIPELINEABLE,PIPELINEABLE,0,1,4,4,40,456,4.56e-07,1,4,10,432,4.32e-07,0.947368,1.0,9355
q1,q1,/home/dy1013/sirius_multi-gpu/experiment/join_retention_runs/join_retention_20260630_075038/queries/q1/log_dir/sirius_2026-06-30.log,6,28,10,RESULT_COLLECTOR,RESULT,76,PIPELINEABLE,PIPELINEABLE,0,1,1,4,10,432,4.32e-07,1,4,10,432,4.32e-07,1.0,1.0,6
q2,q2,/home/dy1013/sirius_multi-gpu/experiment/join_retention_runs/join_retention_20260630_075038/queries/q2/log_dir/sirius_2026-06-30.log,0,0,61,GPU_SCAN,SCAN,94,GPU_SCAN,PIPELINEABLE,1,1,0,0,0,0,0.0,1,1,1,68,6.8e-08,0.0,0.0,33151
q2,q2,/home/dy1013/sirius_multi-gpu/experiment/join_retention_runs/join_retention_20260630_075038/queries/q2/log_dir/sirius_2026-06-30.log,1,1,63,PARTITION,PARTITION,82,PIPELINEABLE,PIPELINEABLE,1,1,1,1,1,68,6.8e-08,1,1,1,68,6.8e-08,1.0,1.0,4
q2,q2,/home/dy1013/sirius_multi-gpu/experiment/join_retention_runs/join_retention_20260630_075038/queries/q2/log_dir/sirius_2026-06-30.log,2,2,62,CONCAT,CONCAT,83,PARTITIONED,PARTITIONED,0,1,1,1,1,68,6.8e-08,1,1,1,68,6.8e-08,1.0,1.0,0
q2,q2,/home/dy1013/sirius_multi-gpu/experiment/join_retention_runs/join_retention_20260630_075038/queries/q2/log_dir/sirius_2026-06-30.log,3,3,64,GPU_SCAN,SCAN,94,GPU_SCAN,PIPELINEABLE,1,1,0,0,0,0,0.0,1,25,2,328,3.28e-07,0.0,0.0,3887
q2,q2,/home/dy1013/sirius_multi-gpu/experiment/join_retention_runs/join_retention_20260630_075038/queries/q2/log_dir/sirius_2026-06-30.log,4,4,66,PARTITION,PARTITION,82,PIPELINEABLE,PIPELINEABLE,1,1,1,25,2,328,3.28e-07,1,25,2,328,3.28e-07,1.0,1.0,3
q2,q2,/home/dy1013/sirius_multi-gpu/experiment/join_retention_runs/join_retention_20260630_075038/queries/q2/log_dir/sirius_2026-06-30.log,5,5,65,CONCAT,CONCAT,83,PARTITIONED,PARTITIONED,0,1,1,25,2,328,3.28e-07,1,25,2,328,3.28e-07,1.0,1.0,2
q2,q2,/home/dy1013/sirius_multi-gpu/experiment/join_retention_runs/join_retention_20260630_075038/queries/q2/log_dir/sirius_2026-06-30.log,6,6,45,HASH_JOIN,JOIN,33,PARTITIONED,PIPELINEABLE,1,1,2,26,3,396,3.96e-07,1,5,2,168,1.68e-07,0.424242,0.192308,6995
q2,q2,/home/dy1013/sirius_multi-gpu/experiment/join_retention_runs/join_retention_20260630_075038/queries/q2/log_dir/sirius_2026-06-30.log,7,7,68,PARTITION,PARTITION,82,PIPELINEABLE,PIPELINEABLE,1,1,1,5,2,168,1.68e-07,1,5,2,168,1.68e-07,1.0,1.0,6
q2,q2,/home/dy1013/sirius_multi-gpu/experiment/join_retention_runs/join_retention_20260630_075038/queries/q2/log_dir/sirius_2026-06-30.log,8,8,67,CONCAT,CONCAT,83,PARTITIONED,PARTITIONED,0,1,1,5,2,168,1.68e-07,1,5,2,168,1.68e-07,1.0,1.0,4
q2,q2,/home/dy1013/sirius_multi-gpu/experiment/join_retention_runs/join_retention_20260630_075038/queries/q2/log_dir/sirius_2026-06-30.log,9,9,69,GPU_SCAN,SCAN,94,GPU_SCAN,PIPELINEABLE,2,1,0,0,0,0,0.0,1,1000000,2,12250112,0.012250112,0.0,0.0,22088
q2,q2,/home/dy1013/sirius_multi-gpu/experiment/join_retention_runs/join_retention_20260630_075038/queries/q2/log_dir/sirius_2026-06-30.log,10,10,71,PARTITION,PARTITION,82,PIPELINEABLE,PIPELINEABLE,2,1,1,1000000,2,12250112,0.012250112,1,1000000,2,12250112,0.012250112,1.0,1.0,1
q2,q2,/home/dy1013/sirius_multi-gpu/experiment/join_retention_runs/join_retention_20260630_075038/queries/q2/log_dir/sirius_2026-06-30.log,11,11,70,CONCAT,CONCAT,83,PARTITIONED,PARTITIONED,0,1,1,1000000,2,12250112,0.012250112,1,1000000,2,12250112,0.012250112,1.0,1.0,0
q2,q2,/home/dy1013/sirius_multi-gpu/experiment/join_retention_runs/join_retention_20260630_075038/queries/q2/log_dir/sirius_2026-06-30.log,12,12,46,HASH_JOIN,JOIN,33,PARTITIONED,PIPELINEABLE,2,1,2,1000005,4,12250280,0.01225028,1,200535,3,3283824,0.003283824,0.268061,0.200534,4342
q2,q2,/home/dy1013/sirius_multi-gpu/experiment/join_retention_runs/join_retention_20260630_075038/queries/q2/log_dir/sirius_2026-06-30.log,13,13,73,PARTITION,PARTITION,82,PIPELINEABLE,PIPELINEABLE,2,1,1,200535,3,3283824,0.003283824,1,200535,3,3283824,0.003283824,1.0,1.0,3
q2,q2,/home/dy1013/sirius_multi-gpu/experiment/join_retention_runs/join_retention_20260630_075038/queries/q2/log_dir/sirius_2026-06-30.log,14,14,72,CONCAT,CONCAT,83,PARTITIONED,PARTITIONED,0,1,1,200535,3,3283824,0.003283824,1,200535,3,3283824,0.003283824,1.0,1.0,2
q2,q2,/home/dy1013/sirius_multi-gpu/experiment/join_retention_runs/join_retention_20260630_075038/queries/q2/log_dir/sirius_2026-06-30.log,30,15,87,GPU_SCAN,SCAN,94,GPU_SCAN,PIPELINEABLE,2,1,0,0,0,0,0.0,1,80157,2,2104182,0.002104182,0.0,0.0,80858
q2,q2,/home/dy1013/sirius_multi-gpu/experiment/join_retention_runs/join_retention_20260630_075038/queries/q2/log_dir/sirius_2026-06-30.log,31,16,89,PARTITION,PARTITION,82,PIPELINEABLE,PIPELINEABLE,2,1,1,80157,2,2104182,0.002104182,1,80157,2,2104182,0.002104182,1.0,1.0,5
q2,q2,/home/dy1013/sirius_multi-gpu/experiment/join_retention_runs/join_retention_20260630_075038/queries/q2/log_dir/sirius_2026-06-30.log,32,17,88,CONCAT,CONCAT,83,PARTITIONED,PARTITIONED,0,1,1,80157,2,2104182,0.002104182,1,80157,2,2104182,0.002104182,1.0,1.0,3
q2,q2,/home/dy1013/sirius_multi-gpu/experiment/join_retention_runs/join_retention_20260630_075038/queries/q2/log_dir/sirius_2026-06-30.log,15,18,74,GPU_SCAN,SCAN,94,GPU_SCAN,PIPELINEABLE,0,1,0,0,0,0,0.0,1,1,1,68,6.8e-08,0.0,0.0,18438
q2,q2,/home/dy1013/sirius_multi-gpu/experiment/join_retention_runs/join_retention_20260630_075038/queries/q2/log_dir/sirius_2026-06-30.log,16,19,76,PARTITION,PARTITION,82,PIPELINEABLE,PIPELINEABLE,0,1,1,1,1,68,6.8e-08,1,1,1,68,6.8e-08,1.0,1.0,2
q2,q2,/home/dy1013/sirius_multi-gpu/experiment/join_retention_runs/join_retention_20260630_075038/queries/q2/log_dir/sirius_2026-06-30.log,17,20,75,CONCAT,CONCAT,83,PARTITIONED,PARTITIONED,0,1,1,1,1,68,6.8e-08,1,1,1,68,6.8e-08,1.0,1.0,0
q2,q2,/home/dy1013/sirius_multi-gpu/experiment/join_retention_runs/join_retention_20260630_075038/queries/q2/log_dir/sirius_2026-06-30.log,18,21,77,GPU_SCAN,SCAN,94,GPU_SCAN,PIPELINEABLE,0,1,0,0,0,0,0.0,1,25,3,673,6.73e-07,0.0,0.0,3039
q2,q2,/home/dy1013/sirius_multi-gpu/experiment/join_retention_runs/join_retention_20260630_075038/queries/q2/log_dir/sirius_2026-06-30.log,19,22,79,PARTITION,PARTITION,82,PIPELINEABLE,PIPELINEABLE,0,1,1,25,3,673,6.73e-07,1,25,3,673,6.73e-07,1.0,1.0,1
q2,q2,/home/dy1013/sirius_multi-gpu/experiment/join_retention_runs/join_retention_20260630_075038/queries/q2/log_dir/sirius_2026-06-30.log,20,23,78,CONCAT,CONCAT,83,PARTITIONED,PARTITIONED,0,1,1,25,3,673,6.73e-07,1,25,3,673,6.73e-07,1.0,1.0,2
q2,q2,/home/dy1013/sirius_multi-gpu/experiment/join_retention_runs/join_retention_20260630_075038/queries/q2/log_dir/sirius_2026-06-30.log,21,24,34,HASH_JOIN,JOIN,33,PARTITIONED,PIPELINEABLE,2,1,2,26,4,741,7.41e-07,1,5,3,296,2.96e-07,0.39946,0.192308,1681
q2,q2,/home/dy1013/sirius_multi-gpu/experiment/join_retention_runs/join_retention_20260630_075038/queries/q2/log_dir/sirius_2026-06-30.log,22,25,81,PARTITION,PARTITION,82,PIPELINEABLE,PIPELINEABLE,2,1,1,5,3,296,2.96e-07,1,5,3,296,2.96e-07,1.0,1.0,4
q2,q2,/home/dy1013/sirius_multi-gpu/experiment/join_retention_runs/join_retention_20260630_075038/queries/q2/log_dir/sirius_2026-06-30.log,23,26,80,CONCAT,CONCAT,83,PARTITIONED,PARTITIONED,0,1,1,5,3,296,2.96e-07,1,5,3,296,2.96e-07,1.0,1.0,1
q2,q2,/home/dy1013/sirius_multi-gpu/experiment/join_retention_runs/join_retention_20260630_075038/queries/q2/log_dir/sirius_2026-06-30.log,24,27,82,GPU_SCAN,SCAN,94,GPU_SCAN,PIPELINEABLE,3,1,0,0,0,0,0.0,1,1000000,7,157368312,0.157368312,0.0,0.0,132686
q2,q2,/home/dy1013/sirius_multi-gpu/experiment/join_retention_runs/join_retention_20260630_075038/queries/q2/log_dir/sirius_2026-06-30.log,25,28,84,PARTITION,PARTITION,82,PIPELINEABLE,PIPELINEABLE,3,1,1,1000000,7,157368312,0.157368312,1,1000000,7,157368312,0.157368312,1.0,1.0,2
q2,q2,/home/dy1013/sirius_multi-gpu/experiment/join_retention_runs/join_retention_20260630_075038/queries/q2/log_dir/sirius_2026-06-30.log,26,29,83,CONCAT,CONCAT,83,PARTITIONED,PARTITIONED,0,1,1,1000000,7,157368312,0.157368312,1,1000000,7,157368312,0.157368312,1.0,1.0,1
q2,q2,/home/dy1013/sirius_multi-gpu/experiment/join_retention_runs/join_retention_20260630_075038/queries/q2/log_dir/sirius_2026-06-30.log,27,30,35,HASH_JOIN,JOIN,33,PARTITIONED,PIPELINEABLE,3,1,2,1000005,10,157368608,0.157368608,1,200535,7,33152235,0.033152235,0.210666,0.200534,3874
q2,q2,/home/dy1013/sirius_multi-gpu/experiment/join_retention_runs/join_retention_20260630_075038/queries/q2/log_dir/sirius_2026-06-30.log,28,31,86,PARTITION,PARTITION,82,PIPELINEABLE,PIPELINEABLE,3,1,1,200535,7,33152235,0.033152235,1,200535,7,33152235,0.033152235,1.0,1.0,0
q2,q2,/home/dy1013/sirius_multi-gpu/experiment/join_retention_runs/join_retention_20260630_075038/queries/q2/log_dir/sirius_2026-06-30.log,29,32,85,CONCAT,CONCAT,83,PARTITIONED,PARTITIONED,0,1,1,200535,7,33152235,0.033152235,1,200535,7,33152235,0.033152235,1.0,1.0,1
q2,q2,/home/dy1013/sirius_multi-gpu/experiment/join_retention_runs/join_retention_20260630_075038/queries/q2/log_dir/sirius_2026-06-30.log,33,36,90,GPU_SCAN,SCAN,94,GPU_SCAN,PIPELINEABLE,2,1,0,0,0,0,0.0,1,13053623,3,318182184,0.318182184,0.0,0.0,81560
q2,q2,/home/dy1013/sirius_multi-gpu/experiment/join_retention_runs/join_retention_20260630_075038/queries/q2/log_dir/sirius_2026-06-30.log,34,37,92,PARTITION,PARTITION,82,PIPELINEABLE,PIPELINEABLE,2,1,1,13053623,3,318182184,0.318182184,1,13053623,3,318182184,0.318182184,1.0,1.0,6
q2,q2,/home/dy1013/sirius_multi-gpu/experiment/join_retention_runs/join_retention_20260630_075038/queries/q2/log_dir/sirius_2026-06-30.log,33,33,90,GPU_SCAN,SCAN,94,GPU_SCAN,PIPELINEABLE,3,1,0,0,0,0,0.0,1,22319127,3,544028904,0.544028904,0.0,0.0,331701
q2,q2,/home/dy1013/sirius_multi-gpu/experiment/join_retention_runs/join_retention_20260630_075038/queries/q2/log_dir/sirius_2026-06-30.log,34,38,92,PARTITION,PARTITION,82,PIPELINEABLE,PIPELINEABLE,3,1,1,22319127,3,544028904,0.544028904,1,22319127,3,544028904,0.544028904,1.0,1.0,6
q2,q2,/home/dy1013/sirius_multi-gpu/experiment/join_retention_runs/join_retention_20260630_075038/queries/q2/log_dir/sirius_2026-06-30.log,33,35,90,GPU_SCAN,SCAN,94,GPU_SCAN,PIPELINEABLE,1,1,0,0,0,0,0.0,1,22304639,3,543675624,0.543675624,0.0,0.0,341380
q2,q2,/home/dy1013/sirius_multi-gpu/experiment/join_retention_runs/join_retention_20260630_075038/queries/q2/log_dir/sirius_2026-06-30.log,34,41,92,PARTITION,PARTITION,82,PIPELINEABLE,PIPELINEABLE,1,1,1,22304639,3,543675624,0.543675624,1,22304639,3,543675624,0.543675624,1.0,1.0,6
q2,q2,/home/dy1013/sirius_multi-gpu/experiment/join_retention_runs/join_retention_20260630_075038/queries/q2/log_dir/sirius_2026-06-30.log,35,39,91,CONCAT,CONCAT,83,PARTITIONED,PARTITIONED,0,1,1,13053623,3,318182184,0.318182184,1,13053623,3,318182184,0.318182184,1.0,1.0,2
q2,q2,/home/dy1013/sirius_multi-gpu/experiment/join_retention_runs/join_retention_20260630_075038/queries/q2/log_dir/sirius_2026-06-30.log,35,40,91,CONCAT,CONCAT,83,PARTITIONED,PARTITIONED,0,1,1,22319127,3,544028904,0.544028904,1,22319127,3,544028904,0.544028904,1.0,1.0,1
q2,q2,/home/dy1013/sirius_multi-gpu/experiment/join_retention_runs/join_retention_20260630_075038/queries/q2/log_dir/sirius_2026-06-30.log,33,34,90,GPU_SCAN,SCAN,94,GPU_SCAN,PIPELINEABLE,0,1,0,0,0,0,0.0,1,22322611,3,544113672,0.544113672,0.0,0.0,391124
q2,q2,/home/dy1013/sirius_multi-gpu/experiment/join_retention_runs/join_retention_20260630_075038/queries/q2/log_dir/sirius_2026-06-30.log,34,43,92,PARTITION,PARTITION,82,PIPELINEABLE,PIPELINEABLE,0,1,1,22322611,3,544113672,0.544113672,1,22322611,3,544113672,0.544113672,1.0,1.0,1
q2,q2,/home/dy1013/sirius_multi-gpu/experiment/join_retention_runs/join_retention_20260630_075038/queries/q2/log_dir/sirius_2026-06-30.log,35,45,91,CONCAT,CONCAT,83,PARTITIONED,PARTITIONED,0,1,1,22322611,3,544113672,0.544113672,1,22322611,3,544113672,0.544113672,1.0,1.0,1
q2,q2,/home/dy1013/sirius_multi-gpu/experiment/join_retention_runs/join_retention_20260630_075038/queries/q2/log_dir/sirius_2026-06-30.log,35,44,91,CONCAT,CONCAT,83,PARTITIONED,PARTITIONED,0,1,1,22304639,3,543675624,0.543675624,1,22304639,3,543675624,0.543675624,1.0,1.0,1
q2,q2,/home/dy1013/sirius_multi-gpu/experiment/join_retention_runs/join_retention_20260630_075038/queries/q2/log_dir/sirius_2026-06-30.log,36,42,36,HASH_JOIN,JOIN,33,PARTITIONED,PIPELINEABLE,0,1,2,13254158,10,351334419,0.351334419,1,2617759,8,454027012,0.454027012,1.292293,0.197505,59378
q2,q2,/home/dy1013/sirius_multi-gpu/experiment/join_retention_runs/join_retention_20260630_075038/queries/q2/log_dir/sirius_2026-06-30.log,37,49,94,PARTITION,PARTITION,82,PIPELINEABLE,PIPELINEABLE,0,1,1,2617759,8,454027012,0.454027012,1,2617759,8,454027012,0.454027012,1.0,1.0,2
q2,q2,/home/dy1013/sirius_multi-gpu/experiment/join_retention_runs/join_retention_20260630_075038/queries/q2/log_dir/sirius_2026-06-30.log,36,47,36,HASH_JOIN,JOIN,33,PARTITIONED,PIPELINEABLE,0,1,1,22322611,3,544113672,0.544113672,1,4476518,8,776418636,0.776418636,1.426942,0.200537,75864
q2,q2,/home/dy1013/sirius_multi-gpu/experiment/join_retention_runs/join_retention_20260630_075038/queries/q2/log_dir/sirius_2026-06-30.log,37,50,94,PARTITION,PARTITION,82,PIPELINEABLE,PIPELINEABLE,0,1,1,4476518,8,776418636,0.776418636,1,4476518,8,776418636,0.776418636,1.0,1.0,5
q2,q2,/home/dy1013/sirius_multi-gpu/experiment/join_retention_runs/join_retention_20260630_075038/queries/q2/log_dir/sirius_2026-06-30.log,38,51,93,CONCAT,CONCAT,83,PARTITIONED,PARTITIONED,0,1,1,2617759,8,454027012,0.454027012,1,2617759,8,454027012,0.454027012,1.0,1.0,2
q2,q2,/home/dy1013/sirius_multi-gpu/experiment/join_retention_runs/join_retention_20260630_075038/queries/q2/log_dir/sirius_2026-06-30.log,38,52,93,CONCAT,CONCAT,83,PARTITIONED,PARTITIONED,0,1,1,4476518,8,776418636,0.776418636,1,4476518,8,776418636,0.776418636,1.0,1.0,5
q2,q2,/home/dy1013/sirius_multi-gpu/experiment/join_retention_runs/join_retention_20260630_075038/queries/q2/log_dir/sirius_2026-06-30.log,36,46,36,HASH_JOIN,JOIN,33,PARTITIONED,PIPELINEABLE,0,1,1,22319127,3,544028904,0.544028904,1,4475773,8,776298803,0.776298803,1.426944,0.200535,77504
q2,q2,/home/dy1013/sirius_multi-gpu/experiment/join_retention_runs/join_retention_20260630_075038/queries/q2/log_dir/sirius_2026-06-30.log,37,54,94,PARTITION,PARTITION,82,PIPELINEABLE,PIPELINEABLE,0,1,1,4475773,8,776298803,0.776298803,1,4475773,8,776298803,0.776298803,1.0,1.0,1
q2,q2,/home/dy1013/sirius_multi-gpu/experiment/join_retention_runs/join_retention_20260630_075038/queries/q2/log_dir/sirius_2026-06-30.log,36,48,36,HASH_JOIN,JOIN,33,PARTITIONED,PIPELINEABLE,0,1,1,22304639,3,543675624,0.543675624,1,4472750,8,775769469,0.775769469,1.426898,0.20053,50614
q2,q2,/home/dy1013/sirius_multi-gpu/experiment/join_retention_runs/join_retention_20260630_075038/queries/q2/log_dir/sirius_2026-06-30.log,37,55,94,PARTITION,PARTITION,82,PIPELINEABLE,PIPELINEABLE,0,1,1,4472750,8,775769469,0.775769469,1,4472750,8,775769469,0.775769469,1.0,1.0,5
q2,q2,/home/dy1013/sirius_multi-gpu/experiment/join_retention_runs/join_retention_20260630_075038/queries/q2/log_dir/sirius_2026-06-30.log,38,56,93,CONCAT,CONCAT,83,PARTITIONED,PARTITIONED,0,1,1,4475773,8,776298803,0.776298803,1,4475773,8,776298803,0.776298803,1.0,1.0,1
q2,q2,/home/dy1013/sirius_multi-gpu/experiment/join_retention_runs/join_retention_20260630_075038/queries/q2/log_dir/sirius_2026-06-30.log,38,57,93,CONCAT,CONCAT,83,PARTITIONED,PARTITIONED,0,1,1,4472750,8,775769469,0.775769469,1,4472750,8,775769469,0.775769469,1.0,1.0,2
q2,q2,/home/dy1013/sirius_multi-gpu/experiment/join_retention_runs/join_retention_20260630_075038/queries/q2/log_dir/sirius_2026-06-30.log,39,53,38,HASH_JOIN,JOIN,33,PARTITIONED,PIPELINEABLE,2,2,2,2697916,10,456131194,0.456131194,1,10527,9,2018012,0.002018012,0.004424,0.003902,1947
q2,q2,/home/dy1013/sirius_multi-gpu/experiment/join_retention_runs/join_retention_20260630_075038/queries/q2/log_dir/sirius_2026-06-30.log,39,53,52,LEFT_DELIM_JOIN,JOIN,37,PIPELINEABLE,PIPELINEABLE,2,2,1,10527,9,2018012,0.002018012,1,10527,9,2018012,0.002018012,1.0,1.0,1
q2,q2,/home/dy1013/sirius_multi-gpu/experiment/join_retention_runs/join_retention_20260630_075038/queries/q2/log_dir/sirius_2026-06-30.log,39,59,38,HASH_JOIN,JOIN,33,PARTITIONED,PIPELINEABLE,2,2,1,4475773,8,776298803,0.776298803,1,18055,9,3459838,0.003459838,0.004457,0.004034,9668
q2,q2,/home/dy1013/sirius_multi-gpu/experiment/join_retention_runs/join_retention_20260630_075038/queries/q2/log_dir/sirius_2026-06-30.log,39,59,52,LEFT_DELIM_JOIN,JOIN,37,PIPELINEABLE,PIPELINEABLE,2,2,1,18055,9,3459838,0.003459838,1,18055,9,3459838,0.003459838,1.0,1.0,1
q2,q2,/home/dy1013/sirius_multi-gpu/experiment/join_retention_runs/join_retention_20260630_075038/queries/q2/log_dir/sirius_2026-06-30.log,39,60,38,HASH_JOIN,JOIN,33,PARTITIONED,PIPELINEABLE,2,2,1,4472750,8,775769469,0.775769469,1,17938,9,3436173,0.003436173,0.004429,0.004011,6173
q2,q2,/home/dy1013/sirius_multi-gpu/experiment/join_retention_runs/join_retention_20260630_075038/queries/q2/log_dir/sirius_2026-06-30.log,39,60,52,LEFT_DELIM_JOIN,JOIN,37,PIPELINEABLE,PIPELINEABLE,2,2,1,17938,9,3436173,0.003436173,1,17938,9,3436173,0.003436173,1.0,1.0,10
q2,q2,/home/dy1013/sirius_multi-gpu/experiment/join_retention_runs/join_retention_20260630_075038/queries/q2/log_dir/sirius_2026-06-30.log,39,58,38,HASH_JOIN,JOIN,33,PARTITIONED,PIPELINEABLE,2,2,1,4476518,8,776418636,0.776418636,1,17857,9,3425784,0.003425784,0.004412,0.003989,7624
q2,q2,/home/dy1013/sirius_multi-gpu/experiment/join_retention_runs/join_retention_20260630_075038/queries/q2/log_dir/sirius_2026-06-30.log,39,58,52,LEFT_DELIM_JOIN,JOIN,37,PIPELINEABLE,PIPELINEABLE,2,2,1,17857,9,3425784,0.003425784,1,17857,9,3425784,0.003425784,1.0,1.0,1
q2,q2,/home/dy1013/sirius_multi-gpu/experiment/join_retention_runs/join_retention_20260630_075038/queries/q2/log_dir/sirius_2026-06-30.log,40,61,95,PARTITION,PARTITION,82,PIPELINEABLE,PIPELINEABLE,2,1,1,7769,1,63176,6.3176e-05,1,7769,1,63176,6.3176e-05,1.0,1.0,1
q2,q2,/home/dy1013/sirius_multi-gpu/experiment/join_retention_runs/join_retention_20260630_075038/queries/q2/log_dir/sirius_2026-06-30.log,40,62,95,PARTITION,PARTITION,82,PIPELINEABLE,PIPELINEABLE,2,1,1,13389,1,108840,0.00010884,1,13389,1,108840,0.00010884,1.0,1.0,1
q2,q2,/home/dy1013/sirius_multi-gpu/experiment/join_retention_runs/join_retention_20260630_075038/queries/q2/log_dir/sirius_2026-06-30.log,40,63,95,PARTITION,PARTITION,82,PIPELINEABLE,PIPELINEABLE,2,1,1,13181,1,107112,0.000107112,1,13181,1,107112,0.000107112,1.0,1.0,1
q2,q2,/home/dy1013/sirius_multi-gpu/experiment/join_retention_runs/join_retention_20260630_075038/queries/q2/log_dir/sirius_2026-06-30.log,40,64,95,PARTITION,PARTITION,82,PIPELINEABLE,PIPELINEABLE,2,1,1,13142,1,106800,0.0001068,1,13142,1,106800,0.0001068,1.0,1.0,1
q2,q2,/home/dy1013/sirius_multi-gpu/experiment/join_retention_runs/join_retention_20260630_075038/queries/q2/log_dir/sirius_2026-06-30.log,41,65,96,MERGE_GROUP_BY,AGGREGATE,85,PARTITIONED,PIPELINEABLE,0,1,4,47481,4,385928,0.000385928,1,47481,1,379848,0.000379848,0.984246,1.0,1864
q2,q2,/home/dy1013/sirius_multi-gpu/experiment/join_retention_runs/join_retention_20260630_075038/queries/q2/log_dir/sirius_2026-06-30.log,42,66,98,PARTITION,PARTITION,82,PIPELINEABLE,PIPELINEABLE,0,1,1,47481,1,379848,0.000379848,1,47481,1,379848,0.000379848,1.0,1.0,6
q2,q2,/home/dy1013/sirius_multi-gpu/experiment/join_retention_runs/join_retention_20260630_075038/queries/q2/log_dir/sirius_2026-06-30.log,43,67,97,CONCAT,CONCAT,83,PARTITIONED,PARTITIONED,0,1,1,47481,1,379848,0.000379848,1,47481,1,379848,0.000379848,1.0,1.0,1
q2,q2,/home/dy1013/sirius_multi-gpu/experiment/join_retention_runs/join_retention_20260630_075038/queries/q2/log_dir/sirius_2026-06-30.log,44,71,99,GPU_SCAN,SCAN,94,GPU_SCAN,PIPELINEABLE,2,1,0,0,0,0,0.0,1,13053623,3,318182184,0.318182184,0.0,0.0,219274
q2,q2,/home/dy1013/sirius_multi-gpu/experiment/join_retention_runs/join_retention_20260630_075038/queries/q2/log_dir/sirius_2026-06-30.log,45,72,101,PARTITION,PARTITION,82,PIPELINEABLE,PIPELINEABLE,2,1,1,13053623,3,318182184,0.318182184,1,13053623,3,318182184,0.318182184,1.0,1.0,1
q2,q2,/home/dy1013/sirius_multi-gpu/experiment/join_retention_runs/join_retention_20260630_075038/queries/q2/log_dir/sirius_2026-06-30.log,44,69,99,GPU_SCAN,SCAN,94,GPU_SCAN,PIPELINEABLE,0,1,0,0,0,0,0.0,1,22322611,3,544113672,0.544113672,0.0,0.0,224792
q2,q2,/home/dy1013/sirius_multi-gpu/experiment/join_retention_runs/join_retention_20260630_075038/queries/q2/log_dir/sirius_2026-06-30.log,45,73,101,PARTITION,PARTITION,82,PIPELINEABLE,PIPELINEABLE,0,1,1,22322611,3,544113672,0.544113672,1,22322611,3,544113672,0.544113672,1.0,1.0,1
q2,q2,/home/dy1013/sirius_multi-gpu/experiment/join_retention_runs/join_retention_20260630_075038/queries/q2/log_dir/sirius_2026-06-30.log,46,75,100,CONCAT,CONCAT,83,PARTITIONED,PARTITIONED,0,1,1,22322611,3,544113672,0.544113672,1,22322611,3,544113672,0.544113672,1.0,1.0,1
q2,q2,/home/dy1013/sirius_multi-gpu/experiment/join_retention_runs/join_retention_20260630_075038/queries/q2/log_dir/sirius_2026-06-30.log,46,74,100,CONCAT,CONCAT,83,PARTITIONED,PARTITIONED,0,1,1,13053623,3,318182184,0.318182184,1,13053623,3,318182184,0.318182184,1.0,1.0,1
q2,q2,/home/dy1013/sirius_multi-gpu/experiment/join_retention_runs/join_retention_20260630_075038/queries/q2/log_dir/sirius_2026-06-30.log,47,76,41,HASH_JOIN,JOIN,33,PARTITIONED,PIPELINEABLE,1,1,2,22370092,4,544493520,0.54449352,1,52568,4,1701952,0.001701952,0.003126,0.00235,6413
q2,q2,/home/dy1013/sirius_multi-gpu/experiment/join_retention_runs/join_retention_20260630_075038/queries/q2/log_dir/sirius_2026-06-30.log,48,77,103,PARTITION,PARTITION,82,PIPELINEABLE,PIPELINEABLE,1,1,1,52568,4,1701952,0.001701952,1,52568,4,1701952,0.001701952,1.0,1.0,5
q2,q2,/home/dy1013/sirius_multi-gpu/experiment/join_retention_runs/join_retention_20260630_075038/queries/q2/log_dir/sirius_2026-06-30.log,47,78,41,HASH_JOIN,JOIN,33,PARTITIONED,PIPELINEABLE,1,1,1,13053623,3,318182184,0.318182184,1,31076,4,1006144,0.001006144,0.003162,0.002381,3248
q2,q2,/home/dy1013/sirius_multi-gpu/experiment/join_retention_runs/join_retention_20260630_075038/queries/q2/log_dir/sirius_2026-06-30.log,48,79,103,PARTITION,PARTITION,82,PIPELINEABLE,PIPELINEABLE,1,1,1,31076,4,1006144,0.001006144,1,31076,4,1006144,0.001006144,1.0,1.0,4
q2,q2,/home/dy1013/sirius_multi-gpu/experiment/join_retention_runs/join_retention_20260630_075038/queries/q2/log_dir/sirius_2026-06-30.log,44,68,99,GPU_SCAN,SCAN,94,GPU_SCAN,PIPELINEABLE,3,1,0,0,0,0,0.0,1,22319127,3,544028904,0.544028904,0.0,0.0,344078
q2,q2,/home/dy1013/sirius_multi-gpu/experiment/join_retention_runs/join_retention_20260630_075038/queries/q2/log_dir/sirius_2026-06-30.log,44,70,99,GPU_SCAN,SCAN,94,GPU_SCAN,PIPELINEABLE,1,1,0,0,0,0,0.0,1,22304639,3,543675624,0.543675624,0.0,0.0,344228
q2,q2,/home/dy1013/sirius_multi-gpu/experiment/join_retention_runs/join_retention_20260630_075038/queries/q2/log_dir/sirius_2026-06-30.log,45,80,101,PARTITION,PARTITION,82,PIPELINEABLE,PIPELINEABLE,3,1,1,22319127,3,544028904,0.544028904,1,22319127,3,544028904,0.544028904,1.0,1.0,6
q2,q2,/home/dy1013/sirius_multi-gpu/experiment/join_retention_runs/join_retention_20260630_075038/queries/q2/log_dir/sirius_2026-06-30.log,45,81,101,PARTITION,PARTITION,82,PIPELINEABLE,PIPELINEABLE,1,1,1,22304639,3,543675624,0.543675624,1,22304639,3,543675624,0.543675624,1.0,1.0,5
q2,q2,/home/dy1013/sirius_multi-gpu/experiment/join_retention_runs/join_retention_20260630_075038/queries/q2/log_dir/sirius_2026-06-30.log,46,83,100,CONCAT,CONCAT,83,PARTITIONED,PARTITIONED,0,1,1,22304639,3,543675624,0.543675624,1,22304639,3,543675624,0.543675624,1.0,1.0,1
q2,q2,/home/dy1013/sirius_multi-gpu/experiment/join_retention_runs/join_retention_20260630_075038/queries/q2/log_dir/sirius_2026-06-30.log,46,82,100,CONCAT,CONCAT,83,PARTITIONED,PARTITIONED,0,1,1,22319127,3,544028904,0.544028904,1,22319127,3,544028904,0.544028904,1.0,1.0,1
q2,q2,/home/dy1013/sirius_multi-gpu/experiment/join_retention_runs/join_retention_20260630_075038/queries/q2/log_dir/sirius_2026-06-30.log,47,84,41,HASH_JOIN,JOIN,33,PARTITIONED,PIPELINEABLE,1,1,1,22304639,3,543675624,0.543675624,1,52724,4,1706944,0.001706944,0.00314,0.002364,15470
q2,q2,/home/dy1013/sirius_multi-gpu/experiment/join_retention_runs/join_retention_20260630_075038/queries/q2/log_dir/sirius_2026-06-30.log,48,86,103,PARTITION,PARTITION,82,PIPELINEABLE,PIPELINEABLE,1,1,1,52724,4,1706944,0.001706944,1,52724,4,1706944,0.001706944,1.0,1.0,5
q2,q2,/home/dy1013/sirius_multi-gpu/experiment/join_retention_runs/join_retention_20260630_075038/queries/q2/log_dir/sirius_2026-06-30.log,47,85,41,HASH_JOIN,JOIN,33,PARTITIONED,PIPELINEABLE,1,1,1,22319127,3,544028904,0.544028904,1,53556,4,1733952,0.001733952,0.003187,0.0024,5037
q2,q2,/home/dy1013/sirius_multi-gpu/experiment/join_retention_runs/join_retention_20260630_075038/queries/q2/log_dir/sirius_2026-06-30.log,48,87,103,PARTITION,PARTITION,82,PIPELINEABLE,PIPELINEABLE,1,1,1,53556,4,1733952,0.001733952,1,53556,4,1733952,0.001733952,1.0,1.0,5
q2,q2,/home/dy1013/sirius_multi-gpu/experiment/join_retention_runs/join_retention_20260630_075038/queries/q2/log_dir/sirius_2026-06-30.log,49,88,102,CONCAT,CONCAT,83,PARTITIONED,PARTITIONED,0,1,4,189924,16,6148992,0.006148992,1,189924,4,6077568,0.006077568,0.988384,1.0,194
q2,q2,/home/dy1013/sirius_multi-gpu/experiment/join_retention_runs/join_retention_20260630_075038/queries/q2/log_dir/sirius_2026-06-30.log,50,89,47,HASH_JOIN,JOIN,33,PARTITIONED,PIPELINEABLE,3,3,2,390459,7,9361392,0.009361392,1,64377,5,2084256,0.002084256,0.222644,0.164875,1027
q2,q2,/home/dy1013/sirius_multi-gpu/experiment/join_retention_runs/join_retention_20260630_075038/queries/q2/log_dir/sirius_2026-06-30.log,50,89,48,PROJECTION,PROJECTION,13,PIPELINEABLE,PIPELINEABLE,3,3,1,64377,5,2084256,0.002084256,1,64377,2,1030032,0.001030032,0.494196,1.0,46
q2,q2,/home/dy1013/sirius_multi-gpu/experiment/join_retention_runs/join_retention_20260630_075038/queries/q2/log_dir/sirius_2026-06-30.log,50,89,49,HASH_GROUP_BY,AGGREGATE,9,PIPELINEABLE,PIPELINEABLE,3,3,1,64377,2,1030032,0.001030032,1,47481,2,759696,0.000759696,0.737546,0.737546,15807
q2,q2,/home/dy1013/sirius_multi-gpu/experiment/join_retention_runs/join_retention_20260630_075038/queries/q2/log_dir/sirius_2026-06-30.log,51,90,104,PARTITION,PARTITION,82,PIPELINEABLE,PIPELINEABLE,3,1,1,47481,2,759696,0.000759696,1,47481,2,759696,0.000759696,1.0,1.0,6
q2,q2,/home/dy1013/sirius_multi-gpu/experiment/join_retention_runs/join_retention_20260630_075038/queries/q2/log_dir/sirius_2026-06-30.log,52,91,105,MERGE_GROUP_BY,AGGREGATE,85,PARTITIONED,PIPELINEABLE,0,1,1,47481,2,759696,0.000759696,1,47481,2,759696,0.000759696,1.0,1.0,5
q2,q2,/home/dy1013/sirius_multi-gpu/experiment/join_retention_runs/join_retention_20260630_075038/queries/q2/log_dir/sirius_2026-06-30.log,53,92,50,PROJECTION,PROJECTION,13,PIPELINEABLE,PIPELINEABLE,0,1,1,47481,2,759696,0.000759696,1,47481,2,759696,0.000759696,1.0,1.0,59
q2,q2,/home/dy1013/sirius_multi-gpu/experiment/join_retention_runs/join_retention_20260630_075038/queries/q2/log_dir/sirius_2026-06-30.log,54,93,107,PARTITION,PARTITION,82,PIPELINEABLE,PIPELINEABLE,0,1,1,47481,2,759696,0.000759696,1,47481,2,759696,0.000759696,1.0,1.0,5
q2,q2,/home/dy1013/sirius_multi-gpu/experiment/join_retention_runs/join_retention_20260630_075038/queries/q2/log_dir/sirius_2026-06-30.log,55,94,106,CONCAT,CONCAT,83,PARTITIONED,PARTITIONED,0,1,1,47481,2,759696,0.000759696,1,47481,2,759696,0.000759696,1.0,1.0,4
q2,q2,/home/dy1013/sirius_multi-gpu/experiment/join_retention_runs/join_retention_20260630_075038/queries/q2/log_dir/sirius_2026-06-30.log,56,97,109,PARTITION,PARTITION,82,PIPELINEABLE,PIPELINEABLE,2,1,1,17938,9,3436173,0.003436173,1,17938,9,3436173,0.003436173,1.0,1.0,2
q2,q2,/home/dy1013/sirius_multi-gpu/experiment/join_retention_runs/join_retention_20260630_075038/queries/q2/log_dir/sirius_2026-06-30.log,56,96,109,PARTITION,PARTITION,82,PIPELINEABLE,PIPELINEABLE,2,1,1,18055,9,3459838,0.003459838,1,18055,9,3459838,0.003459838,1.0,1.0,5
q2,q2,/home/dy1013/sirius_multi-gpu/experiment/join_retention_runs/join_retention_20260630_075038/queries/q2/log_dir/sirius_2026-06-30.log,56,95,109,PARTITION,PARTITION,82,PIPELINEABLE,PIPELINEABLE,2,1,1,10527,9,2018012,0.002018012,1,10527,9,2018012,0.002018012,1.0,1.0,6
q2,q2,/home/dy1013/sirius_multi-gpu/experiment/join_retention_runs/join_retention_20260630_075038/queries/q2/log_dir/sirius_2026-06-30.log,56,98,109,PARTITION,PARTITION,82,PIPELINEABLE,PIPELINEABLE,2,1,1,17857,9,3425784,0.003425784,1,17857,9,3425784,0.003425784,1.0,1.0,1
q2,q2,/home/dy1013/sirius_multi-gpu/experiment/join_retention_runs/join_retention_20260630_075038/queries/q2/log_dir/sirius_2026-06-30.log,57,99,108,CONCAT,CONCAT,83,PARTITIONED,PARTITIONED,0,1,4,64377,36,12339807,0.012339807,1,64377,9,12266007,0.012266007,0.994019,1.0,5399
q2,q2,/home/dy1013/sirius_multi-gpu/experiment/join_retention_runs/join_retention_20260630_075038/queries/q2/log_dir/sirius_2026-06-30.log,58,100,51,HASH_JOIN,JOIN,33,PARTITIONED,PIPELINEABLE,3,4,2,111858,11,13025703,0.013025703,1,64377,10,12789087,0.012789087,0.981835,0.575524,4716
q2,q2,/home/dy1013/sirius_multi-gpu/experiment/join_retention_runs/join_retention_20260630_075038/queries/q2/log_dir/sirius_2026-06-30.log,58,100,55,FILTER,FILTER,12,PIPELINEABLE,PIPELINEABLE,3,4,1,64377,10,12789087,0.012789087,1,47481,10,9433856,0.009433856,0.737649,0.737546,3501
q2,q2,/home/dy1013/sirius_multi-gpu/experiment/join_retention_runs/join_retention_20260630_075038/queries/q2/log_dir/sirius_2026-06-30.log,58,100,58,PROJECTION,PROJECTION,13,PIPELINEABLE,PIPELINEABLE,3,4,1,47481,10,9433856,0.009433856,1,47481,8,8668208,0.008668208,0.91884,1.0,185
q2,q2,/home/dy1013/sirius_multi-gpu/experiment/join_retention_runs/join_retention_20260630_075038/queries/q2/log_dir/sirius_2026-06-30.log,58,100,59,TOP_N,LIMIT,5,PIPELINEABLE,PIPELINEABLE,3,4,1,47481,8,8668208,0.008668208,1,100,8,17798,1.7798e-05,0.002053,0.002106,5394
q2,q2,/home/dy1013/sirius_multi-gpu/experiment/join_retention_runs/join_retention_20260630_075038/queries/q2/log_dir/sirius_2026-06-30.log,59,101,110,MERGE_TOP_N,LIMIT,86,PIPELINEABLE,PIPELINEABLE,3,1,1,100,8,17798,1.7798e-05,1,100,8,17798,1.7798e-05,1.0,1.0,3024
q2,q2,/home/dy1013/sirius_multi-gpu/experiment/join_retention_runs/join_retention_20260630_075038/queries/q2/log_dir/sirius_2026-06-30.log,60,102,60,RESULT_COLLECTOR,RESULT,76,PIPELINEABLE,PIPELINEABLE,3,1,1,100,8,17798,1.7798e-05,1,100,8,17798,1.7798e-05,1.0,1.0,5
q4,q4,/home/dy1013/sirius_multi-gpu/experiment/join_retention_runs/join_retention_20260630_075038/queries/q4/log_dir/sirius_2026-06-30.log,0,0,27,GPU_SCAN,SCAN,94,GPU_SCAN,PIPELINEABLE,0,2,0,0,0,0,0.0,1,2448350,2,50556408,0.050556408,0.0,0.0,268162
q4,q4,/home/dy1013/sirius_multi-gpu/experiment/join_retention_runs/join_retention_20260630_075038/queries/q4/log_dir/sirius_2026-06-30.log,0,0,21,LEFT_DELIM_JOIN,JOIN,37,PIPELINEABLE,PIPELINEABLE,0,2,1,2448350,2,50556408,0.050556408,1,2448350,2,50556408,0.050556408,1.0,1.0,1
q4,q4,/home/dy1013/sirius_multi-gpu/experiment/join_retention_runs/join_retention_20260630_075038/queries/q4/log_dir/sirius_2026-06-30.log,0,2,27,GPU_SCAN,SCAN,94,GPU_SCAN,PIPELINEABLE,2,2,0,0,0,0,0.0,1,840104,2,17351568,0.017351568,0.0,0.0,378244
q4,q4,/home/dy1013/sirius_multi-gpu/experiment/join_retention_runs/join_retention_20260630_075038/queries/q4/log_dir/sirius_2026-06-30.log,0,2,21,LEFT_DELIM_JOIN,JOIN,37,PIPELINEABLE,PIPELINEABLE,2,2,1,840104,2,17351568,0.017351568,1,840104,2,17351568,0.017351568,1.0,1.0,0
q4,q4,/home/dy1013/sirius_multi-gpu/experiment/join_retention_runs/join_retention_20260630_075038/queries/q4/log_dir/sirius_2026-06-30.log,0,1,27,GPU_SCAN,SCAN,94,GPU_SCAN,PIPELINEABLE,1,2,0,0,0,0,0.0,1,2450247,2,50602594,0.050602594,0.0,0.0,418563
q4,q4,/home/dy1013/sirius_multi-gpu/experiment/join_retention_runs/join_retention_20260630_075038/queries/q4/log_dir/sirius_2026-06-30.log,0,1,21,LEFT_DELIM_JOIN,JOIN,37,PIPELINEABLE,PIPELINEABLE,1,2,1,2450247,2,50602594,0.050602594,1,2450247,2,50602594,0.050602594,1.0,1.0,3
q4,q4,/home/dy1013/sirius_multi-gpu/experiment/join_retention_runs/join_retention_20260630_075038/queries/q4/log_dir/sirius_2026-06-30.log,1,3,28,PARTITION,PARTITION,82,PIPELINEABLE,PIPELINEABLE,0,1,1,2448350,1,19892848,0.019892848,1,2448350,1,19892848,0.019892848,1.0,1.0,2
q4,q4,/home/dy1013/sirius_multi-gpu/experiment/join_retention_runs/join_retention_20260630_075038/queries/q4/log_dir/sirius_2026-06-30.log,1,5,28,PARTITION,PARTITION,82,PIPELINEABLE,PIPELINEABLE,1,1,1,2450247,1,19908280,0.01990828,1,2450247,1,19908280,0.01990828,1.0,1.0,3
q4,q4,/home/dy1013/sirius_multi-gpu/experiment/join_retention_runs/join_retention_20260630_075038/queries/q4/log_dir/sirius_2026-06-30.log,1,4,28,PARTITION,PARTITION,82,PIPELINEABLE,PIPELINEABLE,2,1,1,840104,1,6825856,0.006825856,1,840104,1,6825856,0.006825856,1.0,1.0,3
q4,q4,/home/dy1013/sirius_multi-gpu/experiment/join_retention_runs/join_retention_20260630_075038/queries/q4/log_dir/sirius_2026-06-30.log,2,6,29,MERGE_GROUP_BY,AGGREGATE,85,PARTITIONED,PIPELINEABLE,0,1,3,5738701,3,46626984,0.046626984,1,5738701,1,45909608,0.045909608,0.984615,1.0,7737
q4,q4,/home/dy1013/sirius_multi-gpu/experiment/join_retention_runs/join_retention_20260630_075038/queries/q4/log_dir/sirius_2026-06-30.log,3,7,31,PARTITION,PARTITION,82,PIPELINEABLE,PIPELINEABLE,0,1,1,5738701,1,45909608,0.045909608,1,5738701,1,45909608,0.045909608,1.0,1.0,4
q4,q4,/home/dy1013/sirius_multi-gpu/experiment/join_retention_runs/join_retention_20260630_075038/queries/q4/log_dir/sirius_2026-06-30.log,4,8,30,CONCAT,CONCAT,83,PARTITIONED,PARTITIONED,0,1,1,5738701,1,45909608,0.045909608,1,5738701,1,45909608,0.045909608,1.0,1.0,1
q4,q4,/home/dy1013/sirius_multi-gpu/experiment/join_retention_runs/join_retention_20260630_075038/queries/q4/log_dir/sirius_2026-06-30.log,5,19,32,GPU_SCAN,SCAN,94,GPU_SCAN,PIPELINEABLE,1,3,0,0,0,0,0.0,1,47954617,3,785256976,0.785256976,0.0,0.0,243388
q4,q4,/home/dy1013/sirius_multi-gpu/experiment/join_retention_runs/join_retention_20260630_075038/queries/q4/log_dir/sirius_2026-06-30.log,5,19,15,FILTER,FILTER,12,PIPELINEABLE,PIPELINEABLE,1,3,1,47954617,3,785256976,0.785256976,1,30315947,3,496423664,0.496423664,0.63218,0.63218,25500
q4,q4,/home/dy1013/sirius_multi-gpu/experiment/join_retention_runs/join_retention_20260630_075038/queries/q4/log_dir/sirius_2026-06-30.log,5,19,16,PROJECTION,PROJECTION,13,PIPELINEABLE,PIPELINEABLE,1,3,1,30315947,3,496423664,0.496423664,1,30315947,1,246317080,0.24631708,0.496183,1.0,1564
q4,q4,/home/dy1013/sirius_multi-gpu/experiment/join_retention_runs/join_retention_20260630_075038/queries/q4/log_dir/sirius_2026-06-30.log,6,22,34,PARTITION,PARTITION,82,PIPELINEABLE,PIPELINEABLE,1,1,1,30315947,1,246317080,0.24631708,1,30315947,1,246317080,0.24631708,1.0,1.0,4
q4,q4,/home/dy1013/sirius_multi-gpu/experiment/join_retention_runs/join_retention_20260630_075038/queries/q4/log_dir/sirius_2026-06-30.log,5,20,32,GPU_SCAN,SCAN,94,GPU_SCAN,PIPELINEABLE,2,3,0,0,0,0,0.0,1,47953960,3,785246272,0.785246272,0.0,0.0,372434
q4,q4,/home/dy1013/sirius_multi-gpu/experiment/join_retention_runs/join_retention_20260630_075038/queries/q4/log_dir/sirius_2026-06-30.log,5,20,15,FILTER,FILTER,12,PIPELINEABLE,PIPELINEABLE,2,3,1,47953960,3,785246272,0.785246272,1,30318676,3,496468480,0.49646848,0.632246,0.632246,15647
q4,q4,/home/dy1013/sirius_multi-gpu/experiment/join_retention_runs/join_retention_20260630_075038/queries/q4/log_dir/sirius_2026-06-30.log,5,20,16,PROJECTION,PROJECTION,13,PIPELINEABLE,PIPELINEABLE,2,3,1,30318676,3,496468480,0.49646848,1,30318676,1,246339296,0.246339296,0.496183,1.0,5809
q4,q4,/home/dy1013/sirius_multi-gpu/experiment/join_retention_runs/join_retention_20260630_075038/queries/q4/log_dir/sirius_2026-06-30.log,6,23,34,PARTITION,PARTITION,82,PIPELINEABLE,PIPELINEABLE,2,1,1,30318676,1,246339296,0.246339296,1,30318676,1,246339296,0.246339296,1.0,1.0,5
q4,q4,/home/dy1013/sirius_multi-gpu/experiment/join_retention_runs/join_retention_20260630_075038/queries/q4/log_dir/sirius_2026-06-30.log,5,12,32,GPU_SCAN,SCAN,94,GPU_SCAN,PIPELINEABLE,2,3,0,0,0,0,0.0,1,47954121,3,785248848,0.785248848,0.0,0.0,651871
q4,q4,/home/dy1013/sirius_multi-gpu/experiment/join_retention_runs/join_retention_20260630_075038/queries/q4/log_dir/sirius_2026-06-30.log,5,9,32,GPU_SCAN,SCAN,94,GPU_SCAN,PIPELINEABLE,3,3,0,0,0,0,0.0,1,47953483,3,785238448,0.785238448,0.0,0.0,660861
q4,q4,/home/dy1013/sirius_multi-gpu/experiment/join_retention_runs/join_retention_20260630_075038/queries/q4/log_dir/sirius_2026-06-30.log,5,12,15,FILTER,FILTER,12,PIPELINEABLE,PIPELINEABLE,2,3,1,47954121,3,785248848,0.785248848,1,30316558,3,496433824,0.496433824,0.632199,0.632199,9161
q4,q4,/home/dy1013/sirius_multi-gpu/experiment/join_retention_runs/join_retention_20260630_075038/queries/q4/log_dir/sirius_2026-06-30.log,5,12,16,PROJECTION,PROJECTION,13,PIPELINEABLE,PIPELINEABLE,2,3,1,30316558,3,496433824,0.496433824,1,30316558,1,246322096,0.246322096,0.496183,1.0,1571
q4,q4,/home/dy1013/sirius_multi-gpu/experiment/join_retention_runs/join_retention_20260630_075038/queries/q4/log_dir/sirius_2026-06-30.log,6,24,34,PARTITION,PARTITION,82,PIPELINEABLE,PIPELINEABLE,2,1,1,30316558,1,246322096,0.246322096,1,30316558,1,246322096,0.246322096,1.0,1.0,1
q4,q4,/home/dy1013/sirius_multi-gpu/experiment/join_retention_runs/join_retention_20260630_075038/queries/q4/log_dir/sirius_2026-06-30.log,5,9,15,FILTER,FILTER,12,PIPELINEABLE,PIPELINEABLE,3,3,1,47953483,3,785238448,0.785238448,1,30321164,3,496509248,0.496509248,0.632304,0.632304,13108
q4,q4,/home/dy1013/sirius_multi-gpu/experiment/join_retention_runs/join_retention_20260630_075038/queries/q4/log_dir/sirius_2026-06-30.log,5,9,16,PROJECTION,PROJECTION,13,PIPELINEABLE,PIPELINEABLE,3,3,1,30321164,3,496509248,0.496509248,1,30321164,1,246359520,0.24635952,0.496183,1.0,1578
q4,q4,/home/dy1013/sirius_multi-gpu/experiment/join_retention_runs/join_retention_20260630_075038/queries/q4/log_dir/sirius_2026-06-30.log,6,27,34,PARTITION,PARTITION,82,PIPELINEABLE,PIPELINEABLE,3,1,1,30321164,1,246359520,0.24635952,1,30321164,1,246359520,0.24635952,1.0,1.0,1
q4,q4,/home/dy1013/sirius_multi-gpu/experiment/join_retention_runs/join_retention_20260630_075038/queries/q4/log_dir/sirius_2026-06-30.log,7,25,33,CONCAT,CONCAT,83,PARTITIONED,PARTITIONED,0,1,2,60634623,2,492656376,0.492656376,1,60634623,1,485076984,0.485076984,0.984615,1.0,10640
q4,q4,/home/dy1013/sirius_multi-gpu/experiment/join_retention_runs/join_retention_20260630_075038/queries/q4/log_dir/sirius_2026-06-30.log,7,26,33,CONCAT,CONCAT,83,PARTITIONED,PARTITIONED,0,1,1,30316558,1,246322096,0.246322096,1,30316558,1,246322096,0.246322096,1.0,1.0,1
q4,q4,/home/dy1013/sirius_multi-gpu/experiment/join_retention_runs/join_retention_20260630_075038/queries/q4/log_dir/sirius_2026-06-30.log,8,28,18,HASH_JOIN,JOIN,33,PARTITIONED,PIPELINEABLE,2,2,2,66373324,2,530986592,0.530986592,1,2317905,2,37086480,0.03708648,0.069844,0.034922,22385
q4,q4,/home/dy1013/sirius_multi-gpu/experiment/join_retention_runs/join_retention_20260630_075038/queries/q4/log_dir/sirius_2026-06-30.log,8,28,19,PROJECTION,PROJECTION,13,PIPELINEABLE,PIPELINEABLE,2,2,1,2317905,2,37086480,0.03708648,1,2317905,1,18543240,0.01854324,0.5,1.0,132
q4,q4,/home/dy1013/sirius_multi-gpu/experiment/join_retention_runs/join_retention_20260630_075038/queries/q4/log_dir/sirius_2026-06-30.log,8,29,18,HASH_JOIN,JOIN,33,PARTITIONED,PIPELINEABLE,2,2,1,30316558,1,246322096,0.246322096,1,1162000,2,18737280,0.01873728,0.076068,0.038329,8189
q4,q4,/home/dy1013/sirius_multi-gpu/experiment/join_retention_runs/join_retention_20260630_075038/queries/q4/log_dir/sirius_2026-06-30.log,8,29,19,PROJECTION,PROJECTION,13,PIPELINEABLE,PIPELINEABLE,2,2,1,1162000,2,18737280,0.01873728,1,1162000,1,9441280,0.00944128,0.503877,1.0,87
q4,q4,/home/dy1013/sirius_multi-gpu/experiment/join_retention_runs/join_retention_20260630_075038/queries/q4/log_dir/sirius_2026-06-30.log,5,14,32,GPU_SCAN,SCAN,94,GPU_SCAN,PIPELINEABLE,0,3,0,0,0,0,0.0,1,47954435,3,785254064,0.785254064,0.0,0.0,1084516
q4,q4,/home/dy1013/sirius_multi-gpu/experiment/join_retention_runs/join_retention_20260630_075038/queries/q4/log_dir/sirius_2026-06-30.log,5,14,15,FILTER,FILTER,12,PIPELINEABLE,PIPELINEABLE,0,3,1,47954435,3,785254064,0.785254064,1,30318840,3,496471104,0.496471104,0.632243,0.632243,12019
q4,q4,/home/dy1013/sirius_multi-gpu/experiment/join_retention_runs/join_retention_20260630_075038/queries/q4/log_dir/sirius_2026-06-30.log,5,14,16,PROJECTION,PROJECTION,13,PIPELINEABLE,PIPELINEABLE,0,3,1,30318840,3,496471104,0.496471104,1,30318840,1,246340608,0.246340608,0.496183,1.0,1571
q4,q4,/home/dy1013/sirius_multi-gpu/experiment/join_retention_runs/join_retention_20260630_075038/queries/q4/log_dir/sirius_2026-06-30.log,6,30,34,PARTITION,PARTITION,82,PIPELINEABLE,PIPELINEABLE,0,1,1,30318840,1,246340608,0.246340608,1,30318840,1,246340608,0.246340608,1.0,1.0,1
q4,q4,/home/dy1013/sirius_multi-gpu/experiment/join_retention_runs/join_retention_20260630_075038/queries/q4/log_dir/sirius_2026-06-30.log,5,11,32,GPU_SCAN,SCAN,94,GPU_SCAN,PIPELINEABLE,1,3,0,0,0,0,0.0,1,48043253,3,786708368,0.786708368,0.0,0.0,1127605
q4,q4,/home/dy1013/sirius_multi-gpu/experiment/join_retention_runs/join_retention_20260630_075038/queries/q4/log_dir/sirius_2026-06-30.log,5,11,15,FILTER,FILTER,12,PIPELINEABLE,PIPELINEABLE,1,3,1,48043253,3,786708368,0.786708368,1,30372107,3,497343344,0.497343344,0.632183,0.632183,5255
q4,q4,/home/dy1013/sirius_multi-gpu/experiment/join_retention_runs/join_retention_20260630_075038/queries/q4/log_dir/sirius_2026-06-30.log,5,11,16,PROJECTION,PROJECTION,13,PIPELINEABLE,PIPELINEABLE,1,3,1,30372107,3,497343344,0.497343344,1,30372107,1,246773400,0.2467734,0.496183,1.0,1567
q4,q4,/home/dy1013/sirius_multi-gpu/experiment/join_retention_runs/join_retention_20260630_075038/queries/q4/log_dir/sirius_2026-06-30.log,6,31,34,PARTITION,PARTITION,82,PIPELINEABLE,PIPELINEABLE,1,1,1,30372107,1,246773400,0.2467734,1,30372107,1,246773400,0.2467734,1.0,1.0,5
q4,q4,/home/dy1013/sirius_multi-gpu/experiment/join_retention_runs/join_retention_20260630_075038/queries/q4/log_dir/sirius_2026-06-30.log,7,33,33,CONCAT,CONCAT,83,PARTITIONED,PARTITIONED,0,1,1,30372107,1,246773400,0.2467734,1,30372107,1,246773400,0.2467734,1.0,1.0,1
q4,q4,/home/dy1013/sirius_multi-gpu/experiment/join_retention_runs/join_retention_20260630_075038/queries/q4/log_dir/sirius_2026-06-30.log,5,15,32,GPU_SCAN,SCAN,94,GPU_SCAN,PIPELINEABLE,1,3,0,0,0,0,0.0,1,47955780,3,785275968,0.785275968,0.0,0.0,1173914
q4,q4,/home/dy1013/sirius_multi-gpu/experiment/join_retention_runs/join_retention_20260630_075038/queries/q4/log_dir/sirius_2026-06-30.log,7,32,33,CONCAT,CONCAT,83,PARTITIONED,PARTITIONED,0,1,2,60640004,2,492700128,0.492700128,1,60640004,1,485120032,0.485120032,0.984615,1.0,10637
q4,q4,/home/dy1013/sirius_multi-gpu/experiment/join_retention_runs/join_retention_20260630_075038/queries/q4/log_dir/sirius_2026-06-30.log,5,13,32,GPU_SCAN,SCAN,94,GPU_SCAN,PIPELINEABLE,3,3,0,0,0,0,0.0,1,47953910,3,785245280,0.78524528,0.0,0.0,1182553
q4,q4,/home/dy1013/sirius_multi-gpu/experiment/join_retention_runs/join_retention_20260630_075038/queries/q4/log_dir/sirius_2026-06-30.log,5,15,15,FILTER,FILTER,12,PIPELINEABLE,PIPELINEABLE,1,3,1,47955780,3,785275968,0.785275968,1,30319339,3,496479280,0.49647928,0.632235,0.632235,8796
q4,q4,/home/dy1013/sirius_multi-gpu/experiment/join_retention_runs/join_retention_20260630_075038/queries/q4/log_dir/sirius_2026-06-30.log,5,15,16,PROJECTION,PROJECTION,13,PIPELINEABLE,PIPELINEABLE,1,3,1,30319339,3,496479280,0.49647928,1,30319339,1,246344664,0.246344664,0.496183,1.0,1566
q4,q4,/home/dy1013/sirius_multi-gpu/experiment/join_retention_runs/join_retention_20260630_075038/queries/q4/log_dir/sirius_2026-06-30.log,6,36,34,PARTITION,PARTITION,82,PIPELINEABLE,PIPELINEABLE,1,1,1,30319339,1,246344664,0.246344664,1,30319339,1,246344664,0.246344664,1.0,1.0,2
q4,q4,/home/dy1013/sirius_multi-gpu/experiment/join_retention_runs/join_retention_20260630_075038/queries/q4/log_dir/sirius_2026-06-30.log,5,13,15,FILTER,FILTER,12,PIPELINEABLE,PIPELINEABLE,3,3,1,47953910,3,785245280,0.78524528,1,30314270,3,496396256,0.496396256,0.632154,0.632154,9034
q4,q4,/home/dy1013/sirius_multi-gpu/experiment/join_retention_runs/join_retention_20260630_075038/queries/q4/log_dir/sirius_2026-06-30.log,5,13,16,PROJECTION,PROJECTION,13,PIPELINEABLE,PIPELINEABLE,3,3,1,30314270,3,496396256,0.496396256,1,30314270,1,246303472,0.246303472,0.496183,1.0,1581
q4,q4,/home/dy1013/sirius_multi-gpu/experiment/join_retention_runs/join_retention_20260630_075038/queries/q4/log_dir/sirius_2026-06-30.log,6,37,34,PARTITION,PARTITION,82,PIPELINEABLE,PIPELINEABLE,3,1,1,30314270,1,246303472,0.246303472,1,30314270,1,246303472,0.246303472,1.0,1.0,1
q4,q4,/home/dy1013/sirius_multi-gpu/experiment/join_retention_runs/join_retention_20260630_075038/queries/q4/log_dir/sirius_2026-06-30.log,8,34,18,HASH_JOIN,JOIN,33,PARTITIONED,PIPELINEABLE,2,2,1,30372107,1,246773400,0.2467734,1,1161084,2,18722496,0.018722496,0.075869,0.038229,12021
q4,q4,/home/dy1013/sirius_multi-gpu/experiment/join_retention_runs/join_retention_20260630_075038/queries/q4/log_dir/sirius_2026-06-30.log,8,34,19,PROJECTION,PROJECTION,13,PIPELINEABLE,PIPELINEABLE,2,2,1,1161084,2,18722496,0.018722496,1,1161084,1,9433824,0.009433824,0.503876,1.0,6466
q4,q4,/home/dy1013/sirius_multi-gpu/experiment/join_retention_runs/join_retention_20260630_075038/queries/q4/log_dir/sirius_2026-06-30.log,5,18,32,GPU_SCAN,SCAN,94,GPU_SCAN,PIPELINEABLE,0,3,0,0,0,0,0.0,1,47954945,3,785262416,0.785262416,0.0,0.0,1235272
q4,q4,/home/dy1013/sirius_multi-gpu/experiment/join_retention_runs/join_retention_20260630_075038/queries/q4/log_dir/sirius_2026-06-30.log,5,10,32,GPU_SCAN,SCAN,94,GPU_SCAN,PIPELINEABLE,0,3,0,0,0,0,0.0,1,48019416,3,786317952,0.786317952,0.0,0.0,1244617
q4,q4,/home/dy1013/sirius_multi-gpu/experiment/join_retention_runs/join_retention_20260630_075038/queries/q4/log_dir/sirius_2026-06-30.log,5,17,32,GPU_SCAN,SCAN,94,GPU_SCAN,PIPELINEABLE,3,3,0,0,0,0,0.0,1,47953885,3,785244880,0.78524488,0.0,0.0,1249508
q4,q4,/home/dy1013/sirius_multi-gpu/experiment/join_retention_runs/join_retention_20260630_075038/queries/q4/log_dir/sirius_2026-06-30.log,5,18,15,FILTER,FILTER,12,PIPELINEABLE,PIPELINEABLE,0,3,1,47954945,3,785262416,0.785262416,1,30315683,3,496419440,0.49641944,0.63217,0.63217,17084
q4,q4,/home/dy1013/sirius_multi-gpu/experiment/join_retention_runs/join_retention_20260630_075038/queries/q4/log_dir/sirius_2026-06-30.log,5,18,16,PROJECTION,PROJECTION,13,PIPELINEABLE,PIPELINEABLE,0,3,1,30315683,3,496419440,0.49641944,1,30315683,1,246314968,0.246314968,0.496183,1.0,1586
q4,q4,/home/dy1013/sirius_multi-gpu/experiment/join_retention_runs/join_retention_20260630_075038/queries/q4/log_dir/sirius_2026-06-30.log,6,38,34,PARTITION,PARTITION,82,PIPELINEABLE,PIPELINEABLE,0,1,1,30315683,1,246314968,0.246314968,1,30315683,1,246314968,0.246314968,1.0,1.0,6
q4,q4,/home/dy1013/sirius_multi-gpu/experiment/join_retention_runs/join_retention_20260630_075038/queries/q4/log_dir/sirius_2026-06-30.log,7,40,33,CONCAT,CONCAT,83,PARTITIONED,PARTITIONED,0,1,1,30315683,1,246314968,0.246314968,1,30315683,1,246314968,0.246314968,1.0,1.0,5
q4,q4,/home/dy1013/sirius_multi-gpu/experiment/join_retention_runs/join_retention_20260630_075038/queries/q4/log_dir/sirius_2026-06-30.log,5,10,15,FILTER,FILTER,12,PIPELINEABLE,PIPELINEABLE,0,3,1,48019416,3,786317952,0.786317952,1,30359385,3,497134992,0.497134992,0.632232,0.632231,24138
q4,q4,/home/dy1013/sirius_multi-gpu/experiment/join_retention_runs/join_retention_20260630_075038/queries/q4/log_dir/sirius_2026-06-30.log,5,10,16,PROJECTION,PROJECTION,13,PIPELINEABLE,PIPELINEABLE,0,3,1,30359385,3,497134992,0.497134992,1,30359385,1,246670024,0.246670024,0.496183,1.0,1574
q4,q4,/home/dy1013/sirius_multi-gpu/experiment/join_retention_runs/join_retention_20260630_075038/queries/q4/log_dir/sirius_2026-06-30.log,6,42,34,PARTITION,PARTITION,82,PIPELINEABLE,PIPELINEABLE,0,1,1,30359385,1,246670024,0.246670024,1,30359385,1,246670024,0.246670024,1.0,1.0,4
q4,q4,/home/dy1013/sirius_multi-gpu/experiment/join_retention_runs/join_retention_20260630_075038/queries/q4/log_dir/sirius_2026-06-30.log,5,17,15,FILTER,FILTER,12,PIPELINEABLE,PIPELINEABLE,3,3,1,47953885,3,785244880,0.78524488,1,30318031,3,496457776,0.496457776,0.632233,0.632233,22603
q4,q4,/home/dy1013/sirius_multi-gpu/experiment/join_retention_runs/join_retention_20260630_075038/queries/q4/log_dir/sirius_2026-06-30.log,5,17,16,PROJECTION,PROJECTION,13,PIPELINEABLE,PIPELINEABLE,3,3,1,30318031,3,496457776,0.496457776,1,30318031,1,246334008,0.246334008,0.496183,1.0,1600
q4,q4,/home/dy1013/sirius_multi-gpu/experiment/join_retention_runs/join_retention_20260630_075038/queries/q4/log_dir/sirius_2026-06-30.log,6,43,34,PARTITION,PARTITION,82,PIPELINEABLE,PIPELINEABLE,3,1,1,30318031,1,246334008,0.246334008,1,30318031,1,246334008,0.246334008,1.0,1.0,7
q4,q4,/home/dy1013/sirius_multi-gpu/experiment/join_retention_runs/join_retention_20260630_075038/queries/q4/log_dir/sirius_2026-06-30.log,5,21,32,GPU_SCAN,SCAN,94,GPU_SCAN,PIPELINEABLE,3,3,0,0,0,0,0.0,1,24431585,3,400067216,0.400067216,0.0,0.0,605904
q4,q4,/home/dy1013/sirius_multi-gpu/experiment/join_retention_runs/join_retention_20260630_075038/queries/q4/log_dir/sirius_2026-06-30.log,5,21,15,FILTER,FILTER,12,PIPELINEABLE,PIPELINEABLE,3,3,1,24431585,3,400067216,0.400067216,1,15446313,3,252933456,0.252933456,0.632227,0.632227,9987
q4,q4,/home/dy1013/sirius_multi-gpu/experiment/join_retention_runs/join_retention_20260630_075038/queries/q4/log_dir/sirius_2026-06-30.log,5,21,16,PROJECTION,PROJECTION,13,PIPELINEABLE,PIPELINEABLE,3,3,1,15446313,3,252933456,0.252933456,1,15446313,1,125501320,0.12550132,0.496183,1.0,10714
q4,q4,/home/dy1013/sirius_multi-gpu/experiment/join_retention_runs/join_retention_20260630_075038/queries/q4/log_dir/sirius_2026-06-30.log,6,44,34,PARTITION,PARTITION,82,PIPELINEABLE,PIPELINEABLE,3,1,1,15446313,1,125501320,0.12550132,1,15446313,1,125501320,0.12550132,1.0,1.0,1
q4,q4,/home/dy1013/sirius_multi-gpu/experiment/join_retention_runs/join_retention_20260630_075038/queries/q4/log_dir/sirius_2026-06-30.log,5,16,32,GPU_SCAN,SCAN,94,GPU_SCAN,PIPELINEABLE,2,3,0,0,0,0,0.0,1,47954512,3,785255296,0.785255296,0.0,0.0,1302698
q4,q4,/home/dy1013/sirius_multi-gpu/experiment/join_retention_runs/join_retention_20260630_075038/queries/q4/log_dir/sirius_2026-06-30.log,8,35,18,HASH_JOIN,JOIN,33,PARTITIONED,PIPELINEABLE,2,2,1,60640004,1,485120032,0.485120032,1,2318186,2,37090976,0.037090976,0.076457,0.038229,29839
q4,q4,/home/dy1013/sirius_multi-gpu/experiment/join_retention_runs/join_retention_20260630_075038/queries/q4/log_dir/sirius_2026-06-30.log,8,35,19,PROJECTION,PROJECTION,13,PIPELINEABLE,PIPELINEABLE,2,2,1,2318186,2,37090976,0.037090976,1,2318186,1,18545488,0.018545488,0.5,1.0,158
q4,q4,/home/dy1013/sirius_multi-gpu/experiment/join_retention_runs/join_retention_20260630_075038/queries/q4/log_dir/sirius_2026-06-30.log,7,39,33,CONCAT,CONCAT,83,PARTITIONED,PARTITIONED,0,1,2,60633609,2,492648136,0.492648136,1,60633609,1,485068872,0.485068872,0.984615,1.0,10692
q4,q4,/home/dy1013/sirius_multi-gpu/experiment/join_retention_runs/join_retention_20260630_075038/queries/q4/log_dir/sirius_2026-06-30.log,7,46,33,CONCAT,CONCAT,83,PARTITIONED,PARTITIONED,0,1,1,15446313,1,125501320,0.12550132,1,15446313,1,125501320,0.12550132,1.0,1.0,5
q4,q4,/home/dy1013/sirius_multi-gpu/experiment/join_retention_runs/join_retention_20260630_075038/queries/q4/log_dir/sirius_2026-06-30.log,7,45,33,CONCAT,CONCAT,83,PARTITIONED,PARTITIONED,0,1,2,60677416,2,493004032,0.493004032,1,60677416,1,485419328,0.485419328,0.984615,1.0,10674
q4,q4,/home/dy1013/sirius_multi-gpu/experiment/join_retention_runs/join_retention_20260630_075038/queries/q4/log_dir/sirius_2026-06-30.log,8,41,18,HASH_JOIN,JOIN,33,PARTITIONED,PIPELINEABLE,2,2,1,30315683,1,246314968,0.246314968,1,1163482,2,18761184,0.018761184,0.076167,0.038379,80967
q4,q4,/home/dy1013/sirius_multi-gpu/experiment/join_retention_runs/join_retention_20260630_075038/queries/q4/log_dir/sirius_2026-06-30.log,8,41,19,PROJECTION,PROJECTION,13,PIPELINEABLE,PIPELINEABLE,2,2,1,1163482,2,18761184,0.018761184,1,1163482,1,9453328,0.009453328,0.503877,1.0,86
q4,q4,/home/dy1013/sirius_multi-gpu/experiment/join_retention_runs/join_retention_20260630_075038/queries/q4/log_dir/sirius_2026-06-30.log,5,16,15,FILTER,FILTER,12,PIPELINEABLE,PIPELINEABLE,2,3,1,47954512,3,785255296,0.785255296,1,30320161,3,496492816,0.496492816,0.632269,0.632269,146363
q4,q4,/home/dy1013/sirius_multi-gpu/experiment/join_retention_runs/join_retention_20260630_075038/queries/q4/log_dir/sirius_2026-06-30.log,5,16,16,PROJECTION,PROJECTION,13,PIPELINEABLE,PIPELINEABLE,2,3,1,30320161,3,496492816,0.496492816,1,30320161,1,246351368,0.246351368,0.496183,1.0,1567
q4,q4,/home/dy1013/sirius_multi-gpu/experiment/join_retention_runs/join_retention_20260630_075038/queries/q4/log_dir/sirius_2026-06-30.log,6,50,34,PARTITION,PARTITION,82,PIPELINEABLE,PIPELINEABLE,2,1,1,30320161,1,246351368,0.246351368,1,30320161,1,246351368,0.246351368,1.0,1.0,6
q4,q4,/home/dy1013/sirius_multi-gpu/experiment/join_retention_runs/join_retention_20260630_075038/queries/q4/log_dir/sirius_2026-06-30.log,8,47,18,HASH_JOIN,JOIN,33,PARTITIONED,PIPELINEABLE,2,2,1,60633609,1,485068872,0.485068872,1,2323484,2,37175744,0.037175744,0.07664,0.03832,54348
q4,q4,/home/dy1013/sirius_multi-gpu/experiment/join_retention_runs/join_retention_20260630_075038/queries/q4/log_dir/sirius_2026-06-30.log,8,47,19,PROJECTION,PROJECTION,13,PIPELINEABLE,PIPELINEABLE,2,2,1,2323484,2,37175744,0.037175744,1,2323484,1,18587872,0.018587872,0.5,1.0,3053
q4,q4,/home/dy1013/sirius_multi-gpu/experiment/join_retention_runs/join_retention_20260630_075038/queries/q4/log_dir/sirius_2026-06-30.log,8,48,18,HASH_JOIN,JOIN,33,PARTITIONED,PIPELINEABLE,2,2,1,15446313,1,125501320,0.12550132,1,591083,2,9531248,0.009531248,0.075945,0.038267,109721
q4,q4,/home/dy1013/sirius_multi-gpu/experiment/join_retention_runs/join_retention_20260630_075038/queries/q4/log_dir/sirius_2026-06-30.log,7,51,33,CONCAT,CONCAT,83,PARTITIONED,PARTITIONED,0,1,1,30320161,1,246351368,0.246351368,1,30320161,1,246351368,0.246351368,1.0,1.0,1
q4,q4,/home/dy1013/sirius_multi-gpu/experiment/join_retention_runs/join_retention_20260630_075038/queries/q4/log_dir/sirius_2026-06-30.log,8,48,19,PROJECTION,PROJECTION,13,PIPELINEABLE,PIPELINEABLE,2,2,1,591083,2,9531248,0.009531248,1,591083,1,4802584,0.004802584,0.503878,1.0,334
q4,q4,/home/dy1013/sirius_multi-gpu/experiment/join_retention_runs/join_retention_20260630_075038/queries/q4/log_dir/sirius_2026-06-30.log,8,49,18,HASH_JOIN,JOIN,33,PARTITIONED,PIPELINEABLE,2,2,1,60677416,1,485419328,0.485419328,1,2323637,2,37178192,0.037178192,0.07659,0.038295,21512
q4,q4,/home/dy1013/sirius_multi-gpu/experiment/join_retention_runs/join_retention_20260630_075038/queries/q4/log_dir/sirius_2026-06-30.log,8,49,19,PROJECTION,PROJECTION,13,PIPELINEABLE,PIPELINEABLE,2,2,1,2323637,2,37178192,0.037178192,1,2323637,1,18589096,0.018589096,0.5,1.0,128
q4,q4,/home/dy1013/sirius_multi-gpu/experiment/join_retention_runs/join_retention_20260630_075038/queries/q4/log_dir/sirius_2026-06-30.log,8,52,18,HASH_JOIN,JOIN,33,PARTITIONED,PIPELINEABLE,2,2,1,30320161,1,246351368,0.246351368,1,1159879,2,18703088,0.018703088,0.07592,0.038254,8002
q4,q4,/home/dy1013/sirius_multi-gpu/experiment/join_retention_runs/join_retention_20260630_075038/queries/q4/log_dir/sirius_2026-06-30.log,8,52,19,PROJECTION,PROJECTION,13,PIPELINEABLE,PIPELINEABLE,2,2,1,1159879,2,18703088,0.018703088,1,1159879,1,9424056,0.009424056,0.503877,1.0,77
q4,q4,/home/dy1013/sirius_multi-gpu/experiment/join_retention_runs/join_retention_20260630_075038/queries/q4/log_dir/sirius_2026-06-30.log,9,54,36,PARTITION,PARTITION,82,PIPELINEABLE,PIPELINEABLE,2,1,1,1162000,1,9441280,0.00944128,4,1162000,4,9296000,0.009296,0.984612,1.0,7548
q4,q4,/home/dy1013/sirius_multi-gpu/experiment/join_retention_runs/join_retention_20260630_075038/queries/q4/log_dir/sirius_2026-06-30.log,9,53,36,PARTITION,PARTITION,82,PIPELINEABLE,PIPELINEABLE,2,1,1,2317905,1,18543240,0.01854324,4,2317905,4,18543240,0.01854324,1.0,1.0,7600
q4,q4,/home/dy1013/sirius_multi-gpu/experiment/join_retention_runs/join_retention_20260630_075038/queries/q4/log_dir/sirius_2026-06-30.log,9,55,36,PARTITION,PARTITION,82,PIPELINEABLE,PIPELINEABLE,2,1,1,1161084,1,9433824,0.009433824,4,1161084,4,9288672,0.009288672,0.984614,1.0,7356
q4,q4,/home/dy1013/sirius_multi-gpu/experiment/join_retention_runs/join_retention_20260630_075038/queries/q4/log_dir/sirius_2026-06-30.log,9,56,36,PARTITION,PARTITION,82,PIPELINEABLE,PIPELINEABLE,2,1,1,2318186,1,18545488,0.018545488,4,2318186,4,18545488,0.018545488,1.0,1.0,7434
q4,q4,/home/dy1013/sirius_multi-gpu/experiment/join_retention_runs/join_retention_20260630_075038/queries/q4/log_dir/sirius_2026-06-30.log,9,58,36,PARTITION,PARTITION,82,PIPELINEABLE,PIPELINEABLE,2,1,1,2323484,1,18587872,0.018587872,4,2323484,4,18587872,0.018587872,1.0,1.0,3649
q4,q4,/home/dy1013/sirius_multi-gpu/experiment/join_retention_runs/join_retention_20260630_075038/queries/q4/log_dir/sirius_2026-06-30.log,9,60,36,PARTITION,PARTITION,82,PIPELINEABLE,PIPELINEABLE,2,1,1,2323637,1,18589096,0.018589096,4,2323637,4,18589096,0.018589096,1.0,1.0,3869
q4,q4,/home/dy1013/sirius_multi-gpu/experiment/join_retention_runs/join_retention_20260630_075038/queries/q4/log_dir/sirius_2026-06-30.log,9,57,36,PARTITION,PARTITION,82,PIPELINEABLE,PIPELINEABLE,2,1,1,1163482,1,9453328,0.009453328,4,1163482,4,9307856,0.009307856,0.984612,1.0,4151
q4,q4,/home/dy1013/sirius_multi-gpu/experiment/join_retention_runs/join_retention_20260630_075038/queries/q4/log_dir/sirius_2026-06-30.log,9,59,36,PARTITION,PARTITION,82,PIPELINEABLE,PIPELINEABLE,2,1,1,591083,1,4802584,0.004802584,4,591083,4,4728664,0.004728664,0.984608,1.0,4129
q4,q4,/home/dy1013/sirius_multi-gpu/experiment/join_retention_runs/join_retention_20260630_075038/queries/q4/log_dir/sirius_2026-06-30.log,9,61,36,PARTITION,PARTITION,82,PIPELINEABLE,PIPELINEABLE,2,1,1,1159879,1,9424056,0.009424056,4,1159879,4,9279032,0.009279032,0.984611,1.0,1045
q4,q4,/home/dy1013/sirius_multi-gpu/experiment/join_retention_runs/join_retention_20260630_075038/queries/q4/log_dir/sirius_2026-06-30.log,10,64,35,CONCAT,CONCAT,83,PARTITIONED,PARTITIONED,2,1,9,3631774,9,29054192,0.029054192,1,3631774,1,29054192,0.029054192,1.0,1.0,2113
q4,q4,/home/dy1013/sirius_multi-gpu/experiment/join_retention_runs/join_retention_20260630_075038/queries/q4/log_dir/sirius_2026-06-30.log,10,65,35,CONCAT,CONCAT,83,PARTITIONED,PARTITIONED,3,1,9,3631638,9,29053104,0.029053104,1,3631638,1,29053104,0.029053104,1.0,1.0,1820
q4,q4,/home/dy1013/sirius_multi-gpu/experiment/join_retention_runs/join_retention_20260630_075038/queries/q4/log_dir/sirius_2026-06-30.log,10,62,35,CONCAT,CONCAT,83,PARTITIONED,PARTITIONED,0,1,9,3630850,9,29046800,0.0290468,1,3630850,1,29046800,0.0290468,1.0,1.0,1301
q4,q4,/home/dy1013/sirius_multi-gpu/experiment/join_retention_runs/join_retention_20260630_075038/queries/q4/log_dir/sirius_2026-06-30.log,10,63,35,CONCAT,CONCAT,83,PARTITIONED,PARTITIONED,1,1,9,3626478,9,29011824,0.029011824,1,3626478,1,29011824,0.029011824,1.0,1.0,1269
q4,q4,/home/dy1013/sirius_multi-gpu/experiment/join_retention_runs/join_retention_20260630_075038/queries/q4/log_dir/sirius_2026-06-30.log,11,67,38,PARTITION,PARTITION,82,PIPELINEABLE,PIPELINEABLE,2,1,1,840104,2,17351568,0.017351568,4,840104,8,17246684,0.017246684,0.993955,1.0,5765
q4,q4,/home/dy1013/sirius_multi-gpu/experiment/join_retention_runs/join_retention_20260630_075038/queries/q4/log_dir/sirius_2026-06-30.log,11,68,38,PARTITION,PARTITION,82,PIPELINEABLE,PIPELINEABLE,1,1,1,2450247,2,50602594,0.050602594,4,2450247,8,50296366,0.050296366,0.993948,1.0,6471
q4,q4,/home/dy1013/sirius_multi-gpu/experiment/join_retention_runs/join_retention_20260630_075038/queries/q4/log_dir/sirius_2026-06-30.log,11,66,38,PARTITION,PARTITION,82,PIPELINEABLE,PIPELINEABLE,0,1,1,2448350,2,50556408,0.050556408,4,2448350,8,50250500,0.0502505,0.993949,1.0,6516
q4,q4,/home/dy1013/sirius_multi-gpu/experiment/join_retention_runs/join_retention_20260630_075038/queries/q4/log_dir/sirius_2026-06-30.log,12,70,37,CONCAT,CONCAT,83,PARTITIONED,PARTITIONED,1,1,3,1433430,6,29425892,0.029425892,1,1433430,2,29246556,0.029246556,0.993906,1.0,1606
q4,q4,/home/dy1013/sirius_multi-gpu/experiment/join_retention_runs/join_retention_20260630_075038/queries/q4/log_dir/sirius_2026-06-30.log,12,69,37,CONCAT,CONCAT,83,PARTITIONED,PARTITIONED,0,1,3,1435165,6,29462072,0.029462072,1,1435165,2,29282544,0.029282544,0.993906,1.0,1755
q4,q4,/home/dy1013/sirius_multi-gpu/experiment/join_retention_runs/join_retention_20260630_075038/queries/q4/log_dir/sirius_2026-06-30.log,12,72,37,CONCAT,CONCAT,83,PARTITIONED,PARTITIONED,3,1,3,1435294,6,29456311,0.029456311,1,1435294,2,29276847,0.029276847,0.993907,1.0,1736
q4,q4,/home/dy1013/sirius_multi-gpu/experiment/join_retention_runs/join_retention_20260630_075038/queries/q4/log_dir/sirius_2026-06-30.log,12,71,37,CONCAT,CONCAT,83,PARTITIONED,PARTITIONED,2,1,3,1434812,6,29449275,0.029449275,1,1434812,2,29269875,0.029269875,0.993908,1.0,1635
q4,q4,/home/dy1013/sirius_multi-gpu/experiment/join_retention_runs/join_retention_20260630_075038/queries/q4/log_dir/sirius_2026-06-30.log,13,75,20,HASH_JOIN,JOIN,33,PARTITIONED,PIPELINEABLE,2,2,2,5066586,3,58324067,0.058324067,1,1315725,1,16314317,0.016314317,0.279718,0.259687,18400
q4,q4,/home/dy1013/sirius_multi-gpu/experiment/join_retention_runs/join_retention_20260630_075038/queries/q4/log_dir/sirius_2026-06-30.log,13,76,20,HASH_JOIN,JOIN,33,PARTITIONED,PIPELINEABLE,3,2,2,5066932,3,58329951,0.058329951,1,1316241,1,16320111,0.016320111,0.27979,0.259771,18480
q4,q4,/home/dy1013/sirius_multi-gpu/experiment/join_retention_runs/join_retention_20260630_075038/queries/q4/log_dir/sirius_2026-06-30.log,13,73,20,HASH_JOIN,JOIN,33,PARTITIONED,PIPELINEABLE,0,2,2,5066015,3,58329344,0.058329344,1,1316048,1,16322735,0.016322735,0.279837,0.25978,18704
q4,q4,/home/dy1013/sirius_multi-gpu/experiment/join_retention_runs/join_retention_20260630_075038/queries/q4/log_dir/sirius_2026-06-30.log,13,74,20,HASH_JOIN,JOIN,33,PARTITIONED,PIPELINEABLE,1,2,2,5059908,3,58258380,0.05825838,1,1314151,1,16301277,0.016301277,0.27981,0.259718,19141
q4,q4,/home/dy1013/sirius_multi-gpu/experiment/join_retention_runs/join_retention_20260630_075038/queries/q4/log_dir/sirius_2026-06-30.log,13,74,24,HASH_GROUP_BY,AGGREGATE,9,PIPELINEABLE,PIPELINEABLE,1,2,1,1314151,1,16301277,0.016301277,1,5,2,106,1.06e-07,7e-06,4e-06,27091
q4,q4,/home/dy1013/sirius_multi-gpu/experiment/join_retention_runs/join_retention_20260630_075038/queries/q4/log_dir/sirius_2026-06-30.log,13,73,24,HASH_GROUP_BY,AGGREGATE,9,PIPELINEABLE,PIPELINEABLE,0,2,1,1316048,1,16322735,0.016322735,1,5,2,106,1.06e-07,6e-06,4e-06,32104
q4,q4,/home/dy1013/sirius_multi-gpu/experiment/join_retention_runs/join_retention_20260630_075038/queries/q4/log_dir/sirius_2026-06-30.log,13,76,24,HASH_GROUP_BY,AGGREGATE,9,PIPELINEABLE,PIPELINEABLE,3,2,1,1316241,1,16320111,0.016320111,1,5,2,106,1.06e-07,6e-06,4e-06,32303
q4,q4,/home/dy1013/sirius_multi-gpu/experiment/join_retention_runs/join_retention_20260630_075038/queries/q4/log_dir/sirius_2026-06-30.log,13,75,24,HASH_GROUP_BY,AGGREGATE,9,PIPELINEABLE,PIPELINEABLE,2,2,1,1315725,1,16314317,0.016314317,1,5,2,106,1.06e-07,6e-06,4e-06,32461
q4,q4,/home/dy1013/sirius_multi-gpu/experiment/join_retention_runs/join_retention_20260630_075038/queries/q4/log_dir/sirius_2026-06-30.log,14,78,39,PARTITION,PARTITION,82,PIPELINEABLE,PIPELINEABLE,0,1,1,5,2,106,1.06e-07,1,5,2,106,1.06e-07,1.0,1.0,2
q4,q4,/home/dy1013/sirius_multi-gpu/experiment/join_retention_runs/join_retention_20260630_075038/queries/q4/log_dir/sirius_2026-06-30.log,14,80,39,PARTITION,PARTITION,82,PIPELINEABLE,PIPELINEABLE,2,1,1,5,2,106,1.06e-07,1,5,2,106,1.06e-07,1.0,1.0,1
q4,q4,/home/dy1013/sirius_multi-gpu/experiment/join_retention_runs/join_retention_20260630_075038/queries/q4/log_dir/sirius_2026-06-30.log,14,79,39,PARTITION,PARTITION,82,PIPELINEABLE,PIPELINEABLE,3,1,1,5,2,106,1.06e-07,1,5,2,106,1.06e-07,1.0,1.0,4
q4,q4,/home/dy1013/sirius_multi-gpu/experiment/join_retention_runs/join_retention_20260630_075038/queries/q4/log_dir/sirius_2026-06-30.log,14,77,39,PARTITION,PARTITION,82,PIPELINEABLE,PIPELINEABLE,1,1,1,5,2,106,1.06e-07,1,5,2,106,1.06e-07,1.0,1.0,7
q4,q4,/home/dy1013/sirius_multi-gpu/experiment/join_retention_runs/join_retention_20260630_075038/queries/q4/log_dir/sirius_2026-06-30.log,15,81,40,MERGE_GROUP_BY,AGGREGATE,85,PARTITIONED,PIPELINEABLE,0,1,4,20,8,424,4.24e-07,1,5,2,106,1.06e-07,0.25,0.25,1099
q4,q4,/home/dy1013/sirius_multi-gpu/experiment/join_retention_runs/join_retention_20260630_075038/queries/q4/log_dir/sirius_2026-06-30.log,16,82,25,ORDER_BY,SORT,1,PIPELINEABLE,PIPELINEABLE,0,1,1,5,2,106,1.06e-07,1,5,2,106,1.06e-07,1.0,1.0,12038
q4,q4,/home/dy1013/sirius_multi-gpu/experiment/join_retention_runs/join_retention_20260630_075038/queries/q4/log_dir/sirius_2026-06-30.log,17,83,41,SORT_SAMPLE,SORT,89,PIPELINEABLE,PIPELINEABLE,0,2,1,5,2,106,1.06e-07,1,5,2,106,1.06e-07,1.0,1.0,270
q4,q4,/home/dy1013/sirius_multi-gpu/experiment/join_retention_runs/join_retention_20260630_075038/queries/q4/log_dir/sirius_2026-06-30.log,17,83,42,SORT_PARTITION,SORT,88,PIPELINEABLE,PIPELINEABLE,0,2,1,5,2,106,1.06e-07,3,5,6,114,1.14e-07,1.075472,1.0,3169
q4,q4,/home/dy1013/sirius_multi-gpu/experiment/join_retention_runs/join_retention_20260630_075038/queries/q4/log_dir/sirius_2026-06-30.log,18,84,43,MERGE_SORT,SORT,84,PIPELINEABLE,PIPELINEABLE,0,1,3,5,6,114,1.14e-07,1,5,2,106,1.06e-07,0.929825,1.0,4725
q4,q4,/home/dy1013/sirius_multi-gpu/experiment/join_retention_runs/join_retention_20260630_075038/queries/q4/log_dir/sirius_2026-06-30.log,19,85,26,RESULT_COLLECTOR,RESULT,76,PIPELINEABLE,PIPELINEABLE,0,1,1,5,2,106,1.06e-07,1,5,2,106,1.06e-07,1.0,1.0,6
q5,q5,/home/dy1013/sirius_multi-gpu/experiment/join_retention_runs/join_retention_20260630_075038/queries/q5/log_dir/sirius_2026-06-30.log,0,0,29,GPU_SCAN,SCAN,94,GPU_SCAN,PIPELINEABLE,3,1,0,0,0,0,0.0,1,1,1,68,6.8e-08,0.0,0.0,39116
q5,q5,/home/dy1013/sirius_multi-gpu/experiment/join_retention_runs/join_retention_20260630_075038/queries/q5/log_dir/sirius_2026-06-30.log,1,1,31,PARTITION,PARTITION,82,PIPELINEABLE,PIPELINEABLE,3,1,1,1,1,68,6.8e-08,1,1,1,68,6.8e-08,1.0,1.0,3
q5,q5,/home/dy1013/sirius_multi-gpu/experiment/join_retention_runs/join_retention_20260630_075038/queries/q5/log_dir/sirius_2026-06-30.log,2,2,30,CONCAT,CONCAT,83,PARTITIONED,PARTITIONED,0,1,1,1,1,68,6.8e-08,1,1,1,68,6.8e-08,1.0,1.0,0
q5,q5,/home/dy1013/sirius_multi-gpu/experiment/join_retention_runs/join_retention_20260630_075038/queries/q5/log_dir/sirius_2026-06-30.log,3,3,32,GPU_SCAN,SCAN,94,GPU_SCAN,PIPELINEABLE,0,1,0,0,0,0,0.0,1,25,3,673,6.73e-07,0.0,0.0,11347
q5,q5,/home/dy1013/sirius_multi-gpu/experiment/join_retention_runs/join_retention_20260630_075038/queries/q5/log_dir/sirius_2026-06-30.log,4,4,34,PARTITION,PARTITION,82,PIPELINEABLE,PIPELINEABLE,0,1,1,25,3,673,6.73e-07,1,25,3,673,6.73e-07,1.0,1.0,2
q5,q5,/home/dy1013/sirius_multi-gpu/experiment/join_retention_runs/join_retention_20260630_075038/queries/q5/log_dir/sirius_2026-06-30.log,5,5,33,CONCAT,CONCAT,83,PARTITIONED,PARTITIONED,0,1,1,25,3,673,6.73e-07,1,25,3,673,6.73e-07,1.0,1.0,3
q5,q5,/home/dy1013/sirius_multi-gpu/experiment/join_retention_runs/join_retention_20260630_075038/queries/q5/log_dir/sirius_2026-06-30.log,6,6,19,HASH_JOIN,JOIN,33,PARTITIONED,PIPELINEABLE,3,1,2,26,4,741,7.41e-07,1,5,3,296,2.96e-07,0.39946,0.192308,6547
q5,q5,/home/dy1013/sirius_multi-gpu/experiment/join_retention_runs/join_retention_20260630_075038/queries/q5/log_dir/sirius_2026-06-30.log,7,7,36,PARTITION,PARTITION,82,PIPELINEABLE,PIPELINEABLE,3,1,1,5,3,296,2.96e-07,1,5,3,296,2.96e-07,1.0,1.0,3
q5,q5,/home/dy1013/sirius_multi-gpu/experiment/join_retention_runs/join_retention_20260630_075038/queries/q5/log_dir/sirius_2026-06-30.log,8,8,35,CONCAT,CONCAT,83,PARTITIONED,PARTITIONED,0,1,1,5,3,296,2.96e-07,1,5,3,296,2.96e-07,1.0,1.0,0
q5,q5,/home/dy1013/sirius_multi-gpu/experiment/join_retention_runs/join_retention_20260630_075038/queries/q5/log_dir/sirius_2026-06-30.log,9,9,37,GPU_SCAN,SCAN,94,GPU_SCAN,PIPELINEABLE,2,1,0,0,0,0,0.0,1,15000000,2,183750016,0.183750016,0.0,0.0,51521
q5,q5,/home/dy1013/sirius_multi-gpu/experiment/join_retention_runs/join_retention_20260630_075038/queries/q5/log_dir/sirius_2026-06-30.log,10,10,39,PARTITION,PARTITION,82,PIPELINEABLE,PIPELINEABLE,2,1,1,15000000,2,183750016,0.183750016,1,15000000,2,183750016,0.183750016,1.0,1.0,3
q5,q5,/home/dy1013/sirius_multi-gpu/experiment/join_retention_runs/join_retention_20260630_075038/queries/q5/log_dir/sirius_2026-06-30.log,11,11,38,CONCAT,CONCAT,83,PARTITIONED,PARTITIONED,0,1,1,15000000,2,183750016,0.183750016,1,15000000,2,183750016,0.183750016,1.0,1.0,1
q5,q5,/home/dy1013/sirius_multi-gpu/experiment/join_retention_runs/join_retention_20260630_075038/queries/q5/log_dir/sirius_2026-06-30.log,12,12,20,HASH_JOIN,JOIN,33,PARTITIONED,PIPELINEABLE,0,1,2,15000005,5,183750312,0.183750312,1,2998599,3,73086392,0.073086392,0.397748,0.199907,9483
q5,q5,/home/dy1013/sirius_multi-gpu/experiment/join_retention_runs/join_retention_20260630_075038/queries/q5/log_dir/sirius_2026-06-30.log,13,13,41,PARTITION,PARTITION,82,PIPELINEABLE,PIPELINEABLE,0,1,1,2998599,3,73086392,0.073086392,4,2998599,12,72336836,0.072336836,0.989744,1.0,13127
q5,q5,/home/dy1013/sirius_multi-gpu/experiment/join_retention_runs/join_retention_20260630_075038/queries/q5/log_dir/sirius_2026-06-30.log,14,14,40,CONCAT,CONCAT,83,PARTITIONED,PARTITIONED,0,1,1,749282,3,18074894,0.018074894,1,749282,3,18074894,0.018074894,1.0,1.0,3
q5,q5,/home/dy1013/sirius_multi-gpu/experiment/join_retention_runs/join_retention_20260630_075038/queries/q5/log_dir/sirius_2026-06-30.log,14,16,40,CONCAT,CONCAT,83,PARTITIONED,PARTITIONED,2,1,1,748909,3,18068132,0.018068132,1,748909,3,18068132,0.018068132,1.0,1.0,3
q5,q5,/home/dy1013/sirius_multi-gpu/experiment/join_retention_runs/join_retention_20260630_075038/queries/q5/log_dir/sirius_2026-06-30.log,14,15,40,CONCAT,CONCAT,83,PARTITIONED,PARTITIONED,1,1,1,750161,3,18094023,0.018094023,1,750161,3,18094023,0.018094023,1.0,1.0,2
q5,q5,/home/dy1013/sirius_multi-gpu/experiment/join_retention_runs/join_retention_20260630_075038/queries/q5/log_dir/sirius_2026-06-30.log,14,17,40,CONCAT,CONCAT,83,PARTITIONED,PARTITIONED,3,1,1,750247,3,18099787,0.018099787,1,750247,3,18099787,0.018099787,1.0,1.0,1
q5,q5,/home/dy1013/sirius_multi-gpu/experiment/join_retention_runs/join_retention_20260630_075038/queries/q5/log_dir/sirius_2026-06-30.log,15,18,42,GPU_SCAN,SCAN,94,GPU_SCAN,PIPELINEABLE,0,1,0,0,0,0,0.0,1,5091376,2,82734976,0.082734976,0.0,0.0,260126
q5,q5,/home/dy1013/sirius_multi-gpu/experiment/join_retention_runs/join_retention_20260630_075038/queries/q5/log_dir/sirius_2026-06-30.log,16,23,44,PARTITION,PARTITION,82,PIPELINEABLE,PIPELINEABLE,0,1,1,5091376,2,82734976,0.082734976,4,5091376,8,81462016,0.081462016,0.984614,1.0,4984
q5,q5,/home/dy1013/sirius_multi-gpu/experiment/join_retention_runs/join_retention_20260630_075038/queries/q5/log_dir/sirius_2026-06-30.log,15,20,42,GPU_SCAN,SCAN,94,GPU_SCAN,PIPELINEABLE,2,1,0,0,0,0,0.0,1,5081816,2,82579584,0.082579584,0.0,0.0,656048
q5,q5,/home/dy1013/sirius_multi-gpu/experiment/join_retention_runs/join_retention_20260630_075038/queries/q5/log_dir/sirius_2026-06-30.log,16,24,44,PARTITION,PARTITION,82,PIPELINEABLE,PIPELINEABLE,2,1,1,5081816,2,82579584,0.082579584,4,5081816,8,81309056,0.081309056,0.984615,1.0,8325
q5,q5,/home/dy1013/sirius_multi-gpu/experiment/join_retention_runs/join_retention_20260630_075038/queries/q5/log_dir/sirius_2026-06-30.log,15,22,42,GPU_SCAN,SCAN,94,GPU_SCAN,PIPELINEABLE,0,1,0,0,0,0,0.0,1,2419115,2,39310640,0.03931064,0.0,0.0,670645
q5,q5,/home/dy1013/sirius_multi-gpu/experiment/join_retention_runs/join_retention_20260630_075038/queries/q5/log_dir/sirius_2026-06-30.log,15,21,42,GPU_SCAN,SCAN,94,GPU_SCAN,PIPELINEABLE,3,1,0,0,0,0,0.0,1,5085389,2,82637648,0.082637648,0.0,0.0,678824
q5,q5,/home/dy1013/sirius_multi-gpu/experiment/join_retention_runs/join_retention_20260630_075038/queries/q5/log_dir/sirius_2026-06-30.log,16,25,44,PARTITION,PARTITION,82,PIPELINEABLE,PIPELINEABLE,0,1,1,2419115,2,39310640,0.03931064,4,2419115,8,38705840,0.03870584,0.984615,1.0,16740
q5,q5,/home/dy1013/sirius_multi-gpu/experiment/join_retention_runs/join_retention_20260630_075038/queries/q5/log_dir/sirius_2026-06-30.log,16,26,44,PARTITION,PARTITION,82,PIPELINEABLE,PIPELINEABLE,3,1,1,5085389,2,82637648,0.082637648,4,5085389,8,81366224,0.081366224,0.984614,1.0,11999
q5,q5,/home/dy1013/sirius_multi-gpu/experiment/join_retention_runs/join_retention_20260630_075038/queries/q5/log_dir/sirius_2026-06-30.log,15,19,42,GPU_SCAN,SCAN,94,GPU_SCAN,PIPELINEABLE,1,1,0,0,0,0,0.0,1,5083119,2,82600688,0.082600688,0.0,0.0,693411
q5,q5,/home/dy1013/sirius_multi-gpu/experiment/join_retention_runs/join_retention_20260630_075038/queries/q5/log_dir/sirius_2026-06-30.log,16,27,44,PARTITION,PARTITION,82,PIPELINEABLE,PIPELINEABLE,1,1,1,5083119,2,82600688,0.082600688,4,5083119,8,81329904,0.081329904,0.984615,1.0,6855
q5,q5,/home/dy1013/sirius_multi-gpu/experiment/join_retention_runs/join_retention_20260630_075038/queries/q5/log_dir/sirius_2026-06-30.log,17,28,43,CONCAT,CONCAT,83,PARTITIONED,PARTITIONED,0,1,5,5696110,10,91137760,0.09113776,1,5696110,2,91137760,0.09113776,1.0,1.0,3562
q5,q5,/home/dy1013/sirius_multi-gpu/experiment/join_retention_runs/join_retention_20260630_075038/queries/q5/log_dir/sirius_2026-06-30.log,17,30,43,CONCAT,CONCAT,83,PARTITIONED,PARTITIONED,2,1,5,5687826,10,91005216,0.091005216,1,5687826,2,91005216,0.091005216,1.0,1.0,3625
q5,q5,/home/dy1013/sirius_multi-gpu/experiment/join_retention_runs/join_retention_20260630_075038/queries/q5/log_dir/sirius_2026-06-30.log,17,29,43,CONCAT,CONCAT,83,PARTITIONED,PARTITIONED,1,1,5,5677855,10,90845680,0.09084568,1,5677855,2,90845680,0.09084568,1.0,1.0,4564
q5,q5,/home/dy1013/sirius_multi-gpu/experiment/join_retention_runs/join_retention_20260630_075038/queries/q5/log_dir/sirius_2026-06-30.log,17,31,43,CONCAT,CONCAT,83,PARTITIONED,PARTITIONED,3,1,5,5699024,10,91184384,0.091184384,1,5699024,2,91184384,0.091184384,1.0,1.0,1454
q5,q5,/home/dy1013/sirius_multi-gpu/experiment/join_retention_runs/join_retention_20260630_075038/queries/q5/log_dir/sirius_2026-06-30.log,18,32,21,HASH_JOIN,JOIN,33,PARTITIONED,PIPELINEABLE,0,1,2,6445392,5,109212654,0.109212654,1,1138308,3,27461158,0.027461158,0.251447,0.176608,8640
q5,q5,/home/dy1013/sirius_multi-gpu/experiment/join_retention_runs/join_retention_20260630_075038/queries/q5/log_dir/sirius_2026-06-30.log,18,35,21,HASH_JOIN,JOIN,33,PARTITIONED,PIPELINEABLE,3,1,2,6449271,5,109284171,0.109284171,1,1139146,3,27476334,0.027476334,0.251421,0.176632,8662
q5,q5,/home/dy1013/sirius_multi-gpu/experiment/join_retention_runs/join_retention_20260630_075038/queries/q5/log_dir/sirius_2026-06-30.log,18,34,21,HASH_JOIN,JOIN,33,PARTITIONED,PIPELINEABLE,2,1,2,6436735,5,109073348,0.109073348,1,1136966,3,27430746,0.027430746,0.251489,0.176637,10007
q5,q5,/home/dy1013/sirius_multi-gpu/experiment/join_retention_runs/join_retention_20260630_075038/queries/q5/log_dir/sirius_2026-06-30.log,18,33,21,HASH_JOIN,JOIN,33,PARTITIONED,PIPELINEABLE,1,1,2,6428016,5,108939703,0.108939703,1,1134938,3,27373577,0.027373577,0.251273,0.176561,10420
q5,q5,/home/dy1013/sirius_multi-gpu/experiment/join_retention_runs/join_retention_20260630_075038/queries/q5/log_dir/sirius_2026-06-30.log,19,36,46,PARTITION,PARTITION,82,PIPELINEABLE,PIPELINEABLE,0,1,1,1138308,3,27461158,0.027461158,4,1138308,12,27461298,0.027461298,1.000005,1.0,13061
q5,q5,/home/dy1013/sirius_multi-gpu/experiment/join_retention_runs/join_retention_20260630_075038/queries/q5/log_dir/sirius_2026-06-30.log,19,37,46,PARTITION,PARTITION,82,PIPELINEABLE,PIPELINEABLE,3,1,1,1139146,3,27476334,0.027476334,4,1139146,12,27476410,0.02747641,1.000003,1.0,13176
q5,q5,/home/dy1013/sirius_multi-gpu/experiment/join_retention_runs/join_retention_20260630_075038/queries/q5/log_dir/sirius_2026-06-30.log,19,39,46,PARTITION,PARTITION,82,PIPELINEABLE,PIPELINEABLE,1,1,1,1134938,3,27373577,0.027373577,4,1134938,12,27373717,0.027373717,1.000005,1.0,15750
q5,q5,/home/dy1013/sirius_multi-gpu/experiment/join_retention_runs/join_retention_20260630_075038/queries/q5/log_dir/sirius_2026-06-30.log,19,38,46,PARTITION,PARTITION,82,PIPELINEABLE,PIPELINEABLE,2,1,1,1136966,3,27430746,0.027430746,4,1136966,12,27430886,0.027430886,1.000005,1.0,16527
q5,q5,/home/dy1013/sirius_multi-gpu/experiment/join_retention_runs/join_retention_20260630_075038/queries/q5/log_dir/sirius_2026-06-30.log,20,42,45,CONCAT,CONCAT,83,PARTITIONED,PARTITIONED,2,1,4,1137832,12,27447720,0.02744772,1,1137832,3,27305372,0.027305372,0.994814,1.0,1942
q5,q5,/home/dy1013/sirius_multi-gpu/experiment/join_retention_runs/join_retention_20260630_075038/queries/q5/log_dir/sirius_2026-06-30.log,20,40,45,CONCAT,CONCAT,83,PARTITIONED,PARTITIONED,0,1,4,1136905,12,27425802,0.027425802,1,1136905,3,27283518,0.027283518,0.994812,1.0,3242
q5,q5,/home/dy1013/sirius_multi-gpu/experiment/join_retention_runs/join_retention_20260630_075038/queries/q5/log_dir/sirius_2026-06-30.log,20,41,45,CONCAT,CONCAT,83,PARTITIONED,PARTITIONED,1,1,4,1137173,12,27433001,0.027433001,1,1137173,3,27290717,0.027290717,0.994813,1.0,2304
q5,q5,/home/dy1013/sirius_multi-gpu/experiment/join_retention_runs/join_retention_20260630_075038/queries/q5/log_dir/sirius_2026-06-30.log,20,43,45,CONCAT,CONCAT,83,PARTITIONED,PARTITIONED,3,1,4,1137448,12,27435788,0.027435788,1,1137448,3,27293440,0.02729344,0.994812,1.0,2127
q5,q5,/home/dy1013/sirius_multi-gpu/experiment/join_retention_runs/join_retention_20260630_075038/queries/q5/log_dir/sirius_2026-06-30.log,24,53,50,GPU_SCAN,SCAN,94,GPU_SCAN,PIPELINEABLE,2,1,0,0,0,0,0.0,1,21796884,4,708398976,0.708398976,0.0,0.0,461401
q5,q5,/home/dy1013/sirius_multi-gpu/experiment/join_retention_runs/join_retention_20260630_075038/queries/q5/log_dir/sirius_2026-06-30.log,24,48,50,GPU_SCAN,SCAN,94,GPU_SCAN,PIPELINEABLE,1,1,0,0,0,0,0.0,1,21808947,4,708790880,0.70879088,0.0,0.0,578993
q5,q5,/home/dy1013/sirius_multi-gpu/experiment/join_retention_runs/join_retention_20260630_075038/queries/q5/log_dir/sirius_2026-06-30.log,24,54,50,GPU_SCAN,SCAN,94,GPU_SCAN,PIPELINEABLE,3,1,0,0,0,0,0.0,1,21797392,4,708415488,0.708415488,0.0,0.0,667945
q5,q5,/home/dy1013/sirius_multi-gpu/experiment/join_retention_runs/join_retention_20260630_075038/queries/q5/log_dir/sirius_2026-06-30.log,24,51,50,GPU_SCAN,SCAN,94,GPU_SCAN,PIPELINEABLE,0,1,0,0,0,0,0.0,1,21796970,4,708401728,0.708401728,0.0,0.0,684257
q5,q5,/home/dy1013/sirius_multi-gpu/experiment/join_retention_runs/join_retention_20260630_075038/queries/q5/log_dir/sirius_2026-06-30.log,24,55,50,GPU_SCAN,SCAN,94,GPU_SCAN,PIPELINEABLE,0,1,0,0,0,0,0.0,1,21797369,4,708414496,0.708414496,0.0,0.0,909157
q5,q5,/home/dy1013/sirius_multi-gpu/experiment/join_retention_runs/join_retention_20260630_075038/queries/q5/log_dir/sirius_2026-06-30.log,24,50,50,GPU_SCAN,SCAN,94,GPU_SCAN,PIPELINEABLE,3,1,0,0,0,0,0.0,1,21797359,4,708414176,0.708414176,0.0,0.0,1283503
q5,q5,/home/dy1013/sirius_multi-gpu/experiment/join_retention_runs/join_retention_20260630_075038/queries/q5/log_dir/sirius_2026-06-30.log,24,46,50,GPU_SCAN,SCAN,94,GPU_SCAN,PIPELINEABLE,3,1,0,0,0,0,0.0,1,21849832,4,710119680,0.71011968,0.0,0.0,1430087
q5,q5,/home/dy1013/sirius_multi-gpu/experiment/join_retention_runs/join_retention_20260630_075038/queries/q5/log_dir/sirius_2026-06-30.log,24,49,50,GPU_SCAN,SCAN,94,GPU_SCAN,PIPELINEABLE,2,1,0,0,0,0,0.0,1,21798168,4,708440576,0.708440576,0.0,0.0,1432325
q5,q5,/home/dy1013/sirius_multi-gpu/experiment/join_retention_runs/join_retention_20260630_075038/queries/q5/log_dir/sirius_2026-06-30.log,24,52,50,GPU_SCAN,SCAN,94,GPU_SCAN,PIPELINEABLE,1,1,0,0,0,0,0.0,1,21797639,4,708423392,0.708423392,0.0,0.0,1437835
q5,q5,/home/dy1013/sirius_multi-gpu/experiment/join_retention_runs/join_retention_20260630_075038/queries/q5/log_dir/sirius_2026-06-30.log,24,44,50,GPU_SCAN,SCAN,94,GPU_SCAN,PIPELINEABLE,1,1,0,0,0,0,0.0,1,21906796,4,711970944,0.711970944,0.0,0.0,1629523
q5,q5,/home/dy1013/sirius_multi-gpu/experiment/join_retention_runs/join_retention_20260630_075038/queries/q5/log_dir/sirius_2026-06-30.log,24,45,50,GPU_SCAN,SCAN,94,GPU_SCAN,PIPELINEABLE,2,1,0,0,0,0,0.0,1,21849212,4,710099584,0.710099584,0.0,0.0,1633149
q5,q5,/home/dy1013/sirius_multi-gpu/experiment/join_retention_runs/join_retention_20260630_075038/queries/q5/log_dir/sirius_2026-06-30.log,24,47,50,GPU_SCAN,SCAN,94,GPU_SCAN,PIPELINEABLE,0,1,0,0,0,0,0.0,1,21849566,4,710110912,0.710110912,0.0,0.0,1633800
q5,q5,/home/dy1013/sirius_multi-gpu/experiment/join_retention_runs/join_retention_20260630_075038/queries/q5/log_dir/sirius_2026-06-30.log,24,57,50,GPU_SCAN,SCAN,94,GPU_SCAN,PIPELINEABLE,2,1,0,0,0,0,0.0,1,21797715,4,708425824,0.708425824,0.0,0.0,1282985
q5,q5,/home/dy1013/sirius_multi-gpu/experiment/join_retention_runs/join_retention_20260630_075038/queries/q5/log_dir/sirius_2026-06-30.log,25,72,52,PARTITION,PARTITION,82,PIPELINEABLE,PIPELINEABLE,2,1,1,21796884,4,708398976,0.708398976,4,21796884,16,697500288,0.697500288,0.984615,1.0,15323
q5,q5,/home/dy1013/sirius_multi-gpu/experiment/join_retention_runs/join_retention_20260630_075038/queries/q5/log_dir/sirius_2026-06-30.log,25,79,52,PARTITION,PARTITION,82,PIPELINEABLE,PIPELINEABLE,2,1,1,21798168,4,708440576,0.708440576,4,21798168,16,697541376,0.697541376,0.984615,1.0,10161
q5,q5,/home/dy1013/sirius_multi-gpu/experiment/join_retention_runs/join_retention_20260630_075038/queries/q5/log_dir/sirius_2026-06-30.log,25,82,52,PARTITION,PARTITION,82,PIPELINEABLE,PIPELINEABLE,2,1,1,21849212,4,710099584,0.710099584,4,21849212,16,699174784,0.699174784,0.984615,1.0,8529
q5,q5,/home/dy1013/sirius_multi-gpu/experiment/join_retention_runs/join_retention_20260630_075038/queries/q5/log_dir/sirius_2026-06-30.log,25,84,52,PARTITION,PARTITION,82,PIPELINEABLE,PIPELINEABLE,2,1,1,21797715,4,708425824,0.708425824,4,21797715,16,697526880,0.69752688,0.984615,1.0,8499
q5,q5,/home/dy1013/sirius_multi-gpu/experiment/join_retention_runs/join_retention_20260630_075038/queries/q5/log_dir/sirius_2026-06-30.log,26,89,51,CONCAT,CONCAT,83,PARTITIONED,PARTITIONED,2,1,3,16369390,12,523820480,0.52382048,1,16369390,4,523820480,0.52382048,1.0,1.0,13055
q5,q5,/home/dy1013/sirius_multi-gpu/experiment/join_retention_runs/join_retention_20260630_075038/queries/q5/log_dir/sirius_2026-06-30.log,26,90,51,CONCAT,CONCAT,83,PARTITIONED,PARTITIONED,2,1,1,5440930,4,174109760,0.17410976,1,5440930,4,174109760,0.17410976,1.0,1.0,1
q5,q5,/home/dy1013/sirius_multi-gpu/experiment/join_retention_runs/join_retention_20260630_075038/queries/q5/log_dir/sirius_2026-06-30.log,24,56,50,GPU_SCAN,SCAN,94,GPU_SCAN,PIPELINEABLE,1,1,0,0,0,0,0.0,1,21797336,4,708413440,0.70841344,0.0,0.0,1303351
q5,q5,/home/dy1013/sirius_multi-gpu/experiment/join_retention_runs/join_retention_20260630_075038/queries/q5/log_dir/sirius_2026-06-30.log,25,73,52,PARTITION,PARTITION,82,PIPELINEABLE,PIPELINEABLE,1,1,1,21808947,4,708790880,0.70879088,4,21808947,16,697886304,0.697886304,0.984615,1.0,13756
q5,q5,/home/dy1013/sirius_multi-gpu/experiment/join_retention_runs/join_retention_20260630_075038/queries/q5/log_dir/sirius_2026-06-30.log,25,80,52,PARTITION,PARTITION,82,PIPELINEABLE,PIPELINEABLE,1,1,1,21797639,4,708423392,0.708423392,4,21797639,16,697524448,0.697524448,0.984615,1.0,13645
q5,q5,/home/dy1013/sirius_multi-gpu/experiment/join_retention_runs/join_retention_20260630_075038/queries/q5/log_dir/sirius_2026-06-30.log,25,81,52,PARTITION,PARTITION,82,PIPELINEABLE,PIPELINEABLE,1,1,1,21906796,4,711970944,0.711970944,4,21906796,16,701017472,0.701017472,0.984615,1.0,8731
q5,q5,/home/dy1013/sirius_multi-gpu/experiment/join_retention_runs/join_retention_20260630_075038/queries/q5/log_dir/sirius_2026-06-30.log,26,87,51,CONCAT,CONCAT,83,PARTITIONED,PARTITIONED,1,1,3,16355221,12,523367072,0.523367072,1,16355221,4,523367072,0.523367072,1.0,1.0,12985
q5,q5,/home/dy1013/sirius_multi-gpu/experiment/join_retention_runs/join_retention_20260630_075038/queries/q5/log_dir/sirius_2026-06-30.log,26,88,51,CONCAT,CONCAT,83,PARTITIONED,PARTITIONED,1,1,1,5447472,4,174319104,0.174319104,1,5447472,4,174319104,0.174319104,1.0,1.0,1
q5,q5,/home/dy1013/sirius_multi-gpu/experiment/join_retention_runs/join_retention_20260630_075038/queries/q5/log_dir/sirius_2026-06-30.log,25,93,52,PARTITION,PARTITION,82,PIPELINEABLE,PIPELINEABLE,1,1,1,21797336,4,708413440,0.70841344,4,21797336,16,697514752,0.697514752,0.984615,1.0,7904
q5,q5,/home/dy1013/sirius_multi-gpu/experiment/join_retention_runs/join_retention_20260630_075038/queries/q5/log_dir/sirius_2026-06-30.log,26,96,51,CONCAT,CONCAT,83,PARTITIONED,PARTITIONED,1,1,3,16383594,12,524275008,0.524275008,1,16383594,4,524275008,0.524275008,1.0,1.0,13031
q5,q5,/home/dy1013/sirius_multi-gpu/experiment/join_retention_runs/join_retention_20260630_075038/queries/q5/log_dir/sirius_2026-06-30.log,26,97,51,CONCAT,CONCAT,83,PARTITIONED,PARTITIONED,1,1,1,5449924,4,174397568,0.174397568,1,5449924,4,174397568,0.174397568,1.0,1.0,1
q5,q5,/home/dy1013/sirius_multi-gpu/experiment/join_retention_runs/join_retention_20260630_075038/queries/q5/log_dir/sirius_2026-06-30.log,26,98,51,CONCAT,CONCAT,83,PARTITIONED,PARTITIONED,2,1,3,16375388,12,524012416,0.524012416,1,16375388,4,524012416,0.524012416,1.0,1.0,13008
q5,q5,/home/dy1013/sirius_multi-gpu/experiment/join_retention_runs/join_retention_20260630_075038/queries/q5/log_dir/sirius_2026-06-30.log,26,99,51,CONCAT,CONCAT,83,PARTITIONED,PARTITIONED,2,1,1,5446530,4,174288960,0.17428896,1,5446530,4,174288960,0.17428896,1.0,1.0,1
q5,q5,/home/dy1013/sirius_multi-gpu/experiment/join_retention_runs/join_retention_20260630_075038/queries/q5/log_dir/sirius_2026-06-30.log,24,58,50,GPU_SCAN,SCAN,94,GPU_SCAN,PIPELINEABLE,3,1,0,0,0,0,0.0,1,21798279,4,708444128,0.708444128,0.0,0.0,1458817
q5,q5,/home/dy1013/sirius_multi-gpu/experiment/join_retention_runs/join_retention_20260630_075038/queries/q5/log_dir/sirius_2026-06-30.log,24,59,50,GPU_SCAN,SCAN,94,GPU_SCAN,PIPELINEABLE,0,1,0,0,0,0,0.0,1,21798173,4,708440736,0.708440736,0.0,0.0,1443219
q5,q5,/home/dy1013/sirius_multi-gpu/experiment/join_retention_runs/join_retention_20260630_075038/queries/q5/log_dir/sirius_2026-06-30.log,25,75,52,PARTITION,PARTITION,82,PIPELINEABLE,PIPELINEABLE,0,1,1,21796970,4,708401728,0.708401728,4,21796970,16,697503040,0.69750304,0.984615,1.0,22334
q5,q5,/home/dy1013/sirius_multi-gpu/experiment/join_retention_runs/join_retention_20260630_075038/queries/q5/log_dir/sirius_2026-06-30.log,25,74,52,PARTITION,PARTITION,82,PIPELINEABLE,PIPELINEABLE,3,1,1,21797392,4,708415488,0.708415488,4,21797392,16,697516544,0.697516544,0.984615,1.0,26520
q5,q5,/home/dy1013/sirius_multi-gpu/experiment/join_retention_runs/join_retention_20260630_075038/queries/q5/log_dir/sirius_2026-06-30.log,25,76,52,PARTITION,PARTITION,82,PIPELINEABLE,PIPELINEABLE,0,1,1,21797369,4,708414496,0.708414496,4,21797369,16,697515808,0.697515808,0.984615,1.0,11570
q5,q5,/home/dy1013/sirius_multi-gpu/experiment/join_retention_runs/join_retention_20260630_075038/queries/q5/log_dir/sirius_2026-06-30.log,25,77,52,PARTITION,PARTITION,82,PIPELINEABLE,PIPELINEABLE,3,1,1,21797359,4,708414176,0.708414176,4,21797359,16,697515488,0.697515488,0.984615,1.0,8309
q5,q5,/home/dy1013/sirius_multi-gpu/experiment/join_retention_runs/join_retention_20260630_075038/queries/q5/log_dir/sirius_2026-06-30.log,25,78,52,PARTITION,PARTITION,82,PIPELINEABLE,PIPELINEABLE,3,1,1,21849832,4,710119680,0.71011968,4,21849832,16,699194624,0.699194624,0.984615,1.0,7649
q5,q5,/home/dy1013/sirius_multi-gpu/experiment/join_retention_runs/join_retention_20260630_075038/queries/q5/log_dir/sirius_2026-06-30.log,25,83,52,PARTITION,PARTITION,82,PIPELINEABLE,PIPELINEABLE,0,1,1,21849566,4,710110912,0.710110912,4,21849566,16,699186112,0.699186112,0.984615,1.0,24465
q5,q5,/home/dy1013/sirius_multi-gpu/experiment/join_retention_runs/join_retention_20260630_075038/queries/q5/log_dir/sirius_2026-06-30.log,26,108,51,CONCAT,CONCAT,83,PARTITIONED,PARTITIONED,2,1,3,16344804,12,523033728,0.523033728,1,16344804,4,523033728,0.523033728,1.0,1.0,13046
q5,q5,/home/dy1013/sirius_multi-gpu/experiment/join_retention_runs/join_retention_20260630_075038/queries/q5/log_dir/sirius_2026-06-30.log,26,106,51,CONCAT,CONCAT,83,PARTITIONED,PARTITIONED,1,1,3,16340387,12,522892384,0.522892384,1,16340387,4,522892384,0.522892384,1.0,1.0,11546
q5,q5,/home/dy1013/sirius_multi-gpu/experiment/join_retention_runs/join_retention_20260630_075038/queries/q5/log_dir/sirius_2026-06-30.log,26,109,51,CONCAT,CONCAT,83,PARTITIONED,PARTITIONED,2,1,1,5446328,4,174282496,0.174282496,1,5446328,4,174282496,0.174282496,1.0,1.0,1
q5,q5,/home/dy1013/sirius_multi-gpu/experiment/join_retention_runs/join_retention_20260630_075038/queries/q5/log_dir/sirius_2026-06-30.log,26,107,51,CONCAT,CONCAT,83,PARTITIONED,PARTITIONED,1,1,1,5448343,4,174346976,0.174346976,1,5448343,4,174346976,0.174346976,1.0,1.0,1
q5,q5,/home/dy1013/sirius_multi-gpu/experiment/join_retention_runs/join_retention_20260630_075038/queries/q5/log_dir/sirius_2026-06-30.log,26,85,51,CONCAT,CONCAT,83,PARTITIONED,PARTITIONED,0,1,3,16360066,12,523522112,0.523522112,1,16360066,4,523522112,0.523522112,1.0,1.0,13025
q5,q5,/home/dy1013/sirius_multi-gpu/experiment/join_retention_runs/join_retention_20260630_075038/queries/q5/log_dir/sirius_2026-06-30.log,26,86,51,CONCAT,CONCAT,83,PARTITIONED,PARTITIONED,0,1,1,5447581,4,174322592,0.174322592,1,5447581,4,174322592,0.174322592,1.0,1.0,2
q5,q5,/home/dy1013/sirius_multi-gpu/experiment/join_retention_runs/join_retention_20260630_075038/queries/q5/log_dir/sirius_2026-06-30.log,26,91,51,CONCAT,CONCAT,83,PARTITIONED,PARTITIONED,3,1,3,16359587,12,523506784,0.523506784,1,16359587,4,523506784,0.523506784,1.0,1.0,12961
q5,q5,/home/dy1013/sirius_multi-gpu/experiment/join_retention_runs/join_retention_20260630_075038/queries/q5/log_dir/sirius_2026-06-30.log,26,92,51,CONCAT,CONCAT,83,PARTITIONED,PARTITIONED,3,1,1,5461732,4,174775424,0.174775424,1,5461732,4,174775424,0.174775424,1.0,1.0,1
q5,q5,/home/dy1013/sirius_multi-gpu/experiment/join_retention_runs/join_retention_20260630_075038/queries/q5/log_dir/sirius_2026-06-30.log,26,94,51,CONCAT,CONCAT,83,PARTITIONED,PARTITIONED,0,1,3,16378493,12,524111776,0.524111776,1,16378493,4,524111776,0.524111776,1.0,1.0,13043
q5,q5,/home/dy1013/sirius_multi-gpu/experiment/join_retention_runs/join_retention_20260630_075038/queries/q5/log_dir/sirius_2026-06-30.log,26,95,51,CONCAT,CONCAT,83,PARTITIONED,PARTITIONED,0,1,1,5450236,4,174407552,0.174407552,1,5450236,4,174407552,0.174407552,1.0,1.0,2
q5,q5,/home/dy1013/sirius_multi-gpu/experiment/join_retention_runs/join_retention_20260630_075038/queries/q5/log_dir/sirius_2026-06-30.log,25,103,52,PARTITION,PARTITION,82,PIPELINEABLE,PIPELINEABLE,0,1,1,21798173,4,708440736,0.708440736,4,21798173,16,697541536,0.697541536,0.984615,1.0,21599
q5,q5,/home/dy1013/sirius_multi-gpu/experiment/join_retention_runs/join_retention_20260630_075038/queries/q5/log_dir/sirius_2026-06-30.log,26,100,51,CONCAT,CONCAT,83,PARTITIONED,PARTITIONED,3,1,3,16375907,12,524029024,0.524029024,1,16375907,4,524029024,0.524029024,1.0,1.0,13068
q5,q5,/home/dy1013/sirius_multi-gpu/experiment/join_retention_runs/join_retention_20260630_075038/queries/q5/log_dir/sirius_2026-06-30.log,26,101,51,CONCAT,CONCAT,83,PARTITIONED,PARTITIONED,3,1,1,5450646,4,174420672,0.174420672,1,5450646,4,174420672,0.174420672,1.0,1.0,1
q5,q5,/home/dy1013/sirius_multi-gpu/experiment/join_retention_runs/join_retention_20260630_075038/queries/q5/log_dir/sirius_2026-06-30.log,26,104,51,CONCAT,CONCAT,83,PARTITIONED,PARTITIONED,0,1,3,16355615,12,523379680,0.52337968,1,16355615,4,523379680,0.52337968,1.0,1.0,13033
q5,q5,/home/dy1013/sirius_multi-gpu/experiment/join_retention_runs/join_retention_20260630_075038/queries/q5/log_dir/sirius_2026-06-30.log,26,105,51,CONCAT,CONCAT,83,PARTITIONED,PARTITIONED,0,1,1,5448316,4,174346112,0.174346112,1,5448316,4,174346112,0.174346112,1.0,1.0,2
q5,q5,/home/dy1013/sirius_multi-gpu/experiment/join_retention_runs/join_retention_20260630_075038/queries/q5/log_dir/sirius_2026-06-30.log,24,67,50,GPU_SCAN,SCAN,94,GPU_SCAN,PIPELINEABLE,0,1,0,0,0,0,0.0,1,21797620,4,708422784,0.708422784,0.0,0.0,1463681
q5,q5,/home/dy1013/sirius_multi-gpu/experiment/join_retention_runs/join_retention_20260630_075038/queries/q5/log_dir/sirius_2026-06-30.log,25,102,52,PARTITION,PARTITION,82,PIPELINEABLE,PIPELINEABLE,3,1,1,21798279,4,708444128,0.708444128,4,21798279,16,697544928,0.697544928,0.984615,1.0,18696
q5,q5,/home/dy1013/sirius_multi-gpu/experiment/join_retention_runs/join_retention_20260630_075038/queries/q5/log_dir/sirius_2026-06-30.log,26,113,51,CONCAT,CONCAT,83,PARTITIONED,PARTITIONED,0,1,3,16363590,12,523634880,0.52363488,1,16363590,4,523634880,0.52363488,1.0,1.0,12617
q5,q5,/home/dy1013/sirius_multi-gpu/experiment/join_retention_runs/join_retention_20260630_075038/queries/q5/log_dir/sirius_2026-06-30.log,25,112,52,PARTITION,PARTITION,82,PIPELINEABLE,PIPELINEABLE,0,1,1,21797620,4,708422784,0.708422784,4,21797620,16,697523840,0.69752384,0.984615,1.0,63006
q5,q5,/home/dy1013/sirius_multi-gpu/experiment/join_retention_runs/join_retention_20260630_075038/queries/q5/log_dir/sirius_2026-06-30.log,24,66,50,GPU_SCAN,SCAN,94,GPU_SCAN,PIPELINEABLE,3,1,0,0,0,0,0.0,1,21797569,4,708421152,0.708421152,0.0,0.0,1160331
q5,q5,/home/dy1013/sirius_multi-gpu/experiment/join_retention_runs/join_retention_20260630_075038/queries/q5/log_dir/sirius_2026-06-30.log,26,111,51,CONCAT,CONCAT,83,PARTITIONED,PARTITIONED,3,1,1,5454372,4,174539904,0.174539904,1,5454372,4,174539904,0.174539904,1.0,1.0,4
q5,q5,/home/dy1013/sirius_multi-gpu/experiment/join_retention_runs/join_retention_20260630_075038/queries/q5/log_dir/sirius_2026-06-30.log,26,114,51,CONCAT,CONCAT,83,PARTITIONED,PARTITIONED,0,1,1,5448691,4,174358112,0.174358112,1,5448691,4,174358112,0.174358112,1.0,1.0,1
q5,q5,/home/dy1013/sirius_multi-gpu/experiment/join_retention_runs/join_retention_20260630_075038/queries/q5/log_dir/sirius_2026-06-30.log,26,115,51,CONCAT,CONCAT,83,PARTITIONED,PARTITIONED,1,1,3,16387733,12,524407456,0.524407456,1,16387733,4,524407456,0.524407456,1.0,1.0,11612
q5,q5,/home/dy1013/sirius_multi-gpu/experiment/join_retention_runs/join_retention_20260630_075038/queries/q5/log_dir/sirius_2026-06-30.log,26,117,51,CONCAT,CONCAT,83,PARTITIONED,PARTITIONED,2,1,3,16379823,12,524154336,0.524154336,1,16379823,4,524154336,0.524154336,1.0,1.0,11697
q5,q5,/home/dy1013/sirius_multi-gpu/experiment/join_retention_runs/join_retention_20260630_075038/queries/q5/log_dir/sirius_2026-06-30.log,26,116,51,CONCAT,CONCAT,83,PARTITIONED,PARTITIONED,1,1,1,5455507,4,174576224,0.174576224,1,5455507,4,174576224,0.174576224,1.0,1.0,1
q5,q5,/home/dy1013/sirius_multi-gpu/experiment/join_retention_runs/join_retention_20260630_075038/queries/q5/log_dir/sirius_2026-06-30.log,26,118,51,CONCAT,CONCAT,83,PARTITIONED,PARTITIONED,2,1,1,5440436,4,174093952,0.174093952,1,5440436,4,174093952,0.174093952,1.0,1.0,1
q5,q5,/home/dy1013/sirius_multi-gpu/experiment/join_retention_runs/join_retention_20260630_075038/queries/q5/log_dir/sirius_2026-06-30.log,24,63,50,GPU_SCAN,SCAN,94,GPU_SCAN,PIPELINEABLE,0,1,0,0,0,0,0.0,1,21797339,4,708413536,0.708413536,0.0,0.0,1578501
q5,q5,/home/dy1013/sirius_multi-gpu/experiment/join_retention_runs/join_retention_20260630_075038/queries/q5/log_dir/sirius_2026-06-30.log,26,110,51,CONCAT,CONCAT,83,PARTITIONED,PARTITIONED,3,1,3,16350925,12,523229600,0.5232296,1,16350925,4,523229600,0.5232296,1.0,1.0,11754
q5,q5,/home/dy1013/sirius_multi-gpu/experiment/join_retention_runs/join_retention_20260630_075038/queries/q5/log_dir/sirius_2026-06-30.log,26,120,51,CONCAT,CONCAT,83,PARTITIONED,PARTITIONED,3,1,1,5453645,4,174516640,0.17451664,1,5453645,4,174516640,0.17451664,1.0,1.0,2
q5,q5,/home/dy1013/sirius_multi-gpu/experiment/join_retention_runs/join_retention_20260630_075038/queries/q5/log_dir/sirius_2026-06-30.log,25,122,52,PARTITION,PARTITION,82,PIPELINEABLE,PIPELINEABLE,0,1,1,21797339,4,708413536,0.708413536,4,21797339,16,697514848,0.697514848,0.984615,1.0,11662
q5,q5,/home/dy1013/sirius_multi-gpu/experiment/join_retention_runs/join_retention_20260630_075038/queries/q5/log_dir/sirius_2026-06-30.log,25,121,52,PARTITION,PARTITION,82,PIPELINEABLE,PIPELINEABLE,3,1,1,21797569,4,708421152,0.708421152,4,21797569,16,697522208,0.697522208,0.984615,1.0,10506
q5,q5,/home/dy1013/sirius_multi-gpu/experiment/join_retention_runs/join_retention_20260630_075038/queries/q5/log_dir/sirius_2026-06-30.log,26,119,51,CONCAT,CONCAT,83,PARTITIONED,PARTITIONED,3,1,3,16366425,12,523725600,0.5237256,1,16366425,4,523725600,0.5237256,1.0,1.0,11597
q5,q5,/home/dy1013/sirius_multi-gpu/experiment/join_retention_runs/join_retention_20260630_075038/queries/q5/log_dir/sirius_2026-06-30.log,24,62,50,GPU_SCAN,SCAN,94,GPU_SCAN,PIPELINEABLE,3,1,0,0,0,0,0.0,1,21797373,4,708414624,0.708414624,0.0,0.0,1311385
q5,q5,/home/dy1013/sirius_multi-gpu/experiment/join_retention_runs/join_retention_20260630_075038/queries/q5/log_dir/sirius_2026-06-30.log,25,123,52,PARTITION,PARTITION,82,PIPELINEABLE,PIPELINEABLE,3,1,1,21797373,4,708414624,0.708414624,4,21797373,16,697515936,0.697515936,0.984615,1.0,9870
q5,q5,/home/dy1013/sirius_multi-gpu/experiment/join_retention_runs/join_retention_20260630_075038/queries/q5/log_dir/sirius_2026-06-30.log,26,131,51,CONCAT,CONCAT,83,PARTITIONED,PARTITIONED,3,1,1,5443380,4,174188160,0.17418816,1,5443380,4,174188160,0.17418816,1.0,1.0,25
q5,q5,/home/dy1013/sirius_multi-gpu/experiment/join_retention_runs/join_retention_20260630_075038/queries/q5/log_dir/sirius_2026-06-30.log,26,125,51,CONCAT,CONCAT,83,PARTITIONED,PARTITIONED,0,1,1,5450795,4,174425440,0.17442544,1,5450795,4,174425440,0.17442544,1.0,1.0,2
q5,q5,/home/dy1013/sirius_multi-gpu/experiment/join_retention_runs/join_retention_20260630_075038/queries/q5/log_dir/sirius_2026-06-30.log,26,124,51,CONCAT,CONCAT,83,PARTITIONED,PARTITIONED,0,1,3,16340210,12,522886720,0.52288672,1,16340210,4,522886720,0.52288672,1.0,1.0,11646
q5,q5,/home/dy1013/sirius_multi-gpu/experiment/join_retention_runs/join_retention_20260630_075038/queries/q5/log_dir/sirius_2026-06-30.log,26,126,51,CONCAT,CONCAT,83,PARTITIONED,PARTITIONED,1,1,3,16352546,12,523281472,0.523281472,1,16352546,4,523281472,0.523281472,1.0,1.0,11575
q5,q5,/home/dy1013/sirius_multi-gpu/experiment/join_retention_runs/join_retention_20260630_075038/queries/q5/log_dir/sirius_2026-06-30.log,26,128,51,CONCAT,CONCAT,83,PARTITIONED,PARTITIONED,2,1,3,16327372,12,522475904,0.522475904,1,16327372,4,522475904,0.522475904,1.0,1.0,11682
q5,q5,/home/dy1013/sirius_multi-gpu/experiment/join_retention_runs/join_retention_20260630_075038/queries/q5/log_dir/sirius_2026-06-30.log,26,130,51,CONCAT,CONCAT,83,PARTITIONED,PARTITIONED,3,1,3,16372400,12,523916800,0.5239168,1,16372400,4,523916800,0.5239168,1.0,1.0,11746
q5,q5,/home/dy1013/sirius_multi-gpu/experiment/join_retention_runs/join_retention_20260630_075038/queries/q5/log_dir/sirius_2026-06-30.log,26,127,51,CONCAT,CONCAT,83,PARTITIONED,PARTITIONED,1,1,1,5451180,4,174437760,0.17443776,1,5451180,4,174437760,0.17443776,1.0,1.0,3
q5,q5,/home/dy1013/sirius_multi-gpu/experiment/join_retention_runs/join_retention_20260630_075038/queries/q5/log_dir/sirius_2026-06-30.log,26,129,51,CONCAT,CONCAT,83,PARTITIONED,PARTITIONED,2,1,1,5452018,4,174464576,0.174464576,1,5452018,4,174464576,0.174464576,1.0,1.0,2
q5,q5,/home/dy1013/sirius_multi-gpu/experiment/join_retention_runs/join_retention_20260630_075038/queries/q5/log_dir/sirius_2026-06-30.log,24,60,50,GPU_SCAN,SCAN,94,GPU_SCAN,PIPELINEABLE,1,1,0,0,0,0,0.0,1,21797580,4,708421504,0.708421504,0.0,0.0,1282030
q5,q5,/home/dy1013/sirius_multi-gpu/experiment/join_retention_runs/join_retention_20260630_075038/queries/q5/log_dir/sirius_2026-06-30.log,24,61,50,GPU_SCAN,SCAN,94,GPU_SCAN,PIPELINEABLE,2,1,0,0,0,0,0.0,1,21796613,4,708390048,0.708390048,0.0,0.0,1287492
q5,q5,/home/dy1013/sirius_multi-gpu/experiment/join_retention_runs/join_retention_20260630_075038/queries/q5/log_dir/sirius_2026-06-30.log,25,132,52,PARTITION,PARTITION,82,PIPELINEABLE,PIPELINEABLE,1,1,1,21797580,4,708421504,0.708421504,4,21797580,16,697522560,0.69752256,0.984615,1.0,15308
q5,q5,/home/dy1013/sirius_multi-gpu/experiment/join_retention_runs/join_retention_20260630_075038/queries/q5/log_dir/sirius_2026-06-30.log,25,133,52,PARTITION,PARTITION,82,PIPELINEABLE,PIPELINEABLE,2,1,1,21796613,4,708390048,0.708390048,4,21796613,16,697491616,0.697491616,0.984615,1.0,16520
q5,q5,/home/dy1013/sirius_multi-gpu/experiment/join_retention_runs/join_retention_20260630_075038/queries/q5/log_dir/sirius_2026-06-30.log,24,70,50,GPU_SCAN,SCAN,94,GPU_SCAN,PIPELINEABLE,3,1,0,0,0,0,0.0,1,21797701,4,708425376,0.708425376,0.0,0.0,1327160
q5,q5,/home/dy1013/sirius_multi-gpu/experiment/join_retention_runs/join_retention_20260630_075038/queries/q5/log_dir/sirius_2026-06-30.log,25,134,52,PARTITION,PARTITION,82,PIPELINEABLE,PIPELINEABLE,3,1,1,21797701,4,708425376,0.708425376,4,21797701,16,697526432,0.697526432,0.984615,1.0,11182
q5,q5,/home/dy1013/sirius_multi-gpu/experiment/join_retention_runs/join_retention_20260630_075038/queries/q5/log_dir/sirius_2026-06-30.log,24,65,50,GPU_SCAN,SCAN,94,GPU_SCAN,PIPELINEABLE,2,1,0,0,0,0,0.0,1,21797600,4,708422144,0.708422144,0.0,0.0,1358619
q5,q5,/home/dy1013/sirius_multi-gpu/experiment/join_retention_runs/join_retention_20260630_075038/queries/q5/log_dir/sirius_2026-06-30.log,25,135,52,PARTITION,PARTITION,82,PIPELINEABLE,PIPELINEABLE,2,1,1,21797600,4,708422144,0.708422144,4,21797600,16,697523200,0.6975232,0.984615,1.0,12163
q5,q5,/home/dy1013/sirius_multi-gpu/experiment/join_retention_runs/join_retention_20260630_075038/queries/q5/log_dir/sirius_2026-06-30.log,26,141,51,CONCAT,CONCAT,83,PARTITIONED,PARTITIONED,2,1,1,5446335,4,174282720,0.17428272,1,5446335,4,174282720,0.17428272,1.0,1.0,32
q5,q5,/home/dy1013/sirius_multi-gpu/experiment/join_retention_runs/join_retention_20260630_075038/queries/q5/log_dir/sirius_2026-06-30.log,26,143,51,CONCAT,CONCAT,83,PARTITIONED,PARTITIONED,3,1,1,5447739,4,174327648,0.174327648,1,5447739,4,174327648,0.174327648,1.0,1.0,1
q5,q5,/home/dy1013/sirius_multi-gpu/experiment/join_retention_runs/join_retention_20260630_075038/queries/q5/log_dir/sirius_2026-06-30.log,26,140,51,CONCAT,CONCAT,83,PARTITIONED,PARTITIONED,2,1,3,16339539,12,522865248,0.522865248,1,16339539,4,522865248,0.522865248,1.0,1.0,11700
q5,q5,/home/dy1013/sirius_multi-gpu/experiment/join_retention_runs/join_retention_20260630_075038/queries/q5/log_dir/sirius_2026-06-30.log,26,137,51,CONCAT,CONCAT,83,PARTITIONED,PARTITIONED,0,1,1,5455974,4,174591168,0.174591168,1,5455974,4,174591168,0.174591168,1.0,1.0,2
q5,q5,/home/dy1013/sirius_multi-gpu/experiment/join_retention_runs/join_retention_20260630_075038/queries/q5/log_dir/sirius_2026-06-30.log,26,139,51,CONCAT,CONCAT,83,PARTITIONED,PARTITIONED,1,1,1,5447552,4,174321664,0.174321664,1,5447552,4,174321664,0.174321664,1.0,1.0,2
q5,q5,/home/dy1013/sirius_multi-gpu/experiment/join_retention_runs/join_retention_20260630_075038/queries/q5/log_dir/sirius_2026-06-30.log,26,138,51,CONCAT,CONCAT,83,PARTITIONED,PARTITIONED,1,1,3,16350980,12,523231360,0.52323136,1,16350980,4,523231360,0.52323136,1.0,1.0,11579
q5,q5,/home/dy1013/sirius_multi-gpu/experiment/join_retention_runs/join_retention_20260630_075038/queries/q5/log_dir/sirius_2026-06-30.log,26,142,51,CONCAT,CONCAT,83,PARTITIONED,PARTITIONED,3,1,3,16351387,12,523244384,0.523244384,1,16351387,4,523244384,0.523244384,1.0,1.0,11746
q5,q5,/home/dy1013/sirius_multi-gpu/experiment/join_retention_runs/join_retention_20260630_075038/queries/q5/log_dir/sirius_2026-06-30.log,26,136,51,CONCAT,CONCAT,83,PARTITIONED,PARTITIONED,0,1,3,16349988,12,523199616,0.523199616,1,16349988,4,523199616,0.523199616,1.0,1.0,11479
q5,q5,/home/dy1013/sirius_multi-gpu/experiment/join_retention_runs/join_retention_20260630_075038/queries/q5/log_dir/sirius_2026-06-30.log,24,64,50,GPU_SCAN,SCAN,94,GPU_SCAN,PIPELINEABLE,1,1,0,0,0,0,0.0,1,21798181,4,708440992,0.708440992,0.0,0.0,1468726
q5,q5,/home/dy1013/sirius_multi-gpu/experiment/join_retention_runs/join_retention_20260630_075038/queries/q5/log_dir/sirius_2026-06-30.log,25,144,52,PARTITION,PARTITION,82,PIPELINEABLE,PIPELINEABLE,1,1,1,21798181,4,708440992,0.708440992,4,21798181,16,697541792,0.697541792,0.984615,1.0,27803
q5,q5,/home/dy1013/sirius_multi-gpu/experiment/join_retention_runs/join_retention_20260630_075038/queries/q5/log_dir/sirius_2026-06-30.log,24,68,50,GPU_SCAN,SCAN,94,GPU_SCAN,PIPELINEABLE,1,1,0,0,0,0,0.0,1,21797070,4,708404928,0.708404928,0.0,0.0,1313135
q5,q5,/home/dy1013/sirius_multi-gpu/experiment/join_retention_runs/join_retention_20260630_075038/queries/q5/log_dir/sirius_2026-06-30.log,25,145,52,PARTITION,PARTITION,82,PIPELINEABLE,PIPELINEABLE,1,1,1,21797070,4,708404928,0.708404928,4,21797070,16,697506240,0.69750624,0.984615,1.0,12455
q5,q5,/home/dy1013/sirius_multi-gpu/experiment/join_retention_runs/join_retention_20260630_075038/queries/q5/log_dir/sirius_2026-06-30.log,24,69,50,GPU_SCAN,SCAN,94,GPU_SCAN,PIPELINEABLE,2,1,0,0,0,0,0.0,1,21797312,4,708412672,0.708412672,0.0,0.0,1334761
q5,q5,/home/dy1013/sirius_multi-gpu/experiment/join_retention_runs/join_retention_20260630_075038/queries/q5/log_dir/sirius_2026-06-30.log,24,71,50,GPU_SCAN,SCAN,94,GPU_SCAN,PIPELINEABLE,0,1,0,0,0,0,0.0,1,11228307,4,364920160,0.36492016,0.0,0.0,1344037
q5,q5,/home/dy1013/sirius_multi-gpu/experiment/join_retention_runs/join_retention_20260630_075038/queries/q5/log_dir/sirius_2026-06-30.log,25,146,52,PARTITION,PARTITION,82,PIPELINEABLE,PIPELINEABLE,2,1,1,21797312,4,708412672,0.708412672,4,21797312,16,697513984,0.697513984,0.984615,1.0,26990
q5,q5,/home/dy1013/sirius_multi-gpu/experiment/join_retention_runs/join_retention_20260630_075038/queries/q5/log_dir/sirius_2026-06-30.log,25,147,52,PARTITION,PARTITION,82,PIPELINEABLE,PIPELINEABLE,0,1,1,11228307,4,364920160,0.36492016,4,11228307,16,359305824,0.359305824,0.984615,1.0,7809
q5,q5,/home/dy1013/sirius_multi-gpu/experiment/join_retention_runs/join_retention_20260630_075038/queries/q5/log_dir/sirius_2026-06-30.log,26,149,51,CONCAT,CONCAT,83,PARTITIONED,PARTITIONED,0,1,1,2805776,4,89784832,0.089784832,1,2805776,4,89784832,0.089784832,1.0,1.0,77
q5,q5,/home/dy1013/sirius_multi-gpu/experiment/join_retention_runs/join_retention_20260630_075038/queries/q5/log_dir/sirius_2026-06-30.log,26,155,51,CONCAT,CONCAT,83,PARTITIONED,PARTITIONED,3,1,1,2816094,4,90115008,0.090115008,1,2816094,4,90115008,0.090115008,1.0,1.0,1
q5,q5,/home/dy1013/sirius_multi-gpu/experiment/join_retention_runs/join_retention_20260630_075038/queries/q5/log_dir/sirius_2026-06-30.log,26,151,51,CONCAT,CONCAT,83,PARTITIONED,PARTITIONED,1,1,1,2797951,4,89534432,0.089534432,1,2797951,4,89534432,0.089534432,1.0,1.0,1
q5,q5,/home/dy1013/sirius_multi-gpu/experiment/join_retention_runs/join_retention_20260630_075038/queries/q5/log_dir/sirius_2026-06-30.log,26,153,51,CONCAT,CONCAT,83,PARTITIONED,PARTITIONED,2,1,1,2808486,4,89871552,0.089871552,1,2808486,4,89871552,0.089871552,1.0,1.0,1
q5,q5,/home/dy1013/sirius_multi-gpu/experiment/join_retention_runs/join_retention_20260630_075038/queries/q5/log_dir/sirius_2026-06-30.log,26,150,51,CONCAT,CONCAT,83,PARTITIONED,PARTITIONED,1,1,3,16343380,12,522988160,0.52298816,1,16343380,4,522988160,0.52298816,1.0,1.0,11820
q5,q5,/home/dy1013/sirius_multi-gpu/experiment/join_retention_runs/join_retention_20260630_075038/queries/q5/log_dir/sirius_2026-06-30.log,26,152,51,CONCAT,CONCAT,83,PARTITIONED,PARTITIONED,2,1,3,16351596,12,523251072,0.523251072,1,16351596,4,523251072,0.523251072,1.0,1.0,11666
q5,q5,/home/dy1013/sirius_multi-gpu/experiment/join_retention_runs/join_retention_20260630_075038/queries/q5/log_dir/sirius_2026-06-30.log,26,148,51,CONCAT,CONCAT,83,PARTITIONED,PARTITIONED,0,1,3,16345299,12,523049568,0.523049568,1,16345299,4,523049568,0.523049568,1.0,1.0,11492
q5,q5,/home/dy1013/sirius_multi-gpu/experiment/join_retention_runs/join_retention_20260630_075038/queries/q5/log_dir/sirius_2026-06-30.log,26,154,51,CONCAT,CONCAT,83,PARTITIONED,PARTITIONED,3,1,3,16352288,12,523273216,0.523273216,1,16352288,4,523273216,0.523273216,1.0,1.0,11693
q5,q5,/home/dy1013/sirius_multi-gpu/experiment/join_retention_runs/join_retention_20260630_075038/queries/q5/log_dir/sirius_2026-06-30.log,27,198,22,HASH_JOIN,JOIN,33,PARTITIONED,PIPELINEABLE,3,1,2,17497035,7,550800224,0.550800224,1,495561,5,19829935,0.019829935,0.036002,0.028323,23927
q5,q5,/home/dy1013/sirius_multi-gpu/experiment/join_retention_runs/join_retention_20260630_075038/queries/q5/log_dir/sirius_2026-06-30.log,27,157,22,HASH_JOIN,JOIN,33,PARTITIONED,PIPELINEABLE,0,1,2,6584486,7,201606110,0.20160611,1,164386,5,6569839,0.006569839,0.032587,0.024966,24819
q5,q5,/home/dy1013/sirius_multi-gpu/experiment/join_retention_runs/join_retention_20260630_075038/queries/q5/log_dir/sirius_2026-06-30.log,27,172,22,HASH_JOIN,JOIN,33,PARTITIONED,PIPELINEABLE,1,1,2,17520767,7,551565725,0.551565725,1,493525,5,19742905,0.019742905,0.035794,0.028168,24607
q5,q5,/home/dy1013/sirius_multi-gpu/experiment/join_retention_runs/join_retention_20260630_075038/queries/q5/log_dir/sirius_2026-06-30.log,27,156,22,HASH_JOIN,JOIN,33,PARTITIONED,PIPELINEABLE,0,1,2,17496971,7,550805630,0.55080563,1,495627,5,19836082,0.019836082,0.036013,0.028326,25057
q5,q5,/home/dy1013/sirius_multi-gpu/experiment/join_retention_runs/join_retention_20260630_075038/queries/q5/log_dir/sirius_2026-06-30.log,27,201,22,HASH_JOIN,JOIN,33,PARTITIONED,PIPELINEABLE,3,1,2,6588094,7,201714112,0.201714112,1,166553,5,6660678,0.006660678,0.03302,0.025281,24764
q5,q5,/home/dy1013/sirius_multi-gpu/experiment/join_retention_runs/join_retention_20260630_075038/queries/q5/log_dir/sirius_2026-06-30.log,27,186,22,HASH_JOIN,JOIN,33,PARTITIONED,PIPELINEABLE,2,1,2,17513220,7,551317788,0.551317788,1,497715,5,19910857,0.019910857,0.036115,0.028419,24935
q5,q5,/home/dy1013/sirius_multi-gpu/experiment/join_retention_runs/join_retention_20260630_075038/queries/q5/log_dir/sirius_2026-06-30.log,27,199,22,HASH_JOIN,JOIN,33,PARTITIONED,PIPELINEABLE,3,1,2,6599180,7,202068864,0.202068864,1,166020,5,6637613,0.006637613,0.032848,0.025158,24902
q5,q5,/home/dy1013/sirius_multi-gpu/experiment/join_retention_runs/join_retention_20260630_075038/queries/q5/log_dir/sirius_2026-06-30.log,27,184,22,HASH_JOIN,JOIN,33,PARTITIONED,PIPELINEABLE,2,1,2,17507222,7,551125852,0.551125852,1,497281,5,19893689,0.019893689,0.036096,0.028404,25234
q5,q5,/home/dy1013/sirius_multi-gpu/experiment/join_retention_runs/join_retention_20260630_075038/queries/q5/log_dir/sirius_2026-06-30.log,27,171,22,HASH_JOIN,JOIN,33,PARTITIONED,PIPELINEABLE,1,1,2,6584645,7,201609821,0.201609821,1,166114,5,6640007,0.006640007,0.032935,0.025227,25653
q5,q5,/home/dy1013/sirius_multi-gpu/experiment/join_retention_runs/join_retention_20260630_075038/queries/q5/log_dir/sirius_2026-06-30.log,27,159,22,HASH_JOIN,JOIN,33,PARTITIONED,PIPELINEABLE,0,1,2,6587141,7,201691070,0.20169107,1,165857,5,6635907,0.006635907,0.032901,0.025179,26108
q5,q5,/home/dy1013/sirius_multi-gpu/experiment/join_retention_runs/join_retention_20260630_075038/queries/q5/log_dir/sirius_2026-06-30.log,27,173,22,HASH_JOIN,JOIN,33,PARTITIONED,PIPELINEABLE,1,1,2,6587097,7,201688285,0.201688285,1,164613,5,6585391,0.006585391,0.032651,0.02499,26742
q5,q5,/home/dy1013/sirius_multi-gpu/experiment/join_retention_runs/join_retention_20260630_075038/queries/q5/log_dir/sirius_2026-06-30.log,27,185,22,HASH_JOIN,JOIN,33,PARTITIONED,PIPELINEABLE,2,1,2,6578762,7,201415132,0.201415132,1,165518,5,6621708,0.006621708,0.032876,0.025159,27695
q5,q5,/home/dy1013/sirius_multi-gpu/experiment/join_retention_runs/join_retention_20260630_075038/queries/q5/log_dir/sirius_2026-06-30.log,27,170,22,HASH_JOIN,JOIN,33,PARTITIONED,PIPELINEABLE,1,1,2,17492394,7,550657789,0.550657789,1,495279,5,19809909,0.019809909,0.035975,0.028314,29303
q5,q5,/home/dy1013/sirius_multi-gpu/experiment/join_retention_runs/join_retention_20260630_075038/queries/q5/log_dir/sirius_2026-06-30.log,27,187,22,HASH_JOIN,JOIN,33,PARTITIONED,PIPELINEABLE,2,1,2,6584362,7,201594332,0.201594332,1,164569,5,6585595,0.006585595,0.032668,0.024994,29667
q5,q5,/home/dy1013/sirius_multi-gpu/experiment/join_retention_runs/join_retention_20260630_075038/queries/q5/log_dir/sirius_2026-06-30.log,27,200,22,HASH_JOIN,JOIN,33,PARTITIONED,PIPELINEABLE,3,1,2,17513355,7,551322464,0.551322464,1,496494,5,19857518,0.019857518,0.036018,0.028349,33973
q5,q5,/home/dy1013/sirius_multi-gpu/experiment/join_retention_runs/join_retention_20260630_075038/queries/q5/log_dir/sirius_2026-06-30.log,27,158,22,HASH_JOIN,JOIN,33,PARTITIONED,PIPELINEABLE,0,1,2,17515398,7,551395294,0.551395294,1,495685,5,19819691,0.019819691,0.035945,0.0283,34606
q5,q5,/home/dy1013/sirius_multi-gpu/experiment/join_retention_runs/join_retention_20260630_075038/queries/q5/log_dir/sirius_2026-06-30.log,27,204,22,HASH_JOIN,JOIN,33,PARTITIONED,PIPELINEABLE,3,1,2,6591093,7,201810080,0.20181008,1,163800,5,6550165,0.006550165,0.032457,0.024852,12338
q5,q5,/home/dy1013/sirius_multi-gpu/experiment/join_retention_runs/join_retention_20260630_075038/queries/q5/log_dir/sirius_2026-06-30.log,27,202,22,HASH_JOIN,JOIN,33,PARTITIONED,PIPELINEABLE,3,1,2,6591820,7,201833344,0.201833344,1,165451,5,6617493,0.006617493,0.032787,0.025099,13267
q5,q5,/home/dy1013/sirius_multi-gpu/experiment/join_retention_runs/join_retention_20260630_075038/queries/q5/log_dir/sirius_2026-06-30.log,27,174,22,HASH_JOIN,JOIN,33,PARTITIONED,PIPELINEABLE,1,1,2,17477560,7,550183101,0.550183101,1,495888,5,19836748,0.019836748,0.036055,0.028373,16455
q5,q5,/home/dy1013/sirius_multi-gpu/experiment/join_retention_runs/join_retention_20260630_075038/queries/q5/log_dir/sirius_2026-06-30.log,27,188,22,HASH_JOIN,JOIN,33,PARTITIONED,PIPELINEABLE,2,1,2,17482636,7,550339100,0.5503391,1,497919,5,19916374,0.019916374,0.036189,0.028481,16687
q5,q5,/home/dy1013/sirius_multi-gpu/experiment/join_retention_runs/join_retention_20260630_075038/queries/q5/log_dir/sirius_2026-06-30.log,27,175,22,HASH_JOIN,JOIN,33,PARTITIONED,PIPELINEABLE,1,1,2,6585516,7,201637693,0.201637693,1,166275,5,6654348,0.006654348,0.033002,0.025249,16056
q5,q5,/home/dy1013/sirius_multi-gpu/experiment/join_retention_runs/join_retention_20260630_075038/queries/q5/log_dir/sirius_2026-06-30.log,27,203,22,HASH_JOIN,JOIN,33,PARTITIONED,PIPELINEABLE,3,1,2,17488373,7,550523040,0.55052304,1,493775,5,19744725,0.019744725,0.035865,0.028234,17331
q5,q5,/home/dy1013/sirius_multi-gpu/experiment/join_retention_runs/join_retention_20260630_075038/queries/q5/log_dir/sirius_2026-06-30.log,27,160,22,HASH_JOIN,JOIN,33,PARTITIONED,PIPELINEABLE,0,1,2,17492520,7,550663198,0.550663198,1,497282,5,19883688,0.019883688,0.036109,0.028428,18129
q5,q5,/home/dy1013/sirius_multi-gpu/experiment/join_retention_runs/join_retention_20260630_075038/queries/q5/log_dir/sirius_2026-06-30.log,27,162,22,HASH_JOIN,JOIN,33,PARTITIONED,PIPELINEABLE,0,1,2,17500495,7,550918398,0.550918398,1,495695,5,19820720,0.01982072,0.035978,0.028325,17243
q5,q5,/home/dy1013/sirius_multi-gpu/experiment/join_retention_runs/join_retention_20260630_075038/queries/q5/log_dir/sirius_2026-06-30.log,27,189,22,HASH_JOIN,JOIN,33,PARTITIONED,PIPELINEABLE,2,1,2,6584160,7,201587868,0.201587868,1,165171,5,6602861,0.006602861,0.032754,0.025086,18596
q5,q5,/home/dy1013/sirius_multi-gpu/experiment/join_retention_runs/join_retention_20260630_075038/queries/q5/log_dir/sirius_2026-06-30.log,27,177,22,HASH_JOIN,JOIN,33,PARTITIONED,PIPELINEABLE,1,1,2,6592680,7,201866941,0.201866941,1,164710,5,6588249,0.006588249,0.032637,0.024984,14872
q5,q5,/home/dy1013/sirius_multi-gpu/experiment/join_retention_runs/join_retention_20260630_075038/queries/q5/log_dir/sirius_2026-06-30.log,27,161,22,HASH_JOIN,JOIN,33,PARTITIONED,PIPELINEABLE,0,1,2,6585221,7,201629630,0.20162963,1,165850,5,6635365,0.006635365,0.032909,0.025185,19171
q5,q5,/home/dy1013/sirius_multi-gpu/experiment/join_retention_runs/join_retention_20260630_075038/queries/q5/log_dir/sirius_2026-06-30.log,27,190,22,HASH_JOIN,JOIN,33,PARTITIONED,PIPELINEABLE,2,1,2,17517655,7,551459708,0.551459708,1,497531,5,19903733,0.019903733,0.036093,0.028402,16792
q5,q5,/home/dy1013/sirius_multi-gpu/experiment/join_retention_runs/join_retention_20260630_075038/queries/q5/log_dir/sirius_2026-06-30.log,27,176,22,HASH_JOIN,JOIN,33,PARTITIONED,PIPELINEABLE,1,1,2,17524906,7,551698173,0.551698173,1,497380,5,19888406,0.019888406,0.036049,0.028381,18950
q5,q5,/home/dy1013/sirius_multi-gpu/experiment/join_retention_runs/join_retention_20260630_075038/queries/q5/log_dir/sirius_2026-06-30.log,27,163,22,HASH_JOIN,JOIN,33,PARTITIONED,PIPELINEABLE,0,1,2,6585596,7,201641630,0.20164163,1,165119,5,6607301,0.006607301,0.032768,0.025073,16515
q5,q5,/home/dy1013/sirius_multi-gpu/experiment/join_retention_runs/join_retention_20260630_075038/queries/q5/log_dir/sirius_2026-06-30.log,27,191,22,HASH_JOIN,JOIN,33,PARTITIONED,PIPELINEABLE,2,1,2,6578268,7,201399324,0.201399324,1,165099,5,6605638,0.006605638,0.032799,0.025098,21799
q5,q5,/home/dy1013/sirius_multi-gpu/experiment/join_retention_runs/join_retention_20260630_075038/queries/q5/log_dir/sirius_2026-06-30.log,27,205,22,HASH_JOIN,JOIN,33,PARTITIONED,PIPELINEABLE,3,1,2,17503873,7,551019040,0.55101904,1,497012,5,19875548,0.019875548,0.036071,0.028394,17956
q5,q5,/home/dy1013/sirius_multi-gpu/experiment/join_retention_runs/join_retention_20260630_075038/queries/q5/log_dir/sirius_2026-06-30.log,27,206,22,HASH_JOIN,JOIN,33,PARTITIONED,PIPELINEABLE,3,1,2,6580828,7,201481600,0.2014816,1,165057,5,6601473,0.006601473,0.032765,0.025081,17780
q5,q5,/home/dy1013/sirius_multi-gpu/experiment/join_retention_runs/join_retention_20260630_075038/queries/q5/log_dir/sirius_2026-06-30.log,27,208,22,HASH_JOIN,JOIN,33,PARTITIONED,PIPELINEABLE,3,1,2,6585187,7,201621088,0.201621088,1,165662,5,6623923,0.006623923,0.032853,0.025157,14567
q5,q5,/home/dy1013/sirius_multi-gpu/experiment/join_retention_runs/join_retention_20260630_075038/queries/q5/log_dir/sirius_2026-06-30.log,27,207,22,HASH_JOIN,JOIN,33,PARTITIONED,PIPELINEABLE,3,1,2,17509848,7,551210240,0.55121024,1,496688,5,19872487,0.019872487,0.036052,0.028366,19415
q5,q5,/home/dy1013/sirius_multi-gpu/experiment/join_retention_runs/join_retention_20260630_075038/queries/q5/log_dir/sirius_2026-06-30.log,27,178,22,HASH_JOIN,JOIN,33,PARTITIONED,PIPELINEABLE,1,1,2,17489719,7,550572189,0.550572189,1,498121,5,19927725,0.019927725,0.036195,0.028481,17667
q5,q5,/home/dy1013/sirius_multi-gpu/experiment/join_retention_runs/join_retention_20260630_075038/queries/q5/log_dir/sirius_2026-06-30.log,27,179,22,HASH_JOIN,JOIN,33,PARTITIONED,PIPELINEABLE,1,1,2,6588353,7,201728477,0.201728477,1,163285,5,6531292,0.006531292,0.032377,0.024784,17152
q5,q5,/home/dy1013/sirius_multi-gpu/experiment/join_retention_runs/join_retention_20260630_075038/queries/q5/log_dir/sirius_2026-06-30.log,27,164,22,HASH_JOIN,JOIN,33,PARTITIONED,PIPELINEABLE,0,1,2,6587700,7,201708958,0.201708958,1,165508,5,6623492,0.006623492,0.032837,0.025124,16236
q5,q5,/home/dy1013/sirius_multi-gpu/experiment/join_retention_runs/join_retention_20260630_075038/queries/q5/log_dir/sirius_2026-06-30.log,27,180,22,HASH_JOIN,JOIN,33,PARTITIONED,PIPELINEABLE,1,1,2,6584725,7,201612381,0.201612381,1,165441,5,6613667,0.006613667,0.032804,0.025125,15099
q5,q5,/home/dy1013/sirius_multi-gpu/experiment/join_retention_runs/join_retention_20260630_075038/queries/q5/log_dir/sirius_2026-06-30.log,27,181,22,HASH_JOIN,JOIN,33,PARTITIONED,PIPELINEABLE,1,1,2,17488153,7,550522077,0.550522077,1,495515,5,19820506,0.019820506,0.036003,0.028334,13398
q5,q5,/home/dy1013/sirius_multi-gpu/experiment/join_retention_runs/join_retention_20260630_075038/queries/q5/log_dir/sirius_2026-06-30.log,27,192,22,HASH_JOIN,JOIN,33,PARTITIONED,PIPELINEABLE,2,1,2,17465204,7,549781276,0.549781276,1,492463,5,19689783,0.019689783,0.035814,0.028197,17806
q5,q5,/home/dy1013/sirius_multi-gpu/experiment/join_retention_runs/join_retention_20260630_075038/queries/q5/log_dir/sirius_2026-06-30.log,27,165,22,HASH_JOIN,JOIN,33,PARTITIONED,PIPELINEABLE,0,1,2,17477115,7,550170238,0.550170238,1,496097,5,19841755,0.019841755,0.036065,0.028386,16781
q5,q5,/home/dy1013/sirius_multi-gpu/experiment/join_retention_runs/join_retention_20260630_075038/queries/q5/log_dir/sirius_2026-06-30.log,27,166,22,HASH_JOIN,JOIN,33,PARTITIONED,PIPELINEABLE,0,1,2,6592879,7,201874686,0.201874686,1,165487,5,6618485,0.006618485,0.032785,0.025101,16319
q5,q5,/home/dy1013/sirius_multi-gpu/experiment/join_retention_runs/join_retention_20260630_075038/queries/q5/log_dir/sirius_2026-06-30.log,27,193,22,HASH_JOIN,JOIN,33,PARTITIONED,PIPELINEABLE,2,1,2,6589850,7,201769948,0.201769948,1,166158,5,6643385,0.006643385,0.032926,0.025214,17706
q5,q5,/home/dy1013/sirius_multi-gpu/experiment/join_retention_runs/join_retention_20260630_075038/queries/q5/log_dir/sirius_2026-06-30.log,27,194,22,HASH_JOIN,JOIN,33,PARTITIONED,PIPELINEABLE,2,1,2,6584167,7,201588092,0.201588092,1,167310,5,6691889,0.006691889,0.033196,0.025411,21031
q5,q5,/home/dy1013/sirius_multi-gpu/experiment/join_retention_runs/join_retention_20260630_075038/queries/q5/log_dir/sirius_2026-06-30.log,27,167,22,HASH_JOIN,JOIN,33,PARTITIONED,PIPELINEABLE,0,1,2,17486893,7,550483134,0.550483134,1,495709,5,19831471,0.019831471,0.036026,0.028347,16465
q5,q5,/home/dy1013/sirius_multi-gpu/experiment/join_retention_runs/join_retention_20260630_075038/queries/q5/log_dir/sirius_2026-06-30.log,27,209,22,HASH_JOIN,JOIN,33,PARTITIONED,PIPELINEABLE,3,1,2,17488835,7,550537824,0.550537824,1,494925,5,19798354,0.019798354,0.035962,0.028299,15192
q5,q5,/home/dy1013/sirius_multi-gpu/experiment/join_retention_runs/join_retention_20260630_075038/queries/q5/log_dir/sirius_2026-06-30.log,27,195,22,HASH_JOIN,JOIN,33,PARTITIONED,PIPELINEABLE,2,1,2,17477371,7,550170620,0.55017062,1,496724,5,19867504,0.019867504,0.036112,0.028421,16507
q5,q5,/home/dy1013/sirius_multi-gpu/experiment/join_retention_runs/join_retention_20260630_075038/queries/q5/log_dir/sirius_2026-06-30.log,27,211,22,HASH_JOIN,JOIN,33,PARTITIONED,PIPELINEABLE,3,1,2,17489736,7,550566656,0.550566656,1,497049,5,19877891,0.019877891,0.036104,0.028419,11113
q5,q5,/home/dy1013/sirius_multi-gpu/experiment/join_retention_runs/join_retention_20260630_075038/queries/q5/log_dir/sirius_2026-06-30.log,27,210,22,HASH_JOIN,JOIN,33,PARTITIONED,PIPELINEABLE,3,1,2,3953542,7,117408448,0.117408448,1,85703,5,3424788,0.003424788,0.02917,0.021678,14655
q5,q5,/home/dy1013/sirius_multi-gpu/experiment/join_retention_runs/join_retention_20260630_075038/queries/q5/log_dir/sirius_2026-06-30.log,27,168,22,HASH_JOIN,JOIN,33,PARTITIONED,PIPELINEABLE,0,1,2,3942681,7,117068350,0.11706835,1,85167,5,3407432,0.003407432,0.029106,0.021601,11744
q5,q5,/home/dy1013/sirius_multi-gpu/experiment/join_retention_runs/join_retention_20260630_075038/queries/q5/log_dir/sirius_2026-06-30.log,27,196,22,HASH_JOIN,JOIN,33,PARTITIONED,PIPELINEABLE,2,1,2,3946318,7,117176924,0.117176924,1,84111,5,3366416,0.003366416,0.028729,0.021314,11338
q5,q5,/home/dy1013/sirius_multi-gpu/experiment/join_retention_runs/join_retention_20260630_075038/queries/q5/log_dir/sirius_2026-06-30.log,27,182,22,HASH_JOIN,JOIN,33,PARTITIONED,PIPELINEABLE,1,1,2,3935124,7,116825149,0.116825149,1,83589,5,3345130,0.00334513,0.028634,0.021242,12022
q5,q5,/home/dy1013/sirius_multi-gpu/experiment/join_retention_runs/join_retention_20260630_075038/queries/q5/log_dir/sirius_2026-06-30.log,27,183,22,HASH_JOIN,JOIN,33,PARTITIONED,PIPELINEABLE,1,1,2,17480553,7,550278877,0.550278877,1,496729,5,19860996,0.019860996,0.036093,0.028416,12060
q5,q5,/home/dy1013/sirius_multi-gpu/experiment/join_retention_runs/join_retention_20260630_075038/queries/q5/log_dir/sirius_2026-06-30.log,27,197,22,HASH_JOIN,JOIN,33,PARTITIONED,PIPELINEABLE,2,1,2,17489428,7,550556444,0.550556444,1,492776,5,19711256,0.019711256,0.035802,0.028176,9826
q5,q5,/home/dy1013/sirius_multi-gpu/experiment/join_retention_runs/join_retention_20260630_075038/queries/q5/log_dir/sirius_2026-06-30.log,27,169,22,HASH_JOIN,JOIN,33,PARTITIONED,PIPELINEABLE,0,1,2,17482204,7,550333086,0.550333086,1,496749,5,19867859,0.019867859,0.036102,0.028415,11565
q5,q5,/home/dy1013/sirius_multi-gpu/experiment/join_retention_runs/join_retention_20260630_075038/queries/q5/log_dir/sirius_2026-06-30.log,21,212,47,GPU_SCAN,SCAN,94,GPU_SCAN,PIPELINEABLE,1,1,0,0,0,0,0.0,1,1000000,2,12250112,0.012250112,0.0,0.0,22581
q5,q5,/home/dy1013/sirius_multi-gpu/experiment/join_retention_runs/join_retention_20260630_075038/queries/q5/log_dir/sirius_2026-06-30.log,22,213,49,PARTITION,PARTITION,82,PIPELINEABLE,PIPELINEABLE,1,1,1,1000000,2,12250112,0.012250112,1,1000000,2,12250112,0.012250112,1.0,1.0,4
q5,q5,/home/dy1013/sirius_multi-gpu/experiment/join_retention_runs/join_retention_20260630_075038/queries/q5/log_dir/sirius_2026-06-30.log,23,214,48,CONCAT,CONCAT,83,PARTITIONED,PARTITIONED,0,1,1,1000000,2,12250112,0.012250112,1,1000000,2,12250112,0.012250112,1.0,1.0,7
q5,q5,/home/dy1013/sirius_multi-gpu/experiment/join_retention_runs/join_retention_20260630_075038/queries/q5/log_dir/sirius_2026-06-30.log,28,217,54,PARTITION,PARTITION,82,PIPELINEABLE,PIPELINEABLE,1,1,1,493525,5,19742905,0.019742905,1,493525,5,19742905,0.019742905,1.0,1.0,2
q5,q5,/home/dy1013/sirius_multi-gpu/experiment/join_retention_runs/join_retention_20260630_075038/queries/q5/log_dir/sirius_2026-06-30.log,28,216,54,PARTITION,PARTITION,82,PIPELINEABLE,PIPELINEABLE,0,1,1,164386,5,6569839,0.006569839,1,164386,5,6569839,0.006569839,1.0,1.0,4
q5,q5,/home/dy1013/sirius_multi-gpu/experiment/join_retention_runs/join_retention_20260630_075038/queries/q5/log_dir/sirius_2026-06-30.log,28,220,54,PARTITION,PARTITION,82,PIPELINEABLE,PIPELINEABLE,2,1,1,497715,5,19910857,0.019910857,1,497715,5,19910857,0.019910857,1.0,1.0,9
q5,q5,/home/dy1013/sirius_multi-gpu/experiment/join_retention_runs/join_retention_20260630_075038/queries/q5/log_dir/sirius_2026-06-30.log,28,218,54,PARTITION,PARTITION,82,PIPELINEABLE,PIPELINEABLE,0,1,1,495627,5,19836082,0.019836082,1,495627,5,19836082,0.019836082,1.0,1.0,15
q5,q5,/home/dy1013/sirius_multi-gpu/experiment/join_retention_runs/join_retention_20260630_075038/queries/q5/log_dir/sirius_2026-06-30.log,28,224,54,PARTITION,PARTITION,82,PIPELINEABLE,PIPELINEABLE,0,1,1,165857,5,6635907,0.006635907,1,165857,5,6635907,0.006635907,1.0,1.0,35
q5,q5,/home/dy1013/sirius_multi-gpu/experiment/join_retention_runs/join_retention_20260630_075038/queries/q5/log_dir/sirius_2026-06-30.log,28,225,54,PARTITION,PARTITION,82,PIPELINEABLE,PIPELINEABLE,1,1,1,164613,5,6585391,0.006585391,1,164613,5,6585391,0.006585391,1.0,1.0,25
q5,q5,/home/dy1013/sirius_multi-gpu/experiment/join_retention_runs/join_retention_20260630_075038/queries/q5/log_dir/sirius_2026-06-30.log,28,222,54,PARTITION,PARTITION,82,PIPELINEABLE,PIPELINEABLE,2,1,1,497281,5,19893689,0.019893689,1,497281,5,19893689,0.019893689,1.0,1.0,10
q5,q5,/home/dy1013/sirius_multi-gpu/experiment/join_retention_runs/join_retention_20260630_075038/queries/q5/log_dir/sirius_2026-06-30.log,28,226,54,PARTITION,PARTITION,82,PIPELINEABLE,PIPELINEABLE,2,1,1,165518,5,6621708,0.006621708,1,165518,5,6621708,0.006621708,1.0,1.0,4
q5,q5,/home/dy1013/sirius_multi-gpu/experiment/join_retention_runs/join_retention_20260630_075038/queries/q5/log_dir/sirius_2026-06-30.log,28,223,54,PARTITION,PARTITION,82,PIPELINEABLE,PIPELINEABLE,1,1,1,166114,5,6640007,0.006640007,1,166114,5,6640007,0.006640007,1.0,1.0,2
q5,q5,/home/dy1013/sirius_multi-gpu/experiment/join_retention_runs/join_retention_20260630_075038/queries/q5/log_dir/sirius_2026-06-30.log,28,230,54,PARTITION,PARTITION,82,PIPELINEABLE,PIPELINEABLE,0,1,1,495685,5,19819691,0.019819691,1,495685,5,19819691,0.019819691,1.0,1.0,3
q5,q5,/home/dy1013/sirius_multi-gpu/experiment/join_retention_runs/join_retention_20260630_075038/queries/q5/log_dir/sirius_2026-06-30.log,28,215,54,PARTITION,PARTITION,82,PIPELINEABLE,PIPELINEABLE,3,1,1,495561,5,19829935,0.019829935,1,495561,5,19829935,0.019829935,1.0,1.0,21
q5,q5,/home/dy1013/sirius_multi-gpu/experiment/join_retention_runs/join_retention_20260630_075038/queries/q5/log_dir/sirius_2026-06-30.log,28,228,54,PARTITION,PARTITION,82,PIPELINEABLE,PIPELINEABLE,2,1,1,164569,5,6585595,0.006585595,1,164569,5,6585595,0.006585595,1.0,1.0,19
q5,q5,/home/dy1013/sirius_multi-gpu/experiment/join_retention_runs/join_retention_20260630_075038/queries/q5/log_dir/sirius_2026-06-30.log,28,227,54,PARTITION,PARTITION,82,PIPELINEABLE,PIPELINEABLE,1,1,1,495279,5,19809909,0.019809909,1,495279,5,19809909,0.019809909,1.0,1.0,5
q5,q5,/home/dy1013/sirius_multi-gpu/experiment/join_retention_runs/join_retention_20260630_075038/queries/q5/log_dir/sirius_2026-06-30.log,28,221,54,PARTITION,PARTITION,82,PIPELINEABLE,PIPELINEABLE,3,1,1,166020,5,6637613,0.006637613,1,166020,5,6637613,0.006637613,1.0,1.0,5
q5,q5,/home/dy1013/sirius_multi-gpu/experiment/join_retention_runs/join_retention_20260630_075038/queries/q5/log_dir/sirius_2026-06-30.log,28,219,54,PARTITION,PARTITION,82,PIPELINEABLE,PIPELINEABLE,3,1,1,166553,5,6660678,0.006660678,1,166553,5,6660678,0.006660678,1.0,1.0,10
q5,q5,/home/dy1013/sirius_multi-gpu/experiment/join_retention_runs/join_retention_20260630_075038/queries/q5/log_dir/sirius_2026-06-30.log,28,229,54,PARTITION,PARTITION,82,PIPELINEABLE,PIPELINEABLE,3,1,1,496494,5,19857518,0.019857518,1,496494,5,19857518,0.019857518,1.0,1.0,3
q5,q5,/home/dy1013/sirius_multi-gpu/experiment/join_retention_runs/join_retention_20260630_075038/queries/q5/log_dir/sirius_2026-06-30.log,28,237,54,PARTITION,PARTITION,82,PIPELINEABLE,PIPELINEABLE,0,1,1,497282,5,19883688,0.019883688,1,497282,5,19883688,0.019883688,1.0,1.0,2
q5,q5,/home/dy1013/sirius_multi-gpu/experiment/join_retention_runs/join_retention_20260630_075038/queries/q5/log_dir/sirius_2026-06-30.log,28,231,54,PARTITION,PARTITION,82,PIPELINEABLE,PIPELINEABLE,3,1,1,163800,5,6550165,0.006550165,1,163800,5,6550165,0.006550165,1.0,1.0,4
q5,q5,/home/dy1013/sirius_multi-gpu/experiment/join_retention_runs/join_retention_20260630_075038/queries/q5/log_dir/sirius_2026-06-30.log,28,233,54,PARTITION,PARTITION,82,PIPELINEABLE,PIPELINEABLE,1,1,1,495888,5,19836748,0.019836748,1,495888,5,19836748,0.019836748,1.0,1.0,3
q5,q5,/home/dy1013/sirius_multi-gpu/experiment/join_retention_runs/join_retention_20260630_075038/queries/q5/log_dir/sirius_2026-06-30.log,28,238,54,PARTITION,PARTITION,82,PIPELINEABLE,PIPELINEABLE,0,1,1,495695,5,19820720,0.01982072,1,495695,5,19820720,0.01982072,1.0,1.0,6
q5,q5,/home/dy1013/sirius_multi-gpu/experiment/join_retention_runs/join_retention_20260630_075038/queries/q5/log_dir/sirius_2026-06-30.log,28,241,54,PARTITION,PARTITION,82,PIPELINEABLE,PIPELINEABLE,0,1,1,165850,5,6635365,0.006635365,1,165850,5,6635365,0.006635365,1.0,1.0,2
q5,q5,/home/dy1013/sirius_multi-gpu/experiment/join_retention_runs/join_retention_20260630_075038/queries/q5/log_dir/sirius_2026-06-30.log,28,232,54,PARTITION,PARTITION,82,PIPELINEABLE,PIPELINEABLE,3,1,1,165451,5,6617493,0.006617493,1,165451,5,6617493,0.006617493,1.0,1.0,5
q5,q5,/home/dy1013/sirius_multi-gpu/experiment/join_retention_runs/join_retention_20260630_075038/queries/q5/log_dir/sirius_2026-06-30.log,28,239,54,PARTITION,PARTITION,82,PIPELINEABLE,PIPELINEABLE,2,1,1,165171,5,6602861,0.006602861,1,165171,5,6602861,0.006602861,1.0,1.0,3
q5,q5,/home/dy1013/sirius_multi-gpu/experiment/join_retention_runs/join_retention_20260630_075038/queries/q5/log_dir/sirius_2026-06-30.log,28,235,54,PARTITION,PARTITION,82,PIPELINEABLE,PIPELINEABLE,1,1,1,166275,5,6654348,0.006654348,1,166275,5,6654348,0.006654348,1.0,1.0,2
q5,q5,/home/dy1013/sirius_multi-gpu/experiment/join_retention_runs/join_retention_20260630_075038/queries/q5/log_dir/sirius_2026-06-30.log,28,244,54,PARTITION,PARTITION,82,PIPELINEABLE,PIPELINEABLE,0,1,1,165119,5,6607301,0.006607301,1,165119,5,6607301,0.006607301,1.0,1.0,2
q5,q5,/home/dy1013/sirius_multi-gpu/experiment/join_retention_runs/join_retention_20260630_075038/queries/q5/log_dir/sirius_2026-06-30.log,28,234,54,PARTITION,PARTITION,82,PIPELINEABLE,PIPELINEABLE,2,1,1,497919,5,19916374,0.019916374,1,497919,5,19916374,0.019916374,1.0,1.0,3
q5,q5,/home/dy1013/sirius_multi-gpu/experiment/join_retention_runs/join_retention_20260630_075038/queries/q5/log_dir/sirius_2026-06-30.log,28,236,54,PARTITION,PARTITION,82,PIPELINEABLE,PIPELINEABLE,3,1,1,493775,5,19744725,0.019744725,1,493775,5,19744725,0.019744725,1.0,1.0,3
q5,q5,/home/dy1013/sirius_multi-gpu/experiment/join_retention_runs/join_retention_20260630_075038/queries/q5/log_dir/sirius_2026-06-30.log,28,252,54,PARTITION,PARTITION,82,PIPELINEABLE,PIPELINEABLE,0,1,1,165508,5,6623492,0.006623492,1,165508,5,6623492,0.006623492,1.0,1.0,5
q5,q5,/home/dy1013/sirius_multi-gpu/experiment/join_retention_runs/join_retention_20260630_075038/queries/q5/log_dir/sirius_2026-06-30.log,28,242,54,PARTITION,PARTITION,82,PIPELINEABLE,PIPELINEABLE,2,1,1,497531,5,19903733,0.019903733,1,497531,5,19903733,0.019903733,1.0,1.0,5
q5,q5,/home/dy1013/sirius_multi-gpu/experiment/join_retention_runs/join_retention_20260630_075038/queries/q5/log_dir/sirius_2026-06-30.log,28,240,54,PARTITION,PARTITION,82,PIPELINEABLE,PIPELINEABLE,1,1,1,164710,5,6588249,0.006588249,1,164710,5,6588249,0.006588249,1.0,1.0,4
q5,q5,/home/dy1013/sirius_multi-gpu/experiment/join_retention_runs/join_retention_20260630_075038/queries/q5/log_dir/sirius_2026-06-30.log,28,246,54,PARTITION,PARTITION,82,PIPELINEABLE,PIPELINEABLE,3,1,1,497012,5,19875548,0.019875548,1,497012,5,19875548,0.019875548,1.0,1.0,9
q5,q5,/home/dy1013/sirius_multi-gpu/experiment/join_retention_runs/join_retention_20260630_075038/queries/q5/log_dir/sirius_2026-06-30.log,28,247,54,PARTITION,PARTITION,82,PIPELINEABLE,PIPELINEABLE,3,1,1,165057,5,6601473,0.006601473,1,165057,5,6601473,0.006601473,1.0,1.0,3
q5,q5,/home/dy1013/sirius_multi-gpu/experiment/join_retention_runs/join_retention_20260630_075038/queries/q5/log_dir/sirius_2026-06-30.log,28,248,54,PARTITION,PARTITION,82,PIPELINEABLE,PIPELINEABLE,3,1,1,165662,5,6623923,0.006623923,1,165662,5,6623923,0.006623923,1.0,1.0,4
q5,q5,/home/dy1013/sirius_multi-gpu/experiment/join_retention_runs/join_retention_20260630_075038/queries/q5/log_dir/sirius_2026-06-30.log,28,256,54,PARTITION,PARTITION,82,PIPELINEABLE,PIPELINEABLE,0,1,1,496097,5,19841755,0.019841755,1,496097,5,19841755,0.019841755,1.0,1.0,5
q5,q5,/home/dy1013/sirius_multi-gpu/experiment/join_retention_runs/join_retention_20260630_075038/queries/q5/log_dir/sirius_2026-06-30.log,28,243,54,PARTITION,PARTITION,82,PIPELINEABLE,PIPELINEABLE,1,1,1,497380,5,19888406,0.019888406,1,497380,5,19888406,0.019888406,1.0,1.0,1
q5,q5,/home/dy1013/sirius_multi-gpu/experiment/join_retention_runs/join_retention_20260630_075038/queries/q5/log_dir/sirius_2026-06-30.log,28,257,54,PARTITION,PARTITION,82,PIPELINEABLE,PIPELINEABLE,0,1,1,165487,5,6618485,0.006618485,1,165487,5,6618485,0.006618485,1.0,1.0,7
q5,q5,/home/dy1013/sirius_multi-gpu/experiment/join_retention_runs/join_retention_20260630_075038/queries/q5/log_dir/sirius_2026-06-30.log,28,245,54,PARTITION,PARTITION,82,PIPELINEABLE,PIPELINEABLE,2,1,1,165099,5,6605638,0.006605638,1,165099,5,6605638,0.006605638,1.0,1.0,2
q5,q5,/home/dy1013/sirius_multi-gpu/experiment/join_retention_runs/join_retention_20260630_075038/queries/q5/log_dir/sirius_2026-06-30.log,28,260,54,PARTITION,PARTITION,82,PIPELINEABLE,PIPELINEABLE,0,1,1,495709,5,19831471,0.019831471,1,495709,5,19831471,0.019831471,1.0,1.0,2
q5,q5,/home/dy1013/sirius_multi-gpu/experiment/join_retention_runs/join_retention_20260630_075038/queries/q5/log_dir/sirius_2026-06-30.log,28,250,54,PARTITION,PARTITION,82,PIPELINEABLE,PIPELINEABLE,1,1,1,498121,5,19927725,0.019927725,1,498121,5,19927725,0.019927725,1.0,1.0,3
q5,q5,/home/dy1013/sirius_multi-gpu/experiment/join_retention_runs/join_retention_20260630_075038/queries/q5/log_dir/sirius_2026-06-30.log,28,251,54,PARTITION,PARTITION,82,PIPELINEABLE,PIPELINEABLE,1,1,1,163285,5,6531292,0.006531292,1,163285,5,6531292,0.006531292,1.0,1.0,1
q5,q5,/home/dy1013/sirius_multi-gpu/experiment/join_retention_runs/join_retention_20260630_075038/queries/q5/log_dir/sirius_2026-06-30.log,28,249,54,PARTITION,PARTITION,82,PIPELINEABLE,PIPELINEABLE,3,1,1,496688,5,19872487,0.019872487,1,496688,5,19872487,0.019872487,1.0,1.0,3
q5,q5,/home/dy1013/sirius_multi-gpu/experiment/join_retention_runs/join_retention_20260630_075038/queries/q5/log_dir/sirius_2026-06-30.log,28,261,54,PARTITION,PARTITION,82,PIPELINEABLE,PIPELINEABLE,3,1,1,494925,5,19798354,0.019798354,1,494925,5,19798354,0.019798354,1.0,1.0,2
q5,q5,/home/dy1013/sirius_multi-gpu/experiment/join_retention_runs/join_retention_20260630_075038/queries/q5/log_dir/sirius_2026-06-30.log,28,258,54,PARTITION,PARTITION,82,PIPELINEABLE,PIPELINEABLE,2,1,1,166158,5,6643385,0.006643385,1,166158,5,6643385,0.006643385,1.0,1.0,3
q5,q5,/home/dy1013/sirius_multi-gpu/experiment/join_retention_runs/join_retention_20260630_075038/queries/q5/log_dir/sirius_2026-06-30.log,28,253,54,PARTITION,PARTITION,82,PIPELINEABLE,PIPELINEABLE,1,1,1,165441,5,6613667,0.006613667,1,165441,5,6613667,0.006613667,1.0,1.0,1
q5,q5,/home/dy1013/sirius_multi-gpu/experiment/join_retention_runs/join_retention_20260630_075038/queries/q5/log_dir/sirius_2026-06-30.log,28,263,54,PARTITION,PARTITION,82,PIPELINEABLE,PIPELINEABLE,3,1,1,497049,5,19877891,0.019877891,1,497049,5,19877891,0.019877891,1.0,1.0,2
q5,q5,/home/dy1013/sirius_multi-gpu/experiment/join_retention_runs/join_retention_20260630_075038/queries/q5/log_dir/sirius_2026-06-30.log,28,255,54,PARTITION,PARTITION,82,PIPELINEABLE,PIPELINEABLE,2,1,1,492463,5,19689783,0.019689783,1,492463,5,19689783,0.019689783,1.0,1.0,6
q5,q5,/home/dy1013/sirius_multi-gpu/experiment/join_retention_runs/join_retention_20260630_075038/queries/q5/log_dir/sirius_2026-06-30.log,28,254,54,PARTITION,PARTITION,82,PIPELINEABLE,PIPELINEABLE,1,1,1,495515,5,19820506,0.019820506,1,495515,5,19820506,0.019820506,1.0,1.0,2
q5,q5,/home/dy1013/sirius_multi-gpu/experiment/join_retention_runs/join_retention_20260630_075038/queries/q5/log_dir/sirius_2026-06-30.log,28,265,54,PARTITION,PARTITION,82,PIPELINEABLE,PIPELINEABLE,0,1,1,85167,5,3407432,0.003407432,1,85167,5,3407432,0.003407432,1.0,1.0,6
q5,q5,/home/dy1013/sirius_multi-gpu/experiment/join_retention_runs/join_retention_20260630_075038/queries/q5/log_dir/sirius_2026-06-30.log,28,259,54,PARTITION,PARTITION,82,PIPELINEABLE,PIPELINEABLE,2,1,1,167310,5,6691889,0.006691889,1,167310,5,6691889,0.006691889,1.0,1.0,3
q5,q5,/home/dy1013/sirius_multi-gpu/experiment/join_retention_runs/join_retention_20260630_075038/queries/q5/log_dir/sirius_2026-06-30.log,28,267,54,PARTITION,PARTITION,82,PIPELINEABLE,PIPELINEABLE,1,1,1,83589,5,3345130,0.00334513,1,83589,5,3345130,0.00334513,1.0,1.0,5
q5,q5,/home/dy1013/sirius_multi-gpu/experiment/join_retention_runs/join_retention_20260630_075038/queries/q5/log_dir/sirius_2026-06-30.log,28,268,54,PARTITION,PARTITION,82,PIPELINEABLE,PIPELINEABLE,1,1,1,496729,5,19860996,0.019860996,1,496729,5,19860996,0.019860996,1.0,1.0,3
q5,q5,/home/dy1013/sirius_multi-gpu/experiment/join_retention_runs/join_retention_20260630_075038/queries/q5/log_dir/sirius_2026-06-30.log,28,270,54,PARTITION,PARTITION,82,PIPELINEABLE,PIPELINEABLE,0,1,1,496749,5,19867859,0.019867859,1,496749,5,19867859,0.019867859,1.0,1.0,9
q5,q5,/home/dy1013/sirius_multi-gpu/experiment/join_retention_runs/join_retention_20260630_075038/queries/q5/log_dir/sirius_2026-06-30.log,28,264,54,PARTITION,PARTITION,82,PIPELINEABLE,PIPELINEABLE,3,1,1,85703,5,3424788,0.003424788,1,85703,5,3424788,0.003424788,1.0,1.0,8
q5,q5,/home/dy1013/sirius_multi-gpu/experiment/join_retention_runs/join_retention_20260630_075038/queries/q5/log_dir/sirius_2026-06-30.log,28,262,54,PARTITION,PARTITION,82,PIPELINEABLE,PIPELINEABLE,2,1,1,496724,5,19867504,0.019867504,1,496724,5,19867504,0.019867504,1.0,1.0,1
q5,q5,/home/dy1013/sirius_multi-gpu/experiment/join_retention_runs/join_retention_20260630_075038/queries/q5/log_dir/sirius_2026-06-30.log,28,266,54,PARTITION,PARTITION,82,PIPELINEABLE,PIPELINEABLE,2,1,1,84111,5,3366416,0.003366416,1,84111,5,3366416,0.003366416,1.0,1.0,1
q5,q5,/home/dy1013/sirius_multi-gpu/experiment/join_retention_runs/join_retention_20260630_075038/queries/q5/log_dir/sirius_2026-06-30.log,28,269,54,PARTITION,PARTITION,82,PIPELINEABLE,PIPELINEABLE,2,1,1,492776,5,19711256,0.019711256,1,492776,5,19711256,0.019711256,1.0,1.0,1
q5,q5,/home/dy1013/sirius_multi-gpu/experiment/join_retention_runs/join_retention_20260630_075038/queries/q5/log_dir/sirius_2026-06-30.log,29,273,53,CONCAT,CONCAT,83,PARTITIONED,PARTITIONED,0,1,1,85167,5,3407432,0.003407432,1,85167,5,3407432,0.003407432,1.0,1.0,6
q5,q5,/home/dy1013/sirius_multi-gpu/experiment/join_retention_runs/join_retention_20260630_075038/queries/q5/log_dir/sirius_2026-06-30.log,29,274,53,CONCAT,CONCAT,83,PARTITIONED,PARTITIONED,0,1,1,167310,5,6691889,0.006691889,1,167310,5,6691889,0.006691889,1.0,1.0,5
q5,q5,/home/dy1013/sirius_multi-gpu/experiment/join_retention_runs/join_retention_20260630_075038/queries/q5/log_dir/sirius_2026-06-30.log,29,276,53,CONCAT,CONCAT,83,PARTITIONED,PARTITIONED,0,1,2,576887,10,23077672,0.023077672,1,576887,5,23077668,0.023077668,1.0,1.0,5523
q5,q5,/home/dy1013/sirius_multi-gpu/experiment/join_retention_runs/join_retention_20260630_075038/queries/q5/log_dir/sirius_2026-06-30.log,30,277,24,HASH_JOIN,JOIN,33,PARTITIONED,PIPELINEABLE,0,3,2,1085167,7,15657544,0.015657544,1,3387,5,136506,0.000136506,0.008718,0.003121,6816
q5,q5,/home/dy1013/sirius_multi-gpu/experiment/join_retention_runs/join_retention_20260630_075038/queries/q5/log_dir/sirius_2026-06-30.log,29,275,53,CONCAT,CONCAT,83,PARTITIONED,PARTITIONED,0,1,5,1659494,25,66366277,0.066366277,1,1659494,5,66366261,0.066366261,1.0,1.0,10072
q5,q5,/home/dy1013/sirius_multi-gpu/experiment/join_retention_runs/join_retention_20260630_075038/queries/q5/log_dir/sirius_2026-06-30.log,29,272,53,CONCAT,CONCAT,83,PARTITIONED,PARTITIONED,0,1,6,2311551,30,92443586,0.092443586,1,2311551,5,92443566,0.092443566,1.0,1.0,8671
q5,q5,/home/dy1013/sirius_multi-gpu/experiment/join_retention_runs/join_retention_20260630_075038/queries/q5/log_dir/sirius_2026-06-30.log,30,277,25,PROJECTION,PROJECTION,13,PIPELINEABLE,PIPELINEABLE,0,3,1,3387,5,136506,0.000136506,1,3387,2,67870,6.787e-05,0.497194,1.0,4398
q5,q5,/home/dy1013/sirius_multi-gpu/experiment/join_retention_runs/join_retention_20260630_075038/queries/q5/log_dir/sirius_2026-06-30.log,30,278,24,HASH_JOIN,JOIN,33,PARTITIONED,PIPELINEABLE,0,3,1,167310,5,6691889,0.006691889,1,6793,5,273158,0.000273158,0.040819,0.040601,2778
q5,q5,/home/dy1013/sirius_multi-gpu/experiment/join_retention_runs/join_retention_20260630_075038/queries/q5/log_dir/sirius_2026-06-30.log,30,278,25,PROJECTION,PROJECTION,13,PIPELINEABLE,PIPELINEABLE,0,3,1,6793,5,273158,0.000273158,1,6793,2,135506,0.000135506,0.496072,1.0,633
q5,q5,/home/dy1013/sirius_multi-gpu/experiment/join_retention_runs/join_retention_20260630_075038/queries/q5/log_dir/sirius_2026-06-30.log,30,279,24,HASH_JOIN,JOIN,33,PARTITIONED,PIPELINEABLE,0,3,1,576887,5,23077668,0.023077668,1,22885,5,920118,0.000920118,0.03987,0.03967,2727
q5,q5,/home/dy1013/sirius_multi-gpu/experiment/join_retention_runs/join_retention_20260630_075038/queries/q5/log_dir/sirius_2026-06-30.log,30,279,25,PROJECTION,PROJECTION,13,PIPELINEABLE,PIPELINEABLE,0,3,1,22885,5,920118,0.000920118,1,22885,2,456658,0.000456658,0.496304,1.0,165
q5,q5,/home/dy1013/sirius_multi-gpu/experiment/join_retention_runs/join_retention_20260630_075038/queries/q5/log_dir/sirius_2026-06-30.log,30,279,26,HASH_GROUP_BY,AGGREGATE,9,PIPELINEABLE,PIPELINEABLE,0,3,1,22885,2,456658,0.000456658,1,5,2,144,1.44e-07,0.000315,0.000218,18046
q5,q5,/home/dy1013/sirius_multi-gpu/experiment/join_retention_runs/join_retention_20260630_075038/queries/q5/log_dir/sirius_2026-06-30.log,30,278,26,HASH_GROUP_BY,AGGREGATE,9,PIPELINEABLE,PIPELINEABLE,0,3,1,6793,2,135506,0.000135506,1,5,2,144,1.44e-07,0.001063,0.000736,20026
q5,q5,/home/dy1013/sirius_multi-gpu/experiment/join_retention_runs/join_retention_20260630_075038/queries/q5/log_dir/sirius_2026-06-30.log,30,277,26,HASH_GROUP_BY,AGGREGATE,9,PIPELINEABLE,PIPELINEABLE,0,3,1,3387,2,67870,6.787e-05,1,5,2,144,1.44e-07,0.002122,0.001476,23512
q5,q5,/home/dy1013/sirius_multi-gpu/experiment/join_retention_runs/join_retention_20260630_075038/queries/q5/log_dir/sirius_2026-06-30.log,30,280,24,HASH_JOIN,JOIN,33,PARTITIONED,PIPELINEABLE,0,3,1,1659494,5,66366261,0.066366261,1,67085,5,2699938,0.002699938,0.040682,0.040425,2914
q5,q5,/home/dy1013/sirius_multi-gpu/experiment/join_retention_runs/join_retention_20260630_075038/queries/q5/log_dir/sirius_2026-06-30.log,30,281,24,HASH_JOIN,JOIN,33,PARTITIONED,PIPELINEABLE,0,3,1,2311551,5,92443566,0.092443566,1,92853,5,3737478,0.003737478,0.04043,0.040169,2905
q5,q5,/home/dy1013/sirius_multi-gpu/experiment/join_retention_runs/join_retention_20260630_075038/queries/q5/log_dir/sirius_2026-06-30.log,30,280,25,PROJECTION,PROJECTION,13,PIPELINEABLE,PIPELINEABLE,0,3,1,67085,5,2699938,0.002699938,1,67085,2,1341342,0.001341342,0.496805,1.0,320
q5,q5,/home/dy1013/sirius_multi-gpu/experiment/join_retention_runs/join_retention_20260630_075038/queries/q5/log_dir/sirius_2026-06-30.log,30,281,25,PROJECTION,PROJECTION,13,PIPELINEABLE,PIPELINEABLE,0,3,1,92853,5,3737478,0.003737478,1,92853,2,1857122,0.001857122,0.496892,1.0,285
q5,q5,/home/dy1013/sirius_multi-gpu/experiment/join_retention_runs/join_retention_20260630_075038/queries/q5/log_dir/sirius_2026-06-30.log,29,271,53,CONCAT,CONCAT,83,PARTITIONED,PARTITIONED,0,1,41,13396368,205,535840789,0.535840789,1,13396368,5,535840629,0.535840629,1.0,1.0,7973
q5,q5,/home/dy1013/sirius_multi-gpu/experiment/join_retention_runs/join_retention_20260630_075038/queries/q5/log_dir/sirius_2026-06-30.log,30,280,26,HASH_GROUP_BY,AGGREGATE,9,PIPELINEABLE,PIPELINEABLE,0,3,1,67085,2,1341342,0.001341342,1,5,2,144,1.44e-07,0.000107,7.5e-05,7868
q5,q5,/home/dy1013/sirius_multi-gpu/experiment/join_retention_runs/join_retention_20260630_075038/queries/q5/log_dir/sirius_2026-06-30.log,30,282,24,HASH_JOIN,JOIN,33,PARTITIONED,PIPELINEABLE,0,3,1,13396368,5,535840629,0.535840629,1,537645,5,21640735,0.021640735,0.040387,0.040134,6735
q5,q5,/home/dy1013/sirius_multi-gpu/experiment/join_retention_runs/join_retention_20260630_075038/queries/q5/log_dir/sirius_2026-06-30.log,30,282,25,PROJECTION,PROJECTION,13,PIPELINEABLE,PIPELINEABLE,0,3,1,537645,5,21640735,0.021640735,1,537645,2,10753307,0.010753307,0.496901,1.0,247
q5,q5,/home/dy1013/sirius_multi-gpu/experiment/join_retention_runs/join_retention_20260630_075038/queries/q5/log_dir/sirius_2026-06-30.log,30,281,26,HASH_GROUP_BY,AGGREGATE,9,PIPELINEABLE,PIPELINEABLE,0,3,1,92853,2,1857122,0.001857122,1,5,2,144,1.44e-07,7.8e-05,5.4e-05,9919
q5,q5,/home/dy1013/sirius_multi-gpu/experiment/join_retention_runs/join_retention_20260630_075038/queries/q5/log_dir/sirius_2026-06-30.log,30,282,26,HASH_GROUP_BY,AGGREGATE,9,PIPELINEABLE,PIPELINEABLE,0,3,1,537645,2,10753307,0.010753307,1,5,2,144,1.44e-07,1.3e-05,9e-06,3778
q5,q5,/home/dy1013/sirius_multi-gpu/experiment/join_retention_runs/join_retention_20260630_075038/queries/q5/log_dir/sirius_2026-06-30.log,31,284,55,PARTITION,PARTITION,82,PIPELINEABLE,PIPELINEABLE,0,1,1,5,2,144,1.44e-07,1,5,2,144,1.44e-07,1.0,1.0,6
q5,q5,/home/dy1013/sirius_multi-gpu/experiment/join_retention_runs/join_retention_20260630_075038/queries/q5/log_dir/sirius_2026-06-30.log,31,285,55,PARTITION,PARTITION,82,PIPELINEABLE,PIPELINEABLE,0,1,1,5,2,144,1.44e-07,1,5,2,144,1.44e-07,1.0,1.0,21
q5,q5,/home/dy1013/sirius_multi-gpu/experiment/join_retention_runs/join_retention_20260630_075038/queries/q5/log_dir/sirius_2026-06-30.log,31,286,55,PARTITION,PARTITION,82,PIPELINEABLE,PIPELINEABLE,0,1,1,5,2,144,1.44e-07,1,5,2,144,1.44e-07,1.0,1.0,1
q5,q5,/home/dy1013/sirius_multi-gpu/experiment/join_retention_runs/join_retention_20260630_075038/queries/q5/log_dir/sirius_2026-06-30.log,31,287,55,PARTITION,PARTITION,82,PIPELINEABLE,PIPELINEABLE,0,1,1,5,2,144,1.44e-07,1,5,2,144,1.44e-07,1.0,1.0,1
q5,q5,/home/dy1013/sirius_multi-gpu/experiment/join_retention_runs/join_retention_20260630_075038/queries/q5/log_dir/sirius_2026-06-30.log,31,283,55,PARTITION,PARTITION,82,PIPELINEABLE,PIPELINEABLE,0,1,1,5,2,144,1.44e-07,1,5,2,144,1.44e-07,1.0,1.0,75
q5,q5,/home/dy1013/sirius_multi-gpu/experiment/join_retention_runs/join_retention_20260630_075038/queries/q5/log_dir/sirius_2026-06-30.log,31,288,55,PARTITION,PARTITION,82,PIPELINEABLE,PIPELINEABLE,0,1,1,5,2,144,1.44e-07,1,5,2,144,1.44e-07,1.0,1.0,1
q5,q5,/home/dy1013/sirius_multi-gpu/experiment/join_retention_runs/join_retention_20260630_075038/queries/q5/log_dir/sirius_2026-06-30.log,32,289,56,MERGE_GROUP_BY,AGGREGATE,85,PARTITIONED,PIPELINEABLE,0,1,6,30,12,864,8.64e-07,1,5,2,144,1.44e-07,0.166667,0.166667,2119
q5,q5,/home/dy1013/sirius_multi-gpu/experiment/join_retention_runs/join_retention_20260630_075038/queries/q5/log_dir/sirius_2026-06-30.log,33,290,27,ORDER_BY,SORT,1,PIPELINEABLE,PIPELINEABLE,0,1,1,5,2,144,1.44e-07,1,5,2,144,1.44e-07,1.0,1.0,4703
q5,q5,/home/dy1013/sirius_multi-gpu/experiment/join_retention_runs/join_retention_20260630_075038/queries/q5/log_dir/sirius_2026-06-30.log,34,291,57,SORT_SAMPLE,SORT,89,PIPELINEABLE,PIPELINEABLE,0,2,1,5,2,144,1.44e-07,1,5,2,144,1.44e-07,1.0,1.0,39
q5,q5,/home/dy1013/sirius_multi-gpu/experiment/join_retention_runs/join_retention_20260630_075038/queries/q5/log_dir/sirius_2026-06-30.log,34,291,58,SORT_PARTITION,SORT,88,PIPELINEABLE,PIPELINEABLE,0,2,1,5,2,144,1.44e-07,3,5,6,152,1.52e-07,1.055556,1.0,2387
q5,q5,/home/dy1013/sirius_multi-gpu/experiment/join_retention_runs/join_retention_20260630_075038/queries/q5/log_dir/sirius_2026-06-30.log,35,292,59,MERGE_SORT,SORT,84,PIPELINEABLE,PIPELINEABLE,0,1,3,5,6,152,1.52e-07,1,5,2,144,1.44e-07,0.947368,1.0,11558
q5,q5,/home/dy1013/sirius_multi-gpu/experiment/join_retention_runs/join_retention_20260630_075038/queries/q5/log_dir/sirius_2026-06-30.log,36,293,28,RESULT_COLLECTOR,RESULT,76,PIPELINEABLE,PIPELINEABLE,0,1,1,5,2,144,1.44e-07,1,5,2,144,1.44e-07,1.0,1.0,2
q6,q6,/home/dy1013/sirius_multi-gpu/experiment/join_retention_runs/join_retention_20260630_075038/queries/q6/log_dir/sirius_2026-06-30.log,0,0,7,GPU_SCAN,SCAN,94,GPU_SCAN,PIPELINEABLE,0,3,0,0,0,0,0.0,1,1201338,2,19521824,0.019521824,0.0,0.0,697554
q6,q6,/home/dy1013/sirius_multi-gpu/experiment/join_retention_runs/join_retention_20260630_075038/queries/q6/log_dir/sirius_2026-06-30.log,0,8,7,GPU_SCAN,SCAN,94,GPU_SCAN,PIPELINEABLE,0,3,0,0,0,0,0.0,1,1198819,2,19480880,0.01948088,0.0,0.0,707405
q6,q6,/home/dy1013/sirius_multi-gpu/experiment/join_retention_runs/join_retention_20260630_075038/queries/q6/log_dir/sirius_2026-06-30.log,0,0,4,PROJECTION,PROJECTION,13,PIPELINEABLE,PIPELINEABLE,0,3,1,1201338,2,19521824,0.019521824,1,1201338,1,9760912,0.009760912,0.5,1.0,23952
q6,q6,/home/dy1013/sirius_multi-gpu/experiment/join_retention_runs/join_retention_20260630_075038/queries/q6/log_dir/sirius_2026-06-30.log,0,8,4,PROJECTION,PROJECTION,13,PIPELINEABLE,PIPELINEABLE,0,3,1,1198819,2,19480880,0.01948088,1,1198819,1,9740440,0.00974044,0.5,1.0,14036
q6,q6,/home/dy1013/sirius_multi-gpu/experiment/join_retention_runs/join_retention_20260630_075038/queries/q6/log_dir/sirius_2026-06-30.log,0,8,5,UNGROUPED_AGGREGATE,AGGREGATE,8,PIPELINEABLE,PIPELINEABLE,0,3,1,1198819,1,9740440,0.00974044,1,1,1,16,1.6e-08,2e-06,1e-06,9846
q6,q6,/home/dy1013/sirius_multi-gpu/experiment/join_retention_runs/join_retention_20260630_075038/queries/q6/log_dir/sirius_2026-06-30.log,0,0,5,UNGROUPED_AGGREGATE,AGGREGATE,8,PIPELINEABLE,PIPELINEABLE,0,3,1,1201338,1,9760912,0.009760912,1,1,1,16,1.6e-08,2e-06,1e-06,10372
q6,q6,/home/dy1013/sirius_multi-gpu/experiment/join_retention_runs/join_retention_20260630_075038/queries/q6/log_dir/sirius_2026-06-30.log,0,4,7,GPU_SCAN,SCAN,94,GPU_SCAN,PIPELINEABLE,0,3,0,0,0,0,0.0,1,1198925,2,19482576,0.019482576,0.0,0.0,808137
q6,q6,/home/dy1013/sirius_multi-gpu/experiment/join_retention_runs/join_retention_20260630_075038/queries/q6/log_dir/sirius_2026-06-30.log,0,4,4,PROJECTION,PROJECTION,13,PIPELINEABLE,PIPELINEABLE,0,3,1,1198925,2,19482576,0.019482576,1,1198925,1,9741288,0.009741288,0.5,1.0,4104
q6,q6,/home/dy1013/sirius_multi-gpu/experiment/join_retention_runs/join_retention_20260630_075038/queries/q6/log_dir/sirius_2026-06-30.log,0,4,5,UNGROUPED_AGGREGATE,AGGREGATE,8,PIPELINEABLE,PIPELINEABLE,0,3,1,1198925,1,9741288,0.009741288,1,1,1,16,1.6e-08,2e-06,1e-06,7371
q6,q6,/home/dy1013/sirius_multi-gpu/experiment/join_retention_runs/join_retention_20260630_075038/queries/q6/log_dir/sirius_2026-06-30.log,0,3,7,GPU_SCAN,SCAN,94,GPU_SCAN,PIPELINEABLE,3,3,0,0,0,0,0.0,1,1200296,2,19504896,0.019504896,0.0,0.0,1795472
q6,q6,/home/dy1013/sirius_multi-gpu/experiment/join_retention_runs/join_retention_20260630_075038/queries/q6/log_dir/sirius_2026-06-30.log,0,5,7,GPU_SCAN,SCAN,94,GPU_SCAN,PIPELINEABLE,1,3,0,0,0,0,0.0,1,1200393,2,19506448,0.019506448,0.0,0.0,1796256
q6,q6,/home/dy1013/sirius_multi-gpu/experiment/join_retention_runs/join_retention_20260630_075038/queries/q6/log_dir/sirius_2026-06-30.log,0,3,4,PROJECTION,PROJECTION,13,PIPELINEABLE,PIPELINEABLE,3,3,1,1200296,2,19504896,0.019504896,1,1200296,1,9752448,0.009752448,0.5,1.0,13211
q6,q6,/home/dy1013/sirius_multi-gpu/experiment/join_retention_runs/join_retention_20260630_075038/queries/q6/log_dir/sirius_2026-06-30.log,0,5,4,PROJECTION,PROJECTION,13,PIPELINEABLE,PIPELINEABLE,1,3,1,1200393,2,19506448,0.019506448,1,1200393,1,9753224,0.009753224,0.5,1.0,20733
q6,q6,/home/dy1013/sirius_multi-gpu/experiment/join_retention_runs/join_retention_20260630_075038/queries/q6/log_dir/sirius_2026-06-30.log,0,3,5,UNGROUPED_AGGREGATE,AGGREGATE,8,PIPELINEABLE,PIPELINEABLE,3,3,1,1200296,1,9752448,0.009752448,1,1,1,16,1.6e-08,2e-06,1e-06,9245
q6,q6,/home/dy1013/sirius_multi-gpu/experiment/join_retention_runs/join_retention_20260630_075038/queries/q6/log_dir/sirius_2026-06-30.log,0,5,5,UNGROUPED_AGGREGATE,AGGREGATE,8,PIPELINEABLE,PIPELINEABLE,1,3,1,1200393,1,9753224,0.009753224,1,1,1,16,1.6e-08,2e-06,1e-06,4066
q6,q6,/home/dy1013/sirius_multi-gpu/experiment/join_retention_runs/join_retention_20260630_075038/queries/q6/log_dir/sirius_2026-06-30.log,0,1,7,GPU_SCAN,SCAN,94,GPU_SCAN,PIPELINEABLE,1,3,0,0,0,0,0.0,1,1202134,2,19534688,0.019534688,0.0,0.0,2005037
q6,q6,/home/dy1013/sirius_multi-gpu/experiment/join_retention_runs/join_retention_20260630_075038/queries/q6/log_dir/sirius_2026-06-30.log,0,1,4,PROJECTION,PROJECTION,13,PIPELINEABLE,PIPELINEABLE,1,3,1,1202134,2,19534688,0.019534688,1,1202134,1,9767344,0.009767344,0.5,1.0,2116
q6,q6,/home/dy1013/sirius_multi-gpu/experiment/join_retention_runs/join_retention_20260630_075038/queries/q6/log_dir/sirius_2026-06-30.log,0,1,5,UNGROUPED_AGGREGATE,AGGREGATE,8,PIPELINEABLE,PIPELINEABLE,1,3,1,1202134,1,9767344,0.009767344,1,1,1,16,1.6e-08,2e-06,1e-06,2847
q6,q6,/home/dy1013/sirius_multi-gpu/experiment/join_retention_runs/join_retention_20260630_075038/queries/q6/log_dir/sirius_2026-06-30.log,0,7,7,GPU_SCAN,SCAN,94,GPU_SCAN,PIPELINEABLE,3,3,0,0,0,0,0.0,1,1202053,2,19533392,0.019533392,0.0,0.0,2037296
q6,q6,/home/dy1013/sirius_multi-gpu/experiment/join_retention_runs/join_retention_20260630_075038/queries/q6/log_dir/sirius_2026-06-30.log,0,7,4,PROJECTION,PROJECTION,13,PIPELINEABLE,PIPELINEABLE,3,3,1,1202053,2,19533392,0.019533392,1,1202053,1,9766696,0.009766696,0.5,1.0,7272
q6,q6,/home/dy1013/sirius_multi-gpu/experiment/join_retention_runs/join_retention_20260630_075038/queries/q6/log_dir/sirius_2026-06-30.log,0,7,5,UNGROUPED_AGGREGATE,AGGREGATE,8,PIPELINEABLE,PIPELINEABLE,3,3,1,1202053,1,9766696,0.009766696,1,1,1,16,1.6e-08,2e-06,1e-06,20470
q6,q6,/home/dy1013/sirius_multi-gpu/experiment/join_retention_runs/join_retention_20260630_075038/queries/q6/log_dir/sirius_2026-06-30.log,0,6,7,GPU_SCAN,SCAN,94,GPU_SCAN,PIPELINEABLE,2,3,0,0,0,0,0.0,1,1197140,2,19453632,0.019453632,0.0,0.0,2069815
q6,q6,/home/dy1013/sirius_multi-gpu/experiment/join_retention_runs/join_retention_20260630_075038/queries/q6/log_dir/sirius_2026-06-30.log,0,9,7,GPU_SCAN,SCAN,94,GPU_SCAN,PIPELINEABLE,1,3,0,0,0,0,0.0,1,624280,2,10144640,0.01014464,0.0,0.0,2084630
q6,q6,/home/dy1013/sirius_multi-gpu/experiment/join_retention_runs/join_retention_20260630_075038/queries/q6/log_dir/sirius_2026-06-30.log,0,2,7,GPU_SCAN,SCAN,94,GPU_SCAN,PIPELINEABLE,2,3,0,0,0,0,0.0,1,1199864,2,19497856,0.019497856,0.0,0.0,2087093
q6,q6,/home/dy1013/sirius_multi-gpu/experiment/join_retention_runs/join_retention_20260630_075038/queries/q6/log_dir/sirius_2026-06-30.log,0,6,4,PROJECTION,PROJECTION,13,PIPELINEABLE,PIPELINEABLE,2,3,1,1197140,2,19453632,0.019453632,1,1197140,1,9726816,0.009726816,0.5,1.0,37499
q6,q6,/home/dy1013/sirius_multi-gpu/experiment/join_retention_runs/join_retention_20260630_075038/queries/q6/log_dir/sirius_2026-06-30.log,0,9,4,PROJECTION,PROJECTION,13,PIPELINEABLE,PIPELINEABLE,1,3,1,624280,2,10144640,0.01014464,1,624280,1,5072320,0.00507232,0.5,1.0,24983
q6,q6,/home/dy1013/sirius_multi-gpu/experiment/join_retention_runs/join_retention_20260630_075038/queries/q6/log_dir/sirius_2026-06-30.log,0,9,5,UNGROUPED_AGGREGATE,AGGREGATE,8,PIPELINEABLE,PIPELINEABLE,1,3,1,624280,1,5072320,0.00507232,1,1,1,16,1.6e-08,3e-06,2e-06,2117
q6,q6,/home/dy1013/sirius_multi-gpu/experiment/join_retention_runs/join_retention_20260630_075038/queries/q6/log_dir/sirius_2026-06-30.log,0,2,4,PROJECTION,PROJECTION,13,PIPELINEABLE,PIPELINEABLE,2,3,1,1199864,2,19497856,0.019497856,1,1199864,1,9748928,0.009748928,0.5,1.0,4928
q6,q6,/home/dy1013/sirius_multi-gpu/experiment/join_retention_runs/join_retention_20260630_075038/queries/q6/log_dir/sirius_2026-06-30.log,0,6,5,UNGROUPED_AGGREGATE,AGGREGATE,8,PIPELINEABLE,PIPELINEABLE,2,3,1,1197140,1,9726816,0.009726816,1,1,1,16,1.6e-08,2e-06,1e-06,5330
q6,q6,/home/dy1013/sirius_multi-gpu/experiment/join_retention_runs/join_retention_20260630_075038/queries/q6/log_dir/sirius_2026-06-30.log,0,2,5,UNGROUPED_AGGREGATE,AGGREGATE,8,PIPELINEABLE,PIPELINEABLE,2,3,1,1199864,1,9748928,0.009748928,1,1,1,16,1.6e-08,2e-06,1e-06,1752
q6,q6,/home/dy1013/sirius_multi-gpu/experiment/join_retention_runs/join_retention_20260630_075038/queries/q6/log_dir/sirius_2026-06-30.log,1,10,8,MERGE_AGGREGATE,AGGREGATE,87,PIPELINEABLE,PIPELINEABLE,1,1,10,10,10,160,1.6e-07,1,1,1,16,1.6e-08,0.1,0.1,2519
q6,q6,/home/dy1013/sirius_multi-gpu/experiment/join_retention_runs/join_retention_20260630_075038/queries/q6/log_dir/sirius_2026-06-30.log,2,11,6,RESULT_COLLECTOR,RESULT,76,PIPELINEABLE,PIPELINEABLE,1,1,1,1,1,16,1.6e-08,1,1,1,16,1.6e-08,1.0,1.0,4
q7,q7,/home/dy1013/sirius_multi-gpu/experiment/join_retention_runs/join_retention_20260630_075038/queries/q7/log_dir/sirius_2026-06-30.log,0,0,35,GPU_SCAN,SCAN,94,GPU_SCAN,PIPELINEABLE,0,2,0,0,0,0,0.0,1,25,2,509,5.09e-07,0.0,0.0,33555
q7,q7,/home/dy1013/sirius_multi-gpu/experiment/join_retention_runs/join_retention_20260630_075038/queries/q7/log_dir/sirius_2026-06-30.log,0,0,21,FILTER,FILTER,12,PIPELINEABLE,PIPELINEABLE,0,2,1,25,2,509,5.09e-07,1,2,2,166,1.66e-07,0.32613,0.08,8147
q7,q7,/home/dy1013/sirius_multi-gpu/experiment/join_retention_runs/join_retention_20260630_075038/queries/q7/log_dir/sirius_2026-06-30.log,1,1,37,PARTITION,PARTITION,82,PIPELINEABLE,PIPELINEABLE,0,1,1,2,2,166,1.66e-07,1,2,2,166,1.66e-07,1.0,1.0,3
q7,q7,/home/dy1013/sirius_multi-gpu/experiment/join_retention_runs/join_retention_20260630_075038/queries/q7/log_dir/sirius_2026-06-30.log,2,2,36,CONCAT,CONCAT,83,PARTITIONED,PARTITIONED,0,1,1,2,2,166,1.66e-07,1,2,2,166,1.66e-07,1.0,1.0,0
q7,q7,/home/dy1013/sirius_multi-gpu/experiment/join_retention_runs/join_retention_20260630_075038/queries/q7/log_dir/sirius_2026-06-30.log,3,3,38,GPU_SCAN,SCAN,94,GPU_SCAN,PIPELINEABLE,1,1,0,0,0,0,0.0,1,1000000,2,12250112,0.012250112,0.0,0.0,23759
q7,q7,/home/dy1013/sirius_multi-gpu/experiment/join_retention_runs/join_retention_20260630_075038/queries/q7/log_dir/sirius_2026-06-30.log,4,4,40,PARTITION,PARTITION,82,PIPELINEABLE,PIPELINEABLE,1,1,1,1000000,2,12250112,0.012250112,1,1000000,2,12250112,0.012250112,1.0,1.0,3
q7,q7,/home/dy1013/sirius_multi-gpu/experiment/join_retention_runs/join_retention_20260630_075038/queries/q7/log_dir/sirius_2026-06-30.log,5,5,39,CONCAT,CONCAT,83,PARTITIONED,PARTITIONED,0,1,1,1000000,2,12250112,0.012250112,1,1000000,2,12250112,0.012250112,1.0,1.0,0
q7,q7,/home/dy1013/sirius_multi-gpu/experiment/join_retention_runs/join_retention_20260630_075038/queries/q7/log_dir/sirius_2026-06-30.log,6,6,22,HASH_JOIN,JOIN,33,PARTITIONED,PIPELINEABLE,2,1,2,1000002,4,12250278,0.012250278,1,80079,2,1701371,0.001701371,0.138884,0.080079,7313
q7,q7,/home/dy1013/sirius_multi-gpu/experiment/join_retention_runs/join_retention_20260630_075038/queries/q7/log_dir/sirius_2026-06-30.log,7,7,42,PARTITION,PARTITION,82,PIPELINEABLE,PIPELINEABLE,2,1,1,80079,2,1701371,0.001701371,1,80079,2,1701371,0.001701371,1.0,1.0,3
q7,q7,/home/dy1013/sirius_multi-gpu/experiment/join_retention_runs/join_retention_20260630_075038/queries/q7/log_dir/sirius_2026-06-30.log,8,8,41,CONCAT,CONCAT,83,PARTITIONED,PARTITIONED,0,1,1,80079,2,1701371,0.001701371,1,80079,2,1701371,0.001701371,1.0,1.0,1
q7,q7,/home/dy1013/sirius_multi-gpu/experiment/join_retention_runs/join_retention_20260630_075038/queries/q7/log_dir/sirius_2026-06-30.log,9,12,43,GPU_SCAN,SCAN,94,GPU_SCAN,PIPELINEABLE,0,1,0,0,0,0,0.0,1,6224554,5,227974504,0.227974504,0.0,0.0,1239081
q7,q7,/home/dy1013/sirius_multi-gpu/experiment/join_retention_runs/join_retention_20260630_075038/queries/q7/log_dir/sirius_2026-06-30.log,9,16,43,GPU_SCAN,SCAN,94,GPU_SCAN,PIPELINEABLE,0,1,0,0,0,0,0.0,1,6242087,5,228616572,0.228616572,0.0,0.0,1261623
q7,q7,/home/dy1013/sirius_multi-gpu/experiment/join_retention_runs/join_retention_20260630_075038/queries/q7/log_dir/sirius_2026-06-30.log,9,10,43,GPU_SCAN,SCAN,94,GPU_SCAN,PIPELINEABLE,2,1,0,0,0,0,0.0,1,6231827,5,228240812,0.228240812,0.0,0.0,1310477
q7,q7,/home/dy1013/sirius_multi-gpu/experiment/join_retention_runs/join_retention_20260630_075038/queries/q7/log_dir/sirius_2026-06-30.log,9,20,43,GPU_SCAN,SCAN,94,GPU_SCAN,PIPELINEABLE,0,1,0,0,0,0,0.0,1,6236020,5,228394320,0.22839432,0.0,0.0,1334397
q7,q7,/home/dy1013/sirius_multi-gpu/experiment/join_retention_runs/join_retention_20260630_075038/queries/q7/log_dir/sirius_2026-06-30.log,9,13,43,GPU_SCAN,SCAN,94,GPU_SCAN,PIPELINEABLE,1,1,0,0,0,0,0.0,1,6233242,5,228292712,0.228292712,0.0,0.0,1368249
q7,q7,/home/dy1013/sirius_multi-gpu/experiment/join_retention_runs/join_retention_20260630_075038/queries/q7/log_dir/sirius_2026-06-30.log,9,15,43,GPU_SCAN,SCAN,94,GPU_SCAN,PIPELINEABLE,3,1,0,0,0,0,0.0,1,6239292,5,228514352,0.228514352,0.0,0.0,1395557
q7,q7,/home/dy1013/sirius_multi-gpu/experiment/join_retention_runs/join_retention_20260630_075038/queries/q7/log_dir/sirius_2026-06-30.log,9,9,43,GPU_SCAN,SCAN,94,GPU_SCAN,PIPELINEABLE,1,1,0,0,0,0,0.0,1,6240750,5,228567480,0.22856748,0.0,0.0,1530515
q7,q7,/home/dy1013/sirius_multi-gpu/experiment/join_retention_runs/join_retention_20260630_075038/queries/q7/log_dir/sirius_2026-06-30.log,9,18,43,GPU_SCAN,SCAN,94,GPU_SCAN,PIPELINEABLE,2,1,0,0,0,0,0.0,1,6246800,5,228789120,0.22878912,0.0,0.0,1564401
q7,q7,/home/dy1013/sirius_multi-gpu/experiment/join_retention_runs/join_retention_20260630_075038/queries/q7/log_dir/sirius_2026-06-30.log,9,14,43,GPU_SCAN,SCAN,94,GPU_SCAN,PIPELINEABLE,2,1,0,0,0,0,0.0,1,6244962,5,228721992,0.228721992,0.0,0.0,1564432
q7,q7,/home/dy1013/sirius_multi-gpu/experiment/join_retention_runs/join_retention_20260630_075038/queries/q7/log_dir/sirius_2026-06-30.log,9,17,43,GPU_SCAN,SCAN,94,GPU_SCAN,PIPELINEABLE,1,1,0,0,0,0,0.0,1,6249054,5,228871864,0.228871864,0.0,0.0,1690710
q7,q7,/home/dy1013/sirius_multi-gpu/experiment/join_retention_runs/join_retention_20260630_075038/queries/q7/log_dir/sirius_2026-06-30.log,9,19,43,GPU_SCAN,SCAN,94,GPU_SCAN,PIPELINEABLE,3,1,0,0,0,0,0.0,1,6235793,5,228386148,0.228386148,0.0,0.0,1709532
q7,q7,/home/dy1013/sirius_multi-gpu/experiment/join_retention_runs/join_retention_20260630_075038/queries/q7/log_dir/sirius_2026-06-30.log,9,11,43,GPU_SCAN,SCAN,94,GPU_SCAN,PIPELINEABLE,3,1,0,0,0,0,0.0,1,6227263,5,228073628,0.228073628,0.0,0.0,1719848
q7,q7,/home/dy1013/sirius_multi-gpu/experiment/join_retention_runs/join_retention_20260630_075038/queries/q7/log_dir/sirius_2026-06-30.log,9,28,43,GPU_SCAN,SCAN,94,GPU_SCAN,PIPELINEABLE,0,1,0,0,0,0,0.0,1,6247238,5,228805208,0.228805208,0.0,0.0,597507
q7,q7,/home/dy1013/sirius_multi-gpu/experiment/join_retention_runs/join_retention_20260630_075038/queries/q7/log_dir/sirius_2026-06-30.log,10,39,45,PARTITION,PARTITION,82,PIPELINEABLE,PIPELINEABLE,0,1,1,6224554,5,227974504,0.227974504,1,6224554,5,227974504,0.227974504,1.0,1.0,1
q7,q7,/home/dy1013/sirius_multi-gpu/experiment/join_retention_runs/join_retention_20260630_075038/queries/q7/log_dir/sirius_2026-06-30.log,10,40,45,PARTITION,PARTITION,82,PIPELINEABLE,PIPELINEABLE,0,1,1,6242087,5,228616572,0.228616572,1,6242087,5,228616572,0.228616572,1.0,1.0,0
q7,q7,/home/dy1013/sirius_multi-gpu/experiment/join_retention_runs/join_retention_20260630_075038/queries/q7/log_dir/sirius_2026-06-30.log,10,42,45,PARTITION,PARTITION,82,PIPELINEABLE,PIPELINEABLE,0,1,1,6236020,5,228394320,0.22839432,1,6236020,5,228394320,0.22839432,1.0,1.0,0
q7,q7,/home/dy1013/sirius_multi-gpu/experiment/join_retention_runs/join_retention_20260630_075038/queries/q7/log_dir/sirius_2026-06-30.log,10,51,45,PARTITION,PARTITION,82,PIPELINEABLE,PIPELINEABLE,0,1,1,6247238,5,228805208,0.228805208,1,6247238,5,228805208,0.228805208,1.0,1.0,1
q7,q7,/home/dy1013/sirius_multi-gpu/experiment/join_retention_runs/join_retention_20260630_075038/queries/q7/log_dir/sirius_2026-06-30.log,11,52,44,CONCAT,CONCAT,83,PARTITIONED,PARTITIONED,0,1,2,12466641,10,456591076,0.456591076,1,12466641,5,448799076,0.448799076,0.982934,1.0,11442
q7,q7,/home/dy1013/sirius_multi-gpu/experiment/join_retention_runs/join_retention_20260630_075038/queries/q7/log_dir/sirius_2026-06-30.log,11,53,44,CONCAT,CONCAT,83,PARTITIONED,PARTITIONED,0,1,1,6236020,5,228394320,0.22839432,1,6236020,5,228394320,0.22839432,1.0,1.0,6
q7,q7,/home/dy1013/sirius_multi-gpu/experiment/join_retention_runs/join_retention_20260630_075038/queries/q7/log_dir/sirius_2026-06-30.log,9,24,43,GPU_SCAN,SCAN,94,GPU_SCAN,PIPELINEABLE,0,1,0,0,0,0,0.0,1,6253966,5,229051576,0.229051576,0.0,0.0,835778
q7,q7,/home/dy1013/sirius_multi-gpu/experiment/join_retention_runs/join_retention_20260630_075038/queries/q7/log_dir/sirius_2026-06-30.log,10,55,45,PARTITION,PARTITION,82,PIPELINEABLE,PIPELINEABLE,0,1,1,6253966,5,229051576,0.229051576,1,6253966,5,229051576,0.229051576,1.0,1.0,8
q7,q7,/home/dy1013/sirius_multi-gpu/experiment/join_retention_runs/join_retention_20260630_075038/queries/q7/log_dir/sirius_2026-06-30.log,9,32,43,GPU_SCAN,SCAN,94,GPU_SCAN,PIPELINEABLE,0,1,0,0,0,0,0.0,1,6236466,5,228410696,0.228410696,0.0,0.0,878062
q7,q7,/home/dy1013/sirius_multi-gpu/experiment/join_retention_runs/join_retention_20260630_075038/queries/q7/log_dir/sirius_2026-06-30.log,10,56,45,PARTITION,PARTITION,82,PIPELINEABLE,PIPELINEABLE,0,1,1,6236466,5,228410696,0.228410696,1,6236466,5,228410696,0.228410696,1.0,1.0,3
q7,q7,/home/dy1013/sirius_multi-gpu/experiment/join_retention_runs/join_retention_20260630_075038/queries/q7/log_dir/sirius_2026-06-30.log,11,58,44,CONCAT,CONCAT,83,PARTITIONED,PARTITIONED,0,1,1,6236466,5,228410696,0.228410696,1,6236466,5,228410696,0.228410696,1.0,1.0,8
q7,q7,/home/dy1013/sirius_multi-gpu/experiment/join_retention_runs/join_retention_20260630_075038/queries/q7/log_dir/sirius_2026-06-30.log,11,57,44,CONCAT,CONCAT,83,PARTITIONED,PARTITIONED,0,1,2,12501204,10,457856784,0.457856784,1,12501204,5,450043344,0.450043344,0.982935,1.0,11488
q7,q7,/home/dy1013/sirius_multi-gpu/experiment/join_retention_runs/join_retention_20260630_075038/queries/q7/log_dir/sirius_2026-06-30.log,9,22,43,GPU_SCAN,SCAN,94,GPU_SCAN,PIPELINEABLE,2,1,0,0,0,0,0.0,1,6250090,5,228909800,0.2289098,0.0,0.0,974390
q7,q7,/home/dy1013/sirius_multi-gpu/experiment/join_retention_runs/join_retention_20260630_075038/queries/q7/log_dir/sirius_2026-06-30.log,9,36,43,GPU_SCAN,SCAN,94,GPU_SCAN,PIPELINEABLE,0,1,0,0,0,0,0.0,1,6245021,5,228724116,0.228724116,0.0,0.0,1038915
q7,q7,/home/dy1013/sirius_multi-gpu/experiment/join_retention_runs/join_retention_20260630_075038/queries/q7/log_dir/sirius_2026-06-30.log,10,60,45,PARTITION,PARTITION,82,PIPELINEABLE,PIPELINEABLE,0,1,1,6245021,5,228724116,0.228724116,1,6245021,5,228724116,0.228724116,1.0,1.0,3
q7,q7,/home/dy1013/sirius_multi-gpu/experiment/join_retention_runs/join_retention_20260630_075038/queries/q7/log_dir/sirius_2026-06-30.log,9,21,43,GPU_SCAN,SCAN,94,GPU_SCAN,PIPELINEABLE,1,1,0,0,0,0,0.0,1,6246755,5,228787500,0.2287875,0.0,0.0,1125896
q7,q7,/home/dy1013/sirius_multi-gpu/experiment/join_retention_runs/join_retention_20260630_075038/queries/q7/log_dir/sirius_2026-06-30.log,9,23,43,GPU_SCAN,SCAN,94,GPU_SCAN,PIPELINEABLE,3,1,0,0,0,0,0.0,1,6239240,5,228512480,0.22851248,0.0,0.0,1212421
q7,q7,/home/dy1013/sirius_multi-gpu/experiment/join_retention_runs/join_retention_20260630_075038/queries/q7/log_dir/sirius_2026-06-30.log,10,44,45,PARTITION,PARTITION,82,PIPELINEABLE,PIPELINEABLE,3,1,1,6239292,5,228514352,0.228514352,1,6239292,5,228514352,0.228514352,1.0,1.0,1
q7,q7,/home/dy1013/sirius_multi-gpu/experiment/join_retention_runs/join_retention_20260630_075038/queries/q7/log_dir/sirius_2026-06-30.log,10,49,45,PARTITION,PARTITION,82,PIPELINEABLE,PIPELINEABLE,3,1,1,6235793,5,228386148,0.228386148,1,6235793,5,228386148,0.228386148,1.0,1.0,1
q7,q7,/home/dy1013/sirius_multi-gpu/experiment/join_retention_runs/join_retention_20260630_075038/queries/q7/log_dir/sirius_2026-06-30.log,10,50,45,PARTITION,PARTITION,82,PIPELINEABLE,PIPELINEABLE,3,1,1,6227263,5,228073628,0.228073628,1,6227263,5,228073628,0.228073628,1.0,1.0,1
q7,q7,/home/dy1013/sirius_multi-gpu/experiment/join_retention_runs/join_retention_20260630_075038/queries/q7/log_dir/sirius_2026-06-30.log,11,64,44,CONCAT,CONCAT,83,PARTITIONED,PARTITIONED,0,1,1,6235793,5,228386148,0.228386148,1,6235793,5,228386148,0.228386148,1.0,1.0,1
q7,q7,/home/dy1013/sirius_multi-gpu/experiment/join_retention_runs/join_retention_20260630_075038/queries/q7/log_dir/sirius_2026-06-30.log,11,63,44,CONCAT,CONCAT,83,PARTITIONED,PARTITIONED,0,1,2,12484313,10,457238468,0.457238468,1,12484313,5,449435268,0.449435268,0.982934,1.0,11354
q7,q7,/home/dy1013/sirius_multi-gpu/experiment/join_retention_runs/join_retention_20260630_075038/queries/q7/log_dir/sirius_2026-06-30.log,12,54,23,HASH_JOIN,JOIN,33,PARTITIONED,PIPELINEABLE,3,1,2,12546720,7,450500447,0.450500447,1,997031,5,40995431,0.040995431,0.091,0.079465,6200
q7,q7,/home/dy1013/sirius_multi-gpu/experiment/join_retention_runs/join_retention_20260630_075038/queries/q7/log_dir/sirius_2026-06-30.log,10,62,45,PARTITION,PARTITION,82,PIPELINEABLE,PIPELINEABLE,3,1,1,6239240,5,228512480,0.22851248,1,6239240,5,228512480,0.22851248,1.0,1.0,2
q7,q7,/home/dy1013/sirius_multi-gpu/experiment/join_retention_runs/join_retention_20260630_075038/queries/q7/log_dir/sirius_2026-06-30.log,12,65,23,HASH_JOIN,JOIN,33,PARTITIONED,PIPELINEABLE,3,1,1,6236020,5,228394320,0.22839432,1,498031,5,20725919,0.020725919,0.090746,0.079864,2653
q7,q7,/home/dy1013/sirius_multi-gpu/experiment/join_retention_runs/join_retention_20260630_075038/queries/q7/log_dir/sirius_2026-06-30.log,12,66,23,HASH_JOIN,JOIN,33,PARTITIONED,PIPELINEABLE,3,1,1,6236466,5,228410696,0.228410696,1,499050,5,20771806,0.020771806,0.090941,0.080021,2636
q7,q7,/home/dy1013/sirius_multi-gpu/experiment/join_retention_runs/join_retention_20260630_075038/queries/q7/log_dir/sirius_2026-06-30.log,12,67,23,HASH_JOIN,JOIN,33,PARTITIONED,PIPELINEABLE,3,1,1,12501204,5,450043344,0.450043344,1,1000586,5,41138598,0.041138598,0.09141,0.080039,4833
q7,q7,/home/dy1013/sirius_multi-gpu/experiment/join_retention_runs/join_retention_20260630_075038/queries/q7/log_dir/sirius_2026-06-30.log,9,29,43,GPU_SCAN,SCAN,94,GPU_SCAN,PIPELINEABLE,1,1,0,0,0,0,0.0,1,6246126,5,228764536,0.228764536,0.0,0.0,1190214
q7,q7,/home/dy1013/sirius_multi-gpu/experiment/join_retention_runs/join_retention_20260630_075038/queries/q7/log_dir/sirius_2026-06-30.log,10,43,45,PARTITION,PARTITION,82,PIPELINEABLE,PIPELINEABLE,1,1,1,6233242,5,228292712,0.228292712,1,6233242,5,228292712,0.228292712,1.0,1.0,1
q7,q7,/home/dy1013/sirius_multi-gpu/experiment/join_retention_runs/join_retention_20260630_075038/queries/q7/log_dir/sirius_2026-06-30.log,10,45,45,PARTITION,PARTITION,82,PIPELINEABLE,PIPELINEABLE,1,1,1,6240750,5,228567480,0.22856748,1,6240750,5,228567480,0.22856748,1.0,1.0,0
q7,q7,/home/dy1013/sirius_multi-gpu/experiment/join_retention_runs/join_retention_20260630_075038/queries/q7/log_dir/sirius_2026-06-30.log,10,48,45,PARTITION,PARTITION,82,PIPELINEABLE,PIPELINEABLE,1,1,1,6249054,5,228871864,0.228871864,1,6249054,5,228871864,0.228871864,1.0,1.0,0
q7,q7,/home/dy1013/sirius_multi-gpu/experiment/join_retention_runs/join_retention_20260630_075038/queries/q7/log_dir/sirius_2026-06-30.log,10,61,45,PARTITION,PARTITION,82,PIPELINEABLE,PIPELINEABLE,1,1,1,6246755,5,228787500,0.2287875,1,6246755,5,228787500,0.2287875,1.0,1.0,0
q7,q7,/home/dy1013/sirius_multi-gpu/experiment/join_retention_runs/join_retention_20260630_075038/queries/q7/log_dir/sirius_2026-06-30.log,10,70,45,PARTITION,PARTITION,82,PIPELINEABLE,PIPELINEABLE,1,1,1,6246126,5,228764536,0.228764536,1,6246126,5,228764536,0.228764536,1.0,1.0,0
q7,q7,/home/dy1013/sirius_multi-gpu/experiment/join_retention_runs/join_retention_20260630_075038/queries/q7/log_dir/sirius_2026-06-30.log,12,68,23,HASH_JOIN,JOIN,33,PARTITIONED,PIPELINEABLE,3,1,1,6235793,5,228386148,0.228386148,1,499326,5,20781274,0.020781274,0.090992,0.080074,9063
q7,q7,/home/dy1013/sirius_multi-gpu/experiment/join_retention_runs/join_retention_20260630_075038/queries/q7/log_dir/sirius_2026-06-30.log,11,72,44,CONCAT,CONCAT,83,PARTITIONED,PARTITIONED,0,1,1,6233242,5,228292712,0.228292712,1,6233242,5,228292712,0.228292712,1.0,1.0,1
q7,q7,/home/dy1013/sirius_multi-gpu/experiment/join_retention_runs/join_retention_20260630_075038/queries/q7/log_dir/sirius_2026-06-30.log,11,74,44,CONCAT,CONCAT,83,PARTITIONED,PARTITIONED,0,1,1,6246755,5,228787500,0.2287875,1,6246755,5,228787500,0.2287875,1.0,1.0,1
q7,q7,/home/dy1013/sirius_multi-gpu/experiment/join_retention_runs/join_retention_20260630_075038/queries/q7/log_dir/sirius_2026-06-30.log,12,69,23,HASH_JOIN,JOIN,33,PARTITIONED,PIPELINEABLE,3,1,1,12484313,5,449435268,0.449435268,1,999828,5,41110576,0.041110576,0.091472,0.080087,21303
q7,q7,/home/dy1013/sirius_multi-gpu/experiment/join_retention_runs/join_retention_20260630_075038/queries/q7/log_dir/sirius_2026-06-30.log,11,71,44,CONCAT,CONCAT,83,PARTITIONED,PARTITIONED,0,1,2,12466503,10,456586108,0.456586108,1,12466503,5,448794108,0.448794108,0.982934,1.0,9968
q7,q7,/home/dy1013/sirius_multi-gpu/experiment/join_retention_runs/join_retention_20260630_075038/queries/q7/log_dir/sirius_2026-06-30.log,11,73,44,CONCAT,CONCAT,83,PARTITIONED,PARTITIONED,0,1,2,12489804,10,457439344,0.457439344,1,12489804,5,449632944,0.449632944,0.982935,1.0,14512
q7,q7,/home/dy1013/sirius_multi-gpu/experiment/join_retention_runs/join_retention_20260630_075038/queries/q7/log_dir/sirius_2026-06-30.log,12,75,23,HASH_JOIN,JOIN,33,PARTITIONED,PIPELINEABLE,3,1,1,6233242,5,228292712,0.228292712,1,498993,5,20769913,0.020769913,0.090979,0.080054,2432
q7,q7,/home/dy1013/sirius_multi-gpu/experiment/join_retention_runs/join_retention_20260630_075038/queries/q7/log_dir/sirius_2026-06-30.log,12,76,23,HASH_JOIN,JOIN,33,PARTITIONED,PIPELINEABLE,3,1,1,6246755,5,228787500,0.2287875,1,499708,5,20796152,0.020796152,0.090897,0.079995,2441
q7,q7,/home/dy1013/sirius_multi-gpu/experiment/join_retention_runs/join_retention_20260630_075038/queries/q7/log_dir/sirius_2026-06-30.log,9,26,43,GPU_SCAN,SCAN,94,GPU_SCAN,PIPELINEABLE,2,1,0,0,0,0,0.0,1,6242534,5,228632984,0.228632984,0.0,0.0,1273649
q7,q7,/home/dy1013/sirius_multi-gpu/experiment/join_retention_runs/join_retention_20260630_075038/queries/q7/log_dir/sirius_2026-06-30.log,10,41,45,PARTITION,PARTITION,82,PIPELINEABLE,PIPELINEABLE,2,1,1,6231827,5,228240812,0.228240812,1,6231827,5,228240812,0.228240812,1.0,1.0,3
q7,q7,/home/dy1013/sirius_multi-gpu/experiment/join_retention_runs/join_retention_20260630_075038/queries/q7/log_dir/sirius_2026-06-30.log,10,46,45,PARTITION,PARTITION,82,PIPELINEABLE,PIPELINEABLE,2,1,1,6246800,5,228789120,0.22878912,1,6246800,5,228789120,0.22878912,1.0,1.0,5
q7,q7,/home/dy1013/sirius_multi-gpu/experiment/join_retention_runs/join_retention_20260630_075038/queries/q7/log_dir/sirius_2026-06-30.log,10,47,45,PARTITION,PARTITION,82,PIPELINEABLE,PIPELINEABLE,2,1,1,6244962,5,228721992,0.228721992,1,6244962,5,228721992,0.228721992,1.0,1.0,2
q7,q7,/home/dy1013/sirius_multi-gpu/experiment/join_retention_runs/join_retention_20260630_075038/queries/q7/log_dir/sirius_2026-06-30.log,10,59,45,PARTITION,PARTITION,82,PIPELINEABLE,PIPELINEABLE,2,1,1,6250090,5,228909800,0.2289098,1,6250090,5,228909800,0.2289098,1.0,1.0,23
q7,q7,/home/dy1013/sirius_multi-gpu/experiment/join_retention_runs/join_retention_20260630_075038/queries/q7/log_dir/sirius_2026-06-30.log,10,79,45,PARTITION,PARTITION,82,PIPELINEABLE,PIPELINEABLE,2,1,1,6242534,5,228632984,0.228632984,1,6242534,5,228632984,0.228632984,1.0,1.0,6
q7,q7,/home/dy1013/sirius_multi-gpu/experiment/join_retention_runs/join_retention_20260630_075038/queries/q7/log_dir/sirius_2026-06-30.log,12,77,23,HASH_JOIN,JOIN,33,PARTITIONED,PIPELINEABLE,3,1,1,12466503,5,448794108,0.448794108,1,998676,5,41067656,0.041067656,0.091507,0.080109,4326
q7,q7,/home/dy1013/sirius_multi-gpu/experiment/join_retention_runs/join_retention_20260630_075038/queries/q7/log_dir/sirius_2026-06-30.log,12,78,23,HASH_JOIN,JOIN,33,PARTITIONED,PIPELINEABLE,3,1,1,12489804,5,449632944,0.449632944,1,999518,5,41093538,0.041093538,0.091394,0.080027,4419
q7,q7,/home/dy1013/sirius_multi-gpu/experiment/join_retention_runs/join_retention_20260630_075038/queries/q7/log_dir/sirius_2026-06-30.log,11,81,44,CONCAT,CONCAT,83,PARTITIONED,PARTITIONED,0,1,1,6246800,5,228789120,0.22878912,1,6246800,5,228789120,0.22878912,1.0,1.0,2
q7,q7,/home/dy1013/sirius_multi-gpu/experiment/join_retention_runs/join_retention_20260630_075038/queries/q7/log_dir/sirius_2026-06-30.log,11,83,44,CONCAT,CONCAT,83,PARTITIONED,PARTITIONED,0,1,1,6242534,5,228632984,0.228632984,1,6242534,5,228632984,0.228632984,1.0,1.0,1
q7,q7,/home/dy1013/sirius_multi-gpu/experiment/join_retention_runs/join_retention_20260630_075038/queries/q7/log_dir/sirius_2026-06-30.log,12,84,23,HASH_JOIN,JOIN,33,PARTITIONED,PIPELINEABLE,3,1,1,6246800,5,228789120,0.22878912,1,500043,5,20809403,0.020809403,0.090955,0.080048,2741
q7,q7,/home/dy1013/sirius_multi-gpu/experiment/join_retention_runs/join_retention_20260630_075038/queries/q7/log_dir/sirius_2026-06-30.log,11,80,44,CONCAT,CONCAT,83,PARTITIONED,PARTITIONED,0,1,2,12477953,10,457005348,0.457005348,1,12477953,5,449206308,0.449206308,0.982934,1.0,10212
q7,q7,/home/dy1013/sirius_multi-gpu/experiment/join_retention_runs/join_retention_20260630_075038/queries/q7/log_dir/sirius_2026-06-30.log,11,82,44,CONCAT,CONCAT,83,PARTITIONED,PARTITIONED,0,1,2,12495052,10,457631792,0.457631792,1,12495052,5,449821872,0.449821872,0.982934,1.0,11582
q7,q7,/home/dy1013/sirius_multi-gpu/experiment/join_retention_runs/join_retention_20260630_075038/queries/q7/log_dir/sirius_2026-06-30.log,9,25,43,GPU_SCAN,SCAN,94,GPU_SCAN,PIPELINEABLE,1,1,0,0,0,0,0.0,1,6237250,5,228439560,0.22843956,0.0,0.0,1392104
q7,q7,/home/dy1013/sirius_multi-gpu/experiment/join_retention_runs/join_retention_20260630_075038/queries/q7/log_dir/sirius_2026-06-30.log,10,88,45,PARTITION,PARTITION,82,PIPELINEABLE,PIPELINEABLE,1,1,1,6237250,5,228439560,0.22843956,1,6237250,5,228439560,0.22843956,1.0,1.0,3
q7,q7,/home/dy1013/sirius_multi-gpu/experiment/join_retention_runs/join_retention_20260630_075038/queries/q7/log_dir/sirius_2026-06-30.log,12,85,23,HASH_JOIN,JOIN,33,PARTITIONED,PIPELINEABLE,3,1,1,6242534,5,228632984,0.228632984,1,499784,5,20804260,0.02080426,0.090994,0.080061,2504
q7,q7,/home/dy1013/sirius_multi-gpu/experiment/join_retention_runs/join_retention_20260630_075038/queries/q7/log_dir/sirius_2026-06-30.log,12,86,23,HASH_JOIN,JOIN,33,PARTITIONED,PIPELINEABLE,3,1,1,12477953,5,449206308,0.449206308,1,998216,5,41048212,0.041048212,0.091379,0.079998,4615
q7,q7,/home/dy1013/sirius_multi-gpu/experiment/join_retention_runs/join_retention_20260630_075038/queries/q7/log_dir/sirius_2026-06-30.log,12,87,23,HASH_JOIN,JOIN,33,PARTITIONED,PIPELINEABLE,3,1,1,12495052,5,449821872,0.449821872,1,1001791,5,41189615,0.041189615,0.091569,0.080175,4506
q7,q7,/home/dy1013/sirius_multi-gpu/experiment/join_retention_runs/join_retention_20260630_075038/queries/q7/log_dir/sirius_2026-06-30.log,9,34,43,GPU_SCAN,SCAN,94,GPU_SCAN,PIPELINEABLE,2,1,0,0,0,0,0.0,1,6250570,5,228927400,0.2289274,0.0,0.0,1431391
q7,q7,/home/dy1013/sirius_multi-gpu/experiment/join_retention_runs/join_retention_20260630_075038/queries/q7/log_dir/sirius_2026-06-30.log,10,89,45,PARTITION,PARTITION,82,PIPELINEABLE,PIPELINEABLE,2,1,1,6250570,5,228927400,0.2289274,1,6250570,5,228927400,0.2289274,1.0,1.0,2
q7,q7,/home/dy1013/sirius_multi-gpu/experiment/join_retention_runs/join_retention_20260630_075038/queries/q7/log_dir/sirius_2026-06-30.log,9,30,43,GPU_SCAN,SCAN,94,GPU_SCAN,PIPELINEABLE,2,1,0,0,0,0,0.0,1,6237899,5,228463244,0.228463244,0.0,0.0,1533466
q7,q7,/home/dy1013/sirius_multi-gpu/experiment/join_retention_runs/join_retention_20260630_075038/queries/q7/log_dir/sirius_2026-06-30.log,10,90,45,PARTITION,PARTITION,82,PIPELINEABLE,PIPELINEABLE,2,1,1,6237899,5,228463244,0.228463244,1,6237899,5,228463244,0.228463244,1.0,1.0,9
q7,q7,/home/dy1013/sirius_multi-gpu/experiment/join_retention_runs/join_retention_20260630_075038/queries/q7/log_dir/sirius_2026-06-30.log,11,92,44,CONCAT,CONCAT,83,PARTITIONED,PARTITIONED,0,1,1,6237899,5,228463244,0.228463244,1,6237899,5,228463244,0.228463244,1.0,1.0,2
q7,q7,/home/dy1013/sirius_multi-gpu/experiment/join_retention_runs/join_retention_20260630_075038/queries/q7/log_dir/sirius_2026-06-30.log,11,91,44,CONCAT,CONCAT,83,PARTITIONED,PARTITIONED,0,1,2,12487820,10,457366960,0.45736696,1,12487820,5,449561520,0.44956152,0.982934,1.0,9867
q7,q7,/home/dy1013/sirius_multi-gpu/experiment/join_retention_runs/join_retention_20260630_075038/queries/q7/log_dir/sirius_2026-06-30.log,12,93,23,HASH_JOIN,JOIN,33,PARTITIONED,PIPELINEABLE,3,1,1,6237899,5,228463244,0.228463244,1,500389,5,20828501,0.020828501,0.091168,0.080218,3258
q7,q7,/home/dy1013/sirius_multi-gpu/experiment/join_retention_runs/join_retention_20260630_075038/queries/q7/log_dir/sirius_2026-06-30.log,12,94,23,HASH_JOIN,JOIN,33,PARTITIONED,PIPELINEABLE,3,1,1,12487820,5,449561520,0.44956152,1,1002492,5,41223824,0.041223824,0.091698,0.080278,17277
q7,q7,/home/dy1013/sirius_multi-gpu/experiment/join_retention_runs/join_retention_20260630_075038/queries/q7/log_dir/sirius_2026-06-30.log,9,31,43,GPU_SCAN,SCAN,94,GPU_SCAN,PIPELINEABLE,3,1,0,0,0,0,0.0,1,6237871,5,228462236,0.228462236,0.0,0.0,1496083
q7,q7,/home/dy1013/sirius_multi-gpu/experiment/join_retention_runs/join_retention_20260630_075038/queries/q7/log_dir/sirius_2026-06-30.log,10,95,45,PARTITION,PARTITION,82,PIPELINEABLE,PIPELINEABLE,3,1,1,6237871,5,228462236,0.228462236,1,6237871,5,228462236,0.228462236,1.0,1.0,3
q7,q7,/home/dy1013/sirius_multi-gpu/experiment/join_retention_runs/join_retention_20260630_075038/queries/q7/log_dir/sirius_2026-06-30.log,9,33,43,GPU_SCAN,SCAN,94,GPU_SCAN,PIPELINEABLE,1,1,0,0,0,0,0.0,1,6250581,5,228927796,0.228927796,0.0,0.0,1522968
q7,q7,/home/dy1013/sirius_multi-gpu/experiment/join_retention_runs/join_retention_20260630_075038/queries/q7/log_dir/sirius_2026-06-30.log,10,96,45,PARTITION,PARTITION,82,PIPELINEABLE,PIPELINEABLE,1,1,1,6250581,5,228927796,0.228927796,1,6250581,5,228927796,0.228927796,1.0,1.0,7
q7,q7,/home/dy1013/sirius_multi-gpu/experiment/join_retention_runs/join_retention_20260630_075038/queries/q7/log_dir/sirius_2026-06-30.log,9,27,43,GPU_SCAN,SCAN,94,GPU_SCAN,PIPELINEABLE,3,1,0,0,0,0,0.0,1,6247914,5,228829864,0.228829864,0.0,0.0,1553419
q7,q7,/home/dy1013/sirius_multi-gpu/experiment/join_retention_runs/join_retention_20260630_075038/queries/q7/log_dir/sirius_2026-06-30.log,10,97,45,PARTITION,PARTITION,82,PIPELINEABLE,PIPELINEABLE,3,1,1,6247914,5,228829864,0.228829864,1,6247914,5,228829864,0.228829864,1.0,1.0,7
q7,q7,/home/dy1013/sirius_multi-gpu/experiment/join_retention_runs/join_retention_20260630_075038/queries/q7/log_dir/sirius_2026-06-30.log,11,99,44,CONCAT,CONCAT,83,PARTITIONED,PARTITIONED,0,1,1,6247914,5,228829864,0.228829864,1,6247914,5,228829864,0.228829864,1.0,1.0,1
q7,q7,/home/dy1013/sirius_multi-gpu/experiment/join_retention_runs/join_retention_20260630_075038/queries/q7/log_dir/sirius_2026-06-30.log,9,38,43,GPU_SCAN,SCAN,94,GPU_SCAN,PIPELINEABLE,2,1,0,0,0,0,0.0,1,1291030,5,47284120,0.04728412,0.0,0.0,1018043
q7,q7,/home/dy1013/sirius_multi-gpu/experiment/join_retention_runs/join_retention_20260630_075038/queries/q7/log_dir/sirius_2026-06-30.log,10,101,45,PARTITION,PARTITION,82,PIPELINEABLE,PIPELINEABLE,2,1,1,1291030,5,47284120,0.04728412,1,1291030,5,47284120,0.04728412,1.0,1.0,2
q7,q7,/home/dy1013/sirius_multi-gpu/experiment/join_retention_runs/join_retention_20260630_075038/queries/q7/log_dir/sirius_2026-06-30.log,12,100,23,HASH_JOIN,JOIN,33,PARTITIONED,PIPELINEABLE,3,1,1,6247914,5,228829864,0.228829864,1,500016,5,20812044,0.020812044,0.09095,0.080029,2912
q7,q7,/home/dy1013/sirius_multi-gpu/experiment/join_retention_runs/join_retention_20260630_075038/queries/q7/log_dir/sirius_2026-06-30.log,11,98,44,CONCAT,CONCAT,83,PARTITIONED,PARTITIONED,0,1,2,12488452,10,457390032,0.457390032,1,12488452,5,449584272,0.449584272,0.982934,1.0,9831
q7,q7,/home/dy1013/sirius_multi-gpu/experiment/join_retention_runs/join_retention_20260630_075038/queries/q7/log_dir/sirius_2026-06-30.log,9,37,43,GPU_SCAN,SCAN,94,GPU_SCAN,PIPELINEABLE,1,1,0,0,0,0,0.0,1,6244572,5,228707632,0.228707632,0.0,0.0,847882
q7,q7,/home/dy1013/sirius_multi-gpu/experiment/join_retention_runs/join_retention_20260630_075038/queries/q7/log_dir/sirius_2026-06-30.log,10,103,45,PARTITION,PARTITION,82,PIPELINEABLE,PIPELINEABLE,1,1,1,6244572,5,228707632,0.228707632,1,6244572,5,228707632,0.228707632,1.0,1.0,8
q7,q7,/home/dy1013/sirius_multi-gpu/experiment/join_retention_runs/join_retention_20260630_075038/queries/q7/log_dir/sirius_2026-06-30.log,9,35,43,GPU_SCAN,SCAN,94,GPU_SCAN,PIPELINEABLE,3,1,0,0,0,0,0.0,1,6244423,5,228702268,0.228702268,0.0,0.0,1633579
q7,q7,/home/dy1013/sirius_multi-gpu/experiment/join_retention_runs/join_retention_20260630_075038/queries/q7/log_dir/sirius_2026-06-30.log,12,102,23,HASH_JOIN,JOIN,33,PARTITIONED,PIPELINEABLE,3,1,1,12488452,5,449584272,0.449584272,1,999711,5,41109359,0.041109359,0.091439,0.080051,7150
q7,q7,/home/dy1013/sirius_multi-gpu/experiment/join_retention_runs/join_retention_20260630_075038/queries/q7/log_dir/sirius_2026-06-30.log,10,104,45,PARTITION,PARTITION,82,PIPELINEABLE,PIPELINEABLE,3,1,1,6244423,5,228702268,0.228702268,1,6244423,5,228702268,0.228702268,1.0,1.0,7
q7,q7,/home/dy1013/sirius_multi-gpu/experiment/join_retention_runs/join_retention_20260630_075038/queries/q7/log_dir/sirius_2026-06-30.log,11,105,44,CONCAT,CONCAT,83,PARTITIONED,PARTITIONED,0,1,3,13780025,15,504694020,0.50469402,1,13780025,5,496080900,0.4960809,0.982934,1.0,10873
q7,q7,/home/dy1013/sirius_multi-gpu/experiment/join_retention_runs/join_retention_20260630_075038/queries/q7/log_dir/sirius_2026-06-30.log,12,106,23,HASH_JOIN,JOIN,33,PARTITIONED,PIPELINEABLE,3,1,1,13780025,5,496080900,0.4960809,1,1101771,5,45298179,0.045298179,0.091312,0.079954,4851
q7,q7,/home/dy1013/sirius_multi-gpu/experiment/join_retention_runs/join_retention_20260630_075038/queries/q7/log_dir/sirius_2026-06-30.log,13,107,47,PARTITION,PARTITION,82,PIPELINEABLE,PIPELINEABLE,3,1,1,997031,5,40995431,0.040995431,4,997031,20,40995507,0.040995507,1.000002,1.0,13989
q7,q7,/home/dy1013/sirius_multi-gpu/experiment/join_retention_runs/join_retention_20260630_075038/queries/q7/log_dir/sirius_2026-06-30.log,13,109,47,PARTITION,PARTITION,82,PIPELINEABLE,PIPELINEABLE,3,1,1,499050,5,20771806,0.020771806,4,499050,20,20522346,0.020522346,0.98799,1.0,13948
q7,q7,/home/dy1013/sirius_multi-gpu/experiment/join_retention_runs/join_retention_20260630_075038/queries/q7/log_dir/sirius_2026-06-30.log,13,110,47,PARTITION,PARTITION,82,PIPELINEABLE,PIPELINEABLE,3,1,1,1000586,5,41138598,0.041138598,4,1000586,20,41138674,0.041138674,1.000002,1.0,14231
q7,q7,/home/dy1013/sirius_multi-gpu/experiment/join_retention_runs/join_retention_20260630_075038/queries/q7/log_dir/sirius_2026-06-30.log,13,108,47,PARTITION,PARTITION,82,PIPELINEABLE,PIPELINEABLE,3,1,1,498031,5,20725919,0.020725919,4,498031,20,20476971,0.020476971,0.987989,1.0,15223
q7,q7,/home/dy1013/sirius_multi-gpu/experiment/join_retention_runs/join_retention_20260630_075038/queries/q7/log_dir/sirius_2026-06-30.log,13,111,47,PARTITION,PARTITION,82,PIPELINEABLE,PIPELINEABLE,3,1,1,499326,5,20781274,0.020781274,4,499326,20,20531430,0.02053143,0.987977,1.0,9698
q7,q7,/home/dy1013/sirius_multi-gpu/experiment/join_retention_runs/join_retention_20260630_075038/queries/q7/log_dir/sirius_2026-06-30.log,13,113,47,PARTITION,PARTITION,82,PIPELINEABLE,PIPELINEABLE,3,1,1,498993,5,20769913,0.020769913,4,498993,20,20520389,0.020520389,0.987986,1.0,9458
q7,q7,/home/dy1013/sirius_multi-gpu/experiment/join_retention_runs/join_retention_20260630_075038/queries/q7/log_dir/sirius_2026-06-30.log,13,112,47,PARTITION,PARTITION,82,PIPELINEABLE,PIPELINEABLE,3,1,1,999828,5,41110576,0.041110576,4,999828,20,41110716,0.041110716,1.000003,1.0,9976
q7,q7,/home/dy1013/sirius_multi-gpu/experiment/join_retention_runs/join_retention_20260630_075038/queries/q7/log_dir/sirius_2026-06-30.log,13,114,47,PARTITION,PARTITION,82,PIPELINEABLE,PIPELINEABLE,3,1,1,499708,5,20796152,0.020796152,4,499708,20,20546436,0.020546436,0.987992,1.0,9365
q7,q7,/home/dy1013/sirius_multi-gpu/experiment/join_retention_runs/join_retention_20260630_075038/queries/q7/log_dir/sirius_2026-06-30.log,13,115,47,PARTITION,PARTITION,82,PIPELINEABLE,PIPELINEABLE,3,1,1,998676,5,41067656,0.041067656,4,998676,20,41067796,0.041067796,1.000003,1.0,10207
q7,q7,/home/dy1013/sirius_multi-gpu/experiment/join_retention_runs/join_retention_20260630_075038/queries/q7/log_dir/sirius_2026-06-30.log,13,116,47,PARTITION,PARTITION,82,PIPELINEABLE,PIPELINEABLE,3,1,1,999518,5,41093538,0.041093538,4,999518,20,41093614,0.041093614,1.000002,1.0,9932
q7,q7,/home/dy1013/sirius_multi-gpu/experiment/join_retention_runs/join_retention_20260630_075038/queries/q7/log_dir/sirius_2026-06-30.log,13,117,47,PARTITION,PARTITION,82,PIPELINEABLE,PIPELINEABLE,3,1,1,500043,5,20809403,0.020809403,4,500043,20,20559431,0.020559431,0.987988,1.0,10221
q7,q7,/home/dy1013/sirius_multi-gpu/experiment/join_retention_runs/join_retention_20260630_075038/queries/q7/log_dir/sirius_2026-06-30.log,13,118,47,PARTITION,PARTITION,82,PIPELINEABLE,PIPELINEABLE,3,1,1,499784,5,20804260,0.02080426,4,499784,20,20554224,0.020554224,0.987981,1.0,9938
q7,q7,/home/dy1013/sirius_multi-gpu/experiment/join_retention_runs/join_retention_20260630_075038/queries/q7/log_dir/sirius_2026-06-30.log,13,120,47,PARTITION,PARTITION,82,PIPELINEABLE,PIPELINEABLE,3,1,1,1001791,5,41189615,0.041189615,4,1001791,20,41189755,0.041189755,1.000003,1.0,9537
q7,q7,/home/dy1013/sirius_multi-gpu/experiment/join_retention_runs/join_retention_20260630_075038/queries/q7/log_dir/sirius_2026-06-30.log,13,119,47,PARTITION,PARTITION,82,PIPELINEABLE,PIPELINEABLE,3,1,1,998216,5,41048212,0.041048212,4,998216,20,41048288,0.041048288,1.000002,1.0,9850
q7,q7,/home/dy1013/sirius_multi-gpu/experiment/join_retention_runs/join_retention_20260630_075038/queries/q7/log_dir/sirius_2026-06-30.log,13,121,47,PARTITION,PARTITION,82,PIPELINEABLE,PIPELINEABLE,3,1,1,500389,5,20828501,0.020828501,4,500389,20,20578209,0.020578209,0.987983,1.0,9519
q7,q7,/home/dy1013/sirius_multi-gpu/experiment/join_retention_runs/join_retention_20260630_075038/queries/q7/log_dir/sirius_2026-06-30.log,13,122,47,PARTITION,PARTITION,82,PIPELINEABLE,PIPELINEABLE,3,1,1,1002492,5,41223824,0.041223824,4,1002492,20,41223964,0.041223964,1.000003,1.0,8867
q7,q7,/home/dy1013/sirius_multi-gpu/experiment/join_retention_runs/join_retention_20260630_075038/queries/q7/log_dir/sirius_2026-06-30.log,13,125,47,PARTITION,PARTITION,82,PIPELINEABLE,PIPELINEABLE,3,1,1,1101771,5,45298179,0.045298179,4,1101771,20,45298255,0.045298255,1.000002,1.0,8501
q7,q7,/home/dy1013/sirius_multi-gpu/experiment/join_retention_runs/join_retention_20260630_075038/queries/q7/log_dir/sirius_2026-06-30.log,13,123,47,PARTITION,PARTITION,82,PIPELINEABLE,PIPELINEABLE,3,1,1,500016,5,20812044,0.020812044,4,500016,20,20562008,0.020562008,0.987986,1.0,9204
q7,q7,/home/dy1013/sirius_multi-gpu/experiment/join_retention_runs/join_retention_20260630_075038/queries/q7/log_dir/sirius_2026-06-30.log,13,124,47,PARTITION,PARTITION,82,PIPELINEABLE,PIPELINEABLE,3,1,1,999711,5,41109359,0.041109359,4,999711,20,41109499,0.041109499,1.000003,1.0,9903
q7,q7,/home/dy1013/sirius_multi-gpu/experiment/join_retention_runs/join_retention_20260630_075038/queries/q7/log_dir/sirius_2026-06-30.log,14,129,46,CONCAT,CONCAT,83,PARTITIONED,PARTITIONED,3,1,19,3651386,95,150147222,0.150147222,1,3651386,5,149690126,0.149690126,0.996956,1.0,12870
q7,q7,/home/dy1013/sirius_multi-gpu/experiment/join_retention_runs/join_retention_20260630_075038/queries/q7/log_dir/sirius_2026-06-30.log,14,127,46,CONCAT,CONCAT,83,PARTITIONED,PARTITIONED,1,1,19,3648168,95,150013564,0.150013564,1,3648168,5,149556916,0.149556916,0.996956,1.0,6509
q7,q7,/home/dy1013/sirius_multi-gpu/experiment/join_retention_runs/join_retention_20260630_075038/queries/q7/log_dir/sirius_2026-06-30.log,14,126,46,CONCAT,CONCAT,83,PARTITIONED,PARTITIONED,0,1,19,3647355,95,149971651,0.149971651,1,3647355,5,149515195,0.149515195,0.996956,1.0,7228
q7,q7,/home/dy1013/sirius_multi-gpu/experiment/join_retention_runs/join_retention_20260630_075038/queries/q7/log_dir/sirius_2026-06-30.log,14,128,46,CONCAT,CONCAT,83,PARTITIONED,PARTITIONED,2,1,19,3648051,95,149995075,0.149995075,1,3648051,5,149538363,0.149538363,0.996955,1.0,7106
q7,q7,/home/dy1013/sirius_multi-gpu/experiment/join_retention_runs/join_retention_20260630_075038/queries/q7/log_dir/sirius_2026-06-30.log,24,134,56,GPU_SCAN,SCAN,94,GPU_SCAN,PIPELINEABLE,0,1,0,0,0,0,0.0,1,15934586,2,258937120,0.25893712,0.0,0.0,217830
q7,q7,/home/dy1013/sirius_multi-gpu/experiment/join_retention_runs/join_retention_20260630_075038/queries/q7/log_dir/sirius_2026-06-30.log,25,135,58,PARTITION,PARTITION,82,PIPELINEABLE,PIPELINEABLE,0,1,1,15934586,2,258937120,0.25893712,4,15934586,8,254953376,0.254953376,0.984615,1.0,10720
q7,q7,/home/dy1013/sirius_multi-gpu/experiment/join_retention_runs/join_retention_20260630_075038/queries/q7/log_dir/sirius_2026-06-30.log,24,130,56,GPU_SCAN,SCAN,94,GPU_SCAN,PIPELINEABLE,0,1,0,0,0,0,0.0,1,33552632,2,545230336,0.545230336,0.0,0.0,230881
q7,q7,/home/dy1013/sirius_multi-gpu/experiment/join_retention_runs/join_retention_20260630_075038/queries/q7/log_dir/sirius_2026-06-30.log,25,136,58,PARTITION,PARTITION,82,PIPELINEABLE,PIPELINEABLE,0,1,1,33552632,2,545230336,0.545230336,4,33552632,8,536842112,0.536842112,0.984615,1.0,12604
q7,q7,/home/dy1013/sirius_multi-gpu/experiment/join_retention_runs/join_retention_20260630_075038/queries/q7/log_dir/sirius_2026-06-30.log,24,133,56,GPU_SCAN,SCAN,94,GPU_SCAN,PIPELINEABLE,3,1,0,0,0,0,0.0,1,33505046,2,544457056,0.544457056,0.0,0.0,540895
q7,q7,/home/dy1013/sirius_multi-gpu/experiment/join_retention_runs/join_retention_20260630_075038/queries/q7/log_dir/sirius_2026-06-30.log,24,132,56,GPU_SCAN,SCAN,94,GPU_SCAN,PIPELINEABLE,2,1,0,0,0,0,0.0,1,33503638,2,544434144,0.544434144,0.0,0.0,547897
q7,q7,/home/dy1013/sirius_multi-gpu/experiment/join_retention_runs/join_retention_20260630_075038/queries/q7/log_dir/sirius_2026-06-30.log,25,137,58,PARTITION,PARTITION,82,PIPELINEABLE,PIPELINEABLE,3,1,1,33505046,2,544457056,0.544457056,4,33505046,8,536080736,0.536080736,0.984615,1.0,22747
q7,q7,/home/dy1013/sirius_multi-gpu/experiment/join_retention_runs/join_retention_20260630_075038/queries/q7/log_dir/sirius_2026-06-30.log,25,138,58,PARTITION,PARTITION,82,PIPELINEABLE,PIPELINEABLE,2,1,1,33503638,2,544434144,0.544434144,4,33503638,8,536058208,0.536058208,0.984615,1.0,17932
q7,q7,/home/dy1013/sirius_multi-gpu/experiment/join_retention_runs/join_retention_20260630_075038/queries/q7/log_dir/sirius_2026-06-30.log,24,131,56,GPU_SCAN,SCAN,94,GPU_SCAN,PIPELINEABLE,1,1,0,0,0,0,0.0,1,33504098,2,544441632,0.544441632,0.0,0.0,576805
q7,q7,/home/dy1013/sirius_multi-gpu/experiment/join_retention_runs/join_retention_20260630_075038/queries/q7/log_dir/sirius_2026-06-30.log,25,139,58,PARTITION,PARTITION,82,PIPELINEABLE,PIPELINEABLE,1,1,1,33504098,2,544441632,0.544441632,4,33504098,8,536065568,0.536065568,0.984615,1.0,12624
q7,q7,/home/dy1013/sirius_multi-gpu/experiment/join_retention_runs/join_retention_20260630_075038/queries/q7/log_dir/sirius_2026-06-30.log,26,143,57,CONCAT,CONCAT,83,PARTITIONED,PARTITIONED,1,1,1,8373572,2,133977152,0.133977152,1,8373572,2,133977152,0.133977152,1.0,1.0,7
q7,q7,/home/dy1013/sirius_multi-gpu/experiment/join_retention_runs/join_retention_20260630_075038/queries/q7/log_dir/sirius_2026-06-30.log,26,147,57,CONCAT,CONCAT,83,PARTITIONED,PARTITIONED,3,1,1,8375951,2,134015216,0.134015216,1,8375951,2,134015216,0.134015216,1.0,1.0,7
q7,q7,/home/dy1013/sirius_multi-gpu/experiment/join_retention_runs/join_retention_20260630_075038/queries/q7/log_dir/sirius_2026-06-30.log,26,141,57,CONCAT,CONCAT,83,PARTITIONED,PARTITIONED,0,1,1,8377400,2,134038400,0.1340384,1,8377400,2,134038400,0.1340384,1.0,1.0,2
q7,q7,/home/dy1013/sirius_multi-gpu/experiment/join_retention_runs/join_retention_20260630_075038/queries/q7/log_dir/sirius_2026-06-30.log,26,145,57,CONCAT,CONCAT,83,PARTITIONED,PARTITIONED,2,1,1,8377175,2,134034800,0.1340348,1,8377175,2,134034800,0.1340348,1.0,1.0,1
q7,q7,/home/dy1013/sirius_multi-gpu/experiment/join_retention_runs/join_retention_20260630_075038/queries/q7/log_dir/sirius_2026-06-30.log,26,140,57,CONCAT,CONCAT,83,PARTITIONED,PARTITIONED,0,1,4,29121053,8,465936848,0.465936848,1,29121053,2,465936848,0.465936848,1.0,1.0,10317
q7,q7,/home/dy1013/sirius_multi-gpu/experiment/join_retention_runs/join_retention_20260630_075038/queries/q7/log_dir/sirius_2026-06-30.log,26,146,57,CONCAT,CONCAT,83,PARTITIONED,PARTITIONED,3,1,4,29136637,8,466186192,0.466186192,1,29136637,2,466186192,0.466186192,1.0,1.0,10602
q7,q7,/home/dy1013/sirius_multi-gpu/experiment/join_retention_runs/join_retention_20260630_075038/queries/q7/log_dir/sirius_2026-06-30.log,26,144,57,CONCAT,CONCAT,83,PARTITIONED,PARTITIONED,2,1,4,29116059,8,465856944,0.465856944,1,29116059,2,465856944,0.465856944,1.0,1.0,11646
q7,q7,/home/dy1013/sirius_multi-gpu/experiment/join_retention_runs/join_retention_20260630_075038/queries/q7/log_dir/sirius_2026-06-30.log,26,142,57,CONCAT,CONCAT,83,PARTITIONED,PARTITIONED,1,1,4,29122153,8,465954448,0.465954448,1,29122153,2,465954448,0.465954448,1.0,1.0,11600
q7,q7,/home/dy1013/sirius_multi-gpu/experiment/join_retention_runs/join_retention_20260630_075038/queries/q7/log_dir/sirius_2026-06-30.log,27,154,24,HASH_JOIN,JOIN,33,PARTITIONED,PIPELINEABLE,3,1,2,12027337,7,283705342,0.283705342,1,814333,5,33384589,0.033384589,0.117673,0.067707,29159
q7,q7,/home/dy1013/sirius_multi-gpu/experiment/join_retention_runs/join_retention_20260630_075038/queries/q7/log_dir/sirius_2026-06-30.log,27,152,24,HASH_JOIN,JOIN,33,PARTITIONED,PIPELINEABLE,2,1,2,12025226,7,283573163,0.283573163,1,814881,5,33403041,0.033403041,0.117793,0.067764,29258
q7,q7,/home/dy1013/sirius_multi-gpu/experiment/join_retention_runs/join_retention_20260630_075038/queries/q7/log_dir/sirius_2026-06-30.log,27,153,24,HASH_JOIN,JOIN,33,PARTITIONED,PIPELINEABLE,2,1,2,32764110,7,615395307,0.615395307,1,2833170,5,116135326,0.116135326,0.188717,0.086472,30439
q7,q7,/home/dy1013/sirius_multi-gpu/experiment/join_retention_runs/join_retention_20260630_075038/queries/q7/log_dir/sirius_2026-06-30.log,27,148,24,HASH_JOIN,JOIN,33,PARTITIONED,PIPELINEABLE,0,1,2,12024755,7,283553595,0.283553595,1,814985,5,33406969,0.033406969,0.117815,0.067776,30859
q7,q7,/home/dy1013/sirius_multi-gpu/experiment/join_retention_runs/join_retention_20260630_075038/queries/q7/log_dir/sirius_2026-06-30.log,27,149,24,HASH_JOIN,JOIN,33,PARTITIONED,PIPELINEABLE,0,1,2,32768408,7,615452043,0.615452043,1,2832370,5,116108230,0.11610823,0.188655,0.086436,30593
q7,q7,/home/dy1013/sirius_multi-gpu/experiment/join_retention_runs/join_retention_20260630_075038/queries/q7/log_dir/sirius_2026-06-30.log,27,155,24,HASH_JOIN,JOIN,33,PARTITIONED,PIPELINEABLE,3,1,2,32788023,7,615876318,0.615876318,1,2837053,5,116305541,0.116305541,0.188846,0.086527,30601
q7,q7,/home/dy1013/sirius_multi-gpu/experiment/join_retention_runs/join_retention_20260630_075038/queries/q7/log_dir/sirius_2026-06-30.log,27,150,24,HASH_JOIN,JOIN,33,PARTITIONED,PIPELINEABLE,1,1,2,12021740,7,283534068,0.283534068,1,814142,5,33372242,0.033372242,0.117701,0.067722,30818
q7,q7,/home/dy1013/sirius_multi-gpu/experiment/join_retention_runs/join_retention_20260630_075038/queries/q7/log_dir/sirius_2026-06-30.log,27,151,24,HASH_JOIN,JOIN,33,PARTITIONED,PIPELINEABLE,1,1,2,32770321,7,615511364,0.615511364,1,2834026,5,116184678,0.116184678,0.188761,0.086481,31933
q7,q7,/home/dy1013/sirius_multi-gpu/experiment/join_retention_runs/join_retention_20260630_075038/queries/q7/log_dir/sirius_2026-06-30.log,15,156,48,GPU_SCAN,SCAN,94,GPU_SCAN,PIPELINEABLE,2,2,0,0,0,0,0.0,1,25,2,509,5.09e-07,0.0,0.0,3646
q7,q7,/home/dy1013/sirius_multi-gpu/experiment/join_retention_runs/join_retention_20260630_075038/queries/q7/log_dir/sirius_2026-06-30.log,15,156,27,FILTER,FILTER,12,PIPELINEABLE,PIPELINEABLE,2,2,1,25,2,509,5.09e-07,1,2,2,166,1.66e-07,0.32613,0.08,1167
q7,q7,/home/dy1013/sirius_multi-gpu/experiment/join_retention_runs/join_retention_20260630_075038/queries/q7/log_dir/sirius_2026-06-30.log,16,157,50,PARTITION,PARTITION,82,PIPELINEABLE,PIPELINEABLE,2,1,1,2,2,166,1.66e-07,1,2,2,166,1.66e-07,1.0,1.0,10
q7,q7,/home/dy1013/sirius_multi-gpu/experiment/join_retention_runs/join_retention_20260630_075038/queries/q7/log_dir/sirius_2026-06-30.log,17,158,49,CONCAT,CONCAT,83,PARTITIONED,PARTITIONED,0,1,1,2,2,166,1.66e-07,1,2,2,166,1.66e-07,1.0,1.0,1
q7,q7,/home/dy1013/sirius_multi-gpu/experiment/join_retention_runs/join_retention_20260630_075038/queries/q7/log_dir/sirius_2026-06-30.log,18,159,51,GPU_SCAN,SCAN,94,GPU_SCAN,PIPELINEABLE,3,1,0,0,0,0,0.0,1,15000000,2,183750016,0.183750016,0.0,0.0,47620
q7,q7,/home/dy1013/sirius_multi-gpu/experiment/join_retention_runs/join_retention_20260630_075038/queries/q7/log_dir/sirius_2026-06-30.log,19,160,53,PARTITION,PARTITION,82,PIPELINEABLE,PIPELINEABLE,3,1,1,15000000,2,183750016,0.183750016,1,15000000,2,183750016,0.183750016,1.0,1.0,7
q7,q7,/home/dy1013/sirius_multi-gpu/experiment/join_retention_runs/join_retention_20260630_075038/queries/q7/log_dir/sirius_2026-06-30.log,20,161,52,CONCAT,CONCAT,83,PARTITIONED,PARTITIONED,0,1,1,15000000,2,183750016,0.183750016,1,15000000,2,183750016,0.183750016,1.0,1.0,1
q7,q7,/home/dy1013/sirius_multi-gpu/experiment/join_retention_runs/join_retention_20260630_075038/queries/q7/log_dir/sirius_2026-06-30.log,21,162,28,HASH_JOIN,JOIN,33,PARTITIONED,PIPELINEABLE,0,1,2,15000002,4,183750182,0.183750182,1,1200734,2,25510578,0.025510578,0.138833,0.080049,5511
q7,q7,/home/dy1013/sirius_multi-gpu/experiment/join_retention_runs/join_retention_20260630_075038/queries/q7/log_dir/sirius_2026-06-30.log,22,163,55,PARTITION,PARTITION,82,PIPELINEABLE,PIPELINEABLE,0,1,1,1200734,2,25510578,0.025510578,1,1200734,2,25510578,0.025510578,1.0,1.0,8
q7,q7,/home/dy1013/sirius_multi-gpu/experiment/join_retention_runs/join_retention_20260630_075038/queries/q7/log_dir/sirius_2026-06-30.log,23,164,54,CONCAT,CONCAT,83,PARTITIONED,PARTITIONED,0,1,1,1200734,2,25510578,0.025510578,1,1200734,2,25510578,0.025510578,1.0,1.0,5
q7,q7,/home/dy1013/sirius_multi-gpu/experiment/join_retention_runs/join_retention_20260630_075038/queries/q7/log_dir/sirius_2026-06-30.log,28,165,60,PARTITION,PARTITION,82,PIPELINEABLE,PIPELINEABLE,3,1,1,814333,5,33384589,0.033384589,1,814333,5,33384589,0.033384589,1.0,1.0,10
q7,q7,/home/dy1013/sirius_multi-gpu/experiment/join_retention_runs/join_retention_20260630_075038/queries/q7/log_dir/sirius_2026-06-30.log,28,168,60,PARTITION,PARTITION,82,PIPELINEABLE,PIPELINEABLE,0,1,1,814985,5,33406969,0.033406969,1,814985,5,33406969,0.033406969,1.0,1.0,2
q7,q7,/home/dy1013/sirius_multi-gpu/experiment/join_retention_runs/join_retention_20260630_075038/queries/q7/log_dir/sirius_2026-06-30.log,28,166,60,PARTITION,PARTITION,82,PIPELINEABLE,PIPELINEABLE,2,1,1,814881,5,33403041,0.033403041,1,814881,5,33403041,0.033403041,1.0,1.0,9
q7,q7,/home/dy1013/sirius_multi-gpu/experiment/join_retention_runs/join_retention_20260630_075038/queries/q7/log_dir/sirius_2026-06-30.log,28,167,60,PARTITION,PARTITION,82,PIPELINEABLE,PIPELINEABLE,2,1,1,2833170,5,116135326,0.116135326,1,2833170,5,116135326,0.116135326,1.0,1.0,9
q7,q7,/home/dy1013/sirius_multi-gpu/experiment/join_retention_runs/join_retention_20260630_075038/queries/q7/log_dir/sirius_2026-06-30.log,28,169,60,PARTITION,PARTITION,82,PIPELINEABLE,PIPELINEABLE,0,1,1,2832370,5,116108230,0.11610823,1,2832370,5,116108230,0.11610823,1.0,1.0,2
q7,q7,/home/dy1013/sirius_multi-gpu/experiment/join_retention_runs/join_retention_20260630_075038/queries/q7/log_dir/sirius_2026-06-30.log,28,172,60,PARTITION,PARTITION,82,PIPELINEABLE,PIPELINEABLE,1,1,1,2834026,5,116184678,0.116184678,1,2834026,5,116184678,0.116184678,1.0,1.0,2
q7,q7,/home/dy1013/sirius_multi-gpu/experiment/join_retention_runs/join_retention_20260630_075038/queries/q7/log_dir/sirius_2026-06-30.log,28,171,60,PARTITION,PARTITION,82,PIPELINEABLE,PIPELINEABLE,1,1,1,814142,5,33372242,0.033372242,1,814142,5,33372242,0.033372242,1.0,1.0,8
q7,q7,/home/dy1013/sirius_multi-gpu/experiment/join_retention_runs/join_retention_20260630_075038/queries/q7/log_dir/sirius_2026-06-30.log,28,170,60,PARTITION,PARTITION,82,PIPELINEABLE,PIPELINEABLE,3,1,1,2837053,5,116305541,0.116305541,1,2837053,5,116305541,0.116305541,1.0,1.0,11
q7,q7,/home/dy1013/sirius_multi-gpu/experiment/join_retention_runs/join_retention_20260630_075038/queries/q7/log_dir/sirius_2026-06-30.log,29,174,59,CONCAT,CONCAT,83,PARTITIONED,PARTITIONED,0,1,1,2837053,5,116305541,0.116305541,1,2837053,5,116305541,0.116305541,1.0,1.0,1
q7,q7,/home/dy1013/sirius_multi-gpu/experiment/join_retention_runs/join_retention_20260630_075038/queries/q7/log_dir/sirius_2026-06-30.log,30,175,29,HASH_JOIN,JOIN,33,PARTITIONED,PIPELINEABLE,1,4,2,4037787,7,141816119,0.141816119,1,228010,5,10513356,0.010513356,0.074134,0.056469,3803
q7,q7,/home/dy1013/sirius_multi-gpu/experiment/join_retention_runs/join_retention_20260630_075038/queries/q7/log_dir/sirius_2026-06-30.log,30,175,30,FILTER,FILTER,12,PIPELINEABLE,PIPELINEABLE,1,4,1,228010,5,10513356,0.010513356,1,114089,5,5262374,0.005262374,0.500542,0.500368,1865
q7,q7,/home/dy1013/sirius_multi-gpu/experiment/join_retention_runs/join_retention_20260630_075038/queries/q7/log_dir/sirius_2026-06-30.log,30,175,31,PROJECTION,PROJECTION,13,PIPELINEABLE,PIPELINEABLE,1,4,1,114089,5,5262374,0.005262374,1,114089,4,4806018,0.004806018,0.913279,1.0,8219
q7,q7,/home/dy1013/sirius_multi-gpu/experiment/join_retention_runs/join_retention_20260630_075038/queries/q7/log_dir/sirius_2026-06-30.log,29,173,59,CONCAT,CONCAT,83,PARTITIONED,PARTITIONED,0,1,7,11757907,35,481995075,0.481995075,1,11757907,5,481995051,0.481995051,1.0,1.0,5274
q7,q7,/home/dy1013/sirius_multi-gpu/experiment/join_retention_runs/join_retention_20260630_075038/queries/q7/log_dir/sirius_2026-06-30.log,30,176,29,HASH_JOIN,JOIN,33,PARTITIONED,PIPELINEABLE,1,4,1,11757907,5,481995051,0.481995051,1,939850,5,43349612,0.043349612,0.089938,0.079933,6651
q7,q7,/home/dy1013/sirius_multi-gpu/experiment/join_retention_runs/join_retention_20260630_075038/queries/q7/log_dir/sirius_2026-06-30.log,30,176,30,FILTER,FILTER,12,PIPELINEABLE,PIPELINEABLE,1,4,1,939850,5,43349612,0.043349612,1,470139,5,21685218,0.021685218,0.50024,0.500228,1544
q7,q7,/home/dy1013/sirius_multi-gpu/experiment/join_retention_runs/join_retention_20260630_075038/queries/q7/log_dir/sirius_2026-06-30.log,30,176,31,PROJECTION,PROJECTION,13,PIPELINEABLE,PIPELINEABLE,1,4,1,470139,5,21685218,0.021685218,1,470139,4,19804662,0.019804662,0.913279,1.0,366
q7,q7,/home/dy1013/sirius_multi-gpu/experiment/join_retention_runs/join_retention_20260630_075038/queries/q7/log_dir/sirius_2026-06-30.log,30,175,32,HASH_GROUP_BY,AGGREGATE,9,PIPELINEABLE,PIPELINEABLE,1,4,1,114089,4,4806018,0.004806018,1,4,4,272,2.72e-07,5.7e-05,3.5e-05,43237
q7,q7,/home/dy1013/sirius_multi-gpu/experiment/join_retention_runs/join_retention_20260630_075038/queries/q7/log_dir/sirius_2026-06-30.log,30,176,32,HASH_GROUP_BY,AGGREGATE,9,PIPELINEABLE,PIPELINEABLE,1,4,1,470139,4,19804662,0.019804662,1,4,4,272,2.72e-07,1.4e-05,9e-06,5595
q7,q7,/home/dy1013/sirius_multi-gpu/experiment/join_retention_runs/join_retention_20260630_075038/queries/q7/log_dir/sirius_2026-06-30.log,31,177,61,PARTITION,PARTITION,82,PIPELINEABLE,PIPELINEABLE,1,1,1,4,4,272,2.72e-07,1,4,4,272,2.72e-07,1.0,1.0,3
q7,q7,/home/dy1013/sirius_multi-gpu/experiment/join_retention_runs/join_retention_20260630_075038/queries/q7/log_dir/sirius_2026-06-30.log,31,178,61,PARTITION,PARTITION,82,PIPELINEABLE,PIPELINEABLE,1,1,1,4,4,272,2.72e-07,1,4,4,272,2.72e-07,1.0,1.0,8
q7,q7,/home/dy1013/sirius_multi-gpu/experiment/join_retention_runs/join_retention_20260630_075038/queries/q7/log_dir/sirius_2026-06-30.log,32,179,62,MERGE_GROUP_BY,AGGREGATE,85,PARTITIONED,PIPELINEABLE,0,1,2,8,8,544,5.44e-07,1,4,4,208,2.08e-07,0.382353,0.5,6312
q7,q7,/home/dy1013/sirius_multi-gpu/experiment/join_retention_runs/join_retention_20260630_075038/queries/q7/log_dir/sirius_2026-06-30.log,33,180,33,ORDER_BY,SORT,1,PIPELINEABLE,PIPELINEABLE,0,1,1,4,4,208,2.08e-07,1,4,4,208,2.08e-07,1.0,1.0,6625
q7,q7,/home/dy1013/sirius_multi-gpu/experiment/join_retention_runs/join_retention_20260630_075038/queries/q7/log_dir/sirius_2026-06-30.log,34,181,63,SORT_SAMPLE,SORT,89,PIPELINEABLE,PIPELINEABLE,0,2,1,4,4,208,2.08e-07,1,4,4,208,2.08e-07,1.0,1.0,1767
q7,q7,/home/dy1013/sirius_multi-gpu/experiment/join_retention_runs/join_retention_20260630_075038/queries/q7/log_dir/sirius_2026-06-30.log,34,181,64,SORT_PARTITION,SORT,88,PIPELINEABLE,PIPELINEABLE,0,2,1,4,4,208,2.08e-07,4,4,16,232,2.32e-07,1.115385,1.0,3522
q7,q7,/home/dy1013/sirius_multi-gpu/experiment/join_retention_runs/join_retention_20260630_075038/queries/q7/log_dir/sirius_2026-06-30.log,35,182,65,MERGE_SORT,SORT,84,PIPELINEABLE,PIPELINEABLE,0,1,4,4,16,232,2.32e-07,1,4,4,208,2.08e-07,0.896552,1.0,8711
q7,q7,/home/dy1013/sirius_multi-gpu/experiment/join_retention_runs/join_retention_20260630_075038/queries/q7/log_dir/sirius_2026-06-30.log,36,183,34,RESULT_COLLECTOR,RESULT,76,PIPELINEABLE,PIPELINEABLE,0,1,1,4,4,208,2.08e-07,1,4,4,208,2.08e-07,1.0,1.0,3
q8,q8,/home/dy1013/sirius_multi-gpu/experiment/join_retention_runs/join_retention_20260630_075038/queries/q8/log_dir/sirius_2026-06-30.log,0,0,41,GPU_SCAN,SCAN,94,GPU_SCAN,PIPELINEABLE,3,1,0,0,0,0,0.0,1,1,1,68,6.8e-08,0.0,0.0,41776
q8,q8,/home/dy1013/sirius_multi-gpu/experiment/join_retention_runs/join_retention_20260630_075038/queries/q8/log_dir/sirius_2026-06-30.log,1,1,43,PARTITION,PARTITION,82,PIPELINEABLE,PIPELINEABLE,3,1,1,1,1,68,6.8e-08,1,1,1,68,6.8e-08,1.0,1.0,3
q8,q8,/home/dy1013/sirius_multi-gpu/experiment/join_retention_runs/join_retention_20260630_075038/queries/q8/log_dir/sirius_2026-06-30.log,2,2,42,CONCAT,CONCAT,83,PARTITIONED,PARTITIONED,0,1,1,1,1,68,6.8e-08,1,1,1,68,6.8e-08,1.0,1.0,0
q8,q8,/home/dy1013/sirius_multi-gpu/experiment/join_retention_runs/join_retention_20260630_075038/queries/q8/log_dir/sirius_2026-06-30.log,3,3,44,GPU_SCAN,SCAN,94,GPU_SCAN,PIPELINEABLE,0,1,0,0,0,0,0.0,1,25,2,328,3.28e-07,0.0,0.0,9708
q8,q8,/home/dy1013/sirius_multi-gpu/experiment/join_retention_runs/join_retention_20260630_075038/queries/q8/log_dir/sirius_2026-06-30.log,4,4,46,PARTITION,PARTITION,82,PIPELINEABLE,PIPELINEABLE,0,1,1,25,2,328,3.28e-07,1,25,2,328,3.28e-07,1.0,1.0,2
q8,q8,/home/dy1013/sirius_multi-gpu/experiment/join_retention_runs/join_retention_20260630_075038/queries/q8/log_dir/sirius_2026-06-30.log,5,5,45,CONCAT,CONCAT,83,PARTITIONED,PARTITIONED,0,1,1,25,2,328,3.28e-07,1,25,2,328,3.28e-07,1.0,1.0,3
q8,q8,/home/dy1013/sirius_multi-gpu/experiment/join_retention_runs/join_retention_20260630_075038/queries/q8/log_dir/sirius_2026-06-30.log,6,6,25,HASH_JOIN,JOIN,33,PARTITIONED,PIPELINEABLE,1,1,2,26,3,396,3.96e-07,1,5,2,168,1.68e-07,0.424242,0.192308,9552
q8,q8,/home/dy1013/sirius_multi-gpu/experiment/join_retention_runs/join_retention_20260630_075038/queries/q8/log_dir/sirius_2026-06-30.log,7,7,48,PARTITION,PARTITION,82,PIPELINEABLE,PIPELINEABLE,1,1,1,5,2,168,1.68e-07,1,5,2,168,1.68e-07,1.0,1.0,3
q8,q8,/home/dy1013/sirius_multi-gpu/experiment/join_retention_runs/join_retention_20260630_075038/queries/q8/log_dir/sirius_2026-06-30.log,8,8,47,CONCAT,CONCAT,83,PARTITIONED,PARTITIONED,0,1,1,5,2,168,1.68e-07,1,5,2,168,1.68e-07,1.0,1.0,1
q8,q8,/home/dy1013/sirius_multi-gpu/experiment/join_retention_runs/join_retention_20260630_075038/queries/q8/log_dir/sirius_2026-06-30.log,9,9,49,GPU_SCAN,SCAN,94,GPU_SCAN,PIPELINEABLE,0,1,0,0,0,0,0.0,1,15000000,2,183750016,0.183750016,0.0,0.0,42432
q8,q8,/home/dy1013/sirius_multi-gpu/experiment/join_retention_runs/join_retention_20260630_075038/queries/q8/log_dir/sirius_2026-06-30.log,10,10,51,PARTITION,PARTITION,82,PIPELINEABLE,PIPELINEABLE,0,1,1,15000000,2,183750016,0.183750016,1,15000000,2,183750016,0.183750016,1.0,1.0,3
q8,q8,/home/dy1013/sirius_multi-gpu/experiment/join_retention_runs/join_retention_20260630_075038/queries/q8/log_dir/sirius_2026-06-30.log,11,11,50,CONCAT,CONCAT,83,PARTITIONED,PARTITIONED,0,1,1,15000000,2,183750016,0.183750016,1,15000000,2,183750016,0.183750016,1.0,1.0,5
q8,q8,/home/dy1013/sirius_multi-gpu/experiment/join_retention_runs/join_retention_20260630_075038/queries/q8/log_dir/sirius_2026-06-30.log,12,12,26,HASH_JOIN,JOIN,33,PARTITIONED,PIPELINEABLE,2,1,2,15000005,4,183750184,0.183750184,1,3001516,3,49149952,0.049149952,0.267482,0.200101,6418
q8,q8,/home/dy1013/sirius_multi-gpu/experiment/join_retention_runs/join_retention_20260630_075038/queries/q8/log_dir/sirius_2026-06-30.log,13,13,53,PARTITION,PARTITION,82,PIPELINEABLE,PIPELINEABLE,2,1,1,3001516,3,49149952,0.049149952,1,3001516,3,49149952,0.049149952,1.0,1.0,3
q8,q8,/home/dy1013/sirius_multi-gpu/experiment/join_retention_runs/join_retention_20260630_075038/queries/q8/log_dir/sirius_2026-06-30.log,14,14,52,CONCAT,CONCAT,83,PARTITIONED,PARTITIONED,0,1,1,3001516,3,49149952,0.049149952,1,3001516,3,49149952,0.049149952,1.0,1.0,1
q8,q8,/home/dy1013/sirius_multi-gpu/experiment/join_retention_runs/join_retention_20260630_075038/queries/q8/log_dir/sirius_2026-06-30.log,15,17,54,GPU_SCAN,SCAN,94,GPU_SCAN,PIPELINEABLE,0,1,0,0,0,0,0.0,1,9244889,3,188364724,0.188364724,0.0,0.0,233377
q8,q8,/home/dy1013/sirius_multi-gpu/experiment/join_retention_runs/join_retention_20260630_075038/queries/q8/log_dir/sirius_2026-06-30.log,16,20,56,PARTITION,PARTITION,82,PIPELINEABLE,PIPELINEABLE,0,1,1,9244889,3,188364724,0.188364724,1,9244889,3,188364724,0.188364724,1.0,1.0,1
q8,q8,/home/dy1013/sirius_multi-gpu/experiment/join_retention_runs/join_retention_20260630_075038/queries/q8/log_dir/sirius_2026-06-30.log,15,18,54,GPU_SCAN,SCAN,94,GPU_SCAN,PIPELINEABLE,1,1,0,0,0,0,0.0,1,9243840,3,188343360,0.18834336,0.0,0.0,629788
q8,q8,/home/dy1013/sirius_multi-gpu/experiment/join_retention_runs/join_retention_20260630_075038/queries/q8/log_dir/sirius_2026-06-30.log,16,21,56,PARTITION,PARTITION,82,PIPELINEABLE,PIPELINEABLE,1,1,1,9243840,3,188343360,0.18834336,1,9243840,3,188343360,0.18834336,1.0,1.0,1
q8,q8,/home/dy1013/sirius_multi-gpu/experiment/join_retention_runs/join_retention_20260630_075038/queries/q8/log_dir/sirius_2026-06-30.log,15,16,54,GPU_SCAN,SCAN,94,GPU_SCAN,PIPELINEABLE,3,1,0,0,0,0,0.0,1,9243722,3,188341000,0.188341,0.0,0.0,668126
q8,q8,/home/dy1013/sirius_multi-gpu/experiment/join_retention_runs/join_retention_20260630_075038/queries/q8/log_dir/sirius_2026-06-30.log,16,22,56,PARTITION,PARTITION,82,PIPELINEABLE,PIPELINEABLE,3,1,1,9243722,3,188341000,0.188341,1,9243722,3,188341000,0.188341,1.0,1.0,2
q8,q8,/home/dy1013/sirius_multi-gpu/experiment/join_retention_runs/join_retention_20260630_075038/queries/q8/log_dir/sirius_2026-06-30.log,17,24,55,CONCAT,CONCAT,83,PARTITIONED,PARTITIONED,0,1,1,9243722,3,188341000,0.188341,1,9243722,3,188341000,0.188341,1.0,1.0,2
q8,q8,/home/dy1013/sirius_multi-gpu/experiment/join_retention_runs/join_retention_20260630_075038/queries/q8/log_dir/sirius_2026-06-30.log,17,23,55,CONCAT,CONCAT,83,PARTITIONED,PARTITIONED,0,1,2,18488729,6,376708084,0.376708084,1,18488729,3,369774580,0.36977458,0.981594,1.0,8121
q8,q8,/home/dy1013/sirius_multi-gpu/experiment/join_retention_runs/join_retention_20260630_075038/queries/q8/log_dir/sirius_2026-06-30.log,15,15,54,GPU_SCAN,SCAN,94,GPU_SCAN,PIPELINEABLE,2,1,0,0,0,0,0.0,1,9260059,3,188673884,0.188673884,0.0,0.0,698568
q8,q8,/home/dy1013/sirius_multi-gpu/experiment/join_retention_runs/join_retention_20260630_075038/queries/q8/log_dir/sirius_2026-06-30.log,16,26,56,PARTITION,PARTITION,82,PIPELINEABLE,PIPELINEABLE,2,1,1,9260059,3,188673884,0.188673884,1,9260059,3,188673884,0.188673884,1.0,1.0,5
q8,q8,/home/dy1013/sirius_multi-gpu/experiment/join_retention_runs/join_retention_20260630_075038/queries/q8/log_dir/sirius_2026-06-30.log,15,19,54,GPU_SCAN,SCAN,94,GPU_SCAN,PIPELINEABLE,2,1,0,0,0,0,0.0,1,8582114,3,174860584,0.174860584,0.0,0.0,706807
q8,q8,/home/dy1013/sirius_multi-gpu/experiment/join_retention_runs/join_retention_20260630_075038/queries/q8/log_dir/sirius_2026-06-30.log,16,27,56,PARTITION,PARTITION,82,PIPELINEABLE,PIPELINEABLE,2,1,1,8582114,3,174860584,0.174860584,1,8582114,3,174860584,0.174860584,1.0,1.0,1
q8,q8,/home/dy1013/sirius_multi-gpu/experiment/join_retention_runs/join_retention_20260630_075038/queries/q8/log_dir/sirius_2026-06-30.log,18,25,27,HASH_JOIN,JOIN,33,PARTITIONED,PIPELINEABLE,3,1,2,12245238,6,237490952,0.237490952,1,1850494,5,52970632,0.052970632,0.223043,0.151119,7880
q8,q8,/home/dy1013/sirius_multi-gpu/experiment/join_retention_runs/join_retention_20260630_075038/queries/q8/log_dir/sirius_2026-06-30.log,17,28,55,CONCAT,CONCAT,83,PARTITIONED,PARTITIONED,0,1,2,17842173,6,363534468,0.363534468,1,17842173,3,356843460,0.35684346,0.981595,1.0,7823
q8,q8,/home/dy1013/sirius_multi-gpu/experiment/join_retention_runs/join_retention_20260630_075038/queries/q8/log_dir/sirius_2026-06-30.log,18,29,27,HASH_JOIN,JOIN,33,PARTITIONED,PIPELINEABLE,3,1,1,18488729,3,369774580,0.36977458,1,3701079,5,105018180,0.10501818,0.284006,0.20018,18418
q8,q8,/home/dy1013/sirius_multi-gpu/experiment/join_retention_runs/join_retention_20260630_075038/queries/q8/log_dir/sirius_2026-06-30.log,18,30,27,HASH_JOIN,JOIN,33,PARTITIONED,PIPELINEABLE,3,1,1,17842173,3,356843460,0.35684346,1,3573953,5,101411036,0.101411036,0.284189,0.200309,16046
q8,q8,/home/dy1013/sirius_multi-gpu/experiment/join_retention_runs/join_retention_20260630_075038/queries/q8/log_dir/sirius_2026-06-30.log,19,32,58,PARTITION,PARTITION,82,PIPELINEABLE,PIPELINEABLE,3,1,1,3701079,5,105018180,0.10501818,4,3701079,20,103630212,0.103630212,0.986784,1.0,9528
q8,q8,/home/dy1013/sirius_multi-gpu/experiment/join_retention_runs/join_retention_20260630_075038/queries/q8/log_dir/sirius_2026-06-30.log,19,33,58,PARTITION,PARTITION,82,PIPELINEABLE,PIPELINEABLE,3,1,1,3573953,5,101411036,0.101411036,4,3573953,20,100070684,0.100070684,0.986783,1.0,9371
q8,q8,/home/dy1013/sirius_multi-gpu/experiment/join_retention_runs/join_retention_20260630_075038/queries/q8/log_dir/sirius_2026-06-30.log,19,31,58,PARTITION,PARTITION,82,PIPELINEABLE,PIPELINEABLE,3,1,1,1850494,5,52970632,0.052970632,4,1850494,20,51813832,0.051813832,0.978161,1.0,9638
q8,q8,/home/dy1013/sirius_multi-gpu/experiment/join_retention_runs/join_retention_20260630_075038/queries/q8/log_dir/sirius_2026-06-30.log,20,37,57,CONCAT,CONCAT,83,PARTITIONED,PARTITIONED,3,1,3,2283672,15,63942816,0.063942816,1,2283672,5,63942816,0.063942816,1.0,1.0,1550
q8,q8,/home/dy1013/sirius_multi-gpu/experiment/join_retention_runs/join_retention_20260630_075038/queries/q8/log_dir/sirius_2026-06-30.log,20,36,57,CONCAT,CONCAT,83,PARTITIONED,PARTITIONED,2,1,3,2280060,15,63841680,0.06384168,1,2280060,5,63841680,0.06384168,1.0,1.0,1444
q8,q8,/home/dy1013/sirius_multi-gpu/experiment/join_retention_runs/join_retention_20260630_075038/queries/q8/log_dir/sirius_2026-06-30.log,20,35,57,CONCAT,CONCAT,83,PARTITIONED,PARTITIONED,1,1,3,2282424,15,63907872,0.063907872,1,2282424,5,63907872,0.063907872,1.0,1.0,1449
q8,q8,/home/dy1013/sirius_multi-gpu/experiment/join_retention_runs/join_retention_20260630_075038/queries/q8/log_dir/sirius_2026-06-30.log,20,34,57,CONCAT,CONCAT,83,PARTITIONED,PARTITIONED,0,1,3,2279370,15,63822360,0.06382236,1,2279370,5,63822360,0.06382236,1.0,1.0,1417
q8,q8,/home/dy1013/sirius_multi-gpu/experiment/join_retention_runs/join_retention_20260630_075038/queries/q8/log_dir/sirius_2026-06-30.log,33,44,70,GPU_SCAN,SCAN,94,GPU_SCAN,PIPELINEABLE,1,1,0,0,0,0,0.0,1,16428288,5,667399360,0.66739936,0.0,0.0,533503
q8,q8,/home/dy1013/sirius_multi-gpu/experiment/join_retention_runs/join_retention_20260630_075038/queries/q8/log_dir/sirius_2026-06-30.log,33,43,70,GPU_SCAN,SCAN,94,GPU_SCAN,PIPELINEABLE,0,1,0,0,0,0,0.0,1,16418039,5,666983000,0.666983,0.0,0.0,534670
q8,q8,/home/dy1013/sirius_multi-gpu/experiment/join_retention_runs/join_retention_20260630_075038/queries/q8/log_dir/sirius_2026-06-30.log,33,45,70,GPU_SCAN,SCAN,94,GPU_SCAN,PIPELINEABLE,2,1,0,0,0,0,0.0,1,16441769,5,667946920,0.66794692,0.0,0.0,542273
q8,q8,/home/dy1013/sirius_multi-gpu/experiment/join_retention_runs/join_retention_20260630_075038/queries/q8/log_dir/sirius_2026-06-30.log,33,40,70,GPU_SCAN,SCAN,94,GPU_SCAN,PIPELINEABLE,1,1,0,0,0,0,0.0,1,16417581,5,666964360,0.66696436,0.0,0.0,1317794
q8,q8,/home/dy1013/sirius_multi-gpu/experiment/join_retention_runs/join_retention_20260630_075038/queries/q8/log_dir/sirius_2026-06-30.log,33,47,70,GPU_SCAN,SCAN,94,GPU_SCAN,PIPELINEABLE,0,1,0,0,0,0,0.0,1,16441015,5,667916440,0.66791644,0.0,0.0,1402374
q8,q8,/home/dy1013/sirius_multi-gpu/experiment/join_retention_runs/join_retention_20260630_075038/queries/q8/log_dir/sirius_2026-06-30.log,33,39,70,GPU_SCAN,SCAN,94,GPU_SCAN,PIPELINEABLE,0,1,0,0,0,0,0.0,1,16418095,5,666985240,0.66698524,0.0,0.0,1500596
q8,q8,/home/dy1013/sirius_multi-gpu/experiment/join_retention_runs/join_retention_20260630_075038/queries/q8/log_dir/sirius_2026-06-30.log,33,41,70,GPU_SCAN,SCAN,94,GPU_SCAN,PIPELINEABLE,2,1,0,0,0,0,0.0,1,16418134,5,666986800,0.6669868,0.0,0.0,1550834
q8,q8,/home/dy1013/sirius_multi-gpu/experiment/join_retention_runs/join_retention_20260630_075038/queries/q8/log_dir/sirius_2026-06-30.log,33,48,70,GPU_SCAN,SCAN,94,GPU_SCAN,PIPELINEABLE,1,1,0,0,0,0,0.0,1,16440983,5,667915160,0.66791516,0.0,0.0,1556338
q8,q8,/home/dy1013/sirius_multi-gpu/experiment/join_retention_runs/join_retention_20260630_075038/queries/q8/log_dir/sirius_2026-06-30.log,33,42,70,GPU_SCAN,SCAN,94,GPU_SCAN,PIPELINEABLE,3,1,0,0,0,0,0.0,1,16418537,5,667003240,0.66700324,0.0,0.0,1691318
q8,q8,/home/dy1013/sirius_multi-gpu/experiment/join_retention_runs/join_retention_20260630_075038/queries/q8/log_dir/sirius_2026-06-30.log,33,38,70,GPU_SCAN,SCAN,94,GPU_SCAN,PIPELINEABLE,3,1,0,0,0,0,0.0,1,16475411,5,669313720,0.66931372,0.0,0.0,1691677
q8,q8,/home/dy1013/sirius_multi-gpu/experiment/join_retention_runs/join_retention_20260630_075038/queries/q8/log_dir/sirius_2026-06-30.log,33,49,70,GPU_SCAN,SCAN,94,GPU_SCAN,PIPELINEABLE,2,1,0,0,0,0,0.0,1,16442238,5,667966000,0.667966,0.0,0.0,1703144
q8,q8,/home/dy1013/sirius_multi-gpu/experiment/join_retention_runs/join_retention_20260630_075038/queries/q8/log_dir/sirius_2026-06-30.log,33,46,70,GPU_SCAN,SCAN,94,GPU_SCAN,PIPELINEABLE,3,1,0,0,0,0,0.0,1,16441732,5,667945440,0.66794544,0.0,0.0,1904739
q8,q8,/home/dy1013/sirius_multi-gpu/experiment/join_retention_runs/join_retention_20260630_075038/queries/q8/log_dir/sirius_2026-06-30.log,33,51,70,GPU_SCAN,SCAN,94,GPU_SCAN,PIPELINEABLE,0,1,0,0,0,0,0.0,1,16441418,5,667932880,0.66793288,0.0,0.0,1567705
q8,q8,/home/dy1013/sirius_multi-gpu/experiment/join_retention_runs/join_retention_20260630_075038/queries/q8/log_dir/sirius_2026-06-30.log,33,53,70,GPU_SCAN,SCAN,94,GPU_SCAN,PIPELINEABLE,2,1,0,0,0,0,0.0,1,16441524,5,667937120,0.66793712,0.0,0.0,1677303
q8,q8,/home/dy1013/sirius_multi-gpu/experiment/join_retention_runs/join_retention_20260630_075038/queries/q8/log_dir/sirius_2026-06-30.log,33,52,70,GPU_SCAN,SCAN,94,GPU_SCAN,PIPELINEABLE,1,1,0,0,0,0,0.0,1,16441217,5,667924520,0.66792452,0.0,0.0,1935826
q8,q8,/home/dy1013/sirius_multi-gpu/experiment/join_retention_runs/join_retention_20260630_075038/queries/q8/log_dir/sirius_2026-06-30.log,33,56,70,GPU_SCAN,SCAN,94,GPU_SCAN,PIPELINEABLE,1,1,0,0,0,0,0.0,1,16441882,5,667951760,0.66795176,0.0,0.0,1320872
q8,q8,/home/dy1013/sirius_multi-gpu/experiment/join_retention_runs/join_retention_20260630_075038/queries/q8/log_dir/sirius_2026-06-30.log,33,60,70,GPU_SCAN,SCAN,94,GPU_SCAN,PIPELINEABLE,1,1,0,0,0,0,0.0,1,16440908,5,667912160,0.66791216,0.0,0.0,1498142
q8,q8,/home/dy1013/sirius_multi-gpu/experiment/join_retention_runs/join_retention_20260630_075038/queries/q8/log_dir/sirius_2026-06-30.log,34,75,72,PARTITION,PARTITION,82,PIPELINEABLE,PIPELINEABLE,1,1,1,16428288,5,667399360,0.66739936,4,16428288,20,657131520,0.65713152,0.984615,1.0,18602
q8,q8,/home/dy1013/sirius_multi-gpu/experiment/join_retention_runs/join_retention_20260630_075038/queries/q8/log_dir/sirius_2026-06-30.log,34,78,72,PARTITION,PARTITION,82,PIPELINEABLE,PIPELINEABLE,1,1,1,16417581,5,666964360,0.66696436,4,16417581,20,656703240,0.65670324,0.984615,1.0,9508
q8,q8,/home/dy1013/sirius_multi-gpu/experiment/join_retention_runs/join_retention_20260630_075038/queries/q8/log_dir/sirius_2026-06-30.log,34,82,72,PARTITION,PARTITION,82,PIPELINEABLE,PIPELINEABLE,1,1,1,16440983,5,667915160,0.66791516,4,16440983,20,657639320,0.65763932,0.984615,1.0,7507
q8,q8,/home/dy1013/sirius_multi-gpu/experiment/join_retention_runs/join_retention_20260630_075038/queries/q8/log_dir/sirius_2026-06-30.log,34,89,72,PARTITION,PARTITION,82,PIPELINEABLE,PIPELINEABLE,1,1,1,16441217,5,667924520,0.66792452,4,16441217,20,657648680,0.65764868,0.984615,1.0,8921
q8,q8,/home/dy1013/sirius_multi-gpu/experiment/join_retention_runs/join_retention_20260630_075038/queries/q8/log_dir/sirius_2026-06-30.log,34,90,72,PARTITION,PARTITION,82,PIPELINEABLE,PIPELINEABLE,1,1,1,16441882,5,667951760,0.66795176,4,16441882,20,657675280,0.65767528,0.984615,1.0,7429
q8,q8,/home/dy1013/sirius_multi-gpu/experiment/join_retention_runs/join_retention_20260630_075038/queries/q8/log_dir/sirius_2026-06-30.log,34,91,72,PARTITION,PARTITION,82,PIPELINEABLE,PIPELINEABLE,1,1,1,16440908,5,667912160,0.66791216,4,16440908,20,657636320,0.65763632,0.984615,1.0,8372
q8,q8,/home/dy1013/sirius_multi-gpu/experiment/join_retention_runs/join_retention_20260630_075038/queries/q8/log_dir/sirius_2026-06-30.log,35,94,71,CONCAT,CONCAT,83,PARTITIONED,PARTITIONED,1,1,3,12322104,15,492884160,0.49288416,1,12322104,5,492884160,0.49288416,1.0,1.0,12287
q8,q8,/home/dy1013/sirius_multi-gpu/experiment/join_retention_runs/join_retention_20260630_075038/queries/q8/log_dir/sirius_2026-06-30.log,35,95,71,CONCAT,CONCAT,83,PARTITIONED,PARTITIONED,1,1,1,4112433,5,164497320,0.16449732,1,4112433,5,164497320,0.16449732,1.0,1.0,2
q8,q8,/home/dy1013/sirius_multi-gpu/experiment/join_retention_runs/join_retention_20260630_075038/queries/q8/log_dir/sirius_2026-06-30.log,33,55,70,GPU_SCAN,SCAN,94,GPU_SCAN,PIPELINEABLE,0,1,0,0,0,0,0.0,1,16441942,5,667954160,0.66795416,0.0,0.0,1550954
q8,q8,/home/dy1013/sirius_multi-gpu/experiment/join_retention_runs/join_retention_20260630_075038/queries/q8/log_dir/sirius_2026-06-30.log,33,59,70,GPU_SCAN,SCAN,94,GPU_SCAN,PIPELINEABLE,0,1,0,0,0,0,0.0,1,16441805,5,667948360,0.66794836,0.0,0.0,1798670
q8,q8,/home/dy1013/sirius_multi-gpu/experiment/join_retention_runs/join_retention_20260630_075038/queries/q8/log_dir/sirius_2026-06-30.log,34,76,72,PARTITION,PARTITION,82,PIPELINEABLE,PIPELINEABLE,0,1,1,16418039,5,666983000,0.666983,4,16418039,20,656721560,0.65672156,0.984615,1.0,20316
q8,q8,/home/dy1013/sirius_multi-gpu/experiment/join_retention_runs/join_retention_20260630_075038/queries/q8/log_dir/sirius_2026-06-30.log,34,79,72,PARTITION,PARTITION,82,PIPELINEABLE,PIPELINEABLE,0,1,1,16441015,5,667916440,0.66791644,4,16441015,20,657640600,0.6576406,0.984615,1.0,10301
q8,q8,/home/dy1013/sirius_multi-gpu/experiment/join_retention_runs/join_retention_20260630_075038/queries/q8/log_dir/sirius_2026-06-30.log,34,80,72,PARTITION,PARTITION,82,PIPELINEABLE,PIPELINEABLE,0,1,1,16418095,5,666985240,0.66698524,4,16418095,20,656723800,0.6567238,0.984615,1.0,14714
q8,q8,/home/dy1013/sirius_multi-gpu/experiment/join_retention_runs/join_retention_20260630_075038/queries/q8/log_dir/sirius_2026-06-30.log,35,104,71,CONCAT,CONCAT,83,PARTITIONED,PARTITIONED,1,1,3,12337535,15,493501400,0.4935014,1,12337535,5,493501400,0.4935014,1.0,1.0,12192
q8,q8,/home/dy1013/sirius_multi-gpu/experiment/join_retention_runs/join_retention_20260630_075038/queries/q8/log_dir/sirius_2026-06-30.log,34,87,72,PARTITION,PARTITION,82,PIPELINEABLE,PIPELINEABLE,0,1,1,16441418,5,667932880,0.66793288,4,16441418,20,657656720,0.65765672,0.984615,1.0,8464
q8,q8,/home/dy1013/sirius_multi-gpu/experiment/join_retention_runs/join_retention_20260630_075038/queries/q8/log_dir/sirius_2026-06-30.log,35,105,71,CONCAT,CONCAT,83,PARTITIONED,PARTITIONED,1,1,1,4100470,5,164018800,0.1640188,1,4100470,5,164018800,0.1640188,1.0,1.0,1
q8,q8,/home/dy1013/sirius_multi-gpu/experiment/join_retention_runs/join_retention_20260630_075038/queries/q8/log_dir/sirius_2026-06-30.log,33,57,70,GPU_SCAN,SCAN,94,GPU_SCAN,PIPELINEABLE,2,1,0,0,0,0,0.0,1,16442296,5,667968320,0.66796832,0.0,0.0,1736600
q8,q8,/home/dy1013/sirius_multi-gpu/experiment/join_retention_runs/join_retention_20260630_075038/queries/q8/log_dir/sirius_2026-06-30.log,35,92,71,CONCAT,CONCAT,83,PARTITIONED,PARTITIONED,0,1,3,12324681,15,492987240,0.49298724,1,12324681,5,492987240,0.49298724,1.0,1.0,12311
q8,q8,/home/dy1013/sirius_multi-gpu/experiment/join_retention_runs/join_retention_20260630_075038/queries/q8/log_dir/sirius_2026-06-30.log,35,93,71,CONCAT,CONCAT,83,PARTITIONED,PARTITIONED,0,1,1,4112157,5,164486280,0.16448628,1,4112157,5,164486280,0.16448628,1.0,1.0,1
q8,q8,/home/dy1013/sirius_multi-gpu/experiment/join_retention_runs/join_retention_20260630_075038/queries/q8/log_dir/sirius_2026-06-30.log,34,100,72,PARTITION,PARTITION,82,PIPELINEABLE,PIPELINEABLE,0,1,1,16441942,5,667954160,0.66795416,4,16441942,20,657677680,0.65767768,0.984615,1.0,8399
q8,q8,/home/dy1013/sirius_multi-gpu/experiment/join_retention_runs/join_retention_20260630_075038/queries/q8/log_dir/sirius_2026-06-30.log,34,101,72,PARTITION,PARTITION,82,PIPELINEABLE,PIPELINEABLE,0,1,1,16441805,5,667948360,0.66794836,4,16441805,20,657672200,0.6576722,0.984615,1.0,7279
q8,q8,/home/dy1013/sirius_multi-gpu/experiment/join_retention_runs/join_retention_20260630_075038/queries/q8/log_dir/sirius_2026-06-30.log,35,113,71,CONCAT,CONCAT,83,PARTITIONED,PARTITIONED,1,1,3,12321598,15,492863920,0.49286392,1,12321598,5,492863920,0.49286392,1.0,1.0,12146
q8,q8,/home/dy1013/sirius_multi-gpu/experiment/join_retention_runs/join_retention_20260630_075038/queries/q8/log_dir/sirius_2026-06-30.log,35,114,71,CONCAT,CONCAT,83,PARTITIONED,PARTITIONED,1,1,1,4107978,5,164319120,0.16431912,1,4107978,5,164319120,0.16431912,1.0,1.0,2
q8,q8,/home/dy1013/sirius_multi-gpu/experiment/join_retention_runs/join_retention_20260630_075038/queries/q8/log_dir/sirius_2026-06-30.log,35,102,71,CONCAT,CONCAT,83,PARTITIONED,PARTITIONED,0,1,3,12316141,15,492645640,0.49264564,1,12316141,5,492645640,0.49264564,1.0,1.0,10822
q8,q8,/home/dy1013/sirius_multi-gpu/experiment/join_retention_runs/join_retention_20260630_075038/queries/q8/log_dir/sirius_2026-06-30.log,35,103,71,CONCAT,CONCAT,83,PARTITIONED,PARTITIONED,0,1,1,4110005,5,164400200,0.1644002,1,4110005,5,164400200,0.1644002,1.0,1.0,19
q8,q8,/home/dy1013/sirius_multi-gpu/experiment/join_retention_runs/join_retention_20260630_075038/queries/q8/log_dir/sirius_2026-06-30.log,35,111,71,CONCAT,CONCAT,83,PARTITIONED,PARTITIONED,0,1,3,12326266,15,493050640,0.49305064,1,12326266,5,493050640,0.49305064,1.0,1.0,10822
q8,q8,/home/dy1013/sirius_multi-gpu/experiment/join_retention_runs/join_retention_20260630_075038/queries/q8/log_dir/sirius_2026-06-30.log,35,112,71,CONCAT,CONCAT,83,PARTITIONED,PARTITIONED,0,1,1,4112042,5,164481680,0.16448168,1,4112042,5,164481680,0.16448168,1.0,1.0,1
q8,q8,/home/dy1013/sirius_multi-gpu/experiment/join_retention_runs/join_retention_20260630_075038/queries/q8/log_dir/sirius_2026-06-30.log,33,63,70,GPU_SCAN,SCAN,94,GPU_SCAN,PIPELINEABLE,0,1,0,0,0,0,0.0,1,16441200,5,667923840,0.66792384,0.0,0.0,1931735
q8,q8,/home/dy1013/sirius_multi-gpu/experiment/join_retention_runs/join_retention_20260630_075038/queries/q8/log_dir/sirius_2026-06-30.log,34,119,72,PARTITION,PARTITION,82,PIPELINEABLE,PIPELINEABLE,0,1,1,16441200,5,667923840,0.66792384,4,16441200,20,657648000,0.657648,0.984615,1.0,9270
q8,q8,/home/dy1013/sirius_multi-gpu/experiment/join_retention_runs/join_retention_20260630_075038/queries/q8/log_dir/sirius_2026-06-30.log,33,61,70,GPU_SCAN,SCAN,94,GPU_SCAN,PIPELINEABLE,2,1,0,0,0,0,0.0,1,16441192,5,667923520,0.66792352,0.0,0.0,1910155
q8,q8,/home/dy1013/sirius_multi-gpu/experiment/join_retention_runs/join_retention_20260630_075038/queries/q8/log_dir/sirius_2026-06-30.log,34,77,72,PARTITION,PARTITION,82,PIPELINEABLE,PIPELINEABLE,2,1,1,16441769,5,667946920,0.66794692,4,16441769,20,657670760,0.65767076,0.984615,1.0,20187
q8,q8,/home/dy1013/sirius_multi-gpu/experiment/join_retention_runs/join_retention_20260630_075038/queries/q8/log_dir/sirius_2026-06-30.log,34,81,72,PARTITION,PARTITION,82,PIPELINEABLE,PIPELINEABLE,2,1,1,16418134,5,666986800,0.6669868,4,16418134,20,656725360,0.65672536,0.984615,1.0,10715
q8,q8,/home/dy1013/sirius_multi-gpu/experiment/join_retention_runs/join_retention_20260630_075038/queries/q8/log_dir/sirius_2026-06-30.log,34,85,72,PARTITION,PARTITION,82,PIPELINEABLE,PIPELINEABLE,2,1,1,16442238,5,667966000,0.667966,4,16442238,20,657689520,0.65768952,0.984615,1.0,8439
q8,q8,/home/dy1013/sirius_multi-gpu/experiment/join_retention_runs/join_retention_20260630_075038/queries/q8/log_dir/sirius_2026-06-30.log,35,122,71,CONCAT,CONCAT,83,PARTITIONED,PARTITIONED,0,1,1,4111610,5,164464400,0.1644644,1,4111610,5,164464400,0.1644644,1.0,1.0,2
q8,q8,/home/dy1013/sirius_multi-gpu/experiment/join_retention_runs/join_retention_20260630_075038/queries/q8/log_dir/sirius_2026-06-30.log,34,88,72,PARTITION,PARTITION,82,PIPELINEABLE,PIPELINEABLE,2,1,1,16441524,5,667937120,0.66793712,4,16441524,20,657660960,0.65766096,0.984615,1.0,43063
q8,q8,/home/dy1013/sirius_multi-gpu/experiment/join_retention_runs/join_retention_20260630_075038/queries/q8/log_dir/sirius_2026-06-30.log,35,121,71,CONCAT,CONCAT,83,PARTITIONED,PARTITIONED,0,1,3,12315297,15,492611880,0.49261188,1,12315297,5,492611880,0.49261188,1.0,1.0,10922
q8,q8,/home/dy1013/sirius_multi-gpu/experiment/join_retention_runs/join_retention_20260630_075038/queries/q8/log_dir/sirius_2026-06-30.log,35,123,71,CONCAT,CONCAT,83,PARTITIONED,PARTITIONED,1,1,3,12328008,15,493120320,0.49312032,1,12328008,5,493120320,0.49312032,1.0,1.0,11040
q8,q8,/home/dy1013/sirius_multi-gpu/experiment/join_retention_runs/join_retention_20260630_075038/queries/q8/log_dir/sirius_2026-06-30.log,35,124,71,CONCAT,CONCAT,83,PARTITIONED,PARTITIONED,1,1,1,4115437,5,164617480,0.16461748,1,4115437,5,164617480,0.16461748,1.0,1.0,5
q8,q8,/home/dy1013/sirius_multi-gpu/experiment/join_retention_runs/join_retention_20260630_075038/queries/q8/log_dir/sirius_2026-06-30.log,35,96,71,CONCAT,CONCAT,83,PARTITIONED,PARTITIONED,2,1,3,12323063,15,492922520,0.49292252,1,12323063,5,492922520,0.49292252,1.0,1.0,12282
q8,q8,/home/dy1013/sirius_multi-gpu/experiment/join_retention_runs/join_retention_20260630_075038/queries/q8/log_dir/sirius_2026-06-30.log,35,97,71,CONCAT,CONCAT,83,PARTITIONED,PARTITIONED,2,1,1,4107210,5,164288400,0.1642884,1,4107210,5,164288400,0.1642884,1.0,1.0,1
q8,q8,/home/dy1013/sirius_multi-gpu/experiment/join_retention_runs/join_retention_20260630_075038/queries/q8/log_dir/sirius_2026-06-30.log,33,64,70,GPU_SCAN,SCAN,94,GPU_SCAN,PIPELINEABLE,1,1,0,0,0,0,0.0,1,16441916,5,667953120,0.66795312,0.0,0.0,2056605
q8,q8,/home/dy1013/sirius_multi-gpu/experiment/join_retention_runs/join_retention_20260630_075038/queries/q8/log_dir/sirius_2026-06-30.log,34,129,72,PARTITION,PARTITION,82,PIPELINEABLE,PIPELINEABLE,1,1,1,16441916,5,667953120,0.66795312,4,16441916,20,657676640,0.65767664,0.984615,1.0,10854
q8,q8,/home/dy1013/sirius_multi-gpu/experiment/join_retention_runs/join_retention_20260630_075038/queries/q8/log_dir/sirius_2026-06-30.log,35,106,71,CONCAT,CONCAT,83,PARTITIONED,PARTITIONED,2,1,3,12319187,15,492767480,0.49276748,1,12319187,5,492767480,0.49276748,1.0,1.0,12279
q8,q8,/home/dy1013/sirius_multi-gpu/experiment/join_retention_runs/join_retention_20260630_075038/queries/q8/log_dir/sirius_2026-06-30.log,35,107,71,CONCAT,CONCAT,83,PARTITIONED,PARTITIONED,2,1,1,4114770,5,164590800,0.1645908,1,4114770,5,164590800,0.1645908,1.0,1.0,1
q8,q8,/home/dy1013/sirius_multi-gpu/experiment/join_retention_runs/join_retention_20260630_075038/queries/q8/log_dir/sirius_2026-06-30.log,34,110,72,PARTITION,PARTITION,82,PIPELINEABLE,PIPELINEABLE,2,1,1,16442296,5,667968320,0.66796832,4,16442296,20,657691840,0.65769184,0.984615,1.0,7555
q8,q8,/home/dy1013/sirius_multi-gpu/experiment/join_retention_runs/join_retention_20260630_075038/queries/q8/log_dir/sirius_2026-06-30.log,33,50,70,GPU_SCAN,SCAN,94,GPU_SCAN,PIPELINEABLE,3,1,0,0,0,0,0.0,1,16441126,5,667920880,0.66792088,0.0,0.0,1970606
q8,q8,/home/dy1013/sirius_multi-gpu/experiment/join_retention_runs/join_retention_20260630_075038/queries/q8/log_dir/sirius_2026-06-30.log,35,115,71,CONCAT,CONCAT,83,PARTITIONED,PARTITIONED,2,1,3,12317103,15,492684120,0.49268412,1,12317103,5,492684120,0.49268412,1.0,1.0,12240
q8,q8,/home/dy1013/sirius_multi-gpu/experiment/join_retention_runs/join_retention_20260630_075038/queries/q8/log_dir/sirius_2026-06-30.log,35,116,71,CONCAT,CONCAT,83,PARTITIONED,PARTITIONED,2,1,1,4105474,5,164218960,0.16421896,1,4105474,5,164218960,0.16421896,1.0,1.0,1
q8,q8,/home/dy1013/sirius_multi-gpu/experiment/join_retention_runs/join_retention_20260630_075038/queries/q8/log_dir/sirius_2026-06-30.log,34,120,72,PARTITION,PARTITION,82,PIPELINEABLE,PIPELINEABLE,2,1,1,16441192,5,667923520,0.66792352,4,16441192,20,657647680,0.65764768,0.984615,1.0,8031
q8,q8,/home/dy1013/sirius_multi-gpu/experiment/join_retention_runs/join_retention_20260630_075038/queries/q8/log_dir/sirius_2026-06-30.log,33,54,70,GPU_SCAN,SCAN,94,GPU_SCAN,PIPELINEABLE,3,1,0,0,0,0,0.0,1,16441199,5,667923800,0.6679238,0.0,0.0,2025392
q8,q8,/home/dy1013/sirius_multi-gpu/experiment/join_retention_runs/join_retention_20260630_075038/queries/q8/log_dir/sirius_2026-06-30.log,33,58,70,GPU_SCAN,SCAN,94,GPU_SCAN,PIPELINEABLE,3,1,0,0,0,0,0.0,1,16441938,5,667954000,0.667954,0.0,0.0,2039832
q8,q8,/home/dy1013/sirius_multi-gpu/experiment/join_retention_runs/join_retention_20260630_075038/queries/q8/log_dir/sirius_2026-06-30.log,33,62,70,GPU_SCAN,SCAN,94,GPU_SCAN,PIPELINEABLE,3,1,0,0,0,0,0.0,1,16441448,5,667934080,0.66793408,0.0,0.0,1845015
q8,q8,/home/dy1013/sirius_multi-gpu/experiment/join_retention_runs/join_retention_20260630_075038/queries/q8/log_dir/sirius_2026-06-30.log,35,133,71,CONCAT,CONCAT,83,PARTITIONED,PARTITIONED,0,1,1,4109866,5,164394640,0.16439464,1,4109866,5,164394640,0.16439464,1.0,1.0,5
q8,q8,/home/dy1013/sirius_multi-gpu/experiment/join_retention_runs/join_retention_20260630_075038/queries/q8/log_dir/sirius_2026-06-30.log,35,135,71,CONCAT,CONCAT,83,PARTITIONED,PARTITIONED,1,1,1,4107916,5,164316640,0.16431664,1,4107916,5,164316640,0.16431664,1.0,1.0,8
q8,q8,/home/dy1013/sirius_multi-gpu/experiment/join_retention_runs/join_retention_20260630_075038/queries/q8/log_dir/sirius_2026-06-30.log,35,125,71,CONCAT,CONCAT,83,PARTITIONED,PARTITIONED,2,1,3,12328151,15,493126040,0.49312604,1,12328151,5,493126040,0.49312604,1.0,1.0,11318
q8,q8,/home/dy1013/sirius_multi-gpu/experiment/join_retention_runs/join_retention_20260630_075038/queries/q8/log_dir/sirius_2026-06-30.log,35,126,71,CONCAT,CONCAT,83,PARTITIONED,PARTITIONED,2,1,1,4106361,5,164254440,0.16425444,1,4106361,5,164254440,0.16425444,1.0,1.0,2
q8,q8,/home/dy1013/sirius_multi-gpu/experiment/join_retention_runs/join_retention_20260630_075038/queries/q8/log_dir/sirius_2026-06-30.log,34,83,72,PARTITION,PARTITION,82,PIPELINEABLE,PIPELINEABLE,3,1,1,16418537,5,667003240,0.66700324,4,16418537,20,656741480,0.65674148,0.984615,1.0,20603
q8,q8,/home/dy1013/sirius_multi-gpu/experiment/join_retention_runs/join_retention_20260630_075038/queries/q8/log_dir/sirius_2026-06-30.log,34,84,72,PARTITION,PARTITION,82,PIPELINEABLE,PIPELINEABLE,3,1,1,16475411,5,669313720,0.66931372,4,16475411,20,659016440,0.65901644,0.984615,1.0,10555
q8,q8,/home/dy1013/sirius_multi-gpu/experiment/join_retention_runs/join_retention_20260630_075038/queries/q8/log_dir/sirius_2026-06-30.log,34,86,72,PARTITION,PARTITION,82,PIPELINEABLE,PIPELINEABLE,3,1,1,16441732,5,667945440,0.66794544,4,16441732,20,657669280,0.65766928,0.984615,1.0,7277
q8,q8,/home/dy1013/sirius_multi-gpu/experiment/join_retention_runs/join_retention_20260630_075038/queries/q8/log_dir/sirius_2026-06-30.log,35,136,71,CONCAT,CONCAT,83,PARTITIONED,PARTITIONED,2,1,3,12325305,15,493012200,0.4930122,1,12325305,5,493012200,0.4930122,1.0,1.0,11005
q8,q8,/home/dy1013/sirius_multi-gpu/experiment/join_retention_runs/join_retention_20260630_075038/queries/q8/log_dir/sirius_2026-06-30.log,35,134,71,CONCAT,CONCAT,83,PARTITIONED,PARTITIONED,1,1,3,12337291,15,493491640,0.49349164,1,12337291,5,493491640,0.49349164,1.0,1.0,11048
q8,q8,/home/dy1013/sirius_multi-gpu/experiment/join_retention_runs/join_retention_20260630_075038/queries/q8/log_dir/sirius_2026-06-30.log,35,137,71,CONCAT,CONCAT,83,PARTITIONED,PARTITIONED,2,1,1,4110179,5,164407160,0.16440716,1,4110179,5,164407160,0.16440716,1.0,1.0,2
q8,q8,/home/dy1013/sirius_multi-gpu/experiment/join_retention_runs/join_retention_20260630_075038/queries/q8/log_dir/sirius_2026-06-30.log,33,65,70,GPU_SCAN,SCAN,94,GPU_SCAN,PIPELINEABLE,2,1,0,0,0,0,0.0,1,16441953,5,667954600,0.6679546,0.0,0.0,2105941
q8,q8,/home/dy1013/sirius_multi-gpu/experiment/join_retention_runs/join_retention_20260630_075038/queries/q8/log_dir/sirius_2026-06-30.log,35,132,71,CONCAT,CONCAT,83,PARTITIONED,PARTITIONED,0,1,3,12328619,15,493144760,0.49314476,1,12328619,5,493144760,0.49314476,1.0,1.0,10921
q8,q8,/home/dy1013/sirius_multi-gpu/experiment/join_retention_runs/join_retention_20260630_075038/queries/q8/log_dir/sirius_2026-06-30.log,34,142,72,PARTITION,PARTITION,82,PIPELINEABLE,PIPELINEABLE,2,1,1,16441953,5,667954600,0.6679546,4,16441953,20,657678120,0.65767812,0.984615,1.0,10490
q8,q8,/home/dy1013/sirius_multi-gpu/experiment/join_retention_runs/join_retention_20260630_075038/queries/q8/log_dir/sirius_2026-06-30.log,33,67,70,GPU_SCAN,SCAN,94,GPU_SCAN,PIPELINEABLE,0,1,0,0,0,0,0.0,1,16441782,5,667947440,0.66794744,0.0,0.0,1717474
q8,q8,/home/dy1013/sirius_multi-gpu/experiment/join_retention_runs/join_retention_20260630_075038/queries/q8/log_dir/sirius_2026-06-30.log,34,143,72,PARTITION,PARTITION,82,PIPELINEABLE,PIPELINEABLE,0,1,1,16441782,5,667947440,0.66794744,4,16441782,20,657671280,0.65767128,0.984615,1.0,11614
q8,q8,/home/dy1013/sirius_multi-gpu/experiment/join_retention_runs/join_retention_20260630_075038/queries/q8/log_dir/sirius_2026-06-30.log,35,98,71,CONCAT,CONCAT,83,PARTITIONED,PARTITIONED,3,1,3,12317004,15,492680160,0.49268016,1,12317004,5,492680160,0.49268016,1.0,1.0,11032
q8,q8,/home/dy1013/sirius_multi-gpu/experiment/join_retention_runs/join_retention_20260630_075038/queries/q8/log_dir/sirius_2026-06-30.log,35,99,71,CONCAT,CONCAT,83,PARTITIONED,PARTITIONED,3,1,1,4109417,5,164376680,0.16437668,1,4109417,5,164376680,0.16437668,1.0,1.0,1
q8,q8,/home/dy1013/sirius_multi-gpu/experiment/join_retention_runs/join_retention_20260630_075038/queries/q8/log_dir/sirius_2026-06-30.log,35,147,71,CONCAT,CONCAT,83,PARTITIONED,PARTITIONED,1,1,2,8222837,10,328913480,0.32891348,1,8222837,5,328913480,0.32891348,1.0,1.0,7344
q8,q8,/home/dy1013/sirius_multi-gpu/experiment/join_retention_runs/join_retention_20260630_075038/queries/q8/log_dir/sirius_2026-06-30.log,35,149,71,CONCAT,CONCAT,83,PARTITIONED,PARTITIONED,2,1,2,8215688,10,328627520,0.32862752,1,8215688,5,328627520,0.32862752,1.0,1.0,30263
q8,q8,/home/dy1013/sirius_multi-gpu/experiment/join_retention_runs/join_retention_20260630_075038/queries/q8/log_dir/sirius_2026-06-30.log,35,144,71,CONCAT,CONCAT,83,PARTITIONED,PARTITIONED,0,1,3,12329149,15,493165960,0.49316596,1,12329149,5,493165960,0.49316596,1.0,1.0,10968
q8,q8,/home/dy1013/sirius_multi-gpu/experiment/join_retention_runs/join_retention_20260630_075038/queries/q8/log_dir/sirius_2026-06-30.log,35,145,71,CONCAT,CONCAT,83,PARTITIONED,PARTITIONED,0,1,2,8225633,10,329025320,0.32902532,1,8225633,5,329025320,0.32902532,1.0,1.0,16611
q8,q8,/home/dy1013/sirius_multi-gpu/experiment/join_retention_runs/join_retention_20260630_075038/queries/q8/log_dir/sirius_2026-06-30.log,35,146,71,CONCAT,CONCAT,83,PARTITIONED,PARTITIONED,1,1,3,12334061,15,493362440,0.49336244,1,12334061,5,493362440,0.49336244,1.0,1.0,10994
q8,q8,/home/dy1013/sirius_multi-gpu/experiment/join_retention_runs/join_retention_20260630_075038/queries/q8/log_dir/sirius_2026-06-30.log,35,148,71,CONCAT,CONCAT,83,PARTITIONED,PARTITIONED,2,1,3,12330496,15,493219840,0.49321984,1,12330496,5,493219840,0.49321984,1.0,1.0,11023
q8,q8,/home/dy1013/sirius_multi-gpu/experiment/join_retention_runs/join_retention_20260630_075038/queries/q8/log_dir/sirius_2026-06-30.log,33,69,70,GPU_SCAN,SCAN,94,GPU_SCAN,PIPELINEABLE,2,1,0,0,0,0,0.0,1,16441297,5,667927720,0.66792772,0.0,0.0,1723024
q8,q8,/home/dy1013/sirius_multi-gpu/experiment/join_retention_runs/join_retention_20260630_075038/queries/q8/log_dir/sirius_2026-06-30.log,35,108,71,CONCAT,CONCAT,83,PARTITIONED,PARTITIONED,3,1,3,12327966,15,493118640,0.49311864,1,12327966,5,493118640,0.49311864,1.0,1.0,11011
q8,q8,/home/dy1013/sirius_multi-gpu/experiment/join_retention_runs/join_retention_20260630_075038/queries/q8/log_dir/sirius_2026-06-30.log,33,68,70,GPU_SCAN,SCAN,94,GPU_SCAN,PIPELINEABLE,1,1,0,0,0,0,0.0,1,16441736,5,667945600,0.6679456,0.0,0.0,1485852
q8,q8,/home/dy1013/sirius_multi-gpu/experiment/join_retention_runs/join_retention_20260630_075038/queries/q8/log_dir/sirius_2026-06-30.log,34,152,72,PARTITION,PARTITION,82,PIPELINEABLE,PIPELINEABLE,2,1,1,16441297,5,667927720,0.66792772,4,16441297,20,657651880,0.65765188,0.984615,1.0,12853
q8,q8,/home/dy1013/sirius_multi-gpu/experiment/join_retention_runs/join_retention_20260630_075038/queries/q8/log_dir/sirius_2026-06-30.log,35,109,71,CONCAT,CONCAT,83,PARTITIONED,PARTITIONED,3,1,1,4115770,5,164630800,0.1646308,1,4115770,5,164630800,0.1646308,1.0,1.0,1
q8,q8,/home/dy1013/sirius_multi-gpu/experiment/join_retention_runs/join_retention_20260630_075038/queries/q8/log_dir/sirius_2026-06-30.log,34,153,72,PARTITION,PARTITION,82,PIPELINEABLE,PIPELINEABLE,1,1,1,16441736,5,667945600,0.6679456,4,16441736,20,657669440,0.65766944,0.984615,1.0,13725
q8,q8,/home/dy1013/sirius_multi-gpu/experiment/join_retention_runs/join_retention_20260630_075038/queries/q8/log_dir/sirius_2026-06-30.log,35,117,71,CONCAT,CONCAT,83,PARTITIONED,PARTITIONED,3,1,3,12336488,15,493459520,0.49345952,1,12336488,5,493459520,0.49345952,1.0,1.0,11077
q8,q8,/home/dy1013/sirius_multi-gpu/experiment/join_retention_runs/join_retention_20260630_075038/queries/q8/log_dir/sirius_2026-06-30.log,35,118,71,CONCAT,CONCAT,83,PARTITIONED,PARTITIONED,3,1,1,4116311,5,164652440,0.16465244,1,4116311,5,164652440,0.16465244,1.0,1.0,1
q8,q8,/home/dy1013/sirius_multi-gpu/experiment/join_retention_runs/join_retention_20260630_075038/queries/q8/log_dir/sirius_2026-06-30.log,33,72,70,GPU_SCAN,SCAN,94,GPU_SCAN,PIPELINEABLE,1,1,0,0,0,0,0.0,1,16441633,5,667941480,0.66794148,0.0,0.0,1404822
q8,q8,/home/dy1013/sirius_multi-gpu/experiment/join_retention_runs/join_retention_20260630_075038/queries/q8/log_dir/sirius_2026-06-30.log,34,154,72,PARTITION,PARTITION,82,PIPELINEABLE,PIPELINEABLE,1,1,1,16441633,5,667941480,0.66794148,4,16441633,20,657665320,0.65766532,0.984615,1.0,13698
q8,q8,/home/dy1013/sirius_multi-gpu/experiment/join_retention_runs/join_retention_20260630_075038/queries/q8/log_dir/sirius_2026-06-30.log,33,71,70,GPU_SCAN,SCAN,94,GPU_SCAN,PIPELINEABLE,0,1,0,0,0,0,0.0,1,16441053,5,667917960,0.66791796,0.0,0.0,1114882
q8,q8,/home/dy1013/sirius_multi-gpu/experiment/join_retention_runs/join_retention_20260630_075038/queries/q8/log_dir/sirius_2026-06-30.log,35,127,71,CONCAT,CONCAT,83,PARTITIONED,PARTITIONED,3,1,3,12329647,15,493185880,0.49318588,1,12329647,5,493185880,0.49318588,1.0,1.0,11020
q8,q8,/home/dy1013/sirius_multi-gpu/experiment/join_retention_runs/join_retention_20260630_075038/queries/q8/log_dir/sirius_2026-06-30.log,34,155,72,PARTITION,PARTITION,82,PIPELINEABLE,PIPELINEABLE,0,1,1,16441053,5,667917960,0.66791796,4,16441053,20,657642120,0.65764212,0.984615,1.0,12332
q8,q8,/home/dy1013/sirius_multi-gpu/experiment/join_retention_runs/join_retention_20260630_075038/queries/q8/log_dir/sirius_2026-06-30.log,35,157,71,CONCAT,CONCAT,83,PARTITIONED,PARTITIONED,0,1,1,4108882,5,164355280,0.16435528,1,4108882,5,164355280,0.16435528,1.0,1.0,12
q8,q8,/home/dy1013/sirius_multi-gpu/experiment/join_retention_runs/join_retention_20260630_075038/queries/q8/log_dir/sirius_2026-06-30.log,35,159,71,CONCAT,CONCAT,83,PARTITIONED,PARTITIONED,1,1,1,4109341,5,164373640,0.16437364,1,4109341,5,164373640,0.16437364,1.0,1.0,1
q8,q8,/home/dy1013/sirius_multi-gpu/experiment/join_retention_runs/join_retention_20260630_075038/queries/q8/log_dir/sirius_2026-06-30.log,35,161,71,CONCAT,CONCAT,83,PARTITIONED,PARTITIONED,2,1,1,4112337,5,164493480,0.16449348,1,4112337,5,164493480,0.16449348,1.0,1.0,1
q8,q8,/home/dy1013/sirius_multi-gpu/experiment/join_retention_runs/join_retention_20260630_075038/queries/q8/log_dir/sirius_2026-06-30.log,33,66,70,GPU_SCAN,SCAN,94,GPU_SCAN,PIPELINEABLE,3,1,0,0,0,0,0.0,1,16441363,5,667930680,0.66793068,0.0,0.0,468091
q8,q8,/home/dy1013/sirius_multi-gpu/experiment/join_retention_runs/join_retention_20260630_075038/queries/q8/log_dir/sirius_2026-06-30.log,35,158,71,CONCAT,CONCAT,83,PARTITIONED,PARTITIONED,1,1,3,12329816,15,493192640,0.49319264,1,12329816,5,493192640,0.49319264,1.0,1.0,11021
q8,q8,/home/dy1013/sirius_multi-gpu/experiment/join_retention_runs/join_retention_20260630_075038/queries/q8/log_dir/sirius_2026-06-30.log,35,160,71,CONCAT,CONCAT,83,PARTITIONED,PARTITIONED,2,1,3,12321598,15,492863920,0.49286392,1,12321598,5,492863920,0.49286392,1.0,1.0,15117
q8,q8,/home/dy1013/sirius_multi-gpu/experiment/join_retention_runs/join_retention_20260630_075038/queries/q8/log_dir/sirius_2026-06-30.log,35,128,71,CONCAT,CONCAT,83,PARTITIONED,PARTITIONED,3,1,1,4108830,5,164353200,0.1643532,1,4108830,5,164353200,0.1643532,1.0,1.0,2
q8,q8,/home/dy1013/sirius_multi-gpu/experiment/join_retention_runs/join_retention_20260630_075038/queries/q8/log_dir/sirius_2026-06-30.log,34,130,72,PARTITION,PARTITION,82,PIPELINEABLE,PIPELINEABLE,3,1,1,16441126,5,667920880,0.66792088,4,16441126,20,657645040,0.65764504,0.984615,1.0,31387
q8,q8,/home/dy1013/sirius_multi-gpu/experiment/join_retention_runs/join_retention_20260630_075038/queries/q8/log_dir/sirius_2026-06-30.log,33,73,70,GPU_SCAN,SCAN,94,GPU_SCAN,PIPELINEABLE,2,1,0,0,0,0,0.0,1,16441878,5,667951600,0.6679516,0.0,0.0,877871
q8,q8,/home/dy1013/sirius_multi-gpu/experiment/join_retention_runs/join_retention_20260630_075038/queries/q8/log_dir/sirius_2026-06-30.log,34,131,72,PARTITION,PARTITION,82,PIPELINEABLE,PIPELINEABLE,3,1,1,16441199,5,667923800,0.6679238,4,16441199,20,657647960,0.65764796,0.984615,1.0,10107
q8,q8,/home/dy1013/sirius_multi-gpu/experiment/join_retention_runs/join_retention_20260630_075038/queries/q8/log_dir/sirius_2026-06-30.log,35,156,71,CONCAT,CONCAT,83,PARTITIONED,PARTITIONED,0,1,3,12323206,15,492928240,0.49292824,1,12323206,5,492928240,0.49292824,1.0,1.0,10895
q8,q8,/home/dy1013/sirius_multi-gpu/experiment/join_retention_runs/join_retention_20260630_075038/queries/q8/log_dir/sirius_2026-06-30.log,34,165,72,PARTITION,PARTITION,82,PIPELINEABLE,PIPELINEABLE,2,1,1,16441878,5,667951600,0.6679516,4,16441878,20,657675120,0.65767512,0.984615,1.0,26741
q8,q8,/home/dy1013/sirius_multi-gpu/experiment/join_retention_runs/join_retention_20260630_075038/queries/q8/log_dir/sirius_2026-06-30.log,35,139,71,CONCAT,CONCAT,83,PARTITIONED,PARTITIONED,3,1,1,4113231,5,164529240,0.16452924,1,4113231,5,164529240,0.16452924,1.0,1.0,1
q8,q8,/home/dy1013/sirius_multi-gpu/experiment/join_retention_runs/join_retention_20260630_075038/queries/q8/log_dir/sirius_2026-06-30.log,33,70,70,GPU_SCAN,SCAN,94,GPU_SCAN,PIPELINEABLE,3,1,0,0,0,0,0.0,1,16441530,5,667937360,0.66793736,0.0,0.0,509692
q8,q8,/home/dy1013/sirius_multi-gpu/experiment/join_retention_runs/join_retention_20260630_075038/queries/q8/log_dir/sirius_2026-06-30.log,34,140,72,PARTITION,PARTITION,82,PIPELINEABLE,PIPELINEABLE,3,1,1,16441938,5,667954000,0.667954,4,16441938,20,657677520,0.65767752,0.984615,1.0,24683
q8,q8,/home/dy1013/sirius_multi-gpu/experiment/join_retention_runs/join_retention_20260630_075038/queries/q8/log_dir/sirius_2026-06-30.log,33,74,70,GPU_SCAN,SCAN,94,GPU_SCAN,PIPELINEABLE,3,1,0,0,0,0,0.0,1,8238844,5,334703200,0.3347032,0.0,0.0,504929
q8,q8,/home/dy1013/sirius_multi-gpu/experiment/join_retention_runs/join_retention_20260630_075038/queries/q8/log_dir/sirius_2026-06-30.log,35,150,71,CONCAT,CONCAT,83,PARTITIONED,PARTITIONED,3,1,3,12341974,15,493678960,0.49367896,1,12341974,5,493678960,0.49367896,1.0,1.0,35183
q8,q8,/home/dy1013/sirius_multi-gpu/experiment/join_retention_runs/join_retention_20260630_075038/queries/q8/log_dir/sirius_2026-06-30.log,35,172,71,CONCAT,CONCAT,83,PARTITIONED,PARTITIONED,2,1,1,4110903,5,164436120,0.16443612,1,4110903,5,164436120,0.16443612,1.0,1.0,3
q8,q8,/home/dy1013/sirius_multi-gpu/experiment/join_retention_runs/join_retention_20260630_075038/queries/q8/log_dir/sirius_2026-06-30.log,35,170,71,CONCAT,CONCAT,83,PARTITIONED,PARTITIONED,1,1,1,4106818,5,164272720,0.16427272,1,4106818,5,164272720,0.16427272,1.0,1.0,8
q8,q8,/home/dy1013/sirius_multi-gpu/experiment/join_retention_runs/join_retention_20260630_075038/queries/q8/log_dir/sirius_2026-06-30.log,35,168,71,CONCAT,CONCAT,83,PARTITIONED,PARTITIONED,0,1,1,4109475,5,164379000,0.164379,1,4109475,5,164379000,0.164379,1.0,1.0,9
q8,q8,/home/dy1013/sirius_multi-gpu/experiment/join_retention_runs/join_retention_20260630_075038/queries/q8/log_dir/sirius_2026-06-30.log,34,141,72,PARTITION,PARTITION,82,PIPELINEABLE,PIPELINEABLE,3,1,1,16441448,5,667934080,0.66793408,4,16441448,20,657657920,0.65765792,0.984615,1.0,89690
q8,q8,/home/dy1013/sirius_multi-gpu/experiment/join_retention_runs/join_retention_20260630_075038/queries/q8/log_dir/sirius_2026-06-30.log,35,163,71,CONCAT,CONCAT,83,PARTITIONED,PARTITIONED,3,1,1,4110493,5,164419720,0.16441972,1,4110493,5,164419720,0.16441972,1.0,1.0,1
q8,q8,/home/dy1013/sirius_multi-gpu/experiment/join_retention_runs/join_retention_20260630_075038/queries/q8/log_dir/sirius_2026-06-30.log,35,171,71,CONCAT,CONCAT,83,PARTITIONED,PARTITIONED,2,1,3,12335662,15,493426480,0.49342648,1,12335662,5,493426480,0.49342648,1.0,1.0,11196
q8,q8,/home/dy1013/sirius_multi-gpu/experiment/join_retention_runs/join_retention_20260630_075038/queries/q8/log_dir/sirius_2026-06-30.log,35,151,71,CONCAT,CONCAT,83,PARTITIONED,PARTITIONED,3,1,2,8219577,10,328783080,0.32878308,1,8219577,5,328783080,0.32878308,1.0,1.0,7674
q8,q8,/home/dy1013/sirius_multi-gpu/experiment/join_retention_runs/join_retention_20260630_075038/queries/q8/log_dir/sirius_2026-06-30.log,35,167,71,CONCAT,CONCAT,83,PARTITIONED,PARTITIONED,0,1,3,12335359,15,493414360,0.49341436,1,12335359,5,493414360,0.49341436,1.0,1.0,10896
q8,q8,/home/dy1013/sirius_multi-gpu/experiment/join_retention_runs/join_retention_20260630_075038/queries/q8/log_dir/sirius_2026-06-30.log,34,164,72,PARTITION,PARTITION,82,PIPELINEABLE,PIPELINEABLE,3,1,1,16441363,5,667930680,0.66793068,4,16441363,20,657654520,0.65765452,0.984615,1.0,22938
q8,q8,/home/dy1013/sirius_multi-gpu/experiment/join_retention_runs/join_retention_20260630_075038/queries/q8/log_dir/sirius_2026-06-30.log,35,169,71,CONCAT,CONCAT,83,PARTITIONED,PARTITIONED,1,1,3,12331052,15,493242080,0.49324208,1,12331052,5,493242080,0.49324208,1.0,1.0,11037
q8,q8,/home/dy1013/sirius_multi-gpu/experiment/join_retention_runs/join_retention_20260630_075038/queries/q8/log_dir/sirius_2026-06-30.log,35,138,71,CONCAT,CONCAT,83,PARTITIONED,PARTITIONED,3,1,3,12334521,15,493380840,0.49338084,1,12334521,5,493380840,0.49338084,1.0,1.0,11773
q8,q8,/home/dy1013/sirius_multi-gpu/experiment/join_retention_runs/join_retention_20260630_075038/queries/q8/log_dir/sirius_2026-06-30.log,35,174,71,CONCAT,CONCAT,83,PARTITIONED,PARTITIONED,3,1,1,4114742,5,164589680,0.16458968,1,4114742,5,164589680,0.16458968,1.0,1.0,5
q8,q8,/home/dy1013/sirius_multi-gpu/experiment/join_retention_runs/join_retention_20260630_075038/queries/q8/log_dir/sirius_2026-06-30.log,34,166,72,PARTITION,PARTITION,82,PIPELINEABLE,PIPELINEABLE,3,1,1,16441530,5,667937360,0.66793736,4,16441530,20,657661200,0.6576612,0.984615,1.0,28849
q8,q8,/home/dy1013/sirius_multi-gpu/experiment/join_retention_runs/join_retention_20260630_075038/queries/q8/log_dir/sirius_2026-06-30.log,34,175,72,PARTITION,PARTITION,82,PIPELINEABLE,PIPELINEABLE,3,1,1,8238844,5,334703200,0.3347032,4,8238844,20,329553760,0.32955376,0.984615,1.0,8265
q8,q8,/home/dy1013/sirius_multi-gpu/experiment/join_retention_runs/join_retention_20260630_075038/queries/q8/log_dir/sirius_2026-06-30.log,35,183,71,CONCAT,CONCAT,83,PARTITIONED,PARTITIONED,3,1,1,2066985,5,82679400,0.0826794,1,2066985,5,82679400,0.0826794,1.0,1.0,2
q8,q8,/home/dy1013/sirius_multi-gpu/experiment/join_retention_runs/join_retention_20260630_075038/queries/q8/log_dir/sirius_2026-06-30.log,35,182,71,CONCAT,CONCAT,83,PARTITIONED,PARTITIONED,3,1,3,12321395,15,492855800,0.4928558,1,12321395,5,492855800,0.4928558,1.0,1.0,20171
q8,q8,/home/dy1013/sirius_multi-gpu/experiment/join_retention_runs/join_retention_20260630_075038/queries/q8/log_dir/sirius_2026-06-30.log,35,177,71,CONCAT,CONCAT,83,PARTITIONED,PARTITIONED,0,1,1,2059692,5,82387680,0.08238768,1,2059692,5,82387680,0.08238768,1.0,1.0,26
q8,q8,/home/dy1013/sirius_multi-gpu/experiment/join_retention_runs/join_retention_20260630_075038/queries/q8/log_dir/sirius_2026-06-30.log,35,173,71,CONCAT,CONCAT,83,PARTITIONED,PARTITIONED,3,1,3,12322130,15,492885200,0.4928852,1,12322130,5,492885200,0.4928852,1.0,1.0,11230
q8,q8,/home/dy1013/sirius_multi-gpu/experiment/join_retention_runs/join_retention_20260630_075038/queries/q8/log_dir/sirius_2026-06-30.log,35,162,71,CONCAT,CONCAT,83,PARTITIONED,PARTITIONED,3,1,3,12350046,15,494001840,0.49400184,1,12350046,5,494001840,0.49400184,1.0,1.0,11040
q8,q8,/home/dy1013/sirius_multi-gpu/experiment/join_retention_runs/join_retention_20260630_075038/queries/q8/log_dir/sirius_2026-06-30.log,35,181,71,CONCAT,CONCAT,83,PARTITIONED,PARTITIONED,2,1,1,2059113,5,82364520,0.08236452,1,2059113,5,82364520,0.08236452,1.0,1.0,1
q8,q8,/home/dy1013/sirius_multi-gpu/experiment/join_retention_runs/join_retention_20260630_075038/queries/q8/log_dir/sirius_2026-06-30.log,35,179,71,CONCAT,CONCAT,83,PARTITIONED,PARTITIONED,1,1,1,2053054,5,82122160,0.08212216,1,2053054,5,82122160,0.08212216,1.0,1.0,2
q8,q8,/home/dy1013/sirius_multi-gpu/experiment/join_retention_runs/join_retention_20260630_075038/queries/q8/log_dir/sirius_2026-06-30.log,35,176,71,CONCAT,CONCAT,83,PARTITIONED,PARTITIONED,0,1,3,12342550,15,493702000,0.493702,1,12342550,5,493702000,0.493702,1.0,1.0,10927
q8,q8,/home/dy1013/sirius_multi-gpu/experiment/join_retention_runs/join_retention_20260630_075038/queries/q8/log_dir/sirius_2026-06-30.log,35,178,71,CONCAT,CONCAT,83,PARTITIONED,PARTITIONED,1,1,3,12334021,15,493360840,0.49336084,1,12334021,5,493360840,0.49336084,1.0,1.0,10996
q8,q8,/home/dy1013/sirius_multi-gpu/experiment/join_retention_runs/join_retention_20260630_075038/queries/q8/log_dir/sirius_2026-06-30.log,35,180,71,CONCAT,CONCAT,83,PARTITIONED,PARTITIONED,2,1,3,12326375,15,493055000,0.493055,1,12326375,5,493055000,0.493055,1.0,1.0,10977
q8,q8,/home/dy1013/sirius_multi-gpu/experiment/join_retention_runs/join_retention_20260630_075038/queries/q8/log_dir/sirius_2026-06-30.log,36,241,28,HASH_JOIN,JOIN,33,PARTITIONED,PIPELINEABLE,3,1,2,6399442,10,228573616,0.228573616,1,250919,5,9033084,0.009033084,0.039519,0.03921,16803
q8,q8,/home/dy1013/sirius_multi-gpu/experiment/join_retention_runs/join_retention_20260630_075038/queries/q8/log_dir/sirius_2026-06-30.log,36,187,28,HASH_JOIN,JOIN,33,PARTITIONED,PIPELINEABLE,0,1,2,6389375,10,228222560,0.22822256,1,252132,5,9076752,0.009076752,0.039771,0.039461,19794
q8,q8,/home/dy1013/sirius_multi-gpu/experiment/join_retention_runs/join_retention_20260630_075038/queries/q8/log_dir/sirius_2026-06-30.log,36,202,28,HASH_JOIN,JOIN,33,PARTITIONED,PIPELINEABLE,1,1,2,14604528,10,556792032,0.556792032,1,747534,5,26911224,0.026911224,0.048333,0.051185,19982
q8,q8,/home/dy1013/sirius_multi-gpu/experiment/join_retention_runs/join_retention_20260630_075038/queries/q8/log_dir/sirius_2026-06-30.log,36,220,28,HASH_JOIN,JOIN,33,PARTITIONED,PIPELINEABLE,2,1,2,14603123,10,556764200,0.5567642,1,747324,5,26903664,0.026903664,0.048321,0.051176,19817
q8,q8,/home/dy1013/sirius_multi-gpu/experiment/join_retention_runs/join_retention_20260630_075038/queries/q8/log_dir/sirius_2026-06-30.log,36,204,28,HASH_JOIN,JOIN,33,PARTITIONED,PIPELINEABLE,1,1,2,14619959,10,557409272,0.557409272,1,748570,5,26948520,0.02694852,0.048346,0.051202,20001
q8,q8,/home/dy1013/sirius_multi-gpu/experiment/join_retention_runs/join_retention_20260630_075038/queries/q8/log_dir/sirius_2026-06-30.log,36,184,28,HASH_JOIN,JOIN,33,PARTITIONED,PIPELINEABLE,0,1,2,14604051,10,556809600,0.5568096,1,749244,5,26972784,0.026972784,0.048442,0.051304,20161
q8,q8,/home/dy1013/sirius_multi-gpu/experiment/join_retention_runs/join_retention_20260630_075038/queries/q8/log_dir/sirius_2026-06-30.log,36,203,28,HASH_JOIN,JOIN,33,PARTITIONED,PIPELINEABLE,1,1,2,6394857,10,228405192,0.228405192,1,249219,5,8971884,0.008971884,0.039281,0.038972,20042
q8,q8,/home/dy1013/sirius_multi-gpu/experiment/join_retention_runs/join_retention_20260630_075038/queries/q8/log_dir/sirius_2026-06-30.log,36,239,28,HASH_JOIN,JOIN,33,PARTITIONED,PIPELINEABLE,3,1,2,6393089,10,228319496,0.228319496,1,248417,5,8943012,0.008943012,0.039169,0.038857,22589
q8,q8,/home/dy1013/sirius_multi-gpu/experiment/join_retention_runs/join_retention_20260630_075038/queries/q8/log_dir/sirius_2026-06-30.log,36,185,28,HASH_JOIN,JOIN,33,PARTITIONED,PIPELINEABLE,0,1,2,6391527,10,228308640,0.22830864,1,249847,5,8994492,0.008994492,0.039396,0.03909,25636
q8,q8,/home/dy1013/sirius_multi-gpu/experiment/join_retention_runs/join_retention_20260630_075038/queries/q8/log_dir/sirius_2026-06-30.log,36,238,28,HASH_JOIN,JOIN,33,PARTITIONED,PIPELINEABLE,3,1,2,14600676,10,556622976,0.556622976,1,750458,5,27016488,0.027016488,0.048536,0.051399,25707
q8,q8,/home/dy1013/sirius_multi-gpu/experiment/join_retention_runs/join_retention_20260630_075038/queries/q8/log_dir/sirius_2026-06-30.log,36,240,28,HASH_JOIN,JOIN,33,PARTITIONED,PIPELINEABLE,3,1,2,14611638,10,557061456,0.557061456,1,753123,5,27112428,0.027112428,0.04867,0.051543,25545
q8,q8,/home/dy1013/sirius_multi-gpu/experiment/join_retention_runs/join_retention_20260630_075038/queries/q8/log_dir/sirius_2026-06-30.log,36,205,28,HASH_JOIN,JOIN,33,PARTITIONED,PIPELINEABLE,1,1,2,6382894,10,227926672,0.227926672,1,249873,5,8995428,0.008995428,0.039466,0.039147,27119
q8,q8,/home/dy1013/sirius_multi-gpu/experiment/join_retention_runs/join_retention_20260630_075038/queries/q8/log_dir/sirius_2026-06-30.log,36,186,28,HASH_JOIN,JOIN,33,PARTITIONED,PIPELINEABLE,0,1,2,14595511,10,556468000,0.556468,1,750885,5,27031860,0.02703186,0.048578,0.051446,27209
q8,q8,/home/dy1013/sirius_multi-gpu/experiment/join_retention_runs/join_retention_20260630_075038/queries/q8/log_dir/sirius_2026-06-30.log,36,222,28,HASH_JOIN,JOIN,33,PARTITIONED,PIPELINEABLE,2,1,2,14599247,10,556609160,0.55660916,1,748675,5,26952300,0.0269523,0.048422,0.051282,27459
q8,q8,/home/dy1013/sirius_multi-gpu/experiment/join_retention_runs/join_retention_20260630_075038/queries/q8/log_dir/sirius_2026-06-30.log,36,223,28,HASH_JOIN,JOIN,33,PARTITIONED,PIPELINEABLE,2,1,2,6394830,10,228432480,0.22843248,1,249721,5,8989956,0.008989956,0.039355,0.03905,28840
q8,q8,/home/dy1013/sirius_multi-gpu/experiment/join_retention_runs/join_retention_20260630_075038/queries/q8/log_dir/sirius_2026-06-30.log,36,221,28,HASH_JOIN,JOIN,33,PARTITIONED,PIPELINEABLE,2,1,2,6387270,10,228130080,0.22813008,1,250076,5,9002736,0.009002736,0.039463,0.039152,29035
q8,q8,/home/dy1013/sirius_multi-gpu/experiment/join_retention_runs/join_retention_20260630_075038/queries/q8/log_dir/sirius_2026-06-30.log,36,242,28,HASH_JOIN,JOIN,33,PARTITIONED,PIPELINEABLE,3,1,2,14620160,10,557402336,0.557402336,1,752253,5,27081108,0.027081108,0.048584,0.051453,19351
q8,q8,/home/dy1013/sirius_multi-gpu/experiment/join_retention_runs/join_retention_20260630_075038/queries/q8/log_dir/sirius_2026-06-30.log,36,243,28,HASH_JOIN,JOIN,33,PARTITIONED,PIPELINEABLE,3,1,2,6399983,10,228595256,0.228595256,1,250126,5,9004536,0.009004536,0.039391,0.039082,15831
q8,q8,/home/dy1013/sirius_multi-gpu/experiment/join_retention_runs/join_retention_20260630_075038/queries/q8/log_dir/sirius_2026-06-30.log,36,188,28,HASH_JOIN,JOIN,33,PARTITIONED,PIPELINEABLE,0,1,2,14605636,10,556873000,0.556873,1,749701,5,26989236,0.026989236,0.048466,0.05133,19276
q8,q8,/home/dy1013/sirius_multi-gpu/experiment/join_retention_runs/join_retention_20260630_075038/queries/q8/log_dir/sirius_2026-06-30.log,36,224,28,HASH_JOIN,JOIN,33,PARTITIONED,PIPELINEABLE,2,1,2,14597163,10,556525800,0.5565258,1,750891,5,27032076,0.027032076,0.048573,0.051441,21243
q8,q8,/home/dy1013/sirius_multi-gpu/experiment/join_retention_runs/join_retention_20260630_075038/queries/q8/log_dir/sirius_2026-06-30.log,36,190,28,HASH_JOIN,JOIN,33,PARTITIONED,PIPELINEABLE,0,1,2,6390980,10,228286760,0.22828676,1,249782,5,8992152,0.008992152,0.03939,0.039084,15716
q8,q8,/home/dy1013/sirius_multi-gpu/experiment/join_retention_runs/join_retention_20260630_075038/queries/q8/log_dir/sirius_2026-06-30.log,36,207,28,HASH_JOIN,JOIN,33,PARTITIONED,PIPELINEABLE,1,1,2,6390402,10,228226992,0.228226992,1,250287,5,9010332,0.009010332,0.03948,0.039166,22472
q8,q8,/home/dy1013/sirius_multi-gpu/experiment/join_retention_runs/join_retention_20260630_075038/queries/q8/log_dir/sirius_2026-06-30.log,36,189,28,HASH_JOIN,JOIN,33,PARTITIONED,PIPELINEABLE,0,1,2,6391412,10,228304040,0.22830404,1,246958,5,8890488,0.008890488,0.038941,0.038639,22476
q8,q8,/home/dy1013/sirius_multi-gpu/experiment/join_retention_runs/join_retention_20260630_075038/queries/q8/log_dir/sirius_2026-06-30.log,36,244,28,HASH_JOIN,JOIN,33,PARTITIONED,PIPELINEABLE,3,1,2,14613319,10,557128696,0.557128696,1,749875,5,26995500,0.0269955,0.048455,0.051314,16640
q8,q8,/home/dy1013/sirius_multi-gpu/experiment/join_retention_runs/join_retention_20260630_075038/queries/q8/log_dir/sirius_2026-06-30.log,36,206,28,HASH_JOIN,JOIN,33,PARTITIONED,PIPELINEABLE,1,1,2,14604022,10,556771792,0.556771792,1,746995,5,26891820,0.02689182,0.0483,0.05115,23675
q8,q8,/home/dy1013/sirius_multi-gpu/experiment/join_retention_runs/join_retention_20260630_075038/queries/q8/log_dir/sirius_2026-06-30.log,36,208,28,HASH_JOIN,JOIN,33,PARTITIONED,PIPELINEABLE,1,1,2,14610432,10,557028192,0.557028192,1,749818,5,26993448,0.026993448,0.04846,0.051321,24223
q8,q8,/home/dy1013/sirius_multi-gpu/experiment/join_retention_runs/join_retention_20260630_075038/queries/q8/log_dir/sirius_2026-06-30.log,36,225,28,HASH_JOIN,JOIN,33,PARTITIONED,PIPELINEABLE,2,1,2,6385534,10,228060640,0.22806064,1,250061,5,9002196,0.009002196,0.039473,0.039161,17161
q8,q8,/home/dy1013/sirius_multi-gpu/experiment/join_retention_runs/join_retention_20260630_075038/queries/q8/log_dir/sirius_2026-06-30.log,36,191,28,HASH_JOIN,JOIN,33,PARTITIONED,PIPELINEABLE,0,1,2,14594667,10,556434240,0.55643424,1,748097,5,26931492,0.026931492,0.0484,0.051258,20633
q8,q8,/home/dy1013/sirius_multi-gpu/experiment/join_retention_runs/join_retention_20260630_075038/queries/q8/log_dir/sirius_2026-06-30.log,36,245,28,HASH_JOIN,JOIN,33,PARTITIONED,PIPELINEABLE,3,1,2,6392502,10,228296016,0.228296016,1,248439,5,8943804,0.008943804,0.039176,0.038864,21304
q8,q8,/home/dy1013/sirius_multi-gpu/experiment/join_retention_runs/join_retention_20260630_075038/queries/q8/log_dir/sirius_2026-06-30.log,36,226,28,HASH_JOIN,JOIN,33,PARTITIONED,PIPELINEABLE,2,1,2,14608211,10,556967720,0.55696772,1,754432,5,27159552,0.027159552,0.048763,0.051644,20844
q8,q8,/home/dy1013/sirius_multi-gpu/experiment/join_retention_runs/join_retention_20260630_075038/queries/q8/log_dir/sirius_2026-06-30.log,36,209,28,HASH_JOIN,JOIN,33,PARTITIONED,PIPELINEABLE,1,1,2,6397861,10,228525352,0.228525352,1,249619,5,8986284,0.008986284,0.039323,0.039016,23549
q8,q8,/home/dy1013/sirius_multi-gpu/experiment/join_retention_runs/join_retention_20260630_075038/queries/q8/log_dir/sirius_2026-06-30.log,36,227,28,HASH_JOIN,JOIN,33,PARTITIONED,PIPELINEABLE,2,1,2,6386421,10,228096120,0.22809612,1,250774,5,9027864,0.009027864,0.039579,0.039267,22085
q8,q8,/home/dy1013/sirius_multi-gpu/experiment/join_retention_runs/join_retention_20260630_075038/queries/q8/log_dir/sirius_2026-06-30.log,36,246,28,HASH_JOIN,JOIN,33,PARTITIONED,PIPELINEABLE,3,1,2,6396903,10,228472056,0.228472056,1,250918,5,9033048,0.009033048,0.039537,0.039225,16919
q8,q8,/home/dy1013/sirius_multi-gpu/experiment/join_retention_runs/join_retention_20260630_075038/queries/q8/log_dir/sirius_2026-06-30.log,36,248,28,HASH_JOIN,JOIN,33,PARTITIONED,PIPELINEABLE,3,1,2,6394165,10,228362536,0.228362536,1,248947,5,8962092,0.008962092,0.039245,0.038933,13005
q8,q8,/home/dy1013/sirius_multi-gpu/experiment/join_retention_runs/join_retention_20260630_075038/queries/q8/log_dir/sirius_2026-06-30.log,36,210,28,HASH_JOIN,JOIN,33,PARTITIONED,PIPELINEABLE,1,1,2,6390340,10,228224512,0.228224512,1,250578,5,9020808,0.009020808,0.039526,0.039212,14857
q8,q8,/home/dy1013/sirius_multi-gpu/experiment/join_retention_runs/join_retention_20260630_075038/queries/q8/log_dir/sirius_2026-06-30.log,36,212,28,HASH_JOIN,JOIN,33,PARTITIONED,PIPELINEABLE,1,1,2,10505261,10,392821352,0.392821352,1,500144,5,18005184,0.018005184,0.045836,0.047609,14130
q8,q8,/home/dy1013/sirius_multi-gpu/experiment/join_retention_runs/join_retention_20260630_075038/queries/q8/log_dir/sirius_2026-06-30.log,36,228,28,HASH_JOIN,JOIN,33,PARTITIONED,PIPELINEABLE,2,1,2,14605365,10,556853880,0.55685388,1,749019,5,26964684,0.026964684,0.048423,0.051284,17489
q8,q8,/home/dy1013/sirius_multi-gpu/experiment/join_retention_runs/join_retention_20260630_075038/queries/q8/log_dir/sirius_2026-06-30.log,36,247,28,HASH_JOIN,JOIN,33,PARTITIONED,PIPELINEABLE,3,1,2,14625646,10,557621776,0.557621776,1,750877,5,27031572,0.027031572,0.048477,0.05134,23548
q8,q8,/home/dy1013/sirius_multi-gpu/experiment/join_retention_runs/join_retention_20260630_075038/queries/q8/log_dir/sirius_2026-06-30.log,36,193,28,HASH_JOIN,JOIN,33,PARTITIONED,PIPELINEABLE,0,1,2,14607989,10,556967120,0.55696712,1,754286,5,27154296,0.027154296,0.048754,0.051635,22055
q8,q8,/home/dy1013/sirius_multi-gpu/experiment/join_retention_runs/join_retention_20260630_075038/queries/q8/log_dir/sirius_2026-06-30.log,36,229,28,HASH_JOIN,JOIN,33,PARTITIONED,PIPELINEABLE,2,1,2,6390239,10,228248840,0.22824884,1,249935,5,8997660,0.00899766,0.03942,0.039112,18415
q8,q8,/home/dy1013/sirius_multi-gpu/experiment/join_retention_runs/join_retention_20260630_075038/queries/q8/log_dir/sirius_2026-06-30.log,36,192,28,HASH_JOIN,JOIN,33,PARTITIONED,PIPELINEABLE,0,1,2,6389236,10,228217000,0.228217,1,247880,5,8923680,0.00892368,0.039102,0.038797,23348
q8,q8,/home/dy1013/sirius_multi-gpu/experiment/join_retention_runs/join_retention_20260630_075038/queries/q8/log_dir/sirius_2026-06-30.log,36,211,28,HASH_JOIN,JOIN,33,PARTITIONED,PIPELINEABLE,1,1,2,14619715,10,557399512,0.557399512,1,751048,5,27037728,0.027037728,0.048507,0.051372,23454
q8,q8,/home/dy1013/sirius_multi-gpu/experiment/join_retention_runs/join_retention_20260630_075038/queries/q8/log_dir/sirius_2026-06-30.log,36,194,28,HASH_JOIN,JOIN,33,PARTITIONED,PIPELINEABLE,0,1,2,14608519,10,556988320,0.55698832,1,750483,5,27017388,0.027017388,0.048506,0.051373,26022
q8,q8,/home/dy1013/sirius_multi-gpu/experiment/join_retention_runs/join_retention_20260630_075038/queries/q8/log_dir/sirius_2026-06-30.log,36,195,28,HASH_JOIN,JOIN,33,PARTITIONED,PIPELINEABLE,0,1,2,10505003,10,392847680,0.39284768,1,501708,5,18061488,0.018061488,0.045976,0.047759,21668
q8,q8,/home/dy1013/sirius_multi-gpu/experiment/join_retention_runs/join_retention_20260630_075038/queries/q8/log_dir/sirius_2026-06-30.log,36,249,28,HASH_JOIN,JOIN,33,PARTITIONED,PIPELINEABLE,3,1,2,10503249,10,392725896,0.392725896,1,499704,5,17989344,0.017989344,0.045806,0.047576,21336
q8,q8,/home/dy1013/sirius_multi-gpu/experiment/join_retention_runs/join_retention_20260630_075038/queries/q8/log_dir/sirius_2026-06-30.log,36,213,28,HASH_JOIN,JOIN,33,PARTITIONED,PIPELINEABLE,1,1,2,14616485,10,557270312,0.557270312,1,750941,5,27033876,0.027033876,0.048511,0.051376,21246
q8,q8,/home/dy1013/sirius_multi-gpu/experiment/join_retention_runs/join_retention_20260630_075038/queries/q8/log_dir/sirius_2026-06-30.log,36,250,28,HASH_JOIN,JOIN,33,PARTITIONED,PIPELINEABLE,3,1,2,14618193,10,557323656,0.557323656,1,753283,5,27118188,0.027118188,0.048658,0.051531,16773
q8,q8,/home/dy1013/sirius_multi-gpu/experiment/join_retention_runs/join_retention_20260630_075038/queries/q8/log_dir/sirius_2026-06-30.log,36,214,28,HASH_JOIN,JOIN,33,PARTITIONED,PIPELINEABLE,1,1,2,6391765,10,228281512,0.228281512,1,251027,5,9036972,0.009036972,0.039587,0.039274,15975
q8,q8,/home/dy1013/sirius_multi-gpu/experiment/join_retention_runs/join_retention_20260630_075038/queries/q8/log_dir/sirius_2026-06-30.log,36,230,28,HASH_JOIN,JOIN,33,PARTITIONED,PIPELINEABLE,2,1,2,10495748,10,392469200,0.3924692,1,498130,5,17932680,0.01793268,0.045692,0.04746,23918
q8,q8,/home/dy1013/sirius_multi-gpu/experiment/join_retention_runs/join_retention_20260630_075038/queries/q8/log_dir/sirius_2026-06-30.log,36,231,28,HASH_JOIN,JOIN,33,PARTITIONED,PIPELINEABLE,2,1,2,14610556,10,557061520,0.55706152,1,750183,5,27006588,0.027006588,0.04848,0.051345,22873
q8,q8,/home/dy1013/sirius_multi-gpu/experiment/join_retention_runs/join_retention_20260630_075038/queries/q8/log_dir/sirius_2026-06-30.log,36,251,28,HASH_JOIN,JOIN,33,PARTITIONED,PIPELINEABLE,3,1,2,6398414,10,228532496,0.228532496,1,251945,5,9070020,0.00907002,0.039688,0.039376,18750
q8,q8,/home/dy1013/sirius_multi-gpu/experiment/join_retention_runs/join_retention_20260630_075038/queries/q8/log_dir/sirius_2026-06-30.log,36,215,28,HASH_JOIN,JOIN,33,PARTITIONED,PIPELINEABLE,1,1,2,14612240,10,557100512,0.557100512,1,752056,5,27074016,0.027074016,0.048598,0.051468,22520
q8,q8,/home/dy1013/sirius_multi-gpu/experiment/join_retention_runs/join_retention_20260630_075038/queries/q8/log_dir/sirius_2026-06-30.log,36,196,28,HASH_JOIN,JOIN,33,PARTITIONED,PIPELINEABLE,0,1,2,6388252,10,228177640,0.22817764,1,249241,5,8972676,0.008972676,0.039323,0.039016,17599
q8,q8,/home/dy1013/sirius_multi-gpu/experiment/join_retention_runs/join_retention_20260630_075038/queries/q8/log_dir/sirius_2026-06-30.log,36,232,28,HASH_JOIN,JOIN,33,PARTITIONED,PIPELINEABLE,2,1,2,6392397,10,228335160,0.22833516,1,250919,5,9033084,0.009033084,0.039561,0.039253,22954
q8,q8,/home/dy1013/sirius_multi-gpu/experiment/join_retention_runs/join_retention_20260630_075038/queries/q8/log_dir/sirius_2026-06-30.log,36,252,28,HASH_JOIN,JOIN,33,PARTITIONED,PIPELINEABLE,3,1,2,4350657,10,146622216,0.146622216,1,124964,5,4498704,0.004498704,0.030682,0.028723,20771
q8,q8,/home/dy1013/sirius_multi-gpu/experiment/join_retention_runs/join_retention_20260630_075038/queries/q8/log_dir/sirius_2026-06-30.log,36,197,28,HASH_JOIN,JOIN,33,PARTITIONED,PIPELINEABLE,0,1,2,14602576,10,556750600,0.5567506,1,750930,5,27033480,0.02703348,0.048556,0.051424,19502
q8,q8,/home/dy1013/sirius_multi-gpu/experiment/join_retention_runs/join_retention_20260630_075038/queries/q8/log_dir/sirius_2026-06-30.log,36,198,28,HASH_JOIN,JOIN,33,PARTITIONED,PIPELINEABLE,0,1,2,6388845,10,228201360,0.22820136,1,247625,5,8914500,0.0089145,0.039064,0.038759,14893
q8,q8,/home/dy1013/sirius_multi-gpu/experiment/join_retention_runs/join_retention_20260630_075038/queries/q8/log_dir/sirius_2026-06-30.log,36,233,28,HASH_JOIN,JOIN,33,PARTITIONED,PIPELINEABLE,2,1,2,14601658,10,556705600,0.5567056,1,749904,5,26996544,0.026996544,0.048493,0.051357,21020
q8,q8,/home/dy1013/sirius_multi-gpu/experiment/join_retention_runs/join_retention_20260630_075038/queries/q8/log_dir/sirius_2026-06-30.log,36,234,28,HASH_JOIN,JOIN,33,PARTITIONED,PIPELINEABLE,2,1,2,6390963,10,228277800,0.2282778,1,248978,5,8963208,0.008963208,0.039264,0.038958,13940
q8,q8,/home/dy1013/sirius_multi-gpu/experiment/join_retention_runs/join_retention_20260630_075038/queries/q8/log_dir/sirius_2026-06-30.log,36,235,28,HASH_JOIN,JOIN,33,PARTITIONED,PIPELINEABLE,2,1,2,14615722,10,557268160,0.55726816,1,750935,5,27033660,0.02703366,0.048511,0.051379,14089
q8,q8,/home/dy1013/sirius_multi-gpu/experiment/join_retention_runs/join_retention_20260630_075038/queries/q8/log_dir/sirius_2026-06-30.log,36,216,28,HASH_JOIN,JOIN,33,PARTITIONED,PIPELINEABLE,1,1,2,6389242,10,228180592,0.228180592,1,251331,5,9047916,0.009047916,0.039652,0.039337,21999
q8,q8,/home/dy1013/sirius_multi-gpu/experiment/join_retention_runs/join_retention_20260630_075038/queries/q8/log_dir/sirius_2026-06-30.log,36,217,28,HASH_JOIN,JOIN,33,PARTITIONED,PIPELINEABLE,1,1,2,14613476,10,557149952,0.557149952,1,752747,5,27098892,0.027098892,0.048638,0.05151,17264
q8,q8,/home/dy1013/sirius_multi-gpu/experiment/join_retention_runs/join_retention_20260630_075038/queries/q8/log_dir/sirius_2026-06-30.log,36,199,28,HASH_JOIN,JOIN,33,PARTITIONED,PIPELINEABLE,0,1,2,14614729,10,557236720,0.55723672,1,746980,5,26891280,0.02689128,0.048258,0.051111,20165
q8,q8,/home/dy1013/sirius_multi-gpu/experiment/join_retention_runs/join_retention_20260630_075038/queries/q8/log_dir/sirius_2026-06-30.log,36,253,28,HASH_JOIN,JOIN,33,PARTITIONED,PIPELINEABLE,3,1,2,14605067,10,556798616,0.556798616,1,749412,5,26978832,0.026978832,0.048453,0.051312,20881
q8,q8,/home/dy1013/sirius_multi-gpu/experiment/join_retention_runs/join_retention_20260630_075038/queries/q8/log_dir/sirius_2026-06-30.log,36,254,28,HASH_JOIN,JOIN,33,PARTITIONED,PIPELINEABLE,3,1,2,14605802,10,556828016,0.556828016,1,754380,5,27157680,0.02715768,0.048772,0.051649,19694
q8,q8,/home/dy1013/sirius_multi-gpu/experiment/join_retention_runs/join_retention_20260630_075038/queries/q8/log_dir/sirius_2026-06-30.log,36,255,28,HASH_JOIN,JOIN,33,PARTITIONED,PIPELINEABLE,3,1,2,14633718,10,557944656,0.557944656,1,749163,5,26969868,0.026969868,0.048338,0.051194,16860
q8,q8,/home/dy1013/sirius_multi-gpu/experiment/join_retention_runs/join_retention_20260630_075038/queries/q8/log_dir/sirius_2026-06-30.log,36,218,28,HASH_JOIN,JOIN,33,PARTITIONED,PIPELINEABLE,1,1,2,4335478,10,146030032,0.146030032,1,125553,5,4519908,0.004519908,0.030952,0.028959,20175
q8,q8,/home/dy1013/sirius_multi-gpu/experiment/join_retention_runs/join_retention_20260630_075038/queries/q8/log_dir/sirius_2026-06-30.log,36,200,28,HASH_JOIN,JOIN,33,PARTITIONED,PIPELINEABLE,0,1,2,4339062,10,146210040,0.14621004,1,125086,5,4503096,0.004503096,0.030799,0.028828,14237
q8,q8,/home/dy1013/sirius_multi-gpu/experiment/join_retention_runs/join_retention_20260630_075038/queries/q8/log_dir/sirius_2026-06-30.log,36,219,28,HASH_JOIN,JOIN,33,PARTITIONED,PIPELINEABLE,1,1,2,14616445,10,557268712,0.557268712,1,748254,5,26937144,0.026937144,0.048338,0.051193,14603
q8,q8,/home/dy1013/sirius_multi-gpu/experiment/join_retention_runs/join_retention_20260630_075038/queries/q8/log_dir/sirius_2026-06-30.log,36,236,28,HASH_JOIN,JOIN,33,PARTITIONED,PIPELINEABLE,2,1,2,4339173,10,146206200,0.1462062,1,124391,5,4478076,0.004478076,0.030628,0.028667,16693
q8,q8,/home/dy1013/sirius_multi-gpu/experiment/join_retention_runs/join_retention_20260630_075038/queries/q8/log_dir/sirius_2026-06-30.log,36,201,28,HASH_JOIN,JOIN,33,PARTITIONED,PIPELINEABLE,0,1,2,14621920,10,557524360,0.55752436,1,748562,5,26948232,0.026948232,0.048336,0.051195,14378
q8,q8,/home/dy1013/sirius_multi-gpu/experiment/join_retention_runs/join_retention_20260630_075038/queries/q8/log_dir/sirius_2026-06-30.log,36,237,28,HASH_JOIN,JOIN,33,PARTITIONED,PIPELINEABLE,2,1,2,14606435,10,556896680,0.55689668,1,749052,5,26965872,0.026965872,0.048422,0.051282,14154
q8,q8,/home/dy1013/sirius_multi-gpu/experiment/join_retention_runs/join_retention_20260630_075038/queries/q8/log_dir/sirius_2026-06-30.log,21,256,59,GPU_SCAN,SCAN,94,GPU_SCAN,PIPELINEABLE,1,1,0,0,0,0,0.0,1,133306,1,1083152,0.001083152,0.0,0.0,82102
q8,q8,/home/dy1013/sirius_multi-gpu/experiment/join_retention_runs/join_retention_20260630_075038/queries/q8/log_dir/sirius_2026-06-30.log,22,257,61,PARTITION,PARTITION,82,PIPELINEABLE,PIPELINEABLE,1,1,1,133306,1,1083152,0.001083152,1,133306,1,1083152,0.001083152,1.0,1.0,8
q8,q8,/home/dy1013/sirius_multi-gpu/experiment/join_retention_runs/join_retention_20260630_075038/queries/q8/log_dir/sirius_2026-06-30.log,23,258,60,CONCAT,CONCAT,83,PARTITIONED,PARTITIONED,0,1,1,133306,1,1083152,0.001083152,1,133306,1,1083152,0.001083152,1.0,1.0,7
q8,q8,/home/dy1013/sirius_multi-gpu/experiment/join_retention_runs/join_retention_20260630_075038/queries/q8/log_dir/sirius_2026-06-30.log,37,260,74,PARTITION,PARTITION,82,PIPELINEABLE,PIPELINEABLE,0,1,1,252132,5,9076752,0.009076752,1,252132,5,9076752,0.009076752,1.0,1.0,8
q8,q8,/home/dy1013/sirius_multi-gpu/experiment/join_retention_runs/join_retention_20260630_075038/queries/q8/log_dir/sirius_2026-06-30.log,37,263,74,PARTITION,PARTITION,82,PIPELINEABLE,PIPELINEABLE,1,1,1,748570,5,26948520,0.02694852,1,748570,5,26948520,0.02694852,1.0,1.0,402
q8,q8,/home/dy1013/sirius_multi-gpu/experiment/join_retention_runs/join_retention_20260630_075038/queries/q8/log_dir/sirius_2026-06-30.log,37,272,74,PARTITION,PARTITION,82,PIPELINEABLE,PIPELINEABLE,2,1,1,748675,5,26952300,0.0269523,1,748675,5,26952300,0.0269523,1.0,1.0,9
q8,q8,/home/dy1013/sirius_multi-gpu/experiment/join_retention_runs/join_retention_20260630_075038/queries/q8/log_dir/sirius_2026-06-30.log,37,261,74,PARTITION,PARTITION,82,PIPELINEABLE,PIPELINEABLE,1,1,1,747534,5,26911224,0.026911224,1,747534,5,26911224,0.026911224,1.0,1.0,56
q8,q8,/home/dy1013/sirius_multi-gpu/experiment/join_retention_runs/join_retention_20260630_075038/queries/q8/log_dir/sirius_2026-06-30.log,37,267,74,PARTITION,PARTITION,82,PIPELINEABLE,PIPELINEABLE,0,1,1,249847,5,8994492,0.008994492,1,249847,5,8994492,0.008994492,1.0,1.0,48
q8,q8,/home/dy1013/sirius_multi-gpu/experiment/join_retention_runs/join_retention_20260630_075038/queries/q8/log_dir/sirius_2026-06-30.log,37,265,74,PARTITION,PARTITION,82,PIPELINEABLE,PIPELINEABLE,1,1,1,249219,5,8971884,0.008971884,1,249219,5,8971884,0.008971884,1.0,1.0,6
q8,q8,/home/dy1013/sirius_multi-gpu/experiment/join_retention_runs/join_retention_20260630_075038/queries/q8/log_dir/sirius_2026-06-30.log,37,273,74,PARTITION,PARTITION,82,PIPELINEABLE,PIPELINEABLE,2,1,1,249721,5,8989956,0.008989956,1,249721,5,8989956,0.008989956,1.0,1.0,13
q8,q8,/home/dy1013/sirius_multi-gpu/experiment/join_retention_runs/join_retention_20260630_075038/queries/q8/log_dir/sirius_2026-06-30.log,37,271,74,PARTITION,PARTITION,82,PIPELINEABLE,PIPELINEABLE,0,1,1,750885,5,27031860,0.02703186,1,750885,5,27031860,0.02703186,1.0,1.0,8
q8,q8,/home/dy1013/sirius_multi-gpu/experiment/join_retention_runs/join_retention_20260630_075038/queries/q8/log_dir/sirius_2026-06-30.log,37,269,74,PARTITION,PARTITION,82,PIPELINEABLE,PIPELINEABLE,3,1,1,753123,5,27112428,0.027112428,1,753123,5,27112428,0.027112428,1.0,1.0,32
q8,q8,/home/dy1013/sirius_multi-gpu/experiment/join_retention_runs/join_retention_20260630_075038/queries/q8/log_dir/sirius_2026-06-30.log,37,270,74,PARTITION,PARTITION,82,PIPELINEABLE,PIPELINEABLE,1,1,1,249873,5,8995428,0.008995428,1,249873,5,8995428,0.008995428,1.0,1.0,16
q8,q8,/home/dy1013/sirius_multi-gpu/experiment/join_retention_runs/join_retention_20260630_075038/queries/q8/log_dir/sirius_2026-06-30.log,37,266,74,PARTITION,PARTITION,82,PIPELINEABLE,PIPELINEABLE,3,1,1,248417,5,8943012,0.008943012,1,248417,5,8943012,0.008943012,1.0,1.0,12
q8,q8,/home/dy1013/sirius_multi-gpu/experiment/join_retention_runs/join_retention_20260630_075038/queries/q8/log_dir/sirius_2026-06-30.log,37,274,74,PARTITION,PARTITION,82,PIPELINEABLE,PIPELINEABLE,2,1,1,250076,5,9002736,0.009002736,1,250076,5,9002736,0.009002736,1.0,1.0,8
q8,q8,/home/dy1013/sirius_multi-gpu/experiment/join_retention_runs/join_retention_20260630_075038/queries/q8/log_dir/sirius_2026-06-30.log,37,264,74,PARTITION,PARTITION,82,PIPELINEABLE,PIPELINEABLE,0,1,1,749244,5,26972784,0.026972784,1,749244,5,26972784,0.026972784,1.0,1.0,4
q8,q8,/home/dy1013/sirius_multi-gpu/experiment/join_retention_runs/join_retention_20260630_075038/queries/q8/log_dir/sirius_2026-06-30.log,37,262,74,PARTITION,PARTITION,82,PIPELINEABLE,PIPELINEABLE,2,1,1,747324,5,26903664,0.026903664,1,747324,5,26903664,0.026903664,1.0,1.0,7
q8,q8,/home/dy1013/sirius_multi-gpu/experiment/join_retention_runs/join_retention_20260630_075038/queries/q8/log_dir/sirius_2026-06-30.log,37,259,74,PARTITION,PARTITION,82,PIPELINEABLE,PIPELINEABLE,3,1,1,250919,5,9033084,0.009033084,1,250919,5,9033084,0.009033084,1.0,1.0,17
q8,q8,/home/dy1013/sirius_multi-gpu/experiment/join_retention_runs/join_retention_20260630_075038/queries/q8/log_dir/sirius_2026-06-30.log,37,268,74,PARTITION,PARTITION,82,PIPELINEABLE,PIPELINEABLE,3,1,1,750458,5,27016488,0.027016488,1,750458,5,27016488,0.027016488,1.0,1.0,9
q8,q8,/home/dy1013/sirius_multi-gpu/experiment/join_retention_runs/join_retention_20260630_075038/queries/q8/log_dir/sirius_2026-06-30.log,37,275,74,PARTITION,PARTITION,82,PIPELINEABLE,PIPELINEABLE,3,1,1,752253,5,27081108,0.027081108,1,752253,5,27081108,0.027081108,1.0,1.0,6
q8,q8,/home/dy1013/sirius_multi-gpu/experiment/join_retention_runs/join_retention_20260630_075038/queries/q8/log_dir/sirius_2026-06-30.log,37,277,74,PARTITION,PARTITION,82,PIPELINEABLE,PIPELINEABLE,0,1,1,749701,5,26989236,0.026989236,1,749701,5,26989236,0.026989236,1.0,1.0,5
q8,q8,/home/dy1013/sirius_multi-gpu/experiment/join_retention_runs/join_retention_20260630_075038/queries/q8/log_dir/sirius_2026-06-30.log,37,278,74,PARTITION,PARTITION,82,PIPELINEABLE,PIPELINEABLE,2,1,1,750891,5,27032076,0.027032076,1,750891,5,27032076,0.027032076,1.0,1.0,2
q8,q8,/home/dy1013/sirius_multi-gpu/experiment/join_retention_runs/join_retention_20260630_075038/queries/q8/log_dir/sirius_2026-06-30.log,37,279,74,PARTITION,PARTITION,82,PIPELINEABLE,PIPELINEABLE,0,1,1,249782,5,8992152,0.008992152,1,249782,5,8992152,0.008992152,1.0,1.0,7
q8,q8,/home/dy1013/sirius_multi-gpu/experiment/join_retention_runs/join_retention_20260630_075038/queries/q8/log_dir/sirius_2026-06-30.log,37,285,74,PARTITION,PARTITION,82,PIPELINEABLE,PIPELINEABLE,2,1,1,250061,5,9002196,0.009002196,1,250061,5,9002196,0.009002196,1.0,1.0,6
q8,q8,/home/dy1013/sirius_multi-gpu/experiment/join_retention_runs/join_retention_20260630_075038/queries/q8/log_dir/sirius_2026-06-30.log,37,280,74,PARTITION,PARTITION,82,PIPELINEABLE,PIPELINEABLE,1,1,1,250287,5,9010332,0.009010332,1,250287,5,9010332,0.009010332,1.0,1.0,7
q8,q8,/home/dy1013/sirius_multi-gpu/experiment/join_retention_runs/join_retention_20260630_075038/queries/q8/log_dir/sirius_2026-06-30.log,37,281,74,PARTITION,PARTITION,82,PIPELINEABLE,PIPELINEABLE,0,1,1,246958,5,8890488,0.008890488,1,246958,5,8890488,0.008890488,1.0,1.0,1
q8,q8,/home/dy1013/sirius_multi-gpu/experiment/join_retention_runs/join_retention_20260630_075038/queries/q8/log_dir/sirius_2026-06-30.log,37,290,74,PARTITION,PARTITION,82,PIPELINEABLE,PIPELINEABLE,2,1,1,250774,5,9027864,0.009027864,1,250774,5,9027864,0.009027864,1.0,1.0,2
q8,q8,/home/dy1013/sirius_multi-gpu/experiment/join_retention_runs/join_retention_20260630_075038/queries/q8/log_dir/sirius_2026-06-30.log,37,288,74,PARTITION,PARTITION,82,PIPELINEABLE,PIPELINEABLE,2,1,1,754432,5,27159552,0.027159552,1,754432,5,27159552,0.027159552,1.0,1.0,8
q8,q8,/home/dy1013/sirius_multi-gpu/experiment/join_retention_runs/join_retention_20260630_075038/queries/q8/log_dir/sirius_2026-06-30.log,37,286,74,PARTITION,PARTITION,82,PIPELINEABLE,PIPELINEABLE,0,1,1,748097,5,26931492,0.026931492,1,748097,5,26931492,0.026931492,1.0,1.0,7
q8,q8,/home/dy1013/sirius_multi-gpu/experiment/join_retention_runs/join_retention_20260630_075038/queries/q8/log_dir/sirius_2026-06-30.log,37,282,74,PARTITION,PARTITION,82,PIPELINEABLE,PIPELINEABLE,3,1,1,749875,5,26995500,0.0269955,1,749875,5,26995500,0.0269955,1.0,1.0,1
q8,q8,/home/dy1013/sirius_multi-gpu/experiment/join_retention_runs/join_retention_20260630_075038/queries/q8/log_dir/sirius_2026-06-30.log,37,276,74,PARTITION,PARTITION,82,PIPELINEABLE,PIPELINEABLE,3,1,1,250126,5,9004536,0.009004536,1,250126,5,9004536,0.009004536,1.0,1.0,7
q8,q8,/home/dy1013/sirius_multi-gpu/experiment/join_retention_runs/join_retention_20260630_075038/queries/q8/log_dir/sirius_2026-06-30.log,37,283,74,PARTITION,PARTITION,82,PIPELINEABLE,PIPELINEABLE,1,1,1,746995,5,26891820,0.02689182,1,746995,5,26891820,0.02689182,1.0,1.0,11
q8,q8,/home/dy1013/sirius_multi-gpu/experiment/join_retention_runs/join_retention_20260630_075038/queries/q8/log_dir/sirius_2026-06-30.log,37,297,74,PARTITION,PARTITION,82,PIPELINEABLE,PIPELINEABLE,0,1,1,754286,5,27154296,0.027154296,1,754286,5,27154296,0.027154296,1.0,1.0,4
q8,q8,/home/dy1013/sirius_multi-gpu/experiment/join_retention_runs/join_retention_20260630_075038/queries/q8/log_dir/sirius_2026-06-30.log,37,295,74,PARTITION,PARTITION,82,PIPELINEABLE,PIPELINEABLE,2,1,1,749019,5,26964684,0.026964684,1,749019,5,26964684,0.026964684,1.0,1.0,4
q8,q8,/home/dy1013/sirius_multi-gpu/experiment/join_retention_runs/join_retention_20260630_075038/queries/q8/log_dir/sirius_2026-06-30.log,37,299,74,PARTITION,PARTITION,82,PIPELINEABLE,PIPELINEABLE,0,1,1,247880,5,8923680,0.00892368,1,247880,5,8923680,0.00892368,1.0,1.0,5
q8,q8,/home/dy1013/sirius_multi-gpu/experiment/join_retention_runs/join_retention_20260630_075038/queries/q8/log_dir/sirius_2026-06-30.log,37,284,74,PARTITION,PARTITION,82,PIPELINEABLE,PIPELINEABLE,1,1,1,749818,5,26993448,0.026993448,1,749818,5,26993448,0.026993448,1.0,1.0,8
q8,q8,/home/dy1013/sirius_multi-gpu/experiment/join_retention_runs/join_retention_20260630_075038/queries/q8/log_dir/sirius_2026-06-30.log,37,289,74,PARTITION,PARTITION,82,PIPELINEABLE,PIPELINEABLE,1,1,1,249619,5,8986284,0.008986284,1,249619,5,8986284,0.008986284,1.0,1.0,7
q8,q8,/home/dy1013/sirius_multi-gpu/experiment/join_retention_runs/join_retention_20260630_075038/queries/q8/log_dir/sirius_2026-06-30.log,37,287,74,PARTITION,PARTITION,82,PIPELINEABLE,PIPELINEABLE,3,1,1,248439,5,8943804,0.008943804,1,248439,5,8943804,0.008943804,1.0,1.0,6
q8,q8,/home/dy1013/sirius_multi-gpu/experiment/join_retention_runs/join_retention_20260630_075038/queries/q8/log_dir/sirius_2026-06-30.log,37,301,74,PARTITION,PARTITION,82,PIPELINEABLE,PIPELINEABLE,0,1,1,750483,5,27017388,0.027017388,1,750483,5,27017388,0.027017388,1.0,1.0,1
q8,q8,/home/dy1013/sirius_multi-gpu/experiment/join_retention_runs/join_retention_20260630_075038/queries/q8/log_dir/sirius_2026-06-30.log,37,298,74,PARTITION,PARTITION,82,PIPELINEABLE,PIPELINEABLE,2,1,1,249935,5,8997660,0.00899766,1,249935,5,8997660,0.00899766,1.0,1.0,3
q8,q8,/home/dy1013/sirius_multi-gpu/experiment/join_retention_runs/join_retention_20260630_075038/queries/q8/log_dir/sirius_2026-06-30.log,37,293,74,PARTITION,PARTITION,82,PIPELINEABLE,PIPELINEABLE,1,1,1,250578,5,9020808,0.009020808,1,250578,5,9020808,0.009020808,1.0,1.0,7
q8,q8,/home/dy1013/sirius_multi-gpu/experiment/join_retention_runs/join_retention_20260630_075038/queries/q8/log_dir/sirius_2026-06-30.log,37,302,74,PARTITION,PARTITION,82,PIPELINEABLE,PIPELINEABLE,0,1,1,501708,5,18061488,0.018061488,1,501708,5,18061488,0.018061488,1.0,1.0,8
q8,q8,/home/dy1013/sirius_multi-gpu/experiment/join_retention_runs/join_retention_20260630_075038/queries/q8/log_dir/sirius_2026-06-30.log,37,307,74,PARTITION,PARTITION,82,PIPELINEABLE,PIPELINEABLE,2,1,1,498130,5,17932680,0.01793268,1,498130,5,17932680,0.01793268,1.0,1.0,6
q8,q8,/home/dy1013/sirius_multi-gpu/experiment/join_retention_runs/join_retention_20260630_075038/queries/q8/log_dir/sirius_2026-06-30.log,37,291,74,PARTITION,PARTITION,82,PIPELINEABLE,PIPELINEABLE,3,1,1,250918,5,9033048,0.009033048,1,250918,5,9033048,0.009033048,1.0,1.0,6
q8,q8,/home/dy1013/sirius_multi-gpu/experiment/join_retention_runs/join_retention_20260630_075038/queries/q8/log_dir/sirius_2026-06-30.log,37,294,74,PARTITION,PARTITION,82,PIPELINEABLE,PIPELINEABLE,1,1,1,500144,5,18005184,0.018005184,1,500144,5,18005184,0.018005184,1.0,1.0,8
q8,q8,/home/dy1013/sirius_multi-gpu/experiment/join_retention_runs/join_retention_20260630_075038/queries/q8/log_dir/sirius_2026-06-30.log,37,311,74,PARTITION,PARTITION,82,PIPELINEABLE,PIPELINEABLE,0,1,1,249241,5,8972676,0.008972676,1,249241,5,8972676,0.008972676,1.0,1.0,7
q8,q8,/home/dy1013/sirius_multi-gpu/experiment/join_retention_runs/join_retention_20260630_075038/queries/q8/log_dir/sirius_2026-06-30.log,37,308,74,PARTITION,PARTITION,82,PIPELINEABLE,PIPELINEABLE,2,1,1,750183,5,27006588,0.027006588,1,750183,5,27006588,0.027006588,1.0,1.0,6
q8,q8,/home/dy1013/sirius_multi-gpu/experiment/join_retention_runs/join_retention_20260630_075038/queries/q8/log_dir/sirius_2026-06-30.log,37,304,74,PARTITION,PARTITION,82,PIPELINEABLE,PIPELINEABLE,1,1,1,750941,5,27033876,0.027033876,1,750941,5,27033876,0.027033876,1.0,1.0,1
q8,q8,/home/dy1013/sirius_multi-gpu/experiment/join_retention_runs/join_retention_20260630_075038/queries/q8/log_dir/sirius_2026-06-30.log,37,300,74,PARTITION,PARTITION,82,PIPELINEABLE,PIPELINEABLE,1,1,1,751048,5,27037728,0.027037728,1,751048,5,27037728,0.027037728,1.0,1.0,6
q8,q8,/home/dy1013/sirius_multi-gpu/experiment/join_retention_runs/join_retention_20260630_075038/queries/q8/log_dir/sirius_2026-06-30.log,37,292,74,PARTITION,PARTITION,82,PIPELINEABLE,PIPELINEABLE,3,1,1,248947,5,8962092,0.008962092,1,248947,5,8962092,0.008962092,1.0,1.0,6
q8,q8,/home/dy1013/sirius_multi-gpu/experiment/join_retention_runs/join_retention_20260630_075038/queries/q8/log_dir/sirius_2026-06-30.log,37,312,74,PARTITION,PARTITION,82,PIPELINEABLE,PIPELINEABLE,2,1,1,250919,5,9033084,0.009033084,1,250919,5,9033084,0.009033084,1.0,1.0,1
q8,q8,/home/dy1013/sirius_multi-gpu/experiment/join_retention_runs/join_retention_20260630_075038/queries/q8/log_dir/sirius_2026-06-30.log,37,315,74,PARTITION,PARTITION,82,PIPELINEABLE,PIPELINEABLE,0,1,1,247625,5,8914500,0.0089145,1,247625,5,8914500,0.0089145,1.0,1.0,1
q8,q8,/home/dy1013/sirius_multi-gpu/experiment/join_retention_runs/join_retention_20260630_075038/queries/q8/log_dir/sirius_2026-06-30.log,37,314,74,PARTITION,PARTITION,82,PIPELINEABLE,PIPELINEABLE,0,1,1,750930,5,27033480,0.02703348,1,750930,5,27033480,0.02703348,1.0,1.0,7
q8,q8,/home/dy1013/sirius_multi-gpu/experiment/join_retention_runs/join_retention_20260630_075038/queries/q8/log_dir/sirius_2026-06-30.log,37,321,74,PARTITION,PARTITION,82,PIPELINEABLE,PIPELINEABLE,0,1,1,746980,5,26891280,0.02689128,1,746980,5,26891280,0.02689128,1.0,1.0,1
q8,q8,/home/dy1013/sirius_multi-gpu/experiment/join_retention_runs/join_retention_20260630_075038/queries/q8/log_dir/sirius_2026-06-30.log,37,296,74,PARTITION,PARTITION,82,PIPELINEABLE,PIPELINEABLE,3,1,1,750877,5,27031572,0.027031572,1,750877,5,27031572,0.027031572,1.0,1.0,6
q8,q8,/home/dy1013/sirius_multi-gpu/experiment/join_retention_runs/join_retention_20260630_075038/queries/q8/log_dir/sirius_2026-06-30.log,37,316,74,PARTITION,PARTITION,82,PIPELINEABLE,PIPELINEABLE,2,1,1,749904,5,26996544,0.026996544,1,749904,5,26996544,0.026996544,1.0,1.0,3
q8,q8,/home/dy1013/sirius_multi-gpu/experiment/join_retention_runs/join_retention_20260630_075038/queries/q8/log_dir/sirius_2026-06-30.log,37,303,74,PARTITION,PARTITION,82,PIPELINEABLE,PIPELINEABLE,3,1,1,499704,5,17989344,0.017989344,1,499704,5,17989344,0.017989344,1.0,1.0,1
q8,q8,/home/dy1013/sirius_multi-gpu/experiment/join_retention_runs/join_retention_20260630_075038/queries/q8/log_dir/sirius_2026-06-30.log,37,310,74,PARTITION,PARTITION,82,PIPELINEABLE,PIPELINEABLE,1,1,1,752056,5,27074016,0.027074016,1,752056,5,27074016,0.027074016,1.0,1.0,7
q8,q8,/home/dy1013/sirius_multi-gpu/experiment/join_retention_runs/join_retention_20260630_075038/queries/q8/log_dir/sirius_2026-06-30.log,37,306,74,PARTITION,PARTITION,82,PIPELINEABLE,PIPELINEABLE,1,1,1,251027,5,9036972,0.009036972,1,251027,5,9036972,0.009036972,1.0,1.0,8
q8,q8,/home/dy1013/sirius_multi-gpu/experiment/join_retention_runs/join_retention_20260630_075038/queries/q8/log_dir/sirius_2026-06-30.log,37,319,74,PARTITION,PARTITION,82,PIPELINEABLE,PIPELINEABLE,1,1,1,251331,5,9047916,0.009047916,1,251331,5,9047916,0.009047916,1.0,1.0,1
q8,q8,/home/dy1013/sirius_multi-gpu/experiment/join_retention_runs/join_retention_20260630_075038/queries/q8/log_dir/sirius_2026-06-30.log,37,329,74,PARTITION,PARTITION,82,PIPELINEABLE,PIPELINEABLE,0,1,1,748562,5,26948232,0.026948232,1,748562,5,26948232,0.026948232,1.0,1.0,8
q8,q8,/home/dy1013/sirius_multi-gpu/experiment/join_retention_runs/join_retention_20260630_075038/queries/q8/log_dir/sirius_2026-06-30.log,37,326,74,PARTITION,PARTITION,82,PIPELINEABLE,PIPELINEABLE,0,1,1,125086,5,4503096,0.004503096,1,125086,5,4503096,0.004503096,1.0,1.0,11
q8,q8,/home/dy1013/sirius_multi-gpu/experiment/join_retention_runs/join_retention_20260630_075038/queries/q8/log_dir/sirius_2026-06-30.log,37,317,74,PARTITION,PARTITION,82,PIPELINEABLE,PIPELINEABLE,2,1,1,248978,5,8963208,0.008963208,1,248978,5,8963208,0.008963208,1.0,1.0,9
q8,q8,/home/dy1013/sirius_multi-gpu/experiment/join_retention_runs/join_retention_20260630_075038/queries/q8/log_dir/sirius_2026-06-30.log,37,305,74,PARTITION,PARTITION,82,PIPELINEABLE,PIPELINEABLE,3,1,1,753283,5,27118188,0.027118188,1,753283,5,27118188,0.027118188,1.0,1.0,9
q8,q8,/home/dy1013/sirius_multi-gpu/experiment/join_retention_runs/join_retention_20260630_075038/queries/q8/log_dir/sirius_2026-06-30.log,37,320,74,PARTITION,PARTITION,82,PIPELINEABLE,PIPELINEABLE,1,1,1,752747,5,27098892,0.027098892,1,752747,5,27098892,0.027098892,1.0,1.0,7
q8,q8,/home/dy1013/sirius_multi-gpu/experiment/join_retention_runs/join_retention_20260630_075038/queries/q8/log_dir/sirius_2026-06-30.log,37,318,74,PARTITION,PARTITION,82,PIPELINEABLE,PIPELINEABLE,2,1,1,750935,5,27033660,0.02703366,1,750935,5,27033660,0.02703366,1.0,1.0,6
q8,q8,/home/dy1013/sirius_multi-gpu/experiment/join_retention_runs/join_retention_20260630_075038/queries/q8/log_dir/sirius_2026-06-30.log,37,309,74,PARTITION,PARTITION,82,PIPELINEABLE,PIPELINEABLE,3,1,1,251945,5,9070020,0.00907002,1,251945,5,9070020,0.00907002,1.0,1.0,5
q8,q8,/home/dy1013/sirius_multi-gpu/experiment/join_retention_runs/join_retention_20260630_075038/queries/q8/log_dir/sirius_2026-06-30.log,37,328,74,PARTITION,PARTITION,82,PIPELINEABLE,PIPELINEABLE,2,1,1,124391,5,4478076,0.004478076,1,124391,5,4478076,0.004478076,1.0,1.0,2
q8,q8,/home/dy1013/sirius_multi-gpu/experiment/join_retention_runs/join_retention_20260630_075038/queries/q8/log_dir/sirius_2026-06-30.log,37,325,74,PARTITION,PARTITION,82,PIPELINEABLE,PIPELINEABLE,1,1,1,125553,5,4519908,0.004519908,1,125553,5,4519908,0.004519908,1.0,1.0,47
q8,q8,/home/dy1013/sirius_multi-gpu/experiment/join_retention_runs/join_retention_20260630_075038/queries/q8/log_dir/sirius_2026-06-30.log,37,327,74,PARTITION,PARTITION,82,PIPELINEABLE,PIPELINEABLE,1,1,1,748254,5,26937144,0.026937144,1,748254,5,26937144,0.026937144,1.0,1.0,5
q8,q8,/home/dy1013/sirius_multi-gpu/experiment/join_retention_runs/join_retention_20260630_075038/queries/q8/log_dir/sirius_2026-06-30.log,37,313,74,PARTITION,PARTITION,82,PIPELINEABLE,PIPELINEABLE,3,1,1,124964,5,4498704,0.004498704,1,124964,5,4498704,0.004498704,1.0,1.0,4
q8,q8,/home/dy1013/sirius_multi-gpu/experiment/join_retention_runs/join_retention_20260630_075038/queries/q8/log_dir/sirius_2026-06-30.log,37,322,74,PARTITION,PARTITION,82,PIPELINEABLE,PIPELINEABLE,3,1,1,749412,5,26978832,0.026978832,1,749412,5,26978832,0.026978832,1.0,1.0,2
q8,q8,/home/dy1013/sirius_multi-gpu/experiment/join_retention_runs/join_retention_20260630_075038/queries/q8/log_dir/sirius_2026-06-30.log,37,323,74,PARTITION,PARTITION,82,PIPELINEABLE,PIPELINEABLE,3,1,1,754380,5,27157680,0.02715768,1,754380,5,27157680,0.02715768,1.0,1.0,2
q8,q8,/home/dy1013/sirius_multi-gpu/experiment/join_retention_runs/join_retention_20260630_075038/queries/q8/log_dir/sirius_2026-06-30.log,37,330,74,PARTITION,PARTITION,82,PIPELINEABLE,PIPELINEABLE,2,1,1,749052,5,26965872,0.026965872,1,749052,5,26965872,0.026965872,1.0,1.0,5
q8,q8,/home/dy1013/sirius_multi-gpu/experiment/join_retention_runs/join_retention_20260630_075038/queries/q8/log_dir/sirius_2026-06-30.log,37,324,74,PARTITION,PARTITION,82,PIPELINEABLE,PIPELINEABLE,3,1,1,749163,5,26969868,0.026969868,1,749163,5,26969868,0.026969868,1.0,1.0,2
q8,q8,/home/dy1013/sirius_multi-gpu/experiment/join_retention_runs/join_retention_20260630_075038/queries/q8/log_dir/sirius_2026-06-30.log,38,334,73,CONCAT,CONCAT,83,PARTITIONED,PARTITIONED,0,1,4,3002007,20,108072252,0.108072252,1,3002007,5,108072252,0.108072252,1.0,1.0,2510
q8,q8,/home/dy1013/sirius_multi-gpu/experiment/join_retention_runs/join_retention_20260630_075038/queries/q8/log_dir/sirius_2026-06-30.log,38,332,73,CONCAT,CONCAT,83,PARTITIONED,PARTITIONED,0,1,8,3999479,40,143981244,0.143981244,1,3999479,5,143981244,0.143981244,1.0,1.0,16939
q8,q8,/home/dy1013/sirius_multi-gpu/experiment/join_retention_runs/join_retention_20260630_075038/queries/q8/log_dir/sirius_2026-06-30.log,39,335,30,HASH_JOIN,JOIN,33,PARTITIONED,PIPELINEABLE,2,1,2,3135313,6,109155404,0.109155404,1,20056,5,724576,0.000724576,0.006638,0.006397,3425
q8,q8,/home/dy1013/sirius_multi-gpu/experiment/join_retention_runs/join_retention_20260630_075038/queries/q8/log_dir/sirius_2026-06-30.log,24,337,62,GPU_SCAN,SCAN,94,GPU_SCAN,PIPELINEABLE,1,1,0,0,0,0,0.0,1,25,2,509,5.09e-07,0.0,0.0,3552
q8,q8,/home/dy1013/sirius_multi-gpu/experiment/join_retention_runs/join_retention_20260630_075038/queries/q8/log_dir/sirius_2026-06-30.log,25,338,64,PARTITION,PARTITION,82,PIPELINEABLE,PIPELINEABLE,1,1,1,25,2,509,5.09e-07,1,25,2,509,5.09e-07,1.0,1.0,9
q8,q8,/home/dy1013/sirius_multi-gpu/experiment/join_retention_runs/join_retention_20260630_075038/queries/q8/log_dir/sirius_2026-06-30.log,26,339,63,CONCAT,CONCAT,83,PARTITIONED,PARTITIONED,0,1,1,25,2,509,5.09e-07,1,25,2,509,5.09e-07,1.0,1.0,6
q8,q8,/home/dy1013/sirius_multi-gpu/experiment/join_retention_runs/join_retention_20260630_075038/queries/q8/log_dir/sirius_2026-06-30.log,39,336,30,HASH_JOIN,JOIN,33,PARTITIONED,PIPELINEABLE,2,1,1,3999479,5,143981244,0.143981244,1,26387,5,953260,0.00095326,0.006621,0.006598,4905
q8,q8,/home/dy1013/sirius_multi-gpu/experiment/join_retention_runs/join_retention_20260630_075038/queries/q8/log_dir/sirius_2026-06-30.log,27,340,65,GPU_SCAN,SCAN,94,GPU_SCAN,PIPELINEABLE,2,1,0,0,0,0,0.0,1,1000000,2,12250112,0.012250112,0.0,0.0,22736
q8,q8,/home/dy1013/sirius_multi-gpu/experiment/join_retention_runs/join_retention_20260630_075038/queries/q8/log_dir/sirius_2026-06-30.log,28,341,67,PARTITION,PARTITION,82,PIPELINEABLE,PIPELINEABLE,2,1,1,1000000,2,12250112,0.012250112,1,1000000,2,12250112,0.012250112,1.0,1.0,7
q8,q8,/home/dy1013/sirius_multi-gpu/experiment/join_retention_runs/join_retention_20260630_075038/queries/q8/log_dir/sirius_2026-06-30.log,29,342,66,CONCAT,CONCAT,83,PARTITIONED,PARTITIONED,0,1,1,1000000,2,12250112,0.012250112,1,1000000,2,12250112,0.012250112,1.0,1.0,2
q8,q8,/home/dy1013/sirius_multi-gpu/experiment/join_retention_runs/join_retention_20260630_075038/queries/q8/log_dir/sirius_2026-06-30.log,38,331,73,CONCAT,CONCAT,83,PARTITIONED,PARTITIONED,0,1,29,14746249,145,530864964,0.530864964,1,14746249,5,530864964,0.530864964,1.0,1.0,5418
q8,q8,/home/dy1013/sirius_multi-gpu/experiment/join_retention_runs/join_retention_20260630_075038/queries/q8/log_dir/sirius_2026-06-30.log,30,343,33,HASH_JOIN,JOIN,33,PARTITIONED,PIPELINEABLE,1,1,2,1000025,4,12250621,0.012250621,1,1000000,2,19332701,0.019332701,1.5781,0.999975,2196
q8,q8,/home/dy1013/sirius_multi-gpu/experiment/join_retention_runs/join_retention_20260630_075038/queries/q8/log_dir/sirius_2026-06-30.log,31,344,69,PARTITION,PARTITION,82,PIPELINEABLE,PIPELINEABLE,1,1,1,1000000,2,19332701,0.019332701,1,1000000,2,19332701,0.019332701,1.0,1.0,8
q8,q8,/home/dy1013/sirius_multi-gpu/experiment/join_retention_runs/join_retention_20260630_075038/queries/q8/log_dir/sirius_2026-06-30.log,32,346,68,CONCAT,CONCAT,83,PARTITIONED,PARTITIONED,0,1,1,1000000,2,19332701,0.019332701,1,1000000,2,19332701,0.019332701,1.0,1.0,7
q8,q8,/home/dy1013/sirius_multi-gpu/experiment/join_retention_runs/join_retention_20260630_075038/queries/q8/log_dir/sirius_2026-06-30.log,40,347,76,PARTITION,PARTITION,82,PIPELINEABLE,PIPELINEABLE,2,1,1,20056,5,724576,0.000724576,1,20056,5,724576,0.000724576,1.0,1.0,2
q8,q8,/home/dy1013/sirius_multi-gpu/experiment/join_retention_runs/join_retention_20260630_075038/queries/q8/log_dir/sirius_2026-06-30.log,40,348,76,PARTITION,PARTITION,82,PIPELINEABLE,PIPELINEABLE,2,1,1,26387,5,953260,0.00095326,1,26387,5,953260,0.00095326,1.0,1.0,3
q8,q8,/home/dy1013/sirius_multi-gpu/experiment/join_retention_runs/join_retention_20260630_075038/queries/q8/log_dir/sirius_2026-06-30.log,38,333,73,CONCAT,CONCAT,83,PARTITIONED,PARTITIONED,0,1,31,14757889,155,531284004,0.531284004,1,14757889,5,531284004,0.531284004,1.0,1.0,28536
q8,q8,/home/dy1013/sirius_multi-gpu/experiment/join_retention_runs/join_retention_20260630_075038/queries/q8/log_dir/sirius_2026-06-30.log,39,345,30,HASH_JOIN,JOIN,33,PARTITIONED,PIPELINEABLE,2,1,1,14746249,5,530864964,0.530864964,1,97962,5,3538920,0.00353892,0.006666,0.006643,14821
q8,q8,/home/dy1013/sirius_multi-gpu/experiment/join_retention_runs/join_retention_20260630_075038/queries/q8/log_dir/sirius_2026-06-30.log,40,350,76,PARTITION,PARTITION,82,PIPELINEABLE,PIPELINEABLE,2,1,1,97962,5,3538920,0.00353892,1,97962,5,3538920,0.00353892,1.0,1.0,7
q8,q8,/home/dy1013/sirius_multi-gpu/experiment/join_retention_runs/join_retention_20260630_075038/queries/q8/log_dir/sirius_2026-06-30.log,39,349,30,HASH_JOIN,JOIN,33,PARTITIONED,PIPELINEABLE,2,1,1,14757889,5,531284004,0.531284004,1,98275,5,3550188,0.003550188,0.006682,0.006659,3845
q8,q8,/home/dy1013/sirius_multi-gpu/experiment/join_retention_runs/join_retention_20260630_075038/queries/q8/log_dir/sirius_2026-06-30.log,40,351,76,PARTITION,PARTITION,82,PIPELINEABLE,PIPELINEABLE,2,1,1,98275,5,3550188,0.003550188,1,98275,5,3550188,0.003550188,1.0,1.0,6
q8,q8,/home/dy1013/sirius_multi-gpu/experiment/join_retention_runs/join_retention_20260630_075038/queries/q8/log_dir/sirius_2026-06-30.log,41,352,75,CONCAT,CONCAT,83,PARTITIONED,PARTITIONED,0,1,4,242680,20,8766944,0.008766944,1,242680,5,8736480,0.00873648,0.996525,1.0,230
q8,q8,/home/dy1013/sirius_multi-gpu/experiment/join_retention_runs/join_retention_20260630_075038/queries/q8/log_dir/sirius_2026-06-30.log,42,353,34,HASH_JOIN,JOIN,33,PARTITIONED,PIPELINEABLE,2,4,2,1242680,7,28069181,0.028069181,1,242680,4,7574015,0.007574015,0.269834,0.195288,1765
q8,q8,/home/dy1013/sirius_multi-gpu/experiment/join_retention_runs/join_retention_20260630_075038/queries/q8/log_dir/sirius_2026-06-30.log,42,353,35,PROJECTION,PROJECTION,13,PIPELINEABLE,PIPELINEABLE,2,4,1,242680,4,7574015,0.007574015,1,242680,3,6603295,0.006603295,0.871835,1.0,9092
q8,q8,/home/dy1013/sirius_multi-gpu/experiment/join_retention_runs/join_retention_20260630_075038/queries/q8/log_dir/sirius_2026-06-30.log,42,353,36,PROJECTION,PROJECTION,13,PIPELINEABLE,PIPELINEABLE,2,4,1,242680,3,6603295,0.006603295,1,242680,3,5824320,0.00582432,0.882032,1.0,17300
q8,q8,/home/dy1013/sirius_multi-gpu/experiment/join_retention_runs/join_retention_20260630_075038/queries/q8/log_dir/sirius_2026-06-30.log,42,353,37,HASH_GROUP_BY,AGGREGATE,9,PIPELINEABLE,PIPELINEABLE,2,4,1,242680,3,5824320,0.00582432,1,2,3,80,8e-08,1.4e-05,8e-06,11461
q8,q8,/home/dy1013/sirius_multi-gpu/experiment/join_retention_runs/join_retention_20260630_075038/queries/q8/log_dir/sirius_2026-06-30.log,43,354,77,PARTITION,PARTITION,82,PIPELINEABLE,PIPELINEABLE,2,1,1,2,3,80,8e-08,1,2,3,80,8e-08,1.0,1.0,8
q8,q8,/home/dy1013/sirius_multi-gpu/experiment/join_retention_runs/join_retention_20260630_075038/queries/q8/log_dir/sirius_2026-06-30.log,44,355,78,MERGE_GROUP_BY,AGGREGATE,85,PARTITIONED,PIPELINEABLE,0,1,1,2,3,80,8e-08,1,2,3,80,8e-08,1.0,1.0,1
q8,q8,/home/dy1013/sirius_multi-gpu/experiment/join_retention_runs/join_retention_20260630_075038/queries/q8/log_dir/sirius_2026-06-30.log,45,356,38,PROJECTION,PROJECTION,13,PIPELINEABLE,PIPELINEABLE,0,2,1,2,3,80,8e-08,1,2,2,32,3.2e-08,0.4,1.0,1521
q8,q8,/home/dy1013/sirius_multi-gpu/experiment/join_retention_runs/join_retention_20260630_075038/queries/q8/log_dir/sirius_2026-06-30.log,45,356,39,ORDER_BY,SORT,1,PIPELINEABLE,PIPELINEABLE,0,2,1,2,2,32,3.2e-08,1,2,2,32,3.2e-08,1.0,1.0,5185
q8,q8,/home/dy1013/sirius_multi-gpu/experiment/join_retention_runs/join_retention_20260630_075038/queries/q8/log_dir/sirius_2026-06-30.log,46,357,79,SORT_SAMPLE,SORT,89,PIPELINEABLE,PIPELINEABLE,0,2,1,2,2,32,3.2e-08,1,2,2,32,3.2e-08,1.0,1.0,158
q8,q8,/home/dy1013/sirius_multi-gpu/experiment/join_retention_runs/join_retention_20260630_075038/queries/q8/log_dir/sirius_2026-06-30.log,46,357,80,SORT_PARTITION,SORT,88,PIPELINEABLE,PIPELINEABLE,0,2,1,2,2,32,3.2e-08,2,2,4,32,3.2e-08,1.0,1.0,3335
q8,q8,/home/dy1013/sirius_multi-gpu/experiment/join_retention_runs/join_retention_20260630_075038/queries/q8/log_dir/sirius_2026-06-30.log,47,358,81,MERGE_SORT,SORT,84,PIPELINEABLE,PIPELINEABLE,0,1,2,2,4,32,3.2e-08,1,2,2,32,3.2e-08,1.0,1.0,5698
q8,q8,/home/dy1013/sirius_multi-gpu/experiment/join_retention_runs/join_retention_20260630_075038/queries/q8/log_dir/sirius_2026-06-30.log,48,359,40,RESULT_COLLECTOR,RESULT,76,PIPELINEABLE,PIPELINEABLE,0,1,1,2,2,32,3.2e-08,1,2,2,32,3.2e-08,1.0,1.0,7
q9,q9,/home/dy1013/sirius_multi-gpu/experiment/join_retention_runs/join_retention_20260630_075038/queries/q9/log_dir/sirius_2026-06-30.log,0,0,29,GPU_SCAN,SCAN,94,GPU_SCAN,PIPELINEABLE,2,1,0,0,0,0,0.0,1,1086232,1,8825664,0.008825664,0.0,0.0,239474
q9,q9,/home/dy1013/sirius_multi-gpu/experiment/join_retention_runs/join_retention_20260630_075038/queries/q9/log_dir/sirius_2026-06-30.log,1,1,31,PARTITION,PARTITION,82,PIPELINEABLE,PIPELINEABLE,2,1,1,1086232,1,8825664,0.008825664,1,1086232,1,8825664,0.008825664,1.0,1.0,3
q9,q9,/home/dy1013/sirius_multi-gpu/experiment/join_retention_runs/join_retention_20260630_075038/queries/q9/log_dir/sirius_2026-06-30.log,2,2,30,CONCAT,CONCAT,83,PARTITIONED,PARTITIONED,0,1,1,1086232,1,8825664,0.008825664,1,1086232,1,8825664,0.008825664,1.0,1.0,0
q9,q9,/home/dy1013/sirius_multi-gpu/experiment/join_retention_runs/join_retention_20260630_075038/queries/q9/log_dir/sirius_2026-06-30.log,21,4,48,GPU_SCAN,SCAN,94,GPU_SCAN,PIPELINEABLE,3,1,0,0,0,0,0.0,1,16048239,6,782351952,0.782351952,0.0,0.0,1133572
q9,q9,/home/dy1013/sirius_multi-gpu/experiment/join_retention_runs/join_retention_20260630_075038/queries/q9/log_dir/sirius_2026-06-30.log,21,14,48,GPU_SCAN,SCAN,94,GPU_SCAN,PIPELINEABLE,1,1,0,0,0,0,0.0,1,16068172,6,783323712,0.783323712,0.0,0.0,1211986
q9,q9,/home/dy1013/sirius_multi-gpu/experiment/join_retention_runs/join_retention_20260630_075038/queries/q9/log_dir/sirius_2026-06-30.log,21,5,48,GPU_SCAN,SCAN,94,GPU_SCAN,PIPELINEABLE,0,1,0,0,0,0,0.0,1,16047392,6,782310528,0.782310528,0.0,0.0,1256503
q9,q9,/home/dy1013/sirius_multi-gpu/experiment/join_retention_runs/join_retention_20260630_075038/queries/q9/log_dir/sirius_2026-06-30.log,21,3,48,GPU_SCAN,SCAN,94,GPU_SCAN,PIPELINEABLE,2,1,0,0,0,0,0.0,1,16104689,6,785103792,0.785103792,0.0,0.0,1424260
q9,q9,/home/dy1013/sirius_multi-gpu/experiment/join_retention_runs/join_retention_20260630_075038/queries/q9/log_dir/sirius_2026-06-30.log,21,6,48,GPU_SCAN,SCAN,94,GPU_SCAN,PIPELINEABLE,1,1,0,0,0,0,0.0,1,16047661,6,782323824,0.782323824,0.0,0.0,1464036
q9,q9,/home/dy1013/sirius_multi-gpu/experiment/join_retention_runs/join_retention_20260630_075038/queries/q9/log_dir/sirius_2026-06-30.log,21,12,48,GPU_SCAN,SCAN,94,GPU_SCAN,PIPELINEABLE,3,1,0,0,0,0,0.0,1,16067826,6,783306720,0.78330672,0.0,0.0,1584635
q9,q9,/home/dy1013/sirius_multi-gpu/experiment/join_retention_runs/join_retention_20260630_075038/queries/q9/log_dir/sirius_2026-06-30.log,21,10,48,GPU_SCAN,SCAN,94,GPU_SCAN,PIPELINEABLE,1,1,0,0,0,0,0.0,1,16067894,6,783309984,0.783309984,0.0,0.0,1608895
q9,q9,/home/dy1013/sirius_multi-gpu/experiment/join_retention_runs/join_retention_20260630_075038/queries/q9/log_dir/sirius_2026-06-30.log,21,8,48,GPU_SCAN,SCAN,94,GPU_SCAN,PIPELINEABLE,3,1,0,0,0,0,0.0,1,16047628,6,782322240,0.78232224,0.0,0.0,1618403
q9,q9,/home/dy1013/sirius_multi-gpu/experiment/join_retention_runs/join_retention_20260630_075038/queries/q9/log_dir/sirius_2026-06-30.log,21,11,48,GPU_SCAN,SCAN,94,GPU_SCAN,PIPELINEABLE,2,1,0,0,0,0,0.0,1,16067985,6,783314352,0.783314352,0.0,0.0,1690699
q9,q9,/home/dy1013/sirius_multi-gpu/experiment/join_retention_runs/join_retention_20260630_075038/queries/q9/log_dir/sirius_2026-06-30.log,21,7,48,GPU_SCAN,SCAN,94,GPU_SCAN,PIPELINEABLE,2,1,0,0,0,0,0.0,1,16047630,6,782322336,0.782322336,0.0,0.0,1766154
q9,q9,/home/dy1013/sirius_multi-gpu/experiment/join_retention_runs/join_retention_20260630_075038/queries/q9/log_dir/sirius_2026-06-30.log,21,13,48,GPU_SCAN,SCAN,94,GPU_SCAN,PIPELINEABLE,0,1,0,0,0,0,0.0,1,16067301,6,783281136,0.783281136,0.0,0.0,1777543
q9,q9,/home/dy1013/sirius_multi-gpu/experiment/join_retention_runs/join_retention_20260630_075038/queries/q9/log_dir/sirius_2026-06-30.log,21,9,48,GPU_SCAN,SCAN,94,GPU_SCAN,PIPELINEABLE,0,1,0,0,0,0,0.0,1,16035303,6,781721040,0.78172104,0.0,0.0,1792831
q9,q9,/home/dy1013/sirius_multi-gpu/experiment/join_retention_runs/join_retention_20260630_075038/queries/q9/log_dir/sirius_2026-06-30.log,21,16,48,GPU_SCAN,SCAN,94,GPU_SCAN,PIPELINEABLE,3,1,0,0,0,0,0.0,1,16067459,6,783288720,0.78328872,0.0,0.0,723235
q9,q9,/home/dy1013/sirius_multi-gpu/experiment/join_retention_runs/join_retention_20260630_075038/queries/q9/log_dir/sirius_2026-06-30.log,21,18,48,GPU_SCAN,SCAN,94,GPU_SCAN,PIPELINEABLE,1,1,0,0,0,0,0.0,1,16067832,6,783307008,0.783307008,0.0,0.0,814674
q9,q9,/home/dy1013/sirius_multi-gpu/experiment/join_retention_runs/join_retention_20260630_075038/queries/q9/log_dir/sirius_2026-06-30.log,21,17,48,GPU_SCAN,SCAN,94,GPU_SCAN,PIPELINEABLE,0,1,0,0,0,0,0.0,1,16067948,6,783312576,0.783312576,0.0,0.0,912290
q9,q9,/home/dy1013/sirius_multi-gpu/experiment/join_retention_runs/join_retention_20260630_075038/queries/q9/log_dir/sirius_2026-06-30.log,21,15,48,GPU_SCAN,SCAN,94,GPU_SCAN,PIPELINEABLE,2,1,0,0,0,0,0.0,1,16067588,6,783295296,0.783295296,0.0,0.0,793182
q9,q9,/home/dy1013/sirius_multi-gpu/experiment/join_retention_runs/join_retention_20260630_075038/queries/q9/log_dir/sirius_2026-06-30.log,21,22,48,GPU_SCAN,SCAN,94,GPU_SCAN,PIPELINEABLE,1,1,0,0,0,0,0.0,1,16068900,6,783359040,0.78335904,0.0,0.0,894547
q9,q9,/home/dy1013/sirius_multi-gpu/experiment/join_retention_runs/join_retention_20260630_075038/queries/q9/log_dir/sirius_2026-06-30.log,21,26,48,GPU_SCAN,SCAN,94,GPU_SCAN,PIPELINEABLE,1,1,0,0,0,0,0.0,1,16067250,6,783278688,0.783278688,0.0,0.0,925792
q9,q9,/home/dy1013/sirius_multi-gpu/experiment/join_retention_runs/join_retention_20260630_075038/queries/q9/log_dir/sirius_2026-06-30.log,22,42,50,PARTITION,PARTITION,82,PIPELINEABLE,PIPELINEABLE,1,1,1,16068172,6,783323712,0.783323712,1,16068172,6,783323712,0.783323712,1.0,1.0,1
q9,q9,/home/dy1013/sirius_multi-gpu/experiment/join_retention_runs/join_retention_20260630_075038/queries/q9/log_dir/sirius_2026-06-30.log,22,45,50,PARTITION,PARTITION,82,PIPELINEABLE,PIPELINEABLE,1,1,1,16047661,6,782323824,0.782323824,1,16047661,6,782323824,0.782323824,1.0,1.0,0
q9,q9,/home/dy1013/sirius_multi-gpu/experiment/join_retention_runs/join_retention_20260630_075038/queries/q9/log_dir/sirius_2026-06-30.log,22,47,50,PARTITION,PARTITION,82,PIPELINEABLE,PIPELINEABLE,1,1,1,16067894,6,783309984,0.783309984,1,16067894,6,783309984,0.783309984,1.0,1.0,0
q9,q9,/home/dy1013/sirius_multi-gpu/experiment/join_retention_runs/join_retention_20260630_075038/queries/q9/log_dir/sirius_2026-06-30.log,22,54,50,PARTITION,PARTITION,82,PIPELINEABLE,PIPELINEABLE,1,1,1,16067832,6,783307008,0.783307008,1,16067832,6,783307008,0.783307008,1.0,1.0,0
q9,q9,/home/dy1013/sirius_multi-gpu/experiment/join_retention_runs/join_retention_20260630_075038/queries/q9/log_dir/sirius_2026-06-30.log,22,57,50,PARTITION,PARTITION,82,PIPELINEABLE,PIPELINEABLE,1,1,1,16068900,6,783359040,0.78335904,1,16068900,6,783359040,0.78335904,1.0,1.0,0
q9,q9,/home/dy1013/sirius_multi-gpu/experiment/join_retention_runs/join_retention_20260630_075038/queries/q9/log_dir/sirius_2026-06-30.log,22,58,50,PARTITION,PARTITION,82,PIPELINEABLE,PIPELINEABLE,1,1,1,16067250,6,783278688,0.783278688,1,16067250,6,783278688,0.783278688,1.0,1.0,0
q9,q9,/home/dy1013/sirius_multi-gpu/experiment/join_retention_runs/join_retention_20260630_075038/queries/q9/log_dir/sirius_2026-06-30.log,21,20,48,GPU_SCAN,SCAN,94,GPU_SCAN,PIPELINEABLE,3,1,0,0,0,0,0.0,1,16068497,6,783339312,0.783339312,0.0,0.0,909503
q9,q9,/home/dy1013/sirius_multi-gpu/experiment/join_retention_runs/join_retention_20260630_075038/queries/q9/log_dir/sirius_2026-06-30.log,21,24,48,GPU_SCAN,SCAN,94,GPU_SCAN,PIPELINEABLE,3,1,0,0,0,0,0.0,1,16068126,6,783321504,0.783321504,0.0,0.0,973922
q9,q9,/home/dy1013/sirius_multi-gpu/experiment/join_retention_runs/join_retention_20260630_075038/queries/q9/log_dir/sirius_2026-06-30.log,21,30,48,GPU_SCAN,SCAN,94,GPU_SCAN,PIPELINEABLE,1,1,0,0,0,0,0.0,1,16068234,6,783326688,0.783326688,0.0,0.0,1038942
q9,q9,/home/dy1013/sirius_multi-gpu/experiment/join_retention_runs/join_retention_20260630_075038/queries/q9/log_dir/sirius_2026-06-30.log,22,67,50,PARTITION,PARTITION,82,PIPELINEABLE,PIPELINEABLE,1,1,1,16068234,6,783326688,0.783326688,1,16068234,6,783326688,0.783326688,1.0,1.0,5
q9,q9,/home/dy1013/sirius_multi-gpu/experiment/join_retention_runs/join_retention_20260630_075038/queries/q9/log_dir/sirius_2026-06-30.log,21,28,48,GPU_SCAN,SCAN,94,GPU_SCAN,PIPELINEABLE,3,1,0,0,0,0,0.0,1,16068083,6,783319056,0.783319056,0.0,0.0,1145307
q9,q9,/home/dy1013/sirius_multi-gpu/experiment/join_retention_runs/join_retention_20260630_075038/queries/q9/log_dir/sirius_2026-06-30.log,22,41,50,PARTITION,PARTITION,82,PIPELINEABLE,PIPELINEABLE,3,1,1,16048239,6,782351952,0.782351952,1,16048239,6,782351952,0.782351952,1.0,1.0,1
q9,q9,/home/dy1013/sirius_multi-gpu/experiment/join_retention_runs/join_retention_20260630_075038/queries/q9/log_dir/sirius_2026-06-30.log,22,46,50,PARTITION,PARTITION,82,PIPELINEABLE,PIPELINEABLE,3,1,1,16067826,6,783306720,0.78330672,1,16067826,6,783306720,0.78330672,1.0,1.0,0
q9,q9,/home/dy1013/sirius_multi-gpu/experiment/join_retention_runs/join_retention_20260630_075038/queries/q9/log_dir/sirius_2026-06-30.log,22,48,50,PARTITION,PARTITION,82,PIPELINEABLE,PIPELINEABLE,3,1,1,16047628,6,782322240,0.78232224,1,16047628,6,782322240,0.78232224,1.0,1.0,0
q9,q9,/home/dy1013/sirius_multi-gpu/experiment/join_retention_runs/join_retention_20260630_075038/queries/q9/log_dir/sirius_2026-06-30.log,22,53,50,PARTITION,PARTITION,82,PIPELINEABLE,PIPELINEABLE,3,1,1,16067459,6,783288720,0.78328872,1,16067459,6,783288720,0.78328872,1.0,1.0,0
q9,q9,/home/dy1013/sirius_multi-gpu/experiment/join_retention_runs/join_retention_20260630_075038/queries/q9/log_dir/sirius_2026-06-30.log,22,65,50,PARTITION,PARTITION,82,PIPELINEABLE,PIPELINEABLE,3,1,1,16068497,6,783339312,0.783339312,1,16068497,6,783339312,0.783339312,1.0,1.0,0
q9,q9,/home/dy1013/sirius_multi-gpu/experiment/join_retention_runs/join_retention_20260630_075038/queries/q9/log_dir/sirius_2026-06-30.log,22,66,50,PARTITION,PARTITION,82,PIPELINEABLE,PIPELINEABLE,3,1,1,16068126,6,783321504,0.783321504,1,16068126,6,783321504,0.783321504,1.0,1.0,1
q9,q9,/home/dy1013/sirius_multi-gpu/experiment/join_retention_runs/join_retention_20260630_075038/queries/q9/log_dir/sirius_2026-06-30.log,22,68,50,PARTITION,PARTITION,82,PIPELINEABLE,PIPELINEABLE,3,1,1,16068083,6,783319056,0.783319056,1,16068083,6,783319056,0.783319056,1.0,1.0,1
q9,q9,/home/dy1013/sirius_multi-gpu/experiment/join_retention_runs/join_retention_20260630_075038/queries/q9/log_dir/sirius_2026-06-30.log,21,23,48,GPU_SCAN,SCAN,94,GPU_SCAN,PIPELINEABLE,2,1,0,0,0,0,0.0,1,16067907,6,783310608,0.783310608,0.0,0.0,1280370
q9,q9,/home/dy1013/sirius_multi-gpu/experiment/join_retention_runs/join_retention_20260630_075038/queries/q9/log_dir/sirius_2026-06-30.log,21,19,48,GPU_SCAN,SCAN,94,GPU_SCAN,PIPELINEABLE,2,1,0,0,0,0,0.0,1,16067348,6,783283392,0.783283392,0.0,0.0,1312328
q9,q9,/home/dy1013/sirius_multi-gpu/experiment/join_retention_runs/join_retention_20260630_075038/queries/q9/log_dir/sirius_2026-06-30.log,21,21,48,GPU_SCAN,SCAN,94,GPU_SCAN,PIPELINEABLE,0,1,0,0,0,0,0.0,1,16067732,6,783302208,0.783302208,0.0,0.0,1367045
q9,q9,/home/dy1013/sirius_multi-gpu/experiment/join_retention_runs/join_retention_20260630_075038/queries/q9/log_dir/sirius_2026-06-30.log,21,27,48,GPU_SCAN,SCAN,94,GPU_SCAN,PIPELINEABLE,2,1,0,0,0,0,0.0,1,16067517,6,783291504,0.783291504,0.0,0.0,1523087
q9,q9,/home/dy1013/sirius_multi-gpu/experiment/join_retention_runs/join_retention_20260630_075038/queries/q9/log_dir/sirius_2026-06-30.log,22,44,50,PARTITION,PARTITION,82,PIPELINEABLE,PIPELINEABLE,2,1,1,16104689,6,785103792,0.785103792,1,16104689,6,785103792,0.785103792,1.0,1.0,21
q9,q9,/home/dy1013/sirius_multi-gpu/experiment/join_retention_runs/join_retention_20260630_075038/queries/q9/log_dir/sirius_2026-06-30.log,22,49,50,PARTITION,PARTITION,82,PIPELINEABLE,PIPELINEABLE,2,1,1,16067985,6,783314352,0.783314352,1,16067985,6,783314352,0.783314352,1.0,1.0,2
q9,q9,/home/dy1013/sirius_multi-gpu/experiment/join_retention_runs/join_retention_20260630_075038/queries/q9/log_dir/sirius_2026-06-30.log,22,50,50,PARTITION,PARTITION,82,PIPELINEABLE,PIPELINEABLE,2,1,1,16047630,6,782322336,0.782322336,1,16047630,6,782322336,0.782322336,1.0,1.0,18
q9,q9,/home/dy1013/sirius_multi-gpu/experiment/join_retention_runs/join_retention_20260630_075038/queries/q9/log_dir/sirius_2026-06-30.log,22,56,50,PARTITION,PARTITION,82,PIPELINEABLE,PIPELINEABLE,2,1,1,16067588,6,783295296,0.783295296,1,16067588,6,783295296,0.783295296,1.0,1.0,8
q9,q9,/home/dy1013/sirius_multi-gpu/experiment/join_retention_runs/join_retention_20260630_075038/queries/q9/log_dir/sirius_2026-06-30.log,22,77,50,PARTITION,PARTITION,82,PIPELINEABLE,PIPELINEABLE,2,1,1,16067907,6,783310608,0.783310608,1,16067907,6,783310608,0.783310608,1.0,1.0,21
q9,q9,/home/dy1013/sirius_multi-gpu/experiment/join_retention_runs/join_retention_20260630_075038/queries/q9/log_dir/sirius_2026-06-30.log,22,78,50,PARTITION,PARTITION,82,PIPELINEABLE,PIPELINEABLE,2,1,1,16067348,6,783283392,0.783283392,1,16067348,6,783283392,0.783283392,1.0,1.0,9
q9,q9,/home/dy1013/sirius_multi-gpu/experiment/join_retention_runs/join_retention_20260630_075038/queries/q9/log_dir/sirius_2026-06-30.log,22,80,50,PARTITION,PARTITION,82,PIPELINEABLE,PIPELINEABLE,2,1,1,16067517,6,783291504,0.783291504,1,16067517,6,783291504,0.783291504,1.0,1.0,8
q9,q9,/home/dy1013/sirius_multi-gpu/experiment/join_retention_runs/join_retention_20260630_075038/queries/q9/log_dir/sirius_2026-06-30.log,21,25,48,GPU_SCAN,SCAN,94,GPU_SCAN,PIPELINEABLE,0,1,0,0,0,0,0.0,1,16068135,6,783321936,0.783321936,0.0,0.0,1649672
q9,q9,/home/dy1013/sirius_multi-gpu/experiment/join_retention_runs/join_retention_20260630_075038/queries/q9/log_dir/sirius_2026-06-30.log,22,43,50,PARTITION,PARTITION,82,PIPELINEABLE,PIPELINEABLE,0,1,1,16047392,6,782310528,0.782310528,1,16047392,6,782310528,0.782310528,1.0,1.0,12
q9,q9,/home/dy1013/sirius_multi-gpu/experiment/join_retention_runs/join_retention_20260630_075038/queries/q9/log_dir/sirius_2026-06-30.log,22,51,50,PARTITION,PARTITION,82,PIPELINEABLE,PIPELINEABLE,0,1,1,16067301,6,783281136,0.783281136,1,16067301,6,783281136,0.783281136,1.0,1.0,7
q9,q9,/home/dy1013/sirius_multi-gpu/experiment/join_retention_runs/join_retention_20260630_075038/queries/q9/log_dir/sirius_2026-06-30.log,22,52,50,PARTITION,PARTITION,82,PIPELINEABLE,PIPELINEABLE,0,1,1,16035303,6,781721040,0.78172104,1,16035303,6,781721040,0.78172104,1.0,1.0,12
q9,q9,/home/dy1013/sirius_multi-gpu/experiment/join_retention_runs/join_retention_20260630_075038/queries/q9/log_dir/sirius_2026-06-30.log,22,55,50,PARTITION,PARTITION,82,PIPELINEABLE,PIPELINEABLE,0,1,1,16067948,6,783312576,0.783312576,1,16067948,6,783312576,0.783312576,1.0,1.0,5
q9,q9,/home/dy1013/sirius_multi-gpu/experiment/join_retention_runs/join_retention_20260630_075038/queries/q9/log_dir/sirius_2026-06-30.log,23,59,49,CONCAT,CONCAT,83,PARTITIONED,PARTITIONED,0,1,1,16068172,6,783323712,0.783323712,1,16068172,6,783323712,0.783323712,1.0,1.0,1
q9,q9,/home/dy1013/sirius_multi-gpu/experiment/join_retention_runs/join_retention_20260630_075038/queries/q9/log_dir/sirius_2026-06-30.log,23,60,49,CONCAT,CONCAT,83,PARTITIONED,PARTITIONED,0,1,1,16047661,6,782323824,0.782323824,1,16047661,6,782323824,0.782323824,1.0,1.0,1
q9,q9,/home/dy1013/sirius_multi-gpu/experiment/join_retention_runs/join_retention_20260630_075038/queries/q9/log_dir/sirius_2026-06-30.log,23,61,49,CONCAT,CONCAT,83,PARTITIONED,PARTITIONED,0,1,1,16067894,6,783309984,0.783309984,1,16067894,6,783309984,0.783309984,1.0,1.0,1
q9,q9,/home/dy1013/sirius_multi-gpu/experiment/join_retention_runs/join_retention_20260630_075038/queries/q9/log_dir/sirius_2026-06-30.log,23,62,49,CONCAT,CONCAT,83,PARTITIONED,PARTITIONED,0,1,1,16067832,6,783307008,0.783307008,1,16067832,6,783307008,0.783307008,1.0,1.0,1
q9,q9,/home/dy1013/sirius_multi-gpu/experiment/join_retention_runs/join_retention_20260630_075038/queries/q9/log_dir/sirius_2026-06-30.log,23,63,49,CONCAT,CONCAT,83,PARTITIONED,PARTITIONED,0,1,1,16068900,6,783359040,0.78335904,1,16068900,6,783359040,0.78335904,1.0,1.0,1
q9,q9,/home/dy1013/sirius_multi-gpu/experiment/join_retention_runs/join_retention_20260630_075038/queries/q9/log_dir/sirius_2026-06-30.log,23,64,49,CONCAT,CONCAT,83,PARTITIONED,PARTITIONED,0,1,1,16067250,6,783278688,0.783278688,1,16067250,6,783278688,0.783278688,1.0,1.0,7
q9,q9,/home/dy1013/sirius_multi-gpu/experiment/join_retention_runs/join_retention_20260630_075038/queries/q9/log_dir/sirius_2026-06-30.log,23,69,49,CONCAT,CONCAT,83,PARTITIONED,PARTITIONED,0,1,1,16068234,6,783326688,0.783326688,1,16068234,6,783326688,0.783326688,1.0,1.0,1
q9,q9,/home/dy1013/sirius_multi-gpu/experiment/join_retention_runs/join_retention_20260630_075038/queries/q9/log_dir/sirius_2026-06-30.log,21,29,48,GPU_SCAN,SCAN,94,GPU_SCAN,PIPELINEABLE,0,1,0,0,0,0,0.0,1,16067551,6,783293136,0.783293136,0.0,0.0,1926659
q9,q9,/home/dy1013/sirius_multi-gpu/experiment/join_retention_runs/join_retention_20260630_075038/queries/q9/log_dir/sirius_2026-06-30.log,23,70,49,CONCAT,CONCAT,83,PARTITIONED,PARTITIONED,0,1,1,16048239,6,782351952,0.782351952,1,16048239,6,782351952,0.782351952,1.0,1.0,2
q9,q9,/home/dy1013/sirius_multi-gpu/experiment/join_retention_runs/join_retention_20260630_075038/queries/q9/log_dir/sirius_2026-06-30.log,21,32,48,GPU_SCAN,SCAN,94,GPU_SCAN,PIPELINEABLE,3,1,0,0,0,0,0.0,1,16067835,6,783307152,0.783307152,0.0,0.0,1927618
q9,q9,/home/dy1013/sirius_multi-gpu/experiment/join_retention_runs/join_retention_20260630_075038/queries/q9/log_dir/sirius_2026-06-30.log,22,95,50,PARTITION,PARTITION,82,PIPELINEABLE,PIPELINEABLE,3,1,1,16067835,6,783307152,0.783307152,1,16067835,6,783307152,0.783307152,1.0,1.0,1
q9,q9,/home/dy1013/sirius_multi-gpu/experiment/join_retention_runs/join_retention_20260630_075038/queries/q9/log_dir/sirius_2026-06-30.log,21,34,48,GPU_SCAN,SCAN,94,GPU_SCAN,PIPELINEABLE,1,1,0,0,0,0,0.0,1,16067766,6,783303840,0.78330384,0.0,0.0,1916221
q9,q9,/home/dy1013/sirius_multi-gpu/experiment/join_retention_runs/join_retention_20260630_075038/queries/q9/log_dir/sirius_2026-06-30.log,22,96,50,PARTITION,PARTITION,82,PIPELINEABLE,PIPELINEABLE,1,1,1,16067766,6,783303840,0.78330384,1,16067766,6,783303840,0.78330384,1.0,1.0,2
q9,q9,/home/dy1013/sirius_multi-gpu/experiment/join_retention_runs/join_retention_20260630_075038/queries/q9/log_dir/sirius_2026-06-30.log,21,33,48,GPU_SCAN,SCAN,94,GPU_SCAN,PIPELINEABLE,0,1,0,0,0,0,0.0,1,16068012,6,783315648,0.783315648,0.0,0.0,1847836
q9,q9,/home/dy1013/sirius_multi-gpu/experiment/join_retention_runs/join_retention_20260630_075038/queries/q9/log_dir/sirius_2026-06-30.log,21,31,48,GPU_SCAN,SCAN,94,GPU_SCAN,PIPELINEABLE,2,1,0,0,0,0,0.0,1,16068000,6,783315072,0.783315072,0.0,0.0,1905925
q9,q9,/home/dy1013/sirius_multi-gpu/experiment/join_retention_runs/join_retention_20260630_075038/queries/q9/log_dir/sirius_2026-06-30.log,22,100,50,PARTITION,PARTITION,82,PIPELINEABLE,PIPELINEABLE,2,1,1,16068000,6,783315072,0.783315072,1,16068000,6,783315072,0.783315072,1.0,1.0,7
q9,q9,/home/dy1013/sirius_multi-gpu/experiment/join_retention_runs/join_retention_20260630_075038/queries/q9/log_dir/sirius_2026-06-30.log,21,38,48,GPU_SCAN,SCAN,94,GPU_SCAN,PIPELINEABLE,1,1,0,0,0,0,0.0,1,16068121,6,783321264,0.783321264,0.0,0.0,1790800
q9,q9,/home/dy1013/sirius_multi-gpu/experiment/join_retention_runs/join_retention_20260630_075038/queries/q9/log_dir/sirius_2026-06-30.log,22,101,50,PARTITION,PARTITION,82,PIPELINEABLE,PIPELINEABLE,1,1,1,16068121,6,783321264,0.783321264,1,16068121,6,783321264,0.783321264,1.0,1.0,2
q9,q9,/home/dy1013/sirius_multi-gpu/experiment/join_retention_runs/join_retention_20260630_075038/queries/q9/log_dir/sirius_2026-06-30.log,21,36,48,GPU_SCAN,SCAN,94,GPU_SCAN,PIPELINEABLE,3,1,0,0,0,0,0.0,1,16067920,6,783311232,0.783311232,0.0,0.0,1702799
q9,q9,/home/dy1013/sirius_multi-gpu/experiment/join_retention_runs/join_retention_20260630_075038/queries/q9/log_dir/sirius_2026-06-30.log,22,104,50,PARTITION,PARTITION,82,PIPELINEABLE,PIPELINEABLE,3,1,1,16067920,6,783311232,0.783311232,1,16067920,6,783311232,0.783311232,1.0,1.0,2
q9,q9,/home/dy1013/sirius_multi-gpu/experiment/join_retention_runs/join_retention_20260630_075038/queries/q9/log_dir/sirius_2026-06-30.log,21,40,48,GPU_SCAN,SCAN,94,GPU_SCAN,PIPELINEABLE,3,1,0,0,0,0,0.0,1,5623572,6,274149312,0.274149312,0.0,0.0,1667697
q9,q9,/home/dy1013/sirius_multi-gpu/experiment/join_retention_runs/join_retention_20260630_075038/queries/q9/log_dir/sirius_2026-06-30.log,22,105,50,PARTITION,PARTITION,82,PIPELINEABLE,PIPELINEABLE,3,1,1,5623572,6,274149312,0.274149312,1,5623572,6,274149312,0.274149312,1.0,1.0,7
q9,q9,/home/dy1013/sirius_multi-gpu/experiment/join_retention_runs/join_retention_20260630_075038/queries/q9/log_dir/sirius_2026-06-30.log,21,35,48,GPU_SCAN,SCAN,94,GPU_SCAN,PIPELINEABLE,2,1,0,0,0,0,0.0,1,16067828,6,783306816,0.783306816,0.0,0.0,1331256
q9,q9,/home/dy1013/sirius_multi-gpu/experiment/join_retention_runs/join_retention_20260630_075038/queries/q9/log_dir/sirius_2026-06-30.log,22,108,50,PARTITION,PARTITION,82,PIPELINEABLE,PIPELINEABLE,2,1,1,16067828,6,783306816,0.783306816,1,16067828,6,783306816,0.783306816,1.0,1.0,8
q9,q9,/home/dy1013/sirius_multi-gpu/experiment/join_retention_runs/join_retention_20260630_075038/queries/q9/log_dir/sirius_2026-06-30.log,21,39,48,GPU_SCAN,SCAN,94,GPU_SCAN,PIPELINEABLE,2,1,0,0,0,0,0.0,1,16067668,6,783299136,0.783299136,0.0,0.0,1328779
q9,q9,/home/dy1013/sirius_multi-gpu/experiment/join_retention_runs/join_retention_20260630_075038/queries/q9/log_dir/sirius_2026-06-30.log,22,109,50,PARTITION,PARTITION,82,PIPELINEABLE,PIPELINEABLE,2,1,1,16067668,6,783299136,0.783299136,1,16067668,6,783299136,0.783299136,1.0,1.0,2
q9,q9,/home/dy1013/sirius_multi-gpu/experiment/join_retention_runs/join_retention_20260630_075038/queries/q9/log_dir/sirius_2026-06-30.log,21,37,48,GPU_SCAN,SCAN,94,GPU_SCAN,PIPELINEABLE,0,1,0,0,0,0,0.0,1,16067353,6,783283632,0.783283632,0.0,0.0,1198027
q9,q9,/home/dy1013/sirius_multi-gpu/experiment/join_retention_runs/join_retention_20260630_075038/queries/q9/log_dir/sirius_2026-06-30.log,23,71,49,CONCAT,CONCAT,83,PARTITIONED,PARTITIONED,0,1,1,16067826,6,783306720,0.78330672,1,16067826,6,783306720,0.78330672,1.0,1.0,1
q9,q9,/home/dy1013/sirius_multi-gpu/experiment/join_retention_runs/join_retention_20260630_075038/queries/q9/log_dir/sirius_2026-06-30.log,23,72,49,CONCAT,CONCAT,83,PARTITIONED,PARTITIONED,0,1,1,16047628,6,782322240,0.78232224,1,16047628,6,782322240,0.78232224,1.0,1.0,2
q9,q9,/home/dy1013/sirius_multi-gpu/experiment/join_retention_runs/join_retention_20260630_075038/queries/q9/log_dir/sirius_2026-06-30.log,23,73,49,CONCAT,CONCAT,83,PARTITIONED,PARTITIONED,0,1,1,16067459,6,783288720,0.78328872,1,16067459,6,783288720,0.78328872,1.0,1.0,1
q9,q9,/home/dy1013/sirius_multi-gpu/experiment/join_retention_runs/join_retention_20260630_075038/queries/q9/log_dir/sirius_2026-06-30.log,23,74,49,CONCAT,CONCAT,83,PARTITIONED,PARTITIONED,0,1,1,16068497,6,783339312,0.783339312,1,16068497,6,783339312,0.783339312,1.0,1.0,1
q9,q9,/home/dy1013/sirius_multi-gpu/experiment/join_retention_runs/join_retention_20260630_075038/queries/q9/log_dir/sirius_2026-06-30.log,23,75,49,CONCAT,CONCAT,83,PARTITIONED,PARTITIONED,0,1,1,16068126,6,783321504,0.783321504,1,16068126,6,783321504,0.783321504,1.0,1.0,1
q9,q9,/home/dy1013/sirius_multi-gpu/experiment/join_retention_runs/join_retention_20260630_075038/queries/q9/log_dir/sirius_2026-06-30.log,22,79,50,PARTITION,PARTITION,82,PIPELINEABLE,PIPELINEABLE,0,1,1,16067732,6,783302208,0.783302208,1,16067732,6,783302208,0.783302208,1.0,1.0,8
q9,q9,/home/dy1013/sirius_multi-gpu/experiment/join_retention_runs/join_retention_20260630_075038/queries/q9/log_dir/sirius_2026-06-30.log,23,76,49,CONCAT,CONCAT,83,PARTITIONED,PARTITIONED,0,1,1,16068083,6,783319056,0.783319056,1,16068083,6,783319056,0.783319056,1.0,1.0,2
q9,q9,/home/dy1013/sirius_multi-gpu/experiment/join_retention_runs/join_retention_20260630_075038/queries/q9/log_dir/sirius_2026-06-30.log,23,81,49,CONCAT,CONCAT,83,PARTITIONED,PARTITIONED,0,1,1,16104689,6,785103792,0.785103792,1,16104689,6,785103792,0.785103792,1.0,1.0,1
q9,q9,/home/dy1013/sirius_multi-gpu/experiment/join_retention_runs/join_retention_20260630_075038/queries/q9/log_dir/sirius_2026-06-30.log,23,83,49,CONCAT,CONCAT,83,PARTITIONED,PARTITIONED,0,1,1,16047630,6,782322336,0.782322336,1,16047630,6,782322336,0.782322336,1.0,1.0,1
q9,q9,/home/dy1013/sirius_multi-gpu/experiment/join_retention_runs/join_retention_20260630_075038/queries/q9/log_dir/sirius_2026-06-30.log,23,82,49,CONCAT,CONCAT,83,PARTITIONED,PARTITIONED,0,1,1,16067985,6,783314352,0.783314352,1,16067985,6,783314352,0.783314352,1.0,1.0,1
q9,q9,/home/dy1013/sirius_multi-gpu/experiment/join_retention_runs/join_retention_20260630_075038/queries/q9/log_dir/sirius_2026-06-30.log,23,84,49,CONCAT,CONCAT,83,PARTITIONED,PARTITIONED,0,1,1,16067588,6,783295296,0.783295296,1,16067588,6,783295296,0.783295296,1.0,1.0,2
q9,q9,/home/dy1013/sirius_multi-gpu/experiment/join_retention_runs/join_retention_20260630_075038/queries/q9/log_dir/sirius_2026-06-30.log,22,88,50,PARTITION,PARTITION,82,PIPELINEABLE,PIPELINEABLE,0,1,1,16068135,6,783321936,0.783321936,1,16068135,6,783321936,0.783321936,1.0,1.0,1
q9,q9,/home/dy1013/sirius_multi-gpu/experiment/join_retention_runs/join_retention_20260630_075038/queries/q9/log_dir/sirius_2026-06-30.log,23,85,49,CONCAT,CONCAT,83,PARTITIONED,PARTITIONED,0,1,1,16067907,6,783310608,0.783310608,1,16067907,6,783310608,0.783310608,1.0,1.0,1
q9,q9,/home/dy1013/sirius_multi-gpu/experiment/join_retention_runs/join_retention_20260630_075038/queries/q9/log_dir/sirius_2026-06-30.log,23,86,49,CONCAT,CONCAT,83,PARTITIONED,PARTITIONED,0,1,1,16067348,6,783283392,0.783283392,1,16067348,6,783283392,0.783283392,1.0,1.0,1
q9,q9,/home/dy1013/sirius_multi-gpu/experiment/join_retention_runs/join_retention_20260630_075038/queries/q9/log_dir/sirius_2026-06-30.log,23,87,49,CONCAT,CONCAT,83,PARTITIONED,PARTITIONED,0,1,1,16067517,6,783291504,0.783291504,1,16067517,6,783291504,0.783291504,1.0,1.0,2
q9,q9,/home/dy1013/sirius_multi-gpu/experiment/join_retention_runs/join_retention_20260630_075038/queries/q9/log_dir/sirius_2026-06-30.log,23,89,49,CONCAT,CONCAT,83,PARTITIONED,PARTITIONED,0,1,1,16047392,6,782310528,0.782310528,1,16047392,6,782310528,0.782310528,1.0,1.0,7
q9,q9,/home/dy1013/sirius_multi-gpu/experiment/join_retention_runs/join_retention_20260630_075038/queries/q9/log_dir/sirius_2026-06-30.log,23,90,49,CONCAT,CONCAT,83,PARTITIONED,PARTITIONED,0,1,1,16067301,6,783281136,0.783281136,1,16067301,6,783281136,0.783281136,1.0,1.0,5
q9,q9,/home/dy1013/sirius_multi-gpu/experiment/join_retention_runs/join_retention_20260630_075038/queries/q9/log_dir/sirius_2026-06-30.log,23,91,49,CONCAT,CONCAT,83,PARTITIONED,PARTITIONED,0,1,1,16035303,6,781721040,0.78172104,1,16035303,6,781721040,0.78172104,1.0,1.0,2
q9,q9,/home/dy1013/sirius_multi-gpu/experiment/join_retention_runs/join_retention_20260630_075038/queries/q9/log_dir/sirius_2026-06-30.log,23,92,49,CONCAT,CONCAT,83,PARTITIONED,PARTITIONED,0,1,1,16067948,6,783312576,0.783312576,1,16067948,6,783312576,0.783312576,1.0,1.0,4
q9,q9,/home/dy1013/sirius_multi-gpu/experiment/join_retention_runs/join_retention_20260630_075038/queries/q9/log_dir/sirius_2026-06-30.log,22,94,50,PARTITION,PARTITION,82,PIPELINEABLE,PIPELINEABLE,0,1,1,16067551,6,783293136,0.783293136,1,16067551,6,783293136,0.783293136,1.0,1.0,8
q9,q9,/home/dy1013/sirius_multi-gpu/experiment/join_retention_runs/join_retention_20260630_075038/queries/q9/log_dir/sirius_2026-06-30.log,22,99,50,PARTITION,PARTITION,82,PIPELINEABLE,PIPELINEABLE,0,1,1,16068012,6,783315648,0.783315648,1,16068012,6,783315648,0.783315648,1.0,1.0,5
q9,q9,/home/dy1013/sirius_multi-gpu/experiment/join_retention_runs/join_retention_20260630_075038/queries/q9/log_dir/sirius_2026-06-30.log,23,98,49,CONCAT,CONCAT,83,PARTITIONED,PARTITIONED,0,1,1,16067766,6,783303840,0.78330384,1,16067766,6,783303840,0.78330384,1.0,1.0,1
q9,q9,/home/dy1013/sirius_multi-gpu/experiment/join_retention_runs/join_retention_20260630_075038/queries/q9/log_dir/sirius_2026-06-30.log,23,97,49,CONCAT,CONCAT,83,PARTITIONED,PARTITIONED,0,1,1,16067835,6,783307152,0.783307152,1,16067835,6,783307152,0.783307152,1.0,1.0,1
q9,q9,/home/dy1013/sirius_multi-gpu/experiment/join_retention_runs/join_retention_20260630_075038/queries/q9/log_dir/sirius_2026-06-30.log,24,93,16,HASH_JOIN,JOIN,33,PARTITIONED,PIPELINEABLE,0,1,2,17154404,7,792149376,0.792149376,1,872184,6,42519168,0.042519168,0.053676,0.050843,82853
q9,q9,/home/dy1013/sirius_multi-gpu/experiment/join_retention_runs/join_retention_20260630_075038/queries/q9/log_dir/sirius_2026-06-30.log,23,102,49,CONCAT,CONCAT,83,PARTITIONED,PARTITIONED,0,1,1,16068000,6,783315072,0.783315072,1,16068000,6,783315072,0.783315072,1.0,1.0,1
q9,q9,/home/dy1013/sirius_multi-gpu/experiment/join_retention_runs/join_retention_20260630_075038/queries/q9/log_dir/sirius_2026-06-30.log,23,103,49,CONCAT,CONCAT,83,PARTITIONED,PARTITIONED,0,1,1,16068121,6,783321264,0.783321264,1,16068121,6,783321264,0.783321264,1.0,1.0,2
q9,q9,/home/dy1013/sirius_multi-gpu/experiment/join_retention_runs/join_retention_20260630_075038/queries/q9/log_dir/sirius_2026-06-30.log,23,106,49,CONCAT,CONCAT,83,PARTITIONED,PARTITIONED,0,1,1,16067920,6,783311232,0.783311232,1,16067920,6,783311232,0.783311232,1.0,1.0,1
q9,q9,/home/dy1013/sirius_multi-gpu/experiment/join_retention_runs/join_retention_20260630_075038/queries/q9/log_dir/sirius_2026-06-30.log,23,107,49,CONCAT,CONCAT,83,PARTITIONED,PARTITIONED,0,1,1,5623572,6,274149312,0.274149312,1,5623572,6,274149312,0.274149312,1.0,1.0,2
q9,q9,/home/dy1013/sirius_multi-gpu/experiment/join_retention_runs/join_retention_20260630_075038/queries/q9/log_dir/sirius_2026-06-30.log,3,143,32,GPU_SCAN,SCAN,94,GPU_SCAN,PIPELINEABLE,3,1,0,0,0,0,0.0,1,55970884,2,685643440,0.68564344,0.0,0.0,558738
q9,q9,/home/dy1013/sirius_multi-gpu/experiment/join_retention_runs/join_retention_20260630_075038/queries/q9/log_dir/sirius_2026-06-30.log,3,145,32,GPU_SCAN,SCAN,94,GPU_SCAN,PIPELINEABLE,1,1,0,0,0,0,0.0,1,38106882,2,466809368,0.466809368,0.0,0.0,568923
q9,q9,/home/dy1013/sirius_multi-gpu/experiment/join_retention_runs/join_retention_20260630_075038/queries/q9/log_dir/sirius_2026-06-30.log,22,112,50,PARTITION,PARTITION,82,PIPELINEABLE,PIPELINEABLE,0,1,1,16067353,6,783283632,0.783283632,1,16067353,6,783283632,0.783283632,1.0,1.0,2
q9,q9,/home/dy1013/sirius_multi-gpu/experiment/join_retention_runs/join_retention_20260630_075038/queries/q9/log_dir/sirius_2026-06-30.log,23,110,49,CONCAT,CONCAT,83,PARTITIONED,PARTITIONED,0,1,1,16067828,6,783306816,0.783306816,1,16067828,6,783306816,0.783306816,1.0,1.0,1
q9,q9,/home/dy1013/sirius_multi-gpu/experiment/join_retention_runs/join_retention_20260630_075038/queries/q9/log_dir/sirius_2026-06-30.log,23,111,49,CONCAT,CONCAT,83,PARTITIONED,PARTITIONED,0,1,1,16067668,6,783299136,0.783299136,1,16067668,6,783299136,0.783299136,1.0,1.0,1
q9,q9,/home/dy1013/sirius_multi-gpu/experiment/join_retention_runs/join_retention_20260630_075038/queries/q9/log_dir/sirius_2026-06-30.log,23,113,49,CONCAT,CONCAT,83,PARTITIONED,PARTITIONED,0,1,1,16067732,6,783302208,0.783302208,1,16067732,6,783302208,0.783302208,1.0,1.0,2
q9,q9,/home/dy1013/sirius_multi-gpu/experiment/join_retention_runs/join_retention_20260630_075038/queries/q9/log_dir/sirius_2026-06-30.log,23,114,49,CONCAT,CONCAT,83,PARTITIONED,PARTITIONED,0,1,1,16068135,6,783321936,0.783321936,1,16068135,6,783321936,0.783321936,1.0,1.0,1
q9,q9,/home/dy1013/sirius_multi-gpu/experiment/join_retention_runs/join_retention_20260630_075038/queries/q9/log_dir/sirius_2026-06-30.log,23,116,49,CONCAT,CONCAT,83,PARTITIONED,PARTITIONED,0,1,1,16068012,6,783315648,0.783315648,1,16068012,6,783315648,0.783315648,1.0,1.0,2
q9,q9,/home/dy1013/sirius_multi-gpu/experiment/join_retention_runs/join_retention_20260630_075038/queries/q9/log_dir/sirius_2026-06-30.log,23,115,49,CONCAT,CONCAT,83,PARTITIONED,PARTITIONED,0,1,1,16067551,6,783293136,0.783293136,1,16067551,6,783293136,0.783293136,1.0,1.0,7
q9,q9,/home/dy1013/sirius_multi-gpu/experiment/join_retention_runs/join_retention_20260630_075038/queries/q9/log_dir/sirius_2026-06-30.log,24,117,16,HASH_JOIN,JOIN,33,PARTITIONED,PIPELINEABLE,0,1,1,16047661,6,782323824,0.782323824,1,870996,6,42461376,0.042461376,0.054276,0.054276,20054
q9,q9,/home/dy1013/sirius_multi-gpu/experiment/join_retention_runs/join_retention_20260630_075038/queries/q9/log_dir/sirius_2026-06-30.log,24,118,16,HASH_JOIN,JOIN,33,PARTITIONED,PIPELINEABLE,0,1,1,16067894,6,783309984,0.783309984,1,871747,6,42497808,0.042497808,0.054254,0.054254,23810
q9,q9,/home/dy1013/sirius_multi-gpu/experiment/join_retention_runs/join_retention_20260630_075038/queries/q9/log_dir/sirius_2026-06-30.log,24,119,16,HASH_JOIN,JOIN,33,PARTITIONED,PIPELINEABLE,0,1,1,16067832,6,783307008,0.783307008,1,871900,6,42505152,0.042505152,0.054264,0.054264,23857
q9,q9,/home/dy1013/sirius_multi-gpu/experiment/join_retention_runs/join_retention_20260630_075038/queries/q9/log_dir/sirius_2026-06-30.log,24,120,16,HASH_JOIN,JOIN,33,PARTITIONED,PIPELINEABLE,0,1,1,16068900,6,783359040,0.78335904,1,872523,6,42535824,0.042535824,0.054299,0.054299,24757
q9,q9,/home/dy1013/sirius_multi-gpu/experiment/join_retention_runs/join_retention_20260630_075038/queries/q9/log_dir/sirius_2026-06-30.log,24,122,16,HASH_JOIN,JOIN,33,PARTITIONED,PIPELINEABLE,0,1,1,16068234,6,783326688,0.783326688,1,873186,6,42568032,0.042568032,0.054343,0.054342,98092
q9,q9,/home/dy1013/sirius_multi-gpu/experiment/join_retention_runs/join_retention_20260630_075038/queries/q9/log_dir/sirius_2026-06-30.log,24,123,16,HASH_JOIN,JOIN,33,PARTITIONED,PIPELINEABLE,0,1,1,16048239,6,782351952,0.782351952,1,872128,6,42516480,0.04251648,0.054344,0.054344,73830
q9,q9,/home/dy1013/sirius_multi-gpu/experiment/join_retention_runs/join_retention_20260630_075038/queries/q9/log_dir/sirius_2026-06-30.log,24,121,16,HASH_JOIN,JOIN,33,PARTITIONED,PIPELINEABLE,0,1,1,16067250,6,783278688,0.783278688,1,872377,6,42528432,0.042528432,0.054295,0.054295,78153
q9,q9,/home/dy1013/sirius_multi-gpu/experiment/join_retention_runs/join_retention_20260630_075038/queries/q9/log_dir/sirius_2026-06-30.log,24,124,16,HASH_JOIN,JOIN,33,PARTITIONED,PIPELINEABLE,0,1,1,16067826,6,783306720,0.78330672,1,874291,6,42621840,0.04262184,0.054413,0.054413,47138
q9,q9,/home/dy1013/sirius_multi-gpu/experiment/join_retention_runs/join_retention_20260630_075038/queries/q9/log_dir/sirius_2026-06-30.log,24,125,16,HASH_JOIN,JOIN,33,PARTITIONED,PIPELINEABLE,0,1,1,16047628,6,782322240,0.78232224,1,872447,6,42531792,0.042531792,0.054366,0.054366,38074
q9,q9,/home/dy1013/sirius_multi-gpu/experiment/join_retention_runs/join_retention_20260630_075038/queries/q9/log_dir/sirius_2026-06-30.log,24,126,16,HASH_JOIN,JOIN,33,PARTITIONED,PIPELINEABLE,0,1,1,16067459,6,783288720,0.78328872,1,872618,6,42540384,0.042540384,0.05431,0.05431,102740
q9,q9,/home/dy1013/sirius_multi-gpu/experiment/join_retention_runs/join_retention_20260630_075038/queries/q9/log_dir/sirius_2026-06-30.log,24,129,16,HASH_JOIN,JOIN,33,PARTITIONED,PIPELINEABLE,0,1,1,16068083,6,783319056,0.783319056,1,872785,6,42548400,0.0425484,0.054318,0.054318,40305
q9,q9,/home/dy1013/sirius_multi-gpu/experiment/join_retention_runs/join_retention_20260630_075038/queries/q9/log_dir/sirius_2026-06-30.log,24,128,16,HASH_JOIN,JOIN,33,PARTITIONED,PIPELINEABLE,0,1,1,16068126,6,783321504,0.783321504,1,872828,6,42550464,0.042550464,0.054321,0.05432,74958
q9,q9,/home/dy1013/sirius_multi-gpu/experiment/join_retention_runs/join_retention_20260630_075038/queries/q9/log_dir/sirius_2026-06-30.log,24,127,16,HASH_JOIN,JOIN,33,PARTITIONED,PIPELINEABLE,0,1,1,16068497,6,783339312,0.783339312,1,871253,6,42473712,0.042473712,0.054221,0.054221,75661
q9,q9,/home/dy1013/sirius_multi-gpu/experiment/join_retention_runs/join_retention_20260630_075038/queries/q9/log_dir/sirius_2026-06-30.log,24,130,16,HASH_JOIN,JOIN,33,PARTITIONED,PIPELINEABLE,0,1,1,16104689,6,785103792,0.785103792,1,873149,6,42566256,0.042566256,0.054217,0.054217,69520
q9,q9,/home/dy1013/sirius_multi-gpu/experiment/join_retention_runs/join_retention_20260630_075038/queries/q9/log_dir/sirius_2026-06-30.log,24,132,16,HASH_JOIN,JOIN,33,PARTITIONED,PIPELINEABLE,0,1,1,16067985,6,783314352,0.783314352,1,873404,6,42578496,0.042578496,0.054357,0.054357,69520
q9,q9,/home/dy1013/sirius_multi-gpu/experiment/join_retention_runs/join_retention_20260630_075038/queries/q9/log_dir/sirius_2026-06-30.log,24,131,16,HASH_JOIN,JOIN,33,PARTITIONED,PIPELINEABLE,0,1,1,16047630,6,782322336,0.782322336,1,871975,6,42509136,0.042509136,0.054337,0.054337,75418
q9,q9,/home/dy1013/sirius_multi-gpu/experiment/join_retention_runs/join_retention_20260630_075038/queries/q9/log_dir/sirius_2026-06-30.log,24,134,16,HASH_JOIN,JOIN,33,PARTITIONED,PIPELINEABLE,0,1,1,16067907,6,783310608,0.783310608,1,874361,6,42625200,0.0426252,0.054417,0.054417,43073
q9,q9,/home/dy1013/sirius_multi-gpu/experiment/join_retention_runs/join_retention_20260630_075038/queries/q9/log_dir/sirius_2026-06-30.log,24,133,16,HASH_JOIN,JOIN,33,PARTITIONED,PIPELINEABLE,0,1,1,16067588,6,783295296,0.783295296,1,871694,6,42495264,0.042495264,0.054252,0.054252,105137
q9,q9,/home/dy1013/sirius_multi-gpu/experiment/join_retention_runs/join_retention_20260630_075038/queries/q9/log_dir/sirius_2026-06-30.log,24,135,16,HASH_JOIN,JOIN,33,PARTITIONED,PIPELINEABLE,0,1,1,16067348,6,783283392,0.783283392,1,871635,6,42492432,0.042492432,0.054249,0.054249,38393
q9,q9,/home/dy1013/sirius_multi-gpu/experiment/join_retention_runs/join_retention_20260630_075038/queries/q9/log_dir/sirius_2026-06-30.log,24,136,16,HASH_JOIN,JOIN,33,PARTITIONED,PIPELINEABLE,0,1,1,16067517,6,783291504,0.783291504,1,872847,6,42551376,0.042551376,0.054324,0.054324,19715
q9,q9,/home/dy1013/sirius_multi-gpu/experiment/join_retention_runs/join_retention_20260630_075038/queries/q9/log_dir/sirius_2026-06-30.log,24,137,16,HASH_JOIN,JOIN,33,PARTITIONED,PIPELINEABLE,0,1,1,16047392,6,782310528,0.782310528,1,872452,6,42532416,0.042532416,0.054368,0.054367,23531
q9,q9,/home/dy1013/sirius_multi-gpu/experiment/join_retention_runs/join_retention_20260630_075038/queries/q9/log_dir/sirius_2026-06-30.log,24,138,16,HASH_JOIN,JOIN,33,PARTITIONED,PIPELINEABLE,0,1,1,16067301,6,783281136,0.783281136,1,872715,6,42545040,0.04254504,0.054316,0.054316,23277
q9,q9,/home/dy1013/sirius_multi-gpu/experiment/join_retention_runs/join_retention_20260630_075038/queries/q9/log_dir/sirius_2026-06-30.log,24,139,16,HASH_JOIN,JOIN,33,PARTITIONED,PIPELINEABLE,0,1,1,16035303,6,781721040,0.78172104,1,871153,6,42468912,0.042468912,0.054327,0.054327,23566
q9,q9,/home/dy1013/sirius_multi-gpu/experiment/join_retention_runs/join_retention_20260630_075038/queries/q9/log_dir/sirius_2026-06-30.log,24,140,16,HASH_JOIN,JOIN,33,PARTITIONED,PIPELINEABLE,0,1,1,16067948,6,783312576,0.783312576,1,871952,6,42508032,0.042508032,0.054267,0.054267,44982
q9,q9,/home/dy1013/sirius_multi-gpu/experiment/join_retention_runs/join_retention_20260630_075038/queries/q9/log_dir/sirius_2026-06-30.log,24,141,16,HASH_JOIN,JOIN,33,PARTITIONED,PIPELINEABLE,0,1,1,16067766,6,783303840,0.78330384,1,872786,6,42548448,0.042548448,0.054319,0.054319,43208
q9,q9,/home/dy1013/sirius_multi-gpu/experiment/join_retention_runs/join_retention_20260630_075038/queries/q9/log_dir/sirius_2026-06-30.log,24,147,16,HASH_JOIN,JOIN,33,PARTITIONED,PIPELINEABLE,0,1,1,16068121,6,783321264,0.783321264,1,872688,6,42543744,0.042543744,0.054312,0.054312,51752
q9,q9,/home/dy1013/sirius_multi-gpu/experiment/join_retention_runs/join_retention_20260630_075038/queries/q9/log_dir/sirius_2026-06-30.log,24,149,16,HASH_JOIN,JOIN,33,PARTITIONED,PIPELINEABLE,0,1,1,5623572,6,274149312,0.274149312,1,304992,6,14868480,0.01486848,0.054235,0.054235,36836
q9,q9,/home/dy1013/sirius_multi-gpu/experiment/join_retention_runs/join_retention_20260630_075038/queries/q9/log_dir/sirius_2026-06-30.log,24,148,16,HASH_JOIN,JOIN,33,PARTITIONED,PIPELINEABLE,0,1,1,16067920,6,783311232,0.783311232,1,871079,6,42465360,0.04246536,0.054213,0.054212,40549
q9,q9,/home/dy1013/sirius_multi-gpu/experiment/join_retention_runs/join_retention_20260630_075038/queries/q9/log_dir/sirius_2026-06-30.log,24,152,16,HASH_JOIN,JOIN,33,PARTITIONED,PIPELINEABLE,0,1,1,16067668,6,783299136,0.783299136,1,871165,6,42469488,0.042469488,0.054219,0.054219,42084
q9,q9,/home/dy1013/sirius_multi-gpu/experiment/join_retention_runs/join_retention_20260630_075038/queries/q9/log_dir/sirius_2026-06-30.log,24,142,16,HASH_JOIN,JOIN,33,PARTITIONED,PIPELINEABLE,0,1,1,16067835,6,783307152,0.783307152,1,873666,6,42591456,0.042591456,0.054374,0.054374,49171
q9,q9,/home/dy1013/sirius_multi-gpu/experiment/join_retention_runs/join_retention_20260630_075038/queries/q9/log_dir/sirius_2026-06-30.log,24,151,16,HASH_JOIN,JOIN,33,PARTITIONED,PIPELINEABLE,0,1,1,16067828,6,783306816,0.783306816,1,872817,6,42549936,0.042549936,0.054321,0.054321,49511
q9,q9,/home/dy1013/sirius_multi-gpu/experiment/join_retention_runs/join_retention_20260630_075038/queries/q9/log_dir/sirius_2026-06-30.log,24,146,16,HASH_JOIN,JOIN,33,PARTITIONED,PIPELINEABLE,0,1,1,16068000,6,783315072,0.783315072,1,872459,6,42532752,0.042532752,0.054298,0.054298,14860
q9,q9,/home/dy1013/sirius_multi-gpu/experiment/join_retention_runs/join_retention_20260630_075038/queries/q9/log_dir/sirius_2026-06-30.log,23,150,49,CONCAT,CONCAT,83,PARTITIONED,PARTITIONED,0,1,1,16067353,6,783283632,0.783283632,1,16067353,6,783283632,0.783283632,1.0,1.0,1
q9,q9,/home/dy1013/sirius_multi-gpu/experiment/join_retention_runs/join_retention_20260630_075038/queries/q9/log_dir/sirius_2026-06-30.log,24,153,16,HASH_JOIN,JOIN,33,PARTITIONED,PIPELINEABLE,0,1,1,16067732,6,783302208,0.783302208,1,872656,6,42542208,0.042542208,0.054311,0.054311,41639
q9,q9,/home/dy1013/sirius_multi-gpu/experiment/join_retention_runs/join_retention_20260630_075038/queries/q9/log_dir/sirius_2026-06-30.log,24,154,16,HASH_JOIN,JOIN,33,PARTITIONED,PIPELINEABLE,0,1,1,16068135,6,783321936,0.783321936,1,872931,6,42555408,0.042555408,0.054327,0.054327,54656
q9,q9,/home/dy1013/sirius_multi-gpu/experiment/join_retention_runs/join_retention_20260630_075038/queries/q9/log_dir/sirius_2026-06-30.log,24,155,16,HASH_JOIN,JOIN,33,PARTITIONED,PIPELINEABLE,0,1,1,16068012,6,783315648,0.783315648,1,873220,6,42569664,0.042569664,0.054345,0.054345,18199
q9,q9,/home/dy1013/sirius_multi-gpu/experiment/join_retention_runs/join_retention_20260630_075038/queries/q9/log_dir/sirius_2026-06-30.log,24,156,16,HASH_JOIN,JOIN,33,PARTITIONED,PIPELINEABLE,0,1,1,16067551,6,783293136,0.783293136,1,873183,6,42567888,0.042567888,0.054345,0.054344,16325
q9,q9,/home/dy1013/sirius_multi-gpu/experiment/join_retention_runs/join_retention_20260630_075038/queries/q9/log_dir/sirius_2026-06-30.log,24,157,16,HASH_JOIN,JOIN,33,PARTITIONED,PIPELINEABLE,0,1,1,16067353,6,783283632,0.783283632,1,872946,6,42556128,0.042556128,0.05433,0.05433,6776
q9,q9,/home/dy1013/sirius_multi-gpu/experiment/join_retention_runs/join_retention_20260630_075038/queries/q9/log_dir/sirius_2026-06-30.log,3,144,32,GPU_SCAN,SCAN,94,GPU_SCAN,PIPELINEABLE,0,1,0,0,0,0,0.0,1,55922234,2,685047480,0.68504748,0.0,0.0,337934
q9,q9,/home/dy1013/sirius_multi-gpu/experiment/join_retention_runs/join_retention_20260630_075038/queries/q9/log_dir/sirius_2026-06-30.log,4,159,34,PARTITION,PARTITION,82,PIPELINEABLE,PIPELINEABLE,1,1,1,38106882,2,466809368,0.466809368,4,38106882,8,457282584,0.457282584,0.979592,1.0,16970
q9,q9,/home/dy1013/sirius_multi-gpu/experiment/join_retention_runs/join_retention_20260630_075038/queries/q9/log_dir/sirius_2026-06-30.log,4,160,34,PARTITION,PARTITION,82,PIPELINEABLE,PIPELINEABLE,0,1,1,55922234,2,685047480,0.68504748,4,55922234,8,671066808,0.671066808,0.979592,1.0,22710
q9,q9,/home/dy1013/sirius_multi-gpu/experiment/join_retention_runs/join_retention_20260630_075038/queries/q9/log_dir/sirius_2026-06-30.log,4,158,34,PARTITION,PARTITION,82,PIPELINEABLE,PIPELINEABLE,3,1,1,55970884,2,685643440,0.68564344,4,55970884,8,671650608,0.671650608,0.979592,1.0,22993
q9,q9,/home/dy1013/sirius_multi-gpu/experiment/join_retention_runs/join_retention_20260630_075038/queries/q9/log_dir/sirius_2026-06-30.log,5,162,33,CONCAT,CONCAT,83,PARTITIONED,PARTITIONED,1,1,3,37495725,6,449948700,0.4499487,1,37495725,2,449948700,0.4499487,1.0,1.0,11235
q9,q9,/home/dy1013/sirius_multi-gpu/experiment/join_retention_runs/join_retention_20260630_075038/queries/q9/log_dir/sirius_2026-06-30.log,5,161,33,CONCAT,CONCAT,83,PARTITIONED,PARTITIONED,0,1,3,37498453,6,449981436,0.449981436,1,37498453,2,449981436,0.449981436,1.0,1.0,9942
q9,q9,/home/dy1013/sirius_multi-gpu/experiment/join_retention_runs/join_retention_20260630_075038/queries/q9/log_dir/sirius_2026-06-30.log,5,163,33,CONCAT,CONCAT,83,PARTITIONED,PARTITIONED,2,1,3,37493234,6,449918808,0.449918808,1,37493234,2,449918808,0.449918808,1.0,1.0,11194
q9,q9,/home/dy1013/sirius_multi-gpu/experiment/join_retention_runs/join_retention_20260630_075038/queries/q9/log_dir/sirius_2026-06-30.log,5,164,33,CONCAT,CONCAT,83,PARTITIONED,PARTITIONED,3,1,3,37512588,6,450151056,0.450151056,1,37512588,2,450151056,0.450151056,1.0,1.0,11190
q9,q9,/home/dy1013/sirius_multi-gpu/experiment/join_retention_runs/join_retention_20260630_075038/queries/q9/log_dir/sirius_2026-06-30.log,25,168,52,PARTITION,PARTITION,82,PIPELINEABLE,PIPELINEABLE,0,1,1,871900,6,42505152,0.042505152,4,871900,24,41851200,0.0418512,0.984615,1.0,7899
q9,q9,/home/dy1013/sirius_multi-gpu/experiment/join_retention_runs/join_retention_20260630_075038/queries/q9/log_dir/sirius_2026-06-30.log,25,167,52,PARTITION,PARTITION,82,PIPELINEABLE,PIPELINEABLE,0,1,1,871747,6,42497808,0.042497808,4,871747,24,41843856,0.041843856,0.984612,1.0,8281
q9,q9,/home/dy1013/sirius_multi-gpu/experiment/join_retention_runs/join_retention_20260630_075038/queries/q9/log_dir/sirius_2026-06-30.log,25,166,52,PARTITION,PARTITION,82,PIPELINEABLE,PIPELINEABLE,0,1,1,870996,6,42461376,0.042461376,4,870996,24,41807808,0.041807808,0.984608,1.0,8673
q9,q9,/home/dy1013/sirius_multi-gpu/experiment/join_retention_runs/join_retention_20260630_075038/queries/q9/log_dir/sirius_2026-06-30.log,25,165,52,PARTITION,PARTITION,82,PIPELINEABLE,PIPELINEABLE,0,1,1,872184,6,42519168,0.042519168,4,872184,24,41864832,0.041864832,0.984611,1.0,5243
q9,q9,/home/dy1013/sirius_multi-gpu/experiment/join_retention_runs/join_retention_20260630_075038/queries/q9/log_dir/sirius_2026-06-30.log,25,169,52,PARTITION,PARTITION,82,PIPELINEABLE,PIPELINEABLE,0,1,1,872523,6,42535824,0.042535824,4,872523,24,41881104,0.041881104,0.984608,1.0,4801
q9,q9,/home/dy1013/sirius_multi-gpu/experiment/join_retention_runs/join_retention_20260630_075038/queries/q9/log_dir/sirius_2026-06-30.log,25,170,52,PARTITION,PARTITION,82,PIPELINEABLE,PIPELINEABLE,0,1,1,873186,6,42568032,0.042568032,4,873186,24,41912928,0.041912928,0.98461,1.0,4736
q9,q9,/home/dy1013/sirius_multi-gpu/experiment/join_retention_runs/join_retention_20260630_075038/queries/q9/log_dir/sirius_2026-06-30.log,25,172,52,PARTITION,PARTITION,82,PIPELINEABLE,PIPELINEABLE,0,1,1,872377,6,42528432,0.042528432,4,872377,24,41874096,0.041874096,0.984614,1.0,4579
q9,q9,/home/dy1013/sirius_multi-gpu/experiment/join_retention_runs/join_retention_20260630_075038/queries/q9/log_dir/sirius_2026-06-30.log,25,171,52,PARTITION,PARTITION,82,PIPELINEABLE,PIPELINEABLE,0,1,1,872128,6,42516480,0.04251648,4,872128,24,41862144,0.041862144,0.98461,1.0,4909
q9,q9,/home/dy1013/sirius_multi-gpu/experiment/join_retention_runs/join_retention_20260630_075038/queries/q9/log_dir/sirius_2026-06-30.log,25,173,52,PARTITION,PARTITION,82,PIPELINEABLE,PIPELINEABLE,0,1,1,874291,6,42621840,0.04262184,4,874291,24,41965968,0.041965968,0.984612,1.0,5054
q9,q9,/home/dy1013/sirius_multi-gpu/experiment/join_retention_runs/join_retention_20260630_075038/queries/q9/log_dir/sirius_2026-06-30.log,25,174,52,PARTITION,PARTITION,82,PIPELINEABLE,PIPELINEABLE,0,1,1,872447,6,42531792,0.042531792,4,872447,24,41877456,0.041877456,0.984615,1.0,5099
q9,q9,/home/dy1013/sirius_multi-gpu/experiment/join_retention_runs/join_retention_20260630_075038/queries/q9/log_dir/sirius_2026-06-30.log,25,176,52,PARTITION,PARTITION,82,PIPELINEABLE,PIPELINEABLE,0,1,1,872785,6,42548400,0.0425484,4,872785,24,41893680,0.04189368,0.984612,1.0,5149
q9,q9,/home/dy1013/sirius_multi-gpu/experiment/join_retention_runs/join_retention_20260630_075038/queries/q9/log_dir/sirius_2026-06-30.log,25,175,52,PARTITION,PARTITION,82,PIPELINEABLE,PIPELINEABLE,0,1,1,872618,6,42540384,0.042540384,4,872618,24,41885664,0.041885664,0.984609,1.0,5222
q9,q9,/home/dy1013/sirius_multi-gpu/experiment/join_retention_runs/join_retention_20260630_075038/queries/q9/log_dir/sirius_2026-06-30.log,25,177,52,PARTITION,PARTITION,82,PIPELINEABLE,PIPELINEABLE,0,1,1,872828,6,42550464,0.042550464,4,872828,24,41895744,0.041895744,0.984613,1.0,4887
q9,q9,/home/dy1013/sirius_multi-gpu/experiment/join_retention_runs/join_retention_20260630_075038/queries/q9/log_dir/sirius_2026-06-30.log,25,179,52,PARTITION,PARTITION,82,PIPELINEABLE,PIPELINEABLE,0,1,1,873149,6,42566256,0.042566256,4,873149,24,41911152,0.041911152,0.98461,1.0,5001
q9,q9,/home/dy1013/sirius_multi-gpu/experiment/join_retention_runs/join_retention_20260630_075038/queries/q9/log_dir/sirius_2026-06-30.log,25,178,52,PARTITION,PARTITION,82,PIPELINEABLE,PIPELINEABLE,0,1,1,871253,6,42473712,0.042473712,4,871253,24,41820144,0.041820144,0.984612,1.0,5135
q9,q9,/home/dy1013/sirius_multi-gpu/experiment/join_retention_runs/join_retention_20260630_075038/queries/q9/log_dir/sirius_2026-06-30.log,25,180,52,PARTITION,PARTITION,82,PIPELINEABLE,PIPELINEABLE,0,1,1,873404,6,42578496,0.042578496,4,873404,24,41923392,0.041923392,0.984614,1.0,5082
q9,q9,/home/dy1013/sirius_multi-gpu/experiment/join_retention_runs/join_retention_20260630_075038/queries/q9/log_dir/sirius_2026-06-30.log,25,181,52,PARTITION,PARTITION,82,PIPELINEABLE,PIPELINEABLE,0,1,1,871975,6,42509136,0.042509136,4,871975,24,41854800,0.0418548,0.984607,1.0,4475
q9,q9,/home/dy1013/sirius_multi-gpu/experiment/join_retention_runs/join_retention_20260630_075038/queries/q9/log_dir/sirius_2026-06-30.log,25,182,52,PARTITION,PARTITION,82,PIPELINEABLE,PIPELINEABLE,0,1,1,874361,6,42625200,0.0426252,4,874361,24,41969328,0.041969328,0.984613,1.0,4851
q9,q9,/home/dy1013/sirius_multi-gpu/experiment/join_retention_runs/join_retention_20260630_075038/queries/q9/log_dir/sirius_2026-06-30.log,25,184,52,PARTITION,PARTITION,82,PIPELINEABLE,PIPELINEABLE,0,1,1,871635,6,42492432,0.042492432,4,871635,24,41838480,0.04183848,0.98461,1.0,4817
q9,q9,/home/dy1013/sirius_multi-gpu/experiment/join_retention_runs/join_retention_20260630_075038/queries/q9/log_dir/sirius_2026-06-30.log,25,183,52,PARTITION,PARTITION,82,PIPELINEABLE,PIPELINEABLE,0,1,1,871694,6,42495264,0.042495264,4,871694,24,41841312,0.041841312,0.984611,1.0,4983
q9,q9,/home/dy1013/sirius_multi-gpu/experiment/join_retention_runs/join_retention_20260630_075038/queries/q9/log_dir/sirius_2026-06-30.log,25,185,52,PARTITION,PARTITION,82,PIPELINEABLE,PIPELINEABLE,0,1,1,872847,6,42551376,0.042551376,4,872847,24,41896656,0.041896656,0.984613,1.0,3667
q9,q9,/home/dy1013/sirius_multi-gpu/experiment/join_retention_runs/join_retention_20260630_075038/queries/q9/log_dir/sirius_2026-06-30.log,25,187,52,PARTITION,PARTITION,82,PIPELINEABLE,PIPELINEABLE,0,1,1,872715,6,42545040,0.04254504,4,872715,24,41890320,0.04189032,0.984611,1.0,4807
q9,q9,/home/dy1013/sirius_multi-gpu/experiment/join_retention_runs/join_retention_20260630_075038/queries/q9/log_dir/sirius_2026-06-30.log,25,186,52,PARTITION,PARTITION,82,PIPELINEABLE,PIPELINEABLE,0,1,1,872452,6,42532416,0.042532416,4,872452,24,41877696,0.041877696,0.984607,1.0,4853
q9,q9,/home/dy1013/sirius_multi-gpu/experiment/join_retention_runs/join_retention_20260630_075038/queries/q9/log_dir/sirius_2026-06-30.log,25,188,52,PARTITION,PARTITION,82,PIPELINEABLE,PIPELINEABLE,0,1,1,871153,6,42468912,0.042468912,4,871153,24,41815344,0.041815344,0.984611,1.0,4802
q9,q9,/home/dy1013/sirius_multi-gpu/experiment/join_retention_runs/join_retention_20260630_075038/queries/q9/log_dir/sirius_2026-06-30.log,25,189,52,PARTITION,PARTITION,82,PIPELINEABLE,PIPELINEABLE,0,1,1,871952,6,42508032,0.042508032,4,871952,24,41853696,0.041853696,0.984607,1.0,2530
q9,q9,/home/dy1013/sirius_multi-gpu/experiment/join_retention_runs/join_retention_20260630_075038/queries/q9/log_dir/sirius_2026-06-30.log,25,192,52,PARTITION,PARTITION,82,PIPELINEABLE,PIPELINEABLE,0,1,1,304992,6,14868480,0.01486848,4,304992,24,14639616,0.014639616,0.984607,1.0,4256
q9,q9,/home/dy1013/sirius_multi-gpu/experiment/join_retention_runs/join_retention_20260630_075038/queries/q9/log_dir/sirius_2026-06-30.log,25,190,52,PARTITION,PARTITION,82,PIPELINEABLE,PIPELINEABLE,0,1,1,872786,6,42548448,0.042548448,4,872786,24,41893728,0.041893728,0.984612,1.0,4510
q9,q9,/home/dy1013/sirius_multi-gpu/experiment/join_retention_runs/join_retention_20260630_075038/queries/q9/log_dir/sirius_2026-06-30.log,25,191,52,PARTITION,PARTITION,82,PIPELINEABLE,PIPELINEABLE,0,1,1,872688,6,42543744,0.042543744,4,872688,24,41889024,0.041889024,0.984611,1.0,4534
q9,q9,/home/dy1013/sirius_multi-gpu/experiment/join_retention_runs/join_retention_20260630_075038/queries/q9/log_dir/sirius_2026-06-30.log,25,193,52,PARTITION,PARTITION,82,PIPELINEABLE,PIPELINEABLE,0,1,1,871079,6,42465360,0.04246536,4,871079,24,41811792,0.041811792,0.984609,1.0,4020
q9,q9,/home/dy1013/sirius_multi-gpu/experiment/join_retention_runs/join_retention_20260630_075038/queries/q9/log_dir/sirius_2026-06-30.log,25,194,52,PARTITION,PARTITION,82,PIPELINEABLE,PIPELINEABLE,0,1,1,871165,6,42469488,0.042469488,4,871165,24,41815920,0.04181592,0.984611,1.0,4873
q9,q9,/home/dy1013/sirius_multi-gpu/experiment/join_retention_runs/join_retention_20260630_075038/queries/q9/log_dir/sirius_2026-06-30.log,25,195,52,PARTITION,PARTITION,82,PIPELINEABLE,PIPELINEABLE,0,1,1,873666,6,42591456,0.042591456,4,873666,24,41935968,0.041935968,0.98461,1.0,4811
q9,q9,/home/dy1013/sirius_multi-gpu/experiment/join_retention_runs/join_retention_20260630_075038/queries/q9/log_dir/sirius_2026-06-30.log,25,196,52,PARTITION,PARTITION,82,PIPELINEABLE,PIPELINEABLE,0,1,1,872817,6,42549936,0.042549936,4,872817,24,41895216,0.041895216,0.984613,1.0,4801
q9,q9,/home/dy1013/sirius_multi-gpu/experiment/join_retention_runs/join_retention_20260630_075038/queries/q9/log_dir/sirius_2026-06-30.log,25,197,52,PARTITION,PARTITION,82,PIPELINEABLE,PIPELINEABLE,0,1,1,872459,6,42532752,0.042532752,4,872459,24,41878032,0.041878032,0.984607,1.0,4899
q9,q9,/home/dy1013/sirius_multi-gpu/experiment/join_retention_runs/join_retention_20260630_075038/queries/q9/log_dir/sirius_2026-06-30.log,25,201,52,PARTITION,PARTITION,82,PIPELINEABLE,PIPELINEABLE,0,1,1,873183,6,42567888,0.042567888,4,873183,24,41912784,0.041912784,0.98461,1.0,4849
q9,q9,/home/dy1013/sirius_multi-gpu/experiment/join_retention_runs/join_retention_20260630_075038/queries/q9/log_dir/sirius_2026-06-30.log,25,198,52,PARTITION,PARTITION,82,PIPELINEABLE,PIPELINEABLE,0,1,1,872656,6,42542208,0.042542208,4,872656,24,41887488,0.041887488,0.98461,1.0,5170
q9,q9,/home/dy1013/sirius_multi-gpu/experiment/join_retention_runs/join_retention_20260630_075038/queries/q9/log_dir/sirius_2026-06-30.log,25,200,52,PARTITION,PARTITION,82,PIPELINEABLE,PIPELINEABLE,0,1,1,873220,6,42569664,0.042569664,4,873220,24,41914560,0.04191456,0.984611,1.0,4998
q9,q9,/home/dy1013/sirius_multi-gpu/experiment/join_retention_runs/join_retention_20260630_075038/queries/q9/log_dir/sirius_2026-06-30.log,25,199,52,PARTITION,PARTITION,82,PIPELINEABLE,PIPELINEABLE,0,1,1,872931,6,42555408,0.042555408,4,872931,24,41900688,0.041900688,0.984615,1.0,5095
q9,q9,/home/dy1013/sirius_multi-gpu/experiment/join_retention_runs/join_retention_20260630_075038/queries/q9/log_dir/sirius_2026-06-30.log,25,202,52,PARTITION,PARTITION,82,PIPELINEABLE,PIPELINEABLE,0,1,1,872946,6,42556128,0.042556128,4,872946,24,41901408,0.041901408,0.984615,1.0,1490
q9,q9,/home/dy1013/sirius_multi-gpu/experiment/join_retention_runs/join_retention_20260630_075038/queries/q9/log_dir/sirius_2026-06-30.log,26,203,51,CONCAT,CONCAT,83,PARTITIONED,PARTITIONED,0,1,38,8144686,228,390944928,0.390944928,1,8144686,6,390944928,0.390944928,1.0,1.0,14512
q9,q9,/home/dy1013/sirius_multi-gpu/experiment/join_retention_runs/join_retention_20260630_075038/queries/q9/log_dir/sirius_2026-06-30.log,26,205,51,CONCAT,CONCAT,83,PARTITIONED,PARTITIONED,2,1,38,8143190,228,390873120,0.39087312,1,8143190,6,390873120,0.39087312,1.0,1.0,4466
q9,q9,/home/dy1013/sirius_multi-gpu/experiment/join_retention_runs/join_retention_20260630_075038/queries/q9/log_dir/sirius_2026-06-30.log,26,204,51,CONCAT,CONCAT,83,PARTITIONED,PARTITIONED,1,1,38,8147981,228,391103088,0.391103088,1,8147981,6,391103088,0.391103088,1.0,1.0,4257
q9,q9,/home/dy1013/sirius_multi-gpu/experiment/join_retention_runs/join_retention_20260630_075038/queries/q9/log_dir/sirius_2026-06-30.log,26,206,51,CONCAT,CONCAT,83,PARTITIONED,PARTITIONED,3,1,38,8151331,228,391263888,0.391263888,1,8151331,6,391263888,0.391263888,1.0,1.0,2516
q9,q9,/home/dy1013/sirius_multi-gpu/experiment/join_retention_runs/join_retention_20260630_075038/queries/q9/log_dir/sirius_2026-06-30.log,27,208,18,HASH_JOIN,JOIN,33,PARTITIONED,PIPELINEABLE,1,1,2,45643706,8,841051788,0.841051788,1,8147981,6,358511164,0.358511164,0.426265,0.178513,28455
q9,q9,/home/dy1013/sirius_multi-gpu/experiment/join_retention_runs/join_retention_20260630_075038/queries/q9/log_dir/sirius_2026-06-30.log,27,207,18,HASH_JOIN,JOIN,33,PARTITIONED,PIPELINEABLE,0,1,2,45643139,8,840926364,0.840926364,1,8144686,6,358366184,0.358366184,0.426156,0.178443,28982
q9,q9,/home/dy1013/sirius_multi-gpu/experiment/join_retention_runs/join_retention_20260630_075038/queries/q9/log_dir/sirius_2026-06-30.log,27,210,18,HASH_JOIN,JOIN,33,PARTITIONED,PIPELINEABLE,3,1,2,45663919,8,841414944,0.841414944,1,8151331,6,358658564,0.358658564,0.426256,0.178507,32527
q9,q9,/home/dy1013/sirius_multi-gpu/experiment/join_retention_runs/join_retention_20260630_075038/queries/q9/log_dir/sirius_2026-06-30.log,27,209,18,HASH_JOIN,JOIN,33,PARTITIONED,PIPELINEABLE,2,1,2,45636424,8,840791928,0.840791928,1,8143190,6,358300360,0.35830036,0.426146,0.178436,34806
q9,q9,/home/dy1013/sirius_multi-gpu/experiment/join_retention_runs/join_retention_20260630_075038/queries/q9/log_dir/sirius_2026-06-30.log,6,211,35,GPU_SCAN,SCAN,94,GPU_SCAN,PIPELINEABLE,0,1,0,0,0,0,0.0,1,25,2,509,5.09e-07,0.0,0.0,6940
q9,q9,/home/dy1013/sirius_multi-gpu/experiment/join_retention_runs/join_retention_20260630_075038/queries/q9/log_dir/sirius_2026-06-30.log,7,212,37,PARTITION,PARTITION,82,PIPELINEABLE,PIPELINEABLE,0,1,1,25,2,509,5.09e-07,1,25,2,509,5.09e-07,1.0,1.0,3
q9,q9,/home/dy1013/sirius_multi-gpu/experiment/join_retention_runs/join_retention_20260630_075038/queries/q9/log_dir/sirius_2026-06-30.log,8,213,36,CONCAT,CONCAT,83,PARTITIONED,PARTITIONED,0,1,1,25,2,509,5.09e-07,1,25,2,509,5.09e-07,1.0,1.0,3
q9,q9,/home/dy1013/sirius_multi-gpu/experiment/join_retention_runs/join_retention_20260630_075038/queries/q9/log_dir/sirius_2026-06-30.log,9,214,38,GPU_SCAN,SCAN,94,GPU_SCAN,PIPELINEABLE,1,1,0,0,0,0,0.0,1,1000000,2,12250112,0.012250112,0.0,0.0,14486
q9,q9,/home/dy1013/sirius_multi-gpu/experiment/join_retention_runs/join_retention_20260630_075038/queries/q9/log_dir/sirius_2026-06-30.log,10,215,40,PARTITION,PARTITION,82,PIPELINEABLE,PIPELINEABLE,1,1,1,1000000,2,12250112,0.012250112,1,1000000,2,12250112,0.012250112,1.0,1.0,1
q9,q9,/home/dy1013/sirius_multi-gpu/experiment/join_retention_runs/join_retention_20260630_075038/queries/q9/log_dir/sirius_2026-06-30.log,11,216,39,CONCAT,CONCAT,83,PARTITIONED,PARTITIONED,0,1,1,1000000,2,12250112,0.012250112,1,1000000,2,12250112,0.012250112,1.0,1.0,1
q9,q9,/home/dy1013/sirius_multi-gpu/experiment/join_retention_runs/join_retention_20260630_075038/queries/q9/log_dir/sirius_2026-06-30.log,12,217,22,HASH_JOIN,JOIN,33,PARTITIONED,PIPELINEABLE,2,1,2,1000025,4,12250621,0.012250621,1,1000000,2,19332701,0.019332701,1.5781,0.999975,1793
q9,q9,/home/dy1013/sirius_multi-gpu/experiment/join_retention_runs/join_retention_20260630_075038/queries/q9/log_dir/sirius_2026-06-30.log,13,218,42,PARTITION,PARTITION,82,PIPELINEABLE,PIPELINEABLE,2,1,1,1000000,2,19332701,0.019332701,1,1000000,2,19332701,0.019332701,1.0,1.0,5
q9,q9,/home/dy1013/sirius_multi-gpu/experiment/join_retention_runs/join_retention_20260630_075038/queries/q9/log_dir/sirius_2026-06-30.log,14,219,41,CONCAT,CONCAT,83,PARTITIONED,PARTITIONED,0,1,1,1000000,2,19332701,0.019332701,1,1000000,2,19332701,0.019332701,1.0,1.0,1
q9,q9,/home/dy1013/sirius_multi-gpu/experiment/join_retention_runs/join_retention_20260630_075038/queries/q9/log_dir/sirius_2026-06-30.log,15,223,43,GPU_SCAN,SCAN,94,GPU_SCAN,PIPELINEABLE,2,1,0,0,0,0,0.0,1,13053623,3,318182184,0.318182184,0.0,0.0,317801
q9,q9,/home/dy1013/sirius_multi-gpu/experiment/join_retention_runs/join_retention_20260630_075038/queries/q9/log_dir/sirius_2026-06-30.log,16,224,45,PARTITION,PARTITION,82,PIPELINEABLE,PIPELINEABLE,2,1,1,13053623,3,318182184,0.318182184,1,13053623,3,318182184,0.318182184,1.0,1.0,8
q9,q9,/home/dy1013/sirius_multi-gpu/experiment/join_retention_runs/join_retention_20260630_075038/queries/q9/log_dir/sirius_2026-06-30.log,15,221,43,GPU_SCAN,SCAN,94,GPU_SCAN,PIPELINEABLE,0,1,0,0,0,0,0.0,1,22322611,3,544113672,0.544113672,0.0,0.0,343238
q9,q9,/home/dy1013/sirius_multi-gpu/experiment/join_retention_runs/join_retention_20260630_075038/queries/q9/log_dir/sirius_2026-06-30.log,16,225,45,PARTITION,PARTITION,82,PIPELINEABLE,PIPELINEABLE,0,1,1,22322611,3,544113672,0.544113672,1,22322611,3,544113672,0.544113672,1.0,1.0,9
q9,q9,/home/dy1013/sirius_multi-gpu/experiment/join_retention_runs/join_retention_20260630_075038/queries/q9/log_dir/sirius_2026-06-30.log,17,227,44,CONCAT,CONCAT,83,PARTITIONED,PARTITIONED,0,1,1,22322611,3,544113672,0.544113672,1,22322611,3,544113672,0.544113672,1.0,1.0,8
q9,q9,/home/dy1013/sirius_multi-gpu/experiment/join_retention_runs/join_retention_20260630_075038/queries/q9/log_dir/sirius_2026-06-30.log,15,222,43,GPU_SCAN,SCAN,94,GPU_SCAN,PIPELINEABLE,1,1,0,0,0,0,0.0,1,22304639,3,543675624,0.543675624,0.0,0.0,350726
q9,q9,/home/dy1013/sirius_multi-gpu/experiment/join_retention_runs/join_retention_20260630_075038/queries/q9/log_dir/sirius_2026-06-30.log,16,229,45,PARTITION,PARTITION,82,PIPELINEABLE,PIPELINEABLE,1,1,1,22304639,3,543675624,0.543675624,1,22304639,3,543675624,0.543675624,1.0,1.0,8
q9,q9,/home/dy1013/sirius_multi-gpu/experiment/join_retention_runs/join_retention_20260630_075038/queries/q9/log_dir/sirius_2026-06-30.log,15,220,43,GPU_SCAN,SCAN,94,GPU_SCAN,PIPELINEABLE,3,1,0,0,0,0,0.0,1,22319127,3,544028904,0.544028904,0.0,0.0,357673
q9,q9,/home/dy1013/sirius_multi-gpu/experiment/join_retention_runs/join_retention_20260630_075038/queries/q9/log_dir/sirius_2026-06-30.log,16,230,45,PARTITION,PARTITION,82,PIPELINEABLE,PIPELINEABLE,3,1,1,22319127,3,544028904,0.544028904,1,22319127,3,544028904,0.544028904,1.0,1.0,2
q9,q9,/home/dy1013/sirius_multi-gpu/experiment/join_retention_runs/join_retention_20260630_075038/queries/q9/log_dir/sirius_2026-06-30.log,17,226,44,CONCAT,CONCAT,83,PARTITIONED,PARTITIONED,0,1,1,13053623,3,318182184,0.318182184,1,13053623,3,318182184,0.318182184,1.0,1.0,1
q9,q9,/home/dy1013/sirius_multi-gpu/experiment/join_retention_runs/join_retention_20260630_075038/queries/q9/log_dir/sirius_2026-06-30.log,17,232,44,CONCAT,CONCAT,83,PARTITIONED,PARTITIONED,0,1,1,22319127,3,544028904,0.544028904,1,22319127,3,544028904,0.544028904,1.0,1.0,1
q9,q9,/home/dy1013/sirius_multi-gpu/experiment/join_retention_runs/join_retention_20260630_075038/queries/q9/log_dir/sirius_2026-06-30.log,17,231,44,CONCAT,CONCAT,83,PARTITIONED,PARTITIONED,0,1,1,22304639,3,543675624,0.543675624,1,22304639,3,543675624,0.543675624,1.0,1.0,1
q9,q9,/home/dy1013/sirius_multi-gpu/experiment/join_retention_runs/join_retention_20260630_075038/queries/q9/log_dir/sirius_2026-06-30.log,18,228,23,HASH_JOIN,JOIN,33,PARTITIONED,PIPELINEABLE,3,1,2,23322611,5,563446373,0.563446373,1,22322611,4,794294746,0.794294746,1.409708,0.957123,65237
q9,q9,/home/dy1013/sirius_multi-gpu/experiment/join_retention_runs/join_retention_20260630_075038/queries/q9/log_dir/sirius_2026-06-30.log,18,233,23,HASH_JOIN,JOIN,33,PARTITIONED,PIPELINEABLE,3,1,1,13053623,3,318182184,0.318182184,1,13053623,4,464482028,0.464482028,1.459799,1.0,50106
q9,q9,/home/dy1013/sirius_multi-gpu/experiment/join_retention_runs/join_retention_20260630_075038/queries/q9/log_dir/sirius_2026-06-30.log,18,235,23,HASH_JOIN,JOIN,33,PARTITIONED,PIPELINEABLE,3,1,1,22304639,3,543675624,0.543675624,1,22304639,4,793658025,0.793658025,1.459801,1.0,46098
q9,q9,/home/dy1013/sirius_multi-gpu/experiment/join_retention_runs/join_retention_20260630_075038/queries/q9/log_dir/sirius_2026-06-30.log,18,234,23,HASH_JOIN,JOIN,33,PARTITIONED,PIPELINEABLE,3,1,1,22319127,3,544028904,0.544028904,1,22319127,4,794172529,0.794172529,1.459798,1.0,46212
q9,q9,/home/dy1013/sirius_multi-gpu/experiment/join_retention_runs/join_retention_20260630_075038/queries/q9/log_dir/sirius_2026-06-30.log,19,237,47,PARTITION,PARTITION,82,PIPELINEABLE,PIPELINEABLE,3,1,1,13053623,4,464482028,0.464482028,5,13053623,20,459586940,0.45958694,0.989461,1.0,59016
q9,q9,/home/dy1013/sirius_multi-gpu/experiment/join_retention_runs/join_retention_20260630_075038/queries/q9/log_dir/sirius_2026-06-30.log,19,236,47,PARTITION,PARTITION,82,PIPELINEABLE,PIPELINEABLE,3,1,1,22322611,4,794294746,0.794294746,5,22322611,20,785923882,0.785923882,0.989461,1.0,59656
q9,q9,/home/dy1013/sirius_multi-gpu/experiment/join_retention_runs/join_retention_20260630_075038/queries/q9/log_dir/sirius_2026-06-30.log,19,239,47,PARTITION,PARTITION,82,PIPELINEABLE,PIPELINEABLE,3,1,1,22319127,4,794172529,0.794172529,5,22319127,20,785802753,0.785802753,0.989461,1.0,59559
q9,q9,/home/dy1013/sirius_multi-gpu/experiment/join_retention_runs/join_retention_20260630_075038/queries/q9/log_dir/sirius_2026-06-30.log,19,238,47,PARTITION,PARTITION,82,PIPELINEABLE,PIPELINEABLE,3,1,1,22304639,4,793658025,0.793658025,5,22304639,20,785293881,0.785293881,0.989461,1.0,59799
q9,q9,/home/dy1013/sirius_multi-gpu/experiment/join_retention_runs/join_retention_20260630_075038/queries/q9/log_dir/sirius_2026-06-30.log,20,247,46,CONCAT,CONCAT,83,PARTITIONED,PARTITIONED,3,1,1,4463989,4,157162399,0.157162399,1,4463989,4,157162399,0.157162399,1.0,1.0,8
q9,q9,/home/dy1013/sirius_multi-gpu/experiment/join_retention_runs/join_retention_20260630_075038/queries/q9/log_dir/sirius_2026-06-30.log,20,245,46,CONCAT,CONCAT,83,PARTITIONED,PARTITIONED,2,1,1,4457203,4,156924213,0.156924213,1,4457203,4,156924213,0.156924213,1.0,1.0,1
q9,q9,/home/dy1013/sirius_multi-gpu/experiment/join_retention_runs/join_retention_20260630_075038/queries/q9/log_dir/sirius_2026-06-30.log,20,249,46,CONCAT,CONCAT,83,PARTITIONED,PARTITIONED,0,1,1,4462858,4,157131976,0.157131976,1,4462858,4,157131976,0.157131976,1.0,1.0,1
q9,q9,/home/dy1013/sirius_multi-gpu/experiment/join_retention_runs/join_retention_20260630_075038/queries/q9/log_dir/sirius_2026-06-30.log,20,243,46,CONCAT,CONCAT,83,PARTITIONED,PARTITIONED,1,1,1,4460539,4,157047701,0.157047701,1,4460539,4,157047701,0.157047701,1.0,1.0,2
q9,q9,/home/dy1013/sirius_multi-gpu/experiment/join_retention_runs/join_retention_20260630_075038/queries/q9/log_dir/sirius_2026-06-30.log,20,241,46,CONCAT,CONCAT,83,PARTITIONED,PARTITIONED,0,1,1,4460050,4,157027592,0.157027592,1,4460050,4,157027592,0.157027592,1.0,1.0,9
q9,q9,/home/dy1013/sirius_multi-gpu/experiment/join_retention_runs/join_retention_20260630_075038/queries/q9/log_dir/sirius_2026-06-30.log,20,246,46,CONCAT,CONCAT,83,PARTITIONED,PARTITIONED,3,1,3,11545959,12,406507951,0.406507951,1,11545959,4,405064615,0.405064615,0.996449,1.0,84342
q9,q9,/home/dy1013/sirius_multi-gpu/experiment/join_retention_runs/join_retention_20260630_075038/queries/q9/log_dir/sirius_2026-06-30.log,20,244,46,CONCAT,CONCAT,83,PARTITIONED,PARTITIONED,2,1,3,11538950,12,406262891,0.406262891,1,11538950,4,404820451,0.404820451,0.996449,1.0,10045
q9,q9,/home/dy1013/sirius_multi-gpu/experiment/join_retention_runs/join_retention_20260630_075038/queries/q9/log_dir/sirius_2026-06-30.log,20,242,46,CONCAT,CONCAT,83,PARTITIONED,PARTITIONED,1,1,3,11532257,12,406017604,0.406017604,1,11532257,4,404575932,0.404575932,0.996449,1.0,10044
q9,q9,/home/dy1013/sirius_multi-gpu/experiment/join_retention_runs/join_retention_20260630_075038/queries/q9/log_dir/sirius_2026-06-30.log,20,240,46,CONCAT,CONCAT,83,PARTITIONED,PARTITIONED,0,1,3,11540748,12,406312027,0.406312027,1,11540748,4,404869331,0.404869331,0.996449,1.0,15830
q9,q9,/home/dy1013/sirius_multi-gpu/experiment/join_retention_runs/join_retention_20260630_075038/queries/q9/log_dir/sirius_2026-06-30.log,20,248,46,CONCAT,CONCAT,83,PARTITIONED,PARTITIONED,0,1,3,11537447,12,406213102,0.406213102,1,11537447,4,404770854,0.404770854,0.99645,1.0,15232
q9,q9,/home/dy1013/sirius_multi-gpu/experiment/join_retention_runs/join_retention_20260630_075038/queries/q9/log_dir/sirius_2026-06-30.log,28,252,54,PARTITION,PARTITION,82,PIPELINEABLE,PIPELINEABLE,3,1,1,8151331,6,358658564,0.358658564,5,8151331,30,358658564,0.358658564,1.0,1.0,10017
q9,q9,/home/dy1013/sirius_multi-gpu/experiment/join_retention_runs/join_retention_20260630_075038/queries/q9/log_dir/sirius_2026-06-30.log,28,250,54,PARTITION,PARTITION,82,PIPELINEABLE,PIPELINEABLE,1,1,1,8147981,6,358511164,0.358511164,5,8147981,30,358511164,0.358511164,1.0,1.0,14571
q9,q9,/home/dy1013/sirius_multi-gpu/experiment/join_retention_runs/join_retention_20260630_075038/queries/q9/log_dir/sirius_2026-06-30.log,28,251,54,PARTITION,PARTITION,82,PIPELINEABLE,PIPELINEABLE,0,1,1,8144686,6,358366184,0.358366184,5,8144686,30,358366184,0.358366184,1.0,1.0,14690
q9,q9,/home/dy1013/sirius_multi-gpu/experiment/join_retention_runs/join_retention_20260630_075038/queries/q9/log_dir/sirius_2026-06-30.log,28,253,54,PARTITION,PARTITION,82,PIPELINEABLE,PIPELINEABLE,2,1,1,8143190,6,358300360,0.35830036,5,8143190,30,358300360,0.35830036,1.0,1.0,14785
q9,q9,/home/dy1013/sirius_multi-gpu/experiment/join_retention_runs/join_retention_20260630_075038/queries/q9/log_dir/sirius_2026-06-30.log,29,255,53,CONCAT,CONCAT,83,PARTITIONED,PARTITIONED,1,1,4,6506010,24,286264440,0.28626444,1,6506010,6,286264440,0.28626444,1.0,1.0,7147
q9,q9,/home/dy1013/sirius_multi-gpu/experiment/join_retention_runs/join_retention_20260630_075038/queries/q9/log_dir/sirius_2026-06-30.log,29,257,53,CONCAT,CONCAT,83,PARTITIONED,PARTITIONED,3,1,4,6516759,24,286737396,0.286737396,1,6516759,6,286737396,0.286737396,1.0,1.0,6473
q9,q9,/home/dy1013/sirius_multi-gpu/experiment/join_retention_runs/join_retention_20260630_075038/queries/q9/log_dir/sirius_2026-06-30.log,29,256,53,CONCAT,CONCAT,83,PARTITIONED,PARTITIONED,2,1,4,6519547,24,286860068,0.286860068,1,6519547,6,286860068,0.286860068,1.0,1.0,7154
q9,q9,/home/dy1013/sirius_multi-gpu/experiment/join_retention_runs/join_retention_20260630_075038/queries/q9/log_dir/sirius_2026-06-30.log,29,254,53,CONCAT,CONCAT,83,PARTITIONED,PARTITIONED,0,1,4,6528674,24,287261656,0.287261656,1,6528674,6,287261656,0.287261656,1.0,1.0,6465
q9,q9,/home/dy1013/sirius_multi-gpu/experiment/join_retention_runs/join_retention_20260630_075038/queries/q9/log_dir/sirius_2026-06-30.log,29,258,53,CONCAT,CONCAT,83,PARTITIONED,PARTITIONED,0,1,4,6516198,24,286712712,0.286712712,1,6516198,6,286712712,0.286712712,1.0,1.0,9230
q9,q9,/home/dy1013/sirius_multi-gpu/experiment/join_retention_runs/join_retention_20260630_075038/queries/q9/log_dir/sirius_2026-06-30.log,30,266,24,HASH_JOIN,JOIN,33,PARTITIONED,PIPELINEABLE,3,3,2,18062718,10,691802011,0.691802011,1,4699192,6,221270095,0.221270095,0.319846,0.26016,33787
q9,q9,/home/dy1013/sirius_multi-gpu/experiment/join_retention_runs/join_retention_20260630_075038/queries/q9/log_dir/sirius_2026-06-30.log,30,265,24,HASH_JOIN,JOIN,33,PARTITIONED,PIPELINEABLE,3,3,2,10980748,10,443899795,0.443899795,1,1817567,6,85796434,0.085796434,0.193279,0.165523,33777
q9,q9,/home/dy1013/sirius_multi-gpu/experiment/join_retention_runs/join_retention_20260630_075038/queries/q9/log_dir/sirius_2026-06-30.log,30,261,24,HASH_JOIN,JOIN,33,PARTITIONED,PIPELINEABLE,1,3,2,10966549,10,443312141,0.443312141,1,1820372,6,85946396,0.085946396,0.193873,0.165993,35711
q9,q9,/home/dy1013/sirius_multi-gpu/experiment/join_retention_runs/join_retention_20260630_075038/queries/q9/log_dir/sirius_2026-06-30.log,30,262,24,HASH_JOIN,JOIN,33,PARTITIONED,PIPELINEABLE,1,3,2,18038267,10,690840372,0.690840372,1,4685638,6,220639640,0.22063964,0.319379,0.259761,36393
q9,q9,/home/dy1013/sirius_multi-gpu/experiment/join_retention_runs/join_retention_20260630_075038/queries/q9/log_dir/sirius_2026-06-30.log,30,264,24,HASH_JOIN,JOIN,33,PARTITIONED,PIPELINEABLE,2,3,2,18058497,10,691680519,0.691680519,1,4700732,6,221311816,0.221311816,0.319962,0.260306,36630
q9,q9,/home/dy1013/sirius_multi-gpu/experiment/join_retention_runs/join_retention_20260630_075038/queries/q9/log_dir/sirius_2026-06-30.log,30,263,24,HASH_JOIN,JOIN,33,PARTITIONED,PIPELINEABLE,2,3,2,10976750,10,443784281,0.443784281,1,1818815,6,85861081,0.085861081,0.193475,0.165697,37127
q9,q9,/home/dy1013/sirius_multi-gpu/experiment/join_retention_runs/join_retention_20260630_075038/queries/q9/log_dir/sirius_2026-06-30.log,30,265,25,PROJECTION,PROJECTION,13,PIPELINEABLE,PIPELINEABLE,3,3,1,1817567,6,85796434,0.085796434,1,1817567,3,49445094,0.049445094,0.576307,1.0,11673
q9,q9,/home/dy1013/sirius_multi-gpu/experiment/join_retention_runs/join_retention_20260630_075038/queries/q9/log_dir/sirius_2026-06-30.log,30,266,25,PROJECTION,PROJECTION,13,PIPELINEABLE,PIPELINEABLE,3,3,1,4699192,6,221270095,0.221270095,1,4699192,3,127286255,0.127286255,0.575253,1.0,11819
q9,q9,/home/dy1013/sirius_multi-gpu/experiment/join_retention_runs/join_retention_20260630_075038/queries/q9/log_dir/sirius_2026-06-30.log,30,262,25,PROJECTION,PROJECTION,13,PIPELINEABLE,PIPELINEABLE,1,3,1,4685638,6,220639640,0.22063964,1,4685638,3,126926880,0.12692688,0.575268,1.0,9431
q9,q9,/home/dy1013/sirius_multi-gpu/experiment/join_retention_runs/join_retention_20260630_075038/queries/q9/log_dir/sirius_2026-06-30.log,30,261,25,PROJECTION,PROJECTION,13,PIPELINEABLE,PIPELINEABLE,1,3,1,1820372,6,85946396,0.085946396,1,1820372,3,49538956,0.049538956,0.576394,1.0,10302
q9,q9,/home/dy1013/sirius_multi-gpu/experiment/join_retention_runs/join_retention_20260630_075038/queries/q9/log_dir/sirius_2026-06-30.log,30,264,25,PROJECTION,PROJECTION,13,PIPELINEABLE,PIPELINEABLE,2,3,1,4700732,6,221311816,0.221311816,1,4700732,3,127297176,0.127297176,0.575194,1.0,9462
q9,q9,/home/dy1013/sirius_multi-gpu/experiment/join_retention_runs/join_retention_20260630_075038/queries/q9/log_dir/sirius_2026-06-30.log,30,263,25,PROJECTION,PROJECTION,13,PIPELINEABLE,PIPELINEABLE,2,3,1,1818815,6,85861081,0.085861081,1,1818815,3,49484781,0.049484781,0.576335,1.0,8974
q9,q9,/home/dy1013/sirius_multi-gpu/experiment/join_retention_runs/join_retention_20260630_075038/queries/q9/log_dir/sirius_2026-06-30.log,30,267,24,HASH_JOIN,JOIN,33,PARTITIONED,PIPELINEABLE,0,3,2,10979056,10,443844688,0.443844688,1,1812279,6,85544530,0.08554453,0.192735,0.165067,56502
q9,q9,/home/dy1013/sirius_multi-gpu/experiment/join_retention_runs/join_retention_20260630_075038/queries/q9/log_dir/sirius_2026-06-30.log,30,260,24,HASH_JOIN,JOIN,33,PARTITIONED,PIPELINEABLE,0,3,2,18069422,10,692130987,0.692130987,1,4708850,6,221696011,0.221696011,0.320309,0.260598,57799
q9,q9,/home/dy1013/sirius_multi-gpu/experiment/join_retention_runs/join_retention_20260630_075038/queries/q9/log_dir/sirius_2026-06-30.log,30,268,24,HASH_JOIN,JOIN,33,PARTITIONED,PIPELINEABLE,0,3,2,18053645,10,691483566,0.691483566,1,4703919,6,221466188,0.221466188,0.320277,0.260552,59696
q9,q9,/home/dy1013/sirius_multi-gpu/experiment/join_retention_runs/join_retention_20260630_075038/queries/q9/log_dir/sirius_2026-06-30.log,30,259,24,HASH_JOIN,JOIN,33,PARTITIONED,PIPELINEABLE,0,3,2,10988724,10,444289248,0.444289248,1,1819824,6,85909612,0.085909612,0.193364,0.165608,61452
q9,q9,/home/dy1013/sirius_multi-gpu/experiment/join_retention_runs/join_retention_20260630_075038/queries/q9/log_dir/sirius_2026-06-30.log,30,260,25,PROJECTION,PROJECTION,13,PIPELINEABLE,PIPELINEABLE,0,3,1,4708850,6,221696011,0.221696011,1,4708850,3,127519011,0.127519011,0.575198,1.0,7661
q9,q9,/home/dy1013/sirius_multi-gpu/experiment/join_retention_runs/join_retention_20260630_075038/queries/q9/log_dir/sirius_2026-06-30.log,30,268,25,PROJECTION,PROJECTION,13,PIPELINEABLE,PIPELINEABLE,0,3,1,4703919,6,221466188,0.221466188,1,4703919,3,127387808,0.127387808,0.575202,1.0,5780
q9,q9,/home/dy1013/sirius_multi-gpu/experiment/join_retention_runs/join_retention_20260630_075038/queries/q9/log_dir/sirius_2026-06-30.log,30,259,25,PROJECTION,PROJECTION,13,PIPELINEABLE,PIPELINEABLE,0,3,1,1819824,6,85909612,0.085909612,1,1819824,3,49513132,0.049513132,0.57634,1.0,6517
q9,q9,/home/dy1013/sirius_multi-gpu/experiment/join_retention_runs/join_retention_20260630_075038/queries/q9/log_dir/sirius_2026-06-30.log,30,267,25,PROJECTION,PROJECTION,13,PIPELINEABLE,PIPELINEABLE,0,3,1,1812279,6,85544530,0.08554453,1,1812279,3,49298950,0.04929895,0.576296,1.0,11557
q9,q9,/home/dy1013/sirius_multi-gpu/experiment/join_retention_runs/join_retention_20260630_075038/queries/q9/log_dir/sirius_2026-06-30.log,30,265,26,HASH_GROUP_BY,AGGREGATE,9,PIPELINEABLE,PIPELINEABLE,3,3,1,1817567,3,49445094,0.049445094,1,175,3,6207,6.207e-06,0.000126,9.6e-05,25149
q9,q9,/home/dy1013/sirius_multi-gpu/experiment/join_retention_runs/join_retention_20260630_075038/queries/q9/log_dir/sirius_2026-06-30.log,30,263,26,HASH_GROUP_BY,AGGREGATE,9,PIPELINEABLE,PIPELINEABLE,2,3,1,1818815,3,49484781,0.049484781,1,175,3,6207,6.207e-06,0.000125,9.6e-05,25088
q9,q9,/home/dy1013/sirius_multi-gpu/experiment/join_retention_runs/join_retention_20260630_075038/queries/q9/log_dir/sirius_2026-06-30.log,30,266,26,HASH_GROUP_BY,AGGREGATE,9,PIPELINEABLE,PIPELINEABLE,3,3,1,4699192,3,127286255,0.127286255,1,175,3,6143,6.143e-06,4.8e-05,3.7e-05,25939
q9,q9,/home/dy1013/sirius_multi-gpu/experiment/join_retention_runs/join_retention_20260630_075038/queries/q9/log_dir/sirius_2026-06-30.log,30,264,26,HASH_GROUP_BY,AGGREGATE,9,PIPELINEABLE,PIPELINEABLE,2,3,1,4700732,3,127297176,0.127297176,1,175,3,6143,6.143e-06,4.8e-05,3.7e-05,25803
q9,q9,/home/dy1013/sirius_multi-gpu/experiment/join_retention_runs/join_retention_20260630_075038/queries/q9/log_dir/sirius_2026-06-30.log,30,262,26,HASH_GROUP_BY,AGGREGATE,9,PIPELINEABLE,PIPELINEABLE,1,3,1,4685638,3,126926880,0.12692688,1,175,3,6143,6.143e-06,4.8e-05,3.7e-05,28575
q9,q9,/home/dy1013/sirius_multi-gpu/experiment/join_retention_runs/join_retention_20260630_075038/queries/q9/log_dir/sirius_2026-06-30.log,30,261,26,HASH_GROUP_BY,AGGREGATE,9,PIPELINEABLE,PIPELINEABLE,1,3,1,1820372,3,49538956,0.049538956,1,175,3,6207,6.207e-06,0.000125,9.6e-05,29294
q9,q9,/home/dy1013/sirius_multi-gpu/experiment/join_retention_runs/join_retention_20260630_075038/queries/q9/log_dir/sirius_2026-06-30.log,30,268,26,HASH_GROUP_BY,AGGREGATE,9,PIPELINEABLE,PIPELINEABLE,0,3,1,4703919,3,127387808,0.127387808,1,175,3,6143,6.143e-06,4.8e-05,3.7e-05,19017
q9,q9,/home/dy1013/sirius_multi-gpu/experiment/join_retention_runs/join_retention_20260630_075038/queries/q9/log_dir/sirius_2026-06-30.log,30,267,26,HASH_GROUP_BY,AGGREGATE,9,PIPELINEABLE,PIPELINEABLE,0,3,1,1812279,3,49298950,0.04929895,1,175,3,6207,6.207e-06,0.000126,9.7e-05,15194
q9,q9,/home/dy1013/sirius_multi-gpu/experiment/join_retention_runs/join_retention_20260630_075038/queries/q9/log_dir/sirius_2026-06-30.log,30,259,26,HASH_GROUP_BY,AGGREGATE,9,PIPELINEABLE,PIPELINEABLE,0,3,1,1819824,3,49513132,0.049513132,1,175,3,6207,6.207e-06,0.000125,9.6e-05,15307
q9,q9,/home/dy1013/sirius_multi-gpu/experiment/join_retention_runs/join_retention_20260630_075038/queries/q9/log_dir/sirius_2026-06-30.log,30,260,26,HASH_GROUP_BY,AGGREGATE,9,PIPELINEABLE,PIPELINEABLE,0,3,1,4708850,3,127519011,0.127519011,1,175,3,6143,6.143e-06,4.8e-05,3.7e-05,20756
q9,q9,/home/dy1013/sirius_multi-gpu/experiment/join_retention_runs/join_retention_20260630_075038/queries/q9/log_dir/sirius_2026-06-30.log,31,275,55,PARTITION,PARTITION,82,PIPELINEABLE,PIPELINEABLE,0,1,1,175,3,6143,6.143e-06,1,175,3,6143,6.143e-06,1.0,1.0,1
q9,q9,/home/dy1013/sirius_multi-gpu/experiment/join_retention_runs/join_retention_20260630_075038/queries/q9/log_dir/sirius_2026-06-30.log,31,276,55,PARTITION,PARTITION,82,PIPELINEABLE,PIPELINEABLE,0,1,1,175,3,6207,6.207e-06,1,175,3,6207,6.207e-06,1.0,1.0,2
q9,q9,/home/dy1013/sirius_multi-gpu/experiment/join_retention_runs/join_retention_20260630_075038/queries/q9/log_dir/sirius_2026-06-30.log,31,277,55,PARTITION,PARTITION,82,PIPELINEABLE,PIPELINEABLE,0,1,1,175,3,6207,6.207e-06,1,175,3,6207,6.207e-06,1.0,1.0,33
q9,q9,/home/dy1013/sirius_multi-gpu/experiment/join_retention_runs/join_retention_20260630_075038/queries/q9/log_dir/sirius_2026-06-30.log,31,269,55,PARTITION,PARTITION,82,PIPELINEABLE,PIPELINEABLE,3,1,1,175,3,6207,6.207e-06,1,175,3,6207,6.207e-06,1.0,1.0,2
q9,q9,/home/dy1013/sirius_multi-gpu/experiment/join_retention_runs/join_retention_20260630_075038/queries/q9/log_dir/sirius_2026-06-30.log,31,273,55,PARTITION,PARTITION,82,PIPELINEABLE,PIPELINEABLE,1,1,1,175,3,6143,6.143e-06,1,175,3,6143,6.143e-06,1.0,1.0,43
q9,q9,/home/dy1013/sirius_multi-gpu/experiment/join_retention_runs/join_retention_20260630_075038/queries/q9/log_dir/sirius_2026-06-30.log,31,278,55,PARTITION,PARTITION,82,PIPELINEABLE,PIPELINEABLE,0,1,1,175,3,6143,6.143e-06,1,175,3,6143,6.143e-06,1.0,1.0,3
q9,q9,/home/dy1013/sirius_multi-gpu/experiment/join_retention_runs/join_retention_20260630_075038/queries/q9/log_dir/sirius_2026-06-30.log,31,270,55,PARTITION,PARTITION,82,PIPELINEABLE,PIPELINEABLE,2,1,1,175,3,6207,6.207e-06,1,175,3,6207,6.207e-06,1.0,1.0,6
q9,q9,/home/dy1013/sirius_multi-gpu/experiment/join_retention_runs/join_retention_20260630_075038/queries/q9/log_dir/sirius_2026-06-30.log,31,271,55,PARTITION,PARTITION,82,PIPELINEABLE,PIPELINEABLE,3,1,1,175,3,6143,6.143e-06,1,175,3,6143,6.143e-06,1.0,1.0,1
q9,q9,/home/dy1013/sirius_multi-gpu/experiment/join_retention_runs/join_retention_20260630_075038/queries/q9/log_dir/sirius_2026-06-30.log,31,274,55,PARTITION,PARTITION,82,PIPELINEABLE,PIPELINEABLE,1,1,1,175,3,6207,6.207e-06,1,175,3,6207,6.207e-06,1.0,1.0,1
q9,q9,/home/dy1013/sirius_multi-gpu/experiment/join_retention_runs/join_retention_20260630_075038/queries/q9/log_dir/sirius_2026-06-30.log,31,272,55,PARTITION,PARTITION,82,PIPELINEABLE,PIPELINEABLE,2,1,1,175,3,6143,6.143e-06,1,175,3,6143,6.143e-06,1.0,1.0,9
q9,q9,/home/dy1013/sirius_multi-gpu/experiment/join_retention_runs/join_retention_20260630_075038/queries/q9/log_dir/sirius_2026-06-30.log,32,279,56,MERGE_GROUP_BY,AGGREGATE,85,PARTITIONED,PIPELINEABLE,0,1,10,1750,30,61750,6.175e-05,1,175,3,6143,6.143e-06,0.099482,0.1,2849
q9,q9,/home/dy1013/sirius_multi-gpu/experiment/join_retention_runs/join_retention_20260630_075038/queries/q9/log_dir/sirius_2026-06-30.log,33,280,27,ORDER_BY,SORT,1,PIPELINEABLE,PIPELINEABLE,0,1,1,175,3,6143,6.143e-06,1,175,3,6143,6.143e-06,1.0,1.0,3965
q9,q9,/home/dy1013/sirius_multi-gpu/experiment/join_retention_runs/join_retention_20260630_075038/queries/q9/log_dir/sirius_2026-06-30.log,34,281,57,SORT_SAMPLE,SORT,89,PIPELINEABLE,PIPELINEABLE,0,2,1,175,3,6143,6.143e-06,1,175,3,6143,6.143e-06,1.0,1.0,526
q9,q9,/home/dy1013/sirius_multi-gpu/experiment/join_retention_runs/join_retention_20260630_075038/queries/q9/log_dir/sirius_2026-06-30.log,34,281,58,SORT_PARTITION,SORT,88,PIPELINEABLE,PIPELINEABLE,0,2,1,175,3,6143,6.143e-06,4,175,12,6155,6.155e-06,1.001953,1.0,2598
q9,q9,/home/dy1013/sirius_multi-gpu/experiment/join_retention_runs/join_retention_20260630_075038/queries/q9/log_dir/sirius_2026-06-30.log,35,282,59,MERGE_SORT,SORT,84,PIPELINEABLE,PIPELINEABLE,0,1,4,175,12,6155,6.155e-06,1,175,3,6143,6.143e-06,0.99805,1.0,7320
q9,q9,/home/dy1013/sirius_multi-gpu/experiment/join_retention_runs/join_retention_20260630_075038/queries/q9/log_dir/sirius_2026-06-30.log,36,283,28,RESULT_COLLECTOR,RESULT,76,PIPELINEABLE,PIPELINEABLE,0,1,1,175,3,6143,6.143e-06,1,175,3,6143,6.143e-06,1.0,1.0,8
q10,q10,/home/dy1013/sirius_multi-gpu/experiment/join_retention_runs/join_retention_20260630_075038/queries/q10/log_dir/sirius_2026-06-30.log,0,0,23,GPU_SCAN,SCAN,94,GPU_SCAN,PIPELINEABLE,0,1,0,0,0,0,0.0,1,25,2,509,5.09e-07,0.0,0.0,36201
q10,q10,/home/dy1013/sirius_multi-gpu/experiment/join_retention_runs/join_retention_20260630_075038/queries/q10/log_dir/sirius_2026-06-30.log,1,1,25,PARTITION,PARTITION,82,PIPELINEABLE,PIPELINEABLE,0,1,1,25,2,509,5.09e-07,1,25,2,509,5.09e-07,1.0,1.0,0
q10,q10,/home/dy1013/sirius_multi-gpu/experiment/join_retention_runs/join_retention_20260630_075038/queries/q10/log_dir/sirius_2026-06-30.log,2,2,24,CONCAT,CONCAT,83,PARTITIONED,PARTITIONED,0,1,1,25,2,509,5.09e-07,1,25,2,509,5.09e-07,1.0,1.0,1
q10,q10,/home/dy1013/sirius_multi-gpu/experiment/join_retention_runs/join_retention_20260630_075038/queries/q10/log_dir/sirius_2026-06-30.log,12,4,34,GPU_SCAN,SCAN,94,GPU_SCAN,PIPELINEABLE,2,1,0,0,0,0,0.0,1,3197804,7,535163478,0.535163478,0.0,0.0,568304
q10,q10,/home/dy1013/sirius_multi-gpu/experiment/join_retention_runs/join_retention_20260630_075038/queries/q10/log_dir/sirius_2026-06-30.log,13,8,36,PARTITION,PARTITION,82,PIPELINEABLE,PIPELINEABLE,2,1,1,3197804,7,535163478,0.535163478,1,3197804,7,535163478,0.535163478,1.0,1.0,3
q10,q10,/home/dy1013/sirius_multi-gpu/experiment/join_retention_runs/join_retention_20260630_075038/queries/q10/log_dir/sirius_2026-06-30.log,12,6,34,GPU_SCAN,SCAN,94,GPU_SCAN,PIPELINEABLE,0,1,0,0,0,0,0.0,1,3205766,7,536524436,0.536524436,0.0,0.0,595690
q10,q10,/home/dy1013/sirius_multi-gpu/experiment/join_retention_runs/join_retention_20260630_075038/queries/q10/log_dir/sirius_2026-06-30.log,13,9,36,PARTITION,PARTITION,82,PIPELINEABLE,PIPELINEABLE,0,1,1,3205766,7,536524436,0.536524436,1,3205766,7,536524436,0.536524436,1.0,1.0,5
q10,q10,/home/dy1013/sirius_multi-gpu/experiment/join_retention_runs/join_retention_20260630_075038/queries/q10/log_dir/sirius_2026-06-30.log,14,11,35,CONCAT,CONCAT,83,PARTITIONED,PARTITIONED,0,1,1,3205766,7,536524436,0.536524436,1,3205766,7,536524436,0.536524436,1.0,1.0,3
q10,q10,/home/dy1013/sirius_multi-gpu/experiment/join_retention_runs/join_retention_20260630_075038/queries/q10/log_dir/sirius_2026-06-30.log,12,5,34,GPU_SCAN,SCAN,94,GPU_SCAN,PIPELINEABLE,3,1,0,0,0,0,0.0,1,3198134,7,535202594,0.535202594,0.0,0.0,611597
q10,q10,/home/dy1013/sirius_multi-gpu/experiment/join_retention_runs/join_retention_20260630_075038/queries/q10/log_dir/sirius_2026-06-30.log,13,13,36,PARTITION,PARTITION,82,PIPELINEABLE,PIPELINEABLE,3,1,1,3198134,7,535202594,0.535202594,1,3198134,7,535202594,0.535202594,1.0,1.0,3
q10,q10,/home/dy1013/sirius_multi-gpu/experiment/join_retention_runs/join_retention_20260630_075038/queries/q10/log_dir/sirius_2026-06-30.log,12,7,34,GPU_SCAN,SCAN,94,GPU_SCAN,PIPELINEABLE,1,1,0,0,0,0,0.0,1,2196637,7,367662628,0.367662628,0.0,0.0,740083
q10,q10,/home/dy1013/sirius_multi-gpu/experiment/join_retention_runs/join_retention_20260630_075038/queries/q10/log_dir/sirius_2026-06-30.log,13,14,36,PARTITION,PARTITION,82,PIPELINEABLE,PIPELINEABLE,1,1,1,2196637,7,367662628,0.367662628,1,2196637,7,367662628,0.367662628,1.0,1.0,3
q10,q10,/home/dy1013/sirius_multi-gpu/experiment/join_retention_runs/join_retention_20260630_075038/queries/q10/log_dir/sirius_2026-06-30.log,12,3,34,GPU_SCAN,SCAN,94,GPU_SCAN,PIPELINEABLE,1,1,0,0,0,0,0.0,1,3201659,7,535841251,0.535841251,0.0,0.0,842652
q10,q10,/home/dy1013/sirius_multi-gpu/experiment/join_retention_runs/join_retention_20260630_075038/queries/q10/log_dir/sirius_2026-06-30.log,13,17,36,PARTITION,PARTITION,82,PIPELINEABLE,PIPELINEABLE,1,1,1,3201659,7,535841251,0.535841251,1,3201659,7,535841251,0.535841251,1.0,1.0,1
q10,q10,/home/dy1013/sirius_multi-gpu/experiment/join_retention_runs/join_retention_20260630_075038/queries/q10/log_dir/sirius_2026-06-30.log,14,10,35,CONCAT,CONCAT,83,PARTITIONED,PARTITIONED,0,1,1,3197804,7,535163478,0.535163478,1,3197804,7,535163478,0.535163478,1.0,1.0,0
q10,q10,/home/dy1013/sirius_multi-gpu/experiment/join_retention_runs/join_retention_20260630_075038/queries/q10/log_dir/sirius_2026-06-30.log,14,15,35,CONCAT,CONCAT,83,PARTITIONED,PARTITIONED,0,1,1,3198134,7,535202594,0.535202594,1,3198134,7,535202594,0.535202594,1.0,1.0,0
q10,q10,/home/dy1013/sirius_multi-gpu/experiment/join_retention_runs/join_retention_20260630_075038/queries/q10/log_dir/sirius_2026-06-30.log,14,18,35,CONCAT,CONCAT,83,PARTITIONED,PARTITIONED,0,1,1,3201659,7,535841251,0.535841251,1,3201659,7,535841251,0.535841251,1.0,1.0,1
q10,q10,/home/dy1013/sirius_multi-gpu/experiment/join_retention_runs/join_retention_20260630_075038/queries/q10/log_dir/sirius_2026-06-30.log,14,16,35,CONCAT,CONCAT,83,PARTITIONED,PARTITIONED,0,1,1,2196637,7,367662628,0.367662628,1,2196637,7,367662628,0.367662628,1.0,1.0,1
q10,q10,/home/dy1013/sirius_multi-gpu/experiment/join_retention_runs/join_retention_20260630_075038/queries/q10/log_dir/sirius_2026-06-30.log,15,12,13,HASH_JOIN,JOIN,33,PARTITIONED,PIPELINEABLE,1,1,2,3205791,9,536524945,0.536524945,1,3205766,7,559221141,0.559221141,1.042302,0.999992,161011
q10,q10,/home/dy1013/sirius_multi-gpu/experiment/join_retention_runs/join_retention_20260630_075038/queries/q10/log_dir/sirius_2026-06-30.log,15,20,13,HASH_JOIN,JOIN,33,PARTITIONED,PIPELINEABLE,1,1,1,3198134,7,535202594,0.535202594,1,3198134,7,557840111,0.557840111,1.042297,1.0,31142
q10,q10,/home/dy1013/sirius_multi-gpu/experiment/join_retention_runs/join_retention_20260630_075038/queries/q10/log_dir/sirius_2026-06-30.log,15,21,13,HASH_JOIN,JOIN,33,PARTITIONED,PIPELINEABLE,1,1,1,3201659,7,535841251,0.535841251,1,3201659,7,558517414,0.558517414,1.042319,1.0,33661
q10,q10,/home/dy1013/sirius_multi-gpu/experiment/join_retention_runs/join_retention_20260630_075038/queries/q10/log_dir/sirius_2026-06-30.log,15,19,13,HASH_JOIN,JOIN,33,PARTITIONED,PIPELINEABLE,1,1,1,3197804,7,535163478,0.535163478,1,3197804,7,557797878,0.557797878,1.042294,1.0,35731
q10,q10,/home/dy1013/sirius_multi-gpu/experiment/join_retention_runs/join_retention_20260630_075038/queries/q10/log_dir/sirius_2026-06-30.log,15,22,13,HASH_JOIN,JOIN,33,PARTITIONED,PIPELINEABLE,1,1,1,2196637,7,367662628,0.367662628,1,2196637,7,383213605,0.383213605,1.042297,1.0,7902
q10,q10,/home/dy1013/sirius_multi-gpu/experiment/join_retention_runs/join_retention_20260630_075038/queries/q10/log_dir/sirius_2026-06-30.log,3,25,26,GPU_SCAN,SCAN,94,GPU_SCAN,PIPELINEABLE,0,1,0,0,0,0,0.0,1,1281655,2,20826992,0.020826992,0.0,0.0,429540
q10,q10,/home/dy1013/sirius_multi-gpu/experiment/join_retention_runs/join_retention_20260630_075038/queries/q10/log_dir/sirius_2026-06-30.log,3,24,26,GPU_SCAN,SCAN,94,GPU_SCAN,PIPELINEABLE,3,1,0,0,0,0,0.0,1,1282614,2,20842592,0.020842592,0.0,0.0,440447
q10,q10,/home/dy1013/sirius_multi-gpu/experiment/join_retention_runs/join_retention_20260630_075038/queries/q10/log_dir/sirius_2026-06-30.log,3,23,26,GPU_SCAN,SCAN,94,GPU_SCAN,PIPELINEABLE,2,1,0,0,0,0,0.0,1,1282521,2,20840976,0.020840976,0.0,0.0,636649
q10,q10,/home/dy1013/sirius_multi-gpu/experiment/join_retention_runs/join_retention_20260630_075038/queries/q10/log_dir/sirius_2026-06-30.log,3,27,26,GPU_SCAN,SCAN,94,GPU_SCAN,PIPELINEABLE,2,1,0,0,0,0,0.0,1,610021,2,9912912,0.009912912,0.0,0.0,641508
q10,q10,/home/dy1013/sirius_multi-gpu/experiment/join_retention_runs/join_retention_20260630_075038/queries/q10/log_dir/sirius_2026-06-30.log,3,26,26,GPU_SCAN,SCAN,94,GPU_SCAN,PIPELINEABLE,1,1,0,0,0,0,0.0,1,1280612,2,20810048,0.020810048,0.0,0.0,658308
q10,q10,/home/dy1013/sirius_multi-gpu/experiment/join_retention_runs/join_retention_20260630_075038/queries/q10/log_dir/sirius_2026-06-30.log,4,32,28,PARTITION,PARTITION,82,PIPELINEABLE,PIPELINEABLE,1,1,1,1280612,2,20810048,0.020810048,4,1280612,8,20489792,0.020489792,0.984611,1.0,15856
q10,q10,/home/dy1013/sirius_multi-gpu/experiment/join_retention_runs/join_retention_20260630_075038/queries/q10/log_dir/sirius_2026-06-30.log,4,28,28,PARTITION,PARTITION,82,PIPELINEABLE,PIPELINEABLE,0,1,1,1281655,2,20826992,0.020826992,4,1281655,8,20506480,0.02050648,0.984611,1.0,16472
q10,q10,/home/dy1013/sirius_multi-gpu/experiment/join_retention_runs/join_retention_20260630_075038/queries/q10/log_dir/sirius_2026-06-30.log,4,30,28,PARTITION,PARTITION,82,PIPELINEABLE,PIPELINEABLE,2,1,1,1282521,2,20840976,0.020840976,4,1282521,8,20520336,0.020520336,0.984615,1.0,16562
q10,q10,/home/dy1013/sirius_multi-gpu/experiment/join_retention_runs/join_retention_20260630_075038/queries/q10/log_dir/sirius_2026-06-30.log,4,31,28,PARTITION,PARTITION,82,PIPELINEABLE,PIPELINEABLE,2,1,1,610021,2,9912912,0.009912912,4,610021,8,9760336,0.009760336,0.984608,1.0,16635
q10,q10,/home/dy1013/sirius_multi-gpu/experiment/join_retention_runs/join_retention_20260630_075038/queries/q10/log_dir/sirius_2026-06-30.log,4,29,28,PARTITION,PARTITION,82,PIPELINEABLE,PIPELINEABLE,3,1,1,1282614,2,20842592,0.020842592,4,1282614,8,20521824,0.020521824,0.98461,1.0,16609
q10,q10,/home/dy1013/sirius_multi-gpu/experiment/join_retention_runs/join_retention_20260630_075038/queries/q10/log_dir/sirius_2026-06-30.log,5,36,27,CONCAT,CONCAT,83,PARTITIONED,PARTITIONED,3,1,5,1436694,10,22987104,0.022987104,1,1436694,2,22987104,0.022987104,1.0,1.0,7272
q10,q10,/home/dy1013/sirius_multi-gpu/experiment/join_retention_runs/join_retention_20260630_075038/queries/q10/log_dir/sirius_2026-06-30.log,5,34,27,CONCAT,CONCAT,83,PARTITIONED,PARTITIONED,1,1,5,1435264,10,22964224,0.022964224,1,1435264,2,22964224,0.022964224,1.0,1.0,7484
q10,q10,/home/dy1013/sirius_multi-gpu/experiment/join_retention_runs/join_retention_20260630_075038/queries/q10/log_dir/sirius_2026-06-30.log,5,33,27,CONCAT,CONCAT,83,PARTITIONED,PARTITIONED,0,1,5,1433303,10,22932848,0.022932848,1,1433303,2,22932848,0.022932848,1.0,1.0,7145
q10,q10,/home/dy1013/sirius_multi-gpu/experiment/join_retention_runs/join_retention_20260630_075038/queries/q10/log_dir/sirius_2026-06-30.log,5,35,27,CONCAT,CONCAT,83,PARTITIONED,PARTITIONED,2,1,5,1432162,10,22914592,0.022914592,1,1432162,2,22914592,0.022914592,1.0,1.0,8088
q10,q10,/home/dy1013/sirius_multi-gpu/experiment/join_retention_runs/join_retention_20260630_075038/queries/q10/log_dir/sirius_2026-06-30.log,6,42,29,GPU_SCAN,SCAN,94,GPU_SCAN,PIPELINEABLE,0,1,0,0,0,0,0.0,1,8019021,3,195463800,0.1954638,0.0,0.0,550202
q10,q10,/home/dy1013/sirius_multi-gpu/experiment/join_retention_runs/join_retention_20260630_075038/queries/q10/log_dir/sirius_2026-06-30.log,6,37,29,GPU_SCAN,SCAN,94,GPU_SCAN,PIPELINEABLE,3,1,0,0,0,0,0.0,1,8029856,3,195727872,0.195727872,0.0,0.0,561727
q10,q10,/home/dy1013/sirius_multi-gpu/experiment/join_retention_runs/join_retention_20260630_075038/queries/q10/log_dir/sirius_2026-06-30.log,6,45,29,GPU_SCAN,SCAN,94,GPU_SCAN,PIPELINEABLE,3,1,0,0,0,0,0.0,1,8019570,3,195477168,0.195477168,0.0,0.0,792132
q10,q10,/home/dy1013/sirius_multi-gpu/experiment/join_retention_runs/join_retention_20260630_075038/queries/q10/log_dir/sirius_2026-06-30.log,7,57,31,PARTITION,PARTITION,82,PIPELINEABLE,PIPELINEABLE,3,1,1,8029856,3,195727872,0.195727872,4,8029856,12,192716544,0.192716544,0.984615,1.0,9069
q10,q10,/home/dy1013/sirius_multi-gpu/experiment/join_retention_runs/join_retention_20260630_075038/queries/q10/log_dir/sirius_2026-06-30.log,6,40,29,GPU_SCAN,SCAN,94,GPU_SCAN,PIPELINEABLE,2,1,0,0,0,0,0.0,1,8012022,3,195293136,0.195293136,0.0,0.0,803418
q10,q10,/home/dy1013/sirius_multi-gpu/experiment/join_retention_runs/join_retention_20260630_075038/queries/q10/log_dir/sirius_2026-06-30.log,7,58,31,PARTITION,PARTITION,82,PIPELINEABLE,PIPELINEABLE,3,1,1,8019570,3,195477168,0.195477168,4,8019570,12,192469680,0.19246968,0.984615,1.0,7425
q10,q10,/home/dy1013/sirius_multi-gpu/experiment/join_retention_runs/join_retention_20260630_075038/queries/q10/log_dir/sirius_2026-06-30.log,7,59,31,PARTITION,PARTITION,82,PIPELINEABLE,PIPELINEABLE,2,1,1,8012022,3,195293136,0.195293136,4,8012022,12,192288528,0.192288528,0.984615,1.0,8306
q10,q10,/home/dy1013/sirius_multi-gpu/experiment/join_retention_runs/join_retention_20260630_075038/queries/q10/log_dir/sirius_2026-06-30.log,6,43,29,GPU_SCAN,SCAN,94,GPU_SCAN,PIPELINEABLE,1,1,0,0,0,0,0.0,1,8018040,3,195439872,0.195439872,0.0,0.0,878506
q10,q10,/home/dy1013/sirius_multi-gpu/experiment/join_retention_runs/join_retention_20260630_075038/queries/q10/log_dir/sirius_2026-06-30.log,6,44,29,GPU_SCAN,SCAN,94,GPU_SCAN,PIPELINEABLE,2,1,0,0,0,0,0.0,1,8025601,3,195624216,0.195624216,0.0,0.0,949521
q10,q10,/home/dy1013/sirius_multi-gpu/experiment/join_retention_runs/join_retention_20260630_075038/queries/q10/log_dir/sirius_2026-06-30.log,7,61,31,PARTITION,PARTITION,82,PIPELINEABLE,PIPELINEABLE,2,1,1,8025601,3,195624216,0.195624216,4,8025601,12,192614424,0.192614424,0.984614,1.0,8135
q10,q10,/home/dy1013/sirius_multi-gpu/experiment/join_retention_runs/join_retention_20260630_075038/queries/q10/log_dir/sirius_2026-06-30.log,6,41,29,GPU_SCAN,SCAN,94,GPU_SCAN,PIPELINEABLE,3,1,0,0,0,0,0.0,1,8023378,3,195569904,0.195569904,0.0,0.0,1201438
q10,q10,/home/dy1013/sirius_multi-gpu/experiment/join_retention_runs/join_retention_20260630_075038/queries/q10/log_dir/sirius_2026-06-30.log,6,48,29,GPU_SCAN,SCAN,94,GPU_SCAN,PIPELINEABLE,2,1,0,0,0,0,0.0,1,8021772,3,195530784,0.195530784,0.0,0.0,1201644
q10,q10,/home/dy1013/sirius_multi-gpu/experiment/join_retention_runs/join_retention_20260630_075038/queries/q10/log_dir/sirius_2026-06-30.log,7,62,31,PARTITION,PARTITION,82,PIPELINEABLE,PIPELINEABLE,3,1,1,8023378,3,195569904,0.195569904,4,8023378,12,192561072,0.192561072,0.984615,1.0,9081
q10,q10,/home/dy1013/sirius_multi-gpu/experiment/join_retention_runs/join_retention_20260630_075038/queries/q10/log_dir/sirius_2026-06-30.log,7,63,31,PARTITION,PARTITION,82,PIPELINEABLE,PIPELINEABLE,2,1,1,8021772,3,195530784,0.195530784,4,8021772,12,192522528,0.192522528,0.984615,1.0,9596
q10,q10,/home/dy1013/sirius_multi-gpu/experiment/join_retention_runs/join_retention_20260630_075038/queries/q10/log_dir/sirius_2026-06-30.log,6,38,29,GPU_SCAN,SCAN,94,GPU_SCAN,PIPELINEABLE,0,1,0,0,0,0,0.0,1,8013299,3,195324168,0.195324168,0.0,0.0,1448265
q10,q10,/home/dy1013/sirius_multi-gpu/experiment/join_retention_runs/join_retention_20260630_075038/queries/q10/log_dir/sirius_2026-06-30.log,7,56,31,PARTITION,PARTITION,82,PIPELINEABLE,PIPELINEABLE,0,1,1,8019021,3,195463800,0.1954638,4,8019021,12,192456504,0.192456504,0.984615,1.0,7485
q10,q10,/home/dy1013/sirius_multi-gpu/experiment/join_retention_runs/join_retention_20260630_075038/queries/q10/log_dir/sirius_2026-06-30.log,6,39,29,GPU_SCAN,SCAN,94,GPU_SCAN,PIPELINEABLE,1,1,0,0,0,0,0.0,1,8011192,3,195272832,0.195272832,0.0,0.0,1457831
q10,q10,/home/dy1013/sirius_multi-gpu/experiment/join_retention_runs/join_retention_20260630_075038/queries/q10/log_dir/sirius_2026-06-30.log,7,60,31,PARTITION,PARTITION,82,PIPELINEABLE,PIPELINEABLE,1,1,1,8018040,3,195439872,0.195439872,4,8018040,12,192432960,0.19243296,0.984615,1.0,7632
q10,q10,/home/dy1013/sirius_multi-gpu/experiment/join_retention_runs/join_retention_20260630_075038/queries/q10/log_dir/sirius_2026-06-30.log,7,65,31,PARTITION,PARTITION,82,PIPELINEABLE,PIPELINEABLE,1,1,1,8011192,3,195272832,0.195272832,4,8011192,12,192268608,0.192268608,0.984615,1.0,6476
q10,q10,/home/dy1013/sirius_multi-gpu/experiment/join_retention_runs/join_retention_20260630_075038/queries/q10/log_dir/sirius_2026-06-30.log,7,64,31,PARTITION,PARTITION,82,PIPELINEABLE,PIPELINEABLE,0,1,1,8013299,3,195324168,0.195324168,4,8013299,12,192319176,0.192319176,0.984615,1.0,7658
q10,q10,/home/dy1013/sirius_multi-gpu/experiment/join_retention_runs/join_retention_20260630_075038/queries/q10/log_dir/sirius_2026-06-30.log,6,46,29,GPU_SCAN,SCAN,94,GPU_SCAN,PIPELINEABLE,0,1,0,0,0,0,0.0,1,8018241,3,195444696,0.195444696,0.0,0.0,1505494
q10,q10,/home/dy1013/sirius_multi-gpu/experiment/join_retention_runs/join_retention_20260630_075038/queries/q10/log_dir/sirius_2026-06-30.log,7,66,31,PARTITION,PARTITION,82,PIPELINEABLE,PIPELINEABLE,0,1,1,8018241,3,195444696,0.195444696,4,8018241,12,192437784,0.192437784,0.984615,1.0,8509
q10,q10,/home/dy1013/sirius_multi-gpu/experiment/join_retention_runs/join_retention_20260630_075038/queries/q10/log_dir/sirius_2026-06-30.log,6,50,29,GPU_SCAN,SCAN,94,GPU_SCAN,PIPELINEABLE,0,1,0,0,0,0,0.0,1,8024430,3,195595536,0.195595536,0.0,0.0,1007706
q10,q10,/home/dy1013/sirius_multi-gpu/experiment/join_retention_runs/join_retention_20260630_075038/queries/q10/log_dir/sirius_2026-06-30.log,7,67,31,PARTITION,PARTITION,82,PIPELINEABLE,PIPELINEABLE,0,1,1,8024430,3,195595536,0.195595536,4,8024430,12,192586320,0.19258632,0.984615,1.0,5365
q10,q10,/home/dy1013/sirius_multi-gpu/experiment/join_retention_runs/join_retention_20260630_075038/queries/q10/log_dir/sirius_2026-06-30.log,8,69,30,CONCAT,CONCAT,83,PARTITIONED,PARTITIONED,0,1,1,1999730,3,47993520,0.04799352,1,1999730,3,47993520,0.04799352,1.0,1.0,11
q10,q10,/home/dy1013/sirius_multi-gpu/experiment/join_retention_runs/join_retention_20260630_075038/queries/q10/log_dir/sirius_2026-06-30.log,8,75,30,CONCAT,CONCAT,83,PARTITIONED,PARTITIONED,3,1,1,2010409,3,48249816,0.048249816,1,2010409,3,48249816,0.048249816,1.0,1.0,2
q10,q10,/home/dy1013/sirius_multi-gpu/experiment/join_retention_runs/join_retention_20260630_075038/queries/q10/log_dir/sirius_2026-06-30.log,8,73,30,CONCAT,CONCAT,83,PARTITIONED,PARTITIONED,2,1,1,2004955,3,48118920,0.04811892,1,2004955,3,48118920,0.04811892,1.0,1.0,2
q10,q10,/home/dy1013/sirius_multi-gpu/experiment/join_retention_runs/join_retention_20260630_075038/queries/q10/log_dir/sirius_2026-06-30.log,8,74,30,CONCAT,CONCAT,83,PARTITIONED,PARTITIONED,3,1,11,22055932,33,529342368,0.529342368,1,22055932,3,529342368,0.529342368,1.0,1.0,2123
q10,q10,/home/dy1013/sirius_multi-gpu/experiment/join_retention_runs/join_retention_20260630_075038/queries/q10/log_dir/sirius_2026-06-30.log,8,70,30,CONCAT,CONCAT,83,PARTITIONED,PARTITIONED,1,1,11,22053872,33,529292928,0.529292928,1,22053872,3,529292928,0.529292928,1.0,1.0,2020
q10,q10,/home/dy1013/sirius_multi-gpu/experiment/join_retention_runs/join_retention_20260630_075038/queries/q10/log_dir/sirius_2026-06-30.log,8,72,30,CONCAT,CONCAT,83,PARTITIONED,PARTITIONED,2,1,11,22052384,33,529257216,0.529257216,1,22052384,3,529257216,0.529257216,1.0,1.0,2346
q10,q10,/home/dy1013/sirius_multi-gpu/experiment/join_retention_runs/join_retention_20260630_075038/queries/q10/log_dir/sirius_2026-06-30.log,8,68,30,CONCAT,CONCAT,83,PARTITIONED,PARTITIONED,0,1,11,22049804,33,529195296,0.529195296,1,22049804,3,529195296,0.529195296,1.0,1.0,7840
q10,q10,/home/dy1013/sirius_multi-gpu/experiment/join_retention_runs/join_retention_20260630_075038/queries/q10/log_dir/sirius_2026-06-30.log,8,71,30,CONCAT,CONCAT,83,PARTITIONED,PARTITIONED,1,1,1,2009336,3,48224064,0.048224064,1,2009336,3,48224064,0.048224064,1.0,1.0,3
q10,q10,/home/dy1013/sirius_multi-gpu/experiment/join_retention_runs/join_retention_20260630_075038/queries/q10/log_dir/sirius_2026-06-30.log,6,49,29,GPU_SCAN,SCAN,94,GPU_SCAN,PIPELINEABLE,3,1,0,0,0,0,0.0,1,8024383,3,195594408,0.195594408,0.0,0.0,1113386
q10,q10,/home/dy1013/sirius_multi-gpu/experiment/join_retention_runs/join_retention_20260630_075038/queries/q10/log_dir/sirius_2026-06-30.log,7,76,31,PARTITION,PARTITION,82,PIPELINEABLE,PIPELINEABLE,3,1,1,8024383,3,195594408,0.195594408,4,8024383,12,192585192,0.192585192,0.984615,1.0,9564
q10,q10,/home/dy1013/sirius_multi-gpu/experiment/join_retention_runs/join_retention_20260630_075038/queries/q10/log_dir/sirius_2026-06-30.log,6,53,29,GPU_SCAN,SCAN,94,GPU_SCAN,PIPELINEABLE,3,1,0,0,0,0,0.0,1,8014739,3,195359304,0.195359304,0.0,0.0,1009347
q10,q10,/home/dy1013/sirius_multi-gpu/experiment/join_retention_runs/join_retention_20260630_075038/queries/q10/log_dir/sirius_2026-06-30.log,7,77,31,PARTITION,PARTITION,82,PIPELINEABLE,PIPELINEABLE,3,1,1,8014739,3,195359304,0.195359304,4,8014739,12,192353736,0.192353736,0.984615,1.0,7692
q10,q10,/home/dy1013/sirius_multi-gpu/experiment/join_retention_runs/join_retention_20260630_075038/queries/q10/log_dir/sirius_2026-06-30.log,6,52,29,GPU_SCAN,SCAN,94,GPU_SCAN,PIPELINEABLE,2,1,0,0,0,0,0.0,1,8024689,3,195601944,0.195601944,0.0,0.0,1064069
q10,q10,/home/dy1013/sirius_multi-gpu/experiment/join_retention_runs/join_retention_20260630_075038/queries/q10/log_dir/sirius_2026-06-30.log,7,78,31,PARTITION,PARTITION,82,PIPELINEABLE,PIPELINEABLE,2,1,1,8024689,3,195601944,0.195601944,4,8024689,12,192592536,0.192592536,0.984615,1.0,8412
q10,q10,/home/dy1013/sirius_multi-gpu/experiment/join_retention_runs/join_retention_20260630_075038/queries/q10/log_dir/sirius_2026-06-30.log,6,55,29,GPU_SCAN,SCAN,94,GPU_SCAN,PIPELINEABLE,1,1,0,0,0,0,0.0,1,3696668,3,90106464,0.090106464,0.0,0.0,1037549
q10,q10,/home/dy1013/sirius_multi-gpu/experiment/join_retention_runs/join_retention_20260630_075038/queries/q10/log_dir/sirius_2026-06-30.log,7,79,31,PARTITION,PARTITION,82,PIPELINEABLE,PIPELINEABLE,1,1,1,3696668,3,90106464,0.090106464,4,3696668,12,88720032,0.088720032,0.984613,1.0,4495
q10,q10,/home/dy1013/sirius_multi-gpu/experiment/join_retention_runs/join_retention_20260630_075038/queries/q10/log_dir/sirius_2026-06-30.log,6,51,29,GPU_SCAN,SCAN,94,GPU_SCAN,PIPELINEABLE,1,1,0,0,0,0,0.0,1,8023629,3,195576120,0.19557612,0.0,0.0,1167330
q10,q10,/home/dy1013/sirius_multi-gpu/experiment/join_retention_runs/join_retention_20260630_075038/queries/q10/log_dir/sirius_2026-06-30.log,7,80,31,PARTITION,PARTITION,82,PIPELINEABLE,PIPELINEABLE,1,1,1,8023629,3,195576120,0.19557612,4,8023629,12,192567096,0.192567096,0.984615,1.0,17767
q10,q10,/home/dy1013/sirius_multi-gpu/experiment/join_retention_runs/join_retention_20260630_075038/queries/q10/log_dir/sirius_2026-06-30.log,6,47,29,GPU_SCAN,SCAN,94,GPU_SCAN,PIPELINEABLE,1,1,0,0,0,0,0.0,1,8024874,3,195606384,0.195606384,0.0,0.0,1205641
q10,q10,/home/dy1013/sirius_multi-gpu/experiment/join_retention_runs/join_retention_20260630_075038/queries/q10/log_dir/sirius_2026-06-30.log,7,81,31,PARTITION,PARTITION,82,PIPELINEABLE,PIPELINEABLE,1,1,1,8024874,3,195606384,0.195606384,4,8024874,12,192596976,0.192596976,0.984615,1.0,7264
q10,q10,/home/dy1013/sirius_multi-gpu/experiment/join_retention_runs/join_retention_20260630_075038/queries/q10/log_dir/sirius_2026-06-30.log,6,54,29,GPU_SCAN,SCAN,94,GPU_SCAN,PIPELINEABLE,0,1,0,0,0,0,0.0,1,8021857,3,195532824,0.195532824,0.0,0.0,656301
q10,q10,/home/dy1013/sirius_multi-gpu/experiment/join_retention_runs/join_retention_20260630_075038/queries/q10/log_dir/sirius_2026-06-30.log,7,82,31,PARTITION,PARTITION,82,PIPELINEABLE,PIPELINEABLE,0,1,1,8021857,3,195532824,0.195532824,4,8021857,12,192524568,0.192524568,0.984615,1.0,5485
q10,q10,/home/dy1013/sirius_multi-gpu/experiment/join_retention_runs/join_retention_20260630_075038/queries/q10/log_dir/sirius_2026-06-30.log,8,86,30,CONCAT,CONCAT,83,PARTITIONED,PARTITIONED,3,1,7,12954477,21,310907448,0.310907448,1,12954477,3,310907448,0.310907448,1.0,1.0,4682
q10,q10,/home/dy1013/sirius_multi-gpu/experiment/join_retention_runs/join_retention_20260630_075038/queries/q10/log_dir/sirius_2026-06-30.log,8,84,30,CONCAT,CONCAT,83,PARTITIONED,PARTITIONED,1,1,7,12954282,21,310902768,0.310902768,1,12954282,3,310902768,0.310902768,1.0,1.0,8627
q10,q10,/home/dy1013/sirius_multi-gpu/experiment/join_retention_runs/join_retention_20260630_075038/queries/q10/log_dir/sirius_2026-06-30.log,8,83,30,CONCAT,CONCAT,83,PARTITIONED,PARTITIONED,0,1,7,12963225,21,311117400,0.3111174,1,12963225,3,311117400,0.3111174,1.0,1.0,4919
q10,q10,/home/dy1013/sirius_multi-gpu/experiment/join_retention_runs/join_retention_20260630_075038/queries/q10/log_dir/sirius_2026-06-30.log,8,85,30,CONCAT,CONCAT,83,PARTITIONED,PARTITIONED,2,1,7,12958855,21,311012520,0.31101252,1,12958855,3,311012520,0.31101252,1.0,1.0,2254
q10,q10,/home/dy1013/sirius_multi-gpu/experiment/join_retention_runs/join_retention_20260630_075038/queries/q10/log_dir/sirius_2026-06-30.log,9,90,16,HASH_JOIN,JOIN,33,PARTITIONED,PIPELINEABLE,1,1,2,23489136,5,552257152,0.552257152,1,1709473,3,41027352,0.041027352,0.07429,0.072777,18664
q10,q10,/home/dy1013/sirius_multi-gpu/experiment/join_retention_runs/join_retention_20260630_075038/queries/q10/log_dir/sirius_2026-06-30.log,9,92,16,HASH_JOIN,JOIN,33,PARTITIONED,PIPELINEABLE,1,1,2,14389546,5,333866992,0.333866992,1,1003089,3,24074136,0.024074136,0.072107,0.06971,18500
q10,q10,/home/dy1013/sirius_multi-gpu/experiment/join_retention_runs/join_retention_20260630_075038/queries/q10/log_dir/sirius_2026-06-30.log,9,91,16,HASH_JOIN,JOIN,33,PARTITIONED,PIPELINEABLE,1,1,2,3444600,5,71188288,0.071188288,1,156156,3,3747744,0.003747744,0.052646,0.045334,19655
q10,q10,/home/dy1013/sirius_multi-gpu/experiment/join_retention_runs/join_retention_20260630_075038/queries/q10/log_dir/sirius_2026-06-30.log,9,88,16,HASH_JOIN,JOIN,33,PARTITIONED,PIPELINEABLE,0,1,2,23483107,5,552128144,0.552128144,1,1710385,3,41049240,0.04104924,0.074347,0.072835,19678
q10,q10,/home/dy1013/sirius_multi-gpu/experiment/join_retention_runs/join_retention_20260630_075038/queries/q10/log_dir/sirius_2026-06-30.log,9,89,16,HASH_JOIN,JOIN,33,PARTITIONED,PIPELINEABLE,0,1,2,14396528,5,334050248,0.334050248,1,1002742,3,24065808,0.024065808,0.072042,0.069652,22755
q10,q10,/home/dy1013/sirius_multi-gpu/experiment/join_retention_runs/join_retention_20260630_075038/queries/q10/log_dir/sirius_2026-06-30.log,9,87,16,HASH_JOIN,JOIN,33,PARTITIONED,PIPELINEABLE,0,1,2,3433033,5,70926368,0.070926368,1,154534,3,3708816,0.003708816,0.052291,0.045014,23640
q10,q10,/home/dy1013/sirius_multi-gpu/experiment/join_retention_runs/join_retention_20260630_075038/queries/q10/log_dir/sirius_2026-06-30.log,9,96,16,HASH_JOIN,JOIN,33,PARTITIONED,PIPELINEABLE,3,1,2,3447103,5,71236920,0.07123692,1,157145,3,3771480,0.00377148,0.052943,0.045588,23428
q10,q10,/home/dy1013/sirius_multi-gpu/experiment/join_retention_runs/join_retention_20260630_075038/queries/q10/log_dir/sirius_2026-06-30.log,9,94,16,HASH_JOIN,JOIN,33,PARTITIONED,PIPELINEABLE,2,1,2,23484546,5,552171808,0.552171808,1,1708665,3,41007960,0.04100796,0.074267,0.072757,24101
q10,q10,/home/dy1013/sirius_multi-gpu/experiment/join_retention_runs/join_retention_20260630_075038/queries/q10/log_dir/sirius_2026-06-30.log,9,95,16,HASH_JOIN,JOIN,33,PARTITIONED,PIPELINEABLE,2,1,2,14391017,5,333927112,0.333927112,1,1003457,3,24082968,0.024082968,0.07212,0.069728,24245
q10,q10,/home/dy1013/sirius_multi-gpu/experiment/join_retention_runs/join_retention_20260630_075038/queries/q10/log_dir/sirius_2026-06-30.log,9,93,16,HASH_JOIN,JOIN,33,PARTITIONED,PIPELINEABLE,2,1,2,3437117,5,71033512,0.071033512,1,155093,3,3722232,0.003722232,0.052401,0.045123,26173
q10,q10,/home/dy1013/sirius_multi-gpu/experiment/join_retention_runs/join_retention_20260630_075038/queries/q10/log_dir/sirius_2026-06-30.log,9,97,16,HASH_JOIN,JOIN,33,PARTITIONED,PIPELINEABLE,3,1,2,23492626,5,552329472,0.552329472,1,1712068,3,41089632,0.041089632,0.074393,0.072877,26225
q10,q10,/home/dy1013/sirius_multi-gpu/experiment/join_retention_runs/join_retention_20260630_075038/queries/q10/log_dir/sirius_2026-06-30.log,9,98,16,HASH_JOIN,JOIN,33,PARTITIONED,PIPELINEABLE,3,1,2,14391171,5,333894552,0.333894552,1,1004798,3,24115152,0.024115152,0.072224,0.06982,26549
q10,q10,/home/dy1013/sirius_multi-gpu/experiment/join_retention_runs/join_retention_20260630_075038/queries/q10/log_dir/sirius_2026-06-30.log,10,105,33,PARTITION,PARTITION,82,PIPELINEABLE,PIPELINEABLE,3,1,1,157145,3,3771480,0.00377148,4,157145,12,3771480,0.00377148,1.0,1.0,11508
q10,q10,/home/dy1013/sirius_multi-gpu/experiment/join_retention_runs/join_retention_20260630_075038/queries/q10/log_dir/sirius_2026-06-30.log,10,100,33,PARTITION,PARTITION,82,PIPELINEABLE,PIPELINEABLE,1,1,1,1003089,3,24074136,0.024074136,4,1003089,12,24074136,0.024074136,1.0,1.0,12313
q10,q10,/home/dy1013/sirius_multi-gpu/experiment/join_retention_runs/join_retention_20260630_075038/queries/q10/log_dir/sirius_2026-06-30.log,10,109,33,PARTITION,PARTITION,82,PIPELINEABLE,PIPELINEABLE,3,1,1,1712068,3,41089632,0.041089632,4,1712068,12,41089632,0.041089632,1.0,1.0,12545
q10,q10,/home/dy1013/sirius_multi-gpu/experiment/join_retention_runs/join_retention_20260630_075038/queries/q10/log_dir/sirius_2026-06-30.log,10,102,33,PARTITION,PARTITION,82,PIPELINEABLE,PIPELINEABLE,0,1,1,1710385,3,41049240,0.04104924,4,1710385,12,41049240,0.04104924,1.0,1.0,13060
q10,q10,/home/dy1013/sirius_multi-gpu/experiment/join_retention_runs/join_retention_20260630_075038/queries/q10/log_dir/sirius_2026-06-30.log,10,104,33,PARTITION,PARTITION,82,PIPELINEABLE,PIPELINEABLE,0,1,1,154534,3,3708816,0.003708816,4,154534,12,3708816,0.003708816,1.0,1.0,13245
q10,q10,/home/dy1013/sirius_multi-gpu/experiment/join_retention_runs/join_retention_20260630_075038/queries/q10/log_dir/sirius_2026-06-30.log,10,110,33,PARTITION,PARTITION,82,PIPELINEABLE,PIPELINEABLE,3,1,1,1004798,3,24115152,0.024115152,4,1004798,12,24115152,0.024115152,1.0,1.0,13411
q10,q10,/home/dy1013/sirius_multi-gpu/experiment/join_retention_runs/join_retention_20260630_075038/queries/q10/log_dir/sirius_2026-06-30.log,10,101,33,PARTITION,PARTITION,82,PIPELINEABLE,PIPELINEABLE,1,1,1,156156,3,3747744,0.003747744,4,156156,12,3747744,0.003747744,1.0,1.0,13517
q10,q10,/home/dy1013/sirius_multi-gpu/experiment/join_retention_runs/join_retention_20260630_075038/queries/q10/log_dir/sirius_2026-06-30.log,10,106,33,PARTITION,PARTITION,82,PIPELINEABLE,PIPELINEABLE,2,1,1,1708665,3,41007960,0.04100796,4,1708665,12,41007960,0.04100796,1.0,1.0,13748
q10,q10,/home/dy1013/sirius_multi-gpu/experiment/join_retention_runs/join_retention_20260630_075038/queries/q10/log_dir/sirius_2026-06-30.log,10,99,33,PARTITION,PARTITION,82,PIPELINEABLE,PIPELINEABLE,1,1,1,1709473,3,41027352,0.041027352,4,1709473,12,41027352,0.041027352,1.0,1.0,13894
q10,q10,/home/dy1013/sirius_multi-gpu/experiment/join_retention_runs/join_retention_20260630_075038/queries/q10/log_dir/sirius_2026-06-30.log,10,107,33,PARTITION,PARTITION,82,PIPELINEABLE,PIPELINEABLE,2,1,1,1003457,3,24082968,0.024082968,4,1003457,12,24082968,0.024082968,1.0,1.0,14062
q10,q10,/home/dy1013/sirius_multi-gpu/experiment/join_retention_runs/join_retention_20260630_075038/queries/q10/log_dir/sirius_2026-06-30.log,10,108,33,PARTITION,PARTITION,82,PIPELINEABLE,PIPELINEABLE,2,1,1,155093,3,3722232,0.003722232,4,155093,12,3722232,0.003722232,1.0,1.0,14111
q10,q10,/home/dy1013/sirius_multi-gpu/experiment/join_retention_runs/join_retention_20260630_075038/queries/q10/log_dir/sirius_2026-06-30.log,10,103,33,PARTITION,PARTITION,82,PIPELINEABLE,PIPELINEABLE,0,1,1,1002742,3,24065808,0.024065808,4,1002742,12,24065808,0.024065808,1.0,1.0,14399
q10,q10,/home/dy1013/sirius_multi-gpu/experiment/join_retention_runs/join_retention_20260630_075038/queries/q10/log_dir/sirius_2026-06-30.log,11,114,32,CONCAT,CONCAT,83,PARTITIONED,PARTITIONED,3,1,12,2875612,36,69014688,0.069014688,1,2875612,3,69014688,0.069014688,1.0,1.0,5318
q10,q10,/home/dy1013/sirius_multi-gpu/experiment/join_retention_runs/join_retention_20260630_075038/queries/q10/log_dir/sirius_2026-06-30.log,11,111,32,CONCAT,CONCAT,83,PARTITIONED,PARTITIONED,0,1,12,2863987,36,68735688,0.068735688,1,2863987,3,68735688,0.068735688,1.0,1.0,5694
q10,q10,/home/dy1013/sirius_multi-gpu/experiment/join_retention_runs/join_retention_20260630_075038/queries/q10/log_dir/sirius_2026-06-30.log,11,113,32,CONCAT,CONCAT,83,PARTITIONED,PARTITIONED,2,1,12,2871345,36,68912280,0.06891228,1,2871345,3,68912280,0.06891228,1.0,1.0,6012
q10,q10,/home/dy1013/sirius_multi-gpu/experiment/join_retention_runs/join_retention_20260630_075038/queries/q10/log_dir/sirius_2026-06-30.log,11,112,32,CONCAT,CONCAT,83,PARTITIONED,PARTITIONED,1,1,12,2866661,36,68799864,0.068799864,1,2866661,3,68799864,0.068799864,1.0,1.0,5493
q10,q10,/home/dy1013/sirius_multi-gpu/experiment/join_retention_runs/join_retention_20260630_075038/queries/q10/log_dir/sirius_2026-06-30.log,16,116,38,PARTITION,PARTITION,82,PIPELINEABLE,PIPELINEABLE,1,1,1,3198134,7,557840111,0.557840111,4,3198134,28,557041195,0.557041195,0.998568,1.0,60469
q10,q10,/home/dy1013/sirius_multi-gpu/experiment/join_retention_runs/join_retention_20260630_075038/queries/q10/log_dir/sirius_2026-06-30.log,16,117,38,PARTITION,PARTITION,82,PIPELINEABLE,PIPELINEABLE,1,1,1,3201659,7,558517414,0.558517414,4,3201659,28,557717282,0.557717282,0.998567,1.0,60753
q10,q10,/home/dy1013/sirius_multi-gpu/experiment/join_retention_runs/join_retention_20260630_075038/queries/q10/log_dir/sirius_2026-06-30.log,16,118,38,PARTITION,PARTITION,82,PIPELINEABLE,PIPELINEABLE,1,1,1,3197804,7,557797878,0.557797878,4,3197804,28,556998770,0.55699877,0.998567,1.0,60721
q10,q10,/home/dy1013/sirius_multi-gpu/experiment/join_retention_runs/join_retention_20260630_075038/queries/q10/log_dir/sirius_2026-06-30.log,16,115,38,PARTITION,PARTITION,82,PIPELINEABLE,PIPELINEABLE,1,1,1,3205766,7,559221141,0.559221141,4,3205766,28,558420305,0.558420305,0.998568,1.0,61094
q10,q10,/home/dy1013/sirius_multi-gpu/experiment/join_retention_runs/join_retention_20260630_075038/queries/q10/log_dir/sirius_2026-06-30.log,17,123,37,CONCAT,CONCAT,83,PARTITIONED,PARTITIONED,1,1,1,800340,7,139424847,0.139424847,1,800340,7,139424847,0.139424847,1.0,1.0,18
q10,q10,/home/dy1013/sirius_multi-gpu/experiment/join_retention_runs/join_retention_20260630_075038/queries/q10/log_dir/sirius_2026-06-30.log,17,127,37,CONCAT,CONCAT,83,PARTITIONED,PARTITIONED,3,1,1,803167,7,139893898,0.139893898,1,803167,7,139893898,0.139893898,1.0,1.0,1
q10,q10,/home/dy1013/sirius_multi-gpu/experiment/join_retention_runs/join_retention_20260630_075038/queries/q10/log_dir/sirius_2026-06-30.log,17,121,37,CONCAT,CONCAT,83,PARTITIONED,PARTITIONED,0,1,1,801833,7,139675550,0.13967555,1,801833,7,139675550,0.13967555,1.0,1.0,1
q10,q10,/home/dy1013/sirius_multi-gpu/experiment/join_retention_runs/join_retention_20260630_075038/queries/q10/log_dir/sirius_2026-06-30.log,17,125,37,CONCAT,CONCAT,83,PARTITIONED,PARTITIONED,2,1,1,800426,7,139426010,0.13942601,1,800426,7,139426010,0.13942601,1.0,1.0,1
q10,q10,/home/dy1013/sirius_multi-gpu/experiment/join_retention_runs/join_retention_20260630_075038/queries/q10/log_dir/sirius_2026-06-30.log,17,122,37,CONCAT,CONCAT,83,PARTITIONED,PARTITIONED,1,1,3,2398073,21,417734834,0.417734834,1,2398073,7,416235594,0.416235594,0.996411,1.0,92460
q10,q10,/home/dy1013/sirius_multi-gpu/experiment/join_retention_runs/join_retention_20260630_075038/queries/q10/log_dir/sirius_2026-06-30.log,17,126,37,CONCAT,CONCAT,83,PARTITIONED,PARTITIONED,3,1,3,2399643,21,417941627,0.417941627,1,2399643,7,416441427,0.416441427,0.996411,1.0,15969
q10,q10,/home/dy1013/sirius_multi-gpu/experiment/join_retention_runs/join_retention_20260630_075038/queries/q10/log_dir/sirius_2026-06-30.log,17,120,37,CONCAT,CONCAT,83,PARTITIONED,PARTITIONED,0,1,3,2399949,21,418053347,0.418053347,1,2399949,7,416552827,0.416552827,0.996411,1.0,17757
q10,q10,/home/dy1013/sirius_multi-gpu/experiment/join_retention_runs/join_retention_20260630_075038/queries/q10/log_dir/sirius_2026-06-30.log,17,124,37,CONCAT,CONCAT,83,PARTITIONED,PARTITIONED,2,1,3,2399932,21,418027439,0.418027439,1,2399932,7,416526919,0.416526919,0.99641,1.0,17566
q10,q10,/home/dy1013/sirius_multi-gpu/experiment/join_retention_runs/join_retention_20260630_075038/queries/q10/log_dir/sirius_2026-06-30.log,16,119,38,PARTITION,PARTITION,82,PIPELINEABLE,PIPELINEABLE,1,1,1,2196637,7,383213605,0.383213605,4,2196637,28,382665057,0.382665057,0.998569,1.0,105887
q10,q10,/home/dy1013/sirius_multi-gpu/experiment/join_retention_runs/join_retention_20260630_075038/queries/q10/log_dir/sirius_2026-06-30.log,17,129,37,CONCAT,CONCAT,83,PARTITIONED,PARTITIONED,1,1,1,548865,7,95624570,0.09562457,1,548865,7,95624570,0.09562457,1.0,1.0,2
q10,q10,/home/dy1013/sirius_multi-gpu/experiment/join_retention_runs/join_retention_20260630_075038/queries/q10/log_dir/sirius_2026-06-30.log,17,131,37,CONCAT,CONCAT,83,PARTITIONED,PARTITIONED,3,1,1,549549,7,95727839,0.095727839,1,549549,7,95727839,0.095727839,1.0,1.0,2
q10,q10,/home/dy1013/sirius_multi-gpu/experiment/join_retention_runs/join_retention_20260630_075038/queries/q10/log_dir/sirius_2026-06-30.log,17,128,37,CONCAT,CONCAT,83,PARTITIONED,PARTITIONED,0,1,1,548986,7,95622703,0.095622703,1,548986,7,95622703,0.095622703,1.0,1.0,1
q10,q10,/home/dy1013/sirius_multi-gpu/experiment/join_retention_runs/join_retention_20260630_075038/queries/q10/log_dir/sirius_2026-06-30.log,17,130,37,CONCAT,CONCAT,83,PARTITIONED,PARTITIONED,2,1,1,549237,7,95689945,0.095689945,1,549237,7,95689945,0.095689945,1.0,1.0,1
q10,q10,/home/dy1013/sirius_multi-gpu/experiment/join_retention_runs/join_retention_20260630_075038/queries/q10/log_dir/sirius_2026-06-30.log,18,132,17,HASH_JOIN,JOIN,33,PARTITIONED,PIPELINEABLE,0,3,2,3665820,10,208411238,0.208411238,1,613413,9,116734443,0.116734443,0.560116,0.167333,27991
q10,q10,/home/dy1013/sirius_multi-gpu/experiment/join_retention_runs/join_retention_20260630_075038/queries/q10/log_dir/sirius_2026-06-30.log,18,140,17,HASH_JOIN,JOIN,33,PARTITIONED,PIPELINEABLE,2,3,2,3420582,10,164602225,0.164602225,1,420159,9,79944350,0.07994435,0.485682,0.122833,28263
q10,q10,/home/dy1013/sirius_multi-gpu/experiment/join_retention_runs/join_retention_20260630_075038/queries/q10/log_dir/sirius_2026-06-30.log,18,133,17,HASH_JOIN,JOIN,33,PARTITIONED,PIPELINEABLE,0,3,2,5263936,10,485288515,0.485288515,1,1831388,9,347187179,0.347187179,0.715424,0.347912,28630
q10,q10,/home/dy1013/sirius_multi-gpu/experiment/join_retention_runs/join_retention_20260630_075038/queries/q10/log_dir/sirius_2026-06-30.log,18,138,17,HASH_JOIN,JOIN,33,PARTITIONED,PIPELINEABLE,2,3,2,3671771,10,208338290,0.20833829,1,612902,9,116519434,0.116519434,0.55928,0.166923,29409
q10,q10,/home/dy1013/sirius_multi-gpu/experiment/join_retention_runs/join_retention_20260630_075038/queries/q10/log_dir/sirius_2026-06-30.log,18,134,17,HASH_JOIN,JOIN,33,PARTITIONED,PIPELINEABLE,0,3,2,3412973,10,164358391,0.164358391,1,419186,9,79774812,0.079774812,0.485371,0.122821,30460
q10,q10,/home/dy1013/sirius_multi-gpu/experiment/join_retention_runs/join_retention_20260630_075038/queries/q10/log_dir/sirius_2026-06-30.log,18,139,17,HASH_JOIN,JOIN,33,PARTITIONED,PIPELINEABLE,2,3,2,5271277,10,485439199,0.485439199,1,1838284,9,348358334,0.348358334,0.717615,0.348736,31226
q10,q10,/home/dy1013/sirius_multi-gpu/experiment/join_retention_runs/join_retention_20260630_075038/queries/q10/log_dir/sirius_2026-06-30.log,18,142,17,HASH_JOIN,JOIN,33,PARTITIONED,PIPELINEABLE,3,3,2,5275255,10,485456115,0.485456115,1,1839382,9,348664337,0.348664337,0.71822,0.348681,31103
q10,q10,/home/dy1013/sirius_multi-gpu/experiment/join_retention_runs/join_retention_20260630_075038/queries/q10/log_dir/sirius_2026-06-30.log,18,136,17,HASH_JOIN,JOIN,33,PARTITIONED,PIPELINEABLE,1,3,2,5264734,10,485035458,0.485035458,1,1836783,9,348120816,0.348120816,0.717722,0.348884,31255
q10,q10,/home/dy1013/sirius_multi-gpu/experiment/join_retention_runs/join_retention_20260630_075038/queries/q10/log_dir/sirius_2026-06-30.log,18,141,17,HASH_JOIN,JOIN,33,PARTITIONED,PIPELINEABLE,3,3,2,3678779,10,208908586,0.208908586,1,614585,9,116844942,0.116844942,0.559311,0.167062,31497
q10,q10,/home/dy1013/sirius_multi-gpu/experiment/join_retention_runs/join_retention_20260630_075038/queries/q10/log_dir/sirius_2026-06-30.log,18,135,17,HASH_JOIN,JOIN,33,PARTITIONED,PIPELINEABLE,1,3,2,3667001,10,208224711,0.208224711,1,612667,9,116521647,0.116521647,0.559596,0.167076,32242
q10,q10,/home/dy1013/sirius_multi-gpu/experiment/join_retention_runs/join_retention_20260630_075038/queries/q10/log_dir/sirius_2026-06-30.log,18,137,17,HASH_JOIN,JOIN,33,PARTITIONED,PIPELINEABLE,1,3,2,3415526,10,164424434,0.164424434,1,417211,9,79349491,0.079349491,0.482589,0.122151,31933
q10,q10,/home/dy1013/sirius_multi-gpu/experiment/join_retention_runs/join_retention_20260630_075038/queries/q10/log_dir/sirius_2026-06-30.log,18,143,17,HASH_JOIN,JOIN,33,PARTITIONED,PIPELINEABLE,3,3,2,3425161,10,164742527,0.164742527,1,421645,9,80213980,0.08021398,0.486905,0.123102,32294
q10,q10,/home/dy1013/sirius_multi-gpu/experiment/join_retention_runs/join_retention_20260630_075038/queries/q10/log_dir/sirius_2026-06-30.log,18,139,18,PROJECTION,PROJECTION,13,PIPELINEABLE,PIPELINEABLE,2,3,1,1838284,9,348358334,0.348358334,1,1838284,8,333652062,0.333652062,0.957784,1.0,6414
q10,q10,/home/dy1013/sirius_multi-gpu/experiment/join_retention_runs/join_retention_20260630_075038/queries/q10/log_dir/sirius_2026-06-30.log,18,136,18,PROJECTION,PROJECTION,13,PIPELINEABLE,PIPELINEABLE,1,3,1,1836783,9,348120816,0.348120816,1,1836783,8,333426552,0.333426552,0.95779,1.0,6262
q10,q10,/home/dy1013/sirius_multi-gpu/experiment/join_retention_runs/join_retention_20260630_075038/queries/q10/log_dir/sirius_2026-06-30.log,18,133,18,PROJECTION,PROJECTION,13,PIPELINEABLE,PIPELINEABLE,0,3,1,1831388,9,347187179,0.347187179,1,1831388,8,332536075,0.332536075,0.957801,1.0,8233
q10,q10,/home/dy1013/sirius_multi-gpu/experiment/join_retention_runs/join_retention_20260630_075038/queries/q10/log_dir/sirius_2026-06-30.log,18,142,18,PROJECTION,PROJECTION,13,PIPELINEABLE,PIPELINEABLE,3,3,1,1839382,9,348664337,0.348664337,1,1839382,8,333949281,0.333949281,0.957796,1.0,6579
q10,q10,/home/dy1013/sirius_multi-gpu/experiment/join_retention_runs/join_retention_20260630_075038/queries/q10/log_dir/sirius_2026-06-30.log,18,132,18,PROJECTION,PROJECTION,13,PIPELINEABLE,PIPELINEABLE,0,3,1,613413,9,116734443,0.116734443,1,613413,8,111827139,0.111827139,0.957962,1.0,12059
q10,q10,/home/dy1013/sirius_multi-gpu/experiment/join_retention_runs/join_retention_20260630_075038/queries/q10/log_dir/sirius_2026-06-30.log,18,140,18,PROJECTION,PROJECTION,13,PIPELINEABLE,PIPELINEABLE,2,3,1,420159,9,79944350,0.07994435,1,420159,8,76583078,0.076583078,0.957955,1.0,12691
q10,q10,/home/dy1013/sirius_multi-gpu/experiment/join_retention_runs/join_retention_20260630_075038/queries/q10/log_dir/sirius_2026-06-30.log,18,134,18,PROJECTION,PROJECTION,13,PIPELINEABLE,PIPELINEABLE,0,3,1,419186,9,79774812,0.079774812,1,419186,8,76421324,0.076421324,0.957963,1.0,11032
q10,q10,/home/dy1013/sirius_multi-gpu/experiment/join_retention_runs/join_retention_20260630_075038/queries/q10/log_dir/sirius_2026-06-30.log,18,138,18,PROJECTION,PROJECTION,13,PIPELINEABLE,PIPELINEABLE,2,3,1,612902,9,116519434,0.116519434,1,612902,8,111616218,0.111616218,0.957919,1.0,12318
q10,q10,/home/dy1013/sirius_multi-gpu/experiment/join_retention_runs/join_retention_20260630_075038/queries/q10/log_dir/sirius_2026-06-30.log,18,135,18,PROJECTION,PROJECTION,13,PIPELINEABLE,PIPELINEABLE,1,3,1,612667,9,116521647,0.116521647,1,612667,8,111620311,0.111620311,0.957936,1.0,11675
q10,q10,/home/dy1013/sirius_multi-gpu/experiment/join_retention_runs/join_retention_20260630_075038/queries/q10/log_dir/sirius_2026-06-30.log,18,141,18,PROJECTION,PROJECTION,13,PIPELINEABLE,PIPELINEABLE,3,3,1,614585,9,116844942,0.116844942,1,614585,8,111928262,0.111928262,0.957921,1.0,12698
q10,q10,/home/dy1013/sirius_multi-gpu/experiment/join_retention_runs/join_retention_20260630_075038/queries/q10/log_dir/sirius_2026-06-30.log,18,143,18,PROJECTION,PROJECTION,13,PIPELINEABLE,PIPELINEABLE,3,3,1,421645,9,80213980,0.08021398,1,421645,8,76840820,0.07684082,0.957948,1.0,12302
q10,q10,/home/dy1013/sirius_multi-gpu/experiment/join_retention_runs/join_retention_20260630_075038/queries/q10/log_dir/sirius_2026-06-30.log,18,137,18,PROJECTION,PROJECTION,13,PIPELINEABLE,PIPELINEABLE,1,3,1,417211,9,79349491,0.079349491,1,417211,8,76011803,0.076011803,0.957937,1.0,12725
q10,q10,/home/dy1013/sirius_multi-gpu/experiment/join_retention_runs/join_retention_20260630_075038/queries/q10/log_dir/sirius_2026-06-30.log,18,140,19,HASH_GROUP_BY,AGGREGATE,9,PIPELINEABLE,PIPELINEABLE,2,3,1,420159,8,76583078,0.076583078,1,142334,8,27085321,0.027085321,0.353672,0.338762,57265
q10,q10,/home/dy1013/sirius_multi-gpu/experiment/join_retention_runs/join_retention_20260630_075038/queries/q10/log_dir/sirius_2026-06-30.log,18,138,19,HASH_GROUP_BY,AGGREGATE,9,PIPELINEABLE,PIPELINEABLE,2,3,1,612902,8,111616218,0.111616218,1,207515,8,39451900,0.0394519,0.35346,0.338578,56894
q10,q10,/home/dy1013/sirius_multi-gpu/experiment/join_retention_runs/join_retention_20260630_075038/queries/q10/log_dir/sirius_2026-06-30.log,18,139,19,HASH_GROUP_BY,AGGREGATE,9,PIPELINEABLE,PIPELINEABLE,2,3,1,1838284,8,333652062,0.333652062,1,622009,8,117883465,0.117883465,0.353313,0.338364,62222
q10,q10,/home/dy1013/sirius_multi-gpu/experiment/join_retention_runs/join_retention_20260630_075038/queries/q10/log_dir/sirius_2026-06-30.log,18,136,19,HASH_GROUP_BY,AGGREGATE,9,PIPELINEABLE,PIPELINEABLE,1,3,1,1836783,8,333426552,0.333426552,1,621719,8,117837836,0.117837836,0.353415,0.338483,62702
q10,q10,/home/dy1013/sirius_multi-gpu/experiment/join_retention_runs/join_retention_20260630_075038/queries/q10/log_dir/sirius_2026-06-30.log,18,135,19,HASH_GROUP_BY,AGGREGATE,9,PIPELINEABLE,PIPELINEABLE,1,3,1,612667,8,111620311,0.111620311,1,207192,8,39417790,0.03941779,0.353142,0.33818,57127
q10,q10,/home/dy1013/sirius_multi-gpu/experiment/join_retention_runs/join_retention_20260630_075038/queries/q10/log_dir/sirius_2026-06-30.log,18,137,19,HASH_GROUP_BY,AGGREGATE,9,PIPELINEABLE,PIPELINEABLE,1,3,1,417211,8,76011803,0.076011803,1,141727,8,26956495,0.026956495,0.354636,0.339701,56169
q10,q10,/home/dy1013/sirius_multi-gpu/experiment/join_retention_runs/join_retention_20260630_075038/queries/q10/log_dir/sirius_2026-06-30.log,18,133,19,HASH_GROUP_BY,AGGREGATE,9,PIPELINEABLE,PIPELINEABLE,0,3,1,1831388,8,332536075,0.332536075,1,620979,8,117722055,0.117722055,0.354013,0.339076,64657
q10,q10,/home/dy1013/sirius_multi-gpu/experiment/join_retention_runs/join_retention_20260630_075038/queries/q10/log_dir/sirius_2026-06-30.log,18,132,19,HASH_GROUP_BY,AGGREGATE,9,PIPELINEABLE,PIPELINEABLE,0,3,1,613413,8,111827139,0.111827139,1,207686,8,39520390,0.03952039,0.353406,0.338575,63333
q10,q10,/home/dy1013/sirius_multi-gpu/experiment/join_retention_runs/join_retention_20260630_075038/queries/q10/log_dir/sirius_2026-06-30.log,18,134,19,HASH_GROUP_BY,AGGREGATE,9,PIPELINEABLE,PIPELINEABLE,0,3,1,419186,8,76421324,0.076421324,1,142114,8,27028407,0.027028407,0.353676,0.339024,61498
q10,q10,/home/dy1013/sirius_multi-gpu/experiment/join_retention_runs/join_retention_20260630_075038/queries/q10/log_dir/sirius_2026-06-30.log,18,143,19,HASH_GROUP_BY,AGGREGATE,9,PIPELINEABLE,PIPELINEABLE,3,3,1,421645,8,76840820,0.07684082,1,142213,8,27050257,0.027050257,0.35203,0.337281,61627
q10,q10,/home/dy1013/sirius_multi-gpu/experiment/join_retention_runs/join_retention_20260630_075038/queries/q10/log_dir/sirius_2026-06-30.log,18,142,19,HASH_GROUP_BY,AGGREGATE,9,PIPELINEABLE,PIPELINEABLE,3,3,1,1839382,8,333949281,0.333949281,1,622779,8,118041918,0.118041918,0.353473,0.338581,69020
q10,q10,/home/dy1013/sirius_multi-gpu/experiment/join_retention_runs/join_retention_20260630_075038/queries/q10/log_dir/sirius_2026-06-30.log,18,141,19,HASH_GROUP_BY,AGGREGATE,9,PIPELINEABLE,PIPELINEABLE,3,3,1,614585,8,111928262,0.111928262,1,208189,8,39571089,0.039571089,0.35354,0.338747,62653
q10,q10,/home/dy1013/sirius_multi-gpu/experiment/join_retention_runs/join_retention_20260630_075038/queries/q10/log_dir/sirius_2026-06-30.log,19,146,39,PARTITION,PARTITION,82,PIPELINEABLE,PIPELINEABLE,2,1,1,622009,8,117883465,0.117883465,4,622009,32,117883525,0.117883525,1.000001,1.0,41420
q10,q10,/home/dy1013/sirius_multi-gpu/experiment/join_retention_runs/join_retention_20260630_075038/queries/q10/log_dir/sirius_2026-06-30.log,19,147,39,PARTITION,PARTITION,82,PIPELINEABLE,PIPELINEABLE,1,1,1,621719,8,117837836,0.117837836,4,621719,32,117837896,0.117837896,1.000001,1.0,43774
q10,q10,/home/dy1013/sirius_multi-gpu/experiment/join_retention_runs/join_retention_20260630_075038/queries/q10/log_dir/sirius_2026-06-30.log,19,154,39,PARTITION,PARTITION,82,PIPELINEABLE,PIPELINEABLE,3,1,1,622779,8,118041918,0.118041918,4,622779,32,118041978,0.118041978,1.000001,1.0,45950
q10,q10,/home/dy1013/sirius_multi-gpu/experiment/join_retention_runs/join_retention_20260630_075038/queries/q10/log_dir/sirius_2026-06-30.log,19,150,39,PARTITION,PARTITION,82,PIPELINEABLE,PIPELINEABLE,0,1,1,620979,8,117722055,0.117722055,4,620979,32,117722115,0.117722115,1.000001,1.0,45909
q10,q10,/home/dy1013/sirius_multi-gpu/experiment/join_retention_runs/join_retention_20260630_075038/queries/q10/log_dir/sirius_2026-06-30.log,19,148,39,PARTITION,PARTITION,82,PIPELINEABLE,PIPELINEABLE,1,1,1,207192,8,39417790,0.03941779,4,207192,32,39418170,0.03941817,1.00001,1.0,70277
q10,q10,/home/dy1013/sirius_multi-gpu/experiment/join_retention_runs/join_retention_20260630_075038/queries/q10/log_dir/sirius_2026-06-30.log,19,149,39,PARTITION,PARTITION,82,PIPELINEABLE,PIPELINEABLE,1,1,1,141727,8,26956495,0.026956495,4,141727,32,26957195,0.026957195,1.000026,1.0,71943
q10,q10,/home/dy1013/sirius_multi-gpu/experiment/join_retention_runs/join_retention_20260630_075038/queries/q10/log_dir/sirius_2026-06-30.log,19,153,39,PARTITION,PARTITION,82,PIPELINEABLE,PIPELINEABLE,3,1,1,142213,8,27050257,0.027050257,4,142213,32,27050957,0.027050957,1.000026,1.0,75848
q10,q10,/home/dy1013/sirius_multi-gpu/experiment/join_retention_runs/join_retention_20260630_075038/queries/q10/log_dir/sirius_2026-06-30.log,19,145,39,PARTITION,PARTITION,82,PIPELINEABLE,PIPELINEABLE,2,1,1,207515,8,39451900,0.0394519,4,207515,32,39452280,0.03945228,1.00001,1.0,76660
q10,q10,/home/dy1013/sirius_multi-gpu/experiment/join_retention_runs/join_retention_20260630_075038/queries/q10/log_dir/sirius_2026-06-30.log,19,152,39,PARTITION,PARTITION,82,PIPELINEABLE,PIPELINEABLE,0,1,1,142114,8,27028407,0.027028407,4,142114,32,27028787,0.027028787,1.000014,1.0,76447
q10,q10,/home/dy1013/sirius_multi-gpu/experiment/join_retention_runs/join_retention_20260630_075038/queries/q10/log_dir/sirius_2026-06-30.log,19,144,39,PARTITION,PARTITION,82,PIPELINEABLE,PIPELINEABLE,2,1,1,142334,8,27085321,0.027085321,4,142334,32,27086021,0.027086021,1.000026,1.0,77101
q10,q10,/home/dy1013/sirius_multi-gpu/experiment/join_retention_runs/join_retention_20260630_075038/queries/q10/log_dir/sirius_2026-06-30.log,19,151,39,PARTITION,PARTITION,82,PIPELINEABLE,PIPELINEABLE,0,1,1,207686,8,39520390,0.03952039,4,207686,32,39520770,0.03952077,1.00001,1.0,77248
q10,q10,/home/dy1013/sirius_multi-gpu/experiment/join_retention_runs/join_retention_20260630_075038/queries/q10/log_dir/sirius_2026-06-30.log,19,155,39,PARTITION,PARTITION,82,PIPELINEABLE,PIPELINEABLE,3,1,1,208189,8,39571089,0.039571089,4,208189,32,39571789,0.039571789,1.000018,1.0,77631
q10,q10,/home/dy1013/sirius_multi-gpu/experiment/join_retention_runs/join_retention_20260630_075038/queries/q10/log_dir/sirius_2026-06-30.log,20,158,40,MERGE_GROUP_BY,AGGREGATE,85,PARTITIONED,PIPELINEABLE,2,1,12,971427,96,184370176,0.184370176,1,971427,8,184149476,0.184149476,0.998803,1.0,32890
q10,q10,/home/dy1013/sirius_multi-gpu/experiment/join_retention_runs/join_retention_20260630_075038/queries/q10/log_dir/sirius_2026-06-30.log,20,157,40,MERGE_GROUP_BY,AGGREGATE,85,PARTITIONED,PIPELINEABLE,1,1,12,973364,96,184751276,0.184751276,1,973364,8,184530896,0.184530896,0.998807,1.0,35483
q10,q10,/home/dy1013/sirius_multi-gpu/experiment/join_retention_runs/join_retention_20260630_075038/queries/q10/log_dir/sirius_2026-06-30.log,20,156,40,MERGE_GROUP_BY,AGGREGATE,85,PARTITIONED,PIPELINEABLE,0,1,12,969730,96,184024436,0.184024436,1,969730,8,183805016,0.183805016,0.998808,1.0,35561
q10,q10,/home/dy1013/sirius_multi-gpu/experiment/join_retention_runs/join_retention_20260630_075038/queries/q10/log_dir/sirius_2026-06-30.log,20,159,40,MERGE_GROUP_BY,AGGREGATE,85,PARTITIONED,PIPELINEABLE,3,1,12,971935,96,184425595,0.184425595,1,971935,8,184206175,0.184206175,0.99881,1.0,36659
q10,q10,/home/dy1013/sirius_multi-gpu/experiment/join_retention_runs/join_retention_20260630_075038/queries/q10/log_dir/sirius_2026-06-30.log,21,160,20,PROJECTION,PROJECTION,13,PIPELINEABLE,PIPELINEABLE,2,2,1,971427,8,184149476,0.184149476,1,971427,8,184149476,0.184149476,1.0,1.0,1349
q10,q10,/home/dy1013/sirius_multi-gpu/experiment/join_retention_runs/join_retention_20260630_075038/queries/q10/log_dir/sirius_2026-06-30.log,21,161,20,PROJECTION,PROJECTION,13,PIPELINEABLE,PIPELINEABLE,1,2,1,973364,8,184530896,0.184530896,1,973364,8,184530896,0.184530896,1.0,1.0,1326
q10,q10,/home/dy1013/sirius_multi-gpu/experiment/join_retention_runs/join_retention_20260630_075038/queries/q10/log_dir/sirius_2026-06-30.log,21,162,20,PROJECTION,PROJECTION,13,PIPELINEABLE,PIPELINEABLE,0,2,1,969730,8,183805016,0.183805016,1,969730,8,183805016,0.183805016,1.0,1.0,1646
q10,q10,/home/dy1013/sirius_multi-gpu/experiment/join_retention_runs/join_retention_20260630_075038/queries/q10/log_dir/sirius_2026-06-30.log,21,163,20,PROJECTION,PROJECTION,13,PIPELINEABLE,PIPELINEABLE,3,2,1,971935,8,184206175,0.184206175,1,971935,8,184206175,0.184206175,1.0,1.0,1707
q10,q10,/home/dy1013/sirius_multi-gpu/experiment/join_retention_runs/join_retention_20260630_075038/queries/q10/log_dir/sirius_2026-06-30.log,21,160,21,TOP_N,LIMIT,5,PIPELINEABLE,PIPELINEABLE,2,2,1,971427,8,184149476,0.184149476,1,20,8,3783,3.783e-06,2.1e-05,2.1e-05,17178
q10,q10,/home/dy1013/sirius_multi-gpu/experiment/join_retention_runs/join_retention_20260630_075038/queries/q10/log_dir/sirius_2026-06-30.log,21,163,21,TOP_N,LIMIT,5,PIPELINEABLE,PIPELINEABLE,3,2,1,971935,8,184206175,0.184206175,1,20,8,3828,3.828e-06,2.1e-05,2.1e-05,17070
q10,q10,/home/dy1013/sirius_multi-gpu/experiment/join_retention_runs/join_retention_20260630_075038/queries/q10/log_dir/sirius_2026-06-30.log,21,162,21,TOP_N,LIMIT,5,PIPELINEABLE,PIPELINEABLE,0,2,1,969730,8,183805016,0.183805016,1,20,8,3846,3.846e-06,2.1e-05,2.1e-05,17429
q10,q10,/home/dy1013/sirius_multi-gpu/experiment/join_retention_runs/join_retention_20260630_075038/queries/q10/log_dir/sirius_2026-06-30.log,21,161,21,TOP_N,LIMIT,5,PIPELINEABLE,PIPELINEABLE,1,2,1,973364,8,184530896,0.184530896,1,20,8,3702,3.702e-06,2e-05,2.1e-05,18222
q10,q10,/home/dy1013/sirius_multi-gpu/experiment/join_retention_runs/join_retention_20260630_075038/queries/q10/log_dir/sirius_2026-06-30.log,22,164,41,MERGE_TOP_N,LIMIT,86,PIPELINEABLE,PIPELINEABLE,0,1,4,80,32,15159,1.5159e-05,1,20,8,3713,3.713e-06,0.244937,0.25,4868
q10,q10,/home/dy1013/sirius_multi-gpu/experiment/join_retention_runs/join_retention_20260630_075038/queries/q10/log_dir/sirius_2026-06-30.log,23,165,22,RESULT_COLLECTOR,RESULT,76,PIPELINEABLE,PIPELINEABLE,0,1,1,20,8,3713,3.713e-06,1,20,8,3713,3.713e-06,1.0,1.0,2
q11,q11,/home/dy1013/sirius_multi-gpu/experiment/join_retention_runs/join_retention_20260630_075038/queries/q11/log_dir/sirius_2026-06-30.log,0,0,41,GPU_SCAN,SCAN,94,GPU_SCAN,PIPELINEABLE,1,1,0,0,0,0,0.0,1,1,1,68,6.8e-08,0.0,0.0,34915
q11,q11,/home/dy1013/sirius_multi-gpu/experiment/join_retention_runs/join_retention_20260630_075038/queries/q11/log_dir/sirius_2026-06-30.log,1,1,43,PARTITION,PARTITION,82,PIPELINEABLE,PIPELINEABLE,1,1,1,1,1,68,6.8e-08,1,1,1,68,6.8e-08,1.0,1.0,3
q11,q11,/home/dy1013/sirius_multi-gpu/experiment/join_retention_runs/join_retention_20260630_075038/queries/q11/log_dir/sirius_2026-06-30.log,2,2,42,CONCAT,CONCAT,83,PARTITIONED,PARTITIONED,0,1,1,1,1,68,6.8e-08,1,1,1,68,6.8e-08,1.0,1.0,0
q11,q11,/home/dy1013/sirius_multi-gpu/experiment/join_retention_runs/join_retention_20260630_075038/queries/q11/log_dir/sirius_2026-06-30.log,3,3,44,GPU_SCAN,SCAN,94,GPU_SCAN,PIPELINEABLE,0,1,0,0,0,0,0.0,1,1000000,2,12250112,0.012250112,0.0,0.0,22371
q11,q11,/home/dy1013/sirius_multi-gpu/experiment/join_retention_runs/join_retention_20260630_075038/queries/q11/log_dir/sirius_2026-06-30.log,4,4,46,PARTITION,PARTITION,82,PIPELINEABLE,PIPELINEABLE,0,1,1,1000000,2,12250112,0.012250112,1,1000000,2,12250112,0.012250112,1.0,1.0,3
q11,q11,/home/dy1013/sirius_multi-gpu/experiment/join_retention_runs/join_retention_20260630_075038/queries/q11/log_dir/sirius_2026-06-30.log,5,5,45,CONCAT,CONCAT,83,PARTITIONED,PARTITIONED,0,1,1,1000000,2,12250112,0.012250112,1,1000000,2,12250112,0.012250112,1.0,1.0,5
q11,q11,/home/dy1013/sirius_multi-gpu/experiment/join_retention_runs/join_retention_20260630_075038/queries/q11/log_dir/sirius_2026-06-30.log,6,6,22,HASH_JOIN,JOIN,33,PARTITIONED,PIPELINEABLE,2,2,2,1000001,3,12250180,0.01225018,1,40045,3,655888,0.000655888,0.053541,0.040045,10753
q11,q11,/home/dy1013/sirius_multi-gpu/experiment/join_retention_runs/join_retention_20260630_075038/queries/q11/log_dir/sirius_2026-06-30.log,6,6,37,CTE,CTE,44,PIPELINEABLE,PIPELINEABLE,2,2,1,40045,3,655888,0.000655888,1,40045,3,655888,0.000655888,1.0,1.0,0
q11,q11,/home/dy1013/sirius_multi-gpu/experiment/join_retention_runs/join_retention_20260630_075038/queries/q11/log_dir/sirius_2026-06-30.log,7,7,48,PARTITION,PARTITION,82,PIPELINEABLE,PIPELINEABLE,2,1,1,40045,3,655888,0.000655888,1,40045,3,655888,0.000655888,1.0,1.0,3
q11,q11,/home/dy1013/sirius_multi-gpu/experiment/join_retention_runs/join_retention_20260630_075038/queries/q11/log_dir/sirius_2026-06-30.log,15,8,55,PARTITION,PARTITION,82,PIPELINEABLE,PIPELINEABLE,2,1,1,40045,3,655888,0.000655888,1,40045,3,655888,0.000655888,1.0,1.0,3
q11,q11,/home/dy1013/sirius_multi-gpu/experiment/join_retention_runs/join_retention_20260630_075038/queries/q11/log_dir/sirius_2026-06-30.log,8,9,47,CONCAT,CONCAT,83,PARTITIONED,PARTITIONED,0,1,1,40045,3,655888,0.000655888,1,40045,3,655888,0.000655888,1.0,1.0,2
q11,q11,/home/dy1013/sirius_multi-gpu/experiment/join_retention_runs/join_retention_20260630_075038/queries/q11/log_dir/sirius_2026-06-30.log,16,10,54,CONCAT,CONCAT,83,PARTITIONED,PARTITIONED,0,1,1,40045,3,655888,0.000655888,1,40045,3,655888,0.000655888,1.0,1.0,3
q11,q11,/home/dy1013/sirius_multi-gpu/experiment/join_retention_runs/join_retention_20260630_075038/queries/q11/log_dir/sirius_2026-06-30.log,17,15,56,GPU_SCAN,SCAN,94,GPU_SCAN,PIPELINEABLE,2,1,0,0,0,0,0.0,1,29103327,3,709393704,0.709393704,0.0,0.0,170340
q11,q11,/home/dy1013/sirius_multi-gpu/experiment/join_retention_runs/join_retention_20260630_075038/queries/q11/log_dir/sirius_2026-06-30.log,18,18,58,PARTITION,PARTITION,82,PIPELINEABLE,PIPELINEABLE,2,1,1,29103327,3,709393704,0.709393704,1,29103327,3,709393704,0.709393704,1.0,1.0,4
q11,q11,/home/dy1013/sirius_multi-gpu/experiment/join_retention_runs/join_retention_20260630_075038/queries/q11/log_dir/sirius_2026-06-30.log,9,14,49,GPU_SCAN,SCAN,94,GPU_SCAN,PIPELINEABLE,0,1,0,0,0,0,0.0,1,19338110,4,628488640,0.62848864,0.0,0.0,501726
q11,q11,/home/dy1013/sirius_multi-gpu/experiment/join_retention_runs/join_retention_20260630_075038/queries/q11/log_dir/sirius_2026-06-30.log,10,19,51,PARTITION,PARTITION,82,PIPELINEABLE,PIPELINEABLE,0,1,1,19338110,4,628488640,0.62848864,1,19338110,4,628488640,0.62848864,1.0,1.0,1
q11,q11,/home/dy1013/sirius_multi-gpu/experiment/join_retention_runs/join_retention_20260630_075038/queries/q11/log_dir/sirius_2026-06-30.log,9,13,49,GPU_SCAN,SCAN,94,GPU_SCAN,PIPELINEABLE,3,1,0,0,0,0,0.0,1,20211549,4,656875424,0.656875424,0.0,0.0,637252
q11,q11,/home/dy1013/sirius_multi-gpu/experiment/join_retention_runs/join_retention_20260630_075038/queries/q11/log_dir/sirius_2026-06-30.log,10,20,51,PARTITION,PARTITION,82,PIPELINEABLE,PIPELINEABLE,3,1,1,20211549,4,656875424,0.656875424,1,20211549,4,656875424,0.656875424,1.0,1.0,0
q11,q11,/home/dy1013/sirius_multi-gpu/experiment/join_retention_runs/join_retention_20260630_075038/queries/q11/log_dir/sirius_2026-06-30.log,11,21,50,CONCAT,CONCAT,83,PARTITIONED,PARTITIONED,0,1,1,19338110,4,628488640,0.62848864,1,19338110,4,628488640,0.62848864,1.0,1.0,6
q11,q11,/home/dy1013/sirius_multi-gpu/experiment/join_retention_runs/join_retention_20260630_075038/queries/q11/log_dir/sirius_2026-06-30.log,11,22,50,CONCAT,CONCAT,83,PARTITIONED,PARTITIONED,0,1,1,20211549,4,656875424,0.656875424,1,20211549,4,656875424,0.656875424,1.0,1.0,1
q11,q11,/home/dy1013/sirius_multi-gpu/experiment/join_retention_runs/join_retention_20260630_075038/queries/q11/log_dir/sirius_2026-06-30.log,12,23,25,HASH_JOIN,JOIN,33,PARTITIONED,PIPELINEABLE,1,3,2,19378155,7,629144528,0.629144528,1,774355,6,31555192,0.031555192,0.050156,0.03996,7266
q11,q11,/home/dy1013/sirius_multi-gpu/experiment/join_retention_runs/join_retention_20260630_075038/queries/q11/log_dir/sirius_2026-06-30.log,12,23,26,PROJECTION,PROJECTION,13,PIPELINEABLE,PIPELINEABLE,1,3,1,774355,6,31555192,0.031555192,1,774355,2,18778184,0.018778184,0.59509,1.0,22508
q11,q11,/home/dy1013/sirius_multi-gpu/experiment/join_retention_runs/join_retention_20260630_075038/queries/q11/log_dir/sirius_2026-06-30.log,9,11,49,GPU_SCAN,SCAN,94,GPU_SCAN,PIPELINEABLE,1,1,0,0,0,0,0.0,1,20222906,4,657244480,0.65724448,0.0,0.0,728874
q11,q11,/home/dy1013/sirius_multi-gpu/experiment/join_retention_runs/join_retention_20260630_075038/queries/q11/log_dir/sirius_2026-06-30.log,10,24,51,PARTITION,PARTITION,82,PIPELINEABLE,PIPELINEABLE,1,1,1,20222906,4,657244480,0.65724448,1,20222906,4,657244480,0.65724448,1.0,1.0,4
q11,q11,/home/dy1013/sirius_multi-gpu/experiment/join_retention_runs/join_retention_20260630_075038/queries/q11/log_dir/sirius_2026-06-30.log,12,23,27,HASH_GROUP_BY,AGGREGATE,9,PIPELINEABLE,PIPELINEABLE,1,3,1,774355,2,18778184,0.018778184,1,729184,2,17591616,0.017591616,0.936811,0.941666,24244
q11,q11,/home/dy1013/sirius_multi-gpu/experiment/join_retention_runs/join_retention_20260630_075038/queries/q11/log_dir/sirius_2026-06-30.log,9,12,49,GPU_SCAN,SCAN,94,GPU_SCAN,PIPELINEABLE,2,1,0,0,0,0,0.0,1,20227435,4,657391712,0.657391712,0.0,0.0,761640
q11,q11,/home/dy1013/sirius_multi-gpu/experiment/join_retention_runs/join_retention_20260630_075038/queries/q11/log_dir/sirius_2026-06-30.log,10,26,51,PARTITION,PARTITION,82,PIPELINEABLE,PIPELINEABLE,2,1,1,20227435,4,657391712,0.657391712,1,20227435,4,657391712,0.657391712,1.0,1.0,5
q11,q11,/home/dy1013/sirius_multi-gpu/experiment/join_retention_runs/join_retention_20260630_075038/queries/q11/log_dir/sirius_2026-06-30.log,17,17,56,GPU_SCAN,SCAN,94,GPU_SCAN,PIPELINEABLE,0,1,0,0,0,0,0.0,1,21803425,3,531458520,0.53145852,0.0,0.0,763943
q11,q11,/home/dy1013/sirius_multi-gpu/experiment/join_retention_runs/join_retention_20260630_075038/queries/q11/log_dir/sirius_2026-06-30.log,18,29,58,PARTITION,PARTITION,82,PIPELINEABLE,PIPELINEABLE,0,1,1,21803425,3,531458520,0.53145852,1,21803425,3,531458520,0.53145852,1.0,1.0,4
q11,q11,/home/dy1013/sirius_multi-gpu/experiment/join_retention_runs/join_retention_20260630_075038/queries/q11/log_dir/sirius_2026-06-30.log,19,31,57,CONCAT,CONCAT,83,PARTITIONED,PARTITIONED,0,1,1,21803425,3,531458520,0.53145852,1,21803425,3,531458520,0.53145852,1.0,1.0,2
q11,q11,/home/dy1013/sirius_multi-gpu/experiment/join_retention_runs/join_retention_20260630_075038/queries/q11/log_dir/sirius_2026-06-30.log,17,16,56,GPU_SCAN,SCAN,94,GPU_SCAN,PIPELINEABLE,3,1,0,0,0,0,0.0,1,29093248,3,709147968,0.709147968,0.0,0.0,770016
q11,q11,/home/dy1013/sirius_multi-gpu/experiment/join_retention_runs/join_retention_20260630_075038/queries/q11/log_dir/sirius_2026-06-30.log,18,33,58,PARTITION,PARTITION,82,PIPELINEABLE,PIPELINEABLE,3,1,1,29093248,3,709147968,0.709147968,1,29093248,3,709147968,0.709147968,1.0,1.0,3
q11,q11,/home/dy1013/sirius_multi-gpu/experiment/join_retention_runs/join_retention_20260630_075038/queries/q11/log_dir/sirius_2026-06-30.log,19,34,57,CONCAT,CONCAT,83,PARTITIONED,PARTITIONED,0,1,1,29093248,3,709147968,0.709147968,1,29093248,3,709147968,0.709147968,1.0,1.0,1
q11,q11,/home/dy1013/sirius_multi-gpu/experiment/join_retention_runs/join_retention_20260630_075038/queries/q11/log_dir/sirius_2026-06-30.log,19,30,57,CONCAT,CONCAT,83,PARTITIONED,PARTITIONED,0,1,1,29103327,3,709393704,0.709393704,1,29103327,3,709393704,0.709393704,1.0,1.0,1
q11,q11,/home/dy1013/sirius_multi-gpu/experiment/join_retention_runs/join_retention_20260630_075038/queries/q11/log_dir/sirius_2026-06-30.log,11,28,50,CONCAT,CONCAT,83,PARTITIONED,PARTITIONED,0,1,1,20227435,4,657391712,0.657391712,1,20227435,4,657391712,0.657391712,1.0,1.0,1
q11,q11,/home/dy1013/sirius_multi-gpu/experiment/join_retention_runs/join_retention_20260630_075038/queries/q11/log_dir/sirius_2026-06-30.log,11,27,50,CONCAT,CONCAT,83,PARTITIONED,PARTITIONED,0,1,1,20222906,4,657244480,0.65724448,1,20222906,4,657244480,0.65724448,1.0,1.0,3
q11,q11,/home/dy1013/sirius_multi-gpu/experiment/join_retention_runs/join_retention_20260630_075038/queries/q11/log_dir/sirius_2026-06-30.log,12,25,25,HASH_JOIN,JOIN,33,PARTITIONED,PIPELINEABLE,1,3,1,20211549,4,656875424,0.656875424,1,809396,6,32982944,0.032982944,0.050212,0.040046,59233
q11,q11,/home/dy1013/sirius_multi-gpu/experiment/join_retention_runs/join_retention_20260630_075038/queries/q11/log_dir/sirius_2026-06-30.log,12,25,26,PROJECTION,PROJECTION,13,PIPELINEABLE,PIPELINEABLE,1,3,1,809396,6,32982944,0.032982944,1,809396,2,19627872,0.019627872,0.595092,1.0,11702
q11,q11,/home/dy1013/sirius_multi-gpu/experiment/join_retention_runs/join_retention_20260630_075038/queries/q11/log_dir/sirius_2026-06-30.log,12,25,27,HASH_GROUP_BY,AGGREGATE,9,PIPELINEABLE,PIPELINEABLE,1,3,1,809396,2,19627872,0.019627872,1,761988,2,18383008,0.018383008,0.936577,0.941428,27366
q11,q11,/home/dy1013/sirius_multi-gpu/experiment/join_retention_runs/join_retention_20260630_075038/queries/q11/log_dir/sirius_2026-06-30.log,12,36,25,HASH_JOIN,JOIN,33,PARTITIONED,PIPELINEABLE,1,3,1,20222906,4,657244480,0.65724448,1,809784,6,32998848,0.032998848,0.050208,0.040043,16283
q11,q11,/home/dy1013/sirius_multi-gpu/experiment/join_retention_runs/join_retention_20260630_075038/queries/q11/log_dir/sirius_2026-06-30.log,12,35,25,HASH_JOIN,JOIN,33,PARTITIONED,PIPELINEABLE,1,3,1,20227435,4,657391712,0.657391712,1,810065,6,33010472,0.033010472,0.050214,0.040048,10072
q11,q11,/home/dy1013/sirius_multi-gpu/experiment/join_retention_runs/join_retention_20260630_075038/queries/q11/log_dir/sirius_2026-06-30.log,12,36,26,PROJECTION,PROJECTION,13,PIPELINEABLE,PIPELINEABLE,1,3,1,809784,6,32998848,0.032998848,1,809784,2,19637312,0.019637312,0.595091,1.0,979
q11,q11,/home/dy1013/sirius_multi-gpu/experiment/join_retention_runs/join_retention_20260630_075038/queries/q11/log_dir/sirius_2026-06-30.log,12,35,26,PROJECTION,PROJECTION,13,PIPELINEABLE,PIPELINEABLE,1,3,1,810065,6,33010472,0.033010472,1,810065,2,19644184,0.019644184,0.595089,1.0,1830
q11,q11,/home/dy1013/sirius_multi-gpu/experiment/join_retention_runs/join_retention_20260630_075038/queries/q11/log_dir/sirius_2026-06-30.log,12,36,27,HASH_GROUP_BY,AGGREGATE,9,PIPELINEABLE,PIPELINEABLE,1,3,1,809784,2,19637312,0.019637312,1,762423,2,18393512,0.018393512,0.936661,0.941514,2114
q11,q11,/home/dy1013/sirius_multi-gpu/experiment/join_retention_runs/join_retention_20260630_075038/queries/q11/log_dir/sirius_2026-06-30.log,12,35,27,HASH_GROUP_BY,AGGREGATE,9,PIPELINEABLE,PIPELINEABLE,1,3,1,810065,2,19644184,0.019644184,1,763248,2,18413376,0.018413376,0.937345,0.942206,1900
q11,q11,/home/dy1013/sirius_multi-gpu/experiment/join_retention_runs/join_retention_20260630_075038/queries/q11/log_dir/sirius_2026-06-30.log,20,32,30,HASH_JOIN,JOIN,33,PARTITIONED,PIPELINEABLE,2,3,2,21843470,6,532114408,0.532114408,1,873129,5,28486048,0.028486048,0.053534,0.039972,7619
q11,q11,/home/dy1013/sirius_multi-gpu/experiment/join_retention_runs/join_retention_20260630_075038/queries/q11/log_dir/sirius_2026-06-30.log,13,37,52,PARTITION,PARTITION,82,PIPELINEABLE,PIPELINEABLE,1,1,1,729184,2,17591616,0.017591616,4,729184,8,17500416,0.017500416,0.994816,1.0,9440
q11,q11,/home/dy1013/sirius_multi-gpu/experiment/join_retention_runs/join_retention_20260630_075038/queries/q11/log_dir/sirius_2026-06-30.log,13,40,52,PARTITION,PARTITION,82,PIPELINEABLE,PIPELINEABLE,1,1,1,763248,2,18413376,0.018413376,4,763248,8,18317952,0.018317952,0.994818,1.0,9192
q11,q11,/home/dy1013/sirius_multi-gpu/experiment/join_retention_runs/join_retention_20260630_075038/queries/q11/log_dir/sirius_2026-06-30.log,13,39,52,PARTITION,PARTITION,82,PIPELINEABLE,PIPELINEABLE,1,1,1,762423,2,18393512,0.018393512,4,762423,8,18298152,0.018298152,0.994816,1.0,9216
q11,q11,/home/dy1013/sirius_multi-gpu/experiment/join_retention_runs/join_retention_20260630_075038/queries/q11/log_dir/sirius_2026-06-30.log,13,38,52,PARTITION,PARTITION,82,PIPELINEABLE,PIPELINEABLE,1,1,1,761988,2,18383008,0.018383008,4,761988,8,18287712,0.018287712,0.994816,1.0,9391
q11,q11,/home/dy1013/sirius_multi-gpu/experiment/join_retention_runs/join_retention_20260630_075038/queries/q11/log_dir/sirius_2026-06-30.log,20,32,31,PROJECTION,PROJECTION,13,PIPELINEABLE,PIPELINEABLE,2,3,1,873129,5,28486048,0.028486048,1,873129,1,14079248,0.014079248,0.494251,1.0,5288
q11,q11,/home/dy1013/sirius_multi-gpu/experiment/join_retention_runs/join_retention_20260630_075038/queries/q11/log_dir/sirius_2026-06-30.log,14,42,53,MERGE_GROUP_BY,AGGREGATE,85,PARTITIONED,PIPELINEABLE,1,1,4,753669,8,18088056,0.018088056,1,753669,2,18088056,0.018088056,1.0,1.0,4281
q11,q11,/home/dy1013/sirius_multi-gpu/experiment/join_retention_runs/join_retention_20260630_075038/queries/q11/log_dir/sirius_2026-06-30.log,14,44,53,MERGE_GROUP_BY,AGGREGATE,85,PARTITIONED,PIPELINEABLE,3,1,4,753928,8,18094272,0.018094272,1,753928,2,18094272,0.018094272,1.0,1.0,19109
q11,q11,/home/dy1013/sirius_multi-gpu/experiment/join_retention_runs/join_retention_20260630_075038/queries/q11/log_dir/sirius_2026-06-30.log,20,32,32,UNGROUPED_AGGREGATE,AGGREGATE,8,PIPELINEABLE,PIPELINEABLE,2,3,1,873129,1,14079248,0.014079248,1,1,1,16,1.6e-08,1e-06,1e-06,20556
q11,q11,/home/dy1013/sirius_multi-gpu/experiment/join_retention_runs/join_retention_20260630_075038/queries/q11/log_dir/sirius_2026-06-30.log,14,41,53,MERGE_GROUP_BY,AGGREGATE,85,PARTITIONED,PIPELINEABLE,0,1,4,754862,8,18116688,0.018116688,1,754862,2,18116688,0.018116688,1.0,1.0,42479
q11,q11,/home/dy1013/sirius_multi-gpu/experiment/join_retention_runs/join_retention_20260630_075038/queries/q11/log_dir/sirius_2026-06-30.log,14,43,53,MERGE_GROUP_BY,AGGREGATE,85,PARTITIONED,PIPELINEABLE,2,1,4,754384,8,18105216,0.018105216,1,754384,2,18105216,0.018105216,1.0,1.0,102723
q11,q11,/home/dy1013/sirius_multi-gpu/experiment/join_retention_runs/join_retention_20260630_075038/queries/q11/log_dir/sirius_2026-06-30.log,27,48,64,PARTITION,PARTITION,82,PIPELINEABLE,PIPELINEABLE,3,1,1,753928,2,18094272,0.018094272,1,753928,2,18094272,0.018094272,1.0,1.0,5
q11,q11,/home/dy1013/sirius_multi-gpu/experiment/join_retention_runs/join_retention_20260630_075038/queries/q11/log_dir/sirius_2026-06-30.log,27,49,64,PARTITION,PARTITION,82,PIPELINEABLE,PIPELINEABLE,0,1,1,754862,2,18116688,0.018116688,1,754862,2,18116688,0.018116688,1.0,1.0,2
q11,q11,/home/dy1013/sirius_multi-gpu/experiment/join_retention_runs/join_retention_20260630_075038/queries/q11/log_dir/sirius_2026-06-30.log,27,47,64,PARTITION,PARTITION,82,PIPELINEABLE,PIPELINEABLE,1,1,1,753669,2,18088056,0.018088056,1,753669,2,18088056,0.018088056,1.0,1.0,6
q11,q11,/home/dy1013/sirius_multi-gpu/experiment/join_retention_runs/join_retention_20260630_075038/queries/q11/log_dir/sirius_2026-06-30.log,27,50,64,PARTITION,PARTITION,82,PIPELINEABLE,PIPELINEABLE,2,1,1,754384,2,18105216,0.018105216,1,754384,2,18105216,0.018105216,1.0,1.0,10
q11,q11,/home/dy1013/sirius_multi-gpu/experiment/join_retention_runs/join_retention_20260630_075038/queries/q11/log_dir/sirius_2026-06-30.log,20,46,30,HASH_JOIN,JOIN,33,PARTITIONED,PIPELINEABLE,2,3,1,29103327,3,709393704,0.709393704,1,1165418,5,38022016,0.038022016,0.053598,0.040044,17142
q11,q11,/home/dy1013/sirius_multi-gpu/experiment/join_retention_runs/join_retention_20260630_075038/queries/q11/log_dir/sirius_2026-06-30.log,20,45,30,HASH_JOIN,JOIN,33,PARTITIONED,PIPELINEABLE,2,3,1,29093248,3,709147968,0.709147968,1,1165053,5,38010016,0.038010016,0.0536,0.040045,17106
q11,q11,/home/dy1013/sirius_multi-gpu/experiment/join_retention_runs/join_retention_20260630_075038/queries/q11/log_dir/sirius_2026-06-30.log,20,46,31,PROJECTION,PROJECTION,13,PIPELINEABLE,PIPELINEABLE,2,3,1,1165418,5,38022016,0.038022016,1,1165418,1,18792416,0.018792416,0.494251,1.0,1687
q11,q11,/home/dy1013/sirius_multi-gpu/experiment/join_retention_runs/join_retention_20260630_075038/queries/q11/log_dir/sirius_2026-06-30.log,20,45,31,PROJECTION,PROJECTION,13,PIPELINEABLE,PIPELINEABLE,2,3,1,1165053,5,38010016,0.038010016,1,1165053,1,18786512,0.018786512,0.494252,1.0,2261
q11,q11,/home/dy1013/sirius_multi-gpu/experiment/join_retention_runs/join_retention_20260630_075038/queries/q11/log_dir/sirius_2026-06-30.log,20,45,32,UNGROUPED_AGGREGATE,AGGREGATE,8,PIPELINEABLE,PIPELINEABLE,2,3,1,1165053,1,18786512,0.018786512,1,1,1,16,1.6e-08,1e-06,1e-06,1088
q11,q11,/home/dy1013/sirius_multi-gpu/experiment/join_retention_runs/join_retention_20260630_075038/queries/q11/log_dir/sirius_2026-06-30.log,20,46,32,UNGROUPED_AGGREGATE,AGGREGATE,8,PIPELINEABLE,PIPELINEABLE,2,3,1,1165418,1,18792416,0.018792416,1,1,1,16,1.6e-08,1e-06,1e-06,2089
q11,q11,/home/dy1013/sirius_multi-gpu/experiment/join_retention_runs/join_retention_20260630_075038/queries/q11/log_dir/sirius_2026-06-30.log,28,51,63,CONCAT,CONCAT,83,PARTITIONED,PARTITIONED,0,1,4,3016843,8,72404232,0.072404232,1,3016843,2,72404232,0.072404232,1.0,1.0,1618
q11,q11,/home/dy1013/sirius_multi-gpu/experiment/join_retention_runs/join_retention_20260630_075038/queries/q11/log_dir/sirius_2026-06-30.log,21,52,59,MERGE_AGGREGATE,AGGREGATE,87,PIPELINEABLE,PIPELINEABLE,2,1,3,3,3,48,4.8e-08,1,1,1,16,1.6e-08,0.333333,0.333333,881
q11,q11,/home/dy1013/sirius_multi-gpu/experiment/join_retention_runs/join_retention_20260630_075038/queries/q11/log_dir/sirius_2026-06-30.log,22,53,33,PROJECTION,PROJECTION,13,PIPELINEABLE,PIPELINEABLE,2,2,1,1,1,16,1.6e-08,1,1,1,16,1.6e-08,1.0,1.0,320
q11,q11,/home/dy1013/sirius_multi-gpu/experiment/join_retention_runs/join_retention_20260630_075038/queries/q11/log_dir/sirius_2026-06-30.log,22,53,34,UNGROUPED_AGGREGATE,AGGREGATE,8,PIPELINEABLE,PIPELINEABLE,2,2,1,1,1,16,1.6e-08,1,1,2,24,2.4e-08,1.5,1.0,3407
q11,q11,/home/dy1013/sirius_multi-gpu/experiment/join_retention_runs/join_retention_20260630_075038/queries/q11/log_dir/sirius_2026-06-30.log,23,54,60,MERGE_AGGREGATE,AGGREGATE,87,PIPELINEABLE,PIPELINEABLE,2,1,1,1,2,24,2.4e-08,1,1,2,24,2.4e-08,1.0,1.0,3
q11,q11,/home/dy1013/sirius_multi-gpu/experiment/join_retention_runs/join_retention_20260630_075038/queries/q11/log_dir/sirius_2026-06-30.log,24,55,35,PROJECTION,PROJECTION,13,PIPELINEABLE,PIPELINEABLE,2,1,1,1,2,24,2.4e-08,1,1,1,16,1.6e-08,0.666667,1.0,5184
q11,q11,/home/dy1013/sirius_multi-gpu/experiment/join_retention_runs/join_retention_20260630_075038/queries/q11/log_dir/sirius_2026-06-30.log,25,56,62,PARTITION,PARTITION,82,PIPELINEABLE,PIPELINEABLE,2,1,1,1,1,16,1.6e-08,1,1,1,16,1.6e-08,1.0,1.0,1
q11,q11,/home/dy1013/sirius_multi-gpu/experiment/join_retention_runs/join_retention_20260630_075038/queries/q11/log_dir/sirius_2026-06-30.log,26,57,61,CONCAT,CONCAT,83,PARTITIONED,PARTITIONED,0,1,1,1,1,16,1.6e-08,1,1,1,16,1.6e-08,1.0,1.0,0
q11,q11,/home/dy1013/sirius_multi-gpu/experiment/join_retention_runs/join_retention_20260630_075038/queries/q11/log_dir/sirius_2026-06-30.log,29,58,36,NESTED_LOOP_JOIN,JOIN,32,PIPELINEABLE,PIPELINEABLE,0,3,2,3016844,3,72404248,0.072404248,1,0,3,0,0.0,0.0,0.0,20779
q11,q11,/home/dy1013/sirius_multi-gpu/experiment/join_retention_runs/join_retention_20260630_075038/queries/q11/log_dir/sirius_2026-06-30.log,29,58,38,PROJECTION,PROJECTION,13,PIPELINEABLE,PIPELINEABLE,0,3,1,0,3,0,0.0,1,0,2,0,0.0,0.0,0.0,8
q11,q11,/home/dy1013/sirius_multi-gpu/experiment/join_retention_runs/join_retention_20260630_075038/queries/q11/log_dir/sirius_2026-06-30.log,29,58,39,ORDER_BY,SORT,1,PIPELINEABLE,PIPELINEABLE,0,3,1,0,2,0,0.0,1,0,2,0,0.0,0.0,0.0,9
q11,q11,/home/dy1013/sirius_multi-gpu/experiment/join_retention_runs/join_retention_20260630_075038/queries/q11/log_dir/sirius_2026-06-30.log,30,59,65,SORT_SAMPLE,SORT,89,PIPELINEABLE,PIPELINEABLE,0,2,1,0,2,0,0.0,1,0,2,0,0.0,0.0,0.0,15
q11,q11,/home/dy1013/sirius_multi-gpu/experiment/join_retention_runs/join_retention_20260630_075038/queries/q11/log_dir/sirius_2026-06-30.log,30,59,66,SORT_PARTITION,SORT,88,PIPELINEABLE,PIPELINEABLE,0,2,1,0,2,0,0.0,1,0,2,0,0.0,0.0,0.0,4
q11,q11,/home/dy1013/sirius_multi-gpu/experiment/join_retention_runs/join_retention_20260630_075038/queries/q11/log_dir/sirius_2026-06-30.log,31,60,67,MERGE_SORT,SORT,84,PIPELINEABLE,PIPELINEABLE,0,1,1,0,2,0,0.0,1,0,2,0,0.0,0.0,0.0,6
q11,q11,/home/dy1013/sirius_multi-gpu/experiment/join_retention_runs/join_retention_20260630_075038/queries/q11/log_dir/sirius_2026-06-30.log,32,61,40,RESULT_COLLECTOR,RESULT,76,PIPELINEABLE,PIPELINEABLE,0,1,1,0,2,0,0.0,1,0,2,0,0.0,0.0,0.0,0
q12,q12,/home/dy1013/sirius_multi-gpu/experiment/join_retention_runs/join_retention_20260630_075038/queries/q12/log_dir/sirius_2026-06-30.log,0,4,17,GPU_SCAN,SCAN,94,GPU_SCAN,PIPELINEABLE,3,3,0,0,0,0,0.0,1,6033495,5,174432349,0.174432349,0.0,0.0,368921
q12,q12,/home/dy1013/sirius_multi-gpu/experiment/join_retention_runs/join_retention_20260630_075038/queries/q12/log_dir/sirius_2026-06-30.log,0,4,10,FILTER,FILTER,12,PIPELINEABLE,PIPELINEABLE,3,3,1,6033495,5,174432349,0.174432349,1,211684,5,6482208,0.006482208,0.037162,0.035085,6174
q12,q12,/home/dy1013/sirius_multi-gpu/experiment/join_retention_runs/join_retention_20260630_075038/queries/q12/log_dir/sirius_2026-06-30.log,0,4,11,PROJECTION,PROJECTION,13,PIPELINEABLE,PIPELINEABLE,3,3,1,211684,5,6482208,0.006482208,1,211684,2,3862512,0.003862512,0.595864,1.0,1551
q12,q12,/home/dy1013/sirius_multi-gpu/experiment/join_retention_runs/join_retention_20260630_075038/queries/q12/log_dir/sirius_2026-06-30.log,0,10,17,GPU_SCAN,SCAN,94,GPU_SCAN,PIPELINEABLE,1,3,0,0,0,0,0.0,1,6030811,5,174360806,0.174360806,0.0,0.0,692230
q12,q12,/home/dy1013/sirius_multi-gpu/experiment/join_retention_runs/join_retention_20260630_075038/queries/q12/log_dir/sirius_2026-06-30.log,0,1,17,GPU_SCAN,SCAN,94,GPU_SCAN,PIPELINEABLE,0,3,0,0,0,0,0.0,1,6011302,5,173790535,0.173790535,0.0,0.0,696656
q12,q12,/home/dy1013/sirius_multi-gpu/experiment/join_retention_runs/join_retention_20260630_075038/queries/q12/log_dir/sirius_2026-06-30.log,0,5,17,GPU_SCAN,SCAN,94,GPU_SCAN,PIPELINEABLE,0,3,0,0,0,0,0.0,1,6036170,5,174506944,0.174506944,0.0,0.0,718940
q12,q12,/home/dy1013/sirius_multi-gpu/experiment/join_retention_runs/join_retention_20260630_075038/queries/q12/log_dir/sirius_2026-06-30.log,0,10,10,FILTER,FILTER,12,PIPELINEABLE,PIPELINEABLE,1,3,1,6030811,5,174360806,0.174360806,1,212153,5,6497899,0.006497899,0.037267,0.035178,27415
q12,q12,/home/dy1013/sirius_multi-gpu/experiment/join_retention_runs/join_retention_20260630_075038/queries/q12/log_dir/sirius_2026-06-30.log,0,1,10,FILTER,FILTER,12,PIPELINEABLE,PIPELINEABLE,0,3,1,6011302,5,173790535,0.173790535,1,210399,5,6443867,0.006443867,0.037078,0.035001,24074
q12,q12,/home/dy1013/sirius_multi-gpu/experiment/join_retention_runs/join_retention_20260630_075038/queries/q12/log_dir/sirius_2026-06-30.log,0,10,11,PROJECTION,PROJECTION,13,PIPELINEABLE,PIPELINEABLE,1,3,1,212153,5,6497899,0.006497899,1,212153,2,3872383,0.003872383,0.595944,1.0,1905
q12,q12,/home/dy1013/sirius_multi-gpu/experiment/join_retention_runs/join_retention_20260630_075038/queries/q12/log_dir/sirius_2026-06-30.log,0,1,11,PROJECTION,PROJECTION,13,PIPELINEABLE,PIPELINEABLE,0,3,1,210399,5,6443867,0.006443867,1,210399,2,3840167,0.003840167,0.595941,1.0,2789
q12,q12,/home/dy1013/sirius_multi-gpu/experiment/join_retention_runs/join_retention_20260630_075038/queries/q12/log_dir/sirius_2026-06-30.log,0,5,10,FILTER,FILTER,12,PIPELINEABLE,PIPELINEABLE,0,3,1,6036170,5,174506944,0.174506944,1,211887,5,6489139,0.006489139,0.037186,0.035103,5806
q12,q12,/home/dy1013/sirius_multi-gpu/experiment/join_retention_runs/join_retention_20260630_075038/queries/q12/log_dir/sirius_2026-06-30.log,0,5,11,PROJECTION,PROJECTION,13,PIPELINEABLE,PIPELINEABLE,0,3,1,211887,5,6489139,0.006489139,1,211887,2,3867007,0.003867007,0.59592,1.0,9983
q12,q12,/home/dy1013/sirius_multi-gpu/experiment/join_retention_runs/join_retention_20260630_075038/queries/q12/log_dir/sirius_2026-06-30.log,0,2,17,GPU_SCAN,SCAN,94,GPU_SCAN,PIPELINEABLE,1,3,0,0,0,0,0.0,1,6025893,5,174211659,0.174211659,0.0,0.0,768496
q12,q12,/home/dy1013/sirius_multi-gpu/experiment/join_retention_runs/join_retention_20260630_075038/queries/q12/log_dir/sirius_2026-06-30.log,0,2,10,FILTER,FILTER,12,PIPELINEABLE,PIPELINEABLE,1,3,1,6025893,5,174211659,0.174211659,1,211953,5,6491113,0.006491113,0.03726,0.035174,3927
q12,q12,/home/dy1013/sirius_multi-gpu/experiment/join_retention_runs/join_retention_20260630_075038/queries/q12/log_dir/sirius_2026-06-30.log,0,2,11,PROJECTION,PROJECTION,13,PIPELINEABLE,PIPELINEABLE,1,3,1,211953,5,6491113,0.006491113,1,211953,2,3868189,0.003868189,0.595921,1.0,309
q12,q12,/home/dy1013/sirius_multi-gpu/experiment/join_retention_runs/join_retention_20260630_075038/queries/q12/log_dir/sirius_2026-06-30.log,0,8,17,GPU_SCAN,SCAN,94,GPU_SCAN,PIPELINEABLE,3,3,0,0,0,0,0.0,1,6038157,5,174569643,0.174569643,0.0,0.0,902205
q12,q12,/home/dy1013/sirius_multi-gpu/experiment/join_retention_runs/join_retention_20260630_075038/queries/q12/log_dir/sirius_2026-06-30.log,0,8,10,FILTER,FILTER,12,PIPELINEABLE,PIPELINEABLE,3,3,1,6038157,5,174569643,0.174569643,1,212552,5,6509054,0.006509054,0.037286,0.035201,6245
q12,q12,/home/dy1013/sirius_multi-gpu/experiment/join_retention_runs/join_retention_20260630_075038/queries/q12/log_dir/sirius_2026-06-30.log,0,8,11,PROJECTION,PROJECTION,13,PIPELINEABLE,PIPELINEABLE,3,3,1,212552,5,6509054,0.006509054,1,212552,2,3878558,0.003878558,0.595871,1.0,182
q12,q12,/home/dy1013/sirius_multi-gpu/experiment/join_retention_runs/join_retention_20260630_075038/queries/q12/log_dir/sirius_2026-06-30.log,0,11,17,GPU_SCAN,SCAN,94,GPU_SCAN,PIPELINEABLE,2,3,0,0,0,0,0.0,1,6041050,5,174651793,0.174651793,0.0,0.0,1218046
q12,q12,/home/dy1013/sirius_multi-gpu/experiment/join_retention_runs/join_retention_20260630_075038/queries/q12/log_dir/sirius_2026-06-30.log,0,7,17,GPU_SCAN,SCAN,94,GPU_SCAN,PIPELINEABLE,2,3,0,0,0,0,0.0,1,6033519,5,174430310,0.17443031,0.0,0.0,1225234
q12,q12,/home/dy1013/sirius_multi-gpu/experiment/join_retention_runs/join_retention_20260630_075038/queries/q12/log_dir/sirius_2026-06-30.log,0,11,10,FILTER,FILTER,12,PIPELINEABLE,PIPELINEABLE,2,3,1,6041050,5,174651793,0.174651793,1,212381,5,6504351,0.006504351,0.037242,0.035156,30461
q12,q12,/home/dy1013/sirius_multi-gpu/experiment/join_retention_runs/join_retention_20260630_075038/queries/q12/log_dir/sirius_2026-06-30.log,0,7,10,FILTER,FILTER,12,PIPELINEABLE,PIPELINEABLE,2,3,1,6033519,5,174430310,0.17443031,1,212122,5,6496246,0.006496246,0.037243,0.035157,24647
q12,q12,/home/dy1013/sirius_multi-gpu/experiment/join_retention_runs/join_retention_20260630_075038/queries/q12/log_dir/sirius_2026-06-30.log,0,11,11,PROJECTION,PROJECTION,13,PIPELINEABLE,PIPELINEABLE,2,3,1,212381,5,6504351,0.006504351,1,212381,2,3876099,0.003876099,0.595924,1.0,2237
q12,q12,/home/dy1013/sirius_multi-gpu/experiment/join_retention_runs/join_retention_20260630_075038/queries/q12/log_dir/sirius_2026-06-30.log,0,7,11,PROJECTION,PROJECTION,13,PIPELINEABLE,PIPELINEABLE,2,3,1,212122,5,6496246,0.006496246,1,212122,2,3871102,0.003871102,0.595898,1.0,763
q12,q12,/home/dy1013/sirius_multi-gpu/experiment/join_retention_runs/join_retention_20260630_075038/queries/q12/log_dir/sirius_2026-06-30.log,0,6,17,GPU_SCAN,SCAN,94,GPU_SCAN,PIPELINEABLE,1,3,0,0,0,0,0.0,1,6043140,5,174715856,0.174715856,0.0,0.0,1448904
q12,q12,/home/dy1013/sirius_multi-gpu/experiment/join_retention_runs/join_retention_20260630_075038/queries/q12/log_dir/sirius_2026-06-30.log,0,6,10,FILTER,FILTER,12,PIPELINEABLE,PIPELINEABLE,1,3,1,6043140,5,174715856,0.174715856,1,212777,5,6516269,0.006516269,0.037296,0.03521,22601
q12,q12,/home/dy1013/sirius_multi-gpu/experiment/join_retention_runs/join_retention_20260630_075038/queries/q12/log_dir/sirius_2026-06-30.log,0,9,17,GPU_SCAN,SCAN,94,GPU_SCAN,PIPELINEABLE,0,3,0,0,0,0,0.0,1,6034260,5,174453230,0.17445323,0.0,0.0,1471485
q12,q12,/home/dy1013/sirius_multi-gpu/experiment/join_retention_runs/join_retention_20260630_075038/queries/q12/log_dir/sirius_2026-06-30.log,0,6,11,PROJECTION,PROJECTION,13,PIPELINEABLE,PIPELINEABLE,1,3,1,212777,5,6516269,0.006516269,1,212777,2,3883073,0.003883073,0.595904,1.0,954
q12,q12,/home/dy1013/sirius_multi-gpu/experiment/join_retention_runs/join_retention_20260630_075038/queries/q12/log_dir/sirius_2026-06-30.log,0,0,17,GPU_SCAN,SCAN,94,GPU_SCAN,PIPELINEABLE,3,3,0,0,0,0,0.0,1,6024412,5,174167998,0.174167998,0.0,0.0,1475729
q12,q12,/home/dy1013/sirius_multi-gpu/experiment/join_retention_runs/join_retention_20260630_075038/queries/q12/log_dir/sirius_2026-06-30.log,0,9,10,FILTER,FILTER,12,PIPELINEABLE,PIPELINEABLE,0,3,1,6034260,5,174453230,0.17445323,1,212507,5,6508015,0.006508015,0.037305,0.035217,6215
q12,q12,/home/dy1013/sirius_multi-gpu/experiment/join_retention_runs/join_retention_20260630_075038/queries/q12/log_dir/sirius_2026-06-30.log,0,9,11,PROJECTION,PROJECTION,13,PIPELINEABLE,PIPELINEABLE,0,3,1,212507,5,6508015,0.006508015,1,212507,2,3878059,0.003878059,0.59589,1.0,201
q12,q12,/home/dy1013/sirius_multi-gpu/experiment/join_retention_runs/join_retention_20260630_075038/queries/q12/log_dir/sirius_2026-06-30.log,0,0,10,FILTER,FILTER,12,PIPELINEABLE,PIPELINEABLE,3,3,1,6024412,5,174167998,0.174167998,1,212720,5,6514402,0.006514402,0.037403,0.03531,5025
q12,q12,/home/dy1013/sirius_multi-gpu/experiment/join_retention_runs/join_retention_20260630_075038/queries/q12/log_dir/sirius_2026-06-30.log,0,0,11,PROJECTION,PROJECTION,13,PIPELINEABLE,PIPELINEABLE,3,3,1,212720,5,6514402,0.006514402,1,212720,2,3881890,0.00388189,0.595894,1.0,715
q12,q12,/home/dy1013/sirius_multi-gpu/experiment/join_retention_runs/join_retention_20260630_075038/queries/q12/log_dir/sirius_2026-06-30.log,0,3,17,GPU_SCAN,SCAN,94,GPU_SCAN,PIPELINEABLE,2,3,0,0,0,0,0.0,1,6039173,5,174598823,0.174598823,0.0,0.0,1586521
q12,q12,/home/dy1013/sirius_multi-gpu/experiment/join_retention_runs/join_retention_20260630_075038/queries/q12/log_dir/sirius_2026-06-30.log,0,3,10,FILTER,FILTER,12,PIPELINEABLE,PIPELINEABLE,2,3,1,6039173,5,174598823,0.174598823,1,212479,5,6508253,0.006508253,0.037275,0.035183,8257
q12,q12,/home/dy1013/sirius_multi-gpu/experiment/join_retention_runs/join_retention_20260630_075038/queries/q12/log_dir/sirius_2026-06-30.log,0,3,11,PROJECTION,PROJECTION,13,PIPELINEABLE,PIPELINEABLE,2,3,1,212479,5,6508253,0.006508253,1,212479,2,3878825,0.003878825,0.595986,1.0,2064
q12,q12,/home/dy1013/sirius_multi-gpu/experiment/join_retention_runs/join_retention_20260630_075038/queries/q12/log_dir/sirius_2026-06-30.log,0,12,17,GPU_SCAN,SCAN,94,GPU_SCAN,PIPELINEABLE,3,3,0,0,0,0,0.0,1,6031841,5,174388875,0.174388875,0.0,0.0,1282508
q12,q12,/home/dy1013/sirius_multi-gpu/experiment/join_retention_runs/join_retention_20260630_075038/queries/q12/log_dir/sirius_2026-06-30.log,0,12,10,FILTER,FILTER,12,PIPELINEABLE,PIPELINEABLE,3,3,1,6031841,5,174388875,0.174388875,1,212118,5,6496838,0.006496838,0.037255,0.035166,10126
q12,q12,/home/dy1013/sirius_multi-gpu/experiment/join_retention_runs/join_retention_20260630_075038/queries/q12/log_dir/sirius_2026-06-30.log,0,12,11,PROJECTION,PROJECTION,13,PIPELINEABLE,PIPELINEABLE,3,3,1,212118,5,6496838,0.006496838,1,212118,2,3871742,0.003871742,0.595943,1.0,12154
q12,q12,/home/dy1013/sirius_multi-gpu/experiment/join_retention_runs/join_retention_20260630_075038/queries/q12/log_dir/sirius_2026-06-30.log,0,14,17,GPU_SCAN,SCAN,94,GPU_SCAN,PIPELINEABLE,1,3,0,0,0,0,0.0,1,4170175,5,120566244,0.120566244,0.0,0.0,980378
q12,q12,/home/dy1013/sirius_multi-gpu/experiment/join_retention_runs/join_retention_20260630_075038/queries/q12/log_dir/sirius_2026-06-30.log,0,14,10,FILTER,FILTER,12,PIPELINEABLE,PIPELINEABLE,1,3,1,4170175,5,120566244,0.120566244,1,146668,5,4491978,0.004491978,0.037257,0.035171,5244
q12,q12,/home/dy1013/sirius_multi-gpu/experiment/join_retention_runs/join_retention_20260630_075038/queries/q12/log_dir/sirius_2026-06-30.log,0,14,11,PROJECTION,PROJECTION,13,PIPELINEABLE,PIPELINEABLE,1,3,1,146668,5,4491978,0.004491978,1,146668,2,2676858,0.002676858,0.59592,1.0,853
q12,q12,/home/dy1013/sirius_multi-gpu/experiment/join_retention_runs/join_retention_20260630_075038/queries/q12/log_dir/sirius_2026-06-30.log,0,13,17,GPU_SCAN,SCAN,94,GPU_SCAN,PIPELINEABLE,0,3,0,0,0,0,0.0,1,6036937,5,174531188,0.174531188,0.0,0.0,1021360
q12,q12,/home/dy1013/sirius_multi-gpu/experiment/join_retention_runs/join_retention_20260630_075038/queries/q12/log_dir/sirius_2026-06-30.log,0,13,10,FILTER,FILTER,12,PIPELINEABLE,PIPELINEABLE,0,3,1,6036937,5,174531188,0.174531188,1,211883,5,6489627,0.006489627,0.037183,0.035098,6660
q12,q12,/home/dy1013/sirius_multi-gpu/experiment/join_retention_runs/join_retention_20260630_075038/queries/q12/log_dir/sirius_2026-06-30.log,0,13,11,PROJECTION,PROJECTION,13,PIPELINEABLE,PIPELINEABLE,0,3,1,211883,5,6489627,0.006489627,1,211883,2,3867543,0.003867543,0.595958,1.0,865
q12,q12,/home/dy1013/sirius_multi-gpu/experiment/join_retention_runs/join_retention_20260630_075038/queries/q12/log_dir/sirius_2026-06-30.log,1,17,19,PARTITION,PARTITION,82,PIPELINEABLE,PIPELINEABLE,0,1,1,210399,2,3840167,0.003840167,1,210399,2,3840167,0.003840167,1.0,1.0,2
q12,q12,/home/dy1013/sirius_multi-gpu/experiment/join_retention_runs/join_retention_20260630_075038/queries/q12/log_dir/sirius_2026-06-30.log,1,15,19,PARTITION,PARTITION,82,PIPELINEABLE,PIPELINEABLE,3,1,1,211684,2,3862512,0.003862512,1,211684,2,3862512,0.003862512,1.0,1.0,5
q12,q12,/home/dy1013/sirius_multi-gpu/experiment/join_retention_runs/join_retention_20260630_075038/queries/q12/log_dir/sirius_2026-06-30.log,1,18,19,PARTITION,PARTITION,82,PIPELINEABLE,PIPELINEABLE,0,1,1,211887,2,3867007,0.003867007,1,211887,2,3867007,0.003867007,1.0,1.0,45
q12,q12,/home/dy1013/sirius_multi-gpu/experiment/join_retention_runs/join_retention_20260630_075038/queries/q12/log_dir/sirius_2026-06-30.log,1,24,19,PARTITION,PARTITION,82,PIPELINEABLE,PIPELINEABLE,0,1,1,212507,2,3878059,0.003878059,1,212507,2,3878059,0.003878059,1.0,1.0,6
q12,q12,/home/dy1013/sirius_multi-gpu/experiment/join_retention_runs/join_retention_20260630_075038/queries/q12/log_dir/sirius_2026-06-30.log,1,29,19,PARTITION,PARTITION,82,PIPELINEABLE,PIPELINEABLE,0,1,1,211883,2,3867543,0.003867543,1,211883,2,3867543,0.003867543,1.0,1.0,6
q12,q12,/home/dy1013/sirius_multi-gpu/experiment/join_retention_runs/join_retention_20260630_075038/queries/q12/log_dir/sirius_2026-06-30.log,1,22,19,PARTITION,PARTITION,82,PIPELINEABLE,PIPELINEABLE,2,1,1,212122,2,3871102,0.003871102,1,212122,2,3871102,0.003871102,1.0,1.0,8
q12,q12,/home/dy1013/sirius_multi-gpu/experiment/join_retention_runs/join_retention_20260630_075038/queries/q12/log_dir/sirius_2026-06-30.log,1,16,19,PARTITION,PARTITION,82,PIPELINEABLE,PIPELINEABLE,1,1,1,212153,2,3872383,0.003872383,1,212153,2,3872383,0.003872383,1.0,1.0,2
q12,q12,/home/dy1013/sirius_multi-gpu/experiment/join_retention_runs/join_retention_20260630_075038/queries/q12/log_dir/sirius_2026-06-30.log,1,19,19,PARTITION,PARTITION,82,PIPELINEABLE,PIPELINEABLE,1,1,1,211953,2,3868189,0.003868189,1,211953,2,3868189,0.003868189,1.0,1.0,2
q12,q12,/home/dy1013/sirius_multi-gpu/experiment/join_retention_runs/join_retention_20260630_075038/queries/q12/log_dir/sirius_2026-06-30.log,1,20,19,PARTITION,PARTITION,82,PIPELINEABLE,PIPELINEABLE,3,1,1,212552,2,3878558,0.003878558,1,212552,2,3878558,0.003878558,1.0,1.0,6
q12,q12,/home/dy1013/sirius_multi-gpu/experiment/join_retention_runs/join_retention_20260630_075038/queries/q12/log_dir/sirius_2026-06-30.log,1,21,19,PARTITION,PARTITION,82,PIPELINEABLE,PIPELINEABLE,2,1,1,212381,2,3876099,0.003876099,1,212381,2,3876099,0.003876099,1.0,1.0,3
q12,q12,/home/dy1013/sirius_multi-gpu/experiment/join_retention_runs/join_retention_20260630_075038/queries/q12/log_dir/sirius_2026-06-30.log,1,27,19,PARTITION,PARTITION,82,PIPELINEABLE,PIPELINEABLE,3,1,1,212118,2,3871742,0.003871742,1,212118,2,3871742,0.003871742,1.0,1.0,1
q12,q12,/home/dy1013/sirius_multi-gpu/experiment/join_retention_runs/join_retention_20260630_075038/queries/q12/log_dir/sirius_2026-06-30.log,1,25,19,PARTITION,PARTITION,82,PIPELINEABLE,PIPELINEABLE,3,1,1,212720,2,3881890,0.00388189,1,212720,2,3881890,0.00388189,1.0,1.0,5
q12,q12,/home/dy1013/sirius_multi-gpu/experiment/join_retention_runs/join_retention_20260630_075038/queries/q12/log_dir/sirius_2026-06-30.log,1,23,19,PARTITION,PARTITION,82,PIPELINEABLE,PIPELINEABLE,1,1,1,212777,2,3883073,0.003883073,1,212777,2,3883073,0.003883073,1.0,1.0,5
q12,q12,/home/dy1013/sirius_multi-gpu/experiment/join_retention_runs/join_retention_20260630_075038/queries/q12/log_dir/sirius_2026-06-30.log,1,28,19,PARTITION,PARTITION,82,PIPELINEABLE,PIPELINEABLE,1,1,1,146668,2,2676858,0.002676858,1,146668,2,2676858,0.002676858,1.0,1.0,3
q12,q12,/home/dy1013/sirius_multi-gpu/experiment/join_retention_runs/join_retention_20260630_075038/queries/q12/log_dir/sirius_2026-06-30.log,1,26,19,PARTITION,PARTITION,82,PIPELINEABLE,PIPELINEABLE,2,1,1,212479,2,3878825,0.003878825,1,212479,2,3878825,0.003878825,1.0,1.0,6
q12,q12,/home/dy1013/sirius_multi-gpu/experiment/join_retention_runs/join_retention_20260630_075038/queries/q12/log_dir/sirius_2026-06-30.log,2,30,18,CONCAT,CONCAT,83,PARTITIONED,PARTITIONED,0,1,15,3116283,30,56874007,0.056874007,1,3116283,2,56094047,0.056094047,0.986286,1.0,3170
q12,q12,/home/dy1013/sirius_multi-gpu/experiment/join_retention_runs/join_retention_20260630_075038/queries/q12/log_dir/sirius_2026-06-30.log,3,33,20,GPU_SCAN,SCAN,94,GPU_SCAN,PIPELINEABLE,2,1,0,0,0,0,0.0,1,21970669,2,453671260,0.45367126,0.0,0.0,197495
q12,q12,/home/dy1013/sirius_multi-gpu/experiment/join_retention_runs/join_retention_20260630_075038/queries/q12/log_dir/sirius_2026-06-30.log,4,34,22,PARTITION,PARTITION,82,PIPELINEABLE,PIPELINEABLE,2,1,1,21970669,2,453671260,0.45367126,1,21970669,2,453671260,0.45367126,1.0,1.0,1
q12,q12,/home/dy1013/sirius_multi-gpu/experiment/join_retention_runs/join_retention_20260630_075038/queries/q12/log_dir/sirius_2026-06-30.log,3,32,20,GPU_SCAN,SCAN,94,GPU_SCAN,PIPELINEABLE,1,1,0,0,0,0,0.0,1,64051517,2,1322690233,1.322690233,0.0,0.0,285146
q12,q12,/home/dy1013/sirius_multi-gpu/experiment/join_retention_runs/join_retention_20260630_075038/queries/q12/log_dir/sirius_2026-06-30.log,4,35,22,PARTITION,PARTITION,82,PIPELINEABLE,PIPELINEABLE,1,1,1,64051517,2,1322690233,1.322690233,1,64051517,2,1322690233,1.322690233,1.0,1.0,6
q12,q12,/home/dy1013/sirius_multi-gpu/experiment/join_retention_runs/join_retention_20260630_075038/queries/q12/log_dir/sirius_2026-06-30.log,3,31,20,GPU_SCAN,SCAN,94,GPU_SCAN,PIPELINEABLE,0,1,0,0,0,0,0.0,1,63977814,2,1321163483,1.321163483,0.0,0.0,342736
q12,q12,/home/dy1013/sirius_multi-gpu/experiment/join_retention_runs/join_retention_20260630_075038/queries/q12/log_dir/sirius_2026-06-30.log,5,36,21,CONCAT,CONCAT,83,PARTITIONED,PARTITIONED,0,1,1,21970669,2,453671260,0.45367126,1,21970669,2,453671260,0.45367126,1.0,1.0,5
q12,q12,/home/dy1013/sirius_multi-gpu/experiment/join_retention_runs/join_retention_20260630_075038/queries/q12/log_dir/sirius_2026-06-30.log,4,39,22,PARTITION,PARTITION,82,PIPELINEABLE,PIPELINEABLE,0,1,1,63977814,2,1321163483,1.321163483,1,63977814,2,1321163483,1.321163483,1.0,1.0,7
q12,q12,/home/dy1013/sirius_multi-gpu/experiment/join_retention_runs/join_retention_20260630_075038/queries/q12/log_dir/sirius_2026-06-30.log,5,40,21,CONCAT,CONCAT,83,PARTITIONED,PARTITIONED,0,1,1,63977814,2,1321163483,1.321163483,1,63977814,2,1321163483,1.321163483,1.0,1.0,1
q12,q12,/home/dy1013/sirius_multi-gpu/experiment/join_retention_runs/join_retention_20260630_075038/queries/q12/log_dir/sirius_2026-06-30.log,5,37,21,CONCAT,CONCAT,83,PARTITIONED,PARTITIONED,0,1,1,64051517,2,1322690233,1.322690233,1,64051517,2,1322690233,1.322690233,1.0,1.0,1
q12,q12,/home/dy1013/sirius_multi-gpu/experiment/join_retention_runs/join_retention_20260630_075038/queries/q12/log_dir/sirius_2026-06-30.log,6,38,12,HASH_JOIN,JOIN,33,PARTITIONED,PIPELINEABLE,0,3,2,25086952,4,509765307,0.509765307,1,455435,2,10262814,0.010262814,0.020132,0.018154,99046
q12,q12,/home/dy1013/sirius_multi-gpu/experiment/join_retention_runs/join_retention_20260630_075038/queries/q12/log_dir/sirius_2026-06-30.log,6,42,12,HASH_JOIN,JOIN,33,PARTITIONED,PIPELINEABLE,0,3,1,64051517,2,1322690233,1.322690233,1,1332256,2,30005515,0.030005515,0.022685,0.0208,60158
q12,q12,/home/dy1013/sirius_multi-gpu/experiment/join_retention_runs/join_retention_20260630_075038/queries/q12/log_dir/sirius_2026-06-30.log,6,41,12,HASH_JOIN,JOIN,33,PARTITIONED,PIPELINEABLE,0,3,1,63977814,2,1321163483,1.321163483,1,1328592,2,29922748,0.029922748,0.022649,0.020766,60936
q12,q12,/home/dy1013/sirius_multi-gpu/experiment/join_retention_runs/join_retention_20260630_075038/queries/q12/log_dir/sirius_2026-06-30.log,6,38,13,PROJECTION,PROJECTION,13,PIPELINEABLE,PIPELINEABLE,0,3,1,455435,2,10262814,0.010262814,1,455435,3,8198805,0.008198805,0.798885,1.0,4292
q12,q12,/home/dy1013/sirius_multi-gpu/experiment/join_retention_runs/join_retention_20260630_075038/queries/q12/log_dir/sirius_2026-06-30.log,6,42,13,PROJECTION,PROJECTION,13,PIPELINEABLE,PIPELINEABLE,0,3,1,1332256,2,30005515,0.030005515,1,1332256,3,23980882,0.023980882,0.799216,1.0,4272
q12,q12,/home/dy1013/sirius_multi-gpu/experiment/join_retention_runs/join_retention_20260630_075038/queries/q12/log_dir/sirius_2026-06-30.log,6,41,13,PROJECTION,PROJECTION,13,PIPELINEABLE,PIPELINEABLE,0,3,1,1328592,2,29922748,0.029922748,1,1328592,3,23914368,0.023914368,0.799204,1.0,3526
q12,q12,/home/dy1013/sirius_multi-gpu/experiment/join_retention_runs/join_retention_20260630_075038/queries/q12/log_dir/sirius_2026-06-30.log,6,41,14,HASH_GROUP_BY,AGGREGATE,9,PIPELINEABLE,PIPELINEABLE,0,3,1,1328592,3,23914368,0.023914368,1,2,3,56,5.6e-08,2e-06,2e-06,11488
q12,q12,/home/dy1013/sirius_multi-gpu/experiment/join_retention_runs/join_retention_20260630_075038/queries/q12/log_dir/sirius_2026-06-30.log,6,42,14,HASH_GROUP_BY,AGGREGATE,9,PIPELINEABLE,PIPELINEABLE,0,3,1,1332256,3,23980882,0.023980882,1,2,3,56,5.6e-08,2e-06,2e-06,12237
q12,q12,/home/dy1013/sirius_multi-gpu/experiment/join_retention_runs/join_retention_20260630_075038/queries/q12/log_dir/sirius_2026-06-30.log,6,38,14,HASH_GROUP_BY,AGGREGATE,9,PIPELINEABLE,PIPELINEABLE,0,3,1,455435,3,8198805,0.008198805,1,2,3,56,5.6e-08,7e-06,4e-06,12284
q12,q12,/home/dy1013/sirius_multi-gpu/experiment/join_retention_runs/join_retention_20260630_075038/queries/q12/log_dir/sirius_2026-06-30.log,7,43,23,PARTITION,PARTITION,82,PIPELINEABLE,PIPELINEABLE,0,1,1,2,3,56,5.6e-08,1,2,3,56,5.6e-08,1.0,1.0,1
q12,q12,/home/dy1013/sirius_multi-gpu/experiment/join_retention_runs/join_retention_20260630_075038/queries/q12/log_dir/sirius_2026-06-30.log,7,44,23,PARTITION,PARTITION,82,PIPELINEABLE,PIPELINEABLE,0,1,1,2,3,56,5.6e-08,1,2,3,56,5.6e-08,1.0,1.0,16
q12,q12,/home/dy1013/sirius_multi-gpu/experiment/join_retention_runs/join_retention_20260630_075038/queries/q12/log_dir/sirius_2026-06-30.log,7,45,23,PARTITION,PARTITION,82,PIPELINEABLE,PIPELINEABLE,0,1,1,2,3,56,5.6e-08,1,2,3,56,5.6e-08,1.0,1.0,1
q12,q12,/home/dy1013/sirius_multi-gpu/experiment/join_retention_runs/join_retention_20260630_075038/queries/q12/log_dir/sirius_2026-06-30.log,8,46,24,MERGE_GROUP_BY,AGGREGATE,85,PARTITIONED,PIPELINEABLE,0,1,3,6,9,168,1.68e-07,1,2,3,56,5.6e-08,0.333333,0.333333,2297
q12,q12,/home/dy1013/sirius_multi-gpu/experiment/join_retention_runs/join_retention_20260630_075038/queries/q12/log_dir/sirius_2026-06-30.log,9,47,15,ORDER_BY,SORT,1,PIPELINEABLE,PIPELINEABLE,0,1,1,2,3,56,5.6e-08,1,2,3,56,5.6e-08,1.0,1.0,4727
q12,q12,/home/dy1013/sirius_multi-gpu/experiment/join_retention_runs/join_retention_20260630_075038/queries/q12/log_dir/sirius_2026-06-30.log,10,48,25,SORT_SAMPLE,SORT,89,PIPELINEABLE,PIPELINEABLE,0,2,1,2,3,56,5.6e-08,1,2,3,56,5.6e-08,1.0,1.0,490
q12,q12,/home/dy1013/sirius_multi-gpu/experiment/join_retention_runs/join_retention_20260630_075038/queries/q12/log_dir/sirius_2026-06-30.log,10,48,26,SORT_PARTITION,SORT,88,PIPELINEABLE,PIPELINEABLE,0,2,1,2,3,56,5.6e-08,2,2,6,60,6e-08,1.071429,1.0,2505
q12,q12,/home/dy1013/sirius_multi-gpu/experiment/join_retention_runs/join_retention_20260630_075038/queries/q12/log_dir/sirius_2026-06-30.log,11,49,27,MERGE_SORT,SORT,84,PIPELINEABLE,PIPELINEABLE,0,1,2,2,6,60,6e-08,1,2,3,56,5.6e-08,0.933333,1.0,6307
q12,q12,/home/dy1013/sirius_multi-gpu/experiment/join_retention_runs/join_retention_20260630_075038/queries/q12/log_dir/sirius_2026-06-30.log,12,50,16,RESULT_COLLECTOR,RESULT,76,PIPELINEABLE,PIPELINEABLE,0,1,1,2,3,56,5.6e-08,1,2,3,56,5.6e-08,1.0,1.0,1
q13,q13,/home/dy1013/sirius_multi-gpu/experiment/join_retention_runs/join_retention_20260630_075038/queries/q13/log_dir/sirius_2026-06-30.log,0,0,17,GPU_SCAN,SCAN,94,GPU_SCAN,PIPELINEABLE,0,1,0,0,0,0,0.0,1,15000000,1,121875008,0.121875008,0.0,0.0,64283
q13,q13,/home/dy1013/sirius_multi-gpu/experiment/join_retention_runs/join_retention_20260630_075038/queries/q13/log_dir/sirius_2026-06-30.log,1,1,19,PARTITION,PARTITION,82,PIPELINEABLE,PIPELINEABLE,0,1,1,15000000,1,121875008,0.121875008,4,15000000,4,120000000,0.12,0.984615,1.0,12010
q13,q13,/home/dy1013/sirius_multi-gpu/experiment/join_retention_runs/join_retention_20260630_075038/queries/q13/log_dir/sirius_2026-06-30.log,2,2,18,CONCAT,CONCAT,83,PARTITIONED,PARTITIONED,0,1,1,3750768,1,30006144,0.030006144,1,3750768,1,30006144,0.030006144,1.0,1.0,0
q13,q13,/home/dy1013/sirius_multi-gpu/experiment/join_retention_runs/join_retention_20260630_075038/queries/q13/log_dir/sirius_2026-06-30.log,2,4,18,CONCAT,CONCAT,83,PARTITIONED,PARTITIONED,2,1,1,3749595,1,29996760,0.02999676,1,3749595,1,29996760,0.02999676,1.0,1.0,0
q13,q13,/home/dy1013/sirius_multi-gpu/experiment/join_retention_runs/join_retention_20260630_075038/queries/q13/log_dir/sirius_2026-06-30.log,2,3,18,CONCAT,CONCAT,83,PARTITIONED,PARTITIONED,1,1,1,3747278,1,29978224,0.029978224,1,3747278,1,29978224,0.029978224,1.0,1.0,0
q13,q13,/home/dy1013/sirius_multi-gpu/experiment/join_retention_runs/join_retention_20260630_075038/queries/q13/log_dir/sirius_2026-06-30.log,2,5,18,CONCAT,CONCAT,83,PARTITIONED,PARTITIONED,3,1,1,3752359,1,30018872,0.030018872,1,3752359,1,30018872,0.030018872,1.0,1.0,0
q13,q13,/home/dy1013/sirius_multi-gpu/experiment/join_retention_runs/join_retention_20260630_075038/queries/q13/log_dir/sirius_2026-06-30.log,3,10,20,GPU_SCAN,SCAN,94,GPU_SCAN,PIPELINEABLE,1,1,0,0,0,0,0.0,1,15763175,2,256151664,0.256151664,0.0,0.0,1597217
q13,q13,/home/dy1013/sirius_multi-gpu/experiment/join_retention_runs/join_retention_20260630_075038/queries/q13/log_dir/sirius_2026-06-30.log,4,11,22,PARTITION,PARTITION,82,PIPELINEABLE,PIPELINEABLE,1,1,1,15763175,2,256151664,0.256151664,4,15763175,8,252210800,0.2522108,0.984615,1.0,7200
q13,q13,/home/dy1013/sirius_multi-gpu/experiment/join_retention_runs/join_retention_20260630_075038/queries/q13/log_dir/sirius_2026-06-30.log,3,9,20,GPU_SCAN,SCAN,94,GPU_SCAN,PIPELINEABLE,0,1,0,0,0,0,0.0,1,33143825,2,538587280,0.53858728,0.0,0.0,1833336
q13,q13,/home/dy1013/sirius_multi-gpu/experiment/join_retention_runs/join_retention_20260630_075038/queries/q13/log_dir/sirius_2026-06-30.log,4,12,22,PARTITION,PARTITION,82,PIPELINEABLE,PIPELINEABLE,0,1,1,33143825,2,538587280,0.53858728,4,33143825,8,530301200,0.5303012,0.984615,1.0,11129
q13,q13,/home/dy1013/sirius_multi-gpu/experiment/join_retention_runs/join_retention_20260630_075038/queries/q13/log_dir/sirius_2026-06-30.log,3,6,20,GPU_SCAN,SCAN,94,GPU_SCAN,PIPELINEABLE,1,1,0,0,0,0,0.0,1,33190445,2,539344848,0.539344848,0.0,0.0,1857949
q13,q13,/home/dy1013/sirius_multi-gpu/experiment/join_retention_runs/join_retention_20260630_075038/queries/q13/log_dir/sirius_2026-06-30.log,4,13,22,PARTITION,PARTITION,82,PIPELINEABLE,PIPELINEABLE,1,1,1,33190445,2,539344848,0.539344848,4,33190445,8,531047120,0.53104712,0.984615,1.0,11921
q13,q13,/home/dy1013/sirius_multi-gpu/experiment/join_retention_runs/join_retention_20260630_075038/queries/q13/log_dir/sirius_2026-06-30.log,3,8,20,GPU_SCAN,SCAN,94,GPU_SCAN,PIPELINEABLE,3,1,0,0,0,0,0.0,1,33142384,2,538563840,0.53856384,0.0,0.0,1886207
q13,q13,/home/dy1013/sirius_multi-gpu/experiment/join_retention_runs/join_retention_20260630_075038/queries/q13/log_dir/sirius_2026-06-30.log,4,14,22,PARTITION,PARTITION,82,PIPELINEABLE,PIPELINEABLE,3,1,1,33142384,2,538563840,0.53856384,4,33142384,8,530278144,0.530278144,0.984615,1.0,12081
q13,q13,/home/dy1013/sirius_multi-gpu/experiment/join_retention_runs/join_retention_20260630_075038/queries/q13/log_dir/sirius_2026-06-30.log,3,7,20,GPU_SCAN,SCAN,94,GPU_SCAN,PIPELINEABLE,2,1,0,0,0,0,0.0,1,33142534,2,538566240,0.53856624,0.0,0.0,1899472
q13,q13,/home/dy1013/sirius_multi-gpu/experiment/join_retention_runs/join_retention_20260630_075038/queries/q13/log_dir/sirius_2026-06-30.log,4,15,22,PARTITION,PARTITION,82,PIPELINEABLE,PIPELINEABLE,2,1,1,33142534,2,538566240,0.53856624,4,33142534,8,530280544,0.530280544,0.984615,1.0,10025
q13,q13,/home/dy1013/sirius_multi-gpu/experiment/join_retention_runs/join_retention_20260630_075038/queries/q13/log_dir/sirius_2026-06-30.log,5,17,21,CONCAT,CONCAT,83,PARTITIONED,PARTITIONED,1,1,5,37042220,10,592675520,0.59267552,1,37042220,2,592675520,0.59267552,1.0,1.0,12858
q13,q13,/home/dy1013/sirius_multi-gpu/experiment/join_retention_runs/join_retention_20260630_075038/queries/q13/log_dir/sirius_2026-06-30.log,5,16,21,CONCAT,CONCAT,83,PARTITIONED,PARTITIONED,0,1,5,37113759,10,593820144,0.593820144,1,37113759,2,593820144,0.593820144,1.0,1.0,3687
q13,q13,/home/dy1013/sirius_multi-gpu/experiment/join_retention_runs/join_retention_20260630_075038/queries/q13/log_dir/sirius_2026-06-30.log,5,18,21,CONCAT,CONCAT,83,PARTITIONED,PARTITIONED,2,1,5,37086169,10,593378704,0.593378704,1,37086169,2,593378704,0.593378704,1.0,1.0,4313
q13,q13,/home/dy1013/sirius_multi-gpu/experiment/join_retention_runs/join_retention_20260630_075038/queries/q13/log_dir/sirius_2026-06-30.log,5,19,21,CONCAT,CONCAT,83,PARTITIONED,PARTITIONED,3,1,5,37140215,10,594243440,0.59424344,1,37140215,2,594243440,0.59424344,1.0,1.0,5237
q13,q13,/home/dy1013/sirius_multi-gpu/experiment/join_retention_runs/join_retention_20260630_075038/queries/q13/log_dir/sirius_2026-06-30.log,6,22,10,HASH_JOIN,JOIN,33,PARTITIONED,PIPELINEABLE,2,3,2,40835764,3,623375464,0.623375464,1,38336311,2,618173040,0.61817304,0.991654,0.938793,85832
q13,q13,/home/dy1013/sirius_multi-gpu/experiment/join_retention_runs/join_retention_20260630_075038/queries/q13/log_dir/sirius_2026-06-30.log,6,23,10,HASH_JOIN,JOIN,33,PARTITIONED,PIPELINEABLE,3,3,2,40892574,3,624262312,0.624262312,1,38390654,2,619049312,0.619049312,0.991649,0.938817,87829
q13,q13,/home/dy1013/sirius_multi-gpu/experiment/join_retention_runs/join_retention_20260630_075038/queries/q13/log_dir/sirius_2026-06-30.log,6,22,11,PROJECTION,PROJECTION,13,PIPELINEABLE,PIPELINEABLE,2,3,1,38336311,2,618173040,0.61817304,1,38336311,2,618173040,0.61817304,1.0,1.0,3713
q13,q13,/home/dy1013/sirius_multi-gpu/experiment/join_retention_runs/join_retention_20260630_075038/queries/q13/log_dir/sirius_2026-06-30.log,6,21,10,HASH_JOIN,JOIN,33,PARTITIONED,PIPELINEABLE,1,3,2,40789498,3,622653744,0.622653744,1,38291815,2,617455536,0.617455536,0.991652,0.938767,90119
q13,q13,/home/dy1013/sirius_multi-gpu/experiment/join_retention_runs/join_retention_20260630_075038/queries/q13/log_dir/sirius_2026-06-30.log,6,23,11,PROJECTION,PROJECTION,13,PIPELINEABLE,PIPELINEABLE,3,3,1,38390654,2,619049312,0.619049312,1,38390654,2,619049312,0.619049312,1.0,1.0,3664
q13,q13,/home/dy1013/sirius_multi-gpu/experiment/join_retention_runs/join_retention_20260630_075038/queries/q13/log_dir/sirius_2026-06-30.log,6,21,11,PROJECTION,PROJECTION,13,PIPELINEABLE,PIPELINEABLE,1,3,1,38291815,2,617455536,0.617455536,1,38291815,2,617455536,0.617455536,1.0,1.0,3647
q13,q13,/home/dy1013/sirius_multi-gpu/experiment/join_retention_runs/join_retention_20260630_075038/queries/q13/log_dir/sirius_2026-06-30.log,6,20,10,HASH_JOIN,JOIN,33,PARTITIONED,PIPELINEABLE,0,3,2,40864527,3,623826288,0.623826288,1,38363766,2,618615776,0.618615776,0.991647,0.938804,95685
q13,q13,/home/dy1013/sirius_multi-gpu/experiment/join_retention_runs/join_retention_20260630_075038/queries/q13/log_dir/sirius_2026-06-30.log,6,20,11,PROJECTION,PROJECTION,13,PIPELINEABLE,PIPELINEABLE,0,3,1,38363766,2,618615776,0.618615776,1,38363766,2,618615776,0.618615776,1.0,1.0,3658
q13,q13,/home/dy1013/sirius_multi-gpu/experiment/join_retention_runs/join_retention_20260630_075038/queries/q13/log_dir/sirius_2026-06-30.log,6,23,12,HASH_GROUP_BY,AGGREGATE,9,PIPELINEABLE,PIPELINEABLE,3,3,1,38390654,2,619049312,0.619049312,1,3752359,2,60037744,0.060037744,0.096984,0.097741,46335
q13,q13,/home/dy1013/sirius_multi-gpu/experiment/join_retention_runs/join_retention_20260630_075038/queries/q13/log_dir/sirius_2026-06-30.log,6,21,12,HASH_GROUP_BY,AGGREGATE,9,PIPELINEABLE,PIPELINEABLE,1,3,1,38291815,2,617455536,0.617455536,1,3747278,2,59956448,0.059956448,0.097102,0.097861,47730
q13,q13,/home/dy1013/sirius_multi-gpu/experiment/join_retention_runs/join_retention_20260630_075038/queries/q13/log_dir/sirius_2026-06-30.log,6,22,12,HASH_GROUP_BY,AGGREGATE,9,PIPELINEABLE,PIPELINEABLE,2,3,1,38336311,2,618173040,0.61817304,1,3749595,2,59993520,0.05999352,0.09705,0.097808,59714
q13,q13,/home/dy1013/sirius_multi-gpu/experiment/join_retention_runs/join_retention_20260630_075038/queries/q13/log_dir/sirius_2026-06-30.log,6,20,12,HASH_GROUP_BY,AGGREGATE,9,PIPELINEABLE,PIPELINEABLE,0,3,1,38363766,2,618615776,0.618615776,1,3750768,2,60012288,0.060012288,0.097011,0.097769,50158
q13,q13,/home/dy1013/sirius_multi-gpu/experiment/join_retention_runs/join_retention_20260630_075038/queries/q13/log_dir/sirius_2026-06-30.log,7,27,23,PARTITION,PARTITION,82,PIPELINEABLE,PIPELINEABLE,0,1,1,3750768,2,60012288,0.060012288,4,3750768,8,60012288,0.060012288,1.0,1.0,11299
q13,q13,/home/dy1013/sirius_multi-gpu/experiment/join_retention_runs/join_retention_20260630_075038/queries/q13/log_dir/sirius_2026-06-30.log,7,25,23,PARTITION,PARTITION,82,PIPELINEABLE,PIPELINEABLE,1,1,1,3747278,2,59956448,0.059956448,4,3747278,8,59956448,0.059956448,1.0,1.0,11506
q13,q13,/home/dy1013/sirius_multi-gpu/experiment/join_retention_runs/join_retention_20260630_075038/queries/q13/log_dir/sirius_2026-06-30.log,7,26,23,PARTITION,PARTITION,82,PIPELINEABLE,PIPELINEABLE,2,1,1,3749595,2,59993520,0.05999352,4,3749595,8,59993520,0.05999352,1.0,1.0,11270
q13,q13,/home/dy1013/sirius_multi-gpu/experiment/join_retention_runs/join_retention_20260630_075038/queries/q13/log_dir/sirius_2026-06-30.log,7,24,23,PARTITION,PARTITION,82,PIPELINEABLE,PIPELINEABLE,3,1,1,3752359,2,60037744,0.060037744,4,3752359,8,60037744,0.060037744,1.0,1.0,11593
q13,q13,/home/dy1013/sirius_multi-gpu/experiment/join_retention_runs/join_retention_20260630_075038/queries/q13/log_dir/sirius_2026-06-30.log,8,31,24,MERGE_GROUP_BY,AGGREGATE,85,PARTITIONED,PIPELINEABLE,3,1,4,3752359,8,60037744,0.060037744,1,3752359,2,60037744,0.060037744,1.0,1.0,11281
q13,q13,/home/dy1013/sirius_multi-gpu/experiment/join_retention_runs/join_retention_20260630_075038/queries/q13/log_dir/sirius_2026-06-30.log,8,30,24,MERGE_GROUP_BY,AGGREGATE,85,PARTITIONED,PIPELINEABLE,2,1,4,3749595,8,59993520,0.05999352,1,3749595,2,59993520,0.05999352,1.0,1.0,13119
q13,q13,/home/dy1013/sirius_multi-gpu/experiment/join_retention_runs/join_retention_20260630_075038/queries/q13/log_dir/sirius_2026-06-30.log,8,28,24,MERGE_GROUP_BY,AGGREGATE,85,PARTITIONED,PIPELINEABLE,0,1,4,3750768,8,60012288,0.060012288,1,3750768,2,60012288,0.060012288,1.0,1.0,13396
q13,q13,/home/dy1013/sirius_multi-gpu/experiment/join_retention_runs/join_retention_20260630_075038/queries/q13/log_dir/sirius_2026-06-30.log,8,29,24,MERGE_GROUP_BY,AGGREGATE,85,PARTITIONED,PIPELINEABLE,1,1,4,3747278,8,59956448,0.059956448,1,3747278,2,59956448,0.059956448,1.0,1.0,14702
q13,q13,/home/dy1013/sirius_multi-gpu/experiment/join_retention_runs/join_retention_20260630_075038/queries/q13/log_dir/sirius_2026-06-30.log,9,32,13,PROJECTION,PROJECTION,13,PIPELINEABLE,PIPELINEABLE,3,2,1,3752359,2,60037744,0.060037744,1,3752359,1,30018872,0.030018872,0.5,1.0,205
q13,q13,/home/dy1013/sirius_multi-gpu/experiment/join_retention_runs/join_retention_20260630_075038/queries/q13/log_dir/sirius_2026-06-30.log,9,33,13,PROJECTION,PROJECTION,13,PIPELINEABLE,PIPELINEABLE,2,2,1,3749595,2,59993520,0.05999352,1,3749595,1,29996760,0.02999676,0.5,1.0,206
q13,q13,/home/dy1013/sirius_multi-gpu/experiment/join_retention_runs/join_retention_20260630_075038/queries/q13/log_dir/sirius_2026-06-30.log,9,34,13,PROJECTION,PROJECTION,13,PIPELINEABLE,PIPELINEABLE,0,2,1,3750768,2,60012288,0.060012288,1,3750768,1,30006144,0.030006144,0.5,1.0,203
q13,q13,/home/dy1013/sirius_multi-gpu/experiment/join_retention_runs/join_retention_20260630_075038/queries/q13/log_dir/sirius_2026-06-30.log,9,35,13,PROJECTION,PROJECTION,13,PIPELINEABLE,PIPELINEABLE,1,2,1,3747278,2,59956448,0.059956448,1,3747278,1,29978224,0.029978224,0.5,1.0,244
q13,q13,/home/dy1013/sirius_multi-gpu/experiment/join_retention_runs/join_retention_20260630_075038/queries/q13/log_dir/sirius_2026-06-30.log,9,34,14,HASH_GROUP_BY,AGGREGATE,9,PIPELINEABLE,PIPELINEABLE,0,2,1,3750768,1,30006144,0.030006144,1,43,2,688,6.88e-07,2.3e-05,1.1e-05,8851
q13,q13,/home/dy1013/sirius_multi-gpu/experiment/join_retention_runs/join_retention_20260630_075038/queries/q13/log_dir/sirius_2026-06-30.log,9,33,14,HASH_GROUP_BY,AGGREGATE,9,PIPELINEABLE,PIPELINEABLE,2,2,1,3749595,1,29996760,0.02999676,1,44,2,704,7.04e-07,2.3e-05,1.2e-05,13714
q13,q13,/home/dy1013/sirius_multi-gpu/experiment/join_retention_runs/join_retention_20260630_075038/queries/q13/log_dir/sirius_2026-06-30.log,9,35,14,HASH_GROUP_BY,AGGREGATE,9,PIPELINEABLE,PIPELINEABLE,1,2,1,3747278,1,29978224,0.029978224,1,43,2,688,6.88e-07,2.3e-05,1.1e-05,14308
q13,q13,/home/dy1013/sirius_multi-gpu/experiment/join_retention_runs/join_retention_20260630_075038/queries/q13/log_dir/sirius_2026-06-30.log,9,32,14,HASH_GROUP_BY,AGGREGATE,9,PIPELINEABLE,PIPELINEABLE,3,2,1,3752359,1,30018872,0.030018872,1,45,2,720,7.2e-07,2.4e-05,1.2e-05,15464
q13,q13,/home/dy1013/sirius_multi-gpu/experiment/join_retention_runs/join_retention_20260630_075038/queries/q13/log_dir/sirius_2026-06-30.log,10,38,25,PARTITION,PARTITION,82,PIPELINEABLE,PIPELINEABLE,1,1,1,43,2,688,6.88e-07,1,43,2,688,6.88e-07,1.0,1.0,2
q13,q13,/home/dy1013/sirius_multi-gpu/experiment/join_retention_runs/join_retention_20260630_075038/queries/q13/log_dir/sirius_2026-06-30.log,10,39,25,PARTITION,PARTITION,82,PIPELINEABLE,PIPELINEABLE,3,1,1,45,2,720,7.2e-07,1,45,2,720,7.2e-07,1.0,1.0,6
q13,q13,/home/dy1013/sirius_multi-gpu/experiment/join_retention_runs/join_retention_20260630_075038/queries/q13/log_dir/sirius_2026-06-30.log,10,36,25,PARTITION,PARTITION,82,PIPELINEABLE,PIPELINEABLE,0,1,1,43,2,688,6.88e-07,1,43,2,688,6.88e-07,1.0,1.0,6
q13,q13,/home/dy1013/sirius_multi-gpu/experiment/join_retention_runs/join_retention_20260630_075038/queries/q13/log_dir/sirius_2026-06-30.log,10,37,25,PARTITION,PARTITION,82,PIPELINEABLE,PIPELINEABLE,2,1,1,44,2,704,7.04e-07,1,44,2,704,7.04e-07,1.0,1.0,5
q13,q13,/home/dy1013/sirius_multi-gpu/experiment/join_retention_runs/join_retention_20260630_075038/queries/q13/log_dir/sirius_2026-06-30.log,11,40,26,MERGE_GROUP_BY,AGGREGATE,85,PARTITIONED,PIPELINEABLE,0,1,4,175,8,2800,2.8e-06,1,45,2,720,7.2e-07,0.257143,0.257143,1257
q13,q13,/home/dy1013/sirius_multi-gpu/experiment/join_retention_runs/join_retention_20260630_075038/queries/q13/log_dir/sirius_2026-06-30.log,12,41,15,ORDER_BY,SORT,1,PIPELINEABLE,PIPELINEABLE,0,1,1,45,2,720,7.2e-07,1,45,2,720,7.2e-07,1.0,1.0,4783
q13,q13,/home/dy1013/sirius_multi-gpu/experiment/join_retention_runs/join_retention_20260630_075038/queries/q13/log_dir/sirius_2026-06-30.log,13,42,27,SORT_SAMPLE,SORT,89,PIPELINEABLE,PIPELINEABLE,0,2,1,45,2,720,7.2e-07,1,45,2,720,7.2e-07,1.0,1.0,4
q13,q13,/home/dy1013/sirius_multi-gpu/experiment/join_retention_runs/join_retention_20260630_075038/queries/q13/log_dir/sirius_2026-06-30.log,13,42,28,SORT_PARTITION,SORT,88,PIPELINEABLE,PIPELINEABLE,0,2,1,45,2,720,7.2e-07,1,45,2,720,7.2e-07,1.0,1.0,1
q13,q13,/home/dy1013/sirius_multi-gpu/experiment/join_retention_runs/join_retention_20260630_075038/queries/q13/log_dir/sirius_2026-06-30.log,14,43,29,MERGE_SORT,SORT,84,PIPELINEABLE,PIPELINEABLE,0,1,1,45,2,720,7.2e-07,1,45,2,720,7.2e-07,1.0,1.0,6
q13,q13,/home/dy1013/sirius_multi-gpu/experiment/join_retention_runs/join_retention_20260630_075038/queries/q13/log_dir/sirius_2026-06-30.log,15,44,16,RESULT_COLLECTOR,RESULT,76,PIPELINEABLE,PIPELINEABLE,0,1,1,45,2,720,7.2e-07,1,45,2,720,7.2e-07,1.0,1.0,1
q14,q14,/home/dy1013/sirius_multi-gpu/experiment/join_retention_runs/join_retention_20260630_075038/queries/q14/log_dir/sirius_2026-06-30.log,0,0,13,GPU_SCAN,SCAN,94,GPU_SCAN,PIPELINEABLE,0,1,0,0,0,0,0.0,1,20000000,2,656999222,0.656999222,0.0,0.0,89211
q14,q14,/home/dy1013/sirius_multi-gpu/experiment/join_retention_runs/join_retention_20260630_075038/queries/q14/log_dir/sirius_2026-06-30.log,1,1,15,PARTITION,PARTITION,82,PIPELINEABLE,PIPELINEABLE,0,1,1,20000000,2,656999222,0.656999222,4,20000000,8,654499266,0.654499266,0.996195,1.0,31821
q14,q14,/home/dy1013/sirius_multi-gpu/experiment/join_retention_runs/join_retention_20260630_075038/queries/q14/log_dir/sirius_2026-06-30.log,2,2,14,CONCAT,CONCAT,83,PARTITIONED,PARTITIONED,0,1,1,5000685,2,163644077,0.163644077,1,5000685,2,163644077,0.163644077,1.0,1.0,4
q14,q14,/home/dy1013/sirius_multi-gpu/experiment/join_retention_runs/join_retention_20260630_075038/queries/q14/log_dir/sirius_2026-06-30.log,2,4,14,CONCAT,CONCAT,83,PARTITIONED,PARTITIONED,2,1,1,5002496,2,163719588,0.163719588,1,5002496,2,163719588,0.163719588,1.0,1.0,0
q14,q14,/home/dy1013/sirius_multi-gpu/experiment/join_retention_runs/join_retention_20260630_075038/queries/q14/log_dir/sirius_2026-06-30.log,2,3,14,CONCAT,CONCAT,83,PARTITIONED,PARTITIONED,1,1,1,4994933,2,163456677,0.163456677,1,4994933,2,163456677,0.163456677,1.0,1.0,0
q14,q14,/home/dy1013/sirius_multi-gpu/experiment/join_retention_runs/join_retention_20260630_075038/queries/q14/log_dir/sirius_2026-06-30.log,2,5,14,CONCAT,CONCAT,83,PARTITIONED,PARTITIONED,3,1,1,5001886,2,163678924,0.163678924,1,5001886,2,163678924,0.163678924,1.0,1.0,0
q14,q14,/home/dy1013/sirius_multi-gpu/experiment/join_retention_runs/join_retention_20260630_075038/queries/q14/log_dir/sirius_2026-06-30.log,3,17,16,GPU_SCAN,SCAN,94,GPU_SCAN,PIPELINEABLE,0,1,0,0,0,0,0.0,1,419200,3,10218048,0.010218048,0.0,0.0,1041390
q14,q14,/home/dy1013/sirius_multi-gpu/experiment/join_retention_runs/join_retention_20260630_075038/queries/q14/log_dir/sirius_2026-06-30.log,4,25,18,PARTITION,PARTITION,82,PIPELINEABLE,PIPELINEABLE,0,1,1,419200,3,10218048,0.010218048,4,419200,12,10060800,0.0100608,0.984611,1.0,12468
q14,q14,/home/dy1013/sirius_multi-gpu/experiment/join_retention_runs/join_retention_20260630_075038/queries/q14/log_dir/sirius_2026-06-30.log,3,15,16,GPU_SCAN,SCAN,94,GPU_SCAN,PIPELINEABLE,2,1,0,0,0,0,0.0,1,418401,3,10198680,0.01019868,0.0,0.0,1061988
q14,q14,/home/dy1013/sirius_multi-gpu/experiment/join_retention_runs/join_retention_20260630_075038/queries/q14/log_dir/sirius_2026-06-30.log,3,7,16,GPU_SCAN,SCAN,94,GPU_SCAN,PIPELINEABLE,2,1,0,0,0,0,0.0,1,418770,3,10207536,0.010207536,0.0,0.0,1690802
q14,q14,/home/dy1013/sirius_multi-gpu/experiment/join_retention_runs/join_retention_20260630_075038/queries/q14/log_dir/sirius_2026-06-30.log,4,26,18,PARTITION,PARTITION,82,PIPELINEABLE,PIPELINEABLE,2,1,1,418401,3,10198680,0.01019868,4,418401,12,10041624,0.010041624,0.9846,1.0,10165
q14,q14,/home/dy1013/sirius_multi-gpu/experiment/join_retention_runs/join_retention_20260630_075038/queries/q14/log_dir/sirius_2026-06-30.log,4,27,18,PARTITION,PARTITION,82,PIPELINEABLE,PIPELINEABLE,2,1,1,418770,3,10207536,0.010207536,4,418770,12,10050480,0.01005048,0.984614,1.0,968
q14,q14,/home/dy1013/sirius_multi-gpu/experiment/join_retention_runs/join_retention_20260630_075038/queries/q14/log_dir/sirius_2026-06-30.log,3,13,16,GPU_SCAN,SCAN,94,GPU_SCAN,PIPELINEABLE,0,1,0,0,0,0,0.0,1,420107,3,10240200,0.0102402,0.0,0.0,1811395
q14,q14,/home/dy1013/sirius_multi-gpu/experiment/join_retention_runs/join_retention_20260630_075038/queries/q14/log_dir/sirius_2026-06-30.log,4,28,18,PARTITION,PARTITION,82,PIPELINEABLE,PIPELINEABLE,0,1,1,420107,3,10240200,0.0102402,4,420107,12,10082568,0.010082568,0.984607,1.0,8463
q14,q14,/home/dy1013/sirius_multi-gpu/experiment/join_retention_runs/join_retention_20260630_075038/queries/q14/log_dir/sirius_2026-06-30.log,3,11,16,GPU_SCAN,SCAN,94,GPU_SCAN,PIPELINEABLE,2,1,0,0,0,0,0.0,1,420277,3,10244280,0.01024428,0.0,0.0,1993658
q14,q14,/home/dy1013/sirius_multi-gpu/experiment/join_retention_runs/join_retention_20260630_075038/queries/q14/log_dir/sirius_2026-06-30.log,3,9,16,GPU_SCAN,SCAN,94,GPU_SCAN,PIPELINEABLE,0,1,0,0,0,0,0.0,1,419406,3,10223184,0.010223184,0.0,0.0,2005099
q14,q14,/home/dy1013/sirius_multi-gpu/experiment/join_retention_runs/join_retention_20260630_075038/queries/q14/log_dir/sirius_2026-06-30.log,4,29,18,PARTITION,PARTITION,82,PIPELINEABLE,PIPELINEABLE,2,1,1,420277,3,10244280,0.01024428,4,420277,12,10086648,0.010086648,0.984613,1.0,11147
q14,q14,/home/dy1013/sirius_multi-gpu/experiment/join_retention_runs/join_retention_20260630_075038/queries/q14/log_dir/sirius_2026-06-30.log,3,16,16,GPU_SCAN,SCAN,94,GPU_SCAN,PIPELINEABLE,3,1,0,0,0,0,0.0,1,420500,3,10249824,0.010249824,0.0,0.0,2016885
q14,q14,/home/dy1013/sirius_multi-gpu/experiment/join_retention_runs/join_retention_20260630_075038/queries/q14/log_dir/sirius_2026-06-30.log,4,30,18,PARTITION,PARTITION,82,PIPELINEABLE,PIPELINEABLE,0,1,1,419406,3,10223184,0.010223184,4,419406,12,10065744,0.010065744,0.9846,1.0,13523
q14,q14,/home/dy1013/sirius_multi-gpu/experiment/join_retention_runs/join_retention_20260630_075038/queries/q14/log_dir/sirius_2026-06-30.log,3,10,16,GPU_SCAN,SCAN,94,GPU_SCAN,PIPELINEABLE,1,1,0,0,0,0,0.0,1,419313,3,10220760,0.01022076,0.0,0.0,2064725
q14,q14,/home/dy1013/sirius_multi-gpu/experiment/join_retention_runs/join_retention_20260630_075038/queries/q14/log_dir/sirius_2026-06-30.log,3,8,16,GPU_SCAN,SCAN,94,GPU_SCAN,PIPELINEABLE,3,1,0,0,0,0,0.0,1,417744,3,10182528,0.010182528,0.0,0.0,2079066
q14,q14,/home/dy1013/sirius_multi-gpu/experiment/join_retention_runs/join_retention_20260630_075038/queries/q14/log_dir/sirius_2026-06-30.log,3,12,16,GPU_SCAN,SCAN,94,GPU_SCAN,PIPELINEABLE,3,1,0,0,0,0,0.0,1,420005,3,10237752,0.010237752,0.0,0.0,2091795
q14,q14,/home/dy1013/sirius_multi-gpu/experiment/join_retention_runs/join_retention_20260630_075038/queries/q14/log_dir/sirius_2026-06-30.log,4,31,18,PARTITION,PARTITION,82,PIPELINEABLE,PIPELINEABLE,3,1,1,420500,3,10249824,0.010249824,4,420500,12,10092000,0.010092,0.984602,1.0,21798
q14,q14,/home/dy1013/sirius_multi-gpu/experiment/join_retention_runs/join_retention_20260630_075038/queries/q14/log_dir/sirius_2026-06-30.log,4,33,18,PARTITION,PARTITION,82,PIPELINEABLE,PIPELINEABLE,3,1,1,417744,3,10182528,0.010182528,4,417744,12,10025856,0.010025856,0.984614,1.0,10422
q14,q14,/home/dy1013/sirius_multi-gpu/experiment/join_retention_runs/join_retention_20260630_075038/queries/q14/log_dir/sirius_2026-06-30.log,4,34,18,PARTITION,PARTITION,82,PIPELINEABLE,PIPELINEABLE,3,1,1,420005,3,10237752,0.010237752,4,420005,12,10080120,0.01008012,0.984603,1.0,3045
q14,q14,/home/dy1013/sirius_multi-gpu/experiment/join_retention_runs/join_retention_20260630_075038/queries/q14/log_dir/sirius_2026-06-30.log,3,14,16,GPU_SCAN,SCAN,94,GPU_SCAN,PIPELINEABLE,1,1,0,0,0,0,0.0,1,418952,3,10212096,0.010212096,0.0,0.0,2343968
q14,q14,/home/dy1013/sirius_multi-gpu/experiment/join_retention_runs/join_retention_20260630_075038/queries/q14/log_dir/sirius_2026-06-30.log,3,6,16,GPU_SCAN,SCAN,94,GPU_SCAN,PIPELINEABLE,1,1,0,0,0,0,0.0,1,419333,3,10221432,0.010221432,0.0,0.0,2356958
q14,q14,/home/dy1013/sirius_multi-gpu/experiment/join_retention_runs/join_retention_20260630_075038/queries/q14/log_dir/sirius_2026-06-30.log,4,32,18,PARTITION,PARTITION,82,PIPELINEABLE,PIPELINEABLE,1,1,1,419313,3,10220760,0.01022076,4,419313,12,10063512,0.010063512,0.984615,1.0,15636
q14,q14,/home/dy1013/sirius_multi-gpu/experiment/join_retention_runs/join_retention_20260630_075038/queries/q14/log_dir/sirius_2026-06-30.log,4,35,18,PARTITION,PARTITION,82,PIPELINEABLE,PIPELINEABLE,1,1,1,418952,3,10212096,0.010212096,4,418952,12,10054848,0.010054848,0.984602,1.0,4844
q14,q14,/home/dy1013/sirius_multi-gpu/experiment/join_retention_runs/join_retention_20260630_075038/queries/q14/log_dir/sirius_2026-06-30.log,4,36,18,PARTITION,PARTITION,82,PIPELINEABLE,PIPELINEABLE,1,1,1,419333,3,10221432,0.010221432,4,419333,12,10063992,0.010063992,0.984597,1.0,4883
q14,q14,/home/dy1013/sirius_multi-gpu/experiment/join_retention_runs/join_retention_20260630_075038/queries/q14/log_dir/sirius_2026-06-30.log,3,21,16,GPU_SCAN,SCAN,94,GPU_SCAN,PIPELINEABLE,0,1,0,0,0,0,0.0,1,417627,3,10179720,0.01017972,0.0,0.0,1477089
q14,q14,/home/dy1013/sirius_multi-gpu/experiment/join_retention_runs/join_retention_20260630_075038/queries/q14/log_dir/sirius_2026-06-30.log,4,37,18,PARTITION,PARTITION,82,PIPELINEABLE,PIPELINEABLE,0,1,1,417627,3,10179720,0.01017972,4,417627,12,10023048,0.010023048,0.984609,1.0,3902
q14,q14,/home/dy1013/sirius_multi-gpu/experiment/join_retention_runs/join_retention_20260630_075038/queries/q14/log_dir/sirius_2026-06-30.log,3,19,16,GPU_SCAN,SCAN,94,GPU_SCAN,PIPELINEABLE,2,1,0,0,0,0,0.0,1,418292,3,10195872,0.010195872,0.0,0.0,1535461
q14,q14,/home/dy1013/sirius_multi-gpu/experiment/join_retention_runs/join_retention_20260630_075038/queries/q14/log_dir/sirius_2026-06-30.log,4,38,18,PARTITION,PARTITION,82,PIPELINEABLE,PIPELINEABLE,2,1,1,418292,3,10195872,0.010195872,4,418292,12,10039008,0.010039008,0.984615,1.0,10772
q14,q14,/home/dy1013/sirius_multi-gpu/experiment/join_retention_runs/join_retention_20260630_075038/queries/q14/log_dir/sirius_2026-06-30.log,3,23,16,GPU_SCAN,SCAN,94,GPU_SCAN,PIPELINEABLE,2,1,0,0,0,0,0.0,1,418434,3,10199472,0.010199472,0.0,0.0,1158330
q14,q14,/home/dy1013/sirius_multi-gpu/experiment/join_retention_runs/join_retention_20260630_075038/queries/q14/log_dir/sirius_2026-06-30.log,4,39,18,PARTITION,PARTITION,82,PIPELINEABLE,PIPELINEABLE,2,1,1,418434,3,10199472,0.010199472,4,418434,12,10042416,0.010042416,0.984602,1.0,3789
q14,q14,/home/dy1013/sirius_multi-gpu/experiment/join_retention_runs/join_retention_20260630_075038/queries/q14/log_dir/sirius_2026-06-30.log,3,24,16,GPU_SCAN,SCAN,94,GPU_SCAN,PIPELINEABLE,3,1,0,0,0,0,0.0,1,192244,3,4686048,0.004686048,0.0,0.0,913616
q14,q14,/home/dy1013/sirius_multi-gpu/experiment/join_retention_runs/join_retention_20260630_075038/queries/q14/log_dir/sirius_2026-06-30.log,4,40,18,PARTITION,PARTITION,82,PIPELINEABLE,PIPELINEABLE,3,1,1,192244,3,4686048,0.004686048,4,192244,12,4613856,0.004613856,0.984594,1.0,830
q14,q14,/home/dy1013/sirius_multi-gpu/experiment/join_retention_runs/join_retention_20260630_075038/queries/q14/log_dir/sirius_2026-06-30.log,3,20,16,GPU_SCAN,SCAN,94,GPU_SCAN,PIPELINEABLE,3,1,0,0,0,0,0.0,1,418752,3,10207104,0.010207104,0.0,0.0,1037813
q14,q14,/home/dy1013/sirius_multi-gpu/experiment/join_retention_runs/join_retention_20260630_075038/queries/q14/log_dir/sirius_2026-06-30.log,4,41,18,PARTITION,PARTITION,82,PIPELINEABLE,PIPELINEABLE,3,1,1,418752,3,10207104,0.010207104,4,418752,12,10050048,0.010050048,0.984613,1.0,3828
q14,q14,/home/dy1013/sirius_multi-gpu/experiment/join_retention_runs/join_retention_20260630_075038/queries/q14/log_dir/sirius_2026-06-30.log,3,18,16,GPU_SCAN,SCAN,94,GPU_SCAN,PIPELINEABLE,1,1,0,0,0,0,0.0,1,419444,3,10224096,0.010224096,0.0,0.0,1032912
q14,q14,/home/dy1013/sirius_multi-gpu/experiment/join_retention_runs/join_retention_20260630_075038/queries/q14/log_dir/sirius_2026-06-30.log,4,42,18,PARTITION,PARTITION,82,PIPELINEABLE,PIPELINEABLE,1,1,1,419444,3,10224096,0.010224096,4,419444,12,10066656,0.010066656,0.984601,1.0,5031
q14,q14,/home/dy1013/sirius_multi-gpu/experiment/join_retention_runs/join_retention_20260630_075038/queries/q14/log_dir/sirius_2026-06-30.log,3,22,16,GPU_SCAN,SCAN,94,GPU_SCAN,PIPELINEABLE,1,1,0,0,0,0,0.0,1,418554,3,10202352,0.010202352,0.0,0.0,794416
q14,q14,/home/dy1013/sirius_multi-gpu/experiment/join_retention_runs/join_retention_20260630_075038/queries/q14/log_dir/sirius_2026-06-30.log,4,43,18,PARTITION,PARTITION,82,PIPELINEABLE,PIPELINEABLE,1,1,1,418554,3,10202352,0.010202352,4,418554,12,10045296,0.010045296,0.984606,1.0,1185
q14,q14,/home/dy1013/sirius_multi-gpu/experiment/join_retention_runs/join_retention_20260630_075038/queries/q14/log_dir/sirius_2026-06-30.log,5,46,17,CONCAT,CONCAT,83,PARTITIONED,PARTITIONED,2,1,19,1935852,57,46460448,0.046460448,1,1935852,3,46460448,0.046460448,1.0,1.0,6420
q14,q14,/home/dy1013/sirius_multi-gpu/experiment/join_retention_runs/join_retention_20260630_075038/queries/q14/log_dir/sirius_2026-06-30.log,5,47,17,CONCAT,CONCAT,83,PARTITIONED,PARTITIONED,3,1,19,1934103,57,46418472,0.046418472,1,1934103,3,46418472,0.046418472,1.0,1.0,5850
q14,q14,/home/dy1013/sirius_multi-gpu/experiment/join_retention_runs/join_retention_20260630_075038/queries/q14/log_dir/sirius_2026-06-30.log,5,45,17,CONCAT,CONCAT,83,PARTITIONED,PARTITIONED,1,1,19,1931255,57,46350120,0.04635012,1,1931255,3,46350120,0.04635012,1.0,1.0,6639
q14,q14,/home/dy1013/sirius_multi-gpu/experiment/join_retention_runs/join_retention_20260630_075038/queries/q14/log_dir/sirius_2026-06-30.log,5,44,17,CONCAT,CONCAT,83,PARTITIONED,PARTITIONED,0,1,19,1934145,57,46419480,0.04641948,1,1934145,3,46419480,0.04641948,1.0,1.0,4835
q14,q14,/home/dy1013/sirius_multi-gpu/experiment/join_retention_runs/join_retention_20260630_075038/queries/q14/log_dir/sirius_2026-06-30.log,6,49,8,HASH_JOIN,JOIN,33,PARTITIONED,PIPELINEABLE,1,3,2,6926188,5,209806797,0.209806797,1,1931255,3,78648550,0.07864855,0.374862,0.278834,14923
q14,q14,/home/dy1013/sirius_multi-gpu/experiment/join_retention_runs/join_retention_20260630_075038/queries/q14/log_dir/sirius_2026-06-30.log,6,50,8,HASH_JOIN,JOIN,33,PARTITIONED,PIPELINEABLE,2,3,2,6938348,5,210180036,0.210180036,1,1935852,3,78841557,0.078841557,0.375114,0.279008,14864
q14,q14,/home/dy1013/sirius_multi-gpu/experiment/join_retention_runs/join_retention_20260630_075038/queries/q14/log_dir/sirius_2026-06-30.log,6,51,8,HASH_JOIN,JOIN,33,PARTITIONED,PIPELINEABLE,3,3,2,6935989,5,210097396,0.210097396,1,1934103,3,78765053,0.078765053,0.374898,0.27885,15635
q14,q14,/home/dy1013/sirius_multi-gpu/experiment/join_retention_runs/join_retention_20260630_075038/queries/q14/log_dir/sirius_2026-06-30.log,6,48,8,HASH_JOIN,JOIN,33,PARTITIONED,PIPELINEABLE,0,3,2,6934830,5,210063557,0.210063557,1,1934145,3,78771136,0.078771136,0.374987,0.278903,15920
q14,q14,/home/dy1013/sirius_multi-gpu/experiment/join_retention_runs/join_retention_20260630_075038/queries/q14/log_dir/sirius_2026-06-30.log,6,48,9,PROJECTION,PROJECTION,13,PIPELINEABLE,PIPELINEABLE,0,3,1,1934145,3,78771136,0.078771136,1,1934145,2,30946320,0.03094632,0.392864,1.0,10051
q14,q14,/home/dy1013/sirius_multi-gpu/experiment/join_retention_runs/join_retention_20260630_075038/queries/q14/log_dir/sirius_2026-06-30.log,6,49,9,PROJECTION,PROJECTION,13,PIPELINEABLE,PIPELINEABLE,1,3,1,1931255,3,78648550,0.07864855,1,1931255,2,30900080,0.03090008,0.392888,1.0,10999
q14,q14,/home/dy1013/sirius_multi-gpu/experiment/join_retention_runs/join_retention_20260630_075038/queries/q14/log_dir/sirius_2026-06-30.log,6,51,9,PROJECTION,PROJECTION,13,PIPELINEABLE,PIPELINEABLE,3,3,1,1934103,3,78765053,0.078765053,1,1934103,2,30945648,0.030945648,0.392886,1.0,10110
q14,q14,/home/dy1013/sirius_multi-gpu/experiment/join_retention_runs/join_retention_20260630_075038/queries/q14/log_dir/sirius_2026-06-30.log,6,50,9,PROJECTION,PROJECTION,13,PIPELINEABLE,PIPELINEABLE,2,3,1,1935852,3,78841557,0.078841557,1,1935852,2,30973632,0.030973632,0.392859,1.0,10894
q14,q14,/home/dy1013/sirius_multi-gpu/experiment/join_retention_runs/join_retention_20260630_075038/queries/q14/log_dir/sirius_2026-06-30.log,6,50,10,UNGROUPED_AGGREGATE,AGGREGATE,8,PIPELINEABLE,PIPELINEABLE,2,3,1,1935852,2,30973632,0.030973632,1,1,2,32,3.2e-08,1e-06,1e-06,21449
q14,q14,/home/dy1013/sirius_multi-gpu/experiment/join_retention_runs/join_retention_20260630_075038/queries/q14/log_dir/sirius_2026-06-30.log,6,51,10,UNGROUPED_AGGREGATE,AGGREGATE,8,PIPELINEABLE,PIPELINEABLE,3,3,1,1934103,2,30945648,0.030945648,1,1,2,32,3.2e-08,1e-06,1e-06,22298
q14,q14,/home/dy1013/sirius_multi-gpu/experiment/join_retention_runs/join_retention_20260630_075038/queries/q14/log_dir/sirius_2026-06-30.log,6,49,10,UNGROUPED_AGGREGATE,AGGREGATE,8,PIPELINEABLE,PIPELINEABLE,1,3,1,1931255,2,30900080,0.03090008,1,1,2,32,3.2e-08,1e-06,1e-06,23155
q14,q14,/home/dy1013/sirius_multi-gpu/experiment/join_retention_runs/join_retention_20260630_075038/queries/q14/log_dir/sirius_2026-06-30.log,6,48,10,UNGROUPED_AGGREGATE,AGGREGATE,8,PIPELINEABLE,PIPELINEABLE,0,3,1,1934145,2,30946320,0.03094632,1,1,2,32,3.2e-08,1e-06,1e-06,23370
q14,q14,/home/dy1013/sirius_multi-gpu/experiment/join_retention_runs/join_retention_20260630_075038/queries/q14/log_dir/sirius_2026-06-30.log,7,52,19,MERGE_AGGREGATE,AGGREGATE,87,PIPELINEABLE,PIPELINEABLE,0,1,4,4,8,128,1.28e-07,1,1,2,32,3.2e-08,0.25,0.25,1665
q14,q14,/home/dy1013/sirius_multi-gpu/experiment/join_retention_runs/join_retention_20260630_075038/queries/q14/log_dir/sirius_2026-06-30.log,8,53,11,PROJECTION,PROJECTION,13,PIPELINEABLE,PIPELINEABLE,0,2,1,1,2,32,3.2e-08,1,1,1,8,8e-09,0.25,1.0,3351
q14,q14,/home/dy1013/sirius_multi-gpu/experiment/join_retention_runs/join_retention_20260630_075038/queries/q14/log_dir/sirius_2026-06-30.log,8,53,12,RESULT_COLLECTOR,RESULT,76,PIPELINEABLE,PIPELINEABLE,0,2,1,1,1,8,8e-09,1,1,1,8,8e-09,1.0,1.0,3
q15,q15,/home/dy1013/sirius_multi-gpu/experiment/join_retention_runs/join_retention_20260630_075038/queries/q15/log_dir/sirius_2026-06-30.log,0,0,31,GPU_SCAN,SCAN,94,GPU_SCAN,PIPELINEABLE,0,1,0,0,0,0,0.0,1,1000000,4,78497516,0.078497516,0.0,0.0,106836
q15,q15,/home/dy1013/sirius_multi-gpu/experiment/join_retention_runs/join_retention_20260630_075038/queries/q15/log_dir/sirius_2026-06-30.log,1,1,33,PARTITION,PARTITION,82,PIPELINEABLE,PIPELINEABLE,0,1,1,1000000,4,78497516,0.078497516,4,1000000,16,78372688,0.078372688,0.99841,1.0,21811
q15,q15,/home/dy1013/sirius_multi-gpu/experiment/join_retention_runs/join_retention_20260630_075038/queries/q15/log_dir/sirius_2026-06-30.log,2,2,32,CONCAT,CONCAT,83,PARTITIONED,PARTITIONED,0,1,1,249678,4,19571010,0.01957101,1,249678,4,19571010,0.01957101,1.0,1.0,5
q15,q15,/home/dy1013/sirius_multi-gpu/experiment/join_retention_runs/join_retention_20260630_075038/queries/q15/log_dir/sirius_2026-06-30.log,2,3,32,CONCAT,CONCAT,83,PARTITIONED,PARTITIONED,1,1,1,250622,4,19636957,0.019636957,1,250622,4,19636957,0.019636957,1.0,1.0,0
q15,q15,/home/dy1013/sirius_multi-gpu/experiment/join_retention_runs/join_retention_20260630_075038/queries/q15/log_dir/sirius_2026-06-30.log,2,4,32,CONCAT,CONCAT,83,PARTITIONED,PARTITIONED,2,1,1,250136,4,19603918,0.019603918,1,250136,4,19603918,0.019603918,1.0,1.0,0
q15,q15,/home/dy1013/sirius_multi-gpu/experiment/join_retention_runs/join_retention_20260630_075038/queries/q15/log_dir/sirius_2026-06-30.log,2,5,32,CONCAT,CONCAT,83,PARTITIONED,PARTITIONED,3,1,1,249564,4,19560803,0.019560803,1,249564,4,19560803,0.019560803,1.0,1.0,0
q15,q15,/home/dy1013/sirius_multi-gpu/experiment/join_retention_runs/join_retention_20260630_075038/queries/q15/log_dir/sirius_2026-06-30.log,3,7,34,GPU_SCAN,SCAN,94,GPU_SCAN,PIPELINEABLE,2,3,0,0,0,0,0.0,1,1242479,3,30285480,0.03028548,0.0,0.0,336538
q15,q15,/home/dy1013/sirius_multi-gpu/experiment/join_retention_runs/join_retention_20260630_075038/queries/q15/log_dir/sirius_2026-06-30.log,3,7,16,PROJECTION,PROJECTION,13,PIPELINEABLE,PIPELINEABLE,2,3,1,1242479,3,30285480,0.03028548,1,1242479,2,20190320,0.02019032,0.666667,1.0,15212
q15,q15,/home/dy1013/sirius_multi-gpu/experiment/join_retention_runs/join_retention_20260630_075038/queries/q15/log_dir/sirius_2026-06-30.log,3,7,17,HASH_GROUP_BY,AGGREGATE,9,PIPELINEABLE,PIPELINEABLE,2,3,1,1242479,2,20190320,0.02019032,1,710866,2,17149680,0.01714968,0.849401,0.572135,27420
q15,q15,/home/dy1013/sirius_multi-gpu/experiment/join_retention_runs/join_retention_20260630_075038/queries/q15/log_dir/sirius_2026-06-30.log,3,9,34,GPU_SCAN,SCAN,94,GPU_SCAN,PIPELINEABLE,0,3,0,0,0,0,0.0,1,1243157,3,30302136,0.030302136,0.0,0.0,640249
q15,q15,/home/dy1013/sirius_multi-gpu/experiment/join_retention_runs/join_retention_20260630_075038/queries/q15/log_dir/sirius_2026-06-30.log,3,9,16,PROJECTION,PROJECTION,13,PIPELINEABLE,PIPELINEABLE,0,3,1,1243157,3,30302136,0.030302136,1,1243157,2,20201424,0.020201424,0.666667,1.0,5453
q15,q15,/home/dy1013/sirius_multi-gpu/experiment/join_retention_runs/join_retention_20260630_075038/queries/q15/log_dir/sirius_2026-06-30.log,3,9,17,HASH_GROUP_BY,AGGREGATE,9,PIPELINEABLE,PIPELINEABLE,0,3,1,1243157,2,20201424,0.020201424,1,710869,2,17149752,0.017149752,0.848938,0.571826,22388
q15,q15,/home/dy1013/sirius_multi-gpu/experiment/join_retention_runs/join_retention_20260630_075038/queries/q15/log_dir/sirius_2026-06-30.log,3,16,34,GPU_SCAN,SCAN,94,GPU_SCAN,PIPELINEABLE,3,3,0,0,0,0,0.0,1,1245931,3,30369672,0.030369672,0.0,0.0,1754576
q15,q15,/home/dy1013/sirius_multi-gpu/experiment/join_retention_runs/join_retention_20260630_075038/queries/q15/log_dir/sirius_2026-06-30.log,3,16,16,PROJECTION,PROJECTION,13,PIPELINEABLE,PIPELINEABLE,3,3,1,1245931,3,30369672,0.030369672,1,1245931,2,20246448,0.020246448,0.666667,1.0,5585
q15,q15,/home/dy1013/sirius_multi-gpu/experiment/join_retention_runs/join_retention_20260630_075038/queries/q15/log_dir/sirius_2026-06-30.log,3,16,17,HASH_GROUP_BY,AGGREGATE,9,PIPELINEABLE,PIPELINEABLE,3,3,1,1245931,2,20246448,0.020246448,1,712484,2,17188704,0.017188704,0.848974,0.571849,21329
q15,q15,/home/dy1013/sirius_multi-gpu/experiment/join_retention_runs/join_retention_20260630_075038/queries/q15/log_dir/sirius_2026-06-30.log,3,13,34,GPU_SCAN,SCAN,94,GPU_SCAN,PIPELINEABLE,0,3,0,0,0,0,0.0,1,1240761,3,30243672,0.030243672,0.0,0.0,1805838
q15,q15,/home/dy1013/sirius_multi-gpu/experiment/join_retention_runs/join_retention_20260630_075038/queries/q15/log_dir/sirius_2026-06-30.log,3,13,16,PROJECTION,PROJECTION,13,PIPELINEABLE,PIPELINEABLE,0,3,1,1240761,3,30243672,0.030243672,1,1240761,2,20162448,0.020162448,0.666667,1.0,11104
q15,q15,/home/dy1013/sirius_multi-gpu/experiment/join_retention_runs/join_retention_20260630_075038/queries/q15/log_dir/sirius_2026-06-30.log,3,13,17,HASH_GROUP_BY,AGGREGATE,9,PIPELINEABLE,PIPELINEABLE,0,3,1,1240761,2,20162448,0.020162448,1,710474,2,17140208,0.017140208,0.850106,0.572611,9191
q15,q15,/home/dy1013/sirius_multi-gpu/experiment/join_retention_runs/join_retention_20260630_075038/queries/q15/log_dir/sirius_2026-06-30.log,3,15,34,GPU_SCAN,SCAN,94,GPU_SCAN,PIPELINEABLE,2,3,0,0,0,0,0.0,1,1243281,3,30305112,0.030305112,0.0,0.0,1862391
q15,q15,/home/dy1013/sirius_multi-gpu/experiment/join_retention_runs/join_retention_20260630_075038/queries/q15/log_dir/sirius_2026-06-30.log,3,15,16,PROJECTION,PROJECTION,13,PIPELINEABLE,PIPELINEABLE,2,3,1,1243281,3,30305112,0.030305112,1,1243281,2,20203408,0.020203408,0.666667,1.0,614
q15,q15,/home/dy1013/sirius_multi-gpu/experiment/join_retention_runs/join_retention_20260630_075038/queries/q15/log_dir/sirius_2026-06-30.log,3,15,17,HASH_GROUP_BY,AGGREGATE,9,PIPELINEABLE,PIPELINEABLE,2,3,1,1243281,2,20203408,0.020203408,1,711685,2,17169464,0.017169464,0.84983,0.572425,7628
q15,q15,/home/dy1013/sirius_multi-gpu/experiment/join_retention_runs/join_retention_20260630_075038/queries/q15/log_dir/sirius_2026-06-30.log,3,10,34,GPU_SCAN,SCAN,94,GPU_SCAN,PIPELINEABLE,1,3,0,0,0,0,0.0,1,1241201,3,30254424,0.030254424,0.0,0.0,2020627
q15,q15,/home/dy1013/sirius_multi-gpu/experiment/join_retention_runs/join_retention_20260630_075038/queries/q15/log_dir/sirius_2026-06-30.log,3,8,34,GPU_SCAN,SCAN,94,GPU_SCAN,PIPELINEABLE,3,3,0,0,0,0,0.0,1,1241143,3,30253032,0.030253032,0.0,0.0,2034434
q15,q15,/home/dy1013/sirius_multi-gpu/experiment/join_retention_runs/join_retention_20260630_075038/queries/q15/log_dir/sirius_2026-06-30.log,3,8,16,PROJECTION,PROJECTION,13,PIPELINEABLE,PIPELINEABLE,3,3,1,1241143,3,30253032,0.030253032,1,1241143,2,20168688,0.020168688,0.666667,1.0,2279
q15,q15,/home/dy1013/sirius_multi-gpu/experiment/join_retention_runs/join_retention_20260630_075038/queries/q15/log_dir/sirius_2026-06-30.log,3,11,34,GPU_SCAN,SCAN,94,GPU_SCAN,PIPELINEABLE,2,3,0,0,0,0,0.0,1,1242395,3,30283464,0.030283464,0.0,0.0,2045155
q15,q15,/home/dy1013/sirius_multi-gpu/experiment/join_retention_runs/join_retention_20260630_075038/queries/q15/log_dir/sirius_2026-06-30.log,3,10,16,PROJECTION,PROJECTION,13,PIPELINEABLE,PIPELINEABLE,1,3,1,1241201,3,30254424,0.030254424,1,1241201,2,20169616,0.020169616,0.666667,1.0,34042
q15,q15,/home/dy1013/sirius_multi-gpu/experiment/join_retention_runs/join_retention_20260630_075038/queries/q15/log_dir/sirius_2026-06-30.log,3,11,16,PROJECTION,PROJECTION,13,PIPELINEABLE,PIPELINEABLE,2,3,1,1242395,3,30283464,0.030283464,1,1242395,2,20188976,0.020188976,0.666667,1.0,10658
q15,q15,/home/dy1013/sirius_multi-gpu/experiment/join_retention_runs/join_retention_20260630_075038/queries/q15/log_dir/sirius_2026-06-30.log,3,8,17,HASH_GROUP_BY,AGGREGATE,9,PIPELINEABLE,PIPELINEABLE,3,3,1,1241143,2,20168688,0.020168688,1,710909,2,17150712,0.017150712,0.850363,0.572786,21522
q15,q15,/home/dy1013/sirius_multi-gpu/experiment/join_retention_runs/join_retention_20260630_075038/queries/q15/log_dir/sirius_2026-06-30.log,3,11,17,HASH_GROUP_BY,AGGREGATE,9,PIPELINEABLE,PIPELINEABLE,2,3,1,1242395,2,20188976,0.020188976,1,711214,2,17158096,0.017158096,0.849875,0.572454,19976
q15,q15,/home/dy1013/sirius_multi-gpu/experiment/join_retention_runs/join_retention_20260630_075038/queries/q15/log_dir/sirius_2026-06-30.log,3,10,17,HASH_GROUP_BY,AGGREGATE,9,PIPELINEABLE,PIPELINEABLE,1,3,1,1241201,2,20169616,0.020169616,1,710912,2,17150784,0.017150784,0.850328,0.572761,27214
q15,q15,/home/dy1013/sirius_multi-gpu/experiment/join_retention_runs/join_retention_20260630_075038/queries/q15/log_dir/sirius_2026-06-30.log,3,12,34,GPU_SCAN,SCAN,94,GPU_SCAN,PIPELINEABLE,3,3,0,0,0,0,0.0,1,1239874,3,30222000,0.030222,0.0,0.0,2083557
q15,q15,/home/dy1013/sirius_multi-gpu/experiment/join_retention_runs/join_retention_20260630_075038/queries/q15/log_dir/sirius_2026-06-30.log,3,12,16,PROJECTION,PROJECTION,13,PIPELINEABLE,PIPELINEABLE,3,3,1,1239874,3,30222000,0.030222,1,1239874,2,20148000,0.020148,0.666667,1.0,575
q15,q15,/home/dy1013/sirius_multi-gpu/experiment/join_retention_runs/join_retention_20260630_075038/queries/q15/log_dir/sirius_2026-06-30.log,3,12,17,HASH_GROUP_BY,AGGREGATE,9,PIPELINEABLE,PIPELINEABLE,3,3,1,1239874,2,20148000,0.020148,1,710629,2,17143928,0.017143928,0.8509,0.573146,7440
q15,q15,/home/dy1013/sirius_multi-gpu/experiment/join_retention_runs/join_retention_20260630_075038/queries/q15/log_dir/sirius_2026-06-30.log,3,6,34,GPU_SCAN,SCAN,94,GPU_SCAN,PIPELINEABLE,1,3,0,0,0,0,0.0,1,1246686,3,30387984,0.030387984,0.0,0.0,2108913
q15,q15,/home/dy1013/sirius_multi-gpu/experiment/join_retention_runs/join_retention_20260630_075038/queries/q15/log_dir/sirius_2026-06-30.log,3,14,34,GPU_SCAN,SCAN,94,GPU_SCAN,PIPELINEABLE,1,3,0,0,0,0,0.0,1,1241607,3,30264360,0.03026436,0.0,0.0,2108916
q15,q15,/home/dy1013/sirius_multi-gpu/experiment/join_retention_runs/join_retention_20260630_075038/queries/q15/log_dir/sirius_2026-06-30.log,3,6,16,PROJECTION,PROJECTION,13,PIPELINEABLE,PIPELINEABLE,1,3,1,1246686,3,30387984,0.030387984,1,1246686,2,20258656,0.020258656,0.666667,1.0,1887
q15,q15,/home/dy1013/sirius_multi-gpu/experiment/join_retention_runs/join_retention_20260630_075038/queries/q15/log_dir/sirius_2026-06-30.log,3,14,16,PROJECTION,PROJECTION,13,PIPELINEABLE,PIPELINEABLE,1,3,1,1241607,3,30264360,0.03026436,1,1241607,2,20176240,0.02017624,0.666667,1.0,1815
q15,q15,/home/dy1013/sirius_multi-gpu/experiment/join_retention_runs/join_retention_20260630_075038/queries/q15/log_dir/sirius_2026-06-30.log,3,6,17,HASH_GROUP_BY,AGGREGATE,9,PIPELINEABLE,PIPELINEABLE,1,3,1,1246686,2,20258656,0.020258656,1,712233,2,17182680,0.01718268,0.848165,0.571301,24612
q15,q15,/home/dy1013/sirius_multi-gpu/experiment/join_retention_runs/join_retention_20260630_075038/queries/q15/log_dir/sirius_2026-06-30.log,3,14,17,HASH_GROUP_BY,AGGREGATE,9,PIPELINEABLE,PIPELINEABLE,1,3,1,1241607,2,20176240,0.02017624,1,710570,2,17142512,0.017142512,0.849639,0.572299,24948
q15,q15,/home/dy1013/sirius_multi-gpu/experiment/join_retention_runs/join_retention_20260630_075038/queries/q15/log_dir/sirius_2026-06-30.log,3,17,34,GPU_SCAN,SCAN,94,GPU_SCAN,PIPELINEABLE,0,3,0,0,0,0,0.0,1,1243904,3,30320256,0.030320256,0.0,0.0,2195501
q15,q15,/home/dy1013/sirius_multi-gpu/experiment/join_retention_runs/join_retention_20260630_075038/queries/q15/log_dir/sirius_2026-06-30.log,3,17,16,PROJECTION,PROJECTION,13,PIPELINEABLE,PIPELINEABLE,0,3,1,1243904,3,30320256,0.030320256,1,1243904,2,20213504,0.020213504,0.666667,1.0,9975
q15,q15,/home/dy1013/sirius_multi-gpu/experiment/join_retention_runs/join_retention_20260630_075038/queries/q15/log_dir/sirius_2026-06-30.log,3,17,17,HASH_GROUP_BY,AGGREGATE,9,PIPELINEABLE,PIPELINEABLE,0,3,1,1243904,2,20213504,0.020213504,1,711262,2,17159248,0.017159248,0.8489,0.571798,2743
q15,q15,/home/dy1013/sirius_multi-gpu/experiment/join_retention_runs/join_retention_20260630_075038/queries/q15/log_dir/sirius_2026-06-30.log,3,19,34,GPU_SCAN,SCAN,94,GPU_SCAN,PIPELINEABLE,2,3,0,0,0,0,0.0,1,1245249,3,30353112,0.030353112,0.0,0.0,1946096
q15,q15,/home/dy1013/sirius_multi-gpu/experiment/join_retention_runs/join_retention_20260630_075038/queries/q15/log_dir/sirius_2026-06-30.log,3,19,16,PROJECTION,PROJECTION,13,PIPELINEABLE,PIPELINEABLE,2,3,1,1245249,3,30353112,0.030353112,1,1245249,2,20235408,0.020235408,0.666667,1.0,591
q15,q15,/home/dy1013/sirius_multi-gpu/experiment/join_retention_runs/join_retention_20260630_075038/queries/q15/log_dir/sirius_2026-06-30.log,3,19,17,HASH_GROUP_BY,AGGREGATE,9,PIPELINEABLE,PIPELINEABLE,2,3,1,1245249,2,20235408,0.020235408,1,711844,2,17173280,0.01717328,0.848675,0.571648,7594
q15,q15,/home/dy1013/sirius_multi-gpu/experiment/join_retention_runs/join_retention_20260630_075038/queries/q15/log_dir/sirius_2026-06-30.log,3,21,34,GPU_SCAN,SCAN,94,GPU_SCAN,PIPELINEABLE,0,3,0,0,0,0,0.0,1,1243583,3,30312360,0.03031236,0.0,0.0,1722915
q15,q15,/home/dy1013/sirius_multi-gpu/experiment/join_retention_runs/join_retention_20260630_075038/queries/q15/log_dir/sirius_2026-06-30.log,3,21,16,PROJECTION,PROJECTION,13,PIPELINEABLE,PIPELINEABLE,0,3,1,1243583,3,30312360,0.03031236,1,1243583,2,20208240,0.02020824,0.666667,1.0,6349
q15,q15,/home/dy1013/sirius_multi-gpu/experiment/join_retention_runs/join_retention_20260630_075038/queries/q15/log_dir/sirius_2026-06-30.log,3,21,17,HASH_GROUP_BY,AGGREGATE,9,PIPELINEABLE,PIPELINEABLE,0,3,1,1243583,2,20208240,0.02020824,1,711608,2,17167552,0.017167552,0.849532,0.572224,6207
q15,q15,/home/dy1013/sirius_multi-gpu/experiment/join_retention_runs/join_retention_20260630_075038/queries/q15/log_dir/sirius_2026-06-30.log,3,20,34,GPU_SCAN,SCAN,94,GPU_SCAN,PIPELINEABLE,3,3,0,0,0,0,0.0,1,1239107,3,30203400,0.0302034,0.0,0.0,815009
q15,q15,/home/dy1013/sirius_multi-gpu/experiment/join_retention_runs/join_retention_20260630_075038/queries/q15/log_dir/sirius_2026-06-30.log,3,20,16,PROJECTION,PROJECTION,13,PIPELINEABLE,PIPELINEABLE,3,3,1,1239107,3,30203400,0.0302034,1,1239107,2,20135600,0.0201356,0.666667,1.0,10732
q15,q15,/home/dy1013/sirius_multi-gpu/experiment/join_retention_runs/join_retention_20260630_075038/queries/q15/log_dir/sirius_2026-06-30.log,3,20,17,HASH_GROUP_BY,AGGREGATE,9,PIPELINEABLE,PIPELINEABLE,3,3,1,1239107,2,20135600,0.0201356,1,709865,2,17125528,0.017125528,0.85051,0.572884,15227
q15,q15,/home/dy1013/sirius_multi-gpu/experiment/join_retention_runs/join_retention_20260630_075038/queries/q15/log_dir/sirius_2026-06-30.log,3,24,34,GPU_SCAN,SCAN,94,GPU_SCAN,PIPELINEABLE,3,3,0,0,0,0,0.0,1,574657,3,14007384,0.014007384,0.0,0.0,875983
q15,q15,/home/dy1013/sirius_multi-gpu/experiment/join_retention_runs/join_retention_20260630_075038/queries/q15/log_dir/sirius_2026-06-30.log,3,24,16,PROJECTION,PROJECTION,13,PIPELINEABLE,PIPELINEABLE,3,3,1,574657,3,14007384,0.014007384,1,574657,2,9338256,0.009338256,0.666667,1.0,3964
q15,q15,/home/dy1013/sirius_multi-gpu/experiment/join_retention_runs/join_retention_20260630_075038/queries/q15/log_dir/sirius_2026-06-30.log,3,24,17,HASH_GROUP_BY,AGGREGATE,9,PIPELINEABLE,PIPELINEABLE,3,3,1,574657,2,9338256,0.009338256,1,436911,2,10540520,0.01054052,1.128746,0.760299,2584
q15,q15,/home/dy1013/sirius_multi-gpu/experiment/join_retention_runs/join_retention_20260630_075038/queries/q15/log_dir/sirius_2026-06-30.log,3,23,34,GPU_SCAN,SCAN,94,GPU_SCAN,PIPELINEABLE,2,3,0,0,0,0,0.0,1,1241092,3,30251808,0.030251808,0.0,0.0,948493
q15,q15,/home/dy1013/sirius_multi-gpu/experiment/join_retention_runs/join_retention_20260630_075038/queries/q15/log_dir/sirius_2026-06-30.log,3,23,16,PROJECTION,PROJECTION,13,PIPELINEABLE,PIPELINEABLE,2,3,1,1241092,3,30251808,0.030251808,1,1241092,2,20167872,0.020167872,0.666667,1.0,6198
q15,q15,/home/dy1013/sirius_multi-gpu/experiment/join_retention_runs/join_retention_20260630_075038/queries/q15/log_dir/sirius_2026-06-30.log,3,23,17,HASH_GROUP_BY,AGGREGATE,9,PIPELINEABLE,PIPELINEABLE,2,3,1,1241092,2,20167872,0.020167872,1,710476,2,17140256,0.017140256,0.849879,0.57246,4136
q15,q15,/home/dy1013/sirius_multi-gpu/experiment/join_retention_runs/join_retention_20260630_075038/queries/q15/log_dir/sirius_2026-06-30.log,3,18,34,GPU_SCAN,SCAN,94,GPU_SCAN,PIPELINEABLE,1,3,0,0,0,0,0.0,1,1245050,3,30348144,0.030348144,0.0,0.0,849496
q15,q15,/home/dy1013/sirius_multi-gpu/experiment/join_retention_runs/join_retention_20260630_075038/queries/q15/log_dir/sirius_2026-06-30.log,3,18,16,PROJECTION,PROJECTION,13,PIPELINEABLE,PIPELINEABLE,1,3,1,1245050,3,30348144,0.030348144,1,1245050,2,20232096,0.020232096,0.666667,1.0,16571
q15,q15,/home/dy1013/sirius_multi-gpu/experiment/join_retention_runs/join_retention_20260630_075038/queries/q15/log_dir/sirius_2026-06-30.log,3,18,17,HASH_GROUP_BY,AGGREGATE,9,PIPELINEABLE,PIPELINEABLE,1,3,1,1245050,2,20232096,0.020232096,1,712330,2,17185008,0.017185008,0.849393,0.57213,22185
q15,q15,/home/dy1013/sirius_multi-gpu/experiment/join_retention_runs/join_retention_20260630_075038/queries/q15/log_dir/sirius_2026-06-30.log,3,22,34,GPU_SCAN,SCAN,94,GPU_SCAN,PIPELINEABLE,1,3,0,0,0,0,0.0,1,1244750,3,30340944,0.030340944,0.0,0.0,866521
q15,q15,/home/dy1013/sirius_multi-gpu/experiment/join_retention_runs/join_retention_20260630_075038/queries/q15/log_dir/sirius_2026-06-30.log,3,22,16,PROJECTION,PROJECTION,13,PIPELINEABLE,PIPELINEABLE,1,3,1,1244750,3,30340944,0.030340944,1,1244750,2,20227296,0.020227296,0.666667,1.0,2692
q15,q15,/home/dy1013/sirius_multi-gpu/experiment/join_retention_runs/join_retention_20260630_075038/queries/q15/log_dir/sirius_2026-06-30.log,3,22,17,HASH_GROUP_BY,AGGREGATE,9,PIPELINEABLE,PIPELINEABLE,1,3,1,1244750,2,20227296,0.020227296,1,712276,2,17183712,0.017183712,0.849531,0.572224,2994
q15,q15,/home/dy1013/sirius_multi-gpu/experiment/join_retention_runs/join_retention_20260630_075038/queries/q15/log_dir/sirius_2026-06-30.log,4,28,35,PARTITION,PARTITION,82,PIPELINEABLE,PIPELINEABLE,0,1,1,710474,2,17140208,0.017140208,4,710474,8,17051376,0.017051376,0.994817,1.0,37452
q15,q15,/home/dy1013/sirius_multi-gpu/experiment/join_retention_runs/join_retention_20260630_075038/queries/q15/log_dir/sirius_2026-06-30.log,4,36,35,PARTITION,PARTITION,82,PIPELINEABLE,PIPELINEABLE,0,1,1,711262,2,17159248,0.017159248,4,711262,8,17070288,0.017070288,0.994816,1.0,39320
q15,q15,/home/dy1013/sirius_multi-gpu/experiment/join_retention_runs/join_retention_20260630_075038/queries/q15/log_dir/sirius_2026-06-30.log,4,26,35,PARTITION,PARTITION,82,PIPELINEABLE,PIPELINEABLE,0,1,1,710869,2,17149752,0.017149752,4,710869,8,17060856,0.017060856,0.994816,1.0,40715
q15,q15,/home/dy1013/sirius_multi-gpu/experiment/join_retention_runs/join_retention_20260630_075038/queries/q15/log_dir/sirius_2026-06-30.log,4,30,35,PARTITION,PARTITION,82,PIPELINEABLE,PIPELINEABLE,3,1,1,710909,2,17150712,0.017150712,4,710909,8,17061816,0.017061816,0.994817,1.0,40859
q15,q15,/home/dy1013/sirius_multi-gpu/experiment/join_retention_runs/join_retention_20260630_075038/queries/q15/log_dir/sirius_2026-06-30.log,4,35,35,PARTITION,PARTITION,82,PIPELINEABLE,PIPELINEABLE,1,1,1,710570,2,17142512,0.017142512,4,710570,8,17053680,0.01705368,0.994818,1.0,41244
q15,q15,/home/dy1013/sirius_multi-gpu/experiment/join_retention_runs/join_retention_20260630_075038/queries/q15/log_dir/sirius_2026-06-30.log,4,33,35,PARTITION,PARTITION,82,PIPELINEABLE,PIPELINEABLE,3,1,1,710629,2,17143928,0.017143928,4,710629,8,17055096,0.017055096,0.994818,1.0,41024
q15,q15,/home/dy1013/sirius_multi-gpu/experiment/join_retention_runs/join_retention_20260630_075038/queries/q15/log_dir/sirius_2026-06-30.log,4,39,35,PARTITION,PARTITION,82,PIPELINEABLE,PIPELINEABLE,3,1,1,709865,2,17125528,0.017125528,4,709865,8,17036760,0.01703676,0.994817,1.0,41102
q15,q15,/home/dy1013/sirius_multi-gpu/experiment/join_retention_runs/join_retention_20260630_075038/queries/q15/log_dir/sirius_2026-06-30.log,4,38,35,PARTITION,PARTITION,82,PIPELINEABLE,PIPELINEABLE,0,1,1,711608,2,17167552,0.017167552,4,711608,8,17078592,0.017078592,0.994818,1.0,41894
q15,q15,/home/dy1013/sirius_multi-gpu/experiment/join_retention_runs/join_retention_20260630_075038/queries/q15/log_dir/sirius_2026-06-30.log,4,42,35,PARTITION,PARTITION,82,PIPELINEABLE,PIPELINEABLE,1,1,1,712330,2,17185008,0.017185008,4,712330,8,17095920,0.01709592,0.994816,1.0,42038
q15,q15,/home/dy1013/sirius_multi-gpu/experiment/join_retention_runs/join_retention_20260630_075038/queries/q15/log_dir/sirius_2026-06-30.log,4,31,35,PARTITION,PARTITION,82,PIPELINEABLE,PIPELINEABLE,2,1,1,711214,2,17158096,0.017158096,4,711214,8,17069136,0.017069136,0.994815,1.0,42148
q15,q15,/home/dy1013/sirius_multi-gpu/experiment/join_retention_runs/join_retention_20260630_075038/queries/q15/log_dir/sirius_2026-06-30.log,4,25,35,PARTITION,PARTITION,82,PIPELINEABLE,PIPELINEABLE,2,1,1,710866,2,17149680,0.01714968,4,710866,8,17060784,0.017060784,0.994816,1.0,42824
q15,q15,/home/dy1013/sirius_multi-gpu/experiment/join_retention_runs/join_retention_20260630_075038/queries/q15/log_dir/sirius_2026-06-30.log,4,32,35,PARTITION,PARTITION,82,PIPELINEABLE,PIPELINEABLE,1,1,1,710912,2,17150784,0.017150784,4,710912,8,17061888,0.017061888,0.994817,1.0,42858
q15,q15,/home/dy1013/sirius_multi-gpu/experiment/join_retention_runs/join_retention_20260630_075038/queries/q15/log_dir/sirius_2026-06-30.log,4,37,35,PARTITION,PARTITION,82,PIPELINEABLE,PIPELINEABLE,2,1,1,711844,2,17173280,0.01717328,4,711844,8,17084256,0.017084256,0.994816,1.0,42749
q15,q15,/home/dy1013/sirius_multi-gpu/experiment/join_retention_runs/join_retention_20260630_075038/queries/q15/log_dir/sirius_2026-06-30.log,4,29,35,PARTITION,PARTITION,82,PIPELINEABLE,PIPELINEABLE,2,1,1,711685,2,17169464,0.017169464,4,711685,8,17080440,0.01708044,0.994815,1.0,42793
q15,q15,/home/dy1013/sirius_multi-gpu/experiment/join_retention_runs/join_retention_20260630_075038/queries/q15/log_dir/sirius_2026-06-30.log,4,34,35,PARTITION,PARTITION,82,PIPELINEABLE,PIPELINEABLE,1,1,1,712233,2,17182680,0.01718268,4,712233,8,17093592,0.017093592,0.994815,1.0,42959
q15,q15,/home/dy1013/sirius_multi-gpu/experiment/join_retention_runs/join_retention_20260630_075038/queries/q15/log_dir/sirius_2026-06-30.log,4,27,35,PARTITION,PARTITION,82,PIPELINEABLE,PIPELINEABLE,3,1,1,712484,2,17188704,0.017188704,4,712484,8,17099616,0.017099616,0.994817,1.0,43627
q15,q15,/home/dy1013/sirius_multi-gpu/experiment/join_retention_runs/join_retention_20260630_075038/queries/q15/log_dir/sirius_2026-06-30.log,4,43,35,PARTITION,PARTITION,82,PIPELINEABLE,PIPELINEABLE,1,1,1,712276,2,17183712,0.017183712,4,712276,8,17094624,0.017094624,0.994816,1.0,6933
q15,q15,/home/dy1013/sirius_multi-gpu/experiment/join_retention_runs/join_retention_20260630_075038/queries/q15/log_dir/sirius_2026-06-30.log,4,40,35,PARTITION,PARTITION,82,PIPELINEABLE,PIPELINEABLE,3,1,1,436911,2,10540520,0.01054052,4,436911,8,10485864,0.010485864,0.994815,1.0,7958
q15,q15,/home/dy1013/sirius_multi-gpu/experiment/join_retention_runs/join_retention_20260630_075038/queries/q15/log_dir/sirius_2026-06-30.log,4,41,35,PARTITION,PARTITION,82,PIPELINEABLE,PIPELINEABLE,2,1,1,710476,2,17140256,0.017140256,4,710476,8,17051424,0.017051424,0.994817,1.0,6522
q15,q15,/home/dy1013/sirius_multi-gpu/experiment/join_retention_runs/join_retention_20260630_075038/queries/q15/log_dir/sirius_2026-06-30.log,5,44,36,MERGE_GROUP_BY,AGGREGATE,85,PARTITIONED,PIPELINEABLE,0,1,19,3305649,38,79335576,0.079335576,1,249678,2,5992272,0.005992272,0.075531,0.075531,15848
q15,q15,/home/dy1013/sirius_multi-gpu/experiment/join_retention_runs/join_retention_20260630_075038/queries/q15/log_dir/sirius_2026-06-30.log,5,46,36,MERGE_GROUP_BY,AGGREGATE,85,PARTITIONED,PIPELINEABLE,2,1,19,3311776,38,79482624,0.079482624,1,250136,2,6003264,0.006003264,0.075529,0.075529,17252
q15,q15,/home/dy1013/sirius_multi-gpu/experiment/join_retention_runs/join_retention_20260630_075038/queries/q15/log_dir/sirius_2026-06-30.log,5,45,36,MERGE_GROUP_BY,AGGREGATE,85,PARTITIONED,PIPELINEABLE,1,1,19,3317504,38,79620096,0.079620096,1,250622,2,6014928,0.006014928,0.075545,0.075545,19543
q15,q15,/home/dy1013/sirius_multi-gpu/experiment/join_retention_runs/join_retention_20260630_075038/queries/q15/log_dir/sirius_2026-06-30.log,5,47,36,MERGE_GROUP_BY,AGGREGATE,85,PARTITIONED,PIPELINEABLE,3,1,19,3304488,38,79307712,0.079307712,1,249564,2,5989536,0.005989536,0.075523,0.075523,19451
q15,q15,/home/dy1013/sirius_multi-gpu/experiment/join_retention_runs/join_retention_20260630_075038/queries/q15/log_dir/sirius_2026-06-30.log,6,50,29,CTE,CTE,44,PIPELINEABLE,PIPELINEABLE,1,1,1,250622,2,6014928,0.006014928,1,250622,2,6014928,0.006014928,1.0,1.0,1
q15,q15,/home/dy1013/sirius_multi-gpu/experiment/join_retention_runs/join_retention_20260630_075038/queries/q15/log_dir/sirius_2026-06-30.log,6,51,29,CTE,CTE,44,PIPELINEABLE,PIPELINEABLE,3,1,1,249564,2,5989536,0.005989536,1,249564,2,5989536,0.005989536,1.0,1.0,9
q15,q15,/home/dy1013/sirius_multi-gpu/experiment/join_retention_runs/join_retention_20260630_075038/queries/q15/log_dir/sirius_2026-06-30.log,6,49,29,CTE,CTE,44,PIPELINEABLE,PIPELINEABLE,2,1,1,250136,2,6003264,0.006003264,1,250136,2,6003264,0.006003264,1.0,1.0,12
q15,q15,/home/dy1013/sirius_multi-gpu/experiment/join_retention_runs/join_retention_20260630_075038/queries/q15/log_dir/sirius_2026-06-30.log,6,48,29,CTE,CTE,44,PIPELINEABLE,PIPELINEABLE,0,1,1,249678,2,5992272,0.005992272,1,249678,2,5992272,0.005992272,1.0,1.0,7
q15,q15,/home/dy1013/sirius_multi-gpu/experiment/join_retention_runs/join_retention_20260630_075038/queries/q15/log_dir/sirius_2026-06-30.log,7,52,20,PROJECTION,PROJECTION,13,PIPELINEABLE,PIPELINEABLE,1,2,1,250622,2,6014928,0.006014928,1,250622,1,4009952,0.004009952,0.666667,1.0,44
q15,q15,/home/dy1013/sirius_multi-gpu/experiment/join_retention_runs/join_retention_20260630_075038/queries/q15/log_dir/sirius_2026-06-30.log,7,53,20,PROJECTION,PROJECTION,13,PIPELINEABLE,PIPELINEABLE,3,2,1,249564,2,5989536,0.005989536,1,249564,1,3993024,0.003993024,0.666667,1.0,219
q15,q15,/home/dy1013/sirius_multi-gpu/experiment/join_retention_runs/join_retention_20260630_075038/queries/q15/log_dir/sirius_2026-06-30.log,7,55,20,PROJECTION,PROJECTION,13,PIPELINEABLE,PIPELINEABLE,0,2,1,249678,2,5992272,0.005992272,1,249678,1,3994848,0.003994848,0.666667,1.0,272
q15,q15,/home/dy1013/sirius_multi-gpu/experiment/join_retention_runs/join_retention_20260630_075038/queries/q15/log_dir/sirius_2026-06-30.log,7,54,20,PROJECTION,PROJECTION,13,PIPELINEABLE,PIPELINEABLE,2,2,1,250136,2,6003264,0.006003264,1,250136,1,4002176,0.004002176,0.666667,1.0,234
q15,q15,/home/dy1013/sirius_multi-gpu/experiment/join_retention_runs/join_retention_20260630_075038/queries/q15/log_dir/sirius_2026-06-30.log,7,52,21,UNGROUPED_AGGREGATE,AGGREGATE,8,PIPELINEABLE,PIPELINEABLE,1,2,1,250622,1,4009952,0.004009952,1,1,1,16,1.6e-08,4e-06,4e-06,13857
q15,q15,/home/dy1013/sirius_multi-gpu/experiment/join_retention_runs/join_retention_20260630_075038/queries/q15/log_dir/sirius_2026-06-30.log,7,55,21,UNGROUPED_AGGREGATE,AGGREGATE,8,PIPELINEABLE,PIPELINEABLE,0,2,1,249678,1,3994848,0.003994848,1,1,1,16,1.6e-08,4e-06,4e-06,13611
q15,q15,/home/dy1013/sirius_multi-gpu/experiment/join_retention_runs/join_retention_20260630_075038/queries/q15/log_dir/sirius_2026-06-30.log,7,54,21,UNGROUPED_AGGREGATE,AGGREGATE,8,PIPELINEABLE,PIPELINEABLE,2,2,1,250136,1,4002176,0.004002176,1,1,1,16,1.6e-08,4e-06,4e-06,13763
q15,q15,/home/dy1013/sirius_multi-gpu/experiment/join_retention_runs/join_retention_20260630_075038/queries/q15/log_dir/sirius_2026-06-30.log,7,53,21,UNGROUPED_AGGREGATE,AGGREGATE,8,PIPELINEABLE,PIPELINEABLE,3,2,1,249564,1,3993024,0.003993024,1,1,1,16,1.6e-08,4e-06,4e-06,13950
q15,q15,/home/dy1013/sirius_multi-gpu/experiment/join_retention_runs/join_retention_20260630_075038/queries/q15/log_dir/sirius_2026-06-30.log,8,56,37,MERGE_AGGREGATE,AGGREGATE,87,PIPELINEABLE,PIPELINEABLE,3,1,4,4,4,64,6.4e-08,1,1,1,16,1.6e-08,0.25,0.25,1139
q15,q15,/home/dy1013/sirius_multi-gpu/experiment/join_retention_runs/join_retention_20260630_075038/queries/q15/log_dir/sirius_2026-06-30.log,9,57,22,UNGROUPED_AGGREGATE,AGGREGATE,8,PIPELINEABLE,PIPELINEABLE,3,1,1,1,1,16,1.6e-08,1,1,2,24,2.4e-08,1.5,1.0,1350
q15,q15,/home/dy1013/sirius_multi-gpu/experiment/join_retention_runs/join_retention_20260630_075038/queries/q15/log_dir/sirius_2026-06-30.log,10,58,38,MERGE_AGGREGATE,AGGREGATE,87,PIPELINEABLE,PIPELINEABLE,3,1,1,1,2,24,2.4e-08,1,1,2,24,2.4e-08,1.0,1.0,17
q15,q15,/home/dy1013/sirius_multi-gpu/experiment/join_retention_runs/join_retention_20260630_075038/queries/q15/log_dir/sirius_2026-06-30.log,11,59,23,PROJECTION,PROJECTION,13,PIPELINEABLE,PIPELINEABLE,3,1,1,1,2,24,2.4e-08,1,1,1,16,1.6e-08,0.666667,1.0,3477
q15,q15,/home/dy1013/sirius_multi-gpu/experiment/join_retention_runs/join_retention_20260630_075038/queries/q15/log_dir/sirius_2026-06-30.log,12,60,40,PARTITION,PARTITION,82,PIPELINEABLE,PIPELINEABLE,3,1,1,1,1,16,1.6e-08,1,1,1,16,1.6e-08,1.0,1.0,2
q15,q15,/home/dy1013/sirius_multi-gpu/experiment/join_retention_runs/join_retention_20260630_075038/queries/q15/log_dir/sirius_2026-06-30.log,13,61,39,CONCAT,CONCAT,83,PARTITIONED,PARTITIONED,0,1,1,1,1,16,1.6e-08,1,1,1,16,1.6e-08,1.0,1.0,3
q15,q15,/home/dy1013/sirius_multi-gpu/experiment/join_retention_runs/join_retention_20260630_075038/queries/q15/log_dir/sirius_2026-06-30.log,14,63,42,PARTITION,PARTITION,82,PIPELINEABLE,PIPELINEABLE,3,1,1,249564,2,5989536,0.005989536,1,249564,2,5989536,0.005989536,1.0,1.0,3
q15,q15,/home/dy1013/sirius_multi-gpu/experiment/join_retention_runs/join_retention_20260630_075038/queries/q15/log_dir/sirius_2026-06-30.log,14,62,42,PARTITION,PARTITION,82,PIPELINEABLE,PIPELINEABLE,1,1,1,250622,2,6014928,0.006014928,1,250622,2,6014928,0.006014928,1.0,1.0,7
q15,q15,/home/dy1013/sirius_multi-gpu/experiment/join_retention_runs/join_retention_20260630_075038/queries/q15/log_dir/sirius_2026-06-30.log,14,64,42,PARTITION,PARTITION,82,PIPELINEABLE,PIPELINEABLE,2,1,1,250136,2,6003264,0.006003264,1,250136,2,6003264,0.006003264,1.0,1.0,60
q15,q15,/home/dy1013/sirius_multi-gpu/experiment/join_retention_runs/join_retention_20260630_075038/queries/q15/log_dir/sirius_2026-06-30.log,14,65,42,PARTITION,PARTITION,82,PIPELINEABLE,PIPELINEABLE,0,1,1,249678,2,5992272,0.005992272,1,249678,2,5992272,0.005992272,1.0,1.0,9
q15,q15,/home/dy1013/sirius_multi-gpu/experiment/join_retention_runs/join_retention_20260630_075038/queries/q15/log_dir/sirius_2026-06-30.log,15,66,41,CONCAT,CONCAT,83,PARTITIONED,PARTITIONED,0,1,4,1000000,8,24000000,0.024,1,1000000,2,24000000,0.024,1.0,1.0,623
q15,q15,/home/dy1013/sirius_multi-gpu/experiment/join_retention_runs/join_retention_20260630_075038/queries/q15/log_dir/sirius_2026-06-30.log,16,67,24,HASH_JOIN,JOIN,33,PARTITIONED,PIPELINEABLE,0,1,2,1000001,3,24000016,0.024000016,1,1,3,40,4e-08,2e-06,1e-06,9421
q15,q15,/home/dy1013/sirius_multi-gpu/experiment/join_retention_runs/join_retention_20260630_075038/queries/q15/log_dir/sirius_2026-06-30.log,17,68,44,PARTITION,PARTITION,82,PIPELINEABLE,PIPELINEABLE,0,1,1,1,3,40,4e-08,4,1,12,40,4e-08,1.0,1.0,788
q15,q15,/home/dy1013/sirius_multi-gpu/experiment/join_retention_runs/join_retention_20260630_075038/queries/q15/log_dir/sirius_2026-06-30.log,18,70,43,CONCAT,CONCAT,83,PARTITIONED,PARTITIONED,1,1,1,1,3,40,4e-08,1,1,3,40,4e-08,1.0,1.0,2
q15,q15,/home/dy1013/sirius_multi-gpu/experiment/join_retention_runs/join_retention_20260630_075038/queries/q15/log_dir/sirius_2026-06-30.log,18,69,43,CONCAT,CONCAT,83,PARTITIONED,PARTITIONED,0,1,1,0,3,0,0.0,1,0,3,0,0.0,0.0,0.0,9
q15,q15,/home/dy1013/sirius_multi-gpu/experiment/join_retention_runs/join_retention_20260630_075038/queries/q15/log_dir/sirius_2026-06-30.log,18,71,43,CONCAT,CONCAT,83,PARTITIONED,PARTITIONED,2,1,1,0,3,0,0.0,1,0,3,0,0.0,0.0,0.0,35
q15,q15,/home/dy1013/sirius_multi-gpu/experiment/join_retention_runs/join_retention_20260630_075038/queries/q15/log_dir/sirius_2026-06-30.log,18,72,43,CONCAT,CONCAT,83,PARTITIONED,PARTITIONED,3,1,1,0,3,0,0.0,1,0,3,0,0.0,0.0,0.0,7
q15,q15,/home/dy1013/sirius_multi-gpu/experiment/join_retention_runs/join_retention_20260630_075038/queries/q15/log_dir/sirius_2026-06-30.log,19,73,26,HASH_JOIN,JOIN,33,PARTITIONED,PIPELINEABLE,0,3,2,249678,7,19571010,0.01957101,1,0,5,0,0.0,0.0,0.0,3205
q15,q15,/home/dy1013/sirius_multi-gpu/experiment/join_retention_runs/join_retention_20260630_075038/queries/q15/log_dir/sirius_2026-06-30.log,19,73,27,PROJECTION,PROJECTION,13,PIPELINEABLE,PIPELINEABLE,0,3,1,0,5,0,0.0,1,0,5,0,0.0,0.0,0.0,24
q15,q15,/home/dy1013/sirius_multi-gpu/experiment/join_retention_runs/join_retention_20260630_075038/queries/q15/log_dir/sirius_2026-06-30.log,19,73,28,ORDER_BY,SORT,1,PIPELINEABLE,PIPELINEABLE,0,3,1,0,5,0,0.0,1,0,5,0,0.0,0.0,0.0,29
q15,q15,/home/dy1013/sirius_multi-gpu/experiment/join_retention_runs/join_retention_20260630_075038/queries/q15/log_dir/sirius_2026-06-30.log,19,75,26,HASH_JOIN,JOIN,33,PARTITIONED,PIPELINEABLE,2,3,2,250136,7,19603918,0.019603918,1,0,5,0,0.0,0.0,0.0,4925
q15,q15,/home/dy1013/sirius_multi-gpu/experiment/join_retention_runs/join_retention_20260630_075038/queries/q15/log_dir/sirius_2026-06-30.log,19,75,27,PROJECTION,PROJECTION,13,PIPELINEABLE,PIPELINEABLE,2,3,1,0,5,0,0.0,1,0,5,0,0.0,0.0,0.0,27
q15,q15,/home/dy1013/sirius_multi-gpu/experiment/join_retention_runs/join_retention_20260630_075038/queries/q15/log_dir/sirius_2026-06-30.log,19,75,28,ORDER_BY,SORT,1,PIPELINEABLE,PIPELINEABLE,2,3,1,0,5,0,0.0,1,0,5,0,0.0,0.0,0.0,20
q15,q15,/home/dy1013/sirius_multi-gpu/experiment/join_retention_runs/join_retention_20260630_075038/queries/q15/log_dir/sirius_2026-06-30.log,19,76,26,HASH_JOIN,JOIN,33,PARTITIONED,PIPELINEABLE,3,3,2,249564,7,19560803,0.019560803,1,0,5,0,0.0,0.0,0.0,5172
q15,q15,/home/dy1013/sirius_multi-gpu/experiment/join_retention_runs/join_retention_20260630_075038/queries/q15/log_dir/sirius_2026-06-30.log,19,76,27,PROJECTION,PROJECTION,13,PIPELINEABLE,PIPELINEABLE,3,3,1,0,5,0,0.0,1,0,5,0,0.0,0.0,0.0,16
q15,q15,/home/dy1013/sirius_multi-gpu/experiment/join_retention_runs/join_retention_20260630_075038/queries/q15/log_dir/sirius_2026-06-30.log,19,76,28,ORDER_BY,SORT,1,PIPELINEABLE,PIPELINEABLE,3,3,1,0,5,0,0.0,1,0,5,0,0.0,0.0,0.0,14
q15,q15,/home/dy1013/sirius_multi-gpu/experiment/join_retention_runs/join_retention_20260630_075038/queries/q15/log_dir/sirius_2026-06-30.log,19,74,26,HASH_JOIN,JOIN,33,PARTITIONED,PIPELINEABLE,1,3,2,250623,7,19636997,0.019636997,1,1,5,297,2.97e-07,1.5e-05,4e-06,7742
q15,q15,/home/dy1013/sirius_multi-gpu/experiment/join_retention_runs/join_retention_20260630_075038/queries/q15/log_dir/sirius_2026-06-30.log,19,74,27,PROJECTION,PROJECTION,13,PIPELINEABLE,PIPELINEABLE,1,3,1,1,5,297,2.97e-07,1,1,5,297,2.97e-07,1.0,1.0,1262
q15,q15,/home/dy1013/sirius_multi-gpu/experiment/join_retention_runs/join_retention_20260630_075038/queries/q15/log_dir/sirius_2026-06-30.log,19,74,28,ORDER_BY,SORT,1,PIPELINEABLE,PIPELINEABLE,1,3,1,1,5,297,2.97e-07,1,1,5,297,2.97e-07,1.0,1.0,5312
q15,q15,/home/dy1013/sirius_multi-gpu/experiment/join_retention_runs/join_retention_20260630_075038/queries/q15/log_dir/sirius_2026-06-30.log,20,77,45,SORT_SAMPLE,SORT,89,PIPELINEABLE,PIPELINEABLE,1,2,4,1,20,297,2.97e-07,4,1,20,297,2.97e-07,1.0,1.0,2983
q15,q15,/home/dy1013/sirius_multi-gpu/experiment/join_retention_runs/join_retention_20260630_075038/queries/q15/log_dir/sirius_2026-06-30.log,20,77,46,SORT_PARTITION,SORT,88,PIPELINEABLE,PIPELINEABLE,1,2,4,1,20,297,2.97e-07,4,1,20,297,2.97e-07,1.0,1.0,5
q15,q15,/home/dy1013/sirius_multi-gpu/experiment/join_retention_runs/join_retention_20260630_075038/queries/q15/log_dir/sirius_2026-06-30.log,21,78,47,MERGE_SORT,SORT,84,PIPELINEABLE,PIPELINEABLE,1,1,4,1,20,297,2.97e-07,1,1,5,297,2.97e-07,1.0,1.0,2596
q15,q15,/home/dy1013/sirius_multi-gpu/experiment/join_retention_runs/join_retention_20260630_075038/queries/q15/log_dir/sirius_2026-06-30.log,22,79,30,RESULT_COLLECTOR,RESULT,76,PIPELINEABLE,PIPELINEABLE,1,1,1,1,5,297,2.97e-07,1,1,5,297,2.97e-07,1.0,1.0,6
q16,q16,/home/dy1013/sirius_multi-gpu/experiment/join_retention_runs/join_retention_20260630_075038/queries/q16/log_dir/sirius_2026-06-30.log,0,0,25,GPU_SCAN,SCAN,94,GPU_SCAN,PIPELINEABLE,1,2,0,0,0,0,0.0,1,18560830,4,912359912,0.912359912,0.0,0.0,130402
q16,q16,/home/dy1013/sirius_multi-gpu/experiment/join_retention_runs/join_retention_20260630_075038/queries/q16/log_dir/sirius_2026-06-30.log,0,0,14,FILTER,FILTER,12,PIPELINEABLE,PIPELINEABLE,1,2,1,18560830,4,912359912,0.912359912,1,2970570,4,146017698,0.146017698,0.160044,0.160045,9404
q16,q16,/home/dy1013/sirius_multi-gpu/experiment/join_retention_runs/join_retention_20260630_075038/queries/q16/log_dir/sirius_2026-06-30.log,1,1,27,PARTITION,PARTITION,82,PIPELINEABLE,PIPELINEABLE,1,1,1,2970570,4,146017698,0.146017698,4,2970570,16,145275194,0.145275194,0.994915,1.0,17949
q16,q16,/home/dy1013/sirius_multi-gpu/experiment/join_retention_runs/join_retention_20260630_075038/queries/q16/log_dir/sirius_2026-06-30.log,2,3,26,CONCAT,CONCAT,83,PARTITIONED,PARTITIONED,1,1,1,741762,4,36277554,0.036277554,1,741762,4,36277554,0.036277554,1.0,1.0,3
q16,q16,/home/dy1013/sirius_multi-gpu/experiment/join_retention_runs/join_retention_20260630_075038/queries/q16/log_dir/sirius_2026-06-30.log,2,5,26,CONCAT,CONCAT,83,PARTITIONED,PARTITIONED,3,1,1,743721,4,36368760,0.03636876,1,743721,4,36368760,0.03636876,1.0,1.0,0
q16,q16,/home/dy1013/sirius_multi-gpu/experiment/join_retention_runs/join_retention_20260630_075038/queries/q16/log_dir/sirius_2026-06-30.log,2,2,26,CONCAT,CONCAT,83,PARTITIONED,PARTITIONED,0,1,1,742397,4,36305466,0.036305466,1,742397,4,36305466,0.036305466,1.0,1.0,0
q16,q16,/home/dy1013/sirius_multi-gpu/experiment/join_retention_runs/join_retention_20260630_075038/queries/q16/log_dir/sirius_2026-06-30.log,2,4,26,CONCAT,CONCAT,83,PARTITIONED,PARTITIONED,2,1,1,742690,4,36323414,0.036323414,1,742690,4,36323414,0.036323414,1.0,1.0,0
q16,q16,/home/dy1013/sirius_multi-gpu/experiment/join_retention_runs/join_retention_20260630_075038/queries/q16/log_dir/sirius_2026-06-30.log,6,6,31,GPU_SCAN,SCAN,94,GPU_SCAN,PIPELINEABLE,2,1,0,0,0,0,0.0,1,33544225,2,545093776,0.545093776,0.0,0.0,109482
q16,q16,/home/dy1013/sirius_multi-gpu/experiment/join_retention_runs/join_retention_20260630_075038/queries/q16/log_dir/sirius_2026-06-30.log,7,9,33,PARTITION,PARTITION,82,PIPELINEABLE,PIPELINEABLE,2,1,1,33544225,2,545093776,0.545093776,4,33544225,8,536707600,0.5367076,0.984615,1.0,11925
q16,q16,/home/dy1013/sirius_multi-gpu/experiment/join_retention_runs/join_retention_20260630_075038/queries/q16/log_dir/sirius_2026-06-30.log,6,8,31,GPU_SCAN,SCAN,94,GPU_SCAN,PIPELINEABLE,0,1,0,0,0,0,0.0,1,12930743,2,210124656,0.210124656,0.0,0.0,208843
q16,q16,/home/dy1013/sirius_multi-gpu/experiment/join_retention_runs/join_retention_20260630_075038/queries/q16/log_dir/sirius_2026-06-30.log,6,7,31,GPU_SCAN,SCAN,94,GPU_SCAN,PIPELINEABLE,3,1,0,0,0,0,0.0,1,33525032,2,544781824,0.544781824,0.0,0.0,214590
q16,q16,/home/dy1013/sirius_multi-gpu/experiment/join_retention_runs/join_retention_20260630_075038/queries/q16/log_dir/sirius_2026-06-30.log,7,10,33,PARTITION,PARTITION,82,PIPELINEABLE,PIPELINEABLE,0,1,1,12930743,2,210124656,0.210124656,4,12930743,8,206891888,0.206891888,0.984615,1.0,13304
q16,q16,/home/dy1013/sirius_multi-gpu/experiment/join_retention_runs/join_retention_20260630_075038/queries/q16/log_dir/sirius_2026-06-30.log,7,11,33,PARTITION,PARTITION,82,PIPELINEABLE,PIPELINEABLE,3,1,1,33525032,2,544781824,0.544781824,4,33525032,8,536400512,0.536400512,0.984615,1.0,11296
q16,q16,/home/dy1013/sirius_multi-gpu/experiment/join_retention_runs/join_retention_20260630_075038/queries/q16/log_dir/sirius_2026-06-30.log,8,14,32,CONCAT,CONCAT,83,PARTITIONED,PARTITIONED,2,1,3,20009984,6,320159744,0.320159744,1,20009984,2,320159744,0.320159744,1.0,1.0,7157
q16,q16,/home/dy1013/sirius_multi-gpu/experiment/join_retention_runs/join_retention_20260630_075038/queries/q16/log_dir/sirius_2026-06-30.log,8,15,32,CONCAT,CONCAT,83,PARTITIONED,PARTITIONED,3,1,3,20007544,6,320120704,0.320120704,1,20007544,2,320120704,0.320120704,1.0,1.0,7208
q16,q16,/home/dy1013/sirius_multi-gpu/experiment/join_retention_runs/join_retention_20260630_075038/queries/q16/log_dir/sirius_2026-06-30.log,8,12,32,CONCAT,CONCAT,83,PARTITIONED,PARTITIONED,0,1,3,20002740,6,320043840,0.32004384,1,20002740,2,320043840,0.32004384,1.0,1.0,7150
q16,q16,/home/dy1013/sirius_multi-gpu/experiment/join_retention_runs/join_retention_20260630_075038/queries/q16/log_dir/sirius_2026-06-30.log,8,13,32,CONCAT,CONCAT,83,PARTITIONED,PARTITIONED,1,1,3,19979732,6,319675712,0.319675712,1,19979732,2,319675712,0.319675712,1.0,1.0,7766
q16,q16,/home/dy1013/sirius_multi-gpu/experiment/join_retention_runs/join_retention_20260630_075038/queries/q16/log_dir/sirius_2026-06-30.log,9,19,15,HASH_JOIN,JOIN,33,PARTITIONED,PIPELINEABLE,3,1,2,20751265,6,356489464,0.356489464,1,2974884,4,145474888,0.145474888,0.408076,0.143359,24726
q16,q16,/home/dy1013/sirius_multi-gpu/experiment/join_retention_runs/join_retention_20260630_075038/queries/q16/log_dir/sirius_2026-06-30.log,9,17,15,HASH_JOIN,JOIN,33,PARTITIONED,PIPELINEABLE,1,1,2,20721494,6,355953266,0.355953266,1,2967048,4,145110192,0.145110192,0.407666,0.143187,25932
q16,q16,/home/dy1013/sirius_multi-gpu/experiment/join_retention_runs/join_retention_20260630_075038/queries/q16/log_dir/sirius_2026-06-30.log,9,18,15,HASH_JOIN,JOIN,33,PARTITIONED,PIPELINEABLE,2,1,2,20752674,6,356483158,0.356483158,1,2970760,4,145293504,0.145293504,0.407575,0.143151,26115
q16,q16,/home/dy1013/sirius_multi-gpu/experiment/join_retention_runs/join_retention_20260630_075038/queries/q16/log_dir/sirius_2026-06-30.log,9,16,15,HASH_JOIN,JOIN,33,PARTITIONED,PIPELINEABLE,0,1,2,20745137,6,356349306,0.356349306,1,2969588,4,145221840,0.14522184,0.407527,0.143146,25999
q16,q16,/home/dy1013/sirius_multi-gpu/experiment/join_retention_runs/join_retention_20260630_075038/queries/q16/log_dir/sirius_2026-06-30.log,3,20,28,GPU_SCAN,SCAN,94,GPU_SCAN,PIPELINEABLE,0,1,0,0,0,0,0.0,1,479,1,3896,3.896e-06,0.0,0.0,104043
q16,q16,/home/dy1013/sirius_multi-gpu/experiment/join_retention_runs/join_retention_20260630_075038/queries/q16/log_dir/sirius_2026-06-30.log,4,21,30,PARTITION,PARTITION,82,PIPELINEABLE,PIPELINEABLE,0,1,1,479,1,3896,3.896e-06,1,479,1,3896,3.896e-06,1.0,1.0,1
q16,q16,/home/dy1013/sirius_multi-gpu/experiment/join_retention_runs/join_retention_20260630_075038/queries/q16/log_dir/sirius_2026-06-30.log,5,22,29,CONCAT,CONCAT,83,PARTITIONED,PARTITIONED,0,1,1,479,1,3896,3.896e-06,1,479,1,3896,3.896e-06,1.0,1.0,1
q16,q16,/home/dy1013/sirius_multi-gpu/experiment/join_retention_runs/join_retention_20260630_075038/queries/q16/log_dir/sirius_2026-06-30.log,10,24,35,PARTITION,PARTITION,82,PIPELINEABLE,PIPELINEABLE,1,1,1,2967048,4,145110192,0.145110192,1,2967048,4,145110192,0.145110192,1.0,1.0,1
q16,q16,/home/dy1013/sirius_multi-gpu/experiment/join_retention_runs/join_retention_20260630_075038/queries/q16/log_dir/sirius_2026-06-30.log,10,26,35,PARTITION,PARTITION,82,PIPELINEABLE,PIPELINEABLE,0,1,1,2969588,4,145221840,0.14522184,1,2969588,4,145221840,0.14522184,1.0,1.0,4
q16,q16,/home/dy1013/sirius_multi-gpu/experiment/join_retention_runs/join_retention_20260630_075038/queries/q16/log_dir/sirius_2026-06-30.log,10,23,35,PARTITION,PARTITION,82,PIPELINEABLE,PIPELINEABLE,3,1,1,2974884,4,145474888,0.145474888,1,2974884,4,145474888,0.145474888,1.0,1.0,4
q16,q16,/home/dy1013/sirius_multi-gpu/experiment/join_retention_runs/join_retention_20260630_075038/queries/q16/log_dir/sirius_2026-06-30.log,10,25,35,PARTITION,PARTITION,82,PIPELINEABLE,PIPELINEABLE,2,1,1,2970760,4,145293504,0.145293504,1,2970760,4,145293504,0.145293504,1.0,1.0,4
q16,q16,/home/dy1013/sirius_multi-gpu/experiment/join_retention_runs/join_retention_20260630_075038/queries/q16/log_dir/sirius_2026-06-30.log,11,28,34,CONCAT,CONCAT,83,PARTITIONED,PARTITIONED,0,1,1,2970760,4,145293504,0.145293504,1,2970760,4,145293504,0.145293504,1.0,1.0,0
q16,q16,/home/dy1013/sirius_multi-gpu/experiment/join_retention_runs/join_retention_20260630_075038/queries/q16/log_dir/sirius_2026-06-30.log,11,27,34,CONCAT,CONCAT,83,PARTITIONED,PARTITIONED,0,1,3,8911520,12,435806920,0.43580692,1,8911520,4,433578808,0.433578808,0.994887,1.0,10175
q16,q16,/home/dy1013/sirius_multi-gpu/experiment/join_retention_runs/join_retention_20260630_075038/queries/q16/log_dir/sirius_2026-06-30.log,12,29,17,HASH_JOIN,JOIN,33,PARTITIONED,PIPELINEABLE,1,4,2,2971239,5,145297400,0.1452974,1,2970760,5,148264264,0.148264264,1.020419,0.999839,35317
q16,q16,/home/dy1013/sirius_multi-gpu/experiment/join_retention_runs/join_retention_20260630_075038/queries/q16/log_dir/sirius_2026-06-30.log,12,30,17,HASH_JOIN,JOIN,33,PARTITIONED,PIPELINEABLE,1,4,1,8911520,4,433578808,0.433578808,1,8911520,5,442490328,0.442490328,1.020553,1.0,4833
q16,q16,/home/dy1013/sirius_multi-gpu/experiment/join_retention_runs/join_retention_20260630_075038/queries/q16/log_dir/sirius_2026-06-30.log,12,29,18,FILTER,FILTER,12,PIPELINEABLE,PIPELINEABLE,1,4,1,2970760,5,148264264,0.148264264,1,2969324,5,148192647,0.148192647,0.999517,0.999517,15852
q16,q16,/home/dy1013/sirius_multi-gpu/experiment/join_retention_runs/join_retention_20260630_075038/queries/q16/log_dir/sirius_2026-06-30.log,12,30,18,FILTER,FILTER,12,PIPELINEABLE,PIPELINEABLE,1,4,1,8911520,5,442490328,0.442490328,1,8907304,5,442281115,0.442281115,0.999527,0.999527,19323
q16,q16,/home/dy1013/sirius_multi-gpu/experiment/join_retention_runs/join_retention_20260630_075038/queries/q16/log_dir/sirius_2026-06-30.log,12,29,21,PROJECTION,PROJECTION,13,PIPELINEABLE,PIPELINEABLE,1,4,1,2969324,5,148192647,0.148192647,1,2969324,4,145223323,0.145223323,0.979963,1.0,4720
q16,q16,/home/dy1013/sirius_multi-gpu/experiment/join_retention_runs/join_retention_20260630_075038/queries/q16/log_dir/sirius_2026-06-30.log,12,30,21,PROJECTION,PROJECTION,13,PIPELINEABLE,PIPELINEABLE,1,4,1,8907304,5,442281115,0.442281115,1,8907304,4,433373811,0.433373811,0.979861,1.0,3061
q16,q16,/home/dy1013/sirius_multi-gpu/experiment/join_retention_runs/join_retention_20260630_075038/queries/q16/log_dir/sirius_2026-06-30.log,12,30,22,HASH_GROUP_BY,AGGREGATE,9,PIPELINEABLE,PIPELINEABLE,1,4,1,8907304,4,433373811,0.433373811,1,27840,4,72490660,0.07249066,0.167271,0.003126,221251
q16,q16,/home/dy1013/sirius_multi-gpu/experiment/join_retention_runs/join_retention_20260630_075038/queries/q16/log_dir/sirius_2026-06-30.log,12,29,22,HASH_GROUP_BY,AGGREGATE,9,PIPELINEABLE,PIPELINEABLE,1,4,1,2969324,4,145223323,0.145223323,1,27840,4,25003540,0.02500354,0.172173,0.009376,224282
q16,q16,/home/dy1013/sirius_multi-gpu/experiment/join_retention_runs/join_retention_20260630_075038/queries/q16/log_dir/sirius_2026-06-30.log,13,31,36,PARTITION,PARTITION,82,PIPELINEABLE,PIPELINEABLE,1,1,1,27840,4,72490660,0.07249066,4,27840,16,72490696,0.072490696,1.0,1.0,7561
q16,q16,/home/dy1013/sirius_multi-gpu/experiment/join_retention_runs/join_retention_20260630_075038/queries/q16/log_dir/sirius_2026-06-30.log,13,32,36,PARTITION,PARTITION,82,PIPELINEABLE,PIPELINEABLE,1,1,1,27840,4,25003540,0.02500354,4,27840,16,25003704,0.025003704,1.000007,1.0,8157
q16,q16,/home/dy1013/sirius_multi-gpu/experiment/join_retention_runs/join_retention_20260630_075038/queries/q16/log_dir/sirius_2026-06-30.log,14,34,37,MERGE_GROUP_BY,AGGREGATE,85,PARTITIONED,PIPELINEABLE,1,1,2,13958,8,24460678,0.024460678,1,6979,4,339511,0.000339511,0.01388,0.5,418604
q16,q16,/home/dy1013/sirius_multi-gpu/experiment/join_retention_runs/join_retention_20260630_075038/queries/q16/log_dir/sirius_2026-06-30.log,14,36,37,MERGE_GROUP_BY,AGGREGATE,85,PARTITIONED,PIPELINEABLE,3,1,2,13874,8,24317754,0.024317754,1,6937,4,337513,0.000337513,0.013879,0.5,180747
q16,q16,/home/dy1013/sirius_multi-gpu/experiment/join_retention_runs/join_retention_20260630_075038/queries/q16/log_dir/sirius_2026-06-30.log,14,33,37,MERGE_GROUP_BY,AGGREGATE,85,PARTITIONED,PIPELINEABLE,0,1,2,13900,8,24304084,0.024304084,1,6950,4,338046,0.000338046,0.013909,0.5,50088
q16,q16,/home/dy1013/sirius_multi-gpu/experiment/join_retention_runs/join_retention_20260630_075038/queries/q16/log_dir/sirius_2026-06-30.log,14,35,37,MERGE_GROUP_BY,AGGREGATE,85,PARTITIONED,PIPELINEABLE,2,1,2,13948,8,24411884,0.024411884,1,6974,4,339522,0.000339522,0.013908,0.5,52630
q16,q16,/home/dy1013/sirius_multi-gpu/experiment/join_retention_runs/join_retention_20260630_075038/queries/q16/log_dir/sirius_2026-06-30.log,15,37,23,ORDER_BY,SORT,1,PIPELINEABLE,PIPELINEABLE,1,1,1,6979,4,339511,0.000339511,1,6979,4,339511,0.000339511,1.0,1.0,5089
q16,q16,/home/dy1013/sirius_multi-gpu/experiment/join_retention_runs/join_retention_20260630_075038/queries/q16/log_dir/sirius_2026-06-30.log,15,40,23,ORDER_BY,SORT,1,PIPELINEABLE,PIPELINEABLE,2,1,1,6974,4,339522,0.000339522,1,6974,4,339522,0.000339522,1.0,1.0,7522
q16,q16,/home/dy1013/sirius_multi-gpu/experiment/join_retention_runs/join_retention_20260630_075038/queries/q16/log_dir/sirius_2026-06-30.log,15,38,23,ORDER_BY,SORT,1,PIPELINEABLE,PIPELINEABLE,3,1,1,6937,4,337513,0.000337513,1,6937,4,337513,0.000337513,1.0,1.0,7972
q16,q16,/home/dy1013/sirius_multi-gpu/experiment/join_retention_runs/join_retention_20260630_075038/queries/q16/log_dir/sirius_2026-06-30.log,15,39,23,ORDER_BY,SORT,1,PIPELINEABLE,PIPELINEABLE,0,1,1,6950,4,338046,0.000338046,1,6950,4,338046,0.000338046,1.0,1.0,8233
q16,q16,/home/dy1013/sirius_multi-gpu/experiment/join_retention_runs/join_retention_20260630_075038/queries/q16/log_dir/sirius_2026-06-30.log,16,41,38,SORT_SAMPLE,SORT,89,PIPELINEABLE,PIPELINEABLE,2,2,4,27840,16,1354592,0.001354592,4,27840,16,1354592,0.001354592,1.0,1.0,10756
q16,q16,/home/dy1013/sirius_multi-gpu/experiment/join_retention_runs/join_retention_20260630_075038/queries/q16/log_dir/sirius_2026-06-30.log,16,41,39,SORT_PARTITION,SORT,88,PIPELINEABLE,PIPELINEABLE,2,2,4,27840,16,1354592,0.001354592,4,27840,16,1354592,0.001354592,1.0,1.0,1
q16,q16,/home/dy1013/sirius_multi-gpu/experiment/join_retention_runs/join_retention_20260630_075038/queries/q16/log_dir/sirius_2026-06-30.log,17,42,40,MERGE_SORT,SORT,84,PIPELINEABLE,PIPELINEABLE,2,1,4,27840,16,1354592,0.001354592,1,27840,4,1354568,0.001354568,0.999982,1.0,3026
q16,q16,/home/dy1013/sirius_multi-gpu/experiment/join_retention_runs/join_retention_20260630_075038/queries/q16/log_dir/sirius_2026-06-30.log,18,43,24,RESULT_COLLECTOR,RESULT,76,PIPELINEABLE,PIPELINEABLE,2,1,1,27840,4,1354568,0.001354568,1,27840,4,1354568,0.001354568,1.0,1.0,1
q18,q18,/home/dy1013/sirius_multi-gpu/experiment/join_retention_runs/join_retention_20260630_075038/queries/q18/log_dir/sirius_2026-06-30.log,0,9,27,GPU_SCAN,SCAN,94,GPU_SCAN,PIPELINEABLE,0,2,0,0,0,0,0.0,1,48595613,2,789678800,0.7896788,0.0,0.0,242504
q18,q18,/home/dy1013/sirius_multi-gpu/experiment/join_retention_runs/join_retention_20260630_075038/queries/q18/log_dir/sirius_2026-06-30.log,0,9,16,HASH_GROUP_BY,AGGREGATE,9,PIPELINEABLE,PIPELINEABLE,0,2,1,48595613,2,789678800,0.7896788,1,12147077,2,293048248,0.293048248,0.371098,0.249962,58422
q18,q18,/home/dy1013/sirius_multi-gpu/experiment/join_retention_runs/join_retention_20260630_075038/queries/q18/log_dir/sirius_2026-06-30.log,0,4,27,GPU_SCAN,SCAN,94,GPU_SCAN,PIPELINEABLE,3,2,0,0,0,0,0.0,1,61282029,2,995833040,0.99583304,0.0,0.0,446687
q18,q18,/home/dy1013/sirius_multi-gpu/experiment/join_retention_runs/join_retention_20260630_075038/queries/q18/log_dir/sirius_2026-06-30.log,0,4,16,HASH_GROUP_BY,AGGREGATE,9,PIPELINEABLE,PIPELINEABLE,3,2,1,61282029,2,995833040,0.99583304,1,15321793,2,369638296,0.369638296,0.371185,0.250021,63674
q18,q18,/home/dy1013/sirius_multi-gpu/experiment/join_retention_runs/join_retention_20260630_075038/queries/q18/log_dir/sirius_2026-06-30.log,0,8,27,GPU_SCAN,SCAN,94,GPU_SCAN,PIPELINEABLE,3,2,0,0,0,0,0.0,1,61281809,2,995829520,0.99582952,0.0,0.0,677165
q18,q18,/home/dy1013/sirius_multi-gpu/experiment/join_retention_runs/join_retention_20260630_075038/queries/q18/log_dir/sirius_2026-06-30.log,0,6,27,GPU_SCAN,SCAN,94,GPU_SCAN,PIPELINEABLE,1,2,0,0,0,0,0.0,1,61280957,2,995815632,0.995815632,0.0,0.0,691986
q18,q18,/home/dy1013/sirius_multi-gpu/experiment/join_retention_runs/join_retention_20260630_075038/queries/q18/log_dir/sirius_2026-06-30.log,0,8,16,HASH_GROUP_BY,AGGREGATE,9,PIPELINEABLE,PIPELINEABLE,3,2,1,61281809,2,995829520,0.99582952,1,15319214,2,369576080,0.36957608,0.371124,0.24998,38313
q18,q18,/home/dy1013/sirius_multi-gpu/experiment/join_retention_runs/join_retention_20260630_075038/queries/q18/log_dir/sirius_2026-06-30.log,0,1,27,GPU_SCAN,SCAN,94,GPU_SCAN,PIPELINEABLE,0,2,0,0,0,0,0.0,1,61182098,2,994209184,0.994209184,0.0,0.0,734790
q18,q18,/home/dy1013/sirius_multi-gpu/experiment/join_retention_runs/join_retention_20260630_075038/queries/q18/log_dir/sirius_2026-06-30.log,0,0,27,GPU_SCAN,SCAN,94,GPU_SCAN,PIPELINEABLE,3,2,0,0,0,0,0.0,1,61285395,2,995887792,0.995887792,0.0,0.0,760567
q18,q18,/home/dy1013/sirius_multi-gpu/experiment/join_retention_runs/join_retention_20260630_075038/queries/q18/log_dir/sirius_2026-06-30.log,0,6,16,HASH_GROUP_BY,AGGREGATE,9,PIPELINEABLE,PIPELINEABLE,1,2,1,61280957,2,995815632,0.995815632,1,15318210,2,369551856,0.369551856,0.371105,0.249967,77035
q18,q18,/home/dy1013/sirius_multi-gpu/experiment/join_retention_runs/join_retention_20260630_075038/queries/q18/log_dir/sirius_2026-06-30.log,0,5,27,GPU_SCAN,SCAN,94,GPU_SCAN,PIPELINEABLE,0,2,0,0,0,0,0.0,1,61283370,2,995854880,0.99585488,0.0,0.0,775259
q18,q18,/home/dy1013/sirius_multi-gpu/experiment/join_retention_runs/join_retention_20260630_075038/queries/q18/log_dir/sirius_2026-06-30.log,0,7,27,GPU_SCAN,SCAN,94,GPU_SCAN,PIPELINEABLE,2,2,0,0,0,0,0.0,1,61282899,2,995847216,0.995847216,0.0,0.0,791201
q18,q18,/home/dy1013/sirius_multi-gpu/experiment/join_retention_runs/join_retention_20260630_075038/queries/q18/log_dir/sirius_2026-06-30.log,0,3,27,GPU_SCAN,SCAN,94,GPU_SCAN,PIPELINEABLE,2,2,0,0,0,0,0.0,1,61282169,2,995835280,0.99583528,0.0,0.0,794145
q18,q18,/home/dy1013/sirius_multi-gpu/experiment/join_retention_runs/join_retention_20260630_075038/queries/q18/log_dir/sirius_2026-06-30.log,0,1,16,HASH_GROUP_BY,AGGREGATE,9,PIPELINEABLE,PIPELINEABLE,0,2,1,61182098,2,994209184,0.994209184,1,15292667,2,368935624,0.368935624,0.371085,0.249953,89111
q18,q18,/home/dy1013/sirius_multi-gpu/experiment/join_retention_runs/join_retention_20260630_075038/queries/q18/log_dir/sirius_2026-06-30.log,0,0,16,HASH_GROUP_BY,AGGREGATE,9,PIPELINEABLE,PIPELINEABLE,3,2,1,61285395,2,995887792,0.995887792,1,15324981,2,369715192,0.369715192,0.371242,0.250059,72746
q18,q18,/home/dy1013/sirius_multi-gpu/experiment/join_retention_runs/join_retention_20260630_075038/queries/q18/log_dir/sirius_2026-06-30.log,0,2,27,GPU_SCAN,SCAN,94,GPU_SCAN,PIPELINEABLE,1,2,0,0,0,0,0.0,1,61281563,2,995825456,0.995825456,0.0,0.0,837955
q18,q18,/home/dy1013/sirius_multi-gpu/experiment/join_retention_runs/join_retention_20260630_075038/queries/q18/log_dir/sirius_2026-06-30.log,0,5,16,HASH_GROUP_BY,AGGREGATE,9,PIPELINEABLE,PIPELINEABLE,0,2,1,61283370,2,995854880,0.99585488,1,15319969,2,369594264,0.369594264,0.371133,0.249986,72254
q18,q18,/home/dy1013/sirius_multi-gpu/experiment/join_retention_runs/join_retention_20260630_075038/queries/q18/log_dir/sirius_2026-06-30.log,0,3,16,HASH_GROUP_BY,AGGREGATE,9,PIPELINEABLE,PIPELINEABLE,2,2,1,61282169,2,995835280,0.99583528,1,15317482,2,369534256,0.369534256,0.37108,0.24995,98840
q18,q18,/home/dy1013/sirius_multi-gpu/experiment/join_retention_runs/join_retention_20260630_075038/queries/q18/log_dir/sirius_2026-06-30.log,0,7,16,HASH_GROUP_BY,AGGREGATE,9,PIPELINEABLE,PIPELINEABLE,2,2,1,61282899,2,995847216,0.995847216,1,15319099,2,369573320,0.36957332,0.371114,0.249973,108221
q18,q18,/home/dy1013/sirius_multi-gpu/experiment/join_retention_runs/join_retention_20260630_075038/queries/q18/log_dir/sirius_2026-06-30.log,0,2,16,HASH_GROUP_BY,AGGREGATE,9,PIPELINEABLE,PIPELINEABLE,1,2,1,61281563,2,995825456,0.995825456,1,15319515,2,369583304,0.369583304,0.371133,0.249986,47438
q18,q18,/home/dy1013/sirius_multi-gpu/experiment/join_retention_runs/join_retention_20260630_075038/queries/q18/log_dir/sirius_2026-06-30.log,1,16,28,PARTITION,PARTITION,82,PIPELINEABLE,PIPELINEABLE,0,1,1,15319969,2,369594264,0.369594264,6,15319969,12,367679256,0.367679256,0.994819,1.0,53734
q18,q18,/home/dy1013/sirius_multi-gpu/experiment/join_retention_runs/join_retention_20260630_075038/queries/q18/log_dir/sirius_2026-06-30.log,1,18,28,PARTITION,PARTITION,82,PIPELINEABLE,PIPELINEABLE,2,1,1,15319099,2,369573320,0.36957332,6,15319099,12,367658376,0.367658376,0.994819,1.0,56519
q18,q18,/home/dy1013/sirius_multi-gpu/experiment/join_retention_runs/join_retention_20260630_075038/queries/q18/log_dir/sirius_2026-06-30.log,1,10,28,PARTITION,PARTITION,82,PIPELINEABLE,PIPELINEABLE,0,1,1,12147077,2,293048248,0.293048248,6,12147077,12,291529848,0.291529848,0.994819,1.0,61474
q18,q18,/home/dy1013/sirius_multi-gpu/experiment/join_retention_runs/join_retention_20260630_075038/queries/q18/log_dir/sirius_2026-06-30.log,1,19,28,PARTITION,PARTITION,82,PIPELINEABLE,PIPELINEABLE,1,1,1,15319515,2,369583304,0.369583304,6,15319515,12,367668360,0.36766836,0.994819,1.0,61842
q18,q18,/home/dy1013/sirius_multi-gpu/experiment/join_retention_runs/join_retention_20260630_075038/queries/q18/log_dir/sirius_2026-06-30.log,1,17,28,PARTITION,PARTITION,82,PIPELINEABLE,PIPELINEABLE,2,1,1,15317482,2,369534256,0.369534256,6,15317482,12,367619568,0.367619568,0.994819,1.0,66690
q18,q18,/home/dy1013/sirius_multi-gpu/experiment/join_retention_runs/join_retention_20260630_075038/queries/q18/log_dir/sirius_2026-06-30.log,1,13,28,PARTITION,PARTITION,82,PIPELINEABLE,PIPELINEABLE,1,1,1,15318210,2,369551856,0.369551856,6,15318210,12,367637040,0.36763704,0.994819,1.0,66801
q18,q18,/home/dy1013/sirius_multi-gpu/experiment/join_retention_runs/join_retention_20260630_075038/queries/q18/log_dir/sirius_2026-06-30.log,1,14,28,PARTITION,PARTITION,82,PIPELINEABLE,PIPELINEABLE,0,1,1,15292667,2,368935624,0.368935624,6,15292667,12,367024008,0.367024008,0.994819,1.0,67109
q18,q18,/home/dy1013/sirius_multi-gpu/experiment/join_retention_runs/join_retention_20260630_075038/queries/q18/log_dir/sirius_2026-06-30.log,1,11,28,PARTITION,PARTITION,82,PIPELINEABLE,PIPELINEABLE,3,1,1,15321793,2,369638296,0.369638296,6,15321793,12,367723032,0.367723032,0.994819,1.0,67600
q18,q18,/home/dy1013/sirius_multi-gpu/experiment/join_retention_runs/join_retention_20260630_075038/queries/q18/log_dir/sirius_2026-06-30.log,1,15,28,PARTITION,PARTITION,82,PIPELINEABLE,PIPELINEABLE,3,1,1,15324981,2,369715192,0.369715192,6,15324981,12,367799544,0.367799544,0.994819,1.0,66971
q18,q18,/home/dy1013/sirius_multi-gpu/experiment/join_retention_runs/join_retention_20260630_075038/queries/q18/log_dir/sirius_2026-06-30.log,1,12,28,PARTITION,PARTITION,82,PIPELINEABLE,PIPELINEABLE,3,1,1,15319214,2,369576080,0.36957608,6,15319214,12,367661136,0.367661136,0.994819,1.0,68268
q18,q18,/home/dy1013/sirius_multi-gpu/experiment/join_retention_runs/join_retention_20260630_075038/queries/q18/log_dir/sirius_2026-06-30.log,2,23,29,MERGE_GROUP_BY,AGGREGATE,85,PARTITIONED,PIPELINEABLE,3,1,10,25011491,20,600275784,0.600275784,1,25011490,2,600275760,0.60027576,1.0,1.0,55162
q18,q18,/home/dy1013/sirius_multi-gpu/experiment/join_retention_runs/join_retention_20260630_075038/queries/q18/log_dir/sirius_2026-06-30.log,2,22,29,MERGE_GROUP_BY,AGGREGATE,85,PARTITIONED,PIPELINEABLE,2,1,10,24995909,20,599901816,0.599901816,1,24995906,2,599901744,0.599901744,1.0,1.0,36929
q18,q18,/home/dy1013/sirius_multi-gpu/experiment/join_retention_runs/join_retention_20260630_075038/queries/q18/log_dir/sirius_2026-06-30.log,2,20,29,MERGE_GROUP_BY,AGGREGATE,85,PARTITIONED,PIPELINEABLE,0,1,10,25000471,20,600011304,0.600011304,1,25000470,2,600011280,0.60001128,1.0,1.0,46011
q18,q18,/home/dy1013/sirius_multi-gpu/experiment/join_retention_runs/join_retention_20260630_075038/queries/q18/log_dir/sirius_2026-06-30.log,2,21,29,MERGE_GROUP_BY,AGGREGATE,85,PARTITIONED,PIPELINEABLE,1,1,10,24997105,20,599930520,0.59993052,1,24997105,2,599930520,0.59993052,1.0,1.0,45593
q18,q18,/home/dy1013/sirius_multi-gpu/experiment/join_retention_runs/join_retention_20260630_075038/queries/q18/log_dir/sirius_2026-06-30.log,2,24,29,MERGE_GROUP_BY,AGGREGATE,85,PARTITIONED,PIPELINEABLE,0,1,10,24995312,20,599887488,0.599887488,1,24995311,2,599887464,0.599887464,1.0,1.0,70182
q18,q18,/home/dy1013/sirius_multi-gpu/experiment/join_retention_runs/join_retention_20260630_075038/queries/q18/log_dir/sirius_2026-06-30.log,2,25,29,MERGE_GROUP_BY,AGGREGATE,85,PARTITIONED,PIPELINEABLE,1,1,10,24999719,20,599993256,0.599993256,1,24999718,2,599993232,0.599993232,1.0,1.0,73715
q18,q18,/home/dy1013/sirius_multi-gpu/experiment/join_retention_runs/join_retention_20260630_075038/queries/q18/log_dir/sirius_2026-06-30.log,3,26,17,FILTER,FILTER,12,PIPELINEABLE,PIPELINEABLE,3,2,1,25011490,2,600275760,0.60027576,1,1101,2,26424,2.6424e-05,4.4e-05,4.4e-05,6036
q18,q18,/home/dy1013/sirius_multi-gpu/experiment/join_retention_runs/join_retention_20260630_075038/queries/q18/log_dir/sirius_2026-06-30.log,3,26,18,PROJECTION,PROJECTION,13,PIPELINEABLE,PIPELINEABLE,3,2,1,1101,2,26424,2.6424e-05,1,1101,1,8808,8.808e-06,0.333333,1.0,27
q18,q18,/home/dy1013/sirius_multi-gpu/experiment/join_retention_runs/join_retention_20260630_075038/queries/q18/log_dir/sirius_2026-06-30.log,3,27,17,FILTER,FILTER,12,PIPELINEABLE,PIPELINEABLE,2,2,1,24995906,2,599901744,0.599901744,1,1025,2,24600,2.46e-05,4.1e-05,4.1e-05,7391
q18,q18,/home/dy1013/sirius_multi-gpu/experiment/join_retention_runs/join_retention_20260630_075038/queries/q18/log_dir/sirius_2026-06-30.log,3,27,18,PROJECTION,PROJECTION,13,PIPELINEABLE,PIPELINEABLE,2,2,1,1025,2,24600,2.46e-05,1,1025,1,8200,8.2e-06,0.333333,1.0,26
q18,q18,/home/dy1013/sirius_multi-gpu/experiment/join_retention_runs/join_retention_20260630_075038/queries/q18/log_dir/sirius_2026-06-30.log,3,31,17,FILTER,FILTER,12,PIPELINEABLE,PIPELINEABLE,1,2,1,24999718,2,599993232,0.599993232,1,1084,2,26016,2.6016e-05,4.3e-05,4.3e-05,8672
q18,q18,/home/dy1013/sirius_multi-gpu/experiment/join_retention_runs/join_retention_20260630_075038/queries/q18/log_dir/sirius_2026-06-30.log,3,28,17,FILTER,FILTER,12,PIPELINEABLE,PIPELINEABLE,0,2,1,25000470,2,600011280,0.60001128,1,1104,2,26496,2.6496e-05,4.4e-05,4.4e-05,9662
q18,q18,/home/dy1013/sirius_multi-gpu/experiment/join_retention_runs/join_retention_20260630_075038/queries/q18/log_dir/sirius_2026-06-30.log,3,31,18,PROJECTION,PROJECTION,13,PIPELINEABLE,PIPELINEABLE,1,2,1,1084,2,26016,2.6016e-05,1,1084,1,8672,8.672e-06,0.333333,1.0,1540
q18,q18,/home/dy1013/sirius_multi-gpu/experiment/join_retention_runs/join_retention_20260630_075038/queries/q18/log_dir/sirius_2026-06-30.log,3,29,17,FILTER,FILTER,12,PIPELINEABLE,PIPELINEABLE,1,2,1,24997105,2,599930520,0.59993052,1,1033,2,24792,2.4792e-05,4.1e-05,4.1e-05,10233
q18,q18,/home/dy1013/sirius_multi-gpu/experiment/join_retention_runs/join_retention_20260630_075038/queries/q18/log_dir/sirius_2026-06-30.log,3,29,18,PROJECTION,PROJECTION,13,PIPELINEABLE,PIPELINEABLE,1,2,1,1033,2,24792,2.4792e-05,1,1033,1,8264,8.264e-06,0.333333,1.0,38
q18,q18,/home/dy1013/sirius_multi-gpu/experiment/join_retention_runs/join_retention_20260630_075038/queries/q18/log_dir/sirius_2026-06-30.log,3,28,18,PROJECTION,PROJECTION,13,PIPELINEABLE,PIPELINEABLE,0,2,1,1104,2,26496,2.6496e-05,1,1104,1,8832,8.832e-06,0.333333,1.0,476
q18,q18,/home/dy1013/sirius_multi-gpu/experiment/join_retention_runs/join_retention_20260630_075038/queries/q18/log_dir/sirius_2026-06-30.log,3,30,17,FILTER,FILTER,12,PIPELINEABLE,PIPELINEABLE,0,2,1,24995311,2,599887464,0.599887464,1,1051,2,25224,2.5224e-05,4.2e-05,4.2e-05,10046
q18,q18,/home/dy1013/sirius_multi-gpu/experiment/join_retention_runs/join_retention_20260630_075038/queries/q18/log_dir/sirius_2026-06-30.log,3,30,18,PROJECTION,PROJECTION,13,PIPELINEABLE,PIPELINEABLE,0,2,1,1051,2,25224,2.5224e-05,1,1051,1,8408,8.408e-06,0.333333,1.0,36
q18,q18,/home/dy1013/sirius_multi-gpu/experiment/join_retention_runs/join_retention_20260630_075038/queries/q18/log_dir/sirius_2026-06-30.log,4,34,31,PARTITION,PARTITION,82,PIPELINEABLE,PIPELINEABLE,1,1,1,1084,1,8672,8.672e-06,1,1084,1,8672,8.672e-06,1.0,1.0,1
q18,q18,/home/dy1013/sirius_multi-gpu/experiment/join_retention_runs/join_retention_20260630_075038/queries/q18/log_dir/sirius_2026-06-30.log,4,33,31,PARTITION,PARTITION,82,PIPELINEABLE,PIPELINEABLE,2,1,1,1025,1,8200,8.2e-06,1,1025,1,8200,8.2e-06,1.0,1.0,10
q18,q18,/home/dy1013/sirius_multi-gpu/experiment/join_retention_runs/join_retention_20260630_075038/queries/q18/log_dir/sirius_2026-06-30.log,4,37,31,PARTITION,PARTITION,82,PIPELINEABLE,PIPELINEABLE,0,1,1,1051,1,8408,8.408e-06,1,1051,1,8408,8.408e-06,1.0,1.0,2
q18,q18,/home/dy1013/sirius_multi-gpu/experiment/join_retention_runs/join_retention_20260630_075038/queries/q18/log_dir/sirius_2026-06-30.log,4,36,31,PARTITION,PARTITION,82,PIPELINEABLE,PIPELINEABLE,0,1,1,1104,1,8832,8.832e-06,1,1104,1,8832,8.832e-06,1.0,1.0,16
q18,q18,/home/dy1013/sirius_multi-gpu/experiment/join_retention_runs/join_retention_20260630_075038/queries/q18/log_dir/sirius_2026-06-30.log,4,35,31,PARTITION,PARTITION,82,PIPELINEABLE,PIPELINEABLE,1,1,1,1033,1,8264,8.264e-06,1,1033,1,8264,8.264e-06,1.0,1.0,1
q18,q18,/home/dy1013/sirius_multi-gpu/experiment/join_retention_runs/join_retention_20260630_075038/queries/q18/log_dir/sirius_2026-06-30.log,4,32,31,PARTITION,PARTITION,82,PIPELINEABLE,PIPELINEABLE,3,1,1,1101,1,8808,8.808e-06,1,1101,1,8808,8.808e-06,1.0,1.0,6
q18,q18,/home/dy1013/sirius_multi-gpu/experiment/join_retention_runs/join_retention_20260630_075038/queries/q18/log_dir/sirius_2026-06-30.log,5,38,30,CONCAT,CONCAT,83,PARTITIONED,PARTITIONED,0,1,6,6398,6,51184,5.1184e-05,1,6398,1,51184,5.1184e-05,1.0,1.0,1439
q18,q18,/home/dy1013/sirius_multi-gpu/experiment/join_retention_runs/join_retention_20260630_075038/queries/q18/log_dir/sirius_2026-06-30.log,9,46,35,GPU_SCAN,SCAN,94,GPU_SCAN,PIPELINEABLE,0,1,0,0,0,0,0.0,1,3371060,4,96075440,0.09607544,0.0,0.0,507368
q18,q18,/home/dy1013/sirius_multi-gpu/experiment/join_retention_runs/join_retention_20260630_075038/queries/q18/log_dir/sirius_2026-06-30.log,10,47,37,PARTITION,PARTITION,82,PIPELINEABLE,PIPELINEABLE,0,1,1,3371060,4,96075440,0.09607544,1,3371060,4,96075440,0.09607544,1.0,1.0,3
q18,q18,/home/dy1013/sirius_multi-gpu/experiment/join_retention_runs/join_retention_20260630_075038/queries/q18/log_dir/sirius_2026-06-30.log,9,45,35,GPU_SCAN,SCAN,94,GPU_SCAN,PIPELINEABLE,3,1,0,0,0,0,0.0,1,20939834,4,596785496,0.596785496,0.0,0.0,512843
q18,q18,/home/dy1013/sirius_multi-gpu/experiment/join_retention_runs/join_retention_20260630_075038/queries/q18/log_dir/sirius_2026-06-30.log,10,48,37,PARTITION,PARTITION,82,PIPELINEABLE,PIPELINEABLE,3,1,1,20939834,4,596785496,0.596785496,1,20939834,4,596785496,0.596785496,1.0,1.0,1
q18,q18,/home/dy1013/sirius_multi-gpu/experiment/join_retention_runs/join_retention_20260630_075038/queries/q18/log_dir/sirius_2026-06-30.log,11,49,36,CONCAT,CONCAT,83,PARTITIONED,PARTITIONED,0,1,1,3371060,4,96075440,0.09607544,1,3371060,4,96075440,0.09607544,1.0,1.0,1
q18,q18,/home/dy1013/sirius_multi-gpu/experiment/join_retention_runs/join_retention_20260630_075038/queries/q18/log_dir/sirius_2026-06-30.log,9,44,35,GPU_SCAN,SCAN,94,GPU_SCAN,PIPELINEABLE,2,1,0,0,0,0,0.0,1,20940524,4,596805072,0.596805072,0.0,0.0,526574
q18,q18,/home/dy1013/sirius_multi-gpu/experiment/join_retention_runs/join_retention_20260630_075038/queries/q18/log_dir/sirius_2026-06-30.log,10,51,37,PARTITION,PARTITION,82,PIPELINEABLE,PIPELINEABLE,2,1,1,20940524,4,596805072,0.596805072,1,20940524,4,596805072,0.596805072,1.0,1.0,5
q18,q18,/home/dy1013/sirius_multi-gpu/experiment/join_retention_runs/join_retention_20260630_075038/queries/q18/log_dir/sirius_2026-06-30.log,9,41,35,GPU_SCAN,SCAN,94,GPU_SCAN,PIPELINEABLE,3,1,0,0,0,0,0.0,1,20940204,4,596795856,0.596795856,0.0,0.0,540067
q18,q18,/home/dy1013/sirius_multi-gpu/experiment/join_retention_runs/join_retention_20260630_075038/queries/q18/log_dir/sirius_2026-06-30.log,10,52,37,PARTITION,PARTITION,82,PIPELINEABLE,PIPELINEABLE,3,1,1,20940204,4,596795856,0.596795856,1,20940204,4,596795856,0.596795856,1.0,1.0,6
q18,q18,/home/dy1013/sirius_multi-gpu/experiment/join_retention_runs/join_retention_20260630_075038/queries/q18/log_dir/sirius_2026-06-30.log,11,50,36,CONCAT,CONCAT,83,PARTITIONED,PARTITIONED,0,1,1,20939834,4,596785496,0.596785496,1,20939834,4,596785496,0.596785496,1.0,1.0,1
q18,q18,/home/dy1013/sirius_multi-gpu/experiment/join_retention_runs/join_retention_20260630_075038/queries/q18/log_dir/sirius_2026-06-30.log,11,53,36,CONCAT,CONCAT,83,PARTITIONED,PARTITIONED,0,1,1,20940524,4,596805072,0.596805072,1,20940524,4,596805072,0.596805072,1.0,1.0,1
q18,q18,/home/dy1013/sirius_multi-gpu/experiment/join_retention_runs/join_retention_20260630_075038/queries/q18/log_dir/sirius_2026-06-30.log,11,54,36,CONCAT,CONCAT,83,PARTITIONED,PARTITIONED,0,1,1,20940204,4,596795856,0.596795856,1,20940204,4,596795856,0.596795856,1.0,1.0,1
q18,q18,/home/dy1013/sirius_multi-gpu/experiment/join_retention_runs/join_retention_20260630_075038/queries/q18/log_dir/sirius_2026-06-30.log,9,42,35,GPU_SCAN,SCAN,94,GPU_SCAN,PIPELINEABLE,0,1,0,0,0,0,0.0,1,20940216,4,596796192,0.596796192,0.0,0.0,951210
q18,q18,/home/dy1013/sirius_multi-gpu/experiment/join_retention_runs/join_retention_20260630_075038/queries/q18/log_dir/sirius_2026-06-30.log,10,55,37,PARTITION,PARTITION,82,PIPELINEABLE,PIPELINEABLE,0,1,1,20940216,4,596796192,0.596796192,1,20940216,4,596796192,0.596796192,1.0,1.0,7
q18,q18,/home/dy1013/sirius_multi-gpu/experiment/join_retention_runs/join_retention_20260630_075038/queries/q18/log_dir/sirius_2026-06-30.log,9,40,35,GPU_SCAN,SCAN,94,GPU_SCAN,PIPELINEABLE,2,1,0,0,0,0,0.0,1,20949028,4,597047536,0.597047536,0.0,0.0,972080
q18,q18,/home/dy1013/sirius_multi-gpu/experiment/join_retention_runs/join_retention_20260630_075038/queries/q18/log_dir/sirius_2026-06-30.log,10,56,37,PARTITION,PARTITION,82,PIPELINEABLE,PIPELINEABLE,2,1,1,20949028,4,597047536,0.597047536,1,20949028,4,597047536,0.597047536,1.0,1.0,9
q18,q18,/home/dy1013/sirius_multi-gpu/experiment/join_retention_runs/join_retention_20260630_075038/queries/q18/log_dir/sirius_2026-06-30.log,11,57,36,CONCAT,CONCAT,83,PARTITIONED,PARTITIONED,0,1,1,20940216,4,596796192,0.596796192,1,20940216,4,596796192,0.596796192,1.0,1.0,1
q18,q18,/home/dy1013/sirius_multi-gpu/experiment/join_retention_runs/join_retention_20260630_075038/queries/q18/log_dir/sirius_2026-06-30.log,9,39,35,GPU_SCAN,SCAN,94,GPU_SCAN,PIPELINEABLE,1,1,0,0,0,0,0.0,1,20980042,4,597931288,0.597931288,0.0,0.0,974716
q18,q18,/home/dy1013/sirius_multi-gpu/experiment/join_retention_runs/join_retention_20260630_075038/queries/q18/log_dir/sirius_2026-06-30.log,10,59,37,PARTITION,PARTITION,82,PIPELINEABLE,PIPELINEABLE,1,1,1,20980042,4,597931288,0.597931288,1,20980042,4,597931288,0.597931288,1.0,1.0,3
q18,q18,/home/dy1013/sirius_multi-gpu/experiment/join_retention_runs/join_retention_20260630_075038/queries/q18/log_dir/sirius_2026-06-30.log,9,43,35,GPU_SCAN,SCAN,94,GPU_SCAN,PIPELINEABLE,1,1,0,0,0,0,0.0,1,20939092,4,596764208,0.596764208,0.0,0.0,986945
q18,q18,/home/dy1013/sirius_multi-gpu/experiment/join_retention_runs/join_retention_20260630_075038/queries/q18/log_dir/sirius_2026-06-30.log,10,60,37,PARTITION,PARTITION,82,PIPELINEABLE,PIPELINEABLE,1,1,1,20939092,4,596764208,0.596764208,1,20939092,4,596764208,0.596764208,1.0,1.0,3
q18,q18,/home/dy1013/sirius_multi-gpu/experiment/join_retention_runs/join_retention_20260630_075038/queries/q18/log_dir/sirius_2026-06-30.log,11,58,36,CONCAT,CONCAT,83,PARTITIONED,PARTITIONED,0,1,1,20949028,4,597047536,0.597047536,1,20949028,4,597047536,0.597047536,1.0,1.0,1
q18,q18,/home/dy1013/sirius_multi-gpu/experiment/join_retention_runs/join_retention_20260630_075038/queries/q18/log_dir/sirius_2026-06-30.log,11,62,36,CONCAT,CONCAT,83,PARTITIONED,PARTITIONED,0,1,1,20939092,4,596764208,0.596764208,1,20939092,4,596764208,0.596764208,1.0,1.0,1
q18,q18,/home/dy1013/sirius_multi-gpu/experiment/join_retention_runs/join_retention_20260630_075038/queries/q18/log_dir/sirius_2026-06-30.log,11,61,36,CONCAT,CONCAT,83,PARTITIONED,PARTITIONED,0,1,1,20980042,4,597931288,0.597931288,1,20980042,4,597931288,0.597931288,1.0,1.0,1
q18,q18,/home/dy1013/sirius_multi-gpu/experiment/join_retention_runs/join_retention_20260630_075038/queries/q18/log_dir/sirius_2026-06-30.log,12,65,19,HASH_JOIN,JOIN,33,PARTITIONED,PIPELINEABLE,0,1,2,20946922,5,596856256,0.596856256,1,916,4,26160,2.616e-05,4.4e-05,4.4e-05,12023
q18,q18,/home/dy1013/sirius_multi-gpu/experiment/join_retention_runs/join_retention_20260630_075038/queries/q18/log_dir/sirius_2026-06-30.log,12,64,19,HASH_JOIN,JOIN,33,PARTITIONED,PIPELINEABLE,0,1,2,20946232,5,596836680,0.59683668,1,897,4,25628,2.5628e-05,4.3e-05,4.3e-05,12207
q18,q18,/home/dy1013/sirius_multi-gpu/experiment/join_retention_runs/join_retention_20260630_075038/queries/q18/log_dir/sirius_2026-06-30.log,12,66,19,HASH_JOIN,JOIN,33,PARTITIONED,PIPELINEABLE,0,1,2,20946602,5,596847040,0.59684704,1,916,4,26160,2.616e-05,4.4e-05,4.4e-05,11969
q18,q18,/home/dy1013/sirius_multi-gpu/experiment/join_retention_runs/join_retention_20260630_075038/queries/q18/log_dir/sirius_2026-06-30.log,12,63,19,HASH_JOIN,JOIN,33,PARTITIONED,PIPELINEABLE,0,1,2,3377458,5,96126624,0.096126624,1,142,4,4232,4.232e-06,4.4e-05,4.2e-05,12360
q18,q18,/home/dy1013/sirius_multi-gpu/experiment/join_retention_runs/join_retention_20260630_075038/queries/q18/log_dir/sirius_2026-06-30.log,12,68,19,HASH_JOIN,JOIN,33,PARTITIONED,PIPELINEABLE,0,1,2,20955426,5,597098720,0.59709872,1,895,4,25572,2.5572e-05,4.3e-05,4.3e-05,6327
q18,q18,/home/dy1013/sirius_multi-gpu/experiment/join_retention_runs/join_retention_20260630_075038/queries/q18/log_dir/sirius_2026-06-30.log,12,67,19,HASH_JOIN,JOIN,33,PARTITIONED,PIPELINEABLE,0,1,2,20946614,5,596847376,0.596847376,1,867,4,24788,2.4788e-05,4.2e-05,4.1e-05,6433
q18,q18,/home/dy1013/sirius_multi-gpu/experiment/join_retention_runs/join_retention_20260630_075038/queries/q18/log_dir/sirius_2026-06-30.log,12,69,19,HASH_JOIN,JOIN,33,PARTITIONED,PIPELINEABLE,0,1,2,20945490,5,596815392,0.596815392,1,876,4,25040,2.504e-05,4.2e-05,4.2e-05,7552
q18,q18,/home/dy1013/sirius_multi-gpu/experiment/join_retention_runs/join_retention_20260630_075038/queries/q18/log_dir/sirius_2026-06-30.log,12,70,19,HASH_JOIN,JOIN,33,PARTITIONED,PIPELINEABLE,0,1,2,20986440,5,597982472,0.597982472,1,889,4,25404,2.5404e-05,4.2e-05,4.2e-05,7526
q18,q18,/home/dy1013/sirius_multi-gpu/experiment/join_retention_runs/join_retention_20260630_075038/queries/q18/log_dir/sirius_2026-06-30.log,6,71,32,GPU_SCAN,SCAN,94,GPU_SCAN,PIPELINEABLE,0,1,0,0,0,0,0.0,1,15000000,2,453750020,0.45375002,0.0,0.0,96235
q18,q18,/home/dy1013/sirius_multi-gpu/experiment/join_retention_runs/join_retention_20260630_075038/queries/q18/log_dir/sirius_2026-06-30.log,7,72,34,PARTITION,PARTITION,82,PIPELINEABLE,PIPELINEABLE,0,1,1,15000000,2,453750020,0.45375002,4,15000000,8,451875088,0.451875088,0.995868,1.0,15441
q18,q18,/home/dy1013/sirius_multi-gpu/experiment/join_retention_runs/join_retention_20260630_075038/queries/q18/log_dir/sirius_2026-06-30.log,8,73,33,CONCAT,CONCAT,83,PARTITIONED,PARTITIONED,0,1,1,3750768,2,112991908,0.112991908,1,3750768,2,112991908,0.112991908,1.0,1.0,2
q18,q18,/home/dy1013/sirius_multi-gpu/experiment/join_retention_runs/join_retention_20260630_075038/queries/q18/log_dir/sirius_2026-06-30.log,8,76,33,CONCAT,CONCAT,83,PARTITIONED,PARTITIONED,3,1,1,3752359,2,113039830,0.11303983,1,3752359,2,113039830,0.11303983,1.0,1.0,1
q18,q18,/home/dy1013/sirius_multi-gpu/experiment/join_retention_runs/join_retention_20260630_075038/queries/q18/log_dir/sirius_2026-06-30.log,8,74,33,CONCAT,CONCAT,83,PARTITIONED,PARTITIONED,1,1,1,3747278,2,112886760,0.11288676,1,3747278,2,112886760,0.11288676,1.0,1.0,1
q18,q18,/home/dy1013/sirius_multi-gpu/experiment/join_retention_runs/join_retention_20260630_075038/queries/q18/log_dir/sirius_2026-06-30.log,8,75,33,CONCAT,CONCAT,83,PARTITIONED,PARTITIONED,2,1,1,3749595,2,112956590,0.11295659,1,3749595,2,112956590,0.11295659,1.0,1.0,1
q18,q18,/home/dy1013/sirius_multi-gpu/experiment/join_retention_runs/join_retention_20260630_075038/queries/q18/log_dir/sirius_2026-06-30.log,13,77,39,PARTITION,PARTITION,82,PIPELINEABLE,PIPELINEABLE,0,1,1,916,4,26160,2.616e-05,4,916,16,25648,2.5648e-05,0.980428,1.0,1665
q18,q18,/home/dy1013/sirius_multi-gpu/experiment/join_retention_runs/join_retention_20260630_075038/queries/q18/log_dir/sirius_2026-06-30.log,13,78,39,PARTITION,PARTITION,82,PIPELINEABLE,PIPELINEABLE,0,1,1,897,4,25628,2.5628e-05,4,897,16,25116,2.5116e-05,0.980022,1.0,1684
q18,q18,/home/dy1013/sirius_multi-gpu/experiment/join_retention_runs/join_retention_20260630_075038/queries/q18/log_dir/sirius_2026-06-30.log,13,79,39,PARTITION,PARTITION,82,PIPELINEABLE,PIPELINEABLE,0,1,1,916,4,26160,2.616e-05,4,916,16,25648,2.5648e-05,0.980428,1.0,3186
q18,q18,/home/dy1013/sirius_multi-gpu/experiment/join_retention_runs/join_retention_20260630_075038/queries/q18/log_dir/sirius_2026-06-30.log,13,80,39,PARTITION,PARTITION,82,PIPELINEABLE,PIPELINEABLE,0,1,1,142,4,4232,4.232e-06,4,142,16,3976,3.976e-06,0.939509,1.0,3189
q18,q18,/home/dy1013/sirius_multi-gpu/experiment/join_retention_runs/join_retention_20260630_075038/queries/q18/log_dir/sirius_2026-06-30.log,13,81,39,PARTITION,PARTITION,82,PIPELINEABLE,PIPELINEABLE,0,1,1,895,4,25572,2.5572e-05,4,895,16,25060,2.506e-05,0.979978,1.0,1644
q18,q18,/home/dy1013/sirius_multi-gpu/experiment/join_retention_runs/join_retention_20260630_075038/queries/q18/log_dir/sirius_2026-06-30.log,13,82,39,PARTITION,PARTITION,82,PIPELINEABLE,PIPELINEABLE,0,1,1,867,4,24788,2.4788e-05,4,867,16,24276,2.4276e-05,0.979345,1.0,1382
q18,q18,/home/dy1013/sirius_multi-gpu/experiment/join_retention_runs/join_retention_20260630_075038/queries/q18/log_dir/sirius_2026-06-30.log,13,83,39,PARTITION,PARTITION,82,PIPELINEABLE,PIPELINEABLE,0,1,1,876,4,25040,2.504e-05,4,876,16,24528,2.4528e-05,0.979553,1.0,893
q18,q18,/home/dy1013/sirius_multi-gpu/experiment/join_retention_runs/join_retention_20260630_075038/queries/q18/log_dir/sirius_2026-06-30.log,13,84,39,PARTITION,PARTITION,82,PIPELINEABLE,PIPELINEABLE,0,1,1,889,4,25404,2.5404e-05,4,889,16,24892,2.4892e-05,0.979846,1.0,874
q18,q18,/home/dy1013/sirius_multi-gpu/experiment/join_retention_runs/join_retention_20260630_075038/queries/q18/log_dir/sirius_2026-06-30.log,14,85,38,CONCAT,CONCAT,83,PARTITIONED,PARTITIONED,0,1,8,1569,32,43932,4.3932e-05,1,1569,4,43932,4.3932e-05,1.0,1.0,1196
q18,q18,/home/dy1013/sirius_multi-gpu/experiment/join_retention_runs/join_retention_20260630_075038/queries/q18/log_dir/sirius_2026-06-30.log,14,88,38,CONCAT,CONCAT,83,PARTITIONED,PARTITIONED,3,1,8,1616,32,45248,4.5248e-05,1,1616,4,45248,4.5248e-05,1.0,1.0,1641
q18,q18,/home/dy1013/sirius_multi-gpu/experiment/join_retention_runs/join_retention_20260630_075038/queries/q18/log_dir/sirius_2026-06-30.log,14,86,38,CONCAT,CONCAT,83,PARTITIONED,PARTITIONED,1,1,8,1596,32,44688,4.4688e-05,1,1596,4,44688,4.4688e-05,1.0,1.0,1643
q18,q18,/home/dy1013/sirius_multi-gpu/experiment/join_retention_runs/join_retention_20260630_075038/queries/q18/log_dir/sirius_2026-06-30.log,14,87,38,CONCAT,CONCAT,83,PARTITIONED,PARTITIONED,2,1,8,1617,32,45276,4.5276e-05,1,1617,4,45276,4.5276e-05,1.0,1.0,1785
q18,q18,/home/dy1013/sirius_multi-gpu/experiment/join_retention_runs/join_retention_20260630_075038/queries/q18/log_dir/sirius_2026-06-30.log,15,91,21,HASH_JOIN,JOIN,33,PARTITIONED,PIPELINEABLE,2,1,2,3751212,6,113001866,0.113001866,1,1617,5,81110,8.111e-05,0.000718,0.000431,6579
q18,q18,/home/dy1013/sirius_multi-gpu/experiment/join_retention_runs/join_retention_20260630_075038/queries/q18/log_dir/sirius_2026-06-30.log,15,89,21,HASH_JOIN,JOIN,33,PARTITIONED,PIPELINEABLE,0,1,2,3752337,6,113035840,0.11303584,1,1569,5,78710,7.871e-05,0.000696,0.000418,6716
q18,q18,/home/dy1013/sirius_multi-gpu/experiment/join_retention_runs/join_retention_20260630_075038/queries/q18/log_dir/sirius_2026-06-30.log,15,92,21,HASH_JOIN,JOIN,33,PARTITIONED,PIPELINEABLE,3,1,2,3753975,6,113085078,0.113085078,1,1616,5,81060,8.106e-05,0.000717,0.00043,6784
q18,q18,/home/dy1013/sirius_multi-gpu/experiment/join_retention_runs/join_retention_20260630_075038/queries/q18/log_dir/sirius_2026-06-30.log,15,90,21,HASH_JOIN,JOIN,33,PARTITIONED,PIPELINEABLE,1,1,2,3748874,6,112931448,0.112931448,1,1596,5,80060,8.006e-05,0.000709,0.000426,6636
q18,q18,/home/dy1013/sirius_multi-gpu/experiment/join_retention_runs/join_retention_20260630_075038/queries/q18/log_dir/sirius_2026-06-30.log,16,96,41,PARTITION,PARTITION,82,PIPELINEABLE,PIPELINEABLE,1,1,1,1596,5,80060,8.006e-05,1,1596,5,80060,8.006e-05,1.0,1.0,1
q18,q18,/home/dy1013/sirius_multi-gpu/experiment/join_retention_runs/join_retention_20260630_075038/queries/q18/log_dir/sirius_2026-06-30.log,16,94,41,PARTITION,PARTITION,82,PIPELINEABLE,PIPELINEABLE,0,1,1,1569,5,78710,7.871e-05,1,1569,5,78710,7.871e-05,1.0,1.0,2
q18,q18,/home/dy1013/sirius_multi-gpu/experiment/join_retention_runs/join_retention_20260630_075038/queries/q18/log_dir/sirius_2026-06-30.log,16,93,41,PARTITION,PARTITION,82,PIPELINEABLE,PIPELINEABLE,2,1,1,1617,5,81110,8.111e-05,1,1617,5,81110,8.111e-05,1.0,1.0,6
q18,q18,/home/dy1013/sirius_multi-gpu/experiment/join_retention_runs/join_retention_20260630_075038/queries/q18/log_dir/sirius_2026-06-30.log,16,95,41,PARTITION,PARTITION,82,PIPELINEABLE,PIPELINEABLE,3,1,1,1616,5,81060,8.106e-05,1,1616,5,81060,8.106e-05,1.0,1.0,8
q18,q18,/home/dy1013/sirius_multi-gpu/experiment/join_retention_runs/join_retention_20260630_075038/queries/q18/log_dir/sirius_2026-06-30.log,17,97,40,CONCAT,CONCAT,83,PARTITIONED,PARTITIONED,0,1,4,6398,20,320940,0.00032094,1,6398,5,319904,0.000319904,0.996772,1.0,1018
q18,q18,/home/dy1013/sirius_multi-gpu/experiment/join_retention_runs/join_retention_20260630_075038/queries/q18/log_dir/sirius_2026-06-30.log,18,103,42,GPU_SCAN,SCAN,94,GPU_SCAN,PIPELINEABLE,2,1,0,0,0,0,0.0,1,61283370,2,995854880,0.99585488,0.0,0.0,105906
q18,q18,/home/dy1013/sirius_multi-gpu/experiment/join_retention_runs/join_retention_20260630_075038/queries/q18/log_dir/sirius_2026-06-30.log,19,108,44,PARTITION,PARTITION,82,PIPELINEABLE,PIPELINEABLE,2,1,1,61283370,2,995854880,0.99585488,1,61283370,2,995854880,0.99585488,1.0,1.0,8
q18,q18,/home/dy1013/sirius_multi-gpu/experiment/join_retention_runs/join_retention_20260630_075038/queries/q18/log_dir/sirius_2026-06-30.log,18,101,42,GPU_SCAN,SCAN,94,GPU_SCAN,PIPELINEABLE,0,1,0,0,0,0,0.0,1,61282169,2,995835280,0.99583528,0.0,0.0,194466
q18,q18,/home/dy1013/sirius_multi-gpu/experiment/join_retention_runs/join_retention_20260630_075038/queries/q18/log_dir/sirius_2026-06-30.log,19,109,44,PARTITION,PARTITION,82,PIPELINEABLE,PIPELINEABLE,0,1,1,61282169,2,995835280,0.99583528,1,61282169,2,995835280,0.99583528,1.0,1.0,3
q18,q18,/home/dy1013/sirius_multi-gpu/experiment/join_retention_runs/join_retention_20260630_075038/queries/q18/log_dir/sirius_2026-06-30.log,20,111,43,CONCAT,CONCAT,83,PARTITIONED,PARTITIONED,0,1,1,61282169,2,995835280,0.99583528,1,61282169,2,995835280,0.99583528,1.0,1.0,11
q18,q18,/home/dy1013/sirius_multi-gpu/experiment/join_retention_runs/join_retention_20260630_075038/queries/q18/log_dir/sirius_2026-06-30.log,20,110,43,CONCAT,CONCAT,83,PARTITIONED,PARTITIONED,0,1,1,61283370,2,995854880,0.99585488,1,61283370,2,995854880,0.99585488,1.0,1.0,2
q18,q18,/home/dy1013/sirius_multi-gpu/experiment/join_retention_runs/join_retention_20260630_075038/queries/q18/log_dir/sirius_2026-06-30.log,21,112,22,HASH_JOIN,JOIN,33,PARTITIONED,PIPELINEABLE,2,3,2,61288567,7,996155184,0.996155184,1,4746,6,275912,0.000275912,0.000277,7.7e-05,15220
q18,q18,/home/dy1013/sirius_multi-gpu/experiment/join_retention_runs/join_retention_20260630_075038/queries/q18/log_dir/sirius_2026-06-30.log,21,112,23,PROJECTION,PROJECTION,13,PIPELINEABLE,PIPELINEABLE,2,3,1,4746,6,275912,0.000275912,1,4746,6,275912,0.000275912,1.0,1.0,103
q18,q18,/home/dy1013/sirius_multi-gpu/experiment/join_retention_runs/join_retention_20260630_075038/queries/q18/log_dir/sirius_2026-06-30.log,18,100,42,GPU_SCAN,SCAN,94,GPU_SCAN,PIPELINEABLE,3,1,0,0,0,0,0.0,1,61281563,2,995825456,0.995825456,0.0,0.0,441710
q18,q18,/home/dy1013/sirius_multi-gpu/experiment/join_retention_runs/join_retention_20260630_075038/queries/q18/log_dir/sirius_2026-06-30.log,19,113,44,PARTITION,PARTITION,82,PIPELINEABLE,PIPELINEABLE,3,1,1,61281563,2,995825456,0.995825456,1,61281563,2,995825456,0.995825456,1.0,1.0,6
q18,q18,/home/dy1013/sirius_multi-gpu/experiment/join_retention_runs/join_retention_20260630_075038/queries/q18/log_dir/sirius_2026-06-30.log,21,112,24,HASH_GROUP_BY,AGGREGATE,9,PIPELINEABLE,PIPELINEABLE,2,3,1,4746,6,275912,0.000275912,1,678,6,44752,4.4752e-05,0.162197,0.142857,21569
q18,q18,/home/dy1013/sirius_multi-gpu/experiment/join_retention_runs/join_retention_20260630_075038/queries/q18/log_dir/sirius_2026-06-30.log,18,102,42,GPU_SCAN,SCAN,94,GPU_SCAN,PIPELINEABLE,1,1,0,0,0,0,0.0,1,61282029,2,995833040,0.99583304,0.0,0.0,450959
q18,q18,/home/dy1013/sirius_multi-gpu/experiment/join_retention_runs/join_retention_20260630_075038/queries/q18/log_dir/sirius_2026-06-30.log,19,115,44,PARTITION,PARTITION,82,PIPELINEABLE,PIPELINEABLE,1,1,1,61282029,2,995833040,0.99583304,1,61282029,2,995833040,0.99583304,1.0,1.0,2
q18,q18,/home/dy1013/sirius_multi-gpu/experiment/join_retention_runs/join_retention_20260630_075038/queries/q18/log_dir/sirius_2026-06-30.log,18,99,42,GPU_SCAN,SCAN,94,GPU_SCAN,PIPELINEABLE,2,1,0,0,0,0,0.0,1,61182098,2,994209184,0.994209184,0.0,0.0,585336
q18,q18,/home/dy1013/sirius_multi-gpu/experiment/join_retention_runs/join_retention_20260630_075038/queries/q18/log_dir/sirius_2026-06-30.log,19,118,44,PARTITION,PARTITION,82,PIPELINEABLE,PIPELINEABLE,2,1,1,61182098,2,994209184,0.994209184,1,61182098,2,994209184,0.994209184,1.0,1.0,2
q18,q18,/home/dy1013/sirius_multi-gpu/experiment/join_retention_runs/join_retention_20260630_075038/queries/q18/log_dir/sirius_2026-06-30.log,18,106,42,GPU_SCAN,SCAN,94,GPU_SCAN,PIPELINEABLE,1,1,0,0,0,0,0.0,1,61281809,2,995829520,0.99582952,0.0,0.0,628163
q18,q18,/home/dy1013/sirius_multi-gpu/experiment/join_retention_runs/join_retention_20260630_075038/queries/q18/log_dir/sirius_2026-06-30.log,19,119,44,PARTITION,PARTITION,82,PIPELINEABLE,PIPELINEABLE,1,1,1,61281809,2,995829520,0.99582952,1,61281809,2,995829520,0.99582952,1.0,1.0,7
q18,q18,/home/dy1013/sirius_multi-gpu/experiment/join_retention_runs/join_retention_20260630_075038/queries/q18/log_dir/sirius_2026-06-30.log,21,114,22,HASH_JOIN,JOIN,33,PARTITIONED,PIPELINEABLE,2,3,1,61283370,2,995854880,0.99585488,1,4865,6,282814,0.000282814,0.000284,7.9e-05,14096
q18,q18,/home/dy1013/sirius_multi-gpu/experiment/join_retention_runs/join_retention_20260630_075038/queries/q18/log_dir/sirius_2026-06-30.log,21,114,23,PROJECTION,PROJECTION,13,PIPELINEABLE,PIPELINEABLE,2,3,1,4865,6,282814,0.000282814,1,4865,6,282814,0.000282814,1.0,1.0,116
q18,q18,/home/dy1013/sirius_multi-gpu/experiment/join_retention_runs/join_retention_20260630_075038/queries/q18/log_dir/sirius_2026-06-30.log,21,114,24,HASH_GROUP_BY,AGGREGATE,9,PIPELINEABLE,PIPELINEABLE,2,3,1,4865,6,282814,0.000282814,1,695,6,45874,4.5874e-05,0.162206,0.142857,680
q18,q18,/home/dy1013/sirius_multi-gpu/experiment/join_retention_runs/join_retention_20260630_075038/queries/q18/log_dir/sirius_2026-06-30.log,20,116,43,CONCAT,CONCAT,83,PARTITIONED,PARTITIONED,0,1,1,61281563,2,995825456,0.995825456,1,61281563,2,995825456,0.995825456,1.0,1.0,2
q18,q18,/home/dy1013/sirius_multi-gpu/experiment/join_retention_runs/join_retention_20260630_075038/queries/q18/log_dir/sirius_2026-06-30.log,20,117,43,CONCAT,CONCAT,83,PARTITIONED,PARTITIONED,0,1,1,61282029,2,995833040,0.99583304,1,61282029,2,995833040,0.99583304,1.0,1.0,3
q18,q18,/home/dy1013/sirius_multi-gpu/experiment/join_retention_runs/join_retention_20260630_075038/queries/q18/log_dir/sirius_2026-06-30.log,18,104,42,GPU_SCAN,SCAN,94,GPU_SCAN,PIPELINEABLE,3,1,0,0,0,0,0.0,1,61280957,2,995815632,0.995815632,0.0,0.0,782278
q18,q18,/home/dy1013/sirius_multi-gpu/experiment/join_retention_runs/join_retention_20260630_075038/queries/q18/log_dir/sirius_2026-06-30.log,19,124,44,PARTITION,PARTITION,82,PIPELINEABLE,PIPELINEABLE,3,1,1,61280957,2,995815632,0.995815632,1,61280957,2,995815632,0.995815632,1.0,1.0,10
q18,q18,/home/dy1013/sirius_multi-gpu/experiment/join_retention_runs/join_retention_20260630_075038/queries/q18/log_dir/sirius_2026-06-30.log,20,120,43,CONCAT,CONCAT,83,PARTITIONED,PARTITIONED,0,1,1,61182098,2,994209184,0.994209184,1,61182098,2,994209184,0.994209184,1.0,1.0,2
q18,q18,/home/dy1013/sirius_multi-gpu/experiment/join_retention_runs/join_retention_20260630_075038/queries/q18/log_dir/sirius_2026-06-30.log,18,98,42,GPU_SCAN,SCAN,94,GPU_SCAN,PIPELINEABLE,1,1,0,0,0,0,0.0,1,61285395,2,995887792,0.995887792,0.0,0.0,799050
q18,q18,/home/dy1013/sirius_multi-gpu/experiment/join_retention_runs/join_retention_20260630_075038/queries/q18/log_dir/sirius_2026-06-30.log,19,126,44,PARTITION,PARTITION,82,PIPELINEABLE,PIPELINEABLE,1,1,1,61285395,2,995887792,0.995887792,1,61285395,2,995887792,0.995887792,1.0,1.0,2
q18,q18,/home/dy1013/sirius_multi-gpu/experiment/join_retention_runs/join_retention_20260630_075038/queries/q18/log_dir/sirius_2026-06-30.log,21,122,22,HASH_JOIN,JOIN,33,PARTITIONED,PIPELINEABLE,2,3,1,61281563,2,995825456,0.995825456,1,4557,6,264886,0.000264886,0.000266,7.4e-05,103211
q18,q18,/home/dy1013/sirius_multi-gpu/experiment/join_retention_runs/join_retention_20260630_075038/queries/q18/log_dir/sirius_2026-06-30.log,21,122,23,PROJECTION,PROJECTION,13,PIPELINEABLE,PIPELINEABLE,2,3,1,4557,6,264886,0.000264886,1,4557,6,264886,0.000264886,1.0,1.0,324
q18,q18,/home/dy1013/sirius_multi-gpu/experiment/join_retention_runs/join_retention_20260630_075038/queries/q18/log_dir/sirius_2026-06-30.log,21,122,24,HASH_GROUP_BY,AGGREGATE,9,PIPELINEABLE,PIPELINEABLE,2,3,1,4557,6,264886,0.000264886,1,651,6,42970,4.297e-05,0.162221,0.142857,1418
q18,q18,/home/dy1013/sirius_multi-gpu/experiment/join_retention_runs/join_retention_20260630_075038/queries/q18/log_dir/sirius_2026-06-30.log,20,127,43,CONCAT,CONCAT,83,PARTITIONED,PARTITIONED,0,1,1,61280957,2,995815632,0.995815632,1,61280957,2,995815632,0.995815632,1.0,1.0,3
q18,q18,/home/dy1013/sirius_multi-gpu/experiment/join_retention_runs/join_retention_20260630_075038/queries/q18/log_dir/sirius_2026-06-30.log,20,128,43,CONCAT,CONCAT,83,PARTITIONED,PARTITIONED,0,1,1,61285395,2,995887792,0.995887792,1,61285395,2,995887792,0.995887792,1.0,1.0,3
q18,q18,/home/dy1013/sirius_multi-gpu/experiment/join_retention_runs/join_retention_20260630_075038/queries/q18/log_dir/sirius_2026-06-30.log,20,121,43,CONCAT,CONCAT,83,PARTITIONED,PARTITIONED,0,1,1,61281809,2,995829520,0.99582952,1,61281809,2,995829520,0.99582952,1.0,1.0,6
q18,q18,/home/dy1013/sirius_multi-gpu/experiment/join_retention_runs/join_retention_20260630_075038/queries/q18/log_dir/sirius_2026-06-30.log,18,105,42,GPU_SCAN,SCAN,94,GPU_SCAN,PIPELINEABLE,0,1,0,0,0,0,0.0,1,61282899,2,995847216,0.995847216,0.0,0.0,1090008
q18,q18,/home/dy1013/sirius_multi-gpu/experiment/join_retention_runs/join_retention_20260630_075038/queries/q18/log_dir/sirius_2026-06-30.log,19,132,44,PARTITION,PARTITION,82,PIPELINEABLE,PIPELINEABLE,0,1,1,61282899,2,995847216,0.995847216,1,61282899,2,995847216,0.995847216,1.0,1.0,6
q18,q18,/home/dy1013/sirius_multi-gpu/experiment/join_retention_runs/join_retention_20260630_075038/queries/q18/log_dir/sirius_2026-06-30.log,21,123,22,HASH_JOIN,JOIN,33,PARTITIONED,PIPELINEABLE,2,3,1,61282029,2,995833040,0.99583304,1,4333,6,251894,0.000251894,0.000253,7.1e-05,86078
q18,q18,/home/dy1013/sirius_multi-gpu/experiment/join_retention_runs/join_retention_20260630_075038/queries/q18/log_dir/sirius_2026-06-30.log,21,123,23,PROJECTION,PROJECTION,13,PIPELINEABLE,PIPELINEABLE,2,3,1,4333,6,251894,0.000251894,1,4333,6,251894,0.000251894,1.0,1.0,11378
q18,q18,/home/dy1013/sirius_multi-gpu/experiment/join_retention_runs/join_retention_20260630_075038/queries/q18/log_dir/sirius_2026-06-30.log,18,107,42,GPU_SCAN,SCAN,94,GPU_SCAN,PIPELINEABLE,2,1,0,0,0,0,0.0,1,48595613,2,789678800,0.7896788,0.0,0.0,1145092
q18,q18,/home/dy1013/sirius_multi-gpu/experiment/join_retention_runs/join_retention_20260630_075038/queries/q18/log_dir/sirius_2026-06-30.log,21,123,24,HASH_GROUP_BY,AGGREGATE,9,PIPELINEABLE,PIPELINEABLE,2,3,1,4333,6,251894,0.000251894,1,619,6,40858,4.0858e-05,0.162203,0.142857,47469
q18,q18,/home/dy1013/sirius_multi-gpu/experiment/join_retention_runs/join_retention_20260630_075038/queries/q18/log_dir/sirius_2026-06-30.log,21,125,22,HASH_JOIN,JOIN,33,PARTITIONED,PIPELINEABLE,2,3,1,61182098,2,994209184,0.994209184,1,4662,6,271040,0.00027104,0.000273,7.6e-05,90537
q18,q18,/home/dy1013/sirius_multi-gpu/experiment/join_retention_runs/join_retention_20260630_075038/queries/q18/log_dir/sirius_2026-06-30.log,21,125,23,PROJECTION,PROJECTION,13,PIPELINEABLE,PIPELINEABLE,2,3,1,4662,6,271040,0.00027104,1,4662,6,271040,0.00027104,1.0,1.0,3036
q18,q18,/home/dy1013/sirius_multi-gpu/experiment/join_retention_runs/join_retention_20260630_075038/queries/q18/log_dir/sirius_2026-06-30.log,21,129,22,HASH_JOIN,JOIN,33,PARTITIONED,PIPELINEABLE,2,3,1,61280957,2,995815632,0.995815632,1,4200,6,244180,0.00024418,0.000245,6.9e-05,50847
q18,q18,/home/dy1013/sirius_multi-gpu/experiment/join_retention_runs/join_retention_20260630_075038/queries/q18/log_dir/sirius_2026-06-30.log,21,129,23,PROJECTION,PROJECTION,13,PIPELINEABLE,PIPELINEABLE,2,3,1,4200,6,244180,0.00024418,1,4200,6,244180,0.00024418,1.0,1.0,4012
q18,q18,/home/dy1013/sirius_multi-gpu/experiment/join_retention_runs/join_retention_20260630_075038/queries/q18/log_dir/sirius_2026-06-30.log,21,125,24,HASH_GROUP_BY,AGGREGATE,9,PIPELINEABLE,PIPELINEABLE,2,3,1,4662,6,271040,0.00027104,1,666,6,43960,4.396e-05,0.16219,0.142857,26423
q18,q18,/home/dy1013/sirius_multi-gpu/experiment/join_retention_runs/join_retention_20260630_075038/queries/q18/log_dir/sirius_2026-06-30.log,19,133,44,PARTITION,PARTITION,82,PIPELINEABLE,PIPELINEABLE,2,1,1,48595613,2,789678800,0.7896788,1,48595613,2,789678800,0.7896788,1.0,1.0,2
q18,q18,/home/dy1013/sirius_multi-gpu/experiment/join_retention_runs/join_retention_20260630_075038/queries/q18/log_dir/sirius_2026-06-30.log,20,134,43,CONCAT,CONCAT,83,PARTITIONED,PARTITIONED,0,1,1,61282899,2,995847216,0.995847216,1,61282899,2,995847216,0.995847216,1.0,1.0,2
q18,q18,/home/dy1013/sirius_multi-gpu/experiment/join_retention_runs/join_retention_20260630_075038/queries/q18/log_dir/sirius_2026-06-30.log,21,130,22,HASH_JOIN,JOIN,33,PARTITIONED,PIPELINEABLE,2,3,1,61285395,2,995887792,0.995887792,1,4445,6,258390,0.00025839,0.000259,7.3e-05,35849
q18,q18,/home/dy1013/sirius_multi-gpu/experiment/join_retention_runs/join_retention_20260630_075038/queries/q18/log_dir/sirius_2026-06-30.log,21,129,24,HASH_GROUP_BY,AGGREGATE,9,PIPELINEABLE,PIPELINEABLE,2,3,1,4200,6,244180,0.00024418,1,600,6,39604,3.9604e-05,0.162192,0.142857,63055
q18,q18,/home/dy1013/sirius_multi-gpu/experiment/join_retention_runs/join_retention_20260630_075038/queries/q18/log_dir/sirius_2026-06-30.log,21,130,23,PROJECTION,PROJECTION,13,PIPELINEABLE,PIPELINEABLE,2,3,1,4445,6,258390,0.00025839,1,4445,6,258390,0.00025839,1.0,1.0,40309
q18,q18,/home/dy1013/sirius_multi-gpu/experiment/join_retention_runs/join_retention_20260630_075038/queries/q18/log_dir/sirius_2026-06-30.log,21,131,22,HASH_JOIN,JOIN,33,PARTITIONED,PIPELINEABLE,2,3,1,61281809,2,995829520,0.99582952,1,4760,6,276724,0.000276724,0.000278,7.8e-05,46525
q18,q18,/home/dy1013/sirius_multi-gpu/experiment/join_retention_runs/join_retention_20260630_075038/queries/q18/log_dir/sirius_2026-06-30.log,21,131,23,PROJECTION,PROJECTION,13,PIPELINEABLE,PIPELINEABLE,2,3,1,4760,6,276724,0.000276724,1,4760,6,276724,0.000276724,1.0,1.0,1977
q18,q18,/home/dy1013/sirius_multi-gpu/experiment/join_retention_runs/join_retention_20260630_075038/queries/q18/log_dir/sirius_2026-06-30.log,21,130,24,HASH_GROUP_BY,AGGREGATE,9,PIPELINEABLE,PIPELINEABLE,2,3,1,4445,6,258390,0.00025839,1,635,6,41914,4.1914e-05,0.162212,0.142857,21710
q18,q18,/home/dy1013/sirius_multi-gpu/experiment/join_retention_runs/join_retention_20260630_075038/queries/q18/log_dir/sirius_2026-06-30.log,21,131,24,HASH_GROUP_BY,AGGREGATE,9,PIPELINEABLE,PIPELINEABLE,2,3,1,4760,6,276724,0.000276724,1,680,6,44884,4.4884e-05,0.162198,0.142857,19693
q18,q18,/home/dy1013/sirius_multi-gpu/experiment/join_retention_runs/join_retention_20260630_075038/queries/q18/log_dir/sirius_2026-06-30.log,20,135,43,CONCAT,CONCAT,83,PARTITIONED,PARTITIONED,0,1,1,48595613,2,789678800,0.7896788,1,48595613,2,789678800,0.7896788,1.0,1.0,1
q18,q18,/home/dy1013/sirius_multi-gpu/experiment/join_retention_runs/join_retention_20260630_075038/queries/q18/log_dir/sirius_2026-06-30.log,21,136,22,HASH_JOIN,JOIN,33,PARTITIONED,PIPELINEABLE,2,3,1,61282899,2,995847216,0.995847216,1,4571,6,265698,0.000265698,0.000267,7.5e-05,33966
q18,q18,/home/dy1013/sirius_multi-gpu/experiment/join_retention_runs/join_retention_20260630_075038/queries/q18/log_dir/sirius_2026-06-30.log,21,136,23,PROJECTION,PROJECTION,13,PIPELINEABLE,PIPELINEABLE,2,3,1,4571,6,265698,0.000265698,1,4571,6,265698,0.000265698,1.0,1.0,109
q18,q18,/home/dy1013/sirius_multi-gpu/experiment/join_retention_runs/join_retention_20260630_075038/queries/q18/log_dir/sirius_2026-06-30.log,21,136,24,HASH_GROUP_BY,AGGREGATE,9,PIPELINEABLE,PIPELINEABLE,2,3,1,4571,6,265698,0.000265698,1,653,6,43102,4.3102e-05,0.162222,0.142857,5902
q18,q18,/home/dy1013/sirius_multi-gpu/experiment/join_retention_runs/join_retention_20260630_075038/queries/q18/log_dir/sirius_2026-06-30.log,21,137,22,HASH_JOIN,JOIN,33,PARTITIONED,PIPELINEABLE,2,3,1,48595613,2,789678800,0.7896788,1,3647,6,212042,0.000212042,0.000269,7.5e-05,10785
q18,q18,/home/dy1013/sirius_multi-gpu/experiment/join_retention_runs/join_retention_20260630_075038/queries/q18/log_dir/sirius_2026-06-30.log,21,137,23,PROJECTION,PROJECTION,13,PIPELINEABLE,PIPELINEABLE,2,3,1,3647,6,212042,0.000212042,1,3647,6,212042,0.000212042,1.0,1.0,101
q18,q18,/home/dy1013/sirius_multi-gpu/experiment/join_retention_runs/join_retention_20260630_075038/queries/q18/log_dir/sirius_2026-06-30.log,21,137,24,HASH_GROUP_BY,AGGREGATE,9,PIPELINEABLE,PIPELINEABLE,2,3,1,3647,6,212042,0.000212042,1,521,6,34390,3.439e-05,0.162185,0.142857,583
q18,q18,/home/dy1013/sirius_multi-gpu/experiment/join_retention_runs/join_retention_20260630_075038/queries/q18/log_dir/sirius_2026-06-30.log,22,140,45,PARTITION,PARTITION,82,PIPELINEABLE,PIPELINEABLE,2,1,1,651,6,42970,4.297e-05,1,651,6,42970,4.297e-05,1.0,1.0,2
q18,q18,/home/dy1013/sirius_multi-gpu/experiment/join_retention_runs/join_retention_20260630_075038/queries/q18/log_dir/sirius_2026-06-30.log,22,138,45,PARTITION,PARTITION,82,PIPELINEABLE,PIPELINEABLE,2,1,1,678,6,44752,4.4752e-05,1,678,6,44752,4.4752e-05,1.0,1.0,9
q18,q18,/home/dy1013/sirius_multi-gpu/experiment/join_retention_runs/join_retention_20260630_075038/queries/q18/log_dir/sirius_2026-06-30.log,22,142,45,PARTITION,PARTITION,82,PIPELINEABLE,PIPELINEABLE,2,1,1,666,6,43960,4.396e-05,1,666,6,43960,4.396e-05,1.0,1.0,2
q18,q18,/home/dy1013/sirius_multi-gpu/experiment/join_retention_runs/join_retention_20260630_075038/queries/q18/log_dir/sirius_2026-06-30.log,22,143,45,PARTITION,PARTITION,82,PIPELINEABLE,PIPELINEABLE,2,1,1,600,6,39604,3.9604e-05,1,600,6,39604,3.9604e-05,1.0,1.0,1
q18,q18,/home/dy1013/sirius_multi-gpu/experiment/join_retention_runs/join_retention_20260630_075038/queries/q18/log_dir/sirius_2026-06-30.log,22,139,45,PARTITION,PARTITION,82,PIPELINEABLE,PIPELINEABLE,2,1,1,695,6,45874,4.5874e-05,1,695,6,45874,4.5874e-05,1.0,1.0,77
q18,q18,/home/dy1013/sirius_multi-gpu/experiment/join_retention_runs/join_retention_20260630_075038/queries/q18/log_dir/sirius_2026-06-30.log,22,145,45,PARTITION,PARTITION,82,PIPELINEABLE,PIPELINEABLE,2,1,1,680,6,44884,4.4884e-05,1,680,6,44884,4.4884e-05,1.0,1.0,1
q18,q18,/home/dy1013/sirius_multi-gpu/experiment/join_retention_runs/join_retention_20260630_075038/queries/q18/log_dir/sirius_2026-06-30.log,22,141,45,PARTITION,PARTITION,82,PIPELINEABLE,PIPELINEABLE,2,1,1,619,6,40858,4.0858e-05,1,619,6,40858,4.0858e-05,1.0,1.0,10
q18,q18,/home/dy1013/sirius_multi-gpu/experiment/join_retention_runs/join_retention_20260630_075038/queries/q18/log_dir/sirius_2026-06-30.log,22,146,45,PARTITION,PARTITION,82,PIPELINEABLE,PIPELINEABLE,2,1,1,653,6,43102,4.3102e-05,1,653,6,43102,4.3102e-05,1.0,1.0,1
q18,q18,/home/dy1013/sirius_multi-gpu/experiment/join_retention_runs/join_retention_20260630_075038/queries/q18/log_dir/sirius_2026-06-30.log,22,147,45,PARTITION,PARTITION,82,PIPELINEABLE,PIPELINEABLE,2,1,1,521,6,34390,3.439e-05,1,521,6,34390,3.439e-05,1.0,1.0,1
q18,q18,/home/dy1013/sirius_multi-gpu/experiment/join_retention_runs/join_retention_20260630_075038/queries/q18/log_dir/sirius_2026-06-30.log,22,144,45,PARTITION,PARTITION,82,PIPELINEABLE,PIPELINEABLE,2,1,1,635,6,41914,4.1914e-05,1,635,6,41914,4.1914e-05,1.0,1.0,8
q18,q18,/home/dy1013/sirius_multi-gpu/experiment/join_retention_runs/join_retention_20260630_075038/queries/q18/log_dir/sirius_2026-06-30.log,23,148,46,MERGE_GROUP_BY,AGGREGATE,85,PARTITIONED,PIPELINEABLE,0,1,10,6398,60,422308,0.000422308,1,6398,6,422272,0.000422272,0.999915,1.0,4271
q18,q18,/home/dy1013/sirius_multi-gpu/experiment/join_retention_runs/join_retention_20260630_075038/queries/q18/log_dir/sirius_2026-06-30.log,24,149,25,TOP_N,LIMIT,5,PIPELINEABLE,PIPELINEABLE,0,1,1,6398,6,422272,0.000422272,1,100,6,6604,6.604e-06,0.015639,0.01563,4684
q18,q18,/home/dy1013/sirius_multi-gpu/experiment/join_retention_runs/join_retention_20260630_075038/queries/q18/log_dir/sirius_2026-06-30.log,25,150,47,MERGE_TOP_N,LIMIT,86,PIPELINEABLE,PIPELINEABLE,0,1,1,100,6,6604,6.604e-06,1,100,6,6604,6.604e-06,1.0,1.0,1600
q18,q18,/home/dy1013/sirius_multi-gpu/experiment/join_retention_runs/join_retention_20260630_075038/queries/q18/log_dir/sirius_2026-06-30.log,26,151,26,RESULT_COLLECTOR,RESULT,76,PIPELINEABLE,PIPELINEABLE,0,1,1,100,6,6604,6.604e-06,1,100,6,6604,6.604e-06,1.0,1.0,6
q19,q19,/home/dy1013/sirius_multi-gpu/experiment/join_retention_runs/join_retention_20260630_075038/queries/q19/log_dir/sirius_2026-06-30.log,0,11,21,GPU_SCAN,SCAN,94,GPU_SCAN,PIPELINEABLE,0,3,0,0,0,0,0.0,1,7600621,5,310950736,0.310950736,0.0,0.0,919930
q19,q19,/home/dy1013/sirius_multi-gpu/experiment/join_retention_runs/join_retention_20260630_075038/queries/q19/log_dir/sirius_2026-06-30.log,0,3,21,GPU_SCAN,SCAN,94,GPU_SCAN,PIPELINEABLE,0,3,0,0,0,0,0.0,1,7577345,5,309985232,0.309985232,0.0,0.0,920150
q19,q19,/home/dy1013/sirius_multi-gpu/experiment/join_retention_runs/join_retention_20260630_075038/queries/q19/log_dir/sirius_2026-06-30.log,0,11,12,FILTER,FILTER,12,PIPELINEABLE,PIPELINEABLE,0,3,1,7600621,5,310950736,0.310950736,1,1085741,5,43022623,0.043022623,0.138358,0.142849,24508
q19,q19,/home/dy1013/sirius_multi-gpu/experiment/join_retention_runs/join_retention_20260630_075038/queries/q19/log_dir/sirius_2026-06-30.log,0,11,13,PROJECTION,PROJECTION,13,PIPELINEABLE,PIPELINEABLE,0,3,1,1085741,5,43022623,0.043022623,1,1085741,4,35286688,0.035286688,0.820189,1.0,1097
q19,q19,/home/dy1013/sirius_multi-gpu/experiment/join_retention_runs/join_retention_20260630_075038/queries/q19/log_dir/sirius_2026-06-30.log,0,3,12,FILTER,FILTER,12,PIPELINEABLE,PIPELINEABLE,0,3,1,7577345,5,309985232,0.309985232,1,1083624,5,42938780,0.04293878,0.138519,0.143008,25872
q19,q19,/home/dy1013/sirius_multi-gpu/experiment/join_retention_runs/join_retention_20260630_075038/queries/q19/log_dir/sirius_2026-06-30.log,0,3,13,PROJECTION,PROJECTION,13,PIPELINEABLE,PIPELINEABLE,0,3,1,1083624,5,42938780,0.04293878,1,1083624,4,35217920,0.03521792,0.820189,1.0,325
q19,q19,/home/dy1013/sirius_multi-gpu/experiment/join_retention_runs/join_retention_20260630_075038/queries/q19/log_dir/sirius_2026-06-30.log,0,10,21,GPU_SCAN,SCAN,94,GPU_SCAN,PIPELINEABLE,3,3,0,0,0,0,0.0,1,7593661,5,310664990,0.31066499,0.0,0.0,1448146
q19,q19,/home/dy1013/sirius_multi-gpu/experiment/join_retention_runs/join_retention_20260630_075038/queries/q19/log_dir/sirius_2026-06-30.log,0,10,12,FILTER,FILTER,12,PIPELINEABLE,PIPELINEABLE,3,3,1,7593661,5,310664990,0.31066499,1,1085322,5,43005962,0.043005962,0.138432,0.142925,3870
q19,q19,/home/dy1013/sirius_multi-gpu/experiment/join_retention_runs/join_retention_20260630_075038/queries/q19/log_dir/sirius_2026-06-30.log,0,10,13,PROJECTION,PROJECTION,13,PIPELINEABLE,PIPELINEABLE,3,3,1,1085322,5,43005962,0.043005962,1,1085322,4,35273024,0.035273024,0.820189,1.0,291
q19,q19,/home/dy1013/sirius_multi-gpu/experiment/join_retention_runs/join_retention_20260630_075038/queries/q19/log_dir/sirius_2026-06-30.log,0,2,21,GPU_SCAN,SCAN,94,GPU_SCAN,PIPELINEABLE,3,3,0,0,0,0,0.0,1,7586306,5,310357228,0.310357228,0.0,0.0,1555622
q19,q19,/home/dy1013/sirius_multi-gpu/experiment/join_retention_runs/join_retention_20260630_075038/queries/q19/log_dir/sirius_2026-06-30.log,0,2,12,FILTER,FILTER,12,PIPELINEABLE,PIPELINEABLE,3,3,1,7586306,5,310357228,0.310357228,1,1084256,5,42963748,0.042963748,0.138433,0.142923,11023
q19,q19,/home/dy1013/sirius_multi-gpu/experiment/join_retention_runs/join_retention_20260630_075038/queries/q19/log_dir/sirius_2026-06-30.log,0,2,13,PROJECTION,PROJECTION,13,PIPELINEABLE,PIPELINEABLE,3,3,1,1084256,5,42963748,0.042963748,1,1084256,4,35238400,0.0352384,0.820189,1.0,291
q19,q19,/home/dy1013/sirius_multi-gpu/experiment/join_retention_runs/join_retention_20260630_075038/queries/q19/log_dir/sirius_2026-06-30.log,0,7,21,GPU_SCAN,SCAN,94,GPU_SCAN,PIPELINEABLE,0,3,0,0,0,0,0.0,1,7599999,5,310918491,0.310918491,0.0,0.0,1873373
q19,q19,/home/dy1013/sirius_multi-gpu/experiment/join_retention_runs/join_retention_20260630_075038/queries/q19/log_dir/sirius_2026-06-30.log,0,7,12,FILTER,FILTER,12,PIPELINEABLE,PIPELINEABLE,0,3,1,7599999,5,310918491,0.310918491,1,1085696,5,43020868,0.043020868,0.138367,0.142855,3899
q19,q19,/home/dy1013/sirius_multi-gpu/experiment/join_retention_runs/join_retention_20260630_075038/queries/q19/log_dir/sirius_2026-06-30.log,0,7,13,PROJECTION,PROJECTION,13,PIPELINEABLE,PIPELINEABLE,0,3,1,1085696,5,43020868,0.043020868,1,1085696,4,35285248,0.035285248,0.820189,1.0,287
q19,q19,/home/dy1013/sirius_multi-gpu/experiment/join_retention_runs/join_retention_20260630_075038/queries/q19/log_dir/sirius_2026-06-30.log,0,6,21,GPU_SCAN,SCAN,94,GPU_SCAN,PIPELINEABLE,3,3,0,0,0,0,0.0,1,7599436,5,310897059,0.310897059,0.0,0.0,1895372
q19,q19,/home/dy1013/sirius_multi-gpu/experiment/join_retention_runs/join_retention_20260630_075038/queries/q19/log_dir/sirius_2026-06-30.log,0,6,12,FILTER,FILTER,12,PIPELINEABLE,PIPELINEABLE,3,3,1,7599436,5,310897059,0.310897059,1,1085513,5,43013731,0.043013731,0.138354,0.142841,4531
q19,q19,/home/dy1013/sirius_multi-gpu/experiment/join_retention_runs/join_retention_20260630_075038/queries/q19/log_dir/sirius_2026-06-30.log,0,6,13,PROJECTION,PROJECTION,13,PIPELINEABLE,PIPELINEABLE,3,3,1,1085513,5,43013731,0.043013731,1,1085513,4,35279392,0.035279392,0.820189,1.0,292
q19,q19,/home/dy1013/sirius_multi-gpu/experiment/join_retention_runs/join_retention_20260630_075038/queries/q19/log_dir/sirius_2026-06-30.log,0,4,21,GPU_SCAN,SCAN,94,GPU_SCAN,PIPELINEABLE,1,3,0,0,0,0,0.0,1,7597692,5,310830215,0.310830215,0.0,0.0,1925978
q19,q19,/home/dy1013/sirius_multi-gpu/experiment/join_retention_runs/join_retention_20260630_075038/queries/q19/log_dir/sirius_2026-06-30.log,0,4,12,FILTER,FILTER,12,PIPELINEABLE,PIPELINEABLE,1,3,1,7597692,5,310830215,0.310830215,1,1085742,5,43022662,0.043022662,0.138412,0.142904,8991
q19,q19,/home/dy1013/sirius_multi-gpu/experiment/join_retention_runs/join_retention_20260630_075038/queries/q19/log_dir/sirius_2026-06-30.log,0,4,13,PROJECTION,PROJECTION,13,PIPELINEABLE,PIPELINEABLE,1,3,1,1085742,5,43022662,0.043022662,1,1085742,4,35286720,0.03528672,0.820189,1.0,296
q19,q19,/home/dy1013/sirius_multi-gpu/experiment/join_retention_runs/join_retention_20260630_075038/queries/q19/log_dir/sirius_2026-06-30.log,0,5,21,GPU_SCAN,SCAN,94,GPU_SCAN,PIPELINEABLE,2,3,0,0,0,0,0.0,1,7597843,5,310835184,0.310835184,0.0,0.0,2071553
q19,q19,/home/dy1013/sirius_multi-gpu/experiment/join_retention_runs/join_retention_20260630_075038/queries/q19/log_dir/sirius_2026-06-30.log,0,5,12,FILTER,FILTER,12,PIPELINEABLE,PIPELINEABLE,2,3,1,7597843,5,310835184,0.310835184,1,1085506,5,43013458,0.043013458,0.13838,0.14287,6400
q19,q19,/home/dy1013/sirius_multi-gpu/experiment/join_retention_runs/join_retention_20260630_075038/queries/q19/log_dir/sirius_2026-06-30.log,0,5,13,PROJECTION,PROJECTION,13,PIPELINEABLE,PIPELINEABLE,2,3,1,1085506,5,43013458,0.043013458,1,1085506,4,35279168,0.035279168,0.820189,1.0,286
q19,q19,/home/dy1013/sirius_multi-gpu/experiment/join_retention_runs/join_retention_20260630_075038/queries/q19/log_dir/sirius_2026-06-30.log,0,8,21,GPU_SCAN,SCAN,94,GPU_SCAN,PIPELINEABLE,1,3,0,0,0,0,0.0,1,7601923,5,310996743,0.310996743,0.0,0.0,2631038
q19,q19,/home/dy1013/sirius_multi-gpu/experiment/join_retention_runs/join_retention_20260630_075038/queries/q19/log_dir/sirius_2026-06-30.log,0,1,21,GPU_SCAN,SCAN,94,GPU_SCAN,PIPELINEABLE,2,3,0,0,0,0,0.0,1,7589000,5,310471150,0.31047115,0.0,0.0,2643351
q19,q19,/home/dy1013/sirius_multi-gpu/experiment/join_retention_runs/join_retention_20260630_075038/queries/q19/log_dir/sirius_2026-06-30.log,0,8,12,FILTER,FILTER,12,PIPELINEABLE,PIPELINEABLE,1,3,1,7601923,5,310996743,0.310996743,1,1086259,5,43043145,0.043043145,0.138404,0.142893,12935
q19,q19,/home/dy1013/sirius_multi-gpu/experiment/join_retention_runs/join_retention_20260630_075038/queries/q19/log_dir/sirius_2026-06-30.log,0,8,13,PROJECTION,PROJECTION,13,PIPELINEABLE,PIPELINEABLE,1,3,1,1086259,5,43043145,0.043043145,1,1086259,4,35303520,0.03530352,0.820189,1.0,282
q19,q19,/home/dy1013/sirius_multi-gpu/experiment/join_retention_runs/join_retention_20260630_075038/queries/q19/log_dir/sirius_2026-06-30.log,0,9,21,GPU_SCAN,SCAN,94,GPU_SCAN,PIPELINEABLE,2,3,0,0,0,0,0.0,1,7596641,5,310781712,0.310781712,0.0,0.0,2665492
q19,q19,/home/dy1013/sirius_multi-gpu/experiment/join_retention_runs/join_retention_20260630_075038/queries/q19/log_dir/sirius_2026-06-30.log,0,1,12,FILTER,FILTER,12,PIPELINEABLE,PIPELINEABLE,2,3,1,7589000,5,310471150,0.31047115,1,1083269,5,42924615,0.042924615,0.138256,0.142742,25063
q19,q19,/home/dy1013/sirius_multi-gpu/experiment/join_retention_runs/join_retention_20260630_075038/queries/q19/log_dir/sirius_2026-06-30.log,0,1,13,PROJECTION,PROJECTION,13,PIPELINEABLE,PIPELINEABLE,2,3,1,1083269,5,42924615,0.042924615,1,1083269,4,35206304,0.035206304,0.820189,1.0,533
q19,q19,/home/dy1013/sirius_multi-gpu/experiment/join_retention_runs/join_retention_20260630_075038/queries/q19/log_dir/sirius_2026-06-30.log,0,9,12,FILTER,FILTER,12,PIPELINEABLE,PIPELINEABLE,2,3,1,7596641,5,310781712,0.310781712,1,1084830,5,42986454,0.042986454,0.138317,0.142804,4919
q19,q19,/home/dy1013/sirius_multi-gpu/experiment/join_retention_runs/join_retention_20260630_075038/queries/q19/log_dir/sirius_2026-06-30.log,0,9,13,PROJECTION,PROJECTION,13,PIPELINEABLE,PIPELINEABLE,2,3,1,1084830,5,42986454,0.042986454,1,1084830,4,35257024,0.035257024,0.820189,1.0,308
q19,q19,/home/dy1013/sirius_multi-gpu/experiment/join_retention_runs/join_retention_20260630_075038/queries/q19/log_dir/sirius_2026-06-30.log,0,0,21,GPU_SCAN,SCAN,94,GPU_SCAN,PIPELINEABLE,1,3,0,0,0,0,0.0,1,7607475,5,311225245,0.311225245,0.0,0.0,2693904
q19,q19,/home/dy1013/sirius_multi-gpu/experiment/join_retention_runs/join_retention_20260630_075038/queries/q19/log_dir/sirius_2026-06-30.log,0,0,12,FILTER,FILTER,12,PIPELINEABLE,PIPELINEABLE,1,3,1,7607475,5,311225245,0.311225245,1,1087617,5,43097067,0.043097067,0.138475,0.142967,4834
q19,q19,/home/dy1013/sirius_multi-gpu/experiment/join_retention_runs/join_retention_20260630_075038/queries/q19/log_dir/sirius_2026-06-30.log,0,0,13,PROJECTION,PROJECTION,13,PIPELINEABLE,PIPELINEABLE,1,3,1,1087617,5,43097067,0.043097067,1,1087617,4,35347744,0.035347744,0.820189,1.0,295
q19,q19,/home/dy1013/sirius_multi-gpu/experiment/join_retention_runs/join_retention_20260630_075038/queries/q19/log_dir/sirius_2026-06-30.log,0,19,21,GPU_SCAN,SCAN,94,GPU_SCAN,PIPELINEABLE,0,3,0,0,0,0,0.0,1,5674892,5,232164232,0.232164232,0.0,0.0,1809860
q19,q19,/home/dy1013/sirius_multi-gpu/experiment/join_retention_runs/join_retention_20260630_075038/queries/q19/log_dir/sirius_2026-06-30.log,0,19,12,FILTER,FILTER,12,PIPELINEABLE,PIPELINEABLE,0,3,1,5674892,5,232164232,0.232164232,1,810277,5,32107367,0.032107367,0.138296,0.142783,25928
q19,q19,/home/dy1013/sirius_multi-gpu/experiment/join_retention_runs/join_retention_20260630_075038/queries/q19/log_dir/sirius_2026-06-30.log,0,19,13,PROJECTION,PROJECTION,13,PIPELINEABLE,PIPELINEABLE,0,3,1,810277,5,32107367,0.032107367,1,810277,4,26334112,0.026334112,0.820189,1.0,1898
q19,q19,/home/dy1013/sirius_multi-gpu/experiment/join_retention_runs/join_retention_20260630_075038/queries/q19/log_dir/sirius_2026-06-30.log,0,14,21,GPU_SCAN,SCAN,94,GPU_SCAN,PIPELINEABLE,3,3,0,0,0,0,0.0,1,7596487,5,310781714,0.310781714,0.0,0.0,1336302
q19,q19,/home/dy1013/sirius_multi-gpu/experiment/join_retention_runs/join_retention_20260630_075038/queries/q19/log_dir/sirius_2026-06-30.log,0,15,21,GPU_SCAN,SCAN,94,GPU_SCAN,PIPELINEABLE,0,3,0,0,0,0,0.0,1,7600563,5,310947303,0.310947303,0.0,0.0,1853503
q19,q19,/home/dy1013/sirius_multi-gpu/experiment/join_retention_runs/join_retention_20260630_075038/queries/q19/log_dir/sirius_2026-06-30.log,0,14,12,FILTER,FILTER,12,PIPELINEABLE,PIPELINEABLE,3,3,1,7596487,5,310781714,0.310781714,1,1085930,5,43029994,0.043029994,0.138457,0.142952,24710
q19,q19,/home/dy1013/sirius_multi-gpu/experiment/join_retention_runs/join_retention_20260630_075038/queries/q19/log_dir/sirius_2026-06-30.log,0,14,13,PROJECTION,PROJECTION,13,PIPELINEABLE,PIPELINEABLE,3,3,1,1085930,5,43029994,0.043029994,1,1085930,4,35292736,0.035292736,0.820189,1.0,287
q19,q19,/home/dy1013/sirius_multi-gpu/experiment/join_retention_runs/join_retention_20260630_075038/queries/q19/log_dir/sirius_2026-06-30.log,0,15,12,FILTER,FILTER,12,PIPELINEABLE,PIPELINEABLE,0,3,1,7600563,5,310947303,0.310947303,1,1085121,5,42998123,0.042998123,0.138281,0.142769,17302
q19,q19,/home/dy1013/sirius_multi-gpu/experiment/join_retention_runs/join_retention_20260630_075038/queries/q19/log_dir/sirius_2026-06-30.log,0,15,13,PROJECTION,PROJECTION,13,PIPELINEABLE,PIPELINEABLE,0,3,1,1085121,5,42998123,0.042998123,1,1085121,4,35266592,0.035266592,0.820189,1.0,291
q19,q19,/home/dy1013/sirius_multi-gpu/experiment/join_retention_runs/join_retention_20260630_075038/queries/q19/log_dir/sirius_2026-06-30.log,0,18,21,GPU_SCAN,SCAN,94,GPU_SCAN,PIPELINEABLE,3,3,0,0,0,0,0.0,1,7598889,5,310880768,0.310880768,0.0,0.0,1289091
q19,q19,/home/dy1013/sirius_multi-gpu/experiment/join_retention_runs/join_retention_20260630_075038/queries/q19/log_dir/sirius_2026-06-30.log,0,18,12,FILTER,FILTER,12,PIPELINEABLE,PIPELINEABLE,3,3,1,7598889,5,310880768,0.310880768,1,1085518,5,43013926,0.043013926,0.138361,0.142852,9409
q19,q19,/home/dy1013/sirius_multi-gpu/experiment/join_retention_runs/join_retention_20260630_075038/queries/q19/log_dir/sirius_2026-06-30.log,0,18,13,PROJECTION,PROJECTION,13,PIPELINEABLE,PIPELINEABLE,3,3,1,1085518,5,43013926,0.043013926,1,1085518,4,35279552,0.035279552,0.820189,1.0,288
q19,q19,/home/dy1013/sirius_multi-gpu/experiment/join_retention_runs/join_retention_20260630_075038/queries/q19/log_dir/sirius_2026-06-30.log,0,12,21,GPU_SCAN,SCAN,94,GPU_SCAN,PIPELINEABLE,1,3,0,0,0,0,0.0,1,7596829,5,310786511,0.310786511,0.0,0.0,1095384
q19,q19,/home/dy1013/sirius_multi-gpu/experiment/join_retention_runs/join_retention_20260630_075038/queries/q19/log_dir/sirius_2026-06-30.log,0,12,12,FILTER,FILTER,12,PIPELINEABLE,PIPELINEABLE,1,3,1,7596829,5,310786511,0.310786511,1,1086127,5,43037997,0.043037997,0.138481,0.142971,3029
q19,q19,/home/dy1013/sirius_multi-gpu/experiment/join_retention_runs/join_retention_20260630_075038/queries/q19/log_dir/sirius_2026-06-30.log,0,12,13,PROJECTION,PROJECTION,13,PIPELINEABLE,PIPELINEABLE,1,3,1,1086127,5,43037997,0.043037997,1,1086127,4,35299296,0.035299296,0.820189,1.0,283
q19,q19,/home/dy1013/sirius_multi-gpu/experiment/join_retention_runs/join_retention_20260630_075038/queries/q19/log_dir/sirius_2026-06-30.log,0,13,21,GPU_SCAN,SCAN,94,GPU_SCAN,PIPELINEABLE,2,3,0,0,0,0,0.0,1,7596428,5,310772566,0.310772566,0.0,0.0,1032910
q19,q19,/home/dy1013/sirius_multi-gpu/experiment/join_retention_runs/join_retention_20260630_075038/queries/q19/log_dir/sirius_2026-06-30.log,0,13,12,FILTER,FILTER,12,PIPELINEABLE,PIPELINEABLE,2,3,1,7596428,5,310772566,0.310772566,1,1084926,5,42990198,0.042990198,0.138333,0.142821,9993
q19,q19,/home/dy1013/sirius_multi-gpu/experiment/join_retention_runs/join_retention_20260630_075038/queries/q19/log_dir/sirius_2026-06-30.log,0,13,13,PROJECTION,PROJECTION,13,PIPELINEABLE,PIPELINEABLE,2,3,1,1084926,5,42990198,0.042990198,1,1084926,4,35260096,0.035260096,0.820189,1.0,293
q19,q19,/home/dy1013/sirius_multi-gpu/experiment/join_retention_runs/join_retention_20260630_075038/queries/q19/log_dir/sirius_2026-06-30.log,0,16,21,GPU_SCAN,SCAN,94,GPU_SCAN,PIPELINEABLE,1,3,0,0,0,0,0.0,1,7595928,5,310759742,0.310759742,0.0,0.0,600965
q19,q19,/home/dy1013/sirius_multi-gpu/experiment/join_retention_runs/join_retention_20260630_075038/queries/q19/log_dir/sirius_2026-06-30.log,0,17,21,GPU_SCAN,SCAN,94,GPU_SCAN,PIPELINEABLE,2,3,0,0,0,0,0.0,1,7593367,5,310648560,0.31064856,0.0,0.0,601363
q19,q19,/home/dy1013/sirius_multi-gpu/experiment/join_retention_runs/join_retention_20260630_075038/queries/q19/log_dir/sirius_2026-06-30.log,0,16,12,FILTER,FILTER,12,PIPELINEABLE,PIPELINEABLE,1,3,1,7595928,5,310759742,0.310759742,1,1086004,5,43033200,0.0430332,0.138477,0.142972,20686
q19,q19,/home/dy1013/sirius_multi-gpu/experiment/join_retention_runs/join_retention_20260630_075038/queries/q19/log_dir/sirius_2026-06-30.log,0,16,13,PROJECTION,PROJECTION,13,PIPELINEABLE,PIPELINEABLE,1,3,1,1086004,5,43033200,0.0430332,1,1086004,4,35295360,0.03529536,0.820189,1.0,284
q19,q19,/home/dy1013/sirius_multi-gpu/experiment/join_retention_runs/join_retention_20260630_075038/queries/q19/log_dir/sirius_2026-06-30.log,0,17,12,FILTER,FILTER,12,PIPELINEABLE,PIPELINEABLE,2,3,1,7593367,5,310648560,0.31064856,1,1084812,5,42985752,0.042985752,0.138374,0.142863,2666
q19,q19,/home/dy1013/sirius_multi-gpu/experiment/join_retention_runs/join_retention_20260630_075038/queries/q19/log_dir/sirius_2026-06-30.log,0,17,13,PROJECTION,PROJECTION,13,PIPELINEABLE,PIPELINEABLE,2,3,1,1084812,5,42985752,0.042985752,1,1084812,4,35256448,0.035256448,0.820189,1.0,287
q19,q19,/home/dy1013/sirius_multi-gpu/experiment/join_retention_runs/join_retention_20260630_075038/queries/q19/log_dir/sirius_2026-06-30.log,1,26,23,PARTITION,PARTITION,82,PIPELINEABLE,PIPELINEABLE,1,1,1,1085742,4,35286720,0.03528672,4,1085742,16,34743744,0.034743744,0.984612,1.0,28209
q19,q19,/home/dy1013/sirius_multi-gpu/experiment/join_retention_runs/join_retention_20260630_075038/queries/q19/log_dir/sirius_2026-06-30.log,1,28,23,PARTITION,PARTITION,82,PIPELINEABLE,PIPELINEABLE,1,1,1,1086259,4,35303520,0.03530352,4,1086259,16,34760288,0.034760288,0.984613,1.0,28473
q19,q19,/home/dy1013/sirius_multi-gpu/experiment/join_retention_runs/join_retention_20260630_075038/queries/q19/log_dir/sirius_2026-06-30.log,1,31,23,PARTITION,PARTITION,82,PIPELINEABLE,PIPELINEABLE,1,1,1,1087617,4,35347744,0.035347744,4,1087617,16,34803744,0.034803744,0.98461,1.0,29218
q19,q19,/home/dy1013/sirius_multi-gpu/experiment/join_retention_runs/join_retention_20260630_075038/queries/q19/log_dir/sirius_2026-06-30.log,1,23,23,PARTITION,PARTITION,82,PIPELINEABLE,PIPELINEABLE,3,1,1,1084256,4,35238400,0.0352384,4,1084256,16,34696192,0.034696192,0.984613,1.0,29007
q19,q19,/home/dy1013/sirius_multi-gpu/experiment/join_retention_runs/join_retention_20260630_075038/queries/q19/log_dir/sirius_2026-06-30.log,1,24,23,PARTITION,PARTITION,82,PIPELINEABLE,PIPELINEABLE,0,1,1,1085696,4,35285248,0.035285248,4,1085696,16,34742272,0.034742272,0.984612,1.0,29975
q19,q19,/home/dy1013/sirius_multi-gpu/experiment/join_retention_runs/join_retention_20260630_075038/queries/q19/log_dir/sirius_2026-06-30.log,1,22,23,PARTITION,PARTITION,82,PIPELINEABLE,PIPELINEABLE,3,1,1,1085322,4,35273024,0.035273024,4,1085322,16,34730304,0.034730304,0.984614,1.0,30116
q19,q19,/home/dy1013/sirius_multi-gpu/experiment/join_retention_runs/join_retention_20260630_075038/queries/q19/log_dir/sirius_2026-06-30.log,1,21,23,PARTITION,PARTITION,82,PIPELINEABLE,PIPELINEABLE,0,1,1,1083624,4,35217920,0.03521792,4,1083624,16,34675968,0.034675968,0.984611,1.0,29988
q19,q19,/home/dy1013/sirius_multi-gpu/experiment/join_retention_runs/join_retention_20260630_075038/queries/q19/log_dir/sirius_2026-06-30.log,1,25,23,PARTITION,PARTITION,82,PIPELINEABLE,PIPELINEABLE,3,1,1,1085513,4,35279392,0.035279392,4,1085513,16,34736416,0.034736416,0.984609,1.0,30095
q19,q19,/home/dy1013/sirius_multi-gpu/experiment/join_retention_runs/join_retention_20260630_075038/queries/q19/log_dir/sirius_2026-06-30.log,1,37,23,PARTITION,PARTITION,82,PIPELINEABLE,PIPELINEABLE,2,1,1,1084926,4,35260096,0.035260096,4,1084926,16,34717632,0.034717632,0.984615,1.0,30207
q19,q19,/home/dy1013/sirius_multi-gpu/experiment/join_retention_runs/join_retention_20260630_075038/queries/q19/log_dir/sirius_2026-06-30.log,1,30,23,PARTITION,PARTITION,82,PIPELINEABLE,PIPELINEABLE,2,1,1,1084830,4,35257024,0.035257024,4,1084830,16,34714560,0.03471456,0.984614,1.0,30812
q19,q19,/home/dy1013/sirius_multi-gpu/experiment/join_retention_runs/join_retention_20260630_075038/queries/q19/log_dir/sirius_2026-06-30.log,1,36,23,PARTITION,PARTITION,82,PIPELINEABLE,PIPELINEABLE,1,1,1,1086127,4,35299296,0.035299296,4,1086127,16,34756064,0.034756064,0.984611,1.0,30987
q19,q19,/home/dy1013/sirius_multi-gpu/experiment/join_retention_runs/join_retention_20260630_075038/queries/q19/log_dir/sirius_2026-06-30.log,1,27,23,PARTITION,PARTITION,82,PIPELINEABLE,PIPELINEABLE,2,1,1,1085506,4,35279168,0.035279168,4,1085506,16,34736192,0.034736192,0.984609,1.0,31293
q19,q19,/home/dy1013/sirius_multi-gpu/experiment/join_retention_runs/join_retention_20260630_075038/queries/q19/log_dir/sirius_2026-06-30.log,1,32,23,PARTITION,PARTITION,82,PIPELINEABLE,PIPELINEABLE,0,1,1,810277,4,26334112,0.026334112,4,810277,16,25928864,0.025928864,0.984611,1.0,30860
q19,q19,/home/dy1013/sirius_multi-gpu/experiment/join_retention_runs/join_retention_20260630_075038/queries/q19/log_dir/sirius_2026-06-30.log,1,20,23,PARTITION,PARTITION,82,PIPELINEABLE,PIPELINEABLE,0,1,1,1085741,4,35286688,0.035286688,4,1085741,16,34743712,0.034743712,0.984612,1.0,31455
q19,q19,/home/dy1013/sirius_multi-gpu/experiment/join_retention_runs/join_retention_20260630_075038/queries/q19/log_dir/sirius_2026-06-30.log,1,33,23,PARTITION,PARTITION,82,PIPELINEABLE,PIPELINEABLE,3,1,1,1085930,4,35292736,0.035292736,4,1085930,16,34749760,0.03474976,0.984615,1.0,31962
q19,q19,/home/dy1013/sirius_multi-gpu/experiment/join_retention_runs/join_retention_20260630_075038/queries/q19/log_dir/sirius_2026-06-30.log,1,29,23,PARTITION,PARTITION,82,PIPELINEABLE,PIPELINEABLE,2,1,1,1083269,4,35206304,0.035206304,4,1083269,16,34664608,0.034664608,0.984614,1.0,32372
q19,q19,/home/dy1013/sirius_multi-gpu/experiment/join_retention_runs/join_retention_20260630_075038/queries/q19/log_dir/sirius_2026-06-30.log,1,38,23,PARTITION,PARTITION,82,PIPELINEABLE,PIPELINEABLE,1,1,1,1086004,4,35295360,0.03529536,4,1086004,16,34752128,0.034752128,0.984609,1.0,8395
q19,q19,/home/dy1013/sirius_multi-gpu/experiment/join_retention_runs/join_retention_20260630_075038/queries/q19/log_dir/sirius_2026-06-30.log,1,34,23,PARTITION,PARTITION,82,PIPELINEABLE,PIPELINEABLE,0,1,1,1085121,4,35266592,0.035266592,4,1085121,16,34723872,0.034723872,0.984611,1.0,7303
q19,q19,/home/dy1013/sirius_multi-gpu/experiment/join_retention_runs/join_retention_20260630_075038/queries/q19/log_dir/sirius_2026-06-30.log,1,39,23,PARTITION,PARTITION,82,PIPELINEABLE,PIPELINEABLE,2,1,1,1084812,4,35256448,0.035256448,4,1084812,16,34713984,0.034713984,0.984614,1.0,6728
q19,q19,/home/dy1013/sirius_multi-gpu/experiment/join_retention_runs/join_retention_20260630_075038/queries/q19/log_dir/sirius_2026-06-30.log,1,35,23,PARTITION,PARTITION,82,PIPELINEABLE,PIPELINEABLE,3,1,1,1085518,4,35279552,0.035279552,4,1085518,16,34736576,0.034736576,0.984609,1.0,8409
q19,q19,/home/dy1013/sirius_multi-gpu/experiment/join_retention_runs/join_retention_20260630_075038/queries/q19/log_dir/sirius_2026-06-30.log,2,41,22,CONCAT,CONCAT,83,PARTITIONED,PARTITIONED,1,1,20,5352378,80,171276096,0.171276096,1,5352378,4,171276096,0.171276096,1.0,1.0,3318
q19,q19,/home/dy1013/sirius_multi-gpu/experiment/join_retention_runs/join_retention_20260630_075038/queries/q19/log_dir/sirius_2026-06-30.log,2,42,22,CONCAT,CONCAT,83,PARTITIONED,PARTITIONED,2,1,20,5359231,80,171495392,0.171495392,1,5359231,4,171495392,0.171495392,1.0,1.0,2818
q19,q19,/home/dy1013/sirius_multi-gpu/experiment/join_retention_runs/join_retention_20260630_075038/queries/q19/log_dir/sirius_2026-06-30.log,2,43,22,CONCAT,CONCAT,83,PARTITIONED,PARTITIONED,3,1,20,5360927,80,171549664,0.171549664,1,5360927,4,171549664,0.171549664,1.0,1.0,2866
q19,q19,/home/dy1013/sirius_multi-gpu/experiment/join_retention_runs/join_retention_20260630_075038/queries/q19/log_dir/sirius_2026-06-30.log,2,40,22,CONCAT,CONCAT,83,PARTITIONED,PARTITIONED,0,1,20,5359554,80,171505728,0.171505728,1,5359554,4,171505728,0.171505728,1.0,1.0,1930
q19,q19,/home/dy1013/sirius_multi-gpu/experiment/join_retention_runs/join_retention_20260630_075038/queries/q19/log_dir/sirius_2026-06-30.log,3,44,24,GPU_SCAN,SCAN,94,GPU_SCAN,PIPELINEABLE,0,1,0,0,0,0,0.0,1,20000000,4,721493121,0.721493121,0.0,0.0,74508
q19,q19,/home/dy1013/sirius_multi-gpu/experiment/join_retention_runs/join_retention_20260630_075038/queries/q19/log_dir/sirius_2026-06-30.log,4,45,26,PARTITION,PARTITION,82,PIPELINEABLE,PIPELINEABLE,0,1,1,20000000,4,721493121,0.721493121,4,20000000,16,716493209,0.716493209,0.99307,1.0,26984
q19,q19,/home/dy1013/sirius_multi-gpu/experiment/join_retention_runs/join_retention_20260630_075038/queries/q19/log_dir/sirius_2026-06-30.log,5,46,25,CONCAT,CONCAT,83,PARTITIONED,PARTITIONED,0,1,1,5000685,4,179145848,0.179145848,1,5000685,4,179145848,0.179145848,1.0,1.0,9
q19,q19,/home/dy1013/sirius_multi-gpu/experiment/join_retention_runs/join_retention_20260630_075038/queries/q19/log_dir/sirius_2026-06-30.log,5,48,25,CONCAT,CONCAT,83,PARTITIONED,PARTITIONED,2,1,1,5002496,4,179212772,0.179212772,1,5002496,4,179212772,0.179212772,1.0,1.0,1
q19,q19,/home/dy1013/sirius_multi-gpu/experiment/join_retention_runs/join_retention_20260630_075038/queries/q19/log_dir/sirius_2026-06-30.log,5,49,25,CONCAT,CONCAT,83,PARTITIONED,PARTITIONED,3,1,1,5001886,4,179195650,0.17919565,1,5001886,4,179195650,0.17919565,1.0,1.0,1
q19,q19,/home/dy1013/sirius_multi-gpu/experiment/join_retention_runs/join_retention_20260630_075038/queries/q19/log_dir/sirius_2026-06-30.log,5,47,25,CONCAT,CONCAT,83,PARTITIONED,PARTITIONED,1,1,1,4994933,4,178938939,0.178938939,1,4994933,4,178938939,0.178938939,1.0,1.0,1
q19,q19,/home/dy1013/sirius_multi-gpu/experiment/join_retention_runs/join_retention_20260630_075038/queries/q19/log_dir/sirius_2026-06-30.log,6,51,14,HASH_JOIN,JOIN,33,PARTITIONED,PIPELINEABLE,1,4,2,10347311,8,350215035,0.350215035,1,5352378,6,277383154,0.277383154,0.792037,0.517272,23060
q19,q19,/home/dy1013/sirius_multi-gpu/experiment/join_retention_runs/join_retention_20260630_075038/queries/q19/log_dir/sirius_2026-06-30.log,6,53,14,HASH_JOIN,JOIN,33,PARTITIONED,PIPELINEABLE,3,4,2,10362813,8,350745314,0.350745314,1,5360927,6,277833804,0.277833804,0.792124,0.517324,23257
q19,q19,/home/dy1013/sirius_multi-gpu/experiment/join_retention_runs/join_retention_20260630_075038/queries/q19/log_dir/sirius_2026-06-30.log,6,50,14,HASH_JOIN,JOIN,33,PARTITIONED,PIPELINEABLE,0,4,2,10360239,8,350651576,0.350651576,1,5359554,6,277755997,0.277755997,0.792114,0.51732,23214
q19,q19,/home/dy1013/sirius_multi-gpu/experiment/join_retention_runs/join_retention_20260630_075038/queries/q19/log_dir/sirius_2026-06-30.log,6,52,14,HASH_JOIN,JOIN,33,PARTITIONED,PIPELINEABLE,2,4,2,10361727,8,350708164,0.350708164,1,5359231,6,277740857,0.277740857,0.791943,0.517214,23473
q19,q19,/home/dy1013/sirius_multi-gpu/experiment/join_retention_runs/join_retention_20260630_075038/queries/q19/log_dir/sirius_2026-06-30.log,6,51,15,FILTER,FILTER,12,PIPELINEABLE,PIPELINEABLE,1,4,1,5352378,6,277383154,0.277383154,1,2913,6,148608,0.000148608,0.000536,0.000544,6593
q19,q19,/home/dy1013/sirius_multi-gpu/experiment/join_retention_runs/join_retention_20260630_075038/queries/q19/log_dir/sirius_2026-06-30.log,6,53,15,FILTER,FILTER,12,PIPELINEABLE,PIPELINEABLE,3,4,1,5360927,6,277833804,0.277833804,1,2805,6,143114,0.000143114,0.000515,0.000523,6762
q19,q19,/home/dy1013/sirius_multi-gpu/experiment/join_retention_runs/join_retention_20260630_075038/queries/q19/log_dir/sirius_2026-06-30.log,6,50,15,FILTER,FILTER,12,PIPELINEABLE,PIPELINEABLE,0,4,1,5359554,6,277755997,0.277755997,1,2792,6,142509,0.000142509,0.000513,0.000521,6808
q19,q19,/home/dy1013/sirius_multi-gpu/experiment/join_retention_runs/join_retention_20260630_075038/queries/q19/log_dir/sirius_2026-06-30.log,6,52,15,FILTER,FILTER,12,PIPELINEABLE,PIPELINEABLE,2,4,1,5359231,6,277740857,0.277740857,1,2800,6,142885,0.000142885,0.000514,0.000522,6627
q19,q19,/home/dy1013/sirius_multi-gpu/experiment/join_retention_runs/join_retention_20260630_075038/queries/q19/log_dir/sirius_2026-06-30.log,6,50,18,PROJECTION,PROJECTION,13,PIPELINEABLE,PIPELINEABLE,0,4,1,2792,6,142509,0.000142509,1,2792,1,22336,2.2336e-05,0.156734,1.0,3319
q19,q19,/home/dy1013/sirius_multi-gpu/experiment/join_retention_runs/join_retention_20260630_075038/queries/q19/log_dir/sirius_2026-06-30.log,6,51,18,PROJECTION,PROJECTION,13,PIPELINEABLE,PIPELINEABLE,1,4,1,2913,6,148608,0.000148608,1,2913,1,23304,2.3304e-05,0.156815,1.0,3714
q19,q19,/home/dy1013/sirius_multi-gpu/experiment/join_retention_runs/join_retention_20260630_075038/queries/q19/log_dir/sirius_2026-06-30.log,6,52,18,PROJECTION,PROJECTION,13,PIPELINEABLE,PIPELINEABLE,2,4,1,2800,6,142885,0.000142885,1,2800,1,22400,2.24e-05,0.156769,1.0,3230
q19,q19,/home/dy1013/sirius_multi-gpu/experiment/join_retention_runs/join_retention_20260630_075038/queries/q19/log_dir/sirius_2026-06-30.log,6,53,18,PROJECTION,PROJECTION,13,PIPELINEABLE,PIPELINEABLE,3,4,1,2805,6,143114,0.000143114,1,2805,1,22440,2.244e-05,0.156798,1.0,3685
q19,q19,/home/dy1013/sirius_multi-gpu/experiment/join_retention_runs/join_retention_20260630_075038/queries/q19/log_dir/sirius_2026-06-30.log,6,50,19,UNGROUPED_AGGREGATE,AGGREGATE,8,PIPELINEABLE,PIPELINEABLE,0,4,1,2792,1,22336,2.2336e-05,1,1,1,16,1.6e-08,0.000716,0.000358,11459
q19,q19,/home/dy1013/sirius_multi-gpu/experiment/join_retention_runs/join_retention_20260630_075038/queries/q19/log_dir/sirius_2026-06-30.log,6,51,19,UNGROUPED_AGGREGATE,AGGREGATE,8,PIPELINEABLE,PIPELINEABLE,1,4,1,2913,1,23304,2.3304e-05,1,1,1,16,1.6e-08,0.000687,0.000343,11523
q19,q19,/home/dy1013/sirius_multi-gpu/experiment/join_retention_runs/join_retention_20260630_075038/queries/q19/log_dir/sirius_2026-06-30.log,6,52,19,UNGROUPED_AGGREGATE,AGGREGATE,8,PIPELINEABLE,PIPELINEABLE,2,4,1,2800,1,22400,2.24e-05,1,1,1,16,1.6e-08,0.000714,0.000357,11551
q19,q19,/home/dy1013/sirius_multi-gpu/experiment/join_retention_runs/join_retention_20260630_075038/queries/q19/log_dir/sirius_2026-06-30.log,6,53,19,UNGROUPED_AGGREGATE,AGGREGATE,8,PIPELINEABLE,PIPELINEABLE,3,4,1,2805,1,22440,2.244e-05,1,1,1,16,1.6e-08,0.000713,0.000357,11409
q19,q19,/home/dy1013/sirius_multi-gpu/experiment/join_retention_runs/join_retention_20260630_075038/queries/q19/log_dir/sirius_2026-06-30.log,7,54,27,MERGE_AGGREGATE,AGGREGATE,87,PIPELINEABLE,PIPELINEABLE,3,1,4,4,4,64,6.4e-08,1,1,1,16,1.6e-08,0.25,0.25,514
q19,q19,/home/dy1013/sirius_multi-gpu/experiment/join_retention_runs/join_retention_20260630_075038/queries/q19/log_dir/sirius_2026-06-30.log,8,55,20,RESULT_COLLECTOR,RESULT,76,PIPELINEABLE,PIPELINEABLE,3,1,1,1,1,16,1.6e-08,1,1,1,16,1.6e-08,1.0,1.0,1
q20,q20,/home/dy1013/sirius_multi-gpu/experiment/join_retention_runs/join_retention_20260630_075038/queries/q20/log_dir/sirius_2026-06-30.log,0,0,45,GPU_SCAN,SCAN,94,GPU_SCAN,PIPELINEABLE,1,1,0,0,0,0,0.0,1,217721,1,1769032,0.001769032,0.0,0.0,235936
q20,q20,/home/dy1013/sirius_multi-gpu/experiment/join_retention_runs/join_retention_20260630_075038/queries/q20/log_dir/sirius_2026-06-30.log,1,1,47,PARTITION,PARTITION,82,PIPELINEABLE,PIPELINEABLE,1,1,1,217721,1,1769032,0.001769032,1,217721,1,1769032,0.001769032,1.0,1.0,3
q20,q20,/home/dy1013/sirius_multi-gpu/experiment/join_retention_runs/join_retention_20260630_075038/queries/q20/log_dir/sirius_2026-06-30.log,2,2,46,CONCAT,CONCAT,83,PARTITIONED,PARTITIONED,0,1,1,217721,1,1769032,0.001769032,1,217721,1,1769032,0.001769032,1.0,1.0,1
q20,q20,/home/dy1013/sirius_multi-gpu/experiment/join_retention_runs/join_retention_20260630_075038/queries/q20/log_dir/sirius_2026-06-30.log,3,3,48,GPU_SCAN,SCAN,94,GPU_SCAN,PIPELINEABLE,2,1,0,0,0,0,0.0,1,29103327,3,709393704,0.709393704,0.0,0.0,146041
q20,q20,/home/dy1013/sirius_multi-gpu/experiment/join_retention_runs/join_retention_20260630_075038/queries/q20/log_dir/sirius_2026-06-30.log,4,6,50,PARTITION,PARTITION,82,PIPELINEABLE,PIPELINEABLE,2,1,1,29103327,3,709393704,0.709393704,1,29103327,3,709393704,0.709393704,1.0,1.0,3
q20,q20,/home/dy1013/sirius_multi-gpu/experiment/join_retention_runs/join_retention_20260630_075038/queries/q20/log_dir/sirius_2026-06-30.log,3,5,48,GPU_SCAN,SCAN,94,GPU_SCAN,PIPELINEABLE,0,1,0,0,0,0,0.0,1,21803425,3,531458520,0.53145852,0.0,0.0,280651
q20,q20,/home/dy1013/sirius_multi-gpu/experiment/join_retention_runs/join_retention_20260630_075038/queries/q20/log_dir/sirius_2026-06-30.log,4,7,50,PARTITION,PARTITION,82,PIPELINEABLE,PIPELINEABLE,0,1,1,21803425,3,531458520,0.53145852,1,21803425,3,531458520,0.53145852,1.0,1.0,3
q20,q20,/home/dy1013/sirius_multi-gpu/experiment/join_retention_runs/join_retention_20260630_075038/queries/q20/log_dir/sirius_2026-06-30.log,5,9,49,CONCAT,CONCAT,83,PARTITIONED,PARTITIONED,0,1,1,21803425,3,531458520,0.53145852,1,21803425,3,531458520,0.53145852,1.0,1.0,1
q20,q20,/home/dy1013/sirius_multi-gpu/experiment/join_retention_runs/join_retention_20260630_075038/queries/q20/log_dir/sirius_2026-06-30.log,3,4,48,GPU_SCAN,SCAN,94,GPU_SCAN,PIPELINEABLE,3,1,0,0,0,0,0.0,1,29093248,3,709147968,0.709147968,0.0,0.0,286063
q20,q20,/home/dy1013/sirius_multi-gpu/experiment/join_retention_runs/join_retention_20260630_075038/queries/q20/log_dir/sirius_2026-06-30.log,4,10,50,PARTITION,PARTITION,82,PIPELINEABLE,PIPELINEABLE,3,1,1,29093248,3,709147968,0.709147968,1,29093248,3,709147968,0.709147968,1.0,1.0,1
q20,q20,/home/dy1013/sirius_multi-gpu/experiment/join_retention_runs/join_retention_20260630_075038/queries/q20/log_dir/sirius_2026-06-30.log,5,8,49,CONCAT,CONCAT,83,PARTITIONED,PARTITIONED,0,1,1,29103327,3,709393704,0.709393704,1,29103327,3,709393704,0.709393704,1.0,1.0,0
q20,q20,/home/dy1013/sirius_multi-gpu/experiment/join_retention_runs/join_retention_20260630_075038/queries/q20/log_dir/sirius_2026-06-30.log,5,11,49,CONCAT,CONCAT,83,PARTITIONED,PARTITIONED,0,1,1,29093248,3,709147968,0.709147968,1,29093248,3,709147968,0.709147968,1.0,1.0,0
q20,q20,/home/dy1013/sirius_multi-gpu/experiment/join_retention_runs/join_retention_20260630_075038/queries/q20/log_dir/sirius_2026-06-30.log,6,14,24,HASH_JOIN,JOIN,33,PARTITIONED,PIPELINEABLE,0,2,2,29310969,4,710917000,0.710917,1,316668,3,7718880,0.00771888,0.010858,0.010804,18667
q20,q20,/home/dy1013/sirius_multi-gpu/experiment/join_retention_runs/join_retention_20260630_075038/queries/q20/log_dir/sirius_2026-06-30.log,6,12,24,HASH_JOIN,JOIN,33,PARTITIONED,PIPELINEABLE,0,2,2,22021146,4,533227552,0.533227552,1,236728,3,5770368,0.005770368,0.010822,0.01075,18909
q20,q20,/home/dy1013/sirius_multi-gpu/experiment/join_retention_runs/join_retention_20260630_075038/queries/q20/log_dir/sirius_2026-06-30.log,6,14,34,LEFT_DELIM_JOIN,JOIN,37,PIPELINEABLE,PIPELINEABLE,0,2,1,316668,3,7718880,0.00771888,1,316668,3,7718880,0.00771888,1.0,1.0,1
q20,q20,/home/dy1013/sirius_multi-gpu/experiment/join_retention_runs/join_retention_20260630_075038/queries/q20/log_dir/sirius_2026-06-30.log,6,12,34,LEFT_DELIM_JOIN,JOIN,37,PIPELINEABLE,PIPELINEABLE,0,2,1,236728,3,5770368,0.005770368,1,236728,3,5770368,0.005770368,1.0,1.0,1
q20,q20,/home/dy1013/sirius_multi-gpu/experiment/join_retention_runs/join_retention_20260630_075038/queries/q20/log_dir/sirius_2026-06-30.log,6,13,24,HASH_JOIN,JOIN,33,PARTITIONED,PIPELINEABLE,0,2,2,29321048,4,711162736,0.711162736,1,317488,3,7738944,0.007738944,0.010882,0.010828,18970
q20,q20,/home/dy1013/sirius_multi-gpu/experiment/join_retention_runs/join_retention_20260630_075038/queries/q20/log_dir/sirius_2026-06-30.log,6,13,34,LEFT_DELIM_JOIN,JOIN,37,PIPELINEABLE,PIPELINEABLE,0,2,1,317488,3,7738944,0.007738944,1,317488,3,7738944,0.007738944,1.0,1.0,1
q20,q20,/home/dy1013/sirius_multi-gpu/experiment/join_retention_runs/join_retention_20260630_075038/queries/q20/log_dir/sirius_2026-06-30.log,7,15,51,PARTITION,PARTITION,82,PIPELINEABLE,PIPELINEABLE,0,1,1,236728,2,3846912,0.003846912,1,236728,2,3846912,0.003846912,1.0,1.0,1
q20,q20,/home/dy1013/sirius_multi-gpu/experiment/join_retention_runs/join_retention_20260630_075038/queries/q20/log_dir/sirius_2026-06-30.log,7,16,51,PARTITION,PARTITION,82,PIPELINEABLE,PIPELINEABLE,0,1,1,316668,2,5145920,0.00514592,1,316668,2,5145920,0.00514592,1.0,1.0,1
q20,q20,/home/dy1013/sirius_multi-gpu/experiment/join_retention_runs/join_retention_20260630_075038/queries/q20/log_dir/sirius_2026-06-30.log,7,17,51,PARTITION,PARTITION,82,PIPELINEABLE,PIPELINEABLE,0,1,1,317488,2,5159296,0.005159296,1,317488,2,5159296,0.005159296,1.0,1.0,1
q20,q20,/home/dy1013/sirius_multi-gpu/experiment/join_retention_runs/join_retention_20260630_075038/queries/q20/log_dir/sirius_2026-06-30.log,8,18,52,MERGE_GROUP_BY,AGGREGATE,85,PARTITIONED,PIPELINEABLE,0,1,3,870884,6,14152128,0.014152128,1,870884,2,13934144,0.013934144,0.984597,1.0,1946
q20,q20,/home/dy1013/sirius_multi-gpu/experiment/join_retention_runs/join_retention_20260630_075038/queries/q20/log_dir/sirius_2026-06-30.log,18,19,62,PARTITION,PARTITION,82,PIPELINEABLE,PIPELINEABLE,0,1,1,870884,2,13934144,0.013934144,1,870884,2,13934144,0.013934144,1.0,1.0,1
q20,q20,/home/dy1013/sirius_multi-gpu/experiment/join_retention_runs/join_retention_20260630_075038/queries/q20/log_dir/sirius_2026-06-30.log,19,20,61,CONCAT,CONCAT,83,PARTITIONED,PARTITIONED,0,1,1,870884,2,13934144,0.013934144,1,870884,2,13934144,0.013934144,1.0,1.0,0
q20,q20,/home/dy1013/sirius_multi-gpu/experiment/join_retention_runs/join_retention_20260630_075038/queries/q20/log_dir/sirius_2026-06-30.log,20,31,63,GPU_SCAN,SCAN,94,GPU_SCAN,PIPELINEABLE,0,1,0,0,0,0,0.0,1,4854012,3,118316640,0.11831664,0.0,0.0,384060
q20,q20,/home/dy1013/sirius_multi-gpu/experiment/join_retention_runs/join_retention_20260630_075038/queries/q20/log_dir/sirius_2026-06-30.log,20,23,63,GPU_SCAN,SCAN,94,GPU_SCAN,PIPELINEABLE,0,1,0,0,0,0,0.0,1,4851054,3,118244496,0.118244496,0.0,0.0,548124
q20,q20,/home/dy1013/sirius_multi-gpu/experiment/join_retention_runs/join_retention_20260630_075038/queries/q20/log_dir/sirius_2026-06-30.log,21,40,65,PARTITION,PARTITION,82,PIPELINEABLE,PIPELINEABLE,0,1,1,4854012,3,118316640,0.11831664,1,4854012,3,118316640,0.11831664,1.0,1.0,1
q20,q20,/home/dy1013/sirius_multi-gpu/experiment/join_retention_runs/join_retention_20260630_075038/queries/q20/log_dir/sirius_2026-06-30.log,21,41,65,PARTITION,PARTITION,82,PIPELINEABLE,PIPELINEABLE,0,1,1,4851054,3,118244496,0.118244496,1,4851054,3,118244496,0.118244496,1.0,1.0,0
q20,q20,/home/dy1013/sirius_multi-gpu/experiment/join_retention_runs/join_retention_20260630_075038/queries/q20/log_dir/sirius_2026-06-30.log,20,21,63,GPU_SCAN,SCAN,94,GPU_SCAN,PIPELINEABLE,2,1,0,0,0,0,0.0,1,4869366,3,118690896,0.118690896,0.0,0.0,969065
q20,q20,/home/dy1013/sirius_multi-gpu/experiment/join_retention_runs/join_retention_20260630_075038/queries/q20/log_dir/sirius_2026-06-30.log,20,29,63,GPU_SCAN,SCAN,94,GPU_SCAN,PIPELINEABLE,2,1,0,0,0,0,0.0,1,4852206,3,118272528,0.118272528,0.0,0.0,973411
q20,q20,/home/dy1013/sirius_multi-gpu/experiment/join_retention_runs/join_retention_20260630_075038/queries/q20/log_dir/sirius_2026-06-30.log,21,42,65,PARTITION,PARTITION,82,PIPELINEABLE,PIPELINEABLE,2,1,1,4869366,3,118690896,0.118690896,1,4869366,3,118690896,0.118690896,1.0,1.0,4
q20,q20,/home/dy1013/sirius_multi-gpu/experiment/join_retention_runs/join_retention_20260630_075038/queries/q20/log_dir/sirius_2026-06-30.log,21,43,65,PARTITION,PARTITION,82,PIPELINEABLE,PIPELINEABLE,2,1,1,4852206,3,118272528,0.118272528,1,4852206,3,118272528,0.118272528,1.0,1.0,3
q20,q20,/home/dy1013/sirius_multi-gpu/experiment/join_retention_runs/join_retention_20260630_075038/queries/q20/log_dir/sirius_2026-06-30.log,20,25,63,GPU_SCAN,SCAN,94,GPU_SCAN,PIPELINEABLE,2,1,0,0,0,0,0.0,1,4850504,3,118231104,0.118231104,0.0,0.0,1180986
q20,q20,/home/dy1013/sirius_multi-gpu/experiment/join_retention_runs/join_retention_20260630_075038/queries/q20/log_dir/sirius_2026-06-30.log,21,44,65,PARTITION,PARTITION,82,PIPELINEABLE,PIPELINEABLE,2,1,1,4850504,3,118231104,0.118231104,1,4850504,3,118231104,0.118231104,1.0,1.0,4
q20,q20,/home/dy1013/sirius_multi-gpu/experiment/join_retention_runs/join_retention_20260630_075038/queries/q20/log_dir/sirius_2026-06-30.log,22,45,64,CONCAT,CONCAT,83,PARTITIONED,PARTITIONED,0,1,4,19426638,12,473524560,0.47352456,1,19426638,3,466239312,0.466239312,0.984615,1.0,10400
q20,q20,/home/dy1013/sirius_multi-gpu/experiment/join_retention_runs/join_retention_20260630_075038/queries/q20/log_dir/sirius_2026-06-30.log,22,46,64,CONCAT,CONCAT,83,PARTITIONED,PARTITIONED,0,1,1,4850504,3,118231104,0.118231104,1,4850504,3,118231104,0.118231104,1.0,1.0,1
q20,q20,/home/dy1013/sirius_multi-gpu/experiment/join_retention_runs/join_retention_20260630_075038/queries/q20/log_dir/sirius_2026-06-30.log,20,26,63,GPU_SCAN,SCAN,94,GPU_SCAN,PIPELINEABLE,3,1,0,0,0,0,0.0,1,4857384,3,118398912,0.118398912,0.0,0.0,1845024
q20,q20,/home/dy1013/sirius_multi-gpu/experiment/join_retention_runs/join_retention_20260630_075038/queries/q20/log_dir/sirius_2026-06-30.log,20,28,63,GPU_SCAN,SCAN,94,GPU_SCAN,PIPELINEABLE,1,1,0,0,0,0,0.0,1,4850748,3,118237152,0.118237152,0.0,0.0,1951727
q20,q20,/home/dy1013/sirius_multi-gpu/experiment/join_retention_runs/join_retention_20260630_075038/queries/q20/log_dir/sirius_2026-06-30.log,21,49,65,PARTITION,PARTITION,82,PIPELINEABLE,PIPELINEABLE,1,1,1,4850748,3,118237152,0.118237152,1,4850748,3,118237152,0.118237152,1.0,1.0,1
q20,q20,/home/dy1013/sirius_multi-gpu/experiment/join_retention_runs/join_retention_20260630_075038/queries/q20/log_dir/sirius_2026-06-30.log,20,24,63,GPU_SCAN,SCAN,94,GPU_SCAN,PIPELINEABLE,1,1,0,0,0,0,0.0,1,4849699,3,118211592,0.118211592,0.0,0.0,2076867
q20,q20,/home/dy1013/sirius_multi-gpu/experiment/join_retention_runs/join_retention_20260630_075038/queries/q20/log_dir/sirius_2026-06-30.log,21,50,65,PARTITION,PARTITION,82,PIPELINEABLE,PIPELINEABLE,1,1,1,4849699,3,118211592,0.118211592,1,4849699,3,118211592,0.118211592,1.0,1.0,1
q20,q20,/home/dy1013/sirius_multi-gpu/experiment/join_retention_runs/join_retention_20260630_075038/queries/q20/log_dir/sirius_2026-06-30.log,20,22,63,GPU_SCAN,SCAN,94,GPU_SCAN,PIPELINEABLE,3,1,0,0,0,0,0.0,1,4849026,3,118195056,0.118195056,0.0,0.0,2081087
q20,q20,/home/dy1013/sirius_multi-gpu/experiment/join_retention_runs/join_retention_20260630_075038/queries/q20/log_dir/sirius_2026-06-30.log,20,27,63,GPU_SCAN,SCAN,94,GPU_SCAN,PIPELINEABLE,0,1,0,0,0,0,0.0,1,4855760,3,118359168,0.118359168,0.0,0.0,2115963
q20,q20,/home/dy1013/sirius_multi-gpu/experiment/join_retention_runs/join_retention_20260630_075038/queries/q20/log_dir/sirius_2026-06-30.log,21,52,65,PARTITION,PARTITION,82,PIPELINEABLE,PIPELINEABLE,0,1,1,4855760,3,118359168,0.118359168,1,4855760,3,118359168,0.118359168,1.0,1.0,3
q20,q20,/home/dy1013/sirius_multi-gpu/experiment/join_retention_runs/join_retention_20260630_075038/queries/q20/log_dir/sirius_2026-06-30.log,23,47,27,HASH_JOIN,JOIN,33,PARTITIONED,PIPELINEABLE,3,3,2,20297522,5,480173456,0.480173456,1,212177,5,8487080,0.00848708,0.017675,0.010453,9913
q20,q20,/home/dy1013/sirius_multi-gpu/experiment/join_retention_runs/join_retention_20260630_075038/queries/q20/log_dir/sirius_2026-06-30.log,23,47,30,PROJECTION,PROJECTION,13,PIPELINEABLE,PIPELINEABLE,3,3,1,212177,5,8487080,0.00848708,1,212177,3,5092248,0.005092248,0.6,1.0,85
q20,q20,/home/dy1013/sirius_multi-gpu/experiment/join_retention_runs/join_retention_20260630_075038/queries/q20/log_dir/sirius_2026-06-30.log,23,47,31,HASH_GROUP_BY,AGGREGATE,9,PIPELINEABLE,PIPELINEABLE,3,3,1,212177,3,5092248,0.005092248,1,188724,3,6039168,0.006039168,1.185953,0.889465,21033
q20,q20,/home/dy1013/sirius_multi-gpu/experiment/join_retention_runs/join_retention_20260630_075038/queries/q20/log_dir/sirius_2026-06-30.log,21,48,65,PARTITION,PARTITION,82,PIPELINEABLE,PIPELINEABLE,3,1,1,4857384,3,118398912,0.118398912,1,4857384,3,118398912,0.118398912,1.0,1.0,1
q20,q20,/home/dy1013/sirius_multi-gpu/experiment/join_retention_runs/join_retention_20260630_075038/queries/q20/log_dir/sirius_2026-06-30.log,21,51,65,PARTITION,PARTITION,82,PIPELINEABLE,PIPELINEABLE,3,1,1,4849026,3,118195056,0.118195056,1,4849026,3,118195056,0.118195056,1.0,1.0,1
q20,q20,/home/dy1013/sirius_multi-gpu/experiment/join_retention_runs/join_retention_20260630_075038/queries/q20/log_dir/sirius_2026-06-30.log,22,55,64,CONCAT,CONCAT,83,PARTITIONED,PARTITIONED,0,1,1,4849026,3,118195056,0.118195056,1,4849026,3,118195056,0.118195056,1.0,1.0,1
q20,q20,/home/dy1013/sirius_multi-gpu/experiment/join_retention_runs/join_retention_20260630_075038/queries/q20/log_dir/sirius_2026-06-30.log,23,53,27,HASH_JOIN,JOIN,33,PARTITIONED,PIPELINEABLE,3,3,1,4850504,3,118231104,0.118231104,1,52899,5,2135928,0.002135928,0.018066,0.010906,5326
q20,q20,/home/dy1013/sirius_multi-gpu/experiment/join_retention_runs/join_retention_20260630_075038/queries/q20/log_dir/sirius_2026-06-30.log,23,53,30,PROJECTION,PROJECTION,13,PIPELINEABLE,PIPELINEABLE,3,3,1,52899,5,2135928,0.002135928,1,52899,3,1289544,0.001289544,0.603739,1.0,69
q20,q20,/home/dy1013/sirius_multi-gpu/experiment/join_retention_runs/join_retention_20260630_075038/queries/q20/log_dir/sirius_2026-06-30.log,23,53,31,HASH_GROUP_BY,AGGREGATE,9,PIPELINEABLE,PIPELINEABLE,3,3,1,52899,3,1289544,0.001289544,1,51301,3,1654560,0.00165456,1.283058,0.969791,669
q20,q20,/home/dy1013/sirius_multi-gpu/experiment/join_retention_runs/join_retention_20260630_075038/queries/q20/log_dir/sirius_2026-06-30.log,23,56,27,HASH_JOIN,JOIN,33,PARTITIONED,PIPELINEABLE,3,3,1,4849026,3,118195056,0.118195056,1,52693,5,2127496,0.002127496,0.018,0.010867,3887
q20,q20,/home/dy1013/sirius_multi-gpu/experiment/join_retention_runs/join_retention_20260630_075038/queries/q20/log_dir/sirius_2026-06-30.log,23,56,30,PROJECTION,PROJECTION,13,PIPELINEABLE,PIPELINEABLE,3,3,1,52693,5,2127496,0.002127496,1,52693,3,1284408,0.001284408,0.603718,1.0,72
q20,q20,/home/dy1013/sirius_multi-gpu/experiment/join_retention_runs/join_retention_20260630_075038/queries/q20/log_dir/sirius_2026-06-30.log,23,56,31,HASH_GROUP_BY,AGGREGATE,9,PIPELINEABLE,PIPELINEABLE,3,3,1,52693,3,1284408,0.001284408,1,51203,3,1651424,0.001651424,1.285747,0.971723,1867
q20,q20,/home/dy1013/sirius_multi-gpu/experiment/join_retention_runs/join_retention_20260630_075038/queries/q20/log_dir/sirius_2026-06-30.log,22,54,64,CONCAT,CONCAT,83,PARTITIONED,PARTITIONED,0,1,4,19413591,12,473206824,0.473206824,1,19413591,3,465926184,0.465926184,0.984614,1.0,11678
q20,q20,/home/dy1013/sirius_multi-gpu/experiment/join_retention_runs/join_retention_20260630_075038/queries/q20/log_dir/sirius_2026-06-30.log,23,57,27,HASH_JOIN,JOIN,33,PARTITIONED,PIPELINEABLE,3,3,1,19413591,3,465926184,0.465926184,1,211235,5,8449400,0.0084494,0.018135,0.010881,6415
q20,q20,/home/dy1013/sirius_multi-gpu/experiment/join_retention_runs/join_retention_20260630_075038/queries/q20/log_dir/sirius_2026-06-30.log,23,57,30,PROJECTION,PROJECTION,13,PIPELINEABLE,PIPELINEABLE,3,3,1,211235,5,8449400,0.0084494,1,211235,3,5069640,0.00506964,0.6,1.0,63
q20,q20,/home/dy1013/sirius_multi-gpu/experiment/join_retention_runs/join_retention_20260630_075038/queries/q20/log_dir/sirius_2026-06-30.log,23,57,31,HASH_GROUP_BY,AGGREGATE,9,PIPELINEABLE,PIPELINEABLE,3,3,1,211235,3,5069640,0.00506964,1,187932,3,6013824,0.006013824,1.186243,0.889682,1514
q20,q20,/home/dy1013/sirius_multi-gpu/experiment/join_retention_runs/join_retention_20260630_075038/queries/q20/log_dir/sirius_2026-06-30.log,20,32,63,GPU_SCAN,SCAN,94,GPU_SCAN,PIPELINEABLE,1,1,0,0,0,0,0.0,1,4856099,3,118367496,0.118367496,0.0,0.0,2255630
q20,q20,/home/dy1013/sirius_multi-gpu/experiment/join_retention_runs/join_retention_20260630_075038/queries/q20/log_dir/sirius_2026-06-30.log,21,58,65,PARTITION,PARTITION,82,PIPELINEABLE,PIPELINEABLE,1,1,1,4856099,3,118367496,0.118367496,1,4856099,3,118367496,0.118367496,1.0,1.0,4
q20,q20,/home/dy1013/sirius_multi-gpu/experiment/join_retention_runs/join_retention_20260630_075038/queries/q20/log_dir/sirius_2026-06-30.log,20,30,63,GPU_SCAN,SCAN,94,GPU_SCAN,PIPELINEABLE,3,1,0,0,0,0,0.0,1,4853394,3,118301616,0.118301616,0.0,0.0,2423112
q20,q20,/home/dy1013/sirius_multi-gpu/experiment/join_retention_runs/join_retention_20260630_075038/queries/q20/log_dir/sirius_2026-06-30.log,21,59,65,PARTITION,PARTITION,82,PIPELINEABLE,PIPELINEABLE,3,1,1,4853394,3,118301616,0.118301616,1,4853394,3,118301616,0.118301616,1.0,1.0,2
q20,q20,/home/dy1013/sirius_multi-gpu/experiment/join_retention_runs/join_retention_20260630_075038/queries/q20/log_dir/sirius_2026-06-30.log,20,35,63,GPU_SCAN,SCAN,94,GPU_SCAN,PIPELINEABLE,0,1,0,0,0,0,0.0,1,4857812,3,118409184,0.118409184,0.0,0.0,2132087
q20,q20,/home/dy1013/sirius_multi-gpu/experiment/join_retention_runs/join_retention_20260630_075038/queries/q20/log_dir/sirius_2026-06-30.log,21,60,65,PARTITION,PARTITION,82,PIPELINEABLE,PIPELINEABLE,0,1,1,4857812,3,118409184,0.118409184,1,4857812,3,118409184,0.118409184,1.0,1.0,6
q20,q20,/home/dy1013/sirius_multi-gpu/experiment/join_retention_runs/join_retention_20260630_075038/queries/q20/log_dir/sirius_2026-06-30.log,20,39,63,GPU_SCAN,SCAN,94,GPU_SCAN,PIPELINEABLE,0,1,0,0,0,0,0.0,1,3632716,3,88547616,0.088547616,0.0,0.0,2218274
q20,q20,/home/dy1013/sirius_multi-gpu/experiment/join_retention_runs/join_retention_20260630_075038/queries/q20/log_dir/sirius_2026-06-30.log,21,61,65,PARTITION,PARTITION,82,PIPELINEABLE,PIPELINEABLE,0,1,1,3632716,3,88547616,0.088547616,1,3632716,3,88547616,0.088547616,1.0,1.0,1
q20,q20,/home/dy1013/sirius_multi-gpu/experiment/join_retention_runs/join_retention_20260630_075038/queries/q20/log_dir/sirius_2026-06-30.log,20,33,63,GPU_SCAN,SCAN,94,GPU_SCAN,PIPELINEABLE,2,1,0,0,0,0,0.0,1,4853129,3,118295064,0.118295064,0.0,0.0,1838032
q20,q20,/home/dy1013/sirius_multi-gpu/experiment/join_retention_runs/join_retention_20260630_075038/queries/q20/log_dir/sirius_2026-06-30.log,21,62,65,PARTITION,PARTITION,82,PIPELINEABLE,PIPELINEABLE,2,1,1,4853129,3,118295064,0.118295064,1,4853129,3,118295064,0.118295064,1.0,1.0,3
q20,q20,/home/dy1013/sirius_multi-gpu/experiment/join_retention_runs/join_retention_20260630_075038/queries/q20/log_dir/sirius_2026-06-30.log,22,64,64,CONCAT,CONCAT,83,PARTITIONED,PARTITIONED,0,1,1,4853129,3,118295064,0.118295064,1,4853129,3,118295064,0.118295064,1.0,1.0,1
q20,q20,/home/dy1013/sirius_multi-gpu/experiment/join_retention_runs/join_retention_20260630_075038/queries/q20/log_dir/sirius_2026-06-30.log,22,63,64,CONCAT,CONCAT,83,PARTITIONED,PARTITIONED,0,1,4,18200021,12,443625912,0.443625912,1,18200021,3,436800504,0.436800504,0.984614,1.0,9759
q20,q20,/home/dy1013/sirius_multi-gpu/experiment/join_retention_runs/join_retention_20260630_075038/queries/q20/log_dir/sirius_2026-06-30.log,23,66,27,HASH_JOIN,JOIN,33,PARTITIONED,PIPELINEABLE,3,3,1,18200021,3,436800504,0.436800504,1,199082,5,7963280,0.00796328,0.018231,0.010939,8653
q20,q20,/home/dy1013/sirius_multi-gpu/experiment/join_retention_runs/join_retention_20260630_075038/queries/q20/log_dir/sirius_2026-06-30.log,23,66,30,PROJECTION,PROJECTION,13,PIPELINEABLE,PIPELINEABLE,3,3,1,199082,5,7963280,0.00796328,1,199082,3,4777968,0.004777968,0.6,1.0,291
q20,q20,/home/dy1013/sirius_multi-gpu/experiment/join_retention_runs/join_retention_20260630_075038/queries/q20/log_dir/sirius_2026-06-30.log,23,65,27,HASH_JOIN,JOIN,33,PARTITIONED,PIPELINEABLE,3,3,1,4853129,3,118295064,0.118295064,1,52934,5,2137328,0.002137328,0.018068,0.010907,6185
q20,q20,/home/dy1013/sirius_multi-gpu/experiment/join_retention_runs/join_retention_20260630_075038/queries/q20/log_dir/sirius_2026-06-30.log,23,65,30,PROJECTION,PROJECTION,13,PIPELINEABLE,PIPELINEABLE,3,3,1,52934,5,2137328,0.002137328,1,52934,3,1290384,0.001290384,0.603737,1.0,340
q20,q20,/home/dy1013/sirius_multi-gpu/experiment/join_retention_runs/join_retention_20260630_075038/queries/q20/log_dir/sirius_2026-06-30.log,23,66,31,HASH_GROUP_BY,AGGREGATE,9,PIPELINEABLE,PIPELINEABLE,3,3,1,199082,3,4777968,0.004777968,1,178176,3,5701632,0.005701632,1.193317,0.894988,2505
q20,q20,/home/dy1013/sirius_multi-gpu/experiment/join_retention_runs/join_retention_20260630_075038/queries/q20/log_dir/sirius_2026-06-30.log,23,65,31,HASH_GROUP_BY,AGGREGATE,9,PIPELINEABLE,PIPELINEABLE,3,3,1,52934,3,1290384,0.001290384,1,51384,3,1657216,0.001657216,1.284281,0.970718,2061
q20,q20,/home/dy1013/sirius_multi-gpu/experiment/join_retention_runs/join_retention_20260630_075038/queries/q20/log_dir/sirius_2026-06-30.log,20,37,63,GPU_SCAN,SCAN,94,GPU_SCAN,PIPELINEABLE,2,1,0,0,0,0,0.0,1,4862010,3,118511664,0.118511664,0.0,0.0,1957461
q20,q20,/home/dy1013/sirius_multi-gpu/experiment/join_retention_runs/join_retention_20260630_075038/queries/q20/log_dir/sirius_2026-06-30.log,21,67,65,PARTITION,PARTITION,82,PIPELINEABLE,PIPELINEABLE,2,1,1,4862010,3,118511664,0.118511664,1,4862010,3,118511664,0.118511664,1.0,1.0,5
q20,q20,/home/dy1013/sirius_multi-gpu/experiment/join_retention_runs/join_retention_20260630_075038/queries/q20/log_dir/sirius_2026-06-30.log,20,34,63,GPU_SCAN,SCAN,94,GPU_SCAN,PIPELINEABLE,3,1,0,0,0,0,0.0,1,4857378,3,118398768,0.118398768,0.0,0.0,1180464
q20,q20,/home/dy1013/sirius_multi-gpu/experiment/join_retention_runs/join_retention_20260630_075038/queries/q20/log_dir/sirius_2026-06-30.log,21,68,65,PARTITION,PARTITION,82,PIPELINEABLE,PIPELINEABLE,3,1,1,4857378,3,118398768,0.118398768,1,4857378,3,118398768,0.118398768,1.0,1.0,6
q20,q20,/home/dy1013/sirius_multi-gpu/experiment/join_retention_runs/join_retention_20260630_075038/queries/q20/log_dir/sirius_2026-06-30.log,20,36,63,GPU_SCAN,SCAN,94,GPU_SCAN,PIPELINEABLE,1,1,0,0,0,0,0.0,1,4853791,3,118311336,0.118311336,0.0,0.0,1153187
q20,q20,/home/dy1013/sirius_multi-gpu/experiment/join_retention_runs/join_retention_20260630_075038/queries/q20/log_dir/sirius_2026-06-30.log,21,69,65,PARTITION,PARTITION,82,PIPELINEABLE,PIPELINEABLE,1,1,1,4853791,3,118311336,0.118311336,1,4853791,3,118311336,0.118311336,1.0,1.0,1
q20,q20,/home/dy1013/sirius_multi-gpu/experiment/join_retention_runs/join_retention_20260630_075038/queries/q20/log_dir/sirius_2026-06-30.log,20,38,63,GPU_SCAN,SCAN,94,GPU_SCAN,PIPELINEABLE,3,1,0,0,0,0,0.0,1,4856001,3,118365144,0.118365144,0.0,0.0,1054468
q20,q20,/home/dy1013/sirius_multi-gpu/experiment/join_retention_runs/join_retention_20260630_075038/queries/q20/log_dir/sirius_2026-06-30.log,21,70,65,PARTITION,PARTITION,82,PIPELINEABLE,PIPELINEABLE,3,1,1,4856001,3,118365144,0.118365144,1,4856001,3,118365144,0.118365144,1.0,1.0,2
q20,q20,/home/dy1013/sirius_multi-gpu/experiment/join_retention_runs/join_retention_20260630_075038/queries/q20/log_dir/sirius_2026-06-30.log,22,71,64,CONCAT,CONCAT,83,PARTITIONED,PARTITIONED,0,1,4,19429180,12,473586912,0.473586912,1,19429180,3,466300320,0.46630032,0.984614,1.0,10402
q20,q20,/home/dy1013/sirius_multi-gpu/experiment/join_retention_runs/join_retention_20260630_075038/queries/q20/log_dir/sirius_2026-06-30.log,23,72,27,HASH_JOIN,JOIN,33,PARTITIONED,PIPELINEABLE,3,3,1,19429180,3,466300320,0.46630032,1,211520,5,8460800,0.0084608,0.018145,0.010887,6396
q20,q20,/home/dy1013/sirius_multi-gpu/experiment/join_retention_runs/join_retention_20260630_075038/queries/q20/log_dir/sirius_2026-06-30.log,23,72,30,PROJECTION,PROJECTION,13,PIPELINEABLE,PIPELINEABLE,3,3,1,211520,5,8460800,0.0084608,1,211520,3,5076480,0.00507648,0.6,1.0,62
q20,q20,/home/dy1013/sirius_multi-gpu/experiment/join_retention_runs/join_retention_20260630_075038/queries/q20/log_dir/sirius_2026-06-30.log,23,72,31,HASH_GROUP_BY,AGGREGATE,9,PIPELINEABLE,PIPELINEABLE,3,3,1,211520,3,5076480,0.00507648,1,188016,3,6016512,0.006016512,1.185174,0.88888,1450
q20,q20,/home/dy1013/sirius_multi-gpu/experiment/join_retention_runs/join_retention_20260630_075038/queries/q20/log_dir/sirius_2026-06-30.log,24,73,66,PARTITION,PARTITION,82,PIPELINEABLE,PIPELINEABLE,3,1,1,188724,3,6039168,0.006039168,1,188724,3,6039168,0.006039168,1.0,1.0,2
q20,q20,/home/dy1013/sirius_multi-gpu/experiment/join_retention_runs/join_retention_20260630_075038/queries/q20/log_dir/sirius_2026-06-30.log,24,75,66,PARTITION,PARTITION,82,PIPELINEABLE,PIPELINEABLE,3,1,1,51203,3,1651424,0.001651424,1,51203,3,1651424,0.001651424,1.0,1.0,0
q20,q20,/home/dy1013/sirius_multi-gpu/experiment/join_retention_runs/join_retention_20260630_075038/queries/q20/log_dir/sirius_2026-06-30.log,24,77,66,PARTITION,PARTITION,82,PIPELINEABLE,PIPELINEABLE,3,1,1,178176,3,5701632,0.005701632,1,178176,3,5701632,0.005701632,1.0,1.0,1
q20,q20,/home/dy1013/sirius_multi-gpu/experiment/join_retention_runs/join_retention_20260630_075038/queries/q20/log_dir/sirius_2026-06-30.log,24,78,66,PARTITION,PARTITION,82,PIPELINEABLE,PIPELINEABLE,3,1,1,51384,3,1657216,0.001657216,1,51384,3,1657216,0.001657216,1.0,1.0,1
q20,q20,/home/dy1013/sirius_multi-gpu/experiment/join_retention_runs/join_retention_20260630_075038/queries/q20/log_dir/sirius_2026-06-30.log,24,79,66,PARTITION,PARTITION,82,PIPELINEABLE,PIPELINEABLE,3,1,1,188016,3,6016512,0.006016512,1,188016,3,6016512,0.006016512,1.0,1.0,1
q20,q20,/home/dy1013/sirius_multi-gpu/experiment/join_retention_runs/join_retention_20260630_075038/queries/q20/log_dir/sirius_2026-06-30.log,24,74,66,PARTITION,PARTITION,82,PIPELINEABLE,PIPELINEABLE,3,1,1,51301,3,1654560,0.00165456,1,51301,3,1654560,0.00165456,1.0,1.0,8
q20,q20,/home/dy1013/sirius_multi-gpu/experiment/join_retention_runs/join_retention_20260630_075038/queries/q20/log_dir/sirius_2026-06-30.log,24,76,66,PARTITION,PARTITION,82,PIPELINEABLE,PIPELINEABLE,3,1,1,187932,3,6013824,0.006013824,1,187932,3,6013824,0.006013824,1.0,1.0,6
q20,q20,/home/dy1013/sirius_multi-gpu/experiment/join_retention_runs/join_retention_20260630_075038/queries/q20/log_dir/sirius_2026-06-30.log,25,80,67,MERGE_GROUP_BY,AGGREGATE,85,PARTITIONED,PIPELINEABLE,0,1,7,896736,21,28734336,0.028734336,1,594490,3,19023680,0.01902368,0.662054,0.662949,10869
q20,q20,/home/dy1013/sirius_multi-gpu/experiment/join_retention_runs/join_retention_20260630_075038/queries/q20/log_dir/sirius_2026-06-30.log,26,81,32,PROJECTION,PROJECTION,13,PIPELINEABLE,PIPELINEABLE,0,1,1,594490,3,19023680,0.01902368,1,594490,3,19023680,0.01902368,1.0,1.0,3810
q20,q20,/home/dy1013/sirius_multi-gpu/experiment/join_retention_runs/join_retention_20260630_075038/queries/q20/log_dir/sirius_2026-06-30.log,27,82,69,PARTITION,PARTITION,82,PIPELINEABLE,PIPELINEABLE,0,1,1,594490,3,19023680,0.01902368,1,594490,3,19023680,0.01902368,1.0,1.0,1
q20,q20,/home/dy1013/sirius_multi-gpu/experiment/join_retention_runs/join_retention_20260630_075038/queries/q20/log_dir/sirius_2026-06-30.log,28,83,68,CONCAT,CONCAT,83,PARTITIONED,PARTITIONED,0,1,1,594490,3,19023680,0.01902368,1,594490,3,19023680,0.01902368,1.0,1.0,3
q20,q20,/home/dy1013/sirius_multi-gpu/experiment/join_retention_runs/join_retention_20260630_075038/queries/q20/log_dir/sirius_2026-06-30.log,29,84,71,PARTITION,PARTITION,82,PIPELINEABLE,PIPELINEABLE,0,1,1,236728,3,5770368,0.005770368,1,236728,3,5770368,0.005770368,1.0,1.0,1
q20,q20,/home/dy1013/sirius_multi-gpu/experiment/join_retention_runs/join_retention_20260630_075038/queries/q20/log_dir/sirius_2026-06-30.log,29,85,71,PARTITION,PARTITION,82,PIPELINEABLE,PIPELINEABLE,0,1,1,316668,3,7718880,0.00771888,1,316668,3,7718880,0.00771888,1.0,1.0,1
q20,q20,/home/dy1013/sirius_multi-gpu/experiment/join_retention_runs/join_retention_20260630_075038/queries/q20/log_dir/sirius_2026-06-30.log,29,86,71,PARTITION,PARTITION,82,PIPELINEABLE,PIPELINEABLE,0,1,1,317488,3,7738944,0.007738944,1,317488,3,7738944,0.007738944,1.0,1.0,1
q20,q20,/home/dy1013/sirius_multi-gpu/experiment/join_retention_runs/join_retention_20260630_075038/queries/q20/log_dir/sirius_2026-06-30.log,30,87,70,CONCAT,CONCAT,83,PARTITIONED,PARTITIONED,0,1,3,870884,9,21228192,0.021228192,1,870884,3,20901216,0.020901216,0.984597,1.0,554
q20,q20,/home/dy1013/sirius_multi-gpu/experiment/join_retention_runs/join_retention_20260630_075038/queries/q20/log_dir/sirius_2026-06-30.log,31,88,33,HASH_JOIN,JOIN,33,PARTITIONED,PIPELINEABLE,1,3,2,1465374,6,39924896,0.039924896,1,870884,3,27977152,0.027977152,0.700745,0.594308,3536
q20,q20,/home/dy1013/sirius_multi-gpu/experiment/join_retention_runs/join_retention_20260630_075038/queries/q20/log_dir/sirius_2026-06-30.log,31,88,37,FILTER,FILTER,12,PIPELINEABLE,PIPELINEABLE,1,3,1,870884,3,27977152,0.027977152,1,593288,3,19059392,0.019059392,0.681248,0.681248,3667
q20,q20,/home/dy1013/sirius_multi-gpu/experiment/join_retention_runs/join_retention_20260630_075038/queries/q20/log_dir/sirius_2026-06-30.log,31,88,38,PROJECTION,PROJECTION,13,PIPELINEABLE,PIPELINEABLE,1,3,1,593288,3,19059392,0.019059392,1,593288,1,4746304,0.004746304,0.249027,1.0,46
q20,q20,/home/dy1013/sirius_multi-gpu/experiment/join_retention_runs/join_retention_20260630_075038/queries/q20/log_dir/sirius_2026-06-30.log,9,89,53,GPU_SCAN,SCAN,94,GPU_SCAN,PIPELINEABLE,1,1,0,0,0,0,0.0,1,1,1,68,6.8e-08,0.0,0.0,7150
q20,q20,/home/dy1013/sirius_multi-gpu/experiment/join_retention_runs/join_retention_20260630_075038/queries/q20/log_dir/sirius_2026-06-30.log,10,90,55,PARTITION,PARTITION,82,PIPELINEABLE,PIPELINEABLE,1,1,1,1,1,68,6.8e-08,1,1,1,68,6.8e-08,1.0,1.0,8
q20,q20,/home/dy1013/sirius_multi-gpu/experiment/join_retention_runs/join_retention_20260630_075038/queries/q20/log_dir/sirius_2026-06-30.log,11,91,54,CONCAT,CONCAT,83,PARTITIONED,PARTITIONED,0,1,1,1,1,68,6.8e-08,1,1,1,68,6.8e-08,1.0,1.0,7
q20,q20,/home/dy1013/sirius_multi-gpu/experiment/join_retention_runs/join_retention_20260630_075038/queries/q20/log_dir/sirius_2026-06-30.log,12,92,56,GPU_SCAN,SCAN,94,GPU_SCAN,PIPELINEABLE,0,1,0,0,0,0,0.0,1,1000000,4,63497512,0.063497512,0.0,0.0,69039
q20,q20,/home/dy1013/sirius_multi-gpu/experiment/join_retention_runs/join_retention_20260630_075038/queries/q20/log_dir/sirius_2026-06-30.log,13,93,58,PARTITION,PARTITION,82,PIPELINEABLE,PIPELINEABLE,0,1,1,1000000,4,63497512,0.063497512,1,1000000,4,63497512,0.063497512,1.0,1.0,7
q20,q20,/home/dy1013/sirius_multi-gpu/experiment/join_retention_runs/join_retention_20260630_075038/queries/q20/log_dir/sirius_2026-06-30.log,14,94,57,CONCAT,CONCAT,83,PARTITIONED,PARTITIONED,0,1,1,1000000,4,63497512,0.063497512,1,1000000,4,63497512,0.063497512,1.0,1.0,2
q20,q20,/home/dy1013/sirius_multi-gpu/experiment/join_retention_runs/join_retention_20260630_075038/queries/q20/log_dir/sirius_2026-06-30.log,15,95,41,HASH_JOIN,JOIN,33,PARTITIONED,PIPELINEABLE,1,1,2,1000001,5,63497580,0.06349758,1,39739,4,2524491,0.002524491,0.039757,0.039739,1515
q20,q20,/home/dy1013/sirius_multi-gpu/experiment/join_retention_runs/join_retention_20260630_075038/queries/q20/log_dir/sirius_2026-06-30.log,16,96,60,PARTITION,PARTITION,82,PIPELINEABLE,PIPELINEABLE,1,1,1,39739,4,2524491,0.002524491,1,39739,4,2524491,0.002524491,1.0,1.0,8
q20,q20,/home/dy1013/sirius_multi-gpu/experiment/join_retention_runs/join_retention_20260630_075038/queries/q20/log_dir/sirius_2026-06-30.log,17,97,59,CONCAT,CONCAT,83,PARTITIONED,PARTITIONED,0,1,1,39739,4,2524491,0.002524491,1,39739,4,2524491,0.002524491,1.0,1.0,7
q20,q20,/home/dy1013/sirius_multi-gpu/experiment/join_retention_runs/join_retention_20260630_075038/queries/q20/log_dir/sirius_2026-06-30.log,32,98,73,PARTITION,PARTITION,82,PIPELINEABLE,PIPELINEABLE,1,1,1,593288,1,4746304,0.004746304,1,593288,1,4746304,0.004746304,1.0,1.0,7
q20,q20,/home/dy1013/sirius_multi-gpu/experiment/join_retention_runs/join_retention_20260630_075038/queries/q20/log_dir/sirius_2026-06-30.log,33,99,72,CONCAT,CONCAT,83,PARTITIONED,PARTITIONED,0,1,1,593288,1,4746304,0.004746304,1,593288,1,4746304,0.004746304,1.0,1.0,1
q20,q20,/home/dy1013/sirius_multi-gpu/experiment/join_retention_runs/join_retention_20260630_075038/queries/q20/log_dir/sirius_2026-06-30.log,34,100,42,HASH_JOIN,JOIN,33,PARTITIONED,PIPELINEABLE,0,2,2,633027,5,7270795,0.007270795,1,17690,2,907251,0.000907251,0.12478,0.027945,4376
q20,q20,/home/dy1013/sirius_multi-gpu/experiment/join_retention_runs/join_retention_20260630_075038/queries/q20/log_dir/sirius_2026-06-30.log,34,100,43,ORDER_BY,SORT,1,PIPELINEABLE,PIPELINEABLE,0,2,1,17690,2,907251,0.000907251,1,17690,2,907251,0.000907251,1.0,1.0,5724
q20,q20,/home/dy1013/sirius_multi-gpu/experiment/join_retention_runs/join_retention_20260630_075038/queries/q20/log_dir/sirius_2026-06-30.log,35,101,74,SORT_SAMPLE,SORT,89,PIPELINEABLE,PIPELINEABLE,0,2,1,17690,2,907251,0.000907251,1,17690,2,907251,0.000907251,1.0,1.0,1740
q20,q20,/home/dy1013/sirius_multi-gpu/experiment/join_retention_runs/join_retention_20260630_075038/queries/q20/log_dir/sirius_2026-06-30.log,35,101,75,SORT_PARTITION,SORT,88,PIPELINEABLE,PIPELINEABLE,0,2,1,17690,2,907251,0.000907251,6,17690,12,907419,0.000907419,1.000185,1.0,9371
q20,q20,/home/dy1013/sirius_multi-gpu/experiment/join_retention_runs/join_retention_20260630_075038/queries/q20/log_dir/sirius_2026-06-30.log,36,102,76,MERGE_SORT,SORT,84,PIPELINEABLE,PIPELINEABLE,0,1,6,17690,12,907419,0.000907419,1,17690,2,902771,0.000902771,0.994878,1.0,7415
q20,q20,/home/dy1013/sirius_multi-gpu/experiment/join_retention_runs/join_retention_20260630_075038/queries/q20/log_dir/sirius_2026-06-30.log,37,103,44,RESULT_COLLECTOR,RESULT,76,PIPELINEABLE,PIPELINEABLE,0,1,1,17690,2,902771,0.000902771,1,17690,2,902771,0.000902771,1.0,1.0,7
q21,q21,/home/dy1013/sirius_multi-gpu/experiment/join_retention_runs/join_retention_20260630_075038/queries/q21/log_dir/sirius_2026-06-30.log,0,2,59,GPU_SCAN,SCAN,94,GPU_SCAN,PIPELINEABLE,0,1,0,0,0,0,0.0,1,7763249,1,63076424,0.063076424,0.0,0.0,131456
q21,q21,/home/dy1013/sirius_multi-gpu/experiment/join_retention_runs/join_retention_20260630_075038/queries/q21/log_dir/sirius_2026-06-30.log,0,0,59,GPU_SCAN,SCAN,94,GPU_SCAN,PIPELINEABLE,2,1,0,0,0,0,0.0,1,32668675,1,265433048,0.265433048,0.0,0.0,261119
q21,q21,/home/dy1013/sirius_multi-gpu/experiment/join_retention_runs/join_retention_20260630_075038/queries/q21/log_dir/sirius_2026-06-30.log,0,1,59,GPU_SCAN,SCAN,94,GPU_SCAN,PIPELINEABLE,3,1,0,0,0,0,0.0,1,32640578,1,265204752,0.265204752,0.0,0.0,360027
q21,q21,/home/dy1013/sirius_multi-gpu/experiment/join_retention_runs/join_retention_20260630_075038/queries/q21/log_dir/sirius_2026-06-30.log,1,3,61,PARTITION,PARTITION,82,PIPELINEABLE,PIPELINEABLE,0,1,1,7763249,1,63076424,0.063076424,4,7763249,4,62105992,0.062105992,0.984615,1.0,17891
q21,q21,/home/dy1013/sirius_multi-gpu/experiment/join_retention_runs/join_retention_20260630_075038/queries/q21/log_dir/sirius_2026-06-30.log,1,4,61,PARTITION,PARTITION,82,PIPELINEABLE,PIPELINEABLE,2,1,1,32668675,1,265433048,0.265433048,4,32668675,4,261349400,0.2613494,0.984615,1.0,23205
q21,q21,/home/dy1013/sirius_multi-gpu/experiment/join_retention_runs/join_retention_20260630_075038/queries/q21/log_dir/sirius_2026-06-30.log,1,5,61,PARTITION,PARTITION,82,PIPELINEABLE,PIPELINEABLE,3,1,1,32640578,1,265204752,0.265204752,4,32640578,4,261124624,0.261124624,0.984615,1.0,24950
q21,q21,/home/dy1013/sirius_multi-gpu/experiment/join_retention_runs/join_retention_20260630_075038/queries/q21/log_dir/sirius_2026-06-30.log,2,8,60,CONCAT,CONCAT,83,PARTITIONED,PARTITIONED,2,1,3,18266053,3,146128424,0.146128424,1,18266053,1,146128424,0.146128424,1.0,1.0,3304
q21,q21,/home/dy1013/sirius_multi-gpu/experiment/join_retention_runs/join_retention_20260630_075038/queries/q21/log_dir/sirius_2026-06-30.log,2,6,60,CONCAT,CONCAT,83,PARTITIONED,PARTITIONED,0,1,3,18266210,3,146129680,0.14612968,1,18266210,1,146129680,0.14612968,1.0,1.0,3270
q21,q21,/home/dy1013/sirius_multi-gpu/experiment/join_retention_runs/join_retention_20260630_075038/queries/q21/log_dir/sirius_2026-06-30.log,2,9,60,CONCAT,CONCAT,83,PARTITIONED,PARTITIONED,3,1,3,18273618,3,146188944,0.146188944,1,18273618,1,146188944,0.146188944,1.0,1.0,3665
q21,q21,/home/dy1013/sirius_multi-gpu/experiment/join_retention_runs/join_retention_20260630_075038/queries/q21/log_dir/sirius_2026-06-30.log,2,7,60,CONCAT,CONCAT,83,PARTITIONED,PARTITIONED,1,1,3,18266621,3,146132968,0.146132968,1,18266621,1,146132968,0.146132968,1.0,1.0,3305
q21,q21,/home/dy1013/sirius_multi-gpu/experiment/join_retention_runs/join_retention_20260630_075038/queries/q21/log_dir/sirius_2026-06-30.log,12,16,70,GPU_SCAN,SCAN,94,GPU_SCAN,PIPELINEABLE,3,3,0,0,0,0,0.0,1,27900678,4,683566736,0.683566736,0.0,0.0,509034
q21,q21,/home/dy1013/sirius_multi-gpu/experiment/join_retention_runs/join_retention_20260630_075038/queries/q21/log_dir/sirius_2026-06-30.log,12,19,70,GPU_SCAN,SCAN,94,GPU_SCAN,PIPELINEABLE,2,3,0,0,0,0,0.0,1,27900222,4,683555536,0.683555536,0.0,0.0,515385
q21,q21,/home/dy1013/sirius_multi-gpu/experiment/join_retention_runs/join_retention_20260630_075038/queries/q21/log_dir/sirius_2026-06-30.log,12,17,70,GPU_SCAN,SCAN,94,GPU_SCAN,PIPELINEABLE,0,3,0,0,0,0,0.0,1,27899991,4,683549992,0.683549992,0.0,0.0,519531
q21,q21,/home/dy1013/sirius_multi-gpu/experiment/join_retention_runs/join_retention_20260630_075038/queries/q21/log_dir/sirius_2026-06-30.log,12,16,40,FILTER,FILTER,12,PIPELINEABLE,PIPELINEABLE,3,3,1,27900678,4,683566736,0.683566736,1,17639844,4,432176224,0.432176224,0.632237,0.632237,17447
q21,q21,/home/dy1013/sirius_multi-gpu/experiment/join_retention_runs/join_retention_20260630_075038/queries/q21/log_dir/sirius_2026-06-30.log,12,16,41,PROJECTION,PROJECTION,13,PIPELINEABLE,PIPELINEABLE,3,3,1,17639844,4,432176224,0.432176224,1,17639844,2,286647488,0.286647488,0.663265,1.0,1848
q21,q21,/home/dy1013/sirius_multi-gpu/experiment/join_retention_runs/join_retention_20260630_075038/queries/q21/log_dir/sirius_2026-06-30.log,12,19,40,FILTER,FILTER,12,PIPELINEABLE,PIPELINEABLE,2,3,1,27900222,4,683555536,0.683555536,1,17637951,4,432130024,0.432130024,0.63218,0.63218,15098
q21,q21,/home/dy1013/sirius_multi-gpu/experiment/join_retention_runs/join_retention_20260630_075038/queries/q21/log_dir/sirius_2026-06-30.log,12,17,40,FILTER,FILTER,12,PIPELINEABLE,PIPELINEABLE,0,3,1,27899991,4,683549992,0.683549992,1,17637147,4,432110216,0.432110216,0.632156,0.632156,14538
q21,q21,/home/dy1013/sirius_multi-gpu/experiment/join_retention_runs/join_retention_20260630_075038/queries/q21/log_dir/sirius_2026-06-30.log,12,19,41,PROJECTION,PROJECTION,13,PIPELINEABLE,PIPELINEABLE,2,3,1,17637951,4,432130024,0.432130024,1,17637951,2,286616816,0.286616816,0.663265,1.0,1806
q21,q21,/home/dy1013/sirius_multi-gpu/experiment/join_retention_runs/join_retention_20260630_075038/queries/q21/log_dir/sirius_2026-06-30.log,12,17,41,PROJECTION,PROJECTION,13,PIPELINEABLE,PIPELINEABLE,0,3,1,17637147,4,432110216,0.432110216,1,17637147,2,286603696,0.286603696,0.663265,1.0,1870
q21,q21,/home/dy1013/sirius_multi-gpu/experiment/join_retention_runs/join_retention_20260630_075038/queries/q21/log_dir/sirius_2026-06-30.log,12,20,70,GPU_SCAN,SCAN,94,GPU_SCAN,PIPELINEABLE,3,3,0,0,0,0,0.0,1,27901593,4,683589208,0.683589208,0.0,0.0,1060047
q21,q21,/home/dy1013/sirius_multi-gpu/experiment/join_retention_runs/join_retention_20260630_075038/queries/q21/log_dir/sirius_2026-06-30.log,12,21,70,GPU_SCAN,SCAN,94,GPU_SCAN,PIPELINEABLE,0,3,0,0,0,0,0.0,1,27901608,4,683589568,0.683589568,0.0,0.0,1067517
q21,q21,/home/dy1013/sirius_multi-gpu/experiment/join_retention_runs/join_retention_20260630_075038/queries/q21/log_dir/sirius_2026-06-30.log,12,20,40,FILTER,FILTER,12,PIPELINEABLE,PIPELINEABLE,3,3,1,27901593,4,683589208,0.683589208,1,17641773,4,432223544,0.432223544,0.632285,0.632286,10841
q21,q21,/home/dy1013/sirius_multi-gpu/experiment/join_retention_runs/join_retention_20260630_075038/queries/q21/log_dir/sirius_2026-06-30.log,12,20,41,PROJECTION,PROJECTION,13,PIPELINEABLE,PIPELINEABLE,3,3,1,17641773,4,432223544,0.432223544,1,17641773,2,286678864,0.286678864,0.663265,1.0,1851
q21,q21,/home/dy1013/sirius_multi-gpu/experiment/join_retention_runs/join_retention_20260630_075038/queries/q21/log_dir/sirius_2026-06-30.log,12,21,40,FILTER,FILTER,12,PIPELINEABLE,PIPELINEABLE,0,3,1,27901608,4,683589568,0.683589568,1,17640217,4,432185432,0.432185432,0.632229,0.632229,21972
q21,q21,/home/dy1013/sirius_multi-gpu/experiment/join_retention_runs/join_retention_20260630_075038/queries/q21/log_dir/sirius_2026-06-30.log,12,21,41,PROJECTION,PROJECTION,13,PIPELINEABLE,PIPELINEABLE,0,3,1,17640217,4,432185432,0.432185432,1,17640217,2,286653584,0.286653584,0.663265,1.0,2378
q21,q21,/home/dy1013/sirius_multi-gpu/experiment/join_retention_runs/join_retention_20260630_075038/queries/q21/log_dir/sirius_2026-06-30.log,13,32,72,PARTITION,PARTITION,82,PIPELINEABLE,PIPELINEABLE,3,1,1,17639844,2,286647488,0.286647488,4,17639844,8,282237504,0.282237504,0.984615,1.0,10494
q21,q21,/home/dy1013/sirius_multi-gpu/experiment/join_retention_runs/join_retention_20260630_075038/queries/q21/log_dir/sirius_2026-06-30.log,12,13,70,GPU_SCAN,SCAN,94,GPU_SCAN,PIPELINEABLE,0,3,0,0,0,0,0.0,1,27878556,4,683024800,0.6830248,0.0,0.0,1097882
q21,q21,/home/dy1013/sirius_multi-gpu/experiment/join_retention_runs/join_retention_20260630_075038/queries/q21/log_dir/sirius_2026-06-30.log,13,35,72,PARTITION,PARTITION,82,PIPELINEABLE,PIPELINEABLE,3,1,1,17641773,2,286678864,0.286678864,4,17641773,8,282268368,0.282268368,0.984615,1.0,11394
q21,q21,/home/dy1013/sirius_multi-gpu/experiment/join_retention_runs/join_retention_20260630_075038/queries/q21/log_dir/sirius_2026-06-30.log,13,34,72,PARTITION,PARTITION,82,PIPELINEABLE,PIPELINEABLE,0,1,1,17637147,2,286603696,0.286603696,4,17637147,8,282194352,0.282194352,0.984615,1.0,14112
q21,q21,/home/dy1013/sirius_multi-gpu/experiment/join_retention_runs/join_retention_20260630_075038/queries/q21/log_dir/sirius_2026-06-30.log,12,13,40,FILTER,FILTER,12,PIPELINEABLE,PIPELINEABLE,0,3,1,27878556,4,683024800,0.6830248,1,17625926,4,431835280,0.43183528,0.63224,0.63224,22812
q21,q21,/home/dy1013/sirius_multi-gpu/experiment/join_retention_runs/join_retention_20260630_075038/queries/q21/log_dir/sirius_2026-06-30.log,12,13,41,PROJECTION,PROJECTION,13,PIPELINEABLE,PIPELINEABLE,0,3,1,17625926,4,431835280,0.43183528,1,17625926,2,286421344,0.286421344,0.663265,1.0,3130
q21,q21,/home/dy1013/sirius_multi-gpu/experiment/join_retention_runs/join_retention_20260630_075038/queries/q21/log_dir/sirius_2026-06-30.log,13,36,72,PARTITION,PARTITION,82,PIPELINEABLE,PIPELINEABLE,0,1,1,17640217,2,286653584,0.286653584,4,17640217,8,282243472,0.282243472,0.984615,1.0,20018
q21,q21,/home/dy1013/sirius_multi-gpu/experiment/join_retention_runs/join_retention_20260630_075038/queries/q21/log_dir/sirius_2026-06-30.log,13,37,72,PARTITION,PARTITION,82,PIPELINEABLE,PIPELINEABLE,0,1,1,17625926,2,286421344,0.286421344,4,17625926,8,282014816,0.282014816,0.984615,1.0,7230
q21,q21,/home/dy1013/sirius_multi-gpu/experiment/join_retention_runs/join_retention_20260630_075038/queries/q21/log_dir/sirius_2026-06-30.log,12,10,70,GPU_SCAN,SCAN,94,GPU_SCAN,PIPELINEABLE,1,3,0,0,0,0,0.0,1,27955695,4,684914536,0.684914536,0.0,0.0,1220976
q21,q21,/home/dy1013/sirius_multi-gpu/experiment/join_retention_runs/join_retention_20260630_075038/queries/q21/log_dir/sirius_2026-06-30.log,12,10,40,FILTER,FILTER,12,PIPELINEABLE,PIPELINEABLE,1,3,1,27955695,4,684914536,0.684914536,1,17675508,4,433050080,0.43305008,0.632269,0.632269,18288
q21,q21,/home/dy1013/sirius_multi-gpu/experiment/join_retention_runs/join_retention_20260630_075038/queries/q21/log_dir/sirius_2026-06-30.log,12,10,41,PROJECTION,PROJECTION,13,PIPELINEABLE,PIPELINEABLE,1,3,1,17675508,4,433050080,0.43305008,1,17675508,2,287227072,0.287227072,0.663265,1.0,1840
q21,q21,/home/dy1013/sirius_multi-gpu/experiment/join_retention_runs/join_retention_20260630_075038/queries/q21/log_dir/sirius_2026-06-30.log,12,18,70,GPU_SCAN,SCAN,94,GPU_SCAN,PIPELINEABLE,1,3,0,0,0,0,0.0,1,27900918,4,683572496,0.683572496,0.0,0.0,1438385
q21,q21,/home/dy1013/sirius_multi-gpu/experiment/join_retention_runs/join_retention_20260630_075038/queries/q21/log_dir/sirius_2026-06-30.log,12,18,40,FILTER,FILTER,12,PIPELINEABLE,PIPELINEABLE,1,3,1,27900918,4,683572496,0.683572496,1,17639430,4,432166288,0.432166288,0.632217,0.632217,9036
q21,q21,/home/dy1013/sirius_multi-gpu/experiment/join_retention_runs/join_retention_20260630_075038/queries/q21/log_dir/sirius_2026-06-30.log,12,18,41,PROJECTION,PROJECTION,13,PIPELINEABLE,PIPELINEABLE,1,3,1,17639430,4,432166288,0.432166288,1,17639430,2,286640864,0.286640864,0.663265,1.0,1799
q21,q21,/home/dy1013/sirius_multi-gpu/experiment/join_retention_runs/join_retention_20260630_075038/queries/q21/log_dir/sirius_2026-06-30.log,12,12,70,GPU_SCAN,SCAN,94,GPU_SCAN,PIPELINEABLE,3,3,0,0,0,0,0.0,1,27898757,4,683519608,0.683519608,0.0,0.0,1560059
q21,q21,/home/dy1013/sirius_multi-gpu/experiment/join_retention_runs/join_retention_20260630_075038/queries/q21/log_dir/sirius_2026-06-30.log,12,14,70,GPU_SCAN,SCAN,94,GPU_SCAN,PIPELINEABLE,1,3,0,0,0,0,0.0,1,27900769,4,683568920,0.68356892,0.0,0.0,1561255
q21,q21,/home/dy1013/sirius_multi-gpu/experiment/join_retention_runs/join_retention_20260630_075038/queries/q21/log_dir/sirius_2026-06-30.log,12,15,70,GPU_SCAN,SCAN,94,GPU_SCAN,PIPELINEABLE,2,3,0,0,0,0,0.0,1,27900900,4,683572064,0.683572064,0.0,0.0,1566895
q21,q21,/home/dy1013/sirius_multi-gpu/experiment/join_retention_runs/join_retention_20260630_075038/queries/q21/log_dir/sirius_2026-06-30.log,12,14,40,FILTER,FILTER,12,PIPELINEABLE,PIPELINEABLE,1,3,1,27900769,4,683568920,0.68356892,1,17637336,4,432114752,0.432114752,0.632145,0.632145,11047
q21,q21,/home/dy1013/sirius_multi-gpu/experiment/join_retention_runs/join_retention_20260630_075038/queries/q21/log_dir/sirius_2026-06-30.log,12,12,40,FILTER,FILTER,12,PIPELINEABLE,PIPELINEABLE,3,3,1,27898757,4,683519608,0.683519608,1,17639110,4,432158352,0.432158352,0.632255,0.632254,13298
q21,q21,/home/dy1013/sirius_multi-gpu/experiment/join_retention_runs/join_retention_20260630_075038/queries/q21/log_dir/sirius_2026-06-30.log,12,12,41,PROJECTION,PROJECTION,13,PIPELINEABLE,PIPELINEABLE,3,3,1,17639110,4,432158352,0.432158352,1,17639110,2,286635616,0.286635616,0.663265,1.0,12847
q21,q21,/home/dy1013/sirius_multi-gpu/experiment/join_retention_runs/join_retention_20260630_075038/queries/q21/log_dir/sirius_2026-06-30.log,12,14,41,PROJECTION,PROJECTION,13,PIPELINEABLE,PIPELINEABLE,1,3,1,17637336,4,432114752,0.432114752,1,17637336,2,286606720,0.28660672,0.663265,1.0,13251
q21,q21,/home/dy1013/sirius_multi-gpu/experiment/join_retention_runs/join_retention_20260630_075038/queries/q21/log_dir/sirius_2026-06-30.log,12,15,40,FILTER,FILTER,12,PIPELINEABLE,PIPELINEABLE,2,3,1,27900900,4,683572064,0.683572064,1,17637211,4,432111752,0.432111752,0.632138,0.632138,26775
q21,q21,/home/dy1013/sirius_multi-gpu/experiment/join_retention_runs/join_retention_20260630_075038/queries/q21/log_dir/sirius_2026-06-30.log,12,15,41,PROJECTION,PROJECTION,13,PIPELINEABLE,PIPELINEABLE,2,3,1,17637211,4,432111752,0.432111752,1,17637211,2,286604720,0.28660472,0.663265,1.0,3774
q21,q21,/home/dy1013/sirius_multi-gpu/experiment/join_retention_runs/join_retention_20260630_075038/queries/q21/log_dir/sirius_2026-06-30.log,13,38,72,PARTITION,PARTITION,82,PIPELINEABLE,PIPELINEABLE,1,1,1,17675508,2,287227072,0.287227072,4,17675508,8,282808128,0.282808128,0.984615,1.0,14136
q21,q21,/home/dy1013/sirius_multi-gpu/experiment/join_retention_runs/join_retention_20260630_075038/queries/q21/log_dir/sirius_2026-06-30.log,13,41,72,PARTITION,PARTITION,82,PIPELINEABLE,PIPELINEABLE,3,1,1,17639110,2,286635616,0.286635616,4,17639110,8,282225760,0.28222576,0.984615,1.0,11395
q21,q21,/home/dy1013/sirius_multi-gpu/experiment/join_retention_runs/join_retention_20260630_075038/queries/q21/log_dir/sirius_2026-06-30.log,13,39,72,PARTITION,PARTITION,82,PIPELINEABLE,PIPELINEABLE,1,1,1,17639430,2,286640864,0.286640864,4,17639430,8,282230880,0.28223088,0.984615,1.0,5216
q21,q21,/home/dy1013/sirius_multi-gpu/experiment/join_retention_runs/join_retention_20260630_075038/queries/q21/log_dir/sirius_2026-06-30.log,14,44,71,CONCAT,CONCAT,83,PARTITIONED,PARTITIONED,0,1,1,4411724,2,70587584,0.070587584,1,4411724,2,70587584,0.070587584,1.0,1.0,1
q21,q21,/home/dy1013/sirius_multi-gpu/experiment/join_retention_runs/join_retention_20260630_075038/queries/q21/log_dir/sirius_2026-06-30.log,14,50,71,CONCAT,CONCAT,83,PARTITIONED,PARTITIONED,3,1,1,4409542,2,70552672,0.070552672,1,4409542,2,70552672,0.070552672,1.0,1.0,1
q21,q21,/home/dy1013/sirius_multi-gpu/experiment/join_retention_runs/join_retention_20260630_075038/queries/q21/log_dir/sirius_2026-06-30.log,13,40,72,PARTITION,PARTITION,82,PIPELINEABLE,PIPELINEABLE,1,1,1,17637336,2,286606720,0.28660672,4,17637336,8,282197376,0.282197376,0.984615,1.0,14618
q21,q21,/home/dy1013/sirius_multi-gpu/experiment/join_retention_runs/join_retention_20260630_075038/queries/q21/log_dir/sirius_2026-06-30.log,14,49,71,CONCAT,CONCAT,83,PARTITIONED,PARTITIONED,3,1,7,30876152,14,494018432,0.494018432,1,30876152,2,494018432,0.494018432,1.0,1.0,6156
q21,q21,/home/dy1013/sirius_multi-gpu/experiment/join_retention_runs/join_retention_20260630_075038/queries/q21/log_dir/sirius_2026-06-30.log,14,43,71,CONCAT,CONCAT,83,PARTITIONED,PARTITIONED,0,1,7,30873088,14,493969408,0.493969408,1,30873088,2,493969408,0.493969408,1.0,1.0,2704
q21,q21,/home/dy1013/sirius_multi-gpu/experiment/join_retention_runs/join_retention_20260630_075038/queries/q21/log_dir/sirius_2026-06-30.log,12,11,70,GPU_SCAN,SCAN,94,GPU_SCAN,PIPELINEABLE,2,3,0,0,0,0,0.0,1,27898083,4,683503176,0.683503176,0.0,0.0,1652964
q21,q21,/home/dy1013/sirius_multi-gpu/experiment/join_retention_runs/join_retention_20260630_075038/queries/q21/log_dir/sirius_2026-06-30.log,14,45,71,CONCAT,CONCAT,83,PARTITIONED,PARTITIONED,1,1,7,30886694,14,494187104,0.494187104,1,30886694,2,494187104,0.494187104,1.0,1.0,1998
q21,q21,/home/dy1013/sirius_multi-gpu/experiment/join_retention_runs/join_retention_20260630_075038/queries/q21/log_dir/sirius_2026-06-30.log,14,46,71,CONCAT,CONCAT,83,PARTITIONED,PARTITIONED,1,1,1,4412898,2,70606368,0.070606368,1,4412898,2,70606368,0.070606368,1.0,1.0,1
q21,q21,/home/dy1013/sirius_multi-gpu/experiment/join_retention_runs/join_retention_20260630_075038/queries/q21/log_dir/sirius_2026-06-30.log,12,11,40,FILTER,FILTER,12,PIPELINEABLE,PIPELINEABLE,2,3,1,27898083,4,683503176,0.683503176,1,17640631,4,432195624,0.432195624,0.632324,0.632324,6437
q21,q21,/home/dy1013/sirius_multi-gpu/experiment/join_retention_runs/join_retention_20260630_075038/queries/q21/log_dir/sirius_2026-06-30.log,12,11,41,PROJECTION,PROJECTION,13,PIPELINEABLE,PIPELINEABLE,2,3,1,17640631,4,432195624,0.432195624,1,17640631,2,286660336,0.286660336,0.663265,1.0,1830
q21,q21,/home/dy1013/sirius_multi-gpu/experiment/join_retention_runs/join_retention_20260630_075038/queries/q21/log_dir/sirius_2026-06-30.log,13,33,72,PARTITION,PARTITION,82,PIPELINEABLE,PIPELINEABLE,2,1,1,17637951,2,286616816,0.286616816,4,17637951,8,282207216,0.282207216,0.984615,1.0,16758
q21,q21,/home/dy1013/sirius_multi-gpu/experiment/join_retention_runs/join_retention_20260630_075038/queries/q21/log_dir/sirius_2026-06-30.log,13,42,72,PARTITION,PARTITION,82,PIPELINEABLE,PIPELINEABLE,2,1,1,17637211,2,286604720,0.28660472,4,17637211,8,282195376,0.282195376,0.984615,1.0,5679
q21,q21,/home/dy1013/sirius_multi-gpu/experiment/join_retention_runs/join_retention_20260630_075038/queries/q21/log_dir/sirius_2026-06-30.log,14,47,71,CONCAT,CONCAT,83,PARTITIONED,PARTITIONED,2,1,7,30863591,14,493817456,0.493817456,1,30863591,2,493817456,0.493817456,1.0,1.0,2132
q21,q21,/home/dy1013/sirius_multi-gpu/experiment/join_retention_runs/join_retention_20260630_075038/queries/q21/log_dir/sirius_2026-06-30.log,14,48,71,CONCAT,CONCAT,83,PARTITIONED,PARTITIONED,2,1,1,4405266,2,70484256,0.070484256,1,4405266,2,70484256,0.070484256,1.0,1.0,1
q21,q21,/home/dy1013/sirius_multi-gpu/experiment/join_retention_runs/join_retention_20260630_075038/queries/q21/log_dir/sirius_2026-06-30.log,13,51,72,PARTITION,PARTITION,82,PIPELINEABLE,PIPELINEABLE,2,1,1,17640631,2,286660336,0.286660336,4,17640631,8,282250096,0.282250096,0.984615,1.0,5654
q21,q21,/home/dy1013/sirius_multi-gpu/experiment/join_retention_runs/join_retention_20260630_075038/queries/q21/log_dir/sirius_2026-06-30.log,12,24,70,GPU_SCAN,SCAN,94,GPU_SCAN,PIPELINEABLE,3,3,0,0,0,0,0.0,1,27900625,4,683565464,0.683565464,0.0,0.0,1233878
q21,q21,/home/dy1013/sirius_multi-gpu/experiment/join_retention_runs/join_retention_20260630_075038/queries/q21/log_dir/sirius_2026-06-30.log,12,24,40,FILTER,FILTER,12,PIPELINEABLE,PIPELINEABLE,3,3,1,27900625,4,683565464,0.683565464,1,17640035,4,432181064,0.432181064,0.632245,0.632245,10181
q21,q21,/home/dy1013/sirius_multi-gpu/experiment/join_retention_runs/join_retention_20260630_075038/queries/q21/log_dir/sirius_2026-06-30.log,12,24,41,PROJECTION,PROJECTION,13,PIPELINEABLE,PIPELINEABLE,3,3,1,17640035,4,432181064,0.432181064,1,17640035,2,286650672,0.286650672,0.663265,1.0,1837
q21,q21,/home/dy1013/sirius_multi-gpu/experiment/join_retention_runs/join_retention_20260630_075038/queries/q21/log_dir/sirius_2026-06-30.log,13,52,72,PARTITION,PARTITION,82,PIPELINEABLE,PIPELINEABLE,3,1,1,17640035,2,286650672,0.286650672,4,17640035,8,282240560,0.28224056,0.984615,1.0,6911
q21,q21,/home/dy1013/sirius_multi-gpu/experiment/join_retention_runs/join_retention_20260630_075038/queries/q21/log_dir/sirius_2026-06-30.log,12,23,70,GPU_SCAN,SCAN,94,GPU_SCAN,PIPELINEABLE,2,3,0,0,0,0,0.0,1,27900292,4,683557216,0.683557216,0.0,0.0,1480631
q21,q21,/home/dy1013/sirius_multi-gpu/experiment/join_retention_runs/join_retention_20260630_075038/queries/q21/log_dir/sirius_2026-06-30.log,12,25,70,GPU_SCAN,SCAN,94,GPU_SCAN,PIPELINEABLE,0,3,0,0,0,0,0.0,1,27901154,4,683578416,0.683578416,0.0,0.0,1486192
q21,q21,/home/dy1013/sirius_multi-gpu/experiment/join_retention_runs/join_retention_20260630_075038/queries/q21/log_dir/sirius_2026-06-30.log,12,23,40,FILTER,FILTER,12,PIPELINEABLE,PIPELINEABLE,2,3,1,27900292,4,683557216,0.683557216,1,17641441,4,432215320,0.43221532,0.632303,0.632303,8996
q21,q21,/home/dy1013/sirius_multi-gpu/experiment/join_retention_runs/join_retention_20260630_075038/queries/q21/log_dir/sirius_2026-06-30.log,12,25,40,FILTER,FILTER,12,PIPELINEABLE,PIPELINEABLE,0,3,1,27901154,4,683578416,0.683578416,1,17636520,4,432094912,0.432094912,0.632107,0.632107,7723
q21,q21,/home/dy1013/sirius_multi-gpu/experiment/join_retention_runs/join_retention_20260630_075038/queries/q21/log_dir/sirius_2026-06-30.log,12,25,41,PROJECTION,PROJECTION,13,PIPELINEABLE,PIPELINEABLE,0,3,1,17636520,4,432094912,0.432094912,1,17636520,2,286593536,0.286593536,0.663265,1.0,1825
q21,q21,/home/dy1013/sirius_multi-gpu/experiment/join_retention_runs/join_retention_20260630_075038/queries/q21/log_dir/sirius_2026-06-30.log,12,23,41,PROJECTION,PROJECTION,13,PIPELINEABLE,PIPELINEABLE,2,3,1,17641441,4,432215320,0.43221532,1,17641441,2,286673424,0.286673424,0.663265,1.0,1752
q21,q21,/home/dy1013/sirius_multi-gpu/experiment/join_retention_runs/join_retention_20260630_075038/queries/q21/log_dir/sirius_2026-06-30.log,13,53,72,PARTITION,PARTITION,82,PIPELINEABLE,PIPELINEABLE,0,1,1,17636520,2,286593536,0.286593536,4,17636520,8,282184320,0.28218432,0.984615,1.0,9223
q21,q21,/home/dy1013/sirius_multi-gpu/experiment/join_retention_runs/join_retention_20260630_075038/queries/q21/log_dir/sirius_2026-06-30.log,13,54,72,PARTITION,PARTITION,82,PIPELINEABLE,PIPELINEABLE,2,1,1,17641441,2,286673424,0.286673424,4,17641441,8,282263056,0.282263056,0.984615,1.0,9637
q21,q21,/home/dy1013/sirius_multi-gpu/experiment/join_retention_runs/join_retention_20260630_075038/queries/q21/log_dir/sirius_2026-06-30.log,12,28,70,GPU_SCAN,SCAN,94,GPU_SCAN,PIPELINEABLE,3,3,0,0,0,0,0.0,1,27900526,4,683563088,0.683563088,0.0,0.0,1183614
q21,q21,/home/dy1013/sirius_multi-gpu/experiment/join_retention_runs/join_retention_20260630_075038/queries/q21/log_dir/sirius_2026-06-30.log,12,29,70,GPU_SCAN,SCAN,94,GPU_SCAN,PIPELINEABLE,0,3,0,0,0,0,0.0,1,27900298,4,683557360,0.68355736,0.0,0.0,1171391
q21,q21,/home/dy1013/sirius_multi-gpu/experiment/join_retention_runs/join_retention_20260630_075038/queries/q21/log_dir/sirius_2026-06-30.log,12,28,40,FILTER,FILTER,12,PIPELINEABLE,PIPELINEABLE,3,3,1,27900526,4,683563088,0.683563088,1,17638809,4,432150872,0.432150872,0.632203,0.632203,17452
q21,q21,/home/dy1013/sirius_multi-gpu/experiment/join_retention_runs/join_retention_20260630_075038/queries/q21/log_dir/sirius_2026-06-30.log,12,29,40,FILTER,FILTER,12,PIPELINEABLE,PIPELINEABLE,0,3,1,27900298,4,683557360,0.68355736,1,17641785,4,432223832,0.432223832,0.632315,0.632315,11291
q21,q21,/home/dy1013/sirius_multi-gpu/experiment/join_retention_runs/join_retention_20260630_075038/queries/q21/log_dir/sirius_2026-06-30.log,12,28,41,PROJECTION,PROJECTION,13,PIPELINEABLE,PIPELINEABLE,3,3,1,17638809,4,432150872,0.432150872,1,17638809,2,286630672,0.286630672,0.663265,1.0,1827
q21,q21,/home/dy1013/sirius_multi-gpu/experiment/join_retention_runs/join_retention_20260630_075038/queries/q21/log_dir/sirius_2026-06-30.log,12,29,41,PROJECTION,PROJECTION,13,PIPELINEABLE,PIPELINEABLE,0,3,1,17641785,4,432223832,0.432223832,1,17641785,2,286679056,0.286679056,0.663265,1.0,1861
q21,q21,/home/dy1013/sirius_multi-gpu/experiment/join_retention_runs/join_retention_20260630_075038/queries/q21/log_dir/sirius_2026-06-30.log,13,55,72,PARTITION,PARTITION,82,PIPELINEABLE,PIPELINEABLE,3,1,1,17638809,2,286630672,0.286630672,4,17638809,8,282220944,0.282220944,0.984615,1.0,10094
q21,q21,/home/dy1013/sirius_multi-gpu/experiment/join_retention_runs/join_retention_20260630_075038/queries/q21/log_dir/sirius_2026-06-30.log,14,64,71,CONCAT,CONCAT,83,PARTITIONED,PARTITIONED,3,1,1,4419866,2,70717856,0.070717856,1,4419866,2,70717856,0.070717856,1.0,1.0,2
q21,q21,/home/dy1013/sirius_multi-gpu/experiment/join_retention_runs/join_retention_20260630_075038/queries/q21/log_dir/sirius_2026-06-30.log,13,56,72,PARTITION,PARTITION,82,PIPELINEABLE,PIPELINEABLE,0,1,1,17641785,2,286679056,0.286679056,4,17641785,8,282268560,0.28226856,0.984615,1.0,12992
q21,q21,/home/dy1013/sirius_multi-gpu/experiment/join_retention_runs/join_retention_20260630_075038/queries/q21/log_dir/sirius_2026-06-30.log,14,62,71,CONCAT,CONCAT,83,PARTITIONED,PARTITIONED,2,1,1,4402825,2,70445200,0.0704452,1,4402825,2,70445200,0.0704452,1.0,1.0,1
q21,q21,/home/dy1013/sirius_multi-gpu/experiment/join_retention_runs/join_retention_20260630_075038/queries/q21/log_dir/sirius_2026-06-30.log,14,58,71,CONCAT,CONCAT,83,PARTITIONED,PARTITIONED,0,1,1,4406073,2,70497168,0.070497168,1,4406073,2,70497168,0.070497168,1.0,1.0,1
q21,q21,/home/dy1013/sirius_multi-gpu/experiment/join_retention_runs/join_retention_20260630_075038/queries/q21/log_dir/sirius_2026-06-30.log,14,61,71,CONCAT,CONCAT,83,PARTITIONED,PARTITIONED,2,1,7,30862007,14,493792112,0.493792112,1,30862007,2,493792112,0.493792112,1.0,1.0,22586
q21,q21,/home/dy1013/sirius_multi-gpu/experiment/join_retention_runs/join_retention_20260630_075038/queries/q21/log_dir/sirius_2026-06-30.log,14,63,71,CONCAT,CONCAT,83,PARTITIONED,PARTITIONED,3,1,7,30876605,14,494025680,0.49402568,1,30876605,2,494025680,0.49402568,1.0,1.0,2683
q21,q21,/home/dy1013/sirius_multi-gpu/experiment/join_retention_runs/join_retention_20260630_075038/queries/q21/log_dir/sirius_2026-06-30.log,14,57,71,CONCAT,CONCAT,83,PARTITIONED,PARTITIONED,0,1,7,30864105,14,493825680,0.49382568,1,30864105,2,493825680,0.49382568,1.0,1.0,2605
q21,q21,/home/dy1013/sirius_multi-gpu/experiment/join_retention_runs/join_retention_20260630_075038/queries/q21/log_dir/sirius_2026-06-30.log,14,59,71,CONCAT,CONCAT,83,PARTITIONED,PARTITIONED,1,1,7,30868408,14,493894528,0.493894528,1,30868408,2,493894528,0.493894528,1.0,1.0,5070
q21,q21,/home/dy1013/sirius_multi-gpu/experiment/join_retention_runs/join_retention_20260630_075038/queries/q21/log_dir/sirius_2026-06-30.log,14,60,71,CONCAT,CONCAT,83,PARTITIONED,PARTITIONED,1,1,1,4410045,2,70560720,0.07056072,1,4410045,2,70560720,0.07056072,1.0,1.0,1
q21,q21,/home/dy1013/sirius_multi-gpu/experiment/join_retention_runs/join_retention_20260630_075038/queries/q21/log_dir/sirius_2026-06-30.log,12,22,70,GPU_SCAN,SCAN,94,GPU_SCAN,PIPELINEABLE,1,3,0,0,0,0,0.0,1,27901016,4,683575104,0.683575104,0.0,0.0,1113941
q21,q21,/home/dy1013/sirius_multi-gpu/experiment/join_retention_runs/join_retention_20260630_075038/queries/q21/log_dir/sirius_2026-06-30.log,12,22,40,FILTER,FILTER,12,PIPELINEABLE,PIPELINEABLE,1,3,1,27901016,4,683575104,0.683575104,1,17639946,4,432178928,0.432178928,0.632233,0.632233,9768
q21,q21,/home/dy1013/sirius_multi-gpu/experiment/join_retention_runs/join_retention_20260630_075038/queries/q21/log_dir/sirius_2026-06-30.log,12,22,41,PROJECTION,PROJECTION,13,PIPELINEABLE,PIPELINEABLE,1,3,1,17639946,4,432178928,0.432178928,1,17639946,2,286649248,0.286649248,0.663265,1.0,1925
q21,q21,/home/dy1013/sirius_multi-gpu/experiment/join_retention_runs/join_retention_20260630_075038/queries/q21/log_dir/sirius_2026-06-30.log,13,65,72,PARTITION,PARTITION,82,PIPELINEABLE,PIPELINEABLE,1,1,1,17639946,2,286649248,0.286649248,4,17639946,8,282239136,0.282239136,0.984615,1.0,11321
q21,q21,/home/dy1013/sirius_multi-gpu/experiment/join_retention_runs/join_retention_20260630_075038/queries/q21/log_dir/sirius_2026-06-30.log,12,26,70,GPU_SCAN,SCAN,94,GPU_SCAN,PIPELINEABLE,1,3,0,0,0,0,0.0,1,27900864,4,683571200,0.6835712,0.0,0.0,939400
q21,q21,/home/dy1013/sirius_multi-gpu/experiment/join_retention_runs/join_retention_20260630_075038/queries/q21/log_dir/sirius_2026-06-30.log,12,26,40,FILTER,FILTER,12,PIPELINEABLE,PIPELINEABLE,1,3,1,27900864,4,683571200,0.6835712,1,17639459,4,432166984,0.432166984,0.632219,0.632219,16717
q21,q21,/home/dy1013/sirius_multi-gpu/experiment/join_retention_runs/join_retention_20260630_075038/queries/q21/log_dir/sirius_2026-06-30.log,12,26,41,PROJECTION,PROJECTION,13,PIPELINEABLE,PIPELINEABLE,1,3,1,17639459,4,432166984,0.432166984,1,17639459,2,286641328,0.286641328,0.663265,1.0,3749
q21,q21,/home/dy1013/sirius_multi-gpu/experiment/join_retention_runs/join_retention_20260630_075038/queries/q21/log_dir/sirius_2026-06-30.log,13,66,72,PARTITION,PARTITION,82,PIPELINEABLE,PIPELINEABLE,1,1,1,17639459,2,286641328,0.286641328,4,17639459,8,282231344,0.282231344,0.984615,1.0,7278
q21,q21,/home/dy1013/sirius_multi-gpu/experiment/join_retention_runs/join_retention_20260630_075038/queries/q21/log_dir/sirius_2026-06-30.log,12,27,70,GPU_SCAN,SCAN,94,GPU_SCAN,PIPELINEABLE,2,3,0,0,0,0,0.0,1,27901021,4,683575224,0.683575224,0.0,0.0,825162
q21,q21,/home/dy1013/sirius_multi-gpu/experiment/join_retention_runs/join_retention_20260630_075038/queries/q21/log_dir/sirius_2026-06-30.log,12,30,70,GPU_SCAN,SCAN,94,GPU_SCAN,PIPELINEABLE,1,3,0,0,0,0,0.0,1,27901281,4,683581464,0.683581464,0.0,0.0,976332
q21,q21,/home/dy1013/sirius_multi-gpu/experiment/join_retention_runs/join_retention_20260630_075038/queries/q21/log_dir/sirius_2026-06-30.log,12,30,40,FILTER,FILTER,12,PIPELINEABLE,PIPELINEABLE,1,3,1,27901281,4,683581464,0.683581464,1,17637414,4,432116880,0.43211688,0.632137,0.632136,7707
q21,q21,/home/dy1013/sirius_multi-gpu/experiment/join_retention_runs/join_retention_20260630_075038/queries/q21/log_dir/sirius_2026-06-30.log,12,30,41,PROJECTION,PROJECTION,13,PIPELINEABLE,PIPELINEABLE,1,3,1,17637414,4,432116880,0.43211688,1,17637414,2,286608096,0.286608096,0.663265,1.0,1837
q21,q21,/home/dy1013/sirius_multi-gpu/experiment/join_retention_runs/join_retention_20260630_075038/queries/q21/log_dir/sirius_2026-06-30.log,13,67,72,PARTITION,PARTITION,82,PIPELINEABLE,PIPELINEABLE,1,1,1,17637414,2,286608096,0.286608096,4,17637414,8,282198624,0.282198624,0.984615,1.0,6703
q21,q21,/home/dy1013/sirius_multi-gpu/experiment/join_retention_runs/join_retention_20260630_075038/queries/q21/log_dir/sirius_2026-06-30.log,12,27,40,FILTER,FILTER,12,PIPELINEABLE,PIPELINEABLE,2,3,1,27901021,4,683575224,0.683575224,1,17637306,4,432114032,0.432114032,0.632138,0.632138,21850
q21,q21,/home/dy1013/sirius_multi-gpu/experiment/join_retention_runs/join_retention_20260630_075038/queries/q21/log_dir/sirius_2026-06-30.log,12,27,41,PROJECTION,PROJECTION,13,PIPELINEABLE,PIPELINEABLE,2,3,1,17637306,4,432114032,0.432114032,1,17637306,2,286606240,0.28660624,0.663265,1.0,1871
q21,q21,/home/dy1013/sirius_multi-gpu/experiment/join_retention_runs/join_retention_20260630_075038/queries/q21/log_dir/sirius_2026-06-30.log,13,68,72,PARTITION,PARTITION,82,PIPELINEABLE,PIPELINEABLE,2,1,1,17637306,2,286606240,0.28660624,4,17637306,8,282196896,0.282196896,0.984615,1.0,9067
q21,q21,/home/dy1013/sirius_multi-gpu/experiment/join_retention_runs/join_retention_20260630_075038/queries/q21/log_dir/sirius_2026-06-30.log,12,31,70,GPU_SCAN,SCAN,94,GPU_SCAN,PIPELINEABLE,2,3,0,0,0,0,0.0,1,14093055,4,345279976,0.345279976,0.0,0.0,864429
q21,q21,/home/dy1013/sirius_multi-gpu/experiment/join_retention_runs/join_retention_20260630_075038/queries/q21/log_dir/sirius_2026-06-30.log,12,31,40,FILTER,FILTER,12,PIPELINEABLE,PIPELINEABLE,2,3,1,14093055,4,345279976,0.345279976,1,8911675,4,218336136,0.218336136,0.632345,0.632345,2785
q21,q21,/home/dy1013/sirius_multi-gpu/experiment/join_retention_runs/join_retention_20260630_075038/queries/q21/log_dir/sirius_2026-06-30.log,12,31,41,PROJECTION,PROJECTION,13,PIPELINEABLE,PIPELINEABLE,2,3,1,8911675,4,218336136,0.218336136,1,8911675,2,144814768,0.144814768,0.663265,1.0,948
q21,q21,/home/dy1013/sirius_multi-gpu/experiment/join_retention_runs/join_retention_20260630_075038/queries/q21/log_dir/sirius_2026-06-30.log,13,69,72,PARTITION,PARTITION,82,PIPELINEABLE,PIPELINEABLE,2,1,1,8911675,2,144814768,0.144814768,4,8911675,8,142586800,0.1425868,0.984615,1.0,5844
q21,q21,/home/dy1013/sirius_multi-gpu/experiment/join_retention_runs/join_retention_20260630_075038/queries/q21/log_dir/sirius_2026-06-30.log,14,70,71,CONCAT,CONCAT,83,PARTITIONED,PARTITIONED,0,1,6,24280854,12,388493664,0.388493664,1,24280854,2,388493664,0.388493664,1.0,1.0,2197
q21,q21,/home/dy1013/sirius_multi-gpu/experiment/join_retention_runs/join_retention_20260630_075038/queries/q21/log_dir/sirius_2026-06-30.log,14,71,71,CONCAT,CONCAT,83,PARTITIONED,PARTITIONED,1,1,6,24265246,12,388243936,0.388243936,1,24265246,2,388243936,0.388243936,1.0,1.0,10840
q21,q21,/home/dy1013/sirius_multi-gpu/experiment/join_retention_runs/join_retention_20260630_075038/queries/q21/log_dir/sirius_2026-06-30.log,14,72,71,CONCAT,CONCAT,83,PARTITIONED,PARTITIONED,2,1,6,24274153,12,388386448,0.388386448,1,24274153,2,388386448,0.388386448,1.0,1.0,6839
q21,q21,/home/dy1013/sirius_multi-gpu/experiment/join_retention_runs/join_retention_20260630_075038/queries/q21/log_dir/sirius_2026-06-30.log,14,73,71,CONCAT,CONCAT,83,PARTITIONED,PARTITIONED,3,1,6,24287332,12,388597312,0.388597312,1,24287332,2,388597312,0.388597312,1.0,1.0,2087
q21,q21,/home/dy1013/sirius_multi-gpu/experiment/join_retention_runs/join_retention_20260630_075038/queries/q21/log_dir/sirius_2026-06-30.log,15,82,43,HASH_JOIN,JOIN,33,PARTITIONED,PIPELINEABLE,1,1,2,22676666,3,216693688,0.216693688,1,2130524,3,51132576,0.051132576,0.235967,0.093952,65715
q21,q21,/home/dy1013/sirius_multi-gpu/experiment/join_retention_runs/join_retention_20260630_075038/queries/q21/log_dir/sirius_2026-06-30.log,15,85,43,HASH_JOIN,JOIN,33,PARTITIONED,PIPELINEABLE,2,1,2,22671319,3,216612680,0.21661268,1,2128299,3,51079176,0.051079176,0.235809,0.093876,66036
q21,q21,/home/dy1013/sirius_multi-gpu/experiment/join_retention_runs/join_retention_20260630_075038/queries/q21/log_dir/sirius_2026-06-30.log,15,81,43,HASH_JOIN,JOIN,33,PARTITIONED,PIPELINEABLE,1,1,2,49135029,3,640027496,0.640027496,1,14908064,3,357793536,0.357793536,0.559028,0.30341,70900
q21,q21,/home/dy1013/sirius_multi-gpu/experiment/join_retention_runs/join_retention_20260630_075038/queries/q21/log_dir/sirius_2026-06-30.log,15,80,43,HASH_JOIN,JOIN,33,PARTITIONED,PIPELINEABLE,1,1,2,22679519,3,216739336,0.216739336,1,2130775,3,51138600,0.0511386,0.235945,0.093952,78472
q21,q21,/home/dy1013/sirius_multi-gpu/experiment/join_retention_runs/join_retention_20260630_075038/queries/q21/log_dir/sirius_2026-06-30.log,15,77,43,HASH_JOIN,JOIN,33,PARTITIONED,PIPELINEABLE,0,1,2,49130315,3,639955360,0.63995536,1,14901558,3,357637392,0.357637392,0.558847,0.303307,80205
q21,q21,/home/dy1013/sirius_multi-gpu/experiment/join_retention_runs/join_retention_20260630_075038/queries/q21/log_dir/sirius_2026-06-30.log,15,76,43,HASH_JOIN,JOIN,33,PARTITIONED,PIPELINEABLE,0,1,2,22672283,3,216626848,0.216626848,1,2129604,3,51110496,0.051110496,0.235938,0.09393,83315
q21,q21,/home/dy1013/sirius_multi-gpu/experiment/join_retention_runs/join_retention_20260630_075038/queries/q21/log_dir/sirius_2026-06-30.log,15,75,43,HASH_JOIN,JOIN,33,PARTITIONED,PIPELINEABLE,0,1,2,49139298,3,640099088,0.640099088,1,14903628,3,357687072,0.357687072,0.5588,0.303293,83456
q21,q21,/home/dy1013/sirius_multi-gpu/experiment/join_retention_runs/join_retention_20260630_075038/queries/q21/log_dir/sirius_2026-06-30.log,15,89,43,HASH_JOIN,JOIN,33,PARTITIONED,PIPELINEABLE,3,1,2,22683160,3,216741616,0.216741616,1,2128197,3,51076728,0.051076728,0.235657,0.093823,83288
q21,q21,/home/dy1013/sirius_multi-gpu/experiment/join_retention_runs/join_retention_20260630_075038/queries/q21/log_dir/sirius_2026-06-30.log,15,91,43,HASH_JOIN,JOIN,33,PARTITIONED,PIPELINEABLE,3,1,2,22693484,3,216906800,0.2169068,1,2133887,3,51213288,0.051213288,0.236107,0.094031,84794
q21,q21,/home/dy1013/sirius_multi-gpu/experiment/join_retention_runs/join_retention_20260630_075038/queries/q21/log_dir/sirius_2026-06-30.log,15,90,43,HASH_JOIN,JOIN,33,PARTITIONED,PIPELINEABLE,3,1,2,49149770,3,640207376,0.640207376,1,14908055,3,357793320,0.35779332,0.558871,0.303319,84823
q21,q21,/home/dy1013/sirius_multi-gpu/experiment/join_retention_runs/join_retention_20260630_075038/queries/q21/log_dir/sirius_2026-06-30.log,15,74,43,HASH_JOIN,JOIN,33,PARTITIONED,PIPELINEABLE,0,1,2,22677934,3,216717264,0.216717264,1,2130160,3,51123840,0.05112384,0.235901,0.093931,98570
q21,q21,/home/dy1013/sirius_multi-gpu/experiment/join_retention_runs/join_retention_20260630_075038/queries/q21/log_dir/sirius_2026-06-30.log,15,79,43,HASH_JOIN,JOIN,33,PARTITIONED,PIPELINEABLE,1,1,2,49153315,3,640320072,0.640320072,1,14913009,3,357912216,0.357912216,0.558958,0.303398,104400
q21,q21,/home/dy1013/sirius_multi-gpu/experiment/join_retention_runs/join_retention_20260630_075038/queries/q21/log_dir/sirius_2026-06-30.log,15,86,43,HASH_JOIN,JOIN,33,PARTITIONED,PIPELINEABLE,2,1,2,22668878,3,216573624,0.216573624,1,2124529,3,50988696,0.050988696,0.235434,0.09372,107133
q21,q21,/home/dy1013/sirius_multi-gpu/experiment/join_retention_runs/join_retention_20260630_075038/queries/q21/log_dir/sirius_2026-06-30.log,15,84,43,HASH_JOIN,JOIN,33,PARTITIONED,PIPELINEABLE,2,1,2,49129644,3,639945880,0.63994588,1,14901658,3,357639792,0.357639792,0.558859,0.303313,107977
q21,q21,/home/dy1013/sirius_multi-gpu/experiment/join_retention_runs/join_retention_20260630_075038/queries/q21/log_dir/sirius_2026-06-30.log,15,87,43,HASH_JOIN,JOIN,33,PARTITIONED,PIPELINEABLE,2,1,2,49128060,3,639920536,0.639920536,1,14898138,3,357555312,0.357555312,0.55875,0.303251,107714
q21,q21,/home/dy1013/sirius_multi-gpu/experiment/join_retention_runs/join_retention_20260630_075038/queries/q21/log_dir/sirius_2026-06-30.log,15,92,43,HASH_JOIN,JOIN,33,PARTITIONED,PIPELINEABLE,3,1,2,49150223,3,640214624,0.640214624,1,14908455,3,357802920,0.35780292,0.55888,0.303324,111123
q21,q21,/home/dy1013/sirius_multi-gpu/experiment/join_retention_runs/join_retention_20260630_075038/queries/q21/log_dir/sirius_2026-06-30.log,15,83,43,HASH_JOIN,JOIN,33,PARTITIONED,PIPELINEABLE,1,1,2,42531867,3,534376904,0.534376904,1,11717626,3,281223024,0.281223024,0.526263,0.275502,45912
q21,q21,/home/dy1013/sirius_multi-gpu/experiment/join_retention_runs/join_retention_20260630_075038/queries/q21/log_dir/sirius_2026-06-30.log,15,88,43,HASH_JOIN,JOIN,33,PARTITIONED,PIPELINEABLE,2,1,2,42540206,3,534514872,0.534514872,1,11726069,3,281425656,0.281425656,0.526507,0.275647,51008
q21,q21,/home/dy1013/sirius_multi-gpu/experiment/join_retention_runs/join_retention_20260630_075038/queries/q21/log_dir/sirius_2026-06-30.log,15,78,43,HASH_JOIN,JOIN,33,PARTITIONED,PIPELINEABLE,0,1,2,42547064,3,534623344,0.534623344,1,11722881,3,281349144,0.281349144,0.526257,0.275527,41594
q21,q21,/home/dy1013/sirius_multi-gpu/experiment/join_retention_runs/join_retention_20260630_075038/queries/q21/log_dir/sirius_2026-06-30.log,15,93,43,HASH_JOIN,JOIN,33,PARTITIONED,PIPELINEABLE,3,1,2,42560950,3,534786256,0.534786256,1,11724831,3,281395944,0.281395944,0.526184,0.275483,44450
q21,q21,/home/dy1013/sirius_multi-gpu/experiment/join_retention_runs/join_retention_20260630_075038/queries/q21/log_dir/sirius_2026-06-30.log,3,94,62,GPU_SCAN,SCAN,94,GPU_SCAN,PIPELINEABLE,1,1,0,0,0,0,0.0,1,1,1,68,6.8e-08,0.0,0.0,60648
q21,q21,/home/dy1013/sirius_multi-gpu/experiment/join_retention_runs/join_retention_20260630_075038/queries/q21/log_dir/sirius_2026-06-30.log,4,95,64,PARTITION,PARTITION,82,PIPELINEABLE,PIPELINEABLE,1,1,1,1,1,68,6.8e-08,1,1,1,68,6.8e-08,1.0,1.0,7
q21,q21,/home/dy1013/sirius_multi-gpu/experiment/join_retention_runs/join_retention_20260630_075038/queries/q21/log_dir/sirius_2026-06-30.log,5,96,63,CONCAT,CONCAT,83,PARTITIONED,PARTITIONED,0,1,1,1,1,68,6.8e-08,1,1,1,68,6.8e-08,1.0,1.0,7
q21,q21,/home/dy1013/sirius_multi-gpu/experiment/join_retention_runs/join_retention_20260630_075038/queries/q21/log_dir/sirius_2026-06-30.log,6,97,65,GPU_SCAN,SCAN,94,GPU_SCAN,PIPELINEABLE,0,1,0,0,0,0,0.0,1,1000000,3,34375172,0.034375172,0.0,0.0,44801
q21,q21,/home/dy1013/sirius_multi-gpu/experiment/join_retention_runs/join_retention_20260630_075038/queries/q21/log_dir/sirius_2026-06-30.log,7,98,67,PARTITION,PARTITION,82,PIPELINEABLE,PIPELINEABLE,0,1,1,1000000,3,34375172,0.034375172,1,1000000,3,34375172,0.034375172,1.0,1.0,8
q21,q21,/home/dy1013/sirius_multi-gpu/experiment/join_retention_runs/join_retention_20260630_075038/queries/q21/log_dir/sirius_2026-06-30.log,8,99,66,CONCAT,CONCAT,83,PARTITIONED,PARTITIONED,0,1,1,1000000,3,34375172,0.034375172,1,1000000,3,34375172,0.034375172,1.0,1.0,2
q21,q21,/home/dy1013/sirius_multi-gpu/experiment/join_retention_runs/join_retention_20260630_075038/queries/q21/log_dir/sirius_2026-06-30.log,9,100,46,HASH_JOIN,JOIN,33,PARTITIONED,PIPELINEABLE,2,1,2,1000001,4,34375240,0.03437524,1,40078,3,1377824,0.001377824,0.040082,0.040078,2203
q21,q21,/home/dy1013/sirius_multi-gpu/experiment/join_retention_runs/join_retention_20260630_075038/queries/q21/log_dir/sirius_2026-06-30.log,10,101,69,PARTITION,PARTITION,82,PIPELINEABLE,PIPELINEABLE,2,1,1,40078,3,1377824,0.001377824,1,40078,3,1377824,0.001377824,1.0,1.0,6
q21,q21,/home/dy1013/sirius_multi-gpu/experiment/join_retention_runs/join_retention_20260630_075038/queries/q21/log_dir/sirius_2026-06-30.log,11,102,68,CONCAT,CONCAT,83,PARTITIONED,PARTITIONED,0,1,1,40078,3,1377824,0.001377824,1,40078,3,1377824,0.001377824,1.0,1.0,5
q21,q21,/home/dy1013/sirius_multi-gpu/experiment/join_retention_runs/join_retention_20260630_075038/queries/q21/log_dir/sirius_2026-06-30.log,16,104,74,PARTITION,PARTITION,82,PIPELINEABLE,PIPELINEABLE,2,1,1,2128299,3,51079176,0.051079176,1,2128299,3,51079176,0.051079176,1.0,1.0,1
q21,q21,/home/dy1013/sirius_multi-gpu/experiment/join_retention_runs/join_retention_20260630_075038/queries/q21/log_dir/sirius_2026-06-30.log,16,103,74,PARTITION,PARTITION,82,PIPELINEABLE,PIPELINEABLE,1,1,1,2130524,3,51132576,0.051132576,1,2130524,3,51132576,0.051132576,1.0,1.0,7
q21,q21,/home/dy1013/sirius_multi-gpu/experiment/join_retention_runs/join_retention_20260630_075038/queries/q21/log_dir/sirius_2026-06-30.log,16,110,74,PARTITION,PARTITION,82,PIPELINEABLE,PIPELINEABLE,3,1,1,2128197,3,51076728,0.051076728,1,2128197,3,51076728,0.051076728,1.0,1.0,2
q21,q21,/home/dy1013/sirius_multi-gpu/experiment/join_retention_runs/join_retention_20260630_075038/queries/q21/log_dir/sirius_2026-06-30.log,16,106,74,PARTITION,PARTITION,82,PIPELINEABLE,PIPELINEABLE,1,1,1,2130775,3,51138600,0.0511386,1,2130775,3,51138600,0.0511386,1.0,1.0,7
q21,q21,/home/dy1013/sirius_multi-gpu/experiment/join_retention_runs/join_retention_20260630_075038/queries/q21/log_dir/sirius_2026-06-30.log,16,107,74,PARTITION,PARTITION,82,PIPELINEABLE,PIPELINEABLE,0,1,1,14901558,3,357637392,0.357637392,1,14901558,3,357637392,0.357637392,1.0,1.0,8
q21,q21,/home/dy1013/sirius_multi-gpu/experiment/join_retention_runs/join_retention_20260630_075038/queries/q21/log_dir/sirius_2026-06-30.log,16,109,74,PARTITION,PARTITION,82,PIPELINEABLE,PIPELINEABLE,0,1,1,14903628,3,357687072,0.357687072,1,14903628,3,357687072,0.357687072,1.0,1.0,15
q21,q21,/home/dy1013/sirius_multi-gpu/experiment/join_retention_runs/join_retention_20260630_075038/queries/q21/log_dir/sirius_2026-06-30.log,16,112,74,PARTITION,PARTITION,82,PIPELINEABLE,PIPELINEABLE,3,1,1,14908055,3,357793320,0.35779332,1,14908055,3,357793320,0.35779332,1.0,1.0,35
q21,q21,/home/dy1013/sirius_multi-gpu/experiment/join_retention_runs/join_retention_20260630_075038/queries/q21/log_dir/sirius_2026-06-30.log,16,108,74,PARTITION,PARTITION,82,PIPELINEABLE,PIPELINEABLE,0,1,1,2129604,3,51110496,0.051110496,1,2129604,3,51110496,0.051110496,1.0,1.0,5
q21,q21,/home/dy1013/sirius_multi-gpu/experiment/join_retention_runs/join_retention_20260630_075038/queries/q21/log_dir/sirius_2026-06-30.log,16,113,74,PARTITION,PARTITION,82,PIPELINEABLE,PIPELINEABLE,0,1,1,2130160,3,51123840,0.05112384,1,2130160,3,51123840,0.05112384,1.0,1.0,41
q21,q21,/home/dy1013/sirius_multi-gpu/experiment/join_retention_runs/join_retention_20260630_075038/queries/q21/log_dir/sirius_2026-06-30.log,16,105,74,PARTITION,PARTITION,82,PIPELINEABLE,PIPELINEABLE,1,1,1,14908064,3,357793536,0.357793536,1,14908064,3,357793536,0.357793536,1.0,1.0,7
q21,q21,/home/dy1013/sirius_multi-gpu/experiment/join_retention_runs/join_retention_20260630_075038/queries/q21/log_dir/sirius_2026-06-30.log,16,117,74,PARTITION,PARTITION,82,PIPELINEABLE,PIPELINEABLE,2,1,1,14898138,3,357555312,0.357555312,1,14898138,3,357555312,0.357555312,1.0,1.0,2
q21,q21,/home/dy1013/sirius_multi-gpu/experiment/join_retention_runs/join_retention_20260630_075038/queries/q21/log_dir/sirius_2026-06-30.log,16,115,74,PARTITION,PARTITION,82,PIPELINEABLE,PIPELINEABLE,2,1,1,2124529,3,50988696,0.050988696,1,2124529,3,50988696,0.050988696,1.0,1.0,2
q21,q21,/home/dy1013/sirius_multi-gpu/experiment/join_retention_runs/join_retention_20260630_075038/queries/q21/log_dir/sirius_2026-06-30.log,16,121,74,PARTITION,PARTITION,82,PIPELINEABLE,PIPELINEABLE,0,1,1,11722881,3,281349144,0.281349144,1,11722881,3,281349144,0.281349144,1.0,1.0,7
q21,q21,/home/dy1013/sirius_multi-gpu/experiment/join_retention_runs/join_retention_20260630_075038/queries/q21/log_dir/sirius_2026-06-30.log,16,118,74,PARTITION,PARTITION,82,PIPELINEABLE,PIPELINEABLE,3,1,1,14908455,3,357802920,0.35780292,1,14908455,3,357802920,0.35780292,1.0,1.0,11
q21,q21,/home/dy1013/sirius_multi-gpu/experiment/join_retention_runs/join_retention_20260630_075038/queries/q21/log_dir/sirius_2026-06-30.log,16,114,74,PARTITION,PARTITION,82,PIPELINEABLE,PIPELINEABLE,1,1,1,14913009,3,357912216,0.357912216,1,14913009,3,357912216,0.357912216,1.0,1.0,8
q21,q21,/home/dy1013/sirius_multi-gpu/experiment/join_retention_runs/join_retention_20260630_075038/queries/q21/log_dir/sirius_2026-06-30.log,16,111,74,PARTITION,PARTITION,82,PIPELINEABLE,PIPELINEABLE,3,1,1,2133887,3,51213288,0.051213288,1,2133887,3,51213288,0.051213288,1.0,1.0,6
q21,q21,/home/dy1013/sirius_multi-gpu/experiment/join_retention_runs/join_retention_20260630_075038/queries/q21/log_dir/sirius_2026-06-30.log,16,120,74,PARTITION,PARTITION,82,PIPELINEABLE,PIPELINEABLE,2,1,1,11726069,3,281425656,0.281425656,1,11726069,3,281425656,0.281425656,1.0,1.0,23
q21,q21,/home/dy1013/sirius_multi-gpu/experiment/join_retention_runs/join_retention_20260630_075038/queries/q21/log_dir/sirius_2026-06-30.log,16,119,74,PARTITION,PARTITION,82,PIPELINEABLE,PIPELINEABLE,1,1,1,11717626,3,281223024,0.281223024,1,11717626,3,281223024,0.281223024,1.0,1.0,23
q21,q21,/home/dy1013/sirius_multi-gpu/experiment/join_retention_runs/join_retention_20260630_075038/queries/q21/log_dir/sirius_2026-06-30.log,16,116,74,PARTITION,PARTITION,82,PIPELINEABLE,PIPELINEABLE,2,1,1,14901658,3,357639792,0.357639792,1,14901658,3,357639792,0.357639792,1.0,1.0,8
q21,q21,/home/dy1013/sirius_multi-gpu/experiment/join_retention_runs/join_retention_20260630_075038/queries/q21/log_dir/sirius_2026-06-30.log,16,122,74,PARTITION,PARTITION,82,PIPELINEABLE,PIPELINEABLE,3,1,1,11724831,3,281395944,0.281395944,1,11724831,3,281395944,0.281395944,1.0,1.0,19
q21,q21,/home/dy1013/sirius_multi-gpu/experiment/join_retention_runs/join_retention_20260630_075038/queries/q21/log_dir/sirius_2026-06-30.log,17,124,73,CONCAT,CONCAT,83,PARTITIONED,PARTITIONED,0,1,1,14901558,3,357637392,0.357637392,1,14901558,3,357637392,0.357637392,1.0,1.0,6
q21,q21,/home/dy1013/sirius_multi-gpu/experiment/join_retention_runs/join_retention_20260630_075038/queries/q21/log_dir/sirius_2026-06-30.log,17,125,73,CONCAT,CONCAT,83,PARTITIONED,PARTITIONED,0,1,1,14903628,3,357687072,0.357687072,1,14903628,3,357687072,0.357687072,1.0,1.0,6
q21,q21,/home/dy1013/sirius_multi-gpu/experiment/join_retention_runs/join_retention_20260630_075038/queries/q21/log_dir/sirius_2026-06-30.log,18,136,47,HASH_JOIN,JOIN,33,PARTITIONED,PIPELINEABLE,3,1,2,14941636,6,359015216,0.359015216,1,598366,3,22887544,0.022887544,0.063751,0.040047,18661
q21,q21,/home/dy1013/sirius_multi-gpu/experiment/join_retention_runs/join_retention_20260630_075038/queries/q21/log_dir/sirius_2026-06-30.log,17,126,73,CONCAT,CONCAT,83,PARTITIONED,PARTITIONED,0,1,3,19167819,9,460027656,0.460027656,1,19167819,3,460027656,0.460027656,1.0,1.0,10552
q21,q21,/home/dy1013/sirius_multi-gpu/experiment/join_retention_runs/join_retention_20260630_075038/queries/q21/log_dir/sirius_2026-06-30.log,17,129,73,CONCAT,CONCAT,83,PARTITIONED,PARTITIONED,0,1,1,11722881,3,281349144,0.281349144,1,11722881,3,281349144,0.281349144,1.0,1.0,2
q21,q21,/home/dy1013/sirius_multi-gpu/experiment/join_retention_runs/join_retention_20260630_075038/queries/q21/log_dir/sirius_2026-06-30.log,17,127,73,CONCAT,CONCAT,83,PARTITIONED,PARTITIONED,0,1,1,14898138,3,357555312,0.357555312,1,14898138,3,357555312,0.357555312,1.0,1.0,7
q21,q21,/home/dy1013/sirius_multi-gpu/experiment/join_retention_runs/join_retention_20260630_075038/queries/q21/log_dir/sirius_2026-06-30.log,17,130,73,CONCAT,CONCAT,83,PARTITIONED,PARTITIONED,0,1,1,14908455,3,357802920,0.35780292,1,14908455,3,357802920,0.35780292,1.0,1.0,8
q21,q21,/home/dy1013/sirius_multi-gpu/experiment/join_retention_runs/join_retention_20260630_075038/queries/q21/log_dir/sirius_2026-06-30.log,17,128,73,CONCAT,CONCAT,83,PARTITIONED,PARTITIONED,0,1,2,17032593,6,408782232,0.408782232,1,17032593,3,408782232,0.408782232,1.0,1.0,47781
q21,q21,/home/dy1013/sirius_multi-gpu/experiment/join_retention_runs/join_retention_20260630_075038/queries/q21/log_dir/sirius_2026-06-30.log,17,132,73,CONCAT,CONCAT,83,PARTITIONED,PARTITIONED,0,1,1,11726069,3,281425656,0.281425656,1,11726069,3,281425656,0.281425656,1.0,1.0,59
q21,q21,/home/dy1013/sirius_multi-gpu/experiment/join_retention_runs/join_retention_20260630_075038/queries/q21/log_dir/sirius_2026-06-30.log,17,133,73,CONCAT,CONCAT,83,PARTITIONED,PARTITIONED,0,1,1,11717626,3,281223024,0.281223024,1,11717626,3,281223024,0.281223024,1.0,1.0,1
q21,q21,/home/dy1013/sirius_multi-gpu/experiment/join_retention_runs/join_retention_20260630_075038/queries/q21/log_dir/sirius_2026-06-30.log,17,134,73,CONCAT,CONCAT,83,PARTITIONED,PARTITIONED,0,1,1,11724831,3,281395944,0.281395944,1,11724831,3,281395944,0.281395944,1.0,1.0,1
q21,q21,/home/dy1013/sirius_multi-gpu/experiment/join_retention_runs/join_retention_20260630_075038/queries/q21/log_dir/sirius_2026-06-30.log,17,131,73,CONCAT,CONCAT,83,PARTITIONED,PARTITIONED,0,1,2,17046896,6,409125504,0.409125504,1,17046896,3,409125504,0.409125504,1.0,1.0,9371
q21,q21,/home/dy1013/sirius_multi-gpu/experiment/join_retention_runs/join_retention_20260630_075038/queries/q21/log_dir/sirius_2026-06-30.log,18,137,47,HASH_JOIN,JOIN,33,PARTITIONED,PIPELINEABLE,3,1,1,14903628,3,357687072,0.357687072,1,596835,3,22828982,0.022828982,0.063824,0.040046,92665
q21,q21,/home/dy1013/sirius_multi-gpu/experiment/join_retention_runs/join_retention_20260630_075038/queries/q21/log_dir/sirius_2026-06-30.log,17,135,73,CONCAT,CONCAT,83,PARTITIONED,PARTITIONED,0,1,1,14901658,3,357639792,0.357639792,1,14901658,3,357639792,0.357639792,1.0,1.0,1
q21,q21,/home/dy1013/sirius_multi-gpu/experiment/join_retention_runs/join_retention_20260630_075038/queries/q21/log_dir/sirius_2026-06-30.log,17,123,73,CONCAT,CONCAT,83,PARTITIONED,PARTITIONED,0,1,4,8517795,12,204427080,0.20442708,1,8517795,3,204427080,0.20442708,1.0,1.0,4596
q21,q21,/home/dy1013/sirius_multi-gpu/experiment/join_retention_runs/join_retention_20260630_075038/queries/q21/log_dir/sirius_2026-06-30.log,18,139,47,HASH_JOIN,JOIN,33,PARTITIONED,PIPELINEABLE,3,1,1,11722881,3,281349144,0.281349144,1,469655,3,17964398,0.017964398,0.063851,0.040063,62378
q21,q21,/home/dy1013/sirius_multi-gpu/experiment/join_retention_runs/join_retention_20260630_075038/queries/q21/log_dir/sirius_2026-06-30.log,18,138,47,HASH_JOIN,JOIN,33,PARTITIONED,PIPELINEABLE,3,1,1,19167819,3,460027656,0.460027656,1,768163,3,29382326,0.029382326,0.063871,0.040076,62528
q21,q21,/home/dy1013/sirius_multi-gpu/experiment/join_retention_runs/join_retention_20260630_075038/queries/q21/log_dir/sirius_2026-06-30.log,18,140,47,HASH_JOIN,JOIN,33,PARTITIONED,PIPELINEABLE,3,1,1,14898138,3,357555312,0.357555312,1,597047,3,22837166,0.022837166,0.06387,0.040075,56809
q21,q21,/home/dy1013/sirius_multi-gpu/experiment/join_retention_runs/join_retention_20260630_075038/queries/q21/log_dir/sirius_2026-06-30.log,18,141,47,HASH_JOIN,JOIN,33,PARTITIONED,PIPELINEABLE,3,1,1,14908455,3,357802920,0.35780292,1,597597,3,22858194,0.022858194,0.063885,0.040084,50583
q21,q21,/home/dy1013/sirius_multi-gpu/experiment/join_retention_runs/join_retention_20260630_075038/queries/q21/log_dir/sirius_2026-06-30.log,18,142,47,HASH_JOIN,JOIN,33,PARTITIONED,PIPELINEABLE,3,1,1,17032593,3,408782232,0.408782232,1,682216,3,26094836,0.026094836,0.063836,0.040054,51854
q21,q21,/home/dy1013/sirius_multi-gpu/experiment/join_retention_runs/join_retention_20260630_075038/queries/q21/log_dir/sirius_2026-06-30.log,18,143,47,HASH_JOIN,JOIN,33,PARTITIONED,PIPELINEABLE,3,1,1,11726069,3,281425656,0.281425656,1,470086,3,17980904,0.017980904,0.063892,0.040089,57381
q21,q21,/home/dy1013/sirius_multi-gpu/experiment/join_retention_runs/join_retention_20260630_075038/queries/q21/log_dir/sirius_2026-06-30.log,18,144,47,HASH_JOIN,JOIN,33,PARTITIONED,PIPELINEABLE,3,1,1,11717626,3,281223024,0.281223024,1,469962,3,17976064,0.017976064,0.063921,0.040107,41711
q21,q21,/home/dy1013/sirius_multi-gpu/experiment/join_retention_runs/join_retention_20260630_075038/queries/q21/log_dir/sirius_2026-06-30.log,18,145,47,HASH_JOIN,JOIN,33,PARTITIONED,PIPELINEABLE,3,1,1,11724831,3,281395944,0.281395944,1,468916,3,17936060,0.01793606,0.06374,0.039993,54934
q21,q21,/home/dy1013/sirius_multi-gpu/experiment/join_retention_runs/join_retention_20260630_075038/queries/q21/log_dir/sirius_2026-06-30.log,18,146,47,HASH_JOIN,JOIN,33,PARTITIONED,PIPELINEABLE,3,1,1,17046896,3,409125504,0.409125504,1,683760,3,26153892,0.026153892,0.063926,0.040111,37239
q21,q21,/home/dy1013/sirius_multi-gpu/experiment/join_retention_runs/join_retention_20260630_075038/queries/q21/log_dir/sirius_2026-06-30.log,18,148,47,HASH_JOIN,JOIN,33,PARTITIONED,PIPELINEABLE,3,1,1,8517795,3,204427080,0.20442708,1,341642,3,13067904,0.013067904,0.063925,0.040109,10838
q21,q21,/home/dy1013/sirius_multi-gpu/experiment/join_retention_runs/join_retention_20260630_075038/queries/q21/log_dir/sirius_2026-06-30.log,18,147,47,HASH_JOIN,JOIN,33,PARTITIONED,PIPELINEABLE,3,1,1,14901658,3,357639792,0.357639792,1,596496,3,22816100,0.0228161,0.063796,0.040029,11085
q21,q21,/home/dy1013/sirius_multi-gpu/experiment/join_retention_runs/join_retention_20260630_075038/queries/q21/log_dir/sirius_2026-06-30.log,19,149,49,RIGHT_DELIM_JOIN,JOIN,38,PIPELINEABLE,PIPELINEABLE,3,1,1,598366,3,22887544,0.022887544,1,598366,3,22887544,0.022887544,1.0,1.0,2
q21,q21,/home/dy1013/sirius_multi-gpu/experiment/join_retention_runs/join_retention_20260630_075038/queries/q21/log_dir/sirius_2026-06-30.log,19,150,49,RIGHT_DELIM_JOIN,JOIN,38,PIPELINEABLE,PIPELINEABLE,3,1,1,596835,3,22828982,0.022828982,1,596835,3,22828982,0.022828982,1.0,1.0,1
q21,q21,/home/dy1013/sirius_multi-gpu/experiment/join_retention_runs/join_retention_20260630_075038/queries/q21/log_dir/sirius_2026-06-30.log,19,151,49,RIGHT_DELIM_JOIN,JOIN,38,PIPELINEABLE,PIPELINEABLE,3,1,1,469655,3,17964398,0.017964398,1,469655,3,17964398,0.017964398,1.0,1.0,1
q21,q21,/home/dy1013/sirius_multi-gpu/experiment/join_retention_runs/join_retention_20260630_075038/queries/q21/log_dir/sirius_2026-06-30.log,19,152,49,RIGHT_DELIM_JOIN,JOIN,38,PIPELINEABLE,PIPELINEABLE,3,1,1,768163,3,29382326,0.029382326,1,768163,3,29382326,0.029382326,1.0,1.0,1
q21,q21,/home/dy1013/sirius_multi-gpu/experiment/join_retention_runs/join_retention_20260630_075038/queries/q21/log_dir/sirius_2026-06-30.log,19,153,49,RIGHT_DELIM_JOIN,JOIN,38,PIPELINEABLE,PIPELINEABLE,3,1,1,597047,3,22837166,0.022837166,1,597047,3,22837166,0.022837166,1.0,1.0,1
q21,q21,/home/dy1013/sirius_multi-gpu/experiment/join_retention_runs/join_retention_20260630_075038/queries/q21/log_dir/sirius_2026-06-30.log,19,154,49,RIGHT_DELIM_JOIN,JOIN,38,PIPELINEABLE,PIPELINEABLE,3,1,1,597597,3,22858194,0.022858194,1,597597,3,22858194,0.022858194,1.0,1.0,1
q21,q21,/home/dy1013/sirius_multi-gpu/experiment/join_retention_runs/join_retention_20260630_075038/queries/q21/log_dir/sirius_2026-06-30.log,19,155,49,RIGHT_DELIM_JOIN,JOIN,38,PIPELINEABLE,PIPELINEABLE,3,1,1,682216,3,26094836,0.026094836,1,682216,3,26094836,0.026094836,1.0,1.0,1
q21,q21,/home/dy1013/sirius_multi-gpu/experiment/join_retention_runs/join_retention_20260630_075038/queries/q21/log_dir/sirius_2026-06-30.log,19,156,49,RIGHT_DELIM_JOIN,JOIN,38,PIPELINEABLE,PIPELINEABLE,3,1,1,470086,3,17980904,0.017980904,1,470086,3,17980904,0.017980904,1.0,1.0,1
q21,q21,/home/dy1013/sirius_multi-gpu/experiment/join_retention_runs/join_retention_20260630_075038/queries/q21/log_dir/sirius_2026-06-30.log,19,157,49,RIGHT_DELIM_JOIN,JOIN,38,PIPELINEABLE,PIPELINEABLE,3,1,1,469962,3,17976064,0.017976064,1,469962,3,17976064,0.017976064,1.0,1.0,1
q21,q21,/home/dy1013/sirius_multi-gpu/experiment/join_retention_runs/join_retention_20260630_075038/queries/q21/log_dir/sirius_2026-06-30.log,19,158,49,RIGHT_DELIM_JOIN,JOIN,38,PIPELINEABLE,PIPELINEABLE,3,1,1,468916,3,17936060,0.01793606,1,468916,3,17936060,0.01793606,1.0,1.0,1
q21,q21,/home/dy1013/sirius_multi-gpu/experiment/join_retention_runs/join_retention_20260630_075038/queries/q21/log_dir/sirius_2026-06-30.log,19,159,49,RIGHT_DELIM_JOIN,JOIN,38,PIPELINEABLE,PIPELINEABLE,3,1,1,683760,3,26153892,0.026153892,1,683760,3,26153892,0.026153892,1.0,1.0,1
q21,q21,/home/dy1013/sirius_multi-gpu/experiment/join_retention_runs/join_retention_20260630_075038/queries/q21/log_dir/sirius_2026-06-30.log,19,160,49,RIGHT_DELIM_JOIN,JOIN,38,PIPELINEABLE,PIPELINEABLE,3,1,1,341642,3,13067904,0.013067904,1,341642,3,13067904,0.013067904,1.0,1.0,2
q21,q21,/home/dy1013/sirius_multi-gpu/experiment/join_retention_runs/join_retention_20260630_075038/queries/q21/log_dir/sirius_2026-06-30.log,19,161,49,RIGHT_DELIM_JOIN,JOIN,38,PIPELINEABLE,PIPELINEABLE,3,1,1,596496,3,22816100,0.0228161,1,596496,3,22816100,0.0228161,1.0,1.0,2
q21,q21,/home/dy1013/sirius_multi-gpu/experiment/join_retention_runs/join_retention_20260630_075038/queries/q21/log_dir/sirius_2026-06-30.log,21,166,76,PARTITION,PARTITION,82,PIPELINEABLE,PIPELINEABLE,3,1,1,598365,2,9648656,0.009648656,4,598365,8,9573840,0.00957384,0.992246,1.0,8579
q21,q21,/home/dy1013/sirius_multi-gpu/experiment/join_retention_runs/join_retention_20260630_075038/queries/q21/log_dir/sirius_2026-06-30.log,21,167,76,PARTITION,PARTITION,82,PIPELINEABLE,PIPELINEABLE,3,1,1,596834,2,9623968,0.009623968,4,596834,8,9549344,0.009549344,0.992246,1.0,8559
q21,q21,/home/dy1013/sirius_multi-gpu/experiment/join_retention_runs/join_retention_20260630_075038/queries/q21/log_dir/sirius_2026-06-30.log,21,168,76,PARTITION,PARTITION,82,PIPELINEABLE,PIPELINEABLE,3,1,1,469655,2,7573232,0.007573232,4,469655,8,7514480,0.00751448,0.992242,1.0,9101
q21,q21,/home/dy1013/sirius_multi-gpu/experiment/join_retention_runs/join_retention_20260630_075038/queries/q21/log_dir/sirius_2026-06-30.log,20,165,77,CONCAT,CONCAT,83,PARTITIONED,PARTITIONED,3,1,13,1834206,39,69929512,0.069929512,1,1834206,3,69699832,0.069699832,0.996716,1.0,15250
q21,q21,/home/dy1013/sirius_multi-gpu/experiment/join_retention_runs/join_retention_20260630_075038/queries/q21/log_dir/sirius_2026-06-30.log,21,170,76,PARTITION,PARTITION,82,PIPELINEABLE,PIPELINEABLE,3,1,1,470086,2,7580192,0.007580192,4,470086,8,7521376,0.007521376,0.992241,1.0,6429
q21,q21,/home/dy1013/sirius_multi-gpu/experiment/join_retention_runs/join_retention_20260630_075038/queries/q21/log_dir/sirius_2026-06-30.log,21,169,76,PARTITION,PARTITION,82,PIPELINEABLE,PIPELINEABLE,3,1,1,768162,2,12386656,0.012386656,4,768162,8,12290592,0.012290592,0.992245,1.0,6509
q21,q21,/home/dy1013/sirius_multi-gpu/experiment/join_retention_runs/join_retention_20260630_075038/queries/q21/log_dir/sirius_2026-06-30.log,21,171,76,PARTITION,PARTITION,82,PIPELINEABLE,PIPELINEABLE,3,1,1,682214,2,11000736,0.011000736,4,682214,8,10915424,0.010915424,0.992245,1.0,6547
q21,q21,/home/dy1013/sirius_multi-gpu/experiment/join_retention_runs/join_retention_20260630_075038/queries/q21/log_dir/sirius_2026-06-30.log,21,172,76,PARTITION,PARTITION,82,PIPELINEABLE,PIPELINEABLE,3,1,1,597596,2,9636288,0.009636288,4,597596,8,9561536,0.009561536,0.992243,1.0,7182
q21,q21,/home/dy1013/sirius_multi-gpu/experiment/join_retention_runs/join_retention_20260630_075038/queries/q21/log_dir/sirius_2026-06-30.log,21,174,76,PARTITION,PARTITION,82,PIPELINEABLE,PIPELINEABLE,3,1,1,468915,2,7561264,0.007561264,4,468915,8,7502640,0.00750264,0.992247,1.0,7705
q21,q21,/home/dy1013/sirius_multi-gpu/experiment/join_retention_runs/join_retention_20260630_075038/queries/q21/log_dir/sirius_2026-06-30.log,21,173,76,PARTITION,PARTITION,82,PIPELINEABLE,PIPELINEABLE,3,1,1,597047,2,9627440,0.00962744,4,597047,8,9552752,0.009552752,0.992242,1.0,8079
q21,q21,/home/dy1013/sirius_multi-gpu/experiment/join_retention_runs/join_retention_20260630_075038/queries/q21/log_dir/sirius_2026-06-30.log,21,175,76,PARTITION,PARTITION,82,PIPELINEABLE,PIPELINEABLE,3,1,1,341641,2,5509008,0.005509008,4,341641,8,5466256,0.005466256,0.99224,1.0,7526
q21,q21,/home/dy1013/sirius_multi-gpu/experiment/join_retention_runs/join_retention_20260630_075038/queries/q21/log_dir/sirius_2026-06-30.log,20,162,77,CONCAT,CONCAT,83,PARTITIONED,PARTITIONED,0,1,13,1836303,39,70009518,0.070009518,1,1836303,3,69779518,0.069779518,0.996715,1.0,11670
q21,q21,/home/dy1013/sirius_multi-gpu/experiment/join_retention_runs/join_retention_20260630_075038/queries/q21/log_dir/sirius_2026-06-30.log,20,163,77,CONCAT,CONCAT,83,PARTITIONED,PARTITIONED,1,1,13,1835805,39,69990530,0.06999053,1,1835805,3,69760594,0.069760594,0.996715,1.0,11720
q21,q21,/home/dy1013/sirius_multi-gpu/experiment/join_retention_runs/join_retention_20260630_075038/queries/q21/log_dir/sirius_2026-06-30.log,21,176,76,PARTITION,PARTITION,82,PIPELINEABLE,PIPELINEABLE,3,1,1,683757,2,11025616,0.011025616,4,683757,8,10940112,0.010940112,0.992245,1.0,5579
q21,q21,/home/dy1013/sirius_multi-gpu/experiment/join_retention_runs/join_retention_20260630_075038/queries/q21/log_dir/sirius_2026-06-30.log,21,177,76,PARTITION,PARTITION,82,PIPELINEABLE,PIPELINEABLE,3,1,1,469961,2,7578128,0.007578128,4,469961,8,7519376,0.007519376,0.992247,1.0,4722
q21,q21,/home/dy1013/sirius_multi-gpu/experiment/join_retention_runs/join_retention_20260630_075038/queries/q21/log_dir/sirius_2026-06-30.log,21,178,76,PARTITION,PARTITION,82,PIPELINEABLE,PIPELINEABLE,3,1,1,596496,2,9618560,0.00961856,4,596496,8,9543936,0.009543936,0.992242,1.0,4958
q21,q21,/home/dy1013/sirius_multi-gpu/experiment/join_retention_runs/join_retention_20260630_075038/queries/q21/log_dir/sirius_2026-06-30.log,20,164,77,CONCAT,CONCAT,83,PARTITIONED,PARTITIONED,2,1,13,1834427,39,69938038,0.069938038,1,1834427,3,69708230,0.06970823,0.996714,1.0,12370
q21,q21,/home/dy1013/sirius_multi-gpu/experiment/join_retention_runs/join_retention_20260630_075038/queries/q21/log_dir/sirius_2026-06-30.log,22,182,78,MERGE_GROUP_BY,AGGREGATE,85,PARTITIONED,PIPELINEABLE,3,1,13,1834203,26,29347248,0.029347248,1,1834203,2,29347248,0.029347248,1.0,1.0,5246
q21,q21,/home/dy1013/sirius_multi-gpu/experiment/join_retention_runs/join_retention_20260630_075038/queries/q21/log_dir/sirius_2026-06-30.log,22,179,78,MERGE_GROUP_BY,AGGREGATE,85,PARTITIONED,PIPELINEABLE,0,1,13,1836301,26,29380816,0.029380816,1,1836301,2,29380816,0.029380816,1.0,1.0,8886
q21,q21,/home/dy1013/sirius_multi-gpu/experiment/join_retention_runs/join_retention_20260630_075038/queries/q21/log_dir/sirius_2026-06-30.log,22,180,78,MERGE_GROUP_BY,AGGREGATE,85,PARTITIONED,PIPELINEABLE,1,1,13,1835803,26,29372848,0.029372848,1,1835803,2,29372848,0.029372848,1.0,1.0,8490
q21,q21,/home/dy1013/sirius_multi-gpu/experiment/join_retention_runs/join_retention_20260630_075038/queries/q21/log_dir/sirius_2026-06-30.log,22,181,78,MERGE_GROUP_BY,AGGREGATE,85,PARTITIONED,PIPELINEABLE,2,1,13,1834422,26,29350752,0.029350752,1,1834422,2,29350752,0.029350752,1.0,1.0,8748
q21,q21,/home/dy1013/sirius_multi-gpu/experiment/join_retention_runs/join_retention_20260630_075038/queries/q21/log_dir/sirius_2026-06-30.log,23,185,80,PARTITION,PARTITION,82,PIPELINEABLE,PIPELINEABLE,1,1,1,1835803,2,29372848,0.029372848,4,1835803,8,29372848,0.029372848,1.0,1.0,7262
q21,q21,/home/dy1013/sirius_multi-gpu/experiment/join_retention_runs/join_retention_20260630_075038/queries/q21/log_dir/sirius_2026-06-30.log,23,184,80,PARTITION,PARTITION,82,PIPELINEABLE,PIPELINEABLE,0,1,1,1836301,2,29380816,0.029380816,4,1836301,8,29380816,0.029380816,1.0,1.0,8200
q21,q21,/home/dy1013/sirius_multi-gpu/experiment/join_retention_runs/join_retention_20260630_075038/queries/q21/log_dir/sirius_2026-06-30.log,23,186,80,PARTITION,PARTITION,82,PIPELINEABLE,PIPELINEABLE,2,1,1,1834422,2,29350752,0.029350752,4,1834422,8,29350752,0.029350752,1.0,1.0,8262
q21,q21,/home/dy1013/sirius_multi-gpu/experiment/join_retention_runs/join_retention_20260630_075038/queries/q21/log_dir/sirius_2026-06-30.log,23,183,80,PARTITION,PARTITION,82,PIPELINEABLE,PIPELINEABLE,3,1,1,1834203,2,29347248,0.029347248,4,1834203,8,29347248,0.029347248,1.0,1.0,8128
q21,q21,/home/dy1013/sirius_multi-gpu/experiment/join_retention_runs/join_retention_20260630_075038/queries/q21/log_dir/sirius_2026-06-30.log,24,187,79,CONCAT,CONCAT,83,PARTITIONED,PARTITIONED,0,1,4,1836317,8,29381072,0.029381072,1,1836317,2,29381072,0.029381072,1.0,1.0,678
q21,q21,/home/dy1013/sirius_multi-gpu/experiment/join_retention_runs/join_retention_20260630_075038/queries/q21/log_dir/sirius_2026-06-30.log,24,190,79,CONCAT,CONCAT,83,PARTITIONED,PARTITIONED,3,1,4,1834344,8,29349504,0.029349504,1,1834344,2,29349504,0.029349504,1.0,1.0,696
q21,q21,/home/dy1013/sirius_multi-gpu/experiment/join_retention_runs/join_retention_20260630_075038/queries/q21/log_dir/sirius_2026-06-30.log,24,188,79,CONCAT,CONCAT,83,PARTITIONED,PARTITIONED,1,1,4,1835234,8,29363744,0.029363744,1,1835234,2,29363744,0.029363744,1.0,1.0,687
q21,q21,/home/dy1013/sirius_multi-gpu/experiment/join_retention_runs/join_retention_20260630_075038/queries/q21/log_dir/sirius_2026-06-30.log,24,189,79,CONCAT,CONCAT,83,PARTITIONED,PARTITIONED,2,1,4,1834834,8,29357344,0.029357344,1,1834834,2,29357344,0.029357344,1.0,1.0,690
q21,q21,/home/dy1013/sirius_multi-gpu/experiment/join_retention_runs/join_retention_20260630_075038/queries/q21/log_dir/sirius_2026-06-30.log,25,201,81,GPU_SCAN,SCAN,94,GPU_SCAN,PIPELINEABLE,1,1,0,0,0,0,0.0,1,33506183,2,544475504,0.544475504,0.0,0.0,402618
q21,q21,/home/dy1013/sirius_multi-gpu/experiment/join_retention_runs/join_retention_20260630_075038/queries/q21/log_dir/sirius_2026-06-30.log,25,198,81,GPU_SCAN,SCAN,94,GPU_SCAN,PIPELINEABLE,2,1,0,0,0,0,0.0,1,33506001,2,544472592,0.544472592,0.0,0.0,583535
q21,q21,/home/dy1013/sirius_multi-gpu/experiment/join_retention_runs/join_retention_20260630_075038/queries/q21/log_dir/sirius_2026-06-30.log,25,200,81,GPU_SCAN,SCAN,94,GPU_SCAN,PIPELINEABLE,0,1,0,0,0,0,0.0,1,33507171,2,544491568,0.544491568,0.0,0.0,606215
q21,q21,/home/dy1013/sirius_multi-gpu/experiment/join_retention_runs/join_retention_20260630_075038/queries/q21/log_dir/sirius_2026-06-30.log,25,193,81,GPU_SCAN,SCAN,94,GPU_SCAN,PIPELINEABLE,1,1,0,0,0,0,0.0,1,33456970,2,543675808,0.543675808,0.0,0.0,908176
q21,q21,/home/dy1013/sirius_multi-gpu/experiment/join_retention_runs/join_retention_20260630_075038/queries/q21/log_dir/sirius_2026-06-30.log,26,212,83,PARTITION,PARTITION,82,PIPELINEABLE,PIPELINEABLE,1,1,1,33456970,2,543675808,0.543675808,4,33456970,8,535311520,0.53531152,0.984615,1.0,23899
q21,q21,/home/dy1013/sirius_multi-gpu/experiment/join_retention_runs/join_retention_20260630_075038/queries/q21/log_dir/sirius_2026-06-30.log,26,209,83,PARTITION,PARTITION,82,PIPELINEABLE,PIPELINEABLE,1,1,1,33506183,2,544475504,0.544475504,4,33506183,8,536098928,0.536098928,0.984615,1.0,25594
q21,q21,/home/dy1013/sirius_multi-gpu/experiment/join_retention_runs/join_retention_20260630_075038/queries/q21/log_dir/sirius_2026-06-30.log,25,191,81,GPU_SCAN,SCAN,94,GPU_SCAN,PIPELINEABLE,3,1,0,0,0,0,0.0,1,33510747,2,544549680,0.54454968,0.0,0.0,1007694
q21,q21,/home/dy1013/sirius_multi-gpu/experiment/join_retention_runs/join_retention_20260630_075038/queries/q21/log_dir/sirius_2026-06-30.log,25,199,81,GPU_SCAN,SCAN,94,GPU_SCAN,PIPELINEABLE,3,1,0,0,0,0,0.0,1,33505824,2,544469760,0.54446976,0.0,0.0,1010922
q21,q21,/home/dy1013/sirius_multi-gpu/experiment/join_retention_runs/join_retention_20260630_075038/queries/q21/log_dir/sirius_2026-06-30.log,26,213,83,PARTITION,PARTITION,82,PIPELINEABLE,PIPELINEABLE,3,1,1,33510747,2,544549680,0.54454968,4,33510747,8,536171952,0.536171952,0.984615,1.0,12887
q21,q21,/home/dy1013/sirius_multi-gpu/experiment/join_retention_runs/join_retention_20260630_075038/queries/q21/log_dir/sirius_2026-06-30.log,26,214,83,PARTITION,PARTITION,82,PIPELINEABLE,PIPELINEABLE,3,1,1,33505824,2,544469760,0.54446976,4,33505824,8,536093184,0.536093184,0.984615,1.0,11299
q21,q21,/home/dy1013/sirius_multi-gpu/experiment/join_retention_runs/join_retention_20260630_075038/queries/q21/log_dir/sirius_2026-06-30.log,25,197,81,GPU_SCAN,SCAN,94,GPU_SCAN,PIPELINEABLE,1,1,0,0,0,0,0.0,1,33504854,2,544453984,0.544453984,0.0,0.0,1058053
q21,q21,/home/dy1013/sirius_multi-gpu/experiment/join_retention_runs/join_retention_20260630_075038/queries/q21/log_dir/sirius_2026-06-30.log,25,194,81,GPU_SCAN,SCAN,94,GPU_SCAN,PIPELINEABLE,2,1,0,0,0,0,0.0,1,33506403,2,544479152,0.544479152,0.0,0.0,1063221
q21,q21,/home/dy1013/sirius_multi-gpu/experiment/join_retention_runs/join_retention_20260630_075038/queries/q21/log_dir/sirius_2026-06-30.log,25,192,81,GPU_SCAN,SCAN,94,GPU_SCAN,PIPELINEABLE,0,1,0,0,0,0,0.0,1,33453012,2,543611456,0.543611456,0.0,0.0,1071801
q21,q21,/home/dy1013/sirius_multi-gpu/experiment/join_retention_runs/join_retention_20260630_075038/queries/q21/log_dir/sirius_2026-06-30.log,26,215,83,PARTITION,PARTITION,82,PIPELINEABLE,PIPELINEABLE,1,1,1,33504854,2,544453984,0.544453984,4,33504854,8,536077664,0.536077664,0.984615,1.0,15139
q21,q21,/home/dy1013/sirius_multi-gpu/experiment/join_retention_runs/join_retention_20260630_075038/queries/q21/log_dir/sirius_2026-06-30.log,27,221,82,CONCAT,CONCAT,83,PARTITIONED,PARTITIONED,1,1,1,8375710,2,134011360,0.13401136,1,8375710,2,134011360,0.13401136,1.0,1.0,3
q21,q21,/home/dy1013/sirius_multi-gpu/experiment/join_retention_runs/join_retention_20260630_075038/queries/q21/log_dir/sirius_2026-06-30.log,26,210,83,PARTITION,PARTITION,82,PIPELINEABLE,PIPELINEABLE,2,1,1,33506001,2,544472592,0.544472592,4,33506001,8,536096016,0.536096016,0.984615,1.0,37517
q21,q21,/home/dy1013/sirius_multi-gpu/experiment/join_retention_runs/join_retention_20260630_075038/queries/q21/log_dir/sirius_2026-06-30.log,26,211,83,PARTITION,PARTITION,82,PIPELINEABLE,PIPELINEABLE,0,1,1,33507171,2,544491568,0.544491568,4,33507171,8,536114736,0.536114736,0.984615,1.0,33135
q21,q21,/home/dy1013/sirius_multi-gpu/experiment/join_retention_runs/join_retention_20260630_075038/queries/q21/log_dir/sirius_2026-06-30.log,26,217,83,PARTITION,PARTITION,82,PIPELINEABLE,PIPELINEABLE,0,1,1,33453012,2,543611456,0.543611456,4,33453012,8,535248192,0.535248192,0.984615,1.0,11060
q21,q21,/home/dy1013/sirius_multi-gpu/experiment/join_retention_runs/join_retention_20260630_075038/queries/q21/log_dir/sirius_2026-06-30.log,27,220,82,CONCAT,CONCAT,83,PARTITIONED,PARTITIONED,1,1,4,33493519,8,535896304,0.535896304,1,33493519,2,535896304,0.535896304,1.0,1.0,11896
q21,q21,/home/dy1013/sirius_multi-gpu/experiment/join_retention_runs/join_retention_20260630_075038/queries/q21/log_dir/sirius_2026-06-30.log,27,224,82,CONCAT,CONCAT,83,PARTITIONED,PARTITIONED,3,1,4,33526677,8,536426832,0.536426832,1,33526677,2,536426832,0.536426832,1.0,1.0,12112
q21,q21,/home/dy1013/sirius_multi-gpu/experiment/join_retention_runs/join_retention_20260630_075038/queries/q21/log_dir/sirius_2026-06-30.log,27,225,82,CONCAT,CONCAT,83,PARTITIONED,PARTITIONED,3,1,1,8380712,2,134091392,0.134091392,1,8380712,2,134091392,0.134091392,1.0,1.0,2
q21,q21,/home/dy1013/sirius_multi-gpu/experiment/join_retention_runs/join_retention_20260630_075038/queries/q21/log_dir/sirius_2026-06-30.log,26,216,83,PARTITION,PARTITION,82,PIPELINEABLE,PIPELINEABLE,2,1,1,33506403,2,544479152,0.544479152,4,33506403,8,536102448,0.536102448,0.984615,1.0,89155
q21,q21,/home/dy1013/sirius_multi-gpu/experiment/join_retention_runs/join_retention_20260630_075038/queries/q21/log_dir/sirius_2026-06-30.log,27,223,82,CONCAT,CONCAT,83,PARTITIONED,PARTITIONED,2,1,1,8365898,2,133854368,0.133854368,1,8365898,2,133854368,0.133854368,1.0,1.0,3
q21,q21,/home/dy1013/sirius_multi-gpu/experiment/join_retention_runs/join_retention_20260630_075038/queries/q21/log_dir/sirius_2026-06-30.log,27,218,82,CONCAT,CONCAT,83,PARTITIONED,PARTITIONED,0,1,4,33474338,8,535589408,0.535589408,1,33474338,2,535589408,0.535589408,1.0,1.0,11943
q21,q21,/home/dy1013/sirius_multi-gpu/experiment/join_retention_runs/join_retention_20260630_075038/queries/q21/log_dir/sirius_2026-06-30.log,27,222,82,CONCAT,CONCAT,83,PARTITIONED,PARTITIONED,2,1,4,33485190,8,535763040,0.53576304,1,33485190,2,535763040,0.53576304,1.0,1.0,11952
q21,q21,/home/dy1013/sirius_multi-gpu/experiment/join_retention_runs/join_retention_20260630_075038/queries/q21/log_dir/sirius_2026-06-30.log,27,219,82,CONCAT,CONCAT,83,PARTITIONED,PARTITIONED,0,1,1,8382534,2,134120544,0.134120544,1,8382534,2,134120544,0.134120544,1.0,1.0,1
q21,q21,/home/dy1013/sirius_multi-gpu/experiment/join_retention_runs/join_retention_20260630_075038/queries/q21/log_dir/sirius_2026-06-30.log,25,195,81,GPU_SCAN,SCAN,94,GPU_SCAN,PIPELINEABLE,3,1,0,0,0,0,0.0,1,33505628,2,544466496,0.544466496,0.0,0.0,1193492
q21,q21,/home/dy1013/sirius_multi-gpu/experiment/join_retention_runs/join_retention_20260630_075038/queries/q21/log_dir/sirius_2026-06-30.log,26,226,83,PARTITION,PARTITION,82,PIPELINEABLE,PIPELINEABLE,3,1,1,33505628,2,544466496,0.544466496,4,33505628,8,536090048,0.536090048,0.984615,1.0,8956
q21,q21,/home/dy1013/sirius_multi-gpu/experiment/join_retention_runs/join_retention_20260630_075038/queries/q21/log_dir/sirius_2026-06-30.log,27,234,82,CONCAT,CONCAT,83,PARTITIONED,PARTITIONED,3,1,1,8385635,2,134170160,0.13417016,1,8385635,2,134170160,0.13417016,1.0,1.0,2
q21,q21,/home/dy1013/sirius_multi-gpu/experiment/join_retention_runs/join_retention_20260630_075038/queries/q21/log_dir/sirius_2026-06-30.log,27,230,82,CONCAT,CONCAT,83,PARTITIONED,PARTITIONED,1,1,1,8366576,2,133865216,0.133865216,1,8366576,2,133865216,0.133865216,1.0,1.0,1
q21,q21,/home/dy1013/sirius_multi-gpu/experiment/join_retention_runs/join_retention_20260630_075038/queries/q21/log_dir/sirius_2026-06-30.log,27,232,82,CONCAT,CONCAT,83,PARTITIONED,PARTITIONED,2,1,1,8377077,2,134033232,0.134033232,1,8377077,2,134033232,0.134033232,1.0,1.0,2
q21,q21,/home/dy1013/sirius_multi-gpu/experiment/join_retention_runs/join_retention_20260630_075038/queries/q21/log_dir/sirius_2026-06-30.log,27,227,82,CONCAT,CONCAT,83,PARTITIONED,PARTITIONED,0,1,4,33494806,8,535916896,0.535916896,1,33494806,2,535916896,0.535916896,1.0,1.0,13045
q21,q21,/home/dy1013/sirius_multi-gpu/experiment/join_retention_runs/join_retention_20260630_075038/queries/q21/log_dir/sirius_2026-06-30.log,27,231,82,CONCAT,CONCAT,83,PARTITIONED,PARTITIONED,2,1,4,33494198,8,535907168,0.535907168,1,33494198,2,535907168,0.535907168,1.0,1.0,12028
q21,q21,/home/dy1013/sirius_multi-gpu/experiment/join_retention_runs/join_retention_20260630_075038/queries/q21/log_dir/sirius_2026-06-30.log,25,202,81,GPU_SCAN,SCAN,94,GPU_SCAN,PIPELINEABLE,2,1,0,0,0,0,0.0,1,33505124,2,544458304,0.544458304,0.0,0.0,1268249
q21,q21,/home/dy1013/sirius_multi-gpu/experiment/join_retention_runs/join_retention_20260630_075038/queries/q21/log_dir/sirius_2026-06-30.log,27,228,82,CONCAT,CONCAT,83,PARTITIONED,PARTITIONED,0,1,1,8376340,2,134021440,0.13402144,1,8376340,2,134021440,0.13402144,1.0,1.0,1
q21,q21,/home/dy1013/sirius_multi-gpu/experiment/join_retention_runs/join_retention_20260630_075038/queries/q21/log_dir/sirius_2026-06-30.log,25,196,81,GPU_SCAN,SCAN,94,GPU_SCAN,PIPELINEABLE,0,1,0,0,0,0,0.0,1,33505773,2,544468816,0.544468816,0.0,0.0,1284629
q21,q21,/home/dy1013/sirius_multi-gpu/experiment/join_retention_runs/join_retention_20260630_075038/queries/q21/log_dir/sirius_2026-06-30.log,26,235,83,PARTITION,PARTITION,82,PIPELINEABLE,PIPELINEABLE,2,1,1,33505124,2,544458304,0.544458304,4,33505124,8,536081984,0.536081984,0.984615,1.0,18270
q21,q21,/home/dy1013/sirius_multi-gpu/experiment/join_retention_runs/join_retention_20260630_075038/queries/q21/log_dir/sirius_2026-06-30.log,27,233,82,CONCAT,CONCAT,83,PARTITIONED,PARTITIONED,3,1,4,33478898,8,535662368,0.535662368,1,33478898,2,535662368,0.535662368,1.0,1.0,12035
q21,q21,/home/dy1013/sirius_multi-gpu/experiment/join_retention_runs/join_retention_20260630_075038/queries/q21/log_dir/sirius_2026-06-30.log,26,236,83,PARTITION,PARTITION,82,PIPELINEABLE,PIPELINEABLE,0,1,1,33505773,2,544468816,0.544468816,4,33505773,8,536092368,0.536092368,0.984615,1.0,12931
q21,q21,/home/dy1013/sirius_multi-gpu/experiment/join_retention_runs/join_retention_20260630_075038/queries/q21/log_dir/sirius_2026-06-30.log,25,206,81,GPU_SCAN,SCAN,94,GPU_SCAN,PIPELINEABLE,2,1,0,0,0,0,0.0,1,33505808,2,544469504,0.544469504,0.0,0.0,735510
q21,q21,/home/dy1013/sirius_multi-gpu/experiment/join_retention_runs/join_retention_20260630_075038/queries/q21/log_dir/sirius_2026-06-30.log,27,229,82,CONCAT,CONCAT,83,PARTITIONED,PARTITIONED,1,1,4,33504685,8,536074960,0.53607496,1,33504685,2,536074960,0.53607496,1.0,1.0,11874
q21,q21,/home/dy1013/sirius_multi-gpu/experiment/join_retention_runs/join_retention_20260630_075038/queries/q21/log_dir/sirius_2026-06-30.log,26,237,83,PARTITION,PARTITION,82,PIPELINEABLE,PIPELINEABLE,2,1,1,33505808,2,544469504,0.544469504,4,33505808,8,536092928,0.536092928,0.984615,1.0,10567
q21,q21,/home/dy1013/sirius_multi-gpu/experiment/join_retention_runs/join_retention_20260630_075038/queries/q21/log_dir/sirius_2026-06-30.log,25,205,81,GPU_SCAN,SCAN,94,GPU_SCAN,PIPELINEABLE,1,1,0,0,0,0,0.0,1,33505423,2,544463216,0.544463216,0.0,0.0,931051
q21,q21,/home/dy1013/sirius_multi-gpu/experiment/join_retention_runs/join_retention_20260630_075038/queries/q21/log_dir/sirius_2026-06-30.log,26,238,83,PARTITION,PARTITION,82,PIPELINEABLE,PIPELINEABLE,1,1,1,33505423,2,544463216,0.544463216,4,33505423,8,536086768,0.536086768,0.984615,1.0,10846
q21,q21,/home/dy1013/sirius_multi-gpu/experiment/join_retention_runs/join_retention_20260630_075038/queries/q21/log_dir/sirius_2026-06-30.log,25,204,81,GPU_SCAN,SCAN,94,GPU_SCAN,PIPELINEABLE,0,1,0,0,0,0,0.0,1,33506650,2,544483104,0.544483104,0.0,0.0,771025
q21,q21,/home/dy1013/sirius_multi-gpu/experiment/join_retention_runs/join_retention_20260630_075038/queries/q21/log_dir/sirius_2026-06-30.log,26,239,83,PARTITION,PARTITION,82,PIPELINEABLE,PIPELINEABLE,0,1,1,33506650,2,544483104,0.544483104,4,33506650,8,536106400,0.5361064,0.984615,1.0,9486
q21,q21,/home/dy1013/sirius_multi-gpu/experiment/join_retention_runs/join_retention_20260630_075038/queries/q21/log_dir/sirius_2026-06-30.log,27,241,82,CONCAT,CONCAT,83,PARTITIONED,PARTITIONED,0,1,1,8376766,2,134028256,0.134028256,1,8376766,2,134028256,0.134028256,1.0,1.0,14
q21,q21,/home/dy1013/sirius_multi-gpu/experiment/join_retention_runs/join_retention_20260630_075038/queries/q21/log_dir/sirius_2026-06-30.log,27,245,82,CONCAT,CONCAT,83,PARTITIONED,PARTITIONED,2,1,1,8376389,2,134022224,0.134022224,1,8376389,2,134022224,0.134022224,1.0,1.0,1
q21,q21,/home/dy1013/sirius_multi-gpu/experiment/join_retention_runs/join_retention_20260630_075038/queries/q21/log_dir/sirius_2026-06-30.log,27,243,82,CONCAT,CONCAT,83,PARTITIONED,PARTITIONED,1,1,1,8378745,2,134059920,0.13405992,1,8378745,2,134059920,0.13405992,1.0,1.0,1
q21,q21,/home/dy1013/sirius_multi-gpu/experiment/join_retention_runs/join_retention_20260630_075038/queries/q21/log_dir/sirius_2026-06-30.log,27,247,82,CONCAT,CONCAT,83,PARTITIONED,PARTITIONED,3,1,1,8374750,2,133996000,0.133996,1,8374750,2,133996000,0.133996,1.0,1.0,1
q21,q21,/home/dy1013/sirius_multi-gpu/experiment/join_retention_runs/join_retention_20260630_075038/queries/q21/log_dir/sirius_2026-06-30.log,27,244,82,CONCAT,CONCAT,83,PARTITIONED,PARTITIONED,2,1,4,33482014,8,535712224,0.535712224,1,33482014,2,535712224,0.535712224,1.0,1.0,11935
q21,q21,/home/dy1013/sirius_multi-gpu/experiment/join_retention_runs/join_retention_20260630_075038/queries/q21/log_dir/sirius_2026-06-30.log,27,240,82,CONCAT,CONCAT,83,PARTITIONED,PARTITIONED,0,1,4,33517131,8,536274096,0.536274096,1,33517131,2,536274096,0.536274096,1.0,1.0,12009
q21,q21,/home/dy1013/sirius_multi-gpu/experiment/join_retention_runs/join_retention_20260630_075038/queries/q21/log_dir/sirius_2026-06-30.log,27,242,82,CONCAT,CONCAT,83,PARTITIONED,PARTITIONED,1,1,4,33509901,8,536158416,0.536158416,1,33509901,2,536158416,0.536158416,1.0,1.0,11867
q21,q21,/home/dy1013/sirius_multi-gpu/experiment/join_retention_runs/join_retention_20260630_075038/queries/q21/log_dir/sirius_2026-06-30.log,27,246,82,CONCAT,CONCAT,83,PARTITIONED,PARTITIONED,3,1,4,33513082,8,536209312,0.536209312,1,33513082,2,536209312,0.536209312,1.0,1.0,12076
q21,q21,/home/dy1013/sirius_multi-gpu/experiment/join_retention_runs/join_retention_20260630_075038/queries/q21/log_dir/sirius_2026-06-30.log,25,203,81,GPU_SCAN,SCAN,94,GPU_SCAN,PIPELINEABLE,3,1,0,0,0,0,0.0,1,33505753,2,544468496,0.544468496,0.0,0.0,484756
q21,q21,/home/dy1013/sirius_multi-gpu/experiment/join_retention_runs/join_retention_20260630_075038/queries/q21/log_dir/sirius_2026-06-30.log,26,248,83,PARTITION,PARTITION,82,PIPELINEABLE,PIPELINEABLE,3,1,1,33505753,2,544468496,0.544468496,4,33505753,8,536092048,0.536092048,0.984615,1.0,13330
q21,q21,/home/dy1013/sirius_multi-gpu/experiment/join_retention_runs/join_retention_20260630_075038/queries/q21/log_dir/sirius_2026-06-30.log,25,207,81,GPU_SCAN,SCAN,94,GPU_SCAN,PIPELINEABLE,3,1,0,0,0,0,0.0,1,33505499,2,544464432,0.544464432,0.0,0.0,512658
q21,q21,/home/dy1013/sirius_multi-gpu/experiment/join_retention_runs/join_retention_20260630_075038/queries/q21/log_dir/sirius_2026-06-30.log,26,249,83,PARTITION,PARTITION,82,PIPELINEABLE,PIPELINEABLE,3,1,1,33505499,2,544464432,0.544464432,4,33505499,8,536087984,0.536087984,0.984615,1.0,10953
q21,q21,/home/dy1013/sirius_multi-gpu/experiment/join_retention_runs/join_retention_20260630_075038/queries/q21/log_dir/sirius_2026-06-30.log,25,208,81,GPU_SCAN,SCAN,94,GPU_SCAN,PIPELINEABLE,0,1,0,0,0,0,0.0,1,30535079,2,496195056,0.496195056,0.0,0.0,470075
q21,q21,/home/dy1013/sirius_multi-gpu/experiment/join_retention_runs/join_retention_20260630_075038/queries/q21/log_dir/sirius_2026-06-30.log,26,250,83,PARTITION,PARTITION,82,PIPELINEABLE,PIPELINEABLE,0,1,1,30535079,2,496195056,0.496195056,4,30535079,8,488561264,0.488561264,0.984615,1.0,10516
q21,q21,/home/dy1013/sirius_multi-gpu/experiment/join_retention_runs/join_retention_20260630_075038/queries/q21/log_dir/sirius_2026-06-30.log,27,254,82,CONCAT,CONCAT,83,PARTITIONED,PARTITIONED,3,1,3,24396773,6,390348368,0.390348368,1,24396773,2,390348368,0.390348368,1.0,1.0,8813
q21,q21,/home/dy1013/sirius_multi-gpu/experiment/join_retention_runs/join_retention_20260630_075038/queries/q21/log_dir/sirius_2026-06-30.log,27,251,82,CONCAT,CONCAT,83,PARTITIONED,PARTITIONED,0,1,3,24378715,6,390059440,0.39005944,1,24378715,2,390059440,0.39005944,1.0,1.0,8745
q21,q21,/home/dy1013/sirius_multi-gpu/experiment/join_retention_runs/join_retention_20260630_075038/queries/q21/log_dir/sirius_2026-06-30.log,27,253,82,CONCAT,CONCAT,83,PARTITIONED,PARTITIONED,2,1,3,24388209,6,390211344,0.390211344,1,24388209,2,390211344,0.390211344,1.0,1.0,8675
q21,q21,/home/dy1013/sirius_multi-gpu/experiment/join_retention_runs/join_retention_20260630_075038/queries/q21/log_dir/sirius_2026-06-30.log,27,252,82,CONCAT,CONCAT,83,PARTITIONED,PARTITIONED,1,1,3,24382634,6,390122144,0.390122144,1,24382634,2,390122144,0.390122144,1.0,1.0,8621
q21,q21,/home/dy1013/sirius_multi-gpu/experiment/join_retention_runs/join_retention_20260630_075038/queries/q21/log_dir/sirius_2026-06-30.log,28,262,37,HASH_JOIN,JOIN,33,PARTITIONED,PIPELINEABLE,1,2,2,10210944,4,163375104,0.163375104,1,407504,2,6520064,0.006520064,0.039909,0.039909,53339
q21,q21,/home/dy1013/sirius_multi-gpu/experiment/join_retention_runs/join_retention_20260630_075038/queries/q21/log_dir/sirius_2026-06-30.log,28,262,38,PROJECTION,PROJECTION,13,PIPELINEABLE,PIPELINEABLE,1,2,1,407504,2,6520064,0.006520064,1,407504,2,6520064,0.006520064,1.0,1.0,66
q21,q21,/home/dy1013/sirius_multi-gpu/experiment/join_retention_runs/join_retention_20260630_075038/queries/q21/log_dir/sirius_2026-06-30.log,28,258,37,HASH_JOIN,JOIN,33,PARTITIONED,PIPELINEABLE,0,2,2,10212657,4,163402512,0.163402512,1,411015,2,6576240,0.00657624,0.040246,0.040246,54099
q21,q21,/home/dy1013/sirius_multi-gpu/experiment/join_retention_runs/join_retention_20260630_075038/queries/q21/log_dir/sirius_2026-06-30.log,28,258,38,PROJECTION,PROJECTION,13,PIPELINEABLE,PIPELINEABLE,0,2,1,411015,2,6576240,0.00657624,1,411015,2,6576240,0.00657624,1.0,1.0,67
q21,q21,/home/dy1013/sirius_multi-gpu/experiment/join_retention_runs/join_retention_20260630_075038/queries/q21/log_dir/sirius_2026-06-30.log,28,265,37,HASH_JOIN,JOIN,33,PARTITIONED,PIPELINEABLE,1,2,2,35339919,4,565438704,0.565438704,1,1635094,2,26161504,0.026161504,0.046268,0.046268,54901
q21,q21,/home/dy1013/sirius_multi-gpu/experiment/join_retention_runs/join_retention_20260630_075038/queries/q21/log_dir/sirius_2026-06-30.log,28,265,38,PROJECTION,PROJECTION,13,PIPELINEABLE,PIPELINEABLE,1,2,1,1635094,2,26161504,0.026161504,1,1635094,2,26161504,0.026161504,1.0,1.0,402
q21,q21,/home/dy1013/sirius_multi-gpu/experiment/join_retention_runs/join_retention_20260630_075038/queries/q21/log_dir/sirius_2026-06-30.log,28,256,37,HASH_JOIN,JOIN,33,PARTITIONED,PIPELINEABLE,0,2,2,10218851,4,163501616,0.163501616,1,409376,2,6550016,0.006550016,0.040061,0.040061,56196
q21,q21,/home/dy1013/sirius_multi-gpu/experiment/join_retention_runs/join_retention_20260630_075038/queries/q21/log_dir/sirius_2026-06-30.log,28,256,38,PROJECTION,PROJECTION,13,PIPELINEABLE,PIPELINEABLE,0,2,1,409376,2,6550016,0.006550016,1,409376,2,6550016,0.006550016,1.0,1.0,58
q21,q21,/home/dy1013/sirius_multi-gpu/experiment/join_retention_runs/join_retention_20260630_075038/queries/q21/log_dir/sirius_2026-06-30.log,28,257,37,HASH_JOIN,JOIN,33,PARTITIONED,PIPELINEABLE,0,2,2,35331123,4,565297968,0.565297968,1,1634503,2,26152048,0.026152048,0.046262,0.046262,57866
q21,q21,/home/dy1013/sirius_multi-gpu/experiment/join_retention_runs/join_retention_20260630_075038/queries/q21/log_dir/sirius_2026-06-30.log,28,271,37,HASH_JOIN,JOIN,33,PARTITIONED,PIPELINEABLE,2,2,2,10211911,4,163390576,0.163390576,1,408450,2,6535200,0.0065352,0.039997,0.039997,57748
q21,q21,/home/dy1013/sirius_multi-gpu/experiment/join_retention_runs/join_retention_20260630_075038/queries/q21/log_dir/sirius_2026-06-30.log,28,271,38,PROJECTION,PROJECTION,13,PIPELINEABLE,PIPELINEABLE,2,2,1,408450,2,6535200,0.0065352,1,408450,2,6535200,0.0065352,1.0,1.0,61
q21,q21,/home/dy1013/sirius_multi-gpu/experiment/join_retention_runs/join_retention_20260630_075038/queries/q21/log_dir/sirius_2026-06-30.log,28,257,38,PROJECTION,PROJECTION,13,PIPELINEABLE,PIPELINEABLE,0,2,1,1634503,2,26152048,0.026152048,1,1634503,2,26152048,0.026152048,1.0,1.0,201
q21,q21,/home/dy1013/sirius_multi-gpu/experiment/join_retention_runs/join_retention_20260630_075038/queries/q21/log_dir/sirius_2026-06-30.log,28,255,37,HASH_JOIN,JOIN,33,PARTITIONED,PIPELINEABLE,0,2,2,35310655,4,564970480,0.56497048,1,1633046,2,26128736,0.026128736,0.046248,0.046248,60489
q21,q21,/home/dy1013/sirius_multi-gpu/experiment/join_retention_runs/join_retention_20260630_075038/queries/q21/log_dir/sirius_2026-06-30.log,28,255,38,PROJECTION,PROJECTION,13,PIPELINEABLE,PIPELINEABLE,0,2,1,1633046,2,26128736,0.026128736,1,1633046,2,26128736,0.026128736,1.0,1.0,190
q21,q21,/home/dy1013/sirius_multi-gpu/experiment/join_retention_runs/join_retention_20260630_075038/queries/q21/log_dir/sirius_2026-06-30.log,28,270,37,HASH_JOIN,JOIN,33,PARTITIONED,PIPELINEABLE,2,2,2,35320024,4,565120384,0.565120384,1,1630360,2,26085760,0.02608576,0.04616,0.04616,61187
q21,q21,/home/dy1013/sirius_multi-gpu/experiment/join_retention_runs/join_retention_20260630_075038/queries/q21/log_dir/sirius_2026-06-30.log,28,270,38,PROJECTION,PROJECTION,13,PIPELINEABLE,PIPELINEABLE,2,2,1,1630360,2,26085760,0.02608576,1,1630360,2,26085760,0.02608576,1.0,1.0,213
q21,q21,/home/dy1013/sirius_multi-gpu/experiment/join_retention_runs/join_retention_20260630_075038/queries/q21/log_dir/sirius_2026-06-30.log,28,264,37,HASH_JOIN,JOIN,33,PARTITIONED,PIPELINEABLE,1,2,2,10201810,4,163228960,0.16322896,1,408057,2,6528912,0.006528912,0.039998,0.039998,62703
q21,q21,/home/dy1013/sirius_multi-gpu/experiment/join_retention_runs/join_retention_20260630_075038/queries/q21/log_dir/sirius_2026-06-30.log,28,264,38,PROJECTION,PROJECTION,13,PIPELINEABLE,PIPELINEABLE,1,2,1,408057,2,6528912,0.006528912,1,408057,2,6528912,0.006528912,1.0,1.0,135
q21,q21,/home/dy1013/sirius_multi-gpu/experiment/join_retention_runs/join_retention_20260630_075038/queries/q21/log_dir/sirius_2026-06-30.log,28,263,37,HASH_JOIN,JOIN,33,PARTITIONED,PIPELINEABLE,1,2,2,35328753,4,565260048,0.565260048,1,1634345,2,26149520,0.02614952,0.046261,0.046261,65645
q21,q21,/home/dy1013/sirius_multi-gpu/experiment/join_retention_runs/join_retention_20260630_075038/queries/q21/log_dir/sirius_2026-06-30.log,28,263,38,PROJECTION,PROJECTION,13,PIPELINEABLE,PIPELINEABLE,1,2,1,1634345,2,26149520,0.02614952,1,1634345,2,26149520,0.02614952,1.0,1.0,182
q21,q21,/home/dy1013/sirius_multi-gpu/experiment/join_retention_runs/join_retention_20260630_075038/queries/q21/log_dir/sirius_2026-06-30.log,28,269,37,HASH_JOIN,JOIN,33,PARTITIONED,PIPELINEABLE,2,2,2,10200732,4,163211712,0.163211712,1,409381,2,6550096,0.006550096,0.040133,0.040133,66273
q21,q21,/home/dy1013/sirius_multi-gpu/experiment/join_retention_runs/join_retention_20260630_075038/queries/q21/log_dir/sirius_2026-06-30.log,28,269,38,PROJECTION,PROJECTION,13,PIPELINEABLE,PIPELINEABLE,2,2,1,409381,2,6550096,0.006550096,1,409381,2,6550096,0.006550096,1.0,1.0,661
q21,q21,/home/dy1013/sirius_multi-gpu/experiment/join_retention_runs/join_retention_20260630_075038/queries/q21/log_dir/sirius_2026-06-30.log,28,272,37,HASH_JOIN,JOIN,33,PARTITIONED,PIPELINEABLE,2,2,2,35329032,4,565264512,0.565264512,1,1633212,2,26131392,0.026131392,0.046229,0.046229,68228
q21,q21,/home/dy1013/sirius_multi-gpu/experiment/join_retention_runs/join_retention_20260630_075038/queries/q21/log_dir/sirius_2026-06-30.log,28,276,37,HASH_JOIN,JOIN,33,PARTITIONED,PIPELINEABLE,3,2,2,35361021,4,565776336,0.565776336,1,1638173,2,26210768,0.026210768,0.046327,0.046327,68646
q21,q21,/home/dy1013/sirius_multi-gpu/experiment/join_retention_runs/join_retention_20260630_075038/queries/q21/log_dir/sirius_2026-06-30.log,28,272,38,PROJECTION,PROJECTION,13,PIPELINEABLE,PIPELINEABLE,2,2,1,1633212,2,26131392,0.026131392,1,1633212,2,26131392,0.026131392,1.0,1.0,815
q21,q21,/home/dy1013/sirius_multi-gpu/experiment/join_retention_runs/join_retention_20260630_075038/queries/q21/log_dir/sirius_2026-06-30.log,28,276,38,PROJECTION,PROJECTION,13,PIPELINEABLE,PIPELINEABLE,3,2,1,1638173,2,26210768,0.026210768,1,1638173,2,26210768,0.026210768,1.0,1.0,611
q21,q21,/home/dy1013/sirius_multi-gpu/experiment/join_retention_runs/join_retention_20260630_075038/queries/q21/log_dir/sirius_2026-06-30.log,28,279,37,HASH_JOIN,JOIN,33,PARTITIONED,PIPELINEABLE,3,2,2,35313242,4,565011872,0.565011872,1,1631792,2,26108672,0.026108672,0.046209,0.046209,70276
q21,q21,/home/dy1013/sirius_multi-gpu/experiment/join_retention_runs/join_retention_20260630_075038/queries/q21/log_dir/sirius_2026-06-30.log,28,277,37,HASH_JOIN,JOIN,33,PARTITIONED,PIPELINEABLE,3,2,2,10215056,4,163440896,0.163440896,1,407578,2,6521248,0.006521248,0.0399,0.0399,71611
q21,q21,/home/dy1013/sirius_multi-gpu/experiment/join_retention_runs/join_retention_20260630_075038/queries/q21/log_dir/sirius_2026-06-30.log,28,279,38,PROJECTION,PROJECTION,13,PIPELINEABLE,PIPELINEABLE,3,2,1,1631792,2,26108672,0.026108672,1,1631792,2,26108672,0.026108672,1.0,1.0,1345
q21,q21,/home/dy1013/sirius_multi-gpu/experiment/join_retention_runs/join_retention_20260630_075038/queries/q21/log_dir/sirius_2026-06-30.log,28,278,37,HASH_JOIN,JOIN,33,PARTITIONED,PIPELINEABLE,3,2,2,10219979,4,163519664,0.163519664,1,409787,2,6556592,0.006556592,0.040097,0.040097,71729
q21,q21,/home/dy1013/sirius_multi-gpu/experiment/join_retention_runs/join_retention_20260630_075038/queries/q21/log_dir/sirius_2026-06-30.log,28,277,38,PROJECTION,PROJECTION,13,PIPELINEABLE,PIPELINEABLE,3,2,1,407578,2,6521248,0.006521248,1,407578,2,6521248,0.006521248,1.0,1.0,195
q21,q21,/home/dy1013/sirius_multi-gpu/experiment/join_retention_runs/join_retention_20260630_075038/queries/q21/log_dir/sirius_2026-06-30.log,28,278,38,PROJECTION,PROJECTION,13,PIPELINEABLE,PIPELINEABLE,3,2,1,409787,2,6556592,0.006556592,1,409787,2,6556592,0.006556592,1.0,1.0,143
q21,q21,/home/dy1013/sirius_multi-gpu/experiment/join_retention_runs/join_retention_20260630_075038/queries/q21/log_dir/sirius_2026-06-30.log,29,283,85,PARTITION,PARTITION,82,PIPELINEABLE,PIPELINEABLE,1,1,1,407504,2,6520064,0.006520064,4,407504,8,6520064,0.006520064,1.0,1.0,36161
q21,q21,/home/dy1013/sirius_multi-gpu/experiment/join_retention_runs/join_retention_20260630_075038/queries/q21/log_dir/sirius_2026-06-30.log,28,266,37,HASH_JOIN,JOIN,33,PARTITIONED,PIPELINEABLE,1,2,2,10213979,4,163423664,0.163423664,1,408324,2,6533184,0.006533184,0.039977,0.039977,49478
q21,q21,/home/dy1013/sirius_multi-gpu/experiment/join_retention_runs/join_retention_20260630_075038/queries/q21/log_dir/sirius_2026-06-30.log,28,266,38,PROJECTION,PROJECTION,13,PIPELINEABLE,PIPELINEABLE,1,2,1,408324,2,6533184,0.006533184,1,408324,2,6533184,0.006533184,1.0,1.0,64
q21,q21,/home/dy1013/sirius_multi-gpu/experiment/join_retention_runs/join_retention_20260630_075038/queries/q21/log_dir/sirius_2026-06-30.log,28,268,37,HASH_JOIN,JOIN,33,PARTITIONED,PIPELINEABLE,1,2,2,26217868,4,419485888,0.419485888,1,1191987,2,19071792,0.019071792,0.045465,0.045465,41052
q21,q21,/home/dy1013/sirius_multi-gpu/experiment/join_retention_runs/join_retention_20260630_075038/queries/q21/log_dir/sirius_2026-06-30.log,28,268,38,PROJECTION,PROJECTION,13,PIPELINEABLE,PIPELINEABLE,1,2,1,1191987,2,19071792,0.019071792,1,1191987,2,19071792,0.019071792,1.0,1.0,166
q21,q21,/home/dy1013/sirius_multi-gpu/experiment/join_retention_runs/join_retention_20260630_075038/queries/q21/log_dir/sirius_2026-06-30.log,28,267,37,HASH_JOIN,JOIN,33,PARTITIONED,PIPELINEABLE,1,2,2,35345135,4,565522160,0.56552216,1,1636026,2,26176416,0.026176416,0.046287,0.046287,49772
q21,q21,/home/dy1013/sirius_multi-gpu/experiment/join_retention_runs/join_retention_20260630_075038/queries/q21/log_dir/sirius_2026-06-30.log,28,267,38,PROJECTION,PROJECTION,13,PIPELINEABLE,PIPELINEABLE,1,2,1,1636026,2,26176416,0.026176416,1,1636026,2,26176416,0.026176416,1.0,1.0,541
q21,q21,/home/dy1013/sirius_multi-gpu/experiment/join_retention_runs/join_retention_20260630_075038/queries/q21/log_dir/sirius_2026-06-30.log,28,261,37,HASH_JOIN,JOIN,33,PARTITIONED,PIPELINEABLE,0,2,2,26215032,4,419440512,0.419440512,1,1189362,2,19029792,0.019029792,0.045369,0.045369,50755
q21,q21,/home/dy1013/sirius_multi-gpu/experiment/join_retention_runs/join_retention_20260630_075038/queries/q21/log_dir/sirius_2026-06-30.log,28,259,37,HASH_JOIN,JOIN,33,PARTITIONED,PIPELINEABLE,0,2,2,10213083,4,163409328,0.163409328,1,408643,2,6538288,0.006538288,0.040012,0.040012,54458
q21,q21,/home/dy1013/sirius_multi-gpu/experiment/join_retention_runs/join_retention_20260630_075038/queries/q21/log_dir/sirius_2026-06-30.log,28,260,37,HASH_JOIN,JOIN,33,PARTITIONED,PIPELINEABLE,0,2,2,35353448,4,565655168,0.565655168,1,1641091,2,26257456,0.026257456,0.04642,0.04642,53087
q21,q21,/home/dy1013/sirius_multi-gpu/experiment/join_retention_runs/join_retention_20260630_075038/queries/q21/log_dir/sirius_2026-06-30.log,28,261,38,PROJECTION,PROJECTION,13,PIPELINEABLE,PIPELINEABLE,0,2,1,1189362,2,19029792,0.019029792,1,1189362,2,19029792,0.019029792,1.0,1.0,535
q21,q21,/home/dy1013/sirius_multi-gpu/experiment/join_retention_runs/join_retention_20260630_075038/queries/q21/log_dir/sirius_2026-06-30.log,28,259,38,PROJECTION,PROJECTION,13,PIPELINEABLE,PIPELINEABLE,0,2,1,408643,2,6538288,0.006538288,1,408643,2,6538288,0.006538288,1.0,1.0,538
q21,q21,/home/dy1013/sirius_multi-gpu/experiment/join_retention_runs/join_retention_20260630_075038/queries/q21/log_dir/sirius_2026-06-30.log,29,284,85,PARTITION,PARTITION,82,PIPELINEABLE,PIPELINEABLE,0,1,1,411015,2,6576240,0.00657624,4,411015,8,6576240,0.00657624,1.0,1.0,48869
q21,q21,/home/dy1013/sirius_multi-gpu/experiment/join_retention_runs/join_retention_20260630_075038/queries/q21/log_dir/sirius_2026-06-30.log,28,260,38,PROJECTION,PROJECTION,13,PIPELINEABLE,PIPELINEABLE,0,2,1,1641091,2,26257456,0.026257456,1,1641091,2,26257456,0.026257456,1.0,1.0,352
q21,q21,/home/dy1013/sirius_multi-gpu/experiment/join_retention_runs/join_retention_20260630_075038/queries/q21/log_dir/sirius_2026-06-30.log,28,282,37,HASH_JOIN,JOIN,33,PARTITIONED,PIPELINEABLE,3,2,2,26231117,4,419697872,0.419697872,1,1185783,2,18972528,0.018972528,0.045205,0.045205,38531
q21,q21,/home/dy1013/sirius_multi-gpu/experiment/join_retention_runs/join_retention_20260630_075038/queries/q21/log_dir/sirius_2026-06-30.log,28,282,38,PROJECTION,PROJECTION,13,PIPELINEABLE,PIPELINEABLE,3,2,1,1185783,2,18972528,0.018972528,1,1185783,2,18972528,0.018972528,1.0,1.0,145
q21,q21,/home/dy1013/sirius_multi-gpu/experiment/join_retention_runs/join_retention_20260630_075038/queries/q21/log_dir/sirius_2026-06-30.log,28,273,37,HASH_JOIN,JOIN,33,PARTITIONED,PIPELINEABLE,2,2,2,10211223,4,163379568,0.163379568,1,410319,2,6565104,0.006565104,0.040183,0.040183,56120
q21,q21,/home/dy1013/sirius_multi-gpu/experiment/join_retention_runs/join_retention_20260630_075038/queries/q21/log_dir/sirius_2026-06-30.log,29,295,85,PARTITION,PARTITION,82,PIPELINEABLE,PIPELINEABLE,3,1,1,1638173,2,26210768,0.026210768,4,1638173,8,26210768,0.026210768,1.0,1.0,42064
q21,q21,/home/dy1013/sirius_multi-gpu/experiment/join_retention_runs/join_retention_20260630_075038/queries/q21/log_dir/sirius_2026-06-30.log,28,274,37,HASH_JOIN,JOIN,33,PARTITIONED,PIPELINEABLE,2,2,2,35316848,4,565069568,0.565069568,1,1637206,2,26195296,0.026195296,0.046358,0.046358,52832
q21,q21,/home/dy1013/sirius_multi-gpu/experiment/join_retention_runs/join_retention_20260630_075038/queries/q21/log_dir/sirius_2026-06-30.log,28,273,38,PROJECTION,PROJECTION,13,PIPELINEABLE,PIPELINEABLE,2,2,1,410319,2,6565104,0.006565104,1,410319,2,6565104,0.006565104,1.0,1.0,218
q21,q21,/home/dy1013/sirius_multi-gpu/experiment/join_retention_runs/join_retention_20260630_075038/queries/q21/log_dir/sirius_2026-06-30.log,28,274,38,PROJECTION,PROJECTION,13,PIPELINEABLE,PIPELINEABLE,2,2,1,1637206,2,26195296,0.026195296,1,1637206,2,26195296,0.026195296,1.0,1.0,229
q21,q21,/home/dy1013/sirius_multi-gpu/experiment/join_retention_runs/join_retention_20260630_075038/queries/q21/log_dir/sirius_2026-06-30.log,28,281,37,HASH_JOIN,JOIN,33,PARTITIONED,PIPELINEABLE,3,2,2,35347426,4,565558816,0.565558816,1,1639494,2,26231904,0.026231904,0.046382,0.046382,42639
q21,q21,/home/dy1013/sirius_multi-gpu/experiment/join_retention_runs/join_retention_20260630_075038/queries/q21/log_dir/sirius_2026-06-30.log,28,281,38,PROJECTION,PROJECTION,13,PIPELINEABLE,PIPELINEABLE,3,2,1,1639494,2,26231904,0.026231904,1,1639494,2,26231904,0.026231904,1.0,1.0,703
q21,q21,/home/dy1013/sirius_multi-gpu/experiment/join_retention_runs/join_retention_20260630_075038/queries/q21/log_dir/sirius_2026-06-30.log,28,280,37,HASH_JOIN,JOIN,33,PARTITIONED,PIPELINEABLE,3,2,2,10209094,4,163345504,0.163345504,1,409524,2,6552384,0.006552384,0.040114,0.040114,46208
q21,q21,/home/dy1013/sirius_multi-gpu/experiment/join_retention_runs/join_retention_20260630_075038/queries/q21/log_dir/sirius_2026-06-30.log,28,280,38,PROJECTION,PROJECTION,13,PIPELINEABLE,PIPELINEABLE,3,2,1,409524,2,6552384,0.006552384,1,409524,2,6552384,0.006552384,1.0,1.0,117
q21,q21,/home/dy1013/sirius_multi-gpu/experiment/join_retention_runs/join_retention_20260630_075038/queries/q21/log_dir/sirius_2026-06-30.log,28,275,37,HASH_JOIN,JOIN,33,PARTITIONED,PIPELINEABLE,2,2,2,26223043,4,419568688,0.419568688,1,1191317,2,19061072,0.019061072,0.04543,0.04543,51374
q21,q21,/home/dy1013/sirius_multi-gpu/experiment/join_retention_runs/join_retention_20260630_075038/queries/q21/log_dir/sirius_2026-06-30.log,28,275,38,PROJECTION,PROJECTION,13,PIPELINEABLE,PIPELINEABLE,2,2,1,1191317,2,19061072,0.019061072,1,1191317,2,19061072,0.019061072,1.0,1.0,145
q21,q21,/home/dy1013/sirius_multi-gpu/experiment/join_retention_runs/join_retention_20260630_075038/queries/q21/log_dir/sirius_2026-06-30.log,29,287,85,PARTITION,PARTITION,82,PIPELINEABLE,PIPELINEABLE,2,1,1,408450,2,6535200,0.0065352,4,408450,8,6535200,0.0065352,1.0,1.0,49284
q21,q21,/home/dy1013/sirius_multi-gpu/experiment/join_retention_runs/join_retention_20260630_075038/queries/q21/log_dir/sirius_2026-06-30.log,29,285,85,PARTITION,PARTITION,82,PIPELINEABLE,PIPELINEABLE,1,1,1,1635094,2,26161504,0.026161504,4,1635094,8,26161504,0.026161504,1.0,1.0,22022
q21,q21,/home/dy1013/sirius_multi-gpu/experiment/join_retention_runs/join_retention_20260630_075038/queries/q21/log_dir/sirius_2026-06-30.log,29,291,85,PARTITION,PARTITION,82,PIPELINEABLE,PIPELINEABLE,1,1,1,408057,2,6528912,0.006528912,4,408057,8,6528912,0.006528912,1.0,1.0,23127
q21,q21,/home/dy1013/sirius_multi-gpu/experiment/join_retention_runs/join_retention_20260630_075038/queries/q21/log_dir/sirius_2026-06-30.log,29,292,85,PARTITION,PARTITION,82,PIPELINEABLE,PIPELINEABLE,1,1,1,1634345,2,26149520,0.02614952,4,1634345,8,26149520,0.02614952,1.0,1.0,22925
q21,q21,/home/dy1013/sirius_multi-gpu/experiment/join_retention_runs/join_retention_20260630_075038/queries/q21/log_dir/sirius_2026-06-30.log,29,299,85,PARTITION,PARTITION,82,PIPELINEABLE,PIPELINEABLE,1,1,1,408324,2,6533184,0.006533184,4,408324,8,6533184,0.006533184,1.0,1.0,25227
q21,q21,/home/dy1013/sirius_multi-gpu/experiment/join_retention_runs/join_retention_20260630_075038/queries/q21/log_dir/sirius_2026-06-30.log,29,286,85,PARTITION,PARTITION,82,PIPELINEABLE,PIPELINEABLE,0,1,1,409376,2,6550016,0.006550016,4,409376,8,6550016,0.006550016,1.0,1.0,22510
q21,q21,/home/dy1013/sirius_multi-gpu/experiment/join_retention_runs/join_retention_20260630_075038/queries/q21/log_dir/sirius_2026-06-30.log,29,296,85,PARTITION,PARTITION,82,PIPELINEABLE,PIPELINEABLE,3,1,1,1631792,2,26108672,0.026108672,4,1631792,8,26108672,0.026108672,1.0,1.0,21183
q21,q21,/home/dy1013/sirius_multi-gpu/experiment/join_retention_runs/join_retention_20260630_075038/queries/q21/log_dir/sirius_2026-06-30.log,29,288,85,PARTITION,PARTITION,82,PIPELINEABLE,PIPELINEABLE,0,1,1,1634503,2,26152048,0.026152048,4,1634503,8,26152048,0.026152048,1.0,1.0,23752
q21,q21,/home/dy1013/sirius_multi-gpu/experiment/join_retention_runs/join_retention_20260630_075038/queries/q21/log_dir/sirius_2026-06-30.log,29,302,85,PARTITION,PARTITION,82,PIPELINEABLE,PIPELINEABLE,0,1,1,1189362,2,19029792,0.019029792,4,1189362,8,19029792,0.019029792,1.0,1.0,23517
q21,q21,/home/dy1013/sirius_multi-gpu/experiment/join_retention_runs/join_retention_20260630_075038/queries/q21/log_dir/sirius_2026-06-30.log,29,297,85,PARTITION,PARTITION,82,PIPELINEABLE,PIPELINEABLE,3,1,1,407578,2,6521248,0.006521248,4,407578,8,6521248,0.006521248,1.0,1.0,19049
q21,q21,/home/dy1013/sirius_multi-gpu/experiment/join_retention_runs/join_retention_20260630_075038/queries/q21/log_dir/sirius_2026-06-30.log,29,289,85,PARTITION,PARTITION,82,PIPELINEABLE,PIPELINEABLE,0,1,1,1633046,2,26128736,0.026128736,4,1633046,8,26128736,0.026128736,1.0,1.0,24507
q21,q21,/home/dy1013/sirius_multi-gpu/experiment/join_retention_runs/join_retention_20260630_075038/queries/q21/log_dir/sirius_2026-06-30.log,29,290,85,PARTITION,PARTITION,82,PIPELINEABLE,PIPELINEABLE,2,1,1,1630360,2,26085760,0.02608576,4,1630360,8,26085760,0.02608576,1.0,1.0,19946
q21,q21,/home/dy1013/sirius_multi-gpu/experiment/join_retention_runs/join_retention_20260630_075038/queries/q21/log_dir/sirius_2026-06-30.log,29,305,85,PARTITION,PARTITION,82,PIPELINEABLE,PIPELINEABLE,3,1,1,1185783,2,18972528,0.018972528,4,1185783,8,18972528,0.018972528,1.0,1.0,18267
q21,q21,/home/dy1013/sirius_multi-gpu/experiment/join_retention_runs/join_retention_20260630_075038/queries/q21/log_dir/sirius_2026-06-30.log,29,294,85,PARTITION,PARTITION,82,PIPELINEABLE,PIPELINEABLE,2,1,1,1633212,2,26131392,0.026131392,4,1633212,8,26131392,0.026131392,1.0,1.0,16854
q21,q21,/home/dy1013/sirius_multi-gpu/experiment/join_retention_runs/join_retention_20260630_075038/queries/q21/log_dir/sirius_2026-06-30.log,29,298,85,PARTITION,PARTITION,82,PIPELINEABLE,PIPELINEABLE,3,1,1,409787,2,6556592,0.006556592,4,409787,8,6556592,0.006556592,1.0,1.0,19759
q21,q21,/home/dy1013/sirius_multi-gpu/experiment/join_retention_runs/join_retention_20260630_075038/queries/q21/log_dir/sirius_2026-06-30.log,29,306,85,PARTITION,PARTITION,82,PIPELINEABLE,PIPELINEABLE,2,1,1,410319,2,6565104,0.006565104,4,410319,8,6565104,0.006565104,1.0,1.0,16979
q21,q21,/home/dy1013/sirius_multi-gpu/experiment/join_retention_runs/join_retention_20260630_075038/queries/q21/log_dir/sirius_2026-06-30.log,29,293,85,PARTITION,PARTITION,82,PIPELINEABLE,PIPELINEABLE,2,1,1,409381,2,6550096,0.006550096,4,409381,8,6550096,0.006550096,1.0,1.0,21354
q21,q21,/home/dy1013/sirius_multi-gpu/experiment/join_retention_runs/join_retention_20260630_075038/queries/q21/log_dir/sirius_2026-06-30.log,29,300,85,PARTITION,PARTITION,82,PIPELINEABLE,PIPELINEABLE,1,1,1,1191987,2,19071792,0.019071792,4,1191987,8,19071792,0.019071792,1.0,1.0,13981
q21,q21,/home/dy1013/sirius_multi-gpu/experiment/join_retention_runs/join_retention_20260630_075038/queries/q21/log_dir/sirius_2026-06-30.log,29,301,85,PARTITION,PARTITION,82,PIPELINEABLE,PIPELINEABLE,1,1,1,1636026,2,26176416,0.026176416,4,1636026,8,26176416,0.026176416,1.0,1.0,12494
q21,q21,/home/dy1013/sirius_multi-gpu/experiment/join_retention_runs/join_retention_20260630_075038/queries/q21/log_dir/sirius_2026-06-30.log,29,304,85,PARTITION,PARTITION,82,PIPELINEABLE,PIPELINEABLE,0,1,1,1641091,2,26257456,0.026257456,4,1641091,8,26257456,0.026257456,1.0,1.0,8394
q21,q21,/home/dy1013/sirius_multi-gpu/experiment/join_retention_runs/join_retention_20260630_075038/queries/q21/log_dir/sirius_2026-06-30.log,29,303,85,PARTITION,PARTITION,82,PIPELINEABLE,PIPELINEABLE,0,1,1,408643,2,6538288,0.006538288,4,408643,8,6538288,0.006538288,1.0,1.0,9982
q21,q21,/home/dy1013/sirius_multi-gpu/experiment/join_retention_runs/join_retention_20260630_075038/queries/q21/log_dir/sirius_2026-06-30.log,29,309,85,PARTITION,PARTITION,82,PIPELINEABLE,PIPELINEABLE,3,1,1,409524,2,6552384,0.006552384,4,409524,8,6552384,0.006552384,1.0,1.0,8118
q21,q21,/home/dy1013/sirius_multi-gpu/experiment/join_retention_runs/join_retention_20260630_075038/queries/q21/log_dir/sirius_2026-06-30.log,29,307,85,PARTITION,PARTITION,82,PIPELINEABLE,PIPELINEABLE,2,1,1,1637206,2,26195296,0.026195296,4,1637206,8,26195296,0.026195296,1.0,1.0,8182
q21,q21,/home/dy1013/sirius_multi-gpu/experiment/join_retention_runs/join_retention_20260630_075038/queries/q21/log_dir/sirius_2026-06-30.log,29,308,85,PARTITION,PARTITION,82,PIPELINEABLE,PIPELINEABLE,3,1,1,1639494,2,26231904,0.026231904,4,1639494,8,26231904,0.026231904,1.0,1.0,10325
q21,q21,/home/dy1013/sirius_multi-gpu/experiment/join_retention_runs/join_retention_20260630_075038/queries/q21/log_dir/sirius_2026-06-30.log,29,310,85,PARTITION,PARTITION,82,PIPELINEABLE,PIPELINEABLE,2,1,1,1191317,2,19061072,0.019061072,4,1191317,8,19061072,0.019061072,1.0,1.0,7597
q21,q21,/home/dy1013/sirius_multi-gpu/experiment/join_retention_runs/join_retention_20260630_075038/queries/q21/log_dir/sirius_2026-06-30.log,30,312,84,CONCAT,CONCAT,83,PARTITIONED,PARTITIONED,1,1,28,7328232,56,117251712,0.117251712,1,7328232,2,117251712,0.117251712,1.0,1.0,2338
q21,q21,/home/dy1013/sirius_multi-gpu/experiment/join_retention_runs/join_retention_20260630_075038/queries/q21/log_dir/sirius_2026-06-30.log,30,311,84,CONCAT,CONCAT,83,PARTITIONED,PARTITIONED,0,1,28,7328034,56,117248544,0.117248544,1,7328034,2,117248544,0.117248544,1.0,1.0,3502
q21,q21,/home/dy1013/sirius_multi-gpu/experiment/join_retention_runs/join_retention_20260630_075038/queries/q21/log_dir/sirius_2026-06-30.log,30,313,84,CONCAT,CONCAT,83,PARTITIONED,PARTITIONED,2,1,28,7317876,56,117086016,0.117086016,1,7317876,2,117086016,0.117086016,1.0,1.0,3371
q21,q21,/home/dy1013/sirius_multi-gpu/experiment/join_retention_runs/join_retention_20260630_075038/queries/q21/log_dir/sirius_2026-06-30.log,30,314,84,CONCAT,CONCAT,83,PARTITIONED,PARTITIONED,3,1,28,7316607,56,117065712,0.117065712,1,7316607,2,117065712,0.117065712,1.0,1.0,3223
q21,q21,/home/dy1013/sirius_multi-gpu/experiment/join_retention_runs/join_retention_20260630_075038/queries/q21/log_dir/sirius_2026-06-30.log,31,316,48,HASH_JOIN,JOIN,33,PARTITIONED,PIPELINEABLE,1,1,2,9164037,5,187012306,0.187012306,1,1769222,3,67230440,0.06723044,0.359497,0.193061,23489
q21,q21,/home/dy1013/sirius_multi-gpu/experiment/join_retention_runs/join_retention_20260630_075038/queries/q21/log_dir/sirius_2026-06-30.log,31,317,48,HASH_JOIN,JOIN,33,PARTITIONED,PIPELINEABLE,2,1,2,9152303,5,186794246,0.186794246,1,1767968,3,67182788,0.067182788,0.359662,0.193172,23869
q21,q21,/home/dy1013/sirius_multi-gpu/experiment/join_retention_runs/join_retention_20260630_075038/queries/q21/log_dir/sirius_2026-06-30.log,31,318,48,HASH_JOIN,JOIN,33,PARTITIONED,PIPELINEABLE,3,1,2,9150813,5,186765544,0.186765544,1,1767516,3,67165612,0.067165612,0.359625,0.193154,23713
q21,q21,/home/dy1013/sirius_multi-gpu/experiment/join_retention_runs/join_retention_20260630_075038/queries/q21/log_dir/sirius_2026-06-30.log,31,315,48,HASH_JOIN,JOIN,33,PARTITIONED,PIPELINEABLE,0,1,2,9164337,5,187028062,0.187028062,1,1769367,3,67235950,0.06723595,0.359497,0.193071,23845
q21,q21,/home/dy1013/sirius_multi-gpu/experiment/join_retention_runs/join_retention_20260630_075038/queries/q21/log_dir/sirius_2026-06-30.log,32,319,53,RIGHT_DELIM_JOIN,JOIN,38,PIPELINEABLE,PIPELINEABLE,1,1,1,1769222,3,67230440,0.06723044,1,1769222,3,67230440,0.06723044,1.0,1.0,43
q21,q21,/home/dy1013/sirius_multi-gpu/experiment/join_retention_runs/join_retention_20260630_075038/queries/q21/log_dir/sirius_2026-06-30.log,32,321,53,RIGHT_DELIM_JOIN,JOIN,38,PIPELINEABLE,PIPELINEABLE,3,1,1,1767516,3,67165612,0.067165612,1,1767516,3,67165612,0.067165612,1.0,1.0,2
q21,q21,/home/dy1013/sirius_multi-gpu/experiment/join_retention_runs/join_retention_20260630_075038/queries/q21/log_dir/sirius_2026-06-30.log,32,322,53,RIGHT_DELIM_JOIN,JOIN,38,PIPELINEABLE,PIPELINEABLE,0,1,1,1769367,3,67235950,0.06723595,1,1769367,3,67235950,0.06723595,1.0,1.0,43
q21,q21,/home/dy1013/sirius_multi-gpu/experiment/join_retention_runs/join_retention_20260630_075038/queries/q21/log_dir/sirius_2026-06-30.log,32,320,53,RIGHT_DELIM_JOIN,JOIN,38,PIPELINEABLE,PIPELINEABLE,2,1,1,1767968,3,67182788,0.067182788,1,1767968,3,67182788,0.067182788,1.0,1.0,7
q21,q21,/home/dy1013/sirius_multi-gpu/experiment/join_retention_runs/join_retention_20260630_075038/queries/q21/log_dir/sirius_2026-06-30.log,33,330,88,CONCAT,CONCAT,83,PARTITIONED,PARTITIONED,3,1,4,1767516,12,67165612,0.067165612,1,1767516,3,67165612,0.067165612,1.0,1.0,5654
q21,q21,/home/dy1013/sirius_multi-gpu/experiment/join_retention_runs/join_retention_20260630_075038/queries/q21/log_dir/sirius_2026-06-30.log,33,329,88,CONCAT,CONCAT,83,PARTITIONED,PARTITIONED,2,1,4,1767968,12,67182788,0.067182788,1,1767968,3,67182788,0.067182788,1.0,1.0,5869
q21,q21,/home/dy1013/sirius_multi-gpu/experiment/join_retention_runs/join_retention_20260630_075038/queries/q21/log_dir/sirius_2026-06-30.log,33,323,88,CONCAT,CONCAT,83,PARTITIONED,PARTITIONED,0,1,4,1769367,12,67235950,0.06723595,1,1769367,3,67235950,0.06723595,1.0,1.0,5994
q21,q21,/home/dy1013/sirius_multi-gpu/experiment/join_retention_runs/join_retention_20260630_075038/queries/q21/log_dir/sirius_2026-06-30.log,33,328,88,CONCAT,CONCAT,83,PARTITIONED,PARTITIONED,1,1,4,1769222,12,67230440,0.06723044,1,1769222,3,67230440,0.06723044,1.0,1.0,6705
q21,q21,/home/dy1013/sirius_multi-gpu/experiment/join_retention_runs/join_retention_20260630_075038/queries/q21/log_dir/sirius_2026-06-30.log,34,326,87,PARTITION,PARTITION,82,PIPELINEABLE,PIPELINEABLE,2,1,1,1767963,2,28287408,0.028287408,4,1767963,8,28287408,0.028287408,1.0,1.0,10211
q21,q21,/home/dy1013/sirius_multi-gpu/experiment/join_retention_runs/join_retention_20260630_075038/queries/q21/log_dir/sirius_2026-06-30.log,34,324,87,PARTITION,PARTITION,82,PIPELINEABLE,PIPELINEABLE,0,1,1,1769365,2,28309840,0.02830984,4,1769365,8,28309840,0.02830984,1.0,1.0,10689
q21,q21,/home/dy1013/sirius_multi-gpu/experiment/join_retention_runs/join_retention_20260630_075038/queries/q21/log_dir/sirius_2026-06-30.log,34,327,87,PARTITION,PARTITION,82,PIPELINEABLE,PIPELINEABLE,1,1,1,1769220,2,28307520,0.02830752,4,1769220,8,28307520,0.02830752,1.0,1.0,10955
q21,q21,/home/dy1013/sirius_multi-gpu/experiment/join_retention_runs/join_retention_20260630_075038/queries/q21/log_dir/sirius_2026-06-30.log,34,325,87,PARTITION,PARTITION,82,PIPELINEABLE,PIPELINEABLE,3,1,1,1767513,2,28280208,0.028280208,4,1767513,8,28280208,0.028280208,1.0,1.0,11399
q21,q21,/home/dy1013/sirius_multi-gpu/experiment/join_retention_runs/join_retention_20260630_075038/queries/q21/log_dir/sirius_2026-06-30.log,35,333,89,MERGE_GROUP_BY,AGGREGATE,85,PARTITIONED,PIPELINEABLE,2,1,4,1767963,8,28287408,0.028287408,1,1767963,2,28287408,0.028287408,1.0,1.0,4814
q21,q21,/home/dy1013/sirius_multi-gpu/experiment/join_retention_runs/join_retention_20260630_075038/queries/q21/log_dir/sirius_2026-06-30.log,35,331,89,MERGE_GROUP_BY,AGGREGATE,85,PARTITIONED,PIPELINEABLE,0,1,4,1769365,8,28309840,0.02830984,1,1769365,2,28309840,0.02830984,1.0,1.0,5370
q21,q21,/home/dy1013/sirius_multi-gpu/experiment/join_retention_runs/join_retention_20260630_075038/queries/q21/log_dir/sirius_2026-06-30.log,35,332,89,MERGE_GROUP_BY,AGGREGATE,85,PARTITIONED,PIPELINEABLE,1,1,4,1769220,8,28307520,0.02830752,1,1769220,2,28307520,0.02830752,1.0,1.0,6222
q21,q21,/home/dy1013/sirius_multi-gpu/experiment/join_retention_runs/join_retention_20260630_075038/queries/q21/log_dir/sirius_2026-06-30.log,35,334,89,MERGE_GROUP_BY,AGGREGATE,85,PARTITIONED,PIPELINEABLE,3,1,4,1767513,8,28280208,0.028280208,1,1767513,2,28280208,0.028280208,1.0,1.0,6652
q21,q21,/home/dy1013/sirius_multi-gpu/experiment/join_retention_runs/join_retention_20260630_075038/queries/q21/log_dir/sirius_2026-06-30.log,36,335,91,PARTITION,PARTITION,82,PIPELINEABLE,PIPELINEABLE,2,1,1,1767963,2,28287408,0.028287408,4,1767963,8,28287408,0.028287408,1.0,1.0,7658
q21,q21,/home/dy1013/sirius_multi-gpu/experiment/join_retention_runs/join_retention_20260630_075038/queries/q21/log_dir/sirius_2026-06-30.log,36,337,91,PARTITION,PARTITION,82,PIPELINEABLE,PIPELINEABLE,1,1,1,1769220,2,28307520,0.02830752,4,1769220,8,28307520,0.02830752,1.0,1.0,7528
q21,q21,/home/dy1013/sirius_multi-gpu/experiment/join_retention_runs/join_retention_20260630_075038/queries/q21/log_dir/sirius_2026-06-30.log,36,336,91,PARTITION,PARTITION,82,PIPELINEABLE,PIPELINEABLE,0,1,1,1769365,2,28309840,0.02830984,4,1769365,8,28309840,0.02830984,1.0,1.0,7883
q21,q21,/home/dy1013/sirius_multi-gpu/experiment/join_retention_runs/join_retention_20260630_075038/queries/q21/log_dir/sirius_2026-06-30.log,36,338,91,PARTITION,PARTITION,82,PIPELINEABLE,PIPELINEABLE,3,1,1,1767513,2,28280208,0.028280208,4,1767513,8,28280208,0.028280208,1.0,1.0,7823
q21,q21,/home/dy1013/sirius_multi-gpu/experiment/join_retention_runs/join_retention_20260630_075038/queries/q21/log_dir/sirius_2026-06-30.log,37,339,90,CONCAT,CONCAT,83,PARTITIONED,PARTITIONED,0,1,4,1769614,8,28313824,0.028313824,1,1769614,2,28313824,0.028313824,1.0,1.0,783
q21,q21,/home/dy1013/sirius_multi-gpu/experiment/join_retention_runs/join_retention_20260630_075038/queries/q21/log_dir/sirius_2026-06-30.log,37,341,90,CONCAT,CONCAT,83,PARTITIONED,PARTITIONED,2,1,4,1768235,8,28291760,0.02829176,1,1768235,2,28291760,0.02829176,1.0,1.0,652
q21,q21,/home/dy1013/sirius_multi-gpu/experiment/join_retention_runs/join_retention_20260630_075038/queries/q21/log_dir/sirius_2026-06-30.log,37,342,90,CONCAT,CONCAT,83,PARTITIONED,PARTITIONED,3,1,4,1767733,8,28283728,0.028283728,1,1767733,2,28283728,0.028283728,1.0,1.0,659
q21,q21,/home/dy1013/sirius_multi-gpu/experiment/join_retention_runs/join_retention_20260630_075038/queries/q21/log_dir/sirius_2026-06-30.log,37,340,90,CONCAT,CONCAT,83,PARTITIONED,PARTITIONED,1,1,4,1768479,8,28295664,0.028295664,1,1768479,2,28295664,0.028295664,1.0,1.0,651
q21,q21,/home/dy1013/sirius_multi-gpu/experiment/join_retention_runs/join_retention_20260630_075038/queries/q21/log_dir/sirius_2026-06-30.log,38,343,92,GPU_SCAN,SCAN,94,GPU_SCAN,PIPELINEABLE,1,3,0,0,0,0,0.0,1,27955695,4,684914536,0.684914536,0.0,0.0,386961
q21,q21,/home/dy1013/sirius_multi-gpu/experiment/join_retention_runs/join_retention_20260630_075038/queries/q21/log_dir/sirius_2026-06-30.log,38,343,30,FILTER,FILTER,12,PIPELINEABLE,PIPELINEABLE,1,3,1,27955695,4,684914536,0.684914536,1,17675508,4,433050080,0.43305008,0.632269,0.632269,13007
q21,q21,/home/dy1013/sirius_multi-gpu/experiment/join_retention_runs/join_retention_20260630_075038/queries/q21/log_dir/sirius_2026-06-30.log,38,343,31,PROJECTION,PROJECTION,13,PIPELINEABLE,PIPELINEABLE,1,3,1,17675508,4,433050080,0.43305008,1,17675508,2,287227072,0.287227072,0.663265,1.0,1869
q21,q21,/home/dy1013/sirius_multi-gpu/experiment/join_retention_runs/join_retention_20260630_075038/queries/q21/log_dir/sirius_2026-06-30.log,38,346,92,GPU_SCAN,SCAN,94,GPU_SCAN,PIPELINEABLE,0,3,0,0,0,0,0.0,1,27878556,4,683024800,0.6830248,0.0,0.0,573347
q21,q21,/home/dy1013/sirius_multi-gpu/experiment/join_retention_runs/join_retention_20260630_075038/queries/q21/log_dir/sirius_2026-06-30.log,38,346,30,FILTER,FILTER,12,PIPELINEABLE,PIPELINEABLE,0,3,1,27878556,4,683024800,0.6830248,1,17625926,4,431835280,0.43183528,0.63224,0.63224,7267
q21,q21,/home/dy1013/sirius_multi-gpu/experiment/join_retention_runs/join_retention_20260630_075038/queries/q21/log_dir/sirius_2026-06-30.log,38,346,31,PROJECTION,PROJECTION,13,PIPELINEABLE,PIPELINEABLE,0,3,1,17625926,4,431835280,0.43183528,1,17625926,2,286421344,0.286421344,0.663265,1.0,1839
q21,q21,/home/dy1013/sirius_multi-gpu/experiment/join_retention_runs/join_retention_20260630_075038/queries/q21/log_dir/sirius_2026-06-30.log,38,345,92,GPU_SCAN,SCAN,94,GPU_SCAN,PIPELINEABLE,3,3,0,0,0,0,0.0,1,27898757,4,683519608,0.683519608,0.0,0.0,699029
q21,q21,/home/dy1013/sirius_multi-gpu/experiment/join_retention_runs/join_retention_20260630_075038/queries/q21/log_dir/sirius_2026-06-30.log,38,345,30,FILTER,FILTER,12,PIPELINEABLE,PIPELINEABLE,3,3,1,27898757,4,683519608,0.683519608,1,17639110,4,432158352,0.432158352,0.632255,0.632254,12037
q21,q21,/home/dy1013/sirius_multi-gpu/experiment/join_retention_runs/join_retention_20260630_075038/queries/q21/log_dir/sirius_2026-06-30.log,38,345,31,PROJECTION,PROJECTION,13,PIPELINEABLE,PIPELINEABLE,3,3,1,17639110,4,432158352,0.432158352,1,17639110,2,286635616,0.286635616,0.663265,1.0,1870
q21,q21,/home/dy1013/sirius_multi-gpu/experiment/join_retention_runs/join_retention_20260630_075038/queries/q21/log_dir/sirius_2026-06-30.log,38,353,92,GPU_SCAN,SCAN,94,GPU_SCAN,PIPELINEABLE,3,3,0,0,0,0,0.0,1,27901593,4,683589208,0.683589208,0.0,0.0,912508
q21,q21,/home/dy1013/sirius_multi-gpu/experiment/join_retention_runs/join_retention_20260630_075038/queries/q21/log_dir/sirius_2026-06-30.log,38,353,30,FILTER,FILTER,12,PIPELINEABLE,PIPELINEABLE,3,3,1,27901593,4,683589208,0.683589208,1,17641773,4,432223544,0.432223544,0.632285,0.632286,17037
q21,q21,/home/dy1013/sirius_multi-gpu/experiment/join_retention_runs/join_retention_20260630_075038/queries/q21/log_dir/sirius_2026-06-30.log,38,353,31,PROJECTION,PROJECTION,13,PIPELINEABLE,PIPELINEABLE,3,3,1,17641773,4,432223544,0.432223544,1,17641773,2,286678864,0.286678864,0.663265,1.0,2764
q21,q21,/home/dy1013/sirius_multi-gpu/experiment/join_retention_runs/join_retention_20260630_075038/queries/q21/log_dir/sirius_2026-06-30.log,39,367,94,PARTITION,PARTITION,82,PIPELINEABLE,PIPELINEABLE,3,1,1,17639110,2,286635616,0.286635616,4,17639110,8,282225760,0.28222576,0.984615,1.0,6302
q21,q21,/home/dy1013/sirius_multi-gpu/experiment/join_retention_runs/join_retention_20260630_075038/queries/q21/log_dir/sirius_2026-06-30.log,39,368,94,PARTITION,PARTITION,82,PIPELINEABLE,PIPELINEABLE,3,1,1,17641773,2,286678864,0.286678864,4,17641773,8,282268368,0.282268368,0.984615,1.0,5962
q21,q21,/home/dy1013/sirius_multi-gpu/experiment/join_retention_runs/join_retention_20260630_075038/queries/q21/log_dir/sirius_2026-06-30.log,38,344,92,GPU_SCAN,SCAN,94,GPU_SCAN,PIPELINEABLE,2,3,0,0,0,0,0.0,1,27898083,4,683503176,0.683503176,0.0,0.0,1052650
q21,q21,/home/dy1013/sirius_multi-gpu/experiment/join_retention_runs/join_retention_20260630_075038/queries/q21/log_dir/sirius_2026-06-30.log,38,344,30,FILTER,FILTER,12,PIPELINEABLE,PIPELINEABLE,2,3,1,27898083,4,683503176,0.683503176,1,17640631,4,432195624,0.432195624,0.632324,0.632324,8275
q21,q21,/home/dy1013/sirius_multi-gpu/experiment/join_retention_runs/join_retention_20260630_075038/queries/q21/log_dir/sirius_2026-06-30.log,38,344,31,PROJECTION,PROJECTION,13,PIPELINEABLE,PIPELINEABLE,2,3,1,17640631,4,432195624,0.432195624,1,17640631,2,286660336,0.286660336,0.663265,1.0,1881
q21,q21,/home/dy1013/sirius_multi-gpu/experiment/join_retention_runs/join_retention_20260630_075038/queries/q21/log_dir/sirius_2026-06-30.log,38,349,92,GPU_SCAN,SCAN,94,GPU_SCAN,PIPELINEABLE,3,3,0,0,0,0,0.0,1,27900678,4,683566736,0.683566736,0.0,0.0,1240924
q21,q21,/home/dy1013/sirius_multi-gpu/experiment/join_retention_runs/join_retention_20260630_075038/queries/q21/log_dir/sirius_2026-06-30.log,38,349,30,FILTER,FILTER,12,PIPELINEABLE,PIPELINEABLE,3,3,1,27900678,4,683566736,0.683566736,1,17639844,4,432176224,0.432176224,0.632237,0.632237,12546
q21,q21,/home/dy1013/sirius_multi-gpu/experiment/join_retention_runs/join_retention_20260630_075038/queries/q21/log_dir/sirius_2026-06-30.log,38,349,31,PROJECTION,PROJECTION,13,PIPELINEABLE,PIPELINEABLE,3,3,1,17639844,4,432176224,0.432176224,1,17639844,2,286647488,0.286647488,0.663265,1.0,1860
q21,q21,/home/dy1013/sirius_multi-gpu/experiment/join_retention_runs/join_retention_20260630_075038/queries/q21/log_dir/sirius_2026-06-30.log,39,370,94,PARTITION,PARTITION,82,PIPELINEABLE,PIPELINEABLE,3,1,1,17639844,2,286647488,0.286647488,4,17639844,8,282237504,0.282237504,0.984615,1.0,6942
q21,q21,/home/dy1013/sirius_multi-gpu/experiment/join_retention_runs/join_retention_20260630_075038/queries/q21/log_dir/sirius_2026-06-30.log,38,348,92,GPU_SCAN,SCAN,94,GPU_SCAN,PIPELINEABLE,2,3,0,0,0,0,0.0,1,27900900,4,683572064,0.683572064,0.0,0.0,1388019
q21,q21,/home/dy1013/sirius_multi-gpu/experiment/join_retention_runs/join_retention_20260630_075038/queries/q21/log_dir/sirius_2026-06-30.log,38,348,30,FILTER,FILTER,12,PIPELINEABLE,PIPELINEABLE,2,3,1,27900900,4,683572064,0.683572064,1,17637211,4,432111752,0.432111752,0.632138,0.632138,16343
q21,q21,/home/dy1013/sirius_multi-gpu/experiment/join_retention_runs/join_retention_20260630_075038/queries/q21/log_dir/sirius_2026-06-30.log,38,348,31,PROJECTION,PROJECTION,13,PIPELINEABLE,PIPELINEABLE,2,3,1,17637211,4,432111752,0.432111752,1,17637211,2,286604720,0.28660472,0.663265,1.0,1885
q21,q21,/home/dy1013/sirius_multi-gpu/experiment/join_retention_runs/join_retention_20260630_075038/queries/q21/log_dir/sirius_2026-06-30.log,38,350,92,GPU_SCAN,SCAN,94,GPU_SCAN,PIPELINEABLE,0,3,0,0,0,0,0.0,1,27899991,4,683549992,0.683549992,0.0,0.0,1411750
q21,q21,/home/dy1013/sirius_multi-gpu/experiment/join_retention_runs/join_retention_20260630_075038/queries/q21/log_dir/sirius_2026-06-30.log,38,350,30,FILTER,FILTER,12,PIPELINEABLE,PIPELINEABLE,0,3,1,27899991,4,683549992,0.683549992,1,17637147,4,432110216,0.432110216,0.632156,0.632156,13150
q21,q21,/home/dy1013/sirius_multi-gpu/experiment/join_retention_runs/join_retention_20260630_075038/queries/q21/log_dir/sirius_2026-06-30.log,38,354,92,GPU_SCAN,SCAN,94,GPU_SCAN,PIPELINEABLE,0,3,0,0,0,0,0.0,1,27901608,4,683589568,0.683589568,0.0,0.0,1428014
q21,q21,/home/dy1013/sirius_multi-gpu/experiment/join_retention_runs/join_retention_20260630_075038/queries/q21/log_dir/sirius_2026-06-30.log,38,350,31,PROJECTION,PROJECTION,13,PIPELINEABLE,PIPELINEABLE,0,3,1,17637147,4,432110216,0.432110216,1,17637147,2,286603696,0.286603696,0.663265,1.0,4410
q21,q21,/home/dy1013/sirius_multi-gpu/experiment/join_retention_runs/join_retention_20260630_075038/queries/q21/log_dir/sirius_2026-06-30.log,39,366,94,PARTITION,PARTITION,82,PIPELINEABLE,PIPELINEABLE,0,1,1,17625926,2,286421344,0.286421344,4,17625926,8,282014816,0.282014816,0.984615,1.0,8611
q21,q21,/home/dy1013/sirius_multi-gpu/experiment/join_retention_runs/join_retention_20260630_075038/queries/q21/log_dir/sirius_2026-06-30.log,38,354,30,FILTER,FILTER,12,PIPELINEABLE,PIPELINEABLE,0,3,1,27901608,4,683589568,0.683589568,1,17640217,4,432185432,0.432185432,0.632229,0.632229,18722
q21,q21,/home/dy1013/sirius_multi-gpu/experiment/join_retention_runs/join_retention_20260630_075038/queries/q21/log_dir/sirius_2026-06-30.log,38,354,31,PROJECTION,PROJECTION,13,PIPELINEABLE,PIPELINEABLE,0,3,1,17640217,4,432185432,0.432185432,1,17640217,2,286653584,0.286653584,0.663265,1.0,3156
q21,q21,/home/dy1013/sirius_multi-gpu/experiment/join_retention_runs/join_retention_20260630_075038/queries/q21/log_dir/sirius_2026-06-30.log,39,372,94,PARTITION,PARTITION,82,PIPELINEABLE,PIPELINEABLE,0,1,1,17637147,2,286603696,0.286603696,4,17637147,8,282194352,0.282194352,0.984615,1.0,13327
q21,q21,/home/dy1013/sirius_multi-gpu/experiment/join_retention_runs/join_retention_20260630_075038/queries/q21/log_dir/sirius_2026-06-30.log,39,373,94,PARTITION,PARTITION,82,PIPELINEABLE,PIPELINEABLE,0,1,1,17640217,2,286653584,0.286653584,4,17640217,8,282243472,0.282243472,0.984615,1.0,5733
q21,q21,/home/dy1013/sirius_multi-gpu/experiment/join_retention_runs/join_retention_20260630_075038/queries/q21/log_dir/sirius_2026-06-30.log,38,351,92,GPU_SCAN,SCAN,94,GPU_SCAN,PIPELINEABLE,1,3,0,0,0,0,0.0,1,27900918,4,683572496,0.683572496,0.0,0.0,1520544
q21,q21,/home/dy1013/sirius_multi-gpu/experiment/join_retention_runs/join_retention_20260630_075038/queries/q21/log_dir/sirius_2026-06-30.log,38,352,92,GPU_SCAN,SCAN,94,GPU_SCAN,PIPELINEABLE,2,3,0,0,0,0,0.0,1,27900222,4,683555536,0.683555536,0.0,0.0,1529439
q21,q21,/home/dy1013/sirius_multi-gpu/experiment/join_retention_runs/join_retention_20260630_075038/queries/q21/log_dir/sirius_2026-06-30.log,38,351,30,FILTER,FILTER,12,PIPELINEABLE,PIPELINEABLE,1,3,1,27900918,4,683572496,0.683572496,1,17639430,4,432166288,0.432166288,0.632217,0.632217,22755
q21,q21,/home/dy1013/sirius_multi-gpu/experiment/join_retention_runs/join_retention_20260630_075038/queries/q21/log_dir/sirius_2026-06-30.log,38,351,31,PROJECTION,PROJECTION,13,PIPELINEABLE,PIPELINEABLE,1,3,1,17639430,4,432166288,0.432166288,1,17639430,2,286640864,0.286640864,0.663265,1.0,1792
q21,q21,/home/dy1013/sirius_multi-gpu/experiment/join_retention_runs/join_retention_20260630_075038/queries/q21/log_dir/sirius_2026-06-30.log,38,352,30,FILTER,FILTER,12,PIPELINEABLE,PIPELINEABLE,2,3,1,27900222,4,683555536,0.683555536,1,17637951,4,432130024,0.432130024,0.63218,0.63218,17679
q21,q21,/home/dy1013/sirius_multi-gpu/experiment/join_retention_runs/join_retention_20260630_075038/queries/q21/log_dir/sirius_2026-06-30.log,38,352,31,PROJECTION,PROJECTION,13,PIPELINEABLE,PIPELINEABLE,2,3,1,17637951,4,432130024,0.432130024,1,17637951,2,286616816,0.286616816,0.663265,1.0,1817
q21,q21,/home/dy1013/sirius_multi-gpu/experiment/join_retention_runs/join_retention_20260630_075038/queries/q21/log_dir/sirius_2026-06-30.log,38,347,92,GPU_SCAN,SCAN,94,GPU_SCAN,PIPELINEABLE,1,3,0,0,0,0,0.0,1,27900769,4,683568920,0.68356892,0.0,0.0,1556430
q21,q21,/home/dy1013/sirius_multi-gpu/experiment/join_retention_runs/join_retention_20260630_075038/queries/q21/log_dir/sirius_2026-06-30.log,39,369,94,PARTITION,PARTITION,82,PIPELINEABLE,PIPELINEABLE,2,1,1,17640631,2,286660336,0.286660336,4,17640631,8,282250096,0.282250096,0.984615,1.0,8182
q21,q21,/home/dy1013/sirius_multi-gpu/experiment/join_retention_runs/join_retention_20260630_075038/queries/q21/log_dir/sirius_2026-06-30.log,39,371,94,PARTITION,PARTITION,82,PIPELINEABLE,PIPELINEABLE,2,1,1,17637211,2,286604720,0.28660472,4,17637211,8,282195376,0.282195376,0.984615,1.0,6519
q21,q21,/home/dy1013/sirius_multi-gpu/experiment/join_retention_runs/join_retention_20260630_075038/queries/q21/log_dir/sirius_2026-06-30.log,38,347,30,FILTER,FILTER,12,PIPELINEABLE,PIPELINEABLE,1,3,1,27900769,4,683568920,0.68356892,1,17637336,4,432114752,0.432114752,0.632145,0.632145,14410
q21,q21,/home/dy1013/sirius_multi-gpu/experiment/join_retention_runs/join_retention_20260630_075038/queries/q21/log_dir/sirius_2026-06-30.log,38,347,31,PROJECTION,PROJECTION,13,PIPELINEABLE,PIPELINEABLE,1,3,1,17637336,4,432114752,0.432114752,1,17637336,2,286606720,0.28660672,0.663265,1.0,1859
q21,q21,/home/dy1013/sirius_multi-gpu/experiment/join_retention_runs/join_retention_20260630_075038/queries/q21/log_dir/sirius_2026-06-30.log,40,377,93,CONCAT,CONCAT,83,PARTITIONED,PARTITIONED,0,1,1,4406835,2,70509360,0.07050936,1,4406835,2,70509360,0.07050936,1.0,1.0,1
q21,q21,/home/dy1013/sirius_multi-gpu/experiment/join_retention_runs/join_retention_20260630_075038/queries/q21/log_dir/sirius_2026-06-30.log,40,383,93,CONCAT,CONCAT,83,PARTITIONED,PARTITIONED,3,1,1,4416605,2,70665680,0.07066568,1,4416605,2,70665680,0.07066568,1.0,1.0,1
q21,q21,/home/dy1013/sirius_multi-gpu/experiment/join_retention_runs/join_retention_20260630_075038/queries/q21/log_dir/sirius_2026-06-30.log,39,375,94,PARTITION,PARTITION,82,PIPELINEABLE,PIPELINEABLE,2,1,1,17637951,2,286616816,0.286616816,4,17637951,8,282207216,0.282207216,0.984615,1.0,17320
q21,q21,/home/dy1013/sirius_multi-gpu/experiment/join_retention_runs/join_retention_20260630_075038/queries/q21/log_dir/sirius_2026-06-30.log,39,365,94,PARTITION,PARTITION,82,PIPELINEABLE,PIPELINEABLE,1,1,1,17675508,2,287227072,0.287227072,4,17675508,8,282808128,0.282808128,0.984615,1.0,9010
q21,q21,/home/dy1013/sirius_multi-gpu/experiment/join_retention_runs/join_retention_20260630_075038/queries/q21/log_dir/sirius_2026-06-30.log,40,376,93,CONCAT,CONCAT,83,PARTITIONED,PARTITIONED,0,1,7,30865677,14,493850832,0.493850832,1,30865677,2,493850832,0.493850832,1.0,1.0,2117
q21,q21,/home/dy1013/sirius_multi-gpu/experiment/join_retention_runs/join_retention_20260630_075038/queries/q21/log_dir/sirius_2026-06-30.log,39,374,94,PARTITION,PARTITION,82,PIPELINEABLE,PIPELINEABLE,1,1,1,17639430,2,286640864,0.286640864,4,17639430,8,282230880,0.28223088,0.984615,1.0,5974
q21,q21,/home/dy1013/sirius_multi-gpu/experiment/join_retention_runs/join_retention_20260630_075038/queries/q21/log_dir/sirius_2026-06-30.log,40,382,93,CONCAT,CONCAT,83,PARTITIONED,PARTITIONED,3,1,7,30866518,14,493864288,0.493864288,1,30866518,2,493864288,0.493864288,1.0,1.0,11267
q21,q21,/home/dy1013/sirius_multi-gpu/experiment/join_retention_runs/join_retention_20260630_075038/queries/q21/log_dir/sirius_2026-06-30.log,40,380,93,CONCAT,CONCAT,83,PARTITIONED,PARTITIONED,2,1,7,30851536,14,493624576,0.493624576,1,30851536,2,493624576,0.493624576,1.0,1.0,1663
q21,q21,/home/dy1013/sirius_multi-gpu/experiment/join_retention_runs/join_retention_20260630_075038/queries/q21/log_dir/sirius_2026-06-30.log,40,381,93,CONCAT,CONCAT,83,PARTITIONED,PARTITIONED,2,1,1,4409633,2,70554128,0.070554128,1,4409633,2,70554128,0.070554128,1.0,1.0,1
q21,q21,/home/dy1013/sirius_multi-gpu/experiment/join_retention_runs/join_retention_20260630_075038/queries/q21/log_dir/sirius_2026-06-30.log,40,378,93,CONCAT,CONCAT,83,PARTITIONED,PARTITIONED,1,1,7,30880917,14,494094672,0.494094672,1,30880917,2,494094672,0.494094672,1.0,1.0,1895
q21,q21,/home/dy1013/sirius_multi-gpu/experiment/join_retention_runs/join_retention_20260630_075038/queries/q21/log_dir/sirius_2026-06-30.log,40,379,93,CONCAT,CONCAT,83,PARTITIONED,PARTITIONED,1,1,1,4404138,2,70466208,0.070466208,1,4404138,2,70466208,0.070466208,1.0,1.0,2
q21,q21,/home/dy1013/sirius_multi-gpu/experiment/join_retention_runs/join_retention_20260630_075038/queries/q21/log_dir/sirius_2026-06-30.log,39,384,94,PARTITION,PARTITION,82,PIPELINEABLE,PIPELINEABLE,1,1,1,17637336,2,286606720,0.28660672,4,17637336,8,282197376,0.282197376,0.984615,1.0,5459
q21,q21,/home/dy1013/sirius_multi-gpu/experiment/join_retention_runs/join_retention_20260630_075038/queries/q21/log_dir/sirius_2026-06-30.log,38,355,92,GPU_SCAN,SCAN,94,GPU_SCAN,PIPELINEABLE,1,3,0,0,0,0,0.0,1,27901016,4,683575104,0.683575104,0.0,0.0,1261990
q21,q21,/home/dy1013/sirius_multi-gpu/experiment/join_retention_runs/join_retention_20260630_075038/queries/q21/log_dir/sirius_2026-06-30.log,38,355,30,FILTER,FILTER,12,PIPELINEABLE,PIPELINEABLE,1,3,1,27901016,4,683575104,0.683575104,1,17639946,4,432178928,0.432178928,0.632233,0.632233,8870
q21,q21,/home/dy1013/sirius_multi-gpu/experiment/join_retention_runs/join_retention_20260630_075038/queries/q21/log_dir/sirius_2026-06-30.log,38,355,31,PROJECTION,PROJECTION,13,PIPELINEABLE,PIPELINEABLE,1,3,1,17639946,4,432178928,0.432178928,1,17639946,2,286649248,0.286649248,0.663265,1.0,1737
q21,q21,/home/dy1013/sirius_multi-gpu/experiment/join_retention_runs/join_retention_20260630_075038/queries/q21/log_dir/sirius_2026-06-30.log,39,385,94,PARTITION,PARTITION,82,PIPELINEABLE,PIPELINEABLE,1,1,1,17639946,2,286649248,0.286649248,4,17639946,8,282239136,0.282239136,0.984615,1.0,4610
q21,q21,/home/dy1013/sirius_multi-gpu/experiment/join_retention_runs/join_retention_20260630_075038/queries/q21/log_dir/sirius_2026-06-30.log,38,358,92,GPU_SCAN,SCAN,94,GPU_SCAN,PIPELINEABLE,0,3,0,0,0,0,0.0,1,27901154,4,683578416,0.683578416,0.0,0.0,1208534
q21,q21,/home/dy1013/sirius_multi-gpu/experiment/join_retention_runs/join_retention_20260630_075038/queries/q21/log_dir/sirius_2026-06-30.log,38,358,30,FILTER,FILTER,12,PIPELINEABLE,PIPELINEABLE,0,3,1,27901154,4,683578416,0.683578416,1,17636520,4,432094912,0.432094912,0.632107,0.632107,5421
q21,q21,/home/dy1013/sirius_multi-gpu/experiment/join_retention_runs/join_retention_20260630_075038/queries/q21/log_dir/sirius_2026-06-30.log,38,358,31,PROJECTION,PROJECTION,13,PIPELINEABLE,PIPELINEABLE,0,3,1,17636520,4,432094912,0.432094912,1,17636520,2,286593536,0.286593536,0.663265,1.0,1858
q21,q21,/home/dy1013/sirius_multi-gpu/experiment/join_retention_runs/join_retention_20260630_075038/queries/q21/log_dir/sirius_2026-06-30.log,39,386,94,PARTITION,PARTITION,82,PIPELINEABLE,PIPELINEABLE,0,1,1,17636520,2,286593536,0.286593536,4,17636520,8,282184320,0.28218432,0.984615,1.0,9319
q21,q21,/home/dy1013/sirius_multi-gpu/experiment/join_retention_runs/join_retention_20260630_075038/queries/q21/log_dir/sirius_2026-06-30.log,38,357,92,GPU_SCAN,SCAN,94,GPU_SCAN,PIPELINEABLE,3,3,0,0,0,0,0.0,1,27900625,4,683565464,0.683565464,0.0,0.0,1207863
q21,q21,/home/dy1013/sirius_multi-gpu/experiment/join_retention_runs/join_retention_20260630_075038/queries/q21/log_dir/sirius_2026-06-30.log,38,357,30,FILTER,FILTER,12,PIPELINEABLE,PIPELINEABLE,3,3,1,27900625,4,683565464,0.683565464,1,17640035,4,432181064,0.432181064,0.632245,0.632245,17138
q21,q21,/home/dy1013/sirius_multi-gpu/experiment/join_retention_runs/join_retention_20260630_075038/queries/q21/log_dir/sirius_2026-06-30.log,38,357,31,PROJECTION,PROJECTION,13,PIPELINEABLE,PIPELINEABLE,3,3,1,17640035,4,432181064,0.432181064,1,17640035,2,286650672,0.286650672,0.663265,1.0,2598
q21,q21,/home/dy1013/sirius_multi-gpu/experiment/join_retention_runs/join_retention_20260630_075038/queries/q21/log_dir/sirius_2026-06-30.log,39,387,94,PARTITION,PARTITION,82,PIPELINEABLE,PIPELINEABLE,3,1,1,17640035,2,286650672,0.286650672,4,17640035,8,282240560,0.28224056,0.984615,1.0,5728
q21,q21,/home/dy1013/sirius_multi-gpu/experiment/join_retention_runs/join_retention_20260630_075038/queries/q21/log_dir/sirius_2026-06-30.log,38,361,92,GPU_SCAN,SCAN,94,GPU_SCAN,PIPELINEABLE,3,3,0,0,0,0,0.0,1,27900526,4,683563088,0.683563088,0.0,0.0,1092593
q21,q21,/home/dy1013/sirius_multi-gpu/experiment/join_retention_runs/join_retention_20260630_075038/queries/q21/log_dir/sirius_2026-06-30.log,38,361,30,FILTER,FILTER,12,PIPELINEABLE,PIPELINEABLE,3,3,1,27900526,4,683563088,0.683563088,1,17638809,4,432150872,0.432150872,0.632203,0.632203,9002
q21,q21,/home/dy1013/sirius_multi-gpu/experiment/join_retention_runs/join_retention_20260630_075038/queries/q21/log_dir/sirius_2026-06-30.log,38,361,31,PROJECTION,PROJECTION,13,PIPELINEABLE,PIPELINEABLE,3,3,1,17638809,4,432150872,0.432150872,1,17638809,2,286630672,0.286630672,0.663265,1.0,1850
q21,q21,/home/dy1013/sirius_multi-gpu/experiment/join_retention_runs/join_retention_20260630_075038/queries/q21/log_dir/sirius_2026-06-30.log,39,388,94,PARTITION,PARTITION,82,PIPELINEABLE,PIPELINEABLE,3,1,1,17638809,2,286630672,0.286630672,4,17638809,8,282220944,0.282220944,0.984615,1.0,6356
q21,q21,/home/dy1013/sirius_multi-gpu/experiment/join_retention_runs/join_retention_20260630_075038/queries/q21/log_dir/sirius_2026-06-30.log,40,396,93,CONCAT,CONCAT,83,PARTITIONED,PARTITIONED,3,1,1,4419866,2,70717856,0.070717856,1,4419866,2,70717856,0.070717856,1.0,1.0,34
q21,q21,/home/dy1013/sirius_multi-gpu/experiment/join_retention_runs/join_retention_20260630_075038/queries/q21/log_dir/sirius_2026-06-30.log,40,392,93,CONCAT,CONCAT,83,PARTITIONED,PARTITIONED,1,1,1,4410045,2,70560720,0.07056072,1,4410045,2,70560720,0.07056072,1.0,1.0,2
q21,q21,/home/dy1013/sirius_multi-gpu/experiment/join_retention_runs/join_retention_20260630_075038/queries/q21/log_dir/sirius_2026-06-30.log,40,390,93,CONCAT,CONCAT,83,PARTITIONED,PARTITIONED,0,1,1,4406073,2,70497168,0.070497168,1,4406073,2,70497168,0.070497168,1.0,1.0,2
q21,q21,/home/dy1013/sirius_multi-gpu/experiment/join_retention_runs/join_retention_20260630_075038/queries/q21/log_dir/sirius_2026-06-30.log,40,391,93,CONCAT,CONCAT,83,PARTITIONED,PARTITIONED,1,1,7,30881823,14,494109168,0.494109168,1,30881823,2,494109168,0.494109168,1.0,1.0,13795
q21,q21,/home/dy1013/sirius_multi-gpu/experiment/join_retention_runs/join_retention_20260630_075038/queries/q21/log_dir/sirius_2026-06-30.log,40,393,93,CONCAT,CONCAT,83,PARTITIONED,PARTITIONED,2,1,7,30864747,14,493835952,0.493835952,1,30864747,2,493835952,0.493835952,1.0,1.0,1851
q21,q21,/home/dy1013/sirius_multi-gpu/experiment/join_retention_runs/join_retention_20260630_075038/queries/q21/log_dir/sirius_2026-06-30.log,40,394,93,CONCAT,CONCAT,83,PARTITIONED,PARTITIONED,2,1,1,4402825,2,70445200,0.0704452,1,4402825,2,70445200,0.0704452,1.0,1.0,7
q21,q21,/home/dy1013/sirius_multi-gpu/experiment/join_retention_runs/join_retention_20260630_075038/queries/q21/log_dir/sirius_2026-06-30.log,40,395,93,CONCAT,CONCAT,83,PARTITIONED,PARTITIONED,3,1,7,30889351,14,494229616,0.494229616,1,30889351,2,494229616,0.494229616,1.0,1.0,4754
q21,q21,/home/dy1013/sirius_multi-gpu/experiment/join_retention_runs/join_retention_20260630_075038/queries/q21/log_dir/sirius_2026-06-30.log,40,389,93,CONCAT,CONCAT,83,PARTITIONED,PARTITIONED,0,1,7,30870805,14,493932880,0.49393288,1,30870805,2,493932880,0.49393288,1.0,1.0,2589
q21,q21,/home/dy1013/sirius_multi-gpu/experiment/join_retention_runs/join_retention_20260630_075038/queries/q21/log_dir/sirius_2026-06-30.log,38,356,92,GPU_SCAN,SCAN,94,GPU_SCAN,PIPELINEABLE,2,3,0,0,0,0,0.0,1,27900292,4,683557216,0.683557216,0.0,0.0,1049719
q21,q21,/home/dy1013/sirius_multi-gpu/experiment/join_retention_runs/join_retention_20260630_075038/queries/q21/log_dir/sirius_2026-06-30.log,38,356,30,FILTER,FILTER,12,PIPELINEABLE,PIPELINEABLE,2,3,1,27900292,4,683557216,0.683557216,1,17641441,4,432215320,0.43221532,0.632303,0.632303,15815
q21,q21,/home/dy1013/sirius_multi-gpu/experiment/join_retention_runs/join_retention_20260630_075038/queries/q21/log_dir/sirius_2026-06-30.log,38,356,31,PROJECTION,PROJECTION,13,PIPELINEABLE,PIPELINEABLE,2,3,1,17641441,4,432215320,0.43221532,1,17641441,2,286673424,0.286673424,0.663265,1.0,1882
q21,q21,/home/dy1013/sirius_multi-gpu/experiment/join_retention_runs/join_retention_20260630_075038/queries/q21/log_dir/sirius_2026-06-30.log,39,397,94,PARTITION,PARTITION,82,PIPELINEABLE,PIPELINEABLE,2,1,1,17641441,2,286673424,0.286673424,4,17641441,8,282263056,0.282263056,0.984615,1.0,8316
q21,q21,/home/dy1013/sirius_multi-gpu/experiment/join_retention_runs/join_retention_20260630_075038/queries/q21/log_dir/sirius_2026-06-30.log,38,364,92,GPU_SCAN,SCAN,94,GPU_SCAN,PIPELINEABLE,2,3,0,0,0,0,0.0,1,14093055,4,345279976,0.345279976,0.0,0.0,842224
q21,q21,/home/dy1013/sirius_multi-gpu/experiment/join_retention_runs/join_retention_20260630_075038/queries/q21/log_dir/sirius_2026-06-30.log,38,364,30,FILTER,FILTER,12,PIPELINEABLE,PIPELINEABLE,2,3,1,14093055,4,345279976,0.345279976,1,8911675,4,218336136,0.218336136,0.632345,0.632345,5823
q21,q21,/home/dy1013/sirius_multi-gpu/experiment/join_retention_runs/join_retention_20260630_075038/queries/q21/log_dir/sirius_2026-06-30.log,38,364,31,PROJECTION,PROJECTION,13,PIPELINEABLE,PIPELINEABLE,2,3,1,8911675,4,218336136,0.218336136,1,8911675,2,144814768,0.144814768,0.663265,1.0,966
q21,q21,/home/dy1013/sirius_multi-gpu/experiment/join_retention_runs/join_retention_20260630_075038/queries/q21/log_dir/sirius_2026-06-30.log,38,360,92,GPU_SCAN,SCAN,94,GPU_SCAN,PIPELINEABLE,2,3,0,0,0,0,0.0,1,27901021,4,683575224,0.683575224,0.0,0.0,861842
q21,q21,/home/dy1013/sirius_multi-gpu/experiment/join_retention_runs/join_retention_20260630_075038/queries/q21/log_dir/sirius_2026-06-30.log,39,398,94,PARTITION,PARTITION,82,PIPELINEABLE,PIPELINEABLE,2,1,1,8911675,2,144814768,0.144814768,4,8911675,8,142586800,0.1425868,0.984615,1.0,14302
q21,q21,/home/dy1013/sirius_multi-gpu/experiment/join_retention_runs/join_retention_20260630_075038/queries/q21/log_dir/sirius_2026-06-30.log,38,360,30,FILTER,FILTER,12,PIPELINEABLE,PIPELINEABLE,2,3,1,27901021,4,683575224,0.683575224,1,17637306,4,432114032,0.432114032,0.632138,0.632138,11359
q21,q21,/home/dy1013/sirius_multi-gpu/experiment/join_retention_runs/join_retention_20260630_075038/queries/q21/log_dir/sirius_2026-06-30.log,38,360,31,PROJECTION,PROJECTION,13,PIPELINEABLE,PIPELINEABLE,2,3,1,17637306,4,432114032,0.432114032,1,17637306,2,286606240,0.28660624,0.663265,1.0,1878
q21,q21,/home/dy1013/sirius_multi-gpu/experiment/join_retention_runs/join_retention_20260630_075038/queries/q21/log_dir/sirius_2026-06-30.log,39,399,94,PARTITION,PARTITION,82,PIPELINEABLE,PIPELINEABLE,2,1,1,17637306,2,286606240,0.28660624,4,17637306,8,282196896,0.282196896,0.984615,1.0,6537
q21,q21,/home/dy1013/sirius_multi-gpu/experiment/join_retention_runs/join_retention_20260630_075038/queries/q21/log_dir/sirius_2026-06-30.log,38,362,92,GPU_SCAN,SCAN,94,GPU_SCAN,PIPELINEABLE,0,3,0,0,0,0,0.0,1,27900298,4,683557360,0.68355736,0.0,0.0,864802
q21,q21,/home/dy1013/sirius_multi-gpu/experiment/join_retention_runs/join_retention_20260630_075038/queries/q21/log_dir/sirius_2026-06-30.log,38,362,30,FILTER,FILTER,12,PIPELINEABLE,PIPELINEABLE,0,3,1,27900298,4,683557360,0.68355736,1,17641785,4,432223832,0.432223832,0.632315,0.632315,9664
q21,q21,/home/dy1013/sirius_multi-gpu/experiment/join_retention_runs/join_retention_20260630_075038/queries/q21/log_dir/sirius_2026-06-30.log,38,362,31,PROJECTION,PROJECTION,13,PIPELINEABLE,PIPELINEABLE,0,3,1,17641785,4,432223832,0.432223832,1,17641785,2,286679056,0.286679056,0.663265,1.0,1848
q21,q21,/home/dy1013/sirius_multi-gpu/experiment/join_retention_runs/join_retention_20260630_075038/queries/q21/log_dir/sirius_2026-06-30.log,39,400,94,PARTITION,PARTITION,82,PIPELINEABLE,PIPELINEABLE,0,1,1,17641785,2,286679056,0.286679056,4,17641785,8,282268560,0.28226856,0.984615,1.0,8962
q21,q21,/home/dy1013/sirius_multi-gpu/experiment/join_retention_runs/join_retention_20260630_075038/queries/q21/log_dir/sirius_2026-06-30.log,38,363,92,GPU_SCAN,SCAN,94,GPU_SCAN,PIPELINEABLE,1,3,0,0,0,0,0.0,1,27901281,4,683581464,0.683581464,0.0,0.0,771971
q21,q21,/home/dy1013/sirius_multi-gpu/experiment/join_retention_runs/join_retention_20260630_075038/queries/q21/log_dir/sirius_2026-06-30.log,38,363,30,FILTER,FILTER,12,PIPELINEABLE,PIPELINEABLE,1,3,1,27901281,4,683581464,0.683581464,1,17637414,4,432116880,0.43211688,0.632137,0.632136,7354
q21,q21,/home/dy1013/sirius_multi-gpu/experiment/join_retention_runs/join_retention_20260630_075038/queries/q21/log_dir/sirius_2026-06-30.log,38,363,31,PROJECTION,PROJECTION,13,PIPELINEABLE,PIPELINEABLE,1,3,1,17637414,4,432116880,0.43211688,1,17637414,2,286608096,0.286608096,0.663265,1.0,1934
q21,q21,/home/dy1013/sirius_multi-gpu/experiment/join_retention_runs/join_retention_20260630_075038/queries/q21/log_dir/sirius_2026-06-30.log,39,401,94,PARTITION,PARTITION,82,PIPELINEABLE,PIPELINEABLE,1,1,1,17637414,2,286608096,0.286608096,4,17637414,8,282198624,0.282198624,0.984615,1.0,17648
q21,q21,/home/dy1013/sirius_multi-gpu/experiment/join_retention_runs/join_retention_20260630_075038/queries/q21/log_dir/sirius_2026-06-30.log,38,359,92,GPU_SCAN,SCAN,94,GPU_SCAN,PIPELINEABLE,1,3,0,0,0,0,0.0,1,27900864,4,683571200,0.6835712,0.0,0.0,807132
q21,q21,/home/dy1013/sirius_multi-gpu/experiment/join_retention_runs/join_retention_20260630_075038/queries/q21/log_dir/sirius_2026-06-30.log,38,359,30,FILTER,FILTER,12,PIPELINEABLE,PIPELINEABLE,1,3,1,27900864,4,683571200,0.6835712,1,17639459,4,432166984,0.432166984,0.632219,0.632219,3983
q21,q21,/home/dy1013/sirius_multi-gpu/experiment/join_retention_runs/join_retention_20260630_075038/queries/q21/log_dir/sirius_2026-06-30.log,38,359,31,PROJECTION,PROJECTION,13,PIPELINEABLE,PIPELINEABLE,1,3,1,17639459,4,432166984,0.432166984,1,17639459,2,286641328,0.286641328,0.663265,1.0,1838
q21,q21,/home/dy1013/sirius_multi-gpu/experiment/join_retention_runs/join_retention_20260630_075038/queries/q21/log_dir/sirius_2026-06-30.log,39,402,94,PARTITION,PARTITION,82,PIPELINEABLE,PIPELINEABLE,1,1,1,17639459,2,286641328,0.286641328,4,17639459,8,282231344,0.282231344,0.984615,1.0,5622
q21,q21,/home/dy1013/sirius_multi-gpu/experiment/join_retention_runs/join_retention_20260630_075038/queries/q21/log_dir/sirius_2026-06-30.log,40,405,93,CONCAT,CONCAT,83,PARTITIONED,PARTITIONED,2,1,6,24279101,12,388465616,0.388465616,1,24279101,2,388465616,0.388465616,1.0,1.0,15078
q21,q21,/home/dy1013/sirius_multi-gpu/experiment/join_retention_runs/join_retention_20260630_075038/queries/q21/log_dir/sirius_2026-06-30.log,40,403,93,CONCAT,CONCAT,83,PARTITIONED,PARTITIONED,0,1,6,24286454,12,388583264,0.388583264,1,24286454,2,388583264,0.388583264,1.0,1.0,3571
q21,q21,/home/dy1013/sirius_multi-gpu/experiment/join_retention_runs/join_retention_20260630_075038/queries/q21/log_dir/sirius_2026-06-30.log,40,404,93,CONCAT,CONCAT,83,PARTITIONED,PARTITIONED,1,1,6,24266368,12,388261888,0.388261888,1,24266368,2,388261888,0.388261888,1.0,1.0,4672
q21,q21,/home/dy1013/sirius_multi-gpu/experiment/join_retention_runs/join_retention_20260630_075038/queries/q21/log_dir/sirius_2026-06-30.log,40,406,93,CONCAT,CONCAT,83,PARTITIONED,PARTITIONED,3,1,6,24277157,12,388434512,0.388434512,1,24277157,2,388434512,0.388434512,1.0,1.0,2026
q21,q21,/home/dy1013/sirius_multi-gpu/experiment/join_retention_runs/join_retention_20260630_075038/queries/q21/log_dir/sirius_2026-06-30.log,41,414,33,HASH_JOIN,JOIN,33,PARTITIONED,PIPELINEABLE,1,2,2,6178524,4,98856384,0.098856384,1,216205,2,3459280,0.00345928,0.034993,0.034993,46685
q21,q21,/home/dy1013/sirius_multi-gpu/experiment/join_retention_runs/join_retention_20260630_075038/queries/q21/log_dir/sirius_2026-06-30.log,41,414,34,PROJECTION,PROJECTION,13,PIPELINEABLE,PIPELINEABLE,1,2,1,216205,2,3459280,0.00345928,1,216205,2,3459280,0.00345928,1.0,1.0,95
q21,q21,/home/dy1013/sirius_multi-gpu/experiment/join_retention_runs/join_retention_20260630_075038/queries/q21/log_dir/sirius_2026-06-30.log,41,415,33,HASH_JOIN,JOIN,33,PARTITIONED,PIPELINEABLE,1,2,2,32650302,4,522404832,0.522404832,1,1506799,2,24108784,0.024108784,0.04615,0.04615,48584
q21,q21,/home/dy1013/sirius_multi-gpu/experiment/join_retention_runs/join_retention_20260630_075038/queries/q21/log_dir/sirius_2026-06-30.log,41,418,33,HASH_JOIN,JOIN,33,PARTITIONED,PIPELINEABLE,2,2,2,6177868,4,98845888,0.098845888,1,215092,2,3441472,0.003441472,0.034817,0.034817,49105
q21,q21,/home/dy1013/sirius_multi-gpu/experiment/join_retention_runs/join_retention_20260630_075038/queries/q21/log_dir/sirius_2026-06-30.log,41,418,34,PROJECTION,PROJECTION,13,PIPELINEABLE,PIPELINEABLE,2,2,1,215092,2,3441472,0.003441472,1,215092,2,3441472,0.003441472,1.0,1.0,431
q21,q21,/home/dy1013/sirius_multi-gpu/experiment/join_retention_runs/join_retention_20260630_075038/queries/q21/log_dir/sirius_2026-06-30.log,41,415,34,PROJECTION,PROJECTION,13,PIPELINEABLE,PIPELINEABLE,1,2,1,1506799,2,24108784,0.024108784,1,1506799,2,24108784,0.024108784,1.0,1.0,840
q21,q21,/home/dy1013/sirius_multi-gpu/experiment/join_retention_runs/join_retention_20260630_075038/queries/q21/log_dir/sirius_2026-06-30.log,41,412,33,HASH_JOIN,JOIN,33,PARTITIONED,PIPELINEABLE,1,2,2,32649396,4,522390336,0.522390336,1,1502464,2,24039424,0.024039424,0.046018,0.046018,50790
q21,q21,/home/dy1013/sirius_multi-gpu/experiment/join_retention_runs/join_retention_20260630_075038/queries/q21/log_dir/sirius_2026-06-30.log,41,413,33,HASH_JOIN,JOIN,33,PARTITIONED,PIPELINEABLE,1,2,2,6172617,4,98761872,0.098761872,1,215527,2,3448432,0.003448432,0.034917,0.034917,50948
q21,q21,/home/dy1013/sirius_multi-gpu/experiment/join_retention_runs/join_retention_20260630_075038/queries/q21/log_dir/sirius_2026-06-30.log,41,412,34,PROJECTION,PROJECTION,13,PIPELINEABLE,PIPELINEABLE,1,2,1,1502464,2,24039424,0.024039424,1,1502464,2,24039424,0.024039424,1.0,1.0,296
q21,q21,/home/dy1013/sirius_multi-gpu/experiment/join_retention_runs/join_retention_20260630_075038/queries/q21/log_dir/sirius_2026-06-30.log,41,413,34,PROJECTION,PROJECTION,13,PIPELINEABLE,PIPELINEABLE,1,2,1,215527,2,3448432,0.003448432,1,215527,2,3448432,0.003448432,1.0,1.0,115
q21,q21,/home/dy1013/sirius_multi-gpu/experiment/join_retention_runs/join_retention_20260630_075038/queries/q21/log_dir/sirius_2026-06-30.log,41,417,33,HASH_JOIN,JOIN,33,PARTITIONED,PIPELINEABLE,2,2,2,32619771,4,521916336,0.521916336,1,1500664,2,24010624,0.024010624,0.046005,0.046005,51661
q21,q21,/home/dy1013/sirius_multi-gpu/experiment/join_retention_runs/join_retention_20260630_075038/queries/q21/log_dir/sirius_2026-06-30.log,41,417,34,PROJECTION,PROJECTION,13,PIPELINEABLE,PIPELINEABLE,2,2,1,1500664,2,24010624,0.024010624,1,1500664,2,24010624,0.024010624,1.0,1.0,1706
q21,q21,/home/dy1013/sirius_multi-gpu/experiment/join_retention_runs/join_retention_20260630_075038/queries/q21/log_dir/sirius_2026-06-30.log,41,420,33,HASH_JOIN,JOIN,33,PARTITIONED,PIPELINEABLE,2,2,2,6171060,4,98736960,0.09873696,1,215217,2,3443472,0.003443472,0.034875,0.034875,52940
q21,q21,/home/dy1013/sirius_multi-gpu/experiment/join_retention_runs/join_retention_20260630_075038/queries/q21/log_dir/sirius_2026-06-30.log,41,420,34,PROJECTION,PROJECTION,13,PIPELINEABLE,PIPELINEABLE,2,2,1,215217,2,3443472,0.003443472,1,215217,2,3443472,0.003443472,1.0,1.0,146
q21,q21,/home/dy1013/sirius_multi-gpu/experiment/join_retention_runs/join_retention_20260630_075038/queries/q21/log_dir/sirius_2026-06-30.log,41,409,33,HASH_JOIN,JOIN,33,PARTITIONED,PIPELINEABLE,0,2,2,6175687,4,98810992,0.098810992,1,215735,2,3451760,0.00345176,0.034933,0.034933,54011
q21,q21,/home/dy1013/sirius_multi-gpu/experiment/join_retention_runs/join_retention_20260630_075038/queries/q21/log_dir/sirius_2026-06-30.log,41,409,34,PROJECTION,PROJECTION,13,PIPELINEABLE,PIPELINEABLE,0,2,1,215735,2,3451760,0.00345176,1,215735,2,3451760,0.00345176,1.0,1.0,565
q21,q21,/home/dy1013/sirius_multi-gpu/experiment/join_retention_runs/join_retention_20260630_075038/queries/q21/log_dir/sirius_2026-06-30.log,41,419,33,HASH_JOIN,JOIN,33,PARTITIONED,PIPELINEABLE,2,2,2,32632982,4,522127712,0.522127712,1,1507178,2,24114848,0.024114848,0.046186,0.046186,55438
q21,q21,/home/dy1013/sirius_multi-gpu/experiment/join_retention_runs/join_retention_20260630_075038/queries/q21/log_dir/sirius_2026-06-30.log,41,419,34,PROJECTION,PROJECTION,13,PIPELINEABLE,PIPELINEABLE,2,2,1,1507178,2,24114848,0.024114848,1,1507178,2,24114848,0.024114848,1.0,1.0,182
q21,q21,/home/dy1013/sirius_multi-gpu/experiment/join_retention_runs/join_retention_20260630_075038/queries/q21/log_dir/sirius_2026-06-30.log,41,410,33,HASH_JOIN,JOIN,33,PARTITIONED,PIPELINEABLE,0,2,2,32640419,4,522246704,0.522246704,1,1507494,2,24119904,0.024119904,0.046185,0.046185,56090
q21,q21,/home/dy1013/sirius_multi-gpu/experiment/join_retention_runs/join_retention_20260630_075038/queries/q21/log_dir/sirius_2026-06-30.log,41,410,34,PROJECTION,PROJECTION,13,PIPELINEABLE,PIPELINEABLE,0,2,1,1507494,2,24119904,0.024119904,1,1507494,2,24119904,0.024119904,1.0,1.0,189
q21,q21,/home/dy1013/sirius_multi-gpu/experiment/join_retention_runs/join_retention_20260630_075038/queries/q21/log_dir/sirius_2026-06-30.log,41,408,33,HASH_JOIN,JOIN,33,PARTITIONED,PIPELINEABLE,0,2,2,32635291,4,522164656,0.522164656,1,1504347,2,24069552,0.024069552,0.046096,0.046096,57813
q21,q21,/home/dy1013/sirius_multi-gpu/experiment/join_retention_runs/join_retention_20260630_075038/queries/q21/log_dir/sirius_2026-06-30.log,41,408,34,PROJECTION,PROJECTION,13,PIPELINEABLE,PIPELINEABLE,0,2,1,1504347,2,24069552,0.024069552,1,1504347,2,24069552,0.024069552,1.0,1.0,184
q21,q21,/home/dy1013/sirius_multi-gpu/experiment/join_retention_runs/join_retention_20260630_075038/queries/q21/log_dir/sirius_2026-06-30.log,41,422,33,HASH_JOIN,JOIN,33,PARTITIONED,PIPELINEABLE,3,2,2,6184338,4,98949408,0.098949408,1,214852,2,3437632,0.003437632,0.034741,0.034741,61205
q21,q21,/home/dy1013/sirius_multi-gpu/experiment/join_retention_runs/join_retention_20260630_075038/queries/q21/log_dir/sirius_2026-06-30.log,41,424,33,HASH_JOIN,JOIN,33,PARTITIONED,PIPELINEABLE,3,2,2,6187599,4,99001584,0.099001584,1,217439,2,3479024,0.003479024,0.035141,0.035141,60944
q21,q21,/home/dy1013/sirius_multi-gpu/experiment/join_retention_runs/join_retention_20260630_075038/queries/q21/log_dir/sirius_2026-06-30.log,41,422,34,PROJECTION,PROJECTION,13,PIPELINEABLE,PIPELINEABLE,3,2,1,214852,2,3437632,0.003437632,1,214852,2,3437632,0.003437632,1.0,1.0,151
q21,q21,/home/dy1013/sirius_multi-gpu/experiment/join_retention_runs/join_retention_20260630_075038/queries/q21/log_dir/sirius_2026-06-30.log,41,424,34,PROJECTION,PROJECTION,13,PIPELINEABLE,PIPELINEABLE,3,2,1,217439,2,3479024,0.003479024,1,217439,2,3479024,0.003479024,1.0,1.0,169
q21,q21,/home/dy1013/sirius_multi-gpu/experiment/join_retention_runs/join_retention_20260630_075038/queries/q21/log_dir/sirius_2026-06-30.log,41,407,33,HASH_JOIN,JOIN,33,PARTITIONED,PIPELINEABLE,0,2,2,6176449,4,98823184,0.098823184,1,214874,2,3437984,0.003437984,0.034789,0.034789,61938
q21,q21,/home/dy1013/sirius_multi-gpu/experiment/join_retention_runs/join_retention_20260630_075038/queries/q21/log_dir/sirius_2026-06-30.log,41,407,34,PROJECTION,PROJECTION,13,PIPELINEABLE,PIPELINEABLE,0,2,1,214874,2,3437984,0.003437984,1,214874,2,3437984,0.003437984,1.0,1.0,591
q21,q21,/home/dy1013/sirius_multi-gpu/experiment/join_retention_runs/join_retention_20260630_075038/queries/q21/log_dir/sirius_2026-06-30.log,41,425,33,HASH_JOIN,JOIN,33,PARTITIONED,PIPELINEABLE,3,2,2,32657084,4,522513344,0.522513344,1,1506091,2,24097456,0.024097456,0.046118,0.046118,63912
q21,q21,/home/dy1013/sirius_multi-gpu/experiment/join_retention_runs/join_retention_20260630_075038/queries/q21/log_dir/sirius_2026-06-30.log,41,423,33,HASH_JOIN,JOIN,33,PARTITIONED,PIPELINEABLE,3,2,2,32634251,4,522148016,0.522148016,1,1501790,2,24028640,0.02402864,0.046019,0.046019,64311
q21,q21,/home/dy1013/sirius_multi-gpu/experiment/join_retention_runs/join_retention_20260630_075038/queries/q21/log_dir/sirius_2026-06-30.log,41,425,34,PROJECTION,PROJECTION,13,PIPELINEABLE,PIPELINEABLE,3,2,1,1506091,2,24097456,0.024097456,1,1506091,2,24097456,0.024097456,1.0,1.0,469
q21,q21,/home/dy1013/sirius_multi-gpu/experiment/join_retention_runs/join_retention_20260630_075038/queries/q21/log_dir/sirius_2026-06-30.log,41,423,34,PROJECTION,PROJECTION,13,PIPELINEABLE,PIPELINEABLE,3,2,1,1501790,2,24028640,0.02402864,1,1501790,2,24028640,0.02402864,1.0,1.0,222
q21,q21,/home/dy1013/sirius_multi-gpu/experiment/join_retention_runs/join_retention_20260630_075038/queries/q21/log_dir/sirius_2026-06-30.log,41,416,33,HASH_JOIN,JOIN,33,PARTITIONED,PIPELINEABLE,1,2,2,26034847,4,416557552,0.416557552,1,1181936,2,18910976,0.018910976,0.045398,0.045398,26781
q21,q21,/home/dy1013/sirius_multi-gpu/experiment/join_retention_runs/join_retention_20260630_075038/queries/q21/log_dir/sirius_2026-06-30.log,41,416,34,PROJECTION,PROJECTION,13,PIPELINEABLE,PIPELINEABLE,1,2,1,1181936,2,18910976,0.018910976,1,1181936,2,18910976,0.018910976,1.0,1.0,144
q21,q21,/home/dy1013/sirius_multi-gpu/experiment/join_retention_runs/join_retention_20260630_075038/queries/q21/log_dir/sirius_2026-06-30.log,42,429,96,PARTITION,PARTITION,82,PIPELINEABLE,PIPELINEABLE,1,1,1,1506799,2,24108784,0.024108784,4,1506799,8,24108784,0.024108784,1.0,1.0,23916
q21,q21,/home/dy1013/sirius_multi-gpu/experiment/join_retention_runs/join_retention_20260630_075038/queries/q21/log_dir/sirius_2026-06-30.log,42,427,96,PARTITION,PARTITION,82,PIPELINEABLE,PIPELINEABLE,1,1,1,216205,2,3459280,0.00345928,4,216205,8,3459280,0.00345928,1.0,1.0,24673
q21,q21,/home/dy1013/sirius_multi-gpu/experiment/join_retention_runs/join_retention_20260630_075038/queries/q21/log_dir/sirius_2026-06-30.log,41,421,33,HASH_JOIN,JOIN,33,PARTITIONED,PIPELINEABLE,2,2,2,26047336,4,416757376,0.416757376,1,1186432,2,18982912,0.018982912,0.045549,0.045549,26622
q21,q21,/home/dy1013/sirius_multi-gpu/experiment/join_retention_runs/join_retention_20260630_075038/queries/q21/log_dir/sirius_2026-06-30.log,41,421,34,PROJECTION,PROJECTION,13,PIPELINEABLE,PIPELINEABLE,2,2,1,1186432,2,18982912,0.018982912,1,1186432,2,18982912,0.018982912,1.0,1.0,202
q21,q21,/home/dy1013/sirius_multi-gpu/experiment/join_retention_runs/join_retention_20260630_075038/queries/q21/log_dir/sirius_2026-06-30.log,42,430,96,PARTITION,PARTITION,82,PIPELINEABLE,PIPELINEABLE,1,1,1,1502464,2,24039424,0.024039424,4,1502464,8,24039424,0.024039424,1.0,1.0,25634
q21,q21,/home/dy1013/sirius_multi-gpu/experiment/join_retention_runs/join_retention_20260630_075038/queries/q21/log_dir/sirius_2026-06-30.log,42,428,96,PARTITION,PARTITION,82,PIPELINEABLE,PIPELINEABLE,2,1,1,215092,2,3441472,0.003441472,4,215092,8,3441472,0.003441472,1.0,1.0,24303
q21,q21,/home/dy1013/sirius_multi-gpu/experiment/join_retention_runs/join_retention_20260630_075038/queries/q21/log_dir/sirius_2026-06-30.log,42,433,96,PARTITION,PARTITION,82,PIPELINEABLE,PIPELINEABLE,2,1,1,215217,2,3443472,0.003443472,4,215217,8,3443472,0.003443472,1.0,1.0,22030
q21,q21,/home/dy1013/sirius_multi-gpu/experiment/join_retention_runs/join_retention_20260630_075038/queries/q21/log_dir/sirius_2026-06-30.log,42,432,96,PARTITION,PARTITION,82,PIPELINEABLE,PIPELINEABLE,2,1,1,1500664,2,24010624,0.024010624,4,1500664,8,24010624,0.024010624,1.0,1.0,24469
q21,q21,/home/dy1013/sirius_multi-gpu/experiment/join_retention_runs/join_retention_20260630_075038/queries/q21/log_dir/sirius_2026-06-30.log,42,431,96,PARTITION,PARTITION,82,PIPELINEABLE,PIPELINEABLE,1,1,1,215527,2,3448432,0.003448432,4,215527,8,3448432,0.003448432,1.0,1.0,5728
q21,q21,/home/dy1013/sirius_multi-gpu/experiment/join_retention_runs/join_retention_20260630_075038/queries/q21/log_dir/sirius_2026-06-30.log,42,435,96,PARTITION,PARTITION,82,PIPELINEABLE,PIPELINEABLE,2,1,1,1507178,2,24114848,0.024114848,4,1507178,8,24114848,0.024114848,1.0,1.0,4401
q21,q21,/home/dy1013/sirius_multi-gpu/experiment/join_retention_runs/join_retention_20260630_075038/queries/q21/log_dir/sirius_2026-06-30.log,42,443,96,PARTITION,PARTITION,82,PIPELINEABLE,PIPELINEABLE,1,1,1,1181936,2,18910976,0.018910976,4,1181936,8,18910976,0.018910976,1.0,1.0,6386
q21,q21,/home/dy1013/sirius_multi-gpu/experiment/join_retention_runs/join_retention_20260630_075038/queries/q21/log_dir/sirius_2026-06-30.log,42,444,96,PARTITION,PARTITION,82,PIPELINEABLE,PIPELINEABLE,2,1,1,1186432,2,18982912,0.018982912,4,1186432,8,18982912,0.018982912,1.0,1.0,4236
q21,q21,/home/dy1013/sirius_multi-gpu/experiment/join_retention_runs/join_retention_20260630_075038/queries/q21/log_dir/sirius_2026-06-30.log,41,411,33,HASH_JOIN,JOIN,33,PARTITIONED,PIPELINEABLE,0,2,2,26056068,4,416897088,0.416897088,1,1183553,2,18936848,0.018936848,0.045423,0.045423,28569
q21,q21,/home/dy1013/sirius_multi-gpu/experiment/join_retention_runs/join_retention_20260630_075038/queries/q21/log_dir/sirius_2026-06-30.log,41,411,34,PROJECTION,PROJECTION,13,PIPELINEABLE,PIPELINEABLE,0,2,1,1183553,2,18936848,0.018936848,1,1183553,2,18936848,0.018936848,1.0,1.0,145
q21,q21,/home/dy1013/sirius_multi-gpu/experiment/join_retention_runs/join_retention_20260630_075038/queries/q21/log_dir/sirius_2026-06-30.log,42,434,96,PARTITION,PARTITION,82,PIPELINEABLE,PIPELINEABLE,0,1,1,215735,2,3451760,0.00345176,4,215735,8,3451760,0.00345176,1.0,1.0,27499
q21,q21,/home/dy1013/sirius_multi-gpu/experiment/join_retention_runs/join_retention_20260630_075038/queries/q21/log_dir/sirius_2026-06-30.log,42,436,96,PARTITION,PARTITION,82,PIPELINEABLE,PIPELINEABLE,0,1,1,1507494,2,24119904,0.024119904,4,1507494,8,24119904,0.024119904,1.0,1.0,26583
q21,q21,/home/dy1013/sirius_multi-gpu/experiment/join_retention_runs/join_retention_20260630_075038/queries/q21/log_dir/sirius_2026-06-30.log,41,426,33,HASH_JOIN,JOIN,33,PARTITIONED,PIPELINEABLE,3,2,2,26044890,4,416718240,0.41671824,1,1182284,2,18916544,0.018916544,0.045394,0.045394,24735
q21,q21,/home/dy1013/sirius_multi-gpu/experiment/join_retention_runs/join_retention_20260630_075038/queries/q21/log_dir/sirius_2026-06-30.log,41,426,34,PROJECTION,PROJECTION,13,PIPELINEABLE,PIPELINEABLE,3,2,1,1182284,2,18916544,0.018916544,1,1182284,2,18916544,0.018916544,1.0,1.0,142
q21,q21,/home/dy1013/sirius_multi-gpu/experiment/join_retention_runs/join_retention_20260630_075038/queries/q21/log_dir/sirius_2026-06-30.log,42,437,96,PARTITION,PARTITION,82,PIPELINEABLE,PIPELINEABLE,0,1,1,1504347,2,24069552,0.024069552,4,1504347,8,24069552,0.024069552,1.0,1.0,24263
q21,q21,/home/dy1013/sirius_multi-gpu/experiment/join_retention_runs/join_retention_20260630_075038/queries/q21/log_dir/sirius_2026-06-30.log,42,438,96,PARTITION,PARTITION,82,PIPELINEABLE,PIPELINEABLE,3,1,1,214852,2,3437632,0.003437632,4,214852,8,3437632,0.003437632,1.0,1.0,25068
q21,q21,/home/dy1013/sirius_multi-gpu/experiment/join_retention_runs/join_retention_20260630_075038/queries/q21/log_dir/sirius_2026-06-30.log,42,439,96,PARTITION,PARTITION,82,PIPELINEABLE,PIPELINEABLE,3,1,1,217439,2,3479024,0.003479024,4,217439,8,3479024,0.003479024,1.0,1.0,22855
q21,q21,/home/dy1013/sirius_multi-gpu/experiment/join_retention_runs/join_retention_20260630_075038/queries/q21/log_dir/sirius_2026-06-30.log,42,441,96,PARTITION,PARTITION,82,PIPELINEABLE,PIPELINEABLE,3,1,1,1506091,2,24097456,0.024097456,4,1506091,8,24097456,0.024097456,1.0,1.0,22713
q21,q21,/home/dy1013/sirius_multi-gpu/experiment/join_retention_runs/join_retention_20260630_075038/queries/q21/log_dir/sirius_2026-06-30.log,42,440,96,PARTITION,PARTITION,82,PIPELINEABLE,PIPELINEABLE,0,1,1,214874,2,3437984,0.003437984,4,214874,8,3437984,0.003437984,1.0,1.0,5426
q21,q21,/home/dy1013/sirius_multi-gpu/experiment/join_retention_runs/join_retention_20260630_075038/queries/q21/log_dir/sirius_2026-06-30.log,42,445,96,PARTITION,PARTITION,82,PIPELINEABLE,PIPELINEABLE,0,1,1,1183553,2,18936848,0.018936848,4,1183553,8,18936848,0.018936848,1.0,1.0,5947
q21,q21,/home/dy1013/sirius_multi-gpu/experiment/join_retention_runs/join_retention_20260630_075038/queries/q21/log_dir/sirius_2026-06-30.log,42,446,96,PARTITION,PARTITION,82,PIPELINEABLE,PIPELINEABLE,3,1,1,1182284,2,18916544,0.018916544,4,1182284,8,18916544,0.018916544,1.0,1.0,3932
q21,q21,/home/dy1013/sirius_multi-gpu/experiment/join_retention_runs/join_retention_20260630_075038/queries/q21/log_dir/sirius_2026-06-30.log,42,442,96,PARTITION,PARTITION,82,PIPELINEABLE,PIPELINEABLE,3,1,1,1501790,2,24028640,0.02402864,4,1501790,8,24028640,0.02402864,1.0,1.0,4249
q21,q21,/home/dy1013/sirius_multi-gpu/experiment/join_retention_runs/join_retention_20260630_075038/queries/q21/log_dir/sirius_2026-06-30.log,43,447,95,CONCAT,CONCAT,83,PARTITIONED,PARTITIONED,0,1,20,4626454,40,74023264,0.074023264,1,4626454,2,74023264,0.074023264,1.0,1.0,3276
q21,q21,/home/dy1013/sirius_multi-gpu/experiment/join_retention_runs/join_retention_20260630_075038/queries/q21/log_dir/sirius_2026-06-30.log,43,448,95,CONCAT,CONCAT,83,PARTITIONED,PARTITIONED,1,1,20,4627418,40,74038688,0.074038688,1,4627418,2,74038688,0.074038688,1.0,1.0,3059
q21,q21,/home/dy1013/sirius_multi-gpu/experiment/join_retention_runs/join_retention_20260630_075038/queries/q21/log_dir/sirius_2026-06-30.log,43,450,95,CONCAT,CONCAT,83,PARTITIONED,PARTITIONED,3,1,20,4619723,40,73915568,0.073915568,1,4619723,2,73915568,0.073915568,1.0,1.0,3509
q21,q21,/home/dy1013/sirius_multi-gpu/experiment/join_retention_runs/join_retention_20260630_075038/queries/q21/log_dir/sirius_2026-06-30.log,43,449,95,CONCAT,CONCAT,83,PARTITIONED,PARTITIONED,2,1,20,4622378,40,73958048,0.073958048,1,4622378,2,73958048,0.073958048,1.0,1.0,2773
q21,q21,/home/dy1013/sirius_multi-gpu/experiment/join_retention_runs/join_retention_20260630_075038/queries/q21/log_dir/sirius_2026-06-30.log,44,452,52,HASH_JOIN,JOIN,33,PARTITIONED,PIPELINEABLE,1,2,2,6396640,5,141269128,0.141269128,1,99130,1,2180864,0.002180864,0.015438,0.015497,14557
q21,q21,/home/dy1013/sirius_multi-gpu/experiment/join_retention_runs/join_retention_20260630_075038/queries/q21/log_dir/sirius_2026-06-30.log,44,453,52,HASH_JOIN,JOIN,33,PARTITIONED,PIPELINEABLE,2,2,2,6390346,5,141140836,0.141140836,1,99088,1,2179940,0.00217994,0.015445,0.015506,15240
q21,q21,/home/dy1013/sirius_multi-gpu/experiment/join_retention_runs/join_retention_20260630_075038/queries/q21/log_dir/sirius_2026-06-30.log,44,454,52,HASH_JOIN,JOIN,33,PARTITIONED,PIPELINEABLE,3,2,2,6387239,5,141081180,0.14108118,1,99442,1,2187728,0.002187728,0.015507,0.015569,15375
q21,q21,/home/dy1013/sirius_multi-gpu/experiment/join_retention_runs/join_retention_20260630_075038/queries/q21/log_dir/sirius_2026-06-30.log,44,451,52,HASH_JOIN,JOIN,33,PARTITIONED,PIPELINEABLE,0,2,2,6395821,5,141259214,0.141259214,1,99271,1,2183966,0.002183966,0.015461,0.015521,15777
q21,q21,/home/dy1013/sirius_multi-gpu/experiment/join_retention_runs/join_retention_20260630_075038/queries/q21/log_dir/sirius_2026-06-30.log,44,454,56,HASH_GROUP_BY,AGGREGATE,9,PIPELINEABLE,PIPELINEABLE,3,2,1,99442,1,2187728,0.002187728,1,36692,2,1100764,0.001100764,0.503154,0.368979,23252
q21,q21,/home/dy1013/sirius_multi-gpu/experiment/join_retention_runs/join_retention_20260630_075038/queries/q21/log_dir/sirius_2026-06-30.log,44,451,56,HASH_GROUP_BY,AGGREGATE,9,PIPELINEABLE,PIPELINEABLE,0,2,1,99271,1,2183966,0.002183966,1,36694,2,1100824,0.001100824,0.504048,0.369635,26502
q21,q21,/home/dy1013/sirius_multi-gpu/experiment/join_retention_runs/join_retention_20260630_075038/queries/q21/log_dir/sirius_2026-06-30.log,44,452,56,HASH_GROUP_BY,AGGREGATE,9,PIPELINEABLE,PIPELINEABLE,1,2,1,99130,1,2180864,0.002180864,1,36698,2,1100944,0.001100944,0.50482,0.370201,27914
q21,q21,/home/dy1013/sirius_multi-gpu/experiment/join_retention_runs/join_retention_20260630_075038/queries/q21/log_dir/sirius_2026-06-30.log,44,453,56,HASH_GROUP_BY,AGGREGATE,9,PIPELINEABLE,PIPELINEABLE,2,2,1,99088,1,2179940,0.00217994,1,36682,2,1100464,0.001100464,0.504814,0.370196,27201
q21,q21,/home/dy1013/sirius_multi-gpu/experiment/join_retention_runs/join_retention_20260630_075038/queries/q21/log_dir/sirius_2026-06-30.log,45,458,97,PARTITION,PARTITION,82,PIPELINEABLE,PIPELINEABLE,2,1,1,36682,2,1100464,0.001100464,1,36682,2,1100464,0.001100464,1.0,1.0,2
q21,q21,/home/dy1013/sirius_multi-gpu/experiment/join_retention_runs/join_retention_20260630_075038/queries/q21/log_dir/sirius_2026-06-30.log,45,456,97,PARTITION,PARTITION,82,PIPELINEABLE,PIPELINEABLE,0,1,1,36694,2,1100824,0.001100824,1,36694,2,1100824,0.001100824,1.0,1.0,8
q21,q21,/home/dy1013/sirius_multi-gpu/experiment/join_retention_runs/join_retention_20260630_075038/queries/q21/log_dir/sirius_2026-06-30.log,45,457,97,PARTITION,PARTITION,82,PIPELINEABLE,PIPELINEABLE,1,1,1,36698,2,1100944,0.001100944,1,36698,2,1100944,0.001100944,1.0,1.0,8
q21,q21,/home/dy1013/sirius_multi-gpu/experiment/join_retention_runs/join_retention_20260630_075038/queries/q21/log_dir/sirius_2026-06-30.log,45,455,97,PARTITION,PARTITION,82,PIPELINEABLE,PIPELINEABLE,3,1,1,36692,2,1100764,0.001100764,1,36692,2,1100764,0.001100764,1.0,1.0,7
q21,q21,/home/dy1013/sirius_multi-gpu/experiment/join_retention_runs/join_retention_20260630_075038/queries/q21/log_dir/sirius_2026-06-30.log,46,459,98,MERGE_GROUP_BY,AGGREGATE,85,PARTITIONED,PIPELINEABLE,0,1,4,146766,8,4402996,0.004402996,1,40073,2,1202194,0.001202194,0.27304,0.27304,3327
q21,q21,/home/dy1013/sirius_multi-gpu/experiment/join_retention_runs/join_retention_20260630_075038/queries/q21/log_dir/sirius_2026-06-30.log,47,460,57,TOP_N,LIMIT,5,PIPELINEABLE,PIPELINEABLE,0,1,1,40073,2,1202194,0.001202194,1,100,2,3004,3.004e-06,0.002499,0.002495,6063
q21,q21,/home/dy1013/sirius_multi-gpu/experiment/join_retention_runs/join_retention_20260630_075038/queries/q21/log_dir/sirius_2026-06-30.log,48,461,99,MERGE_TOP_N,LIMIT,86,PIPELINEABLE,PIPELINEABLE,0,1,1,100,2,3004,3.004e-06,1,100,2,3004,3.004e-06,1.0,1.0,2514
q21,q21,/home/dy1013/sirius_multi-gpu/experiment/join_retention_runs/join_retention_20260630_075038/queries/q21/log_dir/sirius_2026-06-30.log,49,462,58,RESULT_COLLECTOR,RESULT,76,PIPELINEABLE,PIPELINEABLE,0,1,1,100,2,3004,3.004e-06,1,100,2,3004,3.004e-06,1.0,1.0,23
q22,q22,/home/dy1013/sirius_multi-gpu/experiment/join_retention_runs/join_retention_20260630_075038/queries/q22/log_dir/sirius_2026-06-30.log,0,0,35,GPU_SCAN,SCAN,94,GPU_SCAN,PIPELINEABLE,1,2,0,0,0,0,0.0,1,3818224,1,31023104,0.031023104,0.0,0.0,209555
q22,q22,/home/dy1013/sirius_multi-gpu/experiment/join_retention_runs/join_retention_20260630_075038/queries/q22/log_dir/sirius_2026-06-30.log,0,0,23,UNGROUPED_AGGREGATE,AGGREGATE,8,PIPELINEABLE,PIPELINEABLE,1,2,1,3818224,1,31023104,0.031023104,1,1,2,16,1.6e-08,1e-06,0.0,7966
q22,q22,/home/dy1013/sirius_multi-gpu/experiment/join_retention_runs/join_retention_20260630_075038/queries/q22/log_dir/sirius_2026-06-30.log,1,1,36,MERGE_AGGREGATE,AGGREGATE,87,PIPELINEABLE,PIPELINEABLE,1,1,1,1,2,16,1.6e-08,1,1,1,8,8e-09,0.5,1.0,14083
q22,q22,/home/dy1013/sirius_multi-gpu/experiment/join_retention_runs/join_retention_20260630_075038/queries/q22/log_dir/sirius_2026-06-30.log,2,2,24,UNGROUPED_AGGREGATE,AGGREGATE,8,PIPELINEABLE,PIPELINEABLE,1,1,1,1,1,8,8e-09,1,1,2,16,1.6e-08,2.0,1.0,3237
q22,q22,/home/dy1013/sirius_multi-gpu/experiment/join_retention_runs/join_retention_20260630_075038/queries/q22/log_dir/sirius_2026-06-30.log,3,3,37,MERGE_AGGREGATE,AGGREGATE,87,PIPELINEABLE,PIPELINEABLE,1,1,1,1,2,16,1.6e-08,1,1,2,16,1.6e-08,1.0,1.0,10
q22,q22,/home/dy1013/sirius_multi-gpu/experiment/join_retention_runs/join_retention_20260630_075038/queries/q22/log_dir/sirius_2026-06-30.log,4,4,25,PROJECTION,PROJECTION,13,PIPELINEABLE,PIPELINEABLE,1,1,1,1,2,16,1.6e-08,1,1,1,8,8e-09,0.5,1.0,7081
q22,q22,/home/dy1013/sirius_multi-gpu/experiment/join_retention_runs/join_retention_20260630_075038/queries/q22/log_dir/sirius_2026-06-30.log,5,5,39,PARTITION,PARTITION,82,PIPELINEABLE,PIPELINEABLE,1,1,1,1,1,8,8e-09,1,1,1,8,8e-09,1.0,1.0,1
q22,q22,/home/dy1013/sirius_multi-gpu/experiment/join_retention_runs/join_retention_20260630_075038/queries/q22/log_dir/sirius_2026-06-30.log,6,6,38,CONCAT,CONCAT,83,PARTITIONED,PARTITIONED,0,1,1,1,1,8,8e-09,1,1,1,8,8e-09,1.0,1.0,0
q22,q22,/home/dy1013/sirius_multi-gpu/experiment/join_retention_runs/join_retention_20260630_075038/queries/q22/log_dir/sirius_2026-06-30.log,7,7,40,GPU_SCAN,SCAN,94,GPU_SCAN,PIPELINEABLE,0,1,0,0,0,0,0.0,1,4199998,3,148575102,0.148575102,0.0,0.0,202012
q22,q22,/home/dy1013/sirius_multi-gpu/experiment/join_retention_runs/join_retention_20260630_075038/queries/q22/log_dir/sirius_2026-06-30.log,8,8,42,PARTITION,PARTITION,82,PIPELINEABLE,PIPELINEABLE,0,1,1,4199998,3,148575102,0.148575102,1,4199998,3,148575102,0.148575102,1.0,1.0,0
q22,q22,/home/dy1013/sirius_multi-gpu/experiment/join_retention_runs/join_retention_20260630_075038/queries/q22/log_dir/sirius_2026-06-30.log,9,9,41,CONCAT,CONCAT,83,PARTITIONED,PARTITIONED,0,1,1,4199998,3,148575102,0.148575102,1,4199998,3,148575102,0.148575102,1.0,1.0,3
q22,q22,/home/dy1013/sirius_multi-gpu/experiment/join_retention_runs/join_retention_20260630_075038/queries/q22/log_dir/sirius_2026-06-30.log,10,10,26,NESTED_LOOP_JOIN,JOIN,32,PIPELINEABLE,PIPELINEABLE,0,1,2,4199999,4,148575110,0.14857511,1,1908501,4,82781323,0.082781323,0.557168,0.454405,9890
q22,q22,/home/dy1013/sirius_multi-gpu/experiment/join_retention_runs/join_retention_20260630_075038/queries/q22/log_dir/sirius_2026-06-30.log,11,11,28,RIGHT_DELIM_JOIN,JOIN,38,PIPELINEABLE,PIPELINEABLE,0,1,1,1908501,4,82781323,0.082781323,1,1908501,4,82781323,0.082781323,1.0,1.0,1
q22,q22,/home/dy1013/sirius_multi-gpu/experiment/join_retention_runs/join_retention_20260630_075038/queries/q22/log_dir/sirius_2026-06-30.log,12,12,45,CONCAT,CONCAT,83,PARTITIONED,PARTITIONED,0,1,1,477742,4,20602686,0.020602686,1,477742,4,20602686,0.020602686,1.0,1.0,0
q22,q22,/home/dy1013/sirius_multi-gpu/experiment/join_retention_runs/join_retention_20260630_075038/queries/q22/log_dir/sirius_2026-06-30.log,13,16,44,PARTITION,PARTITION,82,PIPELINEABLE,PIPELINEABLE,0,1,1,1908501,1,15506600,0.0155066,1,1908501,1,15506600,0.0155066,1.0,1.0,3
q22,q22,/home/dy1013/sirius_multi-gpu/experiment/join_retention_runs/join_retention_20260630_075038/queries/q22/log_dir/sirius_2026-06-30.log,14,17,46,MERGE_GROUP_BY,AGGREGATE,85,PARTITIONED,PIPELINEABLE,0,1,1,1908501,1,15506600,0.0155066,1,1908501,1,15506600,0.0155066,1.0,1.0,1
q22,q22,/home/dy1013/sirius_multi-gpu/experiment/join_retention_runs/join_retention_20260630_075038/queries/q22/log_dir/sirius_2026-06-30.log,15,18,48,PARTITION,PARTITION,82,PIPELINEABLE,PIPELINEABLE,0,1,1,1908501,1,15506600,0.0155066,1,1908501,1,15506600,0.0155066,1.0,1.0,0
q22,q22,/home/dy1013/sirius_multi-gpu/experiment/join_retention_runs/join_retention_20260630_075038/queries/q22/log_dir/sirius_2026-06-30.log,16,19,47,CONCAT,CONCAT,83,PARTITIONED,PARTITIONED,0,1,1,1908501,1,15506600,0.0155066,1,1908501,1,15506600,0.0155066,1.0,1.0,0
q22,q22,/home/dy1013/sirius_multi-gpu/experiment/join_retention_runs/join_retention_20260630_075038/queries/q22/log_dir/sirius_2026-06-30.log,12,15,45,CONCAT,CONCAT,83,PARTITIONED,PARTITIONED,3,1,1,477619,4,20597333,0.020597333,1,477619,4,20597333,0.020597333,1.0,1.0,2
q22,q22,/home/dy1013/sirius_multi-gpu/experiment/join_retention_runs/join_retention_20260630_075038/queries/q22/log_dir/sirius_2026-06-30.log,12,14,45,CONCAT,CONCAT,83,PARTITIONED,PARTITIONED,2,1,1,477179,4,20578349,0.020578349,1,477179,4,20578349,0.020578349,1.0,1.0,3
q22,q22,/home/dy1013/sirius_multi-gpu/experiment/join_retention_runs/join_retention_20260630_075038/queries/q22/log_dir/sirius_2026-06-30.log,12,13,45,CONCAT,CONCAT,83,PARTITIONED,PARTITIONED,1,1,1,475961,4,20525847,0.020525847,1,475961,4,20525847,0.020525847,1.0,1.0,1
q22,q22,/home/dy1013/sirius_multi-gpu/experiment/join_retention_runs/join_retention_20260630_075038/queries/q22/log_dir/sirius_2026-06-30.log,17,22,49,GPU_SCAN,SCAN,94,GPU_SCAN,PIPELINEABLE,0,1,0,0,0,0,0.0,1,15934586,1,129468560,0.12946856,0.0,0.0,335333
q22,q22,/home/dy1013/sirius_multi-gpu/experiment/join_retention_runs/join_retention_20260630_075038/queries/q22/log_dir/sirius_2026-06-30.log,18,23,51,PARTITION,PARTITION,82,PIPELINEABLE,PIPELINEABLE,0,1,1,15934586,1,129468560,0.12946856,1,15934586,1,129468560,0.12946856,1.0,1.0,1
q22,q22,/home/dy1013/sirius_multi-gpu/experiment/join_retention_runs/join_retention_20260630_075038/queries/q22/log_dir/sirius_2026-06-30.log,17,20,49,GPU_SCAN,SCAN,94,GPU_SCAN,PIPELINEABLE,2,1,0,0,0,0,0.0,1,67056730,1,544835984,0.544835984,0.0,0.0,355367
q22,q22,/home/dy1013/sirius_multi-gpu/experiment/join_retention_runs/join_retention_20260630_075038/queries/q22/log_dir/sirius_2026-06-30.log,18,24,51,PARTITION,PARTITION,82,PIPELINEABLE,PIPELINEABLE,2,1,1,67056730,1,544835984,0.544835984,1,67056730,1,544835984,0.544835984,1.0,1.0,2
q22,q22,/home/dy1013/sirius_multi-gpu/experiment/join_retention_runs/join_retention_20260630_075038/queries/q22/log_dir/sirius_2026-06-30.log,19,25,50,CONCAT,CONCAT,83,PARTITIONED,PARTITIONED,0,1,1,15934586,1,129468560,0.12946856,1,15934586,1,129468560,0.12946856,1.0,1.0,1
q22,q22,/home/dy1013/sirius_multi-gpu/experiment/join_retention_runs/join_retention_20260630_075038/queries/q22/log_dir/sirius_2026-06-30.log,17,21,49,GPU_SCAN,SCAN,94,GPU_SCAN,PIPELINEABLE,3,1,0,0,0,0,0.0,1,67008684,1,544445600,0.5444456,0.0,0.0,374594
q22,q22,/home/dy1013/sirius_multi-gpu/experiment/join_retention_runs/join_retention_20260630_075038/queries/q22/log_dir/sirius_2026-06-30.log,18,28,51,PARTITION,PARTITION,82,PIPELINEABLE,PIPELINEABLE,3,1,1,67008684,1,544445600,0.5444456,1,67008684,1,544445600,0.5444456,1.0,1.0,2
q22,q22,/home/dy1013/sirius_multi-gpu/experiment/join_retention_runs/join_retention_20260630_075038/queries/q22/log_dir/sirius_2026-06-30.log,19,26,50,CONCAT,CONCAT,83,PARTITIONED,PARTITIONED,0,1,1,67056730,1,544835984,0.544835984,1,67056730,1,544835984,0.544835984,1.0,1.0,1
q22,q22,/home/dy1013/sirius_multi-gpu/experiment/join_retention_runs/join_retention_20260630_075038/queries/q22/log_dir/sirius_2026-06-30.log,19,29,50,CONCAT,CONCAT,83,PARTITIONED,PARTITIONED,0,1,1,67008684,1,544445600,0.5444456,1,67008684,1,544445600,0.5444456,1.0,1.0,5
q22,q22,/home/dy1013/sirius_multi-gpu/experiment/join_retention_runs/join_retention_20260630_075038/queries/q22/log_dir/sirius_2026-06-30.log,20,27,19,HASH_JOIN,JOIN,33,PARTITIONED,PIPELINEABLE,3,2,2,17843087,2,144975160,0.14497516,1,2028471,2,32962672,0.032962672,0.227368,0.113684,53934
q22,q22,/home/dy1013/sirius_multi-gpu/experiment/join_retention_runs/join_retention_20260630_075038/queries/q22/log_dir/sirius_2026-06-30.log,20,27,20,PROJECTION,PROJECTION,13,PIPELINEABLE,PIPELINEABLE,3,2,1,2028471,2,32962672,0.032962672,1,2028471,1,16481336,0.016481336,0.5,1.0,14028
q22,q22,/home/dy1013/sirius_multi-gpu/experiment/join_retention_runs/join_retention_20260630_075038/queries/q22/log_dir/sirius_2026-06-30.log,20,30,19,HASH_JOIN,JOIN,33,PARTITIONED,PIPELINEABLE,3,2,1,67056730,1,544835984,0.544835984,1,8538674,2,138753568,0.138753568,0.25467,0.127335,72523
q22,q22,/home/dy1013/sirius_multi-gpu/experiment/join_retention_runs/join_retention_20260630_075038/queries/q22/log_dir/sirius_2026-06-30.log,20,30,20,PROJECTION,PROJECTION,13,PIPELINEABLE,PIPELINEABLE,3,2,1,8538674,2,138753568,0.138753568,1,8538674,1,69376784,0.069376784,0.5,1.0,1899
q22,q22,/home/dy1013/sirius_multi-gpu/experiment/join_retention_runs/join_retention_20260630_075038/queries/q22/log_dir/sirius_2026-06-30.log,20,31,19,HASH_JOIN,JOIN,33,PARTITIONED,PIPELINEABLE,3,2,1,67008684,1,544445600,0.5444456,1,8538124,2,138744640,0.13874464,0.254837,0.127418,47779
q22,q22,/home/dy1013/sirius_multi-gpu/experiment/join_retention_runs/join_retention_20260630_075038/queries/q22/log_dir/sirius_2026-06-30.log,20,31,20,PROJECTION,PROJECTION,13,PIPELINEABLE,PIPELINEABLE,3,2,1,8538124,2,138744640,0.13874464,1,8538124,1,69372320,0.06937232,0.5,1.0,843
q22,q22,/home/dy1013/sirius_multi-gpu/experiment/join_retention_runs/join_retention_20260630_075038/queries/q22/log_dir/sirius_2026-06-30.log,21,32,53,PARTITION,PARTITION,82,PIPELINEABLE,PIPELINEABLE,3,1,1,2028471,1,16481336,0.016481336,4,2028471,4,16227768,0.016227768,0.984615,1.0,23787
q22,q22,/home/dy1013/sirius_multi-gpu/experiment/join_retention_runs/join_retention_20260630_075038/queries/q22/log_dir/sirius_2026-06-30.log,21,34,53,PARTITION,PARTITION,82,PIPELINEABLE,PIPELINEABLE,3,1,1,8538124,1,69372320,0.06937232,4,8538124,4,68304992,0.068304992,0.984614,1.0,6048
q22,q22,/home/dy1013/sirius_multi-gpu/experiment/join_retention_runs/join_retention_20260630_075038/queries/q22/log_dir/sirius_2026-06-30.log,21,33,53,PARTITION,PARTITION,82,PIPELINEABLE,PIPELINEABLE,3,1,1,8538674,1,69376784,0.069376784,4,8538674,4,68309392,0.068309392,0.984615,1.0,8394
q22,q22,/home/dy1013/sirius_multi-gpu/experiment/join_retention_runs/join_retention_20260630_075038/queries/q22/log_dir/sirius_2026-06-30.log,22,38,52,CONCAT,CONCAT,83,PARTITIONED,PARTITIONED,3,1,3,4785251,3,38282008,0.038282008,1,4785251,1,38282008,0.038282008,1.0,1.0,1070
q22,q22,/home/dy1013/sirius_multi-gpu/experiment/join_retention_runs/join_retention_20260630_075038/queries/q22/log_dir/sirius_2026-06-30.log,22,35,52,CONCAT,CONCAT,83,PARTITIONED,PARTITIONED,0,1,3,4787505,3,38300040,0.03830004,1,4787505,1,38300040,0.03830004,1.0,1.0,872
q22,q22,/home/dy1013/sirius_multi-gpu/experiment/join_retention_runs/join_retention_20260630_075038/queries/q22/log_dir/sirius_2026-06-30.log,22,37,52,CONCAT,CONCAT,83,PARTITIONED,PARTITIONED,2,1,3,4772087,3,38176696,0.038176696,1,4772087,1,38176696,0.038176696,1.0,1.0,870
q22,q22,/home/dy1013/sirius_multi-gpu/experiment/join_retention_runs/join_retention_20260630_075038/queries/q22/log_dir/sirius_2026-06-30.log,22,36,52,CONCAT,CONCAT,83,PARTITIONED,PARTITIONED,1,1,3,4760426,3,38083408,0.038083408,1,4760426,1,38083408,0.038083408,1.0,1.0,942
q22,q22,/home/dy1013/sirius_multi-gpu/experiment/join_retention_runs/join_retention_20260630_075038/queries/q22/log_dir/sirius_2026-06-30.log,23,40,27,HASH_JOIN,JOIN,33,PARTITIONED,PIPELINEABLE,1,3,2,5236387,5,58609255,0.058609255,1,158502,2,4299398,0.004299398,0.073357,0.030269,24867
q22,q22,/home/dy1013/sirius_multi-gpu/experiment/join_retention_runs/join_retention_20260630_075038/queries/q22/log_dir/sirius_2026-06-30.log,23,39,27,HASH_JOIN,JOIN,33,PARTITIONED,PIPELINEABLE,0,3,2,5265247,5,58902726,0.058902726,1,159008,2,4313124,0.004313124,0.073225,0.0302,27181
q22,q22,/home/dy1013/sirius_multi-gpu/experiment/join_retention_runs/join_retention_20260630_075038/queries/q22/log_dir/sirius_2026-06-30.log,23,40,31,PROJECTION,PROJECTION,13,PIPELINEABLE,PIPELINEABLE,1,3,1,158502,2,4299398,0.004299398,1,158502,2,2219032,0.002219032,0.516126,1.0,2785
q22,q22,/home/dy1013/sirius_multi-gpu/experiment/join_retention_runs/join_retention_20260630_075038/queries/q22/log_dir/sirius_2026-06-30.log,23,42,27,HASH_JOIN,JOIN,33,PARTITIONED,PIPELINEABLE,3,3,2,5262870,5,58879341,0.058879341,1,158843,2,4308669,0.004308669,0.073178,0.030182,28403
q22,q22,/home/dy1013/sirius_multi-gpu/experiment/join_retention_runs/join_retention_20260630_075038/queries/q22/log_dir/sirius_2026-06-30.log,23,41,27,HASH_JOIN,JOIN,33,PARTITIONED,PIPELINEABLE,2,3,2,5249266,5,58755045,0.058755045,1,159127,2,4316337,0.004316337,0.073463,0.030314,28742
q22,q22,/home/dy1013/sirius_multi-gpu/experiment/join_retention_runs/join_retention_20260630_075038/queries/q22/log_dir/sirius_2026-06-30.log,23,39,31,PROJECTION,PROJECTION,13,PIPELINEABLE,PIPELINEABLE,0,3,1,159008,2,4313124,0.004313124,1,159008,2,2226116,0.002226116,0.516126,1.0,2858
q22,q22,/home/dy1013/sirius_multi-gpu/experiment/join_retention_runs/join_retention_20260630_075038/queries/q22/log_dir/sirius_2026-06-30.log,23,42,31,PROJECTION,PROJECTION,13,PIPELINEABLE,PIPELINEABLE,3,3,1,158843,2,4308669,0.004308669,1,158843,2,2223806,0.002223806,0.516124,1.0,5512
q22,q22,/home/dy1013/sirius_multi-gpu/experiment/join_retention_runs/join_retention_20260630_075038/queries/q22/log_dir/sirius_2026-06-30.log,23,41,31,PROJECTION,PROJECTION,13,PIPELINEABLE,PIPELINEABLE,2,3,1,159127,2,4316337,0.004316337,1,159127,2,2227782,0.002227782,0.516128,1.0,5297
q22,q22,/home/dy1013/sirius_multi-gpu/experiment/join_retention_runs/join_retention_20260630_075038/queries/q22/log_dir/sirius_2026-06-30.log,23,40,32,HASH_GROUP_BY,AGGREGATE,9,PIPELINEABLE,PIPELINEABLE,1,3,1,158502,2,2219032,0.002219032,1,7,3,214,2.14e-07,9.6e-05,4.4e-05,12120
q22,q22,/home/dy1013/sirius_multi-gpu/experiment/join_retention_runs/join_retention_20260630_075038/queries/q22/log_dir/sirius_2026-06-30.log,23,39,32,HASH_GROUP_BY,AGGREGATE,9,PIPELINEABLE,PIPELINEABLE,0,3,1,159008,2,2226116,0.002226116,1,7,3,214,2.14e-07,9.6e-05,4.4e-05,10572
q22,q22,/home/dy1013/sirius_multi-gpu/experiment/join_retention_runs/join_retention_20260630_075038/queries/q22/log_dir/sirius_2026-06-30.log,23,42,32,HASH_GROUP_BY,AGGREGATE,9,PIPELINEABLE,PIPELINEABLE,3,3,1,158843,2,2223806,0.002223806,1,7,3,214,2.14e-07,9.6e-05,4.4e-05,13184
q22,q22,/home/dy1013/sirius_multi-gpu/experiment/join_retention_runs/join_retention_20260630_075038/queries/q22/log_dir/sirius_2026-06-30.log,23,41,32,HASH_GROUP_BY,AGGREGATE,9,PIPELINEABLE,PIPELINEABLE,2,3,1,159127,2,2227782,0.002227782,1,7,3,214,2.14e-07,9.6e-05,4.4e-05,13246
q22,q22,/home/dy1013/sirius_multi-gpu/experiment/join_retention_runs/join_retention_20260630_075038/queries/q22/log_dir/sirius_2026-06-30.log,24,44,54,PARTITION,PARTITION,82,PIPELINEABLE,PIPELINEABLE,0,1,1,7,3,214,2.14e-07,1,7,3,214,2.14e-07,1.0,1.0,1
q22,q22,/home/dy1013/sirius_multi-gpu/experiment/join_retention_runs/join_retention_20260630_075038/queries/q22/log_dir/sirius_2026-06-30.log,24,45,54,PARTITION,PARTITION,82,PIPELINEABLE,PIPELINEABLE,3,1,1,7,3,214,2.14e-07,1,7,3,214,2.14e-07,1.0,1.0,1
q22,q22,/home/dy1013/sirius_multi-gpu/experiment/join_retention_runs/join_retention_20260630_075038/queries/q22/log_dir/sirius_2026-06-30.log,24,43,54,PARTITION,PARTITION,82,PIPELINEABLE,PIPELINEABLE,1,1,1,7,3,214,2.14e-07,1,7,3,214,2.14e-07,1.0,1.0,1
q22,q22,/home/dy1013/sirius_multi-gpu/experiment/join_retention_runs/join_retention_20260630_075038/queries/q22/log_dir/sirius_2026-06-30.log,24,46,54,PARTITION,PARTITION,82,PIPELINEABLE,PIPELINEABLE,2,1,1,7,3,214,2.14e-07,1,7,3,214,2.14e-07,1.0,1.0,4
q22,q22,/home/dy1013/sirius_multi-gpu/experiment/join_retention_runs/join_retention_20260630_075038/queries/q22/log_dir/sirius_2026-06-30.log,25,47,55,MERGE_GROUP_BY,AGGREGATE,85,PARTITIONED,PIPELINEABLE,0,1,4,28,12,856,8.56e-07,1,7,3,214,2.14e-07,0.25,0.25,2514
q22,q22,/home/dy1013/sirius_multi-gpu/experiment/join_retention_runs/join_retention_20260630_075038/queries/q22/log_dir/sirius_2026-06-30.log,26,48,33,ORDER_BY,SORT,1,PIPELINEABLE,PIPELINEABLE,0,1,1,7,3,214,2.14e-07,1,7,3,214,2.14e-07,1.0,1.0,4206
q22,q22,/home/dy1013/sirius_multi-gpu/experiment/join_retention_runs/join_retention_20260630_075038/queries/q22/log_dir/sirius_2026-06-30.log,27,49,56,SORT_SAMPLE,SORT,89,PIPELINEABLE,PIPELINEABLE,0,2,1,7,3,214,2.14e-07,1,7,3,214,2.14e-07,1.0,1.0,6
q22,q22,/home/dy1013/sirius_multi-gpu/experiment/join_retention_runs/join_retention_20260630_075038/queries/q22/log_dir/sirius_2026-06-30.log,27,49,57,SORT_PARTITION,SORT,88,PIPELINEABLE,PIPELINEABLE,0,2,1,7,3,214,2.14e-07,1,7,3,214,2.14e-07,1.0,1.0,2
q22,q22,/home/dy1013/sirius_multi-gpu/experiment/join_retention_runs/join_retention_20260630_075038/queries/q22/log_dir/sirius_2026-06-30.log,28,50,58,MERGE_SORT,SORT,84,PIPELINEABLE,PIPELINEABLE,0,1,1,7,3,214,2.14e-07,1,7,3,214,2.14e-07,1.0,1.0,2
q22,q22,/home/dy1013/sirius_multi-gpu/experiment/join_retention_runs/join_retention_20260630_075038/queries/q22/log_dir/sirius_2026-06-30.log,29,51,34,RESULT_COLLECTOR,RESULT,76,PIPELINEABLE,PIPELINEABLE,0,1,1,7,3,214,2.14e-07,1,7,3,214,2.14e-07,1.0,1.0,1
