condition,query,execution,operator_kind,duration_ms
paging,q1,1,GPU_SCAN,3181.5638320000003
paging,q1,1,GPU_SCAN,2959.9487630000003
paging,q1,1,GPU_SCAN,2996.1632680000002
paging,q1,1,GPU_SCAN,2830.634176
paging,q1,1,GPU_SCAN,2991.4919900000004
paging,q1,1,GPU_SCAN,2988.0349719999995
paging,q1,1,HASH_GROUP_BY,988.2159210000001
paging,q1,1,HASH_GROUP_BY,844.873208
paging,q1,1,HASH_GROUP_BY,883.4152300000002
paging,q1,1,HASH_GROUP_BY,795.195071
paging,q1,1,HASH_GROUP_BY,864.6068740000001
paging,q1,1,HASH_GROUP_BY,801.166705
paging,q1,1,MERGE_GROUP_BY,7.477203
paging,q1,1,MERGE_GROUP_BY,1.192084
paging,q1,1,MERGE_GROUP_BY,1.355465
paging,q1,1,MERGE_GROUP_BY,2.044427
paging,q1,1,MERGE_GROUP_BY,1.201259
paging,q1,1,MERGE_GROUP_BY,2.522543
paging,q1,1,MERGE_SORT,10.420061
paging,q1,1,MERGE_SORT,1.187782
paging,q1,1,MERGE_SORT,0.569377
paging,q1,1,MERGE_SORT,1.567434
paging,q1,1,MERGE_SORT,0.719388
paging,q1,1,MERGE_SORT,1.497125
paging,q1,1,ORDER_BY,6.680365
paging,q1,1,ORDER_BY,0.908596
paging,q1,1,ORDER_BY,0.489197
paging,q1,1,ORDER_BY,0.412902
paging,q1,1,ORDER_BY,1.002616
paging,q1,1,ORDER_BY,0.52523
paging,q1,1,PARTITION,0.30780899999999994
paging,q1,1,PARTITION,0.797414
paging,q1,1,PARTITION,0.61784
paging,q1,1,PARTITION,0.42587400000000003
paging,q1,1,PARTITION,0.31366399999999994
paging,q1,1,PARTITION,0.527543
paging,q1,1,PROJECTION,144.83781
paging,q1,1,PROJECTION,114.78910899999997
paging,q1,1,PROJECTION,128.10554100000002
paging,q1,1,PROJECTION,127.773141
paging,q1,1,PROJECTION,106.253176
paging,q1,1,PROJECTION,141.22880699999996
paging,q1,1,RESULT_COLLECTOR,0.63725
paging,q1,1,RESULT_COLLECTOR,0.129626
paging,q1,1,RESULT_COLLECTOR,0.312337
paging,q1,1,RESULT_COLLECTOR,0.128988
paging,q1,1,RESULT_COLLECTOR,0.258128
paging,q1,1,RESULT_COLLECTOR,0.243135
paging,q1,1,SORT_PARTITION,5.272503
paging,q1,1,SORT_PARTITION,0.544147
paging,q1,1,SORT_PARTITION,0.777739
paging,q1,1,SORT_PARTITION,0.396855
paging,q1,1,SORT_PARTITION,0.372414
paging,q1,1,SORT_PARTITION,1.182983
paging,q1,1,SORT_SAMPLE,0.555848
paging,q1,1,SORT_SAMPLE,0.264314
paging,q1,1,SORT_SAMPLE,0.551041
paging,q1,1,SORT_SAMPLE,0.178586
paging,q1,1,SORT_SAMPLE,0.162044
paging,q1,1,SORT_SAMPLE,0.589576
paging,q1,2,GPU_SCAN,3137.2137719999996
paging,q1,2,GPU_SCAN,2940.011171
paging,q1,2,GPU_SCAN,2946.8249010000004
paging,q1,2,GPU_SCAN,2903.420169
paging,q1,2,GPU_SCAN,2856.1890829999998
paging,q1,2,GPU_SCAN,2942.7481159999998
paging,q1,2,HASH_GROUP_BY,870.9047180000001
paging,q1,2,HASH_GROUP_BY,812.0865529999999
paging,q1,2,HASH_GROUP_BY,821.8048440000001
paging,q1,2,HASH_GROUP_BY,838.096092
paging,q1,2,HASH_GROUP_BY,789.715349
paging,q1,2,HASH_GROUP_BY,818.711245
paging,q1,2,MERGE_GROUP_BY,7.417959
paging,q1,2,MERGE_GROUP_BY,2.95335
paging,q1,2,MERGE_GROUP_BY,2.177559
paging,q1,2,MERGE_GROUP_BY,2.217243
paging,q1,2,MERGE_GROUP_BY,1.173785
paging,q1,2,MERGE_GROUP_BY,2.944075
paging,q1,2,MERGE_SORT,10.111753
paging,q1,2,MERGE_SORT,1.794685
paging,q1,2,MERGE_SORT,1.852576
paging,q1,2,MERGE_SORT,0.604058
paging,q1,2,MERGE_SORT,1.842083
paging,q1,2,MERGE_SORT,0.65586
paging,q1,2,ORDER_BY,7.087129
paging,q1,2,ORDER_BY,0.472968
paging,q1,2,ORDER_BY,0.842833
paging,q1,2,ORDER_BY,0.503093
paging,q1,2,ORDER_BY,0.916054
paging,q1,2,ORDER_BY,0.426896
paging,q1,2,PARTITION,0.573295
paging,q1,2,PARTITION,0.6788319999999999
paging,q1,2,PARTITION,0.6725599999999999
paging,q1,2,PARTITION,0.5093420000000001
paging,q1,2,PARTITION,0.6380160000000001
paging,q1,2,PARTITION,0.406596
paging,q1,2,PROJECTION,138.43962100000002
paging,q1,2,PROJECTION,172.69768099999993
paging,q1,2,PROJECTION,116.683199
paging,q1,2,PROJECTION,111.126851
paging,q1,2,PROJECTION,122.01041599999999
paging,q1,2,PROJECTION,113.26133899999999
paging,q1,2,RESULT_COLLECTOR,0.609954
paging,q1,2,RESULT_COLLECTOR,0.123975
paging,q1,2,RESULT_COLLECTOR,0.24652
paging,q1,2,RESULT_COLLECTOR,0.14057
paging,q1,2,RESULT_COLLECTOR,0.126667
paging,q1,2,RESULT_COLLECTOR,0.25368
paging,q1,2,SORT_PARTITION,4.692229
paging,q1,2,SORT_PARTITION,1.191871
paging,q1,2,SORT_PARTITION,0.495685
paging,q1,2,SORT_PARTITION,1.093051
paging,q1,2,SORT_PARTITION,0.84599
paging,q1,2,SORT_PARTITION,0.715424
paging,q1,2,SORT_SAMPLE,0.565187
paging,q1,2,SORT_SAMPLE,0.547416
paging,q1,2,SORT_SAMPLE,0.253327
paging,q1,2,SORT_SAMPLE,0.509204
paging,q1,2,SORT_SAMPLE,0.453552
paging,q1,2,SORT_SAMPLE,0.364725
paging,q1,3,GPU_SCAN,3219.5033120000003
paging,q1,3,GPU_SCAN,3015.009597
paging,q1,3,GPU_SCAN,2886.0149640000004
paging,q1,3,GPU_SCAN,2925.283186
paging,q1,3,GPU_SCAN,2879.59623
paging,q1,3,GPU_SCAN,2761.899237
paging,q1,3,HASH_GROUP_BY,1004.2584080000001
paging,q1,3,HASH_GROUP_BY,853.6301100000001
paging,q1,3,HASH_GROUP_BY,770.346916
paging,q1,3,HASH_GROUP_BY,794.8010939999998
paging,q1,3,HASH_GROUP_BY,806.5754710000001
paging,q1,3,HASH_GROUP_BY,807.191817
paging,q1,3,MERGE_GROUP_BY,6.59497
paging,q1,3,MERGE_GROUP_BY,1.976858
paging,q1,3,MERGE_GROUP_BY,1.091122
paging,q1,3,MERGE_GROUP_BY,2.541941
paging,q1,3,MERGE_GROUP_BY,2.138959
paging,q1,3,MERGE_GROUP_BY,2.303308
paging,q1,3,MERGE_SORT,9.711233
paging,q1,3,MERGE_SORT,1.220974
paging,q1,3,MERGE_SORT,0.777398
paging,q1,3,MERGE_SORT,1.39851
paging,q1,3,MERGE_SORT,1.810123
paging,q1,3,MERGE_SORT,0.680122
paging,q1,3,ORDER_BY,4.412773
paging,q1,3,ORDER_BY,0.484233
paging,q1,3,ORDER_BY,0.890327
paging,q1,3,ORDER_BY,0.400186
paging,q1,3,ORDER_BY,0.46779
paging,q1,3,ORDER_BY,0.838953
paging,q1,3,PARTITION,0.6437029999999999
paging,q1,3,PARTITION,0.5859070000000001
paging,q1,3,PARTITION,0.75986
paging,q1,3,PARTITION,0.5391669999999998
paging,q1,3,PARTITION,0.5116569999999999
paging,q1,3,PARTITION,0.4962139999999999
paging,q1,3,PROJECTION,167.44021699999996
paging,q1,3,PROJECTION,120.27663299999998
paging,q1,3,PROJECTION,109.12688600000001
paging,q1,3,PROJECTION,113.494421
paging,q1,3,PROJECTION,140.30884700000001
paging,q1,3,PROJECTION,88.013849
paging,q1,3,RESULT_COLLECTOR,0.625151
paging,q1,3,RESULT_COLLECTOR,0.224242
paging,q1,3,RESULT_COLLECTOR,0.145429
paging,q1,3,RESULT_COLLECTOR,0.115819
paging,q1,3,RESULT_COLLECTOR,0.232877
paging,q1,3,RESULT_COLLECTOR,0.170548
paging,q1,3,SORT_PARTITION,5.31489
paging,q1,3,SORT_PARTITION,0.430573
paging,q1,3,SORT_PARTITION,0.637697
paging,q1,3,SORT_PARTITION,0.608783
paging,q1,3,SORT_PARTITION,1.186855
paging,q1,3,SORT_PARTITION,0.384645
paging,q1,3,SORT_SAMPLE,0.589416
paging,q1,3,SORT_SAMPLE,0.177729
paging,q1,3,SORT_SAMPLE,0.279244
paging,q1,3,SORT_SAMPLE,0.482915
paging,q1,3,SORT_SAMPLE,0.542127
paging,q1,3,SORT_SAMPLE,0.152069
paging,q2,1,CONCAT,0.484407
paging,q2,1,CONCAT,0.5683739999999999
paging,q2,1,CONCAT,0.9770409999999999
paging,q2,1,CONCAT,0.936942
paging,q2,1,CONCAT,0.4842980000000001
paging,q2,1,CONCAT,1.1290680000000002
paging,q2,1,DYNAMIC_FILTER,4.542455
paging,q2,1,DYNAMIC_FILTER,4.373586
paging,q2,1,DYNAMIC_FILTER,3.824788
paging,q2,1,DYNAMIC_FILTER,3.819166
paging,q2,1,DYNAMIC_FILTER,4.490893
paging,q2,1,DYNAMIC_FILTER,3.971735
paging,q2,1,FILTER,0.527656
paging,q2,1,FILTER,0.549518
paging,q2,1,FILTER,0.562143
paging,q2,1,FILTER,0.58675
paging,q2,1,FILTER,0.514388
paging,q2,1,FILTER,0.562763
paging,q2,1,GPU_SCAN,256.73422899999997
paging,q2,1,GPU_SCAN,256.457981
paging,q2,1,GPU_SCAN,259.379624
paging,q2,1,GPU_SCAN,256.734934
paging,q2,1,GPU_SCAN,257.907008
paging,q2,1,GPU_SCAN,262.38835800000004
paging,q2,1,HASH_GROUP_BY,0.322512
paging,q2,1,HASH_GROUP_BY,0.341311
paging,q2,1,HASH_GROUP_BY,0.267099
paging,q2,1,HASH_GROUP_BY,0.372476
paging,q2,1,HASH_GROUP_BY,0.325894
paging,q2,1,HASH_GROUP_BY,0.530862
paging,q2,1,HASH_JOIN,6.576157
paging,q2,1,HASH_JOIN,8.873158
paging,q2,1,HASH_JOIN,8.594773
paging,q2,1,HASH_JOIN,8.350912
paging,q2,1,HASH_JOIN,5.239368
paging,q2,1,HASH_JOIN,11.065402
paging,q2,1,LEFT_DELIM_JOIN,0.112728
paging,q2,1,LEFT_DELIM_JOIN,0.124412
paging,q2,1,LEFT_DELIM_JOIN,0.156752
paging,q2,1,LEFT_DELIM_JOIN,0.202734
paging,q2,1,LEFT_DELIM_JOIN,0.119698
paging,q2,1,LEFT_DELIM_JOIN,0.189222
paging,q2,1,MERGE_GROUP_BY,0.010904
paging,q2,1,MERGE_GROUP_BY,0.011849
paging,q2,1,MERGE_GROUP_BY,0.019456
paging,q2,1,MERGE_GROUP_BY,0.033644
paging,q2,1,MERGE_GROUP_BY,0.008251999999999999
paging,q2,1,MERGE_GROUP_BY,0.021158
paging,q2,1,MERGE_SORT,0.009956
paging,q2,1,MERGE_SORT,0.011414
paging,q2,1,MERGE_SORT,0.012689
paging,q2,1,MERGE_SORT,0.021455
paging,q2,1,MERGE_SORT,0.007727
paging,q2,1,MERGE_SORT,0.013937
paging,q2,1,ORDER_BY,1.126392
paging,q2,1,ORDER_BY,1.175856
paging,q2,1,ORDER_BY,2.160019
paging,q2,1,ORDER_BY,2.089675
paging,q2,1,ORDER_BY,1.166983
paging,q2,1,ORDER_BY,2.313361
paging,q2,1,PARTITION,0.24074800000000002
paging,q2,1,PARTITION,0.319873
paging,q2,1,PARTITION,0.48299400000000003
paging,q2,1,PARTITION,0.5428930000000001
paging,q2,1,PARTITION,0.18129499999999998
paging,q2,1,PARTITION,0.349262
paging,q2,1,PROJECTION,0.042047
paging,q2,1,PROJECTION,0.07904
paging,q2,1,PROJECTION,0.039452
paging,q2,1,PROJECTION,0.10733300000000001
paging,q2,1,PROJECTION,0.032562
paging,q2,1,PROJECTION,0.064119
paging,q2,1,RESULT_COLLECTOR,1.882022
paging,q2,1,RESULT_COLLECTOR,3.345965
paging,q2,1,RESULT_COLLECTOR,3.967123
paging,q2,1,RESULT_COLLECTOR,5.910926
paging,q2,1,RESULT_COLLECTOR,1.360163
paging,q2,1,RESULT_COLLECTOR,2.71361
paging,q2,1,SORT_PARTITION,0.008358
paging,q2,1,SORT_PARTITION,0.008136
paging,q2,1,SORT_PARTITION,0.008849
paging,q2,1,SORT_PARTITION,0.00879
paging,q2,1,SORT_PARTITION,0.007566
paging,q2,1,SORT_PARTITION,0.007691
paging,q2,1,SORT_SAMPLE,0.019966
paging,q2,1,SORT_SAMPLE,0.010878
paging,q2,1,SORT_SAMPLE,0.011482
paging,q2,1,SORT_SAMPLE,0.009602
paging,q2,1,SORT_SAMPLE,0.009731
paging,q2,1,SORT_SAMPLE,0.01166
paging,q2,2,CONCAT,0.39135000000000003
paging,q2,2,CONCAT,0.403171
paging,q2,2,CONCAT,0.863676
paging,q2,2,CONCAT,0.6902099999999999
paging,q2,2,CONCAT,0.5294269999999999
paging,q2,2,CONCAT,0.464221
paging,q2,2,DYNAMIC_FILTER,4.435171
paging,q2,2,DYNAMIC_FILTER,4.436326
paging,q2,2,DYNAMIC_FILTER,3.8625629999999997
paging,q2,2,DYNAMIC_FILTER,3.8230899999999997
paging,q2,2,DYNAMIC_FILTER,4.4642029999999995
paging,q2,2,DYNAMIC_FILTER,3.958101
paging,q2,2,FILTER,0.543296
paging,q2,2,FILTER,0.616588
paging,q2,2,FILTER,0.54084
paging,q2,2,FILTER,0.598377
paging,q2,2,FILTER,0.563389
paging,q2,2,FILTER,0.599386
paging,q2,2,GPU_SCAN,256.021637
paging,q2,2,GPU_SCAN,258.007202
paging,q2,2,GPU_SCAN,256.990193
paging,q2,2,GPU_SCAN,256.12769399999996
paging,q2,2,GPU_SCAN,258.434143
paging,q2,2,GPU_SCAN,261.251418
paging,q2,2,HASH_GROUP_BY,0.388235
paging,q2,2,HASH_GROUP_BY,0.326363
paging,q2,2,HASH_GROUP_BY,0.362204
paging,q2,2,HASH_GROUP_BY,0.286174
paging,q2,2,HASH_GROUP_BY,0.389671
paging,q2,2,HASH_GROUP_BY,0.3279
paging,q2,2,HASH_JOIN,5.3097270000000005
paging,q2,2,HASH_JOIN,5.695468
paging,q2,2,HASH_JOIN,8.299737
paging,q2,2,HASH_JOIN,8.184690000000002
paging,q2,2,HASH_JOIN,6.610593
paging,q2,2,HASH_JOIN,8.641176999999999
paging,q2,2,LEFT_DELIM_JOIN,0.228358
paging,q2,2,LEFT_DELIM_JOIN,0.117646
paging,q2,2,LEFT_DELIM_JOIN,0.214959
paging,q2,2,LEFT_DELIM_JOIN,0.242809
paging,q2,2,LEFT_DELIM_JOIN,0.141617
paging,q2,2,LEFT_DELIM_JOIN,0.179059
paging,q2,2,MERGE_GROUP_BY,0.011445
paging,q2,2,MERGE_GROUP_BY,0.012472
paging,q2,2,MERGE_GROUP_BY,0.014187
paging,q2,2,MERGE_GROUP_BY,0.01151
paging,q2,2,MERGE_GROUP_BY,0.020139
paging,q2,2,MERGE_GROUP_BY,0.02094
paging,q2,2,MERGE_SORT,0.011172
paging,q2,2,MERGE_SORT,0.01213
paging,q2,2,MERGE_SORT,0.011503
paging,q2,2,MERGE_SORT,0.009311
paging,q2,2,MERGE_SORT,0.008552
paging,q2,2,MERGE_SORT,0.030853
paging,q2,2,ORDER_BY,1.195915
paging,q2,2,ORDER_BY,1.191542
paging,q2,2,ORDER_BY,2.120205
paging,q2,2,ORDER_BY,2.101895
paging,q2,2,ORDER_BY,1.198844
paging,q2,2,ORDER_BY,2.360526
paging,q2,2,PARTITION,0.189485
paging,q2,2,PARTITION,0.191039
paging,q2,2,PARTITION,0.29597200000000007
paging,q2,2,PARTITION,0.33613
paging,q2,2,PARTITION,0.251925
paging,q2,2,PARTITION,0.3841680000000001
paging,q2,2,PROJECTION,0.034952
paging,q2,2,PROJECTION,0.046055
paging,q2,2,PROJECTION,0.038808999999999996
paging,q2,2,PROJECTION,0.037961999999999996
paging,q2,2,PROJECTION,0.075659
paging,q2,2,PROJECTION,0.033752
paging,q2,2,RESULT_COLLECTOR,1.93227
paging,q2,2,RESULT_COLLECTOR,1.988453
paging,q2,2,RESULT_COLLECTOR,3.072869
paging,q2,2,RESULT_COLLECTOR,3.762205
paging,q2,2,RESULT_COLLECTOR,4.079581
paging,q2,2,RESULT_COLLECTOR,2.375702
paging,q2,2,SORT_PARTITION,0.007344
paging,q2,2,SORT_PARTITION,0.010403
paging,q2,2,SORT_PARTITION,0.007655
paging,q2,2,SORT_PARTITION,0.00869
paging,q2,2,SORT_PARTITION,0.008215
paging,q2,2,SORT_PARTITION,0.014317
paging,q2,2,SORT_SAMPLE,0.0113
paging,q2,2,SORT_SAMPLE,0.01235
paging,q2,2,SORT_SAMPLE,0.011314
paging,q2,2,SORT_SAMPLE,0.012341
paging,q2,2,SORT_SAMPLE,0.010036
paging,q2,2,SORT_SAMPLE,0.020534
paging,q2,3,CONCAT,0.597701
paging,q2,3,CONCAT,0.685596
paging,q2,3,CONCAT,0.7812660000000001
paging,q2,3,CONCAT,0.696326
paging,q2,3,CONCAT,0.33869499999999997
paging,q2,3,CONCAT,0.810261
paging,q2,3,DYNAMIC_FILTER,4.519275
paging,q2,3,DYNAMIC_FILTER,4.381338
paging,q2,3,DYNAMIC_FILTER,4.157618
paging,q2,3,DYNAMIC_FILTER,3.8945689999999997
paging,q2,3,DYNAMIC_FILTER,4.486181
paging,q2,3,DYNAMIC_FILTER,4.046617
paging,q2,3,FILTER,0.547751
paging,q2,3,FILTER,0.594805
paging,q2,3,FILTER,0.660892
paging,q2,3,FILTER,0.576743
paging,q2,3,FILTER,0.571631
paging,q2,3,FILTER,0.586982
paging,q2,3,GPU_SCAN,261.10449900000003
paging,q2,3,GPU_SCAN,263.553932
paging,q2,3,GPU_SCAN,265.996195
paging,q2,3,GPU_SCAN,263.267277
paging,q2,3,GPU_SCAN,262.639473
paging,q2,3,GPU_SCAN,265.06172
paging,q2,3,HASH_GROUP_BY,0.687671
paging,q2,3,HASH_GROUP_BY,0.387444
paging,q2,3,HASH_GROUP_BY,0.426197
paging,q2,3,HASH_GROUP_BY,0.280935
paging,q2,3,HASH_GROUP_BY,0.398347
paging,q2,3,HASH_GROUP_BY,0.380359
paging,q2,3,HASH_JOIN,9.868597
paging,q2,3,HASH_JOIN,7.353174999999999
paging,q2,3,HASH_JOIN,8.030232
paging,q2,3,HASH_JOIN,8.650388
paging,q2,3,HASH_JOIN,5.341154
paging,q2,3,HASH_JOIN,9.584037
paging,q2,3,LEFT_DELIM_JOIN,0.2318
paging,q2,3,LEFT_DELIM_JOIN,0.274685
paging,q2,3,LEFT_DELIM_JOIN,0.125541
paging,q2,3,LEFT_DELIM_JOIN,0.148768
paging,q2,3,LEFT_DELIM_JOIN,0.127724
paging,q2,3,LEFT_DELIM_JOIN,0.133612
paging,q2,3,MERGE_GROUP_BY,0.027532
paging,q2,3,MERGE_GROUP_BY,0.013031000000000001
paging,q2,3,MERGE_GROUP_BY,0.026951
paging,q2,3,MERGE_GROUP_BY,0.010579
paging,q2,3,MERGE_GROUP_BY,0.010631999999999999
paging,q2,3,MERGE_GROUP_BY,0.011717
paging,q2,3,MERGE_SORT,0.00849
paging,q2,3,MERGE_SORT,0.010929
paging,q2,3,MERGE_SORT,0.020292
paging,q2,3,MERGE_SORT,0.009181
paging,q2,3,MERGE_SORT,0.010181
paging,q2,3,MERGE_SORT,0.011099
paging,q2,3,ORDER_BY,1.140765
paging,q2,3,ORDER_BY,1.194505
paging,q2,3,ORDER_BY,2.174288
paging,q2,3,ORDER_BY,2.096633
paging,q2,3,ORDER_BY,1.234182
paging,q2,3,ORDER_BY,2.30201
paging,q2,3,PARTITION,0.41053399999999995
paging,q2,3,PARTITION,0.28853
paging,q2,3,PARTITION,0.44598799999999994
paging,q2,3,PARTITION,0.3699150000000001
paging,q2,3,PARTITION,0.15173199999999998
paging,q2,3,PARTITION,0.38247600000000004
paging,q2,3,PROJECTION,0.079264
paging,q2,3,PROJECTION,0.078412
paging,q2,3,PROJECTION,0.044993
paging,q2,3,PROJECTION,0.036452
paging,q2,3,PROJECTION,0.039331000000000005
paging,q2,3,PROJECTION,0.047141
paging,q2,3,RESULT_COLLECTOR,1.760461
paging,q2,3,RESULT_COLLECTOR,1.949445
paging,q2,3,RESULT_COLLECTOR,3.36894
paging,q2,3,RESULT_COLLECTOR,3.196366
paging,q2,3,RESULT_COLLECTOR,1.525618
paging,q2,3,RESULT_COLLECTOR,2.281549
paging,q2,3,SORT_PARTITION,0.009837
paging,q2,3,SORT_PARTITION,0.007758
paging,q2,3,SORT_PARTITION,0.008128
paging,q2,3,SORT_PARTITION,0.008397
paging,q2,3,SORT_PARTITION,0.007655
paging,q2,3,SORT_PARTITION,0.011432
paging,q2,3,SORT_SAMPLE,0.014627
paging,q2,3,SORT_SAMPLE,0.011883
paging,q2,3,SORT_SAMPLE,0.012352
paging,q2,3,SORT_SAMPLE,0.014191
paging,q2,3,SORT_SAMPLE,0.011909
paging,q2,3,SORT_SAMPLE,0.014091
paging,q3,1,CONCAT,3.2307570000000005
paging,q3,1,CONCAT,3.422818
paging,q3,1,CONCAT,3.509157
paging,q3,1,CONCAT,3.063209
paging,q3,1,CONCAT,3.6025009999999997
paging,q3,1,CONCAT,3.3791789999999997
paging,q3,1,DYNAMIC_FILTER,17.838656
paging,q3,1,DYNAMIC_FILTER,13.360986
paging,q3,1,DYNAMIC_FILTER,20.741637
paging,q3,1,DYNAMIC_FILTER,14.568195000000001
paging,q3,1,DYNAMIC_FILTER,11.601412
paging,q3,1,DYNAMIC_FILTER,12.705963000000002
paging,q3,1,GPU_SCAN,2733.774458
paging,q3,1,GPU_SCAN,2720.188618
paging,q3,1,GPU_SCAN,2683.7893050000002
paging,q3,1,GPU_SCAN,2694.1109650000003
paging,q3,1,GPU_SCAN,2381.937608
paging,q3,1,GPU_SCAN,2565.714107
paging,q3,1,HASH_GROUP_BY,0.899004
paging,q3,1,HASH_GROUP_BY,0.966961
paging,q3,1,HASH_GROUP_BY,0.837747
paging,q3,1,HASH_GROUP_BY,0.811117
paging,q3,1,HASH_GROUP_BY,0.913144
paging,q3,1,HASH_GROUP_BY,0.92972
paging,q3,1,HASH_JOIN,5.884672
paging,q3,1,HASH_JOIN,5.90691
paging,q3,1,HASH_JOIN,5.812078
paging,q3,1,HASH_JOIN,5.822112000000001
paging,q3,1,HASH_JOIN,6.1780170000000005
paging,q3,1,HASH_JOIN,6.2706029999999995
paging,q3,1,MERGE_GROUP_BY,0.009455
paging,q3,1,MERGE_GROUP_BY,0.058105
paging,q3,1,MERGE_GROUP_BY,0.005598
paging,q3,1,MERGE_GROUP_BY,0.006912
paging,q3,1,MERGE_GROUP_BY,0.00851
paging,q3,1,MERGE_GROUP_BY,0.025767
paging,q3,1,MERGE_SORT,0.893519
paging,q3,1,MERGE_SORT,0.559242
paging,q3,1,MERGE_SORT,0.174604
paging,q3,1,MERGE_SORT,0.150349
paging,q3,1,MERGE_SORT,0.180037
paging,q3,1,MERGE_SORT,0.169985
paging,q3,1,ORDER_BY,1.34035
paging,q3,1,ORDER_BY,1.60692
paging,q3,1,ORDER_BY,1.36824
paging,q3,1,ORDER_BY,1.36704
paging,q3,1,ORDER_BY,1.416348
paging,q3,1,ORDER_BY,1.40463
paging,q3,1,PARTITION,0.18990300000000002
paging,q3,1,PARTITION,0.3540210000000001
paging,q3,1,PARTITION,0.16955800000000001
paging,q3,1,PARTITION,0.21201199999999995
paging,q3,1,PARTITION,0.30717300000000003
paging,q3,1,PARTITION,0.21419699999999997
paging,q3,1,PROJECTION,0.194115
paging,q3,1,PROJECTION,0.24920599999999998
paging,q3,1,PROJECTION,0.180949
paging,q3,1,PROJECTION,0.173594
paging,q3,1,PROJECTION,0.18631799999999998
paging,q3,1,PROJECTION,0.17893900000000001
paging,q3,1,RESULT_COLLECTOR,4.697552
paging,q3,1,RESULT_COLLECTOR,5.646596
paging,q3,1,RESULT_COLLECTOR,4.403621
paging,q3,1,RESULT_COLLECTOR,4.297201
paging,q3,1,RESULT_COLLECTOR,3.189389
paging,q3,1,RESULT_COLLECTOR,3.809984
paging,q3,1,SORT_PARTITION,0.185808
paging,q3,1,SORT_PARTITION,0.214599
paging,q3,1,SORT_PARTITION,0.161382
paging,q3,1,SORT_PARTITION,0.187376
paging,q3,1,SORT_PARTITION,0.202975
paging,q3,1,SORT_PARTITION,0.182834
paging,q3,1,SORT_SAMPLE,0.030952
paging,q3,1,SORT_SAMPLE,0.042511
paging,q3,1,SORT_SAMPLE,0.031481
paging,q3,1,SORT_SAMPLE,0.067283
paging,q3,1,SORT_SAMPLE,0.042162
paging,q3,1,SORT_SAMPLE,0.03868
paging,q3,2,CONCAT,3.1448799999999997
paging,q3,2,CONCAT,3.341053
paging,q3,2,CONCAT,3.526484
paging,q3,2,CONCAT,3.382889
paging,q3,2,CONCAT,3.2171430000000005
paging,q3,2,CONCAT,3.0495639999999997
paging,q3,2,DYNAMIC_FILTER,11.494
paging,q3,2,DYNAMIC_FILTER,11.13554
paging,q3,2,DYNAMIC_FILTER,13.344928999999999
paging,q3,2,DYNAMIC_FILTER,11.601560000000001
paging,q3,2,DYNAMIC_FILTER,14.370334999999999
paging,q3,2,DYNAMIC_FILTER,22.870719
paging,q3,2,GPU_SCAN,2522.530041
paging,q3,2,GPU_SCAN,2700.372398
paging,q3,2,GPU_SCAN,2536.095818
paging,q3,2,GPU_SCAN,2537.5617669999997
paging,q3,2,GPU_SCAN,2508.6158579999997
paging,q3,2,GPU_SCAN,2401.380765
paging,q3,2,HASH_GROUP_BY,0.850278
paging,q3,2,HASH_GROUP_BY,1.282105
paging,q3,2,HASH_GROUP_BY,0.869484
paging,q3,2,HASH_GROUP_BY,0.824605
paging,q3,2,HASH_GROUP_BY,0.904104
paging,q3,2,HASH_GROUP_BY,0.927497
paging,q3,2,HASH_JOIN,5.746017999999999
paging,q3,2,HASH_JOIN,6.192998
paging,q3,2,HASH_JOIN,6.509008
paging,q3,2,HASH_JOIN,5.89973
paging,q3,2,HASH_JOIN,6.023013
paging,q3,2,HASH_JOIN,6.526566000000001
paging,q3,2,MERGE_GROUP_BY,0.007237
paging,q3,2,MERGE_GROUP_BY,0.014151
paging,q3,2,MERGE_GROUP_BY,0.01755
paging,q3,2,MERGE_GROUP_BY,0.023441
paging,q3,2,MERGE_GROUP_BY,0.013547
paging,q3,2,MERGE_GROUP_BY,0.006294
paging,q3,2,MERGE_SORT,0.220561
paging,q3,2,MERGE_SORT,0.18467
paging,q3,2,MERGE_SORT,0.434762
paging,q3,2,MERGE_SORT,0.213439
paging,q3,2,MERGE_SORT,0.212698
paging,q3,2,MERGE_SORT,0.165849
paging,q3,2,ORDER_BY,1.348998
paging,q3,2,ORDER_BY,1.320673
paging,q3,2,ORDER_BY,1.445554
paging,q3,2,ORDER_BY,1.31435
paging,q3,2,ORDER_BY,1.325179
paging,q3,2,ORDER_BY,1.391373
paging,q3,2,PARTITION,0.20670399999999997
paging,q3,2,PARTITION,0.119403
paging,q3,2,PARTITION,0.261238
paging,q3,2,PARTITION,0.179905
paging,q3,2,PARTITION,0.235014
paging,q3,2,PARTITION,0.19347799999999996
paging,q3,2,PROJECTION,0.184647
paging,q3,2,PROJECTION,0.293469
paging,q3,2,PROJECTION,0.197809
paging,q3,2,PROJECTION,0.190033
paging,q3,2,PROJECTION,0.210817
paging,q3,2,PROJECTION,0.28669
paging,q3,2,RESULT_COLLECTOR,4.645821
paging,q3,2,RESULT_COLLECTOR,4.932465
paging,q3,2,RESULT_COLLECTOR,2.704119
paging,q3,2,RESULT_COLLECTOR,4.465369
paging,q3,2,RESULT_COLLECTOR,2.758643
paging,q3,2,RESULT_COLLECTOR,2.563135
paging,q3,2,SORT_PARTITION,0.187396
paging,q3,2,SORT_PARTITION,0.205049
paging,q3,2,SORT_PARTITION,0.180097
paging,q3,2,SORT_PARTITION,0.193837
paging,q3,2,SORT_PARTITION,0.188724
paging,q3,2,SORT_PARTITION,0.17958
paging,q3,2,SORT_SAMPLE,0.034205
paging,q3,2,SORT_SAMPLE,0.043625
paging,q3,2,SORT_SAMPLE,0.032328
paging,q3,2,SORT_SAMPLE,0.032346
paging,q3,2,SORT_SAMPLE,0.042821
paging,q3,2,SORT_SAMPLE,0.033777
paging,q3,3,CONCAT,3.337205
paging,q3,3,CONCAT,3.356532
paging,q3,3,CONCAT,3.1788070000000004
paging,q3,3,CONCAT,3.369812
paging,q3,3,CONCAT,3.2395799999999997
paging,q3,3,CONCAT,3.7233729999999996
paging,q3,3,DYNAMIC_FILTER,11.178287000000001
paging,q3,3,DYNAMIC_FILTER,18.218271
paging,q3,3,DYNAMIC_FILTER,14.708643
paging,q3,3,DYNAMIC_FILTER,16.947218
paging,q3,3,DYNAMIC_FILTER,20.179356
paging,q3,3,DYNAMIC_FILTER,13.608782999999999
paging,q3,3,GPU_SCAN,2595.6741759999995
paging,q3,3,GPU_SCAN,2735.179701
paging,q3,3,GPU_SCAN,2748.3190039999995
paging,q3,3,GPU_SCAN,2731.6521979999998
paging,q3,3,GPU_SCAN,2727.391046
paging,q3,3,GPU_SCAN,2734.76683
paging,q3,3,HASH_GROUP_BY,0.823258
paging,q3,3,HASH_GROUP_BY,0.975966
paging,q3,3,HASH_GROUP_BY,0.850365
paging,q3,3,HASH_GROUP_BY,0.869529
paging,q3,3,HASH_GROUP_BY,0.864944
paging,q3,3,HASH_GROUP_BY,0.902896
paging,q3,3,HASH_JOIN,5.771049
paging,q3,3,HASH_JOIN,6.221681
paging,q3,3,HASH_JOIN,6.167435
paging,q3,3,HASH_JOIN,5.917
paging,q3,3,HASH_JOIN,5.875565
paging,q3,3,HASH_JOIN,5.96267
paging,q3,3,MERGE_GROUP_BY,0.007003
paging,q3,3,MERGE_GROUP_BY,0.006763
paging,q3,3,MERGE_GROUP_BY,0.007002
paging,q3,3,MERGE_GROUP_BY,0.030412
paging,q3,3,MERGE_GROUP_BY,0.032512
paging,q3,3,MERGE_GROUP_BY,0.009154
paging,q3,3,MERGE_SORT,0.196799
paging,q3,3,MERGE_SORT,0.164322
paging,q3,3,MERGE_SORT,0.206832
paging,q3,3,MERGE_SORT,0.175684
paging,q3,3,MERGE_SORT,0.166685
paging,q3,3,MERGE_SORT,0.2329
paging,q3,3,ORDER_BY,1.336941
paging,q3,3,ORDER_BY,1.43398
paging,q3,3,ORDER_BY,1.423099
paging,q3,3,ORDER_BY,1.407073
paging,q3,3,ORDER_BY,1.394485
paging,q3,3,ORDER_BY,1.405991
paging,q3,3,PARTITION,0.24651900000000004
paging,q3,3,PARTITION,0.099909
paging,q3,3,PARTITION,0.270105
paging,q3,3,PARTITION,0.287614
paging,q3,3,PARTITION,0.164041
paging,q3,3,PARTITION,0.20787000000000003
paging,q3,3,PROJECTION,0.172382
paging,q3,3,PROJECTION,0.290529
paging,q3,3,PROJECTION,0.200318
paging,q3,3,PROJECTION,0.173013
paging,q3,3,PROJECTION,0.173564
paging,q3,3,PROJECTION,0.188333
paging,q3,3,RESULT_COLLECTOR,4.592009
paging,q3,3,RESULT_COLLECTOR,5.511404
paging,q3,3,RESULT_COLLECTOR,3.304645
paging,q3,3,RESULT_COLLECTOR,2.859535
paging,q3,3,RESULT_COLLECTOR,4.498754
paging,q3,3,RESULT_COLLECTOR,3.113128
paging,q3,3,SORT_PARTITION,0.161528
paging,q3,3,SORT_PARTITION,0.168831
paging,q3,3,SORT_PARTITION,0.162424
paging,q3,3,SORT_PARTITION,0.183356
paging,q3,3,SORT_PARTITION,0.159818
paging,q3,3,SORT_PARTITION,0.185992
paging,q3,3,SORT_SAMPLE,0.026034
paging,q3,3,SORT_SAMPLE,0.031601
paging,q3,3,SORT_SAMPLE,0.032339
paging,q3,3,SORT_SAMPLE,0.035059
paging,q3,3,SORT_SAMPLE,0.026452
paging,q3,3,SORT_SAMPLE,0.030797
paging,q4,1,CONCAT,1.133897
paging,q4,1,CONCAT,1.2151480000000001
paging,q4,1,CONCAT,1.218396
paging,q4,1,CONCAT,1.224126
paging,q4,1,CONCAT,1.340293
paging,q4,1,CONCAT,1.355688
paging,q4,1,DYNAMIC_FILTER,10.944951
paging,q4,1,DYNAMIC_FILTER,11.302783
paging,q4,1,DYNAMIC_FILTER,10.93329
paging,q4,1,DYNAMIC_FILTER,13.327815000000001
paging,q4,1,DYNAMIC_FILTER,12.549429
paging,q4,1,DYNAMIC_FILTER,11.345554
paging,q4,1,FILTER,7.183808999999999
paging,q4,1,FILTER,2.2098180000000003
paging,q4,1,FILTER,2.598559
paging,q4,1,FILTER,2.439391
paging,q4,1,FILTER,2.7805829999999996
paging,q4,1,FILTER,1.85702
paging,q4,1,GPU_SCAN,1409.216828
paging,q4,1,GPU_SCAN,1419.186181
paging,q4,1,GPU_SCAN,1410.553267
paging,q4,1,GPU_SCAN,1504.6296730000001
paging,q4,1,GPU_SCAN,1506.3389089999996
paging,q4,1,GPU_SCAN,1054.09185
paging,q4,1,HASH_GROUP_BY,1.522002
paging,q4,1,HASH_GROUP_BY,1.607063
paging,q4,1,HASH_GROUP_BY,1.618647
paging,q4,1,HASH_GROUP_BY,1.678884
paging,q4,1,HASH_GROUP_BY,1.658946
paging,q4,1,HASH_GROUP_BY,2.007887
paging,q4,1,HASH_JOIN,4.776752
paging,q4,1,HASH_JOIN,4.421374
paging,q4,1,HASH_JOIN,4.697356
paging,q4,1,HASH_JOIN,4.661347
paging,q4,1,HASH_JOIN,5.043944
paging,q4,1,HASH_JOIN,5.028233
paging,q4,1,LEFT_DELIM_JOIN,1.5442
paging,q4,1,LEFT_DELIM_JOIN,1.502145
paging,q4,1,LEFT_DELIM_JOIN,1.513433
paging,q4,1,LEFT_DELIM_JOIN,1.7746529999999998
paging,q4,1,LEFT_DELIM_JOIN,1.566742
paging,q4,1,LEFT_DELIM_JOIN,1.72571
paging,q4,1,MERGE_GROUP_BY,1.71902
paging,q4,1,MERGE_GROUP_BY,1.876675
paging,q4,1,MERGE_GROUP_BY,1.7310079999999999
paging,q4,1,MERGE_GROUP_BY,1.846661
paging,q4,1,MERGE_GROUP_BY,1.8307749999999998
paging,q4,1,MERGE_GROUP_BY,1.9313889999999998
paging,q4,1,MERGE_SORT,0.005957
paging,q4,1,MERGE_SORT,0.005888
paging,q4,1,MERGE_SORT,0.244249
paging,q4,1,MERGE_SORT,0.212778
paging,q4,1,MERGE_SORT,0.770832
paging,q4,1,MERGE_SORT,0.198193
paging,q4,1,ORDER_BY,0.219573
paging,q4,1,ORDER_BY,0.154113
paging,q4,1,ORDER_BY,0.171953
paging,q4,1,ORDER_BY,0.161684
paging,q4,1,ORDER_BY,0.159856
paging,q4,1,ORDER_BY,0.210202
paging,q4,1,PARTITION,0.09633399999999999
paging,q4,1,PARTITION,0.18271800000000002
paging,q4,1,PARTITION,0.130629
paging,q4,1,PARTITION,0.176648
paging,q4,1,PARTITION,0.26738199999999995
paging,q4,1,PARTITION,0.23443499999999995
paging,q4,1,PROJECTION,0.013663
paging,q4,1,PROJECTION,0.010082
paging,q4,1,PROJECTION,0.013496
paging,q4,1,PROJECTION,0.010078
paging,q4,1,PROJECTION,0.041158
paging,q4,1,PROJECTION,0.010535
paging,q4,1,RESULT_COLLECTOR,0.109727
paging,q4,1,RESULT_COLLECTOR,0.109244
paging,q4,1,RESULT_COLLECTOR,0.119992
paging,q4,1,RESULT_COLLECTOR,0.075421
paging,q4,1,RESULT_COLLECTOR,0.082637
paging,q4,1,RESULT_COLLECTOR,0.117801
paging,q4,1,SORT_PARTITION,0.005731
paging,q4,1,SORT_PARTITION,0.005339
paging,q4,1,SORT_PARTITION,0.17574
paging,q4,1,SORT_PARTITION,0.16269
paging,q4,1,SORT_PARTITION,0.158663
paging,q4,1,SORT_PARTITION,0.164207
paging,q4,1,SORT_SAMPLE,0.008471
paging,q4,1,SORT_SAMPLE,0.008316
paging,q4,1,SORT_SAMPLE,0.092949
paging,q4,1,SORT_SAMPLE,0.079798
paging,q4,1,SORT_SAMPLE,0.074302
paging,q4,1,SORT_SAMPLE,0.078922
paging,q4,2,CONCAT,1.158484
paging,q4,2,CONCAT,1.084892
paging,q4,2,CONCAT,1.1623160000000001
paging,q4,2,CONCAT,1.257449
paging,q4,2,CONCAT,1.844102
paging,q4,2,CONCAT,1.339665
paging,q4,2,DYNAMIC_FILTER,11.571525999999999
paging,q4,2,DYNAMIC_FILTER,16.375803
paging,q4,2,DYNAMIC_FILTER,8.456517999999999
paging,q4,2,DYNAMIC_FILTER,13.154599999999999
paging,q4,2,DYNAMIC_FILTER,9.224944
paging,q4,2,DYNAMIC_FILTER,10.880811000000001
paging,q4,2,FILTER,6.302816000000001
paging,q4,2,FILTER,2.0362790000000004
paging,q4,2,FILTER,8.120843
paging,q4,2,FILTER,3.5816030000000003
paging,q4,2,FILTER,2.757228
paging,q4,2,FILTER,3.0366799999999996
paging,q4,2,GPU_SCAN,1411.712062
paging,q4,2,GPU_SCAN,1416.627375
paging,q4,2,GPU_SCAN,1379.662896
paging,q4,2,GPU_SCAN,1529.2555719999998
paging,q4,2,GPU_SCAN,1390.7401799999998
paging,q4,2,GPU_SCAN,1076.735146
paging,q4,2,HASH_GROUP_BY,1.644196
paging,q4,2,HASH_GROUP_BY,1.53929
paging,q4,2,HASH_GROUP_BY,1.57268
paging,q4,2,HASH_GROUP_BY,1.647334
paging,q4,2,HASH_GROUP_BY,1.853449
paging,q4,2,HASH_GROUP_BY,2.379137
paging,q4,2,HASH_JOIN,4.960243
paging,q4,2,HASH_JOIN,4.408207
paging,q4,2,HASH_JOIN,4.885372
paging,q4,2,HASH_JOIN,4.727501
paging,q4,2,HASH_JOIN,5.071796
paging,q4,2,HASH_JOIN,5.102631000000001
paging,q4,2,LEFT_DELIM_JOIN,1.624326
paging,q4,2,LEFT_DELIM_JOIN,1.535585
paging,q4,2,LEFT_DELIM_JOIN,1.500282
paging,q4,2,LEFT_DELIM_JOIN,1.660333
paging,q4,2,LEFT_DELIM_JOIN,1.731732
paging,q4,2,LEFT_DELIM_JOIN,1.724043
paging,q4,2,MERGE_GROUP_BY,1.744117
paging,q4,2,MERGE_GROUP_BY,1.6734850000000001
paging,q4,2,MERGE_GROUP_BY,1.761247
paging,q4,2,MERGE_GROUP_BY,1.8223019999999999
paging,q4,2,MERGE_GROUP_BY,1.9398149999999998
paging,q4,2,MERGE_GROUP_BY,2.078325
paging,q4,2,MERGE_SORT,0.007433
paging,q4,2,MERGE_SORT,0.006485
paging,q4,2,MERGE_SORT,0.313336
paging,q4,2,MERGE_SORT,0.292884
paging,q4,2,MERGE_SORT,0.229224
paging,q4,2,MERGE_SORT,0.396454
paging,q4,2,ORDER_BY,0.156556
paging,q4,2,ORDER_BY,0.146208
paging,q4,2,ORDER_BY,0.179845
paging,q4,2,ORDER_BY,0.191109
paging,q4,2,ORDER_BY,0.270979
paging,q4,2,ORDER_BY,0.179358
paging,q4,2,PARTITION,0.15537499999999999
paging,q4,2,PARTITION,0.10096599999999999
paging,q4,2,PARTITION,0.150228
paging,q4,2,PARTITION,0.16785199999999997
paging,q4,2,PARTITION,0.3008679999999999
paging,q4,2,PARTITION,0.250611
paging,q4,2,PROJECTION,0.010057
paging,q4,2,PROJECTION,0.010401
paging,q4,2,PROJECTION,0.041042
paging,q4,2,PROJECTION,0.013412
paging,q4,2,PROJECTION,0.012763
paging,q4,2,PROJECTION,0.013158
paging,q4,2,RESULT_COLLECTOR,0.110217
paging,q4,2,RESULT_COLLECTOR,0.103519
paging,q4,2,RESULT_COLLECTOR,0.089118
paging,q4,2,RESULT_COLLECTOR,0.137315
paging,q4,2,RESULT_COLLECTOR,0.296352
paging,q4,2,RESULT_COLLECTOR,0.12837
paging,q4,2,SORT_PARTITION,0.005557
paging,q4,2,SORT_PARTITION,0.005254
paging,q4,2,SORT_PARTITION,0.172924
paging,q4,2,SORT_PARTITION,0.184833
paging,q4,2,SORT_PARTITION,0.216114
paging,q4,2,SORT_PARTITION,0.373061
paging,q4,2,SORT_SAMPLE,0.008599
paging,q4,2,SORT_SAMPLE,0.008125
paging,q4,2,SORT_SAMPLE,0.085044
paging,q4,2,SORT_SAMPLE,0.091314
paging,q4,2,SORT_SAMPLE,0.133241
paging,q4,2,SORT_SAMPLE,0.25383
paging,q4,3,CONCAT,1.271656
paging,q4,3,CONCAT,1.186433
paging,q4,3,CONCAT,1.455421
paging,q4,3,CONCAT,1.274172
paging,q4,3,CONCAT,1.27554
paging,q4,3,CONCAT,1.549357
paging,q4,3,DYNAMIC_FILTER,11.116701
paging,q4,3,DYNAMIC_FILTER,8.231525
paging,q4,3,DYNAMIC_FILTER,15.350811
paging,q4,3,DYNAMIC_FILTER,14.386597000000002
paging,q4,3,DYNAMIC_FILTER,5.9562219999999995
paging,q4,3,DYNAMIC_FILTER,10.678302
paging,q4,3,FILTER,8.867679
paging,q4,3,FILTER,8.291846
paging,q4,3,FILTER,4.350232999999999
paging,q4,3,FILTER,3.117746
paging,q4,3,FILTER,18.1768
paging,q4,3,FILTER,2.476547
paging,q4,3,GPU_SCAN,1445.0401959999997
paging,q4,3,GPU_SCAN,1401.6083090000002
paging,q4,3,GPU_SCAN,1457.201584
paging,q4,3,GPU_SCAN,1547.884851
paging,q4,3,GPU_SCAN,1371.862375
paging,q4,3,GPU_SCAN,1057.8840380000001
paging,q4,3,HASH_GROUP_BY,1.664481
paging,q4,3,HASH_GROUP_BY,1.543436
paging,q4,3,HASH_GROUP_BY,1.72765
paging,q4,3,HASH_GROUP_BY,2.081101
paging,q4,3,HASH_GROUP_BY,1.731796
paging,q4,3,HASH_GROUP_BY,1.891211
paging,q4,3,HASH_JOIN,4.626177
paging,q4,3,HASH_JOIN,4.824302
paging,q4,3,HASH_JOIN,4.767009
paging,q4,3,HASH_JOIN,5.093361
paging,q4,3,HASH_JOIN,5.315404
paging,q4,3,HASH_JOIN,5.035275
paging,q4,3,LEFT_DELIM_JOIN,2.165292
paging,q4,3,LEFT_DELIM_JOIN,1.613581
paging,q4,3,LEFT_DELIM_JOIN,1.65674
paging,q4,3,LEFT_DELIM_JOIN,1.697867
paging,q4,3,LEFT_DELIM_JOIN,1.6971440000000002
paging,q4,3,LEFT_DELIM_JOIN,1.627064
paging,q4,3,MERGE_GROUP_BY,1.840744
paging,q4,3,MERGE_GROUP_BY,1.841665
paging,q4,3,MERGE_GROUP_BY,2.047237
paging,q4,3,MERGE_GROUP_BY,2.002385
paging,q4,3,MERGE_GROUP_BY,1.829785
paging,q4,3,MERGE_GROUP_BY,1.756653
paging,q4,3,MERGE_SORT,0.008648
paging,q4,3,MERGE_SORT,0.009906
paging,q4,3,MERGE_SORT,0.253359
paging,q4,3,MERGE_SORT,0.217024
paging,q4,3,MERGE_SORT,0.234571
paging,q4,3,MERGE_SORT,0.259224
paging,q4,3,ORDER_BY,0.195613
paging,q4,3,ORDER_BY,0.167912
paging,q4,3,ORDER_BY,0.189187
paging,q4,3,ORDER_BY,0.15832
paging,q4,3,ORDER_BY,0.179306
paging,q4,3,ORDER_BY,0.225093
paging,q4,3,PARTITION,0.17882500000000004
paging,q4,3,PARTITION,0.135264
paging,q4,3,PARTITION,0.295622
paging,q4,3,PARTITION,0.230616
paging,q4,3,PARTITION,0.19891000000000003
paging,q4,3,PARTITION,0.242293
paging,q4,3,PROJECTION,0.014328
paging,q4,3,PROJECTION,0.042656
paging,q4,3,PROJECTION,0.014385
paging,q4,3,PROJECTION,0.009865
paging,q4,3,PROJECTION,0.023644
paging,q4,3,PROJECTION,0.013837
paging,q4,3,RESULT_COLLECTOR,0.197749
paging,q4,3,RESULT_COLLECTOR,0.142064
paging,q4,3,RESULT_COLLECTOR,0.115294
paging,q4,3,RESULT_COLLECTOR,0.115196
paging,q4,3,RESULT_COLLECTOR,0.108293
paging,q4,3,RESULT_COLLECTOR,0.134394
paging,q4,3,SORT_PARTITION,0.00634
paging,q4,3,SORT_PARTITION,0.005766
paging,q4,3,SORT_PARTITION,0.20166
paging,q4,3,SORT_PARTITION,0.168507
paging,q4,3,SORT_PARTITION,0.199087
paging,q4,3,SORT_PARTITION,0.183412
paging,q4,3,SORT_SAMPLE,0.011906
paging,q4,3,SORT_SAMPLE,0.007764
paging,q4,3,SORT_SAMPLE,0.103204
paging,q4,3,SORT_SAMPLE,0.088844
paging,q4,3,SORT_SAMPLE,0.107173
paging,q4,3,SORT_SAMPLE,0.09464
paging,q5,1,CONCAT,1.9925560000000002
paging,q5,1,CONCAT,2.3793290000000002
paging,q5,1,CONCAT,2.004301
paging,q5,1,CONCAT,1.792957
paging,q5,1,CONCAT,1.970654
paging,q5,1,CONCAT,1.526393
paging,q5,1,DYNAMIC_FILTER,12.869243999999998
paging,q5,1,DYNAMIC_FILTER,18.028126999999998
paging,q5,1,DYNAMIC_FILTER,15.453498999999999
paging,q5,1,DYNAMIC_FILTER,12.193152000000003
paging,q5,1,DYNAMIC_FILTER,13.314316999999999
paging,q5,1,DYNAMIC_FILTER,14.128255000000001
paging,q5,1,GPU_SCAN,3149.055758000001
paging,q5,1,GPU_SCAN,3157.3644309999995
paging,q5,1,GPU_SCAN,3164.357088
paging,q5,1,GPU_SCAN,3112.360527
paging,q5,1,GPU_SCAN,2991.9299659999997
paging,q5,1,GPU_SCAN,2986.082146
paging,q5,1,HASH_GROUP_BY,0.577811
paging,q5,1,HASH_GROUP_BY,0.454877
paging,q5,1,HASH_GROUP_BY,1.305277
paging,q5,1,HASH_GROUP_BY,0.460772
paging,q5,1,HASH_GROUP_BY,0.432105
paging,q5,1,HASH_GROUP_BY,0.51994
paging,q5,1,HASH_JOIN,10.863447
paging,q5,1,HASH_JOIN,12.574047
paging,q5,1,HASH_JOIN,11.398446000000002
paging,q5,1,HASH_JOIN,10.310058000000001
paging,q5,1,HASH_JOIN,11.005977
paging,q5,1,HASH_JOIN,10.416733
paging,q5,1,MERGE_GROUP_BY,0.012232
paging,q5,1,MERGE_GROUP_BY,0.009786
paging,q5,1,MERGE_GROUP_BY,0.007674
paging,q5,1,MERGE_GROUP_BY,0.006135
paging,q5,1,MERGE_GROUP_BY,0.006126
paging,q5,1,MERGE_GROUP_BY,0.005929
paging,q5,1,MERGE_SORT,0.855499
paging,q5,1,MERGE_SORT,0.986693
paging,q5,1,MERGE_SORT,0.360469
paging,q5,1,MERGE_SORT,0.48066
paging,q5,1,MERGE_SORT,0.325553
paging,q5,1,MERGE_SORT,0.323681
paging,q5,1,ORDER_BY,0.260254
paging,q5,1,ORDER_BY,0.17898
paging,q5,1,ORDER_BY,0.208212
paging,q5,1,ORDER_BY,0.142894
paging,q5,1,ORDER_BY,0.163326
paging,q5,1,ORDER_BY,0.161751
paging,q5,1,PARTITION,0.42719000000000007
paging,q5,1,PARTITION,0.43568400000000007
paging,q5,1,PARTITION,0.423895
paging,q5,1,PARTITION,0.2746289999999999
paging,q5,1,PARTITION,0.36332200000000003
paging,q5,1,PARTITION,0.301379
paging,q5,1,PROJECTION,0.132454
paging,q5,1,PROJECTION,0.103151
paging,q5,1,PROJECTION,0.171234
paging,q5,1,PROJECTION,0.094778
paging,q5,1,PROJECTION,0.095844
paging,q5,1,PROJECTION,0.11156
paging,q5,1,RESULT_COLLECTOR,0.089198
paging,q5,1,RESULT_COLLECTOR,0.111394
paging,q5,1,RESULT_COLLECTOR,0.132732
paging,q5,1,RESULT_COLLECTOR,0.112064
paging,q5,1,RESULT_COLLECTOR,0.082095
paging,q5,1,RESULT_COLLECTOR,0.09015
paging,q5,1,SORT_PARTITION,0.346948
paging,q5,1,SORT_PARTITION,0.334199
paging,q5,1,SORT_PARTITION,0.370152
paging,q5,1,SORT_PARTITION,0.313794
paging,q5,1,SORT_PARTITION,0.327073
paging,q5,1,SORT_PARTITION,0.390193
paging,q5,1,SORT_SAMPLE,0.047373
paging,q5,1,SORT_SAMPLE,0.026613
paging,q5,1,SORT_SAMPLE,0.034201
paging,q5,1,SORT_SAMPLE,0.021871
paging,q5,1,SORT_SAMPLE,0.026801
paging,q5,1,SORT_SAMPLE,0.029923
paging,q5,2,CONCAT,1.8254860000000002
paging,q5,2,CONCAT,1.8305839999999998
paging,q5,2,CONCAT,1.946082
paging,q5,2,CONCAT,2.520052
paging,q5,2,CONCAT,1.795064
paging,q5,2,CONCAT,1.498386
paging,q5,2,DYNAMIC_FILTER,14.713961000000001
paging,q5,2,DYNAMIC_FILTER,13.438863999999999
paging,q5,2,DYNAMIC_FILTER,16.879285
paging,q5,2,DYNAMIC_FILTER,14.745296000000002
paging,q5,2,DYNAMIC_FILTER,12.605344
paging,q5,2,DYNAMIC_FILTER,17.000999
paging,q5,2,GPU_SCAN,3098.2327540000006
paging,q5,2,GPU_SCAN,3112.6173820000004
paging,q5,2,GPU_SCAN,3140.0527770000003
paging,q5,2,GPU_SCAN,3127.1098979999992
paging,q5,2,GPU_SCAN,3114.7361319999995
paging,q5,2,GPU_SCAN,3124.7338300000006
paging,q5,2,HASH_GROUP_BY,0.463992
paging,q5,2,HASH_GROUP_BY,0.482507
paging,q5,2,HASH_GROUP_BY,1.576892
paging,q5,2,HASH_GROUP_BY,0.541733
paging,q5,2,HASH_GROUP_BY,0.476443
paging,q5,2,HASH_GROUP_BY,0.559825
paging,q5,2,HASH_JOIN,10.752332
paging,q5,2,HASH_JOIN,11.612232
paging,q5,2,HASH_JOIN,11.669240000000002
paging,q5,2,HASH_JOIN,12.122988000000001
paging,q5,2,HASH_JOIN,10.479576
paging,q5,2,HASH_JOIN,11.381295999999999
paging,q5,2,MERGE_GROUP_BY,0.00586
paging,q5,2,MERGE_GROUP_BY,0.009853
paging,q5,2,MERGE_GROUP_BY,0.058534
paging,q5,2,MERGE_GROUP_BY,0.010151
paging,q5,2,MERGE_GROUP_BY,0.00572
paging,q5,2,MERGE_GROUP_BY,0.007957
paging,q5,2,MERGE_SORT,0.355423
paging,q5,2,MERGE_SORT,0.339083
paging,q5,2,MERGE_SORT,1.279491
paging,q5,2,MERGE_SORT,0.674638
paging,q5,2,MERGE_SORT,0.341162
paging,q5,2,MERGE_SORT,0.413631
paging,q5,2,ORDER_BY,0.203805
paging,q5,2,ORDER_BY,0.174082
paging,q5,2,ORDER_BY,0.290204
paging,q5,2,ORDER_BY,0.17265
paging,q5,2,ORDER_BY,0.163748
paging,q5,2,ORDER_BY,0.217492
paging,q5,2,PARTITION,0.341884
paging,q5,2,PARTITION,0.46297100000000013
paging,q5,2,PARTITION,0.6600779999999999
paging,q5,2,PARTITION,0.5088710000000001
paging,q5,2,PARTITION,0.381205
paging,q5,2,PARTITION,0.5541569999999998
paging,q5,2,PROJECTION,0.100923
paging,q5,2,PROJECTION,0.105903
paging,q5,2,PROJECTION,0.165671
paging,q5,2,PROJECTION,0.115616
paging,q5,2,PROJECTION,0.099605
paging,q5,2,PROJECTION,0.114831
paging,q5,2,RESULT_COLLECTOR,0.104479
paging,q5,2,RESULT_COLLECTOR,0.097686
paging,q5,2,RESULT_COLLECTOR,0.351458
paging,q5,2,RESULT_COLLECTOR,0.174433
paging,q5,2,RESULT_COLLECTOR,0.083396
paging,q5,2,RESULT_COLLECTOR,0.121294
paging,q5,2,SORT_PARTITION,0.356663
paging,q5,2,SORT_PARTITION,0.350665
paging,q5,2,SORT_PARTITION,0.403126
paging,q5,2,SORT_PARTITION,0.386547
paging,q5,2,SORT_PARTITION,0.344321
paging,q5,2,SORT_PARTITION,0.39255
paging,q5,2,SORT_SAMPLE,0.029444
paging,q5,2,SORT_SAMPLE,0.028831
paging,q5,2,SORT_SAMPLE,0.044788
paging,q5,2,SORT_SAMPLE,0.028844
paging,q5,2,SORT_SAMPLE,0.027849
paging,q5,2,SORT_SAMPLE,0.033608
paging,q5,3,CONCAT,2.318344
paging,q5,3,CONCAT,2.027857
paging,q5,3,CONCAT,2.1389519999999997
paging,q5,3,CONCAT,2.157135
paging,q5,3,CONCAT,2.304699
paging,q5,3,CONCAT,2.523693
paging,q5,3,DYNAMIC_FILTER,13.904001000000001
paging,q5,3,DYNAMIC_FILTER,13.839909000000002
paging,q5,3,DYNAMIC_FILTER,15.055060000000001
paging,q5,3,DYNAMIC_FILTER,13.211870000000003
paging,q5,3,DYNAMIC_FILTER,12.833651000000001
paging,q5,3,DYNAMIC_FILTER,16.486509000000005
paging,q5,3,GPU_SCAN,3154.8352890000006
paging,q5,3,GPU_SCAN,3169.6435309999997
paging,q5,3,GPU_SCAN,3160.7973309999993
paging,q5,3,GPU_SCAN,3155.882641
paging,q5,3,GPU_SCAN,3227.1240960000005
paging,q5,3,GPU_SCAN,3043.5602150000004
paging,q5,3,HASH_GROUP_BY,0.633829
paging,q5,3,HASH_GROUP_BY,0.863516
paging,q5,3,HASH_GROUP_BY,0.872341
paging,q5,3,HASH_GROUP_BY,0.900157
paging,q5,3,HASH_GROUP_BY,0.499114
paging,q5,3,HASH_GROUP_BY,0.51904
paging,q5,3,HASH_JOIN,11.734651
paging,q5,3,HASH_JOIN,11.351439000000001
paging,q5,3,HASH_JOIN,10.385242
paging,q5,3,HASH_JOIN,10.783104999999999
paging,q5,3,HASH_JOIN,10.754199999999999
paging,q5,3,HASH_JOIN,10.497403
paging,q5,3,MERGE_GROUP_BY,0.036339
paging,q5,3,MERGE_GROUP_BY,0.010603
paging,q5,3,MERGE_GROUP_BY,0.005952
paging,q5,3,MERGE_GROUP_BY,0.007936
paging,q5,3,MERGE_GROUP_BY,0.028833
paging,q5,3,MERGE_GROUP_BY,0.012329
paging,q5,3,MERGE_SORT,0.310292
paging,q5,3,MERGE_SORT,0.5814
paging,q5,3,MERGE_SORT,0.319941
paging,q5,3,MERGE_SORT,1.093007
paging,q5,3,MERGE_SORT,0.776563
paging,q5,3,MERGE_SORT,0.77303
paging,q5,3,ORDER_BY,0.240953
paging,q5,3,ORDER_BY,0.334428
paging,q5,3,ORDER_BY,0.217554
paging,q5,3,ORDER_BY,0.525302
paging,q5,3,ORDER_BY,0.166383
paging,q5,3,ORDER_BY,0.153442
paging,q5,3,PARTITION,0.5465099999999999
paging,q5,3,PARTITION,0.582748
paging,q5,3,PARTITION,0.36764899999999995
paging,q5,3,PARTITION,0.443564
paging,q5,3,PARTITION,0.525909
paging,q5,3,PARTITION,0.6760800000000001
paging,q5,3,PROJECTION,0.151087
paging,q5,3,PROJECTION,0.198172
paging,q5,3,PROJECTION,0.094697
paging,q5,3,PROJECTION,0.238583
paging,q5,3,PROJECTION,0.10465
paging,q5,3,PROJECTION,0.11492
paging,q5,3,RESULT_COLLECTOR,0.23707
paging,q5,3,RESULT_COLLECTOR,0.136593
paging,q5,3,RESULT_COLLECTOR,0.087061
paging,q5,3,RESULT_COLLECTOR,0.131287
paging,q5,3,RESULT_COLLECTOR,0.310977
paging,q5,3,RESULT_COLLECTOR,0.154229
paging,q5,3,SORT_PARTITION,0.368291
paging,q5,3,SORT_PARTITION,0.374168
paging,q5,3,SORT_PARTITION,0.322188
paging,q5,3,SORT_PARTITION,0.366422
paging,q5,3,SORT_PARTITION,0.368763
paging,q5,3,SORT_PARTITION,0.393278
paging,q5,3,SORT_SAMPLE,0.041519
paging,q5,3,SORT_SAMPLE,0.029073
paging,q5,3,SORT_SAMPLE,0.025268
paging,q5,3,SORT_SAMPLE,0.064863
paging,q5,3,SORT_SAMPLE,0.0268
paging,q5,3,SORT_SAMPLE,0.027398
paging,q6,1,GPU_SCAN,2063.696685
paging,q6,1,GPU_SCAN,2040.002919
paging,q6,1,GPU_SCAN,2088.597192
paging,q6,1,GPU_SCAN,2082.52734
paging,q6,1,GPU_SCAN,2047.845551
paging,q6,1,GPU_SCAN,2053.298903
paging,q6,1,MERGE_AGGREGATE,0.919375
paging,q6,1,MERGE_AGGREGATE,0.612222
paging,q6,1,MERGE_AGGREGATE,0.732097
paging,q6,1,MERGE_AGGREGATE,0.136743
paging,q6,1,MERGE_AGGREGATE,0.644512
paging,q6,1,MERGE_AGGREGATE,0.681789
paging,q6,1,PROJECTION,9.135491
paging,q6,1,PROJECTION,1.329484
paging,q6,1,PROJECTION,7.314197
paging,q6,1,PROJECTION,5.794036999999999
paging,q6,1,PROJECTION,1.257713
paging,q6,1,PROJECTION,5.291901999999999
paging,q6,1,RESULT_COLLECTOR,0.251864
paging,q6,1,RESULT_COLLECTOR,0.214906
paging,q6,1,RESULT_COLLECTOR,0.247256
paging,q6,1,RESULT_COLLECTOR,0.208534
paging,q6,1,RESULT_COLLECTOR,0.206
paging,q6,1,RESULT_COLLECTOR,0.098706
paging,q6,1,UNGROUPED_AGGREGATE,8.568456
paging,q6,1,UNGROUPED_AGGREGATE,1.442202
paging,q6,1,UNGROUPED_AGGREGATE,4.37003
paging,q6,1,UNGROUPED_AGGREGATE,5.674302999999999
paging,q6,1,UNGROUPED_AGGREGATE,1.478453
paging,q6,1,UNGROUPED_AGGREGATE,2.624553
paging,q6,2,GPU_SCAN,1933.935022
paging,q6,2,GPU_SCAN,2055.0963489999995
paging,q6,2,GPU_SCAN,2042.2422330000002
paging,q6,2,GPU_SCAN,2035.0800160000001
paging,q6,2,GPU_SCAN,2054.4276000000004
paging,q6,2,GPU_SCAN,2058.151561
paging,q6,2,MERGE_AGGREGATE,0.763483
paging,q6,2,MERGE_AGGREGATE,0.639173
paging,q6,2,MERGE_AGGREGATE,0.185497
paging,q6,2,MERGE_AGGREGATE,0.622092
paging,q6,2,MERGE_AGGREGATE,0.602431
paging,q6,2,MERGE_AGGREGATE,0.151877
paging,q6,2,PROJECTION,2.528799
paging,q6,2,PROJECTION,1.5479349999999998
paging,q6,2,PROJECTION,1.086398
paging,q6,2,PROJECTION,8.658225999999999
paging,q6,2,PROJECTION,1.5470339999999998
paging,q6,2,PROJECTION,12.162035
paging,q6,2,RESULT_COLLECTOR,0.225183
paging,q6,2,RESULT_COLLECTOR,0.084159
paging,q6,2,RESULT_COLLECTOR,0.18412
paging,q6,2,RESULT_COLLECTOR,0.247824
paging,q6,2,RESULT_COLLECTOR,0.081963
paging,q6,2,RESULT_COLLECTOR,0.205542
paging,q6,2,UNGROUPED_AGGREGATE,17.091586000000003
paging,q6,2,UNGROUPED_AGGREGATE,1.936584
paging,q6,2,UNGROUPED_AGGREGATE,1.8284800000000003
paging,q6,2,UNGROUPED_AGGREGATE,1.6555819999999999
paging,q6,2,UNGROUPED_AGGREGATE,1.6470449999999999
paging,q6,2,UNGROUPED_AGGREGATE,2.5769480000000002
paging,q6,3,GPU_SCAN,2162.013853
paging,q6,3,GPU_SCAN,2190.7212579999996
paging,q6,3,GPU_SCAN,2165.998892
paging,q6,3,GPU_SCAN,2070.660309
paging,q6,3,GPU_SCAN,2084.692878
paging,q6,3,GPU_SCAN,2065.232125
paging,q6,3,MERGE_AGGREGATE,0.827748
paging,q6,3,MERGE_AGGREGATE,1.083847
paging,q6,3,MERGE_AGGREGATE,0.498843
paging,q6,3,MERGE_AGGREGATE,0.617458
paging,q6,3,MERGE_AGGREGATE,0.720493
paging,q6,3,MERGE_AGGREGATE,0.132946
paging,q6,3,PROJECTION,14.143147
paging,q6,3,PROJECTION,2.049708
paging,q6,3,PROJECTION,2.758261
paging,q6,3,PROJECTION,1.444157
paging,q6,3,PROJECTION,1.8265429999999998
paging,q6,3,PROJECTION,1.3001449999999999
paging,q6,3,RESULT_COLLECTOR,0.290705
paging,q6,3,RESULT_COLLECTOR,0.203278
paging,q6,3,RESULT_COLLECTOR,0.205691
paging,q6,3,RESULT_COLLECTOR,0.217135
paging,q6,3,RESULT_COLLECTOR,0.110368
paging,q6,3,RESULT_COLLECTOR,0.17708
paging,q6,3,UNGROUPED_AGGREGATE,14.682268
paging,q6,3,UNGROUPED_AGGREGATE,3.9370529999999997
paging,q6,3,UNGROUPED_AGGREGATE,2.429576
paging,q6,3,UNGROUPED_AGGREGATE,1.5399499999999997
paging,q6,3,UNGROUPED_AGGREGATE,9.095186
paging,q6,3,UNGROUPED_AGGREGATE,1.6736749999999998
paging,q7,1,CONCAT,3.2560779999999996
paging,q7,1,CONCAT,2.7402610000000003
paging,q7,1,CONCAT,3.317376999999999
paging,q7,1,CONCAT,3.1553290000000005
paging,q7,1,CONCAT,3.5124950000000004
paging,q7,1,CONCAT,3.1286769999999997
paging,q7,1,DYNAMIC_FILTER,13.127333
paging,q7,1,DYNAMIC_FILTER,13.814981
paging,q7,1,DYNAMIC_FILTER,17.009073999999995
paging,q7,1,DYNAMIC_FILTER,13.988949999999997
paging,q7,1,DYNAMIC_FILTER,16.018839
paging,q7,1,DYNAMIC_FILTER,13.329137000000003
paging,q7,1,FILTER,0.9241159999999999
paging,q7,1,FILTER,0.873662
paging,q7,1,FILTER,0.918095
paging,q7,1,FILTER,1.032089
paging,q7,1,FILTER,1.0272290000000002
paging,q7,1,FILTER,0.9209510000000001
paging,q7,1,GPU_SCAN,3315.344646
paging,q7,1,GPU_SCAN,3461.891822
paging,q7,1,GPU_SCAN,3810.6173299999996
paging,q7,1,GPU_SCAN,3435.1359870000006
paging,q7,1,GPU_SCAN,3717.609618
paging,q7,1,GPU_SCAN,3441.6015469999993
paging,q7,1,HASH_GROUP_BY,1.535389
paging,q7,1,HASH_GROUP_BY,1.44327
paging,q7,1,HASH_GROUP_BY,0.585638
paging,q7,1,HASH_GROUP_BY,0.675294
paging,q7,1,HASH_GROUP_BY,0.63179
paging,q7,1,HASH_GROUP_BY,1.354657
paging,q7,1,HASH_JOIN,12.868414
paging,q7,1,HASH_JOIN,12.569864
paging,q7,1,HASH_JOIN,11.986393
paging,q7,1,HASH_JOIN,14.405509999999998
paging,q7,1,HASH_JOIN,13.105027
paging,q7,1,HASH_JOIN,14.240124999999999
paging,q7,1,MERGE_GROUP_BY,0.028575
paging,q7,1,MERGE_GROUP_BY,0.013896
paging,q7,1,MERGE_GROUP_BY,0.031675
paging,q7,1,MERGE_GROUP_BY,0.030141
paging,q7,1,MERGE_GROUP_BY,0.0344
paging,q7,1,MERGE_GROUP_BY,0.009382
paging,q7,1,MERGE_SORT,0.867396
paging,q7,1,MERGE_SORT,0.748772
paging,q7,1,MERGE_SORT,1.312445
paging,q7,1,MERGE_SORT,2.77554
paging,q7,1,MERGE_SORT,0.833105
paging,q7,1,MERGE_SORT,1.038738
paging,q7,1,ORDER_BY,0.465967
paging,q7,1,ORDER_BY,0.427141
paging,q7,1,ORDER_BY,0.432905
paging,q7,1,ORDER_BY,0.606364
paging,q7,1,ORDER_BY,0.517597
paging,q7,1,ORDER_BY,0.528919
paging,q7,1,PARTITION,0.486543
paging,q7,1,PARTITION,0.269431
paging,q7,1,PARTITION,0.42274900000000004
paging,q7,1,PARTITION,0.6066919999999999
paging,q7,1,PARTITION,0.6376299999999999
paging,q7,1,PARTITION,0.42798400000000003
paging,q7,1,PROJECTION,0.149493
paging,q7,1,PROJECTION,0.128019
paging,q7,1,PROJECTION,0.12965
paging,q7,1,PROJECTION,0.149329
paging,q7,1,PROJECTION,0.137645
paging,q7,1,PROJECTION,0.11786
paging,q7,1,RESULT_COLLECTOR,0.485158
paging,q7,1,RESULT_COLLECTOR,0.167963
paging,q7,1,RESULT_COLLECTOR,0.310714
paging,q7,1,RESULT_COLLECTOR,0.295629
paging,q7,1,RESULT_COLLECTOR,0.335012
paging,q7,1,RESULT_COLLECTOR,0.108199
paging,q7,1,SORT_PARTITION,0.813235
paging,q7,1,SORT_PARTITION,0.740457
paging,q7,1,SORT_PARTITION,0.808024
paging,q7,1,SORT_PARTITION,0.85604
paging,q7,1,SORT_PARTITION,0.796873
paging,q7,1,SORT_PARTITION,0.682619
paging,q7,1,SORT_SAMPLE,0.16169
paging,q7,1,SORT_SAMPLE,0.135481
paging,q7,1,SORT_SAMPLE,0.23687
paging,q7,1,SORT_SAMPLE,0.178733
paging,q7,1,SORT_SAMPLE,0.171107
paging,q7,1,SORT_SAMPLE,0.145856
paging,q7,2,CONCAT,3.1893949999999998
paging,q7,2,CONCAT,3.1878349999999998
paging,q7,2,CONCAT,3.2889099999999996
paging,q7,2,CONCAT,3.3846279999999997
paging,q7,2,CONCAT,3.3968179999999997
paging,q7,2,CONCAT,3.2306940000000006
paging,q7,2,DYNAMIC_FILTER,19.465247
paging,q7,2,DYNAMIC_FILTER,13.927564
paging,q7,2,DYNAMIC_FILTER,16.098763
paging,q7,2,DYNAMIC_FILTER,14.097649
paging,q7,2,DYNAMIC_FILTER,14.720516000000002
paging,q7,2,DYNAMIC_FILTER,13.693053
paging,q7,2,FILTER,0.8983019999999999
paging,q7,2,FILTER,0.9989589999999999
paging,q7,2,FILTER,1.085867
paging,q7,2,FILTER,1.070042
paging,q7,2,FILTER,0.9933
paging,q7,2,FILTER,1.1928040000000002
paging,q7,2,GPU_SCAN,3859.4206050000003
paging,q7,2,GPU_SCAN,3683.1083020000005
paging,q7,2,GPU_SCAN,3607.321487
paging,q7,2,GPU_SCAN,3424.084414
paging,q7,2,GPU_SCAN,3577.6038230000004
paging,q7,2,GPU_SCAN,3426.7332960000003
paging,q7,2,HASH_GROUP_BY,1.360275
paging,q7,2,HASH_GROUP_BY,1.474075
paging,q7,2,HASH_GROUP_BY,0.685004
paging,q7,2,HASH_GROUP_BY,0.57936
paging,q7,2,HASH_GROUP_BY,0.629828
paging,q7,2,HASH_GROUP_BY,1.646579
paging,q7,2,HASH_JOIN,12.574296
paging,q7,2,HASH_JOIN,12.753900999999999
paging,q7,2,HASH_JOIN,13.086255000000001
paging,q7,2,HASH_JOIN,12.838715
paging,q7,2,HASH_JOIN,13.096744
paging,q7,2,HASH_JOIN,13.159714000000001
paging,q7,2,MERGE_GROUP_BY,0.018349
paging,q7,2,MERGE_GROUP_BY,0.013805
paging,q7,2,MERGE_GROUP_BY,0.032875
paging,q7,2,MERGE_GROUP_BY,0.042187
paging,q7,2,MERGE_GROUP_BY,0.015573
paging,q7,2,MERGE_GROUP_BY,0.011948
paging,q7,2,MERGE_SORT,0.753034
paging,q7,2,MERGE_SORT,0.917701
paging,q7,2,MERGE_SORT,2.901978
paging,q7,2,MERGE_SORT,1.964852
paging,q7,2,MERGE_SORT,0.972963
paging,q7,2,MERGE_SORT,1.728823
paging,q7,2,ORDER_BY,0.425649
paging,q7,2,ORDER_BY,0.549156
paging,q7,2,ORDER_BY,0.571595
paging,q7,2,ORDER_BY,0.414346
paging,q7,2,ORDER_BY,0.561066
paging,q7,2,ORDER_BY,0.47615
paging,q7,2,PARTITION,0.44374499999999995
paging,q7,2,PARTITION,0.45653699999999997
paging,q7,2,PARTITION,0.6833960000000001
paging,q7,2,PARTITION,0.554143
paging,q7,2,PARTITION,0.5817739999999999
paging,q7,2,PARTITION,0.7867940000000001
paging,q7,2,PROJECTION,0.119298
paging,q7,2,PROJECTION,0.133258
paging,q7,2,PROJECTION,0.151789
paging,q7,2,PROJECTION,0.121182
paging,q7,2,PROJECTION,0.149699
paging,q7,2,PROJECTION,0.147637
paging,q7,2,RESULT_COLLECTOR,0.191139
paging,q7,2,RESULT_COLLECTOR,0.112231
paging,q7,2,RESULT_COLLECTOR,0.354729
paging,q7,2,RESULT_COLLECTOR,0.275333
paging,q7,2,RESULT_COLLECTOR,0.197539
paging,q7,2,RESULT_COLLECTOR,0.166139
paging,q7,2,SORT_PARTITION,0.657926
paging,q7,2,SORT_PARTITION,0.801983
paging,q7,2,SORT_PARTITION,0.918537
paging,q7,2,SORT_PARTITION,0.715397
paging,q7,2,SORT_PARTITION,0.889139
paging,q7,2,SORT_PARTITION,2.383364
paging,q7,2,SORT_SAMPLE,0.141158
paging,q7,2,SORT_SAMPLE,0.170741
paging,q7,2,SORT_SAMPLE,0.189886
paging,q7,2,SORT_SAMPLE,0.143919
paging,q7,2,SORT_SAMPLE,0.186231
paging,q7,2,SORT_SAMPLE,0.872323
paging,q7,3,CONCAT,3.3892019999999996
paging,q7,3,CONCAT,2.902118
paging,q7,3,CONCAT,3.136711
paging,q7,3,CONCAT,3.8290800000000003
paging,q7,3,CONCAT,3.166811
paging,q7,3,CONCAT,3.418145
paging,q7,3,DYNAMIC_FILTER,15.768704
paging,q7,3,DYNAMIC_FILTER,17.057000999999996
paging,q7,3,DYNAMIC_FILTER,13.411586
paging,q7,3,DYNAMIC_FILTER,13.351702
paging,q7,3,DYNAMIC_FILTER,11.941036999999998
paging,q7,3,DYNAMIC_FILTER,14.027021
paging,q7,3,FILTER,1.048724
paging,q7,3,FILTER,0.992567
paging,q7,3,FILTER,0.9477789999999999
paging,q7,3,FILTER,1.055653
paging,q7,3,FILTER,0.918847
paging,q7,3,FILTER,0.9901930000000001
paging,q7,3,GPU_SCAN,3645.6038060000005
paging,q7,3,GPU_SCAN,3918.0968510000002
paging,q7,3,GPU_SCAN,3482.6666020000002
paging,q7,3,GPU_SCAN,3512.4372630000007
paging,q7,3,GPU_SCAN,3478.8902630000007
paging,q7,3,GPU_SCAN,3497.1573620000004
paging,q7,3,HASH_GROUP_BY,1.711784
paging,q7,3,HASH_GROUP_BY,1.432115
paging,q7,3,HASH_GROUP_BY,0.632537
paging,q7,3,HASH_GROUP_BY,0.653184
paging,q7,3,HASH_GROUP_BY,0.56044
paging,q7,3,HASH_GROUP_BY,1.72922
paging,q7,3,HASH_JOIN,12.233869999999998
paging,q7,3,HASH_JOIN,12.455667
paging,q7,3,HASH_JOIN,13.32657
paging,q7,3,HASH_JOIN,14.070307999999999
paging,q7,3,HASH_JOIN,12.283402
paging,q7,3,HASH_JOIN,12.915338999999998
paging,q7,3,MERGE_GROUP_BY,0.02566
paging,q7,3,MERGE_GROUP_BY,0.028917
paging,q7,3,MERGE_GROUP_BY,0.034621
paging,q7,3,MERGE_GROUP_BY,0.018936
paging,q7,3,MERGE_GROUP_BY,0.021778
paging,q7,3,MERGE_GROUP_BY,0.040863
paging,q7,3,MERGE_SORT,2.863891
paging,q7,3,MERGE_SORT,1.521452
paging,q7,3,MERGE_SORT,0.886312
paging,q7,3,MERGE_SORT,2.071009
paging,q7,3,MERGE_SORT,2.531235
paging,q7,3,MERGE_SORT,1.963429
paging,q7,3,ORDER_BY,0.478278
paging,q7,3,ORDER_BY,0.456841
paging,q7,3,ORDER_BY,0.61046
paging,q7,3,ORDER_BY,0.644835
paging,q7,3,ORDER_BY,0.422202
paging,q7,3,ORDER_BY,0.492932
paging,q7,3,PARTITION,0.486038
paging,q7,3,PARTITION,0.5234620000000001
paging,q7,3,PARTITION,0.6290980000000002
paging,q7,3,PARTITION,0.5854480000000001
paging,q7,3,PARTITION,0.409395
paging,q7,3,PARTITION,0.5024
paging,q7,3,PROJECTION,0.144948
paging,q7,3,PROJECTION,0.123631
paging,q7,3,PROJECTION,0.143218
paging,q7,3,PROJECTION,0.151315
paging,q7,3,PROJECTION,0.121061
paging,q7,3,PROJECTION,0.146641
paging,q7,3,RESULT_COLLECTOR,0.381158
paging,q7,3,RESULT_COLLECTOR,0.289075
paging,q7,3,RESULT_COLLECTOR,0.345006
paging,q7,3,RESULT_COLLECTOR,0.1571
paging,q7,3,RESULT_COLLECTOR,0.246763
paging,q7,3,RESULT_COLLECTOR,0.354654
paging,q7,3,SORT_PARTITION,0.865799
paging,q7,3,SORT_PARTITION,0.715471
paging,q7,3,SORT_PARTITION,0.83464
paging,q7,3,SORT_PARTITION,0.992667
paging,q7,3,SORT_PARTITION,0.676371
paging,q7,3,SORT_PARTITION,0.856396
paging,q7,3,SORT_SAMPLE,0.160295
paging,q7,3,SORT_SAMPLE,0.150656
paging,q7,3,SORT_SAMPLE,0.18576
paging,q7,3,SORT_SAMPLE,0.287727
paging,q7,3,SORT_SAMPLE,0.142165
paging,q7,3,SORT_SAMPLE,0.164428
paging,q8,1,CONCAT,3.1231380000000004
paging,q8,1,CONCAT,3.442233999999999
paging,q8,1,CONCAT,3.3307949999999997
paging,q8,1,CONCAT,3.4193039999999995
paging,q8,1,CONCAT,3.4049050000000003
paging,q8,1,CONCAT,3.5775490000000008
paging,q8,1,DYNAMIC_FILTER,26.024475
paging,q8,1,DYNAMIC_FILTER,26.941561999999998
paging,q8,1,DYNAMIC_FILTER,23.576325999999998
paging,q8,1,DYNAMIC_FILTER,23.896492
paging,q8,1,DYNAMIC_FILTER,21.182234000000005
paging,q8,1,DYNAMIC_FILTER,23.389152999999997
paging,q8,1,GPU_SCAN,4363.687464000001
paging,q8,1,GPU_SCAN,4376.42233
paging,q8,1,GPU_SCAN,4570.457603999999
paging,q8,1,GPU_SCAN,4295.781607
paging,q8,1,GPU_SCAN,4189.678567
paging,q8,1,GPU_SCAN,4271.343986
paging,q8,1,HASH_GROUP_BY,0.551317
paging,q8,1,HASH_GROUP_BY,0.396071
paging,q8,1,HASH_GROUP_BY,0.293869
paging,q8,1,HASH_GROUP_BY,0.309617
paging,q8,1,HASH_GROUP_BY,0.279585
paging,q8,1,HASH_GROUP_BY,0.376865
paging,q8,1,HASH_JOIN,15.500026000000002
paging,q8,1,HASH_JOIN,15.300339000000001
paging,q8,1,HASH_JOIN,14.85307
paging,q8,1,HASH_JOIN,15.274771999999999
paging,q8,1,HASH_JOIN,15.647271
paging,q8,1,HASH_JOIN,16.032633999999998
paging,q8,1,MERGE_GROUP_BY,0.006072
paging,q8,1,MERGE_GROUP_BY,0.009639
paging,q8,1,MERGE_GROUP_BY,0.006299
paging,q8,1,MERGE_GROUP_BY,0.006272
paging,q8,1,MERGE_GROUP_BY,0.013871
paging,q8,1,MERGE_GROUP_BY,0.007994
paging,q8,1,MERGE_SORT,0.009365
paging,q8,1,MERGE_SORT,0.013854
paging,q8,1,MERGE_SORT,0.005875
paging,q8,1,MERGE_SORT,0.012845
paging,q8,1,MERGE_SORT,0.00545
paging,q8,1,MERGE_SORT,0.008841
paging,q8,1,ORDER_BY,0.167465
paging,q8,1,ORDER_BY,0.067646
paging,q8,1,ORDER_BY,0.060884
paging,q8,1,ORDER_BY,0.147134
paging,q8,1,ORDER_BY,0.100455
paging,q8,1,ORDER_BY,0.074308
paging,q8,1,PARTITION,0.48451599999999995
paging,q8,1,PARTITION,0.4818019999999999
paging,q8,1,PARTITION,0.42184699999999997
paging,q8,1,PARTITION,0.44542000000000004
paging,q8,1,PARTITION,0.5331559999999999
paging,q8,1,PARTITION,0.520967
paging,q8,1,PROJECTION,0.811673
paging,q8,1,PROJECTION,0.405617
paging,q8,1,PROJECTION,0.346922
paging,q8,1,PROJECTION,0.47569300000000003
paging,q8,1,PROJECTION,0.422136
paging,q8,1,PROJECTION,0.472966
paging,q8,1,RESULT_COLLECTOR,0.110823
paging,q8,1,RESULT_COLLECTOR,0.11259
paging,q8,1,RESULT_COLLECTOR,0.079753
paging,q8,1,RESULT_COLLECTOR,0.078461
paging,q8,1,RESULT_COLLECTOR,0.13473
paging,q8,1,RESULT_COLLECTOR,0.106833
paging,q8,1,SORT_PARTITION,0.008984
paging,q8,1,SORT_PARTITION,0.005935
paging,q8,1,SORT_PARTITION,0.0049
paging,q8,1,SORT_PARTITION,0.004928
paging,q8,1,SORT_PARTITION,0.004884
paging,q8,1,SORT_PARTITION,0.006384
paging,q8,1,SORT_SAMPLE,0.013625
paging,q8,1,SORT_SAMPLE,0.009814
paging,q8,1,SORT_SAMPLE,0.008511
paging,q8,1,SORT_SAMPLE,0.00803
paging,q8,1,SORT_SAMPLE,0.00893
paging,q8,1,SORT_SAMPLE,0.010819
paging,q8,2,CONCAT,4.170674
paging,q8,2,CONCAT,3.958584
paging,q8,2,CONCAT,3.7149620000000003
paging,q8,2,CONCAT,3.4869710000000005
paging,q8,2,CONCAT,3.7092259999999997
paging,q8,2,CONCAT,3.5347720000000002
paging,q8,2,DYNAMIC_FILTER,25.233398
paging,q8,2,DYNAMIC_FILTER,29.146911999999997
paging,q8,2,DYNAMIC_FILTER,25.679412000000003
paging,q8,2,DYNAMIC_FILTER,24.025162000000005
paging,q8,2,DYNAMIC_FILTER,26.402536999999995
paging,q8,2,DYNAMIC_FILTER,23.359116999999998
paging,q8,2,GPU_SCAN,4514.070415
paging,q8,2,GPU_SCAN,4534.892265999999
paging,q8,2,GPU_SCAN,4386.274724999999
paging,q8,2,GPU_SCAN,4269.14193
paging,q8,2,GPU_SCAN,4578.595343
paging,q8,2,GPU_SCAN,4419.649974
paging,q8,2,HASH_GROUP_BY,0.34763
paging,q8,2,HASH_GROUP_BY,0.382165
paging,q8,2,HASH_GROUP_BY,0.436178
paging,q8,2,HASH_GROUP_BY,0.279689
paging,q8,2,HASH_GROUP_BY,0.43582
paging,q8,2,HASH_GROUP_BY,0.332249
paging,q8,2,HASH_JOIN,15.082089
paging,q8,2,HASH_JOIN,15.848521999999999
paging,q8,2,HASH_JOIN,15.756193
paging,q8,2,HASH_JOIN,15.635248
paging,q8,2,HASH_JOIN,15.589079
paging,q8,2,HASH_JOIN,16.232421
paging,q8,2,MERGE_GROUP_BY,0.009301
paging,q8,2,MERGE_GROUP_BY,0.027024
paging,q8,2,MERGE_GROUP_BY,0.016389
paging,q8,2,MERGE_GROUP_BY,0.026114
paging,q8,2,MERGE_GROUP_BY,0.022695
paging,q8,2,MERGE_GROUP_BY,0.009951
paging,q8,2,MERGE_SORT,0.008292
paging,q8,2,MERGE_SORT,0.012322
paging,q8,2,MERGE_SORT,0.005792
paging,q8,2,MERGE_SORT,0.005694
paging,q8,2,MERGE_SORT,0.007611
paging,q8,2,MERGE_SORT,0.015668
paging,q8,2,ORDER_BY,0.12705
paging,q8,2,ORDER_BY,0.079967
paging,q8,2,ORDER_BY,0.098511
paging,q8,2,ORDER_BY,0.164111
paging,q8,2,ORDER_BY,0.164028
paging,q8,2,ORDER_BY,0.067407
paging,q8,2,PARTITION,0.6837019999999997
paging,q8,2,PARTITION,0.608672
paging,q8,2,PARTITION,0.468955
paging,q8,2,PARTITION,0.46526
paging,q8,2,PARTITION,0.548348
paging,q8,2,PARTITION,0.576723
paging,q8,2,PROJECTION,0.43144699999999997
paging,q8,2,PROJECTION,0.509962
paging,q8,2,PROJECTION,0.410566
paging,q8,2,PROJECTION,0.486383
paging,q8,2,PROJECTION,0.513112
paging,q8,2,PROJECTION,0.380908
paging,q8,2,RESULT_COLLECTOR,0.141583
paging,q8,2,RESULT_COLLECTOR,0.241881
paging,q8,2,RESULT_COLLECTOR,0.1217
paging,q8,2,RESULT_COLLECTOR,0.172526
paging,q8,2,RESULT_COLLECTOR,0.092425
paging,q8,2,RESULT_COLLECTOR,0.077931
paging,q8,2,SORT_PARTITION,0.005806
paging,q8,2,SORT_PARTITION,0.008089
paging,q8,2,SORT_PARTITION,0.004887
paging,q8,2,SORT_PARTITION,0.00499
paging,q8,2,SORT_PARTITION,0.007222
paging,q8,2,SORT_PARTITION,0.00504
paging,q8,2,SORT_SAMPLE,0.010379
paging,q8,2,SORT_SAMPLE,0.011346
paging,q8,2,SORT_SAMPLE,0.008207
paging,q8,2,SORT_SAMPLE,0.008483
paging,q8,2,SORT_SAMPLE,0.008915
paging,q8,2,SORT_SAMPLE,0.008918
paging,q8,3,CONCAT,2.96732
paging,q8,3,CONCAT,3.3076129999999995
paging,q8,3,CONCAT,3.4307760000000003
paging,q8,3,CONCAT,3.74327
paging,q8,3,CONCAT,3.1296010000000005
paging,q8,3,CONCAT,3.889754
paging,q8,3,DYNAMIC_FILTER,22.054450000000003
paging,q8,3,DYNAMIC_FILTER,23.854488000000003
paging,q8,3,DYNAMIC_FILTER,27.124492999999998
paging,q8,3,DYNAMIC_FILTER,23.481536000000002
paging,q8,3,DYNAMIC_FILTER,21.781326
paging,q8,3,DYNAMIC_FILTER,26.364075999999994
paging,q8,3,GPU_SCAN,4391.246448000001
paging,q8,3,GPU_SCAN,4469.538261999999
paging,q8,3,GPU_SCAN,4458.271078000001
paging,q8,3,GPU_SCAN,4525.740649
paging,q8,3,GPU_SCAN,4282.253552
paging,q8,3,GPU_SCAN,4602.690237000001
paging,q8,3,HASH_GROUP_BY,0.28892
paging,q8,3,HASH_GROUP_BY,0.29159
paging,q8,3,HASH_GROUP_BY,0.364143
paging,q8,3,HASH_GROUP_BY,0.440998
paging,q8,3,HASH_GROUP_BY,0.305509
paging,q8,3,HASH_GROUP_BY,0.334325
paging,q8,3,HASH_JOIN,14.872482
paging,q8,3,HASH_JOIN,15.23396
paging,q8,3,HASH_JOIN,15.982953000000002
paging,q8,3,HASH_JOIN,15.361825
paging,q8,3,HASH_JOIN,15.288884
paging,q8,3,HASH_JOIN,15.778902
paging,q8,3,MERGE_GROUP_BY,0.013694
paging,q8,3,MERGE_GROUP_BY,0.020375
paging,q8,3,MERGE_GROUP_BY,0.061178
paging,q8,3,MERGE_GROUP_BY,0.020255
paging,q8,3,MERGE_GROUP_BY,0.081003
paging,q8,3,MERGE_GROUP_BY,0.023807
paging,q8,3,MERGE_SORT,0.006246
paging,q8,3,MERGE_SORT,0.005691
paging,q8,3,MERGE_SORT,0.025468
paging,q8,3,MERGE_SORT,0.005065
paging,q8,3,MERGE_SORT,0.006869
paging,q8,3,MERGE_SORT,0.010195
paging,q8,3,ORDER_BY,0.09937
paging,q8,3,ORDER_BY,0.07772
paging,q8,3,ORDER_BY,0.071957
paging,q8,3,ORDER_BY,0.07995
paging,q8,3,ORDER_BY,0.063282
paging,q8,3,ORDER_BY,0.069079
paging,q8,3,PARTITION,0.362011
paging,q8,3,PARTITION,0.483209
paging,q8,3,PARTITION,0.628639
paging,q8,3,PARTITION,0.5940629999999998
paging,q8,3,PARTITION,0.546488
paging,q8,3,PARTITION,0.6222420000000001
paging,q8,3,PROJECTION,0.364931
paging,q8,3,PROJECTION,0.394847
paging,q8,3,PROJECTION,0.45044500000000004
paging,q8,3,PROJECTION,0.399508
paging,q8,3,PROJECTION,0.38206599999999996
paging,q8,3,PROJECTION,0.43419199999999997
paging,q8,3,RESULT_COLLECTOR,0.148065
paging,q8,3,RESULT_COLLECTOR,0.189209
paging,q8,3,RESULT_COLLECTOR,0.207978
paging,q8,3,RESULT_COLLECTOR,0.19115
paging,q8,3,RESULT_COLLECTOR,0.187024
paging,q8,3,RESULT_COLLECTOR,0.217174
paging,q8,3,SORT_PARTITION,0.005407
paging,q8,3,SORT_PARTITION,0.005003
paging,q8,3,SORT_PARTITION,0.006346
paging,q8,3,SORT_PARTITION,0.004914
paging,q8,3,SORT_PARTITION,0.005435
paging,q8,3,SORT_PARTITION,0.004746
paging,q8,3,SORT_SAMPLE,0.008732
paging,q8,3,SORT_SAMPLE,0.007815
paging,q8,3,SORT_SAMPLE,0.010113
paging,q8,3,SORT_SAMPLE,0.008183
paging,q8,3,SORT_SAMPLE,0.008934
paging,q8,3,SORT_SAMPLE,0.01024
paging,q9,1,CONCAT,11.882774
paging,q9,1,CONCAT,16.327465
paging,q9,1,CONCAT,15.513318
paging,q9,1,CONCAT,14.935282
paging,q9,1,CONCAT,15.289894
paging,q9,1,CONCAT,14.43145
paging,q9,1,DYNAMIC_FILTER,32.17519
paging,q9,1,DYNAMIC_FILTER,41.13957
paging,q9,1,DYNAMIC_FILTER,32.544202
paging,q9,1,DYNAMIC_FILTER,31.020874
paging,q9,1,DYNAMIC_FILTER,38.759249
paging,q9,1,DYNAMIC_FILTER,38.884018000000005
paging,q9,1,GPU_SCAN,4846.626457
paging,q9,1,GPU_SCAN,4297.963802999999
paging,q9,1,GPU_SCAN,4639.538529999999
paging,q9,1,GPU_SCAN,4591.172324000002
paging,q9,1,GPU_SCAN,4593.184510000001
paging,q9,1,GPU_SCAN,4288.331965
paging,q9,1,HASH_GROUP_BY,2.58738
paging,q9,1,HASH_GROUP_BY,2.671997
paging,q9,1,HASH_GROUP_BY,2.560335
paging,q9,1,HASH_GROUP_BY,2.606567
paging,q9,1,HASH_GROUP_BY,2.627775
paging,q9,1,HASH_GROUP_BY,2.601028
paging,q9,1,HASH_JOIN,117.595655
paging,q9,1,HASH_JOIN,116.99339099999999
paging,q9,1,HASH_JOIN,114.793241
paging,q9,1,HASH_JOIN,115.239846
paging,q9,1,HASH_JOIN,114.18767899999999
paging,q9,1,HASH_JOIN,116.49297800000001
paging,q9,1,MERGE_GROUP_BY,0.053264
paging,q9,1,MERGE_GROUP_BY,0.024488
paging,q9,1,MERGE_GROUP_BY,0.053841
paging,q9,1,MERGE_GROUP_BY,0.070341
paging,q9,1,MERGE_GROUP_BY,0.015449
paging,q9,1,MERGE_GROUP_BY,0.055287
paging,q9,1,MERGE_SORT,0.793418
paging,q9,1,MERGE_SORT,0.851496
paging,q9,1,MERGE_SORT,0.759086
paging,q9,1,MERGE_SORT,0.212568
paging,q9,1,MERGE_SORT,0.816956
paging,q9,1,MERGE_SORT,0.219808
paging,q9,1,ORDER_BY,0.658746
paging,q9,1,ORDER_BY,0.730693
paging,q9,1,ORDER_BY,0.653062
paging,q9,1,ORDER_BY,1.078797
paging,q9,1,ORDER_BY,0.667964
paging,q9,1,ORDER_BY,0.763242
paging,q9,1,PARTITION,0.6438820000000002
paging,q9,1,PARTITION,1.0430759999999997
paging,q9,1,PARTITION,0.7288930000000001
paging,q9,1,PARTITION,0.57007
paging,q9,1,PARTITION,0.6194920000000002
paging,q9,1,PARTITION,1.1448939999999999
paging,q9,1,PROJECTION,4.454955
paging,q9,1,PROJECTION,2.088703
paging,q9,1,PROJECTION,2.060983
paging,q9,1,PROJECTION,2.062456
paging,q9,1,PROJECTION,2.057594
paging,q9,1,PROJECTION,2.075431
paging,q9,1,RESULT_COLLECTOR,0.299794
paging,q9,1,RESULT_COLLECTOR,0.140518
paging,q9,1,RESULT_COLLECTOR,0.301032
paging,q9,1,RESULT_COLLECTOR,0.276134
paging,q9,1,RESULT_COLLECTOR,0.09397
paging,q9,1,RESULT_COLLECTOR,0.29665
paging,q9,1,SORT_PARTITION,0.308141
paging,q9,1,SORT_PARTITION,0.347383
paging,q9,1,SORT_PARTITION,0.284889
paging,q9,1,SORT_PARTITION,0.298688
paging,q9,1,SORT_PARTITION,0.295129
paging,q9,1,SORT_PARTITION,0.337511
paging,q9,1,SORT_SAMPLE,0.090425
paging,q9,1,SORT_SAMPLE,0.103533
paging,q9,1,SORT_SAMPLE,0.081152
paging,q9,1,SORT_SAMPLE,0.140543
paging,q9,1,SORT_SAMPLE,0.085767
paging,q9,1,SORT_SAMPLE,0.161838
paging,q9,2,CONCAT,11.881464000000001
paging,q9,2,CONCAT,15.412190000000002
paging,q9,2,CONCAT,15.366906
paging,q9,2,CONCAT,15.608036
paging,q9,2,CONCAT,14.648809
paging,q9,2,CONCAT,14.131435
paging,q9,2,DYNAMIC_FILTER,34.596023
paging,q9,2,DYNAMIC_FILTER,41.788736
paging,q9,2,DYNAMIC_FILTER,34.00030700000001
paging,q9,2,DYNAMIC_FILTER,39.620787
paging,q9,2,DYNAMIC_FILTER,31.965726
paging,q9,2,DYNAMIC_FILTER,44.117112000000006
paging,q9,2,GPU_SCAN,4916.463123999999
paging,q9,2,GPU_SCAN,4525.655754999998
paging,q9,2,GPU_SCAN,4601.786856999998
paging,q9,2,GPU_SCAN,4660.109579999998
paging,q9,2,GPU_SCAN,4599.307601
paging,q9,2,GPU_SCAN,4634.075723
paging,q9,2,HASH_GROUP_BY,2.70111
paging,q9,2,HASH_GROUP_BY,2.71884
paging,q9,2,HASH_GROUP_BY,2.881748
paging,q9,2,HASH_GROUP_BY,2.631532
paging,q9,2,HASH_GROUP_BY,2.682634
paging,q9,2,HASH_GROUP_BY,2.641817
paging,q9,2,HASH_JOIN,116.06705400000001
paging,q9,2,HASH_JOIN,116.06582800000001
paging,q9,2,HASH_JOIN,117.20706200000001
paging,q9,2,HASH_JOIN,114.380158
paging,q9,2,HASH_JOIN,116.369298
paging,q9,2,HASH_JOIN,116.064584
paging,q9,2,MERGE_GROUP_BY,0.01545
paging,q9,2,MERGE_GROUP_BY,0.053086
paging,q9,2,MERGE_GROUP_BY,0.056363
paging,q9,2,MERGE_GROUP_BY,0.056937
paging,q9,2,MERGE_GROUP_BY,0.056968
paging,q9,2,MERGE_GROUP_BY,0.025618
paging,q9,2,MERGE_SORT,0.781762
paging,q9,2,MERGE_SORT,0.246164
paging,q9,2,MERGE_SORT,0.789884
paging,q9,2,MERGE_SORT,0.833887
paging,q9,2,MERGE_SORT,0.836238
paging,q9,2,MERGE_SORT,0.823586
paging,q9,2,ORDER_BY,0.885779
paging,q9,2,ORDER_BY,1.084366
paging,q9,2,ORDER_BY,1.108533
paging,q9,2,ORDER_BY,0.699968
paging,q9,2,ORDER_BY,1.147539
paging,q9,2,ORDER_BY,1.129624
paging,q9,2,PARTITION,0.8942769999999998
paging,q9,2,PARTITION,0.8792030000000001
paging,q9,2,PARTITION,1.296918
paging,q9,2,PARTITION,1.080645
paging,q9,2,PARTITION,1.1210840000000002
paging,q9,2,PARTITION,0.9581270000000002
paging,q9,2,PROJECTION,4.459865
paging,q9,2,PROJECTION,2.08622
paging,q9,2,PROJECTION,2.084495
paging,q9,2,PROJECTION,2.093928
paging,q9,2,PROJECTION,2.07058
paging,q9,2,PROJECTION,2.076337
paging,q9,2,RESULT_COLLECTOR,0.104179
paging,q9,2,RESULT_COLLECTOR,0.250719
paging,q9,2,RESULT_COLLECTOR,0.310733
paging,q9,2,RESULT_COLLECTOR,0.370906
paging,q9,2,RESULT_COLLECTOR,0.337404
paging,q9,2,RESULT_COLLECTOR,0.156914
paging,q9,2,SORT_PARTITION,0.297703
paging,q9,2,SORT_PARTITION,0.348349
paging,q9,2,SORT_PARTITION,0.363775
paging,q9,2,SORT_PARTITION,0.330264
paging,q9,2,SORT_PARTITION,0.313853
paging,q9,2,SORT_PARTITION,0.353877
paging,q9,2,SORT_SAMPLE,0.092606
paging,q9,2,SORT_SAMPLE,0.207122
paging,q9,2,SORT_SAMPLE,0.187408
paging,q9,2,SORT_SAMPLE,0.174482
paging,q9,2,SORT_SAMPLE,0.175646
paging,q9,2,SORT_SAMPLE,0.189633
paging,q9,3,CONCAT,12.715809
paging,q9,3,CONCAT,13.891728
paging,q9,3,CONCAT,15.096419999999998
paging,q9,3,CONCAT,14.907478
paging,q9,3,CONCAT,15.904686000000002
paging,q9,3,CONCAT,14.071136999999998
paging,q9,3,DYNAMIC_FILTER,36.295616
paging,q9,3,DYNAMIC_FILTER,36.160129999999995
paging,q9,3,DYNAMIC_FILTER,48.285654
paging,q9,3,DYNAMIC_FILTER,33.34694800000001
paging,q9,3,DYNAMIC_FILTER,29.830154
paging,q9,3,DYNAMIC_FILTER,36.524753000000004
paging,q9,3,GPU_SCAN,4657.964803999999
paging,q9,3,GPU_SCAN,4629.216255999998
paging,q9,3,GPU_SCAN,4756.393108000001
paging,q9,3,GPU_SCAN,4610.580572
paging,q9,3,GPU_SCAN,4383.754345000001
paging,q9,3,GPU_SCAN,4619.801537
paging,q9,3,HASH_GROUP_BY,2.622867
paging,q9,3,HASH_GROUP_BY,2.729168
paging,q9,3,HASH_GROUP_BY,3.435084
paging,q9,3,HASH_GROUP_BY,2.613643
paging,q9,3,HASH_GROUP_BY,2.608625
paging,q9,3,HASH_GROUP_BY,2.654093
paging,q9,3,HASH_JOIN,117.328528
paging,q9,3,HASH_JOIN,116.44673200000001
paging,q9,3,HASH_JOIN,114.75920500000001
paging,q9,3,HASH_JOIN,114.844447
paging,q9,3,HASH_JOIN,114.518565
paging,q9,3,HASH_JOIN,116.273729
paging,q9,3,MERGE_GROUP_BY,0.055818
paging,q9,3,MERGE_GROUP_BY,0.022188
paging,q9,3,MERGE_GROUP_BY,0.060986
paging,q9,3,MERGE_GROUP_BY,0.016832
paging,q9,3,MERGE_GROUP_BY,0.05466
paging,q9,3,MERGE_GROUP_BY,0.049049
paging,q9,3,MERGE_SORT,0.216145
paging,q9,3,MERGE_SORT,0.572974
paging,q9,3,MERGE_SORT,0.250797
paging,q9,3,MERGE_SORT,0.770336
paging,q9,3,MERGE_SORT,0.211906
paging,q9,3,MERGE_SORT,0.748046
paging,q9,3,ORDER_BY,0.662563
paging,q9,3,ORDER_BY,1.260527
paging,q9,3,ORDER_BY,0.687434
paging,q9,3,ORDER_BY,0.667115
paging,q9,3,ORDER_BY,1.074075
paging,q9,3,ORDER_BY,1.091336
paging,q9,3,PARTITION,0.731215
paging,q9,3,PARTITION,1.2120279999999999
paging,q9,3,PARTITION,0.804513
paging,q9,3,PARTITION,0.5812380000000001
paging,q9,3,PARTITION,0.9434210000000001
paging,q9,3,PARTITION,0.8060849999999998
paging,q9,3,PROJECTION,4.677396
paging,q9,3,PROJECTION,2.083532
paging,q9,3,PROJECTION,2.158208
paging,q9,3,PROJECTION,2.284618
paging,q9,3,PROJECTION,2.077506
paging,q9,3,PROJECTION,2.059407
paging,q9,3,RESULT_COLLECTOR,0.344742
paging,q9,3,RESULT_COLLECTOR,0.125419
paging,q9,3,RESULT_COLLECTOR,0.292441
paging,q9,3,RESULT_COLLECTOR,0.1133
paging,q9,3,RESULT_COLLECTOR,0.28706
paging,q9,3,RESULT_COLLECTOR,0.255782
paging,q9,3,SORT_PARTITION,0.314261
paging,q9,3,SORT_PARTITION,0.361961
paging,q9,3,SORT_PARTITION,0.350723
paging,q9,3,SORT_PARTITION,0.332828
paging,q9,3,SORT_PARTITION,0.322423
paging,q9,3,SORT_PARTITION,0.313635
paging,q9,3,SORT_SAMPLE,0.088901
paging,q9,3,SORT_SAMPLE,0.182683
paging,q9,3,SORT_SAMPLE,0.103132
paging,q9,3,SORT_SAMPLE,0.089962
paging,q9,3,SORT_SAMPLE,0.158176
paging,q9,3,SORT_SAMPLE,0.153706
paging,q10,1,CONCAT,1.322569
paging,q10,1,CONCAT,1.521984
paging,q10,1,CONCAT,1.5775949999999999
paging,q10,1,CONCAT,1.566293
paging,q10,1,CONCAT,1.698696
paging,q10,1,CONCAT,1.674132
paging,q10,1,DYNAMIC_FILTER,5.432494999999999
paging,q10,1,DYNAMIC_FILTER,4.223216
paging,q10,1,DYNAMIC_FILTER,6.821937
paging,q10,1,DYNAMIC_FILTER,3.8354259999999996
paging,q10,1,DYNAMIC_FILTER,5.362609
paging,q10,1,DYNAMIC_FILTER,3.086238
paging,q10,1,GPU_SCAN,2383.254736
paging,q10,1,GPU_SCAN,2163.8331390000003
paging,q10,1,GPU_SCAN,2390.7656759999995
paging,q10,1,GPU_SCAN,2170.036822
paging,q10,1,GPU_SCAN,2229.0601570000003
paging,q10,1,GPU_SCAN,2163.144931
paging,q10,1,HASH_GROUP_BY,18.021957
paging,q10,1,HASH_GROUP_BY,16.71265
paging,q10,1,HASH_GROUP_BY,16.979321
paging,q10,1,HASH_GROUP_BY,16.848826
paging,q10,1,HASH_GROUP_BY,16.707619
paging,q10,1,HASH_GROUP_BY,17.667147
paging,q10,1,HASH_JOIN,25.982148000000002
paging,q10,1,HASH_JOIN,26.669567
paging,q10,1,HASH_JOIN,27.127221
paging,q10,1,HASH_JOIN,27.186838
paging,q10,1,HASH_JOIN,27.175449
paging,q10,1,HASH_JOIN,27.714209
paging,q10,1,MERGE_GROUP_BY,0.067102
paging,q10,1,MERGE_GROUP_BY,0.066424
paging,q10,1,MERGE_GROUP_BY,0.072767
paging,q10,1,MERGE_GROUP_BY,0.066946
paging,q10,1,MERGE_GROUP_BY,0.080317
paging,q10,1,MERGE_GROUP_BY,0.023392
paging,q10,1,MERGE_SORT,14.822523
paging,q10,1,MERGE_SORT,13.351889
paging,q10,1,MERGE_SORT,15.094815
paging,q10,1,MERGE_SORT,15.767955
paging,q10,1,MERGE_SORT,15.159928
paging,q10,1,MERGE_SORT,13.565393
paging,q10,1,ORDER_BY,5.5379
paging,q10,1,ORDER_BY,5.499701
paging,q10,1,ORDER_BY,5.412243
paging,q10,1,ORDER_BY,5.208491
paging,q10,1,ORDER_BY,5.449292
paging,q10,1,ORDER_BY,5.539785
paging,q10,1,PARTITION,0.29316200000000003
paging,q10,1,PARTITION,0.280161
paging,q10,1,PARTITION,0.294994
paging,q10,1,PARTITION,0.484122
paging,q10,1,PARTITION,0.425287
paging,q10,1,PARTITION,0.485769
paging,q10,1,PROJECTION,0.45822799999999997
paging,q10,1,PROJECTION,0.456142
paging,q10,1,PROJECTION,0.485908
paging,q10,1,PROJECTION,0.44456500000000004
paging,q10,1,PROJECTION,0.466005
paging,q10,1,PROJECTION,0.463096
paging,q10,1,RESULT_COLLECTOR,150.014528
paging,q10,1,RESULT_COLLECTOR,152.102246
paging,q10,1,RESULT_COLLECTOR,159.009721
paging,q10,1,RESULT_COLLECTOR,121.40048
paging,q10,1,RESULT_COLLECTOR,121.383073
paging,q10,1,RESULT_COLLECTOR,104.496979
paging,q10,1,SORT_PARTITION,4.887407
paging,q10,1,SORT_PARTITION,5.020081
paging,q10,1,SORT_PARTITION,5.55058
paging,q10,1,SORT_PARTITION,5.801628
paging,q10,1,SORT_PARTITION,5.062234
paging,q10,1,SORT_PARTITION,4.850634
paging,q10,1,SORT_SAMPLE,0.066071
paging,q10,1,SORT_SAMPLE,0.091977
paging,q10,1,SORT_SAMPLE,0.08693
paging,q10,1,SORT_SAMPLE,0.170951
paging,q10,1,SORT_SAMPLE,0.083515
paging,q10,1,SORT_SAMPLE,0.067782
paging,q10,2,CONCAT,1.771165
paging,q10,2,CONCAT,1.5942260000000001
paging,q10,2,CONCAT,1.32231
paging,q10,2,CONCAT,1.507379
paging,q10,2,CONCAT,1.7340749999999998
paging,q10,2,CONCAT,1.7461700000000002
paging,q10,2,DYNAMIC_FILTER,3.485771
paging,q10,2,DYNAMIC_FILTER,5.249712000000001
paging,q10,2,DYNAMIC_FILTER,5.851872
paging,q10,2,DYNAMIC_FILTER,5.956388
paging,q10,2,DYNAMIC_FILTER,5.468341000000001
paging,q10,2,DYNAMIC_FILTER,6.109967
paging,q10,2,GPU_SCAN,2158.1161589999997
paging,q10,2,GPU_SCAN,2397.75175
paging,q10,2,GPU_SCAN,2392.6669260000003
paging,q10,2,GPU_SCAN,2404.089747
paging,q10,2,GPU_SCAN,2423.942853
paging,q10,2,GPU_SCAN,2413.0666940000006
paging,q10,2,HASH_GROUP_BY,17.913068
paging,q10,2,HASH_GROUP_BY,17.452113
paging,q10,2,HASH_GROUP_BY,16.687792
paging,q10,2,HASH_GROUP_BY,16.830783
paging,q10,2,HASH_GROUP_BY,16.849675
paging,q10,2,HASH_GROUP_BY,16.881892
paging,q10,2,HASH_JOIN,26.433716
paging,q10,2,HASH_JOIN,27.511369000000002
paging,q10,2,HASH_JOIN,27.509197999999998
paging,q10,2,HASH_JOIN,27.288891999999997
paging,q10,2,HASH_JOIN,27.18356
paging,q10,2,HASH_JOIN,26.720833
paging,q10,2,MERGE_GROUP_BY,0.070995
paging,q10,2,MERGE_GROUP_BY,0.066066
paging,q10,2,MERGE_GROUP_BY,0.024755
paging,q10,2,MERGE_GROUP_BY,0.066455
paging,q10,2,MERGE_GROUP_BY,0.080247
paging,q10,2,MERGE_GROUP_BY,0.072384
paging,q10,2,MERGE_SORT,15.247935
paging,q10,2,MERGE_SORT,14.694694
paging,q10,2,MERGE_SORT,14.833744
paging,q10,2,MERGE_SORT,13.461365
paging,q10,2,MERGE_SORT,15.737368
paging,q10,2,MERGE_SORT,14.963395
paging,q10,2,ORDER_BY,5.634833
paging,q10,2,ORDER_BY,5.287633
paging,q10,2,ORDER_BY,5.304693
paging,q10,2,ORDER_BY,6.006587
paging,q10,2,ORDER_BY,5.227616
paging,q10,2,ORDER_BY,5.314969
paging,q10,2,PARTITION,0.315813
paging,q10,2,PARTITION,0.32759599999999994
paging,q10,2,PARTITION,0.346379
paging,q10,2,PARTITION,0.36929300000000004
paging,q10,2,PARTITION,0.423655
paging,q10,2,PARTITION,0.47516
paging,q10,2,PROJECTION,0.461604
paging,q10,2,PROJECTION,0.459163
paging,q10,2,PROJECTION,0.455362
paging,q10,2,PROJECTION,0.463526
paging,q10,2,PROJECTION,0.508039
paging,q10,2,PROJECTION,0.46792999999999996
paging,q10,2,RESULT_COLLECTOR,150.215096
paging,q10,2,RESULT_COLLECTOR,149.550504
paging,q10,2,RESULT_COLLECTOR,143.920358
paging,q10,2,RESULT_COLLECTOR,125.924352
paging,q10,2,RESULT_COLLECTOR,161.368078
paging,q10,2,RESULT_COLLECTOR,134.475788
paging,q10,2,SORT_PARTITION,4.72942
paging,q10,2,SORT_PARTITION,5.684126
paging,q10,2,SORT_PARTITION,4.899888
paging,q10,2,SORT_PARTITION,5.45677
paging,q10,2,SORT_PARTITION,6.821156
paging,q10,2,SORT_PARTITION,7.041681
paging,q10,2,SORT_SAMPLE,0.036854
paging,q10,2,SORT_SAMPLE,0.160641
paging,q10,2,SORT_SAMPLE,0.058404
paging,q10,2,SORT_SAMPLE,0.066161
paging,q10,2,SORT_SAMPLE,0.211959
paging,q10,2,SORT_SAMPLE,0.203542
paging,q10,3,CONCAT,1.113465
paging,q10,3,CONCAT,1.738895
paging,q10,3,CONCAT,1.2011910000000001
paging,q10,3,CONCAT,1.539544
paging,q10,3,CONCAT,1.702598
paging,q10,3,CONCAT,1.608268
paging,q10,3,DYNAMIC_FILTER,5.348777999999999
paging,q10,3,DYNAMIC_FILTER,5.529702
paging,q10,3,DYNAMIC_FILTER,4.671256000000001
paging,q10,3,DYNAMIC_FILTER,5.854016999999999
paging,q10,3,DYNAMIC_FILTER,6.253971
paging,q10,3,DYNAMIC_FILTER,4.405919
paging,q10,3,GPU_SCAN,2420.59889
paging,q10,3,GPU_SCAN,2429.942338
paging,q10,3,GPU_SCAN,2198.699136
paging,q10,3,GPU_SCAN,2427.532511
paging,q10,3,GPU_SCAN,2445.042743
paging,q10,3,GPU_SCAN,2202.050065
paging,q10,3,HASH_GROUP_BY,18.144262
paging,q10,3,HASH_GROUP_BY,17.376406
paging,q10,3,HASH_GROUP_BY,16.707952
paging,q10,3,HASH_GROUP_BY,16.975953
paging,q10,3,HASH_GROUP_BY,16.405915
paging,q10,3,HASH_GROUP_BY,16.533282
paging,q10,3,HASH_JOIN,26.12493
paging,q10,3,HASH_JOIN,26.978699
paging,q10,3,HASH_JOIN,26.802476
paging,q10,3,HASH_JOIN,26.841147
paging,q10,3,HASH_JOIN,27.282538000000002
paging,q10,3,HASH_JOIN,27.341882
paging,q10,3,MERGE_GROUP_BY,0.018278
paging,q10,3,MERGE_GROUP_BY,0.064539
paging,q10,3,MERGE_GROUP_BY,0.012011
paging,q10,3,MERGE_GROUP_BY,0.064609
paging,q10,3,MERGE_GROUP_BY,0.038175
paging,q10,3,MERGE_GROUP_BY,0.041054
paging,q10,3,MERGE_SORT,14.580802
paging,q10,3,MERGE_SORT,13.8786
paging,q10,3,MERGE_SORT,13.717953
paging,q10,3,MERGE_SORT,13.498829
paging,q10,3,MERGE_SORT,14.968037
paging,q10,3,MERGE_SORT,16.566221
paging,q10,3,ORDER_BY,5.647272
paging,q10,3,ORDER_BY,5.933172
paging,q10,3,ORDER_BY,5.095418
paging,q10,3,ORDER_BY,5.162322
paging,q10,3,ORDER_BY,5.417035
paging,q10,3,ORDER_BY,5.524405
paging,q10,3,PARTITION,0.303237
paging,q10,3,PARTITION,0.22462500000000002
paging,q10,3,PARTITION,0.336805
paging,q10,3,PARTITION,0.20988300000000001
paging,q10,3,PARTITION,0.35788
paging,q10,3,PARTITION,0.422565
paging,q10,3,PROJECTION,0.45699
paging,q10,3,PROJECTION,0.448363
paging,q10,3,PROJECTION,0.399314
paging,q10,3,PROJECTION,0.632548
paging,q10,3,PROJECTION,0.48149400000000003
paging,q10,3,PROJECTION,0.476272
paging,q10,3,RESULT_COLLECTOR,154.153038
paging,q10,3,RESULT_COLLECTOR,126.906103
paging,q10,3,RESULT_COLLECTOR,145.801906
paging,q10,3,RESULT_COLLECTOR,138.853643
paging,q10,3,RESULT_COLLECTOR,145.854964
paging,q10,3,RESULT_COLLECTOR,151.949954
paging,q10,3,SORT_PARTITION,5.239061
paging,q10,3,SORT_PARTITION,5.240656
paging,q10,3,SORT_PARTITION,4.936684
paging,q10,3,SORT_PARTITION,4.808161
paging,q10,3,SORT_PARTITION,5.634324
paging,q10,3,SORT_PARTITION,5.258943
paging,q10,3,SORT_SAMPLE,0.19337
paging,q10,3,SORT_SAMPLE,0.065769
paging,q10,3,SORT_SAMPLE,0.034893
paging,q10,3,SORT_SAMPLE,0.03086
paging,q10,3,SORT_SAMPLE,0.13253
paging,q10,3,SORT_SAMPLE,0.117252
paging,q11,1,CONCAT,0.313327
paging,q11,1,CONCAT,6.32888
paging,q11,1,CONCAT,6.102699
paging,q11,1,CONCAT,5.953564
paging,q11,1,CONCAT,6.039379
paging,q11,1,CTE,0.008834
paging,q11,1,CTE,0.026826
paging,q11,1,CTE,0.017997
paging,q11,1,CTE,0.028008
paging,q11,1,CTE,0.008809
paging,q11,1,DYNAMIC_FILTER,0.097219
paging,q11,1,DYNAMIC_FILTER,0.092776
paging,q11,1,DYNAMIC_FILTER,0.092102
paging,q11,1,DYNAMIC_FILTER,0.083732
paging,q11,1,DYNAMIC_FILTER,0.104321
paging,q11,1,GPU_SCAN,390.517202
paging,q11,1,GPU_SCAN,23.723277000000007
paging,q11,1,GPU_SCAN,22.513899999999996
paging,q11,1,GPU_SCAN,23.099160999999995
paging,q11,1,GPU_SCAN,23.612308000000006
paging,q11,1,HASH_GROUP_BY,1.123599
paging,q11,1,HASH_GROUP_BY,1.181949
paging,q11,1,HASH_GROUP_BY,1.199478
paging,q11,1,HASH_GROUP_BY,1.072759
paging,q11,1,HASH_GROUP_BY,1.300307
paging,q11,1,HASH_JOIN,15.633994
paging,q11,1,HASH_JOIN,30.164957
paging,q11,1,HASH_JOIN,15.652739
paging,q11,1,HASH_JOIN,16.403367000000003
paging,q11,1,HASH_JOIN,16.008528
paging,q11,1,MERGE_AGGREGATE,0.018555000000000002
paging,q11,1,MERGE_AGGREGATE,0.027628
paging,q11,1,MERGE_AGGREGATE,0.033075
paging,q11,1,MERGE_AGGREGATE,0.031133
paging,q11,1,MERGE_AGGREGATE,0.016550000000000002
paging,q11,1,MERGE_GROUP_BY,0.00589
paging,q11,1,MERGE_GROUP_BY,0.012791
paging,q11,1,MERGE_GROUP_BY,0.009417
paging,q11,1,MERGE_GROUP_BY,0.014122
paging,q11,1,MERGE_GROUP_BY,0.013076
paging,q11,1,MERGE_SORT,0.0491
paging,q11,1,MERGE_SORT,0.00511
paging,q11,1,MERGE_SORT,0.006558
paging,q11,1,MERGE_SORT,0.005941
paging,q11,1,MERGE_SORT,0.008483
paging,q11,1,NESTED_LOOP_JOIN,6.204573
paging,q11,1,NESTED_LOOP_JOIN,0.306999
paging,q11,1,NESTED_LOOP_JOIN,0.360429
paging,q11,1,NESTED_LOOP_JOIN,0.248382
paging,q11,1,NESTED_LOOP_JOIN,0.269839
paging,q11,1,ORDER_BY,0.013551
paging,q11,1,ORDER_BY,0.020801
paging,q11,1,ORDER_BY,0.030214
paging,q11,1,ORDER_BY,0.017398
paging,q11,1,ORDER_BY,0.021202
paging,q11,1,PARTITION,0.136366
paging,q11,1,PARTITION,0.21595399999999998
paging,q11,1,PARTITION,0.282232
paging,q11,1,PARTITION,0.257202
paging,q11,1,PARTITION,0.2978820000000001
paging,q11,1,PROJECTION,1.2850139999999999
paging,q11,1,PROJECTION,0.6292289999999999
paging,q11,1,PROJECTION,0.45404399999999995
paging,q11,1,PROJECTION,0.6374310000000001
paging,q11,1,PROJECTION,4.548452
paging,q11,1,RESULT_COLLECTOR,0.004757
paging,q11,1,RESULT_COLLECTOR,0.008626
paging,q11,1,RESULT_COLLECTOR,0.006326
paging,q11,1,RESULT_COLLECTOR,0.004697
paging,q11,1,RESULT_COLLECTOR,0.006595
paging,q11,1,SORT_PARTITION,0.005341
paging,q11,1,SORT_PARTITION,0.008624
paging,q11,1,SORT_PARTITION,0.007831
paging,q11,1,SORT_PARTITION,0.008375
paging,q11,1,SORT_PARTITION,0.009588
paging,q11,1,SORT_SAMPLE,0.009913
paging,q11,1,SORT_SAMPLE,0.019236
paging,q11,1,SORT_SAMPLE,0.02452
paging,q11,1,SORT_SAMPLE,0.014071
paging,q11,1,SORT_SAMPLE,0.020994
paging,q11,1,UNGROUPED_AGGREGATE,1.281346
paging,q11,1,UNGROUPED_AGGREGATE,1.074929
paging,q11,1,UNGROUPED_AGGREGATE,7.285984
paging,q11,1,UNGROUPED_AGGREGATE,7.281513
paging,q11,1,UNGROUPED_AGGREGATE,2.778741
paging,q11,2,CONCAT,0.13794300000000004
paging,q11,2,CONCAT,6.441753
paging,q11,2,CONCAT,5.8044839999999995
paging,q11,2,CONCAT,6.2739210000000005
paging,q11,2,CONCAT,6.023040999999999
paging,q11,2,CTE,0.008317
paging,q11,2,CTE,0.008778
paging,q11,2,CTE,0.01561
paging,q11,2,CTE,0.03183
paging,q11,2,CTE,0.012074
paging,q11,2,DYNAMIC_FILTER,0.089982
paging,q11,2,DYNAMIC_FILTER,0.086493
paging,q11,2,DYNAMIC_FILTER,0.088165
paging,q11,2,DYNAMIC_FILTER,0.082536
paging,q11,2,DYNAMIC_FILTER,0.284738
paging,q11,2,GPU_SCAN,392.361949
paging,q11,2,GPU_SCAN,22.471494999999997
paging,q11,2,GPU_SCAN,21.609778000000002
paging,q11,2,GPU_SCAN,20.147838000000004
paging,q11,2,GPU_SCAN,24.194796000000004
paging,q11,2,HASH_GROUP_BY,1.153841
paging,q11,2,HASH_GROUP_BY,1.167747
paging,q11,2,HASH_GROUP_BY,1.242836
paging,q11,2,HASH_GROUP_BY,1.402919
paging,q11,2,HASH_GROUP_BY,1.236971
paging,q11,2,HASH_JOIN,15.725021
paging,q11,2,HASH_JOIN,15.970601
paging,q11,2,HASH_JOIN,15.851674999999998
paging,q11,2,HASH_JOIN,16.229152
paging,q11,2,HASH_JOIN,16.254936
paging,q11,2,MERGE_AGGREGATE,0.02407
paging,q11,2,MERGE_AGGREGATE,0.035786
paging,q11,2,MERGE_AGGREGATE,0.025312
paging,q11,2,MERGE_AGGREGATE,0.079274
paging,q11,2,MERGE_AGGREGATE,0.027124999999999996
paging,q11,2,MERGE_GROUP_BY,0.00649
paging,q11,2,MERGE_GROUP_BY,0.014487
paging,q11,2,MERGE_GROUP_BY,0.015878
paging,q11,2,MERGE_GROUP_BY,0.007889
paging,q11,2,MERGE_GROUP_BY,0.01402
paging,q11,2,MERGE_SORT,0.005669
paging,q11,2,MERGE_SORT,0.005832
paging,q11,2,MERGE_SORT,0.019775
paging,q11,2,MERGE_SORT,0.005147
paging,q11,2,MERGE_SORT,0.005776
paging,q11,2,NESTED_LOOP_JOIN,4.647613
paging,q11,2,NESTED_LOOP_JOIN,0.313226
paging,q11,2,NESTED_LOOP_JOIN,0.213847
paging,q11,2,NESTED_LOOP_JOIN,0.214793
paging,q11,2,NESTED_LOOP_JOIN,0.30604
paging,q11,2,ORDER_BY,0.014599
paging,q11,2,ORDER_BY,0.025625
paging,q11,2,ORDER_BY,0.011285
paging,q11,2,ORDER_BY,0.009427
paging,q11,2,ORDER_BY,0.026004
paging,q11,2,PARTITION,0.08416
paging,q11,2,PARTITION,0.377752
paging,q11,2,PARTITION,0.287641
paging,q11,2,PARTITION,0.311364
paging,q11,2,PARTITION,0.31139900000000004
paging,q11,2,PROJECTION,0.9597190000000001
paging,q11,2,PROJECTION,1.010055
paging,q11,2,PROJECTION,0.784388
paging,q11,2,PROJECTION,3.715849
paging,q11,2,PROJECTION,0.856786
paging,q11,2,RESULT_COLLECTOR,0.004476
paging,q11,2,RESULT_COLLECTOR,0.005366
paging,q11,2,RESULT_COLLECTOR,0.004924
paging,q11,2,RESULT_COLLECTOR,0.005108
paging,q11,2,RESULT_COLLECTOR,0.005143
paging,q11,2,SORT_PARTITION,0.006815
paging,q11,2,SORT_PARTITION,0.012187
paging,q11,2,SORT_PARTITION,0.010106
paging,q11,2,SORT_PARTITION,0.018073
paging,q11,2,SORT_PARTITION,0.010153
paging,q11,2,SORT_SAMPLE,0.010045
paging,q11,2,SORT_SAMPLE,0.022332
paging,q11,2,SORT_SAMPLE,0.010591
paging,q11,2,SORT_SAMPLE,0.034739
paging,q11,2,SORT_SAMPLE,0.017963
paging,q11,2,UNGROUPED_AGGREGATE,0.862379
paging,q11,2,UNGROUPED_AGGREGATE,7.338197
paging,q11,2,UNGROUPED_AGGREGATE,7.312322
paging,q11,2,UNGROUPED_AGGREGATE,5.118187
paging,q11,2,UNGROUPED_AGGREGATE,7.441165000000001
paging,q11,3,CONCAT,0.30445300000000003
paging,q11,3,CONCAT,5.924944
paging,q11,3,CONCAT,6.487331000000001
paging,q11,3,CONCAT,6.461174000000001
paging,q11,3,CONCAT,6.30253
paging,q11,3,CTE,0.027535
paging,q11,3,CTE,0.007544
paging,q11,3,CTE,0.028199
paging,q11,3,CTE,0.026429
paging,q11,3,CTE,0.032619
paging,q11,3,DYNAMIC_FILTER,0.09703
paging,q11,3,DYNAMIC_FILTER,0.091841
paging,q11,3,DYNAMIC_FILTER,0.090825
paging,q11,3,DYNAMIC_FILTER,0.099699
paging,q11,3,DYNAMIC_FILTER,0.09389
paging,q11,3,GPU_SCAN,398.80450099999996
paging,q11,3,GPU_SCAN,23.645720999999998
paging,q11,3,GPU_SCAN,23.35900300000001
paging,q11,3,GPU_SCAN,21.912675999999994
paging,q11,3,GPU_SCAN,24.400190000000002
paging,q11,3,HASH_GROUP_BY,1.143563
paging,q11,3,HASH_GROUP_BY,1.234602
paging,q11,3,HASH_GROUP_BY,1.328943
paging,q11,3,HASH_GROUP_BY,1.334762
paging,q11,3,HASH_GROUP_BY,1.450144
paging,q11,3,HASH_JOIN,16.151941
paging,q11,3,HASH_JOIN,16.061216
paging,q11,3,HASH_JOIN,16.022779
paging,q11,3,HASH_JOIN,16.123978
paging,q11,3,HASH_JOIN,16.263334999999998
paging,q11,3,MERGE_AGGREGATE,0.042954
paging,q11,3,MERGE_AGGREGATE,0.028374000000000003
paging,q11,3,MERGE_AGGREGATE,0.062439
paging,q11,3,MERGE_AGGREGATE,0.063634
paging,q11,3,MERGE_AGGREGATE,0.072906
paging,q11,3,MERGE_GROUP_BY,0.020451
paging,q11,3,MERGE_GROUP_BY,0.030627
paging,q11,3,MERGE_GROUP_BY,0.017049
paging,q11,3,MERGE_GROUP_BY,0.00614
paging,q11,3,MERGE_GROUP_BY,0.013584
paging,q11,3,MERGE_SORT,0.00527
paging,q11,3,MERGE_SORT,0.005531
paging,q11,3,MERGE_SORT,0.011867
paging,q11,3,MERGE_SORT,0.01975
paging,q11,3,MERGE_SORT,0.050105
paging,q11,3,NESTED_LOOP_JOIN,5.109515
paging,q11,3,NESTED_LOOP_JOIN,0.218401
paging,q11,3,NESTED_LOOP_JOIN,0.505554
paging,q11,3,NESTED_LOOP_JOIN,0.204056
paging,q11,3,NESTED_LOOP_JOIN,0.375715
paging,q11,3,ORDER_BY,0.015141
paging,q11,3,ORDER_BY,0.011622
paging,q11,3,ORDER_BY,0.050378
paging,q11,3,ORDER_BY,0.009564
paging,q11,3,ORDER_BY,0.028394
paging,q11,3,PARTITION,0.16205200000000003
paging,q11,3,PARTITION,0.5028039999999999
paging,q11,3,PARTITION,0.37681500000000007
paging,q11,3,PARTITION,0.24564900000000003
paging,q11,3,PARTITION,0.266546
paging,q11,3,PROJECTION,1.55521
paging,q11,3,PROJECTION,0.539805
paging,q11,3,PROJECTION,7.296550000000001
paging,q11,3,PROJECTION,2.8058710000000002
paging,q11,3,PROJECTION,7.451815000000001
paging,q11,3,RESULT_COLLECTOR,0.005246
paging,q11,3,RESULT_COLLECTOR,0.016142
paging,q11,3,RESULT_COLLECTOR,0.006045
paging,q11,3,RESULT_COLLECTOR,0.005899
paging,q11,3,RESULT_COLLECTOR,0.006602
paging,q11,3,SORT_PARTITION,0.020115
paging,q11,3,SORT_PARTITION,0.024712
paging,q11,3,SORT_PARTITION,0.018882
paging,q11,3,SORT_PARTITION,0.015008
paging,q11,3,SORT_PARTITION,0.005191
paging,q11,3,SORT_SAMPLE,0.031703
paging,q11,3,SORT_SAMPLE,0.049342
paging,q11,3,SORT_SAMPLE,0.033392
paging,q11,3,SORT_SAMPLE,0.029634
paging,q11,3,SORT_SAMPLE,0.0115
paging,q11,3,UNGROUPED_AGGREGATE,0.7847470000000001
paging,q11,3,UNGROUPED_AGGREGATE,2.595517
paging,q11,3,UNGROUPED_AGGREGATE,0.722195
paging,q11,3,UNGROUPED_AGGREGATE,5.148412
paging,q11,3,UNGROUPED_AGGREGATE,0.723478
paging,q12,1,CONCAT,1.6150570000000002
paging,q12,1,CONCAT,1.312504
paging,q12,1,CONCAT,1.41275
paging,q12,1,CONCAT,1.0007489999999999
paging,q12,1,CONCAT,1.302529
paging,q12,1,DYNAMIC_FILTER,1.899845
paging,q12,1,DYNAMIC_FILTER,1.9366179999999997
paging,q12,1,DYNAMIC_FILTER,1.94861
paging,q12,1,DYNAMIC_FILTER,1.897748
paging,q12,1,DYNAMIC_FILTER,1.901216
paging,q12,1,FILTER,23.940884
paging,q12,1,FILTER,24.571922999999998
paging,q12,1,FILTER,27.975264
paging,q12,1,FILTER,37.125533
paging,q12,1,FILTER,28.788456000000004
paging,q12,1,GPU_SCAN,1961.3979310000002
paging,q12,1,GPU_SCAN,2085.2640770000003
paging,q12,1,GPU_SCAN,2043.7470780000003
paging,q12,1,GPU_SCAN,2177.832013999999
paging,q12,1,GPU_SCAN,2117.5067499999996
paging,q12,1,HASH_GROUP_BY,0.827923
paging,q12,1,HASH_GROUP_BY,1.22381
paging,q12,1,HASH_GROUP_BY,1.178601
paging,q12,1,HASH_GROUP_BY,0.75052
paging,q12,1,HASH_GROUP_BY,0.824938
paging,q12,1,HASH_JOIN,1.677397
paging,q12,1,HASH_JOIN,1.886313
paging,q12,1,HASH_JOIN,1.90864
paging,q12,1,HASH_JOIN,1.27099
paging,q12,1,HASH_JOIN,1.581564
paging,q12,1,MERGE_GROUP_BY,0.005917
paging,q12,1,MERGE_GROUP_BY,0.029341
paging,q12,1,MERGE_GROUP_BY,0.025914
paging,q12,1,MERGE_GROUP_BY,0.054287
paging,q12,1,MERGE_GROUP_BY,0.029231
paging,q12,1,MERGE_SORT,0.200512
paging,q12,1,MERGE_SORT,0.229753
paging,q12,1,MERGE_SORT,0.363959
paging,q12,1,MERGE_SORT,0.229926
paging,q12,1,MERGE_SORT,0.224509
paging,q12,1,ORDER_BY,0.138256
paging,q12,1,ORDER_BY,0.220346
paging,q12,1,ORDER_BY,0.242363
paging,q12,1,ORDER_BY,0.141427
paging,q12,1,ORDER_BY,0.149679
paging,q12,1,PARTITION,0.325876
paging,q12,1,PARTITION,0.314483
paging,q12,1,PARTITION,1.4604789999999996
paging,q12,1,PARTITION,0.278214
paging,q12,1,PARTITION,0.321729
paging,q12,1,PROJECTION,1.045583
paging,q12,1,PROJECTION,0.80516
paging,q12,1,PROJECTION,0.86235
paging,q12,1,PROJECTION,0.38433
paging,q12,1,PROJECTION,0.404605
paging,q12,1,RESULT_COLLECTOR,0.11229
paging,q12,1,RESULT_COLLECTOR,0.280517
paging,q12,1,RESULT_COLLECTOR,0.270763
paging,q12,1,RESULT_COLLECTOR,0.268107
paging,q12,1,RESULT_COLLECTOR,0.301194
paging,q12,1,SORT_PARTITION,0.175292
paging,q12,1,SORT_PARTITION,0.178399
paging,q12,1,SORT_PARTITION,0.178873
paging,q12,1,SORT_PARTITION,0.168162
paging,q12,1,SORT_PARTITION,0.18127
paging,q12,1,SORT_SAMPLE,0.065357
paging,q12,1,SORT_SAMPLE,0.122293
paging,q12,1,SORT_SAMPLE,0.080911
paging,q12,1,SORT_SAMPLE,0.065976
paging,q12,1,SORT_SAMPLE,0.071286
paging,q12,2,CONCAT,1.880506
paging,q12,2,CONCAT,0.861414
paging,q12,2,CONCAT,1.924455
paging,q12,2,CONCAT,1.754687
paging,q12,2,CONCAT,1.879972
paging,q12,2,DYNAMIC_FILTER,1.922494
paging,q12,2,DYNAMIC_FILTER,1.903597
paging,q12,2,DYNAMIC_FILTER,1.9514719999999999
paging,q12,2,DYNAMIC_FILTER,1.952119
paging,q12,2,DYNAMIC_FILTER,1.943287
paging,q12,2,FILTER,24.59294
paging,q12,2,FILTER,21.10891
paging,q12,2,FILTER,25.491871
paging,q12,2,FILTER,31.655665000000003
paging,q12,2,FILTER,32.159785
paging,q12,2,GPU_SCAN,2009.539218
paging,q12,2,GPU_SCAN,2072.9439859999998
paging,q12,2,GPU_SCAN,2032.023299
paging,q12,2,GPU_SCAN,1982.6399480000002
paging,q12,2,GPU_SCAN,2094.314733
paging,q12,2,HASH_GROUP_BY,0.857648
paging,q12,2,HASH_GROUP_BY,1.299212
paging,q12,2,HASH_GROUP_BY,0.967701
paging,q12,2,HASH_GROUP_BY,0.961007
paging,q12,2,HASH_GROUP_BY,0.863987
paging,q12,2,HASH_JOIN,1.86505
paging,q12,2,HASH_JOIN,1.847877
paging,q12,2,HASH_JOIN,1.950517
paging,q12,2,HASH_JOIN,1.759786
paging,q12,2,HASH_JOIN,1.947106
paging,q12,2,MERGE_GROUP_BY,0.006591
paging,q12,2,MERGE_GROUP_BY,0.025343
paging,q12,2,MERGE_GROUP_BY,0.015277
paging,q12,2,MERGE_GROUP_BY,0.008064
paging,q12,2,MERGE_GROUP_BY,0.007759
paging,q12,2,MERGE_SORT,0.2368
paging,q12,2,MERGE_SORT,0.207319
paging,q12,2,MERGE_SORT,0.225184
paging,q12,2,MERGE_SORT,0.300949
paging,q12,2,MERGE_SORT,0.241502
paging,q12,2,ORDER_BY,0.211844
paging,q12,2,ORDER_BY,0.157804
paging,q12,2,ORDER_BY,0.251503
paging,q12,2,ORDER_BY,0.166617
paging,q12,2,ORDER_BY,0.22477
paging,q12,2,PARTITION,0.8708440000000002
paging,q12,2,PARTITION,0.26913200000000004
paging,q12,2,PARTITION,0.399652
paging,q12,2,PARTITION,0.47619999999999996
paging,q12,2,PARTITION,0.7959469999999997
paging,q12,2,PROJECTION,0.774183
paging,q12,2,PROJECTION,0.8982
paging,q12,2,PROJECTION,0.984575
paging,q12,2,PROJECTION,0.935553
paging,q12,2,PROJECTION,0.84762
paging,q12,2,RESULT_COLLECTOR,0.124
paging,q12,2,RESULT_COLLECTOR,0.261757
paging,q12,2,RESULT_COLLECTOR,0.159202
paging,q12,2,RESULT_COLLECTOR,0.136002
paging,q12,2,RESULT_COLLECTOR,0.112705
paging,q12,2,SORT_PARTITION,0.178881
paging,q12,2,SORT_PARTITION,0.181973
paging,q12,2,SORT_PARTITION,0.182739
paging,q12,2,SORT_PARTITION,0.202011
paging,q12,2,SORT_PARTITION,0.188225
paging,q12,2,SORT_SAMPLE,0.087598
paging,q12,2,SORT_SAMPLE,0.132418
paging,q12,2,SORT_SAMPLE,0.097833
paging,q12,2,SORT_SAMPLE,0.083056
paging,q12,2,SORT_SAMPLE,0.087727
paging,q12,3,CONCAT,1.378685
paging,q12,3,CONCAT,1.710386
paging,q12,3,CONCAT,1.2240739999999999
paging,q12,3,CONCAT,1.272846
paging,q12,3,CONCAT,1.3193329999999999
paging,q12,3,DYNAMIC_FILTER,1.950024
paging,q12,3,DYNAMIC_FILTER,1.905199
paging,q12,3,DYNAMIC_FILTER,1.905373
paging,q12,3,DYNAMIC_FILTER,2.021356
paging,q12,3,DYNAMIC_FILTER,2.283976
paging,q12,3,FILTER,27.021974999999998
paging,q12,3,FILTER,23.863888
paging,q12,3,FILTER,33.779937000000004
paging,q12,3,FILTER,17.469415
paging,q12,3,FILTER,35.254632
paging,q12,3,GPU_SCAN,2052.9566899999995
paging,q12,3,GPU_SCAN,1878.7441979999999
paging,q12,3,GPU_SCAN,2069.576971
paging,q12,3,GPU_SCAN,1961.702534
paging,q12,3,GPU_SCAN,2240.2331719999997
paging,q12,3,HASH_GROUP_BY,0.890825
paging,q12,3,HASH_GROUP_BY,1.005303
paging,q12,3,HASH_GROUP_BY,0.928721
paging,q12,3,HASH_GROUP_BY,0.973835
paging,q12,3,HASH_GROUP_BY,0.889165
paging,q12,3,HASH_JOIN,1.410705
paging,q12,3,HASH_JOIN,1.90364
paging,q12,3,HASH_JOIN,1.878915
paging,q12,3,HASH_JOIN,1.860391
paging,q12,3,HASH_JOIN,1.383988
paging,q12,3,MERGE_GROUP_BY,0.034182
paging,q12,3,MERGE_GROUP_BY,0.020419
paging,q12,3,MERGE_GROUP_BY,0.02389
paging,q12,3,MERGE_GROUP_BY,0.013845
paging,q12,3,MERGE_GROUP_BY,0.033816
paging,q12,3,MERGE_SORT,0.224012
paging,q12,3,MERGE_SORT,0.270914
paging,q12,3,MERGE_SORT,0.256318
paging,q12,3,MERGE_SORT,0.277437
paging,q12,3,MERGE_SORT,0.220048
paging,q12,3,ORDER_BY,0.241041
paging,q12,3,ORDER_BY,0.40228
paging,q12,3,ORDER_BY,0.208213
paging,q12,3,ORDER_BY,0.328274
paging,q12,3,ORDER_BY,0.272927
paging,q12,3,PARTITION,0.820546
paging,q12,3,PARTITION,0.28888899999999995
paging,q12,3,PARTITION,0.5457650000000001
paging,q12,3,PARTITION,0.5709580000000001
paging,q12,3,PARTITION,0.36960300000000007
paging,q12,3,PROJECTION,0.551788
paging,q12,3,PROJECTION,0.904535
paging,q12,3,PROJECTION,0.884588
paging,q12,3,PROJECTION,0.891682
paging,q12,3,PROJECTION,0.446469
paging,q12,3,RESULT_COLLECTOR,0.366336
paging,q12,3,RESULT_COLLECTOR,0.130582
paging,q12,3,RESULT_COLLECTOR,0.264909
paging,q12,3,RESULT_COLLECTOR,0.128185
paging,q12,3,RESULT_COLLECTOR,0.376039
paging,q12,3,SORT_PARTITION,0.20057
paging,q12,3,SORT_PARTITION,0.189928
paging,q12,3,SORT_PARTITION,0.176444
paging,q12,3,SORT_PARTITION,0.1739
paging,q12,3,SORT_PARTITION,0.203955
paging,q12,3,SORT_SAMPLE,0.09783
paging,q12,3,SORT_SAMPLE,0.094135
paging,q12,3,SORT_SAMPLE,0.082268
paging,q12,3,SORT_SAMPLE,0.078602
paging,q12,3,SORT_SAMPLE,0.099924
paging,q13,1,CONCAT,13.384829
paging,q13,1,CONCAT,13.389388
paging,q13,1,CONCAT,13.271668
paging,q13,1,CONCAT,13.232836
paging,q13,1,CONCAT,13.363403
paging,q13,1,GPU_SCAN,1162.75277
paging,q13,1,GPU_SCAN,1133.411248
paging,q13,1,GPU_SCAN,1133.440854
paging,q13,1,GPU_SCAN,1137.390888
paging,q13,1,GPU_SCAN,1137.362807
paging,q13,1,HASH_GROUP_BY,11.215239
paging,q13,1,HASH_GROUP_BY,11.220925999999999
paging,q13,1,HASH_GROUP_BY,11.447754
paging,q13,1,HASH_GROUP_BY,11.618946000000001
paging,q13,1,HASH_GROUP_BY,11.144335
paging,q13,1,HASH_JOIN,72.338627
paging,q13,1,HASH_JOIN,72.324162
paging,q13,1,HASH_JOIN,72.345257
paging,q13,1,HASH_JOIN,72.233884
paging,q13,1,HASH_JOIN,72.412349
paging,q13,1,MERGE_GROUP_BY,0.057055
paging,q13,1,MERGE_GROUP_BY,0.027792
paging,q13,1,MERGE_GROUP_BY,0.035671
paging,q13,1,MERGE_GROUP_BY,0.039234
paging,q13,1,MERGE_GROUP_BY,0.035825
paging,q13,1,MERGE_SORT,0.007314
paging,q13,1,MERGE_SORT,0.005136
paging,q13,1,MERGE_SORT,0.017951
paging,q13,1,MERGE_SORT,0.00541
paging,q13,1,MERGE_SORT,0.005414
paging,q13,1,ORDER_BY,0.445138
paging,q13,1,ORDER_BY,0.382926
paging,q13,1,ORDER_BY,0.281189
paging,q13,1,ORDER_BY,0.281553
paging,q13,1,ORDER_BY,0.183027
paging,q13,1,PARTITION,0.16195299999999999
paging,q13,1,PARTITION,0.20307799999999998
paging,q13,1,PARTITION,0.172156
paging,q13,1,PARTITION,0.167221
paging,q13,1,PARTITION,0.21431
paging,q13,1,PROJECTION,0.033448000000000006
paging,q13,1,PROJECTION,0.070852
paging,q13,1,PROJECTION,0.047804
paging,q13,1,PROJECTION,0.053516999999999995
paging,q13,1,PROJECTION,0.023375
paging,q13,1,RESULT_COLLECTOR,0.104092
paging,q13,1,RESULT_COLLECTOR,0.073679
paging,q13,1,RESULT_COLLECTOR,0.160881
paging,q13,1,RESULT_COLLECTOR,0.131481
paging,q13,1,RESULT_COLLECTOR,0.155077
paging,q13,1,SORT_PARTITION,0.005571
paging,q13,1,SORT_PARTITION,0.005011
paging,q13,1,SORT_PARTITION,0.01959
paging,q13,1,SORT_PARTITION,0.0199
paging,q13,1,SORT_PARTITION,0.005404
paging,q13,1,SORT_SAMPLE,0.008668
paging,q13,1,SORT_SAMPLE,0.006404
paging,q13,1,SORT_SAMPLE,0.022185
paging,q13,1,SORT_SAMPLE,0.023423
paging,q13,1,SORT_SAMPLE,0.005728
paging,q13,2,CONCAT,13.059935
paging,q13,2,CONCAT,13.383854999999999
paging,q13,2,CONCAT,13.454654
paging,q13,2,CONCAT,13.345282
paging,q13,2,CONCAT,13.389721
paging,q13,2,GPU_SCAN,1156.470018
paging,q13,2,GPU_SCAN,1135.457429
paging,q13,2,GPU_SCAN,1128.303316
paging,q13,2,GPU_SCAN,1135.3346339999998
paging,q13,2,GPU_SCAN,1131.423259
paging,q13,2,HASH_GROUP_BY,11.586913000000001
paging,q13,2,HASH_GROUP_BY,11.237153000000001
paging,q13,2,HASH_GROUP_BY,10.985771
paging,q13,2,HASH_GROUP_BY,11.5045
paging,q13,2,HASH_GROUP_BY,11.134838
paging,q13,2,HASH_JOIN,72.366604
paging,q13,2,HASH_JOIN,72.063934
paging,q13,2,HASH_JOIN,72.091333
paging,q13,2,HASH_JOIN,72.363223
paging,q13,2,HASH_JOIN,72.303403
paging,q13,2,MERGE_GROUP_BY,0.055201
paging,q13,2,MERGE_GROUP_BY,0.037568000000000004
paging,q13,2,MERGE_GROUP_BY,0.019285
paging,q13,2,MERGE_GROUP_BY,0.054143000000000004
paging,q13,2,MERGE_GROUP_BY,0.034673
paging,q13,2,MERGE_SORT,0.005641
paging,q13,2,MERGE_SORT,0.005456
paging,q13,2,MERGE_SORT,0.005742
paging,q13,2,MERGE_SORT,0.005735
paging,q13,2,MERGE_SORT,0.005665
paging,q13,2,ORDER_BY,0.308148
paging,q13,2,ORDER_BY,0.426196
paging,q13,2,ORDER_BY,0.265337
paging,q13,2,ORDER_BY,0.219428
paging,q13,2,ORDER_BY,0.184483
paging,q13,2,PARTITION,0.17386600000000002
paging,q13,2,PARTITION,0.10506599999999999
paging,q13,2,PARTITION,0.111414
paging,q13,2,PARTITION,0.154807
paging,q13,2,PARTITION,0.199157
paging,q13,2,PROJECTION,0.053077
paging,q13,2,PROJECTION,0.025429
paging,q13,2,PROJECTION,0.016808999999999998
paging,q13,2,PROJECTION,0.055925
paging,q13,2,PROJECTION,0.024229
paging,q13,2,RESULT_COLLECTOR,0.093806
paging,q13,2,RESULT_COLLECTOR,0.174698
paging,q13,2,RESULT_COLLECTOR,0.062531
paging,q13,2,RESULT_COLLECTOR,0.088278
paging,q13,2,RESULT_COLLECTOR,0.176163
paging,q13,2,SORT_PARTITION,0.020827
paging,q13,2,SORT_PARTITION,0.00392
paging,q13,2,SORT_PARTITION,0.004538
paging,q13,2,SORT_PARTITION,0.005012
paging,q13,2,SORT_PARTITION,0.006344
paging,q13,2,SORT_SAMPLE,0.023829
paging,q13,2,SORT_SAMPLE,0.011683
paging,q13,2,SORT_SAMPLE,0.007121
paging,q13,2,SORT_SAMPLE,0.007569
paging,q13,2,SORT_SAMPLE,0.005806
paging,q13,3,CONCAT,12.909001
paging,q13,3,CONCAT,13.321285999999999
paging,q13,3,CONCAT,13.277382000000001
paging,q13,3,CONCAT,13.336186000000001
paging,q13,3,CONCAT,13.393963999999999
paging,q13,3,GPU_SCAN,1176.221478
paging,q13,3,GPU_SCAN,1149.214406
paging,q13,3,GPU_SCAN,1146.32746
paging,q13,3,GPU_SCAN,1156.1523120000002
paging,q13,3,GPU_SCAN,1148.1124260000001
paging,q13,3,HASH_GROUP_BY,11.614473
paging,q13,3,HASH_GROUP_BY,11.469729999999998
paging,q13,3,HASH_GROUP_BY,11.293104999999999
paging,q13,3,HASH_GROUP_BY,11.101667
paging,q13,3,HASH_GROUP_BY,11.377822
paging,q13,3,HASH_JOIN,72.443065
paging,q13,3,HASH_JOIN,72.334142
paging,q13,3,HASH_JOIN,71.994901
paging,q13,3,HASH_JOIN,72.099137
paging,q13,3,HASH_JOIN,71.996879
paging,q13,3,MERGE_GROUP_BY,0.038232
paging,q13,3,MERGE_GROUP_BY,0.040071999999999997
paging,q13,3,MERGE_GROUP_BY,0.020115
paging,q13,3,MERGE_GROUP_BY,0.036685999999999996
paging,q13,3,MERGE_GROUP_BY,0.033349
paging,q13,3,MERGE_SORT,0.035464
paging,q13,3,MERGE_SORT,0.005466
paging,q13,3,MERGE_SORT,0.043073
paging,q13,3,MERGE_SORT,0.007512
paging,q13,3,MERGE_SORT,0.027389
paging,q13,3,ORDER_BY,0.301904
paging,q13,3,ORDER_BY,0.288915
paging,q13,3,ORDER_BY,0.183108
paging,q13,3,ORDER_BY,0.399623
paging,q13,3,ORDER_BY,0.244793
paging,q13,3,PARTITION,0.19839800000000002
paging,q13,3,PARTITION,0.20491399999999999
paging,q13,3,PARTITION,0.162245
paging,q13,3,PARTITION,0.164657
paging,q13,3,PARTITION,0.160804
paging,q13,3,PROJECTION,0.051065
paging,q13,3,PROJECTION,0.050785
paging,q13,3,PROJECTION,0.021145
paging,q13,3,PROJECTION,0.016341
paging,q13,3,PROJECTION,0.048551
paging,q13,3,RESULT_COLLECTOR,0.177604
paging,q13,3,RESULT_COLLECTOR,0.070032
paging,q13,3,RESULT_COLLECTOR,0.059547
paging,q13,3,RESULT_COLLECTOR,0.144671
paging,q13,3,RESULT_COLLECTOR,0.166375
paging,q13,3,SORT_PARTITION,0.020396
paging,q13,3,SORT_PARTITION,0.004899
paging,q13,3,SORT_PARTITION,0.004676
paging,q13,3,SORT_PARTITION,0.00458
paging,q13,3,SORT_PARTITION,0.020267
paging,q13,3,SORT_SAMPLE,0.023366
paging,q13,3,SORT_SAMPLE,0.007942
paging,q13,3,SORT_SAMPLE,0.004676
paging,q13,3,SORT_SAMPLE,0.007876
paging,q13,3,SORT_SAMPLE,0.022686
paging,q14,1,CONCAT,0.29221400000000003
paging,q14,1,CONCAT,4.542281
paging,q14,1,CONCAT,4.440007
paging,q14,1,CONCAT,3.992118
paging,q14,1,CONCAT,4.407631
paging,q14,1,GPU_SCAN,3342.52781
paging,q14,1,GPU_SCAN,3300.389798
paging,q14,1,GPU_SCAN,3077.096628
paging,q14,1,GPU_SCAN,3049.5227170000003
paging,q14,1,GPU_SCAN,3304.725498
paging,q14,1,HASH_JOIN,6.664953
paging,q14,1,HASH_JOIN,6.236768
paging,q14,1,HASH_JOIN,6.08417
paging,q14,1,HASH_JOIN,6.333158
paging,q14,1,HASH_JOIN,6.3945
paging,q14,1,MERGE_AGGREGATE,0.101483
paging,q14,1,MERGE_AGGREGATE,0.058876
paging,q14,1,MERGE_AGGREGATE,0.013728
paging,q14,1,MERGE_AGGREGATE,0.020333
paging,q14,1,MERGE_AGGREGATE,0.069539
paging,q14,1,PARTITION,0.155405
paging,q14,1,PARTITION,0.14571699999999999
paging,q14,1,PARTITION,0.07863400000000001
paging,q14,1,PARTITION,0.12938
paging,q14,1,PARTITION,0.121781
paging,q14,1,PROJECTION,8.862801
paging,q14,1,PROJECTION,0.7975019999999999
paging,q14,1,PROJECTION,0.8208869999999999
paging,q14,1,PROJECTION,0.832417
paging,q14,1,PROJECTION,1.126414
paging,q14,1,RESULT_COLLECTOR,0.195258
paging,q14,1,RESULT_COLLECTOR,0.090304
paging,q14,1,RESULT_COLLECTOR,0.08075
paging,q14,1,RESULT_COLLECTOR,0.062416
paging,q14,1,RESULT_COLLECTOR,0.089188
paging,q14,1,UNGROUPED_AGGREGATE,0.603218
paging,q14,1,UNGROUPED_AGGREGATE,0.532073
paging,q14,1,UNGROUPED_AGGREGATE,0.533925
paging,q14,1,UNGROUPED_AGGREGATE,0.539454
paging,q14,1,UNGROUPED_AGGREGATE,0.583454
paging,q14,2,CONCAT,0.323754
paging,q14,2,CONCAT,4.155826
paging,q14,2,CONCAT,4.06751
paging,q14,2,CONCAT,4.184055
paging,q14,2,CONCAT,4.59085
paging,q14,2,GPU_SCAN,3124.5242390000003
paging,q14,2,GPU_SCAN,3249.809463
paging,q14,2,GPU_SCAN,3259.775013
paging,q14,2,GPU_SCAN,3068.524717
paging,q14,2,GPU_SCAN,3259.903174
paging,q14,2,HASH_JOIN,6.500597
paging,q14,2,HASH_JOIN,6.266482
paging,q14,2,HASH_JOIN,6.158301
paging,q14,2,HASH_JOIN,6.429322
paging,q14,2,HASH_JOIN,6.60481
paging,q14,2,MERGE_AGGREGATE,0.059947
paging,q14,2,MERGE_AGGREGATE,0.01251
paging,q14,2,MERGE_AGGREGATE,0.008791
paging,q14,2,MERGE_AGGREGATE,0.021516
paging,q14,2,MERGE_AGGREGATE,0.026915
paging,q14,2,PARTITION,0.070023
paging,q14,2,PARTITION,0.08226900000000001
paging,q14,2,PARTITION,0.17268899999999998
paging,q14,2,PARTITION,0.161553
paging,q14,2,PARTITION,0.22040600000000002
paging,q14,2,PROJECTION,7.274947999999999
paging,q14,2,PROJECTION,1.165144
paging,q14,2,PROJECTION,1.120666
paging,q14,2,PROJECTION,1.015616
paging,q14,2,PROJECTION,1.038517
paging,q14,2,RESULT_COLLECTOR,0.169738
paging,q14,2,RESULT_COLLECTOR,0.142981
paging,q14,2,RESULT_COLLECTOR,0.141813
paging,q14,2,RESULT_COLLECTOR,0.116201
paging,q14,2,RESULT_COLLECTOR,0.099226
paging,q14,2,UNGROUPED_AGGREGATE,0.527773
paging,q14,2,UNGROUPED_AGGREGATE,0.512262
paging,q14,2,UNGROUPED_AGGREGATE,0.511442
paging,q14,2,UNGROUPED_AGGREGATE,0.60545
paging,q14,2,UNGROUPED_AGGREGATE,0.607094
paging,q14,3,CONCAT,0.340129
paging,q14,3,CONCAT,4.197625
paging,q14,3,CONCAT,4.132811
paging,q14,3,CONCAT,4.245073
paging,q14,3,CONCAT,4.2539549999999995
paging,q14,3,GPU_SCAN,3102.1478570000004
paging,q14,3,GPU_SCAN,3277.993672
paging,q14,3,GPU_SCAN,3117.038214
paging,q14,3,GPU_SCAN,3393.7153339999995
paging,q14,3,GPU_SCAN,3362.601083
paging,q14,3,HASH_JOIN,6.474429
paging,q14,3,HASH_JOIN,6.208481
paging,q14,3,HASH_JOIN,6.220583
paging,q14,3,HASH_JOIN,6.376739
paging,q14,3,HASH_JOIN,6.471398
paging,q14,3,MERGE_AGGREGATE,0.06596
paging,q14,3,MERGE_AGGREGATE,0.010585
paging,q14,3,MERGE_AGGREGATE,0.007071
paging,q14,3,MERGE_AGGREGATE,0.017527
paging,q14,3,MERGE_AGGREGATE,0.017918
paging,q14,3,PARTITION,0.22353699999999999
paging,q14,3,PARTITION,0.069877
paging,q14,3,PARTITION,0.256515
paging,q14,3,PARTITION,0.146732
paging,q14,3,PARTITION,0.194054
paging,q14,3,PROJECTION,8.851241
paging,q14,3,PROJECTION,1.16497
paging,q14,3,PROJECTION,1.596534
paging,q14,3,PROJECTION,1.284103
paging,q14,3,PROJECTION,1.263997
paging,q14,3,RESULT_COLLECTOR,0.19034
paging,q14,3,RESULT_COLLECTOR,0.169276
paging,q14,3,RESULT_COLLECTOR,0.161443
paging,q14,3,RESULT_COLLECTOR,0.159296
paging,q14,3,RESULT_COLLECTOR,0.192656
paging,q14,3,UNGROUPED_AGGREGATE,0.570127
paging,q14,3,UNGROUPED_AGGREGATE,0.515475
paging,q14,3,UNGROUPED_AGGREGATE,0.821174
paging,q14,3,UNGROUPED_AGGREGATE,0.598384
paging,q14,3,UNGROUPED_AGGREGATE,0.584318
paging,q15,1,CONCAT,0.09754
paging,q15,1,CONCAT,0.034791
paging,q15,1,CONCAT,0.029462000000000002
paging,q15,1,CONCAT,0.032907000000000006
paging,q15,1,CONCAT,0.032713
paging,q15,1,CTE,0.018369
paging,q15,1,CTE,0.017921
paging,q15,1,CTE,0.005944
paging,q15,1,CTE,0.005222
paging,q15,1,CTE,0.021183
paging,q15,1,GPU_SCAN,3057.982476
paging,q15,1,GPU_SCAN,3269.6004179999995
paging,q15,1,GPU_SCAN,3025.9541289999997
paging,q15,1,GPU_SCAN,3229.544445
paging,q15,1,GPU_SCAN,3218.5968460000004
paging,q15,1,HASH_GROUP_BY,20.797686
paging,q15,1,HASH_GROUP_BY,12.199172000000003
paging,q15,1,HASH_GROUP_BY,12.003172000000001
paging,q15,1,HASH_GROUP_BY,11.096360000000002
paging,q15,1,HASH_GROUP_BY,11.245085000000001
paging,q15,1,HASH_JOIN,10.249299
paging,q15,1,HASH_JOIN,0.914156
paging,q15,1,HASH_JOIN,1.0402879999999999
paging,q15,1,HASH_JOIN,0.908339
paging,q15,1,HASH_JOIN,1.8600500000000002
paging,q15,1,MERGE_AGGREGATE,0.042261
paging,q15,1,MERGE_AGGREGATE,0.023924
paging,q15,1,MERGE_AGGREGATE,0.061566
paging,q15,1,MERGE_AGGREGATE,0.018623
paging,q15,1,MERGE_AGGREGATE,0.052029
paging,q15,1,MERGE_GROUP_BY,2.124693
paging,q15,1,MERGE_GROUP_BY,2.61854
paging,q15,1,MERGE_GROUP_BY,2.045495
paging,q15,1,MERGE_GROUP_BY,2.476764
paging,q15,1,MERGE_GROUP_BY,2.116028
paging,q15,1,MERGE_SORT,0.01233
paging,q15,1,MERGE_SORT,0.008679
paging,q15,1,MERGE_SORT,0.020562
paging,q15,1,MERGE_SORT,0.00998
paging,q15,1,MERGE_SORT,0.015577
paging,q15,1,ORDER_BY,7.034166
paging,q15,1,ORDER_BY,0.258893
paging,q15,1,ORDER_BY,0.232779
paging,q15,1,ORDER_BY,0.23082
paging,q15,1,ORDER_BY,0.613213
paging,q15,1,PARTITION,0.197421
paging,q15,1,PARTITION,0.105028
paging,q15,1,PARTITION,0.3952060000000001
paging,q15,1,PARTITION,0.11782900000000002
paging,q15,1,PARTITION,0.21381299999999998
paging,q15,1,PROJECTION,8.540145999999998
paging,q15,1,PROJECTION,4.822227
paging,q15,1,PROJECTION,3.855688
paging,q15,1,PROJECTION,4.7120169999999995
paging,q15,1,PROJECTION,5.397873999999999
paging,q15,1,RESULT_COLLECTOR,0.160284
paging,q15,1,RESULT_COLLECTOR,0.144368
paging,q15,1,RESULT_COLLECTOR,0.110284
paging,q15,1,RESULT_COLLECTOR,0.140703
paging,q15,1,RESULT_COLLECTOR,0.106202
paging,q15,1,SORT_PARTITION,1.275311
paging,q15,1,SORT_PARTITION,0.449519
paging,q15,1,SORT_PARTITION,0.376375
paging,q15,1,SORT_PARTITION,0.423863
paging,q15,1,SORT_PARTITION,0.396826
paging,q15,1,SORT_SAMPLE,0.204271
paging,q15,1,SORT_SAMPLE,0.033057
paging,q15,1,SORT_SAMPLE,0.030831
paging,q15,1,SORT_SAMPLE,0.039692
paging,q15,1,SORT_SAMPLE,0.041096
paging,q15,1,UNGROUPED_AGGREGATE,11.519116
paging,q15,1,UNGROUPED_AGGREGATE,0.359296
paging,q15,1,UNGROUPED_AGGREGATE,0.30267900000000003
paging,q15,1,UNGROUPED_AGGREGATE,0.31837
paging,q15,1,UNGROUPED_AGGREGATE,0.311608
paging,q15,2,CONCAT,0.03331
paging,q15,2,CONCAT,0.034757
paging,q15,2,CONCAT,0.034419
paging,q15,2,CONCAT,0.030801000000000002
paging,q15,2,CONCAT,0.038567000000000004
paging,q15,2,CTE,0.008079
paging,q15,2,CTE,0.007978
paging,q15,2,CTE,0.008385
paging,q15,2,CTE,0.007574
paging,q15,2,CTE,0.02727
paging,q15,2,GPU_SCAN,3168.900541
paging,q15,2,GPU_SCAN,3337.718656
paging,q15,2,GPU_SCAN,3274.6870069999995
paging,q15,2,GPU_SCAN,3223.571939
paging,q15,2,GPU_SCAN,3271.928082
paging,q15,2,HASH_GROUP_BY,24.360396000000005
paging,q15,2,HASH_GROUP_BY,10.838632
paging,q15,2,HASH_GROUP_BY,12.734227000000002
paging,q15,2,HASH_GROUP_BY,10.306792999999999
paging,q15,2,HASH_GROUP_BY,12.675861
paging,q15,2,HASH_JOIN,9.44717
paging,q15,2,HASH_JOIN,1.289293
paging,q15,2,HASH_JOIN,1.311448
paging,q15,2,HASH_JOIN,1.236402
paging,q15,2,HASH_JOIN,0.989406
paging,q15,2,MERGE_AGGREGATE,0.039977
paging,q15,2,MERGE_AGGREGATE,0.043016
paging,q15,2,MERGE_AGGREGATE,0.049624999999999996
paging,q15,2,MERGE_AGGREGATE,0.039898
paging,q15,2,MERGE_AGGREGATE,0.027385
paging,q15,2,MERGE_GROUP_BY,2.157676
paging,q15,2,MERGE_GROUP_BY,2.136837
paging,q15,2,MERGE_GROUP_BY,2.165628
paging,q15,2,MERGE_GROUP_BY,2.118958
paging,q15,2,MERGE_GROUP_BY,2.210967
paging,q15,2,MERGE_SORT,0.03056
paging,q15,2,MERGE_SORT,0.015221
paging,q15,2,MERGE_SORT,0.015428
paging,q15,2,MERGE_SORT,0.016352
paging,q15,2,MERGE_SORT,0.010817
paging,q15,2,ORDER_BY,8.567361
paging,q15,2,ORDER_BY,0.246989
paging,q15,2,ORDER_BY,0.239724
paging,q15,2,ORDER_BY,0.236449
paging,q15,2,ORDER_BY,0.24916
paging,q15,2,PARTITION,0.32233999999999996
paging,q15,2,PARTITION,0.20175600000000002
paging,q15,2,PARTITION,0.26069300000000006
paging,q15,2,PARTITION,0.15239999999999998
paging,q15,2,PARTITION,0.24666899999999997
paging,q15,2,PROJECTION,9.889771
paging,q15,2,PROJECTION,7.285580000000001
paging,q15,2,PROJECTION,5.832695000000002
paging,q15,2,PROJECTION,6.944500000000001
paging,q15,2,PROJECTION,4.933864
paging,q15,2,RESULT_COLLECTOR,0.36686
paging,q15,2,RESULT_COLLECTOR,0.202157
paging,q15,2,RESULT_COLLECTOR,0.230386
paging,q15,2,RESULT_COLLECTOR,0.129573
paging,q15,2,RESULT_COLLECTOR,0.17238
paging,q15,2,SORT_PARTITION,1.358444
paging,q15,2,SORT_PARTITION,0.546351
paging,q15,2,SORT_PARTITION,0.458542
paging,q15,2,SORT_PARTITION,0.407941
paging,q15,2,SORT_PARTITION,0.53394
paging,q15,2,SORT_SAMPLE,0.238515
paging,q15,2,SORT_SAMPLE,0.042328
paging,q15,2,SORT_SAMPLE,0.043019
paging,q15,2,SORT_SAMPLE,0.033598
paging,q15,2,SORT_SAMPLE,0.050489
paging,q15,2,UNGROUPED_AGGREGATE,11.983595
paging,q15,2,UNGROUPED_AGGREGATE,0.37555
paging,q15,2,UNGROUPED_AGGREGATE,0.34896099999999997
paging,q15,2,UNGROUPED_AGGREGATE,0.29649099999999995
paging,q15,2,UNGROUPED_AGGREGATE,0.488641
paging,q15,3,CONCAT,0.035126
paging,q15,3,CONCAT,0.047989
paging,q15,3,CONCAT,0.032577999999999996
paging,q15,3,CONCAT,0.070768
paging,q15,3,CONCAT,0.055726000000000005
paging,q15,3,CTE,0.006631
paging,q15,3,CTE,0.00708
paging,q15,3,CTE,0.009753
paging,q15,3,CTE,0.00766
paging,q15,3,CTE,0.025369
paging,q15,3,GPU_SCAN,3243.3593610000003
paging,q15,3,GPU_SCAN,3121.73364
paging,q15,3,GPU_SCAN,3123.8005270000003
paging,q15,3,GPU_SCAN,3087.639618
paging,q15,3,GPU_SCAN,3081.564136
paging,q15,3,HASH_GROUP_BY,23.858971
paging,q15,3,HASH_GROUP_BY,12.709096
paging,q15,3,HASH_GROUP_BY,12.314588
paging,q15,3,HASH_GROUP_BY,12.433971
paging,q15,3,HASH_GROUP_BY,11.64102
paging,q15,3,HASH_JOIN,7.36385
paging,q15,3,HASH_JOIN,1.103097
paging,q15,3,HASH_JOIN,0.765239
paging,q15,3,HASH_JOIN,1.4344329999999998
paging,q15,3,HASH_JOIN,0.975413
paging,q15,3,MERGE_AGGREGATE,0.028381
paging,q15,3,MERGE_AGGREGATE,0.042272000000000004
paging,q15,3,MERGE_AGGREGATE,0.019749000000000003
paging,q15,3,MERGE_AGGREGATE,0.06772
paging,q15,3,MERGE_AGGREGATE,0.028204
paging,q15,3,MERGE_GROUP_BY,2.059869
paging,q15,3,MERGE_GROUP_BY,2.08163
paging,q15,3,MERGE_GROUP_BY,2.036576
paging,q15,3,MERGE_GROUP_BY,2.103311
paging,q15,3,MERGE_GROUP_BY,2.145282
paging,q15,3,MERGE_SORT,0.059838
paging,q15,3,MERGE_SORT,0.01361
paging,q15,3,MERGE_SORT,0.011875
paging,q15,3,MERGE_SORT,0.020188
paging,q15,3,MERGE_SORT,0.012833
paging,q15,3,ORDER_BY,6.719107
paging,q15,3,ORDER_BY,0.252216
paging,q15,3,ORDER_BY,0.232423
paging,q15,3,ORDER_BY,0.253326
paging,q15,3,ORDER_BY,0.272037
paging,q15,3,PARTITION,0.13879
paging,q15,3,PARTITION,0.15067899999999998
paging,q15,3,PARTITION,0.14469900000000002
paging,q15,3,PARTITION,0.25830800000000004
paging,q15,3,PARTITION,0.17841500000000002
paging,q15,3,PROJECTION,11.789267999999998
paging,q15,3,PROJECTION,5.482555
paging,q15,3,PROJECTION,5.478421000000001
paging,q15,3,PROJECTION,5.440511
paging,q15,3,PROJECTION,8.412865999999998
paging,q15,3,RESULT_COLLECTOR,0.141246
paging,q15,3,RESULT_COLLECTOR,0.198018
paging,q15,3,RESULT_COLLECTOR,0.115762
paging,q15,3,RESULT_COLLECTOR,0.172092
paging,q15,3,RESULT_COLLECTOR,0.186383
paging,q15,3,SORT_PARTITION,0.396046
paging,q15,3,SORT_PARTITION,0.513604
paging,q15,3,SORT_PARTITION,0.381441
paging,q15,3,SORT_PARTITION,0.594079
paging,q15,3,SORT_PARTITION,0.609442
paging,q15,3,SORT_SAMPLE,0.032175
paging,q15,3,SORT_SAMPLE,0.060999
paging,q15,3,SORT_SAMPLE,0.041404
paging,q15,3,SORT_SAMPLE,0.066185
paging,q15,3,SORT_SAMPLE,0.061762
paging,q15,3,UNGROUPED_AGGREGATE,7.272702
paging,q15,3,UNGROUPED_AGGREGATE,0.4838
paging,q15,3,UNGROUPED_AGGREGATE,0.342036
paging,q15,3,UNGROUPED_AGGREGATE,0.791736
paging,q15,3,UNGROUPED_AGGREGATE,0.8020029999999999
paging,q16,1,CONCAT,0.370227
paging,q16,1,CONCAT,0.259528
paging,q16,1,CONCAT,0.28183500000000006
paging,q16,1,CONCAT,0.14725
paging,q16,1,CONCAT,0.190246
paging,q16,1,DYNAMIC_FILTER,0.709192
paging,q16,1,DYNAMIC_FILTER,0.695452
paging,q16,1,DYNAMIC_FILTER,0.694295
paging,q16,1,DYNAMIC_FILTER,0.687694
paging,q16,1,DYNAMIC_FILTER,0.689553
paging,q16,1,FILTER,20.450038
paging,q16,1,FILTER,4.2033830000000005
paging,q16,1,FILTER,4.131597
paging,q16,1,FILTER,4.064948
paging,q16,1,FILTER,4.467452
paging,q16,1,GPU_SCAN,122.179609
paging,q16,1,GPU_SCAN,94.726018
paging,q16,1,GPU_SCAN,94.562545
paging,q16,1,GPU_SCAN,94.12729
paging,q16,1,GPU_SCAN,93.32013200000002
paging,q16,1,HASH_GROUP_BY,70.442897
paging,q16,1,HASH_GROUP_BY,47.184236
paging,q16,1,HASH_GROUP_BY,47.126648
paging,q16,1,HASH_GROUP_BY,46.952163
paging,q16,1,HASH_GROUP_BY,47.247333
paging,q16,1,HASH_JOIN,19.743850000000002
paging,q16,1,HASH_JOIN,5.832708
paging,q16,1,HASH_JOIN,5.439254
paging,q16,1,HASH_JOIN,5.754869
paging,q16,1,HASH_JOIN,5.800091
paging,q16,1,MERGE_GROUP_BY,3.88163
paging,q16,1,MERGE_GROUP_BY,1.070441
paging,q16,1,MERGE_GROUP_BY,1.007471
paging,q16,1,MERGE_GROUP_BY,0.369912
paging,q16,1,MERGE_GROUP_BY,1.0009
paging,q16,1,MERGE_SORT,0.034321
paging,q16,1,MERGE_SORT,0.013193
paging,q16,1,MERGE_SORT,0.005737
paging,q16,1,MERGE_SORT,0.006559
paging,q16,1,MERGE_SORT,0.022736
paging,q16,1,ORDER_BY,2.933872
paging,q16,1,ORDER_BY,2.519287
paging,q16,1,ORDER_BY,2.636541
paging,q16,1,ORDER_BY,2.802153
paging,q16,1,ORDER_BY,2.719819
paging,q16,1,PARTITION,0.23232200000000003
paging,q16,1,PARTITION,0.199505
paging,q16,1,PARTITION,0.077259
paging,q16,1,PARTITION,0.09476499999999999
paging,q16,1,PARTITION,0.16407000000000002
paging,q16,1,PROJECTION,0.024194
paging,q16,1,PROJECTION,0.027105
paging,q16,1,PROJECTION,0.019682
paging,q16,1,PROJECTION,0.01227
paging,q16,1,PROJECTION,0.013504
paging,q16,1,RESULT_COLLECTOR,1.630994
paging,q16,1,RESULT_COLLECTOR,1.721457
paging,q16,1,RESULT_COLLECTOR,1.486644
paging,q16,1,RESULT_COLLECTOR,1.191497
paging,q16,1,RESULT_COLLECTOR,0.774604
paging,q16,1,SORT_PARTITION,0.017354
paging,q16,1,SORT_PARTITION,0.006513
paging,q16,1,SORT_PARTITION,0.004699
paging,q16,1,SORT_PARTITION,0.005026
paging,q16,1,SORT_PARTITION,0.007387
paging,q16,1,SORT_SAMPLE,0.030345
paging,q16,1,SORT_SAMPLE,0.009688
paging,q16,1,SORT_SAMPLE,0.009062
paging,q16,1,SORT_SAMPLE,0.009313
paging,q16,1,SORT_SAMPLE,0.014701
paging,q16,2,CONCAT,0.34660300000000005
paging,q16,2,CONCAT,0.299509
paging,q16,2,CONCAT,0.16582899999999998
paging,q16,2,CONCAT,0.316722
paging,q16,2,CONCAT,0.130361
paging,q16,2,DYNAMIC_FILTER,0.724954
paging,q16,2,DYNAMIC_FILTER,0.700626
paging,q16,2,DYNAMIC_FILTER,0.691254
paging,q16,2,DYNAMIC_FILTER,0.688769
paging,q16,2,DYNAMIC_FILTER,0.695666
paging,q16,2,FILTER,17.817474
paging,q16,2,FILTER,4.11634
paging,q16,2,FILTER,4.052925
paging,q16,2,FILTER,4.0842849999999995
paging,q16,2,FILTER,4.081182
paging,q16,2,GPU_SCAN,122.25206
paging,q16,2,GPU_SCAN,96.391945
paging,q16,2,GPU_SCAN,94.56709199999999
paging,q16,2,GPU_SCAN,93.827609
paging,q16,2,GPU_SCAN,94.560119
paging,q16,2,HASH_GROUP_BY,68.242767
paging,q16,2,HASH_GROUP_BY,47.181748
paging,q16,2,HASH_GROUP_BY,46.781999
paging,q16,2,HASH_GROUP_BY,47.019641
paging,q16,2,HASH_GROUP_BY,46.806447
paging,q16,2,HASH_JOIN,19.714453
paging,q16,2,HASH_JOIN,5.869431
paging,q16,2,HASH_JOIN,5.337326
paging,q16,2,HASH_JOIN,5.340645
paging,q16,2,HASH_JOIN,5.311308
paging,q16,2,MERGE_GROUP_BY,2.894693
paging,q16,2,MERGE_GROUP_BY,1.094992
paging,q16,2,MERGE_GROUP_BY,0.379211
paging,q16,2,MERGE_GROUP_BY,0.84288
paging,q16,2,MERGE_GROUP_BY,0.369365
paging,q16,2,MERGE_SORT,0.010343
paging,q16,2,MERGE_SORT,0.010561
paging,q16,2,MERGE_SORT,0.030878
paging,q16,2,MERGE_SORT,0.006485
paging,q16,2,MERGE_SORT,0.007347
paging,q16,2,ORDER_BY,2.443581
paging,q16,2,ORDER_BY,2.532961
paging,q16,2,ORDER_BY,2.456174
paging,q16,2,ORDER_BY,2.371335
paging,q16,2,ORDER_BY,2.358804
paging,q16,2,PARTITION,0.227518
paging,q16,2,PARTITION,0.18850100000000003
paging,q16,2,PARTITION,0.155646
paging,q16,2,PARTITION,0.064735
paging,q16,2,PARTITION,0.068156
paging,q16,2,PROJECTION,0.016894
paging,q16,2,PROJECTION,0.016268
paging,q16,2,PROJECTION,0.013688
paging,q16,2,PROJECTION,0.014357
paging,q16,2,PROJECTION,0.012734
paging,q16,2,RESULT_COLLECTOR,1.475152
paging,q16,2,RESULT_COLLECTOR,1.564558
paging,q16,2,RESULT_COLLECTOR,1.224886
paging,q16,2,RESULT_COLLECTOR,1.417446
paging,q16,2,RESULT_COLLECTOR,0.716856
paging,q16,2,SORT_PARTITION,0.006251
paging,q16,2,SORT_PARTITION,0.011672
paging,q16,2,SORT_PARTITION,0.005475
paging,q16,2,SORT_PARTITION,0.004915
paging,q16,2,SORT_PARTITION,0.00549
paging,q16,2,SORT_SAMPLE,0.011709
paging,q16,2,SORT_SAMPLE,0.019215
paging,q16,2,SORT_SAMPLE,0.009069
paging,q16,2,SORT_SAMPLE,0.008274
paging,q16,2,SORT_SAMPLE,0.008609
paging,q16,3,CONCAT,0.14275000000000002
paging,q16,3,CONCAT,0.1423
paging,q16,3,CONCAT,0.247379
paging,q16,3,CONCAT,0.298481
paging,q16,3,CONCAT,0.32787700000000003
paging,q16,3,DYNAMIC_FILTER,0.68801
paging,q16,3,DYNAMIC_FILTER,0.696117
paging,q16,3,DYNAMIC_FILTER,0.696077
paging,q16,3,DYNAMIC_FILTER,0.698296
paging,q16,3,DYNAMIC_FILTER,0.703397
paging,q16,3,FILTER,15.43337
paging,q16,3,FILTER,4.078810000000001
paging,q16,3,FILTER,4.088879
paging,q16,3,FILTER,4.079969
paging,q16,3,FILTER,4.12896
paging,q16,3,GPU_SCAN,127.34247500000001
paging,q16,3,GPU_SCAN,98.45817
paging,q16,3,GPU_SCAN,97.51906799999999
paging,q16,3,GPU_SCAN,97.477418
paging,q16,3,GPU_SCAN,98.69715599999999
paging,q16,3,HASH_GROUP_BY,66.801902
paging,q16,3,HASH_GROUP_BY,47.17845
paging,q16,3,HASH_GROUP_BY,46.962203
paging,q16,3,HASH_GROUP_BY,47.034885
paging,q16,3,HASH_GROUP_BY,47.14805
paging,q16,3,HASH_JOIN,14.250646999999999
paging,q16,3,HASH_JOIN,5.750089
paging,q16,3,HASH_JOIN,5.888794000000001
paging,q16,3,HASH_JOIN,5.329859
paging,q16,3,HASH_JOIN,5.890943
paging,q16,3,MERGE_GROUP_BY,2.594959
paging,q16,3,MERGE_GROUP_BY,0.318677
paging,q16,3,MERGE_GROUP_BY,1.100844
paging,q16,3,MERGE_GROUP_BY,0.428955
paging,q16,3,MERGE_GROUP_BY,1.150403
paging,q16,3,MERGE_SORT,0.007425
paging,q16,3,MERGE_SORT,0.007325
paging,q16,3,MERGE_SORT,0.008619
paging,q16,3,MERGE_SORT,0.029292
paging,q16,3,MERGE_SORT,0.008297
paging,q16,3,ORDER_BY,2.383133
paging,q16,3,ORDER_BY,3.000219
paging,q16,3,ORDER_BY,2.533649
paging,q16,3,ORDER_BY,2.317953
paging,q16,3,ORDER_BY,2.439703
paging,q16,3,PARTITION,0.161728
paging,q16,3,PARTITION,0.083597
paging,q16,3,PARTITION,0.175974
paging,q16,3,PARTITION,0.164964
paging,q16,3,PARTITION,0.18187100000000003
paging,q16,3,PROJECTION,0.014818
paging,q16,3,PROJECTION,0.013263
paging,q16,3,PROJECTION,0.012751
paging,q16,3,PROJECTION,0.014278
paging,q16,3,PROJECTION,0.017045
paging,q16,3,RESULT_COLLECTOR,1.325821
paging,q16,3,RESULT_COLLECTOR,1.368465
paging,q16,3,RESULT_COLLECTOR,3.796514
paging,q16,3,RESULT_COLLECTOR,1.214187
paging,q16,3,RESULT_COLLECTOR,1.044331
paging,q16,3,SORT_PARTITION,0.004742
paging,q16,3,SORT_PARTITION,0.008306
paging,q16,3,SORT_PARTITION,0.006063
paging,q16,3,SORT_PARTITION,0.00633
paging,q16,3,SORT_PARTITION,0.005816
paging,q16,3,SORT_SAMPLE,0.009581
paging,q16,3,SORT_SAMPLE,0.01662
paging,q16,3,SORT_SAMPLE,0.011051
paging,q16,3,SORT_SAMPLE,0.008152
paging,q16,3,SORT_SAMPLE,0.010515
paging,q17,1,CONCAT,7.8178149999999995
paging,q17,1,CONCAT,0.6062279999999999
paging,q17,1,CONCAT,0.3318239999999999
paging,q17,1,CONCAT,0.6364399999999999
paging,q17,1,CONCAT,0.43135899999999994
paging,q17,1,DYNAMIC_FILTER,24.631021999999998
paging,q17,1,DYNAMIC_FILTER,20.017804
paging,q17,1,DYNAMIC_FILTER,14.945881
paging,q17,1,DYNAMIC_FILTER,20.281277
paging,q17,1,DYNAMIC_FILTER,15.211109
paging,q17,1,FILTER,0.114936
paging,q17,1,FILTER,0.299501
paging,q17,1,FILTER,0.102432
paging,q17,1,FILTER,0.0976
paging,q17,1,FILTER,0.104502
paging,q17,1,GPU_SCAN,4248.241266
paging,q17,1,GPU_SCAN,4170.935170999999
paging,q17,1,GPU_SCAN,4062.37646
paging,q17,1,GPU_SCAN,4193.434459
paging,q17,1,GPU_SCAN,4015.377357
paging,q17,1,HASH_GROUP_BY,4.888661
paging,q17,1,HASH_GROUP_BY,4.188713
paging,q17,1,HASH_GROUP_BY,3.623371
paging,q17,1,HASH_GROUP_BY,4.063128
paging,q17,1,HASH_GROUP_BY,4.226929
paging,q17,1,HASH_JOIN,118.625138
paging,q17,1,HASH_JOIN,69.960705
paging,q17,1,HASH_JOIN,105.06895200000001
paging,q17,1,HASH_JOIN,114.876386
paging,q17,1,HASH_JOIN,108.00538900000002
paging,q17,1,LEFT_DELIM_JOIN,0.844258
paging,q17,1,LEFT_DELIM_JOIN,0.160682
paging,q17,1,LEFT_DELIM_JOIN,0.176519
paging,q17,1,LEFT_DELIM_JOIN,0.153806
paging,q17,1,LEFT_DELIM_JOIN,0.157452
paging,q17,1,MERGE_AGGREGATE,0.010389
paging,q17,1,MERGE_AGGREGATE,0.02974
paging,q17,1,MERGE_AGGREGATE,0.029321
paging,q17,1,MERGE_AGGREGATE,0.011791
paging,q17,1,MERGE_AGGREGATE,0.01099
paging,q17,1,MERGE_GROUP_BY,1.350298
paging,q17,1,MERGE_GROUP_BY,0.6637519999999999
paging,q17,1,MERGE_GROUP_BY,0.454369
paging,q17,1,MERGE_GROUP_BY,0.821689
paging,q17,1,MERGE_GROUP_BY,1.3117599999999998
paging,q17,1,PARTITION,0.432846
paging,q17,1,PARTITION,0.503363
paging,q17,1,PARTITION,0.322365
paging,q17,1,PARTITION,0.294741
paging,q17,1,PARTITION,0.322466
paging,q17,1,PROJECTION,0.399443
paging,q17,1,PROJECTION,0.608038
paging,q17,1,PROJECTION,0.335022
paging,q17,1,PROJECTION,0.6068349999999999
paging,q17,1,PROJECTION,0.521936
paging,q17,1,RESULT_COLLECTOR,0.090345
paging,q17,1,RESULT_COLLECTOR,0.102267
paging,q17,1,RESULT_COLLECTOR,0.06256
paging,q17,1,RESULT_COLLECTOR,0.064511
paging,q17,1,RESULT_COLLECTOR,0.084358
paging,q17,1,UNGROUPED_AGGREGATE,0.166296
paging,q17,1,UNGROUPED_AGGREGATE,0.359163
paging,q17,1,UNGROUPED_AGGREGATE,0.153698
paging,q17,1,UNGROUPED_AGGREGATE,0.134372
paging,q17,1,UNGROUPED_AGGREGATE,0.154306
paging,q17,2,CONCAT,6.628329000000001
paging,q17,2,CONCAT,0.527573
paging,q17,2,CONCAT,0.44960200000000006
paging,q17,2,CONCAT,0.45344200000000007
paging,q17,2,CONCAT,0.440863
paging,q17,2,DYNAMIC_FILTER,18.402979
paging,q17,2,DYNAMIC_FILTER,17.692944999999998
paging,q17,2,DYNAMIC_FILTER,15.767955
paging,q17,2,DYNAMIC_FILTER,16.656152999999996
paging,q17,2,DYNAMIC_FILTER,15.576042000000001
paging,q17,2,FILTER,0.121188
paging,q17,2,FILTER,0.157482
paging,q17,2,FILTER,0.143491
paging,q17,2,FILTER,0.09767
paging,q17,2,FILTER,0.094336
paging,q17,2,GPU_SCAN,4126.577595999999
paging,q17,2,GPU_SCAN,4116.084416
paging,q17,2,GPU_SCAN,4016.079119
paging,q17,2,GPU_SCAN,4180.73734
paging,q17,2,GPU_SCAN,4020.0697990000003
paging,q17,2,HASH_GROUP_BY,6.763996
paging,q17,2,HASH_GROUP_BY,6.87662
paging,q17,2,HASH_GROUP_BY,2.964984
paging,q17,2,HASH_GROUP_BY,3.232862
paging,q17,2,HASH_GROUP_BY,2.686144
paging,q17,2,HASH_JOIN,124.018691
paging,q17,2,HASH_JOIN,70.287282
paging,q17,2,HASH_JOIN,114.14885399999999
paging,q17,2,HASH_JOIN,106.088526
paging,q17,2,HASH_JOIN,104.76995900000001
paging,q17,2,LEFT_DELIM_JOIN,1.054681
paging,q17,2,LEFT_DELIM_JOIN,0.149598
paging,q17,2,LEFT_DELIM_JOIN,0.186556
paging,q17,2,LEFT_DELIM_JOIN,0.181177
paging,q17,2,LEFT_DELIM_JOIN,0.165738
paging,q17,2,MERGE_AGGREGATE,0.00829
paging,q17,2,MERGE_AGGREGATE,0.016838
paging,q17,2,MERGE_AGGREGATE,0.033384
paging,q17,2,MERGE_AGGREGATE,0.028187
paging,q17,2,MERGE_AGGREGATE,0.016462
paging,q17,2,MERGE_GROUP_BY,0.560127
paging,q17,2,MERGE_GROUP_BY,1.4214300000000002
paging,q17,2,MERGE_GROUP_BY,0.515837
paging,q17,2,MERGE_GROUP_BY,0.576221
paging,q17,2,MERGE_GROUP_BY,0.436358
paging,q17,2,PARTITION,0.37760600000000005
paging,q17,2,PARTITION,0.44938800000000007
paging,q17,2,PARTITION,0.2818379999999999
paging,q17,2,PARTITION,0.2992119999999999
paging,q17,2,PARTITION,0.24188899999999997
paging,q17,2,PROJECTION,0.507699
paging,q17,2,PROJECTION,0.336789
paging,q17,2,PROJECTION,0.310923
paging,q17,2,PROJECTION,0.27660799999999997
paging,q17,2,PROJECTION,0.568056
paging,q17,2,RESULT_COLLECTOR,0.082654
paging,q17,2,RESULT_COLLECTOR,0.087729
paging,q17,2,RESULT_COLLECTOR,0.06446
paging,q17,2,RESULT_COLLECTOR,0.071799
paging,q17,2,RESULT_COLLECTOR,0.071583
paging,q17,2,UNGROUPED_AGGREGATE,0.175712
paging,q17,2,UNGROUPED_AGGREGATE,0.25096
paging,q17,2,UNGROUPED_AGGREGATE,0.223403
paging,q17,2,UNGROUPED_AGGREGATE,0.136525
paging,q17,2,UNGROUPED_AGGREGATE,0.129608
paging,q17,3,CONCAT,7.797318
paging,q17,3,CONCAT,0.438616
paging,q17,3,CONCAT,0.46000899999999995
paging,q17,3,CONCAT,0.480143
paging,q17,3,CONCAT,0.357959
paging,q17,3,DYNAMIC_FILTER,17.148387
paging,q17,3,DYNAMIC_FILTER,17.589533
paging,q17,3,DYNAMIC_FILTER,14.161331
paging,q17,3,DYNAMIC_FILTER,17.109578999999997
paging,q17,3,DYNAMIC_FILTER,17.7239
paging,q17,3,FILTER,0.106749
paging,q17,3,FILTER,0.267769
paging,q17,3,FILTER,0.101074
paging,q17,3,FILTER,0.180469
paging,q17,3,FILTER,0.113189
paging,q17,3,GPU_SCAN,4123.330403
paging,q17,3,GPU_SCAN,4096.5733199999995
paging,q17,3,GPU_SCAN,4130.91711
paging,q17,3,GPU_SCAN,4100.073555
paging,q17,3,GPU_SCAN,4117.262528
paging,q17,3,HASH_GROUP_BY,3.5460709999999995
paging,q17,3,HASH_GROUP_BY,3.847676
paging,q17,3,HASH_GROUP_BY,8.26182
paging,q17,3,HASH_GROUP_BY,5.1615969999999995
paging,q17,3,HASH_GROUP_BY,4.966578
paging,q17,3,HASH_JOIN,110.82781700000001
paging,q17,3,HASH_JOIN,71.71369200000001
paging,q17,3,HASH_JOIN,110.20734000000002
paging,q17,3,HASH_JOIN,114.800664
paging,q17,3,HASH_JOIN,115.58328999999998
paging,q17,3,LEFT_DELIM_JOIN,0.847302
paging,q17,3,LEFT_DELIM_JOIN,0.177593
paging,q17,3,LEFT_DELIM_JOIN,0.153972
paging,q17,3,LEFT_DELIM_JOIN,0.289963
paging,q17,3,LEFT_DELIM_JOIN,0.29441
paging,q17,3,MERGE_AGGREGATE,0.027119
paging,q17,3,MERGE_AGGREGATE,0.035057
paging,q17,3,MERGE_AGGREGATE,0.03008
paging,q17,3,MERGE_AGGREGATE,0.043225
paging,q17,3,MERGE_AGGREGATE,0.015335
paging,q17,3,MERGE_GROUP_BY,0.469825
paging,q17,3,MERGE_GROUP_BY,0.497593
paging,q17,3,MERGE_GROUP_BY,1.016631
paging,q17,3,MERGE_GROUP_BY,0.565903
paging,q17,3,MERGE_GROUP_BY,0.890396
paging,q17,3,PARTITION,0.5385299999999998
paging,q17,3,PARTITION,0.548443
paging,q17,3,PARTITION,0.29413300000000003
paging,q17,3,PARTITION,0.37704200000000004
paging,q17,3,PARTITION,0.478559
paging,q17,3,PROJECTION,0.302351
paging,q17,3,PROJECTION,0.410086
paging,q17,3,PROJECTION,0.348571
paging,q17,3,PROJECTION,0.47802
paging,q17,3,PROJECTION,0.725028
paging,q17,3,RESULT_COLLECTOR,0.069245
paging,q17,3,RESULT_COLLECTOR,0.08327
paging,q17,3,RESULT_COLLECTOR,0.070933
paging,q17,3,RESULT_COLLECTOR,0.095288
paging,q17,3,RESULT_COLLECTOR,0.10577
paging,q17,3,UNGROUPED_AGGREGATE,0.151525
paging,q17,3,UNGROUPED_AGGREGATE,0.212654
paging,q17,3,UNGROUPED_AGGREGATE,0.145669
paging,q17,3,UNGROUPED_AGGREGATE,0.205814
paging,q17,3,UNGROUPED_AGGREGATE,0.171007
paging,q18,1,CONCAT,0.498744
paging,q18,1,CONCAT,2.7618179999999994
paging,q18,1,CONCAT,2.80853
paging,q18,1,CONCAT,2.6991069999999997
paging,q18,1,CONCAT,3.004437
paging,q18,1,DYNAMIC_FILTER,13.897782
paging,q18,1,DYNAMIC_FILTER,15.154826
paging,q18,1,DYNAMIC_FILTER,16.963789000000002
paging,q18,1,DYNAMIC_FILTER,15.052056
paging,q18,1,DYNAMIC_FILTER,16.597654
paging,q18,1,FILTER,2.95314
paging,q18,1,FILTER,3.127643
paging,q18,1,FILTER,3.1661289999999997
paging,q18,1,FILTER,2.873094
paging,q18,1,FILTER,3.4524559999999997
paging,q18,1,GPU_SCAN,1543.406942
paging,q18,1,GPU_SCAN,1490.457105
paging,q18,1,GPU_SCAN,1519.8822870000004
paging,q18,1,GPU_SCAN,1496.2325609999998
paging,q18,1,GPU_SCAN,1488.648756
paging,q18,1,HASH_GROUP_BY,159.971644
paging,q18,1,HASH_GROUP_BY,157.18044
paging,q18,1,HASH_GROUP_BY,142.87185
paging,q18,1,HASH_GROUP_BY,158.421384
paging,q18,1,HASH_GROUP_BY,156.174736
paging,q18,1,HASH_JOIN,2.817317
paging,q18,1,HASH_JOIN,2.520466
paging,q18,1,HASH_JOIN,3.1544290000000004
paging,q18,1,HASH_JOIN,3.019551
paging,q18,1,HASH_JOIN,2.912176
paging,q18,1,MERGE_GROUP_BY,126.677108
paging,q18,1,MERGE_GROUP_BY,125.329342
paging,q18,1,MERGE_GROUP_BY,125.272469
paging,q18,1,MERGE_GROUP_BY,125.459297
paging,q18,1,MERGE_GROUP_BY,125.595068
paging,q18,1,MERGE_SORT,0.590145
paging,q18,1,MERGE_SORT,1.889404
paging,q18,1,MERGE_SORT,1.974828
paging,q18,1,MERGE_SORT,1.444363
paging,q18,1,MERGE_SORT,0.567353
paging,q18,1,ORDER_BY,0.35
paging,q18,1,ORDER_BY,0.363715
paging,q18,1,ORDER_BY,0.34457
paging,q18,1,ORDER_BY,0.351862
paging,q18,1,ORDER_BY,0.39042
paging,q18,1,PARTITION,48.35269499999999
paging,q18,1,PARTITION,33.308616000000015
paging,q18,1,PARTITION,33.681594000000004
paging,q18,1,PARTITION,33.425711000000014
paging,q18,1,PARTITION,33.451308
paging,q18,1,PROJECTION,0.011218
paging,q18,1,PROJECTION,0.011521
paging,q18,1,PROJECTION,0.019262
paging,q18,1,PROJECTION,0.01069
paging,q18,1,PROJECTION,0.011492
paging,q18,1,RESULT_COLLECTOR,0.126692
paging,q18,1,RESULT_COLLECTOR,0.325887
paging,q18,1,RESULT_COLLECTOR,0.300017
paging,q18,1,RESULT_COLLECTOR,0.199732
paging,q18,1,RESULT_COLLECTOR,0.345045
paging,q18,1,SORT_PARTITION,0.549653
paging,q18,1,SORT_PARTITION,0.310315
paging,q18,1,SORT_PARTITION,0.30499
paging,q18,1,SORT_PARTITION,0.312718
paging,q18,1,SORT_PARTITION,0.316357
paging,q18,1,SORT_SAMPLE,0.034794
paging,q18,1,SORT_SAMPLE,0.031398
paging,q18,1,SORT_SAMPLE,0.029508
paging,q18,1,SORT_SAMPLE,0.032509
paging,q18,1,SORT_SAMPLE,0.028238
paging,q18,2,CONCAT,0.43908900000000006
paging,q18,2,CONCAT,3.2401850000000003
paging,q18,2,CONCAT,2.9131419999999997
paging,q18,2,CONCAT,2.7087790000000003
paging,q18,2,CONCAT,2.74029
paging,q18,2,DYNAMIC_FILTER,15.523003000000001
paging,q18,2,DYNAMIC_FILTER,15.69426
paging,q18,2,DYNAMIC_FILTER,16.660369
paging,q18,2,DYNAMIC_FILTER,14.970232
paging,q18,2,DYNAMIC_FILTER,12.626165000000002
paging,q18,2,FILTER,3.171322
paging,q18,2,FILTER,2.9390479999999997
paging,q18,2,FILTER,3.088554
paging,q18,2,FILTER,2.953342
paging,q18,2,FILTER,2.9288879999999997
paging,q18,2,GPU_SCAN,1565.1829950000003
paging,q18,2,GPU_SCAN,1512.81013
paging,q18,2,GPU_SCAN,1535.9223790000003
paging,q18,2,GPU_SCAN,1500.443793
paging,q18,2,GPU_SCAN,1493.3191040000004
paging,q18,2,HASH_GROUP_BY,122.75819299999999
paging,q18,2,HASH_GROUP_BY,152.90647
paging,q18,2,HASH_GROUP_BY,157.705107
paging,q18,2,HASH_GROUP_BY,156.457918
paging,q18,2,HASH_GROUP_BY,156.88515
paging,q18,2,HASH_JOIN,2.530481
paging,q18,2,HASH_JOIN,2.792871
paging,q18,2,HASH_JOIN,2.828155
paging,q18,2,HASH_JOIN,2.533263
paging,q18,2,HASH_JOIN,3.074063
paging,q18,2,MERGE_GROUP_BY,127.409764
paging,q18,2,MERGE_GROUP_BY,125.208743
paging,q18,2,MERGE_GROUP_BY,125.19148200000001
paging,q18,2,MERGE_GROUP_BY,125.603431
paging,q18,2,MERGE_GROUP_BY,124.90750799999999
paging,q18,2,MERGE_SORT,2.029508
paging,q18,2,MERGE_SORT,2.033552
paging,q18,2,MERGE_SORT,0.731451
paging,q18,2,MERGE_SORT,1.900255
paging,q18,2,MERGE_SORT,0.559828
paging,q18,2,ORDER_BY,0.363328
paging,q18,2,ORDER_BY,0.458364
paging,q18,2,ORDER_BY,0.446667
paging,q18,2,ORDER_BY,0.397056
paging,q18,2,ORDER_BY,0.394186
paging,q18,2,PARTITION,51.23412300000001
paging,q18,2,PARTITION,33.45504699999999
paging,q18,2,PARTITION,33.933932
paging,q18,2,PARTITION,32.964584
paging,q18,2,PARTITION,33.84871399999998
paging,q18,2,PROJECTION,0.014741
paging,q18,2,PROJECTION,0.015187
paging,q18,2,PROJECTION,0.01549
paging,q18,2,PROJECTION,0.010575
paging,q18,2,PROJECTION,0.011234
paging,q18,2,RESULT_COLLECTOR,0.367761
paging,q18,2,RESULT_COLLECTOR,0.381847
paging,q18,2,RESULT_COLLECTOR,0.399688
paging,q18,2,RESULT_COLLECTOR,0.304899
paging,q18,2,RESULT_COLLECTOR,0.244308
paging,q18,2,SORT_PARTITION,0.560671
paging,q18,2,SORT_PARTITION,0.387684
paging,q18,2,SORT_PARTITION,0.41537
paging,q18,2,SORT_PARTITION,0.327145
paging,q18,2,SORT_PARTITION,0.319911
paging,q18,2,SORT_SAMPLE,0.046937
paging,q18,2,SORT_SAMPLE,0.050455
paging,q18,2,SORT_SAMPLE,0.04401
paging,q18,2,SORT_SAMPLE,0.031607
paging,q18,2,SORT_SAMPLE,0.031698
paging,q18,3,CONCAT,0.46859799999999996
paging,q18,3,CONCAT,3.0048549999999996
paging,q18,3,CONCAT,2.7666200000000005
paging,q18,3,CONCAT,2.7398860000000003
paging,q18,3,CONCAT,2.764613
paging,q18,3,DYNAMIC_FILTER,12.355650999999998
paging,q18,3,DYNAMIC_FILTER,15.877718
paging,q18,3,DYNAMIC_FILTER,15.324025
paging,q18,3,DYNAMIC_FILTER,15.430692
paging,q18,3,DYNAMIC_FILTER,15.625430999999999
paging,q18,3,FILTER,3.061083
paging,q18,3,FILTER,2.981928
paging,q18,3,FILTER,3.225931
paging,q18,3,FILTER,2.935035
paging,q18,3,FILTER,3.005144
paging,q18,3,GPU_SCAN,1575.140691
paging,q18,3,GPU_SCAN,1523.3081300000001
paging,q18,3,GPU_SCAN,1517.8835850000003
paging,q18,3,GPU_SCAN,1528.747332
paging,q18,3,GPU_SCAN,1503.5577460000002
paging,q18,3,HASH_GROUP_BY,161.52778999999998
paging,q18,3,HASH_GROUP_BY,155.960081
paging,q18,3,HASH_GROUP_BY,158.472102
paging,q18,3,HASH_GROUP_BY,158.706769
paging,q18,3,HASH_GROUP_BY,155.98506799999998
paging,q18,3,HASH_JOIN,2.867051
paging,q18,3,HASH_JOIN,2.5413059999999996
paging,q18,3,HASH_JOIN,3.0841610000000004
paging,q18,3,HASH_JOIN,2.477892
paging,q18,3,HASH_JOIN,2.745983
paging,q18,3,MERGE_GROUP_BY,126.238175
paging,q18,3,MERGE_GROUP_BY,125.523953
paging,q18,3,MERGE_GROUP_BY,125.480715
paging,q18,3,MERGE_GROUP_BY,125.844296
paging,q18,3,MERGE_GROUP_BY,125.909091
paging,q18,3,MERGE_SORT,2.101575
paging,q18,3,MERGE_SORT,0.580726
paging,q18,3,MERGE_SORT,0.615627
paging,q18,3,MERGE_SORT,1.50126
paging,q18,3,MERGE_SORT,1.962974
paging,q18,3,ORDER_BY,0.736748
paging,q18,3,ORDER_BY,0.43798
paging,q18,3,ORDER_BY,0.367658
paging,q18,3,ORDER_BY,0.351913
paging,q18,3,ORDER_BY,0.415054
paging,q18,3,PARTITION,48.30877699999999
paging,q18,3,PARTITION,33.263417
paging,q18,3,PARTITION,32.958760999999996
paging,q18,3,PARTITION,32.844463000000005
paging,q18,3,PARTITION,32.61331600000001
paging,q18,3,PROJECTION,0.011037
paging,q18,3,PROJECTION,0.011821
paging,q18,3,PROJECTION,0.011861
paging,q18,3,PROJECTION,0.011032
paging,q18,3,PROJECTION,0.01156
paging,q18,3,RESULT_COLLECTOR,0.192311
paging,q18,3,RESULT_COLLECTOR,0.122658
paging,q18,3,RESULT_COLLECTOR,0.338866
paging,q18,3,RESULT_COLLECTOR,0.303321
paging,q18,3,RESULT_COLLECTOR,0.311976
paging,q18,3,SORT_PARTITION,1.845738
paging,q18,3,SORT_PARTITION,0.317223
paging,q18,3,SORT_PARTITION,0.343176
paging,q18,3,SORT_PARTITION,0.317285
paging,q18,3,SORT_PARTITION,0.321244
paging,q18,3,SORT_SAMPLE,0.213667
paging,q18,3,SORT_SAMPLE,0.029967
paging,q18,3,SORT_SAMPLE,0.031503
paging,q18,3,SORT_SAMPLE,0.029912
paging,q18,3,SORT_SAMPLE,0.032415
paging,q19,1,CONCAT,2.517003
paging,q19,1,CONCAT,2.3752429999999998
paging,q19,1,CONCAT,1.965644
paging,q19,1,CONCAT,1.95248
paging,q19,1,CONCAT,2.036832
paging,q19,1,DYNAMIC_FILTER,2.240529
paging,q19,1,DYNAMIC_FILTER,2.218545
paging,q19,1,DYNAMIC_FILTER,2.183351
paging,q19,1,DYNAMIC_FILTER,2.166202
paging,q19,1,DYNAMIC_FILTER,2.187011
paging,q19,1,FILTER,20.665219999999998
paging,q19,1,FILTER,21.033678000000002
paging,q19,1,FILTER,22.013258999999998
paging,q19,1,FILTER,19.444998
paging,q19,1,FILTER,21.287573000000002
paging,q19,1,GPU_SCAN,2978.8295639999997
paging,q19,1,GPU_SCAN,2961.5135920000002
paging,q19,1,GPU_SCAN,3045.8658760000008
paging,q19,1,GPU_SCAN,2965.095208
paging,q19,1,GPU_SCAN,2955.0890290000007
paging,q19,1,HASH_JOIN,12.635846
paging,q19,1,HASH_JOIN,12.479609
paging,q19,1,HASH_JOIN,12.480408
paging,q19,1,HASH_JOIN,12.922594
paging,q19,1,HASH_JOIN,12.669825
paging,q19,1,MERGE_AGGREGATE,0.067719
paging,q19,1,MERGE_AGGREGATE,0.029999
paging,q19,1,MERGE_AGGREGATE,0.02744
paging,q19,1,MERGE_AGGREGATE,0.051736
paging,q19,1,MERGE_AGGREGATE,0.063694
paging,q19,1,PARTITION,0.40532399999999996
paging,q19,1,PARTITION,0.37955600000000006
paging,q19,1,PARTITION,0.49963799999999997
paging,q19,1,PARTITION,0.29117899999999997
paging,q19,1,PARTITION,0.34665499999999994
paging,q19,1,PROJECTION,0.081889
paging,q19,1,PROJECTION,0.088168
paging,q19,1,PROJECTION,0.085563
paging,q19,1,PROJECTION,0.081885
paging,q19,1,PROJECTION,0.085071
paging,q19,1,RESULT_COLLECTOR,0.228326
paging,q19,1,RESULT_COLLECTOR,0.241926
paging,q19,1,RESULT_COLLECTOR,0.215037
paging,q19,1,RESULT_COLLECTOR,0.103047
paging,q19,1,RESULT_COLLECTOR,0.234568
paging,q19,1,UNGROUPED_AGGREGATE,0.157779
paging,q19,1,UNGROUPED_AGGREGATE,0.163435
paging,q19,1,UNGROUPED_AGGREGATE,0.1692
paging,q19,1,UNGROUPED_AGGREGATE,0.151151
paging,q19,1,UNGROUPED_AGGREGATE,0.159321
paging,q19,2,CONCAT,2.549705
paging,q19,2,CONCAT,2.1828719999999997
paging,q19,2,CONCAT,2.478375
paging,q19,2,CONCAT,1.88056
paging,q19,2,CONCAT,1.979109
paging,q19,2,DYNAMIC_FILTER,2.178707
paging,q19,2,DYNAMIC_FILTER,2.173377
paging,q19,2,DYNAMIC_FILTER,2.132622
paging,q19,2,DYNAMIC_FILTER,2.159334
paging,q19,2,DYNAMIC_FILTER,2.237151
paging,q19,2,FILTER,18.831108999999998
paging,q19,2,FILTER,21.189264
paging,q19,2,FILTER,21.226337
paging,q19,2,FILTER,20.457971
paging,q19,2,FILTER,20.525079
paging,q19,2,GPU_SCAN,2940.4799959999996
paging,q19,2,GPU_SCAN,2937.812988
paging,q19,2,GPU_SCAN,3022.255607999999
paging,q19,2,GPU_SCAN,2944.645458
paging,q19,2,GPU_SCAN,2957.2609219999995
paging,q19,2,HASH_JOIN,12.726201
paging,q19,2,HASH_JOIN,12.457132
paging,q19,2,HASH_JOIN,12.608438
paging,q19,2,HASH_JOIN,12.662325
paging,q19,2,HASH_JOIN,12.746254
paging,q19,2,MERGE_AGGREGATE,0.054094
paging,q19,2,MERGE_AGGREGATE,0.020023
paging,q19,2,MERGE_AGGREGATE,0.029147
paging,q19,2,MERGE_AGGREGATE,0.023524
paging,q19,2,MERGE_AGGREGATE,0.033587
paging,q19,2,PARTITION,0.306694
paging,q19,2,PARTITION,0.24251999999999999
paging,q19,2,PARTITION,0.48728400000000005
paging,q19,2,PARTITION,0.224106
paging,q19,2,PARTITION,0.311206
paging,q19,2,PROJECTION,0.077635
paging,q19,2,PROJECTION,0.077041
paging,q19,2,PROJECTION,0.073582
paging,q19,2,PROJECTION,0.070085
paging,q19,2,PROJECTION,0.08286
paging,q19,2,RESULT_COLLECTOR,0.191941
paging,q19,2,RESULT_COLLECTOR,0.217155
paging,q19,2,RESULT_COLLECTOR,0.184512
paging,q19,2,RESULT_COLLECTOR,0.18681
paging,q19,2,RESULT_COLLECTOR,0.126921
paging,q19,2,UNGROUPED_AGGREGATE,0.143689
paging,q19,2,UNGROUPED_AGGREGATE,0.136831
paging,q19,2,UNGROUPED_AGGREGATE,0.128148
paging,q19,2,UNGROUPED_AGGREGATE,0.130375
paging,q19,2,UNGROUPED_AGGREGATE,0.153526
paging,q19,3,CONCAT,2.064856
paging,q19,3,CONCAT,1.918649
paging,q19,3,CONCAT,1.82844
paging,q19,3,CONCAT,1.923226
paging,q19,3,CONCAT,1.9283489999999999
paging,q19,3,DYNAMIC_FILTER,2.217326
paging,q19,3,DYNAMIC_FILTER,2.155521
paging,q19,3,DYNAMIC_FILTER,2.147493
paging,q19,3,DYNAMIC_FILTER,2.134393
paging,q19,3,DYNAMIC_FILTER,2.154274
paging,q19,3,FILTER,21.683819999999997
paging,q19,3,FILTER,20.655003999999998
paging,q19,3,FILTER,20.622270999999998
paging,q19,3,FILTER,23.048884
paging,q19,3,FILTER,20.394511
paging,q19,3,GPU_SCAN,3010.3788920000006
paging,q19,3,GPU_SCAN,3014.080796
paging,q19,3,GPU_SCAN,3085.577636
paging,q19,3,GPU_SCAN,3026.304884
paging,q19,3,GPU_SCAN,3016.793962
paging,q19,3,HASH_JOIN,12.6778
paging,q19,3,HASH_JOIN,12.433305
paging,q19,3,HASH_JOIN,12.600016
paging,q19,3,HASH_JOIN,12.483956
paging,q19,3,HASH_JOIN,12.609418
paging,q19,3,MERGE_AGGREGATE,0.046715
paging,q19,3,MERGE_AGGREGATE,0.02014
paging,q19,3,MERGE_AGGREGATE,0.01636
paging,q19,3,MERGE_AGGREGATE,0.054209
paging,q19,3,MERGE_AGGREGATE,0.036909
paging,q19,3,PARTITION,0.41190699999999997
paging,q19,3,PARTITION,0.29331999999999997
paging,q19,3,PARTITION,0.27313099999999996
paging,q19,3,PARTITION,0.24189500000000003
paging,q19,3,PARTITION,0.23394699999999996
paging,q19,3,PROJECTION,0.076839
paging,q19,3,PROJECTION,0.080893
paging,q19,3,PROJECTION,0.07335
paging,q19,3,PROJECTION,0.0775
paging,q19,3,PROJECTION,0.076283
paging,q19,3,RESULT_COLLECTOR,0.08445
paging,q19,3,RESULT_COLLECTOR,0.200842
paging,q19,3,RESULT_COLLECTOR,0.192173
paging,q19,3,RESULT_COLLECTOR,0.317118
paging,q19,3,RESULT_COLLECTOR,0.209815
paging,q19,3,UNGROUPED_AGGREGATE,0.142046
paging,q19,3,UNGROUPED_AGGREGATE,0.16228
paging,q19,3,UNGROUPED_AGGREGATE,0.139085
paging,q19,3,UNGROUPED_AGGREGATE,0.152042
paging,q19,3,UNGROUPED_AGGREGATE,0.137117
paging,q20,1,CONCAT,0.6606859999999999
paging,q20,1,CONCAT,0.640761
paging,q20,1,CONCAT,1.0555430000000001
paging,q20,1,CONCAT,0.423758
paging,q20,1,CONCAT,0.5907020000000001
paging,q20,1,DYNAMIC_FILTER,10.041717
paging,q20,1,DYNAMIC_FILTER,11.653974999999999
paging,q20,1,DYNAMIC_FILTER,9.073220000000001
paging,q20,1,DYNAMIC_FILTER,7.716241000000001
paging,q20,1,DYNAMIC_FILTER,10.381323000000002
paging,q20,1,FILTER,0.268385
paging,q20,1,FILTER,0.249313
paging,q20,1,FILTER,0.181136
paging,q20,1,FILTER,0.182923
paging,q20,1,FILTER,0.183914
paging,q20,1,GPU_SCAN,2432.1234090000003
paging,q20,1,GPU_SCAN,2415.9646140000004
paging,q20,1,GPU_SCAN,2412.8288549999997
paging,q20,1,GPU_SCAN,2413.357591
paging,q20,1,GPU_SCAN,2408.9511079999997
paging,q20,1,HASH_GROUP_BY,0.512767
paging,q20,1,HASH_GROUP_BY,0.652214
paging,q20,1,HASH_GROUP_BY,0.514716
paging,q20,1,HASH_GROUP_BY,0.523067
paging,q20,1,HASH_GROUP_BY,0.511335
paging,q20,1,HASH_JOIN,2.538518
paging,q20,1,HASH_JOIN,4.397157999999999
paging,q20,1,HASH_JOIN,1.944782
paging,q20,1,HASH_JOIN,3.049589
paging,q20,1,HASH_JOIN,3.1385060000000005
paging,q20,1,LEFT_DELIM_JOIN,0.574273
paging,q20,1,LEFT_DELIM_JOIN,0.566045
paging,q20,1,LEFT_DELIM_JOIN,0.330841
paging,q20,1,LEFT_DELIM_JOIN,0.38577
paging,q20,1,LEFT_DELIM_JOIN,0.580003
paging,q20,1,MERGE_GROUP_BY,0.054683999999999996
paging,q20,1,MERGE_GROUP_BY,0.019858
paging,q20,1,MERGE_GROUP_BY,0.014909
paging,q20,1,MERGE_GROUP_BY,0.036342
paging,q20,1,MERGE_GROUP_BY,0.068756
paging,q20,1,MERGE_SORT,1.253373
paging,q20,1,MERGE_SORT,0.448454
paging,q20,1,MERGE_SORT,0.812326
paging,q20,1,MERGE_SORT,0.851637
paging,q20,1,MERGE_SORT,1.068888
paging,q20,1,ORDER_BY,6.374849
paging,q20,1,ORDER_BY,3.204356
paging,q20,1,ORDER_BY,3.199429
paging,q20,1,ORDER_BY,3.225235
paging,q20,1,ORDER_BY,3.193071
paging,q20,1,PARTITION,0.32937500000000003
paging,q20,1,PARTITION,0.267369
paging,q20,1,PARTITION,0.335556
paging,q20,1,PARTITION,0.351448
paging,q20,1,PARTITION,0.264346
paging,q20,1,PROJECTION,0.098462
paging,q20,1,PROJECTION,0.09928300000000001
paging,q20,1,PROJECTION,0.154402
paging,q20,1,PROJECTION,0.09779199999999999
paging,q20,1,PROJECTION,0.104198
paging,q20,1,RESULT_COLLECTOR,0.368496
paging,q20,1,RESULT_COLLECTOR,0.330868
paging,q20,1,RESULT_COLLECTOR,0.275906
paging,q20,1,RESULT_COLLECTOR,0.345394
paging,q20,1,RESULT_COLLECTOR,0.770479
paging,q20,1,SORT_PARTITION,1.131294
paging,q20,1,SORT_PARTITION,0.486153
paging,q20,1,SORT_PARTITION,1.320001
paging,q20,1,SORT_PARTITION,0.567264
paging,q20,1,SORT_PARTITION,0.486225
paging,q20,1,SORT_SAMPLE,0.433279
paging,q20,1,SORT_SAMPLE,0.074577
paging,q20,1,SORT_SAMPLE,0.41383
paging,q20,1,SORT_SAMPLE,0.123954
paging,q20,1,SORT_SAMPLE,0.148982
paging,q20,2,CONCAT,0.707586
paging,q20,2,CONCAT,0.6188020000000001
paging,q20,2,CONCAT,0.7026129999999999
paging,q20,2,CONCAT,0.6388189999999999
paging,q20,2,CONCAT,0.661643
paging,q20,2,DYNAMIC_FILTER,7.922242000000001
paging,q20,2,DYNAMIC_FILTER,9.971267
paging,q20,2,DYNAMIC_FILTER,10.96705
paging,q20,2,DYNAMIC_FILTER,9.904382
paging,q20,2,DYNAMIC_FILTER,8.29618
paging,q20,2,FILTER,0.307044
paging,q20,2,FILTER,0.180907
paging,q20,2,FILTER,0.255452
paging,q20,2,FILTER,0.181483
paging,q20,2,FILTER,0.223956
paging,q20,2,GPU_SCAN,2440.2753820000003
paging,q20,2,GPU_SCAN,2431.294434
paging,q20,2,GPU_SCAN,2438.3368820000005
paging,q20,2,GPU_SCAN,2419.8272310000007
paging,q20,2,GPU_SCAN,2442.543678
paging,q20,2,HASH_GROUP_BY,0.590265
paging,q20,2,HASH_GROUP_BY,0.511842
paging,q20,2,HASH_GROUP_BY,0.990478
paging,q20,2,HASH_GROUP_BY,0.564703
paging,q20,2,HASH_GROUP_BY,0.597551
paging,q20,2,HASH_JOIN,2.5480400000000003
paging,q20,2,HASH_JOIN,3.4427770000000004
paging,q20,2,HASH_JOIN,4.264829000000001
paging,q20,2,HASH_JOIN,3.3992750000000003
paging,q20,2,HASH_JOIN,3.608158
paging,q20,2,LEFT_DELIM_JOIN,0.587694
paging,q20,2,LEFT_DELIM_JOIN,0.539454
paging,q20,2,LEFT_DELIM_JOIN,0.354495
paging,q20,2,LEFT_DELIM_JOIN,0.56666
paging,q20,2,LEFT_DELIM_JOIN,0.342617
paging,q20,2,MERGE_GROUP_BY,0.015528
paging,q20,2,MERGE_GROUP_BY,0.030038
paging,q20,2,MERGE_GROUP_BY,0.047594
paging,q20,2,MERGE_GROUP_BY,0.031876
paging,q20,2,MERGE_GROUP_BY,0.04729
paging,q20,2,MERGE_SORT,1.025959
paging,q20,2,MERGE_SORT,0.466689
paging,q20,2,MERGE_SORT,1.150915
paging,q20,2,MERGE_SORT,1.079867
paging,q20,2,MERGE_SORT,0.439212
paging,q20,2,ORDER_BY,6.712028
paging,q20,2,ORDER_BY,3.167351
paging,q20,2,ORDER_BY,3.232149
paging,q20,2,ORDER_BY,3.168411
paging,q20,2,ORDER_BY,3.229762
paging,q20,2,PARTITION,0.46465500000000004
paging,q20,2,PARTITION,0.34626100000000004
paging,q20,2,PARTITION,0.432707
paging,q20,2,PARTITION,0.254898
paging,q20,2,PARTITION,0.32151799999999997
paging,q20,2,PROJECTION,0.115077
paging,q20,2,PROJECTION,0.097248
paging,q20,2,PROJECTION,0.270899
paging,q20,2,PROJECTION,0.097761
paging,q20,2,PROJECTION,0.111775
paging,q20,2,RESULT_COLLECTOR,0.307976
paging,q20,2,RESULT_COLLECTOR,0.360357
paging,q20,2,RESULT_COLLECTOR,0.524152
paging,q20,2,RESULT_COLLECTOR,0.265982
paging,q20,2,RESULT_COLLECTOR,0.384923
paging,q20,2,SORT_PARTITION,0.544981
paging,q20,2,SORT_PARTITION,1.304413
paging,q20,2,SORT_PARTITION,1.374672
paging,q20,2,SORT_PARTITION,0.575601
paging,q20,2,SORT_PARTITION,1.368042
paging,q20,2,SORT_SAMPLE,0.084502
paging,q20,2,SORT_SAMPLE,0.409325
paging,q20,2,SORT_SAMPLE,0.504353
paging,q20,2,SORT_SAMPLE,0.074916
paging,q20,2,SORT_SAMPLE,0.427395
paging,q20,3,CONCAT,0.6875939999999999
paging,q20,3,CONCAT,0.8148909999999999
paging,q20,3,CONCAT,0.7042460000000001
paging,q20,3,CONCAT,0.5896710000000001
paging,q20,3,CONCAT,0.480082
paging,q20,3,DYNAMIC_FILTER,7.0294479999999995
paging,q20,3,DYNAMIC_FILTER,9.750331
paging,q20,3,DYNAMIC_FILTER,10.527379
paging,q20,3,DYNAMIC_FILTER,10.307788
paging,q20,3,DYNAMIC_FILTER,7.1467719999999995
paging,q20,3,FILTER,0.283833
paging,q20,3,FILTER,0.208034
paging,q20,3,FILTER,0.210996
paging,q20,3,FILTER,0.256688
paging,q20,3,FILTER,0.171057
paging,q20,3,GPU_SCAN,2469.7258190000002
paging,q20,3,GPU_SCAN,2479.407708
paging,q20,3,GPU_SCAN,2464.068224
paging,q20,3,GPU_SCAN,2455.558969
paging,q20,3,GPU_SCAN,2472.1828239999995
paging,q20,3,HASH_GROUP_BY,1.085184
paging,q20,3,HASH_GROUP_BY,0.54624
paging,q20,3,HASH_GROUP_BY,0.529664
paging,q20,3,HASH_GROUP_BY,0.715319
paging,q20,3,HASH_GROUP_BY,0.495571
paging,q20,3,HASH_JOIN,4.470791
paging,q20,3,HASH_JOIN,3.4526160000000004
paging,q20,3,HASH_JOIN,3.627729
paging,q20,3,HASH_JOIN,3.340469
paging,q20,3,HASH_JOIN,2.321664
paging,q20,3,LEFT_DELIM_JOIN,0.630111
paging,q20,3,LEFT_DELIM_JOIN,0.642825
paging,q20,3,LEFT_DELIM_JOIN,0.606652
paging,q20,3,LEFT_DELIM_JOIN,0.504302
paging,q20,3,LEFT_DELIM_JOIN,0.634211
paging,q20,3,MERGE_GROUP_BY,0.014779
paging,q20,3,MERGE_GROUP_BY,0.079767
paging,q20,3,MERGE_GROUP_BY,0.02928
paging,q20,3,MERGE_GROUP_BY,0.02472
paging,q20,3,MERGE_GROUP_BY,0.028198
paging,q20,3,MERGE_SORT,0.54685
paging,q20,3,MERGE_SORT,0.463268
paging,q20,3,MERGE_SORT,0.412195
paging,q20,3,MERGE_SORT,1.176823
paging,q20,3,MERGE_SORT,1.101174
paging,q20,3,ORDER_BY,6.69583
paging,q20,3,ORDER_BY,3.210078
paging,q20,3,ORDER_BY,3.240279
paging,q20,3,ORDER_BY,3.227362
paging,q20,3,ORDER_BY,3.212309
paging,q20,3,PARTITION,0.31176999999999994
paging,q20,3,PARTITION,0.46585400000000005
paging,q20,3,PARTITION,0.326223
paging,q20,3,PARTITION,0.364622
paging,q20,3,PARTITION,0.25104600000000005
paging,q20,3,PROJECTION,0.130977
paging,q20,3,PROJECTION,0.12995299999999999
paging,q20,3,PROJECTION,0.120734
paging,q20,3,PROJECTION,0.12329
paging,q20,3,PROJECTION,0.09239
paging,q20,3,RESULT_COLLECTOR,0.479703
paging,q20,3,RESULT_COLLECTOR,0.400896
paging,q20,3,RESULT_COLLECTOR,0.385257
paging,q20,3,RESULT_COLLECTOR,0.368944
paging,q20,3,RESULT_COLLECTOR,0.260907
paging,q20,3,SORT_PARTITION,1.412357
paging,q20,3,SORT_PARTITION,1.338931
paging,q20,3,SORT_PARTITION,0.578659
paging,q20,3,SORT_PARTITION,1.353385
paging,q20,3,SORT_PARTITION,0.458562
paging,q20,3,SORT_SAMPLE,0.427075
paging,q20,3,SORT_SAMPLE,0.424915
paging,q20,3,SORT_SAMPLE,0.083345
paging,q20,3,SORT_SAMPLE,0.517767
paging,q20,3,SORT_SAMPLE,0.153047
paging,q21,1,CONCAT,50.872648
paging,q21,1,CONCAT,49.158444
paging,q21,1,CONCAT,33.927127000000006
paging,q21,1,CONCAT,58.77733
paging,q21,1,CONCAT,56.012846
paging,q21,1,DYNAMIC_FILTER,38.159128
paging,q21,1,DYNAMIC_FILTER,39.67918099999999
paging,q21,1,DYNAMIC_FILTER,57.145137
paging,q21,1,DYNAMIC_FILTER,39.310624999999995
paging,q21,1,DYNAMIC_FILTER,34.910897999999996
paging,q21,1,FILTER,51.73434499999999
paging,q21,1,FILTER,65.533245
paging,q21,1,FILTER,43.027702000000005
paging,q21,1,FILTER,43.54410400000001
paging,q21,1,FILTER,62.109424000000004
paging,q21,1,GPU_SCAN,5517.568747
paging,q21,1,GPU_SCAN,5428.333382
paging,q21,1,GPU_SCAN,5409.975420000001
paging,q21,1,GPU_SCAN,5407.668241
paging,q21,1,GPU_SCAN,5198.484498000002
paging,q21,1,HASH_GROUP_BY,0.601254
paging,q21,1,HASH_GROUP_BY,0.693426
paging,q21,1,HASH_GROUP_BY,1.879052
paging,q21,1,HASH_GROUP_BY,0.652807
paging,q21,1,HASH_GROUP_BY,1.047363
paging,q21,1,HASH_JOIN,686.9963
paging,q21,1,HASH_JOIN,738.3351579999999
paging,q21,1,HASH_JOIN,631.5778910000001
paging,q21,1,HASH_JOIN,725.121997
paging,q21,1,HASH_JOIN,694.4194889999999
paging,q21,1,MERGE_GROUP_BY,3.3549189999999998
paging,q21,1,MERGE_GROUP_BY,3.364649
paging,q21,1,MERGE_GROUP_BY,3.289179
paging,q21,1,MERGE_GROUP_BY,3.377451
paging,q21,1,MERGE_GROUP_BY,3.352118
paging,q21,1,MERGE_SORT,0.322255
paging,q21,1,MERGE_SORT,0.295436
paging,q21,1,MERGE_SORT,0.866378
paging,q21,1,MERGE_SORT,0.303663
paging,q21,1,MERGE_SORT,0.297405
paging,q21,1,ORDER_BY,2.022272
paging,q21,1,ORDER_BY,2.211509
paging,q21,1,ORDER_BY,2.085816
paging,q21,1,ORDER_BY,1.958426
paging,q21,1,ORDER_BY,1.930634
paging,q21,1,PARTITION,0.6837260000000002
paging,q21,1,PARTITION,0.992663
paging,q21,1,PARTITION,1.033301
paging,q21,1,PARTITION,0.8387850000000002
paging,q21,1,PARTITION,0.7637229999999998
paging,q21,1,PROJECTION,0.361908
paging,q21,1,PROJECTION,0.447827
paging,q21,1,PROJECTION,0.588981
paging,q21,1,PROJECTION,0.5266919999999999
paging,q21,1,PROJECTION,0.20394199999999998
paging,q21,1,RESULT_COLLECTOR,0.369949
paging,q21,1,RESULT_COLLECTOR,0.664203
paging,q21,1,RESULT_COLLECTOR,1.12928
paging,q21,1,RESULT_COLLECTOR,0.289644
paging,q21,1,RESULT_COLLECTOR,0.297331
paging,q21,1,RIGHT_DELIM_JOIN,7.797675
paging,q21,1,RIGHT_DELIM_JOIN,8.030655999999999
paging,q21,1,RIGHT_DELIM_JOIN,8.42187
paging,q21,1,RIGHT_DELIM_JOIN,5.912441
paging,q21,1,RIGHT_DELIM_JOIN,6.003788
paging,q21,1,SORT_PARTITION,0.193589
paging,q21,1,SORT_PARTITION,0.19806
paging,q21,1,SORT_PARTITION,0.207979
paging,q21,1,SORT_PARTITION,0.193212
paging,q21,1,SORT_PARTITION,0.183303
paging,q21,1,SORT_SAMPLE,0.091088
paging,q21,1,SORT_SAMPLE,0.09519
paging,q21,1,SORT_SAMPLE,0.108593
paging,q21,1,SORT_SAMPLE,0.085832
paging,q21,1,SORT_SAMPLE,0.131204
paging,q21,2,CONCAT,58.35752399999999
paging,q21,2,CONCAT,61.78605399999999
paging,q21,2,CONCAT,75.860344
paging,q21,2,CONCAT,43.216758
paging,q21,2,CONCAT,53.24756
paging,q21,2,DYNAMIC_FILTER,49.872117999999986
paging,q21,2,DYNAMIC_FILTER,39.115019999999994
paging,q21,2,DYNAMIC_FILTER,40.728713000000006
paging,q21,2,DYNAMIC_FILTER,35.557882
paging,q21,2,DYNAMIC_FILTER,38.864557000000005
paging,q21,2,FILTER,43.785611
paging,q21,2,FILTER,46.550227
paging,q21,2,FILTER,38.773835999999996
paging,q21,2,FILTER,45.604845
paging,q21,2,FILTER,46.94858299999999
paging,q21,2,GPU_SCAN,5364.469604999999
paging,q21,2,GPU_SCAN,5381.500913
paging,q21,2,GPU_SCAN,5221.220439000001
paging,q21,2,GPU_SCAN,5375.760050000001
paging,q21,2,GPU_SCAN,5296.118539
paging,q21,2,HASH_GROUP_BY,0.618432
paging,q21,2,HASH_GROUP_BY,0.595606
paging,q21,2,HASH_GROUP_BY,1.178537
paging,q21,2,HASH_GROUP_BY,0.695944
paging,q21,2,HASH_GROUP_BY,1.317412
paging,q21,2,HASH_JOIN,704.6851029999999
paging,q21,2,HASH_JOIN,664.515306
paging,q21,2,HASH_JOIN,716.871962
paging,q21,2,HASH_JOIN,709.424058
paging,q21,2,HASH_JOIN,701.861537
paging,q21,2,MERGE_GROUP_BY,3.6533130000000003
paging,q21,2,MERGE_GROUP_BY,3.721972
paging,q21,2,MERGE_GROUP_BY,3.805444
paging,q21,2,MERGE_GROUP_BY,3.327238
paging,q21,2,MERGE_GROUP_BY,3.4379429999999997
paging,q21,2,MERGE_SORT,0.294686
paging,q21,2,MERGE_SORT,0.298969
paging,q21,2,MERGE_SORT,0.751408
paging,q21,2,MERGE_SORT,0.255569
paging,q21,2,MERGE_SORT,0.352897
paging,q21,2,ORDER_BY,1.998542
paging,q21,2,ORDER_BY,1.910543
paging,q21,2,ORDER_BY,1.951096
paging,q21,2,ORDER_BY,1.98707
paging,q21,2,ORDER_BY,1.980103
paging,q21,2,PARTITION,0.8286600000000004
paging,q21,2,PARTITION,0.8384460000000001
paging,q21,2,PARTITION,0.7811620000000001
paging,q21,2,PARTITION,0.7989919999999998
paging,q21,2,PARTITION,1.026989
paging,q21,2,PROJECTION,0.7513420000000001
paging,q21,2,PROJECTION,0.15957400000000002
paging,q21,2,PROJECTION,0.248357
paging,q21,2,PROJECTION,0.7360710000000001
paging,q21,2,PROJECTION,0.4162330000000001
paging,q21,2,RESULT_COLLECTOR,0.315309
paging,q21,2,RESULT_COLLECTOR,0.340508
paging,q21,2,RESULT_COLLECTOR,1.054195
paging,q21,2,RESULT_COLLECTOR,0.54122
paging,q21,2,RESULT_COLLECTOR,0.359688
paging,q21,2,RIGHT_DELIM_JOIN,5.7986249999999995
paging,q21,2,RIGHT_DELIM_JOIN,5.968043
paging,q21,2,RIGHT_DELIM_JOIN,5.71713
paging,q21,2,RIGHT_DELIM_JOIN,7.5260560000000005
paging,q21,2,RIGHT_DELIM_JOIN,7.709429
paging,q21,2,SORT_PARTITION,0.18762
paging,q21,2,SORT_PARTITION,0.178369
paging,q21,2,SORT_PARTITION,0.183135
paging,q21,2,SORT_PARTITION,0.210895
paging,q21,2,SORT_PARTITION,0.204057
paging,q21,2,SORT_SAMPLE,0.08425
paging,q21,2,SORT_SAMPLE,0.078038
paging,q21,2,SORT_SAMPLE,0.083671
paging,q21,2,SORT_SAMPLE,0.097562
paging,q21,2,SORT_SAMPLE,0.094827
paging,q21,3,CONCAT,61.717996
paging,q21,3,CONCAT,48.671472
paging,q21,3,CONCAT,53.265641
paging,q21,3,CONCAT,57.919554999999995
paging,q21,3,CONCAT,52.79414599999999
paging,q21,3,DYNAMIC_FILTER,44.250755
paging,q21,3,DYNAMIC_FILTER,41.70912
paging,q21,3,DYNAMIC_FILTER,36.038304999999994
paging,q21,3,DYNAMIC_FILTER,40.070161
paging,q21,3,DYNAMIC_FILTER,49.46490899999999
paging,q21,3,FILTER,44.192837
paging,q21,3,FILTER,39.969193999999995
paging,q21,3,FILTER,63.756114000000004
paging,q21,3,FILTER,38.987596
paging,q21,3,FILTER,47.711491
paging,q21,3,GPU_SCAN,5580.110338000001
paging,q21,3,GPU_SCAN,5351.289915
paging,q21,3,GPU_SCAN,5453.92661
paging,q21,3,GPU_SCAN,5479.492902
paging,q21,3,GPU_SCAN,5487.493519
paging,q21,3,HASH_GROUP_BY,0.629355
paging,q21,3,HASH_GROUP_BY,0.608688
paging,q21,3,HASH_GROUP_BY,1.147625
paging,q21,3,HASH_GROUP_BY,0.575196
paging,q21,3,HASH_GROUP_BY,1.149176
paging,q21,3,HASH_JOIN,625.69823
paging,q21,3,HASH_JOIN,682.118836
paging,q21,3,HASH_JOIN,744.572539
paging,q21,3,HASH_JOIN,714.265466
paging,q21,3,HASH_JOIN,710.8818990000002
paging,q21,3,MERGE_GROUP_BY,3.312808
paging,q21,3,MERGE_GROUP_BY,3.3176979999999996
paging,q21,3,MERGE_GROUP_BY,3.380085
paging,q21,3,MERGE_GROUP_BY,3.076914
paging,q21,3,MERGE_GROUP_BY,3.2467560000000004
paging,q21,3,MERGE_SORT,0.312259
paging,q21,3,MERGE_SORT,0.267446
paging,q21,3,MERGE_SORT,0.31006
paging,q21,3,MERGE_SORT,0.288009
paging,q21,3,MERGE_SORT,0.404081
paging,q21,3,ORDER_BY,1.956532
paging,q21,3,ORDER_BY,1.982196
paging,q21,3,ORDER_BY,1.971798
paging,q21,3,ORDER_BY,1.949941
paging,q21,3,ORDER_BY,2.172301
paging,q21,3,PARTITION,0.778926
paging,q21,3,PARTITION,0.734215
paging,q21,3,PARTITION,0.660945
paging,q21,3,PARTITION,0.8319700000000001
paging,q21,3,PARTITION,0.910907
paging,q21,3,PROJECTION,0.276967
paging,q21,3,PROJECTION,0.729194
paging,q21,3,PROJECTION,0.768123
paging,q21,3,PROJECTION,0.241435
paging,q21,3,PROJECTION,0.286248
paging,q21,3,RESULT_COLLECTOR,0.892215
paging,q21,3,RESULT_COLLECTOR,0.535226
paging,q21,3,RESULT_COLLECTOR,0.346002
paging,q21,3,RESULT_COLLECTOR,0.313778
paging,q21,3,RESULT_COLLECTOR,0.836659
paging,q21,3,RIGHT_DELIM_JOIN,5.549669
paging,q21,3,RIGHT_DELIM_JOIN,5.797433
paging,q21,3,RIGHT_DELIM_JOIN,8.180177
paging,q21,3,RIGHT_DELIM_JOIN,6.370811
paging,q21,3,RIGHT_DELIM_JOIN,7.6672139999999995
paging,q21,3,SORT_PARTITION,0.203999
paging,q21,3,SORT_PARTITION,0.213497
paging,q21,3,SORT_PARTITION,0.196608
paging,q21,3,SORT_PARTITION,0.183354
paging,q21,3,SORT_PARTITION,0.20131
paging,q21,3,SORT_SAMPLE,0.089398
paging,q21,3,SORT_SAMPLE,0.102938
paging,q21,3,SORT_SAMPLE,0.092513
paging,q21,3,SORT_SAMPLE,0.084563
paging,q21,3,SORT_SAMPLE,0.097633
paging,q22,1,CONCAT,0.033975000000000005
paging,q22,1,CONCAT,1.032705
paging,q22,1,CONCAT,0.9205409999999999
paging,q22,1,CONCAT,1.0432039999999998
paging,q22,1,CONCAT,0.991303
paging,q22,1,GPU_SCAN,209.506889
paging,q22,1,GPU_SCAN,131.70487200000002
paging,q22,1,GPU_SCAN,131.58315599999997
paging,q22,1,GPU_SCAN,133.408512
paging,q22,1,GPU_SCAN,131.28665400000003
paging,q22,1,HASH_GROUP_BY,0.42811
paging,q22,1,HASH_GROUP_BY,0.487008
paging,q22,1,HASH_GROUP_BY,0.385827
paging,q22,1,HASH_GROUP_BY,0.964555
paging,q22,1,HASH_GROUP_BY,0.396311
paging,q22,1,HASH_JOIN,17.221539
paging,q22,1,HASH_JOIN,15.241705
paging,q22,1,HASH_JOIN,15.363842
paging,q22,1,HASH_JOIN,15.868074
paging,q22,1,HASH_JOIN,15.006903
paging,q22,1,MERGE_AGGREGATE,0.186892
paging,q22,1,MERGE_AGGREGATE,0.04766
paging,q22,1,MERGE_AGGREGATE,0.340471
paging,q22,1,MERGE_AGGREGATE,0.32967
paging,q22,1,MERGE_AGGREGATE,0.297338
paging,q22,1,MERGE_GROUP_BY,0.015102
paging,q22,1,MERGE_GROUP_BY,0.038179
paging,q22,1,MERGE_GROUP_BY,0.035488
paging,q22,1,MERGE_GROUP_BY,0.020974
paging,q22,1,MERGE_GROUP_BY,0.037988
paging,q22,1,MERGE_SORT,0.00546
paging,q22,1,MERGE_SORT,0.011757
paging,q22,1,MERGE_SORT,0.005806
paging,q22,1,MERGE_SORT,0.037676
paging,q22,1,MERGE_SORT,0.006383
paging,q22,1,NESTED_LOOP_JOIN,0.886845
paging,q22,1,NESTED_LOOP_JOIN,0.517286
paging,q22,1,NESTED_LOOP_JOIN,1.149346
paging,q22,1,NESTED_LOOP_JOIN,0.61086
paging,q22,1,NESTED_LOOP_JOIN,0.579304
paging,q22,1,ORDER_BY,0.142878
paging,q22,1,ORDER_BY,0.225478
paging,q22,1,ORDER_BY,0.508845
paging,q22,1,ORDER_BY,0.442441
paging,q22,1,ORDER_BY,0.487348
paging,q22,1,PARTITION,0.064018
paging,q22,1,PARTITION,0.292332
paging,q22,1,PARTITION,0.286031
paging,q22,1,PARTITION,0.31864599999999993
paging,q22,1,PARTITION,0.313479
paging,q22,1,PROJECTION,0.311259
paging,q22,1,PROJECTION,0.367065
paging,q22,1,PROJECTION,0.323511
paging,q22,1,PROJECTION,0.7807069999999999
paging,q22,1,PROJECTION,0.304049
paging,q22,1,RESULT_COLLECTOR,0.084247
paging,q22,1,RESULT_COLLECTOR,0.22375
paging,q22,1,RESULT_COLLECTOR,0.266774
paging,q22,1,RESULT_COLLECTOR,0.182279
paging,q22,1,RESULT_COLLECTOR,0.231612
paging,q22,1,RIGHT_DELIM_JOIN,0.388683
paging,q22,1,RIGHT_DELIM_JOIN,0.361313
paging,q22,1,RIGHT_DELIM_JOIN,0.414217
paging,q22,1,RIGHT_DELIM_JOIN,0.34363
paging,q22,1,RIGHT_DELIM_JOIN,0.354495
paging,q22,1,SORT_PARTITION,0.004588
paging,q22,1,SORT_PARTITION,0.008204
paging,q22,1,SORT_PARTITION,0.005078
paging,q22,1,SORT_PARTITION,0.009502
paging,q22,1,SORT_PARTITION,0.005705
paging,q22,1,SORT_SAMPLE,0.00688
paging,q22,1,SORT_SAMPLE,0.012472
paging,q22,1,SORT_SAMPLE,0.007878
paging,q22,1,SORT_SAMPLE,0.014393
paging,q22,1,SORT_SAMPLE,0.006743
paging,q22,1,UNGROUPED_AGGREGATE,0.40615199999999996
paging,q22,1,UNGROUPED_AGGREGATE,0.298404
paging,q22,1,UNGROUPED_AGGREGATE,0.605499
paging,q22,1,UNGROUPED_AGGREGATE,0.579996
paging,q22,1,UNGROUPED_AGGREGATE,0.7172620000000001
paging,q22,2,CONCAT,0.054469000000000004
paging,q22,2,CONCAT,1.0401230000000001
paging,q22,2,CONCAT,0.9106029999999999
paging,q22,2,CONCAT,0.908195
paging,q22,2,CONCAT,1.066883
paging,q22,2,GPU_SCAN,210.14371
paging,q22,2,GPU_SCAN,130.430639
paging,q22,2,GPU_SCAN,131.612983
paging,q22,2,GPU_SCAN,130.944525
paging,q22,2,GPU_SCAN,131.82090700000003
paging,q22,2,HASH_GROUP_BY,0.524786
paging,q22,2,HASH_GROUP_BY,0.59673
paging,q22,2,HASH_GROUP_BY,0.709289
paging,q22,2,HASH_GROUP_BY,0.516918
paging,q22,2,HASH_GROUP_BY,0.916542
paging,q22,2,HASH_JOIN,17.444903
paging,q22,2,HASH_JOIN,15.321295
paging,q22,2,HASH_JOIN,15.600997999999999
paging,q22,2,HASH_JOIN,15.37427
paging,q22,2,HASH_JOIN,15.573944
paging,q22,2,MERGE_AGGREGATE,0.233869
paging,q22,2,MERGE_AGGREGATE,0.338228
paging,q22,2,MERGE_AGGREGATE,0.35985
paging,q22,2,MERGE_AGGREGATE,0.36218
paging,q22,2,MERGE_AGGREGATE,0.37324900000000005
paging,q22,2,MERGE_GROUP_BY,0.014777000000000002
paging,q22,2,MERGE_GROUP_BY,0.045957
paging,q22,2,MERGE_GROUP_BY,0.051229
paging,q22,2,MERGE_GROUP_BY,0.031876
paging,q22,2,MERGE_GROUP_BY,0.042659
paging,q22,2,MERGE_SORT,0.007649
paging,q22,2,MERGE_SORT,0.015562
paging,q22,2,MERGE_SORT,0.005718
paging,q22,2,MERGE_SORT,0.006506
paging,q22,2,MERGE_SORT,0.006027
paging,q22,2,NESTED_LOOP_JOIN,1.926985
paging,q22,2,NESTED_LOOP_JOIN,1.135519
paging,q22,2,NESTED_LOOP_JOIN,0.973359
paging,q22,2,NESTED_LOOP_JOIN,1.158167
paging,q22,2,NESTED_LOOP_JOIN,0.511883
paging,q22,2,ORDER_BY,0.21052
paging,q22,2,ORDER_BY,0.532825
paging,q22,2,ORDER_BY,0.156518
paging,q22,2,ORDER_BY,0.192484
paging,q22,2,ORDER_BY,0.173571
paging,q22,2,PARTITION,0.126678
paging,q22,2,PARTITION,0.2724539999999999
paging,q22,2,PARTITION,0.298416
paging,q22,2,PARTITION,0.243417
paging,q22,2,PARTITION,0.241686
paging,q22,2,PROJECTION,0.333065
paging,q22,2,PROJECTION,0.45418499999999995
paging,q22,2,PROJECTION,0.507284
paging,q22,2,PROJECTION,0.375305
paging,q22,2,PROJECTION,0.612889
paging,q22,2,RESULT_COLLECTOR,0.102427
paging,q22,2,RESULT_COLLECTOR,0.223966
paging,q22,2,RESULT_COLLECTOR,0.229778
paging,q22,2,RESULT_COLLECTOR,0.140866
paging,q22,2,RESULT_COLLECTOR,0.178578
paging,q22,2,RIGHT_DELIM_JOIN,0.397134
paging,q22,2,RIGHT_DELIM_JOIN,0.37536
paging,q22,2,RIGHT_DELIM_JOIN,0.409081
paging,q22,2,RIGHT_DELIM_JOIN,0.366526
paging,q22,2,RIGHT_DELIM_JOIN,0.363319
paging,q22,2,SORT_PARTITION,0.005255
paging,q22,2,SORT_PARTITION,0.027064
paging,q22,2,SORT_PARTITION,0.013067
paging,q22,2,SORT_PARTITION,0.008213
paging,q22,2,SORT_PARTITION,0.025314
paging,q22,2,SORT_SAMPLE,0.007752
paging,q22,2,SORT_SAMPLE,0.025751
paging,q22,2,SORT_SAMPLE,0.018183
paging,q22,2,SORT_SAMPLE,0.012592
paging,q22,2,SORT_SAMPLE,0.039273
paging,q22,2,UNGROUPED_AGGREGATE,0.419327
paging,q22,2,UNGROUPED_AGGREGATE,0.304338
paging,q22,2,UNGROUPED_AGGREGATE,0.319746
paging,q22,2,UNGROUPED_AGGREGATE,0.315262
paging,q22,2,UNGROUPED_AGGREGATE,0.32579400000000003
paging,q22,3,CONCAT,0.085894
paging,q22,3,CONCAT,1.1359549999999998
paging,q22,3,CONCAT,1.032909
paging,q22,3,CONCAT,0.9808749999999999
paging,q22,3,CONCAT,0.9178989999999999
paging,q22,3,GPU_SCAN,217.190408
paging,q22,3,GPU_SCAN,135.65071700000001
paging,q22,3,GPU_SCAN,134.39351400000007
paging,q22,3,GPU_SCAN,135.39478799999998
paging,q22,3,GPU_SCAN,133.22689199999996
paging,q22,3,HASH_GROUP_BY,0.555787
paging,q22,3,HASH_GROUP_BY,0.443807
paging,q22,3,HASH_GROUP_BY,0.863318
paging,q22,3,HASH_GROUP_BY,0.427081
paging,q22,3,HASH_GROUP_BY,0.439358
paging,q22,3,HASH_JOIN,17.685283000000002
paging,q22,3,HASH_JOIN,15.294745
paging,q22,3,HASH_JOIN,15.672635
paging,q22,3,HASH_JOIN,15.380511
paging,q22,3,HASH_JOIN,15.099726
paging,q22,3,MERGE_AGGREGATE,0.567794
paging,q22,3,MERGE_AGGREGATE,0.136183
paging,q22,3,MERGE_AGGREGATE,0.063455
paging,q22,3,MERGE_AGGREGATE,0.368367
paging,q22,3,MERGE_AGGREGATE,0.337366
paging,q22,3,MERGE_GROUP_BY,0.06435500000000001
paging,q22,3,MERGE_GROUP_BY,0.03165
paging,q22,3,MERGE_GROUP_BY,0.038315999999999996
paging,q22,3,MERGE_GROUP_BY,0.05029
paging,q22,3,MERGE_GROUP_BY,0.037387000000000004
paging,q22,3,MERGE_SORT,0.006608
paging,q22,3,MERGE_SORT,0.012284
paging,q22,3,MERGE_SORT,0.010639
paging,q22,3,MERGE_SORT,0.007361
paging,q22,3,MERGE_SORT,0.008231
paging,q22,3,NESTED_LOOP_JOIN,0.909297
paging,q22,3,NESTED_LOOP_JOIN,0.976697
paging,q22,3,NESTED_LOOP_JOIN,0.556496
paging,q22,3,NESTED_LOOP_JOIN,1.216937
paging,q22,3,NESTED_LOOP_JOIN,1.148666
paging,q22,3,ORDER_BY,0.154406
paging,q22,3,ORDER_BY,0.490749
paging,q22,3,ORDER_BY,0.499118
paging,q22,3,ORDER_BY,0.521245
paging,q22,3,ORDER_BY,0.465232
paging,q22,3,PARTITION,0.244949
paging,q22,3,PARTITION,0.30757900000000005
paging,q22,3,PARTITION,0.298701
paging,q22,3,PARTITION,0.23877
paging,q22,3,PARTITION,0.18044500000000002
paging,q22,3,PROJECTION,0.424278
paging,q22,3,PROJECTION,0.350042
paging,q22,3,PROJECTION,0.552671
paging,q22,3,PROJECTION,0.764748
paging,q22,3,PROJECTION,0.322171
paging,q22,3,RESULT_COLLECTOR,0.306712
paging,q22,3,RESULT_COLLECTOR,0.13751
paging,q22,3,RESULT_COLLECTOR,0.278878
paging,q22,3,RESULT_COLLECTOR,0.199711
paging,q22,3,RESULT_COLLECTOR,0.204284
paging,q22,3,RIGHT_DELIM_JOIN,0.404977
paging,q22,3,RIGHT_DELIM_JOIN,0.452991
paging,q22,3,RIGHT_DELIM_JOIN,0.390024
paging,q22,3,RIGHT_DELIM_JOIN,0.396206
paging,q22,3,RIGHT_DELIM_JOIN,0.398538
paging,q22,3,SORT_PARTITION,0.005307
paging,q22,3,SORT_PARTITION,0.013614
paging,q22,3,SORT_PARTITION,0.024547
paging,q22,3,SORT_PARTITION,0.005709
paging,q22,3,SORT_PARTITION,0.005599
paging,q22,3,SORT_SAMPLE,0.008403
paging,q22,3,SORT_SAMPLE,0.022553
paging,q22,3,SORT_SAMPLE,0.056857
paging,q22,3,SORT_SAMPLE,0.008051
paging,q22,3,SORT_SAMPLE,0.008854
paging,q22,3,UNGROUPED_AGGREGATE,0.7520549999999999
paging,q22,3,UNGROUPED_AGGREGATE,0.33492299999999997
paging,q22,3,UNGROUPED_AGGREGATE,0.356217
paging,q22,3,UNGROUPED_AGGREGATE,0.909025
paging,q22,3,UNGROUPED_AGGREGATE,0.6090059999999999
