condition,query,execution,operator_kind,duration_ms
cold_hot,q1,1,GPU_SCAN,4993.766716
cold_hot,q1,1,GPU_SCAN,4919.225369999999
cold_hot,q1,1,GPU_SCAN,4934.378488
cold_hot,q1,1,HASH_GROUP_BY,1482.6440089999999
cold_hot,q1,1,HASH_GROUP_BY,1377.2951469999998
cold_hot,q1,1,HASH_GROUP_BY,1372.807737
cold_hot,q1,1,MERGE_GROUP_BY,8.392206
cold_hot,q1,1,MERGE_GROUP_BY,1.158284
cold_hot,q1,1,MERGE_GROUP_BY,2.617445
cold_hot,q1,1,MERGE_SORT,11.534296
cold_hot,q1,1,MERGE_SORT,2.408275
cold_hot,q1,1,MERGE_SORT,0.943004
cold_hot,q1,1,ORDER_BY,8.179141
cold_hot,q1,1,ORDER_BY,0.512499
cold_hot,q1,1,ORDER_BY,0.836938
cold_hot,q1,1,PARTITION,0.6248570000000001
cold_hot,q1,1,PARTITION,0.8503040000000002
cold_hot,q1,1,PARTITION,0.9212610000000001
cold_hot,q1,1,PROJECTION,222.329123
cold_hot,q1,1,PROJECTION,289.507045
cold_hot,q1,1,PROJECTION,196.191667
cold_hot,q1,1,RESULT_COLLECTOR,0.938056
cold_hot,q1,1,RESULT_COLLECTOR,0.197651
cold_hot,q1,1,RESULT_COLLECTOR,0.186391
cold_hot,q1,1,SORT_PARTITION,5.720407
cold_hot,q1,1,SORT_PARTITION,1.019072
cold_hot,q1,1,SORT_PARTITION,0.586744
cold_hot,q1,1,SORT_SAMPLE,0.545055
cold_hot,q1,1,SORT_SAMPLE,0.411234
cold_hot,q1,1,SORT_SAMPLE,0.245538
cold_hot,q1,2,GPU_SCAN,4586.128718000001
cold_hot,q1,2,GPU_SCAN,4588.3649970000015
cold_hot,q1,2,GPU_SCAN,4989.443802
cold_hot,q1,2,HASH_GROUP_BY,1269.9384100000004
cold_hot,q1,2,HASH_GROUP_BY,1293.803194
cold_hot,q1,2,HASH_GROUP_BY,1371.0527150000003
cold_hot,q1,2,MERGE_GROUP_BY,1.447429
cold_hot,q1,2,MERGE_GROUP_BY,2.065636
cold_hot,q1,2,MERGE_GROUP_BY,2.622812
cold_hot,q1,2,MERGE_SORT,0.856055
cold_hot,q1,2,MERGE_SORT,0.86618
cold_hot,q1,2,MERGE_SORT,1.433851
cold_hot,q1,2,ORDER_BY,0.570321
cold_hot,q1,2,ORDER_BY,0.767772
cold_hot,q1,2,ORDER_BY,0.411146
cold_hot,q1,2,PARTITION,1.6092929999999999
cold_hot,q1,2,PARTITION,0.677536
cold_hot,q1,2,PARTITION,1.256828
cold_hot,q1,2,PROJECTION,175.03037600000008
cold_hot,q1,2,PROJECTION,174.67833199999995
cold_hot,q1,2,PROJECTION,212.91366000000008
cold_hot,q1,2,RESULT_COLLECTOR,0.133774
cold_hot,q1,2,RESULT_COLLECTOR,0.187515
cold_hot,q1,2,RESULT_COLLECTOR,0.148032
cold_hot,q1,2,SORT_PARTITION,0.626354
cold_hot,q1,2,SORT_PARTITION,0.495795
cold_hot,q1,2,SORT_PARTITION,0.830874
cold_hot,q1,2,SORT_SAMPLE,0.275112
cold_hot,q1,2,SORT_SAMPLE,0.159179
cold_hot,q1,2,SORT_SAMPLE,0.309428
cold_hot,q1,3,GPU_SCAN,4814.251015999998
cold_hot,q1,3,GPU_SCAN,4709.365564
cold_hot,q1,3,GPU_SCAN,4654.570001
cold_hot,q1,3,HASH_GROUP_BY,1408.950821
cold_hot,q1,3,HASH_GROUP_BY,1364.0509369999997
cold_hot,q1,3,HASH_GROUP_BY,1360.859009
cold_hot,q1,3,MERGE_GROUP_BY,1.197791
cold_hot,q1,3,MERGE_GROUP_BY,1.268708
cold_hot,q1,3,MERGE_GROUP_BY,1.261745
cold_hot,q1,3,MERGE_SORT,2.672785
cold_hot,q1,3,MERGE_SORT,2.398951
cold_hot,q1,3,MERGE_SORT,1.652837
cold_hot,q1,3,ORDER_BY,0.423217
cold_hot,q1,3,ORDER_BY,0.469679
cold_hot,q1,3,ORDER_BY,0.985211
cold_hot,q1,3,PARTITION,0.5682460000000001
cold_hot,q1,3,PARTITION,0.6299079999999999
cold_hot,q1,3,PARTITION,0.832471
cold_hot,q1,3,PROJECTION,199.64150799999993
cold_hot,q1,3,PROJECTION,213.79764299999997
cold_hot,q1,3,PROJECTION,173.48985499999998
cold_hot,q1,3,RESULT_COLLECTOR,0.304856
cold_hot,q1,3,RESULT_COLLECTOR,0.155061
cold_hot,q1,3,RESULT_COLLECTOR,0.173268
cold_hot,q1,3,SORT_PARTITION,1.392739
cold_hot,q1,3,SORT_PARTITION,0.871913
cold_hot,q1,3,SORT_PARTITION,0.968201
cold_hot,q1,3,SORT_SAMPLE,0.612546
cold_hot,q1,3,SORT_SAMPLE,0.379594
cold_hot,q1,3,SORT_SAMPLE,0.374474
cold_hot,q1,4,GPU_SCAN,4867.542528999999
cold_hot,q1,4,GPU_SCAN,4828.774798
cold_hot,q1,4,GPU_SCAN,5311.732662999999
cold_hot,q1,4,HASH_GROUP_BY,1414.2635950000001
cold_hot,q1,4,HASH_GROUP_BY,1334.0740260000002
cold_hot,q1,4,HASH_GROUP_BY,1484.075101
cold_hot,q1,4,MERGE_GROUP_BY,1.215218
cold_hot,q1,4,MERGE_GROUP_BY,1.308024
cold_hot,q1,4,MERGE_GROUP_BY,1.85498
cold_hot,q1,4,MERGE_SORT,1.281749
cold_hot,q1,4,MERGE_SORT,1.96164
cold_hot,q1,4,MERGE_SORT,1.642025
cold_hot,q1,4,ORDER_BY,0.786753
cold_hot,q1,4,ORDER_BY,0.464078
cold_hot,q1,4,ORDER_BY,0.721574
cold_hot,q1,4,PARTITION,1.0387870000000001
cold_hot,q1,4,PARTITION,0.6947860000000001
cold_hot,q1,4,PARTITION,1.011389
cold_hot,q1,4,PROJECTION,207.56822699999998
cold_hot,q1,4,PROJECTION,217.941875
cold_hot,q1,4,PROJECTION,234.41543199999998
cold_hot,q1,4,RESULT_COLLECTOR,0.193259
cold_hot,q1,4,RESULT_COLLECTOR,0.153967
cold_hot,q1,4,RESULT_COLLECTOR,0.184514
cold_hot,q1,4,SORT_PARTITION,0.685139
cold_hot,q1,4,SORT_PARTITION,1.052762
cold_hot,q1,4,SORT_PARTITION,0.681729
cold_hot,q1,4,SORT_SAMPLE,0.306308
cold_hot,q1,4,SORT_SAMPLE,0.457628
cold_hot,q1,4,SORT_SAMPLE,0.249713
cold_hot,q1,5,GPU_SCAN,4974.164489
cold_hot,q1,5,GPU_SCAN,4884.859277999999
cold_hot,q1,5,GPU_SCAN,4608.603016999999
cold_hot,q1,5,HASH_GROUP_BY,1410.8480819999997
cold_hot,q1,5,HASH_GROUP_BY,1333.56023
cold_hot,q1,5,HASH_GROUP_BY,1221.6401899999998
cold_hot,q1,5,MERGE_GROUP_BY,1.314603
cold_hot,q1,5,MERGE_GROUP_BY,1.627431
cold_hot,q1,5,MERGE_GROUP_BY,1.141453
cold_hot,q1,5,MERGE_SORT,1.197096
cold_hot,q1,5,MERGE_SORT,0.951414
cold_hot,q1,5,MERGE_SORT,1.513294
cold_hot,q1,5,ORDER_BY,0.731835
cold_hot,q1,5,ORDER_BY,0.60739
cold_hot,q1,5,ORDER_BY,0.45549
cold_hot,q1,5,PARTITION,0.97555
cold_hot,q1,5,PARTITION,1.1016290000000002
cold_hot,q1,5,PARTITION,0.6008390000000002
cold_hot,q1,5,PROJECTION,206.64883300000002
cold_hot,q1,5,PROJECTION,223.49047699999997
cold_hot,q1,5,PROJECTION,225.82911900000002
cold_hot,q1,5,RESULT_COLLECTOR,0.156874
cold_hot,q1,5,RESULT_COLLECTOR,0.162073
cold_hot,q1,5,RESULT_COLLECTOR,0.163192
cold_hot,q1,5,SORT_PARTITION,0.90034
cold_hot,q1,5,SORT_PARTITION,0.868633
cold_hot,q1,5,SORT_PARTITION,1.267829
cold_hot,q1,5,SORT_SAMPLE,0.350283
cold_hot,q1,5,SORT_SAMPLE,0.441877
cold_hot,q1,5,SORT_SAMPLE,0.497152
cold_hot,q1,6,GPU_SCAN,4572.759121999999
cold_hot,q1,6,GPU_SCAN,4821.271636999999
cold_hot,q1,6,GPU_SCAN,4588.255362000001
cold_hot,q1,6,HASH_GROUP_BY,1265.106981
cold_hot,q1,6,HASH_GROUP_BY,1287.005251
cold_hot,q1,6,HASH_GROUP_BY,1286.3629589999998
cold_hot,q1,6,MERGE_GROUP_BY,3.048313
cold_hot,q1,6,MERGE_GROUP_BY,1.88003
cold_hot,q1,6,MERGE_GROUP_BY,1.197259
cold_hot,q1,6,MERGE_SORT,1.750206
cold_hot,q1,6,MERGE_SORT,2.649537
cold_hot,q1,6,MERGE_SORT,0.820953
cold_hot,q1,6,ORDER_BY,0.454452
cold_hot,q1,6,ORDER_BY,0.416451
cold_hot,q1,6,ORDER_BY,0.819039
cold_hot,q1,6,PARTITION,1.0833680000000003
cold_hot,q1,6,PARTITION,1.2392470000000002
cold_hot,q1,6,PARTITION,0.505478
cold_hot,q1,6,PROJECTION,172.37064100000006
cold_hot,q1,6,PROJECTION,216.05318200000002
cold_hot,q1,6,PROJECTION,202.21892300000005
cold_hot,q1,6,RESULT_COLLECTOR,0.153123
cold_hot,q1,6,RESULT_COLLECTOR,0.174477
cold_hot,q1,6,RESULT_COLLECTOR,0.159851
cold_hot,q1,6,SORT_PARTITION,0.913511
cold_hot,q1,6,SORT_PARTITION,0.92991
cold_hot,q1,6,SORT_PARTITION,0.522791
cold_hot,q1,6,SORT_SAMPLE,0.342447
cold_hot,q1,6,SORT_SAMPLE,0.295725
cold_hot,q1,6,SORT_SAMPLE,0.198721
cold_hot,q1,7,GPU_SCAN,4959.032507999999
cold_hot,q1,7,GPU_SCAN,4800.229904000001
cold_hot,q1,7,GPU_SCAN,4551.5394830000005
cold_hot,q1,7,HASH_GROUP_BY,1357.508941
cold_hot,q1,7,HASH_GROUP_BY,1339.5148379999998
cold_hot,q1,7,HASH_GROUP_BY,1276.392969
cold_hot,q1,7,MERGE_GROUP_BY,2.026456
cold_hot,q1,7,MERGE_GROUP_BY,2.692377
cold_hot,q1,7,MERGE_GROUP_BY,1.209411
cold_hot,q1,7,MERGE_SORT,1.422407
cold_hot,q1,7,MERGE_SORT,1.129079
cold_hot,q1,7,MERGE_SORT,1.623948
cold_hot,q1,7,ORDER_BY,0.393231
cold_hot,q1,7,ORDER_BY,0.694312
cold_hot,q1,7,ORDER_BY,0.868131
cold_hot,q1,7,PARTITION,1.0020170000000002
cold_hot,q1,7,PARTITION,1.2418760000000002
cold_hot,q1,7,PARTITION,0.9059690000000001
cold_hot,q1,7,PROJECTION,241.26956299999995
cold_hot,q1,7,PROJECTION,204.61817400000004
cold_hot,q1,7,PROJECTION,176.89237899999998
cold_hot,q1,7,RESULT_COLLECTOR,0.147427
cold_hot,q1,7,RESULT_COLLECTOR,0.250696
cold_hot,q1,7,RESULT_COLLECTOR,0.205723
cold_hot,q1,7,SORT_PARTITION,0.516374
cold_hot,q1,7,SORT_PARTITION,0.721278
cold_hot,q1,7,SORT_PARTITION,1.021808
cold_hot,q1,7,SORT_SAMPLE,0.189076
cold_hot,q1,7,SORT_SAMPLE,0.265713
cold_hot,q1,7,SORT_SAMPLE,0.366637
cold_hot,q1,8,GPU_SCAN,4696.132871999999
cold_hot,q1,8,GPU_SCAN,4669.740494
cold_hot,q1,8,GPU_SCAN,4531.046549000001
cold_hot,q1,8,HASH_GROUP_BY,1370.1176819999998
cold_hot,q1,8,HASH_GROUP_BY,1261.038614
cold_hot,q1,8,HASH_GROUP_BY,1220.8678409999998
cold_hot,q1,8,MERGE_GROUP_BY,2.428043
cold_hot,q1,8,MERGE_GROUP_BY,1.138137
cold_hot,q1,8,MERGE_GROUP_BY,2.022427
cold_hot,q1,8,MERGE_SORT,0.875636
cold_hot,q1,8,MERGE_SORT,2.452326
cold_hot,q1,8,MERGE_SORT,2.635571
cold_hot,q1,8,ORDER_BY,0.890318
cold_hot,q1,8,ORDER_BY,0.886401
cold_hot,q1,8,ORDER_BY,0.467315
cold_hot,q1,8,PARTITION,0.8668730000000001
cold_hot,q1,8,PARTITION,0.513339
cold_hot,q1,8,PARTITION,0.7645590000000001
cold_hot,q1,8,PROJECTION,194.06475400000008
cold_hot,q1,8,PROJECTION,198.19122099999998
cold_hot,q1,8,PROJECTION,237.649165
cold_hot,q1,8,RESULT_COLLECTOR,0.1542
cold_hot,q1,8,RESULT_COLLECTOR,0.178692
cold_hot,q1,8,RESULT_COLLECTOR,0.15897
cold_hot,q1,8,SORT_PARTITION,0.561055
cold_hot,q1,8,SORT_PARTITION,0.511761
cold_hot,q1,8,SORT_PARTITION,0.762944
cold_hot,q1,8,SORT_SAMPLE,0.198092
cold_hot,q1,8,SORT_SAMPLE,0.185615
cold_hot,q1,8,SORT_SAMPLE,0.312967
cold_hot,q1,9,GPU_SCAN,5020.475686999999
cold_hot,q1,9,GPU_SCAN,4979.781173
cold_hot,q1,9,GPU_SCAN,4829.302538999999
cold_hot,q1,9,HASH_GROUP_BY,1413.499699
cold_hot,q1,9,HASH_GROUP_BY,1337.340718
cold_hot,q1,9,HASH_GROUP_BY,1352.787333
cold_hot,q1,9,MERGE_GROUP_BY,1.26231
cold_hot,q1,9,MERGE_GROUP_BY,2.135097
cold_hot,q1,9,MERGE_GROUP_BY,1.199054
cold_hot,q1,9,MERGE_SORT,2.751754
cold_hot,q1,9,MERGE_SORT,1.27179
cold_hot,q1,9,MERGE_SORT,1.516642
cold_hot,q1,9,ORDER_BY,0.429247
cold_hot,q1,9,ORDER_BY,0.411453
cold_hot,q1,9,ORDER_BY,0.475094
cold_hot,q1,9,PARTITION,0.6935540000000001
cold_hot,q1,9,PARTITION,1.0801440000000002
cold_hot,q1,9,PARTITION,0.4927370000000001
cold_hot,q1,9,PROJECTION,238.11762800000005
cold_hot,q1,9,PROJECTION,197.27655000000004
cold_hot,q1,9,PROJECTION,181.686297
cold_hot,q1,9,RESULT_COLLECTOR,0.159042
cold_hot,q1,9,RESULT_COLLECTOR,0.196975
cold_hot,q1,9,RESULT_COLLECTOR,0.195922
cold_hot,q1,9,SORT_PARTITION,0.998327
cold_hot,q1,9,SORT_PARTITION,1.237058
cold_hot,q1,9,SORT_PARTITION,0.675211
cold_hot,q1,9,SORT_SAMPLE,0.371174
cold_hot,q1,9,SORT_SAMPLE,0.38251
cold_hot,q1,9,SORT_SAMPLE,0.246456
cold_hot,q1,10,GPU_SCAN,4849.829278
cold_hot,q1,10,GPU_SCAN,4986.3707429999995
cold_hot,q1,10,GPU_SCAN,4610.013731000001
cold_hot,q1,10,HASH_GROUP_BY,1351.263389
cold_hot,q1,10,HASH_GROUP_BY,1439.145084
cold_hot,q1,10,HASH_GROUP_BY,1319.5696040000003
cold_hot,q1,10,MERGE_GROUP_BY,3.324563
cold_hot,q1,10,MERGE_GROUP_BY,2.63156
cold_hot,q1,10,MERGE_GROUP_BY,1.2752
cold_hot,q1,10,MERGE_SORT,1.402929
cold_hot,q1,10,MERGE_SORT,2.699751
cold_hot,q1,10,MERGE_SORT,1.939876
cold_hot,q1,10,ORDER_BY,0.770797
cold_hot,q1,10,ORDER_BY,0.917019
cold_hot,q1,10,ORDER_BY,0.679746
cold_hot,q1,10,PARTITION,1.0617619999999999
cold_hot,q1,10,PARTITION,1.4210789999999998
cold_hot,q1,10,PARTITION,1.094913
cold_hot,q1,10,PROJECTION,211.64160600000005
cold_hot,q1,10,PROJECTION,197.97234899999998
cold_hot,q1,10,PROJECTION,215.75940900000003
cold_hot,q1,10,RESULT_COLLECTOR,0.165659
cold_hot,q1,10,RESULT_COLLECTOR,0.160395
cold_hot,q1,10,RESULT_COLLECTOR,0.159756
cold_hot,q1,10,SORT_PARTITION,0.54753
cold_hot,q1,10,SORT_PARTITION,1.420426
cold_hot,q1,10,SORT_PARTITION,1.05547
cold_hot,q1,10,SORT_SAMPLE,0.204649
cold_hot,q1,10,SORT_SAMPLE,0.504613
cold_hot,q1,10,SORT_SAMPLE,0.385116
cold_hot,q2,1,CONCAT,11.254281999999998
cold_hot,q2,1,CONCAT,4.216756999999999
cold_hot,q2,1,CONCAT,3.988204
cold_hot,q2,1,DYNAMIC_FILTER,11.142765
cold_hot,q2,1,DYNAMIC_FILTER,11.640031
cold_hot,q2,1,DYNAMIC_FILTER,10.445495
cold_hot,q2,1,FILTER,4.757211
cold_hot,q2,1,FILTER,0.556855
cold_hot,q2,1,FILTER,0.644924
cold_hot,q2,1,GPU_SCAN,701.5596969999999
cold_hot,q2,1,GPU_SCAN,691.698254
cold_hot,q2,1,GPU_SCAN,682.957989
cold_hot,q2,1,HASH_GROUP_BY,12.749168
cold_hot,q2,1,HASH_GROUP_BY,0.33722
cold_hot,q2,1,HASH_GROUP_BY,0.456351
cold_hot,q2,1,HASH_JOIN,18.770487
cold_hot,q2,1,HASH_JOIN,8.107902999999999
cold_hot,q2,1,HASH_JOIN,7.3338849999999995
cold_hot,q2,1,LEFT_DELIM_JOIN,1.208631
cold_hot,q2,1,LEFT_DELIM_JOIN,0.196321
cold_hot,q2,1,LEFT_DELIM_JOIN,0.250304
cold_hot,q2,1,MERGE_GROUP_BY,0.061505000000000004
cold_hot,q2,1,MERGE_GROUP_BY,0.012253
cold_hot,q2,1,MERGE_GROUP_BY,0.030602
cold_hot,q2,1,MERGE_SORT,2.450562
cold_hot,q2,1,MERGE_SORT,0.787335
cold_hot,q2,1,MERGE_SORT,2.204436
cold_hot,q2,1,ORDER_BY,1.684628
cold_hot,q2,1,ORDER_BY,1.40028
cold_hot,q2,1,ORDER_BY,1.293758
cold_hot,q2,1,PARTITION,0.8153249999999999
cold_hot,q2,1,PARTITION,0.4255919999999999
cold_hot,q2,1,PARTITION,0.614407
cold_hot,q2,1,PROJECTION,0.060546
cold_hot,q2,1,PROJECTION,0.049851000000000006
cold_hot,q2,1,PROJECTION,0.09720599999999999
cold_hot,q2,1,RESULT_COLLECTOR,5.369605
cold_hot,q2,1,RESULT_COLLECTOR,3.040803
cold_hot,q2,1,RESULT_COLLECTOR,6.247679
cold_hot,q2,1,SORT_PARTITION,3.22842
cold_hot,q2,1,SORT_PARTITION,1.266205
cold_hot,q2,1,SORT_PARTITION,1.686801
cold_hot,q2,1,SORT_SAMPLE,0.332629
cold_hot,q2,1,SORT_SAMPLE,0.201039
cold_hot,q2,1,SORT_SAMPLE,0.34202
cold_hot,q2,2,CONCAT,4.010415
cold_hot,q2,2,CONCAT,3.9304759999999996
cold_hot,q2,2,CONCAT,3.9063289999999995
cold_hot,q2,2,DYNAMIC_FILTER,8.474215999999998
cold_hot,q2,2,DYNAMIC_FILTER,13.282994
cold_hot,q2,2,DYNAMIC_FILTER,11.025837
cold_hot,q2,2,FILTER,0.537638
cold_hot,q2,2,FILTER,0.703228
cold_hot,q2,2,FILTER,0.57178
cold_hot,q2,2,GPU_SCAN,675.5062939999999
cold_hot,q2,2,GPU_SCAN,687.489597
cold_hot,q2,2,GPU_SCAN,682.805916
cold_hot,q2,2,HASH_GROUP_BY,0.284259
cold_hot,q2,2,HASH_GROUP_BY,0.663955
cold_hot,q2,2,HASH_GROUP_BY,0.363097
cold_hot,q2,2,HASH_JOIN,6.970251
cold_hot,q2,2,HASH_JOIN,8.054007
cold_hot,q2,2,HASH_JOIN,9.032534
cold_hot,q2,2,LEFT_DELIM_JOIN,0.236593
cold_hot,q2,2,LEFT_DELIM_JOIN,0.314595
cold_hot,q2,2,LEFT_DELIM_JOIN,0.15696
cold_hot,q2,2,MERGE_GROUP_BY,0.012738
cold_hot,q2,2,MERGE_GROUP_BY,0.040888
cold_hot,q2,2,MERGE_GROUP_BY,0.012962999999999999
cold_hot,q2,2,MERGE_SORT,0.969494
cold_hot,q2,2,MERGE_SORT,1.00928
cold_hot,q2,2,MERGE_SORT,2.044132
cold_hot,q2,2,ORDER_BY,1.227549
cold_hot,q2,2,ORDER_BY,1.378432
cold_hot,q2,2,ORDER_BY,1.251408
cold_hot,q2,2,PARTITION,0.43183200000000005
cold_hot,q2,2,PARTITION,0.500692
cold_hot,q2,2,PARTITION,0.36033300000000007
cold_hot,q2,2,PROJECTION,0.038669
cold_hot,q2,2,PROJECTION,0.103989
cold_hot,q2,2,PROJECTION,0.073309
cold_hot,q2,2,RESULT_COLLECTOR,3.638475
cold_hot,q2,2,RESULT_COLLECTOR,3.160777
cold_hot,q2,2,RESULT_COLLECTOR,3.91927
cold_hot,q2,2,SORT_PARTITION,1.065831
cold_hot,q2,2,SORT_PARTITION,1.461861
cold_hot,q2,2,SORT_PARTITION,1.12481
cold_hot,q2,2,SORT_SAMPLE,0.212989
cold_hot,q2,2,SORT_SAMPLE,0.332193
cold_hot,q2,2,SORT_SAMPLE,0.213869
cold_hot,q2,3,CONCAT,4.08117
cold_hot,q2,3,CONCAT,4.052765
cold_hot,q2,3,CONCAT,4.149598
cold_hot,q2,3,DYNAMIC_FILTER,11.464053
cold_hot,q2,3,DYNAMIC_FILTER,5.87797
cold_hot,q2,3,DYNAMIC_FILTER,10.622676
cold_hot,q2,3,FILTER,0.68659
cold_hot,q2,3,FILTER,0.707456
cold_hot,q2,3,FILTER,0.667173
cold_hot,q2,3,GPU_SCAN,686.9493400000001
cold_hot,q2,3,GPU_SCAN,691.1855639999999
cold_hot,q2,3,GPU_SCAN,688.874603
cold_hot,q2,3,HASH_GROUP_BY,0.654959
cold_hot,q2,3,HASH_GROUP_BY,0.401536
cold_hot,q2,3,HASH_GROUP_BY,0.47664
cold_hot,q2,3,HASH_JOIN,10.270639000000001
cold_hot,q2,3,HASH_JOIN,9.718041
cold_hot,q2,3,HASH_JOIN,8.064238
cold_hot,q2,3,LEFT_DELIM_JOIN,0.278733
cold_hot,q2,3,LEFT_DELIM_JOIN,0.2687
cold_hot,q2,3,LEFT_DELIM_JOIN,0.287137
cold_hot,q2,3,MERGE_GROUP_BY,0.041131
cold_hot,q2,3,MERGE_GROUP_BY,0.023048
cold_hot,q2,3,MERGE_GROUP_BY,0.01838
cold_hot,q2,3,MERGE_SORT,0.918181
cold_hot,q2,3,MERGE_SORT,1.009312
cold_hot,q2,3,MERGE_SORT,1.16426
cold_hot,q2,3,ORDER_BY,1.371914
cold_hot,q2,3,ORDER_BY,1.397961
cold_hot,q2,3,ORDER_BY,1.371948
cold_hot,q2,3,PARTITION,0.515464
cold_hot,q2,3,PARTITION,0.59106
cold_hot,q2,3,PARTITION,0.483574
cold_hot,q2,3,PROJECTION,0.069453
cold_hot,q2,3,PROJECTION,0.066586
cold_hot,q2,3,PROJECTION,0.052176999999999994
cold_hot,q2,3,RESULT_COLLECTOR,4.936766
cold_hot,q2,3,RESULT_COLLECTOR,4.273828
cold_hot,q2,3,RESULT_COLLECTOR,3.721474
cold_hot,q2,3,SORT_PARTITION,1.828962
cold_hot,q2,3,SORT_PARTITION,1.526755
cold_hot,q2,3,SORT_PARTITION,1.569741
cold_hot,q2,3,SORT_SAMPLE,0.403857
cold_hot,q2,3,SORT_SAMPLE,0.352341
cold_hot,q2,3,SORT_SAMPLE,0.24154
cold_hot,q2,4,CONCAT,3.684989
cold_hot,q2,4,CONCAT,4.472118
cold_hot,q2,4,CONCAT,4.059281
cold_hot,q2,4,DYNAMIC_FILTER,8.643823
cold_hot,q2,4,DYNAMIC_FILTER,9.864101999999999
cold_hot,q2,4,DYNAMIC_FILTER,12.17232
cold_hot,q2,4,FILTER,0.582105
cold_hot,q2,4,FILTER,0.685284
cold_hot,q2,4,FILTER,0.681342
cold_hot,q2,4,GPU_SCAN,692.397622
cold_hot,q2,4,GPU_SCAN,702.520385
cold_hot,q2,4,GPU_SCAN,696.484055
cold_hot,q2,4,HASH_GROUP_BY,0.399888
cold_hot,q2,4,HASH_GROUP_BY,0.603534
cold_hot,q2,4,HASH_GROUP_BY,0.488688
cold_hot,q2,4,HASH_JOIN,8.739370000000001
cold_hot,q2,4,HASH_JOIN,9.137307999999999
cold_hot,q2,4,HASH_JOIN,9.876284
cold_hot,q2,4,LEFT_DELIM_JOIN,0.225853
cold_hot,q2,4,LEFT_DELIM_JOIN,0.19589
cold_hot,q2,4,LEFT_DELIM_JOIN,0.175809
cold_hot,q2,4,MERGE_GROUP_BY,0.011484
cold_hot,q2,4,MERGE_GROUP_BY,0.08355699999999999
cold_hot,q2,4,MERGE_GROUP_BY,0.030666
cold_hot,q2,4,MERGE_SORT,0.788358
cold_hot,q2,4,MERGE_SORT,2.277411
cold_hot,q2,4,MERGE_SORT,1.130151
cold_hot,q2,4,ORDER_BY,1.296822
cold_hot,q2,4,ORDER_BY,1.499798
cold_hot,q2,4,ORDER_BY,1.350358
cold_hot,q2,4,PARTITION,0.357425
cold_hot,q2,4,PARTITION,0.6531679999999997
cold_hot,q2,4,PARTITION,0.46432300000000004
cold_hot,q2,4,PROJECTION,0.084092
cold_hot,q2,4,PROJECTION,0.08647200000000001
cold_hot,q2,4,PROJECTION,0.050142
cold_hot,q2,4,RESULT_COLLECTOR,4.763643
cold_hot,q2,4,RESULT_COLLECTOR,3.956949
cold_hot,q2,4,RESULT_COLLECTOR,3.628209
cold_hot,q2,4,SORT_PARTITION,1.172452
cold_hot,q2,4,SORT_PARTITION,3.626092
cold_hot,q2,4,SORT_PARTITION,1.454081
cold_hot,q2,4,SORT_SAMPLE,0.249826
cold_hot,q2,4,SORT_SAMPLE,0.539741
cold_hot,q2,4,SORT_SAMPLE,0.245629
cold_hot,q2,5,CONCAT,3.540436
cold_hot,q2,5,CONCAT,4.141927999999999
cold_hot,q2,5,CONCAT,3.7902649999999993
cold_hot,q2,5,DYNAMIC_FILTER,8.493269
cold_hot,q2,5,DYNAMIC_FILTER,8.649533
cold_hot,q2,5,DYNAMIC_FILTER,12.079066000000001
cold_hot,q2,5,FILTER,0.579971
cold_hot,q2,5,FILTER,0.570717
cold_hot,q2,5,FILTER,0.664604
cold_hot,q2,5,GPU_SCAN,681.9453410000001
cold_hot,q2,5,GPU_SCAN,690.4902969999999
cold_hot,q2,5,GPU_SCAN,685.1858189999999
cold_hot,q2,5,HASH_GROUP_BY,0.267042
cold_hot,q2,5,HASH_GROUP_BY,0.39046
cold_hot,q2,5,HASH_GROUP_BY,0.433121
cold_hot,q2,5,HASH_JOIN,8.061862
cold_hot,q2,5,HASH_JOIN,7.8534820000000005
cold_hot,q2,5,HASH_JOIN,9.07907
cold_hot,q2,5,LEFT_DELIM_JOIN,0.258166
cold_hot,q2,5,LEFT_DELIM_JOIN,0.153024
cold_hot,q2,5,LEFT_DELIM_JOIN,0.152567
cold_hot,q2,5,MERGE_GROUP_BY,0.013807
cold_hot,q2,5,MERGE_GROUP_BY,0.012199999999999999
cold_hot,q2,5,MERGE_GROUP_BY,0.015681
cold_hot,q2,5,MERGE_SORT,0.781309
cold_hot,q2,5,MERGE_SORT,0.833796
cold_hot,q2,5,MERGE_SORT,2.230564
cold_hot,q2,5,ORDER_BY,1.310168
cold_hot,q2,5,ORDER_BY,1.50291
cold_hot,q2,5,ORDER_BY,1.31373
cold_hot,q2,5,PARTITION,0.479108
cold_hot,q2,5,PARTITION,0.523078
cold_hot,q2,5,PARTITION,0.447557
cold_hot,q2,5,PROJECTION,0.073059
cold_hot,q2,5,PROJECTION,0.046068
cold_hot,q2,5,PROJECTION,0.081464
cold_hot,q2,5,RESULT_COLLECTOR,4.499725
cold_hot,q2,5,RESULT_COLLECTOR,2.05066
cold_hot,q2,5,RESULT_COLLECTOR,4.595794
cold_hot,q2,5,SORT_PARTITION,1.118864
cold_hot,q2,5,SORT_PARTITION,1.080543
cold_hot,q2,5,SORT_PARTITION,1.357469
cold_hot,q2,5,SORT_SAMPLE,0.181599
cold_hot,q2,5,SORT_SAMPLE,0.232159
cold_hot,q2,5,SORT_SAMPLE,0.195228
cold_hot,q2,6,CONCAT,3.864567
cold_hot,q2,6,CONCAT,4.017699
cold_hot,q2,6,CONCAT,3.8615630000000003
cold_hot,q2,6,DYNAMIC_FILTER,8.789686
cold_hot,q2,6,DYNAMIC_FILTER,9.113861
cold_hot,q2,6,DYNAMIC_FILTER,8.53595
cold_hot,q2,6,FILTER,0.525977
cold_hot,q2,6,FILTER,0.551571
cold_hot,q2,6,FILTER,0.529086
cold_hot,q2,6,GPU_SCAN,681.330132
cold_hot,q2,6,GPU_SCAN,684.897316
cold_hot,q2,6,GPU_SCAN,679.284485
cold_hot,q2,6,HASH_GROUP_BY,0.330131
cold_hot,q2,6,HASH_GROUP_BY,0.531546
cold_hot,q2,6,HASH_GROUP_BY,0.322305
cold_hot,q2,6,HASH_JOIN,9.022906999999998
cold_hot,q2,6,HASH_JOIN,7.641136000000001
cold_hot,q2,6,HASH_JOIN,6.251003000000001
cold_hot,q2,6,LEFT_DELIM_JOIN,0.204877
cold_hot,q2,6,LEFT_DELIM_JOIN,0.149325
cold_hot,q2,6,LEFT_DELIM_JOIN,0.191691
cold_hot,q2,6,MERGE_GROUP_BY,0.01103
cold_hot,q2,6,MERGE_GROUP_BY,0.014897999999999998
cold_hot,q2,6,MERGE_GROUP_BY,0.012439
cold_hot,q2,6,MERGE_SORT,0.759184
cold_hot,q2,6,MERGE_SORT,1.05975
cold_hot,q2,6,MERGE_SORT,0.751431
cold_hot,q2,6,ORDER_BY,1.275976
cold_hot,q2,6,ORDER_BY,1.429265
cold_hot,q2,6,ORDER_BY,1.241566
cold_hot,q2,6,PARTITION,0.4307780000000001
cold_hot,q2,6,PARTITION,0.42456
cold_hot,q2,6,PARTITION,0.37133499999999997
cold_hot,q2,6,PROJECTION,0.034699
cold_hot,q2,6,PROJECTION,0.037495
cold_hot,q2,6,PROJECTION,0.033280000000000004
cold_hot,q2,6,RESULT_COLLECTOR,2.108725
cold_hot,q2,6,RESULT_COLLECTOR,2.11018
cold_hot,q2,6,RESULT_COLLECTOR,1.930911
cold_hot,q2,6,SORT_PARTITION,1.275321
cold_hot,q2,6,SORT_PARTITION,1.275235
cold_hot,q2,6,SORT_PARTITION,1.068274
cold_hot,q2,6,SORT_SAMPLE,0.173843
cold_hot,q2,6,SORT_SAMPLE,0.186025
cold_hot,q2,6,SORT_SAMPLE,0.149388
cold_hot,q2,7,CONCAT,3.9352110000000002
cold_hot,q2,7,CONCAT,4.3346659999999995
cold_hot,q2,7,CONCAT,3.8657299999999997
cold_hot,q2,7,DYNAMIC_FILTER,8.521211
cold_hot,q2,7,DYNAMIC_FILTER,8.785266
cold_hot,q2,7,DYNAMIC_FILTER,12.922107
cold_hot,q2,7,FILTER,0.583968
cold_hot,q2,7,FILTER,0.665735
cold_hot,q2,7,FILTER,0.66884
cold_hot,q2,7,GPU_SCAN,675.6654659999999
cold_hot,q2,7,GPU_SCAN,682.3321780000001
cold_hot,q2,7,GPU_SCAN,687.571359
cold_hot,q2,7,HASH_GROUP_BY,0.383393
cold_hot,q2,7,HASH_GROUP_BY,0.444536
cold_hot,q2,7,HASH_GROUP_BY,0.434666
cold_hot,q2,7,HASH_JOIN,9.684808
cold_hot,q2,7,HASH_JOIN,8.205452000000001
cold_hot,q2,7,HASH_JOIN,8.01472
cold_hot,q2,7,LEFT_DELIM_JOIN,0.346625
cold_hot,q2,7,LEFT_DELIM_JOIN,0.27972
cold_hot,q2,7,LEFT_DELIM_JOIN,0.28036
cold_hot,q2,7,MERGE_GROUP_BY,0.015875
cold_hot,q2,7,MERGE_GROUP_BY,0.065525
cold_hot,q2,7,MERGE_GROUP_BY,0.018117
cold_hot,q2,7,MERGE_SORT,0.869076
cold_hot,q2,7,MERGE_SORT,0.886056
cold_hot,q2,7,MERGE_SORT,1.182403
cold_hot,q2,7,ORDER_BY,1.292411
cold_hot,q2,7,ORDER_BY,1.376819
cold_hot,q2,7,ORDER_BY,1.336134
cold_hot,q2,7,PARTITION,0.508725
cold_hot,q2,7,PARTITION,0.62031
cold_hot,q2,7,PARTITION,0.442099
cold_hot,q2,7,PROJECTION,0.036398
cold_hot,q2,7,PROJECTION,0.09528
cold_hot,q2,7,PROJECTION,0.045601
cold_hot,q2,7,RESULT_COLLECTOR,4.133496
cold_hot,q2,7,RESULT_COLLECTOR,4.88906
cold_hot,q2,7,RESULT_COLLECTOR,2.772186
cold_hot,q2,7,SORT_PARTITION,1.174084
cold_hot,q2,7,SORT_PARTITION,1.754413
cold_hot,q2,7,SORT_PARTITION,1.396277
cold_hot,q2,7,SORT_SAMPLE,0.188434
cold_hot,q2,7,SORT_SAMPLE,0.242941
cold_hot,q2,7,SORT_SAMPLE,0.228348
cold_hot,q2,8,CONCAT,3.919086
cold_hot,q2,8,CONCAT,3.8979109999999992
cold_hot,q2,8,CONCAT,3.8373490000000006
cold_hot,q2,8,DYNAMIC_FILTER,8.461658
cold_hot,q2,8,DYNAMIC_FILTER,5.686477
cold_hot,q2,8,DYNAMIC_FILTER,11.886508
cold_hot,q2,8,FILTER,0.597254
cold_hot,q2,8,FILTER,0.578013
cold_hot,q2,8,FILTER,0.667098
cold_hot,q2,8,GPU_SCAN,675.966579
cold_hot,q2,8,GPU_SCAN,679.0916950000001
cold_hot,q2,8,GPU_SCAN,685.445881
cold_hot,q2,8,HASH_GROUP_BY,0.40445
cold_hot,q2,8,HASH_GROUP_BY,0.289835
cold_hot,q2,8,HASH_GROUP_BY,0.431174
cold_hot,q2,8,HASH_JOIN,7.900410999999998
cold_hot,q2,8,HASH_JOIN,7.484149
cold_hot,q2,8,HASH_JOIN,8.202663
cold_hot,q2,8,LEFT_DELIM_JOIN,0.226722
cold_hot,q2,8,LEFT_DELIM_JOIN,0.240094
cold_hot,q2,8,LEFT_DELIM_JOIN,0.150045
cold_hot,q2,8,MERGE_GROUP_BY,0.01416
cold_hot,q2,8,MERGE_GROUP_BY,0.014683
cold_hot,q2,8,MERGE_GROUP_BY,0.012746
cold_hot,q2,8,MERGE_SORT,1.006004
cold_hot,q2,8,MERGE_SORT,0.877472
cold_hot,q2,8,MERGE_SORT,0.853196
cold_hot,q2,8,ORDER_BY,1.280309
cold_hot,q2,8,ORDER_BY,1.426034
cold_hot,q2,8,ORDER_BY,1.33629
cold_hot,q2,8,PARTITION,0.45033999999999996
cold_hot,q2,8,PARTITION,0.32921100000000003
cold_hot,q2,8,PARTITION,0.38854099999999997
cold_hot,q2,8,PROJECTION,0.051106
cold_hot,q2,8,PROJECTION,0.037585
cold_hot,q2,8,PROJECTION,0.038973999999999995
cold_hot,q2,8,RESULT_COLLECTOR,2.523696
cold_hot,q2,8,RESULT_COLLECTOR,2.223267
cold_hot,q2,8,RESULT_COLLECTOR,4.359273
cold_hot,q2,8,SORT_PARTITION,2.687604
cold_hot,q2,8,SORT_PARTITION,1.158141
cold_hot,q2,8,SORT_PARTITION,1.295821
cold_hot,q2,8,SORT_SAMPLE,0.671304
cold_hot,q2,8,SORT_SAMPLE,0.201261
cold_hot,q2,8,SORT_SAMPLE,0.184961
cold_hot,q2,9,CONCAT,4.054457
cold_hot,q2,9,CONCAT,4.088474999999999
cold_hot,q2,9,CONCAT,3.786628
cold_hot,q2,9,DYNAMIC_FILTER,8.697507
cold_hot,q2,9,DYNAMIC_FILTER,10.634619999999998
cold_hot,q2,9,DYNAMIC_FILTER,10.223147
cold_hot,q2,9,FILTER,0.698447
cold_hot,q2,9,FILTER,0.667319
cold_hot,q2,9,FILTER,0.592794
cold_hot,q2,9,GPU_SCAN,694.812419
cold_hot,q2,9,GPU_SCAN,705.6401249999999
cold_hot,q2,9,GPU_SCAN,687.6935910000001
cold_hot,q2,9,HASH_GROUP_BY,0.425975
cold_hot,q2,9,HASH_GROUP_BY,0.340958
cold_hot,q2,9,HASH_GROUP_BY,0.351618
cold_hot,q2,9,HASH_JOIN,8.06634
cold_hot,q2,9,HASH_JOIN,8.864080000000001
cold_hot,q2,9,HASH_JOIN,7.300860999999999
cold_hot,q2,9,LEFT_DELIM_JOIN,0.22021
cold_hot,q2,9,LEFT_DELIM_JOIN,0.15476
cold_hot,q2,9,LEFT_DELIM_JOIN,0.124077
cold_hot,q2,9,MERGE_GROUP_BY,0.018523
cold_hot,q2,9,MERGE_GROUP_BY,0.035791
cold_hot,q2,9,MERGE_GROUP_BY,0.02173
cold_hot,q2,9,MERGE_SORT,1.214314
cold_hot,q2,9,MERGE_SORT,1.04585
cold_hot,q2,9,MERGE_SORT,0.916946
cold_hot,q2,9,ORDER_BY,1.358104
cold_hot,q2,9,ORDER_BY,1.478345
cold_hot,q2,9,ORDER_BY,1.283487
cold_hot,q2,9,PARTITION,0.43340900000000004
cold_hot,q2,9,PARTITION,0.43593399999999993
cold_hot,q2,9,PARTITION,0.33177699999999993
cold_hot,q2,9,PROJECTION,0.09263199999999999
cold_hot,q2,9,PROJECTION,0.062025
cold_hot,q2,9,PROJECTION,0.076265
cold_hot,q2,9,RESULT_COLLECTOR,4.856643
cold_hot,q2,9,RESULT_COLLECTOR,2.827675
cold_hot,q2,9,RESULT_COLLECTOR,4.143938
cold_hot,q2,9,SORT_PARTITION,1.714691
cold_hot,q2,9,SORT_PARTITION,1.340528
cold_hot,q2,9,SORT_PARTITION,1.111947
cold_hot,q2,9,SORT_SAMPLE,0.186298
cold_hot,q2,9,SORT_SAMPLE,0.214426
cold_hot,q2,9,SORT_SAMPLE,0.146313
cold_hot,q2,10,CONCAT,3.991907
cold_hot,q2,10,CONCAT,3.434985
cold_hot,q2,10,CONCAT,3.7460130000000005
cold_hot,q2,10,DYNAMIC_FILTER,8.712173
cold_hot,q2,10,DYNAMIC_FILTER,8.694996
cold_hot,q2,10,DYNAMIC_FILTER,5.80277
cold_hot,q2,10,FILTER,0.687533
cold_hot,q2,10,FILTER,0.55923
cold_hot,q2,10,FILTER,0.594874
cold_hot,q2,10,GPU_SCAN,686.807327
cold_hot,q2,10,GPU_SCAN,683.7161999999998
cold_hot,q2,10,GPU_SCAN,689.517024
cold_hot,q2,10,HASH_GROUP_BY,0.462558
cold_hot,q2,10,HASH_GROUP_BY,0.279013
cold_hot,q2,10,HASH_GROUP_BY,0.332543
cold_hot,q2,10,HASH_JOIN,10.471857
cold_hot,q2,10,HASH_JOIN,6.934232
cold_hot,q2,10,HASH_JOIN,8.503355
cold_hot,q2,10,LEFT_DELIM_JOIN,0.215138
cold_hot,q2,10,LEFT_DELIM_JOIN,0.116499
cold_hot,q2,10,LEFT_DELIM_JOIN,0.124279
cold_hot,q2,10,MERGE_GROUP_BY,0.020544
cold_hot,q2,10,MERGE_GROUP_BY,0.012322
cold_hot,q2,10,MERGE_GROUP_BY,0.021706
cold_hot,q2,10,MERGE_SORT,1.467316
cold_hot,q2,10,MERGE_SORT,0.90037
cold_hot,q2,10,MERGE_SORT,1.440706
cold_hot,q2,10,ORDER_BY,1.36547
cold_hot,q2,10,ORDER_BY,1.302602
cold_hot,q2,10,ORDER_BY,1.293854
cold_hot,q2,10,PARTITION,0.577604
cold_hot,q2,10,PARTITION,0.299399
cold_hot,q2,10,PARTITION,0.380929
cold_hot,q2,10,PROJECTION,0.07537300000000001
cold_hot,q2,10,PROJECTION,0.044382
cold_hot,q2,10,PROJECTION,0.035681000000000004
cold_hot,q2,10,RESULT_COLLECTOR,2.840425
cold_hot,q2,10,RESULT_COLLECTOR,2.041572
cold_hot,q2,10,RESULT_COLLECTOR,2.268698
cold_hot,q2,10,SORT_PARTITION,1.645849
cold_hot,q2,10,SORT_PARTITION,1.102267
cold_hot,q2,10,SORT_PARTITION,1.135087
cold_hot,q2,10,SORT_SAMPLE,0.274158
cold_hot,q2,10,SORT_SAMPLE,0.142504
cold_hot,q2,10,SORT_SAMPLE,0.161862
cold_hot,q3,1,CONCAT,5.597412
cold_hot,q3,1,CONCAT,5.564293
cold_hot,q3,1,CONCAT,5.430116
cold_hot,q3,1,DYNAMIC_FILTER,36.685729
cold_hot,q3,1,DYNAMIC_FILTER,45.492271
cold_hot,q3,1,DYNAMIC_FILTER,24.386389
cold_hot,q3,1,GPU_SCAN,5767.349335
cold_hot,q3,1,GPU_SCAN,5423.144068000002
cold_hot,q3,1,GPU_SCAN,5326.567337000001
cold_hot,q3,1,HASH_GROUP_BY,1.527039
cold_hot,q3,1,HASH_GROUP_BY,1.258453
cold_hot,q3,1,HASH_GROUP_BY,1.161648
cold_hot,q3,1,HASH_JOIN,10.744753
cold_hot,q3,1,HASH_JOIN,10.236243
cold_hot,q3,1,HASH_JOIN,10.349993
cold_hot,q3,1,MERGE_GROUP_BY,0.062802
cold_hot,q3,1,MERGE_GROUP_BY,0.027579
cold_hot,q3,1,MERGE_GROUP_BY,0.025017
cold_hot,q3,1,MERGE_SORT,0.696817
cold_hot,q3,1,MERGE_SORT,0.452141
cold_hot,q3,1,MERGE_SORT,0.38662
cold_hot,q3,1,ORDER_BY,2.517154
cold_hot,q3,1,ORDER_BY,2.430428
cold_hot,q3,1,ORDER_BY,2.431009
cold_hot,q3,1,PARTITION,0.28845499999999996
cold_hot,q3,1,PARTITION,0.26333900000000005
cold_hot,q3,1,PARTITION,0.3701919999999999
cold_hot,q3,1,PROJECTION,0.248507
cold_hot,q3,1,PROJECTION,0.22540100000000002
cold_hot,q3,1,PROJECTION,0.23584
cold_hot,q3,1,RESULT_COLLECTOR,13.826779
cold_hot,q3,1,RESULT_COLLECTOR,14.098002
cold_hot,q3,1,RESULT_COLLECTOR,5.191034
cold_hot,q3,1,SORT_PARTITION,0.294402
cold_hot,q3,1,SORT_PARTITION,0.188044
cold_hot,q3,1,SORT_PARTITION,0.191054
cold_hot,q3,1,SORT_SAMPLE,0.160859
cold_hot,q3,1,SORT_SAMPLE,0.02876
cold_hot,q3,1,SORT_SAMPLE,0.034525
cold_hot,q3,2,CONCAT,5.187742
cold_hot,q3,2,CONCAT,5.470917
cold_hot,q3,2,CONCAT,5.421085000000001
cold_hot,q3,2,DYNAMIC_FILTER,26.133723
cold_hot,q3,2,DYNAMIC_FILTER,46.33175
cold_hot,q3,2,DYNAMIC_FILTER,27.167237000000004
cold_hot,q3,2,GPU_SCAN,5206.586504999999
cold_hot,q3,2,GPU_SCAN,5476.710513
cold_hot,q3,2,GPU_SCAN,5472.508572999999
cold_hot,q3,2,HASH_GROUP_BY,1.238626
cold_hot,q3,2,HASH_GROUP_BY,1.273943
cold_hot,q3,2,HASH_GROUP_BY,1.250631
cold_hot,q3,2,HASH_JOIN,10.154909
cold_hot,q3,2,HASH_JOIN,10.253421
cold_hot,q3,2,HASH_JOIN,10.345196
cold_hot,q3,2,MERGE_GROUP_BY,0.028571
cold_hot,q3,2,MERGE_GROUP_BY,0.024154
cold_hot,q3,2,MERGE_GROUP_BY,0.025523
cold_hot,q3,2,MERGE_SORT,0.216677
cold_hot,q3,2,MERGE_SORT,0.214869
cold_hot,q3,2,MERGE_SORT,0.233671
cold_hot,q3,2,ORDER_BY,2.406806
cold_hot,q3,2,ORDER_BY,2.544351
cold_hot,q3,2,ORDER_BY,2.566786
cold_hot,q3,2,PARTITION,0.260899
cold_hot,q3,2,PARTITION,0.26000100000000004
cold_hot,q3,2,PARTITION,0.284002
cold_hot,q3,2,PROJECTION,0.225878
cold_hot,q3,2,PROJECTION,0.254877
cold_hot,q3,2,PROJECTION,0.264295
cold_hot,q3,2,RESULT_COLLECTOR,9.440421
cold_hot,q3,2,RESULT_COLLECTOR,5.169041
cold_hot,q3,2,RESULT_COLLECTOR,9.687205
cold_hot,q3,2,SORT_PARTITION,0.202668
cold_hot,q3,2,SORT_PARTITION,0.194248
cold_hot,q3,2,SORT_PARTITION,0.216905
cold_hot,q3,2,SORT_SAMPLE,0.035107
cold_hot,q3,2,SORT_SAMPLE,0.030263
cold_hot,q3,2,SORT_SAMPLE,0.043445
cold_hot,q3,3,CONCAT,5.778001
cold_hot,q3,3,CONCAT,5.719226
cold_hot,q3,3,CONCAT,5.360886000000001
cold_hot,q3,3,DYNAMIC_FILTER,25.558018000000004
cold_hot,q3,3,DYNAMIC_FILTER,25.796259
cold_hot,q3,3,DYNAMIC_FILTER,38.262547
cold_hot,q3,3,GPU_SCAN,5448.36928
cold_hot,q3,3,GPU_SCAN,5399.822392
cold_hot,q3,3,GPU_SCAN,5685.5320409999995
cold_hot,q3,3,HASH_GROUP_BY,1.333045
cold_hot,q3,3,HASH_GROUP_BY,1.218629
cold_hot,q3,3,HASH_GROUP_BY,1.31591
cold_hot,q3,3,HASH_JOIN,10.335381
cold_hot,q3,3,HASH_JOIN,10.535376
cold_hot,q3,3,HASH_JOIN,10.364408000000001
cold_hot,q3,3,MERGE_GROUP_BY,0.010764
cold_hot,q3,3,MERGE_GROUP_BY,0.060392
cold_hot,q3,3,MERGE_GROUP_BY,0.019294
cold_hot,q3,3,MERGE_SORT,0.527623
cold_hot,q3,3,MERGE_SORT,0.478609
cold_hot,q3,3,MERGE_SORT,0.265723
cold_hot,q3,3,ORDER_BY,2.476746
cold_hot,q3,3,ORDER_BY,2.621973
cold_hot,q3,3,ORDER_BY,2.40857
cold_hot,q3,3,PARTITION,0.269769
cold_hot,q3,3,PARTITION,0.298991
cold_hot,q3,3,PARTITION,0.408466
cold_hot,q3,3,PROJECTION,0.260422
cold_hot,q3,3,PROJECTION,0.316
cold_hot,q3,3,PROJECTION,0.23044499999999998
cold_hot,q3,3,RESULT_COLLECTOR,7.028444
cold_hot,q3,3,RESULT_COLLECTOR,6.739965
cold_hot,q3,3,RESULT_COLLECTOR,10.148095
cold_hot,q3,3,SORT_PARTITION,0.22264
cold_hot,q3,3,SORT_PARTITION,0.274337
cold_hot,q3,3,SORT_PARTITION,0.208728
cold_hot,q3,3,SORT_SAMPLE,0.046913
cold_hot,q3,3,SORT_SAMPLE,0.099035
cold_hot,q3,3,SORT_SAMPLE,0.037201
cold_hot,q3,4,CONCAT,5.604206
cold_hot,q3,4,CONCAT,5.758762999999999
cold_hot,q3,4,CONCAT,5.277906000000001
cold_hot,q3,4,DYNAMIC_FILTER,34.019775
cold_hot,q3,4,DYNAMIC_FILTER,24.506704000000003
cold_hot,q3,4,DYNAMIC_FILTER,26.946343
cold_hot,q3,4,GPU_SCAN,5269.612248
cold_hot,q3,4,GPU_SCAN,5593.037009999999
cold_hot,q3,4,GPU_SCAN,5363.787110000001
cold_hot,q3,4,HASH_GROUP_BY,1.169485
cold_hot,q3,4,HASH_GROUP_BY,1.317647
cold_hot,q3,4,HASH_GROUP_BY,1.266775
cold_hot,q3,4,HASH_JOIN,10.208504999999999
cold_hot,q3,4,HASH_JOIN,10.554019
cold_hot,q3,4,HASH_JOIN,10.32323
cold_hot,q3,4,MERGE_GROUP_BY,0.029951
cold_hot,q3,4,MERGE_GROUP_BY,0.059355
cold_hot,q3,4,MERGE_GROUP_BY,0.028454
cold_hot,q3,4,MERGE_SORT,0.207677
cold_hot,q3,4,MERGE_SORT,0.30423
cold_hot,q3,4,MERGE_SORT,0.232182
cold_hot,q3,4,ORDER_BY,2.425269
cold_hot,q3,4,ORDER_BY,2.561558
cold_hot,q3,4,ORDER_BY,2.438513
cold_hot,q3,4,PARTITION,0.27538700000000005
cold_hot,q3,4,PARTITION,0.358641
cold_hot,q3,4,PARTITION,0.3685569999999999
cold_hot,q3,4,PROJECTION,0.245757
cold_hot,q3,4,PROJECTION,0.277019
cold_hot,q3,4,PROJECTION,0.247029
cold_hot,q3,4,RESULT_COLLECTOR,6.726894
cold_hot,q3,4,RESULT_COLLECTOR,7.483896
cold_hot,q3,4,RESULT_COLLECTOR,8.916031
cold_hot,q3,4,SORT_PARTITION,0.234986
cold_hot,q3,4,SORT_PARTITION,0.2535
cold_hot,q3,4,SORT_PARTITION,0.222444
cold_hot,q3,4,SORT_SAMPLE,0.093681
cold_hot,q3,4,SORT_SAMPLE,0.108421
cold_hot,q3,4,SORT_SAMPLE,0.04572
cold_hot,q3,5,CONCAT,5.118698
cold_hot,q3,5,CONCAT,5.278834
cold_hot,q3,5,CONCAT,5.4306529999999995
cold_hot,q3,5,DYNAMIC_FILTER,22.970709000000006
cold_hot,q3,5,DYNAMIC_FILTER,23.920419
cold_hot,q3,5,DYNAMIC_FILTER,28.594525
cold_hot,q3,5,GPU_SCAN,5422.645678999999
cold_hot,q3,5,GPU_SCAN,5543.539125999999
cold_hot,q3,5,GPU_SCAN,5761.808940000001
cold_hot,q3,5,HASH_GROUP_BY,1.285468
cold_hot,q3,5,HASH_GROUP_BY,1.260836
cold_hot,q3,5,HASH_GROUP_BY,1.339699
cold_hot,q3,5,HASH_JOIN,10.19192
cold_hot,q3,5,HASH_JOIN,10.50152
cold_hot,q3,5,HASH_JOIN,10.353621
cold_hot,q3,5,MERGE_GROUP_BY,0.009667
cold_hot,q3,5,MERGE_GROUP_BY,0.006943
cold_hot,q3,5,MERGE_GROUP_BY,0.014635
cold_hot,q3,5,MERGE_SORT,0.252334
cold_hot,q3,5,MERGE_SORT,0.434607
cold_hot,q3,5,MERGE_SORT,0.222741
cold_hot,q3,5,ORDER_BY,2.448965
cold_hot,q3,5,ORDER_BY,2.479709
cold_hot,q3,5,ORDER_BY,2.511799
cold_hot,q3,5,PARTITION,0.18151299999999998
cold_hot,q3,5,PARTITION,0.22639300000000004
cold_hot,q3,5,PARTITION,0.32220799999999994
cold_hot,q3,5,PROJECTION,0.22784000000000001
cold_hot,q3,5,PROJECTION,0.259869
cold_hot,q3,5,PROJECTION,0.23499799999999998
cold_hot,q3,5,RESULT_COLLECTOR,5.589855
cold_hot,q3,5,RESULT_COLLECTOR,8.875421
cold_hot,q3,5,RESULT_COLLECTOR,11.006479
cold_hot,q3,5,SORT_PARTITION,0.194955
cold_hot,q3,5,SORT_PARTITION,0.20517
cold_hot,q3,5,SORT_PARTITION,0.212195
cold_hot,q3,5,SORT_SAMPLE,0.03443
cold_hot,q3,5,SORT_SAMPLE,0.063848
cold_hot,q3,5,SORT_SAMPLE,0.044946
cold_hot,q3,6,CONCAT,5.127876
cold_hot,q3,6,CONCAT,5.36133
cold_hot,q3,6,CONCAT,5.641115
cold_hot,q3,6,DYNAMIC_FILTER,44.687235
cold_hot,q3,6,DYNAMIC_FILTER,35.922666
cold_hot,q3,6,DYNAMIC_FILTER,22.103276
cold_hot,q3,6,GPU_SCAN,5527.607
cold_hot,q3,6,GPU_SCAN,5415.563711000001
cold_hot,q3,6,GPU_SCAN,5027.527035
cold_hot,q3,6,HASH_GROUP_BY,1.267957
cold_hot,q3,6,HASH_GROUP_BY,1.25938
cold_hot,q3,6,HASH_GROUP_BY,1.272967
cold_hot,q3,6,HASH_JOIN,10.203944
cold_hot,q3,6,HASH_JOIN,10.571746000000001
cold_hot,q3,6,HASH_JOIN,10.430819
cold_hot,q3,6,MERGE_GROUP_BY,0.050745
cold_hot,q3,6,MERGE_GROUP_BY,0.01312
cold_hot,q3,6,MERGE_GROUP_BY,0.014641
cold_hot,q3,6,MERGE_SORT,0.521221
cold_hot,q3,6,MERGE_SORT,0.251811
cold_hot,q3,6,MERGE_SORT,0.276249
cold_hot,q3,6,ORDER_BY,2.414219
cold_hot,q3,6,ORDER_BY,2.540707
cold_hot,q3,6,ORDER_BY,2.441311
cold_hot,q3,6,PARTITION,0.234912
cold_hot,q3,6,PARTITION,0.273709
cold_hot,q3,6,PARTITION,0.253989
cold_hot,q3,6,PROJECTION,0.229528
cold_hot,q3,6,PROJECTION,0.253259
cold_hot,q3,6,PROJECTION,0.254402
cold_hot,q3,6,RESULT_COLLECTOR,21.351132
cold_hot,q3,6,RESULT_COLLECTOR,5.140518
cold_hot,q3,6,RESULT_COLLECTOR,6.509093
cold_hot,q3,6,SORT_PARTITION,0.200619
cold_hot,q3,6,SORT_PARTITION,0.194076
cold_hot,q3,6,SORT_PARTITION,0.212694
cold_hot,q3,6,SORT_SAMPLE,0.038682
cold_hot,q3,6,SORT_SAMPLE,0.038229
cold_hot,q3,6,SORT_SAMPLE,0.039167
cold_hot,q3,7,CONCAT,5.228227
cold_hot,q3,7,CONCAT,5.891072
cold_hot,q3,7,CONCAT,5.390642
cold_hot,q3,7,DYNAMIC_FILTER,33.695244
cold_hot,q3,7,DYNAMIC_FILTER,19.444093999999993
cold_hot,q3,7,DYNAMIC_FILTER,29.876527999999997
cold_hot,q3,7,GPU_SCAN,5628.287466
cold_hot,q3,7,GPU_SCAN,5067.274824999999
cold_hot,q3,7,GPU_SCAN,5435.679401999999
cold_hot,q3,7,HASH_GROUP_BY,1.453626
cold_hot,q3,7,HASH_GROUP_BY,1.273005
cold_hot,q3,7,HASH_GROUP_BY,1.284098
cold_hot,q3,7,HASH_JOIN,10.271318
cold_hot,q3,7,HASH_JOIN,10.480039000000001
cold_hot,q3,7,HASH_JOIN,10.440183000000001
cold_hot,q3,7,MERGE_GROUP_BY,0.053426
cold_hot,q3,7,MERGE_GROUP_BY,0.091724
cold_hot,q3,7,MERGE_GROUP_BY,0.031837
cold_hot,q3,7,MERGE_SORT,0.330888
cold_hot,q3,7,MERGE_SORT,0.37132
cold_hot,q3,7,MERGE_SORT,0.283855
cold_hot,q3,7,ORDER_BY,2.463905
cold_hot,q3,7,ORDER_BY,2.675912
cold_hot,q3,7,ORDER_BY,2.414523
cold_hot,q3,7,PARTITION,0.258898
cold_hot,q3,7,PARTITION,0.262096
cold_hot,q3,7,PARTITION,0.37676699999999996
cold_hot,q3,7,PROJECTION,0.238063
cold_hot,q3,7,PROJECTION,0.331932
cold_hot,q3,7,PROJECTION,0.256746
cold_hot,q3,7,RESULT_COLLECTOR,8.287799
cold_hot,q3,7,RESULT_COLLECTOR,8.332501
cold_hot,q3,7,RESULT_COLLECTOR,7.449822
cold_hot,q3,7,SORT_PARTITION,0.211545
cold_hot,q3,7,SORT_PARTITION,0.422179
cold_hot,q3,7,SORT_PARTITION,0.215458
cold_hot,q3,7,SORT_SAMPLE,0.037442
cold_hot,q3,7,SORT_SAMPLE,0.131239
cold_hot,q3,7,SORT_SAMPLE,0.042952
cold_hot,q3,8,CONCAT,5.396904
cold_hot,q3,8,CONCAT,5.5009
cold_hot,q3,8,CONCAT,5.148212
cold_hot,q3,8,DYNAMIC_FILTER,27.779738
cold_hot,q3,8,DYNAMIC_FILTER,31.909835000000005
cold_hot,q3,8,DYNAMIC_FILTER,47.56300400000001
cold_hot,q3,8,GPU_SCAN,5490.070955000001
cold_hot,q3,8,GPU_SCAN,5445.408482
cold_hot,q3,8,GPU_SCAN,5443.060453
cold_hot,q3,8,HASH_GROUP_BY,1.248186
cold_hot,q3,8,HASH_GROUP_BY,1.414204
cold_hot,q3,8,HASH_GROUP_BY,1.243878
cold_hot,q3,8,HASH_JOIN,10.342565
cold_hot,q3,8,HASH_JOIN,10.321266
cold_hot,q3,8,HASH_JOIN,10.31321
cold_hot,q3,8,MERGE_GROUP_BY,0.051099
cold_hot,q3,8,MERGE_GROUP_BY,0.066578
cold_hot,q3,8,MERGE_GROUP_BY,0.006602
cold_hot,q3,8,MERGE_SORT,0.255217
cold_hot,q3,8,MERGE_SORT,0.21373
cold_hot,q3,8,MERGE_SORT,0.294954
cold_hot,q3,8,ORDER_BY,2.460247
cold_hot,q3,8,ORDER_BY,2.477991
cold_hot,q3,8,ORDER_BY,2.487726
cold_hot,q3,8,PARTITION,0.230253
cold_hot,q3,8,PARTITION,0.20729099999999998
cold_hot,q3,8,PARTITION,0.336895
cold_hot,q3,8,PROJECTION,0.229433
cold_hot,q3,8,PROJECTION,0.22689499999999999
cold_hot,q3,8,PROJECTION,0.225773
cold_hot,q3,8,RESULT_COLLECTOR,7.61193
cold_hot,q3,8,RESULT_COLLECTOR,10.562524
cold_hot,q3,8,RESULT_COLLECTOR,4.518678
cold_hot,q3,8,SORT_PARTITION,0.203318
cold_hot,q3,8,SORT_PARTITION,0.209554
cold_hot,q3,8,SORT_PARTITION,0.212366
cold_hot,q3,8,SORT_SAMPLE,0.036685
cold_hot,q3,8,SORT_SAMPLE,0.066756
cold_hot,q3,8,SORT_SAMPLE,0.07241
cold_hot,q3,9,CONCAT,5.483268000000001
cold_hot,q3,9,CONCAT,5.401171
cold_hot,q3,9,CONCAT,5.259432
cold_hot,q3,9,DYNAMIC_FILTER,29.709103
cold_hot,q3,9,DYNAMIC_FILTER,37.592705
cold_hot,q3,9,DYNAMIC_FILTER,33.059725
cold_hot,q3,9,GPU_SCAN,5683.218624
cold_hot,q3,9,GPU_SCAN,5556.335437999999
cold_hot,q3,9,GPU_SCAN,5568.580627000001
cold_hot,q3,9,HASH_GROUP_BY,1.260841
cold_hot,q3,9,HASH_GROUP_BY,1.283741
cold_hot,q3,9,HASH_GROUP_BY,1.233482
cold_hot,q3,9,HASH_JOIN,10.246163
cold_hot,q3,9,HASH_JOIN,10.377483999999999
cold_hot,q3,9,HASH_JOIN,10.258256
cold_hot,q3,9,MERGE_GROUP_BY,0.008024
cold_hot,q3,9,MERGE_GROUP_BY,0.024847
cold_hot,q3,9,MERGE_GROUP_BY,0.007565
cold_hot,q3,9,MERGE_SORT,0.208297
cold_hot,q3,9,MERGE_SORT,0.186762
cold_hot,q3,9,MERGE_SORT,0.19485
cold_hot,q3,9,ORDER_BY,2.450675
cold_hot,q3,9,ORDER_BY,2.578535
cold_hot,q3,9,ORDER_BY,2.447027
cold_hot,q3,9,PARTITION,0.431192
cold_hot,q3,9,PARTITION,0.22370400000000001
cold_hot,q3,9,PARTITION,0.160303
cold_hot,q3,9,PROJECTION,0.246145
cold_hot,q3,9,PROJECTION,0.29178899999999997
cold_hot,q3,9,PROJECTION,0.22844799999999998
cold_hot,q3,9,RESULT_COLLECTOR,13.610689
cold_hot,q3,9,RESULT_COLLECTOR,9.211471
cold_hot,q3,9,RESULT_COLLECTOR,4.247627
cold_hot,q3,9,SORT_PARTITION,0.251447
cold_hot,q3,9,SORT_PARTITION,0.1945
cold_hot,q3,9,SORT_PARTITION,0.191991
cold_hot,q3,9,SORT_SAMPLE,0.093952
cold_hot,q3,9,SORT_SAMPLE,0.03431
cold_hot,q3,9,SORT_SAMPLE,0.031885
cold_hot,q3,10,CONCAT,5.3668819999999995
cold_hot,q3,10,CONCAT,5.250119
cold_hot,q3,10,CONCAT,6.153686
cold_hot,q3,10,DYNAMIC_FILTER,46.971092
cold_hot,q3,10,DYNAMIC_FILTER,31.631876000000002
cold_hot,q3,10,DYNAMIC_FILTER,26.226108
cold_hot,q3,10,GPU_SCAN,5658.205641
cold_hot,q3,10,GPU_SCAN,5520.711587000001
cold_hot,q3,10,GPU_SCAN,5348.522209000001
cold_hot,q3,10,HASH_GROUP_BY,1.364743
cold_hot,q3,10,HASH_GROUP_BY,1.285512
cold_hot,q3,10,HASH_GROUP_BY,1.331206
cold_hot,q3,10,HASH_JOIN,10.379865
cold_hot,q3,10,HASH_JOIN,10.721536
cold_hot,q3,10,HASH_JOIN,10.456436
cold_hot,q3,10,MERGE_GROUP_BY,0.009706
cold_hot,q3,10,MERGE_GROUP_BY,0.00704
cold_hot,q3,10,MERGE_GROUP_BY,0.008733
cold_hot,q3,10,MERGE_SORT,0.267219
cold_hot,q3,10,MERGE_SORT,0.188246
cold_hot,q3,10,MERGE_SORT,0.243933
cold_hot,q3,10,ORDER_BY,2.529491
cold_hot,q3,10,ORDER_BY,2.423337
cold_hot,q3,10,ORDER_BY,2.405191
cold_hot,q3,10,PARTITION,0.278459
cold_hot,q3,10,PARTITION,0.16486399999999998
cold_hot,q3,10,PARTITION,0.301276
cold_hot,q3,10,PROJECTION,0.23948999999999998
cold_hot,q3,10,PROJECTION,0.228171
cold_hot,q3,10,PROJECTION,0.244773
cold_hot,q3,10,RESULT_COLLECTOR,6.999184
cold_hot,q3,10,RESULT_COLLECTOR,11.231634
cold_hot,q3,10,RESULT_COLLECTOR,5.175443
cold_hot,q3,10,SORT_PARTITION,0.220346
cold_hot,q3,10,SORT_PARTITION,0.193282
cold_hot,q3,10,SORT_PARTITION,0.219567
cold_hot,q3,10,SORT_SAMPLE,0.039687
cold_hot,q3,10,SORT_SAMPLE,0.034165
cold_hot,q3,10,SORT_SAMPLE,0.071505
cold_hot,q4,1,CONCAT,2.237927
cold_hot,q4,1,CONCAT,2.046312
cold_hot,q4,1,CONCAT,2.105538
cold_hot,q4,1,DYNAMIC_FILTER,17.560878
cold_hot,q4,1,DYNAMIC_FILTER,27.991317000000002
cold_hot,q4,1,DYNAMIC_FILTER,23.203198
cold_hot,q4,1,FILTER,11.865454
cold_hot,q4,1,FILTER,4.428372
cold_hot,q4,1,FILTER,5.390212
cold_hot,q4,1,GPU_SCAN,2771.7794200000003
cold_hot,q4,1,GPU_SCAN,2889.334768999999
cold_hot,q4,1,GPU_SCAN,2777.065678
cold_hot,q4,1,HASH_GROUP_BY,15.141944
cold_hot,q4,1,HASH_GROUP_BY,2.357412
cold_hot,q4,1,HASH_GROUP_BY,2.542076
cold_hot,q4,1,HASH_JOIN,21.688552
cold_hot,q4,1,HASH_JOIN,7.985853
cold_hot,q4,1,HASH_JOIN,8.441716
cold_hot,q4,1,LEFT_DELIM_JOIN,4.665414
cold_hot,q4,1,LEFT_DELIM_JOIN,3.966723
cold_hot,q4,1,LEFT_DELIM_JOIN,4.687314
cold_hot,q4,1,MERGE_GROUP_BY,3.040512
cold_hot,q4,1,MERGE_GROUP_BY,2.842327
cold_hot,q4,1,MERGE_GROUP_BY,2.908332
cold_hot,q4,1,MERGE_SORT,0.273163
cold_hot,q4,1,MERGE_SORT,0.023475
cold_hot,q4,1,MERGE_SORT,0.023121
cold_hot,q4,1,ORDER_BY,7.098886
cold_hot,q4,1,ORDER_BY,0.243232
cold_hot,q4,1,ORDER_BY,0.165991
cold_hot,q4,1,PARTITION,0.433883
cold_hot,q4,1,PARTITION,0.24478899999999995
cold_hot,q4,1,PARTITION,0.32201799999999997
cold_hot,q4,1,PROJECTION,0.022083
cold_hot,q4,1,PROJECTION,0.016281
cold_hot,q4,1,PROJECTION,0.017741
cold_hot,q4,1,RESULT_COLLECTOR,0.750818
cold_hot,q4,1,RESULT_COLLECTOR,0.244926
cold_hot,q4,1,RESULT_COLLECTOR,0.33258
cold_hot,q4,1,SORT_PARTITION,0.034068
cold_hot,q4,1,SORT_PARTITION,0.005835
cold_hot,q4,1,SORT_PARTITION,0.009146
cold_hot,q4,1,SORT_SAMPLE,0.058888
cold_hot,q4,1,SORT_SAMPLE,0.008745
cold_hot,q4,1,SORT_SAMPLE,0.020342
cold_hot,q4,2,CONCAT,2.2351929999999998
cold_hot,q4,2,CONCAT,2.088947
cold_hot,q4,2,CONCAT,2.205785
cold_hot,q4,2,DYNAMIC_FILTER,26.265752
cold_hot,q4,2,DYNAMIC_FILTER,37.41879
cold_hot,q4,2,DYNAMIC_FILTER,31.794916
cold_hot,q4,2,FILTER,6.1865190000000005
cold_hot,q4,2,FILTER,9.454626
cold_hot,q4,2,FILTER,9.497109
cold_hot,q4,2,GPU_SCAN,2750.823437
cold_hot,q4,2,GPU_SCAN,3109.8184570000003
cold_hot,q4,2,GPU_SCAN,3137.3495900000003
cold_hot,q4,2,HASH_GROUP_BY,2.19779
cold_hot,q4,2,HASH_GROUP_BY,2.07656
cold_hot,q4,2,HASH_GROUP_BY,2.295805
cold_hot,q4,2,HASH_JOIN,7.869642000000001
cold_hot,q4,2,HASH_JOIN,7.360785999999999
cold_hot,q4,2,HASH_JOIN,7.846814
cold_hot,q4,2,LEFT_DELIM_JOIN,4.3201730000000005
cold_hot,q4,2,LEFT_DELIM_JOIN,4.620646
cold_hot,q4,2,LEFT_DELIM_JOIN,3.9055069999999996
cold_hot,q4,2,MERGE_GROUP_BY,3.104456
cold_hot,q4,2,MERGE_GROUP_BY,3.050068
cold_hot,q4,2,MERGE_GROUP_BY,3.049868
cold_hot,q4,2,MERGE_SORT,0.022203
cold_hot,q4,2,MERGE_SORT,0.032763
cold_hot,q4,2,MERGE_SORT,0.013725
cold_hot,q4,2,ORDER_BY,0.180405
cold_hot,q4,2,ORDER_BY,0.200198
cold_hot,q4,2,ORDER_BY,0.190683
cold_hot,q4,2,PARTITION,0.36202999999999996
cold_hot,q4,2,PARTITION,0.379276
cold_hot,q4,2,PARTITION,0.45509
cold_hot,q4,2,PROJECTION,0.018941
cold_hot,q4,2,PROJECTION,0.015227
cold_hot,q4,2,PROJECTION,0.013783
cold_hot,q4,2,RESULT_COLLECTOR,0.255389
cold_hot,q4,2,RESULT_COLLECTOR,0.157174
cold_hot,q4,2,RESULT_COLLECTOR,0.178312
cold_hot,q4,2,SORT_PARTITION,0.00661
cold_hot,q4,2,SORT_PARTITION,0.00661
cold_hot,q4,2,SORT_PARTITION,0.009213
cold_hot,q4,2,SORT_SAMPLE,0.010675
cold_hot,q4,2,SORT_SAMPLE,0.009584
cold_hot,q4,2,SORT_SAMPLE,0.008645
cold_hot,q4,3,CONCAT,2.193114
cold_hot,q4,3,CONCAT,2.202499
cold_hot,q4,3,CONCAT,2.200833
cold_hot,q4,3,DYNAMIC_FILTER,23.986880999999997
cold_hot,q4,3,DYNAMIC_FILTER,30.825892
cold_hot,q4,3,DYNAMIC_FILTER,23.048393
cold_hot,q4,3,FILTER,4.306089999999999
cold_hot,q4,3,FILTER,9.240888000000002
cold_hot,q4,3,FILTER,6.803844999999999
cold_hot,q4,3,GPU_SCAN,2904.1613159999997
cold_hot,q4,3,GPU_SCAN,2966.908402
cold_hot,q4,3,GPU_SCAN,2777.628473
cold_hot,q4,3,HASH_GROUP_BY,2.191305
cold_hot,q4,3,HASH_GROUP_BY,2.151268
cold_hot,q4,3,HASH_GROUP_BY,2.116222
cold_hot,q4,3,HASH_JOIN,7.911323
cold_hot,q4,3,HASH_JOIN,7.753818
cold_hot,q4,3,HASH_JOIN,7.885425
cold_hot,q4,3,LEFT_DELIM_JOIN,4.929455
cold_hot,q4,3,LEFT_DELIM_JOIN,5.455259
cold_hot,q4,3,LEFT_DELIM_JOIN,5.267651000000001
cold_hot,q4,3,MERGE_GROUP_BY,2.895043
cold_hot,q4,3,MERGE_GROUP_BY,2.8572480000000002
cold_hot,q4,3,MERGE_GROUP_BY,3.345808
cold_hot,q4,3,MERGE_SORT,0.020427
cold_hot,q4,3,MERGE_SORT,0.026403
cold_hot,q4,3,MERGE_SORT,0.068676
cold_hot,q4,3,ORDER_BY,0.159629
cold_hot,q4,3,ORDER_BY,0.180905
cold_hot,q4,3,ORDER_BY,0.191892
cold_hot,q4,3,PARTITION,0.310968
cold_hot,q4,3,PARTITION,0.402477
cold_hot,q4,3,PARTITION,0.261108
cold_hot,q4,3,PROJECTION,0.011398
cold_hot,q4,3,PROJECTION,0.01993
cold_hot,q4,3,PROJECTION,0.013461
cold_hot,q4,3,RESULT_COLLECTOR,0.231027
cold_hot,q4,3,RESULT_COLLECTOR,0.354704
cold_hot,q4,3,RESULT_COLLECTOR,0.292897
cold_hot,q4,3,SORT_PARTITION,0.005704
cold_hot,q4,3,SORT_PARTITION,0.007786
cold_hot,q4,3,SORT_PARTITION,0.007673
cold_hot,q4,3,SORT_SAMPLE,0.011077
cold_hot,q4,3,SORT_SAMPLE,0.011137
cold_hot,q4,3,SORT_SAMPLE,0.015969
cold_hot,q4,4,CONCAT,2.0436300000000003
cold_hot,q4,4,CONCAT,1.902012
cold_hot,q4,4,CONCAT,2.4082049999999997
cold_hot,q4,4,DYNAMIC_FILTER,38.334173
cold_hot,q4,4,DYNAMIC_FILTER,36.498113000000004
cold_hot,q4,4,DYNAMIC_FILTER,27.115932999999995
cold_hot,q4,4,FILTER,8.814527
cold_hot,q4,4,FILTER,17.986935
cold_hot,q4,4,FILTER,6.225236000000001
cold_hot,q4,4,GPU_SCAN,3149.242358
cold_hot,q4,4,GPU_SCAN,3213.785860000001
cold_hot,q4,4,GPU_SCAN,2821.683711
cold_hot,q4,4,HASH_GROUP_BY,2.326868
cold_hot,q4,4,HASH_GROUP_BY,2.062691
cold_hot,q4,4,HASH_GROUP_BY,2.31782
cold_hot,q4,4,HASH_JOIN,7.97098
cold_hot,q4,4,HASH_JOIN,7.422041
cold_hot,q4,4,HASH_JOIN,8.417603
cold_hot,q4,4,LEFT_DELIM_JOIN,4.734839
cold_hot,q4,4,LEFT_DELIM_JOIN,9.695021
cold_hot,q4,4,LEFT_DELIM_JOIN,10.797948
cold_hot,q4,4,MERGE_GROUP_BY,2.89744
cold_hot,q4,4,MERGE_GROUP_BY,3.039149
cold_hot,q4,4,MERGE_GROUP_BY,2.895849
cold_hot,q4,4,MERGE_SORT,0.011197
cold_hot,q4,4,MERGE_SORT,0.013285
cold_hot,q4,4,MERGE_SORT,0.061458
cold_hot,q4,4,ORDER_BY,0.180685
cold_hot,q4,4,ORDER_BY,0.152106
cold_hot,q4,4,ORDER_BY,0.192699
cold_hot,q4,4,PARTITION,0.34504699999999994
cold_hot,q4,4,PARTITION,0.28309
cold_hot,q4,4,PARTITION,0.47967000000000004
cold_hot,q4,4,PROJECTION,0.013959
cold_hot,q4,4,PROJECTION,0.013719
cold_hot,q4,4,PROJECTION,0.022069
cold_hot,q4,4,RESULT_COLLECTOR,0.158933
cold_hot,q4,4,RESULT_COLLECTOR,0.130021
cold_hot,q4,4,RESULT_COLLECTOR,0.339797
cold_hot,q4,4,SORT_PARTITION,0.006047
cold_hot,q4,4,SORT_PARTITION,0.005682
cold_hot,q4,4,SORT_PARTITION,0.008062
cold_hot,q4,4,SORT_SAMPLE,0.011691
cold_hot,q4,4,SORT_SAMPLE,0.009917
cold_hot,q4,4,SORT_SAMPLE,0.010328
cold_hot,q4,5,CONCAT,2.0587020000000003
cold_hot,q4,5,CONCAT,1.822563
cold_hot,q4,5,CONCAT,1.951169
cold_hot,q4,5,DYNAMIC_FILTER,24.768928000000002
cold_hot,q4,5,DYNAMIC_FILTER,32.183712
cold_hot,q4,5,DYNAMIC_FILTER,25.677582
cold_hot,q4,5,FILTER,9.368229
cold_hot,q4,5,FILTER,6.5482249999999995
cold_hot,q4,5,FILTER,8.423771
cold_hot,q4,5,GPU_SCAN,3181.966635999999
cold_hot,q4,5,GPU_SCAN,3137.938452
cold_hot,q4,5,GPU_SCAN,3117.3249429999996
cold_hot,q4,5,HASH_GROUP_BY,2.291908
cold_hot,q4,5,HASH_GROUP_BY,2.007512
cold_hot,q4,5,HASH_GROUP_BY,2.218191
cold_hot,q4,5,HASH_JOIN,7.854524
cold_hot,q4,5,HASH_JOIN,7.344544000000001
cold_hot,q4,5,HASH_JOIN,7.7615870000000005
cold_hot,q4,5,LEFT_DELIM_JOIN,4.123789
cold_hot,q4,5,LEFT_DELIM_JOIN,3.876844
cold_hot,q4,5,LEFT_DELIM_JOIN,5.001661
cold_hot,q4,5,MERGE_GROUP_BY,2.905766
cold_hot,q4,5,MERGE_GROUP_BY,2.829871
cold_hot,q4,5,MERGE_GROUP_BY,3.053644
cold_hot,q4,5,MERGE_SORT,0.014537
cold_hot,q4,5,MERGE_SORT,0.010097
cold_hot,q4,5,MERGE_SORT,0.007947
cold_hot,q4,5,ORDER_BY,0.200626
cold_hot,q4,5,ORDER_BY,0.163552
cold_hot,q4,5,ORDER_BY,0.155982
cold_hot,q4,5,PARTITION,0.354295
cold_hot,q4,5,PARTITION,0.185226
cold_hot,q4,5,PARTITION,0.324342
cold_hot,q4,5,PROJECTION,0.012807
cold_hot,q4,5,PROJECTION,0.012518
cold_hot,q4,5,PROJECTION,0.011876
cold_hot,q4,5,RESULT_COLLECTOR,0.219037
cold_hot,q4,5,RESULT_COLLECTOR,0.139835
cold_hot,q4,5,RESULT_COLLECTOR,0.135761
cold_hot,q4,5,SORT_PARTITION,0.009472
cold_hot,q4,5,SORT_PARTITION,0.005787
cold_hot,q4,5,SORT_PARTITION,0.005574
cold_hot,q4,5,SORT_SAMPLE,0.008522
cold_hot,q4,5,SORT_SAMPLE,0.008366
cold_hot,q4,5,SORT_SAMPLE,0.00909
cold_hot,q4,6,CONCAT,2.30607
cold_hot,q4,6,CONCAT,2.253064
cold_hot,q4,6,CONCAT,2.015929
cold_hot,q4,6,DYNAMIC_FILTER,39.083921000000004
cold_hot,q4,6,DYNAMIC_FILTER,21.027269
cold_hot,q4,6,DYNAMIC_FILTER,29.125795
cold_hot,q4,6,FILTER,10.291943
cold_hot,q4,6,FILTER,20.704929
cold_hot,q4,6,FILTER,10.015923
cold_hot,q4,6,GPU_SCAN,3141.0002529999997
cold_hot,q4,6,GPU_SCAN,3104.642987999999
cold_hot,q4,6,GPU_SCAN,3136.884028
cold_hot,q4,6,HASH_GROUP_BY,2.412035
cold_hot,q4,6,HASH_GROUP_BY,2.028624
cold_hot,q4,6,HASH_GROUP_BY,2.290401
cold_hot,q4,6,HASH_JOIN,7.914072
cold_hot,q4,6,HASH_JOIN,7.356095
cold_hot,q4,6,HASH_JOIN,7.8206370000000005
cold_hot,q4,6,LEFT_DELIM_JOIN,6.499821
cold_hot,q4,6,LEFT_DELIM_JOIN,4.1717189999999995
cold_hot,q4,6,LEFT_DELIM_JOIN,4.350875
cold_hot,q4,6,MERGE_GROUP_BY,2.937796
cold_hot,q4,6,MERGE_GROUP_BY,2.809802
cold_hot,q4,6,MERGE_GROUP_BY,3.06104
cold_hot,q4,6,MERGE_SORT,0.018333
cold_hot,q4,6,MERGE_SORT,0.007349
cold_hot,q4,6,MERGE_SORT,0.011753
cold_hot,q4,6,ORDER_BY,0.184453
cold_hot,q4,6,ORDER_BY,0.170684
cold_hot,q4,6,ORDER_BY,0.183009
cold_hot,q4,6,PARTITION,0.388983
cold_hot,q4,6,PARTITION,0.155149
cold_hot,q4,6,PARTITION,0.3093120000000001
cold_hot,q4,6,PROJECTION,0.014703
cold_hot,q4,6,PROJECTION,0.011413
cold_hot,q4,6,PROJECTION,0.016434
cold_hot,q4,6,RESULT_COLLECTOR,0.159998
cold_hot,q4,6,RESULT_COLLECTOR,0.099633
cold_hot,q4,6,RESULT_COLLECTOR,0.141492
cold_hot,q4,6,SORT_PARTITION,0.007452
cold_hot,q4,6,SORT_PARTITION,0.006135
cold_hot,q4,6,SORT_PARTITION,0.006362
cold_hot,q4,6,SORT_SAMPLE,0.00901
cold_hot,q4,6,SORT_SAMPLE,0.0087
cold_hot,q4,6,SORT_SAMPLE,0.007787
cold_hot,q4,7,CONCAT,2.40154
cold_hot,q4,7,CONCAT,1.798468
cold_hot,q4,7,CONCAT,2.015579
cold_hot,q4,7,DYNAMIC_FILTER,33.214513
cold_hot,q4,7,DYNAMIC_FILTER,40.170832
cold_hot,q4,7,DYNAMIC_FILTER,30.512577
cold_hot,q4,7,FILTER,8.266544999999999
cold_hot,q4,7,FILTER,5.925609
cold_hot,q4,7,FILTER,7.389868
cold_hot,q4,7,GPU_SCAN,3096.1957790000006
cold_hot,q4,7,GPU_SCAN,3072.955162
cold_hot,q4,7,GPU_SCAN,3172.5999210000004
cold_hot,q4,7,HASH_GROUP_BY,2.383399
cold_hot,q4,7,HASH_GROUP_BY,2.124842
cold_hot,q4,7,HASH_GROUP_BY,2.30164
cold_hot,q4,7,HASH_JOIN,7.8140979999999995
cold_hot,q4,7,HASH_JOIN,7.323753
cold_hot,q4,7,HASH_JOIN,7.838042
cold_hot,q4,7,LEFT_DELIM_JOIN,5.3771
cold_hot,q4,7,LEFT_DELIM_JOIN,4.304062
cold_hot,q4,7,LEFT_DELIM_JOIN,5.0337
cold_hot,q4,7,MERGE_GROUP_BY,3.047481
cold_hot,q4,7,MERGE_GROUP_BY,2.820063
cold_hot,q4,7,MERGE_GROUP_BY,3.1134020000000002
cold_hot,q4,7,MERGE_SORT,0.016043
cold_hot,q4,7,MERGE_SORT,0.010919
cold_hot,q4,7,MERGE_SORT,0.03717
cold_hot,q4,7,ORDER_BY,0.205052
cold_hot,q4,7,ORDER_BY,0.150149
cold_hot,q4,7,ORDER_BY,0.160521
cold_hot,q4,7,PARTITION,0.15410200000000002
cold_hot,q4,7,PARTITION,0.268004
cold_hot,q4,7,PARTITION,0.407442
cold_hot,q4,7,PROJECTION,0.013939
cold_hot,q4,7,PROJECTION,0.011004
cold_hot,q4,7,PROJECTION,0.014021
cold_hot,q4,7,RESULT_COLLECTOR,0.120934
cold_hot,q4,7,RESULT_COLLECTOR,0.09472
cold_hot,q4,7,RESULT_COLLECTOR,0.328242
cold_hot,q4,7,SORT_PARTITION,0.00703
cold_hot,q4,7,SORT_PARTITION,0.005625
cold_hot,q4,7,SORT_PARTITION,0.012938
cold_hot,q4,7,SORT_SAMPLE,0.009748
cold_hot,q4,7,SORT_SAMPLE,0.008883
cold_hot,q4,7,SORT_SAMPLE,0.021974
cold_hot,q4,8,CONCAT,2.419734
cold_hot,q4,8,CONCAT,1.8901370000000002
cold_hot,q4,8,CONCAT,2.0773580000000003
cold_hot,q4,8,DYNAMIC_FILTER,21.931464999999996
cold_hot,q4,8,DYNAMIC_FILTER,38.664034
cold_hot,q4,8,DYNAMIC_FILTER,28.803181
cold_hot,q4,8,FILTER,4.396508
cold_hot,q4,8,FILTER,10.278295
cold_hot,q4,8,FILTER,7.729734
cold_hot,q4,8,GPU_SCAN,2800.7259169999998
cold_hot,q4,8,GPU_SCAN,3094.7988020000003
cold_hot,q4,8,GPU_SCAN,3147.949497
cold_hot,q4,8,HASH_GROUP_BY,2.131345
cold_hot,q4,8,HASH_GROUP_BY,2.205686
cold_hot,q4,8,HASH_GROUP_BY,2.325771
cold_hot,q4,8,HASH_JOIN,7.905616
cold_hot,q4,8,HASH_JOIN,7.357786
cold_hot,q4,8,HASH_JOIN,7.844756
cold_hot,q4,8,LEFT_DELIM_JOIN,9.057429
cold_hot,q4,8,LEFT_DELIM_JOIN,4.35134
cold_hot,q4,8,LEFT_DELIM_JOIN,4.697710000000001
cold_hot,q4,8,MERGE_GROUP_BY,3.069808
cold_hot,q4,8,MERGE_GROUP_BY,2.806778
cold_hot,q4,8,MERGE_GROUP_BY,3.25712
cold_hot,q4,8,MERGE_SORT,0.022442
cold_hot,q4,8,MERGE_SORT,0.016416
cold_hot,q4,8,MERGE_SORT,0.014125
cold_hot,q4,8,ORDER_BY,0.163551
cold_hot,q4,8,ORDER_BY,0.177476
cold_hot,q4,8,ORDER_BY,0.183675
cold_hot,q4,8,PARTITION,0.42167699999999997
cold_hot,q4,8,PARTITION,0.274144
cold_hot,q4,8,PARTITION,0.48576
cold_hot,q4,8,PROJECTION,0.017576
cold_hot,q4,8,PROJECTION,0.015277
cold_hot,q4,8,PROJECTION,0.015257
cold_hot,q4,8,RESULT_COLLECTOR,0.296846
cold_hot,q4,8,RESULT_COLLECTOR,0.167938
cold_hot,q4,8,RESULT_COLLECTOR,0.327297
cold_hot,q4,8,SORT_PARTITION,0.006804
cold_hot,q4,8,SORT_PARTITION,0.006883
cold_hot,q4,8,SORT_PARTITION,0.007074
cold_hot,q4,8,SORT_SAMPLE,0.010952
cold_hot,q4,8,SORT_SAMPLE,0.010174
cold_hot,q4,8,SORT_SAMPLE,0.010878
cold_hot,q4,9,CONCAT,2.08956
cold_hot,q4,9,CONCAT,1.852109
cold_hot,q4,9,CONCAT,1.8828110000000002
cold_hot,q4,9,DYNAMIC_FILTER,24.334820999999998
cold_hot,q4,9,DYNAMIC_FILTER,26.948547
cold_hot,q4,9,DYNAMIC_FILTER,28.886791999999996
cold_hot,q4,9,FILTER,3.936221
cold_hot,q4,9,FILTER,8.141723
cold_hot,q4,9,FILTER,4.983312
cold_hot,q4,9,GPU_SCAN,2949.989212
cold_hot,q4,9,GPU_SCAN,3121.3317349999998
cold_hot,q4,9,GPU_SCAN,3148.5541919999996
cold_hot,q4,9,HASH_GROUP_BY,2.222802
cold_hot,q4,9,HASH_GROUP_BY,2.031721
cold_hot,q4,9,HASH_GROUP_BY,2.132883
cold_hot,q4,9,HASH_JOIN,7.8233630000000005
cold_hot,q4,9,HASH_JOIN,7.383374999999999
cold_hot,q4,9,HASH_JOIN,7.693736
cold_hot,q4,9,LEFT_DELIM_JOIN,4.6210819999999995
cold_hot,q4,9,LEFT_DELIM_JOIN,5.017793
cold_hot,q4,9,LEFT_DELIM_JOIN,4.5952470000000005
cold_hot,q4,9,MERGE_GROUP_BY,2.927646
cold_hot,q4,9,MERGE_GROUP_BY,2.809142
cold_hot,q4,9,MERGE_GROUP_BY,3.039598
cold_hot,q4,9,MERGE_SORT,0.020875
cold_hot,q4,9,MERGE_SORT,0.010353
cold_hot,q4,9,MERGE_SORT,0.010648
cold_hot,q4,9,ORDER_BY,0.1638
cold_hot,q4,9,ORDER_BY,0.157549
cold_hot,q4,9,ORDER_BY,0.137688
cold_hot,q4,9,PARTITION,0.308376
cold_hot,q4,9,PARTITION,0.242838
cold_hot,q4,9,PARTITION,0.21996499999999997
cold_hot,q4,9,PROJECTION,0.011987
cold_hot,q4,9,PROJECTION,0.01191
cold_hot,q4,9,PROJECTION,0.011061
cold_hot,q4,9,RESULT_COLLECTOR,0.262588
cold_hot,q4,9,RESULT_COLLECTOR,0.117022
cold_hot,q4,9,RESULT_COLLECTOR,0.153649
cold_hot,q4,9,SORT_PARTITION,0.006129
cold_hot,q4,9,SORT_PARTITION,0.006589
cold_hot,q4,9,SORT_PARTITION,0.005344
cold_hot,q4,9,SORT_SAMPLE,0.009029
cold_hot,q4,9,SORT_SAMPLE,0.008503
cold_hot,q4,9,SORT_SAMPLE,0.007693
cold_hot,q4,10,CONCAT,2.071793
cold_hot,q4,10,CONCAT,1.847277
cold_hot,q4,10,CONCAT,2.422155
cold_hot,q4,10,DYNAMIC_FILTER,28.895076999999997
cold_hot,q4,10,DYNAMIC_FILTER,36.300869
cold_hot,q4,10,DYNAMIC_FILTER,19.654590999999996
cold_hot,q4,10,FILTER,7.947958000000001
cold_hot,q4,10,FILTER,5.099348000000001
cold_hot,q4,10,FILTER,21.783622
cold_hot,q4,10,GPU_SCAN,3159.757786
cold_hot,q4,10,GPU_SCAN,3097.175668
cold_hot,q4,10,GPU_SCAN,3144.9354430000003
cold_hot,q4,10,HASH_GROUP_BY,2.306295
cold_hot,q4,10,HASH_GROUP_BY,2.0955
cold_hot,q4,10,HASH_GROUP_BY,2.427924
cold_hot,q4,10,HASH_JOIN,7.825366
cold_hot,q4,10,HASH_JOIN,7.306478
cold_hot,q4,10,HASH_JOIN,7.791175
cold_hot,q4,10,LEFT_DELIM_JOIN,3.580458
cold_hot,q4,10,LEFT_DELIM_JOIN,4.806245
cold_hot,q4,10,LEFT_DELIM_JOIN,3.587382
cold_hot,q4,10,MERGE_GROUP_BY,3.1091130000000002
cold_hot,q4,10,MERGE_GROUP_BY,2.944696
cold_hot,q4,10,MERGE_GROUP_BY,3.0911220000000004
cold_hot,q4,10,MERGE_SORT,0.012946
cold_hot,q4,10,MERGE_SORT,0.010012
cold_hot,q4,10,MERGE_SORT,0.007068
cold_hot,q4,10,ORDER_BY,0.185994
cold_hot,q4,10,ORDER_BY,0.153955
cold_hot,q4,10,ORDER_BY,0.183891
cold_hot,q4,10,PARTITION,0.23501999999999998
cold_hot,q4,10,PARTITION,0.245649
cold_hot,q4,10,PARTITION,0.13060599999999997
cold_hot,q4,10,PROJECTION,0.014095
cold_hot,q4,10,PROJECTION,0.011686
cold_hot,q4,10,PROJECTION,0.012197
cold_hot,q4,10,RESULT_COLLECTOR,0.334079
cold_hot,q4,10,RESULT_COLLECTOR,0.112936
cold_hot,q4,10,RESULT_COLLECTOR,0.293435
cold_hot,q4,10,SORT_PARTITION,0.007937
cold_hot,q4,10,SORT_PARTITION,0.006338
cold_hot,q4,10,SORT_PARTITION,0.005647
cold_hot,q4,10,SORT_SAMPLE,0.009266
cold_hot,q4,10,SORT_SAMPLE,0.007135
cold_hot,q4,10,SORT_SAMPLE,0.007037
cold_hot,q5,1,CONCAT,3.515796999999999
cold_hot,q5,1,CONCAT,2.672157
cold_hot,q5,1,CONCAT,2.5567500000000005
cold_hot,q5,1,DYNAMIC_FILTER,29.100449
cold_hot,q5,1,DYNAMIC_FILTER,25.855489
cold_hot,q5,1,DYNAMIC_FILTER,30.686069000000003
cold_hot,q5,1,GPU_SCAN,5679.173776999999
cold_hot,q5,1,GPU_SCAN,5691.935152999999
cold_hot,q5,1,GPU_SCAN,5655.914426000001
cold_hot,q5,1,HASH_GROUP_BY,0.573331
cold_hot,q5,1,HASH_GROUP_BY,0.561145
cold_hot,q5,1,HASH_GROUP_BY,1.13878
cold_hot,q5,1,HASH_JOIN,17.115772
cold_hot,q5,1,HASH_JOIN,16.291487
cold_hot,q5,1,HASH_JOIN,17.349878
cold_hot,q5,1,MERGE_GROUP_BY,0.007566
cold_hot,q5,1,MERGE_GROUP_BY,0.012286
cold_hot,q5,1,MERGE_GROUP_BY,0.012389
cold_hot,q5,1,MERGE_SORT,0.195633
cold_hot,q5,1,MERGE_SORT,0.450923
cold_hot,q5,1,MERGE_SORT,0.193758
cold_hot,q5,1,ORDER_BY,0.251085
cold_hot,q5,1,ORDER_BY,0.147148
cold_hot,q5,1,ORDER_BY,0.245798
cold_hot,q5,1,PARTITION,0.417167
cold_hot,q5,1,PARTITION,0.35799399999999987
cold_hot,q5,1,PARTITION,0.6643030000000003
cold_hot,q5,1,PROJECTION,0.12295
cold_hot,q5,1,PROJECTION,0.112053
cold_hot,q5,1,PROJECTION,0.116315
cold_hot,q5,1,RESULT_COLLECTOR,0.139518
cold_hot,q5,1,RESULT_COLLECTOR,0.174323
cold_hot,q5,1,RESULT_COLLECTOR,0.194221
cold_hot,q5,1,SORT_PARTITION,0.30306
cold_hot,q5,1,SORT_PARTITION,0.377295
cold_hot,q5,1,SORT_PARTITION,0.261249
cold_hot,q5,1,SORT_SAMPLE,0.03255
cold_hot,q5,1,SORT_SAMPLE,0.018716
cold_hot,q5,1,SORT_SAMPLE,0.028541
cold_hot,q5,2,CONCAT,3.1500030000000003
cold_hot,q5,2,CONCAT,2.6597890000000004
cold_hot,q5,2,CONCAT,3.233396
cold_hot,q5,2,DYNAMIC_FILTER,28.266778000000002
cold_hot,q5,2,DYNAMIC_FILTER,27.57741199999999
cold_hot,q5,2,DYNAMIC_FILTER,30.350653999999995
cold_hot,q5,2,GPU_SCAN,5655.477842
cold_hot,q5,2,GPU_SCAN,5676.447848999999
cold_hot,q5,2,GPU_SCAN,5602.229268
cold_hot,q5,2,HASH_GROUP_BY,0.535127
cold_hot,q5,2,HASH_GROUP_BY,0.563462
cold_hot,q5,2,HASH_GROUP_BY,1.416267
cold_hot,q5,2,HASH_JOIN,17.236757
cold_hot,q5,2,HASH_JOIN,16.876286
cold_hot,q5,2,HASH_JOIN,17.203585
cold_hot,q5,2,MERGE_GROUP_BY,0.011087
cold_hot,q5,2,MERGE_GROUP_BY,0.007523
cold_hot,q5,2,MERGE_GROUP_BY,0.065487
cold_hot,q5,2,MERGE_SORT,0.522911
cold_hot,q5,2,MERGE_SORT,0.226067
cold_hot,q5,2,MERGE_SORT,0.285934
cold_hot,q5,2,ORDER_BY,0.350223
cold_hot,q5,2,ORDER_BY,0.196739
cold_hot,q5,2,ORDER_BY,0.770214
cold_hot,q5,2,PARTITION,0.607553
cold_hot,q5,2,PARTITION,0.55693
cold_hot,q5,2,PARTITION,0.659594
cold_hot,q5,2,PROJECTION,0.112398
cold_hot,q5,2,PROJECTION,0.125052
cold_hot,q5,2,PROJECTION,0.135389
cold_hot,q5,2,RESULT_COLLECTOR,0.154452
cold_hot,q5,2,RESULT_COLLECTOR,0.126947
cold_hot,q5,2,RESULT_COLLECTOR,0.339115
cold_hot,q5,2,SORT_PARTITION,0.258765
cold_hot,q5,2,SORT_PARTITION,0.288311
cold_hot,q5,2,SORT_PARTITION,0.377399
cold_hot,q5,2,SORT_SAMPLE,0.029466
cold_hot,q5,2,SORT_SAMPLE,0.031401
cold_hot,q5,2,SORT_SAMPLE,0.045027
cold_hot,q5,3,CONCAT,2.6999809999999997
cold_hot,q5,3,CONCAT,2.578347
cold_hot,q5,3,CONCAT,2.8233169999999994
cold_hot,q5,3,DYNAMIC_FILTER,29.334888000000007
cold_hot,q5,3,DYNAMIC_FILTER,27.312321000000004
cold_hot,q5,3,DYNAMIC_FILTER,33.55313700000001
cold_hot,q5,3,GPU_SCAN,5730.620978000002
cold_hot,q5,3,GPU_SCAN,5767.687427999999
cold_hot,q5,3,GPU_SCAN,5770.094659999999
cold_hot,q5,3,HASH_GROUP_BY,0.56052
cold_hot,q5,3,HASH_GROUP_BY,0.489543
cold_hot,q5,3,HASH_GROUP_BY,0.9807
cold_hot,q5,3,HASH_JOIN,16.787385999999998
cold_hot,q5,3,HASH_JOIN,16.929405000000003
cold_hot,q5,3,HASH_JOIN,16.092681
cold_hot,q5,3,MERGE_GROUP_BY,0.057139
cold_hot,q5,3,MERGE_GROUP_BY,0.006276
cold_hot,q5,3,MERGE_GROUP_BY,0.011245
cold_hot,q5,3,MERGE_SORT,0.197111
cold_hot,q5,3,MERGE_SORT,0.171485
cold_hot,q5,3,MERGE_SORT,0.297927
cold_hot,q5,3,ORDER_BY,0.149358
cold_hot,q5,3,ORDER_BY,0.177215
cold_hot,q5,3,ORDER_BY,0.156019
cold_hot,q5,3,PARTITION,0.6503720000000001
cold_hot,q5,3,PARTITION,0.484473
cold_hot,q5,3,PARTITION,0.591293
cold_hot,q5,3,PROJECTION,0.114471
cold_hot,q5,3,PROJECTION,0.10819
cold_hot,q5,3,PROJECTION,0.110226
cold_hot,q5,3,RESULT_COLLECTOR,0.322719
cold_hot,q5,3,RESULT_COLLECTOR,0.097017
cold_hot,q5,3,RESULT_COLLECTOR,0.171098
cold_hot,q5,3,SORT_PARTITION,0.395289
cold_hot,q5,3,SORT_PARTITION,0.24766
cold_hot,q5,3,SORT_PARTITION,0.260788
cold_hot,q5,3,SORT_SAMPLE,0.020825
cold_hot,q5,3,SORT_SAMPLE,0.023085
cold_hot,q5,3,SORT_SAMPLE,0.022568
cold_hot,q5,4,CONCAT,2.5991740000000005
cold_hot,q5,4,CONCAT,2.775702
cold_hot,q5,4,CONCAT,3.0938350000000003
cold_hot,q5,4,DYNAMIC_FILTER,24.827444000000007
cold_hot,q5,4,DYNAMIC_FILTER,28.314213
cold_hot,q5,4,DYNAMIC_FILTER,29.374222000000003
cold_hot,q5,4,GPU_SCAN,5763.097476999999
cold_hot,q5,4,GPU_SCAN,5778.237519
cold_hot,q5,4,GPU_SCAN,5731.940811
cold_hot,q5,4,HASH_GROUP_BY,0.540251
cold_hot,q5,4,HASH_GROUP_BY,0.626542
cold_hot,q5,4,HASH_GROUP_BY,1.015848
cold_hot,q5,4,HASH_JOIN,17.633059
cold_hot,q5,4,HASH_JOIN,18.458657
cold_hot,q5,4,HASH_JOIN,16.438782
cold_hot,q5,4,MERGE_GROUP_BY,0.029156
cold_hot,q5,4,MERGE_GROUP_BY,0.015274
cold_hot,q5,4,MERGE_GROUP_BY,0.006629
cold_hot,q5,4,MERGE_SORT,0.573342
cold_hot,q5,4,MERGE_SORT,0.698999
cold_hot,q5,4,MERGE_SORT,0.664604
cold_hot,q5,4,ORDER_BY,0.184738
cold_hot,q5,4,ORDER_BY,0.224282
cold_hot,q5,4,ORDER_BY,0.168607
cold_hot,q5,4,PARTITION,0.517586
cold_hot,q5,4,PARTITION,0.6702950000000001
cold_hot,q5,4,PARTITION,0.6628449999999999
cold_hot,q5,4,PROJECTION,0.12307
cold_hot,q5,4,PROJECTION,0.132729
cold_hot,q5,4,PROJECTION,0.11137
cold_hot,q5,4,RESULT_COLLECTOR,0.300707
cold_hot,q5,4,RESULT_COLLECTOR,0.195533
cold_hot,q5,4,RESULT_COLLECTOR,0.106174
cold_hot,q5,4,SORT_PARTITION,0.28568
cold_hot,q5,4,SORT_PARTITION,0.275474
cold_hot,q5,4,SORT_PARTITION,0.253387
cold_hot,q5,4,SORT_SAMPLE,0.034976
cold_hot,q5,4,SORT_SAMPLE,0.031612
cold_hot,q5,4,SORT_SAMPLE,0.029283
cold_hot,q5,5,CONCAT,2.6835449999999996
cold_hot,q5,5,CONCAT,2.372396
cold_hot,q5,5,CONCAT,3.1269579999999997
cold_hot,q5,5,DYNAMIC_FILTER,25.937317
cold_hot,q5,5,DYNAMIC_FILTER,27.307913999999997
cold_hot,q5,5,DYNAMIC_FILTER,29.313805000000002
cold_hot,q5,5,GPU_SCAN,5655.955362000001
cold_hot,q5,5,GPU_SCAN,5766.577354999999
cold_hot,q5,5,GPU_SCAN,5707.059073999999
cold_hot,q5,5,HASH_GROUP_BY,0.506844
cold_hot,q5,5,HASH_GROUP_BY,0.546106
cold_hot,q5,5,HASH_GROUP_BY,1.324274
cold_hot,q5,5,HASH_JOIN,18.072982
cold_hot,q5,5,HASH_JOIN,16.236405
cold_hot,q5,5,HASH_JOIN,16.927028
cold_hot,q5,5,MERGE_GROUP_BY,0.029377
cold_hot,q5,5,MERGE_GROUP_BY,0.02555
cold_hot,q5,5,MERGE_GROUP_BY,0.028469
cold_hot,q5,5,MERGE_SORT,0.217713
cold_hot,q5,5,MERGE_SORT,0.728037
cold_hot,q5,5,MERGE_SORT,0.728278
cold_hot,q5,5,ORDER_BY,0.19178
cold_hot,q5,5,ORDER_BY,0.227351
cold_hot,q5,5,ORDER_BY,0.250358
cold_hot,q5,5,PARTITION,0.5872010000000001
cold_hot,q5,5,PARTITION,0.643858
cold_hot,q5,5,PARTITION,0.617776
cold_hot,q5,5,PROJECTION,0.110545
cold_hot,q5,5,PROJECTION,0.123335
cold_hot,q5,5,PROJECTION,0.12501
cold_hot,q5,5,RESULT_COLLECTOR,0.258224
cold_hot,q5,5,RESULT_COLLECTOR,0.295028
cold_hot,q5,5,RESULT_COLLECTOR,0.268473
cold_hot,q5,5,SORT_PARTITION,0.266026
cold_hot,q5,5,SORT_PARTITION,0.298829
cold_hot,q5,5,SORT_PARTITION,0.301477
cold_hot,q5,5,SORT_SAMPLE,0.028496
cold_hot,q5,5,SORT_SAMPLE,0.028843
cold_hot,q5,5,SORT_SAMPLE,0.027152
cold_hot,q5,6,CONCAT,2.704921
cold_hot,q5,6,CONCAT,3.217031
cold_hot,q5,6,CONCAT,3.0651889999999997
cold_hot,q5,6,DYNAMIC_FILTER,24.673405999999996
cold_hot,q5,6,DYNAMIC_FILTER,22.986717999999996
cold_hot,q5,6,DYNAMIC_FILTER,31.265893000000002
cold_hot,q5,6,GPU_SCAN,5737.823509
cold_hot,q5,6,GPU_SCAN,5651.494448
cold_hot,q5,6,GPU_SCAN,5647.330304
cold_hot,q5,6,HASH_GROUP_BY,0.564243
cold_hot,q5,6,HASH_GROUP_BY,0.513829
cold_hot,q5,6,HASH_GROUP_BY,1.060683
cold_hot,q5,6,HASH_JOIN,16.702963999999998
cold_hot,q5,6,HASH_JOIN,17.277834
cold_hot,q5,6,HASH_JOIN,17.305595
cold_hot,q5,6,MERGE_GROUP_BY,0.010068
cold_hot,q5,6,MERGE_GROUP_BY,0.01666
cold_hot,q5,6,MERGE_GROUP_BY,0.006147
cold_hot,q5,6,MERGE_SORT,0.572115
cold_hot,q5,6,MERGE_SORT,0.694
cold_hot,q5,6,MERGE_SORT,0.708555
cold_hot,q5,6,ORDER_BY,0.21535
cold_hot,q5,6,ORDER_BY,0.142528
cold_hot,q5,6,ORDER_BY,0.167723
cold_hot,q5,6,PARTITION,0.512099
cold_hot,q5,6,PARTITION,0.4768400000000001
cold_hot,q5,6,PARTITION,0.589436
cold_hot,q5,6,PROJECTION,0.115085
cold_hot,q5,6,PROJECTION,0.113085
cold_hot,q5,6,PROJECTION,0.118774
cold_hot,q5,6,RESULT_COLLECTOR,0.120359
cold_hot,q5,6,RESULT_COLLECTOR,0.163691
cold_hot,q5,6,RESULT_COLLECTOR,0.110267
cold_hot,q5,6,SORT_PARTITION,0.291814
cold_hot,q5,6,SORT_PARTITION,0.256306
cold_hot,q5,6,SORT_PARTITION,0.310921
cold_hot,q5,6,SORT_SAMPLE,0.033496
cold_hot,q5,6,SORT_SAMPLE,0.020453
cold_hot,q5,6,SORT_SAMPLE,0.064595
cold_hot,q5,7,CONCAT,3.0368370000000002
cold_hot,q5,7,CONCAT,2.900328
cold_hot,q5,7,CONCAT,2.9432500000000004
cold_hot,q5,7,DYNAMIC_FILTER,24.763266999999995
cold_hot,q5,7,DYNAMIC_FILTER,24.433914999999995
cold_hot,q5,7,DYNAMIC_FILTER,31.900031
cold_hot,q5,7,GPU_SCAN,5674.9843120000005
cold_hot,q5,7,GPU_SCAN,5691.432790000002
cold_hot,q5,7,GPU_SCAN,5674.2358060000015
cold_hot,q5,7,HASH_GROUP_BY,0.53866
cold_hot,q5,7,HASH_GROUP_BY,0.514109
cold_hot,q5,7,HASH_GROUP_BY,1.154251
cold_hot,q5,7,HASH_JOIN,17.47045
cold_hot,q5,7,HASH_JOIN,16.431822999999998
cold_hot,q5,7,HASH_JOIN,16.822246999999997
cold_hot,q5,7,MERGE_GROUP_BY,0.012595
cold_hot,q5,7,MERGE_GROUP_BY,0.006867
cold_hot,q5,7,MERGE_GROUP_BY,0.016303
cold_hot,q5,7,MERGE_SORT,0.657535
cold_hot,q5,7,MERGE_SORT,0.682654
cold_hot,q5,7,MERGE_SORT,0.640054
cold_hot,q5,7,ORDER_BY,0.177451
cold_hot,q5,7,ORDER_BY,0.175537
cold_hot,q5,7,ORDER_BY,0.161491
cold_hot,q5,7,PARTITION,0.520894
cold_hot,q5,7,PARTITION,0.6122560000000002
cold_hot,q5,7,PARTITION,0.47497299999999987
cold_hot,q5,7,PROJECTION,0.117223
cold_hot,q5,7,PROJECTION,0.112449
cold_hot,q5,7,PROJECTION,0.121494
cold_hot,q5,7,RESULT_COLLECTOR,0.147315
cold_hot,q5,7,RESULT_COLLECTOR,0.118725
cold_hot,q5,7,RESULT_COLLECTOR,0.145285
cold_hot,q5,7,SORT_PARTITION,0.266419
cold_hot,q5,7,SORT_PARTITION,0.252955
cold_hot,q5,7,SORT_PARTITION,0.284469
cold_hot,q5,7,SORT_SAMPLE,0.030533
cold_hot,q5,7,SORT_SAMPLE,0.029493
cold_hot,q5,7,SORT_SAMPLE,0.023564
cold_hot,q5,8,CONCAT,3.2855309999999998
cold_hot,q5,8,CONCAT,3.429319
cold_hot,q5,8,CONCAT,3.8237659999999996
cold_hot,q5,8,DYNAMIC_FILTER,26.668425
cold_hot,q5,8,DYNAMIC_FILTER,29.852662000000002
cold_hot,q5,8,DYNAMIC_FILTER,32.879282999999994
cold_hot,q5,8,GPU_SCAN,5763.879598999999
cold_hot,q5,8,GPU_SCAN,5790.978632000002
cold_hot,q5,8,GPU_SCAN,5805.008364000002
cold_hot,q5,8,HASH_GROUP_BY,0.629988
cold_hot,q5,8,HASH_GROUP_BY,0.506524
cold_hot,q5,8,HASH_GROUP_BY,1.251754
cold_hot,q5,8,HASH_JOIN,17.137578
cold_hot,q5,8,HASH_JOIN,17.54513
cold_hot,q5,8,HASH_JOIN,17.860855
cold_hot,q5,8,MERGE_GROUP_BY,0.014958
cold_hot,q5,8,MERGE_GROUP_BY,0.048219
cold_hot,q5,8,MERGE_GROUP_BY,0.017865
cold_hot,q5,8,MERGE_SORT,0.854616
cold_hot,q5,8,MERGE_SORT,0.666058
cold_hot,q5,8,MERGE_SORT,0.267825
cold_hot,q5,8,ORDER_BY,0.197868
cold_hot,q5,8,ORDER_BY,0.22898
cold_hot,q5,8,ORDER_BY,0.310304
cold_hot,q5,8,PARTITION,0.543202
cold_hot,q5,8,PARTITION,0.627074
cold_hot,q5,8,PARTITION,0.940776
cold_hot,q5,8,PROJECTION,0.136059
cold_hot,q5,8,PROJECTION,0.109155
cold_hot,q5,8,PROJECTION,0.143579
cold_hot,q5,8,RESULT_COLLECTOR,0.249417
cold_hot,q5,8,RESULT_COLLECTOR,0.187973
cold_hot,q5,8,RESULT_COLLECTOR,0.173998
cold_hot,q5,8,SORT_PARTITION,0.349469
cold_hot,q5,8,SORT_PARTITION,0.286688
cold_hot,q5,8,SORT_PARTITION,0.357855
cold_hot,q5,8,SORT_SAMPLE,0.030673
cold_hot,q5,8,SORT_SAMPLE,0.064971
cold_hot,q5,8,SORT_SAMPLE,0.045666
cold_hot,q5,9,CONCAT,2.906191
cold_hot,q5,9,CONCAT,3.370849
cold_hot,q5,9,CONCAT,3.129128
cold_hot,q5,9,DYNAMIC_FILTER,25.121066000000003
cold_hot,q5,9,DYNAMIC_FILTER,31.90286
cold_hot,q5,9,DYNAMIC_FILTER,35.64976599999999
cold_hot,q5,9,GPU_SCAN,5766.124968
cold_hot,q5,9,GPU_SCAN,5732.506252
cold_hot,q5,9,GPU_SCAN,5799.328857000001
cold_hot,q5,9,HASH_GROUP_BY,0.679793
cold_hot,q5,9,HASH_GROUP_BY,0.625761
cold_hot,q5,9,HASH_GROUP_BY,1.607605
cold_hot,q5,9,HASH_JOIN,17.468657999999998
cold_hot,q5,9,HASH_JOIN,16.240144
cold_hot,q5,9,HASH_JOIN,16.911139
cold_hot,q5,9,MERGE_GROUP_BY,0.010732
cold_hot,q5,9,MERGE_GROUP_BY,0.009195
cold_hot,q5,9,MERGE_GROUP_BY,0.066889
cold_hot,q5,9,MERGE_SORT,0.271916
cold_hot,q5,9,MERGE_SORT,0.262465
cold_hot,q5,9,MERGE_SORT,0.878371
cold_hot,q5,9,ORDER_BY,0.189577
cold_hot,q5,9,ORDER_BY,0.204858
cold_hot,q5,9,ORDER_BY,0.356693
cold_hot,q5,9,PARTITION,0.736548
cold_hot,q5,9,PARTITION,0.48980199999999996
cold_hot,q5,9,PARTITION,0.701424
cold_hot,q5,9,PROJECTION,0.145521
cold_hot,q5,9,PROJECTION,0.135075
cold_hot,q5,9,PROJECTION,0.14134
cold_hot,q5,9,RESULT_COLLECTOR,0.191378
cold_hot,q5,9,RESULT_COLLECTOR,0.183319
cold_hot,q5,9,RESULT_COLLECTOR,0.364821
cold_hot,q5,9,SORT_PARTITION,0.541022
cold_hot,q5,9,SORT_PARTITION,0.35248
cold_hot,q5,9,SORT_PARTITION,0.430677
cold_hot,q5,9,SORT_SAMPLE,0.032085
cold_hot,q5,9,SORT_SAMPLE,0.030301
cold_hot,q5,9,SORT_SAMPLE,0.116086
cold_hot,q5,10,CONCAT,3.629026
cold_hot,q5,10,CONCAT,2.7237009999999997
cold_hot,q5,10,CONCAT,3.4457030000000004
cold_hot,q5,10,DYNAMIC_FILTER,28.522527
cold_hot,q5,10,DYNAMIC_FILTER,30.319445999999996
cold_hot,q5,10,DYNAMIC_FILTER,30.147659999999995
cold_hot,q5,10,GPU_SCAN,5710.858130999999
cold_hot,q5,10,GPU_SCAN,5675.638559999999
cold_hot,q5,10,GPU_SCAN,5742.569264000001
cold_hot,q5,10,HASH_GROUP_BY,0.779923
cold_hot,q5,10,HASH_GROUP_BY,0.549133
cold_hot,q5,10,HASH_GROUP_BY,1.181502
cold_hot,q5,10,HASH_JOIN,17.442695999999998
cold_hot,q5,10,HASH_JOIN,17.573892
cold_hot,q5,10,HASH_JOIN,17.267285
cold_hot,q5,10,MERGE_GROUP_BY,0.019482
cold_hot,q5,10,MERGE_GROUP_BY,0.009319
cold_hot,q5,10,MERGE_GROUP_BY,0.007547
cold_hot,q5,10,MERGE_SORT,0.67409
cold_hot,q5,10,MERGE_SORT,0.201235
cold_hot,q5,10,MERGE_SORT,0.200455
cold_hot,q5,10,ORDER_BY,0.207522
cold_hot,q5,10,ORDER_BY,0.153932
cold_hot,q5,10,ORDER_BY,0.187322
cold_hot,q5,10,PARTITION,0.6440239999999997
cold_hot,q5,10,PARTITION,0.43766299999999997
cold_hot,q5,10,PARTITION,0.5864160000000003
cold_hot,q5,10,PROJECTION,0.153857
cold_hot,q5,10,PROJECTION,0.117285
cold_hot,q5,10,PROJECTION,0.122002
cold_hot,q5,10,RESULT_COLLECTOR,0.256335
cold_hot,q5,10,RESULT_COLLECTOR,0.160138
cold_hot,q5,10,RESULT_COLLECTOR,0.116577
cold_hot,q5,10,SORT_PARTITION,0.476507
cold_hot,q5,10,SORT_PARTITION,0.285437
cold_hot,q5,10,SORT_PARTITION,0.284071
cold_hot,q5,10,SORT_SAMPLE,0.030601
cold_hot,q5,10,SORT_SAMPLE,0.025055
cold_hot,q5,10,SORT_SAMPLE,0.034772
cold_hot,q6,1,GPU_SCAN,4104.900962
cold_hot,q6,1,GPU_SCAN,3748.953579
cold_hot,q6,1,GPU_SCAN,3742.8812669999998
cold_hot,q6,1,MERGE_AGGREGATE,0.880189
cold_hot,q6,1,MERGE_AGGREGATE,0.310039
cold_hot,q6,1,MERGE_AGGREGATE,0.239889
cold_hot,q6,1,PROJECTION,7.582415000000001
cold_hot,q6,1,PROJECTION,2.982212
cold_hot,q6,1,PROJECTION,2.4394070000000005
cold_hot,q6,1,RESULT_COLLECTOR,0.253164
cold_hot,q6,1,RESULT_COLLECTOR,0.130752
cold_hot,q6,1,RESULT_COLLECTOR,0.070082
cold_hot,q6,1,UNGROUPED_AGGREGATE,8.039148
cold_hot,q6,1,UNGROUPED_AGGREGATE,3.7722470000000006
cold_hot,q6,1,UNGROUPED_AGGREGATE,2.618052
cold_hot,q6,2,GPU_SCAN,3747.882858
cold_hot,q6,2,GPU_SCAN,3499.060627
cold_hot,q6,2,GPU_SCAN,3751.4192620000003
cold_hot,q6,2,MERGE_AGGREGATE,0.16859
cold_hot,q6,2,MERGE_AGGREGATE,0.680175
cold_hot,q6,2,MERGE_AGGREGATE,0.15078
cold_hot,q6,2,PROJECTION,3.215573
cold_hot,q6,2,PROJECTION,2.21854
cold_hot,q6,2,PROJECTION,2.2365720000000002
cold_hot,q6,2,RESULT_COLLECTOR,0.089097
cold_hot,q6,2,RESULT_COLLECTOR,0.207949
cold_hot,q6,2,RESULT_COLLECTOR,0.067711
cold_hot,q6,2,UNGROUPED_AGGREGATE,2.915485
cold_hot,q6,2,UNGROUPED_AGGREGATE,2.6400560000000004
cold_hot,q6,2,UNGROUPED_AGGREGATE,2.978961
cold_hot,q6,3,GPU_SCAN,3813.658284
cold_hot,q6,3,GPU_SCAN,3836.2347110000005
cold_hot,q6,3,GPU_SCAN,3770.115201
cold_hot,q6,3,MERGE_AGGREGATE,0.183129
cold_hot,q6,3,MERGE_AGGREGATE,0.171415
cold_hot,q6,3,MERGE_AGGREGATE,0.697436
cold_hot,q6,3,PROJECTION,14.569779999999998
cold_hot,q6,3,PROJECTION,2.9281989999999998
cold_hot,q6,3,PROJECTION,2.4939020000000003
cold_hot,q6,3,RESULT_COLLECTOR,0.104406
cold_hot,q6,3,RESULT_COLLECTOR,0.125363
cold_hot,q6,3,RESULT_COLLECTOR,0.093513
cold_hot,q6,3,UNGROUPED_AGGREGATE,5.1507179999999995
cold_hot,q6,3,UNGROUPED_AGGREGATE,3.9041520000000003
cold_hot,q6,3,UNGROUPED_AGGREGATE,2.701557
cold_hot,q6,4,GPU_SCAN,3768.5644339999994
cold_hot,q6,4,GPU_SCAN,3861.2111560000003
cold_hot,q6,4,GPU_SCAN,3905.4781609999995
cold_hot,q6,4,MERGE_AGGREGATE,0.750461
cold_hot,q6,4,MERGE_AGGREGATE,0.682394
cold_hot,q6,4,MERGE_AGGREGATE,0.197691
cold_hot,q6,4,PROJECTION,3.3483700000000005
cold_hot,q6,4,PROJECTION,2.2399069999999996
cold_hot,q6,4,PROJECTION,3.9323879999999996
cold_hot,q6,4,RESULT_COLLECTOR,0.094658
cold_hot,q6,4,RESULT_COLLECTOR,0.100011
cold_hot,q6,4,RESULT_COLLECTOR,0.127972
cold_hot,q6,4,UNGROUPED_AGGREGATE,3.8475
cold_hot,q6,4,UNGROUPED_AGGREGATE,3.6746869999999996
cold_hot,q6,4,UNGROUPED_AGGREGATE,21.757222000000002
cold_hot,q6,5,GPU_SCAN,4098.155741
cold_hot,q6,5,GPU_SCAN,3764.5791190000004
cold_hot,q6,5,GPU_SCAN,3770.622424
cold_hot,q6,5,MERGE_AGGREGATE,0.20225
cold_hot,q6,5,MERGE_AGGREGATE,0.167744
cold_hot,q6,5,MERGE_AGGREGATE,0.156786
cold_hot,q6,5,PROJECTION,9.664585999999998
cold_hot,q6,5,PROJECTION,10.300604
cold_hot,q6,5,PROJECTION,10.604185999999999
cold_hot,q6,5,RESULT_COLLECTOR,0.099952
cold_hot,q6,5,RESULT_COLLECTOR,0.100924
cold_hot,q6,5,RESULT_COLLECTOR,0.074811
cold_hot,q6,5,UNGROUPED_AGGREGATE,16.534291
cold_hot,q6,5,UNGROUPED_AGGREGATE,2.9682619999999997
cold_hot,q6,5,UNGROUPED_AGGREGATE,10.131683999999998
cold_hot,q6,6,GPU_SCAN,3735.928017999999
cold_hot,q6,6,GPU_SCAN,3819.369829
cold_hot,q6,6,GPU_SCAN,4020.358681
cold_hot,q6,6,MERGE_AGGREGATE,0.159225
cold_hot,q6,6,MERGE_AGGREGATE,0.162519
cold_hot,q6,6,MERGE_AGGREGATE,0.22432
cold_hot,q6,6,PROJECTION,2.226795
cold_hot,q6,6,PROJECTION,5.975999
cold_hot,q6,6,PROJECTION,10.212818
cold_hot,q6,6,RESULT_COLLECTOR,0.096173
cold_hot,q6,6,RESULT_COLLECTOR,0.099497
cold_hot,q6,6,RESULT_COLLECTOR,0.099357
cold_hot,q6,6,UNGROUPED_AGGREGATE,2.769579
cold_hot,q6,6,UNGROUPED_AGGREGATE,4.646578
cold_hot,q6,6,UNGROUPED_AGGREGATE,21.799605
cold_hot,q6,7,GPU_SCAN,3741.2001669999995
cold_hot,q6,7,GPU_SCAN,3753.15175
cold_hot,q6,7,GPU_SCAN,3788.036948
cold_hot,q6,7,MERGE_AGGREGATE,0.155565
cold_hot,q6,7,MERGE_AGGREGATE,0.252884
cold_hot,q6,7,MERGE_AGGREGATE,0.208018
cold_hot,q6,7,PROJECTION,2.5085850000000005
cold_hot,q6,7,PROJECTION,3.6021270000000003
cold_hot,q6,7,PROJECTION,3.4842690000000003
cold_hot,q6,7,RESULT_COLLECTOR,0.068729
cold_hot,q6,7,RESULT_COLLECTOR,0.140469
cold_hot,q6,7,RESULT_COLLECTOR,0.106297
cold_hot,q6,7,UNGROUPED_AGGREGATE,2.7266690000000002
cold_hot,q6,7,UNGROUPED_AGGREGATE,10.597099
cold_hot,q6,7,UNGROUPED_AGGREGATE,13.512090999999998
cold_hot,q6,8,GPU_SCAN,3741.9640679999998
cold_hot,q6,8,GPU_SCAN,3999.8065750000005
cold_hot,q6,8,GPU_SCAN,3803.7909239999994
cold_hot,q6,8,MERGE_AGGREGATE,0.144997
cold_hot,q6,8,MERGE_AGGREGATE,0.198122
cold_hot,q6,8,MERGE_AGGREGATE,0.167532
cold_hot,q6,8,PROJECTION,2.795408
cold_hot,q6,8,PROJECTION,23.706803
cold_hot,q6,8,PROJECTION,10.420087
cold_hot,q6,8,RESULT_COLLECTOR,0.073365
cold_hot,q6,8,RESULT_COLLECTOR,0.079836
cold_hot,q6,8,RESULT_COLLECTOR,0.081508
cold_hot,q6,8,UNGROUPED_AGGREGATE,3.3133809999999997
cold_hot,q6,8,UNGROUPED_AGGREGATE,7.163066000000001
cold_hot,q6,8,UNGROUPED_AGGREGATE,3.715806
cold_hot,q6,9,GPU_SCAN,3804.5285110000004
cold_hot,q6,9,GPU_SCAN,3807.9227269999997
cold_hot,q6,9,GPU_SCAN,3811.1699369999997
cold_hot,q6,9,MERGE_AGGREGATE,0.170702
cold_hot,q6,9,MERGE_AGGREGATE,0.695187
cold_hot,q6,9,MERGE_AGGREGATE,0.234712
cold_hot,q6,9,PROJECTION,6.582851
cold_hot,q6,9,PROJECTION,2.3053899999999996
cold_hot,q6,9,PROJECTION,2.320407
cold_hot,q6,9,RESULT_COLLECTOR,0.082665
cold_hot,q6,9,RESULT_COLLECTOR,0.078854
cold_hot,q6,9,RESULT_COLLECTOR,0.075162
cold_hot,q6,9,UNGROUPED_AGGREGATE,5.946611000000001
cold_hot,q6,9,UNGROUPED_AGGREGATE,2.650016
cold_hot,q6,9,UNGROUPED_AGGREGATE,2.911395
cold_hot,q6,10,GPU_SCAN,4058.5401149999993
cold_hot,q6,10,GPU_SCAN,3761.8765789999998
cold_hot,q6,10,GPU_SCAN,3887.2536680000003
cold_hot,q6,10,MERGE_AGGREGATE,0.181557
cold_hot,q6,10,MERGE_AGGREGATE,0.211039
cold_hot,q6,10,MERGE_AGGREGATE,0.190516
cold_hot,q6,10,PROJECTION,17.030486000000003
cold_hot,q6,10,PROJECTION,6.442577
cold_hot,q6,10,PROJECTION,12.989867
cold_hot,q6,10,RESULT_COLLECTOR,0.085562
cold_hot,q6,10,RESULT_COLLECTOR,0.08109
cold_hot,q6,10,RESULT_COLLECTOR,0.225866
cold_hot,q6,10,UNGROUPED_AGGREGATE,12.000286000000001
cold_hot,q6,10,UNGROUPED_AGGREGATE,6.007452999999999
cold_hot,q6,10,UNGROUPED_AGGREGATE,3.4897579999999997
cold_hot,q7,1,CONCAT,5.105323
cold_hot,q7,1,CONCAT,4.939261999999999
cold_hot,q7,1,CONCAT,4.855448999999999
cold_hot,q7,1,DYNAMIC_FILTER,31.395726000000003
cold_hot,q7,1,DYNAMIC_FILTER,31.931318
cold_hot,q7,1,DYNAMIC_FILTER,32.908006
cold_hot,q7,1,FILTER,1.473493
cold_hot,q7,1,FILTER,1.131818
cold_hot,q7,1,FILTER,0.989422
cold_hot,q7,1,GPU_SCAN,6208.461388
cold_hot,q7,1,GPU_SCAN,6356.4406279999985
cold_hot,q7,1,GPU_SCAN,6355.533429999999
cold_hot,q7,1,HASH_GROUP_BY,1.758692
cold_hot,q7,1,HASH_GROUP_BY,1.575887
cold_hot,q7,1,HASH_GROUP_BY,0.633179
cold_hot,q7,1,HASH_JOIN,20.49037
cold_hot,q7,1,HASH_JOIN,20.018288000000002
cold_hot,q7,1,HASH_JOIN,20.574056
cold_hot,q7,1,MERGE_GROUP_BY,0.017717
cold_hot,q7,1,MERGE_GROUP_BY,0.029199
cold_hot,q7,1,MERGE_GROUP_BY,0.033962
cold_hot,q7,1,MERGE_SORT,0.680723
cold_hot,q7,1,MERGE_SORT,0.695754
cold_hot,q7,1,MERGE_SORT,0.878326
cold_hot,q7,1,ORDER_BY,0.525598
cold_hot,q7,1,ORDER_BY,0.529661
cold_hot,q7,1,ORDER_BY,0.529419
cold_hot,q7,1,PARTITION,0.45933899999999994
cold_hot,q7,1,PARTITION,0.545847
cold_hot,q7,1,PARTITION,0.70848
cold_hot,q7,1,PROJECTION,0.153545
cold_hot,q7,1,PROJECTION,0.139572
cold_hot,q7,1,PROJECTION,0.158231
cold_hot,q7,1,RESULT_COLLECTOR,0.207176
cold_hot,q7,1,RESULT_COLLECTOR,0.317064
cold_hot,q7,1,RESULT_COLLECTOR,0.317673
cold_hot,q7,1,SORT_PARTITION,0.689402
cold_hot,q7,1,SORT_PARTITION,0.662363
cold_hot,q7,1,SORT_PARTITION,0.776172
cold_hot,q7,1,SORT_SAMPLE,0.137859
cold_hot,q7,1,SORT_SAMPLE,0.138887
cold_hot,q7,1,SORT_SAMPLE,0.175806
cold_hot,q7,2,CONCAT,4.67547
cold_hot,q7,2,CONCAT,5.167315
cold_hot,q7,2,CONCAT,5.893173
cold_hot,q7,2,DYNAMIC_FILTER,34.332138
cold_hot,q7,2,DYNAMIC_FILTER,32.275639999999996
cold_hot,q7,2,DYNAMIC_FILTER,33.584092
cold_hot,q7,2,FILTER,1.309371
cold_hot,q7,2,FILTER,1.2941949999999998
cold_hot,q7,2,FILTER,1.0374409999999998
cold_hot,q7,2,GPU_SCAN,6225.153539999998
cold_hot,q7,2,GPU_SCAN,6390.317731000001
cold_hot,q7,2,GPU_SCAN,6224.231907999998
cold_hot,q7,2,HASH_GROUP_BY,1.814076
cold_hot,q7,2,HASH_GROUP_BY,2.0885
cold_hot,q7,2,HASH_GROUP_BY,0.723695
cold_hot,q7,2,HASH_JOIN,20.808123000000002
cold_hot,q7,2,HASH_JOIN,21.722622
cold_hot,q7,2,HASH_JOIN,21.174881000000003
cold_hot,q7,2,MERGE_GROUP_BY,0.035824
cold_hot,q7,2,MERGE_GROUP_BY,0.039372
cold_hot,q7,2,MERGE_GROUP_BY,0.017359
cold_hot,q7,2,MERGE_SORT,0.836355
cold_hot,q7,2,MERGE_SORT,0.895685
cold_hot,q7,2,MERGE_SORT,0.836202
cold_hot,q7,2,ORDER_BY,0.55658
cold_hot,q7,2,ORDER_BY,0.701128
cold_hot,q7,2,ORDER_BY,1.027737
cold_hot,q7,2,PARTITION,0.7261369999999999
cold_hot,q7,2,PARTITION,0.8386350000000002
cold_hot,q7,2,PARTITION,0.669871
cold_hot,q7,2,PROJECTION,0.147796
cold_hot,q7,2,PROJECTION,0.162139
cold_hot,q7,2,PROJECTION,0.162713
cold_hot,q7,2,RESULT_COLLECTOR,0.290075
cold_hot,q7,2,RESULT_COLLECTOR,0.430082
cold_hot,q7,2,RESULT_COLLECTOR,0.222266
cold_hot,q7,2,SORT_PARTITION,0.838939
cold_hot,q7,2,SORT_PARTITION,0.962662
cold_hot,q7,2,SORT_PARTITION,0.88454
cold_hot,q7,2,SORT_SAMPLE,0.265823
cold_hot,q7,2,SORT_SAMPLE,0.325751
cold_hot,q7,2,SORT_SAMPLE,0.291603
cold_hot,q7,3,CONCAT,4.8218689999999995
cold_hot,q7,3,CONCAT,4.626498
cold_hot,q7,3,CONCAT,4.73985
cold_hot,q7,3,DYNAMIC_FILTER,29.945912999999997
cold_hot,q7,3,DYNAMIC_FILTER,30.021816999999995
cold_hot,q7,3,DYNAMIC_FILTER,30.981924
cold_hot,q7,3,FILTER,1.017113
cold_hot,q7,3,FILTER,1.025397
cold_hot,q7,3,FILTER,1.353963
cold_hot,q7,3,GPU_SCAN,6314.518417000001
cold_hot,q7,3,GPU_SCAN,6308.577088
cold_hot,q7,3,GPU_SCAN,6465.470604
cold_hot,q7,3,HASH_GROUP_BY,1.780072
cold_hot,q7,3,HASH_GROUP_BY,1.716445
cold_hot,q7,3,HASH_GROUP_BY,0.643268
cold_hot,q7,3,HASH_JOIN,20.558754999999998
cold_hot,q7,3,HASH_JOIN,19.799811
cold_hot,q7,3,HASH_JOIN,19.131657
cold_hot,q7,3,MERGE_GROUP_BY,0.013325
cold_hot,q7,3,MERGE_GROUP_BY,0.011431
cold_hot,q7,3,MERGE_GROUP_BY,0.010713
cold_hot,q7,3,MERGE_SORT,0.828383
cold_hot,q7,3,MERGE_SORT,0.711153
cold_hot,q7,3,MERGE_SORT,2.614808
cold_hot,q7,3,ORDER_BY,0.534535
cold_hot,q7,3,ORDER_BY,0.461006
cold_hot,q7,3,ORDER_BY,0.441707
cold_hot,q7,3,PARTITION,0.3905220000000001
cold_hot,q7,3,PARTITION,0.3067100000000001
cold_hot,q7,3,PARTITION,0.5626430000000001
cold_hot,q7,3,PROJECTION,0.143343
cold_hot,q7,3,PROJECTION,0.145192
cold_hot,q7,3,PROJECTION,0.138797
cold_hot,q7,3,RESULT_COLLECTOR,0.196294
cold_hot,q7,3,RESULT_COLLECTOR,0.156471
cold_hot,q7,3,RESULT_COLLECTOR,0.153079
cold_hot,q7,3,SORT_PARTITION,0.73838
cold_hot,q7,3,SORT_PARTITION,0.684341
cold_hot,q7,3,SORT_PARTITION,0.674612
cold_hot,q7,3,SORT_SAMPLE,0.15221
cold_hot,q7,3,SORT_SAMPLE,0.147915
cold_hot,q7,3,SORT_SAMPLE,0.147658
cold_hot,q7,4,CONCAT,5.063691
cold_hot,q7,4,CONCAT,4.761005
cold_hot,q7,4,CONCAT,5.152406
cold_hot,q7,4,DYNAMIC_FILTER,36.821991
cold_hot,q7,4,DYNAMIC_FILTER,35.179796
cold_hot,q7,4,DYNAMIC_FILTER,35.65475299999999
cold_hot,q7,4,FILTER,1.005687
cold_hot,q7,4,FILTER,1.2598479999999999
cold_hot,q7,4,FILTER,1.253348
cold_hot,q7,4,GPU_SCAN,6615.148984000001
cold_hot,q7,4,GPU_SCAN,6444.340448999999
cold_hot,q7,4,GPU_SCAN,6759.168638
cold_hot,q7,4,HASH_GROUP_BY,1.566451
cold_hot,q7,4,HASH_GROUP_BY,1.721018
cold_hot,q7,4,HASH_GROUP_BY,0.601589
cold_hot,q7,4,HASH_JOIN,20.723633
cold_hot,q7,4,HASH_JOIN,20.804788
cold_hot,q7,4,HASH_JOIN,20.983016
cold_hot,q7,4,MERGE_GROUP_BY,0.029153
cold_hot,q7,4,MERGE_GROUP_BY,0.016527
cold_hot,q7,4,MERGE_GROUP_BY,0.00842
cold_hot,q7,4,MERGE_SORT,0.65706
cold_hot,q7,4,MERGE_SORT,0.796017
cold_hot,q7,4,MERGE_SORT,1.675303
cold_hot,q7,4,ORDER_BY,0.426587
cold_hot,q7,4,ORDER_BY,0.6119
cold_hot,q7,4,ORDER_BY,0.484427
cold_hot,q7,4,PARTITION,0.45514400000000005
cold_hot,q7,4,PARTITION,0.6001529999999998
cold_hot,q7,4,PARTITION,0.4243740000000001
cold_hot,q7,4,PROJECTION,0.131085
cold_hot,q7,4,PROJECTION,0.137682
cold_hot,q7,4,PROJECTION,0.134662
cold_hot,q7,4,RESULT_COLLECTOR,0.33646
cold_hot,q7,4,RESULT_COLLECTOR,0.198972
cold_hot,q7,4,RESULT_COLLECTOR,0.146884
cold_hot,q7,4,SORT_PARTITION,0.632564
cold_hot,q7,4,SORT_PARTITION,0.691679
cold_hot,q7,4,SORT_PARTITION,0.646081
cold_hot,q7,4,SORT_SAMPLE,0.128268
cold_hot,q7,4,SORT_SAMPLE,0.142692
cold_hot,q7,4,SORT_SAMPLE,0.121595
cold_hot,q7,5,CONCAT,5.221173
cold_hot,q7,5,CONCAT,4.927104
cold_hot,q7,5,CONCAT,4.699903000000001
cold_hot,q7,5,DYNAMIC_FILTER,31.11495900000001
cold_hot,q7,5,DYNAMIC_FILTER,30.534229000000003
cold_hot,q7,5,DYNAMIC_FILTER,41.65027
cold_hot,q7,5,FILTER,1.212808
cold_hot,q7,5,FILTER,1.060356
cold_hot,q7,5,FILTER,1.5169579999999998
cold_hot,q7,5,GPU_SCAN,6218.893881999998
cold_hot,q7,5,GPU_SCAN,6216.276558000001
cold_hot,q7,5,GPU_SCAN,7022.246000000001
cold_hot,q7,5,HASH_GROUP_BY,1.769022
cold_hot,q7,5,HASH_GROUP_BY,1.546061
cold_hot,q7,5,HASH_GROUP_BY,0.710049
cold_hot,q7,5,HASH_JOIN,20.565112
cold_hot,q7,5,HASH_JOIN,20.415051999999996
cold_hot,q7,5,HASH_JOIN,19.960088000000002
cold_hot,q7,5,MERGE_GROUP_BY,0.011503
cold_hot,q7,5,MERGE_GROUP_BY,0.015896
cold_hot,q7,5,MERGE_GROUP_BY,0.033601
cold_hot,q7,5,MERGE_SORT,1.047456
cold_hot,q7,5,MERGE_SORT,0.697205
cold_hot,q7,5,MERGE_SORT,1.460467
cold_hot,q7,5,ORDER_BY,0.565506
cold_hot,q7,5,ORDER_BY,0.528295
cold_hot,q7,5,ORDER_BY,0.573277
cold_hot,q7,5,PARTITION,1.1856829999999998
cold_hot,q7,5,PARTITION,0.4061910000000001
cold_hot,q7,5,PARTITION,0.648527
cold_hot,q7,5,PROJECTION,0.171267
cold_hot,q7,5,PROJECTION,0.132216
cold_hot,q7,5,PROJECTION,0.166535
cold_hot,q7,5,RESULT_COLLECTOR,0.172935
cold_hot,q7,5,RESULT_COLLECTOR,0.144607
cold_hot,q7,5,RESULT_COLLECTOR,0.338553
cold_hot,q7,5,SORT_PARTITION,0.756822
cold_hot,q7,5,SORT_PARTITION,0.662293
cold_hot,q7,5,SORT_PARTITION,0.837385
cold_hot,q7,5,SORT_SAMPLE,0.202636
cold_hot,q7,5,SORT_SAMPLE,0.133946
cold_hot,q7,5,SORT_SAMPLE,0.20016
cold_hot,q7,6,CONCAT,4.926451999999999
cold_hot,q7,6,CONCAT,5.249301
cold_hot,q7,6,CONCAT,5.049408
cold_hot,q7,6,DYNAMIC_FILTER,31.194733000000006
cold_hot,q7,6,DYNAMIC_FILTER,29.175938999999996
cold_hot,q7,6,DYNAMIC_FILTER,33.012654
cold_hot,q7,6,FILTER,1.1253950000000001
cold_hot,q7,6,FILTER,1.0824829999999999
cold_hot,q7,6,FILTER,1.412559
cold_hot,q7,6,GPU_SCAN,6222.281669000001
cold_hot,q7,6,GPU_SCAN,6207.756481
cold_hot,q7,6,GPU_SCAN,6658.427688000003
cold_hot,q7,6,HASH_GROUP_BY,1.522243
cold_hot,q7,6,HASH_GROUP_BY,1.524075
cold_hot,q7,6,HASH_GROUP_BY,0.695297
cold_hot,q7,6,HASH_JOIN,20.591412000000002
cold_hot,q7,6,HASH_JOIN,20.629331
cold_hot,q7,6,HASH_JOIN,19.796298999999998
cold_hot,q7,6,MERGE_GROUP_BY,0.030792
cold_hot,q7,6,MERGE_GROUP_BY,0.031363
cold_hot,q7,6,MERGE_GROUP_BY,0.034256
cold_hot,q7,6,MERGE_SORT,0.701318
cold_hot,q7,6,MERGE_SORT,0.68909
cold_hot,q7,6,MERGE_SORT,0.827898
cold_hot,q7,6,ORDER_BY,0.450521
cold_hot,q7,6,ORDER_BY,0.439526
cold_hot,q7,6,ORDER_BY,0.546183
cold_hot,q7,6,PARTITION,0.38678499999999993
cold_hot,q7,6,PARTITION,0.480662
cold_hot,q7,6,PARTITION,0.6081190000000001
cold_hot,q7,6,PROJECTION,0.129454
cold_hot,q7,6,PROJECTION,0.131557
cold_hot,q7,6,PROJECTION,0.16245
cold_hot,q7,6,RESULT_COLLECTOR,0.304125
cold_hot,q7,6,RESULT_COLLECTOR,0.301054
cold_hot,q7,6,RESULT_COLLECTOR,0.332185
cold_hot,q7,6,SORT_PARTITION,0.617713
cold_hot,q7,6,SORT_PARTITION,0.65918
cold_hot,q7,6,SORT_PARTITION,0.874321
cold_hot,q7,6,SORT_SAMPLE,0.133102
cold_hot,q7,6,SORT_SAMPLE,0.196849
cold_hot,q7,6,SORT_SAMPLE,0.173345
cold_hot,q7,7,CONCAT,5.216552
cold_hot,q7,7,CONCAT,4.930203999999999
cold_hot,q7,7,CONCAT,4.954854999999999
cold_hot,q7,7,DYNAMIC_FILTER,30.574309999999997
cold_hot,q7,7,DYNAMIC_FILTER,31.551201000000002
cold_hot,q7,7,DYNAMIC_FILTER,36.526790999999996
cold_hot,q7,7,FILTER,1.006999
cold_hot,q7,7,FILTER,1.4144809999999999
cold_hot,q7,7,FILTER,0.992502
cold_hot,q7,7,GPU_SCAN,6227.065639000002
cold_hot,q7,7,GPU_SCAN,6225.329650999999
cold_hot,q7,7,GPU_SCAN,6689.353680999999
cold_hot,q7,7,HASH_GROUP_BY,1.579365
cold_hot,q7,7,HASH_GROUP_BY,2.359334
cold_hot,q7,7,HASH_GROUP_BY,0.623258
cold_hot,q7,7,HASH_JOIN,20.658664
cold_hot,q7,7,HASH_JOIN,20.668292
cold_hot,q7,7,HASH_JOIN,19.807067000000004
cold_hot,q7,7,MERGE_GROUP_BY,0.021822
cold_hot,q7,7,MERGE_GROUP_BY,0.0296
cold_hot,q7,7,MERGE_GROUP_BY,0.00847
cold_hot,q7,7,MERGE_SORT,1.076431
cold_hot,q7,7,MERGE_SORT,0.75829
cold_hot,q7,7,MERGE_SORT,1.170431
cold_hot,q7,7,ORDER_BY,0.501498
cold_hot,q7,7,ORDER_BY,0.502956
cold_hot,q7,7,ORDER_BY,0.430234
cold_hot,q7,7,PARTITION,0.5943759999999998
cold_hot,q7,7,PARTITION,0.5331830000000001
cold_hot,q7,7,PARTITION,0.446245
cold_hot,q7,7,PROJECTION,0.138195
cold_hot,q7,7,PROJECTION,0.368064
cold_hot,q7,7,PROJECTION,0.14674
cold_hot,q7,7,RESULT_COLLECTOR,0.290396
cold_hot,q7,7,RESULT_COLLECTOR,0.156838
cold_hot,q7,7,RESULT_COLLECTOR,0.128384
cold_hot,q7,7,SORT_PARTITION,0.651404
cold_hot,q7,7,SORT_PARTITION,1.249163
cold_hot,q7,7,SORT_PARTITION,0.695357
cold_hot,q7,7,SORT_SAMPLE,0.14735
cold_hot,q7,7,SORT_SAMPLE,0.471052
cold_hot,q7,7,SORT_SAMPLE,0.135947
cold_hot,q7,8,CONCAT,5.269317999999999
cold_hot,q7,8,CONCAT,5.675154
cold_hot,q7,8,CONCAT,5.446123999999999
cold_hot,q7,8,DYNAMIC_FILTER,44.154106000000006
cold_hot,q7,8,DYNAMIC_FILTER,33.825203
cold_hot,q7,8,DYNAMIC_FILTER,35.443805999999995
cold_hot,q7,8,FILTER,1.2251400000000001
cold_hot,q7,8,FILTER,1.12592
cold_hot,q7,8,FILTER,1.054236
cold_hot,q7,8,GPU_SCAN,7167.337838999999
cold_hot,q7,8,GPU_SCAN,6705.848356999999
cold_hot,q7,8,GPU_SCAN,6471.140091999998
cold_hot,q7,8,HASH_GROUP_BY,1.926866
cold_hot,q7,8,HASH_GROUP_BY,1.85274
cold_hot,q7,8,HASH_GROUP_BY,0.658238
cold_hot,q7,8,HASH_JOIN,21.433085999999996
cold_hot,q7,8,HASH_JOIN,21.729432000000003
cold_hot,q7,8,HASH_JOIN,20.462288
cold_hot,q7,8,MERGE_GROUP_BY,0.017878
cold_hot,q7,8,MERGE_GROUP_BY,0.034034
cold_hot,q7,8,MERGE_GROUP_BY,0.032891
cold_hot,q7,8,MERGE_SORT,0.848859
cold_hot,q7,8,MERGE_SORT,1.310311
cold_hot,q7,8,MERGE_SORT,1.433516
cold_hot,q7,8,ORDER_BY,0.559684
cold_hot,q7,8,ORDER_BY,0.586324
cold_hot,q7,8,ORDER_BY,0.575904
cold_hot,q7,8,PARTITION,0.6489920000000001
cold_hot,q7,8,PARTITION,0.7160790000000001
cold_hot,q7,8,PARTITION,0.601217
cold_hot,q7,8,PROJECTION,0.168451
cold_hot,q7,8,PROJECTION,0.163699
cold_hot,q7,8,PROJECTION,0.147087
cold_hot,q7,8,RESULT_COLLECTOR,0.194809
cold_hot,q7,8,RESULT_COLLECTOR,0.411675
cold_hot,q7,8,RESULT_COLLECTOR,0.319582
cold_hot,q7,8,SORT_PARTITION,0.822494
cold_hot,q7,8,SORT_PARTITION,0.922156
cold_hot,q7,8,SORT_PARTITION,0.894762
cold_hot,q7,8,SORT_SAMPLE,0.179407
cold_hot,q7,8,SORT_SAMPLE,0.343769
cold_hot,q7,8,SORT_SAMPLE,0.145374
cold_hot,q7,9,CONCAT,5.845499
cold_hot,q7,9,CONCAT,5.541949999999999
cold_hot,q7,9,CONCAT,4.723184000000001
cold_hot,q7,9,DYNAMIC_FILTER,33.206786
cold_hot,q7,9,DYNAMIC_FILTER,37.199863
cold_hot,q7,9,DYNAMIC_FILTER,33.58242200000001
cold_hot,q7,9,FILTER,1.0958999999999999
cold_hot,q7,9,FILTER,1.348404
cold_hot,q7,9,FILTER,0.9447559999999999
cold_hot,q7,9,GPU_SCAN,6355.561524
cold_hot,q7,9,GPU_SCAN,6615.726605000001
cold_hot,q7,9,GPU_SCAN,6594.24834
cold_hot,q7,9,HASH_GROUP_BY,1.911316
cold_hot,q7,9,HASH_GROUP_BY,2.16099
cold_hot,q7,9,HASH_GROUP_BY,0.621878
cold_hot,q7,9,HASH_JOIN,21.004026000000003
cold_hot,q7,9,HASH_JOIN,21.901779
cold_hot,q7,9,HASH_JOIN,19.116735
cold_hot,q7,9,MERGE_GROUP_BY,0.024838
cold_hot,q7,9,MERGE_GROUP_BY,0.016067
cold_hot,q7,9,MERGE_GROUP_BY,0.012721
cold_hot,q7,9,MERGE_SORT,1.365719
cold_hot,q7,9,MERGE_SORT,1.862146
cold_hot,q7,9,MERGE_SORT,0.613298
cold_hot,q7,9,ORDER_BY,0.477845
cold_hot,q7,9,ORDER_BY,1.108529
cold_hot,q7,9,ORDER_BY,0.440896
cold_hot,q7,9,PARTITION,0.7213440000000001
cold_hot,q7,9,PARTITION,0.723961
cold_hot,q7,9,PARTITION,0.427413
cold_hot,q7,9,PROJECTION,0.158682
cold_hot,q7,9,PROJECTION,0.194734
cold_hot,q7,9,PROJECTION,0.134366
cold_hot,q7,9,RESULT_COLLECTOR,0.289364
cold_hot,q7,9,RESULT_COLLECTOR,0.1857
cold_hot,q7,9,RESULT_COLLECTOR,0.139542
cold_hot,q7,9,SORT_PARTITION,0.84518
cold_hot,q7,9,SORT_PARTITION,0.879413
cold_hot,q7,9,SORT_PARTITION,0.616758
cold_hot,q7,9,SORT_SAMPLE,0.154806
cold_hot,q7,9,SORT_SAMPLE,0.1917
cold_hot,q7,9,SORT_SAMPLE,0.138463
cold_hot,q7,10,CONCAT,5.165198999999999
cold_hot,q7,10,CONCAT,4.610508
cold_hot,q7,10,CONCAT,5.351181
cold_hot,q7,10,DYNAMIC_FILTER,30.457401
cold_hot,q7,10,DYNAMIC_FILTER,34.49791900000001
cold_hot,q7,10,DYNAMIC_FILTER,29.826627999999996
cold_hot,q7,10,FILTER,1.023839
cold_hot,q7,10,FILTER,1.141352
cold_hot,q7,10,FILTER,0.926345
cold_hot,q7,10,GPU_SCAN,6246.619179000001
cold_hot,q7,10,GPU_SCAN,6572.3144839999995
cold_hot,q7,10,GPU_SCAN,6245.817819
cold_hot,q7,10,HASH_GROUP_BY,1.697843
cold_hot,q7,10,HASH_GROUP_BY,1.661349
cold_hot,q7,10,HASH_GROUP_BY,0.582685
cold_hot,q7,10,HASH_JOIN,20.532809000000004
cold_hot,q7,10,HASH_JOIN,21.279909
cold_hot,q7,10,HASH_JOIN,19.463688
cold_hot,q7,10,MERGE_GROUP_BY,0.021697
cold_hot,q7,10,MERGE_GROUP_BY,0.028808
cold_hot,q7,10,MERGE_GROUP_BY,0.015187
cold_hot,q7,10,MERGE_SORT,0.679388
cold_hot,q7,10,MERGE_SORT,1.712717
cold_hot,q7,10,MERGE_SORT,0.668713
cold_hot,q7,10,ORDER_BY,0.434097
cold_hot,q7,10,ORDER_BY,0.529566
cold_hot,q7,10,ORDER_BY,0.570905
cold_hot,q7,10,PARTITION,0.5048509999999999
cold_hot,q7,10,PARTITION,0.597805
cold_hot,q7,10,PARTITION,0.514504
cold_hot,q7,10,PROJECTION,0.136346
cold_hot,q7,10,PROJECTION,0.136024
cold_hot,q7,10,PROJECTION,0.140855
cold_hot,q7,10,RESULT_COLLECTOR,0.145794
cold_hot,q7,10,RESULT_COLLECTOR,0.180423
cold_hot,q7,10,RESULT_COLLECTOR,0.168268
cold_hot,q7,10,SORT_PARTITION,0.632781
cold_hot,q7,10,SORT_PARTITION,0.665532
cold_hot,q7,10,SORT_PARTITION,0.684423
cold_hot,q7,10,SORT_SAMPLE,0.126008
cold_hot,q7,10,SORT_SAMPLE,0.136871
cold_hot,q7,10,SORT_SAMPLE,0.139143
cold_hot,q8,1,CONCAT,20.927709999999998
cold_hot,q8,1,CONCAT,21.059676
cold_hot,q8,1,CONCAT,21.381355
cold_hot,q8,1,DYNAMIC_FILTER,43.05599400000001
cold_hot,q8,1,DYNAMIC_FILTER,45.61542399999999
cold_hot,q8,1,DYNAMIC_FILTER,47.136704
cold_hot,q8,1,GPU_SCAN,8230.814172999999
cold_hot,q8,1,GPU_SCAN,8374.629373000002
cold_hot,q8,1,GPU_SCAN,8127.08452
cold_hot,q8,1,HASH_GROUP_BY,0.440422
cold_hot,q8,1,HASH_GROUP_BY,0.463587
cold_hot,q8,1,HASH_GROUP_BY,0.396159
cold_hot,q8,1,HASH_JOIN,24.253715999999994
cold_hot,q8,1,HASH_JOIN,25.919304000000004
cold_hot,q8,1,HASH_JOIN,24.803865
cold_hot,q8,1,MERGE_GROUP_BY,0.007175
cold_hot,q8,1,MERGE_GROUP_BY,0.025824
cold_hot,q8,1,MERGE_GROUP_BY,0.021162
cold_hot,q8,1,MERGE_SORT,0.015082
cold_hot,q8,1,MERGE_SORT,0.023105
cold_hot,q8,1,MERGE_SORT,0.005348
cold_hot,q8,1,ORDER_BY,0.099758
cold_hot,q8,1,ORDER_BY,0.068433
cold_hot,q8,1,ORDER_BY,0.059405
cold_hot,q8,1,PARTITION,0.7080930000000002
cold_hot,q8,1,PARTITION,0.8841279999999999
cold_hot,q8,1,PARTITION,0.4634760000000001
cold_hot,q8,1,PROJECTION,0.333901
cold_hot,q8,1,PROJECTION,0.439808
cold_hot,q8,1,PROJECTION,0.353563
cold_hot,q8,1,RESULT_COLLECTOR,0.087343
cold_hot,q8,1,RESULT_COLLECTOR,0.231783
cold_hot,q8,1,RESULT_COLLECTOR,0.213227
cold_hot,q8,1,SORT_PARTITION,0.006089
cold_hot,q8,1,SORT_PARTITION,0.006837
cold_hot,q8,1,SORT_PARTITION,0.004911
cold_hot,q8,1,SORT_SAMPLE,0.007274
cold_hot,q8,1,SORT_SAMPLE,0.010489
cold_hot,q8,1,SORT_SAMPLE,0.007629
cold_hot,q8,2,CONCAT,19.415481
cold_hot,q8,2,CONCAT,20.969675999999996
cold_hot,q8,2,CONCAT,18.384971999999998
cold_hot,q8,2,DYNAMIC_FILTER,47.62669800000001
cold_hot,q8,2,DYNAMIC_FILTER,42.218805
cold_hot,q8,2,DYNAMIC_FILTER,35.174232
cold_hot,q8,2,GPU_SCAN,8355.762411999998
cold_hot,q8,2,GPU_SCAN,7851.433867000001
cold_hot,q8,2,GPU_SCAN,8073.208917
cold_hot,q8,2,HASH_GROUP_BY,0.29507
cold_hot,q8,2,HASH_GROUP_BY,0.475149
cold_hot,q8,2,HASH_GROUP_BY,0.475101
cold_hot,q8,2,HASH_JOIN,35.104627
cold_hot,q8,2,HASH_JOIN,24.190730000000002
cold_hot,q8,2,HASH_JOIN,31.442643
cold_hot,q8,2,MERGE_GROUP_BY,0.007383
cold_hot,q8,2,MERGE_GROUP_BY,0.01459
cold_hot,q8,2,MERGE_GROUP_BY,0.024152
cold_hot,q8,2,MERGE_SORT,0.020915
cold_hot,q8,2,MERGE_SORT,0.013099
cold_hot,q8,2,MERGE_SORT,0.011651
cold_hot,q8,2,ORDER_BY,0.07117
cold_hot,q8,2,ORDER_BY,0.07532
cold_hot,q8,2,ORDER_BY,0.073905
cold_hot,q8,2,PARTITION,0.5471159999999998
cold_hot,q8,2,PARTITION,0.6667649999999998
cold_hot,q8,2,PARTITION,0.6781460000000002
cold_hot,q8,2,PROJECTION,0.380587
cold_hot,q8,2,PROJECTION,0.47601000000000004
cold_hot,q8,2,PROJECTION,0.49851199999999996
cold_hot,q8,2,RESULT_COLLECTOR,0.098297
cold_hot,q8,2,RESULT_COLLECTOR,0.186333
cold_hot,q8,2,RESULT_COLLECTOR,0.230484
cold_hot,q8,2,SORT_PARTITION,0.005458
cold_hot,q8,2,SORT_PARTITION,0.016787
cold_hot,q8,2,SORT_PARTITION,0.008773
cold_hot,q8,2,SORT_SAMPLE,0.008328
cold_hot,q8,2,SORT_SAMPLE,0.028627
cold_hot,q8,2,SORT_SAMPLE,0.011142
cold_hot,q8,3,CONCAT,20.702823000000002
cold_hot,q8,3,CONCAT,21.605231999999997
cold_hot,q8,3,CONCAT,18.475332000000005
cold_hot,q8,3,DYNAMIC_FILTER,50.62281200000002
cold_hot,q8,3,DYNAMIC_FILTER,46.381606000000005
cold_hot,q8,3,DYNAMIC_FILTER,43.50012999999999
cold_hot,q8,3,GPU_SCAN,8367.887183000003
cold_hot,q8,3,GPU_SCAN,8452.982379999998
cold_hot,q8,3,GPU_SCAN,8232.868902000002
cold_hot,q8,3,HASH_GROUP_BY,0.654763
cold_hot,q8,3,HASH_GROUP_BY,0.425263
cold_hot,q8,3,HASH_GROUP_BY,0.39936
cold_hot,q8,3,HASH_JOIN,25.907522
cold_hot,q8,3,HASH_JOIN,25.396647
cold_hot,q8,3,HASH_JOIN,32.914967
cold_hot,q8,3,MERGE_GROUP_BY,0.040683
cold_hot,q8,3,MERGE_GROUP_BY,0.007343
cold_hot,q8,3,MERGE_GROUP_BY,0.022743
cold_hot,q8,3,MERGE_SORT,0.011911
cold_hot,q8,3,MERGE_SORT,0.007605
cold_hot,q8,3,MERGE_SORT,0.008544
cold_hot,q8,3,ORDER_BY,0.123351
cold_hot,q8,3,ORDER_BY,0.057596
cold_hot,q8,3,ORDER_BY,0.083008
cold_hot,q8,3,PARTITION,0.853569
cold_hot,q8,3,PARTITION,0.6178240000000002
cold_hot,q8,3,PARTITION,0.6800700000000001
cold_hot,q8,3,PROJECTION,0.899541
cold_hot,q8,3,PROJECTION,0.33719099999999996
cold_hot,q8,3,PROJECTION,0.43912599999999996
cold_hot,q8,3,RESULT_COLLECTOR,0.154209
cold_hot,q8,3,RESULT_COLLECTOR,0.105451
cold_hot,q8,3,RESULT_COLLECTOR,0.223528
cold_hot,q8,3,SORT_PARTITION,0.018637
cold_hot,q8,3,SORT_PARTITION,0.005375
cold_hot,q8,3,SORT_PARTITION,0.006444
cold_hot,q8,3,SORT_SAMPLE,0.022357
cold_hot,q8,3,SORT_SAMPLE,0.006178
cold_hot,q8,3,SORT_SAMPLE,0.010467
cold_hot,q8,4,CONCAT,19.248622999999995
cold_hot,q8,4,CONCAT,20.272132000000003
cold_hot,q8,4,CONCAT,22.913780000000003
cold_hot,q8,4,DYNAMIC_FILTER,54.55631400000001
cold_hot,q8,4,DYNAMIC_FILTER,49.554120000000005
cold_hot,q8,4,DYNAMIC_FILTER,57.189924
cold_hot,q8,4,GPU_SCAN,8775.06714
cold_hot,q8,4,GPU_SCAN,8366.928415
cold_hot,q8,4,GPU_SCAN,8648.867873
cold_hot,q8,4,HASH_GROUP_BY,0.452377
cold_hot,q8,4,HASH_GROUP_BY,0.458644
cold_hot,q8,4,HASH_GROUP_BY,0.348589
cold_hot,q8,4,HASH_JOIN,34.341846000000004
cold_hot,q8,4,HASH_JOIN,25.905426000000006
cold_hot,q8,4,HASH_JOIN,44.34676900000001
cold_hot,q8,4,MERGE_GROUP_BY,0.010348
cold_hot,q8,4,MERGE_GROUP_BY,0.022111
cold_hot,q8,4,MERGE_GROUP_BY,0.009496
cold_hot,q8,4,MERGE_SORT,0.020862
cold_hot,q8,4,MERGE_SORT,0.024985
cold_hot,q8,4,MERGE_SORT,0.006304
cold_hot,q8,4,ORDER_BY,0.061197
cold_hot,q8,4,ORDER_BY,0.109354
cold_hot,q8,4,ORDER_BY,0.073223
cold_hot,q8,4,PARTITION,0.7818179999999999
cold_hot,q8,4,PARTITION,0.7885759999999998
cold_hot,q8,4,PARTITION,0.476037
cold_hot,q8,4,PROJECTION,0.363419
cold_hot,q8,4,PROJECTION,0.439357
cold_hot,q8,4,PROJECTION,0.40898500000000004
cold_hot,q8,4,RESULT_COLLECTOR,0.097327
cold_hot,q8,4,RESULT_COLLECTOR,0.200227
cold_hot,q8,4,RESULT_COLLECTOR,0.113139
cold_hot,q8,4,SORT_PARTITION,0.005459
cold_hot,q8,4,SORT_PARTITION,0.006029
cold_hot,q8,4,SORT_PARTITION,0.005404
cold_hot,q8,4,SORT_SAMPLE,0.008171
cold_hot,q8,4,SORT_SAMPLE,0.008953
cold_hot,q8,4,SORT_SAMPLE,0.008545
cold_hot,q8,5,CONCAT,20.644697000000004
cold_hot,q8,5,CONCAT,20.332497
cold_hot,q8,5,CONCAT,20.493284
cold_hot,q8,5,DYNAMIC_FILTER,50.99877899999999
cold_hot,q8,5,DYNAMIC_FILTER,60.816044000000005
cold_hot,q8,5,DYNAMIC_FILTER,40.13260999999999
cold_hot,q8,5,GPU_SCAN,8341.036809999998
cold_hot,q8,5,GPU_SCAN,8542.654066
cold_hot,q8,5,GPU_SCAN,8283.841298999998
cold_hot,q8,5,HASH_GROUP_BY,0.342531
cold_hot,q8,5,HASH_GROUP_BY,0.347463
cold_hot,q8,5,HASH_GROUP_BY,0.40232
cold_hot,q8,5,HASH_JOIN,25.903431
cold_hot,q8,5,HASH_JOIN,35.088241000000004
cold_hot,q8,5,HASH_JOIN,24.504741
cold_hot,q8,5,MERGE_GROUP_BY,0.023
cold_hot,q8,5,MERGE_GROUP_BY,0.027954
cold_hot,q8,5,MERGE_GROUP_BY,0.020924
cold_hot,q8,5,MERGE_SORT,0.007215
cold_hot,q8,5,MERGE_SORT,0.008434
cold_hot,q8,5,MERGE_SORT,0.005467
cold_hot,q8,5,ORDER_BY,0.084764
cold_hot,q8,5,ORDER_BY,0.134702
cold_hot,q8,5,ORDER_BY,0.058952
cold_hot,q8,5,PARTITION,0.8528979999999999
cold_hot,q8,5,PARTITION,0.8264340000000001
cold_hot,q8,5,PARTITION,0.526163
cold_hot,q8,5,PROJECTION,0.43843
cold_hot,q8,5,PROJECTION,0.539078
cold_hot,q8,5,PROJECTION,0.34332399999999996
cold_hot,q8,5,RESULT_COLLECTOR,0.226622
cold_hot,q8,5,RESULT_COLLECTOR,0.222943
cold_hot,q8,5,RESULT_COLLECTOR,0.184036
cold_hot,q8,5,SORT_PARTITION,0.004787
cold_hot,q8,5,SORT_PARTITION,0.007169
cold_hot,q8,5,SORT_PARTITION,0.004858
cold_hot,q8,5,SORT_SAMPLE,0.016831
cold_hot,q8,5,SORT_SAMPLE,0.010149
cold_hot,q8,5,SORT_SAMPLE,0.006004
cold_hot,q8,6,CONCAT,17.906505999999997
cold_hot,q8,6,CONCAT,21.615998000000005
cold_hot,q8,6,CONCAT,19.362945999999997
cold_hot,q8,6,DYNAMIC_FILTER,48.77205800000001
cold_hot,q8,6,DYNAMIC_FILTER,47.97936199999999
cold_hot,q8,6,DYNAMIC_FILTER,44.63412600000001
cold_hot,q8,6,GPU_SCAN,8061.680916
cold_hot,q8,6,GPU_SCAN,8345.496342000002
cold_hot,q8,6,GPU_SCAN,8398.985507999998
cold_hot,q8,6,HASH_GROUP_BY,0.288467
cold_hot,q8,6,HASH_GROUP_BY,0.437712
cold_hot,q8,6,HASH_GROUP_BY,0.532267
cold_hot,q8,6,HASH_JOIN,33.234394
cold_hot,q8,6,HASH_JOIN,25.205594
cold_hot,q8,6,HASH_JOIN,34.124963
cold_hot,q8,6,MERGE_GROUP_BY,0.005684
cold_hot,q8,6,MERGE_GROUP_BY,0.020605
cold_hot,q8,6,MERGE_GROUP_BY,0.055135
cold_hot,q8,6,MERGE_SORT,0.00563
cold_hot,q8,6,MERGE_SORT,0.020759
cold_hot,q8,6,MERGE_SORT,0.028003
cold_hot,q8,6,ORDER_BY,0.056938
cold_hot,q8,6,ORDER_BY,0.063533
cold_hot,q8,6,ORDER_BY,0.074704
cold_hot,q8,6,PARTITION,1.021175
cold_hot,q8,6,PARTITION,0.5689069999999999
cold_hot,q8,6,PARTITION,0.8859660000000001
cold_hot,q8,6,PROJECTION,0.326575
cold_hot,q8,6,PROJECTION,0.354905
cold_hot,q8,6,PROJECTION,0.45229800000000003
cold_hot,q8,6,RESULT_COLLECTOR,0.08461
cold_hot,q8,6,RESULT_COLLECTOR,0.756828
cold_hot,q8,6,RESULT_COLLECTOR,0.261858
cold_hot,q8,6,SORT_PARTITION,0.004588
cold_hot,q8,6,SORT_PARTITION,0.005103
cold_hot,q8,6,SORT_PARTITION,0.009552
cold_hot,q8,6,SORT_SAMPLE,0.007643
cold_hot,q8,6,SORT_SAMPLE,0.008656
cold_hot,q8,6,SORT_SAMPLE,0.008035
cold_hot,q8,7,CONCAT,20.825762
cold_hot,q8,7,CONCAT,19.927514000000002
cold_hot,q8,7,CONCAT,18.808244999999996
cold_hot,q8,7,DYNAMIC_FILTER,53.54126
cold_hot,q8,7,DYNAMIC_FILTER,51.771738000000006
cold_hot,q8,7,DYNAMIC_FILTER,46.22863300000001
cold_hot,q8,7,GPU_SCAN,8620.868444999998
cold_hot,q8,7,GPU_SCAN,8371.230446
cold_hot,q8,7,GPU_SCAN,8264.041088000002
cold_hot,q8,7,HASH_GROUP_BY,0.43657
cold_hot,q8,7,HASH_GROUP_BY,0.429806
cold_hot,q8,7,HASH_GROUP_BY,0.324322
cold_hot,q8,7,HASH_JOIN,35.403677
cold_hot,q8,7,HASH_JOIN,34.182752
cold_hot,q8,7,HASH_JOIN,33.17747000000001
cold_hot,q8,7,MERGE_GROUP_BY,0.05694
cold_hot,q8,7,MERGE_GROUP_BY,0.008311
cold_hot,q8,7,MERGE_GROUP_BY,0.029355
cold_hot,q8,7,MERGE_SORT,0.008371
cold_hot,q8,7,MERGE_SORT,0.009557
cold_hot,q8,7,MERGE_SORT,0.009315
cold_hot,q8,7,ORDER_BY,0.10685
cold_hot,q8,7,ORDER_BY,0.075919
cold_hot,q8,7,ORDER_BY,0.066541
cold_hot,q8,7,PARTITION,0.9449640000000001
cold_hot,q8,7,PARTITION,0.492162
cold_hot,q8,7,PARTITION,0.5117799999999999
cold_hot,q8,7,PROJECTION,0.528933
cold_hot,q8,7,PROJECTION,0.48170199999999996
cold_hot,q8,7,PROJECTION,0.37384300000000004
cold_hot,q8,7,RESULT_COLLECTOR,0.263639
cold_hot,q8,7,RESULT_COLLECTOR,0.11819
cold_hot,q8,7,RESULT_COLLECTOR,0.185098
cold_hot,q8,7,SORT_PARTITION,0.006437
cold_hot,q8,7,SORT_PARTITION,0.00705
cold_hot,q8,7,SORT_PARTITION,0.006115
cold_hot,q8,7,SORT_SAMPLE,0.011468
cold_hot,q8,7,SORT_SAMPLE,0.011435
cold_hot,q8,7,SORT_SAMPLE,0.007292
cold_hot,q8,8,CONCAT,20.337552999999996
cold_hot,q8,8,CONCAT,17.085690000000003
cold_hot,q8,8,CONCAT,22.222001
cold_hot,q8,8,DYNAMIC_FILTER,47.87297299999999
cold_hot,q8,8,DYNAMIC_FILTER,54.706635000000006
cold_hot,q8,8,DYNAMIC_FILTER,57.556112999999996
cold_hot,q8,8,GPU_SCAN,8379.903478999999
cold_hot,q8,8,GPU_SCAN,8355.333459000001
cold_hot,q8,8,GPU_SCAN,8740.46367
cold_hot,q8,8,HASH_GROUP_BY,0.356623
cold_hot,q8,8,HASH_GROUP_BY,0.567494
cold_hot,q8,8,HASH_GROUP_BY,0.28866
cold_hot,q8,8,HASH_JOIN,25.148941999999998
cold_hot,q8,8,HASH_JOIN,26.870174000000002
cold_hot,q8,8,HASH_JOIN,37.67446999999999
cold_hot,q8,8,MERGE_GROUP_BY,0.040979
cold_hot,q8,8,MERGE_GROUP_BY,0.028767
cold_hot,q8,8,MERGE_GROUP_BY,0.00756
cold_hot,q8,8,MERGE_SORT,0.006868
cold_hot,q8,8,MERGE_SORT,0.009227
cold_hot,q8,8,MERGE_SORT,0.049802
cold_hot,q8,8,ORDER_BY,0.070204
cold_hot,q8,8,ORDER_BY,0.087517
cold_hot,q8,8,ORDER_BY,0.067783
cold_hot,q8,8,PARTITION,0.8534129999999999
cold_hot,q8,8,PARTITION,0.686436
cold_hot,q8,8,PARTITION,0.8410690000000001
cold_hot,q8,8,PROJECTION,0.430701
cold_hot,q8,8,PROJECTION,0.521862
cold_hot,q8,8,PROJECTION,0.391166
cold_hot,q8,8,RESULT_COLLECTOR,0.272182
cold_hot,q8,8,RESULT_COLLECTOR,0.336605
cold_hot,q8,8,RESULT_COLLECTOR,0.102112
cold_hot,q8,8,SORT_PARTITION,0.006581
cold_hot,q8,8,SORT_PARTITION,0.007963
cold_hot,q8,8,SORT_PARTITION,0.004243
cold_hot,q8,8,SORT_SAMPLE,0.010481
cold_hot,q8,8,SORT_SAMPLE,0.012114
cold_hot,q8,8,SORT_SAMPLE,0.008375
cold_hot,q8,9,CONCAT,19.347465999999997
cold_hot,q8,9,CONCAT,19.489619
cold_hot,q8,9,CONCAT,18.388384000000002
cold_hot,q8,9,DYNAMIC_FILTER,48.903941
cold_hot,q8,9,DYNAMIC_FILTER,49.728454000000006
cold_hot,q8,9,DYNAMIC_FILTER,44.879321
cold_hot,q8,9,GPU_SCAN,8388.747245999999
cold_hot,q8,9,GPU_SCAN,8425.297213999998
cold_hot,q8,9,GPU_SCAN,8284.803648
cold_hot,q8,9,HASH_GROUP_BY,0.33455
cold_hot,q8,9,HASH_GROUP_BY,0.300718
cold_hot,q8,9,HASH_GROUP_BY,0.432625
cold_hot,q8,9,HASH_JOIN,35.117471
cold_hot,q8,9,HASH_JOIN,30.961741999999994
cold_hot,q8,9,HASH_JOIN,32.557329
cold_hot,q8,9,MERGE_GROUP_BY,0.016577
cold_hot,q8,9,MERGE_GROUP_BY,0.007195
cold_hot,q8,9,MERGE_GROUP_BY,0.039607
cold_hot,q8,9,MERGE_SORT,0.007484
cold_hot,q8,9,MERGE_SORT,0.007658
cold_hot,q8,9,MERGE_SORT,0.009539
cold_hot,q8,9,ORDER_BY,0.087251
cold_hot,q8,9,ORDER_BY,0.062391
cold_hot,q8,9,ORDER_BY,0.105096
cold_hot,q8,9,PARTITION,0.521109
cold_hot,q8,9,PARTITION,0.6851870000000001
cold_hot,q8,9,PARTITION,0.9107030000000002
cold_hot,q8,9,PROJECTION,0.430888
cold_hot,q8,9,PROJECTION,0.33865700000000004
cold_hot,q8,9,PROJECTION,0.6017349999999999
cold_hot,q8,9,RESULT_COLLECTOR,0.179408
cold_hot,q8,9,RESULT_COLLECTOR,0.097684
cold_hot,q8,9,RESULT_COLLECTOR,0.26328
cold_hot,q8,9,SORT_PARTITION,0.006921
cold_hot,q8,9,SORT_PARTITION,0.005746
cold_hot,q8,9,SORT_PARTITION,0.01677
cold_hot,q8,9,SORT_SAMPLE,0.00765
cold_hot,q8,9,SORT_SAMPLE,0.006142
cold_hot,q8,9,SORT_SAMPLE,0.029551
cold_hot,q8,10,CONCAT,18.232281
cold_hot,q8,10,CONCAT,18.462455000000002
cold_hot,q8,10,CONCAT,19.619345
cold_hot,q8,10,DYNAMIC_FILTER,50.729091
cold_hot,q8,10,DYNAMIC_FILTER,50.792910000000006
cold_hot,q8,10,DYNAMIC_FILTER,53.34211899999999
cold_hot,q8,10,GPU_SCAN,8319.72972
cold_hot,q8,10,GPU_SCAN,8418.234484999999
cold_hot,q8,10,GPU_SCAN,8490.16917
cold_hot,q8,10,HASH_GROUP_BY,0.397515
cold_hot,q8,10,HASH_GROUP_BY,0.471713
cold_hot,q8,10,HASH_GROUP_BY,0.316669
cold_hot,q8,10,HASH_JOIN,32.938030000000005
cold_hot,q8,10,HASH_JOIN,33.29076200000001
cold_hot,q8,10,HASH_JOIN,33.759660000000004
cold_hot,q8,10,MERGE_GROUP_BY,0.007198
cold_hot,q8,10,MERGE_GROUP_BY,0.021541
cold_hot,q8,10,MERGE_GROUP_BY,0.007654
cold_hot,q8,10,MERGE_SORT,0.012228
cold_hot,q8,10,MERGE_SORT,0.007467
cold_hot,q8,10,MERGE_SORT,0.007645
cold_hot,q8,10,ORDER_BY,0.064434
cold_hot,q8,10,ORDER_BY,0.058801
cold_hot,q8,10,ORDER_BY,0.061858
cold_hot,q8,10,PARTITION,0.7011160000000002
cold_hot,q8,10,PARTITION,0.54849
cold_hot,q8,10,PARTITION,0.6869029999999996
cold_hot,q8,10,PROJECTION,0.488365
cold_hot,q8,10,PROJECTION,0.334616
cold_hot,q8,10,PROJECTION,0.33797699999999997
cold_hot,q8,10,RESULT_COLLECTOR,0.088403
cold_hot,q8,10,RESULT_COLLECTOR,0.209869
cold_hot,q8,10,RESULT_COLLECTOR,0.093198
cold_hot,q8,10,SORT_PARTITION,0.00542
cold_hot,q8,10,SORT_PARTITION,0.004725
cold_hot,q8,10,SORT_PARTITION,0.004896
cold_hot,q8,10,SORT_SAMPLE,0.009003
cold_hot,q8,10,SORT_SAMPLE,0.006168
cold_hot,q8,10,SORT_SAMPLE,0.007723
cold_hot,q9,1,CONCAT,38.280876
cold_hot,q9,1,CONCAT,10.285697000000003
cold_hot,q9,1,CONCAT,26.171483
cold_hot,q9,1,DYNAMIC_FILTER,53.484877999999995
cold_hot,q9,1,DYNAMIC_FILTER,61.66148799999999
cold_hot,q9,1,DYNAMIC_FILTER,63.87073599999998
cold_hot,q9,1,GPU_SCAN,8647.279354999999
cold_hot,q9,1,GPU_SCAN,8720.781769000001
cold_hot,q9,1,GPU_SCAN,8649.033402
cold_hot,q9,1,HASH_GROUP_BY,21.267952
cold_hot,q9,1,HASH_GROUP_BY,16.287917
cold_hot,q9,1,HASH_GROUP_BY,17.277341
cold_hot,q9,1,HASH_JOIN,629.30481
cold_hot,q9,1,HASH_JOIN,669.7945330000001
cold_hot,q9,1,HASH_JOIN,614.042123
cold_hot,q9,1,MERGE_GROUP_BY,0.637126
cold_hot,q9,1,MERGE_GROUP_BY,0.460038
cold_hot,q9,1,MERGE_GROUP_BY,0.43243
cold_hot,q9,1,MERGE_SORT,0.417651
cold_hot,q9,1,MERGE_SORT,0.217886
cold_hot,q9,1,MERGE_SORT,0.257348
cold_hot,q9,1,ORDER_BY,0.676234
cold_hot,q9,1,ORDER_BY,0.644365
cold_hot,q9,1,ORDER_BY,0.676447
cold_hot,q9,1,PARTITION,54.94223200000001
cold_hot,q9,1,PARTITION,53.83441700000001
cold_hot,q9,1,PARTITION,54.50768600000001
cold_hot,q9,1,PROJECTION,26.047948000000005
cold_hot,q9,1,PROJECTION,12.142655
cold_hot,q9,1,PROJECTION,12.194469
cold_hot,q9,1,RESULT_COLLECTOR,0.210947
cold_hot,q9,1,RESULT_COLLECTOR,0.147756
cold_hot,q9,1,RESULT_COLLECTOR,0.171324
cold_hot,q9,1,SORT_PARTITION,0.2331
cold_hot,q9,1,SORT_PARTITION,0.165186
cold_hot,q9,1,SORT_PARTITION,0.196978
cold_hot,q9,1,SORT_SAMPLE,0.147102
cold_hot,q9,1,SORT_SAMPLE,0.086762
cold_hot,q9,1,SORT_SAMPLE,0.14307
cold_hot,q9,2,CONCAT,8.14113
cold_hot,q9,2,CONCAT,8.431930000000001
cold_hot,q9,2,CONCAT,10.663978
cold_hot,q9,2,DYNAMIC_FILTER,55.800067999999996
cold_hot,q9,2,DYNAMIC_FILTER,53.57479399999999
cold_hot,q9,2,DYNAMIC_FILTER,58.727945
cold_hot,q9,2,GPU_SCAN,8597.262263
cold_hot,q9,2,GPU_SCAN,8721.526692
cold_hot,q9,2,GPU_SCAN,8587.459587999998
cold_hot,q9,2,HASH_GROUP_BY,19.779881
cold_hot,q9,2,HASH_GROUP_BY,15.780452
cold_hot,q9,2,HASH_GROUP_BY,17.838817000000002
cold_hot,q9,2,HASH_JOIN,651.675464
cold_hot,q9,2,HASH_JOIN,653.8248299999999
cold_hot,q9,2,HASH_JOIN,649.640498
cold_hot,q9,2,MERGE_GROUP_BY,0.403304
cold_hot,q9,2,MERGE_GROUP_BY,0.545096
cold_hot,q9,2,MERGE_GROUP_BY,0.41493
cold_hot,q9,2,MERGE_SORT,0.231258
cold_hot,q9,2,MERGE_SORT,0.274513
cold_hot,q9,2,MERGE_SORT,0.277124
cold_hot,q9,2,ORDER_BY,0.649075
cold_hot,q9,2,ORDER_BY,0.645749
cold_hot,q9,2,ORDER_BY,0.641221
cold_hot,q9,2,PARTITION,54.08948099999999
cold_hot,q9,2,PARTITION,54.368669999999995
cold_hot,q9,2,PARTITION,54.590500999999996
cold_hot,q9,2,PROJECTION,12.474995
cold_hot,q9,2,PROJECTION,11.718391999999998
cold_hot,q9,2,PROJECTION,12.197165
cold_hot,q9,2,RESULT_COLLECTOR,0.125972
cold_hot,q9,2,RESULT_COLLECTOR,0.138455
cold_hot,q9,2,RESULT_COLLECTOR,0.133276
cold_hot,q9,2,SORT_PARTITION,0.180968
cold_hot,q9,2,SORT_PARTITION,0.577315
cold_hot,q9,2,SORT_PARTITION,0.179592
cold_hot,q9,2,SORT_SAMPLE,0.096207
cold_hot,q9,2,SORT_SAMPLE,0.429144
cold_hot,q9,2,SORT_SAMPLE,0.099537
cold_hot,q9,3,CONCAT,10.223997
cold_hot,q9,3,CONCAT,8.868112
cold_hot,q9,3,CONCAT,38.658429999999996
cold_hot,q9,3,DYNAMIC_FILTER,56.30139299999999
cold_hot,q9,3,DYNAMIC_FILTER,53.207706
cold_hot,q9,3,DYNAMIC_FILTER,53.36009500000001
cold_hot,q9,3,GPU_SCAN,8511.539512999998
cold_hot,q9,3,GPU_SCAN,8372.471509000003
cold_hot,q9,3,GPU_SCAN,8704.738943
cold_hot,q9,3,HASH_GROUP_BY,19.514931
cold_hot,q9,3,HASH_GROUP_BY,19.994023
cold_hot,q9,3,HASH_GROUP_BY,19.468920999999998
cold_hot,q9,3,HASH_JOIN,655.8342039999999
cold_hot,q9,3,HASH_JOIN,646.278034
cold_hot,q9,3,HASH_JOIN,635.8282399999998
cold_hot,q9,3,MERGE_GROUP_BY,0.427434
cold_hot,q9,3,MERGE_GROUP_BY,0.607929
cold_hot,q9,3,MERGE_GROUP_BY,0.488097
cold_hot,q9,3,MERGE_SORT,0.634101
cold_hot,q9,3,MERGE_SORT,0.266614
cold_hot,q9,3,MERGE_SORT,0.314099
cold_hot,q9,3,ORDER_BY,0.65246
cold_hot,q9,3,ORDER_BY,0.663069
cold_hot,q9,3,ORDER_BY,0.664097
cold_hot,q9,3,PARTITION,54.05741700000001
cold_hot,q9,3,PARTITION,54.50191000000001
cold_hot,q9,3,PARTITION,54.818507
cold_hot,q9,3,PROJECTION,12.784311
cold_hot,q9,3,PROJECTION,13.363592999999998
cold_hot,q9,3,PROJECTION,12.101771
cold_hot,q9,3,RESULT_COLLECTOR,0.143951
cold_hot,q9,3,RESULT_COLLECTOR,0.160507
cold_hot,q9,3,RESULT_COLLECTOR,0.146344
cold_hot,q9,3,SORT_PARTITION,0.19768
cold_hot,q9,3,SORT_PARTITION,0.211919
cold_hot,q9,3,SORT_PARTITION,0.197643
cold_hot,q9,3,SORT_SAMPLE,0.148794
cold_hot,q9,3,SORT_SAMPLE,0.191791
cold_hot,q9,3,SORT_SAMPLE,0.117093
cold_hot,q9,4,CONCAT,8.745963999999997
cold_hot,q9,4,CONCAT,26.831316
cold_hot,q9,4,CONCAT,38.354135
cold_hot,q9,4,DYNAMIC_FILTER,54.071070999999996
cold_hot,q9,4,DYNAMIC_FILTER,67.685478
cold_hot,q9,4,DYNAMIC_FILTER,54.36792899999999
cold_hot,q9,4,GPU_SCAN,8541.156713
cold_hot,q9,4,GPU_SCAN,8722.276226999998
cold_hot,q9,4,GPU_SCAN,8751.39287
cold_hot,q9,4,HASH_GROUP_BY,18.23872
cold_hot,q9,4,HASH_GROUP_BY,20.645856000000002
cold_hot,q9,4,HASH_GROUP_BY,19.718441
cold_hot,q9,4,HASH_JOIN,648.3300869999999
cold_hot,q9,4,HASH_JOIN,616.5716689999999
cold_hot,q9,4,HASH_JOIN,631.813183
cold_hot,q9,4,MERGE_GROUP_BY,0.413007
cold_hot,q9,4,MERGE_GROUP_BY,0.475058
cold_hot,q9,4,MERGE_GROUP_BY,0.456147
cold_hot,q9,4,MERGE_SORT,0.595493
cold_hot,q9,4,MERGE_SORT,0.309588
cold_hot,q9,4,MERGE_SORT,0.734463
cold_hot,q9,4,ORDER_BY,0.626183
cold_hot,q9,4,ORDER_BY,0.706606
cold_hot,q9,4,ORDER_BY,0.632568
cold_hot,q9,4,PARTITION,54.33498800000001
cold_hot,q9,4,PARTITION,54.57674800000001
cold_hot,q9,4,PARTITION,52.21158499999999
cold_hot,q9,4,PROJECTION,13.020451
cold_hot,q9,4,PROJECTION,12.995297
cold_hot,q9,4,PROJECTION,11.722171
cold_hot,q9,4,RESULT_COLLECTOR,0.153918
cold_hot,q9,4,RESULT_COLLECTOR,0.153536
cold_hot,q9,4,RESULT_COLLECTOR,0.119881
cold_hot,q9,4,SORT_PARTITION,0.170055
cold_hot,q9,4,SORT_PARTITION,0.207379
cold_hot,q9,4,SORT_PARTITION,0.551316
cold_hot,q9,4,SORT_SAMPLE,0.096384
cold_hot,q9,4,SORT_SAMPLE,0.106213
cold_hot,q9,4,SORT_SAMPLE,0.389316
cold_hot,q9,5,CONCAT,8.376610999999999
cold_hot,q9,5,CONCAT,8.984036
cold_hot,q9,5,CONCAT,8.901957000000001
cold_hot,q9,5,DYNAMIC_FILTER,64.23986300000001
cold_hot,q9,5,DYNAMIC_FILTER,54.924252
cold_hot,q9,5,DYNAMIC_FILTER,55.084327999999985
cold_hot,q9,5,GPU_SCAN,8830.642278999998
cold_hot,q9,5,GPU_SCAN,8776.168994000001
cold_hot,q9,5,GPU_SCAN,8673.315445999999
cold_hot,q9,5,HASH_GROUP_BY,18.140591
cold_hot,q9,5,HASH_GROUP_BY,19.195521
cold_hot,q9,5,HASH_GROUP_BY,18.171332
cold_hot,q9,5,HASH_JOIN,645.26598
cold_hot,q9,5,HASH_JOIN,650.0941809999999
cold_hot,q9,5,HASH_JOIN,658.534865
cold_hot,q9,5,MERGE_GROUP_BY,0.439667
cold_hot,q9,5,MERGE_GROUP_BY,0.457783
cold_hot,q9,5,MERGE_GROUP_BY,0.525418
cold_hot,q9,5,MERGE_SORT,0.23062
cold_hot,q9,5,MERGE_SORT,0.541055
cold_hot,q9,5,MERGE_SORT,0.266642
cold_hot,q9,5,ORDER_BY,0.669008
cold_hot,q9,5,ORDER_BY,0.720316
cold_hot,q9,5,ORDER_BY,0.646568
cold_hot,q9,5,PARTITION,54.844941
cold_hot,q9,5,PARTITION,54.74940700000001
cold_hot,q9,5,PARTITION,54.738051999999996
cold_hot,q9,5,PROJECTION,13.129154000000002
cold_hot,q9,5,PROJECTION,13.028386000000001
cold_hot,q9,5,PROJECTION,12.955894
cold_hot,q9,5,RESULT_COLLECTOR,0.102503
cold_hot,q9,5,RESULT_COLLECTOR,0.139352
cold_hot,q9,5,RESULT_COLLECTOR,0.123518
cold_hot,q9,5,SORT_PARTITION,0.167385
cold_hot,q9,5,SORT_PARTITION,0.197208
cold_hot,q9,5,SORT_PARTITION,0.19836
cold_hot,q9,5,SORT_SAMPLE,0.086133
cold_hot,q9,5,SORT_SAMPLE,0.105171
cold_hot,q9,5,SORT_SAMPLE,0.135602
cold_hot,q9,6,CONCAT,10.550783
cold_hot,q9,6,CONCAT,30.070923999999998
cold_hot,q9,6,CONCAT,8.912161000000001
cold_hot,q9,6,DYNAMIC_FILTER,51.27846000000002
cold_hot,q9,6,DYNAMIC_FILTER,46.889343000000004
cold_hot,q9,6,DYNAMIC_FILTER,65.041707
cold_hot,q9,6,GPU_SCAN,8533.434345000001
cold_hot,q9,6,GPU_SCAN,8410.189305999998
cold_hot,q9,6,GPU_SCAN,8692.491327
cold_hot,q9,6,HASH_GROUP_BY,18.581341
cold_hot,q9,6,HASH_GROUP_BY,18.254769
cold_hot,q9,6,HASH_GROUP_BY,18.321757
cold_hot,q9,6,HASH_JOIN,658.753701
cold_hot,q9,6,HASH_JOIN,614.0715299999999
cold_hot,q9,6,HASH_JOIN,650.489456
cold_hot,q9,6,MERGE_GROUP_BY,0.576367
cold_hot,q9,6,MERGE_GROUP_BY,0.457494
cold_hot,q9,6,MERGE_GROUP_BY,0.428243
cold_hot,q9,6,MERGE_SORT,0.289398
cold_hot,q9,6,MERGE_SORT,0.238015
cold_hot,q9,6,MERGE_SORT,0.69505
cold_hot,q9,6,ORDER_BY,0.733753
cold_hot,q9,6,ORDER_BY,0.691126
cold_hot,q9,6,ORDER_BY,0.695652
cold_hot,q9,6,PARTITION,54.417673
cold_hot,q9,6,PARTITION,54.380239
cold_hot,q9,6,PARTITION,53.49447500000001
cold_hot,q9,6,PROJECTION,12.031016000000001
cold_hot,q9,6,PROJECTION,12.977134999999999
cold_hot,q9,6,PROJECTION,12.997283
cold_hot,q9,6,RESULT_COLLECTOR,0.123051
cold_hot,q9,6,RESULT_COLLECTOR,0.128768
cold_hot,q9,6,RESULT_COLLECTOR,0.147931
cold_hot,q9,6,SORT_PARTITION,0.185634
cold_hot,q9,6,SORT_PARTITION,0.174902
cold_hot,q9,6,SORT_PARTITION,0.172341
cold_hot,q9,6,SORT_SAMPLE,0.099647
cold_hot,q9,6,SORT_SAMPLE,0.089303
cold_hot,q9,6,SORT_SAMPLE,0.082943
cold_hot,q9,7,CONCAT,10.093281999999999
cold_hot,q9,7,CONCAT,10.491278999999999
cold_hot,q9,7,CONCAT,9.461376
cold_hot,q9,7,DYNAMIC_FILTER,57.53694799999999
cold_hot,q9,7,DYNAMIC_FILTER,55.814083999999994
cold_hot,q9,7,DYNAMIC_FILTER,52.68272100000001
cold_hot,q9,7,GPU_SCAN,8673.418799000001
cold_hot,q9,7,GPU_SCAN,8512.866974999999
cold_hot,q9,7,GPU_SCAN,8569.002165000002
cold_hot,q9,7,HASH_GROUP_BY,18.032136
cold_hot,q9,7,HASH_GROUP_BY,18.793262
cold_hot,q9,7,HASH_GROUP_BY,19.012293999999997
cold_hot,q9,7,HASH_JOIN,639.7854329999999
cold_hot,q9,7,HASH_JOIN,645.5982980000001
cold_hot,q9,7,HASH_JOIN,650.1825850000001
cold_hot,q9,7,MERGE_GROUP_BY,0.42049
cold_hot,q9,7,MERGE_GROUP_BY,0.440392
cold_hot,q9,7,MERGE_GROUP_BY,0.472142
cold_hot,q9,7,MERGE_SORT,0.21468
cold_hot,q9,7,MERGE_SORT,0.655909
cold_hot,q9,7,MERGE_SORT,0.231617
cold_hot,q9,7,ORDER_BY,0.646961
cold_hot,q9,7,ORDER_BY,0.733378
cold_hot,q9,7,ORDER_BY,0.639287
cold_hot,q9,7,PARTITION,53.494355999999996
cold_hot,q9,7,PARTITION,52.730190000000015
cold_hot,q9,7,PARTITION,55.072218
cold_hot,q9,7,PROJECTION,12.966286
cold_hot,q9,7,PROJECTION,12.210851
cold_hot,q9,7,PROJECTION,12.032563000000001
cold_hot,q9,7,RESULT_COLLECTOR,0.135649
cold_hot,q9,7,RESULT_COLLECTOR,0.132985
cold_hot,q9,7,RESULT_COLLECTOR,0.163585
cold_hot,q9,7,SORT_PARTITION,0.173493
cold_hot,q9,7,SORT_PARTITION,0.1793
cold_hot,q9,7,SORT_PARTITION,0.188018
cold_hot,q9,7,SORT_SAMPLE,0.088807
cold_hot,q9,7,SORT_SAMPLE,0.08495
cold_hot,q9,7,SORT_SAMPLE,0.091319
cold_hot,q9,8,CONCAT,38.264226
cold_hot,q9,8,CONCAT,31.257698000000005
cold_hot,q9,8,CONCAT,26.455081999999997
cold_hot,q9,8,DYNAMIC_FILTER,63.55042199999999
cold_hot,q9,8,DYNAMIC_FILTER,59.53921200000001
cold_hot,q9,8,DYNAMIC_FILTER,58.121044999999995
cold_hot,q9,8,GPU_SCAN,8653.324101
cold_hot,q9,8,GPU_SCAN,8814.754547999999
cold_hot,q9,8,GPU_SCAN,8734.773469999996
cold_hot,q9,8,HASH_GROUP_BY,19.000038
cold_hot,q9,8,HASH_GROUP_BY,19.370749
cold_hot,q9,8,HASH_GROUP_BY,21.014569
cold_hot,q9,8,HASH_JOIN,636.0776979999999
cold_hot,q9,8,HASH_JOIN,610.7866129999999
cold_hot,q9,8,HASH_JOIN,616.749383
cold_hot,q9,8,MERGE_GROUP_BY,0.4605
cold_hot,q9,8,MERGE_GROUP_BY,0.45841
cold_hot,q9,8,MERGE_GROUP_BY,0.574735
cold_hot,q9,8,MERGE_SORT,0.306312
cold_hot,q9,8,MERGE_SORT,0.245716
cold_hot,q9,8,MERGE_SORT,0.254754
cold_hot,q9,8,ORDER_BY,0.669469
cold_hot,q9,8,ORDER_BY,0.692694
cold_hot,q9,8,ORDER_BY,0.687747
cold_hot,q9,8,PARTITION,56.29916600000001
cold_hot,q9,8,PARTITION,53.751497
cold_hot,q9,8,PARTITION,55.29619400000001
cold_hot,q9,8,PROJECTION,13.318725
cold_hot,q9,8,PROJECTION,12.979249999999999
cold_hot,q9,8,PROJECTION,13.147457000000001
cold_hot,q9,8,RESULT_COLLECTOR,0.134814
cold_hot,q9,8,RESULT_COLLECTOR,0.139812
cold_hot,q9,8,RESULT_COLLECTOR,0.184842
cold_hot,q9,8,SORT_PARTITION,0.188095
cold_hot,q9,8,SORT_PARTITION,0.198025
cold_hot,q9,8,SORT_PARTITION,0.218424
cold_hot,q9,8,SORT_SAMPLE,0.098073
cold_hot,q9,8,SORT_SAMPLE,0.106834
cold_hot,q9,8,SORT_SAMPLE,0.123189
cold_hot,q9,9,CONCAT,33.997838
cold_hot,q9,9,CONCAT,26.605981999999997
cold_hot,q9,9,CONCAT,13.10626
cold_hot,q9,9,DYNAMIC_FILTER,79.432672
cold_hot,q9,9,DYNAMIC_FILTER,49.780362999999994
cold_hot,q9,9,DYNAMIC_FILTER,61.75808900000001
cold_hot,q9,9,GPU_SCAN,8853.17154
cold_hot,q9,9,GPU_SCAN,8765.983466000001
cold_hot,q9,9,GPU_SCAN,8812.952631000002
cold_hot,q9,9,HASH_GROUP_BY,18.419795
cold_hot,q9,9,HASH_GROUP_BY,21.018684999999998
cold_hot,q9,9,HASH_GROUP_BY,19.620629
cold_hot,q9,9,HASH_JOIN,660.7162139999998
cold_hot,q9,9,HASH_JOIN,616.921067
cold_hot,q9,9,HASH_JOIN,635.108481
cold_hot,q9,9,MERGE_GROUP_BY,0.421676
cold_hot,q9,9,MERGE_GROUP_BY,0.515926
cold_hot,q9,9,MERGE_GROUP_BY,0.474413
cold_hot,q9,9,MERGE_SORT,0.730578
cold_hot,q9,9,MERGE_SORT,0.657545
cold_hot,q9,9,MERGE_SORT,0.332809
cold_hot,q9,9,ORDER_BY,0.648481
cold_hot,q9,9,ORDER_BY,0.66019
cold_hot,q9,9,ORDER_BY,0.668302
cold_hot,q9,9,PARTITION,54.941087999999986
cold_hot,q9,9,PARTITION,54.883007
cold_hot,q9,9,PARTITION,51.794797
cold_hot,q9,9,PROJECTION,13.219283
cold_hot,q9,9,PROJECTION,12.959588
cold_hot,q9,9,PROJECTION,12.984984
cold_hot,q9,9,RESULT_COLLECTOR,0.123875
cold_hot,q9,9,RESULT_COLLECTOR,0.184356
cold_hot,q9,9,RESULT_COLLECTOR,0.177003
cold_hot,q9,9,SORT_PARTITION,0.192551
cold_hot,q9,9,SORT_PARTITION,0.203188
cold_hot,q9,9,SORT_PARTITION,0.189909
cold_hot,q9,9,SORT_SAMPLE,0.146786
cold_hot,q9,9,SORT_SAMPLE,0.106082
cold_hot,q9,9,SORT_SAMPLE,0.092757
cold_hot,q9,10,CONCAT,7.960419
cold_hot,q9,10,CONCAT,12.055914
cold_hot,q9,10,CONCAT,27.129993
cold_hot,q9,10,DYNAMIC_FILTER,55.48352999999999
cold_hot,q9,10,DYNAMIC_FILTER,62.742098999999996
cold_hot,q9,10,DYNAMIC_FILTER,65.14344
cold_hot,q9,10,GPU_SCAN,8766.539444
cold_hot,q9,10,GPU_SCAN,8649.612796000001
cold_hot,q9,10,GPU_SCAN,8709.584093000001
cold_hot,q9,10,HASH_GROUP_BY,19.531647
cold_hot,q9,10,HASH_GROUP_BY,18.471332999999998
cold_hot,q9,10,HASH_GROUP_BY,20.157888999999997
cold_hot,q9,10,HASH_JOIN,648.776982
cold_hot,q9,10,HASH_JOIN,626.9935949999999
cold_hot,q9,10,HASH_JOIN,617.726227
cold_hot,q9,10,MERGE_GROUP_BY,0.471341
cold_hot,q9,10,MERGE_GROUP_BY,0.436774
cold_hot,q9,10,MERGE_GROUP_BY,0.455606
cold_hot,q9,10,MERGE_SORT,0.327907
cold_hot,q9,10,MERGE_SORT,0.755333
cold_hot,q9,10,MERGE_SORT,0.258485
cold_hot,q9,10,ORDER_BY,0.725853
cold_hot,q9,10,ORDER_BY,0.661678
cold_hot,q9,10,ORDER_BY,0.656924
cold_hot,q9,10,PARTITION,56.204452999999994
cold_hot,q9,10,PARTITION,52.716446999999995
cold_hot,q9,10,PARTITION,54.930283
cold_hot,q9,10,PROJECTION,13.001110999999998
cold_hot,q9,10,PROJECTION,12.836601000000002
cold_hot,q9,10,PROJECTION,12.885686999999999
cold_hot,q9,10,RESULT_COLLECTOR,0.128783
cold_hot,q9,10,RESULT_COLLECTOR,0.134665
cold_hot,q9,10,RESULT_COLLECTOR,0.125165
cold_hot,q9,10,SORT_PARTITION,0.195735
cold_hot,q9,10,SORT_PARTITION,0.191735
cold_hot,q9,10,SORT_PARTITION,0.290041
cold_hot,q9,10,SORT_SAMPLE,0.103615
cold_hot,q9,10,SORT_SAMPLE,0.100064
cold_hot,q9,10,SORT_SAMPLE,0.170278
cold_hot,q10,1,CONCAT,2.641291
cold_hot,q10,1,CONCAT,1.889243
cold_hot,q10,1,CONCAT,1.973389
cold_hot,q10,1,DYNAMIC_FILTER,15.367322999999999
cold_hot,q10,1,DYNAMIC_FILTER,13.631423999999999
cold_hot,q10,1,DYNAMIC_FILTER,11.804833999999998
cold_hot,q10,1,GPU_SCAN,4815.982702999999
cold_hot,q10,1,GPU_SCAN,4996.3263879999995
cold_hot,q10,1,GPU_SCAN,4787.080139
cold_hot,q10,1,HASH_GROUP_BY,28.285025
cold_hot,q10,1,HASH_GROUP_BY,28.688015
cold_hot,q10,1,HASH_GROUP_BY,28.707936
cold_hot,q10,1,HASH_JOIN,42.588293
cold_hot,q10,1,HASH_JOIN,42.74621499999999
cold_hot,q10,1,HASH_JOIN,43.72303
cold_hot,q10,1,MERGE_GROUP_BY,0.081587
cold_hot,q10,1,MERGE_GROUP_BY,0.07548
cold_hot,q10,1,MERGE_GROUP_BY,0.038573
cold_hot,q10,1,MERGE_SORT,15.952226
cold_hot,q10,1,MERGE_SORT,16.945632
cold_hot,q10,1,MERGE_SORT,17.201259
cold_hot,q10,1,ORDER_BY,9.291248
cold_hot,q10,1,ORDER_BY,8.9351
cold_hot,q10,1,ORDER_BY,9.149176
cold_hot,q10,1,PARTITION,0.41713
cold_hot,q10,1,PARTITION,0.29568799999999995
cold_hot,q10,1,PARTITION,0.432192
cold_hot,q10,1,PROJECTION,0.695495
cold_hot,q10,1,PROJECTION,0.6092679999999999
cold_hot,q10,1,PROJECTION,0.673449
cold_hot,q10,1,RESULT_COLLECTOR,334.283948
cold_hot,q10,1,RESULT_COLLECTOR,270.575555
cold_hot,q10,1,RESULT_COLLECTOR,301.445615
cold_hot,q10,1,SORT_PARTITION,5.831474
cold_hot,q10,1,SORT_PARTITION,4.882873
cold_hot,q10,1,SORT_PARTITION,7.065225
cold_hot,q10,1,SORT_SAMPLE,0.150505
cold_hot,q10,1,SORT_SAMPLE,0.04703
cold_hot,q10,1,SORT_SAMPLE,0.250346
cold_hot,q10,2,CONCAT,1.7829289999999998
cold_hot,q10,2,CONCAT,2.06662
cold_hot,q10,2,CONCAT,1.7243060000000001
cold_hot,q10,2,DYNAMIC_FILTER,14.705416
cold_hot,q10,2,DYNAMIC_FILTER,13.455295999999999
cold_hot,q10,2,DYNAMIC_FILTER,13.852041000000002
cold_hot,q10,2,GPU_SCAN,4989.8256759999995
cold_hot,q10,2,GPU_SCAN,5062.013860999999
cold_hot,q10,2,GPU_SCAN,5021.239157999999
cold_hot,q10,2,HASH_GROUP_BY,28.338671
cold_hot,q10,2,HASH_GROUP_BY,28.756318
cold_hot,q10,2,HASH_GROUP_BY,29.134535
cold_hot,q10,2,HASH_JOIN,43.149345
cold_hot,q10,2,HASH_JOIN,43.084372
cold_hot,q10,2,HASH_JOIN,43.306195
cold_hot,q10,2,MERGE_GROUP_BY,0.02207
cold_hot,q10,2,MERGE_GROUP_BY,0.066479
cold_hot,q10,2,MERGE_GROUP_BY,0.067802
cold_hot,q10,2,MERGE_SORT,16.522244
cold_hot,q10,2,MERGE_SORT,16.783574
cold_hot,q10,2,MERGE_SORT,16.516136
cold_hot,q10,2,ORDER_BY,9.102338
cold_hot,q10,2,ORDER_BY,8.894524
cold_hot,q10,2,ORDER_BY,8.831922
cold_hot,q10,2,PARTITION,0.244438
cold_hot,q10,2,PARTITION,0.383352
cold_hot,q10,2,PARTITION,0.306889
cold_hot,q10,2,PROJECTION,0.771726
cold_hot,q10,2,PROJECTION,0.590555
cold_hot,q10,2,PROJECTION,0.582924
cold_hot,q10,2,RESULT_COLLECTOR,249.208865
cold_hot,q10,2,RESULT_COLLECTOR,318.971578
cold_hot,q10,2,RESULT_COLLECTOR,221.362638
cold_hot,q10,2,SORT_PARTITION,4.531698
cold_hot,q10,2,SORT_PARTITION,4.444233
cold_hot,q10,2,SORT_PARTITION,4.237941
cold_hot,q10,2,SORT_SAMPLE,0.122261
cold_hot,q10,2,SORT_SAMPLE,0.035339
cold_hot,q10,2,SORT_SAMPLE,0.061294
cold_hot,q10,3,CONCAT,1.8747260000000001
cold_hot,q10,3,CONCAT,2.240594
cold_hot,q10,3,CONCAT,2.262898
cold_hot,q10,3,DYNAMIC_FILTER,13.740063000000001
cold_hot,q10,3,DYNAMIC_FILTER,9.726575
cold_hot,q10,3,DYNAMIC_FILTER,9.9566
cold_hot,q10,3,GPU_SCAN,4811.9539030000005
cold_hot,q10,3,GPU_SCAN,4597.320749
cold_hot,q10,3,GPU_SCAN,4368.510985999999
cold_hot,q10,3,HASH_GROUP_BY,28.371601
cold_hot,q10,3,HASH_GROUP_BY,28.208759
cold_hot,q10,3,HASH_GROUP_BY,28.105821
cold_hot,q10,3,HASH_JOIN,43.43207700000001
cold_hot,q10,3,HASH_JOIN,43.305756
cold_hot,q10,3,HASH_JOIN,43.748513
cold_hot,q10,3,MERGE_GROUP_BY,0.026693
cold_hot,q10,3,MERGE_GROUP_BY,0.068568
cold_hot,q10,3,MERGE_GROUP_BY,0.075762
cold_hot,q10,3,MERGE_SORT,17.129114
cold_hot,q10,3,MERGE_SORT,15.363807
cold_hot,q10,3,MERGE_SORT,16.434651
cold_hot,q10,3,ORDER_BY,9.114208
cold_hot,q10,3,ORDER_BY,9.009357
cold_hot,q10,3,ORDER_BY,9.109653
cold_hot,q10,3,PARTITION,0.5124739999999999
cold_hot,q10,3,PARTITION,0.30144600000000005
cold_hot,q10,3,PARTITION,0.288904
cold_hot,q10,3,PROJECTION,0.673459
cold_hot,q10,3,PROJECTION,0.6601910000000001
cold_hot,q10,3,PROJECTION,0.687433
cold_hot,q10,3,RESULT_COLLECTOR,223.53301
cold_hot,q10,3,RESULT_COLLECTOR,176.873118
cold_hot,q10,3,RESULT_COLLECTOR,248.668515
cold_hot,q10,3,SORT_PARTITION,4.792817
cold_hot,q10,3,SORT_PARTITION,5.761148
cold_hot,q10,3,SORT_PARTITION,4.320503
cold_hot,q10,3,SORT_SAMPLE,0.078785
cold_hot,q10,3,SORT_SAMPLE,0.202534
cold_hot,q10,3,SORT_SAMPLE,0.063366
cold_hot,q10,4,CONCAT,1.972271
cold_hot,q10,4,CONCAT,2.232165
cold_hot,q10,4,CONCAT,2.3859129999999995
cold_hot,q10,4,DYNAMIC_FILTER,11.515664
cold_hot,q10,4,DYNAMIC_FILTER,11.389045
cold_hot,q10,4,DYNAMIC_FILTER,9.375877000000001
cold_hot,q10,4,GPU_SCAN,4614.332201999999
cold_hot,q10,4,GPU_SCAN,4589.091447000001
cold_hot,q10,4,GPU_SCAN,4382.538049
cold_hot,q10,4,HASH_GROUP_BY,28.704283
cold_hot,q10,4,HASH_GROUP_BY,28.616534
cold_hot,q10,4,HASH_GROUP_BY,28.652131
cold_hot,q10,4,HASH_JOIN,43.37904400000001
cold_hot,q10,4,HASH_JOIN,43.230501000000004
cold_hot,q10,4,HASH_JOIN,43.161045
cold_hot,q10,4,MERGE_GROUP_BY,0.0375
cold_hot,q10,4,MERGE_GROUP_BY,0.07449
cold_hot,q10,4,MERGE_GROUP_BY,0.075513
cold_hot,q10,4,MERGE_SORT,16.781158
cold_hot,q10,4,MERGE_SORT,15.389715
cold_hot,q10,4,MERGE_SORT,15.81929
cold_hot,q10,4,ORDER_BY,9.269754
cold_hot,q10,4,ORDER_BY,8.875055
cold_hot,q10,4,ORDER_BY,9.554471
cold_hot,q10,4,PARTITION,0.29130300000000003
cold_hot,q10,4,PARTITION,0.453044
cold_hot,q10,4,PARTITION,0.24640199999999998
cold_hot,q10,4,PROJECTION,0.691582
cold_hot,q10,4,PROJECTION,0.5771240000000001
cold_hot,q10,4,PROJECTION,0.6723889999999999
cold_hot,q10,4,RESULT_COLLECTOR,330.319608
cold_hot,q10,4,RESULT_COLLECTOR,268.453583
cold_hot,q10,4,RESULT_COLLECTOR,236.937653
cold_hot,q10,4,SORT_PARTITION,5.385914
cold_hot,q10,4,SORT_PARTITION,4.354593
cold_hot,q10,4,SORT_PARTITION,5.908292
cold_hot,q10,4,SORT_SAMPLE,0.125233
cold_hot,q10,4,SORT_SAMPLE,0.030531
cold_hot,q10,4,SORT_SAMPLE,0.097115
cold_hot,q10,5,CONCAT,2.201964
cold_hot,q10,5,CONCAT,1.903507
cold_hot,q10,5,CONCAT,1.914731
cold_hot,q10,5,DYNAMIC_FILTER,9.601649
cold_hot,q10,5,DYNAMIC_FILTER,14.973046
cold_hot,q10,5,DYNAMIC_FILTER,12.365320000000002
cold_hot,q10,5,GPU_SCAN,4348.730714
cold_hot,q10,5,GPU_SCAN,5068.107609999999
cold_hot,q10,5,GPU_SCAN,4802.428357
cold_hot,q10,5,HASH_GROUP_BY,28.462979
cold_hot,q10,5,HASH_GROUP_BY,28.93623
cold_hot,q10,5,HASH_GROUP_BY,28.540618
cold_hot,q10,5,HASH_JOIN,43.41887
cold_hot,q10,5,HASH_JOIN,43.204498
cold_hot,q10,5,HASH_JOIN,44.151301000000004
cold_hot,q10,5,MERGE_GROUP_BY,0.067517
cold_hot,q10,5,MERGE_GROUP_BY,0.068341
cold_hot,q10,5,MERGE_GROUP_BY,0.06905
cold_hot,q10,5,MERGE_SORT,15.333876
cold_hot,q10,5,MERGE_SORT,16.457032
cold_hot,q10,5,MERGE_SORT,16.799147
cold_hot,q10,5,ORDER_BY,9.017375
cold_hot,q10,5,ORDER_BY,9.003738
cold_hot,q10,5,ORDER_BY,8.793475
cold_hot,q10,5,PARTITION,0.271966
cold_hot,q10,5,PARTITION,0.27017900000000006
cold_hot,q10,5,PARTITION,0.368114
cold_hot,q10,5,PROJECTION,0.6382709999999999
cold_hot,q10,5,PROJECTION,0.660378
cold_hot,q10,5,PROJECTION,0.577897
cold_hot,q10,5,RESULT_COLLECTOR,214.861153
cold_hot,q10,5,RESULT_COLLECTOR,245.400649
cold_hot,q10,5,RESULT_COLLECTOR,237.457039
cold_hot,q10,5,SORT_PARTITION,4.645819
cold_hot,q10,5,SORT_PARTITION,4.254934
cold_hot,q10,5,SORT_PARTITION,4.319975
cold_hot,q10,5,SORT_SAMPLE,0.059814
cold_hot,q10,5,SORT_SAMPLE,0.06218
cold_hot,q10,5,SORT_SAMPLE,0.026796
cold_hot,q10,6,CONCAT,1.7286429999999997
cold_hot,q10,6,CONCAT,2.6857130000000002
cold_hot,q10,6,CONCAT,2.7423280000000005
cold_hot,q10,6,DYNAMIC_FILTER,12.551466000000001
cold_hot,q10,6,DYNAMIC_FILTER,14.063438999999999
cold_hot,q10,6,DYNAMIC_FILTER,10.373721
cold_hot,q10,6,GPU_SCAN,5003.642308
cold_hot,q10,6,GPU_SCAN,4820.226399000001
cold_hot,q10,6,GPU_SCAN,4302.004497
cold_hot,q10,6,HASH_GROUP_BY,28.79164
cold_hot,q10,6,HASH_GROUP_BY,28.574583
cold_hot,q10,6,HASH_GROUP_BY,28.616092
cold_hot,q10,6,HASH_JOIN,43.427587
cold_hot,q10,6,HASH_JOIN,42.997927000000004
cold_hot,q10,6,HASH_JOIN,42.92714600000001
cold_hot,q10,6,MERGE_GROUP_BY,0.07133
cold_hot,q10,6,MERGE_GROUP_BY,0.078899
cold_hot,q10,6,MERGE_GROUP_BY,0.070349
cold_hot,q10,6,MERGE_SORT,16.599402
cold_hot,q10,6,MERGE_SORT,18.658831
cold_hot,q10,6,MERGE_SORT,15.487404
cold_hot,q10,6,ORDER_BY,8.908606
cold_hot,q10,6,ORDER_BY,8.960893
cold_hot,q10,6,ORDER_BY,8.969431
cold_hot,q10,6,PARTITION,0.31279100000000004
cold_hot,q10,6,PARTITION,0.460108
cold_hot,q10,6,PARTITION,0.41616000000000003
cold_hot,q10,6,PROJECTION,0.595852
cold_hot,q10,6,PROJECTION,0.614835
cold_hot,q10,6,PROJECTION,0.652321
cold_hot,q10,6,RESULT_COLLECTOR,266.936148
cold_hot,q10,6,RESULT_COLLECTOR,293.004874
cold_hot,q10,6,RESULT_COLLECTOR,220.696457
cold_hot,q10,6,SORT_PARTITION,4.279245
cold_hot,q10,6,SORT_PARTITION,5.676241
cold_hot,q10,6,SORT_PARTITION,4.831933
cold_hot,q10,6,SORT_SAMPLE,0.036731
cold_hot,q10,6,SORT_SAMPLE,0.113279
cold_hot,q10,6,SORT_SAMPLE,0.087837
cold_hot,q10,7,CONCAT,1.856539
cold_hot,q10,7,CONCAT,2.5442210000000003
cold_hot,q10,7,CONCAT,1.856214
cold_hot,q10,7,DYNAMIC_FILTER,13.908664000000002
cold_hot,q10,7,DYNAMIC_FILTER,12.220106
cold_hot,q10,7,DYNAMIC_FILTER,11.970575999999998
cold_hot,q10,7,GPU_SCAN,5049.718764
cold_hot,q10,7,GPU_SCAN,4573.350023
cold_hot,q10,7,GPU_SCAN,4817.292130999999
cold_hot,q10,7,HASH_GROUP_BY,29.411546
cold_hot,q10,7,HASH_GROUP_BY,28.831176
cold_hot,q10,7,HASH_GROUP_BY,28.588651
cold_hot,q10,7,HASH_JOIN,42.947813999999994
cold_hot,q10,7,HASH_JOIN,43.590809
cold_hot,q10,7,HASH_JOIN,44.00026199999999
cold_hot,q10,7,MERGE_GROUP_BY,0.035913
cold_hot,q10,7,MERGE_GROUP_BY,0.036601
cold_hot,q10,7,MERGE_GROUP_BY,0.021648
cold_hot,q10,7,MERGE_SORT,18.759673
cold_hot,q10,7,MERGE_SORT,17.386271
cold_hot,q10,7,MERGE_SORT,16.318541
cold_hot,q10,7,ORDER_BY,9.301149
cold_hot,q10,7,ORDER_BY,9.035837
cold_hot,q10,7,ORDER_BY,8.972342
cold_hot,q10,7,PARTITION,0.45932299999999987
cold_hot,q10,7,PARTITION,0.6176809999999998
cold_hot,q10,7,PARTITION,0.42481500000000005
cold_hot,q10,7,PROJECTION,0.676768
cold_hot,q10,7,PROJECTION,0.6405280000000001
cold_hot,q10,7,PROJECTION,0.650744
cold_hot,q10,7,RESULT_COLLECTOR,337.374724
cold_hot,q10,7,RESULT_COLLECTOR,297.886374
cold_hot,q10,7,RESULT_COLLECTOR,214.92404
cold_hot,q10,7,SORT_PARTITION,7.024522
cold_hot,q10,7,SORT_PARTITION,5.261816
cold_hot,q10,7,SORT_PARTITION,4.181839
cold_hot,q10,7,SORT_SAMPLE,0.288799
cold_hot,q10,7,SORT_SAMPLE,0.113304
cold_hot,q10,7,SORT_SAMPLE,0.030078
cold_hot,q10,8,CONCAT,2.443705
cold_hot,q10,8,CONCAT,2.2584969999999998
cold_hot,q10,8,CONCAT,1.8163040000000001
cold_hot,q10,8,DYNAMIC_FILTER,10.953000000000003
cold_hot,q10,8,DYNAMIC_FILTER,9.265757000000002
cold_hot,q10,8,DYNAMIC_FILTER,13.685462
cold_hot,q10,8,GPU_SCAN,4558.22846
cold_hot,q10,8,GPU_SCAN,4279.86744
cold_hot,q10,8,GPU_SCAN,4960.725767999999
cold_hot,q10,8,HASH_GROUP_BY,28.345426
cold_hot,q10,8,HASH_GROUP_BY,28.328443
cold_hot,q10,8,HASH_GROUP_BY,28.71972
cold_hot,q10,8,HASH_JOIN,42.563047
cold_hot,q10,8,HASH_JOIN,43.453126999999995
cold_hot,q10,8,HASH_JOIN,44.018480000000004
cold_hot,q10,8,MERGE_GROUP_BY,0.069457
cold_hot,q10,8,MERGE_GROUP_BY,0.039889
cold_hot,q10,8,MERGE_GROUP_BY,0.066301
cold_hot,q10,8,MERGE_SORT,16.381699
cold_hot,q10,8,MERGE_SORT,16.773113
cold_hot,q10,8,MERGE_SORT,15.231227
cold_hot,q10,8,ORDER_BY,8.86504
cold_hot,q10,8,ORDER_BY,8.816487
cold_hot,q10,8,ORDER_BY,8.990875
cold_hot,q10,8,PARTITION,0.428751
cold_hot,q10,8,PARTITION,0.4707239999999999
cold_hot,q10,8,PARTITION,0.2922350000000001
cold_hot,q10,8,PROJECTION,0.598453
cold_hot,q10,8,PROJECTION,0.5941660000000001
cold_hot,q10,8,PROJECTION,0.663902
cold_hot,q10,8,RESULT_COLLECTOR,225.603733
cold_hot,q10,8,RESULT_COLLECTOR,243.786495
cold_hot,q10,8,RESULT_COLLECTOR,259.798024
cold_hot,q10,8,SORT_PARTITION,4.409995
cold_hot,q10,8,SORT_PARTITION,4.091456
cold_hot,q10,8,SORT_PARTITION,4.700109
cold_hot,q10,8,SORT_SAMPLE,0.042205
cold_hot,q10,8,SORT_SAMPLE,0.029214
cold_hot,q10,8,SORT_SAMPLE,0.068783
cold_hot,q10,9,CONCAT,1.877412
cold_hot,q10,9,CONCAT,2.476504
cold_hot,q10,9,CONCAT,2.514886
cold_hot,q10,9,DYNAMIC_FILTER,9.178323
cold_hot,q10,9,DYNAMIC_FILTER,10.414636000000002
cold_hot,q10,9,DYNAMIC_FILTER,9.961596
cold_hot,q10,9,GPU_SCAN,4583.077128999999
cold_hot,q10,9,GPU_SCAN,4592.527709999999
cold_hot,q10,9,GPU_SCAN,4402.772728999999
cold_hot,q10,9,HASH_GROUP_BY,28.465038
cold_hot,q10,9,HASH_GROUP_BY,28.675796
cold_hot,q10,9,HASH_GROUP_BY,28.562224
cold_hot,q10,9,HASH_JOIN,43.121154000000004
cold_hot,q10,9,HASH_JOIN,42.520769
cold_hot,q10,9,HASH_JOIN,44.014512999999994
cold_hot,q10,9,MERGE_GROUP_BY,0.01894
cold_hot,q10,9,MERGE_GROUP_BY,0.069389
cold_hot,q10,9,MERGE_GROUP_BY,0.069776
cold_hot,q10,9,MERGE_SORT,16.327344
cold_hot,q10,9,MERGE_SORT,16.479276
cold_hot,q10,9,MERGE_SORT,16.259811
cold_hot,q10,9,ORDER_BY,8.978336
cold_hot,q10,9,ORDER_BY,8.865527
cold_hot,q10,9,ORDER_BY,8.875269
cold_hot,q10,9,PARTITION,0.43805499999999997
cold_hot,q10,9,PARTITION,0.363102
cold_hot,q10,9,PARTITION,0.433032
cold_hot,q10,9,PROJECTION,0.649265
cold_hot,q10,9,PROJECTION,0.592121
cold_hot,q10,9,PROJECTION,0.589448
cold_hot,q10,9,RESULT_COLLECTOR,237.869623
cold_hot,q10,9,RESULT_COLLECTOR,246.569726
cold_hot,q10,9,RESULT_COLLECTOR,215.144724
cold_hot,q10,9,SORT_PARTITION,4.120255
cold_hot,q10,9,SORT_PARTITION,4.149394
cold_hot,q10,9,SORT_PARTITION,4.264693
cold_hot,q10,9,SORT_SAMPLE,0.033933
cold_hot,q10,9,SORT_SAMPLE,0.075584
cold_hot,q10,9,SORT_SAMPLE,0.032303
cold_hot,q10,10,CONCAT,1.929401
cold_hot,q10,10,CONCAT,2.1740830000000004
cold_hot,q10,10,CONCAT,1.9215270000000002
cold_hot,q10,10,DYNAMIC_FILTER,7.288774000000001
cold_hot,q10,10,DYNAMIC_FILTER,11.113438
cold_hot,q10,10,DYNAMIC_FILTER,15.944613
cold_hot,q10,10,GPU_SCAN,4345.349975
cold_hot,q10,10,GPU_SCAN,4324.782714
cold_hot,q10,10,GPU_SCAN,5145.693002
cold_hot,q10,10,HASH_GROUP_BY,28.526715
cold_hot,q10,10,HASH_GROUP_BY,28.659156
cold_hot,q10,10,HASH_GROUP_BY,28.716352
cold_hot,q10,10,HASH_JOIN,42.761748
cold_hot,q10,10,HASH_JOIN,43.779354999999995
cold_hot,q10,10,HASH_JOIN,44.105316
cold_hot,q10,10,MERGE_GROUP_BY,0.020876
cold_hot,q10,10,MERGE_GROUP_BY,0.009561
cold_hot,q10,10,MERGE_GROUP_BY,0.069776
cold_hot,q10,10,MERGE_SORT,15.39992
cold_hot,q10,10,MERGE_SORT,17.285912
cold_hot,q10,10,MERGE_SORT,16.937325
cold_hot,q10,10,ORDER_BY,8.950627
cold_hot,q10,10,ORDER_BY,8.974964
cold_hot,q10,10,ORDER_BY,9.115617
cold_hot,q10,10,PARTITION,0.36440799999999995
cold_hot,q10,10,PARTITION,0.34568799999999994
cold_hot,q10,10,PARTITION,0.504703
cold_hot,q10,10,PROJECTION,0.632237
cold_hot,q10,10,PROJECTION,0.6085940000000001
cold_hot,q10,10,PROJECTION,0.650597
cold_hot,q10,10,RESULT_COLLECTOR,219.106768
cold_hot,q10,10,RESULT_COLLECTOR,234.022858
cold_hot,q10,10,RESULT_COLLECTOR,251.028076
cold_hot,q10,10,SORT_PARTITION,4.585018
cold_hot,q10,10,SORT_PARTITION,5.38526
cold_hot,q10,10,SORT_PARTITION,5.7171
cold_hot,q10,10,SORT_SAMPLE,0.078642
cold_hot,q10,10,SORT_SAMPLE,0.19725
cold_hot,q10,10,SORT_SAMPLE,0.202233
cold_hot,q11,1,CONCAT,0.5564589999999999
cold_hot,q11,1,CONCAT,0.36537699999999995
cold_hot,q11,1,CONCAT,0.294155
cold_hot,q11,1,CTE,0.033926
cold_hot,q11,1,CTE,0.03407
cold_hot,q11,1,CTE,0.007332
cold_hot,q11,1,DYNAMIC_FILTER,0.119478
cold_hot,q11,1,DYNAMIC_FILTER,0.085844
cold_hot,q11,1,DYNAMIC_FILTER,0.101875
cold_hot,q11,1,GPU_SCAN,1160.2552660000001
cold_hot,q11,1,GPU_SCAN,1154.593015
cold_hot,q11,1,GPU_SCAN,1164.047802
cold_hot,q11,1,HASH_GROUP_BY,2.602245
cold_hot,q11,1,HASH_GROUP_BY,4.991162
cold_hot,q11,1,HASH_GROUP_BY,9.959017999999999
cold_hot,q11,1,HASH_JOIN,35.458994000000004
cold_hot,q11,1,HASH_JOIN,38.137629000000004
cold_hot,q11,1,HASH_JOIN,31.731485
cold_hot,q11,1,MERGE_AGGREGATE,0.942123
cold_hot,q11,1,MERGE_AGGREGATE,0.518827
cold_hot,q11,1,MERGE_AGGREGATE,0.25732
cold_hot,q11,1,MERGE_GROUP_BY,10.929516
cold_hot,q11,1,MERGE_GROUP_BY,2.754767
cold_hot,q11,1,MERGE_GROUP_BY,2.64006
cold_hot,q11,1,MERGE_SORT,0.05986
cold_hot,q11,1,MERGE_SORT,0.006259
cold_hot,q11,1,MERGE_SORT,0.006014
cold_hot,q11,1,NESTED_LOOP_JOIN,8.943183
cold_hot,q11,1,NESTED_LOOP_JOIN,0.297112
cold_hot,q11,1,NESTED_LOOP_JOIN,0.263739
cold_hot,q11,1,ORDER_BY,0.021886
cold_hot,q11,1,ORDER_BY,0.014912
cold_hot,q11,1,ORDER_BY,0.012739
cold_hot,q11,1,PARTITION,0.40106300000000006
cold_hot,q11,1,PARTITION,0.211157
cold_hot,q11,1,PARTITION,0.19873700000000002
cold_hot,q11,1,PROJECTION,10.097576999999998
cold_hot,q11,1,PROJECTION,8.153348000000001
cold_hot,q11,1,PROJECTION,7.6331560000000005
cold_hot,q11,1,RESULT_COLLECTOR,0.055185
cold_hot,q11,1,RESULT_COLLECTOR,0.006953
cold_hot,q11,1,RESULT_COLLECTOR,0.006161
cold_hot,q11,1,SORT_PARTITION,0.042676
cold_hot,q11,1,SORT_PARTITION,0.02025
cold_hot,q11,1,SORT_PARTITION,0.00519
cold_hot,q11,1,SORT_SAMPLE,0.092781
cold_hot,q11,1,SORT_SAMPLE,0.042274
cold_hot,q11,1,SORT_SAMPLE,0.012349
cold_hot,q11,1,UNGROUPED_AGGREGATE,13.765213000000001
cold_hot,q11,1,UNGROUPED_AGGREGATE,2.4817359999999997
cold_hot,q11,1,UNGROUPED_AGGREGATE,1.3912559999999998
cold_hot,q11,2,CONCAT,0.3568880000000001
cold_hot,q11,2,CONCAT,0.17588399999999998
cold_hot,q11,2,CONCAT,0.37685100000000005
cold_hot,q11,2,CTE,0.029278
cold_hot,q11,2,CTE,0.013749
cold_hot,q11,2,CTE,0.008798
cold_hot,q11,2,DYNAMIC_FILTER,0.106255
cold_hot,q11,2,DYNAMIC_FILTER,0.160426
cold_hot,q11,2,DYNAMIC_FILTER,0.116465
cold_hot,q11,2,GPU_SCAN,1128.306721
cold_hot,q11,2,GPU_SCAN,1168.2961050000001
cold_hot,q11,2,GPU_SCAN,1129.7040929999998
cold_hot,q11,2,HASH_GROUP_BY,10.243743
cold_hot,q11,2,HASH_GROUP_BY,2.507282
cold_hot,q11,2,HASH_GROUP_BY,2.315714
cold_hot,q11,2,HASH_JOIN,33.009273
cold_hot,q11,2,HASH_JOIN,45.029256
cold_hot,q11,2,HASH_JOIN,55.249445
cold_hot,q11,2,MERGE_AGGREGATE,0.597177
cold_hot,q11,2,MERGE_AGGREGATE,0.23228100000000002
cold_hot,q11,2,MERGE_AGGREGATE,0.334163
cold_hot,q11,2,MERGE_GROUP_BY,2.79171
cold_hot,q11,2,MERGE_GROUP_BY,2.888134
cold_hot,q11,2,MERGE_GROUP_BY,2.797501
cold_hot,q11,2,MERGE_SORT,0.007148
cold_hot,q11,2,MERGE_SORT,0.029428
cold_hot,q11,2,MERGE_SORT,0.020659
cold_hot,q11,2,NESTED_LOOP_JOIN,0.282451
cold_hot,q11,2,NESTED_LOOP_JOIN,0.482883
cold_hot,q11,2,NESTED_LOOP_JOIN,0.271914
cold_hot,q11,2,ORDER_BY,0.014821
cold_hot,q11,2,ORDER_BY,0.030149
cold_hot,q11,2,ORDER_BY,0.014193
cold_hot,q11,2,PARTITION,0.23802000000000004
cold_hot,q11,2,PARTITION,0.26983500000000005
cold_hot,q11,2,PARTITION,0.217839
cold_hot,q11,2,PROJECTION,7.797639
cold_hot,q11,2,PROJECTION,2.769304
cold_hot,q11,2,PROJECTION,2.6039999999999996
cold_hot,q11,2,RESULT_COLLECTOR,0.00618
cold_hot,q11,2,RESULT_COLLECTOR,0.006484
cold_hot,q11,2,RESULT_COLLECTOR,0.006403
cold_hot,q11,2,SORT_PARTITION,0.009445
cold_hot,q11,2,SORT_PARTITION,0.032861
cold_hot,q11,2,SORT_PARTITION,0.006417
cold_hot,q11,2,SORT_SAMPLE,0.016924
cold_hot,q11,2,SORT_SAMPLE,0.071321
cold_hot,q11,2,SORT_SAMPLE,0.010109
cold_hot,q11,2,UNGROUPED_AGGREGATE,1.103432
cold_hot,q11,2,UNGROUPED_AGGREGATE,3.8058490000000003
cold_hot,q11,2,UNGROUPED_AGGREGATE,1.6740199999999998
cold_hot,q11,3,CONCAT,0.279118
cold_hot,q11,3,CONCAT,0.27403800000000006
cold_hot,q11,3,CONCAT,0.26636699999999996
cold_hot,q11,3,CTE,0.009914
cold_hot,q11,3,CTE,0.017006
cold_hot,q11,3,CTE,0.011409
cold_hot,q11,3,DYNAMIC_FILTER,0.10077
cold_hot,q11,3,DYNAMIC_FILTER,0.147526
cold_hot,q11,3,DYNAMIC_FILTER,0.108413
cold_hot,q11,3,GPU_SCAN,1122.50246
cold_hot,q11,3,GPU_SCAN,1165.891177
cold_hot,q11,3,GPU_SCAN,1152.808755
cold_hot,q11,3,HASH_GROUP_BY,1.9217840000000002
cold_hot,q11,3,HASH_GROUP_BY,10.506
cold_hot,q11,3,HASH_GROUP_BY,7.560722999999999
cold_hot,q11,3,HASH_JOIN,37.814848
cold_hot,q11,3,HASH_JOIN,32.832629
cold_hot,q11,3,HASH_JOIN,36.655888
cold_hot,q11,3,MERGE_AGGREGATE,0.577529
cold_hot,q11,3,MERGE_AGGREGATE,5.425287
cold_hot,q11,3,MERGE_AGGREGATE,2.058171
cold_hot,q11,3,MERGE_GROUP_BY,2.682132
cold_hot,q11,3,MERGE_GROUP_BY,2.754997
cold_hot,q11,3,MERGE_GROUP_BY,2.589018
cold_hot,q11,3,MERGE_SORT,0.016882
cold_hot,q11,3,MERGE_SORT,0.007401
cold_hot,q11,3,MERGE_SORT,0.006483
cold_hot,q11,3,NESTED_LOOP_JOIN,0.271189
cold_hot,q11,3,NESTED_LOOP_JOIN,0.35342
cold_hot,q11,3,NESTED_LOOP_JOIN,0.327223
cold_hot,q11,3,ORDER_BY,0.015916
cold_hot,q11,3,ORDER_BY,0.017632
cold_hot,q11,3,ORDER_BY,0.025857
cold_hot,q11,3,PARTITION,0.165855
cold_hot,q11,3,PARTITION,0.2087
cold_hot,q11,3,PARTITION,0.231915
cold_hot,q11,3,PROJECTION,1.2102079999999997
cold_hot,q11,3,PROJECTION,1.7618409999999998
cold_hot,q11,3,PROJECTION,16.86512
cold_hot,q11,3,RESULT_COLLECTOR,0.005111
cold_hot,q11,3,RESULT_COLLECTOR,0.016285
cold_hot,q11,3,RESULT_COLLECTOR,0.008314
cold_hot,q11,3,SORT_PARTITION,0.005269
cold_hot,q11,3,SORT_PARTITION,0.009049
cold_hot,q11,3,SORT_PARTITION,0.007899
cold_hot,q11,3,SORT_SAMPLE,0.011724
cold_hot,q11,3,SORT_SAMPLE,0.022213
cold_hot,q11,3,SORT_SAMPLE,0.031222
cold_hot,q11,3,UNGROUPED_AGGREGATE,5.948979
cold_hot,q11,3,UNGROUPED_AGGREGATE,0.9049069999999999
cold_hot,q11,3,UNGROUPED_AGGREGATE,1.080756
cold_hot,q11,4,CONCAT,0.200204
cold_hot,q11,4,CONCAT,0.26261900000000005
cold_hot,q11,4,CONCAT,0.17641800000000005
cold_hot,q11,4,CTE,0.012411
cold_hot,q11,4,CTE,0.041538
cold_hot,q11,4,CTE,0.019369
cold_hot,q11,4,DYNAMIC_FILTER,0.102663
cold_hot,q11,4,DYNAMIC_FILTER,0.214752
cold_hot,q11,4,DYNAMIC_FILTER,0.099767
cold_hot,q11,4,GPU_SCAN,1134.783535
cold_hot,q11,4,GPU_SCAN,1172.700822
cold_hot,q11,4,GPU_SCAN,1191.287855
cold_hot,q11,4,HASH_GROUP_BY,2.0608429999999998
cold_hot,q11,4,HASH_GROUP_BY,10.51679
cold_hot,q11,4,HASH_GROUP_BY,2.783245
cold_hot,q11,4,HASH_JOIN,47.109752
cold_hot,q11,4,HASH_JOIN,33.532672
cold_hot,q11,4,HASH_JOIN,49.233902
cold_hot,q11,4,MERGE_AGGREGATE,2.581496
cold_hot,q11,4,MERGE_AGGREGATE,0.7842779999999999
cold_hot,q11,4,MERGE_AGGREGATE,0.207201
cold_hot,q11,4,MERGE_GROUP_BY,2.66629
cold_hot,q11,4,MERGE_GROUP_BY,2.918609
cold_hot,q11,4,MERGE_GROUP_BY,2.936381
cold_hot,q11,4,MERGE_SORT,0.010153
cold_hot,q11,4,MERGE_SORT,0.010371
cold_hot,q11,4,MERGE_SORT,0.02102
cold_hot,q11,4,NESTED_LOOP_JOIN,0.359425
cold_hot,q11,4,NESTED_LOOP_JOIN,0.29796
cold_hot,q11,4,NESTED_LOOP_JOIN,0.694319
cold_hot,q11,4,ORDER_BY,0.023315
cold_hot,q11,4,ORDER_BY,0.015531
cold_hot,q11,4,ORDER_BY,0.062908
cold_hot,q11,4,PARTITION,0.15242499999999998
cold_hot,q11,4,PARTITION,0.285822
cold_hot,q11,4,PARTITION,0.32300999999999996
cold_hot,q11,4,PROJECTION,11.199198
cold_hot,q11,4,PROJECTION,2.51048
cold_hot,q11,4,PROJECTION,2.9755130000000003
cold_hot,q11,4,RESULT_COLLECTOR,0.009128
cold_hot,q11,4,RESULT_COLLECTOR,0.006211
cold_hot,q11,4,RESULT_COLLECTOR,0.006329
cold_hot,q11,4,SORT_PARTITION,0.008572
cold_hot,q11,4,SORT_PARTITION,0.009909
cold_hot,q11,4,SORT_PARTITION,0.008437
cold_hot,q11,4,SORT_SAMPLE,0.034594
cold_hot,q11,4,SORT_SAMPLE,0.019584
cold_hot,q11,4,SORT_SAMPLE,0.018118
cold_hot,q11,4,UNGROUPED_AGGREGATE,1.357903
cold_hot,q11,4,UNGROUPED_AGGREGATE,6.3275049999999995
cold_hot,q11,4,UNGROUPED_AGGREGATE,3.8999710000000003
cold_hot,q11,5,CONCAT,0.24058100000000002
cold_hot,q11,5,CONCAT,0.167089
cold_hot,q11,5,CONCAT,0.211274
cold_hot,q11,5,CTE,0.023128
cold_hot,q11,5,CTE,0.009411
cold_hot,q11,5,CTE,0.009726
cold_hot,q11,5,DYNAMIC_FILTER,0.110355
cold_hot,q11,5,DYNAMIC_FILTER,0.105026
cold_hot,q11,5,DYNAMIC_FILTER,0.365247
cold_hot,q11,5,GPU_SCAN,1152.565547
cold_hot,q11,5,GPU_SCAN,1151.157063
cold_hot,q11,5,GPU_SCAN,1189.4057349999998
cold_hot,q11,5,HASH_GROUP_BY,10.217813
cold_hot,q11,5,HASH_GROUP_BY,10.171319
cold_hot,q11,5,HASH_GROUP_BY,5.204047
cold_hot,q11,5,HASH_JOIN,33.187476000000004
cold_hot,q11,5,HASH_JOIN,33.131252
cold_hot,q11,5,HASH_JOIN,41.35637799999999
cold_hot,q11,5,MERGE_AGGREGATE,0.35415800000000003
cold_hot,q11,5,MERGE_AGGREGATE,3.344605
cold_hot,q11,5,MERGE_AGGREGATE,1.1706629999999998
cold_hot,q11,5,MERGE_GROUP_BY,2.691721
cold_hot,q11,5,MERGE_GROUP_BY,2.657188
cold_hot,q11,5,MERGE_GROUP_BY,2.863723
cold_hot,q11,5,MERGE_SORT,0.00727
cold_hot,q11,5,MERGE_SORT,0.005583
cold_hot,q11,5,MERGE_SORT,0.007881
cold_hot,q11,5,NESTED_LOOP_JOIN,0.314048
cold_hot,q11,5,NESTED_LOOP_JOIN,0.319363
cold_hot,q11,5,NESTED_LOOP_JOIN,0.288275
cold_hot,q11,5,ORDER_BY,0.016844
cold_hot,q11,5,ORDER_BY,0.014124
cold_hot,q11,5,ORDER_BY,0.015605
cold_hot,q11,5,PARTITION,0.128394
cold_hot,q11,5,PARTITION,0.09669400000000003
cold_hot,q11,5,PARTITION,0.264912
cold_hot,q11,5,PROJECTION,1.4387780000000001
cold_hot,q11,5,PROJECTION,1.081056
cold_hot,q11,5,PROJECTION,9.249486
cold_hot,q11,5,RESULT_COLLECTOR,0.009348
cold_hot,q11,5,RESULT_COLLECTOR,0.004824
cold_hot,q11,5,RESULT_COLLECTOR,0.023361
cold_hot,q11,5,SORT_PARTITION,0.00733
cold_hot,q11,5,SORT_PARTITION,0.005467
cold_hot,q11,5,SORT_PARTITION,0.008401
cold_hot,q11,5,SORT_SAMPLE,0.012724
cold_hot,q11,5,SORT_SAMPLE,0.012183
cold_hot,q11,5,SORT_SAMPLE,0.015165
cold_hot,q11,5,UNGROUPED_AGGREGATE,6.947853
cold_hot,q11,5,UNGROUPED_AGGREGATE,3.323629
cold_hot,q11,5,UNGROUPED_AGGREGATE,1.071486
cold_hot,q11,6,CONCAT,0.532006
cold_hot,q11,6,CONCAT,0.38842499999999996
cold_hot,q11,6,CONCAT,0.24118399999999998
cold_hot,q11,6,CTE,0.034954
cold_hot,q11,6,CTE,0.034667
cold_hot,q11,6,CTE,0.009904
cold_hot,q11,6,DYNAMIC_FILTER,0.101275
cold_hot,q11,6,DYNAMIC_FILTER,0.093642
cold_hot,q11,6,DYNAMIC_FILTER,0.093879
cold_hot,q11,6,GPU_SCAN,1121.3662160000001
cold_hot,q11,6,GPU_SCAN,1126.814612
cold_hot,q11,6,GPU_SCAN,1117.3850579999998
cold_hot,q11,6,HASH_GROUP_BY,10.403944
cold_hot,q11,6,HASH_GROUP_BY,4.877883
cold_hot,q11,6,HASH_GROUP_BY,5.134636
cold_hot,q11,6,HASH_JOIN,32.95221
cold_hot,q11,6,HASH_JOIN,38.90364700000001
cold_hot,q11,6,HASH_JOIN,38.431205
cold_hot,q11,6,MERGE_AGGREGATE,0.260451
cold_hot,q11,6,MERGE_AGGREGATE,5.2661489999999995
cold_hot,q11,6,MERGE_AGGREGATE,0.347227
cold_hot,q11,6,MERGE_GROUP_BY,2.864445
cold_hot,q11,6,MERGE_GROUP_BY,2.819043
cold_hot,q11,6,MERGE_GROUP_BY,2.648762
cold_hot,q11,6,MERGE_SORT,0.009088
cold_hot,q11,6,MERGE_SORT,0.007683
cold_hot,q11,6,MERGE_SORT,0.009477
cold_hot,q11,6,NESTED_LOOP_JOIN,0.452034
cold_hot,q11,6,NESTED_LOOP_JOIN,0.288204
cold_hot,q11,6,NESTED_LOOP_JOIN,0.297951
cold_hot,q11,6,ORDER_BY,0.015223
cold_hot,q11,6,ORDER_BY,0.015097
cold_hot,q11,6,ORDER_BY,0.015167
cold_hot,q11,6,PARTITION,0.16651
cold_hot,q11,6,PARTITION,0.24852199999999997
cold_hot,q11,6,PARTITION,0.191946
cold_hot,q11,6,PROJECTION,2.394722
cold_hot,q11,6,PROJECTION,2.7385770000000003
cold_hot,q11,6,PROJECTION,1.837802
cold_hot,q11,6,RESULT_COLLECTOR,0.007648
cold_hot,q11,6,RESULT_COLLECTOR,0.019296
cold_hot,q11,6,RESULT_COLLECTOR,0.007115
cold_hot,q11,6,SORT_PARTITION,0.006528
cold_hot,q11,6,SORT_PARTITION,0.006141
cold_hot,q11,6,SORT_PARTITION,0.008544
cold_hot,q11,6,SORT_SAMPLE,0.016102
cold_hot,q11,6,SORT_SAMPLE,0.01648
cold_hot,q11,6,SORT_SAMPLE,0.020506
cold_hot,q11,6,UNGROUPED_AGGREGATE,6.667919
cold_hot,q11,6,UNGROUPED_AGGREGATE,1.3159640000000001
cold_hot,q11,6,UNGROUPED_AGGREGATE,3.104001
cold_hot,q11,7,CONCAT,0.200253
cold_hot,q11,7,CONCAT,0.28744299999999995
cold_hot,q11,7,CONCAT,0.147656
cold_hot,q11,7,CTE,0.011331
cold_hot,q11,7,CTE,0.023062
cold_hot,q11,7,CTE,0.008706
cold_hot,q11,7,DYNAMIC_FILTER,0.103072
cold_hot,q11,7,DYNAMIC_FILTER,0.136331
cold_hot,q11,7,DYNAMIC_FILTER,0.095386
cold_hot,q11,7,GPU_SCAN,1122.785426
cold_hot,q11,7,GPU_SCAN,1145.3003919999999
cold_hot,q11,7,GPU_SCAN,1162.143286
cold_hot,q11,7,HASH_GROUP_BY,2.1556819999999997
cold_hot,q11,7,HASH_GROUP_BY,10.28898
cold_hot,q11,7,HASH_GROUP_BY,10.203985000000001
cold_hot,q11,7,HASH_JOIN,39.385262000000004
cold_hot,q11,7,HASH_JOIN,32.94231
cold_hot,q11,7,HASH_JOIN,32.803332
cold_hot,q11,7,MERGE_AGGREGATE,0.698625
cold_hot,q11,7,MERGE_AGGREGATE,5.474882
cold_hot,q11,7,MERGE_AGGREGATE,0.295192
cold_hot,q11,7,MERGE_GROUP_BY,3.0451
cold_hot,q11,7,MERGE_GROUP_BY,2.80445
cold_hot,q11,7,MERGE_GROUP_BY,2.661056
cold_hot,q11,7,MERGE_SORT,0.006841
cold_hot,q11,7,MERGE_SORT,0.009094
cold_hot,q11,7,MERGE_SORT,0.005992
cold_hot,q11,7,NESTED_LOOP_JOIN,0.538873
cold_hot,q11,7,NESTED_LOOP_JOIN,0.417386
cold_hot,q11,7,NESTED_LOOP_JOIN,0.300951
cold_hot,q11,7,ORDER_BY,0.043417
cold_hot,q11,7,ORDER_BY,0.021919
cold_hot,q11,7,ORDER_BY,0.020322
cold_hot,q11,7,PARTITION,0.20183900000000002
cold_hot,q11,7,PARTITION,0.188121
cold_hot,q11,7,PARTITION,0.151771
cold_hot,q11,7,PROJECTION,2.2399009999999997
cold_hot,q11,7,PROJECTION,2.3278589999999997
cold_hot,q11,7,PROJECTION,2.387688
cold_hot,q11,7,RESULT_COLLECTOR,0.006904
cold_hot,q11,7,RESULT_COLLECTOR,0.007144
cold_hot,q11,7,RESULT_COLLECTOR,0.005281
cold_hot,q11,7,SORT_PARTITION,0.004997
cold_hot,q11,7,SORT_PARTITION,0.01026
cold_hot,q11,7,SORT_PARTITION,0.005473
cold_hot,q11,7,SORT_SAMPLE,0.012246
cold_hot,q11,7,SORT_SAMPLE,0.020543
cold_hot,q11,7,SORT_SAMPLE,0.010138
cold_hot,q11,7,UNGROUPED_AGGREGATE,6.500807
cold_hot,q11,7,UNGROUPED_AGGREGATE,1.408487
cold_hot,q11,7,UNGROUPED_AGGREGATE,6.174798999999999
cold_hot,q11,8,CONCAT,0.269902
cold_hot,q11,8,CONCAT,0.3247109999999999
cold_hot,q11,8,CONCAT,0.457853
cold_hot,q11,8,CTE,0.02878
cold_hot,q11,8,CTE,0.030651
cold_hot,q11,8,CTE,0.022125
cold_hot,q11,8,DYNAMIC_FILTER,0.103097
cold_hot,q11,8,DYNAMIC_FILTER,0.142077
cold_hot,q11,8,DYNAMIC_FILTER,0.105825
cold_hot,q11,8,GPU_SCAN,1091.133426
cold_hot,q11,8,GPU_SCAN,1163.630723
cold_hot,q11,8,GPU_SCAN,1152.382405
cold_hot,q11,8,HASH_GROUP_BY,13.686164
cold_hot,q11,8,HASH_GROUP_BY,10.11509
cold_hot,q11,8,HASH_GROUP_BY,11.09153
cold_hot,q11,8,HASH_JOIN,28.286603
cold_hot,q11,8,HASH_JOIN,33.496715
cold_hot,q11,8,HASH_JOIN,35.691615
cold_hot,q11,8,MERGE_AGGREGATE,0.9403830000000001
cold_hot,q11,8,MERGE_AGGREGATE,3.294398
cold_hot,q11,8,MERGE_AGGREGATE,0.329399
cold_hot,q11,8,MERGE_GROUP_BY,2.864237
cold_hot,q11,8,MERGE_GROUP_BY,2.614716
cold_hot,q11,8,MERGE_GROUP_BY,2.761597
cold_hot,q11,8,MERGE_SORT,0.006449
cold_hot,q11,8,MERGE_SORT,0.006219
cold_hot,q11,8,MERGE_SORT,0.006426
cold_hot,q11,8,NESTED_LOOP_JOIN,0.266076
cold_hot,q11,8,NESTED_LOOP_JOIN,0.330263
cold_hot,q11,8,NESTED_LOOP_JOIN,0.341565
cold_hot,q11,8,ORDER_BY,0.013074
cold_hot,q11,8,ORDER_BY,0.016887
cold_hot,q11,8,ORDER_BY,0.0166
cold_hot,q11,8,PARTITION,0.200018
cold_hot,q11,8,PARTITION,0.246134
cold_hot,q11,8,PARTITION,0.192389
cold_hot,q11,8,PROJECTION,2.491383
cold_hot,q11,8,PROJECTION,1.2131689999999997
cold_hot,q11,8,PROJECTION,2.236398
cold_hot,q11,8,RESULT_COLLECTOR,0.006378
cold_hot,q11,8,RESULT_COLLECTOR,0.005536
cold_hot,q11,8,RESULT_COLLECTOR,0.009721
cold_hot,q11,8,SORT_PARTITION,0.013017
cold_hot,q11,8,SORT_PARTITION,0.005204
cold_hot,q11,8,SORT_PARTITION,0.005482
cold_hot,q11,8,SORT_SAMPLE,0.02365
cold_hot,q11,8,SORT_SAMPLE,0.013924
cold_hot,q11,8,SORT_SAMPLE,0.016044
cold_hot,q11,8,UNGROUPED_AGGREGATE,6.581952
cold_hot,q11,8,UNGROUPED_AGGREGATE,3.317791
cold_hot,q11,8,UNGROUPED_AGGREGATE,6.97043
cold_hot,q11,9,CONCAT,0.300239
cold_hot,q11,9,CONCAT,0.267935
cold_hot,q11,9,CONCAT,0.21615800000000002
cold_hot,q11,9,CTE,0.029322
cold_hot,q11,9,CTE,0.03039
cold_hot,q11,9,CTE,0.009845
cold_hot,q11,9,DYNAMIC_FILTER,0.106775
cold_hot,q11,9,DYNAMIC_FILTER,0.112269
cold_hot,q11,9,DYNAMIC_FILTER,0.097932
cold_hot,q11,9,GPU_SCAN,1171.068264
cold_hot,q11,9,GPU_SCAN,1174.145828
cold_hot,q11,9,GPU_SCAN,1133.493012
cold_hot,q11,9,HASH_GROUP_BY,2.0021079999999998
cold_hot,q11,9,HASH_GROUP_BY,10.059959
cold_hot,q11,9,HASH_GROUP_BY,10.051335
cold_hot,q11,9,HASH_JOIN,35.047683
cold_hot,q11,9,HASH_JOIN,38.418286
cold_hot,q11,9,HASH_JOIN,32.157754000000004
cold_hot,q11,9,MERGE_AGGREGATE,0.544784
cold_hot,q11,9,MERGE_AGGREGATE,0.710581
cold_hot,q11,9,MERGE_AGGREGATE,0.220188
cold_hot,q11,9,MERGE_GROUP_BY,2.65183
cold_hot,q11,9,MERGE_GROUP_BY,2.829985
cold_hot,q11,9,MERGE_GROUP_BY,2.990354
cold_hot,q11,9,MERGE_SORT,0.006684
cold_hot,q11,9,MERGE_SORT,0.006591
cold_hot,q11,9,MERGE_SORT,0.008086
cold_hot,q11,9,NESTED_LOOP_JOIN,0.278126
cold_hot,q11,9,NESTED_LOOP_JOIN,0.27218
cold_hot,q11,9,NESTED_LOOP_JOIN,0.255801
cold_hot,q11,9,ORDER_BY,0.016403
cold_hot,q11,9,ORDER_BY,0.0134
cold_hot,q11,9,ORDER_BY,0.014826
cold_hot,q11,9,PARTITION,0.302717
cold_hot,q11,9,PARTITION,0.18037899999999998
cold_hot,q11,9,PARTITION,0.155502
cold_hot,q11,9,PROJECTION,5.0177190000000005
cold_hot,q11,9,PROJECTION,3.693734
cold_hot,q11,9,PROJECTION,1.1012870000000001
cold_hot,q11,9,RESULT_COLLECTOR,0.006686
cold_hot,q11,9,RESULT_COLLECTOR,0.005752
cold_hot,q11,9,RESULT_COLLECTOR,0.007367
cold_hot,q11,9,SORT_PARTITION,0.009116
cold_hot,q11,9,SORT_PARTITION,0.00752
cold_hot,q11,9,SORT_PARTITION,0.014415
cold_hot,q11,9,SORT_SAMPLE,0.011661
cold_hot,q11,9,SORT_SAMPLE,0.012198
cold_hot,q11,9,SORT_SAMPLE,0.027676
cold_hot,q11,9,UNGROUPED_AGGREGATE,6.252325
cold_hot,q11,9,UNGROUPED_AGGREGATE,4.585436
cold_hot,q11,9,UNGROUPED_AGGREGATE,7.323831
cold_hot,q11,10,CONCAT,0.32525000000000004
cold_hot,q11,10,CONCAT,0.14840699999999998
cold_hot,q11,10,CONCAT,0.331042
cold_hot,q11,10,CTE,0.032823
cold_hot,q11,10,CTE,0.010439
cold_hot,q11,10,CTE,0.010365
cold_hot,q11,10,DYNAMIC_FILTER,0.247815
cold_hot,q11,10,DYNAMIC_FILTER,0.099919
cold_hot,q11,10,DYNAMIC_FILTER,0.105045
cold_hot,q11,10,GPU_SCAN,1135.195151
cold_hot,q11,10,GPU_SCAN,1138.1643370000002
cold_hot,q11,10,GPU_SCAN,1147.844435
cold_hot,q11,10,HASH_GROUP_BY,10.171299
cold_hot,q11,10,HASH_GROUP_BY,3.639049
cold_hot,q11,10,HASH_GROUP_BY,10.235878
cold_hot,q11,10,HASH_JOIN,32.551406
cold_hot,q11,10,HASH_JOIN,90.036247
cold_hot,q11,10,HASH_JOIN,32.39634100000001
cold_hot,q11,10,MERGE_AGGREGATE,1.103458
cold_hot,q11,10,MERGE_AGGREGATE,0.6828949999999999
cold_hot,q11,10,MERGE_AGGREGATE,0.36207100000000003
cold_hot,q11,10,MERGE_GROUP_BY,2.931742
cold_hot,q11,10,MERGE_GROUP_BY,2.713502
cold_hot,q11,10,MERGE_GROUP_BY,2.678561
cold_hot,q11,10,MERGE_SORT,0.006349
cold_hot,q11,10,MERGE_SORT,0.009775
cold_hot,q11,10,MERGE_SORT,0.00934
cold_hot,q11,10,NESTED_LOOP_JOIN,0.279328
cold_hot,q11,10,NESTED_LOOP_JOIN,0.283914
cold_hot,q11,10,NESTED_LOOP_JOIN,0.317684
cold_hot,q11,10,ORDER_BY,0.016173
cold_hot,q11,10,ORDER_BY,0.012658
cold_hot,q11,10,ORDER_BY,0.019338
cold_hot,q11,10,PARTITION,0.254712
cold_hot,q11,10,PARTITION,0.153405
cold_hot,q11,10,PARTITION,0.18614999999999995
cold_hot,q11,10,PROJECTION,1.6305390000000002
cold_hot,q11,10,PROJECTION,3.7362640000000007
cold_hot,q11,10,PROJECTION,6.018140000000001
cold_hot,q11,10,RESULT_COLLECTOR,0.00737
cold_hot,q11,10,RESULT_COLLECTOR,0.00895
cold_hot,q11,10,RESULT_COLLECTOR,0.006708
cold_hot,q11,10,SORT_PARTITION,0.007072
cold_hot,q11,10,SORT_PARTITION,0.005611
cold_hot,q11,10,SORT_PARTITION,0.007353
cold_hot,q11,10,SORT_SAMPLE,0.011836
cold_hot,q11,10,SORT_SAMPLE,0.012362
cold_hot,q11,10,SORT_SAMPLE,0.014462
cold_hot,q11,10,UNGROUPED_AGGREGATE,6.136646
cold_hot,q11,10,UNGROUPED_AGGREGATE,1.3672689999999998
cold_hot,q11,10,UNGROUPED_AGGREGATE,6.262995
cold_hot,q12,1,CONCAT,1.4416820000000001
cold_hot,q12,1,CONCAT,1.762811
cold_hot,q12,1,CONCAT,1.3932039999999999
cold_hot,q12,1,DYNAMIC_FILTER,7.688445
cold_hot,q12,1,DYNAMIC_FILTER,9.979555999999999
cold_hot,q12,1,DYNAMIC_FILTER,7.904907000000001
cold_hot,q12,1,FILTER,52.01099799999999
cold_hot,q12,1,FILTER,58.48888599999999
cold_hot,q12,1,FILTER,38.033179
cold_hot,q12,1,GPU_SCAN,3972.390476
cold_hot,q12,1,GPU_SCAN,4003.5087959999996
cold_hot,q12,1,GPU_SCAN,3780.38338
cold_hot,q12,1,HASH_GROUP_BY,1.987898
cold_hot,q12,1,HASH_GROUP_BY,1.242934
cold_hot,q12,1,HASH_GROUP_BY,1.190446
cold_hot,q12,1,HASH_JOIN,2.053105
cold_hot,q12,1,HASH_JOIN,2.247911
cold_hot,q12,1,HASH_JOIN,2.122839
cold_hot,q12,1,MERGE_GROUP_BY,0.066297
cold_hot,q12,1,MERGE_GROUP_BY,0.011907
cold_hot,q12,1,MERGE_GROUP_BY,0.011054
cold_hot,q12,1,MERGE_SORT,0.485435
cold_hot,q12,1,MERGE_SORT,0.293052
cold_hot,q12,1,MERGE_SORT,0.349491
cold_hot,q12,1,ORDER_BY,0.629512
cold_hot,q12,1,ORDER_BY,0.227991
cold_hot,q12,1,ORDER_BY,0.209916
cold_hot,q12,1,PARTITION,0.44780700000000007
cold_hot,q12,1,PARTITION,0.8056479999999998
cold_hot,q12,1,PARTITION,0.639167
cold_hot,q12,1,PROJECTION,0.615452
cold_hot,q12,1,PROJECTION,0.575171
cold_hot,q12,1,PROJECTION,0.542645
cold_hot,q12,1,RESULT_COLLECTOR,0.542472
cold_hot,q12,1,RESULT_COLLECTOR,0.209327
cold_hot,q12,1,RESULT_COLLECTOR,0.152939
cold_hot,q12,1,SORT_PARTITION,0.269125
cold_hot,q12,1,SORT_PARTITION,0.214121
cold_hot,q12,1,SORT_PARTITION,0.192079
cold_hot,q12,1,SORT_SAMPLE,0.260528
cold_hot,q12,1,SORT_SAMPLE,0.098557
cold_hot,q12,1,SORT_SAMPLE,0.088907
cold_hot,q12,2,CONCAT,1.216054
cold_hot,q12,2,CONCAT,1.373413
cold_hot,q12,2,CONCAT,1.290928
cold_hot,q12,2,DYNAMIC_FILTER,9.480275
cold_hot,q12,2,DYNAMIC_FILTER,8.54464
cold_hot,q12,2,DYNAMIC_FILTER,6.814486
cold_hot,q12,2,FILTER,47.119558999999995
cold_hot,q12,2,FILTER,63.916306000000006
cold_hot,q12,2,FILTER,60.86855
cold_hot,q12,2,GPU_SCAN,3949.8386850000006
cold_hot,q12,2,GPU_SCAN,4119.229832999999
cold_hot,q12,2,GPU_SCAN,4081.744473000001
cold_hot,q12,2,HASH_GROUP_BY,1.120177
cold_hot,q12,2,HASH_GROUP_BY,1.106025
cold_hot,q12,2,HASH_GROUP_BY,1.078582
cold_hot,q12,2,HASH_JOIN,2.011003
cold_hot,q12,2,HASH_JOIN,2.409027
cold_hot,q12,2,HASH_JOIN,2.013393
cold_hot,q12,2,MERGE_GROUP_BY,0.027436
cold_hot,q12,2,MERGE_GROUP_BY,0.025574
cold_hot,q12,2,MERGE_GROUP_BY,0.017348
cold_hot,q12,2,MERGE_SORT,0.186902
cold_hot,q12,2,MERGE_SORT,0.206242
cold_hot,q12,2,MERGE_SORT,0.694755
cold_hot,q12,2,ORDER_BY,0.17107
cold_hot,q12,2,ORDER_BY,0.155582
cold_hot,q12,2,ORDER_BY,0.2055
cold_hot,q12,2,PARTITION,0.3636999999999999
cold_hot,q12,2,PARTITION,0.864644
cold_hot,q12,2,PARTITION,0.36321600000000004
cold_hot,q12,2,PROJECTION,0.509185
cold_hot,q12,2,PROJECTION,0.737472
cold_hot,q12,2,PROJECTION,0.472816
cold_hot,q12,2,RESULT_COLLECTOR,0.306097
cold_hot,q12,2,RESULT_COLLECTOR,0.359357
cold_hot,q12,2,RESULT_COLLECTOR,0.285417
cold_hot,q12,2,SORT_PARTITION,0.161933
cold_hot,q12,2,SORT_PARTITION,0.167035
cold_hot,q12,2,SORT_PARTITION,0.150804
cold_hot,q12,2,SORT_SAMPLE,0.075723
cold_hot,q12,2,SORT_SAMPLE,0.071277
cold_hot,q12,2,SORT_SAMPLE,0.067061
cold_hot,q12,3,CONCAT,1.359791
cold_hot,q12,3,CONCAT,1.298919
cold_hot,q12,3,CONCAT,1.328389
cold_hot,q12,3,DYNAMIC_FILTER,7.953240999999999
cold_hot,q12,3,DYNAMIC_FILTER,6.614699999999999
cold_hot,q12,3,DYNAMIC_FILTER,8.820219
cold_hot,q12,3,FILTER,62.197230999999995
cold_hot,q12,3,FILTER,73.02776
cold_hot,q12,3,FILTER,65.775009
cold_hot,q12,3,GPU_SCAN,4138.650874
cold_hot,q12,3,GPU_SCAN,4229.050067
cold_hot,q12,3,GPU_SCAN,4177.539161
cold_hot,q12,3,HASH_GROUP_BY,1.221281
cold_hot,q12,3,HASH_GROUP_BY,1.232063
cold_hot,q12,3,HASH_GROUP_BY,1.19171
cold_hot,q12,3,HASH_JOIN,2.050671
cold_hot,q12,3,HASH_JOIN,2.085009
cold_hot,q12,3,HASH_JOIN,2.137341
cold_hot,q12,3,MERGE_GROUP_BY,0.025514
cold_hot,q12,3,MERGE_GROUP_BY,0.007972
cold_hot,q12,3,MERGE_GROUP_BY,0.013644
cold_hot,q12,3,MERGE_SORT,0.258303
cold_hot,q12,3,MERGE_SORT,0.229006
cold_hot,q12,3,MERGE_SORT,0.234952
cold_hot,q12,3,ORDER_BY,0.199178
cold_hot,q12,3,ORDER_BY,0.157741
cold_hot,q12,3,ORDER_BY,0.167588
cold_hot,q12,3,PARTITION,0.501251
cold_hot,q12,3,PARTITION,0.404538
cold_hot,q12,3,PARTITION,0.403204
cold_hot,q12,3,PROJECTION,0.537787
cold_hot,q12,3,PROJECTION,0.748243
cold_hot,q12,3,PROJECTION,0.544636
cold_hot,q12,3,RESULT_COLLECTOR,0.271364
cold_hot,q12,3,RESULT_COLLECTOR,0.14592
cold_hot,q12,3,RESULT_COLLECTOR,0.199264
cold_hot,q12,3,SORT_PARTITION,0.189293
cold_hot,q12,3,SORT_PARTITION,0.174347
cold_hot,q12,3,SORT_PARTITION,0.195643
cold_hot,q12,3,SORT_SAMPLE,0.090236
cold_hot,q12,3,SORT_SAMPLE,0.131661
cold_hot,q12,3,SORT_SAMPLE,0.077593
cold_hot,q12,4,CONCAT,1.317573
cold_hot,q12,4,CONCAT,1.247884
cold_hot,q12,4,CONCAT,1.7813539999999999
cold_hot,q12,4,DYNAMIC_FILTER,8.010576
cold_hot,q12,4,DYNAMIC_FILTER,8.971771
cold_hot,q12,4,DYNAMIC_FILTER,6.432075
cold_hot,q12,4,FILTER,39.790057999999995
cold_hot,q12,4,FILTER,50.71165400000001
cold_hot,q12,4,FILTER,65.59275000000001
cold_hot,q12,4,GPU_SCAN,3798.4348240000004
cold_hot,q12,4,GPU_SCAN,4143.31809
cold_hot,q12,4,GPU_SCAN,4049.5427250000002
cold_hot,q12,4,HASH_GROUP_BY,1.144002
cold_hot,q12,4,HASH_GROUP_BY,1.103216
cold_hot,q12,4,HASH_GROUP_BY,1.108749
cold_hot,q12,4,HASH_JOIN,2.119283
cold_hot,q12,4,HASH_JOIN,2.052715
cold_hot,q12,4,HASH_JOIN,2.047655
cold_hot,q12,4,MERGE_GROUP_BY,0.011013
cold_hot,q12,4,MERGE_GROUP_BY,0.007756
cold_hot,q12,4,MERGE_GROUP_BY,0.029483
cold_hot,q12,4,MERGE_SORT,0.221698
cold_hot,q12,4,MERGE_SORT,0.204163
cold_hot,q12,4,MERGE_SORT,0.212694
cold_hot,q12,4,ORDER_BY,0.176007
cold_hot,q12,4,ORDER_BY,0.153222
cold_hot,q12,4,ORDER_BY,0.166045
cold_hot,q12,4,PARTITION,0.43958400000000014
cold_hot,q12,4,PARTITION,0.4454319999999999
cold_hot,q12,4,PARTITION,0.47153799999999985
cold_hot,q12,4,PROJECTION,0.514177
cold_hot,q12,4,PROJECTION,0.504
cold_hot,q12,4,PROJECTION,0.506287
cold_hot,q12,4,RESULT_COLLECTOR,0.140398
cold_hot,q12,4,RESULT_COLLECTOR,0.107024
cold_hot,q12,4,RESULT_COLLECTOR,0.296067
cold_hot,q12,4,SORT_PARTITION,0.173899
cold_hot,q12,4,SORT_PARTITION,0.161217
cold_hot,q12,4,SORT_PARTITION,0.17091
cold_hot,q12,4,SORT_SAMPLE,0.08492
cold_hot,q12,4,SORT_SAMPLE,0.075897
cold_hot,q12,4,SORT_SAMPLE,0.077557
cold_hot,q12,5,CONCAT,1.301952
cold_hot,q12,5,CONCAT,1.254711
cold_hot,q12,5,CONCAT,1.767323
cold_hot,q12,5,DYNAMIC_FILTER,7.6290450000000005
cold_hot,q12,5,DYNAMIC_FILTER,9.257233999999999
cold_hot,q12,5,DYNAMIC_FILTER,10.839516000000001
cold_hot,q12,5,FILTER,62.074811000000004
cold_hot,q12,5,FILTER,36.340734
cold_hot,q12,5,FILTER,55.827496999999994
cold_hot,q12,5,GPU_SCAN,4218.813091999999
cold_hot,q12,5,GPU_SCAN,3894.5029790000012
cold_hot,q12,5,GPU_SCAN,4136.391366999999
cold_hot,q12,5,HASH_GROUP_BY,1.16478
cold_hot,q12,5,HASH_GROUP_BY,1.067077
cold_hot,q12,5,HASH_GROUP_BY,1.068902
cold_hot,q12,5,HASH_JOIN,2.002444
cold_hot,q12,5,HASH_JOIN,1.987892
cold_hot,q12,5,HASH_JOIN,2.03751
cold_hot,q12,5,MERGE_GROUP_BY,0.00993
cold_hot,q12,5,MERGE_GROUP_BY,0.024208
cold_hot,q12,5,MERGE_GROUP_BY,0.018465
cold_hot,q12,5,MERGE_SORT,0.250372
cold_hot,q12,5,MERGE_SORT,0.239282
cold_hot,q12,5,MERGE_SORT,0.245523
cold_hot,q12,5,ORDER_BY,0.177447
cold_hot,q12,5,ORDER_BY,0.233378
cold_hot,q12,5,ORDER_BY,0.144191
cold_hot,q12,5,PARTITION,0.553156
cold_hot,q12,5,PARTITION,0.377035
cold_hot,q12,5,PARTITION,0.3315100000000001
cold_hot,q12,5,PROJECTION,0.552893
cold_hot,q12,5,PROJECTION,0.501785
cold_hot,q12,5,PROJECTION,0.495943
cold_hot,q12,5,RESULT_COLLECTOR,0.153781
cold_hot,q12,5,RESULT_COLLECTOR,0.256627
cold_hot,q12,5,RESULT_COLLECTOR,0.144838
cold_hot,q12,5,SORT_PARTITION,0.195022
cold_hot,q12,5,SORT_PARTITION,0.157024
cold_hot,q12,5,SORT_PARTITION,0.160468
cold_hot,q12,5,SORT_SAMPLE,0.080462
cold_hot,q12,5,SORT_SAMPLE,0.073164
cold_hot,q12,5,SORT_SAMPLE,0.066995
cold_hot,q12,6,CONCAT,1.393821
cold_hot,q12,6,CONCAT,1.716443
cold_hot,q12,6,CONCAT,1.300852
cold_hot,q12,6,DYNAMIC_FILTER,8.158992999999999
cold_hot,q12,6,DYNAMIC_FILTER,7.953452
cold_hot,q12,6,DYNAMIC_FILTER,8.435086
cold_hot,q12,6,FILTER,55.27374899999999
cold_hot,q12,6,FILTER,69.24503999999999
cold_hot,q12,6,FILTER,71.92832600000001
cold_hot,q12,6,GPU_SCAN,3911.981709
cold_hot,q12,6,GPU_SCAN,4076.8245139999995
cold_hot,q12,6,GPU_SCAN,4031.652426000001
cold_hot,q12,6,HASH_GROUP_BY,1.092995
cold_hot,q12,6,HASH_GROUP_BY,1.216471
cold_hot,q12,6,HASH_GROUP_BY,1.277256
cold_hot,q12,6,HASH_JOIN,2.073569
cold_hot,q12,6,HASH_JOIN,2.151619
cold_hot,q12,6,HASH_JOIN,2.43073
cold_hot,q12,6,MERGE_GROUP_BY,0.044405
cold_hot,q12,6,MERGE_GROUP_BY,0.036471
cold_hot,q12,6,MERGE_GROUP_BY,0.010004
cold_hot,q12,6,MERGE_SORT,0.196274
cold_hot,q12,6,MERGE_SORT,0.289798
cold_hot,q12,6,MERGE_SORT,0.203256
cold_hot,q12,6,ORDER_BY,0.214579
cold_hot,q12,6,ORDER_BY,0.168216
cold_hot,q12,6,ORDER_BY,0.166265
cold_hot,q12,6,PARTITION,0.6856599999999999
cold_hot,q12,6,PARTITION,0.5899240000000002
cold_hot,q12,6,PARTITION,0.23501799999999998
cold_hot,q12,6,PROJECTION,0.488325
cold_hot,q12,6,PROJECTION,0.554238
cold_hot,q12,6,PROJECTION,0.785536
cold_hot,q12,6,RESULT_COLLECTOR,0.223776
cold_hot,q12,6,RESULT_COLLECTOR,0.225375
cold_hot,q12,6,RESULT_COLLECTOR,0.137375
cold_hot,q12,6,SORT_PARTITION,0.166543
cold_hot,q12,6,SORT_PARTITION,0.201996
cold_hot,q12,6,SORT_PARTITION,0.164172
cold_hot,q12,6,SORT_SAMPLE,0.085089
cold_hot,q12,6,SORT_SAMPLE,0.08032
cold_hot,q12,6,SORT_SAMPLE,0.081483
cold_hot,q12,7,CONCAT,1.293145
cold_hot,q12,7,CONCAT,1.883555
cold_hot,q12,7,CONCAT,1.362436
cold_hot,q12,7,DYNAMIC_FILTER,8.590831
cold_hot,q12,7,DYNAMIC_FILTER,11.341313000000001
cold_hot,q12,7,DYNAMIC_FILTER,6.515385
cold_hot,q12,7,FILTER,54.401651
cold_hot,q12,7,FILTER,67.294521
cold_hot,q12,7,FILTER,60.476426999999994
cold_hot,q12,7,GPU_SCAN,4047.7883919999995
cold_hot,q12,7,GPU_SCAN,4156.81961
cold_hot,q12,7,GPU_SCAN,3796.854921
cold_hot,q12,7,HASH_GROUP_BY,1.114225
cold_hot,q12,7,HASH_GROUP_BY,1.450292
cold_hot,q12,7,HASH_GROUP_BY,1.43015
cold_hot,q12,7,HASH_JOIN,2.341238
cold_hot,q12,7,HASH_JOIN,2.1032
cold_hot,q12,7,HASH_JOIN,2.639624
cold_hot,q12,7,MERGE_GROUP_BY,0.017169
cold_hot,q12,7,MERGE_GROUP_BY,0.034219
cold_hot,q12,7,MERGE_GROUP_BY,0.00841
cold_hot,q12,7,MERGE_SORT,0.202384
cold_hot,q12,7,MERGE_SORT,0.251999
cold_hot,q12,7,MERGE_SORT,0.509258
cold_hot,q12,7,ORDER_BY,0.195518
cold_hot,q12,7,ORDER_BY,0.612337
cold_hot,q12,7,ORDER_BY,0.18397
cold_hot,q12,7,PARTITION,0.3896330000000002
cold_hot,q12,7,PARTITION,0.541641
cold_hot,q12,7,PARTITION,1.6665960000000004
cold_hot,q12,7,PROJECTION,0.517987
cold_hot,q12,7,PROJECTION,0.545856
cold_hot,q12,7,PROJECTION,0.980514
cold_hot,q12,7,RESULT_COLLECTOR,0.119932
cold_hot,q12,7,RESULT_COLLECTOR,0.233693
cold_hot,q12,7,RESULT_COLLECTOR,0.151361
cold_hot,q12,7,SORT_PARTITION,0.192164
cold_hot,q12,7,SORT_PARTITION,0.216658
cold_hot,q12,7,SORT_PARTITION,0.188453
cold_hot,q12,7,SORT_SAMPLE,0.146352
cold_hot,q12,7,SORT_SAMPLE,0.108864
cold_hot,q12,7,SORT_SAMPLE,0.086971
cold_hot,q12,8,CONCAT,1.811466
cold_hot,q12,8,CONCAT,1.266535
cold_hot,q12,8,CONCAT,1.977617
cold_hot,q12,8,DYNAMIC_FILTER,7.41012
cold_hot,q12,8,DYNAMIC_FILTER,7.3493580000000005
cold_hot,q12,8,DYNAMIC_FILTER,8.019928
cold_hot,q12,8,FILTER,73.296352
cold_hot,q12,8,FILTER,34.50221400000001
cold_hot,q12,8,FILTER,47.974673
cold_hot,q12,8,GPU_SCAN,4134.094217000001
cold_hot,q12,8,GPU_SCAN,3863.2791700000002
cold_hot,q12,8,GPU_SCAN,3968.3727700000004
cold_hot,q12,8,HASH_GROUP_BY,1.210496
cold_hot,q12,8,HASH_GROUP_BY,1.173053
cold_hot,q12,8,HASH_GROUP_BY,1.353414
cold_hot,q12,8,HASH_JOIN,2.048039
cold_hot,q12,8,HASH_JOIN,2.055864
cold_hot,q12,8,HASH_JOIN,2.365914
cold_hot,q12,8,MERGE_GROUP_BY,0.024954
cold_hot,q12,8,MERGE_GROUP_BY,0.008874
cold_hot,q12,8,MERGE_GROUP_BY,0.017233
cold_hot,q12,8,MERGE_SORT,0.369801
cold_hot,q12,8,MERGE_SORT,0.19334
cold_hot,q12,8,MERGE_SORT,0.193574
cold_hot,q12,8,ORDER_BY,0.169732
cold_hot,q12,8,ORDER_BY,0.148438
cold_hot,q12,8,ORDER_BY,0.195913
cold_hot,q12,8,PARTITION,0.5494230000000001
cold_hot,q12,8,PARTITION,0.43535499999999994
cold_hot,q12,8,PARTITION,0.5402230000000001
cold_hot,q12,8,PROJECTION,0.544929
cold_hot,q12,8,PROJECTION,0.591048
cold_hot,q12,8,PROJECTION,0.710141
cold_hot,q12,8,RESULT_COLLECTOR,0.206277
cold_hot,q12,8,RESULT_COLLECTOR,0.122964
cold_hot,q12,8,RESULT_COLLECTOR,0.376443
cold_hot,q12,8,SORT_PARTITION,0.237371
cold_hot,q12,8,SORT_PARTITION,0.192656
cold_hot,q12,8,SORT_PARTITION,0.150555
cold_hot,q12,8,SORT_SAMPLE,0.201738
cold_hot,q12,8,SORT_SAMPLE,0.091258
cold_hot,q12,8,SORT_SAMPLE,0.070895
cold_hot,q12,9,CONCAT,1.778728
cold_hot,q12,9,CONCAT,1.333824
cold_hot,q12,9,CONCAT,1.423933
cold_hot,q12,9,DYNAMIC_FILTER,6.73011
cold_hot,q12,9,DYNAMIC_FILTER,8.800981
cold_hot,q12,9,DYNAMIC_FILTER,11.216315
cold_hot,q12,9,FILTER,53.129321
cold_hot,q12,9,FILTER,34.616713
cold_hot,q12,9,FILTER,39.38316999999999
cold_hot,q12,9,GPU_SCAN,3937.096878999999
cold_hot,q12,9,GPU_SCAN,3928.8702090000006
cold_hot,q12,9,GPU_SCAN,3829.310309000001
cold_hot,q12,9,HASH_GROUP_BY,1.114297
cold_hot,q12,9,HASH_GROUP_BY,1.138612
cold_hot,q12,9,HASH_GROUP_BY,1.156938
cold_hot,q12,9,HASH_JOIN,2.561331
cold_hot,q12,9,HASH_JOIN,2.118655
cold_hot,q12,9,HASH_JOIN,2.087148
cold_hot,q12,9,MERGE_GROUP_BY,0.008695
cold_hot,q12,9,MERGE_GROUP_BY,0.007206
cold_hot,q12,9,MERGE_GROUP_BY,0.01063
cold_hot,q12,9,MERGE_SORT,0.276927
cold_hot,q12,9,MERGE_SORT,0.20696
cold_hot,q12,9,MERGE_SORT,0.298757
cold_hot,q12,9,ORDER_BY,0.527292
cold_hot,q12,9,ORDER_BY,0.184434
cold_hot,q12,9,ORDER_BY,0.195116
cold_hot,q12,9,PARTITION,0.46833400000000003
cold_hot,q12,9,PARTITION,0.398558
cold_hot,q12,9,PARTITION,0.4180469999999999
cold_hot,q12,9,PROJECTION,0.865261
cold_hot,q12,9,PROJECTION,0.515737
cold_hot,q12,9,PROJECTION,0.553404
cold_hot,q12,9,RESULT_COLLECTOR,0.121889
cold_hot,q12,9,RESULT_COLLECTOR,0.128066
cold_hot,q12,9,RESULT_COLLECTOR,0.175318
cold_hot,q12,9,SORT_PARTITION,0.172624
cold_hot,q12,9,SORT_PARTITION,0.179121
cold_hot,q12,9,SORT_PARTITION,0.2034
cold_hot,q12,9,SORT_SAMPLE,0.087414
cold_hot,q12,9,SORT_SAMPLE,0.084814
cold_hot,q12,9,SORT_SAMPLE,0.098315
cold_hot,q12,10,CONCAT,1.857803
cold_hot,q12,10,CONCAT,1.362813
cold_hot,q12,10,CONCAT,1.265942
cold_hot,q12,10,DYNAMIC_FILTER,8.738731
cold_hot,q12,10,DYNAMIC_FILTER,6.645054
cold_hot,q12,10,DYNAMIC_FILTER,6.5640719999999995
cold_hot,q12,10,FILTER,54.56236199999999
cold_hot,q12,10,FILTER,53.08381399999998
cold_hot,q12,10,FILTER,45.244721
cold_hot,q12,10,GPU_SCAN,4136.824288
cold_hot,q12,10,GPU_SCAN,3842.155789
cold_hot,q12,10,GPU_SCAN,3872.021938
cold_hot,q12,10,HASH_GROUP_BY,1.138843
cold_hot,q12,10,HASH_GROUP_BY,1.099273
cold_hot,q12,10,HASH_GROUP_BY,1.118361
cold_hot,q12,10,HASH_JOIN,2.079174
cold_hot,q12,10,HASH_JOIN,2.069373
cold_hot,q12,10,HASH_JOIN,2.053035
cold_hot,q12,10,MERGE_GROUP_BY,0.024769
cold_hot,q12,10,MERGE_GROUP_BY,0.022386
cold_hot,q12,10,MERGE_GROUP_BY,0.055851
cold_hot,q12,10,MERGE_SORT,0.276956
cold_hot,q12,10,MERGE_SORT,0.206609
cold_hot,q12,10,MERGE_SORT,0.20109
cold_hot,q12,10,ORDER_BY,0.169135
cold_hot,q12,10,ORDER_BY,0.159887
cold_hot,q12,10,ORDER_BY,0.159299
cold_hot,q12,10,PARTITION,0.528903
cold_hot,q12,10,PARTITION,0.3085589999999999
cold_hot,q12,10,PARTITION,0.25197099999999995
cold_hot,q12,10,PROJECTION,0.516076
cold_hot,q12,10,PROJECTION,0.516872
cold_hot,q12,10,PROJECTION,0.504511
cold_hot,q12,10,RESULT_COLLECTOR,0.347606
cold_hot,q12,10,RESULT_COLLECTOR,0.148559
cold_hot,q12,10,RESULT_COLLECTOR,0.292537
cold_hot,q12,10,SORT_PARTITION,0.234149
cold_hot,q12,10,SORT_PARTITION,0.177697
cold_hot,q12,10,SORT_PARTITION,0.192966
cold_hot,q12,10,SORT_SAMPLE,0.078377
cold_hot,q12,10,SORT_SAMPLE,0.084527
cold_hot,q12,10,SORT_SAMPLE,0.147908
cold_hot,q13,1,CONCAT,19.994781999999997
cold_hot,q13,1,CONCAT,20.888673999999998
cold_hot,q13,1,CONCAT,20.817104
cold_hot,q13,1,GPU_SCAN,2037.443053
cold_hot,q13,1,GPU_SCAN,1992.8299859999997
cold_hot,q13,1,GPU_SCAN,1991.063521
cold_hot,q13,1,HASH_GROUP_BY,18.875695
cold_hot,q13,1,HASH_GROUP_BY,18.387477
cold_hot,q13,1,HASH_GROUP_BY,18.329604
cold_hot,q13,1,HASH_JOIN,121.169108
cold_hot,q13,1,HASH_JOIN,120.615321
cold_hot,q13,1,HASH_JOIN,120.835231
cold_hot,q13,1,MERGE_GROUP_BY,0.12227299999999999
cold_hot,q13,1,MERGE_GROUP_BY,0.096627
cold_hot,q13,1,MERGE_GROUP_BY,0.094619
cold_hot,q13,1,MERGE_SORT,0.009193
cold_hot,q13,1,MERGE_SORT,0.005871
cold_hot,q13,1,MERGE_SORT,0.00543
cold_hot,q13,1,ORDER_BY,0.512305
cold_hot,q13,1,ORDER_BY,0.435821
cold_hot,q13,1,ORDER_BY,0.194297
cold_hot,q13,1,PARTITION,0.263023
cold_hot,q13,1,PARTITION,0.12420900000000001
cold_hot,q13,1,PARTITION,0.18394200000000002
cold_hot,q13,1,PROJECTION,0.075804
cold_hot,q13,1,PROJECTION,0.027901000000000002
cold_hot,q13,1,PROJECTION,0.032489000000000004
cold_hot,q13,1,RESULT_COLLECTOR,0.350575
cold_hot,q13,1,RESULT_COLLECTOR,0.220715
cold_hot,q13,1,RESULT_COLLECTOR,0.232088
cold_hot,q13,1,SORT_PARTITION,0.010848
cold_hot,q13,1,SORT_PARTITION,0.005209
cold_hot,q13,1,SORT_PARTITION,0.005043
cold_hot,q13,1,SORT_SAMPLE,0.026398
cold_hot,q13,1,SORT_SAMPLE,0.005616
cold_hot,q13,1,SORT_SAMPLE,0.005942
cold_hot,q13,2,CONCAT,21.021466999999998
cold_hot,q13,2,CONCAT,20.44009
cold_hot,q13,2,CONCAT,20.640603000000002
cold_hot,q13,2,GPU_SCAN,1991.078371
cold_hot,q13,2,GPU_SCAN,2056.297766
cold_hot,q13,2,GPU_SCAN,2052.3628559999997
cold_hot,q13,2,HASH_GROUP_BY,18.502592999999997
cold_hot,q13,2,HASH_GROUP_BY,18.412481
cold_hot,q13,2,HASH_GROUP_BY,18.669241000000003
cold_hot,q13,2,HASH_JOIN,120.99726
cold_hot,q13,2,HASH_JOIN,120.952588
cold_hot,q13,2,HASH_JOIN,120.642699
cold_hot,q13,2,MERGE_GROUP_BY,0.051114
cold_hot,q13,2,MERGE_GROUP_BY,0.098205
cold_hot,q13,2,MERGE_GROUP_BY,0.073879
cold_hot,q13,2,MERGE_SORT,0.006021
cold_hot,q13,2,MERGE_SORT,0.006076
cold_hot,q13,2,MERGE_SORT,0.006466
cold_hot,q13,2,ORDER_BY,0.383942
cold_hot,q13,2,ORDER_BY,0.41602
cold_hot,q13,2,ORDER_BY,0.364183
cold_hot,q13,2,PARTITION,0.169037
cold_hot,q13,2,PARTITION,0.20510499999999998
cold_hot,q13,2,PARTITION,0.134725
cold_hot,q13,2,PROJECTION,0.073617
cold_hot,q13,2,PROJECTION,0.034057000000000004
cold_hot,q13,2,PROJECTION,0.040094
cold_hot,q13,2,RESULT_COLLECTOR,0.097293
cold_hot,q13,2,RESULT_COLLECTOR,0.196331
cold_hot,q13,2,RESULT_COLLECTOR,0.158482
cold_hot,q13,2,SORT_PARTITION,0.008785
cold_hot,q13,2,SORT_PARTITION,0.004999
cold_hot,q13,2,SORT_PARTITION,0.006669
cold_hot,q13,2,SORT_SAMPLE,0.012368
cold_hot,q13,2,SORT_SAMPLE,0.008032
cold_hot,q13,2,SORT_SAMPLE,0.00786
cold_hot,q13,3,CONCAT,20.943154
cold_hot,q13,3,CONCAT,20.664206
cold_hot,q13,3,CONCAT,21.013333
cold_hot,q13,3,GPU_SCAN,2003.958549
cold_hot,q13,3,GPU_SCAN,2028.091061
cold_hot,q13,3,GPU_SCAN,2029.45471
cold_hot,q13,3,HASH_GROUP_BY,18.82308
cold_hot,q13,3,HASH_GROUP_BY,18.162134000000002
cold_hot,q13,3,HASH_GROUP_BY,18.781075
cold_hot,q13,3,HASH_JOIN,120.800182
cold_hot,q13,3,HASH_JOIN,120.633468
cold_hot,q13,3,HASH_JOIN,120.633849
cold_hot,q13,3,MERGE_GROUP_BY,0.06251
cold_hot,q13,3,MERGE_GROUP_BY,0.011033000000000001
cold_hot,q13,3,MERGE_GROUP_BY,0.018933
cold_hot,q13,3,MERGE_SORT,0.007989
cold_hot,q13,3,MERGE_SORT,0.0055
cold_hot,q13,3,MERGE_SORT,0.007155
cold_hot,q13,3,ORDER_BY,0.213532
cold_hot,q13,3,ORDER_BY,0.190107
cold_hot,q13,3,ORDER_BY,0.203971
cold_hot,q13,3,PARTITION,0.125942
cold_hot,q13,3,PARTITION,0.164608
cold_hot,q13,3,PARTITION,0.135526
cold_hot,q13,3,PROJECTION,0.042145
cold_hot,q13,3,PROJECTION,0.022361
cold_hot,q13,3,PROJECTION,0.031824000000000005
cold_hot,q13,3,RESULT_COLLECTOR,0.110799
cold_hot,q13,3,RESULT_COLLECTOR,0.077763
cold_hot,q13,3,RESULT_COLLECTOR,0.100946
cold_hot,q13,3,SORT_PARTITION,0.007371
cold_hot,q13,3,SORT_PARTITION,0.004724
cold_hot,q13,3,SORT_PARTITION,0.005721
cold_hot,q13,3,SORT_SAMPLE,0.008826
cold_hot,q13,3,SORT_SAMPLE,0.00517
cold_hot,q13,3,SORT_SAMPLE,0.006357
cold_hot,q13,4,CONCAT,20.840767
cold_hot,q13,4,CONCAT,20.744349
cold_hot,q13,4,CONCAT,21.26598
cold_hot,q13,4,GPU_SCAN,2087.163025
cold_hot,q13,4,GPU_SCAN,2075.760846
cold_hot,q13,4,GPU_SCAN,2030.4285710000001
cold_hot,q13,4,HASH_GROUP_BY,18.683179000000003
cold_hot,q13,4,HASH_GROUP_BY,18.679923000000002
cold_hot,q13,4,HASH_GROUP_BY,18.958285999999998
cold_hot,q13,4,HASH_JOIN,120.877739
cold_hot,q13,4,HASH_JOIN,120.711642
cold_hot,q13,4,HASH_JOIN,120.787316
cold_hot,q13,4,MERGE_GROUP_BY,0.019951
cold_hot,q13,4,MERGE_GROUP_BY,0.057904
cold_hot,q13,4,MERGE_GROUP_BY,0.061827
cold_hot,q13,4,MERGE_SORT,0.006602
cold_hot,q13,4,MERGE_SORT,0.006624
cold_hot,q13,4,MERGE_SORT,0.007989
cold_hot,q13,4,ORDER_BY,0.216888
cold_hot,q13,4,ORDER_BY,0.388464
cold_hot,q13,4,ORDER_BY,0.475729
cold_hot,q13,4,PARTITION,0.16794199999999998
cold_hot,q13,4,PARTITION,0.17495400000000003
cold_hot,q13,4,PARTITION,0.10123999999999998
cold_hot,q13,4,PROJECTION,0.07109299999999999
cold_hot,q13,4,PROJECTION,0.057262
cold_hot,q13,4,PROJECTION,0.040365
cold_hot,q13,4,RESULT_COLLECTOR,0.077938
cold_hot,q13,4,RESULT_COLLECTOR,0.085751
cold_hot,q13,4,RESULT_COLLECTOR,0.105147
cold_hot,q13,4,SORT_PARTITION,0.009313
cold_hot,q13,4,SORT_PARTITION,0.009751
cold_hot,q13,4,SORT_PARTITION,0.005663
cold_hot,q13,4,SORT_SAMPLE,0.016325
cold_hot,q13,4,SORT_SAMPLE,0.013914
cold_hot,q13,4,SORT_SAMPLE,0.009427
cold_hot,q13,5,CONCAT,20.858022000000002
cold_hot,q13,5,CONCAT,20.540985000000003
cold_hot,q13,5,CONCAT,20.714575
cold_hot,q13,5,GPU_SCAN,2022.508002
cold_hot,q13,5,GPU_SCAN,2065.360759
cold_hot,q13,5,GPU_SCAN,2003.697517
cold_hot,q13,5,HASH_GROUP_BY,18.673232
cold_hot,q13,5,HASH_GROUP_BY,18.491618
cold_hot,q13,5,HASH_GROUP_BY,18.453173
cold_hot,q13,5,HASH_JOIN,120.852171
cold_hot,q13,5,HASH_JOIN,120.657715
cold_hot,q13,5,HASH_JOIN,120.638419
cold_hot,q13,5,MERGE_GROUP_BY,0.062219
cold_hot,q13,5,MERGE_GROUP_BY,0.051152
cold_hot,q13,5,MERGE_GROUP_BY,0.062995
cold_hot,q13,5,MERGE_SORT,0.005706
cold_hot,q13,5,MERGE_SORT,0.006145
cold_hot,q13,5,MERGE_SORT,0.005037
cold_hot,q13,5,ORDER_BY,0.199617
cold_hot,q13,5,ORDER_BY,0.202093
cold_hot,q13,5,ORDER_BY,0.398787
cold_hot,q13,5,PARTITION,0.19107200000000002
cold_hot,q13,5,PARTITION,0.100634
cold_hot,q13,5,PARTITION,0.138213
cold_hot,q13,5,PROJECTION,0.025353
cold_hot,q13,5,PROJECTION,0.027155000000000002
cold_hot,q13,5,PROJECTION,0.028932
cold_hot,q13,5,RESULT_COLLECTOR,0.191801
cold_hot,q13,5,RESULT_COLLECTOR,0.197659
cold_hot,q13,5,RESULT_COLLECTOR,0.175352
cold_hot,q13,5,SORT_PARTITION,0.006496
cold_hot,q13,5,SORT_PARTITION,0.011163
cold_hot,q13,5,SORT_PARTITION,0.004848
cold_hot,q13,5,SORT_SAMPLE,0.006443
cold_hot,q13,5,SORT_SAMPLE,0.006535
cold_hot,q13,5,SORT_SAMPLE,0.007979
cold_hot,q13,6,CONCAT,21.346944999999998
cold_hot,q13,6,CONCAT,20.670192999999998
cold_hot,q13,6,CONCAT,20.82885
cold_hot,q13,6,GPU_SCAN,2002.2734619999999
cold_hot,q13,6,GPU_SCAN,2063.436381
cold_hot,q13,6,GPU_SCAN,2006.3262049999998
cold_hot,q13,6,HASH_GROUP_BY,18.563532
cold_hot,q13,6,HASH_GROUP_BY,18.778648
cold_hot,q13,6,HASH_GROUP_BY,18.134477
cold_hot,q13,6,HASH_JOIN,120.594157
cold_hot,q13,6,HASH_JOIN,121.255496
cold_hot,q13,6,HASH_JOIN,120.634805
cold_hot,q13,6,MERGE_GROUP_BY,0.034509
cold_hot,q13,6,MERGE_GROUP_BY,0.064126
cold_hot,q13,6,MERGE_GROUP_BY,0.078342
cold_hot,q13,6,MERGE_SORT,0.005109
cold_hot,q13,6,MERGE_SORT,0.009427
cold_hot,q13,6,MERGE_SORT,0.006355
cold_hot,q13,6,ORDER_BY,0.184866
cold_hot,q13,6,ORDER_BY,0.237989
cold_hot,q13,6,ORDER_BY,0.387225
cold_hot,q13,6,PARTITION,0.11792099999999998
cold_hot,q13,6,PARTITION,0.156023
cold_hot,q13,6,PARTITION,0.265498
cold_hot,q13,6,PROJECTION,0.020446
cold_hot,q13,6,PROJECTION,0.061161999999999994
cold_hot,q13,6,PROJECTION,0.017317
cold_hot,q13,6,RESULT_COLLECTOR,0.177272
cold_hot,q13,6,RESULT_COLLECTOR,0.115866
cold_hot,q13,6,RESULT_COLLECTOR,0.179366
cold_hot,q13,6,SORT_PARTITION,0.004227
cold_hot,q13,6,SORT_PARTITION,0.013265
cold_hot,q13,6,SORT_PARTITION,0.008475
cold_hot,q13,6,SORT_SAMPLE,0.006284
cold_hot,q13,6,SORT_SAMPLE,0.013172
cold_hot,q13,6,SORT_SAMPLE,0.010109
cold_hot,q13,7,CONCAT,20.629279
cold_hot,q13,7,CONCAT,20.768376
cold_hot,q13,7,CONCAT,20.786882000000002
cold_hot,q13,7,GPU_SCAN,1988.809162
cold_hot,q13,7,GPU_SCAN,2063.113029
cold_hot,q13,7,GPU_SCAN,2059.013289
cold_hot,q13,7,HASH_GROUP_BY,18.93326
cold_hot,q13,7,HASH_GROUP_BY,18.676230999999998
cold_hot,q13,7,HASH_GROUP_BY,19.196630000000003
cold_hot,q13,7,HASH_JOIN,120.856154
cold_hot,q13,7,HASH_JOIN,121.105531
cold_hot,q13,7,HASH_JOIN,120.985407
cold_hot,q13,7,MERGE_GROUP_BY,0.027178
cold_hot,q13,7,MERGE_GROUP_BY,0.023199
cold_hot,q13,7,MERGE_GROUP_BY,0.069656
cold_hot,q13,7,MERGE_SORT,0.006106
cold_hot,q13,7,MERGE_SORT,0.014417
cold_hot,q13,7,MERGE_SORT,0.063099
cold_hot,q13,7,ORDER_BY,0.191666
cold_hot,q13,7,ORDER_BY,0.320525
cold_hot,q13,7,ORDER_BY,0.240616
cold_hot,q13,7,PARTITION,0.22226700000000002
cold_hot,q13,7,PARTITION,0.187364
cold_hot,q13,7,PARTITION,0.285964
cold_hot,q13,7,PROJECTION,0.056195999999999996
cold_hot,q13,7,PROJECTION,0.06241
cold_hot,q13,7,PROJECTION,0.074921
cold_hot,q13,7,RESULT_COLLECTOR,0.076398
cold_hot,q13,7,RESULT_COLLECTOR,0.161723
cold_hot,q13,7,RESULT_COLLECTOR,0.13298
cold_hot,q13,7,SORT_PARTITION,0.005639
cold_hot,q13,7,SORT_PARTITION,0.008442
cold_hot,q13,7,SORT_PARTITION,0.007411
cold_hot,q13,7,SORT_SAMPLE,0.005994
cold_hot,q13,7,SORT_SAMPLE,0.012414
cold_hot,q13,7,SORT_SAMPLE,0.00922
cold_hot,q13,8,CONCAT,21.24449
cold_hot,q13,8,CONCAT,20.821397
cold_hot,q13,8,CONCAT,21.262021
cold_hot,q13,8,GPU_SCAN,2013.574939
cold_hot,q13,8,GPU_SCAN,2052.60832
cold_hot,q13,8,GPU_SCAN,2001.009413
cold_hot,q13,8,HASH_GROUP_BY,18.86799
cold_hot,q13,8,HASH_GROUP_BY,18.660239
cold_hot,q13,8,HASH_GROUP_BY,18.517421
cold_hot,q13,8,HASH_JOIN,120.986245
cold_hot,q13,8,HASH_JOIN,120.612702
cold_hot,q13,8,HASH_JOIN,120.862219
cold_hot,q13,8,MERGE_GROUP_BY,0.06417300000000001
cold_hot,q13,8,MERGE_GROUP_BY,0.034463
cold_hot,q13,8,MERGE_GROUP_BY,0.019903999999999998
cold_hot,q13,8,MERGE_SORT,0.013507
cold_hot,q13,8,MERGE_SORT,0.005401
cold_hot,q13,8,MERGE_SORT,0.036946
cold_hot,q13,8,ORDER_BY,0.387582
cold_hot,q13,8,ORDER_BY,0.205886
cold_hot,q13,8,ORDER_BY,0.324028
cold_hot,q13,8,PARTITION,0.139736
cold_hot,q13,8,PARTITION,0.127034
cold_hot,q13,8,PARTITION,0.060293
cold_hot,q13,8,PROJECTION,0.0695
cold_hot,q13,8,PROJECTION,0.029407
cold_hot,q13,8,PROJECTION,0.026732
cold_hot,q13,8,RESULT_COLLECTOR,0.114015
cold_hot,q13,8,RESULT_COLLECTOR,0.178883
cold_hot,q13,8,RESULT_COLLECTOR,0.081386
cold_hot,q13,8,SORT_PARTITION,0.009354
cold_hot,q13,8,SORT_PARTITION,0.009162
cold_hot,q13,8,SORT_PARTITION,0.025547
cold_hot,q13,8,SORT_SAMPLE,0.009675
cold_hot,q13,8,SORT_SAMPLE,0.006056
cold_hot,q13,8,SORT_SAMPLE,0.041634
cold_hot,q13,9,CONCAT,20.858095000000002
cold_hot,q13,9,CONCAT,21.073888
cold_hot,q13,9,CONCAT,20.795937000000002
cold_hot,q13,9,GPU_SCAN,2025.639542
cold_hot,q13,9,GPU_SCAN,2089.8266089999997
cold_hot,q13,9,GPU_SCAN,2040.296003
cold_hot,q13,9,HASH_GROUP_BY,18.392847
cold_hot,q13,9,HASH_GROUP_BY,18.572447
cold_hot,q13,9,HASH_GROUP_BY,18.752901
cold_hot,q13,9,HASH_JOIN,120.80002
cold_hot,q13,9,HASH_JOIN,120.874652
cold_hot,q13,9,HASH_JOIN,120.836501
cold_hot,q13,9,MERGE_GROUP_BY,0.07169600000000001
cold_hot,q13,9,MERGE_GROUP_BY,0.078107
cold_hot,q13,9,MERGE_GROUP_BY,0.056398000000000004
cold_hot,q13,9,MERGE_SORT,0.011531
cold_hot,q13,9,MERGE_SORT,0.006578
cold_hot,q13,9,MERGE_SORT,0.006424
cold_hot,q13,9,ORDER_BY,0.339218
cold_hot,q13,9,ORDER_BY,0.403103
cold_hot,q13,9,ORDER_BY,0.308947
cold_hot,q13,9,PARTITION,0.15685500000000002
cold_hot,q13,9,PARTITION,0.159027
cold_hot,q13,9,PARTITION,0.17425
cold_hot,q13,9,PROJECTION,0.034505
cold_hot,q13,9,PROJECTION,0.032571
cold_hot,q13,9,PROJECTION,0.051729
cold_hot,q13,9,RESULT_COLLECTOR,0.191808
cold_hot,q13,9,RESULT_COLLECTOR,0.179122
cold_hot,q13,9,RESULT_COLLECTOR,0.092635
cold_hot,q13,9,SORT_PARTITION,0.004861
cold_hot,q13,9,SORT_PARTITION,0.005377
cold_hot,q13,9,SORT_PARTITION,0.020561
cold_hot,q13,9,SORT_SAMPLE,0.00578
cold_hot,q13,9,SORT_SAMPLE,0.006768
cold_hot,q13,9,SORT_SAMPLE,0.023652
cold_hot,q13,10,CONCAT,20.568281
cold_hot,q13,10,CONCAT,21.168906
cold_hot,q13,10,CONCAT,21.225788
cold_hot,q13,10,GPU_SCAN,2077.965596
cold_hot,q13,10,GPU_SCAN,2022.3196050000001
cold_hot,q13,10,GPU_SCAN,2021.5508050000003
cold_hot,q13,10,HASH_GROUP_BY,18.722959
cold_hot,q13,10,HASH_GROUP_BY,18.341225
cold_hot,q13,10,HASH_GROUP_BY,18.904316
cold_hot,q13,10,HASH_JOIN,120.719062
cold_hot,q13,10,HASH_JOIN,120.660861
cold_hot,q13,10,HASH_JOIN,120.947187
cold_hot,q13,10,MERGE_GROUP_BY,0.018469
cold_hot,q13,10,MERGE_GROUP_BY,0.071079
cold_hot,q13,10,MERGE_GROUP_BY,0.055159
cold_hot,q13,10,MERGE_SORT,0.005699
cold_hot,q13,10,MERGE_SORT,0.005956
cold_hot,q13,10,MERGE_SORT,0.008704
cold_hot,q13,10,ORDER_BY,0.190642
cold_hot,q13,10,ORDER_BY,0.585745
cold_hot,q13,10,ORDER_BY,0.402733
cold_hot,q13,10,PARTITION,0.23859999999999998
cold_hot,q13,10,PARTITION,0.129465
cold_hot,q13,10,PARTITION,0.168776
cold_hot,q13,10,PROJECTION,0.023612
cold_hot,q13,10,PROJECTION,0.028195
cold_hot,q13,10,PROJECTION,0.067743
cold_hot,q13,10,RESULT_COLLECTOR,0.076766
cold_hot,q13,10,RESULT_COLLECTOR,0.170193
cold_hot,q13,10,RESULT_COLLECTOR,0.088308
cold_hot,q13,10,SORT_PARTITION,0.005527
cold_hot,q13,10,SORT_PARTITION,0.005219
cold_hot,q13,10,SORT_PARTITION,0.00805
cold_hot,q13,10,SORT_SAMPLE,0.005987
cold_hot,q13,10,SORT_SAMPLE,0.006435
cold_hot,q13,10,SORT_SAMPLE,0.008665
cold_hot,q14,1,CONCAT,0.888007
cold_hot,q14,1,CONCAT,0.42988
cold_hot,q14,1,CONCAT,0.461754
cold_hot,q14,1,GPU_SCAN,5298.847380000001
cold_hot,q14,1,GPU_SCAN,5274.887945
cold_hot,q14,1,GPU_SCAN,5155.881901
cold_hot,q14,1,HASH_JOIN,11.291112
cold_hot,q14,1,HASH_JOIN,10.861328
cold_hot,q14,1,HASH_JOIN,10.700005
cold_hot,q14,1,MERGE_AGGREGATE,0.029863
cold_hot,q14,1,MERGE_AGGREGATE,0.01294
cold_hot,q14,1,MERGE_AGGREGATE,0.02619
cold_hot,q14,1,PARTITION,0.17036
cold_hot,q14,1,PARTITION,0.146705
cold_hot,q14,1,PARTITION,0.15481399999999998
cold_hot,q14,1,PROJECTION,7.872559
cold_hot,q14,1,PROJECTION,1.197691
cold_hot,q14,1,PROJECTION,1.535884
cold_hot,q14,1,RESULT_COLLECTOR,0.123672
cold_hot,q14,1,RESULT_COLLECTOR,0.081232
cold_hot,q14,1,RESULT_COLLECTOR,0.18047
cold_hot,q14,1,UNGROUPED_AGGREGATE,0.789417
cold_hot,q14,1,UNGROUPED_AGGREGATE,0.719022
cold_hot,q14,1,UNGROUPED_AGGREGATE,0.714668
cold_hot,q14,2,CONCAT,0.423759
cold_hot,q14,2,CONCAT,0.42818
cold_hot,q14,2,CONCAT,0.7784789999999999
cold_hot,q14,2,GPU_SCAN,5162.154517999999
cold_hot,q14,2,GPU_SCAN,5177.388414
cold_hot,q14,2,GPU_SCAN,5164.662818999999
cold_hot,q14,2,HASH_JOIN,11.12192
cold_hot,q14,2,HASH_JOIN,10.96954
cold_hot,q14,2,HASH_JOIN,11.057706
cold_hot,q14,2,MERGE_AGGREGATE,0.036935
cold_hot,q14,2,MERGE_AGGREGATE,0.01445
cold_hot,q14,2,MERGE_AGGREGATE,0.07122
cold_hot,q14,2,PARTITION,0.13563699999999998
cold_hot,q14,2,PARTITION,0.087397
cold_hot,q14,2,PARTITION,0.18854800000000002
cold_hot,q14,2,PROJECTION,1.586377
cold_hot,q14,2,PROJECTION,1.356698
cold_hot,q14,2,PROJECTION,1.6671740000000002
cold_hot,q14,2,RESULT_COLLECTOR,0.212405
cold_hot,q14,2,RESULT_COLLECTOR,0.084157
cold_hot,q14,2,RESULT_COLLECTOR,0.227215
cold_hot,q14,2,UNGROUPED_AGGREGATE,0.753717
cold_hot,q14,2,UNGROUPED_AGGREGATE,0.704071
cold_hot,q14,2,UNGROUPED_AGGREGATE,0.757037
cold_hot,q14,3,CONCAT,0.497983
cold_hot,q14,3,CONCAT,0.949236
cold_hot,q14,3,CONCAT,0.467395
cold_hot,q14,3,GPU_SCAN,5160.649199
cold_hot,q14,3,GPU_SCAN,5238.438972
cold_hot,q14,3,GPU_SCAN,5219.893144
cold_hot,q14,3,HASH_JOIN,11.255794
cold_hot,q14,3,HASH_JOIN,11.505588
cold_hot,q14,3,HASH_JOIN,10.770463
cold_hot,q14,3,MERGE_AGGREGATE,0.01974
cold_hot,q14,3,MERGE_AGGREGATE,0.067745
cold_hot,q14,3,MERGE_AGGREGATE,0.028323
cold_hot,q14,3,PARTITION,0.149859
cold_hot,q14,3,PARTITION,0.180336
cold_hot,q14,3,PARTITION,0.107902
cold_hot,q14,3,PROJECTION,1.304092
cold_hot,q14,3,PROJECTION,1.558455
cold_hot,q14,3,PROJECTION,1.241134
cold_hot,q14,3,RESULT_COLLECTOR,0.121987
cold_hot,q14,3,RESULT_COLLECTOR,0.191375
cold_hot,q14,3,RESULT_COLLECTOR,0.13525
cold_hot,q14,3,UNGROUPED_AGGREGATE,0.786459
cold_hot,q14,3,UNGROUPED_AGGREGATE,0.722316
cold_hot,q14,3,UNGROUPED_AGGREGATE,0.724703
cold_hot,q14,4,CONCAT,0.37974899999999995
cold_hot,q14,4,CONCAT,0.494805
cold_hot,q14,4,CONCAT,0.408886
cold_hot,q14,4,GPU_SCAN,5239.330153000001
cold_hot,q14,4,GPU_SCAN,5236.11716
cold_hot,q14,4,GPU_SCAN,5250.423842
cold_hot,q14,4,HASH_JOIN,11.43459
cold_hot,q14,4,HASH_JOIN,10.915465
cold_hot,q14,4,HASH_JOIN,10.849211
cold_hot,q14,4,MERGE_AGGREGATE,0.025396
cold_hot,q14,4,MERGE_AGGREGATE,0.016415
cold_hot,q14,4,MERGE_AGGREGATE,0.015082
cold_hot,q14,4,PARTITION,0.313437
cold_hot,q14,4,PARTITION,0.151556
cold_hot,q14,4,PARTITION,0.18889699999999998
cold_hot,q14,4,PROJECTION,1.268384
cold_hot,q14,4,PROJECTION,1.5223499999999999
cold_hot,q14,4,PROJECTION,1.480866
cold_hot,q14,4,RESULT_COLLECTOR,0.096664
cold_hot,q14,4,RESULT_COLLECTOR,0.182207
cold_hot,q14,4,RESULT_COLLECTOR,0.167027
cold_hot,q14,4,UNGROUPED_AGGREGATE,0.739054
cold_hot,q14,4,UNGROUPED_AGGREGATE,0.710912
cold_hot,q14,4,UNGROUPED_AGGREGATE,0.676642
cold_hot,q14,5,CONCAT,0.42572699999999997
cold_hot,q14,5,CONCAT,0.438405
cold_hot,q14,5,CONCAT,0.39664099999999997
cold_hot,q14,5,GPU_SCAN,5247.506548
cold_hot,q14,5,GPU_SCAN,5389.595184
cold_hot,q14,5,GPU_SCAN,5165.874748000001
cold_hot,q14,5,HASH_JOIN,11.211305
cold_hot,q14,5,HASH_JOIN,11.062794
cold_hot,q14,5,HASH_JOIN,11.091279
cold_hot,q14,5,MERGE_AGGREGATE,0.030671
cold_hot,q14,5,MERGE_AGGREGATE,0.069583
cold_hot,q14,5,MERGE_AGGREGATE,0.070091
cold_hot,q14,5,PARTITION,0.148439
cold_hot,q14,5,PARTITION,0.13884
cold_hot,q14,5,PARTITION,0.33243100000000003
cold_hot,q14,5,PROJECTION,1.5021930000000001
cold_hot,q14,5,PROJECTION,1.361586
cold_hot,q14,5,PROJECTION,1.5902479999999999
cold_hot,q14,5,RESULT_COLLECTOR,0.167442
cold_hot,q14,5,RESULT_COLLECTOR,0.128995
cold_hot,q14,5,RESULT_COLLECTOR,0.24019
cold_hot,q14,5,UNGROUPED_AGGREGATE,0.866985
cold_hot,q14,5,UNGROUPED_AGGREGATE,0.746468
cold_hot,q14,5,UNGROUPED_AGGREGATE,0.735858
cold_hot,q14,6,CONCAT,0.37192600000000003
cold_hot,q14,6,CONCAT,0.404906
cold_hot,q14,6,CONCAT,0.404721
cold_hot,q14,6,GPU_SCAN,5297.821704
cold_hot,q14,6,GPU_SCAN,5197.907479999999
cold_hot,q14,6,GPU_SCAN,5370.152072000001
cold_hot,q14,6,HASH_JOIN,11.045214
cold_hot,q14,6,HASH_JOIN,11.537599
cold_hot,q14,6,HASH_JOIN,10.793255
cold_hot,q14,6,MERGE_AGGREGATE,0.014187
cold_hot,q14,6,MERGE_AGGREGATE,0.100911
cold_hot,q14,6,MERGE_AGGREGATE,0.065613
cold_hot,q14,6,PARTITION,0.077131
cold_hot,q14,6,PARTITION,0.47161000000000003
cold_hot,q14,6,PARTITION,0.15343400000000001
cold_hot,q14,6,PROJECTION,1.227306
cold_hot,q14,6,PROJECTION,1.719169
cold_hot,q14,6,PROJECTION,1.5688090000000001
cold_hot,q14,6,RESULT_COLLECTOR,0.091468
cold_hot,q14,6,RESULT_COLLECTOR,0.2221
cold_hot,q14,6,RESULT_COLLECTOR,0.194288
cold_hot,q14,6,UNGROUPED_AGGREGATE,0.863146
cold_hot,q14,6,UNGROUPED_AGGREGATE,0.773806
cold_hot,q14,6,UNGROUPED_AGGREGATE,0.7106
cold_hot,q14,7,CONCAT,0.365823
cold_hot,q14,7,CONCAT,0.416533
cold_hot,q14,7,CONCAT,0.47514599999999996
cold_hot,q14,7,GPU_SCAN,5156.062889
cold_hot,q14,7,GPU_SCAN,5321.80221
cold_hot,q14,7,GPU_SCAN,5178.018131999999
cold_hot,q14,7,HASH_JOIN,11.131167
cold_hot,q14,7,HASH_JOIN,11.154583
cold_hot,q14,7,HASH_JOIN,10.854708
cold_hot,q14,7,MERGE_AGGREGATE,0.016078
cold_hot,q14,7,MERGE_AGGREGATE,0.018125
cold_hot,q14,7,MERGE_AGGREGATE,0.007582
cold_hot,q14,7,PARTITION,0.131193
cold_hot,q14,7,PARTITION,0.16875200000000004
cold_hot,q14,7,PARTITION,0.093211
cold_hot,q14,7,PROJECTION,1.5731000000000002
cold_hot,q14,7,PROJECTION,1.6588420000000001
cold_hot,q14,7,PROJECTION,1.5103430000000002
cold_hot,q14,7,RESULT_COLLECTOR,0.175721
cold_hot,q14,7,RESULT_COLLECTOR,0.297845
cold_hot,q14,7,RESULT_COLLECTOR,0.174398
cold_hot,q14,7,UNGROUPED_AGGREGATE,0.716247
cold_hot,q14,7,UNGROUPED_AGGREGATE,0.770836
cold_hot,q14,7,UNGROUPED_AGGREGATE,0.682938
cold_hot,q14,8,CONCAT,0.538378
cold_hot,q14,8,CONCAT,0.384306
cold_hot,q14,8,CONCAT,0.446241
cold_hot,q14,8,GPU_SCAN,5143.818386999999
cold_hot,q14,8,GPU_SCAN,5143.187287
cold_hot,q14,8,GPU_SCAN,5276.305323000001
cold_hot,q14,8,HASH_JOIN,11.087118
cold_hot,q14,8,HASH_JOIN,10.825776
cold_hot,q14,8,HASH_JOIN,10.782894
cold_hot,q14,8,MERGE_AGGREGATE,0.027531
cold_hot,q14,8,MERGE_AGGREGATE,0.008668
cold_hot,q14,8,MERGE_AGGREGATE,0.033616
cold_hot,q14,8,PARTITION,0.12254000000000002
cold_hot,q14,8,PARTITION,0.10011300000000001
cold_hot,q14,8,PARTITION,0.310724
cold_hot,q14,8,PROJECTION,1.542532
cold_hot,q14,8,PROJECTION,1.273865
cold_hot,q14,8,PROJECTION,1.5520500000000002
cold_hot,q14,8,RESULT_COLLECTOR,0.177413
cold_hot,q14,8,RESULT_COLLECTOR,0.165053
cold_hot,q14,8,RESULT_COLLECTOR,0.197687
cold_hot,q14,8,UNGROUPED_AGGREGATE,0.716657
cold_hot,q14,8,UNGROUPED_AGGREGATE,0.709134
cold_hot,q14,8,UNGROUPED_AGGREGATE,0.738056
cold_hot,q14,9,CONCAT,0.46529899999999996
cold_hot,q14,9,CONCAT,0.441642
cold_hot,q14,9,CONCAT,0.472898
cold_hot,q14,9,GPU_SCAN,5235.817342000001
cold_hot,q14,9,GPU_SCAN,5405.086576
cold_hot,q14,9,GPU_SCAN,5259.316658
cold_hot,q14,9,HASH_JOIN,11.201488
cold_hot,q14,9,HASH_JOIN,11.16044
cold_hot,q14,9,HASH_JOIN,10.649733
cold_hot,q14,9,MERGE_AGGREGATE,0.070209
cold_hot,q14,9,MERGE_AGGREGATE,0.059105
cold_hot,q14,9,MERGE_AGGREGATE,0.068693
cold_hot,q14,9,PARTITION,0.15856399999999995
cold_hot,q14,9,PARTITION,0.13179200000000002
cold_hot,q14,9,PARTITION,0.11261799999999998
cold_hot,q14,9,PROJECTION,1.384625
cold_hot,q14,9,PROJECTION,1.4967869999999999
cold_hot,q14,9,PROJECTION,1.542307
cold_hot,q14,9,RESULT_COLLECTOR,0.131162
cold_hot,q14,9,RESULT_COLLECTOR,0.16762
cold_hot,q14,9,RESULT_COLLECTOR,0.189135
cold_hot,q14,9,UNGROUPED_AGGREGATE,0.756691
cold_hot,q14,9,UNGROUPED_AGGREGATE,0.716771
cold_hot,q14,9,UNGROUPED_AGGREGATE,0.74619
cold_hot,q14,10,CONCAT,0.429155
cold_hot,q14,10,CONCAT,0.43644700000000003
cold_hot,q14,10,CONCAT,0.6091390000000001
cold_hot,q14,10,GPU_SCAN,5240.680454
cold_hot,q14,10,GPU_SCAN,5217.200135000001
cold_hot,q14,10,GPU_SCAN,5216.682156
cold_hot,q14,10,HASH_JOIN,11.30763
cold_hot,q14,10,HASH_JOIN,10.909506
cold_hot,q14,10,HASH_JOIN,10.82266
cold_hot,q14,10,MERGE_AGGREGATE,0.063915
cold_hot,q14,10,MERGE_AGGREGATE,0.026335
cold_hot,q14,10,MERGE_AGGREGATE,0.065488
cold_hot,q14,10,PARTITION,0.13142600000000002
cold_hot,q14,10,PARTITION,0.145482
cold_hot,q14,10,PARTITION,0.111124
cold_hot,q14,10,PROJECTION,1.239544
cold_hot,q14,10,PROJECTION,1.366568
cold_hot,q14,10,PROJECTION,1.5677249999999998
cold_hot,q14,10,RESULT_COLLECTOR,0.082234
cold_hot,q14,10,RESULT_COLLECTOR,0.136222
cold_hot,q14,10,RESULT_COLLECTOR,0.191568
cold_hot,q14,10,UNGROUPED_AGGREGATE,0.719285
cold_hot,q14,10,UNGROUPED_AGGREGATE,0.754161
cold_hot,q14,10,UNGROUPED_AGGREGATE,0.734679
cold_hot,q15,1,CONCAT,0.194796
cold_hot,q15,1,CONCAT,0.136919
cold_hot,q15,1,CONCAT,0.100573
cold_hot,q15,1,CTE,0.007755
cold_hot,q15,1,CTE,0.060875
cold_hot,q15,1,CTE,0.006591
cold_hot,q15,1,GPU_SCAN,5168.870618
cold_hot,q15,1,GPU_SCAN,5378.573348
cold_hot,q15,1,GPU_SCAN,5155.9507060000005
cold_hot,q15,1,HASH_GROUP_BY,20.691076
cold_hot,q15,1,HASH_GROUP_BY,27.257396999999997
cold_hot,q15,1,HASH_GROUP_BY,20.889651000000004
cold_hot,q15,1,HASH_JOIN,4.165914
cold_hot,q15,1,HASH_JOIN,2.305339
cold_hot,q15,1,HASH_JOIN,1.617894
cold_hot,q15,1,MERGE_AGGREGATE,0.104368
cold_hot,q15,1,MERGE_AGGREGATE,0.088699
cold_hot,q15,1,MERGE_AGGREGATE,0.019814
cold_hot,q15,1,MERGE_GROUP_BY,5.204283
cold_hot,q15,1,MERGE_GROUP_BY,5.809873
cold_hot,q15,1,MERGE_GROUP_BY,4.866824
cold_hot,q15,1,MERGE_SORT,0.07764
cold_hot,q15,1,MERGE_SORT,0.040145
cold_hot,q15,1,MERGE_SORT,0.037541
cold_hot,q15,1,ORDER_BY,9.315887
cold_hot,q15,1,ORDER_BY,0.729819
cold_hot,q15,1,ORDER_BY,0.240464
cold_hot,q15,1,PARTITION,0.5260420000000001
cold_hot,q15,1,PARTITION,0.364033
cold_hot,q15,1,PARTITION,0.292695
cold_hot,q15,1,PROJECTION,7.255228
cold_hot,q15,1,PROJECTION,24.346883000000002
cold_hot,q15,1,PROJECTION,11.328794
cold_hot,q15,1,RESULT_COLLECTOR,0.855085
cold_hot,q15,1,RESULT_COLLECTOR,0.302819
cold_hot,q15,1,RESULT_COLLECTOR,0.168682
cold_hot,q15,1,SORT_PARTITION,0.631652
cold_hot,q15,1,SORT_PARTITION,1.357951
cold_hot,q15,1,SORT_PARTITION,1.302126
cold_hot,q15,1,SORT_SAMPLE,0.045899
cold_hot,q15,1,SORT_SAMPLE,0.289584
cold_hot,q15,1,SORT_SAMPLE,0.19097
cold_hot,q15,1,UNGROUPED_AGGREGATE,8.278177
cold_hot,q15,1,UNGROUPED_AGGREGATE,1.3597100000000002
cold_hot,q15,1,UNGROUPED_AGGREGATE,0.742182
cold_hot,q15,2,CONCAT,0.081929
cold_hot,q15,2,CONCAT,0.05835100000000001
cold_hot,q15,2,CONCAT,0.110746
cold_hot,q15,2,CTE,0.005857
cold_hot,q15,2,CTE,0.005866
cold_hot,q15,2,CTE,0.01856
cold_hot,q15,2,GPU_SCAN,5125.287542
cold_hot,q15,2,GPU_SCAN,5339.439179
cold_hot,q15,2,GPU_SCAN,5339.751593999999
cold_hot,q15,2,HASH_GROUP_BY,20.289043999999997
cold_hot,q15,2,HASH_GROUP_BY,19.580327
cold_hot,q15,2,HASH_GROUP_BY,24.134580999999997
cold_hot,q15,2,HASH_JOIN,1.880608
cold_hot,q15,2,HASH_JOIN,1.57571
cold_hot,q15,2,HASH_JOIN,2.3766689999999997
cold_hot,q15,2,MERGE_AGGREGATE,0.031493
cold_hot,q15,2,MERGE_AGGREGATE,0.031407000000000004
cold_hot,q15,2,MERGE_AGGREGATE,0.06035
cold_hot,q15,2,MERGE_GROUP_BY,4.775065
cold_hot,q15,2,MERGE_GROUP_BY,4.843947
cold_hot,q15,2,MERGE_GROUP_BY,5.006935
cold_hot,q15,2,MERGE_SORT,0.037918
cold_hot,q15,2,MERGE_SORT,0.088391
cold_hot,q15,2,MERGE_SORT,0.041134
cold_hot,q15,2,ORDER_BY,0.347084
cold_hot,q15,2,ORDER_BY,0.350195
cold_hot,q15,2,ORDER_BY,0.702973
cold_hot,q15,2,PARTITION,0.27829799999999993
cold_hot,q15,2,PARTITION,0.273014
cold_hot,q15,2,PARTITION,0.43480699999999994
cold_hot,q15,2,PROJECTION,6.65787
cold_hot,q15,2,PROJECTION,13.792106000000004
cold_hot,q15,2,PROJECTION,18.009698
cold_hot,q15,2,RESULT_COLLECTOR,0.147504
cold_hot,q15,2,RESULT_COLLECTOR,0.162996
cold_hot,q15,2,RESULT_COLLECTOR,0.163248
cold_hot,q15,2,SORT_PARTITION,0.796985
cold_hot,q15,2,SORT_PARTITION,0.573203
cold_hot,q15,2,SORT_PARTITION,1.320863
cold_hot,q15,2,SORT_SAMPLE,0.046669
cold_hot,q15,2,SORT_SAMPLE,0.076736
cold_hot,q15,2,SORT_SAMPLE,0.216063
cold_hot,q15,2,UNGROUPED_AGGREGATE,0.33630899999999997
cold_hot,q15,2,UNGROUPED_AGGREGATE,0.7375259999999999
cold_hot,q15,2,UNGROUPED_AGGREGATE,0.480557
cold_hot,q15,3,CONCAT,0.099747
cold_hot,q15,3,CONCAT,0.09426100000000001
cold_hot,q15,3,CONCAT,0.10078599999999999
cold_hot,q15,3,CTE,0.008481
cold_hot,q15,3,CTE,0.006532
cold_hot,q15,3,CTE,0.006367
cold_hot,q15,3,GPU_SCAN,5144.451489
cold_hot,q15,3,GPU_SCAN,5206.198648
cold_hot,q15,3,GPU_SCAN,5197.132789999999
cold_hot,q15,3,HASH_GROUP_BY,21.491267999999998
cold_hot,q15,3,HASH_GROUP_BY,18.257654
cold_hot,q15,3,HASH_GROUP_BY,18.860085
cold_hot,q15,3,HASH_JOIN,1.5617990000000002
cold_hot,q15,3,HASH_JOIN,1.345104
cold_hot,q15,3,HASH_JOIN,1.388128
cold_hot,q15,3,MERGE_AGGREGATE,0.049333
cold_hot,q15,3,MERGE_AGGREGATE,0.043079
cold_hot,q15,3,MERGE_AGGREGATE,0.021697
cold_hot,q15,3,MERGE_GROUP_BY,4.847704
cold_hot,q15,3,MERGE_GROUP_BY,4.835818
cold_hot,q15,3,MERGE_GROUP_BY,4.78313
cold_hot,q15,3,MERGE_SORT,0.041044
cold_hot,q15,3,MERGE_SORT,0.038026
cold_hot,q15,3,MERGE_SORT,0.037122
cold_hot,q15,3,ORDER_BY,0.294422
cold_hot,q15,3,ORDER_BY,0.221994
cold_hot,q15,3,ORDER_BY,0.307728
cold_hot,q15,3,PARTITION,0.372706
cold_hot,q15,3,PARTITION,0.34124600000000005
cold_hot,q15,3,PARTITION,0.22490600000000002
cold_hot,q15,3,PROJECTION,10.239596
cold_hot,q15,3,PROJECTION,12.055427000000002
cold_hot,q15,3,PROJECTION,9.908918000000002
cold_hot,q15,3,RESULT_COLLECTOR,0.213142
cold_hot,q15,3,RESULT_COLLECTOR,0.143041
cold_hot,q15,3,RESULT_COLLECTOR,0.143728
cold_hot,q15,3,SORT_PARTITION,0.654338
cold_hot,q15,3,SORT_PARTITION,1.560056
cold_hot,q15,3,SORT_PARTITION,0.709362
cold_hot,q15,3,SORT_SAMPLE,0.050225
cold_hot,q15,3,SORT_SAMPLE,0.202034
cold_hot,q15,3,SORT_SAMPLE,0.043399
cold_hot,q15,3,UNGROUPED_AGGREGATE,0.45755999999999997
cold_hot,q15,3,UNGROUPED_AGGREGATE,0.35413
cold_hot,q15,3,UNGROUPED_AGGREGATE,0.44889199999999996
cold_hot,q15,4,CONCAT,0.088815
cold_hot,q15,4,CONCAT,0.061714000000000005
cold_hot,q15,4,CONCAT,0.102149
cold_hot,q15,4,CTE,0.049597
cold_hot,q15,4,CTE,0.006202
cold_hot,q15,4,CTE,0.006438
cold_hot,q15,4,GPU_SCAN,5237.6274539999995
cold_hot,q15,4,GPU_SCAN,5202.032451
cold_hot,q15,4,GPU_SCAN,5211.823368000001
cold_hot,q15,4,HASH_GROUP_BY,19.275337000000004
cold_hot,q15,4,HASH_GROUP_BY,20.169194
cold_hot,q15,4,HASH_GROUP_BY,20.068108000000002
cold_hot,q15,4,HASH_JOIN,1.8490250000000001
cold_hot,q15,4,HASH_JOIN,0.98473
cold_hot,q15,4,HASH_JOIN,1.814972
cold_hot,q15,4,MERGE_AGGREGATE,0.07042
cold_hot,q15,4,MERGE_AGGREGATE,0.023688
cold_hot,q15,4,MERGE_AGGREGATE,0.020298999999999998
cold_hot,q15,4,MERGE_GROUP_BY,4.770476
cold_hot,q15,4,MERGE_GROUP_BY,4.84524
cold_hot,q15,4,MERGE_GROUP_BY,4.792256
cold_hot,q15,4,MERGE_SORT,0.050687
cold_hot,q15,4,MERGE_SORT,0.066014
cold_hot,q15,4,MERGE_SORT,0.031612
cold_hot,q15,4,ORDER_BY,0.657282
cold_hot,q15,4,ORDER_BY,0.219006
cold_hot,q15,4,ORDER_BY,0.297826
cold_hot,q15,4,PARTITION,0.29955099999999996
cold_hot,q15,4,PARTITION,0.26938100000000004
cold_hot,q15,4,PARTITION,0.25846500000000006
cold_hot,q15,4,PROJECTION,10.148681999999999
cold_hot,q15,4,PROJECTION,13.120945999999998
cold_hot,q15,4,PROJECTION,8.8635
cold_hot,q15,4,RESULT_COLLECTOR,0.222153
cold_hot,q15,4,RESULT_COLLECTOR,0.165987
cold_hot,q15,4,RESULT_COLLECTOR,0.189133
cold_hot,q15,4,SORT_PARTITION,1.316783
cold_hot,q15,4,SORT_PARTITION,1.373294
cold_hot,q15,4,SORT_PARTITION,0.593034
cold_hot,q15,4,SORT_SAMPLE,0.215039
cold_hot,q15,4,SORT_SAMPLE,0.099214
cold_hot,q15,4,SORT_SAMPLE,0.028693
cold_hot,q15,4,UNGROUPED_AGGREGATE,0.446589
cold_hot,q15,4,UNGROUPED_AGGREGATE,0.8576280000000001
cold_hot,q15,4,UNGROUPED_AGGREGATE,0.617639
cold_hot,q15,5,CONCAT,0.09632600000000001
cold_hot,q15,5,CONCAT,0.161464
cold_hot,q15,5,CONCAT,0.09459100000000001
cold_hot,q15,5,CTE,0.009658
cold_hot,q15,5,CTE,0.007357
cold_hot,q15,5,CTE,0.006318
cold_hot,q15,5,GPU_SCAN,5433.497317
cold_hot,q15,5,GPU_SCAN,5242.529292000001
cold_hot,q15,5,GPU_SCAN,5136.193455
cold_hot,q15,5,HASH_GROUP_BY,19.497246
cold_hot,q15,5,HASH_GROUP_BY,23.714349999999996
cold_hot,q15,5,HASH_GROUP_BY,20.523816
cold_hot,q15,5,HASH_JOIN,2.040882
cold_hot,q15,5,HASH_JOIN,1.6160940000000001
cold_hot,q15,5,HASH_JOIN,0.989898
cold_hot,q15,5,MERGE_AGGREGATE,0.06962
cold_hot,q15,5,MERGE_AGGREGATE,0.02923
cold_hot,q15,5,MERGE_AGGREGATE,0.022095
cold_hot,q15,5,MERGE_GROUP_BY,4.825811
cold_hot,q15,5,MERGE_GROUP_BY,4.904771
cold_hot,q15,5,MERGE_GROUP_BY,4.826475
cold_hot,q15,5,MERGE_SORT,0.016275
cold_hot,q15,5,MERGE_SORT,0.029489
cold_hot,q15,5,MERGE_SORT,0.038178
cold_hot,q15,5,ORDER_BY,0.683051
cold_hot,q15,5,ORDER_BY,0.449475
cold_hot,q15,5,ORDER_BY,0.228191
cold_hot,q15,5,PARTITION,0.52956
cold_hot,q15,5,PARTITION,0.43898699999999996
cold_hot,q15,5,PARTITION,0.3184120000000001
cold_hot,q15,5,PROJECTION,20.216753
cold_hot,q15,5,PROJECTION,12.203157999999998
cold_hot,q15,5,PROJECTION,6.858157999999999
cold_hot,q15,5,RESULT_COLLECTOR,0.185996
cold_hot,q15,5,RESULT_COLLECTOR,0.440974
cold_hot,q15,5,RESULT_COLLECTOR,0.151576
cold_hot,q15,5,SORT_PARTITION,1.225938
cold_hot,q15,5,SORT_PARTITION,1.391782
cold_hot,q15,5,SORT_PARTITION,1.194183
cold_hot,q15,5,SORT_SAMPLE,0.098803
cold_hot,q15,5,SORT_SAMPLE,0.227664
cold_hot,q15,5,SORT_SAMPLE,0.202752
cold_hot,q15,5,UNGROUPED_AGGREGATE,0.734469
cold_hot,q15,5,UNGROUPED_AGGREGATE,0.438829
cold_hot,q15,5,UNGROUPED_AGGREGATE,0.7659239999999999
cold_hot,q15,6,CONCAT,0.091026
cold_hot,q15,6,CONCAT,0.086855
cold_hot,q15,6,CONCAT,0.08865900000000002
cold_hot,q15,6,CTE,0.016541
cold_hot,q15,6,CTE,0.010797
cold_hot,q15,6,CTE,0.00556
cold_hot,q15,6,GPU_SCAN,5180.2073310000005
cold_hot,q15,6,GPU_SCAN,5157.489369
cold_hot,q15,6,GPU_SCAN,5161.134071
cold_hot,q15,6,HASH_GROUP_BY,23.140690000000003
cold_hot,q15,6,HASH_GROUP_BY,20.830966
cold_hot,q15,6,HASH_GROUP_BY,19.793653
cold_hot,q15,6,HASH_JOIN,1.8220960000000002
cold_hot,q15,6,HASH_JOIN,1.868728
cold_hot,q15,6,HASH_JOIN,1.9656850000000001
cold_hot,q15,6,MERGE_AGGREGATE,0.089542
cold_hot,q15,6,MERGE_AGGREGATE,0.071832
cold_hot,q15,6,MERGE_AGGREGATE,0.051296
cold_hot,q15,6,MERGE_GROUP_BY,4.741345
cold_hot,q15,6,MERGE_GROUP_BY,4.841904
cold_hot,q15,6,MERGE_GROUP_BY,4.801856
cold_hot,q15,6,MERGE_SORT,0.039668
cold_hot,q15,6,MERGE_SORT,0.039977
cold_hot,q15,6,MERGE_SORT,0.037854
cold_hot,q15,6,ORDER_BY,0.300123
cold_hot,q15,6,ORDER_BY,0.359204
cold_hot,q15,6,ORDER_BY,0.296901
cold_hot,q15,6,PARTITION,0.28870300000000004
cold_hot,q15,6,PARTITION,0.43990900000000005
cold_hot,q15,6,PARTITION,0.331768
cold_hot,q15,6,PROJECTION,12.287163
cold_hot,q15,6,PROJECTION,11.535875
cold_hot,q15,6,PROJECTION,10.462867
cold_hot,q15,6,RESULT_COLLECTOR,0.156794
cold_hot,q15,6,RESULT_COLLECTOR,0.179473
cold_hot,q15,6,RESULT_COLLECTOR,0.152416
cold_hot,q15,6,SORT_PARTITION,1.60414
cold_hot,q15,6,SORT_PARTITION,1.315196
cold_hot,q15,6,SORT_PARTITION,1.027781
cold_hot,q15,6,SORT_SAMPLE,0.227702
cold_hot,q15,6,SORT_SAMPLE,0.233742
cold_hot,q15,6,SORT_SAMPLE,0.137144
cold_hot,q15,6,UNGROUPED_AGGREGATE,0.44059000000000004
cold_hot,q15,6,UNGROUPED_AGGREGATE,0.80463
cold_hot,q15,6,UNGROUPED_AGGREGATE,0.322824
cold_hot,q15,7,CONCAT,0.101396
cold_hot,q15,7,CONCAT,0.17573199999999997
cold_hot,q15,7,CONCAT,0.095139
cold_hot,q15,7,CTE,0.019925
cold_hot,q15,7,CTE,0.00717
cold_hot,q15,7,CTE,0.005253
cold_hot,q15,7,GPU_SCAN,5177.490948
cold_hot,q15,7,GPU_SCAN,5132.220768999999
cold_hot,q15,7,GPU_SCAN,5135.173971
cold_hot,q15,7,HASH_GROUP_BY,19.175267
cold_hot,q15,7,HASH_GROUP_BY,25.605885999999998
cold_hot,q15,7,HASH_GROUP_BY,21.155591
cold_hot,q15,7,HASH_JOIN,1.3367390000000001
cold_hot,q15,7,HASH_JOIN,1.728693
cold_hot,q15,7,HASH_JOIN,2.282259
cold_hot,q15,7,MERGE_AGGREGATE,0.053227
cold_hot,q15,7,MERGE_AGGREGATE,0.087932
cold_hot,q15,7,MERGE_AGGREGATE,0.04301
cold_hot,q15,7,MERGE_GROUP_BY,4.786409
cold_hot,q15,7,MERGE_GROUP_BY,4.889752
cold_hot,q15,7,MERGE_GROUP_BY,4.908844
cold_hot,q15,7,MERGE_SORT,0.038721
cold_hot,q15,7,MERGE_SORT,0.075279
cold_hot,q15,7,MERGE_SORT,0.057784
cold_hot,q15,7,ORDER_BY,0.224416
cold_hot,q15,7,ORDER_BY,0.279138
cold_hot,q15,7,ORDER_BY,0.590473
cold_hot,q15,7,PARTITION,0.28075399999999995
cold_hot,q15,7,PARTITION,0.397768
cold_hot,q15,7,PARTITION,0.311875
cold_hot,q15,7,PROJECTION,6.119974
cold_hot,q15,7,PROJECTION,16.218215999999998
cold_hot,q15,7,PROJECTION,10.965805999999999
cold_hot,q15,7,RESULT_COLLECTOR,0.14218
cold_hot,q15,7,RESULT_COLLECTOR,0.249092
cold_hot,q15,7,RESULT_COLLECTOR,0.154089
cold_hot,q15,7,SORT_PARTITION,1.249238
cold_hot,q15,7,SORT_PARTITION,1.801122
cold_hot,q15,7,SORT_PARTITION,0.76949
cold_hot,q15,7,SORT_SAMPLE,0.194959
cold_hot,q15,7,SORT_SAMPLE,0.270292
cold_hot,q15,7,SORT_SAMPLE,0.026642
cold_hot,q15,7,UNGROUPED_AGGREGATE,0.778108
cold_hot,q15,7,UNGROUPED_AGGREGATE,1.007785
cold_hot,q15,7,UNGROUPED_AGGREGATE,0.318401
cold_hot,q15,8,CONCAT,0.11286600000000001
cold_hot,q15,8,CONCAT,0.096568
cold_hot,q15,8,CONCAT,0.106186
cold_hot,q15,8,CTE,0.023668
cold_hot,q15,8,CTE,0.008771
cold_hot,q15,8,CTE,0.019984
cold_hot,q15,8,GPU_SCAN,5167.415389000002
cold_hot,q15,8,GPU_SCAN,5153.444858
cold_hot,q15,8,GPU_SCAN,5235.609845999999
cold_hot,q15,8,HASH_GROUP_BY,22.531812
cold_hot,q15,8,HASH_GROUP_BY,18.980608999999998
cold_hot,q15,8,HASH_GROUP_BY,23.801627000000003
cold_hot,q15,8,HASH_JOIN,1.668778
cold_hot,q15,8,HASH_JOIN,1.1255929999999998
cold_hot,q15,8,HASH_JOIN,1.943187
cold_hot,q15,8,MERGE_AGGREGATE,0.033566
cold_hot,q15,8,MERGE_AGGREGATE,0.029456
cold_hot,q15,8,MERGE_AGGREGATE,0.052329
cold_hot,q15,8,MERGE_GROUP_BY,4.937645
cold_hot,q15,8,MERGE_GROUP_BY,4.906528
cold_hot,q15,8,MERGE_GROUP_BY,5.067748
cold_hot,q15,8,MERGE_SORT,0.039631
cold_hot,q15,8,MERGE_SORT,0.030164
cold_hot,q15,8,MERGE_SORT,0.01272
cold_hot,q15,8,ORDER_BY,0.509112
cold_hot,q15,8,ORDER_BY,0.219107
cold_hot,q15,8,ORDER_BY,0.6563
cold_hot,q15,8,PARTITION,0.376334
cold_hot,q15,8,PARTITION,0.24484499999999998
cold_hot,q15,8,PARTITION,0.42440400000000006
cold_hot,q15,8,PROJECTION,10.872255999999998
cold_hot,q15,8,PROJECTION,9.980352
cold_hot,q15,8,PROJECTION,9.151855999999999
cold_hot,q15,8,RESULT_COLLECTOR,0.171291
cold_hot,q15,8,RESULT_COLLECTOR,0.155238
cold_hot,q15,8,RESULT_COLLECTOR,0.195458
cold_hot,q15,8,SORT_PARTITION,1.377583
cold_hot,q15,8,SORT_PARTITION,0.621515
cold_hot,q15,8,SORT_PARTITION,1.326757
cold_hot,q15,8,SORT_SAMPLE,0.214439
cold_hot,q15,8,SORT_SAMPLE,0.030532
cold_hot,q15,8,SORT_SAMPLE,0.259049
cold_hot,q15,8,UNGROUPED_AGGREGATE,0.9241240000000001
cold_hot,q15,8,UNGROUPED_AGGREGATE,0.395923
cold_hot,q15,8,UNGROUPED_AGGREGATE,0.67614
cold_hot,q15,9,CONCAT,0.051562000000000004
cold_hot,q15,9,CONCAT,0.0713
cold_hot,q15,9,CONCAT,0.104462
cold_hot,q15,9,CTE,0.01361
cold_hot,q15,9,CTE,0.045142
cold_hot,q15,9,CTE,0.005918
cold_hot,q15,9,GPU_SCAN,5300.3194029999995
cold_hot,q15,9,GPU_SCAN,5213.038673999999
cold_hot,q15,9,GPU_SCAN,5402.988847
cold_hot,q15,9,HASH_GROUP_BY,24.230838
cold_hot,q15,9,HASH_GROUP_BY,19.31521
cold_hot,q15,9,HASH_GROUP_BY,25.689182
cold_hot,q15,9,HASH_JOIN,1.028159
cold_hot,q15,9,HASH_JOIN,2.253329
cold_hot,q15,9,HASH_JOIN,2.054927
cold_hot,q15,9,MERGE_AGGREGATE,0.029845000000000003
cold_hot,q15,9,MERGE_AGGREGATE,0.060756000000000004
cold_hot,q15,9,MERGE_AGGREGATE,0.038766999999999996
cold_hot,q15,9,MERGE_GROUP_BY,4.796054
cold_hot,q15,9,MERGE_GROUP_BY,4.908846
cold_hot,q15,9,MERGE_GROUP_BY,5.026755
cold_hot,q15,9,MERGE_SORT,0.030391
cold_hot,q15,9,MERGE_SORT,0.014908
cold_hot,q15,9,MERGE_SORT,0.074853
cold_hot,q15,9,ORDER_BY,0.218388
cold_hot,q15,9,ORDER_BY,0.679658
cold_hot,q15,9,ORDER_BY,0.458829
cold_hot,q15,9,PARTITION,0.2844399999999999
cold_hot,q15,9,PARTITION,0.30201399999999995
cold_hot,q15,9,PARTITION,0.34705
cold_hot,q15,9,PROJECTION,28.558784
cold_hot,q15,9,PROJECTION,12.917334000000002
cold_hot,q15,9,PROJECTION,31.727884
cold_hot,q15,9,RESULT_COLLECTOR,0.201907
cold_hot,q15,9,RESULT_COLLECTOR,0.137383
cold_hot,q15,9,RESULT_COLLECTOR,0.258023
cold_hot,q15,9,SORT_PARTITION,0.880223
cold_hot,q15,9,SORT_PARTITION,0.68513
cold_hot,q15,9,SORT_PARTITION,1.632744
cold_hot,q15,9,SORT_SAMPLE,0.083503
cold_hot,q15,9,SORT_SAMPLE,0.079759
cold_hot,q15,9,SORT_SAMPLE,0.306628
cold_hot,q15,9,UNGROUPED_AGGREGATE,0.357076
cold_hot,q15,9,UNGROUPED_AGGREGATE,0.38028700000000004
cold_hot,q15,9,UNGROUPED_AGGREGATE,0.426338
cold_hot,q15,10,CONCAT,0.093949
cold_hot,q15,10,CONCAT,0.09961199999999999
cold_hot,q15,10,CONCAT,0.035084000000000004
cold_hot,q15,10,CTE,0.005523
cold_hot,q15,10,CTE,0.006628
cold_hot,q15,10,CTE,0.007824
cold_hot,q15,10,GPU_SCAN,5198.298259999999
cold_hot,q15,10,GPU_SCAN,5229.512435
cold_hot,q15,10,GPU_SCAN,5172.410982
cold_hot,q15,10,HASH_GROUP_BY,20.776876
cold_hot,q15,10,HASH_GROUP_BY,18.719921000000003
cold_hot,q15,10,HASH_GROUP_BY,22.194469
cold_hot,q15,10,HASH_JOIN,2.132891
cold_hot,q15,10,HASH_JOIN,2.214426
cold_hot,q15,10,HASH_JOIN,2.160195
cold_hot,q15,10,MERGE_AGGREGATE,0.065919
cold_hot,q15,10,MERGE_AGGREGATE,0.039367
cold_hot,q15,10,MERGE_AGGREGATE,0.064273
cold_hot,q15,10,MERGE_GROUP_BY,4.76084
cold_hot,q15,10,MERGE_GROUP_BY,4.981083
cold_hot,q15,10,MERGE_GROUP_BY,4.937609
cold_hot,q15,10,MERGE_SORT,0.033304
cold_hot,q15,10,MERGE_SORT,0.019473
cold_hot,q15,10,MERGE_SORT,0.041144
cold_hot,q15,10,ORDER_BY,0.288691
cold_hot,q15,10,ORDER_BY,0.660633
cold_hot,q15,10,ORDER_BY,0.655722
cold_hot,q15,10,PARTITION,0.298253
cold_hot,q15,10,PARTITION,0.27752699999999997
cold_hot,q15,10,PARTITION,0.35690600000000006
cold_hot,q15,10,PROJECTION,7.331591000000002
cold_hot,q15,10,PROJECTION,8.815936
cold_hot,q15,10,PROJECTION,7.855227000000002
cold_hot,q15,10,RESULT_COLLECTOR,0.156757
cold_hot,q15,10,RESULT_COLLECTOR,0.215486
cold_hot,q15,10,RESULT_COLLECTOR,0.169158
cold_hot,q15,10,SORT_PARTITION,1.7504
cold_hot,q15,10,SORT_PARTITION,1.124947
cold_hot,q15,10,SORT_PARTITION,0.527619
cold_hot,q15,10,SORT_SAMPLE,0.192741
cold_hot,q15,10,SORT_SAMPLE,0.216446
cold_hot,q15,10,SORT_SAMPLE,0.060071
cold_hot,q15,10,UNGROUPED_AGGREGATE,0.304506
cold_hot,q15,10,UNGROUPED_AGGREGATE,0.393693
cold_hot,q15,10,UNGROUPED_AGGREGATE,0.38067300000000004
cold_hot,q16,1,CONCAT,0.44565400000000005
cold_hot,q16,1,CONCAT,0.341442
cold_hot,q16,1,CONCAT,0.38694199999999995
cold_hot,q16,1,DYNAMIC_FILTER,1.140524
cold_hot,q16,1,DYNAMIC_FILTER,1.131775
cold_hot,q16,1,DYNAMIC_FILTER,1.094506
cold_hot,q16,1,FILTER,6.3932210000000005
cold_hot,q16,1,FILTER,6.611591
cold_hot,q16,1,FILTER,6.471056000000001
cold_hot,q16,1,GPU_SCAN,185.030261
cold_hot,q16,1,GPU_SCAN,185.24807099999998
cold_hot,q16,1,GPU_SCAN,181.49125800000002
cold_hot,q16,1,HASH_GROUP_BY,96.462935
cold_hot,q16,1,HASH_GROUP_BY,86.099826
cold_hot,q16,1,HASH_GROUP_BY,80.540076
cold_hot,q16,1,HASH_JOIN,9.407016
cold_hot,q16,1,HASH_JOIN,9.198892
cold_hot,q16,1,HASH_JOIN,8.80556
cold_hot,q16,1,MERGE_GROUP_BY,3.366532
cold_hot,q16,1,MERGE_GROUP_BY,1.085021
cold_hot,q16,1,MERGE_GROUP_BY,0.418771
cold_hot,q16,1,MERGE_SORT,0.034097
cold_hot,q16,1,MERGE_SORT,0.012367
cold_hot,q16,1,MERGE_SORT,0.033029
cold_hot,q16,1,ORDER_BY,2.395655
cold_hot,q16,1,ORDER_BY,2.414254
cold_hot,q16,1,ORDER_BY,2.313175
cold_hot,q16,1,PARTITION,0.371209
cold_hot,q16,1,PARTITION,0.196107
cold_hot,q16,1,PARTITION,0.401418
cold_hot,q16,1,PROJECTION,0.015611
cold_hot,q16,1,PROJECTION,0.013841
cold_hot,q16,1,PROJECTION,0.017583
cold_hot,q16,1,RESULT_COLLECTOR,1.135814
cold_hot,q16,1,RESULT_COLLECTOR,1.414841
cold_hot,q16,1,RESULT_COLLECTOR,0.873714
cold_hot,q16,1,SORT_PARTITION,0.009869
cold_hot,q16,1,SORT_PARTITION,0.006985
cold_hot,q16,1,SORT_PARTITION,0.00738
cold_hot,q16,1,SORT_SAMPLE,0.012991
cold_hot,q16,1,SORT_SAMPLE,0.013031
cold_hot,q16,1,SORT_SAMPLE,0.01443
cold_hot,q16,2,CONCAT,0.272123
cold_hot,q16,2,CONCAT,0.41404599999999997
cold_hot,q16,2,CONCAT,0.252731
cold_hot,q16,2,DYNAMIC_FILTER,1.108428
cold_hot,q16,2,DYNAMIC_FILTER,1.131286
cold_hot,q16,2,DYNAMIC_FILTER,1.102842
cold_hot,q16,2,FILTER,6.4852419999999995
cold_hot,q16,2,FILTER,6.6396809999999995
cold_hot,q16,2,FILTER,6.276403999999999
cold_hot,q16,2,GPU_SCAN,183.198059
cold_hot,q16,2,GPU_SCAN,185.717534
cold_hot,q16,2,GPU_SCAN,180.082374
cold_hot,q16,2,HASH_GROUP_BY,81.057054
cold_hot,q16,2,HASH_GROUP_BY,86.549246
cold_hot,q16,2,HASH_GROUP_BY,81.144461
cold_hot,q16,2,HASH_JOIN,9.499623
cold_hot,q16,2,HASH_JOIN,9.354452
cold_hot,q16,2,HASH_JOIN,8.281224
cold_hot,q16,2,MERGE_GROUP_BY,1.340724
cold_hot,q16,2,MERGE_GROUP_BY,1.197604
cold_hot,q16,2,MERGE_GROUP_BY,0.536066
cold_hot,q16,2,MERGE_SORT,0.015115
cold_hot,q16,2,MERGE_SORT,0.069191
cold_hot,q16,2,MERGE_SORT,0.060708
cold_hot,q16,2,ORDER_BY,2.50517
cold_hot,q16,2,ORDER_BY,2.57982
cold_hot,q16,2,ORDER_BY,2.381214
cold_hot,q16,2,PARTITION,0.312521
cold_hot,q16,2,PARTITION,0.209936
cold_hot,q16,2,PARTITION,0.155233
cold_hot,q16,2,PROJECTION,0.013674
cold_hot,q16,2,PROJECTION,0.014124
cold_hot,q16,2,PROJECTION,0.011895
cold_hot,q16,2,RESULT_COLLECTOR,1.286424
cold_hot,q16,2,RESULT_COLLECTOR,1.220026
cold_hot,q16,2,RESULT_COLLECTOR,0.76108
cold_hot,q16,2,SORT_PARTITION,0.009649
cold_hot,q16,2,SORT_PARTITION,0.014727
cold_hot,q16,2,SORT_PARTITION,0.009306
cold_hot,q16,2,SORT_SAMPLE,0.019342
cold_hot,q16,2,SORT_SAMPLE,0.023759
cold_hot,q16,2,SORT_SAMPLE,0.019875
cold_hot,q16,3,CONCAT,0.464725
cold_hot,q16,3,CONCAT,0.274079
cold_hot,q16,3,CONCAT,0.18498
cold_hot,q16,3,DYNAMIC_FILTER,1.15028
cold_hot,q16,3,DYNAMIC_FILTER,1.12831
cold_hot,q16,3,DYNAMIC_FILTER,1.107883
cold_hot,q16,3,FILTER,6.43294
cold_hot,q16,3,FILTER,6.718448
cold_hot,q16,3,FILTER,6.3073619999999995
cold_hot,q16,3,GPU_SCAN,187.28887
cold_hot,q16,3,GPU_SCAN,186.550094
cold_hot,q16,3,GPU_SCAN,183.58246499999998
cold_hot,q16,3,HASH_GROUP_BY,81.827338
cold_hot,q16,3,HASH_GROUP_BY,86.643241
cold_hot,q16,3,HASH_GROUP_BY,81.308014
cold_hot,q16,3,HASH_JOIN,9.031185
cold_hot,q16,3,HASH_JOIN,9.041628
cold_hot,q16,3,HASH_JOIN,8.669146
cold_hot,q16,3,MERGE_GROUP_BY,1.150097
cold_hot,q16,3,MERGE_GROUP_BY,1.171214
cold_hot,q16,3,MERGE_GROUP_BY,1.08455
cold_hot,q16,3,MERGE_SORT,0.037331
cold_hot,q16,3,MERGE_SORT,0.012138
cold_hot,q16,3,MERGE_SORT,0.007866
cold_hot,q16,3,ORDER_BY,2.460461
cold_hot,q16,3,ORDER_BY,3.065674
cold_hot,q16,3,ORDER_BY,2.417388
cold_hot,q16,3,PARTITION,0.26559
cold_hot,q16,3,PARTITION,0.169256
cold_hot,q16,3,PARTITION,0.105054
cold_hot,q16,3,PROJECTION,0.01758
cold_hot,q16,3,PROJECTION,0.014328
cold_hot,q16,3,PROJECTION,0.01278
cold_hot,q16,3,RESULT_COLLECTOR,1.05275
cold_hot,q16,3,RESULT_COLLECTOR,1.388546
cold_hot,q16,3,RESULT_COLLECTOR,1.357817
cold_hot,q16,3,SORT_PARTITION,0.009086
cold_hot,q16,3,SORT_PARTITION,0.012163
cold_hot,q16,3,SORT_PARTITION,0.005265
cold_hot,q16,3,SORT_SAMPLE,0.016215
cold_hot,q16,3,SORT_SAMPLE,0.019518
cold_hot,q16,3,SORT_SAMPLE,0.010048
cold_hot,q16,4,CONCAT,0.418608
cold_hot,q16,4,CONCAT,0.224518
cold_hot,q16,4,CONCAT,0.440628
cold_hot,q16,4,DYNAMIC_FILTER,1.145897
cold_hot,q16,4,DYNAMIC_FILTER,1.139453
cold_hot,q16,4,DYNAMIC_FILTER,1.146306
cold_hot,q16,4,FILTER,6.482915
cold_hot,q16,4,FILTER,6.618405
cold_hot,q16,4,FILTER,6.416712
cold_hot,q16,4,GPU_SCAN,188.177894
cold_hot,q16,4,GPU_SCAN,189.76452
cold_hot,q16,4,GPU_SCAN,187.286933
cold_hot,q16,4,HASH_GROUP_BY,81.867604
cold_hot,q16,4,HASH_GROUP_BY,86.681814
cold_hot,q16,4,HASH_GROUP_BY,81.883691
cold_hot,q16,4,HASH_JOIN,9.494263
cold_hot,q16,4,HASH_JOIN,8.838339000000001
cold_hot,q16,4,HASH_JOIN,9.124813
cold_hot,q16,4,MERGE_GROUP_BY,0.518175
cold_hot,q16,4,MERGE_GROUP_BY,0.631956
cold_hot,q16,4,MERGE_GROUP_BY,0.566289
cold_hot,q16,4,MERGE_SORT,0.065145
cold_hot,q16,4,MERGE_SORT,0.018991
cold_hot,q16,4,MERGE_SORT,0.035978
cold_hot,q16,4,ORDER_BY,2.953694
cold_hot,q16,4,ORDER_BY,2.575911
cold_hot,q16,4,ORDER_BY,2.439092
cold_hot,q16,4,PARTITION,0.256003
cold_hot,q16,4,PARTITION,0.381126
cold_hot,q16,4,PARTITION,0.275339
cold_hot,q16,4,PROJECTION,0.019215
cold_hot,q16,4,PROJECTION,0.013669
cold_hot,q16,4,PROJECTION,0.01485
cold_hot,q16,4,RESULT_COLLECTOR,0.876444
cold_hot,q16,4,RESULT_COLLECTOR,0.958898
cold_hot,q16,4,RESULT_COLLECTOR,0.818159
cold_hot,q16,4,SORT_PARTITION,0.007819
cold_hot,q16,4,SORT_PARTITION,0.008496
cold_hot,q16,4,SORT_PARTITION,0.00598
cold_hot,q16,4,SORT_SAMPLE,0.012719
cold_hot,q16,4,SORT_SAMPLE,0.015717
cold_hot,q16,4,SORT_SAMPLE,0.013182
cold_hot,q16,5,CONCAT,0.2821119999999999
cold_hot,q16,5,CONCAT,0.350447
cold_hot,q16,5,CONCAT,0.39477699999999993
cold_hot,q16,5,DYNAMIC_FILTER,1.124193
cold_hot,q16,5,DYNAMIC_FILTER,1.140889
cold_hot,q16,5,DYNAMIC_FILTER,1.113933
cold_hot,q16,5,FILTER,6.347482
cold_hot,q16,5,FILTER,6.756246000000001
cold_hot,q16,5,FILTER,6.297301
cold_hot,q16,5,GPU_SCAN,185.417194
cold_hot,q16,5,GPU_SCAN,188.409064
cold_hot,q16,5,GPU_SCAN,185.44278200000002
cold_hot,q16,5,HASH_GROUP_BY,81.659913
cold_hot,q16,5,HASH_GROUP_BY,87.035855
cold_hot,q16,5,HASH_GROUP_BY,81.474577
cold_hot,q16,5,HASH_JOIN,9.394186000000001
cold_hot,q16,5,HASH_JOIN,9.277552
cold_hot,q16,5,HASH_JOIN,8.864578
cold_hot,q16,5,MERGE_GROUP_BY,0.457489
cold_hot,q16,5,MERGE_GROUP_BY,0.646291
cold_hot,q16,5,MERGE_GROUP_BY,1.083804
cold_hot,q16,5,MERGE_SORT,0.008886
cold_hot,q16,5,MERGE_SORT,0.032212
cold_hot,q16,5,MERGE_SORT,0.032068
cold_hot,q16,5,ORDER_BY,2.823766
cold_hot,q16,5,ORDER_BY,2.64992
cold_hot,q16,5,ORDER_BY,2.413508
cold_hot,q16,5,PARTITION,0.271053
cold_hot,q16,5,PARTITION,0.391262
cold_hot,q16,5,PARTITION,0.262148
cold_hot,q16,5,PROJECTION,0.014152
cold_hot,q16,5,PROJECTION,0.016962
cold_hot,q16,5,PROJECTION,0.015353
cold_hot,q16,5,RESULT_COLLECTOR,0.948008
cold_hot,q16,5,RESULT_COLLECTOR,0.970818
cold_hot,q16,5,RESULT_COLLECTOR,0.908948
cold_hot,q16,5,SORT_PARTITION,0.006389
cold_hot,q16,5,SORT_PARTITION,0.008287
cold_hot,q16,5,SORT_PARTITION,0.007442
cold_hot,q16,5,SORT_SAMPLE,0.010274
cold_hot,q16,5,SORT_SAMPLE,0.015578
cold_hot,q16,5,SORT_SAMPLE,0.010294
cold_hot,q16,6,CONCAT,0.16028799999999999
cold_hot,q16,6,CONCAT,0.403431
cold_hot,q16,6,CONCAT,0.20258299999999999
cold_hot,q16,6,DYNAMIC_FILTER,1.105343
cold_hot,q16,6,DYNAMIC_FILTER,1.135087
cold_hot,q16,6,DYNAMIC_FILTER,1.149073
cold_hot,q16,6,FILTER,6.2892589999999995
cold_hot,q16,6,FILTER,6.848835
cold_hot,q16,6,FILTER,6.446573
cold_hot,q16,6,GPU_SCAN,183.629257
cold_hot,q16,6,GPU_SCAN,185.697478
cold_hot,q16,6,GPU_SCAN,185.585347
cold_hot,q16,6,HASH_GROUP_BY,81.297953
cold_hot,q16,6,HASH_GROUP_BY,86.234002
cold_hot,q16,6,HASH_GROUP_BY,82.394926
cold_hot,q16,6,HASH_JOIN,8.630074
cold_hot,q16,6,HASH_JOIN,9.492199
cold_hot,q16,6,HASH_JOIN,9.515374000000001
cold_hot,q16,6,MERGE_GROUP_BY,0.42512
cold_hot,q16,6,MERGE_GROUP_BY,1.138821
cold_hot,q16,6,MERGE_GROUP_BY,0.462913
cold_hot,q16,6,MERGE_SORT,0.007888
cold_hot,q16,6,MERGE_SORT,0.0089
cold_hot,q16,6,MERGE_SORT,0.02225
cold_hot,q16,6,ORDER_BY,2.314763
cold_hot,q16,6,ORDER_BY,2.523662
cold_hot,q16,6,ORDER_BY,2.711702
cold_hot,q16,6,PARTITION,0.158673
cold_hot,q16,6,PARTITION,0.18573200000000004
cold_hot,q16,6,PARTITION,0.304127
cold_hot,q16,6,PROJECTION,0.013251
cold_hot,q16,6,PROJECTION,0.012197
cold_hot,q16,6,PROJECTION,0.017194
cold_hot,q16,6,RESULT_COLLECTOR,0.739762
cold_hot,q16,6,RESULT_COLLECTOR,0.709919
cold_hot,q16,6,RESULT_COLLECTOR,1.081432
cold_hot,q16,6,SORT_PARTITION,0.008309
cold_hot,q16,6,SORT_PARTITION,0.006066
cold_hot,q16,6,SORT_PARTITION,0.034891
cold_hot,q16,6,SORT_SAMPLE,0.010491
cold_hot,q16,6,SORT_SAMPLE,0.010655
cold_hot,q16,6,SORT_SAMPLE,0.058728
cold_hot,q16,7,CONCAT,0.28599300000000005
cold_hot,q16,7,CONCAT,0.37760099999999996
cold_hot,q16,7,CONCAT,0.37423199999999995
cold_hot,q16,7,DYNAMIC_FILTER,1.138818
cold_hot,q16,7,DYNAMIC_FILTER,1.143397
cold_hot,q16,7,DYNAMIC_FILTER,1.153993
cold_hot,q16,7,FILTER,6.354417
cold_hot,q16,7,FILTER,6.691282
cold_hot,q16,7,FILTER,6.472179000000001
cold_hot,q16,7,GPU_SCAN,183.204908
cold_hot,q16,7,GPU_SCAN,185.256625
cold_hot,q16,7,GPU_SCAN,185.488082
cold_hot,q16,7,HASH_GROUP_BY,82.320057
cold_hot,q16,7,HASH_GROUP_BY,86.346788
cold_hot,q16,7,HASH_GROUP_BY,81.636921
cold_hot,q16,7,HASH_JOIN,8.497259
cold_hot,q16,7,HASH_JOIN,9.295224
cold_hot,q16,7,HASH_JOIN,9.21771
cold_hot,q16,7,MERGE_GROUP_BY,1.193127
cold_hot,q16,7,MERGE_GROUP_BY,1.129532
cold_hot,q16,7,MERGE_GROUP_BY,1.18682
cold_hot,q16,7,MERGE_SORT,0.023064
cold_hot,q16,7,MERGE_SORT,0.008337
cold_hot,q16,7,MERGE_SORT,0.027954
cold_hot,q16,7,ORDER_BY,2.544065
cold_hot,q16,7,ORDER_BY,2.712036
cold_hot,q16,7,ORDER_BY,2.88483
cold_hot,q16,7,PARTITION,0.133199
cold_hot,q16,7,PARTITION,0.334685
cold_hot,q16,7,PARTITION,0.3064
cold_hot,q16,7,PROJECTION,0.015972
cold_hot,q16,7,PROJECTION,0.01521
cold_hot,q16,7,PROJECTION,0.021041
cold_hot,q16,7,RESULT_COLLECTOR,1.068951
cold_hot,q16,7,RESULT_COLLECTOR,1.019781
cold_hot,q16,7,RESULT_COLLECTOR,2.437797
cold_hot,q16,7,SORT_PARTITION,0.007198
cold_hot,q16,7,SORT_PARTITION,0.006947
cold_hot,q16,7,SORT_PARTITION,0.021516
cold_hot,q16,7,SORT_SAMPLE,0.014557
cold_hot,q16,7,SORT_SAMPLE,0.013721
cold_hot,q16,7,SORT_SAMPLE,0.036542
cold_hot,q16,8,CONCAT,0.26948900000000003
cold_hot,q16,8,CONCAT,0.402562
cold_hot,q16,8,CONCAT,0.225737
cold_hot,q16,8,DYNAMIC_FILTER,1.151679
cold_hot,q16,8,DYNAMIC_FILTER,1.134638
cold_hot,q16,8,DYNAMIC_FILTER,1.118107
cold_hot,q16,8,FILTER,6.451312
cold_hot,q16,8,FILTER,6.625107
cold_hot,q16,8,FILTER,6.347898
cold_hot,q16,8,GPU_SCAN,184.447916
cold_hot,q16,8,GPU_SCAN,185.21347999999998
cold_hot,q16,8,GPU_SCAN,183.545145
cold_hot,q16,8,HASH_GROUP_BY,81.87214
cold_hot,q16,8,HASH_GROUP_BY,86.06211
cold_hot,q16,8,HASH_GROUP_BY,81.356437
cold_hot,q16,8,HASH_JOIN,9.337871
cold_hot,q16,8,HASH_JOIN,9.326723
cold_hot,q16,8,HASH_JOIN,9.045487
cold_hot,q16,8,MERGE_GROUP_BY,0.792419
cold_hot,q16,8,MERGE_GROUP_BY,1.110382
cold_hot,q16,8,MERGE_GROUP_BY,1.050388
cold_hot,q16,8,MERGE_SORT,0.014303
cold_hot,q16,8,MERGE_SORT,0.01119
cold_hot,q16,8,MERGE_SORT,0.007275
cold_hot,q16,8,ORDER_BY,2.736432
cold_hot,q16,8,ORDER_BY,2.43681
cold_hot,q16,8,ORDER_BY,2.456759
cold_hot,q16,8,PARTITION,0.206755
cold_hot,q16,8,PARTITION,0.20688099999999998
cold_hot,q16,8,PARTITION,0.250577
cold_hot,q16,8,PROJECTION,0.016145
cold_hot,q16,8,PROJECTION,0.014469
cold_hot,q16,8,PROJECTION,0.013078
cold_hot,q16,8,RESULT_COLLECTOR,1.034095
cold_hot,q16,8,RESULT_COLLECTOR,1.140283
cold_hot,q16,8,RESULT_COLLECTOR,0.825418
cold_hot,q16,8,SORT_PARTITION,0.018382
cold_hot,q16,8,SORT_PARTITION,0.006763
cold_hot,q16,8,SORT_PARTITION,0.024886
cold_hot,q16,8,SORT_SAMPLE,0.030419
cold_hot,q16,8,SORT_SAMPLE,0.013629
cold_hot,q16,8,SORT_SAMPLE,0.0388
cold_hot,q16,9,CONCAT,0.341894
cold_hot,q16,9,CONCAT,0.31449400000000005
cold_hot,q16,9,CONCAT,0.370215
cold_hot,q16,9,DYNAMIC_FILTER,1.108768
cold_hot,q16,9,DYNAMIC_FILTER,1.13206
cold_hot,q16,9,DYNAMIC_FILTER,1.113125
cold_hot,q16,9,FILTER,6.328467
cold_hot,q16,9,FILTER,6.594722
cold_hot,q16,9,FILTER,6.35238
cold_hot,q16,9,GPU_SCAN,184.773094
cold_hot,q16,9,GPU_SCAN,187.961119
cold_hot,q16,9,GPU_SCAN,184.319909
cold_hot,q16,9,HASH_GROUP_BY,81.727069
cold_hot,q16,9,HASH_GROUP_BY,86.313214
cold_hot,q16,9,HASH_GROUP_BY,81.3762
cold_hot,q16,9,HASH_JOIN,8.795952
cold_hot,q16,9,HASH_JOIN,8.690989
cold_hot,q16,9,HASH_JOIN,8.773078
cold_hot,q16,9,MERGE_GROUP_BY,1.097301
cold_hot,q16,9,MERGE_GROUP_BY,0.410124
cold_hot,q16,9,MERGE_GROUP_BY,0.870497
cold_hot,q16,9,MERGE_SORT,0.025439
cold_hot,q16,9,MERGE_SORT,0.007691
cold_hot,q16,9,MERGE_SORT,0.009217
cold_hot,q16,9,ORDER_BY,2.664103
cold_hot,q16,9,ORDER_BY,2.457505
cold_hot,q16,9,ORDER_BY,2.591865
cold_hot,q16,9,PARTITION,0.20998799999999998
cold_hot,q16,9,PARTITION,0.08488399999999999
cold_hot,q16,9,PARTITION,0.347533
cold_hot,q16,9,PROJECTION,0.012681
cold_hot,q16,9,PROJECTION,0.013214
cold_hot,q16,9,PROJECTION,0.011799
cold_hot,q16,9,RESULT_COLLECTOR,1.058598
cold_hot,q16,9,RESULT_COLLECTOR,0.708542
cold_hot,q16,9,RESULT_COLLECTOR,0.7055
cold_hot,q16,9,SORT_PARTITION,0.024792
cold_hot,q16,9,SORT_PARTITION,0.005925
cold_hot,q16,9,SORT_PARTITION,0.005688
cold_hot,q16,9,SORT_SAMPLE,0.044833
cold_hot,q16,9,SORT_SAMPLE,0.01028
cold_hot,q16,9,SORT_SAMPLE,0.010085
cold_hot,q16,10,CONCAT,0.373969
cold_hot,q16,10,CONCAT,0.341677
cold_hot,q16,10,CONCAT,0.292653
cold_hot,q16,10,DYNAMIC_FILTER,1.148665
cold_hot,q16,10,DYNAMIC_FILTER,1.131527
cold_hot,q16,10,DYNAMIC_FILTER,1.108493
cold_hot,q16,10,FILTER,6.415519
cold_hot,q16,10,FILTER,6.61572
cold_hot,q16,10,FILTER,6.314519000000001
cold_hot,q16,10,GPU_SCAN,184.456882
cold_hot,q16,10,GPU_SCAN,189.24463500000002
cold_hot,q16,10,GPU_SCAN,184.31653300000002
cold_hot,q16,10,HASH_GROUP_BY,81.603473
cold_hot,q16,10,HASH_GROUP_BY,86.112359
cold_hot,q16,10,HASH_GROUP_BY,82.184159
cold_hot,q16,10,HASH_JOIN,9.626318000000001
cold_hot,q16,10,HASH_JOIN,8.883401
cold_hot,q16,10,HASH_JOIN,8.656098
cold_hot,q16,10,MERGE_GROUP_BY,0.598875
cold_hot,q16,10,MERGE_GROUP_BY,1.153959
cold_hot,q16,10,MERGE_GROUP_BY,1.040602
cold_hot,q16,10,MERGE_SORT,0.008518
cold_hot,q16,10,MERGE_SORT,0.013133
cold_hot,q16,10,MERGE_SORT,0.012219
cold_hot,q16,10,ORDER_BY,2.714379
cold_hot,q16,10,ORDER_BY,2.651637
cold_hot,q16,10,ORDER_BY,2.611225
cold_hot,q16,10,PARTITION,0.222902
cold_hot,q16,10,PARTITION,0.18368
cold_hot,q16,10,PARTITION,0.217386
cold_hot,q16,10,PROJECTION,0.016096
cold_hot,q16,10,PROJECTION,0.014861
cold_hot,q16,10,PROJECTION,0.011004
cold_hot,q16,10,RESULT_COLLECTOR,0.791217
cold_hot,q16,10,RESULT_COLLECTOR,0.775005
cold_hot,q16,10,RESULT_COLLECTOR,1.317697
cold_hot,q16,10,SORT_PARTITION,0.005964
cold_hot,q16,10,SORT_PARTITION,0.005492
cold_hot,q16,10,SORT_PARTITION,0.010638
cold_hot,q16,10,SORT_SAMPLE,0.009822
cold_hot,q16,10,SORT_SAMPLE,0.00939
cold_hot,q16,10,SORT_SAMPLE,0.018851
cold_hot,q17,1,CONCAT,0.4820709999999999
cold_hot,q17,1,CONCAT,0.414547
cold_hot,q17,1,DYNAMIC_FILTER,31.332827
cold_hot,q17,1,DYNAMIC_FILTER,33.107835
cold_hot,q17,1,FILTER,0.2817
cold_hot,q17,1,FILTER,0.127064
cold_hot,q17,1,GPU_SCAN,6842.412193
cold_hot,q17,1,GPU_SCAN,6780.735006000001
cold_hot,q17,1,HASH_GROUP_BY,4.416549
cold_hot,q17,1,HASH_GROUP_BY,6.275113
cold_hot,q17,1,HASH_JOIN,96.42023999999999
cold_hot,q17,1,HASH_JOIN,128.718683
cold_hot,q17,1,LEFT_DELIM_JOIN,0.230335
cold_hot,q17,1,LEFT_DELIM_JOIN,0.496351
cold_hot,q17,1,MERGE_AGGREGATE,0.014466
cold_hot,q17,1,MERGE_AGGREGATE,0.010104
cold_hot,q17,1,MERGE_GROUP_BY,0.699504
cold_hot,q17,1,MERGE_GROUP_BY,0.5928530000000001
cold_hot,q17,1,PARTITION,0.5221899999999999
cold_hot,q17,1,PARTITION,0.42104900000000006
cold_hot,q17,1,PROJECTION,0.471622
cold_hot,q17,1,PROJECTION,0.5522549999999999
cold_hot,q17,1,RESULT_COLLECTOR,0.093556
cold_hot,q17,1,RESULT_COLLECTOR,0.117062
cold_hot,q17,1,UNGROUPED_AGGREGATE,0.426477
cold_hot,q17,1,UNGROUPED_AGGREGATE,0.17885
cold_hot,q17,2,CONCAT,0.596571
cold_hot,q17,2,CONCAT,0.39197999999999994
cold_hot,q17,2,DYNAMIC_FILTER,29.766428000000005
cold_hot,q17,2,DYNAMIC_FILTER,27.388383999999995
cold_hot,q17,2,FILTER,0.127882
cold_hot,q17,2,FILTER,0.177839
cold_hot,q17,2,GPU_SCAN,6805.350063999998
cold_hot,q17,2,GPU_SCAN,6748.128049
cold_hot,q17,2,HASH_GROUP_BY,6.786927
cold_hot,q17,2,HASH_GROUP_BY,4.842647
cold_hot,q17,2,HASH_JOIN,129.36862499999998
cold_hot,q17,2,HASH_JOIN,100.24776999999999
cold_hot,q17,2,LEFT_DELIM_JOIN,0.240225
cold_hot,q17,2,LEFT_DELIM_JOIN,0.203525
cold_hot,q17,2,MERGE_AGGREGATE,0.035511
cold_hot,q17,2,MERGE_AGGREGATE,0.034286
cold_hot,q17,2,MERGE_GROUP_BY,0.638721
cold_hot,q17,2,MERGE_GROUP_BY,1.4599360000000001
cold_hot,q17,2,PARTITION,0.529925
cold_hot,q17,2,PARTITION,0.638453
cold_hot,q17,2,PROJECTION,0.43808700000000006
cold_hot,q17,2,PROJECTION,0.477733
cold_hot,q17,2,RESULT_COLLECTOR,0.122202
cold_hot,q17,2,RESULT_COLLECTOR,0.119547
cold_hot,q17,2,UNGROUPED_AGGREGATE,0.179964
cold_hot,q17,2,UNGROUPED_AGGREGATE,0.275715
cold_hot,q17,3,CONCAT,0.605273
cold_hot,q17,3,CONCAT,0.37517900000000004
cold_hot,q17,3,DYNAMIC_FILTER,32.679133
cold_hot,q17,3,DYNAMIC_FILTER,25.410571
cold_hot,q17,3,FILTER,0.132478
cold_hot,q17,3,FILTER,0.142597
cold_hot,q17,3,GPU_SCAN,7048.775894
cold_hot,q17,3,GPU_SCAN,6740.615712
cold_hot,q17,3,HASH_GROUP_BY,9.670584999999999
cold_hot,q17,3,HASH_GROUP_BY,8.384901000000001
cold_hot,q17,3,HASH_JOIN,186.72243
cold_hot,q17,3,HASH_JOIN,128.54585
cold_hot,q17,3,LEFT_DELIM_JOIN,0.289523
cold_hot,q17,3,LEFT_DELIM_JOIN,0.255866
cold_hot,q17,3,MERGE_AGGREGATE,0.021308
cold_hot,q17,3,MERGE_AGGREGATE,0.019421
cold_hot,q17,3,MERGE_GROUP_BY,0.5838
cold_hot,q17,3,MERGE_GROUP_BY,1.005686
cold_hot,q17,3,PARTITION,0.661952
cold_hot,q17,3,PARTITION,0.42987500000000006
cold_hot,q17,3,PROJECTION,0.7505590000000001
cold_hot,q17,3,PROJECTION,0.6674610000000001
cold_hot,q17,3,RESULT_COLLECTOR,0.120321
cold_hot,q17,3,RESULT_COLLECTOR,0.142017
cold_hot,q17,3,UNGROUPED_AGGREGATE,0.185665
cold_hot,q17,3,UNGROUPED_AGGREGATE,0.209935
cold_hot,q17,4,CONCAT,0.35696199999999995
cold_hot,q17,4,CONCAT,0.636142
cold_hot,q17,4,DYNAMIC_FILTER,25.715951999999998
cold_hot,q17,4,DYNAMIC_FILTER,29.931540999999996
cold_hot,q17,4,FILTER,0.118733
cold_hot,q17,4,FILTER,0.130771
cold_hot,q17,4,GPU_SCAN,6727.583563000001
cold_hot,q17,4,GPU_SCAN,6912.7625279999975
cold_hot,q17,4,HASH_GROUP_BY,5.452214000000001
cold_hot,q17,4,HASH_GROUP_BY,6.966009
cold_hot,q17,4,HASH_JOIN,129.12860999999998
cold_hot,q17,4,HASH_JOIN,113.78946800000001
cold_hot,q17,4,LEFT_DELIM_JOIN,0.213876
cold_hot,q17,4,LEFT_DELIM_JOIN,0.298478
cold_hot,q17,4,MERGE_AGGREGATE,0.033912
cold_hot,q17,4,MERGE_AGGREGATE,0.041437
cold_hot,q17,4,MERGE_GROUP_BY,0.562523
cold_hot,q17,4,MERGE_GROUP_BY,1.629962
cold_hot,q17,4,PARTITION,0.42290700000000003
cold_hot,q17,4,PARTITION,0.587133
cold_hot,q17,4,PROJECTION,1.2013889999999998
cold_hot,q17,4,PROJECTION,0.384985
cold_hot,q17,4,RESULT_COLLECTOR,0.09493
cold_hot,q17,4,RESULT_COLLECTOR,0.113995
cold_hot,q17,4,UNGROUPED_AGGREGATE,0.159055
cold_hot,q17,4,UNGROUPED_AGGREGATE,0.184161
cold_hot,q17,5,CONCAT,0.4743520000000001
cold_hot,q17,5,CONCAT,0.42220199999999997
cold_hot,q17,5,DYNAMIC_FILTER,26.544214000000004
cold_hot,q17,5,DYNAMIC_FILTER,20.435245
cold_hot,q17,5,FILTER,0.107198
cold_hot,q17,5,FILTER,0.12377
cold_hot,q17,5,GPU_SCAN,6719.793050000001
cold_hot,q17,5,GPU_SCAN,6667.444963999999
cold_hot,q17,5,HASH_GROUP_BY,5.007122999999999
cold_hot,q17,5,HASH_GROUP_BY,5.56819
cold_hot,q17,5,HASH_JOIN,117.97998399999999
cold_hot,q17,5,HASH_JOIN,185.538654
cold_hot,q17,5,LEFT_DELIM_JOIN,0.323537
cold_hot,q17,5,LEFT_DELIM_JOIN,0.222623
cold_hot,q17,5,MERGE_AGGREGATE,0.006984
cold_hot,q17,5,MERGE_AGGREGATE,0.022623
cold_hot,q17,5,MERGE_GROUP_BY,1.361051
cold_hot,q17,5,MERGE_GROUP_BY,0.5262669999999999
cold_hot,q17,5,PARTITION,0.417591
cold_hot,q17,5,PARTITION,0.8168680000000001
cold_hot,q17,5,PROJECTION,1.512467
cold_hot,q17,5,PROJECTION,0.479973
cold_hot,q17,5,RESULT_COLLECTOR,0.177165
cold_hot,q17,5,RESULT_COLLECTOR,0.084321
cold_hot,q17,5,UNGROUPED_AGGREGATE,0.137282
cold_hot,q17,5,UNGROUPED_AGGREGATE,0.148374
cold_hot,q17,6,CONCAT,0.45181499999999997
cold_hot,q17,6,CONCAT,0.6094939999999998
cold_hot,q17,6,DYNAMIC_FILTER,25.845481999999993
cold_hot,q17,6,DYNAMIC_FILTER,24.874379
cold_hot,q17,6,FILTER,0.124882
cold_hot,q17,6,FILTER,0.135516
cold_hot,q17,6,GPU_SCAN,6608.487978000001
cold_hot,q17,6,GPU_SCAN,6610.813388000001
cold_hot,q17,6,HASH_GROUP_BY,6.119031
cold_hot,q17,6,HASH_GROUP_BY,6.385425
cold_hot,q17,6,HASH_JOIN,129.968467
cold_hot,q17,6,HASH_JOIN,97.27629
cold_hot,q17,6,LEFT_DELIM_JOIN,0.156318
cold_hot,q17,6,LEFT_DELIM_JOIN,0.250205
cold_hot,q17,6,MERGE_AGGREGATE,0.015723
cold_hot,q17,6,MERGE_AGGREGATE,0.020574
cold_hot,q17,6,MERGE_GROUP_BY,1.6195849999999998
cold_hot,q17,6,MERGE_GROUP_BY,1.074252
cold_hot,q17,6,PARTITION,0.5602050000000001
cold_hot,q17,6,PARTITION,0.6149010000000001
cold_hot,q17,6,PROJECTION,0.454801
cold_hot,q17,6,PROJECTION,0.751612
cold_hot,q17,6,RESULT_COLLECTOR,0.108978
cold_hot,q17,6,RESULT_COLLECTOR,0.123757
cold_hot,q17,6,UNGROUPED_AGGREGATE,0.175279
cold_hot,q17,6,UNGROUPED_AGGREGATE,0.190481
cold_hot,q17,7,CONCAT,0.50042
cold_hot,q17,7,CONCAT,0.7917380000000002
cold_hot,q17,7,DYNAMIC_FILTER,35.844401000000005
cold_hot,q17,7,DYNAMIC_FILTER,22.863289999999996
cold_hot,q17,7,FILTER,0.127992
cold_hot,q17,7,FILTER,0.137495
cold_hot,q17,7,GPU_SCAN,6981.248256000002
cold_hot,q17,7,GPU_SCAN,6680.066131999998
cold_hot,q17,7,HASH_GROUP_BY,7.878245000000001
cold_hot,q17,7,HASH_GROUP_BY,9.636400000000002
cold_hot,q17,7,HASH_JOIN,129.92270599999998
cold_hot,q17,7,HASH_JOIN,131.15690999999998
cold_hot,q17,7,LEFT_DELIM_JOIN,0.279509
cold_hot,q17,7,LEFT_DELIM_JOIN,0.344942
cold_hot,q17,7,MERGE_AGGREGATE,0.01632
cold_hot,q17,7,MERGE_AGGREGATE,0.077404
cold_hot,q17,7,MERGE_GROUP_BY,1.290109
cold_hot,q17,7,MERGE_GROUP_BY,0.89315
cold_hot,q17,7,PARTITION,1.001494
cold_hot,q17,7,PARTITION,0.6519309999999999
cold_hot,q17,7,PROJECTION,0.35079899999999997
cold_hot,q17,7,PROJECTION,0.7934479999999999
cold_hot,q17,7,RESULT_COLLECTOR,0.113899
cold_hot,q17,7,RESULT_COLLECTOR,0.148543
cold_hot,q17,7,UNGROUPED_AGGREGATE,0.17521
cold_hot,q17,7,UNGROUPED_AGGREGATE,0.197102
cold_hot,q17,8,CONCAT,0.506504
cold_hot,q17,8,CONCAT,0.33422900000000005
cold_hot,q17,8,DYNAMIC_FILTER,35.16196600000001
cold_hot,q17,8,DYNAMIC_FILTER,30.132807000000003
cold_hot,q17,8,FILTER,0.127127
cold_hot,q17,8,FILTER,0.119997
cold_hot,q17,8,GPU_SCAN,6914.587046
cold_hot,q17,8,GPU_SCAN,6896.07093
cold_hot,q17,8,HASH_GROUP_BY,3.517086999999999
cold_hot,q17,8,HASH_GROUP_BY,6.180625000000001
cold_hot,q17,8,HASH_JOIN,93.349102
cold_hot,q17,8,HASH_JOIN,189.280436
cold_hot,q17,8,LEFT_DELIM_JOIN,0.23489
cold_hot,q17,8,LEFT_DELIM_JOIN,0.263528
cold_hot,q17,8,MERGE_AGGREGATE,0.03104
cold_hot,q17,8,MERGE_AGGREGATE,0.013655
cold_hot,q17,8,MERGE_GROUP_BY,0.569352
cold_hot,q17,8,MERGE_GROUP_BY,1.003082
cold_hot,q17,8,PARTITION,0.5423079999999999
cold_hot,q17,8,PARTITION,0.496351
cold_hot,q17,8,PROJECTION,0.5057170000000001
cold_hot,q17,8,PROJECTION,0.514204
cold_hot,q17,8,RESULT_COLLECTOR,0.082457
cold_hot,q17,8,RESULT_COLLECTOR,0.087028
cold_hot,q17,8,UNGROUPED_AGGREGATE,0.179546
cold_hot,q17,8,UNGROUPED_AGGREGATE,0.147255
cold_hot,q17,9,CONCAT,0.7485360000000001
cold_hot,q17,9,CONCAT,0.46788099999999994
cold_hot,q17,9,DYNAMIC_FILTER,29.961934000000003
cold_hot,q17,9,DYNAMIC_FILTER,24.787301000000003
cold_hot,q17,9,FILTER,0.294282
cold_hot,q17,9,FILTER,0.113655
cold_hot,q17,9,GPU_SCAN,6866.145529000002
cold_hot,q17,9,GPU_SCAN,6758.5987319999995
cold_hot,q17,9,HASH_GROUP_BY,4.512468999999999
cold_hot,q17,9,HASH_GROUP_BY,4.826415
cold_hot,q17,9,HASH_JOIN,129.838352
cold_hot,q17,9,HASH_JOIN,129.206556
cold_hot,q17,9,LEFT_DELIM_JOIN,0.174965
cold_hot,q17,9,LEFT_DELIM_JOIN,0.192566
cold_hot,q17,9,MERGE_AGGREGATE,0.033262
cold_hot,q17,9,MERGE_AGGREGATE,0.010678
cold_hot,q17,9,MERGE_GROUP_BY,0.496809
cold_hot,q17,9,MERGE_GROUP_BY,0.5768679999999999
cold_hot,q17,9,PARTITION,0.5806540000000001
cold_hot,q17,9,PARTITION,0.468408
cold_hot,q17,9,PROJECTION,0.400026
cold_hot,q17,9,PROJECTION,0.640789
cold_hot,q17,9,RESULT_COLLECTOR,0.090881
cold_hot,q17,9,RESULT_COLLECTOR,0.091584
cold_hot,q17,9,UNGROUPED_AGGREGATE,0.244264
cold_hot,q17,9,UNGROUPED_AGGREGATE,0.151
cold_hot,q17,10,CONCAT,0.288627
cold_hot,q17,10,CONCAT,1.1738830000000005
cold_hot,q17,10,DYNAMIC_FILTER,24.142052
cold_hot,q17,10,DYNAMIC_FILTER,26.380899000000003
cold_hot,q17,10,FILTER,0.114317
cold_hot,q17,10,FILTER,0.10974
cold_hot,q17,10,GPU_SCAN,6679.1551150000005
cold_hot,q17,10,GPU_SCAN,6700.419486000002
cold_hot,q17,10,HASH_GROUP_BY,5.366848
cold_hot,q17,10,HASH_GROUP_BY,2.791039
cold_hot,q17,10,HASH_JOIN,128.284207
cold_hot,q17,10,HASH_JOIN,93.298131
cold_hot,q17,10,LEFT_DELIM_JOIN,0.240023
cold_hot,q17,10,LEFT_DELIM_JOIN,0.20268
cold_hot,q17,10,MERGE_AGGREGATE,0.027817
cold_hot,q17,10,MERGE_AGGREGATE,0.033602
cold_hot,q17,10,MERGE_GROUP_BY,1.2049320000000001
cold_hot,q17,10,MERGE_GROUP_BY,0.63341
cold_hot,q17,10,PARTITION,0.46541099999999996
cold_hot,q17,10,PARTITION,0.395271
cold_hot,q17,10,PROJECTION,0.311053
cold_hot,q17,10,PROJECTION,0.5426989999999999
cold_hot,q17,10,RESULT_COLLECTOR,0.100773
cold_hot,q17,10,RESULT_COLLECTOR,0.074945
cold_hot,q17,10,UNGROUPED_AGGREGATE,0.144467
cold_hot,q17,10,UNGROUPED_AGGREGATE,0.134915
cold_hot,q18,1,CONCAT,0.98686
cold_hot,q18,1,CONCAT,1.182963
cold_hot,q18,1,DYNAMIC_FILTER,40.496236
cold_hot,q18,1,DYNAMIC_FILTER,29.661952
cold_hot,q18,1,FILTER,7.492065
cold_hot,q18,1,FILTER,7.316436
cold_hot,q18,1,GPU_SCAN,4198.701569
cold_hot,q18,1,GPU_SCAN,4047.8997910000003
cold_hot,q18,1,HASH_GROUP_BY,389.05342599999994
cold_hot,q18,1,HASH_GROUP_BY,175.49147100000002
cold_hot,q18,1,HASH_JOIN,4.602431999999999
cold_hot,q18,1,HASH_JOIN,4.6711089999999995
cold_hot,q18,1,MERGE_GROUP_BY,305.763891
cold_hot,q18,1,MERGE_GROUP_BY,306.30413500000003
cold_hot,q18,1,MERGE_SORT,0.835154
cold_hot,q18,1,MERGE_SORT,0.654835
cold_hot,q18,1,ORDER_BY,0.624643
cold_hot,q18,1,ORDER_BY,0.498831
cold_hot,q18,1,PARTITION,78.61561399999997
cold_hot,q18,1,PARTITION,60.668482000000004
cold_hot,q18,1,PROJECTION,0.028625
cold_hot,q18,1,PROJECTION,0.045127
cold_hot,q18,1,RESULT_COLLECTOR,0.496872
cold_hot,q18,1,RESULT_COLLECTOR,0.85286
cold_hot,q18,1,SORT_PARTITION,0.508546
cold_hot,q18,1,SORT_PARTITION,0.561419
cold_hot,q18,1,SORT_SAMPLE,0.051989
cold_hot,q18,1,SORT_SAMPLE,0.093463
cold_hot,q18,2,CONCAT,0.625417
cold_hot,q18,2,CONCAT,0.746147
cold_hot,q18,2,DYNAMIC_FILTER,32.519807
cold_hot,q18,2,DYNAMIC_FILTER,26.762979
cold_hot,q18,2,FILTER,7.723841
cold_hot,q18,2,FILTER,7.631373999999999
cold_hot,q18,2,GPU_SCAN,4164.742106000001
cold_hot,q18,2,GPU_SCAN,4159.917536
cold_hot,q18,2,HASH_GROUP_BY,216.905764
cold_hot,q18,2,HASH_GROUP_BY,320.94226399999997
cold_hot,q18,2,HASH_JOIN,4.462483
cold_hot,q18,2,HASH_JOIN,4.824517
cold_hot,q18,2,MERGE_GROUP_BY,307.1258
cold_hot,q18,2,MERGE_GROUP_BY,307.76277
cold_hot,q18,2,MERGE_SORT,0.431521
cold_hot,q18,2,MERGE_SORT,0.623627
cold_hot,q18,2,ORDER_BY,0.737041
cold_hot,q18,2,ORDER_BY,0.753113
cold_hot,q18,2,PARTITION,58.91671799999999
cold_hot,q18,2,PARTITION,61.04980200000001
cold_hot,q18,2,PROJECTION,0.036283
cold_hot,q18,2,PROJECTION,0.046307
cold_hot,q18,2,RESULT_COLLECTOR,0.266266
cold_hot,q18,2,RESULT_COLLECTOR,0.503363
cold_hot,q18,2,SORT_PARTITION,0.489228
cold_hot,q18,2,SORT_PARTITION,1.123994
cold_hot,q18,2,SORT_SAMPLE,0.039784
cold_hot,q18,2,SORT_SAMPLE,0.241987
cold_hot,q18,3,CONCAT,0.48629999999999995
cold_hot,q18,3,CONCAT,1.1829459999999998
cold_hot,q18,3,DYNAMIC_FILTER,38.286809
cold_hot,q18,3,DYNAMIC_FILTER,37.504634
cold_hot,q18,3,FILTER,7.6902349999999995
cold_hot,q18,3,FILTER,7.887729
cold_hot,q18,3,GPU_SCAN,4275.968660999999
cold_hot,q18,3,GPU_SCAN,4240.353069
cold_hot,q18,3,HASH_GROUP_BY,265.90481600000004
cold_hot,q18,3,HASH_GROUP_BY,318.07020600000004
cold_hot,q18,3,HASH_JOIN,4.174102
cold_hot,q18,3,HASH_JOIN,4.934188
cold_hot,q18,3,MERGE_GROUP_BY,307.105786
cold_hot,q18,3,MERGE_GROUP_BY,308.27547599999997
cold_hot,q18,3,MERGE_SORT,1.411077
cold_hot,q18,3,MERGE_SORT,1.479448
cold_hot,q18,3,ORDER_BY,0.432958
cold_hot,q18,3,ORDER_BY,0.98468
cold_hot,q18,3,PARTITION,59.819911
cold_hot,q18,3,PARTITION,59.74437399999999
cold_hot,q18,3,PROJECTION,0.012914
cold_hot,q18,3,PROJECTION,0.048572
cold_hot,q18,3,RESULT_COLLECTOR,0.336951
cold_hot,q18,3,RESULT_COLLECTOR,0.502638
cold_hot,q18,3,SORT_PARTITION,0.457328
cold_hot,q18,3,SORT_PARTITION,0.638851
cold_hot,q18,3,SORT_SAMPLE,0.035042
cold_hot,q18,3,SORT_SAMPLE,0.146325
cold_hot,q18,4,CONCAT,0.45172700000000005
cold_hot,q18,4,CONCAT,0.752248
cold_hot,q18,4,DYNAMIC_FILTER,35.684308
cold_hot,q18,4,DYNAMIC_FILTER,34.287294
cold_hot,q18,4,FILTER,7.292237
cold_hot,q18,4,FILTER,7.305871000000001
cold_hot,q18,4,GPU_SCAN,4148.673304
cold_hot,q18,4,GPU_SCAN,4165.518055
cold_hot,q18,4,HASH_GROUP_BY,201.961113
cold_hot,q18,4,HASH_GROUP_BY,254.679497
cold_hot,q18,4,HASH_JOIN,4.735622
cold_hot,q18,4,HASH_JOIN,4.652134
cold_hot,q18,4,MERGE_GROUP_BY,308.67924600000003
cold_hot,q18,4,MERGE_GROUP_BY,307.008461
cold_hot,q18,4,MERGE_SORT,0.442177
cold_hot,q18,4,MERGE_SORT,0.396085
cold_hot,q18,4,ORDER_BY,0.378946
cold_hot,q18,4,ORDER_BY,0.52401
cold_hot,q18,4,PARTITION,60.267661
cold_hot,q18,4,PARTITION,61.71913900000002
cold_hot,q18,4,PROJECTION,0.040988
cold_hot,q18,4,PROJECTION,0.041479
cold_hot,q18,4,RESULT_COLLECTOR,0.256549
cold_hot,q18,4,RESULT_COLLECTOR,0.177867
cold_hot,q18,4,SORT_PARTITION,0.455437
cold_hot,q18,4,SORT_PARTITION,0.65838
cold_hot,q18,4,SORT_SAMPLE,0.036434
cold_hot,q18,4,SORT_SAMPLE,0.053869
cold_hot,q18,5,CONCAT,1.0436269999999999
cold_hot,q18,5,CONCAT,0.531391
cold_hot,q18,5,DYNAMIC_FILTER,28.637110000000003
cold_hot,q18,5,DYNAMIC_FILTER,32.142826
cold_hot,q18,5,FILTER,7.5081620000000004
cold_hot,q18,5,FILTER,7.387626
cold_hot,q18,5,GPU_SCAN,4211.143981000001
cold_hot,q18,5,GPU_SCAN,4173.471342
cold_hot,q18,5,HASH_GROUP_BY,299.013216
cold_hot,q18,5,HASH_GROUP_BY,243.02184999999997
cold_hot,q18,5,HASH_JOIN,4.339976
cold_hot,q18,5,HASH_JOIN,4.782486
cold_hot,q18,5,MERGE_GROUP_BY,308.65897099999995
cold_hot,q18,5,MERGE_GROUP_BY,308.242016
cold_hot,q18,5,MERGE_SORT,0.503711
cold_hot,q18,5,MERGE_SORT,0.508101
cold_hot,q18,5,ORDER_BY,0.544713
cold_hot,q18,5,ORDER_BY,0.561836
cold_hot,q18,5,PARTITION,61.985771
cold_hot,q18,5,PARTITION,60.71365999999998
cold_hot,q18,5,PROJECTION,0.029116
cold_hot,q18,5,PROJECTION,0.044344
cold_hot,q18,5,RESULT_COLLECTOR,0.396019
cold_hot,q18,5,RESULT_COLLECTOR,0.315628
cold_hot,q18,5,SORT_PARTITION,0.583033
cold_hot,q18,5,SORT_PARTITION,0.808853
cold_hot,q18,5,SORT_SAMPLE,0.054984
cold_hot,q18,5,SORT_SAMPLE,0.055122
cold_hot,q18,6,CONCAT,0.8171999999999999
cold_hot,q18,6,CONCAT,0.75363
cold_hot,q18,6,DYNAMIC_FILTER,40.99492000000001
cold_hot,q18,6,DYNAMIC_FILTER,36.629312999999996
cold_hot,q18,6,FILTER,7.216369
cold_hot,q18,6,FILTER,7.028420000000001
cold_hot,q18,6,GPU_SCAN,4171.114902
cold_hot,q18,6,GPU_SCAN,4120.290299
cold_hot,q18,6,HASH_GROUP_BY,249.939239
cold_hot,q18,6,HASH_GROUP_BY,309.587354
cold_hot,q18,6,HASH_JOIN,4.702812
cold_hot,q18,6,HASH_JOIN,4.423557000000001
cold_hot,q18,6,MERGE_GROUP_BY,309.11723400000005
cold_hot,q18,6,MERGE_GROUP_BY,306.236634
cold_hot,q18,6,MERGE_SORT,0.426921
cold_hot,q18,6,MERGE_SORT,0.47103
cold_hot,q18,6,ORDER_BY,0.525007
cold_hot,q18,6,ORDER_BY,0.490746
cold_hot,q18,6,PARTITION,60.83900799999999
cold_hot,q18,6,PARTITION,60.318667000000005
cold_hot,q18,6,PROJECTION,0.042719
cold_hot,q18,6,PROJECTION,0.039724
cold_hot,q18,6,RESULT_COLLECTOR,0.347981
cold_hot,q18,6,RESULT_COLLECTOR,0.359502
cold_hot,q18,6,SORT_PARTITION,0.514506
cold_hot,q18,6,SORT_PARTITION,0.55564
cold_hot,q18,6,SORT_SAMPLE,0.04317
cold_hot,q18,6,SORT_SAMPLE,0.08774
cold_hot,q18,7,CONCAT,0.6732940000000001
cold_hot,q18,7,CONCAT,1.05905
cold_hot,q18,7,DYNAMIC_FILTER,31.910700999999996
cold_hot,q18,7,DYNAMIC_FILTER,27.206362999999996
cold_hot,q18,7,FILTER,7.336311
cold_hot,q18,7,FILTER,7.280341999999999
cold_hot,q18,7,GPU_SCAN,4112.547627999999
cold_hot,q18,7,GPU_SCAN,4242.052536
cold_hot,q18,7,HASH_GROUP_BY,293.06116800000007
cold_hot,q18,7,HASH_GROUP_BY,280.18056800000005
cold_hot,q18,7,HASH_JOIN,4.509618
cold_hot,q18,7,HASH_JOIN,4.41478
cold_hot,q18,7,MERGE_GROUP_BY,306.895099
cold_hot,q18,7,MERGE_GROUP_BY,307.07395399999996
cold_hot,q18,7,MERGE_SORT,0.40119
cold_hot,q18,7,MERGE_SORT,0.478177
cold_hot,q18,7,ORDER_BY,0.568405
cold_hot,q18,7,ORDER_BY,0.81129
cold_hot,q18,7,PARTITION,59.50600299999998
cold_hot,q18,7,PARTITION,60.271802000000015
cold_hot,q18,7,PROJECTION,0.026964
cold_hot,q18,7,PROJECTION,0.016848
cold_hot,q18,7,RESULT_COLLECTOR,0.133271
cold_hot,q18,7,RESULT_COLLECTOR,0.465938
cold_hot,q18,7,SORT_PARTITION,0.813913
cold_hot,q18,7,SORT_PARTITION,0.651403
cold_hot,q18,7,SORT_SAMPLE,0.066399
cold_hot,q18,7,SORT_SAMPLE,0.043913
cold_hot,q18,8,CONCAT,0.754108
cold_hot,q18,8,CONCAT,0.5069140000000001
cold_hot,q18,8,DYNAMIC_FILTER,34.998146000000006
cold_hot,q18,8,DYNAMIC_FILTER,31.370252
cold_hot,q18,8,FILTER,7.448955
cold_hot,q18,8,FILTER,7.573855
cold_hot,q18,8,GPU_SCAN,4093.471673
cold_hot,q18,8,GPU_SCAN,4062.1225560000003
cold_hot,q18,8,HASH_GROUP_BY,312.915662
cold_hot,q18,8,HASH_GROUP_BY,317.094992
cold_hot,q18,8,HASH_JOIN,4.344712
cold_hot,q18,8,HASH_JOIN,4.326868
cold_hot,q18,8,MERGE_GROUP_BY,307.89930599999997
cold_hot,q18,8,MERGE_GROUP_BY,307.955234
cold_hot,q18,8,MERGE_SORT,0.381831
cold_hot,q18,8,MERGE_SORT,0.420257
cold_hot,q18,8,ORDER_BY,0.540822
cold_hot,q18,8,ORDER_BY,0.616434
cold_hot,q18,8,PARTITION,60.094176
cold_hot,q18,8,PARTITION,59.90128600000002
cold_hot,q18,8,PROJECTION,0.044073
cold_hot,q18,8,PROJECTION,0.041003
cold_hot,q18,8,RESULT_COLLECTOR,0.358691
cold_hot,q18,8,RESULT_COLLECTOR,0.593255
cold_hot,q18,8,SORT_PARTITION,0.419862
cold_hot,q18,8,SORT_PARTITION,0.79258
cold_hot,q18,8,SORT_SAMPLE,0.030966
cold_hot,q18,8,SORT_SAMPLE,0.103927
cold_hot,q18,9,CONCAT,0.645227
cold_hot,q18,9,CONCAT,0.607417
cold_hot,q18,9,DYNAMIC_FILTER,32.980855
cold_hot,q18,9,DYNAMIC_FILTER,29.541818000000003
cold_hot,q18,9,FILTER,7.885877000000001
cold_hot,q18,9,FILTER,7.660126999999999
cold_hot,q18,9,GPU_SCAN,4156.694305000001
cold_hot,q18,9,GPU_SCAN,4124.814791999999
cold_hot,q18,9,HASH_GROUP_BY,235.61858499999997
cold_hot,q18,9,HASH_GROUP_BY,320.3970560000001
cold_hot,q18,9,HASH_JOIN,4.95646
cold_hot,q18,9,HASH_JOIN,4.868461
cold_hot,q18,9,MERGE_GROUP_BY,309.66546200000005
cold_hot,q18,9,MERGE_GROUP_BY,307.946319
cold_hot,q18,9,MERGE_SORT,0.44658
cold_hot,q18,9,MERGE_SORT,0.436327
cold_hot,q18,9,ORDER_BY,0.502237
cold_hot,q18,9,ORDER_BY,0.559875
cold_hot,q18,9,PARTITION,60.696749
cold_hot,q18,9,PARTITION,61.72482599999998
cold_hot,q18,9,PROJECTION,0.040959
cold_hot,q18,9,PROJECTION,0.041122
cold_hot,q18,9,RESULT_COLLECTOR,0.469994
cold_hot,q18,9,RESULT_COLLECTOR,0.15145
cold_hot,q18,9,SORT_PARTITION,0.561022
cold_hot,q18,9,SORT_PARTITION,0.505269
cold_hot,q18,9,SORT_SAMPLE,0.062466
cold_hot,q18,9,SORT_SAMPLE,0.039941
cold_hot,q18,10,CONCAT,0.786012
cold_hot,q18,10,CONCAT,0.573354
cold_hot,q18,10,DYNAMIC_FILTER,36.98352800000001
cold_hot,q18,10,DYNAMIC_FILTER,39.467275
cold_hot,q18,10,FILTER,6.886201
cold_hot,q18,10,FILTER,7.12161
cold_hot,q18,10,GPU_SCAN,4171.408053
cold_hot,q18,10,GPU_SCAN,4196.253789
cold_hot,q18,10,HASH_GROUP_BY,306.037707
cold_hot,q18,10,HASH_GROUP_BY,290.30369
cold_hot,q18,10,HASH_JOIN,4.356778
cold_hot,q18,10,HASH_JOIN,4.544594
cold_hot,q18,10,MERGE_GROUP_BY,307.519739
cold_hot,q18,10,MERGE_GROUP_BY,308.28379
cold_hot,q18,10,MERGE_SORT,0.39913
cold_hot,q18,10,MERGE_SORT,0.401846
cold_hot,q18,10,ORDER_BY,0.586538
cold_hot,q18,10,ORDER_BY,0.558822
cold_hot,q18,10,PARTITION,61.085266
cold_hot,q18,10,PARTITION,59.76142000000001
cold_hot,q18,10,PROJECTION,0.013479
cold_hot,q18,10,PROJECTION,0.041405
cold_hot,q18,10,RESULT_COLLECTOR,0.341624
cold_hot,q18,10,RESULT_COLLECTOR,0.375103
cold_hot,q18,10,SORT_PARTITION,0.440049
cold_hot,q18,10,SORT_PARTITION,0.452513
cold_hot,q18,10,SORT_SAMPLE,0.03305
cold_hot,q18,10,SORT_SAMPLE,0.0494
cold_hot,q19,1,CONCAT,3.9780379999999997
cold_hot,q19,1,CONCAT,4.156845
cold_hot,q19,1,DYNAMIC_FILTER,3.728926
cold_hot,q19,1,DYNAMIC_FILTER,4.563067
cold_hot,q19,1,FILTER,34.631645999999996
cold_hot,q19,1,FILTER,42.807045
cold_hot,q19,1,GPU_SCAN,4964.021603000001
cold_hot,q19,1,GPU_SCAN,5098.407031
cold_hot,q19,1,HASH_JOIN,21.445665
cold_hot,q19,1,HASH_JOIN,21.308894
cold_hot,q19,1,MERGE_AGGREGATE,0.065684
cold_hot,q19,1,MERGE_AGGREGATE,0.048218
cold_hot,q19,1,PARTITION,0.6314409999999999
cold_hot,q19,1,PARTITION,0.8784409999999998
cold_hot,q19,1,PROJECTION,0.071629
cold_hot,q19,1,PROJECTION,0.088213
cold_hot,q19,1,RESULT_COLLECTOR,0.189965
cold_hot,q19,1,RESULT_COLLECTOR,0.214117
cold_hot,q19,1,UNGROUPED_AGGREGATE,0.136788
cold_hot,q19,1,UNGROUPED_AGGREGATE,0.164402
cold_hot,q19,2,CONCAT,4.368688
cold_hot,q19,2,CONCAT,4.119079999999999
cold_hot,q19,2,DYNAMIC_FILTER,3.779362
cold_hot,q19,2,DYNAMIC_FILTER,3.705902
cold_hot,q19,2,FILTER,34.27154099999999
cold_hot,q19,2,FILTER,32.212700999999996
cold_hot,q19,2,GPU_SCAN,4992.098168000001
cold_hot,q19,2,GPU_SCAN,4968.425340000001
cold_hot,q19,2,HASH_JOIN,21.425425
cold_hot,q19,2,HASH_JOIN,21.248712
cold_hot,q19,2,MERGE_AGGREGATE,0.070848
cold_hot,q19,2,MERGE_AGGREGATE,0.083449
cold_hot,q19,2,PARTITION,0.8635679999999999
cold_hot,q19,2,PARTITION,0.542929
cold_hot,q19,2,PROJECTION,0.108792
cold_hot,q19,2,PROJECTION,0.081111
cold_hot,q19,2,RESULT_COLLECTOR,0.27812
cold_hot,q19,2,RESULT_COLLECTOR,0.207327
cold_hot,q19,2,UNGROUPED_AGGREGATE,0.199896
cold_hot,q19,2,UNGROUPED_AGGREGATE,0.135751
cold_hot,q19,3,CONCAT,4.376914
cold_hot,q19,3,CONCAT,4.065438
cold_hot,q19,3,DYNAMIC_FILTER,3.797382
cold_hot,q19,3,DYNAMIC_FILTER,3.733253
cold_hot,q19,3,FILTER,36.11923300000001
cold_hot,q19,3,FILTER,33.545610999999994
cold_hot,q19,3,GPU_SCAN,5124.744170999999
cold_hot,q19,3,GPU_SCAN,5162.144644000002
cold_hot,q19,3,HASH_JOIN,21.93325
cold_hot,q19,3,HASH_JOIN,21.332421
cold_hot,q19,3,MERGE_AGGREGATE,0.075432
cold_hot,q19,3,MERGE_AGGREGATE,0.064807
cold_hot,q19,3,PARTITION,0.6330960000000001
cold_hot,q19,3,PARTITION,0.4193760000000001
cold_hot,q19,3,PROJECTION,0.106596
cold_hot,q19,3,PROJECTION,0.069764
cold_hot,q19,3,RESULT_COLLECTOR,0.200694
cold_hot,q19,3,RESULT_COLLECTOR,0.210181
cold_hot,q19,3,UNGROUPED_AGGREGATE,0.212321
cold_hot,q19,3,UNGROUPED_AGGREGATE,0.138543
cold_hot,q19,4,CONCAT,3.617616
cold_hot,q19,4,CONCAT,4.004892
cold_hot,q19,4,DYNAMIC_FILTER,3.787521
cold_hot,q19,4,DYNAMIC_FILTER,3.913199
cold_hot,q19,4,FILTER,37.429776000000004
cold_hot,q19,4,FILTER,37.907335
cold_hot,q19,4,GPU_SCAN,5056.144587999999
cold_hot,q19,4,GPU_SCAN,5189.132665
cold_hot,q19,4,HASH_JOIN,21.480319
cold_hot,q19,4,HASH_JOIN,21.607506
cold_hot,q19,4,MERGE_AGGREGATE,0.086599
cold_hot,q19,4,MERGE_AGGREGATE,0.035227
cold_hot,q19,4,PARTITION,0.6818580000000001
cold_hot,q19,4,PARTITION,0.47769700000000004
cold_hot,q19,4,PROJECTION,0.092402
cold_hot,q19,4,PROJECTION,0.09837
cold_hot,q19,4,RESULT_COLLECTOR,0.297471
cold_hot,q19,4,RESULT_COLLECTOR,0.266335
cold_hot,q19,4,UNGROUPED_AGGREGATE,0.192324
cold_hot,q19,4,UNGROUPED_AGGREGATE,0.201917
cold_hot,q19,5,CONCAT,3.9907730000000003
cold_hot,q19,5,CONCAT,3.622999
cold_hot,q19,5,DYNAMIC_FILTER,3.823415
cold_hot,q19,5,DYNAMIC_FILTER,3.762618
cold_hot,q19,5,FILTER,31.172367000000005
cold_hot,q19,5,FILTER,33.162607
cold_hot,q19,5,GPU_SCAN,5060.457509
cold_hot,q19,5,GPU_SCAN,5140.221600000001
cold_hot,q19,5,HASH_JOIN,21.549161
cold_hot,q19,5,HASH_JOIN,21.281947
cold_hot,q19,5,MERGE_AGGREGATE,0.056267
cold_hot,q19,5,MERGE_AGGREGATE,0.016883
cold_hot,q19,5,PARTITION,0.5229180000000001
cold_hot,q19,5,PARTITION,0.4541009999999999
cold_hot,q19,5,PROJECTION,0.079462
cold_hot,q19,5,PROJECTION,0.071209
cold_hot,q19,5,RESULT_COLLECTOR,0.257426
cold_hot,q19,5,RESULT_COLLECTOR,0.099511
cold_hot,q19,5,UNGROUPED_AGGREGATE,0.148724
cold_hot,q19,5,UNGROUPED_AGGREGATE,0.14073
cold_hot,q19,6,CONCAT,4.175602
cold_hot,q19,6,CONCAT,4.400246
cold_hot,q19,6,DYNAMIC_FILTER,3.815287
cold_hot,q19,6,DYNAMIC_FILTER,4.35619
cold_hot,q19,6,FILTER,33.163900000000005
cold_hot,q19,6,FILTER,37.283197
cold_hot,q19,6,GPU_SCAN,4980.492810000002
cold_hot,q19,6,GPU_SCAN,5072.9558959999995
cold_hot,q19,6,HASH_JOIN,21.427573
cold_hot,q19,6,HASH_JOIN,21.366414
cold_hot,q19,6,MERGE_AGGREGATE,0.057756
cold_hot,q19,6,MERGE_AGGREGATE,0.085313
cold_hot,q19,6,PARTITION,0.38415800000000005
cold_hot,q19,6,PARTITION,0.6289739999999998
cold_hot,q19,6,PROJECTION,0.073913
cold_hot,q19,6,PROJECTION,0.098568
cold_hot,q19,6,RESULT_COLLECTOR,0.223545
cold_hot,q19,6,RESULT_COLLECTOR,0.251951
cold_hot,q19,6,UNGROUPED_AGGREGATE,0.13679
cold_hot,q19,6,UNGROUPED_AGGREGATE,0.188591
cold_hot,q19,7,CONCAT,3.624642
cold_hot,q19,7,CONCAT,4.045676
cold_hot,q19,7,DYNAMIC_FILTER,3.805578
cold_hot,q19,7,DYNAMIC_FILTER,3.729882
cold_hot,q19,7,FILTER,36.296420000000005
cold_hot,q19,7,FILTER,37.48869
cold_hot,q19,7,GPU_SCAN,5037.066954999999
cold_hot,q19,7,GPU_SCAN,5095.196078999999
cold_hot,q19,7,HASH_JOIN,21.327222
cold_hot,q19,7,HASH_JOIN,21.374302
cold_hot,q19,7,MERGE_AGGREGATE,0.035983
cold_hot,q19,7,MERGE_AGGREGATE,0.022933
cold_hot,q19,7,PARTITION,0.554018
cold_hot,q19,7,PARTITION,0.7788020000000002
cold_hot,q19,7,PROJECTION,0.097952
cold_hot,q19,7,PROJECTION,0.309497
cold_hot,q19,7,RESULT_COLLECTOR,0.298954
cold_hot,q19,7,RESULT_COLLECTOR,0.207812
cold_hot,q19,7,UNGROUPED_AGGREGATE,0.197251
cold_hot,q19,7,UNGROUPED_AGGREGATE,0.422911
cold_hot,q19,8,CONCAT,4.197487
cold_hot,q19,8,CONCAT,4.048677
cold_hot,q19,8,DYNAMIC_FILTER,3.81933
cold_hot,q19,8,DYNAMIC_FILTER,3.749815
cold_hot,q19,8,FILTER,38.531093999999996
cold_hot,q19,8,FILTER,33.193645000000004
cold_hot,q19,8,GPU_SCAN,5026.758482000001
cold_hot,q19,8,GPU_SCAN,4991.166879999999
cold_hot,q19,8,HASH_JOIN,21.408409
cold_hot,q19,8,HASH_JOIN,21.41988
cold_hot,q19,8,MERGE_AGGREGATE,0.061009
cold_hot,q19,8,MERGE_AGGREGATE,0.222554
cold_hot,q19,8,PARTITION,1.267801
cold_hot,q19,8,PARTITION,0.6578990000000001
cold_hot,q19,8,PROJECTION,0.07831
cold_hot,q19,8,PROJECTION,0.082045
cold_hot,q19,8,RESULT_COLLECTOR,0.27187
cold_hot,q19,8,RESULT_COLLECTOR,0.222062
cold_hot,q19,8,UNGROUPED_AGGREGATE,0.149954
cold_hot,q19,8,UNGROUPED_AGGREGATE,0.158362
cold_hot,q19,9,CONCAT,3.592752
cold_hot,q19,9,CONCAT,3.585962
cold_hot,q19,9,DYNAMIC_FILTER,3.853962
cold_hot,q19,9,DYNAMIC_FILTER,3.726249
cold_hot,q19,9,FILTER,31.693564000000002
cold_hot,q19,9,FILTER,33.772884000000005
cold_hot,q19,9,GPU_SCAN,5127.890083000001
cold_hot,q19,9,GPU_SCAN,5140.2966259999985
cold_hot,q19,9,HASH_JOIN,21.513004
cold_hot,q19,9,HASH_JOIN,21.235482
cold_hot,q19,9,MERGE_AGGREGATE,0.053349
cold_hot,q19,9,MERGE_AGGREGATE,0.01793
cold_hot,q19,9,PARTITION,0.49887400000000004
cold_hot,q19,9,PARTITION,0.460692
cold_hot,q19,9,PROJECTION,0.082426
cold_hot,q19,9,PROJECTION,0.074535
cold_hot,q19,9,RESULT_COLLECTOR,0.098528
cold_hot,q19,9,RESULT_COLLECTOR,0.096314
cold_hot,q19,9,UNGROUPED_AGGREGATE,0.147842
cold_hot,q19,9,UNGROUPED_AGGREGATE,0.143116
cold_hot,q19,10,CONCAT,3.607405
cold_hot,q19,10,CONCAT,4.134999
cold_hot,q19,10,DYNAMIC_FILTER,3.72047
cold_hot,q19,10,DYNAMIC_FILTER,3.738286
cold_hot,q19,10,FILTER,31.173952999999997
cold_hot,q19,10,FILTER,30.638427999999998
cold_hot,q19,10,GPU_SCAN,5063.7063530000005
cold_hot,q19,10,GPU_SCAN,5092.696801000001
cold_hot,q19,10,HASH_JOIN,21.346619
cold_hot,q19,10,HASH_JOIN,21.455268
cold_hot,q19,10,MERGE_AGGREGATE,0.056733
cold_hot,q19,10,MERGE_AGGREGATE,0.018178
cold_hot,q19,10,PARTITION,0.482846
cold_hot,q19,10,PARTITION,0.5999279999999999
cold_hot,q19,10,PROJECTION,0.072145
cold_hot,q19,10,PROJECTION,0.093682
cold_hot,q19,10,RESULT_COLLECTOR,0.094719
cold_hot,q19,10,RESULT_COLLECTOR,0.236088
cold_hot,q19,10,UNGROUPED_AGGREGATE,0.12968
cold_hot,q19,10,UNGROUPED_AGGREGATE,0.146667
cold_hot,q20,1,CONCAT,0.7834249999999999
cold_hot,q20,1,CONCAT,1.1197989999999998
cold_hot,q20,1,DYNAMIC_FILTER,9.410905999999999
cold_hot,q20,1,DYNAMIC_FILTER,7.530001000000001
cold_hot,q20,1,FILTER,0.344609
cold_hot,q20,1,FILTER,0.24794
cold_hot,q20,1,GPU_SCAN,4828.802829
cold_hot,q20,1,GPU_SCAN,4835.742792999999
cold_hot,q20,1,HASH_GROUP_BY,0.789638
cold_hot,q20,1,HASH_GROUP_BY,0.904159
cold_hot,q20,1,HASH_JOIN,4.028369
cold_hot,q20,1,HASH_JOIN,4.129428
cold_hot,q20,1,LEFT_DELIM_JOIN,0.737696
cold_hot,q20,1,LEFT_DELIM_JOIN,0.727372
cold_hot,q20,1,MERGE_GROUP_BY,0.075596
cold_hot,q20,1,MERGE_GROUP_BY,0.100318
cold_hot,q20,1,MERGE_SORT,1.908459
cold_hot,q20,1,MERGE_SORT,1.737883
cold_hot,q20,1,ORDER_BY,3.091061
cold_hot,q20,1,ORDER_BY,3.475671
cold_hot,q20,1,PARTITION,0.7047309999999999
cold_hot,q20,1,PARTITION,0.51769
cold_hot,q20,1,PROJECTION,0.130509
cold_hot,q20,1,PROJECTION,0.229582
cold_hot,q20,1,RESULT_COLLECTOR,0.586103
cold_hot,q20,1,RESULT_COLLECTOR,0.590166
cold_hot,q20,1,SORT_PARTITION,0.911188
cold_hot,q20,1,SORT_PARTITION,0.863259
cold_hot,q20,1,SORT_SAMPLE,0.170093
cold_hot,q20,1,SORT_SAMPLE,0.156989
cold_hot,q20,2,CONCAT,0.9217539999999999
cold_hot,q20,2,CONCAT,0.8144910000000001
cold_hot,q20,2,DYNAMIC_FILTER,6.4487689999999995
cold_hot,q20,2,DYNAMIC_FILTER,8.674414
cold_hot,q20,2,FILTER,0.265012
cold_hot,q20,2,FILTER,0.23836
cold_hot,q20,2,GPU_SCAN,4820.406480000001
cold_hot,q20,2,GPU_SCAN,4902.696044
cold_hot,q20,2,HASH_GROUP_BY,0.721706
cold_hot,q20,2,HASH_GROUP_BY,0.710135
cold_hot,q20,2,HASH_JOIN,3.9285390000000002
cold_hot,q20,2,HASH_JOIN,3.2443459999999997
cold_hot,q20,2,LEFT_DELIM_JOIN,0.60278
cold_hot,q20,2,LEFT_DELIM_JOIN,0.517749
cold_hot,q20,2,MERGE_GROUP_BY,0.099044
cold_hot,q20,2,MERGE_GROUP_BY,0.017672
cold_hot,q20,2,MERGE_SORT,0.775585
cold_hot,q20,2,MERGE_SORT,1.752312
cold_hot,q20,2,ORDER_BY,3.161678
cold_hot,q20,2,ORDER_BY,3.449935
cold_hot,q20,2,PARTITION,0.4912459999999999
cold_hot,q20,2,PARTITION,0.19663799999999998
cold_hot,q20,2,PROJECTION,0.131549
cold_hot,q20,2,PROJECTION,0.131979
cold_hot,q20,2,RESULT_COLLECTOR,0.847706
cold_hot,q20,2,RESULT_COLLECTOR,0.658488
cold_hot,q20,2,SORT_PARTITION,1.360833
cold_hot,q20,2,SORT_PARTITION,0.667052
cold_hot,q20,2,SORT_SAMPLE,0.393792
cold_hot,q20,2,SORT_SAMPLE,0.116115
cold_hot,q20,3,CONCAT,0.644029
cold_hot,q20,3,CONCAT,0.6365660000000001
cold_hot,q20,3,DYNAMIC_FILTER,11.340564
cold_hot,q20,3,DYNAMIC_FILTER,8.969002
cold_hot,q20,3,FILTER,0.2724
cold_hot,q20,3,FILTER,0.207988
cold_hot,q20,3,GPU_SCAN,5058.093245
cold_hot,q20,3,GPU_SCAN,4969.023964999999
cold_hot,q20,3,HASH_GROUP_BY,0.715987
cold_hot,q20,3,HASH_GROUP_BY,0.727998
cold_hot,q20,3,HASH_JOIN,3.6049549999999995
cold_hot,q20,3,HASH_JOIN,3.533093
cold_hot,q20,3,LEFT_DELIM_JOIN,0.434248
cold_hot,q20,3,LEFT_DELIM_JOIN,0.505902
cold_hot,q20,3,MERGE_GROUP_BY,0.038281
cold_hot,q20,3,MERGE_GROUP_BY,0.021497000000000002
cold_hot,q20,3,MERGE_SORT,1.821613
cold_hot,q20,3,MERGE_SORT,0.702238
cold_hot,q20,3,ORDER_BY,3.105337
cold_hot,q20,3,ORDER_BY,3.431103
cold_hot,q20,3,PARTITION,0.35973400000000005
cold_hot,q20,3,PARTITION,0.23773099999999997
cold_hot,q20,3,PROJECTION,0.136882
cold_hot,q20,3,PROJECTION,0.10959300000000001
cold_hot,q20,3,RESULT_COLLECTOR,0.535011
cold_hot,q20,3,RESULT_COLLECTOR,1.172198
cold_hot,q20,3,SORT_PARTITION,0.744061
cold_hot,q20,3,SORT_PARTITION,1.158068
cold_hot,q20,3,SORT_SAMPLE,0.233469
cold_hot,q20,3,SORT_SAMPLE,0.327864
cold_hot,q20,4,CONCAT,0.751979
cold_hot,q20,4,CONCAT,0.551235
cold_hot,q20,4,DYNAMIC_FILTER,6.061583
cold_hot,q20,4,DYNAMIC_FILTER,9.643621000000001
cold_hot,q20,4,FILTER,0.213962
cold_hot,q20,4,FILTER,0.189019
cold_hot,q20,4,GPU_SCAN,4926.370669000002
cold_hot,q20,4,GPU_SCAN,4894.895681999999
cold_hot,q20,4,HASH_GROUP_BY,0.755629
cold_hot,q20,4,HASH_GROUP_BY,0.748654
cold_hot,q20,4,HASH_JOIN,2.642274
cold_hot,q20,4,HASH_JOIN,3.6365299999999996
cold_hot,q20,4,LEFT_DELIM_JOIN,0.870711
cold_hot,q20,4,LEFT_DELIM_JOIN,0.692468
cold_hot,q20,4,MERGE_GROUP_BY,0.117321
cold_hot,q20,4,MERGE_GROUP_BY,0.015418
cold_hot,q20,4,MERGE_SORT,1.716598
cold_hot,q20,4,MERGE_SORT,0.693234
cold_hot,q20,4,ORDER_BY,3.084331
cold_hot,q20,4,ORDER_BY,3.41809
cold_hot,q20,4,PARTITION,0.39396299999999995
cold_hot,q20,4,PARTITION,0.3886549999999999
cold_hot,q20,4,PROJECTION,0.190713
cold_hot,q20,4,PROJECTION,0.149944
cold_hot,q20,4,RESULT_COLLECTOR,0.598179
cold_hot,q20,4,RESULT_COLLECTOR,0.342102
cold_hot,q20,4,SORT_PARTITION,1.58046
cold_hot,q20,4,SORT_PARTITION,0.65998
cold_hot,q20,4,SORT_SAMPLE,0.45652
cold_hot,q20,4,SORT_SAMPLE,0.127196
cold_hot,q20,5,CONCAT,0.4569079999999999
cold_hot,q20,5,CONCAT,0.7171520000000001
cold_hot,q20,5,DYNAMIC_FILTER,5.906633
cold_hot,q20,5,DYNAMIC_FILTER,6.801084999999999
cold_hot,q20,5,FILTER,0.196256
cold_hot,q20,5,FILTER,0.190632
cold_hot,q20,5,GPU_SCAN,4876.5614350000005
cold_hot,q20,5,GPU_SCAN,4884.951946
cold_hot,q20,5,HASH_GROUP_BY,0.747972
cold_hot,q20,5,HASH_GROUP_BY,0.673277
cold_hot,q20,5,HASH_JOIN,3.309025
cold_hot,q20,5,HASH_JOIN,3.083619
cold_hot,q20,5,LEFT_DELIM_JOIN,0.548069
cold_hot,q20,5,LEFT_DELIM_JOIN,0.69265
cold_hot,q20,5,MERGE_GROUP_BY,0.026874000000000002
cold_hot,q20,5,MERGE_GROUP_BY,0.07162299999999999
cold_hot,q20,5,MERGE_SORT,0.716891
cold_hot,q20,5,MERGE_SORT,1.705538
cold_hot,q20,5,ORDER_BY,3.062053
cold_hot,q20,5,ORDER_BY,3.436839
cold_hot,q20,5,PARTITION,0.264454
cold_hot,q20,5,PARTITION,0.33807599999999993
cold_hot,q20,5,PROJECTION,0.113164
cold_hot,q20,5,PROJECTION,0.11487299999999999
cold_hot,q20,5,RESULT_COLLECTOR,0.517121
cold_hot,q20,5,RESULT_COLLECTOR,0.667046
cold_hot,q20,5,SORT_PARTITION,1.251108
cold_hot,q20,5,SORT_PARTITION,0.678182
cold_hot,q20,5,SORT_SAMPLE,0.38581
cold_hot,q20,5,SORT_SAMPLE,0.134019
cold_hot,q20,6,CONCAT,0.841986
cold_hot,q20,6,CONCAT,0.827114
cold_hot,q20,6,DYNAMIC_FILTER,6.423773000000001
cold_hot,q20,6,DYNAMIC_FILTER,10.551436
cold_hot,q20,6,FILTER,0.546824
cold_hot,q20,6,FILTER,0.259622
cold_hot,q20,6,GPU_SCAN,4847.6011579999995
cold_hot,q20,6,GPU_SCAN,4871.528813
cold_hot,q20,6,HASH_GROUP_BY,0.768833
cold_hot,q20,6,HASH_GROUP_BY,0.851313
cold_hot,q20,6,HASH_JOIN,3.907484
cold_hot,q20,6,HASH_JOIN,3.398802
cold_hot,q20,6,LEFT_DELIM_JOIN,0.447977
cold_hot,q20,6,LEFT_DELIM_JOIN,0.471956
cold_hot,q20,6,MERGE_GROUP_BY,0.07755200000000001
cold_hot,q20,6,MERGE_GROUP_BY,0.077204
cold_hot,q20,6,MERGE_SORT,0.714817
cold_hot,q20,6,MERGE_SORT,1.870674
cold_hot,q20,6,ORDER_BY,3.084402
cold_hot,q20,6,ORDER_BY,3.235529
cold_hot,q20,6,PARTITION,0.3561270000000001
cold_hot,q20,6,PARTITION,0.460751
cold_hot,q20,6,PROJECTION,0.128018
cold_hot,q20,6,PROJECTION,0.227325
cold_hot,q20,6,RESULT_COLLECTOR,0.389401
cold_hot,q20,6,RESULT_COLLECTOR,0.542344
cold_hot,q20,6,SORT_PARTITION,1.517104
cold_hot,q20,6,SORT_PARTITION,1.284914
cold_hot,q20,6,SORT_SAMPLE,0.456871
cold_hot,q20,6,SORT_SAMPLE,0.475705
cold_hot,q20,7,CONCAT,0.792131
cold_hot,q20,7,CONCAT,0.672509
cold_hot,q20,7,DYNAMIC_FILTER,7.032710999999999
cold_hot,q20,7,DYNAMIC_FILTER,6.566002
cold_hot,q20,7,FILTER,0.245983
cold_hot,q20,7,FILTER,0.213984
cold_hot,q20,7,GPU_SCAN,4815.692578
cold_hot,q20,7,GPU_SCAN,4876.7502190000005
cold_hot,q20,7,HASH_GROUP_BY,0.752661
cold_hot,q20,7,HASH_GROUP_BY,0.735398
cold_hot,q20,7,HASH_JOIN,3.632587
cold_hot,q20,7,HASH_JOIN,3.674135
cold_hot,q20,7,LEFT_DELIM_JOIN,0.723087
cold_hot,q20,7,LEFT_DELIM_JOIN,0.510777
cold_hot,q20,7,MERGE_GROUP_BY,0.024038999999999998
cold_hot,q20,7,MERGE_GROUP_BY,0.028809
cold_hot,q20,7,MERGE_SORT,1.48356
cold_hot,q20,7,MERGE_SORT,0.832329
cold_hot,q20,7,ORDER_BY,3.109151
cold_hot,q20,7,ORDER_BY,3.466676
cold_hot,q20,7,PARTITION,0.40760399999999997
cold_hot,q20,7,PARTITION,0.298987
cold_hot,q20,7,PROJECTION,0.132024
cold_hot,q20,7,PROJECTION,0.109391
cold_hot,q20,7,RESULT_COLLECTOR,0.904866
cold_hot,q20,7,RESULT_COLLECTOR,0.563384
cold_hot,q20,7,SORT_PARTITION,1.597398
cold_hot,q20,7,SORT_PARTITION,1.037176
cold_hot,q20,7,SORT_SAMPLE,0.42573
cold_hot,q20,7,SORT_SAMPLE,0.217761
cold_hot,q20,8,CONCAT,0.9319360000000001
cold_hot,q20,8,CONCAT,0.6450690000000001
cold_hot,q20,8,DYNAMIC_FILTER,7.478973999999999
cold_hot,q20,8,DYNAMIC_FILTER,7.683176000000001
cold_hot,q20,8,FILTER,0.22025
cold_hot,q20,8,FILTER,0.210788
cold_hot,q20,8,GPU_SCAN,4905.750229
cold_hot,q20,8,GPU_SCAN,4827.250963
cold_hot,q20,8,HASH_GROUP_BY,0.805237
cold_hot,q20,8,HASH_GROUP_BY,0.679173
cold_hot,q20,8,HASH_JOIN,3.758885
cold_hot,q20,8,HASH_JOIN,3.2915870000000007
cold_hot,q20,8,LEFT_DELIM_JOIN,0.658459
cold_hot,q20,8,LEFT_DELIM_JOIN,0.502079
cold_hot,q20,8,MERGE_GROUP_BY,0.070557
cold_hot,q20,8,MERGE_GROUP_BY,0.028074
cold_hot,q20,8,MERGE_SORT,1.368449
cold_hot,q20,8,MERGE_SORT,1.404342
cold_hot,q20,8,ORDER_BY,3.095986
cold_hot,q20,8,ORDER_BY,3.422586
cold_hot,q20,8,PARTITION,0.39536499999999997
cold_hot,q20,8,PARTITION,0.199666
cold_hot,q20,8,PROJECTION,0.131536
cold_hot,q20,8,PROJECTION,0.11313000000000001
cold_hot,q20,8,RESULT_COLLECTOR,1.420539
cold_hot,q20,8,RESULT_COLLECTOR,0.46519
cold_hot,q20,8,SORT_PARTITION,1.481915
cold_hot,q20,8,SORT_PARTITION,0.564307
cold_hot,q20,8,SORT_SAMPLE,0.479136
cold_hot,q20,8,SORT_SAMPLE,0.079076
cold_hot,q20,9,CONCAT,0.607738
cold_hot,q20,9,CONCAT,0.6857709999999999
cold_hot,q20,9,DYNAMIC_FILTER,6.947278
cold_hot,q20,9,DYNAMIC_FILTER,7.554105
cold_hot,q20,9,FILTER,0.196679
cold_hot,q20,9,FILTER,0.349026
cold_hot,q20,9,GPU_SCAN,4986.507327
cold_hot,q20,9,GPU_SCAN,4881.728287999999
cold_hot,q20,9,HASH_GROUP_BY,0.672963
cold_hot,q20,9,HASH_GROUP_BY,0.895347
cold_hot,q20,9,HASH_JOIN,3.074092
cold_hot,q20,9,HASH_JOIN,5.511158999999999
cold_hot,q20,9,LEFT_DELIM_JOIN,0.45103
cold_hot,q20,9,LEFT_DELIM_JOIN,0.571205
cold_hot,q20,9,MERGE_GROUP_BY,0.036506
cold_hot,q20,9,MERGE_GROUP_BY,0.046107999999999996
cold_hot,q20,9,MERGE_SORT,1.389788
cold_hot,q20,9,MERGE_SORT,1.901896
cold_hot,q20,9,ORDER_BY,3.039186
cold_hot,q20,9,ORDER_BY,3.580281
cold_hot,q20,9,PARTITION,0.36592499999999994
cold_hot,q20,9,PARTITION,0.559259
cold_hot,q20,9,PROJECTION,0.108978
cold_hot,q20,9,PROJECTION,0.153372
cold_hot,q20,9,RESULT_COLLECTOR,0.555906
cold_hot,q20,9,RESULT_COLLECTOR,0.628908
cold_hot,q20,9,SORT_PARTITION,1.023779
cold_hot,q20,9,SORT_PARTITION,0.81044
cold_hot,q20,9,SORT_SAMPLE,0.251889
cold_hot,q20,9,SORT_SAMPLE,0.135752
cold_hot,q20,10,CONCAT,0.690258
cold_hot,q20,10,CONCAT,0.7186180000000001
cold_hot,q20,10,DYNAMIC_FILTER,6.222246000000001
cold_hot,q20,10,DYNAMIC_FILTER,6.498506999999998
cold_hot,q20,10,FILTER,0.212621
cold_hot,q20,10,FILTER,0.202418
cold_hot,q20,10,GPU_SCAN,4945.780440000001
cold_hot,q20,10,GPU_SCAN,4887.238413000001
cold_hot,q20,10,HASH_GROUP_BY,0.704269
cold_hot,q20,10,HASH_GROUP_BY,0.751579
cold_hot,q20,10,HASH_JOIN,2.422623
cold_hot,q20,10,HASH_JOIN,2.936385
cold_hot,q20,10,LEFT_DELIM_JOIN,0.418889
cold_hot,q20,10,LEFT_DELIM_JOIN,0.701267
cold_hot,q20,10,MERGE_GROUP_BY,0.100466
cold_hot,q20,10,MERGE_GROUP_BY,0.060205999999999996
cold_hot,q20,10,MERGE_SORT,0.657302
cold_hot,q20,10,MERGE_SORT,1.124163
cold_hot,q20,10,ORDER_BY,3.114677
cold_hot,q20,10,ORDER_BY,3.474707
cold_hot,q20,10,PARTITION,0.231913
cold_hot,q20,10,PARTITION,0.3675520000000001
cold_hot,q20,10,PROJECTION,0.10893
cold_hot,q20,10,PROJECTION,0.111629
cold_hot,q20,10,RESULT_COLLECTOR,0.453007
cold_hot,q20,10,RESULT_COLLECTOR,0.395465
cold_hot,q20,10,SORT_PARTITION,0.656395
cold_hot,q20,10,SORT_PARTITION,1.443489
cold_hot,q20,10,SORT_SAMPLE,0.160585
cold_hot,q20,10,SORT_SAMPLE,0.425512
cold_hot,q21,1,CONCAT,80.633282
cold_hot,q21,1,CONCAT,103.469811
cold_hot,q21,1,DYNAMIC_FILTER,56.50462
cold_hot,q21,1,DYNAMIC_FILTER,60.296825000000005
cold_hot,q21,1,FILTER,107.09326400000002
cold_hot,q21,1,FILTER,77.28324700000002
cold_hot,q21,1,GPU_SCAN,11145.741804999996
cold_hot,q21,1,GPU_SCAN,10637.595669
cold_hot,q21,1,HASH_GROUP_BY,1.295206
cold_hot,q21,1,HASH_GROUP_BY,0.849709
cold_hot,q21,1,HASH_JOIN,1229.481969
cold_hot,q21,1,HASH_JOIN,1243.2969929999997
cold_hot,q21,1,MERGE_GROUP_BY,5.631527
cold_hot,q21,1,MERGE_GROUP_BY,6.112424999999999
cold_hot,q21,1,MERGE_SORT,0.310528
cold_hot,q21,1,MERGE_SORT,0.31356
cold_hot,q21,1,ORDER_BY,2.116055
cold_hot,q21,1,ORDER_BY,2.367231
cold_hot,q21,1,PARTITION,0.8278729999999997
cold_hot,q21,1,PARTITION,1.1806950000000005
cold_hot,q21,1,PROJECTION,0.4590289999999999
cold_hot,q21,1,PROJECTION,0.983974
cold_hot,q21,1,RESULT_COLLECTOR,1.43061
cold_hot,q21,1,RESULT_COLLECTOR,0.704095
cold_hot,q21,1,RIGHT_DELIM_JOIN,12.509682000000002
cold_hot,q21,1,RIGHT_DELIM_JOIN,13.524651
cold_hot,q21,1,SORT_PARTITION,0.181659
cold_hot,q21,1,SORT_PARTITION,0.226391
cold_hot,q21,1,SORT_SAMPLE,0.087995
cold_hot,q21,1,SORT_SAMPLE,0.131026
cold_hot,q21,2,CONCAT,87.79132999999999
cold_hot,q21,2,CONCAT,136.810547
cold_hot,q21,2,DYNAMIC_FILTER,66.310444
cold_hot,q21,2,DYNAMIC_FILTER,71.65067599999999
cold_hot,q21,2,FILTER,92.697579
cold_hot,q21,2,FILTER,94.75236200000002
cold_hot,q21,2,GPU_SCAN,10766.653871000002
cold_hot,q21,2,GPU_SCAN,10982.864322000001
cold_hot,q21,2,HASH_GROUP_BY,1.23287
cold_hot,q21,2,HASH_GROUP_BY,0.689952
cold_hot,q21,2,HASH_JOIN,1360.9892449999998
cold_hot,q21,2,HASH_JOIN,1233.6459750000001
cold_hot,q21,2,MERGE_GROUP_BY,5.729406
cold_hot,q21,2,MERGE_GROUP_BY,5.591678
cold_hot,q21,2,MERGE_SORT,0.758627
cold_hot,q21,2,MERGE_SORT,0.307696
cold_hot,q21,2,ORDER_BY,2.188107
cold_hot,q21,2,ORDER_BY,2.148249
cold_hot,q21,2,PARTITION,1.153585
cold_hot,q21,2,PARTITION,0.6852680000000001
cold_hot,q21,2,PROJECTION,0.46335799999999994
cold_hot,q21,2,PROJECTION,0.8630149999999999
cold_hot,q21,2,RESULT_COLLECTOR,1.569953
cold_hot,q21,2,RESULT_COLLECTOR,1.492964
cold_hot,q21,2,RIGHT_DELIM_JOIN,15.643292999999998
cold_hot,q21,2,RIGHT_DELIM_JOIN,12.595486000000001
cold_hot,q21,2,SORT_PARTITION,0.19042
cold_hot,q21,2,SORT_PARTITION,0.206511
cold_hot,q21,2,SORT_SAMPLE,0.091396
cold_hot,q21,2,SORT_SAMPLE,0.153157
cold_hot,q21,3,CONCAT,86.748689
cold_hot,q21,3,CONCAT,95.26081400000001
cold_hot,q21,3,DYNAMIC_FILTER,66.12532100000001
cold_hot,q21,3,DYNAMIC_FILTER,68.696565
cold_hot,q21,3,FILTER,201.56914300000003
cold_hot,q21,3,FILTER,79.721688
cold_hot,q21,3,GPU_SCAN,11074.116190000004
cold_hot,q21,3,GPU_SCAN,10863.679882000002
cold_hot,q21,3,HASH_GROUP_BY,1.203464
cold_hot,q21,3,HASH_GROUP_BY,0.776385
cold_hot,q21,3,HASH_JOIN,1358.254564
cold_hot,q21,3,HASH_JOIN,1298.112752
cold_hot,q21,3,MERGE_GROUP_BY,5.728433
cold_hot,q21,3,MERGE_GROUP_BY,6.30867
cold_hot,q21,3,MERGE_SORT,0.289669
cold_hot,q21,3,MERGE_SORT,0.305601
cold_hot,q21,3,ORDER_BY,2.155353
cold_hot,q21,3,ORDER_BY,2.21912
cold_hot,q21,3,PARTITION,0.9382919999999998
cold_hot,q21,3,PARTITION,0.8661169999999998
cold_hot,q21,3,PROJECTION,0.5549700000000001
cold_hot,q21,3,PROJECTION,0.43609800000000004
cold_hot,q21,3,RESULT_COLLECTOR,1.475452
cold_hot,q21,3,RESULT_COLLECTOR,0.560607
cold_hot,q21,3,RIGHT_DELIM_JOIN,12.563115
cold_hot,q21,3,RIGHT_DELIM_JOIN,13.212529
cold_hot,q21,3,SORT_PARTITION,0.175412
cold_hot,q21,3,SORT_PARTITION,0.222303
cold_hot,q21,3,SORT_SAMPLE,0.08137
cold_hot,q21,3,SORT_SAMPLE,0.116151
cold_hot,q21,4,CONCAT,85.55450800000001
cold_hot,q21,4,CONCAT,70.28931500000002
cold_hot,q21,4,DYNAMIC_FILTER,62.31421500000001
cold_hot,q21,4,DYNAMIC_FILTER,75.49950600000003
cold_hot,q21,4,FILTER,76.53424600000001
cold_hot,q21,4,FILTER,68.445908
cold_hot,q21,4,GPU_SCAN,11057.742447
cold_hot,q21,4,GPU_SCAN,11017.678169000006
cold_hot,q21,4,HASH_GROUP_BY,1.135599
cold_hot,q21,4,HASH_GROUP_BY,0.777702
cold_hot,q21,4,HASH_JOIN,1340.9258260000001
cold_hot,q21,4,HASH_JOIN,1377.540871
cold_hot,q21,4,MERGE_GROUP_BY,5.8437660000000005
cold_hot,q21,4,MERGE_GROUP_BY,5.9009409999999995
cold_hot,q21,4,MERGE_SORT,0.289849
cold_hot,q21,4,MERGE_SORT,0.326409
cold_hot,q21,4,ORDER_BY,2.122708
cold_hot,q21,4,ORDER_BY,2.174571
cold_hot,q21,4,PARTITION,0.9946920000000001
cold_hot,q21,4,PARTITION,1.0970310000000003
cold_hot,q21,4,PROJECTION,0.674067
cold_hot,q21,4,PROJECTION,0.9917009999999999
cold_hot,q21,4,RESULT_COLLECTOR,1.333547
cold_hot,q21,4,RESULT_COLLECTOR,0.514889
cold_hot,q21,4,RIGHT_DELIM_JOIN,15.412303999999999
cold_hot,q21,4,RIGHT_DELIM_JOIN,13.112295999999999
cold_hot,q21,4,SORT_PARTITION,0.187878
cold_hot,q21,4,SORT_PARTITION,0.187261
cold_hot,q21,4,SORT_SAMPLE,0.151067
cold_hot,q21,4,SORT_SAMPLE,0.081596
cold_hot,q21,5,CONCAT,88.37864499999998
cold_hot,q21,5,CONCAT,69.29353200000001
cold_hot,q21,5,DYNAMIC_FILTER,61.470442000000006
cold_hot,q21,5,DYNAMIC_FILTER,62.911768
cold_hot,q21,5,FILTER,81.164306
cold_hot,q21,5,FILTER,68.939296
cold_hot,q21,5,GPU_SCAN,11295.098587000002
cold_hot,q21,5,GPU_SCAN,10929.828878999999
cold_hot,q21,5,HASH_GROUP_BY,1.104361
cold_hot,q21,5,HASH_GROUP_BY,0.708772
cold_hot,q21,5,HASH_JOIN,1318.110203
cold_hot,q21,5,HASH_JOIN,1338.2659990000002
cold_hot,q21,5,MERGE_GROUP_BY,5.559668
cold_hot,q21,5,MERGE_GROUP_BY,5.891936
cold_hot,q21,5,MERGE_SORT,0.297001
cold_hot,q21,5,MERGE_SORT,0.325377
cold_hot,q21,5,ORDER_BY,2.109599
cold_hot,q21,5,ORDER_BY,2.334552
cold_hot,q21,5,PARTITION,1.00559
cold_hot,q21,5,PARTITION,0.6768930000000001
cold_hot,q21,5,PROJECTION,0.40997
cold_hot,q21,5,PROJECTION,1.63021
cold_hot,q21,5,RESULT_COLLECTOR,1.611278
cold_hot,q21,5,RESULT_COLLECTOR,0.372116
cold_hot,q21,5,RIGHT_DELIM_JOIN,12.612283000000001
cold_hot,q21,5,RIGHT_DELIM_JOIN,13.263396
cold_hot,q21,5,SORT_PARTITION,0.170773
cold_hot,q21,5,SORT_PARTITION,0.17554
cold_hot,q21,5,SORT_SAMPLE,0.069362
cold_hot,q21,5,SORT_SAMPLE,0.097019
cold_hot,q21,6,CONCAT,95.561226
cold_hot,q21,6,CONCAT,73.146316
cold_hot,q21,6,DYNAMIC_FILTER,69.17881499999999
cold_hot,q21,6,DYNAMIC_FILTER,163.070326
cold_hot,q21,6,FILTER,84.986873
cold_hot,q21,6,FILTER,104.983657
cold_hot,q21,6,GPU_SCAN,11021.566855000001
cold_hot,q21,6,GPU_SCAN,10913.000373999997
cold_hot,q21,6,HASH_GROUP_BY,1.079196
cold_hot,q21,6,HASH_GROUP_BY,0.719466
cold_hot,q21,6,HASH_JOIN,1322.459199
cold_hot,q21,6,HASH_JOIN,1300.331907
cold_hot,q21,6,MERGE_GROUP_BY,5.8039879999999995
cold_hot,q21,6,MERGE_GROUP_BY,5.89634
cold_hot,q21,6,MERGE_SORT,0.268238
cold_hot,q21,6,MERGE_SORT,0.306656
cold_hot,q21,6,ORDER_BY,2.161223
cold_hot,q21,6,ORDER_BY,2.166876
cold_hot,q21,6,PARTITION,0.8378849999999999
cold_hot,q21,6,PARTITION,1.313084
cold_hot,q21,6,PROJECTION,1.5624860000000003
cold_hot,q21,6,PROJECTION,0.604181
cold_hot,q21,6,RESULT_COLLECTOR,0.571998
cold_hot,q21,6,RESULT_COLLECTOR,1.526588
cold_hot,q21,6,RIGHT_DELIM_JOIN,15.125064
cold_hot,q21,6,RIGHT_DELIM_JOIN,12.704413
cold_hot,q21,6,SORT_PARTITION,0.178253
cold_hot,q21,6,SORT_PARTITION,0.188691
cold_hot,q21,6,SORT_SAMPLE,0.079693
cold_hot,q21,6,SORT_SAMPLE,0.091896
cold_hot,q21,7,CONCAT,90.368134
cold_hot,q21,7,CONCAT,94.10711200000001
cold_hot,q21,7,DYNAMIC_FILTER,64.88275199999998
cold_hot,q21,7,DYNAMIC_FILTER,80.771334
cold_hot,q21,7,FILTER,70.56210600000001
cold_hot,q21,7,FILTER,238.5093
cold_hot,q21,7,GPU_SCAN,11231.743554000002
cold_hot,q21,7,GPU_SCAN,10741.135219
cold_hot,q21,7,HASH_GROUP_BY,1.251426
cold_hot,q21,7,HASH_GROUP_BY,0.609522
cold_hot,q21,7,HASH_JOIN,1370.043025
cold_hot,q21,7,HASH_JOIN,1340.49119
cold_hot,q21,7,MERGE_GROUP_BY,5.7293449999999995
cold_hot,q21,7,MERGE_GROUP_BY,5.634291
cold_hot,q21,7,MERGE_SORT,0.298376
cold_hot,q21,7,MERGE_SORT,0.241151
cold_hot,q21,7,ORDER_BY,2.187134
cold_hot,q21,7,ORDER_BY,2.163336
cold_hot,q21,7,PARTITION,0.878182
cold_hot,q21,7,PARTITION,0.8913390000000002
cold_hot,q21,7,PROJECTION,0.921865
cold_hot,q21,7,PROJECTION,0.767789
cold_hot,q21,7,RESULT_COLLECTOR,1.350273
cold_hot,q21,7,RESULT_COLLECTOR,1.217273
cold_hot,q21,7,RIGHT_DELIM_JOIN,12.772974
cold_hot,q21,7,RIGHT_DELIM_JOIN,12.695874
cold_hot,q21,7,SORT_PARTITION,0.187773
cold_hot,q21,7,SORT_PARTITION,0.197074
cold_hot,q21,7,SORT_SAMPLE,0.087015
cold_hot,q21,7,SORT_SAMPLE,0.156368
cold_hot,q21,8,CONCAT,88.806389
cold_hot,q21,8,CONCAT,93.73361499999999
cold_hot,q21,8,DYNAMIC_FILTER,71.796034
cold_hot,q21,8,DYNAMIC_FILTER,58.296916999999986
cold_hot,q21,8,FILTER,61.486242999999995
cold_hot,q21,8,FILTER,72.23428
cold_hot,q21,8,GPU_SCAN,11059.466056000001
cold_hot,q21,8,GPU_SCAN,11017.885060000004
cold_hot,q21,8,HASH_GROUP_BY,1.329956
cold_hot,q21,8,HASH_GROUP_BY,0.739749
cold_hot,q21,8,HASH_JOIN,1281.2918370000002
cold_hot,q21,8,HASH_JOIN,1260.229691
cold_hot,q21,8,MERGE_GROUP_BY,5.624966
cold_hot,q21,8,MERGE_GROUP_BY,4.912648000000001
cold_hot,q21,8,MERGE_SORT,0.724135
cold_hot,q21,8,MERGE_SORT,0.254504
cold_hot,q21,8,ORDER_BY,2.511221
cold_hot,q21,8,ORDER_BY,2.156607
cold_hot,q21,8,PARTITION,0.834955
cold_hot,q21,8,PARTITION,0.7060790000000001
cold_hot,q21,8,PROJECTION,0.5114950000000001
cold_hot,q21,8,PROJECTION,0.9456210000000002
cold_hot,q21,8,RESULT_COLLECTOR,1.320453
cold_hot,q21,8,RESULT_COLLECTOR,0.776002
cold_hot,q21,8,RIGHT_DELIM_JOIN,12.932397
cold_hot,q21,8,RIGHT_DELIM_JOIN,12.656259
cold_hot,q21,8,SORT_PARTITION,0.183215
cold_hot,q21,8,SORT_PARTITION,0.188142
cold_hot,q21,8,SORT_SAMPLE,0.082427
cold_hot,q21,8,SORT_SAMPLE,0.133817
cold_hot,q21,9,CONCAT,132.776615
cold_hot,q21,9,CONCAT,120.690481
cold_hot,q21,9,DYNAMIC_FILTER,66.57036000000001
cold_hot,q21,9,DYNAMIC_FILTER,62.21747699999998
cold_hot,q21,9,FILTER,62.18190500000001
cold_hot,q21,9,FILTER,64.895781
cold_hot,q21,9,GPU_SCAN,10780.008835
cold_hot,q21,9,GPU_SCAN,10749.977182999997
cold_hot,q21,9,HASH_GROUP_BY,1.242153
cold_hot,q21,9,HASH_GROUP_BY,0.726856
cold_hot,q21,9,HASH_JOIN,1406.472496
cold_hot,q21,9,HASH_JOIN,1303.771254
cold_hot,q21,9,MERGE_GROUP_BY,5.724365
cold_hot,q21,9,MERGE_GROUP_BY,5.845776
cold_hot,q21,9,MERGE_SORT,0.300975
cold_hot,q21,9,MERGE_SORT,0.306827
cold_hot,q21,9,ORDER_BY,2.180998
cold_hot,q21,9,ORDER_BY,2.263036
cold_hot,q21,9,PARTITION,0.7117669999999996
cold_hot,q21,9,PARTITION,0.6809369999999997
cold_hot,q21,9,PROJECTION,0.904124
cold_hot,q21,9,PROJECTION,0.734773
cold_hot,q21,9,RESULT_COLLECTOR,0.476421
cold_hot,q21,9,RESULT_COLLECTOR,1.330463
cold_hot,q21,9,RIGHT_DELIM_JOIN,12.816021
cold_hot,q21,9,RIGHT_DELIM_JOIN,13.307203999999999
cold_hot,q21,9,SORT_PARTITION,0.185207
cold_hot,q21,9,SORT_PARTITION,0.188348
cold_hot,q21,9,SORT_SAMPLE,0.088826
cold_hot,q21,9,SORT_SAMPLE,0.087575
cold_hot,q21,10,CONCAT,136.465643
cold_hot,q21,10,CONCAT,179.296527
cold_hot,q21,10,DYNAMIC_FILTER,73.61588599999999
cold_hot,q21,10,DYNAMIC_FILTER,68.408762
cold_hot,q21,10,FILTER,78.009017
cold_hot,q21,10,FILTER,74.390498
cold_hot,q21,10,GPU_SCAN,10925.482922000003
cold_hot,q21,10,GPU_SCAN,11071.985207000003
cold_hot,q21,10,HASH_GROUP_BY,1.081522
cold_hot,q21,10,HASH_GROUP_BY,0.722232
cold_hot,q21,10,HASH_JOIN,1240.0385489999999
cold_hot,q21,10,HASH_JOIN,1347.2488910000002
cold_hot,q21,10,MERGE_GROUP_BY,5.866549999999999
cold_hot,q21,10,MERGE_GROUP_BY,5.677655
cold_hot,q21,10,MERGE_SORT,0.257449
cold_hot,q21,10,MERGE_SORT,0.250862
cold_hot,q21,10,ORDER_BY,2.130194
cold_hot,q21,10,ORDER_BY,2.183922
cold_hot,q21,10,PARTITION,0.739861
cold_hot,q21,10,PARTITION,0.9233000000000001
cold_hot,q21,10,PROJECTION,0.43734499999999993
cold_hot,q21,10,PROJECTION,0.688481
cold_hot,q21,10,RESULT_COLLECTOR,1.368537
cold_hot,q21,10,RESULT_COLLECTOR,1.637981
cold_hot,q21,10,RIGHT_DELIM_JOIN,12.600181
cold_hot,q21,10,RIGHT_DELIM_JOIN,12.429812
cold_hot,q21,10,SORT_PARTITION,0.182989
cold_hot,q21,10,SORT_PARTITION,0.177948
cold_hot,q21,10,SORT_SAMPLE,0.072666
cold_hot,q21,10,SORT_SAMPLE,0.078657
cold_hot,q22,1,CONCAT,0.283482
cold_hot,q22,1,CONCAT,0.522941
cold_hot,q22,1,GPU_SCAN,308.75956099999996
cold_hot,q22,1,GPU_SCAN,302.041898
cold_hot,q22,1,HASH_GROUP_BY,0.630622
cold_hot,q22,1,HASH_GROUP_BY,0.709326
cold_hot,q22,1,HASH_JOIN,30.004291000000002
cold_hot,q22,1,HASH_JOIN,28.107135
cold_hot,q22,1,MERGE_AGGREGATE,0.69262
cold_hot,q22,1,MERGE_AGGREGATE,0.176578
cold_hot,q22,1,MERGE_GROUP_BY,0.086741
cold_hot,q22,1,MERGE_GROUP_BY,0.111739
cold_hot,q22,1,MERGE_SORT,0.007691
cold_hot,q22,1,MERGE_SORT,0.01119
cold_hot,q22,1,NESTED_LOOP_JOIN,2.952387
cold_hot,q22,1,NESTED_LOOP_JOIN,1.25917
cold_hot,q22,1,ORDER_BY,0.530524
cold_hot,q22,1,ORDER_BY,0.292025
cold_hot,q22,1,PARTITION,0.303352
cold_hot,q22,1,PARTITION,0.315121
cold_hot,q22,1,PROJECTION,0.639888
cold_hot,q22,1,PROJECTION,0.46505
cold_hot,q22,1,RESULT_COLLECTOR,0.309768
cold_hot,q22,1,RESULT_COLLECTOR,0.460507
cold_hot,q22,1,RIGHT_DELIM_JOIN,0.841348
cold_hot,q22,1,RIGHT_DELIM_JOIN,0.640928
cold_hot,q22,1,SORT_PARTITION,0.009403
cold_hot,q22,1,SORT_PARTITION,0.011885
cold_hot,q22,1,SORT_SAMPLE,0.010063
cold_hot,q22,1,SORT_SAMPLE,0.016322
cold_hot,q22,1,UNGROUPED_AGGREGATE,1.239729
cold_hot,q22,1,UNGROUPED_AGGREGATE,0.864776
cold_hot,q22,2,CONCAT,0.209448
cold_hot,q22,2,CONCAT,0.09915199999999999
cold_hot,q22,2,GPU_SCAN,301.373013
cold_hot,q22,2,GPU_SCAN,299.190297
cold_hot,q22,2,HASH_GROUP_BY,0.550331
cold_hot,q22,2,HASH_GROUP_BY,0.807904
cold_hot,q22,2,HASH_JOIN,29.74064
cold_hot,q22,2,HASH_JOIN,28.413649
cold_hot,q22,2,MERGE_AGGREGATE,0.369234
cold_hot,q22,2,MERGE_AGGREGATE,0.341583
cold_hot,q22,2,MERGE_GROUP_BY,0.020138
cold_hot,q22,2,MERGE_GROUP_BY,0.081111
cold_hot,q22,2,MERGE_SORT,0.007146
cold_hot,q22,2,MERGE_SORT,0.006867
cold_hot,q22,2,NESTED_LOOP_JOIN,1.604093
cold_hot,q22,2,NESTED_LOOP_JOIN,1.540318
cold_hot,q22,2,ORDER_BY,0.248747
cold_hot,q22,2,ORDER_BY,0.200304
cold_hot,q22,2,PARTITION,0.17099
cold_hot,q22,2,PARTITION,0.14999300000000002
cold_hot,q22,2,PROJECTION,0.367822
cold_hot,q22,2,PROJECTION,0.640185
cold_hot,q22,2,RESULT_COLLECTOR,0.11037
cold_hot,q22,2,RESULT_COLLECTOR,0.232645
cold_hot,q22,2,RIGHT_DELIM_JOIN,0.616522
cold_hot,q22,2,RIGHT_DELIM_JOIN,0.614245
cold_hot,q22,2,SORT_PARTITION,0.005438
cold_hot,q22,2,SORT_PARTITION,0.005949
cold_hot,q22,2,SORT_SAMPLE,0.007585
cold_hot,q22,2,SORT_SAMPLE,0.008123
cold_hot,q22,2,UNGROUPED_AGGREGATE,0.767717
cold_hot,q22,2,UNGROUPED_AGGREGATE,0.732613
cold_hot,q22,3,CONCAT,0.23616499999999999
cold_hot,q22,3,CONCAT,0.131291
cold_hot,q22,3,GPU_SCAN,307.147681
cold_hot,q22,3,GPU_SCAN,301.418832
cold_hot,q22,3,HASH_GROUP_BY,0.783671
cold_hot,q22,3,HASH_GROUP_BY,0.784617
cold_hot,q22,3,HASH_JOIN,29.959038
cold_hot,q22,3,HASH_JOIN,28.422894
cold_hot,q22,3,MERGE_AGGREGATE,0.427501
cold_hot,q22,3,MERGE_AGGREGATE,0.31433099999999997
cold_hot,q22,3,MERGE_GROUP_BY,0.069604
cold_hot,q22,3,MERGE_GROUP_BY,0.041378
cold_hot,q22,3,MERGE_SORT,0.011612
cold_hot,q22,3,MERGE_SORT,0.027213
cold_hot,q22,3,NESTED_LOOP_JOIN,1.803431
cold_hot,q22,3,NESTED_LOOP_JOIN,1.258634
cold_hot,q22,3,ORDER_BY,0.619999
cold_hot,q22,3,ORDER_BY,0.611175
cold_hot,q22,3,PARTITION,0.219379
cold_hot,q22,3,PARTITION,0.235535
cold_hot,q22,3,PROJECTION,0.517737
cold_hot,q22,3,PROJECTION,0.6675019999999999
cold_hot,q22,3,RESULT_COLLECTOR,0.324564
cold_hot,q22,3,RESULT_COLLECTOR,0.1455
cold_hot,q22,3,RIGHT_DELIM_JOIN,0.715661
cold_hot,q22,3,RIGHT_DELIM_JOIN,0.904991
cold_hot,q22,3,SORT_PARTITION,0.010489
cold_hot,q22,3,SORT_PARTITION,0.010705
cold_hot,q22,3,SORT_SAMPLE,0.014223
cold_hot,q22,3,SORT_SAMPLE,0.011494
cold_hot,q22,3,UNGROUPED_AGGREGATE,0.895371
cold_hot,q22,3,UNGROUPED_AGGREGATE,1.212141
cold_hot,q22,4,CONCAT,0.11091300000000001
cold_hot,q22,4,CONCAT,0.14311
cold_hot,q22,4,GPU_SCAN,301.943026
cold_hot,q22,4,GPU_SCAN,302.239285
cold_hot,q22,4,HASH_GROUP_BY,0.523455
cold_hot,q22,4,HASH_GROUP_BY,0.554579
cold_hot,q22,4,HASH_JOIN,29.17181
cold_hot,q22,4,HASH_JOIN,27.904215999999998
cold_hot,q22,4,MERGE_AGGREGATE,0.216296
cold_hot,q22,4,MERGE_AGGREGATE,0.345464
cold_hot,q22,4,MERGE_GROUP_BY,0.031331
cold_hot,q22,4,MERGE_GROUP_BY,0.027997
cold_hot,q22,4,MERGE_SORT,0.006632
cold_hot,q22,4,MERGE_SORT,0.007408
cold_hot,q22,4,NESTED_LOOP_JOIN,1.460818
cold_hot,q22,4,NESTED_LOOP_JOIN,1.202745
cold_hot,q22,4,ORDER_BY,0.528797
cold_hot,q22,4,ORDER_BY,0.528789
cold_hot,q22,4,PARTITION,0.10463800000000001
cold_hot,q22,4,PARTITION,0.158623
cold_hot,q22,4,PROJECTION,0.34282100000000004
cold_hot,q22,4,PROJECTION,0.406118
cold_hot,q22,4,RESULT_COLLECTOR,0.121419
cold_hot,q22,4,RESULT_COLLECTOR,0.107038
cold_hot,q22,4,RIGHT_DELIM_JOIN,0.69287
cold_hot,q22,4,RIGHT_DELIM_JOIN,1.025978
cold_hot,q22,4,SORT_PARTITION,0.005166
cold_hot,q22,4,SORT_PARTITION,0.008971
cold_hot,q22,4,SORT_SAMPLE,0.009425
cold_hot,q22,4,SORT_SAMPLE,0.01563
cold_hot,q22,4,UNGROUPED_AGGREGATE,0.616428
cold_hot,q22,4,UNGROUPED_AGGREGATE,0.739969
cold_hot,q22,5,CONCAT,0.191156
cold_hot,q22,5,CONCAT,0.11324699999999999
cold_hot,q22,5,GPU_SCAN,312.788312
cold_hot,q22,5,GPU_SCAN,303.48236
cold_hot,q22,5,HASH_GROUP_BY,0.571582
cold_hot,q22,5,HASH_GROUP_BY,0.630852
cold_hot,q22,5,HASH_JOIN,29.601587
cold_hot,q22,5,HASH_JOIN,28.468842000000002
cold_hot,q22,5,MERGE_AGGREGATE,0.316438
cold_hot,q22,5,MERGE_AGGREGATE,0.10837
cold_hot,q22,5,MERGE_GROUP_BY,0.071134
cold_hot,q22,5,MERGE_GROUP_BY,0.016694
cold_hot,q22,5,MERGE_SORT,0.038542
cold_hot,q22,5,MERGE_SORT,0.00868
cold_hot,q22,5,NESTED_LOOP_JOIN,1.3203
cold_hot,q22,5,NESTED_LOOP_JOIN,0.814153
cold_hot,q22,5,ORDER_BY,0.517501
cold_hot,q22,5,ORDER_BY,0.197254
cold_hot,q22,5,PARTITION,0.230528
cold_hot,q22,5,PARTITION,0.196407
cold_hot,q22,5,PROJECTION,0.391771
cold_hot,q22,5,PROJECTION,0.419505
cold_hot,q22,5,RESULT_COLLECTOR,0.319792
cold_hot,q22,5,RESULT_COLLECTOR,0.11686
cold_hot,q22,5,RIGHT_DELIM_JOIN,0.770653
cold_hot,q22,5,RIGHT_DELIM_JOIN,0.534732
cold_hot,q22,5,SORT_PARTITION,0.005847
cold_hot,q22,5,SORT_PARTITION,0.008392
cold_hot,q22,5,SORT_SAMPLE,0.008686
cold_hot,q22,5,SORT_SAMPLE,0.011996
cold_hot,q22,5,UNGROUPED_AGGREGATE,0.8050649999999999
cold_hot,q22,5,UNGROUPED_AGGREGATE,0.729203
cold_hot,q22,6,CONCAT,0.294848
cold_hot,q22,6,CONCAT,0.191666
cold_hot,q22,6,GPU_SCAN,301.38559
cold_hot,q22,6,GPU_SCAN,300.486192
cold_hot,q22,6,HASH_GROUP_BY,0.541136
cold_hot,q22,6,HASH_GROUP_BY,0.492465
cold_hot,q22,6,HASH_JOIN,29.892858999999998
cold_hot,q22,6,HASH_JOIN,28.114339
cold_hot,q22,6,MERGE_AGGREGATE,0.360025
cold_hot,q22,6,MERGE_AGGREGATE,0.32811199999999996
cold_hot,q22,6,MERGE_GROUP_BY,0.109594
cold_hot,q22,6,MERGE_GROUP_BY,0.032627
cold_hot,q22,6,MERGE_SORT,0.022602
cold_hot,q22,6,MERGE_SORT,0.008809
cold_hot,q22,6,NESTED_LOOP_JOIN,1.630186
cold_hot,q22,6,NESTED_LOOP_JOIN,1.417898
cold_hot,q22,6,ORDER_BY,0.528875
cold_hot,q22,6,ORDER_BY,0.502024
cold_hot,q22,6,PARTITION,0.243507
cold_hot,q22,6,PARTITION,0.130471
cold_hot,q22,6,PROJECTION,0.621305
cold_hot,q22,6,PROJECTION,0.364082
cold_hot,q22,6,RESULT_COLLECTOR,0.260399
cold_hot,q22,6,RESULT_COLLECTOR,0.087362
cold_hot,q22,6,RIGHT_DELIM_JOIN,0.737304
cold_hot,q22,6,RIGHT_DELIM_JOIN,0.591242
cold_hot,q22,6,SORT_PARTITION,0.031408
cold_hot,q22,6,SORT_PARTITION,0.007399
cold_hot,q22,6,SORT_SAMPLE,0.049095
cold_hot,q22,6,SORT_SAMPLE,0.008733
cold_hot,q22,6,UNGROUPED_AGGREGATE,0.801307
cold_hot,q22,6,UNGROUPED_AGGREGATE,0.778824
cold_hot,q22,7,CONCAT,0.16972700000000002
cold_hot,q22,7,CONCAT,0.17607
cold_hot,q22,7,GPU_SCAN,301.92963999999995
cold_hot,q22,7,GPU_SCAN,299.016564
cold_hot,q22,7,HASH_GROUP_BY,0.558177
cold_hot,q22,7,HASH_GROUP_BY,0.517209
cold_hot,q22,7,HASH_JOIN,29.327176
cold_hot,q22,7,HASH_JOIN,27.899134
cold_hot,q22,7,MERGE_AGGREGATE,0.324098
cold_hot,q22,7,MERGE_AGGREGATE,0.288694
cold_hot,q22,7,MERGE_GROUP_BY,0.043774
cold_hot,q22,7,MERGE_GROUP_BY,0.019528999999999998
cold_hot,q22,7,MERGE_SORT,0.006957
cold_hot,q22,7,MERGE_SORT,0.006221
cold_hot,q22,7,NESTED_LOOP_JOIN,1.668533
cold_hot,q22,7,NESTED_LOOP_JOIN,1.392086
cold_hot,q22,7,ORDER_BY,0.49488
cold_hot,q22,7,ORDER_BY,0.520823
cold_hot,q22,7,PARTITION,0.220181
cold_hot,q22,7,PARTITION,0.106786
cold_hot,q22,7,PROJECTION,0.337201
cold_hot,q22,7,PROJECTION,0.33747099999999997
cold_hot,q22,7,RESULT_COLLECTOR,0.236932
cold_hot,q22,7,RESULT_COLLECTOR,0.100251
cold_hot,q22,7,RIGHT_DELIM_JOIN,0.664789
cold_hot,q22,7,RIGHT_DELIM_JOIN,0.518387
cold_hot,q22,7,SORT_PARTITION,0.006804
cold_hot,q22,7,SORT_PARTITION,0.005326
cold_hot,q22,7,SORT_SAMPLE,0.014041
cold_hot,q22,7,SORT_SAMPLE,0.009183
cold_hot,q22,7,UNGROUPED_AGGREGATE,0.7737580000000001
cold_hot,q22,7,UNGROUPED_AGGREGATE,0.7224269999999999
cold_hot,q22,8,CONCAT,0.21259399999999998
cold_hot,q22,8,CONCAT,0.24711300000000003
cold_hot,q22,8,GPU_SCAN,302.495305
cold_hot,q22,8,GPU_SCAN,302.240179
cold_hot,q22,8,HASH_GROUP_BY,0.583602
cold_hot,q22,8,HASH_GROUP_BY,0.888035
cold_hot,q22,8,HASH_JOIN,29.475707
cold_hot,q22,8,HASH_JOIN,28.346126
cold_hot,q22,8,MERGE_AGGREGATE,0.411179
cold_hot,q22,8,MERGE_AGGREGATE,0.288871
cold_hot,q22,8,MERGE_GROUP_BY,0.06425
cold_hot,q22,8,MERGE_GROUP_BY,0.045139
cold_hot,q22,8,MERGE_SORT,0.012106
cold_hot,q22,8,MERGE_SORT,0.011762
cold_hot,q22,8,NESTED_LOOP_JOIN,1.764566
cold_hot,q22,8,NESTED_LOOP_JOIN,1.310368
cold_hot,q22,8,ORDER_BY,0.549778
cold_hot,q22,8,ORDER_BY,0.657414
cold_hot,q22,8,PARTITION,0.24229499999999998
cold_hot,q22,8,PARTITION,0.258158
cold_hot,q22,8,PROJECTION,0.415966
cold_hot,q22,8,PROJECTION,0.573256
cold_hot,q22,8,RESULT_COLLECTOR,0.144154
cold_hot,q22,8,RESULT_COLLECTOR,0.184357
cold_hot,q22,8,RIGHT_DELIM_JOIN,0.760429
cold_hot,q22,8,RIGHT_DELIM_JOIN,0.595379
cold_hot,q22,8,SORT_PARTITION,0.006999
cold_hot,q22,8,SORT_PARTITION,0.015813
cold_hot,q22,8,SORT_SAMPLE,0.010233
cold_hot,q22,8,SORT_SAMPLE,0.018185
cold_hot,q22,8,UNGROUPED_AGGREGATE,0.829156
cold_hot,q22,8,UNGROUPED_AGGREGATE,0.38900500000000005
cold_hot,q22,9,CONCAT,0.132897
cold_hot,q22,9,CONCAT,0.204086
cold_hot,q22,9,GPU_SCAN,306.83484799999997
cold_hot,q22,9,GPU_SCAN,307.79114200000004
cold_hot,q22,9,HASH_GROUP_BY,0.735223
cold_hot,q22,9,HASH_GROUP_BY,0.643041
cold_hot,q22,9,HASH_JOIN,29.469405000000002
cold_hot,q22,9,HASH_JOIN,28.497567
cold_hot,q22,9,MERGE_AGGREGATE,0.29555800000000004
cold_hot,q22,9,MERGE_AGGREGATE,0.309331
cold_hot,q22,9,MERGE_GROUP_BY,0.038202
cold_hot,q22,9,MERGE_GROUP_BY,0.060629
cold_hot,q22,9,MERGE_SORT,0.007055
cold_hot,q22,9,MERGE_SORT,0.010526
cold_hot,q22,9,NESTED_LOOP_JOIN,0.965188
cold_hot,q22,9,NESTED_LOOP_JOIN,1.235098
cold_hot,q22,9,ORDER_BY,0.460634
cold_hot,q22,9,ORDER_BY,0.56814
cold_hot,q22,9,PARTITION,0.16481500000000002
cold_hot,q22,9,PARTITION,0.257431
cold_hot,q22,9,PROJECTION,0.406185
cold_hot,q22,9,PROJECTION,0.489672
cold_hot,q22,9,RESULT_COLLECTOR,0.253999
cold_hot,q22,9,RESULT_COLLECTOR,0.309911
cold_hot,q22,9,RIGHT_DELIM_JOIN,0.614078
cold_hot,q22,9,RIGHT_DELIM_JOIN,0.545487
cold_hot,q22,9,SORT_PARTITION,0.010377
cold_hot,q22,9,SORT_PARTITION,0.011928
cold_hot,q22,9,SORT_SAMPLE,0.017662
cold_hot,q22,9,SORT_SAMPLE,0.015759
cold_hot,q22,9,UNGROUPED_AGGREGATE,0.485044
cold_hot,q22,9,UNGROUPED_AGGREGATE,1.1861199999999998
cold_hot,q22,10,CONCAT,0.095457
cold_hot,q22,10,CONCAT,0.13973000000000002
cold_hot,q22,10,GPU_SCAN,307.02614800000003
cold_hot,q22,10,GPU_SCAN,304.769134
cold_hot,q22,10,HASH_GROUP_BY,0.758045
cold_hot,q22,10,HASH_GROUP_BY,0.899498
cold_hot,q22,10,HASH_JOIN,29.394790999999998
cold_hot,q22,10,HASH_JOIN,28.355183
cold_hot,q22,10,MERGE_AGGREGATE,0.156933
cold_hot,q22,10,MERGE_AGGREGATE,0.358532
cold_hot,q22,10,MERGE_GROUP_BY,0.039556999999999995
cold_hot,q22,10,MERGE_GROUP_BY,0.025876999999999997
cold_hot,q22,10,MERGE_SORT,0.008316
cold_hot,q22,10,MERGE_SORT,0.030141
cold_hot,q22,10,NESTED_LOOP_JOIN,1.627587
cold_hot,q22,10,NESTED_LOOP_JOIN,0.835271
cold_hot,q22,10,ORDER_BY,0.185944
cold_hot,q22,10,ORDER_BY,0.238386
cold_hot,q22,10,PARTITION,0.10713800000000001
cold_hot,q22,10,PARTITION,0.20401799999999998
cold_hot,q22,10,PROJECTION,0.51346
cold_hot,q22,10,PROJECTION,0.444442
cold_hot,q22,10,RESULT_COLLECTOR,0.275947
cold_hot,q22,10,RESULT_COLLECTOR,0.147256
cold_hot,q22,10,RIGHT_DELIM_JOIN,0.67477
cold_hot,q22,10,RIGHT_DELIM_JOIN,0.637033
cold_hot,q22,10,SORT_PARTITION,0.009684
cold_hot,q22,10,SORT_PARTITION,0.009967
cold_hot,q22,10,SORT_SAMPLE,0.015023
cold_hot,q22,10,SORT_SAMPLE,0.011521
cold_hot,q22,10,UNGROUPED_AGGREGATE,0.38606399999999996
cold_hot,q22,10,UNGROUPED_AGGREGATE,0.45058
