condition,query,execution,operator_kind,duration_ms
paging,q1,1,GPU_SCAN,2810.2816220000004
paging,q1,1,GPU_SCAN,2773.345455
paging,q1,1,GPU_SCAN,2827.284734
paging,q1,1,HASH_GROUP_BY,857.6906620000002
paging,q1,1,HASH_GROUP_BY,788.3213890000002
paging,q1,1,HASH_GROUP_BY,765.529635
paging,q1,1,MERGE_GROUP_BY,1.242131
paging,q1,1,MERGE_GROUP_BY,1.273329
paging,q1,1,MERGE_GROUP_BY,2.184855
paging,q1,1,MERGE_SORT,3.045989
paging,q1,1,MERGE_SORT,2.401085
paging,q1,1,MERGE_SORT,2.239016
paging,q1,1,ORDER_BY,0.514898
paging,q1,1,ORDER_BY,0.447811
paging,q1,1,ORDER_BY,0.469428
paging,q1,1,PARTITION,0.487401
paging,q1,1,PARTITION,0.44821900000000003
paging,q1,1,PARTITION,0.76647
paging,q1,1,PROJECTION,123.92911200000005
paging,q1,1,PROJECTION,142.402207
paging,q1,1,PROJECTION,139.82272300000002
paging,q1,1,RESULT_COLLECTOR,0.177039
paging,q1,1,RESULT_COLLECTOR,0.129986
paging,q1,1,RESULT_COLLECTOR,0.159498
paging,q1,1,SORT_PARTITION,1.684991
paging,q1,1,SORT_PARTITION,1.42009
paging,q1,1,SORT_PARTITION,1.662272
paging,q1,1,SORT_SAMPLE,0.591981
paging,q1,1,SORT_SAMPLE,0.51028
paging,q1,1,SORT_SAMPLE,0.606909
paging,q1,2,GPU_SCAN,2802.4993050000003
paging,q1,2,GPU_SCAN,2840.2083339999995
paging,q1,2,GPU_SCAN,2831.5031499999996
paging,q1,2,HASH_GROUP_BY,815.850653
paging,q1,2,HASH_GROUP_BY,770.2494610000001
paging,q1,2,HASH_GROUP_BY,808.935138
paging,q1,2,MERGE_GROUP_BY,2.875065
paging,q1,2,MERGE_GROUP_BY,1.270532
paging,q1,2,MERGE_GROUP_BY,1.199447
paging,q1,2,MERGE_SORT,1.940291
paging,q1,2,MERGE_SORT,1.076234
paging,q1,2,MERGE_SORT,2.141492
paging,q1,2,ORDER_BY,0.490886
paging,q1,2,ORDER_BY,1.047657
paging,q1,2,ORDER_BY,0.47518
paging,q1,2,PARTITION,0.5485269999999999
paging,q1,2,PARTITION,0.33303099999999997
paging,q1,2,PARTITION,0.46549300000000005
paging,q1,2,PROJECTION,114.83892099999998
paging,q1,2,PROJECTION,140.77999699999995
paging,q1,2,PROJECTION,118.92063800000001
paging,q1,2,RESULT_COLLECTOR,0.136092
paging,q1,2,RESULT_COLLECTOR,0.16037
paging,q1,2,RESULT_COLLECTOR,0.130326
paging,q1,2,SORT_PARTITION,0.518287
paging,q1,2,SORT_PARTITION,1.602374
paging,q1,2,SORT_PARTITION,0.50582
paging,q1,2,SORT_SAMPLE,0.147068
paging,q1,2,SORT_SAMPLE,0.589808
paging,q1,2,SORT_SAMPLE,0.152264
paging,q1,3,GPU_SCAN,2733.227078
paging,q1,3,GPU_SCAN,2725.159109
paging,q1,3,GPU_SCAN,2737.440402
paging,q1,3,HASH_GROUP_BY,764.9846270000002
paging,q1,3,HASH_GROUP_BY,738.6905229999999
paging,q1,3,HASH_GROUP_BY,842.7336730000001
paging,q1,3,MERGE_GROUP_BY,3.353011
paging,q1,3,MERGE_GROUP_BY,1.315617
paging,q1,3,MERGE_GROUP_BY,2.194937
paging,q1,3,MERGE_SORT,2.172008
paging,q1,3,MERGE_SORT,2.009204
paging,q1,3,MERGE_SORT,1.014843
paging,q1,3,ORDER_BY,0.952803
paging,q1,3,ORDER_BY,0.813153
paging,q1,3,ORDER_BY,0.872035
paging,q1,3,PARTITION,0.6824160000000001
paging,q1,3,PARTITION,0.954874
paging,q1,3,PARTITION,1.038911
paging,q1,3,PROJECTION,102.649986
paging,q1,3,PROJECTION,106.855263
paging,q1,3,PROJECTION,135.457397
paging,q1,3,RESULT_COLLECTOR,0.140917
paging,q1,3,RESULT_COLLECTOR,0.144827
paging,q1,3,RESULT_COLLECTOR,0.19393
paging,q1,3,SORT_PARTITION,0.53029
paging,q1,3,SORT_PARTITION,1.099106
paging,q1,3,SORT_PARTITION,1.682391
paging,q1,3,SORT_SAMPLE,0.223808
paging,q1,3,SORT_SAMPLE,0.394711
paging,q1,3,SORT_SAMPLE,0.659625
paging,q1,4,GPU_SCAN,2732.7679679999997
paging,q1,4,GPU_SCAN,2716.8733780000002
paging,q1,4,GPU_SCAN,2716.778114
paging,q1,4,HASH_GROUP_BY,704.7364729999999
paging,q1,4,HASH_GROUP_BY,748.149481
paging,q1,4,HASH_GROUP_BY,695.5187179999999
paging,q1,4,MERGE_GROUP_BY,1.266936
paging,q1,4,MERGE_GROUP_BY,2.06194
paging,q1,4,MERGE_GROUP_BY,1.216205
paging,q1,4,MERGE_SORT,2.024661
paging,q1,4,MERGE_SORT,1.147066
paging,q1,4,MERGE_SORT,2.916604
paging,q1,4,ORDER_BY,0.83388
paging,q1,4,ORDER_BY,0.896007
paging,q1,4,ORDER_BY,1.098132
paging,q1,4,PARTITION,0.47500299999999995
paging,q1,4,PARTITION,0.5809050000000001
paging,q1,4,PARTITION,0.5216790000000001
paging,q1,4,PROJECTION,137.558325
paging,q1,4,PROJECTION,110.76599
paging,q1,4,PROJECTION,121.79393300000001
paging,q1,4,RESULT_COLLECTOR,0.143419
paging,q1,4,RESULT_COLLECTOR,0.128092
paging,q1,4,RESULT_COLLECTOR,0.161785
paging,q1,4,SORT_PARTITION,1.150938
paging,q1,4,SORT_PARTITION,0.508558
paging,q1,4,SORT_PARTITION,0.534418
paging,q1,4,SORT_SAMPLE,0.437451
paging,q1,4,SORT_SAMPLE,0.17884
paging,q1,4,SORT_SAMPLE,0.199568
paging,q1,5,GPU_SCAN,2856.9192869999997
paging,q1,5,GPU_SCAN,2797.4343989999998
paging,q1,5,GPU_SCAN,2762.043694
paging,q1,5,HASH_GROUP_BY,859.427351
paging,q1,5,HASH_GROUP_BY,798.523377
paging,q1,5,HASH_GROUP_BY,752.93815
paging,q1,5,MERGE_GROUP_BY,1.230663
paging,q1,5,MERGE_GROUP_BY,3.203039
paging,q1,5,MERGE_GROUP_BY,1.127343
paging,q1,5,MERGE_SORT,2.969725
paging,q1,5,MERGE_SORT,0.890247
paging,q1,5,MERGE_SORT,1.649283
paging,q1,5,ORDER_BY,0.431563
paging,q1,5,ORDER_BY,0.429259
paging,q1,5,ORDER_BY,0.930078
paging,q1,5,PARTITION,0.37320499999999995
paging,q1,5,PARTITION,0.510182
paging,q1,5,PARTITION,0.5347120000000001
paging,q1,5,PROJECTION,110.70467000000002
paging,q1,5,PROJECTION,143.69713900000002
paging,q1,5,PROJECTION,150.05046000000002
paging,q1,5,RESULT_COLLECTOR,0.146626
paging,q1,5,RESULT_COLLECTOR,0.134903
paging,q1,5,RESULT_COLLECTOR,0.159859
paging,q1,5,SORT_PARTITION,1.205593
paging,q1,5,SORT_PARTITION,0.922615
paging,q1,5,SORT_PARTITION,0.514327
paging,q1,5,SORT_SAMPLE,0.607082
paging,q1,5,SORT_SAMPLE,0.324994
paging,q1,5,SORT_SAMPLE,0.159269
paging,q2,1,CONCAT,0.44020400000000004
paging,q2,1,CONCAT,0.8746370000000001
paging,q2,1,CONCAT,1.422603
paging,q2,1,DYNAMIC_FILTER,4.45876
paging,q2,1,DYNAMIC_FILTER,4.597681
paging,q2,1,DYNAMIC_FILTER,4.753171999999999
paging,q2,1,FILTER,0.59118
paging,q2,1,FILTER,0.684553
paging,q2,1,FILTER,0.713694
paging,q2,1,GPU_SCAN,257.341595
paging,q2,1,GPU_SCAN,265.177245
paging,q2,1,GPU_SCAN,263.807229
paging,q2,1,HASH_GROUP_BY,0.451374
paging,q2,1,HASH_GROUP_BY,0.8114
paging,q2,1,HASH_GROUP_BY,0.603723
paging,q2,1,HASH_JOIN,7.0868400000000005
paging,q2,1,HASH_JOIN,9.203
paging,q2,1,HASH_JOIN,11.570694
paging,q2,1,LEFT_DELIM_JOIN,0.159004
paging,q2,1,LEFT_DELIM_JOIN,0.234711
paging,q2,1,LEFT_DELIM_JOIN,0.198965
paging,q2,1,MERGE_GROUP_BY,0.024313
paging,q2,1,MERGE_GROUP_BY,0.043478
paging,q2,1,MERGE_GROUP_BY,0.040179
paging,q2,1,MERGE_SORT,0.014283
paging,q2,1,MERGE_SORT,0.014466
paging,q2,1,MERGE_SORT,0.022942
paging,q2,1,ORDER_BY,1.206928
paging,q2,1,ORDER_BY,1.302645
paging,q2,1,ORDER_BY,1.26025
paging,q2,1,PARTITION,0.3387659999999999
paging,q2,1,PARTITION,0.49588200000000004
paging,q2,1,PARTITION,0.626693
paging,q2,1,PROJECTION,0.055767
paging,q2,1,PROJECTION,0.115971
paging,q2,1,PROJECTION,0.070987
paging,q2,1,RESULT_COLLECTOR,1.633902
paging,q2,1,RESULT_COLLECTOR,3.348594
paging,q2,1,RESULT_COLLECTOR,1.833439
paging,q2,1,SORT_PARTITION,0.008193
paging,q2,1,SORT_PARTITION,0.011758
paging,q2,1,SORT_PARTITION,0.012423
paging,q2,1,SORT_SAMPLE,0.012922
paging,q2,1,SORT_SAMPLE,0.017529
paging,q2,1,SORT_SAMPLE,0.018657
paging,q2,2,CONCAT,1.0806490000000002
paging,q2,2,CONCAT,1.26471
paging,q2,2,CONCAT,0.652259
paging,q2,2,DYNAMIC_FILTER,4.46949
paging,q2,2,DYNAMIC_FILTER,4.731227
paging,q2,2,DYNAMIC_FILTER,4.415357
paging,q2,2,FILTER,0.615517
paging,q2,2,FILTER,0.558626
paging,q2,2,FILTER,0.526797
paging,q2,2,GPU_SCAN,254.01357
paging,q2,2,GPU_SCAN,259.421623
paging,q2,2,GPU_SCAN,252.214086
paging,q2,2,HASH_GROUP_BY,0.499297
paging,q2,2,HASH_GROUP_BY,0.359367
paging,q2,2,HASH_GROUP_BY,0.360699
paging,q2,2,HASH_JOIN,8.011696
paging,q2,2,HASH_JOIN,7.977441
paging,q2,2,HASH_JOIN,7.534129999999999
paging,q2,2,LEFT_DELIM_JOIN,0.191367
paging,q2,2,LEFT_DELIM_JOIN,0.224057
paging,q2,2,LEFT_DELIM_JOIN,0.28757
paging,q2,2,MERGE_GROUP_BY,0.011274
paging,q2,2,MERGE_GROUP_BY,0.014065000000000001
paging,q2,2,MERGE_GROUP_BY,0.01137
paging,q2,2,MERGE_SORT,0.025654
paging,q2,2,MERGE_SORT,0.012439
paging,q2,2,MERGE_SORT,0.010513
paging,q2,2,ORDER_BY,1.228916
paging,q2,2,ORDER_BY,1.175383
paging,q2,2,ORDER_BY,1.149071
paging,q2,2,PARTITION,0.328029
paging,q2,2,PARTITION,0.44574999999999987
paging,q2,2,PARTITION,0.24480800000000003
paging,q2,2,PROJECTION,0.06562899999999999
paging,q2,2,PROJECTION,0.08150099999999999
paging,q2,2,PROJECTION,0.035247
paging,q2,2,RESULT_COLLECTOR,1.769945
paging,q2,2,RESULT_COLLECTOR,1.942302
paging,q2,2,RESULT_COLLECTOR,1.189468
paging,q2,2,SORT_PARTITION,0.010032
paging,q2,2,SORT_PARTITION,0.009398
paging,q2,2,SORT_PARTITION,0.007257
paging,q2,2,SORT_SAMPLE,0.014797
paging,q2,2,SORT_SAMPLE,0.012397
paging,q2,2,SORT_SAMPLE,0.011671
paging,q2,3,CONCAT,0.660287
paging,q2,3,CONCAT,0.751346
paging,q2,3,CONCAT,1.1947219999999998
paging,q2,3,DYNAMIC_FILTER,4.522047
paging,q2,3,DYNAMIC_FILTER,4.568926
paging,q2,3,DYNAMIC_FILTER,5.077096
paging,q2,3,FILTER,0.59221
paging,q2,3,FILTER,0.73154
paging,q2,3,FILTER,0.698342
paging,q2,3,GPU_SCAN,253.75180899999998
paging,q2,3,GPU_SCAN,261.424052
paging,q2,3,GPU_SCAN,260.009614
paging,q2,3,HASH_GROUP_BY,0.393729
paging,q2,3,HASH_GROUP_BY,0.681188
paging,q2,3,HASH_GROUP_BY,0.896119
paging,q2,3,HASH_JOIN,6.031661
paging,q2,3,HASH_JOIN,7.141783
paging,q2,3,HASH_JOIN,9.37599
paging,q2,3,LEFT_DELIM_JOIN,0.235034
paging,q2,3,LEFT_DELIM_JOIN,0.273901
paging,q2,3,LEFT_DELIM_JOIN,0.297765
paging,q2,3,MERGE_GROUP_BY,0.011154
paging,q2,3,MERGE_GROUP_BY,0.018022
paging,q2,3,MERGE_GROUP_BY,0.021525000000000002
paging,q2,3,MERGE_SORT,0.010269
paging,q2,3,MERGE_SORT,0.020123
paging,q2,3,MERGE_SORT,0.087706
paging,q2,3,ORDER_BY,1.179786
paging,q2,3,ORDER_BY,1.286371
paging,q2,3,ORDER_BY,2.178724
paging,q2,3,PARTITION,0.2579539999999999
paging,q2,3,PARTITION,0.360016
paging,q2,3,PARTITION,0.549776
paging,q2,3,PROJECTION,0.046683999999999996
paging,q2,3,PROJECTION,0.062972
paging,q2,3,PROJECTION,0.074712
paging,q2,3,RESULT_COLLECTOR,1.440045
paging,q2,3,RESULT_COLLECTOR,2.433722
paging,q2,3,RESULT_COLLECTOR,2.21675
paging,q2,3,SORT_PARTITION,0.007742
paging,q2,3,SORT_PARTITION,0.009762
paging,q2,3,SORT_PARTITION,0.014289
paging,q2,3,SORT_SAMPLE,0.012935
paging,q2,3,SORT_SAMPLE,0.017782
paging,q2,3,SORT_SAMPLE,0.02088
paging,q2,4,CONCAT,0.8516520000000001
paging,q2,4,CONCAT,0.883127
paging,q2,4,CONCAT,1.0600939999999999
paging,q2,4,DYNAMIC_FILTER,4.545121
paging,q2,4,DYNAMIC_FILTER,4.571568
paging,q2,4,DYNAMIC_FILTER,4.740763
paging,q2,4,FILTER,0.534875
paging,q2,4,FILTER,0.85011
paging,q2,4,FILTER,0.63418
paging,q2,4,GPU_SCAN,254.57703800000002
paging,q2,4,GPU_SCAN,261.034116
paging,q2,4,GPU_SCAN,254.481181
paging,q2,4,HASH_GROUP_BY,0.84374
paging,q2,4,HASH_GROUP_BY,0.511969
paging,q2,4,HASH_GROUP_BY,0.762732
paging,q2,4,HASH_JOIN,8.568605999999999
paging,q2,4,HASH_JOIN,12.454138
paging,q2,4,HASH_JOIN,8.513304999999999
paging,q2,4,LEFT_DELIM_JOIN,0.205414
paging,q2,4,LEFT_DELIM_JOIN,0.319447
paging,q2,4,LEFT_DELIM_JOIN,0.213247
paging,q2,4,MERGE_GROUP_BY,0.012206999999999999
paging,q2,4,MERGE_GROUP_BY,0.022893
paging,q2,4,MERGE_GROUP_BY,0.011909
paging,q2,4,MERGE_SORT,0.008996
paging,q2,4,MERGE_SORT,0.014772
paging,q2,4,MERGE_SORT,0.039088
paging,q2,4,ORDER_BY,1.155117
paging,q2,4,ORDER_BY,1.161459
paging,q2,4,ORDER_BY,1.244009
paging,q2,4,PARTITION,0.31282400000000005
paging,q2,4,PARTITION,0.39793200000000006
paging,q2,4,PARTITION,0.33506100000000005
paging,q2,4,PROJECTION,0.060492
paging,q2,4,PROJECTION,0.057291999999999996
paging,q2,4,PROJECTION,0.124251
paging,q2,4,RESULT_COLLECTOR,1.285498
paging,q2,4,RESULT_COLLECTOR,11.631892
paging,q2,4,RESULT_COLLECTOR,3.059479
paging,q2,4,SORT_PARTITION,0.014503
paging,q2,4,SORT_PARTITION,0.009688
paging,q2,4,SORT_PARTITION,0.021056
paging,q2,4,SORT_SAMPLE,0.011839
paging,q2,4,SORT_SAMPLE,0.014966
paging,q2,4,SORT_SAMPLE,0.03524
paging,q2,5,CONCAT,0.7643630000000001
paging,q2,5,CONCAT,0.78651
paging,q2,5,CONCAT,0.9459150000000002
paging,q2,5,DYNAMIC_FILTER,4.640673
paging,q2,5,DYNAMIC_FILTER,4.473005000000001
paging,q2,5,DYNAMIC_FILTER,4.614779
paging,q2,5,FILTER,0.566014
paging,q2,5,FILTER,0.577766
paging,q2,5,FILTER,0.547929
paging,q2,5,GPU_SCAN,253.88946600000003
paging,q2,5,GPU_SCAN,258.980639
paging,q2,5,GPU_SCAN,253.80447800000002
paging,q2,5,HASH_GROUP_BY,0.796261
paging,q2,5,HASH_GROUP_BY,0.372485
paging,q2,5,HASH_GROUP_BY,0.352802
paging,q2,5,HASH_JOIN,9.267938
paging,q2,5,HASH_JOIN,9.376236
paging,q2,5,HASH_JOIN,6.959799
paging,q2,5,LEFT_DELIM_JOIN,0.201604
paging,q2,5,LEFT_DELIM_JOIN,0.330298
paging,q2,5,LEFT_DELIM_JOIN,0.211053
paging,q2,5,MERGE_GROUP_BY,0.01213
paging,q2,5,MERGE_GROUP_BY,0.013967
paging,q2,5,MERGE_GROUP_BY,0.011078999999999999
paging,q2,5,MERGE_SORT,0.008751
paging,q2,5,MERGE_SORT,0.012333
paging,q2,5,MERGE_SORT,0.010985
paging,q2,5,ORDER_BY,1.158109
paging,q2,5,ORDER_BY,1.181561
paging,q2,5,ORDER_BY,1.180111
paging,q2,5,PARTITION,0.343979
paging,q2,5,PARTITION,0.413703
paging,q2,5,PARTITION,0.351639
paging,q2,5,PROJECTION,0.101272
paging,q2,5,PROJECTION,0.08261299999999999
paging,q2,5,PROJECTION,0.078768
paging,q2,5,RESULT_COLLECTOR,1.365382
paging,q2,5,RESULT_COLLECTOR,3.811615
paging,q2,5,RESULT_COLLECTOR,3.47491
paging,q2,5,SORT_PARTITION,0.008815
paging,q2,5,SORT_PARTITION,0.009498
paging,q2,5,SORT_PARTITION,0.007473
paging,q2,5,SORT_SAMPLE,0.012302
paging,q2,5,SORT_SAMPLE,0.016652
paging,q2,5,SORT_SAMPLE,0.009807
paging,q3,1,CONCAT,4.112362000000001
paging,q3,1,CONCAT,3.4569509999999997
paging,q3,1,CONCAT,3.48549
paging,q3,1,DYNAMIC_FILTER,16.285967
paging,q3,1,DYNAMIC_FILTER,21.192641
paging,q3,1,DYNAMIC_FILTER,12.077679000000002
paging,q3,1,GPU_SCAN,2720.7326389999994
paging,q3,1,GPU_SCAN,2670.258827
paging,q3,1,GPU_SCAN,2633.3441279999997
paging,q3,1,HASH_GROUP_BY,0.919992
paging,q3,1,HASH_GROUP_BY,0.854751
paging,q3,1,HASH_GROUP_BY,0.846972
paging,q3,1,HASH_JOIN,6.067621
paging,q3,1,HASH_JOIN,6.050174
paging,q3,1,HASH_JOIN,5.742662
paging,q3,1,MERGE_GROUP_BY,0.027113
paging,q3,1,MERGE_GROUP_BY,0.006697
paging,q3,1,MERGE_GROUP_BY,0.050212
paging,q3,1,MERGE_SORT,0.260977
paging,q3,1,MERGE_SORT,0.211577
paging,q3,1,MERGE_SORT,0.206483
paging,q3,1,ORDER_BY,1.411404
paging,q3,1,ORDER_BY,1.343124
paging,q3,1,ORDER_BY,1.414276
paging,q3,1,PARTITION,0.29345699999999997
paging,q3,1,PARTITION,0.22402299999999997
paging,q3,1,PARTITION,0.32304299999999997
paging,q3,1,PROJECTION,0.30191
paging,q3,1,PROJECTION,0.182343
paging,q3,1,PROJECTION,0.197209
paging,q3,1,RESULT_COLLECTOR,6.678077
paging,q3,1,RESULT_COLLECTOR,2.827152
paging,q3,1,RESULT_COLLECTOR,4.133213
paging,q3,1,SORT_PARTITION,0.169511
paging,q3,1,SORT_PARTITION,0.18201
paging,q3,1,SORT_PARTITION,0.187498
paging,q3,1,SORT_SAMPLE,0.033873
paging,q3,1,SORT_SAMPLE,0.046887
paging,q3,1,SORT_SAMPLE,0.069051
paging,q3,2,CONCAT,3.769722
paging,q3,2,CONCAT,3.4533460000000002
paging,q3,2,CONCAT,3.792612
paging,q3,2,DYNAMIC_FILTER,12.487308000000002
paging,q3,2,DYNAMIC_FILTER,11.525318
paging,q3,2,DYNAMIC_FILTER,23.190508
paging,q3,2,GPU_SCAN,2508.478539
paging,q3,2,GPU_SCAN,2653.866529
paging,q3,2,GPU_SCAN,2642.0401699999998
paging,q3,2,HASH_GROUP_BY,0.947501
paging,q3,2,HASH_GROUP_BY,0.873055
paging,q3,2,HASH_GROUP_BY,0.87207
paging,q3,2,HASH_JOIN,6.037584
paging,q3,2,HASH_JOIN,5.902912
paging,q3,2,HASH_JOIN,5.769275
paging,q3,2,MERGE_GROUP_BY,0.01479
paging,q3,2,MERGE_GROUP_BY,0.025842
paging,q3,2,MERGE_GROUP_BY,0.026202
paging,q3,2,MERGE_SORT,0.170232
paging,q3,2,MERGE_SORT,0.155712
paging,q3,2,MERGE_SORT,0.212674
paging,q3,2,ORDER_BY,1.47019
paging,q3,2,ORDER_BY,1.365266
paging,q3,2,ORDER_BY,1.346171
paging,q3,2,PARTITION,0.251969
paging,q3,2,PARTITION,0.21112999999999998
paging,q3,2,PARTITION,0.36359
paging,q3,2,PROJECTION,0.230578
paging,q3,2,PROJECTION,0.18305
paging,q3,2,PROJECTION,0.18731699999999998
paging,q3,2,RESULT_COLLECTOR,2.528842
paging,q3,2,RESULT_COLLECTOR,4.350286
paging,q3,2,RESULT_COLLECTOR,15.133167
paging,q3,2,SORT_PARTITION,0.177681
paging,q3,2,SORT_PARTITION,0.17816
paging,q3,2,SORT_PARTITION,0.173543
paging,q3,2,SORT_SAMPLE,0.036981
paging,q3,2,SORT_SAMPLE,0.035695
paging,q3,2,SORT_SAMPLE,0.034829
paging,q3,3,CONCAT,3.9102580000000002
paging,q3,3,CONCAT,3.352259
paging,q3,3,CONCAT,4.030089
paging,q3,3,DYNAMIC_FILTER,16.709636999999997
paging,q3,3,DYNAMIC_FILTER,13.373121
paging,q3,3,DYNAMIC_FILTER,22.537081999999998
paging,q3,3,GPU_SCAN,2693.161184
paging,q3,3,GPU_SCAN,2483.587548
paging,q3,3,GPU_SCAN,2709.1476660000003
paging,q3,3,HASH_GROUP_BY,0.925402
paging,q3,3,HASH_GROUP_BY,0.85671
paging,q3,3,HASH_GROUP_BY,1.281213
paging,q3,3,HASH_JOIN,6.165432
paging,q3,3,HASH_JOIN,5.887632
paging,q3,3,HASH_JOIN,6.720973000000001
paging,q3,3,MERGE_GROUP_BY,0.027881
paging,q3,3,MERGE_GROUP_BY,0.023247
paging,q3,3,MERGE_GROUP_BY,0.063284
paging,q3,3,MERGE_SORT,0.211301
paging,q3,3,MERGE_SORT,0.208263
paging,q3,3,MERGE_SORT,0.270259
paging,q3,3,ORDER_BY,1.430995
paging,q3,3,ORDER_BY,1.302942
paging,q3,3,ORDER_BY,1.489195
paging,q3,3,PARTITION,0.23185299999999998
paging,q3,3,PARTITION,0.18134999999999998
paging,q3,3,PARTITION,0.273117
paging,q3,3,PROJECTION,0.186346
paging,q3,3,PROJECTION,0.174271
paging,q3,3,PROJECTION,0.414188
paging,q3,3,RESULT_COLLECTOR,4.118584
paging,q3,3,RESULT_COLLECTOR,3.861462
paging,q3,3,RESULT_COLLECTOR,4.948129
paging,q3,3,SORT_PARTITION,0.20225
paging,q3,3,SORT_PARTITION,0.165714
paging,q3,3,SORT_PARTITION,0.297568
paging,q3,3,SORT_SAMPLE,0.077242
paging,q3,3,SORT_SAMPLE,0.029917
paging,q3,3,SORT_SAMPLE,0.110825
paging,q3,4,CONCAT,3.6653260000000003
paging,q3,4,CONCAT,3.612411
paging,q3,4,CONCAT,3.400691
paging,q3,4,DYNAMIC_FILTER,22.016896999999997
paging,q3,4,DYNAMIC_FILTER,15.230568000000002
paging,q3,4,DYNAMIC_FILTER,13.007734
paging,q3,4,GPU_SCAN,2720.84785
paging,q3,4,GPU_SCAN,2752.3945200000003
paging,q3,4,GPU_SCAN,2514.9729930000003
paging,q3,4,HASH_GROUP_BY,0.884372
paging,q3,4,HASH_GROUP_BY,0.978114
paging,q3,4,HASH_GROUP_BY,0.890312
paging,q3,4,HASH_JOIN,6.115800999999999
paging,q3,4,HASH_JOIN,6.175301
paging,q3,4,HASH_JOIN,6.101254
paging,q3,4,MERGE_GROUP_BY,0.009428
paging,q3,4,MERGE_GROUP_BY,0.028164
paging,q3,4,MERGE_GROUP_BY,0.055199
paging,q3,4,MERGE_SORT,0.164488
paging,q3,4,MERGE_SORT,0.425819
paging,q3,4,MERGE_SORT,0.166436
paging,q3,4,ORDER_BY,1.339271
paging,q3,4,ORDER_BY,1.311293
paging,q3,4,ORDER_BY,1.30881
paging,q3,4,PARTITION,0.21773100000000004
paging,q3,4,PARTITION,0.264224
paging,q3,4,PARTITION,0.20356200000000002
paging,q3,4,PROJECTION,0.200185
paging,q3,4,PROJECTION,0.200322
paging,q3,4,PROJECTION,0.179388
paging,q3,4,RESULT_COLLECTOR,3.265699
paging,q3,4,RESULT_COLLECTOR,6.400197
paging,q3,4,RESULT_COLLECTOR,7.340034
paging,q3,4,SORT_PARTITION,0.192876
paging,q3,4,SORT_PARTITION,0.19319
paging,q3,4,SORT_PARTITION,0.172217
paging,q3,4,SORT_SAMPLE,0.047356
paging,q3,4,SORT_SAMPLE,0.034901
paging,q3,4,SORT_SAMPLE,0.034026
paging,q3,5,CONCAT,3.686997
paging,q3,5,CONCAT,3.5509970000000006
paging,q3,5,CONCAT,3.2061949999999997
paging,q3,5,DYNAMIC_FILTER,13.939390999999999
paging,q3,5,DYNAMIC_FILTER,19.569194
paging,q3,5,DYNAMIC_FILTER,15.393317
paging,q3,5,GPU_SCAN,2498.092176
paging,q3,5,GPU_SCAN,2653.8988849999996
paging,q3,5,GPU_SCAN,2696.773783
paging,q3,5,HASH_GROUP_BY,1.062857
paging,q3,5,HASH_GROUP_BY,0.790708
paging,q3,5,HASH_GROUP_BY,1.028713
paging,q3,5,HASH_JOIN,6.154802999999999
paging,q3,5,HASH_JOIN,5.790785
paging,q3,5,HASH_JOIN,6.0776
paging,q3,5,MERGE_GROUP_BY,0.012588
paging,q3,5,MERGE_GROUP_BY,0.012725
paging,q3,5,MERGE_GROUP_BY,0.023292
paging,q3,5,MERGE_SORT,0.184894
paging,q3,5,MERGE_SORT,0.154316
paging,q3,5,MERGE_SORT,0.166294
paging,q3,5,ORDER_BY,1.409107
paging,q3,5,ORDER_BY,1.324227
paging,q3,5,ORDER_BY,1.31665
paging,q3,5,PARTITION,0.17906399999999997
paging,q3,5,PARTITION,0.22936200000000004
paging,q3,5,PARTITION,0.21879500000000002
paging,q3,5,PROJECTION,0.28951
paging,q3,5,PROJECTION,0.175742
paging,q3,5,PROJECTION,0.28925999999999996
paging,q3,5,RESULT_COLLECTOR,2.505481
paging,q3,5,RESULT_COLLECTOR,2.494786
paging,q3,5,RESULT_COLLECTOR,4.296638
paging,q3,5,SORT_PARTITION,0.184436
paging,q3,5,SORT_PARTITION,0.170272
paging,q3,5,SORT_PARTITION,0.185219
paging,q3,5,SORT_SAMPLE,0.039287
paging,q3,5,SORT_SAMPLE,0.035995
paging,q3,5,SORT_SAMPLE,0.041011
paging,q4,1,CONCAT,1.1034869999999999
paging,q4,1,CONCAT,1.277513
paging,q4,1,CONCAT,1.242686
paging,q4,1,DYNAMIC_FILTER,14.284764
paging,q4,1,DYNAMIC_FILTER,13.397896000000001
paging,q4,1,DYNAMIC_FILTER,17.954185
paging,q4,1,FILTER,8.507928999999999
paging,q4,1,FILTER,2.703707
paging,q4,1,FILTER,3.5816650000000005
paging,q4,1,GPU_SCAN,1378.244005
paging,q4,1,GPU_SCAN,1411.3919210000001
paging,q4,1,GPU_SCAN,1403.89101
paging,q4,1,HASH_GROUP_BY,6.859935
paging,q4,1,HASH_GROUP_BY,2.454454
paging,q4,1,HASH_GROUP_BY,2.70069
paging,q4,1,HASH_JOIN,4.946871
paging,q4,1,HASH_JOIN,4.770694000000001
paging,q4,1,HASH_JOIN,5.195341
paging,q4,1,LEFT_DELIM_JOIN,1.641576
paging,q4,1,LEFT_DELIM_JOIN,1.543527
paging,q4,1,LEFT_DELIM_JOIN,1.629732
paging,q4,1,MERGE_GROUP_BY,1.8087630000000001
paging,q4,1,MERGE_GROUP_BY,1.650891
paging,q4,1,MERGE_GROUP_BY,2.035587
paging,q4,1,MERGE_SORT,0.052073
paging,q4,1,MERGE_SORT,0.008955
paging,q4,1,MERGE_SORT,0.007776
paging,q4,1,ORDER_BY,0.149104
paging,q4,1,ORDER_BY,0.576431
paging,q4,1,ORDER_BY,0.400842
paging,q4,1,PARTITION,0.28223200000000004
paging,q4,1,PARTITION,0.201286
paging,q4,1,PARTITION,0.210953
paging,q4,1,PROJECTION,0.011338
paging,q4,1,PROJECTION,0.010836
paging,q4,1,PROJECTION,0.010848
paging,q4,1,RESULT_COLLECTOR,0.559516
paging,q4,1,RESULT_COLLECTOR,0.114427
paging,q4,1,RESULT_COLLECTOR,0.137788
paging,q4,1,SORT_PARTITION,0.007611
paging,q4,1,SORT_PARTITION,0.005283
paging,q4,1,SORT_PARTITION,0.011116
paging,q4,1,SORT_SAMPLE,0.016365
paging,q4,1,SORT_SAMPLE,0.009746
paging,q4,1,SORT_SAMPLE,0.016004
paging,q4,2,CONCAT,1.19416
paging,q4,2,CONCAT,1.24021
paging,q4,2,CONCAT,1.368218
paging,q4,2,DYNAMIC_FILTER,15.97431
paging,q4,2,DYNAMIC_FILTER,11.072607
paging,q4,2,DYNAMIC_FILTER,14.077701999999999
paging,q4,2,FILTER,4.638389
paging,q4,2,FILTER,3.664081
paging,q4,2,FILTER,8.08699
paging,q4,2,GPU_SCAN,1419.345704
paging,q4,2,GPU_SCAN,1433.594676
paging,q4,2,GPU_SCAN,1424.420241
paging,q4,2,HASH_GROUP_BY,1.713057
paging,q4,2,HASH_GROUP_BY,1.615329
paging,q4,2,HASH_GROUP_BY,2.005512
paging,q4,2,HASH_JOIN,4.646904
paging,q4,2,HASH_JOIN,4.675455
paging,q4,2,HASH_JOIN,5.029780000000001
paging,q4,2,LEFT_DELIM_JOIN,2.7434469999999997
paging,q4,2,LEFT_DELIM_JOIN,3.177567
paging,q4,2,LEFT_DELIM_JOIN,2.333703
paging,q4,2,MERGE_GROUP_BY,1.736913
paging,q4,2,MERGE_GROUP_BY,1.679192
paging,q4,2,MERGE_GROUP_BY,1.752239
paging,q4,2,MERGE_SORT,0.007443
paging,q4,2,MERGE_SORT,0.009537
paging,q4,2,MERGE_SORT,0.011625
paging,q4,2,ORDER_BY,0.185408
paging,q4,2,ORDER_BY,0.197415
paging,q4,2,ORDER_BY,0.23102
paging,q4,2,PARTITION,0.185786
paging,q4,2,PARTITION,0.244834
paging,q4,2,PARTITION,0.23989200000000002
paging,q4,2,PROJECTION,0.013357
paging,q4,2,PROJECTION,0.015115
paging,q4,2,PROJECTION,0.017126
paging,q4,2,RESULT_COLLECTOR,0.110028
paging,q4,2,RESULT_COLLECTOR,0.106976
paging,q4,2,RESULT_COLLECTOR,0.14708
paging,q4,2,SORT_PARTITION,0.00677
paging,q4,2,SORT_PARTITION,0.006555
paging,q4,2,SORT_PARTITION,0.009736
paging,q4,2,SORT_SAMPLE,0.010675
paging,q4,2,SORT_SAMPLE,0.01015
paging,q4,2,SORT_SAMPLE,0.015116
paging,q4,3,CONCAT,1.16443
paging,q4,3,CONCAT,1.251754
paging,q4,3,CONCAT,1.2927279999999999
paging,q4,3,DYNAMIC_FILTER,13.962247999999999
paging,q4,3,DYNAMIC_FILTER,18.675145
paging,q4,3,DYNAMIC_FILTER,14.529893
paging,q4,3,FILTER,3.74962
paging,q4,3,FILTER,3.03558
paging,q4,3,FILTER,2.6688549999999998
paging,q4,3,GPU_SCAN,1383.130732
paging,q4,3,GPU_SCAN,1378.535385
paging,q4,3,GPU_SCAN,1402.5298579999999
paging,q4,3,HASH_GROUP_BY,2.180267
paging,q4,3,HASH_GROUP_BY,1.600525
paging,q4,3,HASH_GROUP_BY,1.81351
paging,q4,3,HASH_JOIN,5.037145
paging,q4,3,HASH_JOIN,4.462765
paging,q4,3,HASH_JOIN,4.958032
paging,q4,3,LEFT_DELIM_JOIN,2.481017
paging,q4,3,LEFT_DELIM_JOIN,2.6821979999999996
paging,q4,3,LEFT_DELIM_JOIN,2.782115
paging,q4,3,MERGE_GROUP_BY,1.699557
paging,q4,3,MERGE_GROUP_BY,1.690955
paging,q4,3,MERGE_GROUP_BY,1.7783369999999998
paging,q4,3,MERGE_SORT,0.023261
paging,q4,3,MERGE_SORT,0.007291
paging,q4,3,MERGE_SORT,0.018289
paging,q4,3,ORDER_BY,0.170673
paging,q4,3,ORDER_BY,0.173109
paging,q4,3,ORDER_BY,0.16541
paging,q4,3,PARTITION,0.27659599999999995
paging,q4,3,PARTITION,0.16217800000000002
paging,q4,3,PARTITION,0.16761200000000004
paging,q4,3,PROJECTION,0.012275
paging,q4,3,PROJECTION,0.011936
paging,q4,3,PROJECTION,0.011288
paging,q4,3,RESULT_COLLECTOR,0.103444
paging,q4,3,RESULT_COLLECTOR,0.126843
paging,q4,3,RESULT_COLLECTOR,0.080904
paging,q4,3,SORT_PARTITION,0.006263
paging,q4,3,SORT_PARTITION,0.0057
paging,q4,3,SORT_PARTITION,0.007807
paging,q4,3,SORT_SAMPLE,0.010638
paging,q4,3,SORT_SAMPLE,0.01078
paging,q4,3,SORT_SAMPLE,0.011393
paging,q4,4,CONCAT,1.368101
paging,q4,4,CONCAT,1.597307
paging,q4,4,CONCAT,1.323486
paging,q4,4,DYNAMIC_FILTER,15.668047
paging,q4,4,DYNAMIC_FILTER,17.174622
paging,q4,4,DYNAMIC_FILTER,20.206733
paging,q4,4,FILTER,4.684562999999999
paging,q4,4,FILTER,5.786746
paging,q4,4,FILTER,5.5086640000000004
paging,q4,4,GPU_SCAN,1403.193346
paging,q4,4,GPU_SCAN,1418.1583229999999
paging,q4,4,GPU_SCAN,1419.7125970000002
paging,q4,4,HASH_GROUP_BY,1.681788
paging,q4,4,HASH_GROUP_BY,1.757322
paging,q4,4,HASH_GROUP_BY,1.774672
paging,q4,4,HASH_JOIN,4.9909490000000005
paging,q4,4,HASH_JOIN,4.515999
paging,q4,4,HASH_JOIN,4.703601
paging,q4,4,LEFT_DELIM_JOIN,2.983904
paging,q4,4,LEFT_DELIM_JOIN,2.664817
paging,q4,4,LEFT_DELIM_JOIN,2.860365
paging,q4,4,MERGE_GROUP_BY,1.7268350000000001
paging,q4,4,MERGE_GROUP_BY,1.668146
paging,q4,4,MERGE_GROUP_BY,1.759364
paging,q4,4,MERGE_SORT,0.013473
paging,q4,4,MERGE_SORT,0.017271
paging,q4,4,MERGE_SORT,0.008544
paging,q4,4,ORDER_BY,0.187798
paging,q4,4,ORDER_BY,0.207214
paging,q4,4,ORDER_BY,0.194618
paging,q4,4,PARTITION,0.26906199999999997
paging,q4,4,PARTITION,0.3531910000000001
paging,q4,4,PARTITION,0.20351999999999998
paging,q4,4,PROJECTION,0.020719
paging,q4,4,PROJECTION,0.018359
paging,q4,4,PROJECTION,0.013771
paging,q4,4,RESULT_COLLECTOR,0.151845
paging,q4,4,RESULT_COLLECTOR,0.131667
paging,q4,4,RESULT_COLLECTOR,0.147957
paging,q4,4,SORT_PARTITION,0.007175
paging,q4,4,SORT_PARTITION,0.007906
paging,q4,4,SORT_PARTITION,0.007199
paging,q4,4,SORT_SAMPLE,0.011611
paging,q4,4,SORT_SAMPLE,0.013415
paging,q4,4,SORT_SAMPLE,0.011043
paging,q4,5,CONCAT,1.308662
paging,q4,5,CONCAT,1.12405
paging,q4,5,CONCAT,1.2385220000000001
paging,q4,5,DYNAMIC_FILTER,18.924073
paging,q4,5,DYNAMIC_FILTER,16.81366
paging,q4,5,DYNAMIC_FILTER,13.156513
paging,q4,5,FILTER,4.022048
paging,q4,5,FILTER,3.905849
paging,q4,5,FILTER,3.090442
paging,q4,5,GPU_SCAN,1378.338435
paging,q4,5,GPU_SCAN,1379.5216560000001
paging,q4,5,GPU_SCAN,1390.161452
paging,q4,5,HASH_GROUP_BY,1.592458
paging,q4,5,HASH_GROUP_BY,1.533715
paging,q4,5,HASH_GROUP_BY,2.417036
paging,q4,5,HASH_JOIN,5.023424
paging,q4,5,HASH_JOIN,4.397743
paging,q4,5,HASH_JOIN,5.1769929999999995
paging,q4,5,LEFT_DELIM_JOIN,2.27999
paging,q4,5,LEFT_DELIM_JOIN,2.522603
paging,q4,5,LEFT_DELIM_JOIN,1.8752769999999999
paging,q4,5,MERGE_GROUP_BY,1.700323
paging,q4,5,MERGE_GROUP_BY,1.65141
paging,q4,5,MERGE_GROUP_BY,1.74741
paging,q4,5,MERGE_SORT,0.006819
paging,q4,5,MERGE_SORT,0.006753
paging,q4,5,MERGE_SORT,0.006268
paging,q4,5,ORDER_BY,0.1539
paging,q4,5,ORDER_BY,0.218861
paging,q4,5,ORDER_BY,0.168669
paging,q4,5,PARTITION,0.18836
paging,q4,5,PARTITION,0.106209
paging,q4,5,PARTITION,0.246211
paging,q4,5,PROJECTION,0.011837
paging,q4,5,PROJECTION,0.010737
paging,q4,5,PROJECTION,0.0105
paging,q4,5,RESULT_COLLECTOR,0.09057
paging,q4,5,RESULT_COLLECTOR,0.089674
paging,q4,5,RESULT_COLLECTOR,0.124698
paging,q4,5,SORT_PARTITION,0.005526
paging,q4,5,SORT_PARTITION,0.005138
paging,q4,5,SORT_PARTITION,0.005535
paging,q4,5,SORT_SAMPLE,0.008157
paging,q4,5,SORT_SAMPLE,0.008625
paging,q4,5,SORT_SAMPLE,0.008941
paging,q5,1,CONCAT,2.607205
paging,q5,1,CONCAT,2.293387
paging,q5,1,CONCAT,1.8419130000000001
paging,q5,1,DYNAMIC_FILTER,18.346169
paging,q5,1,DYNAMIC_FILTER,19.658426000000002
paging,q5,1,DYNAMIC_FILTER,14.431367000000002
paging,q5,1,GPU_SCAN,3440.402105
paging,q5,1,GPU_SCAN,3361.944848999999
paging,q5,1,GPU_SCAN,3366.7280600000004
paging,q5,1,HASH_GROUP_BY,0.823915
paging,q5,1,HASH_GROUP_BY,0.4755
paging,q5,1,HASH_GROUP_BY,1.852511
paging,q5,1,HASH_JOIN,12.400897
paging,q5,1,HASH_JOIN,10.440993
paging,q5,1,HASH_JOIN,12.025566
paging,q5,1,MERGE_GROUP_BY,0.042487
paging,q5,1,MERGE_GROUP_BY,0.006249
paging,q5,1,MERGE_GROUP_BY,0.051513
paging,q5,1,MERGE_SORT,0.48776
paging,q5,1,MERGE_SORT,0.422117
paging,q5,1,MERGE_SORT,0.687136
paging,q5,1,ORDER_BY,0.709508
paging,q5,1,ORDER_BY,0.232334
paging,q5,1,ORDER_BY,0.599591
paging,q5,1,PARTITION,0.516637
paging,q5,1,PARTITION,0.49092600000000003
paging,q5,1,PARTITION,0.557127
paging,q5,1,PROJECTION,0.274736
paging,q5,1,PROJECTION,0.105416
paging,q5,1,PROJECTION,0.224022
paging,q5,1,RESULT_COLLECTOR,0.230324
paging,q5,1,RESULT_COLLECTOR,0.105974
paging,q5,1,RESULT_COLLECTOR,0.370149
paging,q5,1,SORT_PARTITION,0.493767
paging,q5,1,SORT_PARTITION,0.280506
paging,q5,1,SORT_PARTITION,0.337567
paging,q5,1,SORT_SAMPLE,0.126884
paging,q5,1,SORT_SAMPLE,0.030354
paging,q5,1,SORT_SAMPLE,0.066608
paging,q5,2,CONCAT,1.8184650000000002
paging,q5,2,CONCAT,2.1127670000000003
paging,q5,2,CONCAT,1.9548100000000002
paging,q5,2,DYNAMIC_FILTER,18.219344
paging,q5,2,DYNAMIC_FILTER,15.452096
paging,q5,2,DYNAMIC_FILTER,16.787353000000003
paging,q5,2,GPU_SCAN,3369.2956010000003
paging,q5,2,GPU_SCAN,3376.225003
paging,q5,2,GPU_SCAN,3422.7373669999997
paging,q5,2,HASH_GROUP_BY,0.443792
paging,q5,2,HASH_GROUP_BY,0.748991
paging,q5,2,HASH_GROUP_BY,0.973616
paging,q5,2,HASH_JOIN,11.706567
paging,q5,2,HASH_JOIN,11.424638
paging,q5,2,HASH_JOIN,12.518174
paging,q5,2,MERGE_GROUP_BY,0.005372
paging,q5,2,MERGE_GROUP_BY,0.007674
paging,q5,2,MERGE_GROUP_BY,0.007238
paging,q5,2,MERGE_SORT,0.213445
paging,q5,2,MERGE_SORT,0.776661
paging,q5,2,MERGE_SORT,0.260653
paging,q5,2,ORDER_BY,0.366163
paging,q5,2,ORDER_BY,0.557372
paging,q5,2,ORDER_BY,0.244717
paging,q5,2,PARTITION,0.31440499999999993
paging,q5,2,PARTITION,0.562459
paging,q5,2,PARTITION,0.45289900000000016
paging,q5,2,PROJECTION,0.101683
paging,q5,2,PROJECTION,0.149224
paging,q5,2,PROJECTION,0.111079
paging,q5,2,RESULT_COLLECTOR,0.110024
paging,q5,2,RESULT_COLLECTOR,0.121877
paging,q5,2,RESULT_COLLECTOR,0.099134
paging,q5,2,SORT_PARTITION,0.27281
paging,q5,2,SORT_PARTITION,0.333858
paging,q5,2,SORT_PARTITION,0.281021
paging,q5,2,SORT_SAMPLE,0.028889
paging,q5,2,SORT_SAMPLE,0.069436
paging,q5,2,SORT_SAMPLE,0.031601
paging,q5,3,CONCAT,2.182067
paging,q5,3,CONCAT,2.0746429999999996
paging,q5,3,CONCAT,2.0968590000000003
paging,q5,3,DYNAMIC_FILTER,22.711825000000005
paging,q5,3,DYNAMIC_FILTER,18.195318999999998
paging,q5,3,DYNAMIC_FILTER,14.788348999999997
paging,q5,3,GPU_SCAN,3328.6021009999995
paging,q5,3,GPU_SCAN,3340.0487940000003
paging,q5,3,GPU_SCAN,3368.053959
paging,q5,3,HASH_GROUP_BY,0.578394
paging,q5,3,HASH_GROUP_BY,0.448243
paging,q5,3,HASH_GROUP_BY,1.478786
paging,q5,3,HASH_JOIN,11.475976
paging,q5,3,HASH_JOIN,10.096953
paging,q5,3,HASH_JOIN,11.505363
paging,q5,3,MERGE_GROUP_BY,0.016036
paging,q5,3,MERGE_GROUP_BY,0.007619
paging,q5,3,MERGE_GROUP_BY,0.01988
paging,q5,3,MERGE_SORT,0.691152
paging,q5,3,MERGE_SORT,0.227773
paging,q5,3,MERGE_SORT,0.747156
paging,q5,3,ORDER_BY,0.407394
paging,q5,3,ORDER_BY,0.206039
paging,q5,3,ORDER_BY,0.325709
paging,q5,3,PARTITION,0.5222780000000002
paging,q5,3,PARTITION,0.32616300000000004
paging,q5,3,PARTITION,0.45812300000000006
paging,q5,3,PROJECTION,0.11465
paging,q5,3,PROJECTION,0.106293
paging,q5,3,PROJECTION,0.115864
paging,q5,3,RESULT_COLLECTOR,0.261808
paging,q5,3,RESULT_COLLECTOR,0.110675
paging,q5,3,RESULT_COLLECTOR,0.174146
paging,q5,3,SORT_PARTITION,0.39142
paging,q5,3,SORT_PARTITION,0.41528
paging,q5,3,SORT_PARTITION,0.338591
paging,q5,3,SORT_SAMPLE,0.085465
paging,q5,3,SORT_SAMPLE,0.02894
paging,q5,3,SORT_SAMPLE,0.038342
paging,q5,4,CONCAT,2.034766
paging,q5,4,CONCAT,1.7070630000000002
paging,q5,4,CONCAT,1.7197310000000001
paging,q5,4,DYNAMIC_FILTER,15.159941000000003
paging,q5,4,DYNAMIC_FILTER,18.146279
paging,q5,4,DYNAMIC_FILTER,18.513528
paging,q5,4,GPU_SCAN,3613.2400129999996
paging,q5,4,GPU_SCAN,3356.451864
paging,q5,4,GPU_SCAN,3389.196986000001
paging,q5,4,HASH_GROUP_BY,0.495462
paging,q5,4,HASH_GROUP_BY,0.471898
paging,q5,4,HASH_GROUP_BY,0.986761
paging,q5,4,HASH_JOIN,11.453455
paging,q5,4,HASH_JOIN,10.390189999999999
paging,q5,4,HASH_JOIN,10.619438
paging,q5,4,MERGE_GROUP_BY,0.007661
paging,q5,4,MERGE_GROUP_BY,0.006072
paging,q5,4,MERGE_GROUP_BY,0.008886
paging,q5,4,MERGE_SORT,0.209684
paging,q5,4,MERGE_SORT,0.551006
paging,q5,4,MERGE_SORT,0.257572
paging,q5,4,ORDER_BY,0.196822
paging,q5,4,ORDER_BY,0.187403
paging,q5,4,ORDER_BY,0.181459
paging,q5,4,PARTITION,0.45033
paging,q5,4,PARTITION,0.554577
paging,q5,4,PARTITION,0.32404199999999994
paging,q5,4,PROJECTION,0.108113
paging,q5,4,PROJECTION,0.099324
paging,q5,4,PROJECTION,0.10461
paging,q5,4,RESULT_COLLECTOR,0.114266
paging,q5,4,RESULT_COLLECTOR,0.104792
paging,q5,4,RESULT_COLLECTOR,0.095533
paging,q5,4,SORT_PARTITION,0.291557
paging,q5,4,SORT_PARTITION,0.26721
paging,q5,4,SORT_PARTITION,0.295739
paging,q5,4,SORT_SAMPLE,0.028513
paging,q5,4,SORT_SAMPLE,0.028999
paging,q5,4,SORT_SAMPLE,0.031931
paging,q5,5,CONCAT,1.860462
paging,q5,5,CONCAT,1.7207689999999998
paging,q5,5,CONCAT,1.765939
paging,q5,5,DYNAMIC_FILTER,12.957761999999997
paging,q5,5,DYNAMIC_FILTER,16.827878999999996
paging,q5,5,DYNAMIC_FILTER,15.423379
paging,q5,5,GPU_SCAN,3361.4481360000004
paging,q5,5,GPU_SCAN,3353.2020989999996
paging,q5,5,GPU_SCAN,3399.1938899999996
paging,q5,5,HASH_GROUP_BY,0.543194
paging,q5,5,HASH_GROUP_BY,0.533149
paging,q5,5,HASH_GROUP_BY,0.998947
paging,q5,5,HASH_JOIN,10.658723
paging,q5,5,HASH_JOIN,10.926372
paging,q5,5,HASH_JOIN,11.047495
paging,q5,5,MERGE_GROUP_BY,0.006612
paging,q5,5,MERGE_GROUP_BY,0.006552
paging,q5,5,MERGE_GROUP_BY,0.008245
paging,q5,5,MERGE_SORT,0.21268
paging,q5,5,MERGE_SORT,0.214787
paging,q5,5,MERGE_SORT,0.247976
paging,q5,5,ORDER_BY,0.173566
paging,q5,5,ORDER_BY,0.335465
paging,q5,5,ORDER_BY,0.622448
paging,q5,5,PARTITION,0.41676699999999994
paging,q5,5,PARTITION,0.541909
paging,q5,5,PARTITION,0.33240900000000007
paging,q5,5,PROJECTION,0.106436
paging,q5,5,PROJECTION,0.10328
paging,q5,5,PROJECTION,0.101019
paging,q5,5,RESULT_COLLECTOR,0.107208
paging,q5,5,RESULT_COLLECTOR,0.098606
paging,q5,5,RESULT_COLLECTOR,0.096077
paging,q5,5,SORT_PARTITION,0.309073
paging,q5,5,SORT_PARTITION,0.310329
paging,q5,5,SORT_PARTITION,0.293784
paging,q5,5,SORT_SAMPLE,0.030642
paging,q5,5,SORT_SAMPLE,0.028626
paging,q5,5,SORT_SAMPLE,0.028627
paging,q6,1,GPU_SCAN,1986.9262820000001
paging,q6,1,GPU_SCAN,1979.7500910000003
paging,q6,1,GPU_SCAN,1983.945353
paging,q6,1,MERGE_AGGREGATE,0.830307
paging,q6,1,MERGE_AGGREGATE,0.711882
paging,q6,1,MERGE_AGGREGATE,0.73016
paging,q6,1,PROJECTION,5.678448
paging,q6,1,PROJECTION,2.17741
paging,q6,1,PROJECTION,2.5792490000000003
paging,q6,1,RESULT_COLLECTOR,0.085285
paging,q6,1,RESULT_COLLECTOR,0.064225
paging,q6,1,RESULT_COLLECTOR,0.059761
paging,q6,1,UNGROUPED_AGGREGATE,2.853993
paging,q6,1,UNGROUPED_AGGREGATE,2.9127919999999996
paging,q6,1,UNGROUPED_AGGREGATE,3.183595
paging,q6,2,GPU_SCAN,1943.9513760000002
paging,q6,2,GPU_SCAN,1961.146281
paging,q6,2,GPU_SCAN,2004.18798
paging,q6,2,MERGE_AGGREGATE,0.715318
paging,q6,2,MERGE_AGGREGATE,0.180238
paging,q6,2,MERGE_AGGREGATE,0.824465
paging,q6,2,PROJECTION,6.280520999999999
paging,q6,2,PROJECTION,2.0864830000000003
paging,q6,2,PROJECTION,3.0074240000000003
paging,q6,2,RESULT_COLLECTOR,0.061053
paging,q6,2,RESULT_COLLECTOR,0.05974
paging,q6,2,RESULT_COLLECTOR,0.084008
paging,q6,2,UNGROUPED_AGGREGATE,2.56685
paging,q6,2,UNGROUPED_AGGREGATE,2.514838
paging,q6,2,UNGROUPED_AGGREGATE,3.492788
paging,q6,3,GPU_SCAN,1978.712718
paging,q6,3,GPU_SCAN,1961.6432029999999
paging,q6,3,GPU_SCAN,2003.267118
paging,q6,3,MERGE_AGGREGATE,0.158601
paging,q6,3,MERGE_AGGREGATE,0.756213
paging,q6,3,MERGE_AGGREGATE,0.721512
paging,q6,3,PROJECTION,2.614325
paging,q6,3,PROJECTION,2.429237
paging,q6,3,PROJECTION,2.9103559999999997
paging,q6,3,RESULT_COLLECTOR,0.070677
paging,q6,3,RESULT_COLLECTOR,0.072396
paging,q6,3,RESULT_COLLECTOR,0.062689
paging,q6,3,UNGROUPED_AGGREGATE,3.267603
paging,q6,3,UNGROUPED_AGGREGATE,3.222232
paging,q6,3,UNGROUPED_AGGREGATE,3.010594
paging,q6,4,GPU_SCAN,2021.1582130000002
paging,q6,4,GPU_SCAN,1973.6663519999997
paging,q6,4,GPU_SCAN,1979.478549
paging,q6,4,MERGE_AGGREGATE,0.214448
paging,q6,4,MERGE_AGGREGATE,0.158984
paging,q6,4,MERGE_AGGREGATE,0.168549
paging,q6,4,PROJECTION,3.693823
paging,q6,4,PROJECTION,10.343939
paging,q6,4,PROJECTION,2.514517
paging,q6,4,RESULT_COLLECTOR,0.086971
paging,q6,4,RESULT_COLLECTOR,0.056888
paging,q6,4,RESULT_COLLECTOR,0.066794
paging,q6,4,UNGROUPED_AGGREGATE,3.87276
paging,q6,4,UNGROUPED_AGGREGATE,3.7432
paging,q6,4,UNGROUPED_AGGREGATE,3.953533
paging,q6,5,GPU_SCAN,1958.38033
paging,q6,5,GPU_SCAN,1969.888872
paging,q6,5,GPU_SCAN,1986.098421
paging,q6,5,MERGE_AGGREGATE,0.187574
paging,q6,5,MERGE_AGGREGATE,0.809579
paging,q6,5,MERGE_AGGREGATE,0.218347
paging,q6,5,PROJECTION,6.247971
paging,q6,5,PROJECTION,7.407737
paging,q6,5,PROJECTION,6.788166
paging,q6,5,RESULT_COLLECTOR,0.070526
paging,q6,5,RESULT_COLLECTOR,0.08772
paging,q6,5,RESULT_COLLECTOR,0.0701
paging,q6,5,UNGROUPED_AGGREGATE,2.9267879999999997
paging,q6,5,UNGROUPED_AGGREGATE,6.7460759999999995
paging,q6,5,UNGROUPED_AGGREGATE,7.030714
paging,q7,1,CONCAT,3.8599120000000005
paging,q7,1,CONCAT,3.682915
paging,q7,1,DYNAMIC_FILTER,14.421985000000001
paging,q7,1,DYNAMIC_FILTER,19.402261000000003
paging,q7,1,FILTER,1.621769
paging,q7,1,FILTER,1.256933
paging,q7,1,GPU_SCAN,3685.0974779999997
paging,q7,1,GPU_SCAN,3676.8772309999995
paging,q7,1,HASH_GROUP_BY,1.940098
paging,q7,1,HASH_GROUP_BY,1.735055
paging,q7,1,HASH_JOIN,15.002803999999998
paging,q7,1,HASH_JOIN,14.401447
paging,q7,1,MERGE_GROUP_BY,0.011503
paging,q7,1,MERGE_GROUP_BY,0.012837
paging,q7,1,MERGE_SORT,2.726911
paging,q7,1,MERGE_SORT,0.899291
paging,q7,1,ORDER_BY,0.771094
paging,q7,1,ORDER_BY,0.501768
paging,q7,1,PARTITION,0.507011
paging,q7,1,PARTITION,0.599396
paging,q7,1,PROJECTION,0.168614
paging,q7,1,PROJECTION,0.158388
paging,q7,1,RESULT_COLLECTOR,0.181614
paging,q7,1,RESULT_COLLECTOR,0.186033
paging,q7,1,SORT_PARTITION,0.996298
paging,q7,1,SORT_PARTITION,0.904245
paging,q7,1,SORT_SAMPLE,0.209608
paging,q7,1,SORT_SAMPLE,0.169216
paging,q7,2,CONCAT,2.873394
paging,q7,2,CONCAT,2.859574
paging,q7,2,DYNAMIC_FILTER,13.865131000000003
paging,q7,2,DYNAMIC_FILTER,14.007562000000002
paging,q7,2,FILTER,1.3450090000000001
paging,q7,2,FILTER,1.104273
paging,q7,2,GPU_SCAN,3711.396438999999
paging,q7,2,GPU_SCAN,3712.3589889999994
paging,q7,2,HASH_GROUP_BY,1.402715
paging,q7,2,HASH_GROUP_BY,1.641551
paging,q7,2,HASH_JOIN,13.059061999999999
paging,q7,2,HASH_JOIN,12.259266
paging,q7,2,MERGE_GROUP_BY,0.019019
paging,q7,2,MERGE_GROUP_BY,0.03365
paging,q7,2,MERGE_SORT,0.999672
paging,q7,2,MERGE_SORT,1.865723
paging,q7,2,ORDER_BY,0.524161
paging,q7,2,ORDER_BY,0.637545
paging,q7,2,PARTITION,0.43393699999999996
paging,q7,2,PARTITION,0.516879
paging,q7,2,PROJECTION,0.135213
paging,q7,2,PROJECTION,0.150406
paging,q7,2,RESULT_COLLECTOR,0.26719
paging,q7,2,RESULT_COLLECTOR,0.358743
paging,q7,2,SORT_PARTITION,0.700254
paging,q7,2,SORT_PARTITION,0.893735
paging,q7,2,SORT_SAMPLE,0.159651
paging,q7,2,SORT_SAMPLE,0.199093
paging,q7,3,CONCAT,2.92154
paging,q7,3,CONCAT,2.4736500000000006
paging,q7,3,DYNAMIC_FILTER,16.926435
paging,q7,3,DYNAMIC_FILTER,16.288427
paging,q7,3,FILTER,1.521825
paging,q7,3,FILTER,0.91735
paging,q7,3,GPU_SCAN,3863.219438
paging,q7,3,GPU_SCAN,4016.533643999999
paging,q7,3,HASH_GROUP_BY,1.625743
paging,q7,3,HASH_GROUP_BY,1.407331
paging,q7,3,HASH_JOIN,13.698101
paging,q7,3,HASH_JOIN,12.261557000000002
paging,q7,3,MERGE_GROUP_BY,0.012507
paging,q7,3,MERGE_GROUP_BY,0.006798
paging,q7,3,MERGE_SORT,0.815597
paging,q7,3,MERGE_SORT,0.504244
paging,q7,3,ORDER_BY,0.70954
paging,q7,3,ORDER_BY,0.470844
paging,q7,3,PARTITION,0.370997
paging,q7,3,PARTITION,0.32027700000000003
paging,q7,3,PROJECTION,0.120784
paging,q7,3,PROJECTION,0.125444
paging,q7,3,RESULT_COLLECTOR,0.130652
paging,q7,3,RESULT_COLLECTOR,0.100944
paging,q7,3,SORT_PARTITION,0.558555
paging,q7,3,SORT_PARTITION,0.555369
paging,q7,3,SORT_SAMPLE,0.149312
paging,q7,3,SORT_SAMPLE,0.153143
paging,q7,4,CONCAT,2.9458249999999997
paging,q7,4,CONCAT,3.1751220000000004
paging,q7,4,DYNAMIC_FILTER,15.379058999999998
paging,q7,4,DYNAMIC_FILTER,14.819398
paging,q7,4,FILTER,1.5309249999999999
paging,q7,4,FILTER,1.133491
paging,q7,4,GPU_SCAN,3739.145888000001
paging,q7,4,GPU_SCAN,3716.9877460000002
paging,q7,4,HASH_GROUP_BY,1.747045
paging,q7,4,HASH_GROUP_BY,1.683874
paging,q7,4,HASH_JOIN,12.691550999999999
paging,q7,4,HASH_JOIN,13.752578
paging,q7,4,MERGE_GROUP_BY,0.034275
paging,q7,4,MERGE_GROUP_BY,0.032783
paging,q7,4,MERGE_SORT,1.619328
paging,q7,4,MERGE_SORT,1.912851
paging,q7,4,ORDER_BY,0.624757
paging,q7,4,ORDER_BY,0.555826
paging,q7,4,PARTITION,0.41069999999999995
paging,q7,4,PARTITION,0.695667
paging,q7,4,PROJECTION,0.149705
paging,q7,4,PROJECTION,0.154926
paging,q7,4,RESULT_COLLECTOR,0.197124
paging,q7,4,RESULT_COLLECTOR,0.399081
paging,q7,4,SORT_PARTITION,0.782581
paging,q7,4,SORT_PARTITION,0.770619
paging,q7,4,SORT_SAMPLE,0.224231
paging,q7,4,SORT_SAMPLE,0.323194
paging,q7,5,CONCAT,2.870222
paging,q7,5,CONCAT,2.757412
paging,q7,5,DYNAMIC_FILTER,13.579955
paging,q7,5,DYNAMIC_FILTER,14.56657
paging,q7,5,FILTER,1.601782
paging,q7,5,FILTER,1.423477
paging,q7,5,GPU_SCAN,3703.9669650000005
paging,q7,5,GPU_SCAN,3715.947611
paging,q7,5,HASH_GROUP_BY,1.761101
paging,q7,5,HASH_GROUP_BY,1.514911
paging,q7,5,HASH_JOIN,12.540637999999998
paging,q7,5,HASH_JOIN,13.697881999999998
paging,q7,5,MERGE_GROUP_BY,0.033133
paging,q7,5,MERGE_GROUP_BY,0.018006
paging,q7,5,MERGE_SORT,1.562603
paging,q7,5,MERGE_SORT,0.501314
paging,q7,5,ORDER_BY,0.527229
paging,q7,5,ORDER_BY,0.534801
paging,q7,5,PARTITION,0.5108969999999999
paging,q7,5,PARTITION,0.40842899999999993
paging,q7,5,PROJECTION,0.155505
paging,q7,5,PROJECTION,0.122451
paging,q7,5,RESULT_COLLECTOR,0.347106
paging,q7,5,RESULT_COLLECTOR,0.174694
paging,q7,5,SORT_PARTITION,0.749403
paging,q7,5,SORT_PARTITION,0.572623
paging,q7,5,SORT_SAMPLE,0.191087
paging,q7,5,SORT_SAMPLE,0.152317
paging,q8,1,CONCAT,3.6699719999999996
paging,q8,1,CONCAT,3.2081169999999997
paging,q8,1,DYNAMIC_FILTER,27.085164
paging,q8,1,DYNAMIC_FILTER,22.586602
paging,q8,1,GPU_SCAN,4853.817500999999
paging,q8,1,GPU_SCAN,4487.7028119999995
paging,q8,1,HASH_GROUP_BY,0.354683
paging,q8,1,HASH_GROUP_BY,0.361053
paging,q8,1,HASH_JOIN,15.08268
paging,q8,1,HASH_JOIN,15.386373
paging,q8,1,MERGE_GROUP_BY,0.008242
paging,q8,1,MERGE_GROUP_BY,0.011307
paging,q8,1,MERGE_SORT,0.008259
paging,q8,1,MERGE_SORT,0.011157
paging,q8,1,ORDER_BY,0.191364
paging,q8,1,ORDER_BY,0.073851
paging,q8,1,PARTITION,0.7445219999999999
paging,q8,1,PARTITION,0.5996419999999999
paging,q8,1,PROJECTION,0.445634
paging,q8,1,PROJECTION,0.5107339999999999
paging,q8,1,RESULT_COLLECTOR,0.127289
paging,q8,1,RESULT_COLLECTOR,0.137412
paging,q8,1,SORT_PARTITION,0.006742
paging,q8,1,SORT_PARTITION,0.008153
paging,q8,1,SORT_SAMPLE,0.011764
paging,q8,1,SORT_SAMPLE,0.012345
paging,q8,2,CONCAT,3.3650650000000004
paging,q8,2,CONCAT,3.547401
paging,q8,2,DYNAMIC_FILTER,28.293896
paging,q8,2,DYNAMIC_FILTER,30.374312000000003
paging,q8,2,GPU_SCAN,4664.499931000001
paging,q8,2,GPU_SCAN,4813.865274000001
paging,q8,2,HASH_GROUP_BY,0.321506
paging,q8,2,HASH_GROUP_BY,0.36904
paging,q8,2,HASH_JOIN,14.915241
paging,q8,2,HASH_JOIN,15.440802000000001
paging,q8,2,MERGE_GROUP_BY,0.008624
paging,q8,2,MERGE_GROUP_BY,0.014407
paging,q8,2,MERGE_SORT,0.008297
paging,q8,2,MERGE_SORT,0.00708
paging,q8,2,ORDER_BY,0.067469
paging,q8,2,ORDER_BY,0.217353
paging,q8,2,PARTITION,0.540275
paging,q8,2,PARTITION,0.617644
paging,q8,2,PROJECTION,0.40998300000000004
paging,q8,2,PROJECTION,0.669184
paging,q8,2,RESULT_COLLECTOR,0.126368
paging,q8,2,RESULT_COLLECTOR,0.129121
paging,q8,2,SORT_PARTITION,0.006179
paging,q8,2,SORT_PARTITION,0.005905
paging,q8,2,SORT_SAMPLE,0.010625
paging,q8,2,SORT_SAMPLE,0.008885
paging,q8,3,CONCAT,3.62135
paging,q8,3,CONCAT,3.47595
paging,q8,3,DYNAMIC_FILTER,31.906309999999994
paging,q8,3,DYNAMIC_FILTER,29.011225000000003
paging,q8,3,GPU_SCAN,4786.194099999999
paging,q8,3,GPU_SCAN,4415.248950000001
paging,q8,3,HASH_GROUP_BY,0.320792
paging,q8,3,HASH_GROUP_BY,0.503111
paging,q8,3,HASH_JOIN,15.545363000000002
paging,q8,3,HASH_JOIN,15.002681
paging,q8,3,MERGE_GROUP_BY,0.011571
paging,q8,3,MERGE_GROUP_BY,0.013944
paging,q8,3,MERGE_SORT,0.008104
paging,q8,3,MERGE_SORT,0.008599
paging,q8,3,ORDER_BY,0.094126
paging,q8,3,ORDER_BY,0.070547
paging,q8,3,PARTITION,0.5303859999999999
paging,q8,3,PARTITION,0.8127620000000001
paging,q8,3,PROJECTION,0.466971
paging,q8,3,PROJECTION,0.487758
paging,q8,3,RESULT_COLLECTOR,0.137838
paging,q8,3,RESULT_COLLECTOR,0.162641
paging,q8,3,SORT_PARTITION,0.006811
paging,q8,3,SORT_PARTITION,0.008199
paging,q8,3,SORT_SAMPLE,0.011761
paging,q8,3,SORT_SAMPLE,0.012601
paging,q8,4,CONCAT,3.4115599999999997
paging,q8,4,CONCAT,4.001469
paging,q8,4,DYNAMIC_FILTER,22.699848
paging,q8,4,DYNAMIC_FILTER,29.937468
paging,q8,4,GPU_SCAN,4425.065914000001
paging,q8,4,GPU_SCAN,4813.360722
paging,q8,4,HASH_GROUP_BY,0.604885
paging,q8,4,HASH_GROUP_BY,0.371336
paging,q8,4,HASH_JOIN,15.167333
paging,q8,4,HASH_JOIN,15.785174999999999
paging,q8,4,MERGE_GROUP_BY,0.012738
paging,q8,4,MERGE_GROUP_BY,0.011493
paging,q8,4,MERGE_SORT,0.007495
paging,q8,4,MERGE_SORT,0.008989
paging,q8,4,ORDER_BY,0.07295
paging,q8,4,ORDER_BY,0.072466
paging,q8,4,PARTITION,0.536354
paging,q8,4,PARTITION,0.526853
paging,q8,4,PROJECTION,0.6692
paging,q8,4,PROJECTION,0.431616
paging,q8,4,RESULT_COLLECTOR,0.136706
paging,q8,4,RESULT_COLLECTOR,0.114707
paging,q8,4,SORT_PARTITION,0.013336
paging,q8,4,SORT_PARTITION,0.007669
paging,q8,4,SORT_SAMPLE,0.017015
paging,q8,4,SORT_SAMPLE,0.010475
paging,q8,5,CONCAT,3.4181880000000007
paging,q8,5,CONCAT,3.725761
paging,q8,5,DYNAMIC_FILTER,35.425428
paging,q8,5,DYNAMIC_FILTER,28.031003000000005
paging,q8,5,GPU_SCAN,4636.8535600000005
paging,q8,5,GPU_SCAN,4696.645724000001
paging,q8,5,HASH_GROUP_BY,0.332193
paging,q8,5,HASH_GROUP_BY,0.42625
paging,q8,5,HASH_JOIN,15.044882000000001
paging,q8,5,HASH_JOIN,14.805172
paging,q8,5,MERGE_GROUP_BY,0.006858
paging,q8,5,MERGE_GROUP_BY,0.009877
paging,q8,5,MERGE_SORT,0.019081
paging,q8,5,MERGE_SORT,0.009636
paging,q8,5,ORDER_BY,0.071778
paging,q8,5,ORDER_BY,0.072097
paging,q8,5,PARTITION,0.38643900000000003
paging,q8,5,PARTITION,0.6377890000000002
paging,q8,5,PROJECTION,0.384521
paging,q8,5,PROJECTION,0.43960899999999997
paging,q8,5,RESULT_COLLECTOR,0.078861
paging,q8,5,RESULT_COLLECTOR,0.129132
paging,q8,5,SORT_PARTITION,0.005264
paging,q8,5,SORT_PARTITION,0.006698
paging,q8,5,SORT_SAMPLE,0.008649
paging,q8,5,SORT_SAMPLE,0.010598
paging,q9,1,CONCAT,13.198129999999999
paging,q9,1,CONCAT,15.523101
paging,q9,1,DYNAMIC_FILTER,41.111351
paging,q9,1,DYNAMIC_FILTER,41.607055
paging,q9,1,GPU_SCAN,4593.980364
paging,q9,1,GPU_SCAN,4606.183881999999
paging,q9,1,HASH_GROUP_BY,2.942971
paging,q9,1,HASH_GROUP_BY,2.661114
paging,q9,1,HASH_JOIN,117.913541
paging,q9,1,HASH_JOIN,116.171671
paging,q9,1,MERGE_GROUP_BY,0.067267
paging,q9,1,MERGE_GROUP_BY,0.054077
paging,q9,1,MERGE_SORT,0.975699
paging,q9,1,MERGE_SORT,0.776235
paging,q9,1,ORDER_BY,1.170576
paging,q9,1,ORDER_BY,1.025328
paging,q9,1,PARTITION,1.0737549999999998
paging,q9,1,PARTITION,0.6573609999999999
paging,q9,1,PROJECTION,5.287238
paging,q9,1,PROJECTION,2.073559
paging,q9,1,RESULT_COLLECTOR,0.411601
paging,q9,1,RESULT_COLLECTOR,0.285451
paging,q9,1,SORT_PARTITION,0.477388
paging,q9,1,SORT_PARTITION,0.319479
paging,q9,1,SORT_SAMPLE,0.293511
paging,q9,1,SORT_SAMPLE,0.158972
paging,q9,2,CONCAT,15.74738
paging,q9,2,CONCAT,14.193521
paging,q9,2,DYNAMIC_FILTER,40.465866999999996
paging,q9,2,DYNAMIC_FILTER,32.004785
paging,q9,2,GPU_SCAN,4554.360347999997
paging,q9,2,GPU_SCAN,4516.471790000001
paging,q9,2,HASH_GROUP_BY,2.682834
paging,q9,2,HASH_GROUP_BY,2.666917
paging,q9,2,HASH_JOIN,115.56807599999999
paging,q9,2,HASH_JOIN,116.698441
paging,q9,2,MERGE_GROUP_BY,0.036784
paging,q9,2,MERGE_GROUP_BY,0.016878
paging,q9,2,MERGE_SORT,0.776324
paging,q9,2,MERGE_SORT,0.793765
paging,q9,2,ORDER_BY,1.106382
paging,q9,2,ORDER_BY,1.093432
paging,q9,2,PARTITION,1.1282149999999997
paging,q9,2,PARTITION,0.845702
paging,q9,2,PROJECTION,2.077235
paging,q9,2,PROJECTION,2.073488
paging,q9,2,RESULT_COLLECTOR,0.341886
paging,q9,2,RESULT_COLLECTOR,0.112147
paging,q9,2,SORT_PARTITION,0.353325
paging,q9,2,SORT_PARTITION,0.313651
paging,q9,2,SORT_SAMPLE,0.195883
paging,q9,2,SORT_SAMPLE,0.154971
paging,q9,3,CONCAT,15.000496000000002
paging,q9,3,CONCAT,16.153256
paging,q9,3,DYNAMIC_FILTER,33.925572
paging,q9,3,DYNAMIC_FILTER,33.406599
paging,q9,3,GPU_SCAN,4190.310041999999
paging,q9,3,GPU_SCAN,4152.327889000002
paging,q9,3,HASH_GROUP_BY,3.242959
paging,q9,3,HASH_GROUP_BY,2.976819
paging,q9,3,HASH_JOIN,116.52680100000002
paging,q9,3,HASH_JOIN,115.355559
paging,q9,3,MERGE_GROUP_BY,0.067846
paging,q9,3,MERGE_GROUP_BY,0.065877
paging,q9,3,MERGE_SORT,0.996125
paging,q9,3,MERGE_SORT,0.294801
paging,q9,3,ORDER_BY,1.217872
paging,q9,3,ORDER_BY,1.218739
paging,q9,3,PARTITION,1.3047810000000002
paging,q9,3,PARTITION,2.0364320000000005
paging,q9,3,PROJECTION,2.106601
paging,q9,3,PROJECTION,2.097807
paging,q9,3,RESULT_COLLECTOR,0.37371
paging,q9,3,RESULT_COLLECTOR,0.290416
paging,q9,3,SORT_PARTITION,0.473674
paging,q9,3,SORT_PARTITION,0.431174
paging,q9,3,SORT_SAMPLE,0.262177
paging,q9,3,SORT_SAMPLE,0.283441
paging,q9,4,CONCAT,16.401764999999997
paging,q9,4,CONCAT,14.12144
paging,q9,4,DYNAMIC_FILTER,36.781440999999994
paging,q9,4,DYNAMIC_FILTER,35.834283
paging,q9,4,GPU_SCAN,4260.197585
paging,q9,4,GPU_SCAN,4448.9982820000005
paging,q9,4,HASH_GROUP_BY,2.726878
paging,q9,4,HASH_GROUP_BY,2.699057
paging,q9,4,HASH_JOIN,116.25012000000001
paging,q9,4,HASH_JOIN,116.806851
paging,q9,4,MERGE_GROUP_BY,0.053256
paging,q9,4,MERGE_GROUP_BY,0.057055
paging,q9,4,MERGE_SORT,0.223355
paging,q9,4,MERGE_SORT,0.237147
paging,q9,4,ORDER_BY,1.07057
paging,q9,4,ORDER_BY,1.164441
paging,q9,4,PARTITION,0.8219009999999999
paging,q9,4,PARTITION,0.9779519999999999
paging,q9,4,PROJECTION,2.067508
paging,q9,4,PROJECTION,2.075921
paging,q9,4,RESULT_COLLECTOR,0.298213
paging,q9,4,RESULT_COLLECTOR,0.30038
paging,q9,4,SORT_PARTITION,0.345706
paging,q9,4,SORT_PARTITION,0.345807
paging,q9,4,SORT_SAMPLE,0.15338
paging,q9,4,SORT_SAMPLE,0.175503
paging,q9,5,CONCAT,16.170013
paging,q9,5,CONCAT,15.244682
paging,q9,5,DYNAMIC_FILTER,34.328103999999996
paging,q9,5,DYNAMIC_FILTER,38.887496
paging,q9,5,GPU_SCAN,4305.207822999998
paging,q9,5,GPU_SCAN,4634.2642110000015
paging,q9,5,HASH_GROUP_BY,2.749617
paging,q9,5,HASH_GROUP_BY,2.661898
paging,q9,5,HASH_JOIN,115.484927
paging,q9,5,HASH_JOIN,113.75599700000001
paging,q9,5,MERGE_GROUP_BY,0.056377
paging,q9,5,MERGE_GROUP_BY,0.021386
paging,q9,5,MERGE_SORT,0.867558
paging,q9,5,MERGE_SORT,0.348928
paging,q9,5,ORDER_BY,0.993978
paging,q9,5,ORDER_BY,1.136953
paging,q9,5,PARTITION,1.096883
paging,q9,5,PARTITION,1.162796
paging,q9,5,PROJECTION,2.07907
paging,q9,5,PROJECTION,2.078175
paging,q9,5,RESULT_COLLECTOR,0.287541
paging,q9,5,RESULT_COLLECTOR,0.139967
paging,q9,5,SORT_PARTITION,0.406905
paging,q9,5,SORT_PARTITION,0.367998
paging,q9,5,SORT_SAMPLE,0.21174
paging,q9,5,SORT_SAMPLE,0.185862
paging,q10,1,CONCAT,1.084015
paging,q10,1,CONCAT,1.2375439999999998
paging,q10,1,DYNAMIC_FILTER,5.1654409999999995
paging,q10,1,DYNAMIC_FILTER,6.488226
paging,q10,1,GPU_SCAN,2503.768568
paging,q10,1,GPU_SCAN,2537.333734
paging,q10,1,HASH_GROUP_BY,16.911718
paging,q10,1,HASH_GROUP_BY,17.612492
paging,q10,1,HASH_JOIN,27.138243000000003
paging,q10,1,HASH_JOIN,27.302436
paging,q10,1,MERGE_GROUP_BY,0.039487
paging,q10,1,MERGE_GROUP_BY,0.065321
paging,q10,1,MERGE_SORT,10.033195
paging,q10,1,MERGE_SORT,10.677726
paging,q10,1,ORDER_BY,13.80446
paging,q10,1,ORDER_BY,5.659955
paging,q10,1,PARTITION,0.34055
paging,q10,1,PARTITION,0.22352699999999998
paging,q10,1,PROJECTION,5.255256
paging,q10,1,PROJECTION,0.459709
paging,q10,1,RESULT_COLLECTOR,156.144669
paging,q10,1,RESULT_COLLECTOR,151.210737
paging,q10,1,SORT_PARTITION,4.989893
paging,q10,1,SORT_PARTITION,4.700005
paging,q10,1,SORT_SAMPLE,0.207363
paging,q10,1,SORT_SAMPLE,0.20956
paging,q10,2,CONCAT,1.1372550000000001
paging,q10,2,CONCAT,1.3997000000000002
paging,q10,2,DYNAMIC_FILTER,6.244865
paging,q10,2,DYNAMIC_FILTER,5.587427
paging,q10,2,GPU_SCAN,2552.057286
paging,q10,2,GPU_SCAN,2563.5418729999997
paging,q10,2,HASH_GROUP_BY,17.363396
paging,q10,2,HASH_GROUP_BY,17.222656
paging,q10,2,HASH_JOIN,26.050919
paging,q10,2,HASH_JOIN,26.6271
paging,q10,2,MERGE_GROUP_BY,0.033522
paging,q10,2,MERGE_GROUP_BY,0.072379
paging,q10,2,MERGE_SORT,9.935827
paging,q10,2,MERGE_SORT,11.392104
paging,q10,2,ORDER_BY,5.554093
paging,q10,2,ORDER_BY,5.022539
paging,q10,2,PARTITION,0.29686599999999996
paging,q10,2,PARTITION,0.45338900000000004
paging,q10,2,PROJECTION,0.484222
paging,q10,2,PROJECTION,0.39768000000000003
paging,q10,2,RESULT_COLLECTOR,152.803118
paging,q10,2,RESULT_COLLECTOR,152.434094
paging,q10,2,SORT_PARTITION,4.880248
paging,q10,2,SORT_PARTITION,4.944954
paging,q10,2,SORT_SAMPLE,0.127934
paging,q10,2,SORT_SAMPLE,0.219214
paging,q10,3,CONCAT,1.438313
paging,q10,3,CONCAT,1.5828220000000002
paging,q10,3,DYNAMIC_FILTER,5.654110999999999
paging,q10,3,DYNAMIC_FILTER,7.626685999999999
paging,q10,3,GPU_SCAN,2422.107376
paging,q10,3,GPU_SCAN,2644.659545
paging,q10,3,HASH_GROUP_BY,16.780109
paging,q10,3,HASH_GROUP_BY,17.296786
paging,q10,3,HASH_JOIN,26.737122
paging,q10,3,HASH_JOIN,27.133893
paging,q10,3,MERGE_GROUP_BY,0.038174
paging,q10,3,MERGE_GROUP_BY,0.06599
paging,q10,3,MERGE_SORT,10.706595
paging,q10,3,MERGE_SORT,9.485692
paging,q10,3,ORDER_BY,5.353836
paging,q10,3,ORDER_BY,5.493745
paging,q10,3,PARTITION,0.427358
paging,q10,3,PARTITION,0.254006
paging,q10,3,PROJECTION,0.436824
paging,q10,3,PROJECTION,0.465611
paging,q10,3,RESULT_COLLECTOR,147.519646
paging,q10,3,RESULT_COLLECTOR,121.104319
paging,q10,3,SORT_PARTITION,3.131381
paging,q10,3,SORT_PARTITION,3.513358
paging,q10,3,SORT_SAMPLE,0.065823
paging,q10,3,SORT_SAMPLE,0.061169
paging,q10,4,CONCAT,1.875646
paging,q10,4,CONCAT,1.5641610000000001
paging,q10,4,DYNAMIC_FILTER,5.755986
paging,q10,4,DYNAMIC_FILTER,8.99903
paging,q10,4,GPU_SCAN,2674.968761
paging,q10,4,GPU_SCAN,2481.868789
paging,q10,4,HASH_GROUP_BY,17.367735
paging,q10,4,HASH_GROUP_BY,17.128417
paging,q10,4,HASH_JOIN,26.864765
paging,q10,4,HASH_JOIN,26.310866
paging,q10,4,MERGE_GROUP_BY,0.080064
paging,q10,4,MERGE_GROUP_BY,0.011132
paging,q10,4,MERGE_SORT,11.131144
paging,q10,4,MERGE_SORT,10.577787
paging,q10,4,ORDER_BY,5.631907
paging,q10,4,ORDER_BY,5.287583
paging,q10,4,PARTITION,0.3536290000000001
paging,q10,4,PARTITION,0.303756
paging,q10,4,PROJECTION,0.503064
paging,q10,4,PROJECTION,0.442647
paging,q10,4,RESULT_COLLECTOR,151.757979
paging,q10,4,RESULT_COLLECTOR,147.37238
paging,q10,4,SORT_PARTITION,6.131479
paging,q10,4,SORT_PARTITION,5.472603
paging,q10,4,SORT_SAMPLE,0.234312
paging,q10,4,SORT_SAMPLE,0.068302
paging,q10,5,CONCAT,1.5964190000000003
paging,q10,5,CONCAT,1.203921
paging,q10,5,DYNAMIC_FILTER,7.387060000000001
paging,q10,5,DYNAMIC_FILTER,5.337247
paging,q10,5,GPU_SCAN,2628.231468
paging,q10,5,GPU_SCAN,2424.578865
paging,q10,5,HASH_GROUP_BY,16.869259
paging,q10,5,HASH_GROUP_BY,16.81801
paging,q10,5,HASH_JOIN,26.237507
paging,q10,5,HASH_JOIN,26.872335
paging,q10,5,MERGE_GROUP_BY,0.067049
paging,q10,5,MERGE_GROUP_BY,0.010106
paging,q10,5,MERGE_SORT,10.585319
paging,q10,5,MERGE_SORT,9.306064
paging,q10,5,ORDER_BY,5.278916
paging,q10,5,ORDER_BY,5.314338
paging,q10,5,PARTITION,0.29632600000000003
paging,q10,5,PARTITION,0.22734999999999997
paging,q10,5,PROJECTION,0.462906
paging,q10,5,PROJECTION,0.45314
paging,q10,5,RESULT_COLLECTOR,150.546838
paging,q10,5,RESULT_COLLECTOR,125.243109
paging,q10,5,SORT_PARTITION,3.348247
paging,q10,5,SORT_PARTITION,3.411777
paging,q10,5,SORT_SAMPLE,0.069637
paging,q10,5,SORT_SAMPLE,0.062542
paging,q11,1,CONCAT,0.377207
paging,q11,1,CONCAT,6.407348
paging,q11,1,CTE,0.032006
paging,q11,1,CTE,0.031461
paging,q11,1,DYNAMIC_FILTER,0.136619
paging,q11,1,DYNAMIC_FILTER,0.138264
paging,q11,1,GPU_SCAN,394.651171
paging,q11,1,GPU_SCAN,19.719443000000002
paging,q11,1,HASH_GROUP_BY,1.267166
paging,q11,1,HASH_GROUP_BY,1.338464
paging,q11,1,HASH_JOIN,15.628547
paging,q11,1,HASH_JOIN,17.32813
paging,q11,1,MERGE_AGGREGATE,0.053715
paging,q11,1,MERGE_AGGREGATE,0.053848
paging,q11,1,MERGE_GROUP_BY,0.007198
paging,q11,1,MERGE_GROUP_BY,0.009749
paging,q11,1,MERGE_SORT,0.013641
paging,q11,1,MERGE_SORT,0.008797
paging,q11,1,NESTED_LOOP_JOIN,0.323725
paging,q11,1,NESTED_LOOP_JOIN,0.281241
paging,q11,1,ORDER_BY,0.017368
paging,q11,1,ORDER_BY,0.01991
paging,q11,1,PARTITION,0.23217400000000002
paging,q11,1,PARTITION,0.4087200000000001
paging,q11,1,PROJECTION,2.001823
paging,q11,1,PROJECTION,2.2166010000000003
paging,q11,1,RESULT_COLLECTOR,0.005918
paging,q11,1,RESULT_COLLECTOR,0.006042
paging,q11,1,SORT_PARTITION,0.008347
paging,q11,1,SORT_PARTITION,0.009845
paging,q11,1,SORT_SAMPLE,0.012919
paging,q11,1,SORT_SAMPLE,0.015746
paging,q11,1,UNGROUPED_AGGREGATE,2.029848
paging,q11,1,UNGROUPED_AGGREGATE,5.756836
paging,q11,2,CONCAT,5.650542000000001
paging,q11,2,CONCAT,5.911298
paging,q11,2,CTE,0.010335
paging,q11,2,CTE,0.02746
paging,q11,2,DYNAMIC_FILTER,0.089621
paging,q11,2,DYNAMIC_FILTER,0.088812
paging,q11,2,GPU_SCAN,15.509775999999995
paging,q11,2,GPU_SCAN,15.842670000000002
paging,q11,2,HASH_GROUP_BY,1.16159
paging,q11,2,HASH_GROUP_BY,1.05518
paging,q11,2,HASH_JOIN,14.805996
paging,q11,2,HASH_JOIN,15.342586999999998
paging,q11,2,MERGE_AGGREGATE,0.018147
paging,q11,2,MERGE_AGGREGATE,0.024006
paging,q11,2,MERGE_GROUP_BY,0.007396
paging,q11,2,MERGE_GROUP_BY,0.011778
paging,q11,2,MERGE_SORT,0.005449
paging,q11,2,MERGE_SORT,0.005981
paging,q11,2,NESTED_LOOP_JOIN,0.23171
paging,q11,2,NESTED_LOOP_JOIN,0.210834
paging,q11,2,ORDER_BY,0.012016
paging,q11,2,ORDER_BY,0.011385
paging,q11,2,PARTITION,0.38882799999999995
paging,q11,2,PARTITION,0.290974
paging,q11,2,PROJECTION,1.3779590000000002
paging,q11,2,PROJECTION,2.5275359999999996
paging,q11,2,RESULT_COLLECTOR,0.006178
paging,q11,2,RESULT_COLLECTOR,0.005114
paging,q11,2,SORT_PARTITION,0.012408
paging,q11,2,SORT_PARTITION,0.01124
paging,q11,2,SORT_SAMPLE,0.019362
paging,q11,2,SORT_SAMPLE,0.015585
paging,q11,2,UNGROUPED_AGGREGATE,6.7764299999999995
paging,q11,2,UNGROUPED_AGGREGATE,4.789130999999999
paging,q11,3,CONCAT,6.248558000000001
paging,q11,3,CONCAT,6.1829160000000005
paging,q11,3,CTE,0.038208
paging,q11,3,CTE,0.035892
paging,q11,3,DYNAMIC_FILTER,0.128073
paging,q11,3,DYNAMIC_FILTER,0.141023
paging,q11,3,GPU_SCAN,16.290686
paging,q11,3,GPU_SCAN,17.365674000000002
paging,q11,3,HASH_GROUP_BY,1.358811
paging,q11,3,HASH_GROUP_BY,1.357852
paging,q11,3,HASH_JOIN,15.658912
paging,q11,3,HASH_JOIN,15.402147000000001
paging,q11,3,MERGE_AGGREGATE,0.051925
paging,q11,3,MERGE_AGGREGATE,0.056745000000000004
paging,q11,3,MERGE_GROUP_BY,0.008433
paging,q11,3,MERGE_GROUP_BY,0.015866
paging,q11,3,MERGE_SORT,0.00899
paging,q11,3,MERGE_SORT,0.010356
paging,q11,3,NESTED_LOOP_JOIN,0.26154
paging,q11,3,NESTED_LOOP_JOIN,0.460163
paging,q11,3,ORDER_BY,0.015863
paging,q11,3,ORDER_BY,0.030444
paging,q11,3,PARTITION,0.43465800000000004
paging,q11,3,PARTITION,0.438925
paging,q11,3,PROJECTION,2.526349
paging,q11,3,PROJECTION,2.811103
paging,q11,3,RESULT_COLLECTOR,0.007157
paging,q11,3,RESULT_COLLECTOR,0.010323
paging,q11,3,SORT_PARTITION,0.009343
paging,q11,3,SORT_PARTITION,0.007516
paging,q11,3,SORT_SAMPLE,0.015014
paging,q11,3,SORT_SAMPLE,0.016713
paging,q11,3,UNGROUPED_AGGREGATE,5.000858
paging,q11,3,UNGROUPED_AGGREGATE,4.970192
paging,q11,4,CONCAT,5.692879
paging,q11,4,CONCAT,6.120592
paging,q11,4,CTE,0.018721
paging,q11,4,CTE,0.013923
paging,q11,4,DYNAMIC_FILTER,0.095408
paging,q11,4,DYNAMIC_FILTER,0.108709
paging,q11,4,GPU_SCAN,15.645608000000003
paging,q11,4,GPU_SCAN,15.559190000000001
paging,q11,4,HASH_GROUP_BY,1.188171
paging,q11,4,HASH_GROUP_BY,1.160873
paging,q11,4,HASH_JOIN,15.023796
paging,q11,4,HASH_JOIN,14.502942
paging,q11,4,MERGE_AGGREGATE,0.024059999999999998
paging,q11,4,MERGE_AGGREGATE,0.028785
paging,q11,4,MERGE_GROUP_BY,0.006238
paging,q11,4,MERGE_GROUP_BY,0.007924
paging,q11,4,MERGE_SORT,0.006377
paging,q11,4,MERGE_SORT,0.005237
paging,q11,4,NESTED_LOOP_JOIN,0.229548
paging,q11,4,NESTED_LOOP_JOIN,0.218811
paging,q11,4,ORDER_BY,0.011862
paging,q11,4,ORDER_BY,0.012144
paging,q11,4,PARTITION,0.35919500000000004
paging,q11,4,PARTITION,0.338403
paging,q11,4,PROJECTION,2.3469010000000003
paging,q11,4,PROJECTION,3.101245
paging,q11,4,RESULT_COLLECTOR,0.005934
paging,q11,4,RESULT_COLLECTOR,0.005333
paging,q11,4,SORT_PARTITION,0.007081
paging,q11,4,SORT_PARTITION,0.016372
paging,q11,4,SORT_SAMPLE,0.011513
paging,q11,4,SORT_SAMPLE,0.026639
paging,q11,4,UNGROUPED_AGGREGATE,4.836183
paging,q11,4,UNGROUPED_AGGREGATE,4.774487
paging,q11,5,CONCAT,5.6389130000000005
paging,q11,5,CONCAT,5.72789
paging,q11,5,CTE,0.013404
paging,q11,5,CTE,0.032514
paging,q11,5,DYNAMIC_FILTER,0.087245
paging,q11,5,DYNAMIC_FILTER,0.097616
paging,q11,5,GPU_SCAN,15.230037999999999
paging,q11,5,GPU_SCAN,16.709914
paging,q11,5,HASH_GROUP_BY,1.118534
paging,q11,5,HASH_GROUP_BY,1.133746
paging,q11,5,HASH_JOIN,14.848458
paging,q11,5,HASH_JOIN,15.561093
paging,q11,5,MERGE_AGGREGATE,0.027058
paging,q11,5,MERGE_AGGREGATE,0.040354
paging,q11,5,MERGE_GROUP_BY,0.022313
paging,q11,5,MERGE_GROUP_BY,0.008014
paging,q11,5,MERGE_SORT,0.005346
paging,q11,5,MERGE_SORT,0.005315
paging,q11,5,NESTED_LOOP_JOIN,0.211394
paging,q11,5,NESTED_LOOP_JOIN,0.3582
paging,q11,5,ORDER_BY,0.010737
paging,q11,5,ORDER_BY,0.030968
paging,q11,5,PARTITION,0.24626699999999999
paging,q11,5,PARTITION,0.4575369999999999
paging,q11,5,PROJECTION,2.9224110000000003
paging,q11,5,PROJECTION,1.026459
paging,q11,5,RESULT_COLLECTOR,0.009873
paging,q11,5,RESULT_COLLECTOR,0.006504
paging,q11,5,SORT_PARTITION,0.005513
paging,q11,5,SORT_PARTITION,0.010518
paging,q11,5,SORT_SAMPLE,0.008408
paging,q11,5,SORT_SAMPLE,0.021528
paging,q11,5,UNGROUPED_AGGREGATE,4.788718
paging,q11,5,UNGROUPED_AGGREGATE,6.7780000000000005
paging,q12,1,CONCAT,1.352716
paging,q12,1,CONCAT,1.360623
paging,q12,1,DYNAMIC_FILTER,3.6860679999999997
paging,q12,1,DYNAMIC_FILTER,3.187134
paging,q12,1,FILTER,20.523087000000004
paging,q12,1,FILTER,20.901201
paging,q12,1,GPU_SCAN,2158.794167
paging,q12,1,GPU_SCAN,2088.2104809999996
paging,q12,1,HASH_GROUP_BY,1.830729
paging,q12,1,HASH_GROUP_BY,0.818509
paging,q12,1,HASH_JOIN,1.587388
paging,q12,1,HASH_JOIN,1.232431
paging,q12,1,MERGE_GROUP_BY,0.052732
paging,q12,1,MERGE_GROUP_BY,0.054223
paging,q12,1,MERGE_SORT,0.053818
paging,q12,1,MERGE_SORT,0.020455
paging,q12,1,ORDER_BY,4.604869
paging,q12,1,ORDER_BY,0.206991
paging,q12,1,PARTITION,0.39690400000000003
paging,q12,1,PARTITION,0.558492
paging,q12,1,PROJECTION,6.270018
paging,q12,1,PROJECTION,0.364822
paging,q12,1,RESULT_COLLECTOR,0.631214
paging,q12,1,RESULT_COLLECTOR,0.323706
paging,q12,1,SORT_PARTITION,0.006818
paging,q12,1,SORT_PARTITION,0.005724
paging,q12,1,SORT_SAMPLE,0.00872
paging,q12,1,SORT_SAMPLE,0.010312
paging,q12,2,CONCAT,1.105385
paging,q12,2,CONCAT,1.156104
paging,q12,2,DYNAMIC_FILTER,3.2968580000000003
paging,q12,2,DYNAMIC_FILTER,3.4583589999999997
paging,q12,2,FILTER,37.02696100000001
paging,q12,2,FILTER,33.565511
paging,q12,2,GPU_SCAN,2169.352578
paging,q12,2,GPU_SCAN,2234.9219120000002
paging,q12,2,HASH_GROUP_BY,1.09314
paging,q12,2,HASH_GROUP_BY,0.908023
paging,q12,2,HASH_JOIN,1.829436
paging,q12,2,HASH_JOIN,1.35161
paging,q12,2,MERGE_GROUP_BY,0.028381
paging,q12,2,MERGE_GROUP_BY,0.029474
paging,q12,2,MERGE_SORT,0.27974
paging,q12,2,MERGE_SORT,0.267401
paging,q12,2,ORDER_BY,0.261608
paging,q12,2,ORDER_BY,0.313854
paging,q12,2,PARTITION,0.48101499999999997
paging,q12,2,PARTITION,0.491605
paging,q12,2,PROJECTION,0.575799
paging,q12,2,PROJECTION,0.461146
paging,q12,2,RESULT_COLLECTOR,0.147259
paging,q12,2,RESULT_COLLECTOR,0.336828
paging,q12,2,SORT_PARTITION,0.225869
paging,q12,2,SORT_PARTITION,0.243986
paging,q12,2,SORT_SAMPLE,0.103856
paging,q12,2,SORT_SAMPLE,0.116535
paging,q12,3,CONCAT,0.809301
paging,q12,3,CONCAT,0.886482
paging,q12,3,DYNAMIC_FILTER,3.092732
paging,q12,3,DYNAMIC_FILTER,3.63531
paging,q12,3,FILTER,27.772216000000007
paging,q12,3,FILTER,31.092089000000005
paging,q12,3,GPU_SCAN,2181.3598020000004
paging,q12,3,GPU_SCAN,2218.219707
paging,q12,3,HASH_GROUP_BY,0.869478
paging,q12,3,HASH_GROUP_BY,0.819663
paging,q12,3,HASH_JOIN,1.262242
paging,q12,3,HASH_JOIN,1.278742
paging,q12,3,MERGE_GROUP_BY,0.018129
paging,q12,3,MERGE_GROUP_BY,0.007651
paging,q12,3,MERGE_SORT,0.023903
paging,q12,3,MERGE_SORT,0.026384
paging,q12,3,ORDER_BY,0.174185
paging,q12,3,ORDER_BY,0.172031
paging,q12,3,PARTITION,0.765041
paging,q12,3,PARTITION,0.245827
paging,q12,3,PROJECTION,0.424427
paging,q12,3,PROJECTION,0.392492
paging,q12,3,RESULT_COLLECTOR,0.19281
paging,q12,3,RESULT_COLLECTOR,0.096138
paging,q12,3,SORT_PARTITION,0.006265
paging,q12,3,SORT_PARTITION,0.005652
paging,q12,3,SORT_SAMPLE,0.011411
paging,q12,3,SORT_SAMPLE,0.007954
paging,q12,4,CONCAT,1.385933
paging,q12,4,CONCAT,1.345113
paging,q12,4,DYNAMIC_FILTER,3.4963480000000002
paging,q12,4,DYNAMIC_FILTER,4.218487
paging,q12,4,FILTER,38.794124
paging,q12,4,FILTER,26.009571
paging,q12,4,GPU_SCAN,2127.53722
paging,q12,4,GPU_SCAN,2168.057282
paging,q12,4,HASH_GROUP_BY,0.928407
paging,q12,4,HASH_GROUP_BY,0.797127
paging,q12,4,HASH_JOIN,1.310155
paging,q12,4,HASH_JOIN,1.30961
paging,q12,4,MERGE_GROUP_BY,0.021403
paging,q12,4,MERGE_GROUP_BY,0.025258
paging,q12,4,MERGE_SORT,0.016058
paging,q12,4,MERGE_SORT,0.007181
paging,q12,4,ORDER_BY,0.29935
paging,q12,4,ORDER_BY,0.161747
paging,q12,4,PARTITION,0.6779340000000001
paging,q12,4,PARTITION,0.406502
paging,q12,4,PROJECTION,0.465295
paging,q12,4,PROJECTION,0.40262
paging,q12,4,RESULT_COLLECTOR,0.191512
paging,q12,4,RESULT_COLLECTOR,0.238014
paging,q12,4,SORT_PARTITION,0.010988
paging,q12,4,SORT_PARTITION,0.006516
paging,q12,4,SORT_SAMPLE,0.01712
paging,q12,4,SORT_SAMPLE,0.009652
paging,q12,5,CONCAT,0.839098
paging,q12,5,CONCAT,0.8775200000000001
paging,q12,5,DYNAMIC_FILTER,3.715045
paging,q12,5,DYNAMIC_FILTER,3.066326
paging,q12,5,FILTER,16.561571
paging,q12,5,FILTER,27.24759
paging,q12,5,GPU_SCAN,2066.313486
paging,q12,5,GPU_SCAN,2264.5728759999997
paging,q12,5,HASH_GROUP_BY,0.873173
paging,q12,5,HASH_GROUP_BY,0.845313
paging,q12,5,HASH_JOIN,1.415801
paging,q12,5,HASH_JOIN,1.330049
paging,q12,5,MERGE_GROUP_BY,0.007708
paging,q12,5,MERGE_GROUP_BY,0.021306
paging,q12,5,MERGE_SORT,0.024424
paging,q12,5,MERGE_SORT,0.00539
paging,q12,5,ORDER_BY,0.165995
paging,q12,5,ORDER_BY,0.154335
paging,q12,5,PARTITION,0.4614890000000001
paging,q12,5,PARTITION,0.250003
paging,q12,5,PROJECTION,0.414602
paging,q12,5,PROJECTION,0.411183
paging,q12,5,RESULT_COLLECTOR,0.105563
paging,q12,5,RESULT_COLLECTOR,0.241987
paging,q12,5,SORT_PARTITION,0.005855
paging,q12,5,SORT_PARTITION,0.005134
paging,q12,5,SORT_SAMPLE,0.009419
paging,q12,5,SORT_SAMPLE,0.00874
paging,q13,1,CONCAT,13.226107
paging,q13,1,CONCAT,13.423191
paging,q13,1,GPU_SCAN,1158.021206
paging,q13,1,GPU_SCAN,1142.375648
paging,q13,1,HASH_GROUP_BY,11.147454
paging,q13,1,HASH_GROUP_BY,11.586266
paging,q13,1,HASH_JOIN,75.1461
paging,q13,1,HASH_JOIN,72.596919
paging,q13,1,MERGE_GROUP_BY,0.010539
paging,q13,1,MERGE_GROUP_BY,0.056459
paging,q13,1,MERGE_SORT,0.005207
paging,q13,1,MERGE_SORT,0.006686
paging,q13,1,ORDER_BY,0.191589
paging,q13,1,ORDER_BY,0.463283
paging,q13,1,PARTITION,0.195633
paging,q13,1,PARTITION,0.17607899999999999
paging,q13,1,PROJECTION,0.02472
paging,q13,1,PROJECTION,0.097983
paging,q13,1,RESULT_COLLECTOR,0.077109
paging,q13,1,RESULT_COLLECTOR,0.087175
paging,q13,1,SORT_PARTITION,0.00471
paging,q13,1,SORT_PARTITION,0.017977
paging,q13,1,SORT_SAMPLE,0.005232
paging,q13,1,SORT_SAMPLE,0.021636
paging,q13,2,CONCAT,12.900245
paging,q13,2,CONCAT,13.456926000000001
paging,q13,2,GPU_SCAN,1146.368849
paging,q13,2,GPU_SCAN,1139.340886
paging,q13,2,HASH_GROUP_BY,11.458226
paging,q13,2,HASH_GROUP_BY,11.725290000000001
paging,q13,2,HASH_JOIN,72.186139
paging,q13,2,HASH_JOIN,72.302213
paging,q13,2,MERGE_GROUP_BY,0.061981999999999995
paging,q13,2,MERGE_GROUP_BY,0.073417
paging,q13,2,MERGE_SORT,0.006665
paging,q13,2,MERGE_SORT,0.008491
paging,q13,2,ORDER_BY,0.506787
paging,q13,2,ORDER_BY,0.456829
paging,q13,2,PARTITION,0.117314
paging,q13,2,PARTITION,0.272932
paging,q13,2,PROJECTION,0.026577
paging,q13,2,PROJECTION,0.049553
paging,q13,2,RESULT_COLLECTOR,0.085452
paging,q13,2,RESULT_COLLECTOR,0.188191
paging,q13,2,SORT_PARTITION,0.006744
paging,q13,2,SORT_PARTITION,0.020701
paging,q13,2,SORT_SAMPLE,0.008366
paging,q13,2,SORT_SAMPLE,0.022991
paging,q13,3,CONCAT,13.345967
paging,q13,3,CONCAT,13.34726
paging,q13,3,GPU_SCAN,1141.232943
paging,q13,3,GPU_SCAN,1133.777703
paging,q13,3,HASH_GROUP_BY,11.191848
paging,q13,3,HASH_GROUP_BY,11.28698
paging,q13,3,HASH_JOIN,72.242719
paging,q13,3,HASH_JOIN,71.955942
paging,q13,3,MERGE_GROUP_BY,0.038571999999999995
paging,q13,3,MERGE_GROUP_BY,0.035857
paging,q13,3,MERGE_SORT,0.006136
paging,q13,3,MERGE_SORT,0.006007
paging,q13,3,ORDER_BY,0.418727
paging,q13,3,ORDER_BY,0.19482
paging,q13,3,PARTITION,0.27343
paging,q13,3,PARTITION,0.15382700000000002
paging,q13,3,PROJECTION,0.027006000000000002
paging,q13,3,PROJECTION,0.021164
paging,q13,3,RESULT_COLLECTOR,0.143364
paging,q13,3,RESULT_COLLECTOR,0.191436
paging,q13,3,SORT_PARTITION,0.004379
paging,q13,3,SORT_PARTITION,0.005415
paging,q13,3,SORT_SAMPLE,0.007281
paging,q13,3,SORT_SAMPLE,0.005938
paging,q13,4,CONCAT,13.412034
paging,q13,4,CONCAT,13.320943000000002
paging,q13,4,GPU_SCAN,1130.7796600000001
paging,q13,4,GPU_SCAN,1138.9315080000001
paging,q13,4,HASH_GROUP_BY,11.446085
paging,q13,4,HASH_GROUP_BY,11.274371
paging,q13,4,HASH_JOIN,72.136367
paging,q13,4,HASH_JOIN,72.203238
paging,q13,4,MERGE_GROUP_BY,0.068938
paging,q13,4,MERGE_GROUP_BY,0.023896
paging,q13,4,MERGE_SORT,0.006765
paging,q13,4,MERGE_SORT,0.006845
paging,q13,4,ORDER_BY,0.243539
paging,q13,4,ORDER_BY,0.195686
paging,q13,4,PARTITION,0.507967
paging,q13,4,PARTITION,0.24605500000000002
paging,q13,4,PROJECTION,0.031477
paging,q13,4,PROJECTION,0.026834
paging,q13,4,RESULT_COLLECTOR,0.258567
paging,q13,4,RESULT_COLLECTOR,0.066605
paging,q13,4,SORT_PARTITION,0.005506
paging,q13,4,SORT_PARTITION,0.005358
paging,q13,4,SORT_SAMPLE,0.008797
paging,q13,4,SORT_SAMPLE,0.005639
paging,q13,5,CONCAT,13.180463999999999
paging,q13,5,CONCAT,13.39151
paging,q13,5,GPU_SCAN,1146.72417
paging,q13,5,GPU_SCAN,1131.483275
paging,q13,5,HASH_GROUP_BY,11.437972
paging,q13,5,HASH_GROUP_BY,11.170703
paging,q13,5,HASH_JOIN,72.277957
paging,q13,5,HASH_JOIN,72.071536
paging,q13,5,MERGE_GROUP_BY,0.033069
paging,q13,5,MERGE_GROUP_BY,0.036953
paging,q13,5,MERGE_SORT,0.009081
paging,q13,5,MERGE_SORT,0.006376
paging,q13,5,ORDER_BY,0.233713
paging,q13,5,ORDER_BY,0.207504
paging,q13,5,PARTITION,0.137172
paging,q13,5,PARTITION,0.15858899999999998
paging,q13,5,PROJECTION,0.047291
paging,q13,5,PROJECTION,0.025284
paging,q13,5,RESULT_COLLECTOR,0.090617
paging,q13,5,RESULT_COLLECTOR,0.166029
paging,q13,5,SORT_PARTITION,0.011168
paging,q13,5,SORT_PARTITION,0.005462
paging,q13,5,SORT_SAMPLE,0.009824
paging,q13,5,SORT_SAMPLE,0.008437
paging,q14,1,CONCAT,0.362888
paging,q14,1,CONCAT,4.645472
paging,q14,1,GPU_SCAN,3073.617865
paging,q14,1,GPU_SCAN,2812.513641
paging,q14,1,HASH_JOIN,6.516396
paging,q14,1,HASH_JOIN,6.579741
paging,q14,1,MERGE_AGGREGATE,0.016824
paging,q14,1,MERGE_AGGREGATE,0.040583
paging,q14,1,PARTITION,0.14210100000000003
paging,q14,1,PARTITION,0.190891
paging,q14,1,PROJECTION,2.444402
paging,q14,1,PROJECTION,1.3044600000000002
paging,q14,1,RESULT_COLLECTOR,0.133531
paging,q14,1,RESULT_COLLECTOR,0.225968
paging,q14,1,UNGROUPED_AGGREGATE,0.630844
paging,q14,1,UNGROUPED_AGGREGATE,0.655629
paging,q14,2,CONCAT,4.167805
paging,q14,2,CONCAT,4.1365039999999995
paging,q14,2,GPU_SCAN,2779.614454
paging,q14,2,GPU_SCAN,2759.679754
paging,q14,2,HASH_JOIN,6.605566
paging,q14,2,HASH_JOIN,6.59552
paging,q14,2,MERGE_AGGREGATE,0.058341
paging,q14,2,MERGE_AGGREGATE,0.030814
paging,q14,2,PARTITION,0.197781
paging,q14,2,PARTITION,0.284297
paging,q14,2,PROJECTION,1.243135
paging,q14,2,PROJECTION,1.2828490000000001
paging,q14,2,RESULT_COLLECTOR,0.167308
paging,q14,2,RESULT_COLLECTOR,0.169532
paging,q14,2,UNGROUPED_AGGREGATE,0.54972
paging,q14,2,UNGROUPED_AGGREGATE,0.602616
paging,q14,3,CONCAT,4.089131
paging,q14,3,CONCAT,4.610590999999999
paging,q14,3,GPU_SCAN,3060.752785
paging,q14,3,GPU_SCAN,3069.689084
paging,q14,3,HASH_JOIN,6.420219
paging,q14,3,HASH_JOIN,6.336341
paging,q14,3,MERGE_AGGREGATE,0.01549
paging,q14,3,MERGE_AGGREGATE,0.017546
paging,q14,3,PARTITION,0.244699
paging,q14,3,PARTITION,0.230298
paging,q14,3,PROJECTION,1.350615
paging,q14,3,PROJECTION,1.3432089999999999
paging,q14,3,RESULT_COLLECTOR,0.17512
paging,q14,3,RESULT_COLLECTOR,0.178228
paging,q14,3,UNGROUPED_AGGREGATE,0.597246
paging,q14,3,UNGROUPED_AGGREGATE,0.606546
paging,q14,4,CONCAT,3.93013
paging,q14,4,CONCAT,3.889209
paging,q14,4,GPU_SCAN,3040.28868
paging,q14,4,GPU_SCAN,3041.062537
paging,q14,4,HASH_JOIN,6.701041
paging,q14,4,HASH_JOIN,6.422578
paging,q14,4,MERGE_AGGREGATE,0.025194
paging,q14,4,MERGE_AGGREGATE,0.036867
paging,q14,4,PARTITION,0.218195
paging,q14,4,PARTITION,0.17411000000000001
paging,q14,4,PROJECTION,1.3302100000000001
paging,q14,4,PROJECTION,0.90581
paging,q14,4,RESULT_COLLECTOR,0.168893
paging,q14,4,RESULT_COLLECTOR,0.064283
paging,q14,4,UNGROUPED_AGGREGATE,0.596002
paging,q14,4,UNGROUPED_AGGREGATE,0.553655
paging,q14,5,CONCAT,4.144858
paging,q14,5,CONCAT,4.307829
paging,q14,5,GPU_SCAN,3253.38016
paging,q14,5,GPU_SCAN,3057.078225
paging,q14,5,HASH_JOIN,6.361418
paging,q14,5,HASH_JOIN,6.199454
paging,q14,5,MERGE_AGGREGATE,0.059942
paging,q14,5,MERGE_AGGREGATE,0.015169
paging,q14,5,PARTITION,0.378929
paging,q14,5,PARTITION,0.16483399999999998
paging,q14,5,PROJECTION,0.8956099999999999
paging,q14,5,PROJECTION,0.868943
paging,q14,5,RESULT_COLLECTOR,0.085773
paging,q14,5,RESULT_COLLECTOR,0.070646
paging,q14,5,UNGROUPED_AGGREGATE,0.530021
paging,q14,5,UNGROUPED_AGGREGATE,0.52251
paging,q15,1,CONCAT,0.107459
paging,q15,1,CONCAT,0.029025
paging,q15,1,CTE,0.023108
paging,q15,1,CTE,0.006179
paging,q15,1,GPU_SCAN,2862.9977289999997
paging,q15,1,GPU_SCAN,3031.298431
paging,q15,1,HASH_GROUP_BY,11.271853
paging,q15,1,HASH_GROUP_BY,11.752902
paging,q15,1,HASH_JOIN,4.548012
paging,q15,1,HASH_JOIN,1.186496
paging,q15,1,MERGE_AGGREGATE,0.156472
paging,q15,1,MERGE_AGGREGATE,0.04374
paging,q15,1,MERGE_GROUP_BY,2.700768
paging,q15,1,MERGE_GROUP_BY,2.062159
paging,q15,1,MERGE_SORT,0.077198
paging,q15,1,MERGE_SORT,0.027133
paging,q15,1,ORDER_BY,0.482984
paging,q15,1,ORDER_BY,0.246895
paging,q15,1,PARTITION,0.542358
paging,q15,1,PARTITION,0.203078
paging,q15,1,PROJECTION,8.772298000000001
paging,q15,1,PROJECTION,4.483028999999999
paging,q15,1,RESULT_COLLECTOR,0.311395
paging,q15,1,RESULT_COLLECTOR,0.110692
paging,q15,1,SORT_PARTITION,1.182914
paging,q15,1,SORT_PARTITION,0.403204
paging,q15,1,SORT_SAMPLE,0.232715
paging,q15,1,SORT_SAMPLE,0.039205
paging,q15,1,UNGROUPED_AGGREGATE,7.450091
paging,q15,1,UNGROUPED_AGGREGATE,0.308865
paging,q15,2,CONCAT,0.089138
paging,q15,2,CONCAT,0.105491
paging,q15,2,CTE,0.012848
paging,q15,2,CTE,0.022459
paging,q15,2,GPU_SCAN,2760.773975
paging,q15,2,GPU_SCAN,2783.516844
paging,q15,2,HASH_GROUP_BY,11.562407
paging,q15,2,HASH_GROUP_BY,13.678817000000002
paging,q15,2,HASH_JOIN,1.3498809999999999
paging,q15,2,HASH_JOIN,2.383006
paging,q15,2,MERGE_AGGREGATE,0.043178
paging,q15,2,MERGE_AGGREGATE,0.031369
paging,q15,2,MERGE_GROUP_BY,2.571742
paging,q15,2,MERGE_GROUP_BY,2.714307
paging,q15,2,MERGE_SORT,0.036998
paging,q15,2,MERGE_SORT,0.037481
paging,q15,2,ORDER_BY,0.261018
paging,q15,2,ORDER_BY,0.296182
paging,q15,2,PARTITION,0.18077300000000002
paging,q15,2,PARTITION,0.35290200000000005
paging,q15,2,PROJECTION,4.567089
paging,q15,2,PROJECTION,5.83744
paging,q15,2,RESULT_COLLECTOR,0.147225
paging,q15,2,RESULT_COLLECTOR,0.390228
paging,q15,2,SORT_PARTITION,1.500106
paging,q15,2,SORT_PARTITION,0.611953
paging,q15,2,SORT_SAMPLE,0.222435
paging,q15,2,SORT_SAMPLE,0.030888
paging,q15,2,UNGROUPED_AGGREGATE,0.358861
paging,q15,2,UNGROUPED_AGGREGATE,0.5174190000000001
paging,q15,3,CONCAT,0.09405799999999999
paging,q15,3,CONCAT,0.11994200000000001
paging,q15,3,CTE,0.052534
paging,q15,3,CTE,0.011681
paging,q15,3,GPU_SCAN,3043.896448
paging,q15,3,GPU_SCAN,3056.2557429999997
paging,q15,3,HASH_GROUP_BY,13.640403000000001
paging,q15,3,HASH_GROUP_BY,12.661233
paging,q15,3,HASH_JOIN,1.6475220000000002
paging,q15,3,HASH_JOIN,2.640187
paging,q15,3,MERGE_AGGREGATE,0.08231
paging,q15,3,MERGE_AGGREGATE,0.055966
paging,q15,3,MERGE_GROUP_BY,2.086917
paging,q15,3,MERGE_GROUP_BY,2.139796
paging,q15,3,MERGE_SORT,0.027171
paging,q15,3,MERGE_SORT,0.07516
paging,q15,3,ORDER_BY,0.451124
paging,q15,3,ORDER_BY,0.421772
paging,q15,3,PARTITION,0.22890700000000003
paging,q15,3,PARTITION,0.34749399999999997
paging,q15,3,PROJECTION,8.946924
paging,q15,3,PROJECTION,8.279404000000001
paging,q15,3,RESULT_COLLECTOR,0.202312
paging,q15,3,RESULT_COLLECTOR,0.193619
paging,q15,3,SORT_PARTITION,1.673756
paging,q15,3,SORT_PARTITION,1.443244
paging,q15,3,SORT_SAMPLE,0.258873
paging,q15,3,SORT_SAMPLE,0.291798
paging,q15,3,UNGROUPED_AGGREGATE,0.367259
paging,q15,3,UNGROUPED_AGGREGATE,0.50538
paging,q15,4,CONCAT,0.074402
paging,q15,4,CONCAT,0.091661
paging,q15,4,CTE,0.00692
paging,q15,4,CTE,0.015842
paging,q15,4,GPU_SCAN,3048.4191970000006
paging,q15,4,GPU_SCAN,3034.2221320000003
paging,q15,4,HASH_GROUP_BY,11.192358
paging,q15,4,HASH_GROUP_BY,10.838969
paging,q15,4,HASH_JOIN,1.428466
paging,q15,4,HASH_JOIN,2.021838
paging,q15,4,MERGE_AGGREGATE,0.022766
paging,q15,4,MERGE_AGGREGATE,0.04686
paging,q15,4,MERGE_GROUP_BY,2.087819
paging,q15,4,MERGE_GROUP_BY,2.161136
paging,q15,4,MERGE_SORT,0.046711
paging,q15,4,MERGE_SORT,0.03861
paging,q15,4,ORDER_BY,0.467821
paging,q15,4,ORDER_BY,0.499188
paging,q15,4,PARTITION,0.210603
paging,q15,4,PARTITION,0.29550499999999996
paging,q15,4,PROJECTION,8.527728
paging,q15,4,PROJECTION,7.562799
paging,q15,4,RESULT_COLLECTOR,0.140439
paging,q15,4,RESULT_COLLECTOR,0.13203
paging,q15,4,SORT_PARTITION,0.598369
paging,q15,4,SORT_PARTITION,1.412969
paging,q15,4,SORT_SAMPLE,0.083753
paging,q15,4,SORT_SAMPLE,0.222628
paging,q15,4,UNGROUPED_AGGREGATE,0.374014
paging,q15,4,UNGROUPED_AGGREGATE,0.396373
paging,q15,5,CONCAT,0.08221
paging,q15,5,CONCAT,0.116428
paging,q15,5,CTE,0.007798
paging,q15,5,CTE,0.008319
paging,q15,5,GPU_SCAN,3253.354711
paging,q15,5,GPU_SCAN,3057.501606
paging,q15,5,HASH_GROUP_BY,13.260466999999998
paging,q15,5,HASH_GROUP_BY,11.001421
paging,q15,5,HASH_JOIN,2.1659889999999997
paging,q15,5,HASH_JOIN,1.2215859999999998
paging,q15,5,MERGE_AGGREGATE,0.042675
paging,q15,5,MERGE_AGGREGATE,0.028273
paging,q15,5,MERGE_GROUP_BY,2.135216
paging,q15,5,MERGE_GROUP_BY,2.194568
paging,q15,5,MERGE_SORT,0.02904
paging,q15,5,MERGE_SORT,0.039565
paging,q15,5,ORDER_BY,0.763456
paging,q15,5,ORDER_BY,0.267131
paging,q15,5,PARTITION,0.23284299999999997
paging,q15,5,PARTITION,0.27075699999999997
paging,q15,5,PROJECTION,9.957478000000002
paging,q15,5,PROJECTION,7.828818
paging,q15,5,RESULT_COLLECTOR,0.154383
paging,q15,5,RESULT_COLLECTOR,0.169165
paging,q15,5,SORT_PARTITION,1.365523
paging,q15,5,SORT_PARTITION,1.341436
paging,q15,5,SORT_SAMPLE,0.248059
paging,q15,5,SORT_SAMPLE,0.265932
paging,q15,5,UNGROUPED_AGGREGATE,0.39986
paging,q15,5,UNGROUPED_AGGREGATE,0.802284
paging,q16,1,CONCAT,0.33683599999999997
paging,q16,1,CONCAT,0.15121
paging,q16,1,DYNAMIC_FILTER,0.706354
paging,q16,1,DYNAMIC_FILTER,0.710905
paging,q16,1,FILTER,4.146702
paging,q16,1,FILTER,4.129931
paging,q16,1,GPU_SCAN,121.27229399999999
paging,q16,1,GPU_SCAN,94.717557
paging,q16,1,HASH_GROUP_BY,59.123536
paging,q16,1,HASH_GROUP_BY,46.987155
paging,q16,1,HASH_JOIN,6.403746
paging,q16,1,HASH_JOIN,5.447478
paging,q16,1,MERGE_GROUP_BY,2.93707
paging,q16,1,MERGE_GROUP_BY,0.402351
paging,q16,1,MERGE_SORT,0.011199
paging,q16,1,MERGE_SORT,0.007472
paging,q16,1,ORDER_BY,2.408625
paging,q16,1,ORDER_BY,2.391327
paging,q16,1,PARTITION,0.176247
paging,q16,1,PARTITION,0.086714
paging,q16,1,PROJECTION,0.01654
paging,q16,1,PROJECTION,0.014911
paging,q16,1,RESULT_COLLECTOR,0.932737
paging,q16,1,RESULT_COLLECTOR,1.122381
paging,q16,1,SORT_PARTITION,0.008193
paging,q16,1,SORT_PARTITION,0.005598
paging,q16,1,SORT_SAMPLE,0.011187
paging,q16,1,SORT_SAMPLE,0.009317
paging,q16,2,CONCAT,0.234063
paging,q16,2,CONCAT,0.366551
paging,q16,2,DYNAMIC_FILTER,0.702794
paging,q16,2,DYNAMIC_FILTER,0.693337
paging,q16,2,FILTER,4.195158
paging,q16,2,FILTER,4.274291
paging,q16,2,GPU_SCAN,120.30358199999999
paging,q16,2,GPU_SCAN,118.475041
paging,q16,2,HASH_GROUP_BY,47.255513
paging,q16,2,HASH_GROUP_BY,47.159005
paging,q16,2,HASH_JOIN,6.62964
paging,q16,2,HASH_JOIN,6.367018
paging,q16,2,MERGE_GROUP_BY,0.437612
paging,q16,2,MERGE_GROUP_BY,1.169937
paging,q16,2,MERGE_SORT,0.008203
paging,q16,2,MERGE_SORT,0.018433
paging,q16,2,ORDER_BY,2.950347
paging,q16,2,ORDER_BY,2.53789
paging,q16,2,PARTITION,0.17032999999999998
paging,q16,2,PARTITION,0.287455
paging,q16,2,PROJECTION,0.016314
paging,q16,2,PROJECTION,0.01457
paging,q16,2,RESULT_COLLECTOR,0.786643
paging,q16,2,RESULT_COLLECTOR,1.498854
paging,q16,2,SORT_PARTITION,0.007673
paging,q16,2,SORT_PARTITION,0.006658
paging,q16,2,SORT_SAMPLE,0.014216
paging,q16,2,SORT_SAMPLE,0.010788
paging,q16,3,CONCAT,0.26757000000000003
paging,q16,3,CONCAT,0.30977400000000005
paging,q16,3,DYNAMIC_FILTER,0.731674
paging,q16,3,DYNAMIC_FILTER,0.734022
paging,q16,3,FILTER,4.435793
paging,q16,3,FILTER,4.211786
paging,q16,3,GPU_SCAN,120.65875
paging,q16,3,GPU_SCAN,121.12257699999999
paging,q16,3,HASH_GROUP_BY,47.325863
paging,q16,3,HASH_GROUP_BY,47.127591
paging,q16,3,HASH_JOIN,6.764359
paging,q16,3,HASH_JOIN,5.586433
paging,q16,3,MERGE_GROUP_BY,0.592376
paging,q16,3,MERGE_GROUP_BY,0.498032
paging,q16,3,MERGE_SORT,0.013424
paging,q16,3,MERGE_SORT,0.009252
paging,q16,3,ORDER_BY,2.86692
paging,q16,3,ORDER_BY,2.487633
paging,q16,3,PARTITION,0.24899599999999997
paging,q16,3,PARTITION,0.13150699999999999
paging,q16,3,PROJECTION,0.018496
paging,q16,3,PROJECTION,0.017537
paging,q16,3,RESULT_COLLECTOR,1.583535
paging,q16,3,RESULT_COLLECTOR,0.828858
paging,q16,3,SORT_PARTITION,0.008029
paging,q16,3,SORT_PARTITION,0.006993
paging,q16,3,SORT_SAMPLE,0.014192
paging,q16,3,SORT_SAMPLE,0.009507
paging,q16,4,CONCAT,0.346807
paging,q16,4,CONCAT,0.326176
paging,q16,4,DYNAMIC_FILTER,0.704403
paging,q16,4,DYNAMIC_FILTER,0.713739
paging,q16,4,FILTER,4.125125000000001
paging,q16,4,FILTER,4.375581
paging,q16,4,GPU_SCAN,118.970309
paging,q16,4,GPU_SCAN,119.90898700000001
paging,q16,4,HASH_GROUP_BY,47.016637
paging,q16,4,HASH_GROUP_BY,47.184497
paging,q16,4,HASH_JOIN,6.589664000000001
paging,q16,4,HASH_JOIN,6.980112
paging,q16,4,MERGE_GROUP_BY,1.207066
paging,q16,4,MERGE_GROUP_BY,1.239137
paging,q16,4,MERGE_SORT,0.008871
paging,q16,4,MERGE_SORT,0.011834
paging,q16,4,ORDER_BY,2.557168
paging,q16,4,ORDER_BY,2.533376
paging,q16,4,PARTITION,0.28892100000000004
paging,q16,4,PARTITION,0.273488
paging,q16,4,PROJECTION,0.015446
paging,q16,4,PROJECTION,0.017221
paging,q16,4,RESULT_COLLECTOR,1.328444
paging,q16,4,RESULT_COLLECTOR,0.816357
paging,q16,4,SORT_PARTITION,0.007085
paging,q16,4,SORT_PARTITION,0.013891
paging,q16,4,SORT_SAMPLE,0.013613
paging,q16,4,SORT_SAMPLE,0.022763
paging,q16,5,CONCAT,0.345057
paging,q16,5,CONCAT,0.324187
paging,q16,5,DYNAMIC_FILTER,0.70055
paging,q16,5,DYNAMIC_FILTER,0.704602
paging,q16,5,FILTER,4.100436
paging,q16,5,FILTER,4.1157900000000005
paging,q16,5,GPU_SCAN,118.05285900000001
paging,q16,5,GPU_SCAN,117.686009
paging,q16,5,HASH_GROUP_BY,46.815526
paging,q16,5,HASH_GROUP_BY,47.110041
paging,q16,5,HASH_JOIN,5.920699
paging,q16,5,HASH_JOIN,6.173503999999999
paging,q16,5,MERGE_GROUP_BY,1.412743
paging,q16,5,MERGE_GROUP_BY,1.065451
paging,q16,5,MERGE_SORT,0.037903
paging,q16,5,MERGE_SORT,0.008429
paging,q16,5,ORDER_BY,2.402075
paging,q16,5,ORDER_BY,2.441921
paging,q16,5,PARTITION,0.21463
paging,q16,5,PARTITION,0.114475
paging,q16,5,PROJECTION,0.015182
paging,q16,5,PROJECTION,0.014622
paging,q16,5,RESULT_COLLECTOR,0.727579
paging,q16,5,RESULT_COLLECTOR,1.939973
paging,q16,5,SORT_PARTITION,0.006863
paging,q16,5,SORT_PARTITION,0.006143
paging,q16,5,SORT_SAMPLE,0.012511
paging,q16,5,SORT_SAMPLE,0.011782
paging,q17,1,CONCAT,0.493951
paging,q17,1,CONCAT,0.5932310000000001
paging,q17,1,DYNAMIC_FILTER,15.934348
paging,q17,1,DYNAMIC_FILTER,22.636236999999998
paging,q17,1,FILTER,0.104655
paging,q17,1,FILTER,0.198722
paging,q17,1,GPU_SCAN,3814.9465639999994
paging,q17,1,GPU_SCAN,3860.2600299999995
paging,q17,1,HASH_GROUP_BY,5.648462
paging,q17,1,HASH_GROUP_BY,7.025924
paging,q17,1,HASH_JOIN,96.338683
paging,q17,1,HASH_JOIN,86.29601599999998
paging,q17,1,LEFT_DELIM_JOIN,0.1282
paging,q17,1,LEFT_DELIM_JOIN,0.314317
paging,q17,1,MERGE_AGGREGATE,0.031667
paging,q17,1,MERGE_AGGREGATE,0.040923
paging,q17,1,MERGE_GROUP_BY,0.501379
paging,q17,1,MERGE_GROUP_BY,0.743098
paging,q17,1,PARTITION,0.350497
paging,q17,1,PARTITION,0.619945
paging,q17,1,PROJECTION,0.431918
paging,q17,1,PROJECTION,0.649659
paging,q17,1,RESULT_COLLECTOR,0.074699
paging,q17,1,RESULT_COLLECTOR,0.114086
paging,q17,1,UNGROUPED_AGGREGATE,0.147978
paging,q17,1,UNGROUPED_AGGREGATE,0.261463
paging,q17,2,CONCAT,0.779695
paging,q17,2,CONCAT,1.0606150000000003
paging,q17,2,DYNAMIC_FILTER,19.222503
paging,q17,2,DYNAMIC_FILTER,19.956304
paging,q17,2,FILTER,0.316365
paging,q17,2,FILTER,0.122782
paging,q17,2,GPU_SCAN,3388.363267
paging,q17,2,GPU_SCAN,3500.568786
paging,q17,2,HASH_GROUP_BY,3.1764850000000004
paging,q17,2,HASH_GROUP_BY,3.670184
paging,q17,2,HASH_JOIN,89.497186
paging,q17,2,HASH_JOIN,83.761835
paging,q17,2,LEFT_DELIM_JOIN,0.271645
paging,q17,2,LEFT_DELIM_JOIN,0.331777
paging,q17,2,MERGE_AGGREGATE,0.037958
paging,q17,2,MERGE_AGGREGATE,0.018582
paging,q17,2,MERGE_GROUP_BY,0.535613
paging,q17,2,MERGE_GROUP_BY,0.9480270000000001
paging,q17,2,PARTITION,0.46436700000000003
paging,q17,2,PARTITION,0.559609
paging,q17,2,PROJECTION,0.440522
paging,q17,2,PROJECTION,0.503663
paging,q17,2,RESULT_COLLECTOR,0.068311
paging,q17,2,RESULT_COLLECTOR,0.12993
paging,q17,2,UNGROUPED_AGGREGATE,0.468742
paging,q17,2,UNGROUPED_AGGREGATE,0.181114
paging,q17,3,CONCAT,0.549569
paging,q17,3,CONCAT,1.1112330000000001
paging,q17,3,DYNAMIC_FILTER,19.37302
paging,q17,3,DYNAMIC_FILTER,19.894672999999997
paging,q17,3,FILTER,0.140648
paging,q17,3,FILTER,0.140077
paging,q17,3,GPU_SCAN,3702.233147
paging,q17,3,GPU_SCAN,3663.7696759999994
paging,q17,3,HASH_GROUP_BY,8.972363
paging,q17,3,HASH_GROUP_BY,5.66611
paging,q17,3,HASH_JOIN,105.619296
paging,q17,3,HASH_JOIN,96.94121000000001
paging,q17,3,LEFT_DELIM_JOIN,0.337036
paging,q17,3,LEFT_DELIM_JOIN,0.228434
paging,q17,3,MERGE_AGGREGATE,0.021027
paging,q17,3,MERGE_AGGREGATE,0.049877
paging,q17,3,MERGE_GROUP_BY,0.7578750000000001
paging,q17,3,MERGE_GROUP_BY,0.667352
paging,q17,3,PARTITION,0.622659
paging,q17,3,PARTITION,0.660299
paging,q17,3,PROJECTION,0.5635840000000001
paging,q17,3,PROJECTION,1.344346
paging,q17,3,RESULT_COLLECTOR,0.117972
paging,q17,3,RESULT_COLLECTOR,0.112907
paging,q17,3,UNGROUPED_AGGREGATE,0.206138
paging,q17,3,UNGROUPED_AGGREGATE,0.20314
paging,q17,4,CONCAT,0.4184800000000001
paging,q17,4,CONCAT,0.6541100000000001
paging,q17,4,DYNAMIC_FILTER,20.384908
paging,q17,4,DYNAMIC_FILTER,18.846882
paging,q17,4,FILTER,0.128725
paging,q17,4,FILTER,0.134629
paging,q17,4,GPU_SCAN,3677.535547
paging,q17,4,GPU_SCAN,3682.3655109999995
paging,q17,4,HASH_GROUP_BY,5.794569
paging,q17,4,HASH_GROUP_BY,5.092616
paging,q17,4,HASH_JOIN,97.661003
paging,q17,4,HASH_JOIN,83.37214599999999
paging,q17,4,LEFT_DELIM_JOIN,0.153198
paging,q17,4,LEFT_DELIM_JOIN,0.347159
paging,q17,4,MERGE_AGGREGATE,0.023316
paging,q17,4,MERGE_AGGREGATE,0.029836
paging,q17,4,MERGE_GROUP_BY,0.6469010000000001
paging,q17,4,MERGE_GROUP_BY,0.7333569999999999
paging,q17,4,PARTITION,0.6077239999999999
paging,q17,4,PARTITION,0.46568000000000004
paging,q17,4,PROJECTION,0.401964
paging,q17,4,PROJECTION,0.715306
paging,q17,4,RESULT_COLLECTOR,0.101755
paging,q17,4,RESULT_COLLECTOR,0.104194
paging,q17,4,UNGROUPED_AGGREGATE,0.181965
paging,q17,4,UNGROUPED_AGGREGATE,0.20558
paging,q17,5,CONCAT,0.6588669999999999
paging,q17,5,CONCAT,0.9301719999999999
paging,q17,5,DYNAMIC_FILTER,19.649333000000002
paging,q17,5,DYNAMIC_FILTER,17.48219
paging,q17,5,FILTER,0.154651
paging,q17,5,FILTER,0.136812
paging,q17,5,GPU_SCAN,3710.422688
paging,q17,5,GPU_SCAN,3692.5711170000004
paging,q17,5,HASH_GROUP_BY,2.965919
paging,q17,5,HASH_GROUP_BY,5.039297
paging,q17,5,HASH_JOIN,70.907373
paging,q17,5,HASH_JOIN,105.116803
paging,q17,5,LEFT_DELIM_JOIN,0.28273
paging,q17,5,LEFT_DELIM_JOIN,0.172193
paging,q17,5,MERGE_AGGREGATE,0.029778
paging,q17,5,MERGE_AGGREGATE,0.025358
paging,q17,5,MERGE_GROUP_BY,0.699885
paging,q17,5,MERGE_GROUP_BY,0.693592
paging,q17,5,PARTITION,0.44409200000000004
paging,q17,5,PARTITION,0.5596840000000001
paging,q17,5,PROJECTION,0.9770139999999999
paging,q17,5,PROJECTION,0.50632
paging,q17,5,RESULT_COLLECTOR,0.102014
paging,q17,5,RESULT_COLLECTOR,0.097217
paging,q17,5,UNGROUPED_AGGREGATE,0.191159
paging,q17,5,UNGROUPED_AGGREGATE,0.191138
paging,q18,1,CONCAT,0.887545
paging,q18,1,CONCAT,2.9433390000000004
paging,q18,1,DYNAMIC_FILTER,21.542485
paging,q18,1,DYNAMIC_FILTER,23.360281
paging,q18,1,FILTER,2.9663069999999996
paging,q18,1,FILTER,3.80856
paging,q18,1,GPU_SCAN,2183.369135
paging,q18,1,GPU_SCAN,2140.152445
paging,q18,1,HASH_GROUP_BY,96.085133
paging,q18,1,HASH_GROUP_BY,204.084588
paging,q18,1,HASH_JOIN,3.3472540000000004
paging,q18,1,HASH_JOIN,2.8319050000000003
paging,q18,1,MERGE_GROUP_BY,125.570394
paging,q18,1,MERGE_GROUP_BY,124.35838
paging,q18,1,MERGE_SORT,9.895624
paging,q18,1,MERGE_SORT,0.433754
paging,q18,1,ORDER_BY,0.591884
paging,q18,1,ORDER_BY,0.451197
paging,q18,1,PARTITION,50.56829299999999
paging,q18,1,PARTITION,33.793746
paging,q18,1,PROJECTION,0.018102
paging,q18,1,PROJECTION,0.015506
paging,q18,1,RESULT_COLLECTOR,0.535694
paging,q18,1,RESULT_COLLECTOR,0.165443
paging,q18,1,SORT_PARTITION,4.049471
paging,q18,1,SORT_PARTITION,0.333579
paging,q18,1,SORT_SAMPLE,0.051931
paging,q18,1,SORT_SAMPLE,0.043064
paging,q18,2,CONCAT,0.640194
paging,q18,2,CONCAT,0.559852
paging,q18,2,DYNAMIC_FILTER,22.926347999999997
paging,q18,2,DYNAMIC_FILTER,20.635091000000003
paging,q18,2,FILTER,3.106439
paging,q18,2,FILTER,3.552003
paging,q18,2,GPU_SCAN,2262.5628589999997
paging,q18,2,GPU_SCAN,2224.4175430000005
paging,q18,2,HASH_GROUP_BY,191.63415300000003
paging,q18,2,HASH_GROUP_BY,207.59357599999998
paging,q18,2,HASH_JOIN,3.260003
paging,q18,2,HASH_JOIN,3.130949
paging,q18,2,MERGE_GROUP_BY,125.91561599999999
paging,q18,2,MERGE_GROUP_BY,126.04981000000001
paging,q18,2,MERGE_SORT,0.613897
paging,q18,2,MERGE_SORT,0.597506
paging,q18,2,ORDER_BY,0.403844
paging,q18,2,ORDER_BY,0.394895
paging,q18,2,PARTITION,33.049728
paging,q18,2,PARTITION,34.71608500000001
paging,q18,2,PROJECTION,0.015468
paging,q18,2,PROJECTION,0.015662
paging,q18,2,RESULT_COLLECTOR,0.325368
paging,q18,2,RESULT_COLLECTOR,0.602639
paging,q18,2,SORT_PARTITION,0.61005
paging,q18,2,SORT_PARTITION,0.613831
paging,q18,2,SORT_SAMPLE,0.04658
paging,q18,2,SORT_SAMPLE,0.038312
paging,q18,3,CONCAT,0.48188
paging,q18,3,CONCAT,0.48054700000000006
paging,q18,3,DYNAMIC_FILTER,17.774307
paging,q18,3,DYNAMIC_FILTER,21.822862
paging,q18,3,FILTER,3.008477
paging,q18,3,FILTER,2.952937
paging,q18,3,GPU_SCAN,2199.3186579999997
paging,q18,3,GPU_SCAN,2189.4560760000004
paging,q18,3,HASH_GROUP_BY,206.77567800000003
paging,q18,3,HASH_GROUP_BY,201.35663699999998
paging,q18,3,HASH_JOIN,2.76932
paging,q18,3,HASH_JOIN,3.3824639999999997
paging,q18,3,MERGE_GROUP_BY,126.207785
paging,q18,3,MERGE_GROUP_BY,125.817393
paging,q18,3,MERGE_SORT,0.497748
paging,q18,3,MERGE_SORT,0.467351
paging,q18,3,ORDER_BY,0.363801
paging,q18,3,ORDER_BY,0.407921
paging,q18,3,PARTITION,33.36682699999998
paging,q18,3,PARTITION,33.711110999999995
paging,q18,3,PROJECTION,0.010632
paging,q18,3,PROJECTION,0.014896
paging,q18,3,RESULT_COLLECTOR,0.189073
paging,q18,3,RESULT_COLLECTOR,0.347677
paging,q18,3,SORT_PARTITION,0.455042
paging,q18,3,SORT_PARTITION,0.49993
paging,q18,3,SORT_SAMPLE,0.030791
paging,q18,3,SORT_SAMPLE,0.04474
paging,q18,4,CONCAT,0.636593
paging,q18,4,CONCAT,0.630869
paging,q18,4,DYNAMIC_FILTER,20.172231
paging,q18,4,DYNAMIC_FILTER,23.982224
paging,q18,4,FILTER,2.9716769999999997
paging,q18,4,FILTER,3.49953
paging,q18,4,GPU_SCAN,2234.3013030000006
paging,q18,4,GPU_SCAN,2235.8065100000003
paging,q18,4,HASH_GROUP_BY,207.75148000000002
paging,q18,4,HASH_GROUP_BY,197.74675100000002
paging,q18,4,HASH_JOIN,3.5370450000000004
paging,q18,4,HASH_JOIN,3.7649359999999996
paging,q18,4,MERGE_GROUP_BY,127.26969600000001
paging,q18,4,MERGE_GROUP_BY,125.37073799999999
paging,q18,4,MERGE_SORT,0.463926
paging,q18,4,MERGE_SORT,0.562273
paging,q18,4,ORDER_BY,0.379699
paging,q18,4,ORDER_BY,0.481092
paging,q18,4,PARTITION,33.785864999999994
paging,q18,4,PARTITION,34.566817
paging,q18,4,PROJECTION,0.012833
paging,q18,4,PROJECTION,0.051864
paging,q18,4,RESULT_COLLECTOR,0.230738
paging,q18,4,RESULT_COLLECTOR,0.245397
paging,q18,4,SORT_PARTITION,0.498368
paging,q18,4,SORT_PARTITION,0.684572
paging,q18,4,SORT_SAMPLE,0.037785
paging,q18,4,SORT_SAMPLE,0.060489
paging,q18,5,CONCAT,0.486617
paging,q18,5,CONCAT,0.314361
paging,q18,5,DYNAMIC_FILTER,20.821707
paging,q18,5,DYNAMIC_FILTER,20.587684
paging,q18,5,FILTER,3.002245
paging,q18,5,FILTER,3.2155199999999997
paging,q18,5,GPU_SCAN,2193.979929
paging,q18,5,GPU_SCAN,2172.419758
paging,q18,5,HASH_GROUP_BY,209.28600499999996
paging,q18,5,HASH_GROUP_BY,203.39405200000002
paging,q18,5,HASH_JOIN,3.208612
paging,q18,5,HASH_JOIN,2.8113960000000002
paging,q18,5,MERGE_GROUP_BY,128.81266100000002
paging,q18,5,MERGE_GROUP_BY,126.123312
paging,q18,5,MERGE_SORT,0.422844
paging,q18,5,MERGE_SORT,0.513859
paging,q18,5,ORDER_BY,0.344057
paging,q18,5,ORDER_BY,0.376779
paging,q18,5,PARTITION,33.93256000000002
paging,q18,5,PARTITION,33.733952
paging,q18,5,PROJECTION,0.024232
paging,q18,5,PROJECTION,0.01286
paging,q18,5,RESULT_COLLECTOR,0.132085
paging,q18,5,RESULT_COLLECTOR,0.322562
paging,q18,5,SORT_PARTITION,0.827409
paging,q18,5,SORT_PARTITION,0.442272
paging,q18,5,SORT_SAMPLE,0.063521
paging,q18,5,SORT_SAMPLE,0.032213
paging,q19,1,CONCAT,2.4560639999999996
paging,q19,1,CONCAT,1.885243
paging,q19,1,DYNAMIC_FILTER,2.21843
paging,q19,1,DYNAMIC_FILTER,2.158503
paging,q19,1,FILTER,21.577316000000003
paging,q19,1,FILTER,21.036167
paging,q19,1,GPU_SCAN,3049.4774500000003
paging,q19,1,GPU_SCAN,3006.094349
paging,q19,1,HASH_JOIN,12.733174
paging,q19,1,HASH_JOIN,12.726658
paging,q19,1,MERGE_AGGREGATE,0.073988
paging,q19,1,MERGE_AGGREGATE,0.0473
paging,q19,1,PARTITION,0.307911
paging,q19,1,PARTITION,0.29079900000000003
paging,q19,1,PROJECTION,0.110485
paging,q19,1,PROJECTION,0.08743
paging,q19,1,RESULT_COLLECTOR,0.312064
paging,q19,1,RESULT_COLLECTOR,0.222901
paging,q19,1,UNGROUPED_AGGREGATE,0.210612
paging,q19,1,UNGROUPED_AGGREGATE,0.159983
paging,q19,2,CONCAT,1.951005
paging,q19,2,CONCAT,2.4465830000000004
paging,q19,2,DYNAMIC_FILTER,2.427214
paging,q19,2,DYNAMIC_FILTER,2.22048
paging,q19,2,FILTER,22.588817000000002
paging,q19,2,FILTER,23.689949000000002
paging,q19,2,GPU_SCAN,3053.31639
paging,q19,2,GPU_SCAN,3066.7768459999998
paging,q19,2,HASH_JOIN,12.768315
paging,q19,2,HASH_JOIN,12.830361
paging,q19,2,MERGE_AGGREGATE,0.035503
paging,q19,2,MERGE_AGGREGATE,0.027861
paging,q19,2,PARTITION,0.23314300000000004
paging,q19,2,PARTITION,0.391153
paging,q19,2,PROJECTION,0.100681
paging,q19,2,PROJECTION,0.08917
paging,q19,2,RESULT_COLLECTOR,0.124767
paging,q19,2,RESULT_COLLECTOR,0.238277
paging,q19,2,UNGROUPED_AGGREGATE,0.181591
paging,q19,2,UNGROUPED_AGGREGATE,0.167583
paging,q19,3,CONCAT,1.999574
paging,q19,3,CONCAT,2.7546350000000004
paging,q19,3,DYNAMIC_FILTER,2.251813
paging,q19,3,DYNAMIC_FILTER,2.240159
paging,q19,3,FILTER,23.362219
paging,q19,3,FILTER,23.072790000000005
paging,q19,3,GPU_SCAN,3051.217381
paging,q19,3,GPU_SCAN,2980.731381
paging,q19,3,HASH_JOIN,12.572599
paging,q19,3,HASH_JOIN,12.698633
paging,q19,3,MERGE_AGGREGATE,0.061543
paging,q19,3,MERGE_AGGREGATE,0.028855
paging,q19,3,PARTITION,0.21373000000000003
paging,q19,3,PARTITION,0.279809
paging,q19,3,PROJECTION,0.088447
paging,q19,3,PROJECTION,0.100604
paging,q19,3,RESULT_COLLECTOR,0.250465
paging,q19,3,RESULT_COLLECTOR,0.234592
paging,q19,3,UNGROUPED_AGGREGATE,0.169101
paging,q19,3,UNGROUPED_AGGREGATE,0.177496
paging,q19,4,CONCAT,2.034847
paging,q19,4,CONCAT,2.5364050000000002
paging,q19,4,DYNAMIC_FILTER,2.155574
paging,q19,4,DYNAMIC_FILTER,2.165948
paging,q19,4,FILTER,21.927742
paging,q19,4,FILTER,20.603711999999998
paging,q19,4,GPU_SCAN,2977.2183509999995
paging,q19,4,GPU_SCAN,3000.33039
paging,q19,4,HASH_JOIN,12.738128
paging,q19,4,HASH_JOIN,12.606508
paging,q19,4,MERGE_AGGREGATE,0.008108
paging,q19,4,MERGE_AGGREGATE,0.035782
paging,q19,4,PARTITION,0.333387
paging,q19,4,PARTITION,0.261025
paging,q19,4,PROJECTION,0.093327
paging,q19,4,PROJECTION,0.083414
paging,q19,4,RESULT_COLLECTOR,0.209789
paging,q19,4,RESULT_COLLECTOR,0.093796
paging,q19,4,UNGROUPED_AGGREGATE,0.154377
paging,q19,4,UNGROUPED_AGGREGATE,0.149646
paging,q19,5,CONCAT,2.663642
paging,q19,5,CONCAT,1.853017
paging,q19,5,DYNAMIC_FILTER,2.19147
paging,q19,5,DYNAMIC_FILTER,2.158089
paging,q19,5,FILTER,23.986908999999997
paging,q19,5,FILTER,20.407728000000002
paging,q19,5,GPU_SCAN,3156.713983
paging,q19,5,GPU_SCAN,2976.863679
paging,q19,5,HASH_JOIN,12.789209
paging,q19,5,HASH_JOIN,12.66799
paging,q19,5,MERGE_AGGREGATE,0.042748
paging,q19,5,MERGE_AGGREGATE,0.018767
paging,q19,5,PARTITION,0.29158000000000006
paging,q19,5,PARTITION,0.21528100000000003
paging,q19,5,PROJECTION,0.086629
paging,q19,5,PROJECTION,0.082456
paging,q19,5,RESULT_COLLECTOR,0.161698
paging,q19,5,RESULT_COLLECTOR,0.197798
paging,q19,5,UNGROUPED_AGGREGATE,0.152644
paging,q19,5,UNGROUPED_AGGREGATE,0.157271
paging,q20,1,CONCAT,0.537555
paging,q20,1,CONCAT,0.612717
paging,q20,1,DYNAMIC_FILTER,5.446645999999999
paging,q20,1,DYNAMIC_FILTER,4.963465
paging,q20,1,FILTER,0.262266
paging,q20,1,FILTER,0.179557
paging,q20,1,GPU_SCAN,2516.51888
paging,q20,1,GPU_SCAN,2535.612295
paging,q20,1,HASH_GROUP_BY,0.541855
paging,q20,1,HASH_GROUP_BY,0.581171
paging,q20,1,HASH_JOIN,3.6050780000000002
paging,q20,1,HASH_JOIN,2.991283
paging,q20,1,LEFT_DELIM_JOIN,0.584789
paging,q20,1,LEFT_DELIM_JOIN,0.361728
paging,q20,1,MERGE_GROUP_BY,0.033961
paging,q20,1,MERGE_GROUP_BY,0.059012
paging,q20,1,MERGE_SORT,1.836401
paging,q20,1,MERGE_SORT,1.884446
paging,q20,1,ORDER_BY,3.233147
paging,q20,1,ORDER_BY,3.196894
paging,q20,1,PARTITION,0.376336
paging,q20,1,PARTITION,0.30516899999999997
paging,q20,1,PROJECTION,0.09967000000000001
paging,q20,1,PROJECTION,0.117415
paging,q20,1,RESULT_COLLECTOR,0.425912
paging,q20,1,RESULT_COLLECTOR,0.397887
paging,q20,1,SORT_PARTITION,1.67881
paging,q20,1,SORT_PARTITION,0.769357
paging,q20,1,SORT_SAMPLE,0.452767
paging,q20,1,SORT_SAMPLE,0.147
paging,q20,2,CONCAT,0.47108400000000006
paging,q20,2,CONCAT,0.95134
paging,q20,2,DYNAMIC_FILTER,6.961456
paging,q20,2,DYNAMIC_FILTER,6.5802879999999995
paging,q20,2,FILTER,0.188375
paging,q20,2,FILTER,0.553575
paging,q20,2,GPU_SCAN,2349.5696759999996
paging,q20,2,GPU_SCAN,2349.927869
paging,q20,2,HASH_GROUP_BY,0.507604
paging,q20,2,HASH_GROUP_BY,0.544453
paging,q20,2,HASH_JOIN,2.798452
paging,q20,2,HASH_JOIN,3.913983
paging,q20,2,LEFT_DELIM_JOIN,0.318056
paging,q20,2,LEFT_DELIM_JOIN,0.565511
paging,q20,2,MERGE_GROUP_BY,0.028187
paging,q20,2,MERGE_GROUP_BY,0.022065
paging,q20,2,MERGE_SORT,0.471438
paging,q20,2,MERGE_SORT,1.049573
paging,q20,2,ORDER_BY,3.243613
paging,q20,2,ORDER_BY,3.203442
paging,q20,2,PARTITION,0.28456800000000004
paging,q20,2,PARTITION,0.265837
paging,q20,2,PROJECTION,0.098761
paging,q20,2,PROJECTION,0.274629
paging,q20,2,RESULT_COLLECTOR,0.500349
paging,q20,2,RESULT_COLLECTOR,0.356953
paging,q20,2,SORT_PARTITION,0.720263
paging,q20,2,SORT_PARTITION,0.523051
paging,q20,2,SORT_SAMPLE,0.164868
paging,q20,2,SORT_SAMPLE,0.263047
paging,q20,3,CONCAT,0.8899170000000001
paging,q20,3,CONCAT,0.7082809999999999
paging,q20,3,DYNAMIC_FILTER,11.358255
paging,q20,3,DYNAMIC_FILTER,7.876782
paging,q20,3,FILTER,0.209985
paging,q20,3,FILTER,0.217052
paging,q20,3,GPU_SCAN,2385.116042
paging,q20,3,GPU_SCAN,2402.255821
paging,q20,3,HASH_GROUP_BY,0.627782
paging,q20,3,HASH_GROUP_BY,0.594407
paging,q20,3,HASH_JOIN,3.744135
paging,q20,3,HASH_JOIN,3.757238
paging,q20,3,LEFT_DELIM_JOIN,0.631299
paging,q20,3,LEFT_DELIM_JOIN,0.576348
paging,q20,3,MERGE_GROUP_BY,0.030865999999999998
paging,q20,3,MERGE_GROUP_BY,0.034631999999999996
paging,q20,3,MERGE_SORT,1.232328
paging,q20,3,MERGE_SORT,1.152911
paging,q20,3,ORDER_BY,3.214142
paging,q20,3,ORDER_BY,3.225475
paging,q20,3,PARTITION,0.350118
paging,q20,3,PARTITION,0.387689
paging,q20,3,PROJECTION,0.108399
paging,q20,3,PROJECTION,0.114589
paging,q20,3,RESULT_COLLECTOR,0.867441
paging,q20,3,RESULT_COLLECTOR,0.49332
paging,q20,3,SORT_PARTITION,0.640925
paging,q20,3,SORT_PARTITION,1.432896
paging,q20,3,SORT_SAMPLE,0.097671
paging,q20,3,SORT_SAMPLE,0.487968
paging,q20,4,CONCAT,0.5894699999999999
paging,q20,4,CONCAT,0.46538900000000005
paging,q20,4,DYNAMIC_FILTER,7.12856
paging,q20,4,DYNAMIC_FILTER,7.128319
paging,q20,4,FILTER,0.201538
paging,q20,4,FILTER,0.190084
paging,q20,4,GPU_SCAN,2375.147505
paging,q20,4,GPU_SCAN,2364.6339139999995
paging,q20,4,HASH_GROUP_BY,0.586699
paging,q20,4,HASH_GROUP_BY,0.493239
paging,q20,4,HASH_JOIN,3.399497
paging,q20,4,HASH_JOIN,3.4957719999999997
paging,q20,4,LEFT_DELIM_JOIN,0.574974
paging,q20,4,LEFT_DELIM_JOIN,0.491135
paging,q20,4,MERGE_GROUP_BY,0.035188
paging,q20,4,MERGE_GROUP_BY,0.07071
paging,q20,4,MERGE_SORT,0.411868
paging,q20,4,MERGE_SORT,0.423413
paging,q20,4,ORDER_BY,3.222991
paging,q20,4,ORDER_BY,3.240927
paging,q20,4,PARTITION,0.246692
paging,q20,4,PARTITION,0.285133
paging,q20,4,PROJECTION,0.09398599999999999
paging,q20,4,PROJECTION,0.08797200000000001
paging,q20,4,RESULT_COLLECTOR,0.666669
paging,q20,4,RESULT_COLLECTOR,0.388713
paging,q20,4,SORT_PARTITION,0.605089
paging,q20,4,SORT_PARTITION,0.844332
paging,q20,4,SORT_SAMPLE,0.145451
paging,q20,4,SORT_SAMPLE,0.331877
paging,q20,5,CONCAT,0.7529760000000002
paging,q20,5,CONCAT,0.607654
paging,q20,5,DYNAMIC_FILTER,8.028724
paging,q20,5,DYNAMIC_FILTER,9.314851
paging,q20,5,FILTER,0.189049
paging,q20,5,FILTER,0.193741
paging,q20,5,GPU_SCAN,2363.6979389999997
paging,q20,5,GPU_SCAN,2356.6961680000004
paging,q20,5,HASH_GROUP_BY,0.582169
paging,q20,5,HASH_GROUP_BY,0.563546
paging,q20,5,HASH_JOIN,2.323994
paging,q20,5,HASH_JOIN,3.455852
paging,q20,5,LEFT_DELIM_JOIN,0.57754
paging,q20,5,LEFT_DELIM_JOIN,0.582097
paging,q20,5,MERGE_GROUP_BY,0.0271
paging,q20,5,MERGE_GROUP_BY,0.035544
paging,q20,5,MERGE_SORT,1.105215
paging,q20,5,MERGE_SORT,1.09949
paging,q20,5,ORDER_BY,3.215349
paging,q20,5,ORDER_BY,3.201033
paging,q20,5,PARTITION,0.33134899999999995
paging,q20,5,PARTITION,0.26602
paging,q20,5,PROJECTION,0.096593
paging,q20,5,PROJECTION,0.10227
paging,q20,5,RESULT_COLLECTOR,0.299245
paging,q20,5,RESULT_COLLECTOR,0.36747
paging,q20,5,SORT_PARTITION,1.332604
paging,q20,5,SORT_PARTITION,1.39375
paging,q20,5,SORT_SAMPLE,0.352243
paging,q20,5,SORT_SAMPLE,0.421048
paging,q21,1,CONCAT,56.323895
paging,q21,1,CONCAT,47.921257000000004
paging,q21,1,DYNAMIC_FILTER,47.948713999999995
paging,q21,1,DYNAMIC_FILTER,39.550765
paging,q21,1,FILTER,49.577797000000004
paging,q21,1,FILTER,38.734949
paging,q21,1,GPU_SCAN,6518.100622999999
paging,q21,1,GPU_SCAN,6391.370639000002
paging,q21,1,HASH_GROUP_BY,27.930145
paging,q21,1,HASH_GROUP_BY,0.519684
paging,q21,1,HASH_JOIN,695.8685509999999
paging,q21,1,HASH_JOIN,626.641079
paging,q21,1,MERGE_GROUP_BY,3.936747
paging,q21,1,MERGE_GROUP_BY,3.328769
paging,q21,1,MERGE_SORT,0.017009
paging,q21,1,MERGE_SORT,0.005856
paging,q21,1,ORDER_BY,5.994794
paging,q21,1,ORDER_BY,1.924302
paging,q21,1,PARTITION,0.4707290000000001
paging,q21,1,PARTITION,0.7323819999999999
paging,q21,1,PROJECTION,0.174421
paging,q21,1,PROJECTION,0.39920400000000006
paging,q21,1,RESULT_COLLECTOR,1.799914
paging,q21,1,RESULT_COLLECTOR,0.605563
paging,q21,1,RIGHT_DELIM_JOIN,19.981043
paging,q21,1,RIGHT_DELIM_JOIN,5.947525000000001
paging,q21,1,SORT_PARTITION,0.005449
paging,q21,1,SORT_PARTITION,0.004858
paging,q21,1,SORT_SAMPLE,0.009312
paging,q21,1,SORT_SAMPLE,0.00812
paging,q21,2,CONCAT,61.694628
paging,q21,2,CONCAT,45.948213
paging,q21,2,DYNAMIC_FILTER,43.057757999999986
paging,q21,2,DYNAMIC_FILTER,43.06765800000001
paging,q21,2,FILTER,43.250587
paging,q21,2,FILTER,46.885059
paging,q21,2,GPU_SCAN,5460.2619939999995
paging,q21,2,GPU_SCAN,5511.697833
paging,q21,2,HASH_GROUP_BY,0.639988
paging,q21,2,HASH_GROUP_BY,0.920848
paging,q21,2,HASH_JOIN,641.601257
paging,q21,2,HASH_JOIN,622.7796820000001
paging,q21,2,MERGE_GROUP_BY,3.225668
paging,q21,2,MERGE_GROUP_BY,3.992877
paging,q21,2,MERGE_SORT,0.251539
paging,q21,2,MERGE_SORT,0.378787
paging,q21,2,ORDER_BY,1.99422
paging,q21,2,ORDER_BY,1.925234
paging,q21,2,PARTITION,0.7592439999999998
paging,q21,2,PARTITION,0.9876280000000001
paging,q21,2,PROJECTION,0.22872
paging,q21,2,PROJECTION,0.570251
paging,q21,2,RESULT_COLLECTOR,0.384583
paging,q21,2,RESULT_COLLECTOR,0.975517
paging,q21,2,RIGHT_DELIM_JOIN,6.041576
paging,q21,2,RIGHT_DELIM_JOIN,8.152649
paging,q21,2,SORT_PARTITION,0.199513
paging,q21,2,SORT_PARTITION,0.208762
paging,q21,2,SORT_SAMPLE,0.081314
paging,q21,2,SORT_SAMPLE,0.088861
paging,q21,3,CONCAT,61.052555000000005
paging,q21,3,CONCAT,53.854462
paging,q21,3,DYNAMIC_FILTER,38.577490999999995
paging,q21,3,DYNAMIC_FILTER,40.512306
paging,q21,3,FILTER,43.47139899999999
paging,q21,3,FILTER,35.685417
paging,q21,3,GPU_SCAN,5300.348499000001
paging,q21,3,GPU_SCAN,5429.325178999999
paging,q21,3,HASH_GROUP_BY,0.689085
paging,q21,3,HASH_GROUP_BY,1.43597
paging,q21,3,HASH_JOIN,667.673916
paging,q21,3,HASH_JOIN,628.232683
paging,q21,3,MERGE_GROUP_BY,3.7128929999999998
paging,q21,3,MERGE_GROUP_BY,3.1601090000000003
paging,q21,3,MERGE_SORT,0.800748
paging,q21,3,MERGE_SORT,0.271638
paging,q21,3,ORDER_BY,1.962226
paging,q21,3,ORDER_BY,1.972383
paging,q21,3,PARTITION,0.7089890000000001
paging,q21,3,PARTITION,0.680014
paging,q21,3,PROJECTION,0.45365900000000003
paging,q21,3,PROJECTION,1.1230689999999999
paging,q21,3,RESULT_COLLECTOR,0.923122
paging,q21,3,RESULT_COLLECTOR,0.376644
paging,q21,3,RIGHT_DELIM_JOIN,6.28895
paging,q21,3,RIGHT_DELIM_JOIN,7.047399
paging,q21,3,SORT_PARTITION,0.19017
paging,q21,3,SORT_PARTITION,0.185906
paging,q21,3,SORT_SAMPLE,0.092243
paging,q21,3,SORT_SAMPLE,0.093506
paging,q21,4,CONCAT,45.663905
paging,q21,4,CONCAT,53.713201
paging,q21,4,DYNAMIC_FILTER,38.61242299999999
paging,q21,4,DYNAMIC_FILTER,38.933457999999995
paging,q21,4,FILTER,47.260612
paging,q21,4,FILTER,82.570784
paging,q21,4,GPU_SCAN,5942.134282
paging,q21,4,GPU_SCAN,6034.904156
paging,q21,4,HASH_GROUP_BY,0.661495
paging,q21,4,HASH_GROUP_BY,0.63901
paging,q21,4,HASH_JOIN,653.782152
paging,q21,4,HASH_JOIN,627.6945750000001
paging,q21,4,MERGE_GROUP_BY,3.9097639999999996
paging,q21,4,MERGE_GROUP_BY,3.917244
paging,q21,4,MERGE_SORT,0.323133
paging,q21,4,MERGE_SORT,0.335597
paging,q21,4,ORDER_BY,1.979497
paging,q21,4,ORDER_BY,1.91052
paging,q21,4,PARTITION,0.807554
paging,q21,4,PARTITION,0.8705219999999999
paging,q21,4,PROJECTION,0.202192
paging,q21,4,PROJECTION,0.24041900000000002
paging,q21,4,RESULT_COLLECTOR,1.093958
paging,q21,4,RESULT_COLLECTOR,0.42442
paging,q21,4,RIGHT_DELIM_JOIN,7.6271640000000005
paging,q21,4,RIGHT_DELIM_JOIN,6.623047999999999
paging,q21,4,SORT_PARTITION,0.215524
paging,q21,4,SORT_PARTITION,0.187431
paging,q21,4,SORT_SAMPLE,0.161653
paging,q21,4,SORT_SAMPLE,0.0802
paging,q21,5,CONCAT,48.896773
paging,q21,5,CONCAT,40.053536
paging,q21,5,DYNAMIC_FILTER,42.404339
paging,q21,5,DYNAMIC_FILTER,40.799786
paging,q21,5,FILTER,43.52951
paging,q21,5,FILTER,49.269208000000006
paging,q21,5,GPU_SCAN,5886.311890999999
paging,q21,5,GPU_SCAN,5910.946436
paging,q21,5,HASH_GROUP_BY,0.678355
paging,q21,5,HASH_GROUP_BY,0.961424
paging,q21,5,HASH_JOIN,626.980387
paging,q21,5,HASH_JOIN,677.642623
paging,q21,5,MERGE_GROUP_BY,3.917256
paging,q21,5,MERGE_GROUP_BY,3.895033
paging,q21,5,MERGE_SORT,0.332541
paging,q21,5,MERGE_SORT,0.2949
paging,q21,5,ORDER_BY,1.96317
paging,q21,5,ORDER_BY,2.043192
paging,q21,5,PARTITION,0.631076
paging,q21,5,PARTITION,0.7600690000000002
paging,q21,5,PROJECTION,0.22970300000000002
paging,q21,5,PROJECTION,0.283144
paging,q21,5,RESULT_COLLECTOR,0.521968
paging,q21,5,RESULT_COLLECTOR,0.9036
paging,q21,5,RIGHT_DELIM_JOIN,6.078558000000001
paging,q21,5,RIGHT_DELIM_JOIN,6.51934
paging,q21,5,SORT_PARTITION,0.190017
paging,q21,5,SORT_PARTITION,0.201613
paging,q21,5,SORT_SAMPLE,0.091631
paging,q21,5,SORT_SAMPLE,0.143988
paging,q22,1,CONCAT,0.08279600000000001
paging,q22,1,CONCAT,0.886296
paging,q22,1,GPU_SCAN,212.78964100000002
paging,q22,1,GPU_SCAN,129.92209700000004
paging,q22,1,HASH_GROUP_BY,0.541337
paging,q22,1,HASH_GROUP_BY,0.464555
paging,q22,1,HASH_JOIN,17.479454
paging,q22,1,HASH_JOIN,15.868677
paging,q22,1,MERGE_AGGREGATE,5.328967
paging,q22,1,MERGE_AGGREGATE,0.053094999999999996
paging,q22,1,MERGE_GROUP_BY,0.025546
paging,q22,1,MERGE_GROUP_BY,0.059894
paging,q22,1,MERGE_SORT,0.006417
paging,q22,1,MERGE_SORT,0.00631
paging,q22,1,NESTED_LOOP_JOIN,5.171227
paging,q22,1,NESTED_LOOP_JOIN,0.524645
paging,q22,1,ORDER_BY,0.205257
paging,q22,1,ORDER_BY,0.598815
paging,q22,1,PARTITION,0.18265599999999999
paging,q22,1,PARTITION,0.234844
paging,q22,1,PROJECTION,4.115588
paging,q22,1,PROJECTION,0.700558
paging,q22,1,RESULT_COLLECTOR,0.100136
paging,q22,1,RESULT_COLLECTOR,0.259201
paging,q22,1,RIGHT_DELIM_JOIN,0.40414
paging,q22,1,RIGHT_DELIM_JOIN,0.357832
paging,q22,1,SORT_PARTITION,0.007525
paging,q22,1,SORT_PARTITION,0.008909
paging,q22,1,SORT_SAMPLE,0.011508
paging,q22,1,SORT_SAMPLE,0.015984
paging,q22,1,UNGROUPED_AGGREGATE,7.9625259999999995
paging,q22,1,UNGROUPED_AGGREGATE,0.308487
paging,q22,2,CONCAT,0.158903
paging,q22,2,CONCAT,0.10105499999999999
paging,q22,2,GPU_SCAN,208.133277
paging,q22,2,GPU_SCAN,208.667857
paging,q22,2,HASH_GROUP_BY,0.632499
paging,q22,2,HASH_GROUP_BY,0.592073
paging,q22,2,HASH_JOIN,17.809417000000003
paging,q22,2,HASH_JOIN,15.82402
paging,q22,2,MERGE_AGGREGATE,0.339503
paging,q22,2,MERGE_AGGREGATE,0.173781
paging,q22,2,MERGE_GROUP_BY,0.021958
paging,q22,2,MERGE_GROUP_BY,0.069308
paging,q22,2,MERGE_SORT,0.008511
paging,q22,2,MERGE_SORT,0.007467
paging,q22,2,NESTED_LOOP_JOIN,1.299757
paging,q22,2,NESTED_LOOP_JOIN,0.557361
paging,q22,2,ORDER_BY,0.189833
paging,q22,2,ORDER_BY,0.686195
paging,q22,2,PARTITION,0.262647
paging,q22,2,PARTITION,0.094966
paging,q22,2,PROJECTION,0.418383
paging,q22,2,PROJECTION,0.39080400000000004
paging,q22,2,RESULT_COLLECTOR,0.146845
paging,q22,2,RESULT_COLLECTOR,0.11052
paging,q22,2,RIGHT_DELIM_JOIN,0.472515
paging,q22,2,RIGHT_DELIM_JOIN,0.40893
paging,q22,2,SORT_PARTITION,0.007521
paging,q22,2,SORT_PARTITION,0.007293
paging,q22,2,SORT_SAMPLE,0.011658
paging,q22,2,SORT_SAMPLE,0.011034
paging,q22,2,UNGROUPED_AGGREGATE,0.47434
paging,q22,2,UNGROUPED_AGGREGATE,0.435218
paging,q22,3,CONCAT,0.068827
paging,q22,3,CONCAT,0.130059
paging,q22,3,GPU_SCAN,205.52056199999998
paging,q22,3,GPU_SCAN,207.383215
paging,q22,3,HASH_GROUP_BY,0.646457
paging,q22,3,HASH_GROUP_BY,0.441363
paging,q22,3,HASH_JOIN,17.907407
paging,q22,3,HASH_JOIN,16.541607
paging,q22,3,MERGE_AGGREGATE,0.108075
paging,q22,3,MERGE_AGGREGATE,0.353642
paging,q22,3,MERGE_GROUP_BY,0.026882
paging,q22,3,MERGE_GROUP_BY,0.021043
paging,q22,3,MERGE_SORT,0.006141
paging,q22,3,MERGE_SORT,0.007526
paging,q22,3,NESTED_LOOP_JOIN,1.183313
paging,q22,3,NESTED_LOOP_JOIN,1.18531
paging,q22,3,ORDER_BY,0.220654
paging,q22,3,ORDER_BY,0.483632
paging,q22,3,PARTITION,0.15403
paging,q22,3,PARTITION,0.199145
paging,q22,3,PROJECTION,0.50061
paging,q22,3,PROJECTION,0.499419
paging,q22,3,RESULT_COLLECTOR,0.082983
paging,q22,3,RESULT_COLLECTOR,0.089439
paging,q22,3,RIGHT_DELIM_JOIN,0.39238
paging,q22,3,RIGHT_DELIM_JOIN,0.404929
paging,q22,3,SORT_PARTITION,0.010114
paging,q22,3,SORT_PARTITION,0.005682
paging,q22,3,SORT_SAMPLE,0.01466
paging,q22,3,SORT_SAMPLE,0.008254
paging,q22,3,UNGROUPED_AGGREGATE,0.307008
paging,q22,3,UNGROUPED_AGGREGATE,0.410288
paging,q22,4,CONCAT,0.08603399999999999
paging,q22,4,CONCAT,0.109286
paging,q22,4,GPU_SCAN,207.593081
paging,q22,4,GPU_SCAN,207.51631700000002
paging,q22,4,HASH_GROUP_BY,0.569095
paging,q22,4,HASH_GROUP_BY,0.514975
paging,q22,4,HASH_JOIN,17.802223
paging,q22,4,HASH_JOIN,16.044004
paging,q22,4,MERGE_AGGREGATE,0.13392199999999999
paging,q22,4,MERGE_AGGREGATE,0.094457
paging,q22,4,MERGE_GROUP_BY,0.01284
paging,q22,4,MERGE_GROUP_BY,0.034448
paging,q22,4,MERGE_SORT,0.008425
paging,q22,4,MERGE_SORT,0.005952
paging,q22,4,NESTED_LOOP_JOIN,0.58773
paging,q22,4,NESTED_LOOP_JOIN,1.215354
paging,q22,4,ORDER_BY,0.189407
paging,q22,4,ORDER_BY,0.169692
paging,q22,4,PARTITION,0.07532900000000001
paging,q22,4,PARTITION,0.086511
paging,q22,4,PROJECTION,0.40926700000000005
paging,q22,4,PROJECTION,0.46004599999999995
paging,q22,4,RESULT_COLLECTOR,0.105999
paging,q22,4,RESULT_COLLECTOR,0.08697
paging,q22,4,RIGHT_DELIM_JOIN,0.429034
paging,q22,4,RIGHT_DELIM_JOIN,0.473748
paging,q22,4,SORT_PARTITION,0.006303
paging,q22,4,SORT_PARTITION,0.005559
paging,q22,4,SORT_SAMPLE,0.010804
paging,q22,4,SORT_SAMPLE,0.008146
paging,q22,4,UNGROUPED_AGGREGATE,0.375865
paging,q22,4,UNGROUPED_AGGREGATE,0.847459
paging,q22,5,CONCAT,0.126888
paging,q22,5,CONCAT,0.156339
paging,q22,5,GPU_SCAN,204.35081599999998
paging,q22,5,GPU_SCAN,205.438099
paging,q22,5,HASH_GROUP_BY,0.401219
paging,q22,5,HASH_GROUP_BY,0.515068
paging,q22,5,HASH_JOIN,17.426582
paging,q22,5,HASH_JOIN,15.957769
paging,q22,5,MERGE_AGGREGATE,0.12162099999999999
paging,q22,5,MERGE_AGGREGATE,0.339362
paging,q22,5,MERGE_GROUP_BY,0.038834
paging,q22,5,MERGE_GROUP_BY,0.0408
paging,q22,5,MERGE_SORT,0.005774
paging,q22,5,MERGE_SORT,0.006079
paging,q22,5,NESTED_LOOP_JOIN,1.098024
paging,q22,5,NESTED_LOOP_JOIN,1.170321
paging,q22,5,ORDER_BY,0.437173
paging,q22,5,ORDER_BY,0.493069
paging,q22,5,PARTITION,0.08187499999999999
paging,q22,5,PARTITION,0.108816
paging,q22,5,PROJECTION,0.730475
paging,q22,5,PROJECTION,0.373652
paging,q22,5,RESULT_COLLECTOR,0.177912
paging,q22,5,RESULT_COLLECTOR,0.161887
paging,q22,5,RIGHT_DELIM_JOIN,0.398112
paging,q22,5,RIGHT_DELIM_JOIN,0.421988
paging,q22,5,SORT_PARTITION,0.005114
paging,q22,5,SORT_PARTITION,0.007511
paging,q22,5,SORT_SAMPLE,0.008685
paging,q22,5,SORT_SAMPLE,0.013683
paging,q22,5,UNGROUPED_AGGREGATE,0.36960400000000004
paging,q22,5,UNGROUPED_AGGREGATE,0.593897
